Month,Pangolin,Count
2019-12,A,2
2019-12,B,17
2019-12,unclassifiable,1
2020-01,A,76
2020-01,A.6,2
2020-01,B,122
2020-01,B.1,17
2020-01,B.4,3
2020-01,B.42,1
2020-01,A.5,7
2020-01,B.1.2,8
2020-01,B.1.258,1
2020-01,B.1.36.16,1
2020-01,BA.1,51
2020-01,BA.1.1,9
2020-01,BA.1.1.1,2
2020-01,BA.1.15,1
2020-01,BA.1.15.3,1
2020-01,BA.1.17.2,1
2020-01,BA.1.18,1
2020-01,BA.1.5,1
2020-01,BC.2,1
2020-01,B.55,1
2020-01,B.1.177,5
2020-01,B.1.177.11,1
2020-01,JN.1,1
2020-01,JN.1.4,1
2020-01,unclassifiable,1
2020-02,A,68
2020-02,A.1,72
2020-02,A.2,4
2020-02,A.5,1
2020-02,A.6,3
2020-02,B,323
2020-02,B.1,80
2020-02,B.1.1,31
2020-02,B.1.1.33,2
2020-02,B.1.1.61,2
2020-02,B.1.356,1
2020-02,B.1.36,2
2020-02,B.1.456,1
2020-02,B.1.468,2
2020-02,B.1.492,2
2020-02,B.11,2
2020-02,B.3,12
2020-02,B.4,31
2020-02,B.41,6
2020-02,B.42,7
2020-02,B.43,37
2020-02,B.5,15
2020-02,B.55,7
2020-02,unclassifiable,12
2020-02,B.1.2,2
2020-02,B.1.91,2
2020-02,B.33,8
2020-02,B.61,4
2020-02,R.1,4
2020-02,BA.1,3
2020-02,B.23,1
2020-02,B.29,3
2020-02,B.39,1
2020-02,B.40,17
2020-02,B.1.1.142,6
2020-02,B.1.1.323,1
2020-02,B.1.157,1
2020-02,B.1.76,1
2020-02,B.1.1.286,2
2020-02,B.1.1.311,1
2020-02,B.1.14,2
2020-02,B.1.177,8
2020-02,B.1.223,1
2020-02,BA.4.6,1
2020-03,A,460
2020-03,A.1,2131
2020-03,A.11,4
2020-03,A.2,116
2020-03,A.2.2,76
2020-03,A.3,111
2020-03,A.4,20
2020-03,A.5,70
2020-03,A.6,115
2020-03,B,1498
2020-03,B.1,11468
2020-03,B.1.1,3644
2020-03,B.1.1.1,212
2020-03,B.1.1.10,144
2020-03,B.1.1.113,13
2020-03,B.1.1.132,1
2020-03,B.1.1.142,246
2020-03,B.1.1.16,1
2020-03,B.1.1.164,43
2020-03,B.1.1.214,2
2020-03,B.1.1.231,3
2020-03,B.1.1.254,2
2020-03,B.1.1.257,49
2020-03,B.1.1.28,3
2020-03,B.1.1.323,45
2020-03,B.1.1.33,38
2020-03,B.1.1.369,298
2020-03,B.1.1.372,278
2020-03,B.1.1.406,1
2020-03,B.1.1.416,1
2020-03,B.1.1.487,3
2020-03,B.1.1.513,2
2020-03,B.1.1.61,10
2020-03,B.1.1.67,1
2020-03,B.1.1.71,26
2020-03,B.1.1.75,4
2020-03,B.1.1.8,43
2020-03,B.1.1.89,30
2020-03,B.1.104,36
2020-03,B.1.108,24
2020-03,B.1.110,65
2020-03,B.1.110.3,6
2020-03,B.1.111,6
2020-03,B.1.116,1
2020-03,B.1.119,37
2020-03,B.1.12,6
2020-03,B.1.124,5
2020-03,B.1.13,208
2020-03,B.1.151,18
2020-03,B.1.157,48
2020-03,B.1.162,19
2020-03,B.1.163,3
2020-03,B.1.166,54
2020-03,B.1.169,1
2020-03,B.1.170,1
2020-03,B.1.177,5
2020-03,B.1.178,10
2020-03,B.1.182,2
2020-03,B.1.187,2
2020-03,B.1.190,56
2020-03,B.1.199,4
2020-03,B.1.2,11
2020-03,B.1.201,20
2020-03,B.1.205,1
2020-03,B.1.211,5
2020-03,B.1.215,19
2020-03,B.1.22,38
2020-03,B.1.220,9
2020-03,B.1.223,39
2020-03,B.1.23,73
2020-03,B.1.240,1
2020-03,B.1.243,3
2020-03,B.1.245,1
2020-03,B.1.260,3
2020-03,B.1.263,1
2020-03,B.1.264,17
2020-03,B.1.265,1
2020-03,B.1.267,8
2020-03,B.1.268,6
2020-03,B.1.276,1
2020-03,B.1.284,2
2020-03,B.1.293,2
2020-03,B.1.302,8
2020-03,B.1.311,1
2020-03,B.1.314,67
2020-03,B.1.319,56
2020-03,B.1.320,242
2020-03,B.1.323,6
2020-03,B.1.324,6
2020-03,B.1.330,4
2020-03,B.1.332,66
2020-03,B.1.333,5
2020-03,B.1.334,4
2020-03,B.1.336,14
2020-03,B.1.338,2
2020-03,B.1.344,10
2020-03,B.1.350,2
2020-03,B.1.354,1
2020-03,B.1.356,93
2020-03,B.1.359,3
2020-03,B.1.36,1
2020-03,B.1.360,46
2020-03,B.1.369,102
2020-03,B.1.37,40
2020-03,B.1.370,13
2020-03,B.1.371,301
2020-03,B.1.378,18
2020-03,B.1.38,16
2020-03,B.1.383,36
2020-03,B.1.384,4
2020-03,B.1.390,2
2020-03,B.1.391,177
2020-03,B.1.413,35
2020-03,B.1.415,4
2020-03,B.1.424,1
2020-03,B.1.428,7
2020-03,B.1.434,1
2020-03,B.1.439,20
2020-03,B.1.441,10
2020-03,B.1.442,4
2020-03,B.1.446,4
2020-03,B.1.450,14
2020-03,B.1.453,3
2020-03,B.1.471,1
2020-03,B.1.479,2
2020-03,B.1.483,6
2020-03,B.1.494,1
2020-03,B.1.499,1
2020-03,B.1.507,9
2020-03,B.1.510,6
2020-03,B.1.518,9
2020-03,B.1.521,2
2020-03,B.1.533,4
2020-03,B.1.547,1
2020-03,B.1.552,5
2020-03,B.1.566,3
2020-03,B.1.576,1
2020-03,B.1.578,1
2020-03,B.1.586,7
2020-03,B.1.589,4
2020-03,B.1.590,2
2020-03,B.1.595,134
2020-03,B.1.597,1
2020-03,B.1.6,5
2020-03,B.1.609,7
2020-03,B.1.78,15
2020-03,B.1.8,107
2020-03,B.1.9,14
2020-03,B.1.9.5,1
2020-03,B.1.91,74
2020-03,B.11,83
2020-03,B.12,14
2020-03,B.20,1
2020-03,B.23,186
2020-03,B.27,39
2020-03,B.28,81
2020-03,B.29,131
2020-03,B.3,460
2020-03,B.3.1,298
2020-03,B.30,16
2020-03,B.31,187
2020-03,B.33,404
2020-03,B.35,56
2020-03,B.37,4
2020-03,B.38,2
2020-03,B.39,237
2020-03,B.4,102
2020-03,B.4.1,1
2020-03,B.4.4,28
2020-03,B.4.5,31
2020-03,B.4.7,6
2020-03,B.40,1446
2020-03,B.43,1
2020-03,B.46,1
2020-03,B.51,9
2020-03,B.53,1
2020-03,B.55,155
2020-03,B.57,21
2020-03,B.58,51
2020-03,B.6,115
2020-03,B.6.3,1
2020-03,B.6.6,7
2020-03,B.61,91
2020-03,C.36,3
2020-03,D.2,1
2020-03,N.1,3
2020-03,unclassifiable,241
2020-03,B.1.1.378,5
2020-03,B.1.1.519,1
2020-03,B.1.1.7,8
2020-03,B.1.105,18
2020-03,B.1.128,47
2020-03,B.1.147,34
2020-03,B.1.289,1
2020-03,B.1.545,34
2020-03,B.1.93,135
2020-03,B.52,42
2020-03,C.14,1
2020-03,A.2.3,43
2020-03,A.26,1
2020-03,B.1.1.13,4
2020-03,B.1.1.135,2
2020-03,B.1.1.162,22
2020-03,B.1.1.166,6
2020-03,B.1.1.168,1
2020-03,B.1.1.17,50
2020-03,B.1.1.171,3
2020-03,B.1.1.174,2
2020-03,B.1.1.208,1
2020-03,B.1.1.213,5
2020-03,B.1.1.220,11
2020-03,B.1.1.25,1
2020-03,B.1.1.270,11
2020-03,B.1.1.277,20
2020-03,B.1.1.279,16
2020-03,B.1.1.3,4
2020-03,B.1.1.41,8
2020-03,B.1.1.419,28
2020-03,B.1.1.43,4
2020-03,B.1.1.440,1
2020-03,B.1.1.482,2
2020-03,B.1.1.5,25
2020-03,B.1.1.51,3
2020-03,B.1.1.83,25
2020-03,B.1.142,21
2020-03,B.1.153,20
2020-03,B.1.167,2
2020-03,B.1.222,46
2020-03,B.1.229,4
2020-03,B.1.248,2
2020-03,B.1.252,4
2020-03,B.1.256,5
2020-03,B.1.258,3
2020-03,B.1.277,7
2020-03,B.1.321,3
2020-03,B.1.379,27
2020-03,B.1.39,3
2020-03,B.1.395,37
2020-03,B.1.40,3
2020-03,B.1.431,1
2020-03,B.1.465,20
2020-03,B.1.468,1
2020-03,B.1.513,3
2020-03,B.1.564,3
2020-03,B.1.69,4
2020-03,B.1.70,1
2020-03,B.1.76,27
2020-03,B.1.81,2
2020-03,B.1.97,1
2020-03,B.10,84
2020-03,B.18,4
2020-03,B.26,19
2020-03,B.32,6
2020-03,B.34,44
2020-03,B.45,70
2020-03,B.47,37
2020-03,AY.36,1
2020-03,B.1.1.282,1
2020-03,B.1.110.1,1
2020-03,B.1.126,5
2020-03,B.1.308,1
2020-03,B.1.382,36
2020-03,B.1.476,1
2020-03,B.1.535,2
2020-03,B.1.555,12
2020-03,B.1.577,4
2020-03,BA.5.1.10,1
2020-03,B.1.1.192,2
2020-03,B.1.159,4
2020-03,B.1.195,5
2020-03,B.1.208,1
2020-03,B.1.273,32
2020-03,B.1.36.8,2
2020-03,B.1.367,1
2020-03,AY.29,1
2020-03,B.1.315,5
2020-03,B.1.351,1
2020-03,B.1.429,2
2020-03,B.1.517,4
2020-03,P.1,2
2020-03,Q.4,1
2020-03,R.1,1
2020-03,B.1.1.121,2
2020-03,B.1.1.198,4
2020-03,B.1.1.275,3
2020-03,B.1.117,1
2020-03,B.1.14,2
2020-03,B.1.227,3
2020-03,B.1.250,11
2020-03,B.15,32
2020-03,B.60,33
2020-03,B.1.1.101,3
2020-03,B.1.1.137,21
2020-03,B.1.1.154,1
2020-03,B.1.1.194,12
2020-03,B.1.1.210,1
2020-03,B.1.1.296,12
2020-03,B.1.177.20,1
2020-03,B.1.219,1
2020-03,B.1.343,1
2020-03,B.1.607,1
2020-03,B.1.9.1,1
2020-03,B.1.1.114,1
2020-03,B.1.1.122,1
2020-03,B.1.1.134,1
2020-03,B.1.1.190,7
2020-03,B.1.1.249,1
2020-03,B.1.1.261,1
2020-03,B.1.1.289,48
2020-03,B.1.1.339,9
2020-03,B.1.1.363,2
2020-03,B.1.1.366,1
2020-03,B.1.1.49,7
2020-03,B.1.1.74,2
2020-03,B.1.120,3
2020-03,B.1.280,1
2020-03,B.1.35,21
2020-03,B.1.422,1
2020-03,B.1.44,7
2020-03,B.1.489,3
2020-03,B.1.559,1
2020-03,B.1.572,1
2020-03,B.1.67,9
2020-03,B.56,1
2020-03,P.2,1
2020-04,A,157
2020-04,A.1,575
2020-04,A.12,5
2020-04,A.2,48
2020-04,A.2.2,145
2020-04,A.3,84
2020-04,A.4,11
2020-04,A.5,32
2020-04,B,697
2020-04,B.1,11724
2020-04,B.1.1,6882
2020-04,B.1.1.1,341
2020-04,B.1.1.10,314
2020-04,B.1.1.132,10
2020-04,B.1.1.161,11
2020-04,B.1.1.172,48
2020-04,B.1.1.175,3
2020-04,B.1.1.185,5
2020-04,B.1.1.189,6
2020-04,B.1.1.198,24
2020-04,B.1.1.222,10
2020-04,B.1.1.231,10
2020-04,B.1.1.244,4
2020-04,B.1.1.25,16
2020-04,B.1.1.257,25
2020-04,B.1.1.26,26
2020-04,B.1.1.274,25
2020-04,B.1.1.283,1
2020-04,B.1.1.291,1
2020-04,B.1.1.3,66
2020-04,B.1.1.306,2
2020-04,B.1.1.317,6
2020-04,B.1.1.319,1
2020-04,B.1.1.33,43
2020-04,B.1.1.335,1
2020-04,B.1.1.369,646
2020-04,B.1.1.409,4
2020-04,B.1.1.41,31
2020-04,B.1.1.48,26
2020-04,B.1.1.57,3
2020-04,B.1.1.61,43
2020-04,B.1.1.67,2
2020-04,B.1.1.7,6
2020-04,B.1.1.70,18
2020-04,B.1.1.71,38
2020-04,B.1.1.8,124
2020-04,B.1.103,38
2020-04,B.1.104,136
2020-04,B.1.105,53
2020-04,B.1.106,1
2020-04,B.1.108,14
2020-04,B.1.110,101
2020-04,B.1.110.1,1
2020-04,B.1.110.3,26
2020-04,B.1.111,22
2020-04,B.1.112,86
2020-04,B.1.119,8
2020-04,B.1.124,46
2020-04,B.1.13,176
2020-04,B.1.139,16
2020-04,B.1.14,54
2020-04,B.1.145,5
2020-04,B.1.147,40
2020-04,B.1.153,18
2020-04,B.1.157,70
2020-04,B.1.162,39
2020-04,B.1.166,39
2020-04,B.1.177,1
2020-04,B.1.187,23
2020-04,B.1.189,8
2020-04,B.1.190,28
2020-04,B.1.195,5
2020-04,B.1.199,35
2020-04,B.1.2,36
2020-04,B.1.201,152
2020-04,B.1.210,12
2020-04,B.1.22,68
2020-04,B.1.220,22
2020-04,B.1.225,36
2020-04,B.1.23,57
2020-04,B.1.241,26
2020-04,B.1.243,120
2020-04,B.1.245,11
2020-04,B.1.260,62
2020-04,B.1.264,58
2020-04,B.1.267,5
2020-04,B.1.268,88
2020-04,B.1.276,9
2020-04,B.1.293,3
2020-04,B.1.301,37
2020-04,B.1.302,4
2020-04,B.1.311,11
2020-04,B.1.314,44
2020-04,B.1.315,83
2020-04,B.1.319,80
2020-04,B.1.320,350
2020-04,B.1.323,17
2020-04,B.1.324,4
2020-04,B.1.330,19
2020-04,B.1.332,84
2020-04,B.1.333,3
2020-04,B.1.334,5
2020-04,B.1.336,10
2020-04,B.1.338,7
2020-04,B.1.341,2
2020-04,B.1.343,1
2020-04,B.1.344,17
2020-04,B.1.350,2
2020-04,B.1.356,99
2020-04,B.1.359,6
2020-04,B.1.36,32
2020-04,B.1.36.10,2
2020-04,B.1.36.8,20
2020-04,B.1.36.9,1
2020-04,B.1.360,30
2020-04,B.1.366,1
2020-04,B.1.369,110
2020-04,B.1.37,13
2020-04,B.1.370,33
2020-04,B.1.371,276
2020-04,B.1.378,3
2020-04,B.1.379,32
2020-04,B.1.38,12
2020-04,B.1.382,15
2020-04,B.1.384,187
2020-04,B.1.390,22
2020-04,B.1.391,392
2020-04,B.1.397,9
2020-04,B.1.398,1
2020-04,B.1.399,1
2020-04,B.1.400,7
2020-04,B.1.405,2
2020-04,B.1.413,34
2020-04,B.1.415,5
2020-04,B.1.424,1
2020-04,B.1.426,62
2020-04,B.1.435,23
2020-04,B.1.439,12
2020-04,B.1.442,11
2020-04,B.1.450,5
2020-04,B.1.451,1
2020-04,B.1.453,14
2020-04,B.1.468,4
2020-04,B.1.471,10
2020-04,B.1.473,9
2020-04,B.1.479,3
2020-04,B.1.485,66
2020-04,B.1.492,82
2020-04,B.1.493,15
2020-04,B.1.494,18
2020-04,B.1.498,3
2020-04,B.1.501,1
2020-04,B.1.503,34
2020-04,B.1.507,9
2020-04,B.1.509,1
2020-04,B.1.515,18
2020-04,B.1.520,3
2020-04,B.1.521,6
2020-04,B.1.523,1
2020-04,B.1.528,1
2020-04,B.1.533,9
2020-04,B.1.552,30
2020-04,B.1.558,5
2020-04,B.1.564,3
2020-04,B.1.576,1
2020-04,B.1.578,2
2020-04,B.1.586,1
2020-04,B.1.595,144
2020-04,B.1.595.4,7
2020-04,B.1.596,4
2020-04,B.1.609,83
2020-04,B.1.78,26
2020-04,B.1.8,64
2020-04,B.1.9,21
2020-04,B.1.9.2,1
2020-04,B.1.9.5,1
2020-04,B.1.91,54
2020-04,B.1.93,549
2020-04,B.1.96,31
2020-04,B.13,19
2020-04,B.19,25
2020-04,B.20,33
2020-04,B.23,89
2020-04,B.28,93
2020-04,B.29,83
2020-04,B.3,178
2020-04,B.30,10
2020-04,B.31,61
2020-04,B.33,153
2020-04,B.35,38
2020-04,B.37,1
2020-04,B.39,133
2020-04,B.4,23
2020-04,B.4.5,40
2020-04,B.4.6,1
2020-04,B.40,698
2020-04,B.46,31
2020-04,B.51,10
2020-04,B.55,17
2020-04,B.58,14
2020-04,B.6,91
2020-04,B.6.6,3
2020-04,C.14,9
2020-04,C.35,1
2020-04,D.2,1
2020-04,N.1,6
2020-04,unclassifiable,884
2020-04,B.1.1.113,54
2020-04,B.1.1.164,123
2020-04,B.1.1.34,3
2020-04,B.1.1.344,5
2020-04,B.1.1.480,15
2020-04,B.1.1.519,13
2020-04,B.1.1.88,3
2020-04,B.1.1.89,43
2020-04,B.1.1.98,29
2020-04,B.1.163,6
2020-04,B.1.222,308
2020-04,B.1.237,4
2020-04,B.1.239,5
2020-04,B.1.250,36
2020-04,B.1.289,105
2020-04,B.1.313,1
2020-04,B.1.321,13
2020-04,B.1.404,1
2020-04,B.1.422,2
2020-04,B.1.427,1
2020-04,B.1.443,1
2020-04,B.1.445,6
2020-04,B.1.579,23
2020-04,B.1.617,1
2020-04,B.1.637,1
2020-04,B.52,20
2020-04,A.2.3,115
2020-04,A.26,11
2020-04,B.1.1.119,20
2020-04,B.1.1.13,12
2020-04,B.1.1.137,33
2020-04,B.1.1.14,14
2020-04,B.1.1.142,59
2020-04,B.1.1.148,1
2020-04,B.1.1.162,4
2020-04,B.1.1.166,7
2020-04,B.1.1.168,12
2020-04,B.1.1.17,3
2020-04,B.1.1.171,32
2020-04,B.1.1.178,4
2020-04,B.1.1.194,66
2020-04,B.1.1.197,6
2020-04,B.1.1.208,7
2020-04,B.1.1.213,19
2020-04,B.1.1.214,1
2020-04,B.1.1.217,1
2020-04,B.1.1.220,146
2020-04,B.1.1.254,11
2020-04,B.1.1.270,47
2020-04,B.1.1.275,2
2020-04,B.1.1.277,19
2020-04,B.1.1.279,41
2020-04,B.1.1.28,21
2020-04,B.1.1.285,14
2020-04,B.1.1.289,204
2020-04,B.1.1.37,6
2020-04,B.1.1.372,422
2020-04,B.1.1.378,14
2020-04,B.1.1.379,3
2020-04,B.1.1.391,1
2020-04,B.1.1.395,2
2020-04,B.1.1.4,1
2020-04,B.1.1.402,3
2020-04,B.1.1.419,22
2020-04,B.1.1.43,52
2020-04,B.1.1.464,7
2020-04,B.1.1.482,3
2020-04,B.1.1.5,9
2020-04,B.1.1.51,7
2020-04,B.1.1.54,1
2020-04,B.1.1.74,2
2020-04,B.1.1.75,2
2020-04,B.1.1.83,163
2020-04,B.1.110.2,6
2020-04,B.1.115,1
2020-04,B.1.117,53
2020-04,B.1.12,9
2020-04,B.1.128,27
2020-04,B.1.142,127
2020-04,B.1.151,46
2020-04,B.1.159,4
2020-04,B.1.161,4
2020-04,B.1.167,1
2020-04,B.1.168,8
2020-04,B.1.198,9
2020-04,B.1.215,45
2020-04,B.1.223,96
2020-04,B.1.229,47
2020-04,B.1.232,45
2020-04,B.1.248,18
2020-04,B.1.254,24
2020-04,B.1.256,39
2020-04,B.1.258,1
2020-04,B.1.274,1
2020-04,B.1.277,7
2020-04,B.1.346,1
2020-04,B.1.35,81
2020-04,B.1.351,6
2020-04,B.1.39,11
2020-04,B.1.40,35
2020-04,B.1.418,8
2020-04,B.1.428,7
2020-04,B.1.431,16
2020-04,B.1.465,68
2020-04,B.1.466.2,1
2020-04,B.1.504,6
2020-04,B.1.505,2
2020-04,B.1.524,1
2020-04,B.1.535,1
2020-04,B.1.540,1
2020-04,B.1.545,3
2020-04,B.1.557,15
2020-04,B.1.559,35
2020-04,B.1.590,1
2020-04,B.1.69,4
2020-04,B.1.70,23
2020-04,B.1.76,30
2020-04,B.1.81,27
2020-04,B.1.9.1,19
2020-04,B.1.97,29
2020-04,B.10,38
2020-04,B.11,16
2020-04,B.12,5
2020-04,B.26,22
2020-04,B.27,14
2020-04,B.3.1,265
2020-04,B.32,16
2020-04,B.34,5
2020-04,B.36,1
2020-04,B.4.4,3
2020-04,B.4.7,2
2020-04,B.45,116
2020-04,B.47,9
2020-04,B.57,35
2020-04,B.61,31
2020-04,C.36,5
2020-04,A.6,5
2020-04,B.1.1.282,6
2020-04,B.1.1.487,7
2020-04,B.1.219,2
2020-04,B.1.310,2
2020-04,B.1.36.16,3
2020-04,B.1.383,42
2020-04,B.1.403,1
2020-04,B.1.428.2,1
2020-04,B.1.462,4
2020-04,B.1.589,1
2020-04,B.1.6,5
2020-04,L.2,13
2020-04,N.4,7
2020-04,N.6,3
2020-04,B.1.1.323,18
2020-04,B.1.178,1
2020-04,B.1.211,2
2020-04,B.1.273,52
2020-04,B.1.518,17
2020-04,BA.2.10,1
2020-04,P.1,2
2020-04,B.1.1.383,2
2020-04,B.1.1.40,8
2020-04,B.1.1.459,22
2020-04,B.1.381,11
2020-04,B.1.429,1
2020-04,B.1.517,6
2020-04,B.1.1.262,1
2020-04,B.1.1.462,2
2020-04,B.1.252,86
2020-04,B.1.555,9
2020-04,B.1.572,2
2020-04,B.60,45
2020-04,A.11,1
2020-04,B.1.1.122,2
2020-04,B.1.1.134,34
2020-04,B.1.1.154,16
2020-04,B.1.1.174,1
2020-04,B.1.1.192,2
2020-04,B.1.1.210,4
2020-04,B.1.1.273,1
2020-04,B.1.1.296,39
2020-04,B.1.1.412,1
2020-04,B.1.1.55,9
2020-04,B.1.1.59,1
2020-04,B.1.1.82,18
2020-04,B.1.1.99,3
2020-04,B.1.116,1
2020-04,B.1.308,3
2020-04,B.1.395,47
2020-04,B.1.446,1
2020-04,B.1.491,2
2020-04,B.1.607,13
2020-04,B.15,17
2020-04,B.41,1
2020-04,C.27,5
2020-04,B.1.1.112,1
2020-04,B.1.1.114,12
2020-04,B.1.1.121,1
2020-04,B.1.1.16,11
2020-04,B.1.1.190,5
2020-04,B.1.1.200,1
2020-04,B.1.1.249,8
2020-04,B.1.1.256,1
2020-04,B.1.1.261,2
2020-04,B.1.1.29,21
2020-04,B.1.1.294,5
2020-04,B.1.1.339,3
2020-04,B.1.1.360,31
2020-04,B.1.1.363,51
2020-04,B.1.1.398,1
2020-04,B.1.1.44,1
2020-04,B.1.1.49,22
2020-04,B.1.1.514,1
2020-04,B.1.1.518,1
2020-04,B.1.1.95,1
2020-04,B.1.120,31
2020-04,B.1.126,1
2020-04,B.1.143,1
2020-04,B.1.212,1
2020-04,B.1.227,1
2020-04,B.1.231,3
2020-04,B.1.234,1
2020-04,B.1.240,1
2020-04,B.1.249,2
2020-04,B.1.337,1
2020-04,B.1.44,89
2020-04,B.1.489,18
2020-04,B.1.565,3
2020-04,B.1.67,10
2020-04,B.18,8
2020-04,N.8,1
2020-04,N.9,1
2020-04,XBB.1.5,2
2020-04,XBB.1.5.8,1
2020-05,A,64
2020-05,A.1,183
2020-05,A.11,4
2020-05,A.2,12
2020-05,A.2.2,4
2020-05,A.3,24
2020-05,A.5,8
2020-05,AY.121,5
2020-05,B,134
2020-05,B.1,5130
2020-05,B.1.1,3003
2020-05,B.1.1.1,232
2020-05,B.1.1.10,79
2020-05,B.1.1.110,1
2020-05,B.1.1.132,39
2020-05,B.1.1.161,14
2020-05,B.1.1.172,2
2020-05,B.1.1.174,21
2020-05,B.1.1.175,2
2020-05,B.1.1.192,1
2020-05,B.1.1.205,8
2020-05,B.1.1.219,171
2020-05,B.1.1.222,11
2020-05,B.1.1.230,2
2020-05,B.1.1.231,11
2020-05,B.1.1.25,61
2020-05,B.1.1.254,1
2020-05,B.1.1.26,79
2020-05,B.1.1.274,7
2020-05,B.1.1.277,9
2020-05,B.1.1.284,2
2020-05,B.1.1.285,5
2020-05,B.1.1.290,14
2020-05,B.1.1.291,245
2020-05,B.1.1.3,60
2020-05,B.1.1.304,10
2020-05,B.1.1.306,11
2020-05,B.1.1.33,36
2020-05,B.1.1.376,4
2020-05,B.1.1.381,1
2020-05,B.1.1.404,1
2020-05,B.1.1.423,2
2020-05,B.1.1.424,1
2020-05,B.1.1.426,1
2020-05,B.1.1.440,1
2020-05,B.1.1.464,22
2020-05,B.1.1.48,3
2020-05,B.1.1.485,5
2020-05,B.1.1.514,5
2020-05,B.1.1.61,12
2020-05,B.1.1.70,10
2020-05,B.1.1.77,3
2020-05,B.1.1.8,20
2020-05,B.1.103,18
2020-05,B.1.104,12
2020-05,B.1.105,22
2020-05,B.1.106,12
2020-05,B.1.108,13
2020-05,B.1.110,16
2020-05,B.1.110.3,9
2020-05,B.1.111,6
2020-05,B.1.112,26
2020-05,B.1.116,4
2020-05,B.1.117,18
2020-05,B.1.124,54
2020-05,B.1.126,15
2020-05,B.1.137,4
2020-05,B.1.139,20
2020-05,B.1.14,1
2020-05,B.1.143,11
2020-05,B.1.145,1
2020-05,B.1.157,5
2020-05,B.1.162,17
2020-05,B.1.164,3
2020-05,B.1.166,23
2020-05,B.1.170,3
2020-05,B.1.181,2
2020-05,B.1.187,2
2020-05,B.1.199,29
2020-05,B.1.2,47
2020-05,B.1.201,95
2020-05,B.1.205,2
2020-05,B.1.210,17
2020-05,B.1.213,25
2020-05,B.1.223,21
2020-05,B.1.225,110
2020-05,B.1.239,8
2020-05,B.1.241,24
2020-05,B.1.243,197
2020-05,B.1.245,10
2020-05,B.1.247,8
2020-05,B.1.260,17
2020-05,B.1.264,3
2020-05,B.1.267,3
2020-05,B.1.268,2
2020-05,B.1.274,30
2020-05,B.1.276,1
2020-05,B.1.301,103
2020-05,B.1.302,6
2020-05,B.1.311,30
2020-05,B.1.314,5
2020-05,B.1.319,28
2020-05,B.1.320,104
2020-05,B.1.323,29
2020-05,B.1.324,9
2020-05,B.1.328,29
2020-05,B.1.330,49
2020-05,B.1.332,12
2020-05,B.1.333,8
2020-05,B.1.334,3
2020-05,B.1.336,19
2020-05,B.1.338,91
2020-05,B.1.340,4
2020-05,B.1.341,10
2020-05,B.1.344,16
2020-05,B.1.355,1
2020-05,B.1.36,35
2020-05,B.1.36.10,2
2020-05,B.1.36.16,8
2020-05,B.1.36.8,49
2020-05,B.1.360,8
2020-05,B.1.366,62
2020-05,B.1.369,212
2020-05,B.1.37,11
2020-05,B.1.370,25
2020-05,B.1.371,105
2020-05,B.1.384,82
2020-05,B.1.390,49
2020-05,B.1.391,95
2020-05,B.1.395,7
2020-05,B.1.397,13
2020-05,B.1.399,19
2020-05,B.1.400,11
2020-05,B.1.413,34
2020-05,B.1.415,3
2020-05,B.1.425,28
2020-05,B.1.426,266
2020-05,B.1.428,2
2020-05,B.1.434,1
2020-05,B.1.435,41
2020-05,B.1.439,38
2020-05,B.1.441,1
2020-05,B.1.442,10
2020-05,B.1.444,2
2020-05,B.1.451,4
2020-05,B.1.452,22
2020-05,B.1.453,52
2020-05,B.1.465,49
2020-05,B.1.468,5
2020-05,B.1.473,39
2020-05,B.1.485,2
2020-05,B.1.492,55
2020-05,B.1.494,6
2020-05,B.1.495,3
2020-05,B.1.496,14
2020-05,B.1.498,1
2020-05,B.1.503,73
2020-05,B.1.507,14
2020-05,B.1.508,25
2020-05,B.1.509,5
2020-05,B.1.513,3
2020-05,B.1.515,42
2020-05,B.1.521,23
2020-05,B.1.523,1
2020-05,B.1.533,7
2020-05,B.1.554,6
2020-05,B.1.558,15
2020-05,B.1.578,3
2020-05,B.1.586,4
2020-05,B.1.595,191
2020-05,B.1.595.4,46
2020-05,B.1.599,1
2020-05,B.1.605,3
2020-05,B.1.609,58
2020-05,B.1.8,29
2020-05,B.1.9.2,4
2020-05,B.1.9.5,1
2020-05,B.1.93,304
2020-05,B.13,2
2020-05,B.19,1
2020-05,B.20,9
2020-05,B.3,28
2020-05,B.33,20
2020-05,B.4,6
2020-05,B.4.5,9
2020-05,B.4.6,3
2020-05,B.4.7,9
2020-05,B.40,53
2020-05,B.46,15
2020-05,B.6,42
2020-05,B.6.6,6
2020-05,C.13,2
2020-05,C.14,5
2020-05,C.23,4
2020-05,C.25,2
2020-05,D.2,22
2020-05,N.1,5
2020-05,unclassifiable,740
2020-05,B.1.1.113,64
2020-05,B.1.1.147,2
2020-05,B.1.1.189,5
2020-05,B.1.1.228,8
2020-05,B.1.1.41,54
2020-05,B.1.1.432,2
2020-05,B.1.1.46,1
2020-05,B.1.1.480,12
2020-05,B.1.1.519,2
2020-05,B.1.1.63,3
2020-05,B.1.1.71,9
2020-05,B.1.1.98,7
2020-05,B.1.147,7
2020-05,B.1.189,12
2020-05,B.1.240,10
2020-05,B.1.289,169
2020-05,B.1.313,2
2020-05,B.1.405,5
2020-05,B.1.443,3
2020-05,B.1.445,4
2020-05,B.1.516,61
2020-05,B.1.518,69
2020-05,B.1.570,2
2020-05,B.1.572,1
2020-05,B.1.576,12
2020-05,B.1.579,21
2020-05,B.1.94,1
2020-05,B.27,2
2020-05,B.31,11
2020-05,C.28,2
2020-05,A.2.3,20
2020-05,A.4,1
2020-05,A.7,5
2020-05,B.1.1.111,29
2020-05,B.1.1.115,1
2020-05,B.1.1.119,4
2020-05,B.1.1.123,1
2020-05,B.1.1.134,37
2020-05,B.1.1.142,7
2020-05,B.1.1.145,2
2020-05,B.1.1.160,6
2020-05,B.1.1.164,8
2020-05,B.1.1.166,13
2020-05,B.1.1.168,15
2020-05,B.1.1.171,7
2020-05,B.1.1.178,7
2020-05,B.1.1.186,1
2020-05,B.1.1.197,18
2020-05,B.1.1.208,31
2020-05,B.1.1.216,1
2020-05,B.1.1.217,9
2020-05,B.1.1.220,25
2020-05,B.1.1.253,15
2020-05,B.1.1.256,3
2020-05,B.1.1.270,13
2020-05,B.1.1.279,8
2020-05,B.1.1.289,175
2020-05,B.1.1.296,10
2020-05,B.1.1.299,2
2020-05,B.1.1.301,16
2020-05,B.1.1.316,1
2020-05,B.1.1.331,1
2020-05,B.1.1.369,596
2020-05,B.1.1.372,229
2020-05,B.1.1.378,29
2020-05,B.1.1.395,25
2020-05,B.1.1.419,37
2020-05,B.1.1.43,8
2020-05,B.1.1.447,1
2020-05,B.1.1.45,5
2020-05,B.1.1.57,27
2020-05,B.1.1.7,2
2020-05,B.1.1.83,52
2020-05,B.1.1.86,5
2020-05,B.1.1.89,6
2020-05,B.1.1.97,2
2020-05,B.1.12,9
2020-05,B.1.13,14
2020-05,B.1.165,49
2020-05,B.1.167,9
2020-05,B.1.168,29
2020-05,B.1.173,5
2020-05,B.1.179,3
2020-05,B.1.198,5
2020-05,B.1.222,133
2020-05,B.1.229,22
2020-05,B.1.232,34
2020-05,B.1.238,8
2020-05,B.1.252,65
2020-05,B.1.254,7
2020-05,B.1.265,1
2020-05,B.1.3,33
2020-05,B.1.351,1
2020-05,B.1.356,18
2020-05,B.1.36.24,2
2020-05,B.1.378,4
2020-05,B.1.40,7
2020-05,B.1.418,49
2020-05,B.1.431,8
2020-05,B.1.470,2
2020-05,B.1.471,3
2020-05,B.1.491,12
2020-05,B.1.545,6
2020-05,B.1.557,2
2020-05,B.1.560,2
2020-05,B.1.567,1
2020-05,B.1.595.1,1
2020-05,B.1.76,8
2020-05,B.1.77,2
2020-05,B.1.81,3
2020-05,B.1.91,6
2020-05,B.1.97,4
2020-05,B.10,3
2020-05,B.28,16
2020-05,B.29,4
2020-05,B.3.1,50
2020-05,B.35,13
2020-05,B.39,11
2020-05,B.45,24
2020-05,B.52,6
2020-05,C.27,8
2020-05,C.3,6
2020-05,C.36,6
2020-05,AY.103,1
2020-05,AY.117,2
2020-05,AY.122,5
2020-05,AY.124,1
2020-05,AY.129,1
2020-05,AY.4,2
2020-05,AY.43,1
2020-05,AY.84,1
2020-05,B.1.1.28,38
2020-05,B.1.1.282,15
2020-05,B.1.1.34,10
2020-05,B.1.1.463,2
2020-05,B.1.1.484,2
2020-05,B.1.1.487,1
2020-05,B.1.22,134
2020-05,B.1.220,13
2020-05,B.1.315,68
2020-05,B.1.359,9
2020-05,B.1.462,11
2020-05,B.1.467,1
2020-05,B.1.479,10
2020-05,B.1.499,1
2020-05,B.1.617.2,2
2020-05,B.1.78,9
2020-05,B.1.9,6
2020-05,B.1.96,2
2020-05,B.11,2
2020-05,C.26,12
2020-05,N.4,19
2020-05,N.6,14
2020-05,B.1.1.40,8
2020-05,B.1.273,4
2020-05,B.1.381,18
2020-05,B.1.382,2
2020-05,B.1.566,13
2020-05,B.1.1.459,27
2020-05,B.1.128,1
2020-05,B.1.237,4
2020-05,B.1.432,1
2020-05,B.1.517,3
2020-05,B.1.1.101,2
2020-05,B.1.1.148,1
2020-05,B.1.1.194,18
2020-05,B.1.1.210,1
2020-05,B.1.1.226,1
2020-05,B.1.1.255,4
2020-05,B.1.1.262,30
2020-05,B.1.1.356,2
2020-05,B.1.1.448,2
2020-05,B.1.163,1
2020-05,B.1.194,1
2020-05,B.1.206,4
2020-05,B.1.215,27
2020-05,B.1.248,10
2020-05,B.1.249,2
2020-05,B.1.256,14
2020-05,B.1.396,4
2020-05,B.1.546,2
2020-05,B.1.555,2
2020-05,B.1.564,10
2020-05,B.1.582,5
2020-05,B.26,3
2020-05,B.32,5
2020-05,B.55,3
2020-05,B.58,3
2020-05,B.1.1.122,3
2020-05,B.1.1.13,1
2020-05,B.1.1.137,1
2020-05,B.1.1.14,37
2020-05,B.1.1.149,25
2020-05,B.1.1.154,2
2020-05,B.1.1.213,5
2020-05,B.1.1.268,1
2020-05,B.1.1.294,2
2020-05,B.1.1.37,8
2020-05,B.1.1.402,1
2020-05,B.1.1.421,1
2020-05,B.1.1.5,2
2020-05,B.1.1.55,32
2020-05,B.1.151,14
2020-05,B.1.182,1
2020-05,B.1.304,2
2020-05,B.1.308,39
2020-05,B.1.350,2
2020-05,B.1.350.1,6
2020-05,B.1.377,1
2020-05,B.1.44,25
2020-05,B.1.607,3
2020-05,B.1.9.1,12
2020-05,B.23,8
2020-05,B.34,2
2020-05,B.57,1
2020-05,B.61,3
2020-05,B.1.1.107,1
2020-05,B.1.1.114,5
2020-05,B.1.1.125,3
2020-05,B.1.1.190,7
2020-05,B.1.1.237,12
2020-05,B.1.1.249,3
2020-05,B.1.1.29,98
2020-05,B.1.1.310,1
2020-05,B.1.1.323,4
2020-05,B.1.1.360,4
2020-05,B.1.1.363,73
2020-05,B.1.1.366,1
2020-05,B.1.1.379,30
2020-05,B.1.1.38,2
2020-05,B.1.1.382,3
2020-05,B.1.1.383,2
2020-05,B.1.1.49,38
2020-05,B.1.1.518,1
2020-05,B.1.1.62,1
2020-05,B.1.1.82,7
2020-05,B.1.1.95,10
2020-05,B.1.120,93
2020-05,B.1.142,142
2020-05,B.1.153,3
2020-05,B.1.177,2
2020-05,B.1.177.7,1
2020-05,B.1.221,1
2020-05,B.1.231,3
2020-05,B.1.234,4
2020-05,B.1.250,2
2020-05,B.1.277,1
2020-05,B.1.306,1
2020-05,B.1.337,4
2020-05,B.1.35,39
2020-05,B.1.361,1
2020-05,B.1.383,46
2020-05,B.1.429,1
2020-05,B.1.489,10
2020-05,B.1.568,2
2020-05,B.1.595.3,2
2020-05,B.1.602,2
2020-05,B.18,6
2020-05,B.47,1
2020-05,P.2,1
2020-06,A,57
2020-06,A.1,61
2020-06,A.21,1
2020-06,A.25,4
2020-06,A.3,2
2020-06,AE.2,1
2020-06,AE.4,1
2020-06,B,46
2020-06,B.1,2943
2020-06,B.1.1,2221
2020-06,B.1.1.1,281
2020-06,B.1.1.116,3
2020-06,B.1.1.118,13
2020-06,B.1.1.128,12
2020-06,B.1.1.132,2
2020-06,B.1.1.133,2
2020-06,B.1.1.135,65
2020-06,B.1.1.136,31
2020-06,B.1.1.148,6
2020-06,B.1.1.158,21
2020-06,B.1.1.161,21
2020-06,B.1.1.169,2
2020-06,B.1.1.175,2
2020-06,B.1.1.177,4
2020-06,B.1.1.180,23
2020-06,B.1.1.189,3
2020-06,B.1.1.192,9
2020-06,B.1.1.205,5
2020-06,B.1.1.210,10
2020-06,B.1.1.214,4
2020-06,B.1.1.222,14
2020-06,B.1.1.225,26
2020-06,B.1.1.226,17
2020-06,B.1.1.228,26
2020-06,B.1.1.231,22
2020-06,B.1.1.244,5
2020-06,B.1.1.25,159
2020-06,B.1.1.258,16
2020-06,B.1.1.26,71
2020-06,B.1.1.265,2
2020-06,B.1.1.268,12
2020-06,B.1.1.277,9
2020-06,B.1.1.279,155
2020-06,B.1.1.283,1
2020-06,B.1.1.284,17
2020-06,B.1.1.285,6
2020-06,B.1.1.290,29
2020-06,B.1.1.291,593
2020-06,B.1.1.304,6
2020-06,B.1.1.306,5
2020-06,B.1.1.342,1
2020-06,B.1.1.344,20
2020-06,B.1.1.356,9
2020-06,B.1.1.367,7
2020-06,B.1.1.371,3
2020-06,B.1.1.380,4
2020-06,B.1.1.402,4
2020-06,B.1.1.409,4
2020-06,B.1.1.431,1
2020-06,B.1.1.432,5
2020-06,B.1.1.437,4
2020-06,B.1.1.440,6
2020-06,B.1.1.447,2
2020-06,B.1.1.464,22
2020-06,B.1.1.482,6
2020-06,B.1.1.50,2
2020-06,B.1.1.59,137
2020-06,B.1.1.63,5
2020-06,B.1.1.70,19
2020-06,B.1.1.71,2
2020-06,B.1.1.77,10
2020-06,B.1.1.8,14
2020-06,B.1.1.93,6
2020-06,B.1.108,10
2020-06,B.1.110.3,40
2020-06,B.1.112,37
2020-06,B.1.113,60
2020-06,B.1.124,17
2020-06,B.1.126,9
2020-06,B.1.139,112
2020-06,B.1.143,13
2020-06,B.1.145,4
2020-06,B.1.153,1
2020-06,B.1.162,31
2020-06,B.1.163,3
2020-06,B.1.165,16
2020-06,B.1.170,7
2020-06,B.1.181,18
2020-06,B.1.184,10
2020-06,B.1.189,6
2020-06,B.1.194,4
2020-06,B.1.199,1
2020-06,B.1.2,313
2020-06,B.1.201,3
2020-06,B.1.205,1
2020-06,B.1.206,92
2020-06,B.1.210,25
2020-06,B.1.213,6
2020-06,B.1.234,13
2020-06,B.1.239,23
2020-06,B.1.240,108
2020-06,B.1.241,55
2020-06,B.1.243,160
2020-06,B.1.247,25
2020-06,B.1.260,22
2020-06,B.1.265,1
2020-06,B.1.280,6
2020-06,B.1.281,6
2020-06,B.1.287,26
2020-06,B.1.293,11
2020-06,B.1.294,14
2020-06,B.1.3,65
2020-06,B.1.301,19
2020-06,B.1.304,13
2020-06,B.1.305,288
2020-06,B.1.306,23
2020-06,B.1.311,7
2020-06,B.1.313,26
2020-06,B.1.315,11
2020-06,B.1.318,2
2020-06,B.1.319,12
2020-06,B.1.320,75
2020-06,B.1.324,64
2020-06,B.1.325,19
2020-06,B.1.330,36
2020-06,B.1.332,12
2020-06,B.1.335,23
2020-06,B.1.336,28
2020-06,B.1.338,2
2020-06,B.1.340,10
2020-06,B.1.344,4
2020-06,B.1.355,42
2020-06,B.1.359,1
2020-06,B.1.36,111
2020-06,B.1.36.10,15
2020-06,B.1.36.16,4
2020-06,B.1.36.22,2
2020-06,B.1.36.24,1
2020-06,B.1.36.8,98
2020-06,B.1.362,1
2020-06,B.1.366,102
2020-06,B.1.369,394
2020-06,B.1.370,7
2020-06,B.1.371,36
2020-06,B.1.38,2
2020-06,B.1.384,12
2020-06,B.1.385,22
2020-06,B.1.39,1
2020-06,B.1.391,100
2020-06,B.1.396,68
2020-06,B.1.397,12
2020-06,B.1.398,5
2020-06,B.1.399,17
2020-06,B.1.400,25
2020-06,B.1.401,24
2020-06,B.1.402,10
2020-06,B.1.405,3
2020-06,B.1.413,28
2020-06,B.1.415,7
2020-06,B.1.425,45
2020-06,B.1.426,180
2020-06,B.1.428.1,28
2020-06,B.1.435,12
2020-06,B.1.437,12
2020-06,B.1.439,5
2020-06,B.1.443,18
2020-06,B.1.444,2
2020-06,B.1.448,4
2020-06,B.1.450,1
2020-06,B.1.451,41
2020-06,B.1.453,30
2020-06,B.1.456,1
2020-06,B.1.465,37
2020-06,B.1.466,1
2020-06,B.1.468,9
2020-06,B.1.471,11
2020-06,B.1.487,8
2020-06,B.1.495,4
2020-06,B.1.497,4
2020-06,B.1.498,19
2020-06,B.1.501,8
2020-06,B.1.502,1
2020-06,B.1.503,37
2020-06,B.1.507,7
2020-06,B.1.509,44
2020-06,B.1.511,2
2020-06,B.1.513,1
2020-06,B.1.518,7
2020-06,B.1.521,17
2020-06,B.1.523,6
2020-06,B.1.533,5
2020-06,B.1.546,30
2020-06,B.1.554,36
2020-06,B.1.556,12
2020-06,B.1.558,11
2020-06,B.1.560,2
2020-06,B.1.564,52
2020-06,B.1.565,8
2020-06,B.1.567,31
2020-06,B.1.570,2
2020-06,B.1.571,5
2020-06,B.1.572,17
2020-06,B.1.574,34
2020-06,B.1.576,80
2020-06,B.1.577,16
2020-06,B.1.578,3
2020-06,B.1.582,46
2020-06,B.1.589,10
2020-06,B.1.590,15
2020-06,B.1.594,19
2020-06,B.1.595,256
2020-06,B.1.595.1,17
2020-06,B.1.595.4,63
2020-06,B.1.599,1
2020-06,B.1.606,5
2020-06,B.1.609,52
2020-06,B.1.78,1
2020-06,B.1.9.2,2
2020-06,B.4,3
2020-06,B.4.7,1
2020-06,B.6,8
2020-06,C.14,1
2020-06,C.17,1
2020-06,C.23,1
2020-06,C.35,8
2020-06,C.36,11
2020-06,C.4,1
2020-06,D.2,388
2020-06,D.3,34
2020-06,N.1,19
2020-06,unclassifiable,306
2020-06,A.11,1
2020-06,B.1.1.139,2
2020-06,B.1.1.147,11
2020-06,B.1.1.174,16
2020-06,B.1.1.27,1
2020-06,B.1.1.3,2
2020-06,B.1.1.322,1
2020-06,B.1.1.329,1
2020-06,B.1.1.33,47
2020-06,B.1.1.514,12
2020-06,B.1.1.518,3
2020-06,B.1.1.519,3
2020-06,B.1.225,7
2020-06,B.1.232,1
2020-06,B.1.321,1
2020-06,B.1.333,3
2020-06,B.1.404,1
2020-06,B.1.445,8
2020-06,B.1.452,8
2020-06,B.1.516,37
2020-06,B.1.579,3
2020-06,B.1.595.2,1
2020-06,B.1.617,2
2020-06,B.3,7
2020-06,C.28,2
2020-06,A.2,5
2020-06,A.26,7
2020-06,B.1.1.10,17
2020-06,B.1.1.107,7
2020-06,B.1.1.109,22
2020-06,B.1.1.115,12
2020-06,B.1.1.117,2
2020-06,B.1.1.12,25
2020-06,B.1.1.120,27
2020-06,B.1.1.123,46
2020-06,B.1.1.125,70
2020-06,B.1.1.134,14
2020-06,B.1.1.138,5
2020-06,B.1.1.14,5
2020-06,B.1.1.142,3
2020-06,B.1.1.145,15
2020-06,B.1.1.149,36
2020-06,B.1.1.15,15
2020-06,B.1.1.154,1
2020-06,B.1.1.155,12
2020-06,B.1.1.164,4
2020-06,B.1.1.166,1
2020-06,B.1.1.168,8
2020-06,B.1.1.171,71
2020-06,B.1.1.178,6
2020-06,B.1.1.186,1
2020-06,B.1.1.197,1
2020-06,B.1.1.200,94
2020-06,B.1.1.203,16
2020-06,B.1.1.204,3
2020-06,B.1.1.208,39
2020-06,B.1.1.213,10
2020-06,B.1.1.217,111
2020-06,B.1.1.220,18
2020-06,B.1.1.227,24
2020-06,B.1.1.230,1
2020-06,B.1.1.232,3
2020-06,B.1.1.237,45
2020-06,B.1.1.253,129
2020-06,B.1.1.254,5
2020-06,B.1.1.255,20
2020-06,B.1.1.256,64
2020-06,B.1.1.262,22
2020-06,B.1.1.263,2
2020-06,B.1.1.270,19
2020-06,B.1.1.274,3
2020-06,B.1.1.286,3
2020-06,B.1.1.289,110
2020-06,B.1.1.299,51
2020-06,B.1.1.300,68
2020-06,B.1.1.301,328
2020-06,B.1.1.303,9
2020-06,B.1.1.323,1
2020-06,B.1.1.34,16
2020-06,B.1.1.361,18
2020-06,B.1.1.362,2
2020-06,B.1.1.363,46
2020-06,B.1.1.365,99
2020-06,B.1.1.369,343
2020-06,B.1.1.37,387
2020-06,B.1.1.370,2
2020-06,B.1.1.372,113
2020-06,B.1.1.376,12
2020-06,B.1.1.378,8
2020-06,B.1.1.38,12
2020-06,B.1.1.398,3
2020-06,B.1.1.4,185
2020-06,B.1.1.407,1
2020-06,B.1.1.41,37
2020-06,B.1.1.419,9
2020-06,B.1.1.423,2
2020-06,B.1.1.426,8
2020-06,B.1.1.434,2
2020-06,B.1.1.44,21
2020-06,B.1.1.45,50
2020-06,B.1.1.459,20
2020-06,B.1.1.480,2
2020-06,B.1.1.51,152
2020-06,B.1.1.54,1
2020-06,B.1.1.55,38
2020-06,B.1.1.67,19
2020-06,B.1.1.83,5
2020-06,B.1.1.86,21
2020-06,B.1.1.89,35
2020-06,B.1.1.92,29
2020-06,B.1.1.95,37
2020-06,B.1.1.97,3
2020-06,B.1.104,27
2020-06,B.1.106,2
2020-06,B.1.110,5
2020-06,B.1.12,12
2020-06,B.1.13,1
2020-06,B.1.137,1
2020-06,B.1.142,63
2020-06,B.1.157,1
2020-06,B.1.159,19
2020-06,B.1.167,1
2020-06,B.1.173,27
2020-06,B.1.177,9
2020-06,B.1.177.17,1
2020-06,B.1.177.4,1
2020-06,B.1.177.57,3
2020-06,B.1.179,7
2020-06,B.1.208,2
2020-06,B.1.220,11
2020-06,B.1.222,19
2020-06,B.1.223,65
2020-06,B.1.231,14
2020-06,B.1.233,6
2020-06,B.1.235,26
2020-06,B.1.238,45
2020-06,B.1.249,9
2020-06,B.1.251,43
2020-06,B.1.252,5
2020-06,B.1.267,1
2020-06,B.1.268,1
2020-06,B.1.274,2
2020-06,B.1.282,12
2020-06,B.1.289,11
2020-06,B.1.302,4
2020-06,B.1.341,1
2020-06,B.1.343,1
2020-06,B.1.349,7
2020-06,B.1.35,3
2020-06,B.1.350,1
2020-06,B.1.350.1,1
2020-06,B.1.36.12,1
2020-06,B.1.372,3
2020-06,B.1.381,14
2020-06,B.1.383,3
2020-06,B.1.390,6
2020-06,B.1.393,1
2020-06,B.1.407,3
2020-06,B.1.438,2
2020-06,B.1.492,2
2020-06,B.1.493,5
2020-06,B.1.581,4
2020-06,B.1.610,1
2020-06,B.1.76,5
2020-06,B.1.77,20
2020-06,B.1.9,1
2020-06,B.1.91,2
2020-06,B.1.93,23
2020-06,B.1.97,1
2020-06,B.18,3
2020-06,B.23,3
2020-06,B.28,38
2020-06,B.29,2
2020-06,B.3.1,2
2020-06,B.32,1
2020-06,B.33,1
2020-06,B.39,1
2020-06,B.40,10
2020-06,C.1,1
2020-06,C.26,3
2020-06,C.27,37
2020-06,C.3,88
2020-06,N.4,12
2020-06,N.6,1
2020-06,N.8,3
2020-06,W.4,3
2020-06,Z.1,1
2020-06,AY.122,1
2020-06,AY.4.6,1
2020-06,AY.43,1
2020-06,B.1.1.113,5
2020-06,B.1.1.251,1
2020-06,B.1.1.28,120
2020-06,B.1.1.317,1
2020-06,B.1.1.391,1
2020-06,B.1.1.463,4
2020-06,B.1.1.484,3
2020-06,B.1.1.57,21
2020-06,B.1.166,1
2020-06,B.1.309,1
2020-06,B.1.382,4
2020-06,B.1.462,2
2020-06,B.1.467,5
2020-06,B.1.508,3
2020-06,B.1.596,1
2020-06,B.1.617.2,3
2020-06,AY.38,1
2020-06,B.1.1.382,2
2020-06,B.1.346,6
2020-06,B.1.416,2
2020-06,B.1.459,1
2020-06,B.1.597,5
2020-06,B.1.1.40,8
2020-06,B.1.377,14
2020-06,B.1.215,4
2020-06,B.1.229,3
2020-06,B.1.245,2
2020-06,B.1.432,1
2020-06,B.1.520,2
2020-06,B.1.555,2
2020-06,B.1.607,1
2020-06,B.45,2
2020-06,B.1.1.122,1
2020-06,B.1.1.194,2
2020-06,B.1.1.198,2
2020-06,B.1.1.485,1
2020-06,B.1.116,7
2020-06,B.1.128,1
2020-06,B.1.308,53
2020-06,B.1.323,31
2020-06,B.1.354,1
2020-06,B.1.418,14
2020-06,B.1.496,10
2020-06,AY.103,1
2020-06,AY.26,1
2020-06,AY.3,2
2020-06,AY.39,1
2020-06,AY.75,1
2020-06,B.1.1.101,2
2020-06,B.1.1.121,1
2020-06,B.1.1.29,6
2020-06,B.1.1.379,1
2020-06,B.1.1.441,1
2020-06,B.1.120,11
2020-06,B.1.237,3
2020-06,B.1.256,1
2020-06,B.1.378,1
2020-06,B.1.44,2
2020-06,B.1.561,2
2020-06,B.1.637,1
2020-06,N.9,1
2020-07,A,13
2020-07,A.1,9
2020-07,A.3,1
2020-07,AE.7,1
2020-07,B.1,1946
2020-07,B.1.1,917
2020-07,B.1.1.1,165
2020-07,B.1.1.10,16
2020-07,B.1.1.101,2
2020-07,B.1.1.116,7
2020-07,B.1.1.128,35
2020-07,B.1.1.132,11
2020-07,B.1.1.135,76
2020-07,B.1.1.136,4
2020-07,B.1.1.139,9
2020-07,B.1.1.158,20
2020-07,B.1.1.172,2
2020-07,B.1.1.180,34
2020-07,B.1.1.181,22
2020-07,B.1.1.186,11
2020-07,B.1.1.192,52
2020-07,B.1.1.203,2
2020-07,B.1.1.205,6
2020-07,B.1.1.214,17
2020-07,B.1.1.216,3
2020-07,B.1.1.220,27
2020-07,B.1.1.222,14
2020-07,B.1.1.225,74
2020-07,B.1.1.226,3
2020-07,B.1.1.228,104
2020-07,B.1.1.231,34
2020-07,B.1.1.239,2
2020-07,B.1.1.244,13
2020-07,B.1.1.25,129
2020-07,B.1.1.263,3
2020-07,B.1.1.265,1
2020-07,B.1.1.268,4
2020-07,B.1.1.28,63
2020-07,B.1.1.284,91
2020-07,B.1.1.285,20
2020-07,B.1.1.291,113
2020-07,B.1.1.304,43
2020-07,B.1.1.306,11
2020-07,B.1.1.329,2
2020-07,B.1.1.344,7
2020-07,B.1.1.362,13
2020-07,B.1.1.376,48
2020-07,B.1.1.380,16
2020-07,B.1.1.416,8
2020-07,B.1.1.426,2
2020-07,B.1.1.431,1
2020-07,B.1.1.432,14
2020-07,B.1.1.434,3
2020-07,B.1.1.437,14
2020-07,B.1.1.441,6
2020-07,B.1.1.463,7
2020-07,B.1.1.464,72
2020-07,B.1.1.482,11
2020-07,B.1.1.485,9
2020-07,B.1.1.514,8
2020-07,B.1.1.63,43
2020-07,B.1.1.70,85
2020-07,B.1.1.71,2
2020-07,B.1.1.72,2
2020-07,B.1.1.77,4
2020-07,B.1.1.8,13
2020-07,B.1.1.98,2
2020-07,B.1.106,1
2020-07,B.1.108,27
2020-07,B.1.110,4
2020-07,B.1.110.3,57
2020-07,B.1.112,5
2020-07,B.1.126,24
2020-07,B.1.134,2
2020-07,B.1.139,126
2020-07,B.1.143,1
2020-07,B.1.159,1
2020-07,B.1.162,8
2020-07,B.1.165,1
2020-07,B.1.177,26
2020-07,B.1.181,1
2020-07,B.1.184,4
2020-07,B.1.189,22
2020-07,B.1.199,10
2020-07,B.1.2,1337
2020-07,B.1.205,3
2020-07,B.1.206,34
2020-07,B.1.213,9
2020-07,B.1.234,13
2020-07,B.1.239,31
2020-07,B.1.240,653
2020-07,B.1.241,90
2020-07,B.1.243,332
2020-07,B.1.247,3
2020-07,B.1.260,2
2020-07,B.1.265,21
2020-07,B.1.267,24
2020-07,B.1.276,4
2020-07,B.1.280,31
2020-07,B.1.281,3
2020-07,B.1.287,7
2020-07,B.1.293,18
2020-07,B.1.294,13
2020-07,B.1.298,3
2020-07,B.1.3,66
2020-07,B.1.301,19
2020-07,B.1.304,9
2020-07,B.1.305,50
2020-07,B.1.306,11
2020-07,B.1.309,5
2020-07,B.1.313,74
2020-07,B.1.315,13
2020-07,B.1.318,6
2020-07,B.1.320,70
2020-07,B.1.323,36
2020-07,B.1.324,38
2020-07,B.1.325,1
2020-07,B.1.330,4
2020-07,B.1.332,7
2020-07,B.1.334,1
2020-07,B.1.335,2
2020-07,B.1.336,42
2020-07,B.1.337,12
2020-07,B.1.340,40
2020-07,B.1.344,9
2020-07,B.1.346,36
2020-07,B.1.349,15
2020-07,B.1.355,11
2020-07,B.1.36,37
2020-07,B.1.36.1,1
2020-07,B.1.36.10,4
2020-07,B.1.36.16,10
2020-07,B.1.36.8,33
2020-07,B.1.362,1
2020-07,B.1.363,12
2020-07,B.1.366,18
2020-07,B.1.369,548
2020-07,B.1.370,1
2020-07,B.1.371,3
2020-07,B.1.377,9
2020-07,B.1.385,47
2020-07,B.1.396,18
2020-07,B.1.397,26
2020-07,B.1.398,4
2020-07,B.1.399,50
2020-07,B.1.400,24
2020-07,B.1.401,28
2020-07,B.1.402,12
2020-07,B.1.403,4
2020-07,B.1.405,3
2020-07,B.1.413,27
2020-07,B.1.415,12
2020-07,B.1.423,8
2020-07,B.1.425,38
2020-07,B.1.426,36
2020-07,B.1.432,1
2020-07,B.1.435,4
2020-07,B.1.436,2
2020-07,B.1.437,20
2020-07,B.1.439,12
2020-07,B.1.441,3
2020-07,B.1.442,1
2020-07,B.1.443,18
2020-07,B.1.445,12
2020-07,B.1.448,10
2020-07,B.1.451,40
2020-07,B.1.452,12
2020-07,B.1.453,27
2020-07,B.1.465,7
2020-07,B.1.468,2
2020-07,B.1.487,3
2020-07,B.1.493,4
2020-07,B.1.495,2
2020-07,B.1.498,3
2020-07,B.1.502,5
2020-07,B.1.503,191
2020-07,B.1.504,7
2020-07,B.1.507,3
2020-07,B.1.509,233
2020-07,B.1.516,95
2020-07,B.1.518,3
2020-07,B.1.521,12
2020-07,B.1.533,2
2020-07,B.1.546,6
2020-07,B.1.554,27
2020-07,B.1.558,10
2020-07,B.1.564,56
2020-07,B.1.565,30
2020-07,B.1.567,18
2020-07,B.1.570,127
2020-07,B.1.571,9
2020-07,B.1.574,74
2020-07,B.1.576,130
2020-07,B.1.577,11
2020-07,B.1.580,3
2020-07,B.1.582,124
2020-07,B.1.586,1
2020-07,B.1.595,282
2020-07,B.1.595.1,44
2020-07,B.1.595.3,12
2020-07,B.1.596,1
2020-07,B.1.597,15
2020-07,B.1.602,5
2020-07,B.1.606,10
2020-07,B.1.609,40
2020-07,B.1.612,13
2020-07,B.1.9.2,3
2020-07,B.1.9.5,15
2020-07,B.4,6
2020-07,B.6,1
2020-07,C.13,1
2020-07,C.14,4
2020-07,C.32,3
2020-07,C.33,1
2020-07,C.35,33
2020-07,C.36,18
2020-07,C.4,1
2020-07,D.2,5861
2020-07,D.3,58
2020-07,N.1,6
2020-07,unclassifiable,191
2020-07,A.2.5,2
2020-07,AY.25,1
2020-07,AY.25.1,1
2020-07,B,116
2020-07,B.1.1.115,39
2020-07,B.1.1.168,3
2020-07,B.1.1.171,82
2020-07,B.1.1.255,99
2020-07,B.1.1.262,4
2020-07,B.1.1.301,119
2020-07,B.1.1.317,3
2020-07,B.1.1.33,28
2020-07,B.1.1.369,224
2020-07,B.1.1.37,121
2020-07,B.1.1.372,108
2020-07,B.1.1.440,5
2020-07,B.1.1.51,86
2020-07,B.1.1.93,27
2020-07,B.1.201,2
2020-07,B.1.210,4
2020-07,B.1.229,3
2020-07,B.1.233,1
2020-07,B.1.289,6
2020-07,B.1.321,1
2020-07,B.1.404,2
2020-07,B.1.421,1
2020-07,B.1.523,13
2020-07,B.1.556,38
2020-07,B.1.566,4
2020-07,B.1.595.2,11
2020-07,B.40,6
2020-07,L.4,13
2020-07,Q.3,1
2020-07,XB,1
2020-07,A.25,2
2020-07,AD.2,3
2020-07,AE.1,2
2020-07,AE.5,1
2020-07,B.1.1.107,13
2020-07,B.1.1.109,2
2020-07,B.1.1.12,21
2020-07,B.1.1.120,2
2020-07,B.1.1.123,4
2020-07,B.1.1.125,28
2020-07,B.1.1.130,1
2020-07,B.1.1.133,1
2020-07,B.1.1.138,16
2020-07,B.1.1.142,3
2020-07,B.1.1.145,2
2020-07,B.1.1.147,3
2020-07,B.1.1.15,29
2020-07,B.1.1.169,3
2020-07,B.1.1.170,1
2020-07,B.1.1.174,9
2020-07,B.1.1.178,5
2020-07,B.1.1.198,19
2020-07,B.1.1.200,15
2020-07,B.1.1.201,2
2020-07,B.1.1.213,6
2020-07,B.1.1.217,69
2020-07,B.1.1.218,6
2020-07,B.1.1.221,1
2020-07,B.1.1.227,102
2020-07,B.1.1.232,43
2020-07,B.1.1.237,93
2020-07,B.1.1.253,49
2020-07,B.1.1.256,6
2020-07,B.1.1.26,5
2020-07,B.1.1.269,6
2020-07,B.1.1.270,3
2020-07,B.1.1.274,14
2020-07,B.1.1.277,5
2020-07,B.1.1.279,59
2020-07,B.1.1.286,12
2020-07,B.1.1.290,4
2020-07,B.1.1.294,6
2020-07,B.1.1.299,22
2020-07,B.1.1.300,13
2020-07,B.1.1.302,1
2020-07,B.1.1.303,17
2020-07,B.1.1.305,4
2020-07,B.1.1.310,1
2020-07,B.1.1.311,2
2020-07,B.1.1.325,2
2020-07,B.1.1.357,1
2020-07,B.1.1.365,61
2020-07,B.1.1.38,2
2020-07,B.1.1.39,10
2020-07,B.1.1.4,78
2020-07,B.1.1.406,61
2020-07,B.1.1.408,37
2020-07,B.1.1.41,2
2020-07,B.1.1.410,1
2020-07,B.1.1.411,1
2020-07,B.1.1.419,2
2020-07,B.1.1.421,5
2020-07,B.1.1.423,5
2020-07,B.1.1.44,9
2020-07,B.1.1.45,2
2020-07,B.1.1.47,12
2020-07,B.1.1.48,1
2020-07,B.1.1.50,14
2020-07,B.1.1.59,16
2020-07,B.1.1.67,14
2020-07,B.1.1.74,43
2020-07,B.1.1.83,6
2020-07,B.1.1.89,3
2020-07,B.1.1.95,3
2020-07,B.1.1.97,28
2020-07,B.1.104,15
2020-07,B.1.115,11
2020-07,B.1.142,3
2020-07,B.1.146,1
2020-07,B.1.173,3
2020-07,B.1.180,1
2020-07,B.1.188,1
2020-07,B.1.22,1
2020-07,B.1.223,12
2020-07,B.1.231,9
2020-07,B.1.232,2
2020-07,B.1.235,28
2020-07,B.1.236,6
2020-07,B.1.238,9
2020-07,B.1.251,2
2020-07,B.1.258,3
2020-07,B.1.258.2,15
2020-07,B.1.258.3,3
2020-07,B.1.282,19
2020-07,B.1.341,3
2020-07,B.1.357,1
2020-07,B.1.36.12,12
2020-07,B.1.36.17,15
2020-07,B.1.36.23,2
2020-07,B.1.367,14
2020-07,B.1.391,5
2020-07,B.1.406,2
2020-07,B.1.407,22
2020-07,B.1.429,5
2020-07,B.1.471,14
2020-07,B.1.505,18
2020-07,B.1.532,25
2020-07,B.1.549,1
2020-07,B.1.581,3
2020-07,B.1.610,5
2020-07,B.1.617.2,3
2020-07,B.1.77,1
2020-07,B.1.9.4,1
2020-07,B.28,12
2020-07,C.1,1
2020-07,C.27,3
2020-07,C.3,30
2020-07,N.7,9
2020-07,N.8,12
2020-07,A.28,1
2020-07,AY.121,1
2020-07,AY.122,1
2020-07,AY.43,1
2020-07,B.1.1.210,4
2020-07,B.1.1.359,4
2020-07,B.1.1.383,7
2020-07,B.1.1.402,2
2020-07,B.1.1.466,2
2020-07,B.1.1.484,2
2020-07,B.1.1.487,2
2020-07,B.1.1.57,3
2020-07,B.1.311,3
2020-07,B.1.382,15
2020-07,B.1.389,1
2020-07,B.1.390,2
2020-07,B.1.416,66
2020-07,B.1.462,3
2020-07,B.1.467,5
2020-07,B.1.473,1
2020-07,B.1.479,6
2020-07,B.1.482,1
2020-07,B.1.497,2
2020-07,B.1.501,25
2020-07,B.1.530,1
2020-07,BA.1.1,2
2020-07,C.17,3
2020-07,C.28,3
2020-07,L.3,2
2020-07,P.2,2
2020-07,B.1.1.148,4
2020-07,B.1.1.241,2
2020-07,B.1.12,1
2020-07,B.1.13,1
2020-07,B.1.160,19
2020-07,B.1.211,1
2020-07,B.1.219,2
2020-07,B.1.237,5
2020-07,B.1.381,4
2020-07,N.2,6
2020-07,B.1.1.275,1
2020-07,B.1.1.382,4
2020-07,B.1.1.391,1
2020-07,B.1.1.40,4
2020-07,B.1.1.448,3
2020-07,B.1.1.62,2
2020-07,B.1.384,1
2020-07,B.1.499,1
2020-07,B.1.1.189,2
2020-07,B.1.1.337,3
2020-07,B.1.1.356,1
2020-07,B.1.1.370,1
2020-07,B.1.1.512,1
2020-07,B.1.466,2
2020-07,B.1.478,1
2020-07,B.1.520,2
2020-07,B.1.561,8
2020-07,B.1.590,1
2020-07,B.1.93,1
2020-07,C.8,1
2020-07,B.1.1.149,1
2020-07,B.1.1.177,1
2020-07,B.1.1.258,2
2020-07,B.1.1.371,1
2020-07,B.1.1.55,1
2020-07,B.1.1.61,2
2020-07,B.1.116,2
2020-07,B.1.177.57,1
2020-07,B.1.302,1
2020-07,B.1.308,14
2020-07,B.1.350,2
2020-07,B.1.480,1
2020-07,B.1.496,1
2020-07,B.1.572,2
2020-07,B.1.591,1
2020-07,B.1.595.4,23
2020-07,B.3,1
2020-07,B.33,1
2020-07,B.4.8,1
2020-07,B.1.1.113,2
2020-07,B.1.1.289,6
2020-07,B.1.1.309,1
2020-07,B.1.1.34,2
2020-07,B.1.1.363,7
2020-07,B.1.1.459,1
2020-07,B.1.111,1
2020-07,B.1.124,2
2020-07,B.1.177.6,1
2020-07,B.1.252,4
2020-07,B.1.319,1
2020-07,B.1.36.24,1
2020-07,B.1.594,1
2020-07,B.1.621,1
2020-07,B.1.76,1
2020-07,N.9,3
2020-08,A.1,2
2020-08,A.25,7
2020-08,AE.2,1
2020-08,AY.121,3
2020-08,AY.122,6
2020-08,AY.125,2
2020-08,AY.31,3
2020-08,AY.43,9
2020-08,AY.46.6,3
2020-08,B,12
2020-08,B.1,1652
2020-08,B.1.1,700
2020-08,B.1.1.128,11
2020-08,B.1.1.135,42
2020-08,B.1.1.139,2
2020-08,B.1.1.158,4
2020-08,B.1.1.169,2
2020-08,B.1.1.174,36
2020-08,B.1.1.180,30
2020-08,B.1.1.186,7
2020-08,B.1.1.192,39
2020-08,B.1.1.207,6
2020-08,B.1.1.214,13
2020-08,B.1.1.216,2
2020-08,B.1.1.222,41
2020-08,B.1.1.225,12
2020-08,B.1.1.228,98
2020-08,B.1.1.230,1
2020-08,B.1.1.231,9
2020-08,B.1.1.239,11
2020-08,B.1.1.25,34
2020-08,B.1.1.265,8
2020-08,B.1.1.28,87
2020-08,B.1.1.284,55
2020-08,B.1.1.285,11
2020-08,B.1.1.291,69
2020-08,B.1.1.304,12
2020-08,B.1.1.305,43
2020-08,B.1.1.306,8
2020-08,B.1.1.329,18
2020-08,B.1.1.33,36
2020-08,B.1.1.337,11
2020-08,B.1.1.344,4
2020-08,B.1.1.362,6
2020-08,B.1.1.376,31
2020-08,B.1.1.380,2
2020-08,B.1.1.402,1
2020-08,B.1.1.416,6
2020-08,B.1.1.426,6
2020-08,B.1.1.432,20
2020-08,B.1.1.437,6
2020-08,B.1.1.463,2
2020-08,B.1.1.464,76
2020-08,B.1.1.512,1
2020-08,B.1.1.514,2
2020-08,B.1.1.519,5
2020-08,B.1.1.59,12
2020-08,B.1.1.61,1
2020-08,B.1.1.63,14
2020-08,B.1.1.72,1
2020-08,B.1.1.77,9
2020-08,B.1.1.8,3
2020-08,B.1.106,8
2020-08,B.1.110,1
2020-08,B.1.110.3,54
2020-08,B.1.112,5
2020-08,B.1.126,28
2020-08,B.1.139,107
2020-08,B.1.162,2
2020-08,B.1.177,872
2020-08,B.1.177.11,14
2020-08,B.1.188,3
2020-08,B.1.189,11
2020-08,B.1.199,36
2020-08,B.1.2,1170
2020-08,B.1.206,35
2020-08,B.1.232,28
2020-08,B.1.233,5
2020-08,B.1.234,38
2020-08,B.1.239,19
2020-08,B.1.240,616
2020-08,B.1.241,139
2020-08,B.1.243,314
2020-08,B.1.265,32
2020-08,B.1.280,45
2020-08,B.1.281,1
2020-08,B.1.293,7
2020-08,B.1.294,23
2020-08,B.1.3,22
2020-08,B.1.305,50
2020-08,B.1.311,11
2020-08,B.1.313,15
2020-08,B.1.318,1
2020-08,B.1.319,2
2020-08,B.1.320,36
2020-08,B.1.324,73
2020-08,B.1.332,1
2020-08,B.1.334,2
2020-08,B.1.336,15
2020-08,B.1.337,33
2020-08,B.1.340,35
2020-08,B.1.346,56
2020-08,B.1.349,36
2020-08,B.1.36,46
2020-08,B.1.36.10,5
2020-08,B.1.36.22,1
2020-08,B.1.36.38,5
2020-08,B.1.366,3
2020-08,B.1.369,494
2020-08,B.1.37,1
2020-08,B.1.370,13
2020-08,B.1.377,14
2020-08,B.1.382,55
2020-08,B.1.385,10
2020-08,B.1.389,139
2020-08,B.1.393,4
2020-08,B.1.397,16
2020-08,B.1.398,3
2020-08,B.1.399,14
2020-08,B.1.400,143
2020-08,B.1.401,19
2020-08,B.1.402,10
2020-08,B.1.413,6
2020-08,B.1.415,4
2020-08,B.1.423,2
2020-08,B.1.425,91
2020-08,B.1.426,242
2020-08,B.1.436,17
2020-08,B.1.437,8
2020-08,B.1.439,11
2020-08,B.1.443,44
2020-08,B.1.444,10
2020-08,B.1.448,23
2020-08,B.1.451,14
2020-08,B.1.452,6
2020-08,B.1.453,35
2020-08,B.1.456,1
2020-08,B.1.493,2
2020-08,B.1.498,1
2020-08,B.1.500,1
2020-08,B.1.502,7
2020-08,B.1.503,13
2020-08,B.1.507,4
2020-08,B.1.508,2
2020-08,B.1.509,87
2020-08,B.1.516,26
2020-08,B.1.541,4
2020-08,B.1.549,2
2020-08,B.1.554,11
2020-08,B.1.558,89
2020-08,B.1.564,72
2020-08,B.1.565,127
2020-08,B.1.567,18
2020-08,B.1.570,55
2020-08,B.1.574,10
2020-08,B.1.576,23
2020-08,B.1.577,30
2020-08,B.1.578,4
2020-08,B.1.580,2
2020-08,B.1.582,200
2020-08,B.1.591,15
2020-08,B.1.595,151
2020-08,B.1.595.1,22
2020-08,B.1.596,2
2020-08,B.1.599,2
2020-08,B.1.602,13
2020-08,B.1.609,25
2020-08,B.1.612,45
2020-08,B.1.617.2,9
2020-08,B.4,1
2020-08,D.2,4076
2020-08,D.3,31
2020-08,N.1,2
2020-08,N.8,13
2020-08,unclassifiable,227
2020-08,AY.3,1
2020-08,B.1.1.1,157
2020-08,B.1.1.138,42
2020-08,B.1.1.198,53
2020-08,B.1.1.217,64
2020-08,B.1.1.255,72
2020-08,B.1.1.262,14
2020-08,B.1.1.263,3
2020-08,B.1.1.369,99
2020-08,B.1.1.37,359
2020-08,B.1.1.372,71
2020-08,B.1.1.431,1
2020-08,B.1.1.453,5
2020-08,B.1.108,4
2020-08,B.1.160,918
2020-08,B.1.177.57,83
2020-08,B.1.225,3
2020-08,B.1.258,283
2020-08,B.1.258.3,54
2020-08,B.1.301,3
2020-08,B.1.302,2
2020-08,B.1.315,14
2020-08,B.1.344,2
2020-08,B.1.357,2
2020-08,B.1.36.17,151
2020-08,B.1.36.18,2
2020-08,B.1.36.29,4
2020-08,B.1.363,14
2020-08,B.1.396,22
2020-08,B.1.404,2
2020-08,B.1.405,1
2020-08,B.1.441,16
2020-08,B.1.471,37
2020-08,B.1.499,1
2020-08,B.1.523,5
2020-08,B.1.530,1
2020-08,B.1.546,1
2020-08,B.1.561,12
2020-08,B.1.595.2,1
2020-08,B.1.606,3
2020-08,B.40,5
2020-08,B.52,2
2020-08,C.12,98
2020-08,A,3
2020-08,AD.2,653
2020-08,AE.1,1
2020-08,B.1.1.107,11
2020-08,B.1.1.115,55
2020-08,B.1.1.12,14
2020-08,B.1.1.130,31
2020-08,B.1.1.133,11
2020-08,B.1.1.15,12
2020-08,B.1.1.165,5
2020-08,B.1.1.168,3
2020-08,B.1.1.170,11
2020-08,B.1.1.171,41
2020-08,B.1.1.187,4
2020-08,B.1.1.189,27
2020-08,B.1.1.196,1
2020-08,B.1.1.204,2
2020-08,B.1.1.218,18
2020-08,B.1.1.219,8
2020-08,B.1.1.227,93
2020-08,B.1.1.232,113
2020-08,B.1.1.234,2
2020-08,B.1.1.237,27
2020-08,B.1.1.241,43
2020-08,B.1.1.242,1
2020-08,B.1.1.243,1
2020-08,B.1.1.244,1
2020-08,B.1.1.253,89
2020-08,B.1.1.26,11
2020-08,B.1.1.266,8
2020-08,B.1.1.268,2
2020-08,B.1.1.269,152
2020-08,B.1.1.274,1
2020-08,B.1.1.277,91
2020-08,B.1.1.279,86
2020-08,B.1.1.280,2
2020-08,B.1.1.286,45
2020-08,B.1.1.288,2
2020-08,B.1.1.294,7
2020-08,B.1.1.297,7
2020-08,B.1.1.301,63
2020-08,B.1.1.302,7
2020-08,B.1.1.303,39
2020-08,B.1.1.307,94
2020-08,B.1.1.309,30
2020-08,B.1.1.311,96
2020-08,B.1.1.315,2
2020-08,B.1.1.316,1
2020-08,B.1.1.326,2
2020-08,B.1.1.347,2
2020-08,B.1.1.349,4
2020-08,B.1.1.364,1
2020-08,B.1.1.365,13
2020-08,B.1.1.367,2
2020-08,B.1.1.371,6
2020-08,B.1.1.39,28
2020-08,B.1.1.398,1
2020-08,B.1.1.4,51
2020-08,B.1.1.406,27
2020-08,B.1.1.408,1
2020-08,B.1.1.410,1
2020-08,B.1.1.421,1
2020-08,B.1.1.425,2
2020-08,B.1.1.433,11
2020-08,B.1.1.434,13
2020-08,B.1.1.44,195
2020-08,B.1.1.47,2
2020-08,B.1.1.50,3
2020-08,B.1.1.51,214
2020-08,B.1.1.521,3
2020-08,B.1.1.58,2
2020-08,B.1.1.67,53
2020-08,B.1.1.70,88
2020-08,B.1.1.74,168
2020-08,B.1.1.89,13
2020-08,B.1.119,1
2020-08,B.1.146,3
2020-08,B.1.149,3
2020-08,B.1.163,1
2020-08,B.1.177.17,12
2020-08,B.1.177.23,9
2020-08,B.1.177.3,3
2020-08,B.1.177.31,1
2020-08,B.1.177.44,44
2020-08,B.1.177.50,2
2020-08,B.1.177.52,2
2020-08,B.1.177.53,23
2020-08,B.1.177.56,42
2020-08,B.1.177.60,2
2020-08,B.1.177.65,1
2020-08,B.1.177.7,78
2020-08,B.1.177.77,1
2020-08,B.1.177.81,15
2020-08,B.1.177.82,13
2020-08,B.1.177.83,2
2020-08,B.1.177.87,18
2020-08,B.1.210,3
2020-08,B.1.213,4
2020-08,B.1.218,13
2020-08,B.1.22,8
2020-08,B.1.221,141
2020-08,B.1.221.1,26
2020-08,B.1.223,12
2020-08,B.1.235,89
2020-08,B.1.236,15
2020-08,B.1.238,3
2020-08,B.1.258.2,4
2020-08,B.1.258.7,2
2020-08,B.1.282,27
2020-08,B.1.289,1
2020-08,B.1.306,5
2020-08,B.1.309,4
2020-08,B.1.36.1,7
2020-08,B.1.36.12,61
2020-08,B.1.36.16,5
2020-08,B.1.36.23,31
2020-08,B.1.36.8,3
2020-08,B.1.361,3
2020-08,B.1.367,376
2020-08,B.1.403,4
2020-08,B.1.408,7
2020-08,B.1.416,110
2020-08,B.1.416.1,40
2020-08,B.1.421,62
2020-08,B.1.438,2
2020-08,B.1.467,2
2020-08,B.1.469,4
2020-08,B.1.480,3
2020-08,B.1.492,1
2020-08,B.1.495,2
2020-08,B.1.505,12
2020-08,B.1.517,10
2020-08,B.1.521,6
2020-08,B.1.532,33
2020-08,B.1.533,1
2020-08,B.1.548,1
2020-08,B.1.571,1
2020-08,B.1.600,2
2020-08,B.1.610,47
2020-08,B.1.9.4,3
2020-08,B.1.9.5,10
2020-08,B.27,1
2020-08,B.39,1
2020-08,B.4.8,2
2020-08,B.6,1
2020-08,C.2,1
2020-08,C.28,2
2020-08,C.30,44
2020-08,C.35,69
2020-08,C.36,5
2020-08,C.4,1
2020-08,D.4,12
2020-08,N.2,10
2020-08,W.3,2
2020-08,W.4,2
2020-08,A.19,1
2020-08,AH.2,25
2020-08,AY.112,1
2020-08,AY.124,2
2020-08,AY.36,2
2020-08,AY.4,2
2020-08,AY.4.9,1
2020-08,B.1.1.101,1
2020-08,B.1.1.132,1
2020-08,B.1.1.229,20
2020-08,B.1.1.254,1
2020-08,B.1.1.357,1
2020-08,B.1.1.359,1
2020-08,B.1.1.420,1
2020-08,B.1.1.441,2
2020-08,B.1.1.486,1
2020-08,B.1.1.529,1
2020-08,B.1.371,4
2020-08,B.1.381,24
2020-08,B.1.390,1
2020-08,B.1.445,1
2020-08,B.1.497,10
2020-08,B.1.506,1
2020-08,B.1.543,1
2020-08,BA.2.12.1,2
2020-08,C.1,6
2020-08,L.3,3
2020-08,P.1,3
2020-08,P.2,6
2020-08,B.1.1.40,8
2020-08,B.1.160.27,3
2020-08,B.1.160.30,37
2020-08,B.1.177.43,1
2020-08,B.1.177.45,6
2020-08,B.1.219,7
2020-08,B.1.36.35,1
2020-08,B.1.597,22
2020-08,B.1.1.117,8
2020-08,B.1.1.34,2
2020-08,B.1.1.383,6
2020-08,B.1.1.57,5
2020-08,B.1.1.62,2
2020-08,B.1.237,24
2020-08,N.7,1
2020-08,AY.100,2
2020-08,AY.44,2
2020-08,B.1.1.10,1
2020-08,B.1.1.240,3
2020-08,B.1.1.312,14
2020-08,B.1.1.462,1
2020-08,B.1.1.482,2
2020-08,B.1.1.93,2
2020-08,B.1.177.55,1
2020-08,B.1.229,1
2020-08,B.1.245,4
2020-08,B.1.36.20,6
2020-08,B.1.428.3,1
2020-08,B.1.540,1
2020-08,L.4,1
2020-08,B.1.1.177,5
2020-08,B.1.1.205,2
2020-08,B.1.1.251,1
2020-08,B.1.1.325,1
2020-08,B.1.177.5,1
2020-08,B.1.308,2
2020-08,B.1.323,12
2020-08,B.1.350,8
2020-08,B.1.407,1
2020-08,B.1.424,1
2020-08,B.1.479,2
2020-08,B.1.590,2
2020-08,B.1.595.4,8
2020-08,B.1.76,1
2020-08,B.1.93,2
2020-08,A.2,1
2020-08,AY.25,3
2020-08,B.1.1.308,1
2020-08,B.1.1.310,18
2020-08,B.1.1.392,1
2020-08,B.1.263,1
2020-08,B.1.333,1
2020-08,B.1.341,1
2020-08,B.1.544,1
2020-08,B.3.1,1
2020-08,C.8,1
2020-08,N.9,1
2020-08,P.7,1
2020-09,AE.2,1
2020-09,AE.7,3
2020-09,AY.122,8
2020-09,AY.4,1
2020-09,AY.43,10
2020-09,B,10
2020-09,B.1,1575
2020-09,B.1.1,666
2020-09,B.1.1.121,2
2020-09,B.1.1.128,9
2020-09,B.1.1.135,10
2020-09,B.1.1.169,1
2020-09,B.1.1.174,27
2020-09,B.1.1.176,2
2020-09,B.1.1.180,3
2020-09,B.1.1.186,12
2020-09,B.1.1.192,40
2020-09,B.1.1.205,15
2020-09,B.1.1.207,21
2020-09,B.1.1.216,8
2020-09,B.1.1.222,95
2020-09,B.1.1.228,16
2020-09,B.1.1.231,8
2020-09,B.1.1.239,2
2020-09,B.1.1.241,64
2020-09,B.1.1.25,13
2020-09,B.1.1.251,19
2020-09,B.1.1.265,22
2020-09,B.1.1.277,60
2020-09,B.1.1.284,22
2020-09,B.1.1.291,45
2020-09,B.1.1.304,24
2020-09,B.1.1.306,27
2020-09,B.1.1.320,4
2020-09,B.1.1.329,15
2020-09,B.1.1.33,49
2020-09,B.1.1.337,27
2020-09,B.1.1.376,4
2020-09,B.1.1.380,6
2020-09,B.1.1.392,5
2020-09,B.1.1.432,34
2020-09,B.1.1.434,62
2020-09,B.1.1.437,2
2020-09,B.1.1.453,19
2020-09,B.1.1.46,4
2020-09,B.1.1.464,141
2020-09,B.1.1.63,7
2020-09,B.1.1.72,3
2020-09,B.1.110.3,29
2020-09,B.1.119,1
2020-09,B.1.126,79
2020-09,B.1.128,2
2020-09,B.1.139,140
2020-09,B.1.160,1781
2020-09,B.1.162,3
2020-09,B.1.177,4533
2020-09,B.1.188,4
2020-09,B.1.199,3
2020-09,B.1.2,2333
2020-09,B.1.206,18
2020-09,B.1.232,48
2020-09,B.1.234,132
2020-09,B.1.239,32
2020-09,B.1.240,677
2020-09,B.1.241,77
2020-09,B.1.243,413
2020-09,B.1.265,34
2020-09,B.1.280,81
2020-09,B.1.281,2
2020-09,B.1.294,22
2020-09,B.1.3,14
2020-09,B.1.302,3
2020-09,B.1.305,28
2020-09,B.1.311,46
2020-09,B.1.318,3
2020-09,B.1.320,13
2020-09,B.1.324,83
2020-09,B.1.332,1
2020-09,B.1.334,2
2020-09,B.1.336,18
2020-09,B.1.337,58
2020-09,B.1.340,33
2020-09,B.1.346,9
2020-09,B.1.349,53
2020-09,B.1.359,1
2020-09,B.1.36,57
2020-09,B.1.36.16,30
2020-09,B.1.36.18,8
2020-09,B.1.36.26,2
2020-09,B.1.36.38,9
2020-09,B.1.361,27
2020-09,B.1.363,81
2020-09,B.1.369,486
2020-09,B.1.370,1
2020-09,B.1.377,12
2020-09,B.1.382,16
2020-09,B.1.385,3
2020-09,B.1.389,309
2020-09,B.1.393,3
2020-09,B.1.396,32
2020-09,B.1.397,17
2020-09,B.1.399,40
2020-09,B.1.400,97
2020-09,B.1.402,8
2020-09,B.1.403,240
2020-09,B.1.421,59
2020-09,B.1.425,20
2020-09,B.1.426,78
2020-09,B.1.436,14
2020-09,B.1.437,3
2020-09,B.1.439,3
2020-09,B.1.443,33
2020-09,B.1.444,37
2020-09,B.1.448,15
2020-09,B.1.451,4
2020-09,B.1.452,5
2020-09,B.1.453,20
2020-09,B.1.499,12
2020-09,B.1.500,8
2020-09,B.1.505,5
2020-09,B.1.507,2
2020-09,B.1.509,69
2020-09,B.1.541,6
2020-09,B.1.544,8
2020-09,B.1.558,19
2020-09,B.1.560,4
2020-09,B.1.561,16
2020-09,B.1.564,292
2020-09,B.1.565,275
2020-09,B.1.567,9
2020-09,B.1.569,8
2020-09,B.1.570,94
2020-09,B.1.574,4
2020-09,B.1.576,19
2020-09,B.1.577,23
2020-09,B.1.578,12
2020-09,B.1.580,9
2020-09,B.1.581,6
2020-09,B.1.582,176
2020-09,B.1.591,14
2020-09,B.1.595,142
2020-09,B.1.595.3,4
2020-09,B.1.596,10
2020-09,B.1.599,5
2020-09,B.1.602,13
2020-09,B.1.609,34
2020-09,B.1.612,50
2020-09,C.23,3
2020-09,C.31,2
2020-09,D.2,648
2020-09,D.3,22
2020-09,L.4,2
2020-09,unclassifiable,632
2020-09,AD.2,1205
2020-09,B.1.1.1,166
2020-09,B.1.1.132,2
2020-09,B.1.1.170,11
2020-09,B.1.1.189,40
2020-09,B.1.1.198,106
2020-09,B.1.1.204,11
2020-09,B.1.1.234,6
2020-09,B.1.1.240,47
2020-09,B.1.1.243,7
2020-09,B.1.1.255,60
2020-09,B.1.1.279,157
2020-09,B.1.1.282,2
2020-09,B.1.1.286,117
2020-09,B.1.1.301,140
2020-09,B.1.1.303,184
2020-09,B.1.1.307,705
2020-09,B.1.1.308,40
2020-09,B.1.1.311,839
2020-09,B.1.1.316,18
2020-09,B.1.1.317,9
2020-09,B.1.1.352,1
2020-09,B.1.1.37,1272
2020-09,B.1.1.372,42
2020-09,B.1.1.397,1
2020-09,B.1.1.403,6
2020-09,B.1.1.416,10
2020-09,B.1.1.44,67
2020-09,B.1.1.500,4
2020-09,B.1.1.51,59
2020-09,B.1.1.512,1
2020-09,B.1.1.519,2
2020-09,B.1.1.58,4
2020-09,B.1.1.67,38
2020-09,B.1.117,1
2020-09,B.1.160.23,43
2020-09,B.1.177.11,428
2020-09,B.1.177.17,102
2020-09,B.1.177.2,24
2020-09,B.1.177.4,321
2020-09,B.1.177.5,74
2020-09,B.1.177.54,61
2020-09,B.1.177.56,316
2020-09,B.1.177.57,400
2020-09,B.1.177.69,10
2020-09,B.1.177.7,642
2020-09,B.1.177.8,103
2020-09,B.1.177.82,49
2020-09,B.1.177.87,78
2020-09,B.1.189,2
2020-09,B.1.221.1,105
2020-09,B.1.229,2
2020-09,B.1.235,96
2020-09,B.1.236,18
2020-09,B.1.258,392
2020-09,B.1.258.3,148
2020-09,B.1.258.5,14
2020-09,B.1.258.7,127
2020-09,B.1.36.17,572
2020-09,B.1.36.2,3
2020-09,B.1.36.29,11
2020-09,B.1.36.9,39
2020-09,B.1.362.2,29
2020-09,B.1.401,54
2020-09,B.1.404,9
2020-09,B.1.427,5
2020-09,B.1.429,8
2020-09,B.1.438.4,2
2020-09,B.1.471,65
2020-09,B.1.503,3
2020-09,B.1.530,2
2020-09,B.1.532,28
2020-09,B.1.543,2
2020-09,B.1.548,2
2020-09,B.1.610,86
2020-09,B.1.617.2,4
2020-09,C.12,26
2020-09,C.30,132
2020-09,C.35,95
2020-09,N.8,2
2020-09,W.3,34
2020-09,W.4,41
2020-09,A,3
2020-09,A.23,2
2020-09,A.25,2
2020-09,AE.1,1
2020-09,AG.1,1
2020-09,AK.1,15
2020-09,AK.2,1
2020-09,AN.1,1
2020-09,AP.1,16
2020-09,B.1.1.10,53
2020-09,B.1.1.115,10
2020-09,B.1.1.12,25
2020-09,B.1.1.130,7
2020-09,B.1.1.133,2
2020-09,B.1.1.138,27
2020-09,B.1.1.139,1
2020-09,B.1.1.153,3
2020-09,B.1.1.159,2
2020-09,B.1.1.165,17
2020-09,B.1.1.187,6
2020-09,B.1.1.193,1
2020-09,B.1.1.196,44
2020-09,B.1.1.209,4
2020-09,B.1.1.214,28
2020-09,B.1.1.217,7
2020-09,B.1.1.218,11
2020-09,B.1.1.219,6
2020-09,B.1.1.227,9
2020-09,B.1.1.232,85
2020-09,B.1.1.236,10
2020-09,B.1.1.253,59
2020-09,B.1.1.263,2
2020-09,B.1.1.266,10
2020-09,B.1.1.269,139
2020-09,B.1.1.272,1
2020-09,B.1.1.28,58
2020-09,B.1.1.280,1
2020-09,B.1.1.288,5
2020-09,B.1.1.294,11
2020-09,B.1.1.297,10
2020-09,B.1.1.305,36
2020-09,B.1.1.309,60
2020-09,B.1.1.310,54
2020-09,B.1.1.315,14
2020-09,B.1.1.326,1
2020-09,B.1.1.341,12
2020-09,B.1.1.351,6
2020-09,B.1.1.364,2
2020-09,B.1.1.371,3
2020-09,B.1.1.385,5
2020-09,B.1.1.39,17
2020-09,B.1.1.4,6
2020-09,B.1.1.404,1
2020-09,B.1.1.406,1
2020-09,B.1.1.413,1
2020-09,B.1.1.429,19
2020-09,B.1.1.433,2
2020-09,B.1.1.441,2
2020-09,B.1.1.482,6
2020-09,B.1.1.50,11
2020-09,B.1.1.521,7
2020-09,B.1.1.7,6
2020-09,B.1.1.70,10
2020-09,B.1.1.93,1
2020-09,B.1.112,1
2020-09,B.1.131,1
2020-09,B.1.149,9
2020-09,B.1.160.14,4
2020-09,B.1.177.10,71
2020-09,B.1.177.14,1
2020-09,B.1.177.15,104
2020-09,B.1.177.16,32
2020-09,B.1.177.18,31
2020-09,B.1.177.19,43
2020-09,B.1.177.20,61
2020-09,B.1.177.21,3
2020-09,B.1.177.23,3
2020-09,B.1.177.3,48
2020-09,B.1.177.33,6
2020-09,B.1.177.38,1
2020-09,B.1.177.43,1
2020-09,B.1.177.44,13
2020-09,B.1.177.45,465
2020-09,B.1.177.48,4
2020-09,B.1.177.52,8
2020-09,B.1.177.53,1
2020-09,B.1.177.55,13
2020-09,B.1.177.58,3
2020-09,B.1.177.59,1
2020-09,B.1.177.6,5
2020-09,B.1.177.60,1
2020-09,B.1.177.65,8
2020-09,B.1.177.75,1
2020-09,B.1.177.81,20
2020-09,B.1.177.83,2
2020-09,B.1.177.84,21
2020-09,B.1.177.9,18
2020-09,B.1.180,1
2020-09,B.1.210,3
2020-09,B.1.218,12
2020-09,B.1.22,6
2020-09,B.1.221,172
2020-09,B.1.240.2,6
2020-09,B.1.258.10,44
2020-09,B.1.258.2,8
2020-09,B.1.258.4,25
2020-09,B.1.258.6,10
2020-09,B.1.279,1
2020-09,B.1.282,2
2020-09,B.1.293,5
2020-09,B.1.298,3
2020-09,B.1.315,10
2020-09,B.1.36.1,5
2020-09,B.1.36.12,26
2020-09,B.1.36.22,3
2020-09,B.1.36.23,10
2020-09,B.1.36.28,45
2020-09,B.1.36.35,1
2020-09,B.1.36.39,10
2020-09,B.1.36.7,9
2020-09,B.1.36.8,9
2020-09,B.1.362,4
2020-09,B.1.362.1,3
2020-09,B.1.367,176
2020-09,B.1.375,4
2020-09,B.1.378,1
2020-09,B.1.398,2
2020-09,B.1.405,1
2020-09,B.1.408,2
2020-09,B.1.416,30
2020-09,B.1.416.1,86
2020-09,B.1.423,4
2020-09,B.1.428.2,1
2020-09,B.1.433,15
2020-09,B.1.438,6
2020-09,B.1.441,2
2020-09,B.1.460,1
2020-09,B.1.463,2
2020-09,B.1.467,1
2020-09,B.1.468,2
2020-09,B.1.517,15
2020-09,B.1.521,1
2020-09,B.1.523,34
2020-09,B.1.527,2
2020-09,B.1.533,1
2020-09,B.1.593,1
2020-09,B.1.595.4,10
2020-09,B.1.597,17
2020-09,B.1.9.4,1
2020-09,B.1.9.5,5
2020-09,C.28,2
2020-09,C.32,1
2020-09,C.36,2
2020-09,G.1,6
2020-09,M.3,1
2020-09,N.3,8
2020-09,N.7,8
2020-09,Z.1,2
2020-09,AY.121,2
2020-09,AY.25.1,2
2020-09,AY.65,1
2020-09,B.1.1.101,1
2020-09,B.1.1.229,11
2020-09,B.1.1.244,4
2020-09,B.1.1.420,1
2020-09,B.1.1.423,2
2020-09,B.1.1.461,1
2020-09,B.1.115,1
2020-09,B.1.478,5
2020-09,B.1.497,3
2020-09,B.1.525,1
2020-09,B.1.595.1,1
2020-09,BA.2,1
2020-09,BA.2.12.1,1
2020-09,BA.4,1
2020-09,BA.5.2,1
2020-09,L.3,1
2020-09,P.2,3
2020-09,AH.2,41
2020-09,B.1.1.362,1
2020-09,B.1.160.28,3
2020-09,B.1.160.30,74
2020-09,B.1.177.77,1
2020-09,B.1.237,40
2020-09,B.1.600,1
2020-09,B.1.78,1
2020-09,BA.1,2
2020-09,C.18,9
2020-09,B.1.1.34,4
2020-09,B.1.1.382,8
2020-09,B.1.1.383,2
2020-09,B.1.1.40,4
2020-09,B.1.1.459,5
2020-09,B.1.1.507,10
2020-09,B.1.1.57,2
2020-09,B.1.381,12
2020-09,B.1.395,2
2020-09,C.1,4
2020-09,AY.34.1.1,1
2020-09,B.1.1.171,1
2020-09,B.1.1.203,3
2020-09,B.1.1.213,2
2020-09,B.1.1.237,3
2020-09,B.1.1.289,2
2020-09,B.1.1.312,93
2020-09,B.1.1.368,1
2020-09,B.1.1.369,1
2020-09,B.1.1.518,2
2020-09,B.1.36.10,9
2020-09,B.1.36.20,20
2020-09,B.1.480,2
2020-09,B.1.556,6
2020-09,K.2,3
2020-09,AS.2,1
2020-09,B.1.1.122,1
2020-09,B.1.1.15,1
2020-09,B.1.1.177,5
2020-09,B.1.1.302,3
2020-09,B.1.1.440,1
2020-09,B.1.1.59,1
2020-09,B.1.160.27,15
2020-09,B.1.304,1
2020-09,B.1.323,4
2020-09,B.1.350,3
2020-09,B.1.424,3
2020-09,B.1.469,1
2020-09,B.1.479,1
2020-09,B.34,1
2020-09,C.16,1
2020-09,AA.1,1
2020-09,AY.25.3,1
2020-09,AY.3,1
2020-09,AY.44,1
2020-09,AY.75,1
2020-09,B.1.1.116,6
2020-09,B.1.1.129,1
2020-09,B.1.1.158,1
2020-09,B.1.1.225,1
2020-09,B.1.1.285,9
2020-09,B.1.1.355,1
2020-09,B.1.1.425,1
2020-09,B.1.1.529,1
2020-09,B.1.1.74,9
2020-09,B.1.111,1
2020-09,B.1.263,1
2020-09,B.1.306,3
2020-09,B.1.502,1
2020-09,B.1.518,1
2020-09,B.1.568,4
2020-09,B.15,1
2020-09,B.40,2
2020-09,BA.5,2
2020-09,C.8,1
2020-09,N.9,1
2020-10,A.23,1
2020-10,AE.2,10
2020-10,AE.4,8
2020-10,AE.6,10
2020-10,AE.7,8
2020-10,AY.100,6
2020-10,AY.112,1
2020-10,AY.120,1
2020-10,AY.121,1
2020-10,AY.122,17
2020-10,AY.124,2
2020-10,AY.125,10
2020-10,AY.126,8
2020-10,AY.129,3
2020-10,AY.33,1
2020-10,AY.4,10
2020-10,AY.4.6,1
2020-10,AY.42,5
2020-10,AY.43,18
2020-10,AY.43.4,1
2020-10,AY.43.8,1
2020-10,AY.46.6,3
2020-10,AY.9.2,4
2020-10,AY.98,1
2020-10,B,27
2020-10,B.1,1918
2020-10,B.1.1,745
2020-10,B.1.1.1,142
2020-10,B.1.1.168,1
2020-10,B.1.1.174,12
2020-10,B.1.1.180,2
2020-10,B.1.1.186,86
2020-10,B.1.1.192,23
2020-10,B.1.1.205,2
2020-10,B.1.1.207,32
2020-10,B.1.1.214,29
2020-10,B.1.1.216,12
2020-10,B.1.1.222,496
2020-10,B.1.1.225,19
2020-10,B.1.1.228,33
2020-10,B.1.1.231,12
2020-10,B.1.1.239,1
2020-10,B.1.1.251,10
2020-10,B.1.1.265,21
2020-10,B.1.1.291,20
2020-10,B.1.1.306,8
2020-10,B.1.1.316,62
2020-10,B.1.1.322,18
2020-10,B.1.1.329,14
2020-10,B.1.1.33,73
2020-10,B.1.1.337,45
2020-10,B.1.1.344,9
2020-10,B.1.1.362,51
2020-10,B.1.1.370,1
2020-10,B.1.1.403,12
2020-10,B.1.1.416,62
2020-10,B.1.1.432,53
2020-10,B.1.1.434,165
2020-10,B.1.1.453,52
2020-10,B.1.1.464,103
2020-10,B.1.1.72,3
2020-10,B.1.110.3,52
2020-10,B.1.111,4
2020-10,B.1.126,124
2020-10,B.1.139,71
2020-10,B.1.160,2371
2020-10,B.1.177,11031
2020-10,B.1.179,5
2020-10,B.1.2,4537
2020-10,B.1.206,6
2020-10,B.1.221,211
2020-10,B.1.232,100
2020-10,B.1.234,305
2020-10,B.1.239,81
2020-10,B.1.240,498
2020-10,B.1.241,90
2020-10,B.1.243,576
2020-10,B.1.265,62
2020-10,B.1.280,97
2020-10,B.1.281,18
2020-10,B.1.293,7
2020-10,B.1.298,11
2020-10,B.1.305,36
2020-10,B.1.306,11
2020-10,B.1.311,73
2020-10,B.1.318,9
2020-10,B.1.324,61
2020-10,B.1.336,25
2020-10,B.1.340,5
2020-10,B.1.349,68
2020-10,B.1.36,110
2020-10,B.1.36.27,2
2020-10,B.1.36.29,10
2020-10,B.1.361,69
2020-10,B.1.363,43
2020-10,B.1.366,2
2020-10,B.1.369,431
2020-10,B.1.377,35
2020-10,B.1.382,15
2020-10,B.1.385,2
2020-10,B.1.396,88
2020-10,B.1.399,97
2020-10,B.1.400,286
2020-10,B.1.401,31
2020-10,B.1.403,16
2020-10,B.1.405,19
2020-10,B.1.409,7
2020-10,B.1.421,2
2020-10,B.1.423,1
2020-10,B.1.425,14
2020-10,B.1.427,15
2020-10,B.1.428.2,4
2020-10,B.1.429,55
2020-10,B.1.436,27
2020-10,B.1.441,9
2020-10,B.1.444,17
2020-10,B.1.448,16
2020-10,B.1.451,3
2020-10,B.1.452,3
2020-10,B.1.453,15
2020-10,B.1.493,1
2020-10,B.1.509,145
2020-10,B.1.524,5
2020-10,B.1.530,9
2020-10,B.1.544,2
2020-10,B.1.549,42
2020-10,B.1.556,7
2020-10,B.1.558,22
2020-10,B.1.561,41
2020-10,B.1.564,84
2020-10,B.1.565,233
2020-10,B.1.567,20
2020-10,B.1.568,18
2020-10,B.1.570,85
2020-10,B.1.577,36
2020-10,B.1.582,235
2020-10,B.1.591,30
2020-10,B.1.595,193
2020-10,B.1.595.1,6
2020-10,B.1.596,18
2020-10,B.1.596.1,7
2020-10,B.1.599,27
2020-10,B.1.602,20
2020-10,B.1.605,3
2020-10,B.1.609,87
2020-10,B.1.612,58
2020-10,B.1.617.2,8
2020-10,B.1.78,2
2020-10,C.23,6
2020-10,D.2,31
2020-10,D.3,1
2020-10,W.4,264
2020-10,unclassifiable,1484
2020-10,AD.2,1429
2020-10,AK.1,19
2020-10,AP.1,198
2020-10,AS.2,18
2020-10,B.1.1.128,17
2020-10,B.1.1.130,16
2020-10,B.1.1.153,37
2020-10,B.1.1.165,32
2020-10,B.1.1.170,54
2020-10,B.1.1.189,33
2020-10,B.1.1.196,73
2020-10,B.1.1.198,152
2020-10,B.1.1.217,3
2020-10,B.1.1.243,7
2020-10,B.1.1.244,8
2020-10,B.1.1.255,26
2020-10,B.1.1.263,1
2020-10,B.1.1.269,124
2020-10,B.1.1.274,8
2020-10,B.1.1.277,92
2020-10,B.1.1.279,373
2020-10,B.1.1.28,61
2020-10,B.1.1.282,1
2020-10,B.1.1.285,1
2020-10,B.1.1.286,97
2020-10,B.1.1.297,17
2020-10,B.1.1.301,57
2020-10,B.1.1.303,84
2020-10,B.1.1.304,22
2020-10,B.1.1.307,957
2020-10,B.1.1.308,37
2020-10,B.1.1.309,62
2020-10,B.1.1.311,999
2020-10,B.1.1.317,13
2020-10,B.1.1.352,7
2020-10,B.1.1.368,5
2020-10,B.1.1.37,1597
2020-10,B.1.1.372,42
2020-10,B.1.1.376,4
2020-10,B.1.1.380,3
2020-10,B.1.1.397,8
2020-10,B.1.1.518,11
2020-10,B.1.1.63,1
2020-10,B.1.1.7,89
2020-10,B.1.1.70,35
2020-10,B.1.160.10,6
2020-10,B.1.160.15,9
2020-10,B.1.160.16,63
2020-10,B.1.160.23,155
2020-10,B.1.160.27,3
2020-10,B.1.160.7,163
2020-10,B.1.177.10,78
2020-10,B.1.177.11,287
2020-10,B.1.177.15,293
2020-10,B.1.177.16,336
2020-10,B.1.177.17,413
2020-10,B.1.177.18,180
2020-10,B.1.177.19,158
2020-10,B.1.177.2,82
2020-10,B.1.177.20,227
2020-10,B.1.177.23,71
2020-10,B.1.177.26,154
2020-10,B.1.177.33,48
2020-10,B.1.177.4,1519
2020-10,B.1.177.44,147
2020-10,B.1.177.48,40
2020-10,B.1.177.5,253
2020-10,B.1.177.52,15
2020-10,B.1.177.54,446
2020-10,B.1.177.55,114
2020-10,B.1.177.56,509
2020-10,B.1.177.57,1048
2020-10,B.1.177.58,91
2020-10,B.1.177.6,233
2020-10,B.1.177.65,179
2020-10,B.1.177.69,267
2020-10,B.1.177.7,1271
2020-10,B.1.177.75,10
2020-10,B.1.177.77,3
2020-10,B.1.177.8,402
2020-10,B.1.177.81,60
2020-10,B.1.177.82,92
2020-10,B.1.177.86,13
2020-10,B.1.177.87,354
2020-10,B.1.177.9,269
2020-10,B.1.188,9
2020-10,B.1.189,3
2020-10,B.1.199,4
2020-10,B.1.221.1,93
2020-10,B.1.222,1
2020-10,B.1.236,53
2020-10,B.1.258,769
2020-10,B.1.258.10,33
2020-10,B.1.258.12,93
2020-10,B.1.258.2,6
2020-10,B.1.258.3,160
2020-10,B.1.258.4,108
2020-10,B.1.258.6,35
2020-10,B.1.258.7,153
2020-10,B.1.337,44
2020-10,B.1.346,52
2020-10,B.1.350,2
2020-10,B.1.36.1,20
2020-10,B.1.36.17,602
2020-10,B.1.36.2,24
2020-10,B.1.36.20,11
2020-10,B.1.36.23,3
2020-10,B.1.36.24,3
2020-10,B.1.36.28,43
2020-10,B.1.36.38,6
2020-10,B.1.36.39,110
2020-10,B.1.36.9,109
2020-10,B.1.367,88
2020-10,B.1.389,185
2020-10,B.1.39,2
2020-10,B.1.397,9
2020-10,B.1.404,29
2020-10,B.1.416.1,47
2020-10,B.1.426,91
2020-10,B.1.438,13
2020-10,B.1.443,14
2020-10,B.1.471,69
2020-10,B.1.507,2
2020-10,B.1.521,5
2020-10,B.1.523,74
2020-10,B.1.527,6
2020-10,B.1.532,48
2020-10,B.1.550,14
2020-10,B.1.551,1
2020-10,B.1.569,9
2020-10,B.1.578,2
2020-10,B.1.587,3
2020-10,B.1.606,2
2020-10,B.1.610,103
2020-10,C.30,199
2020-10,P.2,6
2020-10,R.1,1
2020-10,W.1,10
2020-10,W.3,56
2020-10,A.24,1
2020-10,AA.4,3
2020-10,AA.6,2
2020-10,AC.1,4
2020-10,AF.1,1
2020-10,AK.2,4
2020-10,AN.1,2
2020-10,B.1.1.10,3
2020-10,B.1.1.111,1
2020-10,B.1.1.12,22
2020-10,B.1.1.133,4
2020-10,B.1.1.135,19
2020-10,B.1.1.138,35
2020-10,B.1.1.139,8
2020-10,B.1.1.144,9
2020-10,B.1.1.159,6
2020-10,B.1.1.193,4
2020-10,B.1.1.204,24
2020-10,B.1.1.209,21
2020-10,B.1.1.218,6
2020-10,B.1.1.219,19
2020-10,B.1.1.232,17
2020-10,B.1.1.234,32
2020-10,B.1.1.236,34
2020-10,B.1.1.240,60
2020-10,B.1.1.241,57
2020-10,B.1.1.242,3
2020-10,B.1.1.25,15
2020-10,B.1.1.253,25
2020-10,B.1.1.266,1
2020-10,B.1.1.272,5
2020-10,B.1.1.284,26
2020-10,B.1.1.294,37
2020-10,B.1.1.302,7
2020-10,B.1.1.305,13
2020-10,B.1.1.312,302
2020-10,B.1.1.315,14
2020-10,B.1.1.320,1
2020-10,B.1.1.341,4
2020-10,B.1.1.351,5
2020-10,B.1.1.355,10
2020-10,B.1.1.371,5
2020-10,B.1.1.373,2
2020-10,B.1.1.375,2
2020-10,B.1.1.39,151
2020-10,B.1.1.4,4
2020-10,B.1.1.404,3
2020-10,B.1.1.405,5
2020-10,B.1.1.413,2
2020-10,B.1.1.418,1
2020-10,B.1.1.420,1
2020-10,B.1.1.425,4
2020-10,B.1.1.429,15
2020-10,B.1.1.44,12
2020-10,B.1.1.467,2
2020-10,B.1.1.47,4
2020-10,B.1.1.487,7
2020-10,B.1.1.50,26
2020-10,B.1.1.500,1
2020-10,B.1.1.51,17
2020-10,B.1.1.521,12
2020-10,B.1.1.529,5
2020-10,B.1.1.54,5
2020-10,B.1.1.67,45
2020-10,B.1.1.83,1
2020-10,B.1.131,13
2020-10,B.1.146,1
2020-10,B.1.149,4
2020-10,B.1.160.11,4
2020-10,B.1.160.12,1
2020-10,B.1.160.14,15
2020-10,B.1.160.20,10
2020-10,B.1.160.22,4
2020-10,B.1.160.26,11
2020-10,B.1.160.29,5
2020-10,B.1.160.30,121
2020-10,B.1.160.31,2
2020-10,B.1.160.32,61
2020-10,B.1.160.33,5
2020-10,B.1.177.21,4
2020-10,B.1.177.24,3
2020-10,B.1.177.28,1
2020-10,B.1.177.3,48
2020-10,B.1.177.30,23
2020-10,B.1.177.32,2
2020-10,B.1.177.35,1
2020-10,B.1.177.43,22
2020-10,B.1.177.45,1674
2020-10,B.1.177.50,4
2020-10,B.1.177.51,5
2020-10,B.1.177.53,14
2020-10,B.1.177.60,19
2020-10,B.1.177.63,10
2020-10,B.1.177.71,2
2020-10,B.1.177.84,32
2020-10,B.1.213,3
2020-10,B.1.218,4
2020-10,B.1.22,4
2020-10,B.1.221.3,3
2020-10,B.1.235,90
2020-10,B.1.240.2,9
2020-10,B.1.258.14,3
2020-10,B.1.258.5,50
2020-10,B.1.264.1,1
2020-10,B.1.3,19
2020-10,B.1.315,6
2020-10,B.1.348,5
2020-10,B.1.36.16,32
2020-10,B.1.36.22,1
2020-10,B.1.36.31,6
2020-10,B.1.36.34,5
2020-10,B.1.36.35,35
2020-10,B.1.36.7,6
2020-10,B.1.36.8,5
2020-10,B.1.362,4
2020-10,B.1.362.1,9
2020-10,B.1.362.2,62
2020-10,B.1.395,1
2020-10,B.1.398,2
2020-10,B.1.406,2
2020-10,B.1.408,4
2020-10,B.1.416,8
2020-10,B.1.428.1,1
2020-10,B.1.428.3,1
2020-10,B.1.460,14
2020-10,B.1.463,1
2020-10,B.1.467,1
2020-10,B.1.474,5
2020-10,B.1.480,2
2020-10,B.1.492,1
2020-10,B.1.517,28
2020-10,B.1.526,1
2020-10,B.1.539,2
2020-10,B.1.541,22
2020-10,B.1.548,1
2020-10,B.1.560,2
2020-10,B.1.576,7
2020-10,B.1.580,9
2020-10,B.1.588,1
2020-10,B.1.597,13
2020-10,B.1.9.5,4
2020-10,B.3,1
2020-10,C.16,3
2020-10,C.18,1
2020-10,C.35,36
2020-10,C.36,7
2020-10,C.36.2,4
2020-10,C.5,1
2020-10,G.1,9
2020-10,M.2,1
2020-10,M.3,3
2020-10,N.4,1
2020-10,V.1,18
2020-10,Z.1,33
2020-10,AY.103,3
2020-10,AY.16,1
2020-10,AY.25,3
2020-10,AY.25.1,1
2020-10,AY.44,4
2020-10,B.1.1.101,1
2020-10,B.1.1.113,2
2020-10,B.1.1.441,2
2020-10,B.1.1.461,3
2020-10,B.1.1.485,1
2020-10,B.1.1.512,1
2020-10,B.1.309,1
2020-10,B.1.320,2
2020-10,B.1.375,6
2020-10,B.1.402,8
2020-10,B.1.428,1
2020-10,B.1.433,11
2020-10,B.1.543,3
2020-10,B.1.574,2
2020-10,B.1.586,2
2020-10,B.1.637,4
2020-10,B.4,1
2020-10,BA.2,1
2020-10,BA.2.12.1,2
2020-10,BF.7.1,1
2020-10,AH.2,6
2020-10,B.1.229,2
2020-10,B.1.617,2
2020-10,B.1.1.121,1
2020-10,B.1.1.157,1
2020-10,B.1.1.176,4
2020-10,B.1.1.382,20
2020-10,B.1.1.448,6
2020-10,B.1.1.459,8
2020-10,B.1.1.507,12
2020-10,B.1.1.57,6
2020-10,B.1.237,38
2020-10,B.1.351,85
2020-10,B.1.381,44
2020-10,B.1.393,2
2020-10,B.1.533,1
2020-10,C.1,8
2020-10,N.7,2
2020-10,A,6
2020-10,AY.43.1,1
2020-10,B.1.1.273,2
2020-10,B.1.1.326,4
2020-10,B.1.1.339,1
2020-10,B.1.1.89,1
2020-10,B.1.36.10,45
2020-10,B.1.36.12,4
2020-10,B.1.571,1
2020-10,C.31,1
2020-10,K.2,8
2020-10,N.9,3
2020-10,P.1,4
2020-10,XBB.1.16.11,1
2020-10,AA.1,5
2020-10,AH.3,1
2020-10,AS.1,5
2020-10,AY.98.1,1
2020-10,B.1.1.15,8
2020-10,B.1.1.177,6
2020-10,B.1.1.258,1
2020-10,B.1.1.46,1
2020-10,B.1.177.25,1
2020-10,B.1.223,2
2020-10,B.1.294,2
2020-10,B.1.424,1
2020-10,B.1.468,1
2020-10,B.1.479,2
2020-10,B.1.581,1
2020-10,B.1.9.4,2
2020-10,B.28,1
2020-10,B.52,1
2020-10,AA.3,1
2020-10,B.1.1.203,1
2020-10,B.1.1.227,1
2020-10,B.1.1.310,4
2020-10,B.1.1.347,2
2020-10,B.1.1.389,1
2020-10,B.1.1.74,1
2020-10,B.1.116,1
2020-10,B.1.177.41,1
2020-10,B.1.466,1
2020-10,B.1.518,2
2020-10,B.1.595.3,1
2020-10,B.4.8,2
2020-10,C.8,1
2020-10,N.3,1
2020-10,V.2,4
2020-11,A.23,8
2020-11,AE.2,1
2020-11,AE.4,5
2020-11,AE.6,14
2020-11,AE.7,3
2020-11,AW.1,1
2020-11,AY.3.1,1
2020-11,B,42
2020-11,B.1,2061
2020-11,B.1.1,722
2020-11,B.1.1.1,99
2020-11,B.1.1.128,15
2020-11,B.1.1.141,3
2020-11,B.1.1.168,10
2020-11,B.1.1.186,56
2020-11,B.1.1.189,28
2020-11,B.1.1.192,38
2020-11,B.1.1.205,7
2020-11,B.1.1.207,55
2020-11,B.1.1.216,11
2020-11,B.1.1.222,463
2020-11,B.1.1.231,29
2020-11,B.1.1.239,9
2020-11,B.1.1.25,30
2020-11,B.1.1.251,6
2020-11,B.1.1.265,20
2020-11,B.1.1.27,2
2020-11,B.1.1.277,53
2020-11,B.1.1.279,165
2020-11,B.1.1.291,11
2020-11,B.1.1.304,34
2020-11,B.1.1.316,130
2020-11,B.1.1.322,16
2020-11,B.1.1.326,2
2020-11,B.1.1.329,28
2020-11,B.1.1.33,31
2020-11,B.1.1.337,51
2020-11,B.1.1.351,12
2020-11,B.1.1.358,5
2020-11,B.1.1.362,69
2020-11,B.1.1.368,38
2020-11,B.1.1.392,4
2020-11,B.1.1.416,147
2020-11,B.1.1.432,64
2020-11,B.1.1.434,197
2020-11,B.1.1.453,54
2020-11,B.1.1.464,82
2020-11,B.1.1.467,8
2020-11,B.1.1.50,33
2020-11,B.1.1.512,20
2020-11,B.1.1.518,22
2020-11,B.1.1.519,13
2020-11,B.1.110.3,92
2020-11,B.1.111,19
2020-11,B.1.126,80
2020-11,B.1.139,58
2020-11,B.1.146,11
2020-11,B.1.160,2025
2020-11,B.1.177,14863
2020-11,B.1.2,9132
2020-11,B.1.232,308
2020-11,B.1.234,642
2020-11,B.1.239,118
2020-11,B.1.240,523
2020-11,B.1.241,102
2020-11,B.1.243,1000
2020-11,B.1.263,2
2020-11,B.1.265,93
2020-11,B.1.280,61
2020-11,B.1.281,7
2020-11,B.1.293,4
2020-11,B.1.298,31
2020-11,B.1.3,27
2020-11,B.1.305,20
2020-11,B.1.306,16
2020-11,B.1.311,306
2020-11,B.1.324,80
2020-11,B.1.336,31
2020-11,B.1.337,17
2020-11,B.1.340,8
2020-11,B.1.346,69
2020-11,B.1.349,118
2020-11,B.1.356,1
2020-11,B.1.36,165
2020-11,B.1.36.16,25
2020-11,B.1.36.31,18
2020-11,B.1.36.38,17
2020-11,B.1.36.8,22
2020-11,B.1.361,222
2020-11,B.1.366,5
2020-11,B.1.369,340
2020-11,B.1.375,62
2020-11,B.1.377,11
2020-11,B.1.385,5
2020-11,B.1.396,81
2020-11,B.1.399,92
2020-11,B.1.400,326
2020-11,B.1.401,11
2020-11,B.1.403,10
2020-11,B.1.405,8
2020-11,B.1.409,91
2020-11,B.1.423,54
2020-11,B.1.426,36
2020-11,B.1.427,139
2020-11,B.1.429,366
2020-11,B.1.436,22
2020-11,B.1.443,33
2020-11,B.1.448,21
2020-11,B.1.452,9
2020-11,B.1.453,63
2020-11,B.1.480,19
2020-11,B.1.497,5
2020-11,B.1.503,6
2020-11,B.1.507,3
2020-11,B.1.509,78
2020-11,B.1.517,61
2020-11,B.1.524,22
2020-11,B.1.530,60
2020-11,B.1.539,18
2020-11,B.1.549,92
2020-11,B.1.551,59
2020-11,B.1.556,7
2020-11,B.1.558,37
2020-11,B.1.561,194
2020-11,B.1.564,67
2020-11,B.1.565,242
2020-11,B.1.567,31
2020-11,B.1.568,59
2020-11,B.1.570,14
2020-11,B.1.576,10
2020-11,B.1.577,69
2020-11,B.1.578,1
2020-11,B.1.580,6
2020-11,B.1.582,145
2020-11,B.1.587,9
2020-11,B.1.591,16
2020-11,B.1.595,207
2020-11,B.1.596,91
2020-11,B.1.596.1,15
2020-11,B.1.599,39
2020-11,B.1.605,16
2020-11,B.1.609,133
2020-11,B.1.612,13
2020-11,B.1.78,1
2020-11,B.1.9,2
2020-11,N.8,3
2020-11,P.2,66
2020-11,unclassifiable,1390
2020-11,A,13
2020-11,AD.2,1054
2020-11,AY.5,1
2020-11,B.1.1.10,2
2020-11,B.1.1.12,8
2020-11,B.1.1.153,34
2020-11,B.1.1.170,97
2020-11,B.1.1.177,2
2020-11,B.1.1.198,231
2020-11,B.1.1.214,96
2020-11,B.1.1.228,7
2020-11,B.1.1.244,9
2020-11,B.1.1.258,5
2020-11,B.1.1.28,53
2020-11,B.1.1.286,52
2020-11,B.1.1.294,50
2020-11,B.1.1.306,12
2020-11,B.1.1.307,462
2020-11,B.1.1.311,680
2020-11,B.1.1.312,34
2020-11,B.1.1.317,18
2020-11,B.1.1.347,2
2020-11,B.1.1.352,7
2020-11,B.1.1.355,8
2020-11,B.1.1.37,910
2020-11,B.1.1.376,3
2020-11,B.1.1.389,2
2020-11,B.1.1.39,361
2020-11,B.1.1.403,3
2020-11,B.1.1.463,1
2020-11,B.1.1.482,4
2020-11,B.1.1.487,22
2020-11,B.1.1.506,1
2020-11,B.1.1.67,34
2020-11,B.1.1.7,2472
2020-11,B.1.1.72,2
2020-11,B.1.160.12,33
2020-11,B.1.160.16,209
2020-11,B.1.160.19,1
2020-11,B.1.160.20,55
2020-11,B.1.160.23,19
2020-11,B.1.160.30,160
2020-11,B.1.160.32,54
2020-11,B.1.160.7,169
2020-11,B.1.177.10,174
2020-11,B.1.177.11,180
2020-11,B.1.177.15,509
2020-11,B.1.177.16,505
2020-11,B.1.177.17,433
2020-11,B.1.177.18,281
2020-11,B.1.177.19,198
2020-11,B.1.177.2,92
2020-11,B.1.177.20,292
2020-11,B.1.177.26,134
2020-11,B.1.177.4,1670
2020-11,B.1.177.43,74
2020-11,B.1.177.44,376
2020-11,B.1.177.51,19
2020-11,B.1.177.52,91
2020-11,B.1.177.53,26
2020-11,B.1.177.54,439
2020-11,B.1.177.55,136
2020-11,B.1.177.56,335
2020-11,B.1.177.57,1296
2020-11,B.1.177.58,257
2020-11,B.1.177.6,257
2020-11,B.1.177.69,233
2020-11,B.1.177.7,1403
2020-11,B.1.177.8,366
2020-11,B.1.177.81,148
2020-11,B.1.177.83,8
2020-11,B.1.177.84,32
2020-11,B.1.177.87,492
2020-11,B.1.177.9,218
2020-11,B.1.188,10
2020-11,B.1.189,4
2020-11,B.1.214,2
2020-11,B.1.218,11
2020-11,B.1.221,350
2020-11,B.1.258,899
2020-11,B.1.314,1
2020-11,B.1.318,1
2020-11,B.1.350,4
2020-11,B.1.351,363
2020-11,B.1.36.1,105
2020-11,B.1.36.17,530
2020-11,B.1.36.2,60
2020-11,B.1.36.24,15
2020-11,B.1.36.28,77
2020-11,B.1.36.39,124
2020-11,B.1.36.7,52
2020-11,B.1.363,44
2020-11,B.1.367,31
2020-11,B.1.389,183
2020-11,B.1.393,3
2020-11,B.1.397,19
2020-11,B.1.400.1,3
2020-11,B.1.402,24
2020-11,B.1.404,68
2020-11,B.1.408,36
2020-11,B.1.425,10
2020-11,B.1.428,1
2020-11,B.1.469,33
2020-11,B.1.471,46
2020-11,B.1.516,1
2020-11,B.1.523,59
2020-11,B.1.540,1
2020-11,B.1.541,37
2020-11,B.1.543,6
2020-11,B.1.569,7
2020-11,B.1.588,48
2020-11,B.1.595.2,1
2020-11,B.1.602,22
2020-11,B.1.617.2,2
2020-11,C.18,2
2020-11,C.23,3
2020-11,C.35,28
2020-11,N.4,1
2020-11,R.1,3
2020-11,W.4,217
2020-11,A.23.1,19
2020-11,AA.1,4
2020-11,AA.3,16
2020-11,AA.4,7
2020-11,AA.6,9
2020-11,AA.7,9
2020-11,AC.1,2
2020-11,AF.1,4
2020-11,AH.3,5
2020-11,AK.1,29
2020-11,AM.3,28
2020-11,AN.1,9
2020-11,AP.1,284
2020-11,AQ.1,2
2020-11,AS.1,23
2020-11,AS.2,18
2020-11,AY.4,3
2020-11,B.1.1.118,1
2020-11,B.1.1.130,9
2020-11,B.1.1.134,1
2020-11,B.1.1.135,3
2020-11,B.1.1.138,46
2020-11,B.1.1.139,10
2020-11,B.1.1.144,9
2020-11,B.1.1.149,2
2020-11,B.1.1.158,2
2020-11,B.1.1.159,5
2020-11,B.1.1.165,13
2020-11,B.1.1.171,1
2020-11,B.1.1.174,11
2020-11,B.1.1.187,4
2020-11,B.1.1.193,3
2020-11,B.1.1.196,56
2020-11,B.1.1.204,42
2020-11,B.1.1.209,3
2020-11,B.1.1.217,8
2020-11,B.1.1.218,2
2020-11,B.1.1.219,6
2020-11,B.1.1.232,9
2020-11,B.1.1.234,9
2020-11,B.1.1.236,41
2020-11,B.1.1.240,78
2020-11,B.1.1.241,39
2020-11,B.1.1.242,2
2020-11,B.1.1.243,2
2020-11,B.1.1.253,3
2020-11,B.1.1.255,51
2020-11,B.1.1.263,1
2020-11,B.1.1.269,68
2020-11,B.1.1.272,3
2020-11,B.1.1.274,19
2020-11,B.1.1.284,25
2020-11,B.1.1.285,2
2020-11,B.1.1.297,13
2020-11,B.1.1.301,52
2020-11,B.1.1.302,3
2020-11,B.1.1.303,35
2020-11,B.1.1.305,16
2020-11,B.1.1.308,8
2020-11,B.1.1.309,11
2020-11,B.1.1.315,5
2020-11,B.1.1.320,1
2020-11,B.1.1.327,3
2020-11,B.1.1.336,1
2020-11,B.1.1.354,8
2020-11,B.1.1.369,2
2020-11,B.1.1.371,10
2020-11,B.1.1.372,26
2020-11,B.1.1.373,2
2020-11,B.1.1.374,1
2020-11,B.1.1.375,4
2020-11,B.1.1.385,1
2020-11,B.1.1.397,13
2020-11,B.1.1.41,2
2020-11,B.1.1.413,9
2020-11,B.1.1.418,19
2020-11,B.1.1.428,8
2020-11,B.1.1.429,3
2020-11,B.1.1.437,1
2020-11,B.1.1.44,18
2020-11,B.1.1.441,4
2020-11,B.1.1.450,47
2020-11,B.1.1.46,2
2020-11,B.1.1.461,19
2020-11,B.1.1.47,10
2020-11,B.1.1.485,1
2020-11,B.1.1.486,29
2020-11,B.1.1.51,8
2020-11,B.1.1.521,18
2020-11,B.1.1.58,2
2020-11,B.1.1.70,100
2020-11,B.1.131,13
2020-11,B.1.147,2
2020-11,B.1.160.10,27
2020-11,B.1.160.11,22
2020-11,B.1.160.13,2
2020-11,B.1.160.14,122
2020-11,B.1.160.15,55
2020-11,B.1.160.22,15
2020-11,B.1.160.26,61
2020-11,B.1.160.27,10
2020-11,B.1.160.28,2
2020-11,B.1.160.29,32
2020-11,B.1.160.31,11
2020-11,B.1.160.33,164
2020-11,B.1.160.9,5
2020-11,B.1.164,3
2020-11,B.1.177.21,19
2020-11,B.1.177.23,75
2020-11,B.1.177.28,8
2020-11,B.1.177.30,225
2020-11,B.1.177.32,5
2020-11,B.1.177.33,27
2020-11,B.1.177.41,1
2020-11,B.1.177.45,268
2020-11,B.1.177.48,143
2020-11,B.1.177.5,143
2020-11,B.1.177.60,17
2020-11,B.1.177.62,16
2020-11,B.1.177.63,120
2020-11,B.1.177.65,356
2020-11,B.1.177.71,14
2020-11,B.1.177.72,2
2020-11,B.1.177.75,13
2020-11,B.1.177.77,21
2020-11,B.1.177.80,1
2020-11,B.1.177.82,58
2020-11,B.1.177.85,8
2020-11,B.1.177.86,11
2020-11,B.1.177.89,1
2020-11,B.1.195,2
2020-11,B.1.212,1
2020-11,B.1.213,2
2020-11,B.1.221.1,84
2020-11,B.1.221.2,1
2020-11,B.1.222,1
2020-11,B.1.235,51
2020-11,B.1.236,61
2020-11,B.1.240.2,7
2020-11,B.1.258.10,9
2020-11,B.1.258.12,24
2020-11,B.1.258.14,8
2020-11,B.1.258.17,8
2020-11,B.1.258.3,71
2020-11,B.1.258.4,106
2020-11,B.1.258.5,46
2020-11,B.1.258.6,7
2020-11,B.1.258.7,104
2020-11,B.1.320,3
2020-11,B.1.348,29
2020-11,B.1.36.20,5
2020-11,B.1.36.21,3
2020-11,B.1.36.22,4
2020-11,B.1.36.26,2
2020-11,B.1.36.27,3
2020-11,B.1.36.33,2
2020-11,B.1.36.34,8
2020-11,B.1.36.35,3
2020-11,B.1.36.9,84
2020-11,B.1.362,17
2020-11,B.1.362.1,3
2020-11,B.1.362.2,66
2020-11,B.1.378,2
2020-11,B.1.382,3
2020-11,B.1.398,20
2020-11,B.1.406,5
2020-11,B.1.416,6
2020-11,B.1.416.1,74
2020-11,B.1.421,14
2020-11,B.1.433,28
2020-11,B.1.438,3
2020-11,B.1.438.4,10
2020-11,B.1.441,3
2020-11,B.1.456,2
2020-11,B.1.460,26
2020-11,B.1.466.1,1
2020-11,B.1.467,5
2020-11,B.1.468,1
2020-11,B.1.470,6
2020-11,B.1.474,24
2020-11,B.1.478,5
2020-11,B.1.499.1,1
2020-11,B.1.504,1
2020-11,B.1.521,20
2020-11,B.1.526,3
2020-11,B.1.531,1
2020-11,B.1.532,25
2020-11,B.1.533,1
2020-11,B.1.544,9
2020-11,B.1.545,1
2020-11,B.1.550,27
2020-11,B.1.560,15
2020-11,B.1.597,44
2020-11,B.1.610,41
2020-11,B.1.637,2
2020-11,C.16,18
2020-11,C.17,7
2020-11,C.2,1
2020-11,C.28,3
2020-11,C.3,2
2020-11,C.30,142
2020-11,C.36,13
2020-11,C.36.2,9
2020-11,C.5,2
2020-11,G.1,6
2020-11,M.2,2
2020-11,M.3,7
2020-11,V.1,3
2020-11,W.3,62
2020-11,Y.1,3
2020-11,Z.1,100
2020-11,AY.103,1
2020-11,AY.43,1
2020-11,AY.44,1
2020-11,B.1.1.426,1
2020-11,B.1.199,1
2020-11,B.1.319,1
2020-11,B.1.359,1
2020-11,B.1.420,9
2020-11,B.1.428.2,2
2020-11,B.1.462,1
2020-11,B.1.554,1
2020-11,B.1.574,1
2020-11,B.1.575,1
2020-11,B.1.595.3,1
2020-11,B.1.606,2
2020-11,BA.2.9,1
2020-11,L.3,3
2020-11,W.1,3
2020-11,A.21,1
2020-11,AH.2,5
2020-11,B.1.1.101,1
2020-11,B.1.1.288,2
2020-11,B.1.1.298,3
2020-11,B.1.1.377,1
2020-11,B.1.1.420,1
2020-11,B.1.177.12,4
2020-11,B.1.177.24,1
2020-11,B.1.177.35,3
2020-11,B.1.22,1
2020-11,B.1.258.15,1
2020-11,B.1.473,1
2020-11,C.30.1,5
2020-11,B.1.1.176,2
2020-11,B.1.1.348,1
2020-11,B.1.1.382,8
2020-11,B.1.1.388,2
2020-11,B.1.1.448,6
2020-11,B.1.1.507,4
2020-11,B.1.1.517,1
2020-11,B.1.1.57,2
2020-11,B.1.177.70,1
2020-11,B.1.237,11
2020-11,B.1.258.11,1
2020-11,B.1.381,16
2020-11,BA.1.1.1,1
2020-11,C.13,1
2020-11,C.33,2
2020-11,N.9,7
2020-11,B.1.1.273,1
2020-11,B.1.1.332,2
2020-11,B.1.177.47,4
2020-11,B.1.177.68,3
2020-11,B.1.36.10,9
2020-11,B.1.36.29,7
2020-11,B.1.390,1
2020-11,K.2,36
2020-11,P.7,3
2020-11,S.1,1
2020-11,XBB.1.16,1
2020-11,A.25,1
2020-11,B.1.1.203,1
2020-11,B.1.149,1
2020-11,B.1.36.12,1
2020-11,B.1.499,3
2020-11,AA.2,7
2020-11,AA.8,1
2020-11,AM.2,1
2020-11,B.1.1.113,6
2020-11,B.1.1.115,1
2020-11,B.1.1.163,1
2020-11,B.1.1.349,1
2020-11,B.1.1.425,1
2020-11,B.1.1.529,3
2020-11,B.1.116,1
2020-11,B.1.177.3,21
2020-11,B.1.177.50,1
2020-11,B.1.315,7
2020-11,B.1.518,4
2020-11,B.1.585,1
2020-11,B.1.601,5
2020-11,B.1.603,1
2020-11,B.4.8,1
2020-11,BA.1,3
2020-11,BA.1.1,17
2020-11,BA.1.1.18,1
2020-11,BA.1.15,1
2020-11,BA.1.17,1
2020-11,N.5,4
2020-11,V.2,11
2020-11,XBB.1.5,1
2020-11,XBB.1.5.30,1
2020-11,XBB.1.5.32,1
2020-11,XBB.1.5.33,1
2020-11,XBB.1.5.67,1
2020-11,XBB.1.5.73,1
2020-12,A,16
2020-12,A.21,3
2020-12,A.23,6
2020-12,A.23.1,73
2020-12,B,40
2020-12,B.1,2497
2020-12,B.1.1,804
2020-12,B.1.1.1,62
2020-12,B.1.1.128,5
2020-12,B.1.1.153,69
2020-12,B.1.1.170,73
2020-12,B.1.1.174,16
2020-12,B.1.1.186,35
2020-12,B.1.1.192,47
2020-12,B.1.1.205,40
2020-12,B.1.1.207,186
2020-12,B.1.1.214,164
2020-12,B.1.1.222,750
2020-12,B.1.1.228,34
2020-12,B.1.1.231,19
2020-12,B.1.1.239,12
2020-12,B.1.1.244,5
2020-12,B.1.1.265,36
2020-12,B.1.1.28,39
2020-12,B.1.1.284,23
2020-12,B.1.1.291,13
2020-12,B.1.1.316,106
2020-12,B.1.1.317,40
2020-12,B.1.1.320,4
2020-12,B.1.1.322,3
2020-12,B.1.1.33,20
2020-12,B.1.1.344,2
2020-12,B.1.1.348,38
2020-12,B.1.1.351,15
2020-12,B.1.1.352,3
2020-12,B.1.1.358,3
2020-12,B.1.1.362,35
2020-12,B.1.1.368,32
2020-12,B.1.1.374,4
2020-12,B.1.1.39,310
2020-12,B.1.1.416,305
2020-12,B.1.1.418,16
2020-12,B.1.1.420,3
2020-12,B.1.1.432,99
2020-12,B.1.1.434,431
2020-12,B.1.1.453,11
2020-12,B.1.1.461,18
2020-12,B.1.1.464,50
2020-12,B.1.1.467,17
2020-12,B.1.1.486,86
2020-12,B.1.1.512,6
2020-12,B.1.1.517,23
2020-12,B.1.1.518,36
2020-12,B.1.1.519,136
2020-12,B.1.1.7,19040
2020-12,B.1.1.89,1
2020-12,B.1.110.3,177
2020-12,B.1.111,47
2020-12,B.1.12,1
2020-12,B.1.126,167
2020-12,B.1.139,45
2020-12,B.1.160,1343
2020-12,B.1.177,11922
2020-12,B.1.177.17,242
2020-12,B.1.177.4,752
2020-12,B.1.177.53,17
2020-12,B.1.177.72,5
2020-12,B.1.177.86,34
2020-12,B.1.2,12326
2020-12,B.1.221,505
2020-12,B.1.229,71
2020-12,B.1.232,575
2020-12,B.1.234,833
2020-12,B.1.239,125
2020-12,B.1.240,429
2020-12,B.1.241,196
2020-12,B.1.243,1661
2020-12,B.1.243.1,1
2020-12,B.1.258,963
2020-12,B.1.265,105
2020-12,B.1.280,49
2020-12,B.1.298,42
2020-12,B.1.306,23
2020-12,B.1.311,592
2020-12,B.1.320,7
2020-12,B.1.324,69
2020-12,B.1.346,53
2020-12,B.1.348,16
2020-12,B.1.349,125
2020-12,B.1.350,8
2020-12,B.1.351,736
2020-12,B.1.36,161
2020-12,B.1.36.18,2
2020-12,B.1.36.31,28
2020-12,B.1.36.8,56
2020-12,B.1.361,151
2020-12,B.1.363,8
2020-12,B.1.369,415
2020-12,B.1.375,261
2020-12,B.1.377,14
2020-12,B.1.381,1
2020-12,B.1.396,89
2020-12,B.1.397,11
2020-12,B.1.399,21
2020-12,B.1.400,405
2020-12,B.1.401,33
2020-12,B.1.402,17
2020-12,B.1.403,17
2020-12,B.1.404,104
2020-12,B.1.405,21
2020-12,B.1.409,202
2020-12,B.1.421,10
2020-12,B.1.423,7
2020-12,B.1.427,1168
2020-12,B.1.429,2614
2020-12,B.1.433,41
2020-12,B.1.438.4,23
2020-12,B.1.443,7
2020-12,B.1.452,5
2020-12,B.1.478,8
2020-12,B.1.480,4
2020-12,B.1.509,57
2020-12,B.1.517,251
2020-12,B.1.518,14
2020-12,B.1.521,21
2020-12,B.1.524,8
2020-12,B.1.526,34
2020-12,B.1.530,25
2020-12,B.1.533,27
2020-12,B.1.543,16
2020-12,B.1.549,23
2020-12,B.1.550,15
2020-12,B.1.551,156
2020-12,B.1.556,4
2020-12,B.1.558,30
2020-12,B.1.561,681
2020-12,B.1.563,23
2020-12,B.1.564,81
2020-12,B.1.565,158
2020-12,B.1.567,19
2020-12,B.1.568,85
2020-12,B.1.575,53
2020-12,B.1.577,218
2020-12,B.1.582,123
2020-12,B.1.585,18
2020-12,B.1.587,22
2020-12,B.1.588,131
2020-12,B.1.595,307
2020-12,B.1.596,164
2020-12,B.1.596.1,1
2020-12,B.1.599,38
2020-12,B.1.602,41
2020-12,B.1.605,41
2020-12,B.1.609,188
2020-12,B.1.623,7
2020-12,B.1.637,13
2020-12,C.16,41
2020-12,C.17,14
2020-12,C.2,3
2020-12,L.3,34
2020-12,P.2,140
2020-12,R.1,19
2020-12,W.1,7
2020-12,unclassifiable,2006
2020-12,A.2,1
2020-12,AD.2,267
2020-12,AY.25.1,2
2020-12,AY.4,2
2020-12,AY.44,2
2020-12,B.1.1.101,2
2020-12,B.1.1.135,3
2020-12,B.1.1.141,3
2020-12,B.1.1.198,95
2020-12,B.1.1.216,25
2020-12,B.1.1.219,8
2020-12,B.1.1.258,7
2020-12,B.1.1.277,25
2020-12,B.1.1.294,32
2020-12,B.1.1.304,19
2020-12,B.1.1.305,10
2020-12,B.1.1.311,175
2020-12,B.1.1.329,12
2020-12,B.1.1.337,15
2020-12,B.1.1.354,4
2020-12,B.1.1.37,398
2020-12,B.1.1.50,3
2020-12,B.1.1.515,1
2020-12,B.1.1.63,1
2020-12,B.1.160.10,31
2020-12,B.1.160.16,348
2020-12,B.1.160.20,43
2020-12,B.1.170,10
2020-12,B.1.177.10,318
2020-12,B.1.177.11,154
2020-12,B.1.177.16,416
2020-12,B.1.177.19,106
2020-12,B.1.177.20,71
2020-12,B.1.177.26,8
2020-12,B.1.177.44,446
2020-12,B.1.177.57,751
2020-12,B.1.177.58,140
2020-12,B.1.177.6,374
2020-12,B.1.177.65,828
2020-12,B.1.177.7,1739
2020-12,B.1.177.71,26
2020-12,B.1.177.73,4
2020-12,B.1.177.77,27
2020-12,B.1.177.81,188
2020-12,B.1.177.87,255
2020-12,B.1.188,2
2020-12,B.1.189,6
2020-12,B.1.218,2
2020-12,B.1.258.17,189
2020-12,B.1.3,18
2020-12,B.1.337,5
2020-12,B.1.36.1,100
2020-12,B.1.36.17,132
2020-12,B.1.36.2,94
2020-12,B.1.36.33,2
2020-12,B.1.36.7,36
2020-12,B.1.389,23
2020-12,B.1.398,10
2020-12,B.1.408,52
2020-12,B.1.426,22
2020-12,B.1.438,7
2020-12,B.1.438.3,1
2020-12,B.1.471,28
2020-12,B.1.503,1
2020-12,B.1.591,3
2020-12,B.1.617.2,13
2020-12,B.1.631,1
2020-12,C.23,14
2020-12,C.35,25
2020-12,A.12,1
2020-12,A.19,1
2020-12,A.2.5,1
2020-12,A.24,1
2020-12,A.27,2
2020-12,AA.1,7
2020-12,AA.2,87
2020-12,AA.3,12
2020-12,AA.4,29
2020-12,AA.5,34
2020-12,AA.6,42
2020-12,AA.7,32
2020-12,AA.8,16
2020-12,AE.6,5
2020-12,AE.8,1
2020-12,AF.1,6
2020-12,AH.3,2
2020-12,AK.1,16
2020-12,AM.3,5
2020-12,AN.1,1
2020-12,AP.1,113
2020-12,AS.1,59
2020-12,AS.2,12
2020-12,B.1.1.10,4
2020-12,B.1.1.117,1
2020-12,B.1.1.12,4
2020-12,B.1.1.130,4
2020-12,B.1.1.138,2
2020-12,B.1.1.139,2
2020-12,B.1.1.158,4
2020-12,B.1.1.159,4
2020-12,B.1.1.182,5
2020-12,B.1.1.189,39
2020-12,B.1.1.196,8
2020-12,B.1.1.200,1
2020-12,B.1.1.204,6
2020-12,B.1.1.218,9
2020-12,B.1.1.224,1
2020-12,B.1.1.234,2
2020-12,B.1.1.236,2
2020-12,B.1.1.240,25
2020-12,B.1.1.242,1
2020-12,B.1.1.243,4
2020-12,B.1.1.25,46
2020-12,B.1.1.253,3
2020-12,B.1.1.255,6
2020-12,B.1.1.269,12
2020-12,B.1.1.272,1
2020-12,B.1.1.274,25
2020-12,B.1.1.275,2
2020-12,B.1.1.279,11
2020-12,B.1.1.285,1
2020-12,B.1.1.286,12
2020-12,B.1.1.297,8
2020-12,B.1.1.301,23
2020-12,B.1.1.306,15
2020-12,B.1.1.307,63
2020-12,B.1.1.315,1
2020-12,B.1.1.319,1
2020-12,B.1.1.325,1
2020-12,B.1.1.334,2
2020-12,B.1.1.34,1
2020-12,B.1.1.353,1
2020-12,B.1.1.355,9
2020-12,B.1.1.359,1
2020-12,B.1.1.370,3
2020-12,B.1.1.372,6
2020-12,B.1.1.384,7
2020-12,B.1.1.385,3
2020-12,B.1.1.389,1
2020-12,B.1.1.397,20
2020-12,B.1.1.403,3
2020-12,B.1.1.404,1
2020-12,B.1.1.406,1
2020-12,B.1.1.413,25
2020-12,B.1.1.417,1
2020-12,B.1.1.423,1
2020-12,B.1.1.428,15
2020-12,B.1.1.445,13
2020-12,B.1.1.450,3
2020-12,B.1.1.46,10
2020-12,B.1.1.47,14
2020-12,B.1.1.487,37
2020-12,B.1.1.521,8
2020-12,B.1.1.53,1
2020-12,B.1.1.58,9
2020-12,B.1.1.67,12
2020-12,B.1.1.70,134
2020-12,B.1.1.72,4
2020-12,B.1.131,6
2020-12,B.1.146,8
2020-12,B.1.149,2
2020-12,B.1.160.11,49
2020-12,B.1.160.12,73
2020-12,B.1.160.14,101
2020-12,B.1.160.15,40
2020-12,B.1.160.19,6
2020-12,B.1.160.22,54
2020-12,B.1.160.23,1
2020-12,B.1.160.26,86
2020-12,B.1.160.27,3
2020-12,B.1.160.28,3
2020-12,B.1.160.29,43
2020-12,B.1.160.30,105
2020-12,B.1.160.31,25
2020-12,B.1.160.32,68
2020-12,B.1.160.7,84
2020-12,B.1.160.8,1
2020-12,B.1.160.9,44
2020-12,B.1.164,1
2020-12,B.1.177.12,5
2020-12,B.1.177.15,452
2020-12,B.1.177.18,257
2020-12,B.1.177.2,8
2020-12,B.1.177.21,23
2020-12,B.1.177.23,45
2020-12,B.1.177.24,4
2020-12,B.1.177.28,9
2020-12,B.1.177.30,223
2020-12,B.1.177.31,1
2020-12,B.1.177.32,29
2020-12,B.1.177.33,8
2020-12,B.1.177.35,5
2020-12,B.1.177.41,1
2020-12,B.1.177.43,168
2020-12,B.1.177.45,166
2020-12,B.1.177.47,56
2020-12,B.1.177.48,113
2020-12,B.1.177.5,210
2020-12,B.1.177.50,2
2020-12,B.1.177.51,30
2020-12,B.1.177.52,33
2020-12,B.1.177.54,411
2020-12,B.1.177.55,42
2020-12,B.1.177.56,136
2020-12,B.1.177.60,11
2020-12,B.1.177.62,22
2020-12,B.1.177.63,140
2020-12,B.1.177.67,2
2020-12,B.1.177.69,85
2020-12,B.1.177.74,8
2020-12,B.1.177.75,13
2020-12,B.1.177.8,236
2020-12,B.1.177.80,3
2020-12,B.1.177.82,37
2020-12,B.1.177.83,4
2020-12,B.1.177.84,55
2020-12,B.1.177.85,4
2020-12,B.1.177.89,12
2020-12,B.1.177.9,157
2020-12,B.1.195,3
2020-12,B.1.199,17
2020-12,B.1.206,2
2020-12,B.1.208,2
2020-12,B.1.214,10
2020-12,B.1.214.2,3
2020-12,B.1.221.1,30
2020-12,B.1.221.2,3
2020-12,B.1.222,2
2020-12,B.1.236,62
2020-12,B.1.240.2,4
2020-12,B.1.258.10,2
2020-12,B.1.258.11,5
2020-12,B.1.258.12,7
2020-12,B.1.258.14,5
2020-12,B.1.258.16,1
2020-12,B.1.258.22,3
2020-12,B.1.258.23,23
2020-12,B.1.258.3,21
2020-12,B.1.258.4,21
2020-12,B.1.258.5,8
2020-12,B.1.258.7,119
2020-12,B.1.336,8
2020-12,B.1.340,12
2020-12,B.1.36.10,6
2020-12,B.1.36.16,82
2020-12,B.1.36.22,3
2020-12,B.1.36.24,64
2020-12,B.1.36.26,5
2020-12,B.1.36.27,15
2020-12,B.1.36.28,13
2020-12,B.1.36.29,24
2020-12,B.1.36.34,11
2020-12,B.1.36.35,44
2020-12,B.1.36.36,1
2020-12,B.1.36.38,11
2020-12,B.1.36.39,36
2020-12,B.1.36.9,52
2020-12,B.1.362,3
2020-12,B.1.362.2,9
2020-12,B.1.367,5
2020-12,B.1.378,2
2020-12,B.1.382,1
2020-12,B.1.385,1
2020-12,B.1.400.1,11
2020-12,B.1.406,3
2020-12,B.1.416,9
2020-12,B.1.416.1,36
2020-12,B.1.420,8
2020-12,B.1.428.2,2
2020-12,B.1.436,7
2020-12,B.1.438.1,1
2020-12,B.1.448,18
2020-12,B.1.453,10
2020-12,B.1.459,1
2020-12,B.1.460,1
2020-12,B.1.462,4
2020-12,B.1.466,4
2020-12,B.1.466.1,7
2020-12,B.1.468,1
2020-12,B.1.469,47
2020-12,B.1.470,3
2020-12,B.1.473,3
2020-12,B.1.497,5
2020-12,B.1.499.1,2
2020-12,B.1.516,1
2020-12,B.1.520,2
2020-12,B.1.523,28
2020-12,B.1.525,13
2020-12,B.1.527,1
2020-12,B.1.541,17
2020-12,B.1.544,40
2020-12,B.1.555,2
2020-12,B.1.560,18
2020-12,B.1.562,2
2020-12,B.1.570,6
2020-12,B.1.578,2
2020-12,B.1.580,5
2020-12,B.1.603,5
2020-12,B.1.610,10
2020-12,B.1.612,3
2020-12,B.1.9.4,5
2020-12,C.1,4
2020-12,C.18,15
2020-12,C.20,1
2020-12,C.30,34
2020-12,C.31,9
2020-12,C.36,51
2020-12,C.36.2,8
2020-12,K.2,30
2020-12,M.2,6
2020-12,M.3,1
2020-12,N.5,16
2020-12,N.9,7
2020-12,P.1,13
2020-12,Q.4,6
2020-12,R.2,2
2020-12,U.1,8
2020-12,V.1,3
2020-12,W.3,14
2020-12,W.4,150
2020-12,Z.1,114
2020-12,A.28,3
2020-12,AY.122,2
2020-12,AY.43,2
2020-12,B.1.1.208,1
2020-12,B.1.1.392,2
2020-12,B.1.1.426,1
2020-12,B.1.263,2
2020-12,B.1.390,5
2020-12,B.1.545,1
2020-12,B.1.576,2
2020-12,B.1.595.3,1
2020-12,B.1.601,3
2020-12,B.1.78,1
2020-12,B.1.9,3
2020-12,BA.1,3
2020-12,BA.1.1,21
2020-12,BA.2,7
2020-12,BA.2.10,1
2020-12,BA.2.72,1
2020-12,BA.2.73,2
2020-12,BA.2.9,2
2020-12,Q.3,2
2020-12,AH.2,3
2020-12,AY.103,1
2020-12,AY.9.2,1
2020-12,B.1.1.220,2
2020-12,B.1.1.241,6
2020-12,B.1.1.251,3
2020-12,B.1.1.380,1
2020-12,B.1.177.76,1
2020-12,B.1.36.20,1
2020-12,B.1.425,3
2020-12,B.1.539,3
2020-12,B.1.597,3
2020-12,BA.1.1.18,1
2020-12,AY.4.2.1,1
2020-12,B.1.1.176,4
2020-12,B.1.1.332,1
2020-12,B.1.1.40,2
2020-12,B.1.1.507,2
2020-12,B.1.1.528,2
2020-12,B.1.1.57,2
2020-12,B.1.177.42,1
2020-12,B.1.237,6
2020-12,B.1.499,7
2020-12,B.1.9.5,1
2020-12,BA.1.17.2,1
2020-12,C.4,2
2020-12,N.4,4
2020-12,P.7,6
2020-12,AD.1,2
2020-12,AE.4,1
2020-12,B.1.1.273,1
2020-12,B.1.143,1
2020-12,B.1.160.17,1
2020-12,B.1.177.61,1
2020-12,B.1.258.24,1
2020-12,B.1.537,1
2020-12,B.1.548,1
2020-12,EG.5.1.1,1
2020-12,Q.1,2
2020-12,A.2.4,1
2020-12,AC.1,8
2020-12,AY.5,1
2020-12,B.1.1.303,1
2020-12,B.1.1.364,1
2020-12,B.1.160.13,1
2020-12,B.1.177.59,2
2020-12,B.1.235,2
2020-12,B.1.532,4
2020-12,B.1.600,1
2020-12,B.1.93,1
2020-12,A.2.5.2,3
2020-12,B.1.1.113,9
2020-12,B.1.1.142,2
2020-12,B.1.1.181,1
2020-12,B.1.1.310,1
2020-12,B.1.1.405,2
2020-12,B.1.1.412,1
2020-12,B.1.1.529,2
2020-12,B.1.177.49,1
2020-12,B.1.293,2
2020-12,B.1.315,12
2020-12,B.1.36.37,1
2020-12,B.1.531,2
2020-12,B.1.621,6
2020-12,B.1.625,3
2020-12,B.35,1
2020-12,C.14,1
2020-12,JN.1.22,1
2020-12,V.2,4
2020-12,XBB.1.5,6
2020-12,XBB.1.5.67,1
2020-12,XBB.6.1,1
2021-01,A,23
2021-01,A.21,29
2021-01,A.23,3
2021-01,A.23.1,137
2021-01,A.27,42
2021-01,AY.100,1
2021-01,AY.103,5
2021-01,AY.121,3
2021-01,AY.122,6
2021-01,AY.124,1
2021-01,AY.126,4
2021-01,AY.23,1
2021-01,AY.23.2,2
2021-01,AY.25,2
2021-01,AY.26,2
2021-01,AY.3,2
2021-01,AY.39,1
2021-01,AY.39.1,1
2021-01,AY.4,23
2021-01,AY.42,5
2021-01,AY.43,11
2021-01,AY.46.6,2
2021-01,AY.9.2,6
2021-01,AY.98.1,2
2021-01,B,40
2021-01,B.1,2018
2021-01,B.1.1,821
2021-01,B.1.1.1,68
2021-01,B.1.1.10,12
2021-01,B.1.1.101,6
2021-01,B.1.1.111,1
2021-01,B.1.1.117,1
2021-01,B.1.1.186,21
2021-01,B.1.1.207,135
2021-01,B.1.1.222,635
2021-01,B.1.1.228,27
2021-01,B.1.1.231,23
2021-01,B.1.1.25,80
2021-01,B.1.1.265,47
2021-01,B.1.1.28,74
2021-01,B.1.1.291,2
2021-01,B.1.1.316,261
2021-01,B.1.1.317,183
2021-01,B.1.1.318,28
2021-01,B.1.1.344,4
2021-01,B.1.1.348,80
2021-01,B.1.1.352,7
2021-01,B.1.1.362,25
2021-01,B.1.1.368,62
2021-01,B.1.1.39,321
2021-01,B.1.1.416,216
2021-01,B.1.1.432,105
2021-01,B.1.1.434,399
2021-01,B.1.1.464,25
2021-01,B.1.1.486,107
2021-01,B.1.1.5,1
2021-01,B.1.1.517,40
2021-01,B.1.1.519,852
2021-01,B.1.1.7,67625
2021-01,B.1.110.3,220
2021-01,B.1.111,101
2021-01,B.1.126,97
2021-01,B.1.139,32
2021-01,B.1.160,3018
2021-01,B.1.177.86,588
2021-01,B.1.2,17391
2021-01,B.1.232,301
2021-01,B.1.234,1097
2021-01,B.1.239,86
2021-01,B.1.240,260
2021-01,B.1.241,206
2021-01,B.1.243,1668
2021-01,B.1.243.1,1
2021-01,B.1.258.17,320
2021-01,B.1.265,90
2021-01,B.1.280,50
2021-01,B.1.298,70
2021-01,B.1.311,510
2021-01,B.1.324,64
2021-01,B.1.340,6
2021-01,B.1.346,75
2021-01,B.1.349,179
2021-01,B.1.351,705
2021-01,B.1.351.2,26
2021-01,B.1.36,127
2021-01,B.1.36.8,20
2021-01,B.1.361,100
2021-01,B.1.369,215
2021-01,B.1.375,303
2021-01,B.1.377,20
2021-01,B.1.396,70
2021-01,B.1.400,513
2021-01,B.1.403,8
2021-01,B.1.404,175
2021-01,B.1.409,198
2021-01,B.1.420,15
2021-01,B.1.427,2358
2021-01,B.1.429,4768
2021-01,B.1.433,78
2021-01,B.1.438.4,13
2021-01,B.1.462,3
2021-01,B.1.478,13
2021-01,B.1.480,10
2021-01,B.1.509,42
2021-01,B.1.517,382
2021-01,B.1.525,224
2021-01,B.1.526,428
2021-01,B.1.530,28
2021-01,B.1.543,18
2021-01,B.1.544,29
2021-01,B.1.549,1
2021-01,B.1.551,204
2021-01,B.1.558,19
2021-01,B.1.561,505
2021-01,B.1.564,32
2021-01,B.1.565,110
2021-01,B.1.568,163
2021-01,B.1.575,211
2021-01,B.1.576,2
2021-01,B.1.577,277
2021-01,B.1.580,17
2021-01,B.1.582,116
2021-01,B.1.588,223
2021-01,B.1.595,150
2021-01,B.1.596,320
2021-01,B.1.596.1,1
2021-01,B.1.599,35
2021-01,B.1.602,19
2021-01,B.1.603,16
2021-01,B.1.605,46
2021-01,B.1.609,210
2021-01,B.1.623,58
2021-01,B.1.627,5
2021-01,B.1.637,138
2021-01,C.14,1
2021-01,C.31,8
2021-01,L.3,75
2021-01,N.5,32
2021-01,P.2,290
2021-01,R.1,142
2021-01,W.1,18
2021-01,unclassifiable,4523
2021-01,A.2.5,30
2021-01,AA.7,53
2021-01,AY.113,1
2021-01,AY.129,1
2021-01,AY.5,1
2021-01,B.1.1.153,40
2021-01,B.1.1.170,59
2021-01,B.1.1.192,47
2021-01,B.1.1.198,10
2021-01,B.1.1.205,5
2021-01,B.1.1.214,60
2021-01,B.1.1.216,17
2021-01,B.1.1.306,12
2021-01,B.1.1.315,6
2021-01,B.1.1.322,8
2021-01,B.1.1.337,22
2021-01,B.1.1.37,111
2021-01,B.1.1.397,7
2021-01,B.1.1.412,1
2021-01,B.1.1.413,12
2021-01,B.1.1.420,43
2021-01,B.1.1.445,11
2021-01,B.1.1.50,10
2021-01,B.1.1.512,2
2021-01,B.1.1.518,23
2021-01,B.1.1.70,184
2021-01,B.1.160.11,52
2021-01,B.1.160.14,116
2021-01,B.1.160.16,379
2021-01,B.1.160.19,20
2021-01,B.1.160.20,6
2021-01,B.1.160.29,71
2021-01,B.1.177,7856
2021-01,B.1.177.11,20
2021-01,B.1.177.16,267
2021-01,B.1.177.18,107
2021-01,B.1.177.19,47
2021-01,B.1.177.35,8
2021-01,B.1.177.4,443
2021-01,B.1.177.43,221
2021-01,B.1.177.44,434
2021-01,B.1.177.53,12
2021-01,B.1.177.57,222
2021-01,B.1.177.60,47
2021-01,B.1.177.69,52
2021-01,B.1.177.81,523
2021-01,B.1.177.84,16
2021-01,B.1.177.87,61
2021-01,B.1.177.9,73
2021-01,B.1.189,9
2021-01,B.1.214,46
2021-01,B.1.214.2,10
2021-01,B.1.221,843
2021-01,B.1.258,1096
2021-01,B.1.258.14,17
2021-01,B.1.289,6
2021-01,B.1.3,14
2021-01,B.1.306,27
2021-01,B.1.337,38
2021-01,B.1.36.1,105
2021-01,B.1.36.2,13
2021-01,B.1.36.29,41
2021-01,B.1.36.31,43
2021-01,B.1.362,16
2021-01,B.1.398,45
2021-01,B.1.399,8
2021-01,B.1.400.1,33
2021-01,B.1.401,11
2021-01,B.1.405,6
2021-01,B.1.408,50
2021-01,B.1.423,2
2021-01,B.1.438,1
2021-01,B.1.443,3
2021-01,B.1.471,11
2021-01,B.1.524,12
2021-01,B.1.560,17
2021-01,B.1.567,11
2021-01,B.1.587,27
2021-01,B.1.617.2,10
2021-01,B.1.619,4
2021-01,B.1.639,2
2021-01,C.2.1,9
2021-01,C.23,48
2021-01,P.1,76
2021-01,P.3,3
2021-01,Q.3,59
2021-01,U.1,71
2021-01,A.19,1
2021-01,A.2,2
2021-01,A.2.5.2,4
2021-01,A.28,10
2021-01,AA.1,11
2021-01,AA.2,33
2021-01,AA.4,43
2021-01,AA.5,19
2021-01,AA.6,14
2021-01,AA.8,21
2021-01,AC.1,5
2021-01,AD.2,55
2021-01,AE.6,1
2021-01,AF.1,13
2021-01,AG.1,1
2021-01,AH.1,7
2021-01,AH.2,13
2021-01,AM.1,1
2021-01,AN.1,5
2021-01,AP.1,32
2021-01,AT.1,2
2021-01,AY.44,2
2021-01,AY.57,1
2021-01,B.1.1.12,4
2021-01,B.1.1.128,3
2021-01,B.1.1.129,1
2021-01,B.1.1.141,16
2021-01,B.1.1.142,1
2021-01,B.1.1.152,3
2021-01,B.1.1.158,3
2021-01,B.1.1.159,20
2021-01,B.1.1.163,6
2021-01,B.1.1.168,1
2021-01,B.1.1.174,7
2021-01,B.1.1.182,1
2021-01,B.1.1.189,55
2021-01,B.1.1.204,2
2021-01,B.1.1.218,2
2021-01,B.1.1.219,11
2021-01,B.1.1.220,3
2021-01,B.1.1.224,1
2021-01,B.1.1.232,7
2021-01,B.1.1.236,2
2021-01,B.1.1.240,8
2021-01,B.1.1.241,2
2021-01,B.1.1.243,9
2021-01,B.1.1.251,5
2021-01,B.1.1.255,5
2021-01,B.1.1.261,1
2021-01,B.1.1.263,1
2021-01,B.1.1.269,40
2021-01,B.1.1.272,1
2021-01,B.1.1.274,7
2021-01,B.1.1.277,14
2021-01,B.1.1.280,2
2021-01,B.1.1.286,3
2021-01,B.1.1.294,33
2021-01,B.1.1.297,57
2021-01,B.1.1.301,6
2021-01,B.1.1.304,26
2021-01,B.1.1.305,7
2021-01,B.1.1.307,13
2021-01,B.1.1.311,49
2021-01,B.1.1.312,7
2021-01,B.1.1.320,7
2021-01,B.1.1.327,4
2021-01,B.1.1.328,2
2021-01,B.1.1.329,17
2021-01,B.1.1.33,16
2021-01,B.1.1.334,1
2021-01,B.1.1.335,2
2021-01,B.1.1.338,4
2021-01,B.1.1.347,2
2021-01,B.1.1.349,3
2021-01,B.1.1.351,20
2021-01,B.1.1.353,6
2021-01,B.1.1.354,4
2021-01,B.1.1.355,6
2021-01,B.1.1.358,1
2021-01,B.1.1.359,3
2021-01,B.1.1.370,1
2021-01,B.1.1.372,2
2021-01,B.1.1.374,2
2021-01,B.1.1.381,1
2021-01,B.1.1.384,24
2021-01,B.1.1.385,111
2021-01,B.1.1.389,3
2021-01,B.1.1.393,1
2021-01,B.1.1.398,4
2021-01,B.1.1.40,1
2021-01,B.1.1.402,1
2021-01,B.1.1.403,2
2021-01,B.1.1.404,1
2021-01,B.1.1.411,1
2021-01,B.1.1.418,9
2021-01,B.1.1.424,1
2021-01,B.1.1.428,13
2021-01,B.1.1.430,1
2021-01,B.1.1.453,6
2021-01,B.1.1.458,8
2021-01,B.1.1.461,3
2021-01,B.1.1.462,1
2021-01,B.1.1.467,4
2021-01,B.1.1.47,19
2021-01,B.1.1.487,16
2021-01,B.1.1.516,1
2021-01,B.1.1.521,19
2021-01,B.1.1.526,1
2021-01,B.1.1.529,2
2021-01,B.1.1.58,7
2021-01,B.1.1.62,1
2021-01,B.1.1.63,1
2021-01,B.1.1.67,15
2021-01,B.1.1.71,1
2021-01,B.1.1.72,2
2021-01,B.1.1.74,1
2021-01,B.1.1.89,1
2021-01,B.1.105,1
2021-01,B.1.131,3
2021-01,B.1.146,41
2021-01,B.1.149,1
2021-01,B.1.160.10,41
2021-01,B.1.160.12,44
2021-01,B.1.160.13,5
2021-01,B.1.160.15,49
2021-01,B.1.160.22,40
2021-01,B.1.160.23,1
2021-01,B.1.160.26,147
2021-01,B.1.160.27,2
2021-01,B.1.160.28,29
2021-01,B.1.160.30,203
2021-01,B.1.160.31,55
2021-01,B.1.160.32,19
2021-01,B.1.160.7,14
2021-01,B.1.160.9,47
2021-01,B.1.164,1
2021-01,B.1.170,7
2021-01,B.1.177.10,408
2021-01,B.1.177.15,125
2021-01,B.1.177.17,81
2021-01,B.1.177.20,16
2021-01,B.1.177.21,20
2021-01,B.1.177.23,7
2021-01,B.1.177.28,43
2021-01,B.1.177.30,36
2021-01,B.1.177.31,32
2021-01,B.1.177.32,65
2021-01,B.1.177.33,5
2021-01,B.1.177.41,1
2021-01,B.1.177.45,10
2021-01,B.1.177.46,7
2021-01,B.1.177.47,9
2021-01,B.1.177.48,37
2021-01,B.1.177.5,121
2021-01,B.1.177.51,31
2021-01,B.1.177.52,23
2021-01,B.1.177.54,180
2021-01,B.1.177.55,18
2021-01,B.1.177.56,57
2021-01,B.1.177.58,212
2021-01,B.1.177.59,3
2021-01,B.1.177.6,103
2021-01,B.1.177.62,178
2021-01,B.1.177.63,48
2021-01,B.1.177.64,1
2021-01,B.1.177.65,180
2021-01,B.1.177.7,695
2021-01,B.1.177.71,36
2021-01,B.1.177.72,19
2021-01,B.1.177.73,10
2021-01,B.1.177.74,3
2021-01,B.1.177.75,89
2021-01,B.1.177.77,81
2021-01,B.1.177.8,173
2021-01,B.1.177.80,1
2021-01,B.1.177.82,21
2021-01,B.1.177.83,13
2021-01,B.1.177.85,12
2021-01,B.1.177.89,27
2021-01,B.1.179,1
2021-01,B.1.195,4
2021-01,B.1.199,1
2021-01,B.1.208,1
2021-01,B.1.213,1
2021-01,B.1.214.3,4
2021-01,B.1.221.1,10
2021-01,B.1.221.2,46
2021-01,B.1.221.3,1
2021-01,B.1.221.4,3
2021-01,B.1.222,2
2021-01,B.1.236,40
2021-01,B.1.237,1
2021-01,B.1.238,6
2021-01,B.1.240.2,2
2021-01,B.1.258.11,2
2021-01,B.1.258.12,1
2021-01,B.1.258.16,7
2021-01,B.1.258.20,1
2021-01,B.1.258.22,1
2021-01,B.1.258.23,18
2021-01,B.1.258.3,13
2021-01,B.1.258.4,3
2021-01,B.1.258.7,12
2021-01,B.1.264.1,1
2021-01,B.1.274,1
2021-01,B.1.301,1
2021-01,B.1.305,3
2021-01,B.1.320,11
2021-01,B.1.336,1
2021-01,B.1.348,3
2021-01,B.1.350,4
2021-01,B.1.36.17,41
2021-01,B.1.36.18,3
2021-01,B.1.36.22,1
2021-01,B.1.36.24,42
2021-01,B.1.36.27,15
2021-01,B.1.36.28,4
2021-01,B.1.36.34,3
2021-01,B.1.36.35,78
2021-01,B.1.36.37,1
2021-01,B.1.36.38,7
2021-01,B.1.36.7,13
2021-01,B.1.36.9,7
2021-01,B.1.362.2,6
2021-01,B.1.363,2
2021-01,B.1.366,2
2021-01,B.1.367,10
2021-01,B.1.378,1
2021-01,B.1.384,2
2021-01,B.1.389,11
2021-01,B.1.393,1
2021-01,B.1.397,5
2021-01,B.1.402,4
2021-01,B.1.406,1
2021-01,B.1.416,2
2021-01,B.1.416.1,36
2021-01,B.1.425,3
2021-01,B.1.426,2
2021-01,B.1.429.1,6
2021-01,B.1.436,1
2021-01,B.1.438.1,2
2021-01,B.1.441,3
2021-01,B.1.448,15
2021-01,B.1.450,1
2021-01,B.1.452,1
2021-01,B.1.453,3
2021-01,B.1.460,5
2021-01,B.1.466.1,13
2021-01,B.1.468,1
2021-01,B.1.469,12
2021-01,B.1.473,2
2021-01,B.1.474,7
2021-01,B.1.499,17
2021-01,B.1.503,2
2021-01,B.1.518,20
2021-01,B.1.521,6
2021-01,B.1.523,8
2021-01,B.1.527,4
2021-01,B.1.531,12
2021-01,B.1.533,7
2021-01,B.1.539,7
2021-01,B.1.540,1
2021-01,B.1.541,24
2021-01,B.1.550,4
2021-01,B.1.555,1
2021-01,B.1.556,2
2021-01,B.1.562,1
2021-01,B.1.563,13
2021-01,B.1.564.1,1
2021-01,B.1.569,1
2021-01,B.1.575.1,5
2021-01,B.1.581,2
2021-01,B.1.585,6
2021-01,B.1.591,6
2021-01,B.1.597,2
2021-01,B.1.601,2
2021-01,B.1.606,1
2021-01,B.1.610,1
2021-01,B.1.635,3
2021-01,B.1.636,3
2021-01,B.1.9,3
2021-01,B.1.9.4,48
2021-01,B.1.9.5,12
2021-01,B.1.94,2
2021-01,B.4,3
2021-01,BQ.1.18,1
2021-01,C.16,84
2021-01,C.17,22
2021-01,C.20,9
2021-01,C.30,3
2021-01,C.35,75
2021-01,C.36,56
2021-01,C.36.2,6
2021-01,C.37,20
2021-01,C.4,5
2021-01,CQ.2,1
2021-01,D.5,2
2021-01,M.2,3
2021-01,N.4,1
2021-01,P.1.10,2
2021-01,Q.4,7
2021-01,R.2,27
2021-01,V.1,17
2021-01,W.2,1
2021-01,W.3,13
2021-01,W.4,102
2021-01,XA,1
2021-01,Y.1,5
2021-01,Z.1,11
2021-01,AY.110,1
2021-01,AY.114,1
2021-01,AY.119.1,1
2021-01,AY.36,3
2021-01,AY.75,1
2021-01,AY.99.1,1
2021-01,B.1.1.239,1
2021-01,B.1.1.466,1
2021-01,B.1.36.16,83
2021-01,B.1.390,5
2021-01,B.1.44,3
2021-01,B.1.466,7
2021-01,B.1.574,1
2021-01,B.3,2
2021-01,BA.1,27
2021-01,BA.1.1,41
2021-01,BA.2,6
2021-01,BA.2.12.1,1
2021-01,AJ.1,1
2021-01,AY.107,1
2021-01,AY.4.2.3,1
2021-01,B.1.1.254,2
2021-01,B.1.1.284,5
2021-01,B.1.1.524,1
2021-01,B.1.160.25,19
2021-01,B.1.177.50,3
2021-01,B.1.177.76,2
2021-01,B.1.382,1
2021-01,B.1.516,1
2021-01,B.1.570,2
2021-01,BA.1.1.18,5
2021-01,BA.1.15,9
2021-01,BA.1.20,1
2021-01,P.7,10
2021-01,B.1.1.176,4
2021-01,BA.1.1.2,3
2021-01,BA.1.18,2
2021-01,C.21,2
2021-01,N.9,2
2021-01,AY.4.2,1
2021-01,B.1.1.273,1
2021-01,B.1.1.309,1
2021-01,B.1.160.8,1
2021-01,B.1.177.12,2
2021-01,B.52,3
2021-01,BA.1.1.11,1
2021-01,BA.1.15.1,4
2021-01,BA.1.16,1
2021-01,BA.1.17.2,10
2021-01,V.2,32
2021-01,AS.1,4
2021-01,AS.2,18
2021-01,AY.4.2.1,1
2021-01,AY.4.2.2,2
2021-01,B.1.1.482,1
2021-01,B.1.177.67,1
2021-01,B.1.36.39,5
2021-01,B.1.381,1
2021-01,BA.1.1.13,1
2021-01,AA.3,7
2021-01,AY.98,1
2021-01,B.1.1.325,1
2021-01,B.1.1.332,1
2021-01,B.1.1.500,1
2021-01,B.1.177.29,1
2021-01,B.1.177.39,5
2021-01,B.1.210,1
2021-01,B.1.263,1
2021-01,B.1.293,1
2021-01,B.1.36.10,2
2021-01,B.1.470,2
2021-01,B.1.604,1
2021-01,B.1.621,10
2021-01,B.1.625,7
2021-01,BA.1.17,1
2021-01,BA.1.5,1
2021-01,BA.5.1.1,1
2021-01,BE.1,1
2021-01,BQ.1.1.77,1
2021-01,C.1,3
2021-01,K.2,1
2021-01,P.1.17,2
2021-01,Q.1,3
2021-01,XBB.1,1
2021-01,XBB.1.5,4
2021-02,A,19
2021-02,A.23.1,49
2021-02,A.27,38
2021-02,AY.100,2
2021-02,AY.103,3
2021-02,AY.118,2
2021-02,AY.122,7
2021-02,AY.124,2
2021-02,AY.4,16
2021-02,AY.42,3
2021-02,AY.43,17
2021-02,AY.46.6,3
2021-02,AY.5,2
2021-02,AY.7.1,1
2021-02,B.1,2003
2021-02,B.1.1,944
2021-02,B.1.1.101,10
2021-02,B.1.1.153,65
2021-02,B.1.1.222,684
2021-02,B.1.1.25,37
2021-02,B.1.1.317,459
2021-02,B.1.1.318,110
2021-02,B.1.1.322,9
2021-02,B.1.1.337,28
2021-02,B.1.1.348,176
2021-02,B.1.1.434,307
2021-02,B.1.1.461,5
2021-02,B.1.1.467,2
2021-02,B.1.1.486,70
2021-02,B.1.1.519,2826
2021-02,B.1.1.7,81643
2021-02,B.1.111,99
2021-02,B.1.126,71
2021-02,B.1.160,2175
2021-02,B.1.177,2274
2021-02,B.1.177.21,46
2021-02,B.1.177.52,63
2021-02,B.1.177.81,1019
2021-02,B.1.177.86,1202
2021-02,B.1.2,18078
2021-02,B.1.203,3
2021-02,B.1.221,793
2021-02,B.1.232,165
2021-02,B.1.234,891
2021-02,B.1.240,111
2021-02,B.1.243,1689
2021-02,B.1.258,1016
2021-02,B.1.258.17,269
2021-02,B.1.265,70
2021-02,B.1.280,28
2021-02,B.1.298,33
2021-02,B.1.311,435
2021-02,B.1.320,1
2021-02,B.1.349,141
2021-02,B.1.351,913
2021-02,B.1.361,40
2021-02,B.1.362,18
2021-02,B.1.369,80
2021-02,B.1.375,103
2021-02,B.1.377,17
2021-02,B.1.400,147
2021-02,B.1.404,92
2021-02,B.1.409,174
2021-02,B.1.427,3666
2021-02,B.1.429,7726
2021-02,B.1.478,26
2021-02,B.1.480,16
2021-02,B.1.517,591
2021-02,B.1.518,44
2021-02,B.1.524,4
2021-02,B.1.525,408
2021-02,B.1.526,3254
2021-02,B.1.530,6
2021-02,B.1.551,167
2021-02,B.1.561,286
2021-02,B.1.563,12
2021-02,B.1.567,10
2021-02,B.1.568,166
2021-02,B.1.575,697
2021-02,B.1.577,228
2021-02,B.1.580,6
2021-02,B.1.582,81
2021-02,B.1.588,224
2021-02,B.1.596,375
2021-02,B.1.601,3
2021-02,B.1.605,32
2021-02,B.1.609,150
2021-02,B.1.623,333
2021-02,B.1.637,755
2021-02,B.1.9.4,60
2021-02,C.17,29
2021-02,C.35,49
2021-02,L.3,50
2021-02,N.5,25
2021-02,P.1,141
2021-02,P.2,478
2021-02,Q.3,244
2021-02,R.1,668
2021-02,unclassifiable,3531
2021-02,A.2.5,73
2021-02,A.21,59
2021-02,A.28,20
2021-02,AA.5,12
2021-02,AY.125,1
2021-02,AY.16,2
2021-02,AY.3,1
2021-02,AY.46.5,3
2021-02,AY.5.4,1
2021-02,AZ.3,4
2021-02,B.1.1.1,52
2021-02,B.1.1.118,1
2021-02,B.1.1.189,39
2021-02,B.1.1.192,32
2021-02,B.1.1.207,174
2021-02,B.1.1.251,6
2021-02,B.1.1.265,47
2021-02,B.1.1.306,15
2021-02,B.1.1.316,197
2021-02,B.1.1.320,1
2021-02,B.1.1.329,4
2021-02,B.1.1.352,1
2021-02,B.1.1.362,7
2021-02,B.1.1.368,34
2021-02,B.1.1.374,21
2021-02,B.1.1.416,101
2021-02,B.1.1.432,90
2021-02,B.1.1.464,8
2021-02,B.1.1.517,19
2021-02,B.1.1.70,163
2021-02,B.1.110.3,205
2021-02,B.1.139,27
2021-02,B.1.177.10,109
2021-02,B.1.177.16,38
2021-02,B.1.177.5,32
2021-02,B.1.177.54,13
2021-02,B.1.177.57,12
2021-02,B.1.177.58,102
2021-02,B.1.177.6,6
2021-02,B.1.177.7,277
2021-02,B.1.177.8,77
2021-02,B.1.189,4
2021-02,B.1.214,78
2021-02,B.1.214.2,13
2021-02,B.1.239,41
2021-02,B.1.241,138
2021-02,B.1.243.1,10
2021-02,B.1.301,2
2021-02,B.1.306,24
2021-02,B.1.324,35
2021-02,B.1.346,30
2021-02,B.1.351.2,39
2021-02,B.1.36,57
2021-02,B.1.36.29,22
2021-02,B.1.36.31,39
2021-02,B.1.36.34,1
2021-02,B.1.396,79
2021-02,B.1.397,7
2021-02,B.1.398,4
2021-02,B.1.408,19
2021-02,B.1.411,7
2021-02,B.1.423,2
2021-02,B.1.433,69
2021-02,B.1.438,6
2021-02,B.1.438.3,16
2021-02,B.1.489,2
2021-02,B.1.539,15
2021-02,B.1.544,41
2021-02,B.1.558,16
2021-02,B.1.560,17
2021-02,B.1.565,64
2021-02,B.1.572,2
2021-02,B.1.595,93
2021-02,B.1.603,32
2021-02,B.1.604,19
2021-02,B.1.617.2,11
2021-02,B.1.627,23
2021-02,B.1.635,10
2021-02,B.1.639,5
2021-02,B.6.8,1
2021-02,C.2.1,24
2021-02,C.23,31
2021-02,Q.1,27
2021-02,XB,4
2021-02,A.2,4
2021-02,A.2.5.2,3
2021-02,A.29,4
2021-02,AA.1,37
2021-02,AA.4,30
2021-02,AA.6,2
2021-02,AA.7,24
2021-02,AA.8,8
2021-02,AC.1,3
2021-02,AD.2,5
2021-02,AE.4,3
2021-02,AG.1,1
2021-02,AH.2,7
2021-02,AN.1,3
2021-02,AY.25,4
2021-02,AY.91,1
2021-02,B,95
2021-02,B.1.1.10,10
2021-02,B.1.1.129,1
2021-02,B.1.1.141,52
2021-02,B.1.1.159,2
2021-02,B.1.1.161,23
2021-02,B.1.1.163,1
2021-02,B.1.1.170,29
2021-02,B.1.1.186,9
2021-02,B.1.1.198,2
2021-02,B.1.1.204,6
2021-02,B.1.1.205,2
2021-02,B.1.1.214,43
2021-02,B.1.1.216,4
2021-02,B.1.1.219,6
2021-02,B.1.1.220,8
2021-02,B.1.1.224,4
2021-02,B.1.1.228,3
2021-02,B.1.1.231,20
2021-02,B.1.1.232,6
2021-02,B.1.1.240,3
2021-02,B.1.1.241,3
2021-02,B.1.1.243,2
2021-02,B.1.1.255,1
2021-02,B.1.1.274,1
2021-02,B.1.1.277,3
2021-02,B.1.1.28,20
2021-02,B.1.1.280,10
2021-02,B.1.1.285,4
2021-02,B.1.1.286,2
2021-02,B.1.1.291,3
2021-02,B.1.1.294,45
2021-02,B.1.1.297,56
2021-02,B.1.1.301,2
2021-02,B.1.1.304,16
2021-02,B.1.1.305,3
2021-02,B.1.1.307,2
2021-02,B.1.1.309,1
2021-02,B.1.1.311,7
2021-02,B.1.1.312,2
2021-02,B.1.1.315,2
2021-02,B.1.1.328,3
2021-02,B.1.1.33,7
2021-02,B.1.1.338,1
2021-02,B.1.1.344,8
2021-02,B.1.1.345,3
2021-02,B.1.1.347,3
2021-02,B.1.1.351,19
2021-02,B.1.1.354,5
2021-02,B.1.1.355,1
2021-02,B.1.1.358,1
2021-02,B.1.1.37,17
2021-02,B.1.1.384,14
2021-02,B.1.1.385,75
2021-02,B.1.1.389,2
2021-02,B.1.1.39,157
2021-02,B.1.1.396,1
2021-02,B.1.1.397,5
2021-02,B.1.1.404,1
2021-02,B.1.1.413,10
2021-02,B.1.1.418,3
2021-02,B.1.1.420,107
2021-02,B.1.1.428,6
2021-02,B.1.1.429,1
2021-02,B.1.1.449,1
2021-02,B.1.1.453,2
2021-02,B.1.1.47,2
2021-02,B.1.1.50,7
2021-02,B.1.1.518,10
2021-02,B.1.1.521,11
2021-02,B.1.1.525,5
2021-02,B.1.1.529,1
2021-02,B.1.1.57,2
2021-02,B.1.1.58,31
2021-02,B.1.1.59,1
2021-02,B.1.1.63,3
2021-02,B.1.1.67,1
2021-02,B.1.1.82,1
2021-02,B.1.131,11
2021-02,B.1.146,14
2021-02,B.1.160.10,21
2021-02,B.1.160.11,45
2021-02,B.1.160.12,5
2021-02,B.1.160.13,5
2021-02,B.1.160.14,27
2021-02,B.1.160.15,17
2021-02,B.1.160.16,62
2021-02,B.1.160.22,13
2021-02,B.1.160.26,40
2021-02,B.1.160.28,35
2021-02,B.1.160.29,32
2021-02,B.1.160.30,94
2021-02,B.1.160.31,16
2021-02,B.1.160.7,1
2021-02,B.1.160.9,1
2021-02,B.1.170,1
2021-02,B.1.177.11,7
2021-02,B.1.177.15,74
2021-02,B.1.177.17,4
2021-02,B.1.177.18,21
2021-02,B.1.177.19,4
2021-02,B.1.177.20,2
2021-02,B.1.177.23,1
2021-02,B.1.177.28,11
2021-02,B.1.177.32,19
2021-02,B.1.177.33,3
2021-02,B.1.177.39,1
2021-02,B.1.177.4,79
2021-02,B.1.177.40,1
2021-02,B.1.177.43,50
2021-02,B.1.177.44,69
2021-02,B.1.177.47,3
2021-02,B.1.177.50,2
2021-02,B.1.177.51,8
2021-02,B.1.177.53,3
2021-02,B.1.177.55,8
2021-02,B.1.177.56,11
2021-02,B.1.177.60,55
2021-02,B.1.177.62,277
2021-02,B.1.177.65,25
2021-02,B.1.177.69,8
2021-02,B.1.177.71,22
2021-02,B.1.177.72,5
2021-02,B.1.177.73,21
2021-02,B.1.177.75,87
2021-02,B.1.177.77,67
2021-02,B.1.177.83,55
2021-02,B.1.177.85,11
2021-02,B.1.177.87,11
2021-02,B.1.177.89,8
2021-02,B.1.210,4
2021-02,B.1.213,1
2021-02,B.1.214.3,6
2021-02,B.1.218,2
2021-02,B.1.221.2,57
2021-02,B.1.221.3,1
2021-02,B.1.222,1
2021-02,B.1.236,18
2021-02,B.1.237,2
2021-02,B.1.240.2,1
2021-02,B.1.258.14,48
2021-02,B.1.258.16,3
2021-02,B.1.258.22,1
2021-02,B.1.258.3,13
2021-02,B.1.258.4,5
2021-02,B.1.293,1
2021-02,B.1.3,7
2021-02,B.1.315,2
2021-02,B.1.336,1
2021-02,B.1.337,6
2021-02,B.1.344,1
2021-02,B.1.36.1,33
2021-02,B.1.36.10,1
2021-02,B.1.36.17,8
2021-02,B.1.36.22,10
2021-02,B.1.36.24,7
2021-02,B.1.36.35,73
2021-02,B.1.36.7,3
2021-02,B.1.36.8,10
2021-02,B.1.36.9,1
2021-02,B.1.366,2
2021-02,B.1.367,4
2021-02,B.1.389,11
2021-02,B.1.393,2
2021-02,B.1.399,3
2021-02,B.1.400.1,4
2021-02,B.1.401,3
2021-02,B.1.403,1
2021-02,B.1.416.1,19
2021-02,B.1.420,14
2021-02,B.1.426,1
2021-02,B.1.428.2,1
2021-02,B.1.428.3,1
2021-02,B.1.429.1,27
2021-02,B.1.438.1,1
2021-02,B.1.438.4,2
2021-02,B.1.441,2
2021-02,B.1.448,21
2021-02,B.1.462,2
2021-02,B.1.466,3
2021-02,B.1.466.1,6
2021-02,B.1.468,1
2021-02,B.1.469,15
2021-02,B.1.471,15
2021-02,B.1.474,1
2021-02,B.1.499,7
2021-02,B.1.509,24
2021-02,B.1.520,2
2021-02,B.1.523,1
2021-02,B.1.533,5
2021-02,B.1.541,9
2021-02,B.1.543,8
2021-02,B.1.556,3
2021-02,B.1.562,2
2021-02,B.1.564.1,1
2021-02,B.1.575.1,12
2021-02,B.1.576,1
2021-02,B.1.587,60
2021-02,B.1.591,1
2021-02,B.1.599,8
2021-02,B.1.602,2
2021-02,B.1.617,2
2021-02,B.1.617.1,7
2021-02,B.1.619,20
2021-02,B.1.625,5
2021-02,B.1.636,5
2021-02,B.1.9,1
2021-02,B.1.9.5,1
2021-02,B.19,1
2021-02,B.6,1
2021-02,C.16,54
2021-02,C.20,1
2021-02,C.30,2
2021-02,C.31,2
2021-02,C.36,25
2021-02,C.36.1,4
2021-02,C.36.2,1
2021-02,C.36.3,1
2021-02,C.37,50
2021-02,C.4,3
2021-02,N.10,1
2021-02,P.1.1,25
2021-02,P.1.10,14
2021-02,P.1.13,1
2021-02,P.1.14,10
2021-02,P.1.17,4
2021-02,P.3,2
2021-02,Q.4,36
2021-02,R.2,30
2021-02,U.1,10
2021-02,V.1,4
2021-02,W.1,14
2021-02,W.2,1
2021-02,W.4,7
2021-02,XA,2
2021-02,Z.1,2
2021-02,AY.109,1
2021-02,AY.36,6
2021-02,AY.39,2
2021-02,B.1.36.16,97
2021-02,BA.1,4
2021-02,BA.1.1,7
2021-02,BF.7.6,1
2021-02,P.6,2
2021-02,AY.4.2.3,1
2021-02,B.1.1.269,29
2021-02,B.1.160.25,2
2021-02,B.1.177.82,2
2021-02,B.1.640.2,2
2021-02,BA.1.1.18,1
2021-02,BA.1.16,2
2021-02,BA.1.17,2
2021-02,BA.1.17.2,2
2021-02,B.1.1.176,2
2021-02,B.1.1.244,37
2021-02,B.1.1.336,1
2021-02,B.1.1.459,2
2021-02,B.1.1.528,2
2021-02,B.1.258.23,1
2021-02,B.1.621,1
2021-02,P.1.12,2
2021-02,P.1.2,3
2021-02,AY.107,1
2021-02,B.1.1.524,1
2021-02,B.1.177.30,5
2021-02,B.1.177.59,2
2021-02,B.1.258.24,29
2021-02,B.28,1
2021-02,B.52,1
2021-02,BA.1.15,1
2021-02,K.2,1
2021-02,P.7,1
2021-02,B.1.177.68,1
2021-02,B.1.93,1
2021-02,B.55,1
2021-02,BA.1.15.1,1
2021-02,V.2,1
2021-02,AA.2,5
2021-02,AP.1,9
2021-02,AY.13,1
2021-02,AY.44,1
2021-02,AY.45,1
2021-02,AY.49,1
2021-02,AY.98,1
2021-02,AZ.1,3
2021-02,B.1.1.325,1
2021-02,B.1.177.63,34
2021-02,B.1.258.7,2
2021-02,B.1.402,1
2021-02,B.1.436,1
2021-02,B.1.585,1
2021-02,B.1.620,1
2021-02,BA.2.9,1
2021-02,N.4,1
2021-02,P.1.15,2
2021-02,XBB.1.5.30,1
2021-02,XBB.1.5.31,1
2021-03,A,20
2021-03,A.2.5,146
2021-03,A.2.5.2,25
2021-03,A.23.1,50
2021-03,AY.103,1
2021-03,AY.122,6
2021-03,AY.124,1
2021-03,AY.4,14
2021-03,AY.4.4,1
2021-03,AY.42,3
2021-03,AY.43,15
2021-03,AY.5,1
2021-03,AY.9.2,2
2021-03,AY.98.1,1
2021-03,AZ.3,140
2021-03,B,121
2021-03,B.1,2271
2021-03,B.1.1,783
2021-03,B.1.1.1,26
2021-03,B.1.1.170,18
2021-03,B.1.1.207,68
2021-03,B.1.1.222,512
2021-03,B.1.1.265,22
2021-03,B.1.1.316,211
2021-03,B.1.1.318,405
2021-03,B.1.1.348,211
2021-03,B.1.1.432,33
2021-03,B.1.1.434,101
2021-03,B.1.1.486,25
2021-03,B.1.1.517,13
2021-03,B.1.1.519,4914
2021-03,B.1.1.529,9
2021-03,B.1.1.7,147830
2021-03,B.1.111,94
2021-03,B.1.160,701
2021-03,B.1.177.44,20
2021-03,B.1.177.86,573
2021-03,B.1.2,13658
2021-03,B.1.214,166
2021-03,B.1.221,454
2021-03,B.1.232,92
2021-03,B.1.234,579
2021-03,B.1.241,82
2021-03,B.1.243,948
2021-03,B.1.258,640
2021-03,B.1.265,44
2021-03,B.1.280,7
2021-03,B.1.311,373
2021-03,B.1.324,33
2021-03,B.1.351,1930
2021-03,B.1.36.29,43
2021-03,B.1.36.8,6
2021-03,B.1.361,21
2021-03,B.1.362,39
2021-03,B.1.375,55
2021-03,B.1.396,40
2021-03,B.1.400,49
2021-03,B.1.400.1,2
2021-03,B.1.409,59
2021-03,B.1.427,4667
2021-03,B.1.429,10479
2021-03,B.1.429.1,8
2021-03,B.1.480,27
2021-03,B.1.517,345
2021-03,B.1.524,14
2021-03,B.1.525,794
2021-03,B.1.526,11738
2021-03,B.1.530,8
2021-03,B.1.533,25
2021-03,B.1.539,6
2021-03,B.1.551,123
2021-03,B.1.561,145
2021-03,B.1.565,27
2021-03,B.1.567,6
2021-03,B.1.568,208
2021-03,B.1.575,1245
2021-03,B.1.577,90
2021-03,B.1.582,31
2021-03,B.1.588,147
2021-03,B.1.596,357
2021-03,B.1.605,8
2021-03,B.1.609,85
2021-03,B.1.617.1,134
2021-03,B.1.623,887
2021-03,B.1.627,103
2021-03,B.1.634,25
2021-03,B.1.637,3420
2021-03,B.1.639,19
2021-03,C.17,80
2021-03,C.36.3,84
2021-03,C.37,169
2021-03,N.5,52
2021-03,P.1,1426
2021-03,P.1.10,263
2021-03,P.1.13,52
2021-03,P.1.17,306
2021-03,P.2,473
2021-03,P.3,19
2021-03,Q.1,101
2021-03,Q.3,796
2021-03,R.1,1434
2021-03,XB,87
2021-03,unclassifiable,2087
2021-03,A.27,40
2021-03,AY.24,1
2021-03,AY.26,2
2021-03,AY.44,3
2021-03,AY.46.6,1
2021-03,B.1.1.141,22
2021-03,B.1.1.161,12
2021-03,B.1.1.177,1
2021-03,B.1.1.192,16
2021-03,B.1.1.216,10
2021-03,B.1.1.228,1
2021-03,B.1.1.231,6
2021-03,B.1.1.251,1
2021-03,B.1.1.28,15
2021-03,B.1.1.291,11
2021-03,B.1.1.306,18
2021-03,B.1.1.317,456
2021-03,B.1.1.322,10
2021-03,B.1.1.33,15
2021-03,B.1.1.337,4
2021-03,B.1.1.362,5
2021-03,B.1.1.368,14
2021-03,B.1.1.416,30
2021-03,B.1.1.523,6
2021-03,B.1.110.3,102
2021-03,B.1.126,19
2021-03,B.1.177,750
2021-03,B.1.214.2,15
2021-03,B.1.239,8
2021-03,B.1.240,51
2021-03,B.1.243.1,10
2021-03,B.1.287,1
2021-03,B.1.298,26
2021-03,B.1.346,6
2021-03,B.1.349,38
2021-03,B.1.351.3,108
2021-03,B.1.36,60
2021-03,B.1.36.31,68
2021-03,B.1.36.34,1
2021-03,B.1.363,3
2021-03,B.1.369,16
2021-03,B.1.370,3
2021-03,B.1.404,54
2021-03,B.1.433,13
2021-03,B.1.438.4,7
2021-03,B.1.466,2
2021-03,B.1.478,3
2021-03,B.1.489,4
2021-03,B.1.509,15
2021-03,B.1.518,26
2021-03,B.1.548,1
2021-03,B.1.578,1
2021-03,B.1.595,34
2021-03,B.1.603,24
2021-03,B.1.617,39
2021-03,B.1.617.2,72
2021-03,B.1.617.3,5
2021-03,B.1.619,73
2021-03,B.1.620,28
2021-03,B.1.621,57
2021-03,B.1.636,37
2021-03,C.2.1,6
2021-03,C.37.1,4
2021-03,P.1.12,13
2021-03,Q.4,308
2021-03,A.2,2
2021-03,A.2.5.1,4
2021-03,A.21,35
2021-03,A.28,66
2021-03,A.29,68
2021-03,AA.1,12
2021-03,AT.1,1
2021-03,AV.1,2
2021-03,AZ.2,5
2021-03,B.1.1.101,6
2021-03,B.1.1.117,1
2021-03,B.1.1.153,18
2021-03,B.1.1.159,1
2021-03,B.1.1.163,2
2021-03,B.1.1.169,1
2021-03,B.1.1.186,3
2021-03,B.1.1.189,13
2021-03,B.1.1.204,7
2021-03,B.1.1.214,7
2021-03,B.1.1.244,37
2021-03,B.1.1.25,24
2021-03,B.1.1.263,2
2021-03,B.1.1.274,4
2021-03,B.1.1.277,1
2021-03,B.1.1.294,18
2021-03,B.1.1.297,28
2021-03,B.1.1.301,1
2021-03,B.1.1.304,17
2021-03,B.1.1.305,1
2021-03,B.1.1.312,1
2021-03,B.1.1.328,7
2021-03,B.1.1.329,1
2021-03,B.1.1.333,1
2021-03,B.1.1.345,1
2021-03,B.1.1.349,4
2021-03,B.1.1.351,8
2021-03,B.1.1.354,3
2021-03,B.1.1.37,2
2021-03,B.1.1.374,35
2021-03,B.1.1.38,1
2021-03,B.1.1.384,6
2021-03,B.1.1.385,9
2021-03,B.1.1.39,44
2021-03,B.1.1.396,1
2021-03,B.1.1.397,26
2021-03,B.1.1.404,3
2021-03,B.1.1.413,2
2021-03,B.1.1.418,1
2021-03,B.1.1.420,114
2021-03,B.1.1.428,14
2021-03,B.1.1.461,1
2021-03,B.1.1.467,1
2021-03,B.1.1.487,1
2021-03,B.1.1.506,1
2021-03,B.1.1.518,4
2021-03,B.1.1.521,2
2021-03,B.1.1.57,1
2021-03,B.1.1.58,15
2021-03,B.1.1.70,37
2021-03,B.1.1.89,1
2021-03,B.1.131,4
2021-03,B.1.139,8
2021-03,B.1.146,1
2021-03,B.1.147,1
2021-03,B.1.160.11,3
2021-03,B.1.160.13,1
2021-03,B.1.160.14,5
2021-03,B.1.160.15,9
2021-03,B.1.160.16,15
2021-03,B.1.160.26,4
2021-03,B.1.160.28,3
2021-03,B.1.160.29,15
2021-03,B.1.160.30,14
2021-03,B.1.160.31,3
2021-03,B.1.162,1
2021-03,B.1.164,1
2021-03,B.1.170,6
2021-03,B.1.177.10,2
2021-03,B.1.177.16,2
2021-03,B.1.177.18,8
2021-03,B.1.177.19,2
2021-03,B.1.177.20,4
2021-03,B.1.177.21,6
2021-03,B.1.177.32,7
2021-03,B.1.177.4,13
2021-03,B.1.177.43,14
2021-03,B.1.177.5,6
2021-03,B.1.177.50,3
2021-03,B.1.177.51,8
2021-03,B.1.177.52,21
2021-03,B.1.177.54,2
2021-03,B.1.177.57,2
2021-03,B.1.177.6,2
2021-03,B.1.177.60,61
2021-03,B.1.177.62,107
2021-03,B.1.177.69,2
2021-03,B.1.177.7,23
2021-03,B.1.177.73,21
2021-03,B.1.177.75,47
2021-03,B.1.177.77,29
2021-03,B.1.177.8,3
2021-03,B.1.177.81,488
2021-03,B.1.177.82,1
2021-03,B.1.177.83,43
2021-03,B.1.177.85,4
2021-03,B.1.177.87,16
2021-03,B.1.189,1
2021-03,B.1.213,1
2021-03,B.1.214.3,8
2021-03,B.1.218,2
2021-03,B.1.221.2,26
2021-03,B.1.221.4,3
2021-03,B.1.222,3
2021-03,B.1.236,12
2021-03,B.1.258.14,33
2021-03,B.1.258.17,339
2021-03,B.1.258.3,15
2021-03,B.1.301,1
2021-03,B.1.305,2
2021-03,B.1.306,3
2021-03,B.1.332,1
2021-03,B.1.351.2,126
2021-03,B.1.36.1,23
2021-03,B.1.36.16,26
2021-03,B.1.36.22,2
2021-03,B.1.36.24,7
2021-03,B.1.36.27,8
2021-03,B.1.36.35,61
2021-03,B.1.36.39,1
2021-03,B.1.377,7
2021-03,B.1.384,1
2021-03,B.1.389,14
2021-03,B.1.397,3
2021-03,B.1.398,1
2021-03,B.1.405,1
2021-03,B.1.408,3
2021-03,B.1.416.1,3
2021-03,B.1.420,2
2021-03,B.1.423,1
2021-03,B.1.438,2
2021-03,B.1.438.1,13
2021-03,B.1.438.3,4
2021-03,B.1.441,2
2021-03,B.1.448,1
2021-03,B.1.466.1,10
2021-03,B.1.466.2,11
2021-03,B.1.469,19
2021-03,B.1.471,4
2021-03,B.1.473,2
2021-03,B.1.497,1
2021-03,B.1.520,1
2021-03,B.1.523,1
2021-03,B.1.540,1
2021-03,B.1.543,3
2021-03,B.1.544,17
2021-03,B.1.546,2
2021-03,B.1.550,4
2021-03,B.1.558,3
2021-03,B.1.560,11
2021-03,B.1.563,6
2021-03,B.1.564.1,1
2021-03,B.1.575.1,8
2021-03,B.1.581,1
2021-03,B.1.585,1
2021-03,B.1.587,9
2021-03,B.1.597,4
2021-03,B.1.599,7
2021-03,B.1.604,10
2021-03,B.1.618,1
2021-03,B.1.625,39
2021-03,B.1.629,1
2021-03,B.1.635,6
2021-03,B.1.78,2
2021-03,B.1.81,1
2021-03,B.1.9.4,39
2021-03,B.1.9.5,1
2021-03,B.3,5
2021-03,B.33,1
2021-03,C.16,72
2021-03,C.23,18
2021-03,C.31,1
2021-03,C.35,63
2021-03,C.36,56
2021-03,C.38,7
2021-03,C.4,1
2021-03,L.3,16
2021-03,P.1.1,55
2021-03,P.1.14,20
2021-03,P.1.15,19
2021-03,P.1.2,6
2021-03,P.6,1
2021-03,P.7,7
2021-03,Q.2,1
2021-03,R.2,7
2021-03,U.3,2
2021-03,W.1,8
2021-03,XA,39
2021-03,Y.1,3
2021-03,AY.14,1
2021-03,AY.25,2
2021-03,AY.36,2
2021-03,A.19,1
2021-03,B.1.1.10,2
2021-03,B.1.1.232,1
2021-03,B.1.1.243,1
2021-03,B.1.1.512,1
2021-03,BA.1,2
2021-03,BA.1.1,4
2021-03,BA.2,2
2021-03,Q.7,4
2021-03,B.1.1.528,6
2021-03,B.1.237,4
2021-03,AY.6,1
2021-03,B.1.177.53,1
2021-03,B.1.499,9
2021-03,N.9,1
2021-03,AY.9,1
2021-03,BA.1.15.1,3
2021-03,BA.1.17.2,1
2021-03,P.1.16,1
2021-03,AA.4,1
2021-03,AA.5,1
2021-03,B.1.1.311,1
2021-03,B.1.1.347,5
2021-03,B.1.1.514,1
2021-03,B.1.177.15,5
2021-03,B.1.177.58,1
2021-03,B.1.177.63,7
2021-03,B.1.177.65,3
2021-03,B.1.462,1
2021-03,B.1.562,1
2021-03,B.1.9,1
2021-03,BD.1,1
2021-03,BQ.1.1.5,1
2021-03,C.26,2
2021-03,Z.1,1
2021-04,A,7
2021-04,A.2.5,190
2021-04,A.23.1,39
2021-04,AY.122,97
2021-04,AY.126,8
2021-04,AY.127,3
2021-04,AY.26,31
2021-04,AY.3,12
2021-04,AY.33,1
2021-04,AY.39,5
2021-04,AY.4,231
2021-04,AY.42,5
2021-04,AY.43,7
2021-04,AY.44,66
2021-04,AY.62,4
2021-04,AY.84,1
2021-04,AY.9.2,2
2021-04,AZ.2.1,44
2021-04,AZ.3,268
2021-04,B,30
2021-04,B.1,865
2021-04,B.1.1,471
2021-04,B.1.1.207,14
2021-04,B.1.1.222,156
2021-04,B.1.1.25,16
2021-04,B.1.1.28,24
2021-04,B.1.1.318,557
2021-04,B.1.1.348,96
2021-04,B.1.1.38,1
2021-04,B.1.1.519,3568
2021-04,B.1.1.525,4
2021-04,B.1.1.7,161571
2021-04,B.1.160,39
2021-04,B.1.177.44,6
2021-04,B.1.2,2937
2021-04,B.1.214,90
2021-04,B.1.221,50
2021-04,B.1.234,104
2021-04,B.1.241,31
2021-04,B.1.243,120
2021-04,B.1.258,64
2021-04,B.1.258.17,51
2021-04,B.1.324,10
2021-04,B.1.351,2144
2021-04,B.1.351.3,206
2021-04,B.1.36.29,22
2021-04,B.1.361,3
2021-04,B.1.427,1882
2021-04,B.1.429,4974
2021-04,B.1.466.2,13
2021-04,B.1.517,32
2021-04,B.1.518,4
2021-04,B.1.524,4
2021-04,B.1.525,782
2021-04,B.1.526,14553
2021-04,B.1.561,18
2021-04,B.1.567,2
2021-04,B.1.568,71
2021-04,B.1.575,577
2021-04,B.1.609,5
2021-04,B.1.617,238
2021-04,B.1.617.1,335
2021-04,B.1.617.2,1949
2021-04,B.1.621,370
2021-04,B.1.621.1,29
2021-04,B.1.623,688
2021-04,B.1.625,117
2021-04,B.1.627,145
2021-04,B.1.631,24
2021-04,B.1.637,4324
2021-04,C.17,114
2021-04,C.36.3,284
2021-04,C.37,378
2021-04,C.37.1,19
2021-04,P.1,5504
2021-04,P.1.10,1113
2021-04,P.1.12,28
2021-04,P.1.13,361
2021-04,P.1.15,130
2021-04,P.1.17,1096
2021-04,P.1.7,10
2021-04,P.2,147
2021-04,Q.3,2253
2021-04,Q.4,399
2021-04,R.1,711
2021-04,XB,195
2021-04,unclassifiable,888
2021-04,A.2,6
2021-04,A.2.5.1,18
2021-04,A.27,8
2021-04,AT.1,1
2021-04,AY.1,11
2021-04,AY.118,2
2021-04,AY.121,1
2021-04,AY.16,4
2021-04,AY.25,18
2021-04,AY.38,16
2021-04,AY.55,2
2021-04,AY.71,2
2021-04,AY.75,24
2021-04,AY.98,6
2021-04,AZ.2,12
2021-04,B.1.1.1,5
2021-04,B.1.1.141,10
2021-04,B.1.1.161,1
2021-04,B.1.1.214,15
2021-04,B.1.1.306,10
2021-04,B.1.1.316,6
2021-04,B.1.1.434,10
2021-04,B.1.1.523,12
2021-04,B.1.1.529,16
2021-04,B.1.111,24
2021-04,B.1.160.26,2
2021-04,B.1.214.2,1
2021-04,B.1.214.3,4
2021-04,B.1.232,47
2021-04,B.1.239,3
2021-04,B.1.240,11
2021-04,B.1.311,67
2021-04,B.1.349,1
2021-04,B.1.36,17
2021-04,B.1.36.35,5
2021-04,B.1.362,3
2021-04,B.1.369,5
2021-04,B.1.400,2
2021-04,B.1.551,33
2021-04,B.1.565,2
2021-04,B.1.588,19
2021-04,B.1.596,45
2021-04,B.1.605,7
2021-04,B.1.617.3,12
2021-04,B.1.619,158
2021-04,B.1.620,49
2021-04,B.1.634,47
2021-04,B.1.636,19
2021-04,B.1.639,4
2021-04,P.1.14,27
2021-04,A.2.5.2,5
2021-04,A.2.5.3,3
2021-04,A.21,7
2021-04,A.28,17
2021-04,A.29,17
2021-04,AV.1,20
2021-04,AY.10,24
2021-04,AY.106,4
2021-04,AY.11,9
2021-04,AY.110,1
2021-04,AY.111,44
2021-04,AY.112,1
2021-04,AY.119,2
2021-04,AY.120,2
2021-04,AY.13,1
2021-04,AY.47,1
2021-04,AY.49,5
2021-04,AY.5,59
2021-04,AY.52,2
2021-04,AY.58,7
2021-04,AY.6,26
2021-04,AY.65,8
2021-04,AY.70,3
2021-04,AY.8,44
2021-04,AY.9,72
2021-04,AY.92,1
2021-04,AY.99,2
2021-04,AZ.4,23
2021-04,B.1.1.117,1
2021-04,B.1.1.135,1
2021-04,B.1.1.153,3
2021-04,B.1.1.189,3
2021-04,B.1.1.192,4
2021-04,B.1.1.198,1
2021-04,B.1.1.228,1
2021-04,B.1.1.254,1
2021-04,B.1.1.277,1
2021-04,B.1.1.294,1
2021-04,B.1.1.297,7
2021-04,B.1.1.304,5
2021-04,B.1.1.311,6
2021-04,B.1.1.317,62
2021-04,B.1.1.322,3
2021-04,B.1.1.328,5
2021-04,B.1.1.329,1
2021-04,B.1.1.351,1
2021-04,B.1.1.368,8
2021-04,B.1.1.372,2
2021-04,B.1.1.374,8
2021-04,B.1.1.376,1
2021-04,B.1.1.380,1
2021-04,B.1.1.384,1
2021-04,B.1.1.385,3
2021-04,B.1.1.39,9
2021-04,B.1.1.397,1
2021-04,B.1.1.416,9
2021-04,B.1.1.420,8
2021-04,B.1.1.428,1
2021-04,B.1.1.432,3
2021-04,B.1.1.464,1
2021-04,B.1.1.486,2
2021-04,B.1.1.517,13
2021-04,B.1.1.521,3
2021-04,B.1.1.58,1
2021-04,B.1.1.63,1
2021-04,B.1.1.70,4
2021-04,B.1.1.89,2
2021-04,B.1.110.3,6
2021-04,B.1.126,1
2021-04,B.1.160.12,1
2021-04,B.1.170,3
2021-04,B.1.177,168
2021-04,B.1.177.16,3
2021-04,B.1.177.4,2
2021-04,B.1.177.46,2
2021-04,B.1.177.5,2
2021-04,B.1.177.57,2
2021-04,B.1.177.60,1
2021-04,B.1.177.62,9
2021-04,B.1.177.73,2
2021-04,B.1.177.75,6
2021-04,B.1.177.81,59
2021-04,B.1.177.83,1
2021-04,B.1.177.86,87
2021-04,B.1.177.87,2
2021-04,B.1.179,1
2021-04,B.1.182,1
2021-04,B.1.213,1
2021-04,B.1.218,4
2021-04,B.1.236,1
2021-04,B.1.243.1,1
2021-04,B.1.258.14,1
2021-04,B.1.265,9
2021-04,B.1.280,1
2021-04,B.1.351.2,80
2021-04,B.1.36.1,3
2021-04,B.1.36.24,2
2021-04,B.1.36.27,10
2021-04,B.1.36.31,3
2021-04,B.1.375,2
2021-04,B.1.389,1
2021-04,B.1.396,3
2021-04,B.1.397,1
2021-04,B.1.400.1,1
2021-04,B.1.404,2
2021-04,B.1.409,2
2021-04,B.1.425,4
2021-04,B.1.426,1
2021-04,B.1.428.2,1
2021-04,B.1.438,2
2021-04,B.1.438.1,9
2021-04,B.1.468,1
2021-04,B.1.469,5
2021-04,B.1.471,1
2021-04,B.1.473,1
2021-04,B.1.480,2
2021-04,B.1.533,27
2021-04,B.1.558,1
2021-04,B.1.560,6
2021-04,B.1.575.1,7
2021-04,B.1.577,16
2021-04,B.1.582,4
2021-04,B.1.595,3
2021-04,B.1.603,5
2021-04,B.1.604,7
2021-04,B.1.618,2
2021-04,B.1.626,3
2021-04,B.1.629,1
2021-04,B.1.630,1
2021-04,B.1.9.4,3
2021-04,B.3,1
2021-04,C.16,40
2021-04,C.23,1
2021-04,C.35,3
2021-04,C.36.3.1,30
2021-04,C.38,19
2021-04,L.3,11
2021-04,N.5,86
2021-04,P.1.1,85
2021-04,P.1.16,52
2021-04,P.3,8
2021-04,Q.1,122
2021-04,Q.6,2
2021-04,Q.7,9
2021-04,Q.8,2
2021-04,R.2,3
2021-04,XA,1
2021-04,AY.36,3
2021-04,AY.57,7
2021-04,B.1.390,1
2021-04,BA.1.1.7,1
2021-04,B.1.1.232,1
2021-04,B.1.160.30,4
2021-04,B.1.177.50,1
2021-04,B.1.493,1
2021-04,BA.1.1.18,2
2021-04,BA.2,2
2021-04,AY.32,2
2021-04,B.1.580,1
2021-04,P.1.2,34
2021-04,AY.103,5
2021-04,AY.107,4
2021-04,AY.14,9
2021-04,B.1.1.273,1
2021-04,B.1.1.413,2
2021-04,B.1.177.51,1
2021-04,BA.1,1
2021-04,BA.2.65,2
2021-04,Q.2,1
2021-04,AY.100,1
2021-04,B.1.177.54,3
2021-04,B.58,1
2021-04,AD.2,1
2021-04,AY.88,2
2021-04,B.1.1.10,1
2021-04,B.1.1.219,1
2021-04,B.1.1.270,1
2021-04,B.1.1.284,1
2021-04,B.1.1.286,1
2021-04,B.1.1.367,4
2021-04,B.1.1.442,2
2021-04,B.1.177.11,1
2021-04,B.1.177.2,1
2021-04,B.1.177.20,3
2021-04,B.1.177.7,1
2021-04,B.1.499,7
2021-04,B.1.509,1
2021-04,B.1.600,1
2021-04,B.1.633,2
2021-04,B.1.93,1
2021-04,BA.1.15,1
2021-04,N.3,1
2021-04,P.7,1
2021-04,W.1,1
2021-04,W.4,1
2021-05,A,4
2021-05,A.2.5,169
2021-05,AY.103,58
2021-05,AY.122,465
2021-05,AY.14,29
2021-05,AY.15,18
2021-05,AY.25,235
2021-05,AY.25.1,4
2021-05,AY.44,694
2021-05,AY.49,8
2021-05,AY.5,1648
2021-05,AZ.3,81
2021-05,B,48
2021-05,B.1,541
2021-05,B.1.1,240
2021-05,B.1.1.318,427
2021-05,B.1.1.519,977
2021-05,B.1.1.7,100339
2021-05,B.1.2,193
2021-05,B.1.214,15
2021-05,B.1.258,7
2021-05,B.1.320,2
2021-05,B.1.351,1275
2021-05,B.1.427,435
2021-05,B.1.429,856
2021-05,B.1.524,2
2021-05,B.1.525,399
2021-05,B.1.526,5678
2021-05,B.1.617.2,4502
2021-05,B.1.621,660
2021-05,B.1.621.1,181
2021-05,B.1.623,107
2021-05,B.1.634,68
2021-05,B.1.637,2328
2021-05,C.17,66
2021-05,C.37,396
2021-05,C.38,38
2021-05,P.1,5429
2021-05,P.1.1,118
2021-05,P.1.10,827
2021-05,P.1.13,359
2021-05,P.1.17,766
2021-05,Q.1,147
2021-05,Q.3,1645
2021-05,R.1,114
2021-05,unclassifiable,931
2021-05,A.2.5.2,9
2021-05,A.23.1,9
2021-05,AY.1,70
2021-05,AY.10,395
2021-05,AY.107,8
2021-05,AY.11,256
2021-05,AY.110,10
2021-05,AY.111,147
2021-05,AY.112,3
2021-05,AY.116,10
2021-05,AY.117,135
2021-05,AY.119,42
2021-05,AY.120,472
2021-05,AY.124,3
2021-05,AY.13,70
2021-05,AY.16,33
2021-05,AY.2,35
2021-05,AY.21,1
2021-05,AY.26,123
2021-05,AY.3,65
2021-05,AY.35,2
2021-05,AY.38,47
2021-05,AY.39,21
2021-05,AY.4,16729
2021-05,AY.4.2,1
2021-05,AY.46,22
2021-05,AY.46.5,1
2021-05,AY.47,4
2021-05,AY.48,22
2021-05,AY.52,9
2021-05,AY.54,10
2021-05,AY.55,14
2021-05,AY.56,6
2021-05,AY.58,94
2021-05,AY.6,694
2021-05,AY.64,16
2021-05,AY.65,62
2021-05,AY.67,16
2021-05,AY.7,510
2021-05,AY.75,88
2021-05,AY.8,474
2021-05,AY.87,105
2021-05,AY.9,2112
2021-05,AY.9.2,1
2021-05,AY.90,26
2021-05,AY.95,10
2021-05,AZ.2,15
2021-05,AZ.2.1,57
2021-05,B.1.1.1,8
2021-05,B.1.1.222,35
2021-05,B.1.1.28,9
2021-05,B.1.1.420,15
2021-05,B.1.1.523,74
2021-05,B.1.177,29
2021-05,B.1.177.43,1
2021-05,B.1.239,1
2021-05,B.1.240,6
2021-05,B.1.241,3
2021-05,B.1.243,7
2021-05,B.1.351.3,90
2021-05,B.1.36.29,1
2021-05,B.1.369,1
2021-05,B.1.466.2,6
2021-05,B.1.509,1
2021-05,B.1.556,1
2021-05,B.1.561,6
2021-05,B.1.575,96
2021-05,B.1.595,1
2021-05,B.1.617,65
2021-05,B.1.617.1,117
2021-05,B.1.619,68
2021-05,B.1.620,70
2021-05,B.1.627,43
2021-05,B.1.630,21
2021-05,B.1.631,33
2021-05,C.36.3,327
2021-05,C.37.1,31
2021-05,P.1.12,14
2021-05,P.1.14,63
2021-05,P.1.15,244
2021-05,P.1.16,68
2021-05,P.1.2,42
2021-05,P.1.7,29
2021-05,P.1.7.1,2
2021-05,Q.4,144
2021-05,Q.7,24
2021-05,R.2,1
2021-05,XB,176
2021-05,A.2,1
2021-05,A.2.5.1,16
2021-05,A.2.5.3,1
2021-05,A.27,1
2021-05,A.28,8
2021-05,A.29,14
2021-05,AA.1,1
2021-05,AT.1,2
2021-05,AV.1,204
2021-05,AY.100,6
2021-05,AY.105,2
2021-05,AY.106,3
2021-05,AY.114,3
2021-05,AY.120.1,4
2021-05,AY.121,3
2021-05,AY.126,1
2021-05,AY.127,2
2021-05,AY.24,4
2021-05,AY.39.1,3
2021-05,AY.4.3,3
2021-05,AY.50,1
2021-05,AY.62,15
2021-05,AY.70,3
2021-05,AY.71,42
2021-05,AY.74,1
2021-05,AY.77,2
2021-05,AY.81,3
2021-05,AY.92,3
2021-05,AY.98,566
2021-05,AY.99,2
2021-05,AZ.4,28
2021-05,B.1.1.141,2
2021-05,B.1.1.164,1
2021-05,B.1.1.189,4
2021-05,B.1.1.207,1
2021-05,B.1.1.214,1
2021-05,B.1.1.25,1
2021-05,B.1.1.265,1
2021-05,B.1.1.317,27
2021-05,B.1.1.348,9
2021-05,B.1.1.374,2
2021-05,B.1.1.38,1
2021-05,B.1.1.385,1
2021-05,B.1.1.413,3
2021-05,B.1.1.453,1
2021-05,B.1.1.525,2
2021-05,B.1.1.529,7
2021-05,B.1.1.70,1
2021-05,B.1.110.3,1
2021-05,B.1.139,1
2021-05,B.1.160,9
2021-05,B.1.170,4
2021-05,B.1.177.10,1
2021-05,B.1.177.5,2
2021-05,B.1.177.56,1
2021-05,B.1.177.62,1
2021-05,B.1.177.8,1
2021-05,B.1.177.81,8
2021-05,B.1.177.86,11
2021-05,B.1.214.3,1
2021-05,B.1.218,1
2021-05,B.1.221,4
2021-05,B.1.232,2
2021-05,B.1.234,4
2021-05,B.1.258.17,7
2021-05,B.1.311,3
2021-05,B.1.351.2,13
2021-05,B.1.36.24,9
2021-05,B.1.36.8,1
2021-05,B.1.375,1
2021-05,B.1.438.1,1
2021-05,B.1.480,3
2021-05,B.1.533,3
2021-05,B.1.551,1
2021-05,B.1.568,5
2021-05,B.1.575.1,4
2021-05,B.1.577,1
2021-05,B.1.580,1
2021-05,B.1.582,1
2021-05,B.1.605,1
2021-05,B.1.609,1
2021-05,B.1.617.3,2
2021-05,B.1.625,57
2021-05,B.1.626,34
2021-05,B.1.633,1
2021-05,B.1.636,14
2021-05,B.1.9.4,1
2021-05,C.36.3.1,150
2021-05,L.3,2
2021-05,N.5,16
2021-05,P.2,12
2021-05,P.3,7
2021-05,Q.2,3
2021-05,AY.30,10
2021-05,AY.36,3
2021-05,AY.57,76
2021-05,B.1.36.16,1
2021-05,A.21,1
2021-05,AY.20,5
2021-05,AY.32,21
2021-05,AY.46.4,5
2021-05,B.1.1.33,1
2021-05,B.1.1.528,20
2021-05,BA.2.12.1,1
2021-05,P.1.8,2
2021-05,P.1.9,10
2021-05,AY.120.2,2
2021-05,AY.45,6
2021-05,B.1.118,1
2021-05,B.1.147,1
2021-05,B.1.639,1
2021-05,BB.2,1
2021-05,AY.101,1
2021-05,AY.23,1
2021-05,AY.99.2,2
2021-05,B.1.1.368,1
2021-05,C.14,2
2021-05,BA.1.1,1
2021-05,Q.8,1
2021-05,AY.17,8
2021-05,AY.43,1
2021-05,AY.68,1
2021-05,AY.93,1
2021-05,B.1.1.311,1
2021-05,B.1.1.37,1
2021-05,B.1.1.434,1
2021-05,B.1.1.51,1
2021-05,B.1.126,3
2021-05,B.1.177.4,1
2021-05,B.1.177.65,1
2021-05,B.1.499,1
2021-05,B.1.588,3
2021-05,BA.1,3
2021-05,BA.1.18,1
2021-06,A,19
2021-06,A.2.5,184
2021-06,A.2.5.2,16
2021-06,AY.1,91
2021-06,AY.100,198
2021-06,AY.103,1345
2021-06,AY.105,51
2021-06,AY.107,78
2021-06,AY.110,84
2021-06,AY.114,54
2021-06,AY.116,116
2021-06,AY.116.1,9
2021-06,AY.117,332
2021-06,AY.118,179
2021-06,AY.119,191
2021-06,AY.119.2,10
2021-06,AY.120,2535
2021-06,AY.120.1,123
2021-06,AY.121,49
2021-06,AY.122,2152
2021-06,AY.126,46
2021-06,AY.127,6
2021-06,AY.13,485
2021-06,AY.14,465
2021-06,AY.16,95
2021-06,AY.2,613
2021-06,AY.20,228
2021-06,AY.23,56
2021-06,AY.24,68
2021-06,AY.25,1491
2021-06,AY.25.1,231
2021-06,AY.26,990
2021-06,AY.3,1354
2021-06,AY.3.1,65
2021-06,AY.30,26
2021-06,AY.33,63
2021-06,AY.35,73
2021-06,AY.36,21
2021-06,AY.38,298
2021-06,AY.39,302
2021-06,AY.39.1,26
2021-06,AY.4,72391
2021-06,AY.44,5067
2021-06,AY.46,210
2021-06,AY.46.4,68
2021-06,AY.47,471
2021-06,AY.48,105
2021-06,AY.49,32
2021-06,AY.5,3947
2021-06,AY.52,98
2021-06,AY.54,429
2021-06,AY.64,99
2021-06,AY.67,193
2021-06,AY.74,30
2021-06,AY.75,630
2021-06,AY.8,734
2021-06,AY.9,5243
2021-06,AZ.3,25
2021-06,B,34
2021-06,B.1,399
2021-06,B.1.1,101
2021-06,B.1.1.207,1
2021-06,B.1.1.318,169
2021-06,B.1.1.420,1
2021-06,B.1.1.7,30734
2021-06,B.1.351,420
2021-06,B.1.351.3,25
2021-06,B.1.429,79
2021-06,B.1.525,88
2021-06,B.1.526,1247
2021-06,B.1.561,2
2021-06,B.1.617,12
2021-06,B.1.617.2,6835
2021-06,B.1.620,28
2021-06,B.1.621,1204
2021-06,B.1.621.1,350
2021-06,B.1.621.2,5
2021-06,B.1.625,28
2021-06,B.1.626,15
2021-06,B.1.627,14
2021-06,B.1.630,34
2021-06,B.1.631,56
2021-06,B.1.634,35
2021-06,B.1.637,846
2021-06,BB.2,11
2021-06,C.36.3,207
2021-06,C.37,350
2021-06,C.37.1,14
2021-06,P.1,4021
2021-06,P.1.1,24
2021-06,P.1.10,506
2021-06,P.1.12,25
2021-06,P.1.13,71
2021-06,P.1.15,311
2021-06,P.1.17,617
2021-06,Q.1,33
2021-06,Q.3,625
2021-06,XB,243
2021-06,unclassifiable,1650
2021-06,AV.1,29
2021-06,AY.10,620
2021-06,AY.108,9
2021-06,AY.11,303
2021-06,AY.111,258
2021-06,AY.113,4
2021-06,AY.124,23
2021-06,AY.21,32
2021-06,AY.29,17
2021-06,AY.37,76
2021-06,AY.4.4,2
2021-06,AY.42,37
2021-06,AY.43,104
2021-06,AY.46.5,35
2021-06,AY.46.6,1
2021-06,AY.5.1,7
2021-06,AY.53,22
2021-06,AY.55,15
2021-06,AY.56,26
2021-06,AY.58,281
2021-06,AY.6,2873
2021-06,AY.62,106
2021-06,AY.65,100
2021-06,AY.68,21
2021-06,AY.7,1222
2021-06,AY.7.2,1
2021-06,AY.70,41
2021-06,AY.77,9
2021-06,AY.79,5
2021-06,AY.81,21
2021-06,AY.83,5
2021-06,AY.86,7
2021-06,AY.87,260
2021-06,AY.88,31
2021-06,AY.9.2,55
2021-06,AY.90,137
2021-06,AY.91,67
2021-06,AY.94,8
2021-06,AY.98,3124
2021-06,AY.98.1,34
2021-06,AZ.2,20
2021-06,AZ.2.1,10
2021-06,B.1.1.1,6
2021-06,B.1.1.189,2
2021-06,B.1.1.222,4
2021-06,B.1.1.25,1
2021-06,B.1.1.519,125
2021-06,B.1.1.523,49
2021-06,B.1.2,39
2021-06,B.1.214,1
2021-06,B.1.234,2
2021-06,B.1.240,1
2021-06,B.1.427,57
2021-06,B.1.619.1,1
2021-06,B.1.629,7
2021-06,B.1.639,1
2021-06,C.17,25
2021-06,P.1.16,96
2021-06,P.1.7,83
2021-06,P.1.7.1,1
2021-06,Q.4,13
2021-06,R.1,7
2021-06,A.1,2
2021-06,A.2.5.3,1
2021-06,AY.106,4
2021-06,AY.109,3
2021-06,AY.112,10
2021-06,AY.120.2,12
2021-06,AY.120.2.1,23
2021-06,AY.125,9
2021-06,AY.15,3
2021-06,AY.17,93
2021-06,AY.22,10
2021-06,AY.34,2
2021-06,AY.34.1,1
2021-06,AY.4.1,117
2021-06,AY.4.2,188
2021-06,AY.4.3,53
2021-06,AY.4.5,38
2021-06,AY.4.6,4
2021-06,AY.4.9,6
2021-06,AY.41,2
2021-06,AY.45,208
2021-06,AY.46.1,2
2021-06,AY.46.2,10
2021-06,AY.50,4
2021-06,AY.61,5
2021-06,AY.69,2
2021-06,AY.82,1
2021-06,AY.91.1,8
2021-06,AY.95,2
2021-06,B.1.1.141,1
2021-06,B.1.1.294,2
2021-06,B.1.1.316,2
2021-06,B.1.1.317,3
2021-06,B.1.1.368,1
2021-06,B.1.160,11
2021-06,B.1.177,6
2021-06,B.1.177.44,2
2021-06,B.1.177.81,1
2021-06,B.1.221,1
2021-06,B.1.258,4
2021-06,B.1.351.2,1
2021-06,B.1.415.1,4
2021-06,B.1.466.2,2
2021-06,B.1.575,1
2021-06,B.1.599,2
2021-06,B.1.617.1,6
2021-06,B.1.619,20
2021-06,B.1.623,3
2021-06,B.1.632,2
2021-06,B.1.636,4
2021-06,B.28,1
2021-06,C.1.2,7
2021-06,C.16,1
2021-06,C.36.3.1,46
2021-06,C.38,6
2021-06,P.1.14,107
2021-06,P.1.17.1,4
2021-06,P.1.2,79
2021-06,P.3,3
2021-06,Q.7,6
2021-06,AY.32,307
2021-06,AY.57,20
2021-06,AY.85,3
2021-06,AY.99,28
2021-06,B.1.1.528,34
2021-06,P.1.9,16
2021-06,AY.101,3
2021-06,AY.19,1
2021-06,AY.7.1,275
2021-06,AY.71,3
2021-06,AY.99.2,3
2021-06,B.1.1.28,1
2021-06,N.10,1
2021-06,P.1.4,2
2021-06,P.1.8,5
2021-06,AY.60,1
2021-06,AY.66,1
2021-06,AY.80,1
2021-06,B.1.1.153,1
2021-06,B.1.1.529,2
2021-06,A.2.5.1,3
2021-06,AY.43.2,1
2021-06,AY.102,2
2021-06,AY.5.2,2
2021-06,B.1.258.3,1
2021-06,B.1.411,6
2021-06,B.1.428,1
2021-06,Q.8,1
2021-06,A.2,3
2021-06,AY.121.1,1
2021-06,AY.4.7,1
2021-06,B.1.1.33,1
2021-06,B.1.1.348,1
2021-06,B.1.1.434,1
2021-06,B.1.1.514,2
2021-06,B.1.1.83,1
2021-06,B.1.177.56,1
2021-06,B.1.222,1
2021-06,B.1.311,1
2021-06,B.1.470,1
2021-06,B.1.499,2
2021-06,B.1.568,1
2021-06,B.1.588,1
2021-06,B.1.595,1
2021-06,B.1.640.1,1
2021-06,C.36,1
2021-06,N.5,6
2021-07,A,5
2021-07,A.2.5,154
2021-07,A.2.5.3,1
2021-07,AY.1,400
2021-07,AY.10,204
2021-07,AY.100,3385
2021-07,AY.103,17977
2021-07,AY.105,112
2021-07,AY.106,29
2021-07,AY.107,314
2021-07,AY.109,33
2021-07,AY.110,1143
2021-07,AY.113,275
2021-07,AY.114,807
2021-07,AY.116,213
2021-07,AY.116.1,890
2021-07,AY.117,870
2021-07,AY.118,2677
2021-07,AY.119,3086
2021-07,AY.119.2,414
2021-07,AY.120,4345
2021-07,AY.120.1,357
2021-07,AY.120.2.1,354
2021-07,AY.121,137
2021-07,AY.122,7506
2021-07,AY.124,150
2021-07,AY.125,1189
2021-07,AY.126,314
2021-07,AY.13,1997
2021-07,AY.14,4118
2021-07,AY.15,11
2021-07,AY.16,219
2021-07,AY.2,1165
2021-07,AY.20,2997
2021-07,AY.23,160
2021-07,AY.24,111
2021-07,AY.25,12915
2021-07,AY.25.1,5504
2021-07,AY.25.3,65
2021-07,AY.26,6506
2021-07,AY.29,141
2021-07,AY.3,12531
2021-07,AY.3.1,1411
2021-07,AY.30,183
2021-07,AY.33,439
2021-07,AY.34,182
2021-07,AY.34.1,111
2021-07,AY.35,509
2021-07,AY.36,226
2021-07,AY.37,405
2021-07,AY.39,2937
2021-07,AY.39.1,473
2021-07,AY.4,109182
2021-07,AY.4.6,27
2021-07,AY.42,2576
2021-07,AY.43,9007
2021-07,AY.44,27885
2021-07,AY.45,256
2021-07,AY.46,269
2021-07,AY.46.4,359
2021-07,AY.46.5,512
2021-07,AY.47,6456
2021-07,AY.48,688
2021-07,AY.49,48
2021-07,AY.5,7951
2021-07,AY.5.3,168
2021-07,AY.50,23
2021-07,AY.52,424
2021-07,AY.54,3070
2021-07,AY.55,8
2021-07,AY.56,37
2021-07,AY.6,5690
2021-07,AY.60,132
2021-07,AY.62,439
2021-07,AY.64,297
2021-07,AY.65,211
2021-07,AY.67,806
2021-07,AY.68,363
2021-07,AY.7,1361
2021-07,AY.7.2,138
2021-07,AY.74,220
2021-07,AY.75,4271
2021-07,AY.75.2,3
2021-07,AY.77,81
2021-07,AY.8,360
2021-07,AY.83,25
2021-07,AY.85,25
2021-07,AY.87,219
2021-07,AY.88,59
2021-07,AY.9,3421
2021-07,AY.9.2,2375
2021-07,AY.91,70
2021-07,AY.98,4481
2021-07,AY.98.1,1448
2021-07,AY.99,32
2021-07,B,152
2021-07,B.1,256
2021-07,B.1.1,36
2021-07,B.1.1.277,4
2021-07,B.1.1.318,60
2021-07,B.1.1.519,22
2021-07,B.1.1.7,7642
2021-07,B.1.2,20
2021-07,B.1.213,1
2021-07,B.1.243,6
2021-07,B.1.243.2,10
2021-07,B.1.351,56
2021-07,B.1.415.1,15
2021-07,B.1.525,14
2021-07,B.1.526,266
2021-07,B.1.617,13
2021-07,B.1.617.2,13819
2021-07,B.1.621,1799
2021-07,B.1.621.1,399
2021-07,B.1.621.2,35
2021-07,B.1.630,34
2021-07,B.1.632,29
2021-07,B.1.634,17
2021-07,B.1.637,423
2021-07,BB.2,219
2021-07,C.36.3,35
2021-07,C.37,334
2021-07,P.1,2218
2021-07,P.1.10,278
2021-07,P.1.13,11
2021-07,P.1.14,64
2021-07,P.1.15,301
2021-07,P.1.17,641
2021-07,P.1.7,175
2021-07,Q.3,275
2021-07,XB,377
2021-07,unclassifiable,2881
2021-07,A.2,6
2021-07,A.2.5.1,8
2021-07,A.2.5.2,47
2021-07,A.29,1
2021-07,AD.2,1
2021-07,AY.102,4
2021-07,AY.104,1
2021-07,AY.108,30
2021-07,AY.11,58
2021-07,AY.111,433
2021-07,AY.112,52
2021-07,AY.112.1,5
2021-07,AY.122.1,2
2021-07,AY.122.2,5
2021-07,AY.124.1,17
2021-07,AY.124.1.1,1
2021-07,AY.127,51
2021-07,AY.128,1
2021-07,AY.129,44
2021-07,AY.16.1,17
2021-07,AY.17,86
2021-07,AY.21,4
2021-07,AY.22,11
2021-07,AY.23.2,3
2021-07,AY.24.1,3
2021-07,AY.27,1
2021-07,AY.32,168
2021-07,AY.34.1.1,1
2021-07,AY.38,203
2021-07,AY.39.1.1,4
2021-07,AY.39.2,2
2021-07,AY.4.1,306
2021-07,AY.4.11,15
2021-07,AY.4.13,1
2021-07,AY.4.14,36
2021-07,AY.4.2,1194
2021-07,AY.4.2.1,17
2021-07,AY.4.2.2,6
2021-07,AY.4.3,214
2021-07,AY.4.4,22
2021-07,AY.4.5,120
2021-07,AY.4.7,356
2021-07,AY.4.8,28
2021-07,AY.4.9,21
2021-07,AY.41,66
2021-07,AY.42.1,7
2021-07,AY.43.8,3
2021-07,AY.46.1,24
2021-07,AY.46.2,13
2021-07,AY.46.6,206
2021-07,AY.5.1,2
2021-07,AY.5.4,199
2021-07,AY.5.5,27
2021-07,AY.5.6,1
2021-07,AY.51,21
2021-07,AY.53,263
2021-07,AY.57,73
2021-07,AY.58,110
2021-07,AY.59,4
2021-07,AY.61,24
2021-07,AY.66,6
2021-07,AY.69,5
2021-07,AY.7.1,3960
2021-07,AY.70,454
2021-07,AY.71,43
2021-07,AY.72,1
2021-07,AY.73,33
2021-07,AY.78,22
2021-07,AY.79,11
2021-07,AY.80,7
2021-07,AY.81,119
2021-07,AY.82,15
2021-07,AY.86,29
2021-07,AY.90,200
2021-07,AY.91.1,4
2021-07,AY.92,8
2021-07,AY.94,65
2021-07,AY.95,36
2021-07,AY.99.2,123
2021-07,AZ.2,38
2021-07,AZ.2.1,1
2021-07,AZ.3,9
2021-07,B.1.1.1,2
2021-07,B.1.1.204,1
2021-07,B.1.1.269,1
2021-07,B.1.1.279,1
2021-07,B.1.1.311,2
2021-07,B.1.1.317,1
2021-07,B.1.1.37,3
2021-07,B.1.1.39,1
2021-07,B.1.1.523,16
2021-07,B.1.160,11
2021-07,B.1.177,32
2021-07,B.1.177.16,1
2021-07,B.1.177.18,3
2021-07,B.1.177.52,1
2021-07,B.1.177.57,5
2021-07,B.1.177.58,1
2021-07,B.1.177.82,1
2021-07,B.1.177.86,1
2021-07,B.1.177.87,2
2021-07,B.1.179,1
2021-07,B.1.234,3
2021-07,B.1.240,1
2021-07,B.1.258,3
2021-07,B.1.349,1
2021-07,B.1.351.3,5
2021-07,B.1.351.5,6
2021-07,B.1.36.17,1
2021-07,B.1.36.39,1
2021-07,B.1.36.7,1
2021-07,B.1.427,6
2021-07,B.1.429,7
2021-07,B.1.469,1
2021-07,B.1.619,6
2021-07,B.1.619.1,6
2021-07,B.1.620,7
2021-07,B.1.625,5
2021-07,B.1.626,17
2021-07,B.1.627,2
2021-07,B.1.631,54
2021-07,B.1.639,1
2021-07,C.1.2,7
2021-07,C.36.3.1,15
2021-07,C.37.1,32
2021-07,N.10,1
2021-07,P.1.1,6
2021-07,P.1.12,17
2021-07,P.1.12.1,2
2021-07,P.1.16,17
2021-07,P.1.17.1,103
2021-07,P.1.4,214
2021-07,P.1.7.1,9
2021-07,Q.1,1
2021-07,Q.8,1
2021-07,W.3,6
2021-07,AY.5.2,10
2021-07,AY.84,2
2021-07,B.1.1.222,3
2021-07,B.1.1.529,2
2021-07,B.1.324,1
2021-07,B.1.636,1
2021-07,A.21,2
2021-07,AY.99.1,4
2021-07,B.1.1.404,1
2021-07,B.1.1.466,1
2021-07,B.1.471,1
2021-07,B.1.597,1
2021-07,BA.2.12.1,1
2021-07,P.1.2,57
2021-07,AY.101,26
2021-07,AY.46.3,3
2021-07,AY.63,2
2021-07,B.1.177.32,1
2021-07,B.1.177.81,1
2021-07,B.1.351.2,1
2021-07,BA.1.1,2
2021-07,BA.2,1
2021-07,P.1.11,3
2021-07,P.1.8,25
2021-07,P.1.9,15
2021-07,AY.120.2,10
2021-07,AY.29.1,2
2021-07,B.1.1.528,4
2021-07,BA.1.15,1
2021-07,AY.75.3,2
2021-07,C.38,1
2021-07,A.27,1
2021-07,AY.31,2
2021-07,AY.4.12,1
2021-07,B.1.177.69,1
2021-07,B.1.369,1
2021-07,BA.1.17.2,1
2021-07,C.17,1
2021-07,P.3,3
2021-07,Q.6,2
2021-07,AY.19,1
2021-07,B.1.1.348,1
2021-07,B.1.1.514,2
2021-07,B.1.617.1,1
2021-07,P.1.5,1
2021-07,P.1.6,83
2021-07,R.1,2
2021-08,A.2.5,24
2021-08,AY.1,675
2021-08,AY.100,11143
2021-08,AY.103,42151
2021-08,AY.103.1,4
2021-08,AY.105,177
2021-08,AY.106,289
2021-08,AY.107,547
2021-08,AY.108,128
2021-08,AY.109,233
2021-08,AY.110,1199
2021-08,AY.112,688
2021-08,AY.113,1345
2021-08,AY.114,1191
2021-08,AY.116,212
2021-08,AY.116.1,1108
2021-08,AY.117,1732
2021-08,AY.118,4841
2021-08,AY.119,5674
2021-08,AY.119.2,1592
2021-08,AY.120,5409
2021-08,AY.120.1,853
2021-08,AY.120.2.1,733
2021-08,AY.121,1013
2021-08,AY.122,15603
2021-08,AY.122.1,33
2021-08,AY.124,386
2021-08,AY.124.1,14
2021-08,AY.125,2493
2021-08,AY.126,2441
2021-08,AY.127,308
2021-08,AY.128,32
2021-08,AY.129,2273
2021-08,AY.13,1702
2021-08,AY.14,4006
2021-08,AY.15,44
2021-08,AY.16,489
2021-08,AY.16.1,61
2021-08,AY.19,2
2021-08,AY.2,639
2021-08,AY.20,5312
2021-08,AY.23,478
2021-08,AY.23.2,72
2021-08,AY.24,131
2021-08,AY.25,26049
2021-08,AY.25.1,12113
2021-08,AY.25.3,213
2021-08,AY.26,10851
2021-08,AY.29,817
2021-08,AY.3,29008
2021-08,AY.3.1,3634
2021-08,AY.30,118
2021-08,AY.33,2263
2021-08,AY.34,602
2021-08,AY.34.1,260
2021-08,AY.34.1.1,33
2021-08,AY.34.2,14
2021-08,AY.35,380
2021-08,AY.36,1304
2021-08,AY.37,675
2021-08,AY.38,228
2021-08,AY.39,6692
2021-08,AY.39.1,1157
2021-08,AY.39.1.1,1293
2021-08,AY.4,125596
2021-08,AY.4.2,3797
2021-08,AY.4.2.1,341
2021-08,AY.4.2.3,28
2021-08,AY.4.3,429
2021-08,AY.4.4,306
2021-08,AY.4.5,279
2021-08,AY.4.6,1494
2021-08,AY.4.7,470
2021-08,AY.4.9,40
2021-08,AY.41,478
2021-08,AY.42,3193
2021-08,AY.42.1,12
2021-08,AY.43,16605
2021-08,AY.43.4,9
2021-08,AY.43.8,82
2021-08,AY.44,46295
2021-08,AY.45,307
2021-08,AY.46,1069
2021-08,AY.46.1,140
2021-08,AY.46.2,88
2021-08,AY.46.4,1084
2021-08,AY.46.5,1282
2021-08,AY.46.6,1931
2021-08,AY.47,10701
2021-08,AY.48,491
2021-08,AY.49,48
2021-08,AY.5,9967
2021-08,AY.5.1,11
2021-08,AY.5.2,11
2021-08,AY.5.3,490
2021-08,AY.5.4,291
2021-08,AY.5.5,63
2021-08,AY.51,142
2021-08,AY.52,270
2021-08,AY.53,88
2021-08,AY.54,3543
2021-08,AY.55,9
2021-08,AY.56,72
2021-08,AY.57,460
2021-08,AY.58,41
2021-08,AY.6,6146
2021-08,AY.60,263
2021-08,AY.61,45
2021-08,AY.62,541
2021-08,AY.64,463
2021-08,AY.65,245
2021-08,AY.66,25
2021-08,AY.67,603
2021-08,AY.68,287
2021-08,AY.7,1056
2021-08,AY.7.1,1706
2021-08,AY.7.2,215
2021-08,AY.70,369
2021-08,AY.71,138
2021-08,AY.72,65
2021-08,AY.73,165
2021-08,AY.74,227
2021-08,AY.75,5780
2021-08,AY.75.2,14
2021-08,AY.77,105
2021-08,AY.78,68
2021-08,AY.80,47
2021-08,AY.81,162
2021-08,AY.82,9
2021-08,AY.83,71
2021-08,AY.84,143
2021-08,AY.85,147
2021-08,AY.86,18
2021-08,AY.87,154
2021-08,AY.88,128
2021-08,AY.9,1901
2021-08,AY.9.2,4216
2021-08,AY.9.2.2,1
2021-08,AY.90,394
2021-08,AY.91,85
2021-08,AY.91.1,130
2021-08,AY.92,77
2021-08,AY.94,113
2021-08,AY.95,41
2021-08,AY.98,4053
2021-08,AY.98.1,2385
2021-08,AY.98.1.1,1
2021-08,AY.99.2,906
2021-08,AZ.3,2
2021-08,AZ.5,5
2021-08,B,573
2021-08,B.1,311
2021-08,B.1.1.318,31
2021-08,B.1.1.523,3
2021-08,B.1.1.7,1538
2021-08,B.1.177.75,2
2021-08,B.1.2,46
2021-08,B.1.234,6
2021-08,B.1.240,1
2021-08,B.1.243.2,7
2021-08,B.1.265,1
2021-08,B.1.351,28
2021-08,B.1.427,9
2021-08,B.1.429,4
2021-08,B.1.525,18
2021-08,B.1.526,23
2021-08,B.1.533,1
2021-08,B.1.617,16
2021-08,B.1.617.2,19211
2021-08,B.1.621,483
2021-08,B.1.621.1,154
2021-08,B.1.621.2,18
2021-08,B.1.627,2
2021-08,B.1.632,25
2021-08,B.1.634,10
2021-08,B.1.637,47
2021-08,B.1.639,3
2021-08,BB.2,65
2021-08,C.36.3.1,6
2021-08,C.37,191
2021-08,P.1,903
2021-08,P.1.10,52
2021-08,P.1.15,196
2021-08,P.1.17,128
2021-08,P.1.7,187
2021-08,P.1.7.1,4
2021-08,P.1.8,23
2021-08,Q.3,24
2021-08,XB,105
2021-08,unclassifiable,2650
2021-08,A.2,2
2021-08,A.2.5.2,2
2021-08,AD.2,2
2021-08,AY.10,3
2021-08,AY.101,174
2021-08,AY.102,9
2021-08,AY.104,2
2021-08,AY.11,41
2021-08,AY.111,541
2021-08,AY.112.1,26
2021-08,AY.112.2,1
2021-08,AY.122.2,6
2021-08,AY.124.1.1,9
2021-08,AY.17,7
2021-08,AY.22,11
2021-08,AY.25.1.1,1
2021-08,AY.27,9
2021-08,AY.28,12
2021-08,AY.29.1,26
2021-08,AY.32,249
2021-08,AY.39.1.2,2
2021-08,AY.39.2,2
2021-08,AY.39.3,8
2021-08,AY.4.1,349
2021-08,AY.4.14,187
2021-08,AY.4.2.2,253
2021-08,AY.4.8,333
2021-08,AY.43.2,9
2021-08,AY.5.6,1
2021-08,AY.50,5
2021-08,AY.59,14
2021-08,AY.63,3
2021-08,AY.76,7
2021-08,AY.8,78
2021-08,AY.99,82
2021-08,AZ.2,50
2021-08,B.1.1,22
2021-08,B.1.1.1,1
2021-08,B.1.1.274,1
2021-08,B.1.1.28,1
2021-08,B.1.1.311,1
2021-08,B.1.160,6
2021-08,B.1.177,6
2021-08,B.1.177.86,5
2021-08,B.1.241,1
2021-08,B.1.258,1
2021-08,B.1.320,2
2021-08,B.1.369,1
2021-08,B.1.415.1,1
2021-08,B.1.433,1
2021-08,B.1.517,1
2021-08,B.1.561,1
2021-08,B.1.619.1,1
2021-08,B.1.620,5
2021-08,B.1.625,2
2021-08,B.1.626,33
2021-08,B.1.630,9
2021-08,B.1.631,9
2021-08,B.19,1
2021-08,B.26,2
2021-08,B.43,1
2021-08,C.1.2,3
2021-08,C.36.3,12
2021-08,C.37.1,5
2021-08,P.1.1,1
2021-08,P.1.12,19
2021-08,P.1.12.1,4
2021-08,P.1.13,5
2021-08,P.1.14,41
2021-08,P.1.16,1
2021-08,P.1.2,47
2021-08,P.1.4,358
2021-08,P.1.9,15
2021-08,Q.8,1
2021-08,A,24
2021-08,A.18,1
2021-08,A.19,1
2021-08,AY.122.4,1
2021-08,AY.31,26
2021-08,AY.46.3,21
2021-08,AY.79,5
2021-08,B.1.1.529,5
2021-08,B.1.575,2
2021-08,BA.1,8
2021-08,BA.1.1,68
2021-08,BA.1.15,5
2021-08,BA.1.17.2,4
2021-08,BA.2,1
2021-08,BA.5.3.5,1
2021-08,R.1,1
2021-08,AY.120.2,6
2021-08,AY.43.1,5
2021-08,AY.99.1,19
2021-08,B.1.597,1
2021-08,P.1.11,4
2021-08,Q.6,1
2021-08,A.2.5.1,2
2021-08,B.1.1.25,1
2021-08,B.1.313,1
2021-08,AY.131,2
2021-08,B.1.160.16,1
2021-08,AY.4.11,1
2021-08,B.1.1.306,1
2021-08,B.1.1.351,1
2021-08,B.1.1.420,1
2021-08,B.1.1.519,1
2021-08,B.1.177.60,2
2021-08,B.1.351.3,3
2021-08,B.1.351.5,2
2021-08,B.1.36,2
2021-08,B.1.36.17,1
2021-08,B.1.36.29,3
2021-08,B.1.36.31,2
2021-08,B.1.411,1
2021-08,B.1.560,1
2021-08,B.1.617.1,17
2021-08,B.1.617.3,1
2021-08,B.1.619,1
2021-08,C.17,2
2021-08,Q.1,1
2021-08,AY.69,1
2021-08,B.1.1.141,1
2021-08,B.1.1.192,2
2021-08,B.1.177.69,1
2021-08,B.1.233,6
2021-08,B.1.243,1
2021-08,B.1.361,1
2021-08,B.1.520,1
2021-08,B.1.9,1
2021-08,BA.1.1.1,1
2021-08,BA.5.1,1
2021-08,P.1.6,121
2021-09,A.2.5,5
2021-09,AY.1,388
2021-09,AY.100,12866
2021-09,AY.103,44472
2021-09,AY.105,199
2021-09,AY.106,145
2021-09,AY.107,543
2021-09,AY.108,37
2021-09,AY.109,193
2021-09,AY.11,16
2021-09,AY.110,566
2021-09,AY.111,838
2021-09,AY.112,509
2021-09,AY.112.2,7
2021-09,AY.113,1642
2021-09,AY.114,1007
2021-09,AY.116,84
2021-09,AY.116.1,679
2021-09,AY.117,2156
2021-09,AY.118,3920
2021-09,AY.119,5403
2021-09,AY.119.2,1888
2021-09,AY.120,4558
2021-09,AY.120.1,798
2021-09,AY.120.2.1,83
2021-09,AY.121,1704
2021-09,AY.121.1,18
2021-09,AY.122,14441
2021-09,AY.122.1,54
2021-09,AY.122.4,9
2021-09,AY.124,346
2021-09,AY.124.1,12
2021-09,AY.125,2186
2021-09,AY.126,3132
2021-09,AY.127,557
2021-09,AY.127.1,20
2021-09,AY.128,20
2021-09,AY.129,1954
2021-09,AY.13,482
2021-09,AY.14,1457
2021-09,AY.15,16
2021-09,AY.16,275
2021-09,AY.2,161
2021-09,AY.20,3816
2021-09,AY.23,409
2021-09,AY.23.2,75
2021-09,AY.24,99
2021-09,AY.25,23874
2021-09,AY.25.1,11919
2021-09,AY.25.3,193
2021-09,AY.26,6648
2021-09,AY.27,59
2021-09,AY.28,6
2021-09,AY.29,276
2021-09,AY.3,29797
2021-09,AY.3.1,3459
2021-09,AY.3.3,25
2021-09,AY.30,76
2021-09,AY.33,2278
2021-09,AY.33.2,6
2021-09,AY.34,911
2021-09,AY.34.1,438
2021-09,AY.34.1.1,45
2021-09,AY.34.2,144
2021-09,AY.35,145
2021-09,AY.36,1394
2021-09,AY.37,508
2021-09,AY.38,92
2021-09,AY.39,7655
2021-09,AY.39.1,1591
2021-09,AY.39.1.1,876
2021-09,AY.39.2,11
2021-09,AY.4,132022
2021-09,AY.4.1,527
2021-09,AY.4.13,18
2021-09,AY.4.2,8781
2021-09,AY.4.2.1,961
2021-09,AY.4.2.2,1733
2021-09,AY.4.2.3,159
2021-09,AY.4.3,440
2021-09,AY.4.4,412
2021-09,AY.4.5,322
2021-09,AY.4.6,1295
2021-09,AY.4.7,148
2021-09,AY.4.8,486
2021-09,AY.4.9,157
2021-09,AY.41,390
2021-09,AY.42,2114
2021-09,AY.43,16802
2021-09,AY.43.4,156
2021-09,AY.43.8,234
2021-09,AY.43.9,22
2021-09,AY.44,38456
2021-09,AY.45,213
2021-09,AY.46,823
2021-09,AY.46.1,201
2021-09,AY.46.2,144
2021-09,AY.46.4,1249
2021-09,AY.46.5,2455
2021-09,AY.46.6,3088
2021-09,AY.47,7692
2021-09,AY.48,120
2021-09,AY.49,17
2021-09,AY.5,8914
2021-09,AY.5.3,537
2021-09,AY.5.4,135
2021-09,AY.5.5,68
2021-09,AY.5.6,3
2021-09,AY.51,107
2021-09,AY.52,113
2021-09,AY.54,1987
2021-09,AY.55,6
2021-09,AY.56,36
2021-09,AY.57,135
2021-09,AY.58,21
2021-09,AY.59,8
2021-09,AY.6,4604
2021-09,AY.60,162
2021-09,AY.62,339
2021-09,AY.64,399
2021-09,AY.65,256
2021-09,AY.66,19
2021-09,AY.67,241
2021-09,AY.68,133
2021-09,AY.7,552
2021-09,AY.7.1,975
2021-09,AY.7.2,124
2021-09,AY.70,145
2021-09,AY.71,94
2021-09,AY.72,45
2021-09,AY.73,142
2021-09,AY.74,149
2021-09,AY.75,3323
2021-09,AY.77,78
2021-09,AY.78,59
2021-09,AY.79,20
2021-09,AY.81,133
2021-09,AY.83,105
2021-09,AY.84,358
2021-09,AY.85,59
2021-09,AY.86,9
2021-09,AY.87,100
2021-09,AY.88,190
2021-09,AY.9,1152
2021-09,AY.9.2,3047
2021-09,AY.90,264
2021-09,AY.91,76
2021-09,AY.91.1,36
2021-09,AY.92,97
2021-09,AY.94,58
2021-09,AY.95,33
2021-09,AY.98,5850
2021-09,AY.98.1,2268
2021-09,AY.98.1.1,22
2021-09,AY.99,88
2021-09,AY.99.1,56
2021-09,AY.99.2,1358
2021-09,B,462
2021-09,B.1,312
2021-09,B.1.1,18
2021-09,B.1.1.222,4
2021-09,B.1.1.316,1
2021-09,B.1.1.368,3
2021-09,B.1.1.519,3
2021-09,B.1.1.7,119
2021-09,B.1.139,3
2021-09,B.1.153,2
2021-09,B.1.2,97
2021-09,B.1.234,4
2021-09,B.1.239,6
2021-09,B.1.240,7
2021-09,B.1.243,13
2021-09,B.1.311,7
2021-09,B.1.324,3
2021-09,B.1.351,11
2021-09,B.1.369,1
2021-09,B.1.397,3
2021-09,B.1.427,105
2021-09,B.1.429,39
2021-09,B.1.526,5
2021-09,B.1.533,1
2021-09,B.1.551,3
2021-09,B.1.617,7
2021-09,B.1.617.2,14666
2021-09,B.1.621,110
2021-09,B.1.621.1,19
2021-09,B.1.621.2,6
2021-09,B.1.626,9
2021-09,B.1.631,2
2021-09,B.1.632,2
2021-09,B.1.637,6
2021-09,BB.2,6
2021-09,C.36.3.1,3
2021-09,P.1,128
2021-09,P.1.10,6
2021-09,P.1.17,11
2021-09,P.1.7,55
2021-09,P.1.7.1,7
2021-09,XB,15
2021-09,unclassifiable,2348
2021-09,AY.101,141
2021-09,AY.102,3
2021-09,AY.103.1,7
2021-09,AY.104,1
2021-09,AY.112.1,24
2021-09,AY.112.3,1
2021-09,AY.122.2,5
2021-09,AY.124.1.1,2
2021-09,AY.130,3
2021-09,AY.16.1,37
2021-09,AY.22,6
2021-09,AY.25.1.2,1
2021-09,AY.32,140
2021-09,AY.39.3,7
2021-09,AY.4.11,5
2021-09,AY.4.14,179
2021-09,AY.4.17,2
2021-09,AY.42.1,8
2021-09,AY.43.2,23
2021-09,AY.43.3,10
2021-09,AY.43.6,295
2021-09,AY.43.7,4
2021-09,AY.5.1,6
2021-09,AY.5.2,5
2021-09,AY.53,16
2021-09,AY.61,39
2021-09,AY.63,7
2021-09,AY.75.2,8
2021-09,AY.80,220
2021-09,AY.82,1
2021-09,AY.93,6
2021-09,AZ.5,6
2021-09,B.1.1.318,3
2021-09,B.1.620,1
2021-09,B.1.630,2
2021-09,B.1.639,1
2021-09,B.23,1
2021-09,B.50,2
2021-09,C.37,96
2021-09,P.1.12,3
2021-09,A,3
2021-09,AY.43.1,22
2021-09,AY.46.3,73
2021-09,B.1.1.529,2
2021-09,BA.1.1,11
2021-09,BA.1.1.2,1
2021-09,BA.1.15,2
2021-09,BA.2.12.1,1
2021-09,BA.5.1.3,1
2021-09,BQ.1.8,1
2021-09,P.1.14,6
2021-09,AY.4.15,74
2021-09,AY.50,7
2021-09,B.1.160,2
2021-09,B.1.258,2
2021-09,BA.1,1
2021-09,P.1.8,4
2021-09,AY.120.2,4
2021-09,AY.29.1,8
2021-09,B.1.1.192,1
2021-09,B.1.1.528,2
2021-09,C.1.2,11
2021-09,AY.131,9
2021-09,B.1.1.33,1
2021-09,B.1.177.81,1
2021-09,B.1.525,2
2021-09,BA.2.18,1
2021-09,P.1.15,132
2021-09,Q.7,1
2021-09,AY.125.1,1
2021-09,AY.4.12,1
2021-09,AY.76,1
2021-09,B.1.177,10
2021-09,B.1.617.1,1
2021-09,A.5,1
2021-09,AD.2,1
2021-09,AY.25.2,8
2021-09,AY.29.2,2
2021-09,AY.4.10,1
2021-09,AY.69,1
2021-09,B.1.1.142,2
2021-09,B.1.1.37,2
2021-09,B.1.1.43,1
2021-09,B.1.177.5,2
2021-09,B.1.177.7,1
2021-09,B.1.177.8,1
2021-09,B.1.222,1
2021-09,B.1.223,1
2021-09,B.1.248,1
2021-09,B.1.36.23,1
2021-09,B.1.391,1
2021-09,B.1.9.1,1
2021-09,B.1.93,1
2021-09,B.26,1
2021-09,BA.1.16,1
2021-09,BA.1.18,2
2021-09,BA.2,5
2021-09,BQ.1.1.18,1
2021-09,P.1.2,32
2021-09,P.1.4,101
2021-09,P.1.6,36
2021-09,Q.1,1
2021-09,W.4,1
2021-10,AY.1,391
2021-10,AY.100,13083
2021-10,AY.101,227
2021-10,AY.102,10
2021-10,AY.103,45568
2021-10,AY.104,3
2021-10,AY.105,157
2021-10,AY.106,150
2021-10,AY.107,670
2021-10,AY.108,26
2021-10,AY.109,179
2021-10,AY.110,204
2021-10,AY.111,1505
2021-10,AY.112,488
2021-10,AY.112.1,24
2021-10,AY.112.2,18
2021-10,AY.113,1646
2021-10,AY.114,739
2021-10,AY.116,91
2021-10,AY.116.1,520
2021-10,AY.117,2598
2021-10,AY.118,2831
2021-10,AY.119,5647
2021-10,AY.119.1,4
2021-10,AY.119.2,1837
2021-10,AY.120,4935
2021-10,AY.120.1,557
2021-10,AY.120.2.1,16
2021-10,AY.121,2395
2021-10,AY.121.1,166
2021-10,AY.122,15487
2021-10,AY.122.1,62
2021-10,AY.122.2,3
2021-10,AY.122.4,78
2021-10,AY.122.6,4
2021-10,AY.123,7
2021-10,AY.124,376
2021-10,AY.124.1,43
2021-10,AY.125,1865
2021-10,AY.126,4127
2021-10,AY.127,1481
2021-10,AY.127.1,39
2021-10,AY.128,16
2021-10,AY.129,1199
2021-10,AY.13,268
2021-10,AY.130,53
2021-10,AY.14,683
2021-10,AY.15,7
2021-10,AY.16,44
2021-10,AY.2,20
2021-10,AY.20,3490
2021-10,AY.20.1,5
2021-10,AY.23,217
2021-10,AY.23.1,4
2021-10,AY.23.2,4
2021-10,AY.24,39
2021-10,AY.25,20866
2021-10,AY.25.1,10194
2021-10,AY.25.1.1,1
2021-10,AY.25.3,171
2021-10,AY.26,4289
2021-10,AY.26.1,3
2021-10,AY.27,85
2021-10,AY.28,3
2021-10,AY.29,33
2021-10,AY.3,25963
2021-10,AY.3.1,2387
2021-10,AY.3.3,119
2021-10,AY.30,37
2021-10,AY.32,103
2021-10,AY.33,1565
2021-10,AY.33.2,17
2021-10,AY.34,959
2021-10,AY.34.1,497
2021-10,AY.34.1.1,75
2021-10,AY.34.2,93
2021-10,AY.35,118
2021-10,AY.36,1513
2021-10,AY.36.1,97
2021-10,AY.37,194
2021-10,AY.38,31
2021-10,AY.39,7853
2021-10,AY.39.1,1439
2021-10,AY.39.1.1,1470
2021-10,AY.39.2,109
2021-10,AY.39.3,4
2021-10,AY.4,132669
2021-10,AY.4.1,152
2021-10,AY.4.10,170
2021-10,AY.4.11,20
2021-10,AY.4.12,4
2021-10,AY.4.13,23
2021-10,AY.4.16,2
2021-10,AY.4.2,15638
2021-10,AY.4.2.1,2870
2021-10,AY.4.2.2,3763
2021-10,AY.4.2.3,374
2021-10,AY.4.2.5,7
2021-10,AY.4.3,296
2021-10,AY.4.4,208
2021-10,AY.4.5,614
2021-10,AY.4.6,3125
2021-10,AY.4.7,25
2021-10,AY.4.8,948
2021-10,AY.4.9,361
2021-10,AY.41,252
2021-10,AY.42,1032
2021-10,AY.43,19066
2021-10,AY.43.1,47
2021-10,AY.43.3,104
2021-10,AY.43.4,556
2021-10,AY.43.5,1
2021-10,AY.43.6,1227
2021-10,AY.43.7,24
2021-10,AY.43.8,422
2021-10,AY.43.9,171
2021-10,AY.44,35427
2021-10,AY.45,130
2021-10,AY.46,1012
2021-10,AY.46.1,242
2021-10,AY.46.2,139
2021-10,AY.46.4,969
2021-10,AY.46.5,3067
2021-10,AY.46.6,2913
2021-10,AY.46.6.1,1
2021-10,AY.47,4196
2021-10,AY.48,42
2021-10,AY.49,6
2021-10,AY.5,7702
2021-10,AY.5.3,324
2021-10,AY.5.4,77
2021-10,AY.5.5,65
2021-10,AY.50,7
2021-10,AY.51,217
2021-10,AY.52,36
2021-10,AY.53,2
2021-10,AY.54,923
2021-10,AY.55,1
2021-10,AY.56,41
2021-10,AY.57,127
2021-10,AY.6,3500
2021-10,AY.60,54
2021-10,AY.61,59
2021-10,AY.62,127
2021-10,AY.64,198
2021-10,AY.65,326
2021-10,AY.67,71
2021-10,AY.68,21
2021-10,AY.7,276
2021-10,AY.7.1,503
2021-10,AY.7.2,102
2021-10,AY.70,40
2021-10,AY.71,21
2021-10,AY.72,68
2021-10,AY.73,47
2021-10,AY.74,83
2021-10,AY.75,1684
2021-10,AY.76,4
2021-10,AY.77,47
2021-10,AY.78,16
2021-10,AY.79,19
2021-10,AY.80,485
2021-10,AY.81,31
2021-10,AY.83,112
2021-10,AY.84,273
2021-10,AY.85,110
2021-10,AY.86,5
2021-10,AY.87,72
2021-10,AY.88,138
2021-10,AY.9,463
2021-10,AY.9.2,3155
2021-10,AY.9.2.2,22
2021-10,AY.90,246
2021-10,AY.91,119
2021-10,AY.92,83
2021-10,AY.93,2
2021-10,AY.94,75
2021-10,AY.95,10
2021-10,AY.98,7215
2021-10,AY.98.1,2399
2021-10,AY.98.1.1,70
2021-10,AY.99,8
2021-10,AY.99.1,37
2021-10,AY.99.2,1025
2021-10,AZ.5,10
2021-10,B,673
2021-10,B.1,203
2021-10,B.1.1,16
2021-10,B.1.1.529,13
2021-10,B.1.1.7,33
2021-10,B.1.160,16
2021-10,B.1.160.22,1
2021-10,B.1.177,1
2021-10,B.1.177.11,2
2021-10,B.1.177.18,2
2021-10,B.1.2,6
2021-10,B.1.234,1
2021-10,B.1.243,3
2021-10,B.1.429,1
2021-10,B.1.617,10
2021-10,B.1.617.2,13103
2021-10,B.1.621,25
2021-10,B.1.621.1,3
2021-10,B.1.621.2,3
2021-10,B.1.626,2
2021-10,B.1.630,3
2021-10,B.1.639,6
2021-10,B.1.640.1,4
2021-10,P.1,54
2021-10,P.1.10,1
2021-10,P.1.7,17
2021-10,unclassifiable,2864
2021-10,AY.11,2
2021-10,AY.122.5,2
2021-10,AY.58,5
2021-10,AY.75.2,4
2021-10,B.1.1.318,5
2021-10,B.1.526,2
2021-10,AY.25.2,8
2021-10,AY.46.3,49
2021-10,B.1.637.1,1
2021-10,BA.1.1,8
2021-10,BA.1.9,1
2021-10,BA.2,2
2021-10,BA.2.65,1
2021-10,BA.5,1
2021-10,BA.5.2,1
2021-10,BA.5.6,1
2021-10,BF.10,1
2021-10,AY.122.3,177
2021-10,AY.132,2
2021-10,AY.16.1,8
2021-10,AY.33.1,3
2021-10,AY.4.14,103
2021-10,AY.4.15,264
2021-10,AY.43.2,40
2021-10,B.1.1.317,2
2021-10,B.1.36,1
2021-10,B.1.597,43
2021-10,BA.1,9
2021-10,P.1.11,1
2021-10,P.1.2,24
2021-10,P.1.8,1
2021-10,AY.120.2,2
2021-10,BA.1.15,3
2021-10,C.1.2,6
2021-10,AY.131,2
2021-10,AY.22,1
2021-10,BA.1.1.18,1
2021-10,BA.1.17,1
2021-10,BB.2,1
2021-10,A,9
2021-10,A.1,1
2021-10,AY.124.1.1,2
2021-10,AY.25.1.2,1
2021-10,AY.4.17,2
2021-10,AY.59,2
2021-10,B.1.1.528,1
2021-10,B.1.258.3,1
2021-10,B.1.351,2
2021-10,B.1.525,7
2021-10,B.1.620,3
2021-10,BA.1.17.2,1
2021-10,Q.8,1
2021-10,A.27,1
2021-10,AY.103.1,28
2021-10,AY.29.1,1
2021-10,AY.66,1
2021-10,B.1.1.113,1
2021-10,B.1.177.4,1
2021-10,B.1.177.54,1
2021-10,B.1.315,2
2021-10,C.37,108
2021-10,P.1.15,115
2021-10,P.1.4,6
2021-10,P.1.6,14
2021-10,P.1.7.1,3
2021-10,XBB.1.5,1
2021-11,AY.1,480
2021-11,AY.100,16151
2021-11,AY.101,146
2021-11,AY.102,17
2021-11,AY.103,56473
2021-11,AY.104,14
2021-11,AY.105,85
2021-11,AY.106,173
2021-11,AY.107,634
2021-11,AY.108,132
2021-11,AY.109,344
2021-11,AY.110,61
2021-11,AY.111,2374
2021-11,AY.112,460
2021-11,AY.112.1,6
2021-11,AY.112.2,68
2021-11,AY.113,1777
2021-11,AY.114,498
2021-11,AY.116,82
2021-11,AY.116.1,400
2021-11,AY.117,3426
2021-11,AY.118,2204
2021-11,AY.119,6311
2021-11,AY.119.1,32
2021-11,AY.119.2,2362
2021-11,AY.120,5385
2021-11,AY.120.1,401
2021-11,AY.120.2.1,5
2021-11,AY.121,4509
2021-11,AY.121.1,799
2021-11,AY.122,23537
2021-11,AY.122.1,23
2021-11,AY.122.2,25
2021-11,AY.122.4,255
2021-11,AY.122.6,67
2021-11,AY.123,73
2021-11,AY.123.1,12
2021-11,AY.124,412
2021-11,AY.124.1,27
2021-11,AY.124.1.1,37
2021-11,AY.125,2257
2021-11,AY.126,7332
2021-11,AY.127,4225
2021-11,AY.127.1,4
2021-11,AY.128,34
2021-11,AY.129,2387
2021-11,AY.13,137
2021-11,AY.130,5
2021-11,AY.131,22
2021-11,AY.133,28
2021-11,AY.14,463
2021-11,AY.16,103
2021-11,AY.2,10
2021-11,AY.20,3158
2021-11,AY.20.1,17
2021-11,AY.23,239
2021-11,AY.23.1,2
2021-11,AY.23.2,8
2021-11,AY.24,5
2021-11,AY.25,21757
2021-11,AY.25.1,11179
2021-11,AY.25.1.1,12
2021-11,AY.25.1.2,9
2021-11,AY.25.2,66
2021-11,AY.25.3,288
2021-11,AY.26,3063
2021-11,AY.26.1,2
2021-11,AY.27,74
2021-11,AY.29,7
2021-11,AY.3,26488
2021-11,AY.3.1,1956
2021-11,AY.3.3,258
2021-11,AY.3.4,79
2021-11,AY.30,40
2021-11,AY.32,60
2021-11,AY.33,1473
2021-11,AY.33.1,29
2021-11,AY.33.2,124
2021-11,AY.34,1540
2021-11,AY.34.1,1229
2021-11,AY.34.2,139
2021-11,AY.35,53
2021-11,AY.36,1990
2021-11,AY.36.1,634
2021-11,AY.37,94
2021-11,AY.38,13
2021-11,AY.39,9353
2021-11,AY.39.1,1247
2021-11,AY.39.2,89
2021-11,AY.4,151703
2021-11,AY.4.1,84
2021-11,AY.4.10,883
2021-11,AY.4.11,203
2021-11,AY.4.13,76
2021-11,AY.4.15,660
2021-11,AY.4.17,4
2021-11,AY.4.2,32375
2021-11,AY.4.2.1,8114
2021-11,AY.4.2.2,11838
2021-11,AY.4.2.3,1611
2021-11,AY.4.2.4,12
2021-11,AY.4.2.5,279
2021-11,AY.4.3,440
2021-11,AY.4.4,225
2021-11,AY.4.5,1069
2021-11,AY.4.6,3834
2021-11,AY.4.7,24
2021-11,AY.4.8,1557
2021-11,AY.4.9,733
2021-11,AY.41,198
2021-11,AY.42,1507
2021-11,AY.43,37269
2021-11,AY.43.1,109
2021-11,AY.43.3,246
2021-11,AY.43.4,1539
2021-11,AY.43.5,1
2021-11,AY.43.6,2634
2021-11,AY.43.7,66
2021-11,AY.43.8,484
2021-11,AY.43.9,191
2021-11,AY.44,37742
2021-11,AY.45,49
2021-11,AY.46,1215
2021-11,AY.46.1,337
2021-11,AY.46.2,311
2021-11,AY.46.4,890
2021-11,AY.46.5,3987
2021-11,AY.46.6,3941
2021-11,AY.47,2738
2021-11,AY.48,27
2021-11,AY.5,7470
2021-11,AY.5.1,2
2021-11,AY.5.2,8
2021-11,AY.5.3,233
2021-11,AY.5.4,182
2021-11,AY.5.5,4
2021-11,AY.50,2
2021-11,AY.51,296
2021-11,AY.52,11
2021-11,AY.53,1
2021-11,AY.54,765
2021-11,AY.55,1
2021-11,AY.56,11
2021-11,AY.57,193
2021-11,AY.6,3101
2021-11,AY.60,14
2021-11,AY.61,55
2021-11,AY.62,50
2021-11,AY.64,164
2021-11,AY.65,81
2021-11,AY.66,1
2021-11,AY.67,21
2021-11,AY.68,12
2021-11,AY.69,11
2021-11,AY.7,243
2021-11,AY.7.1,750
2021-11,AY.7.2,76
2021-11,AY.70,10
2021-11,AY.71,7
2021-11,AY.72,171
2021-11,AY.73,44
2021-11,AY.74,49
2021-11,AY.75,972
2021-11,AY.77,10
2021-11,AY.78,7
2021-11,AY.79,19
2021-11,AY.80,235
2021-11,AY.81,50
2021-11,AY.82,2
2021-11,AY.83,124
2021-11,AY.84,248
2021-11,AY.85,156
2021-11,AY.86,5
2021-11,AY.87,54
2021-11,AY.88,19
2021-11,AY.9,250
2021-11,AY.9.2,4139
2021-11,AY.90,378
2021-11,AY.91,154
2021-11,AY.91.1,2
2021-11,AY.92,253
2021-11,AY.93,1
2021-11,AY.94,37
2021-11,AY.95,3
2021-11,AY.98,10474
2021-11,AY.98.1,3377
2021-11,AY.98.1.1,207
2021-11,AY.99,40
2021-11,AY.99.1,68
2021-11,AY.99.2,885
2021-11,AZ.5,3
2021-11,B,981
2021-11,B.1,113
2021-11,B.1.1,5
2021-11,B.1.1.529,27
2021-11,B.1.1.7,43
2021-11,B.1.2,3
2021-11,B.1.351,10
2021-11,B.1.509,1
2021-11,B.1.617,20
2021-11,B.1.617.2,14873
2021-11,B.1.621,14
2021-11,B.1.621.2,6
2021-11,B.1.637.1,25
2021-11,B.1.640.1,6
2021-11,B.1.640.2,15
2021-11,B.28,1
2021-11,BA.1,381
2021-11,BA.1.1,92
2021-11,BA.1.1.11,2
2021-11,BA.1.1.18,10
2021-11,BA.1.1.3,1
2021-11,BA.1.1.8,1
2021-11,BA.1.10,3
2021-11,BA.1.13,7
2021-11,BA.1.14,10
2021-11,BA.1.15,55
2021-11,BA.1.17,112
2021-11,BA.1.17.2,114
2021-11,BA.1.18,74
2021-11,BA.1.19,15
2021-11,BA.1.20,11
2021-11,BA.1.21,13
2021-11,BA.1.4,1
2021-11,P.1,13
2021-11,unclassifiable,2700
2021-11,A.2.5.2,1
2021-11,AY.122.5,1
2021-11,AY.29.2,1
2021-11,BA.2.12.1,1
2021-11,BA.2.67,1
2021-11,BA.5.2.1,2
2021-11,BA.5.2.18,1
2021-11,BA.5.2.3,1
2021-11,BA.5.2.7,1
2021-11,BE.1.1,1
2021-11,BQ.1,1
2021-11,A,4
2021-11,AY.122.3,513
2021-11,AY.132,196
2021-11,AY.134,246
2021-11,AY.28,2
2021-11,AY.34.1.1,122
2021-11,AY.39.1.1,1084
2021-11,AY.4.14,198
2021-11,AY.43.2,69
2021-11,AY.46.3,51
2021-11,AY.9.2.2,26
2021-11,B.1.160,3
2021-11,B.1.177.81,1
2021-11,B.1.525,11
2021-11,P.1.4,2
2021-11,P.1.7,3
2021-11,BA.2,4
2021-11,AY.59,6
2021-11,AY.76,1
2021-11,B.1.238,1
2021-11,BA.1.1.13,1
2021-11,BA.1.12,1
2021-11,BA.1.15.1,2
2021-11,XBB.1.16.11,1
2021-11,AY.16.1,2
2021-11,B.1.1.318,4
2021-11,B.1.177.15,1
2021-11,B.1.620,3
2021-11,BA.1.1.7,1
2021-11,BA.1.16,2
2021-11,AY.103.1,49
2021-11,AY.4.12,1
2021-11,B.1.177.54,1
2021-11,B.1.177.86,1
2021-11,B.1.499,1
2021-11,BA.1.1.1,1
2021-11,C.37,35
2021-11,JN.1,1
2021-11,JN.1.4,1
2021-11,P.1.15,28
2021-11,P.1.2,11
2021-11,P.1.6,13
2021-11,P.1.7.1,1
2021-11,XBB.1.5.99,1
2021-12,AY.1,102
2021-12,AY.100,10556
2021-12,AY.101,84
2021-12,AY.102,3
2021-12,AY.103,37049
2021-12,AY.104,19
2021-12,AY.105,42
2021-12,AY.106,108
2021-12,AY.107,427
2021-12,AY.109,156
2021-12,AY.110,19
2021-12,AY.111,1460
2021-12,AY.112,275
2021-12,AY.112.2,61
2021-12,AY.113,1336
2021-12,AY.114,211
2021-12,AY.116,34
2021-12,AY.116.1,268
2021-12,AY.117,2040
2021-12,AY.118,1364
2021-12,AY.119,4196
2021-12,AY.119.1,46
2021-12,AY.119.2,1430
2021-12,AY.120,2258
2021-12,AY.120.1,173
2021-12,AY.121,4382
2021-12,AY.121.1,803
2021-12,AY.122,15214
2021-12,AY.122.1,17
2021-12,AY.122.4,179
2021-12,AY.122.6,173
2021-12,AY.123,32
2021-12,AY.124,343
2021-12,AY.124.1,26
2021-12,AY.124.1.1,23
2021-12,AY.125,1478
2021-12,AY.126,6099
2021-12,AY.127,4208
2021-12,AY.127.1,11
2021-12,AY.129,1794
2021-12,AY.13,98
2021-12,AY.131,28
2021-12,AY.14,120
2021-12,AY.16,84
2021-12,AY.2,16
2021-12,AY.20,2072
2021-12,AY.22,1
2021-12,AY.23,93
2021-12,AY.24,6
2021-12,AY.25,13234
2021-12,AY.25.1,7106
2021-12,AY.25.1.1,21
2021-12,AY.25.1.2,5
2021-12,AY.25.3,179
2021-12,AY.26,1704
2021-12,AY.27,19
2021-12,AY.3,15957
2021-12,AY.3.1,1125
2021-12,AY.3.3,327
2021-12,AY.3.4,217
2021-12,AY.33,1211
2021-12,AY.34,1315
2021-12,AY.34.1,1226
2021-12,AY.35,67
2021-12,AY.36,2276
2021-12,AY.36.1,1138
2021-12,AY.37,24
2021-12,AY.38,5
2021-12,AY.39,6707
2021-12,AY.39.1,760
2021-12,AY.39.2,110
2021-12,AY.39.3,5
2021-12,AY.4,76000
2021-12,AY.4.10,411
2021-12,AY.4.11,136
2021-12,AY.4.13,129
2021-12,AY.4.15,325
2021-12,AY.4.2,24279
2021-12,AY.4.2.1,6017
2021-12,AY.4.2.2,11626
2021-12,AY.4.2.3,1162
2021-12,AY.4.2.5,539
2021-12,AY.4.4,119
2021-12,AY.4.5,724
2021-12,AY.4.8,1173
2021-12,AY.4.9,464
2021-12,AY.41,64
2021-12,AY.42,983
2021-12,AY.43,27336
2021-12,AY.43.1,17
2021-12,AY.43.3,102
2021-12,AY.43.4,707
2021-12,AY.43.8,455
2021-12,AY.44,21499
2021-12,AY.45,18
2021-12,AY.46,742
2021-12,AY.46.1,308
2021-12,AY.46.2,212
2021-12,AY.46.4,419
2021-12,AY.46.5,2261
2021-12,AY.46.6,2495
2021-12,AY.47,1352
2021-12,AY.48,14
2021-12,AY.5,3347
2021-12,AY.5.3,165
2021-12,AY.5.4,138
2021-12,AY.51,167
2021-12,AY.54,237
2021-12,AY.56,3
2021-12,AY.57,180
2021-12,AY.59,9
2021-12,AY.6,1302
2021-12,AY.61,17
2021-12,AY.62,6
2021-12,AY.64,62
2021-12,AY.65,17
2021-12,AY.67,14
2021-12,AY.7,90
2021-12,AY.7.1,550
2021-12,AY.7.2,44
2021-12,AY.70,2
2021-12,AY.71,7
2021-12,AY.73,19
2021-12,AY.74,14
2021-12,AY.75,498
2021-12,AY.77,5
2021-12,AY.79,31
2021-12,AY.80,150
2021-12,AY.81,15
2021-12,AY.83,42
2021-12,AY.84,242
2021-12,AY.85,99
2021-12,AY.87,10
2021-12,AY.88,2
2021-12,AY.9,132
2021-12,AY.9.2,2402
2021-12,AY.90,280
2021-12,AY.91,70
2021-12,AY.92,165
2021-12,AY.95,4
2021-12,AY.98,7110
2021-12,AY.98.1,2049
2021-12,AY.98.1.1,254
2021-12,AY.99.1,35
2021-12,AY.99.2,501
2021-12,B,324
2021-12,B.1,70
2021-12,B.1.1.529,2148
2021-12,B.1.1.7,15
2021-12,B.1.153,1
2021-12,B.1.2,2
2021-12,B.1.617,11
2021-12,B.1.617.2,10353
2021-12,B.1.621,2
2021-12,B.1.621.2,9
2021-12,B.1.637.1,30
2021-12,B.1.640.1,26
2021-12,BA.1,95427
2021-12,BA.1.1,76588
2021-12,BA.1.1.1,900
2021-12,BA.1.1.10,55
2021-12,BA.1.1.11,911
2021-12,BA.1.1.13,1262
2021-12,BA.1.1.14,1714
2021-12,BA.1.1.16,181
2021-12,BA.1.1.17,25
2021-12,BA.1.1.18,10434
2021-12,BA.1.1.2,691
2021-12,BA.1.1.3,123
2021-12,BA.1.1.6,42
2021-12,BA.1.1.8,160
2021-12,BA.1.10,486
2021-12,BA.1.13,406
2021-12,BA.1.15,39388
2021-12,BA.1.15.1,15367
2021-12,BA.1.15.2,107
2021-12,BA.1.16,4710
2021-12,BA.1.17,6542
2021-12,BA.1.17.2,56828
2021-12,BA.1.18,6051
2021-12,BA.1.19,708
2021-12,BA.1.20,8383
2021-12,BA.1.21,323
2021-12,BA.1.7,293
2021-12,BA.1.8,79
2021-12,BA.1.9,26
2021-12,unclassifiable,5249
2021-12,AY.122.3,353
2021-12,AY.122.5,17
2021-12,AY.132,325
2021-12,AY.133,28
2021-12,AY.134,522
2021-12,AY.23.2,2
2021-12,AY.30,11
2021-12,AY.4.14,52
2021-12,AY.4.3,298
2021-12,AY.4.6,1864
2021-12,AY.43.6,1934
2021-12,AY.69,8
2021-12,B.1.160,1
2021-12,BA.1.1.12,332
2021-12,BA.1.1.15,1850
2021-12,BA.1.1.4,96
2021-12,BA.1.1.7,30
2021-12,BA.1.1.9,4
2021-12,BA.1.12,650
2021-12,BA.1.14,771
2021-12,BA.1.14.2,6
2021-12,BA.1.6,18
2021-12,BA.2,1041
2021-12,BA.2.12.1,2
2021-12,BA.2.18,1
2021-12,BA.2.3,12
2021-12,BA.2.9,447
2021-12,BA.4.1,2
2021-12,BA.5.2.1,3
2021-12,BA.5.6.2,1
2021-12,BD.1,205
2021-12,AY.108,68
2021-12,AY.120.2.1,2
2021-12,AY.122.2,5
2021-12,AY.123.1,46
2021-12,AY.23.1,2
2021-12,AY.28,7
2021-12,AY.33.1,2
2021-12,AY.33.2,180
2021-12,AY.34.1.1,88
2021-12,AY.39.1.1,5
2021-12,AY.4.12,1
2021-12,AY.4.2.4,17
2021-12,AY.4.7,10
2021-12,AY.43.2,35
2021-12,AY.43.5,11
2021-12,AY.43.7,37
2021-12,AY.43.9,202
2021-12,AY.46.3,14
2021-12,AY.72,19
2021-12,AY.9.2.2,35
2021-12,AY.94,15
2021-12,AY.99,17
2021-12,B.1.1,27
2021-12,B.1.640.2,10
2021-12,BA.1.14.1,19
2021-12,BA.1.4,14
2021-12,BA.1.5,125
2021-12,BA.2.10.1,1
2021-12,BA.2.51,1
2021-12,BA.2.6,1
2021-12,BC.2,2
2021-12,P.1,2
2021-12,XH,1
2021-12,AY.29,10
2021-12,AY.34.2,47
2021-12,AY.5.5,2
2021-12,AY.55,1
2021-12,AY.76,2
2021-12,B.1.1.161,1
2021-12,B.41,1
2021-12,C.1.2,2
2021-12,A,5
2021-12,AY.125.1,1
2021-12,AY.128,9
2021-12,AY.20.1,20
2021-12,AY.32,1
2021-12,AY.4.1,7
2021-12,AY.4.16,1
2021-12,AY.42.1,1
2021-12,AY.46.6.1,3
2021-12,AY.60,7
2021-12,AY.66,1
2021-12,B.1.351,1
2021-12,B.1.429,1
2021-12,B.1.526,1
2021-12,B.1.617.1,1
2021-12,B.1.621.1,1
2021-12,B.1.640,11
2021-12,BA.1.15.3,9
2021-12,BA.1.21.1,5
2021-12,BA.2.10,4
2021-12,BA.3,9
2021-12,AY.5.6,1
2021-12,AY.58,1
2021-12,B.1.258.3,1
2021-12,BA.2.23,1
2021-12,AY.103.1,45
2021-12,AY.25.2,34
2021-12,BF.7.14,2
2021-12,BQ.1.1,2
2021-12,BQ.1.8,1
2021-12,EF.1.1,1
2021-12,P.1.15,4
2021-12,XBB.1,1
2021-12,XBB.1.5,1
2022-01,AY.1,5
2022-01,AY.100,513
2022-01,AY.103,1747
2022-01,AY.107,16
2022-01,AY.109,9
2022-01,AY.111,45
2022-01,AY.113,85
2022-01,AY.117,99
2022-01,AY.118,48
2022-01,AY.119,228
2022-01,AY.120,81
2022-01,AY.121,583
2022-01,AY.121.1,138
2022-01,AY.122,1476
2022-01,AY.122.3,13
2022-01,AY.122.6,22
2022-01,AY.123.1,2
2022-01,AY.125,122
2022-01,AY.126,608
2022-01,AY.127,461
2022-01,AY.13,3
2022-01,AY.134,10
2022-01,AY.16,4
2022-01,AY.20,89
2022-01,AY.25,720
2022-01,AY.25.1,340
2022-01,AY.26,66
2022-01,AY.29.2,26
2022-01,AY.3,789
2022-01,AY.3.1,37
2022-01,AY.3.3,39
2022-01,AY.30,4
2022-01,AY.33,98
2022-01,AY.34,131
2022-01,AY.34.1,69
2022-01,AY.36,138
2022-01,AY.39,297
2022-01,AY.39.1,36
2022-01,AY.4,2591
2022-01,AY.4.11,10
2022-01,AY.4.15,2
2022-01,AY.4.2,869
2022-01,AY.4.2.1,232
2022-01,AY.4.2.2,499
2022-01,AY.4.2.3,119
2022-01,AY.4.6,18
2022-01,AY.4.8,49
2022-01,AY.43,2686
2022-01,AY.43.6,36
2022-01,AY.43.8,41
2022-01,AY.44,1012
2022-01,AY.46,61
2022-01,AY.46.1,12
2022-01,AY.46.2,21
2022-01,AY.46.4,29
2022-01,AY.46.5,63
2022-01,AY.46.6,324
2022-01,AY.47,52
2022-01,AY.5,103
2022-01,AY.57,54
2022-01,AY.59,5
2022-01,AY.6,43
2022-01,AY.67,1
2022-01,AY.7,7
2022-01,AY.7.1,48
2022-01,AY.75,13
2022-01,AY.79,30
2022-01,AY.85,45
2022-01,AY.9.2,229
2022-01,AY.98,230
2022-01,AY.98.1,219
2022-01,B,57
2022-01,B.1,31
2022-01,B.1.1.529,1795
2022-01,B.1.1.7,11
2022-01,B.1.177.18,3
2022-01,B.1.2,4
2022-01,B.1.617.2,1022
2022-01,B.1.637,1
2022-01,B.1.640,1
2022-01,B.1.640.1,2
2022-01,BA.1,154104
2022-01,BA.1.1,290816
2022-01,BA.1.1.1,8852
2022-01,BA.1.1.10,429
2022-01,BA.1.1.11,2037
2022-01,BA.1.1.12,1974
2022-01,BA.1.1.13,4032
2022-01,BA.1.1.14,6346
2022-01,BA.1.1.15,6244
2022-01,BA.1.1.16,351
2022-01,BA.1.1.17,185
2022-01,BA.1.1.18,31482
2022-01,BA.1.1.2,2947
2022-01,BA.1.1.4,868
2022-01,BA.1.1.5,12
2022-01,BA.1.1.7,290
2022-01,BA.1.1.8,360
2022-01,BA.1.1.9,285
2022-01,BA.1.10,1017
2022-01,BA.1.12,1634
2022-01,BA.1.13,581
2022-01,BA.1.14,1592
2022-01,BA.1.14.1,214
2022-01,BA.1.14.2,81
2022-01,BA.1.15,58759
2022-01,BA.1.15.1,21416
2022-01,BA.1.15.2,711
2022-01,BA.1.15.3,22
2022-01,BA.1.16,7517
2022-01,BA.1.16.1,26
2022-01,BA.1.17,13256
2022-01,BA.1.17.1,13
2022-01,BA.1.17.2,90047
2022-01,BA.1.18,13646
2022-01,BA.1.19,1296
2022-01,BA.1.20,11786
2022-01,BA.1.21,702
2022-01,BA.1.21.1,81
2022-01,BA.1.3,9
2022-01,BA.1.5,487
2022-01,BA.1.6,81
2022-01,BA.1.7,339
2022-01,BA.1.8,399
2022-01,BA.1.9,159
2022-01,BA.2,32143
2022-01,BA.2.10,2219
2022-01,BA.2.10.1,180
2022-01,BA.2.12,76
2022-01,BA.2.12.1,44
2022-01,BA.2.13,5
2022-01,BA.2.16,29
2022-01,BA.2.2,179
2022-01,BA.2.22,9
2022-01,BA.2.3,894
2022-01,BA.2.37,68
2022-01,BA.2.47,3
2022-01,BA.2.48,1
2022-01,BA.2.51,44
2022-01,BA.2.6,6
2022-01,BA.2.75.1,1
2022-01,BA.2.9,7393
2022-01,BA.2.9.5,9
2022-01,BA.3,26
2022-01,BA.4.1,1
2022-01,BA.4.2,1
2022-01,BA.4.6,1
2022-01,BA.5.1,3
2022-01,BA.5.2,4
2022-01,BA.5.2.1,1
2022-01,BA.5.2.20,1
2022-01,BA.5.2.34,1
2022-01,BA.5.2.6,1
2022-01,BA.5.2.7,1
2022-01,BA.5.5,4
2022-01,BA.5.6,2
2022-01,BD.1,2475
2022-01,BE.1,1
2022-01,BE.2,1
2022-01,BE.3,1
2022-01,BF.5,1
2022-01,BL.1,1
2022-01,BN.2,1
2022-01,BQ.1.1,3
2022-01,CP.1,1
2022-01,XH,24
2022-01,XJ,2
2022-01,unclassifiable,7653
2022-01,AY.105,4
2022-01,AY.106,21
2022-01,AY.110,2
2022-01,AY.112,19
2022-01,AY.114,1
2022-01,AY.116,1
2022-01,AY.119.1,3
2022-01,AY.119.2,67
2022-01,AY.120.1,4
2022-01,AY.122.2,2
2022-01,AY.122.4,7
2022-01,AY.123,4
2022-01,AY.124,37
2022-01,AY.124.1.1,5
2022-01,AY.129,224
2022-01,AY.131,29
2022-01,AY.132,16
2022-01,AY.133,2
2022-01,AY.14,3
2022-01,AY.23,23
2022-01,AY.23.1,2
2022-01,AY.29,22
2022-01,AY.33.2,49
2022-01,AY.34.2,2
2022-01,AY.36.1,164
2022-01,AY.37,4
2022-01,AY.38,1
2022-01,AY.4.10,17
2022-01,AY.4.13,41
2022-01,AY.4.2.4,4
2022-01,AY.4.3,16
2022-01,AY.4.4,17
2022-01,AY.4.5,43
2022-01,AY.4.7,3
2022-01,AY.4.9,57
2022-01,AY.41,5
2022-01,AY.42,131
2022-01,AY.43.2,1
2022-01,AY.43.4,55
2022-01,AY.43.7,3
2022-01,AY.43.9,44
2022-01,AY.46.6.1,1
2022-01,AY.5.4,20
2022-01,AY.51,8
2022-01,AY.54,10
2022-01,AY.61,2
2022-01,AY.65,10
2022-01,AY.68,2
2022-01,AY.7.2,3
2022-01,AY.72,1
2022-01,AY.84,11
2022-01,AY.9,10
2022-01,AY.91,13
2022-01,AY.92,14
2022-01,AY.98.1.1,40
2022-01,B.1.640.2,1
2022-01,BA.1.1.3,204
2022-01,BA.1.1.6,32
2022-01,BA.1.13.1,8
2022-01,BA.1.16.2,22
2022-01,BA.1.2,1
2022-01,BA.1.4,24
2022-01,BA.2.1,334
2022-01,BA.2.14,3
2022-01,BA.2.19,26
2022-01,BA.2.20,2
2022-01,BA.2.23,29
2022-01,BA.2.25,5
2022-01,BA.2.3.17,113
2022-01,BA.2.31,1
2022-01,BA.2.32,2
2022-01,BA.2.36,4
2022-01,BA.2.39,2
2022-01,BA.2.4,6
2022-01,BA.2.45,5
2022-01,BA.2.49,9
2022-01,BA.2.5,11
2022-01,BA.2.56,5
2022-01,BA.2.65,3
2022-01,BA.2.7,9
2022-01,BA.2.73,1
2022-01,BA.2.78,1
2022-01,BC.1,115
2022-01,BC.2,5
2022-01,Q.4,1
2022-01,XD,2
2022-01,XF,24
2022-01,XG,14
2022-01,XM,3
2022-01,AY.102,1
2022-01,AY.104,5
2022-01,AY.116.1,6
2022-01,AY.20.1,4
2022-01,AY.25.3,6
2022-01,AY.39.2,5
2022-01,AY.4.2.5,23
2022-01,AY.5.3,3
2022-01,AY.83,3
2022-01,AY.90,11
2022-01,AY.99.2,39
2022-01,B.1.1,5
2022-01,B.1.1.161,1
2022-01,B.1.1.28,2
2022-01,B.1.258.3,1
2022-01,B.1.617,2
2022-01,BA.1.22,1
2022-01,BA.2.10.2,2
2022-01,BA.2.10.3,2
2022-01,BA.2.27,2
2022-01,BA.2.3.5,2
2022-01,BA.2.38,2
2022-01,BA.2.41,3
2022-01,BA.2.67,2
2022-01,XAC,1
2022-01,XE,12
2022-01,XS,5
2022-01,AY.101,3
2022-01,AY.39.1.2,1
2022-01,AY.43.3,1
2022-01,AY.99.1,2
2022-01,BA.2.3.15,1
2022-01,BQ.1.1.4,1
2022-01,AY.124.1,1
2022-01,AY.70,1
2022-01,BA.2.75,1
2022-01,BA.2.75.2,2
2022-01,BA.2.8,1
2022-01,BA.5.2.62,1
2022-01,XBB.1,1
2022-01,AY.103.1,2
2022-01,AY.108,1
2022-01,AY.25.2,2
2022-01,AY.32,1
2022-01,AY.5.6,1
2022-01,B.1.177,1
2022-01,BA.1.23,1
2022-01,BA.2.18,1
2022-01,BA.2.2.1,1
2022-01,BA.2.26,1
2022-01,BA.2.3.2,4
2022-01,BA.5.2.39,1
2022-01,BN.3.1,1
2022-01,BQ.1.1.1,1
2022-01,BQ.1.1.7,1
2022-01,BQ.1.14,1
2022-01,BQ.1.2,2
2022-01,BW.1,1
2022-01,BW.1.1.1,1
2022-01,CM.4,1
2022-01,EF.1.3,1
2022-01,HV.1,1
2022-01,XBB.1.5,1
2022-01,XBB.1.5.55,1
2022-02,AY.1,8
2022-02,AY.103,43
2022-02,AY.113,12
2022-02,AY.122,49
2022-02,AY.126,37
2022-02,AY.25,31
2022-02,AY.3,32
2022-02,AY.34.1,3
2022-02,AY.39,9
2022-02,AY.4,111
2022-02,AY.4.2.2,27
2022-02,AY.4.2.3,6
2022-02,AY.43,119
2022-02,AY.44,35
2022-02,AY.46.6,7
2022-02,AY.57,63
2022-02,AY.79,3
2022-02,AY.85,51
2022-02,AY.9.2,6
2022-02,B,10
2022-02,B.1,10
2022-02,B.1.1.434,1
2022-02,B.1.1.519,2
2022-02,B.1.1.529,1003
2022-02,B.1.1.7,9
2022-02,B.1.2,5
2022-02,B.1.234,1
2022-02,B.1.240,3
2022-02,B.1.243,1
2022-02,B.1.409,1
2022-02,B.1.518,1
2022-02,B.1.567,1
2022-02,B.1.588,7
2022-02,B.1.595,1
2022-02,B.1.617.2,70
2022-02,BA.1,56215
2022-02,BA.1.1,242645
2022-02,BA.1.1.1,10521
2022-02,BA.1.1.10,483
2022-02,BA.1.1.11,727
2022-02,BA.1.1.12,1886
2022-02,BA.1.1.13,3552
2022-02,BA.1.1.14,5891
2022-02,BA.1.1.15,5766
2022-02,BA.1.1.16,242
2022-02,BA.1.1.17,95
2022-02,BA.1.1.18,13479
2022-02,BA.1.1.2,2142
2022-02,BA.1.1.4,886
2022-02,BA.1.1.7,165
2022-02,BA.1.1.8,276
2022-02,BA.1.1.9,902
2022-02,BA.1.10,599
2022-02,BA.1.12,579
2022-02,BA.1.13,219
2022-02,BA.1.14,687
2022-02,BA.1.14.1,97
2022-02,BA.1.14.2,16
2022-02,BA.1.15,21141
2022-02,BA.1.15.1,6782
2022-02,BA.1.15.2,693
2022-02,BA.1.16,2380
2022-02,BA.1.16.1,15
2022-02,BA.1.17,4567
2022-02,BA.1.17.2,27562
2022-02,BA.1.18,7690
2022-02,BA.1.19,334
2022-02,BA.1.20,4546
2022-02,BA.1.21,401
2022-02,BA.1.23,3
2022-02,BA.1.5,313
2022-02,BA.1.7,104
2022-02,BA.1.8,228
2022-02,BA.1.9,60
2022-02,BA.2,141804
2022-02,BA.2.1,3077
2022-02,BA.2.10,8762
2022-02,BA.2.10.1,674
2022-02,BA.2.12,382
2022-02,BA.2.12.1,26
2022-02,BA.2.14,199
2022-02,BA.2.17,11
2022-02,BA.2.2,158
2022-02,BA.2.22,187
2022-02,BA.2.23,1291
2022-02,BA.2.24,7
2022-02,BA.2.25,53
2022-02,BA.2.26,19
2022-02,BA.2.27,14
2022-02,BA.2.3,6358
2022-02,BA.2.3.17,295
2022-02,BA.2.3.2,23
2022-02,BA.2.33,1
2022-02,BA.2.37,1334
2022-02,BA.2.41,94
2022-02,BA.2.46,1
2022-02,BA.2.47,57
2022-02,BA.2.5,183
2022-02,BA.2.50,20
2022-02,BA.2.51,85
2022-02,BA.2.52,7
2022-02,BA.2.56,58
2022-02,BA.2.6,38
2022-02,BA.2.64,2
2022-02,BA.2.65,30
2022-02,BA.2.7,447
2022-02,BA.2.8,752
2022-02,BA.2.9,21289
2022-02,BA.2.9.2,65
2022-02,BA.2.9.5,44
2022-02,BA.3,37
2022-02,BA.3.1,23
2022-02,BA.5.1,3
2022-02,BA.5.2,5
2022-02,BA.5.2.21,1
2022-02,BC.1,244
2022-02,BD.1,2922
2022-02,BF.26,1
2022-02,BN.1.4,1
2022-02,XBB.3.2,1
2022-02,XD,16
2022-02,XE,322
2022-02,XG,90
2022-02,XH,32
2022-02,XV,8
2022-02,unclassifiable,2912
2022-02,A,37
2022-02,AY.100,15
2022-02,AY.111,1
2022-02,AY.119,9
2022-02,AY.120.1,1
2022-02,AY.121,22
2022-02,AY.121.1,8
2022-02,AY.125,4
2022-02,AY.127,17
2022-02,AY.129,7
2022-02,AY.25.1,11
2022-02,AY.29.2,5
2022-02,AY.3.1,1
2022-02,AY.33,1
2022-02,AY.34,7
2022-02,AY.36,7
2022-02,AY.36.1,3
2022-02,AY.4.2,29
2022-02,AY.4.2.1,16
2022-02,AY.4.5,4
2022-02,AY.4.6,2
2022-02,AY.42,2
2022-02,AY.43.6,1
2022-02,AY.43.8,5
2022-02,AY.43.9,1
2022-02,AY.46,3
2022-02,AY.47,1
2022-02,AY.5,6
2022-02,AY.65,1
2022-02,AY.76,1
2022-02,AY.98.1,8
2022-02,AY.98.1.1,2
2022-02,B.1.1,3
2022-02,B.1.351,1
2022-02,B.1.617,1
2022-02,BA.1.1.3,34
2022-02,BA.1.1.5,3
2022-02,BA.1.1.6,33
2022-02,BA.1.13.1,15
2022-02,BA.1.15.3,15
2022-02,BA.1.16.2,5
2022-02,BA.1.17.1,2
2022-02,BA.1.21.1,52
2022-02,BA.1.22,1
2022-02,BA.1.6,33
2022-02,BA.2.10.2,7
2022-02,BA.2.13,3
2022-02,BA.2.16,162
2022-02,BA.2.18,59
2022-02,BA.2.19,195
2022-02,BA.2.2.1,1
2022-02,BA.2.25.1,10
2022-02,BA.2.29,6
2022-02,BA.2.3.11,9
2022-02,BA.2.3.12,1
2022-02,BA.2.3.13,1
2022-02,BA.2.3.15,10
2022-02,BA.2.3.16,3
2022-02,BA.2.3.5,16
2022-02,BA.2.3.9,7
2022-02,BA.2.31,14
2022-02,BA.2.32,15
2022-02,BA.2.34,10
2022-02,BA.2.36,120
2022-02,BA.2.39,44
2022-02,BA.2.45,19
2022-02,BA.2.49,89
2022-02,BA.2.61,1
2022-02,BA.2.68,2
2022-02,BA.2.70,3
2022-02,BA.2.71,4
2022-02,BA.2.72,13
2022-02,BA.2.9.3,23
2022-02,BC.2,1
2022-02,XAB,1
2022-02,XAD,2
2022-02,XF,18
2022-02,XM,29
2022-02,XP,6
2022-02,XQ,16
2022-02,XS,19
2022-02,AY.109,2
2022-02,AY.117,3
2022-02,AY.120,7
2022-02,AY.20,1
2022-02,AY.26,4
2022-02,AY.3.3,1
2022-02,AY.4.13,4
2022-02,AY.43.3,1
2022-02,AY.43.4,1
2022-02,AY.46.5,3
2022-02,AY.54,1
2022-02,AY.60,1
2022-02,AY.73,1
2022-02,AY.98,8
2022-02,BA.1.3,3
2022-02,BA.1.4,3
2022-02,BA.2.10.3,7
2022-02,BA.2.15,17
2022-02,BA.2.20,2
2022-02,BA.2.21,1
2022-02,BA.2.23.1,1
2022-02,BA.2.38,28
2022-02,BA.2.4,9
2022-02,BA.2.55,2
2022-02,BA.2.57,1
2022-02,BA.2.63,2
2022-02,BA.2.67,59
2022-02,BA.2.69,2
2022-02,BA.2.76,1
2022-02,BA.2.87,1
2022-02,BA.2.9.1,1
2022-02,XAA,1
2022-02,XAH,1
2022-02,XL,14
2022-02,XN,3
2022-02,AY.4.2.5,1
2022-02,BA.2.58,3
2022-02,BQ.1.1,2
2022-02,XBB.1.5,4
2022-02,AY.106,1
2022-02,AY.119.1,1
2022-02,AY.124,1
2022-02,AY.131,2
2022-02,AY.33.2,1
2022-02,AY.6,7
2022-02,AY.9.2.2,1
2022-02,BA.2.54,1
2022-02,BA.5.1.22,1
2022-02,BA.5.2.1,1
2022-02,BA.5.2.16,1
2022-02,BE.1,1
2022-02,BF.1,1
2022-02,BQ.1.1.1,1
2022-02,XR,49
2022-02,XU,1
2022-02,AY.119.2,1
2022-02,AY.29,1
2022-02,AY.32,1
2022-02,AY.4.8,1
2022-02,AY.7.1,1
2022-02,BA.2.3.18,1
2022-02,BA.2.30,1
2022-02,BA.2.48,3
2022-02,BE.1.4,1
2022-02,CH.1.1.25,1
2022-02,JN.1.1,1
2022-02,JN.1.25.1,1
2022-02,JN.1.43,1
2022-02,XBB.1,1
2022-02,XBB.1.5.16,1
2022-03,AY.107,1
2022-03,AY.4,44
2022-03,AY.44,8
2022-03,AY.57,7
2022-03,AY.6,5
2022-03,AY.79,2
2022-03,AY.85,37
2022-03,B.1,15
2022-03,B.1.1.529,439
2022-03,B.1.110.3,1
2022-03,B.1.111,1
2022-03,B.1.2,2
2022-03,B.1.234,2
2022-03,B.1.240,1
2022-03,B.1.243,2
2022-03,B.1.588,4
2022-03,B.1.617.2,15
2022-03,BA.1,7101
2022-03,BA.1.1,65494
2022-03,BA.1.1.1,3682
2022-03,BA.1.1.10,201
2022-03,BA.1.1.12,451
2022-03,BA.1.1.13,616
2022-03,BA.1.1.14,1697
2022-03,BA.1.1.15,1400
2022-03,BA.1.1.16,110
2022-03,BA.1.1.18,2281
2022-03,BA.1.1.2,728
2022-03,BA.1.1.4,136
2022-03,BA.1.1.6,11
2022-03,BA.1.1.7,36
2022-03,BA.1.1.9,351
2022-03,BA.1.10,85
2022-03,BA.1.12,68
2022-03,BA.1.13,44
2022-03,BA.1.14,99
2022-03,BA.1.14.1,39
2022-03,BA.1.14.2,6
2022-03,BA.1.15,2787
2022-03,BA.1.15.1,665
2022-03,BA.1.15.2,215
2022-03,BA.1.16,305
2022-03,BA.1.16.1,1
2022-03,BA.1.17,653
2022-03,BA.1.17.2,3392
2022-03,BA.1.18,1900
2022-03,BA.1.19,71
2022-03,BA.1.20,563
2022-03,BA.1.21,129
2022-03,BA.1.23,6
2022-03,BA.1.5,58
2022-03,BA.1.7,7
2022-03,BA.1.8,34
2022-03,BA.1.9,5
2022-03,BA.2,348256
2022-03,BA.2.1,7885
2022-03,BA.2.10,11806
2022-03,BA.2.10.1,1152
2022-03,BA.2.10.2,19
2022-03,BA.2.10.3,24
2022-03,BA.2.12,1287
2022-03,BA.2.12.1,1679
2022-03,BA.2.12.2,2
2022-03,BA.2.13,36
2022-03,BA.2.14,507
2022-03,BA.2.15,51
2022-03,BA.2.16,307
2022-03,BA.2.17,32
2022-03,BA.2.18,1312
2022-03,BA.2.2,209
2022-03,BA.2.2.1,53
2022-03,BA.2.22,1120
2022-03,BA.2.23,6877
2022-03,BA.2.23.1,203
2022-03,BA.2.24,39
2022-03,BA.2.25,117
2022-03,BA.2.26,245
2022-03,BA.2.27,18
2022-03,BA.2.28,1
2022-03,BA.2.29,23
2022-03,BA.2.3,17570
2022-03,BA.2.3.1,94
2022-03,BA.2.3.10,23
2022-03,BA.2.3.11,82
2022-03,BA.2.3.12,32
2022-03,BA.2.3.13,36
2022-03,BA.2.3.15,135
2022-03,BA.2.3.17,445
2022-03,BA.2.3.2,222
2022-03,BA.2.3.5,89
2022-03,BA.2.3.6,23
2022-03,BA.2.3.7,1
2022-03,BA.2.3.9,116
2022-03,BA.2.31.1,7
2022-03,BA.2.32,176
2022-03,BA.2.34,78
2022-03,BA.2.36,1061
2022-03,BA.2.37,3052
2022-03,BA.2.38,127
2022-03,BA.2.39,385
2022-03,BA.2.41,546
2022-03,BA.2.42,1
2022-03,BA.2.44,8
2022-03,BA.2.45,40
2022-03,BA.2.46,75
2022-03,BA.2.47,243
2022-03,BA.2.48,93
2022-03,BA.2.49,301
2022-03,BA.2.5,666
2022-03,BA.2.50,279
2022-03,BA.2.51,174
2022-03,BA.2.52,26
2022-03,BA.2.53,11
2022-03,BA.2.56,201
2022-03,BA.2.57,6
2022-03,BA.2.59,21
2022-03,BA.2.6,226
2022-03,BA.2.64,43
2022-03,BA.2.65,152
2022-03,BA.2.67,107
2022-03,BA.2.7,1147
2022-03,BA.2.72,82
2022-03,BA.2.73,67
2022-03,BA.2.8,4346
2022-03,BA.2.9,49569
2022-03,BA.2.9.1,196
2022-03,BA.2.9.2,430
2022-03,BA.2.9.3,177
2022-03,BA.2.9.5,107
2022-03,BA.3.1,28
2022-03,BA.4,9
2022-03,BA.4.1,4
2022-03,BA.5.2.1,4
2022-03,BA.5.2.28,4
2022-03,BA.5.5,3
2022-03,BD.1,991
2022-03,XAA,11
2022-03,XAB,26
2022-03,XAE,13
2022-03,XE,1317
2022-03,XG,118
2022-03,XH,46
2022-03,XM,138
2022-03,XN,201
2022-03,XP,73
2022-03,XQ,81
2022-03,XV,18
2022-03,XZ,6
2022-03,unclassifiable,2895
2022-03,AY.100,3
2022-03,AY.103,15
2022-03,AY.118,1
2022-03,AY.121,5
2022-03,AY.121.1,1
2022-03,AY.122,2
2022-03,AY.127,1
2022-03,AY.25,3
2022-03,AY.25.1,4
2022-03,AY.3,13
2022-03,AY.32,2
2022-03,AY.39,4
2022-03,AY.43,7
2022-03,AY.43.8,1
2022-03,AY.46.6,1
2022-03,AY.47,1
2022-03,AY.65,1
2022-03,B,8
2022-03,B.1.1,2
2022-03,B.1.1.7,6
2022-03,B.1.177,2
2022-03,B.1.177.86,2
2022-03,B.1.351,3
2022-03,B.1.575.1,2
2022-03,B.1.617,3
2022-03,BA.1.1.11,162
2022-03,BA.1.1.17,13
2022-03,BA.1.1.3,1
2022-03,BA.1.1.5,3
2022-03,BA.1.1.8,24
2022-03,BA.1.13.1,4
2022-03,BA.1.15.3,2
2022-03,BA.1.21.1,10
2022-03,BA.1.3,3
2022-03,BA.1.6,12
2022-03,BA.2.11,6
2022-03,BA.2.19,218
2022-03,BA.2.20,48
2022-03,BA.2.21,162
2022-03,BA.2.25.1,39
2022-03,BA.2.3.14,26
2022-03,BA.2.3.16,13
2022-03,BA.2.3.4,66
2022-03,BA.2.3.8,2
2022-03,BA.2.30,8
2022-03,BA.2.31,166
2022-03,BA.2.33,2
2022-03,BA.2.35,9
2022-03,BA.2.4,48
2022-03,BA.2.40.1,4
2022-03,BA.2.55,53
2022-03,BA.2.58,13
2022-03,BA.2.62,2
2022-03,BA.2.63,16
2022-03,BA.2.66,2
2022-03,BA.2.68,17
2022-03,BA.2.69,18
2022-03,BA.2.70,7
2022-03,BA.2.71,10
2022-03,BA.2.74,1
2022-03,BA.2.87,9
2022-03,BA.3,2
2022-03,BA.5.3,7
2022-03,BA.5.3.4,3
2022-03,BC.1,145
2022-03,XAC,1
2022-03,XAD,24
2022-03,XL,63
2022-03,XR,132
2022-03,XS,22
2022-03,XW,10
2022-03,XY,2
2022-03,AY.117,1
2022-03,AY.4.13,1
2022-03,AY.4.2.2,1
2022-03,XAH,1
2022-03,XJ,1
2022-03,AY.45,2
2022-03,BA.5.2,3
2022-03,XBB.1.16.11,1
2022-03,AY.36,1
2022-03,AY.4.2,3
2022-03,AY.4.2.3,2
2022-03,AY.5,1
2022-03,AY.98,2
2022-03,AY.98.1,1
2022-03,B.1.258.3,1
2022-03,BA.2.40,1
2022-03,BA.2.54,1
2022-03,BA.2.9.4,1
2022-03,BA.4.1.1,1
2022-03,BA.5,1
2022-03,BA.5.1,2
2022-03,BA.5.2.3,1
2022-03,BA.5.3.1,1
2022-03,XBB.1.5.49,1
2022-03,A.1,2
2022-03,AY.109,1
2022-03,AY.129,1
2022-03,AY.9.2,1
2022-03,BA.5.8,1
2022-03,BF.5,1
2022-03,BQ.1.1,1
2022-03,JN.1.39,1
2022-03,JN.1.4.5,2
2022-03,XD,1
2022-04,AY.4.2,2
2022-04,AY.43,4
2022-04,AY.44,2
2022-04,AY.57,21
2022-04,B.1,1
2022-04,B.1.1.486,1
2022-04,B.1.1.529,51
2022-04,B.1.2,4
2022-04,B.1.234,1
2022-04,B.1.243,3
2022-04,B.1.425,1
2022-04,B.1.518,1
2022-04,B.1.588,4
2022-04,BA.1,360
2022-04,BA.1.1,6726
2022-04,BA.1.1.1,354
2022-04,BA.1.1.10,46
2022-04,BA.1.1.11,10
2022-04,BA.1.1.12,16
2022-04,BA.1.1.13,21
2022-04,BA.1.1.14,114
2022-04,BA.1.1.15,35
2022-04,BA.1.1.18,244
2022-04,BA.1.1.2,121
2022-04,BA.1.1.4,2
2022-04,BA.1.1.9,33
2022-04,BA.1.10,3
2022-04,BA.1.15,202
2022-04,BA.1.15.1,19
2022-04,BA.1.15.2,37
2022-04,BA.1.17,25
2022-04,BA.1.17.2,162
2022-04,BA.1.18,118
2022-04,BA.1.19,4
2022-04,BA.1.20,50
2022-04,BA.2,173694
2022-04,BA.2.1,2448
2022-04,BA.2.10,3648
2022-04,BA.2.10.1,505
2022-04,BA.2.10.2,14
2022-04,BA.2.10.3,18
2022-04,BA.2.11,26
2022-04,BA.2.12,1323
2022-04,BA.2.12.1,21327
2022-04,BA.2.12.2,7
2022-04,BA.2.13,380
2022-04,BA.2.13.1,34
2022-04,BA.2.14,430
2022-04,BA.2.16,45
2022-04,BA.2.17,36
2022-04,BA.2.18,1776
2022-04,BA.2.19,58
2022-04,BA.2.2,35
2022-04,BA.2.2.1,54
2022-04,BA.2.20,236
2022-04,BA.2.21,377
2022-04,BA.2.22,430
2022-04,BA.2.23,4761
2022-04,BA.2.23.1,426
2022-04,BA.2.24,66
2022-04,BA.2.25,48
2022-04,BA.2.26,461
2022-04,BA.2.27,9
2022-04,BA.2.29,73
2022-04,BA.2.3,12654
2022-04,BA.2.3.1,102
2022-04,BA.2.3.10,107
2022-04,BA.2.3.11,45
2022-04,BA.2.3.12,67
2022-04,BA.2.3.13,77
2022-04,BA.2.3.14,55
2022-04,BA.2.3.15,153
2022-04,BA.2.3.16,12
2022-04,BA.2.3.17,487
2022-04,BA.2.3.18,3
2022-04,BA.2.3.2,278
2022-04,BA.2.3.4,209
2022-04,BA.2.3.5,77
2022-04,BA.2.3.6,116
2022-04,BA.2.3.7,9
2022-04,BA.2.3.9,92
2022-04,BA.2.30,19
2022-04,BA.2.31,288
2022-04,BA.2.31.1,16
2022-04,BA.2.32,230
2022-04,BA.2.34,30
2022-04,BA.2.35,10
2022-04,BA.2.36,1220
2022-04,BA.2.37,1129
2022-04,BA.2.38,204
2022-04,BA.2.39,271
2022-04,BA.2.4,43
2022-04,BA.2.40,1
2022-04,BA.2.40.1,65
2022-04,BA.2.41,341
2022-04,BA.2.42,11
2022-04,BA.2.43,11
2022-04,BA.2.44,39
2022-04,BA.2.45,54
2022-04,BA.2.46,98
2022-04,BA.2.47,409
2022-04,BA.2.48,292
2022-04,BA.2.49,219
2022-04,BA.2.5,454
2022-04,BA.2.50,301
2022-04,BA.2.51,87
2022-04,BA.2.52,82
2022-04,BA.2.53,79
2022-04,BA.2.54,45
2022-04,BA.2.55,59
2022-04,BA.2.56,342
2022-04,BA.2.57,5
2022-04,BA.2.58,14
2022-04,BA.2.59,19
2022-04,BA.2.6,304
2022-04,BA.2.61,1
2022-04,BA.2.62,8
2022-04,BA.2.63,38
2022-04,BA.2.64,52
2022-04,BA.2.65,481
2022-04,BA.2.67,94
2022-04,BA.2.68,52
2022-04,BA.2.69,32
2022-04,BA.2.7,1214
2022-04,BA.2.70,18
2022-04,BA.2.71,19
2022-04,BA.2.72,149
2022-04,BA.2.73,161
2022-04,BA.2.8,1884
2022-04,BA.2.9,31361
2022-04,BA.2.9.1,331
2022-04,BA.2.9.2,147
2022-04,BA.2.9.3,408
2022-04,BA.2.9.4,16
2022-04,BA.2.9.5,121
2022-04,BA.2.9.6,33
2022-04,BA.2.9.7,21
2022-04,BA.3.1,25
2022-04,BA.4,150
2022-04,BA.4.1,158
2022-04,BA.4.1.1,13
2022-04,BA.4.2,12
2022-04,BA.4.4,15
2022-04,BA.4.5,1
2022-04,BA.5.1.2,1
2022-04,BA.5.2,14
2022-04,BA.5.2.1,43
2022-04,BA.5.2.2,2
2022-04,BA.5.3.1,3
2022-04,BA.5.3.2,31
2022-04,BA.5.5,30
2022-04,BD.1,45
2022-04,BE.1,14
2022-04,BF.1,48
2022-04,BG.5,37
2022-04,XAB,36
2022-04,XAE,12
2022-04,XE,689
2022-04,XG,135
2022-04,XH,39
2022-04,XL,26
2022-04,XM,130
2022-04,XN,97
2022-04,XP,1
2022-04,XQ,39
2022-04,XR,14
2022-04,XV,1
2022-04,XW,49
2022-04,XY,41
2022-04,XZ,26
2022-04,unclassifiable,1432
2022-04,AY.103,2
2022-04,AY.117,1
2022-04,AY.127,1
2022-04,AY.25,6
2022-04,AY.47,1
2022-04,AY.65,1
2022-04,BA.1.1.16,15
2022-04,BA.1.1.17,5
2022-04,BA.1.1.7,5
2022-04,BA.1.13,3
2022-04,BA.1.13.1,1
2022-04,BA.1.21,4
2022-04,BA.2.15,20
2022-04,BA.2.25.1,17
2022-04,BA.2.28,20
2022-04,BA.2.3.21,1
2022-04,BA.2.3.8,1
2022-04,BA.2.60,11
2022-04,BA.2.66,5
2022-04,BA.2.78,4
2022-04,BA.2.87,5
2022-04,BA.3,2
2022-04,BA.4.6,1
2022-04,BA.4.7,1
2022-04,BA.5,18
2022-04,BA.5.1,29
2022-04,BA.5.1.22,5
2022-04,BA.5.2.28,6
2022-04,BA.5.3,60
2022-04,BA.5.3.3,3
2022-04,BA.5.3.4,10
2022-04,BE.3,2
2022-04,BF.28,2
2022-04,BF.8,1
2022-04,BG.1,1
2022-04,BG.2,1
2022-04,XAA,30
2022-04,XAC,6
2022-04,XAD,17
2022-04,XAF,2
2022-04,XAH,4
2022-04,XAM,2
2022-04,XAP,15
2022-04,XJ,2
2022-04,AY.3,3
2022-04,AY.45,2
2022-04,B,4
2022-04,B.1.617.2,6
2022-04,BA.1.14,2
2022-04,AY.98.1.1,1
2022-04,B.1.1,1
2022-04,B.1.1.10,10
2022-04,B.1.1.7,1
2022-04,BA.1.1.5,1
2022-04,BA.1.12,3
2022-04,BA.1.16,5
2022-04,BA.2.33,2
2022-04,BA.2.79,1
2022-04,BA.4.1.8,1
2022-04,BA.4.3,1
2022-04,BA.5.1.10,1
2022-04,BA.5.1.24,2
2022-04,BA.5.1.3,4
2022-04,BA.5.1.30,1
2022-04,BA.5.1.5,1
2022-04,BA.5.9,2
2022-04,BC.1,28
2022-04,BE.1.1,25
2022-04,BE.1.1.2,3
2022-04,BQ.1.1,1
2022-04,XD,1
2022-04,AY.32,1
2022-04,AY.4,1
2022-04,BA.1.23,5
2022-04,BA.2.56.1,1
2022-04,BF.21,1
2022-04,JN.1.30,1
2022-04,P.1,1
2022-04,XAT,1
2022-05,AY.103,4
2022-05,AY.122,2
2022-05,AY.4.2,2
2022-05,AY.43,2
2022-05,AY.44,2
2022-05,AY.46.6,1
2022-05,B.1,3
2022-05,B.1.1.228,1
2022-05,B.1.1.529,101
2022-05,B.1.1.7,11
2022-05,B.1.2,1
2022-05,B.1.243,1
2022-05,B.1.558,1
2022-05,B.1.617.2,5
2022-05,BA.1,64
2022-05,BA.1.1,555
2022-05,BA.1.1.1,26
2022-05,BA.1.1.10,8
2022-05,BA.1.1.11,4
2022-05,BA.1.1.12,1
2022-05,BA.1.1.14,14
2022-05,BA.1.1.15,2
2022-05,BA.1.1.17,1
2022-05,BA.1.1.18,39
2022-05,BA.1.1.2,21
2022-05,BA.1.1.9,9
2022-05,BA.1.15,28
2022-05,BA.1.17,12
2022-05,BA.1.17.2,26
2022-05,BA.1.18,23
2022-05,BA.1.20,7
2022-05,BA.1.23,3
2022-05,BA.2,76660
2022-05,BA.2.1,780
2022-05,BA.2.10,1334
2022-05,BA.2.10.1,228
2022-05,BA.2.10.2,4
2022-05,BA.2.10.3,30
2022-05,BA.2.11,66
2022-05,BA.2.12,908
2022-05,BA.2.12.1,72895
2022-05,BA.2.12.2,20
2022-05,BA.2.13,918
2022-05,BA.2.13.1,200
2022-05,BA.2.14,198
2022-05,BA.2.15,6
2022-05,BA.2.16,13
2022-05,BA.2.17,12
2022-05,BA.2.18,2351
2022-05,BA.2.19,24
2022-05,BA.2.2,20
2022-05,BA.2.2.1,2
2022-05,BA.2.20,214
2022-05,BA.2.21,281
2022-05,BA.2.22,233
2022-05,BA.2.23,1766
2022-05,BA.2.23.1,235
2022-05,BA.2.24,122
2022-05,BA.2.25,25
2022-05,BA.2.25.1,5
2022-05,BA.2.26,198
2022-05,BA.2.27,11
2022-05,BA.2.28,25
2022-05,BA.2.29,98
2022-05,BA.2.3,7440
2022-05,BA.2.3.1,113
2022-05,BA.2.3.10,50
2022-05,BA.2.3.11,54
2022-05,BA.2.3.12,35
2022-05,BA.2.3.13,122
2022-05,BA.2.3.14,49
2022-05,BA.2.3.15,94
2022-05,BA.2.3.16,29
2022-05,BA.2.3.17,312
2022-05,BA.2.3.18,7
2022-05,BA.2.3.2,160
2022-05,BA.2.3.4,139
2022-05,BA.2.3.5,25
2022-05,BA.2.3.6,134
2022-05,BA.2.3.7,35
2022-05,BA.2.3.9,32
2022-05,BA.2.30,27
2022-05,BA.2.31,241
2022-05,BA.2.31.1,54
2022-05,BA.2.32,165
2022-05,BA.2.33,1
2022-05,BA.2.34,15
2022-05,BA.2.35,15
2022-05,BA.2.36,1741
2022-05,BA.2.37,405
2022-05,BA.2.38,534
2022-05,BA.2.39,71
2022-05,BA.2.4,28
2022-05,BA.2.40.1,208
2022-05,BA.2.41,350
2022-05,BA.2.42,64
2022-05,BA.2.43,27
2022-05,BA.2.44,108
2022-05,BA.2.45,51
2022-05,BA.2.47,285
2022-05,BA.2.48,569
2022-05,BA.2.49,103
2022-05,BA.2.5,269
2022-05,BA.2.50,159
2022-05,BA.2.51,59
2022-05,BA.2.52,226
2022-05,BA.2.53,134
2022-05,BA.2.54,107
2022-05,BA.2.55,50
2022-05,BA.2.56,541
2022-05,BA.2.57,18
2022-05,BA.2.58,9
2022-05,BA.2.59,28
2022-05,BA.2.6,186
2022-05,BA.2.60,23
2022-05,BA.2.61,7
2022-05,BA.2.62,17
2022-05,BA.2.63,19
2022-05,BA.2.64,57
2022-05,BA.2.65,552
2022-05,BA.2.66,21
2022-05,BA.2.67,37
2022-05,BA.2.68,24
2022-05,BA.2.69,11
2022-05,BA.2.7,593
2022-05,BA.2.70,62
2022-05,BA.2.71,99
2022-05,BA.2.72,267
2022-05,BA.2.73,209
2022-05,BA.2.74,2
2022-05,BA.2.76,25
2022-05,BA.2.77,1
2022-05,BA.2.78,18
2022-05,BA.2.79,13
2022-05,BA.2.8,399
2022-05,BA.2.80,13
2022-05,BA.2.81,8
2022-05,BA.2.82,2
2022-05,BA.2.85,5
2022-05,BA.2.9,15830
2022-05,BA.2.9.1,222
2022-05,BA.2.9.2,62
2022-05,BA.2.9.3,434
2022-05,BA.2.9.4,37
2022-05,BA.2.9.5,74
2022-05,BA.2.9.6,118
2022-05,BA.2.9.7,118
2022-05,BA.3.1,8
2022-05,BA.4,1466
2022-05,BA.4.1,2512
2022-05,BA.4.1.1,218
2022-05,BA.4.1.2,20
2022-05,BA.4.1.6,56
2022-05,BA.4.1.9,4
2022-05,BA.4.2,195
2022-05,BA.4.3,8
2022-05,BA.4.4,321
2022-05,BA.4.5,3
2022-05,BA.4.6,90
2022-05,BA.4.6.5,3
2022-05,BA.4.7,6
2022-05,BA.4.8,10
2022-05,BA.5,193
2022-05,BA.5.1,1780
2022-05,BA.5.1.1,101
2022-05,BA.5.1.10,30
2022-05,BA.5.1.11,1
2022-05,BA.5.1.15,4
2022-05,BA.5.1.16,2
2022-05,BA.5.1.17,52
2022-05,BA.5.1.2,12
2022-05,BA.5.1.22,68
2022-05,BA.5.1.23,61
2022-05,BA.5.1.24,7
2022-05,BA.5.1.25,10
2022-05,BA.5.1.3,101
2022-05,BA.5.1.30,22
2022-05,BA.5.1.35,21
2022-05,BA.5.1.4,5
2022-05,BA.5.1.6,9
2022-05,BA.5.10,2
2022-05,BA.5.2,383
2022-05,BA.5.2.1,898
2022-05,BA.5.2.2,8
2022-05,BA.5.2.20,13
2022-05,BA.5.2.21,1
2022-05,BA.5.2.26,6
2022-05,BA.5.2.28,12
2022-05,BA.5.2.3,33
2022-05,BA.5.2.9,35
2022-05,BA.5.3,507
2022-05,BA.5.3.1,86
2022-05,BA.5.3.2,415
2022-05,BA.5.3.3,92
2022-05,BA.5.3.4,108
2022-05,BA.5.5,1619
2022-05,BA.5.5.2,5
2022-05,BA.5.6,255
2022-05,BA.5.6.2,1
2022-05,BA.5.7,1
2022-05,BA.5.8,55
2022-05,BA.5.9,15
2022-05,BC.1,13
2022-05,BE.1,230
2022-05,BE.1.1,460
2022-05,BE.1.3,10
2022-05,BE.1.4,24
2022-05,BE.12,19
2022-05,BE.3,69
2022-05,BE.5,28
2022-05,BF.1,410
2022-05,BF.1.1,59
2022-05,BF.10,44
2022-05,BF.16,1
2022-05,BF.18,4
2022-05,BF.2,40
2022-05,BF.20,1
2022-05,BF.21,30
2022-05,BF.24,9
2022-05,BF.26,4
2022-05,BF.27,43
2022-05,BF.28,67
2022-05,BF.3,3
2022-05,BF.31,1
2022-05,BF.36,1
2022-05,BF.4,42
2022-05,BF.5,46
2022-05,BF.8,88
2022-05,BG.1,22
2022-05,BG.2,155
2022-05,BG.4,12
2022-05,BG.5,348
2022-05,XAA,24
2022-05,XAB,29
2022-05,XAC,45
2022-05,XAE,5
2022-05,XAF,12
2022-05,XAG,24
2022-05,XAH,5
2022-05,XAJ,1
2022-05,XAL,67
2022-05,XAM,37
2022-05,XAN,3
2022-05,XAP,28
2022-05,XAQ,1
2022-05,XAS,3
2022-05,XAT,13
2022-05,XAU,14
2022-05,XAZ,5
2022-05,XE,270
2022-05,XG,78
2022-05,XH,3
2022-05,XL,16
2022-05,XM,59
2022-05,XN,36
2022-05,XW,51
2022-05,XY,37
2022-05,XZ,55
2022-05,unclassifiable,974
2022-05,B,5
2022-05,B.1.1,1
2022-05,B.1.258,1
2022-05,BA.1.1.13,3
2022-05,BA.1.1.16,1
2022-05,BA.1.1.7,1
2022-05,BA.1.15.2,2
2022-05,BA.2.46,9
2022-05,BA.2.87,1
2022-05,BA.5.2.16,3
2022-05,BD.1,2
2022-05,BE.4,1
2022-05,BF.23,1
2022-05,BF.6,2
2022-05,BG.3,2
2022-05,XAD,8
2022-05,XQ,4
2022-05,XU,1
2022-05,BA.2.40,2
2022-05,AY.4,1
2022-05,AY.4.2.2,3
2022-05,BA.1.12,1
2022-05,BA.1.15.1,2
2022-05,BA.1.21.1,2
2022-05,BA.4.1.4,1
2022-05,BA.4.6.4,1
2022-05,BA.5.2.22,1
2022-05,BA.5.2.33,1
2022-05,BE.1.1.2,1
2022-05,BE.2,11
2022-05,XBB.1.16,1
2022-05,AY.1,2
2022-05,BA.2.38.2,1
2022-05,BE.11,1
2022-05,JN.1.4,1
2022-06,AY.110,1
2022-06,AY.118,2
2022-06,AY.119,1
2022-06,AY.4.2,2
2022-06,AY.44,1
2022-06,AY.5,2
2022-06,AY.98,1
2022-06,B,11
2022-06,B.1,5
2022-06,B.1.1,1
2022-06,B.1.1.528,3
2022-06,B.1.1.529,106
2022-06,B.1.177.23,1
2022-06,B.1.429,3
2022-06,BA.1,27
2022-06,BA.1.1,67
2022-06,BA.1.1.1,7
2022-06,BA.1.1.18,11
2022-06,BA.1.1.2,1
2022-06,BA.1.1.9,5
2022-06,BA.1.15,8
2022-06,BA.1.15.2,1
2022-06,BA.1.17,3
2022-06,BA.1.17.2,7
2022-06,BA.1.18,3
2022-06,BA.1.20,3
2022-06,BA.2,18733
2022-06,BA.2.1,191
2022-06,BA.2.10,305
2022-06,BA.2.10.1,48
2022-06,BA.2.10.3,15
2022-06,BA.2.11,47
2022-06,BA.2.12,259
2022-06,BA.2.12.1,60145
2022-06,BA.2.12.2,19
2022-06,BA.2.13,686
2022-06,BA.2.13.1,273
2022-06,BA.2.14,52
2022-06,BA.2.15,3
2022-06,BA.2.17,5
2022-06,BA.2.18,1817
2022-06,BA.2.2,21
2022-06,BA.2.20,45
2022-06,BA.2.21,45
2022-06,BA.2.22,55
2022-06,BA.2.23,644
2022-06,BA.2.23.1,110
2022-06,BA.2.24,46
2022-06,BA.2.25,3
2022-06,BA.2.26,35
2022-06,BA.2.27,3
2022-06,BA.2.28,23
2022-06,BA.2.29,38
2022-06,BA.2.3,2009
2022-06,BA.2.3.1,34
2022-06,BA.2.3.10,12
2022-06,BA.2.3.11,9
2022-06,BA.2.3.12,1
2022-06,BA.2.3.13,43
2022-06,BA.2.3.14,16
2022-06,BA.2.3.15,33
2022-06,BA.2.3.16,3
2022-06,BA.2.3.17,57
2022-06,BA.2.3.18,1
2022-06,BA.2.3.2,41
2022-06,BA.2.3.4,17
2022-06,BA.2.3.5,6
2022-06,BA.2.3.6,38
2022-06,BA.2.3.7,25
2022-06,BA.2.3.9,11
2022-06,BA.2.30,8
2022-06,BA.2.31,80
2022-06,BA.2.31.1,50
2022-06,BA.2.32,32
2022-06,BA.2.33,3
2022-06,BA.2.34,5
2022-06,BA.2.35,39
2022-06,BA.2.36,917
2022-06,BA.2.37,94
2022-06,BA.2.38,512
2022-06,BA.2.38.1,15
2022-06,BA.2.38.2,2
2022-06,BA.2.38.3,1
2022-06,BA.2.38.4,3
2022-06,BA.2.39,2
2022-06,BA.2.4,5
2022-06,BA.2.40,8
2022-06,BA.2.40.1,222
2022-06,BA.2.41,139
2022-06,BA.2.42,52
2022-06,BA.2.43,28
2022-06,BA.2.44,95
2022-06,BA.2.45,22
2022-06,BA.2.46,5
2022-06,BA.2.47,95
2022-06,BA.2.48,355
2022-06,BA.2.49,39
2022-06,BA.2.5,62
2022-06,BA.2.50,53
2022-06,BA.2.51,8
2022-06,BA.2.52,267
2022-06,BA.2.53,54
2022-06,BA.2.54,117
2022-06,BA.2.55,36
2022-06,BA.2.56,572
2022-06,BA.2.57,20
2022-06,BA.2.58,8
2022-06,BA.2.59,13
2022-06,BA.2.6,60
2022-06,BA.2.60,6
2022-06,BA.2.61,7
2022-06,BA.2.62,13
2022-06,BA.2.63,16
2022-06,BA.2.64,13
2022-06,BA.2.65,161
2022-06,BA.2.66,3
2022-06,BA.2.67,21
2022-06,BA.2.68,15
2022-06,BA.2.69,6
2022-06,BA.2.7,89
2022-06,BA.2.70,25
2022-06,BA.2.71,107
2022-06,BA.2.72,148
2022-06,BA.2.73,47
2022-06,BA.2.74,77
2022-06,BA.2.75,30
2022-06,BA.2.76,264
2022-06,BA.2.77,13
2022-06,BA.2.78,44
2022-06,BA.2.79,36
2022-06,BA.2.79.1,3
2022-06,BA.2.8,85
2022-06,BA.2.80,10
2022-06,BA.2.81,46
2022-06,BA.2.82,12
2022-06,BA.2.85,4
2022-06,BA.2.9,4070
2022-06,BA.2.9.1,39
2022-06,BA.2.9.2,22
2022-06,BA.2.9.3,348
2022-06,BA.2.9.4,20
2022-06,BA.2.9.5,23
2022-06,BA.2.9.6,68
2022-06,BA.2.9.7,191
2022-06,BA.4,8482
2022-06,BA.4.1,12618
2022-06,BA.4.1.1,751
2022-06,BA.4.1.10,2
2022-06,BA.4.1.2,16
2022-06,BA.4.1.3,6
2022-06,BA.4.1.4,33
2022-06,BA.4.1.5,5
2022-06,BA.4.1.6,440
2022-06,BA.4.1.8,90
2022-06,BA.4.1.9,12
2022-06,BA.4.2,922
2022-06,BA.4.3,17
2022-06,BA.4.4,1409
2022-06,BA.4.5,45
2022-06,BA.4.6,1168
2022-06,BA.4.6.1,42
2022-06,BA.4.6.5,57
2022-06,BA.4.7,112
2022-06,BA.4.8,26
2022-06,BA.5,2443
2022-06,BA.5.1,20590
2022-06,BA.5.1.1,1168
2022-06,BA.5.1.10,546
2022-06,BA.5.1.11,90
2022-06,BA.5.1.12,7
2022-06,BA.5.1.15,72
2022-06,BA.5.1.16,23
2022-06,BA.5.1.17,207
2022-06,BA.5.1.18,2
2022-06,BA.5.1.19,19
2022-06,BA.5.1.2,466
2022-06,BA.5.1.21,84
2022-06,BA.5.1.22,1600
2022-06,BA.5.1.23,1004
2022-06,BA.5.1.24,633
2022-06,BA.5.1.25,219
2022-06,BA.5.1.26,12
2022-06,BA.5.1.3,1547
2022-06,BA.5.1.30,763
2022-06,BA.5.1.35,267
2022-06,BA.5.1.4,302
2022-06,BA.5.1.5,238
2022-06,BA.5.1.6,135
2022-06,BA.5.1.9,122
2022-06,BA.5.10,2
2022-06,BA.5.2,7025
2022-06,BA.5.2.1,14774
2022-06,BA.5.2.13,6
2022-06,BA.5.2.16,40
2022-06,BA.5.2.18,6
2022-06,BA.5.2.19,27
2022-06,BA.5.2.2,217
2022-06,BA.5.2.20,295
2022-06,BA.5.2.21,243
2022-06,BA.5.2.22,48
2022-06,BA.5.2.26,62
2022-06,BA.5.2.27,49
2022-06,BA.5.2.28,67
2022-06,BA.5.2.3,788
2022-06,BA.5.2.31,38
2022-06,BA.5.2.33,51
2022-06,BA.5.2.4,22
2022-06,BA.5.2.44,3
2022-06,BA.5.2.5,1
2022-06,BA.5.2.53,2
2022-06,BA.5.2.56,1
2022-06,BA.5.2.6,12
2022-06,BA.5.2.8,4
2022-06,BA.5.2.9,487
2022-06,BA.5.3,837
2022-06,BA.5.3.1,580
2022-06,BA.5.3.2,905
2022-06,BA.5.3.3,659
2022-06,BA.5.3.4,316
2022-06,BA.5.5,9929
2022-06,BA.5.5.1,39
2022-06,BA.5.5.2,84
2022-06,BA.5.5.3,58
2022-06,BA.5.6,3509
2022-06,BA.5.6.1,1
2022-06,BA.5.6.2,25
2022-06,BA.5.8,959
2022-06,BA.5.9,370
2022-06,BE.1,3340
2022-06,BE.1.1,9037
2022-06,BE.1.1.1,7
2022-06,BE.1.1.2,386
2022-06,BE.1.2,3
2022-06,BE.1.3,126
2022-06,BE.1.4,273
2022-06,BE.1.4.1,18
2022-06,BE.1.4.4,19
2022-06,BE.11,7
2022-06,BE.12,133
2022-06,BE.2,65
2022-06,BE.3,1173
2022-06,BE.4,50
2022-06,BE.5,186
2022-06,BF.1,2384
2022-06,BF.1.1,102
2022-06,BF.10,1199
2022-06,BF.11,28
2022-06,BF.12,16
2022-06,BF.13,4
2022-06,BF.15,7
2022-06,BF.16,6
2022-06,BF.18,7
2022-06,BF.19,3
2022-06,BF.2,314
2022-06,BF.20,68
2022-06,BF.21,519
2022-06,BF.22,7
2022-06,BF.23,15
2022-06,BF.24,201
2022-06,BF.25,4
2022-06,BF.26,232
2022-06,BF.27,542
2022-06,BF.28,1176
2022-06,BF.3,32
2022-06,BF.31,38
2022-06,BF.36,77
2022-06,BF.39,39
2022-06,BF.4,557
2022-06,BF.41,40
2022-06,BF.5,915
2022-06,BF.5.1,1
2022-06,BF.6,263
2022-06,BF.7,57
2022-06,BF.7.19,2
2022-06,BF.7.4,3
2022-06,BF.8,564
2022-06,BF.9,18
2022-06,BG.1,8
2022-06,BG.2,444
2022-06,BG.3,9
2022-06,BG.4,29
2022-06,BG.5,481
2022-06,BG.6,1
2022-06,BK.1,47
2022-06,BT.1,20
2022-06,BT.2,7
2022-06,CK.1,2
2022-06,DE.1,23
2022-06,XAA,7
2022-06,XAC,19
2022-06,XAE,1
2022-06,XAF,30
2022-06,XAG,12
2022-06,XAH,5
2022-06,XAJ,28
2022-06,XAL,26
2022-06,XAM,46
2022-06,XAN,11
2022-06,XAP,8
2022-06,XAS,25
2022-06,XAT,2
2022-06,XAU,13
2022-06,XAV,17
2022-06,XAZ,162
2022-06,XE,59
2022-06,XG,10
2022-06,XM,14
2022-06,XN,1
2022-06,XQ,4
2022-06,XU,1
2022-06,XW,9
2022-06,XY,9
2022-06,XZ,27
2022-06,unclassifiable,1689
2022-06,AY.4,3
2022-06,AY.43,1
2022-06,B.1.211,1
2022-06,BA.1.1.13,2
2022-06,BA.1.1.14,1
2022-06,BA.1.15.1,2
2022-06,BA.2.19,2
2022-06,BA.2.75.1,1
2022-06,BA.5.1.28,2
2022-06,BA.5.1.31,4
2022-06,BA.5.2.10,2
2022-06,BA.5.2.24,2
2022-06,BA.5.2.30,4
2022-06,BA.5.2.37,1
2022-06,BA.5.2.62,2
2022-06,BA.5.2.7,3
2022-06,BC.1,1
2022-06,BF.30,1
2022-06,BF.38,1
2022-06,BF.7.20,1
2022-06,BF.7.6,9
2022-06,BV.2,1
2022-06,CC.1,1
2022-06,CG.1,1
2022-06,XAB,3
2022-06,XAD,9
2022-06,XAK,54
2022-06,AY.100,1
2022-06,AY.4.2.2,1
2022-06,AY.57,1
2022-06,B.1.234,1
2022-06,B.1.617.2,1
2022-06,BA.1.16,1
2022-06,BA.5.1.34,1
2022-06,BA.5.1.7,1
2022-06,BA.5.2.25,1
2022-06,BA.5.3.5,1
2022-06,BF.3.1,1
2022-06,XBA,3
2022-06,XBB.1.5,1
2022-06,XBB.1.5.31,2
2022-07,AY.118,4
2022-07,AY.119,2
2022-07,AY.4,5
2022-07,AY.4.2,1
2022-07,B,8
2022-07,B.1,2
2022-07,B.1.1,8
2022-07,B.1.1.529,185
2022-07,BA.1,11
2022-07,BA.1.1,42
2022-07,BA.1.1.14,1
2022-07,BA.1.1.18,3
2022-07,BA.1.15,8
2022-07,BA.1.17.2,5
2022-07,BA.2,2059
2022-07,BA.2.1,19
2022-07,BA.2.10,45
2022-07,BA.2.10.1,11
2022-07,BA.2.10.2,1
2022-07,BA.2.10.3,4
2022-07,BA.2.11,8
2022-07,BA.2.12,57
2022-07,BA.2.12.1,13289
2022-07,BA.2.12.2,12
2022-07,BA.2.13,159
2022-07,BA.2.13.1,156
2022-07,BA.2.14,4
2022-07,BA.2.18,412
2022-07,BA.2.2,5
2022-07,BA.2.20,5
2022-07,BA.2.21,1
2022-07,BA.2.22,3
2022-07,BA.2.23,64
2022-07,BA.2.23.1,7
2022-07,BA.2.24,42
2022-07,BA.2.29,26
2022-07,BA.2.3,216
2022-07,BA.2.3.1,28
2022-07,BA.2.3.11,7
2022-07,BA.2.3.12,1
2022-07,BA.2.3.13,60
2022-07,BA.2.3.14,4
2022-07,BA.2.3.17,2
2022-07,BA.2.3.2,23
2022-07,BA.2.3.4,1
2022-07,BA.2.3.5,3
2022-07,BA.2.3.6,6
2022-07,BA.2.3.7,4
2022-07,BA.2.3.9,3
2022-07,BA.2.30,2
2022-07,BA.2.31,7
2022-07,BA.2.31.1,8
2022-07,BA.2.32,2
2022-07,BA.2.34,1
2022-07,BA.2.35,4
2022-07,BA.2.36,133
2022-07,BA.2.37,8
2022-07,BA.2.38,146
2022-07,BA.2.38.1,38
2022-07,BA.2.38.2,8
2022-07,BA.2.38.3,4
2022-07,BA.2.38.4,1
2022-07,BA.2.40,2
2022-07,BA.2.40.1,57
2022-07,BA.2.41,11
2022-07,BA.2.42,23
2022-07,BA.2.43,3
2022-07,BA.2.44,41
2022-07,BA.2.45,12
2022-07,BA.2.47,6
2022-07,BA.2.48,41
2022-07,BA.2.49,4
2022-07,BA.2.50,8
2022-07,BA.2.52,55
2022-07,BA.2.54,15
2022-07,BA.2.55,2
2022-07,BA.2.56,161
2022-07,BA.2.59,1
2022-07,BA.2.63,4
2022-07,BA.2.64,4
2022-07,BA.2.65,25
2022-07,BA.2.67,1
2022-07,BA.2.7,8
2022-07,BA.2.71,13
2022-07,BA.2.72,16
2022-07,BA.2.73,1
2022-07,BA.2.74,109
2022-07,BA.2.75,104
2022-07,BA.2.75.1,45
2022-07,BA.2.75.10,7
2022-07,BA.2.75.2,2
2022-07,BA.2.75.3,18
2022-07,BA.2.75.6,1
2022-07,BA.2.75.7,1
2022-07,BA.2.76,320
2022-07,BA.2.76.1,1
2022-07,BA.2.78,10
2022-07,BA.2.79,17
2022-07,BA.2.8,9
2022-07,BA.2.80,1
2022-07,BA.2.81,6
2022-07,BA.2.82,5
2022-07,BA.2.9,397
2022-07,BA.2.9.3,76
2022-07,BA.2.9.4,1
2022-07,BA.2.9.5,13
2022-07,BA.2.9.6,6
2022-07,BA.2.9.7,29
2022-07,BA.4,7167
2022-07,BA.4.1,12102
2022-07,BA.4.1.1,573
2022-07,BA.4.1.10,6
2022-07,BA.4.1.3,27
2022-07,BA.4.1.4,29
2022-07,BA.4.1.5,32
2022-07,BA.4.1.6,362
2022-07,BA.4.1.7,1
2022-07,BA.4.1.8,256
2022-07,BA.4.1.9,38
2022-07,BA.4.2,1124
2022-07,BA.4.3,17
2022-07,BA.4.4,1694
2022-07,BA.4.5,61
2022-07,BA.4.6,4713
2022-07,BA.4.6.1,133
2022-07,BA.4.6.4,6
2022-07,BA.4.6.5,393
2022-07,BA.4.7,244
2022-07,BA.4.8,35
2022-07,BA.5,4123
2022-07,BA.5.1,31521
2022-07,BA.5.1.1,2537
2022-07,BA.5.1.10,1771
2022-07,BA.5.1.11,343
2022-07,BA.5.1.12,44
2022-07,BA.5.1.15,169
2022-07,BA.5.1.16,49
2022-07,BA.5.1.17,167
2022-07,BA.5.1.18,46
2022-07,BA.5.1.19,66
2022-07,BA.5.1.2,1112
2022-07,BA.5.1.20,15
2022-07,BA.5.1.21,211
2022-07,BA.5.1.22,3004
2022-07,BA.5.1.23,2011
2022-07,BA.5.1.24,1413
2022-07,BA.5.1.25,827
2022-07,BA.5.1.26,13
2022-07,BA.5.1.27,10
2022-07,BA.5.1.28,4
2022-07,BA.5.1.3,1901
2022-07,BA.5.1.30,2049
2022-07,BA.5.1.33,15
2022-07,BA.5.1.34,12
2022-07,BA.5.1.35,388
2022-07,BA.5.1.4,322
2022-07,BA.5.1.5,615
2022-07,BA.5.1.6,560
2022-07,BA.5.1.7,62
2022-07,BA.5.1.8,17
2022-07,BA.5.1.9,214
2022-07,BA.5.10,33
2022-07,BA.5.2,20599
2022-07,BA.5.2.1,36570
2022-07,BA.5.2.10,5
2022-07,BA.5.2.11,6
2022-07,BA.5.2.12,30
2022-07,BA.5.2.13,33
2022-07,BA.5.2.14,1
2022-07,BA.5.2.16,131
2022-07,BA.5.2.18,58
2022-07,BA.5.2.19,87
2022-07,BA.5.2.2,487
2022-07,BA.5.2.20,1580
2022-07,BA.5.2.21,1204
2022-07,BA.5.2.22,239
2022-07,BA.5.2.24,32
2022-07,BA.5.2.25,1
2022-07,BA.5.2.26,206
2022-07,BA.5.2.27,281
2022-07,BA.5.2.28,237
2022-07,BA.5.2.29,1
2022-07,BA.5.2.3,1574
2022-07,BA.5.2.31,158
2022-07,BA.5.2.33,127
2022-07,BA.5.2.34,4
2022-07,BA.5.2.36,4
2022-07,BA.5.2.37,8
2022-07,BA.5.2.38,6
2022-07,BA.5.2.4,88
2022-07,BA.5.2.41,3
2022-07,BA.5.2.44,26
2022-07,BA.5.2.53,24
2022-07,BA.5.2.55,3
2022-07,BA.5.2.56,7
2022-07,BA.5.2.59,7
2022-07,BA.5.2.6,61
2022-07,BA.5.2.62,12
2022-07,BA.5.2.7,53
2022-07,BA.5.2.8,86
2022-07,BA.5.2.9,2118
2022-07,BA.5.3,428
2022-07,BA.5.3.1,608
2022-07,BA.5.3.2,284
2022-07,BA.5.3.3,707
2022-07,BA.5.3.4,146
2022-07,BA.5.3.5,3
2022-07,BA.5.5,14324
2022-07,BA.5.5.1,155
2022-07,BA.5.5.2,273
2022-07,BA.5.5.3,153
2022-07,BA.5.6,8913
2022-07,BA.5.6.1,35
2022-07,BA.5.6.2,134
2022-07,BA.5.6.4,1
2022-07,BA.5.7,3
2022-07,BA.5.8,1259
2022-07,BA.5.9,468
2022-07,BE.1,5485
2022-07,BE.1.1,10415
2022-07,BE.1.1.1,80
2022-07,BE.1.1.2,887
2022-07,BE.1.2,21
2022-07,BE.1.2.1,1
2022-07,BE.1.3,180
2022-07,BE.1.4,545
2022-07,BE.1.4.1,49
2022-07,BE.1.4.4,26
2022-07,BE.11,19
2022-07,BE.12,91
2022-07,BE.2,304
2022-07,BE.3,2110
2022-07,BE.4,186
2022-07,BE.4.1,1
2022-07,BE.5,181
2022-07,BF.1,1892
2022-07,BF.1.1,67
2022-07,BF.10,3348
2022-07,BF.11,273
2022-07,BF.11.1,59
2022-07,BF.12,62
2022-07,BF.13,102
2022-07,BF.14,8
2022-07,BF.15,19
2022-07,BF.16,55
2022-07,BF.17,9
2022-07,BF.18,14
2022-07,BF.19,11
2022-07,BF.2,285
2022-07,BF.20,58
2022-07,BF.21,1637
2022-07,BF.22,26
2022-07,BF.23,17
2022-07,BF.24,567
2022-07,BF.25,21
2022-07,BF.26,1213
2022-07,BF.27,1416
2022-07,BF.28,2004
2022-07,BF.29,17
2022-07,BF.3,136
2022-07,BF.3.1,15
2022-07,BF.30,1
2022-07,BF.31,96
2022-07,BF.36,323
2022-07,BF.38,29
2022-07,BF.38.1,2
2022-07,BF.38.2,1
2022-07,BF.39,140
2022-07,BF.4,739
2022-07,BF.40,4
2022-07,BF.41,108
2022-07,BF.5,3122
2022-07,BF.5.1,3
2022-07,BF.5.5,18
2022-07,BF.6,606
2022-07,BF.7,345
2022-07,BF.7.13,1
2022-07,BF.7.19,16
2022-07,BF.7.20,8
2022-07,BF.7.26,4
2022-07,BF.7.27,5
2022-07,BF.7.4,34
2022-07,BF.7.5,12
2022-07,BF.7.6,31
2022-07,BF.7.8,1
2022-07,BF.8,1109
2022-07,BF.9,78
2022-07,BG.1,1
2022-07,BG.2,131
2022-07,BG.3,2
2022-07,BG.4,5
2022-07,BG.5,167
2022-07,BH.1,7
2022-07,BK.1,255
2022-07,BL.1,1
2022-07,BM.2,2
2022-07,BM.3,3
2022-07,BM.4,2
2022-07,BQ.1,2
2022-07,BQ.1.6,1
2022-07,BQ.1.7,1
2022-07,BT.1,47
2022-07,BT.2,38
2022-07,BU.2,4
2022-07,BV.1,2
2022-07,BV.2,10
2022-07,BZ.1,12
2022-07,CE.1,4
2022-07,CF.1,2
2022-07,CG.1,7
2022-07,CK.1,8
2022-07,CK.2,7
2022-07,CP.1,1
2022-07,CR.2,3
2022-07,DE.1,70
2022-07,DJ.1,5
2022-07,XAC,1
2022-07,XAF,5
2022-07,XAG,3
2022-07,XAJ,40
2022-07,XAK,35
2022-07,XAM,8
2022-07,XAN,35
2022-07,XAP,2
2022-07,XAS,94
2022-07,XAV,12
2022-07,XAZ,262
2022-07,XBG,9
2022-07,XE,6
2022-07,XM,2
2022-07,unclassifiable,1999
2022-07,AY.25,1
2022-07,XBB.1.5.13,1
2022-07,B.33,17
2022-07,BA.1.1.12,1
2022-07,BA.1.18,2
2022-07,BA.2.26,1
2022-07,BA.2.3.15,3
2022-07,BA.2.5,6
2022-07,BA.2.58,1
2022-07,BA.2.61,3
2022-07,BA.2.69,1
2022-07,BA.2.70,2
2022-07,BA.2.75.5,1
2022-07,BA.2.9.2,2
2022-07,BA.4.1.2,7
2022-07,BA.5.1.31,12
2022-07,BA.5.2.30,12
2022-07,BF.11.3,2
2022-07,BF.7.1,1
2022-07,BF.7.21,5
2022-07,BF.7.23,1
2022-07,BF.7.24,2
2022-07,CC.1,7
2022-07,XAD,1
2022-07,A.2.2,1
2022-07,B.1.1.7,2
2022-07,B.1.2,1
2022-07,B.1.351,2
2022-07,B.1.617.2,1
2022-07,B.28,1
2022-07,BA.1.1.2,3
2022-07,BA.2.3.16,1
2022-07,BA.2.3.18,1
2022-07,BA.2.53,1
2022-07,BA.2.62,1
2022-07,BA.2.85,1
2022-07,BE.1.4.3,1
2022-07,BF.5.4,2
2022-07,BM.5,1
2022-08,A,2
2022-08,AY.118,1
2022-08,AY.39,2
2022-08,B,3
2022-08,B.1.1,1
2022-08,B.1.1.529,43
2022-08,B.1.234,5
2022-08,BA.1,6
2022-08,BA.1.1,40
2022-08,BA.1.1.14,1
2022-08,BA.1.1.18,2
2022-08,BA.1.1.4,1
2022-08,BA.1.17.2,5
2022-08,BA.1.18,1
2022-08,BA.1.20,1
2022-08,BA.2,241
2022-08,BA.2.1,2
2022-08,BA.2.10,7
2022-08,BA.2.10.1,1
2022-08,BA.2.10.4,4
2022-08,BA.2.11,1
2022-08,BA.2.12,10
2022-08,BA.2.12.1,1232
2022-08,BA.2.13,16
2022-08,BA.2.13.1,19
2022-08,BA.2.18,35
2022-08,BA.2.2,4
2022-08,BA.2.23,10
2022-08,BA.2.24,20
2022-08,BA.2.3,28
2022-08,BA.2.3.1,6
2022-08,BA.2.3.10,1
2022-08,BA.2.3.13,9
2022-08,BA.2.3.2,5
2022-08,BA.2.3.20,6
2022-08,BA.2.3.21,1
2022-08,BA.2.3.7,7
2022-08,BA.2.31,2
2022-08,BA.2.31.1,1
2022-08,BA.2.38,14
2022-08,BA.2.38.1,13
2022-08,BA.2.38.2,4
2022-08,BA.2.40.1,9
2022-08,BA.2.47,1
2022-08,BA.2.48,1
2022-08,BA.2.52,2
2022-08,BA.2.54,2
2022-08,BA.2.55,1
2022-08,BA.2.56,14
2022-08,BA.2.64,1
2022-08,BA.2.71,3
2022-08,BA.2.73,1
2022-08,BA.2.74,16
2022-08,BA.2.75,101
2022-08,BA.2.75.1,152
2022-08,BA.2.75.10,6
2022-08,BA.2.75.2,93
2022-08,BA.2.75.3,34
2022-08,BA.2.75.4,6
2022-08,BA.2.75.5,57
2022-08,BA.2.75.6,10
2022-08,BA.2.75.7,4
2022-08,BA.2.75.9,1
2022-08,BA.2.76,96
2022-08,BA.2.78,1
2022-08,BA.2.79,9
2022-08,BA.2.80,1
2022-08,BA.2.9,34
2022-08,BA.2.9.4,3
2022-08,BA.2.9.5,2
2022-08,BA.2.9.7,6
2022-08,BA.4,1797
2022-08,BA.4.1,3798
2022-08,BA.4.1.1,180
2022-08,BA.4.1.10,14
2022-08,BA.4.1.3,28
2022-08,BA.4.1.4,27
2022-08,BA.4.1.5,13
2022-08,BA.4.1.6,118
2022-08,BA.4.1.8,352
2022-08,BA.4.1.9,46
2022-08,BA.4.2,436
2022-08,BA.4.3,13
2022-08,BA.4.4,644
2022-08,BA.4.5,7
2022-08,BA.4.6,7376
2022-08,BA.4.6.1,128
2022-08,BA.4.6.2,1
2022-08,BA.4.6.3,1
2022-08,BA.4.6.4,24
2022-08,BA.4.6.5,599
2022-08,BA.4.7,187
2022-08,BA.4.8,7
2022-08,BA.5,2689
2022-08,BA.5.1,18799
2022-08,BA.5.1.1,1894
2022-08,BA.5.1.10,1542
2022-08,BA.5.1.11,98
2022-08,BA.5.1.12,134
2022-08,BA.5.1.15,144
2022-08,BA.5.1.16,38
2022-08,BA.5.1.17,62
2022-08,BA.5.1.18,168
2022-08,BA.5.1.19,55
2022-08,BA.5.1.2,833
2022-08,BA.5.1.20,18
2022-08,BA.5.1.21,135
2022-08,BA.5.1.22,1858
2022-08,BA.5.1.23,1604
2022-08,BA.5.1.24,772
2022-08,BA.5.1.25,802
2022-08,BA.5.1.26,20
2022-08,BA.5.1.27,55
2022-08,BA.5.1.28,22
2022-08,BA.5.1.3,1071
2022-08,BA.5.1.30,2282
2022-08,BA.5.1.31,6
2022-08,BA.5.1.33,28
2022-08,BA.5.1.34,88
2022-08,BA.5.1.35,137
2022-08,BA.5.1.36,2
2022-08,BA.5.1.4,109
2022-08,BA.5.1.5,718
2022-08,BA.5.1.6,639
2022-08,BA.5.1.7,104
2022-08,BA.5.1.8,10
2022-08,BA.5.1.9,77
2022-08,BA.5.10,93
2022-08,BA.5.10.1,3
2022-08,BA.5.2,20572
2022-08,BA.5.2.1,30657
2022-08,BA.5.2.10,9
2022-08,BA.5.2.12,113
2022-08,BA.5.2.13,86
2022-08,BA.5.2.14,19
2022-08,BA.5.2.16,189
2022-08,BA.5.2.18,99
2022-08,BA.5.2.19,140
2022-08,BA.5.2.2,274
2022-08,BA.5.2.20,1860
2022-08,BA.5.2.21,1310
2022-08,BA.5.2.22,463
2022-08,BA.5.2.23,22
2022-08,BA.5.2.24,33
2022-08,BA.5.2.25,7
2022-08,BA.5.2.26,291
2022-08,BA.5.2.27,266
2022-08,BA.5.2.28,323
2022-08,BA.5.2.29,74
2022-08,BA.5.2.3,967
2022-08,BA.5.2.30,8
2022-08,BA.5.2.31,219
2022-08,BA.5.2.32,3
2022-08,BA.5.2.33,130
2022-08,BA.5.2.34,24
2022-08,BA.5.2.35,14
2022-08,BA.5.2.36,9
2022-08,BA.5.2.37,27
2022-08,BA.5.2.38,19
2022-08,BA.5.2.39,3
2022-08,BA.5.2.4,63
2022-08,BA.5.2.41,1
2022-08,BA.5.2.44,50
2022-08,BA.5.2.53,44
2022-08,BA.5.2.54,1
2022-08,BA.5.2.55,15
2022-08,BA.5.2.56,17
2022-08,BA.5.2.57,37
2022-08,BA.5.2.59,33
2022-08,BA.5.2.6,136
2022-08,BA.5.2.62,20
2022-08,BA.5.2.7,133
2022-08,BA.5.2.8,139
2022-08,BA.5.2.9,2845
2022-08,BA.5.3,118
2022-08,BA.5.3.1,424
2022-08,BA.5.3.2,50
2022-08,BA.5.3.3,305
2022-08,BA.5.3.4,20
2022-08,BA.5.3.5,1
2022-08,BA.5.5,7563
2022-08,BA.5.5.1,280
2022-08,BA.5.5.2,203
2022-08,BA.5.5.3,138
2022-08,BA.5.6,6083
2022-08,BA.5.6.1,47
2022-08,BA.5.6.2,200
2022-08,BA.5.6.3,13
2022-08,BA.5.6.4,2
2022-08,BA.5.7,3
2022-08,BA.5.8,603
2022-08,BA.5.9,598
2022-08,BE.1,3034
2022-08,BE.1.1,4883
2022-08,BE.1.1.1,211
2022-08,BE.1.1.2,817
2022-08,BE.1.2,103
2022-08,BE.1.2.1,10
2022-08,BE.1.3,51
2022-08,BE.1.4,396
2022-08,BE.1.4.1,36
2022-08,BE.1.4.2,7
2022-08,BE.1.4.3,9
2022-08,BE.1.4.4,18
2022-08,BE.11,12
2022-08,BE.12,30
2022-08,BE.2,355
2022-08,BE.3,1382
2022-08,BE.4,193
2022-08,BE.4.1,7
2022-08,BE.4.1.1,1
2022-08,BE.5,47
2022-08,BE.6,1
2022-08,BF.1,739
2022-08,BF.1.1,8
2022-08,BF.10,3509
2022-08,BF.11,358
2022-08,BF.11.1,73
2022-08,BF.11.3,27
2022-08,BF.11.4,5
2022-08,BF.11.5,7
2022-08,BF.12,54
2022-08,BF.13,191
2022-08,BF.14,45
2022-08,BF.15,73
2022-08,BF.16,117
2022-08,BF.17,7
2022-08,BF.18,23
2022-08,BF.19,20
2022-08,BF.2,158
2022-08,BF.20,9
2022-08,BF.21,1164
2022-08,BF.22,55
2022-08,BF.23,17
2022-08,BF.24,592
2022-08,BF.25,56
2022-08,BF.26,1551
2022-08,BF.27,1138
2022-08,BF.28,1035
2022-08,BF.29,65
2022-08,BF.3,220
2022-08,BF.3.1,13
2022-08,BF.30,2
2022-08,BF.31,42
2022-08,BF.32,3
2022-08,BF.36,230
2022-08,BF.38,33
2022-08,BF.38.3,2
2022-08,BF.39,176
2022-08,BF.4,407
2022-08,BF.40,16
2022-08,BF.41,73
2022-08,BF.5,3168
2022-08,BF.5.4,34
2022-08,BF.5.5,34
2022-08,BF.6,301
2022-08,BF.7,982
2022-08,BF.7.10,5
2022-08,BF.7.13,2
2022-08,BF.7.19,25
2022-08,BF.7.20,37
2022-08,BF.7.21,30
2022-08,BF.7.22,8
2022-08,BF.7.23,29
2022-08,BF.7.24,18
2022-08,BF.7.26,13
2022-08,BF.7.27,25
2022-08,BF.7.4,144
2022-08,BF.7.4.1,16
2022-08,BF.7.4.2,22
2022-08,BF.7.5,91
2022-08,BF.7.6,92
2022-08,BF.7.7,2
2022-08,BF.7.8,5
2022-08,BF.7.9,3
2022-08,BF.8,884
2022-08,BF.9,53
2022-08,BG.2,11
2022-08,BG.4,1
2022-08,BG.5,19
2022-08,BH.1,29
2022-08,BK.1,314
2022-08,BL.1,41
2022-08,BL.1.3,3
2022-08,BL.2,15
2022-08,BL.3,22
2022-08,BL.4,13
2022-08,BM.1,9
2022-08,BM.1.1,10
2022-08,BM.1.1.1,5
2022-08,BM.1.1.3,22
2022-08,BM.2,2
2022-08,BM.3,2
2022-08,BM.4,2
2022-08,BM.4.1,2
2022-08,BM.4.1.1,2
2022-08,BM.5,4
2022-08,BM.6,1
2022-08,BN.1.3,4
2022-08,BN.1.4,1
2022-08,BN.2,4
2022-08,BN.2.1,4
2022-08,BN.5,12
2022-08,BN.6,7
2022-08,BP.1,1
2022-08,BQ.1,20
2022-08,BQ.1.1,5
2022-08,BQ.1.11,2
2022-08,BQ.1.12,2
2022-08,BQ.1.16,1
2022-08,BQ.1.2,3
2022-08,BQ.1.23,1
2022-08,BQ.1.3.2,1
2022-08,BQ.1.5,5
2022-08,BQ.1.6,9
2022-08,BQ.1.7,3
2022-08,BQ.1.8,2
2022-08,BR.1,6
2022-08,BR.3,2
2022-08,BT.1,29
2022-08,BT.2,48
2022-08,BU.1,5
2022-08,BU.2,27
2022-08,BV.1,28
2022-08,BV.2,19
2022-08,BY.1,17
2022-08,BZ.1,90
2022-08,BZ.2,14
2022-08,CA.1,2
2022-08,CA.2,2
2022-08,CA.3,1
2022-08,CA.5,1
2022-08,CB.1,2
2022-08,CC.1,13
2022-08,CD.1,19
2022-08,CD.2,14
2022-08,CE.1,32
2022-08,CF.1,5
2022-08,CG.1,20
2022-08,CH.2,1
2022-08,CK.1,12
2022-08,CK.2,12
2022-08,CN.1,6
2022-08,CN.2,2
2022-08,CP.1,14
2022-08,CP.2,1
2022-08,CP.5,3
2022-08,CP.8,1
2022-08,CR.1,2
2022-08,CS.1,1
2022-08,CY.1,2
2022-08,DA.1,3
2022-08,DC.1,1
2022-08,DE.1,36
2022-08,DF.1,3
2022-08,DH.1,3
2022-08,XAD,1
2022-08,XAJ,13
2022-08,XAM,6
2022-08,XAN,22
2022-08,XAS,109
2022-08,XAV,3
2022-08,XAZ,158
2022-08,XBB.1,1
2022-08,XBE,17
2022-08,XBG,6
2022-08,XBM,2
2022-08,unclassifiable,1223
2022-08,AY.122,2
2022-08,AY.131,1
2022-08,AY.4.2,1
2022-08,BF.7.1,18
2022-08,XBB.1.16.15,1
2022-08,XBB.9,1
2022-08,AY.4,2
2022-08,B.1.177.86,1
2022-08,BA.1.15,1
2022-08,BA.1.15.1,1
2022-08,BA.2.27,1
2022-08,BA.2.36,3
2022-08,BA.2.7,1
2022-08,BA.2.77,1
2022-08,BA.2.82,1
2022-08,BA.2.9.3,2
2022-08,BA.4.1.2,1
2022-08,BA.5.1.29,2
2022-08,BA.5.11,1
2022-08,BA.5.2.5,3
2022-08,BF.34,1
2022-08,BF.7.12,1
2022-08,BF.7.3,1
2022-08,BN.1,1
2022-08,BN.1.2,1
2022-08,BN.3,1
2022-08,BN.4,3
2022-08,BQ.1.13,1
2022-08,BR.4,1
2022-08,BW.1,7
2022-08,CU.1,1
2022-08,XAK,10
2022-08,AY.100,1
2022-08,AY.120,1
2022-08,B.1,1
2022-08,B.1.2,3
2022-08,BA.1.17,2
2022-08,BA.1.23,1
2022-08,BA.2.29,5
2022-08,BA.2.69,1
2022-08,BF.38.1,1
2022-08,BF.5.1,1
2022-08,BF.7.15,3
2022-08,BJ.1,1
2022-08,BN.1.4.3,1
2022-08,BQ.1.1.3,1
2022-08,BQ.1.1.4,1
2022-08,P.1,1
2022-08,XBB.1.5,1
2022-09,AY.119,2
2022-09,AY.81,1
2022-09,B.1.1,1
2022-09,B.1.1.529,25
2022-09,B.1.1.7,2
2022-09,B.1.351,2
2022-09,BA.1,7
2022-09,BA.1.1,17
2022-09,BA.1.1.18,5
2022-09,BA.1.15,2
2022-09,BA.2,114
2022-09,BA.2.10.1,1
2022-09,BA.2.10.4,13
2022-09,BA.2.12,2
2022-09,BA.2.12.1,98
2022-09,BA.2.13.1,3
2022-09,BA.2.2,2
2022-09,BA.2.3,10
2022-09,BA.2.3.14,1
2022-09,BA.2.3.20,102
2022-09,BA.2.3.21,1
2022-09,BA.2.3.7,1
2022-09,BA.2.31.1,1
2022-09,BA.2.36,2
2022-09,BA.2.38.2,1
2022-09,BA.2.5,1
2022-09,BA.2.7,4
2022-09,BA.2.74,5
2022-09,BA.2.75,62
2022-09,BA.2.75.1,166
2022-09,BA.2.75.10,3
2022-09,BA.2.75.2,459
2022-09,BA.2.75.3,10
2022-09,BA.2.75.4,33
2022-09,BA.2.75.5,167
2022-09,BA.2.75.6,17
2022-09,BA.2.75.7,13
2022-09,BA.2.75.9,3
2022-09,BA.2.76,9
2022-09,BA.2.79,3
2022-09,BA.2.9,7
2022-09,BA.4,523
2022-09,BA.4.1,1012
2022-09,BA.4.1.1,33
2022-09,BA.4.1.10,19
2022-09,BA.4.1.3,6
2022-09,BA.4.1.5,5
2022-09,BA.4.1.6,11
2022-09,BA.4.1.8,301
2022-09,BA.4.1.9,102
2022-09,BA.4.2,126
2022-09,BA.4.4,201
2022-09,BA.4.5,3
2022-09,BA.4.6,8140
2022-09,BA.4.6.1,216
2022-09,BA.4.6.2,16
2022-09,BA.4.6.3,2
2022-09,BA.4.6.4,24
2022-09,BA.4.6.5,701
2022-09,BA.4.7,174
2022-09,BA.5,1997
2022-09,BA.5.1,12618
2022-09,BA.5.1.1,954
2022-09,BA.5.1.10,1220
2022-09,BA.5.1.11,3
2022-09,BA.5.1.12,320
2022-09,BA.5.1.15,68
2022-09,BA.5.1.16,8
2022-09,BA.5.1.17,110
2022-09,BA.5.1.18,304
2022-09,BA.5.1.19,41
2022-09,BA.5.1.2,729
2022-09,BA.5.1.20,19
2022-09,BA.5.1.21,93
2022-09,BA.5.1.22,1014
2022-09,BA.5.1.23,1086
2022-09,BA.5.1.24,469
2022-09,BA.5.1.25,409
2022-09,BA.5.1.26,38
2022-09,BA.5.1.27,146
2022-09,BA.5.1.28,30
2022-09,BA.5.1.3,655
2022-09,BA.5.1.30,1602
2022-09,BA.5.1.31,18
2022-09,BA.5.1.33,90
2022-09,BA.5.1.34,72
2022-09,BA.5.1.35,117
2022-09,BA.5.1.36,6
2022-09,BA.5.1.4,93
2022-09,BA.5.1.5,868
2022-09,BA.5.1.6,317
2022-09,BA.5.1.7,96
2022-09,BA.5.1.8,16
2022-09,BA.5.1.9,16
2022-09,BA.5.10,164
2022-09,BA.5.10.1,13
2022-09,BA.5.11,58
2022-09,BA.5.12,1
2022-09,BA.5.2,19012
2022-09,BA.5.2.1,21561
2022-09,BA.5.2.10,4
2022-09,BA.5.2.12,31
2022-09,BA.5.2.13,326
2022-09,BA.5.2.14,43
2022-09,BA.5.2.16,122
2022-09,BA.5.2.18,237
2022-09,BA.5.2.19,145
2022-09,BA.5.2.2,101
2022-09,BA.5.2.20,2190
2022-09,BA.5.2.21,1273
2022-09,BA.5.2.22,453
2022-09,BA.5.2.23,146
2022-09,BA.5.2.24,117
2022-09,BA.5.2.25,72
2022-09,BA.5.2.26,378
2022-09,BA.5.2.27,283
2022-09,BA.5.2.28,364
2022-09,BA.5.2.29,121
2022-09,BA.5.2.3,778
2022-09,BA.5.2.30,38
2022-09,BA.5.2.31,286
2022-09,BA.5.2.33,92
2022-09,BA.5.2.34,180
2022-09,BA.5.2.35,216
2022-09,BA.5.2.36,56
2022-09,BA.5.2.37,60
2022-09,BA.5.2.38,18
2022-09,BA.5.2.39,8
2022-09,BA.5.2.4,38
2022-09,BA.5.2.41,6
2022-09,BA.5.2.44,39
2022-09,BA.5.2.45,2
2022-09,BA.5.2.47,24
2022-09,BA.5.2.52,36
2022-09,BA.5.2.53,64
2022-09,BA.5.2.54,4
2022-09,BA.5.2.55,5
2022-09,BA.5.2.56,35
2022-09,BA.5.2.57,86
2022-09,BA.5.2.58,74
2022-09,BA.5.2.59,46
2022-09,BA.5.2.6,600
2022-09,BA.5.2.60,4
2022-09,BA.5.2.61,3
2022-09,BA.5.2.62,17
2022-09,BA.5.2.7,333
2022-09,BA.5.2.8,117
2022-09,BA.5.2.9,2217
2022-09,BA.5.3,37
2022-09,BA.5.3.1,406
2022-09,BA.5.3.2,5
2022-09,BA.5.3.3,132
2022-09,BA.5.3.4,5
2022-09,BA.5.3.5,27
2022-09,BA.5.5,2717
2022-09,BA.5.5.1,373
2022-09,BA.5.5.2,83
2022-09,BA.5.5.3,69
2022-09,BA.5.6,3107
2022-09,BA.5.6.1,51
2022-09,BA.5.6.2,157
2022-09,BA.5.6.3,66
2022-09,BA.5.6.4,12
2022-09,BA.5.7,2
2022-09,BA.5.8,156
2022-09,BA.5.9,1076
2022-09,BE.1,1539
2022-09,BE.1.1,3310
2022-09,BE.1.1.1,369
2022-09,BE.1.1.2,835
2022-09,BE.1.2,170
2022-09,BE.1.2.1,19
2022-09,BE.1.3,20
2022-09,BE.1.4,339
2022-09,BE.1.4.1,46
2022-09,BE.1.4.2,33
2022-09,BE.1.4.3,1
2022-09,BE.1.4.4,4
2022-09,BE.10,2
2022-09,BE.11,4
2022-09,BE.12,16
2022-09,BE.2,111
2022-09,BE.3,666
2022-09,BE.4,135
2022-09,BE.4.1,49
2022-09,BE.4.1.1,7
2022-09,BE.4.2,6
2022-09,BE.5,18
2022-09,BE.7,1
2022-09,BE.8,2
2022-09,BE.9,1
2022-09,BF.1,214
2022-09,BF.1.1,1
2022-09,BF.10,2669
2022-09,BF.11,640
2022-09,BF.11.1,132
2022-09,BF.11.2,15
2022-09,BF.11.3,13
2022-09,BF.11.4,26
2022-09,BF.11.5,63
2022-09,BF.12,20
2022-09,BF.13,271
2022-09,BF.14,289
2022-09,BF.15,110
2022-09,BF.16,98
2022-09,BF.17,2
2022-09,BF.18,32
2022-09,BF.19,9
2022-09,BF.2,100
2022-09,BF.20,3
2022-09,BF.21,582
2022-09,BF.22,12
2022-09,BF.23,19
2022-09,BF.24,346
2022-09,BF.25,128
2022-09,BF.26,1367
2022-09,BF.27,792
2022-09,BF.28,491
2022-09,BF.29,136
2022-09,BF.3,87
2022-09,BF.3.1,5
2022-09,BF.30,25
2022-09,BF.31,24
2022-09,BF.32,17
2022-09,BF.34,7
2022-09,BF.36,133
2022-09,BF.38,18
2022-09,BF.39,270
2022-09,BF.4,274
2022-09,BF.40,19
2022-09,BF.41,39
2022-09,BF.41.1,1
2022-09,BF.5,2715
2022-09,BF.5.2,1
2022-09,BF.5.4,4
2022-09,BF.5.5,36
2022-09,BF.6,129
2022-09,BF.7,2886
2022-09,BF.7.1,42
2022-09,BF.7.10,8
2022-09,BF.7.12,8
2022-09,BF.7.13.1,13
2022-09,BF.7.16,7
2022-09,BF.7.19,75
2022-09,BF.7.20,287
2022-09,BF.7.21,100
2022-09,BF.7.22,63
2022-09,BF.7.23,90
2022-09,BF.7.24,135
2022-09,BF.7.26,30
2022-09,BF.7.27,55
2022-09,BF.7.3,5
2022-09,BF.7.4,449
2022-09,BF.7.4.1,122
2022-09,BF.7.4.2,63
2022-09,BF.7.5,467
2022-09,BF.7.6,245
2022-09,BF.7.7,96
2022-09,BF.7.8,28
2022-09,BF.8,480
2022-09,BF.9,24
2022-09,BG.2,1
2022-09,BH.1,16
2022-09,BJ.1,7
2022-09,BK.1,235
2022-09,BL.1,162
2022-09,BL.1.1,1
2022-09,BL.1.4,2
2022-09,BL.1.5,1
2022-09,BL.2,45
2022-09,BL.3,12
2022-09,BL.4,10
2022-09,BL.5,3
2022-09,BM.1,18
2022-09,BM.1.1,64
2022-09,BM.1.1.1,9
2022-09,BM.1.1.2,10
2022-09,BM.1.1.3,139
2022-09,BM.2,6
2022-09,BM.2.1,2
2022-09,BM.2.3,2
2022-09,BM.4.1,4
2022-09,BM.4.1.1,58
2022-09,BN.1,49
2022-09,BN.1.1,2
2022-09,BN.1.2,10
2022-09,BN.1.3,60
2022-09,BN.1.3.1,6
2022-09,BN.1.3.6,2
2022-09,BN.1.3.7,1
2022-09,BN.1.4,27
2022-09,BN.1.5,70
2022-09,BN.1.6,3
2022-09,BN.2,2
2022-09,BN.2.1,7
2022-09,BN.3,1
2022-09,BN.4,2
2022-09,BN.5,28
2022-09,BN.6,48
2022-09,BQ.1,563
2022-09,BQ.1.1,500
2022-09,BQ.1.1.1,39
2022-09,BQ.1.1.18,5
2022-09,BQ.1.1.2,1
2022-09,BQ.1.1.22,1
2022-09,BQ.1.1.23,1
2022-09,BQ.1.1.24,2
2022-09,BQ.1.1.3,36
2022-09,BQ.1.1.4,9
2022-09,BQ.1.1.5,27
2022-09,BQ.1.1.51,9
2022-09,BQ.1.1.54,1
2022-09,BQ.1.1.6,16
2022-09,BQ.1.1.67,4
2022-09,BQ.1.1.68,3
2022-09,BQ.1.1.7,17
2022-09,BQ.1.1.72,1
2022-09,BQ.1.1.8,12
2022-09,BQ.1.1.9,5
2022-09,BQ.1.10,51
2022-09,BQ.1.10.1,6
2022-09,BQ.1.11,64
2022-09,BQ.1.12,68
2022-09,BQ.1.13,42
2022-09,BQ.1.14,52
2022-09,BQ.1.15,41
2022-09,BQ.1.16,26
2022-09,BQ.1.18,3
2022-09,BQ.1.19,2
2022-09,BQ.1.2,97
2022-09,BQ.1.2.3,11
2022-09,BQ.1.20,6
2022-09,BQ.1.22,1
2022-09,BQ.1.23,2
2022-09,BQ.1.24,3
2022-09,BQ.1.25,1
2022-09,BQ.1.26,5
2022-09,BQ.1.3,7
2022-09,BQ.1.3.1,4
2022-09,BQ.1.3.2,45
2022-09,BQ.1.31,2
2022-09,BQ.1.4,17
2022-09,BQ.1.5,71
2022-09,BQ.1.6,51
2022-09,BQ.1.7,8
2022-09,BQ.1.8,56
2022-09,BQ.1.8.2,10
2022-09,BQ.1.9,4
2022-09,BQ.2,18
2022-09,BR.1,31
2022-09,BR.1.2,7
2022-09,BR.3,8
2022-09,BS.1,7
2022-09,BS.1.1,5
2022-09,BT.1,11
2022-09,BT.2,104
2022-09,BU.1,55
2022-09,BU.2,30
2022-09,BU.3,10
2022-09,BV.1,51
2022-09,BV.2,33
2022-09,BW.1,2
2022-09,BY.1,76
2022-09,BY.1.1.1,2
2022-09,BY.1.2,9
2022-09,BZ.2,19
2022-09,CA.1,49
2022-09,CA.3,44
2022-09,CA.5,2
2022-09,CA.6,5
2022-09,CB.1,40
2022-09,CC.1,16
2022-09,CD.1,13
2022-09,CD.2,37
2022-09,CE.1,58
2022-09,CF.1,19
2022-09,CG.1,66
2022-09,CH.1,5
2022-09,CH.1.1,1
2022-09,CH.2,6
2022-09,CJ.1,1
2022-09,CJ.1.2,2
2022-09,CK.1,39
2022-09,CK.1.2,1
2022-09,CK.2,19
2022-09,CK.2.1,14
2022-09,CK.2.1.1,13
2022-09,CK.3,4
2022-09,CL.1,11
2022-09,CL.1.3,5
2022-09,CM.1,4
2022-09,CM.2,77
2022-09,CM.3,1
2022-09,CM.4,15
2022-09,CM.5,5
2022-09,CM.5.1,3
2022-09,CM.6,1
2022-09,CN.1,71
2022-09,CN.2,17
2022-09,CP.1,57
2022-09,CP.1.1,4
2022-09,CP.1.2,6
2022-09,CP.6,2
2022-09,CP.8,17
2022-09,CQ.1,14
2022-09,CQ.1.1,3
2022-09,CR.1,16
2022-09,CR.2,16
2022-09,CS.1,5
2022-09,CT.1,5
2022-09,CV.1,2
2022-09,CV.2,1
2022-09,DA.1,23
2022-09,DB.2,2
2022-09,DC.1,12
2022-09,DD.1,1
2022-09,DE.1,23
2022-09,DE.2,6
2022-09,DF.1,25
2022-09,DN.2,3
2022-09,EB.1,6
2022-09,EE.1,14
2022-09,EJ.2,1
2022-09,EQ.1,3
2022-09,XAJ,3
2022-09,XAN,7
2022-09,XAS,47
2022-09,XAV,3
2022-09,XAZ,132
2022-09,XBB,14
2022-09,XBB.1,44
2022-09,XBB.2.6,1
2022-09,XBB.3,24
2022-09,XBB.6,1
2022-09,XBB.8,5
2022-09,XBB.9,2
2022-09,XBC.1,2
2022-09,XBC.2,3
2022-09,XBD,13
2022-09,XBE,55
2022-09,XBG,7
2022-09,XBH,1
2022-09,XBM,8
2022-09,unclassifiable,939
2022-09,BA.2.83,7
2022-09,BA.5.2.51,3
2022-09,BE.6,5
2022-09,BF.7.2,39
2022-09,BF.7.5.1,14
2022-09,BM.5,9
2022-09,BN.1.4.4,19
2022-09,BQ.1.1.17,7
2022-09,BQ.1.17,8
2022-09,BZ.1,27
2022-09,CA.2,7
2022-09,CP.4,2
2022-09,CP.5,7
2022-09,CR.1.1,2
2022-09,DH.1,56
2022-09,XAY.2,1
2022-09,AY.121,2
2022-09,AY.122,3
2022-09,AY.126,2
2022-09,AY.36,1
2022-09,AY.46.6,1
2022-09,AY.98.1,1
2022-09,B.1,3
2022-09,B.1.617.2,7
2022-09,BA.1.1.1,1
2022-09,BA.1.17.2,4
2022-09,BA.1.18,3
2022-09,BA.2.10,1
2022-09,BA.2.18,1
2022-09,BA.2.3.2,1
2022-09,BA.2.38,1
2022-09,BA.2.52,1
2022-09,BA.2.72,1
2022-09,BA.4.1.4,3
2022-09,BA.5.1.32,3
2022-09,BA.5.2.32,2
2022-09,BA.5.2.5,1
2022-09,BF.7.11,2
2022-09,BF.7.13,1
2022-09,BF.7.13.2,2
2022-09,BF.7.9,7
2022-09,BL.1.2,2
2022-09,BL.1.3,4
2022-09,BN.1.2.1,2
2022-09,BN.1.7,1
2022-09,BQ.1.1.14,12
2022-09,BQ.1.1.15,1
2022-09,BQ.1.1.16,2
2022-09,BQ.1.1.19,2
2022-09,BQ.1.1.52,1
2022-09,BQ.1.1.69,1
2022-09,BQ.1.2.1,1
2022-09,BQ.1.21,4
2022-09,BQ.1.8.1,1
2022-09,CP.1.3,8
2022-09,CU.1,3
2022-09,CY.1,1
2022-09,XAK,5
2022-09,XBB.2.1,3
2022-09,B.1.234,1
2022-09,BA.2.1,1
2022-09,BA.2.59,1
2022-09,BA.2.9.5,1
2022-09,BA.4.8,1
2022-09,BQ.1.1.27,2
2022-09,EF.1,1
2022-09,ER.1,1
2022-09,P.1,2
2022-09,XBB.5,1
2022-09,XBF,1
2022-09,XBN,1
2022-10,A,2
2022-10,AY.119,1
2022-10,B,2
2022-10,B.1.1.529,96
2022-10,BA.1.1,16
2022-10,BA.1.1.18,3
2022-10,BA.1.15,1
2022-10,BA.2,124
2022-10,BA.2.10.4,2
2022-10,BA.2.12,3
2022-10,BA.2.12.1,16
2022-10,BA.2.3,6
2022-10,BA.2.3.20,286
2022-10,BA.2.31,1
2022-10,BA.2.45,1
2022-10,BA.2.7,1
2022-10,BA.2.75,62
2022-10,BA.2.75.1,81
2022-10,BA.2.75.10,1
2022-10,BA.2.75.2,678
2022-10,BA.2.75.3,20
2022-10,BA.2.75.4,33
2022-10,BA.2.75.5,192
2022-10,BA.2.75.6,17
2022-10,BA.2.75.7,13
2022-10,BA.2.75.8,1
2022-10,BA.2.9.5,2
2022-10,BA.4,165
2022-10,BA.4.1,295
2022-10,BA.4.1.10,20
2022-10,BA.4.1.4,2
2022-10,BA.4.1.5,3
2022-10,BA.4.1.8,219
2022-10,BA.4.1.9,69
2022-10,BA.4.2,9
2022-10,BA.4.4,35
2022-10,BA.4.6,5216
2022-10,BA.4.6.1,231
2022-10,BA.4.6.2,35
2022-10,BA.4.6.3,50
2022-10,BA.4.6.4,49
2022-10,BA.4.6.5,427
2022-10,BA.4.7,91
2022-10,BA.4.8,2
2022-10,BA.5,1549
2022-10,BA.5.1,8129
2022-10,BA.5.1.1,402
2022-10,BA.5.1.10,1021
2022-10,BA.5.1.12,333
2022-10,BA.5.1.15,38
2022-10,BA.5.1.16,2
2022-10,BA.5.1.17,80
2022-10,BA.5.1.18,391
2022-10,BA.5.1.19,40
2022-10,BA.5.1.2,422
2022-10,BA.5.1.20,20
2022-10,BA.5.1.21,62
2022-10,BA.5.1.22,640
2022-10,BA.5.1.23,599
2022-10,BA.5.1.24,191
2022-10,BA.5.1.25,197
2022-10,BA.5.1.26,65
2022-10,BA.5.1.27,345
2022-10,BA.5.1.28,35
2022-10,BA.5.1.3,465
2022-10,BA.5.1.30,862
2022-10,BA.5.1.31,24
2022-10,BA.5.1.33,224
2022-10,BA.5.1.34,93
2022-10,BA.5.1.35,58
2022-10,BA.5.1.36,39
2022-10,BA.5.1.37,8
2022-10,BA.5.1.4,52
2022-10,BA.5.1.5,1130
2022-10,BA.5.1.6,131
2022-10,BA.5.1.7,61
2022-10,BA.5.1.9,19
2022-10,BA.5.10,136
2022-10,BA.5.10.1,33
2022-10,BA.5.11,109
2022-10,BA.5.12,12
2022-10,BA.5.2,14877
2022-10,BA.5.2.1,14114
2022-10,BA.5.2.10,7
2022-10,BA.5.2.12,37
2022-10,BA.5.2.13,886
2022-10,BA.5.2.14,47
2022-10,BA.5.2.16,69
2022-10,BA.5.2.18,342
2022-10,BA.5.2.19,110
2022-10,BA.5.2.2,42
2022-10,BA.5.2.20,1840
2022-10,BA.5.2.21,794
2022-10,BA.5.2.22,293
2022-10,BA.5.2.23,292
2022-10,BA.5.2.24,111
2022-10,BA.5.2.25,119
2022-10,BA.5.2.26,400
2022-10,BA.5.2.27,201
2022-10,BA.5.2.28,228
2022-10,BA.5.2.29,84
2022-10,BA.5.2.3,532
2022-10,BA.5.2.30,85
2022-10,BA.5.2.31,222
2022-10,BA.5.2.32,26
2022-10,BA.5.2.33,96
2022-10,BA.5.2.34,628
2022-10,BA.5.2.35,946
2022-10,BA.5.2.36,123
2022-10,BA.5.2.37,47
2022-10,BA.5.2.38,7
2022-10,BA.5.2.39,34
2022-10,BA.5.2.4,29
2022-10,BA.5.2.40,4
2022-10,BA.5.2.41,15
2022-10,BA.5.2.43,3
2022-10,BA.5.2.44,75
2022-10,BA.5.2.46,3
2022-10,BA.5.2.47,85
2022-10,BA.5.2.49,1
2022-10,BA.5.2.51,6
2022-10,BA.5.2.52,50
2022-10,BA.5.2.53,48
2022-10,BA.5.2.54,32
2022-10,BA.5.2.55,8
2022-10,BA.5.2.56,60
2022-10,BA.5.2.57,143
2022-10,BA.5.2.58,209
2022-10,BA.5.2.59,44
2022-10,BA.5.2.6,1368
2022-10,BA.5.2.60,16
2022-10,BA.5.2.62,70
2022-10,BA.5.2.7,424
2022-10,BA.5.2.8,69
2022-10,BA.5.2.9,1416
2022-10,BA.5.3,12
2022-10,BA.5.3.1,270
2022-10,BA.5.3.3,113
2022-10,BA.5.3.5,58
2022-10,BA.5.5,903
2022-10,BA.5.5.1,311
2022-10,BA.5.5.2,31
2022-10,BA.5.5.3,32
2022-10,BA.5.6,1063
2022-10,BA.5.6.1,19
2022-10,BA.5.6.2,92
2022-10,BA.5.6.3,62
2022-10,BA.5.6.4,43
2022-10,BA.5.7,7
2022-10,BA.5.8,50
2022-10,BA.5.9,1342
2022-10,BE.1,626
2022-10,BE.1.1,2181
2022-10,BE.1.1.1,358
2022-10,BE.1.1.2,701
2022-10,BE.1.2,191
2022-10,BE.1.2.1,93
2022-10,BE.1.3,16
2022-10,BE.1.4,114
2022-10,BE.1.4.1,27
2022-10,BE.1.4.2,51
2022-10,BE.11,4
2022-10,BE.12,17
2022-10,BE.2,46
2022-10,BE.3,248
2022-10,BE.4,123
2022-10,BE.4.1,81
2022-10,BE.4.1.1,54
2022-10,BE.4.2,27
2022-10,BE.5,17
2022-10,BE.6,30
2022-10,BE.7,14
2022-10,BF.1,125
2022-10,BF.10,1672
2022-10,BF.10.1,9
2022-10,BF.11,1228
2022-10,BF.11.1,190
2022-10,BF.11.2,146
2022-10,BF.11.3,49
2022-10,BF.11.4,137
2022-10,BF.11.5,207
2022-10,BF.12,15
2022-10,BF.13,381
2022-10,BF.14,813
2022-10,BF.15,47
2022-10,BF.16,68
2022-10,BF.17,2
2022-10,BF.18,10
2022-10,BF.2,96
2022-10,BF.20,2
2022-10,BF.21,218
2022-10,BF.22,50
2022-10,BF.23,6
2022-10,BF.24,192
2022-10,BF.25,144
2022-10,BF.26,1218
2022-10,BF.27,374
2022-10,BF.28,285
2022-10,BF.29,65
2022-10,BF.3,57
2022-10,BF.30,50
2022-10,BF.31,18
2022-10,BF.31.1,5
2022-10,BF.32,146
2022-10,BF.34,31
2022-10,BF.36,80
2022-10,BF.38,22
2022-10,BF.39,129
2022-10,BF.4,167
2022-10,BF.40,31
2022-10,BF.41,31
2022-10,BF.41.1,3
2022-10,BF.5,2223
2022-10,BF.5.5,70
2022-10,BF.6,48
2022-10,BF.7,6105
2022-10,BF.7.1,116
2022-10,BF.7.10,53
2022-10,BF.7.11,24
2022-10,BF.7.12,47
2022-10,BF.7.13,3
2022-10,BF.7.13.1,8
2022-10,BF.7.13.2,30
2022-10,BF.7.16,26
2022-10,BF.7.19,212
2022-10,BF.7.19.1,8
2022-10,BF.7.20,442
2022-10,BF.7.21,259
2022-10,BF.7.22,212
2022-10,BF.7.23,190
2022-10,BF.7.24,324
2022-10,BF.7.26,72
2022-10,BF.7.27,69
2022-10,BF.7.3,25
2022-10,BF.7.4,887
2022-10,BF.7.4.1,379
2022-10,BF.7.4.2,113
2022-10,BF.7.5,1019
2022-10,BF.7.5.1,87
2022-10,BF.7.6,488
2022-10,BF.7.7,178
2022-10,BF.7.8,58
2022-10,BF.7.9,10
2022-10,BF.8,209
2022-10,BF.9,8
2022-10,BH.1,8
2022-10,BJ.1,1
2022-10,BK.1,165
2022-10,BL.1,228
2022-10,BL.1.1,3
2022-10,BL.1.3,10
2022-10,BL.1.4,8
2022-10,BL.2,63
2022-10,BL.6,12
2022-10,BM.1,8
2022-10,BM.1.1,132
2022-10,BM.1.1.1,19
2022-10,BM.1.1.2,2
2022-10,BM.1.1.3,241
2022-10,BM.1.1.4,1
2022-10,BM.2,7
2022-10,BM.2.1,5
2022-10,BM.2.3,1
2022-10,BM.4.1,19
2022-10,BM.4.1.1,132
2022-10,BM.5,5
2022-10,BN.1,335
2022-10,BN.1.1,14
2022-10,BN.1.1.1,1
2022-10,BN.1.10,5
2022-10,BN.1.2,129
2022-10,BN.1.2.1,78
2022-10,BN.1.2.2,4
2022-10,BN.1.2.3,13
2022-10,BN.1.3,336
2022-10,BN.1.3.1,179
2022-10,BN.1.3.12,20
2022-10,BN.1.3.3,9
2022-10,BN.1.3.5,4
2022-10,BN.1.3.6,53
2022-10,BN.1.3.7,7
2022-10,BN.1.3.8,7
2022-10,BN.1.4,63
2022-10,BN.1.4.1,2
2022-10,BN.1.4.2,4
2022-10,BN.1.4.3,9
2022-10,BN.1.4.5,6
2022-10,BN.1.5,346
2022-10,BN.1.5.2,6
2022-10,BN.1.6,3
2022-10,BN.1.7,43
2022-10,BN.1.8,2
2022-10,BN.1.9,28
2022-10,BN.2,5
2022-10,BN.2.1,6
2022-10,BN.3,8
2022-10,BN.3.1,31
2022-10,BN.4,2
2022-10,BN.5,27
2022-10,BN.6,44
2022-10,BQ.1,3278
2022-10,BQ.1.1,4322
2022-10,BQ.1.1.1,256
2022-10,BQ.1.1.10,21
2022-10,BQ.1.1.11,29
2022-10,BQ.1.1.13,18
2022-10,BQ.1.1.14,22
2022-10,BQ.1.1.15,66
2022-10,BQ.1.1.16,8
2022-10,BQ.1.1.17,33
2022-10,BQ.1.1.18,176
2022-10,BQ.1.1.19,102
2022-10,BQ.1.1.2,99
2022-10,BQ.1.1.21,39
2022-10,BQ.1.1.22,22
2022-10,BQ.1.1.23,38
2022-10,BQ.1.1.24,42
2022-10,BQ.1.1.25,2
2022-10,BQ.1.1.27,15
2022-10,BQ.1.1.28,24
2022-10,BQ.1.1.29,3
2022-10,BQ.1.1.3,312
2022-10,BQ.1.1.31,4
2022-10,BQ.1.1.32,12
2022-10,BQ.1.1.4,202
2022-10,BQ.1.1.40,2
2022-10,BQ.1.1.41,36
2022-10,BQ.1.1.47,3
2022-10,BQ.1.1.5,237
2022-10,BQ.1.1.51,48
2022-10,BQ.1.1.52,35
2022-10,BQ.1.1.54,3
2022-10,BQ.1.1.56,11
2022-10,BQ.1.1.57,10
2022-10,BQ.1.1.6,195
2022-10,BQ.1.1.63,2
2022-10,BQ.1.1.66,2
2022-10,BQ.1.1.67,26
2022-10,BQ.1.1.68,63
2022-10,BQ.1.1.69,98
2022-10,BQ.1.1.7,279
2022-10,BQ.1.1.72,12
2022-10,BQ.1.1.76,28
2022-10,BQ.1.1.8,326
2022-10,BQ.1.1.9,12
2022-10,BQ.1.10,316
2022-10,BQ.1.10.1,78
2022-10,BQ.1.11,339
2022-10,BQ.1.12,382
2022-10,BQ.1.13,200
2022-10,BQ.1.13.1,5
2022-10,BQ.1.14,454
2022-10,BQ.1.15,146
2022-10,BQ.1.16,59
2022-10,BQ.1.17,48
2022-10,BQ.1.18,168
2022-10,BQ.1.19,12
2022-10,BQ.1.2,580
2022-10,BQ.1.2.1,5
2022-10,BQ.1.2.3,86
2022-10,BQ.1.20,27
2022-10,BQ.1.21,4
2022-10,BQ.1.22,12
2022-10,BQ.1.23,74
2022-10,BQ.1.24,22
2022-10,BQ.1.25,20
2022-10,BQ.1.25.1,7
2022-10,BQ.1.26,13
2022-10,BQ.1.26.1,47
2022-10,BQ.1.27,2
2022-10,BQ.1.3,73
2022-10,BQ.1.3.1,64
2022-10,BQ.1.3.2,306
2022-10,BQ.1.31,4
2022-10,BQ.1.4,43
2022-10,BQ.1.5,453
2022-10,BQ.1.6,153
2022-10,BQ.1.7,23
2022-10,BQ.1.8,756
2022-10,BQ.1.8.1,14
2022-10,BQ.1.8.2,165
2022-10,BQ.1.9,4
2022-10,BQ.2,33
2022-10,BR.1,111
2022-10,BR.1.2,23
2022-10,BR.2.1,6
2022-10,BR.3,16
2022-10,BR.4,7
2022-10,BR.5,4
2022-10,BS.1,10
2022-10,BS.1.1,22
2022-10,BT.1,2
2022-10,BT.2,97
2022-10,BU.1,107
2022-10,BU.2,8
2022-10,BU.3,53
2022-10,BV.1,21
2022-10,BV.2,51
2022-10,BW.1,15
2022-10,BW.1.1,9
2022-10,BY.1,132
2022-10,BY.1.2,24
2022-10,BY.1.2.1,1
2022-10,BZ.2,17
2022-10,CA.1,71
2022-10,CA.2,15
2022-10,CA.3,50
2022-10,CA.3.1,11
2022-10,CA.5,18
2022-10,CA.7,41
2022-10,CB.1,87
2022-10,CC.1,45
2022-10,CD.1,9
2022-10,CD.2,18
2022-10,CE.1,84
2022-10,CF.1,13
2022-10,CG.1,61
2022-10,CH.1,3
2022-10,CH.1.1,86
2022-10,CH.1.1.1,1
2022-10,CH.1.1.11,3
2022-10,CH.1.1.14,2
2022-10,CH.1.1.2,3
2022-10,CH.1.1.25,5
2022-10,CH.2,1
2022-10,CJ.1.2,27
2022-10,CK.1,73
2022-10,CK.1.2,4
2022-10,CK.1.4,1
2022-10,CK.1.5,19
2022-10,CK.2,31
2022-10,CK.2.1,101
2022-10,CK.2.1.1,136
2022-10,CK.3,27
2022-10,CL.1,91
2022-10,CL.1.3,4
2022-10,CM.1,11
2022-10,CM.12,1
2022-10,CM.2,161
2022-10,CM.3,9
2022-10,CM.4,39
2022-10,CM.4.1,8
2022-10,CM.5,26
2022-10,CM.5.2,10
2022-10,CM.6,5
2022-10,CM.6.1,3
2022-10,CM.7,1
2022-10,CM.8.1,3
2022-10,CM.9,10
2022-10,CN.1,151
2022-10,CN.2,91
2022-10,CP.1,125
2022-10,CP.1.1,21
2022-10,CP.1.2,30
2022-10,CP.1.3,19
2022-10,CP.2,17
2022-10,CP.3,6
2022-10,CP.4,25
2022-10,CP.5,13
2022-10,CP.6,11
2022-10,CP.8,14
2022-10,CQ.1,86
2022-10,CQ.1.1,22
2022-10,CQ.2,29
2022-10,CR.1,36
2022-10,CR.1.1,39
2022-10,CR.1.3,4
2022-10,CR.2,36
2022-10,CS.1,1
2022-10,CT.1,6
2022-10,CV.1,38
2022-10,CV.2,1
2022-10,CW.1,8
2022-10,CY.1,4
2022-10,CZ.1,1
2022-10,CZ.2,13
2022-10,DA.1,5
2022-10,DB.1,8
2022-10,DB.2,4
2022-10,DC.1,51
2022-10,DE.1,4
2022-10,DE.2,49
2022-10,DF.1,117
2022-10,DF.1.1,3
2022-10,DG.1,7
2022-10,DJ.1,5
2022-10,DK.1,4
2022-10,DL.1,12
2022-10,DN.1,9
2022-10,DN.1.1,2
2022-10,DN.2,113
2022-10,DQ.1,10
2022-10,DR.1,1
2022-10,DS.2,1
2022-10,EB.1,29
2022-10,ED.2,20
2022-10,ED.3,4
2022-10,EE.1,31
2022-10,EE.2,6
2022-10,EE.5,8
2022-10,EF.1,8
2022-10,EF.1.1,13
2022-10,EF.2,6
2022-10,EJ.1,4
2022-10,EJ.2,13
2022-10,EQ.1,35
2022-10,XAS,17
2022-10,XAV,6
2022-10,XAY,1
2022-10,XAZ,119
2022-10,XBB,110
2022-10,XBB.1,441
2022-10,XBB.1.1,32
2022-10,XBB.1.11,1
2022-10,XBB.1.15,5
2022-10,XBB.1.27,1
2022-10,XBB.1.29,1
2022-10,XBB.1.37,1
2022-10,XBB.1.39,2
2022-10,XBB.1.5,5
2022-10,XBB.1.6,6
2022-10,XBB.1.8,1
2022-10,XBB.1.9,9
2022-10,XBB.2,48
2022-10,XBB.2.1,2
2022-10,XBB.2.11.1,3
2022-10,XBB.2.6,2
2022-10,XBB.2.8,5
2022-10,XBB.3,72
2022-10,XBB.3.2,18
2022-10,XBB.3.3,3
2022-10,XBB.4,9
2022-10,XBB.5,4
2022-10,XBB.6,2
2022-10,XBB.6.1,1
2022-10,XBB.8,15
2022-10,XBB.9,1
2022-10,XBC.1,16
2022-10,XBC.1.5,2
2022-10,XBC.2,3
2022-10,XBD,40
2022-10,XBE,115
2022-10,XBF,2
2022-10,XBG,27
2022-10,XBH,8
2022-10,XBJ.2,2
2022-10,XBM,13
2022-10,XBN,4
2022-10,unclassifiable,1228
2022-10,B.1.1.7,1
2022-10,BA.1,9
2022-10,BA.2.1,1
2022-10,BA.2.9,8
2022-10,BA.5.1.11,3
2022-10,BA.5.1.32,8
2022-10,BA.5.2.61,8
2022-10,BE.8,11
2022-10,BE.9,2
2022-10,BF.19,7
2022-10,BF.5.1,1
2022-10,BF.7.2,114
2022-10,BL.5,16
2022-10,BM.6,1
2022-10,BN.1.4.4,52
2022-10,BQ.1.1.20,60
2022-10,BS.1.2,1
2022-10,BY.1.1.1,6
2022-10,BZ.1,2
2022-10,CA.6,2
2022-10,CJ.1,2
2022-10,CU.1,2
2022-10,DH.1,48
2022-10,EF.1.2,1
2022-10,FA.2,20
2022-10,FL.1.5.1,1
2022-10,JN.2,1
2022-10,XAY.2,23
2022-10,XBB.1.4.1,7
2022-10,XBB.2.11,1
2022-10,XBK,4
2022-10,BA.1.1.14,1
2022-10,BA.1.17.2,5
2022-10,BA.2.10.1,1
2022-10,BA.2.3.22,1
2022-10,BA.2.39,2
2022-10,BA.2.51,1
2022-10,BA.2.75.9,2
2022-10,BA.4.1.1,1
2022-10,BA.4.1.3,1
2022-10,BA.5.1.38,1
2022-10,BA.5.3.2,1
2022-10,BD.1,1
2022-10,BE.10,2
2022-10,BF.7.17,2
2022-10,BL.1.2,3
2022-10,BQ.1.1.46,1
2022-10,BQ.1.1.74,3
2022-10,BQ.1.26.2,5
2022-10,BW.1.1.1,1
2022-10,CH.1.1.28,1
2022-10,CL.1.1,5
2022-10,CM.5.1,1
2022-10,DT.2,1
2022-10,EC.1,2
2022-10,ER.1,10
2022-10,GP.2,1
2022-10,XAK,1
2022-10,XBB.1.13,1
2022-10,XBB.1.3,1
2022-10,XBB.4.1,6
2022-10,AY.75,1
2022-10,BA.1.1.12,1
2022-10,BA.1.1.2,1
2022-10,BA.2.18,2
2022-10,BA.2.74,1
2022-10,BA.2.76,1
2022-10,BF.5.4,1
2022-10,BL.4,1
2022-10,CK.1.3,1
2022-10,CM.8,1
2022-10,DY.2,10
2022-10,DY.3,5
2022-10,XAY.1,1
2022-10,XBB.3.1,1
2022-11,AY.44,1
2022-11,B.1.1.529,17
2022-11,BA.1.1,9
2022-11,BA.1.15,3
2022-11,BA.1.20,1
2022-11,BA.2,67
2022-11,BA.2.1,2
2022-11,BA.2.12.1,10
2022-11,BA.2.3,4
2022-11,BA.2.3.20,331
2022-11,BA.2.75,33
2022-11,BA.2.75.2,208
2022-11,BA.2.75.4,17
2022-11,BA.2.75.5,115
2022-11,BA.2.75.6,6
2022-11,BA.4,74
2022-11,BA.4.1,42
2022-11,BA.4.1.10,4
2022-11,BA.4.1.6,1
2022-11,BA.4.1.8,93
2022-11,BA.4.1.9,20
2022-11,BA.4.2,2
2022-11,BA.4.4,1
2022-11,BA.4.6,2309
2022-11,BA.4.6.1,86
2022-11,BA.4.6.2,23
2022-11,BA.4.6.3,83
2022-11,BA.4.6.4,20
2022-11,BA.4.6.5,170
2022-11,BA.4.7,16
2022-11,BA.4.8,1
2022-11,BA.5,525
2022-11,BA.5.1,2478
2022-11,BA.5.1.1,131
2022-11,BA.5.1.10,374
2022-11,BA.5.1.12,191
2022-11,BA.5.1.15,9
2022-11,BA.5.1.16,1
2022-11,BA.5.1.17,16
2022-11,BA.5.1.18,322
2022-11,BA.5.1.19,12
2022-11,BA.5.1.2,113
2022-11,BA.5.1.20,4
2022-11,BA.5.1.21,12
2022-11,BA.5.1.22,238
2022-11,BA.5.1.23,208
2022-11,BA.5.1.24,40
2022-11,BA.5.1.25,133
2022-11,BA.5.1.26,22
2022-11,BA.5.1.27,607
2022-11,BA.5.1.28,14
2022-11,BA.5.1.3,163
2022-11,BA.5.1.30,242
2022-11,BA.5.1.31,9
2022-11,BA.5.1.32,9
2022-11,BA.5.1.33,148
2022-11,BA.5.1.34,323
2022-11,BA.5.1.35,7
2022-11,BA.5.1.36,36
2022-11,BA.5.1.37,21
2022-11,BA.5.1.38,1
2022-11,BA.5.1.4,3
2022-11,BA.5.1.5,422
2022-11,BA.5.1.6,107
2022-11,BA.5.1.7,51
2022-11,BA.5.1.9,9
2022-11,BA.5.10,24
2022-11,BA.5.10.1,10
2022-11,BA.5.11,484
2022-11,BA.5.12,39
2022-11,BA.5.2,4563
2022-11,BA.5.2.1,4851
2022-11,BA.5.2.12,20
2022-11,BA.5.2.13,507
2022-11,BA.5.2.14,44
2022-11,BA.5.2.16,16
2022-11,BA.5.2.18,145
2022-11,BA.5.2.19,47
2022-11,BA.5.2.2,4
2022-11,BA.5.2.20,685
2022-11,BA.5.2.21,247
2022-11,BA.5.2.22,100
2022-11,BA.5.2.23,361
2022-11,BA.5.2.24,26
2022-11,BA.5.2.25,96
2022-11,BA.5.2.26,117
2022-11,BA.5.2.27,127
2022-11,BA.5.2.28,105
2022-11,BA.5.2.29,11
2022-11,BA.5.2.3,115
2022-11,BA.5.2.30,34
2022-11,BA.5.2.31,116
2022-11,BA.5.2.32,24
2022-11,BA.5.2.33,19
2022-11,BA.5.2.34,765
2022-11,BA.5.2.35,589
2022-11,BA.5.2.36,34
2022-11,BA.5.2.37,25
2022-11,BA.5.2.38,2
2022-11,BA.5.2.39,35
2022-11,BA.5.2.4,5
2022-11,BA.5.2.42,1
2022-11,BA.5.2.43,10
2022-11,BA.5.2.44,11
2022-11,BA.5.2.47,106
2022-11,BA.5.2.51,2
2022-11,BA.5.2.52,60
2022-11,BA.5.2.53,63
2022-11,BA.5.2.54,44
2022-11,BA.5.2.56,65
2022-11,BA.5.2.57,159
2022-11,BA.5.2.58,128
2022-11,BA.5.2.59,64
2022-11,BA.5.2.6,1308
2022-11,BA.5.2.60,13
2022-11,BA.5.2.61,17
2022-11,BA.5.2.62,28
2022-11,BA.5.2.63,10
2022-11,BA.5.2.7,123
2022-11,BA.5.2.8,31
2022-11,BA.5.2.9,722
2022-11,BA.5.3,10
2022-11,BA.5.3.1,118
2022-11,BA.5.3.3,24
2022-11,BA.5.3.5,91
2022-11,BA.5.5,257
2022-11,BA.5.5.1,184
2022-11,BA.5.5.2,10
2022-11,BA.5.5.3,23
2022-11,BA.5.6,301
2022-11,BA.5.6.1,3
2022-11,BA.5.6.2,74
2022-11,BA.5.6.3,24
2022-11,BA.5.6.4,13
2022-11,BA.5.7,8
2022-11,BA.5.8,12
2022-11,BA.5.9,505
2022-11,BE.1,197
2022-11,BE.1.1,555
2022-11,BE.1.1.1,394
2022-11,BE.1.1.2,85
2022-11,BE.1.2,120
2022-11,BE.1.2.1,215
2022-11,BE.1.4,22
2022-11,BE.1.4.1,14
2022-11,BE.1.4.2,92
2022-11,BE.10,59
2022-11,BE.11,6
2022-11,BE.12,2
2022-11,BE.2,33
2022-11,BE.3,51
2022-11,BE.4,36
2022-11,BE.4.1,73
2022-11,BE.4.1.1,22
2022-11,BE.4.2,97
2022-11,BE.5,4
2022-11,BE.6,12
2022-11,BE.7,43
2022-11,BE.8,7
2022-11,BE.9,22
2022-11,BF.1,12
2022-11,BF.10,774
2022-11,BF.10.1,23
2022-11,BF.11,954
2022-11,BF.11.1,95
2022-11,BF.11.2,205
2022-11,BF.11.3,17
2022-11,BF.11.4,70
2022-11,BF.11.5,79
2022-11,BF.13,205
2022-11,BF.14,640
2022-11,BF.15,13
2022-11,BF.16,36
2022-11,BF.17,2
2022-11,BF.19,1
2022-11,BF.2,21
2022-11,BF.20,4
2022-11,BF.21,107
2022-11,BF.22,2
2022-11,BF.23,8
2022-11,BF.24,53
2022-11,BF.25,102
2022-11,BF.26,928
2022-11,BF.27,147
2022-11,BF.28,61
2022-11,BF.29,10
2022-11,BF.3,13
2022-11,BF.30,26
2022-11,BF.31,17
2022-11,BF.31.1,41
2022-11,BF.32,144
2022-11,BF.34,10
2022-11,BF.36,35
2022-11,BF.38,7
2022-11,BF.39,83
2022-11,BF.39.1,3
2022-11,BF.4,110
2022-11,BF.40,17
2022-11,BF.41,5
2022-11,BF.41.1,6
2022-11,BF.5,828
2022-11,BF.5.1,4
2022-11,BF.5.2,8
2022-11,BF.5.5,13
2022-11,BF.6,18
2022-11,BF.7,4203
2022-11,BF.7.1,47
2022-11,BF.7.10,22
2022-11,BF.7.11,9
2022-11,BF.7.12,41
2022-11,BF.7.13,1
2022-11,BF.7.13.2,24
2022-11,BF.7.15,4
2022-11,BF.7.16,32
2022-11,BF.7.17,7
2022-11,BF.7.18,3
2022-11,BF.7.19,119
2022-11,BF.7.19.1,5
2022-11,BF.7.20,161
2022-11,BF.7.21,167
2022-11,BF.7.22,130
2022-11,BF.7.23,128
2022-11,BF.7.24,121
2022-11,BF.7.26,35
2022-11,BF.7.27,70
2022-11,BF.7.3,36
2022-11,BF.7.4,633
2022-11,BF.7.4.1,577
2022-11,BF.7.4.2,46
2022-11,BF.7.4.3,1
2022-11,BF.7.5,600
2022-11,BF.7.5.1,61
2022-11,BF.7.6,306
2022-11,BF.7.7,127
2022-11,BF.7.8,27
2022-11,BF.8,59
2022-11,BK.1,111
2022-11,BL.1,71
2022-11,BL.1.3,3
2022-11,BL.1.4,12
2022-11,BL.2,20
2022-11,BL.6,16
2022-11,BM.1.1,41
2022-11,BM.1.1.1,8
2022-11,BM.1.1.3,179
2022-11,BM.2,9
2022-11,BM.2.1,7
2022-11,BM.4.1,3
2022-11,BM.4.1.1,52
2022-11,BN.1,622
2022-11,BN.1.1,41
2022-11,BN.1.1.1,12
2022-11,BN.1.10,35
2022-11,BN.1.11,2
2022-11,BN.1.2,375
2022-11,BN.1.2.1,135
2022-11,BN.1.2.2,30
2022-11,BN.1.2.3,38
2022-11,BN.1.2.5,3
2022-11,BN.1.2.6,4
2022-11,BN.1.3,699
2022-11,BN.1.3.1,667
2022-11,BN.1.3.12,33
2022-11,BN.1.3.3,23
2022-11,BN.1.3.4,1
2022-11,BN.1.3.5,25
2022-11,BN.1.3.6,154
2022-11,BN.1.3.7,47
2022-11,BN.1.3.8,8
2022-11,BN.1.3.9,2
2022-11,BN.1.4,185
2022-11,BN.1.4.1,50
2022-11,BN.1.4.2,18
2022-11,BN.1.4.3,39
2022-11,BN.1.4.5,48
2022-11,BN.1.5,619
2022-11,BN.1.5.1,1
2022-11,BN.1.5.2,26
2022-11,BN.1.7,194
2022-11,BN.1.9,79
2022-11,BN.2.1,3
2022-11,BN.3,3
2022-11,BN.3.1,59
2022-11,BN.4,2
2022-11,BN.5,11
2022-11,BN.6,18
2022-11,BQ.1,7008
2022-11,BQ.1.1,13046
2022-11,BQ.1.1.1,406
2022-11,BQ.1.1.10,121
2022-11,BQ.1.1.11,60
2022-11,BQ.1.1.13,67
2022-11,BQ.1.1.14,8
2022-11,BQ.1.1.15,198
2022-11,BQ.1.1.16,7
2022-11,BQ.1.1.17,41
2022-11,BQ.1.1.18,634
2022-11,BQ.1.1.19,96
2022-11,BQ.1.1.2,325
2022-11,BQ.1.1.20,847
2022-11,BQ.1.1.21,26
2022-11,BQ.1.1.22,128
2022-11,BQ.1.1.23,137
2022-11,BQ.1.1.24,264
2022-11,BQ.1.1.25,21
2022-11,BQ.1.1.26,25
2022-11,BQ.1.1.27,71
2022-11,BQ.1.1.28,210
2022-11,BQ.1.1.29,13
2022-11,BQ.1.1.3,907
2022-11,BQ.1.1.30,4
2022-11,BQ.1.1.31,36
2022-11,BQ.1.1.32,211
2022-11,BQ.1.1.35,7
2022-11,BQ.1.1.36,17
2022-11,BQ.1.1.4,974
2022-11,BQ.1.1.40,73
2022-11,BQ.1.1.41,194
2022-11,BQ.1.1.42,9
2022-11,BQ.1.1.43,23
2022-11,BQ.1.1.45,5
2022-11,BQ.1.1.46,3
2022-11,BQ.1.1.47,8
2022-11,BQ.1.1.48,4
2022-11,BQ.1.1.5,624
2022-11,BQ.1.1.51,172
2022-11,BQ.1.1.52,149
2022-11,BQ.1.1.54,40
2022-11,BQ.1.1.56,41
2022-11,BQ.1.1.57,61
2022-11,BQ.1.1.58,9
2022-11,BQ.1.1.6,287
2022-11,BQ.1.1.60,13
2022-11,BQ.1.1.61,7
2022-11,BQ.1.1.62,11
2022-11,BQ.1.1.63,5
2022-11,BQ.1.1.66,18
2022-11,BQ.1.1.67,127
2022-11,BQ.1.1.68,222
2022-11,BQ.1.1.69,424
2022-11,BQ.1.1.7,338
2022-11,BQ.1.1.70,4
2022-11,BQ.1.1.72,37
2022-11,BQ.1.1.76,45
2022-11,BQ.1.1.77,6
2022-11,BQ.1.1.8,497
2022-11,BQ.1.1.9,18
2022-11,BQ.1.10,852
2022-11,BQ.1.10.1,196
2022-11,BQ.1.10.2,27
2022-11,BQ.1.11,909
2022-11,BQ.1.11.1,12
2022-11,BQ.1.12,1402
2022-11,BQ.1.13,510
2022-11,BQ.1.13.1,130
2022-11,BQ.1.14,901
2022-11,BQ.1.15,365
2022-11,BQ.1.16,52
2022-11,BQ.1.17,20
2022-11,BQ.1.18,379
2022-11,BQ.1.19,4
2022-11,BQ.1.2,1150
2022-11,BQ.1.2.1,38
2022-11,BQ.1.2.3,246
2022-11,BQ.1.20,43
2022-11,BQ.1.21,40
2022-11,BQ.1.22,63
2022-11,BQ.1.23,478
2022-11,BQ.1.24,11
2022-11,BQ.1.25,86
2022-11,BQ.1.25.1,125
2022-11,BQ.1.26,43
2022-11,BQ.1.26.1,110
2022-11,BQ.1.27,34
2022-11,BQ.1.28,62
2022-11,BQ.1.29,21
2022-11,BQ.1.3,245
2022-11,BQ.1.3.1,189
2022-11,BQ.1.3.2,834
2022-11,BQ.1.31,20
2022-11,BQ.1.4,83
2022-11,BQ.1.5,635
2022-11,BQ.1.6,235
2022-11,BQ.1.7,39
2022-11,BQ.1.8,1045
2022-11,BQ.1.8.1,1
2022-11,BQ.1.8.2,144
2022-11,BQ.1.9,38
2022-11,BQ.2,29
2022-11,BR.1,92
2022-11,BR.1.2,41
2022-11,BR.2,11
2022-11,BR.2.1,73
2022-11,BR.4,7
2022-11,BR.5,3
2022-11,BS.1.1,22
2022-11,BT.2,18
2022-11,BU.1,136
2022-11,BU.2,16
2022-11,BU.3,45
2022-11,BV.1,13
2022-11,BV.2,9
2022-11,BW.1,56
2022-11,BW.1.1,63
2022-11,BW.1.1.1,39
2022-11,BW.1.1.2,9
2022-11,BW.1.2,3
2022-11,BY.1,65
2022-11,BY.1.1.1,17
2022-11,BY.1.2,8
2022-11,BZ.2,34
2022-11,CA.1,45
2022-11,CA.3,8
2022-11,CA.3.1,47
2022-11,CA.5,49
2022-11,CA.6,3
2022-11,CA.7,64
2022-11,CB.1,44
2022-11,CC.1,18
2022-11,CD.1,11
2022-11,CD.2,32
2022-11,CE.1,36
2022-11,CF.1,3
2022-11,CG.1,33
2022-11,CH.1.1,415
2022-11,CH.1.1.1,56
2022-11,CH.1.1.10,20
2022-11,CH.1.1.11,22
2022-11,CH.1.1.14,14
2022-11,CH.1.1.18,3
2022-11,CH.1.1.19,30
2022-11,CH.1.1.2,44
2022-11,CH.1.1.24,11
2022-11,CH.1.1.25,93
2022-11,CH.1.1.26,2
2022-11,CH.1.1.28,15
2022-11,CH.1.1.5,13
2022-11,CH.1.1.7,4
2022-11,CH.1.1.9,6
2022-11,CJ.1,6
2022-11,CJ.1.2,52
2022-11,CK.1,179
2022-11,CK.1.2,20
2022-11,CK.1.3,11
2022-11,CK.1.4,49
2022-11,CK.1.5,78
2022-11,CK.2,46
2022-11,CK.2.1,159
2022-11,CK.2.1.1,138
2022-11,CK.3,58
2022-11,CL.1,223
2022-11,CL.1.1,29
2022-11,CL.1.2,3
2022-11,CL.1.3,12
2022-11,CM.10,7
2022-11,CM.11,6
2022-11,CM.12,7
2022-11,CM.2,174
2022-11,CM.3,7
2022-11,CM.4,22
2022-11,CM.4.1,10
2022-11,CM.5,21
2022-11,CM.5.1,1
2022-11,CM.5.2,34
2022-11,CM.6,4
2022-11,CM.6.1,12
2022-11,CM.7,2
2022-11,CM.7.1,1
2022-11,CM.8.1,63
2022-11,CM.8.1.3,5
2022-11,CM.8.1.4,2
2022-11,CM.9,12
2022-11,CN.1,130
2022-11,CN.2,117
2022-11,CP.1,125
2022-11,CP.1.1,28
2022-11,CP.1.2,7
2022-11,CP.1.3,5
2022-11,CP.2,19
2022-11,CP.3,2
2022-11,CP.4,16
2022-11,CP.5,55
2022-11,CP.6,11
2022-11,CP.8,28
2022-11,CQ.1,32
2022-11,CQ.1.1,32
2022-11,CQ.2,232
2022-11,CR.1,70
2022-11,CR.1.1,198
2022-11,CR.2,9
2022-11,CT.1,14
2022-11,CV.1,44
2022-11,CV.2,5
2022-11,CY.1,12
2022-11,CY.2,2
2022-11,CZ.2,33
2022-11,DA.1,3
2022-11,DB.1,23
2022-11,DB.2,9
2022-11,DC.1,29
2022-11,DE.2,19
2022-11,DF.1,128
2022-11,DF.1.1,84
2022-11,DG.1,23
2022-11,DJ.1.1,23
2022-11,DJ.1.1.1,14
2022-11,DJ.1.2,2
2022-11,DJ.1.3,6
2022-11,DK.1,26
2022-11,DL.1,77
2022-11,DM.1,11
2022-11,DN.1,32
2022-11,DN.1.1,44
2022-11,DN.1.1.3,1
2022-11,DN.2,489
2022-11,DN.3,3
2022-11,DQ.1,45
2022-11,DR.1,16
2022-11,DR.2,11
2022-11,DS.2,18
2022-11,DS.3,231
2022-11,DT.1,3
2022-11,DT.2,20
2022-11,DT.3,2
2022-11,DU.1,4
2022-11,DV.2,3
2022-11,DV.3,33
2022-11,DV.6,42
2022-11,EA.1,4
2022-11,EA.2,10
2022-11,EB.1,57
2022-11,EC.1,18
2022-11,ED.1,7
2022-11,ED.2,109
2022-11,ED.3,18
2022-11,EE.1,114
2022-11,EE.2,67
2022-11,EE.3,16
2022-11,EE.4,5
2022-11,EE.5,51
2022-11,EF.1,120
2022-11,EF.1.1,88
2022-11,EF.1.2,12
2022-11,EF.2,78
2022-11,EJ.1,5
2022-11,EJ.2,26
2022-11,EQ.1,15
2022-11,ER.1,21
2022-11,EW.2,18
2022-11,FA.1,3
2022-11,FB.2,8
2022-11,FF.1,5
2022-11,GP.2,7
2022-11,XAS,1
2022-11,XAV,2
2022-11,XAY.1,4
2022-11,XAZ,27
2022-11,XBB,212
2022-11,XBB.1,1358
2022-11,XBB.1.1,65
2022-11,XBB.1.11,2
2022-11,XBB.1.13,4
2022-11,XBB.1.14,1
2022-11,XBB.1.15,274
2022-11,XBB.1.18,1
2022-11,XBB.1.20,1
2022-11,XBB.1.27,1
2022-11,XBB.1.3,3
2022-11,XBB.1.30,6
2022-11,XBB.1.32,3
2022-11,XBB.1.35,3
2022-11,XBB.1.37,5
2022-11,XBB.1.38,6
2022-11,XBB.1.4,10
2022-11,XBB.1.4.1,73
2022-11,XBB.1.45,8
2022-11,XBB.1.45.1,1
2022-11,XBB.1.5,213
2022-11,XBB.1.5.11,5
2022-11,XBB.1.5.13,6
2022-11,XBB.1.5.14,5
2022-11,XBB.1.5.15,3
2022-11,XBB.1.5.17,2
2022-11,XBB.1.5.19,3
2022-11,XBB.1.5.32,4
2022-11,XBB.1.5.33,2
2022-11,XBB.1.5.34,2
2022-11,XBB.1.5.36,1
2022-11,XBB.1.5.52,2
2022-11,XBB.1.5.67,3
2022-11,XBB.1.5.7,4
2022-11,XBB.1.5.9,1
2022-11,XBB.1.6,35
2022-11,XBB.1.7,7
2022-11,XBB.1.9,34
2022-11,XBB.1.9.4,10
2022-11,XBB.2,249
2022-11,XBB.2.1,24
2022-11,XBB.2.11,6
2022-11,XBB.2.11.1,72
2022-11,XBB.2.2,4
2022-11,XBB.2.5,16
2022-11,XBB.2.6,186
2022-11,XBB.2.6.2,1
2022-11,XBB.2.7,9
2022-11,XBB.2.8,16
2022-11,XBB.3,47
2022-11,XBB.3.1,5
2022-11,XBB.3.2,54
2022-11,XBB.3.3,20
2022-11,XBB.4,12
2022-11,XBB.4.1,1
2022-11,XBB.6,8
2022-11,XBB.6.1,5
2022-11,XBB.8,19
2022-11,XBB.9,14
2022-11,XBC.1,20
2022-11,XBC.1.3,2
2022-11,XBC.1.5,1
2022-11,XBD,56
2022-11,XBE,60
2022-11,XBF,38
2022-11,XBF.3,1
2022-11,XBF.7,1
2022-11,XBF.9,2
2022-11,XBG,38
2022-11,XBH,3
2022-11,XBJ,10
2022-11,XBJ.1,2
2022-11,XBJ.2,5
2022-11,XBK,37
2022-11,XBM,16
2022-11,XBN,6
2022-11,XBP,6
2022-11,XBU,2
2022-11,XBV,3
2022-11,XBZ,43
2022-11,XCG,4
2022-11,unclassifiable,887
2022-11,B.1.351,2
2022-11,BA.2.75.1,8
2022-11,BA.2.75.3,7
2022-11,BA.2.9,1
2022-11,BA.4.1.11,21
2022-11,BA.5.2.41,1
2022-11,BE.1.3,2
2022-11,BF.7.2,29
2022-11,BL.5,8
2022-11,BM.1.1.4,1
2022-11,BN.1.4.4,261
2022-11,BN.1.6,2
2022-11,BR.3,8
2022-11,CH.1.1.12,1
2022-11,CH.3,1
2022-11,CJ.1.3,1
2022-11,CJ.1.3.2,1
2022-11,CM.1,1
2022-11,CM.8,2
2022-11,CR.1.3,11
2022-11,EF.1.3,3
2022-11,EF.3,4
2022-11,FA.2,19
2022-11,XAY.2,59
2022-11,XAY.2.1,17
2022-11,XAY.2.2,5
2022-11,XAY.2.3,4
2022-11,XBB.1.17,1
2022-11,XBB.1.39,2
2022-11,XBB.1.8,6
2022-11,XBC.1.2.1,19
2022-11,B.1,2
2022-11,BA.1.17,1
2022-11,BA.1.17.2,5
2022-11,BA.2.10.1,2
2022-11,BA.2.23,1
2022-11,BA.2.56,3
2022-11,BA.2.75.7,3
2022-11,BA.5.2.46,1
2022-11,BA.5.2.48,31
2022-11,BF.18,2
2022-11,BF.7.13.1,3
2022-11,BF.7.9,1
2022-11,BM.1.1.5,1
2022-11,BN.1.2.4,3
2022-11,BN.2,1
2022-11,BQ.1.1.12,1
2022-11,BQ.1.1.34,3
2022-11,BQ.1.1.39,1
2022-11,BQ.1.1.49,2
2022-11,BQ.1.1.74,1
2022-11,BQ.1.26.2,1
2022-11,BS.1,1
2022-11,BT.1,3
2022-11,BY.1.1,1
2022-11,CH.1.1.4,2
2022-11,CH.1.1.6,2
2022-11,CM.2.1,1
2022-11,DV.1,1
2022-11,DV.1.1,2
2022-11,DY.3,1064
2022-11,EP.2,2
2022-11,XAY.1.2,3
2022-11,XBB.1.5.46,2
2022-11,XBJ.3,6
2022-11,XBK.1,2
2022-11,XBQ,3
2022-11,XBT,2
2022-11,B.1.1,1
2022-11,B.1.1.7,1
2022-11,BA.1,1
2022-11,BA.2.13,1
2022-11,BA.2.21,2
2022-11,BA.2.37,1
2022-11,BA.5.2.55,2
2022-11,BE.13,2
2022-11,BF.38.3,1
2022-11,BF.7.14,60
2022-11,BF.7.14.1,3
2022-11,BF.7.14.3,2
2022-11,BF.7.14.4,9
2022-11,BF.7.14.5,10
2022-11,BF.7.14.6,47
2022-11,BL.1.5,2
2022-11,BQ.1.1.38,1
2022-11,BQ.1.1.53,2
2022-11,BQ.1.1.59,1
2022-11,BQ.1.1.64,1
2022-11,CA.2,1
2022-11,CH.1.1.8,17
2022-11,CJ.1.1,1
2022-11,DP.1,1
2022-11,DV.3.1,1
2022-11,DY.1,112
2022-11,DY.1.1,5
2022-11,DY.2,105
2022-11,DY.4,135
2022-11,ES.1,5
2022-11,FD.2,1
2022-11,GC.2,1
2022-11,XBB.1.29,1
2022-11,XBB.1.43,1
2022-11,XBB.1.5.16,1
2022-11,XBB.1.5.18,1
2022-11,XBB.1.5.21,1
2022-11,XBB.1.5.31,1
2022-11,XBB.1.5.37,1
2022-12,AY.44,1
2022-12,B,1
2022-12,BA.1.1,30
2022-12,BA.1.17.2,1
2022-12,BA.2,85
2022-12,BA.2.1,2
2022-12,BA.2.10.1,4
2022-12,BA.2.12.1,5
2022-12,BA.2.3.20,244
2022-12,BA.2.75,33
2022-12,BA.2.75.2,84
2022-12,BA.2.75.5,77
2022-12,BA.4,56
2022-12,BA.4.1,21
2022-12,BA.4.1.8,39
2022-12,BA.4.1.9,12
2022-12,BA.4.4,4
2022-12,BA.4.6,761
2022-12,BA.4.6.1,35
2022-12,BA.4.6.2,4
2022-12,BA.4.6.3,126
2022-12,BA.4.6.4,11
2022-12,BA.4.6.5,63
2022-12,BA.4.7,2
2022-12,BA.5,294
2022-12,BA.5.1,1025
2022-12,BA.5.1.1,37
2022-12,BA.5.1.10,145
2022-12,BA.5.1.12,111
2022-12,BA.5.1.18,233
2022-12,BA.5.1.2,17
2022-12,BA.5.1.21,6
2022-12,BA.5.1.22,108
2022-12,BA.5.1.23,80
2022-12,BA.5.1.24,64
2022-12,BA.5.1.25,34
2022-12,BA.5.1.27,540
2022-12,BA.5.1.28,37
2022-12,BA.5.1.3,52
2022-12,BA.5.1.30,64
2022-12,BA.5.1.32,5
2022-12,BA.5.1.33,84
2022-12,BA.5.1.35,4
2022-12,BA.5.1.37,12
2022-12,BA.5.1.4,1
2022-12,BA.5.1.5,230
2022-12,BA.5.1.6,42
2022-12,BA.5.1.7,17
2022-12,BA.5.10.1,4
2022-12,BA.5.11,1097
2022-12,BA.5.12,57
2022-12,BA.5.2,1678
2022-12,BA.5.2.1,1621
2022-12,BA.5.2.12,14
2022-12,BA.5.2.13,395
2022-12,BA.5.2.14,39
2022-12,BA.5.2.16,3
2022-12,BA.5.2.18,83
2022-12,BA.5.2.19,48
2022-12,BA.5.2.20,282
2022-12,BA.5.2.21,73
2022-12,BA.5.2.22,33
2022-12,BA.5.2.23,177
2022-12,BA.5.2.24,12
2022-12,BA.5.2.25,67
2022-12,BA.5.2.26,52
2022-12,BA.5.2.27,23
2022-12,BA.5.2.28,59
2022-12,BA.5.2.3,47
2022-12,BA.5.2.31,31
2022-12,BA.5.2.32,13
2022-12,BA.5.2.33,17
2022-12,BA.5.2.34,607
2022-12,BA.5.2.35,565
2022-12,BA.5.2.36,28
2022-12,BA.5.2.37,4
2022-12,BA.5.2.39,17
2022-12,BA.5.2.47,57
2022-12,BA.5.2.48,69
2022-12,BA.5.2.52,59
2022-12,BA.5.2.53,44
2022-12,BA.5.2.54,24
2022-12,BA.5.2.56,33
2022-12,BA.5.2.57,95
2022-12,BA.5.2.58,71
2022-12,BA.5.2.59,77
2022-12,BA.5.2.6,1143
2022-12,BA.5.2.60,17
2022-12,BA.5.2.62,26
2022-12,BA.5.2.63,4
2022-12,BA.5.2.7,64
2022-12,BA.5.2.8,28
2022-12,BA.5.2.9,259
2022-12,BA.5.3,5
2022-12,BA.5.3.1,128
2022-12,BA.5.3.3,22
2022-12,BA.5.3.5,122
2022-12,BA.5.5,44
2022-12,BA.5.5.1,86
2022-12,BA.5.5.2,4
2022-12,BA.5.6,75
2022-12,BA.5.6.1,3
2022-12,BA.5.6.2,26
2022-12,BA.5.6.3,17
2022-12,BA.5.9,332
2022-12,BE.1,52
2022-12,BE.1.1,169
2022-12,BE.1.1.1,215
2022-12,BE.1.1.2,43
2022-12,BE.1.2,64
2022-12,BE.1.2.1,211
2022-12,BE.1.4,8
2022-12,BE.1.4.1,2
2022-12,BE.1.4.2,81
2022-12,BE.10,110
2022-12,BE.13,8
2022-12,BE.3,5
2022-12,BE.4,6
2022-12,BE.4.1,50
2022-12,BE.4.1.1,59
2022-12,BE.4.2,72
2022-12,BE.6,19
2022-12,BE.7,46
2022-12,BE.9,151
2022-12,BF.10,282
2022-12,BF.10.1,27
2022-12,BF.11,739
2022-12,BF.11.1,53
2022-12,BF.11.2,284
2022-12,BF.11.3,22
2022-12,BF.11.4,44
2022-12,BF.13,115
2022-12,BF.14,541
2022-12,BF.16,16
2022-12,BF.21,18
2022-12,BF.22,3
2022-12,BF.23,2
2022-12,BF.24,22
2022-12,BF.25,46
2022-12,BF.26,413
2022-12,BF.27,35
2022-12,BF.28,16
2022-12,BF.3,3
2022-12,BF.30,10
2022-12,BF.31.1,24
2022-12,BF.32,84
2022-12,BF.36,12
2022-12,BF.39,25
2022-12,BF.39.1,4
2022-12,BF.4,50
2022-12,BF.40,9
2022-12,BF.41,5
2022-12,BF.41.1,6
2022-12,BF.5,452
2022-12,BF.5.1,8
2022-12,BF.6,3
2022-12,BF.7,3577
2022-12,BF.7.11,27
2022-12,BF.7.12,16
2022-12,BF.7.13.2,21
2022-12,BF.7.16,26
2022-12,BF.7.17,19
2022-12,BF.7.19,113
2022-12,BF.7.19.1,9
2022-12,BF.7.20,118
2022-12,BF.7.21,151
2022-12,BF.7.22,190
2022-12,BF.7.23,78
2022-12,BF.7.24,116
2022-12,BF.7.26,19
2022-12,BF.7.27,43
2022-12,BF.7.3,35
2022-12,BF.7.4,532
2022-12,BF.7.4.1,526
2022-12,BF.7.4.2,25
2022-12,BF.7.5,474
2022-12,BF.7.5.1,49
2022-12,BF.7.6,289
2022-12,BF.7.7,82
2022-12,BF.7.8,27
2022-12,BF.8,7
2022-12,BK.1,49
2022-12,BL.1,22
2022-12,BL.1.4,3
2022-12,BL.1.5,3
2022-12,BL.2,8
2022-12,BL.6,4
2022-12,BM.1.1,9
2022-12,BM.1.1.1,1
2022-12,BM.1.1.3,88
2022-12,BM.1.1.4,7
2022-12,BM.1.1.5,18
2022-12,BM.2,4
2022-12,BM.4.1.1,25
2022-12,BN.1,870
2022-12,BN.1.1,55
2022-12,BN.1.1.1,32
2022-12,BN.1.10,27
2022-12,BN.1.2,718
2022-12,BN.1.2.1,272
2022-12,BN.1.2.2,40
2022-12,BN.1.2.3,103
2022-12,BN.1.2.4,42
2022-12,BN.1.2.5,3
2022-12,BN.1.2.6,11
2022-12,BN.1.2.8,1
2022-12,BN.1.3,1288
2022-12,BN.1.3.1,1278
2022-12,BN.1.3.12,35
2022-12,BN.1.3.3,36
2022-12,BN.1.3.4,8
2022-12,BN.1.3.5,78
2022-12,BN.1.3.6,137
2022-12,BN.1.3.7,52
2022-12,BN.1.3.8,10
2022-12,BN.1.4,235
2022-12,BN.1.4.1,74
2022-12,BN.1.4.2,43
2022-12,BN.1.4.3,68
2022-12,BN.1.4.5,44
2022-12,BN.1.5,1011
2022-12,BN.1.5.2,31
2022-12,BN.1.7,269
2022-12,BN.1.8,8
2022-12,BN.1.9,57
2022-12,BN.3.1,147
2022-12,BQ.1,8980
2022-12,BQ.1.1,25534
2022-12,BQ.1.1.1,890
2022-12,BQ.1.1.10,472
2022-12,BQ.1.1.11,106
2022-12,BQ.1.1.12,7
2022-12,BQ.1.1.13,216
2022-12,BQ.1.1.14,7
2022-12,BQ.1.1.15,409
2022-12,BQ.1.1.16,38
2022-12,BQ.1.1.17,54
2022-12,BQ.1.1.18,1191
2022-12,BQ.1.1.19,173
2022-12,BQ.1.1.2,871
2022-12,BQ.1.1.21,32
2022-12,BQ.1.1.22,387
2022-12,BQ.1.1.23,365
2022-12,BQ.1.1.24,517
2022-12,BQ.1.1.25,27
2022-12,BQ.1.1.26,69
2022-12,BQ.1.1.27,123
2022-12,BQ.1.1.28,380
2022-12,BQ.1.1.29,80
2022-12,BQ.1.1.3,1414
2022-12,BQ.1.1.30,11
2022-12,BQ.1.1.31,203
2022-12,BQ.1.1.32,710
2022-12,BQ.1.1.34,41
2022-12,BQ.1.1.35,100
2022-12,BQ.1.1.36,59
2022-12,BQ.1.1.37,15
2022-12,BQ.1.1.38,10
2022-12,BQ.1.1.4,2125
2022-12,BQ.1.1.40,173
2022-12,BQ.1.1.41,407
2022-12,BQ.1.1.42,82
2022-12,BQ.1.1.43,83
2022-12,BQ.1.1.44,27
2022-12,BQ.1.1.46,26
2022-12,BQ.1.1.47,50
2022-12,BQ.1.1.48,28
2022-12,BQ.1.1.49,62
2022-12,BQ.1.1.5,1040
2022-12,BQ.1.1.51,444
2022-12,BQ.1.1.52,264
2022-12,BQ.1.1.53,18
2022-12,BQ.1.1.54,161
2022-12,BQ.1.1.56,100
2022-12,BQ.1.1.57,193
2022-12,BQ.1.1.58,74
2022-12,BQ.1.1.6,387
2022-12,BQ.1.1.60,36
2022-12,BQ.1.1.61,16
2022-12,BQ.1.1.62,20
2022-12,BQ.1.1.63,54
2022-12,BQ.1.1.65,48
2022-12,BQ.1.1.66,77
2022-12,BQ.1.1.67,251
2022-12,BQ.1.1.68,415
2022-12,BQ.1.1.69,789
2022-12,BQ.1.1.7,639
2022-12,BQ.1.1.70,10
2022-12,BQ.1.1.72,104
2022-12,BQ.1.1.74,11
2022-12,BQ.1.1.76,128
2022-12,BQ.1.1.77,20
2022-12,BQ.1.1.8,898
2022-12,BQ.1.1.9,17
2022-12,BQ.1.10,1147
2022-12,BQ.1.10.1,312
2022-12,BQ.1.10.2,59
2022-12,BQ.1.10.3,11
2022-12,BQ.1.11,1060
2022-12,BQ.1.11.1,11
2022-12,BQ.1.12,1433
2022-12,BQ.1.13,595
2022-12,BQ.1.13.1,492
2022-12,BQ.1.14,1046
2022-12,BQ.1.15,338
2022-12,BQ.1.16,59
2022-12,BQ.1.17,12
2022-12,BQ.1.18,957
2022-12,BQ.1.2,1915
2022-12,BQ.1.2.1,67
2022-12,BQ.1.2.3,261
2022-12,BQ.1.20,46
2022-12,BQ.1.21,128
2022-12,BQ.1.22,122
2022-12,BQ.1.23,795
2022-12,BQ.1.24,13
2022-12,BQ.1.25,372
2022-12,BQ.1.25.1,326
2022-12,BQ.1.26,77
2022-12,BQ.1.27,66
2022-12,BQ.1.28,254
2022-12,BQ.1.29,30
2022-12,BQ.1.3,308
2022-12,BQ.1.3.1,306
2022-12,BQ.1.3.2,911
2022-12,BQ.1.31,96
2022-12,BQ.1.4,115
2022-12,BQ.1.5,704
2022-12,BQ.1.6,202
2022-12,BQ.1.7,27
2022-12,BQ.1.8,1412
2022-12,BQ.1.8.1,2
2022-12,BQ.1.8.2,312
2022-12,BQ.1.9,43
2022-12,BQ.2,20
2022-12,BR.1,67
2022-12,BR.1.2,73
2022-12,BR.2,41
2022-12,BR.2.1,267
2022-12,BR.3,12
2022-12,BR.4,4
2022-12,BR.5,10
2022-12,BR.5.1,3
2022-12,BS.1.1,2
2022-12,BT.2,2
2022-12,BU.1,178
2022-12,BU.2,5
2022-12,BU.3,52
2022-12,BV.2,5
2022-12,BW.1,84
2022-12,BW.1.1,155
2022-12,BW.1.1.1,91
2022-12,BW.1.1.2,60
2022-12,BY.1,52
2022-12,BY.1.1.1,14
2022-12,BZ.2,28
2022-12,CA.1,28
2022-12,CA.3.1,86
2022-12,CA.5,21
2022-12,CA.7,117
2022-12,CB.1,35
2022-12,CC.1,13
2022-12,CD.1,4
2022-12,CD.2,3
2022-12,CE.1,20
2022-12,CH.1.1,2604
2022-12,CH.1.1.1,595
2022-12,CH.1.1.10,70
2022-12,CH.1.1.11,104
2022-12,CH.1.1.13,95
2022-12,CH.1.1.14,22
2022-12,CH.1.1.18,41
2022-12,CH.1.1.19,241
2022-12,CH.1.1.2,430
2022-12,CH.1.1.24,41
2022-12,CH.1.1.25,199
2022-12,CH.1.1.27,8
2022-12,CH.1.1.28,90
2022-12,CH.1.1.5,136
2022-12,CH.1.1.6,58
2022-12,CH.1.1.7,12
2022-12,CH.1.1.8,39
2022-12,CH.1.1.9,64
2022-12,CJ.1.2,156
2022-12,CK.1,222
2022-12,CK.1.2,16
2022-12,CK.1.3,54
2022-12,CK.1.4,126
2022-12,CK.1.5,107
2022-12,CK.2,45
2022-12,CK.2.1,216
2022-12,CK.2.1.1,145
2022-12,CK.3,85
2022-12,CL.1,406
2022-12,CL.1.3,29
2022-12,CM.10,20
2022-12,CM.11,9
2022-12,CM.12,5
2022-12,CM.2,96
2022-12,CM.3,6
2022-12,CM.4,30
2022-12,CM.4.1,5
2022-12,CM.5,14
2022-12,CM.5.2,22
2022-12,CM.6.1,3
2022-12,CM.8.1,138
2022-12,CM.8.1.3,17
2022-12,CM.8.1.4,13
2022-12,CM.9,9
2022-12,CN.1,117
2022-12,CN.2,76
2022-12,CP.1,101
2022-12,CP.1.1,33
2022-12,CP.1.2,11
2022-12,CP.2,7
2022-12,CP.4,9
2022-12,CP.5,21
2022-12,CP.6,1
2022-12,CP.8,41
2022-12,CQ.1,41
2022-12,CQ.1.1,34
2022-12,CQ.2,256
2022-12,CR.1,94
2022-12,CR.1.1,191
2022-12,CR.1.3,29
2022-12,CT.1,11
2022-12,CV.1,96
2022-12,CV.2,4
2022-12,CY.1,14
2022-12,CZ.2,62
2022-12,DB.1,61
2022-12,DB.2,8
2022-12,DC.1,19
2022-12,DE.2,17
2022-12,DF.1,138
2022-12,DF.1.1,165
2022-12,DG.1,42
2022-12,DJ.1.1,36
2022-12,DJ.1.1.1,24
2022-12,DJ.1.2,2
2022-12,DJ.1.3,2
2022-12,DK.1,56
2022-12,DL.1,66
2022-12,DM.1,18
2022-12,DN.1,173
2022-12,DN.1.1,275
2022-12,DN.1.1.3,49
2022-12,DN.2,658
2022-12,DN.3,6
2022-12,DP.1,17
2022-12,DQ.1,58
2022-12,DR.1,75
2022-12,DR.2,45
2022-12,DS.1,4
2022-12,DS.2,65
2022-12,DS.3,399
2022-12,DT.1,37
2022-12,DT.2,195
2022-12,DT.3,27
2022-12,DU.1,161
2022-12,DV.3,169
2022-12,DV.6,610
2022-12,DY.2,47
2022-12,EA.2,7
2022-12,EB.1,59
2022-12,EC.1,110
2022-12,EC.1.1,48
2022-12,ED.2,181
2022-12,ED.3,53
2022-12,EE.1,179
2022-12,EE.2,168
2022-12,EE.3,39
2022-12,EE.4,24
2022-12,EE.5,83
2022-12,EF.1,432
2022-12,EF.1.1,502
2022-12,EF.1.2,89
2022-12,EF.1.3,15
2022-12,EF.2,384
2022-12,EH.1,2
2022-12,EJ.1,14
2022-12,EJ.2,38
2022-12,EK.4,1
2022-12,ER.1,60
2022-12,ER.1.1,8
2022-12,ET.1,28
2022-12,EW.2,43
2022-12,FA.1,11
2022-12,FB.2,12
2022-12,FC.1,6
2022-12,FD.2,47
2022-12,FD.4,17
2022-12,FF.1,39
2022-12,FM.1,30
2022-12,FR.2,1
2022-12,GP.2,62
2022-12,GP.3,17
2022-12,HJ.1,2
2022-12,XAY.1,11
2022-12,XAY.3,1
2022-12,XAZ,10
2022-12,XBB,355
2022-12,XBB.1,2167
2022-12,XBB.1.1,71
2022-12,XBB.1.10,5
2022-12,XBB.1.11,8
2022-12,XBB.1.13,28
2022-12,XBB.1.14,1
2022-12,XBB.1.15,861
2022-12,XBB.1.17,2
2022-12,XBB.1.18,11
2022-12,XBB.1.3,6
2022-12,XBB.1.30,14
2022-12,XBB.1.32,35
2022-12,XBB.1.35,6
2022-12,XBB.1.4,29
2022-12,XBB.1.4.1,209
2022-12,XBB.1.43,1
2022-12,XBB.1.45,5
2022-12,XBB.1.45.1,7
2022-12,XBB.1.5,3130
2022-12,XBB.1.5.1,18
2022-12,XBB.1.5.107,11
2022-12,XBB.1.5.11,59
2022-12,XBB.1.5.13,134
2022-12,XBB.1.5.14,24
2022-12,XBB.1.5.15,96
2022-12,XBB.1.5.16,33
2022-12,XBB.1.5.17,51
2022-12,XBB.1.5.18,31
2022-12,XBB.1.5.19,43
2022-12,XBB.1.5.2,14
2022-12,XBB.1.5.20,48
2022-12,XBB.1.5.21,37
2022-12,XBB.1.5.24,3
2022-12,XBB.1.5.26,3
2022-12,XBB.1.5.3,13
2022-12,XBB.1.5.31,58
2022-12,XBB.1.5.32,35
2022-12,XBB.1.5.33,34
2022-12,XBB.1.5.34,38
2022-12,XBB.1.5.35,8
2022-12,XBB.1.5.39,5
2022-12,XBB.1.5.4,13
2022-12,XBB.1.5.48,35
2022-12,XBB.1.5.5,6
2022-12,XBB.1.5.52,39
2022-12,XBB.1.5.55,10
2022-12,XBB.1.5.56,4
2022-12,XBB.1.5.6,9
2022-12,XBB.1.5.61,5
2022-12,XBB.1.5.64,5
2022-12,XBB.1.5.66,13
2022-12,XBB.1.5.67,22
2022-12,XBB.1.5.69,5
2022-12,XBB.1.5.7,94
2022-12,XBB.1.5.75,2
2022-12,XBB.1.5.8,13
2022-12,XBB.1.5.9,11
2022-12,XBB.1.5.91,3
2022-12,XBB.1.6,25
2022-12,XBB.1.7,12
2022-12,XBB.1.9,91
2022-12,XBB.1.9.4,39
2022-12,XBB.2,330
2022-12,XBB.2.10,9
2022-12,XBB.2.11,6
2022-12,XBB.2.11.1,95
2022-12,XBB.2.2,20
2022-12,XBB.2.3,5
2022-12,XBB.2.5,70
2022-12,XBB.2.6,230
2022-12,XBB.2.6.2,4
2022-12,XBB.2.7,12
2022-12,XBB.2.8,37
2022-12,XBB.3,60
2022-12,XBB.3.1,16
2022-12,XBB.3.2,50
2022-12,XBB.3.3,12
2022-12,XBB.4,21
2022-12,XBB.6,16
2022-12,XBB.6.1,27
2022-12,XBB.8,14
2022-12,XBB.9,18
2022-12,XBC.1,44
2022-12,XBC.1.1,2
2022-12,XBC.1.3,5
2022-12,XBD,42
2022-12,XBE,26
2022-12,XBF,306
2022-12,XBF.4,26
2022-12,XBF.9,21
2022-12,XBG,18
2022-12,XBH,2
2022-12,XBJ,3
2022-12,XBK,109
2022-12,XBM,19
2022-12,XBN,4
2022-12,XBP,21
2022-12,XBQ,30
2022-12,XBV,3
2022-12,XCG,13
2022-12,unclassifiable,973
2022-12,B.1.1.25,2
2022-12,B.1.1.529,3
2022-12,BA.1.15,2
2022-12,BA.2.3,5
2022-12,BA.2.75.3,5
2022-12,BA.4.1.11,64
2022-12,BA.5.1.17,4
2022-12,BA.5.1.19,5
2022-12,BA.5.1.26,15
2022-12,BA.5.1.34,650
2022-12,BA.5.2.2,1
2022-12,BA.5.2.43,12
2022-12,BE.8,22
2022-12,BF.11.5,26
2022-12,BF.7.1,47
2022-12,BF.7.10,32
2022-12,BF.7.14,103
2022-12,BF.7.14.6,7
2022-12,BF.7.2,13
2022-12,BM.2.1,7
2022-12,BN.1.4.4,532
2022-12,BN.3,3
2022-12,BQ.1.1.20,2299
2022-12,BQ.1.1.45,67
2022-12,BQ.1.1.59,36
2022-12,BQ.1.26.1,108
2022-12,BQ.1.26.2,11
2022-12,BQ.1.33,7
2022-12,CG.1,17
2022-12,CH.1.1.12,42
2022-12,CH.1.1.17,12
2022-12,CL.1.1,114
2022-12,CM.7.1,4
2022-12,DY.1,28
2022-12,EF.3,9
2022-12,EG.5.1.1,1
2022-12,EG.5.1.8,1
2022-12,EG.5.2.1,1
2022-12,EM.1,15
2022-12,EQ.1,9
2022-12,FA.2,34
2022-12,FS.1,1
2022-12,GV.1,1
2022-12,JG.3.2,1
2022-12,XAY.1.1,5
2022-12,XAY.2,147
2022-12,XAY.2.1,76
2022-12,XAY.2.2,58
2022-12,XAY.2.3,32
2022-12,XBB.1.16.11,1
2022-12,XBB.1.29,4
2022-12,XBB.1.37,4
2022-12,XBB.1.5.110,1
2022-12,XBB.1.5.46,5
2022-12,XBB.1.5.47,10
2022-12,XBB.1.5.51,15
2022-12,XBB.1.5.63,1
2022-12,XBB.1.5.95,10
2022-12,XBB.1.8,31
2022-12,XBB.1.9.1,3
2022-12,XBB.1.9.3,5
2022-12,XBB.2.1,9
2022-12,XBB.2.4,4
2022-12,XBC.1.2.1,119
2022-12,XBF.1,3
2022-12,XBK.1,20
2022-12,XBT,45
2022-12,XBZ,141
2022-12,BA.2.3.22,8
2022-12,BA.2.75.4,1
2022-12,BA.2.75.7,8
2022-12,BA.2.75.9,1
2022-12,BA.2.9,3
2022-12,BA.4.1.10,2
2022-12,BA.5.1.31,5
2022-12,BA.5.1.38,5
2022-12,BA.5.10,3
2022-12,BA.5.2.30,2
2022-12,BA.5.2.41,2
2022-12,BA.5.2.44,4
2022-12,BA.5.2.46,1
2022-12,BA.5.2.61,6
2022-12,BA.5.6.4,2
2022-12,BA.5.7,1
2022-12,BE.1.3,3
2022-12,BF.15,6
2022-12,BF.18,1
2022-12,BF.19,1
2022-12,BF.2,13
2022-12,BF.34,10
2022-12,BF.38,2
2022-12,BF.5.5,4
2022-12,BF.7.14.3,4
2022-12,BF.7.14.5,7
2022-12,BF.7.18,1
2022-12,BF.7.9,8
2022-12,BM.4.1,2
2022-12,BN.1.11,3
2022-12,BN.1.3.2,3
2022-12,BN.1.5.1,1
2022-12,BN.1.6,3
2022-12,BN.2,1
2022-12,BQ.1.1.39,33
2022-12,BQ.1.1.55,9
2022-12,BQ.1.1.64,2
2022-12,BV.1,1
2022-12,BY.1.1,1
2022-12,CH.1.1.15,1
2022-12,CH.1.1.16,2
2022-12,CH.1.1.21,12
2022-12,CH.1.1.26,10
2022-12,CH.1.1.3,10
2022-12,CJ.1,9
2022-12,CJ.1.1,1
2022-12,CJ.1.3,1
2022-12,CL.1.2,2
2022-12,CM.1,8
2022-12,CM.7,2
2022-12,CM.8,1
2022-12,CM.8.1.2,2
2022-12,CP.3,4
2022-12,DN.1.1.1,14
2022-12,DN.1.1.2,7
2022-12,DN.1.1.4,5
2022-12,DN.3.1,17
2022-12,DV.1,18
2022-12,DV.1.1,73
2022-12,DV.2,51
2022-12,DV.3.1,11
2022-12,DY.3,348
2022-12,EA.1,27
2022-12,EL.1,3
2022-12,EN.1,8
2022-12,EP.2,3
2022-12,FJ.1,38
2022-12,FL.3,4
2022-12,FM.2,1
2022-12,GD.2,2
2022-12,XAY.1.1.3,2
2022-12,XAY.1.2,2
2022-12,XBB.1.12,1
2022-12,XBB.1.19,5
2022-12,XBB.1.28,3
2022-12,XBB.1.39,1
2022-12,XBB.1.5.12,4
2022-12,XBB.1.5.57,4
2022-12,XBB.1.5.62,8
2022-12,XBB.1.5.77,2
2022-12,XBC.1.2,1
2022-12,XBF.3,23
2022-12,XBF.6,6
2022-12,XBF.7,5
2022-12,XBF.7.1,2
2022-12,XBJ.2,10
2022-12,XBJ.3,9
2022-12,XBR,9
2022-12,XBS,6
2022-12,A,1
2022-12,AY.103,1
2022-12,AY.113,2
2022-12,AY.25.1,1
2022-12,AY.3,1
2022-12,B.1,2
2022-12,B.1.617.2,2
2022-12,BA.1,8
2022-12,BA.1.1.1,2
2022-12,BA.1.1.18,4
2022-12,BA.1.15.2,1
2022-12,BA.1.18,3
2022-12,BA.2.76,1
2022-12,BA.4.2,1
2022-12,BA.5.1.36,4
2022-12,BA.5.2.38,2
2022-12,BA.5.2.4,1
2022-12,BA.5.2.49,10
2022-12,BA.5.2.55,2
2022-12,BA.5.5.3,4
2022-12,BA.5.8,1
2022-12,BE.11,1
2022-12,BE.2,3
2022-12,BF.29,1
2022-12,BF.31,3
2022-12,BF.35,2
2022-12,BF.37,3
2022-12,BF.5.2,3
2022-12,BF.5.4,2
2022-12,BF.7.14.1,7
2022-12,BF.7.14.2,2
2022-12,BF.7.14.4,5
2022-12,BF.7.15,32
2022-12,BF.7.4.3,1
2022-12,BG.2,3
2022-12,BN.1.3.11,1
2022-12,BN.1.3.9,5
2022-12,BN.2.1,2
2022-12,BN.4,1
2022-12,BQ.1.1.71,1
2022-12,BQ.1.15.2,1
2022-12,BQ.1.19,1
2022-12,BQ.1.30,2
2022-12,BQ.1.32,2
2022-12,BW.1.2,2
2022-12,BY.1.2,1
2022-12,CF.1,1
2022-12,CH.3.1,4
2022-12,CJ.1.3.2,1
2022-12,CM.5.1,1
2022-12,CP.1.3,1
2022-12,CR.2,2
2022-12,CY.2,3
2022-12,DW.1,1
2022-12,DY.4,33
2022-12,DZ.1,1
2022-12,ED.1,10
2022-12,EK.3,4
2022-12,ES.1,1
2022-12,EY.1,2
2022-12,FD.1,1
2022-12,FD.1.1,1
2022-12,FL.10,1
2022-12,FL.13,1
2022-12,FN.1,2
2022-12,FZ.1,1
2022-12,HT.1,1
2022-12,JN.1.4,1
2022-12,XAS,1
2022-12,XAY.1.1.1,1
2022-12,XBB.1.25,1
2022-12,XBB.1.38,3
2022-12,XBB.1.46,2
2022-12,XBB.1.47,1
2022-12,XBB.1.5.10,1
2022-12,XBB.1.5.104,1
2022-12,XBB.1.5.28,1
2022-12,XBB.1.5.30,7
2022-12,XBB.1.5.36,2
2022-12,XBB.1.5.41,1
2022-12,XBB.1.5.49,4
2022-12,XBB.1.5.73,2
2022-12,XBB.1.5.79,2
2022-12,XBB.1.5.80,3
2022-12,XBB.1.5.96,4
2022-12,XBB.2.12,1
2022-12,XBB.3.5,3
2022-12,XBB.5,3
2022-12,XBB.7,1
2022-12,XBC.1.1.1,1
2022-12,XBC.1.5,1
2022-12,XBF.10,1
2022-12,XBF.2,1
2022-12,XBF.5,4
2022-12,XBJ.1,2
2022-12,XBW,1
2023-01,AY.9.2.2,1
2023-01,B.1.1.529,22
2023-01,BA.2.3.20,75
2023-01,BA.2.75.7,1
2023-01,BA.4,11
2023-01,BA.4.1.11,41
2023-01,BA.4.6,151
2023-01,BA.4.6.3,48
2023-01,BA.5,90
2023-01,BA.5.1,223
2023-01,BA.5.1.10,39
2023-01,BA.5.1.22,34
2023-01,BA.5.1.23,15
2023-01,BA.5.1.26,27
2023-01,BA.5.1.34,181
2023-01,BA.5.1.5,51
2023-01,BA.5.11,393
2023-01,BA.5.12,38
2023-01,BA.5.2,352
2023-01,BA.5.2.1,351
2023-01,BA.5.2.14,19
2023-01,BA.5.2.21,12
2023-01,BA.5.2.23,40
2023-01,BA.5.2.34,211
2023-01,BA.5.2.45,2
2023-01,BA.5.2.47,20
2023-01,BA.5.2.56,8
2023-01,BA.5.2.6,375
2023-01,BA.5.2.61,5
2023-01,BA.5.3.1,61
2023-01,BA.5.3.3,2
2023-01,BE.1.2.1,45
2023-01,BE.1.4.2,21
2023-01,BE.10,49
2023-01,BE.4.1,13
2023-01,BE.4.2,58
2023-01,BE.7,11
2023-01,BE.8,6
2023-01,BE.9,136
2023-01,BF.11,231
2023-01,BF.11.2,103
2023-01,BF.11.3,21
2023-01,BF.14,183
2023-01,BF.26,82
2023-01,BF.32,14
2023-01,BF.5,156
2023-01,BF.7,1252
2023-01,BF.7.14,55
2023-01,BF.7.14.2,1
2023-01,BF.7.16,2
2023-01,BF.7.19.1,6
2023-01,BF.7.20,49
2023-01,BF.7.21,67
2023-01,BF.7.22,72
2023-01,BF.7.24,53
2023-01,BF.7.4,155
2023-01,BF.7.4.1,184
2023-01,BF.7.5,227
2023-01,BF.7.6,108
2023-01,BF.7.7,39
2023-01,BF.7.8,10
2023-01,BK.1,9
2023-01,BM.1.1.3,17
2023-01,BM.1.1.5,6
2023-01,BN.1,454
2023-01,BN.1.1,43
2023-01,BN.1.1.1,28
2023-01,BN.1.10,12
2023-01,BN.1.2,308
2023-01,BN.1.2.1,159
2023-01,BN.1.2.2,17
2023-01,BN.1.2.3,65
2023-01,BN.1.2.4,28
2023-01,BN.1.3,681
2023-01,BN.1.3.1,704
2023-01,BN.1.3.12,26
2023-01,BN.1.3.3,16
2023-01,BN.1.3.6,30
2023-01,BN.1.3.7,31
2023-01,BN.1.3.8,15
2023-01,BN.1.3.9,9
2023-01,BN.1.4,90
2023-01,BN.1.4.1,25
2023-01,BN.1.4.3,54
2023-01,BN.1.4.4,185
2023-01,BN.1.5,370
2023-01,BN.1.7,175
2023-01,BN.3.1,105
2023-01,BQ.1,3535
2023-01,BQ.1.1,13701
2023-01,BQ.1.1.1,392
2023-01,BQ.1.1.10,421
2023-01,BQ.1.1.11,47
2023-01,BQ.1.1.13,206
2023-01,BQ.1.1.15,222
2023-01,BQ.1.1.18,654
2023-01,BQ.1.1.2,524
2023-01,BQ.1.1.20,910
2023-01,BQ.1.1.22,321
2023-01,BQ.1.1.23,232
2023-01,BQ.1.1.24,275
2023-01,BQ.1.1.26,56
2023-01,BQ.1.1.28,197
2023-01,BQ.1.1.29,91
2023-01,BQ.1.1.3,662
2023-01,BQ.1.1.31,142
2023-01,BQ.1.1.32,594
2023-01,BQ.1.1.34,13
2023-01,BQ.1.1.35,161
2023-01,BQ.1.1.36,77
2023-01,BQ.1.1.37,17
2023-01,BQ.1.1.38,26
2023-01,BQ.1.1.4,1103
2023-01,BQ.1.1.40,141
2023-01,BQ.1.1.41,387
2023-01,BQ.1.1.42,99
2023-01,BQ.1.1.44,25
2023-01,BQ.1.1.45,129
2023-01,BQ.1.1.46,33
2023-01,BQ.1.1.47,87
2023-01,BQ.1.1.48,38
2023-01,BQ.1.1.5,432
2023-01,BQ.1.1.51,254
2023-01,BQ.1.1.52,152
2023-01,BQ.1.1.53,26
2023-01,BQ.1.1.54,123
2023-01,BQ.1.1.56,50
2023-01,BQ.1.1.57,87
2023-01,BQ.1.1.58,102
2023-01,BQ.1.1.59,26
2023-01,BQ.1.1.6,202
2023-01,BQ.1.1.62,4
2023-01,BQ.1.1.63,143
2023-01,BQ.1.1.65,155
2023-01,BQ.1.1.66,71
2023-01,BQ.1.1.67,111
2023-01,BQ.1.1.68,228
2023-01,BQ.1.1.69,417
2023-01,BQ.1.1.7,348
2023-01,BQ.1.1.70,10
2023-01,BQ.1.1.74,37
2023-01,BQ.1.1.8,322
2023-01,BQ.1.10,500
2023-01,BQ.1.10.1,127
2023-01,BQ.1.10.2,60
2023-01,BQ.1.11,355
2023-01,BQ.1.12,531
2023-01,BQ.1.13,213
2023-01,BQ.1.13.1,480
2023-01,BQ.1.14,420
2023-01,BQ.1.15,92
2023-01,BQ.1.16,14
2023-01,BQ.1.17,1
2023-01,BQ.1.18,581
2023-01,BQ.1.2,901
2023-01,BQ.1.2.1,86
2023-01,BQ.1.21,65
2023-01,BQ.1.22,87
2023-01,BQ.1.23,287
2023-01,BQ.1.25,306
2023-01,BQ.1.25.1,220
2023-01,BQ.1.26,24
2023-01,BQ.1.26.1,44
2023-01,BQ.1.28,168
2023-01,BQ.1.3.1,118
2023-01,BQ.1.3.2,363
2023-01,BQ.1.31,22
2023-01,BQ.1.4,31
2023-01,BQ.1.5,243
2023-01,BQ.1.6,60
2023-01,BQ.1.7,10
2023-01,BQ.1.8,565
2023-01,BQ.1.8.2,68
2023-01,BR.1.2,20
2023-01,BR.2,36
2023-01,BR.2.1,240
2023-01,BR.3,5
2023-01,BU.1,80
2023-01,BU.2,2
2023-01,BU.3,39
2023-01,BW.1,33
2023-01,BW.1.1,112
2023-01,BW.1.1.1,54
2023-01,BW.1.1.2,37
2023-01,BY.1,23
2023-01,CA.7,84
2023-01,CC.1,11
2023-01,CH.1.1,2950
2023-01,CH.1.1.1,892
2023-01,CH.1.1.10,86
2023-01,CH.1.1.11,159
2023-01,CH.1.1.12,121
2023-01,CH.1.1.13,117
2023-01,CH.1.1.15,51
2023-01,CH.1.1.16,17
2023-01,CH.1.1.19,202
2023-01,CH.1.1.2,512
2023-01,CH.1.1.22,4
2023-01,CH.1.1.24,86
2023-01,CH.1.1.25,158
2023-01,CH.1.1.28,70
2023-01,CH.1.1.30,6
2023-01,CH.1.1.5,132
2023-01,CH.1.1.6,183
2023-01,CH.1.1.7,24
2023-01,CH.1.1.8,41
2023-01,CH.1.1.9,104
2023-01,CJ.1.2,89
2023-01,CK.1,197
2023-01,CK.1.3,44
2023-01,CK.1.4,141
2023-01,CK.2.1,117
2023-01,CK.2.1.1,112
2023-01,CK.3,29
2023-01,CL.1,282
2023-01,CL.1.1,70
2023-01,CL.1.3,14
2023-01,CM.2,20
2023-01,CM.4,13
2023-01,CM.5,6
2023-01,CM.8.1.3,8
2023-01,CM.8.1.4,10
2023-01,CN.1,30
2023-01,CP.1.2,3
2023-01,CQ.1,12
2023-01,CQ.2,110
2023-01,CR.1,58
2023-01,CR.1.3,7
2023-01,CV.1,23
2023-01,CY.1,4
2023-01,DB.1,41
2023-01,DC.1,2
2023-01,DF.1,47
2023-01,DF.1.1,91
2023-01,DG.1,30
2023-01,DJ.1.1,14
2023-01,DN.1,128
2023-01,DN.1.1,209
2023-01,DN.2,205
2023-01,DS.1,12
2023-01,DS.3,132
2023-01,DT.2,225
2023-01,DU.1,278
2023-01,DV.1.1,113
2023-01,DV.2,34
2023-01,DV.3,103
2023-01,DV.4,2
2023-01,DV.6,668
2023-01,DV.8,4
2023-01,DY.2,45
2023-01,EA.1,50
2023-01,EB.1,12
2023-01,EC.1.1,68
2023-01,ED.2,86
2023-01,EE.1,91
2023-01,EE.2,112
2023-01,EE.3,25
2023-01,EE.4,20
2023-01,EF.1,280
2023-01,EF.1.1,277
2023-01,EF.1.1.1,5
2023-01,EF.1.2,45
2023-01,EF.1.3,13
2023-01,EF.2,200
2023-01,EG.1,21
2023-01,EG.3,17
2023-01,EG.5.1,2
2023-01,EH.1,13
2023-01,EJ.1,6
2023-01,EJ.2,12
2023-01,EM.1,75
2023-01,EN.1,22
2023-01,EQ.1,5
2023-01,ET.1,92
2023-01,EW.2,55
2023-01,EW.3,3
2023-01,FA.2,19
2023-01,FB.1,3
2023-01,FB.2,25
2023-01,FD.2,198
2023-01,FD.4,89
2023-01,FL.1,11
2023-01,FL.13.3,8
2023-01,FL.27,5
2023-01,FL.3.1,13
2023-01,FL.4,47
2023-01,FS.1,20
2023-01,GP.2,119
2023-01,GP.3,28
2023-01,HK.31,1
2023-01,HN.5,1
2023-01,HV.1,2
2023-01,JF.1,1
2023-01,XAY.2,43
2023-01,XAY.2.1,44
2023-01,XAY.2.2,42
2023-01,XAY.2.3,35
2023-01,XBB,113
2023-01,XBB.1,1082
2023-01,XBB.1.14,5
2023-01,XBB.1.15,639
2023-01,XBB.1.16.1,2
2023-01,XBB.1.16.15,1
2023-01,XBB.1.18.1,10
2023-01,XBB.1.21,5
2023-01,XBB.1.27,5
2023-01,XBB.1.30,18
2023-01,XBB.1.32,8
2023-01,XBB.1.36,2
2023-01,XBB.1.4,36
2023-01,XBB.1.4.1,72
2023-01,XBB.1.44,11
2023-01,XBB.1.45.1,8
2023-01,XBB.1.5,16019
2023-01,XBB.1.5.100,8
2023-01,XBB.1.5.107,33
2023-01,XBB.1.5.11,247
2023-01,XBB.1.5.110,8
2023-01,XBB.1.5.12,101
2023-01,XBB.1.5.13,703
2023-01,XBB.1.5.15,393
2023-01,XBB.1.5.16,208
2023-01,XBB.1.5.17,343
2023-01,XBB.1.5.18,202
2023-01,XBB.1.5.19,201
2023-01,XBB.1.5.21,183
2023-01,XBB.1.5.24,71
2023-01,XBB.1.5.28,20
2023-01,XBB.1.5.31,276
2023-01,XBB.1.5.32,243
2023-01,XBB.1.5.33,276
2023-01,XBB.1.5.34,127
2023-01,XBB.1.5.38,3
2023-01,XBB.1.5.4,94
2023-01,XBB.1.5.46,84
2023-01,XBB.1.5.47,65
2023-01,XBB.1.5.48,217
2023-01,XBB.1.5.49,85
2023-01,XBB.1.5.5,56
2023-01,XBB.1.5.51,150
2023-01,XBB.1.5.52,140
2023-01,XBB.1.5.60,2
2023-01,XBB.1.5.61,64
2023-01,XBB.1.5.66,82
2023-01,XBB.1.5.67,173
2023-01,XBB.1.5.7,435
2023-01,XBB.1.5.72,2
2023-01,XBB.1.5.73,35
2023-01,XBB.1.5.77,27
2023-01,XBB.1.5.79,25
2023-01,XBB.1.5.9,108
2023-01,XBB.1.5.95,92
2023-01,XBB.1.6,16
2023-01,XBB.1.8,6
2023-01,XBB.1.9,88
2023-01,XBB.1.9.1,94
2023-01,XBB.1.9.2,58
2023-01,XBB.1.9.4,19
2023-01,XBB.2,94
2023-01,XBB.2.10,13
2023-01,XBB.2.11.1,130
2023-01,XBB.2.4,8
2023-01,XBB.2.5,66
2023-01,XBB.2.6,119
2023-01,XBB.3,26
2023-01,XBB.3.1,9
2023-01,XBB.6,5
2023-01,XBC.1,17
2023-01,XBC.1.1,5
2023-01,XBC.1.2.1,46
2023-01,XBF,478
2023-01,XBF.3,41
2023-01,XBF.7,11
2023-01,XBF.7.1,1
2023-01,XBF.9,25
2023-01,XBJ.2,3
2023-01,XBK,121
2023-01,XBK.1,41
2023-01,XBM,18
2023-01,XBP,5
2023-01,XBQ,25
2023-01,XBT,70
2023-01,XBZ,75
2023-01,XCH.1,1
2023-01,BA.1,4
2023-01,BA.1.1,22
2023-01,BA.2,69
2023-01,BA.2.12.1,5
2023-01,BA.2.23,1
2023-01,BA.2.3,2
2023-01,BA.2.3.22,1
2023-01,BA.2.33,1
2023-01,BA.2.56,1
2023-01,BA.2.75,15
2023-01,BA.2.75.2,11
2023-01,BA.2.75.3,1
2023-01,BA.2.75.5,23
2023-01,BA.2.9,3
2023-01,BA.4.1,4
2023-01,BA.4.1.8,9
2023-01,BA.4.1.9,1
2023-01,BA.4.6.1,14
2023-01,BA.4.6.5,16
2023-01,BA.5.1.12,34
2023-01,BA.5.1.18,74
2023-01,BA.5.1.2,5
2023-01,BA.5.1.24,2
2023-01,BA.5.1.28,11
2023-01,BA.5.1.3,8
2023-01,BA.5.1.30,6
2023-01,BA.5.1.33,10
2023-01,BA.5.1.38,4
2023-01,BA.5.10.1,1
2023-01,BA.5.2.11,1
2023-01,BA.5.2.12,7
2023-01,BA.5.2.13,78
2023-01,BA.5.2.18,17
2023-01,BA.5.2.19,7
2023-01,BA.5.2.20,77
2023-01,BA.5.2.22,3
2023-01,BA.5.2.24,6
2023-01,BA.5.2.25,25
2023-01,BA.5.2.26,6
2023-01,BA.5.2.27,6
2023-01,BA.5.2.28,11
2023-01,BA.5.2.3,10
2023-01,BA.5.2.32,8
2023-01,BA.5.2.33,2
2023-01,BA.5.2.35,175
2023-01,BA.5.2.36,18
2023-01,BA.5.2.44,1
2023-01,BA.5.2.46,2
2023-01,BA.5.2.48,49
2023-01,BA.5.2.52,29
2023-01,BA.5.2.57,25
2023-01,BA.5.2.58,28
2023-01,BA.5.2.59,28
2023-01,BA.5.2.60,9
2023-01,BA.5.2.62,6
2023-01,BA.5.2.63,2
2023-01,BA.5.2.7,17
2023-01,BA.5.2.9,49
2023-01,BA.5.3,1
2023-01,BA.5.3.5,48
2023-01,BA.5.6.2,5
2023-01,BA.5.9,59
2023-01,BE.1,10
2023-01,BE.1.1,43
2023-01,BE.1.1.1,35
2023-01,BE.1.1.2,18
2023-01,BE.1.2,9
2023-01,BE.4.1.1,14
2023-01,BE.6,7
2023-01,BF.10,40
2023-01,BF.11.1,22
2023-01,BF.11.4,17
2023-01,BF.11.5,3
2023-01,BF.13,20
2023-01,BF.15,2
2023-01,BF.16,5
2023-01,BF.2,5
2023-01,BF.28,9
2023-01,BF.30,10
2023-01,BF.31.1,9
2023-01,BF.34,1
2023-01,BF.36,3
2023-01,BF.38,2
2023-01,BF.40,1
2023-01,BF.41,2
2023-01,BF.5.5,3
2023-01,BF.7.1,30
2023-01,BF.7.10,26
2023-01,BF.7.11,5
2023-01,BF.7.12,7
2023-01,BF.7.13.2,5
2023-01,BF.7.14.1,16
2023-01,BF.7.15,33
2023-01,BF.7.17,9
2023-01,BF.7.18,5
2023-01,BF.7.19,31
2023-01,BF.7.23,28
2023-01,BF.7.26,8
2023-01,BF.7.3,26
2023-01,BF.7.4.2,4
2023-01,BF.7.5.1,39
2023-01,BF.7.9,2
2023-01,BL.1,7
2023-01,BM.1.1,3
2023-01,BM.4.1.1,12
2023-01,BN.1.2.6,14
2023-01,BN.1.2.8,4
2023-01,BN.1.3.5,31
2023-01,BN.1.4.2,49
2023-01,BN.1.5.2,15
2023-01,BN.1.9,33
2023-01,BQ.1.1.14,5
2023-01,BQ.1.1.17,38
2023-01,BQ.1.1.19,53
2023-01,BQ.1.1.27,53
2023-01,BQ.1.1.39,31
2023-01,BQ.1.1.43,97
2023-01,BQ.1.1.60,34
2023-01,BQ.1.1.64,7
2023-01,BQ.1.1.71,17
2023-01,BQ.1.1.72,77
2023-01,BQ.1.1.76,67
2023-01,BQ.1.1.77,26
2023-01,BQ.1.1.79,2
2023-01,BQ.1.10.3,7
2023-01,BQ.1.2.3,105
2023-01,BQ.1.20,15
2023-01,BQ.1.26.2,6
2023-01,BQ.1.27,28
2023-01,BQ.1.3,104
2023-01,BQ.1.32,19
2023-01,BQ.1.33,3
2023-01,BR.1,15
2023-01,BY.1.1.1,6
2023-01,CA.3.1,64
2023-01,CB.1,5
2023-01,CE.1,4
2023-01,CG.1,2
2023-01,CH.1.1.14,61
2023-01,CH.1.1.17,5
2023-01,CH.1.1.18,40
2023-01,CH.1.1.21,11
2023-01,CH.1.1.26,14
2023-01,CH.1.1.27,30
2023-01,CH.1.1.3,27
2023-01,CH.1.1.4,4
2023-01,CJ.1,12
2023-01,CJ.1.1,10
2023-01,CJ.1.3,16
2023-01,CK.1.5,57
2023-01,CL.1.2,12
2023-01,CM.1,3
2023-01,CM.10,30
2023-01,CM.12,10
2023-01,CM.3,6
2023-01,CM.5.1,1
2023-01,CM.6.1,1
2023-01,CM.8.1,70
2023-01,CM.8.1.2,6
2023-01,CP.8,32
2023-01,CQ.1.1,11
2023-01,CR.1.1,78
2023-01,CT.1,6
2023-01,DE.2,2
2023-01,DJ.1.1.1,6
2023-01,DK.1,30
2023-01,DL.1,24
2023-01,DM.1,10
2023-01,DN.1.1.1,17
2023-01,DN.1.1.2,12
2023-01,DN.1.1.3,31
2023-01,DN.1.1.4,27
2023-01,DP.1,1
2023-01,DQ.1,45
2023-01,DR.1,86
2023-01,DS.2,93
2023-01,DT.1,13
2023-01,DV.1,40
2023-01,DV.3.1,10
2023-01,DV.5,9
2023-01,DY.1,12
2023-01,DY.4,40
2023-01,EA.2,5
2023-01,EC.1,76
2023-01,ED.3,57
2023-01,EF.3,14
2023-01,EG.1.2,1
2023-01,EG.1.4,5
2023-01,EG.1.6,8
2023-01,EG.13,4
2023-01,EG.4,2
2023-01,EL.1,3
2023-01,ER.1,73
2023-01,ER.1.1,43
2023-01,ES.1,11
2023-01,EU.1,3
2023-01,EU.1.1,5
2023-01,EW.1,8
2023-01,EZ.1,1
2023-01,FC.1,5
2023-01,FD.1,2
2023-01,FD.1.1,1
2023-01,FD.4.1,6
2023-01,FE.1,2
2023-01,FF.1,21
2023-01,FG.2,13
2023-01,FG.3,4
2023-01,FH.1,26
2023-01,FJ.1,48
2023-01,FK.1.2,3
2023-01,FL.10,40
2023-01,FL.13,8
2023-01,FL.17,8
2023-01,FL.18,1
2023-01,FL.2,19
2023-01,FL.2.1,4
2023-01,FL.2.7,3
2023-01,FL.2.7.1,1
2023-01,FL.21,1
2023-01,FL.26,3
2023-01,FL.3,105
2023-01,FL.3.2,11
2023-01,FL.3.3,5
2023-01,FL.4.1,1
2023-01,FL.5,50
2023-01,FL.8,9
2023-01,FL.9,4
2023-01,FM.1,26
2023-01,FM.2,27
2023-01,FT.4,3
2023-01,FZ.1,8
2023-01,GB.1,3
2023-01,GD.2,7
2023-01,GE.1.2,1
2023-01,GF.1,1
2023-01,GK.1.3,1
2023-01,GL.3,18
2023-01,GY.5,1
2023-01,JK.1,5
2023-01,XAY.1,11
2023-01,XAY.1.1.2,1
2023-01,XAY.1.1.3,9
2023-01,XAZ,3
2023-01,XBB.1.1,37
2023-01,XBB.1.11,4
2023-01,XBB.1.11.1,6
2023-01,XBB.1.13,29
2023-01,XBB.1.14.1,3
2023-01,XBB.1.16,4
2023-01,XBB.1.17.1,1
2023-01,XBB.1.19,7
2023-01,XBB.1.20,1
2023-01,XBB.1.25,2
2023-01,XBB.1.29,6
2023-01,XBB.1.3,5
2023-01,XBB.1.34,2
2023-01,XBB.1.38,6
2023-01,XBB.1.47,4
2023-01,XBB.1.5.1,169
2023-01,XBB.1.5.10,51
2023-01,XBB.1.5.14,61
2023-01,XBB.1.5.2,100
2023-01,XBB.1.5.20,253
2023-01,XBB.1.5.23,11
2023-01,XBB.1.5.25,19
2023-01,XBB.1.5.26,23
2023-01,XBB.1.5.36,37
2023-01,XBB.1.5.37,3
2023-01,XBB.1.5.39,38
2023-01,XBB.1.5.43,4
2023-01,XBB.1.5.54,2
2023-01,XBB.1.5.56,35
2023-01,XBB.1.5.62,48
2023-01,XBB.1.5.63,72
2023-01,XBB.1.5.64,8
2023-01,XBB.1.5.65,52
2023-01,XBB.1.5.8,60
2023-01,XBB.1.5.80,72
2023-01,XBB.1.5.88,10
2023-01,XBB.1.5.90,2
2023-01,XBB.1.5.96,69
2023-01,XBB.1.5.97,6
2023-01,XBB.1.5.99,4
2023-01,XBB.1.9.5,7
2023-01,XBB.2.2,5
2023-01,XBB.2.3,16
2023-01,XBB.2.8,14
2023-01,XBB.4,13
2023-01,XBB.8,7
2023-01,XBB.8.1,5
2023-01,XBC.1.2,1
2023-01,XBD,5
2023-01,XBE,3
2023-01,XBF.1,4
2023-01,XBF.1.1,3
2023-01,XBF.4,41
2023-01,XBF.6,19
2023-01,XBF.8,2
2023-01,XBG,7
2023-01,XBJ.3,9
2023-01,XBL,2
2023-01,XBL.1,1
2023-01,XBR,10
2023-01,XBS,20
2023-01,XBU,2
2023-01,XBW,4
2023-01,XCG,6
2023-01,unclassifiable,624
2023-01,AY.122,1
2023-01,B,1
2023-01,BA.1.13,1
2023-01,BA.1.15,3
2023-01,BA.1.17,1
2023-01,BA.1.18,1
2023-01,BA.1.20,1
2023-01,BA.2.1,2
2023-01,BA.2.10.1,19
2023-01,BA.2.3.9,1
2023-01,BA.2.75.4,1
2023-01,BA.2.86.1,1
2023-01,BA.4.6.2,5
2023-01,BA.4.6.4,1
2023-01,BA.4.7,1
2023-01,BA.5.1.1,6
2023-01,BA.5.1.17,1
2023-01,BA.5.1.25,12
2023-01,BA.5.1.27,134
2023-01,BA.5.1.36,1
2023-01,BA.5.1.6,8
2023-01,BA.5.2.31,5
2023-01,BA.5.2.39,7
2023-01,BA.5.2.43,5
2023-01,BA.5.2.49,6
2023-01,BA.5.2.53,25
2023-01,BA.5.2.54,6
2023-01,BA.5.2.55,2
2023-01,BA.5.2.8,4
2023-01,BA.5.5,4
2023-01,BA.5.5.1,18
2023-01,BA.5.5.2,1
2023-01,BA.5.6,14
2023-01,BA.5.6.3,2
2023-01,BE.1.4,4
2023-01,BE.13,4
2023-01,BE.2,3
2023-01,BE.3,1
2023-01,BE.4,3
2023-01,BF.21,5
2023-01,BF.24,1
2023-01,BF.25,3
2023-01,BF.27,4
2023-01,BF.31,2
2023-01,BF.38.3,1
2023-01,BF.39,2
2023-01,BF.39.1,1
2023-01,BF.4,4
2023-01,BF.5.1,2
2023-01,BF.5.4,2
2023-01,BF.7.13,1
2023-01,BF.7.14.3,1
2023-01,BF.7.14.4,7
2023-01,BF.7.14.5,11
2023-01,BF.7.14.6,11
2023-01,BF.7.27,8
2023-01,BF.8,1
2023-01,BM.1.1.4,9
2023-01,BM.2,2
2023-01,BM.2.1,1
2023-01,BN.1.11,4
2023-01,BN.1.2.5,5
2023-01,BN.1.3.10,2
2023-01,BN.1.3.11,4
2023-01,BN.1.3.2,7
2023-01,BN.1.3.4,1
2023-01,BN.1.4.5,10
2023-01,BN.1.8,1
2023-01,BN.2.1,6
2023-01,BQ.1.1.16,4
2023-01,BQ.1.1.21,9
2023-01,BQ.1.1.25,9
2023-01,BQ.1.1.30,6
2023-01,BQ.1.1.49,19
2023-01,BQ.1.1.50,1
2023-01,BQ.1.1.55,11
2023-01,BQ.1.1.61,30
2023-01,BQ.1.1.73,1
2023-01,BQ.1.1.78,1
2023-01,BQ.1.1.9,11
2023-01,BQ.1.11.1,12
2023-01,BQ.1.15.1,3
2023-01,BQ.1.15.2,8
2023-01,BQ.1.19,1
2023-01,BQ.1.24,33
2023-01,BQ.1.29,16
2023-01,BQ.1.30,1
2023-01,BQ.1.9,60
2023-01,BQ.2,2
2023-01,BR.5,2
2023-01,BR.5.1,1
2023-01,BS.1,1
2023-01,BS.1.1,2
2023-01,BT.2,1
2023-01,BW.1.2,2
2023-01,BY.1.2,4
2023-01,BZ.2,5
2023-01,CA.1,1
2023-01,CA.5,2
2023-01,CD.2,3
2023-01,CH.1.1.23,2
2023-01,CH.1.1.32,2
2023-01,CK.1.2,10
2023-01,CK.2,29
2023-01,CM.5.2,9
2023-01,CM.7,2
2023-01,CM.7.1,1
2023-01,CN.2,23
2023-01,CP.1,27
2023-01,CP.1.1,10
2023-01,CP.2,1
2023-01,CP.3,1
2023-01,CP.4,2
2023-01,CP.5,4
2023-01,CP.7,1
2023-01,CR.2,1
2023-01,CY.2,1
2023-01,CZ.2,28
2023-01,DJ.1.3,1
2023-01,DN.3,5
2023-01,DR.2,29
2023-01,DT.3,19
2023-01,DW.1,1
2023-01,DY.3,215
2023-01,DZ.1,1
2023-01,DZ.2,1
2023-01,ED.1,12
2023-01,EE.5,64
2023-01,EG.4.1,3
2023-01,EK.2,28
2023-01,EK.2.1,5
2023-01,EK.3,10
2023-01,EK.4,7
2023-01,EY.1,14
2023-01,FA.1,28
2023-01,FD.3,5
2023-01,FD.5,8
2023-01,FE.1.2,1
2023-01,FG.1,2
2023-01,FL.1.1,2
2023-01,FL.12,4
2023-01,FL.22,1
2023-01,FL.23,1
2023-01,FL.31,1
2023-01,FN.1,4
2023-01,FR.1,12
2023-01,FR.2,1
2023-01,FT.3,2
2023-01,FY.1,1
2023-01,FY.1.1,1
2023-01,FZ.2,9
2023-01,GA.1,1
2023-01,GC.2,13
2023-01,GU.1,3
2023-01,GW.2,1
2023-01,HJ.1,15
2023-01,HT.1,9
2023-01,HT.2,2
2023-01,HZ.3,3
2023-01,JN.1.7,1
2023-01,XBB.1.10,9
2023-01,XBB.1.12,1
2023-01,XBB.1.16.27,1
2023-01,XBB.1.17,1
2023-01,XBB.1.18,12
2023-01,XBB.1.22,1
2023-01,XBB.1.23,3
2023-01,XBB.1.28,1
2023-01,XBB.1.28.1,1
2023-01,XBB.1.37,2
2023-01,XBB.1.43,1
2023-01,XBB.1.43.1,3
2023-01,XBB.1.45,3
2023-01,XBB.1.48,1
2023-01,XBB.1.5.102,1
2023-01,XBB.1.5.104,3
2023-01,XBB.1.5.22,2
2023-01,XBB.1.5.27,7
2023-01,XBB.1.5.29,3
2023-01,XBB.1.5.3,62
2023-01,XBB.1.5.30,59
2023-01,XBB.1.5.35,59
2023-01,XBB.1.5.40,7
2023-01,XBB.1.5.41,10
2023-01,XBB.1.5.42,3
2023-01,XBB.1.5.50,4
2023-01,XBB.1.5.55,46
2023-01,XBB.1.5.57,1
2023-01,XBB.1.5.58,2
2023-01,XBB.1.5.59,1
2023-01,XBB.1.5.6,35
2023-01,XBB.1.5.69,42
2023-01,XBB.1.5.75,13
2023-01,XBB.1.5.78,5
2023-01,XBB.1.5.86,5
2023-01,XBB.1.5.91,38
2023-01,XBB.1.5.92,4
2023-01,XBB.1.5.93,4
2023-01,XBB.1.5.94,1
2023-01,XBB.1.7,30
2023-01,XBB.2.1,2
2023-01,XBB.2.11,3
2023-01,XBB.2.12,2
2023-01,XBB.2.3.1,3
2023-01,XBB.2.3.7,2
2023-01,XBB.2.6.2,2
2023-01,XBB.2.7,9
2023-01,XBB.3.2,20
2023-01,XBB.3.4,2
2023-01,XBB.3.5,3
2023-01,XBB.6.1,77
2023-01,XBB.9,7
2023-01,XBC.1.1.1,3
2023-01,XBC.1.3,5
2023-01,XBF.10,1
2023-01,XBF.2,8
2023-01,XBF.5,6
2023-01,XBJ.1,2
2023-01,XBN,10
2023-01,XBV,10
2023-01,XCA,2
2023-02,BA.1,1
2023-02,BA.2,96
2023-02,BA.2.75,14
2023-02,BA.4.1.11,14
2023-02,BA.4.1.8,7
2023-02,BA.4.6,19
2023-02,BA.5.1,70
2023-02,BA.5.1.10,3
2023-02,BA.5.1.26,25
2023-02,BA.5.1.34,45
2023-02,BA.5.11,101
2023-02,BA.5.2,108
2023-02,BA.5.2.1,72
2023-02,BA.5.2.6,83
2023-02,BA.5.5.1,3
2023-02,BA.5.6.3,1
2023-02,BE.1.1.1,11
2023-02,BE.1.2.1,11
2023-02,BE.10,28
2023-02,BE.4.2,33
2023-02,BE.7,17
2023-02,BE.9,103
2023-02,BF.11.3,9
2023-02,BF.14,33
2023-02,BF.7,307
2023-02,BF.7.1,7
2023-02,BF.7.20,5
2023-02,BF.7.21,12
2023-02,BF.7.4,34
2023-02,BF.7.4.1,39
2023-02,BF.7.6,29
2023-02,BM.1.1,4
2023-02,BN.1,135
2023-02,BN.1.2,92
2023-02,BN.1.2.1,49
2023-02,BN.1.3,346
2023-02,BN.1.3.1,223
2023-02,BN.1.3.6,11
2023-02,BN.1.3.7,25
2023-02,BN.1.4,23
2023-02,BN.1.4.2,55
2023-02,BN.1.4.3,33
2023-02,BN.1.4.4,21
2023-02,BN.1.5,128
2023-02,BN.1.5.2,8
2023-02,BN.1.6,7
2023-02,BN.1.7,78
2023-02,BN.1.9,14
2023-02,BN.3.1,67
2023-02,BQ.1,824
2023-02,BQ.1.1,4786
2023-02,BQ.1.1.1,113
2023-02,BQ.1.1.10,208
2023-02,BQ.1.1.11,29
2023-02,BQ.1.1.13,103
2023-02,BQ.1.1.15,101
2023-02,BQ.1.1.18,273
2023-02,BQ.1.1.2,326
2023-02,BQ.1.1.20,173
2023-02,BQ.1.1.22,143
2023-02,BQ.1.1.23,238
2023-02,BQ.1.1.24,77
2023-02,BQ.1.1.26,27
2023-02,BQ.1.1.28,70
2023-02,BQ.1.1.3,176
2023-02,BQ.1.1.30,4
2023-02,BQ.1.1.32,298
2023-02,BQ.1.1.35,65
2023-02,BQ.1.1.37,19
2023-02,BQ.1.1.38,28
2023-02,BQ.1.1.39,17
2023-02,BQ.1.1.4,308
2023-02,BQ.1.1.41,146
2023-02,BQ.1.1.42,64
2023-02,BQ.1.1.43,61
2023-02,BQ.1.1.45,284
2023-02,BQ.1.1.46,41
2023-02,BQ.1.1.48,42
2023-02,BQ.1.1.5,154
2023-02,BQ.1.1.51,77
2023-02,BQ.1.1.52,59
2023-02,BQ.1.1.54,46
2023-02,BQ.1.1.58,54
2023-02,BQ.1.1.59,7
2023-02,BQ.1.1.63,121
2023-02,BQ.1.1.65,72
2023-02,BQ.1.1.67,26
2023-02,BQ.1.1.68,50
2023-02,BQ.1.1.69,139
2023-02,BQ.1.1.7,155
2023-02,BQ.1.1.76,19
2023-02,BQ.1.1.79,28
2023-02,BQ.1.1.8,73
2023-02,BQ.1.10,162
2023-02,BQ.1.10.1,32
2023-02,BQ.1.10.2,16
2023-02,BQ.1.11,99
2023-02,BQ.1.12,136
2023-02,BQ.1.13.1,323
2023-02,BQ.1.14,88
2023-02,BQ.1.18,295
2023-02,BQ.1.2,270
2023-02,BQ.1.2.1,26
2023-02,BQ.1.21,59
2023-02,BQ.1.23,84
2023-02,BQ.1.25,164
2023-02,BQ.1.25.1,114
2023-02,BQ.1.26.1,18
2023-02,BQ.1.28,73
2023-02,BQ.1.3.2,61
2023-02,BQ.1.32,19
2023-02,BQ.1.33,10
2023-02,BQ.1.5,57
2023-02,BQ.1.8,116
2023-02,BQ.1.8.2,21
2023-02,BQ.1.9,12
2023-02,BR.2.1,81
2023-02,BW.1.1.1,11
2023-02,CA.3.1,14
2023-02,CH.1.1,2582
2023-02,CH.1.1.1,1200
2023-02,CH.1.1.10,137
2023-02,CH.1.1.12,147
2023-02,CH.1.1.13,52
2023-02,CH.1.1.14,62
2023-02,CH.1.1.15,95
2023-02,CH.1.1.16,32
2023-02,CH.1.1.18,41
2023-02,CH.1.1.2,357
2023-02,CH.1.1.22,12
2023-02,CH.1.1.25,77
2023-02,CH.1.1.26,10
2023-02,CH.1.1.28,41
2023-02,CH.1.1.3,84
2023-02,CH.1.1.32,6
2023-02,CH.1.1.5,68
2023-02,CH.1.1.7,15
2023-02,CH.1.1.8,60
2023-02,CH.1.1.9,44
2023-02,CK.1.3,26
2023-02,CK.1.5,22
2023-02,CK.2.1.1,23
2023-02,CL.1,115
2023-02,CQ.2,32
2023-02,CV.1,8
2023-02,DB.1,20
2023-02,DF.1.1,32
2023-02,DN.1,50
2023-02,DN.1.1,47
2023-02,DN.2,64
2023-02,DR.2,17
2023-02,DS.1,25
2023-02,DS.3,12
2023-02,DT.2,144
2023-02,DU.1,335
2023-02,DV.1,85
2023-02,DV.1.1,266
2023-02,DV.3,110
2023-02,DV.3.1,19
2023-02,DV.5,12
2023-02,DV.6,881
2023-02,DV.8,1
2023-02,EA.1,132
2023-02,EC.1.1,44
2023-02,ED.3,16
2023-02,EE.2,41
2023-02,EE.5,30
2023-02,EF.1,239
2023-02,EF.1.1,174
2023-02,EF.1.3,10
2023-02,EF.3,5
2023-02,EG.1,116
2023-02,EG.1.3,32
2023-02,EG.1.6,38
2023-02,EG.3,37
2023-02,EG.4,22
2023-02,EG.8,7
2023-02,EK.2,98
2023-02,EK.3,52
2023-02,EL.1,33
2023-02,EM.1,210
2023-02,EU.1.1,51
2023-02,EW.1,33
2023-02,FA.1,12
2023-02,FA.2,1
2023-02,FB.2,13
2023-02,FD.1,67
2023-02,FD.2,547
2023-02,FD.3,16
2023-02,FD.4,176
2023-02,FD.4.1,18
2023-02,FG.3,32
2023-02,FJ.1,37
2023-02,FK.1.2,9
2023-02,FK.1.2.1,24
2023-02,FL.10,116
2023-02,FL.12,25
2023-02,FL.13,58
2023-02,FL.13.3,25
2023-02,FL.13.3.1,2
2023-02,FL.26,18
2023-02,FL.27,21
2023-02,FL.3,339
2023-02,FL.3.1,146
2023-02,FL.3.2,94
2023-02,FL.3.3,98
2023-02,FL.39,5
2023-02,FL.4,195
2023-02,FL.5,167
2023-02,FL.8,67
2023-02,FM.2,141
2023-02,FS.1,31
2023-02,FT.3,24
2023-02,GA.3,13
2023-02,GP.2,169
2023-02,GP.3,37
2023-02,HJ.1,26
2023-02,HT.1,32
2023-02,HT.2,20
2023-02,HV.1,1
2023-02,XAY.2,26
2023-02,XAY.2.1,15
2023-02,XAY.2.2,20
2023-02,XAY.2.3,58
2023-02,XBB,101
2023-02,XBB.1,776
2023-02,XBB.1.10,8
2023-02,XBB.1.11.1,5
2023-02,XBB.1.13.1,14
2023-02,XBB.1.15,169
2023-02,XBB.1.16,24
2023-02,XBB.1.16.6,1
2023-02,XBB.1.17.1,24
2023-02,XBB.1.19.1,9
2023-02,XBB.1.22.2,11
2023-02,XBB.1.29,9
2023-02,XBB.1.30,11
2023-02,XBB.1.4.1,8
2023-02,XBB.1.45.1,23
2023-02,XBB.1.5,25831
2023-02,XBB.1.5.1,392
2023-02,XBB.1.5.10,125
2023-02,XBB.1.5.100,44
2023-02,XBB.1.5.102,4
2023-02,XBB.1.5.107,69
2023-02,XBB.1.5.11,325
2023-02,XBB.1.5.110,24
2023-02,XBB.1.5.12,320
2023-02,XBB.1.5.13,1072
2023-02,XBB.1.5.14,145
2023-02,XBB.1.5.15,696
2023-02,XBB.1.5.16,356
2023-02,XBB.1.5.17,463
2023-02,XBB.1.5.18,724
2023-02,XBB.1.5.19,283
2023-02,XBB.1.5.2,180
2023-02,XBB.1.5.20,504
2023-02,XBB.1.5.21,265
2023-02,XBB.1.5.23,66
2023-02,XBB.1.5.24,303
2023-02,XBB.1.5.28,47
2023-02,XBB.1.5.3,69
2023-02,XBB.1.5.30,112
2023-02,XBB.1.5.31,329
2023-02,XBB.1.5.32,511
2023-02,XBB.1.5.33,358
2023-02,XBB.1.5.34,154
2023-02,XBB.1.5.35,184
2023-02,XBB.1.5.36,57
2023-02,XBB.1.5.37,153
2023-02,XBB.1.5.39,57
2023-02,XBB.1.5.4,254
2023-02,XBB.1.5.40,28
2023-02,XBB.1.5.46,391
2023-02,XBB.1.5.47,271
2023-02,XBB.1.5.48,362
2023-02,XBB.1.5.49,356
2023-02,XBB.1.5.5,112
2023-02,XBB.1.5.50,63
2023-02,XBB.1.5.51,353
2023-02,XBB.1.5.52,297
2023-02,XBB.1.5.56,83
2023-02,XBB.1.5.6,47
2023-02,XBB.1.5.60,41
2023-02,XBB.1.5.61,118
2023-02,XBB.1.5.62,173
2023-02,XBB.1.5.63,180
2023-02,XBB.1.5.64,28
2023-02,XBB.1.5.65,283
2023-02,XBB.1.5.66,191
2023-02,XBB.1.5.67,250
2023-02,XBB.1.5.69,83
2023-02,XBB.1.5.7,1404
2023-02,XBB.1.5.73,53
2023-02,XBB.1.5.75,42
2023-02,XBB.1.5.77,84
2023-02,XBB.1.5.78,34
2023-02,XBB.1.5.79,58
2023-02,XBB.1.5.8,65
2023-02,XBB.1.5.80,97
2023-02,XBB.1.5.86,27
2023-02,XBB.1.5.88,36
2023-02,XBB.1.5.9,140
2023-02,XBB.1.5.91,63
2023-02,XBB.1.5.93,10
2023-02,XBB.1.5.95,216
2023-02,XBB.1.5.96,108
2023-02,XBB.1.5.99,23
2023-02,XBB.1.9,194
2023-02,XBB.1.9.1,537
2023-02,XBB.1.9.2,252
2023-02,XBB.1.9.3,10
2023-02,XBB.1.9.4,13
2023-02,XBB.2,37
2023-02,XBB.2.11.1,63
2023-02,XBB.2.3,56
2023-02,XBB.2.3.1,46
2023-02,XBB.2.4,33
2023-02,XBB.2.6,27
2023-02,XBB.2.7.1,5
2023-02,XBB.3.1,1
2023-02,XBB.6.1,61
2023-02,XBB.8.1,6
2023-02,XBC.1.2.1,30
2023-02,XBF,527
2023-02,XBF.3,44
2023-02,XBK,108
2023-02,XBK.1,90
2023-02,XBT,82
2023-02,XBZ,60
2023-02,XCG,4
2023-02,B.1.1.529,32
2023-02,BA.1.1,3
2023-02,BA.2.10.1,41
2023-02,BA.2.3,1
2023-02,BA.2.3.20,27
2023-02,BA.2.75.3,1
2023-02,BA.2.75.4,2
2023-02,BA.2.75.5,7
2023-02,BA.2.75.6,4
2023-02,BA.4,5
2023-02,BA.4.6.3,11
2023-02,BA.5,32
2023-02,BA.5.1.1,4
2023-02,BA.5.1.12,24
2023-02,BA.5.1.19,4
2023-02,BA.5.1.2,2
2023-02,BA.5.1.22,8
2023-02,BA.5.1.23,4
2023-02,BA.5.1.24,1
2023-02,BA.5.1.28,4
2023-02,BA.5.1.5,5
2023-02,BA.5.12,20
2023-02,BA.5.2.13,19
2023-02,BA.5.2.14,3
2023-02,BA.5.2.16,1
2023-02,BA.5.2.18,4
2023-02,BA.5.2.20,21
2023-02,BA.5.2.25,4
2023-02,BA.5.2.28,4
2023-02,BA.5.2.3,3
2023-02,BA.5.2.34,41
2023-02,BA.5.2.35,31
2023-02,BA.5.2.36,2
2023-02,BA.5.2.46,1
2023-02,BA.5.2.47,5
2023-02,BA.5.2.48,18
2023-02,BA.5.2.52,2
2023-02,BA.5.2.57,3
2023-02,BA.5.2.58,5
2023-02,BA.5.2.60,6
2023-02,BA.5.2.7,1
2023-02,BA.5.2.9,13
2023-02,BA.5.3,1
2023-02,BA.5.3.1,41
2023-02,BA.5.3.5,13
2023-02,BA.5.6.2,1
2023-02,BA.5.9,10
2023-02,BE.1,4
2023-02,BE.1.1,12
2023-02,BE.1.1.2,1
2023-02,BE.1.2,2
2023-02,BE.13,8
2023-02,BE.4.1,2
2023-02,BE.6,6
2023-02,BE.8,4
2023-02,BF.11,61
2023-02,BF.11.1,3
2023-02,BF.11.2,25
2023-02,BF.11.4,2
2023-02,BF.26,14
2023-02,BF.5,16
2023-02,BF.7.10,3
2023-02,BF.7.12,6
2023-02,BF.7.17,1
2023-02,BF.7.18,1
2023-02,BF.7.19,5
2023-02,BF.7.22,10
2023-02,BF.7.23,4
2023-02,BF.7.24,5
2023-02,BF.7.3,4
2023-02,BF.7.4.2,2
2023-02,BF.7.5,59
2023-02,BF.7.5.1,3
2023-02,BF.7.7,3
2023-02,BM.1.1.3,10
2023-02,BM.1.1.4,5
2023-02,BM.1.1.5,4
2023-02,BM.4.1.1,22
2023-02,BN.1.1,5
2023-02,BN.1.1.1,11
2023-02,BN.1.10,6
2023-02,BN.1.2.2,4
2023-02,BN.1.2.3,48
2023-02,BN.1.2.4,5
2023-02,BN.1.2.6,12
2023-02,BN.1.2.8,8
2023-02,BN.1.3.12,24
2023-02,BN.1.3.3,10
2023-02,BN.1.3.5,18
2023-02,BN.1.3.8,13
2023-02,BN.1.4.1,15
2023-02,BN.3,1
2023-02,BQ.1.1.14,3
2023-02,BQ.1.1.17,6
2023-02,BQ.1.1.19,15
2023-02,BQ.1.1.21,8
2023-02,BQ.1.1.27,14
2023-02,BQ.1.1.29,71
2023-02,BQ.1.1.31,98
2023-02,BQ.1.1.34,1
2023-02,BQ.1.1.36,41
2023-02,BQ.1.1.40,41
2023-02,BQ.1.1.44,7
2023-02,BQ.1.1.47,102
2023-02,BQ.1.1.53,27
2023-02,BQ.1.1.56,17
2023-02,BQ.1.1.57,29
2023-02,BQ.1.1.6,113
2023-02,BQ.1.1.66,27
2023-02,BQ.1.1.71,47
2023-02,BQ.1.1.72,31
2023-02,BQ.1.1.74,9
2023-02,BQ.1.1.77,6
2023-02,BQ.1.1.78,1
2023-02,BQ.1.10.3,7
2023-02,BQ.1.13,51
2023-02,BQ.1.15,25
2023-02,BQ.1.2.3,18
2023-02,BQ.1.20,3
2023-02,BQ.1.22,73
2023-02,BQ.1.24,6
2023-02,BQ.1.26,6
2023-02,BQ.1.26.2,18
2023-02,BQ.1.3.1,29
2023-02,BQ.1.31,17
2023-02,BQ.1.4,17
2023-02,BQ.1.8.1,2
2023-02,BR.1,9
2023-02,BR.2,11
2023-02,BR.3,2
2023-02,BR.5,1
2023-02,BU.1,18
2023-02,BU.3,5
2023-02,BW.1,7
2023-02,BW.1.1,35
2023-02,BW.1.1.2,5
2023-02,BY.1,7
2023-02,BY.1.1,3
2023-02,BY.1.1.1,3
2023-02,CA.7,20
2023-02,CG.1,5
2023-02,CH.1.1.11,133
2023-02,CH.1.1.17,6
2023-02,CH.1.1.19,140
2023-02,CH.1.1.20,10
2023-02,CH.1.1.21,8
2023-02,CH.1.1.24,70
2023-02,CH.1.1.27,6
2023-02,CH.1.1.30,13
2023-02,CH.1.1.4,2
2023-02,CH.1.1.6,184
2023-02,CJ.1.1,14
2023-02,CJ.1.2,32
2023-02,CJ.1.3,4
2023-02,CK.1,101
2023-02,CK.1.4,57
2023-02,CK.2.1,28
2023-02,CK.3,8
2023-02,CL.1.1,17
2023-02,CL.1.2,3
2023-02,CL.1.3,8
2023-02,CM.10,6
2023-02,CM.3,1
2023-02,CM.4,4
2023-02,CM.5,2
2023-02,CM.5.1,3
2023-02,CM.6.1,3
2023-02,CM.8.1,44
2023-02,CM.8.1.1,1
2023-02,CM.8.1.3,3
2023-02,CN.1,8
2023-02,CP.8,2
2023-02,CQ.1,8
2023-02,CR.1,40
2023-02,CR.1.1,14
2023-02,CR.1.3,2
2023-02,DF.1,10
2023-02,DG.1,7
2023-02,DJ.1.1,8
2023-02,DL.1,6
2023-02,DM.1,1
2023-02,DN.1.1.1,19
2023-02,DN.1.1.2,22
2023-02,DN.1.1.3,18
2023-02,DN.1.1.4,39
2023-02,DQ.1,20
2023-02,DR.1,24
2023-02,DS.2,119
2023-02,DT.1,17
2023-02,DV.2,85
2023-02,DV.4,8
2023-02,DV.6.1,3
2023-02,DV.7,55
2023-02,EA.2,1
2023-02,EC.1,45
2023-02,ED.2,28
2023-02,EE.1,23
2023-02,EE.3,8
2023-02,EE.4,19
2023-02,EF.1.1.1,45
2023-02,EF.1.2,24
2023-02,EF.2,96
2023-02,EG.1.2,18
2023-02,EG.1.4,57
2023-02,EG.2,2
2023-02,EH.1,13
2023-02,EJ.1,3
2023-02,EJ.2,2
2023-02,EN.1,86
2023-02,EP.2,4
2023-02,ER.1,32
2023-02,ER.1.1,81
2023-02,ET.1,51
2023-02,EU.1,27
2023-02,EU.1.1.1,20
2023-02,EV.1,5
2023-02,EW.2,27
2023-02,EW.3,1
2023-02,EY.1,47
2023-02,EZ.1,7
2023-02,FE.1,1
2023-02,FF.1,6
2023-02,FG.2,47
2023-02,FH.1,65
2023-02,FL.1,24
2023-02,FL.17,14
2023-02,FL.18,18
2023-02,FL.2,70
2023-02,FL.2.1,58
2023-02,FL.2.7,10
2023-02,FL.21,2
2023-02,FL.22,16
2023-02,FL.3.4,77
2023-02,FL.33,4
2023-02,FL.40,1
2023-02,FL.9,37
2023-02,FM.1,48
2023-02,FN.1,20
2023-02,FR.1,8
2023-02,FT.4,13
2023-02,FW.1,4
2023-02,FY.4,1
2023-02,FY.9,1
2023-02,FZ.1,38
2023-02,GA.1,2
2023-02,GA.2,3
2023-02,GA.5,7
2023-02,GB.1,13
2023-02,GC.2,21
2023-02,GD.2,9
2023-02,GF.1,19
2023-02,GL.3,81
2023-02,GP.1,12
2023-02,GY.5,1
2023-02,JK.1,17
2023-02,XAY.1,5
2023-02,XAY.1.1.1,1
2023-02,XAY.1.1.2,6
2023-02,XAY.1.1.3,22
2023-02,XBB.1.11,5
2023-02,XBB.1.13,27
2023-02,XBB.1.16.1,5
2023-02,XBB.1.16.3,6
2023-02,XBB.1.18.1,23
2023-02,XBB.1.19,6
2023-02,XBB.1.21,10
2023-02,XBB.1.22,5
2023-02,XBB.1.25,1
2023-02,XBB.1.35,2
2023-02,XBB.1.38,2
2023-02,XBB.1.4,12
2023-02,XBB.1.43.1,7
2023-02,XBB.1.44,3
2023-02,XBB.1.5.22,4
2023-02,XBB.1.5.25,67
2023-02,XBB.1.5.26,39
2023-02,XBB.1.5.27,29
2023-02,XBB.1.5.38,44
2023-02,XBB.1.5.43,30
2023-02,XBB.1.5.54,11
2023-02,XBB.1.5.55,78
2023-02,XBB.1.5.57,16
2023-02,XBB.1.5.59,22
2023-02,XBB.1.5.71,1
2023-02,XBB.1.5.76,7
2023-02,XBB.1.5.90,14
2023-02,XBB.1.5.92,7
2023-02,XBB.1.5.97,27
2023-02,XBB.1.9.5,4
2023-02,XBB.2.10,8
2023-02,XBB.2.11,3
2023-02,XBB.2.2,1
2023-02,XBB.2.3.14,5
2023-02,XBB.2.3.6,1
2023-02,XBB.2.5,27
2023-02,XBB.2.8,2
2023-02,XBB.3,12
2023-02,XBB.3.4,8
2023-02,XBB.8,3
2023-02,XBC.1,10
2023-02,XBC.1.3,5
2023-02,XBE,2
2023-02,XBF.1,5
2023-02,XBF.1.1,19
2023-02,XBF.4,49
2023-02,XBF.5,11
2023-02,XBF.6,28
2023-02,XBF.7,20
2023-02,XBF.7.1,21
2023-02,XBF.9,10
2023-02,XBG,2
2023-02,XBJ.2,6
2023-02,XBJ.3,3
2023-02,XBL,6
2023-02,XBL.1,2
2023-02,XBL.3,9
2023-02,XBM,9
2023-02,XBQ,16
2023-02,XBS,4
2023-02,XBU,7
2023-02,XBV,7
2023-02,XBW,8
2023-02,XCA,26
2023-02,unclassifiable,528
2023-02,AY.103,1
2023-02,B,2
2023-02,BA.2.12.1,2
2023-02,BA.4.1,3
2023-02,BA.4.6.2,2
2023-02,BA.4.6.5,1
2023-02,BA.5.1.18,13
2023-02,BA.5.1.25,1
2023-02,BA.5.1.27,16
2023-02,BA.5.1.3,10
2023-02,BA.5.1.33,1
2023-02,BA.5.1.6,1
2023-02,BA.5.2.19,1
2023-02,BA.5.2.23,5
2023-02,BA.5.2.26,1
2023-02,BA.5.2.27,1
2023-02,BA.5.2.31,1
2023-02,BA.5.2.33,1
2023-02,BA.5.2.49,5
2023-02,BA.5.2.53,3
2023-02,BA.5.2.54,2
2023-02,BA.5.2.56,2
2023-02,BA.5.2.59,2
2023-02,BA.5.5,3
2023-02,BA.5.6,4
2023-02,BE.1.4.2,3
2023-02,BE.4,1
2023-02,BE.4.1.1,1
2023-02,BF.10,9
2023-02,BF.10.1,2
2023-02,BF.13,1
2023-02,BF.2,1
2023-02,BF.21,3
2023-02,BF.27,1
2023-02,BF.32,1
2023-02,BF.39.1,1
2023-02,BF.4,2
2023-02,BF.5.4,1
2023-02,BF.7.14,31
2023-02,BF.7.14.1,3
2023-02,BF.7.14.4,14
2023-02,BF.7.14.5,17
2023-02,BF.7.14.6,11
2023-02,BF.7.15,12
2023-02,BF.7.27,1
2023-02,BK.1,2
2023-02,BL.1,1
2023-02,BN.1.2.7,2
2023-02,BN.1.3.10,1
2023-02,BN.1.3.11,1
2023-02,BN.1.3.2,9
2023-02,BN.1.3.9,5
2023-02,BN.1.4.5,4
2023-02,BQ.1.1.16,1
2023-02,BQ.1.1.25,1
2023-02,BQ.1.1.49,1
2023-02,BQ.1.1.55,1
2023-02,BQ.1.1.60,3
2023-02,BQ.1.1.61,10
2023-02,BQ.1.1.64,3
2023-02,BQ.1.1.70,2
2023-02,BQ.1.1.9,1
2023-02,BQ.1.11.1,2
2023-02,BQ.1.15.1,2
2023-02,BQ.1.16,1
2023-02,BQ.1.27,6
2023-02,BQ.1.29,2
2023-02,BQ.1.3,12
2023-02,BQ.1.6,3
2023-02,BQ.2,2
2023-02,BR.1.2,4
2023-02,BZ.2,4
2023-02,CA.1,1
2023-02,CA.5,1
2023-02,CH.1.1.23,9
2023-02,CJ.1,4
2023-02,CK.1.2,1
2023-02,CK.2,1
2023-02,CM.11,1
2023-02,CM.12,9
2023-02,CM.2,3
2023-02,CM.7,2
2023-02,CM.8.1.2,2
2023-02,CN.2,7
2023-02,CP.1,4
2023-02,CP.1.1,2
2023-02,CQ.1.1,1
2023-02,CZ.2,5
2023-02,DJ.1.1.1,1
2023-02,DK.1,4
2023-02,DN.3,2
2023-02,DN.3.1,1
2023-02,DT.3,8
2023-02,DY.1,6
2023-02,DY.2,20
2023-02,DY.3,102
2023-02,DY.4,20
2023-02,EB.1,5
2023-02,ED.1,2
2023-02,EG.13,21
2023-02,EG.14,4
2023-02,EG.4.1,8
2023-02,EK.1,1
2023-02,EK.2.1,10
2023-02,EK.4,5
2023-02,ES.1,17
2023-02,FC.1,1
2023-02,FD.5,23
2023-02,FE.1.1,1
2023-02,FG.1,9
2023-02,FK.1,4
2023-02,FK.1.2.2,1
2023-02,FL.1.1,4
2023-02,FL.14,1
2023-02,FL.19,3
2023-02,FL.23,2
2023-02,FL.25,2
2023-02,FL.35,2
2023-02,FL.4.1,4
2023-02,FL.4.5,3
2023-02,FL.6,2
2023-02,FL.7,18
2023-02,FP.3,1
2023-02,FQ.1,3
2023-02,FU.1,3
2023-02,FY.1,1
2023-02,FY.1.1,52
2023-02,FZ.1.1,2
2023-02,FZ.2,36
2023-02,GA.6,4
2023-02,GB.2,5
2023-02,GC.1,10
2023-02,GH.1,1
2023-02,GJ.4,3
2023-02,GR.1,1
2023-02,GU.1,6
2023-02,GV.1,2
2023-02,GW.2,4
2023-02,GW.3,1
2023-02,HS.1,1
2023-02,HZ.2,2
2023-02,HZ.3,23
2023-02,JD.2,1
2023-02,JN.1.17,1
2023-02,JN.1.34,1
2023-02,KT.1.2,1
2023-02,XBB.1.1,5
2023-02,XBB.1.12,3
2023-02,XBB.1.15.1,1
2023-02,XBB.1.16.2,3
2023-02,XBB.1.18,2
2023-02,XBB.1.19.2,1
2023-02,XBB.1.22.1,14
2023-02,XBB.1.27,1
2023-02,XBB.1.28,1
2023-02,XBB.1.3,1
2023-02,XBB.1.32,2
2023-02,XBB.1.34,5
2023-02,XBB.1.36,1
2023-02,XBB.1.37,1
2023-02,XBB.1.38.1,1
2023-02,XBB.1.48,4
2023-02,XBB.1.5.101,1
2023-02,XBB.1.5.104,26
2023-02,XBB.1.5.29,14
2023-02,XBB.1.5.41,14
2023-02,XBB.1.5.42,2
2023-02,XBB.1.5.58,3
2023-02,XBB.1.5.68,3
2023-02,XBB.1.5.84,5
2023-02,XBB.1.6,3
2023-02,XBB.1.7,7
2023-02,XBB.2.3.10,3
2023-02,XBB.2.3.12,2
2023-02,XBB.2.3.13,3
2023-02,XBB.2.3.2,1
2023-02,XBB.2.3.3,2
2023-02,XBB.2.3.4,1
2023-02,XBB.2.3.7,2
2023-02,XBB.2.3.9,3
2023-02,XBB.2.6.2,2
2023-02,XBB.3.2,5
2023-02,XBB.3.3,3
2023-02,XBB.4,9
2023-02,XBB.7,4
2023-02,XBB.9,1
2023-02,XBC.1.1,1
2023-02,XBC.1.2,1
2023-02,XBC.1.4,3
2023-02,XBD,2
2023-02,XBF.2,1
2023-02,XBJ,2
2023-02,XBJ.1,1
2023-02,XBJ.4,1
2023-02,XBL.2,2
2023-02,XBN,1
2023-02,XBP,11
2023-02,XCB,1
2023-02,XCC,3
2023-03,BA.2,37
2023-03,BA.2.12.1,6
2023-03,BA.2.14,1
2023-03,BA.4.6.5,1
2023-03,BA.5.1,11
2023-03,BA.5.1.34,5
2023-03,BA.5.11,37
2023-03,BA.5.2,19
2023-03,BE.13,15
2023-03,BE.4.2,3
2023-03,BE.9,31
2023-03,BF.10,1
2023-03,BF.26,3
2023-03,BN.1,51
2023-03,BN.1.2,60
2023-03,BN.1.3,74
2023-03,BN.1.3.1,80
2023-03,BN.1.4,7
2023-03,BN.1.4.4,3
2023-03,BN.1.5,19
2023-03,BN.3.1,10
2023-03,BQ.1,218
2023-03,BQ.1.1,1139
2023-03,BQ.1.1.1,36
2023-03,BQ.1.1.10,94
2023-03,BQ.1.1.13,44
2023-03,BQ.1.1.18,76
2023-03,BQ.1.1.2,113
2023-03,BQ.1.1.20,40
2023-03,BQ.1.1.22,35
2023-03,BQ.1.1.23,114
2023-03,BQ.1.1.28,14
2023-03,BQ.1.1.29,30
2023-03,BQ.1.1.3,66
2023-03,BQ.1.1.31,41
2023-03,BQ.1.1.32,152
2023-03,BQ.1.1.37,13
2023-03,BQ.1.1.39,7
2023-03,BQ.1.1.4,48
2023-03,BQ.1.1.40,13
2023-03,BQ.1.1.43,23
2023-03,BQ.1.1.44,4
2023-03,BQ.1.1.45,211
2023-03,BQ.1.1.46,24
2023-03,BQ.1.1.47,48
2023-03,BQ.1.1.5,45
2023-03,BQ.1.1.53,12
2023-03,BQ.1.1.54,15
2023-03,BQ.1.1.6,23
2023-03,BQ.1.1.63,63
2023-03,BQ.1.1.65,25
2023-03,BQ.1.1.67,4
2023-03,BQ.1.1.69,40
2023-03,BQ.1.1.7,37
2023-03,BQ.1.10,41
2023-03,BQ.1.10.1,22
2023-03,BQ.1.11,43
2023-03,BQ.1.12,21
2023-03,BQ.1.13.1,115
2023-03,BQ.1.15,4
2023-03,BQ.1.18,64
2023-03,BQ.1.2.1,8
2023-03,BQ.1.21,3
2023-03,BQ.1.23,22
2023-03,BQ.1.25,75
2023-03,BQ.1.25.1,124
2023-03,BQ.1.3.2,23
2023-03,BQ.1.32,16
2023-03,BQ.1.33,4
2023-03,BQ.1.8,9
2023-03,BQ.1.8.2,2
2023-03,BQ.1.9,4
2023-03,CH.1.1,1180
2023-03,CH.1.1.1,553
2023-03,CH.1.1.10,68
2023-03,CH.1.1.11,41
2023-03,CH.1.1.12,188
2023-03,CH.1.1.13,22
2023-03,CH.1.1.14,35
2023-03,CH.1.1.15,85
2023-03,CH.1.1.16,51
2023-03,CH.1.1.19,61
2023-03,CH.1.1.2,219
2023-03,CH.1.1.22,11
2023-03,CH.1.1.24,31
2023-03,CH.1.1.25,38
2023-03,CH.1.1.26,9
2023-03,CH.1.1.30,21
2023-03,CH.1.1.32,19
2023-03,CH.1.1.5,22
2023-03,CH.1.1.6,94
2023-03,CH.1.1.7,10
2023-03,CH.1.1.8,66
2023-03,CK.1,31
2023-03,CL.1,21
2023-03,CM.8.1,30
2023-03,CM.8.1.4,1
2023-03,CR.1,15
2023-03,CV.1,5
2023-03,DF.1.1,7
2023-03,DN.1.1,56
2023-03,DN.2,20
2023-03,DS.1,17
2023-03,DS.2,49
2023-03,DS.3,1
2023-03,DT.2,87
2023-03,DU.1,207
2023-03,DV.1.1,252
2023-03,DV.3,62
2023-03,DV.6,724
2023-03,DV.6.1,10
2023-03,EA.1,57
2023-03,EF.1,115
2023-03,EF.1.1,38
2023-03,EG.1,230
2023-03,EG.1.2,52
2023-03,EG.1.3,191
2023-03,EG.1.4,118
2023-03,EG.1.5,14
2023-03,EG.1.6,134
2023-03,EG.13,67
2023-03,EG.14,27
2023-03,EG.2,6
2023-03,EG.3,56
2023-03,EG.4,103
2023-03,EG.5.1.1,1
2023-03,EG.5.2,8
2023-03,EG.5.2.2,2
2023-03,EG.8,26
2023-03,EK.2,87
2023-03,EK.4,14
2023-03,EL.1,83
2023-03,EM.1,228
2023-03,EN.1,78
2023-03,EP.1,1
2023-03,EU.1,63
2023-03,EU.1.1,258
2023-03,EU.1.1.1,70
2023-03,EY.1,28
2023-03,FA.1,4
2023-03,FB.2,14
2023-03,FD.1,58
2023-03,FD.2,721
2023-03,FD.4,181
2023-03,FD.4.1,35
2023-03,FD.5,18
2023-03,FE.1.2,17
2023-03,FG.2,31
2023-03,FG.3,62
2023-03,FH.1,56
2023-03,FK.1,7
2023-03,FK.1.1,11
2023-03,FK.1.2.1,43
2023-03,FK.1.2.2,9
2023-03,FK.1.3,1
2023-03,FL.1,43
2023-03,FL.1.2,1
2023-03,FL.10,151
2023-03,FL.12,78
2023-03,FL.13,97
2023-03,FL.13.3,33
2023-03,FL.14,4
2023-03,FL.18,82
2023-03,FL.2,187
2023-03,FL.2.1,91
2023-03,FL.2.7,26
2023-03,FL.21,8
2023-03,FL.22,9
2023-03,FL.26,35
2023-03,FL.26.1,3
2023-03,FL.27,40
2023-03,FL.29,6
2023-03,FL.3,705
2023-03,FL.3.1,320
2023-03,FL.3.2,158
2023-03,FL.3.3,167
2023-03,FL.39,2
2023-03,FL.4,311
2023-03,FL.4.1.1,1
2023-03,FL.5,332
2023-03,FL.7,29
2023-03,FL.8,148
2023-03,FL.9,88
2023-03,FM.2,56
2023-03,FP.4,7
2023-03,FR.1,8
2023-03,FS.1,107
2023-03,FT.1,9
2023-03,FT.3,30
2023-03,FW.2,2
2023-03,FY.2.1,4
2023-03,FZ.1,40
2023-03,GA.1,37
2023-03,GA.2,11
2023-03,GA.5,29
2023-03,GB.2,14
2023-03,GC.1,13
2023-03,GF.1,23
2023-03,GL.3,33
2023-03,GP.1,28
2023-03,GP.2,70
2023-03,GP.3,23
2023-03,GU.1,31
2023-03,GW.2,19
2023-03,GY.2.1,1
2023-03,HJ.1,28
2023-03,HT.1,44
2023-03,HT.2,50
2023-03,HZ.2,28
2023-03,HZ.3,36
2023-03,JD.2,12
2023-03,JK.1,38
2023-03,XAY.2.1,4
2023-03,XAY.2.2,7
2023-03,XAY.2.3,35
2023-03,XBB,66
2023-03,XBB.1,565
2023-03,XBB.1.11.1,28
2023-03,XBB.1.13.1,12
2023-03,XBB.1.15,34
2023-03,XBB.1.16,325
2023-03,XBB.1.16.1,114
2023-03,XBB.1.16.19,11
2023-03,XBB.1.16.2,22
2023-03,XBB.1.16.4,10
2023-03,XBB.1.17.1,152
2023-03,XBB.1.18.1,54
2023-03,XBB.1.19.1,75
2023-03,XBB.1.22,36
2023-03,XBB.1.22.2,45
2023-03,XBB.1.28.1,4
2023-03,XBB.1.30,16
2023-03,XBB.1.34.1,6
2023-03,XBB.1.34.2,5
2023-03,XBB.1.35,6
2023-03,XBB.1.37.1,6
2023-03,XBB.1.43,1
2023-03,XBB.1.45.1,46
2023-03,XBB.1.5,24104
2023-03,XBB.1.5.1,525
2023-03,XBB.1.5.10,133
2023-03,XBB.1.5.100,81
2023-03,XBB.1.5.101,12
2023-03,XBB.1.5.104,54
2023-03,XBB.1.5.11,229
2023-03,XBB.1.5.110,40
2023-03,XBB.1.5.12,487
2023-03,XBB.1.5.13,1255
2023-03,XBB.1.5.14,154
2023-03,XBB.1.5.15,588
2023-03,XBB.1.5.16,398
2023-03,XBB.1.5.17,368
2023-03,XBB.1.5.18,814
2023-03,XBB.1.5.19,215
2023-03,XBB.1.5.2,254
2023-03,XBB.1.5.20,488
2023-03,XBB.1.5.21,301
2023-03,XBB.1.5.22,11
2023-03,XBB.1.5.23,174
2023-03,XBB.1.5.24,489
2023-03,XBB.1.5.25,57
2023-03,XBB.1.5.27,40
2023-03,XBB.1.5.28,90
2023-03,XBB.1.5.3,100
2023-03,XBB.1.5.30,180
2023-03,XBB.1.5.31,283
2023-03,XBB.1.5.32,409
2023-03,XBB.1.5.33,286
2023-03,XBB.1.5.34,113
2023-03,XBB.1.5.35,317
2023-03,XBB.1.5.36,164
2023-03,XBB.1.5.37,290
2023-03,XBB.1.5.38,48
2023-03,XBB.1.5.4,374
2023-03,XBB.1.5.40,18
2023-03,XBB.1.5.43,41
2023-03,XBB.1.5.46,422
2023-03,XBB.1.5.47,425
2023-03,XBB.1.5.48,389
2023-03,XBB.1.5.49,615
2023-03,XBB.1.5.5,137
2023-03,XBB.1.5.50,69
2023-03,XBB.1.5.51,319
2023-03,XBB.1.5.52,520
2023-03,XBB.1.5.55,50
2023-03,XBB.1.5.56,72
2023-03,XBB.1.5.59,69
2023-03,XBB.1.5.6,28
2023-03,XBB.1.5.60,87
2023-03,XBB.1.5.61,105
2023-03,XBB.1.5.62,184
2023-03,XBB.1.5.63,161
2023-03,XBB.1.5.64,41
2023-03,XBB.1.5.65,378
2023-03,XBB.1.5.66,243
2023-03,XBB.1.5.67,219
2023-03,XBB.1.5.69,109
2023-03,XBB.1.5.7,1527
2023-03,XBB.1.5.71,1
2023-03,XBB.1.5.73,78
2023-03,XBB.1.5.75,46
2023-03,XBB.1.5.76,45
2023-03,XBB.1.5.77,135
2023-03,XBB.1.5.78,58
2023-03,XBB.1.5.79,63
2023-03,XBB.1.5.8,38
2023-03,XBB.1.5.80,84
2023-03,XBB.1.5.83,11
2023-03,XBB.1.5.86,51
2023-03,XBB.1.5.9,52
2023-03,XBB.1.5.90,41
2023-03,XBB.1.5.91,71
2023-03,XBB.1.5.92,15
2023-03,XBB.1.5.95,270
2023-03,XBB.1.5.96,174
2023-03,XBB.1.9,327
2023-03,XBB.1.9.1,1114
2023-03,XBB.1.9.2,658
2023-03,XBB.1.9.4,10
2023-03,XBB.2.11.1,35
2023-03,XBB.2.3,164
2023-03,XBB.2.3.1,65
2023-03,XBB.2.3.11,5
2023-03,XBB.2.3.13,17
2023-03,XBB.2.3.2,27
2023-03,XBB.2.3.3,12
2023-03,XBB.2.3.4,8
2023-03,XBB.2.3.7,9
2023-03,XBB.2.3.9,9
2023-03,XBB.2.4,38
2023-03,XBB.3.4,5
2023-03,XBB.6.1,41
2023-03,XBC.1.2.1,22
2023-03,XBF,281
2023-03,XBF.3,57
2023-03,XBK,49
2023-03,XBK.1,84
2023-03,XBQ,27
2023-03,XCA,39
2023-03,unclassifiable,661
2023-03,B.1,1
2023-03,B.1.1.529,5
2023-03,BA.1.1,5
2023-03,BA.1.18,1
2023-03,BA.2.10.1,15
2023-03,BA.2.24,1
2023-03,BA.2.3.20,9
2023-03,BA.2.56,1
2023-03,BA.2.75,4
2023-03,BA.2.75.5,4
2023-03,BA.4.6,4
2023-03,BA.4.6.3,2
2023-03,BA.5,7
2023-03,BA.5.1.1,1
2023-03,BA.5.1.12,9
2023-03,BA.5.1.26,3
2023-03,BA.5.12,1
2023-03,BA.5.2.1,19
2023-03,BA.5.2.18,2
2023-03,BA.5.2.34,5
2023-03,BA.5.2.35,8
2023-03,BA.5.2.46,1
2023-03,BA.5.2.6,16
2023-03,BA.5.2.60,6
2023-03,BA.5.3.1,11
2023-03,BE.1.1.1,5
2023-03,BE.1.1.2,1
2023-03,BE.1.2.1,5
2023-03,BE.10,5
2023-03,BE.7,1
2023-03,BE.8,1
2023-03,BF.11,9
2023-03,BF.11.2,9
2023-03,BF.11.3,1
2023-03,BF.14,7
2023-03,BF.5,2
2023-03,BF.5.5,1
2023-03,BF.7,45
2023-03,BF.7.10,1
2023-03,BF.7.13.2,1
2023-03,BF.7.19,1
2023-03,BF.7.24,1
2023-03,BF.7.3,2
2023-03,BF.7.4,6
2023-03,BF.7.5,5
2023-03,BF.7.6,5
2023-03,BM.1.1,1
2023-03,BM.1.1.4,10
2023-03,BM.4.1.1,7
2023-03,BN.1.1.1,6
2023-03,BN.1.2.1,1
2023-03,BN.1.2.3,10
2023-03,BN.1.2.4,2
2023-03,BN.1.2.6,2
2023-03,BN.1.2.8,2
2023-03,BN.1.3.12,5
2023-03,BN.1.3.3,2
2023-03,BN.1.3.5,6
2023-03,BN.1.3.7,12
2023-03,BN.1.3.8,2
2023-03,BN.1.3.9,5
2023-03,BN.1.4.2,28
2023-03,BN.1.4.3,6
2023-03,BN.1.7,13
2023-03,BN.1.9,1
2023-03,BQ.1.1.11,8
2023-03,BQ.1.1.14,2
2023-03,BQ.1.1.15,24
2023-03,BQ.1.1.17,3
2023-03,BQ.1.1.19,3
2023-03,BQ.1.1.24,18
2023-03,BQ.1.1.26,1
2023-03,BQ.1.1.27,4
2023-03,BQ.1.1.35,44
2023-03,BQ.1.1.36,27
2023-03,BQ.1.1.38,2
2023-03,BQ.1.1.41,23
2023-03,BQ.1.1.42,31
2023-03,BQ.1.1.48,13
2023-03,BQ.1.1.56,2
2023-03,BQ.1.1.58,22
2023-03,BQ.1.1.59,5
2023-03,BQ.1.1.66,8
2023-03,BQ.1.1.71,55
2023-03,BQ.1.1.72,19
2023-03,BQ.1.1.74,16
2023-03,BQ.1.1.76,6
2023-03,BQ.1.1.79,2
2023-03,BQ.1.1.8,27
2023-03,BQ.1.10.3,4
2023-03,BQ.1.14,38
2023-03,BQ.1.2,51
2023-03,BQ.1.2.2,9
2023-03,BQ.1.22,16
2023-03,BQ.1.26.1,2
2023-03,BQ.1.26.2,5
2023-03,BQ.1.27,1
2023-03,BQ.1.28,30
2023-03,BQ.1.3.1,10
2023-03,BQ.1.31,6
2023-03,BQ.1.5,5
2023-03,BR.1,5
2023-03,BR.2.1,49
2023-03,BW.1,3
2023-03,BY.1,2
2023-03,CA.3.1,12
2023-03,CA.7,3
2023-03,CH.1.1.18,32
2023-03,CH.1.1.20,11
2023-03,CH.1.1.21,22
2023-03,CH.1.1.23,26
2023-03,CH.1.1.27,2
2023-03,CH.1.1.28,18
2023-03,CH.1.1.29,3
2023-03,CH.1.1.3,20
2023-03,CH.1.1.4,2
2023-03,CH.1.1.9,13
2023-03,CJ.1.2,4
2023-03,CJ.1.3,6
2023-03,CK.1.3,6
2023-03,CK.1.4,22
2023-03,CK.2.1,6
2023-03,CL.1.1,3
2023-03,CL.1.2,1
2023-03,CL.1.3,1
2023-03,CM.2.1,2
2023-03,CM.5,2
2023-03,CN.1,1
2023-03,CQ.1,2
2023-03,CQ.2,7
2023-03,DB.1,4
2023-03,DG.1,1
2023-03,DN.1,14
2023-03,DN.1.1.3,20
2023-03,DN.1.1.4,14
2023-03,DR.1,3
2023-03,DT.1,14
2023-03,DV.1,51
2023-03,DV.2,44
2023-03,DV.3.1,10
2023-03,DV.5,13
2023-03,DV.6.2,3
2023-03,DV.7,91
2023-03,DV.7.2,16
2023-03,EC.1,6
2023-03,EC.1.1,13
2023-03,EE.2,20
2023-03,EE.4,5
2023-03,EF.1.1.1,16
2023-03,EF.1.2,5
2023-03,EF.2,43
2023-03,EF.3,5
2023-03,EG.1.4.1,2
2023-03,EG.12,5
2023-03,EG.5.1,2
2023-03,EG.6,1
2023-03,EG.7,2
2023-03,EH.1,10
2023-03,EJ.1,1
2023-03,EK.3,48
2023-03,ER.1,40
2023-03,ER.1.1,20
2023-03,ET.1,22
2023-03,EU.1.1.2,3
2023-03,EU.1.1.3,1
2023-03,EW.1,1
2023-03,EW.2,6
2023-03,EZ.1,26
2023-03,FB.1,17
2023-03,FE.1,13
2023-03,FE.1.1.1,1
2023-03,FF.1,7
2023-03,FJ.1,29
2023-03,FL.10.1,3
2023-03,FL.11,4
2023-03,FL.13.3.1,21
2023-03,FL.17,23
2023-03,FL.19,24
2023-03,FL.2.3,4
2023-03,FL.2.5,1
2023-03,FL.2.6,2
2023-03,FL.23,6
2023-03,FL.23.1,1
2023-03,FL.3.4,110
2023-03,FL.31,14
2023-03,FL.33,15
2023-03,FL.37,2
2023-03,FL.4.5,14
2023-03,FL.4.9,1
2023-03,FL.6,4
2023-03,FM.1,27
2023-03,FN.1,30
2023-03,FP.3,1
2023-03,FT.4,17
2023-03,FU.2,17
2023-03,FW.1,3
2023-03,FY.1,6
2023-03,FY.1.1,6
2023-03,FY.9,3
2023-03,FZ.1.1,67
2023-03,GA.6,11
2023-03,GA.7.2,1
2023-03,GA.8,2
2023-03,GA.9,2
2023-03,GB.1,9
2023-03,GV.1,9
2023-03,GW.3,16
2023-03,GW.4,7
2023-03,HC.1,1
2023-03,HH.4,6
2023-03,JA.1,2
2023-03,XAY.1.1.2,11
2023-03,XAY.1.1.3,6
2023-03,XAY.2,6
2023-03,XBB.1.12,4
2023-03,XBB.1.13,7
2023-03,XBB.1.14,2
2023-03,XBB.1.15.1,5
2023-03,XBB.1.16.13,2
2023-03,XBB.1.16.21,4
2023-03,XBB.1.19,6
2023-03,XBB.1.21,13
2023-03,XBB.1.22.1,18
2023-03,XBB.1.34,7
2023-03,XBB.1.43.1,11
2023-03,XBB.1.44,1
2023-03,XBB.1.5.102,3
2023-03,XBB.1.5.107,49
2023-03,XBB.1.5.26,42
2023-03,XBB.1.5.39,37
2023-03,XBB.1.5.42,4
2023-03,XBB.1.5.44,13
2023-03,XBB.1.5.54,9
2023-03,XBB.1.5.57,23
2023-03,XBB.1.5.84,6
2023-03,XBB.1.5.88,26
2023-03,XBB.1.5.94,18
2023-03,XBB.1.5.97,42
2023-03,XBB.1.5.99,68
2023-03,XBB.1.9.3,3
2023-03,XBB.1.9.5,1
2023-03,XBB.2.10,5
2023-03,XBB.2.11,6
2023-03,XBB.2.3.12,3
2023-03,XBB.2.3.14,12
2023-03,XBB.2.3.20,2
2023-03,XBB.2.5,27
2023-03,XBB.2.8,2
2023-03,XBB.2.9,3
2023-03,XBB.8,1
2023-03,XBB.8.1,3
2023-03,XBC.1,1
2023-03,XBF.1.1,48
2023-03,XBF.4,57
2023-03,XBF.6,17
2023-03,XBF.7,15
2023-03,XBF.7.1,19
2023-03,XBF.8.1,1
2023-03,XBF.9,9
2023-03,XBL,8
2023-03,XBL.1,6
2023-03,XBL.3,9
2023-03,XBR,1
2023-03,XBS,1
2023-03,XBT,19
2023-03,XBU,8
2023-03,XBV,1
2023-03,XBW,18
2023-03,XBZ,2
2023-03,A,1
2023-03,A.1,2
2023-03,B.1.1,1
2023-03,B.1.2,15
2023-03,B.1.243,1
2023-03,B.1.588,2
2023-03,BA.1.1.18,1
2023-03,BA.2.1,1
2023-03,BA.2.10,1
2023-03,BA.2.29,1
2023-03,BA.2.75.6,4
2023-03,BA.4.1,1
2023-03,BA.4.6.1,1
2023-03,BA.5.1.18,1
2023-03,BA.5.1.27,5
2023-03,BA.5.1.38,2
2023-03,BA.5.1.5,2
2023-03,BA.5.2.13,2
2023-03,BA.5.2.14,1
2023-03,BA.5.2.20,1
2023-03,BA.5.2.24,1
2023-03,BA.5.2.48,10
2023-03,BA.5.2.52,1
2023-03,BA.5.2.54,1
2023-03,BA.5.2.57,1
2023-03,BA.5.2.59,2
2023-03,BA.5.3.5,5
2023-03,BA.5.6.2,1
2023-03,BE.1,3
2023-03,BE.1.1,2
2023-03,BF.25,1
2023-03,BF.29,1
2023-03,BF.7.14,18
2023-03,BF.7.14.1,7
2023-03,BF.7.14.2,1
2023-03,BF.7.14.4,2
2023-03,BF.7.14.5,14
2023-03,BF.7.14.6,7
2023-03,BF.7.15,1
2023-03,BF.7.21,1
2023-03,BF.7.22,2
2023-03,BF.7.4.1,4
2023-03,BF.7.7,1
2023-03,BL.1,1
2023-03,BM.1,1
2023-03,BN.1.1,7
2023-03,BN.1.10,1
2023-03,BN.1.2.2,1
2023-03,BN.1.3.10,1
2023-03,BN.1.3.11,1
2023-03,BN.1.3.2,1
2023-03,BN.1.3.6,2
2023-03,BN.1.4.1,12
2023-03,BQ.1.1.21,1
2023-03,BQ.1.1.51,6
2023-03,BQ.1.1.52,22
2023-03,BQ.1.1.55,1
2023-03,BQ.1.1.57,1
2023-03,BQ.1.1.61,1
2023-03,BQ.1.1.62,2
2023-03,BQ.1.1.68,18
2023-03,BQ.1.1.77,2
2023-03,BQ.1.1.78,1
2023-03,BQ.1.10.2,10
2023-03,BQ.1.13,7
2023-03,BQ.1.15.1,2
2023-03,BQ.1.16,2
2023-03,BQ.1.2.3,7
2023-03,BQ.1.24,1
2023-03,BQ.1.26,3
2023-03,BQ.1.29,2
2023-03,BQ.1.3,1
2023-03,BQ.1.6,1
2023-03,BQ.1.7,3
2023-03,BR.1.2,1
2023-03,BR.2,1
2023-03,BU.1,2
2023-03,BW.1.1,7
2023-03,BW.1.1.1,5
2023-03,BW.1.1.2,3
2023-03,CA.1,2
2023-03,CG.1,1
2023-03,CH.1.1.17,4
2023-03,CJ.1,2
2023-03,CK.1.5,2
2023-03,CK.2.1.1,3
2023-03,CM.10,1
2023-03,CM.5.2,1
2023-03,CM.8.1.5,1
2023-03,CN.2,1
2023-03,CP.1,1
2023-03,CP.7,1
2023-03,CR.1.1,7
2023-03,CZ.2,2
2023-03,DF.1,1
2023-03,DJ.1.1.1,1
2023-03,DN.1.1.2,1
2023-03,DN.3.1,1
2023-03,DQ.1,2
2023-03,DR.2,11
2023-03,DT.3,5
2023-03,DV.8,1
2023-03,DY.1,6
2023-03,DY.1.1,2
2023-03,DY.2,9
2023-03,DY.3,40
2023-03,DY.4,13
2023-03,ED.3,10
2023-03,EE.1,1
2023-03,EE.3,8
2023-03,EE.5,2
2023-03,EG.1.7,5
2023-03,EG.4.1,15
2023-03,EG.4.3,1
2023-03,EK.2.1,23
2023-03,ES.1,9
2023-03,EV.1,7
2023-03,FD.1.1,5
2023-03,FD.3,5
2023-03,FE.1.1,19
2023-03,FG.1,15
2023-03,FK.1.1.2,1
2023-03,FK.1.5,1
2023-03,FL.1.1,27
2023-03,FL.17.1,1
2023-03,FL.18.1,2
2023-03,FL.2.4,1
2023-03,FL.25,2
2023-03,FL.35,2
2023-03,FL.4.1,5
2023-03,FL.4.6,5
2023-03,FR.1.5,1
2023-03,FT.2,1
2023-03,FU.1,25
2023-03,FU.1.1,1
2023-03,FU.2.1,3
2023-03,FU.3,2
2023-03,FU.4,3
2023-03,FY.2,2
2023-03,FY.4,3
2023-03,FZ.2,23
2023-03,GA.10,2
2023-03,GA.3,30
2023-03,GA.7,2
2023-03,GC.2,13
2023-03,GD.1,5
2023-03,GG.1,4
2023-03,GH.1,3
2023-03,GJ.3,7
2023-03,GJ.4,4
2023-03,GN.3,1
2023-03,GR.1,6
2023-03,GY.5,1
2023-03,HH.1,5
2023-03,HH.2,2
2023-03,HH.7,3
2023-03,HP.1,2
2023-03,HS.1,4
2023-03,HW.1,1
2023-03,HY.1,2
2023-03,HZ.1,2
2023-03,JN.1.8,1
2023-03,XBB.1.1,2
2023-03,XBB.1.10,2
2023-03,XBB.1.12.1,1
2023-03,XBB.1.14.1,2
2023-03,XBB.1.16.11,2
2023-03,XBB.1.16.18,1
2023-03,XBB.1.16.20,6
2023-03,XBB.1.16.22,1
2023-03,XBB.1.16.25,4
2023-03,XBB.1.16.3,5
2023-03,XBB.1.16.31,2
2023-03,XBB.1.16.5,2
2023-03,XBB.1.16.7,1
2023-03,XBB.1.16.8,2
2023-03,XBB.1.18,3
2023-03,XBB.1.19.2,3
2023-03,XBB.1.24,1
2023-03,XBB.1.29,4
2023-03,XBB.1.36,1
2023-03,XBB.1.4,6
2023-03,XBB.1.4.1,1
2023-03,XBB.1.40,1
2023-03,XBB.1.42,2
2023-03,XBB.1.44.1,1
2023-03,XBB.1.47.1,2
2023-03,XBB.1.48,2
2023-03,XBB.1.5.29,11
2023-03,XBB.1.5.41,19
2023-03,XBB.1.5.58,1
2023-03,XBB.1.5.68,2
2023-03,XBB.1.5.72,2
2023-03,XBB.1.5.74,2
2023-03,XBB.1.5.81,1
2023-03,XBB.1.5.85,2
2023-03,XBB.1.5.93,13
2023-03,XBB.1.5.98,9
2023-03,XBB.1.7,1
2023-03,XBB.2,7
2023-03,XBB.2.2,4
2023-03,XBB.2.3.10,5
2023-03,XBB.2.3.19,4
2023-03,XBB.2.3.5,10
2023-03,XBB.2.3.6,6
2023-03,XBB.2.6,11
2023-03,XBB.2.6.1,2
2023-03,XBB.2.6.3,1
2023-03,XBB.2.7.1,1
2023-03,XBB.4,5
2023-03,XBB.6,1
2023-03,XBF.2,6
2023-03,XBF.5,9
2023-03,XBL.2,1
2023-03,XBL.3.1,2
2023-03,XBP,3
2023-03,XCC,11
2023-03,XCE,3
2023-03,XCF,1
2023-03,XCG,3
2023-04,BA.2,30
2023-04,BA.4,3
2023-04,BA.5,4
2023-04,BA.5.1.34,1
2023-04,BA.5.2.1,7
2023-04,BF.26,2
2023-04,BF.7,5
2023-04,BN.1,3
2023-04,BN.1.2,9
2023-04,BN.1.2.3,2
2023-04,BN.1.3,4
2023-04,BN.1.3.1,7
2023-04,BQ.1,16
2023-04,BQ.1.1,118
2023-04,BQ.1.1.10,7
2023-04,BQ.1.1.17,2
2023-04,BQ.1.1.20,4
2023-04,BQ.1.1.23,19
2023-04,BQ.1.1.28,2
2023-04,BQ.1.1.29,5
2023-04,BQ.1.1.3,5
2023-04,BQ.1.1.31,2
2023-04,BQ.1.1.32,29
2023-04,BQ.1.1.35,10
2023-04,BQ.1.1.43,5
2023-04,BQ.1.1.45,38
2023-04,BQ.1.1.47,12
2023-04,BQ.1.1.53,4
2023-04,BQ.1.1.63,10
2023-04,BQ.1.1.69,3
2023-04,BQ.1.13.1,12
2023-04,BQ.1.2,5
2023-04,BQ.1.2.3,2
2023-04,BQ.1.25.1,28
2023-04,BQ.1.3.2,3
2023-04,BR.2,2
2023-04,BR.2.1,22
2023-04,CH.1.1,167
2023-04,CH.1.1.1,110
2023-04,CH.1.1.10,11
2023-04,CH.1.1.12,49
2023-04,CH.1.1.13,2
2023-04,CH.1.1.15,23
2023-04,CH.1.1.16,24
2023-04,CH.1.1.18,10
2023-04,CH.1.1.19,10
2023-04,CH.1.1.2,52
2023-04,CH.1.1.20,17
2023-04,CH.1.1.22,2
2023-04,CH.1.1.23,6
2023-04,CH.1.1.24,9
2023-04,CH.1.1.25,13
2023-04,CH.1.1.32,32
2023-04,CH.1.1.5,2
2023-04,CH.1.1.6,19
2023-04,CM.8.1,14
2023-04,CR.1.1,1
2023-04,CV.1,2
2023-04,DN.2,3
2023-04,DS.1,3
2023-04,DT.2,14
2023-04,DU.1,15
2023-04,DV.1,29
2023-04,DV.1.1,85
2023-04,DV.2,3
2023-04,DV.3,9
2023-04,DV.6,170
2023-04,DV.6.1,15
2023-04,DV.7,45
2023-04,DY.2,1
2023-04,EC.1.1,4
2023-04,EE.2,10
2023-04,EF.1,16
2023-04,EF.2,2
2023-04,EG.1,253
2023-04,EG.1.2,35
2023-04,EG.1.3,143
2023-04,EG.1.4,72
2023-04,EG.1.4.1,1
2023-04,EG.1.5,7
2023-04,EG.1.6,44
2023-04,EG.13,38
2023-04,EG.14,30
2023-04,EG.2,35
2023-04,EG.3,20
2023-04,EG.4,131
2023-04,EG.4.1,4
2023-04,EG.4.3,2
2023-04,EG.5.1,18
2023-04,EG.5.1.15,3
2023-04,EG.5.1.4,1
2023-04,EG.5.2,37
2023-04,EG.6.1,5
2023-04,EG.8,35
2023-04,EG.9.1,4
2023-04,EK.2,36
2023-04,EK.2.1,69
2023-04,EK.3,17
2023-04,EK.4,6
2023-04,EL.1,45
2023-04,EM.1,73
2023-04,EN.1,23
2023-04,ER.1.1,1
2023-04,ET.1,5
2023-04,EU.1,34
2023-04,EU.1.1,166
2023-04,EU.1.1.1,70
2023-04,EU.1.1.2,7
2023-04,EY.1,16
2023-04,FB.2,4
2023-04,FD.1,11
2023-04,FD.1.1,7
2023-04,FD.2,408
2023-04,FD.4,92
2023-04,FD.4.1,19
2023-04,FE.1,8
2023-04,FE.1.1,15
2023-04,FE.1.2,47
2023-04,FG.1,10
2023-04,FG.2,14
2023-04,FG.3,27
2023-04,FH.1,40
2023-04,FK.1.2.1,32
2023-04,FK.1.2.2,11
2023-04,FL.1,37
2023-04,FL.1.1,15
2023-04,FL.1.2,5
2023-04,FL.1.3,10
2023-04,FL.1.4,18
2023-04,FL.10,162
2023-04,FL.10.1,2
2023-04,FL.11,19
2023-04,FL.12,57
2023-04,FL.13,64
2023-04,FL.13.3,28
2023-04,FL.13.3.1,19
2023-04,FL.15,13
2023-04,FL.18,68
2023-04,FL.2,169
2023-04,FL.2.1,65
2023-04,FL.2.4,7
2023-04,FL.2.7,20
2023-04,FL.22,16
2023-04,FL.25,6
2023-04,FL.26,32
2023-04,FL.27,31
2023-04,FL.3,325
2023-04,FL.3.1,248
2023-04,FL.3.2,87
2023-04,FL.3.3,89
2023-04,FL.3.4,24
2023-04,FL.31,14
2023-04,FL.33,15
2023-04,FL.35,5
2023-04,FL.4,272
2023-04,FL.40,2
2023-04,FL.5,205
2023-04,FL.7,32
2023-04,FL.8,91
2023-04,FL.9,120
2023-04,FQ.1,2
2023-04,FS.1,66
2023-04,FT.3,30
2023-04,FU.1,60
2023-04,FU.2,28
2023-04,FU.2.1,6
2023-04,FW.1,9
2023-04,FY.1,15
2023-04,FY.1.2,6
2023-04,FY.1.4,10
2023-04,FY.2,13
2023-04,FY.2.1,3
2023-04,FY.6,2
2023-04,FZ.1,12
2023-04,FZ.1.1,63
2023-04,FZ.2,11
2023-04,GA.1,16
2023-04,GA.3,10
2023-04,GA.6,12
2023-04,GB.2,5
2023-04,GD.1,10
2023-04,GF.1,9
2023-04,GG.1,10
2023-04,GJ.1.2,10
2023-04,GJ.2,7
2023-04,GJ.3,3
2023-04,GP.2,14
2023-04,GR.1,52
2023-04,GS.1,4
2023-04,GU.1,32
2023-04,GW.3,18
2023-04,GW.5,1
2023-04,GY.2.1,1
2023-04,HC.1,7
2023-04,HH.1,14
2023-04,HH.2,9
2023-04,HH.7,18
2023-04,HJ.1,24
2023-04,HT.1,41
2023-04,HT.2,59
2023-04,HZ.1,16
2023-04,HZ.3,44
2023-04,JD.2,9
2023-04,JZ.1,1
2023-04,XAY.2.2,1
2023-04,XAY.2.3,4
2023-04,XBB,41
2023-04,XBB.1,183
2023-04,XBB.1.1,1
2023-04,XBB.1.10,1
2023-04,XBB.1.11.1,13
2023-04,XBB.1.14,3
2023-04,XBB.1.15.1,11
2023-04,XBB.1.16,981
2023-04,XBB.1.16.1,327
2023-04,XBB.1.16.12,7
2023-04,XBB.1.16.13,14
2023-04,XBB.1.16.18,31
2023-04,XBB.1.16.19,30
2023-04,XBB.1.16.2,113
2023-04,XBB.1.16.20,11
2023-04,XBB.1.16.21,30
2023-04,XBB.1.16.25,6
2023-04,XBB.1.16.4,12
2023-04,XBB.1.16.5,15
2023-04,XBB.1.17.1,70
2023-04,XBB.1.18.1,35
2023-04,XBB.1.19.1,34
2023-04,XBB.1.19.2,1
2023-04,XBB.1.22,22
2023-04,XBB.1.22.1,14
2023-04,XBB.1.22.2,28
2023-04,XBB.1.34,13
2023-04,XBB.1.34.2,3
2023-04,XBB.1.37.1,5
2023-04,XBB.1.40,3
2023-04,XBB.1.42,20
2023-04,XBB.1.43.1,15
2023-04,XBB.1.44.1,2
2023-04,XBB.1.45.1,39
2023-04,XBB.1.5,11807
2023-04,XBB.1.5.1,362
2023-04,XBB.1.5.10,147
2023-04,XBB.1.5.100,85
2023-04,XBB.1.5.101,13
2023-04,XBB.1.5.104,57
2023-04,XBB.1.5.105,3
2023-04,XBB.1.5.107,25
2023-04,XBB.1.5.11,89
2023-04,XBB.1.5.110,55
2023-04,XBB.1.5.12,208
2023-04,XBB.1.5.13,615
2023-04,XBB.1.5.14,100
2023-04,XBB.1.5.15,331
2023-04,XBB.1.5.16,171
2023-04,XBB.1.5.17,222
2023-04,XBB.1.5.18,271
2023-04,XBB.1.5.19,76
2023-04,XBB.1.5.2,135
2023-04,XBB.1.5.20,212
2023-04,XBB.1.5.21,142
2023-04,XBB.1.5.23,67
2023-04,XBB.1.5.24,211
2023-04,XBB.1.5.26,23
2023-04,XBB.1.5.27,46
2023-04,XBB.1.5.28,54
2023-04,XBB.1.5.3,56
2023-04,XBB.1.5.30,107
2023-04,XBB.1.5.31,124
2023-04,XBB.1.5.32,188
2023-04,XBB.1.5.33,157
2023-04,XBB.1.5.34,44
2023-04,XBB.1.5.35,186
2023-04,XBB.1.5.36,62
2023-04,XBB.1.5.37,191
2023-04,XBB.1.5.38,24
2023-04,XBB.1.5.39,25
2023-04,XBB.1.5.4,239
2023-04,XBB.1.5.40,23
2023-04,XBB.1.5.41,8
2023-04,XBB.1.5.44,18
2023-04,XBB.1.5.46,151
2023-04,XBB.1.5.47,101
2023-04,XBB.1.5.48,194
2023-04,XBB.1.5.49,400
2023-04,XBB.1.5.5,69
2023-04,XBB.1.5.50,41
2023-04,XBB.1.5.51,141
2023-04,XBB.1.5.52,227
2023-04,XBB.1.5.55,21
2023-04,XBB.1.5.56,41
2023-04,XBB.1.5.57,18
2023-04,XBB.1.5.59,92
2023-04,XBB.1.5.6,22
2023-04,XBB.1.5.60,26
2023-04,XBB.1.5.61,58
2023-04,XBB.1.5.62,64
2023-04,XBB.1.5.63,55
2023-04,XBB.1.5.64,19
2023-04,XBB.1.5.65,124
2023-04,XBB.1.5.66,126
2023-04,XBB.1.5.67,92
2023-04,XBB.1.5.69,94
2023-04,XBB.1.5.7,466
2023-04,XBB.1.5.71,4
2023-04,XBB.1.5.73,69
2023-04,XBB.1.5.75,25
2023-04,XBB.1.5.76,32
2023-04,XBB.1.5.77,79
2023-04,XBB.1.5.78,87
2023-04,XBB.1.5.8,13
2023-04,XBB.1.5.80,57
2023-04,XBB.1.5.83,6
2023-04,XBB.1.5.86,57
2023-04,XBB.1.5.9,16
2023-04,XBB.1.5.90,23
2023-04,XBB.1.5.91,84
2023-04,XBB.1.5.92,11
2023-04,XBB.1.5.93,14
2023-04,XBB.1.5.95,134
2023-04,XBB.1.5.96,42
2023-04,XBB.1.5.98,15
2023-04,XBB.1.5.99,35
2023-04,XBB.1.9,213
2023-04,XBB.1.9.1,832
2023-04,XBB.1.9.2,515
2023-04,XBB.2,1
2023-04,XBB.2.3,221
2023-04,XBB.2.3.1,47
2023-04,XBB.2.3.12,8
2023-04,XBB.2.3.14,5
2023-04,XBB.2.3.19,15
2023-04,XBB.2.3.2,62
2023-04,XBB.2.3.3,43
2023-04,XBB.2.3.4,14
2023-04,XBB.2.3.6,8
2023-04,XBB.2.3.7,6
2023-04,XBB.2.4,22
2023-04,XBB.2.6,3
2023-04,XBB.2.6.2,1
2023-04,XBB.2.9,4
2023-04,XBC.1.2.1,6
2023-04,XBF,62
2023-04,XBF.3,11
2023-04,XBK,18
2023-04,XBK.1,21
2023-04,XBL,7
2023-04,XBV,1
2023-04,XCC,13
2023-04,XCE,2
2023-04,unclassifiable,369
2023-04,AY.4,1
2023-04,B.1.1.7,3
2023-04,B.1.177,1
2023-04,BA.1.18,1
2023-04,BA.2.10.1,7
2023-04,BA.2.12.1,4
2023-04,BA.4.1.11,1
2023-04,BA.4.6,1
2023-04,BA.5.1,5
2023-04,BA.5.1.1,2
2023-04,BA.5.1.12,1
2023-04,BA.5.1.26,2
2023-04,BA.5.11,2
2023-04,BA.5.2,3
2023-04,BA.5.2.24,1
2023-04,BA.5.2.34,1
2023-04,BE.1.1,2
2023-04,BE.1.1.1,2
2023-04,BE.1.1.2,1
2023-04,BE.1.2,1
2023-04,BE.13,8
2023-04,BE.9,1
2023-04,BF.14,1
2023-04,BF.29,1
2023-04,BF.5,2
2023-04,BF.7.14,24
2023-04,BF.7.4,1
2023-04,BF.7.5,1
2023-04,BN.1.1.1,2
2023-04,BN.1.2.1,1
2023-04,BN.1.3.12,1
2023-04,BN.1.4.2,5
2023-04,BN.1.4.3,1
2023-04,BN.1.7,3
2023-04,BN.3.1,6
2023-04,BQ.1.1.1,2
2023-04,BQ.1.1.15,1
2023-04,BQ.1.1.18,16
2023-04,BQ.1.1.2,8
2023-04,BQ.1.1.24,2
2023-04,BQ.1.1.37,11
2023-04,BQ.1.1.4,4
2023-04,BQ.1.1.42,5
2023-04,BQ.1.1.44,3
2023-04,BQ.1.1.46,6
2023-04,BQ.1.1.5,3
2023-04,BQ.1.1.58,5
2023-04,BQ.1.1.66,1
2023-04,BQ.1.1.71,9
2023-04,BQ.1.1.74,1
2023-04,BQ.1.1.8,6
2023-04,BQ.1.10,6
2023-04,BQ.1.10.3,2
2023-04,BQ.1.11,13
2023-04,BQ.1.18,11
2023-04,BQ.1.22,1
2023-04,BQ.1.25,8
2023-04,BQ.1.28,4
2023-04,BQ.1.31,2
2023-04,BR.1,1
2023-04,BY.1,1
2023-04,CH.1,1
2023-04,CH.1.1.11,5
2023-04,CH.1.1.14,8
2023-04,CH.1.1.21,1
2023-04,CH.1.1.28,4
2023-04,CH.1.1.3,3
2023-04,CH.1.1.30,3
2023-04,CH.1.1.8,14
2023-04,CJ.1,1
2023-04,CJ.1.1,1
2023-04,CJ.1.3,3
2023-04,CK.1,3
2023-04,CL.1.1,2
2023-04,CM.8.1.2,3
2023-04,CM.8.1.3,1
2023-04,CR.1,1
2023-04,DN.1,6
2023-04,DN.1.1,3
2023-04,DN.3.1,1
2023-04,DQ.1,5
2023-04,DS.2,2
2023-04,DV.3.1,4
2023-04,DV.4,1
2023-04,DV.5,3
2023-04,DV.6.2,7
2023-04,DV.7.2,13
2023-04,EA.1,18
2023-04,EC.1,2
2023-04,EE.4,2
2023-04,EF.1.1,1
2023-04,EF.1.1.1,3
2023-04,EG.1.1,2
2023-04,EG.4.4,7
2023-04,EG.6,17
2023-04,EG.7,4
2023-04,EN.1.1,1
2023-04,ER.1,1
2023-04,ES.1,2
2023-04,EZ.1,8
2023-04,FB.1,10
2023-04,FD.3,10
2023-04,FD.5,3
2023-04,FE.1.1.1,18
2023-04,FE.1.1.2,13
2023-04,FK.1.1,13
2023-04,FK.1.1.2,8
2023-04,FK.1.2,8
2023-04,FK.1.3,3
2023-04,FK.1.5,8
2023-04,FL.13.2,1
2023-04,FL.14,7
2023-04,FL.17,10
2023-04,FL.18.1,6
2023-04,FL.19,7
2023-04,FL.2.5,18
2023-04,FL.2.6,5
2023-04,FL.2.7.1,1
2023-04,FL.21,8
2023-04,FL.23,3
2023-04,FL.23.1,1
2023-04,FL.29,3
2023-04,FL.37,7
2023-04,FL.39,3
2023-04,FL.4.1.1,6
2023-04,FL.4.5,14
2023-04,FL.4.6,25
2023-04,FM.1,3
2023-04,FM.2,8
2023-04,FN.1,12
2023-04,FP.3,1
2023-04,FP.4,20
2023-04,FR.1,6
2023-04,FT.4,2
2023-04,FU.1.1,3
2023-04,FU.3,3
2023-04,FY.1.1,2
2023-04,FY.1.2.2,1
2023-04,FY.4,25
2023-04,FY.4.1,25
2023-04,GA.2,6
2023-04,GA.4,2
2023-04,GA.5,24
2023-04,GA.8,1
2023-04,GB.1,15
2023-04,GC.1,9
2023-04,GC.2,3
2023-04,GH.1,5
2023-04,GJ.1.1,6
2023-04,GJ.5,3
2023-04,GL.3,10
2023-04,GP.1,1
2023-04,GP.3,1
2023-04,GY.2,1
2023-04,GY.5,26
2023-04,GY.6,31
2023-04,HH.3,2
2023-04,HH.4,4
2023-04,HQ.1,1
2023-04,HS.1,13
2023-04,HU.1,1
2023-04,HZ.2,50
2023-04,JA.1,1
2023-04,XAY.1.1.2,6
2023-04,XBB.1.15,3
2023-04,XBB.1.16.10,3
2023-04,XBB.1.16.22,6
2023-04,XBB.1.16.3,26
2023-04,XBB.1.16.31,20
2023-04,XBB.1.16.7,3
2023-04,XBB.1.16.8,6
2023-04,XBB.1.19,4
2023-04,XBB.1.28.1,6
2023-04,XBB.1.33,6
2023-04,XBB.1.34.1,3
2023-04,XBB.1.35,4
2023-04,XBB.1.38,2
2023-04,XBB.1.4,3
2023-04,XBB.1.4.2,12
2023-04,XBB.1.42.2,1
2023-04,XBB.1.43,2
2023-04,XBB.1.47.1,1
2023-04,XBB.1.5.22,3
2023-04,XBB.1.5.25,6
2023-04,XBB.1.5.43,36
2023-04,XBB.1.5.45,1
2023-04,XBB.1.5.54,9
2023-04,XBB.1.5.70,2
2023-04,XBB.1.5.72,14
2023-04,XBB.1.5.79,27
2023-04,XBB.1.5.81,3
2023-04,XBB.1.5.84,4
2023-04,XBB.1.5.85,4
2023-04,XBB.1.5.88,13
2023-04,XBB.1.5.94,9
2023-04,XBB.1.5.97,49
2023-04,XBB.1.9.3,2
2023-04,XBB.2.10,1
2023-04,XBB.2.3.11,19
2023-04,XBB.2.3.13,4
2023-04,XBC.1.6,1
2023-04,XBF.1.1,1
2023-04,XBF.10,1
2023-04,XBF.2,2
2023-04,XBF.4,9
2023-04,XBF.5,10
2023-04,XBF.9,5
2023-04,XBL.2,5
2023-04,XBL.3,3
2023-04,XBT,2
2023-04,XBU,6
2023-04,XBW,3
2023-04,XBZ,1
2023-04,XCA,2
2023-04,XCF,2
2023-04,XCF.1,4
2023-04,XDB,3
2023-04,B,1
2023-04,B.1,4
2023-04,B.1.1.529,2
2023-04,B.1.2,2
2023-04,BA.1,3
2023-04,BA.1.1,6
2023-04,BA.1.17.2,1
2023-04,BA.2.13,1
2023-04,BA.2.23,1
2023-04,BA.2.29,1
2023-04,BA.2.65,1
2023-04,BA.2.75.6,1
2023-04,BA.2.9,1
2023-04,BA.5.2.48,1
2023-04,BA.5.2.6,4
2023-04,BE.1.2.1,1
2023-04,BE.10,1
2023-04,BF.7.14.2,1
2023-04,BF.7.14.4,3
2023-04,BF.7.14.5,6
2023-04,BG.2,1
2023-04,BK.1,1
2023-04,BM.4.1.1,3
2023-04,BN.1.1,1
2023-04,BN.1.10,1
2023-04,BN.1.3.2,2
2023-04,BN.1.3.5,8
2023-04,BN.1.4,1
2023-04,BN.1.5.2,1
2023-04,BQ.1.1.13,6
2023-04,BQ.1.1.22,1
2023-04,BQ.1.1.48,3
2023-04,BQ.1.1.52,2
2023-04,BQ.1.1.56,2
2023-04,BQ.1.1.59,2
2023-04,BQ.1.1.65,3
2023-04,BQ.1.1.67,1
2023-04,BQ.1.1.76,1
2023-04,BQ.1.1.77,1
2023-04,BQ.1.1.79,1
2023-04,BQ.1.10.2,1
2023-04,BQ.1.12,4
2023-04,BQ.1.13,1
2023-04,BQ.1.14,5
2023-04,BQ.1.15.1,1
2023-04,BQ.1.23,2
2023-04,BQ.1.32,7
2023-04,BQ.1.8,1
2023-04,BQ.1.8.2,1
2023-04,BW.1.1.1,3
2023-04,CA.3.1,1
2023-04,CH.1.1.17,1
2023-04,CH.1.1.27,1
2023-04,CH.1.1.7,2
2023-04,CK.1.4,1
2023-04,CK.1.5,2
2023-04,CL.1,2
2023-04,CP.1.1,1
2023-04,CQ.2,1
2023-04,DF.1.1,1
2023-04,DR.2,1
2023-04,DT.1,2
2023-04,DT.3,4
2023-04,DV.8,1
2023-04,DY.1,1
2023-04,DY.3,8
2023-04,DY.4,3
2023-04,EE.1,1
2023-04,EG.1.7,4
2023-04,EG.1.8,2
2023-04,EG.5,6
2023-04,EG.5.1.1,14
2023-04,EG.5.1.3,2
2023-04,EP.1.1,1
2023-04,EU.1.1.3,5
2023-04,FD.2.1,1
2023-04,FE.1.1.5,1
2023-04,FK.1,5
2023-04,FK.1.3.1,2
2023-04,FK.1.3.2,4
2023-04,FL.1.5.1,1
2023-04,FL.1.6,1
2023-04,FL.10.3,1
2023-04,FL.13.1,3
2023-04,FL.15.3,1
2023-04,FL.16,1
2023-04,FL.17.2,2
2023-04,FL.18.1.1,2
2023-04,FL.2.3,79
2023-04,FL.24,2
2023-04,FL.26.1,5
2023-04,FL.32,2
2023-04,FL.4.1,3
2023-04,FL.4.11,11
2023-04,FL.4.2,39
2023-04,FL.4.3,3
2023-04,FL.4.7,1
2023-04,FL.4.8,1
2023-04,FL.4.9,2
2023-04,FL.5.1,6
2023-04,FL.6,3
2023-04,FP.2,1
2023-04,FT.1,2
2023-04,FV.1,1
2023-04,FW.2,2
2023-04,FY.3.2,1
2023-04,FY.4.1.2,1
2023-04,FY.4.2,2
2023-04,FY.5,1
2023-04,GA.6.1,6
2023-04,GA.9,2
2023-04,GE.1,8
2023-04,GE.1.3,3
2023-04,GK.1.3,6
2023-04,GM.1,2
2023-04,GM.2,1
2023-04,GM.3,3
2023-04,GN.3,2
2023-04,GS.4.1,1
2023-04,GS.8,2
2023-04,GV.1,10
2023-04,GW.1,2
2023-04,GW.2,19
2023-04,GY.1,1
2023-04,GY.7,2
2023-04,GZ.1,1
2023-04,HA.2,7
2023-04,HE.1,2
2023-04,HF.1,1
2023-04,HH.8,1
2023-04,HK.6,1
2023-04,HP.1,3
2023-04,HV.1,4
2023-04,HY.1,3
2023-04,JK.1,25
2023-04,JN.1.67,3
2023-04,XAY.2,2
2023-04,XBB.1.12,1
2023-04,XBB.1.13,2
2023-04,XBB.1.16.11,12
2023-04,XBB.1.16.14,1
2023-04,XBB.1.16.16,4
2023-04,XBB.1.16.27,1
2023-04,XBB.1.16.29,2
2023-04,XBB.1.16.6,5
2023-04,XBB.1.16.9,2
2023-04,XBB.1.24.1,1
2023-04,XBB.1.24.3,3
2023-04,XBB.1.30,3
2023-04,XBB.1.31,2
2023-04,XBB.1.31.2,1
2023-04,XBB.1.36,1
2023-04,XBB.1.41.1,1
2023-04,XBB.1.41.3,3
2023-04,XBB.1.48,1
2023-04,XBB.1.5.102,13
2023-04,XBB.1.5.29,1
2023-04,XBB.1.5.42,2
2023-04,XBB.1.5.58,1
2023-04,XBB.1.5.68,7
2023-04,XBB.1.5.74,2
2023-04,XBB.1.5.89,1
2023-04,XBB.2.11,1
2023-04,XBB.2.11.1,6
2023-04,XBB.2.3.10,4
2023-04,XBB.2.3.5,21
2023-04,XBB.2.3.8,7
2023-04,XBB.2.3.9,7
2023-04,XBB.2.5,1
2023-04,XBB.2.6.1,1
2023-04,XBB.3,1
2023-04,XBB.4,1
2023-04,XBB.6.1,5
2023-04,XBB.8.2,1
2023-04,XBC.1,1
2023-04,XBC.1.4,1
2023-04,XBF.7,2
2023-04,XBL.1,1
2023-04,XBL.3.1,1
2023-04,XBP,1
2023-05,BA.2,5
2023-05,BA.2.3.2,1
2023-05,BA.5,3
2023-05,BA.5.11,2
2023-05,BA.5.2,2
2023-05,BA.5.2.9,1
2023-05,BN.1.2.3,2
2023-05,BN.1.3.13,1
2023-05,BQ.1,6
2023-05,BQ.1.1,32
2023-05,BQ.1.1.2,3
2023-05,BQ.1.1.47,1
2023-05,BQ.1.1.59,2
2023-05,BQ.1.2.3,1
2023-05,BW.1,3
2023-05,CH.1.1,28
2023-05,CH.1.1.1,22
2023-05,CH.1.1.10,1
2023-05,CH.1.1.12,21
2023-05,CH.1.1.15,3
2023-05,CH.1.1.16,9
2023-05,CH.1.1.19,1
2023-05,CH.1.1.2,15
2023-05,CH.1.1.20,6
2023-05,CH.1.1.22,1
2023-05,CH.1.1.24,7
2023-05,CH.1.1.32,21
2023-05,CH.1.1.6,4
2023-05,CH.1.1.9,1
2023-05,CJ.1.3,2
2023-05,CM.2.1,1
2023-05,CM.8.1,11
2023-05,DS.2,1
2023-05,DU.1,5
2023-05,DV.1.1,24
2023-05,DV.6.1,10
2023-05,DV.7,48
2023-05,EF.1,1
2023-05,EG.1,303
2023-05,EG.1.2,36
2023-05,EG.1.3,91
2023-05,EG.1.4,47
2023-05,EG.1.5,16
2023-05,EG.1.6,50
2023-05,EG.1.8,35
2023-05,EG.11,1
2023-05,EG.13,28
2023-05,EG.2,48
2023-05,EG.3,14
2023-05,EG.4,93
2023-05,EG.4.1,2
2023-05,EG.5,2
2023-05,EG.5.1,63
2023-05,EG.5.1.15,7
2023-05,EG.5.1.6,2
2023-05,EG.5.2,75
2023-05,EG.6.1,34
2023-05,EG.8,8
2023-05,EG.9,7
2023-05,EG.9.1,8
2023-05,EK.2.1,8
2023-05,EK.3,8
2023-05,EK.4,7
2023-05,EL.1,18
2023-05,EM.1,48
2023-05,EN.1.1,3
2023-05,ES.1,2
2023-05,EU.1.1,160
2023-05,EU.1.1.1,61
2023-05,EU.1.1.2,5
2023-05,FD.1,17
2023-05,FD.1.1,26
2023-05,FD.2,67
2023-05,FD.4,47
2023-05,FD.5,9
2023-05,FE.1.1,55
2023-05,FE.1.1.1,28
2023-05,FE.1.1.2,24
2023-05,FE.1.1.4,6
2023-05,FE.1.2,76
2023-05,FG.1,6
2023-05,FK.1,5
2023-05,FK.1.1,12
2023-05,FK.1.2.1,23
2023-05,FK.1.2.2,4
2023-05,FK.1.5,11
2023-05,FL.1,46
2023-05,FL.1.1,42
2023-05,FL.1.2,6
2023-05,FL.1.3,21
2023-05,FL.1.4,19
2023-05,FL.1.5.1,9
2023-05,FL.10,60
2023-05,FL.10.1,11
2023-05,FL.11,17
2023-05,FL.12,41
2023-05,FL.13,46
2023-05,FL.13.1,18
2023-05,FL.13.3,19
2023-05,FL.13.3.1,6
2023-05,FL.14,11
2023-05,FL.15,42
2023-05,FL.17,7
2023-05,FL.17.2,7
2023-05,FL.18,46
2023-05,FL.18.1,3
2023-05,FL.19.1,4
2023-05,FL.2,165
2023-05,FL.2.1,14
2023-05,FL.2.2,4
2023-05,FL.2.3,455
2023-05,FL.2.4,33
2023-05,FL.2.5,22
2023-05,FL.2.6,7
2023-05,FL.2.7,11
2023-05,FL.2.7.1,10
2023-05,FL.20,4
2023-05,FL.20.1,1
2023-05,FL.21,15
2023-05,FL.22,35
2023-05,FL.23.1,14
2023-05,FL.25,30
2023-05,FL.26,8
2023-05,FL.3,168
2023-05,FL.3.1,150
2023-05,FL.3.2,66
2023-05,FL.3.4,6
2023-05,FL.39,2
2023-05,FL.4,345
2023-05,FL.4.3,10
2023-05,FL.4.5,19
2023-05,FL.4.6,65
2023-05,FL.5,121
2023-05,FL.7,28
2023-05,FL.8,60
2023-05,FL.9,66
2023-05,FM.1,1
2023-05,FP.4,8
2023-05,FR.1.1,22
2023-05,FS.1,36
2023-05,FT.3,17
2023-05,FT.3.1,5
2023-05,FU.1,180
2023-05,FU.2,43
2023-05,FU.2.1,36
2023-05,FV.1,9
2023-05,FW.1,8
2023-05,FY.1,7
2023-05,FY.1.2,28
2023-05,FY.2,44
2023-05,FY.4.1,45
2023-05,FY.4.2,7
2023-05,FY.5,8
2023-05,FY.6,10
2023-05,FZ.1.1,27
2023-05,GA.2,8
2023-05,GA.3,4
2023-05,GA.4,3
2023-05,GB.1,18
2023-05,GB.2,19
2023-05,GD.1,37
2023-05,GD.2,1
2023-05,GE.1.3,7
2023-05,GE.1.4,9
2023-05,GJ.1.2,57
2023-05,GJ.2,4
2023-05,GJ.3,18
2023-05,GK.1.3,18
2023-05,GK.3,5
2023-05,GM.1,6
2023-05,GM.2,2
2023-05,GN.1,4
2023-05,GN.4,9
2023-05,GR.1,54
2023-05,GS.1,3
2023-05,GS.8,8
2023-05,GU.1,27
2023-05,GW.5,2
2023-05,GY.5,70
2023-05,GY.6,38
2023-05,GY.8,1
2023-05,HA.2,16
2023-05,HC.1,10
2023-05,HC.3,1
2023-05,HE.1,29
2023-05,HE.2,3
2023-05,HF.1,8
2023-05,HH.1,26
2023-05,HH.2,29
2023-05,HH.5,8
2023-05,HH.7,26
2023-05,HJ.1,18
2023-05,HN.4,1
2023-05,HP.1,6
2023-05,HQ.1,17
2023-05,HS.1,13
2023-05,HT.1,27
2023-05,HT.2,37
2023-05,HU.1,2
2023-05,HY.1,20
2023-05,HZ.1,28
2023-05,HZ.2,23
2023-05,HZ.3,24
2023-05,JD.2,5
2023-05,JF.2,2
2023-05,JF.4,3
2023-05,JK.1,14
2023-05,JZ.1,7
2023-05,XBB,3
2023-05,XBB.1,74
2023-05,XBB.1.11.1,12
2023-05,XBB.1.15.1,13
2023-05,XBB.1.16,1576
2023-05,XBB.1.16.1,563
2023-05,XBB.1.16.11,53
2023-05,XBB.1.16.12,7
2023-05,XBB.1.16.13,50
2023-05,XBB.1.16.14,1
2023-05,XBB.1.16.16,12
2023-05,XBB.1.16.18,58
2023-05,XBB.1.16.19,45
2023-05,XBB.1.16.2,163
2023-05,XBB.1.16.20,19
2023-05,XBB.1.16.21,30
2023-05,XBB.1.16.22,26
2023-05,XBB.1.16.25,6
2023-05,XBB.1.16.29,3
2023-05,XBB.1.16.3,34
2023-05,XBB.1.16.31,10
2023-05,XBB.1.16.4,23
2023-05,XBB.1.16.6,50
2023-05,XBB.1.16.7,7
2023-05,XBB.1.16.8,21
2023-05,XBB.1.17.1,40
2023-05,XBB.1.18.1,19
2023-05,XBB.1.19.1,30
2023-05,XBB.1.22,29
2023-05,XBB.1.22.1,23
2023-05,XBB.1.22.2,35
2023-05,XBB.1.28.1,5
2023-05,XBB.1.30,2
2023-05,XBB.1.33,14
2023-05,XBB.1.34,5
2023-05,XBB.1.37.1,6
2023-05,XBB.1.4.2,8
2023-05,XBB.1.41.3,8
2023-05,XBB.1.42,26
2023-05,XBB.1.42.2,69
2023-05,XBB.1.43.1,12
2023-05,XBB.1.5,4656
2023-05,XBB.1.5.1,198
2023-05,XBB.1.5.10,166
2023-05,XBB.1.5.100,45
2023-05,XBB.1.5.101,11
2023-05,XBB.1.5.104,39
2023-05,XBB.1.5.105,12
2023-05,XBB.1.5.107,20
2023-05,XBB.1.5.109,3
2023-05,XBB.1.5.11,32
2023-05,XBB.1.5.110,68
2023-05,XBB.1.5.12,109
2023-05,XBB.1.5.13,196
2023-05,XBB.1.5.14,41
2023-05,XBB.1.5.15,175
2023-05,XBB.1.5.16,45
2023-05,XBB.1.5.17,104
2023-05,XBB.1.5.18,89
2023-05,XBB.1.5.19,11
2023-05,XBB.1.5.2,47
2023-05,XBB.1.5.20,109
2023-05,XBB.1.5.21,50
2023-05,XBB.1.5.23,34
2023-05,XBB.1.5.24,114
2023-05,XBB.1.5.25,3
2023-05,XBB.1.5.26,23
2023-05,XBB.1.5.27,20
2023-05,XBB.1.5.28,47
2023-05,XBB.1.5.3,22
2023-05,XBB.1.5.30,73
2023-05,XBB.1.5.31,30
2023-05,XBB.1.5.32,56
2023-05,XBB.1.5.33,43
2023-05,XBB.1.5.34,17
2023-05,XBB.1.5.35,121
2023-05,XBB.1.5.36,17
2023-05,XBB.1.5.37,187
2023-05,XBB.1.5.38,9
2023-05,XBB.1.5.39,12
2023-05,XBB.1.5.4,132
2023-05,XBB.1.5.40,15
2023-05,XBB.1.5.41,7
2023-05,XBB.1.5.42,4
2023-05,XBB.1.5.44,27
2023-05,XBB.1.5.46,40
2023-05,XBB.1.5.47,42
2023-05,XBB.1.5.48,68
2023-05,XBB.1.5.49,231
2023-05,XBB.1.5.5,26
2023-05,XBB.1.5.50,30
2023-05,XBB.1.5.51,61
2023-05,XBB.1.5.52,85
2023-05,XBB.1.5.55,11
2023-05,XBB.1.5.56,29
2023-05,XBB.1.5.57,17
2023-05,XBB.1.5.59,114
2023-05,XBB.1.5.6,9
2023-05,XBB.1.5.60,6
2023-05,XBB.1.5.61,22
2023-05,XBB.1.5.62,27
2023-05,XBB.1.5.63,26
2023-05,XBB.1.5.64,9
2023-05,XBB.1.5.65,45
2023-05,XBB.1.5.66,30
2023-05,XBB.1.5.67,35
2023-05,XBB.1.5.69,30
2023-05,XBB.1.5.7,131
2023-05,XBB.1.5.70,10
2023-05,XBB.1.5.71,12
2023-05,XBB.1.5.72,38
2023-05,XBB.1.5.73,53
2023-05,XBB.1.5.76,27
2023-05,XBB.1.5.77,82
2023-05,XBB.1.5.78,28
2023-05,XBB.1.5.80,32
2023-05,XBB.1.5.81,11
2023-05,XBB.1.5.84,2
2023-05,XBB.1.5.85,24
2023-05,XBB.1.5.86,27
2023-05,XBB.1.5.94,8
2023-05,XBB.1.5.95,56
2023-05,XBB.1.5.96,22
2023-05,XBB.1.5.97,4
2023-05,XBB.1.5.98,14
2023-05,XBB.1.5.99,12
2023-05,XBB.1.9,124
2023-05,XBB.1.9.1,613
2023-05,XBB.1.9.2,321
2023-05,XBB.1.9.3,4
2023-05,XBB.2,1
2023-05,XBB.2.3,213
2023-05,XBB.2.3.1,38
2023-05,XBB.2.3.11,37
2023-05,XBB.2.3.12,29
2023-05,XBB.2.3.13,2
2023-05,XBB.2.3.14,9
2023-05,XBB.2.3.19,30
2023-05,XBB.2.3.2,101
2023-05,XBB.2.3.20,11
2023-05,XBB.2.3.3,88
2023-05,XBB.2.3.4,14
2023-05,XBB.2.3.5,21
2023-05,XBB.2.3.7,13
2023-05,XBB.2.3.8,18
2023-05,XBB.2.3.9,9
2023-05,XBC.1.6,2
2023-05,XBF,17
2023-05,XBK.1,2
2023-05,XCC,6
2023-05,XCF,13
2023-05,XDB,12
2023-05,unclassifiable,228
2023-05,B,1
2023-05,BA.2.10.1,1
2023-05,BA.4.6.5,1
2023-05,BA.5.1,2
2023-05,BA.5.1.5,1
2023-05,BA.5.2.1,3
2023-05,BE.1.2,1
2023-05,BE.4.2,1
2023-05,BF.1,1
2023-05,BK.1,1
2023-05,BN.1,1
2023-05,BN.1.3,3
2023-05,BN.1.3.5,3
2023-05,BN.1.4,1
2023-05,BN.1.4.2,1
2023-05,BN.1.5,1
2023-05,BQ.1.1.1,2
2023-05,BQ.1.1.20,1
2023-05,BQ.1.1.23,2
2023-05,BQ.1.1.32,4
2023-05,BQ.1.1.35,1
2023-05,BQ.1.1.36,1
2023-05,BQ.1.1.45,4
2023-05,BQ.1.10,2
2023-05,BQ.1.18,1
2023-05,BR.2,1
2023-05,CH.1.1.11,1
2023-05,CH.1.1.13,1
2023-05,CH.1.1.18,1
2023-05,CH.1.1.21,1
2023-05,CH.1.1.23,1
2023-05,CH.1.1.30,1
2023-05,CH.1.1.8,1
2023-05,CK.1.3,1
2023-05,CM.7.1.1,1
2023-05,DN.1,7
2023-05,DN.1.1,2
2023-05,DT.2,2
2023-05,DV.1,14
2023-05,DV.6,26
2023-05,DV.6.2,5
2023-05,DV.8,4
2023-05,EA.1,2
2023-05,EC.1,1
2023-05,EE.4,2
2023-05,EF.1.1,4
2023-05,EG.1.4.1,1
2023-05,EG.1.7,7
2023-05,EG.10,5
2023-05,EG.14,28
2023-05,EG.4.3,8
2023-05,EG.4.4,2
2023-05,EG.5.1.1,80
2023-05,EG.5.1.14,3
2023-05,EG.5.1.3,11
2023-05,EG.5.1.5,1
2023-05,EG.5.2.1,10
2023-05,EG.6,6
2023-05,EG.7,12
2023-05,EK.2,23
2023-05,EN.1,5
2023-05,ER.1,1
2023-05,EU.1,3
2023-05,EU.1.1.3,5
2023-05,EZ.1,4
2023-05,FD.3,3
2023-05,FD.4.1,1
2023-05,FE.1,16
2023-05,FG.2,12
2023-05,FG.3,12
2023-05,FH.1,8
2023-05,FJ.1,1
2023-05,FK.1.1.2,6
2023-05,FK.1.3,3
2023-05,FK.1.3.2,5
2023-05,FL.1.5,8
2023-05,FL.1.6,2
2023-05,FL.10.3,2
2023-05,FL.16,26
2023-05,FL.18.1.1,2
2023-05,FL.2.2.1,6
2023-05,FL.23,1
2023-05,FL.27,12
2023-05,FL.29,8
2023-05,FL.3.3,44
2023-05,FL.31,12
2023-05,FL.32,1
2023-05,FL.33,30
2023-05,FL.35,14
2023-05,FL.4.11,38
2023-05,FL.4.2,65
2023-05,FL.4.8,1
2023-05,FL.4.9,6
2023-05,FL.40,10
2023-05,FL.5.1,11
2023-05,FP.1,1
2023-05,FP.2,1
2023-05,FR.1,6
2023-05,FT.2,13
2023-05,FT.3.1.1,3
2023-05,FU.1.1,3
2023-05,FU.3,5
2023-05,FW.3,1
2023-05,FY.1.4,3
2023-05,FY.3,18
2023-05,FY.3.1,24
2023-05,FY.3.2,29
2023-05,FY.4,1
2023-05,FY.4.1.1,6
2023-05,FY.4.1.2,15
2023-05,FY.5.4,1
2023-05,FY.5.5,7
2023-05,FY.6.1,1
2023-05,FY.8,1
2023-05,FY.9,4
2023-05,FZ.2,2
2023-05,GA.1,7
2023-05,GA.5,5
2023-05,GA.6,3
2023-05,GA.6.1,4
2023-05,GC.1,3
2023-05,GE.1,27
2023-05,GE.1.2,9
2023-05,GE.1.5,16
2023-05,GF.1,40
2023-05,GG.1,4
2023-05,GJ.1.1,9
2023-05,GJ.4,6
2023-05,GK.1,4
2023-05,GK.1.9,5
2023-05,GL.1,3
2023-05,GP.1,5
2023-05,GP.2,1
2023-05,GQ.1,3
2023-05,GS.3,3
2023-05,GS.7,1
2023-05,GW.2,13
2023-05,GW.3,5
2023-05,GW.4,2
2023-05,GW.5.1,1
2023-05,GY.7,3
2023-05,GZ.1,6
2023-05,HH.1.1,5
2023-05,HH.4,5
2023-05,HP.1.1,5
2023-05,XAY.1.1.2,1
2023-05,XBB.1.13,1
2023-05,XBB.1.16.10,11
2023-05,XBB.1.16.15,4
2023-05,XBB.1.16.17,3
2023-05,XBB.1.16.32,1
2023-05,XBB.1.16.5,18
2023-05,XBB.1.16.9,4
2023-05,XBB.1.19,3
2023-05,XBB.1.24.1,11
2023-05,XBB.1.31,5
2023-05,XBB.1.34.1,8
2023-05,XBB.1.44,3
2023-05,XBB.1.45.1,6
2023-05,XBB.1.47.1,2
2023-05,XBB.1.5.22,3
2023-05,XBB.1.5.43,1
2023-05,XBB.1.5.45,5
2023-05,XBB.1.5.54,13
2023-05,XBB.1.5.75,12
2023-05,XBB.1.5.79,15
2023-05,XBB.1.5.8,5
2023-05,XBB.1.5.83,1
2023-05,XBB.1.5.89,2
2023-05,XBB.1.5.90,10
2023-05,XBB.1.5.91,34
2023-05,XBB.1.5.92,12
2023-05,XBB.1.9.7,1
2023-05,XBB.2.3.10,8
2023-05,XBB.2.3.6,7
2023-05,XBB.2.4,14
2023-05,XBB.2.6,3
2023-05,XBB.2.6.3,1
2023-05,XBB.3,1
2023-05,XBC.1.3,1
2023-05,XBC.1.6.1,1
2023-05,XBC.1.6.4,6
2023-05,XBF.4,2
2023-05,XBK,3
2023-05,XBL,2
2023-05,XBL.2,2
2023-05,XBL.3,7
2023-05,XBU,4
2023-05,XDH,1
2023-05,B.1,2
2023-05,B.1.1.529,1
2023-05,B.11,1
2023-05,BA.1.1,1
2023-05,BA.2.12.1,1
2023-05,BA.2.9,1
2023-05,BA.5.1.26,1
2023-05,BA.5.1.30,1
2023-05,BA.5.5,1
2023-05,BA.5.6,2
2023-05,BE.1.4.2,1
2023-05,BF.7,1
2023-05,BF.7.14,1
2023-05,BF.7.21,1
2023-05,BM.4.1.1,1
2023-05,BN.1.10,1
2023-05,BN.1.2,2
2023-05,BN.1.2.2,1
2023-05,BN.1.2.6,2
2023-05,BN.1.3.6,2
2023-05,BQ.1.1.29,3
2023-05,BQ.1.1.38,2
2023-05,BQ.1.1.4,1
2023-05,BQ.1.1.5,1
2023-05,BQ.1.1.7,1
2023-05,BQ.1.1.79,1
2023-05,BQ.1.25.1,2
2023-05,BQ.1.28,1
2023-05,BR.2.1,2
2023-05,CH.1.1.29,1
2023-05,CH.1.1.7,3
2023-05,DF.1.1,1
2023-05,DV.3.1,1
2023-05,DY.1,1
2023-05,DY.2,1
2023-05,DY.3,1
2023-05,EG.12,3
2023-05,EG.2.1,2
2023-05,EG.2.3,2
2023-05,EG.2.5,1
2023-05,EG.5.1.16,1
2023-05,EG.5.1.2,1
2023-05,EG.5.1.4,13
2023-05,EG.5.2.2,4
2023-05,EY.1,3
2023-05,FB.1,1
2023-05,FE.1.1.3,2
2023-05,FE.1.1.5,2
2023-05,FK.1.4.1,3
2023-05,FL.1.1.1,1
2023-05,FL.13.2,10
2023-05,FL.2.3.1,2
2023-05,FL.21.1,4
2023-05,FL.21.2,7
2023-05,FL.23.2.1,3
2023-05,FL.24,3
2023-05,FL.28,1
2023-05,FL.37,1
2023-05,FL.4.1,2
2023-05,FL.4.10,2
2023-05,FL.6,2
2023-05,FP.2.1,3
2023-05,FR.1.2,3
2023-05,FR.1.3,7
2023-05,FR.1.4,3
2023-05,FT.1,1
2023-05,FU.3.1,6
2023-05,FU.5,1
2023-05,FY.1.1,4
2023-05,FY.2.1,2
2023-05,FY.3.3,8
2023-05,FZ.1,1
2023-05,GA.9,2
2023-05,GH.1,7
2023-05,GJ.1,2
2023-05,GJ.1.2.5,2
2023-05,GK.6,2
2023-05,GN.3,1
2023-05,GN.5,2
2023-05,GS.4,2
2023-05,GV.1,19
2023-05,GW.1,1
2023-05,GW.1.1,1
2023-05,GY.1,24
2023-05,GY.2.1,11
2023-05,GY.3,2
2023-05,HB.1,3
2023-05,HD.1,2
2023-05,HD.1.1,1
2023-05,HH.8,1
2023-05,HK.27,2
2023-05,HK.28,1
2023-05,HK.30,4
2023-05,HL.1,2
2023-05,HL.2,1
2023-05,HS.1.1,1
2023-05,HU.1.1,1
2023-05,HV.1,1
2023-05,HW.1.3,1
2023-05,JD.2.1,1
2023-05,JG.3,1
2023-05,JN.1,1
2023-05,JN.1.1,1
2023-05,JN.3,1
2023-05,KC.1,1
2023-05,XBB.1.16.27,1
2023-05,XBB.1.16.30,1
2023-05,XBB.1.18,1
2023-05,XBB.1.24.3,2
2023-05,XBB.1.25,1
2023-05,XBB.1.31.2,1
2023-05,XBB.1.41,2
2023-05,XBB.1.41.2,1
2023-05,XBB.1.44.1,1
2023-05,XBB.1.5.102,4
2023-05,XBB.1.5.106,1
2023-05,XBB.1.5.68,7
2023-05,XBB.1.5.88,2
2023-05,XBB.1.5.9,8
2023-05,XBB.1.5.93,4
2023-05,XBB.1.9.5,2
2023-05,XBB.2.3.15,5
2023-05,XBC.1.2.1,1
2023-05,XBF.5,3
2023-05,XBL.1,1
2023-05,XBL.3.1,5
2023-05,XCD,1
2023-05,XCE,2
2023-05,XCF.1,6
2023-06,BA.1.1.14,1
2023-06,BA.2,2
2023-06,BA.2.12.1,2
2023-06,BA.5.11,1
2023-06,BN.1.2,4
2023-06,BN.1.3.5,1
2023-06,BQ.1.1,9
2023-06,BQ.1.1.1,2
2023-06,BQ.1.1.22,1
2023-06,BQ.1.1.54,2
2023-06,BQ.1.1.68,1
2023-06,BQ.1.25.1,2
2023-06,CH.1.1,3
2023-06,CH.1.1.1,13
2023-06,CH.1.1.11,2
2023-06,CH.1.1.12,1
2023-06,CH.1.1.15,12
2023-06,CH.1.1.16,1
2023-06,CH.1.1.2,3
2023-06,CH.1.1.20,1
2023-06,CH.1.1.6,1
2023-06,CM.8.1,2
2023-06,DU.1,2
2023-06,DV.1.1,4
2023-06,DV.5,2
2023-06,DV.6,8
2023-06,DV.6.2,6
2023-06,DV.7,10
2023-06,EG.1,165
2023-06,EG.1.2,7
2023-06,EG.1.3,22
2023-06,EG.1.4,34
2023-06,EG.1.5,11
2023-06,EG.1.6,10
2023-06,EG.1.7,3
2023-06,EG.1.8,32
2023-06,EG.10.1,3
2023-06,EG.10.1.1,2
2023-06,EG.11,6
2023-06,EG.13,19
2023-06,EG.14,21
2023-06,EG.2,33
2023-06,EG.4,26
2023-06,EG.4.1,1
2023-06,EG.4.3,3
2023-06,EG.5,3
2023-06,EG.5.1,140
2023-06,EG.5.1.1,187
2023-06,EG.5.1.13,3
2023-06,EG.5.1.14,8
2023-06,EG.5.1.15,12
2023-06,EG.5.1.16,11
2023-06,EG.5.1.2,7
2023-06,EG.5.1.3,49
2023-06,EG.5.1.4,50
2023-06,EG.5.1.5,6
2023-06,EG.5.1.6,19
2023-06,EG.5.2,56
2023-06,EG.5.2.1,18
2023-06,EG.5.2.3,9
2023-06,EG.5.2.4,1
2023-06,EG.6,6
2023-06,EG.6.1,60
2023-06,EG.7,29
2023-06,EG.8,3
2023-06,EG.9,10
2023-06,EG.9.1,19
2023-06,EM.1,3
2023-06,EU.1,1
2023-06,EU.1.1,44
2023-06,EU.1.1.1,7
2023-06,EU.1.1.3,2
2023-06,EY.1,2
2023-06,FD.1,2
2023-06,FD.1.1,58
2023-06,FD.2,19
2023-06,FD.3,2
2023-06,FD.4,13
2023-06,FD.5.1,4
2023-06,FE.1,10
2023-06,FE.1.1,40
2023-06,FE.1.1.1,7
2023-06,FE.1.1.2,10
2023-06,FE.1.2,53
2023-06,FG.1,2
2023-06,FH.1,8
2023-06,FK.1,5
2023-06,FK.1.1,43
2023-06,FK.1.3,2
2023-06,FL.1,30
2023-06,FL.1.2,1
2023-06,FL.1.3,16
2023-06,FL.1.4,7
2023-06,FL.1.5,16
2023-06,FL.1.5.1,50
2023-06,FL.10,21
2023-06,FL.10.1,8
2023-06,FL.12,16
2023-06,FL.13,20
2023-06,FL.13.1,2
2023-06,FL.13.3,6
2023-06,FL.13.3.1,1
2023-06,FL.14,5
2023-06,FL.15,36
2023-06,FL.15.2,2
2023-06,FL.15.3,2
2023-06,FL.15.4,1
2023-06,FL.16,11
2023-06,FL.18,28
2023-06,FL.18.1.1,1
2023-06,FL.19.1,8
2023-06,FL.2,88
2023-06,FL.2.1,15
2023-06,FL.2.2.1,4
2023-06,FL.2.3,166
2023-06,FL.2.4,13
2023-06,FL.2.5,24
2023-06,FL.2.6,4
2023-06,FL.2.7.1,3
2023-06,FL.20.1,21
2023-06,FL.20.2,1
2023-06,FL.21,9
2023-06,FL.21.2,6
2023-06,FL.22,17
2023-06,FL.23,2
2023-06,FL.23.1,2
2023-06,FL.24,10
2023-06,FL.25,24
2023-06,FL.29,9
2023-06,FL.3,39
2023-06,FL.3.1,28
2023-06,FL.3.2,21
2023-06,FL.31,7
2023-06,FL.32,8
2023-06,FL.33,10
2023-06,FL.37,1
2023-06,FL.39,2
2023-06,FL.4,160
2023-06,FL.4.11,7
2023-06,FL.4.2,23
2023-06,FL.4.5,16
2023-06,FL.4.6,14
2023-06,FL.4.8,7
2023-06,FL.4.9,22
2023-06,FL.40,1
2023-06,FL.5,44
2023-06,FL.7,10
2023-06,FL.8,4
2023-06,FL.9,6
2023-06,FP.2,1
2023-06,FR.1,6
2023-06,FR.1.1,13
2023-06,FR.1.3,7
2023-06,FR.1.5,4
2023-06,FS.1,10
2023-06,FT.2,5
2023-06,FT.3.1,11
2023-06,FT.3.1.1,11
2023-06,FU.1,197
2023-06,FU.2,46
2023-06,FU.2.1,43
2023-06,FU.3,5
2023-06,FU.3.1,2
2023-06,FV.1,3
2023-06,FW.1,4
2023-06,FW.1.1,5
2023-06,FW.2,1
2023-06,FY.1.2,20
2023-06,FY.1.4,4
2023-06,FY.2,23
2023-06,FY.3,24
2023-06,FY.3.1,48
2023-06,FY.3.2,38
2023-06,FY.3.3,13
2023-06,FY.4.1,16
2023-06,FY.4.1.2,16
2023-06,FY.4.2,6
2023-06,FY.5.2,7
2023-06,FY.5.5,10
2023-06,FY.5.5.1,1
2023-06,FY.7,2
2023-06,FY.9,9
2023-06,FZ.1.1,13
2023-06,GA.3,2
2023-06,GA.6,2
2023-06,GB.1,22
2023-06,GB.2,4
2023-06,GD.1,8
2023-06,GE.1,43
2023-06,GE.1.2,5
2023-06,GE.1.3,8
2023-06,GE.1.4,16
2023-06,GE.1.5,13
2023-06,GF.1,33
2023-06,GJ.1.2,137
2023-06,GJ.1.2.5,1
2023-06,GJ.2,6
2023-06,GJ.3,13
2023-06,GJ.4,10
2023-06,GK.1,17
2023-06,GK.1.1,2
2023-06,GK.1.3,13
2023-06,GK.2,5
2023-06,GK.2.1,3
2023-06,GK.3,8
2023-06,GK.7,2
2023-06,GL.1,6
2023-06,GM.2,1
2023-06,GM.3,7
2023-06,GM.3.1,4
2023-06,GN.1,12
2023-06,GP.1,2
2023-06,GR.1,37
2023-06,GS.1,4
2023-06,GS.3,2
2023-06,GS.8,7
2023-06,GU.1,14
2023-06,GV.1,10
2023-06,GW.1,5
2023-06,GW.2,2
2023-06,GW.4,1
2023-06,GY.4,5
2023-06,GY.5,63
2023-06,GY.6,22
2023-06,GY.7,10
2023-06,GZ.1,17
2023-06,HA.1,6
2023-06,HA.2,8
2023-06,HB.1,1
2023-06,HD.1,3
2023-06,HE.1,61
2023-06,HF.1,11
2023-06,HF.1.2,4
2023-06,HH.1,37
2023-06,HH.1.1,17
2023-06,HH.2,21
2023-06,HH.5,6
2023-06,HH.7,9
2023-06,HK.27,2
2023-06,HK.28,2
2023-06,HK.6,1
2023-06,HL.1,2
2023-06,HN.1,2
2023-06,HN.4,5
2023-06,HP.1.1,5
2023-06,HR.1,10
2023-06,HS.1,18
2023-06,HT.1,22
2023-06,HT.2,14
2023-06,HU.1.1,9
2023-06,HV.1,3
2023-06,HW.1,6
2023-06,HW.1.1,4
2023-06,HY.1,13
2023-06,HZ.1,36
2023-06,HZ.2,30
2023-06,HZ.3,4
2023-06,JB.2,1
2023-06,JC.5,2
2023-06,JF.4,40
2023-06,JZ.1,5
2023-06,XBB,2
2023-06,XBB.1,17
2023-06,XBB.1.11.1,9
2023-06,XBB.1.16,1018
2023-06,XBB.1.16.1,444
2023-06,XBB.1.16.10,17
2023-06,XBB.1.16.11,45
2023-06,XBB.1.16.12,12
2023-06,XBB.1.16.13,18
2023-06,XBB.1.16.14,20
2023-06,XBB.1.16.15,34
2023-06,XBB.1.16.16,26
2023-06,XBB.1.16.18,42
2023-06,XBB.1.16.19,36
2023-06,XBB.1.16.2,74
2023-06,XBB.1.16.20,5
2023-06,XBB.1.16.21,37
2023-06,XBB.1.16.22,5
2023-06,XBB.1.16.25,2
2023-06,XBB.1.16.26,1
2023-06,XBB.1.16.29,11
2023-06,XBB.1.16.3,16
2023-06,XBB.1.16.30,2
2023-06,XBB.1.16.31,16
2023-06,XBB.1.16.32,1
2023-06,XBB.1.16.4,16
2023-06,XBB.1.16.5,26
2023-06,XBB.1.16.6,117
2023-06,XBB.1.16.7,7
2023-06,XBB.1.16.8,16
2023-06,XBB.1.17.1,13
2023-06,XBB.1.18.1,6
2023-06,XBB.1.19,1
2023-06,XBB.1.22,13
2023-06,XBB.1.22.1,16
2023-06,XBB.1.22.2,12
2023-06,XBB.1.28.1,5
2023-06,XBB.1.30,1
2023-06,XBB.1.33,13
2023-06,XBB.1.34.1,4
2023-06,XBB.1.37.1,6
2023-06,XBB.1.4.2,9
2023-06,XBB.1.41.3,5
2023-06,XBB.1.42,13
2023-06,XBB.1.42.1,4
2023-06,XBB.1.42.2,100
2023-06,XBB.1.43.1,3
2023-06,XBB.1.5,1207
2023-06,XBB.1.5.1,55
2023-06,XBB.1.5.10,169
2023-06,XBB.1.5.100,10
2023-06,XBB.1.5.104,33
2023-06,XBB.1.5.105,8
2023-06,XBB.1.5.106,7
2023-06,XBB.1.5.107,7
2023-06,XBB.1.5.11,6
2023-06,XBB.1.5.110,26
2023-06,XBB.1.5.12,24
2023-06,XBB.1.5.13,26
2023-06,XBB.1.5.14,6
2023-06,XBB.1.5.15,24
2023-06,XBB.1.5.16,35
2023-06,XBB.1.5.17,21
2023-06,XBB.1.5.18,24
2023-06,XBB.1.5.19,11
2023-06,XBB.1.5.2,18
2023-06,XBB.1.5.20,19
2023-06,XBB.1.5.21,13
2023-06,XBB.1.5.23,15
2023-06,XBB.1.5.24,41
2023-06,XBB.1.5.26,3
2023-06,XBB.1.5.27,8
2023-06,XBB.1.5.28,28
2023-06,XBB.1.5.3,4
2023-06,XBB.1.5.30,31
2023-06,XBB.1.5.31,13
2023-06,XBB.1.5.32,24
2023-06,XBB.1.5.33,8
2023-06,XBB.1.5.34,6
2023-06,XBB.1.5.35,35
2023-06,XBB.1.5.36,3
2023-06,XBB.1.5.37,78
2023-06,XBB.1.5.38,7
2023-06,XBB.1.5.39,4
2023-06,XBB.1.5.4,46
2023-06,XBB.1.5.40,3
2023-06,XBB.1.5.44,32
2023-06,XBB.1.5.46,8
2023-06,XBB.1.5.47,12
2023-06,XBB.1.5.48,29
2023-06,XBB.1.5.49,96
2023-06,XBB.1.5.5,7
2023-06,XBB.1.5.50,4
2023-06,XBB.1.5.51,25
2023-06,XBB.1.5.52,17
2023-06,XBB.1.5.55,2
2023-06,XBB.1.5.56,10
2023-06,XBB.1.5.57,4
2023-06,XBB.1.5.59,61
2023-06,XBB.1.5.61,5
2023-06,XBB.1.5.63,4
2023-06,XBB.1.5.64,1
2023-06,XBB.1.5.65,15
2023-06,XBB.1.5.66,5
2023-06,XBB.1.5.67,20
2023-06,XBB.1.5.68,2
2023-06,XBB.1.5.69,12
2023-06,XBB.1.5.7,36
2023-06,XBB.1.5.70,9
2023-06,XBB.1.5.71,12
2023-06,XBB.1.5.72,92
2023-06,XBB.1.5.73,37
2023-06,XBB.1.5.76,12
2023-06,XBB.1.5.77,55
2023-06,XBB.1.5.78,7
2023-06,XBB.1.5.80,6
2023-06,XBB.1.5.84,4
2023-06,XBB.1.5.86,5
2023-06,XBB.1.5.90,3
2023-06,XBB.1.5.91,9
2023-06,XBB.1.5.92,9
2023-06,XBB.1.5.94,2
2023-06,XBB.1.5.95,20
2023-06,XBB.1.5.96,7
2023-06,XBB.1.5.97,4
2023-06,XBB.1.5.98,8
2023-06,XBB.1.5.99,3
2023-06,XBB.1.9,27
2023-06,XBB.1.9.1,265
2023-06,XBB.1.9.2,141
2023-06,XBB.2.3,150
2023-06,XBB.2.3.1,12
2023-06,XBB.2.3.10,3
2023-06,XBB.2.3.11,41
2023-06,XBB.2.3.12,8
2023-06,XBB.2.3.13,2
2023-06,XBB.2.3.14,11
2023-06,XBB.2.3.15,5
2023-06,XBB.2.3.17,3
2023-06,XBB.2.3.19,32
2023-06,XBB.2.3.2,79
2023-06,XBB.2.3.20,7
2023-06,XBB.2.3.3,51
2023-06,XBB.2.3.4,11
2023-06,XBB.2.3.5,20
2023-06,XBB.2.3.6,7
2023-06,XBB.2.3.7,8
2023-06,XBB.2.3.8,22
2023-06,XBB.2.4,2
2023-06,XBC.1.2.1,1
2023-06,XBC.1.3.1,2
2023-06,XBC.1.6,11
2023-06,XBK.1,3
2023-06,XBU,1
2023-06,XCF,5
2023-06,XCF.1,2
2023-06,XCF.3,1
2023-06,XCJ,2
2023-06,XCQ,1
2023-06,XDB,7
2023-06,unclassifiable,115
2023-06,A,1
2023-06,B.1.351,1
2023-06,B.1.617.2,1
2023-06,BA.1.1,1
2023-06,BA.1.17.2,1
2023-06,BA.4.6,1
2023-06,BA.5.2.1,5
2023-06,BA.5.2.22,1
2023-06,BA.5.2.23,2
2023-06,BA.5.2.35,1
2023-06,BA.5.6,1
2023-06,BF.1,1
2023-06,BF.27,1
2023-06,BF.7.15,1
2023-06,BN.1.2.2,2
2023-06,BQ.1,1
2023-06,BQ.1.1.4,1
2023-06,BQ.1.12,1
2023-06,BQ.1.5,1
2023-06,CH.1.1.24,1
2023-06,CH.1.1.28,2
2023-06,CH.1.1.29,1
2023-06,CH.1.1.32,3
2023-06,DN.1,1
2023-06,DT.2,2
2023-06,DV.6.1,1
2023-06,DV.7.1.2,1
2023-06,DV.7.1.4,1
2023-06,DV.7.1.5,1
2023-06,EA.1,2
2023-06,EG.10,2
2023-06,EG.3,2
2023-06,EG.5.1.10,1
2023-06,EG.5.1.19,1
2023-06,EK.2,1
2023-06,EK.2.1,2
2023-06,EK.4,1
2023-06,EL.1,10
2023-06,FD.5,1
2023-06,FE.1.1.4,4
2023-06,FG.2,2
2023-06,FG.3,1
2023-06,FK.1.1.2,4
2023-06,FK.1.2.1,1
2023-06,FK.1.4.1,1
2023-06,FK.1.5,6
2023-06,FL.1.1,6
2023-06,FL.11,7
2023-06,FL.17,6
2023-06,FL.17.2,3
2023-06,FL.18.1,3
2023-06,FL.2.2,2
2023-06,FL.2.3.1,2
2023-06,FL.20,8
2023-06,FL.21.1,3
2023-06,FL.26,5
2023-06,FL.26.1,1
2023-06,FL.3.3,30
2023-06,FL.34,1
2023-06,FL.35,4
2023-06,FL.4.1,2
2023-06,FL.4.10,3
2023-06,FL.4.3,2
2023-06,FL.5.1,4
2023-06,FL.6,1
2023-06,FP.2.1,10
2023-06,FP.2.1.1,1
2023-06,FP.4,1
2023-06,FR.1.4,4
2023-06,FT.3,5
2023-06,FU.1.1,2
2023-06,FY.1,3
2023-06,FY.1.4.1,2
2023-06,FY.2.1,1
2023-06,FY.4.1.1,6
2023-06,FY.5,7
2023-06,FY.8,2
2023-06,FZ.2,1
2023-06,GA.2,1
2023-06,GA.4,1
2023-06,GA.5,1
2023-06,GG.1,4
2023-06,GJ.1.1,7
2023-06,GJ.1.2.4,1
2023-06,GK.1.2,1
2023-06,GK.1.9,1
2023-06,GN.1.1,1
2023-06,GN.4,5
2023-06,GS.4,3
2023-06,GY.1,12
2023-06,GY.3,3
2023-06,HC.1,1
2023-06,HC.3,1
2023-06,HD.1.1,1
2023-06,HE.2,4
2023-06,HF.1.1,1
2023-06,HG.2,1
2023-06,HH.4,2
2023-06,HJ.1,3
2023-06,HK.29,3
2023-06,HN.6,2
2023-06,HP.1,1
2023-06,HQ.1,5
2023-06,HU.2,1
2023-06,HW.1.2,1
2023-06,JD.1.1,1
2023-06,JD.2,1
2023-06,JF.1,2
2023-06,JF.2,3
2023-06,JK.1,7
2023-06,P.1,1
2023-06,XBB.1.12.1,1
2023-06,XBB.1.15.1,1
2023-06,XBB.1.16.17,1
2023-06,XBB.1.16.23,2
2023-06,XBB.1.16.9,10
2023-06,XBB.1.19.1,1
2023-06,XBB.1.19.2,1
2023-06,XBB.1.22.3,2
2023-06,XBB.1.24.1,12
2023-06,XBB.1.41.1,3
2023-06,XBB.1.44,1
2023-06,XBB.1.44.1,5
2023-06,XBB.1.45.1,1
2023-06,XBB.1.5.101,1
2023-06,XBB.1.5.102,3
2023-06,XBB.1.5.103,2
2023-06,XBB.1.5.109,1
2023-06,XBB.1.5.25,1
2023-06,XBB.1.5.54,1
2023-06,XBB.1.5.60,1
2023-06,XBB.1.5.62,1
2023-06,XBB.1.5.75,5
2023-06,XBB.1.5.8,3
2023-06,XBB.1.5.81,2
2023-06,XBB.1.5.85,3
2023-06,XBB.1.5.87,1
2023-06,XBB.1.5.89,5
2023-06,XBB.1.5.9,1
2023-06,XBB.1.9.7,1
2023-06,XBB.2.3.21,1
2023-06,XBB.2.3.9,2
2023-06,XBB.8.2,1
2023-06,XBF,1
2023-06,XBF.5,1
2023-06,XBF.9,1
2023-06,XBL.3,4
2023-06,XCH,1
2023-06,BN.1.2.6,1
2023-06,BN.1.2.7,2
2023-06,CK.1.1.1,2
2023-06,EG.2.5,1
2023-06,EG.4.4,1
2023-06,EG.5.1.17,1
2023-06,EN.1,1
2023-06,FL.13.2,20
2023-06,FL.27,1
2023-06,FL.28,1
2023-06,FL.35.1,1
2023-06,FU.5,1
2023-06,FY.6,1
2023-06,GE.1.1,2
2023-06,GN.5,1
2023-06,GT.1,2
2023-06,GY.2.1,1
2023-06,HG.1,3
2023-06,HK.1,1
2023-06,HK.19,1
2023-06,HK.3,1
2023-06,HK.3.2,1
2023-06,HK.31,2
2023-06,JD.1.2,3
2023-06,JD.1.2.2,1
2023-06,JG.3,1
2023-06,JH.1,5
2023-06,JN.1.8,1
2023-06,JN.18,1
2023-06,JN.2,1
2023-06,JR.1.1,1
2023-06,XBB.1.12,2
2023-06,XBB.1.34.2,2
2023-06,XBB.1.41,1
2023-06,XBB.1.5.42,2
2023-06,XBB.1.5.53,2
2023-06,XBB.1.5.6,1
2023-06,XBB.1.5.93,1
2023-06,XBL.2,2
2023-07,BA.1,1
2023-07,BA.2,5
2023-07,BA.2.12.1,1
2023-07,BA.2.51,1
2023-07,BA.2.86,1
2023-07,BA.2.86.1,3
2023-07,BA.5.1.9,1
2023-07,BA.5.2.1,2
2023-07,BA.5.2.13,1
2023-07,BA.5.2.34,1
2023-07,BN.1.1,1
2023-07,BN.1.3.13,1
2023-07,BQ.1,1
2023-07,BQ.1.1,7
2023-07,BQ.1.1.1,1
2023-07,BQ.1.1.6,1
2023-07,BQ.1.1.8,1
2023-07,BQ.1.12,2
2023-07,BQ.1.25,2
2023-07,BQ.1.8,1
2023-07,CH.1.1.1,8
2023-07,CH.1.1.2,3
2023-07,CH.1.1.32,6
2023-07,CM.7.1.1,1
2023-07,DU.1,2
2023-07,DV.1,1
2023-07,DV.1.1,2
2023-07,DV.6,3
2023-07,DV.6.1,1
2023-07,DV.6.2,9
2023-07,DV.7,5
2023-07,DV.7.1,9
2023-07,DV.7.1.2,24
2023-07,DV.7.1.4,4
2023-07,DV.7.1.5,5
2023-07,DV.7.2,3
2023-07,ED.2,1
2023-07,EF.2,1
2023-07,EG.1,152
2023-07,EG.1.2,8
2023-07,EG.1.3,5
2023-07,EG.1.4,34
2023-07,EG.1.5,10
2023-07,EG.1.6,19
2023-07,EG.1.7,1
2023-07,EG.1.8,27
2023-07,EG.10,2
2023-07,EG.10.1,14
2023-07,EG.10.1.1,12
2023-07,EG.12,2
2023-07,EG.13,23
2023-07,EG.14,16
2023-07,EG.2,38
2023-07,EG.2.2,2
2023-07,EG.2.5,3
2023-07,EG.4,18
2023-07,EG.4.3,2
2023-07,EG.4.4,3
2023-07,EG.4.5,3
2023-07,EG.5,8
2023-07,EG.5.1,349
2023-07,EG.5.1.1,477
2023-07,EG.5.1.12,3
2023-07,EG.5.1.13,33
2023-07,EG.5.1.14,71
2023-07,EG.5.1.15,17
2023-07,EG.5.1.16,69
2023-07,EG.5.1.19,27
2023-07,EG.5.1.2,8
2023-07,EG.5.1.3,213
2023-07,EG.5.1.4,142
2023-07,EG.5.1.5,13
2023-07,EG.5.1.6,70
2023-07,EG.5.1.7,8
2023-07,EG.5.1.9,7
2023-07,EG.5.2,56
2023-07,EG.5.2.1,77
2023-07,EG.5.2.2,2
2023-07,EG.5.2.3,25
2023-07,EG.5.2.4,3
2023-07,EG.6,1
2023-07,EG.6.1,213
2023-07,EG.6.1.2,2
2023-07,EG.7,22
2023-07,EG.8,5
2023-07,EG.9.1,12
2023-07,EK.2.1,6
2023-07,EL.1,4
2023-07,EM.1,1
2023-07,ER.1,2
2023-07,EU.1.1,26
2023-07,EU.1.1.1,6
2023-07,EU.1.1.3,13
2023-07,FD.1.1,79
2023-07,FD.2,14
2023-07,FD.4,20
2023-07,FD.5,1
2023-07,FD.5.1,3
2023-07,FE.1,14
2023-07,FE.1.1,46
2023-07,FE.1.1.1,11
2023-07,FE.1.1.2,7
2023-07,FE.1.1.5,3
2023-07,FE.1.2,104
2023-07,FG.1,2
2023-07,FK.1.1,68
2023-07,FK.1.1.2,9
2023-07,FK.1.2.1,1
2023-07,FK.1.3.2,3
2023-07,FL.1,14
2023-07,FL.1.1,11
2023-07,FL.1.2,3
2023-07,FL.1.3,10
2023-07,FL.1.4,2
2023-07,FL.1.5,36
2023-07,FL.1.5.1,392
2023-07,FL.1.6,13
2023-07,FL.10,13
2023-07,FL.10.1,31
2023-07,FL.10.3,1
2023-07,FL.11,6
2023-07,FL.12,19
2023-07,FL.13,6
2023-07,FL.13.1,2
2023-07,FL.13.2,8
2023-07,FL.13.3,1
2023-07,FL.14,8
2023-07,FL.15,65
2023-07,FL.15.2,2
2023-07,FL.15.3,3
2023-07,FL.15.4,1
2023-07,FL.16,18
2023-07,FL.17.2,6
2023-07,FL.18,14
2023-07,FL.19.1,11
2023-07,FL.2,46
2023-07,FL.2.1,6
2023-07,FL.2.2.1,1
2023-07,FL.2.3,34
2023-07,FL.2.4,6
2023-07,FL.2.5,95
2023-07,FL.2.6,2
2023-07,FL.2.7.1,2
2023-07,FL.20,15
2023-07,FL.20.1,29
2023-07,FL.21,6
2023-07,FL.21.1,1
2023-07,FL.22,8
2023-07,FL.23,2
2023-07,FL.23.1,2
2023-07,FL.24,21
2023-07,FL.25,35
2023-07,FL.26,1
2023-07,FL.26.1,1
2023-07,FL.28,7
2023-07,FL.29,11
2023-07,FL.3,14
2023-07,FL.3.1,7
2023-07,FL.3.2,12
2023-07,FL.3.3,12
2023-07,FL.30.1,2
2023-07,FL.31,8
2023-07,FL.31.1,2
2023-07,FL.32,8
2023-07,FL.32.1,1
2023-07,FL.35.1,3
2023-07,FL.4,118
2023-07,FL.4.11,4
2023-07,FL.4.2,13
2023-07,FL.4.3,1
2023-07,FL.4.5,4
2023-07,FL.4.6,14
2023-07,FL.4.8,2
2023-07,FL.4.9,11
2023-07,FL.5,38
2023-07,FL.5.1,2
2023-07,FL.7,10
2023-07,FL.8,2
2023-07,FP.2,1
2023-07,FP.2.1,4
2023-07,FP.2.1.1,5
2023-07,FP.4,14
2023-07,FR.1,2
2023-07,FR.1.5,3
2023-07,FS.1,1
2023-07,FT.3.1,9
2023-07,FT.3.1.1,30
2023-07,FU.1,204
2023-07,FU.1.1,7
2023-07,FU.1.1.1,1
2023-07,FU.2,79
2023-07,FU.2.1,55
2023-07,FU.3,2
2023-07,FU.4,1
2023-07,FU.5,3
2023-07,FV.1,1
2023-07,FW.1,2
2023-07,FW.1.1,12
2023-07,FY.1,1
2023-07,FY.1.1,1
2023-07,FY.1.2,11
2023-07,FY.1.2.1,3
2023-07,FY.1.2.3,3
2023-07,FY.1.4.1,4
2023-07,FY.2,39
2023-07,FY.3,7
2023-07,FY.3.1,41
2023-07,FY.3.2,37
2023-07,FY.3.3,17
2023-07,FY.4,1
2023-07,FY.4.1,19
2023-07,FY.4.1.1,15
2023-07,FY.4.1.2,20
2023-07,FY.4.2,30
2023-07,FY.5,9
2023-07,FY.5.1,3
2023-07,FY.5.2,6
2023-07,FY.5.4,2
2023-07,FY.5.5,24
2023-07,FY.5.5.1,5
2023-07,FY.6,5
2023-07,FY.6.1,1
2023-07,FY.7,1
2023-07,FY.8,1
2023-07,FY.9,16
2023-07,FZ.1.1,9
2023-07,GA.2,1
2023-07,GA.7.2,4
2023-07,GB.1,23
2023-07,GD.1,18
2023-07,GE.1,128
2023-07,GE.1.1,3
2023-07,GE.1.2,3
2023-07,GE.1.3,19
2023-07,GE.1.4,21
2023-07,GE.1.5,17
2023-07,GF.1,16
2023-07,GJ.1.1,4
2023-07,GJ.1.2,287
2023-07,GJ.1.2.1,2
2023-07,GJ.1.2.3,1
2023-07,GJ.1.2.4,9
2023-07,GJ.1.2.5,9
2023-07,GJ.1.2.6,2
2023-07,GJ.1.2.8,2
2023-07,GJ.2,3
2023-07,GJ.3,4
2023-07,GJ.4,26
2023-07,GJ.5,3
2023-07,GJ.5.1,3
2023-07,GK.1,25
2023-07,GK.1.1,32
2023-07,GK.1.1.1,6
2023-07,GK.1.10,4
2023-07,GK.1.2,4
2023-07,GK.1.3,11
2023-07,GK.1.6,10
2023-07,GK.1.9,3
2023-07,GK.2,70
2023-07,GK.2.1,18
2023-07,GK.2.2,3
2023-07,GK.3,4
2023-07,GK.3.1,11
2023-07,GK.3.2,3
2023-07,GK.6,1
2023-07,GK.7,4
2023-07,GL.1,10
2023-07,GM.3,4
2023-07,GN.1,49
2023-07,GN.1.1,4
2023-07,GN.1.2,1
2023-07,GN.2,5
2023-07,GN.4,9
2023-07,GP.1,4
2023-07,GR.1,16
2023-07,GS.1,9
2023-07,GS.3,12
2023-07,GS.4,8
2023-07,GS.4.1,9
2023-07,GS.6,4
2023-07,GS.8,2
2023-07,GU.1,15
2023-07,GV.1,32
2023-07,GW.1,1
2023-07,GW.5,3
2023-07,GW.5.1,3
2023-07,GW.5.1.1,1
2023-07,GW.5.3,9
2023-07,GY.1,4
2023-07,GY.2.1,3
2023-07,GY.3,1
2023-07,GY.5,58
2023-07,GY.6,16
2023-07,GY.7,18
2023-07,GY.9,3
2023-07,GZ.1,24
2023-07,HA.1,6
2023-07,HA.2,13
2023-07,HC.2,3
2023-07,HC.4,3
2023-07,HE.1,34
2023-07,HE.2,3
2023-07,HF.1,64
2023-07,HF.1.1,19
2023-07,HF.1.2,19
2023-07,HG.1,2
2023-07,HG.2,26
2023-07,HH.1,53
2023-07,HH.1.1,11
2023-07,HH.2,14
2023-07,HH.2.1,4
2023-07,HH.3,1
2023-07,HH.4,7
2023-07,HH.5,11
2023-07,HH.7,20
2023-07,HH.8,2
2023-07,HK.11,10
2023-07,HK.12,1
2023-07,HK.15,1
2023-07,HK.16,1
2023-07,HK.19,1
2023-07,HK.27,5
2023-07,HK.28,9
2023-07,HK.29,64
2023-07,HK.3,3
2023-07,HK.3.4,1
2023-07,HK.30,8
2023-07,HK.31,32
2023-07,HK.4,4
2023-07,HK.6,39
2023-07,HK.7,13
2023-07,HK.9,21
2023-07,HL.1,1
2023-07,HN.1,26
2023-07,HN.2,3
2023-07,HN.3,4
2023-07,HN.3.1,1
2023-07,HN.4,10
2023-07,HN.4.1,1
2023-07,HN.5,1
2023-07,HN.6,1
2023-07,HN.7,1
2023-07,HP.1.1,18
2023-07,HQ.1,3
2023-07,HR.1,20
2023-07,HR.1.1,1
2023-07,HS.1,25
2023-07,HS.1.1,3
2023-07,HT.1,13
2023-07,HT.2,18
2023-07,HU.1.1,26
2023-07,HV.1,58
2023-07,HV.1.4,3
2023-07,HW.1.1,23
2023-07,HY.1,47
2023-07,HZ.1,91
2023-07,HZ.2,51
2023-07,HZ.3,2
2023-07,JA.1,6
2023-07,JB.2,1
2023-07,JC.1,4
2023-07,JC.5,29
2023-07,JD.1.1,2
2023-07,JD.1.2,5
2023-07,JD.2,4
2023-07,JF.1,5
2023-07,JF.2,24
2023-07,JF.4,87
2023-07,JG.2,2
2023-07,JG.4,2
2023-07,JH.1,1
2023-07,JH.2,3
2023-07,JL.1,2
2023-07,JM.1,3
2023-07,JS.1,11
2023-07,JS.2,9
2023-07,JU.1,1
2023-07,JV.1,1
2023-07,JZ.1,16
2023-07,KA.1,1
2023-07,KC.1,1
2023-07,XBB.1,23
2023-07,XBB.1.16,1177
2023-07,XBB.1.16.1,482
2023-07,XBB.1.16.10,15
2023-07,XBB.1.16.11,238
2023-07,XBB.1.16.12,16
2023-07,XBB.1.16.13,42
2023-07,XBB.1.16.14,29
2023-07,XBB.1.16.15,92
2023-07,XBB.1.16.16,39
2023-07,XBB.1.16.17,10
2023-07,XBB.1.16.18,49
2023-07,XBB.1.16.19,75
2023-07,XBB.1.16.2,62
2023-07,XBB.1.16.20,13
2023-07,XBB.1.16.21,62
2023-07,XBB.1.16.22,2
2023-07,XBB.1.16.23,13
2023-07,XBB.1.16.25,7
2023-07,XBB.1.16.29,25
2023-07,XBB.1.16.3,23
2023-07,XBB.1.16.30,8
2023-07,XBB.1.16.31,6
2023-07,XBB.1.16.32,3
2023-07,XBB.1.16.4,21
2023-07,XBB.1.16.5,42
2023-07,XBB.1.16.6,492
2023-07,XBB.1.16.7,5
2023-07,XBB.1.16.8,39
2023-07,XBB.1.16.9,53
2023-07,XBB.1.17.1,6
2023-07,XBB.1.18.1,3
2023-07,XBB.1.19.1,5
2023-07,XBB.1.22,21
2023-07,XBB.1.22.1,19
2023-07,XBB.1.22.2,4
2023-07,XBB.1.24.1,7
2023-07,XBB.1.28.1,1
2023-07,XBB.1.33,6
2023-07,XBB.1.34.1,4
2023-07,XBB.1.4.2,5
2023-07,XBB.1.41.1,2
2023-07,XBB.1.41.2,18
2023-07,XBB.1.41.3,3
2023-07,XBB.1.42,13
2023-07,XBB.1.42.1,15
2023-07,XBB.1.42.2,137
2023-07,XBB.1.43.1,1
2023-07,XBB.1.44,3
2023-07,XBB.1.5,616
2023-07,XBB.1.5.1,44
2023-07,XBB.1.5.10,236
2023-07,XBB.1.5.100,12
2023-07,XBB.1.5.103,11
2023-07,XBB.1.5.104,22
2023-07,XBB.1.5.105,21
2023-07,XBB.1.5.106,9
2023-07,XBB.1.5.107,13
2023-07,XBB.1.5.108,2
2023-07,XBB.1.5.109,7
2023-07,XBB.1.5.11,6
2023-07,XBB.1.5.110,29
2023-07,XBB.1.5.12,8
2023-07,XBB.1.5.13,6
2023-07,XBB.1.5.14,10
2023-07,XBB.1.5.15,17
2023-07,XBB.1.5.16,14
2023-07,XBB.1.5.17,11
2023-07,XBB.1.5.18,21
2023-07,XBB.1.5.2,12
2023-07,XBB.1.5.20,5
2023-07,XBB.1.5.21,7
2023-07,XBB.1.5.23,2
2023-07,XBB.1.5.24,4
2023-07,XBB.1.5.27,9
2023-07,XBB.1.5.28,54
2023-07,XBB.1.5.3,1
2023-07,XBB.1.5.30,5
2023-07,XBB.1.5.31,6
2023-07,XBB.1.5.32,8
2023-07,XBB.1.5.33,5
2023-07,XBB.1.5.34,4
2023-07,XBB.1.5.35,13
2023-07,XBB.1.5.36,1
2023-07,XBB.1.5.37,38
2023-07,XBB.1.5.38,1
2023-07,XBB.1.5.4,34
2023-07,XBB.1.5.40,3
2023-07,XBB.1.5.41,4
2023-07,XBB.1.5.44,8
2023-07,XBB.1.5.45,2
2023-07,XBB.1.5.47,6
2023-07,XBB.1.5.48,10
2023-07,XBB.1.5.49,114
2023-07,XBB.1.5.5,11
2023-07,XBB.1.5.50,1
2023-07,XBB.1.5.51,20
2023-07,XBB.1.5.52,2
2023-07,XBB.1.5.54,4
2023-07,XBB.1.5.55,1
2023-07,XBB.1.5.56,3
2023-07,XBB.1.5.57,1
2023-07,XBB.1.5.59,53
2023-07,XBB.1.5.61,2
2023-07,XBB.1.5.62,2
2023-07,XBB.1.5.63,1
2023-07,XBB.1.5.65,11
2023-07,XBB.1.5.66,6
2023-07,XBB.1.5.67,8
2023-07,XBB.1.5.68,4
2023-07,XBB.1.5.69,3
2023-07,XBB.1.5.7,13
2023-07,XBB.1.5.70,23
2023-07,XBB.1.5.71,21
2023-07,XBB.1.5.72,201
2023-07,XBB.1.5.73,33
2023-07,XBB.1.5.75,4
2023-07,XBB.1.5.77,49
2023-07,XBB.1.5.78,4
2023-07,XBB.1.5.79,1
2023-07,XBB.1.5.81,6
2023-07,XBB.1.5.85,5
2023-07,XBB.1.5.86,6
2023-07,XBB.1.5.89,7
2023-07,XBB.1.5.9,2
2023-07,XBB.1.5.91,3
2023-07,XBB.1.5.92,10
2023-07,XBB.1.5.94,5
2023-07,XBB.1.5.95,17
2023-07,XBB.1.5.96,1
2023-07,XBB.1.5.97,4
2023-07,XBB.1.5.98,4
2023-07,XBB.1.9,9
2023-07,XBB.1.9.1,180
2023-07,XBB.1.9.2,104
2023-07,XBB.1.9.3,2
2023-07,XBB.2.3,192
2023-07,XBB.2.3.1,2
2023-07,XBB.2.3.10,3
2023-07,XBB.2.3.11,81
2023-07,XBB.2.3.12,11
2023-07,XBB.2.3.13,1
2023-07,XBB.2.3.14,1
2023-07,XBB.2.3.15,26
2023-07,XBB.2.3.17,12
2023-07,XBB.2.3.19,37
2023-07,XBB.2.3.2,165
2023-07,XBB.2.3.20,9
2023-07,XBB.2.3.21,3
2023-07,XBB.2.3.3,74
2023-07,XBB.2.3.4,7
2023-07,XBB.2.3.5,24
2023-07,XBB.2.3.6,6
2023-07,XBB.2.3.7,13
2023-07,XBB.2.3.8,31
2023-07,XBB.2.3.9,2
2023-07,XBB.2.4,1
2023-07,XBB.2.6,1
2023-07,XBC.1.6,5
2023-07,XBC.1.6.1,1
2023-07,XBC.1.6.3,5
2023-07,XBF,1
2023-07,XBL.3,3
2023-07,XBU,1
2023-07,XCE,2
2023-07,XCF,17
2023-07,XCF.3,11
2023-07,XCH,3
2023-07,XCL,7
2023-07,XCQ,6
2023-07,XCS,1
2023-07,XCV,6
2023-07,XCW,12
2023-07,XDB,9
2023-07,unclassifiable,147
2023-07,BA.5.2,1
2023-07,BA.5.2.20,1
2023-07,CH.1.1.11,2
2023-07,CH.1.1.15,2
2023-07,EG.11,2
2023-07,EK.2,1
2023-07,EK.4,2
2023-07,FH.1,5
2023-07,FK.1,1
2023-07,FL.1.5.2,1
2023-07,FL.10.2,1
2023-07,FL.18.1,2
2023-07,FL.2.7,1
2023-07,FL.20.2,3
2023-07,FL.21.2,3
2023-07,FL.33,2
2023-07,FL.34,5
2023-07,FL.4.4,1
2023-07,FT.2,1
2023-07,FY.2.1,2
2023-07,GA.3,1
2023-07,GA.6.1,2
2023-07,GG.1,1
2023-07,GQ.1,1
2023-07,HC.3,1
2023-07,HD.1,1
2023-07,JE.1,3
2023-07,JM.2,1
2023-07,XBB.1.37.1,4
2023-07,XBB.1.5.64,1
2023-07,XBB.1.5.76,3
2023-07,XBL.3.1,1
2023-07,XCH.1,1
2023-07,BA.5.1.17,1
2023-07,BA.5.11,2
2023-07,EG.5.1.18,1
2023-07,EG.5.1.8,2
2023-07,EG.6.1.1,2
2023-07,FE.1.1.4,2
2023-07,FG.2,1
2023-07,FL.13.5,1
2023-07,FL.2.3.1,2
2023-07,FL.37,1
2023-07,FL.9,2
2023-07,FR.1.1,1
2023-07,FW.2,1
2023-07,GA.4.1,2
2023-07,GJ.1,1
2023-07,GK.1.4,3
2023-07,GK.2.1.1,1
2023-07,GW.4,1
2023-07,HB.1,4
2023-07,HD.1.1,1
2023-07,HK.27.1,1
2023-07,HP.1,2
2023-07,XBB.1.16.26,1
2023-07,XBB.1.16.27,2
2023-07,XBB.1.22.3,1
2023-07,XBB.1.5.102,2
2023-07,XBB.1.5.43,3
2023-07,XBB.1.5.53,1
2023-07,XBB.1.9.4,3
2023-07,XBB.8.2,2
2023-08,BA.2,4
2023-08,BA.2.12.1,1
2023-08,BA.2.38,2
2023-08,BA.2.56,1
2023-08,BA.2.86,4
2023-08,BA.2.86.1,30
2023-08,BA.2.86.2,1
2023-08,BA.4.6,1
2023-08,BA.4.6.5,1
2023-08,BA.5.1,1
2023-08,BA.5.1.9,1
2023-08,BA.5.2,1
2023-08,BA.5.2.6,1
2023-08,BF.7.15,2
2023-08,BN.1.2.7,3
2023-08,BQ.1,5
2023-08,BQ.1.1,3
2023-08,BQ.1.1.1,2
2023-08,BQ.1.1.23,1
2023-08,BQ.1.12,2
2023-08,BQ.1.13.1,2
2023-08,BQ.1.2.2,1
2023-08,BQ.1.23,1
2023-08,CH.1.1,2
2023-08,CH.1.1.1,5
2023-08,CH.1.1.11,1
2023-08,CH.1.1.15,1
2023-08,CH.1.1.32,6
2023-08,CK.1.1.2,1
2023-08,DU.1,1
2023-08,DV.5,1
2023-08,DV.6.2,5
2023-08,DV.7,1
2023-08,DV.7.1,40
2023-08,DV.7.1.1,3
2023-08,DV.7.1.2,48
2023-08,DV.7.1.4,26
2023-08,DV.7.1.5,55
2023-08,DV.7.1.6,1
2023-08,DV.7.2,5
2023-08,EF.1.2,1
2023-08,EG.1,116
2023-08,EG.1.2,4
2023-08,EG.1.3,12
2023-08,EG.1.4,15
2023-08,EG.1.4.1,1
2023-08,EG.1.5,12
2023-08,EG.1.6,19
2023-08,EG.1.8,7
2023-08,EG.10,1
2023-08,EG.10.1,46
2023-08,EG.10.1.1,55
2023-08,EG.11,12
2023-08,EG.13,4
2023-08,EG.14,20
2023-08,EG.2,63
2023-08,EG.2.5,2
2023-08,EG.4,17
2023-08,EG.4.3,2
2023-08,EG.4.4,1
2023-08,EG.4.5,4
2023-08,EG.5,25
2023-08,EG.5.1,1137
2023-08,EG.5.1.1,1531
2023-08,EG.5.1.10,5
2023-08,EG.5.1.12,8
2023-08,EG.5.1.13,177
2023-08,EG.5.1.14,153
2023-08,EG.5.1.15,94
2023-08,EG.5.1.16,230
2023-08,EG.5.1.18,9
2023-08,EG.5.1.19,105
2023-08,EG.5.1.2,36
2023-08,EG.5.1.3,986
2023-08,EG.5.1.4,732
2023-08,EG.5.1.5,65
2023-08,EG.5.1.6,386
2023-08,EG.5.1.7,53
2023-08,EG.5.1.8,8
2023-08,EG.5.1.9,64
2023-08,EG.5.2,133
2023-08,EG.5.2.1,143
2023-08,EG.5.2.2,7
2023-08,EG.5.2.3,51
2023-08,EG.5.2.4,12
2023-08,EG.6.1,532
2023-08,EG.6.1.1,7
2023-08,EG.6.1.2,4
2023-08,EG.7,34
2023-08,EG.8,5
2023-08,EG.9.1,8
2023-08,EK.2.1,21
2023-08,EL.1,9
2023-08,EU.1,1
2023-08,EU.1.1,35
2023-08,EU.1.1.1,3
2023-08,EU.1.1.3,14
2023-08,FD.1.1,93
2023-08,FD.2,3
2023-08,FD.4,42
2023-08,FD.5,5
2023-08,FD.5.1,7
2023-08,FE.1,9
2023-08,FE.1.1,28
2023-08,FE.1.1.1,32
2023-08,FE.1.1.2,3
2023-08,FE.1.1.5,4
2023-08,FE.1.2,95
2023-08,FH.1,4
2023-08,FK.1,4
2023-08,FK.1.1,50
2023-08,FK.1.1.2,5
2023-08,FK.1.3.2,3
2023-08,FK.1.5,2
2023-08,FL.1,17
2023-08,FL.1.1,9
2023-08,FL.1.2,3
2023-08,FL.1.3,10
2023-08,FL.1.4,2
2023-08,FL.1.5,64
2023-08,FL.1.5.1,1861
2023-08,FL.1.5.2,5
2023-08,FL.1.6,2
2023-08,FL.1.8,3
2023-08,FL.10,3
2023-08,FL.10.1,63
2023-08,FL.10.2,7
2023-08,FL.10.3,6
2023-08,FL.11,1
2023-08,FL.12,7
2023-08,FL.13,7
2023-08,FL.13.2,7
2023-08,FL.13.4.1,1
2023-08,FL.13.5,1
2023-08,FL.14,11
2023-08,FL.15,109
2023-08,FL.15.1.1,2
2023-08,FL.15.2,1
2023-08,FL.15.3,20
2023-08,FL.15.4,10
2023-08,FL.16,23
2023-08,FL.18,9
2023-08,FL.18.1,1
2023-08,FL.19,1
2023-08,FL.19.1,26
2023-08,FL.2,34
2023-08,FL.2.1,2
2023-08,FL.2.2.1,4
2023-08,FL.2.3,29
2023-08,FL.2.3.1,3
2023-08,FL.2.4,2
2023-08,FL.2.5,40
2023-08,FL.2.6,6
2023-08,FL.2.7.1,17
2023-08,FL.20,42
2023-08,FL.20.1,38
2023-08,FL.20.2,24
2023-08,FL.21,7
2023-08,FL.21.1,1
2023-08,FL.22,8
2023-08,FL.23.1,1
2023-08,FL.24,39
2023-08,FL.24.1,4
2023-08,FL.25,52
2023-08,FL.26,2
2023-08,FL.28,1
2023-08,FL.29,10
2023-08,FL.3,16
2023-08,FL.3.1,10
2023-08,FL.3.2,6
2023-08,FL.30.1,7
2023-08,FL.31,3
2023-08,FL.31.1,7
2023-08,FL.32,7
2023-08,FL.32.1,11
2023-08,FL.33,1
2023-08,FL.33.1,3
2023-08,FL.35,6
2023-08,FL.35.1,1
2023-08,FL.36,5
2023-08,FL.38,1
2023-08,FL.4,108
2023-08,FL.4.2,6
2023-08,FL.4.4,1
2023-08,FL.4.5,3
2023-08,FL.4.6,12
2023-08,FL.4.9,8
2023-08,FL.5,32
2023-08,FL.7,11
2023-08,FL.8,1
2023-08,FL.9,2
2023-08,FP.2.1,2
2023-08,FP.2.1.1,4
2023-08,FP.4,1
2023-08,FR.1.3,1
2023-08,FS.1,2
2023-08,FT.3,1
2023-08,FT.3.1,10
2023-08,FT.3.1.1,53
2023-08,FU.1,280
2023-08,FU.1.1,11
2023-08,FU.1.1.1,17
2023-08,FU.2,328
2023-08,FU.2.1,164
2023-08,FU.3,3
2023-08,FU.5,2
2023-08,FV.1,3
2023-08,FW.1,23
2023-08,FW.1.1,20
2023-08,FW.2,1
2023-08,FY.1.1,5
2023-08,FY.1.2,44
2023-08,FY.1.2.1,9
2023-08,FY.1.2.2,7
2023-08,FY.1.2.3,16
2023-08,FY.1.4,10
2023-08,FY.1.4.1,15
2023-08,FY.2,52
2023-08,FY.2.1,16
2023-08,FY.3,12
2023-08,FY.3.1,46
2023-08,FY.3.2,37
2023-08,FY.3.3,18
2023-08,FY.4.1,21
2023-08,FY.4.1.1,18
2023-08,FY.4.1.2,45
2023-08,FY.4.2,59
2023-08,FY.5,18
2023-08,FY.5.1,6
2023-08,FY.5.1.1,2
2023-08,FY.5.2,6
2023-08,FY.5.3,1
2023-08,FY.5.4,7
2023-08,FY.5.5,51
2023-08,FY.5.5.1,19
2023-08,FY.6,4
2023-08,FY.6.1,5
2023-08,FY.8,2
2023-08,FY.8.1,2
2023-08,FY.9,9
2023-08,FZ.1.1,6
2023-08,GA.2.1.1,3
2023-08,GA.4.1,15
2023-08,GA.4.1.1,2
2023-08,GA.4.2,1
2023-08,GA.7.1,1
2023-08,GA.7.2,1
2023-08,GB.1,18
2023-08,GD.1,54
2023-08,GE.1,391
2023-08,GE.1.1,11
2023-08,GE.1.2,17
2023-08,GE.1.3,88
2023-08,GE.1.4,113
2023-08,GE.1.5,57
2023-08,GE.1.6,7
2023-08,GF.1,12
2023-08,GG.1,1
2023-08,GJ.1,8
2023-08,GJ.1.1,14
2023-08,GJ.1.2,813
2023-08,GJ.1.2.1,10
2023-08,GJ.1.2.2,41
2023-08,GJ.1.2.4,10
2023-08,GJ.1.2.5,66
2023-08,GJ.1.2.6,4
2023-08,GJ.1.2.7,3
2023-08,GJ.1.2.8,14
2023-08,GJ.3,7
2023-08,GJ.4,73
2023-08,GJ.5,30
2023-08,GJ.5.1,31
2023-08,GK.1,48
2023-08,GK.1.1,177
2023-08,GK.1.1.1,39
2023-08,GK.1.10,17
2023-08,GK.1.11.1,1
2023-08,GK.1.2,7
2023-08,GK.1.3,6
2023-08,GK.1.6,29
2023-08,GK.1.6.1,7
2023-08,GK.1.9,10
2023-08,GK.2,184
2023-08,GK.2.1,95
2023-08,GK.2.1.1,7
2023-08,GK.2.2,8
2023-08,GK.2.3,7
2023-08,GK.3,7
2023-08,GK.3.1,70
2023-08,GK.3.2,24
2023-08,GK.4,6
2023-08,GK.5.1,2
2023-08,GK.6,25
2023-08,GK.7,2
2023-08,GK.8,2
2023-08,GL.1,12
2023-08,GM.3,3
2023-08,GM.3.1,1
2023-08,GN.1,83
2023-08,GN.1.1,38
2023-08,GN.1.2,11
2023-08,GN.1.3,2
2023-08,GN.2,3
2023-08,GN.3,8
2023-08,GN.4,3
2023-08,GP.1,1
2023-08,GQ.1,1
2023-08,GR.1,10
2023-08,GS.1,64
2023-08,GS.2,2
2023-08,GS.3,80
2023-08,GS.4,43
2023-08,GS.4.1,60
2023-08,GS.4.1.1,1
2023-08,GS.5,21
2023-08,GS.6,61
2023-08,GS.7,15
2023-08,GS.8,9
2023-08,GU.1,12
2023-08,GV.1,87
2023-08,GW.1,4
2023-08,GW.5,10
2023-08,GW.5.1,17
2023-08,GW.5.1.1,2
2023-08,GW.5.2,1
2023-08,GW.5.3,12
2023-08,GY.1,8
2023-08,GY.2.1,6
2023-08,GY.5,75
2023-08,GY.6,26
2023-08,GY.7,24
2023-08,GY.8,4
2023-08,GY.9,7
2023-08,GZ.1,37
2023-08,HA.1,6
2023-08,HA.2,22
2023-08,HB.1,2
2023-08,HC.2,7
2023-08,HC.3,8
2023-08,HC.4,2
2023-08,HD.1.1,3
2023-08,HE.1,20
2023-08,HE.2,7
2023-08,HF.1,270
2023-08,HF.1.1,72
2023-08,HF.1.2,26
2023-08,HG.1,1
2023-08,HG.2,34
2023-08,HG.3,3
2023-08,HH.1,67
2023-08,HH.1.1,21
2023-08,HH.2,30
2023-08,HH.2.1,8
2023-08,HH.4,5
2023-08,HH.5,27
2023-08,HH.7,24
2023-08,HH.8,5
2023-08,HH.8.1,3
2023-08,HK.1,9
2023-08,HK.11,58
2023-08,HK.11.1,2
2023-08,HK.13,2
2023-08,HK.15,27
2023-08,HK.16,15
2023-08,HK.17,9
2023-08,HK.19,7
2023-08,HK.2,8
2023-08,HK.23,1
2023-08,HK.26,15
2023-08,HK.27,18
2023-08,HK.27.1,10
2023-08,HK.28,75
2023-08,HK.29,147
2023-08,HK.3,62
2023-08,HK.3.1,4
2023-08,HK.3.12,9
2023-08,HK.3.3,1
2023-08,HK.3.4,19
2023-08,HK.30,50
2023-08,HK.31,124
2023-08,HK.4,3
2023-08,HK.6,189
2023-08,HK.7,54
2023-08,HK.8,3
2023-08,HK.9,29
2023-08,HL.1,1
2023-08,HN.1,115
2023-08,HN.2,36
2023-08,HN.2.1,6
2023-08,HN.3,31
2023-08,HN.3.1,3
2023-08,HN.4,60
2023-08,HN.4.1,5
2023-08,HN.5,6
2023-08,HN.6,25
2023-08,HN.7,6
2023-08,HP.1.1,26
2023-08,HQ.1,7
2023-08,HR.1,21
2023-08,HR.1.1,15
2023-08,HS.1,72
2023-08,HS.1.1,22
2023-08,HT.1,6
2023-08,HT.2,19
2023-08,HU.1.1,31
2023-08,HU.2,2
2023-08,HV.1,726
2023-08,HV.1.1,1
2023-08,HV.1.2,6
2023-08,HV.1.3,4
2023-08,HV.1.4,12
2023-08,HV.1.5,1
2023-08,HV.1.6,8
2023-08,HV.1.8,3
2023-08,HW.1,1
2023-08,HW.1.1,45
2023-08,HY.1,96
2023-08,HZ.1,233
2023-08,HZ.2,52
2023-08,HZ.3,8
2023-08,JA.1,11
2023-08,JB.2.1,1
2023-08,JC.1,13
2023-08,JC.4,1
2023-08,JC.5,109
2023-08,JC.5.1,3
2023-08,JD.1,5
2023-08,JD.1.1,49
2023-08,JD.1.1.1,2
2023-08,JD.1.1.2,1
2023-08,JD.1.1.7,6
2023-08,JD.1.2,14
2023-08,JD.1.2.1,5
2023-08,JE.1,4
2023-08,JF.1,46
2023-08,JF.1.1,76
2023-08,JF.2,28
2023-08,JF.4,252
2023-08,JG.1,15
2023-08,JG.2,28
2023-08,JG.3,15
2023-08,JG.3.1,11
2023-08,JG.4,15
2023-08,JH.1,13
2023-08,JH.2,1
2023-08,JJ.1,3
2023-08,JL.1,4
2023-08,JM.1,30
2023-08,JM.2,11
2023-08,JN.2,32
2023-08,JN.3,3
2023-08,JN.5,3
2023-08,JN.7,1
2023-08,JR.1.1,1
2023-08,JS.1,39
2023-08,JS.2,34
2023-08,JW.1,1
2023-08,JY.1,5
2023-08,JY.1.1,1
2023-08,JZ.1,31
2023-08,KA.1,3
2023-08,KB.4,4
2023-08,KC.1,23
2023-08,KE.3,1
2023-08,XBB,1
2023-08,XBB.1,36
2023-08,XBB.1.11.1,1
2023-08,XBB.1.15.1,1
2023-08,XBB.1.16,1987
2023-08,XBB.1.16.1,692
2023-08,XBB.1.16.10,11
2023-08,XBB.1.16.11,916
2023-08,XBB.1.16.12,39
2023-08,XBB.1.16.13,29
2023-08,XBB.1.16.14,81
2023-08,XBB.1.16.15,403
2023-08,XBB.1.16.16,80
2023-08,XBB.1.16.17,23
2023-08,XBB.1.16.18,46
2023-08,XBB.1.16.19,116
2023-08,XBB.1.16.2,86
2023-08,XBB.1.16.20,11
2023-08,XBB.1.16.21,98
2023-08,XBB.1.16.22,4
2023-08,XBB.1.16.23,87
2023-08,XBB.1.16.24,4
2023-08,XBB.1.16.25,3
2023-08,XBB.1.16.26,5
2023-08,XBB.1.16.29,34
2023-08,XBB.1.16.3,59
2023-08,XBB.1.16.30,11
2023-08,XBB.1.16.31,9
2023-08,XBB.1.16.32,9
2023-08,XBB.1.16.4,5
2023-08,XBB.1.16.5,31
2023-08,XBB.1.16.6,1979
2023-08,XBB.1.16.7,10
2023-08,XBB.1.16.8,71
2023-08,XBB.1.16.9,201
2023-08,XBB.1.17.1,6
2023-08,XBB.1.19.1,2
2023-08,XBB.1.22,38
2023-08,XBB.1.22.1,11
2023-08,XBB.1.22.2,2
2023-08,XBB.1.22.3,7
2023-08,XBB.1.24.1,9
2023-08,XBB.1.28,1
2023-08,XBB.1.31.2,2
2023-08,XBB.1.33,13
2023-08,XBB.1.34.1,2
2023-08,XBB.1.37.1,1
2023-08,XBB.1.41.1,20
2023-08,XBB.1.41.2,86
2023-08,XBB.1.41.3,8
2023-08,XBB.1.42,29
2023-08,XBB.1.42.1,38
2023-08,XBB.1.42.2,328
2023-08,XBB.1.44,8
2023-08,XBB.1.5,411
2023-08,XBB.1.5.1,34
2023-08,XBB.1.5.10,305
2023-08,XBB.1.5.100,21
2023-08,XBB.1.5.102,1
2023-08,XBB.1.5.103,56
2023-08,XBB.1.5.104,39
2023-08,XBB.1.5.105,18
2023-08,XBB.1.5.106,8
2023-08,XBB.1.5.107,4
2023-08,XBB.1.5.108,10
2023-08,XBB.1.5.109,22
2023-08,XBB.1.5.11,7
2023-08,XBB.1.5.110,35
2023-08,XBB.1.5.12,2
2023-08,XBB.1.5.13,5
2023-08,XBB.1.5.15,14
2023-08,XBB.1.5.16,17
2023-08,XBB.1.5.17,6
2023-08,XBB.1.5.18,28
2023-08,XBB.1.5.19,1
2023-08,XBB.1.5.2,10
2023-08,XBB.1.5.20,1
2023-08,XBB.1.5.21,4
2023-08,XBB.1.5.23,4
2023-08,XBB.1.5.24,4
2023-08,XBB.1.5.27,14
2023-08,XBB.1.5.28,57
2023-08,XBB.1.5.3,2
2023-08,XBB.1.5.30,3
2023-08,XBB.1.5.31,6
2023-08,XBB.1.5.32,8
2023-08,XBB.1.5.34,2
2023-08,XBB.1.5.35,16
2023-08,XBB.1.5.37,45
2023-08,XBB.1.5.4,14
2023-08,XBB.1.5.40,9
2023-08,XBB.1.5.41,3
2023-08,XBB.1.5.44,5
2023-08,XBB.1.5.45,3
2023-08,XBB.1.5.47,3
2023-08,XBB.1.5.48,6
2023-08,XBB.1.5.49,91
2023-08,XBB.1.5.5,2
2023-08,XBB.1.5.50,7
2023-08,XBB.1.5.51,15
2023-08,XBB.1.5.55,3
2023-08,XBB.1.5.59,77
2023-08,XBB.1.5.6,1
2023-08,XBB.1.5.62,1
2023-08,XBB.1.5.64,3
2023-08,XBB.1.5.65,8
2023-08,XBB.1.5.66,4
2023-08,XBB.1.5.67,9
2023-08,XBB.1.5.68,1
2023-08,XBB.1.5.69,1
2023-08,XBB.1.5.7,6
2023-08,XBB.1.5.70,49
2023-08,XBB.1.5.71,19
2023-08,XBB.1.5.72,327
2023-08,XBB.1.5.73,23
2023-08,XBB.1.5.77,16
2023-08,XBB.1.5.78,4
2023-08,XBB.1.5.81,5
2023-08,XBB.1.5.85,3
2023-08,XBB.1.5.86,3
2023-08,XBB.1.5.89,14
2023-08,XBB.1.5.91,2
2023-08,XBB.1.5.92,1
2023-08,XBB.1.5.94,4
2023-08,XBB.1.5.95,9
2023-08,XBB.1.5.98,7
2023-08,XBB.1.9,34
2023-08,XBB.1.9.1,143
2023-08,XBB.1.9.2,92
2023-08,XBB.1.9.5,1
2023-08,XBB.1.9.7,1
2023-08,XBB.2.3,235
2023-08,XBB.2.3.1,1
2023-08,XBB.2.3.11,111
2023-08,XBB.2.3.12,11
2023-08,XBB.2.3.13,2
2023-08,XBB.2.3.14,2
2023-08,XBB.2.3.15,68
2023-08,XBB.2.3.16,9
2023-08,XBB.2.3.17,13
2023-08,XBB.2.3.19,45
2023-08,XBB.2.3.2,154
2023-08,XBB.2.3.20,5
2023-08,XBB.2.3.21,7
2023-08,XBB.2.3.22,1
2023-08,XBB.2.3.3,96
2023-08,XBB.2.3.4,12
2023-08,XBB.2.3.5,41
2023-08,XBB.2.3.6,1
2023-08,XBB.2.3.7,4
2023-08,XBB.2.3.8,73
2023-08,XBB.2.4,1
2023-08,XBB.8.2,1
2023-08,XBC.1.6,1
2023-08,XBC.1.6.1,2
2023-08,XBL.3,5
2023-08,XCE,1
2023-08,XCF,28
2023-08,XCF.3,7
2023-08,XCH,32
2023-08,XCH.1,41
2023-08,XCK,4
2023-08,XCL,35
2023-08,XCP,2
2023-08,XCQ,9
2023-08,XCR,2
2023-08,XCS,2
2023-08,XCV,28
2023-08,XCW,43
2023-08,XDB,16
2023-08,XDG,1
2023-08,unclassifiable,243
2023-08,BA.2.3,2
2023-08,BA.2.86.3,1
2023-08,BA.4,2
2023-08,BA.5.2.1,2
2023-08,FL.40,6
2023-08,FR.1,1
2023-08,FU.4,1
2023-08,GK.2.4,2
2023-08,HH.3,2
2023-08,HK.12,2
2023-08,HK.24,2
2023-08,HK.33,2
2023-08,HK.8.1,1
2023-08,HW.1.2,1
2023-08,JB.1,1
2023-08,JC.3,1
2023-08,JN.1.7,1
2023-08,JV.1,5
2023-08,XBB.1.16.27,6
2023-08,XBB.1.28.1,1
2023-08,XBB.1.5.26,1
2023-08,XBB.1.5.33,1
2023-08,XBB.1.5.8,1
2023-08,XBB.2,1
2023-08,XCZ,3
2023-09,BA.1.1,3
2023-09,BA.2,6
2023-09,BA.2.12.1,1
2023-09,BA.2.75.2,1
2023-09,BA.2.86.1,119
2023-09,BA.2.86.2,7
2023-09,BA.2.86.3,2
2023-09,BA.2.86.4,1
2023-09,BA.4,1
2023-09,BA.5.2,1
2023-09,BA.5.2.1,1
2023-09,BA.5.2.6,1
2023-09,BE.1.1,1
2023-09,BQ.1.1.23,1
2023-09,BQ.1.2.2,3
2023-09,BQ.1.2.3,1
2023-09,BQ.1.3.2,1
2023-09,CH.1.1.1,6
2023-09,CK.1.1.2,2
2023-09,CK.3,1
2023-09,CM.7.1.1,1
2023-09,DV.6.2,1
2023-09,DV.7.1,64
2023-09,DV.7.1.1,2
2023-09,DV.7.1.2,86
2023-09,DV.7.1.3,7
2023-09,DV.7.1.4,69
2023-09,DV.7.1.5,110
2023-09,DV.7.1.6,2
2023-09,DV.7.1.7,4
2023-09,DV.7.2,1
2023-09,EG.1,30
2023-09,EG.1.2,1
2023-09,EG.1.3,2
2023-09,EG.1.4,5
2023-09,EG.1.5,2
2023-09,EG.1.6,9
2023-09,EG.10.1,41
2023-09,EG.10.1.1,155
2023-09,EG.12,1
2023-09,EG.13,1
2023-09,EG.14,5
2023-09,EG.2,38
2023-09,EG.2.2,3
2023-09,EG.4,4
2023-09,EG.4.5,12
2023-09,EG.5,40
2023-09,EG.5.1,1267
2023-09,EG.5.1.1,2005
2023-09,EG.5.1.10,10
2023-09,EG.5.1.12,22
2023-09,EG.5.1.13,223
2023-09,EG.5.1.14,146
2023-09,EG.5.1.15,101
2023-09,EG.5.1.16,261
2023-09,EG.5.1.17,1
2023-09,EG.5.1.18,12
2023-09,EG.5.1.19,101
2023-09,EG.5.1.2,36
2023-09,EG.5.1.3,1302
2023-09,EG.5.1.4,942
2023-09,EG.5.1.5,36
2023-09,EG.5.1.6,661
2023-09,EG.5.1.7,48
2023-09,EG.5.1.8,83
2023-09,EG.5.1.9,77
2023-09,EG.5.2,105
2023-09,EG.5.2.1,59
2023-09,EG.5.2.2,1
2023-09,EG.5.2.3,9
2023-09,EG.5.2.4,1
2023-09,EG.6,1
2023-09,EG.6.1,362
2023-09,EG.6.1.1,12
2023-09,EG.6.1.2,4
2023-09,EG.7,22
2023-09,EG.9.1,14
2023-09,EK.2.1,1
2023-09,EM.1,1
2023-09,EU.1.1,21
2023-09,EU.1.1.1,3
2023-09,EU.1.1.3,14
2023-09,FD.1,1
2023-09,FD.1.1,52
2023-09,FD.2,2
2023-09,FD.4,13
2023-09,FD.5.1,24
2023-09,FE.1,5
2023-09,FE.1.1,15
2023-09,FE.1.1.1,8
2023-09,FE.1.1.5,7
2023-09,FE.1.2,32
2023-09,FK.1.1,20
2023-09,FK.1.1.2,2
2023-09,FK.1.3.2,1
2023-09,FL.1,18
2023-09,FL.1.1,3
2023-09,FL.1.3,11
2023-09,FL.1.4,2
2023-09,FL.1.5,63
2023-09,FL.1.5.1,2881
2023-09,FL.1.5.2,4
2023-09,FL.1.8,4
2023-09,FL.10,2
2023-09,FL.10.1,56
2023-09,FL.10.2,4
2023-09,FL.10.3,3
2023-09,FL.12,3
2023-09,FL.13,1
2023-09,FL.13.2,3
2023-09,FL.13.4,2
2023-09,FL.13.4.1,4
2023-09,FL.15,84
2023-09,FL.15.1,1
2023-09,FL.15.1.1,21
2023-09,FL.15.2,2
2023-09,FL.15.3,25
2023-09,FL.15.4,8
2023-09,FL.16,16
2023-09,FL.18,2
2023-09,FL.19.1,3
2023-09,FL.2,9
2023-09,FL.2.2.1,1
2023-09,FL.2.3,9
2023-09,FL.2.3.1,1
2023-09,FL.2.4,6
2023-09,FL.2.5,19
2023-09,FL.2.6,2
2023-09,FL.2.7.1,12
2023-09,FL.20,67
2023-09,FL.20.1,50
2023-09,FL.20.2,39
2023-09,FL.21,20
2023-09,FL.21.1,2
2023-09,FL.23.1,1
2023-09,FL.24,31
2023-09,FL.24.1,15
2023-09,FL.25,34
2023-09,FL.29,15
2023-09,FL.3,6
2023-09,FL.3.1,3
2023-09,FL.3.2,1
2023-09,FL.3.3,1
2023-09,FL.30.1,6
2023-09,FL.31,2
2023-09,FL.31.1,29
2023-09,FL.32,5
2023-09,FL.32.1,14
2023-09,FL.34,5
2023-09,FL.35,1
2023-09,FL.36,8
2023-09,FL.37,1
2023-09,FL.38,5
2023-09,FL.39,1
2023-09,FL.4,49
2023-09,FL.4.11,1
2023-09,FL.4.8,5
2023-09,FL.5,15
2023-09,FL.6,1
2023-09,FL.7,3
2023-09,FP.4,2
2023-09,FT.3.1,10
2023-09,FT.3.1.1,29
2023-09,FU.1,199
2023-09,FU.1.1,3
2023-09,FU.1.1.1,13
2023-09,FU.2,248
2023-09,FU.2.1,109
2023-09,FU.5,6
2023-09,FW.1,9
2023-09,FW.1.1,23
2023-09,FW.1.1.1,7
2023-09,FW.2,1
2023-09,FY.1.1,1
2023-09,FY.1.2,29
2023-09,FY.1.2.1,14
2023-09,FY.1.2.2,13
2023-09,FY.1.2.3,6
2023-09,FY.1.4,4
2023-09,FY.1.4.1,21
2023-09,FY.2,31
2023-09,FY.2.1,1
2023-09,FY.3,4
2023-09,FY.3.1,18
2023-09,FY.3.2,19
2023-09,FY.3.3,9
2023-09,FY.4.1,11
2023-09,FY.4.1.1,27
2023-09,FY.4.1.2,17
2023-09,FY.4.2,27
2023-09,FY.5,14
2023-09,FY.5.1,20
2023-09,FY.5.1.1,12
2023-09,FY.5.2,3
2023-09,FY.5.4,8
2023-09,FY.5.5,54
2023-09,FY.5.5.1,42
2023-09,FY.6,1
2023-09,FY.6.1,4
2023-09,FY.8,13
2023-09,FY.8.1,13
2023-09,FY.8.1.1,10
2023-09,FY.9,6
2023-09,GA.10.1,1
2023-09,GA.2,3
2023-09,GA.4.1,41
2023-09,GA.4.1.2,4
2023-09,GA.4.1.3,6
2023-09,GA.4.2,3
2023-09,GA.6,2
2023-09,GA.7.1,2
2023-09,GB.1,18
2023-09,GD.1,24
2023-09,GE.1,453
2023-09,GE.1.1,29
2023-09,GE.1.2,16
2023-09,GE.1.3,66
2023-09,GE.1.4,121
2023-09,GE.1.5,95
2023-09,GE.1.6,15
2023-09,GF.1,3
2023-09,GG.1,2
2023-09,GJ.1,2
2023-09,GJ.1.1,18
2023-09,GJ.1.2,573
2023-09,GJ.1.2.1,2
2023-09,GJ.1.2.2,117
2023-09,GJ.1.2.4,7
2023-09,GJ.1.2.5,29
2023-09,GJ.1.2.6,15
2023-09,GJ.1.2.7,4
2023-09,GJ.1.2.8,30
2023-09,GJ.2,1
2023-09,GJ.4,38
2023-09,GJ.5,29
2023-09,GJ.5.1,40
2023-09,GJ.6,3
2023-09,GK.1,47
2023-09,GK.1.1,270
2023-09,GK.1.1.1,98
2023-09,GK.1.10,11
2023-09,GK.1.2,1
2023-09,GK.1.2.1,2
2023-09,GK.1.3,5
2023-09,GK.1.4,4
2023-09,GK.1.5,4
2023-09,GK.1.6,24
2023-09,GK.1.6.1,7
2023-09,GK.1.7,7
2023-09,GK.1.8,5
2023-09,GK.2,138
2023-09,GK.2.1,129
2023-09,GK.2.1.1,8
2023-09,GK.2.2,4
2023-09,GK.2.3,17
2023-09,GK.2.4,16
2023-09,GK.3,5
2023-09,GK.3.1,130
2023-09,GK.3.2,8
2023-09,GK.4,16
2023-09,GK.5.1,1
2023-09,GK.6,19
2023-09,GK.7,13
2023-09,GK.8.1,5
2023-09,GL.1,7
2023-09,GM.3,1
2023-09,GN.1,78
2023-09,GN.1.1,42
2023-09,GN.1.2,4
2023-09,GN.1.3,3
2023-09,GN.4,1
2023-09,GR.1,3
2023-09,GS.1,54
2023-09,GS.2,5
2023-09,GS.3,53
2023-09,GS.4,105
2023-09,GS.4.1,214
2023-09,GS.4.1.1,9
2023-09,GS.5,5
2023-09,GS.6,15
2023-09,GS.7,8
2023-09,GS.7.1,2
2023-09,GS.8,5
2023-09,GV.1,31
2023-09,GW.2,1
2023-09,GW.5,11
2023-09,GW.5.1,19
2023-09,GW.5.1.1,18
2023-09,GW.5.2,10
2023-09,GW.5.3,37
2023-09,GW.5.3.1,6
2023-09,GY.1,4
2023-09,GY.1.1,4
2023-09,GY.2.1,1
2023-09,GY.3,1
2023-09,GY.5,37
2023-09,GY.6,16
2023-09,GY.7,20
2023-09,GY.8,9
2023-09,GY.9,5
2023-09,GZ.1,26
2023-09,HA.1,5
2023-09,HA.2,7
2023-09,HB.1,2
2023-09,HC.2,9
2023-09,HC.3,4
2023-09,HC.4,2
2023-09,HE.2,5
2023-09,HF.1,497
2023-09,HF.1.1,138
2023-09,HF.1.2,41
2023-09,HG.1,4
2023-09,HG.2,21
2023-09,HH.1,35
2023-09,HH.1.1,10
2023-09,HH.2,18
2023-09,HH.2.1,5
2023-09,HH.3,1
2023-09,HH.4,5
2023-09,HH.5,24
2023-09,HH.6,4
2023-09,HH.7,22
2023-09,HH.8,2
2023-09,HH.8.1,1
2023-09,HK.1,31
2023-09,HK.1.2,3
2023-09,HK.11,83
2023-09,HK.11.1,16
2023-09,HK.12,10
2023-09,HK.13,46
2023-09,HK.13.1,5
2023-09,HK.13.2,14
2023-09,HK.14,1
2023-09,HK.15,31
2023-09,HK.16,12
2023-09,HK.17,16
2023-09,HK.19,21
2023-09,HK.2,6
2023-09,HK.2.1,2
2023-09,HK.20.1,6
2023-09,HK.21,2
2023-09,HK.23,6
2023-09,HK.23.1,1
2023-09,HK.24,1
2023-09,HK.25,1
2023-09,HK.26,41
2023-09,HK.27,37
2023-09,HK.27.1,54
2023-09,HK.27.1.1,7
2023-09,HK.28,96
2023-09,HK.29,170
2023-09,HK.3,379
2023-09,HK.3.1,47
2023-09,HK.3.10,4
2023-09,HK.3.12,16
2023-09,HK.3.13,1
2023-09,HK.3.2,26
2023-09,HK.3.4,68
2023-09,HK.3.5,1
2023-09,HK.3.6,2
2023-09,HK.3.7,3
2023-09,HK.30,87
2023-09,HK.31,171
2023-09,HK.32,2
2023-09,HK.33,2
2023-09,HK.34,1
2023-09,HK.34.1,1
2023-09,HK.4,4
2023-09,HK.5,6
2023-09,HK.6,329
2023-09,HK.7,57
2023-09,HK.8,9
2023-09,HK.9,17
2023-09,HN.1,196
2023-09,HN.2,71
2023-09,HN.2.1,15
2023-09,HN.3,16
2023-09,HN.3.1,39
2023-09,HN.4,115
2023-09,HN.4.1,4
2023-09,HN.4.2,2
2023-09,HN.5,22
2023-09,HN.6,94
2023-09,HN.7,13
2023-09,HP.1.1,15
2023-09,HR.1,5
2023-09,HR.1.1,18
2023-09,HS.1,21
2023-09,HS.1.1,17
2023-09,HT.1,7
2023-09,HT.2,7
2023-09,HU.1,1
2023-09,HU.1.1,26
2023-09,HU.2,3
2023-09,HV.1,2424
2023-09,HV.1.1,23
2023-09,HV.1.10,4
2023-09,HV.1.2,30
2023-09,HV.1.3,16
2023-09,HV.1.4,38
2023-09,HV.1.5,14
2023-09,HV.1.6,47
2023-09,HV.1.6.1,1
2023-09,HV.1.8,16
2023-09,HV.2,2
2023-09,HW.1,1
2023-09,HW.1.1,69
2023-09,HY.1,79
2023-09,HZ.1,150
2023-09,HZ.2,30
2023-09,HZ.3,2
2023-09,JA.1,10
2023-09,JB.1,1
2023-09,JB.1.1,2
2023-09,JC.1,29
2023-09,JC.2,7
2023-09,JC.3,5
2023-09,JC.4,5
2023-09,JC.5,84
2023-09,JC.5.1,6
2023-09,JC.6,5
2023-09,JD.1,19
2023-09,JD.1.1,256
2023-09,JD.1.1.1,19
2023-09,JD.1.1.2,10
2023-09,JD.1.1.3,2
2023-09,JD.1.1.5,5
2023-09,JD.1.1.7,30
2023-09,JD.1.1.8,14
2023-09,JD.1.2,10
2023-09,JD.1.2.1,10
2023-09,JD.2.1,4
2023-09,JE.1,23
2023-09,JE.1.1,4
2023-09,JE.1.1.1,2
2023-09,JF.1,126
2023-09,JF.1.1,260
2023-09,JF.1.1.2,2
2023-09,JF.2,2
2023-09,JF.3,2
2023-09,JF.4,311
2023-09,JG.1,28
2023-09,JG.2,40
2023-09,JG.3,107
2023-09,JG.3.1,83
2023-09,JG.3.2,1
2023-09,JG.3.4,2
2023-09,JG.4,34
2023-09,JH.1,3
2023-09,JH.2,3
2023-09,JJ.1,12
2023-09,JM.1,41
2023-09,JM.2,26
2023-09,JN.1,1
2023-09,JN.1.1,7
2023-09,JN.1.31,1
2023-09,JN.1.4,1
2023-09,JN.1.44,3
2023-09,JN.11,1
2023-09,JN.16,2
2023-09,JN.17,1
2023-09,JN.18,6
2023-09,JN.2,32
2023-09,JN.3,16
2023-09,JN.3.2,1
2023-09,JN.3.3,4
2023-09,JN.5,8
2023-09,JN.6,4
2023-09,JN.7,9
2023-09,JQ.1,10
2023-09,JR.1.1,1
2023-09,JR.1.1.1,2
2023-09,JS.1,48
2023-09,JS.2,14
2023-09,JU.1,1
2023-09,JV.1,2
2023-09,JV.2,5
2023-09,JY.1,8
2023-09,JY.1.1,18
2023-09,JZ.1,20
2023-09,KA.1,6
2023-09,KB.1,3
2023-09,KB.2,6
2023-09,KB.3,1
2023-09,KB.4,7
2023-09,KC.1,37
2023-09,KC.1.1,10
2023-09,KE.2,2
2023-09,KE.3,25
2023-09,KG.1,1
2023-09,KJ.1,2
2023-09,KK.1,2
2023-09,LV.1,1
2023-09,XBB,2
2023-09,XBB.1,15
2023-09,XBB.1.16,1110
2023-09,XBB.1.16.1,294
2023-09,XBB.1.16.10,8
2023-09,XBB.1.16.11,1300
2023-09,XBB.1.16.12,31
2023-09,XBB.1.16.13,20
2023-09,XBB.1.16.14,56
2023-09,XBB.1.16.15,783
2023-09,XBB.1.16.16,55
2023-09,XBB.1.16.17,55
2023-09,XBB.1.16.18,22
2023-09,XBB.1.16.19,37
2023-09,XBB.1.16.2,73
2023-09,XBB.1.16.20,4
2023-09,XBB.1.16.21,48
2023-09,XBB.1.16.22,1
2023-09,XBB.1.16.23,94
2023-09,XBB.1.16.24,9
2023-09,XBB.1.16.25,4
2023-09,XBB.1.16.26,7
2023-09,XBB.1.16.27,16
2023-09,XBB.1.16.28,2
2023-09,XBB.1.16.29,17
2023-09,XBB.1.16.3,25
2023-09,XBB.1.16.30,12
2023-09,XBB.1.16.31,6
2023-09,XBB.1.16.32,4
2023-09,XBB.1.16.4,2
2023-09,XBB.1.16.5,16
2023-09,XBB.1.16.6,2408
2023-09,XBB.1.16.7,3
2023-09,XBB.1.16.8,56
2023-09,XBB.1.16.9,173
2023-09,XBB.1.17.1,4
2023-09,XBB.1.18.1,1
2023-09,XBB.1.19.1,7
2023-09,XBB.1.22,24
2023-09,XBB.1.22.1,7
2023-09,XBB.1.22.3,2
2023-09,XBB.1.24.1,2
2023-09,XBB.1.28,2
2023-09,XBB.1.28.1,1
2023-09,XBB.1.33,7
2023-09,XBB.1.34,5
2023-09,XBB.1.34.1,8
2023-09,XBB.1.41,2
2023-09,XBB.1.41.1,42
2023-09,XBB.1.41.2,94
2023-09,XBB.1.42,21
2023-09,XBB.1.42.1,59
2023-09,XBB.1.42.2,174
2023-09,XBB.1.44,1
2023-09,XBB.1.5,161
2023-09,XBB.1.5.1,15
2023-09,XBB.1.5.10,116
2023-09,XBB.1.5.100,6
2023-09,XBB.1.5.102,1
2023-09,XBB.1.5.103,21
2023-09,XBB.1.5.104,3
2023-09,XBB.1.5.105,12
2023-09,XBB.1.5.106,5
2023-09,XBB.1.5.107,1
2023-09,XBB.1.5.108,7
2023-09,XBB.1.5.109,6
2023-09,XBB.1.5.11,1
2023-09,XBB.1.5.110,9
2023-09,XBB.1.5.13,4
2023-09,XBB.1.5.18,14
2023-09,XBB.1.5.2,2
2023-09,XBB.1.5.21,2
2023-09,XBB.1.5.24,4
2023-09,XBB.1.5.26,1
2023-09,XBB.1.5.27,8
2023-09,XBB.1.5.28,27
2023-09,XBB.1.5.30,1
2023-09,XBB.1.5.32,3
2023-09,XBB.1.5.33,6
2023-09,XBB.1.5.35,6
2023-09,XBB.1.5.37,14
2023-09,XBB.1.5.4,7
2023-09,XBB.1.5.40,5
2023-09,XBB.1.5.44,1
2023-09,XBB.1.5.47,1
2023-09,XBB.1.5.48,5
2023-09,XBB.1.5.49,34
2023-09,XBB.1.5.5,5
2023-09,XBB.1.5.51,9
2023-09,XBB.1.5.52,2
2023-09,XBB.1.5.59,25
2023-09,XBB.1.5.62,4
2023-09,XBB.1.5.65,4
2023-09,XBB.1.5.66,7
2023-09,XBB.1.5.67,5
2023-09,XBB.1.5.68,4
2023-09,XBB.1.5.70,25
2023-09,XBB.1.5.71,9
2023-09,XBB.1.5.72,173
2023-09,XBB.1.5.73,11
2023-09,XBB.1.5.77,16
2023-09,XBB.1.5.85,4
2023-09,XBB.1.5.86,4
2023-09,XBB.1.5.89,12
2023-09,XBB.1.5.94,3
2023-09,XBB.1.5.95,1
2023-09,XBB.1.5.98,9
2023-09,XBB.1.9,39
2023-09,XBB.1.9.1,57
2023-09,XBB.1.9.2,25
2023-09,XBB.2.3,96
2023-09,XBB.2.3.11,69
2023-09,XBB.2.3.12,2
2023-09,XBB.2.3.13,3
2023-09,XBB.2.3.14,2
2023-09,XBB.2.3.15,70
2023-09,XBB.2.3.16,2
2023-09,XBB.2.3.17,12
2023-09,XBB.2.3.18,2
2023-09,XBB.2.3.19,37
2023-09,XBB.2.3.2,85
2023-09,XBB.2.3.20,23
2023-09,XBB.2.3.21,1
2023-09,XBB.2.3.22,2
2023-09,XBB.2.3.3,70
2023-09,XBB.2.3.4,6
2023-09,XBB.2.3.5,14
2023-09,XBB.2.3.6,2
2023-09,XBB.2.3.7,1
2023-09,XBB.2.3.8,57
2023-09,XBB.2.4,2
2023-09,XBB.8.2,1
2023-09,XBL.3,2
2023-09,XCF,7
2023-09,XCF.3,11
2023-09,XCH,111
2023-09,XCH.1,98
2023-09,XCK,9
2023-09,XCL,34
2023-09,XCM,20
2023-09,XCP,17
2023-09,XCQ,5
2023-09,XCR,26
2023-09,XCS,1
2023-09,XCT,8
2023-09,XCV,23
2023-09,XCW,15
2023-09,XCY,3
2023-09,XDA,15
2023-09,XDA.1,3
2023-09,XDB,10
2023-09,XDE,1
2023-09,XDF,2
2023-09,XDG,6
2023-09,XDH,1
2023-09,unclassifiable,386
2023-09,B,2
2023-09,CH.1.1,1
2023-09,EG.1.8,1
2023-09,EG.2.4,1
2023-09,FL.1.6,2
2023-09,FL.33.1,3
2023-09,FU.3,1
2023-09,GA.4.1.1,1
2023-09,GJ.3,1
2023-09,GK.1.8.1,1
2023-09,GN.1.4,2
2023-09,HK.3.3,1
2023-09,HK.3.9,2
2023-09,HW.1.2,2
2023-09,JN.10,2
2023-09,KF.1,1
2023-09,KT.1.2,1
2023-09,XBB.1.41.3,2
2023-09,XBB.1.5.17,1
2023-09,XCZ,1
2023-10,B.1.1.7,1
2023-10,BA.1,1
2023-10,BA.1.1,1
2023-10,BA.2,13
2023-10,BA.2.75.2,1
2023-10,BA.2.86,16
2023-10,BA.2.86.1,356
2023-10,BA.2.86.2,33
2023-10,BA.2.86.3,14
2023-10,BA.2.86.4,7
2023-10,BA.2.86.5,7
2023-10,BA.2.86.6,1
2023-10,BA.2.86.7,1
2023-10,BA.4,1
2023-10,BA.4.6,1
2023-10,BA.5.1.25,2
2023-10,BA.5.2.35,2
2023-10,BA.5.2.57,1
2023-10,BA.5.2.58,1
2023-10,BA.5.2.6,1
2023-10,BE.1.1,1
2023-10,BQ.1.1.3,1
2023-10,BQ.1.1.37,1
2023-10,BQ.1.1.46,2
2023-10,CH.1.1.1,2
2023-10,CH.1.1.32,1
2023-10,CM.7.1.1,1
2023-10,DV.7.1,81
2023-10,DV.7.1.1,7
2023-10,DV.7.1.2,61
2023-10,DV.7.1.3,17
2023-10,DV.7.1.4,57
2023-10,DV.7.1.5,42
2023-10,DV.7.1.6,3
2023-10,DV.7.1.7,4
2023-10,DV.7.2,1
2023-10,EG.1,11
2023-10,EG.1.3,1
2023-10,EG.1.4,2
2023-10,EG.1.6,11
2023-10,EG.10,1
2023-10,EG.10.1,49
2023-10,EG.10.1.1,139
2023-10,EG.13,3
2023-10,EG.2,25
2023-10,EG.2.4,1
2023-10,EG.4.5,7
2023-10,EG.5,18
2023-10,EG.5.1,823
2023-10,EG.5.1.1,1611
2023-10,EG.5.1.10,7
2023-10,EG.5.1.11,4
2023-10,EG.5.1.12,18
2023-10,EG.5.1.13,268
2023-10,EG.5.1.14,88
2023-10,EG.5.1.15,30
2023-10,EG.5.1.16,174
2023-10,EG.5.1.17,6
2023-10,EG.5.1.18,2
2023-10,EG.5.1.19,46
2023-10,EG.5.1.2,14
2023-10,EG.5.1.3,1018
2023-10,EG.5.1.4,613
2023-10,EG.5.1.5,35
2023-10,EG.5.1.6,668
2023-10,EG.5.1.7,38
2023-10,EG.5.1.8,166
2023-10,EG.5.1.9,55
2023-10,EG.5.2,39
2023-10,EG.5.2.1,18
2023-10,EG.5.2.3,4
2023-10,EG.6.1,181
2023-10,EG.6.1.1,27
2023-10,EG.6.1.2,5
2023-10,EG.7,19
2023-10,EG.9.1,15
2023-10,EL.1,2
2023-10,EM.1,1
2023-10,EU.1.1,12
2023-10,EU.1.1.3,19
2023-10,FD.1.1,24
2023-10,FD.4,16
2023-10,FD.5.1,20
2023-10,FE.1.1,3
2023-10,FE.1.1.1,1
2023-10,FE.1.1.5,3
2023-10,FE.1.2,6
2023-10,FG.1,2
2023-10,FK.1.1,4
2023-10,FK.1.1.2,6
2023-10,FK.1.3.2,2
2023-10,FL.1,10
2023-10,FL.1.1,1
2023-10,FL.1.3,7
2023-10,FL.1.5,18
2023-10,FL.1.5.1,1886
2023-10,FL.1.5.2,27
2023-10,FL.1.8,12
2023-10,FL.10,5
2023-10,FL.10.1,26
2023-10,FL.10.2,1
2023-10,FL.13.2,2
2023-10,FL.13.4.1,9
2023-10,FL.13.5,4
2023-10,FL.15,42
2023-10,FL.15.1.1,108
2023-10,FL.15.2,7
2023-10,FL.15.3,12
2023-10,FL.15.4,11
2023-10,FL.16,8
2023-10,FL.19.1,6
2023-10,FL.2,4
2023-10,FL.2.3,1
2023-10,FL.2.3.1,1
2023-10,FL.2.4,2
2023-10,FL.2.5,2
2023-10,FL.2.6,2
2023-10,FL.2.7.1,3
2023-10,FL.20,31
2023-10,FL.20.1,73
2023-10,FL.20.2,38
2023-10,FL.21,4
2023-10,FL.24,14
2023-10,FL.24.1,28
2023-10,FL.25,29
2023-10,FL.29,22
2023-10,FL.3,1
2023-10,FL.31.1,10
2023-10,FL.32,1
2023-10,FL.32.1,7
2023-10,FL.34,1
2023-10,FL.35,1
2023-10,FL.36,5
2023-10,FL.38,1
2023-10,FL.4,16
2023-10,FL.4.8,3
2023-10,FL.4.9,1
2023-10,FL.5,5
2023-10,FL.7,3
2023-10,FT.3.1,2
2023-10,FT.3.1.1,14
2023-10,FU.1,59
2023-10,FU.1.1,1
2023-10,FU.1.1.1,2
2023-10,FU.2,79
2023-10,FU.2.1,56
2023-10,FU.5,8
2023-10,FW.1,2
2023-10,FW.1.1,14
2023-10,FW.1.1.1,19
2023-10,FY.1.2,23
2023-10,FY.1.2.1,3
2023-10,FY.1.2.2,10
2023-10,FY.1.2.3,9
2023-10,FY.1.4,2
2023-10,FY.1.4.1,14
2023-10,FY.2,7
2023-10,FY.3.1,1
2023-10,FY.3.2,6
2023-10,FY.3.3,3
2023-10,FY.4.1,23
2023-10,FY.4.1.1,11
2023-10,FY.4.1.2,5
2023-10,FY.4.2,11
2023-10,FY.5,8
2023-10,FY.5.1,25
2023-10,FY.5.1.1,29
2023-10,FY.5.2,2
2023-10,FY.5.4,14
2023-10,FY.5.5,29
2023-10,FY.5.5.1,28
2023-10,FY.6.1,1
2023-10,FY.8,2
2023-10,FY.8.1,23
2023-10,FY.8.1.1,14
2023-10,GA.4.1,39
2023-10,GA.4.1.2,14
2023-10,GA.4.1.3,4
2023-10,GA.7.1,3
2023-10,GA.8.1,1
2023-10,GB.1,2
2023-10,GD.1,8
2023-10,GE.1,268
2023-10,GE.1.1,24
2023-10,GE.1.2,7
2023-10,GE.1.2.1,2
2023-10,GE.1.3,51
2023-10,GE.1.4,93
2023-10,GE.1.5,104
2023-10,GE.1.6,8
2023-10,GG.1,2
2023-10,GJ.1.1,6
2023-10,GJ.1.2,259
2023-10,GJ.1.2.1,5
2023-10,GJ.1.2.2,63
2023-10,GJ.1.2.4,9
2023-10,GJ.1.2.5,3
2023-10,GJ.1.2.6,40
2023-10,GJ.1.2.7,1
2023-10,GJ.1.2.8,9
2023-10,GJ.2,4
2023-10,GJ.3,1
2023-10,GJ.4,11
2023-10,GJ.5,6
2023-10,GJ.5.1,26
2023-10,GJ.6,9
2023-10,GK.1,26
2023-10,GK.1.1,326
2023-10,GK.1.1.1,94
2023-10,GK.1.10,16
2023-10,GK.1.10.1,1
2023-10,GK.1.11,5
2023-10,GK.1.2,10
2023-10,GK.1.2.1,9
2023-10,GK.1.4,11
2023-10,GK.1.5,9
2023-10,GK.1.6,6
2023-10,GK.1.6.1,31
2023-10,GK.1.7,3
2023-10,GK.1.8,21
2023-10,GK.1.8.1,3
2023-10,GK.12,3
2023-10,GK.2,92
2023-10,GK.2.1,83
2023-10,GK.2.1.1,7
2023-10,GK.2.3,5
2023-10,GK.2.4,24
2023-10,GK.3,3
2023-10,GK.3.1,64
2023-10,GK.3.2,1
2023-10,GK.4,17
2023-10,GK.5.1,1
2023-10,GK.7,7
2023-10,GK.8.1,15
2023-10,GL.1,3
2023-10,GN.1,22
2023-10,GN.1.1,30
2023-10,GN.1.2,2
2023-10,GN.1.3,3
2023-10,GN.1.4,3
2023-10,GN.3,2
2023-10,GR.1,1
2023-10,GS.1,30
2023-10,GS.3,30
2023-10,GS.4,102
2023-10,GS.4.1,338
2023-10,GS.4.1.1,9
2023-10,GS.5,2
2023-10,GS.6,3
2023-10,GS.7,9
2023-10,GU.1,1
2023-10,GV.1,27
2023-10,GW.5,11
2023-10,GW.5.1,12
2023-10,GW.5.1.1,18
2023-10,GW.5.2,3
2023-10,GW.5.3,4
2023-10,GW.5.3.1,21
2023-10,GY.1,1
2023-10,GY.1.1,11
2023-10,GY.5,13
2023-10,GY.6,1
2023-10,GY.7,8
2023-10,GY.8,4
2023-10,GY.9,14
2023-10,GZ.1,4
2023-10,HA.2,2
2023-10,HB.1,1
2023-10,HC.2,5
2023-10,HC.3,8
2023-10,HE.2,1
2023-10,HF.1,386
2023-10,HF.1.1,125
2023-10,HF.1.2,32
2023-10,HG.1,1
2023-10,HG.2,5
2023-10,HH.1,3
2023-10,HH.1.1,3
2023-10,HH.2,2
2023-10,HH.2.1,1
2023-10,HH.3,2
2023-10,HH.4,2
2023-10,HH.5,8
2023-10,HH.7,3
2023-10,HH.8.1,5
2023-10,HK.1,29
2023-10,HK.1.2,8
2023-10,HK.11,66
2023-10,HK.11.1,21
2023-10,HK.12,10
2023-10,HK.13,73
2023-10,HK.13.1,23
2023-10,HK.13.2,16
2023-10,HK.13.2.1,5
2023-10,HK.14,3
2023-10,HK.15,15
2023-10,HK.16,18
2023-10,HK.17,19
2023-10,HK.18,1
2023-10,HK.19,9
2023-10,HK.2,15
2023-10,HK.2.1,4
2023-10,HK.20,3
2023-10,HK.20.1,36
2023-10,HK.21,6
2023-10,HK.22,2
2023-10,HK.23,19
2023-10,HK.23.1,4
2023-10,HK.24,1
2023-10,HK.24.1,7
2023-10,HK.25,4
2023-10,HK.26,103
2023-10,HK.26.1,8
2023-10,HK.27,22
2023-10,HK.27.1,72
2023-10,HK.27.1.1,9
2023-10,HK.28,75
2023-10,HK.29,39
2023-10,HK.3,788
2023-10,HK.3.1,64
2023-10,HK.3.10,6
2023-10,HK.3.12,28
2023-10,HK.3.13,11
2023-10,HK.3.14,8
2023-10,HK.3.2,102
2023-10,HK.3.2.1,5
2023-10,HK.3.2.2,8
2023-10,HK.3.3,7
2023-10,HK.3.4,79
2023-10,HK.3.5,9
2023-10,HK.3.6,5
2023-10,HK.3.7,6
2023-10,HK.3.8,3
2023-10,HK.3.9,2
2023-10,HK.30,77
2023-10,HK.31,88
2023-10,HK.32,19
2023-10,HK.33,10
2023-10,HK.34,1
2023-10,HK.34.1,3
2023-10,HK.4,4
2023-10,HK.5,4
2023-10,HK.6,288
2023-10,HK.7,23
2023-10,HK.8,19
2023-10,HK.8.1,15
2023-10,HK.9,4
2023-10,HN.1,110
2023-10,HN.2,28
2023-10,HN.2.1,18
2023-10,HN.3,8
2023-10,HN.3.1,27
2023-10,HN.4,117
2023-10,HN.4.2,4
2023-10,HN.5,88
2023-10,HN.6,56
2023-10,HN.7,7
2023-10,HN.8,2
2023-10,HP.1.1,6
2023-10,HR.1.1,14
2023-10,HS.1,15
2023-10,HS.1.1,7
2023-10,HU.1.1,8
2023-10,HU.2,1
2023-10,HV.1,4013
2023-10,HV.1.1,87
2023-10,HV.1.10,12
2023-10,HV.1.11,1
2023-10,HV.1.2,61
2023-10,HV.1.3,25
2023-10,HV.1.4,80
2023-10,HV.1.5,45
2023-10,HV.1.6,114
2023-10,HV.1.6.1,5
2023-10,HV.1.7,3
2023-10,HV.1.8,24
2023-10,HV.1.9,3
2023-10,HV.2,4
2023-10,HW.1.1,49
2023-10,HY.1,26
2023-10,HZ.1,85
2023-10,HZ.2,24
2023-10,HZ.3,1
2023-10,JA.1,3
2023-10,JB.1,2
2023-10,JB.2,1
2023-10,JC.1,7
2023-10,JC.2,10
2023-10,JC.3,9
2023-10,JC.4,1
2023-10,JC.5,40
2023-10,JC.5.1,13
2023-10,JC.6,2
2023-10,JD.1,17
2023-10,JD.1.1,649
2023-10,JD.1.1.1,65
2023-10,JD.1.1.2,14
2023-10,JD.1.1.3,11
2023-10,JD.1.1.5,19
2023-10,JD.1.1.6,5
2023-10,JD.1.1.7,100
2023-10,JD.1.1.8,60
2023-10,JD.1.2,2
2023-10,JD.1.2.1,8
2023-10,JD.1.2.2,2
2023-10,JE.1,27
2023-10,JE.1.1,13
2023-10,JE.1.1.1,16
2023-10,JF.1,192
2023-10,JF.1.1,377
2023-10,JF.1.1.2,13
2023-10,JF.2,1
2023-10,JF.3,8
2023-10,JF.4,223
2023-10,JG.1,20
2023-10,JG.2,19
2023-10,JG.3,510
2023-10,JG.3.1,203
2023-10,JG.3.2,9
2023-10,JG.3.3,4
2023-10,JG.3.4,1
2023-10,JG.4,35
2023-10,JH.1,6
2023-10,JH.2,2
2023-10,JJ.1,44
2023-10,JM.1,30
2023-10,JM.2,32
2023-10,JN.1,94
2023-10,JN.1.1,87
2023-10,JN.1.19,6
2023-10,JN.1.2,6
2023-10,JN.1.31,1
2023-10,JN.1.38,2
2023-10,JN.1.39,7
2023-10,JN.1.4,32
2023-10,JN.1.4.5,3
2023-10,JN.1.42,1
2023-10,JN.1.43,2
2023-10,JN.1.44,11
2023-10,JN.1.46,1
2023-10,JN.1.47.2,1
2023-10,JN.1.6,1
2023-10,JN.1.63,3
2023-10,JN.1.8,1
2023-10,JN.1.8.1,2
2023-10,JN.1.8.3,1
2023-10,JN.1.9,4
2023-10,JN.10,1
2023-10,JN.11,16
2023-10,JN.13,2
2023-10,JN.13.1,2
2023-10,JN.18,47
2023-10,JN.2,130
2023-10,JN.2.1,1
2023-10,JN.2.3,4
2023-10,JN.3,75
2023-10,JN.3.1,1
2023-10,JN.3.2,6
2023-10,JN.3.3,42
2023-10,JN.4,6
2023-10,JN.5,31
2023-10,JN.5.1,2
2023-10,JN.6,31
2023-10,JN.7,14
2023-10,JN.8,1
2023-10,JN.9,12
2023-10,JQ.1,25
2023-10,JR.1.1,14
2023-10,JR.1.1.1,2
2023-10,JS.1,10
2023-10,JS.2,2
2023-10,JU.1,3
2023-10,JV.2,14
2023-10,JW.1.1,2
2023-10,JY.1,23
2023-10,JY.1.1,13
2023-10,JZ.1,4
2023-10,KA.1,7
2023-10,KB.1,26
2023-10,KB.2,8
2023-10,KB.3,1
2023-10,KB.4,10
2023-10,KC.1,159
2023-10,KC.1.1,21
2023-10,KD.1,1
2023-10,KE.1,17
2023-10,KE.2,4
2023-10,KE.3,113
2023-10,KF.1,2
2023-10,KF.2,1
2023-10,KG.1,3
2023-10,KG.2,1
2023-10,KJ.1,1
2023-10,KK.1,16
2023-10,KT.1.2,2
2023-10,LV.1,4
2023-10,XBB,1
2023-10,XBB.1,16
2023-10,XBB.1.16,541
2023-10,XBB.1.16.1,92
2023-10,XBB.1.16.10,9
2023-10,XBB.1.16.11,1148
2023-10,XBB.1.16.12,9
2023-10,XBB.1.16.13,5
2023-10,XBB.1.16.14,32
2023-10,XBB.1.16.15,787
2023-10,XBB.1.16.16,29
2023-10,XBB.1.16.17,32
2023-10,XBB.1.16.18,12
2023-10,XBB.1.16.19,10
2023-10,XBB.1.16.2,32
2023-10,XBB.1.16.20,1
2023-10,XBB.1.16.21,21
2023-10,XBB.1.16.23,62
2023-10,XBB.1.16.24,14
2023-10,XBB.1.16.26,10
2023-10,XBB.1.16.27,29
2023-10,XBB.1.16.28,5
2023-10,XBB.1.16.29,1
2023-10,XBB.1.16.3,6
2023-10,XBB.1.16.30,3
2023-10,XBB.1.16.31,8
2023-10,XBB.1.16.4,1
2023-10,XBB.1.16.5,3
2023-10,XBB.1.16.6,1430
2023-10,XBB.1.16.7,3
2023-10,XBB.1.16.8,22
2023-10,XBB.1.16.9,94
2023-10,XBB.1.19,1
2023-10,XBB.1.22,7
2023-10,XBB.1.28,2
2023-10,XBB.1.33,3
2023-10,XBB.1.34,3
2023-10,XBB.1.34.1,2
2023-10,XBB.1.41,1
2023-10,XBB.1.41.1,47
2023-10,XBB.1.41.2,61
2023-10,XBB.1.41.3,7
2023-10,XBB.1.42,4
2023-10,XBB.1.42.1,40
2023-10,XBB.1.42.2,58
2023-10,XBB.1.5,44
2023-10,XBB.1.5.1,7
2023-10,XBB.1.5.10,32
2023-10,XBB.1.5.100,4
2023-10,XBB.1.5.103,3
2023-10,XBB.1.5.104,4
2023-10,XBB.1.5.105,3
2023-10,XBB.1.5.109,2
2023-10,XBB.1.5.110,4
2023-10,XBB.1.5.13,1
2023-10,XBB.1.5.18,2
2023-10,XBB.1.5.19,1
2023-10,XBB.1.5.21,1
2023-10,XBB.1.5.27,2
2023-10,XBB.1.5.28,19
2023-10,XBB.1.5.30,1
2023-10,XBB.1.5.32,3
2023-10,XBB.1.5.33,2
2023-10,XBB.1.5.35,3
2023-10,XBB.1.5.37,3
2023-10,XBB.1.5.40,4
2023-10,XBB.1.5.44,5
2023-10,XBB.1.5.47,1
2023-10,XBB.1.5.48,6
2023-10,XBB.1.5.49,9
2023-10,XBB.1.5.51,3
2023-10,XBB.1.5.52,1
2023-10,XBB.1.5.58,1
2023-10,XBB.1.5.59,11
2023-10,XBB.1.5.65,2
2023-10,XBB.1.5.67,1
2023-10,XBB.1.5.68,6
2023-10,XBB.1.5.7,3
2023-10,XBB.1.5.70,14
2023-10,XBB.1.5.72,64
2023-10,XBB.1.5.73,4
2023-10,XBB.1.5.77,1
2023-10,XBB.1.5.78,1
2023-10,XBB.1.5.86,1
2023-10,XBB.1.5.89,5
2023-10,XBB.1.5.94,1
2023-10,XBB.1.5.95,1
2023-10,XBB.1.5.98,5
2023-10,XBB.1.9,37
2023-10,XBB.1.9.1,24
2023-10,XBB.1.9.2,8
2023-10,XBB.1.9.5,3
2023-10,XBB.2.3,37
2023-10,XBB.2.3.11,53
2023-10,XBB.2.3.12,2
2023-10,XBB.2.3.15,12
2023-10,XBB.2.3.16,1
2023-10,XBB.2.3.17,6
2023-10,XBB.2.3.18,3
2023-10,XBB.2.3.19,8
2023-10,XBB.2.3.2,35
2023-10,XBB.2.3.20,2
2023-10,XBB.2.3.22,4
2023-10,XBB.2.3.3,53
2023-10,XBB.2.3.5,2
2023-10,XBB.2.3.8,48
2023-10,XBC.1.6.3,1
2023-10,XBC.1.6.5,1
2023-10,XCF,6
2023-10,XCF.3,3
2023-10,XCH,59
2023-10,XCH.1,144
2023-10,XCK,4
2023-10,XCL,47
2023-10,XCM,45
2023-10,XCP,34
2023-10,XCR,75
2023-10,XCS,2
2023-10,XCT,7
2023-10,XCT.1,32
2023-10,XCU,1
2023-10,XCV,18
2023-10,XCW,12
2023-10,XCY,1
2023-10,XCZ,13
2023-10,XDA,46
2023-10,XDA.1,5
2023-10,XDC,6
2023-10,XDD,1
2023-10,XDE,7
2023-10,XDF,4
2023-10,XDG,4
2023-10,XDH,1
2023-10,XDJ,1
2023-10,XDL,5
2023-10,unclassifiable,431
2023-10,B.1.1.529,1
2023-10,EG.4,1
2023-10,FL.14,1
2023-10,FL.3.2,1
2023-10,FY.6,1
2023-10,GF.1,4
2023-10,GK.6,1
2023-10,GK.8,1
2023-10,HH.8,1
2023-10,JN.1.1.4,1
2023-10,JP.1.1,1
2023-10,KT.1.1,1
2023-10,KW.1.1,1
2023-10,XBB.1.16.25,1
2023-10,XBB.1.5.106,1
2023-10,XBB.1.5.12,1
2023-10,XBB.1.5.71,1
2023-10,XBC.1.6,1
2023-10,XBL,1
2023-10,XDB,3
2023-10,XDR,1
2023-11,B.1.1.7,1
2023-11,BA.1.1.18,1
2023-11,BA.2,21
2023-11,BA.2.12.1,1
2023-11,BA.2.36,1
2023-11,BA.2.75.5,1
2023-11,BA.2.86,37
2023-11,BA.2.86.1,725
2023-11,BA.2.86.2,52
2023-11,BA.2.86.3,25
2023-11,BA.2.86.4,5
2023-11,BA.2.86.5,9
2023-11,BA.2.86.6,10
2023-11,BA.2.86.7,1
2023-11,BA.4.6,1
2023-11,BA.5.1.25,1
2023-11,BA.5.2.6,1
2023-11,BN.1.3.1,1
2023-11,BQ.1,1
2023-11,BQ.1.1,3
2023-11,CH.1.1.1,8
2023-11,DV.7.1,20
2023-11,DV.7.1.1,5
2023-11,DV.7.1.2,11
2023-11,DV.7.1.3,15
2023-11,DV.7.1.4,39
2023-11,DV.7.1.5,12
2023-11,DV.7.1.6,2
2023-11,EG.1.4,1
2023-11,EG.1.6,1
2023-11,EG.10,1
2023-11,EG.10.1,19
2023-11,EG.10.1.1,88
2023-11,EG.2,7
2023-11,EG.2.2,1
2023-11,EG.4,1
2023-11,EG.5,10
2023-11,EG.5.1,360
2023-11,EG.5.1.1,880
2023-11,EG.5.1.11,1
2023-11,EG.5.1.12,9
2023-11,EG.5.1.13,141
2023-11,EG.5.1.14,87
2023-11,EG.5.1.15,26
2023-11,EG.5.1.16,93
2023-11,EG.5.1.17,1
2023-11,EG.5.1.19,42
2023-11,EG.5.1.2,7
2023-11,EG.5.1.3,404
2023-11,EG.5.1.4,313
2023-11,EG.5.1.5,9
2023-11,EG.5.1.6,579
2023-11,EG.5.1.7,16
2023-11,EG.5.1.8,213
2023-11,EG.5.1.9,16
2023-11,EG.5.2,12
2023-11,EG.5.2.1,7
2023-11,EG.6.1,68
2023-11,EG.6.1.1,28
2023-11,EG.6.1.2,2
2023-11,EG.7,2
2023-11,EG.9.1,2
2023-11,EK.2.1,1
2023-11,EU.1,1
2023-11,EU.1.1.3,5
2023-11,FD.1.1,8
2023-11,FD.4,1
2023-11,FD.5.1,25
2023-11,FE.1.1.1,1
2023-11,FE.1.1.5,2
2023-11,FE.1.2,3
2023-11,FK.1.1.2,2
2023-11,FL.1,12
2023-11,FL.1.1,1
2023-11,FL.1.5,3
2023-11,FL.1.5.1,1166
2023-11,FL.1.5.2,35
2023-11,FL.1.8,5
2023-11,FL.10,1
2023-11,FL.10.1,9
2023-11,FL.13,2
2023-11,FL.13.4.1,10
2023-11,FL.15,21
2023-11,FL.15.1.1,102
2023-11,FL.15.2,2
2023-11,FL.15.3,3
2023-11,FL.15.4,6
2023-11,FL.16,11
2023-11,FL.19.1,8
2023-11,FL.2.2.1,2
2023-11,FL.2.3,3
2023-11,FL.2.4,1
2023-11,FL.20,27
2023-11,FL.20.1,27
2023-11,FL.20.2,39
2023-11,FL.24,5
2023-11,FL.24.1,18
2023-11,FL.25,16
2023-11,FL.29,9
2023-11,FL.3.3,1
2023-11,FL.31.1,1
2023-11,FL.36,10
2023-11,FL.4,1
2023-11,FL.5,2
2023-11,FL.7,1
2023-11,FT.3.1,1
2023-11,FT.3.1.1,10
2023-11,FU.1,16
2023-11,FU.1.1.1,3
2023-11,FU.2,35
2023-11,FU.2.1,19
2023-11,FU.5,3
2023-11,FW.1,5
2023-11,FW.1.1,5
2023-11,FW.1.1.1,41
2023-11,FY.1,3
2023-11,FY.1.2,34
2023-11,FY.1.4,1
2023-11,FY.1.4.1,4
2023-11,FY.3,1
2023-11,FY.4.1,3
2023-11,FY.4.1.1,2
2023-11,FY.4.1.2,1
2023-11,FY.4.2,1
2023-11,FY.5,9
2023-11,FY.5.1,11
2023-11,FY.5.1.1,42
2023-11,FY.5.4,11
2023-11,FY.5.5,15
2023-11,FY.5.5.1,28
2023-11,FY.8,5
2023-11,FY.8.1,11
2023-11,FY.8.1.1,2
2023-11,GA.3,2
2023-11,GA.4.1,34
2023-11,GA.4.1.2,3
2023-11,GA.4.2,1
2023-11,GA.8.1,5
2023-11,GE.1,107
2023-11,GE.1.1,3
2023-11,GE.1.2,6
2023-11,GE.1.3,10
2023-11,GE.1.4,47
2023-11,GE.1.5,12
2023-11,GE.1.6,10
2023-11,GH.1,1
2023-11,GJ.1,1
2023-11,GJ.1.1,2
2023-11,GJ.1.2,113
2023-11,GJ.1.2.1,3
2023-11,GJ.1.2.2,57
2023-11,GJ.1.2.4,4
2023-11,GJ.1.2.6,17
2023-11,GJ.1.2.7,2
2023-11,GJ.1.2.8,6
2023-11,GJ.2,1
2023-11,GJ.4,2
2023-11,GJ.5,2
2023-11,GJ.5.1,10
2023-11,GJ.6,6
2023-11,GK.1,21
2023-11,GK.1.1,204
2023-11,GK.1.1.1,79
2023-11,GK.1.10,4
2023-11,GK.1.10.1,1
2023-11,GK.1.11,4
2023-11,GK.1.11.1,5
2023-11,GK.1.2,2
2023-11,GK.1.2.1,21
2023-11,GK.1.4,13
2023-11,GK.1.5,2
2023-11,GK.1.6,4
2023-11,GK.1.6.1,34
2023-11,GK.1.8,44
2023-11,GK.1.8.1,6
2023-11,GK.11,1
2023-11,GK.2,26
2023-11,GK.2.1,36
2023-11,GK.2.2,2
2023-11,GK.2.3,36
2023-11,GK.2.4,19
2023-11,GK.3.1,25
2023-11,GK.3.2,1
2023-11,GK.4,7
2023-11,GK.7,11
2023-11,GK.8,1
2023-11,GK.8.1,5
2023-11,GN.1,11
2023-11,GN.1.1,19
2023-11,GN.1.2,1
2023-11,GN.1.4,8
2023-11,GS.1,8
2023-11,GS.3,9
2023-11,GS.4,62
2023-11,GS.4.1,278
2023-11,GS.4.1.1,2
2023-11,GS.6,2
2023-11,GS.7.1,1
2023-11,GV.1,13
2023-11,GW.5,3
2023-11,GW.5.1,2
2023-11,GW.5.1.1,21
2023-11,GW.5.2,2
2023-11,GW.5.3,7
2023-11,GW.5.3.1,21
2023-11,GY.8,6
2023-11,GY.9,1
2023-11,GZ.1,3
2023-11,HB.1,1
2023-11,HC.2,4
2023-11,HC.3,3
2023-11,HE.2,1
2023-11,HF.1,204
2023-11,HF.1.1,116
2023-11,HF.1.2,13
2023-11,HG.2,5
2023-11,HH.1,1
2023-11,HH.2.1,3
2023-11,HH.8.1,3
2023-11,HK.1,14
2023-11,HK.1.2,24
2023-11,HK.11,15
2023-11,HK.11.1,29
2023-11,HK.12,2
2023-11,HK.13,78
2023-11,HK.13.1,43
2023-11,HK.13.2,5
2023-11,HK.13.2.1,16
2023-11,HK.15,9
2023-11,HK.16,4
2023-11,HK.17,11
2023-11,HK.18,1
2023-11,HK.19,11
2023-11,HK.2,10
2023-11,HK.2.1,10
2023-11,HK.20,2
2023-11,HK.20.1,119
2023-11,HK.21,3
2023-11,HK.22,4
2023-11,HK.23,4
2023-11,HK.23.1,4
2023-11,HK.24.1,18
2023-11,HK.25,6
2023-11,HK.26,134
2023-11,HK.26.1,8
2023-11,HK.27,15
2023-11,HK.27.1,59
2023-11,HK.27.1.1,16
2023-11,HK.28,74
2023-11,HK.29,17
2023-11,HK.3,1075
2023-11,HK.3.1,88
2023-11,HK.3.10,24
2023-11,HK.3.11,1
2023-11,HK.3.12,19
2023-11,HK.3.13,24
2023-11,HK.3.14,18
2023-11,HK.3.2,204
2023-11,HK.3.2.1,31
2023-11,HK.3.2.2,30
2023-11,HK.3.3,24
2023-11,HK.3.4,44
2023-11,HK.3.5,7
2023-11,HK.3.6,2
2023-11,HK.3.7,2
2023-11,HK.3.8,2
2023-11,HK.3.9,5
2023-11,HK.30,44
2023-11,HK.31,42
2023-11,HK.32,13
2023-11,HK.33,15
2023-11,HK.34,4
2023-11,HK.34.1,1
2023-11,HK.5,3
2023-11,HK.6,153
2023-11,HK.7,8
2023-11,HK.8,22
2023-11,HK.8.1,29
2023-11,HN.1,52
2023-11,HN.2,9
2023-11,HN.2.1,8
2023-11,HN.3.1,10
2023-11,HN.4,50
2023-11,HN.4.1.1,2
2023-11,HN.5,73
2023-11,HN.6,43
2023-11,HN.7,10
2023-11,HN.8,3
2023-11,HP.1.1,7
2023-11,HR.1.1,17
2023-11,HV.1,5904
2023-11,HV.1.1,294
2023-11,HV.1.10,38
2023-11,HV.1.11,6
2023-11,HV.1.2,118
2023-11,HV.1.3,27
2023-11,HV.1.4,97
2023-11,HV.1.5,65
2023-11,HV.1.6,89
2023-11,HV.1.6.1,2
2023-11,HV.1.7,6
2023-11,HV.1.8,72
2023-11,HV.1.9,6
2023-11,HV.2,13
2023-11,HW.1.1,25
2023-11,HY.1,18
2023-11,HZ.1,36
2023-11,HZ.2,4
2023-11,JB.2,1
2023-11,JB.2.1,2
2023-11,JC.1,10
2023-11,JC.2,1
2023-11,JC.3,17
2023-11,JC.4,8
2023-11,JC.5,32
2023-11,JC.5.1,38
2023-11,JD.1,13
2023-11,JD.1.1,896
2023-11,JD.1.1.1,193
2023-11,JD.1.1.2,5
2023-11,JD.1.1.3,45
2023-11,JD.1.1.4,1
2023-11,JD.1.1.5,21
2023-11,JD.1.1.6,37
2023-11,JD.1.1.7,96
2023-11,JD.1.1.8,103
2023-11,JD.1.2,3
2023-11,JD.1.2.1,11
2023-11,JD.1.2.2,1
2023-11,JE.1,21
2023-11,JE.1.1,10
2023-11,JE.1.1.1,21
2023-11,JF.1,175
2023-11,JF.1.1,413
2023-11,JF.1.1.2,11
2023-11,JF.2,4
2023-11,JF.3,5
2023-11,JF.4,123
2023-11,JG.1,11
2023-11,JG.2,15
2023-11,JG.3,877
2023-11,JG.3.1,239
2023-11,JG.3.2,95
2023-11,JG.3.3,4
2023-11,JG.3.4,17
2023-11,JG.4,11
2023-11,JJ.1,28
2023-11,JM.1,13
2023-11,JM.2,11
2023-11,JN.1,1440
2023-11,JN.1.1,645
2023-11,JN.1.1.1,5
2023-11,JN.1.1.10,6
2023-11,JN.1.1.2,5
2023-11,JN.1.1.4,3
2023-11,JN.1.1.5,2
2023-11,JN.1.1.7,6
2023-11,JN.1.13,1
2023-11,JN.1.15,2
2023-11,JN.1.16,2
2023-11,JN.1.17,6
2023-11,JN.1.18,3
2023-11,JN.1.19,68
2023-11,JN.1.2,73
2023-11,JN.1.2.1,4
2023-11,JN.1.20,1
2023-11,JN.1.21,1
2023-11,JN.1.22,26
2023-11,JN.1.24,7
2023-11,JN.1.28,3
2023-11,JN.1.29,6
2023-11,JN.1.3,8
2023-11,JN.1.30,3
2023-11,JN.1.31,19
2023-11,JN.1.34,2
2023-11,JN.1.36.1,1
2023-11,JN.1.37,1
2023-11,JN.1.38,9
2023-11,JN.1.38.1,18
2023-11,JN.1.39,54
2023-11,JN.1.4,784
2023-11,JN.1.4.1,2
2023-11,JN.1.4.2,14
2023-11,JN.1.4.3,1
2023-11,JN.1.4.5,100
2023-11,JN.1.4.6,3
2023-11,JN.1.4.7,13
2023-11,JN.1.41,7
2023-11,JN.1.42,17
2023-11,JN.1.43,27
2023-11,JN.1.43.1,5
2023-11,JN.1.44,11
2023-11,JN.1.45,10
2023-11,JN.1.46,15
2023-11,JN.1.47,11
2023-11,JN.1.5,7
2023-11,JN.1.52,6
2023-11,JN.1.53,1
2023-11,JN.1.55,4
2023-11,JN.1.58,8
2023-11,JN.1.59,2
2023-11,JN.1.6,27
2023-11,JN.1.61,1
2023-11,JN.1.63,4
2023-11,JN.1.64,3
2023-11,JN.1.67,1
2023-11,JN.1.7,3
2023-11,JN.1.8,23
2023-11,JN.1.8.1,18
2023-11,JN.1.8.3,22
2023-11,JN.1.9,33
2023-11,JN.10,4
2023-11,JN.11,36
2023-11,JN.13,6
2023-11,JN.13.1,4
2023-11,JN.14,7
2023-11,JN.15,3
2023-11,JN.16,1
2023-11,JN.18,137
2023-11,JN.2,296
2023-11,JN.2.1,3
2023-11,JN.2.3,26
2023-11,JN.2.4,1
2023-11,JN.2.5,1
2023-11,JN.3,131
2023-11,JN.3.2,5
2023-11,JN.3.2.1,3
2023-11,JN.3.3,79
2023-11,JN.4,25
2023-11,JN.5,48
2023-11,JN.5.1,12
2023-11,JN.6,122
2023-11,JN.7,44
2023-11,JN.8,2
2023-11,JN.9,26
2023-11,JP.1.1,2
2023-11,JQ.1,71
2023-11,JR.1.1,49
2023-11,JR.1.1.1,6
2023-11,JS.1,2
2023-11,JS.2,1
2023-11,JU.1,4
2023-11,JV.2,2
2023-11,JY.1,17
2023-11,JY.1.1,20
2023-11,KA.1,3
2023-11,KB.1,75
2023-11,KB.2,10
2023-11,KB.4,27
2023-11,KC.1,144
2023-11,KC.1.1,20
2023-11,KE.1,23
2023-11,KE.2,4
2023-11,KE.3,59
2023-11,KF.1,11
2023-11,KG.1,2
2023-11,KH.1,13
2023-11,KK.1,40
2023-11,KL.1,5
2023-11,KL.1.1,8
2023-11,KN.1,1
2023-11,KT.1,6
2023-11,KT.1.1,43
2023-11,KT.1.2,21
2023-11,KV.2,2
2023-11,LV.1,7
2023-11,XBB,1
2023-11,XBB.1,6
2023-11,XBB.1.13.1,1
2023-11,XBB.1.16,123
2023-11,XBB.1.16.1,10
2023-11,XBB.1.16.11,617
2023-11,XBB.1.16.12,5
2023-11,XBB.1.16.13,2
2023-11,XBB.1.16.14,18
2023-11,XBB.1.16.15,400
2023-11,XBB.1.16.16,15
2023-11,XBB.1.16.17,15
2023-11,XBB.1.16.18,2
2023-11,XBB.1.16.19,1
2023-11,XBB.1.16.2,22
2023-11,XBB.1.16.21,3
2023-11,XBB.1.16.23,55
2023-11,XBB.1.16.24,2
2023-11,XBB.1.16.26,12
2023-11,XBB.1.16.27,20
2023-11,XBB.1.16.28,8
2023-11,XBB.1.16.29,2
2023-11,XBB.1.16.3,1
2023-11,XBB.1.16.30,3
2023-11,XBB.1.16.31,1
2023-11,XBB.1.16.32,1
2023-11,XBB.1.16.5,1
2023-11,XBB.1.16.6,915
2023-11,XBB.1.16.8,3
2023-11,XBB.1.16.9,41
2023-11,XBB.1.19.1,1
2023-11,XBB.1.22,1
2023-11,XBB.1.22.1,1
2023-11,XBB.1.28,1
2023-11,XBB.1.41.1,17
2023-11,XBB.1.41.2,31
2023-11,XBB.1.42,2
2023-11,XBB.1.42.1,21
2023-11,XBB.1.42.2,36
2023-11,XBB.1.5,12
2023-11,XBB.1.5.1,1
2023-11,XBB.1.5.10,9
2023-11,XBB.1.5.102,2
2023-11,XBB.1.5.103,3
2023-11,XBB.1.5.110,6
2023-11,XBB.1.5.18,3
2023-11,XBB.1.5.27,2
2023-11,XBB.1.5.28,3
2023-11,XBB.1.5.37,4
2023-11,XBB.1.5.40,10
2023-11,XBB.1.5.44,1
2023-11,XBB.1.5.48,1
2023-11,XBB.1.5.49,2
2023-11,XBB.1.5.59,4
2023-11,XBB.1.5.62,1
2023-11,XBB.1.5.7,1
2023-11,XBB.1.5.70,6
2023-11,XBB.1.5.71,1
2023-11,XBB.1.5.72,19
2023-11,XBB.1.5.73,9
2023-11,XBB.1.5.89,1
2023-11,XBB.1.5.91,1
2023-11,XBB.1.5.96,1
2023-11,XBB.1.5.98,4
2023-11,XBB.1.9,43
2023-11,XBB.1.9.1,19
2023-11,XBB.1.9.2,5
2023-11,XBB.2.3,10
2023-11,XBB.2.3.11,25
2023-11,XBB.2.3.15,6
2023-11,XBB.2.3.16,2
2023-11,XBB.2.3.18,1
2023-11,XBB.2.3.19,3
2023-11,XBB.2.3.2,21
2023-11,XBB.2.3.20,1
2023-11,XBB.2.3.3,13
2023-11,XBB.2.3.8,15
2023-11,XBF.9,1
2023-11,XCF,6
2023-11,XCH,35
2023-11,XCH.1,71
2023-11,XCK,1
2023-11,XCL,6
2023-11,XCM,9
2023-11,XCP,32
2023-11,XCR,82
2023-11,XCT,17
2023-11,XCT.1,27
2023-11,XCU,4
2023-11,XCV,7
2023-11,XCY,1
2023-11,XCZ,5
2023-11,XDA,173
2023-11,XDA.1,13
2023-11,XDD,20
2023-11,XDE,6
2023-11,XDL,59
2023-11,XDN,4
2023-11,XDP,2
2023-11,XDQ,1
2023-11,XDR,4
2023-11,XDV,1
2023-11,XEB,1
2023-11,unclassifiable,350
2023-11,AY.3,1
2023-11,B,1
2023-11,BA.5,2
2023-11,BA.5.1,4
2023-11,BF.11,1
2023-11,BQ.1.1.47,1
2023-11,CM.8.1,1
2023-11,GF.1,1
2023-11,GJ.3,1
2023-11,GK.10,1
2023-11,GL.1,2
2023-11,GY.1.1.1,1
2023-11,GY.7,1
2023-11,HH.5,2
2023-11,HN.3,3
2023-11,JH.2,1
2023-11,JN.1.1.3,2
2023-11,JN.1.42.2,1
2023-11,JN.1.49,1
2023-11,JN.1.51,1
2023-11,JN.1.6.1,1
2023-11,XBB.1.34,2
2023-11,XBB.1.34.1,3
2023-11,XBB.1.5.105,3
2023-11,XBB.1.5.35,1
2023-11,XBB.1.5.46,1
2023-11,XBB.2.3.5,1
2023-11,XBC.1.3.1,1
2023-11,XDK,1
2023-12,BA.2,62
2023-12,BA.2.86,36
2023-12,BA.2.86.1,940
2023-12,BA.2.86.2,38
2023-12,BA.2.86.3,56
2023-12,BA.2.86.4,5
2023-12,BA.2.86.5,20
2023-12,BA.2.86.6,5
2023-12,BA.5.1.12,1
2023-12,CH.1.1.1,9
2023-12,DV.7.1,5
2023-12,DV.7.1.1,2
2023-12,DV.7.1.3,8
2023-12,DV.7.1.4,22
2023-12,EG.10.1.1,12
2023-12,EG.5,10
2023-12,EG.5.1,175
2023-12,EG.5.1.1,346
2023-12,EG.5.1.13,66
2023-12,EG.5.1.14,48
2023-12,EG.5.1.16,21
2023-12,EG.5.1.19,22
2023-12,EG.5.1.2,6
2023-12,EG.5.1.3,118
2023-12,EG.5.1.4,118
2023-12,EG.5.1.6,226
2023-12,EG.5.1.7,9
2023-12,EG.5.1.8,128
2023-12,EG.5.2,1
2023-12,EG.6.1,26
2023-12,EG.6.1.1,7
2023-12,EG.7,1
2023-12,FD.5.1,6
2023-12,FL.1,5
2023-12,FL.1.5,1
2023-12,FL.1.5.1,467
2023-12,FL.1.5.2,15
2023-12,FL.10,1
2023-12,FL.13.4.1,8
2023-12,FL.15,1
2023-12,FL.15.1.1,88
2023-12,FL.15.4,2
2023-12,FL.16,3
2023-12,FL.20,4
2023-12,FL.20.1,24
2023-12,FL.20.2,36
2023-12,FL.24,3
2023-12,FL.24.1,13
2023-12,FL.25,4
2023-12,FL.31.1,2
2023-12,FL.36,11
2023-12,FL.39.1,1
2023-12,FT.3.1.1,7
2023-12,FU.1.1.1,1
2023-12,FU.2,18
2023-12,FU.2.1,3
2023-12,FU.5,1
2023-12,FW.1.1,3
2023-12,FW.1.1.1,104
2023-12,FY.1.2,30
2023-12,FY.5,8
2023-12,FY.5.1,8
2023-12,FY.5.1.1,43
2023-12,FY.5.4,4
2023-12,FY.5.5,8
2023-12,FY.5.5.1,33
2023-12,FY.8.1,8
2023-12,GA.4.1,16
2023-12,GA.4.1.2,1
2023-12,GA.4.1.3,1
2023-12,GE.1,42
2023-12,GE.1.2,6
2023-12,GE.1.2.1,2
2023-12,GE.1.4,7
2023-12,GE.1.5,4
2023-12,GE.1.6,4
2023-12,GG.1,1
2023-12,GJ.1.2,28
2023-12,GJ.1.2.1,1
2023-12,GJ.1.2.2,30
2023-12,GJ.1.2.6,13
2023-12,GJ.1.2.7,1
2023-12,GJ.1.2.8,1
2023-12,GJ.5,1
2023-12,GJ.5.1,9
2023-12,GJ.6,1
2023-12,GK.1,9
2023-12,GK.1.1,106
2023-12,GK.1.1.1,71
2023-12,GK.1.10,12
2023-12,GK.1.11,2
2023-12,GK.1.2.1,17
2023-12,GK.1.4,5
2023-12,GK.1.6.1,26
2023-12,GK.1.8,49
2023-12,GK.10,1
2023-12,GK.2,14
2023-12,GK.2.1,22
2023-12,GK.2.3,3
2023-12,GK.2.4,11
2023-12,GK.3.1,10
2023-12,GK.4,1
2023-12,GN.1.4,2
2023-12,GS.1,9
2023-12,GS.3,4
2023-12,GS.4,19
2023-12,GS.4.1,266
2023-12,GS.7.1,1
2023-12,GW.5.1.1,28
2023-12,GW.5.3.1,25
2023-12,HB.1,3
2023-12,HC.3,2
2023-12,HF.1,87
2023-12,HF.1.1,44
2023-12,HF.1.2,8
2023-12,HG.2,1
2023-12,HK.1,4
2023-12,HK.1.2,13
2023-12,HK.11,4
2023-12,HK.11.1,35
2023-12,HK.13,59
2023-12,HK.13.1,48
2023-12,HK.15,1
2023-12,HK.17,9
2023-12,HK.18,1
2023-12,HK.19,17
2023-12,HK.2.1,16
2023-12,HK.20.1,136
2023-12,HK.22,7
2023-12,HK.23.1,6
2023-12,HK.24.1,22
2023-12,HK.25,2
2023-12,HK.26,107
2023-12,HK.27,4
2023-12,HK.27.1,41
2023-12,HK.27.1.1,16
2023-12,HK.28,15
2023-12,HK.29,7
2023-12,HK.3,686
2023-12,HK.3.1,94
2023-12,HK.3.10,26
2023-12,HK.3.11,8
2023-12,HK.3.12,10
2023-12,HK.3.13,13
2023-12,HK.3.14,30
2023-12,HK.3.2,207
2023-12,HK.3.2.1,28
2023-12,HK.3.2.2,52
2023-12,HK.3.3,11
2023-12,HK.3.4,32
2023-12,HK.3.5,5
2023-12,HK.3.6,1
2023-12,HK.3.8,4
2023-12,HK.30,24
2023-12,HK.31,28
2023-12,HK.32,6
2023-12,HK.34,1
2023-12,HK.6,57
2023-12,HK.7,1
2023-12,HN.1,54
2023-12,HN.2,4
2023-12,HN.4,32
2023-12,HN.5,71
2023-12,HN.6,9
2023-12,HN.7,5
2023-12,HN.8,8
2023-12,HR.1.1,2
2023-12,HV.1,4535
2023-12,HV.1.1,300
2023-12,HV.1.10,45
2023-12,HV.1.11,16
2023-12,HV.1.2,112
2023-12,HV.1.3,17
2023-12,HV.1.4,52
2023-12,HV.1.5,43
2023-12,HV.1.6,46
2023-12,HV.1.6.1,8
2023-12,HV.1.7,3
2023-12,HV.1.8,58
2023-12,HV.1.9,8
2023-12,HV.2,26
2023-12,HW.1.1,4
2023-12,HZ.1,15
2023-12,JC.1,8
2023-12,JC.3,1
2023-12,JC.4,5
2023-12,JC.5,31
2023-12,JC.5.1,69
2023-12,JD.1,10
2023-12,JD.1.1,794
2023-12,JD.1.1.1,247
2023-12,JD.1.1.2,12
2023-12,JD.1.1.3,58
2023-12,JD.1.1.5,46
2023-12,JD.1.1.6,20
2023-12,JD.1.1.7,65
2023-12,JD.1.1.8,88
2023-12,JD.1.2.1,7
2023-12,JE.1,32
2023-12,JE.1.1.1,23
2023-12,JF.1,92
2023-12,JF.1.1,250
2023-12,JF.2,2
2023-12,JF.3,1
2023-12,JF.4,40
2023-12,JG.1,4
2023-12,JG.2,7
2023-12,JG.3,792
2023-12,JG.3.1,163
2023-12,JG.3.2,200
2023-12,JG.3.4,45
2023-12,JM.1,6
2023-12,JM.2,11
2023-12,JN.1,7791
2023-12,JN.1.1,2078
2023-12,JN.1.1.1,42
2023-12,JN.1.1.10,19
2023-12,JN.1.1.2,10
2023-12,JN.1.1.3,21
2023-12,JN.1.1.4,12
2023-12,JN.1.1.7,10
2023-12,JN.1.10,18
2023-12,JN.1.13,14
2023-12,JN.1.13.1,13
2023-12,JN.1.14,12
2023-12,JN.1.15,12
2023-12,JN.1.16,23
2023-12,JN.1.17,34
2023-12,JN.1.18,67
2023-12,JN.1.19,220
2023-12,JN.1.2,327
2023-12,JN.1.2.1,16
2023-12,JN.1.20,10
2023-12,JN.1.21,37
2023-12,JN.1.22,237
2023-12,JN.1.24,44
2023-12,JN.1.27,17
2023-12,JN.1.28,28
2023-12,JN.1.29,42
2023-12,JN.1.3,39
2023-12,JN.1.30,52
2023-12,JN.1.31,63
2023-12,JN.1.32,46
2023-12,JN.1.36.1,3
2023-12,JN.1.38,65
2023-12,JN.1.38.1,54
2023-12,JN.1.39,364
2023-12,JN.1.39.3,1
2023-12,JN.1.4,3781
2023-12,JN.1.4.1,33
2023-12,JN.1.4.2,159
2023-12,JN.1.4.3,14
2023-12,JN.1.4.5,715
2023-12,JN.1.4.6,53
2023-12,JN.1.4.7,72
2023-12,JN.1.41,47
2023-12,JN.1.42,162
2023-12,JN.1.43,130
2023-12,JN.1.43.1,62
2023-12,JN.1.44,28
2023-12,JN.1.45,100
2023-12,JN.1.46,121
2023-12,JN.1.47,57
2023-12,JN.1.47.2,16
2023-12,JN.1.49,15
2023-12,JN.1.5,42
2023-12,JN.1.51,10
2023-12,JN.1.52,43
2023-12,JN.1.53,28
2023-12,JN.1.54,5
2023-12,JN.1.55,44
2023-12,JN.1.58,25
2023-12,JN.1.58.2,1
2023-12,JN.1.59,21
2023-12,JN.1.6,193
2023-12,JN.1.61,2
2023-12,JN.1.63,28
2023-12,JN.1.64,43
2023-12,JN.1.65,32
2023-12,JN.1.67,12
2023-12,JN.1.68,10
2023-12,JN.1.69,13
2023-12,JN.1.7,71
2023-12,JN.1.7.5,23
2023-12,JN.1.8,149
2023-12,JN.1.8.1,186
2023-12,JN.1.8.3,64
2023-12,JN.1.8.4,7
2023-12,JN.1.9,325
2023-12,JN.10,37
2023-12,JN.11,39
2023-12,JN.13.1,9
2023-12,JN.18,192
2023-12,JN.2,518
2023-12,JN.2.1,4
2023-12,JN.2.2,9
2023-12,JN.2.3,33
2023-12,JN.2.5,11
2023-12,JN.3,193
2023-12,JN.3.2,13
2023-12,JN.3.2.1,8
2023-12,JN.3.3,87
2023-12,JN.4,61
2023-12,JN.5,42
2023-12,JN.6,255
2023-12,JN.7,65
2023-12,JN.9,43
2023-12,JP.1.1,4
2023-12,JQ.1,80
2023-12,JR.1.1,115
2023-12,JR.1.1.1,3
2023-12,JY.1,13
2023-12,JY.1.1,12
2023-12,KB.1,47
2023-12,KB.2,11
2023-12,KB.4,17
2023-12,KC.1,103
2023-12,KC.1.1,8
2023-12,KE.1,53
2023-12,KE.2,3
2023-12,KE.3,61
2023-12,KH.1,24
2023-12,KK.1,55
2023-12,KL.1.1,12
2023-12,KT.1,95
2023-12,KT.1.1,177
2023-12,KT.1.2,131
2023-12,KW.1,4
2023-12,LB.1,3
2023-12,XBB.1,5
2023-12,XBB.1.16,69
2023-12,XBB.1.16.1,1
2023-12,XBB.1.16.11,287
2023-12,XBB.1.16.14,2
2023-12,XBB.1.16.15,218
2023-12,XBB.1.16.17,13
2023-12,XBB.1.16.2,5
2023-12,XBB.1.16.21,3
2023-12,XBB.1.16.23,21
2023-12,XBB.1.16.24,3
2023-12,XBB.1.16.26,10
2023-12,XBB.1.16.27,20
2023-12,XBB.1.16.29,1
2023-12,XBB.1.16.6,402
2023-12,XBB.1.16.9,14
2023-12,XBB.1.22,1
2023-12,XBB.1.28.1,1
2023-12,XBB.1.41.1,15
2023-12,XBB.1.41.2,25
2023-12,XBB.1.42.1,11
2023-12,XBB.1.42.2,21
2023-12,XBB.1.5,7
2023-12,XBB.1.5.110,1
2023-12,XBB.1.5.37,3
2023-12,XBB.1.5.40,4
2023-12,XBB.1.5.59,1
2023-12,XBB.1.5.70,3
2023-12,XBB.1.5.71,3
2023-12,XBB.1.9,38
2023-12,XBB.1.9.1,6
2023-12,XBB.2.3,6
2023-12,XBB.2.3.11,15
2023-12,XBB.2.3.17,1
2023-12,XBB.2.3.2,2
2023-12,XBB.2.3.21,1
2023-12,XBB.2.3.3,5
2023-12,XBB.2.3.4,1
2023-12,XCH,11
2023-12,XCH.1,34
2023-12,XCL,2
2023-12,XCM,6
2023-12,XCP,28
2023-12,XCR,78
2023-12,XCT,6
2023-12,XCT.1,23
2023-12,XCU,2
2023-12,XCV,7
2023-12,XDA,255
2023-12,XDA.1,10
2023-12,XDD,132
2023-12,XDD.1,3
2023-12,XDD.2,3
2023-12,XDK,12
2023-12,XDL,12
2023-12,XDM,23
2023-12,XDN,27
2023-12,XDP,28
2023-12,unclassifiable,577
2023-12,B,1
2023-12,B.1.1.7,1
2023-12,BA.4.6,3
2023-12,BA.5.1,1
2023-12,BA.5.2,1
2023-12,BF.11,1
2023-12,BQ.1.1,2
2023-12,DV.7.1.2,1
2023-12,DV.7.1.5,9
2023-12,EG.10.1,7
2023-12,EG.2,5
2023-12,EG.5.1.12,3
2023-12,EG.5.1.15,9
2023-12,EG.5.1.5,3
2023-12,EG.5.1.9,2
2023-12,FD.1.1,3
2023-12,FE.1.2,4
2023-12,FG.1,3
2023-12,FL.1.1,2
2023-12,FL.10.1,1
2023-12,FL.13.2,1
2023-12,FL.13.4,1
2023-12,FL.2.6,1
2023-12,FL.4.5,1
2023-12,FU.1,4
2023-12,FW.1,2
2023-12,FY.1.2.2,2
2023-12,FY.3,3
2023-12,FY.3.1,1
2023-12,FY.4.1.2,2
2023-12,FY.5.2,3
2023-12,FY.8,1
2023-12,GE.1.1,2
2023-12,GE.1.2.2,1
2023-12,GE.1.3,1
2023-12,GJ.3,1
2023-12,GJ.4,1
2023-12,GK.1.7,1
2023-12,GK.1.8.1,4
2023-12,GK.7,2
2023-12,GK.8.1,3
2023-12,GN.1,1
2023-12,GN.1.1,6
2023-12,GN.1.2,1
2023-12,GV.1,5
2023-12,GW.5.3,9
2023-12,GZ.1,1
2023-12,HA.1,1
2023-12,HH.5,2
2023-12,HK.12,1
2023-12,HK.13.2,2
2023-12,HK.13.2.1,3
2023-12,HK.16,1
2023-12,HK.26.1,9
2023-12,HK.3.7,1
2023-12,HK.33,1
2023-12,HK.8,12
2023-12,HK.8.1,18
2023-12,HN.2.1,1
2023-12,HY.1,4
2023-12,JC.2,3
2023-12,JE.1.1,2
2023-12,JF.1.1.2,10
2023-12,JG.3.3,3
2023-12,JG.4,1
2023-12,JJ.1,10
2023-12,JN.1.1.5,5
2023-12,JN.1.1.6,3
2023-12,JN.1.11,7
2023-12,JN.1.11.1,5
2023-12,JN.1.12,1
2023-12,JN.1.16.1,2
2023-12,JN.1.18.5,1
2023-12,JN.1.26,7
2023-12,JN.1.28.1,1
2023-12,JN.1.30.1,4
2023-12,JN.1.34,14
2023-12,JN.1.37,9
2023-12,JN.1.4.4,1
2023-12,JN.1.42.1,2
2023-12,JN.1.42.2,4
2023-12,JN.1.47.1,1
2023-12,JN.1.48,1
2023-12,JN.1.49.1,3
2023-12,JN.1.53.1,3
2023-12,JN.1.56,2
2023-12,JN.1.57,4
2023-12,JN.1.6.1,12
2023-12,JN.1.60,13
2023-12,JN.1.63.1,1
2023-12,JN.1.64.1,2
2023-12,JN.1.7.1,1
2023-12,JN.1.7.2,13
2023-12,JN.1.8.2,5
2023-12,JN.1.9.1,8
2023-12,JN.13,8
2023-12,JN.14,6
2023-12,JN.15,1
2023-12,JN.16,2
2023-12,JN.2.4,3
2023-12,JN.5.1,1
2023-12,JN.8,1
2023-12,KF.1,4
2023-12,KG.1,1
2023-12,KK.2,2
2023-12,KL.1,21
2023-12,KV.1,1
2023-12,KV.2,7
2023-12,KZ.1,2
2023-12,LE.1,1
2023-12,LV.1,20
2023-12,XBB,3
2023-12,XBB.1.16.13,2
2023-12,XBB.1.16.16,3
2023-12,XBB.1.16.28,6
2023-12,XBB.1.16.30,2
2023-12,XBB.1.16.31,1
2023-12,XBB.1.37.1,1
2023-12,XBB.1.5.1,1
2023-12,XBB.1.5.10,3
2023-12,XBB.1.5.102,1
2023-12,XBB.1.5.16,1
2023-12,XBB.1.5.44,1
2023-12,XBB.1.5.48,1
2023-12,XBB.1.5.72,4
2023-12,XBB.1.5.91,1
2023-12,XBB.1.9.2,3
2023-12,XBB.2.3.10,1
2023-12,XBB.2.3.12,2
2023-12,XBB.2.3.8,2
2023-12,XBB.2.4,1
2023-12,XBC.1.3.1,3
2023-12,XBC.1.6.3,1
2023-12,XCW,1
2023-12,XCY,1
2023-12,XDC,3
2023-12,XDD.1.1,11
2023-12,XDE,5
2023-12,XDF,1
2023-12,XDJ,1
2023-12,XDP.3,3
2023-12,XDQ,2
2023-12,XDR,11
2023-12,XDS,2
2023-12,XDT,2
2023-12,XDV,6
2023-12,XEB,4
2024-01,B,4
2024-01,BA.1.1,4
2024-01,BA.1.1.18,1
2024-01,BA.1.20,1
2024-01,BA.2,41
2024-01,BA.2.86,21
2024-01,BA.2.86.1,342
2024-01,BA.2.86.2,5
2024-01,BA.2.86.3,26
2024-01,BA.2.86.5,5
2024-01,BA.2.86.6,2
2024-01,BA.4.6,2
2024-01,BA.5.1.30,1
2024-01,BQ.1,1
2024-01,BQ.1.1.4,1
2024-01,CH.1.1.1,3
2024-01,DT.3,1
2024-01,DV.7.1.2,1
2024-01,DV.7.1.4,5
2024-01,EG.10.1,1
2024-01,EG.10.1.1,2
2024-01,EG.2,1
2024-01,EG.5,1
2024-01,EG.5.1,30
2024-01,EG.5.1.1,41
2024-01,EG.5.1.13,7
2024-01,EG.5.1.14,10
2024-01,EG.5.1.16,8
2024-01,EG.5.1.19,7
2024-01,EG.5.1.2,1
2024-01,EG.5.1.3,21
2024-01,EG.5.1.4,9
2024-01,EG.5.1.5,2
2024-01,EG.5.1.6,44
2024-01,EG.5.1.8,15
2024-01,EG.6.1,3
2024-01,EG.6.1.1,2
2024-01,EG.7,1
2024-01,FD.1.1,1
2024-01,FL.1.5.1,71
2024-01,FL.15,2
2024-01,FL.15.1.1,22
2024-01,FL.20.1,2
2024-01,FL.20.2,5
2024-01,FL.24.1,2
2024-01,FL.33,1
2024-01,FL.36,3
2024-01,FU.2,3
2024-01,FW.1,1
2024-01,FW.1.1.1,32
2024-01,FY.1.2,10
2024-01,FY.3,1
2024-01,FY.5.1,5
2024-01,FY.5.1.1,7
2024-01,FY.5.2,2
2024-01,FY.5.5,4
2024-01,FY.5.5.1,11
2024-01,FY.8.1,2
2024-01,GA.10.1,1
2024-01,GA.4.1,8
2024-01,GE.1,6
2024-01,GE.1.2,1
2024-01,GE.1.2.2,1
2024-01,GE.1.3,1
2024-01,GE.1.4,1
2024-01,GJ.1.2.2,3
2024-01,GJ.1.2.6,4
2024-01,GJ.1.2.8,1
2024-01,GJ.5.1,3
2024-01,GK.1,2
2024-01,GK.1.1,25
2024-01,GK.1.1.1,25
2024-01,GK.1.11,1
2024-01,GK.1.2.1,1
2024-01,GK.1.4,1
2024-01,GK.1.6.1,3
2024-01,GK.1.8,10
2024-01,GK.2,2
2024-01,GK.2.1,2
2024-01,GK.2.4,1
2024-01,GK.8.1,1
2024-01,GN.1.1,1
2024-01,GS.3,1
2024-01,GS.4,5
2024-01,GS.4.1,27
2024-01,GW.5.1.1,15
2024-01,GW.5.3,6
2024-01,GW.5.3.1,9
2024-01,HB.1,1
2024-01,HF.1,6
2024-01,HF.1.1,4
2024-01,HF.1.2,5
2024-01,HK.1,1
2024-01,HK.1.2,3
2024-01,HK.11.1,4
2024-01,HK.13,8
2024-01,HK.13.1,8
2024-01,HK.13.2.1,3
2024-01,HK.17,2
2024-01,HK.19,3
2024-01,HK.2.1,3
2024-01,HK.20.1,22
2024-01,HK.22,2
2024-01,HK.24.1,6
2024-01,HK.26,28
2024-01,HK.26.1,3
2024-01,HK.27,1
2024-01,HK.27.1,11
2024-01,HK.27.1.1,1
2024-01,HK.28,2
2024-01,HK.3,112
2024-01,HK.3.1,21
2024-01,HK.3.10,8
2024-01,HK.3.11,2
2024-01,HK.3.12,6
2024-01,HK.3.13,7
2024-01,HK.3.14,8
2024-01,HK.3.2,79
2024-01,HK.3.2.1,5
2024-01,HK.3.2.2,9
2024-01,HK.3.3,2
2024-01,HK.3.4,7
2024-01,HK.3.5,1
2024-01,HK.30,2
2024-01,HK.31,1
2024-01,HK.33,1
2024-01,HK.6,4
2024-01,HK.8.1,7
2024-01,HN.1,5
2024-01,HN.4,2
2024-01,HN.5,13
2024-01,HN.6,1
2024-01,HN.7,1
2024-01,HN.8,4
2024-01,HV.1,980
2024-01,HV.1.1,158
2024-01,HV.1.10,18
2024-01,HV.1.11,14
2024-01,HV.1.2,23
2024-01,HV.1.3,1
2024-01,HV.1.4,8
2024-01,HV.1.5,8
2024-01,HV.1.6,6
2024-01,HV.1.6.1,2
2024-01,HV.1.8,11
2024-01,HV.2,10
2024-01,HW.1.1,1
2024-01,JC.1,5
2024-01,JC.2,1
2024-01,JC.5,8
2024-01,JC.5.1,48
2024-01,JD.1,2
2024-01,JD.1.1,208
2024-01,JD.1.1.1,117
2024-01,JD.1.1.2,2
2024-01,JD.1.1.3,12
2024-01,JD.1.1.4,5
2024-01,JD.1.1.5,9
2024-01,JD.1.1.6,5
2024-01,JD.1.1.7,19
2024-01,JD.1.1.8,21
2024-01,JE.1,5
2024-01,JE.1.1.1,11
2024-01,JF.1,18
2024-01,JF.1.1,40
2024-01,JF.1.1.2,4
2024-01,JF.4,2
2024-01,JG.1,1
2024-01,JG.2,1
2024-01,JG.3,218
2024-01,JG.3.1,28
2024-01,JG.3.2,143
2024-01,JG.3.3,1
2024-01,JG.3.4,11
2024-01,JJ.1,4
2024-01,JM.1,1
2024-01,JM.2,1
2024-01,JN.1,10098
2024-01,JN.1.1,1628
2024-01,JN.1.1.1,59
2024-01,JN.1.1.10,9
2024-01,JN.1.1.2,9
2024-01,JN.1.1.3,30
2024-01,JN.1.1.4,23
2024-01,JN.1.1.5,16
2024-01,JN.1.1.6,1
2024-01,JN.1.1.7,11
2024-01,JN.1.1.9,2
2024-01,JN.1.10,17
2024-01,JN.1.11,17
2024-01,JN.1.11.1,28
2024-01,JN.1.12,5
2024-01,JN.1.13,16
2024-01,JN.1.13.1,133
2024-01,JN.1.14,22
2024-01,JN.1.15,30
2024-01,JN.1.15.1,3
2024-01,JN.1.16,39
2024-01,JN.1.16.1,4
2024-01,JN.1.16.2,2
2024-01,JN.1.17,68
2024-01,JN.1.18,187
2024-01,JN.1.19,242
2024-01,JN.1.2,314
2024-01,JN.1.2.1,6
2024-01,JN.1.20,35
2024-01,JN.1.21,54
2024-01,JN.1.22,342
2024-01,JN.1.24,43
2024-01,JN.1.25,3
2024-01,JN.1.25.1,5
2024-01,JN.1.26,15
2024-01,JN.1.27,34
2024-01,JN.1.28,33
2024-01,JN.1.28.1,4
2024-01,JN.1.29,47
2024-01,JN.1.3,75
2024-01,JN.1.30,33
2024-01,JN.1.30.1,2
2024-01,JN.1.31,130
2024-01,JN.1.32,123
2024-01,JN.1.32.1,20
2024-01,JN.1.34,37
2024-01,JN.1.35,2
2024-01,JN.1.36,2
2024-01,JN.1.37,28
2024-01,JN.1.38,170
2024-01,JN.1.38.1,46
2024-01,JN.1.39,548
2024-01,JN.1.39.2,1
2024-01,JN.1.39.3,12
2024-01,JN.1.4,4645
2024-01,JN.1.4.1,55
2024-01,JN.1.4.2,359
2024-01,JN.1.4.3,43
2024-01,JN.1.4.4,17
2024-01,JN.1.4.5,1122
2024-01,JN.1.4.6,55
2024-01,JN.1.4.7,94
2024-01,JN.1.4.8,5
2024-01,JN.1.4.9,1
2024-01,JN.1.40,2
2024-01,JN.1.41,62
2024-01,JN.1.42,280
2024-01,JN.1.42.1,9
2024-01,JN.1.42.2,9
2024-01,JN.1.43,184
2024-01,JN.1.43.1,140
2024-01,JN.1.44,10
2024-01,JN.1.44.1,1
2024-01,JN.1.45,173
2024-01,JN.1.46,142
2024-01,JN.1.47,141
2024-01,JN.1.47.1,4
2024-01,JN.1.47.2,30
2024-01,JN.1.48,6
2024-01,JN.1.49,42
2024-01,JN.1.49.1,8
2024-01,JN.1.5,87
2024-01,JN.1.51,15
2024-01,JN.1.51.1,1
2024-01,JN.1.52,75
2024-01,JN.1.53,30
2024-01,JN.1.53.1,7
2024-01,JN.1.54,18
2024-01,JN.1.55,45
2024-01,JN.1.56,9
2024-01,JN.1.57,8
2024-01,JN.1.58,28
2024-01,JN.1.58.2,3
2024-01,JN.1.58.3,1
2024-01,JN.1.59,78
2024-01,JN.1.6,181
2024-01,JN.1.6.1,35
2024-01,JN.1.60,37
2024-01,JN.1.61,8
2024-01,JN.1.63,36
2024-01,JN.1.63.1,6
2024-01,JN.1.64,97
2024-01,JN.1.64.1,11
2024-01,JN.1.65,55
2024-01,JN.1.67,16
2024-01,JN.1.68,13
2024-01,JN.1.68.1,4
2024-01,JN.1.69,21
2024-01,JN.1.7,402
2024-01,JN.1.7.1,10
2024-01,JN.1.7.2,36
2024-01,JN.1.7.3,6
2024-01,JN.1.7.5,115
2024-01,JN.1.7.7,1
2024-01,JN.1.8,201
2024-01,JN.1.8.1,536
2024-01,JN.1.8.2,7
2024-01,JN.1.8.3,70
2024-01,JN.1.8.4,11
2024-01,JN.1.9,375
2024-01,JN.1.9.1,23
2024-01,JN.1.9.2,1
2024-01,JN.10,37
2024-01,JN.11,10
2024-01,JN.11.1,3
2024-01,JN.12,1
2024-01,JN.13,6
2024-01,JN.13.1,4
2024-01,JN.14,10
2024-01,JN.15,1
2024-01,JN.16,3
2024-01,JN.18,86
2024-01,JN.2,189
2024-01,JN.2.1,4
2024-01,JN.2.2,6
2024-01,JN.2.3,5
2024-01,JN.2.4,1
2024-01,JN.2.5,9
2024-01,JN.3,79
2024-01,JN.3.1,1
2024-01,JN.3.2.1,1
2024-01,JN.3.3,42
2024-01,JN.4,51
2024-01,JN.5,7
2024-01,JN.6,112
2024-01,JN.7,8
2024-01,JN.9,12
2024-01,JP.1.1,2
2024-01,JQ.1,8
2024-01,JR.1.1,52
2024-01,JY.1,2
2024-01,JY.1.1,4
2024-01,KA.1,4
2024-01,KB.1,5
2024-01,KB.2,3
2024-01,KB.4,2
2024-01,KC.1,30
2024-01,KC.1.1,5
2024-01,KE.1,12
2024-01,KE.2,1
2024-01,KE.3,8
2024-01,KF.1,2
2024-01,KH.1,1
2024-01,KK.1,12
2024-01,KK.2,1
2024-01,KL.1,16
2024-01,KL.1.1,6
2024-01,KN.1.1,1
2024-01,KP.1,7
2024-01,KP.2,2
2024-01,KP.3.2,1
2024-01,KP.4.1,1
2024-01,KP.4.2,1
2024-01,KQ.1,39
2024-01,KR.1,1
2024-01,KT.1,102
2024-01,KT.1.1,91
2024-01,KT.1.2,59
2024-01,KU.1,1
2024-01,KV.1,4
2024-01,KV.2,73
2024-01,KW.1,1
2024-01,KY.1,2
2024-01,KZ.1,2
2024-01,LB.1,7
2024-01,LB.1.11,1
2024-01,LB.1.3,1
2024-01,LC.1,3
2024-01,LE.1,8
2024-01,LE.1.2,1
2024-01,LL.1,1
2024-01,LQ.3,2
2024-01,LV.1,2
2024-01,LZ.5,1
2024-01,XBB,1
2024-01,XBB.1,1
2024-01,XBB.1.16,11
2024-01,XBB.1.16.11,51
2024-01,XBB.1.16.15,34
2024-01,XBB.1.16.16,1
2024-01,XBB.1.16.17,6
2024-01,XBB.1.16.2,3
2024-01,XBB.1.16.23,6
2024-01,XBB.1.16.26,1
2024-01,XBB.1.16.27,4
2024-01,XBB.1.16.6,79
2024-01,XBB.1.16.9,1
2024-01,XBB.1.19.1,1
2024-01,XBB.1.28,2
2024-01,XBB.1.41.1,6
2024-01,XBB.1.41.2,4
2024-01,XBB.1.41.3,1
2024-01,XBB.1.42.1,2
2024-01,XBB.1.5,2
2024-01,XBB.1.5.102,1
2024-01,XBB.1.5.109,2
2024-01,XBB.1.5.17,1
2024-01,XBB.1.5.25,1
2024-01,XBB.1.9,6
2024-01,XBB.1.9.2,1
2024-01,XBB.2.3,2
2024-01,XBB.2.3.11,1
2024-01,XBB.2.3.3,3
2024-01,XBC.1.3.1,4
2024-01,XCH,2
2024-01,XCH.1,3
2024-01,XCP,3
2024-01,XCR,8
2024-01,XCT.1,4
2024-01,XCU,4
2024-01,XCZ,1
2024-01,XDA,42
2024-01,XDA.1,9
2024-01,XDD,107
2024-01,XDD.1,9
2024-01,XDD.1.1,13
2024-01,XDD.2,6
2024-01,XDE,2
2024-01,XDK,39
2024-01,XDK.2,9
2024-01,XDK.4,2
2024-01,XDL,3
2024-01,XDM,8
2024-01,XDN,136
2024-01,XDP,64
2024-01,XDP.1,17
2024-01,XDP.3,10
2024-01,XDQ,6
2024-01,XDQ.1,1
2024-01,XDQ.2,2
2024-01,XDQ.3,1
2024-01,XDR,24
2024-01,XDS,19
2024-01,XDT,11
2024-01,XDV,3
2024-01,XEB,1
2024-01,XEG,1
2024-01,unclassifiable,535
2024-02,BA.1.17.2,1
2024-02,BA.2,15
2024-02,BA.2.86,4
2024-02,BA.2.86.1,145
2024-02,BA.2.86.2,2
2024-02,BA.2.86.3,6
2024-02,BA.2.86.5,1
2024-02,BA.2.86.6,2
2024-02,BA.4.6,1
2024-02,BA.5.1.25,1
2024-02,BA.5.2,1
2024-02,BA.5.2.1,1
2024-02,BF.7.8,1
2024-02,BQ.1.1,1
2024-02,CH.1.1.1,2
2024-02,EG.5,1
2024-02,EG.5.1,7
2024-02,EG.5.1.1,4
2024-02,EG.5.1.13,1
2024-02,EG.5.1.19,3
2024-02,EG.5.1.3,10
2024-02,EG.5.1.4,2
2024-02,EG.5.1.6,5
2024-02,EG.5.1.8,1
2024-02,EU.1.1,1
2024-02,FL.1.5.1,5
2024-02,FL.13.4.1,2
2024-02,FL.15.1.1,3
2024-02,FU.2,1
2024-02,FW.1.1.1,8
2024-02,FY.1.2,1
2024-02,FY.5.5,1
2024-02,GE.1,2
2024-02,GE.1.2.1,1
2024-02,GJ.1.2.2,1
2024-02,GK.1.1,4
2024-02,GK.1.1.1,4
2024-02,GK.1.6.1,1
2024-02,GK.2.1,1
2024-02,GS.4.1,2
2024-02,GV.1,1
2024-02,GW.5.1.1,6
2024-02,GW.5.3,2
2024-02,HC.2,1
2024-02,HF.1.1,2
2024-02,HK.11.1,1
2024-02,HK.13.1,6
2024-02,HK.20.1,1
2024-02,HK.24.1,1
2024-02,HK.26,5
2024-02,HK.3,24
2024-02,HK.3.1,5
2024-02,HK.3.12,1
2024-02,HK.3.2,20
2024-02,HK.3.9,1
2024-02,HN.5,1
2024-02,HV.1,84
2024-02,HV.1.1,31
2024-02,HV.1.10,1
2024-02,HV.1.11,2
2024-02,HV.1.2,2
2024-02,HV.1.3,1
2024-02,HV.1.5,1
2024-02,HV.1.6,3
2024-02,HV.2,1
2024-02,JC.4,2
2024-02,JC.5,5
2024-02,JC.5.1,22
2024-02,JD.1.1,15
2024-02,JD.1.1.1,17
2024-02,JD.1.1.3,9
2024-02,JD.1.1.5,1
2024-02,JD.1.1.6,14
2024-02,JD.1.1.7,2
2024-02,JD.1.1.8,1
2024-02,JE.1,2
2024-02,JE.1.1.1,1
2024-02,JF.1,6
2024-02,JF.1.1,3
2024-02,JF.1.1.2,1
2024-02,JF.4,2
2024-02,JG.3,43
2024-02,JG.3.1,8
2024-02,JG.3.2,41
2024-02,JG.3.4,3
2024-02,JJ.1,1
2024-02,JN.1,5795
2024-02,JN.1.1,583
2024-02,JN.1.1.1,23
2024-02,JN.1.1.10,2
2024-02,JN.1.1.2,5
2024-02,JN.1.1.3,14
2024-02,JN.1.1.4,3
2024-02,JN.1.1.5,4
2024-02,JN.1.1.6,6
2024-02,JN.1.1.7,3
2024-02,JN.1.1.8,2
2024-02,JN.1.1.9,3
2024-02,JN.1.10,4
2024-02,JN.1.11,28
2024-02,JN.1.11.1,65
2024-02,JN.1.12,3
2024-02,JN.1.13,8
2024-02,JN.1.13.1,303
2024-02,JN.1.14,15
2024-02,JN.1.15,24
2024-02,JN.1.15.1,11
2024-02,JN.1.16,63
2024-02,JN.1.16.1,14
2024-02,JN.1.16.2,7
2024-02,JN.1.16.3,1
2024-02,JN.1.16.5,3
2024-02,JN.1.17,24
2024-02,JN.1.18,232
2024-02,JN.1.18.2,5
2024-02,JN.1.18.3,3
2024-02,JN.1.19,155
2024-02,JN.1.2,185
2024-02,JN.1.20,26
2024-02,JN.1.21,26
2024-02,JN.1.22,173
2024-02,JN.1.23,2
2024-02,JN.1.24,17
2024-02,JN.1.24.1,1
2024-02,JN.1.25,1
2024-02,JN.1.25.1,8
2024-02,JN.1.26,17
2024-02,JN.1.27,34
2024-02,JN.1.28,49
2024-02,JN.1.28.1,6
2024-02,JN.1.29,39
2024-02,JN.1.3,29
2024-02,JN.1.30,19
2024-02,JN.1.30.1,4
2024-02,JN.1.31,77
2024-02,JN.1.32,164
2024-02,JN.1.32.1,34
2024-02,JN.1.34,42
2024-02,JN.1.35,2
2024-02,JN.1.36,1
2024-02,JN.1.37,23
2024-02,JN.1.38,97
2024-02,JN.1.38.1,31
2024-02,JN.1.39,384
2024-02,JN.1.39.1,3
2024-02,JN.1.39.2,7
2024-02,JN.1.39.3,12
2024-02,JN.1.4,3182
2024-02,JN.1.4.1,28
2024-02,JN.1.4.2,265
2024-02,JN.1.4.3,43
2024-02,JN.1.4.4,11
2024-02,JN.1.4.5,689
2024-02,JN.1.4.6,93
2024-02,JN.1.4.7,74
2024-02,JN.1.4.8,19
2024-02,JN.1.4.9,2
2024-02,JN.1.40,1
2024-02,JN.1.41,23
2024-02,JN.1.42,194
2024-02,JN.1.42.1,4
2024-02,JN.1.42.2,11
2024-02,JN.1.43,91
2024-02,JN.1.43.1,113
2024-02,JN.1.44,5
2024-02,JN.1.45,68
2024-02,JN.1.46,140
2024-02,JN.1.47,60
2024-02,JN.1.47.1,6
2024-02,JN.1.47.2,25
2024-02,JN.1.48,7
2024-02,JN.1.49,28
2024-02,JN.1.49.1,1
2024-02,JN.1.5,78
2024-02,JN.1.51,8
2024-02,JN.1.51.1,3
2024-02,JN.1.52,48
2024-02,JN.1.53,19
2024-02,JN.1.53.1,7
2024-02,JN.1.54,7
2024-02,JN.1.55,29
2024-02,JN.1.55.2,2
2024-02,JN.1.56,10
2024-02,JN.1.57,15
2024-02,JN.1.58,30
2024-02,JN.1.58.3,1
2024-02,JN.1.59,29
2024-02,JN.1.6,116
2024-02,JN.1.6.1,34
2024-02,JN.1.60,24
2024-02,JN.1.61,9
2024-02,JN.1.63,18
2024-02,JN.1.63.1,5
2024-02,JN.1.64,67
2024-02,JN.1.64.1,5
2024-02,JN.1.65,56
2024-02,JN.1.67,7
2024-02,JN.1.68,26
2024-02,JN.1.68.1,1
2024-02,JN.1.69,15
2024-02,JN.1.7,735
2024-02,JN.1.7.1,20
2024-02,JN.1.7.2,105
2024-02,JN.1.7.3,5
2024-02,JN.1.7.4,10
2024-02,JN.1.7.5,221
2024-02,JN.1.7.6,3
2024-02,JN.1.8,133
2024-02,JN.1.8.1,797
2024-02,JN.1.8.2,5
2024-02,JN.1.8.3,57
2024-02,JN.1.8.4,5
2024-02,JN.1.9,204
2024-02,JN.1.9.1,41
2024-02,JN.1.9.2,3
2024-02,JN.10,5
2024-02,JN.11,2
2024-02,JN.11.1,4
2024-02,JN.13,1
2024-02,JN.13.1,2
2024-02,JN.14,1
2024-02,JN.15,4
2024-02,JN.16,2
2024-02,JN.17,2
2024-02,JN.18,10
2024-02,JN.19,2
2024-02,JN.2,59
2024-02,JN.2.1,5
2024-02,JN.2.2,2
2024-02,JN.2.2.1,1
2024-02,JN.2.3,1
2024-02,JN.2.5,20
2024-02,JN.3,22
2024-02,JN.3.3,15
2024-02,JN.4,14
2024-02,JN.5,2
2024-02,JN.6,18
2024-02,JN.7,1
2024-02,JN.9,5
2024-02,JQ.1,4
2024-02,JQ.2.1,1
2024-02,JR.1.1,8
2024-02,KB.1,2
2024-02,KB.4,1
2024-02,KC.1,3
2024-02,KE.1,2
2024-02,KE.2,1
2024-02,KE.3,1
2024-02,KH.1,1
2024-02,KK.1,1
2024-02,KL.1,6
2024-02,KP.1,13
2024-02,KP.1.1,14
2024-02,KP.1.1.1,3
2024-02,KP.2,37
2024-02,KP.2.2,1
2024-02,KP.2.25,1
2024-02,KP.3,1
2024-02,KP.3.1,4
2024-02,KP.3.1.4,1
2024-02,KP.3.4,2
2024-02,KP.4,2
2024-02,KP.4.1,1
2024-02,KP.4.1.1,2
2024-02,KP.4.2,9
2024-02,KP.7,2
2024-02,KQ.1,181
2024-02,KR.1,6
2024-02,KS.1,3
2024-02,KS.2,1
2024-02,KT.1,52
2024-02,KT.1.1,29
2024-02,KT.1.2,45
2024-02,KU.1,3
2024-02,KU.2,4
2024-02,KU.2.2,3
2024-02,KV.1,1
2024-02,KV.2,148
2024-02,KW.1,18
2024-02,KW.1.1,1
2024-02,KY.1,9
2024-02,KZ.1,3
2024-02,KZ.1.1,5
2024-02,LA.1,3
2024-02,LB.1,2
2024-02,LC.1,5
2024-02,LE.1,9
2024-02,LE.1.1,2
2024-02,LE.1.2,1
2024-02,LF.1,5
2024-02,LF.1.1,5
2024-02,LF.4,3
2024-02,LK.1,1
2024-02,LL.1,3
2024-02,LM.1,2
2024-02,LQ.3,4
2024-02,MD.3,1
2024-02,MZ.2,1
2024-02,XBB.1.16,3
2024-02,XBB.1.16.11,7
2024-02,XBB.1.16.15,8
2024-02,XBB.1.16.6,5
2024-02,XBB.1.16.9,1
2024-02,XBB.1.19.1,1
2024-02,XBB.1.28,1
2024-02,XBB.1.5,7
2024-02,XBB.1.5.20,1
2024-02,XBB.1.5.28,1
2024-02,XBB.1.5.4,1
2024-02,XBB.2.3,3
2024-02,XBB.2.3.11,1
2024-02,XBB.2.3.2,1
2024-02,XBB.2.3.3,1
2024-02,XBC.1.3.1,1
2024-02,XCU,1
2024-02,XDA,7
2024-02,XDA.1,2
2024-02,XDD,61
2024-02,XDD.1,30
2024-02,XDD.1.1,12
2024-02,XDD.1.1.1,1
2024-02,XDD.2,1
2024-02,XDK,75
2024-02,XDK.1,3
2024-02,XDK.1.2,1
2024-02,XDK.2,2
2024-02,XDK.4,2
2024-02,XDL,1
2024-02,XDN,23
2024-02,XDP,100
2024-02,XDP.1,32
2024-02,XDP.3,8
2024-02,XDQ,2
2024-02,XDQ.1,1
2024-02,XDQ.2,1
2024-02,XDR,72
2024-02,XDR.1,1
2024-02,XDS,27
2024-02,XDT,15
2024-02,XDV,1
2024-02,XEB,13
2024-02,XEG,2
2024-02,unclassifiable,254
2024-03,B.1,1
2024-03,B.1.1.7,1
2024-03,BA.1.15.1,1
2024-03,BA.1.18,1
2024-03,BA.2,11
2024-03,BA.2.86,2
2024-03,BA.2.86.1,41
2024-03,BA.2.86.3,3
2024-03,BA.5.1.30,1
2024-03,BA.5.2.6,2
2024-03,BE.1.1,1
2024-03,BF.7,1
2024-03,BQ.1.1,2
2024-03,BQ.1.1.23,1
2024-03,EG.5.1.3,1
2024-03,EG.5.1.6,1
2024-03,FL.1.5.1,1
2024-03,FU.2.1,2
2024-03,FY.5.1,4
2024-03,FY.5.5,1
2024-03,GE.1.2.2,2
2024-03,GK.1.1,3
2024-03,GW.5.1.1,1
2024-03,HF.1,1
2024-03,HK.13,1
2024-03,HK.13.1,2
2024-03,HK.21,1
2024-03,HK.26,1
2024-03,HK.3,1
2024-03,HK.3.2,3
2024-03,HK.6,1
2024-03,HN.5,1
2024-03,HV.1,13
2024-03,HV.1.1,3
2024-03,JC.1,1
2024-03,JC.5.1,7
2024-03,JD.1.1,3
2024-03,JD.1.1.1,3
2024-03,JD.1.1.3,3
2024-03,JE.1,2
2024-03,JE.1.1.1,1
2024-03,JG.3,2
2024-03,JG.3.2,2
2024-03,JN.1,1853
2024-03,JN.1.1,110
2024-03,JN.1.1.1,8
2024-03,JN.1.1.2,1
2024-03,JN.1.1.3,11
2024-03,JN.1.1.5,4
2024-03,JN.1.1.6,7
2024-03,JN.1.1.8,3
2024-03,JN.1.1.9,1
2024-03,JN.1.10,5
2024-03,JN.1.11,17
2024-03,JN.1.11.1,76
2024-03,JN.1.11.2,5
2024-03,JN.1.12,1
2024-03,JN.1.13,7
2024-03,JN.1.13.1,194
2024-03,JN.1.14,3
2024-03,JN.1.15,8
2024-03,JN.1.15.1,1
2024-03,JN.1.16,54
2024-03,JN.1.16.1,32
2024-03,JN.1.16.2,4
2024-03,JN.1.16.3,2
2024-03,JN.1.17,4
2024-03,JN.1.18,180
2024-03,JN.1.18.1,3
2024-03,JN.1.18.2,25
2024-03,JN.1.18.3,8
2024-03,JN.1.18.5,1
2024-03,JN.1.18.9,1
2024-03,JN.1.19,52
2024-03,JN.1.2,31
2024-03,JN.1.20,19
2024-03,JN.1.21,11
2024-03,JN.1.22,49
2024-03,JN.1.23,6
2024-03,JN.1.23.1,2
2024-03,JN.1.24,3
2024-03,JN.1.24.1,3
2024-03,JN.1.25,1
2024-03,JN.1.25.1,3
2024-03,JN.1.26,8
2024-03,JN.1.27,8
2024-03,JN.1.28,6
2024-03,JN.1.28.1,2
2024-03,JN.1.29,7
2024-03,JN.1.29.1,3
2024-03,JN.1.3,16
2024-03,JN.1.30,7
2024-03,JN.1.30.1,9
2024-03,JN.1.31,21
2024-03,JN.1.32,148
2024-03,JN.1.32.1,56
2024-03,JN.1.34,13
2024-03,JN.1.35,1
2024-03,JN.1.36,2
2024-03,JN.1.37,5
2024-03,JN.1.38,14
2024-03,JN.1.38.1,9
2024-03,JN.1.39,128
2024-03,JN.1.39.1,4
2024-03,JN.1.39.2,6
2024-03,JN.1.39.3,17
2024-03,JN.1.4,1143
2024-03,JN.1.4.1,10
2024-03,JN.1.4.2,91
2024-03,JN.1.4.3,29
2024-03,JN.1.4.4,4
2024-03,JN.1.4.5,243
2024-03,JN.1.4.6,72
2024-03,JN.1.4.7,32
2024-03,JN.1.4.8,20
2024-03,JN.1.4.9,2
2024-03,JN.1.40,5
2024-03,JN.1.41,2
2024-03,JN.1.42,58
2024-03,JN.1.42.1,1
2024-03,JN.1.42.2,7
2024-03,JN.1.43,34
2024-03,JN.1.43.1,55
2024-03,JN.1.45,31
2024-03,JN.1.46,14
2024-03,JN.1.47,10
2024-03,JN.1.47.1,2
2024-03,JN.1.47.2,2
2024-03,JN.1.48,1
2024-03,JN.1.48.1,5
2024-03,JN.1.48.2,1
2024-03,JN.1.48.3,2
2024-03,JN.1.49,6
2024-03,JN.1.49.1,3
2024-03,JN.1.49.2,1
2024-03,JN.1.5,51
2024-03,JN.1.51,10
2024-03,JN.1.51.1,1
2024-03,JN.1.52,38
2024-03,JN.1.53,12
2024-03,JN.1.53.1,2
2024-03,JN.1.54,2
2024-03,JN.1.55,8
2024-03,JN.1.56,5
2024-03,JN.1.57,2
2024-03,JN.1.57.1,2
2024-03,JN.1.58,12
2024-03,JN.1.58.1,1
2024-03,JN.1.58.2,2
2024-03,JN.1.59,12
2024-03,JN.1.6,43
2024-03,JN.1.6.1,23
2024-03,JN.1.60,4
2024-03,JN.1.61,3
2024-03,JN.1.63,7
2024-03,JN.1.64,36
2024-03,JN.1.64.1,8
2024-03,JN.1.65,42
2024-03,JN.1.67,2
2024-03,JN.1.67.1,6
2024-03,JN.1.68,17
2024-03,JN.1.68.1,2
2024-03,JN.1.69,5
2024-03,JN.1.7,727
2024-03,JN.1.7.1,31
2024-03,JN.1.7.2,62
2024-03,JN.1.7.3,2
2024-03,JN.1.7.4,15
2024-03,JN.1.7.5,130
2024-03,JN.1.7.6,6
2024-03,JN.1.7.7,3
2024-03,JN.1.8,42
2024-03,JN.1.8.1,414
2024-03,JN.1.8.2,4
2024-03,JN.1.8.3,17
2024-03,JN.1.8.4,1
2024-03,JN.1.9,62
2024-03,JN.1.9.1,69
2024-03,JN.1.9.2,1
2024-03,JN.10,1
2024-03,JN.13,1
2024-03,JN.13.1,3
2024-03,JN.18,3
2024-03,JN.19,1
2024-03,JN.2,8
2024-03,JN.2.5,5
2024-03,JN.3,2
2024-03,JN.3.3,1
2024-03,JN.4,1
2024-03,JN.6,2
2024-03,JQ.2.1,4
2024-03,KE.1,1
2024-03,KP.1,19
2024-03,KP.1.1,66
2024-03,KP.1.1.1,17
2024-03,KP.1.1.2,1
2024-03,KP.1.1.3,7
2024-03,KP.1.2,2
2024-03,KP.2,165
2024-03,KP.2.1,10
2024-03,KP.2.11,7
2024-03,KP.2.15,1
2024-03,KP.2.16,11
2024-03,KP.2.2,15
2024-03,KP.2.20,1
2024-03,KP.2.23,1
2024-03,KP.2.25,3
2024-03,KP.2.25.3,1
2024-03,KP.2.27,1
2024-03,KP.2.3,21
2024-03,KP.2.3.11,2
2024-03,KP.2.4,1
2024-03,KP.2.5,3
2024-03,KP.2.7,1
2024-03,KP.2.9,2
2024-03,KP.3,2
2024-03,KP.3.1,19
2024-03,KP.3.1.4,10
2024-03,KP.3.1.6,3
2024-03,KP.3.2,4
2024-03,KP.3.2.3,2
2024-03,KP.3.2.4,1
2024-03,KP.4,5
2024-03,KP.4.1,30
2024-03,KP.4.1.1,2
2024-03,KP.4.2,11
2024-03,KP.4.2.1,2
2024-03,KP.5,6
2024-03,KP.6,2
2024-03,KP.7,1
2024-03,KQ.1,174
2024-03,KR.1,6
2024-03,KR.3,1
2024-03,KS.1,25
2024-03,KS.1.2,1
2024-03,KS.1.3,5
2024-03,KS.2,6
2024-03,KT.1,25
2024-03,KT.1.1,6
2024-03,KT.1.2,8
2024-03,KU.1,4
2024-03,KU.2,11
2024-03,KU.2.2,17
2024-03,KV.1,1
2024-03,KV.2,107
2024-03,KW.1,20
2024-03,KW.1.1,3
2024-03,KZ.1,2
2024-03,LA.1,28
2024-03,LA.2,19
2024-03,LB.1,12
2024-03,LB.1.3,1
2024-03,LB.1.4,1
2024-03,LB.1.7,3
2024-03,LC.1,6
2024-03,LD.1,2
2024-03,LE.1,1
2024-03,LE.1.1,7
2024-03,LE.1.2,4
2024-03,LE.2,1
2024-03,LF.1,33
2024-03,LF.1.1,5
2024-03,LF.3,2
2024-03,LF.4,5
2024-03,LL.1,6
2024-03,LQ.1,1
2024-03,LQ.1.1,1
2024-03,LQ.3,1
2024-03,LZ.5,7
2024-03,MB.1,1
2024-03,MC.1,1
2024-03,MD.1,1
2024-03,MD.2,1
2024-03,MZ.2,5
2024-03,NS.1,1
2024-03,XBB.1.16.11,2
2024-03,XBB.1.16.17,2
2024-03,XBB.1.16.30,1
2024-03,XBB.1.16.6,4
2024-03,XBB.1.5,2
2024-03,XBB.1.5.20,1
2024-03,XDD,12
2024-03,XDD.1,1
2024-03,XDD.1.1,2
2024-03,XDD.1.1.1,1
2024-03,XDK,80
2024-03,XDK.1,16
2024-03,XDK.1.2,2
2024-03,XDK.2,3
2024-03,XDN,10
2024-03,XDP,62
2024-03,XDP.1,35
2024-03,XDP.3,6
2024-03,XDQ,4
2024-03,XDQ.1,11
2024-03,XDR,24
2024-03,XDS,18
2024-03,XDV,1
2024-03,XDV.1,2
2024-03,XDV.1.11,2
2024-03,XDV.1.8,2
2024-03,XEB,4
2024-03,XEC,1
2024-03,XEG,2
2024-03,unclassifiable,120
2024-04,BA.2,5
2024-04,BA.2.86.1,14
2024-04,BA.5.1,2
2024-04,BQ.1.1,1
2024-04,EG.5.1.19,1
2024-04,EG.6.1,1
2024-04,FL.1.5.1,2
2024-04,GE.1.2.2,2
2024-04,GK.1.1,1
2024-04,GW.5.3.1,1
2024-04,HF.1,1
2024-04,HK.1,1
2024-04,HK.1.2,1
2024-04,HK.26,1
2024-04,HK.3.1,1
2024-04,HK.6,1
2024-04,HV.1,6
2024-04,HV.1.1,1
2024-04,JD.1.1.1,4
2024-04,JN.1,548
2024-04,JN.1.1,25
2024-04,JN.1.1.1,2
2024-04,JN.1.1.3,1
2024-04,JN.1.1.5,1
2024-04,JN.1.1.6,7
2024-04,JN.1.1.8,6
2024-04,JN.1.10,1
2024-04,JN.1.11,3
2024-04,JN.1.11.1,88
2024-04,JN.1.11.2,4
2024-04,JN.1.13,10
2024-04,JN.1.13.1,219
2024-04,JN.1.14,1
2024-04,JN.1.15,3
2024-04,JN.1.15.1,1
2024-04,JN.1.16,169
2024-04,JN.1.16.1,118
2024-04,JN.1.16.2,12
2024-04,JN.1.16.3,15
2024-04,JN.1.16.5,1
2024-04,JN.1.18,84
2024-04,JN.1.18.2,19
2024-04,JN.1.18.3,27
2024-04,JN.1.18.4,3
2024-04,JN.1.18.5,4
2024-04,JN.1.18.6,5
2024-04,JN.1.18.8,1
2024-04,JN.1.18.9,6
2024-04,JN.1.19,9
2024-04,JN.1.2,5
2024-04,JN.1.20,14
2024-04,JN.1.22,16
2024-04,JN.1.23,5
2024-04,JN.1.23.1,7
2024-04,JN.1.24.1,5
2024-04,JN.1.25.1,1
2024-04,JN.1.26,8
2024-04,JN.1.27,2
2024-04,JN.1.28,7
2024-04,JN.1.28.1,2
2024-04,JN.1.29,2
2024-04,JN.1.3,2
2024-04,JN.1.30,7
2024-04,JN.1.30.1,1
2024-04,JN.1.31,5
2024-04,JN.1.32,93
2024-04,JN.1.32.1,58
2024-04,JN.1.34,17
2024-04,JN.1.37,2
2024-04,JN.1.38,2
2024-04,JN.1.38.1,6
2024-04,JN.1.39,62
2024-04,JN.1.39.1,17
2024-04,JN.1.39.2,13
2024-04,JN.1.39.3,5
2024-04,JN.1.4,375
2024-04,JN.1.4.1,1
2024-04,JN.1.4.2,27
2024-04,JN.1.4.3,40
2024-04,JN.1.4.4,4
2024-04,JN.1.4.5,74
2024-04,JN.1.4.6,76
2024-04,JN.1.4.7,7
2024-04,JN.1.4.8,19
2024-04,JN.1.4.9,1
2024-04,JN.1.40,4
2024-04,JN.1.42,25
2024-04,JN.1.42.1,3
2024-04,JN.1.42.2,4
2024-04,JN.1.43,7
2024-04,JN.1.43.1,10
2024-04,JN.1.45,12
2024-04,JN.1.46,13
2024-04,JN.1.47,2
2024-04,JN.1.47.2,1
2024-04,JN.1.48,1
2024-04,JN.1.48.1,4
2024-04,JN.1.48.2,4
2024-04,JN.1.48.3,1
2024-04,JN.1.49,2
2024-04,JN.1.5,28
2024-04,JN.1.50,3
2024-04,JN.1.50.1,2
2024-04,JN.1.51,2
2024-04,JN.1.51.1,14
2024-04,JN.1.52,23
2024-04,JN.1.53,1
2024-04,JN.1.54,1
2024-04,JN.1.55,4
2024-04,JN.1.55.1,1
2024-04,JN.1.55.2,1
2024-04,JN.1.57.1,3
2024-04,JN.1.58,3
2024-04,JN.1.58.1,2
2024-04,JN.1.59,2
2024-04,JN.1.6,12
2024-04,JN.1.6.1,6
2024-04,JN.1.60,3
2024-04,JN.1.61,1
2024-04,JN.1.62,2
2024-04,JN.1.63,11
2024-04,JN.1.63.1,2
2024-04,JN.1.64,8
2024-04,JN.1.64.1,2
2024-04,JN.1.65,16
2024-04,JN.1.67,2
2024-04,JN.1.67.1,21
2024-04,JN.1.68,2
2024-04,JN.1.68.1,1
2024-04,JN.1.69,3
2024-04,JN.1.7,595
2024-04,JN.1.7.1,80
2024-04,JN.1.7.2,56
2024-04,JN.1.7.3,2
2024-04,JN.1.7.4,48
2024-04,JN.1.7.5,96
2024-04,JN.1.7.6,19
2024-04,JN.1.7.7,4
2024-04,JN.1.8,18
2024-04,JN.1.8.1,221
2024-04,JN.1.8.2,2
2024-04,JN.1.8.3,5
2024-04,JN.1.9,34
2024-04,JN.1.9.1,62
2024-04,JN.10,2
2024-04,JN.11,1
2024-04,JN.13.1,2
2024-04,JN.16,2
2024-04,JN.2,1
2024-04,JN.3.2,1
2024-04,JN.3.2.1,1
2024-04,JN.4,1
2024-04,JN.6,1
2024-04,JQ.2.1,6
2024-04,KP.1,26
2024-04,KP.1.1,99
2024-04,KP.1.1.1,99
2024-04,KP.1.1.2,3
2024-04,KP.1.1.3,11
2024-04,KP.1.1.6,2
2024-04,KP.1.2,6
2024-04,KP.2,490
2024-04,KP.2.1,14
2024-04,KP.2.10,5
2024-04,KP.2.11,37
2024-04,KP.2.13,2
2024-04,KP.2.14,1
2024-04,KP.2.15,2
2024-04,KP.2.16,38
2024-04,KP.2.2,47
2024-04,KP.2.23,3
2024-04,KP.2.25,12
2024-04,KP.2.25.3,10
2024-04,KP.2.27,5
2024-04,KP.2.3,78
2024-04,KP.2.3.1,3
2024-04,KP.2.3.11,4
2024-04,KP.2.3.15,1
2024-04,KP.2.3.2,1
2024-04,KP.2.3.3,1
2024-04,KP.2.3.5,6
2024-04,KP.2.3.7,1
2024-04,KP.2.4,3
2024-04,KP.2.5,7
2024-04,KP.2.6,9
2024-04,KP.2.7,3
2024-04,KP.2.8,10
2024-04,KP.2.9,3
2024-04,KP.3,28
2024-04,KP.3.1,121
2024-04,KP.3.1.10,3
2024-04,KP.3.1.2,2
2024-04,KP.3.1.3,1
2024-04,KP.3.1.4,52
2024-04,KP.3.1.5,1
2024-04,KP.3.1.6,14
2024-04,KP.3.2,57
2024-04,KP.3.2.2,1
2024-04,KP.3.2.3,7
2024-04,KP.3.2.4,46
2024-04,KP.3.2.5,1
2024-04,KP.3.3,12
2024-04,KP.3.3.2,1
2024-04,KP.3.3.3,2
2024-04,KP.3.4,1
2024-04,KP.3.5,1
2024-04,KP.4,4
2024-04,KP.4.1,77
2024-04,KP.4.1.1,5
2024-04,KP.4.1.2,2
2024-04,KP.4.2,22
2024-04,KP.4.2.1,9
2024-04,KP.5,21
2024-04,KP.6,1
2024-04,KQ.1,127
2024-04,KR.1,15
2024-04,KR.1.1,4
2024-04,KS.1,127
2024-04,KS.1.1,1
2024-04,KS.1.1.2,3
2024-04,KS.1.3,3
2024-04,KS.2,4
2024-04,KT.1,4
2024-04,KT.1.1,1
2024-04,KT.1.2,1
2024-04,KU.2,12
2024-04,KU.2.2,9
2024-04,KV.2,52
2024-04,KW.1,11
2024-04,KW.1.1,26
2024-04,KZ.1.1,1
2024-04,LA.1,59
2024-04,LA.2,30
2024-04,LB.1,41
2024-04,LB.1.2,6
2024-04,LB.1.2.1,2
2024-04,LB.1.3,14
2024-04,LB.1.3.2,7
2024-04,LB.1.3.5,7
2024-04,LB.1.4,7
2024-04,LB.1.4.1,1
2024-04,LB.1.6,1
2024-04,LB.1.7,36
2024-04,LB.1.7.3,2
2024-04,LD.1,3
2024-04,LE.1,12
2024-04,LE.1.1,9
2024-04,LE.1.2,7
2024-04,LE.1.3.1,1
2024-04,LE.2,1
2024-04,LF.1,35
2024-04,LF.1.1,2
2024-04,LF.1.1.1,6
2024-04,LF.2,1
2024-04,LF.3,1
2024-04,LF.3.1,1
2024-04,LF.3.1.1,3
2024-04,LF.4,23
2024-04,LF.5,2
2024-04,LF.6,1
2024-04,LF.9,1
2024-04,LF.9.1,1
2024-04,LH.1,2
2024-04,LH.2,2
2024-04,LJ.1,3
2024-04,LL.1,35
2024-04,LM.1,1
2024-04,LP.1,1
2024-04,LQ.1.1,1
2024-04,LR.1,1
2024-04,LT.1,3
2024-04,LU.1,1
2024-04,LU.2,2
2024-04,LW.1,1
2024-04,LY.2,1
2024-04,LZ.3,1
2024-04,LZ.4,1
2024-04,LZ.5,6
2024-04,MA.1.1,1
2024-04,MD.1,5
2024-04,MD.1.1,13
2024-04,MD.1.2,1
2024-04,MD.2,7
2024-04,MD.3.1.2,1
2024-04,MD.3.1.3,1
2024-04,MG.1,1
2024-04,MH.1,1
2024-04,MJ.2,1
2024-04,MJ.2.1,1
2024-04,MK.1,1
2024-04,MM.1,1
2024-04,MS.1,1
2024-04,MZ.2,36
2024-04,MZ.5,1
2024-04,NC.1,1
2024-04,NU.1,1
2024-04,XBB.1.16.11,1
2024-04,XBB.1.16.16,1
2024-04,XDD,2
2024-04,XDD.1.1,1
2024-04,XDD.1.1.1,2
2024-04,XDK,44
2024-04,XDK.1,72
2024-04,XDK.1.2,9
2024-04,XDK.2,1
2024-04,XDK.3,1
2024-04,XDK.4.1,1
2024-04,XDK.6,32
2024-04,XDP,42
2024-04,XDP.1,25
2024-04,XDP.2,1
2024-04,XDP.3,2
2024-04,XDQ,9
2024-04,XDQ.1,11
2024-04,XDQ.1.1,1
2024-04,XDR,9
2024-04,XDR.1,1
2024-04,XDS,5
2024-04,XDV,2
2024-04,XDV.1,23
2024-04,XDV.1.11,14
2024-04,XDV.1.12,2
2024-04,XDV.1.8,2
2024-04,XEB,2
2024-04,XED,1
2024-04,XEG,1
2024-04,unclassifiable,121
2024-05,BA.1.1,1
2024-05,BA.1.15,1
2024-05,BA.2,2
2024-05,BA.2.86,1
2024-05,BA.2.86.1,6
2024-05,BA.5,1
2024-05,BA.5.1.5,1
2024-05,BE.1.1,1
2024-05,BQ.1.8,1
2024-05,EG.5,1
2024-05,GE.1.2.2,1
2024-05,HF.1,1
2024-05,HV.1,1
2024-05,JN.1,133
2024-05,JN.1.1,4
2024-05,JN.1.1.1,9
2024-05,JN.1.1.5,11
2024-05,JN.1.1.6,4
2024-05,JN.1.1.8,6
2024-05,JN.1.11,7
2024-05,JN.1.11.1,72
2024-05,JN.1.13,7
2024-05,JN.1.13.1,114
2024-05,JN.1.15,2
2024-05,JN.1.16,138
2024-05,JN.1.16.1,210
2024-05,JN.1.16.2,7
2024-05,JN.1.16.3,17
2024-05,JN.1.16.5,1
2024-05,JN.1.18,41
2024-05,JN.1.18.1,5
2024-05,JN.1.18.2,25
2024-05,JN.1.18.3,82
2024-05,JN.1.18.4,22
2024-05,JN.1.18.5,15
2024-05,JN.1.18.6,10
2024-05,JN.1.18.8,1
2024-05,JN.1.18.9,1
2024-05,JN.1.19,4
2024-05,JN.1.2,4
2024-05,JN.1.20,4
2024-05,JN.1.22,2
2024-05,JN.1.23,3
2024-05,JN.1.23.1,2
2024-05,JN.1.24.1,7
2024-05,JN.1.25.1,2
2024-05,JN.1.26,4
2024-05,JN.1.28,3
2024-05,JN.1.28.1,1
2024-05,JN.1.3,6
2024-05,JN.1.30.1,2
2024-05,JN.1.31,2
2024-05,JN.1.32,31
2024-05,JN.1.32.1,36
2024-05,JN.1.34,16
2024-05,JN.1.37,4
2024-05,JN.1.38,1
2024-05,JN.1.38.1,1
2024-05,JN.1.39,28
2024-05,JN.1.39.1,14
2024-05,JN.1.39.2,9
2024-05,JN.1.39.3,2
2024-05,JN.1.4,128
2024-05,JN.1.4.2,5
2024-05,JN.1.4.3,15
2024-05,JN.1.4.4,6
2024-05,JN.1.4.5,18
2024-05,JN.1.4.6,36
2024-05,JN.1.4.7,2
2024-05,JN.1.4.8,10
2024-05,JN.1.4.9,3
2024-05,JN.1.40,5
2024-05,JN.1.42,10
2024-05,JN.1.42.2,1
2024-05,JN.1.43,3
2024-05,JN.1.43.1,1
2024-05,JN.1.44.1,3
2024-05,JN.1.45,3
2024-05,JN.1.46,2
2024-05,JN.1.48,2
2024-05,JN.1.48.1,32
2024-05,JN.1.48.2,1
2024-05,JN.1.48.3,5
2024-05,JN.1.49,3
2024-05,JN.1.49.2,1
2024-05,JN.1.5,2
2024-05,JN.1.50,35
2024-05,JN.1.50.1,25
2024-05,JN.1.50.2,8
2024-05,JN.1.51.1,12
2024-05,JN.1.52,7
2024-05,JN.1.54,6
2024-05,JN.1.54.1,1
2024-05,JN.1.55,1
2024-05,JN.1.55.1,4
2024-05,JN.1.56,2
2024-05,JN.1.57,2
2024-05,JN.1.57.1,1
2024-05,JN.1.58,2
2024-05,JN.1.58.1,2
2024-05,JN.1.59,2
2024-05,JN.1.59.1,2
2024-05,JN.1.6,2
2024-05,JN.1.6.1,1
2024-05,JN.1.62,8
2024-05,JN.1.63,2
2024-05,JN.1.64,3
2024-05,JN.1.64.1,5
2024-05,JN.1.65,3
2024-05,JN.1.65.1,11
2024-05,JN.1.67.1,35
2024-05,JN.1.68,2
2024-05,JN.1.68.1,1
2024-05,JN.1.7,398
2024-05,JN.1.7.1,58
2024-05,JN.1.7.2,60
2024-05,JN.1.7.3,9
2024-05,JN.1.7.4,37
2024-05,JN.1.7.5,64
2024-05,JN.1.7.6,49
2024-05,JN.1.7.7,2
2024-05,JN.1.7.8,2
2024-05,JN.1.8,4
2024-05,JN.1.8.1,92
2024-05,JN.1.8.2,2
2024-05,JN.1.8.3,4
2024-05,JN.1.9,2
2024-05,JN.1.9.1,13
2024-05,JN.10,1
2024-05,JN.13.1,1
2024-05,JN.2,1
2024-05,JN.2.2,2
2024-05,JN.6,1
2024-05,JQ.2.1,6
2024-05,JQ.2.1.1,2
2024-05,KP.1,32
2024-05,KP.1.1,227
2024-05,KP.1.1.1,231
2024-05,KP.1.1.2,15
2024-05,KP.1.1.3,85
2024-05,KP.1.1.4,4
2024-05,KP.1.1.5,15
2024-05,KP.1.1.6,2
2024-05,KP.1.2,30
2024-05,KP.2,835
2024-05,KP.2.1,22
2024-05,KP.2.10,6
2024-05,KP.2.11,6
2024-05,KP.2.14,7
2024-05,KP.2.15,23
2024-05,KP.2.16,88
2024-05,KP.2.18,1
2024-05,KP.2.19,2
2024-05,KP.2.2,244
2024-05,KP.2.2.1,4
2024-05,KP.2.2.2,2
2024-05,KP.2.20,12
2024-05,KP.2.23,23
2024-05,KP.2.24,2
2024-05,KP.2.25,4
2024-05,KP.2.25.2,1
2024-05,KP.2.25.3,5
2024-05,KP.2.27,10
2024-05,KP.2.3,397
2024-05,KP.2.3.1,3
2024-05,KP.2.3.11,13
2024-05,KP.2.3.12,3
2024-05,KP.2.3.14,3
2024-05,KP.2.3.15,6
2024-05,KP.2.3.2,2
2024-05,KP.2.3.3,7
2024-05,KP.2.3.5,18
2024-05,KP.2.3.6,2
2024-05,KP.2.3.7,8
2024-05,KP.2.3.8,2
2024-05,KP.2.3.9,4
2024-05,KP.2.4,9
2024-05,KP.2.5,6
2024-05,KP.2.6,13
2024-05,KP.2.7,15
2024-05,KP.2.8,34
2024-05,KP.2.9,4
2024-05,KP.3,143
2024-05,KP.3.1,408
2024-05,KP.3.1.1,32
2024-05,KP.3.1.10,5
2024-05,KP.3.1.12,3
2024-05,KP.3.1.2,12
2024-05,KP.3.1.4,189
2024-05,KP.3.1.5,19
2024-05,KP.3.1.6,40
2024-05,KP.3.1.7,8
2024-05,KP.3.1.8,3
2024-05,KP.3.2,221
2024-05,KP.3.2.1,4
2024-05,KP.3.2.2,26
2024-05,KP.3.2.3,58
2024-05,KP.3.2.4,164
2024-05,KP.3.2.5,22
2024-05,KP.3.2.9,1
2024-05,KP.3.3,154
2024-05,KP.3.3.1,1
2024-05,KP.3.3.10,2
2024-05,KP.3.3.2,3
2024-05,KP.3.3.3,7
2024-05,KP.3.3.4,4
2024-05,KP.3.3.7,2
2024-05,KP.3.4,5
2024-05,KP.3.4.1,3
2024-05,KP.3.5,32
2024-05,KP.4,25
2024-05,KP.4.1,82
2024-05,KP.4.1.1,2
2024-05,KP.4.1.2,8
2024-05,KP.4.1.3,4
2024-05,KP.4.2,17
2024-05,KP.4.2.1,14
2024-05,KP.4.2.2,5
2024-05,KP.4.2.5,1
2024-05,KP.5,25
2024-05,KP.6,1
2024-05,KQ.1,54
2024-05,KR.1,29
2024-05,KR.1.1,16
2024-05,KR.1.2,2
2024-05,KR.1.3,9
2024-05,KR.1.4,9
2024-05,KR.3,3
2024-05,KR.4.1,5
2024-05,KS.1,278
2024-05,KS.1.1,1
2024-05,KS.1.1.2,7
2024-05,KS.1.3,3
2024-05,KS.2,11
2024-05,KU.2,37
2024-05,KU.2.1,2
2024-05,KU.2.2,3
2024-05,KV.2,22
2024-05,KW.1,17
2024-05,KW.1.1,67
2024-05,KW.1.1.1,3
2024-05,KZ.1.1,1
2024-05,LA.1,93
2024-05,LA.2,6
2024-05,LB.1,131
2024-05,LB.1.1,2
2024-05,LB.1.2,41
2024-05,LB.1.2.1,6
2024-05,LB.1.2.3,1
2024-05,LB.1.3,104
2024-05,LB.1.3.1,5
2024-05,LB.1.3.2,35
2024-05,LB.1.3.3,1
2024-05,LB.1.3.5,23
2024-05,LB.1.4,42
2024-05,LB.1.4.1,4
2024-05,LB.1.4.3,1
2024-05,LB.1.5,5
2024-05,LB.1.6,2
2024-05,LB.1.7,174
2024-05,LB.1.7.1,2
2024-05,LB.1.7.2,7
2024-05,LB.1.7.3,7
2024-05,LB.1.7.4,2
2024-05,LB.1.8,13
2024-05,LD.1,13
2024-05,LE.1,6
2024-05,LE.1.1,7
2024-05,LE.1.2,9
2024-05,LE.1.3.1,4
2024-05,LF.1,64
2024-05,LF.1.1,6
2024-05,LF.1.1.1,29
2024-05,LF.2,4
2024-05,LF.3.1,9
2024-05,LF.3.1.1,56
2024-05,LF.3.1.2,5
2024-05,LF.4,16
2024-05,LF.4.1,11
2024-05,LF.5,11
2024-05,LF.6,2
2024-05,LF.8.1,1
2024-05,LF.9,8
2024-05,LF.9.1,1
2024-05,LH.1,5
2024-05,LH.2,2
2024-05,LJ.1,3
2024-05,LL.1,22
2024-05,LM.1,8
2024-05,LN.1.1,4
2024-05,LP.1,32
2024-05,LP.1.1,7
2024-05,LP.11,3
2024-05,LP.2,9
2024-05,LP.3,2
2024-05,LP.6,6
2024-05,LQ.1,2
2024-05,LQ.1.1,17
2024-05,LQ.1.1.1,1
2024-05,LQ.1.2,2
2024-05,LR.1,4
2024-05,LS.1,5
2024-05,LS.2.1,1
2024-05,LT.1,3
2024-05,LU.1,25
2024-05,LU.2,4
2024-05,LV.2,1
2024-05,LW.1,17
2024-05,LY.1,5
2024-05,LY.2,2
2024-05,LZ.1,5
2024-05,LZ.1.1,18
2024-05,LZ.2.2,2
2024-05,LZ.3,2
2024-05,LZ.5,3
2024-05,MA.1,2
2024-05,MA.1.2,8
2024-05,MC.11,2
2024-05,MC.13.1,1
2024-05,MC.16,2
2024-05,MC.24,2
2024-05,MD.1,2
2024-05,MD.1.1,7
2024-05,MD.2,11
2024-05,MD.3.1,7
2024-05,MD.3.1.1,1
2024-05,MD.3.1.2,4
2024-05,MD.3.1.3,6
2024-05,ME.1,1
2024-05,MF.1,7
2024-05,MF.2,3
2024-05,MG.1,3
2024-05,MH.1,5
2024-05,MJ.2,1
2024-05,MK.1,19
2024-05,MK.2,3
2024-05,ML.2,2
2024-05,MM.1,4
2024-05,MN.1,2
2024-05,MQ.2,2
2024-05,MS.1,9
2024-05,MU.1,1
2024-05,MU.2,11
2024-05,MZ.2,31
2024-05,MZ.5,2
2024-05,NC.2,3
2024-05,ND.1,1
2024-05,NL.4,1
2024-05,NR.1,1
2024-05,NS.1,1
2024-05,NS.2,1
2024-05,XBB.1.5,1
2024-05,XBB.1.5.66,1
2024-05,XBB.2.3.8,1
2024-05,XDD,1
2024-05,XDD.1,1
2024-05,XDD.3,2
2024-05,XDK,15
2024-05,XDK.1,78
2024-05,XDK.1.2,34
2024-05,XDK.3,4
2024-05,XDK.4.1,15
2024-05,XDK.5,15
2024-05,XDK.6,21
2024-05,XDP,21
2024-05,XDP.1,17
2024-05,XDP.3,3
2024-05,XDQ,3
2024-05,XDQ.1,17
2024-05,XDQ.1.1,1
2024-05,XDR,5
2024-05,XDR.1,1
2024-05,XDR.1.2,2
2024-05,XDS,2
2024-05,XDV,7
2024-05,XDV.1,47
2024-05,XDV.1.1,1
2024-05,XDV.1.11,14
2024-05,XDV.1.3,3
2024-05,XDV.1.4,1
2024-05,XDV.1.7,2
2024-05,XDV.1.8,4
2024-05,XDY,6
2024-05,XDZ,1
2024-05,XEB,2
2024-05,XED,2
2024-05,unclassifiable,201
2024-06,BA.1.1,3
2024-06,BA.2,2
2024-06,BA.2.12.1,1
2024-06,BA.2.86.1,2
2024-06,EG.5.1.1,1
2024-06,EG.5.1.6,1
2024-06,FL.15.1.1,1
2024-06,FL.3.3,1
2024-06,GS.4.1,1
2024-06,HF.1,1
2024-06,HK.6,2
2024-06,JN.1,53
2024-06,JN.1.1,3
2024-06,JN.1.1.5,6
2024-06,JN.1.1.6,3
2024-06,JN.1.1.8,14
2024-06,JN.1.11,10
2024-06,JN.1.11.1,63
2024-06,JN.1.11.2,5
2024-06,JN.1.13,4
2024-06,JN.1.13.1,43
2024-06,JN.1.15.1,3
2024-06,JN.1.16,74
2024-06,JN.1.16.1,230
2024-06,JN.1.16.2,1
2024-06,JN.1.16.3,23
2024-06,JN.1.16.4,1
2024-06,JN.1.16.5,1
2024-06,JN.1.18,18
2024-06,JN.1.18.2,15
2024-06,JN.1.18.3,31
2024-06,JN.1.18.4,42
2024-06,JN.1.18.5,16
2024-06,JN.1.18.6,13
2024-06,JN.1.18.8,2
2024-06,JN.1.18.9,2
2024-06,JN.1.19,1
2024-06,JN.1.20,3
2024-06,JN.1.23,5
2024-06,JN.1.23.1,1
2024-06,JN.1.24,1
2024-06,JN.1.24.1,2
2024-06,JN.1.26,1
2024-06,JN.1.28,4
2024-06,JN.1.28.1,2
2024-06,JN.1.3,1
2024-06,JN.1.32,23
2024-06,JN.1.32.1,2
2024-06,JN.1.34,9
2024-06,JN.1.37,4
2024-06,JN.1.38.1,1
2024-06,JN.1.39,13
2024-06,JN.1.39.1,23
2024-06,JN.1.39.2,4
2024-06,JN.1.4,36
2024-06,JN.1.4.1,2
2024-06,JN.1.4.2,1
2024-06,JN.1.4.3,13
2024-06,JN.1.4.4,5
2024-06,JN.1.4.5,12
2024-06,JN.1.4.6,8
2024-06,JN.1.4.8,15
2024-06,JN.1.4.9,2
2024-06,JN.1.40,15
2024-06,JN.1.42,7
2024-06,JN.1.42.2,1
2024-06,JN.1.43,1
2024-06,JN.1.43.1,1
2024-06,JN.1.46,1
2024-06,JN.1.48,1
2024-06,JN.1.48.1,40
2024-06,JN.1.48.3,18
2024-06,JN.1.49.3,2
2024-06,JN.1.5,2
2024-06,JN.1.50,57
2024-06,JN.1.50.1,32
2024-06,JN.1.50.2,21
2024-06,JN.1.51.1,10
2024-06,JN.1.52,2
2024-06,JN.1.54,1
2024-06,JN.1.55.1,5
2024-06,JN.1.58,1
2024-06,JN.1.58.2,1
2024-06,JN.1.59.1,4
2024-06,JN.1.6,1
2024-06,JN.1.6.1,1
2024-06,JN.1.62,1
2024-06,JN.1.64,7
2024-06,JN.1.64.1,2
2024-06,JN.1.65.1,38
2024-06,JN.1.67,1
2024-06,JN.1.67.1,30
2024-06,JN.1.7,145
2024-06,JN.1.7.1,20
2024-06,JN.1.7.2,12
2024-06,JN.1.7.3,12
2024-06,JN.1.7.4,40
2024-06,JN.1.7.5,12
2024-06,JN.1.7.6,9
2024-06,JN.1.7.7,5
2024-06,JN.1.7.8,17
2024-06,JN.1.7.9,7
2024-06,JN.1.8,1
2024-06,JN.1.8.1,18
2024-06,JN.1.8.3,2
2024-06,JN.1.9,2
2024-06,JN.1.9.1,7
2024-06,JN.1.9.2,2
2024-06,JN.6,1
2024-06,JN.7,1
2024-06,JQ.2.1.1,2
2024-06,KP.1,12
2024-06,KP.1.1,279
2024-06,KP.1.1.1,315
2024-06,KP.1.1.2,3
2024-06,KP.1.1.3,258
2024-06,KP.1.1.4,1
2024-06,KP.1.1.5,20
2024-06,KP.1.2,40
2024-06,KP.2,715
2024-06,KP.2.1,12
2024-06,KP.2.10,23
2024-06,KP.2.11,6
2024-06,KP.2.14,52
2024-06,KP.2.15,77
2024-06,KP.2.15.1,3
2024-06,KP.2.16,49
2024-06,KP.2.18,10
2024-06,KP.2.19,7
2024-06,KP.2.2,481
2024-06,KP.2.2.1,14
2024-06,KP.2.2.2,17
2024-06,KP.2.20,4
2024-06,KP.2.20.1,1
2024-06,KP.2.22,4
2024-06,KP.2.23,53
2024-06,KP.2.24,12
2024-06,KP.2.25,1
2024-06,KP.2.25.1,1
2024-06,KP.2.25.2,2
2024-06,KP.2.25.3,9
2024-06,KP.2.27,27
2024-06,KP.2.28,3
2024-06,KP.2.3,1180
2024-06,KP.2.3.1,3
2024-06,KP.2.3.10,2
2024-06,KP.2.3.11,11
2024-06,KP.2.3.12,4
2024-06,KP.2.3.13,3
2024-06,KP.2.3.14,10
2024-06,KP.2.3.15,15
2024-06,KP.2.3.2,14
2024-06,KP.2.3.3,35
2024-06,KP.2.3.4,7
2024-06,KP.2.3.5,41
2024-06,KP.2.3.6,14
2024-06,KP.2.3.7,30
2024-06,KP.2.3.8,24
2024-06,KP.2.3.9,10
2024-06,KP.2.4,8
2024-06,KP.2.5,16
2024-06,KP.2.6,11
2024-06,KP.2.6.1,12
2024-06,KP.2.6.2,2
2024-06,KP.2.6.3,7
2024-06,KP.2.7,8
2024-06,KP.2.8,43
2024-06,KP.2.9,14
2024-06,KP.3,449
2024-06,KP.3.1,1238
2024-06,KP.3.1.1,512
2024-06,KP.3.1.10,12
2024-06,KP.3.1.11,19
2024-06,KP.3.1.12,24
2024-06,KP.3.1.2,20
2024-06,KP.3.1.3,15
2024-06,KP.3.1.4,432
2024-06,KP.3.1.5,26
2024-06,KP.3.1.6,99
2024-06,KP.3.1.7,22
2024-06,KP.3.1.8,6
2024-06,KP.3.2,475
2024-06,KP.3.2.1,29
2024-06,KP.3.2.2,61
2024-06,KP.3.2.3,272
2024-06,KP.3.2.4,344
2024-06,KP.3.2.5,22
2024-06,KP.3.2.9,28
2024-06,KP.3.3,710
2024-06,KP.3.3.1,13
2024-06,KP.3.3.10,32
2024-06,KP.3.3.2,15
2024-06,KP.3.3.3,92
2024-06,KP.3.3.4,65
2024-06,KP.3.3.7,1
2024-06,KP.3.3.8,1
2024-06,KP.3.4,30
2024-06,KP.3.4.1,3
2024-06,KP.3.5,112
2024-06,KP.3.7,3
2024-06,KP.4,6
2024-06,KP.4.1,79
2024-06,KP.4.1.1,9
2024-06,KP.4.1.2,9
2024-06,KP.4.1.3,35
2024-06,KP.4.2,23
2024-06,KP.4.2.1,8
2024-06,KP.4.2.2,5
2024-06,KP.4.2.4,4
2024-06,KP.4.2.5,5
2024-06,KP.5,21
2024-06,KP.6,3
2024-06,KQ.1,22
2024-06,KR.1,34
2024-06,KR.1.1,15
2024-06,KR.1.3,5
2024-06,KR.1.4,10
2024-06,KR.3,3
2024-06,KR.4.1,1
2024-06,KR.5,2
2024-06,KS.1,234
2024-06,KS.1.1,11
2024-06,KS.1.1.2,63
2024-06,KS.1.2,2
2024-06,KS.1.3,21
2024-06,KS.1.4,15
2024-06,KS.2,1
2024-06,KU.2,11
2024-06,KU.2.1,5
2024-06,KU.2.2,8
2024-06,KV.2,9
2024-06,KW.1,1
2024-06,KW.1.1,73
2024-06,KZ.1.1,3
2024-06,LA.1,61
2024-06,LB.1,340
2024-06,LB.1.1,8
2024-06,LB.1.11,3
2024-06,LB.1.2,76
2024-06,LB.1.2.1,28
2024-06,LB.1.2.2,4
2024-06,LB.1.2.3,4
2024-06,LB.1.3,273
2024-06,LB.1.3.1,20
2024-06,LB.1.3.2,117
2024-06,LB.1.3.3,1
2024-06,LB.1.3.5,94
2024-06,LB.1.4,85
2024-06,LB.1.4.1,10
2024-06,LB.1.4.2,5
2024-06,LB.1.4.3,2
2024-06,LB.1.5,22
2024-06,LB.1.6,1
2024-06,LB.1.7,456
2024-06,LB.1.7.1,31
2024-06,LB.1.7.2,25
2024-06,LB.1.7.3,23
2024-06,LB.1.7.4,14
2024-06,LB.1.8,49
2024-06,LB.1.9,1
2024-06,LD.1,43
2024-06,LD.2,6
2024-06,LE.1,11
2024-06,LE.1.1,7
2024-06,LE.1.2,3
2024-06,LE.1.3,1
2024-06,LE.1.3.1,3
2024-06,LF.1,63
2024-06,LF.1.1,7
2024-06,LF.1.1.1,47
2024-06,LF.2,1
2024-06,LF.3,4
2024-06,LF.3.1,43
2024-06,LF.3.1.1,86
2024-06,LF.3.1.2,14
2024-06,LF.4,5
2024-06,LF.4.1,25
2024-06,LF.5,12
2024-06,LF.6,21
2024-06,LF.8.1,2
2024-06,LF.9,14
2024-06,LF.9.1,9
2024-06,LG.1,13
2024-06,LH.1,2
2024-06,LH.2,1
2024-06,LJ.1,1
2024-06,LK.1,1
2024-06,LK.2.1,6
2024-06,LL.1,9
2024-06,LN.1.1,4
2024-06,LP.1,219
2024-06,LP.1.1,28
2024-06,LP.1.2,14
2024-06,LP.10.1,3
2024-06,LP.11,9
2024-06,LP.3,8
2024-06,LP.4,8
2024-06,LP.5,1
2024-06,LP.6,17
2024-06,LP.7,5
2024-06,LQ.1,1
2024-06,LQ.1.1,55
2024-06,LQ.1.2,23
2024-06,LQ.3,1
2024-06,LR.1,2
2024-06,LR.3,1
2024-06,LS.1,14
2024-06,LS.2.1,1
2024-06,LU.1,20
2024-06,LU.2,10
2024-06,LU.2.1.1,6
2024-06,LW.1,84
2024-06,LW.1.1,1
2024-06,LY.1,6
2024-06,LZ.1,10
2024-06,LZ.1.1,31
2024-06,LZ.2.1,2
2024-06,LZ.2.2,2
2024-06,LZ.3,3
2024-06,MA.1,12
2024-06,MA.1.1,2
2024-06,MA.1.1.1,1
2024-06,MA.1.2,45
2024-06,MB.1.1,1
2024-06,MB.1.1.1,1
2024-06,MB.1.1.2,9
2024-06,MB.1.1.3,2
2024-06,MC.1,2
2024-06,MC.1.4,2
2024-06,MC.10,11
2024-06,MC.11,15
2024-06,MC.11.1,2
2024-06,MC.11.2,30
2024-06,MC.11.3,5
2024-06,MC.13,35
2024-06,MC.13.1,5
2024-06,MC.14,3
2024-06,MC.15,1
2024-06,MC.16,79
2024-06,MC.17,1
2024-06,MC.19,3
2024-06,MC.2,9
2024-06,MC.2.1,1
2024-06,MC.22,1
2024-06,MC.24,20
2024-06,MC.24.2,1
2024-06,MC.26,4
2024-06,MC.28,11
2024-06,MC.3,2
2024-06,MC.30,2
2024-06,MC.33,1
2024-06,MC.35,13
2024-06,MC.36,5
2024-06,MC.42,2
2024-06,MC.43,4
2024-06,MC.44,6
2024-06,MC.45,8
2024-06,MC.46,3
2024-06,MC.5,2
2024-06,MC.6,21
2024-06,MC.7,2
2024-06,MC.8,3
2024-06,MC.8.1,6
2024-06,MC.9,10
2024-06,MD.1,6
2024-06,MD.1.1,10
2024-06,MD.1.2,1
2024-06,MD.2,4
2024-06,MD.3,1
2024-06,MD.3.1,5
2024-06,MD.3.1.1,1
2024-06,MD.3.1.2,7
2024-06,MD.3.1.3,6
2024-06,MD.3.1.4,3
2024-06,MD.4,1
2024-06,MD.4.1,1
2024-06,ME.1,4
2024-06,MF.1,20
2024-06,MF.2,3
2024-06,MG.1,5
2024-06,MG.2,7
2024-06,MG.4,5
2024-06,MH.1,27
2024-06,MJ.1,1
2024-06,MJ.2.1,1
2024-06,MJ.2.1.1,2
2024-06,MK.1,77
2024-06,MK.2,14
2024-06,MK.3,6
2024-06,ML.1,4
2024-06,ML.2,12
2024-06,MM.1,13
2024-06,MM.2,4
2024-06,MN.1,13
2024-06,MQ.2,1
2024-06,MS.1,35
2024-06,MT.1,2
2024-06,MU.1,32
2024-06,MU.2,47
2024-06,MU.5,1
2024-06,MW.1,5
2024-06,MZ.1,1
2024-06,MZ.2,25
2024-06,NA.1,1
2024-06,NC.1,3
2024-06,NC.2,11
2024-06,ND.1,1
2024-06,NL.2,1
2024-06,NL.22,2
2024-06,NL.3,1
2024-06,NL.4,2
2024-06,NL.8,1
2024-06,NM.1,7
2024-06,NM.2,4
2024-06,NN.2,2
2024-06,NR.1,9
2024-06,NS.1,2
2024-06,NS.1.1,3
2024-06,NS.3,2
2024-06,NU.1,3
2024-06,XBB.1.5.20,2
2024-06,XBB.1.5.91,1
2024-06,XDD,1
2024-06,XDD.3,3
2024-06,XDK,7
2024-06,XDK.1,16
2024-06,XDK.1.2,24
2024-06,XDK.3,6
2024-06,XDK.4.1,25
2024-06,XDK.5,24
2024-06,XDK.6,1
2024-06,XDP,3
2024-06,XDP.1,9
2024-06,XDP.3,1
2024-06,XDQ.1,2
2024-06,XDQ.1.1,3
2024-06,XDR,1
2024-06,XDR.1.1,1
2024-06,XDR.1.2,2
2024-06,XDS,1
2024-06,XDV.1,61
2024-06,XDV.1.11,5
2024-06,XDV.1.12,5
2024-06,XDV.1.3,2
2024-06,XDV.1.7,5
2024-06,XDV.1.8,4
2024-06,XDV.1.9,3
2024-06,XDY,11
2024-06,XDY.6,1
2024-06,XEC,1
2024-06,XED,16
2024-06,XEE,5
2024-06,XEF,1
2024-06,unclassifiable,294
2024-07,BA.2,1
2024-07,BA.2.86.1,3
2024-07,BQ.1.3.2,1
2024-07,EG.5.1,1
2024-07,EG.5.1.16,1
2024-07,EG.5.1.3,1
2024-07,HV.1,4
2024-07,HW.1.1,1
2024-07,HZ.1,1
2024-07,JG.3,1
2024-07,JG.3.2,1
2024-07,JN.1,19
2024-07,JN.1.1,1
2024-07,JN.1.1.3,1
2024-07,JN.1.1.5,1
2024-07,JN.1.1.8,4
2024-07,JN.1.11,12
2024-07,JN.1.11.1,60
2024-07,JN.1.11.2,2
2024-07,JN.1.13,1
2024-07,JN.1.13.1,24
2024-07,JN.1.15,1
2024-07,JN.1.15.1,5
2024-07,JN.1.16,47
2024-07,JN.1.16.1,169
2024-07,JN.1.16.3,22
2024-07,JN.1.16.4,1
2024-07,JN.1.16.5,1
2024-07,JN.1.18,10
2024-07,JN.1.18.1,1
2024-07,JN.1.18.2,11
2024-07,JN.1.18.3,21
2024-07,JN.1.18.4,19
2024-07,JN.1.18.5,16
2024-07,JN.1.18.6,18
2024-07,JN.1.18.7,1
2024-07,JN.1.18.8,1
2024-07,JN.1.18.9,2
2024-07,JN.1.24.1,2
2024-07,JN.1.26,1
2024-07,JN.1.28.1,1
2024-07,JN.1.29.1,1
2024-07,JN.1.32,27
2024-07,JN.1.37,1
2024-07,JN.1.39,4
2024-07,JN.1.39.1,2
2024-07,JN.1.39.3,1
2024-07,JN.1.4,29
2024-07,JN.1.4.3,1
2024-07,JN.1.4.4,5
2024-07,JN.1.4.5,3
2024-07,JN.1.4.6,2
2024-07,JN.1.4.8,5
2024-07,JN.1.40,13
2024-07,JN.1.42,1
2024-07,JN.1.48,2
2024-07,JN.1.48.1,21
2024-07,JN.1.48.3,26
2024-07,JN.1.5,1
2024-07,JN.1.50,46
2024-07,JN.1.50.1,17
2024-07,JN.1.50.2,14
2024-07,JN.1.51.1,2
2024-07,JN.1.55,1
2024-07,JN.1.55.1,4
2024-07,JN.1.59.1,6
2024-07,JN.1.62,3
2024-07,JN.1.65,1
2024-07,JN.1.65.1,40
2024-07,JN.1.67.1,20
2024-07,JN.1.68,1
2024-07,JN.1.7,29
2024-07,JN.1.7.1,1
2024-07,JN.1.7.2,1
2024-07,JN.1.7.3,1
2024-07,JN.1.7.4,23
2024-07,JN.1.7.5,5
2024-07,JN.1.7.6,1
2024-07,JN.1.7.8,23
2024-07,JN.1.7.9,6
2024-07,JN.1.8.1,5
2024-07,JN.1.9,1
2024-07,JN.1.9.2,1
2024-07,JQ.2.1.1,1
2024-07,KP.1,8
2024-07,KP.1.1,166
2024-07,KP.1.1.1,230
2024-07,KP.1.1.3,438
2024-07,KP.1.1.4,1
2024-07,KP.1.1.5,27
2024-07,KP.1.1.6,1
2024-07,KP.1.2,28
2024-07,KP.2,387
2024-07,KP.2.1,12
2024-07,KP.2.10,18
2024-07,KP.2.11,2
2024-07,KP.2.14,63
2024-07,KP.2.14.2,2
2024-07,KP.2.15,140
2024-07,KP.2.15.1,8
2024-07,KP.2.16,31
2024-07,KP.2.18,3
2024-07,KP.2.19,64
2024-07,KP.2.2,581
2024-07,KP.2.2.1,20
2024-07,KP.2.2.2,13
2024-07,KP.2.20,1
2024-07,KP.2.20.1,1
2024-07,KP.2.22,2
2024-07,KP.2.23,31
2024-07,KP.2.24,15
2024-07,KP.2.25,9
2024-07,KP.2.25.1,2
2024-07,KP.2.25.2,6
2024-07,KP.2.25.3,2
2024-07,KP.2.26,1
2024-07,KP.2.27,27
2024-07,KP.2.28,8
2024-07,KP.2.3,2139
2024-07,KP.2.3.1,4
2024-07,KP.2.3.10,6
2024-07,KP.2.3.11,13
2024-07,KP.2.3.12,22
2024-07,KP.2.3.13,17
2024-07,KP.2.3.14,22
2024-07,KP.2.3.15,32
2024-07,KP.2.3.2,15
2024-07,KP.2.3.3,74
2024-07,KP.2.3.4,16
2024-07,KP.2.3.5,35
2024-07,KP.2.3.6,19
2024-07,KP.2.3.7,39
2024-07,KP.2.3.8,42
2024-07,KP.2.3.9,11
2024-07,KP.2.4,4
2024-07,KP.2.5,28
2024-07,KP.2.6,20
2024-07,KP.2.6.1,26
2024-07,KP.2.6.2,20
2024-07,KP.2.6.3,2
2024-07,KP.2.7,5
2024-07,KP.2.8,17
2024-07,KP.2.9,18
2024-07,KP.3,427
2024-07,KP.3.1,1150
2024-07,KP.3.1.1,2625
2024-07,KP.3.1.10,27
2024-07,KP.3.1.11,18
2024-07,KP.3.1.12,21
2024-07,KP.3.1.2,7
2024-07,KP.3.1.3,26
2024-07,KP.3.1.4,242
2024-07,KP.3.1.5,30
2024-07,KP.3.1.6,87
2024-07,KP.3.1.7,24
2024-07,KP.3.1.8,6
2024-07,KP.3.1.9,3
2024-07,KP.3.2,345
2024-07,KP.3.2.1,48
2024-07,KP.3.2.2,78
2024-07,KP.3.2.3,423
2024-07,KP.3.2.4,182
2024-07,KP.3.2.5,41
2024-07,KP.3.2.8,2
2024-07,KP.3.2.9,14
2024-07,KP.3.3,1105
2024-07,KP.3.3.1,96
2024-07,KP.3.3.10,30
2024-07,KP.3.3.2,75
2024-07,KP.3.3.3,154
2024-07,KP.3.3.4,125
2024-07,KP.3.3.7,7
2024-07,KP.3.3.8,3
2024-07,KP.3.4,29
2024-07,KP.3.4.1,1
2024-07,KP.3.5,140
2024-07,KP.3.7,8
2024-07,KP.4,13
2024-07,KP.4.1,62
2024-07,KP.4.1.1,4
2024-07,KP.4.1.2,22
2024-07,KP.4.1.3,41
2024-07,KP.4.2,12
2024-07,KP.4.2.1,2
2024-07,KP.4.2.2,2
2024-07,KP.4.2.4,10
2024-07,KP.4.2.5,7
2024-07,KP.4.2.6,2
2024-07,KP.5,7
2024-07,KP.6,1
2024-07,KQ.1,11
2024-07,KR.1,9
2024-07,KR.1.1,17
2024-07,KR.1.3,2
2024-07,KR.1.4,14
2024-07,KR.3,2
2024-07,KR.4.1,3
2024-07,KS.1,129
2024-07,KS.1.1,22
2024-07,KS.1.1.1,3
2024-07,KS.1.1.2,140
2024-07,KS.1.3,24
2024-07,KS.1.4,13
2024-07,KS.1.5,1
2024-07,KS.2,1
2024-07,KU.2,2
2024-07,KU.2.1,1
2024-07,KU.2.2,5
2024-07,KV.2,1
2024-07,KW.1,3
2024-07,KW.1.1,38
2024-07,KW.1.1.1,4
2024-07,LA.1,33
2024-07,LB.1,504
2024-07,LB.1.1,22
2024-07,LB.1.10,2
2024-07,LB.1.11,11
2024-07,LB.1.2,83
2024-07,LB.1.2.1,81
2024-07,LB.1.2.2,34
2024-07,LB.1.2.3,13
2024-07,LB.1.3,379
2024-07,LB.1.3.1,52
2024-07,LB.1.3.2,176
2024-07,LB.1.3.3,9
2024-07,LB.1.3.5,159
2024-07,LB.1.4,88
2024-07,LB.1.4.1,24
2024-07,LB.1.4.2,14
2024-07,LB.1.4.3,11
2024-07,LB.1.5,29
2024-07,LB.1.7,810
2024-07,LB.1.7.1,39
2024-07,LB.1.7.2,49
2024-07,LB.1.7.3,12
2024-07,LB.1.7.4,37
2024-07,LB.1.8,72
2024-07,LB.1.9,1
2024-07,LD.1,59
2024-07,LD.1.1,2
2024-07,LD.2,4
2024-07,LE.1,5
2024-07,LE.1.1,3
2024-07,LE.1.2,3
2024-07,LE.1.3,1
2024-07,LE.1.3.1,3
2024-07,LF.1,22
2024-07,LF.1.1,1
2024-07,LF.1.1.1,45
2024-07,LF.10,2
2024-07,LF.2,8
2024-07,LF.3,1
2024-07,LF.3.1,51
2024-07,LF.3.1.1,108
2024-07,LF.3.1.2,36
2024-07,LF.4,1
2024-07,LF.4.1,22
2024-07,LF.5,14
2024-07,LF.6,15
2024-07,LF.7.1,1
2024-07,LF.7.2,1
2024-07,LF.8,1
2024-07,LF.9,26
2024-07,LF.9.1,10
2024-07,LG.1,8
2024-07,LK.2.1,3
2024-07,LL.1,2
2024-07,LP.1,334
2024-07,LP.1.1,21
2024-07,LP.1.2,27
2024-07,LP.1.2.1,5
2024-07,LP.10.1,2
2024-07,LP.10.1.1,2
2024-07,LP.11,6
2024-07,LP.2,1
2024-07,LP.3,3
2024-07,LP.4,20
2024-07,LP.5,5
2024-07,LP.6,31
2024-07,LP.7,27
2024-07,LQ.1.1,33
2024-07,LQ.1.1.1,4
2024-07,LQ.1.2,17
2024-07,LQ.3,3
2024-07,LR.1,3
2024-07,LR.2,1
2024-07,LR.3,1
2024-07,LS.1,4
2024-07,LU.1,7
2024-07,LU.2,15
2024-07,LU.2.1.1,7
2024-07,LU.2.2,1
2024-07,LW.1,121
2024-07,LW.1.1,1
2024-07,LW.1.2,1
2024-07,LY.1,50
2024-07,LY.2,1
2024-07,LZ.1,9
2024-07,LZ.1.1,25
2024-07,LZ.2.1,5
2024-07,LZ.2.1.2,1
2024-07,LZ.2.2,2
2024-07,LZ.3,1
2024-07,MA.1,35
2024-07,MA.1.1,1
2024-07,MA.1.1.1,1
2024-07,MA.1.2,38
2024-07,MB.1.1,3
2024-07,MB.1.1.1,12
2024-07,MB.1.1.2,6
2024-07,MB.1.1.3,11
2024-07,MC.1,42
2024-07,MC.1.1,2
2024-07,MC.1.4,9
2024-07,MC.1.5,2
2024-07,MC.1.6,1
2024-07,MC.10,51
2024-07,MC.10.1,2
2024-07,MC.11,96
2024-07,MC.11.1,14
2024-07,MC.11.2,45
2024-07,MC.11.3,5
2024-07,MC.12,3
2024-07,MC.13,183
2024-07,MC.13.1,25
2024-07,MC.13.4,2
2024-07,MC.14,10
2024-07,MC.15,8
2024-07,MC.16,283
2024-07,MC.17,1
2024-07,MC.18,1
2024-07,MC.19,29
2024-07,MC.2,62
2024-07,MC.2.1,23
2024-07,MC.21,4
2024-07,MC.21.1,1
2024-07,MC.22,8
2024-07,MC.23,5
2024-07,MC.24,168
2024-07,MC.24.2,1
2024-07,MC.26,20
2024-07,MC.26.1,1
2024-07,MC.27,2
2024-07,MC.28,46
2024-07,MC.29,12
2024-07,MC.3,12
2024-07,MC.30,25
2024-07,MC.32,1
2024-07,MC.33,1
2024-07,MC.35,55
2024-07,MC.36,33
2024-07,MC.36.1,3
2024-07,MC.36.2,5
2024-07,MC.39,2
2024-07,MC.4,12
2024-07,MC.40,6
2024-07,MC.42,7
2024-07,MC.43,16
2024-07,MC.44,25
2024-07,MC.45,53
2024-07,MC.46,3
2024-07,MC.5,15
2024-07,MC.6,149
2024-07,MC.6.1,2
2024-07,MC.7,2
2024-07,MC.8,16
2024-07,MC.8.1,21
2024-07,MC.9,31
2024-07,MC.9.1,4
2024-07,MD.1,6
2024-07,MD.1.1,2
2024-07,MD.1.2,1
2024-07,MD.3.1,4
2024-07,MD.3.1.2,2
2024-07,MD.3.1.3,17
2024-07,MD.3.1.4,1
2024-07,MF.1,20
2024-07,MF.2,13
2024-07,MG.1,11
2024-07,MG.2,13
2024-07,MG.4,17
2024-07,MH.1,29
2024-07,MJ.1,3
2024-07,MJ.2.1.1,1
2024-07,MK.1,104
2024-07,MK.2,15
2024-07,MK.3,24
2024-07,ML.1,5
2024-07,ML.2,38
2024-07,MM.1,18
2024-07,MM.2,2
2024-07,MN.1,1
2024-07,MQ.1,5
2024-07,MQ.2,6
2024-07,MR.1,11
2024-07,MS.1,25
2024-07,MT.1,2
2024-07,MU.1,63
2024-07,MU.2,92
2024-07,MU.2.1,16
2024-07,MV.1,1
2024-07,MW.1,27
2024-07,MZ.2,19
2024-07,MZ.3,2
2024-07,NA.1,7
2024-07,NC.1.1,1
2024-07,NC.2,12
2024-07,ND.1,4
2024-07,NH.4,8
2024-07,NK.1,3
2024-07,NL.1,1
2024-07,NL.10,3
2024-07,NL.11,3
2024-07,NL.12,2
2024-07,NL.14,2
2024-07,NL.15,1
2024-07,NL.18,1
2024-07,NL.2,5
2024-07,NL.3,2
2024-07,NL.4,12
2024-07,NL.6,1
2024-07,NL.7,1
2024-07,NM.1,16
2024-07,NM.2,5
2024-07,NN.1,5
2024-07,NN.1.1,1
2024-07,NN.2,3
2024-07,NP.2,1
2024-07,NR.1,14
2024-07,NS.2,3
2024-07,NS.3,1
2024-07,NU.1,3
2024-07,NV.1,3
2024-07,PK.1,2
2024-07,XBB.1,1
2024-07,XBB.1.5,2
2024-07,XDK,2
2024-07,XDK.1,5
2024-07,XDK.1.2,17
2024-07,XDK.3,3
2024-07,XDK.4.1,14
2024-07,XDK.5,13
2024-07,XDK.6,1
2024-07,XDP,5
2024-07,XDP.1,1
2024-07,XDQ,1
2024-07,XDQ.1.1,1
2024-07,XDR.1,4
2024-07,XDR.1.1,2
2024-07,XDV,1
2024-07,XDV.1,62
2024-07,XDV.1.1,5
2024-07,XDV.1.11,5
2024-07,XDV.1.3,1
2024-07,XDV.1.4,4
2024-07,XDV.1.6,1
2024-07,XDV.1.7,2
2024-07,XDV.1.7.2,2
2024-07,XDV.1.8,1
2024-07,XDV.1.9,3
2024-07,XDY,28
2024-07,XDY.1.1,1
2024-07,XDY.5,3
2024-07,XDY.8,6
2024-07,XDY.9,4
2024-07,XEC,22
2024-07,XEC.1,1
2024-07,XEC.2.2,1
2024-07,XEC.9,1
2024-07,XED,15
2024-07,XEE,16
2024-07,XEF,1
2024-07,XEH,7
2024-07,XEJ,2
2024-07,XEJ.1,3
2024-07,XEK.3,1
2024-07,XEL,2
2024-07,XEL.3,1
2024-07,XEL.5,2
2024-07,XES,1
2024-07,unclassifiable,246
2024-08,BA.2,2
2024-08,BA.2.86.1,1
2024-08,EG.5.1.1,1
2024-08,GJ.1.2,1
2024-08,HV.1,2
2024-08,JG.3,1
2024-08,JG.3.2,1
2024-08,JN.1,9
2024-08,JN.1.1.5,3
2024-08,JN.1.11,9
2024-08,JN.1.11.1,66
2024-08,JN.1.13,5
2024-08,JN.1.13.1,1
2024-08,JN.1.16,25
2024-08,JN.1.16.1,103
2024-08,JN.1.16.3,6
2024-08,JN.1.16.4,4
2024-08,JN.1.16.5,5
2024-08,JN.1.18,5
2024-08,JN.1.18.2,5
2024-08,JN.1.18.3,5
2024-08,JN.1.18.4,3
2024-08,JN.1.18.5,2
2024-08,JN.1.18.6,7
2024-08,JN.1.18.9,2
2024-08,JN.1.32,11
2024-08,JN.1.39,1
2024-08,JN.1.39.1,2
2024-08,JN.1.39.2,1
2024-08,JN.1.4,17
2024-08,JN.1.4.4,2
2024-08,JN.1.4.5,4
2024-08,JN.1.4.8,1
2024-08,JN.1.40,2
2024-08,JN.1.42,1
2024-08,JN.1.48,2
2024-08,JN.1.48.1,11
2024-08,JN.1.48.3,15
2024-08,JN.1.49.3,1
2024-08,JN.1.50,7
2024-08,JN.1.50.1,2
2024-08,JN.1.50.2,9
2024-08,JN.1.51.1,1
2024-08,JN.1.55.1,1
2024-08,JN.1.58.2,1
2024-08,JN.1.59.1,5
2024-08,JN.1.6.1,1
2024-08,JN.1.65,1
2024-08,JN.1.65.1,6
2024-08,JN.1.67,1
2024-08,JN.1.67.1,17
2024-08,JN.1.7,11
2024-08,JN.1.7.3,3
2024-08,JN.1.7.4,10
2024-08,JN.1.7.8,11
2024-08,JN.1.7.9,1
2024-08,JN.1.8.1,2
2024-08,JN.1.9.2,3
2024-08,JQ.2.1.1,1
2024-08,KB.1,1
2024-08,KP.1,2
2024-08,KP.1.1,70
2024-08,KP.1.1.1,99
2024-08,KP.1.1.3,388
2024-08,KP.1.1.5,19
2024-08,KP.1.1.6,1
2024-08,KP.1.2,7
2024-08,KP.2,213
2024-08,KP.2.1,5
2024-08,KP.2.10,13
2024-08,KP.2.11,1
2024-08,KP.2.12,1
2024-08,KP.2.14,61
2024-08,KP.2.14.1,8
2024-08,KP.2.14.2,6
2024-08,KP.2.15,98
2024-08,KP.2.15.1,20
2024-08,KP.2.16,8
2024-08,KP.2.18,2
2024-08,KP.2.19,82
2024-08,KP.2.2,353
2024-08,KP.2.2.1,21
2024-08,KP.2.2.2,6
2024-08,KP.2.22,2
2024-08,KP.2.23,9
2024-08,KP.2.24,19
2024-08,KP.2.25,2
2024-08,KP.2.25.1,1
2024-08,KP.2.25.2,7
2024-08,KP.2.25.3,1
2024-08,KP.2.26,1
2024-08,KP.2.27,12
2024-08,KP.2.28,18
2024-08,KP.2.3,1797
2024-08,KP.2.3.1,3
2024-08,KP.2.3.10,4
2024-08,KP.2.3.11,17
2024-08,KP.2.3.12,14
2024-08,KP.2.3.13,10
2024-08,KP.2.3.14,20
2024-08,KP.2.3.15,22
2024-08,KP.2.3.2,5
2024-08,KP.2.3.3,66
2024-08,KP.2.3.4,29
2024-08,KP.2.3.5,28
2024-08,KP.2.3.6,30
2024-08,KP.2.3.7,18
2024-08,KP.2.3.8,46
2024-08,KP.2.3.9,12
2024-08,KP.2.4,1
2024-08,KP.2.5,21
2024-08,KP.2.6,17
2024-08,KP.2.6.1,18
2024-08,KP.2.6.2,6
2024-08,KP.2.6.3,1
2024-08,KP.2.7,1
2024-08,KP.2.8,4
2024-08,KP.2.9,4
2024-08,KP.3,184
2024-08,KP.3.1,563
2024-08,KP.3.1.1,3377
2024-08,KP.3.1.10,18
2024-08,KP.3.1.11,5
2024-08,KP.3.1.12,22
2024-08,KP.3.1.2,2
2024-08,KP.3.1.3,11
2024-08,KP.3.1.4,85
2024-08,KP.3.1.5,3
2024-08,KP.3.1.6,33
2024-08,KP.3.1.7,11
2024-08,KP.3.1.8,10
2024-08,KP.3.1.9,1
2024-08,KP.3.2,129
2024-08,KP.3.2.1,39
2024-08,KP.3.2.2,12
2024-08,KP.3.2.3,221
2024-08,KP.3.2.4,45
2024-08,KP.3.2.5,35
2024-08,KP.3.2.6,2
2024-08,KP.3.2.7,3
2024-08,KP.3.2.8,8
2024-08,KP.3.2.9,2
2024-08,KP.3.3,555
2024-08,KP.3.3.1,89
2024-08,KP.3.3.10,23
2024-08,KP.3.3.2,60
2024-08,KP.3.3.3,108
2024-08,KP.3.3.4,49
2024-08,KP.3.3.7,3
2024-08,KP.3.3.8,3
2024-08,KP.3.4,22
2024-08,KP.3.4.1,1
2024-08,KP.3.5,146
2024-08,KP.3.6,5
2024-08,KP.3.7,9
2024-08,KP.4,3
2024-08,KP.4.1,19
2024-08,KP.4.1.2,4
2024-08,KP.4.1.3,33
2024-08,KP.4.2,11
2024-08,KP.4.2.1,3
2024-08,KP.4.2.4,4
2024-08,KP.4.2.5,5
2024-08,KP.4.2.6,1
2024-08,KP.5,12
2024-08,KQ.1,5
2024-08,KR.1,6
2024-08,KR.1.1,3
2024-08,KR.1.4,4
2024-08,KR.3,2
2024-08,KS.1,29
2024-08,KS.1.1,14
2024-08,KS.1.1.1,2
2024-08,KS.1.1.2,118
2024-08,KS.1.3,16
2024-08,KS.1.4,6
2024-08,KS.1.5,1
2024-08,KU.2.1,3
2024-08,KV.2,1
2024-08,KW.1.1,13
2024-08,KW.1.1.1,2
2024-08,LA.1,6
2024-08,LB.1,394
2024-08,LB.1.1,29
2024-08,LB.1.10,1
2024-08,LB.1.11,19
2024-08,LB.1.2,66
2024-08,LB.1.2.1,67
2024-08,LB.1.2.2,83
2024-08,LB.1.2.3,33
2024-08,LB.1.3,253
2024-08,LB.1.3.1,50
2024-08,LB.1.3.2,121
2024-08,LB.1.3.3,13
2024-08,LB.1.3.4,1
2024-08,LB.1.3.5,126
2024-08,LB.1.4,67
2024-08,LB.1.4.1,40
2024-08,LB.1.4.2,18
2024-08,LB.1.4.3,12
2024-08,LB.1.5,42
2024-08,LB.1.7,558
2024-08,LB.1.7.1,43
2024-08,LB.1.7.2,32
2024-08,LB.1.7.3,3
2024-08,LB.1.7.4,30
2024-08,LB.1.8,26
2024-08,LB.1.9,6
2024-08,LD.1,25
2024-08,LD.1.1,4
2024-08,LD.2,10
2024-08,LE.1.3.1,1
2024-08,LF.1,6
2024-08,LF.1.1,2
2024-08,LF.1.1.1,31
2024-08,LF.2,7
2024-08,LF.3,2
2024-08,LF.3.1,43
2024-08,LF.3.1.1,81
2024-08,LF.3.1.2,22
2024-08,LF.4.1,5
2024-08,LF.5,11
2024-08,LF.6,1
2024-08,LF.7,2
2024-08,LF.7.1,10
2024-08,LF.7.1.1,1
2024-08,LF.7.2,3
2024-08,LF.7.3,1
2024-08,LF.7.4,3
2024-08,LF.9,22
2024-08,LF.9.1,37
2024-08,LG.1,9
2024-08,LH.3,1
2024-08,LJ.1,1
2024-08,LK.2.1,7
2024-08,LN.1,2
2024-08,LP.1,287
2024-08,LP.1.1,16
2024-08,LP.1.2,25
2024-08,LP.1.2.1,7
2024-08,LP.10.1,7
2024-08,LP.11,5
2024-08,LP.2,2
2024-08,LP.3,1
2024-08,LP.4,18
2024-08,LP.5,14
2024-08,LP.6,29
2024-08,LP.7,26
2024-08,LP.8.1,1
2024-08,LP.9,3
2024-08,LQ.1,2
2024-08,LQ.1.1,17
2024-08,LQ.1.1.1,1
2024-08,LQ.1.2,14
2024-08,LS.1,2
2024-08,LU.1,1
2024-08,LU.2,6
2024-08,LU.2.1,1
2024-08,LU.2.1.1,17
2024-08,LW.1,67
2024-08,LW.1.1,1
2024-08,LW.1.2,4
2024-08,LY.1,100
2024-08,LZ.1,4
2024-08,LZ.1.1,15
2024-08,LZ.2.1,6
2024-08,LZ.2.1.1,2
2024-08,LZ.5,3
2024-08,MA.1,39
2024-08,MA.1.1,1
2024-08,MA.1.2,21
2024-08,MB.1.1,4
2024-08,MB.1.1.1,22
2024-08,MB.1.1.2,6
2024-08,MB.1.1.3,1
2024-08,MC.1,96
2024-08,MC.1.1,6
2024-08,MC.1.3,1
2024-08,MC.1.4,31
2024-08,MC.1.5,4
2024-08,MC.1.6,2
2024-08,MC.1.7,2
2024-08,MC.10,41
2024-08,MC.10.1,13
2024-08,MC.10.1.1,1
2024-08,MC.10.2.2,1
2024-08,MC.11,128
2024-08,MC.11.1,7
2024-08,MC.11.2,25
2024-08,MC.11.3,6
2024-08,MC.12,1
2024-08,MC.13,239
2024-08,MC.13.1,38
2024-08,MC.13.4,1
2024-08,MC.14,25
2024-08,MC.15,9
2024-08,MC.16,292
2024-08,MC.17,9
2024-08,MC.18,2
2024-08,MC.19,50
2024-08,MC.19.1,2
2024-08,MC.2,124
2024-08,MC.2.1,53
2024-08,MC.20,1
2024-08,MC.21,5
2024-08,MC.22,18
2024-08,MC.23,18
2024-08,MC.24,259
2024-08,MC.24.1,4
2024-08,MC.24.2,5
2024-08,MC.25,4
2024-08,MC.26,61
2024-08,MC.26.1,5
2024-08,MC.27,15
2024-08,MC.28,74
2024-08,MC.28.1,1
2024-08,MC.29,25
2024-08,MC.3,41
2024-08,MC.30,26
2024-08,MC.30.1,2
2024-08,MC.32,1
2024-08,MC.33,8
2024-08,MC.35,106
2024-08,MC.36,10
2024-08,MC.36.2,4
2024-08,MC.37,3
2024-08,MC.39,1
2024-08,MC.4,11
2024-08,MC.40,4
2024-08,MC.40.1,3
2024-08,MC.42,25
2024-08,MC.43,54
2024-08,MC.44,75
2024-08,MC.45,56
2024-08,MC.46,1
2024-08,MC.5,6
2024-08,MC.6,138
2024-08,MC.6.1,5
2024-08,MC.8,24
2024-08,MC.8.1,10
2024-08,MC.9,89
2024-08,MC.9.1,5
2024-08,MD.1,4
2024-08,MD.1.1,1
2024-08,MD.3.1.2,2
2024-08,MD.3.1.3,3
2024-08,MD.3.1.4,4
2024-08,ME.1,1
2024-08,MF.1,8
2024-08,MF.2,10
2024-08,MG.1,8
2024-08,MG.2,8
2024-08,MG.3,1
2024-08,MG.4,13
2024-08,MH.1,19
2024-08,MJ.1,3
2024-08,MK.1,62
2024-08,MK.2,2
2024-08,MK.3,10
2024-08,ML.1,5
2024-08,ML.2,21
2024-08,MM.1,8
2024-08,MM.2,9
2024-08,MQ.1,6
2024-08,MR.1,10
2024-08,MR.2,4
2024-08,MS.1,9
2024-08,MT.1,3
2024-08,MT.1.1,2
2024-08,MU.1,58
2024-08,MU.2,71
2024-08,MU.2.1,19
2024-08,MU.4,1
2024-08,MU.5,3
2024-08,MV.1,21
2024-08,MV.1.1,1
2024-08,MV.1.2,1
2024-08,MV.2,5
2024-08,MW.1,50
2024-08,MY.1,3
2024-08,MZ.2,4
2024-08,NA.1,6
2024-08,NA.1.1,2
2024-08,NC.1.1,3
2024-08,NC.2,10
2024-08,ND.1,2
2024-08,ND.1.1,4
2024-08,ND.1.1.1,1
2024-08,ND.2,2
2024-08,ND.3,1
2024-08,NF.1,3
2024-08,NH.1,3
2024-08,NH.4,13
2024-08,NJ.1,2
2024-08,NK.1,6
2024-08,NL.10,1
2024-08,NL.11,1
2024-08,NL.12,1
2024-08,NL.14,3
2024-08,NL.15,1
2024-08,NL.16,3
2024-08,NL.18,1
2024-08,NL.2,14
2024-08,NL.22,1
2024-08,NL.3,13
2024-08,NL.4,5
2024-08,NL.4.1,4
2024-08,NL.5,3
2024-08,NL.5.2,1
2024-08,NL.6,1
2024-08,NL.8,5
2024-08,NM.1,16
2024-08,NM.2,6
2024-08,NN.1,3
2024-08,NN.1.1,3
2024-08,NN.2,12
2024-08,NP.2,4
2024-08,NR.1,17
2024-08,NS.1.2,1
2024-08,NS.3,1
2024-08,NV.1,2
2024-08,XBB.1.5,1
2024-08,XDK,1
2024-08,XDK.1.2,5
2024-08,XDK.4.1,1
2024-08,XDK.5,2
2024-08,XDR,2
2024-08,XDR.1.1,1
2024-08,XDV.1,40
2024-08,XDV.1.1,8
2024-08,XDV.1.11,5
2024-08,XDV.1.3,2
2024-08,XDV.1.5.1,1
2024-08,XDV.1.6,1
2024-08,XDV.1.7,3
2024-08,XDV.1.7.1,2
2024-08,XDV.1.7.2,2
2024-08,XDV.1.7.3,1
2024-08,XDV.1.7.4,1
2024-08,XDV.1.8,1
2024-08,XDV.1.9,1
2024-08,XDV.1.9.1,1
2024-08,XDY,46
2024-08,XDY.1,2
2024-08,XDY.1.1,1
2024-08,XDY.5,5
2024-08,XDY.6,4
2024-08,XDY.7,2
2024-08,XDY.8,14
2024-08,XDY.9,4
2024-08,XEC,142
2024-08,XEC.1,1
2024-08,XEC.12,7
2024-08,XEC.14,1
2024-08,XEC.15,2
2024-08,XEC.17,1
2024-08,XEC.18,3
2024-08,XEC.19,1
2024-08,XEC.2,5
2024-08,XEC.2.1,6
2024-08,XEC.2.2,3
2024-08,XEC.2.7,2
2024-08,XEC.20,1
2024-08,XEC.29,22
2024-08,XEC.30,7
2024-08,XEC.32,1
2024-08,XEC.33,1
2024-08,XEC.39,3
2024-08,XEC.4,1
2024-08,XEC.40,1
2024-08,XEC.8,17
2024-08,XEC.9,11
2024-08,XED,11
2024-08,XEE,7
2024-08,XEF,17
2024-08,XEF.2,3
2024-08,XEH,7
2024-08,XEJ.1,2
2024-08,XEK,4
2024-08,XEK.1,1
2024-08,XEK.3,3
2024-08,XEL,12
2024-08,XEQ,2
2024-08,XES,5
2024-08,XES.1,4
2024-08,unclassifiable,167
2024-09,EG.5.1.1,1
2024-09,EG.5.1.6,1
2024-09,FL.20.2,1
2024-09,JN.1,4
2024-09,JN.1.11,3
2024-09,JN.1.11.1,16
2024-09,JN.1.11.2,1
2024-09,JN.1.13,4
2024-09,JN.1.16,2
2024-09,JN.1.16.1,30
2024-09,JN.1.16.5,6
2024-09,JN.1.18,1
2024-09,JN.1.18.2,1
2024-09,JN.1.18.3,1
2024-09,JN.1.18.4,4
2024-09,JN.1.18.6,5
2024-09,JN.1.32,3
2024-09,JN.1.32.1,1
2024-09,JN.1.4,4
2024-09,JN.1.4.4,1
2024-09,JN.1.4.5,1
2024-09,JN.1.48.1,1
2024-09,JN.1.48.3,4
2024-09,JN.1.50,6
2024-09,JN.1.50.1,2
2024-09,JN.1.50.2,2
2024-09,JN.1.59.1,1
2024-09,JN.1.65.1,1
2024-09,JN.1.7,2
2024-09,JN.1.7.3,2
2024-09,JN.1.7.4,4
2024-09,JN.1.9.2,2
2024-09,KP.1.1,16
2024-09,KP.1.1.1,23
2024-09,KP.1.1.3,131
2024-09,KP.1.1.5,1
2024-09,KP.2,49
2024-09,KP.2.1,1
2024-09,KP.2.10,4
2024-09,KP.2.14,32
2024-09,KP.2.14.1,4
2024-09,KP.2.14.2,3
2024-09,KP.2.15,42
2024-09,KP.2.15.1,16
2024-09,KP.2.16,5
2024-09,KP.2.18,3
2024-09,KP.2.19,37
2024-09,KP.2.2,116
2024-09,KP.2.2.1,7
2024-09,KP.2.2.2,1
2024-09,KP.2.24,9
2024-09,KP.2.25.1,3
2024-09,KP.2.25.2,7
2024-09,KP.2.26,1
2024-09,KP.2.27,4
2024-09,KP.2.28,5
2024-09,KP.2.28.1,4
2024-09,KP.2.3,687
2024-09,KP.2.3.1,1
2024-09,KP.2.3.10,2
2024-09,KP.2.3.11,9
2024-09,KP.2.3.12,19
2024-09,KP.2.3.13,3
2024-09,KP.2.3.14,7
2024-09,KP.2.3.15,11
2024-09,KP.2.3.2,2
2024-09,KP.2.3.3,14
2024-09,KP.2.3.4,26
2024-09,KP.2.3.5,8
2024-09,KP.2.3.6,18
2024-09,KP.2.3.7,6
2024-09,KP.2.3.8,17
2024-09,KP.2.3.9,2
2024-09,KP.2.5,10
2024-09,KP.2.6,9
2024-09,KP.2.6.1,3
2024-09,KP.2.6.2,3
2024-09,KP.2.8,1
2024-09,KP.2.9,1
2024-09,KP.3,54
2024-09,KP.3.1,240
2024-09,KP.3.1.1,3043
2024-09,KP.3.1.10,4
2024-09,KP.3.1.11,2
2024-09,KP.3.1.12,5
2024-09,KP.3.1.2,2
2024-09,KP.3.1.3,8
2024-09,KP.3.1.4,12
2024-09,KP.3.1.5,1
2024-09,KP.3.1.6,16
2024-09,KP.3.1.8,8
2024-09,KP.3.1.9,2
2024-09,KP.3.2,39
2024-09,KP.3.2.1,11
2024-09,KP.3.2.2,2
2024-09,KP.3.2.3,87
2024-09,KP.3.2.4,18
2024-09,KP.3.2.5,8
2024-09,KP.3.2.6,4
2024-09,KP.3.2.8,6
2024-09,KP.3.3,156
2024-09,KP.3.3.1,60
2024-09,KP.3.3.10,6
2024-09,KP.3.3.2,59
2024-09,KP.3.3.3,33
2024-09,KP.3.3.4,20
2024-09,KP.3.3.7,4
2024-09,KP.3.3.8,5
2024-09,KP.3.4,4
2024-09,KP.3.5,54
2024-09,KP.3.6,6
2024-09,KP.3.7,12
2024-09,KP.4.1,4
2024-09,KP.4.1.2,1
2024-09,KP.4.1.3,12
2024-09,KP.4.2,4
2024-09,KP.4.2.4,7
2024-09,KP.4.2.6,1
2024-09,KR.3,1
2024-09,KS.1,11
2024-09,KS.1.1,17
2024-09,KS.1.1.1,1
2024-09,KS.1.1.2,38
2024-09,KS.1.4,1
2024-09,KS.1.5,5
2024-09,KW.1.1,3
2024-09,LA.1,2
2024-09,LB.1,123
2024-09,LB.1.1,9
2024-09,LB.1.11,13
2024-09,LB.1.2,17
2024-09,LB.1.2.1,30
2024-09,LB.1.2.2,57
2024-09,LB.1.2.3,7
2024-09,LB.1.3,86
2024-09,LB.1.3.1,62
2024-09,LB.1.3.2,43
2024-09,LB.1.3.3,5
2024-09,LB.1.3.4,2
2024-09,LB.1.3.5,32
2024-09,LB.1.4,34
2024-09,LB.1.4.1,21
2024-09,LB.1.4.2,7
2024-09,LB.1.4.3,3
2024-09,LB.1.5,9
2024-09,LB.1.7,229
2024-09,LB.1.7.1,35
2024-09,LB.1.7.2,10
2024-09,LB.1.7.3,1
2024-09,LB.1.7.4,19
2024-09,LB.1.8,6
2024-09,LB.1.9,1
2024-09,LD.1,3
2024-09,LD.1.1,1
2024-09,LD.2,4
2024-09,LF.1,2
2024-09,LF.1.1.1,6
2024-09,LF.2,3
2024-09,LF.3.1,7
2024-09,LF.3.1.1,16
2024-09,LF.3.1.2,8
2024-09,LF.4.1,2
2024-09,LF.5,2
2024-09,LF.7,6
2024-09,LF.7.1,16
2024-09,LF.7.1.13,1
2024-09,LF.7.1.3,2
2024-09,LF.7.10,1
2024-09,LF.7.12,1
2024-09,LF.7.2,3
2024-09,LF.7.2.1,6
2024-09,LF.7.3,3
2024-09,LF.7.4,5
2024-09,LF.8.1.1,2
2024-09,LF.9,4
2024-09,LF.9.1,18
2024-09,LG.1,3
2024-09,LN.1,2
2024-09,LP.1,76
2024-09,LP.1.1,9
2024-09,LP.1.2,7
2024-09,LP.1.2.1,3
2024-09,LP.10.1.1,1
2024-09,LP.11,2
2024-09,LP.2,1
2024-09,LP.3,2
2024-09,LP.4,10
2024-09,LP.5,12
2024-09,LP.6,9
2024-09,LP.7,13
2024-09,LP.8.2,1
2024-09,LQ.1.1,1
2024-09,LS.1,2
2024-09,LU.1,3
2024-09,LU.2,1
2024-09,LU.2.1,1
2024-09,LU.2.1.1,20
2024-09,LW.1,27
2024-09,LW.1.2,1
2024-09,LY.1,43
2024-09,LZ.1,2
2024-09,LZ.2.1,2
2024-09,LZ.2.2,3
2024-09,LZ.4,1
2024-09,MA.1,21
2024-09,MA.1.1,1
2024-09,MA.1.2,10
2024-09,MB.1,1
2024-09,MB.1.1,4
2024-09,MB.1.1.1,17
2024-09,MB.1.1.2,5
2024-09,MC.1,142
2024-09,MC.1.1,14
2024-09,MC.1.3,2
2024-09,MC.1.3.1,1
2024-09,MC.1.4,42
2024-09,MC.1.5,13
2024-09,MC.1.6,5
2024-09,MC.1.7,4
2024-09,MC.10,68
2024-09,MC.10.1,32
2024-09,MC.10.1.1,3
2024-09,MC.10.1.4,1
2024-09,MC.11,120
2024-09,MC.11.1,5
2024-09,MC.11.2,28
2024-09,MC.11.3,3
2024-09,MC.12,2
2024-09,MC.13,233
2024-09,MC.13.1,34
2024-09,MC.13.3,1
2024-09,MC.13.3.1,1
2024-09,MC.13.4,1
2024-09,MC.14,13
2024-09,MC.15,10
2024-09,MC.16,192
2024-09,MC.17,6
2024-09,MC.18,2
2024-09,MC.19,64
2024-09,MC.2,102
2024-09,MC.2.1,71
2024-09,MC.20,1
2024-09,MC.21,4
2024-09,MC.21.1,2
2024-09,MC.22,17
2024-09,MC.23,21
2024-09,MC.24,252
2024-09,MC.24.2,10
2024-09,MC.25,8
2024-09,MC.26,53
2024-09,MC.26.1,3
2024-09,MC.27,21
2024-09,MC.28,66
2024-09,MC.29,20
2024-09,MC.3,30
2024-09,MC.30,23
2024-09,MC.30.1,6
2024-09,MC.30.1.1,1
2024-09,MC.32,7
2024-09,MC.33,13
2024-09,MC.35,68
2024-09,MC.36,14
2024-09,MC.36.2,9
2024-09,MC.37,2
2024-09,MC.4,9
2024-09,MC.40,9
2024-09,MC.42,28
2024-09,MC.43,35
2024-09,MC.44,77
2024-09,MC.45,58
2024-09,MC.46,8
2024-09,MC.5,5
2024-09,MC.6,101
2024-09,MC.6.1,3
2024-09,MC.8,18
2024-09,MC.8.1,27
2024-09,MC.9,83
2024-09,MC.9.1,3
2024-09,MC.9.3,2
2024-09,MD.1,3
2024-09,MD.3.1.3,1
2024-09,ME.1,2
2024-09,MF.1,6
2024-09,MF.2,1
2024-09,MG.1,2
2024-09,MG.2,8
2024-09,MG.3,7
2024-09,MG.4,1
2024-09,MH.1,8
2024-09,MJ.1,1
2024-09,MK.1,17
2024-09,MK.3,6
2024-09,ML.1,2
2024-09,ML.2,6
2024-09,MM.1,1
2024-09,MQ.1,5
2024-09,MQ.2,4
2024-09,MR.1,3
2024-09,MR.2,1
2024-09,MT.1,6
2024-09,MT.1.1,1
2024-09,MU.1,29
2024-09,MU.2,9
2024-09,MU.2.1,7
2024-09,MU.2.1.1,3
2024-09,MU.5,3
2024-09,MV.1,44
2024-09,MV.1.1,1
2024-09,MV.2,17
2024-09,MW.1,12
2024-09,MY.1,2
2024-09,NA.1,3
2024-09,NA.1.1,1
2024-09,NB.1,4
2024-09,NC.1,2
2024-09,NC.1.1,3
2024-09,NC.2,1
2024-09,ND.1,4
2024-09,ND.1.1,2
2024-09,ND.1.1.1,1
2024-09,ND.3,2
2024-09,NE.1,1
2024-09,NF.1,7
2024-09,NF.1.1,1
2024-09,NF.1.4,3
2024-09,NG.1,2
2024-09,NH.1,3
2024-09,NH.4,9
2024-09,NJ.1,5
2024-09,NL.10,1
2024-09,NL.11,1
2024-09,NL.12,17
2024-09,NL.14,2
2024-09,NL.16,1
2024-09,NL.18,2
2024-09,NL.19,1
2024-09,NL.2,78
2024-09,NL.2.1,2
2024-09,NL.3,4
2024-09,NL.4,7
2024-09,NL.5,16
2024-09,NL.5.1,1
2024-09,NL.6,6
2024-09,NL.8,1
2024-09,NM.1,12
2024-09,NM.2,10
2024-09,NN.1.1,2
2024-09,NN.2,3
2024-09,NR.1,3
2024-09,NT.1,1
2024-09,NV.1,1
2024-09,PM.1.2,1
2024-09,XDK.1,1
2024-09,XDR,1
2024-09,XDV.1,9
2024-09,XDV.1.1,5
2024-09,XDV.1.11,1
2024-09,XDV.1.3,1
2024-09,XDV.1.4,1
2024-09,XDV.1.5,1
2024-09,XDV.1.5.1,5
2024-09,XDV.1.7,1
2024-09,XDV.1.7.1,1
2024-09,XDV.1.7.5,1
2024-09,XDV.1.9.1,1
2024-09,XDY,37
2024-09,XDY.1,2
2024-09,XDY.11,1
2024-09,XDY.4,1
2024-09,XDY.5,2
2024-09,XDY.6,1
2024-09,XDY.7,1
2024-09,XDY.8,12
2024-09,XDY.9,2
2024-09,XEC,431
2024-09,XEC.1,9
2024-09,XEC.10,4
2024-09,XEC.11,3
2024-09,XEC.12,7
2024-09,XEC.14,20
2024-09,XEC.15,18
2024-09,XEC.17,1
2024-09,XEC.18,14
2024-09,XEC.2,51
2024-09,XEC.2.1,21
2024-09,XEC.2.2,16
2024-09,XEC.2.3,6
2024-09,XEC.2.7,11
2024-09,XEC.20,2
2024-09,XEC.22,1
2024-09,XEC.23,1
2024-09,XEC.25,1
2024-09,XEC.29,21
2024-09,XEC.3,1
2024-09,XEC.30,11
2024-09,XEC.31,2
2024-09,XEC.32,2
2024-09,XEC.33,17
2024-09,XEC.36,4
2024-09,XEC.39,10
2024-09,XEC.40,4
2024-09,XEC.43,4
2024-09,XEC.5,2
2024-09,XEC.6,6
2024-09,XEC.8,52
2024-09,XEC.9,21
2024-09,XEE,7
2024-09,XEF,20
2024-09,XEF.1,1
2024-09,XEH,8
2024-09,XEJ,3
2024-09,XEK,13
2024-09,XEK.1,3
2024-09,XEK.2.1,1
2024-09,XEK.3,2
2024-09,XEK.5,1
2024-09,XEL,12
2024-09,XEL.1,1
2024-09,XEL.3,6
2024-09,XEL.4,1
2024-09,XEL.5,1
2024-09,XEN,4
2024-09,XEQ,6
2024-09,XES,1
2024-09,XES.1,13
2024-09,XET,4
2024-09,unclassifiable,118
2024-10,FL.3.3,1
2024-10,JN.1.11.1,6
2024-10,JN.1.16,1
2024-10,JN.1.18.6,1
2024-10,JN.1.32,1
2024-10,JN.1.39.2,1
2024-10,KP.1.1,1
2024-10,KP.1.1.3,1
2024-10,KP.2,2
2024-10,KP.2.15,1
2024-10,KP.2.2,1
2024-10,KP.2.2.1,1
2024-10,KP.2.27,1
2024-10,KP.2.3,8
2024-10,KP.3,1
2024-10,KP.3.1,2
2024-10,KP.3.1.1,97
2024-10,KP.3.1.4,1
2024-10,KP.3.2.3,3
2024-10,KP.3.3,5
2024-10,KP.3.3.1,4
2024-10,KP.3.3.2,1
2024-10,KP.3.3.3,1
2024-10,LB.1.2,1
2024-10,LB.1.2.1,2
2024-10,LB.1.2.2,1
2024-10,LB.1.3,1
2024-10,LB.1.3.1,2
2024-10,LB.1.3.2,3
2024-10,LB.1.7,1
2024-10,LB.1.7.1,1
2024-10,LF.3.1.2,1
2024-10,LF.7,1
2024-10,LF.7.1,1
2024-10,LF.7.1.4,1
2024-10,LF.7.4,3
2024-10,LF.9.1,1
2024-10,LP.1,2
2024-10,MA.1.2,1
2024-10,MB.1.1,1
2024-10,MB.1.1.1,1
2024-10,MC.1,6
2024-10,MC.1.4,4
2024-10,MC.10,1
2024-10,MC.10.1,1
2024-10,MC.11,1
2024-10,MC.11.2,1
2024-10,MC.13,9
2024-10,MC.13.1,1
2024-10,MC.13.2,1
2024-10,MC.14,2
2024-10,MC.15,3
2024-10,MC.16,7
2024-10,MC.17,1
2024-10,MC.19,3
2024-10,MC.2,6
2024-10,MC.2.1,2
2024-10,MC.20,1
2024-10,MC.24,4
2024-10,MC.24.2,1
2024-10,MC.28,6
2024-10,MC.4,3
2024-10,MC.43,2
2024-10,MC.44,1
2024-10,MC.45,3
2024-10,MC.6,5
2024-10,MC.8,1
2024-10,MC.9,5
2024-10,MV.1,1
2024-10,MV.1.7,1
2024-10,NF.1,2
2024-10,NL.10,1
2024-10,NL.2,3
2024-10,NM.2,1
2024-10,XDY.5,1
2024-10,XEC,21
2024-10,XEC.1,1
2024-10,XEC.14,1
2024-10,XEC.15,1
2024-10,XEC.2,4
2024-10,XEC.2.1,2
2024-10,XEC.2.2,1
2024-10,XEC.2.7,1
2024-10,XEC.25,1
2024-10,XEC.30,1
2024-10,XEC.33,1
2024-10,XEC.39,4
2024-10,XEC.8,2
2024-10,XEC.9,1
2024-10,XEF,1
2024-10,XEK.5,1
2024-10,XEL,1
2024-10,XEP,1
2024-10,unclassifiable,7
