position_id,recurrence_count
56,24
57,254
58,116
59,213
60,78
61,1196
62,45
63,125
64,765
65,157
66,1935
67,42
68,90
69,104
70,303
71,431
72,2800
73,58
74,34
75,123
76,251
77,92
78,306
79,59
80,49
81,75
82,247
83,131
84,275
85,33
86,71
87,110
88,85
89,31
90,149
91,279
92,418
93,61
94,395
95,213
96,351
97,118
98,267
99,116
100,707
101,510
102,183
103,290
104,84
105,433
106,2177
107,70
108,79
109,42
110,235
111,106
112,55
113,56
114,146
115,55
116,105
117,364
118,95
119,323
120,179
121,233
122,124
123,124
124,141
125,223
126,103
127,458
128,51
129,211
130,74
131,8
132,52
133,43
134,27
135,27
136,50
137,300
138,46
139,47
140,878
141,81
142,80
143,116
144,92
145,63
146,53
147,799
148,37
149,240
151,225
152,234
154,39
155,145
156,195
157,250
158,115
159,91
160,813
161,69
162,359
163,98
164,12
165,186
166,37
167,446
168,182
169,186
170,120
171,369
172,150
173,494
174,2536
175,183
176,567
177,209
178,287
179,118
180,298
181,196
182,133
183,381
184,99
185,546
186,3203
187,249
188,278
189,439
190,703
191,224
192,238
193,607
194,145
195,124
196,78
197,122
198,313
199,432
200,73
201,192
202,240
203,2625
204,1163
205,214
206,230
207,369
208,530
209,311
210,4567
211,357
212,221
213,744
214,190
215,191
216,278
217,206
218,320
219,1172
220,242
221,338
222,2025
223,244
224,301
225,220
226,30
227,192
228,188
229,97
230,183
231,95
232,205
233,250
234,242
235,165
236,314
237,356
238,110
239,155
240,161
241,5210
242,473
243,139
244,336
245,410
246,430
247,520
248,169
249,96
250,137
251,146
252,463
253,93
254,352
255,245
256,550
257,347
258,203
259,237
260,284
261,100
262,45
263,113
264,216
265,244
266,2
267,5
268,4
269,278
270,174
271,163
272,207
273,92
274,721
275,302
276,53
277,288
278,353
279,173
280,708
281,196
282,226
283,118
284,350
285,339
286,118
287,153
288,192
289,412
290,44
291,187
292,1025
293,144
294,119
295,278
296,58
297,59
298,86
299,101
300,1019
301,129
302,406
303,130
304,532
305,202
306,87
307,469
308,60
309,204
310,95
311,898
312,180
313,2413
314,151
315,262
316,61
317,60
318,40
319,213
320,386
321,134
322,96
323,215
324,193
325,409
326,146
327,132
328,63
329,110
330,156
331,258
332,347
333,45
334,136
335,3418
336,285
337,3380
338,156
339,54
340,423
341,176
342,57
343,661
344,1489
345,146
346,2648
347,1188
348,134
349,98
350,537
351,298
352,220
353,337
354,464
355,785
356,131
357,118
358,236
359,187
360,170
361,343
362,596
363,127
364,604
365,214
366,266
367,739
368,784
369,177
370,1282
371,219
372,116
373,843
374,295
375,124
376,1374
377,504
378,104
379,582
380,102
381,44
382,462
383,377
384,480
385,220
386,152
387,142
388,431
389,343
390,253
391,162
392,499
393,344
394,207
395,32
396,199
397,104
398,1544
399,119
400,360
401,995
402,109
403,145
404,62
405,522
406,126
407,295
408,187
409,280
410,1072
411,432
412,338
413,57
414,316
415,109
416,97
417,1110
418,184
419,339
420,153
421,381
422,121
423,13
424,89
425,226
426,50
427,179
428,211
429,142
430,139
431,244
432,43
433,177
434,176
435,170
436,79
437,47
438,125
439,118
440,436
441,115
442,518
443,894
444,201
445,589
446,118
447,83
448,681
449,542
450,385
451,251
452,46
453,182
454,125
455,199
456,55
457,170
458,101
459,59
460,152
461,36
462,99
463,510
464,223
465,249
466,597
467,61
468,85
469,122
470,82
471,53
472,252
473,108
474,225
475,517
476,258
477,233
478,731
479,83
480,103
481,190
482,519
483,382
484,199
485,242
486,969
487,1128
488,523
489,349
490,339
491,175
492,356
493,391
494,67
495,317
496,138
497,90
498,327
499,152
500,182
501,255
502,50
503,410
504,426
505,273
506,1387
507,265
508,437
509,379
510,511
511,239
512,825
513,301
514,178
515,205
516,91
517,193
518,401
519,191
520,696
521,726
522,178
523,718
524,200
525,72
526,1159
527,993
528,86
529,954
530,208
531,21
532,438
533,216
534,511
535,121
536,301
537,139
538,116
539,1450
540,231
541,783
542,284
543,125
544,208
545,544
546,255
547,350
548,275
549,215
550,226
551,6
552,120
553,386
554,52
555,56
556,1419
557,735
558,490
559,184
560,2108
561,846
562,53
563,292
564,323
565,168
566,242
567,429
568,153
569,163
570,186
571,346
572,63
573,268
574,91
575,265
576,116
577,223
578,262
579,341
580,179
581,421
582,155
583,2424
584,1363
585,100
586,356
587,336
588,102
589,535
590,312
591,166
592,422
593,3131
594,161
595,237
596,348
597,176
598,631
599,796
600,360
601,1070
602,181
603,105
604,132
605,292
606,892
607,74
608,263
609,135
610,178
611,359
612,120
613,378
614,544
615,335
616,164
617,236
618,47
619,357
620,506
621,472
622,430
623,79
624,119
625,1362
626,555
627,25
628,94
629,334
630,44
631,99
632,341
633,104
634,93
636,377
637,85
638,66
639,110
640,168
641,66
642,123
643,1399
644,310
645,206
646,41
647,124
648,114
649,231
650,34
651,102
652,302
653,550
654,370
655,251
656,425
657,2475
658,324
659,281
660,272
661,144
662,448
663,312
664,1138
665,246
666,175
667,154
668,117
669,396
670,3071
671,182
672,113
673,1460
674,400
675,639
676,907
677,807
678,581
679,901
680,588
681,241
682,403
683,4348
684,71
685,84
686,107
687,121
688,334
689,207
690,294
691,276
692,189
693,61
694,317
695,291
696,111
697,353
698,84
699,32
700,98
701,550
702,164
703,852
704,446
705,158
706,898
707,222
708,170
709,411
710,419
711,138
712,187
713,518
714,406
715,353
716,54
717,250
718,174
719,67
720,171
721,298
722,317
723,257
724,84
725,24
726,90
727,124
728,39
729,86
730,114
731,218
732,132
733,397
734,28
735,50
736,82
737,8
738,57
739,134
740,98
741,56
742,57
743,54
744,82
745,2506
746,101
747,20
748,59
749,84
750,27
751,958
752,50
753,472
754,60
755,18
756,37
757,70
758,391
759,53
760,60
761,869
762,109
763,326
764,119
765,102
766,62
767,70
768,190
769,62
770,116
771,85
772,347
773,85
774,776
775,519
776,424
777,484
778,191
779,96
780,145
781,67
782,195
783,123
784,227
785,93
786,128
787,300
788,1058
789,324
790,202
791,84
792,178
793,319
794,496
795,24
796,139
797,31
798,324
799,1355
800,18
801,18
802,195
803,40
804,20
805,768
806,384
807,224
808,301
809,581
810,148
811,386
812,90
813,391
814,259
815,1984
816,446
817,400
818,70
819,106
820,151
821,140
822,22
823,3970
824,2
825,7
826,505
827,45
828,84
829,3263
830,26
831,77
832,1821
833,130
834,112
835,2286
836,9
837,39
838,221
839,364
840,547
841,492
842,579
843,1214
844,241
845,166
846,31
847,291
848,53
849,12
850,475
851,469
852,26
853,614
854,837
855,101
856,255
857,307
858,10
859,219
860,70
861,178
862,325
863,3
864,9
865,414
866,176
867,12
868,86
869,41
870,169
871,175
872,852
873,97
874,1102
875,1041
876,27
877,190
878,688
879,6
880,77
881,402
882,509
883,130
884,2290
885,334
886,163
887,121
888,384
889,133
890,200
891,172
892,67
893,27
894,69
895,208
896,235
897,1402
898,162
899,140
900,1172
901,220
902,182
903,178
904,400
905,74
906,412
907,154
908,81
909,7
910,373
911,240
912,956
913,1993
914,243
915,141
916,122
917,6
918,5
919,141
920,1579
921,69
922,766
923,380
924,60
925,735
926,102
927,43
928,37
929,908
930,11
931,173
932,249
933,117
934,1578
935,68
936,1797
937,120
938,24
939,263
940,221
941,183
942,912
943,474
944,386
945,300
946,53
947,366
948,71
949,585
950,309
951,284
952,479
953,90
954,146
955,455
956,84
957,94
958,700
959,480
960,799
961,240
962,123
963,302
964,108
965,26
966,7
967,333
968,48
969,108
970,409
971,20
972,2
973,219
974,64
975,57
976,73
977,190
978,55
979,168
980,80
981,241
982,99
983,23
984,25
985,26
986,91
987,64
988,370
989,89
990,65
991,588
992,140
993,110
994,138
995,41
996,28
997,153
998,63
999,298
1000,162
1001,85
1002,120
1003,72
1004,97
1005,153
1006,269
1007,97
1008,162
1009,583
1010,3
1011,3
1012,182
1013,50
1014,74
1015,196
1016,99
1017,55
1018,202
1020,6
1021,184
1022,40
1023,27
1024,60
1025,56
1026,58
1027,81
1028,54
1029,21
1030,91
1031,9
1032,16
1033,100
1034,141
1035,22
1036,68
1037,39
1038,54
1039,83
1040,105
1041,47
1042,211
1043,276
1044,342
1045,133
1046,39
1047,95
1048,685
1049,67
1050,52
1051,182
1052,111
1053,34
1054,63
1055,214
1056,73
1057,498
1058,65
1059,2316
1060,1824
1061,67
1062,76
1063,1803
1064,91
1065,108
1066,254
1067,251
1068,473
1069,523
1070,77
1071,96
1072,241
1073,137
1074,105
1075,74
1076,715
1077,786
1078,110
1079,60
1080,135
1081,177
1082,33
1083,7
1084,56
1085,901
1086,64
1087,343
1088,116
1089,19
1090,224
1091,514
1092,10
1093,869
1094,135
1095,36
1096,63
1097,60
1098,152
1099,277
1100,79
1101,795
1102,1664
1103,264
1104,211
1105,45
1106,123
1107,223
1108,634
1109,106
1110,110
1111,350
1112,68
1113,428
1114,160
1115,78
1116,65
1117,136
1118,20
1119,67
1120,54
1121,309
1122,355
1123,241
1124,188
1125,365
1126,777
1127,224
1128,57
1129,86
1130,7
1131,102
1132,86
1133,46
1134,106
1135,248
1136,52
1137,51
1138,53
1139,50
1140,97
1141,516
1142,451
1143,74
1144,75
1145,64
1146,371
1147,244
1148,899
1149,259
1150,1461
1151,76
1152,23
1153,46
1154,203
1155,224
1156,175
1157,431
1158,209
1159,30
1160,37
1161,109
1162,64
1163,158
1164,38
1165,183
1166,102
1167,290
1168,293
1169,222
1170,1717
1171,111
1172,213
1173,43
1174,356
1175,83
1176,29
1177,452
1178,468
1179,444
1180,170
1181,579
1182,52
1183,151
1184,140
1185,639
1186,819
1187,60
1188,455
1189,107
1190,2116
1191,3686
1192,110
1193,103
1194,170
1195,270
1196,49
1197,144
1198,160
1199,16
1200,64
1201,264
1202,63
1203,58
1204,440
1205,421
1206,71
1207,85
1208,134
1209,80
1210,311
1211,108
1212,249
1213,507
1214,290
1215,34
1216,140
1217,41
1218,1702
1219,113
1220,52
1221,444
1222,133
1223,427
1224,40
1225,369
1226,134
1227,135
1228,72
1229,172
1230,991
1231,153
1232,3
1233,10
1234,112
1235,100
1236,342
1237,327
1238,409
1239,141
1240,87
1241,2
1242,95
1243,88
1244,187
1245,278
1246,88
1247,60
1248,145
1249,108
1250,97
1251,366
1252,106
1253,37
1254,184
1255,202
1256,6
1257,8
1258,26
1259,10
1260,77
1261,214
1262,228
1263,1528
1264,794
1265,499
1266,41
1267,1334
1268,415
1269,386
1270,151
1271,58
1272,2
1273,69
1274,1085
1275,70
1276,71
1277,33
1278,67
1279,112
1280,282
1281,293
1282,321
1283,82
1284,571
1285,111
1286,5
1287,3
1288,2996
1289,45
1290,93
1291,214
1292,149
1293,44
1294,48
1295,3
1296,272
1297,72
1298,213
1299,315
1300,436
1301,97
1302,1295
1303,244
1304,94
1305,212
1306,515
1307,81
1308,168
1309,199
1310,73
1311,86
1312,350
1313,127
1314,1663
1315,83
1316,30
1317,88
1318,97
1319,161
1320,103
1321,136
1322,375
1323,160
1324,64
1325,160
1326,553
1327,327
1328,68
1329,144
1330,236
1331,18
1332,219
1333,130
1334,77
1335,64
1336,62
1337,57
1338,7
1339,89
1340,220
1341,46
1342,836
1343,89
1344,248
1345,57
1346,1194
1347,786
1348,1746
1349,154
1350,147
1351,51
1352,52
1353,112
1354,158
1355,28
1356,24
1357,109
1358,268
1359,39
1360,91
1361,211
1362,46
1363,130
1364,27
1365,43
1366,55
1367,107
1368,119
1369,57
1370,43
1371,162
1372,62
1373,2
1374,5
1375,116
1376,826
1377,578
1378,187
1379,244
1380,1069
1381,209
1382,2
1383,8
1384,101
1385,1677
1386,88
1387,2272
1388,74
1389,100
1390,220
1391,195
1392,1458
1393,152
1394,136
1395,124
1396,136
1397,376
1398,33
1399,192
1400,298
1401,455
1402,44
1403,463
1404,815
1405,188
1406,71
1407,214
1408,374
1409,88
1410,15
1411,99
1412,98
1413,166
1414,61
1415,528
1416,79
1417,118
1418,211
1419,627
1420,1590
1421,118
1422,100
1423,226
1424,69
1425,16
1426,1647
1427,1693
1428,38
1429,136
1430,61
1431,129
1432,190
1433,62
1434,107
1435,175
1436,165
1437,1654
1438,268
1439,777
1440,294
1441,1457
1442,126
1443,28
1444,180
1445,93
1446,51
1447,66
1448,50
1449,315
1450,328
1451,114
1452,205
1453,145
1454,404
1455,122
1456,152
1457,1920
1458,419
1459,70
1460,28
1461,392
1462,333
1463,577
1464,147
1465,109
1466,288
1467,155
1468,143
1469,892
1470,218
1471,1918
1472,66
1473,1918
1474,123
1475,97
1476,101
1477,168
1478,144
1479,375
1480,546
1481,117
1482,89
1483,275
1484,9
1485,11
1486,147
1487,168
1488,6
1489,463
1490,26
1491,5
1492,67
1493,110
1494,50
1495,596
1496,38
1497,11
1498,509
1499,53
1500,105
1501,117
1502,17
1503,15
1504,80
1505,89
1506,54
1507,186
1508,251
1509,104
1510,90
1511,3
1512,9
1513,754
1514,1668
1515,160
1516,266
1517,83
1518,107
1519,706
1520,81
1521,171
1522,188
1523,65
1524,168
1525,81
1526,33
1527,13
1528,462
1529,91
1530,52
1531,155
1532,1
1533,13
1534,8
1535,260
1536,61
1537,353
1538,31
1539,7
1540,114
1541,176
1542,333
1543,97
1544,121
1545,689
1546,72
1547,785
1548,251
1549,636
1550,262
1551,206
1552,107
1553,51
1554,70
1555,289
1556,90
1557,48
1558,562
1559,209
1560,59
1561,31
1562,90
1563,220
1564,89
1565,75
1566,40
1567,656
1568,347
1569,9
1570,411
1571,85
1572,925
1573,1288
1574,90
1575,5
1576,77
1577,230
1578,154
1579,111
1580,326
1581,53
1582,254
1583,191
1584,122
1585,761
1586,153
1587,141
1588,578
1589,825
1590,629
1591,124
1592,615
1593,2232
1594,2978
1595,251
1596,162
1597,200
1598,558
1599,839
1600,87
1601,792
1602,94
1603,145
1604,55
1605,140
1606,297
1607,103
1608,74
1609,844
1610,115
1611,50
1612,538
1613,718
1614,44
1615,146
1616,506
1617,62
1618,163
1619,89
1620,132
1621,88
1622,136
1623,846
1624,75
1625,898
1626,60
1627,2683
1628,245
1629,152
1630,85
1631,56
1632,137
1633,230
1634,84
1635,88
1636,182
1637,55
1638,57
1639,118
1640,119
1641,63
1642,307
1643,140
1644,47
1645,321
1646,99
1647,30
1648,349
1649,4
1650,46
1651,173
1652,180
1653,18
1654,47
1655,147
1656,28
1657,79
1658,142
1659,486
1660,57
1661,67
1662,124
1663,444
1664,60
1665,17
1666,50
1667,57
1668,58
1669,91
1670,927
1671,24
1672,63
1673,68
1674,76
1675,153
1676,46
1677,110
1678,226
1679,44
1680,80
1681,551
1682,265
1683,341
1684,3738
1685,322
1686,302
1687,224
1688,136
1689,57
1690,60
1691,210
1692,103
1693,98
1694,44
1695,19
1696,249
1697,134
1698,33
1699,208
1700,92
1701,261
1702,131
1703,155
1704,78
1705,88
1706,36
1708,186
1709,95
1710,977
1711,145
1712,46
1713,86
1714,367
1715,134
1716,425
1717,135
1718,117
1719,278
1720,106
1721,262
1722,2156
1723,264
1724,61
1725,24
1726,99
1727,269
1728,96
1729,774
1730,260
1731,96
1732,135
1733,55
1734,324
1735,117
1736,185
1737,75
1738,1450
1739,66
1740,221
1741,285
1742,505
1743,204
1744,44
1745,85
1746,38
1747,344
1748,133
1749,77
1750,102
1751,38
1752,168
1753,249
1754,32
1755,78
1756,70
1757,235
1758,2488
1759,95
1760,67
1761,22
1762,396
1763,50
1764,43
1765,45
1766,118
1767,44
1768,49
1769,129
1770,37
1771,76
1772,256
1773,26
1774,79
1775,25
1776,34
1777,177
1778,121
1779,402
1780,473
1781,29
1782,203
1783,113
1784,151
1785,71
1786,30
1787,82
1788,97
1789,86
1790,30
1791,180
1792,59
1793,26
1794,59
1795,112
1796,96
1797,7
1798,103
1799,47
1800,270
1801,95
1802,53
1803,141
1804,119
1805,124
1806,126
1807,141
1808,90
1809,112
1810,114
1811,149
1812,1548
1813,347
1814,25
1815,98
1816,43
1817,71
1818,115
1819,246
1820,7387
1821,301
1822,56
1823,141
1824,485
1825,809
1826,7
1827,42
1828,36
1829,103
1830,110
1831,149
1832,370
1833,38
1834,59
1835,113
1836,144
1837,73
1838,60
1839,151
1840,103
1841,31
1842,126
1843,355
1844,86
1845,65
1846,205
1847,262
1848,447
1849,64
1850,92
1851,284
1852,47
1853,634
1854,142
1855,159
1856,227
1857,413
1858,86
1859,150
1860,164
1861,101
1862,304
1863,84
1864,108
1865,51
1866,141
1867,95
1868,101
1869,243
1870,182
1871,579
1872,48
1873,181
1874,265
1875,233
1876,194
1877,540
1878,922
1879,311
1880,86
1881,148
1882,491
1883,201
1884,2632
1885,293
1886,183
1887,477
1888,131
1889,635
1890,527
1891,131
1892,135
1893,64
1894,101
1896,73
1897,115
1898,60
1899,224
1900,251
1901,261
1902,150
1903,147
1904,135
1905,187
1906,136
1907,63
1908,277
1909,1138
1910,135
1911,974
1912,5089
1913,993
1914,971
1915,454
1916,94
1917,477
1918,178
1919,854
1920,60
1921,150
1922,118
1923,96
1924,56
1925,94
1926,955
1927,203
1928,125
1929,821
1930,132
1931,901
1932,97
1933,76
1934,57
1935,164
1936,236
1937,183
1938,998
1939,132
1940,252
1941,121
1942,287
1943,828
1944,389
1945,149
1946,355
1947,127
1948,95
1949,54
1950,56
1951,70
1952,38
1953,81
1954,297
1955,96
1956,156
1957,492
1958,260
1959,509
1960,847
1961,221
1962,448
1963,89
1964,138
1965,194
1966,82
1967,54
1968,1695
1969,59
1970,71
1971,253
1972,34
1973,1342
1974,1
1975,60
1976,209
1977,213
1978,236
1979,136
1980,219
1981,136
1982,157
1983,121
1984,59
1985,23
1986,4
1987,82
1988,10
1989,383
1990,133
1991,54
1992,325
1993,185
1994,36
1995,7
1996,95
1997,550
1998,91
1999,180
2000,118
2001,220
2002,98
2003,2171
2004,2
2005,714
2006,186
2007,26
2008,86
2009,55
2010,122
2011,128
2012,83
2013,237
2014,56
2015,934
2016,32
2017,43
2018,190
2019,133
2020,162
2021,50
2022,86
2023,454
2024,93
2025,240
2026,142
2027,115
2028,179
2029,145
2030,85
2031,314
2032,150
2033,43
2034,27
2035,1048
2036,267
2037,1601
2038,156
2039,43
2040,1156
2041,86
2042,25
2043,96
2044,467
2045,33
2046,84
2047,289
2048,615
2049,26
2050,49
2051,234
2052,28
2053,79
2054,183
2055,29
2056,119
2057,175
2058,188
2059,227
2060,182
2061,1750
2062,2667
2063,50
2064,46
2065,526
2066,117
2067,95
2068,78
2069,277
2070,404
2071,172
2072,345
2073,129
2074,96
2075,300
2076,187
2077,77
2078,262
2079,58
2080,131
2081,292
2082,45
2083,488
2084,22
2085,93
2086,915
2087,65
2088,90
2089,174
2090,83
2092,165
2093,83
2095,726
2096,19
2097,106
2098,222
2099,7
2100,44
2101,52
2102,488
2103,3
2104,97
2105,50
2106,1516
2107,125
2108,37
2109,88
2110,2708
2111,90
2112,166
2113,2016
2114,84
2115,57
2116,179
2117,356
2118,167
2119,356
2120,67
2121,315
2122,81
2123,249
2124,69
2125,80
2126,58
2127,240
2128,205
2129,151
2130,111
2131,139
2132,56
2133,73
2134,97
2135,413
2136,29
2137,658
2138,92
2139,77
2140,91
2141,315
2142,514
2143,1479
2144,2007
2145,79
2146,596
2147,692
2148,120
2149,232
2150,159
2151,344
2152,181
2153,183
2154,35
2155,463
2156,747
2157,10
2158,249
2159,83
2160,137
2161,295
2162,94
2163,134
2164,488
2165,93
2166,114
2167,374
2168,36
2169,50
2170,51
2171,56
2172,200
2173,377
2174,183
2175,79
2176,205
2177,310
2178,109
2179,53
2180,263
2181,28
2182,221
2183,85
2184,156
2185,313
2186,18
2187,45
2188,63
2189,2091
2190,3
2191,37
2192,59
2193,142
2194,165
2195,171
2196,91
2197,1315
2199,10
2200,60
2201,181
2202,216
2203,114
2204,94
2205,114
2206,119
2207,226
2208,28
2209,82
2210,368
2211,33
2212,95
2213,53
2214,33
2215,113
2216,124
2217,34
2218,122
2219,264
2220,182
2221,372
2222,131
2223,287
2224,124
2225,47
2226,294
2227,449
2228,221
2229,332
2230,123
2231,151
2232,1656
2233,127
2234,40
2235,223
2236,70
2237,67
2238,101
2239,104
2240,198
2241,47
2242,138
2243,178
2244,159
2245,704
2246,686
2247,123
2248,99
2249,135
2250,37
2251,138
2252,201
2253,86
2254,141
2255,166
2256,22
2257,125
2258,583
2259,134
2260,310
2261,67
2262,177
2263,441
2264,163
2265,302
2266,109
2267,175
2268,495
2269,115
2270,124
2271,190
2272,856
2273,250
2274,65
2275,120
2276,293
2277,143
2278,63
2279,66
2280,166
2281,468
2282,135
2283,116
2284,172
2285,159
2286,183
2287,66
2288,152
2289,71
2290,194
2291,33
2292,120
2293,316
2294,75
2295,307
2296,124
2297,116
2298,10
2299,470
2300,56
2301,60
2302,39
2303,63
2304,107
2305,1238
2306,1660
2307,17
2308,71
2309,175
2310,31
2311,49
2312,11
2313,32
2314,177
2315,34
2316,48
2317,239
2318,226
2319,54
2320,63
2321,59
2322,2
2323,182
2324,243
2325,330
2326,97
2327,51
2328,42
2329,287
2330,16
2331,86
2332,52
2333,125
2334,2317
2335,220
2336,137
2337,137
2338,342
2339,75
2340,236
2341,87
2342,150
2343,170
2344,283
2345,105
2346,119
2347,55
2348,127
2349,9
2350,101
2351,44
2352,7
2353,105
2354,153
2355,39
2356,209
2357,151
2358,529
2359,106
2360,42
2361,81
2362,45
2363,130
2364,3
2365,119
2366,8
2367,83
2368,148
2369,185
2370,176
2371,390
2372,107
2373,6
2374,68
2375,89
2376,109
2377,129
2378,59
2379,1
2380,56
2381,398
2382,81
2383,111
2384,46
2385,67
2386,86
2387,65
2388,1937
2389,147
2390,180
2391,11
2392,59
2393,191
2394,60
2395,965
2396,143
2397,284
2398,787
2399,116
2400,12
2401,661
2402,71
2403,18
2404,174
2405,16
2406,198
2407,493
2408,12
2409,9
2410,350
2411,114
2412,8
2413,229
2414,6
2415,4
2416,912
2417,13
2418,159
2419,93
2420,20
2421,104
2422,85
2423,42
2424,158
2425,74
2426,196
2427,57
2428,131
2429,8
2430,101
2431,153
2432,564
2433,762
2434,845
2435,150
2436,191
2437,203
2438,147
2439,156
2440,155
2441,346
2442,114
2443,116
2444,102
2445,1772
2446,242
2447,921
2448,282
2449,583
2450,693
2451,5
2452,51
2453,1407
2454,127
2455,2376
2456,125
2457,22
2458,542
2459,298
2460,54
2461,157
2462,766
2463,33
2464,58
2465,74
2466,129
2467,166
2468,263
2469,490
2470,1804
2471,64
2472,58
2473,132
2474,51
2475,77
2476,84
2477,96
2478,35
2479,61
2480,198
2481,16
2482,159
2483,290
2484,166
2485,2954
2486,7
2487,16
2488,875
2489,150
2490,6
2491,103
2492,108
2493,125
2494,820
2495,4
2496,9
2497,442
2498,148
2499,158
2500,87
2501,44
2502,181
2503,68
2504,275
2505,25
2506,185
2507,272
2508,1232
2509,2035
2510,262
2511,87
2512,222
2513,142
2514,130
2515,122
2516,296
2517,9
2518,410
2519,35
2520,7
2521,72
2522,106
2523,1650
2524,191
2525,175
2526,186
2527,801
2528,200
2529,48
2530,159
2531,267
2532,21
2533,175
2534,467
2535,94
2536,2113
2537,138
2538,27
2539,198
2540,31
2541,61
2542,52
2543,98
2544,415
2545,111
2546,25
2547,33
2548,82
2549,120
2550,392
2551,205
2552,47
2553,1
2554,85
2555,25
2556,69
2557,51
2558,217
2559,123
2560,194
2561,161
2562,34
2563,133
2564,326
2565,99
2566,84
2567,36
2568,129
2569,33
2570,708
2571,170
2572,168
2573,44
2574,759
2575,51
2576,51
2577,224
2578,114
2579,71
2580,110
2581,128
2582,176
2583,267
2584,106
2585,429
2586,25
2587,240
2588,114
2589,193
2590,216
2591,289
2592,302
2593,352
2594,405
2595,293
2596,216
2597,474
2598,9
2599,271
2600,246
2601,41
2602,119
2603,4
2605,120
2606,78
2607,483
2608,58
2609,27
2610,290
2611,192
2612,81
2613,12
2614,56
2615,4
2616,10
2617,50
2618,334
2619,12
2620,107
2621,17
2622,50
2623,1139
2624,83
2625,60
2626,204
2627,315
2628,2
2629,70
2630,40
2631,3
2632,358
2633,105
2634,3
2635,125
2636,24
2637,5
2638,550
2639,244
2640,76
2641,92
2642,207
2643,13
2644,1940
2645,64
2646,69
2647,807
2648,345
2649,79
2650,520
2651,80
2652,279
2653,241
2654,101
2655,103
2656,85
2657,45
2658,149
2659,991
2660,11
2661,13
2662,610
2663,23
2664,123
2665,84
2666,21
2667,359
2668,585
2669,319
2670,8
2671,177
2672,103
2673,26
2674,43
2675,1093
2676,944
2677,35
2678,21
2679,69
2680,155
2681,32
2682,42
2683,110
2684,63
2685,79
2686,12
2687,80
2688,123
2689,129
2690,6
2691,40
2692,147
2693,50
2694,42
2695,2075
2696,5
2697,69
2698,1014
2699,82
2700,354
2701,562
2702,7
2703,3
2704,650
2705,87
2706,1850
2707,88
2708,284
2709,5
2710,1912
2711,69
2712,163
2713,221
2714,15
2715,9
2716,731
2717,6
2718,9
2719,82
2720,213
2721,268
2722,72
2723,156
2724,263
2725,133
2726,137
2727,511
2728,96
2729,54
2730,199
2731,622
2732,203
2733,4
2734,249
2735,51
2736,362
2737,132
2738,3
2739,2
2740,46
2741,102
2742,78
2743,76
2744,91
2745,359
2746,365
2747,157
2748,124
2749,574
2750,31
2751,184
2752,114
2753,91
2754,12
2755,600
2756,200
2757,32
2758,36
2759,67
2760,42
2761,87
2762,42
2763,1
2764,478
2765,12
2766,84
2767,132
2768,162
2769,57
2770,88
2771,81
2772,41
2773,769
2774,15
2775,218
2776,87
2777,70
2778,153
2779,55
2780,66
2781,16
2782,1188
2783,91
2784,152
2785,292
2786,309
2787,29
2788,1105
2789,64
2790,1062
2791,94
2792,5
2793,19
2794,31
2795,57
2796,78
2797,39
2798,133
2800,105
2801,102
2802,12
2803,297
2804,70
2805,85
2806,120
2807,49
2808,169
2809,341
2810,203
2811,14
2812,38
2813,58
2814,2
2815,229
2816,33
2817,71
2818,81
2819,93
2820,41
2821,62
2822,191
2823,1
2824,52
2825,65
2826,92
2827,273
2828,48
2829,113
2830,216
2831,30
2832,1496
2833,166
2834,3
2835,16
2836,534
2837,78
2838,443
2839,126
2840,114
2841,806
2842,1393
2843,22
2844,17
2845,341
2846,20
2847,534
2848,87
2849,108
2850,11
2851,131
2852,18
2853,33
2854,233
2855,366
2856,56
2857,865
2858,257
2859,100
2860,74
2861,98
2862,875
2863,156
2864,72
2865,103
2866,137
2867,371
2868,29
2869,162
2870,86
2871,171
2872,267
2873,46
2874,100
2875,415
2876,52
2877,11
2878,734
2879,337
2880,298
2881,566
2882,180
2883,269
2884,133
2885,358
2886,58
2887,117
2888,53
2889,10
2890,403
2891,347
2892,183
2893,191
2894,156
2895,249
2896,174
2897,145
2898,272
2899,102
2900,158
2901,57
2902,1373
2903,1146
2904,158
2905,73
2906,43
2907,106
2908,78
2909,39
2910,1657
2911,359
2912,49
2913,3
2914,147
2915,37
2916,92
2917,62
2918,550
2919,765
2920,148
2921,199
2922,73
2923,327
2924,138
2925,492
2926,112
2927,46
2928,91
2929,183
2930,153
2931,75
2932,53
2933,627
2934,4
2935,237
2936,43
2937,1072
2938,71
2939,1359
2940,365
2941,103
2942,538
2943,240
2944,481
2945,540
2946,186
2947,354
2948,188
2949,13
2950,257
2951,28
2952,65
2953,126
2954,288
2955,1
2956,89
2957,75
2958,79
2959,254
2960,15
2961,51
2962,249
2963,5
2964,45
2965,22
2966,101
2967,155
2968,32
2969,516
2970,98
2971,137
2972,174
2973,2011
2974,255
2975,72
2976,256
2977,118
2978,115
2979,83
2980,269
2981,151
2982,12
2983,298
2984,31
2985,1
2986,147
2987,65
2988,36
2989,52
2990,53
2991,119
2992,354
2993,35
2994,110
2995,297
2996,40
2997,592
2998,182
2999,147
3000,71
3001,89
3002,29
3003,222
3004,625
3005,33
3006,54
3007,54
3008,48
3009,41
3010,116
3011,115
3012,17
3013,203
3014,242
3015,169
3016,107
3017,87
3018,83
3019,225
3020,366
3021,127
3022,167
3023,38
3024,6
3025,187
3026,128
3027,179
3028,81
3029,3
3030,79
3031,57
3032,23
3033,49
3034,118
3035,37
3036,13
3037,7488
3038,168
3039,64
3040,660
3041,356
3042,406
3043,222
3044,216
3045,1889
3046,413
3047,738
3048,236
3049,721
3050,70
3051,251
3052,577
3053,312
3054,206
3055,504
3056,41
3057,106
3058,247
3059,99
3060,82
3061,239
3062,77
3063,122
3064,169
3065,475
3066,216
3067,100
3068,189
3069,567
3070,96
3071,113
3072,146
3073,111
3074,51
3075,172
3076,175
3077,109
3078,158
3079,200
3080,123
3081,162
3082,233
3083,90
3084,249
3085,527
3086,92
3087,80
3088,136
3089,66
3090,312
3091,248
3092,825
3093,469
3094,263
3095,286
3096,5470
3097,88
3098,40
3099,302
3100,132
3101,17
3102,117
3103,89
3104,223
3105,102
3106,220
3107,25
3108,85
3109,169
3110,23
3111,166
3112,143
3113,103
3114,121
3115,66
3116,79
3117,888
3118,130
3119,59
3120,157
3121,163
3122,570
3123,203
3124,156
3125,94
3126,190
3127,145
3128,46
3129,31
3130,369
3131,25
3132,85
3133,110
3134,118
3135,79
3136,85
3137,90
3138,87
3139,69
3140,1606
3141,293
3142,125
3143,129
3144,63
3146,96
3147,75
3148,172
3149,122
3150,27
3151,95
3152,769
3153,379
3154,98
3155,170
3156,849
3157,566
3158,111
3159,453
3160,191
3161,198
3162,445
3163,210
3164,451
3165,869
3166,242
3167,218
3168,436
3169,176
3170,321
3171,143
3172,248
3173,41
3174,136
3175,95
3176,1833
3177,2785
3178,202
3179,246
3180,134
3181,181
3182,204
3183,119
3184,283
3185,89
3186,115
3187,225
3188,22
3189,148
3190,172
3191,35
3192,45
3193,292
3194,102
3195,76
3196,213
3197,79
3198,38
3199,120
3200,23
3201,9
3202,23
3203,37
3204,9
3205,132
3206,359
3207,194
3208,149
3209,91
3210,322
3211,136
3212,74
3213,321
3214,123
3215,154
3216,271
3217,101
3218,363
3219,93
3220,59
3221,125
3222,68
3223,64
3224,69
3225,351
3226,113
3227,164
3228,74
3229,190
3230,357
3231,694
3232,92
3233,25
3234,237
3235,98
3236,40
3237,130
3238,198
3239,472
3240,127
3241,1393
3242,555
3243,377
3244,364
3245,219
3246,248
3247,107
3248,72
3249,200
3250,858
3251,563
3252,69
3253,466
3254,97
3255,143
3256,394
3257,22
3258,104
3259,1643
3260,106
3261,1480
3262,101
3263,45
3264,1616
3265,173
3266,39
3267,2171
3268,113
3269,85
3270,203
3271,123
3272,83
3273,133
3274,80
3275,121
3276,402
3277,102
3278,101
3279,107
3280,63
3281,170
3282,55
3283,115
3284,60
3285,132
3286,366
3287,252
3288,26
3289,151
3290,32
3291,143
3292,38
3293,522
3294,255
3295,130
3296,13
3297,103
3298,87
3299,88
3300,24
3301,114
3302,86
3303,75
3304,353
3305,207
3306,289
3307,463
3308,337
3309,144
3310,56
3311,458
3312,89
3313,189
3314,97
3315,601
3316,63
3317,525
3318,424
3319,119
3320,261
3321,43
3322,71
3323,353
3324,59
3325,134
3326,60
3327,108
3328,564
3329,76
3330,1026
3331,78
3332,106
3333,94
3334,115
3335,60
3336,83
3337,129
3338,381
3339,42
3340,1088
3341,121
3342,142
3343,61
3344,172
3345,181
3346,44
3347,33
3348,25
3349,22
3350,188
3351,143
3352,47
3353,101
3354,138
3355,39
3356,5
3357,32
3358,190
3359,104
3360,21
3361,39
3362,36
3363,45
3364,89
3365,638
3366,5
3367,102
3368,45
3369,858
3370,140
3371,182
3372,111
3373,357
3374,57
3375,103
3376,67
3377,56
3378,21
3379,283
3380,231
3381,65
3382,309
3383,71
3384,7
3385,29
3386,3
3387,45
3388,45
3389,49
3390,133
3391,163
3392,105
3393,855
3394,141
3395,340
3396,75
3397,376
3398,156
3399,5
3400,53
3401,109
3402,65
3403,799
3404,182
3405,133
3406,167
3407,11
3408,4
3409,83
3410,166
3411,1901
3412,86
3413,24
3414,57
3415,66
3416,72
3417,80
3418,434
3419,147
3420,44
3421,157
3422,74
3423,77
3424,77
3425,826
3426,1150
3427,234
3428,190
3429,1073
3430,98
3431,1429
3432,44
3433,432
3434,262
3435,12
3436,68
3437,89
3438,39
3439,92
3440,6
3441,86
3442,241
3443,119
3444,199
3445,85
3446,288
3447,224
3448,347
3449,33
3450,86
3451,144
3452,153
3453,91
3454,110
3455,162
3456,160
3457,326
3458,47
3459,4
3460,71
3461,32
3462,48
3463,64
3464,530
3465,6
3466,282
3467,295
3468,319
3469,146
3470,357
3471,281
3472,212
3473,299
3474,54
3475,185
3476,476
3477,148
3478,362
3479,94
3480,60
3481,404
3482,636
3483,849
3484,265
3485,450
3486,499
3487,451
3488,127
3489,6
3490,83
3491,65
3492,142
3493,364
3494,53
3495,156
3496,333
3497,198
3498,223
3499,178
3500,52
3501,26
3502,106
3503,57
3504,133
3505,585
3506,85
3507,91
3508,244
3509,177
3510,439
3511,525
3512,111
3513,10
3514,325
3515,11
3516,26
3517,147
3518,284
3519,23
3520,156
3521,18
3522,95
3523,295
3524,22
3525,30
3526,126
3527,83
3528,152
3529,176
3530,110
3531,271
3532,148
3533,67
3534,26
3535,320
3536,134
3537,100
3538,102
3539,195
3540,359
3541,226
3542,393
3543,411
3544,101
3545,21
3546,147
3547,527
3548,210
3549,279
3550,79
3551,387
3552,308
3553,79
3554,88
3555,9
3556,140
3557,66
3558,100
3559,220
3560,234
3561,121
3562,428
3563,611
3565,379
3566,305
3567,319
3568,30
3569,646
3570,78
3571,56
3572,44
3573,74
3574,51
3575,189
3576,96
3577,86
3578,68
3579,35
3580,97
3581,118
3582,389
3583,975
3584,15
3585,11
3586,107
3587,1146
3588,20
3589,613
3590,78
3591,88
3592,345
3593,530
3594,10
3595,76
3596,114
3597,54
3598,137
3599,19
3600,63
3601,133
3602,1821
3603,62
3604,616
3605,51
3606,484
3607,147
3608,403
3609,38
3610,147
3611,125
3612,3
3613,124
3614,156
3615,35
3616,146
3617,161
3618,140
3619,2355
3620,1017
3621,131
3622,515
3623,220
3624,120
3625,229
3626,126
3627,158
3628,172
3629,188
3630,63
3631,73
3632,60
3633,83
3634,729
3635,77
3636,120
3637,163
3638,769
3640,61
3641,35
3642,59
3643,145
3644,305
3645,92
3646,575
3647,172
3648,140
3649,158
3650,28
3651,90
3652,54
3653,1824
3654,52
3655,84
3656,560
3657,6
3658,52
3659,31
3660,139
3661,117
3662,83
3663,169
3664,55
3665,59
3666,126
3667,61
3668,2
3669,7
3670,149
3671,181
3672,81
3673,50
3674,58
3675,144
3676,92
3677,27
3678,5
3679,53
3680,34
3681,63
3682,274
3683,39
3684,210
3685,462
3686,757
3687,75
3688,846
3689,216
3690,112
3691,153
3692,1373
3693,47
3694,128
3695,2038
3696,18
3697,56
3698,402
3699,3
3700,182
3701,203
3702,163
3703,53
3704,260
3705,14
3706,135
3707,104
3708,8
3709,162
3710,127
3711,3
3712,129
3713,221
3714,286
3715,170
3716,244
3717,1296
3718,174
3719,225
3720,172
3721,59
3722,473
3723,71
3724,65
3725,67
3726,36
3727,53
3728,1591
3729,192
3730,57
3731,220
3732,434
3733,277
3734,136
3735,106
3736,1185
3737,1607
3738,1494
3739,75
3740,123
3741,387
3742,55
3743,1995
3744,106
3745,153
3746,32
3747,96
3748,93
3749,80
3750,11
3751,55
3752,133
3753,139
3754,102
3755,198
3756,40
3757,35
3758,9
3759,34
3760,25
3761,109
3762,18
3763,147
3764,153
3765,220
3766,438
3767,67
3768,2247
3769,159
3770,186
3771,47
3772,169
3773,854
3774,439
3775,516
3776,89
3777,601
3779,87
3780,116
3781,120
3782,108
3783,63
3784,1861
3785,132
3786,37
3787,1789
3788,80
3789,1
3790,128
3791,171
3792,483
3793,110
3794,267
3795,44
3796,505
3797,42
3798,52
3799,61
3800,125
3801,216
3802,315
3803,35
3804,47
3805,48
3806,52
3807,114
3808,263
3809,713
3810,95
3811,795
3812,67
3813,93
3814,141
3815,100
3816,73
3817,1986
3818,57
3819,37
3820,28
3821,248
3822,1
3823,59
3824,152
3825,25
3826,59
3827,93
3828,1700
3829,153
3830,105
3831,139
3832,333
3833,78
3834,47
3835,65
3836,53
3837,60
3838,640
3839,182
3840,157
3841,79
3842,169
3843,166
3844,144
3845,77
3846,92
3847,76
3848,72
3849,179
3850,55
3851,61
3852,179
3853,85
3854,72
3855,130
3856,185
3857,57
3858,111
3859,269
3860,262
3861,57
3862,117
3863,91
3864,130
3865,77
3866,67
3867,61
3868,72
3869,97
3870,118
3871,1654
3872,288
3873,369
3874,2087
3875,484
3876,612
3877,453
3878,81
3879,218
3880,555
3881,209
3882,298
3883,119
3884,546
3885,682
3886,68
3887,37
3888,114
3889,222
3890,166
3891,102
3892,712
3893,310
3894,66
3895,131
3896,576
3897,48
3898,90
3899,69
3900,85
3901,394
3902,621
3903,1400
3904,281
3905,212
3906,62
3907,50
3908,169
3909,311
3910,42
3911,40
3912,357
3913,140
3914,63
3915,119
3916,62
3917,157
3918,184
3919,73
3920,72
3921,68
3922,71
3923,1146
3924,925
3925,106
3926,179
3927,363
3928,113
3929,249
3930,111
3931,111
3932,74
3933,136
3934,70
3935,21
3936,166
3937,169
3938,138
3939,234
3940,147
3941,76
3942,93
3943,119
3944,26
3945,74
3946,114
3947,281
3948,475
3949,131
3950,81
3951,213
3952,203
3953,31
3954,100
3955,956
3956,51
3957,39
3958,54
3959,149
3960,181
3961,829
3962,45
3963,75
3964,142
3965,93
3966,353
3967,66
3968,55
3969,131
3970,31
3971,302
3972,38
3973,76
3974,65
3975,47
3976,78
3977,45
3978,17
3979,97
3980,162
3981,17
3982,146
3983,90
3984,383
3985,87
3986,37
3987,944
3988,111
3989,45
3990,737
3991,103
3992,451
3993,104
3994,607
3995,170
3996,114
3997,154
3998,119
3999,73
4000,71
4001,44
4002,931
4003,95
4004,21
4005,98
4006,352
4007,50
4008,146
4009,648
4010,609
4011,139
4012,989
4013,57
4014,205
4015,116
4016,120
4017,57
4018,61
4019,18
4020,23
4021,908
4022,48
4023,4
4024,160
4025,41
4026,1
4027,51
4028,48
4029,8
4030,41
4032,3
4033,175
4034,102
4035,35
4036,65
4037,8
4038,4
4039,384
4040,137
4041,92
4042,47
4043,33
4044,77
4045,188
4046,10
4047,5
4048,354
4049,95
4051,278
4052,63
4053,29
4054,231
4055,162
4056,5
4057,454
4058,437
4059,155
4060,235
4061,6
4062,6
4063,185
4064,1
4065,26
4066,227
4067,116
4068,356
4069,379
4070,71
4071,358
4072,130
4073,315
4074,3
4075,97
4076,208
4077,34
4078,37
4079,115
4080,207
4081,101
4082,103
4083,114
4084,3108
4085,140
4086,101
4087,132
4088,56
4089,32
4090,479
4091,183
4092,429
4093,551
4094,84
4095,196
4096,159
4097,31
4098,29
4099,597
4100,75
4101,6
4102,94
4103,29
4104,78
4105,591
4106,66
4107,65
4108,97
4109,368
4110,149
4111,357
4112,77
4113,1710
4114,158
4115,392
4116,130
4117,252
4118,77
4119,4
4120,149
4121,93
4122,71
4123,57
4124,212
4125,64
4126,277
4127,102
4128,2
4129,61
4130,29
4131,34
4132,87
4133,156
4134,8
4135,130
4136,551
4137,45
4138,232
4139,25
4140,144
4141,229
4142,144
4143,91
4144,339
4145,157
4146,68
4147,51
4148,847
4149,164
4150,172
4151,78
4152,25
4153,55
4154,3
4155,180
4156,175
4157,35
4158,1373
4159,121
4160,269
4161,15
4162,646
4163,22
4164,22
4165,260
4166,301
4167,65
4168,5
4169,22
4170,9
4171,163
4172,22
4173,339
4174,109
4175,4
4176,11
4177,57
4178,13
4179,117
4180,440
4181,2483
4182,272
4183,110
4184,529
4185,180
4186,78
4187,66
4188,22
4189,304
4190,2
4191,18
4192,174
4193,3
4194,107
4195,157
4196,28
4197,139
4198,63
4199,53
4200,54
4201,575
4202,588
4203,2
4204,75
4205,510
4206,1275
4207,1050
4208,45
4209,120
4210,106
4211,67
4212,150
4213,103
4214,52
4215,1
4216,130
4217,112
4218,157
4219,64
4220,64
4222,72
4223,93
4224,10
4225,165
4226,247
4227,29
4228,144
4229,193
4230,824
4231,137
4232,249
4233,265
4234,819
4235,85
4236,133
4237,243
4238,5
4239,9
4240,227
4241,105
4242,131
4243,25
4244,9
4245,6
4246,422
4248,51
4249,187
4250,31
4251,6
4252,333
4253,5
4254,12
4255,2508
4256,19
4257,14
4258,195
4259,9
4260,10
4261,241
4262,14
4263,21
4264,75
4265,54
4266,32
4267,57
4268,40
4269,174
4270,216
4271,18
4272,15
4273,63
4274,6
4275,3
4276,2768
4277,8
4278,81
4279,156
4280,247
4281,8
4282,147
4283,68
4284,110
4285,799
4286,8
4287,4
4288,600
4289,91
4290,71
4291,183
4292,31
4293,142
4294,214
4295,105
4296,382
4297,132
4298,84
4299,48
4300,1546
4301,239
4302,3
4303,52
4304,9
4305,54
4306,54
4307,47
4308,112
4309,183
4310,16
4311,84
4312,32
4313,43
4314,77
4315,111
4316,93
4317,57
4318,54
4319,213
4320,2390
4321,2460
4322,34
4323,9
4324,40
4325,33
4326,28
4327,542
4328,72
4329,4
4330,241
4331,2457
4332,11
4333,77
4334,143
4335,27
4336,197
4337,15
4338,37
4339,57
4340,97
4341,26
4342,99
4343,136
4344,170
4345,540
4346,243
4347,384
4348,99
4350,3
4351,184
4352,50
4353,147
4354,202
4355,4
4356,61
4357,271
4358,14
4359,65
4360,56
4361,7
4362,26
4363,40
4364,127
4365,2
4366,54
4367,63
4368,5
4369,174
4370,73
4371,12
4372,133
4374,20
4375,108
4376,28
4377,3
4378,64
4379,64
4380,43
4381,147
4382,2
4383,7
4384,2
4385,33
4386,138
4387,128
4388,57
4389,8
4390,207
4391,84
4392,179
4393,136
4394,15
4395,10
4396,589
4397,49
4398,10
4399,1008
4400,150
4401,4
4402,145
4403,148
4404,283
4405,92
4406,419
4407,3
4408,106
4409,115
4410,533
4411,168
4412,88
4413,26
4414,120
4415,55
4416,17
4417,67
4418,21
4419,22
4420,168
4421,528
4422,284
4423,1452
4424,17
4425,18
4426,159
4427,154
4428,20
4429,31
4430,51
4431,6
4432,82
4433,7
4434,18
4435,179
4436,200
4437,21
4438,713
4439,2
4440,24
4441,71
4442,192
4443,95
4444,917
4445,14
4446,45
4447,72
4448,93
4449,249
4450,83
4451,15
4452,76
4453,128
4454,222
4455,1188
4456,2634
4457,191
4458,39
4459,71
4460,101
4461,10
4462,68
4463,26
4464,206
4465,86
4466,33
4467,377
4468,64
4469,28
4470,2
4471,5
4472,14
4473,36
4474,150
4475,1198
4476,183
4477,31
4478,41
4479,60
4480,134
4481,28
4482,5
4483,160
4484,23
4485,139
4486,331
4487,80
4488,37
4489,31
4490,149
4491,8
4492,53
4493,35
4494,43
4495,64
4496,80
4497,13
4498,35
4499,37
4500,81
4501,271
4502,43
4503,111
4504,877
4505,35
4506,22
4507,69
4508,236
4509,35
4510,1285
4511,141
4512,22
4513,107
4514,48
4515,12
4516,82
4517,47
4518,160
4519,140
4520,26
4521,38
4522,47
4523,103
4524,433
4525,65
4526,3
4527,115
4528,336
4529,13
4530,14
4531,47
4532,8
4533,33
4534,758
4535,22
4536,8
4537,52
4538,15
4539,6
4540,1646
4541,12
4542,119
4543,2303
4544,106
4545,151
4546,62
4547,271
4548,520
4549,136
4550,58
4551,1229
4552,71
4553,73
4554,184
4555,140
4556,213
4557,9
4558,130
4559,203
4560,504
4561,552
4562,31
4563,146
4564,98
4565,84
4566,6
4567,102
4568,211
4569,1
4570,589
4571,104
4572,110
4573,423
4574,56
4575,396
4576,405
4577,340
4578,6
4579,3699
4580,4
4581,7
4582,2256
4583,298
4584,147
4585,234
4586,2259
4587,8
4588,60
4589,147
4590,54
4591,175
4592,28
4593,12
4594,58
4595,145
4596,396
4597,173
4598,44
4599,9
4600,107
4601,173
4602,7
4603,113
4604,59
4605,35
4606,62
4607,57
4608,148
4609,68
4610,6
4611,7
4612,78
4613,134
4614,38
4615,276
4616,6
4617,5
4618,307
4619,53
4620,16
4621,93
4622,132
4623,42
4624,168
4625,47
4626,7
4627,78
4628,6
4629,9
4630,319
4631,74
4632,71
4633,992
4634,148
4635,9
4636,111
4637,47
4638,125
4639,121
4640,61
4641,2
4642,272
4643,103
4644,61
4645,125
4646,27
4647,42
4648,134
4649,137
4650,77
4651,220
4652,42
4653,40
4654,155
4655,1000
4656,327
4657,230
4658,25
4659,420
4660,141
4661,1
4662,2
4663,2
4664,45
4665,298
4666,229
4667,59
4668,890
4669,130
4670,37
4671,2
4672,435
4673,8
4674,105
4675,87
4676,57
4677,9
4678,247
4679,327
4680,215
4681,192
4682,221
4683,1279
4684,293
4685,7
4686,979
4687,106
4688,38
4689,1
4690,131
4691,30
4692,18
4693,141
4694,177
4695,6
4696,132
4697,38
4698,715
4699,164
4700,54
4701,61
4702,89
4703,134
4704,215
4705,169
4706,80
4707,146
4708,177
4709,75
4710,175
4711,142
4712,159
4713,31
4714,177
4715,10
4716,113
4717,111
4718,67
4719,174
4720,1058
4721,3
4723,135
4724,2
4725,3
4726,144
4727,76
4728,17
4729,32
4730,48
4731,56
4732,341
4733,213
4734,1
4735,177
4736,8
4737,37
4738,92
4739,11
4740,11
4741,93
4742,36
4743,14
4744,102
4745,27
4746,93
4747,68
4748,20
4749,53
4750,75
4751,41
4752,1732
4753,41
4754,1139
4755,1129
4756,147
4757,33
4758,115
4759,138
4760,13
4761,61
4762,67
4763,710
4764,162
4765,106
4766,16
4767,4
4768,54
4769,182
4770,35
4771,130
4772,9
4773,5
4774,51
4775,25
4776,365
4777,453
4778,161
4779,335
4780,806
4781,40
4782,633
4783,95
4784,1832
4785,13
4786,165
4787,93
4788,595
4789,208
4790,180
4791,43
4792,54
4793,25
4794,1578
4795,2209
4796,27
4797,54
4798,160
4799,12
4800,89
4801,79
4802,116
4803,100
4804,166
4805,2
4806,6
4807,32
4808,12
4809,402
4810,527
4811,43
4812,40
4813,168
4814,37
4815,964
4816,196
4817,23
4818,43
4819,95
4820,7
4821,86
4822,127
4823,197
4824,410
4825,116
4826,14
4827,807
4828,91
4829,58
4830,72
4831,56
4832,1960
4833,29
4834,55
4835,37
4836,7
4837,50
4838,462
4839,86
4840,108
4841,87
4842,33
4843,105
4844,112
4845,2
4846,59
4847,52
4849,67
4850,6
4851,274
4852,88
4853,32
4854,52
4855,123
4856,240
4857,62
4858,42
4859,106
4860,465
4861,170
4862,17
4863,33
4864,76
4865,66
4866,132
4867,29
4868,141
4869,3
4870,457
4871,112
4872,131
4873,94
4874,61
4875,36
4876,421
4877,20
4878,664
4879,42
4880,41
4881,234
4882,158
4883,52
4884,159
4885,557
4886,703
4887,253
4888,348
4889,26
4890,1485
4891,1655
4892,95
4893,1902
4894,141
4895,37
4896,14
4897,1310
4898,726
4899,80
4900,808
4901,819
4902,13
4903,100
4904,711
4905,208
4906,247
4907,219
4908,168
4909,66
4910,67
4911,133
4912,150
4913,298
4914,38
4915,55
4916,361
4917,298
4918,415
4919,73
4920,262
4921,407
4922,99
4923,26
4924,126
4925,296
4926,109
4927,2158
4928,66
4929,102
4930,243
4931,482
4932,4
4933,59
4934,26
4935,92
4936,191
4937,65
4938,330
4939,55
4940,313
4941,40
4942,100
4943,75
4944,5
4945,80
4946,72
4947,162
4948,99
4949,87
4950,88
4951,103
4952,82
4953,113
4954,90
4955,83
4956,58
4957,145
4958,212
4959,55
4960,617
4961,51
4962,192
4963,354
4964,39
4965,1206
4966,81
4967,142
4968,91
4969,51
4970,3
4971,45
4972,94
4973,139
4974,24
4975,339
4976,51
4977,28
4978,53
4979,36
4980,278
4981,126
4982,5
4983,8
4984,177
4985,52
4986,8
4987,159
4988,20
4989,3
4990,519
4991,148
4992,103
4993,897
4994,189
4995,143
4996,223
4997,1
4998,7
4999,2025
5000,360
5001,32
5002,388
5003,51
5004,40
5005,313
5006,93
5007,646
5008,1179
5009,46
5010,161
5012,731
5013,55
5014,131
5015,227
5016,63
5017,295
5018,251
5019,30
5020,613
5021,159
5022,66
5023,571
5024,60
5025,875
5026,154
5027,103
5028,251
5029,227
5030,131
5031,1253
5032,129
5033,8
5034,44
5035,222
5036,249
5037,288
5038,76
5039,28
5040,114
5041,138
5042,13
5043,84
5044,167
5045,39
5046,46
5047,165
5048,217
5049,126
5050,95
5051,501
5052,401
5053,151
5054,33
5055,1713
5056,73
5057,2
5058,79
5059,130
5060,65
5061,39
5062,336
5063,372
5064,205
5065,346
5066,1
5067,6
5068,220
5069,50
5070,7
5071,124
5072,25
5073,43
5074,110
5075,34
5076,48
5077,596
5078,97
5079,798
5080,110
5081,7
5082,41
5083,39
5084,79
5085,143
5086,19
5087,8
5088,37
5089,37
5090,254
5091,27
5092,130
5093,433
5094,187
5095,198
5096,33
5097,110
5098,176
5099,69
5100,892
5101,104
5102,274
5103,34
5104,178
5105,77
5106,134
5107,106
5108,135
5109,39
5110,28
5111,10
5112,80
5113,51
5114,96
5115,112
5116,96
5117,75
5118,13
5119,54
5120,83
5121,16
5122,76
5123,99
5124,62
5125,95
5126,43
5127,7
5128,417
5129,168
5130,48
5131,30
5132,22
5133,72
5134,92
5135,10
5136,226
5137,171
5138,135
5139,78
5140,591
5141,66
5142,420
5143,181
5144,3118
5145,46
5146,40
5147,1045
5148,275
5149,87
5150,337
5151,71
5152,267
5153,9
5154,1
5155,335
5156,148
5157,802
5158,202
5159,123
5160,55
5161,144
5162,80
5163,135
5164,516
5165,71
5166,31
5167,433
5168,39
5169,2
5170,424
5171,242
5172,19
5173,1029
5174,87
5175,1212
5176,93
5177,107
5178,1363
5179,360
5180,450
5181,41
5182,430
5183,2495
5184,2208
5185,64
5186,13
5187,14
5188,49
5189,9
5190,6
5191,69
5192,1824
5193,65
5194,717
5195,11
5196,4
5197,33
5198,8
5199,11
5200,145
5201,25
5202,30
5203,743
5204,55
5205,68
5206,576
5207,1
5208,4
5209,168
5210,216
5211,368
5212,118
5213,85
5214,9
5215,35
5216,17
5217,87
5218,472
5219,136
5220,82
5221,1367
5222,23
5223,185
5224,107
5225,20
5226,66
5227,93
5228,26
5229,125
5230,1644
5231,4
5232,5
5233,3
5234,111
5235,109
5236,235
5237,7
5238,3
5239,2234
5240,345
5241,297
5242,77
5243,7
5244,15
5245,71
5246,52
5247,12
5248,67
5249,47
5250,157
5251,102
5252,77
5253,110
5254,33
5255,63
5256,7
5258,13
5259,814
5260,987
5261,27
5262,13
5263,61
5264,84
5266,59
5267,33
5268,60
5269,168
5270,8
5271,104
5272,21
5273,216
5274,299
5275,212
5276,220
5277,147
5278,315
5279,31
5280,42
5281,374
5282,1
5283,11
5284,2985
5285,3
5286,4
5287,84
5288,33
5289,40
5290,277
5291,69
5292,2
5293,153
5294,143
5295,19
5296,388
5297,81
5298,454
5299,142
5300,249
5301,1582
5302,196
5303,96
5304,9
5305,1964
5306,149
5308,86
5309,95
5310,1992
5311,75
5312,450
5313,4
5314,613
5315,2
5316,4
5317,85
5318,2
5319,2
5320,57
5321,135
5322,16
5323,66
5324,20
5325,34
5326,332
5327,69
5328,7
5329,102
5330,11
5331,46
5332,109
5333,24
5334,4
5335,80
5336,54
5337,126
5338,636
5339,1636
5340,184
5341,72
5342,110
5343,220
5344,160
5345,60
5346,122
5347,197
5348,334
5349,2
5350,56
5351,2
5352,5
5353,127
5354,9
5355,2
5356,239
5357,35
5358,19
5359,106
5360,1
5361,5
5362,98
5364,1
5365,2468
5366,100
5367,24
5368,155
5369,40
5370,2
5371,222
5372,52
5373,30
5374,213
5375,5
5376,27
5377,137
5378,202
5379,11
5380,139
5381,11
5382,12
5383,182
5384,43
5385,76
5386,822
5387,157
5388,1079
5389,170
5390,39
5391,94
5392,1895
5393,107
5394,12
5395,58
5396,8
5397,2
5398,49
5399,13
5400,3
5401,55
5402,73
5403,2
5404,104
5405,243
5406,207
5407,412
5408,99
5409,1
5410,104
5411,190
5412,103
5413,377
5414,20
5415,5
5416,268
5417,21
5418,36
5419,47
5420,39
5421,114
5422,245
5423,1
5424,109
5425,714
5426,74
5427,319
5428,131
5429,127
5430,1
5431,349
5432,185
5433,28
5434,100
5435,25
5436,190
5437,320
5438,44
5439,31
5440,144
5441,146
5442,6
5443,59
5444,3
5445,14
5446,113
5447,99
5448,51
5449,53
5450,7
5451,33
5452,98
5453,8
5454,41
5455,58
5456,51
5457,247
5458,65
5459,43
5460,9
5461,155
5462,223
5463,259
5464,40
5465,137
5466,100
5467,1298
5468,65
5469,2
5470,139
5471,77
5472,17
5473,86
5474,27
5475,114
5476,75
5477,312
5478,31
5479,171
5480,87
5481,183
5482,413
5483,43
5484,109
5485,129
5486,50
5487,4
5488,123
5489,188
5490,112
5491,157
5492,74
5493,228
5494,79
5495,21
5496,118
5497,2244
5498,23
5499,67
5500,62
5501,75
5502,9
5503,109
5504,111
5505,17
5506,404
5507,131
5508,83
5509,123
5510,40
5511,100
5512,3803
5513,337
5514,63
5515,635
5516,104
5517,11
5518,300
5519,2
5520,2
5521,46
5522,22
5523,71
5524,52
5525,65
5526,1592
5527,97
5528,3
5529,5
5530,74
5531,41
5532,15
5533,216
5534,16
5535,135
5536,214
5537,22
5538,166
5539,552
5540,18
5541,158
5542,213
5543,49
5544,963
5545,131
5546,64
5547,361
5548,540
5549,394
5550,39
5551,71
5552,18
5553,326
5554,652
5555,245
5556,54
5557,53
5558,228
5559,21
5560,192
5561,78
5562,141
5563,209
5564,123
5565,15
5566,113
5567,246
5568,3
5569,72
5570,580
5571,78
5572,635
5573,118
5574,43
5575,1332
5576,155
5577,180
5578,280
5579,32
5580,27
5581,618
5582,65
5583,344
5584,1942
5585,68
5586,59
5587,46
5588,12
5589,14
5590,70
5591,8
5592,2
5593,148
5594,52
5595,151
5596,64
5597,20
5598,51
5599,106
5600,105
5601,10
5602,69
5603,4
5604,146
5605,76
5606,55
5607,144
5608,388
5609,25
5610,4
5611,53
5612,237
5613,17
5614,221
5615,10
5616,113
5617,251
5618,178
5619,709
5620,68
5621,793
5622,1833
5623,71
5624,1
5625,4
5626,63
5627,58
5628,1605
5629,1034
5630,4
5631,2
5632,58
5633,77
5634,15
5635,38
5636,56
5637,53
5638,130
5639,25
5640,65
5641,90
5642,27
5643,150
5644,153
5645,22
5646,719
5647,53
5648,260
5649,72
5650,145
5651,12
5652,3
5653,272
5654,1848
5655,3
5656,38
5657,200
5658,101
5659,51
5660,19
5661,92
5662,133
5663,7
5664,6
5665,340
5666,80
5667,67
5668,359
5669,12
5670,9
5671,95
5672,1681
5673,473
5674,87
5675,4
5676,3
5677,47
5678,128
5679,20
5680,83
5681,135
5682,6
5683,134
5684,41
5685,2
5686,4
5687,6
5688,2
5689,261
5690,377
5691,599
5692,81
5693,560
5694,596
5695,66
5696,142
5697,151
5698,203
5699,158
5700,579
5701,238
5702,28
5703,229
5704,476
5705,168
5706,205
5707,359
5708,86
5709,76
5710,53
5711,25
5712,6
5713,76
5714,36
5715,86
5716,308
5717,341
5718,125
5719,212
5720,444
5721,58
5722,79
5723,101
5724,767
5725,165
5726,3
5727,1
5728,103
5729,38
5730,2345
5731,124
5732,6
5733,7
5734,88
5735,10
5737,43
5738,33
5739,139
5740,71
5741,4
5742,149
5745,1
5746,308
5747,57
5748,308
5749,89
5750,2
5751,13
5752,50
5753,79
5754,117
5755,148
5756,118
5757,27
5758,329
5759,17
5760,76
5761,72
5762,58
5763,108
5764,77
5765,10
5766,12
5767,113
5768,1
5769,1
5770,239
5771,2
5772,4
5773,190
5774,2
5775,59
5776,41
5777,419
5778,4
5779,137
5780,132
5781,3
5782,14
5783,24
5784,1894
5785,83
5786,18
5787,445
5788,42
5789,14
5790,57
5791,91
5792,61
5793,45
5794,55
5795,46
5796,357
5797,120
5798,24
5799,4
5800,155
5801,34
5802,314
5803,57
5804,43
5805,66
5806,1846
5807,89
5808,14
5809,45
5810,284
5811,2
5812,3591
5813,51
5814,14
5815,104
5816,100
5817,479
5818,77
5819,60
5820,72
5821,79
5822,1904
5823,21
5824,154
5825,61
5826,2860
5827,52
5828,61
5829,176
5830,449
5831,77
5832,538
5833,666
5834,198
5835,861
5836,160
5837,90
5838,70
5839,133
5840,311
5841,43
5842,396
5843,44
5844,106
5845,120
5846,31
5847,55
5848,44
5849,1021
5850,862
5851,73
5852,141
5853,3
5854,74
5855,46
5856,7
5857,268
5858,71
5859,2
5860,109
5861,198
5862,11
5863,71
5864,63
5865,19
5866,397
5867,53
5868,6
5869,3249
5870,35
5871,92
5872,135
5873,9
5874,31
5875,71
5876,80
5877,231
5878,555
5879,99
5880,204
5881,69
5882,12
5883,2
5884,2709
5885,64
5886,732
5887,69
5888,18
5889,6
5890,76
5891,52
5892,323
5893,395
5894,99
5895,138
5896,39
5897,21
5898,79
5899,106
5900,125
5901,152
5902,100
5903,204
5904,24
5905,114
5906,37
5907,1640
5908,97
5909,2
5910,7
5911,221
5912,2
5913,48
5914,94
5915,131
5916,7
5917,171
5918,129
5919,12
5920,141
5921,15
5922,3
5923,64
5924,551
5925,47
5926,86
5927,218
5928,22
5929,79
5930,48
5931,188
5932,110
5933,27
5934,890
5935,119
5936,34
5937,34
5938,57
5939,128
5940,21
5941,220
5942,175
5943,55
5944,1766
5945,64
5946,51
5947,125
5948,41
5949,104
5950,717
5951,62
5952,32
5953,323
5954,101
5955,49
5956,507
5957,96
5958,115
5959,65
5960,11
5961,35
5962,48
5963,10
5964,15
5965,126
5966,11
5967,65
5968,79
5969,8
5970,20
5971,53
5972,273
5973,27
5974,1491
5975,69
5976,66
5977,129
5978,25
5979,739
5980,76
5981,108
5982,23
5983,157
5984,17
5985,21
5986,3036
5987,35
5988,206
5989,123
5990,77
5991,107
5992,257
5993,13
5994,5
5995,269
5996,28
5997,36
5998,74
5999,95
6000,77
6001,113
6002,20
6003,179
6004,288
6005,61
6006,17
6007,183
6008,272
6009,80
6010,70
6011,189
6012,133
6013,134
6014,67
6015,72
6016,551
6017,53
6018,122
6019,49
6020,86
6021,43
6022,173
6023,410
6024,256
6025,392
6026,1988
6027,2309
6028,119
6029,64
6030,120
6031,2050
6032,401
6033,605
6034,114
6035,224
6036,233
6037,888
6038,19
6039,65
6040,3988
6041,118
6042,113
6043,210
6044,23
6045,19
6046,83
6047,10
6048,5
6049,27
6050,8
6051,67
6052,147
6053,14
6054,4
6055,62
6056,211
6057,21
6058,242
6059,14
6060,6
6061,55
6062,45
6063,269
6064,112
6065,40
6066,60
6067,234
6068,139
6069,221
6070,2081
6071,22
6072,40
6073,119
6074,33
6075,5
6076,63
6077,268
6078,105
6079,123
6080,119
6081,246
6082,175
6083,74
6084,272
6085,139
6086,40
6087,2
6088,47
6089,6
6090,3
6091,446
6092,63
6093,66
6094,315
6095,71
6096,35
6097,91
6098,56
6099,324
6100,69
6101,223
6102,94
6103,28
6104,20
6105,223
6106,103
6107,51
6108,59
6109,219
6110,16
6111,39
6112,38
6113,376
6114,599
6115,160
6116,69
6117,223
6118,94
6119,54
6120,839
6121,180
6122,58
6123,103
6124,159
6125,45
6126,29
6127,194
6128,383
6129,5
6130,86
6131,41
6132,55
6133,101
6134,143
6135,2
6136,122
6137,87
6138,33
6139,116
6140,51
6141,8
6142,105
6143,35
6144,31
6145,1611
6146,4
6147,4
6148,477
6149,192
6150,25
6151,415
6152,46
6153,4
6154,99
6155,25
6156,103
6157,136
6158,56
6159,10
6160,72
6161,36
6162,35
6163,111
6164,25
6165,20
6166,323
6168,26
6169,284
6170,147
6171,64
6172,38
6173,53
6174,72
6175,107
6176,66
6177,61
6178,116
6179,60
6180,58
6181,236
6182,29
6183,146
6184,137
6185,275
6186,7
6187,252
6188,87
6189,5
6190,343
6191,99
6192,121
6193,91
6194,218
6195,829
6196,2543
6197,117
6198,743
6199,168
6200,24
6201,15
6202,30
6203,5
6204,103
6205,140
6206,9
6207,104
6208,136
6209,4
6210,2
6211,192
6212,18
6213,373
6214,69
6216,26
6217,114
6218,60
6219,2
6220,108
6221,41
6222,2
6223,109
6224,155
6225,5
6226,412
6228,72
6229,89
6230,232
6231,96
6232,88
6233,85
6234,17
6235,75
6236,152
6237,3
6238,178
6239,1
6240,8
6241,9
6242,33
6243,8
6244,57
6245,146
6246,46
6247,128
6248,140
6249,49
6250,479
6251,39
6252,90
6253,171
6254,149
6256,95
6257,21
6258,945
6259,54
6260,14
6261,92
6262,277
6263,10
6264,67
6265,84
6266,369
6267,367
6268,478
6269,32
6270,257
6271,266
6272,161
6273,262
6274,398
6275,16
6276,213
6277,65
6278,221
6279,227
6280,42
6281,7
6282,6
6283,596
6284,49
6285,1903
6286,2511
6287,10
6288,22
6289,22
6290,4
6291,57
6292,52
6293,333
6294,312
6295,214
6296,93
6297,103
6298,58
6299,41
6300,16
6301,67
6302,54
6303,8
6304,82
6305,94
6306,62
6307,70
6308,190
6309,418
6310,1930
6311,94
6312,2302
6313,96
6314,51
6315,113
6316,71
6317,1505
6318,699
6319,237
6320,586
6321,45
6322,137
6323,76
6324,75
6325,60
6326,49
6327,327
6328,154
6329,243
6330,280
6331,59
6332,29
6333,99
6334,158
6335,96
6336,2170
6337,843
6338,50
6339,46
6340,90
6341,124
6342,283
6343,181
6344,187
6345,73
6346,74
6347,697
6348,82
6349,520
6350,122
6351,137
6352,1291
6353,190
6354,1510
6355,255
6356,175
6357,137
6358,652
6359,304
6360,87
6361,1116
6362,499
6363,686
6364,649
6365,49
6366,354
6367,362
6368,444
6369,149
6370,61
6371,164
6372,96
6373,390
6374,146
6375,164
6376,418
6377,55
6378,141
6379,150
6380,508
6381,51
6382,108
6383,94
6384,288
6385,434
6386,130
6387,184
6388,652
6389,166
6390,119
6391,162
6392,246
6393,329
6394,377
6395,692
6396,150
6397,53
6398,60
6399,74
6400,72
6401,1788
6402,6152
6403,163
6404,866
6405,65
6406,437
6407,217
6408,572
6409,356
6410,96
6411,185
6412,166
6413,102
6414,76
6415,142
6416,228
6417,23
6418,106
6419,192
6420,62
6421,611
6422,148
6423,63
6424,117
6425,59
6426,177
6427,225
6428,620
6429,318
6430,136
6431,22
6432,385
6433,440
6434,114
6435,259
6436,42
6437,16
6438,99
6439,194
6440,63
6441,150
6442,131
6443,427
6444,73
6445,866
6446,1167
6447,71
6448,99
6449,1929
6450,61
6451,146
6452,66
6453,125
6454,171
6455,26
6456,67
6457,63
6458,63
6459,362
6460,66
6461,71
6462,54
6463,490
6464,85
6465,63
6466,78
6467,102
6468,456
6469,216
6470,30
6471,528
6472,703
6473,183
6474,177
6475,110
6476,577
6477,42
6478,222
6479,189
6480,27
6481,78
6482,218
6483,124
6484,119
6485,191
6486,72
6487,336
6488,149
6489,73
6490,32
6491,191
6492,303
6493,18
6494,253
6495,33
6496,47
6497,42
6498,51
6499,77
6500,1102
6501,520
6502,150
6503,176
6504,453
6505,91
6506,52
6507,99
6508,172
6509,53
6510,78
6511,125
6512,94
6513,199
6514,37
6515,46
6516,52
6517,84
6518,34
6519,57
6520,61
6521,121
6522,199
6523,127
6524,53
6525,1962
6526,125
6527,94
6528,156
6529,170
6530,130
6531,200
6532,707
6533,246
6534,37
6535,165
6536,561
6537,280
6538,1007
6539,2659
6540,92
6541,2592
6542,76
6543,1896
6544,71
6545,170
6546,216
6547,318
6548,640
6549,52
6550,64
6551,158
6552,164
6553,185
6554,186
6555,550
6556,131
6557,88
6558,472
6559,92
6560,30
6561,129
6562,57
6563,104
6564,26
6565,81
6566,314
6567,73
6568,1280
6569,57
6570,101
6571,113
6572,100
6573,2572
6574,63
6575,67
6576,258
6577,58
6578,616
6579,94
6580,85
6581,34
6582,1146
6583,129
6584,114
6585,72
6586,111
6587,31
6588,73
6589,257
6590,71
6591,63
6592,50
6593,403
6594,377
6595,25
6596,40
6597,207
6598,126
6599,20
6600,85
6601,152
6602,90
6603,26
6604,256
6605,134
6606,1625
6607,35
6608,64
6609,190
6610,193
6611,197
6612,34
6613,636
6614,164
6615,16
6616,943
6617,267
6618,214
6619,39
6620,33
6621,19
6622,291
6623,65
6624,95
6625,104
6626,93
6627,1229
6628,1525
6629,1310
6630,31
6631,151
6632,148
6633,1930
6634,366
6635,42
6636,2468
6637,239
6638,2145
6639,120
6640,192
6641,165
6642,98
6643,82
6644,73
6645,19
6646,543
6647,309
6648,379
6649,224
6650,144
6651,1227
6652,168
6653,418
6654,105
6655,64
6656,47
6657,85
6658,117
6659,1036
6660,123
6661,411
6662,229
6663,64
6664,480
6665,413
6666,464
6667,178
6668,55
6669,54
6670,57
6671,239
6672,307
6673,326
6674,83
6675,211
6676,55
6677,242
6678,25
6679,144
6680,94
6681,733
6682,80
6683,73
6684,88
6685,97
6686,45
6687,98
6688,76
6689,101
6690,307
6691,102
6692,55
6693,285
6694,261
6695,326
6696,514
6697,88
6698,106
6699,42
6700,117
6701,1824
6702,58
6703,66
6704,83
6705,156
6706,1735
6707,92
6708,134
6709,131
6710,313
6711,28
6712,67
6713,250
6714,44
6715,37
6716,225
6717,152
6718,78
6719,138
6720,1180
6721,51
6722,22
6723,1053
6724,105
6725,31
6726,1151
6727,57
6728,65
6729,101
6730,1513
6731,95
6732,60
6733,73
6734,148
6735,55
6736,196
6737,52
6738,309
6739,163
6740,627
6741,310
6742,135
6743,25
6744,154
6745,67
6746,54
6747,53
6748,54
6749,64
6750,59
6751,336
6752,382
6753,191
6754,117
6755,149
6756,62
6757,42
6758,31
6759,403
6760,88
6761,81
6762,1423
6763,64
6764,32
6765,31
6766,45
6767,28
6768,89
6769,218
6770,80
6771,104
6772,64
6773,31
6774,13
6775,65
6776,2
6777,119
6778,172
6779,55
6780,43
6781,2009
6782,119
6783,11
6784,78
6785,40
6786,389
6787,50
6788,24
6789,2
6790,335
6791,114
6792,27
6793,140
6794,420
6795,14
6796,96
6797,7
6798,56
6799,52
6800,91
6801,15
6802,242
6803,38
6804,107
6805,43
6806,137
6807,422
6808,77
6809,49
6810,24
6811,62
6812,144
6813,1557
6814,60
6815,31
6816,120
6817,73
6818,53
6819,150
6820,53
6821,355
6822,194
6823,76
6824,25
6825,138
6826,87
6827,23
6828,286
6829,37
6830,12
6831,84
6832,43
6833,60
6834,9
6835,42
6836,17
6837,49
6838,69
6839,61
6840,490
6841,136
6842,88
6843,1769
6844,106
6845,49
6846,36
6847,206
6848,237
6849,110
6850,447
6851,448
6852,181
6853,217
6854,40
6855,530
6856,66
6857,39
6858,20
6859,72
6860,143
6861,385
6862,103
6863,35
6864,86
6865,1066
6866,67
6867,55
6868,403
6870,124
6871,73
6872,135
6873,47
6875,36
6876,89
6877,217
6878,68
6879,69
6880,66
6881,98
6882,56
6883,983
6884,559
6885,82
6886,122
6887,53
6888,51
6889,160
6890,121
6891,28
6892,41
6893,5
6894,1020
6895,94
6896,2245
6897,6
6898,53
6899,15
6900,25
6901,304
6902,80
6903,116
6904,107
6905,37
6906,269
6907,295
6908,102
6909,39
6910,39
6911,37
6912,63
6913,81
6914,15
6915,11
6916,93
6917,38
6918,4
6919,133
6920,32
6921,95
6922,161
6923,6
6924,37
6925,65
6926,813
6927,375
6928,154
6929,3
6930,58
6931,90
6932,12
6933,12
6934,133
6935,34
6936,1377
6937,58
6938,10
6939,43
6940,43
6941,856
6942,12
6943,257
6944,215
6945,96
6946,27
6947,20
6948,101
6949,117
6950,157
6951,42
6952,36
6953,110
6954,1580
6955,47
6956,81
6957,89
6958,111
6959,20
6960,78
6961,141
6962,30
6963,23
6964,98
6965,33
6966,32
6967,95
6968,1655
6969,39
6970,59
6971,133
6972,47
6973,45
6974,36
6975,138
6976,33
6977,237
6978,63
6979,415
6980,53
6981,348
6982,1331
6983,515
6984,13
6985,65
6986,339
6987,85
6988,146
6989,91
6990,2458
6991,72
6992,59
6993,58
6994,42
6995,74
6996,307
6997,506
6998,182
6999,37
7000,426
7001,117
7002,507
7003,120
7004,60
7005,442
7006,1200
7007,221
7008,153
7009,177
7010,137
7011,1644
7012,137
7013,66
7014,17
7015,55
7016,268
7017,56
7018,36
7019,184
7020,80
7021,69
7022,70
7023,38
7024,81
7025,116
7026,121
7027,285
7028,53
7029,494
7030,80
7031,40
7032,104
7033,193
7034,112
7035,36
7036,72
7037,429
7038,286
7039,483
7040,154
7041,188
7042,1491
7043,385
7044,327
7045,111
7046,21
7047,333
7048,85
7049,117
7050,76
7051,528
7052,13
7053,5
7054,71
7055,62
7056,667
7057,257
7058,338
7059,398
7060,113
7061,214
7062,87
7063,438
7064,124
7065,147
7066,169
7067,177
7068,137
7069,172
7070,356
7071,260
7072,419
7073,8
7074,11
7075,157
7076,60
7077,95
7078,138
7079,80
7080,65
7081,1022
7082,74
7083,773
7084,166
7085,57
7086,1906
7087,86
7088,63
7089,127
7090,162
7091,128
7092,131
7093,523
7094,47
7095,274
7096,125
7097,83
7098,133
7099,117
7100,167
7101,456
7102,73
7103,88
7104,591
7105,696
7106,152
7107,18
7108,390
7109,47
7110,15
7111,108
7112,78
7113,2163
7114,139
7115,106
7116,134
7117,48
7118,63
7119,1893
7120,112
7121,91
7122,345
7123,74
7124,8363
7125,477
7126,140
7127,22
7128,28
7129,25
7130,124
7131,45
7132,44
7133,122
7134,46
7135,86
7136,22
7137,38
7138,48
7139,54
7140,9
7141,32
7142,110
7143,159
7144,69
7145,233
7146,172
7147,51
7148,67
7149,21
7150,118
7151,3
7152,3
7153,133
7154,18
7155,17
7156,113
7157,144
7158,32
7159,51
7160,540
7161,66
7162,1814
7163,38
7164,1341
7165,1924
7166,7
7167,6
7168,304
7169,246
7170,135
7171,113
7172,29
7173,851
7174,75
7175,55
7176,14
7177,47
7178,92
7179,35
7180,35
7181,17
7182,187
7183,74
7184,54
7185,296
7186,30
7187,7
7188,2
7189,29
7190,80
7191,27
7192,125
7193,16
7194,128
7195,545
7196,92
7197,7
7198,53
7199,34
7200,435
7201,417
7202,134
7203,398
7204,156
7205,61
7206,15
7207,54
7208,4
7209,48
7210,113
7211,100
7212,17
7213,83
7214,153
7215,3
7216,175
7217,71
7218,12
7219,59
7220,10
7221,91
7222,174
7223,184
7224,540
7225,133
7226,60
7227,28
7228,131
7229,186
7230,15
7231,421
7232,68
7233,8
7234,81
7235,358
7236,49
7237,186
7238,121
7239,408
7240,196
7241,3
7242,3
7243,101
7244,4
7245,9
7246,138
7247,74
7248,98
7249,67
7250,53
7251,13
7252,373
7253,44
7254,47
7255,118
7256,49
7257,36
7258,370
7259,198
7260,84
7261,63
7262,446
7263,20
7264,111
7265,74
7266,50
7267,2252
7268,16
7269,25
7270,58
7271,38
7272,235
7273,183
7274,56
7275,60
7276,62
7277,24
7278,12
7279,1910
7280,16
7281,31
7282,157
7283,121
7284,114
7285,108
7286,57
7287,4
7288,206
7290,212
7291,277
7292,163
7293,68
7294,238
7295,251
7296,400
7297,96
7298,108
7299,1493
7300,107
7301,113
7302,223
7303,1289
7304,56
7305,75
7306,254
7307,17
7308,53
7309,75
7310,108
7311,19
7312,250
7313,9
7314,11
7315,57
7316,25
7317,51
7318,743
7319,125
7320,152
7321,359
7322,83
7323,101
7324,138
7325,3
7326,8
7327,60
7328,8437
7329,119
7330,108
7331,105
7332,52
7333,93
7334,486
7335,34
7336,88
7337,32
7338,3
7339,28
7340,143
7341,106
7342,15
7343,23
7344,123
7345,76
7346,5
7347,87
7348,204
7349,8
7350,33
7351,100
7352,2
7353,403
7354,18
7355,219
7356,3
7357,98
7358,198
7359,63
7360,775
7361,6
7362,13
7363,6
7364,35
7365,13
7366,85
7367,81
7368,81
7369,38
7370,44
7371,4
7372,65
7373,4
7374,96
7375,219
7376,178
7377,6
7378,78
7379,144
7380,26
7381,87
7382,204
7383,47
7384,63
7385,134
7386,508
7387,406
7388,186
7389,218
7390,820
7391,61
7392,76
7393,2208
7394,145
7395,107
7396,128
7397,141
7398,131
7399,197
7400,52
7401,513
7402,82
7403,28
7404,13
7405,305
7406,47
7407,8
7408,41
7409,3
7410,11
7411,33
7412,1
7413,1
7414,2
7415,5
7416,1
7417,459
7418,64
7419,52
7420,3253
7421,4
7422,9
7423,713
7424,81
7425,33
7426,86
7427,100
7428,209
7429,160
7430,31
7431,404
7432,162
7433,47
7434,22
7435,120
7436,34
7437,62
7438,176
7439,32
7440,33
7441,102
7442,73
7443,74
7444,199
7445,54
7446,4
7447,21
7448,45
7449,55
7450,67
7451,300
7452,205
7453,38
7454,8
7455,77
7456,66
7457,50
7458,34
7459,131
7460,4
7461,2
7462,62
7463,152
7464,22
7465,58
7466,126
7467,27
7468,123
7469,90
7470,29
7471,808
7472,11
7473,11
7474,46
7475,2
7477,57
7478,76
7479,466
7480,264
7481,44
7482,349
7483,176
7484,223
7485,105
7486,53
7487,24
7488,970
7489,94
7490,1
7491,10
7492,56
7493,176
7494,40
7495,65
7496,38
7497,3
7498,28
7499,6
7500,2
7501,30
7502,4
7503,104
7504,363
7506,43
7507,70
7508,30
7509,14
7510,37
7511,2
7512,4
7513,176
7515,9
7516,86
7517,42
7518,210
7519,123
7520,6
7521,530
7522,82
7523,29
7524,10
7525,63
7526,130
7527,24
7528,3289
7529,10
7530,15
7531,123
7532,6
7533,4
7534,110
7535,48
7536,276
7537,81
7538,3
7539,3
7540,88
7541,13
7542,3
7543,66
7544,93
7545,11
7546,69
7547,5
7548,92
7549,136
7550,16
7551,6
7552,50
7553,166
7554,44
7555,53
7557,66
7558,63
7559,26
7560,219
7561,225
7562,54
7563,16
7564,1880
7565,16
7566,6
7567,35
7568,2
7569,1
7570,107
7571,26
7572,8
7573,631
7574,39
7575,86
7576,97
7577,23
7578,17
7579,106
7580,3
7581,33
7582,248
7583,4
7584,6
7585,119
7586,8
7587,5
7588,45
7589,46
7590,111
7591,123
7592,100
7593,12
7594,510
7595,33
7596,6
7597,45
7598,1
7599,7
7600,1781
7601,12
7602,60
7603,42
7604,718
7605,56
7606,51
7607,5
7608,3
7609,687
7610,12
7611,41
7612,132
7613,2
7614,2
7615,7
7616,3
7617,2
7618,70
7619,4
7620,3
7621,71
7622,88
7623,61
7624,77
7625,22
7626,168
7627,97
7628,5
7629,11
7630,122
7631,31
7632,45
7633,510
7634,3
7635,139
7636,138
7637,18
7638,18
7639,562
7640,30
7641,183
7642,68
7643,64
7644,743
7645,119
7646,113
7647,52
7648,44
7649,72
7650,8
7651,44
7652,2
7653,7
7654,111
7655,1
7656,5
7657,16
7658,24
7660,17
7661,52
7662,11
7663,42
7664,5
7665,8
7666,179
7667,8
7668,1
7669,131
7670,28
7671,12
7672,141
7673,41
7674,5
7675,1370
7676,76
7677,34
7678,164
7679,4
7681,308
7682,45
7683,4
7684,170
7685,31
7686,5
7687,74
7688,339
7689,5
7690,33
7691,6
7692,16
7693,389
7694,13
7695,51
7696,57
7697,3
7698,42
7699,73
7700,28
7701,17
7702,33
7703,335
7704,50
7705,141
7706,70
7707,5
7708,6
7709,29
7710,73
7711,266
7712,1007
7713,245
7714,111
7715,2
7716,225
7717,152
7718,8
7719,1
7720,316
7721,9
7722,27
7723,186
7724,18
7725,5
7726,102
7727,25
7728,1737
7729,69
7730,92
7731,27
7732,1680
7733,117
7734,177
7735,2530
7736,403
7737,20
7738,109
7739,68
7740,187
7741,100
7742,94
7743,379
7744,68
7745,97
7746,42
7747,130
7748,69
7749,1524
7750,85
7751,113
7752,47
7753,141
7754,80
7755,130
7756,608
7757,83
7758,169
7759,196
7760,213
7761,221
7762,55
7763,29
7764,2736
7765,2874
7766,280
7767,910
7768,521
7769,96
7770,126
7771,264
7772,360
7773,6
7774,55
7775,61
7776,20
7777,331
7778,23
7779,10
7780,65
7781,50
7782,202
7783,346
7784,5
7785,85
7786,97
7787,115
7788,454
7789,161
7790,206
7791,146
7792,79
7793,109
7794,120
7795,65
7796,55
7797,127
7798,1322
7799,23
7800,555
7801,80
7802,13
7803,29
7804,163
7805,8
7806,23
7807,50
7808,23
7809,112
7810,53
7811,166
7812,59
7813,246
7814,177
7815,497
7816,190
7817,493
7818,49
7819,564
7820,108
7821,192
7822,134
7823,344
7824,138
7825,126
7826,63
7827,1
7828,51
7829,310
7830,60
7831,146
7832,17
7833,75
7834,2422
7835,84
7836,25
7837,100
7838,102
7839,37
7840,729
7841,37
7842,562
7843,1145
7844,533
7845,2
7846,105
7847,62
7848,72
7849,73
7850,243
7851,1951
7852,69
7853,14
7854,108
7855,294
7856,15
7857,405
7858,393
7859,52
7860,492
7861,75
7863,308
7864,151
7865,276
7866,64
7867,45
7868,46
7869,2453
7870,246
7871,98
7872,13
7873,132
7874,287
7875,161
7876,27
7877,143
7878,41
7879,22
7880,132
7881,398
7882,92
7883,51
7884,18
7885,34
7886,200
7887,9
7888,77
7889,107
7890,25
7891,51
7892,21
7893,10
7894,44
7895,40
7896,26
7897,92
7898,79
7899,54
7900,57
7901,16
7902,37
7903,155
7904,17
7905,221
7906,91
7908,15
7909,108
7910,8
7911,128
7912,107
7913,5
7914,6
7915,111
7916,17
7917,62
7918,189
7919,256
7920,11
7921,193
7922,36
7923,334
7924,70
7925,115
7926,2764
7927,70
7928,3
7929,132
7930,198
7931,106
7932,586
7933,153
7934,137
7935,152
7936,1744
7937,10
7938,6
7939,83
7940,41
7941,8
7942,111
7943,12
7944,2
7945,2415
7946,13
7947,9
7948,758
7949,35
7950,7
7951,82
7952,2
7953,2
7954,433
7955,321
7956,4
7957,70
7958,120
7959,20
7960,345
7961,13
7962,40
7963,106
7964,4
7965,15
7966,52
7967,553
7968,22
7969,98
7970,53
7971,106
7972,37
7973,359
7974,5
7975,194
7976,66
7977,3
7978,50
7979,353
7980,2
7981,370
7982,80
7983,18
7984,621
7985,28
7986,138
7987,349
7988,132
7989,154
7990,319
7991,92
7993,91
7994,144
7995,526
7996,244
7997,17
7998,211
7999,147
8000,66
8001,332
8002,114
8003,346
8004,42
8005,157
8006,115
8007,43
8008,1434
8009,63
8010,221
8011,98
8012,87
8013,116
8014,165
8015,138
8016,2075
8017,1286
8018,127
8019,162
8020,173
8021,133
8023,105
8024,106
8025,711
8027,243
8028,28
8029,45
8030,3
8031,994
8032,109
8033,17
8034,12
8035,73
8036,40
8037,7
8038,70
8039,141
8040,325
8041,134
8042,74
8043,412
8044,63
8045,17
8047,561
8048,147
8049,34
8050,73
8051,224
8052,79
8053,372
8054,30
8055,163
8056,235
8057,15
8058,7
8059,45
8060,23
8061,23
8062,237
8063,74
8064,149
8065,53
8066,18
8067,69
8068,52
8069,14
8070,4
8071,47
8072,146
8073,99
8074,445
8075,240
8076,110
8077,63
8078,791
8079,23
8080,125
8081,116
8082,167
8083,546
8084,102
8085,64
8086,107
8087,22
8088,66
8089,78
8090,1838
8091,15
8092,2015
8093,9
8094,38
8095,51
8096,83
8097,391
8098,46
8099,491
8100,22
8101,39
8102,614
8103,13
8104,105
8105,162
8106,609
8107,139
8108,27
8109,681
8110,129
8111,78
8112,150
8113,111
8114,133
8115,119
8116,135
8117,175
8118,450
8119,140
8120,82
8121,158
8122,68
8123,888
8124,7
8125,125
8126,142
8127,361
8128,113
8129,15
8130,73
8131,639
8132,52
8133,112
8134,215
8135,137
8136,46
8137,572
8138,74
8139,1516
8140,2496
8141,109
8142,23
8143,71
8144,224
8145,44
8146,353
8147,54
8148,71
8149,158
8150,71
8151,90
8152,391
8153,71
8154,7
8155,218
8156,334
8157,243
8158,216
8159,131
8160,290
8161,102
8162,42
8163,8
8164,140
8165,154
8166,71
8167,103
8168,57
8169,213
8170,318
8171,289
8172,279
8173,155
8174,281
8175,293
8176,193
8177,81
8178,128
8179,1875
8180,16
8181,190
8182,209
8183,96
8184,166
8185,192
8186,37
8187,29
8188,60
8189,203
8190,6
8191,93
8192,4
8193,2
8194,140
8195,10
8196,14
8197,143
8198,6
8199,1
8200,94
8201,100
8202,19
8203,208
8204,8
8205,14
8206,60
8207,19
8208,1420
8209,62
8211,46
8212,68
8213,71
8214,50
8215,129
8216,122
8217,5
8218,37
8219,136
8220,40
8221,67
8222,43
8223,54
8224,113
8225,5
8226,5
8227,61
8228,252
8229,1
8230,48
8231,3
8232,37
8233,69
8234,69
8235,22
8236,139
8237,14
8239,68
8240,1319
8241,60
8242,210
8243,24
8244,79
8245,128
8246,23
8247,1321
8248,167
8249,25
8250,27
8251,795
8252,102
8253,12
8254,75
8255,5
8256,17
8257,83
8258,339
8259,19
8260,116
8262,32
8263,165
8264,254
8265,106
8266,702
8267,10
8269,82
8270,6
8271,1
8272,30
8273,8
8274,103
8275,31
8276,5
8277,5
8278,247
8279,11
8281,309
8282,1
8283,2
8284,172
8285,93
8287,323
8288,15
8289,29
8290,2202
8291,1
8292,6
8293,1938
8294,2
8295,1
8296,166
8297,6
8298,4
8299,1896
8300,3
8301,47
8302,261
8303,138
8304,8
8305,208
8306,11
8307,27
8308,124
8309,34
8310,86
8311,803
8312,10
8313,4
8314,41
8315,119
8316,602
8317,77
8318,1881
8319,16
8320,1202
8321,8
8322,289
8323,283
8324,6
8326,2112
8327,704
8329,292
8330,2
8331,5
8332,62
8333,6
8334,724
8335,135
8336,18
8337,4
8338,73
8339,10
8340,6
8341,147
8342,32
8343,19
8344,1675
8345,20
8346,8
8347,39
8348,134
8349,209
8350,83
8351,38
8352,268
8353,353
8354,600
8355,3
8356,142
8357,663
8358,102
8359,206
8360,122
8361,2
8362,96
8363,11
8364,5
8365,133
8366,70
8367,324
8368,433
8369,6
8370,5
8371,639
8372,157
8373,7
8374,317
8375,4
8376,1
8377,70
8378,2
8379,69
8380,85
8381,82
8382,65
8383,68
8384,30
8385,2
8386,505
8387,39
8388,51
8389,1660
8390,82
8391,18
8392,119
8393,777
8394,299
8395,102
8396,35
8397,4
8398,58
8399,105
8400,86
8401,13
8403,5
8404,1
8405,22
8406,5
8407,631
8408,241
8409,26
8410,90
8411,4
8412,70
8413,80
8414,100
8415,32
8416,168
8417,3
8418,2
8419,396
8420,137
8421,80
8422,89
8423,28
8424,8
8425,201
8426,51
8427,1
8428,122
8429,1
8430,11
8431,111
8432,10
8433,4
8434,76
8435,13
8436,28
8437,67
8438,278
8439,7
8440,112
8441,52
8442,87
8443,92
8444,1
8445,33
8446,84
8447,28
8448,28
8449,58
8450,91
8451,1
8452,45
8453,114
8454,85
8455,20
8456,142
8457,89
8458,50
8459,28
8460,23
8461,80
8462,33
8463,18
8464,97
8465,1
8466,46
8467,52
8468,1
8469,48
8470,50
8471,10
8472,80
8473,395
8474,2
8475,44
8476,384
8477,59
8478,5
8479,96
8480,726
8481,372
8482,103
8483,66
8484,3
8485,32
8486,18
8487,46
8488,76
8489,30
8490,4
8491,67
8492,1
8493,7
8494,133
8495,24
8496,7
8497,103
8498,72
8499,301
8500,89
8501,32
8502,331
8503,110
8504,2
8505,14
8506,25
8507,3
8508,51
8509,60
8510,4
8512,103
8513,147
8514,1
8515,60
8516,200
8517,6
8518,34
8519,57
8520,71
8521,78
8522,77
8523,3
8524,81
8525,146
8526,5
8527,123
8528,37
8529,3
8530,71
8531,37
8532,30
8533,94
8534,3
8535,57
8536,167
8537,143
8538,3
8539,47
8540,289
8541,329
8542,63
8543,75
8544,4
8545,68
8546,3
8547,309
8548,694
8549,9
8550,3
8551,140
8552,4
8553,5
8554,28
8555,9
8556,47
8557,54
8558,81
8559,65
8560,54
8561,252
8562,62
8563,32
8564,62
8565,81
8566,212
8567,74
8568,99
8569,118
8570,71
8571,38
8572,195
8573,40
8574,70
8575,72
8576,124
8577,109
8578,278
8579,10
8580,96
8581,139
8582,32
8583,41
8584,67
8585,64
8586,53
8587,40
8588,33
8589,23
8590,430
8591,241
8592,39
8593,140
8594,81
8595,467
8596,55
8597,726
8598,18
8599,148
8600,248
8601,102
8602,435
8603,280
8604,132
8605,533
8606,497
8607,62
8608,92
8609,50
8610,29
8611,54
8612,548
8613,42
8614,128
8615,121
8616,412
8617,91
8618,204
8619,334
8620,83
8621,162
8622,161
8623,87
8624,50
8625,67
8626,1181
8627,38
8628,71
8629,90
8630,31
8631,12
8632,42
8633,85
8634,405
8635,36
8636,111
8637,556
8638,38
8639,334
8640,310
8641,349
8642,257
8643,80
8644,102
8645,937
8646,12
8647,142
8648,88
8649,97
8650,473
8651,268
8652,138
8653,909
8654,39
8655,2082
8656,107
8657,54
8658,900
8659,65
8660,1183
8661,77
8662,365
8663,37
8664,876
8665,119
8666,71
8667,122
8668,484
8669,81
8670,51
8671,60
8672,136
8673,483
8674,86
8675,81
8676,152
8677,59
8678,7
8679,67
8680,86
8681,168
8682,238
8683,1641
8684,116
8685,21
8686,35
8687,51
8688,55
8689,259
8690,3
8691,12
8692,534
8693,3
8694,89
8695,191
8696,87
8697,423
8698,87
8699,179
8700,7
8701,144
8702,12
8703,76
8704,213
8705,162
8706,126
8707,129
8708,19
8709,10
8710,84
8711,140
8712,115
8713,339
8714,11
8715,223
8716,109
8717,320
8718,131
8719,157
8720,75
8721,16
8722,320
8723,114
8724,13
8725,20
8726,133
8727,302
8728,120
8729,270
8730,367
8731,101
8732,28
8733,1430
8734,90
8735,27
8736,36
8737,453
8738,65
8739,450
8740,58
8741,4
8742,3
8743,76
8744,34
8745,3
8746,57
8747,236
8748,657
8749,214
8750,7
8751,45
8752,963
8753,2
8754,4
8755,72
8756,363
8757,96
8758,152
8759,85
8760,549
8761,130
8762,180
8763,295
8764,252
8765,7
8766,6
8767,114
8768,303
8769,52
8770,734
8771,76
8772,1406
8773,148
8774,16
8775,11
8776,9
8777,33
8778,15
8779,76
8780,83
8781,129
8782,957
8783,11
8784,157
8785,156
8786,97
8787,171
8788,132
8789,25
8791,68
8792,54
8793,45
8794,30
8795,198
8796,167
8797,38
8798,14
8799,69
8800,383
8801,106
8802,1661
8803,69
8804,27
8805,65
8806,183
8807,58
8808,71
8809,690
8810,56
8811,82
8812,211
8813,205
8814,662
8815,204
8816,4
8817,13
8818,1022
8819,279
8820,19
8821,263
8822,117
8823,42
8824,83
8825,276
8826,83
8829,1483
8830,215
8831,63
8832,749
8833,186
8834,154
8836,514
8837,177
8838,178
8839,40
8840,57
8841,913
8842,139
8843,99
8844,179
8845,238
8846,68
8847,3
8848,165
8849,556
8850,101
8851,229
8852,41
8853,69
8854,149
8855,156
8856,61
8857,109
8858,241
8859,9
8860,604
8861,632
8862,106
8863,230
8864,9
8865,7
8866,152
8867,299
8868,44
8869,97
8870,77
8871,57
8872,485
8873,65
8874,11
8875,227
8876,146
8877,22
8878,349
8879,125
8880,400
8881,232
8882,265
8883,126
8884,314
8885,216
8888,241
8889,506
8890,325
8891,71
8892,290
8893,113
8894,65
8895,599
8896,72
8897,46
8898,157
8899,174
8900,188
8901,19
8902,95
8903,85
8904,62
8905,625
8906,97
8907,30
8908,119
8909,37
8910,30
8911,249
8912,62
8913,21
8914,224
8915,52
8916,13
8917,2078
8918,75
8919,3
8920,66
8921,160
8922,41
8923,46
8924,10
8925,11
8926,81
8927,196
8928,26
8929,81
8930,11
8931,4
8932,25
8933,61
8934,56
8935,58
8936,180
8937,1113
8938,97
8939,553
8940,25
8941,131
8942,153
8943,97
8944,51
8945,93
8946,158
8947,805
8948,84
8949,80
8950,2083
8951,7
8952,10
8953,111
8954,12
8955,4
8956,1041
8957,33
8958,205
8959,61
8960,162
8961,123
8962,149
8963,131
8964,2601
8965,91
8966,37
8967,70
8968,65
8969,102
8970,35
8971,55
8972,147
8973,102
8974,51
8975,30
8976,104
8977,256
8978,5
8979,4
8980,686
8981,56
8982,950
8983,309
8984,185
8985,77
8986,2351
8987,8
8988,4
8989,73
8990,411
8991,1451
8992,126
8993,57
8994,513
8995,159
8996,127
8997,42
8998,141
8999,34
9000,20
9001,112
9002,4
9003,4
9004,97
9005,14
9006,29
9007,157
9008,46
9009,2
9010,192
9011,25
9012,9
9013,114
9014,37
9015,11
9016,102
9017,24
9018,53
9019,129
9020,2
9021,8
9022,83
9023,69
9024,126
9025,79
9026,99
9027,51
9028,49
9029,27
9030,4
9031,58
9032,12
9033,41
9034,89
9035,53
9036,86
9037,279
9038,72
9040,110
9041,42
9042,637
9043,105
9044,64
9045,29
9046,62
9047,43
9048,112
9049,798
9050,498
9051,651
9052,207
9053,3028
9054,30
9055,86
9056,314
9057,43
9058,116
9059,10
9060,19
9061,107
9062,8
9063,14
9064,81
9065,17
9066,11
9067,105
9068,15
9069,12
9070,580
9071,42
9072,521
9073,1710
9074,18
9075,4
9076,115
9077,144
9078,38
9079,67
9080,485
9081,4
9082,41
9083,51
9084,56
9085,379
9086,154
9087,126
9088,71
9089,18
9090,6
9091,84
9092,387
9093,40
9094,117
9095,87
9096,429
9097,77
9098,2
9099,6
9100,161
9101,25
9102,66
9103,119
9104,60
9105,134
9106,84
9107,74
9108,3
9109,75
9110,308
9111,259
9112,560
9113,378
9114,96
9115,227
9116,123
9117,24
9118,673
9119,35
9120,576
9121,110
9122,13
9123,91
9124,198
9125,5
9126,4
9127,236
9128,115
9129,35
9130,979
9131,227
9132,11
9133,531
9134,83
9135,95
9136,157
9137,13
9138,58
9139,345
9140,108
9141,321
9142,797
9143,85
9144,263
9145,99
9146,74
9147,42
9148,93
9149,31
9150,6
9151,278
9152,14
9153,124
9154,131
9155,18
9156,12
9157,252
9158,145
9159,12
9160,90
9161,27
9162,306
9163,557
9164,46
9165,2366
9166,1613
9167,317
9168,13
9169,511
9170,606
9171,51
9172,190
9173,7
9174,44
9175,136
9176,137
9177,49
9178,34
9179,166
9180,1609
9181,70
9182,106
9183,42
9184,26
9185,19
9186,20
9187,91
9188,128
9189,20
9190,983
9191,211
9192,21
9193,131
9194,113
9195,633
9196,65
9197,42
9198,283
9199,133
9200,28
9201,6
9202,171
9203,399
9204,406
9205,349
9206,57
9207,640
9208,333
9209,55
9210,67
9211,337
9212,1
9213,1
9214,616
9215,1
9216,9
9217,46
9218,12
9219,117
9220,525
9221,113
9222,5
9223,1794
9224,176
9225,40
9226,678
9227,34
9228,245
9229,83
9230,7
9231,5
9232,77
9233,11
9234,6
9235,129
9236,43
9237,182
9238,188
9239,39
9240,9
9241,235
9242,155
9243,72
9244,167
9245,200
9246,2120
9247,210
9248,13
9249,26
9250,91
9251,345
9252,8
9253,72
9254,1
9255,5
9256,50
9257,160
9258,35
9259,458
9260,50
9261,23
9262,188
9263,35
9264,163
9265,45
9266,166
9267,155
9268,61
9269,65
9270,69
9271,32
9272,161
9273,58
9274,241
9275,3
9276,90
9277,7
9278,155
9279,26
9280,110
9281,45
9282,1
9283,79
9284,13
9285,28
9286,2083
9287,5
9288,36
9289,106
9290,87
9291,227
9292,118
9293,46
9294,27
9295,85
9296,36
9297,1
9298,624
9299,15
9300,179
9301,166
9302,54
9303,146
9304,92
9305,61
9306,50
9307,59
9308,233
9309,46
9310,147
9311,6
9312,7
9313,118
9314,273
9315,12
9316,259
9317,30
9318,17
9319,1300
9320,3
9321,11
9322,108
9323,14
9324,1
9325,37
9326,195
9327,22
9328,347
9329,79
9330,57
9331,147
9332,114
9333,618
9334,83
9335,268
9336,24
9337,122
9338,27
9339,79
9340,101
9341,45
9342,5
9343,136
9344,2553
9345,3
9346,80
9347,138
9348,377
9349,56
9350,9
9351,43
9352,269
9353,89
9354,39
9355,144
9356,30
9357,7
9358,170
9359,61
9360,643
9361,62
9362,5
9363,57
9364,48
9365,402
9366,3
9367,16
9368,94
9369,20
9370,185
9371,19
9372,81
9373,45
9374,6
9375,5
9376,101
9377,112
9378,6
9379,134
9380,8
9381,17
9382,49
9383,123
9384,428
9385,100
9386,50
9387,19
9388,241
9389,238
9390,22
9391,610
9392,86
9393,17
9394,51
9395,38
9396,11
9397,128
9398,107
9399,138
9400,131
9401,6
9402,9
9403,96
9404,64
9405,4
9406,22
9407,223
9408,49
9409,738
9410,58
9411,264
9412,183
9413,5
9414,8
9415,81
9416,170
9417,44
9418,120
9419,487
9420,49
9421,98
9422,80
9423,12
9424,1342
9425,217
9426,18
9427,153
9428,159
9429,284
9430,4620
9431,515
9432,44
9433,130
9434,226
9435,40
9436,93
9437,93
9438,1932
9439,88
9440,119
9441,170
9442,406
9443,550
9444,17
9445,346
9446,136
9447,379
9448,672
9449,15
9450,4
9451,684
9452,23
9453,44
9454,129
9455,75
9456,49
9457,31
9458,13
9459,4
9460,56
9461,33
9462,81
9463,111
9464,5
9465,3
9466,18
9467,5
9468,70
9469,80
9470,34
9471,15
9472,73
9473,217
9474,1696
9475,107
9476,12
9477,26
9478,92
9479,725
9480,13
9481,69
9482,8
9483,139
9484,170
9485,209
9486,38
9487,693
9488,28
9489,125
9490,71
9491,2145
9492,142
9493,95
9494,69
9495,78
9496,125
9497,194
9498,14
9499,119
9500,85
9501,232
9502,406
9503,65
9504,62
9505,30
9506,2
9507,54
9508,404
9509,86
9510,337
9511,65
9512,45
9513,34
9514,47
9515,358
9516,4
9517,58
9518,207
9519,183
9520,481
9521,545
9522,2
9523,54
9524,117
9525,94
9526,736
9527,7
9528,4
9529,212
9530,174
9531,84
9532,1596
9533,120
9534,1994
9535,160
9536,166
9537,31
9538,59
9539,86
9540,4
9541,687
9542,29
9543,20
9544,75
9545,54
9546,36
9547,42
9548,17
9549,67
9550,73
9551,23
9552,4
9553,101
9554,97
9555,61
9556,65
9557,37
9558,6
9559,2302
9560,81
9561,1697
9562,174
9563,33
9564,4
9565,2596
9566,98
9567,33
9568,45
9569,107
9570,4
9571,95
9572,104
9573,22
9574,36
9575,135
9576,33
9577,46
9578,4
9579,11
9580,142
9581,8
9582,54
9583,98
9584,318
9585,59
9586,90
9587,218
9588,134
9589,45
9590,28
9591,5
9592,419
9593,42
9594,2
9595,118
9596,59
9597,2
9598,486
9599,40
9600,40
9601,90
9602,18
9603,301
9604,203
9605,40
9606,12
9607,40
9608,50
9609,25
9610,93
9611,1594
9612,8
9613,53
9614,99
9615,457
9616,61
9617,2
9618,42
9619,80
9620,7
9621,32
9622,159
9623,195
9624,20
9625,112
9626,17
9627,55
9628,108
9629,63
9630,38
9631,30
9632,22
9633,4
9634,169
9635,28
9636,132
9637,60
9638,322
9639,1
9640,238
9641,177
9642,150
9643,163
9644,5
9645,32
9646,273
9647,2
9648,4
9649,4
9650,365
9651,91
9652,437
9653,187
9654,34
9655,94
9656,50
9657,71
9658,113
9659,9
9660,19
9661,1044
9662,29
9663,140
9664,59
9665,675
9666,140
9667,93
9668,87
9669,1
9670,60
9671,89
9672,17
9673,55
9674,23
9675,4
9676,112
9677,20
9678,135
9679,665
9680,1
9681,2
9682,2
9683,267
9684,109
9685,112
9686,41
9687,17
9688,47
9689,59
9690,72
9691,67
9692,75
9693,2668
9694,62
9695,4
9696,5
9697,212
9698,145
9699,233
9700,810
9701,138
9702,111
9703,31
9704,25
9705,91
9706,84
9707,340
9708,46
9709,53
9710,51
9711,529
9712,576
9713,88
9714,420
9715,67
9716,3
9717,46
9718,141
9719,14
9720,1
9721,215
9722,48
9723,97
9724,1780
9725,65
9726,28
9727,103
9729,3
9730,1
9731,33
9732,10
9733,543
9734,50
9735,50
9736,10
9737,494
9738,131
9739,37
9740,10
9741,50
9742,84
9743,31
9744,24
9745,402
9746,376
9747,5
9748,51
9749,141
9750,190
9751,62
9752,53
9753,385
9754,79
9755,18
9756,320
9757,120
9758,112
9759,4
9760,170
9761,334
9762,50
9763,475
9764,7
9765,15
9766,47
9767,35
9768,43
9769,116
9770,19
9771,14
9772,42
9773,191
9774,51
9775,73
9776,23
9777,48
9778,615
9779,111
9780,24
9781,21
9782,60
9783,86
9784,103
9785,23
9786,50
9787,103
9788,5
9789,6
9790,70
9791,11
9792,8
9793,117
9794,2
9795,15
9796,125
9797,5
9798,154
9799,117
9800,21
9801,2
9802,956
9803,2443
9804,11
9805,987
9806,45
9807,43
9808,518
9809,19
9810,321
9811,637
9812,29
9813,1
9814,48
9815,41
9816,1
9817,190
9818,41
9819,3
9820,40
9821,2
9822,69
9823,147
9824,1
9825,10
9826,240
9827,36
9828,30
9829,63
9830,106
9831,77
9832,162
9833,5
9834,54
9835,142
9836,361
9837,9
9838,45
9839,1
9840,126
9841,124
9842,72
9843,2
9844,65
9845,2
9846,37
9847,10
9848,662
9849,70
9850,64
9851,59
9852,292
9853,142
9854,145
9855,30
9856,710
9857,2596
9858,23
9859,144
9860,207
9861,82
9862,35
9863,41
9864,14
9865,127
9866,1221
9867,371
9868,126
9869,66
9870,354
9871,235
9872,7
9873,74
9874,66
9875,58
9876,7
9877,108
9878,8
9879,6
9880,102
9881,3
9882,12
9883,112
9884,34
9885,11
9886,308
9887,30
9888,9
9889,142
9890,217
9891,1909
9892,84
9893,908
9894,13
9895,41
9897,5
9898,81
9899,2
9900,38
9901,206
9902,2
9903,2
9904,73
9906,4
9907,504
9908,2
9909,65
9910,40
9911,11
9912,11
9913,103
9914,5
9915,2
9916,12
9917,17
9918,109
9919,130
9920,10
9921,7
9922,278
9923,202
9924,654
9925,142
9926,22
9927,13
9928,166
9929,247
9930,176
9931,518
9932,9
9933,5
9934,84
9935,530
9936,350
9937,57
9938,19
9939,4
9940,411
9941,2
9943,1588
9944,10
9945,30
9946,106
9947,9
9948,4
9949,165
9950,16
9951,219
9952,158
9953,20
9954,4
9955,91
9956,6
9957,19
9958,52
9959,15
9960,1
9961,116
9962,286
9963,2
9964,353
9965,7
9966,2
9967,2308
9968,311
9969,507
9970,140
9971,7
9972,134
9973,345
9974,28
9975,4
9976,211
9977,51
9978,2
9979,2207
9980,9
9981,22
9982,432
9983,65
9984,35
9985,716
9986,2
9987,10
9988,464
9989,53
9990,6
9991,132
9992,8
9993,23
9994,409
9995,64
9996,1492
9997,201
9998,11
9999,7
10000,197
10001,40
10002,255
10003,117
10004,5
10005,11
10006,247
10007,119
10008,8
10009,209
10010,93
10011,5
10012,151
10013,1
10014,2
10015,801
10016,2
10017,2
10018,128
10019,1
10020,5
10021,91
10022,1
10023,1
10024,153
10025,2
10026,14
10027,117
10028,223
10029,3344
10030,1993
10031,78
10032,6
10033,221
10034,110
10035,3
10036,1315
10037,77
10038,119
10039,1394
10040,3
10041,52
10042,386
10043,12
10044,2
10045,111
10046,431
10047,9
10048,176
10049,34
10050,3
10051,154
10052,1
10053,2
10054,68
10055,106
10056,39
10057,90
10058,7
10059,4
10060,62
10061,18
10062,5
10063,61
10064,4
10065,231
10066,77
10067,27
10068,44
10069,110
10070,55
10071,14
10072,93
10073,343
10074,129
10075,216
10076,162
10077,36
10078,1942
10080,3
10081,226
10082,85
10083,10
10084,484
10085,20
10086,11
10087,70
10088,2
10089,65
10090,87
10091,55
10092,20
10093,303
10094,4
10095,1
10096,141
10097,393
10098,108
10099,47
10100,9
10101,1
10102,49
10103,292
10104,77
10105,484
10106,179
10107,41
10108,122
10109,14
10110,41
10111,77
10112,71
10113,53
10114,141
10115,49
10116,2374
10117,62
10118,8
10119,5
10120,67
10121,126
10122,68
10123,103
10124,84
10125,693
10126,71
10127,24
10128,165
10130,28
10131,13
10132,87
10133,6
10134,3
10135,536
10136,1
10137,2
10138,3429
10139,4
10140,3
10141,89
10142,63
10143,5
10144,66
10145,4
10146,4
10147,12
10148,46
10149,4
10150,158
10151,95
10152,138
10153,376
10154,51
10155,56
10156,2620
10157,357
10158,26
10159,140
10160,87
10161,3
10162,62
10163,84
10164,50
10165,535
10166,52
10167,14
10168,116
10169,4
10170,9
10171,169
10172,48
10173,8
10174,48
10175,4
10176,2
10177,152
10178,56
10179,8
10180,406
10181,170
10182,10
10183,848
10184,2
10185,5
10186,783
10187,29
10188,370
10189,1011
10190,129
10191,490
10192,176
10193,81
10194,118
10195,205
10196,95
10197,32
10198,2156
10199,39
10200,10
10201,259
10202,1076
10203,16
10204,500
10205,10
10206,32
10207,809
10208,16
10209,14
10210,53
10211,17
10212,16
10213,46
10214,1
10216,110
10217,3
10218,5
10219,239
10220,26
10221,1
10222,122
10223,27
10224,11
10225,159
10226,107
10228,2100
10229,26
10230,4
10231,53
10232,378
10233,67
10234,41
10236,98
10237,60
10238,11
10240,67
10241,2
10242,2
10243,222
10244,55
10246,169
10247,3
10248,112
10249,200
10250,4
10251,1
10252,2293
10253,82
10254,81
10255,499
10256,141
10257,20
10258,105
10259,32
10260,108
10261,293
10262,271
10263,437
10264,147
10265,207
10266,128
10267,91
10268,25
10269,108
10270,126
10271,234
10272,26
10273,181
10274,13
10275,28
10276,56
10277,2002
10278,36
10279,2775
10280,31
10281,96
10282,236
10283,90
10284,18
10285,102
10286,488
10287,112
10288,131
10289,6
10290,3
10291,67
10292,22
10293,1
10294,75
10295,52
10296,697
10297,49
10298,20
10299,17
10300,219
10301,301
10302,71
10303,102
10304,30
10305,93
10306,114
10307,7
10308,6
10309,59
10310,150
10311,73
10312,81
10313,112
10314,2
10315,69
10316,6
10317,909
10318,182
10319,1187
10320,5
10321,65
10322,8
10323,9985
10324,243
10325,101
10326,11
10327,68
10328,78
10329,246
10330,656
10331,78
10332,1397
10333,119
10334,233
10335,518
10336,745
10337,3
10338,13
10339,285
10340,795
10341,863
10342,55
10343,2
10344,146
10345,169
10346,25
10347,9
10348,52
10349,47
10350,39
10351,48
10352,1
10353,46
10354,165
10355,21
10356,96
10357,219
10358,3
10359,84
10360,122
10361,36
10362,57
10363,131
10364,383
10365,19
10366,156
10367,20
10368,142
10369,4807
10370,121
10371,49
10372,175
10373,5
10374,64
10375,79
10376,2074
10377,526
10378,129
10379,53
10380,5
10381,51
10382,2
10383,2
10384,186
10385,8
10386,25
10387,142
10388,27
10389,4
10390,34
10391,5
10392,5
10393,103
10394,88
10395,9
10396,1307
10397,49
10398,1
10399,156
10400,112
10401,578
10402,99
10403,13
10404,6
10405,95
10406,1
10407,1
10408,567
10409,22
10410,142
10411,182
10412,10
10413,3
10414,41
10415,33
10416,401
10417,59
10418,53
10419,6
10420,123
10421,53
10422,129
10423,151
10424,14
10425,3
10426,43
10427,144
10428,3
10429,141
10430,1
10431,3
10432,507
10433,4
10434,6
10435,104
10436,16
10437,12
10438,40
10439,56
10440,1137
10441,88
10442,15
10443,6
10444,76
10445,45
10446,8
10447,1151
10448,996
10449,2262
10450,1504
10452,9
10453,218
10454,28
10455,73
10456,1976
10457,5
10458,162
10459,85
10460,36
10461,7
10462,59
10463,3
10464,7
10465,214
10466,10
10467,10
10468,68
10469,14
10470,11
10471,339
10472,5
10473,4
10474,273
10475,9
10476,3
10477,40
10478,49
10479,64
10480,342
10481,6
10482,2
10483,44
10484,7
10485,6
10486,217
10487,4
10488,5
10489,54
10490,7
10491,10
10492,19
10493,6
10494,4
10495,38
10496,59
10497,37
10498,65
10499,5
10500,11
10501,53
10502,2
10503,2
10504,33
10505,18
10506,22
10507,2374
10508,67
10509,30
10510,20
10511,26
10512,129
10513,144
10514,2
10515,11
10516,162
10517,82
10518,76
10519,803
10520,84
10521,159
10522,149
10523,755
10524,18
10525,875
10526,36
10527,41
10528,166
10529,60
10530,8
10531,48
10532,12
10533,329
10534,55
10535,1
10536,6
10537,1185
10538,48
10539,2
10540,349
10541,7
10542,1
10543,734
10544,3
10545,4
10546,163
10547,10
10548,3
10549,51
10550,11
10551,22
10552,137
10553,171
10555,71
10556,129
10557,11
10558,97
10559,28
10560,267
10561,278
10562,19
10563,26
10564,132
10565,81
10566,3
10567,178
10568,8
10569,2
10570,110
10571,92
10572,185
10573,217
10574,2
10575,4
10576,425
10577,7
10578,4
10579,118
10580,6
10581,1
10582,1827
10583,61
10585,87
10586,6
10587,28
10588,119
10589,11
10590,5
10591,43
10592,66
10593,45
10594,645
10595,17
10596,5
10597,60
10598,13
10599,5
10600,358
10601,12
10602,23
10603,83
10604,619
10605,725
10606,112
10607,6
10608,11
10609,51
10610,344
10611,25
10612,162
10613,34
10614,33
10615,1510
10616,66
10617,138
10618,388
10619,56
10620,54
10621,111
10622,63
10623,483
10624,210
10625,372
10626,1531
10627,174
10628,92
10629,92
10630,200
10631,325
10632,524
10633,211
10634,173
10635,205
10636,289
10637,191
10638,207
10639,199
10640,67
10641,452
10642,1287
10643,75
10644,4
10645,665
10646,129
10647,318
10648,57
10649,69
10650,177
10651,40
10652,13
10653,4
10654,90
10655,14
10656,7
10657,52
10658,89
10659,15
10660,101
10661,3
10662,3
10663,129
10664,36
10665,426
10666,99
10667,58
10668,2
10669,76
10670,31
10671,6
10672,98
10673,2
10674,2
10675,10
10676,36
10677,5
10678,135
10679,2
10680,1
10681,1148
10682,18
10683,11
10684,182
10685,32
10686,2
10687,126
10688,413
10689,50
10690,48
10691,230
10692,172
10693,63
10694,7
10695,22
10696,236
10697,81
10698,24
10699,135
10700,61
10701,2
10702,2322
10703,55
10704,90
10705,270
10706,11
10707,3
10708,14
10709,8
10711,64
10712,618
10713,18
10714,886
10715,36
10717,228
10718,89
10719,196
10720,226
10721,257
10722,86
10723,129
10724,43
10725,156
10726,586
10727,21
10728,446
10729,71
10730,42
10731,78
10732,70
10733,396
10734,33
10735,57
10736,11
10737,89
10738,244
10739,6
10740,2
10741,1680
10742,9
10743,3
10744,91
10745,2
10746,1
10747,1253
10748,442
10749,7
10750,106
10751,114
10752,53
10753,237
10754,158
10755,1102
10756,70
10757,15
10758,1
10759,113
10760,3
10761,489
10762,67
10763,24
10764,80
10765,692
10766,3
10767,21
10768,97
10769,26
10770,142
10771,823
10772,8
10773,9
10774,42
10775,483
10776,1212
10777,110
10778,537
10779,2
10780,68
10781,62
10782,410
10783,46
10784,9
10785,44
10786,170
10787,110
10788,13
10789,1487
10790,1216
10791,53
10792,137
10793,254
10794,38
10795,125
10796,52
10797,18
10798,517
10799,110
10800,76
10801,15
10802,524
10803,4
10804,75
10805,137
10806,41
10807,57
10808,58
10809,242
10810,222
10811,113
10812,9
10813,102
10814,46
10815,295
10816,160
10817,17
10818,440
10819,163
10820,8
10821,9
10822,69
10823,45
10824,168
10825,166
10826,10
10827,13
10828,134
10829,191
10830,48
10831,143
10832,118
10833,1743
10834,1505
10835,427
10836,69
10837,65
10838,52
10839,13
10840,77
10841,88
10842,222
10843,159
10844,114
10845,4
10846,266
10847,9
10848,14
10849,50
10850,72
10851,157
10852,97
10853,18
10854,121
10855,216
10856,75
10857,1
10858,22
10860,32
10861,190
10862,6
10863,66
10864,130
10865,104
10866,2
10867,58
10868,407
10869,2
10870,2122
10871,101
10872,98
10873,151
10874,498
10875,404
10876,110
10877,49
10878,3
10879,29
10880,197
10881,63
10882,130
10883,54
10884,167
10885,268
10886,73
10887,68
10888,99
10889,561
10890,190
10891,66
10892,60
10893,240
10894,258
10895,111
10896,4
10897,18
10898,64
10899,8
10900,112
10901,296
10902,102
10903,23
10904,238
10905,120
10906,23
10907,96
10908,429
10909,66
10910,48
10911,2
10912,185
10913,88
10914,1
10915,58
10916,5
10917,5
10918,109
10919,4
10920,2
10921,243
10922,1
10924,98
10925,2
10926,4
10927,85
10928,48
10929,5
10930,44
10931,91
10932,1
10933,92
10934,16
10935,2
10936,79
10937,3
10938,2
10939,120
10940,33
10941,58
10942,76
10943,216
10944,3
10945,77
10946,18
10947,70
10948,125
10949,1
10950,7
10951,73
10952,22
10953,9
10954,707
10955,105
10956,189
10957,126
10958,40
10959,4
10960,55
10961,109
10963,98
10964,11
10965,380
10966,147
10967,23
10968,164
10969,2127
10970,6
10971,3
10972,113
10973,92
10974,49
10975,54
10976,141
10977,757
10978,137
10979,152
10980,35
10981,264
10982,61
10983,153
10984,87
10985,148
10986,310
10987,54
10988,76
10989,216
10990,129
10991,106
10992,104
10993,494
10994,29
10995,107
10996,312
10997,389
10998,163
10999,175
11000,126
11001,1394
11002,107
11003,1852
11004,7
11005,662
11006,162
11007,5
11008,689
11009,2
11010,7
11011,15
11012,26
11013,10
11014,216
11015,61
11016,5
11017,87
11018,26
11019,2
11020,4288
11021,17
11022,175
11023,98
11024,86
11025,123
11026,61
11027,27
11028,25
11029,562
11030,48
11031,73
11032,126
11033,42
11034,29
11035,75
11036,353
11037,20
11038,86
11039,51
11040,3
11041,76
11042,581
11043,24
11044,63
11045,46
11046,13
11047,69
11048,203
11049,152
11050,623
11051,20
11052,53
11053,133
11054,19
11055,64
11056,88
11057,45
11058,233
11059,94
11060,38
11061,72
11062,103
11064,25
11065,35
11066,67
11067,183
11068,77
11069,91
11070,10
11071,545
11072,4
11073,10
11075,681
11076,101
11077,94
11078,78
11079,8
11080,55
11081,58
11082,14
11084,27
11085,88
11086,134
11087,58
11088,55
11089,59
11090,47
11091,73
11092,223
11093,93
11094,874
11095,1074
11096,61
11097,20
11098,76
11099,41
11100,61
11101,49
11102,473
11103,369
11104,118
11105,80
11106,24
11107,92
11108,226
11109,1809
11110,98
11111,114
11112,180
11113,179
11114,308
11115,67
11116,22
11117,723
11118,59
11119,49
11120,138
11121,93
11122,78
11123,117
11124,1294
11125,111
11126,69
11127,135
11128,142
11129,21
11130,25
11131,76
11132,67
11133,26
11134,102
11135,47
11136,23
11137,132
11138,240
11139,740
11140,101
11141,39
11142,89
11143,49
11144,205
11145,86
11146,383
11147,45
11148,19
11149,82
11150,111
11151,5
11152,1389
11153,26
11154,23
11155,76
11156,5
11157,2
11158,169
11159,4
11160,152
11161,171
11162,14
11163,2
11164,82
11165,39
11166,36
11167,122
11168,86
11169,13
11170,96
11171,180
11172,3
11173,1720
11174,8
11175,13
11176,97
11177,39
11178,4
11179,142
11180,7
11181,9
11182,83
11183,58
11184,6
11185,212
11186,119
11187,233
11188,87
11189,5
11190,10
11191,115
11192,117
11193,26
11194,109
11195,1363
11196,46
11197,148
11198,137
11199,864
11200,1387
11201,2255
11202,352
11203,158
11204,217
11205,28
11206,160
11207,91
11208,617
11209,70
11210,24
11211,15
11212,111
11213,38
11214,39
11215,33
11216,15
11217,11
11218,163
11219,86
11220,111
11221,271
11222,262
11223,76
11224,888
11225,48
11226,10
11227,332
11228,23
11229,2
11230,247
11231,4
11232,5
11233,113
11234,73
11235,665
11236,71
11237,20
11238,80
11239,58
11240,4
11241,28
11242,5
11243,386
11244,40
11245,141
11246,423
11247,93
11248,74
11249,436
11250,341
11251,36
11252,260
11253,2
11254,79
11255,52
11256,11
11257,46
11258,58
11259,156
11260,122
11261,11
11262,31
11263,40
11264,50
11265,5
11266,593
11267,139
11268,72
11269,153
11270,217
11271,49
11272,263
11273,325
11274,44
11275,84
11276,64
11277,192
11278,356
11279,39
11280,272
11281,44
11282,295
11283,69
11284,31
11285,49
11286,14
11287,179
11288,110
11289,187
11290,51
11291,200
11292,83
11293,29
11294,38
11295,12
11296,150
11297,18
11298,152
11299,307
11300,606
11301,53
11302,51
11303,23
11304,78
11305,167
11306,94
11307,29
11308,349
11309,20
11310,76
11311,50
11312,95
11313,46
11314,43
11315,149
11316,91
11317,60
11318,12
11319,181
11320,103
11321,78
11322,283
11323,140
11324,107
11325,344
11326,148
11327,124
11328,458
11329,69
11330,251
11331,13
11332,2076
11333,235
11334,23
11335,1510
11336,50
11337,36
11338,76
11339,998
11340,5
11341,40
11342,150
11343,221
11344,684
11345,542
11346,7
11347,85
11348,80
11349,186
11350,131
11351,86
11352,91
11353,109
11354,54
11355,1101
11356,166
11357,52
11358,25
11359,67
11360,4
11361,65
11362,80
11363,5
11364,3
11365,806
11366,21
11367,30
11368,97
11369,3
11370,16
11371,151
11372,49
11373,19
11374,230
11375,157
11376,25
11377,104
11378,57
11379,1354
11380,60
11381,5
11382,3
11383,153
11384,21
11385,8
11386,127
11387,136
11388,29
11389,216
11391,2
11392,3
11393,3
11394,201
11395,82
11396,591
11397,3
11398,116
11399,176
11400,22
11401,415
11402,1
11403,16
11404,129
11405,106
11406,18
11407,370
11408,69
11409,33
11410,137
11411,38
11412,92
11413,61
11414,283
11415,2
11416,633
11417,2078
11418,615
11419,61
11420,7
11421,31
11422,219
11423,4
11424,76
11425,70
11426,147
11427,31
11428,67
11429,10
11430,238
11431,64
11432,33
11433,66
11434,97
11435,16
11436,52
11437,30
11438,114
11439,327
11440,116
11441,66
11442,472
11443,70
11444,40
11445,19
11446,89
11447,64
11448,106
11449,522
11450,53
11451,142
11452,74
11453,253
11454,1108
11455,2167
11456,896
11457,195
11458,56
11459,72
11460,153
11461,410
11462,193
11463,142
11464,201
11465,8
11466,36
11467,31
11468,21
11469,3
11470,110
11471,1295
11472,1
11473,53
11474,189
11475,333
11476,52
11477,69
11478,124
11479,560
11480,13
11481,1
11482,96
11483,145
11484,18
11485,262
11486,9
11487,45
11488,156
11489,1
11490,7
11491,112
11492,1
11493,1
11494,345
11495,3
11496,1
11497,433
11498,3
11499,12
11500,146
11501,61
11502,26
11503,69
11504,135
11505,11
11506,309
11507,136
11508,4
11509,95
11510,67
11511,602
11512,81
11513,29
11514,2629
11515,178
11516,279
11517,55
11518,821
11519,81
11520,5
11521,835
11522,614
11523,47
11524,3119
11525,49
11526,42
11527,694
11528,51
11529,6
11530,546
11531,25
11532,33
11533,106
11534,558
11536,51
11537,5465
11538,61
11539,137
11540,486
11541,229
11542,86
11543,72
11544,46
11545,48
11546,186
11547,121
11548,159
11549,49
11550,71
11551,76
11552,256
11553,29
11554,74
11555,46
11556,134
11557,222
11558,41
11559,324
11560,139
11561,120
11562,677
11563,993
11564,656
11565,515
11566,74
11567,139
11568,66
11569,71
11570,52
11571,27
11572,2323
11573,114
11574,82
11575,1891
11576,175
11577,187
11578,34
11579,67
11580,279
11581,64
11582,78
11583,75
11584,43
11585,55
11586,114
11587,454
11588,91
11589,222
11590,48
11591,317
11592,37
11593,160
11594,31
11595,667
11596,454
11597,17
11598,64
11599,35
11600,390
11601,164
11602,38
11603,42
11604,22
11605,131
11606,370
11607,15
11608,52
11609,270
11610,30
11611,43
11612,15
11613,4
11614,97
11615,7
11616,27
11617,48
11618,50
11619,67
11620,1960
11621,73
11622,14
11623,36
11624,2
11625,4
11626,341
11627,4
11628,8
11629,174
11630,70
11631,49
11632,68
11633,12
11634,965
11635,86
11636,23
11637,21
11638,96
11639,9
11640,19
11641,69
11642,43
11643,7
11644,492
11645,54
11646,26
11647,229
11648,4
11649,5
11650,458
11651,313
11652,30
11653,2558
11654,35
11655,5
11656,45
11657,37
11658,33
11659,70
11660,121
11661,20
11662,55
11663,347
11664,5
11665,631
11666,16
11667,31
11668,451
11669,864
11670,297
11671,621
11672,134
11673,33
11674,2159
11675,75
11676,43
11677,35
11678,16
11679,53
11680,44
11681,498
11682,7
11683,105
11684,26
11685,33
11686,73
11687,293
11688,1
11689,76
11690,21
11691,16
11692,30
11693,140
11694,15
11695,53
11696,3
11697,6
11698,115
11699,27
11700,31
11701,131
11702,2
11703,2
11704,2080
11705,66
11706,13
11707,63
11708,79
11709,4
11710,109
11711,3
11712,3
11713,161
11714,10
11715,11
11716,64
11717,3
11718,1
11719,304
11720,4
11721,3
11722,66
11723,3
11724,3
11725,33
11726,5
11727,224
11728,148
11729,7
11730,15
11731,227
11732,15
11734,13
11736,105
11737,243
11738,12
11739,5
11740,152
11741,4
11742,58
11743,719
11744,70
11745,97
11746,130
11747,2327
11748,20
11749,131
11750,6400
11751,249
11752,930
11753,24
11754,4
11755,142
11756,2
11757,7
11758,2364
11759,16
11760,164
11761,446
11762,18
11763,130
11764,129
11765,12
11766,1
11767,940
11768,151
11769,56
11770,58
11771,174
11772,315
11773,254
11774,103
11775,188
11776,413
11777,55
11778,45
11779,471
11780,17
11781,288
11782,2860
11783,44
11784,72
11785,253
11786,1
11787,14
11788,260
11789,142
11790,150
11791,67
11792,6
11793,31
11794,188
11795,148
11796,1
11797,211
11798,92
11799,42
11800,232
11801,445
11802,7
11803,56
11804,268
11805,2
11806,77
11807,47
11808,4
11809,92
11810,1
11811,7
11812,571
11813,31
11814,16
11815,57
11816,152
11817,122
11818,91
11819,12
11820,8
11821,66
11822,138
11823,2
11824,2642
11825,6
11826,14
11827,100
11828,178
11829,3
11830,375
11831,50
11832,127
11833,783
11834,20
11835,206
11836,76
11837,389
11838,5
11839,96
11841,3
11842,437
11843,5
11844,6
11845,117
11846,4
11847,92
11848,76
11849,51
11850,47
11851,523
11852,25
11853,41
11854,168
11855,43
11856,14
11857,134
11858,121
11859,20
11860,116
11861,11
11862,128
11863,100
11864,9
11865,6
11866,1157
11867,79
11868,143
11869,153
11870,1
11872,92
11873,44
11874,4
11875,126
11876,210
11877,1
11878,627
11879,74
11880,2
11881,76
11882,86
11883,2
11884,390
11885,62
11886,128
11887,123
11888,66
11889,19
11890,78
11891,45
11893,153
11894,3
11895,10
11896,70
11897,39
11898,54
11899,57
11900,141
11901,8
11902,587
11903,71
11904,20
11905,61
11906,167
11907,12
11908,286
11909,8
11910,22
11911,125
11912,26
11913,14
11914,180
11915,43
11916,761
11917,138
11918,31
11919,450
11920,85
11921,1
11922,60
11923,144
11924,93
11925,36
11926,167
11927,1
11928,6
11929,1
11930,144
11931,352
11932,175
11933,18
11934,122
11935,134
11936,14
11937,4
11938,143
11939,173
11940,276
11941,1832
11942,40
11943,125
11944,188
11945,31
11946,18
11947,264
11948,28
11949,1
11950,686
11951,1
11952,7
11953,148
11954,51
11955,116
11956,2476
11957,138
11958,134
11959,143
11960,163
11961,2
11962,1851
11963,123
11964,15
11965,68
11966,131
11967,258
11968,77
11969,2
11970,87
11971,56
11972,24
11973,69
11974,396
11975,24
11976,318
11977,109
11978,14
11979,164
11980,93
11981,18
11982,102
11983,558
11984,36
11985,80
11986,362
11987,11
11988,2
11989,122
11990,45
11991,571
11992,48
11993,3
11994,36
11995,50
11996,29
11997,87
11998,72
11999,21
12000,33
12001,95
12002,13
12003,121
12004,88
12005,555
12006,3
12007,27
12008,922
12009,6
12010,166
12011,19
12012,24
12013,178
12014,236
12015,319
12016,193
12017,30
12018,4
12019,191
12020,885
12021,3
12022,129
12023,28
12024,18
12025,1769
12026,90
12027,44
12028,318
12029,39
12030,315
12031,297
12032,69
12033,5
12034,64
12035,32
12036,351
12037,81
12038,399
12039,11
12040,165
12041,72
12042,56
12043,946
12044,109
12045,165
12046,73
12047,19
12048,69
12049,2297
12051,48
12052,293
12053,1180
12054,10
12055,85
12056,20
12057,18
12058,82
12059,28
12060,138
12061,224
12062,3
12063,1
12064,122
12065,164
12066,79
12067,887
12068,1536
12069,15
12070,1097
12071,557
12072,39
12073,1705
12074,41
12075,307
12076,1891
12077,30
12078,29
12079,259
12080,267
12081,335
12082,192
12083,31
12084,815
12085,1705
12086,61
12087,2
12088,97
12089,2
12091,116
12092,41
12093,5
12094,131
12095,140
12096,58
12097,104
12098,60
12099,162
12100,973
12101,72
12102,379
12103,243
12104,2
12105,11
12106,222
12107,20
12108,11
12109,298
12110,85
12111,289
12112,67
12113,66
12114,390
12115,2203
12116,710
12117,7
12118,270
12119,1156
12120,168
12121,328
12122,46
12123,32
12124,171
12125,18
12126,19
12127,187
12128,97
12129,64
12130,207
12131,224
12132,391
12133,188
12134,120
12135,13
12136,126
12137,69
12138,92
12139,421
12140,46
12141,265
12142,130
12143,14
12144,21
12145,192
12146,6
12147,5
12148,144
12149,76
12150,32
12151,101
12152,128
12153,1129
12154,92
12155,8
12156,2
12157,127
12158,22
12159,217
12160,379
12161,38
12162,490
12163,360
12164,61
12165,20
12166,102
12167,268
12168,33
12169,108
12170,139
12171,527
12172,66
12173,40
12174,95
12175,116
12176,113
12177,8
12178,80
12179,93
12180,228
12181,165
12182,90
12183,204
12184,123
12185,9
12186,54
12187,112
12188,411
12189,16
12190,112
12191,625
12192,36
12193,58
12194,206
12195,2
12196,53
12197,6
12198,33
12199,56
12200,3
12201,32
12202,602
12203,17
12204,2
12205,84
12206,1
12207,80
12208,104
12209,3
12210,85
12211,148
12212,25
12213,470
12214,106
12215,44
12216,2
12217,53
12218,12
12219,8
12220,99
12221,90
12222,33
12223,261
12224,108
12225,246
12226,95
12227,1
12228,3
12229,122
12230,21
12231,177
12232,116
12233,3
12234,68
12235,176
12236,36
12237,2
12238,105
12239,22
12240,5
12241,584
12242,412
12243,314
12244,185
12245,14
12246,3
12247,158
12248,190
12249,347
12250,177
12251,50
12252,24
12253,310
12254,58
12255,21
12256,167
12257,9
12258,10
12259,82
12260,7
12261,82
12262,80
12263,24
12264,25
12265,103
12266,64
12267,3
12268,282
12269,9
12270,11
12271,74
12272,3
12273,113
12274,355
12275,11
12276,1
12277,2
12278,143
12279,13
12280,124
12281,16
12282,73
12283,313
12284,1
12285,16
12286,105
12287,13
12288,50
12289,81
12290,19
12291,17
12292,167
12293,36
12294,323
12295,712
12296,20
12297,39
12298,79
12299,21
12300,2
12301,45
12302,4
12303,4
12304,306
12305,1
12306,111
12307,88
12308,14
12309,62
12310,393
12311,223
12312,467
12313,157
12314,8
12315,304
12316,289
12317,26
12318,307
12319,193
12320,6
12321,50
12322,472
12323,10
12324,1
12325,695
12327,91
12328,105
12329,36
12330,48
12331,283
12332,130
12333,19
12334,232
12335,1
12336,29
12337,68
12338,62
12339,2
12340,87
12341,12
12342,134
12343,32
12344,27
12345,119
12346,37
12347,21
12348,149
12349,76
12350,3
12351,1
12352,8
12353,2
12354,1
12355,152
12356,50
12357,949
12358,96
12359,7
12360,5
12361,65
12362,18
12363,3
12364,77
12365,4
12366,6
12367,629
12368,41
12369,382
12370,78
12371,4
12372,5
12373,26
12374,398
12376,39
12377,3
12378,58
12379,50
12381,63
12382,87
12383,41
12384,3
12385,232
12386,29
12387,32
12388,132
12389,17
12390,263
12391,95
12392,15
12393,85
12394,153
12395,37
12396,199
12397,91
12398,40
12400,2517
12401,40
12402,39
12403,455
12404,6
12405,32
12406,367
12407,69
12408,7
12409,38
12410,908
12411,8
12412,513
12413,71
12414,23
12415,478
12416,31
12417,80
12418,135
12419,22
12420,6
12421,135
12422,1171
12423,38
12424,111
12425,6
12426,3
12427,117
12428,24
12429,13
12430,39
12431,1
12432,8
12433,77
12434,88
12435,1
12436,282
12437,13
12438,7
12439,3493
12440,126
12441,2
12442,66
12443,24
12444,86
12445,323
12446,90
12447,115
12448,45
12449,51
12450,3
12451,26
12452,41
12453,5
12454,148
12455,255
12456,3
12457,132
12458,182
12459,2850
12460,120
12461,57
12462,422
12463,157
12464,104
12465,22
12466,196
12467,53
12468,241
12469,574
12470,1
12471,55
12472,72
12473,2613
12474,1
12475,34
12476,43
12477,20
12478,57
12479,136
12480,42
12481,72
12482,78
12483,2
12484,1790
12485,162
12486,120
12487,20
12488,743
12489,2
12490,166
12491,72
12492,1
12493,421
12494,65
12495,65
12496,269
12497,21
12498,141
12499,382
12500,12
12501,267
12502,84
12503,112
12504,61
12505,176
12506,2
12507,60
12508,45
12509,33
12510,98
12511,247
12512,27
12513,2574
12514,1026
12515,9
12516,15
12517,46
12518,74
12519,147
12520,122
12521,86
12522,42
12523,66
12524,97
12525,2628
12526,130
12527,33
12528,602
12529,117
12530,98
12531,6
12532,59
12533,253
12534,2152
12535,72
12536,2
12537,2
12538,169
12539,32
12540,324
12541,176
12542,28
12543,2
12544,200
12545,112
12546,150
12547,111
12548,56
12549,2
12550,97
12551,3
12552,4
12553,6
12554,282
12555,172
12556,141
12557,244
12558,163
12559,671
12560,3
12561,72
12562,89
12563,1
12564,51
12565,384
12566,318
12567,10
12568,78
12569,334
12570,21
12571,118
12572,22
12573,15
12574,116
12575,42
12576,42
12577,92
12578,30
12579,10
12580,69
12581,32
12582,25
12583,46
12584,2
12585,58
12586,43
12587,91
12588,29
12589,35
12590,66
12591,32
12592,72
12593,12
12594,117
12595,62
12596,358
12597,29
12598,42
12599,92
12600,113
12601,101
12602,10
12603,40
12604,54
12605,101
12606,8
12607,36
12608,26
12609,76
12610,24
12611,205
12612,157
12613,121
12614,188
12615,83
12616,415
12617,39
12618,55
12619,153
12620,43
12621,202
12622,68
12623,656
12624,570
12625,26
12626,26
12627,87
12628,194
12629,56
12630,7
12631,82
12632,36
12633,89
12634,141
12635,6
12636,10
12637,4
12638,5
12639,1
12640,82
12641,446
12642,10
12643,43
12644,241
12645,63
12646,68
12647,101
12648,20
12649,77
12650,45
12651,1888
12652,106
12653,49
12654,14
12655,101
12656,69
12657,40
12658,49
12659,16
12660,43
12661,389
12662,113
12663,220
12664,566
12665,35
12666,112
12667,167
12668,23
12669,223
12670,136
12671,13
12672,249
12673,104
12674,227
12675,16
12676,874
12677,1
12678,38
12679,82
12680,69
12681,3
12682,71
12683,1
12684,6
12685,280
12686,9
12687,18
12688,187
12689,1
12690,1
12691,175
12692,2
12693,7
12694,115
12695,40
12697,53
12698,28
12699,148
12700,75
12701,5
12702,10
12703,126
12704,263
12705,67
12706,162
12707,142
12708,187
12709,119
12710,385
12711,9
12712,29
12713,49
12714,15
12715,133
12716,1
12717,83
12718,236
12719,84
12720,62
12721,121
12722,104
12723,150
12724,105
12725,8
12726,1
12727,72
12728,53
12729,61
12730,395
12731,104
12732,10
12733,1110
12734,299
12735,9
12736,130
12737,104
12738,512
12739,183
12740,26
12741,1826
12742,45
12743,21
12744,26
12745,69
12746,56
12747,2018
12748,197
12749,125
12750,369
12751,75
12752,21
12753,43
12754,1033
12755,58
12756,1433
12757,108
12758,115
12759,261
12760,189
12761,102
12762,121
12763,710
12764,10
12765,101
12766,143
12767,46
12768,22
12769,968
12770,59
12771,10
12772,173
12773,8
12774,33
12775,181
12776,2
12777,2
12778,973
12779,53
12780,16
12781,2360
12782,12
12783,24
12784,1291
12785,67
12786,1336
12787,114
12788,109
12789,3589
12790,125
12791,16
12792,389
12793,912
12794,203
12795,96
12796,136
12797,503
12798,105
12799,22
12800,6
12801,346
12802,127
12803,27
12804,10
12805,65
12806,152
12807,4
12808,69
12809,812
12810,2
12811,189
12812,34
12813,5
12814,68
12815,786
12817,341
12818,49
12819,8
12820,991
12821,46
12822,8
12823,1087
12824,102
12825,63
12826,174
12827,40
12828,56
12829,82
12830,5
12831,29
12832,630
12833,126
12834,116
12835,177
12836,53
12837,7
12838,210
12839,10
12840,56
12841,141
12842,4
12843,6
12844,74
12845,42
12846,141
12847,60
12848,7
12849,76
12850,277
12851,1
12852,4
12853,440
12854,942
12855,397
12856,65
12858,102
12859,45
12860,52
12861,48
12862,59
12863,24
12864,90
12865,292
12866,132
12867,27
12868,134
12869,33
12870,202
12871,124
12872,54
12873,11
12874,82
12875,73
12876,238
12877,131
12878,330
12879,130
12880,1845
12881,70
12882,14
12883,363
12884,105
12885,1050
12886,117
12887,12
12888,8
12889,99
12890,591
12891,1
12892,419
12893,7
12894,3
12895,62
12896,593
12897,692
12898,53
12899,89
12900,3
12901,74
12902,1
12903,5
12904,39
12905,39
12906,24
12907,145
12908,32
12909,3
12910,102
12911,380
12912,7
12913,138
12914,37
12915,685
12916,158
12917,189
12918,21
12919,623
12920,47
12921,63
12922,70
12923,386
12924,1169
12925,53
12926,2
12927,92
12928,198
12929,74
12930,21
12931,58
12932,170
12933,531
12934,30
12935,4
12936,96
12937,65
12938,156
12939,7
12940,162
12941,2
12942,31
12943,55
12944,7
12945,144
12946,245
12947,160
12948,2
12949,160
12950,14
12952,281
12953,7
12954,2
12955,22
12956,48
12957,3
12958,54
12959,5
12960,76
12961,59
12962,16
12963,5
12964,293
12965,136
12966,3
12967,81
12968,6
12969,69
12970,2049
12971,2
12972,18
12973,471
12974,608
12975,5
12976,42
12977,1
12978,58
12979,134
12981,55
12982,59
12983,7
12984,1
12985,29
12986,349
12987,113
12988,283
12989,61
12990,7
12991,85
12992,29
12993,1
12994,91
12995,3
12996,2
12997,22
12998,102
12999,88
13000,56
13001,42
13002,3
13003,114
13004,115
13005,148
13006,270
13007,69
13008,32
13009,317
13010,3
13011,2453
13012,91
13013,79
13014,4
13015,109
13017,12
13018,174
13019,4809
13020,3
13021,49
13022,4
13023,2
13024,138
13025,90
13026,179
13027,193
13028,56
13029,19
13030,117
13031,26
13032,173
13033,254
13034,119
13035,382
13036,116
13037,39
13038,466
13039,161
13040,1
13042,93
13043,226
13044,20
13045,429
13046,223
13047,152
13048,141
13049,98
13050,257
13051,589
13052,2
13053,2
13054,102
13055,10
13057,158
13058,25
13059,1227
13060,102
13061,137
13062,10
13063,322
13064,188
13065,2
13066,150
13067,13
13068,13
13069,182
13070,35
13072,545
13073,1
13074,6
13075,79
13076,49
13077,61
13078,136
13079,6
13080,42
13081,42
13082,144
13083,15
13084,73
13085,139
13086,14
13087,135
13088,105
13089,6
13090,178
13091,84
13092,7
13093,111
13094,85
13095,190
13096,101
13097,7
13098,66
13099,92
13100,12
13101,9
13102,62
13103,1
13104,2
13105,525
13107,53
13108,63
13109,82
13110,42
13111,180
13112,12
13113,77
13114,293
13115,1934
13116,9
13118,205
13119,1138
13120,70
13121,158
13122,187
13123,102
13124,221
13125,101
13126,605
13127,113
13128,18
13129,103
13130,34
13131,117
13132,44
13133,286
13134,10
13135,70
13136,157
13137,3
13138,624
13139,42
13140,355
13141,84
13142,4
13143,64
13144,53
13145,40
13146,55
13147,73
13148,96
13149,1
13150,66
13151,3
13152,76
13153,152
13154,17
13155,2
13156,11
13157,39
13158,2
13159,129
13160,15
13161,58
13162,170
13163,22
13164,220
13165,121
13166,254
13167,54
13168,506
13169,53
13170,742
13171,165
13172,8
13173,7
13174,98
13175,43
13176,1515
13177,154
13178,83
13179,7
13180,236
13181,8
13182,40
13183,259
13184,54
13185,5
13186,200
13187,160
13188,238
13189,64
13190,112
13191,2
13192,121
13193,115
13194,17
13195,885
13196,76
13197,827
13198,98
13199,79
13200,6
13201,1190
13202,19
13203,33
13204,236
13205,142
13206,1
13207,436
13208,36
13209,116
13210,197
13211,63
13212,89
13213,96
13214,10
13215,11
13216,532
13217,3
13218,7
13219,120
13220,21
13221,23
13222,192
13223,42
13224,9
13225,440
13226,29
13227,9
13228,57
13229,4
13230,1
13231,78
13232,8
13233,7
13234,124
13235,103
13236,3
13237,261
13238,1
13239,2
13240,461
13241,12
13242,13
13243,45
13244,2
13245,5
13246,130
13247,419
13249,504
13250,63
13251,7
13252,407
13253,2
13254,5
13255,838
13256,6
13257,13
13258,145
13259,53
13260,11
13261,703
13262,221
13263,2
13264,791
13265,72
13266,102
13267,40
13268,168
13269,173
13270,547
13271,4
13272,2
13273,310
13274,754
13275,393
13276,60
13277,25
13278,89
13279,205
13280,124
13281,56
13282,34
13283,4
13284,34
13285,160
13286,14
13287,12
13288,272
13289,160
13290,25
13291,37
13292,4
13293,5
13294,61
13295,81
13296,97
13297,1370
13298,65
13299,11
13300,54
13301,1
13302,27
13303,63
13304,104
13305,5
13306,30
13307,2
13308,412
13309,83
13310,3
13311,4
13312,84
13313,110
13314,83
13315,109
13316,4
13318,38
13319,101
13320,7
13321,39
13322,32
13323,17
13324,131
13325,40
13326,679
13327,118
13328,54
13329,2049
13330,76
13331,104
13332,104
13333,59
13334,124
13335,2010
13336,106
13337,13
13338,98
13339,712
13340,13
13341,4
13342,245
13343,12
13344,16
13345,158
13346,49
13347,7
13348,781
13349,38
13350,19
13351,51
13352,2
13353,6
13354,125
13355,39
13356,1365
13357,41
13358,191
13359,4
13360,71
13361,1
13362,32
13363,44
13364,3
13365,49
13366,535
13367,86
13368,361
13369,120
13370,147
13371,96
13372,448
13373,3
13374,260
13375,164
13376,132
13377,252
13378,1157
13379,692
13380,23
13381,663
13382,4
13383,8
13384,1073
13385,502
13386,51
13387,66
13388,122
13389,86
13390,97
13391,4
13392,6
13393,6
13394,82
13395,151
13396,171
13397,133
13398,35
13399,31
13400,9
13401,51
13403,221
13404,18
13405,353
13406,1
13407,2
13409,122
13410,180
13411,56
13412,5
13413,8
13414,89
13415,58
13416,93
13417,524
13418,14
13419,93
13420,116
13421,433
13422,31
13423,804
13424,1638
13425,555
13426,1174
13427,713
13428,51
13429,107
13430,400
13431,360
13432,623
13433,231
13434,157
13435,198
13436,783
13437,42
13438,236
13439,6
13440,16
13441,238
13442,38
13443,114
13444,180
13445,150
13446,470
13447,117
13448,29
13449,24
13450,125
13451,98
13452,470
13453,108
13454,9
13455,47
13456,121
13457,125
13458,2557
13459,1161
13460,15
13461,8
13462,7
13463,4
13464,1
13465,2
13466,1
13467,2
13468,8
13469,8
13470,1
13471,196
13472,66
13473,17
13474,165
13475,18
13477,2
13478,8
13479,8
13480,6
13481,8
13482,325
13483,31
13484,43
13485,39
13486,19
13487,1496
13488,212
13489,5
13490,5
13491,5
13492,7
13493,17
13494,55
13495,11
13496,2
13497,12
13498,431
13499,271
13500,96
13501,398
13502,65
13503,349
13504,69
13505,168
13506,513
13507,12
13508,23
13509,2
13510,70
13511,152
13512,125
13513,16
13514,346
13515,433
13516,28
13517,2476
13518,72
13519,34
13520,141
13521,155
13522,28
13523,13
13524,18
13525,14
13526,37
13527,146
13528,20
13529,23
13530,204
13531,31
13532,9
13533,318
13534,117
13535,52
13536,2050
13537,5
13538,4
13539,4
13540,3
13541,10
13542,114
13543,48
13544,4
13545,97
13546,8
13547,1
13548,669
13549,59
13550,10
13551,1162
13552,18
13553,14
13554,875
13555,1
13556,1
13557,121
13558,80
13559,155
13560,236
13561,2
13562,52
13563,77
13564,173
13565,12
13566,126
13567,88
13568,181
13569,100
13570,100
13572,144
13573,4
13574,5
13575,115
13576,202
13577,57
13578,102
13579,1
13580,32
13581,106
13582,2
13583,5
13584,427
13585,495
13586,14
13587,58
13588,1
13589,1
13590,35
13591,24
13592,291
13593,81
13594,3
13595,1
13596,80
13597,5
13598,2
13600,6
13601,1
13602,81
13603,15
13604,8
13605,427
13606,18
13607,19
13608,318
13609,17
13610,90
13611,148
13612,21
13613,16
13614,94
13615,82
13616,92
13617,1337
13618,440
13619,42
13620,2470
13621,56
13622,129
13623,182
13624,355
13625,205
13626,215
13627,283
13628,89
13629,193
13630,39
13631,64
13632,80
13633,32
13634,35
13635,39
13636,56
13637,80
13638,110
13639,112
13640,90
13641,168
13642,6
13643,435
13644,88
13645,37
13646,17
13647,502
13648,19
13649,21
13650,52
13651,163
13652,3
13653,367
13654,52
13655,18
13656,70
13657,3
13658,2
13659,96
13660,49
13661,462
13662,62
13663,352
13664,16
13665,2827
13666,24
13667,742
13668,209
13669,78
13670,63
13671,188
13672,99
13673,159
13674,149
13675,2
13676,18
13677,169
13678,162
13679,16
13680,287
13681,112
13682,89
13683,75
13684,596
13685,106
13686,158
13688,2
13689,117
13690,86
13691,50
13692,71
13693,113
13694,1136
13695,54
13696,70
13697,38
13698,31
13699,14
13700,38
13701,201
13702,32
13703,133
13704,136
13705,43
13706,63
13707,37
13708,195
13709,6
13710,38
13711,630
13712,1991
13713,351
13714,225
13715,216
13716,272
13717,43
13718,53
13719,123
13720,370
13721,1487
13722,166
13723,434
13724,579
13725,125
13726,317
13727,66
13728,160
13729,153
13730,1343
13731,136
13732,43
13733,71
13734,58
13735,4
13736,1
13737,325
13738,18
13740,210
13741,26
13742,10
13743,264
13744,6
13745,3
13746,36
13747,1
13748,111
13749,128
13750,3
13751,3
13752,35
13753,48
13754,39
13755,90
13756,151
13757,95
13758,101
13759,149
13760,74
13761,523
13762,314
13763,466
13764,104
13765,108
13766,172
13767,197
13768,721
13769,41
13770,139
13771,189
13772,75
13773,95
13774,234
13775,6
13776,70
13777,23
13778,3
13779,180
13780,15
13781,57
13782,31
13783,57
13784,5
13785,63
13786,11
13787,25
13788,226
13789,21
13790,36
13791,242
13792,373
13793,204
13794,98
13795,18
13796,1
13797,78
13798,48
13799,12
13800,75
13801,9
13802,20
13803,75
13804,247
13805,16
13806,244
13807,10
13808,6
13809,69
13810,59
13811,8
13812,804
13813,68
13814,20
13815,198
13816,10
13817,4
13818,260
13819,293
13820,6
13821,557
13822,295
13823,63
13824,222
13825,29
13826,14
13827,126
13828,66
13829,126
13830,101
13831,59
13832,32
13833,70
13834,26
13835,80
13836,144
13837,69
13838,10
13839,94
13840,5
13841,2
13842,56
13843,124
13844,48
13845,233
13846,10
13847,37
13848,81
13849,140
13850,67
13851,58
13852,37
13853,105
13854,57
13855,25
13856,34
13857,142
13858,479
13859,182
13860,2424
13861,76
13862,1449
13863,104
13864,60
13865,1
13866,37
13867,36
13868,58
13869,97
13870,56
13871,19
13872,56
13873,125
13874,78
13875,48
13876,145
13877,2
13878,62
13879,116
13880,72
13881,105
13882,70
13883,190
13884,96
13885,169
13886,15
13887,616
13888,52
13889,77
13890,144
13891,20
13892,114
13893,57
13894,16
13895,9
13896,35
13897,571
13898,306
13899,110
13900,144
13901,236
13902,111
13903,63
13904,266
13905,107
13906,46
13907,127
13908,99
13909,51
13910,25
13911,215
13912,93
13913,105
13914,210
13915,15
13916,57
13917,35
13918,48
13919,139
13920,467
13921,321
13922,57
13923,464
13924,34
13925,4
13926,109
13927,31
13928,360
13929,218
13930,48
13931,61
13932,149
13933,23
13934,7
13935,50
13936,146
13937,50
13938,112
13939,10
13940,34
13941,64
13942,40
13943,38
13944,993
13945,359
13946,89
13947,225
13948,258
13949,246
13950,169
13951,325
13952,59
13953,186
13954,120
13955,26
13956,37
13957,636
13958,194
13959,191
13960,354
13961,54
13962,234
13963,229
13964,4
13965,954
13966,333
13967,168
13968,728
13969,61
13970,51
13971,279
13972,67
13973,1
13974,67
13975,379
13976,16
13977,110
13978,17
13979,46
13980,62
13981,158
13982,130
13983,69
13984,143
13985,40
13986,94
13987,3
13988,14
13989,260
13990,36
13991,91
13992,106
13993,401
13994,1821
13995,150
13996,66
13997,18
13998,164
13999,40
14000,42
14001,56
14002,2
14003,31
14004,66
14005,70
14006,4
14007,71
14008,169
14009,31
14010,166
14011,33
14012,60
14013,102
14014,766
14015,26
14016,470
14017,33
14018,6
14019,101
14020,75
14021,151
14022,228
14023,116
14024,190
14025,191
14026,113
14027,2
14028,595
14029,49
14030,308
14031,104
14032,106
14033,279
14034,349
14035,123
14036,99
14037,158
14039,1
14040,64
14041,501
14042,31
14043,49
14044,63
14045,15
14046,104
14047,6
14048,7
14049,69
14050,160
14051,6
14052,101
14053,221
14054,1
14055,748
14056,44
14057,15
14058,120
14059,93
14060,9
14061,79
14062,4
14063,5
14064,285
14065,2
14067,267
14068,4
14070,55
14071,14
14072,4
14073,240
14074,148
14075,2
14076,188
14077,48
14078,72
14079,146
14080,6
14081,4
14082,63
14083,97
14084,58
14085,280
14086,2
14087,9
14088,9
14089,2
14090,82
14091,177
14092,3
14093,6
14094,172
14095,10
14096,8
14097,533
14098,14
14099,13
14100,178
14101,2
14102,3
14103,285
14104,38
14105,26
14106,201
14107,209
14108,18
14109,255
14110,102
14111,73
14112,103
14113,118
14114,364
14115,371
14116,206
14117,697
14118,1230
14119,742
14120,3031
14121,262
14122,394
14123,246
14124,36
14125,222
14126,476
14127,77
14128,3
14129,8
14130,115
14131,339
14132,1
14133,181
14134,198
14135,1
14136,88
14137,256
14138,3
14139,52
14140,159
14141,28
14142,124
14143,36
14144,13
14145,190
14146,8
14147,3
14148,66
14149,3
14150,2
14151,85
14152,21
14153,49
14154,110
14155,27
14156,3
14157,164
14158,44
14159,2
14160,109
14161,44
14162,11
14163,87
14164,15
14165,8
14166,16
14167,57
14168,3
14169,76
14170,67
14171,172
14172,222
14173,193
14174,23
14175,51
14176,16
14177,654
14178,2036
14179,80
14180,47
14181,308
14182,41
14183,1543
14184,2669
14185,155
14186,530
14187,581
14188,130
14189,376
14190,149
14191,113
14192,1
14193,52
14194,40
14195,409
14196,155
14197,64
14198,74
14199,175
14201,1
14202,309
14203,29
14204,28
14205,107
14206,309
14207,68
14208,122
14209,876
14210,54
14211,151
14212,173
14213,131
14214,241
14215,64
14216,334
14217,216
14218,127
14219,38
14220,1859
14221,62
14224,171
14226,94
14227,1
14228,113
14229,343
14230,597
14231,78
14232,79
14233,75
14234,42
14235,312
14236,89
14237,94
14238,146
14239,8
14240,83
14241,258
14242,7
14243,5
14244,44
14245,103
14246,244
14247,163
14248,55
14249,11
14250,470
14251,14
14252,50
14253,71
14254,16
14255,24
14256,84
14257,318
14258,77
14259,175
14260,17
14261,3
14262,564
14263,1
14264,28
14265,525
14266,81
14267,871
14268,649
14269,7
14270,39
14271,174
14272,2
14273,11
14274,188
14275,33
14276,68
14278,32
14279,31
14280,60
14281,46
14282,26
14283,52
14284,122
14285,2
14286,145
14287,29
14288,142
14289,136
14290,383
14291,80
14292,316
14293,311
14294,274
14295,107
14297,2
14298,83
14299,2
14300,1
14301,25
14302,8
14303,44
14304,93
14305,248
14306,50
14307,144
14308,1
14309,4
14310,57
14311,7
14312,8
14313,516
14314,13
14315,10
14316,293
14317,87
14318,1256
14319,132
14320,5
14321,2
14322,1329
14323,212
14324,2
14325,227
14326,27
14327,29
14328,77
14329,1
14330,58
14331,78
14332,4
14333,8
14334,51
14335,394
14336,61
14337,63
14338,77
14339,45
14340,230
14341,1
14342,5
14343,96
14344,46
14345,34
14346,312
14347,148
14348,128
14349,173
14350,109
14351,46
14352,226
14353,31
14354,39
14355,119
14356,4
14357,2
14358,824
14359,116
14360,90
14361,106
14362,257
14363,4
14364,130
14365,3
14366,6
14367,45
14368,2
14370,68
14371,607
14372,119
14373,146
14374,1
14376,243
14377,11
14378,4
14379,32
14382,119
14383,52
14384,159
14385,105
14386,44
14387,3
14388,227
14389,84
14390,2
14391,190
14392,3
14393,2
14394,430
14395,74
14396,1066
14397,101
14398,194
14399,61
14400,506
14401,44
14402,26
14403,369
14404,8
14405,7
14406,111
14407,1226
14408,3951
14409,300
14410,2
14411,14
14412,147
14413,34
14414,238
14415,88
14416,19
14417,12
14418,219
14419,6
14420,5
14421,69
14422,109
14423,9
14424,75
14425,244
14426,3
14427,73
14428,369
14429,53
14430,329
14431,38
14432,11
14433,40
14434,11
14435,18
14436,52
14437,48
14438,14
14439,43
14440,67
14441,35
14442,36
14443,110
14444,9
14445,132
14446,22
14447,14
14448,134
14449,79
14450,9
14451,123
14452,205
14453,2
14454,179
14455,4
14456,3
14457,260
14458,15
14459,6
14460,64
14461,42
14462,12
14463,177
14464,94
14465,11
14466,146
14467,8
14468,2
14469,92
14470,23
14471,312
14472,180
14473,3
14474,2
14475,319
14476,191
14477,10
14478,273
14479,35
14480,14
14481,318
14482,32
14483,33
14484,345
14485,60
14486,83
14487,164
14488,6
14489,68
14490,94
14491,294
14492,4
14493,156
14494,5
14495,4
14496,28
14497,104
14498,11
14499,55
14500,514
14501,54
14502,205
14503,125
14504,15
14505,165
14506,10
14507,35
14508,258
14509,12
14510,17
14511,382
14512,184
14513,71
14514,136
14515,79
14516,26
14517,98
14518,13
14519,9
14520,321
14521,39
14522,14
14523,46
14524,168
14525,8
14526,109
14527,29
14528,72
14529,159
14530,42
14531,90
14532,45
14533,12
14534,27
14535,46
14536,52
14538,45
14539,10
14540,25
14541,70
14542,19
14543,1
14544,29
14545,5
14546,64
14547,237
14548,43
14549,6
14550,152
14551,98
14552,233
14553,87
14554,58
14555,3
14556,68
14557,157
14558,40
14559,333
14560,14
14561,13
14562,141
14563,76
14564,6
14565,173
14566,6
14567,2
14568,397
14569,2
14570,1
14571,1050
14572,47
14573,6
14574,177
14575,192
14576,804
14577,174
14578,55
14579,11
14580,455
14581,56
14582,2
14583,815
14584,401
14585,1003
14586,296
14587,93
14588,82
14589,134
14590,106
14591,24
14592,136
14593,211
14594,7
14595,45
14596,9
14597,76
14598,201
14599,3278
14600,11
14601,102
14602,148
14603,4
14604,128
14605,229
14606,9
14607,41
14608,3
14609,1
14610,433
14611,14
14612,77
14613,122
14614,42
14615,5
14616,325
14617,12
14618,109
14619,398
14620,52
14621,626
14622,442
14623,3
14624,3
14625,247
14626,15
14627,4
14628,100
14629,15
14630,3
14631,113
14632,77
14633,1
14634,134
14635,124
14636,23
14637,163
14638,196
14639,23
14640,47
14641,60
14642,6
14643,76
14644,16
14645,128
14646,251
14647,4
14648,22
14649,1404
14650,17
14651,65
14652,187
14653,337
14654,44
14655,151
14656,125
14657,265
14658,122
14659,19
14660,21
14661,143
14662,5
14663,2
14664,29
14665,8
14666,62
14667,65
14668,80
14669,5
14670,753
14671,11
14672,67
14673,110
14674,310
14675,7
14676,2831
14677,51
14678,8
14679,76
14680,8
14681,75
14682,137
14683,1
14684,3
14685,44
14686,3
14687,3
14688,859
14689,8
14690,52
14691,158
14692,148
14693,28
14694,303
14695,2
14696,6
14697,701
14698,6
14699,7
14700,209
14701,105
14702,12
14703,334
14704,40
14705,7
14706,136
14707,84
14708,860
14709,139
14710,123
14711,26
14712,687
14713,15
14714,32
14715,125
14717,78
14718,308
14719,20
14720,6
14721,50
14722,6
14723,7
14724,4090
14725,28
14726,4
14727,30
14729,96
14730,210
14731,5
14732,18
14733,116
14734,1
14735,12
14736,91
14737,60
14738,30
14739,67
14740,136
14741,376
14742,58
14743,167
14744,14
14745,92
14746,47
14747,88
14748,148
14749,88
14750,1
14751,53
14752,8
14753,28
14754,59
14755,192
14756,5
14757,329
14758,5
14759,13
14760,200
14761,8
14762,8
14763,221
14764,9
14765,6
14766,150
14767,117
14768,363
14769,269
14770,63
14771,96
14772,304
14773,158
14774,160
14775,136
14776,53
14777,12
14778,61
14779,16
14780,42
14781,184
14782,10
14783,11
14784,101
14785,155
14786,1240
14787,213
14788,81
14789,32
14790,1404
14791,62
14792,128
14793,604
14794,3
14795,2
14796,78
14798,5
14799,131
14800,7
14801,47
14802,224
14803,4
14805,2490
14808,204
14809,234
14810,38
14811,38
14812,3
14813,2
14814,222
14815,2
14816,4
14817,215
14818,284
14819,20
14820,49
14821,356
14822,21
14823,59
14824,7
14825,6
14826,59
14827,73
14828,44
14829,1028
14830,4
14831,277
14832,56
14833,6
14834,2
14835,231
14836,223
14837,156
14838,520
14839,8
14840,17
14841,45
14842,4
14844,32
14845,144
14846,35
14847,66
14848,294
14849,1
14850,52
14853,123
14854,261
14855,13
14856,287
14857,732
14858,50
14859,153
14860,3
14861,12
14862,43
14863,62
14864,14
14865,63
14866,33
14867,16
14868,52
14869,27
14870,81
14871,99
14872,11
14873,49
14874,1062
14875,37
14876,6
14877,1756
14878,31
14879,4
14880,52
14881,40
14882,172
14883,67
14884,11
14885,63
14886,56
14887,4
14888,5
14889,655
14890,61
14891,43
14892,197
14893,8
14894,7
14895,115
14896,9
14897,2
14898,580
14899,4
14900,4
14901,27
14902,191
14903,39
14904,82
14905,6
14906,88
14907,131
14908,14
14909,14
14910,205
14911,22
14912,79
14913,663
14914,5
14915,38
14916,89
14917,45
14918,6
14919,542
14920,74
14921,24
14922,468
14923,208
14924,2
14925,2827
14926,8
14927,36
14928,582
14929,3
14930,12
14931,1153
14932,522
14933,36
14934,71
14935,69
14936,5
14937,1425
14939,22
14940,552
14941,5
14942,4
14943,80
14944,30
14945,5
14946,87
14947,13
14948,6
14949,111
14950,10
14951,3
14952,80
14953,7
14954,4
14955,192
14956,48
14957,1
14958,60
14959,2
14960,2017
14961,355
14963,35
14964,111
14965,2
14966,8
14967,76
14968,8
14969,7
14970,39
14971,2
14972,28
14973,83
14974,29
14975,5
14976,74
14977,11
14978,13
14979,56
14980,493
14981,7
14982,47
14983,3
14984,26
14985,59
14988,185
14989,30
14990,133
14991,129
14992,16
14993,8
14994,79
14995,26
14996,32
14997,51
14998,175
14999,116
15000,52
15001,29
15002,593
15003,111
15004,43
15005,85
15006,394
15007,134
15008,94
15009,607
15010,13
15011,20
15012,76
15013,60
15014,7
15015,146
15016,285
15017,1035
15018,66
15019,322
15020,5
15021,92
15022,5
15023,5
15024,1011
15025,458
15026,1999
15027,119
15028,103
15029,21
15030,323
15031,12
15032,14
15033,91
15034,3
15035,2
15036,98
15037,222
15038,87
15039,71
15041,13
15042,143
15043,53
15044,2
15045,355
15046,241
15047,340
15048,331
15049,152
15050,1
15051,96
15052,2
15053,6
15054,128
15055,9
15056,60
15057,3
15058,1
15059,5
15060,158
15061,11
15063,56
15064,27
15065,1
15066,7
15067,3
15069,124
15070,24
15071,5
15072,25
15074,2
15075,83
15076,16
15077,49
15078,101
15079,24
15080,95
15081,325
15082,97
15083,1
15084,39
15085,44
15086,40
15087,67
15088,45
15089,59
15090,148
15092,8
15093,103
15094,6
15095,10
15096,637
15097,3
15098,2
15099,111
15100,256
15101,316
15102,282
15103,5
15104,4
15105,266
15106,1
15107,11
15108,479
15109,172
15110,1
15111,225
15112,43
15113,8
15114,206
15115,7
15117,69
15118,6
15119,5
15120,344
15121,7
15122,1
15123,129
15124,132
15125,5
15126,305
15127,11
15128,21
15129,43
15130,1
15131,4
15132,80
15134,20
15135,86
15136,10
15137,5
15138,172
15139,4
15140,15
15141,1191
15142,1
15143,5
15144,110
15145,3
15146,8
15147,40
15148,1
15149,3
15150,104
15151,5
15152,2
15153,75
15154,202
15155,2
15156,202
15157,61
15158,3
15159,22
15160,3
15161,23
15162,113
15163,83
15164,3
15165,188
15166,63
15167,4
15168,116
15170,7
15171,167
15172,29
15173,18
15174,114
15175,65
15176,19
15177,118
15178,17
15179,4
15180,555
15181,305
15182,229
15183,200
15184,10
15185,156
15186,61
15187,170
15188,65
15189,104
15190,84
15191,56
15192,173
15193,166
15194,293
15195,171
15196,68
15197,148
15198,86
15199,124
15200,1
15201,120
15202,341
15203,14
15204,71
15205,19
15206,1
15207,211
15208,2
15209,3
15210,106
15211,72
15212,404
15213,146
15214,26
15215,10
15216,685
15217,2
15218,11
15219,138
15220,31
15221,9
15222,838
15223,7
15224,11
15225,143
15226,144
15227,20
15228,45
15229,36
15230,14
15231,99
15232,1
15233,9
15234,11
15235,83
15236,12
15237,2142
15238,58
15239,56
15240,5247
15241,28
15242,35
15243,1028
15244,40
15246,51
15247,37
15248,53
15249,56
15250,40
15251,654
15252,152
15253,272
15254,88
15255,106
15256,13
15257,247
15258,83
15259,44
15260,290
15261,102
15262,53
15263,81
15264,162
15265,122
15266,3
15267,247
15268,37
15269,77
15270,85
15271,41
15272,57
15273,275
15274,76
15275,2
15276,284
15277,1514
15278,35
15279,1730
15280,398
15281,4
15282,108
15283,36
15284,16
15285,185
15286,5
15287,4
15288,38
15289,1
15290,2
15291,1
15292,5
15294,165
15295,1
15296,12
15297,228
15298,5
15299,2
15300,79
15301,1
15302,7
15303,97
15304,2
15305,1
15306,56
15307,2
15309,155
15310,4
15311,1
15312,114
15313,191
15314,42
15315,300
15316,5
15317,5
15318,49
15319,25
15320,13
15321,69
15322,3
15323,3
15324,1066
15325,55
15326,128
15327,964
15328,359
15329,4
15330,60
15331,1
15332,5
15333,34
15334,142
15335,47
15336,100
15337,127
15338,230
15339,63
15340,22
15341,29
15342,773
15343,13
15344,2
15345,62
15346,634
15347,2
15348,96
15349,260
15350,20
15351,164
15352,1030
15353,31
15354,219
15355,45
15356,142
15357,166
15358,23
15359,64
15360,506
15361,3
15362,27
15363,57
15364,2
15366,403
15367,66
15368,784
15369,76
15370,23
15371,966
15372,1419
15373,4
15374,3
15375,57
15376,2
15377,3
15378,38
15379,128
15380,959
15381,231
15382,62
15383,38
15384,208
15385,118
15386,98
15387,79
15388,68
15389,3
15390,165
15391,128
15392,26
15393,110
15394,24
15395,3
15396,341
15397,23
15398,6
15399,146
15400,3
15401,17
15402,81
15403,116
15404,1
15405,68
15406,538
15407,477
15408,80
15409,3
15410,2
15411,128
15412,2
15413,3
15414,87
15415,10
15416,1
15417,62
15418,99
15419,28
15420,169
15421,6
15422,2
15423,88
15424,7
15425,3
15426,360
15427,101
15428,3
15429,43
15430,13
15431,13
15432,63
15433,5
15436,105
15437,207
15438,415
15439,330
15440,20
15441,216
15442,28
15443,5
15444,492
15445,9
15446,12
15447,74
15448,155
15449,49
15450,446
15451,3101
15452,259
15453,71
15454,16
15455,25
15456,75
15457,222
15458,3
15459,54
15460,31
15461,7
15462,83
15463,227
15464,11
15465,127
15467,2
15468,89
15469,25
15470,34
15471,162
15472,17
15473,13
15474,107
15475,3
15476,5
15477,194
15478,3
15479,4
15480,510
15481,3
15482,20
15483,220
15484,5
15485,13
15486,172
15487,16
15488,13
15489,150
15490,15
15492,173
15493,73
15494,24
15495,220
15496,2
15498,111
15499,1
15500,1
15501,86
15502,23
15503,6
15504,69
15505,2
15506,1
15507,99
15508,31
15509,11
15510,1808
15512,1
15513,41
15514,3
15515,1
15516,91
15517,52
15518,42
15519,99
15520,1
15522,31
15523,8
15525,139
15526,48
15527,31
15528,81
15529,17
15530,288
15531,114
15532,3
15533,2
15534,79
15535,438
15536,24
15537,188
15538,293
15539,66
15540,2476
15541,16
15542,39
15543,1298
15544,78
15545,7
15546,607
15547,3
15548,16
15549,66
15550,78
15551,25
15552,172
15553,165
15554,38
15555,135
15556,115
15557,98
15558,31
15559,76
15560,4
15561,93
15562,51
15563,20
15564,179
15565,48
15566,14
15567,125
15568,14
15569,169
15570,76
15571,86
15572,91
15573,112
15574,8
15575,94
15576,60
15577,3
15578,3
15579,1555
15580,4
15581,20
15582,51
15583,105
15584,40
15585,111
15586,86
15587,184
15588,760
15589,195
15590,58
15591,189
15592,9
15593,65
15594,487
15595,50
15596,519
15597,395
15598,271
15599,60
15600,485
15601,299
15602,156
15603,156
15604,65
15605,80
15606,133
15607,25
15608,5
15609,55
15610,5
15611,103
15612,57
15613,424
15614,58
15615,389
15616,53
15617,127
15618,54
15619,56
15620,3
15621,96
15622,1
15623,1
15624,136
15625,9
15626,95
15627,190
15628,94
15629,93
15630,61
15631,53
15632,7
15633,106
15635,5
15636,106
15637,7
15638,12
15639,47
15640,150
15641,157
15642,104
15643,31
15644,15
15645,52
15646,180
15647,132
15648,102
15649,190
15650,45
15651,85
15652,684
15653,34
15654,1710
15655,83
15656,1943
15657,147
15658,184
15659,56
15660,376
15661,55
15662,14
15663,84
15664,138
15665,55
15666,131
15667,166
15668,134
15669,171
15670,21
15671,159
15672,1155
15673,34
15674,2
15675,53
15676,51
15677,99
15678,267
15679,85
15680,15
15681,86
15682,43
15683,5
15684,177
15685,58
15686,1
15687,61
15688,135
15689,207
15690,40
15692,39
15693,43
15694,8
15695,1
15696,140
15697,2
15698,2
15699,413
15700,19
15701,8
15702,109
15703,24
15704,2
15705,101
15706,55
15707,20
15708,388
15709,72
15710,17
15711,27
15712,60
15713,2
15714,1200
15715,2
15716,4
15717,136
15718,1
15719,3
15720,3758
15721,6
15723,179
15724,38
15725,2
15726,160
15727,89
15728,25
15729,102
15730,10
15731,3
15732,304
15733,4
15734,18
15735,128
15736,13
15737,17
15738,3854
15739,9
15740,2
15741,151
15742,68
15743,174
15744,175
15745,60
15746,205
15747,94
15748,19
15749,9
15750,185
15751,37
15752,129
15753,172
15754,57
15755,232
15756,244
15757,32
15758,160
15759,115
15760,346
15761,18
15762,98
15763,1702
15764,16
15765,70
15766,385
15767,6
15768,186
15769,36
15770,5
15771,39
15772,52
15773,156
15774,366
15775,58
15776,33
15777,65
15778,25
15779,698
15780,165
15781,18
15782,60
15783,134
15784,77
15785,4
15786,114
15787,1
15788,21
15789,172
15790,9
15791,5
15792,117
15793,17
15794,12
15795,50
15796,25
15797,6
15798,30
15799,1
15800,2
15801,100
15803,1
15804,284
15805,3
15806,6
15807,47
15809,1
15810,1678
15812,23
15813,123
15814,139
15815,20
15816,54
15817,10
15818,11
15819,51
15820,31
15821,13
15822,128
15823,26
15824,482
15825,150
15826,38
15827,108
15828,157
15829,140
15830,188
15831,164
15833,4
15834,172
15835,9
15836,81
15837,99
15838,4
15839,7
15840,8
15841,58
15842,335
15843,118
15844,19
15845,39
15846,212
15847,119
15848,1334
15849,293
15850,233
15851,44
15852,216
15853,197
15854,104
15855,116
15856,103
15857,1477
15858,112
15859,14
15860,94
15861,155
15862,36
15863,10
15864,48
15865,9
15866,9
15867,158
15868,120
15869,62
15870,205
15871,5
15872,2
15873,169
15874,51
15875,3
15876,30
15877,56
15878,5
15879,201
15880,6
15881,4
15882,206
15883,4
15884,8
15885,55
15886,123
15887,25
15888,324
15889,2
15890,37
15891,100
15892,81
15893,127
15894,208
15895,372
15896,1
15897,38
15898,99
15899,14
15900,74
15901,18
15902,62
15903,117
15904,79
15905,222
15906,1567
15907,625
15908,293
15909,66
15910,351
15911,253
15912,204
15913,51
15914,112
15915,140
15916,33
15917,31
15918,106
15919,176
15920,50
15921,525
15923,22
15924,901
15925,674
15926,4
15927,142
15928,650
15929,24
15930,211
15931,334
15932,25
15933,676
15934,22
15935,38
15936,269
15937,189
15938,9
15939,1045
15940,108
15941,40
15942,418
15943,37
15944,16
15945,132
15946,27
15947,16
15948,82
15949,136
15950,43
15951,962
15952,2206
15953,1
15954,114
15955,8
15956,6
15957,954
15958,53
15959,7
15960,3173
15961,48
15962,7
15963,457
15964,17
15965,7
15966,86
15967,4
15968,1
15969,37
15970,78
15971,4
15972,164
15973,31
15974,4
15975,224
15976,60
15977,29
15978,400
15979,184
15980,4
15981,788
15982,769
15983,6
15984,79
15986,3
15987,43
15988,44
15989,39
15990,76
15991,4
15993,136
15994,31
15995,3
15996,96
15997,2
15998,1
15999,60
16000,7
16001,2
16002,39
16003,4
16004,3
16005,70
16006,209
16007,25
16008,133
16009,6
16010,2
16011,153
16012,48
16013,6
16014,446
16015,1
16016,2
16017,501
16018,5
16019,1
16020,205
16021,4
16022,8
16023,107
16024,49
16025,1
16026,138
16027,27
16028,10
16029,153
16030,86
16031,13
16032,22
16033,12
16034,12
16035,147
16036,5
16037,3
16038,158
16039,3
16040,2
16041,293
16042,15
16043,4
16044,102
16045,379
16046,4
16047,73
16048,23
16049,1026
16050,90
16051,3
16052,33
16053,76
16054,93
16055,4
16056,313
16057,178
16058,94
16059,76
16060,26
16061,130
16062,300
16063,63
16064,347
16065,321
16066,17
16067,44
16068,340
16069,8
16070,263
16071,73
16072,73
16073,543
16074,82
16075,754
16076,254
16077,140
16078,76
16079,1
16080,237
16081,6
16082,3
16083,119
16084,187
16085,82
16086,119
16087,33
16088,1
16089,161
16090,4
16091,19
16092,1517
16093,71
16094,5
16095,73
16097,5
16098,88
16101,206
16102,37
16103,6
16104,1
16105,31
16106,57
16107,34
16108,6
16109,39
16110,122
16111,2336
16112,4
16113,50
16114,148
16115,15
16116,88
16117,778
16118,27
16119,130
16120,28
16121,31
16122,185
16123,37
16124,1
16125,93
16126,13
16127,121
16128,259
16129,1
16130,10
16131,54
16132,1
16133,8
16134,117
16135,106
16136,4
16137,169
16138,53
16139,1
16140,92
16141,61
16142,3
16143,121
16144,34
16145,33
16146,72
16147,3
16148,13
16149,86
16150,7
16151,1
16152,42
16153,147
16154,23
16155,76
16156,102
16157,5
16158,239
16159,3
16160,1
16161,86
16162,40
16163,686
16164,77
16165,13
16166,97
16167,58
16168,26
16169,123
16170,318
16171,29
16172,87
16173,1091
16174,10
16175,209
16176,850
16177,36
16178,1087
16179,115
16180,25
16181,172
16182,135
16183,2
16184,29
16185,142
16186,1
16187,47
16188,117
16189,21
16190,3
16191,38
16192,408
16193,418
16194,152
16195,11
16196,42
16197,277
16198,2
16199,1
16200,51
16202,6
16203,224
16204,32
16205,31
16206,588
16207,359
16208,552
16209,133
16210,76
16211,17
16212,17
16213,60
16214,2
16215,250
16216,72
16217,125
16218,78
16219,125
16220,108
16221,471
16222,200
16223,68
16224,468
16225,63
16226,63
16227,102
16228,123
16229,14
16230,201
16231,86
16232,1
16233,49
16234,5
16235,1
16236,367
16237,20
16238,7
16239,126
16240,14
16241,7
16242,367
16243,13
16244,5
16245,478
16246,84
16247,747
16248,120
16251,70
16252,25
16253,1
16254,88
16255,8
16256,4
16257,84
16258,1
16259,5
16260,1976
16261,36
16262,114
16263,217
16264,24
16265,2
16266,110
16267,1
16268,28
16269,292
16270,4
16271,1
16272,138
16273,10
16274,182
16275,258
16276,111
16277,2
16278,35
16279,18
16280,78
16281,106
16282,2
16283,3
16284,55
16285,28
16286,2
16287,38
16288,96
16289,2966
16291,3
16292,3
16293,2206
16294,2
16295,5
16296,32
16297,10
16298,15
16299,55
16300,4
16301,119
16302,82
16303,25
16304,2
16305,171
16306,44
16307,90
16308,1900
16309,47
16310,2
16311,192
16312,4
16313,6
16314,62
16315,6
16316,7
16317,42
16318,6
16319,14
16320,113
16321,5
16322,10
16323,1963
16324,7
16325,14
16326,73
16327,20
16328,31
16329,1586
16330,19
16331,6
16332,687
16333,8
16334,2
16335,145
16336,73
16337,43
16338,1357
16339,142
16340,104
16341,122
16342,628
16343,169
16344,67
16345,1
16346,4
16347,100
16348,155
16349,260
16350,39
16351,3
16352,3
16353,143
16354,4
16355,32
16356,74
16357,90
16358,6
16359,97
16360,43
16361,3
16362,1525
16363,93
16364,4
16365,665
16366,6
16367,10
16368,37
16369,17
16370,10
16371,115
16372,15
16373,121
16374,452
16375,358
16376,1652
16377,1527
16378,13
16380,113
16381,192
16382,34
16383,73
16385,3
16386,372
16387,36
16388,57
16389,322
16390,92
16391,257
16392,326
16393,1443
16394,1416
16395,275
16396,472
16397,129
16398,60
16399,1
16400,3
16401,74
16402,110
16403,128
16404,186
16405,137
16406,141
16407,153
16408,77
16409,190
16410,105
16411,165
16412,14
16413,219
16414,34
16415,41
16416,206
16417,39
16418,120
16419,177
16420,46
16421,36
16422,39
16423,34
16424,1
16425,100
16426,122
16427,47
16428,1562
16429,92
16431,276
16432,4
16433,4
16434,109
16435,74
16436,11
16437,31
16438,56
16439,44
16440,21
16441,48
16442,68
16443,496
16444,15
16445,8
16446,87
16447,27
16448,73
16449,49
16451,2
16452,79
16453,27
16454,67
16455,152
16456,765
16457,1137
16458,72
16459,2
16460,1
16461,400
16462,1
16463,38
16464,47
16465,116
16466,1682
16467,96
16468,751
16469,131
16470,168
16471,227
16472,21
16473,34
16474,1251
16475,109
16476,66
16477,19
16479,130
16480,228
16481,29
16482,242
16483,97
16484,9
16485,131
16486,4
16487,51
16488,41
16489,48
16490,51
16491,56
16492,1
16493,59
16494,299
16495,5
16496,93
16497,78
16498,17
16499,42
16500,341
16501,109
16503,82
16504,1
16506,50
16507,5
16508,33
16509,53
16510,41
16511,2
16512,291
16513,7
16514,36
16515,135
16516,1
16517,21
16518,32
16519,5
16520,17
16521,317
16522,56
16523,368
16524,72
16525,3
16526,7
16527,72
16528,451
16529,35
16530,111
16531,2
16532,1
16533,40
16534,218
16535,67
16536,319
16537,171
16538,273
16539,179
16540,43
16541,182
16542,186
16543,155
16544,19
16545,92
16546,26
16547,131
16548,165
16549,76
16550,35
16551,182
16552,7
16553,1
16554,121
16555,27
16556,1
16557,121
16558,151
16559,228
16560,92
16561,61
16563,188
16564,181
16565,11
16566,102
16567,11
16568,161
16569,118
16570,13
16571,34
16572,109
16573,45
16574,7
16575,1662
16576,1
16577,6
16578,7
16579,60
16580,591
16581,89
16582,38
16583,149
16584,90
16585,124
16586,78
16587,112
16588,194
16589,31
16590,63
16591,15
16592,27
16593,142
16594,3
16595,1
16596,903
16597,55
16598,4
16599,71
16600,26
16601,14
16602,68
16603,41
16604,41
16605,163
16606,13
16607,87
16608,375
16609,22
16610,119
16611,373
16612,17
16613,2
16614,62
16615,19
16616,2151
16617,132
16618,8
16619,15
16620,74
16621,37
16622,273
16623,59
16624,90
16626,384
16627,1
16628,14
16629,123
16630,5
16631,16
16632,107
16633,1
16634,3
16635,125
16636,172
16637,7
16638,158
16639,57
16640,35
16641,156
16642,2
16643,3
16644,82
16645,8
16646,99
16647,1252
16648,24
16649,7
16650,353
16652,14
16653,163
16654,57
16655,37
16656,271
16657,4
16658,376
16659,201
16660,3
16661,3
16662,278
16663,3
16664,1
16665,121
16666,3
16667,175
16668,200
16669,34
16670,7
16671,67
16672,12
16673,4
16674,45
16675,439
16676,5
16677,207
16678,3
16679,29
16680,48
16681,16
16682,37
16683,132
16684,40
16685,3
16686,69
16687,507
16688,29
16689,108
16690,62
16691,30
16692,313
16693,25
16694,395
16695,139
16696,203
16697,74
16698,67
16699,627
16700,299
16701,100
16702,8
16703,6
16704,142
16705,248
16706,11
16707,161
16708,512
16709,8
16710,269
16711,18
16712,26
16713,103
16714,1
16715,4
16716,375
16717,11
16718,97
16719,80
16720,36
16721,11
16722,148
16723,104
16724,12
16725,77
16726,2900
16727,15
16728,240
16729,122
16730,3
16731,106
16732,26
16733,1538
16734,223
16735,2
16736,4
16737,2
16738,6
16739,27
16740,173
16741,1062
16742,52
16743,163
16744,403
16745,114
16746,126
16747,1
16748,67
16749,58
16750,1377
16751,149
16752,106
16753,5
16754,52
16755,77
16756,209
16757,10
16758,48
16759,47
16760,8
16761,65
16762,444
16763,3
16764,142
16766,47
16767,644
16768,108
16769,7
16770,112
16771,1
16773,80
16774,3
16775,118
16776,101
16777,36
16778,8
16779,157
16780,5
16782,65
16783,7
16784,2
16785,94
16786,20
16787,25
16788,57
16789,2
16790,23
16791,179
16792,81
16793,84
16794,125
16795,651
16796,16
16797,122
16798,24
16799,40
16800,123
16801,1
16802,30
16803,34
16804,5
16805,3
16806,345
16807,4
16808,36
16809,37
16810,2
16811,7
16812,51
16813,225
16814,57
16815,58
16816,11
16818,68
16819,136
16820,124
16821,41
16822,1
16823,4
16824,223
16825,1
16826,1
16827,166
16828,22
16829,65
16830,349
16831,14
16832,31
16833,194
16834,39
16836,76
16837,23
16838,75
16839,76
16840,6
16841,15
16842,98
16843,367
16844,29
16845,99
16846,303
16847,12
16848,234
16849,3
16850,11
16851,137
16852,950
16853,564
16854,113
16855,118
16856,155
16857,184
16858,166
16859,680
16860,102
16861,208
16862,27
16863,79
16864,274
16865,11
16866,94
16867,10
16868,31
16869,327
16870,138
16871,68
16872,118
16873,60
16874,3
16875,64
16876,52
16877,1750
16878,253
16879,41
16880,34
16881,75
16882,35
16883,113
16884,82
16885,102
16886,23
16889,152
16890,176
16891,134
16892,4
16893,33
16894,15
16895,91
16896,175
16897,244
16898,56
16899,129
16900,127
16901,34
16902,75
16903,3
16904,3
16905,152
16906,59
16907,141
16908,163
16909,33
16910,9
16911,86
16912,845
16913,13
16914,484
16915,1118
16916,3
16917,625
16918,11
16919,1
16920,110
16921,2
16922,9
16923,63
16924,5
16925,49
16926,255
16927,36
16928,172
16929,105
16930,89
16931,5
16932,140
16933,68
16934,20
16935,1188
16936,76
16937,46
16938,194
16939,161
16941,58
16942,81
16943,643
16944,104
16945,178
16946,203
16947,70
16948,541
16949,98
16950,250
16951,12
16952,548
16953,61
16954,1309
16955,4
16956,126
16957,346
16958,50
16959,204
16960,94
16961,31
16962,154
16963,3
16964,2
16965,168
16966,35
16967,51
16968,423
16969,77
16970,61
16971,118
16972,25
16973,24
16974,70
16975,385
16976,36
16977,56
16978,38
16979,171
16980,54
16981,57
16982,15
16983,137
16984,43
16985,879
16986,239
16987,44
16988,27
16989,406
16990,82
16991,3
16992,175
16993,880
16994,9
16995,481
16996,92
16997,241
16998,150
16999,54
17000,259
17001,66
17002,730
17003,5
17004,1738
17005,20
17006,36
17007,483
17008,263
17009,248
17010,1528
17011,134
17012,1546
17013,200
17014,710
17015,48
17016,214
17017,17
17018,104
17019,1507
17020,40
17021,20
17022,56
17023,47
17024,210
17025,42
17026,41
17027,194
17028,200
17029,68
17030,88
17031,130
17032,128
17033,31
17034,138
17035,151
17036,247
17037,109
17038,52
17039,351
17040,377
17041,12
17042,191
17043,233
17044,1
17045,6
17046,54
17047,34
17048,70
17049,165
17050,112
17051,19
17052,91
17053,7
17054,4
17055,54
17056,269
17057,81
17058,691
17059,14
17060,34
17061,74
17062,3
17063,80
17064,317
17065,159
17066,79
17067,281
17068,42
17069,43
17070,429
17071,29
17072,45
17073,68
17074,170
17075,9
17076,254
17077,19
17078,89
17079,433
17080,1
17081,6
17082,135
17083,53
17084,5
17085,129
17086,2
17088,179
17089,1
17091,86
17092,1
17093,4
17094,109
17096,17
17097,67
17098,1
17099,2
17100,68
17101,1
17102,2
17103,91
17104,1889
17105,47
17106,198
17107,22
17108,36
17109,43
17110,142
17111,35
17112,127
17113,86
17114,48
17115,194
17116,90
17117,12
17118,511
17119,689
17120,5
17121,171
17122,1814
17123,217
17124,460
17125,1259
17126,202
17127,316
17128,16
17129,3
17130,206
17131,13
17132,10
17133,228
17134,316
17135,1322
17136,179
17137,133
17138,154
17139,354
17140,171
17141,76
17142,288
17143,38
17144,231
17145,136
17146,179
17147,37
17148,279
17149,141
17150,51
17151,195
17152,15
17153,136
17154,470
17155,55
17156,232
17157,141
17158,44
17159,3
17160,114
17161,13
17162,5
17163,247
17164,55
17165,4
17166,273
17167,9
17169,312
17170,17
17171,5
17172,1570
17173,2
17174,29
17175,152
17176,41
17181,149
17183,2
17184,85
17185,93
17186,1
17187,166
17190,101
17191,17
17192,141
17193,839
17195,12
17196,88
17197,106
17198,1
17199,196
17200,97
17201,5
17202,39
17203,20
17204,58
17205,117
17206,165
17207,291
17208,208
17209,47
17210,2
17211,250
17212,16
17213,277
17214,73
17215,38
17216,3
17217,28
17218,70
17219,131
17220,215
17221,8
17222,102
17223,125
17224,5
17225,2
17226,24
17227,7
17228,4
17229,30
17230,2
17232,57
17233,149
17234,8
17235,127
17236,1193
17237,35
17238,8
17239,5
17241,299
17242,359
17243,159
17244,87
17245,112
17246,39
17247,173
17248,112
17249,217
17250,178
17251,62
17252,212
17253,123
17254,94
17255,17
17256,167
17257,8
17258,59
17259,3671
17260,1
17261,61
17262,75
17264,1
17265,41
17266,131
17267,262
17268,312
17269,3
17270,23
17271,96
17273,2
17274,330
17275,7
17276,56
17277,66
17278,1517
17279,35
17280,795
17281,1
17282,1
17283,102
17284,26
17285,2254
17286,83
17287,46
17288,1445
17289,80
17290,56
17291,5
17292,48
17293,8
17294,25
17295,54
17296,11
17297,44
17298,125
17299,14
17300,58
17301,116
17302,310
17303,53
17304,2928
17305,39
17306,6
17307,52
17308,16
17309,3
17310,74
17312,3
17313,54
17314,90
17315,42
17316,68
17317,2
17318,3
17319,98
17320,121
17321,50
17322,143
17323,84
17324,12
17325,223
17326,372
17327,345
17328,178
17329,2
17330,16
17331,1163
17332,77
17333,337
17334,897
17335,79
17336,582
17337,154
17338,551
17339,1895
17340,115
17341,49
17342,113
17343,193
17344,277
17345,10
17346,91
17347,153
17348,33
17349,101
17350,96
17351,34
17352,217
17353,107
17354,47
17355,95
17356,3
17357,4
17358,223
17359,7
17360,1
17361,49
17362,67
17363,116
17364,96
17365,3
17366,1
17367,84
17368,6
17369,2
17370,67
17371,224
17372,414
17373,1499
17374,5
17375,319
17376,71
17377,9
17378,1
17379,61
17380,11
17381,11
17382,140
17384,2
17385,87
17386,18
17387,1
17388,46
17389,5
17391,51
17392,39
17393,25
17394,76
17395,98
17396,13
17397,397
17398,14
17399,133
17400,152
17401,106
17402,434
17403,558
17404,22
17405,24
17406,252
17407,153
17408,63
17409,103
17410,1927
17411,231
17412,81
17413,36
17414,48
17415,158
17416,1
17417,48
17418,218
17419,9
17420,28
17421,175
17422,27
17423,60
17424,169
17425,57
17426,46
17427,1006
17428,37
17429,26
17430,362
17431,106
17432,9
17433,173
17434,1
17435,2
17436,701
17439,961
17440,400
17441,103
17442,373
17443,309
17444,284
17445,319
17446,4
17447,2
17448,75
17449,251
17450,3
17451,49
17452,5
17453,5
17454,300
17455,11
17456,45
17457,92
17458,12
17459,3
17460,264
17461,119
17462,57
17463,410
17464,3
17465,39
17466,166
17467,75
17468,2
17469,113
17470,508
17471,18
17472,66
17473,22
17474,1416
17475,96
17476,1
17477,50
17478,322
17479,236
17480,27
17481,178
17482,95
17483,212
17484,70
17485,219
17486,1
17487,118
17488,41
17489,15
17490,67
17491,690
17492,5
17493,128
17494,38
17495,48
17496,198
17497,268
17498,8
17499,167
17500,3
17501,15
17502,1897
17503,1
17504,1
17505,157
17506,37
17507,7
17508,156
17509,24
17510,37
17511,189
17512,2
17513,74
17514,26
17515,14
17516,58
17517,57
17518,714
17519,4
17520,61
17521,103
17522,13
17523,522
17524,51
17525,23
17526,49
17527,64
17528,767
17529,80
17530,45
17531,21
17532,26
17533,171
17534,30
17535,88
17536,37
17537,12
17538,200
17539,90
17540,7
17541,174
17542,87
17543,113
17544,164
17545,7
17546,15
17547,176
17548,103
17549,3
17550,3626
17551,150
17552,89
17553,161
17554,36
17555,254
17556,124
17557,72
17558,7
17559,88
17560,63
17561,318
17562,1104
17563,5
17564,7
17565,202
17566,82
17568,139
17569,236
17570,1
17571,169
17572,426
17573,114
17574,279
17575,10
17576,3
17577,72
17578,7
17579,6
17580,85
17581,37
17582,6
17583,120
17584,154
17585,74
17586,699
17587,3
17588,4
17589,90
17590,139
17591,9
17592,271
17593,52
17594,20
17595,37
17596,83
17597,366
17598,73
17599,39
17600,7
17601,177
17602,117
17603,40
17604,39
17605,1
17606,1
17607,81
17608,72
17609,66
17610,158
17611,99
17612,61
17613,207
17614,43
17615,1673
17616,93
17617,4
17618,1
17619,134
17620,16
17621,41
17622,234
17623,144
17624,4
17625,31
17626,267
17627,13
17628,137
17629,16
17630,20
17631,70
17632,311
17633,52
17634,816
17635,33
17636,46
17637,180
17638,31
17639,483
17640,112
17641,169
17642,275
17643,162
17644,17
17645,83
17646,95
17647,2
17649,413
17650,16
17651,5
17652,82
17653,1
17654,29
17655,45
17656,42
17657,9
17658,619
17659,67
17660,38
17661,54
17662,10
17663,28
17664,148
17665,2
17666,162
17667,202
17668,2
17669,6
17670,50
17671,129
17672,60
17673,88
17674,443
17675,28
17676,3384
17677,24
17678,2795
17679,1376
17680,16
17681,25
17682,167
17683,28
17684,1
17685,147
17686,413
17687,62
17688,294
17689,62
17690,450
17691,239
17692,2
17693,2
17694,156
17695,45
17696,2
17697,200
17698,34
17699,91
17700,103
17701,3
17702,3
17703,513
17704,11
17705,14
17706,249
17707,356
17708,40
17709,169
17710,2
17711,1
17712,131
17713,298
17714,7
17715,52
17716,7
17717,1
17718,377
17719,33
17720,27
17721,1716
17722,355
17723,10
17724,107
17725,36
17726,1
17727,52
17728,7
17729,8
17730,146
17731,77
17732,4
17733,1603
17734,489
17735,90
17736,167
17737,127
17738,449
17739,97
17740,92
17741,122
17742,168
17743,44
17744,81
17745,1082
17746,2345
17747,2171
17748,265
17749,222
17750,1019
17751,132
17753,19
17754,6
17755,82
17756,215
17757,90
17758,43
17759,83
17760,98
17761,145
17762,1376
17763,201
17764,19
17765,12
17766,2353
17767,38
17768,8
17769,124
17770,31
17771,13
17772,111
17773,21
17774,2
17775,72
17776,2
17777,2
17778,71
17780,1
17781,349
17782,1
17783,10
17784,166
17785,2
17786,8
17787,112
17788,2
17790,390
17791,8
17792,18
17793,121
17794,79
17795,905
17796,129
17797,145
17798,26
17799,372
17800,54
17801,59
17802,291
17803,73
17804,76
17805,115
17806,2
17807,19
17808,635
17809,106
17810,4
17811,119
17812,37
17813,12
17814,265
17815,357
17816,70
17817,73
17818,210
17819,5
17820,85
17821,321
17822,1647
17823,87
17824,5
17825,969
17826,129
17827,35
17828,25
17829,45
17830,1
17831,3
17832,85
17833,1
17834,5
17835,175
17836,7
17837,1
17838,207
17839,8
17840,12
17841,263
17842,11
17843,4
17844,128
17845,2
17846,2
17847,331
17848,8
17849,3
17850,1289
17851,7
17852,23
17853,161
17854,4
17855,2
17856,99
17857,17
17858,227
17859,205
17860,112
17861,80
17862,151
17863,223
17864,25
17865,230
17866,92
17867,20
17868,94
17869,168
17870,26
17871,37
17872,80
17873,24
17874,236
17875,69
17876,138
17877,157
17878,7
17879,3
17880,82
17881,43
17882,9
17883,516
17884,31
17885,4
17886,180
17887,16
17888,20
17889,70
17890,11
17891,5
17892,198
17893,271
17894,354
17895,240
17896,37
17898,194
17899,2
17900,7
17901,82
17902,8
17903,2
17904,31
17905,1
17906,35
17907,81
17908,140
17909,15
17910,66
17911,3
17912,3
17913,398
17914,6
17915,3
17916,148
17917,2
17919,119
17920,9
17921,3
17922,126
17923,32
17925,79
17926,8
17927,3
17928,225
17929,66
17930,17
17931,135
17932,1
17933,1
17934,959
17935,21
17936,5
17937,94
17938,160
17939,386
17940,121
17941,42
17942,20
17943,57
17944,690
17945,26
17946,101
17947,3
17948,1
17949,227
17950,54
17951,19
17952,4
17953,27
17954,3
17955,78
17956,11
17957,9
17958,170
17959,95
17960,32
17961,227
17962,111
17963,39
17964,1065
17965,13
17966,21
17967,86
17968,19
17969,211
17970,184
17971,45
17972,166
17973,98
17974,68
17975,13
17976,518
17977,2459
17978,13
17979,76
17980,28
17981,35
17982,123
17983,49
17984,75
17985,381
17986,56
17987,52
17988,224
17989,16
17991,94
17992,15
17993,98
17994,105
17995,97
17996,5
17997,60
17998,43
17999,1857
18000,52
18001,59
18002,105
18003,44
18004,87
18005,12
18006,94
18007,56
18008,60
18009,73
18010,142
18011,14
18012,283
18013,10
18014,16
18015,104
18016,54
18017,63
18018,158
18019,103
18020,163
18021,316
18022,40
18023,125
18024,303
18025,116
18026,21
18027,336
18028,650
18029,1359
18030,107
18031,35
18032,1412
18033,146
18034,27
18036,52
18037,6
18038,4
18039,117
18040,673
18041,50
18042,259
18043,19
18044,42
18045,53
18046,11
18047,65
18048,137
18049,162
18050,17
18051,89
18052,41
18053,65
18054,129
18055,179
18056,34
18057,62
18058,79
18060,1990
18061,1
18062,6
18063,41
18064,2
18065,15
18066,115
18067,30
18068,2
18069,91
18070,15
18071,4
18072,28
18073,8
18074,8
18075,40
18076,4
18077,96
18078,310
18079,753
18080,20
18081,83
18082,78
18083,461
18084,397
18085,74
18086,2546
18087,261
18088,399
18089,38
18090,336
18091,61
18092,10
18093,175
18094,10
18095,2
18096,405
18097,5
18098,3
18099,309
18100,46
18101,6
18102,161
18103,7
18104,33
18105,1344
18106,584
18107,6
18108,125
18109,324
18110,373
18111,197
18112,4
18113,8
18114,96
18115,1483
18116,33
18117,245
18118,213
18119,42
18120,263
18121,196
18122,129
18123,58
18124,12
18125,21
18126,140
18127,71
18128,47
18129,1502
18130,67
18131,1698
18132,263
18133,13
18134,49
18135,103
18136,36
18137,28
18138,294
18139,10
18140,57
18141,138
18142,80
18143,71
18144,249
18145,33
18146,130
18147,173
18148,247
18149,102
18150,86
18151,73
18152,2
18153,280
18154,15
18155,186
18156,56
18157,134
18158,42
18159,143
18160,130
18161,26
18162,847
18163,1578
18164,97
18165,371
18166,747
18167,1035
18168,185
18169,650
18170,266
18171,909
18172,131
18173,228
18174,51
18175,1043
18176,730
18177,85
18178,10
18179,91
18180,449
18181,251
18182,26
18183,453
18184,152
18185,67
18186,774
18187,19
18188,52
18189,602
18190,1
18191,13
18192,87
18193,6
18194,75
18195,49
18196,14
18197,97
18198,36
18199,63
18200,1
18201,115
18202,124
18203,45
18204,127
18205,14
18206,6
18207,65
18208,70
18209,46
18210,371
18211,21
18212,2
18213,190
18214,102
18215,8
18216,43
18217,14
18218,5
18219,18
18220,4
18221,49
18222,44
18223,98
18224,35
18225,697
18226,42
18227,107
18228,129
18229,46
18230,137
18231,263
18232,15
18233,33
18234,69
18235,57
18236,1
18237,87
18238,36
18239,102
18240,112
18241,98
18242,65
18243,64
18244,426
18245,7
18246,415
18247,315
18248,726
18249,91
18250,17
18251,45
18252,1857
18253,50
18254,39
18255,1531
18256,8
18257,4
18258,110
18259,245
18260,308
18261,561
18262,107
18263,153
18264,533
18265,285
18266,198
18267,824
18268,23
18269,49
18270,204
18271,38
18272,49
18273,245
18274,71
18275,23
18276,61
18277,105
18278,92
18279,45
18280,62
18281,130
18282,41
18283,163
18284,50
18285,123
18286,62
18287,48
18288,73
18289,4
18290,10
18291,166
18292,239
18293,10
18294,177
18296,1
18297,3
18298,322
18299,104
18300,225
18301,28
18302,9
18303,207
18304,53
18305,50
18306,446
18307,9
18308,1
18309,240
18310,150
18311,128
18312,1224
18313,3
18314,3
18315,684
18316,7
18317,8
18318,1257
18319,9
18320,27
18321,136
18322,882
18323,55
18324,121
18325,68
18326,1231
18327,174
18328,25
18329,1062
18330,60
18331,32
18332,114
18333,140
18334,10
18335,26
18336,109
18337,206
18338,70
18339,94
18340,282
18341,36
18342,102
18343,5
18344,4
18345,120
18346,26
18347,21
18348,2197
18349,1
18350,18
18351,241
18352,54
18353,3
18354,43
18355,6
18356,8
18357,150
18358,83
18359,17
18360,182
18361,8
18362,1
18363,214
18364,144
18365,2
18366,742
18367,2
18368,10
18369,97
18370,22
18371,5
18372,74
18373,16
18374,56
18375,157
18376,22
18377,2281
18378,114
18379,339
18380,64
18381,53
18382,198
18383,81
18384,139
18385,29
18386,22
18387,153
18388,321
18389,5
18390,200
18391,183
18392,18
18393,120
18394,436
18395,2441
18396,175
18397,514
18398,119
18399,141
18400,528
18401,496
18402,196
18403,61
18404,178
18405,142
18406,41
18407,6
18408,57
18409,26
18410,256
18411,96
18412,973
18413,11
18414,98
18415,7
18416,4
18417,637
18418,10
18419,50
18420,32
18421,286
18422,49
18423,65
18424,378
18425,91
18426,152
18427,51
18428,108
18429,371
18430,3
18431,1157
18432,80
18433,288
18434,117
18435,252
18436,97
18437,41
18438,145
18439,74
18440,292
18441,352
18442,141
18443,150
18444,139
18445,265
18446,20
18447,131
18448,126
18449,625
18450,99
18451,43
18452,834
18453,337
18454,6
18455,54
18456,105
18457,1524
18458,223
18459,73
18460,39
18461,13
18462,658
18463,459
18464,327
18465,208
18466,90
18467,68
18468,287
18469,199
18470,181
18471,1170
18472,23
18473,118
18474,148
18475,24
18476,6
18477,79
18478,29
18479,69
18480,108
18481,275
18482,5
18483,448
18484,84
18485,7
18486,1688
18487,197
18488,452
18489,48
18490,394
18491,356
18492,258
18493,271
18494,7
18495,150
18496,90
18497,27
18498,686
18499,121
18500,62
18501,1095
18502,6
18503,75
18504,116
18505,15
18506,50
18507,87
18508,2893
18509,50
18510,230
18511,547
18512,425
18513,108
18514,5
18515,12
18516,29
18517,86
18518,158
18519,118
18520,154
18521,17
18522,101
18523,198
18524,20
18525,500
18526,1673
18527,60
18528,52
18529,161
18530,80
18531,75
18532,4
18533,53
18534,297
18535,168
18536,71
18537,128
18538,360
18539,36
18540,62
18541,10
18542,7
18543,41
18544,42
18545,56
18546,484
18547,32
18548,1
18549,62
18550,57
18551,25
18552,77
18553,9
18554,8
18555,3082
18556,123
18557,355
18558,34
18559,254
18560,5
18561,52
18562,25
18563,27
18564,51
18565,72
18566,129
18567,278
18568,2201
18569,23
18570,1829
18571,52
18572,27
18573,122
18574,93
18575,64
18576,544
18577,32
18578,52
18579,59
18580,94
18581,43
18582,641
18583,1057
18584,31
18585,3035
18586,172
18587,6
18588,137
18589,511
18590,27
18591,7311
18592,57
18593,37
18594,147
18595,4
18596,37
18597,18
18598,65
18599,143
18600,120
18601,210
18602,21
18603,328
18604,60
18605,21
18606,340
18607,109
18608,2
18609,65
18610,5
18611,3
18612,172
18613,35
18614,1
18615,106
18616,40
18617,13
18618,142
18619,32
18620,18
18621,61
18622,44
18623,168
18624,170
18625,4
18626,66
18627,61
18628,2
18629,128
18630,163
18631,32
18632,232
18633,48
18634,731
18635,66
18636,388
18637,18
18638,49
18639,41
18640,121
18641,103
18642,61
18643,11
18644,6
18645,75
18646,1154
18647,2517
18648,219
18649,37
18650,89
18651,1035
18652,493
18653,139
18654,602
18655,26
18656,91
18657,3130
18658,12
18659,9
18660,139
18661,12
18662,8
18663,66
18664,331
18665,5
18666,84
18667,2
18668,7
18669,166
18670,114
18671,204
18672,217
18673,88
18674,276
18675,131
18676,88
18677,262
18678,158
18679,98
18680,113
18681,586
18682,121
18683,363
18684,145
18685,54
18686,180
18687,1527
18688,88
18689,167
18690,107
18691,56
18692,160
18693,554
18694,69
18695,501
18696,273
18697,187
18698,628
18699,209
18700,72
18701,33
18702,244
18703,510
18704,85
18705,509
18706,67
18707,57
18708,119
18709,80
18710,102
18711,137
18712,93
18713,335
18714,512
18715,2
18716,1
18717,70
18718,9
18719,27
18720,3
18721,64
18722,60
18723,234
18725,2
18726,52
18727,43
18728,16
18729,48
18730,94
18731,49
18732,212
18733,63
18734,65
18735,248
18736,60
18737,6
18738,92
18739,57
18740,123
18741,130
18742,98
18743,30
18744,3428
18745,364
18746,32
18747,1723
18748,20
18749,9
18750,350
18751,28
18752,18
18753,247
18754,81
18755,67
18756,1363
18757,58
18758,34
18759,77
18760,147
18761,68
18762,180
18763,123
18764,26
18765,303
18766,3
18767,1
18768,88
18769,85
18770,22
18771,139
18772,2
18773,22
18774,68
18775,6
18776,1
18777,125
18778,6
18779,12
18780,75
18781,371
18782,531
18783,66
18784,74
18785,37
18786,76
18787,56
18788,2211
18789,96
18790,93
18791,22
18792,93
18793,40
18794,39
18795,515
18796,406
18797,1
18798,77
18799,48
18800,81
18801,67
18802,114
18803,884
18804,860
18805,12
18806,32
18807,362
18808,4
18810,161
18811,92
18812,162
18813,321
18814,1130
18815,34
18816,1099
18817,112
18818,167
18819,108
18820,2
18821,12
18822,130
18823,4
18824,36
18825,121
18826,628
18827,74
18828,1772
18829,8
18830,3
18831,121
18832,138
18833,394
18834,68
18835,79
18836,97
18837,161
18838,53
18839,209
18840,75
18841,3
18842,2
18843,139
18844,155
18845,3
18846,165
18847,7
18848,6
18849,36
18850,28
18851,47
18852,37
18853,15
18854,121
18855,74
18856,1
18857,2
18858,127
18859,643
18860,14
18861,125
18862,75
18863,172
18864,125
18865,15
18866,14
18867,43
18868,39
18869,31
18870,106
18871,3
18872,29
18873,186
18874,9
18875,6
18876,133
18877,2341
18878,2
18879,73
18880,357
18881,403
18882,160
18883,209
18884,15
18885,325
18886,250
18887,186
18888,1035
18889,58
18890,33
18891,345
18892,10
18893,28
18894,352
18895,12
18896,2
18897,88
18898,471
18899,21
18900,100
18901,7
18902,100
18903,119
18904,172
18905,405
18906,93
18907,785
18908,3
18909,127
18910,236
18911,16
18912,323
18913,3
18914,4
18915,6
18916,34
18917,175
18918,66
18919,154
18920,84
18921,66
18922,48
18923,45
18924,139
18925,21
18926,3
18927,239
18928,1563
18929,312
18930,50
18931,89
18932,131
18933,47
18934,45
18935,5
18936,57
18937,366
18938,91
18939,46
18940,81
18941,188
18942,320
18943,6
18944,14
18945,46
18946,308
18947,45
18948,330
18949,62
18950,92
18951,380
18952,166
18953,34
18954,54
18955,4
18956,120
18957,182
18958,86
18959,374
18960,471
18961,93
18962,113
18963,125
18964,5
18965,6
18966,30
18967,12
18968,10
18969,63
18970,35
18971,78
18972,948
18973,344
18974,101
18975,152
18976,6
18977,3
18978,63
18979,617
18980,8
18981,1547
18982,87
18983,81
18984,801
18985,684
18986,44
18987,80
18988,132
18989,21
18990,95
18991,29
18992,92
18993,84
18994,109
18995,61
18996,112
18997,167
18998,145
18999,149
19000,87
19001,3
19002,219
19003,123
19004,39
19005,91
19006,436
19007,255
19008,112
19009,864
19010,62
19011,2172
19012,6
19013,49
19014,165
19015,100
19016,73
19017,2437
19018,991
19019,336
19020,162
19021,403
19022,52
19023,123
19024,101
19025,2
19026,247
19027,286
19028,38
19029,927
19030,9
19031,2
19032,1470
19033,134
19034,1
19035,144
19036,11
19037,5
19038,128
19039,4
19040,19
19041,313
19042,15
19043,7
19044,73
19045,2
19046,34
19047,69
19048,42
19049,20
19050,80
19051,87
19052,17
19053,79
19054,15
19055,60
19056,124
19057,11
19058,12
19059,77
19060,148
19061,81
19062,86
19063,149
19064,72
19065,185
19066,22
19067,126
19068,105
19069,194
19070,318
19071,161
19072,643
19073,266
19074,175
19075,106
19076,21
19077,155
19078,81
19079,127
19080,195
19081,12
19082,13
19083,28
19084,44
19085,91
19086,1606
19087,15
19088,25
19089,362
19090,4
19091,16
19092,129
19093,15
19094,2
19095,207
19096,195
19097,481
19098,93
19099,28
19100,97
19101,660
19102,553
19103,69
19104,88
19105,33
19106,145
19107,34
19108,106
19109,468
19110,71
19111,102
19112,68
19113,452
19114,5
19115,39
19116,245
19117,505
19118,985
19119,89
19120,26
19121,116
19122,126
19123,5
19124,32
19125,34
19126,68
19127,47
19128,12
19129,65
19130,48
19131,53
19132,209
19133,52
19134,155
19135,107
19136,24
19137,461
19138,69
19139,62
19140,281
19141,1
19142,9
19143,90
19144,17
19145,822
19146,59
19147,33
19148,53
19149,99
19150,106
19151,1090
19152,769
19153,44
19154,348
19155,90
19156,484
19157,9
19158,166
19159,45
19160,571
19161,134
19162,341
19163,93
19164,1906
19165,37
19166,52
19167,186
19168,83
19169,31
19170,2689
19171,86
19172,469
19173,65
19174,258
19175,132
19176,127
19177,35
19178,13
19179,62
19180,437
19181,22
19182,468
19183,15
19184,26
19185,2187
19186,1929
19187,7
19188,137
19189,31
19190,4
19191,33
19192,2
19193,5
19194,3
19195,4
19196,3
19197,94
19198,6
19199,2
19200,184
19201,43
19202,21
19203,126
19204,65
19205,47
19206,345
19207,93
19208,78
19209,227
19210,134
19211,61
19212,259
19213,11
19214,118
19215,330
19216,75
19217,284
19218,76
19219,197
19220,2551
19221,119
19222,2
19223,25
19224,125
19225,55
19226,4
19227,146
19228,128
19229,1
19230,94
19231,48
19232,50
19233,44
19234,5
19235,10
19236,36
19237,10
19238,53
19239,208
19240,5
19241,4
19242,57
19243,11
19244,3
19245,306
19246,28
19247,40
19248,81
19249,6
19250,27
19251,80
19252,143
19253,23
19254,268
19255,601
19256,4
19257,178
19258,27
19259,37
19260,231
19261,25
19262,23
19263,2015
19264,727
19265,6
19266,128
19267,2
19268,19
19269,2768
19270,75
19271,2
19272,152
19273,725
19274,320
19275,193
19276,93
19277,3
19278,78
19279,7
19280,35
19281,46
19282,65
19283,210
19284,195
19285,106
19287,108
19288,23
19289,9
19290,360
19291,160
19292,218
19293,61
19294,70
19295,20
19296,142
19297,9
19300,178
19301,28
19302,84
19303,5
19304,51
19305,289
19306,8
19307,58
19308,85
19309,39
19310,28
19311,137
19312,24
19313,85
19314,156
19315,2
19316,7
19317,164
19318,127
19319,5
19320,214
19321,7
19322,3
19323,71
19324,151
19325,171
19326,219
19327,172
19328,180
19329,72
19330,63
19331,12
19332,51
19333,79
19334,139
19335,170
19336,13
19337,78
19338,92
19339,59
19340,136
19341,57
19342,50
19343,408
19344,85
19345,53
19346,4
19347,41
19348,325
19349,37
19350,109
19351,14
19352,62
19353,117
19354,85
19355,9
19356,41
19357,18
19358,23
19359,77
19360,8
19361,35
19362,44
19363,147
19364,99
19365,44
19366,954
19367,271
19368,104
19369,12
19370,8
19371,59
19372,27
19373,9
19374,1762
19375,3
19376,4
19377,118
19378,115
19379,8
19380,356
19381,33
19382,5
19383,177
19384,141
19385,101
19386,385
19387,104
19388,479
19389,128
19390,373
19391,221
19392,161
19393,5
19394,7
19395,64
19396,24
19397,45
19398,554
19399,10
19400,7
19401,153
19402,1312
19403,186
19404,192
19405,8
19406,13
19407,129
19408,17
19409,88
19410,89
19411,5
19412,4
19413,110
19414,210
19415,2
19416,228
19417,123
19418,2
19419,260
19420,49
19421,196
19422,152
19423,3
19424,5
19425,148
19426,58
19427,5
19428,17
19429,160
19430,11
19431,111
19432,1
19433,3
19434,130
19435,18
19436,4
19437,47
19438,6
19439,5
19440,83
19441,168
19442,6
19443,139
19444,5
19445,87
19446,137
19447,18
19448,12
19449,166
19450,57
19451,62
19452,224
19453,21
19454,125
19455,235
19456,15
19457,8
19458,54
19459,322
19460,4
19461,19
19462,50
19463,6
19464,113
19465,25
19466,15
19467,83
19468,2
19469,1
19470,119
19471,4
19472,7
19473,182
19474,50
19475,4
19476,314
19477,16
19478,9
19479,72
19480,346
19481,40
19482,65
19483,9
19485,126
19486,17
19487,21
19488,857
19489,3
19490,49
19491,74
19492,20
19493,85
19494,72
19495,178
19496,61
19497,230
19498,2
19499,5
19500,78
19501,7
19502,47
19503,72
19504,28
19505,104
19506,140
19507,12
19508,46
19509,329
19510,18
19511,12
19512,764
19513,12
19514,12
19515,160
19516,82
19517,46
19518,983
19519,91
19520,39
19521,241
19522,57
19523,2
19524,4220
19525,894
19526,179
19527,184
19528,43
19529,46
19530,96
19531,14
19532,21
19533,175
19534,10
19535,3
19536,145
19537,57
19538,134
19539,79
19540,208
19541,242
19542,780
19543,215
19544,75
19545,347
19546,72
19547,382
19549,470
19550,377
19551,116
19552,15
19553,11
19554,1413
19555,4
19556,3
19557,44
19558,54
19559,94
19560,588
19561,33
19562,7
19563,599
19564,11
19565,10
19566,30
19567,167
19568,26
19569,52
19570,9
19571,3
19572,1407
19573,7
19574,34
19575,58
19576,5
19577,41
19578,60
19579,22
19580,2
19581,87
19582,52
19583,50
19584,536
19585,28
19586,1674
19587,101
19588,5
19589,12
19590,512
19591,2
19592,2
19593,903
19594,78
19595,71
19596,293
19597,1
19598,4
19599,19
19600,15
19601,54
19602,1672
19603,14
19604,49
19605,83
19606,2
19607,4
19608,47
19609,38
19610,1152
19611,75
19612,17
19613,211
19614,47
19615,18
19616,2
19617,138
19618,1
19619,2
19620,43
19621,43
19622,9
19623,45
19624,36
19626,71
19627,41
19628,27
19629,50
19630,7
19631,62
19632,184
19633,71
19634,4
19635,219
19636,57
19637,107
19638,94
19639,26
19640,30
19641,83
19642,13
19643,26
19644,103
19645,351
19646,7
19647,63
19648,757
19649,20
19650,80
19651,31
19652,113
19653,179
19654,42
19655,297
19656,1282
19657,139
19658,58
19659,99
19660,350
19661,20
19662,1340
19663,24
19664,30
19665,56
19666,212
19667,181
19668,422
19669,198
19670,195
19671,291
19672,441
19673,98
19674,143
19675,53
19676,193
19677,773
19678,38
19679,55
19680,1471
19681,70
19682,108
19683,156
19684,1297
19685,85
19686,100
19687,382
19688,204
19689,115
19690,352
19691,17
19692,40
19693,28
19694,187
19695,64
19696,96
19697,109
19698,308
19699,96
19700,55
19701,40
19702,11
19703,48
19704,263
19705,15
19706,51
19707,142
19708,42
19709,114
19710,100
19711,124
19712,6
19713,58
19714,62
19715,28
19716,236
19717,33
19718,1470
19719,86
19720,84
19721,48
19722,171
19723,614
19724,38
19725,110
19726,87
19727,214
19728,229
19729,142
19730,94
19731,71
19732,226
19733,43
19734,92
19735,925
19736,236
19737,159
19738,186
19739,9
19740,168
19741,56
19742,87
19743,128
19744,72
19745,3
19746,159
19747,4
19748,9
19749,51
19750,68
19751,90
19752,57
19753,2
19754,23
19755,221
19756,9
19757,30
19758,43
19759,2
19760,10
19761,55
19762,28
19763,1017
19764,113
19765,119
19766,11
19767,60
19768,67
19769,5
19770,79
19771,54
19772,91
19773,31
19774,4
19775,20
19776,129
19777,25
19778,9
19779,294
19780,172
19781,76
19782,125
19783,11
19784,3
19785,87
19786,14
19787,3
19788,189
19789,40
19790,9
19791,219
19792,1
19793,9
19794,8
19795,61
19796,8
19797,128
19798,4
19799,68
19800,515
19801,28
19802,15
19803,369
19804,38
19805,78
19806,251
19807,126
19808,78
19809,86
19810,89
19811,45
19812,69
19813,798
19814,118
19815,170
19816,1226
19817,22
19818,78
19819,125
19820,7
19821,241
19822,6
19823,4
19824,213
19825,274
19826,44
19827,209
19828,6
19829,25
19830,35
19831,78
19832,4
19833,44
19834,89
19835,3
19836,180
19837,77
19838,67
19839,503
19840,2
19841,35
19842,186
19843,81
19844,15
19845,173
19846,357
19847,64
19848,51
19849,25
19850,13
19851,280
19852,25
19853,4
19854,339
19855,154
19856,6
19857,112
19858,124
19859,691
19860,117
19861,122
19862,1996
19863,79
19864,33
19865,97
19866,323
19867,41
19868,537
19869,72
19870,98
19871,1
19872,1248
19873,235
19874,5
19875,798
19876,4
19877,53
19878,8
19879,224
19880,4
19881,631
19882,125
19883,25
19884,1683
19885,78
19886,211
19887,156
19888,84
19889,206
19890,132
19891,797
19892,198
19893,388
19894,211
19895,843
19896,578
19897,29
19898,4
19899,176
19900,298
19901,228
19902,47
19903,151
19904,18
19905,176
19906,123
19907,39
19908,142
19909,64
19910,271
19911,128
19912,10
19913,5
19914,88
19915,28
19916,4
19917,92
19918,83
19919,57
19920,57
19921,205
19922,28
19923,60
19924,13
19925,183
19926,68
19927,56
19928,61
19929,41
19930,17
19931,14
19932,22
19933,4
19934,120
19935,185
19936,37
19937,8
19938,236
19939,97
19940,25
19941,63
19942,59
19943,19
19944,410
19945,34
19946,57
19947,669
19948,45
19949,63
19950,56
19951,335
19952,42
19953,114
19954,64
19955,1505
19956,189
19957,51
19958,101
19959,90
19960,135
19961,1407
19962,1180
19963,184
19964,209
19965,69
19966,8
19967,31
19968,60
19969,203
19970,307
19971,46
19972,459
19973,178
19974,110
19975,67
19976,6
19977,233
19978,21
19979,263
19980,163
19981,131
19982,14
19983,5021
19984,75
19985,12
19986,196
19987,14
19988,7
19989,87
19990,12
19991,4
19992,173
19993,22
19994,11
19995,34
19996,12
19997,55
19998,64
19999,1460
20000,40
20001,83
20002,650
20003,247
20004,283
20005,129
20006,452
20007,97
20008,10
20009,27
20010,132
20011,226
20012,49
20013,172
20014,457
20015,63
20016,1436
20017,35
20018,40
20019,236
20020,3
20021,4
20022,44
20023,20
20024,122
20025,62
20026,2
20027,16
20028,333
20029,115
20030,237
20031,373
20032,202
20033,235
20034,111
20035,12
20036,48
20037,161
20038,122
20039,2
20040,75
20041,118
20042,2
20043,38
20044,30
20045,7
20046,49
20047,139
20048,3
20049,95
20050,68
20051,80
20052,160
20053,13
20054,38
20055,2373
20057,228
20058,30
20059,345
20060,625
20061,81
20062,318
20063,35
20064,120
20065,29
20066,83
20067,99
20068,160
20069,234
20070,122
20071,38
20072,9
20073,68
20074,36
20075,58
20076,51
20077,206
20078,152
20079,130
20080,37
20081,184
20082,92
20083,232
20084,38
20085,172
20086,18
20087,17
20088,99
20089,7
20090,9
20091,522
20092,115
20093,66
20094,106
20095,5
20096,9
20097,111
20098,120
20099,245
20100,89
20101,26
20102,943
20103,48
20104,1870
20105,17
20106,40
20107,37
20108,64
20109,220
20110,14
20111,10
20112,157
20113,230
20114,59
20115,350
20116,103
20117,269
20118,85
20119,84
20120,30
20121,55
20122,109
20124,124
20125,109
20126,104
20127,132
20128,43
20129,84
20130,150
20131,310
20132,1751
20133,1633
20134,1446
20135,20
20136,58
20137,37
20138,56
20139,46
20140,11
20141,16
20142,78
20143,12
20144,45
20145,153
20146,31
20147,18
20148,2023
20149,47
20150,40
20151,89
20152,3
20153,3
20154,59
20155,11
20156,28
20157,103
20159,35
20160,130
20161,8
20162,44
20163,192
20164,137
20165,14
20166,73
20167,119
20168,156
20169,110
20170,55
20171,13
20172,59
20173,231
20174,38
20175,107
20176,377
20177,85
20178,3690
20179,22
20180,82
20181,78
20182,8
20183,22
20184,43
20185,120
20186,7
20187,39
20188,165
20189,52
20190,91
20191,9
20192,8
20193,62
20194,5
20195,5
20196,100
20197,56
20198,53
20199,563
20200,12
20201,3
20202,92
20203,1
20204,16
20205,120
20206,22
20207,48
20208,275
20209,11
20210,3
20211,23
20212,10
20213,1
20214,43
20215,35
20216,157
20217,119
20218,27
20219,39
20220,52
20221,57
20222,44
20223,83
20224,69
20225,46
20226,94
20227,85
20228,7
20229,90
20230,34
20231,43
20232,200
20233,2521
20234,573
20235,1027
20236,154
20237,248
20238,580
20239,126
20240,78
20241,80
20242,122
20243,115
20244,54
20245,132
20246,151
20247,488
20248,20
20249,5
20250,47
20251,166
20252,54
20253,82
20254,36
20255,121
20256,181
20257,18
20258,6
20259,371
20260,48
20261,27
20262,1562
20263,45
20264,95
20265,146
20266,90
20267,16
20268,570
20269,243
20270,477
20271,91
20272,70
20273,138
20274,703
20275,771
20276,145
20277,153
20278,18
20279,107
20280,136
20281,43
20282,8
20283,368
20284,320
20285,304
20286,182
20287,91
20288,139
20289,149
20290,87
20291,23
20292,213
20293,22
20294,308
20295,138
20296,10
20297,52
20298,120
20299,75
20300,3
20301,49
20302,92
20303,73
20304,170
20305,204
20306,98
20307,192
20308,45
20309,91
20310,324
20311,24
20312,63
20313,226
20314,5
20315,12
20316,227
20317,93
20318,194
20319,47
20320,1637
20321,106
20322,187
20323,127
20324,19
20325,212
20326,384
20327,18
20328,41
20329,13
20330,23
20331,146
20332,103
20333,80
20334,124
20335,21
20336,30
20337,144
20338,13
20339,14
20340,20
20341,60
20342,165
20343,85
20344,37
20345,78
20346,95
20347,81
20348,200
20349,145
20350,9
20351,123
20352,316
20353,35
20354,15
20355,345
20356,561
20357,39
20358,88
20359,8
20360,6
20361,139
20362,55
20363,3
20364,105
20365,8
20366,12
20367,285
20368,260
20369,17
20370,49
20371,255
20372,25
20373,137
20374,311
20375,170
20376,179
20377,93
20378,81
20379,81
20380,330
20381,3
20382,91
20383,182
20384,951
20385,117
20386,15
20387,45
20388,83
20389,814
20390,191
20391,153
20392,35
20393,50
20394,52
20395,46
20396,461
20397,876
20398,354
20399,61
20400,232
20401,272
20402,1054
20403,66
20404,1168
20405,780
20406,121
20407,168
20408,65
20409,173
20410,55
20411,90
20412,149
20413,86
20414,10
20415,67
20416,70
20417,62
20418,146
20419,157
20420,128
20421,185
20422,24
20423,4
20424,90
20425,197
20426,205
20427,105
20428,713
20429,899
20430,65
20431,104
20432,139
20433,468
20434,203
20435,6
20436,1453
20437,149
20438,402
20439,83
20440,11
20441,33
20442,66
20443,175
20444,11
20445,117
20446,33
20447,39
20448,50
20449,32
20450,129
20451,1488
20452,177
20453,99
20454,158
20455,98
20456,70
20457,344
20458,163
20459,52
20460,49
20461,146
20462,246
20463,225
20464,396
20466,194
20467,121
20468,295
20469,346
20470,103
20471,84
20472,145
20473,89
20474,443
20475,97
20476,302
20477,651
20478,126
20479,100
20480,2054
20481,289
20482,183
20483,1587
20484,104
20485,51
20486,87
20487,924
20488,19
20489,614
20490,41
20491,188
20492,13
20493,122
20494,4
20495,6
20496,64
20497,136
20498,17
20499,34
20500,164
20501,67
20502,47
20503,108
20504,29
20505,84
20506,2
20507,4
20508,82
20509,48
20510,6
20511,201
20512,79
20513,54
20514,23
20515,84
20516,3
20517,64
20518,134
20519,139
20520,220
20521,46
20522,65
20523,143
20524,17
20525,13
20526,55
20527,257
20528,24
20529,98
20530,55
20531,54
20532,132
20533,127
20534,61
20535,47
20536,60
20537,125
20538,23
20539,19
20540,50
20541,118
20542,28
20543,242
20544,1187
20545,9
20546,34
20547,96
20548,90
20549,64
20550,158
20551,39
20552,3
20553,238
20554,29
20555,727
20556,32
20557,127
20558,25
20559,139
20560,227
20561,44
20562,81
20563,8
20564,4
20565,71
20566,33
20567,197
20568,381
20569,321
20570,12
20571,90
20572,182
20573,93
20574,267
20575,42
20576,9
20577,101
20578,2223
20579,19
20580,874
20581,9
20582,60
20583,95
20584,60
20585,20
20586,65
20587,7
20588,3
20589,231
20590,12
20591,4
20592,300
20593,49
20594,810
20595,70
20596,7
20597,2
20598,58
20599,175
20600,140
20601,71
20602,38
20603,360
20604,131
20605,137
20606,9
20607,43
20608,103
20609,106
20610,93
20611,421
20612,8
20613,75
20614,37
20615,37
20616,476
20617,10
20618,27
20619,32
20620,62
20621,67
20622,119
20623,255
20624,86
20625,242
20626,246
20627,85
20628,1304
20629,1396
20630,176
20631,207
20632,97
20633,47
20634,127
20635,363
20636,53
20637,84
20638,101
20639,42
20640,119
20641,38
20642,3
20643,34
20644,155
20645,54
20646,249
20647,212
20648,9
20649,120
20650,43
20651,24
20652,110
20653,97
20654,3
20655,53
20656,4
20657,32
20658,107
20659,45
20660,9
20661,158
20662,60
20663,316
20664,139
20665,22
20666,116
20667,135
20668,149
20669,67
20670,666
20671,1
20673,11
20674,15
20675,108
20676,103
20677,259
20678,17
20679,1751
20680,13
20681,12
20682,73
20683,402
20684,77
20685,63
20686,98
20687,124
20688,95
20689,4
20691,101
20692,182
20693,26
20694,89
20695,18
20696,95
20697,126
20698,575
20699,16
20700,81
20701,12
20702,4
20703,2239
20704,5
20705,14
20706,55
20707,80
20708,59
20709,447
20710,10
20711,42
20712,54
20713,60
20714,64
20715,79
20716,82
20717,22
20718,562
20719,1552
20720,6
20721,127
20722,87
20723,13
20724,88
20725,26
20726,35
20727,69
20728,29
20729,82
20730,391
20731,8
20732,6
20733,113
20734,199
20735,72
20736,219
20737,98
20738,3
20739,163
20740,376
20741,159
20742,83
20743,31
20744,27
20745,69
20746,3
20747,1
20748,129
20749,97
20750,37
20751,41
20752,114
20753,319
20754,142
20755,191
20756,419
20757,124
20758,133
20759,2068
20760,92
20761,56
20762,2560
20763,152
20764,108
20765,3
20766,60
20767,270
20768,50
20769,52
20770,14
20771,98
20772,100
20773,107
20774,80
20775,202
20776,154
20777,79
20778,13
20779,27
20780,1
20781,49
20782,36
20783,28
20784,53
20785,4
20786,15
20787,180
20788,35
20789,8
20790,290
20791,23
20792,9
20793,94
20795,1
20796,96
20797,9
20798,2
20799,432
20800,21
20801,356
20802,174
20803,4
20804,1
20805,41
20806,533
20807,1
20808,205
20809,1
20810,27
20811,117
20812,8
20814,82
20815,24
20816,2
20817,121
20818,41
20819,1
20820,32
20821,12
20822,81
20823,2032
20824,41
20825,717
20826,105
20827,79
20828,10
20829,48
20830,11
20831,99
20832,115
20833,95
20834,2
20835,59
20836,37
20837,5
20838,179
20839,169
20840,42
20841,100
20842,1
20844,1693
20845,6
20846,70
20847,134
20848,10
20849,55
20850,101
20851,2
20852,11
20853,200
20854,21
20855,18
20856,59
20857,26
20858,20
20859,88
20860,288
20861,1
20862,32
20863,28
20864,3
20865,137
20866,16
20867,3
20868,62
20869,12
20871,49
20872,3
20873,6
20874,302
20875,31
20876,32
20877,62
20878,7
20879,19
20880,131
20881,59
20882,55
20883,219
20884,3
20885,91
20886,111
20887,252
20888,68
20889,102
20890,96
20891,37
20892,150
20893,80
20894,2
20895,89
20896,18
20897,16
20898,191
20899,14
20900,10
20901,48
20902,6
20903,2
20904,135
20905,126
20906,10
20907,103
20908,6
20909,5
20910,94
20911,66
20912,1
20913,44
20914,16
20915,183
20916,73
20917,2
20918,6
20919,249
20920,4
20921,1
20922,16
20923,34
20924,4
20925,189
20926,5
20927,7
20928,156
20929,52
20930,2465
20931,935
20932,409
20933,93
20934,83
20935,173
20936,561
20937,486
20938,147
20939,31
20940,288
20941,241
20942,2
20943,132
20944,310
20945,47
20946,1207
20947,3
20949,142
20950,26
20951,427
20952,141
20953,45
20954,10
20955,163
20956,813
20957,21
20958,59
20959,35
20960,48
20961,214
20962,113
20963,63
20964,383
20965,17
20966,9
20967,86
20968,115
20969,36
20970,298
20971,2
20972,3
20973,106
20974,16
20975,7
20976,133
20977,49
20978,6
20979,115
20980,108
20981,32
20982,161
20983,21
20984,17
20985,112
20986,2
20987,438
20988,100
20989,67
20990,6
20991,282
20992,235
20993,58
20994,89
20995,564
20996,91
20997,71
20998,74
20999,77
21000,126
21001,10
21002,26
21003,75
21004,580
21005,927
21006,74
21007,30
21008,960
21009,63
21010,336
21011,11
21012,125
21013,105
21014,57
21015,310
21016,20
21017,774
21018,115
21019,100
21020,100
21021,36
21022,55
21023,76
21024,151
21025,13
21026,43
21027,138
21028,8
21029,64
21030,17
21031,14
21033,178
21034,1524
21035,4
21036,333
21037,170
21038,1
21039,29
21040,327
21041,2
21042,100
21043,170
21044,78
21045,40
21046,13
21047,2
21048,168
21049,8
21050,2
21051,48
21052,4
21053,1
21054,526
21055,220
21056,5
21057,1870
21058,1835
21059,278
21060,47
21061,4
21062,55
21063,136
21064,7
21065,146
21066,143
21068,10
21069,57
21070,39
21071,122
21072,94
21073,196
21074,41
21075,171
21076,58
21077,2869
21078,89
21079,28
21080,102
21081,121
21082,123
21083,59
21084,51
21085,63
21086,2
21087,386
21088,114
21089,40
21090,181
21091,34
21092,4
21093,67
21094,1
21095,6
21096,104
21097,31
21098,46
21099,407
21100,95
21101,59
21102,68
21103,36
21104,6
21105,62
21106,3
21107,3
21108,562
21109,45
21110,1342
21111,173
21112,27
21113,13
21114,353
21115,81
21116,34
21117,65
21118,58
21119,338
21120,97
21121,66
21122,48
21123,1956
21124,24
21125,12
21126,70
21127,339
21128,211
21129,40
21130,21
21131,64
21132,72
21133,102
21134,93
21135,125
21136,24
21137,9200
21138,211
21139,289
21141,533
21142,254
21143,156
21144,180
21145,1179
21146,113
21147,282
21148,1
21150,147
21152,6
21153,51
21154,60
21156,536
21157,584
21158,134
21159,389
21160,108
21161,367
21162,58
21163,259
21164,59
21165,62
21166,21
21167,6
21168,88
21169,106
21170,39
21171,66
21172,2
21173,2
21174,67
21175,2
21176,4
21177,63
21178,462
21179,98
21180,135
21181,4
21182,3
21183,178
21184,4
21185,5
21186,5
21187,5
21188,187
21189,110
21190,98
21191,497
21192,122
21193,331
21194,406
21195,156
21196,46
21197,7
21198,78
21200,2
21201,149
21202,52
21203,124
21204,776
21205,299
21206,38
21207,335
21208,62
21210,213
21211,3
21213,118
21214,399
21215,106
21216,473
21218,14
21219,647
21220,569
21221,125
21222,258
21223,10
21224,10
21225,59
21226,1
21227,3
21228,5
21229,14
21230,7
21231,202
21232,271
21233,234
21234,591
21235,24
21236,8
21237,66
21238,96
21239,23
21240,63
21241,33
21242,196
21243,67
21244,5
21245,59
21246,74
21247,21
21248,64
21249,250
21250,10
21251,4
21252,107
21253,42
21254,104
21255,3987
21256,4
21257,3
21258,245
21260,9
21261,216
21262,10
21263,2
21264,161
21265,2
21266,3
21267,60
21268,119
21269,5
21270,161
21271,3
21272,4
21273,29
21274,25
21275,1
21276,47
21277,74
21278,28
21279,117
21280,2
21281,5
21282,273
21283,11
21284,8
21285,20
21286,2
21287,13
21288,69
21289,62
21290,17
21291,170
21292,210
21293,15
21294,443
21295,627
21296,539
21297,215
21298,21
21299,68
21300,99
21301,358
21302,922
21303,126
21304,3358
21305,2015
21306,2127
21307,76
21308,96
21309,101
21310,150
21311,87
21312,72
21313,151
21314,2
21315,84
21316,154
21317,23
21318,148
21319,2
21320,1
21321,44
21322,33
21323,257
21324,79
21325,63
21326,70
21327,107
21328,9
21329,11
21330,26
21331,6
21332,1
21333,96
21334,177
21335,14
21336,112
21337,1
21338,4
21339,75
21340,3
21341,1
21342,260
21343,95
21344,24
21345,43
21346,16
21347,5
21348,42
21349,4
21350,2
21351,3
21352,24
21353,3
21354,93
21355,1
21356,113
21357,370
21358,84
21359,213
21360,27
21361,19
21362,139
21363,292
21364,1346
21365,1394
21366,132
21367,183
21368,126
21369,309
21370,75
21371,100
21372,1490
21373,38
21374,12
21375,169
21376,42
21377,28
21378,142
21379,99
21380,41
21381,245
21382,11
21383,12
21384,107
21385,4
21386,11
21387,102
21388,49
21389,5
21390,174
21391,14
21392,7
21393,57
21394,20
21395,5
21396,280
21397,33
21398,13
21399,56
21400,51
21401,78
21402,37
21403,10
21404,57
21405,342
21406,51
21407,3
21408,143
21409,194
21410,194
21411,389
21412,51
21413,2
21414,54
21415,2
21416,12
21417,100
21418,84
21419,4
21420,38
21421,11
21422,263
21423,267
21424,23
21425,15
21426,49
21427,101
21428,41
21429,104
21430,26
21431,201
21432,92
21433,155
21434,13
21435,98
21436,29
21437,3
21438,36
21439,28
21440,392
21441,68
21442,69
21443,13
21444,80
21445,13
21446,62
21447,67
21448,34
21449,83
21450,126
21451,261
21452,146
21453,51
21454,24
21455,51
21456,43
21457,137
21458,138
21459,309
21460,5
21461,52
21462,139
21463,31
21464,82
21465,255
21466,107
21467,42
21468,522
21469,51
21470,20
21471,50
21472,20
21473,58
21474,186
21475,47
21476,63
21477,145
21478,46
21479,3
21480,55
21481,31
21482,6
21483,37
21484,64
21485,195
21486,30
21487,8
21488,121
21489,110
21490,9
21491,9
21492,37
21493,39
21494,59
21495,77
21496,24
21497,3
21498,60
21499,150
21500,97
21501,28
21502,50
21503,6
21504,28
21505,4
21506,4
21507,66
21508,70
21509,48
21510,49
21511,15
21512,76
21513,434
21514,18
21515,51
21516,470
21517,42
21518,216
21519,105
21520,441
21521,22
21522,46
21523,236
21524,33
21525,104
21526,282
21527,43
21528,59
21529,46
21530,746
21531,21
21532,64
21533,5
21534,743
21535,728
21536,748
21537,138
21538,645
21539,59
21540,79
21541,87
21542,5
21543,55
21544,124
21545,9
21546,134
21547,14
21548,26
21549,779
21552,580
21553,6
21554,21
21555,30
21556,80
21557,103
21558,4
21560,1
21561,28
21562,155
21563,3
21564,1
21565,6
21566,64
21567,26
21568,307
21569,216
21570,437
21571,89
21572,40
21573,21
21574,75
21576,11
21577,85
21578,735
21579,64
21580,85
21581,65
21582,17
21583,266
21584,115
21585,17
21586,517
21587,656
21588,951
21589,92
21590,645
21591,12
21592,80
21593,196
21594,62
21595,2644
21596,106
21597,1799
21598,132
21599,76
21600,800
21601,81
21602,123
21603,340
21604,1219
21605,48
21606,414
21607,69
21608,748
21609,80
21610,127
21611,81
21612,114
21613,159
21614,2860
21615,145
21616,111
21617,914
21618,6162
21619,116
21620,94
21621,1333
21622,3419
21623,121
21624,1607
21625,161
21626,79
21627,1977
21628,234
21629,31
21630,179
21631,126
21632,723
21633,276
21634,62
21635,780
21636,459
21637,686
21638,1124
21639,822
21640,120
21641,884
21642,659
21643,207
21644,424
21645,40
21646,1579
21647,116
21648,1344
21649,184
21650,396
21651,108
21652,183
21653,51
21654,816
21655,153
21656,168
21657,127
21658,2243
21659,91
21660,709
21661,147
21662,65
21663,268
21664,255
21665,271
21666,277
21667,37
21668,384
21669,22
21670,65
21671,12
21672,12
21673,138
21674,40
21675,6
21676,496
21677,89
21678,53
21679,180
21680,19
21681,13
21682,792
21683,28
21684,59
21685,138
21686,137
21687,6
21688,73
21689,1
21690,23
21691,1889
21692,17
21693,21
21694,172
21695,74
21696,141
21697,511
21698,162
21699,185
21700,147
21701,185
21702,42
21703,58
21704,54
21705,10
21706,79
21707,1980
21708,49
21709,151
21710,92
21711,353
21712,109
21713,64
21714,454
21715,224
21716,117
21717,251
21718,893
21719,148
21720,28
21721,2451
21722,113
21723,41
21724,1865
21725,16
21726,22
21727,2045
21728,207
21729,14
21730,82
21731,72
21732,25
21733,152
21734,51
21735,32
21736,1767
21737,163
21738,365
21739,128
21740,165
21741,109
21742,2325
21743,41
21744,41
21745,135
21746,570
21747,32
21748,182
21749,20
21750,104
21751,103
21752,423
21753,295
21754,150
21755,45
21756,64
21757,249
21758,165
21759,277
21760,178
21761,736
21762,5195
21763,413
21764,119
21765,572
21766,328
21767,1010
21768,77
21769,125
21770,1219
21771,290
21772,1826
21773,215
21774,977
21775,310
21776,481
21777,974
21778,458
21779,62
21780,278
21781,310
21782,118
21783,115
21784,200
21785,471
21786,1994
21787,125
21788,98
21789,1644
21790,97
21791,47
21792,280
21793,534
21794,107
21795,686
21796,372
21797,68
21798,106
21799,86
21800,1360
21801,521
21802,738
21803,48
21804,70
21805,250
21806,240
21807,305
21808,221
21809,841
21810,191
21811,2297
21812,1782
21813,46
21814,79
21815,427
21816,216
21817,168
21818,75
21819,42
21820,187
21821,89
21822,126
21823,320
21824,404
21825,199
21826,230
21827,40
21828,44
21829,94
21830,548
21831,76
21832,103
21833,39
21834,38
21835,189
21836,44
21837,44
21838,92
21839,334
21840,55
21841,161
21842,126
21843,154
21844,319
21845,181
21846,3360
21847,171
21848,101
21849,249
21850,519
21851,204
21852,141
21853,356
21854,79
21855,2723
21856,78
21857,67
21858,54
21859,1653
21860,108
21861,134
21862,52
21863,83
21864,166
21865,77
21866,142
21867,379
21868,163
21869,31
21870,18
21871,189
21872,10
21873,16
21874,17
21875,318
21876,38
21877,42
21878,22
21879,7
21880,91
21881,15
21882,23
21883,188
21884,27
21885,103
21886,262
21887,286
21888,78
21889,178
21890,423
21891,10
21892,172
21893,387
21894,25
21895,252
21896,125
21897,946
21898,542
21899,19
21900,126
21901,375
21902,24
21903,10
21904,473
21905,6
21906,20
21907,214
21908,13
21909,7
21910,1080
21911,428
21912,16
21913,75
21914,663
21915,12
21916,53
21917,97
21918,9
21919,50
21920,202
21921,32
21922,38
21923,42
21924,52
21925,296
21926,37
21927,41
21928,447
21929,124
21930,150
21931,141
21932,26
21933,391
21934,121
21935,19
21936,79
21937,86
21938,77
21939,46
21940,74
21941,433
21942,22
21943,28
21944,242
21945,13
21946,52
21947,10
21948,33
21949,68
21950,208
21951,10
21952,2044
21953,12
21954,24
21955,78
21956,238
21957,94
21958,158
21959,22
21960,9
21961,129
21962,64
21963,97
21964,124
21965,94
21966,8
21967,48
21969,132
21970,65
21971,72
21972,144
21973,393
21974,1745
21975,211
21976,319
21977,171
21978,77
21979,270
21980,132
21981,54
21982,73
21983,73
21984,63
21985,543
21986,345
21988,105
21989,348
21990,73
21991,90
21992,158
21993,474
21994,597
21995,1070
21996,89
21997,1342
21998,1533
21999,316
22000,2742
22001,463
22002,395
22003,432
22004,184
22005,1031
22006,639
22007,86
22008,73
22009,516
22010,198
22011,265
22012,348
22013,101
22014,959
22015,111
22016,682
22017,940
22018,476
22019,338
22020,401
22021,1895
22022,305
22023,160
22024,71
22025,100
22026,296
22027,42
22028,139
22029,102
22030,197
22031,72
22032,461
22033,1494
22034,213
22035,168
22036,279
22037,151
22038,49
22039,99
22040,33
22041,33
22042,97
22043,61
22044,78
22045,67
22046,48
22047,244
22048,77
22049,112
22050,321
22051,725
22052,119
22053,197
22054,473
22055,28
22056,21
22057,110
22058,9
22059,105
22060,110
22061,53
22062,64
22063,101
22064,88
22065,42
22066,83
22067,60
22068,39
22069,138
22070,161
22071,67
22072,185
22073,248
22074,93
22075,315
22076,70
22077,194
22078,218
22079,216
22080,197
22081,706
22082,815
22083,230
22084,142
22085,165
22086,170
22087,204
22088,2069
22089,60
22090,91
22091,441
22092,332
22093,965
22094,864
22095,65
22096,217
22097,373
22098,149
22099,118
22100,216
22101,390
22102,213
22103,556
22104,3058
22105,164
22106,359
22107,372
22108,386
22109,153
22110,345
22111,526
22112,371
22113,789
22114,50
22115,640
22116,386
22117,189
22118,143
22119,313
22120,1368
22121,82
22122,81
22123,74
22124,80
22125,127
22126,154
22127,268
22128,13
22129,68
22130,89
22131,496
22132,1135
22133,4
22134,2
22135,129
22136,50
22137,6
22138,69
22139,914
22140,8
22141,105
22142,7
22143,2
22144,25
22145,1
22146,7
22147,52
22148,20
22149,43
22150,136
22151,273
22152,78
22153,83
22154,201
22155,216
22156,234
22157,62
22158,63
22159,78
22160,104
22161,341
22162,128
22163,43
22164,9
22165,96
22166,9
22167,33
22168,45
22169,98
22170,26
22171,119
22172,39
22173,19
22174,71
22175,15
22176,87
22177,48
22178,8
22179,60
22180,245
22181,120
22182,81
22183,140
22184,93
22185,422
22186,420
22187,155
22188,244
22189,54
22190,245
22191,250
22192,113
22193,116
22194,134
22195,232
22196,93
22197,409
22198,67
22199,472
22200,1787
22201,536
22202,124
22203,1377
22204,132
22205,1821
22206,800
22207,417
22208,1180
22209,28
22210,137
22211,267
22212,219
22213,248
22214,158
22215,266
22216,343
22217,308
22218,240
22219,100
22220,115
22221,20
22222,98
22223,61
22224,1987
22225,2411
22226,899
22227,3003
22228,172
22229,134
22230,15
22231,118
22232,458
22233,25
22234,89
22235,9
22236,15
22237,182
22238,129
22239,36
22240,188
22241,360
22242,72
22243,188
22244,563
22245,82
22246,249
22247,113
22248,13
22249,329
22250,82
22251,57
22252,157
22253,91
22254,160
22255,170
22256,244
22257,151
22258,53
22259,321
22260,29
22261,111
22262,27
22263,4
22264,2199
22265,54
22266,73
22267,127
22268,40
22269,25
22270,121
22271,22
22272,411
22273,256
22274,13
22275,4
22276,104
22277,38
22278,139
22279,53
22280,36
22281,1080
22282,205
22283,166
22284,11
22285,46
22286,350
22287,64
22288,103
22289,738
22290,284
22291,139
22292,119
22293,171
22294,105
22295,2227
22296,171
22297,241
22298,50
22299,426
22300,99
22301,120
22302,289
22303,99
22304,463
22305,167
22306,114
22307,70
22308,136
22309,267
22310,133
22311,634
22312,188
22313,319
22314,677
22315,104
22316,318
22317,591
22318,84
22319,304
22320,1508
22321,194
22322,56
22323,2184
22324,176
22325,131
22326,2593
22327,152
22328,239
22329,1563
22330,249
22331,618
22332,790
22333,107
22334,209
22336,348
22337,213
22338,549
22339,150
22340,280
22341,304
22342,154
22343,733
22344,1109
22345,96
22346,1266
22347,352
22348,169
22349,340
22350,296
22351,187
22352,186
22353,341
22354,99
22355,11
22356,93
22357,116
22358,29
22359,81
22360,102
22361,250
22362,6
22363,489
22364,60
22365,14
22366,52
22367,117
22368,57
22369,198
22370,30
22371,2
22372,194
22373,145
22374,98
22375,35
22376,332
22377,445
22378,87
22379,16
22380,221
22381,606
22382,25
22383,427
22384,133
22385,50
22386,9
22387,61
22388,1867
22389,3
22390,115
22391,151
22392,2
22393,73
22394,53
22395,37
22396,120
22397,14
22398,49
22399,113
22400,56
22401,46
22402,131
22403,261
22404,99
22405,69
22406,38
22407,109
22408,223
22409,5
22410,18
22411,176
22412,31
22413,547
22414,761
22415,50
22416,15
22417,239
22418,32
22419,472
22420,92
22421,183
22422,101
22423,174
22424,182
22425,283
22426,109
22427,1167
22428,22
22429,166
22430,11
22431,5
22432,1425
22433,12
22434,7
22435,93
22436,146
22437,42
22438,66
22439,145
22440,21
22441,247
22442,36
22443,32
22444,1115
22445,7
22446,10
22447,218
22448,50
22449,5
22450,3046
22451,27
22452,49
22453,286
22454,20
22455,11
22456,77
22457,48
22458,1277
22459,183
22460,16
22461,46
22462,55
22463,5
22464,6
22465,88
22466,10
22467,21
22468,1370
22469,86
22470,5
22471,459
22472,51
22473,55
22474,265
22475,35
22476,11
22477,436
22478,104
22479,13
22480,2164
22481,49
22482,1188
22483,122
22484,1301
22485,6
22486,212
22487,820
22488,93
22489,82
22490,7
22491,47
22492,174
22493,3
22494,5
22495,109
22496,131
22497,16
22498,1764
22499,58
22500,59
22501,339
22502,265
22503,60
22504,92
22505,43
22506,94
22507,82
22508,23
22509,25
22510,166
22511,19
22512,333
22513,176
22514,5
22515,62
22517,5
22518,26
22519,59
22520,386
22522,626
22523,60
22524,172
22525,481
22526,241
22527,22
22528,173
22529,73
22530,1815
22531,215
22532,193
22533,79
22534,201
22535,16
22536,83
22537,114
22538,81
22539,5
22540,35
22541,112
22542,13
22543,68
22544,5
22545,4
22546,147
22547,55
22548,27
22549,163
22550,753
22551,281
22552,69
22553,13
22554,46
22555,152
22556,58
22557,29
22558,98
22559,25
22560,136
22561,159
22562,21
22563,26
22564,587
22565,89
22566,51
22567,468
22568,8
22569,9
22570,708
22571,307
22572,252
22573,152
22574,67
22575,8
22576,113
22577,489
22578,1406
22579,222
22580,570
22581,217
22582,373
22583,126
22584,11
22585,136
22586,43
22587,5
22588,220
22589,20
22590,13
22591,1812
22592,640
22593,147
22594,671
22595,38
22596,45
22597,755
22598,123
22599,4744
22600,508
22601,15
22602,17
22603,72
22604,723
22605,102
22606,164
22607,143
22608,10
22609,104
22610,24
22611,18
22612,58
22613,31
22614,26
22615,198
22616,280
22617,333
22618,161
22619,7
22620,20
22621,16
22622,243
22623,154
22624,2492
22625,29
22626,11
22627,307
22628,61
22629,856
22630,257
22631,46
22632,270
22633,100
22634,90
22635,13
22636,177
22637,82
22638,134
22639,169
22640,33
22641,22
22642,209
22643,24
22644,36
22645,151
22646,199
22647,8
22648,108
22649,39
22650,25
22652,24
22653,9
22654,81
22655,10
22656,17
22657,180
22658,18
22659,27
22660,144
22662,65
22663,282
22664,400
22665,7
22666,138
22667,59
22668,25
22669,313
22670,34
22671,60
22672,347
22673,944
22674,1819
22675,705
22676,68
22677,206
22678,155
22679,827
22680,211
22681,328
22682,71
22683,29
22684,124
22685,98
22686,2545
22687,875
22688,1047
22689,374
22690,162
22691,62
22692,4
22693,150
22694,11
22695,36
22696,121
22697,4
22698,10
22699,67
22700,13
22701,33
22702,149
22703,63
22704,10
22705,133
22706,357
22707,13
22708,706
22709,6
22710,16
22711,167
22712,573
22713,697
22714,106
22715,51
22716,582
22717,195
22718,2
22719,8
22720,74
22721,84
22722,3
22723,18
22724,7
22725,20
22726,154
22727,53
22728,83
22729,392
22730,91
22731,5
22732,110
22733,5
22734,7
22735,249
22736,11
22737,13
22738,111
22739,31
22740,62
22741,190
22742,39
22743,97
22744,188
22745,100
22746,32
22747,1334
22748,27
22749,41
22750,154
22751,38
22752,88
22753,188
22754,4
22755,2
22756,104
22757,9
22758,5
22759,173
22760,9
22761,4
22762,41
22763,268
22764,16
22765,95
22766,74
22767,11
22768,34
22769,18
22770,258
22771,87
22772,46
22773,24
22774,43
22775,2420
22776,80
22777,235
22778,177
22779,9
22780,98
22781,80
22782,12
22783,270
22784,127
22785,399
22786,237
22787,26
22788,14
22789,51
22790,120
22791,10
22792,3967
22793,372
22794,107
22795,415
22796,4
22797,27
22798,417
22799,105
22800,102
22801,1945
22803,128
22804,71
22805,47
22806,108
22807,129
22808,115
22809,40
22810,130
22811,45
22812,680
22813,2617
22814,65
22815,8
22816,85
22817,230
22818,26
22819,100
22820,223
22821,42
22822,78
22823,16
22824,22
22825,177
22826,2
22827,3
22828,48
22829,1
22830,3
22831,148
22833,10
22834,79
22835,113
22836,1
22837,46
22838,84
22839,5
22840,93
22841,402
22842,138
22843,123
22844,107
22845,138
22846,263
22847,6
22848,5
22849,117
22850,88
22851,696
22852,147
22853,6
22854,5
22855,613
22856,3
22857,7
22858,2402
22859,182
22860,6
22861,132
22862,224
22863,37
22864,41
22865,213
22866,19
22867,100
22868,10
22869,37
22870,23
22871,1
22872,18
22873,161
22874,10
22875,8
22876,100
22877,9
22878,9
22879,1228
22880,53
22881,186
22882,377
22883,263
22884,77
22885,175
22886,13
22887,13
22888,199
22889,35
22890,27
22891,145
22892,64
22893,1869
22894,1436
22895,650
22896,822
22897,105
22898,853
22899,3173
22900,56
22901,33
22902,61
22903,28
22904,69
22905,119
22906,63
22907,150
22908,50
22909,123
22910,505
22911,35
22912,183
22913,69
22914,7
22915,253
22916,661
22917,6000
22918,535
22919,41
22920,131
22921,79
22922,10
22923,10
22924,134
22925,67
22926,536
22927,1525
22928,944
22929,16
22930,388
22931,22
22932,27
22933,174
22934,27
22935,58
22936,261
22937,31
22938,188
22939,117
22940,161
22941,278
22942,683
22943,73
22944,5
22945,422
22946,48
22947,52
22948,43
22949,794
22950,235
22951,148
22952,56
22953,21
22954,74
22955,2
22956,44
22957,141
22958,46
22959,60
22960,73
22961,7
22962,4
22963,315
22964,128
22965,52
22966,65
22967,14
22968,28
22969,122
22970,35
22971,661
22972,122
22973,305
22974,77
22975,84
22976,105
22977,65
22978,792
22979,42
22980,35
22981,321
22982,99
22983,50
22984,386
22985,323
22986,670
22987,1841
22988,677
22989,98
22990,70
22991,212
22992,2330
22993,1595
22994,365
22995,5551
22996,141
22997,587
22998,830
22999,111
23000,9
23001,9
23002,66
23003,167
23004,304
23005,425
23006,326
23007,227
23008,96
23009,984
23010,192
23011,135
23012,2443
23013,3111
23014,281
23015,241
23016,314
23017,81
23018,1027
23019,546
23020,136
23021,54
23022,60
23023,127
23024,9
23025,17
23026,104
23027,125
23028,10
23029,1894
23030,589
23031,719
23032,267
23033,142
23034,8
23035,145
23036,162
23037,5
23038,72
23039,228
23040,2355
23041,195
23042,2165
23043,651
23044,229
23045,23
23046,14
23047,148
23048,1479
23049,152
23050,97
23051,10
23052,18
23053,350
23054,84
23055,844
23056,108
23057,169
23058,271
23059,394
23060,211
23061,87
23062,155
23063,2303
23064,250
23065,223
23066,52
23067,49
23068,116
23069,286
23070,89
23071,188
23072,131
23073,177
23074,237
23075,2697
23076,8
23077,408
23078,11
23079,9
23080,59
23081,117
23082,6
23083,217
23084,209
23085,9
23086,2349
23087,9
23088,11
23089,49
23090,120
23091,10
23092,111
23093,91
23094,5
23095,98
23096,41
23097,12
23098,118
23099,313
23100,13
23101,115
23102,21
23103,528
23104,169
23105,31
23106,42
23107,130
23108,283
23109,28
23110,72
23111,506
23112,26
23113,138
23114,1353
23115,74
23116,112
23117,123
23118,202
23119,267
23120,809
23121,125
23122,201
23123,610
23124,202
23125,198
23126,924
23127,1099
23128,163
23129,123
23130,127
23131,117
23132,17
23133,9
23134,56
23135,1
23136,9
23137,150
23138,4
23139,3
23140,47
23141,22
23142,4
23143,66
23144,13
23145,53
23146,50
23147,46
23148,95
23149,325
23150,5
23151,9
23152,117
23153,1
23154,9
23155,95
23156,66
23157,101
23158,108
23159,69
23161,90
23162,203
23163,19
23164,72
23165,6
23166,23
23167,58
23168,32
23169,17
23170,463
23171,10
23172,33
23173,94
23174,6
23175,7
23176,58
23177,55
23178,4
23179,273
23180,72
23181,80
23182,202
23183,1
23184,5
23185,1058
23186,7
23187,7
23188,459
23189,34
23190,2
23191,3253
23192,9
23193,12
23194,177
23195,20
23196,5
23197,59
23198,112
23199,2
23200,75
23201,45
23202,3228
23203,173
23204,5
23205,6
23206,114
23207,76
23208,171
23209,125
23210,4
23211,5
23212,42
23213,298
23214,2
23215,70
23216,194
23217,1
23218,98
23219,21
23220,553
23221,115
23222,630
23223,256
23224,338
23225,5
23226,7
23227,213
23228,38
23229,79
23230,1169
23231,1
23232,13
23233,61
23234,34
23235,103
23236,885
23237,2
23238,2
23239,80
23240,140
23241,41
23242,181
23243,221
23244,148
23245,120
23246,3
23247,4
23248,2279
23249,2
23250,1
23251,64
23252,17
23253,42
23254,97
23255,217
23256,21
23257,137
23258,112
23259,5
23260,153
23261,18
23262,174
23263,76
23264,111
23265,51
23266,178
23267,215
23268,51
23269,158
23270,376
23271,1485
23272,148
23273,30
23274,51
23275,270
23276,33
23277,3106
23278,183
23279,22
23280,1454
23281,131
23282,1334
23283,106
23284,622
23285,362
23286,52
23287,357
23288,140
23289,10
23290,198
23291,75
23292,49
23293,246
23294,4
23295,1
23296,521
23297,68
23298,9
23299,167
23300,38
23301,138
23302,421
23303,20
23304,6
23305,66
23306,218
23307,29
23308,129
23309,392
23310,48
23311,2215
23312,176
23313,19
23314,105
23315,246
23317,118
23318,44
23319,19
23320,319
23321,21
23322,2
23323,321
23324,78
23325,315
23326,59
23327,64
23328,18
23329,155
23330,1
23331,6
23332,142
23333,32
23334,165
23335,215
23336,48
23337,73
23338,94
23339,28
23340,31
23341,72
23342,123
23343,44
23344,45
23345,120
23346,4
23347,203
23348,16
23349,158
23350,29
23351,44
23352,2
23353,116
23354,126
23355,1
23356,37
23357,7
23358,22
23359,114
23360,20
23361,27
23362,174
23364,1
23365,108
23366,7
23367,8
23368,108
23369,38
23370,115
23371,706
23372,56
23373,292
23374,86
23375,14
23376,15
23377,213
23378,58
23379,53
23380,1020
23381,86
23382,150
23383,406
23384,176
23385,3
23386,125
23387,13
23388,10
23389,118
23390,56
23392,62
23393,67
23394,4
23395,91
23396,2
23397,15
23398,309
23399,168
23400,56
23401,2068
23402,100
23403,2140
23404,78
23405,478
23406,44
23407,174
23408,27
23409,34
23410,511
23411,3
23412,5
23413,297
23414,155
23415,734
23416,1951
23417,468
23418,82
23419,199
23420,80
23421,9
23422,1211
23423,1068
23424,287
23425,187
23426,1266
23427,228
23428,163
23429,594
23430,764
23431,404
23432,106
23433,22
23434,208
23435,267
23436,192
23437,181
23438,393
23439,288
23440,174
23441,330
23442,98
23443,450
23444,335
23445,91
23446,53
23447,94
23448,2
23449,221
23450,43
23451,66
23452,130
23453,566
23454,118
23455,285
23456,41
23457,241
23458,119
23459,2
23460,1
23461,2
23462,7
23463,108
23464,56
23465,135
23466,41
23467,24
23468,14
23469,8
23470,124
23471,14
23472,73
23473,161
23474,46
23475,264
23476,161
23477,145
23478,129
23479,144
23480,100
23481,1725
23482,180
23483,59
23484,150
23485,197
23486,257
23487,682
23488,110
23489,172
23490,6
23491,124
23492,12
23493,16
23494,30
23495,8
23496,45
23497,72
23498,21
23499,292
23500,91
23501,1157
23502,173
23503,223
23504,2
23505,2
23506,890
23507,79
23508,4
23509,110
23510,119
23511,1
23512,61
23513,142
23514,14
23515,23
23516,5
23517,65
23518,436
23519,52
23520,1054
23521,160
23522,444
23523,222
23524,182
23525,1799
23526,100
23527,132
23528,65
23529,32
23530,170
23531,87
23532,47
23533,1088
23534,122
23535,167
23536,402
23537,66
23538,125
23539,430
23540,156
23541,76
23542,292
23543,38
23544,66
23545,334
23546,4
23547,5
23548,89
23549,2
23550,2
23551,283
23552,16
23553,16
23554,5
23555,32
23556,4
23557,1546
23558,130
23559,56
23560,180
23561,33
23562,8
23563,94
23564,109
23565,74
23566,165
23567,11
23568,16
23569,272
23570,392
23571,30
23572,211
23574,2
23575,677
23576,65
23577,376
23578,71
23579,52
23580,188
23581,98
23582,57
23583,76
23584,363
23585,225
23586,296
23587,1888
23588,140
23589,687
23590,303
23591,89
23592,288
23593,2633
23594,111
23595,1581
23596,200
23597,66
23598,317
23599,1782
23600,217
23601,1225
23602,240
23603,416
23604,6806
23605,258
23606,200
23607,176
23608,1504
23609,843
23610,914
23611,1102
23612,489
23613,1208
23614,103
23615,14
23616,29
23617,27
23618,31
23619,21
23620,59
23621,283
23622,39
23623,175
23624,538
23625,3109
23626,82
23627,66
23628,485
23629,191
23630,30
23631,122
23632,145
23633,385
23634,694
23635,2809
23636,130
23637,5
23638,2658
23639,104
23640,9
23641,149
23642,80
23643,404
23644,281
23645,6
23646,3
23647,160
23648,35
23649,64
23650,82
23651,24
23652,11
23653,121
23654,34
23655,570
23656,89
23657,98
23658,8
23659,139
23660,21
23661,19
23662,64
23663,362
23664,2148
23665,190
23666,242
23667,55
23668,109
23669,99
23670,186
23671,229
23672,191
23673,2457
23674,145
23675,492
23676,20
23677,132
23678,375
23679,914
23680,132
23681,17
23682,8
23683,1956
23684,39
23685,239
23686,75
23687,28
23688,70
23689,445
23690,86
23691,70
23692,223
23693,32
23694,60
23695,200
23696,61
23697,26
23698,141
23699,83
23700,36
23701,256
23702,120
23703,7
23704,20
23705,63
23706,10
23707,1352
23708,51
23709,1788
23710,98
23711,37
23712,130
23713,138
23714,16
23715,9
23716,101
23717,23
23718,486
23719,79
23720,31
23721,6
23722,38
23723,42
23724,33
23725,47
23726,117
23727,32
23728,188
23729,28
23730,157
23731,310
23732,140
23733,100
23734,144
23735,15
23736,7
23737,141
23738,114
23739,82
23740,110
23741,234
23742,11
23743,31
23744,60
23745,89
23746,255
23747,30
23748,7
23749,231
23750,24
23751,119
23752,64
23753,46
23754,29
23755,755
23756,251
23757,1079
23758,1981
23759,8
23760,9
23761,169
23762,23
23763,83
23764,203
23765,91
23766,159
23767,369
23768,95
23769,8
23770,135
23771,30
23772,17
23773,123
23774,4
23775,21
23776,115
23777,55
23778,165
23779,153
23780,122
23781,200
23782,495
23783,3
23784,5
23785,234
23786,85
23787,9
23788,78
23789,30
23790,12
23791,63
23792,62
23793,40
23794,85
23795,16
23796,297
23797,184
23798,14
23799,7
23800,144
23801,53
23802,1020
23803,122
23804,196
23805,43
23806,101
23807,1
23808,4
23809,170
23810,67
23811,116
23812,121
23813,105
23814,95
23815,245
23816,620
23817,23
23818,112
23819,51
23820,3
23821,130
23822,68
23823,57
23824,170
23825,3
23826,11
23827,74
23828,2
23829,2
23830,79
23831,13
23832,29
23833,190
23834,44
23835,73
23836,59
23837,7
23838,13
23839,42
23840,3
23841,8
23842,274
23843,79
23844,192
23845,95
23846,21
23847,21
23848,67
23849,245
23850,50
23851,85
23852,26
23853,44
23854,694
23855,726
23856,871
23857,95
23858,31
23859,25
23860,88
23861,53
23862,5
23863,49
23864,32
23865,269
23866,160
23867,83
23868,1189
23869,103
23870,88
23871,8
23872,41
23873,605
23874,157
23875,64
23876,240
23877,75
23878,150
23879,8
23880,8
23881,61
23882,2
23883,4
23884,82
23885,8
23886,3
23887,304
23888,9
23889,39
23890,30
23891,4
23892,6
23893,260
23894,46
23895,466
23896,2014
23897,230
23898,138
23899,133
23900,293
23901,104
23902,177
23903,14
23904,15
23905,77
23906,3
23907,15
23908,73
23909,325
23910,336
23911,117
23912,12
23913,90
23914,81
23915,113
23916,103
23917,289
23918,30
23919,64
23920,92
23921,173
23922,73
23923,142
23924,97
23925,16
23926,64
23927,54
23928,7
23929,1955
23930,22
23931,52
23932,103
23933,104
23934,1016
23935,106
23936,125
23937,107
23938,76
23939,209
23940,206
23941,201
23942,142
23943,142
23944,83
23945,37
23946,93
23947,179
23948,2316
23949,91
23950,164
23951,57
23952,64
23953,59
23954,145
23955,158
23956,60
23957,27
23958,52
23959,32
23960,2
23961,1
23962,64
23963,35
23964,3
23965,155
23966,10
23968,34
23969,19
23970,50
23971,92
23972,61
23973,71
23974,74
23975,114
23976,4
23977,145
23978,138
23979,19
23980,36
23981,229
23982,102
23983,168
23984,234
23985,59
23986,669
23987,1238
23988,396
23989,504
23990,73
23991,241
23992,119
23993,21
23994,104
23995,100
23996,1321
23997,1435
23998,157
23999,89
24000,618
24001,158
24002,47
24003,121
24004,118
24005,60
24006,99
24007,125
24008,5
24009,3
24010,339
24011,74
24012,16
24013,47
24014,579
24015,5
24016,86
24017,2
24018,3
24019,176
24020,106
24021,29
24022,479
24023,3622
24024,4
24025,63
24026,1029
24027,10
24028,121
24029,7
24030,8
24031,186
24032,88
24033,55
24034,2084
24035,19
24036,60
24037,109
24038,274
24039,7
24040,459
24041,87
24042,124
24043,80
24044,86
24045,1
24046,162
24047,204
24048,110
24049,178
24050,257
24051,48
24052,145
24053,206
24054,897
24055,191
24056,66
24057,50
24058,223
24059,25
24060,31
24061,146
24062,379
24063,315
24064,211
24065,32
24066,99
24067,85
24068,106
24069,291
24070,183
24071,221
24072,23
24073,227
24074,110
24075,113
24076,157
24077,252
24078,94
24079,302
24080,2
24081,4
24082,272
24083,161
24084,35
24085,141
24086,183
24087,211
24088,106
24089,88
24090,202
24091,368
24092,229
24093,75
24094,146
24095,1706
24096,915
24097,133
24098,480
24099,1111
24100,91
24101,4
24102,376
24103,126
24104,4
24106,642
24107,253
24108,4
24109,338
24110,234
24111,80
24112,57
24113,2
24114,3
24115,78
24116,322
24117,391
24118,175
24119,31
24120,60
24121,66
24122,24
24123,90
24124,705
24125,137
24126,75
24127,252
24128,13
24129,177
24130,3743
24131,27
24132,14
24133,542
24134,386
24135,18
24136,335
24137,63
24138,1609
24139,147
24140,388
24141,31
24142,182
24143,167
24144,16
24145,195
24146,127
24147,19
24148,80
24149,60
24150,14
24151,105
24152,95
24153,7
24154,144
24155,98
24156,7
24157,161
24158,7
24159,8
24160,157
24161,116
24162,116
24163,299
24164,15
24165,49
24166,82
24167,7
24168,13
24169,155
24170,184
24171,50
24172,92
24173,569
24174,541
24175,151
24176,10
24177,21
24178,59
24179,23
24180,3
24181,436
24182,14
24183,190
24184,234
24185,35
24186,37
24187,157
24188,99
24189,13
24190,79
24191,126
24192,3
24193,1110
24194,203
24195,14
24196,102
24197,1219
24198,959
24199,924
24200,9
24201,4
24202,102
24203,22
24204,31
24205,148
24206,50
24207,17
24208,1017
24209,38
24210,1274
24211,214
24212,54
24213,1023
24214,287
24215,60
24216,34
24217,105
24218,3
24219,185
24220,43
24221,22
24222,7
24223,493
24224,101
24225,13
24226,177
24227,31
24228,13
24229,67
24230,132
24231,130
24232,189
24233,18
24234,563
24235,55
24236,418
24237,1183
24238,162
24239,199
24240,377
24241,233
24242,108
24243,14
24244,64
24245,14
24246,5
24247,66
24248,60
24249,134
24250,16
24251,2
24252,1
24253,188
24254,2
24255,2
24256,37
24257,398
24258,50
24259,229
24260,19
24261,15
24262,102
24263,1
24264,1
24265,33
24266,30
24267,3
24268,41
24269,81
24270,3
24271,106
24272,21
24273,18
24274,144
24275,15
24276,2
24277,90
24278,5
24279,1
24280,74
24281,3
24282,39
24283,109
24284,32
24285,7
24286,53
24287,326
24288,1
24289,93
24290,6
24291,5
24292,234
24293,103
24294,3
24295,109
24296,27
24297,71
24298,145
24299,18
24300,15
24301,242
24302,19
24303,27
24304,163
24305,107
24306,2
24307,72
24308,9
24310,166
24311,7
24312,18
24313,205
24314,40
24315,52
24316,176
24317,5
24318,4
24319,469
24320,10
24321,3
24322,28
24323,24
24324,26
24325,157
24326,109
24327,22
24328,815
24329,44
24330,1
24331,122
24332,283
24333,144
24334,692
24335,93
24336,44
24337,1265
24338,19
24339,41
24340,91
24341,6
24342,3
24343,53
24344,6
24345,3
24346,87
24347,36
24348,1039
24349,269
24350,8
24351,84
24352,260
24353,113
24354,3
24355,92
24356,260
24357,312
24358,885
24359,22
24360,47
24361,57
24362,205
24363,13
24364,361
24365,44
24366,29
24367,116
24368,2373
24369,130
24370,2181
24371,95
24372,307
24373,163
24374,1577
24375,12
24376,134
24377,35
24378,2402
24379,163
24380,66
24381,1427
24382,2431
24383,131
24384,116
24385,176
24386,717
24387,157
24388,200
24391,83
24392,49
24393,23
24394,55
24395,82
24397,174
24398,199
24399,348
24400,131
24401,17
24402,90
24403,45
24404,67
24405,2
24406,173
24407,30
24408,34
24409,72
24411,74
24412,317
24413,22
24414,3
24415,341
24416,176
24417,17
24418,893
24419,4
24420,5
24421,271
24422,232
24423,84
24424,747
24425,7
24426,5
24427,127
24428,26
24429,6
24430,76
24431,16
24432,253
24433,106
24434,184
24435,24
24436,106
24437,88
24438,3
24439,45
24440,33
24441,63
24442,1783
24443,98
24444,609
24445,340
24447,2
24448,75
24449,109
24450,9
24451,124
24452,16
24453,112
24454,48
24455,8
24456,1
24457,52
24458,9
24459,1
24460,190
24461,53
24462,42
24463,221
24464,7
24465,98
24466,385
24467,2
24468,56
24469,960
24471,3
24472,80
24473,5
24474,5
24475,45
24476,8
24477,3
24478,111
24479,8
24480,5
24481,66
24483,3
24484,108
24485,1
24486,40
24487,39
24488,97
24489,35
24490,45
24491,230
24493,62
24494,32
24495,95
24496,83
24497,103
24498,13
24499,659
24500,4
24501,2
24502,466
24503,947
24504,24
24505,84
24506,1080
24507,57
24508,77
24509,11
24510,12
24511,102
24512,5
24513,4
24514,141
24515,25
24516,16
24517,266
24518,20
24519,64
24520,103
24521,291
24522,2
24523,136
24524,2
24525,8
24526,160
24527,11
24528,5
24529,144
24530,17
24531,29
24532,139
24533,14
24534,15
24535,581
24536,2
24538,45
24539,38
24540,4
24541,72
24542,8
24543,2
24544,153
24545,17
24546,4
24547,134
24548,21
24549,4
24550,141
24551,100
24552,1
24553,150
24554,52
24555,70
24556,143
24557,23
24558,15
24559,178
24560,20
24561,3
24562,32
24563,26
24564,2
24565,228
24566,25
24567,7
24568,105
24569,20
24570,144
24571,54
24572,73
24573,1
24574,135
24575,4
24576,17
24577,348
24578,69
24579,637
24580,214
24581,45
24582,36
24583,148
24584,13
24585,22
24586,374
24587,33
24588,974
24589,174
24590,16
24591,45
24592,31
24593,6
24594,19
24595,52
24596,135
24597,32
24598,83
24599,61
24600,14
24601,99
24602,23
24603,277
24604,145
24605,66
24606,10
24607,100
24608,149
24609,104
24610,149
24611,12
24612,17
24613,63
24614,74
24615,28
24616,863
24617,20
24618,14
24619,94
24620,1446
24621,1271
24623,13
24624,149
24625,91
24626,106
24627,9
24628,151
24629,52
24630,116
24631,215
24632,124
24633,28
24634,109
24635,6
24636,7
24637,143
24638,188
24639,15
24640,183
24641,40
24642,959
24643,83
24644,3
24645,9
24646,45
24647,35
24648,6
24649,33
24650,22
24651,45
24652,195
24653,5
24654,4
24655,66
24656,5
24657,6
24658,86
24659,19
24660,129
24661,55
24662,57
24663,9
24664,118
24665,2
24666,68
24667,79
24668,2
24669,1
24670,93
24671,3
24672,10
24673,103
24674,15
24675,55
24676,74
24677,33
24678,11
24679,91
24680,130
24681,54
24682,99
24683,14
24684,45
24685,176
24686,22
24687,6
24688,87
24689,4
24690,7
24691,133
24692,4
24693,7
24694,180
24695,42
24696,288
24697,374
24698,27
24699,9
24700,432
24701,38
24702,53
24703,335
24704,14
24706,363
24707,98
24708,3
24709,172
24710,85
24711,26
24712,255
24713,3
24714,2
24715,510
24716,64
24717,16
24718,370
24719,8
24720,4
24721,339
24722,226
24723,16
24724,195
24725,29
24726,43
24727,210
24728,8
24729,25
24730,87
24731,3
24732,12
24733,204
24734,814
24735,53
24736,107
24737,2
24738,1
24739,52
24740,146
24741,13
24742,202
24743,87
24744,13
24745,557
24746,34
24747,6
24748,803
24749,108
24750,2
24751,633
24753,3
24754,157
24755,407
24756,87
24757,745
24758,33
24759,111
24760,153
24761,5
24762,38
24763,433
24764,402
24765,23
24766,213
24767,163
24768,29
24769,193
24770,529
24771,775
24772,90
24773,82
24774,140
24775,203
24776,134
24777,60
24778,121
24779,85
24780,300
24781,1132
24782,120
24783,115
24784,423
24785,71
24786,22
24787,282
24788,90
24789,263
24790,130
24791,49
24792,100
24793,298
24794,1715
24795,498
24796,273
24797,1195
24798,30
24799,222
24800,78
24801,14
24802,213
24803,388
24804,9
24805,66
24806,3
24807,4
24808,105
24809,410
24810,36
24811,185
24812,589
24813,303
24814,364
24815,272
24816,502
24817,157
24818,41
24819,135
24820,113
24821,784
24822,109
24823,83
24824,134
24825,53
24826,125
24827,18
24828,19
24829,160
24830,48
24831,32
24832,175
24833,210
24834,684
24835,174
24836,53
24837,72
24838,176
24839,19
24840,3
24841,104
24842,198
24843,48
24844,766
24845,44
24846,6
24847,99
24848,171
24849,40
24850,101
24851,42
24852,46
24853,93
24854,18
24855,31
24856,209
24857,173
24858,403
24859,107
24860,29
24861,121
24862,129
24863,1551
24864,65
24865,1997
24866,5
24867,241
24868,82
24869,87
24870,80
24871,71
24872,1731
24873,29
24874,117
24875,2
24876,8
24877,81
24878,7
24879,15
24880,67
24881,43
24882,116
24883,188
24884,16
24885,95
24886,103
24887,49
24888,5
24889,49
24890,21
24891,13
24892,761
24893,451
24894,64
24895,71
24896,227
24897,289
24898,103
24899,265
24900,152
24901,119
24902,248
24903,329
24904,2780
24905,174
24906,41
24907,127
24908,32
24909,302
24910,313
24911,30
24912,1932
24913,174
24914,1406
24915,69
24916,398
24917,20
24918,32
24919,1019
24920,53
24921,454
24922,171
24923,80
24924,2
24925,70
24926,1157
24927,60
24928,677
24929,28
24930,13
24931,109
24932,281
24934,181
24935,76
24936,49
24937,246
24938,1
24939,3
24940,88
24941,123
24942,240
24943,115
24944,202
24945,18
24946,63
24947,267
24948,25
24949,80
24950,132
24951,102
24952,277
24953,34
24954,142
24955,130
24956,136
24957,89
24958,127
24959,505
24960,100
24961,197
24962,73
24963,45
24964,192
24965,70
24966,45
24967,170
24968,60
24969,161
24970,68
24971,94
24972,8
24973,54
24974,18
24975,22
24976,208
24977,953
24978,56
24979,479
24980,54
24981,12
24982,209
24983,60
24984,28
24985,208
24986,12
24987,73
24988,36
24989,702
24990,902
24991,137
24992,356
24993,193
24994,142
24995,160
24996,5
24997,100
24998,1016
24999,97
25000,2536
25001,30
25002,892
25003,325
25004,10
25005,8
25006,2087
25007,13
25008,174
25009,360
25010,146
25011,81
25012,940
25013,15
25014,19
25015,319
25016,70
25018,116
25019,1029
25020,232
25021,199
25022,34
25023,66
25024,127
25025,116
25026,43
25027,107
25028,86
25029,4
25030,49
25031,26
25032,79
25033,180
25034,52
25035,70
25036,229
25037,191
25038,197
25039,380
25040,19
25041,79
25042,142
25043,59
25044,51
25045,79
25046,2457
25047,2555
25048,271
25049,1128
25050,213
25051,124
25052,259
25053,73
25054,105
25055,270
25056,192
25057,101
25058,37
25059,3
25060,74
25061,185
25062,551
25063,49
25064,348
25065,177
25066,521
25067,242
25068,39
25069,455
25070,97
25071,428
25072,202
25073,144
25074,322
25075,299
25076,104
25077,23
25078,157
25079,57
25080,76
25081,213
25082,138
25083,284
25084,155
25085,39
25086,37
25087,100
25088,977
25089,6
25090,50
25091,443
25092,38
25093,108
25094,87
25095,66
25096,2434
25097,104
25098,15
25099,103
25100,184
25101,78
25102,64
25103,55
25104,146
25105,165
25106,280
25107,8
25108,87
25109,171
25110,2
25111,185
25112,312
25113,64
25114,199
25115,201
25116,256
25117,399
25118,62
25119,3
25120,115
25121,207
25122,149
25123,277
25124,71
25125,84
25126,322
25127,176
25128,52
25129,125
25130,70
25131,41
25132,202
25133,44
25134,82
25135,1331
25136,96
25137,141
25138,129
25139,434
25140,4
25141,48
25142,25
25143,56
25144,154
25145,322
25146,120
25147,201
25148,21
25149,54
25150,191
25151,131
25152,10
25153,235
25154,134
25155,18
25156,609
25157,699
25158,128
25159,464
25160,667
25161,12
25162,871
25163,927
25164,135
25165,256
25166,1068
25167,118
25168,77
25169,860
25170,6
25171,196
25172,25
25173,38
25174,100
25175,38
25176,103
25177,449
25178,23
25179,23
25180,180
25181,9
25182,58
25183,870
25184,137
25185,47
25186,974
25187,37
25188,17
25189,177
25190,144
25191,96
25192,32
25193,4
25194,19
25195,143
25196,7
25197,13
25198,9
25199,29
25200,8
25201,261
25203,55
25204,49
25205,75
25206,16
25207,2586
25208,188
25209,253
25210,115
25211,2
25212,55
25213,2
25214,233
25215,7
25216,144
25217,1523
25218,1119
25219,125
25220,64
25221,6
25222,56
25223,188
25224,106
25225,55
25226,138
25227,49
25228,203
25229,107
25230,16
25231,206
25232,92
25233,52
25234,943
25235,243
25236,141
25237,89
25238,54
25239,89
25240,179
25241,121
25242,39
25243,70
25244,1806
25245,155
25246,116
25247,145
25248,133
25249,1487
25250,437
25251,63
25252,508
25253,203
25254,178
25255,123
25256,137
25257,93
25258,89
25259,132
25260,84
25261,184
25262,181
25263,18
25264,181
25265,34
25266,856
25267,277
25268,32
25269,711
25270,64
25271,288
25272,163
25273,1875
25274,30
25275,595
25276,2020
25277,68
25278,249
25279,77
25280,80
25281,150
25282,381
25283,28
25284,127
25285,63
25286,80
25287,438
25288,70
25289,50
25290,1520
25291,76
25292,270
25293,72
25294,333
25295,25
25296,200
25297,446
25298,282
25299,153
25300,451
25301,62
25302,1262
25303,137
25304,70
25305,534
25306,80
25307,78
25308,99
25309,52
25310,38
25311,653
25312,80
25313,189
25314,561
25315,353
25316,380
25317,947
25318,498
25319,27
25320,148
25321,268
25322,9
25323,243
25324,339
25325,29
25326,45
25327,213
25328,1
25329,4
25330,49
25331,18
25332,5
25333,373
25334,72
25335,81
25336,517
25337,530
25338,20
25339,1439
25340,829
25341,73
25342,163
25343,119
25344,269
25345,225
25346,72
25347,160
25348,303
25349,288
25350,2577
25351,242
25352,2548
25353,112
25354,1038
25355,400
25356,144
25357,178
25358,40
25359,419
25360,105
25361,206
25362,258
25363,101
25364,103
25365,47
25366,206
25367,8
25368,4
25369,116
25370,128
25371,20
25372,47
25373,77
25374,9
25375,88
25376,56
25377,7
25378,561
25379,43
25380,486
25383,133
25384,92
25385,123
25386,511
25387,26
25388,27
25389,30
25390,44
25391,51
25392,158
25393,49
25394,88
25395,253
25396,446
25397,127
25398,121
25399,25
25400,18
25401,266
25402,31
25403,15
25404,31
25405,116
25406,127
25407,372
25408,92
25409,290
25410,113
25411,185
25412,119
25413,3365
25414,75
25415,31
25416,2142
25417,73
25418,920
25419,98
25420,90
25421,158
25422,199
25423,519
25424,468
25425,136
25426,74
25427,1064
25428,88
25429,1397
25430,170
25431,177
25432,62
25433,1176
25434,81
25435,135
25436,126
25437,1008
25438,109
25439,240
25440,1012
25441,110
25442,198
25443,201
25444,484
25445,1165
25446,120
25447,240
25448,284
25449,161
25450,281
25451,373
25452,1965
25453,126
25454,130
25455,2034
25456,1111
25457,253
25458,162
25459,1078
25460,1385
25461,442
25462,56
25463,1227
25464,200
25465,563
25466,956
25467,157
25468,217
25469,2833
25470,224
25471,2089
25472,354
25473,314
25474,129
25475,79
25476,144
25477,975
25478,115
25479,173
25480,448
25481,686
25482,604
25483,806
25484,317
25485,268
25486,58
25487,1284
25488,193
25489,1200
25490,257
25491,219
25492,159
25493,749
25494,1576
25495,305
25496,1276
25497,126
25498,160
25499,305
25500,1059
25501,382
25502,732
25503,127
25504,221
25505,347
25506,288
25507,583
25508,133
25509,702
25510,375
25511,2212
25512,129
25513,2016
25514,465
25515,556
25516,615
25517,1977
25518,278
25519,362
25520,519
25521,5537
25522,833
25523,755
25524,430
25525,327
25526,648
25527,196
25528,416
25529,41
25530,93
25531,633
25532,126
25533,109
25534,585
25535,68
25536,159
25537,495
25538,1099
25539,368
25540,868
25541,90
25542,140
25543,261
25544,263
25545,78
25546,1612
25547,96
25548,139
25549,2589
25550,32
25551,195
25552,1451
25553,2008
25554,151
25555,1498
25556,385
25557,188
25558,100
25559,106
25560,142
25561,293
25562,206
25563,2754
25564,138
25565,341
25566,479
25567,626
25568,328
25569,134
25570,231
25571,1350
25572,1885
25573,166
25574,187
25575,155
25576,200
25577,422
25578,1428
25579,170
25580,599
25581,105
25582,66
25583,854
25584,1196
25585,1019
25586,236
25587,2916
25588,108
25589,169
25590,273
25591,141
25592,264
25593,1159
25594,121
25595,1140
25596,267
25597,141
25598,564
25599,1609
25600,220
25601,1222
25602,127
25603,2094
25604,47
25605,84
25606,937
25607,160
25608,55
25609,567
25610,47
25611,832
25612,137
25613,2979
25614,3257
25615,106
25616,241
25617,803
25618,412
25619,29
25620,75
25621,1006
25622,109
25623,167
25624,4653
25625,65
25626,1968
25627,139
25628,82
25629,118
25630,413
25631,79
25632,64
25633,66
25634,325
25635,396
25636,150
25637,53
25638,482
25639,144
25640,92
25641,576
25642,593
25643,35
25644,1219
25645,89
25646,68
25647,1099
25648,64
25649,53
25650,862
25651,77
25652,66
25653,87
25654,1017
25655,103
25656,120
25657,152
25658,2948
25659,100
25660,1285
25661,92
25662,113
25663,193
25664,60
25665,1061
25666,171
25667,1054
25668,137
25669,826
25670,42
25671,600
25672,1176
25673,186
25674,376
25675,106
25676,151
25677,1220
25678,387
25679,252
25680,580
25681,1247
25682,188
25683,198
25684,337
25685,474
25686,217
25687,1204
25688,1618
25689,326
25690,2033
25691,511
25692,440
25693,1170
25694,176
25695,264
25696,336
25697,225
25698,240
25699,824
25700,313
25701,448
25702,1251
25703,1645
25704,508
25705,226
25706,155
25707,154
25708,2627
25709,217
25710,2630
25711,923
25712,235
25713,310
25714,2656
25715,72
25716,81
25717,100
25718,261
25719,133
25720,1462
25721,1654
25722,125
25723,113
25724,50
25725,92
25726,1385
25727,71
25728,1828
25729,240
25730,19
25731,1755
25732,88
25733,81
25734,92
25735,47
25736,67
25737,162
25738,22
25739,74
25740,185
25741,41
25742,271
25743,42
25744,508
25745,280
25746,67
25747,121
25748,34
25749,133
25750,58
25751,62
25752,68
25753,135
25754,65
25755,61
25756,170
25757,269
25758,69
25759,123
25760,141
25761,85
25762,115
25763,125
25764,52
25765,102
25766,190
25767,631
25768,599
25769,527
25770,388
25771,601
25772,5
25773,99
25774,107
25775,890
25776,384
25777,550
25778,5
25779,136
25780,59
25781,57
25782,1289
25783,212
25784,897
25785,2159
25786,55
25787,112
25788,224
25789,39
25790,60
25791,918
25792,1334
25793,1213
25794,127
25795,12
25796,12
25797,911
25798,115
25799,147
25800,126
25801,82
25802,51
25803,619
25804,23
25805,10
25806,353
25807,138
25808,5
25809,59
25810,1788
25811,13
25812,88
25813,63
25814,70
25815,135
25816,302
25817,106
25818,270
25819,253
25820,253
25821,379
25822,199
25823,89
25824,413
25825,138
25826,148
25827,286
25828,21
25829,16
25830,93
25831,1162
25832,5
25833,102
25834,51
25835,90
25836,690
25837,121
25838,128
25839,173
25840,115
25841,163
25842,210
25843,61
25844,2114
25845,64
25846,61
25847,143
25848,103
25849,81
25850,241
25851,61
25852,126
25853,86
25854,582
25855,3401
25856,102
25857,108
25858,72
25859,97
25860,49
25861,4
25862,13
25863,76
25864,205
25865,161
25866,81
25867,435
25868,71
25869,78
25870,32
25871,14
25872,140
25873,61
25874,43
25875,94
25876,154
25877,79
25878,29
25879,396
25880,67
25881,102
25882,24
25883,39
25884,90
25885,76
25886,1533
25887,93
25888,89
25889,1636
25890,66
25891,78
25892,6
25893,68
25894,158
25895,55
25896,150
25897,242
25898,4
25899,258
25900,46
25901,99
25902,190
25903,122
25904,3059
25905,160
25906,1704
25907,1143
25908,84
25909,178
25910,475
25911,182
25912,371
25913,575
25914,111
25915,75
25916,3586
25917,106
25918,71
25919,1472
25920,106
25921,101
25922,615
25923,62
25924,125
25925,255
25926,73
25927,172
25928,227
25929,69
25930,146
25931,438
25932,135
25933,166
25934,168
25935,63
25936,857
25937,155
25938,181
25939,157
25940,72
25941,179
25942,191
25943,34
25944,179
25945,32
25946,101
25947,1802
25948,235
25949,197
25950,121
25951,239
25952,99
25953,47
25954,186
25955,145
25956,42
25957,53
25958,466
25959,271
25960,46
25961,224
25962,85
25963,92
25964,172
25965,77
25966,66
25967,63
25968,301
25969,364
25970,316
25971,248
25972,169
25973,158
25974,337
25975,162
25976,421
25977,95
25978,174
25979,338
25980,203
25981,292
25982,102
25983,629
25984,96
25985,127
25986,148
25987,288
25988,27
25989,119
25990,58
25991,242
25992,86
25993,124
25994,36
25995,70
25996,1510
25997,208
25998,393
25999,194
26000,6
26001,31
26002,133
26003,89
26004,228
26005,48
26006,85
26007,80
26008,158
26009,64
26010,928
26011,123
26012,148
26013,2059
26014,55
26015,100
26016,112
26017,60
26018,121
26019,199
26020,480
26021,220
26022,1747
26023,201
26024,174
26025,213
26027,5
26028,1616
26029,2723
26030,119
26031,275
26032,130
26033,19
26034,305
26035,105
26036,88
26037,70
26038,186
26039,148
26040,110
26041,41
26042,1184
26043,191
26044,125
26045,157
26046,113
26047,169
26048,64
26049,244
26050,109
26051,249
26052,58
26053,210
26054,154
26055,94
26056,266
26057,100
26058,1915
26059,160
26060,2598
26061,160
26062,1290
26063,457
26064,51
26065,593
26066,125
26067,96
26068,125
26069,138
26070,99
26071,106
26072,136
26073,54
26074,58
26075,74
26076,365
26077,87
26078,1671
26079,432
26080,80
26081,24
26082,359
26083,122
26084,132
26085,133
26086,297
26087,75
26088,152
26089,11
26090,14
26091,136
26092,80
26093,130
26094,227
26095,38
26096,147
26097,94
26098,159
26099,99
26100,70
26101,256
26102,65
26103,78
26104,231
26105,222
26106,252
26107,1108
26108,175
26109,846
26110,1765
26111,2219
26112,192
26113,359
26114,154
26115,249
26116,299
26117,109
26118,115
26119,81
26120,119
26121,68
26122,174
26123,92
26124,574
26125,260
26126,121
26127,93
26128,189
26129,82
26130,187
26131,529
26132,64
26133,440
26134,74
26135,117
26136,24
26137,5
26138,80
26139,429
26140,59
26141,41
26142,131
26143,368
26144,254
26145,83
26146,182
26147,190
26148,387
26149,530
26150,160
26151,2137
26152,998
26153,524
26154,115
26155,344
26156,79
26157,61
26158,823
26159,108
26160,218
26161,176
26162,130
26163,379
26164,206
26165,239
26166,138
26167,954
26168,160
26169,88
26170,253
26171,750
26172,592
26173,287
26174,124
26175,41
26176,729
26177,328
26178,177
26179,107
26180,84
26181,91
26182,213
26183,133
26184,233
26185,271
26186,153
26187,492
26188,162
26189,122
26190,84
26191,233
26192,645
26193,103
26194,64
26195,868
26196,339
26197,66
26198,1199
26199,898
26200,24
26201,831
26202,82
26203,56
26204,797
26205,33
26206,247
26207,145
26208,1640
26209,1188
26210,26
26211,664
26212,312
26213,160
26214,142
26215,50
26216,65
26217,837
26218,4
26219,66
26220,4
26221,45
26222,91
26223,39
26224,216
26225,96
26226,50
26227,632
26228,1320
26229,71
26230,536
26231,93
26232,157
26233,160
26234,131
26235,201
26236,171
26237,45
26238,3
26239,1
26240,2
26241,3
26242,8
26243,19
26244,29
26245,2
26246,1
26247,2
26248,10
26249,3
26250,85
26251,51
26252,70
26253,149
26254,72
26255,7
26256,2730
26257,532
26258,19
26259,125
26260,66
26261,31
26262,1120
26263,129
26264,9
26265,121
26266,32
26267,40
26268,299
26269,184
26270,2971
26271,101
26272,252
26273,36
26274,36
26275,304
26276,102
26277,244
26278,41
26279,3
26280,104
26281,81
26282,2
26283,38
26284,114
26285,35
26286,146
26287,12
26288,10
26289,188
26290,58
26291,225
26292,156
26293,104
26294,26
26295,276
26296,406
26297,4
26298,63
26299,197
26300,18
26301,181
26302,73
26303,23
26304,78
26305,1206
26306,10
26307,150
26308,94
26309,181
26310,41
26311,72
26312,49
26313,1143
26314,656
26315,104
26316,74
26317,33
26318,42
26319,765
26320,170
26321,31
26322,448
26323,36
26324,17
26325,148
26326,280
26327,11
26328,54
26329,26
26330,9
26331,293
26332,97
26333,463
26334,138
26335,176
26336,6
26337,17
26338,23
26339,46
26340,1369
26341,20
26342,121
26343,10
26344,20
26345,6
26346,5
26347,8
26348,17
26349,14
26350,50
26351,129
26352,51
26353,210
26354,16
26355,17
26356,11
26357,13
26358,183
26359,11
26360,1
26361,33
26362,15
26363,46
26364,3
26365,194
26366,259
26367,323
26368,19
26369,39
26370,349
26371,7
26372,218
26373,73
26374,17
26375,94
26376,100
26377,29
26378,17
26379,30
26380,78
26381,4
26382,10
26383,96
26384,3
26385,67
26386,14
26387,14
26388,273
26389,457
26390,20
26391,160
26392,142
26393,149
26394,53
26395,342
26396,7
26397,47
26398,192
26399,6
26400,61
26401,11
26402,71
26403,41
26404,30
26405,27
26406,88
26407,36
26408,2149
26409,159
26410,90
26411,23
26412,36
26413,12
26414,1
26415,180
26416,1158
26417,10
26418,78
26419,4
26420,7
26421,118
26422,36
26423,34
26424,177
26425,191
26426,450
26427,57
26428,1775
26429,10
26430,56
26431,9
26432,29
26433,43
26434,14
26435,108
26436,223
26437,139
26438,22
26439,1385
26440,71
26441,150
26442,200
26443,63
26444,146
26445,124
26446,189
26447,1955
26448,117
26449,34
26450,258
26451,101
26452,274
26453,51
26454,83
26455,628
26456,1790
26457,54
26458,321
26459,306
26460,75
26461,1713
26462,107
26463,86
26464,1405
26465,66
26466,227
26467,1181
26468,45
26469,440
26470,4
26471,28
26472,23
26473,14
26474,19
26475,8
26476,6
26477,5
26478,8
26479,56
26480,20
26481,19
26482,59
26483,103
26484,17
26485,189
26486,173
26487,128
26488,290
26489,90
26490,130
26491,646
26492,763
26493,126
26494,202
26495,70
26496,114
26497,1188
26498,49
26499,770
26500,34
26501,429
26502,50
26503,52
26504,244
26505,134
26506,275
26507,128
26508,35
26509,336
26510,82
26511,67
26512,69
26513,54
26514,87
26515,97
26516,67
26517,60
26518,40
26519,153
26520,326
26521,261
26522,579
26523,7
26524,6
26525,2
26526,2509
26527,1327
26528,554
26529,1290
26530,549
26531,253
26532,122
26533,1169
26534,525
26535,50
26536,59
26537,597
26538,263
26539,243
26540,72
26541,51
26542,1080
26543,261
26544,113
26545,135
26546,366
26547,32
26548,66
26550,499
26551,205
26552,212
26553,47
26554,111
26555,162
26556,28
26557,64
26558,231
26559,93
26560,6
26561,166
26562,55
26563,72
26564,60
26565,64
26566,111
26567,363
26568,146
26569,6
26570,426
26571,1424
26572,5
26573,188
26574,33
26575,11
26576,145
26577,6769
26578,32
26579,242
26580,2
26581,5
26582,14
26583,24
26584,1
26585,156
26586,382
26587,1
26588,90
26589,892
26590,144
26591,128
26592,135
26593,57
26594,72
26595,83
26596,24
26597,126
26598,148
26599,41
26600,288
26601,590
26602,5
26603,157
26604,138
26605,18
26606,1087
26607,1097
26608,9
26609,234
26610,81
26611,652
26612,289
26613,19
26614,49
26615,141
26616,13
26617,7
26618,68
26619,27
26620,744
26621,133
26622,1040
26623,25
26624,101
26625,1687
26626,10
26627,74
26628,44
26629,36
26630,75
26631,44
26632,23
26633,88
26634,380
26635,36
26636,259
26637,33
26638,45
26639,178
26640,677
26641,43
26642,285
26643,2
26644,46
26645,3244
26646,8
26647,81
26648,76
26649,2
26650,119
26651,78
26652,20
26653,169
26654,130
26655,38
26656,5
26657,23
26658,21
26659,5
26660,370
26661,11
26662,10
26663,121
26664,182
26665,55
26666,26
26667,79
26668,44
26669,45
26670,3
26672,82
26673,40
26674,1
26675,85
26676,121
26677,186
26678,128
26679,76
26680,53
26681,7463
26682,13
26683,5
26684,262
26685,6
26686,48
26687,46
26688,155
26689,5
26690,1239
26691,138
26692,89
26693,186
26694,1
26695,3
26696,3
26697,2
26698,6
26699,139
26700,210
26701,20
26702,98
26703,5
26704,11
26705,107
26706,76
26707,3
26708,88
26709,2045
26710,171
26711,91
26712,35
26713,457
26714,90
26715,20
26716,3
26717,27
26718,499
26719,46
26720,302
26721,166
26722,8
26723,135
26724,239
26725,29
26726,95
26727,935
26728,726
26729,145
26730,1304
26731,75
26732,85
26733,106
26734,35
26735,2053
26736,13
26737,70
26738,41
26739,120
26740,6
26741,149
26742,33
26743,93
26744,122
26745,44
26746,328
26747,39
26748,379
26749,332
26750,821
26751,83
26752,186
26753,1517
26754,757
26755,86
26756,117
26757,3
26758,103
26759,226
26760,178
26761,111
26762,143
26763,469
26764,2
26765,255
26766,2214
26767,2448
26768,749
26769,406
26770,113
26771,178
26772,118
26773,170
26774,330
26775,521
26776,626
26777,125
26778,37
26779,435
26780,55
26781,444
26782,7
26783,167
26784,254
26785,1
26786,185
26787,222
26788,18
26789,257
26790,112
26791,36
26792,225
26793,140
26794,55
26795,87
26797,4
26798,4
26799,269
26800,8
26801,4285
26802,161
26803,263
26804,209
26805,7
26806,1
26807,195
26808,2
26809,7
26810,195
26811,184
26812,87
26813,168
26814,469
26815,111
26816,141
26817,15
26818,31
26819,243
26820,126
26821,57
26822,1816
26823,15
26824,169
26825,56
26826,253
26827,6
26828,1266
26829,47
26830,16
26831,79
26832,98
26833,684
26834,914
26835,16
26836,11
26837,109
26838,2
26839,11
26840,800
26841,37
26842,563
26843,96
26844,9
26845,5
26846,232
26847,237
26848,106
26849,786
26850,9
26851,14
26852,3
26853,8
26854,8
26855,325
26856,24
26857,15
26858,2838
26859,3
26860,12
26861,556
26862,58
26863,31
26864,275
26865,11
26866,3
26867,86
26868,4
26869,28
26870,163
26871,41
26872,34
26873,3810
26874,42
26875,19
26876,299
26877,17
26878,3
26879,217
26880,62
26881,4
26882,2700
26883,2
26884,20
26885,2171
26886,43
26887,9
26888,218
26889,158
26890,55
26891,159
26892,564
26893,14
26894,2770
26895,3107
26896,221
26897,296
26898,112
26899,116
26900,138
26901,49
26902,224
26903,168
26904,111
26905,118
26906,62
26907,2066
26908,69
26909,339
26910,21
26911,41
26912,551
26913,31
26914,146
26915,130
26916,170
26917,6
26918,1185
26919,65
26920,3
26921,145
26922,225
26923,1
26924,246
26925,9
26926,49
26927,1163
26928,110
26929,501
26930,219
26931,14
26932,3
26933,67
26934,107
26935,41
26936,1686
26937,152
26938,13
26939,85
26940,70
26941,4
26942,678
26943,6
26944,6
26945,201
26946,46
26947,593
26948,120
26949,102
26950,3
26951,2393
26952,174
26953,49
26954,272
26955,110
26956,9
26957,285
26958,97
26959,572
26960,296
26961,26
26962,15
26963,112
26964,327
26965,117
26966,398
26967,45
26968,12
26969,116
26970,6
26971,14
26972,403
26973,147
26974,5
26975,123
26976,49
26977,7
26978,234
26979,6
26980,11
26981,103
26982,43
26983,8
26984,214
26985,1379
26986,106
26987,288
26988,205
26989,6
26990,142
26991,9
26992,14
26993,92
26994,302
26995,361
26996,400
26997,7
26998,51
26999,120
27000,204
27001,37
27002,1798
27003,109
27004,23
27005,2129
27006,15
27007,93
27008,571
27009,130
27010,10
27011,354
27012,973
27013,10
27014,874
27015,8
27016,14
27017,145
27018,14
27019,141
27020,105
27021,225
27022,17
27023,102
27024,125
27025,5
27026,222
27027,33
27028,28
27029,74
27030,94
27031,21
27032,110
27033,33
27034,14
27035,237
27036,16
27037,32
27038,1587
27039,601
27040,551
27041,79
27042,31
27043,172
27044,49
27045,14
27046,799
27047,946
27048,21
27049,16
27050,67
27051,16
27052,20
27053,118
27054,17
27055,24
27056,174
27057,21
27058,17
27059,2407
27060,14
27061,56
27062,125
27063,185
27064,8
27065,217
27066,17
27067,26
27068,165
27069,16
27070,12
27071,143
27072,23
27073,49
27074,878
27075,16
27076,35
27077,432
27078,311
27079,79
27080,93
27081,66
27082,7
27083,208
27084,448
27085,17
27086,161
27087,113
27088,74
27089,113
27090,41
27091,11
27092,1295
27093,8
27094,12
27095,133
27096,4
27097,9
27098,43
27099,8
27100,5
27101,58
27102,61
27103,51
27104,128
27105,4
27106,10
27107,244
27108,3
27109,5
27110,806
27111,4
27112,339
27113,121
27114,14
27115,19
27116,119
27117,17
27118,16
27119,277
27120,11
27121,34
27122,123
27123,156
27124,33
27125,78
27126,5
27127,12
27128,948
27130,4
27131,1674
27132,169
27133,27
27134,444
27135,2
27136,33
27137,76
27138,257
27139,8
27140,52
27141,72
27142,81
27143,2348
27144,111
27145,1141
27146,199
27147,1361
27148,95
27149,180
27150,59
27151,94
27152,201
27153,47
27154,49
27155,317
27156,198
27157,175
27158,62
27159,38
27160,64
27161,125
27162,67
27163,455
27164,75
27165,116
27166,23
27167,544
27168,19
27169,24
27170,28
27171,129
27172,84
27173,7
27174,21
27175,14
27176,54
27177,6
27179,58
27180,8
27181,1
27182,81
27183,91
27184,16
27185,21
27186,21
27187,5
27188,27
27189,2
27190,18
27191,29
27192,44
27193,84
27194,75
27195,34
27196,268
27197,99
27198,144
27199,202
27200,153
27201,293
27202,159
27203,145
27204,652
27205,215
27206,214
27207,236
27208,700
27209,265
27210,608
27211,303
27212,295
27213,1980
27214,837
27215,164
27216,342
27217,494
27218,170
27219,449
27220,283
27221,99
27222,156
27223,596
27224,130
27225,291
27226,340
27227,85
27228,209
27229,22
27230,1169
27231,245
27232,50
27233,132
27234,61
27235,360
27236,105
27237,163
27238,76
27239,84
27240,425
27241,186
27242,215
27243,162
27244,129
27245,55
27246,70
27247,1898
27248,29
27249,32
27250,82
27251,64
27252,45
27253,147
27254,119
27255,27
27256,101
27257,418
27258,330
27259,1206
27260,335
27261,896
27262,99
27263,1227
27264,163
27265,97
27266,118
27267,136
27268,54
27269,78
27270,82
27271,510
27272,51
27273,61
27274,93
27275,96
27276,236
27277,250
27278,161
27279,132
27280,125
27281,1463
27282,159
27283,119
27284,8
27285,203
27286,304
27287,73
27288,73
27289,188
27290,74
27291,659
27292,203
27293,107
27294,2135
27295,156
27296,262
27297,2510
27298,213
27299,516
27300,231
27301,66
27302,54
27303,278
27304,320
27305,102
27306,161
27307,149
27308,97
27309,30
27310,90
27311,74
27312,75
27313,41
27314,54
27315,80
27316,64
27317,112
27318,167
27319,110
27320,65
27321,302
27322,207
27323,935
27324,94
27325,29
27326,107
27327,387
27328,93
27329,43
27330,151
27331,186
27332,116
27333,23
27334,38
27335,269
27336,125
27337,75
27338,226
27339,84
27340,43
27341,126
27342,170
27343,68
27344,85
27345,426
27346,598
27347,226
27348,172
27349,77
27350,90
27351,146
27352,37
27353,193
27354,439
27355,118
27356,37
27357,70
27358,471
27359,206
27360,268
27361,204
27362,87
27363,159
27364,730
27365,130
27366,855
27367,108
27368,139
27369,39
27370,281
27371,1812
27372,874
27373,1107
27374,144
27375,237
27376,376
27377,110
27378,363
27379,265
27380,180
27381,471
27382,3505
27383,2590
27384,8521
27385,138
27386,79
27387,79
27388,206
27389,4993
27390,2305
27391,191
27392,112
27393,2965
27394,96
27395,165
27396,240
27397,235
27398,243
27399,180
27400,430
27401,253
27402,212
27403,375
27404,388
27405,152
27406,1126
27407,228
27408,230
27409,190
27410,182
27411,199
27412,159
27413,143
27414,374
27415,666
27416,465
27417,95
27418,449
27419,128
27420,199
27421,373
27422,409
27423,112
27424,215
27425,1154
27426,184
27427,312
27428,283
27429,339
27430,583
27431,284
27432,417
27433,45
27434,2603
27435,145
27436,126
27437,123
27438,557
27439,121
27440,143
27441,428
27442,949
27443,147
27444,79
27445,31
27446,115
27447,282
27448,37
27449,49
27450,269
27451,177
27452,166
27453,252
27454,135
27455,194
27456,284
27457,113
27458,68
27459,856
27460,71
27461,638
27462,160
27463,1239
27464,77
27465,103
27466,92
27467,844
27468,175
27469,260
27470,181
27471,100
27472,153
27473,198
27474,186
27475,127
27476,4906
27477,234
27478,907
27479,140
27480,82
27481,228
27482,127
27483,130
27484,2053
27485,76
27486,84
27487,114
27488,112
27489,294
27490,422
27491,100
27492,112
27493,2421
27494,2707
27495,175
27496,178
27497,255
27498,404
27499,460
27500,326
27501,318
27502,245
27503,1043
27504,383
27505,988
27506,2068
27507,1709
27508,289
27509,2836
27510,322
27511,496
27512,136
27513,2834
27514,559
27515,151
27516,911
27517,342
27518,459
27519,296
27520,270
27521,218
27522,371
27523,228
27524,574
27525,183
27526,737
27527,3448
27528,212
27529,303
27530,115
27531,240
27532,3483
27533,260
27534,427
27535,465
27536,624
27537,92
27538,580
27539,974
27540,204
27541,443
27542,268
27543,105
27544,162
27545,224
27546,298
27547,111
27548,118
27549,1779
27550,186
27551,136
27552,272
27553,264
27554,84
27555,381
27556,1332
27557,312
27558,105
27559,383
27560,175
27561,1274
27562,113
27563,211
27564,121
27565,100
27566,193
27567,171
27568,147
27569,101
27570,95
27571,126
27572,411
27573,202
27574,89
27575,1373
27576,315
27577,3521
27578,391
27579,431
27580,561
27581,125
27582,173
27583,771
27584,254
27585,171
27586,103
27587,73
27588,147
27589,365
27590,288
27591,136
27592,168
27593,273
27594,106
27595,236
27596,466
27597,211
27598,452
27599,180
27600,2014
27601,581
27602,307
27603,957
27604,1268
27605,128
27606,240
27607,131
27608,143
27609,147
27610,1931
27611,62
27612,422
27613,378
27614,109
27615,358
27616,225
27617,383
27618,433
27619,675
27620,109
27621,981
27622,207
27623,463
27624,198
27625,1692
27626,473
27627,147
27628,773
27629,475
27630,2429
27631,167
27632,1473
27633,235
27634,515
27635,1116
27636,155
27637,634
27638,7089
27639,165
27640,268
27641,1732
27642,123
27643,1883
27644,1823
27645,313
27646,183
27647,100
27648,102
27649,824
27650,75
27651,577
27652,136
27653,187
27654,1677
27655,263
27656,287
27657,787
27659,802
27661,997
27662,142
27663,133
27664,178
27665,85
27666,390
27667,295
27668,114
27669,187
27670,1203
27671,99
27672,372
27673,1859
27674,284
27675,1127
27676,1254
27677,128
27678,99
27679,1361
27680,242
27681,95
27682,281
27683,135
27684,1456
27685,257
27686,1012
27687,290
27688,1253
27689,1758
27690,195
27691,180
27692,205
27693,166
27694,176
27695,135
27696,257
27697,638
27698,96
27699,98
27700,221
27701,115
27702,137
27703,810
27704,89
27705,177
27706,564
27707,1181
27708,659
27709,289
27710,109
27711,233
27712,175
27713,185
27714,118
27715,280
27716,79
27717,243
27718,132
27719,92
27720,195
27721,340
27722,533
27723,125
27724,108
27725,275
27726,81
27727,181
27728,118
27729,108
27730,173
27731,150
27732,336
27733,147
27734,170
27735,475
27736,144
27737,1045
27738,71
27739,1837
27740,171
27741,3152
27742,112
27743,89
27744,114
27745,172
27746,339
27747,133
27748,45
27749,289
27750,506
27751,110
27752,11183
27753,306
27754,908
27755,161
27756,155
27757,116
27758,1176
27759,173
27762,830
27763,119
27764,52
27765,973
27766,76
27767,75
27768,83
27769,989
27770,205
27771,85
27772,71
27773,57
27774,91
27775,71
27776,96
27777,177
27778,54
27779,239
27780,49
27781,79
27782,295
27783,134
27785,189
27786,34
27787,39
27788,767
27789,32
27790,142
27791,234
27792,138
27793,104
27794,205
27795,119
27796,163
27797,193
27798,1612
27799,166
27800,572
27801,103
27802,191
27803,77
27804,1636
27805,37
27806,323
27807,1187
27808,164
27809,190
27810,470
27811,178
27812,278
27813,266
27814,37
27815,126
27816,212
27817,100
27818,42
27819,39
27820,47
27821,77
27822,185
27823,87
27824,59
27825,174
27826,83
27827,248
27828,512
27829,46
27830,43
27831,222
27832,159
27833,120
27834,341
27835,283
27836,180
27837,90
27838,51
27839,77
27840,120
27841,247
27842,291
27843,78
27844,97
27845,165
27846,147
27847,1453
27848,120
27849,1814
27850,106
27851,200
27852,325
27853,140
27854,51
27855,407
27856,92
27857,200
27858,161
27859,138
27860,90
27861,190
27862,169
27863,289
27864,263
27865,322
27866,240
27867,39
27868,113
27869,178
27870,981
27871,98
27872,90
27873,65
27874,3831
27875,249
27876,151
27877,859
27878,194
27879,1596
27880,263
27881,2598
27882,898
27883,1395
27884,395
27885,49
27886,71
27887,93
27888,44
27889,834
27890,492
27891,83
27892,98
27893,383
27894,115
27895,83
27896,154
27897,75
27898,88
27899,113
27900,489
27901,257
27902,69
27903,565
27904,1829
27905,127
27906,380
27907,135
27908,47
27909,72
27910,128
27911,529
27912,147
27913,168
27914,217
27915,1338
27916,914
27917,112
27918,134
27919,466
27920,1371
27921,224
27922,639
27923,1571
27924,123
27925,1867
27926,126
27927,89
27928,191
27929,254
27930,281
27931,76
27932,239
27933,423
27934,134
27935,137
27936,206
27937,142
27938,174
27939,258
27940,171
27941,199
27942,1176
27943,98
27944,1688
27945,2181
27946,170
27947,196
27948,721
27949,59
27950,153
27951,109
27952,116
27953,66
27954,74
27955,235
27956,96
27957,74
27958,64
27959,52
27960,187
27961,77
27962,215
27963,71
27964,617
27965,119
27966,58
27967,797
27968,65
27969,61
27970,1225
27971,137
27972,2579
27973,138
27974,86
27975,229
27976,136
27977,362
27978,226
27979,168
27980,41
27981,280
27982,576
27983,283
27984,370
27985,305
27986,264
27987,1008
27988,187
27989,139
27990,412
27991,44
27992,110
27993,271
27994,277
27995,546
27996,704
27997,104
27998,1051
27999,1511
28000,1377
28001,2584
28002,99
28003,871
28004,113
28005,1345
28006,1223
28007,519
28008,249
28009,861
28010,261
28011,630
28012,64
28013,215
28014,57
28015,169
28016,128
28017,80
28018,93
28019,214
28020,80
28021,82
28022,99
28023,59
28024,58
28025,146
28026,370
28027,1593
28028,1423
28029,141
28030,259
28031,291
28032,260
28033,93
28034,50
28035,76
28036,129
28037,92
28038,250
28039,57
28040,148
28041,379
28042,172
28043,98
28044,537
28045,2350
28046,113
28047,106
28048,2502
28049,128
28050,78
28051,143
28052,223
28053,405
28054,1990
28055,133
28056,255
28057,1214
28058,61
28059,177
28060,226
28061,76
28062,81
28063,91
28064,88
28065,221
28066,147
28067,163
28068,475
28069,136
28070,190
28071,173
28072,112
28073,761
28074,61
28075,275
28076,414
28077,4116
28078,185
28079,3612
28080,442
28081,387
28082,258
28083,634
28084,352
28085,754
28086,2096
28087,4730
28088,379
28089,770
28090,597
28091,98
28092,142
28093,5049
28094,252
28095,5206
28096,240
28097,223
28098,809
28099,267
28100,99
28101,209
28102,427
28103,214
28104,342
28105,271
28106,192
28107,103
28108,169
28109,1020
28110,168
28111,911
28112,195
28113,234
28114,221
28115,538
28116,388
28117,271
28118,324
28119,290
28120,257
28121,466
28122,520
28123,202
28124,45
28125,36
28126,60
28127,61
28128,38
28129,126
28130,333
28131,192
28132,658
28133,106
28134,449
28135,65
28136,76
28137,158
28138,127
28139,257
28140,62
28141,420
28142,128
28143,114
28144,343
28145,77
28146,1031
28147,427
28148,72
28149,85
28150,53
28151,119
28152,40
28153,1835
28154,128
28155,146
28156,189
28157,133
28158,62
28159,87
28160,143
28161,65
28162,342
28163,463
28164,407
28165,185
28166,439
28167,454
28168,100
28169,60
28170,341
28171,453
28172,59
28173,80
28174,65
28175,138
28176,199
28177,153
28178,857
28179,279
28180,115
28181,44
28182,233
28183,171
28185,79
28186,40
28187,60
28188,295
28189,32
28190,98
28191,387
28192,66
28193,153
28194,199
28195,703
28196,167
28197,159
28198,1340
28199,178
28200,133
28201,713
28202,548
28203,85
28204,119
28205,101
28206,61
28207,114
28208,219
28209,2147
28210,113
28211,144
28212,178
28213,37
28214,256
28215,79
28216,57
28217,57
28218,129
28219,37
28220,135
28221,798
28222,56
28223,168
28224,81
28225,335
28226,191
28227,245
28228,118
28229,124
28230,161
28231,54
28232,307
28233,547
28234,69
28235,92
28236,1127
28237,685
28238,113
28239,382
28240,74
28241,54
28242,389
28243,79
28244,121
28245,1952
28246,71
28247,85
28248,210
28249,100
28250,460
28251,1614
28252,184
28254,2107
28255,248
28256,1121
28257,172
28258,88
28259,69
28260,25
28261,102
28262,204
28263,2
28264,9
28265,94
28266,138
28267,47
28268,43
28269,474
28270,179
28271,1412
28272,400
28273,85
28274,31
28275,3
28276,21
28277,47
28278,155
28279,53
28280,1115
28281,991
28282,1216
28283,54
28284,108
28285,190
28286,160
28287,896
28288,57
28289,780
28290,1162
28291,1388
28292,933
28293,175
28294,197
28295,279
28296,309
28297,1320
28298,97
28299,1256
28300,1538
28301,93
28302,714
28303,167
28304,105
28305,218
28306,231
28307,712
28308,316
28309,119
28310,2051
28311,2741
28312,2881
28313,1903
28314,861
28315,597
28316,111
28317,95
28318,124
28319,120
28320,819
28321,1019
28322,44
28323,36
28324,39
28325,651
28326,1581
28327,37
28328,282
28329,538
28330,717
28331,386
28332,509
28333,1108
28334,363
28335,114
28336,346
28337,498
28338,375
28339,57
28340,362
28341,435
28342,306
28343,115
28344,2134
28345,20
28346,722
28347,479
28348,539
28349,212
28350,548
28351,37
28352,156
28353,53
28354,416
28355,35
28356,110
28357,698
28358,178
28359,257
28360,146
28361,182
28362,244
28363,78
28364,44
28365,61
28366,75
28367,247
28368,281
28369,98
28370,78
28371,545
28372,168
28373,983
28374,571
28375,565
28376,779
28377,985
28378,3463
28379,35
28380,546
28381,563
28382,914
28383,198
28384,541
28385,57
28386,190
28387,204
28388,48
28389,217
28390,237
28391,999
28392,803
28393,288
28394,376
28395,1206
28396,1179
28397,3
28398,3
28399,720
28400,57
28401,165
28402,260
28403,440
28404,262
28405,95
28406,176
28407,24
28408,11
28409,1240
28410,240
28411,533
28412,100
28413,68
28414,42
28415,122
28416,143
28417,424
28418,50
28419,1077
28420,42
28421,341
28422,956
28423,1126
28424,2
28425,1
28426,223
28427,1
28428,20
28429,8
28431,65
28432,2128
28433,40
28434,16
28435,2155
28436,1091
28437,1
28438,139
28439,294
28440,1
28441,367
28442,6
28443,5
28444,47
28445,18
28446,6
28447,409
28448,46
28449,7
28450,59
28451,359
28452,34
28453,1415
28454,7
28455,39
28456,374
28457,41
28458,19
28459,148
28460,937
28461,434
28462,619
28463,36
28464,15
28465,142
28466,45
28467,193
28468,255
28469,24
28470,8
28471,491
28472,1334
28473,1082
28474,401
28475,168
28476,537
28477,351
28478,112
28479,94
28480,181
28481,141
28482,222
28483,262
28484,74
28485,73
28486,516
28487,845
28488,62
28489,156
28490,77
28491,85
28492,389
28493,218
28494,187
28495,202
28496,4
28497,5
28498,958
28499,35
28500,135
28501,59
28502,14
28503,85
28504,31
28505,45
28506,60
28507,1087
28508,119
28509,450
28510,157
28511,503
28512,788
28513,152
28514,787
28515,153
28516,448
28517,13
28519,523
28520,114
28521,50
28522,96
28523,38
28524,11
28525,29
28526,2
28527,1
28528,398
28529,2
28530,1
28531,2889
28532,2
28533,7
28534,204
28535,82
28536,34
28537,144
28538,53
28539,608
28540,247
28541,2022
28542,333
28543,104
28544,52
28545,51
28546,120
28547,5
28548,50
28549,11
28550,190
28551,144
28552,22
28553,211
28554,20
28555,38
28556,271
28557,310
28558,44
28559,552
28560,328
28561,26
28562,248
28563,134
28564,12
28565,81
28566,111
28567,605
28568,99
28569,20
28570,70
28571,15
28572,76
28573,115
28574,135
28575,53
28576,525
28577,6
28578,82
28579,83
28580,791
28581,255
28582,323
28583,43
28585,319
28586,79
28587,59
28588,56
28589,64
28590,10
28591,219
28592,38
28593,17
28594,137
28595,4
28596,1
28597,2
28598,13
28599,44
28600,269
28601,2
28602,5
28603,4891
28604,2
28605,4
28606,1790
28607,1
28609,346
28610,399
28611,9
28612,224
28613,3
28614,7
28615,178
28616,1
28618,594
28619,2
28620,3
28621,619
28622,23
28623,16
28624,280
28625,98
28626,51
28627,102
28628,1099
28629,251
28630,170
28631,230
28632,583
28633,60
28634,124
28635,14
28636,155
28637,226
28638,328
28639,287
28640,10
28641,20
28642,154
28643,125
28644,122
28645,68
28646,196
28647,294
28648,131
28649,56
28650,91
28651,2162
28652,46
28653,166
28654,133
28655,872
28656,89
28657,4544
28658,230
28659,90
28660,174
28661,198
28662,191
28663,126
28664,211
28665,149
28666,141
28667,1
28668,5
28669,2
28670,2
28671,48
28672,140
28673,178
28674,1773
28675,360
28676,74
28677,3824
28678,209
28679,148
28680,170
28681,1258
28682,260
28683,183
28684,250
28685,340
28686,6
28687,461
28688,138
28689,54
28690,1308
28691,115
28692,177
28693,1014
28694,75
28695,1662
28696,136
28697,1759
28698,525
28699,336
28700,2
28701,2
28702,102
28703,2055
28704,305
28705,827
28706,1716
28707,83
28708,2287
28709,28
28710,1
28711,163
28712,279
28713,144
28714,278
28715,95
28716,167
28717,757
28718,1
28719,6
28720,1164
28721,26
28722,84
28723,464
28724,1808
28725,1802
28726,156
28727,1514
28728,1166
28729,189
28730,7
28731,9
28732,996
28733,72
28734,101
28735,195
28736,305
28737,875
28738,155
28739,802
28740,124
28741,352
28742,96
28743,272
28744,2339
28745,175
28746,14
28747,628
28748,1162
28749,17
28750,71
28751,29
28752,73
28753,63
28754,1330
28755,23
28756,175
28757,354
28758,367
28759,378
28760,209
28761,232
28762,241
28763,146
28764,342
28765,164
28766,71
28767,651
28768,358
28769,106
28770,1140
28771,218
28772,206
28773,44
28774,530
28775,1888
28776,452
28777,171
28778,6
28779,125
28780,123
28781,148
28782,21
28783,188
28784,84
28785,31
28786,145
28787,16
28788,7
28789,838
28790,216
28791,1481
28792,1334
28793,7
28794,2
28795,344
28796,9
28798,720
28799,14
28800,26
28801,290
28802,62
28803,130
28804,186
28805,335
28806,713
28807,816
28808,803
28809,417
28810,375
28811,103
28812,757
28813,251
28814,83
28815,186
28816,246
28817,1234
28818,127
28819,331
28820,165
28821,73
28822,222
28823,58
28824,37
28825,215
28826,761
28827,314
28828,164
28829,123
28830,75
28831,393
28832,236
28833,310
28834,271
28835,72
28836,70
28837,105
28838,151
28839,267
28840,71
28841,118
28842,163
28843,131
28844,171
28845,433
28846,791
28847,170
28848,74
28849,2816
28850,145
28851,1789
28852,90
28853,258
28854,1346
28855,272
28856,153
28857,1625
28858,175
28859,102
28860,333
28861,217
28862,170
28863,354
28864,121
28865,31
28866,429
28867,344
28868,1360
28869,755
28870,340
28871,565
28872,701
28873,221
28874,220
28875,299
28876,211
28877,1189
28878,1212
28879,227
28880,520
28881,5680
28882,1904
28883,1571
28884,1303
28885,211
28886,94
28887,1891
28888,306
28889,147
28890,613
28891,314
28892,382
28893,358
28894,190
28895,1184
28896,1226
28897,151
28898,61
28899,961
28900,146
28901,221
28902,344
28903,841
28904,1139
28905,1083
28906,232
28907,574
28908,611
28909,598
28910,174
28911,212
28912,253
28913,385
28914,253
28915,649
28916,5240
28917,368
28918,115
28919,117
28920,66
28921,388
28922,859
28923,139
28924,261
28925,573
28926,192
28927,202
28928,915
28929,4
28930,175
28931,316
28932,335
28933,164
28934,163
28935,26
28936,428
28937,251
28938,10
28939,298
28940,244
28941,3
28942,317
28943,217
28944,6
28945,165
28946,51
28947,30
28948,1427
28949,20
28950,149
28951,238
28952,157
28953,7
28954,212
28955,59
28956,52
28957,1737
28958,179
28959,113
28960,1366
28961,1298
28962,4
28963,194
28964,78
28965,44
28966,271
28967,235
28968,244
28969,497
28970,5
28971,49
28972,99
28973,172
28974,130
28975,1203
28976,111
28977,950
28978,217
28979,432
28980,845
28981,183
28982,18
28983,262
28984,175
28986,552
28987,183
28988,57
28989,149
28990,342
28991,100
28992,179
28993,212
28994,174
28995,164
28996,143
28997,46
28998,261
28999,306
29000,1939
29001,297
29002,414
29003,87
29004,218
29005,144
29006,68
29007,402
29008,193
29009,187
29010,55
29011,326
29012,69
29013,666
29014,154
29015,14
29016,133
29017,536
29018,16
29019,58
29020,234
29021,130
29022,345
29023,175
29024,482
29025,1271
29026,294
29027,746
29028,484
29029,230
29030,55
29031,174
29032,579
29033,384
29034,313
29035,195
29036,44
29038,174
29040,152
29041,521
29042,5
29043,110
29044,370
29045,122
29046,211
29047,199
29048,121
29049,79
29050,1097
29051,10
29052,256
29053,157
29054,4
29055,13
29056,132
29057,15
29059,102
29060,65
29061,194
29062,167
29063,74
29064,15
29065,267
29066,60
29067,1022
29068,159
29069,8
29070,77
29071,89
29072,335
29073,407
29074,183
29075,60
29076,30
29077,2313
29078,42
29079,78
29080,170
29081,1537
29082,5
29083,140
29084,65
29085,1991
29086,425
29087,18
29088,166
29089,165
29090,854
29091,34
29092,208
29093,11
29094,12
29095,5634
29096,78
29097,27
29098,329
29099,67
29100,211
29101,120
29102,7
29103,8
29104,123
29105,5
29106,7
29107,131
29108,786
29109,1082
29110,426
29111,48
29112,107
29113,123
29114,187
29115,228
29116,144
29117,44
29118,581
29119,1469
29120,53
29121,129
29122,167
29123,9
29124,15
29125,157
29126,11
29127,17
29128,186
29129,22
29130,24
29131,121
29132,33
29133,9
29134,836
29135,206
29136,3
29137,538
29138,51
29139,164
29140,1803
29141,94
29142,90
29143,95
29144,2126
29145,5
29146,92
29147,147
29148,269
29149,1409
29150,22
29151,118
29152,56
29153,168
29154,123
29155,140
29157,2
29158,91
29159,40
29160,1188
29161,126
29162,714
29163,179
29164,233
29165,112
29166,18
29167,2086
29168,10
29169,102
29170,72
29171,2500
29172,222
29173,480
29174,1
29175,3
29176,4
29177,292
29178,8
29179,2215
29180,6
29181,131
29182,72
29183,132
29185,225
29186,61
29187,15
29188,187
29189,18
29190,132
29191,134
29192,287
29193,26
29194,379
29195,675
29196,17
29197,593
29198,11
29199,142
29200,2949
29201,204
29202,337
29203,687
29204,412
29205,174
29206,307
29207,9
29208,6
29209,301
29210,289
29211,9
29212,1118
29213,1
29215,253
29216,2
29217,6
29218,2247
29220,11
29221,223
29222,167
29223,155
29224,396
29225,28
29226,2
29227,1848
29228,64
29229,491
29230,406
29231,205
29232,8
29233,190
29234,288
29235,267
29236,233
29237,293
29238,141
29239,616
29240,67
29241,55
29242,116
29243,220
29244,157
29245,334
29246,76
29247,1228
29248,111
29249,1130
29250,1350
29251,207
29252,83
29253,3415
29254,2737
29255,92
29256,121
29257,198
29258,67
29259,207
29260,1979
29261,27
29262,331
29263,46
29264,82
29265,3
29266,970
29267,55
29268,245
29269,605
29270,26
29271,13
29272,2870
29273,147
29274,2150
29275,123
29276,4
29277,4
29278,48
29279,219
29280,468
29281,633
29282,295
29283,35
29284,2370
29285,4
29286,40
29287,103
29288,138
29289,5
29290,354
29291,304
29292,71
29293,146
29294,211
29295,67
29296,2726
29297,17
29298,81
29299,137
29300,815
29301,494
29302,314
29303,331
29304,348
29305,129
29306,49
29307,136
29308,109
29309,24
29310,14
29311,2579
29312,9
29313,55
29314,97
29315,1423
29316,132
29317,461
29318,31
29319,105
29320,108
29321,386
29322,40
29323,154
29324,217
29325,62
29326,47
29327,41
29328,10
29329,257
29330,166
29332,844
29333,77
29334,150
29335,212
29336,20
29337,58
29338,133
29339,2
29341,164
29342,157
29343,14
29344,112
29345,96
29346,4
29347,680
29348,1422
29349,176
29350,218
29351,114
29352,11
29353,2351
29354,30
29355,112
29356,106
29357,112
29358,3400
29359,195
29360,233
29361,125
29362,2398
29363,675
29364,923
29365,142
29366,1734
29367,2133
29368,258
29369,212
29370,2383
29371,212
29372,95
29373,139
29374,725
29375,379
29376,434
29377,401
29378,43
29379,256
29380,209
29381,87
29382,183
29383,698
29384,258
29385,36
29386,1001
29387,20
29388,58
29389,198
29390,72
29391,200
29392,1814
29393,85
29394,116
29395,706
29396,67
29397,139
29398,311
29399,377
29400,251
29401,136
29402,8131
29403,347
29404,324
29405,555
29406,220
29407,210
29408,158
29409,2820
29410,359
29411,67
29412,257
29413,206
29414,447
29415,208
29416,439
29417,146
29418,232
29419,94
29420,1804
29421,2152
29422,2011
29423,12
29424,168
29426,130
29427,851
29428,131
29429,67
29430,77
29431,397
29432,38
29433,463
29434,430
29435,40
29436,101
29437,89
29438,37
29439,157
29440,1241
29441,169
29442,140
29443,163
29444,112
29445,1136
29446,150
29447,431
29448,25
29449,2206
29450,33
29451,533
29452,127
29453,55
29454,6
29455,101
29456,116
29457,19
29458,150
29459,155
29460,30
29461,262
29462,243
29463,178
29464,276
29465,590
29466,1894
29467,252
29468,1218
29469,117
29470,258
29471,100
29472,17
29473,257
29474,814
29475,68
29476,146
29477,1121
29478,221
29479,266
29480,4
29482,504
29483,42
29484,6
29485,466
29486,26
29487,90
29488,118
29489,25
29490,54
29491,89
29492,109
29493,2
29494,141
29495,6
29496,49
29497,117
29498,73
29499,373
29500,217
29501,72
29502,73
29503,468
29504,41
29505,1
29506,125
29507,117
29508,625
29509,2268
29510,1718
29511,1322
29512,248
29513,756
29514,250
29515,324
29516,186
29517,133
29518,1486
29519,101
29520,1450
29521,293
29522,82
29523,1153
29524,502
29525,204
29526,306
29527,1088
29528,424
29529,45
29530,1145
29532,52
29533,75
29534,117
29535,665
29536,197
29537,278
29538,236
29539,141
29540,428
29541,2942
29542,251
29543,3568
29544,84
29545,2429
29546,1798
29547,137
29548,350
29549,125
29550,332
29551,177
29552,280
29554,1114
29555,3202
29556,158
29557,530
29558,252
29559,188
29560,363
29561,14
29562,128
29563,122
29564,43
29565,202
29566,127
29567,820
29568,231
29569,34
29570,102
29571,89
29572,395
29573,327
29574,44
29575,126
29576,88
29577,101
29578,416
29579,409
29580,1315
29581,170
29582,144
29583,106
29584,93
29585,1886
29586,801
29587,622
29588,97
29589,79
29590,62
29591,59
29592,305
29593,391
29595,159
29596,318
29597,138
29598,159
29599,69
29600,274
29601,11
29602,68
29603,19
29604,159
29605,7
29606,108
29607,34
29608,94
29609,44
29610,24
29611,48
29612,50
29613,53
29614,5941
29615,122
29616,511
29617,133
29618,98
29619,132
29620,350
29621,214
29622,262
29623,273
29624,245
29625,2009
29626,114
29627,2652
29628,1044
29629,51
29630,109
29631,47
29632,1520
29633,164
29634,67
29635,1217
29636,126
29637,166
29638,61
29639,368
29640,1970
29641,71
29642,2600
29643,154
29644,104
29645,1396
29646,62
29647,125
29648,999
29649,208
29650,106
29651,147
29652,26
29653,112
29654,236
29655,57
29656,113
29657,123
29658,49
29659,1191
29660,131
29661,159
29662,73
29663,132
29664,129
29665,250
29666,2332
29667,170
29668,849
29669,129
29670,811
29671,134
29672,118
29673,64
29674,337
29675,913
29676,138
29677,123
29678,213
29679,1347
29680,142
29681,159
29682,130
29683,92
29684,207
29685,505
29686,2416
29687,185
29688,1615
29689,77
29690,1470
29691,112
29692,1234
29693,114
29694,593
29695,71
29696,408
29697,132
29698,152
29699,88
29700,7373
29701,533
29702,906
29703,499
29704,53
29705,713
29706,2704
29707,123
29708,2585
29709,147
29710,301
29711,1688
29712,245
29713,87
29714,139
29715,851
29716,236
29717,1099
29718,412
29719,900
29720,146
29721,1131
29722,854
29723,293
29724,1031
29725,411
29726,364
29727,292
29728,483
29729,473
29730,1069
29731,351
29732,751
29733,3356
29734,1860
29735,374
29736,1674
29737,1219
29738,2242
29739,728
29740,193
29741,671
29742,8611
29743,1289
29744,1129
29745,808
29746,122
29747,1166
29748,139
29749,114
29750,2819
29751,1999
29752,231
29753,282
29754,1005
29755,1425
29756,149
29757,385
29758,74
29759,476
29760,292
29761,183
29762,847
29763,312
29764,774
29765,265
29766,318
29767,175
29768,167
29769,2053
29770,326
29771,305
29772,299
29773,890
29774,2658
29775,234
29776,206
29777,917
29778,476
29779,2053
29780,198
29781,2178
29782,358
29784,748
29785,191
29786,255
29787,77
29788,67
29789,155
29790,170
29791,310
29792,175
29793,215
29794,148
29795,112
29796,32
29797,212
29798,273
29799,220
29800,274
29801,293
29802,304
29803,255
