before_codon,after_codon,is_synonymous,optimal_to_optimal,non_optimal_to_optimal,optimal_to_non_optimal,is_transition,transition_human_RSCU_diff,transition_SCV2_RSCU_diff,CpG_diff,UpA_diff,human_RSCU_before,human_RSCU_diff,SCV2_RSCU_before,SCV2_RSCU_diff,human_freq_before,human_freq_diff,SCV2_freq_before,SCV2_freq_diff,human_CAI_before,human_CAI_diff,SCV2_CAI_before,SCV2_CAI_diff,host_distance_log_ratio_before,host_distance_log_ratio_diff,host_distance_RSCU_ratio_before,host_distance_RSCU_ratio_diff
AAA,TAA,0,0,0,0,0,-0.0,-0.0,0,1,0.868098702,-0.803702275,1.47,-0.1399999999999999,24.4,-23.4,30.4,3.9100000000000037,0.7648902821316614,-0.13989028213166144,1.0,0.0,0.21985947611301987,-3.3155773807573388,0.5267122595955822,-2.501163811415517
AAA,GAA,0,0,0,0,1,-0.023193376000000043,-0.09000000000000008,0,0,0.868098702,-0.023193376000000043,1.47,-0.09000000000000008,24.4,4.600000000000001,30.4,-11.739999999999998,0.7648902821316614,-0.03256704980842917,1.0,0.0,0.21985947611301987,-0.22105415845425636,0.5267122595955822,0.036098062287843236
AAA,CAA,0,0,0,0,0,-0.0,-0.0,0,0,0.868098702,-0.3380651840000001,1.47,-0.040000000000000036,24.4,-12.099999999999998,30.4,-7.02,0.7648902821316614,-0.4052411593246439,1.0,0.0,0.21985947611301987,-0.42242221755253057,0.5267122595955822,-0.4657772176024293
AAA,ATA,0,0,0,0,0,-0.0,-0.0,0,1,0.868098702,-0.36091415000000004,1.47,-0.6699999999999999,24.4,-16.9,30.4,-18.759999999999998,0.7648902821316614,-0.40431335905473836,1.0,-0.44226161954959275,0.21985947611301987,-0.21968494564800717,0.5267122595955822,0.07097547717358543
AAA,AGA,0,0,1,0,1,0.41984778599999995,1.51,0,0,0.868098702,0.41984778599999995,1.47,1.51,24.4,-12.2,30.4,-2.6099999999999994,0.7648902821316614,0.23510971786833856,1.0,0.0,0.21985947611301987,-0.6033808159021816,0.5267122595955822,-0.31216196068650326
AAA,ACA,0,0,0,0,0,0.0,0.0,0,0,0.868098702,0.26865221699999997,1.47,0.0,24.4,-9.299999999999999,30.4,-5.419999999999998,0.7648902821316614,0.034051516810137517,1.0,0.0,0.21985947611301987,-0.28352128476353305,0.5267122595955822,0.2696239809727221
AAA,AAT,0,0,0,0,0,0.0,-0.0,0,0,0.868098702,0.072635279,1.47,-0.3699999999999999,24.4,-7.399999999999999,30.4,-4.309999999999999,0.7648902821316614,0.1251620738892809,1.0,0.0,0.21985947611301987,-0.2084792789794011,0.5267122595955822,0.3703072022344218
AAA,AAG,1,0,1,0,1,0.263802596,-0.94,0,0,0.868098702,0.263802596,1.47,-0.94,24.4,7.5,30.4,-19.36,0.7648902821316614,0.23510971786833856,1.0,-0.6368421052631579,0.21985947611301987,-0.8412214928288297,0.5267122595955822,-0.23206479624037923
AAA,AAC,0,0,1,0,0,0.0,-0.0,0,0,0.868098702,0.191167317,1.47,-0.57,24.4,-5.299999999999997,30.4,-9.129999999999999,0.7648902821316614,0.23510971786833856,1.0,-0.18474511307014185,0.21985947611301987,0.11225018195345823,0.5267122595955822,0.36377551056321367
AAT,TAT,0,0,0,0,0,-0.0,0.0,0,1,0.940733981,-0.05405776200000001,1.1,0.0,17.0,-4.800000000000001,26.09,1.8000000000000007,0.8900523560209423,-0.09266673510590973,1.0,0.0,0.428338755092421,-0.3984934948077657,0.15640505736116037,-0.05918051506742758
AAT,GAT,0,0,0,0,1,-0.011649143000000084,0.04999999999999982,0,0,0.940733981,-0.011649143000000084,1.1,0.04999999999999982,17.0,4.800000000000001,26.09,-9.329999999999998,0.8900523560209423,-0.021526459606599713,1.0,0.0,0.428338755092421,0.16542388035131478,0.15640505736116037,-0.05691210750043013
AAT,CAT,0,0,0,0,0,-0.0,-0.0,0,0,0.940733981,-0.10370355500000006,1.1,-0.06000000000000005,17.0,-6.1,26.09,-8.829999999999998,0.8900523560209423,-0.16819805138518074,1.0,0.0,0.428338755092421,-0.03129014132776298,0.15640505736116037,-0.060710513690993284
AAT,ATT,0,0,0,0,0,0.0,0.0,0,0,0.940733981,0.14248259799999985,1.1,0.32999999999999985,17.0,-1.0,26.09,-5.219999999999999,0.8900523560209423,-0.12082158679017319,1.0,0.0,0.428338755092421,0.1626147562430928,0.15640505736116037,-0.1213344582758403
AAT,AGT,0,0,0,0,1,-0.04312304300000003,0.3599999999999999,0,0,0.940733981,-0.04312304300000003,1.1,0.3599999999999999,17.0,-4.9,26.09,-6.32,0.8900523560209423,-0.2695395355081218,1.0,0.0,0.428338755092421,-0.06262142948740912,0.15640505736116037,-0.33004993681815953
AAT,ACT,0,0,0,0,0,0.0,0.0,0,0,0.940733981,0.046341394999999896,1.1,0.19999999999999996,17.0,-3.9000000000000004,26.09,-4.02,0.8900523560209423,-0.1969306628992492,1.0,-0.11649319455564455,0.428338755092421,-0.09326823496911824,0.15640505736116037,-0.11896808077660795
AAT,AAA,0,0,0,0,0,-0.0,0.0,0,0,0.940733981,-0.072635279,1.1,0.3699999999999999,17.0,7.399999999999999,26.09,4.309999999999999,0.8900523560209423,-0.1251620738892809,1.0,0.0,0.428338755092421,0.2084792789794011,0.15640505736116037,-0.3703072022344218
AAT,AAG,0,0,1,0,0,0.0,-0.0,0,0,0.940733981,0.191167317,1.1,-0.5700000000000001,17.0,14.899999999999999,26.09,-15.05,0.8900523560209423,0.10994764397905765,1.0,-0.6368421052631579,0.428338755092421,-0.6327422138494287,0.15640505736116037,-0.602371998474801
AAT,AAC,1,0,1,0,1,0.118532038,-0.20000000000000007,0,0,0.940733981,0.118532038,1.1,-0.20000000000000007,17.0,2.1000000000000014,26.09,-4.82,0.8900523560209423,0.10994764397905765,1.0,-0.18474511307014185,0.428338755092421,0.32072946093285937,0.15640505736116037,-0.0065316916712081785
AAG,TAG,0,0,0,1,0,-0.0,-0.0,0,1,1.131901298,-1.08057438,0.53,-0.030000000000000027,31.9,-31.099999999999998,11.04,1.8000000000000007,1.0,-0.5,0.36315789473684207,0.011077022196996411,1.0610809689418497,-1.7146278806341748,0.7587770558359614,-1.5176157106765893
AAG,GAG,0,1,0,0,1,0.023193376000000043,0.08999999999999997,0,0,1.131901298,0.023193376000000043,0.53,0.08999999999999997,31.9,7.700000000000003,11.04,-2.6099999999999994,1.0,0.0,0.36315789473684207,0.08861059400913862,1.0610809689418497,-0.4859513773048212,0.7587770558359614,0.13655894544729685
AAG,CAG,0,1,0,0,0,0.0,0.0,0,0,1.131901298,0.33806518399999996,0.53,0.039999999999999925,31.9,2.3000000000000043,11.04,-1.8099999999999987,1.0,0.0,0.36315789473684207,0.03162397010490303,1.0610809689418497,-0.24868562661194904,0.7587770558359614,-0.1885814614877256
AAG,ATG,0,1,0,0,0,-0.0,0.0,0,0,1.131901298,-0.13190129800000006,0.53,0.47,31.9,-9.899999999999999,11.04,0.7000000000000011,1.0,0.0,0.36315789473684207,0.6368421052631579,1.0610809689418497,0.4330403299834843,0.7587770558359614,0.7587770558359614
AAG,AGG,0,0,0,1,1,0.134646327,0.79,0,0,1.131901298,0.134646327,0.53,0.79,31.9,-19.9,11.04,1.3000000000000007,1.0,-0.016393442622950727,0.36315789473684207,0.08088672563019644,1.0610809689418497,1.0331416002526081,0.7587770558359614,0.7174401126223329
AAG,ACG,0,0,0,1,0,-0.0,-0.0,1,0,1.131901298,-0.6766537560000001,0.53,-0.18000000000000005,31.9,-25.799999999999997,11.04,-5.02,1.0,-0.6772486772486772,0.36315789473684207,-0.12216510050145377,1.0610809689418497,1.0478794570833136,0.7587770558359614,0.495868890957471
AAG,AAA,1,0,0,1,1,-0.263802596,0.94,0,0,1.131901298,-0.263802596,0.53,0.94,31.9,-7.5,11.04,19.36,1.0,-0.23510971786833856,0.36315789473684207,0.6368421052631579,1.0610809689418497,0.8412214928288297,0.7587770558359614,0.23206479624037923
AAG,AAT,0,0,0,1,0,-0.0,0.0,0,0,1.131901298,-0.191167317,0.53,0.5700000000000001,31.9,-14.899999999999999,11.04,15.05,1.0,-0.10994764397905765,0.36315789473684207,0.6368421052631579,1.0610809689418497,0.6327422138494287,0.7587770558359614,0.602371998474801
AAG,AAC,0,1,0,0,0,-0.0,0.0,0,0,1.131901298,-0.072635279,0.53,0.37,31.9,-12.799999999999997,11.04,10.23,1.0,0.0,0.36315789473684207,0.4520969921930161,1.0610809689418497,0.953471674782288,0.7587770558359614,0.5958403068035929
AAC,TAC,0,1,0,0,0,0.0,0.0,0,1,1.059266019,0.05405776200000001,0.9,0.0,19.1,-3.8000000000000007,21.27,1.5100000000000016,1.0,0.0,0.8152548869298581,0.0015253210299841502,0.10760929415956164,-0.29042083546108466,0.16293674903236854,-0.0497737049690295
AAC,GAC,0,1,0,0,1,0.011649142999999862,-0.050000000000000044,0,0,1.059266019,0.011649142999999862,0.9,-0.050000000000000044,19.1,6.0,21.27,-8.93,1.0,0.0,0.8152548869298581,-0.07897803728785346,0.10760929415956164,-0.6024125335009349,0.16293674903236854,-0.06809575497457698
AAC,CAC,0,1,0,0,0,0.0,0.0,0,0,1.059266019,0.10370355499999984,0.9,0.05999999999999994,19.1,-4.000000000000002,21.27,-5.219999999999999,1.0,0.0,0.8152548869298581,0.11464082570050105,0.10760929415956164,0.04659518840441542,0.16293674903236854,-0.028861957031289104
AAC,ATC,0,1,0,0,0,0.0,-0.0,0,0,1.059266019,0.35033285000000003,0.9,-0.13,19.1,1.6999999999999993,21.27,-10.03,1.0,0.0,0.8152548869298581,-0.27668277384888074,0.10760929415956164,-0.5078648480821657,0.16293674903236854,-0.44173318894621694
AAC,AGC,0,1,0,0,1,0.380361642,0.14,0,0,1.059266019,0.380361642,0.9,0.14,19.1,0.3999999999999986,21.27,-7.119999999999999,1.0,0.0,0.8152548869298581,-0.09952398151761732,0.10760929415956164,-0.21309054732089286,0.16293674903236854,-0.16222704921759656
AAC,ACC,0,1,0,0,0,0.0,-0.0,0,0,1.059266019,0.361660144,0.9,-0.020000000000000018,19.1,-0.20000000000000284,21.27,-6.219999999999999,1.0,0.0,0.8152548869298581,-0.21277290134138738,0.10760929415956164,-0.1201746367111502,0.16293674903236854,-0.3162055089475823
AAC,AAA,0,0,0,1,0,-0.0,0.0,0,0,1.059266019,-0.191167317,0.9,0.57,19.1,5.299999999999997,21.27,9.129999999999999,1.0,-0.23510971786833856,0.8152548869298581,0.18474511307014185,0.10760929415956164,-0.11225018195345823,0.16293674903236854,-0.36377551056321367
AAC,AAT,1,0,0,1,1,-0.118532038,0.20000000000000007,0,0,1.059266019,-0.118532038,0.9,0.20000000000000007,19.1,-2.1000000000000014,21.27,4.82,1.0,-0.10994764397905765,0.8152548869298581,0.18474511307014185,0.10760929415956164,-0.32072946093285937,0.16293674903236854,0.0065316916712081785
AAC,AAG,0,1,0,0,0,0.0,-0.0,0,0,1.059266019,0.072635279,0.9,-0.37,19.1,12.799999999999997,21.27,-10.23,1.0,0.0,0.8152548869298581,-0.4520969921930161,0.10760929415956164,-0.953471674782288,0.16293674903236854,-0.5958403068035929
ATA,TTA,0,0,0,0,0,-0.0,0.0,0,0,0.507184552,-0.04777867800000002,0.8,0.77,7.5,0.20000000000000018,11.64,11.64,0.3605769230769231,-0.16613247863247863,0.5577383804504072,0.44226161954959275,0.43954442176102704,-0.666829872242572,0.4557367824219968,-0.7731600395041768
ATA,GTA,0,0,0,0,1,-0.04087490999999999,0.07999999999999996,0,0,0.507184552,-0.04087490999999999,0.8,0.07999999999999996,7.5,-0.40000000000000036,11.64,0.5,0.3605769230769231,-0.10790788393101564,0.5577383804504072,-0.038491160604384955,0.43954442176102704,-0.09686657982305558,0.4557367824219968,-0.179335243774444
ATA,CTA,0,0,0,0,0,-0.0,-0.0,0,0,0.507184552,-0.078903518,0.8,-0.06000000000000005,7.5,-0.2999999999999998,11.64,-0.6000000000000014,0.3605769230769231,-0.17875874125874125,0.5577383804504072,-0.08351157632669598,0.43954442176102704,0.012100406934087482,0.4557367824219968,-0.09113380218066736
ATA,AAA,0,0,0,0,0,0.0,0.0,0,-1,0.507184552,0.36091415000000004,0.8,0.6699999999999999,7.5,16.9,11.64,18.759999999999998,0.3605769230769231,0.40431335905473836,0.5577383804504072,0.44226161954959275,0.43954442176102704,0.21968494564800717,0.4557367824219968,-0.07097547717358543
ATA,AGA,0,0,1,0,0,0.0,0.0,0,-1,0.507184552,0.780761936,0.8,2.1799999999999997,7.5,4.699999999999999,11.64,16.15,0.3605769230769231,0.6394230769230769,0.5577383804504072,0.44226161954959275,0.43954442176102704,-0.3836958702541745,0.4557367824219968,-0.3831374378600887
ATA,ACA,0,0,0,0,1,0.629566367,0.6699999999999999,0,-1,0.507184552,0.629566367,0.8,0.6699999999999999,7.5,7.6,11.64,13.34,0.3605769230769231,0.4383648758648759,0.5577383804504072,0.44226161954959275,0.43954442176102704,-0.06383633911552589,0.4557367824219968,0.19864850379913668
ATA,ATT,1,0,0,0,0,0.0,0.0,0,-1,0.507184552,0.5760320269999999,0.8,0.6299999999999999,7.5,8.5,11.64,9.23,0.3605769230769231,0.4086538461538461,0.5577383804504072,0.44226161954959275,0.43954442176102704,0.17382042291169886,0.4557367824219968,0.1779972667849961
ATA,ATG,0,0,1,0,1,0.492815448,0.19999999999999996,0,-1,0.507184552,0.492815448,0.8,0.19999999999999996,7.5,14.5,11.64,0.09999999999999964,0.3605769230769231,0.6394230769230769,0.5577383804504072,0.44226161954959275,0.43954442176102704,-0.18849621719733833,0.4557367824219968,0.4557367824219968
ATA,ATC,1,0,1,0,0,0.0,-0.0,0,-1,0.507184552,0.9024143170000001,0.8,-0.030000000000000027,7.5,13.3,11.64,-0.40000000000000036,0.3605769230769231,0.6394230769230769,0.5577383804504072,-0.019166267369429835,0.43954442176102704,-0.17592972048070032,0.4557367824219968,-0.1489331555565887
ATT,TTT,0,0,0,0,0,-0.0,-0.0,0,0,1.083216579,-0.15494803899999987,1.43,-0.1399999999999999,16.0,1.6000000000000014,20.87,17.56,0.7692307692307692,0.0977643046608565,1.0,0.0,0.2657239988493282,-0.5152155036833181,0.27773951563700067,-0.05133691579338645
ATT,GTT,0,0,0,0,1,-0.35613613199999994,0.27,0,0,1.083216579,-0.35613613199999994,1.43,0.27,16.0,-5.0,20.87,2.509999999999998,0.7692307692307692,-0.3777716944976731,1.0,0.0,0.2657239988493282,-0.48826168439622364,0.27773951563700067,-0.5716068868746791
ATT,CTT,0,0,0,0,0,-0.0,-0.0,0,0,1.083216579,-0.29292110699999985,1.43,-0.020000000000000018,16.0,-2.8000000000000007,20.87,0.0,0.7692307692307692,-0.43589743589743585,1.0,-0.10352233676975942,0.2657239988493282,-0.1923718926474562,0.27773951563700067,-0.3011985770105186
ATT,AAT,0,0,0,0,0,-0.0,-0.0,0,0,1.083216579,-0.14248259799999985,1.43,-0.32999999999999985,16.0,1.0,20.87,5.219999999999999,0.7692307692307692,0.12082158679017319,1.0,0.0,0.2657239988493282,-0.1626147562430928,0.27773951563700067,0.1213344582758403
ATT,AGT,0,0,0,0,0,-0.0,0.0,0,0,1.083216579,-0.18560564099999988,1.43,0.030000000000000027,16.0,-3.9000000000000004,20.87,-1.1000000000000014,0.7692307692307692,-0.14871794871794863,1.0,0.0,0.2657239988493282,-0.22523618573050191,0.27773951563700067,-0.2087154785423192
ATT,ACT,0,0,0,0,1,-0.09614120299999995,-0.1299999999999999,0,0,1.083216579,-0.09614120299999995,1.43,-0.1299999999999999,16.0,-2.9000000000000004,20.87,1.1999999999999993,0.7692307692307692,-0.07610907610907602,1.0,-0.11649319455564455,0.2657239988493282,-0.25588299121221103,0.27773951563700067,0.0023663774992323527
ATT,ATA,1,0,0,0,0,-0.0,-0.0,0,1,1.083216579,-0.5760320269999999,1.43,-0.6299999999999999,16.0,-8.5,20.87,-9.23,0.7692307692307692,-0.4086538461538461,1.0,-0.44226161954959275,0.2657239988493282,-0.17382042291169886,0.27773951563700067,-0.1779972667849961
ATT,ATG,0,0,1,0,0,-0.0,-0.0,0,0,1.083216579,-0.0832165789999999,1.43,-0.42999999999999994,16.0,6.0,20.87,-9.13,0.7692307692307692,0.23076923076923084,1.0,0.0,0.2657239988493282,-0.3623166401090372,0.27773951563700067,0.27773951563700067
ATT,ATC,1,0,1,0,1,0.3263822900000002,-0.6599999999999999,0,0,1.083216579,0.3263822900000002,1.43,-0.6599999999999999,16.0,4.800000000000001,20.87,-9.63,0.7692307692307692,0.23076923076923084,1.0,-0.4614278869190226,0.2657239988493282,-0.3497501433923992,0.27773951563700067,-0.3269304223415848
ATG,TTG,0,0,0,1,0,-0.0,0.0,0,0,1.0,-0.225652878,1.0,0.20999999999999996,22.0,-9.1,11.74,6.119999999999999,1.0,-0.6742424242424243,1.0,-0.23281786941580762,0.6280406389583654,0.3027043748776389,0.0,-0.4463553875011007
ATG,GTG,0,1,0,0,1,0.8533843919999999,-0.31999999999999995,0,0,1.0,0.8533843919999999,1.0,-0.31999999999999995,22.0,6.100000000000001,11.74,-2.41,1.0,0.0,1.0,-0.6009409751924721,0.6280406389583654,-0.4744939225220822,0.0,-1.0026758496671693
ATG,CTG,0,1,0,0,0,0.0,-0.0,0,0,1.0,1.374209542,1.0,-0.45999999999999996,22.0,17.6,11.74,-3.710000000000001,1.0,0.0,1.0,-0.6550687285223369,0.6280406389583654,-0.9676039513433993,0.0,-1.480850697091029
ATG,AAG,0,1,0,0,0,0.0,-0.0,0,0,1.0,0.13190129800000006,1.0,-0.47,22.0,9.899999999999999,11.74,-0.7000000000000011,1.0,0.0,1.0,-0.6368421052631579,0.6280406389583654,-0.4330403299834843,0.0,-0.7587770558359614
ATG,AGG,0,0,0,1,0,0.0,0.0,0,0,1.0,0.26654762500000007,1.0,0.32000000000000006,22.0,-10.0,11.74,0.5999999999999996,1.0,-0.016393442622950727,1.0,-0.5559553796329615,0.6280406389583654,0.600101270269124,0.0,-0.04133694321362853
ATG,ACG,0,0,0,1,1,-0.544752458,-0.65,1,0,1.0,-0.544752458,1.0,-0.65,22.0,-15.9,11.74,-5.720000000000001,1.0,-0.6772486772486772,1.0,-0.7590072057646117,0.6280406389583654,0.6148391270998295,0.0,-0.26290816487849045
ATG,ATA,0,0,0,1,1,-0.492815448,-0.19999999999999996,0,1,1.0,-0.492815448,1.0,-0.19999999999999996,22.0,-14.5,11.74,-0.09999999999999964,1.0,-0.6394230769230769,1.0,-0.44226161954959275,0.6280406389583654,0.18849621719733833,0.0,-0.4557367824219968
ATG,ATT,0,0,0,1,0,0.0,0.0,0,0,1.0,0.0832165789999999,1.0,0.42999999999999994,22.0,-6.0,11.74,9.13,1.0,-0.23076923076923084,1.0,0.0,0.6280406389583654,0.3623166401090372,0.0,-0.27773951563700067
ATG,ATC,0,1,0,0,0,0.0,-0.0,0,0,1.0,0.4095988690000001,1.0,-0.22999999999999998,22.0,-1.1999999999999993,11.74,-0.5,1.0,0.0,1.0,-0.4614278869190226,0.6280406389583654,0.01256649671663801,0.0,-0.6046699379785855
ATC,TTC,0,1,0,0,0,-0.0,-0.0,0,0,1.409598869,-0.337867409,0.77,-0.06000000000000005,20.8,-0.5,11.24,9.83,1.0,0.0,0.5385721130809774,0.009697467975488872,0.6154741422417274,0.5782448004733713,0.6046699379785855,0.19290410149584308
ATC,GTC,0,0,0,1,1,-0.4563733510000001,-0.030000000000000027,0,0,1.409598869,-0.4563733510000001,0.77,-0.030000000000000027,20.8,-6.300000000000001,11.24,-1.1099999999999994,1.0,-0.48398576512455516,0.5385721130809774,-0.10529580854718779,0.6154741422417274,0.2568268110757907,0.6046699379785855,0.35146860843350164
ATC,CTC,0,0,0,1,0,-0.0,-0.0,0,0,1.409598869,-0.23613791400000017,0.77,-0.24,20.8,-1.1999999999999993,11.24,-3.41,1.0,-0.505050505050505,0.5385721130809774,-0.20223190689541043,0.6154741422417274,-0.30209291399203253,0.6046699379785855,-0.1901657979503284
ATC,AAC,0,1,0,0,0,-0.0,0.0,0,0,1.409598869,-0.35033285000000003,0.77,0.13,20.8,-1.6999999999999993,11.24,10.03,1.0,0.0,0.5385721130809774,0.27668277384888074,0.6154741422417274,0.5078648480821657,0.6046699379785855,0.44173318894621694
ATC,AGC,0,1,0,0,0,0.0,0.0,0,0,1.409598869,0.03002879199999997,0.77,0.27,20.8,-1.3000000000000007,11.24,2.91,1.0,0.0,0.5385721130809774,0.17715879233126341,0.6154741422417274,0.29477430076127287,0.6046699379785855,0.2795061397286204
ATC,ACC,0,1,0,0,1,0.011327293999999988,0.10999999999999999,0,0,1.409598869,0.011327293999999988,0.77,0.10999999999999999,20.8,-1.9000000000000021,11.24,3.8100000000000005,1.0,0.0,0.5385721130809774,0.06390987250749336,0.6154741422417274,0.38769021137101556,0.6046699379785855,0.12552767999863462
ATC,ATA,1,0,0,1,0,-0.0,0.0,0,1,1.409598869,-0.9024143170000001,0.77,0.030000000000000027,20.8,-13.3,11.24,0.40000000000000036,1.0,-0.6394230769230769,0.5385721130809774,0.019166267369429835,0.6154741422417274,0.17592972048070032,0.6046699379785855,0.1489331555565887
ATC,ATT,1,0,0,1,1,-0.3263822900000002,0.6599999999999999,0,0,1.409598869,-0.3263822900000002,0.77,0.6599999999999999,20.8,-4.800000000000001,11.24,9.63,1.0,-0.23076923076923084,0.5385721130809774,0.4614278869190226,0.6154741422417274,0.3497501433923992,0.6046699379785855,0.3269304223415848
ATC,ATG,0,1,0,0,0,-0.0,0.0,0,0,1.409598869,-0.4095988690000001,0.77,0.22999999999999998,20.8,1.1999999999999993,11.24,0.5,1.0,0.0,0.5385721130809774,0.4614278869190226,0.6154741422417274,-0.01256649671663801,0.6046699379785855,0.6046699379785855
AGA,TGA,0,1,0,0,0,-0.0,-0.0,0,0,1.287946488,-1.186860802,2.98,-1.8,12.2,-10.6,27.79,2.710000000000001,1.0,0.0,1.0,-0.11104634217429332,0.8232402920152015,-2.1244827623524287,0.8388742202820855,-1.6184269637664541
AGA,GGA,0,0,0,1,1,-0.28825988199999997,-1.84,0,0,1.287946488,-0.28825988199999997,2.98,-1.84,12.2,4.300000000000001,27.79,-16.549999999999997,1.0,-0.2567567567567567,1.0,-0.24816053511705682,0.8232402920152015,0.4393587555742117,0.8388742202820855,0.7075325147575194
AGA,CGA,1,0,0,1,0,-0.0,-0.0,1,0,1.287946488,-0.635071588,2.98,-2.65,12.2,-5.999999999999999,27.79,-24.68,1.0,-0.4918032786885246,1.0,-0.888089240734077,0.8232402920152015,0.13331372615529835,0.8388742202820855,0.15658134115483735
AGA,AAA,0,0,0,1,1,-0.41984778599999995,-1.51,0,0,1.287946488,-0.41984778599999995,2.98,-1.51,12.2,12.2,27.79,2.6099999999999994,1.0,-0.23510971786833856,1.0,0.0,0.8232402920152015,0.6033808159021816,0.8388742202820855,0.31216196068650326
AGA,ATA,0,0,0,1,0,-0.0,-0.0,0,1,1.287946488,-0.780761936,2.98,-2.1799999999999997,12.2,-4.699999999999999,27.79,-16.15,1.0,-0.6394230769230769,1.0,-0.44226161954959275,0.8232402920152015,0.3836958702541745,0.8388742202820855,0.3831374378600887
AGA,ACA,0,0,0,1,0,-0.0,-0.0,0,0,1.287946488,-0.15119556899999997,2.98,-1.51,12.2,2.9000000000000004,27.79,-2.8099999999999987,1.0,-0.20105820105820105,1.0,0.0,0.8232402920152015,0.3198595311386486,0.8388742202820855,0.5817859416592254
AGA,AGT,0,0,0,1,0,-0.0,-0.0,0,0,1.287946488,-0.39033555,2.98,-1.52,12.2,-0.09999999999999964,27.79,-8.02,1.0,-0.37948717948717947,1.0,0.0,0.8232402920152015,0.33228010743537145,0.8388742202820855,0.3524192261027656
AGA,AGG,1,0,0,1,1,-0.021398862999999935,-1.66,0,0,1.287946488,-0.021398862999999935,2.98,-1.66,12.2,-0.1999999999999993,27.79,-15.45,1.0,-0.016393442622950727,1.0,-0.5559553796329615,0.8232402920152015,0.7953009233259601,0.8388742202820855,0.7975372770684569
AGA,AGC,0,1,0,0,0,0.0,-0.0,0,0,1.287946488,0.15168117300000006,2.98,-1.94,12.2,7.300000000000001,27.79,-13.639999999999999,1.0,0.0,1.0,-0.2842690945877592,0.8232402920152015,0.502540450534747,0.8388742202820855,0.5137104220321204
AGT,TGT,0,0,0,0,0,0.0,-0.0,0,0,0.897610938,0.014703723000000002,1.46,-0.30000000000000004,12.1,-1.5,19.77,17.05,0.6205128205128205,0.22075702075702075,1.0,0.0,0.4909601845798301,-0.7542269901070802,0.48645499417931987,0.24626466367279945
AGT,GGT,0,0,0,0,1,-0.245264885,0.050000000000000044,0,0,0.897610938,-0.245264885,1.46,0.050000000000000044,12.1,-1.299999999999999,19.77,-4.82,0.6205128205128205,-0.13402633402633402,1.0,0.0,0.4909601845798301,0.16579501887330877,0.48645499417931987,-0.35283475836924666
AGT,CGT,0,0,0,0,0,-0.0,-0.0,1,0,0.897610938,-0.41696577,1.46,-0.88,12.1,-7.6,19.77,-14.35,0.6205128205128205,-0.25166036149642707,1.0,-0.8049658150413818,0.4909601845798301,0.30494176590454936,0.48645499417931987,0.2985561920469907
AGT,AAT,0,0,0,0,1,0.04312304300000003,-0.3599999999999999,0,0,0.897610938,0.04312304300000003,1.46,-0.3599999999999999,12.1,4.9,19.77,6.32,0.6205128205128205,0.2695395355081218,1.0,0.0,0.4909601845798301,0.06262142948740912,0.48645499417931987,0.33004993681815953
AGT,ATT,0,0,0,0,0,0.0,-0.0,0,0,0.897610938,0.18560564099999988,1.46,-0.030000000000000027,12.1,3.9000000000000004,19.77,1.1000000000000014,0.6205128205128205,0.14871794871794863,1.0,0.0,0.4909601845798301,0.22523618573050191,0.48645499417931987,0.2087154785423192
AGT,ACT,0,0,0,0,0,0.0,-0.0,0,0,0.897610938,0.08946443799999992,1.46,-0.15999999999999992,12.1,1.0,19.77,2.3000000000000007,0.6205128205128205,0.07260887260887261,1.0,-0.11649319455564455,0.4909601845798301,-0.030646805481709116,0.48645499417931987,0.21108185604155155
AGT,AGA,0,0,1,0,0,0.0,0.0,0,0,0.897610938,0.39033555,1.46,1.52,12.1,0.09999999999999964,19.77,8.02,0.6205128205128205,0.37948717948717947,1.0,0.0,0.4909601845798301,-0.33228010743537145,0.48645499417931987,-0.3524192261027656
AGT,AGG,0,0,0,0,0,0.0,-0.0,0,0,0.897610938,0.36893668700000004,1.46,-0.1399999999999999,12.1,-0.09999999999999964,19.77,-7.43,0.6205128205128205,0.36309373686422874,1.0,-0.5559553796329615,0.4909601845798301,0.46302081589058863,0.48645499417931987,0.44511805096569135
AGT,AGC,1,0,1,0,1,0.542016723,-0.41999999999999993,0,0,0.897610938,0.542016723,1.46,-0.41999999999999993,12.1,7.4,19.77,-5.619999999999999,0.6205128205128205,0.37948717948717947,1.0,-0.2842690945877592,0.4909601845798301,0.1702603430993756,0.48645499417931987,0.16129119592935476
AGG,TGG,0,0,1,0,0,-0.0,-0.0,0,0,1.266547625,-0.26654762500000007,1.32,-0.32000000000000006,12.0,1.1999999999999993,12.34,14.05,0.9836065573770493,0.016393442622950727,0.4440446203670385,0.5559553796329615,0.027939368689241434,-0.6648289522336662,0.04133694321362853,0.04133694321362853
AGG,GGG,0,0,0,0,1,-0.267017716,-0.8200000000000001,0,0,1.266547625,-0.267017716,1.32,-0.8200000000000001,12.0,4.5,12.34,-7.42,0.9836065573770493,-0.24036331413380596,0.4440446203670385,-0.11494763040048334,0.027939368689241434,-1.1821124817130768,0.04133694321362853,-0.6513400358189027
AGG,CGG,1,0,0,0,0,-0.0,-0.0,1,0,1.266547625,-0.057221584999999964,1.32,-0.9700000000000001,12.0,-0.5999999999999996,12.34,-9.03,0.9836065573770493,-0.049180327868852514,0.4440446203670385,-0.3249370277078086,0.027939368689241434,-1.2087257973222367,0.04133694321362853,-1.1985483939806405
AGG,AAG,0,0,1,0,1,-0.134646327,-0.79,0,0,1.266547625,-0.134646327,1.32,-0.79,12.0,19.9,12.34,-1.3000000000000007,0.9836065573770493,0.016393442622950727,0.4440446203670385,-0.08088672563019644,0.027939368689241434,-1.0331416002526081,0.04133694321362853,-0.7174401126223329
AGG,ATG,0,0,1,0,0,-0.0,-0.0,0,0,1.266547625,-0.26654762500000007,1.32,-0.32000000000000006,12.0,10.0,12.34,-0.5999999999999996,0.9836065573770493,0.016393442622950727,0.4440446203670385,0.5559553796329615,0.027939368689241434,-0.600101270269124,0.04133694321362853,0.04133694321362853
AGG,ACG,0,0,0,0,0,-0.0,-0.0,1,0,1.266547625,-0.8113000830000001,1.32,-0.9700000000000001,12.0,-5.9,12.34,-6.32,0.9836065573770493,-0.6608552346257266,0.4440446203670385,-0.2030518261316502,0.027939368689241434,0.014737856830705479,0.04133694321362853,-0.22157122166486193
AGG,AGA,1,0,1,0,1,0.021398862999999935,1.66,0,0,1.266547625,0.021398862999999935,1.32,1.66,12.0,0.1999999999999993,12.34,15.45,0.9836065573770493,0.016393442622950727,0.4440446203670385,0.5559553796329615,0.027939368689241434,-0.7953009233259601,0.04133694321362853,-0.7975372770684569
AGG,AGT,0,0,0,0,0,-0.0,0.0,0,0,1.266547625,-0.36893668700000004,1.32,0.1399999999999999,12.0,0.09999999999999964,12.34,7.43,0.9836065573770493,-0.36309373686422874,0.4440446203670385,0.5559553796329615,0.027939368689241434,-0.46302081589058863,0.04133694321362853,-0.44511805096569135
AGG,AGC,0,0,1,0,0,0.0,-0.0,0,0,1.266547625,0.173080036,1.32,-0.28,12.0,7.5,12.34,1.8100000000000005,0.9836065573770493,0.016393442622950727,0.4440446203670385,0.2716862850452023,0.027939368689241434,-0.2927604727912131,0.04133694321362853,-0.2838268550363366
AGC,TGC,0,1,0,0,0,-0.0,-0.0,0,0,1.439627661,-0.351942322,1.04,-0.20000000000000007,19.5,-6.9,14.15,12.74,1.0,0.0,0.7157309054122408,0.014578708927791784,0.3206998414804545,-0.4373578148428865,0.3251637982499651,0.06675851497879304
AGC,GGC,0,1,0,0,1,-0.09119022899999996,-0.19000000000000006,0,0,1.439627661,-0.09119022899999996,1.04,-0.19000000000000006,19.5,2.6999999999999993,14.15,-5.720000000000001,1.0,0.0,0.7157309054122408,-0.15185130675003344,0.3206998414804545,-0.6475956753840152,0.3251637982499651,-0.13630159554878207
AGC,CGC,0,0,0,1,0,-0.0,-0.0,1,0,1.439627661,-0.33696788200000016,1.04,-0.6100000000000001,19.5,-9.1,14.15,-10.14,1.0,-0.14754098360655732,0.7157309054122408,-0.5714343958764365,0.3206998414804545,-0.6323147233483948,0.3251637982499651,-0.6165315141459597
AGC,AAC,0,1,0,0,1,-0.380361642,-0.14,0,0,1.439627661,-0.380361642,1.04,-0.14,19.5,-0.3999999999999986,14.15,7.119999999999999,1.0,0.0,0.7157309054122408,0.09952398151761732,0.3206998414804545,0.21309054732089286,0.3251637982499651,0.16222704921759656
AGC,ATC,0,1,0,0,0,-0.0,-0.0,0,0,1.439627661,-0.03002879199999997,1.04,-0.27,19.5,1.3000000000000007,14.15,-2.91,1.0,0.0,0.7157309054122408,-0.17715879233126341,0.3206998414804545,-0.29477430076127287,0.3251637982499651,-0.2795061397286204
AGC,ACC,0,1,0,0,0,-0.0,-0.0,0,0,1.439627661,-0.018701497999999983,1.04,-0.16000000000000003,19.5,-0.6000000000000014,14.15,0.9000000000000004,1.0,0.0,0.7157309054122408,-0.11324891982377006,0.3206998414804545,0.09291591060974266,0.3251637982499651,-0.15397845972998575
AGC,AGA,0,1,0,0,0,-0.0,0.0,0,0,1.439627661,-0.15168117300000006,1.04,1.94,19.5,-7.300000000000001,14.15,13.639999999999999,1.0,0.0,0.7157309054122408,0.2842690945877592,0.3206998414804545,-0.502540450534747,0.3251637982499651,-0.5137104220321204
AGC,AGT,1,0,0,1,1,-0.542016723,0.41999999999999993,0,0,1.439627661,-0.542016723,1.04,0.41999999999999993,19.5,-7.4,14.15,5.619999999999999,1.0,-0.37948717948717947,0.7157309054122408,0.2842690945877592,0.3206998414804545,-0.1702603430993756,0.3251637982499651,-0.16129119592935476
AGC,AGG,0,0,0,1,0,-0.0,0.0,0,0,1.439627661,-0.173080036,1.04,0.28,19.5,-7.5,14.15,-1.8100000000000005,1.0,-0.016393442622950727,0.7157309054122408,-0.2716862850452023,0.3206998414804545,0.2927604727912131,0.3251637982499651,0.2838268550363366
ACA,TCA,0,0,0,0,0,-0.0,-0.0,0,0,1.136750919,-0.23364803099999998,1.47,-0.18999999999999995,15.1,-2.9000000000000004,24.98,-7.620000000000001,0.798941798941799,-0.17330077330077331,1.0,-0.12190187152250886,0.5033807608765529,0.15064800338355966,0.2570882786228601,-0.09169059116517325
ACA,GCA,0,0,0,0,1,-0.22426586599999998,-0.22999999999999998,0,0,1.136750919,-0.22426586599999998,1.47,-0.22999999999999998,15.1,0.7000000000000011,24.98,-13.34,0.798941798941799,-0.22854468702844155,1.0,-0.3136792452830188,0.5033807608765529,0.19781826314692363,0.2570882786228601,-0.04960667492770654
ACA,CCA,0,0,0,0,0,-0.0,0.0,0,0,1.136750919,-0.030340808000000052,1.47,0.1100000000000001,15.1,1.799999999999999,24.98,-13.440000000000001,0.798941798941799,0.05459355459355453,1.0,0.0,0.5033807608765529,0.12188640002747858,0.2570882786228601,-0.09921592844149418
ACA,AAA,0,0,0,0,0,-0.0,0.0,0,0,1.136750919,-0.26865221699999997,1.47,0.0,15.1,9.299999999999999,24.98,5.419999999999998,0.798941798941799,-0.034051516810137517,1.0,0.0,0.5033807608765529,0.28352128476353305,0.2570882786228601,-0.2696239809727221
ACA,ATA,0,0,0,0,1,-0.629566367,-0.6699999999999999,0,1,1.136750919,-0.629566367,1.47,-0.6699999999999999,15.1,-7.6,24.98,-13.34,0.798941798941799,-0.4383648758648759,1.0,-0.44226161954959275,0.5033807608765529,0.06383633911552589,0.2570882786228601,-0.19864850379913668
ACA,AGA,0,0,1,0,0,0.0,0.0,0,0,1.136750919,0.15119556899999997,1.47,1.51,15.1,-2.9000000000000004,24.98,2.8099999999999987,0.798941798941799,0.20105820105820105,1.0,0.0,0.5033807608765529,-0.3198595311386486,0.2570882786228601,-0.5817859416592254
ACA,ACT,1,0,0,0,0,-0.0,-0.0,0,0,1.136750919,-0.14967554300000008,1.47,-0.16999999999999993,15.1,-2.0,24.98,-2.91,0.798941798941799,-0.10582010582010581,1.0,-0.11649319455564455,0.5033807608765529,-0.018226229184986287,0.2570882786228601,-0.018284859514908214
ACA,ACG,1,0,0,0,1,-0.6815033770000001,-1.12,1,0,1.136750919,-0.6815033770000001,1.47,-1.12,15.1,-9.0,24.98,-18.96,0.798941798941799,-0.4761904761904762,1.0,-0.7590072057646117,0.5033807608765529,0.49017924901801696,0.2570882786228601,-0.0058198862556303466
ACA,ACC,1,0,1,0,0,0.0,-0.0,0,0,1.136750919,0.28417524400000005,1.47,-0.59,15.1,3.799999999999999,24.98,-9.93,0.798941798941799,0.20105820105820105,1.0,-0.39751801441152923,0.5033807608765529,0.2755968300058411,0.2570882786228601,-0.22205397935709076
ACT,TCT,0,0,0,0,0,0.0,0.0,0,0,0.987075376,0.13843966500000016,1.3,0.10999999999999988,13.1,2.0999999999999996,22.07,-3.0100000000000016,0.6931216931216931,0.08636548636548635,0.8835068054443554,0.08058019506146141,0.5216069900615392,0.2953105196877138,0.2753731381377683,0.05002417886134031
ACT,GCT,0,0,0,0,1,0.07661108100000003,0.5,0,0,0.987075376,0.07661108100000003,1.3,0.5,13.1,5.299999999999999,22.07,-5.109999999999999,0.6931216931216931,-0.0288617653238592,0.8835068054443554,0.11649319455564455,0.5216069900615392,0.4401139558103564,0.2753731381377683,-0.2506728625432215
ACT,CCT,0,0,0,0,0,0.0,0.0,0,0,0.987075376,0.159849943,1.3,0.16999999999999993,13.1,4.4,22.07,-11.33,0.6931216931216931,0.19071669071669062,0.8835068054443554,0.047169104434327536,0.5216069900615392,0.033381198212789565,0.2753731381377683,0.027195463522831392
ACT,AAT,0,0,0,0,0,-0.0,-0.0,0,0,0.987075376,-0.046341394999999896,1.3,-0.19999999999999996,13.1,3.9000000000000004,22.07,4.02,0.6931216931216931,0.1969306628992492,0.8835068054443554,0.11649319455564455,0.5216069900615392,0.09326823496911824,0.2753731381377683,0.11896808077660795
ACT,ATT,0,0,0,0,1,0.09614120299999995,0.1299999999999999,0,0,0.987075376,0.09614120299999995,1.3,0.1299999999999999,13.1,2.9000000000000004,22.07,-1.1999999999999993,0.6931216931216931,0.07610907610907602,0.8835068054443554,0.11649319455564455,0.5216069900615392,0.25588299121221103,0.2753731381377683,-0.0023663774992323527
ACT,AGT,0,0,0,0,0,-0.0,0.0,0,0,0.987075376,-0.08946443799999992,1.3,0.15999999999999992,13.1,-1.0,22.07,-2.3000000000000007,0.6931216931216931,-0.07260887260887261,0.8835068054443554,0.11649319455564455,0.5216069900615392,0.030646805481709116,0.2753731381377683,-0.21108185604155155
ACT,ACA,1,0,0,0,0,0.0,0.0,0,0,0.987075376,0.14967554300000008,1.3,0.16999999999999993,13.1,2.0,22.07,2.91,0.6931216931216931,0.10582010582010581,0.8835068054443554,0.11649319455564455,0.5216069900615392,0.018226229184986287,0.2753731381377683,0.018284859514908214
ACT,ACG,1,0,0,0,0,-0.0,-0.0,1,0,0.987075376,-0.531827834,1.3,-0.9500000000000001,13.1,-7.0,22.07,-16.05,0.6931216931216931,-0.3703703703703704,0.8835068054443554,-0.6425140112089671,0.5216069900615392,0.5084054782030033,0.2753731381377683,0.012464973259277867
ACT,ACC,1,0,1,0,1,0.4338507870000001,-0.42000000000000004,0,0,0.987075376,0.4338507870000001,1.3,-0.42000000000000004,13.1,5.799999999999999,22.07,-7.02,0.6931216931216931,0.30687830687830686,0.8835068054443554,-0.2810248198558847,0.5216069900615392,0.2938230591908274,0.2753731381377683,-0.20376911984218254
ACG,TCG,0,0,0,0,0,-0.0,-0.0,0,0,0.455247542,-0.12886125999999998,0.35,-0.09999999999999998,6.1,-1.6999999999999993,6.02,-2.6099999999999994,0.32275132275132273,-0.09711029711029706,0.2409927942353883,-0.06850923328445252,0.013201511858535955,-0.24169073777025407,0.26290816487849045,-0.0037125112797316007
ACG,GCG,0,0,0,0,1,-0.03054353700000001,-0.11999999999999997,0,0,0.455247542,-0.03054353700000001,0.35,-0.11999999999999997,6.1,1.3000000000000007,6.02,-3.8099999999999996,0.32275132275132273,-0.0556033083108895,0.2409927942353883,-0.11068619046180342,0.013201511858535955,-1.1952859728219265,0.26290816487849045,-0.3504049936590893
ACG,CCG,0,0,0,0,0,-0.0,0.0,0,0,0.455247542,-0.0024645640000000024,0.35,0.030000000000000027,6.1,0.8000000000000007,6.02,-3.2099999999999995,0.32275132275132273,0.025733525733525775,0.2409927942353883,0.002508072315738241,0.013201511858535955,-0.8851354163990234,0.26290816487849045,0.0876664841727578
ACG,AAG,0,0,1,0,0,0.0,0.0,-1,0,0.455247542,0.6766537560000001,0.35,0.18000000000000005,6.1,25.799999999999997,6.02,5.02,0.32275132275132273,0.6772486772486772,0.2409927942353883,0.12216510050145377,0.013201511858535955,-1.0478794570833136,0.26290816487849045,-0.495868890957471
ACG,ATG,0,0,1,0,1,0.544752458,0.65,-1,0,0.455247542,0.544752458,0.35,0.65,6.1,15.9,6.02,5.720000000000001,0.32275132275132273,0.6772486772486772,0.2409927942353883,0.7590072057646117,0.013201511858535955,-0.6148391270998295,0.26290816487849045,0.26290816487849045
ACG,AGG,0,0,0,0,0,0.0,0.0,-1,0,0.455247542,0.8113000830000001,0.35,0.9700000000000001,6.1,5.9,6.02,6.32,0.32275132275132273,0.6608552346257266,0.2409927942353883,0.2030518261316502,0.013201511858535955,-0.014737856830705479,0.26290816487849045,0.22157122166486193
ACG,ACA,1,0,0,0,1,0.6815033770000001,1.12,-1,0,0.455247542,0.6815033770000001,0.35,1.12,6.1,9.0,6.02,18.96,0.32275132275132273,0.4761904761904762,0.2409927942353883,0.7590072057646117,0.013201511858535955,-0.49017924901801696,0.26290816487849045,0.0058198862556303466
ACG,ACT,1,0,0,0,0,0.0,0.0,-1,0,0.455247542,0.531827834,0.35,0.9500000000000001,6.1,7.0,6.02,16.05,0.32275132275132273,0.3703703703703704,0.2409927942353883,0.6425140112089671,0.013201511858535955,-0.5084054782030033,0.26290816487849045,-0.012464973259277867
ACG,ACC,1,0,1,0,0,0.0,0.0,-1,0,0.455247542,0.9656786210000001,0.35,0.53,6.1,12.799999999999999,6.02,9.030000000000001,0.32275132275132273,0.6772486772486772,0.2409927942353883,0.36148919135308244,0.013201511858535955,-0.21458241901217587,0.26290816487849045,-0.2162340931014604
ACC,TCC,0,0,0,1,0,-0.0,-0.0,0,0,1.420926163,-0.11316897300000006,0.88,-0.31999999999999995,18.9,-1.1999999999999993,15.05,-7.530000000000001,1.0,-0.09230769230769231,0.6024819855884708,-0.22210768108670043,0.22778393087071183,-0.6282145707473232,0.47914225797995086,-0.36898983851919626
ACC,GCC,0,1,0,0,1,0.17819832199999985,-0.15000000000000002,0,0,1.420926163,0.17819832199999985,0.88,-0.15000000000000002,18.9,8.8,15.05,-8.23,1.0,0.0,0.6024819855884708,-0.20035934407903683,0.22778393087071183,-1.17378901046721,0.47914225797995086,-0.3050247694636377
ACC,CCC,0,1,0,0,0,-0.0,-0.0,0,0,1.420926163,-0.12704457000000002,0.88,-0.30000000000000004,18.9,0.9000000000000021,15.05,-10.84,1.0,0.0,0.6024819855884708,-0.2376639613250392,0.22778393087071183,-1.3204353591354876,0.47914225797995086,-0.32323160471684026
ACC,AAC,0,1,0,0,0,-0.0,0.0,0,0,1.420926163,-0.361660144,0.88,0.020000000000000018,18.9,0.20000000000000284,15.05,6.219999999999999,1.0,0.0,0.6024819855884708,0.21277290134138738,0.22778393087071183,0.1201746367111502,0.47914225797995086,0.3162055089475823
ACC,ATC,0,1,0,0,1,-0.011327293999999988,-0.10999999999999999,0,0,1.420926163,-0.011327293999999988,0.88,-0.10999999999999999,18.9,1.9000000000000021,15.05,-3.8100000000000005,1.0,0.0,0.6024819855884708,-0.06390987250749336,0.22778393087071183,-0.38769021137101556,0.47914225797995086,-0.12552767999863462
ACC,AGC,0,1,0,0,0,0.0,0.0,0,0,1.420926163,0.018701497999999983,0.88,0.16000000000000003,18.9,0.6000000000000014,15.05,-0.9000000000000004,1.0,0.0,0.6024819855884708,0.11324891982377006,0.22778393087071183,-0.09291591060974266,0.47914225797995086,0.15397845972998575
ACC,ACA,1,0,0,1,0,-0.0,0.0,0,0,1.420926163,-0.28417524400000005,0.88,0.59,18.9,-3.799999999999999,15.05,9.93,1.0,-0.20105820105820105,0.6024819855884708,0.39751801441152923,0.22778393087071183,-0.2755968300058411,0.47914225797995086,0.22205397935709076
ACC,ACT,1,0,0,1,1,-0.4338507870000001,0.42000000000000004,0,0,1.420926163,-0.4338507870000001,0.88,0.42000000000000004,18.9,-5.799999999999999,15.05,7.02,1.0,-0.30687830687830686,0.6024819855884708,0.2810248198558847,0.22778393087071183,-0.2938230591908274,0.47914225797995086,0.20376911984218254
ACC,ACG,1,0,0,1,0,-0.0,-0.0,1,0,1.420926163,-0.9656786210000001,0.88,-0.53,18.9,-12.799999999999999,15.05,-9.030000000000001,1.0,-0.6772486772486772,0.6024819855884708,-0.36148919135308244,0.22778393087071183,0.21458241901217587,0.47914225797995086,0.2162340931014604
TAA,AAA,0,0,0,0,0,0.0,0.0,0,-1,0.064396427,0.803702275,1.33,0.1399999999999999,1.0,23.4,34.31,-3.9100000000000037,0.625,0.13989028213166144,1.0,0.0,3.5354368568703585,3.3155773807573388,3.0278760710110992,2.501163811415517
TAA,GAA,0,0,0,0,0,0.0,0.0,0,-1,0.064396427,0.780508899,1.33,0.04999999999999982,1.0,28.0,34.31,-15.650000000000002,0.625,0.10732323232323226,1.0,0.0,3.5354368568703585,3.0945232223030823,3.0278760710110992,2.5372618737033603
TAA,CAA,0,0,0,0,1,0.46563709099999995,0.09999999999999987,0,-1,0.064396427,0.46563709099999995,1.33,0.09999999999999987,1.0,11.3,34.31,-10.930000000000003,0.625,-0.26535087719298245,1.0,0.0,3.5354368568703585,2.893155163204808,3.0278760710110992,2.0353865938130875
TAA,TTA,0,0,0,0,0,0.0,0.0,0,0,0.064396427,0.39500944699999996,1.33,0.24,1.0,6.7,34.31,-11.030000000000001,0.625,-0.4305555555555556,1.0,0.0,3.5354368568703585,2.4290625628667595,3.0278760710110992,1.7989792490849257
TAA,TGA,1,0,1,0,1,0.03668925899999999,-0.15000000000000013,0,-1,0.064396427,0.03668925899999999,1.33,-0.15000000000000013,1.0,0.6000000000000001,34.31,-3.8100000000000023,0.625,0.375,1.0,-0.11104634217429332,3.5354368568703585,0.5877138025027282,3.0278760710110992,0.5705748869625595
TAA,TCA,0,0,0,0,0,0.0,-0.0,0,-1,0.064396427,0.838706461,1.33,-0.050000000000000044,1.0,11.2,34.31,-16.950000000000003,0.625,0.0006410256410256387,1.0,-0.12190187152250886,3.5354368568703585,3.182704099377365,3.0278760710110992,2.679097201223066
TAA,TAT,0,0,0,0,0,0.0,-0.0,0,0,0.064396427,0.822279792,1.33,-0.22999999999999998,1.0,11.2,34.31,-6.420000000000002,0.625,0.17238562091503262,1.0,0.0,3.5354368568703585,2.7086046069701717,3.0278760710110992,2.8122904985825112
TAA,TAG,1,0,0,0,1,-0.013069509000000007,-0.8300000000000001,0,0,0.064396427,-0.013069509000000007,1.33,-0.8300000000000001,1.0,-0.19999999999999996,34.31,-21.470000000000002,0.625,-0.125,1.0,-0.6257650830661615,3.5354368568703585,0.759728007294334,3.0278760710110992,0.7514833044985485
TAA,TAC,0,0,1,0,0,0.0,-0.0,0,0,0.064396427,1.0489273540000001,1.33,-0.43000000000000005,1.0,14.3,34.31,-11.530000000000001,0.625,0.375,1.0,-0.1832197920401577,3.5354368568703585,3.1374067272497124,3.0278760710110992,2.815165617009701
TAT,AAT,0,0,0,0,0,0.0,0.0,0,-1,0.886676219,0.05405776200000001,1.1,0.0,12.2,4.800000000000001,27.89,-1.8000000000000007,0.7973856209150326,0.09266673510590973,1.0,0.0,0.8268322499001867,0.3984934948077657,0.21558557242858795,0.05918051506742758
TAT,GAT,0,0,0,0,0,0.0,0.0,0,-1,0.886676219,0.042408618999999925,1.1,0.04999999999999982,12.2,9.600000000000001,27.89,-11.129999999999999,0.7973856209150326,0.07114027549931001,1.0,0.0,0.8268322499001867,0.5639173751590805,0.21558557242858795,0.002268407566997449
TAT,CAT,0,0,0,0,1,-0.04964579300000005,-0.06000000000000005,0,-1,0.886676219,-0.04964579300000005,1.1,-0.06000000000000005,12.2,-1.299999999999999,27.89,-10.629999999999999,0.7973856209150326,-0.07553131627927101,1.0,0.0,0.8268322499001867,0.3672033534800027,0.21558557242858795,-0.0015299986235657037
TAT,TTT,0,0,0,0,0,0.0,0.0,0,-1,0.886676219,0.04159232099999999,1.1,0.18999999999999995,12.2,5.400000000000002,27.89,10.54,0.7973856209150326,0.06960945297659304,1.0,0.0,0.8268322499001867,0.04589274736754034,0.21558557242858795,-0.11349085900179917
TAT,TGT,0,0,0,0,1,0.025638441999999984,0.05999999999999983,0,-1,0.886676219,0.025638441999999984,1.1,0.05999999999999983,12.2,-1.5999999999999996,27.89,8.93,0.7973856209150326,0.043884220354808656,1.0,0.0,0.8268322499001867,-0.41835492478672365,0.21558557242858795,-0.02460475807793247
TAT,TCT,0,0,0,0,0,0.0,0.0,0,-1,0.886676219,0.23883882200000006,1.1,0.30999999999999983,12.2,3.0,27.89,-8.830000000000002,0.7973856209150326,-0.01789844142785313,1.0,-0.03591299949418314,0.8268322499001867,0.6005357795263613,0.21558557242858795,-0.009763386847840061
TAT,TAA,0,0,0,0,0,-0.0,0.0,0,0,0.886676219,-0.822279792,1.1,0.22999999999999998,12.2,-11.2,27.89,6.420000000000002,0.7973856209150326,-0.17238562091503262,1.0,0.0,0.8268322499001867,-2.7086046069701717,0.21558557242858795,-2.8122904985825112
TAT,TAG,0,0,0,0,0,-0.0,-0.0,0,0,0.886676219,-0.835349301,1.1,-0.6000000000000001,12.2,-11.399999999999999,27.89,-15.05,0.7973856209150326,-0.2973856209150326,1.0,-0.6257650830661615,0.8268322499001867,-1.9488765996758377,0.21558557242858795,-2.0608071940839627
TAT,TAC,1,0,1,0,1,0.22664756200000002,-0.20000000000000007,0,0,0.886676219,0.22664756200000002,1.1,-0.20000000000000007,12.2,3.1000000000000014,27.89,-5.109999999999999,0.7973856209150326,0.20261437908496738,1.0,-0.1832197920401577,0.8268322499001867,0.42880212027954034,0.21558557242858795,0.0028751184271899044
TAG,AAG,0,0,1,0,0,0.0,0.0,0,-1,0.051326918,1.08057438,0.5,0.030000000000000027,0.8,31.099999999999998,12.84,-1.8000000000000007,0.5,0.5,0.3742349169338385,-0.011077022196996411,2.7757088495760245,1.7146278806341748,2.2763927665125507,1.5176157106765893
TAG,GAG,0,0,1,0,0,0.0,0.0,0,-1,0.051326918,1.103767756,0.5,0.12,0.8,38.800000000000004,12.84,-4.41,0.5,0.5,0.3742349169338385,0.07753357181214221,2.7757088495760245,1.2286765033293536,2.2763927665125507,1.6541746561238861
TAG,CAG,0,0,1,0,1,1.418639564,0.06999999999999995,0,-1,0.051326918,1.418639564,0.5,0.06999999999999995,0.8,33.400000000000006,12.84,-3.6099999999999994,0.5,0.5,0.3742349169338385,0.02054694790790662,2.7757088495760245,1.4659422540222258,2.2763927665125507,1.3290342491888638
TAG,TTG,0,0,0,0,0,0.0,0.0,0,-1,0.051326918,0.723020204,0.5,0.71,0.8,12.1,12.84,5.02,0.5,-0.17424242424242425,0.3742349169338385,0.3929472136503539,2.7757088495760245,2.4503725854952982,2.2763927665125507,1.8300373790114501
TAG,TGG,0,0,1,0,1,0.948673082,0.5,0,-1,0.051326918,0.948673082,0.5,0.5,0.8,12.399999999999999,12.84,13.55,0.5,0.5,0.3742349169338385,0.6257650830661615,2.7757088495760245,2.0829405286531166,2.2763927665125507,2.2763927665125507
TAG,TCG,0,0,0,0,0,0.0,-0.0,1,-1,0.051326918,0.27505936400000003,0.5,-0.25,0.8,3.6000000000000005,12.84,-9.43,0.5,-0.27435897435897433,0.3742349169338385,-0.2017513559829027,2.7757088495760245,2.5208165999472345,2.2763927665125507,2.009772090354329
TAG,TAA,1,0,0,0,1,0.013069509000000007,0.8300000000000001,0,0,0.051326918,0.013069509000000007,0.5,0.8300000000000001,0.8,0.19999999999999996,12.84,21.470000000000002,0.5,0.125,0.3742349169338385,0.6257650830661615,2.7757088495760245,-0.759728007294334,2.2763927665125507,-0.7514833044985485
TAG,TAT,0,0,0,0,0,0.0,0.0,0,0,0.051326918,0.835349301,0.5,0.6000000000000001,0.8,11.399999999999999,12.84,15.05,0.5,0.2973856209150326,0.3742349169338385,0.6257650830661615,2.7757088495760245,1.9488765996758377,2.2763927665125507,2.0608071940839627
TAG,TAC,0,0,1,0,0,0.0,0.0,0,0,0.051326918,1.061996863,0.5,0.4,0.8,14.5,12.84,9.940000000000001,0.5,0.5,0.3742349169338385,0.4425452910260038,2.7757088495760245,2.3776787199553784,2.2763927665125507,2.0636823125111525
TAC,AAC,0,1,0,0,0,-0.0,0.0,0,-1,1.113323781,-0.05405776200000001,0.9,0.0,15.3,3.8000000000000007,22.78,-1.5100000000000016,1.0,0.0,0.8167802079598423,-0.0015253210299841502,0.3980301296206463,0.29042083546108466,0.21271045400139804,0.0497737049690295
TAC,GAC,0,1,0,0,0,-0.0,-0.0,0,-1,1.113323781,-0.04240861900000015,0.9,-0.050000000000000044,15.3,9.8,22.78,-10.440000000000001,1.0,0.0,0.8167802079598423,-0.08050335831783761,0.3980301296206463,-0.3119916980398503,0.21271045400139804,-0.018322050005547486
TAC,CAC,0,1,0,0,1,0.04964579299999983,0.05999999999999994,0,-1,1.113323781,0.04964579299999983,0.9,0.05999999999999994,15.3,-0.20000000000000107,22.78,-6.73,1.0,0.0,0.8167802079598423,0.1131155046705169,0.3980301296206463,0.3370160238655001,0.21271045400139804,0.020911747937740394
TAC,TTC,0,1,0,0,0,-0.0,-0.0,0,-1,1.113323781,-0.04159232099999999,0.9,-0.19000000000000006,15.3,5.0,22.78,-1.7100000000000009,1.0,0.0,0.8167802079598423,-0.268510626903376,0.3980301296206463,0.36080078785229036,0.21271045400139804,-0.19905538248134436
TAC,TGC,0,1,0,0,1,-0.025638441999999984,-0.06000000000000005,0,-1,1.113323781,-0.025638441999999984,0.9,-0.06000000000000005,15.3,-2.700000000000001,22.78,4.109999999999999,1.0,0.0,0.8167802079598423,-0.08647059361980969,0.3980301296206463,-0.36002752670269467,0.21271045400139804,-0.04569482926977403
TAC,TCC,0,0,0,1,0,0.0,-0.0,0,-1,1.113323781,0.19443340899999995,0.9,-0.33999999999999997,15.3,2.3999999999999986,22.78,-15.260000000000002,1.0,-0.09230769230769231,0.8167802079598423,-0.43640590345807195,0.3980301296206463,-0.4579683719973887,0.21271045400139804,-0.635421642497749
TAC,TAA,0,0,0,1,0,-0.0,0.0,0,0,1.113323781,-1.0489273540000001,0.9,0.43000000000000005,15.3,-14.3,22.78,11.530000000000001,1.0,-0.375,0.8167802079598423,0.1832197920401577,0.3980301296206463,-3.1374067272497124,0.21271045400139804,-2.815165617009701
TAC,TAT,1,0,0,1,1,-0.22664756200000002,0.20000000000000007,0,0,1.113323781,-0.22664756200000002,0.9,0.20000000000000007,15.3,-3.1000000000000014,22.78,5.109999999999999,1.0,-0.20261437908496738,0.8167802079598423,0.1832197920401577,0.3980301296206463,-0.42880212027954034,0.21271045400139804,-0.0028751184271899044
TAC,TAG,0,0,0,1,0,-0.0,-0.0,0,0,1.113323781,-1.061996863,0.9,-0.4,15.3,-14.5,22.78,-9.940000000000001,1.0,-0.5,0.8167802079598423,-0.4425452910260038,0.3980301296206463,-2.3776787199553784,0.21271045400139804,-2.0636823125111525
TTA,ATA,0,0,0,0,0,0.0,-0.0,0,0,0.459405874,0.04777867800000002,1.57,-0.77,7.7,-0.20000000000000018,23.28,-11.64,0.19444444444444445,0.16613247863247863,1.0,-0.44226161954959275,1.106374294003599,0.666829872242572,1.2288968219261736,0.7731600395041768
TTA,GTA,0,0,0,0,0,0.0,-0.0,0,0,0.459405874,0.006903768000000032,1.57,-0.6900000000000001,7.7,-0.6000000000000005,23.28,-11.14,0.19444444444444445,0.05822459470146299,1.0,-0.4807527801539777,1.106374294003599,0.5699632924195164,1.2288968219261736,0.5938247957297328
TTA,CTA,1,0,0,0,1,-0.031124839999999987,-0.8300000000000001,0,0,0.459405874,-0.031124839999999987,1.57,-0.8300000000000001,7.7,-0.5,23.28,-12.240000000000002,0.19444444444444445,-0.012626262626262624,1.0,-0.5257731958762888,1.106374294003599,0.6789302791766594,1.2288968219261736,0.6820262373235094
TTA,TAA,0,0,0,0,0,-0.0,-0.0,0,0,0.459405874,-0.39500944699999996,1.57,-0.24,7.7,-6.7,23.28,11.030000000000001,0.19444444444444445,0.4305555555555556,1.0,0.0,1.106374294003599,-2.4290625628667595,1.2288968219261736,-1.7989792490849257
TTA,TGA,0,0,1,0,0,-0.0,-0.0,0,-1,0.459405874,-0.358320188,1.57,-0.3900000000000001,7.7,-6.1,23.28,7.219999999999999,0.19444444444444445,0.8055555555555556,1.0,-0.11104634217429332,1.106374294003599,-1.8413487603640313,1.2288968219261736,-1.2284043621223661
TTA,TCA,0,0,0,0,1,0.44369701400000006,-0.29000000000000004,0,-1,0.459405874,0.44369701400000006,1.57,-0.29000000000000004,7.7,4.499999999999999,23.28,-5.920000000000002,0.19444444444444445,0.4311965811965812,1.0,-0.12190187152250886,1.106374294003599,0.7536415365106057,1.2288968219261736,0.8801179521381401
TTA,TTT,0,0,0,0,0,0.0,-0.0,0,-1,0.459405874,0.46886266600000004,1.57,-0.28,7.7,9.900000000000002,23.28,15.149999999999999,0.19444444444444445,0.6725506294471812,1.0,0.0,1.106374294003599,0.32543479147095267,1.2288968219261736,0.8998203904957864
TTA,TTG,1,0,0,0,1,0.314941248,-0.3600000000000001,0,-1,0.459405874,0.314941248,1.57,-0.3600000000000001,7.7,5.2,23.28,-5.420000000000002,0.19444444444444445,0.1313131313131313,1.0,-0.23281786941580762,1.106374294003599,0.7810380299228725,1.2288968219261736,0.7825414344250728
TTA,TTC,0,0,1,0,0,0.0,-0.0,0,-1,0.459405874,0.6123255860000001,1.57,-0.8600000000000001,7.7,12.600000000000001,23.28,-2.210000000000001,0.19444444444444445,0.8055555555555556,1.0,-0.4517304189435337,1.106374294003599,1.069144952235243,1.2288968219261736,0.8171309854434312
TTT,ATT,0,0,0,0,0,0.0,0.0,0,0,0.92826854,0.15494803899999987,1.29,0.1399999999999999,17.6,-1.6000000000000014,38.43,-17.56,0.8669950738916257,-0.0977643046608565,1.0,0.0,0.7809395025326463,0.5152155036833181,0.3290764314303871,0.05133691579338645
TTT,GTT,0,0,0,0,0,-0.0,0.0,0,0,0.92826854,-0.20118809300000007,1.29,0.4099999999999999,17.6,-6.600000000000001,38.43,-15.05,0.8669950738916257,-0.4755359991585296,1.0,0.0,0.7809395025326463,0.026953819287094505,0.3290764314303871,-0.5202699710812926
TTT,CTT,0,0,0,0,1,-0.13797306799999998,0.11999999999999988,0,0,0.92826854,-0.13797306799999998,1.29,0.11999999999999988,17.6,-4.400000000000002,38.43,-17.56,0.8669950738916257,-0.5336617405582924,1.0,-0.10352233676975942,0.7809395025326463,0.32284361103586195,0.3290764314303871,-0.24986166121713216
TTT,TAT,0,0,0,0,0,-0.0,-0.0,0,1,0.92826854,-0.04159232099999999,1.29,-0.18999999999999995,17.6,-5.400000000000002,38.43,-10.54,0.8669950738916257,-0.06960945297659304,1.0,0.0,0.7809395025326463,-0.04589274736754034,0.3290764314303871,0.11349085900179917
TTT,TGT,0,0,0,0,0,-0.0,-0.0,0,0,0.92826854,-0.015953879000000004,1.29,-0.13000000000000012,17.6,-7.000000000000002,38.43,-1.6099999999999994,0.8669950738916257,-0.02572523262178439,1.0,0.0,0.7809395025326463,-0.464247672154264,0.3290764314303871,0.0888861009238667
TTT,TCT,0,0,0,0,1,0.19724650100000007,0.11999999999999988,0,0,0.92826854,0.19724650100000007,1.29,0.11999999999999988,17.6,-2.400000000000002,38.43,-19.37,0.8669950738916257,-0.08750789440444617,1.0,-0.03591299949418314,0.7809395025326463,0.5546430321588209,0.3290764314303871,0.10372747215395911
TTT,TTA,0,0,0,0,0,-0.0,0.0,0,1,0.92826854,-0.46886266600000004,1.29,0.28,17.6,-9.900000000000002,38.43,-15.149999999999999,0.8669950738916257,-0.6725506294471812,1.0,0.0,0.7809395025326463,-0.32543479147095267,0.3290764314303871,-0.8998203904957864
TTT,TTG,0,0,0,0,0,-0.0,-0.0,0,0,0.92826854,-0.15392141800000003,1.29,-0.08000000000000007,17.6,-4.700000000000001,38.43,-20.57,0.8669950738916257,-0.54123749813405,1.0,-0.23281786941580762,0.7809395025326463,0.45560323845191986,0.3290764314303871,-0.11727895607071359
TTT,TTC,1,0,1,0,1,0.14346292000000005,-0.5800000000000001,0,0,0.92826854,0.14346292000000005,1.29,-0.5800000000000001,17.6,2.6999999999999993,38.43,-17.36,0.8669950738916257,0.13300492610837433,1.0,-0.4517304189435337,0.7809395025326463,0.7437101607642903,0.3290764314303871,-0.08268940505235528
TTG,ATG,0,0,1,0,0,0.0,-0.0,0,0,0.774347122,0.225652878,1.21,-0.20999999999999996,12.9,9.1,17.86,-6.119999999999999,0.32575757575757575,0.6742424242424243,0.7671821305841924,0.23281786941580762,0.32533626408072647,-0.3027043748776389,0.4463553875011007,0.4463553875011007
TTG,GTG,0,0,1,0,0,0.0,-0.0,0,0,0.774347122,1.07903727,1.21,-0.5299999999999999,12.9,15.200000000000001,17.86,-8.53,0.32575757575757575,0.6742424242424243,0.7671821305841924,-0.36812310577666457,0.32533626408072647,-0.7771982973997211,0.4463553875011007,-0.5563204621660686
TTG,CTG,1,0,1,0,1,1.59986242,-0.6699999999999999,0,0,0.774347122,1.59986242,1.21,-0.6699999999999999,12.9,26.700000000000003,17.86,-9.83,0.32575757575757575,0.6742424242424243,0.7671821305841924,-0.4222508591065292,0.32533626408072647,-1.2703083262210382,0.4463553875011007,-1.034495309589928
TTG,TAG,0,0,0,0,0,-0.0,-0.0,0,1,0.774347122,-0.723020204,1.21,-0.71,12.9,-12.1,17.86,-5.02,0.32575757575757575,0.17424242424242425,0.7671821305841924,-0.3929472136503539,0.32533626408072647,-2.4503725854952982,0.4463553875011007,-1.8300373790114501
TTG,TGG,0,0,1,0,0,0.0,-0.0,0,0,0.774347122,0.225652878,1.21,-0.20999999999999996,12.9,0.29999999999999893,17.86,8.530000000000001,0.32575757575757575,0.6742424242424243,0.7671821305841924,0.23281786941580762,0.32533626408072647,-0.36743205684218117,0.4463553875011007,0.4463553875011007
TTG,TCG,0,0,0,0,1,-0.44796083999999997,-0.96,1,0,0.774347122,-0.44796083999999997,1.21,-0.96,12.9,-8.5,17.86,-14.45,0.32575757575757575,-0.10011655011655007,0.7671821305841924,-0.5946985696332566,0.32533626408072647,0.07044401445193643,0.4463553875011007,0.17973471134287866
TTG,TTA,1,0,0,0,1,-0.314941248,0.3600000000000001,0,1,0.774347122,-0.314941248,1.21,0.3600000000000001,12.9,-5.2,17.86,5.420000000000002,0.32575757575757575,-0.1313131313131313,0.7671821305841924,0.23281786941580762,0.32533626408072647,-0.7810380299228725,0.4463553875011007,-0.7825414344250728
TTG,TTT,0,0,0,0,0,0.0,0.0,0,0,0.774347122,0.15392141800000003,1.21,0.08000000000000007,12.9,4.700000000000001,17.86,20.57,0.32575757575757575,0.54123749813405,0.7671821305841924,0.23281786941580762,0.32533626408072647,-0.45560323845191986,0.4463553875011007,0.11727895607071359
TTG,TTC,0,0,1,0,0,0.0,-0.0,0,0,0.774347122,0.2973843380000001,1.21,-0.5,12.9,7.4,17.86,3.210000000000001,0.32575757575757575,0.6742424242424243,0.7671821305841924,-0.2189125495277261,0.32533626408072647,0.2881069223123705,0.4463553875011007,0.03458955101835831
TTC,ATC,0,1,0,0,0,0.0,0.0,0,0,1.07173146,0.337867409,0.71,0.06000000000000005,20.3,0.5,21.07,-9.83,1.0,0.0,0.5482695810564663,-0.009697467975488872,0.03722934176835598,-0.5782448004733713,0.4117658364827424,-0.19290410149584308
TTC,GTC,0,0,0,1,0,-0.0,0.0,0,0,1.07173146,-0.11850594200000009,0.71,0.030000000000000027,20.3,-5.800000000000001,21.07,-10.94,1.0,-0.48398576512455516,0.5482695810564663,-0.11499327652267666,0.03722934176835598,-0.3214179893975807,0.4117658364827424,0.15856450693765856
TTC,CTC,0,0,0,1,1,0.10172949499999984,-0.17999999999999994,0,0,1.07173146,0.10172949499999984,0.71,-0.17999999999999994,20.3,-0.6999999999999993,21.07,-13.24,1.0,-0.505050505050505,0.5482695810564663,-0.2119293748708993,0.03722934176835598,-0.8803377144654039,0.4117658364827424,-0.3830698994461715
TTC,TAC,0,1,0,0,0,0.0,0.0,0,1,1.07173146,0.04159232099999999,0.71,0.19000000000000006,20.3,-5.0,21.07,1.7100000000000009,1.0,0.0,0.5482695810564663,0.268510626903376,0.03722934176835598,-0.36080078785229036,0.4117658364827424,0.19905538248134436
TTC,TGC,0,1,0,0,0,0.0,0.0,0,0,1.07173146,0.015953879000000004,0.71,0.13,20.3,-7.700000000000001,21.07,5.82,1.0,0.0,0.5482695810564663,0.18204003328356633,0.03722934176835598,-0.720828314554985,0.4117658364827424,0.15336055321157033
TTC,TCC,0,0,0,1,1,0.23602572999999993,-0.1499999999999999,0,0,1.07173146,0.23602572999999993,0.71,-0.1499999999999999,20.3,-2.6000000000000014,21.07,-13.55,1.0,-0.09230769230769231,0.5482695810564663,-0.16789527655469594,0.03722934176835598,-0.818769159849679,0.4117658364827424,-0.4363662600164047
TTC,TTA,0,0,0,1,0,-0.0,0.0,0,1,1.07173146,-0.6123255860000001,0.71,0.8600000000000001,20.3,-12.600000000000001,21.07,2.210000000000001,1.0,-0.8055555555555556,0.5482695810564663,0.4517304189435337,0.03722934176835598,-1.069144952235243,0.4117658364827424,-0.8171309854434312
TTC,TTT,1,0,0,1,1,-0.14346292000000005,0.5800000000000001,0,0,1.07173146,-0.14346292000000005,0.71,0.5800000000000001,20.3,-2.6999999999999993,21.07,17.36,1.0,-0.13300492610837433,0.5482695810564663,0.4517304189435337,0.03722934176835598,-0.7437101607642903,0.4117658364827424,0.08268940505235528
TTC,TTG,0,0,0,1,0,-0.0,0.0,0,0,1.07173146,-0.2973843380000001,0.71,0.5,20.3,-7.4,21.07,-3.210000000000001,1.0,-0.6742424242424243,0.5482695810564663,0.2189125495277261,0.03722934176835598,-0.2881069223123705,0.4117658364827424,-0.03458955101835831
TGA,AGA,0,1,0,0,0,0.0,0.0,0,0,0.101085686,1.186860802,1.18,1.8,1.6,10.6,30.5,-2.710000000000001,1.0,0.0,0.8889536578257067,0.11104634217429332,2.9477230543676303,2.1244827623524287,2.4573011840485397,1.6184269637664541
TGA,GGA,0,0,0,1,0,0.0,-0.0,0,0,0.101085686,0.89860092,1.18,-0.040000000000000036,1.6,14.9,30.5,-19.259999999999998,1.0,-0.2567567567567567,0.8889536578257067,-0.1371141929427635,2.9477230543676303,2.5638415179266403,2.4573011840485397,2.3259594785239734
TGA,CGA,0,0,0,1,1,0.551789214,-0.8499999999999999,1,0,0.101085686,0.551789214,1.18,-0.8499999999999999,1.6,4.6,30.5,-27.39,1.0,-0.4918032786885246,0.8889536578257067,-0.7770428985597837,2.9477230543676303,2.257796488507727,2.4573011840485397,1.7750083049212915
TGA,TAA,1,0,0,1,1,-0.03668925899999999,0.15000000000000013,0,1,0.101085686,-0.03668925899999999,1.18,0.15000000000000013,1.6,-0.6000000000000001,30.5,3.8100000000000023,1.0,-0.375,0.8889536578257067,0.11104634217429332,2.9477230543676303,-0.5877138025027282,2.4573011840485397,-0.5705748869625595
TGA,TTA,0,0,0,1,0,0.0,0.0,0,1,0.101085686,0.358320188,1.18,0.3900000000000001,1.6,6.1,30.5,-7.219999999999999,1.0,-0.8055555555555556,0.8889536578257067,0.11104634217429332,2.9477230543676303,1.8413487603640313,2.4573011840485397,1.2284043621223661
TGA,TCA,0,0,0,1,0,0.0,0.0,0,0,0.101085686,0.802017202,1.18,0.10000000000000009,1.6,10.6,30.5,-13.14,1.0,-0.37435897435897436,0.8889536578257067,-0.010855529348215542,2.9477230543676303,2.594990296874637,2.4573011840485397,2.1085223142605063
TGA,TGT,0,0,0,1,0,0.0,-0.0,0,0,0.101085686,0.811228975,1.18,-0.020000000000000018,1.6,9.0,30.5,6.32,1.0,-0.15873015873015872,0.8889536578257067,0.11104634217429332,2.9477230543676303,1.70253587968072,2.4573011840485397,2.217110853542019
TGA,TGG,0,1,0,0,1,0.898914314,-0.17999999999999994,0,0,0.101085686,0.898914314,1.18,-0.17999999999999994,1.6,11.6,30.5,-4.109999999999999,1.0,0.0,0.8889536578257067,0.11104634217429332,2.9477230543676303,2.2549547334447224,2.4573011840485397,2.4573011840485397
TGA,TGC,0,1,0,0,0,0.0,-0.0,0,0,0.101085686,0.9865996530000001,1.18,-0.33999999999999997,1.6,11.0,30.5,-3.6099999999999994,1.0,0.0,0.8889536578257067,-0.15864404348567407,2.9477230543676303,2.1896653980442893,2.4573011840485397,2.1988959007773676
TGT,AGT,0,0,0,0,0,-0.0,0.0,0,0,0.912314661,-0.014703723000000002,1.16,0.30000000000000004,10.6,1.5,36.82,-17.05,0.8412698412698413,-0.22075702075702075,1.0,0.0,1.2451871746869103,0.7542269901070802,0.24019033050652042,-0.24626466367279945
TGT,GGT,0,0,0,0,0,-0.0,0.0,0,0,0.912314661,-0.259968608,1.16,0.3500000000000001,10.6,0.20000000000000107,36.82,-21.87,0.8412698412698413,-0.35478335478335477,1.0,0.0,1.2451871746869103,0.920022008980389,0.24019033050652042,-0.5990994220420461
TGT,CGT,0,0,0,0,1,-0.431669493,-0.58,1,0,0.912314661,-0.431669493,1.16,-0.58,10.6,-6.1,36.82,-31.4,0.8412698412698413,-0.4724173822534478,1.0,-0.8049658150413818,1.2451871746869103,1.0591687560116296,0.24019033050652042,0.05229152837419124
TGT,TAT,0,0,0,0,1,-0.025638441999999984,-0.05999999999999983,0,1,0.912314661,-0.025638441999999984,1.16,-0.05999999999999983,10.6,1.5999999999999996,36.82,-8.93,0.8412698412698413,-0.043884220354808656,1.0,0.0,1.2451871746869103,0.41835492478672365,0.24019033050652042,0.02460475807793247
TGT,TTT,0,0,0,0,0,0.0,0.0,0,0,0.912314661,0.015953879000000004,1.16,0.13000000000000012,10.6,7.000000000000002,36.82,1.6099999999999994,0.8412698412698413,0.02572523262178439,1.0,0.0,1.2451871746869103,0.464247672154264,0.24019033050652042,-0.0888861009238667
TGT,TCT,0,0,0,0,0,0.0,0.0,0,0,0.912314661,0.21320038000000008,1.16,0.25,10.6,4.6,36.82,-17.76,0.8412698412698413,-0.061782661782661785,1.0,-0.03591299949418314,1.2451871746869103,1.0188907043130848,0.24019033050652042,0.01484137123009241
TGT,TGA,0,0,1,0,0,-0.0,0.0,0,0,0.912314661,-0.811228975,1.16,0.020000000000000018,10.6,-9.0,36.82,-6.32,0.8412698412698413,0.15873015873015872,1.0,-0.11104634217429332,1.2451871746869103,-1.70253587968072,0.24019033050652042,-2.217110853542019
TGT,TGG,0,0,1,0,0,0.0,-0.0,0,0,0.912314661,0.08768533899999997,1.16,-0.15999999999999992,10.6,2.5999999999999996,36.82,-10.43,0.8412698412698413,0.15873015873015872,1.0,0.0,1.2451871746869103,0.5524188537640027,0.24019033050652042,0.24019033050652042
TGT,TGC,1,0,1,0,1,0.17537067800000006,-0.31999999999999995,0,0,0.912314661,0.17537067800000006,1.16,-0.31999999999999995,10.6,2.0,36.82,-9.93,0.8412698412698413,0.15873015873015872,1.0,-0.2696903856599674,1.2451871746869103,0.4871295183635693,0.24019033050652042,-0.018214952764651654
TGG,AGG,0,0,0,1,0,0.0,0.0,0,0,1.0,0.26654762500000007,1.0,0.32000000000000006,13.2,-1.1999999999999993,26.39,-14.05,1.0,-0.016393442622950727,1.0,-0.5559553796329615,0.6927683209229076,0.6648289522336662,0.0,-0.04133694321362853
TGG,GGG,0,0,0,1,0,-0.0,-0.0,0,0,1.0,-0.0004700909999999503,1.0,-0.5,13.2,3.3000000000000007,26.39,-21.47,1.0,-0.2567567567567567,1.0,-0.6709030100334448,0.6927683209229076,-0.5172835294794107,0.0,-0.6926769790325312
TGG,CGG,0,0,0,1,1,0.2093260400000001,-0.65,1,0,1.0,0.2093260400000001,1.0,-0.65,13.2,-1.799999999999999,26.39,-23.080000000000002,1.0,-0.06557377049180324,1.0,-0.88089240734077,0.6927683209229076,-0.5438968450885706,0.0,-1.239885337194269
TGG,TAG,0,0,0,1,1,-0.948673082,-0.5,0,1,1.0,-0.948673082,1.0,-0.5,13.2,-12.399999999999999,26.39,-13.55,1.0,-0.5,1.0,-0.6257650830661615,0.6927683209229076,-2.0829405286531166,0.0,-2.2763927665125507
TGG,TTG,0,0,0,1,0,-0.0,0.0,0,0,1.0,-0.225652878,1.0,0.20999999999999996,13.2,-0.29999999999999893,26.39,-8.530000000000001,1.0,-0.6742424242424243,1.0,-0.23281786941580762,0.6927683209229076,0.36743205684218117,0.0,-0.4463553875011007
TGG,TCG,0,0,0,1,0,-0.0,-0.0,1,0,1.0,-0.6736137179999999,1.0,-0.75,13.2,-8.799999999999999,26.39,-22.98,1.0,-0.7743589743589743,1.0,-0.8275164390490642,0.6927683209229076,0.4378760712941176,0.0,-0.26662067615822205
TGG,TGA,0,1,0,0,1,-0.898914314,0.17999999999999994,0,0,1.0,-0.898914314,1.0,0.17999999999999994,13.2,-11.6,26.39,4.109999999999999,1.0,0.0,1.0,-0.11104634217429332,0.6927683209229076,-2.2549547334447224,0.0,-2.4573011840485397
TGG,TGT,0,0,0,1,0,-0.0,0.0,0,0,1.0,-0.08768533899999997,1.0,0.15999999999999992,13.2,-2.5999999999999996,26.39,10.43,1.0,-0.15873015873015872,1.0,0.0,0.6927683209229076,-0.5524188537640027,0.0,-0.24019033050652042
TGG,TGC,0,1,0,0,0,0.0,-0.0,0,0,1.0,0.08768533900000008,1.0,-0.16000000000000003,13.2,-0.5999999999999996,26.39,0.5,1.0,0.0,1.0,-0.2696903856599674,0.6927683209229076,-0.06528933540043336,0.0,-0.25840528327117207
TGC,AGC,0,1,0,0,0,0.0,0.0,0,0,1.087685339,0.351942322,0.84,0.20000000000000007,12.6,6.9,26.89,-12.74,1.0,0.0,0.7303096143400326,-0.014578708927791784,0.758057656323341,0.4373578148428865,0.25840528327117207,-0.06675851497879304
TGC,GGC,0,1,0,0,0,0.0,0.0,0,0,1.087685339,0.260752093,0.84,0.010000000000000009,12.6,9.6,26.89,-18.46,1.0,0.0,0.7303096143400326,-0.16643001567782523,0.758057656323341,-0.2102378605411287,0.25840528327117207,-0.2030601105275751
TGC,CGC,0,0,0,1,1,0.014974439999999811,-0.41,1,0,1.087685339,0.014974439999999811,0.84,-0.41,12.6,-2.1999999999999993,26.89,-22.880000000000003,1.0,-0.14754098360655732,0.7303096143400326,-0.5860131048042283,0.758057656323341,-0.1949569085055083,0.25840528327117207,-0.6832900291247528
TGC,TAC,0,1,0,0,1,0.025638441999999984,0.06000000000000005,0,1,1.087685339,0.025638441999999984,0.84,0.06000000000000005,12.6,2.700000000000001,26.89,-4.109999999999999,1.0,0.0,0.7303096143400326,0.08647059361980969,0.758057656323341,0.36002752670269467,0.25840528327117207,0.04569482926977403
TGC,TTC,0,1,0,0,0,-0.0,-0.0,0,0,1.087685339,-0.015953879000000004,0.84,-0.13,12.6,7.700000000000001,26.89,-5.82,1.0,0.0,0.7303096143400326,-0.18204003328356633,0.758057656323341,0.720828314554985,0.25840528327117207,-0.15336055321157033
TGC,TCC,0,0,0,1,0,0.0,-0.0,0,0,1.087685339,0.22007185099999993,0.84,-0.2799999999999999,12.6,5.1,26.89,-19.37,1.0,-0.09230769230769231,0.7303096143400326,-0.34993530983826227,0.758057656323341,-0.09794084529469405,0.25840528327117207,-0.589726813227975
TGC,TGA,0,1,0,0,0,-0.0,0.0,0,0,1.087685339,-0.9865996530000001,0.84,0.33999999999999997,12.6,-11.0,26.89,3.6099999999999994,1.0,0.0,0.7303096143400326,0.15864404348567407,0.758057656323341,-2.1896653980442893,0.25840528327117207,-2.1988959007773676
TGC,TGT,1,0,0,1,1,-0.17537067800000006,0.31999999999999995,0,0,1.087685339,-0.17537067800000006,0.84,0.31999999999999995,12.6,-2.0,26.89,9.93,1.0,-0.15873015873015872,0.7303096143400326,0.2696903856599674,0.758057656323341,-0.4871295183635693,0.25840528327117207,0.018214952764651654
TGC,TGG,0,1,0,0,0,-0.0,0.0,0,0,1.087685339,-0.08768533900000008,0.84,0.16000000000000003,12.6,0.5999999999999996,26.89,-0.5,1.0,0.0,0.7303096143400326,0.2696903856599674,0.758057656323341,0.06528933540043336,0.25840528327117207,0.25840528327117207
TCA,ACA,0,0,0,0,0,0.0,0.0,0,0,0.903102888,0.23364803099999998,1.28,0.18999999999999995,12.2,2.9000000000000004,17.36,7.620000000000001,0.6256410256410256,0.17330077330077331,0.8780981284774911,0.12190187152250886,0.35273275749299327,-0.15064800338355966,0.34877886978803335,0.09169059116517325
TCA,GCA,0,0,0,0,0,0.0,-0.0,0,0,0.903102888,0.009382164999999998,1.28,-0.040000000000000036,12.2,3.6000000000000014,17.36,-5.719999999999999,0.6256410256410256,-0.05524391372766824,0.8780981284774911,-0.19177737376050996,0.35273275749299327,0.047170259763363975,0.34877886978803335,0.04208391623746671
TCA,CCA,0,0,0,0,1,0.20330722299999993,0.30000000000000004,0,0,0.903102888,0.20330722299999993,1.28,0.30000000000000004,12.2,4.699999999999999,17.36,-5.82,0.6256410256410256,0.22789432789432784,0.8780981284774911,0.12190187152250886,0.35273275749299327,-0.028761603356081078,0.34877886978803335,-0.007525337276320931
TCA,TAA,0,0,0,0,0,-0.0,0.0,0,1,0.903102888,-0.838706461,1.28,0.050000000000000044,12.2,-11.2,17.36,16.950000000000003,0.6256410256410256,-0.0006410256410256387,0.8780981284774911,0.12190187152250886,0.35273275749299327,-3.182704099377365,0.34877886978803335,-2.679097201223066
TCA,TTA,0,0,0,0,1,-0.44369701400000006,0.29000000000000004,0,1,0.903102888,-0.44369701400000006,1.28,0.29000000000000004,12.2,-4.499999999999999,17.36,5.920000000000002,0.6256410256410256,-0.4311965811965812,0.8780981284774911,0.12190187152250886,0.35273275749299327,-0.7536415365106057,0.34877886978803335,-0.8801179521381401
TCA,TGA,0,0,1,0,0,-0.0,-0.0,0,0,0.903102888,-0.802017202,1.28,-0.10000000000000009,12.2,-10.6,17.36,13.14,0.6256410256410256,0.37435897435897436,0.8780981284774911,0.010855529348215542,0.35273275749299327,-2.594990296874637,0.34877886978803335,-2.1085223142605063
TCA,TCT,1,0,0,0,0,0.0,0.0,0,0,0.903102888,0.22241215300000006,1.28,0.1299999999999999,12.2,3.0,17.36,1.6999999999999993,0.6256410256410256,0.15384615384615385,0.8780981284774911,0.08598887202832572,0.35273275749299327,0.12643628711916785,0.34877886978803335,0.12342991051160535
TCA,TCG,1,0,0,0,1,-0.576716606,-1.03,1,0,0.903102888,-0.576716606,1.28,-1.03,12.2,-7.799999999999999,17.36,-13.95,0.6256410256410256,-0.39999999999999997,0.8780981284774911,-0.7056145675265554,0.35273275749299327,0.09784050786420323,0.34877886978803335,0.0821581936298113
TCA,TCC,1,0,0,0,0,0.0,-0.0,0,0,0.903102888,0.40465430199999997,1.28,-0.72,12.2,5.5,17.36,-9.84,0.6256410256410256,0.28205128205128205,0.8780981284774911,-0.4977238239757208,0.35273275749299327,-0.5032657441250418,0.34877886978803335,-0.49935322671111376
TCT,ACT,0,0,0,0,0,-0.0,-0.0,0,0,1.125515041,-0.13843966500000016,1.41,-0.10999999999999988,15.2,-2.0999999999999996,19.06,3.0100000000000016,0.7794871794871795,-0.08636548636548635,0.9640870005058169,-0.08058019506146141,0.22629647037382541,-0.2953105196877138,0.225348959276428,-0.05002417886134031
TCT,GCT,0,0,0,0,0,-0.0,0.0,0,0,1.125515041,-0.06182858400000013,1.41,0.3900000000000001,15.2,3.1999999999999993,19.06,-2.099999999999998,0.7794871794871795,-0.11522725168934556,0.9640870005058169,0.03591299949418314,0.22629647037382541,0.14480343612264263,0.225348959276428,-0.3006970414045618
TCT,CCT,0,0,0,0,1,0.02141027799999984,0.06000000000000005,0,0,1.125515041,0.02141027799999984,1.41,0.06000000000000005,15.2,2.3000000000000007,19.06,-8.319999999999999,0.7794871794871795,0.10435120435120426,0.9640870005058169,-0.03341109062713388,0.22629647037382541,-0.2619293214749242,0.225348959276428,-0.022828715338508915
TCT,TAT,0,0,0,0,0,-0.0,-0.0,0,1,1.125515041,-0.23883882200000006,1.41,-0.30999999999999983,15.2,-3.0,19.06,8.830000000000002,0.7794871794871795,0.01789844142785313,0.9640870005058169,0.03591299949418314,0.22629647037382541,-0.6005357795263613,0.225348959276428,0.009763386847840061
TCT,TTT,0,0,0,0,1,-0.19724650100000007,-0.11999999999999988,0,0,1.125515041,-0.19724650100000007,1.41,-0.11999999999999988,15.2,2.400000000000002,19.06,19.37,0.7794871794871795,0.08750789440444617,0.9640870005058169,0.03591299949418314,0.22629647037382541,-0.5546430321588209,0.225348959276428,-0.10372747215395911
TCT,TGT,0,0,0,0,0,-0.0,-0.0,0,0,1.125515041,-0.21320038000000008,1.41,-0.25,15.2,-4.6,19.06,17.76,0.7794871794871795,0.061782661782661785,0.9640870005058169,0.03591299949418314,0.22629647037382541,-1.0188907043130848,0.225348959276428,-0.01484137123009241
TCT,TCA,1,0,0,0,0,-0.0,-0.0,0,0,1.125515041,-0.22241215300000006,1.41,-0.1299999999999999,15.2,-3.0,19.06,-1.6999999999999993,0.7794871794871795,-0.15384615384615385,0.9640870005058169,-0.08598887202832572,0.22629647037382541,-0.12643628711916785,0.225348959276428,-0.12342991051160535
TCT,TCG,1,0,0,0,0,-0.0,-0.0,1,0,1.125515041,-0.799128759,1.41,-1.16,15.2,-10.799999999999999,19.06,-15.649999999999999,0.7794871794871795,-0.5538461538461539,0.9640870005058169,-0.7916034395548811,0.22629647037382541,-0.02859577925496462,0.225348959276428,-0.04127171688179404
TCT,TCC,1,0,0,0,1,0.1822421489999999,-0.8499999999999999,0,0,1.125515041,0.1822421489999999,1.41,-0.8499999999999999,15.2,2.5,19.06,-11.54,0.7794871794871795,0.1282051282051282,0.9640870005058169,-0.5837126960040465,0.22629647037382541,-0.6297020312442096,0.225348959276428,-0.622783137222719
TCG,ACG,0,0,0,0,0,0.0,0.0,0,0,0.326386282,0.12886125999999998,0.25,0.09999999999999998,4.4,1.6999999999999993,3.41,2.6099999999999994,0.22564102564102567,0.09711029711029706,0.17248356095093578,0.06850923328445252,0.25489224962879004,0.24169073777025407,0.26662067615822205,0.0037125112797316007
TCG,GCG,0,0,0,0,0,0.0,-0.0,0,0,0.326386282,0.09831772299999997,0.25,-0.01999999999999999,4.4,3.0,3.41,-1.2000000000000002,0.22564102564102567,0.04150698879940756,0.17248356095093578,-0.0421769571773509,0.25489224962879004,-0.9535952350516725,0.26662067615822205,-0.3466924823793577
TCG,CCG,0,0,0,0,1,0.12639669599999998,0.13,0,0,0.326386282,0.12639669599999998,0.25,0.13,4.4,2.5,3.41,-0.6000000000000001,0.22564102564102567,0.12284382284382284,0.17248356095093578,0.07101730560019076,0.25489224962879004,-0.6434446786287693,0.26662067615822205,0.0913789954524894
TCG,TAG,0,0,0,0,0,-0.0,0.0,-1,1,0.326386282,-0.27505936400000003,0.25,0.25,4.4,-3.6000000000000005,3.41,9.43,0.22564102564102567,0.27435897435897433,0.17248356095093578,0.2017513559829027,0.25489224962879004,-2.5208165999472345,0.26662067615822205,-2.009772090354329
TCG,TTG,0,0,0,0,1,0.44796083999999997,0.96,-1,0,0.326386282,0.44796083999999997,0.25,0.96,4.4,8.5,3.41,14.45,0.22564102564102567,0.10011655011655007,0.17248356095093578,0.5946985696332566,0.25489224962879004,-0.07044401445193643,0.26662067615822205,-0.17973471134287866
TCG,TGG,0,0,1,0,0,0.0,0.0,-1,0,0.326386282,0.6736137179999999,0.25,0.75,4.4,8.799999999999999,3.41,22.98,0.22564102564102567,0.7743589743589743,0.17248356095093578,0.8275164390490642,0.25489224962879004,-0.4378760712941176,0.26662067615822205,0.26662067615822205
TCG,TCA,1,0,0,0,1,0.576716606,1.03,-1,0,0.326386282,0.576716606,0.25,1.03,4.4,7.799999999999999,3.41,13.95,0.22564102564102567,0.39999999999999997,0.17248356095093578,0.7056145675265554,0.25489224962879004,-0.09784050786420323,0.26662067615822205,-0.0821581936298113
TCG,TCT,1,0,0,0,0,0.0,0.0,-1,0,0.326386282,0.799128759,0.25,1.16,4.4,10.799999999999999,3.41,15.649999999999999,0.22564102564102567,0.5538461538461539,0.17248356095093578,0.7916034395548811,0.25489224962879004,0.02859577925496462,0.26662067615822205,0.04127171688179404
TCG,TCC,1,0,0,0,0,0.0,0.0,-1,0,0.326386282,0.9813709079999999,0.25,0.31000000000000005,4.4,13.299999999999999,3.41,4.109999999999999,0.22564102564102567,0.6820512820512821,0.17248356095093578,0.20789074355083456,0.25489224962879004,-0.6011062519892449,0.26662067615822205,-0.5815114203409251
TCC,ACC,0,0,1,0,0,0.0,0.0,0,0,1.30775719,0.11316897300000006,0.56,0.31999999999999995,17.7,1.1999999999999993,7.52,7.530000000000001,0.9076923076923077,0.09230769230769231,0.38037430450177034,0.22210768108670043,0.855998501618035,0.6282145707473232,0.8481320964991471,0.36898983851919626
TCC,GCC,0,0,1,0,0,0.0,0.0,0,0,1.30775719,0.2913672949999999,0.56,0.16999999999999993,17.7,10.0,7.52,-0.6999999999999993,0.9076923076923077,0.09230769230769231,0.38037430450177034,0.0217483370076636,0.855998501618035,-0.5455744397198868,0.8481320964991471,0.06396506905555854
TCC,CCC,0,0,1,0,1,-0.013875596999999962,0.019999999999999907,0,0,1.30775719,-0.013875596999999962,0.56,0.019999999999999907,17.7,2.1000000000000014,7.52,-3.3099999999999996,0.9076923076923077,0.09230769230769231,0.38037430450177034,-0.015556280238338771,0.855998501618035,-0.6922207883881645,0.8481320964991471,0.045758233802355996
TCC,TAC,0,0,1,0,0,-0.0,0.0,0,1,1.30775719,-0.19443340899999995,0.56,0.33999999999999997,17.7,-2.3999999999999986,7.52,15.260000000000002,0.9076923076923077,0.09230769230769231,0.38037430450177034,0.43640590345807195,0.855998501618035,0.4579683719973887,0.8481320964991471,0.635421642497749
TCC,TTC,0,0,1,0,1,-0.23602572999999993,0.1499999999999999,0,0,1.30775719,-0.23602572999999993,0.56,0.1499999999999999,17.7,2.6000000000000014,7.52,13.55,0.9076923076923077,0.09230769230769231,0.38037430450177034,0.16789527655469594,0.855998501618035,0.818769159849679,0.8481320964991471,0.4363662600164047
TCC,TGC,0,0,1,0,0,-0.0,0.0,0,0,1.30775719,-0.22007185099999993,0.56,0.2799999999999999,17.7,-5.1,7.52,19.37,0.9076923076923077,0.09230769230769231,0.38037430450177034,0.34993530983826227,0.855998501618035,0.09794084529469405,0.8481320964991471,0.589726813227975
TCC,TCA,1,0,0,0,0,-0.0,0.0,0,0,1.30775719,-0.40465430199999997,0.56,0.72,17.7,-5.5,7.52,9.84,0.9076923076923077,-0.28205128205128205,0.38037430450177034,0.4977238239757208,0.855998501618035,0.5032657441250418,0.8481320964991471,0.49935322671111376
TCC,TCT,1,0,0,0,1,-0.1822421489999999,0.8499999999999999,0,0,1.30775719,-0.1822421489999999,0.56,0.8499999999999999,17.7,-2.5,7.52,11.54,0.9076923076923077,-0.1282051282051282,0.38037430450177034,0.5837126960040465,0.855998501618035,0.6297020312442096,0.8481320964991471,0.622783137222719
TCC,TCG,1,0,0,0,0,-0.0,-0.0,1,0,1.30775719,-0.9813709079999999,0.56,-0.31000000000000005,17.7,-13.299999999999999,7.52,-4.109999999999999,0.9076923076923077,-0.6820512820512821,0.38037430450177034,-0.20789074355083456,0.855998501618035,0.6011062519892449,0.8481320964991471,0.5815114203409251
GAA,AAA,0,0,0,0,1,0.023193376000000043,0.09000000000000008,0,0,0.844905326,0.023193376000000043,1.38,0.09000000000000008,29.0,-4.600000000000001,18.66,11.739999999999998,0.7323232323232323,0.03256704980842917,1.0,0.0,0.4409136345672762,0.22105415845425636,0.490614197307739,-0.036098062287843236
GAA,TAA,0,0,0,0,0,-0.0,-0.0,0,1,0.844905326,-0.780508899,1.38,-0.04999999999999982,29.0,-28.0,18.66,15.650000000000002,0.7323232323232323,-0.10732323232323226,1.0,0.0,0.4409136345672762,-3.0945232223030823,0.490614197307739,-2.5372618737033603
GAA,CAA,0,0,0,0,0,-0.0,0.0,0,0,0.844905326,-0.31487180800000003,1.38,0.050000000000000044,29.0,-16.7,18.66,4.719999999999999,0.7323232323232323,-0.3726741095162147,1.0,0.0,0.4409136345672762,-0.2013680590982742,0.490614197307739,-0.5018752798902726
GAA,GTA,0,0,0,0,0,-0.0,-0.0,0,1,0.844905326,-0.378595684,1.38,-0.4999999999999999,29.0,-21.9,18.66,-6.52,0.7323232323232323,-0.47965419317732483,1.0,-0.4807527801539777,0.4409136345672762,-0.09549736701680639,0.490614197307739,-0.1444578288887018
GAA,GGA,0,0,0,0,1,0.15478128000000002,-0.24,0,0,0.844905326,0.15478128000000002,1.38,-0.24,29.0,-12.5,18.66,-7.42,0.7323232323232323,0.010920010920011047,1.0,-0.24816053511705682,0.4409136345672762,0.0570320981262864,0.490614197307739,0.35927249178317294
GAA,GCA,0,0,0,0,0,0.0,-0.0,0,0,0.844905326,0.06757972700000003,1.38,-0.1399999999999999,29.0,-13.2,18.66,-7.02,0.7323232323232323,-0.16192612040987486,1.0,-0.3136792452830188,0.4409136345672762,0.13535113683764693,0.490614197307739,0.18391924375717233
GAA,GAT,0,0,0,0,0,0.0,-0.0,0,0,0.844905326,0.08417951199999996,1.38,-0.22999999999999998,29.0,-7.199999999999999,18.66,-1.8999999999999986,0.7323232323232323,0.13620266409111037,1.0,0.0,0.4409136345672762,0.17799875982617003,0.490614197307739,0.27729703244614845
GAA,GAG,1,0,1,0,1,0.3101893480000001,-0.7599999999999999,0,0,0.844905326,0.3101893480000001,1.38,-0.7599999999999999,29.0,10.600000000000001,18.66,-10.23,0.7323232323232323,0.26767676767676774,1.0,-0.5482315112540193,0.4409136345672762,-1.1061187116793947,0.490614197307739,-0.13160391308092562
GAA,GAC,0,0,1,0,0,0.0,-0.0,0,0,0.844905326,0.2260098359999999,1.38,-0.5299999999999999,29.0,-3.8999999999999986,18.66,-6.32,0.7323232323232323,0.26767676767676774,1.0,-0.2637231503579953,0.4409136345672762,-0.26910819309322037,0.490614197307739,0.25958169330079345
GAT,AAT,0,0,0,0,1,0.011649143000000084,-0.04999999999999982,0,0,0.929084838,0.011649143000000084,1.15,-0.04999999999999982,21.8,-4.800000000000001,16.76,9.329999999999998,0.8685258964143426,0.021526459606599713,1.0,0.0,0.2629148747411062,-0.16542388035131478,0.2133171648615905,0.05691210750043013
GAT,TAT,0,0,0,0,0,-0.0,-0.0,0,1,0.929084838,-0.042408618999999925,1.15,-0.04999999999999982,21.8,-9.600000000000001,16.76,11.129999999999999,0.8685258964143426,-0.07114027549931001,1.0,0.0,0.2629148747411062,-0.5639173751590805,0.2133171648615905,-0.002268407566997449
GAT,CAT,0,0,0,0,0,-0.0,-0.0,0,0,0.929084838,-0.09205441199999997,1.15,-0.10999999999999988,21.8,-10.9,16.76,0.5,0.8685258964143426,-0.14667159177858102,1.0,0.0,0.2629148747411062,-0.19671402167907776,0.2133171648615905,-0.0037984061905631528
GAT,GTT,0,0,0,0,0,-0.0,0.0,0,0,0.929084838,-0.202004391,1.15,0.55,21.8,-10.8,16.76,6.619999999999997,0.8685258964143426,-0.4770668216812466,1.0,0.0,0.2629148747411062,-0.4910708085044456,0.2133171648615905,-0.6360292376500892
GAT,GGT,0,0,0,0,1,-0.27673878499999993,0.3600000000000001,0,0,0.929084838,-0.27673878499999993,1.15,0.3600000000000001,21.8,-11.0,16.76,-1.8100000000000023,0.8685258964143426,-0.3820394099278561,1.0,0.0,0.2629148747411062,-0.06225029096541512,0.2133171648615905,-0.6259725876869761
GAT,GCT,0,0,0,0,0,0.0,0.0,0,0,0.929084838,0.134601619,1.15,0.6500000000000001,21.8,-3.400000000000002,16.76,0.1999999999999993,0.8685258964143426,-0.2042659686165087,1.0,0.0,0.2629148747411062,0.1814218404899234,0.2133171648615905,-0.31272883581939936
GAT,GAA,0,0,0,0,0,-0.0,0.0,0,0,0.929084838,-0.08417951199999996,1.15,0.22999999999999998,21.8,7.199999999999999,16.76,1.8999999999999986,0.8685258964143426,-0.13620266409111037,1.0,0.0,0.2629148747411062,-0.17799875982617003,0.2133171648615905,-0.27729703244614845
GAT,GAG,0,0,1,0,0,0.0,-0.0,0,0,0.929084838,0.22600983600000013,1.15,-0.5299999999999999,21.8,17.8,16.76,-8.330000000000002,0.8685258964143426,0.13147410358565736,1.0,-0.5482315112540193,0.2629148747411062,-1.2841174715055645,0.2133171648615905,-0.4089009455270741
GAT,GAC,1,0,1,0,1,0.14183032399999995,-0.29999999999999993,0,0,0.929084838,0.14183032399999995,1.15,-0.29999999999999993,21.8,3.3000000000000007,16.76,-4.420000000000002,0.8685258964143426,0.13147410358565736,1.0,-0.2637231503579953,0.2629148747411062,-0.4471069529193904,0.2133171648615905,-0.01771533914535503
GAG,AAG,0,1,0,0,1,-0.023193376000000043,-0.08999999999999997,0,0,1.155094674,-0.023193376000000043,0.62,-0.08999999999999997,39.6,-7.700000000000003,8.43,2.6099999999999994,1.0,0.0,0.4517684887459807,-0.08861059400913862,1.5470323462466709,0.4859513773048212,0.6222181103886646,-0.13655894544729685
GAG,TAG,0,0,0,1,0,-0.0,-0.0,0,1,1.155094674,-1.103767756,0.62,-0.12,39.6,-38.800000000000004,8.43,4.41,1.0,-0.5,0.4517684887459807,-0.07753357181214221,1.5470323462466709,-1.2286765033293536,0.6222181103886646,-1.6541746561238861
GAG,CAG,0,1,0,0,0,0.0,-0.0,0,0,1.155094674,0.3148718079999999,0.62,-0.050000000000000044,39.6,-5.399999999999999,8.43,0.8000000000000007,1.0,0.0,0.4517684887459807,-0.05698662390423559,1.5470323462466709,0.23726575069287215,0.6222181103886646,-0.32514040693502244
GAG,GTG,0,1,0,0,0,0.0,0.0,0,0,1.155094674,0.6982897179999998,0.62,0.06000000000000005,39.6,-11.5,8.43,0.9000000000000004,1.0,0.0,0.4517684887459807,-0.05270946393845288,1.5470323462466709,0.44449778476622326,0.6222181103886646,-0.3804577392785047
GAG,GGG,0,0,0,1,1,-0.15556476500000005,-0.12,0,0,1.155094674,-0.15556476500000005,0.62,-0.12,39.6,-23.1,8.43,-3.51,1.0,-0.2567567567567567,0.4517684887459807,-0.12267149877942551,1.5470323462466709,0.3369804958443525,0.6222181103886646,-0.07045886864386663
GAG,GCG,0,0,0,1,0,-0.0,-0.0,1,0,1.155094674,-0.7303906690000002,0.62,-0.39,39.6,-32.2,8.43,-6.22,1.0,-0.7328519855595668,0.4517684887459807,-0.3214618849723958,1.5470323462466709,0.33854486156620833,0.6222181103886646,0.008904951851084864
GAG,GAA,1,0,0,1,1,-0.3101893480000001,0.7599999999999999,0,0,1.155094674,-0.3101893480000001,0.62,0.7599999999999999,39.6,-10.600000000000001,8.43,10.23,1.0,-0.26767676767676774,0.4517684887459807,0.5482315112540193,1.5470323462466709,1.1061187116793947,0.6222181103886646,0.13160391308092562
GAG,GAT,0,0,0,1,0,-0.0,0.0,0,0,1.155094674,-0.22600983600000013,0.62,0.5299999999999999,39.6,-17.8,8.43,8.330000000000002,1.0,-0.13147410358565736,0.4517684887459807,0.5482315112540193,1.5470323462466709,1.2841174715055645,0.6222181103886646,0.4089009455270741
GAG,GAC,0,1,0,0,0,-0.0,0.0,0,0,1.155094674,-0.08417951200000018,0.62,0.22999999999999998,39.6,-14.5,8.43,3.91,1.0,0.0,0.4517684887459807,0.284508360896024,1.5470323462466709,0.8370105185861743,0.6222181103886646,0.39118560638171906
GAC,AAC,0,1,0,0,1,-0.011649142999999862,0.050000000000000044,0,0,1.070915162,-0.011649142999999862,0.85,0.050000000000000044,25.1,-6.0,12.34,8.93,1.0,0.0,0.7362768496420047,0.07897803728785346,0.7100218276604966,0.6024125335009349,0.23103250400694553,0.06809575497457698
GAC,TAC,0,1,0,0,0,0.0,0.0,0,1,1.070915162,0.04240861900000015,0.85,0.050000000000000044,25.1,-9.8,12.34,10.440000000000001,1.0,0.0,0.7362768496420047,0.08050335831783761,0.7100218276604966,0.3119916980398503,0.23103250400694553,0.018322050005547486
GAC,CAC,0,1,0,0,0,0.0,0.0,0,0,1.070915162,0.09205441199999997,0.85,0.10999999999999999,25.1,-10.000000000000002,12.34,3.710000000000001,1.0,0.0,0.7362768496420047,0.1936188629883545,0.7100218276604966,0.6490077219053504,0.23103250400694553,0.03923379794328788
GAC,GTC,0,0,0,1,0,-0.0,-0.0,0,0,1.070915162,-0.11768964399999993,0.85,-0.10999999999999999,25.1,-10.600000000000001,12.34,-2.209999999999999,1.0,-0.48398576512455516,0.7362768496420047,-0.30300054510821506,0.7100218276604966,0.35137449649455993,0.23103250400694553,-0.022168825538138315
GAC,GGC,0,1,0,0,1,0.2775222700000002,0.0,0,0,1.070915162,0.2775222700000002,0.85,0.0,25.1,-2.900000000000002,12.34,-3.91,1.0,0.0,0.7362768496420047,-0.1723972509797973,0.7100218276604966,-0.2582736892039731,0.23103250400694553,-0.23043288979180165
GAC,GCC,0,1,0,0,0,0.0,-0.0,0,0,1.070915162,0.528209323,0.85,-0.12,25.1,2.599999999999998,12.34,-5.52,1.0,0.0,0.7362768496420047,-0.33415420813257074,0.7100218276604966,-0.6915511136774253,0.23103250400694553,-0.553134523436643
GAC,GAA,0,0,0,1,0,-0.0,0.0,0,0,1.070915162,-0.2260098359999999,0.85,0.5299999999999999,25.1,3.8999999999999986,12.34,6.32,1.0,-0.26767676767676774,0.7362768496420047,0.2637231503579953,0.7100218276604966,0.26910819309322037,0.23103250400694553,-0.25958169330079345
GAC,GAT,1,0,0,1,1,-0.14183032399999995,0.29999999999999993,0,0,1.070915162,-0.14183032399999995,0.85,0.29999999999999993,25.1,-3.3000000000000007,12.34,4.420000000000002,1.0,-0.13147410358565736,0.7362768496420047,0.2637231503579953,0.7100218276604966,0.4471069529193904,0.23103250400694553,0.01771533914535503
GAC,GAG,0,1,0,0,0,0.0,-0.0,0,0,1.070915162,0.08417951200000018,0.85,-0.22999999999999998,25.1,14.5,12.34,-3.91,1.0,0.0,0.7362768496420047,-0.284508360896024,0.7100218276604966,-0.8370105185861743,0.23103250400694553,-0.39118560638171906
GTA,ATA,0,0,0,0,1,0.04087490999999999,-0.07999999999999996,0,0,0.466309642,0.04087490999999999,0.88,-0.07999999999999996,7.1,0.40000000000000036,12.14,-0.5,0.25266903914590744,0.10790788393101564,0.5192472198460223,0.038491160604384955,0.5364110015840826,0.09686657982305558,0.6350720261964408,0.179335243774444
GTA,TTA,0,0,0,0,0,-0.0,0.0,0,0,0.466309642,-0.006903768000000032,0.88,0.6900000000000001,7.1,0.6000000000000005,12.14,11.14,0.25266903914590744,-0.05822459470146299,0.5192472198460223,0.4807527801539777,0.5364110015840826,-0.5699632924195164,0.6350720261964408,-0.5938247957297328
GTA,CTA,0,0,0,0,0,-0.0,-0.0,0,0,0.466309642,-0.03802860800000002,0.88,-0.14,7.1,0.10000000000000053,12.14,-1.1000000000000014,0.25266903914590744,-0.07085085732772561,0.5192472198460223,-0.045020415722311025,0.5364110015840826,0.10896698675714306,0.6350720261964408,0.08820144159377663
GTA,GAA,0,0,0,0,0,0.0,0.0,0,-1,0.466309642,0.378595684,0.88,0.4999999999999999,7.1,21.9,12.14,6.52,0.25266903914590744,0.47965419317732483,0.5192472198460223,0.4807527801539777,0.5364110015840826,0.09549736701680639,0.6350720261964408,0.1444578288887018
GTA,GGA,0,0,0,0,0,0.0,0.0,0,-1,0.466309642,0.533376964,0.88,0.2599999999999999,7.1,9.4,12.14,-0.9000000000000004,0.25266903914590744,0.4905742040973359,0.5192472198460223,0.23259224503692089,0.5364110015840826,0.1525294651430928,0.6350720261964408,0.5037303206718747
GTA,GCA,0,0,0,0,1,0.446175411,0.36,0,-1,0.466309642,0.446175411,0.88,0.36,7.1,8.700000000000001,12.14,-0.5,0.25266903914590744,0.31772807276744996,0.5192472198460223,0.16707353487095888,0.5364110015840826,0.23084850385445332,0.6350720261964408,0.3283770726458741
GTA,GTT,1,0,0,0,0,0.0,0.0,0,-1,0.466309642,0.26077080499999994,0.88,0.82,7.1,3.9000000000000004,12.14,11.239999999999998,0.25266903914590744,0.1387900355871886,0.5192472198460223,0.4807527801539777,0.5364110015840826,-0.2175746816614692,0.6350720261964408,-0.21427437631523893
GTA,GTG,1,0,1,0,1,1.38707475,-0.19999999999999996,0,-1,0.466309642,1.38707475,0.88,-0.19999999999999996,7.1,21.0,12.14,-2.8100000000000005,0.25266903914590744,0.7473309608540926,0.5192472198460223,-0.12018819503849448,0.5364110015840826,-0.566123559896365,0.6350720261964408,-0.3676038234707285
GTA,GTC,1,0,0,0,0,0.0,-0.0,0,-1,0.466309642,0.48691587599999997,0.88,-0.14,7.1,7.4,12.14,-2.01,0.25266903914590744,0.2633451957295374,0.5192472198460223,-0.08597091531223267,0.5364110015840826,0.17776367041814595,0.6350720261964408,0.3818706966513569
GTT,ATT,0,0,0,0,1,0.35613613199999994,-0.27,0,0,0.727080447,0.35613613199999994,1.7,-0.27,11.0,5.0,23.38,-2.509999999999998,0.39145907473309605,0.3777716944976731,1.0,0.0,0.7539856832455518,0.48826168439622364,0.8493464025116797,0.5716068868746791
GTT,TTT,0,0,0,0,0,0.0,-0.0,0,0,0.727080447,0.20118809300000007,1.7,-0.4099999999999999,11.0,6.600000000000001,23.38,15.05,0.39145907473309605,0.4755359991585296,1.0,0.0,0.7539856832455518,-0.026953819287094505,0.8493464025116797,0.5202699710812926
GTT,CTT,0,0,0,0,0,0.0,-0.0,0,0,0.727080447,0.06321502500000009,1.7,-0.29000000000000004,11.0,2.1999999999999993,23.38,-2.509999999999998,0.39145907473309605,-0.05812574139976273,1.0,-0.10352233676975942,0.7539856832455518,0.29588979174876745,0.8493464025116797,0.2704083098641604
GTT,GAT,0,0,0,0,0,0.0,-0.0,0,0,0.727080447,0.202004391,1.7,-0.55,11.0,10.8,23.38,-6.619999999999997,0.39145907473309605,0.4770668216812466,1.0,0.0,0.7539856832455518,0.4910708085044456,0.8493464025116797,0.6360292376500892
GTT,GGT,0,0,0,0,0,-0.0,-0.0,0,0,0.727080447,-0.07473439399999993,1.7,-0.18999999999999995,11.0,-0.1999999999999993,23.38,-8.43,0.39145907473309605,0.09502741175339047,1.0,0.0,0.7539856832455518,0.4288205175390305,0.8493464025116797,0.010056649963113173
GTT,GCT,0,0,0,0,1,0.33660601,0.10000000000000009,0,0,0.727080447,0.33660601,1.7,0.10000000000000009,11.0,7.399999999999999,23.38,-6.419999999999998,0.39145907473309605,0.2728008530647379,1.0,0.0,0.7539856832455518,0.672492648994369,0.8493464025116797,0.32330040183068987
GTT,GTA,1,0,0,0,0,-0.0,-0.0,0,1,0.727080447,-0.26077080499999994,1.7,-0.82,11.0,-3.9000000000000004,23.38,-11.239999999999998,0.39145907473309605,-0.1387900355871886,1.0,-0.4807527801539777,0.7539856832455518,0.2175746816614692,0.8493464025116797,0.21427437631523893
GTT,GTG,1,0,1,0,0,0.0,-0.0,0,0,0.727080447,1.126303945,1.7,-1.02,11.0,17.1,23.38,-14.049999999999999,0.39145907473309605,0.608540925266904,1.0,-0.6009409751924721,0.7539856832455518,-0.3485488782348958,0.8493464025116797,-0.15332944715548957
GTT,GTC,1,0,0,0,1,0.22614507100000003,-0.96,0,0,0.727080447,0.22614507100000003,1.7,-0.96,11.0,3.5,23.38,-13.249999999999998,0.39145907473309605,0.1245551601423488,1.0,-0.5667236954662104,0.7539856832455518,0.39533835207961515,0.8493464025116797,0.5961450729665958
GTG,ATG,0,1,0,0,1,-0.8533843919999999,0.31999999999999995,0,0,1.853384392,-0.8533843919999999,0.68,0.31999999999999995,28.1,-6.100000000000001,9.33,2.41,1.0,0.0,0.3990590248075278,0.6009409751924721,1.1025345614804476,0.4744939225220822,1.0026758496671693,1.0026758496671693
GTG,TTG,0,0,0,1,0,-0.0,0.0,0,0,1.853384392,-1.07903727,0.68,0.5299999999999999,28.1,-15.200000000000001,9.33,8.53,1.0,-0.6742424242424243,0.3990590248075278,0.36812310577666457,1.1025345614804476,0.7771982973997211,1.0026758496671693,0.5563204621660686
GTG,CTG,0,1,0,0,0,0.0,-0.0,0,0,1.853384392,0.5208251500000001,0.68,-0.14,28.1,11.5,9.33,-1.3000000000000007,1.0,0.0,0.3990590248075278,-0.054127753329864636,1.1025345614804476,-0.49311002882131705,1.0026758496671693,-0.47817484742385963
GTG,GAG,0,1,0,0,0,-0.0,-0.0,0,0,1.853384392,-0.6982897179999998,0.68,-0.06000000000000005,28.1,11.5,9.33,-0.9000000000000004,1.0,0.0,0.3990590248075278,0.05270946393845288,1.1025345614804476,-0.44449778476622326,1.0026758496671693,0.3804577392785047
GTG,GGG,0,0,0,1,0,-0.0,-0.0,0,0,1.853384392,-0.8538544829999999,0.68,-0.18000000000000005,28.1,-11.600000000000001,9.33,-4.41,1.0,-0.2567567567567567,0.3990590248075278,-0.06996203484097263,1.1025345614804476,-0.10751728892187074,1.0026758496671693,0.30999887063463805
GTG,GCG,0,0,0,1,1,-1.428680387,-0.45000000000000007,1,0,1.853384392,-1.428680387,0.68,-0.45000000000000007,28.1,-20.700000000000003,9.33,-7.12,1.0,-0.7328519855595668,0.3990590248075278,-0.2687524210339429,1.1025345614804476,-0.10595292320001493,1.0026758496671693,0.38936269112958954
GTG,GTA,1,0,0,1,1,-1.38707475,0.19999999999999996,0,1,1.853384392,-1.38707475,0.68,0.19999999999999996,28.1,-21.0,9.33,2.8100000000000005,1.0,-0.7473309608540926,0.3990590248075278,0.12018819503849448,1.1025345614804476,0.566123559896365,1.0026758496671693,0.3676038234707285
GTG,GTT,1,0,0,1,0,-0.0,0.0,0,0,1.853384392,-1.126303945,0.68,1.02,28.1,-17.1,9.33,14.049999999999999,1.0,-0.608540925266904,0.3990590248075278,0.6009409751924721,1.1025345614804476,0.3485488782348958,1.0026758496671693,0.15332944715548957
GTG,GTC,1,0,0,1,0,-0.0,0.0,0,0,1.853384392,-0.9001588739999999,0.68,0.05999999999999994,28.1,-13.600000000000001,9.33,0.8000000000000007,1.0,-0.48398576512455516,0.3990590248075278,0.03421727972626182,1.1025345614804476,0.743887230314511,1.0026758496671693,0.7494745201220854
GTC,ATC,0,0,1,0,1,0.4563733510000001,0.030000000000000027,0,0,0.953225518,0.4563733510000001,0.74,0.030000000000000027,14.5,6.300000000000001,10.13,1.1099999999999994,0.5160142348754448,0.48398576512455516,0.4332763045337896,0.10529580854718779,0.35864733116593667,-0.2568268110757907,0.25320132954508384,-0.35146860843350164
GTC,TTC,0,0,1,0,0,0.0,-0.0,0,0,0.953225518,0.11850594200000009,0.74,-0.030000000000000027,14.5,5.800000000000001,10.13,10.94,0.5160142348754448,0.48398576512455516,0.4332763045337896,0.11499327652267666,0.35864733116593667,0.3214179893975807,0.25320132954508384,-0.15856450693765856
GTC,CTC,0,0,0,0,0,0.0,-0.0,0,0,0.953225518,0.22023543699999992,0.74,-0.20999999999999996,14.5,5.100000000000001,10.13,-2.3000000000000007,0.5160142348754448,-0.02106473992594987,0.4332763045337896,-0.09693609834822264,0.35864733116593667,-0.5589197250678233,0.25320132954508384,-0.5416344063838301
GTC,GAC,0,0,1,0,0,0.0,0.0,0,0,0.953225518,0.11768964399999993,0.74,0.10999999999999999,14.5,10.600000000000001,10.13,2.209999999999999,0.5160142348754448,0.48398576512455516,0.4332763045337896,0.30300054510821506,0.35864733116593667,-0.35137449649455993,0.25320132954508384,0.022168825538138315
GTC,GGC,0,0,1,0,0,0.0,0.0,0,0,0.953225518,0.3952119140000001,0.74,0.10999999999999999,14.5,7.699999999999999,10.13,-1.700000000000001,0.5160142348754448,0.48398576512455516,0.4332763045337896,0.13060329412841776,0.35864733116593667,-0.609648185698533,0.25320132954508384,-0.20826406425366334
GTC,GCC,0,0,1,0,1,0.6458989669999999,-0.010000000000000009,0,0,0.953225518,0.6458989669999999,0.74,-0.010000000000000009,14.5,13.2,10.13,-3.3100000000000005,0.5160142348754448,0.48398576512455516,0.4332763045337896,-0.031153663024355682,0.35864733116593667,-1.0429256101719853,0.25320132954508384,-0.5309656978985047
GTC,GTA,1,0,0,0,0,-0.0,0.0,0,1,0.953225518,-0.48691587599999997,0.74,0.14,14.5,-7.4,10.13,2.01,0.5160142348754448,-0.2633451957295374,0.4332763045337896,0.08597091531223267,0.35864733116593667,-0.17776367041814595,0.25320132954508384,-0.3818706966513569
GTC,GTT,1,0,0,0,1,-0.22614507100000003,0.96,0,0,0.953225518,-0.22614507100000003,0.74,0.96,14.5,-3.5,10.13,13.249999999999998,0.5160142348754448,-0.1245551601423488,0.4332763045337896,0.5667236954662104,0.35864733116593667,-0.39533835207961515,0.25320132954508384,-0.5961450729665958
GTC,GTG,1,0,1,0,0,0.0,-0.0,0,0,0.953225518,0.9001588739999999,0.74,-0.05999999999999994,14.5,13.600000000000001,10.13,-0.8000000000000007,0.5160142348754448,0.48398576512455516,0.4332763045337896,-0.03421727972626182,0.35864733116593667,-0.743887230314511,0.25320132954508384,-0.7494745201220854
GGA,AGA,0,0,1,0,1,0.28825988199999997,1.84,0,0,0.999686606,0.28825988199999997,1.14,1.84,16.5,-4.300000000000001,11.24,16.549999999999997,0.7432432432432433,0.2567567567567567,0.7518394648829432,0.24816053511705682,0.3838815364409898,-0.4393587555742117,0.13134170552456603,-0.7075325147575194
GGA,TGA,0,0,1,0,0,-0.0,0.0,0,0,0.999686606,-0.89860092,1.14,0.040000000000000036,16.5,-14.9,11.24,19.259999999999998,0.7432432432432433,0.2567567567567567,0.7518394648829432,0.1371141929427635,0.3838815364409898,-2.5638415179266403,0.13134170552456603,-2.3259594785239734
GGA,CGA,0,0,0,0,0,-0.0,-0.0,1,0,0.999686606,-0.346811706,1.14,-0.8099999999999998,16.5,-10.3,11.24,-8.13,0.7432432432432433,-0.2350465219317679,0.7518394648829432,-0.6399287056170202,0.3838815364409898,-0.3060450294189134,0.13134170552456603,-0.5509511736026821
GGA,GAA,0,0,0,0,1,-0.15478128000000002,0.24,0,0,0.999686606,-0.15478128000000002,1.14,0.24,16.5,12.5,11.24,7.42,0.7432432432432433,-0.010920010920011047,0.7518394648829432,0.24816053511705682,0.3838815364409898,-0.0570320981262864,0.13134170552456603,-0.35927249178317294
GGA,GTA,0,0,0,0,0,-0.0,-0.0,0,1,0.999686606,-0.533376964,1.14,-0.2599999999999999,16.5,-9.4,11.24,0.9000000000000004,0.7432432432432433,-0.4905742040973359,0.7518394648829432,-0.23259224503692089,0.3838815364409898,-0.1525294651430928,0.13134170552456603,-0.5037303206718747
GGA,GCA,0,0,0,0,0,-0.0,0.0,0,0,0.999686606,-0.08720155299999999,1.14,0.10000000000000009,16.5,-0.6999999999999993,11.24,0.40000000000000036,0.7432432432432433,-0.1728461313298859,0.7518394648829432,-0.065518710165962,0.3838815364409898,0.07831903871136053,0.13134170552456603,-0.1753532480260006
GGA,GGT,1,0,0,0,0,-0.0,0.0,0,0,0.999686606,-0.347340553,1.14,0.3700000000000001,16.5,-5.699999999999999,11.24,3.709999999999999,0.7432432432432433,-0.2567567567567568,0.7518394648829432,0.24816053511705682,0.3838815364409898,0.058716370734468504,0.13134170552456603,-0.7079480470240005
GGA,GGG,1,0,0,0,1,-0.00015669699999998343,-0.6399999999999999,0,0,0.999686606,-0.00015669699999998343,1.14,-0.6399999999999999,16.5,0.0,11.24,-6.32,0.7432432432432433,0.0,0.7518394648829432,-0.422742474916388,0.3838815364409898,-0.8261703139613286,0.13134170552456603,-0.5613352735079652
GGA,GGC,1,0,1,0,0,0.0,-0.0,0,0,0.999686606,0.34875082600000007,1.14,-0.2899999999999999,16.5,5.699999999999999,11.24,-2.8100000000000005,0.7432432432432433,0.2567567567567567,0.7518394648829432,-0.1879598662207358,0.3838815364409898,-0.5844139804234798,0.13134170552456603,-0.33012368827418115
GGT,AGT,0,0,0,0,1,0.245264885,-0.050000000000000044,0,0,0.652346053,0.245264885,1.51,-0.050000000000000044,10.8,1.299999999999999,14.95,4.82,0.4864864864864865,0.13402633402633402,1.0,0.0,0.3251651657065213,-0.16579501887330877,0.8392897525485665,0.35283475836924666
GGT,TGT,0,0,0,0,0,0.0,-0.0,0,0,0.652346053,0.259968608,1.51,-0.3500000000000001,10.8,-0.20000000000000107,14.95,21.87,0.4864864864864865,0.35478335478335477,1.0,0.0,0.3251651657065213,-0.920022008980389,0.8392897525485665,0.5990994220420461
GGT,CGT,0,0,0,0,0,-0.0,-0.0,1,0,0.652346053,-0.17170088500000003,1.51,-0.93,10.8,-6.300000000000001,14.95,-9.53,0.4864864864864865,-0.11763402747009305,1.0,-0.8049658150413818,0.3251651657065213,0.13914674703124055,0.8392897525485665,0.6513909504162374
GGT,GAT,0,0,0,0,1,0.27673878499999993,-0.3600000000000001,0,0,0.652346053,0.27673878499999993,1.51,-0.3600000000000001,10.8,11.0,14.95,1.8100000000000023,0.4864864864864865,0.3820394099278561,1.0,0.0,0.3251651657065213,0.06225029096541512,0.8392897525485665,0.6259725876869761
GGT,GTT,0,0,0,0,0,0.0,0.0,0,0,0.652346053,0.07473439399999993,1.51,0.18999999999999995,10.8,0.1999999999999993,14.95,8.43,0.4864864864864865,-0.09502741175339047,1.0,0.0,0.3251651657065213,-0.4288205175390305,0.8392897525485665,-0.010056649963113173
GGT,GCT,0,0,0,0,0,0.0,0.0,0,0,0.652346053,0.41134040399999994,1.51,0.29000000000000004,10.8,7.599999999999998,14.95,2.0100000000000016,0.4864864864864865,0.17777344131134742,1.0,0.0,0.3251651657065213,0.24367213145533853,0.8392897525485665,0.3132437518675767
GGT,GGA,1,0,0,0,0,0.0,-0.0,0,0,0.652346053,0.347340553,1.51,-0.3700000000000001,10.8,5.699999999999999,14.95,-3.709999999999999,0.4864864864864865,0.2567567567567568,1.0,-0.24816053511705682,0.3251651657065213,-0.058716370734468504,0.8392897525485665,0.7079480470240005
GGT,GGG,1,0,0,0,0,0.0,-0.0,0,0,0.652346053,0.347183856,1.51,-1.01,10.8,5.699999999999999,14.95,-10.03,0.4864864864864865,0.2567567567567568,1.0,-0.6709030100334448,0.3251651657065213,-0.884886684695797,0.8392897525485665,0.1466127735160353
GGT,GGC,1,0,1,0,1,0.6960913790000001,-0.66,0,0,0.652346053,0.6960913790000001,1.51,-0.66,10.8,11.399999999999999,14.95,-6.52,0.4864864864864865,0.5135135135135135,1.0,-0.4361204013377926,0.3251651657065213,-0.6431303511579484,0.8392897525485665,0.37782435874981934
GGG,AGG,0,0,0,0,1,0.267017716,0.8200000000000001,0,0,0.999529909,0.267017716,0.5,0.8200000000000001,16.5,-4.5,4.92,7.42,0.7432432432432433,0.24036331413380596,0.3290969899665552,0.11494763040048334,1.2100518504023183,1.1821124817130768,0.6926769790325312,0.6513400358189027
GGG,TGG,0,0,1,0,0,0.0,0.0,0,0,0.999529909,0.0004700909999999503,0.5,0.5,16.5,-3.3000000000000007,4.92,21.47,0.7432432432432433,0.2567567567567567,0.3290969899665552,0.6709030100334448,1.2100518504023183,0.5172835294794107,0.6926769790325312,0.6926769790325312
GGG,CGG,0,0,0,0,0,0.0,-0.0,1,0,0.999529909,0.20979613100000005,0.5,-0.15000000000000002,16.5,-5.1,4.92,-1.6099999999999999,0.7432432432432433,0.19118298626495345,0.3290969899665552,-0.20998939730732524,1.2100518504023183,-0.026613315609159915,0.6926769790325312,-0.5472083581617379
GGG,GAG,0,0,1,0,1,0.15556476500000005,0.12,0,0,0.999529909,0.15556476500000005,0.5,0.12,16.5,23.1,4.92,3.51,0.7432432432432433,0.2567567567567567,0.3290969899665552,0.12267149877942551,1.2100518504023183,-0.3369804958443525,0.6926769790325312,0.07045886864386663
GGG,GTG,0,0,1,0,0,0.0,0.0,0,0,0.999529909,0.8538544829999999,0.5,0.18000000000000005,16.5,11.600000000000001,4.92,4.41,0.7432432432432433,0.2567567567567567,0.3290969899665552,0.06996203484097263,1.2100518504023183,0.10751728892187074,0.6926769790325312,-0.30999887063463805
GGG,GCG,0,0,0,0,0,-0.0,-0.0,1,0,0.999529909,-0.5748259040000001,0.5,-0.27,16.5,-9.1,4.92,-2.71,0.7432432432432433,-0.4760952288028101,0.3290969899665552,-0.1987903861929703,1.2100518504023183,0.0015643657218558094,0.6926769790325312,0.0793638204949515
GGG,GGA,1,0,0,0,1,0.00015669699999998343,0.6399999999999999,0,0,0.999529909,0.00015669699999998343,0.5,0.6399999999999999,16.5,0.0,4.92,6.32,0.7432432432432433,0.0,0.3290969899665552,0.422742474916388,1.2100518504023183,0.8261703139613286,0.6926769790325312,0.5613352735079652
GGG,GGT,1,0,0,0,0,-0.0,0.0,0,0,0.999529909,-0.347183856,0.5,1.01,16.5,-5.699999999999999,4.92,10.03,0.7432432432432433,-0.2567567567567568,0.3290969899665552,0.6709030100334448,1.2100518504023183,0.884886684695797,0.6926769790325312,-0.1466127735160353
GGG,GGC,1,0,1,0,0,0.0,0.0,0,0,0.999529909,0.34890752300000005,0.5,0.35,16.5,5.699999999999999,4.92,3.51,0.7432432432432433,0.2567567567567567,0.3290969899665552,0.2347826086956522,1.2100518504023183,0.24175633353784864,0.6926769790325312,0.23121158523378404
GGC,AGC,0,1,0,0,1,0.09119022899999996,0.19000000000000006,0,0,1.348437432,0.09119022899999996,0.85,0.19000000000000006,22.2,-2.6999999999999993,8.43,5.720000000000001,1.0,0.0,0.5638795986622074,0.15185130675003344,0.9682955168644697,0.6475956753840152,0.4614653937987472,0.13630159554878207
GGC,TGC,0,1,0,0,0,-0.0,-0.0,0,0,1.348437432,-0.260752093,0.85,-0.010000000000000009,22.2,-9.6,8.43,18.46,1.0,0.0,0.5638795986622074,0.16643001567782523,0.9682955168644697,0.2102378605411287,0.4614653937987472,0.2030601105275751
GGC,CGC,0,0,0,1,0,-0.0,-0.0,1,0,1.348437432,-0.2457776530000002,0.85,-0.42,22.2,-11.799999999999999,8.43,-4.42,1.0,-0.14754098360655732,0.5638795986622074,-0.41958308912640313,0.9682955168644697,0.01528095203562041,0.4614653937987472,-0.4802299185971777
GGC,GAC,0,1,0,0,1,-0.2775222700000002,0.0,0,0,1.348437432,-0.2775222700000002,0.85,0.0,22.2,2.900000000000002,8.43,3.91,1.0,0.0,0.5638795986622074,0.1723972509797973,0.9682955168644697,0.2582736892039731,0.4614653937987472,0.23043288979180165
GGC,GTC,0,0,0,1,0,-0.0,-0.0,0,0,1.348437432,-0.3952119140000001,0.85,-0.10999999999999999,22.2,-7.699999999999999,8.43,1.700000000000001,1.0,-0.48398576512455516,0.5638795986622074,-0.13060329412841776,0.9682955168644697,0.609648185698533,0.4614653937987472,0.20826406425366334
GGC,GCC,0,1,0,0,0,0.0,-0.0,0,0,1.348437432,0.2506870529999998,0.85,-0.12,22.2,5.5,8.43,-1.6099999999999994,1.0,0.0,0.5638795986622074,-0.16175695715277344,0.9682955168644697,-0.4332774244734522,0.4614653937987472,-0.3227016336448414
GGC,GGA,1,0,0,1,0,-0.0,0.0,0,0,1.348437432,-0.34875082600000007,0.85,0.2899999999999999,22.2,-5.699999999999999,8.43,2.8100000000000005,1.0,-0.2567567567567567,0.5638795986622074,0.1879598662207358,0.9682955168644697,0.5844139804234798,0.4614653937987472,0.33012368827418115
GGC,GGT,1,0,0,1,1,-0.6960913790000001,0.66,0,0,1.348437432,-0.6960913790000001,0.85,0.66,22.2,-11.399999999999999,8.43,6.52,1.0,-0.5135135135135135,0.5638795986622074,0.4361204013377926,0.9682955168644697,0.6431303511579484,0.4614653937987472,-0.37782435874981934
GGC,GGG,1,0,0,1,0,-0.0,-0.0,0,0,1.348437432,-0.34890752300000005,0.85,-0.35,22.2,-5.699999999999999,8.43,-3.51,1.0,-0.2567567567567567,0.5638795986622074,-0.2347826086956522,0.9682955168644697,-0.24175633353784864,0.4614653937987472,-0.23121158523378404
GCA,ACA,0,0,0,0,1,0.22426586599999998,0.22999999999999998,0,0,0.912485053,0.22426586599999998,1.24,0.22999999999999998,15.8,-0.7000000000000011,11.64,13.34,0.5703971119133574,0.22854468702844155,0.6863207547169812,0.3136792452830188,0.3055624977296293,-0.19781826314692363,0.30669495355056664,0.04960667492770654
GCA,TCA,0,0,0,0,0,-0.0,0.0,0,0,0.912485053,-0.009382164999999998,1.24,0.040000000000000036,15.8,-3.6000000000000014,11.64,5.719999999999999,0.5703971119133574,0.05524391372766824,0.6863207547169812,0.19177737376050996,0.3055624977296293,-0.047170259763363975,0.30669495355056664,-0.04208391623746671
GCA,CCA,0,0,0,0,0,0.0,0.0,0,0,0.912485053,0.19392505799999993,1.24,0.3400000000000001,15.8,1.0999999999999979,11.64,-0.10000000000000142,0.5703971119133574,0.2831382416219961,0.6863207547169812,0.3136792452830188,0.3055624977296293,-0.07593186311944505,0.30669495355056664,-0.04960925351378764
GCA,GAA,0,0,0,0,0,-0.0,0.0,0,0,0.912485053,-0.06757972700000003,1.24,0.1399999999999999,15.8,13.2,11.64,7.02,0.5703971119133574,0.16192612040987486,0.6863207547169812,0.3136792452830188,0.3055624977296293,-0.13535113683764693,0.30669495355056664,-0.18391924375717233
GCA,GTA,0,0,0,0,1,-0.446175411,-0.36,0,1,0.912485053,-0.446175411,1.24,-0.36,15.8,-8.700000000000001,11.64,0.5,0.5703971119133574,-0.31772807276744996,0.6863207547169812,-0.16707353487095888,0.3055624977296293,-0.23084850385445332,0.30669495355056664,-0.3283770726458741
GCA,GGA,0,0,0,0,0,0.0,-0.0,0,0,0.912485053,0.08720155299999999,1.24,-0.10000000000000009,15.8,0.6999999999999993,11.64,-0.40000000000000036,0.5703971119133574,0.1728461313298859,0.6863207547169812,0.065518710165962,0.3055624977296293,-0.07831903871136053,0.30669495355056664,0.1753532480260006
GCA,GCT,1,0,0,0,0,0.0,0.0,0,0,0.912485053,0.15120140399999993,1.24,0.56,15.8,2.599999999999998,11.64,5.32,0.5703971119133574,0.09386281588447654,0.6863207547169812,0.3136792452830188,0.3055624977296293,0.2240694634784465,0.30669495355056664,-0.2193510471304232
GCA,GCG,1,0,0,0,1,-0.48778104800000005,-1.01,1,0,0.912485053,-0.48778104800000005,1.24,-1.01,15.8,-8.4,11.64,-9.43,0.5703971119133574,-0.30324909747292417,0.6863207547169812,-0.5560141509433962,0.3055624977296293,-0.9029249869508332,0.30669495355056664,-0.3066182049870131
GCA,GCC,1,0,1,0,0,0.0,-0.0,0,0,0.912485053,0.6866394319999999,1.24,-0.51,15.8,11.899999999999999,11.64,-4.82,0.5703971119133574,0.4296028880866426,0.6863207547169812,-0.28419811320754723,0.3055624977296293,-1.0960104436082925,0.30669495355056664,-0.47747207389302193
GCT,ACT,0,0,0,0,1,-0.07661108100000003,-0.5,0,0,1.063686457,-0.07661108100000003,1.8,-0.5,18.4,-5.299999999999999,16.96,5.109999999999999,0.6642599277978339,0.0288617653238592,1.0,-0.11649319455564455,0.08149303425118279,-0.4401139558103564,0.5260460006809898,0.2506728625432215
GCT,TCT,0,0,0,0,0,0.0,-0.0,0,0,1.063686457,0.06182858400000013,1.8,-0.3900000000000001,18.4,-3.1999999999999993,16.96,2.099999999999998,0.6642599277978339,0.11522725168934556,1.0,-0.03591299949418314,0.08149303425118279,-0.14480343612264263,0.5260460006809898,0.3006970414045618
GCT,CCT,0,0,0,0,0,0.0,-0.0,0,0,1.063686457,0.08323886199999997,1.8,-0.33000000000000007,18.4,-0.8999999999999986,16.96,-6.220000000000001,0.6642599277978339,0.21957845604054982,1.0,-0.06932409012131702,0.08149303425118279,-0.4067327575975669,0.5260460006809898,0.27786832606605294
GCT,GAT,0,0,0,0,0,-0.0,-0.0,0,0,1.063686457,-0.134601619,1.8,-0.6500000000000001,18.4,3.400000000000002,16.96,-0.1999999999999993,0.6642599277978339,0.2042659686165087,1.0,0.0,0.08149303425118279,-0.1814218404899234,0.5260460006809898,0.31272883581939936
GCT,GTT,0,0,0,0,1,-0.33660601,-0.10000000000000009,0,0,1.063686457,-0.33660601,1.8,-0.10000000000000009,18.4,-7.399999999999999,16.96,6.419999999999998,0.6642599277978339,-0.2728008530647379,1.0,0.0,0.08149303425118279,-0.672492648994369,0.5260460006809898,-0.32330040183068987
GCT,GGT,0,0,0,0,0,-0.0,-0.0,0,0,1.063686457,-0.41134040399999994,1.8,-0.29000000000000004,18.4,-7.599999999999998,16.96,-2.0100000000000016,0.6642599277978339,-0.17777344131134742,1.0,0.0,0.08149303425118279,-0.24367213145533853,0.5260460006809898,-0.3132437518675767
GCT,GCA,1,0,0,0,0,-0.0,-0.0,0,0,1.063686457,-0.15120140399999993,1.8,-0.56,18.4,-2.599999999999998,16.96,-5.32,0.6642599277978339,-0.09386281588447654,1.0,-0.3136792452830188,0.08149303425118279,-0.2240694634784465,0.5260460006809898,0.2193510471304232
GCT,GCG,1,0,0,0,0,-0.0,-0.0,1,0,1.063686457,-0.638982452,1.8,-1.57,18.4,-10.999999999999998,16.96,-14.75,0.6642599277978339,-0.3971119133574007,1.0,-0.8696933962264151,0.08149303425118279,-1.1269944504292797,0.5260460006809898,-0.0872671578565899
GCT,GCC,1,0,1,0,1,0.535438028,-1.07,0,0,1.063686457,0.535438028,1.8,-1.07,18.4,9.3,16.96,-10.14,0.6642599277978339,0.33574007220216606,1.0,-0.5978773584905661,0.08149303425118279,-1.320079907086739,0.5260460006809898,-0.25812102676259874
GCG,ACG,0,0,0,0,1,0.03054353700000001,0.11999999999999997,0,0,0.424704005,0.03054353700000001,0.23,0.11999999999999997,7.4,-1.3000000000000007,2.21,3.8099999999999996,0.26714801444043323,0.0556033083108895,0.13030660377358488,0.11068619046180342,1.2084874846804625,1.1952859728219265,0.6133131585375797,0.3504049936590893
GCG,TCG,0,0,0,0,0,-0.0,0.0,0,0,0.424704005,-0.09831772299999997,0.23,0.01999999999999999,7.4,-3.0,2.21,1.2000000000000002,0.26714801444043323,-0.04150698879940756,0.13030660377358488,0.0421769571773509,1.2084874846804625,0.9535952350516725,0.6133131585375797,0.3466924823793577
GCG,CCG,0,0,0,0,0,0.0,0.0,0,0,0.424704005,0.028078973000000007,0.23,0.15,7.4,-0.5,2.21,0.6000000000000001,0.26714801444043323,0.08133683404441527,0.13030660377358488,0.11319426277754166,1.2084874846804625,0.31015055642290323,0.6133131585375797,0.4380714778318471
GCG,GAG,0,0,1,0,0,0.0,0.0,-1,0,0.424704005,0.7303906690000002,0.23,0.39,7.4,32.2,2.21,6.22,0.26714801444043323,0.7328519855595668,0.13030660377358488,0.3214618849723958,1.2084874846804625,-0.33854486156620833,0.6133131585375797,-0.008904951851084864
GCG,GTG,0,0,1,0,1,1.428680387,0.45000000000000007,-1,0,0.424704005,1.428680387,0.23,0.45000000000000007,7.4,20.700000000000003,2.21,7.12,0.26714801444043323,0.7328519855595668,0.13030660377358488,0.2687524210339429,1.2084874846804625,0.10595292320001493,0.6133131585375797,-0.38936269112958954
GCG,GGG,0,0,0,0,0,0.0,0.0,-1,0,0.424704005,0.5748259040000001,0.23,0.27,7.4,9.1,2.21,2.71,0.26714801444043323,0.4760952288028101,0.13030660377358488,0.1987903861929703,1.2084874846804625,-0.0015643657218558094,0.6133131585375797,-0.0793638204949515
GCG,GCA,1,0,0,0,1,0.48778104800000005,1.01,-1,0,0.424704005,0.48778104800000005,0.23,1.01,7.4,8.4,2.21,9.43,0.26714801444043323,0.30324909747292417,0.13030660377358488,0.5560141509433962,1.2084874846804625,0.9029249869508332,0.6133131585375797,0.3066182049870131
GCG,GCT,1,0,0,0,0,0.0,0.0,-1,0,0.424704005,0.638982452,0.23,1.57,7.4,10.999999999999998,2.21,14.75,0.26714801444043323,0.3971119133574007,0.13030660377358488,0.8696933962264151,1.2084874846804625,1.1269944504292797,0.6133131585375797,0.0872671578565899
GCG,GCC,1,0,1,0,0,0.0,0.0,-1,0,0.424704005,1.17442048,0.23,0.5,7.4,20.299999999999997,2.21,4.61,0.26714801444043323,0.7328519855595668,0.13030660377358488,0.27181603773584906,1.2084874846804625,-0.19308545665745935,0.6133131585375797,-0.17085386890600884
GCC,ACC,0,1,0,0,1,-0.17819832199999985,0.15000000000000002,0,0,1.599124485,-0.17819832199999985,0.73,0.15000000000000002,27.7,-8.8,6.82,8.23,1.0,0.0,0.40212264150943394,0.20035934407903683,1.4015729413379219,1.17378901046721,0.7841670274435886,0.3050247694636377
GCC,TCC,0,0,0,1,0,-0.0,-0.0,0,0,1.599124485,-0.2913672949999999,0.73,-0.16999999999999993,27.7,-10.0,6.82,0.6999999999999993,1.0,-0.09230769230769231,0.40212264150943394,-0.0217483370076636,1.4015729413379219,0.5455744397198868,0.7841670274435886,-0.06396506905555854
GCC,CCC,0,1,0,0,0,-0.0,-0.0,0,0,1.599124485,-0.3052428919999999,0.73,-0.15000000000000002,27.7,-7.899999999999999,6.82,-2.6100000000000003,1.0,0.0,0.40212264150943394,-0.03730461724600237,1.4015729413379219,-0.14664634866827764,0.7841670274435886,-0.018206835253202547
GCC,GAC,0,1,0,0,0,-0.0,0.0,0,0,1.599124485,-0.528209323,0.73,0.12,27.7,-2.599999999999998,6.82,5.52,1.0,0.0,0.40212264150943394,0.33415420813257074,1.4015729413379219,0.6915511136774253,0.7841670274435886,0.553134523436643
GCC,GTC,0,0,0,1,1,-0.6458989669999999,0.010000000000000009,0,0,1.599124485,-0.6458989669999999,0.73,0.010000000000000009,27.7,-13.2,6.82,3.3100000000000005,1.0,-0.48398576512455516,0.40212264150943394,0.031153663024355682,1.4015729413379219,1.0429256101719853,0.7841670274435886,0.5309656978985047
GCC,GGC,0,1,0,0,0,-0.0,0.0,0,0,1.599124485,-0.2506870529999998,0.73,0.12,27.7,-5.5,6.82,1.6099999999999994,1.0,0.0,0.40212264150943394,0.16175695715277344,1.4015729413379219,0.4332774244734522,0.7841670274435886,0.3227016336448414
GCC,GCA,1,0,0,1,0,-0.0,0.0,0,0,1.599124485,-0.6866394319999999,0.73,0.51,27.7,-11.899999999999999,6.82,4.82,1.0,-0.4296028880866426,0.40212264150943394,0.28419811320754723,1.4015729413379219,1.0960104436082925,0.7841670274435886,0.47747207389302193
GCC,GCT,1,0,0,1,1,-0.535438028,1.07,0,0,1.599124485,-0.535438028,0.73,1.07,27.7,-9.3,6.82,10.14,1.0,-0.33574007220216606,0.40212264150943394,0.5978773584905661,1.4015729413379219,1.320079907086739,0.7841670274435886,0.25812102676259874
GCC,GCG,1,0,0,1,0,-0.0,-0.0,1,0,1.599124485,-1.17442048,0.73,-0.5,27.7,-20.299999999999997,6.82,-4.61,1.0,-0.7328519855595668,0.40212264150943394,-0.27181603773584906,1.4015729413379219,0.19308545665745935,0.7841670274435886,0.17085386890600884
CAA,AAA,0,0,0,0,0,0.0,0.0,0,0,0.530033518,0.3380651840000001,1.43,0.040000000000000036,12.3,12.099999999999998,23.38,7.02,0.35964912280701755,0.4052411593246439,1.0,0.0,0.6422816936655504,0.42242221755253057,0.9924894771980115,0.4657772176024293
CAA,TAA,0,0,0,0,1,-0.46563709099999995,-0.09999999999999987,0,1,0.530033518,-0.46563709099999995,1.43,-0.09999999999999987,12.3,-11.3,23.38,10.930000000000003,0.35964912280701755,0.26535087719298245,1.0,0.0,0.6422816936655504,-2.893155163204808,0.9924894771980115,-2.0353865938130875
CAA,GAA,0,0,0,0,0,0.0,-0.0,0,0,0.530033518,0.31487180800000003,1.43,-0.050000000000000044,12.3,16.7,23.38,-4.719999999999999,0.35964912280701755,0.3726741095162147,1.0,0.0,0.6422816936655504,0.2013680590982742,0.9924894771980115,0.5018752798902726
CAA,CTA,0,0,0,0,0,-0.0,-0.0,0,1,0.530033518,-0.10175248399999998,1.43,-0.69,12.3,-5.1000000000000005,23.38,-12.34,0.35964912280701755,-0.17783094098883573,1.0,-0.5257731958762888,0.6422816936655504,0.21483767883861088,0.9924894771980115,0.44561889259534737
CAA,CGA,0,0,0,0,1,0.12284138200000005,-1.0999999999999999,1,0,0.530033518,0.12284138200000005,1.43,-1.0999999999999999,12.3,-6.1000000000000005,23.38,-20.27,0.35964912280701755,0.14854759850445787,1.0,-0.888089240734077,0.6422816936655504,-0.04764487219435276,0.9924894771980115,0.3101965980707634
CAA,CCA,0,0,0,0,0,0.0,0.0,0,0,0.530033518,0.576376593,1.43,0.15000000000000013,12.3,4.599999999999998,23.38,-11.84,0.35964912280701755,0.49388623072833593,1.0,0.0,0.6422816936655504,0.2607873328164761,0.9924894771980115,0.6361852701336572
CAA,CAT,0,0,0,0,0,0.0,-0.0,0,0,0.530033518,0.306996908,1.43,-0.3899999999999999,12.3,-1.4000000000000004,23.38,-6.119999999999997,0.35964912280701755,0.36220518182874406,1.0,0.0,0.6422816936655504,0.18265279724536648,0.9924894771980115,0.7753739061458579
CAA,CAG,1,0,1,0,1,0.939932964,-0.86,0,0,0.530033518,0.939932964,1.43,-0.86,12.3,21.900000000000002,23.38,-14.149999999999999,0.35964912280701755,0.6403508771929824,1.0,-0.6052181351582548,0.6422816936655504,-0.6674849018882483,0.9924894771980115,0.04513095987432447
CAA,CAC,0,0,1,0,0,0.0,-0.0,0,0,0.530033518,0.6329360559999999,1.43,-0.47,12.3,2.799999999999999,23.38,-7.329999999999998,0.35964912280701755,0.6403508771929824,1.0,-0.0701042873696408,0.6422816936655504,0.5812675879104042,0.9924894771980115,0.8006907711343538
CAT,AAT,0,0,0,0,0,0.0,0.0,0,0,0.837030426,0.10370355500000006,1.04,0.06000000000000005,10.9,6.1,17.26,8.829999999999998,0.7218543046357616,0.16819805138518074,1.0,0.0,0.45962889642018395,0.03129014132776298,0.21711557105215365,0.060710513690993284
CAT,TAT,0,0,0,0,1,0.04964579300000005,0.06000000000000005,0,1,0.837030426,0.04964579300000005,1.04,0.06000000000000005,10.9,1.299999999999999,17.26,10.629999999999999,0.7218543046357616,0.07553131627927101,1.0,0.0,0.45962889642018395,-0.3672033534800027,0.21711557105215365,0.0015299986235657037
CAT,GAT,0,0,0,0,0,0.0,0.0,0,0,0.837030426,0.09205441199999997,1.04,0.10999999999999988,10.9,10.9,17.26,-0.5,0.7218543046357616,0.14667159177858102,1.0,0.0,0.45962889642018395,0.19671402167907776,0.21711557105215365,0.0037984061905631528
CAT,CTT,0,0,0,0,0,-0.0,0.0,0,0,0.837030426,-0.04673495399999994,1.04,0.3699999999999999,10.9,2.299999999999999,17.26,3.6099999999999994,0.7218543046357616,-0.3885209713024283,1.0,-0.10352233676975942,0.45962889642018395,0.0015330049233995835,0.21711557105215365,-0.36182252159536565
CAT,CGT,0,0,0,0,1,-0.356385258,-0.4600000000000001,1,0,0.837030426,-0.356385258,1.04,-0.4600000000000001,10.9,-6.4,17.26,-11.840000000000002,0.7218543046357616,-0.35300184561936815,1.0,-0.8049658150413818,0.45962889642018395,0.2736104777449032,0.21711557105215365,0.02921676891982447
CAT,CCT,0,0,0,0,0,0.0,0.0,0,0,0.837030426,0.30989489299999995,1.04,0.42999999999999994,10.9,6.6,17.26,-6.520000000000001,0.7218543046357616,0.16198407920262214,1.0,-0.06932409012131702,0.45962889642018395,-0.028596895428565694,0.21711557105215365,-0.031062103562783272
CAT,CAA,0,0,0,0,0,-0.0,0.0,0,0,0.837030426,-0.306996908,1.04,0.3899999999999999,10.9,1.4000000000000004,17.26,6.119999999999997,0.7218543046357616,-0.36220518182874406,1.0,0.0,0.45962889642018395,-0.18265279724536648,0.21711557105215365,-0.7753739061458579
CAT,CAG,0,0,1,0,0,0.0,-0.0,0,0,0.837030426,0.632936056,1.04,-0.4700000000000001,10.9,23.300000000000004,17.26,-8.030000000000001,0.7218543046357616,0.2781456953642384,1.0,-0.6052181351582548,0.45962889642018395,-0.8501376991336147,0.21711557105215365,-0.7302429462715334
CAT,CAC,1,0,1,0,1,0.3259391479999999,-0.08000000000000007,0,0,0.837030426,0.3259391479999999,1.04,-0.08000000000000007,10.9,4.199999999999999,17.26,-1.2100000000000009,0.7218543046357616,0.2781456953642384,1.0,-0.0701042873696408,0.45962889642018395,0.39861479066503774,0.21711557105215365,0.025316864988496002
CAG,AAG,0,1,0,0,0,-0.0,-0.0,0,0,1.469966482,-0.33806518399999996,0.57,-0.039999999999999925,34.2,-2.3000000000000043,9.23,1.8099999999999987,1.0,0.0,0.3947818648417451,-0.03162397010490303,1.3097665955537987,0.24868562661194904,0.947358517323687,0.1885814614877256
CAG,TAG,0,0,0,1,1,-1.418639564,-0.06999999999999995,0,1,1.469966482,-1.418639564,0.57,-0.06999999999999995,34.2,-33.400000000000006,9.23,3.6099999999999994,1.0,-0.5,0.3947818648417451,-0.02054694790790662,1.3097665955537987,-1.4659422540222258,0.947358517323687,-1.3290342491888638
CAG,GAG,0,1,0,0,0,-0.0,0.0,0,0,1.469966482,-0.3148718079999999,0.57,0.050000000000000044,34.2,5.399999999999999,9.23,-0.8000000000000007,1.0,0.0,0.3947818648417451,0.05698662390423559,1.3097665955537987,-0.23726575069287215,0.947358517323687,0.32514040693502244
CAG,CTG,0,1,0,0,0,0.0,-0.0,0,0,1.469966482,0.90424306,0.57,-0.029999999999999916,34.2,5.399999999999999,9.23,-1.200000000000001,1.0,0.0,0.3947818648417451,-0.04985059336408193,1.3097665955537987,-0.28587799474796594,0.947358517323687,-0.5334921797673419
CAG,CGG,0,0,0,1,1,-0.2606404419999999,-0.21999999999999997,1,0,1.469966482,-0.2606404419999999,0.57,-0.21999999999999997,34.2,-22.800000000000004,9.23,-5.92,1.0,-0.06557377049180324,0.3947818648417451,-0.27567427218251517,1.3097665955537987,0.07310142954232046,0.947358517323687,-0.29252681987058204
CAG,CCG,0,0,0,1,0,-0.0,-0.0,1,0,1.469966482,-1.0171835040000001,0.57,-0.18999999999999995,34.2,-27.300000000000004,9.23,-6.42,1.0,-0.6515151515151515,0.3947818648417451,-0.15128099829061856,1.3097665955537987,0.4114296672962394,0.947358517323687,0.7721168366179544
CAG,CAA,1,0,0,1,1,-0.939932964,0.86,0,0,1.469966482,-0.939932964,0.57,0.86,34.2,-21.900000000000002,9.23,14.149999999999999,1.0,-0.6403508771929824,0.3947818648417451,0.6052181351582548,1.3097665955537987,0.6674849018882483,0.947358517323687,-0.04513095987432447
CAG,CAT,0,0,0,1,0,-0.0,0.0,0,0,1.469966482,-0.632936056,0.57,0.4700000000000001,34.2,-23.300000000000004,9.23,8.030000000000001,1.0,-0.2781456953642384,0.3947818648417451,0.6052181351582548,1.3097665955537987,0.8501376991336147,0.947358517323687,0.7302429462715334
CAG,CAC,0,1,0,0,0,-0.0,0.0,0,0,1.469966482,-0.3069969080000001,0.57,0.39,34.2,-19.1,9.23,6.82,1.0,0.0,0.3947818648417451,0.5351138477886141,1.3097665955537987,1.2487524897986524,0.947358517323687,0.7555598112600294
CAC,AAC,0,1,0,0,0,-0.0,-0.0,0,0,1.162969574,-0.10370355499999984,0.96,-0.05999999999999994,15.1,4.000000000000002,16.05,5.219999999999999,1.0,0.0,0.9298957126303592,-0.11464082570050105,0.061014105755146215,-0.04659518840441542,0.19179870606365765,0.028861957031289104
CAC,TAC,0,1,0,0,1,-0.04964579299999983,-0.05999999999999994,0,1,1.162969574,-0.04964579299999983,0.96,-0.05999999999999994,15.1,0.20000000000000107,16.05,6.73,1.0,0.0,0.9298957126303592,-0.1131155046705169,0.061014105755146215,-0.3370160238655001,0.19179870606365765,-0.020911747937740394
CAC,GAC,0,1,0,0,0,-0.0,-0.0,0,0,1.162969574,-0.09205441199999997,0.96,-0.10999999999999999,15.1,10.000000000000002,16.05,-3.710000000000001,1.0,0.0,0.9298957126303592,-0.1936188629883545,0.061014105755146215,-0.6490077219053504,0.19179870606365765,-0.03923379794328788
CAC,CTC,0,0,0,1,0,0.0,-0.0,0,0,1.162969574,0.010491381000000022,0.96,-0.42999999999999994,15.1,4.500000000000002,16.05,-8.22,1.0,-0.505050505050505,0.9298957126303592,-0.5935555064447922,0.061014105755146215,-0.8565529504786137,0.19179870606365765,-0.6030370298652562
CAC,CGC,0,0,0,1,1,-0.060309795,-0.53,1,0,1.162969574,-0.060309795,0.96,-0.53,15.1,-4.699999999999999,16.05,-12.040000000000001,1.0,-0.14754098360655732,0.9298957126303592,-0.7855992030945549,0.061014105755146215,-0.8920004590737031,0.19179870606365765,-0.7498966063322672
CAC,CCC,0,1,0,0,0,0.0,-0.0,0,0,1.162969574,0.13091201900000016,0.96,-0.38,15.1,4.700000000000001,16.05,-11.84,1.0,0.0,0.9298957126303592,-0.5650776883669276,0.061014105755146215,-1.4872051842510532,0.19179870606365765,-0.6105751566331334
CAC,CAA,0,0,0,1,0,-0.0,0.0,0,0,1.162969574,-0.6329360559999999,0.96,0.47,15.1,-2.799999999999999,16.05,7.329999999999998,1.0,-0.6403508771929824,0.9298957126303592,0.0701042873696408,0.061014105755146215,-0.5812675879104042,0.19179870606365765,-0.8006907711343538
CAC,CAT,1,0,0,1,1,-0.3259391479999999,0.08000000000000007,0,0,1.162969574,-0.3259391479999999,0.96,0.08000000000000007,15.1,-4.199999999999999,16.05,1.2100000000000009,1.0,-0.2781456953642384,0.9298957126303592,0.0701042873696408,0.061014105755146215,-0.39861479066503774,0.19179870606365765,-0.025316864988496002
CAC,CAG,0,1,0,0,0,0.0,-0.0,0,0,1.162969574,0.3069969080000001,0.96,-0.39,15.1,19.1,16.05,-6.82,1.0,0.0,0.9298957126303592,-0.5351138477886141,0.061014105755146215,-1.2487524897986524,0.19179870606365765,-0.7555598112600294
CTA,ATA,0,0,0,0,0,0.0,0.0,0,0,0.428281034,0.078903518,0.74,0.06000000000000005,7.2,0.2999999999999998,11.04,0.6000000000000014,0.18181818181818182,0.17875874125874125,0.47422680412371127,0.08351157632669598,0.42744401482693956,-0.012100406934087482,0.5468705846026641,0.09113380218066736
CTA,TTA,1,0,0,0,1,0.031124839999999987,0.8300000000000001,0,0,0.428281034,0.031124839999999987,0.74,0.8300000000000001,7.2,0.5,11.04,12.240000000000002,0.18181818181818182,0.012626262626262624,0.47422680412371127,0.5257731958762888,0.42744401482693956,-0.6789302791766594,0.5468705846026641,-0.6820262373235094
CTA,GTA,0,0,0,0,0,0.0,0.0,0,0,0.428281034,0.03802860800000002,0.74,0.14,7.2,-0.10000000000000053,11.04,1.1000000000000014,0.18181818181818182,0.07085085732772561,0.47422680412371127,0.045020415722311025,0.42744401482693956,-0.10896698675714306,0.5468705846026641,-0.08820144159377663
CTA,CAA,0,0,0,0,0,0.0,0.0,0,-1,0.428281034,0.10175248399999998,0.74,0.69,7.2,5.1000000000000005,11.04,12.34,0.18181818181818182,0.17783094098883573,0.47422680412371127,0.5257731958762888,0.42744401482693956,-0.21483767883861088,0.5468705846026641,-0.44561889259534737
CTA,CGA,0,0,0,0,0,0.0,-0.0,1,-1,0.428281034,0.22459386600000003,0.74,-0.41,7.2,-1.0,11.04,-7.93,0.18181818181818182,0.3263785394932936,0.47422680412371127,-0.3623160448577883,0.42744401482693956,-0.26248255103296364,0.5468705846026641,-0.13542229452458399
CTA,CCA,0,0,0,0,1,0.6781290769999999,0.8400000000000001,0,-1,0.428281034,0.6781290769999999,0.74,0.8400000000000001,7.2,9.7,11.04,0.5,0.18181818181818182,0.6717171717171717,0.47422680412371127,0.5257731958762888,0.42744401482693956,0.04594965397786521,0.5468705846026641,0.19056637753830985
CTA,CTT,1,0,0,0,0,0.0,0.0,0,-1,0.428281034,0.36201443800000005,0.74,0.6699999999999999,7.2,5.999999999999999,11.04,9.830000000000002,0.18181818181818182,0.1515151515151515,0.47422680412371127,0.4222508591065293,0.42744401482693956,-0.030651876669844813,0.5468705846026641,-0.03206750804485514
CTA,CTG,1,0,1,0,1,1.945928508,-0.19999999999999996,0,-1,0.428281034,1.945928508,0.74,-0.19999999999999996,7.2,32.4,11.04,-3.01,0.18181818181818182,0.8181818181818181,0.47422680412371127,-0.1292955326460481,0.42744401482693956,-1.168200575474825,0.5468705846026641,-0.9339801124883648
CTA,CTC,1,0,0,0,0,0.0,-0.0,0,-1,0.428281034,0.7451799209999999,0.74,-0.20999999999999996,7.2,12.400000000000002,11.04,-3.209999999999999,0.18181818181818182,0.31313131313131315,0.47422680412371127,-0.13788659793814428,0.42744401482693956,-0.49012304140682034,0.5468705846026641,-0.24796515132624974
CTT,ATT,0,0,0,0,0,0.0,0.0,0,0,0.790295472,0.29292110699999985,1.41,0.020000000000000018,13.2,2.8000000000000007,20.87,0.0,0.3333333333333333,0.43589743589743585,0.8964776632302406,0.10352233676975942,0.45809589149678437,0.1923718926474562,0.5789380926475193,0.3011985770105186
CTT,TTT,0,0,0,0,1,0.13797306799999998,-0.11999999999999988,0,0,0.790295472,0.13797306799999998,1.41,-0.11999999999999988,13.2,4.400000000000002,20.87,17.56,0.3333333333333333,0.5336617405582924,0.8964776632302406,0.10352233676975942,0.45809589149678437,-0.32284361103586195,0.5789380926475193,0.24986166121713216
CTT,GTT,0,0,0,0,0,-0.0,0.0,0,0,0.790295472,-0.06321502500000009,1.41,0.29000000000000004,13.2,-2.1999999999999993,20.87,2.509999999999998,0.3333333333333333,0.05812574139976273,0.8964776632302406,0.10352233676975942,0.45809589149678437,-0.29588979174876745,0.5789380926475193,-0.2704083098641604
CTT,CAT,0,0,0,0,0,0.0,-0.0,0,0,0.790295472,0.04673495399999994,1.41,-0.3699999999999999,13.2,-2.299999999999999,20.87,-3.6099999999999994,0.3333333333333333,0.3885209713024283,0.8964776632302406,0.10352233676975942,0.45809589149678437,-0.0015330049233995835,0.5789380926475193,0.36182252159536565
CTT,CGT,0,0,0,0,0,-0.0,-0.0,1,0,0.790295472,-0.30965030400000004,1.41,-0.83,13.2,-8.7,20.87,-15.450000000000001,0.3333333333333333,0.03551912568306015,0.8964776632302406,-0.7014434782716223,0.45809589149678437,0.27207747282150363,0.5789380926475193,0.3910392905151901
CTT,CCT,0,0,0,0,1,0.3566298469999999,0.06000000000000005,0,0,0.790295472,0.3566298469999999,1.41,0.06000000000000005,13.2,4.300000000000001,20.87,-10.13,0.3333333333333333,0.5505050505050504,0.8964776632302406,0.0341982466484424,0.45809589149678437,-0.030129900351965277,0.5789380926475193,0.3307604180325824
CTT,CTA,1,0,0,0,0,-0.0,-0.0,0,1,0.790295472,-0.36201443800000005,1.41,-0.6699999999999999,13.2,-5.999999999999999,20.87,-9.830000000000002,0.3333333333333333,-0.1515151515151515,0.8964776632302406,-0.4222508591065293,0.45809589149678437,0.030651876669844813,0.5789380926475193,0.03206750804485514
CTT,CTG,1,0,1,0,0,0.0,-0.0,0,0,0.790295472,1.58391407,1.41,-0.8699999999999999,13.2,26.400000000000002,20.87,-12.840000000000002,0.3333333333333333,0.6666666666666667,0.8964776632302406,-0.5515463917525774,0.45809589149678437,-1.1375486988049803,0.5789380926475193,-0.9019126044435096
CTT,CTC,1,0,0,0,1,0.38316548299999986,-0.8799999999999999,0,0,0.790295472,0.38316548299999986,1.41,-0.8799999999999999,13.2,6.400000000000002,20.87,-13.040000000000001,0.3333333333333333,0.16161616161616166,0.8964776632302406,-0.5601374570446735,0.45809589149678437,-0.4594711647369755,0.5789380926475193,-0.2158976432813946
CTG,ATG,0,1,0,0,0,-0.0,0.0,0,0,2.374209542,-1.374209542,0.54,0.45999999999999996,39.6,-17.6,8.03,3.710000000000001,1.0,0.0,0.34493127147766317,0.6550687285223369,1.5956445903017646,0.9676039513433993,1.480850697091029,1.480850697091029
CTG,TTG,1,0,0,1,1,-1.59986242,0.6699999999999999,0,0,2.374209542,-1.59986242,0.54,0.6699999999999999,39.6,-26.700000000000003,8.03,9.83,1.0,-0.6742424242424243,0.34493127147766317,0.4222508591065292,1.5956445903017646,1.2703083262210382,1.480850697091029,1.034495309589928
CTG,GTG,0,1,0,0,0,-0.0,0.0,0,0,2.374209542,-0.5208251500000001,0.54,0.14,39.6,-11.5,8.03,1.3000000000000007,1.0,0.0,0.34493127147766317,0.054127753329864636,1.5956445903017646,0.49311002882131705,1.480850697091029,0.47817484742385963
CTG,CAG,0,1,0,0,0,-0.0,0.0,0,0,2.374209542,-0.90424306,0.54,0.029999999999999916,39.6,-5.399999999999999,8.03,1.200000000000001,1.0,0.0,0.34493127147766317,0.04985059336408193,1.5956445903017646,0.28587799474796594,1.480850697091029,0.5334921797673419
CTG,CGG,0,0,0,1,0,-0.0,-0.0,1,0,2.374209542,-1.164883502,0.54,-0.19000000000000006,39.6,-28.200000000000003,8.03,-4.719999999999999,1.0,-0.06557377049180324,0.34493127147766317,-0.22582367881843324,1.5956445903017646,0.3589794242902864,1.480850697091029,0.24096535989675982
CTG,CCG,0,0,0,1,1,-1.921426564,-0.16000000000000003,1,0,2.374209542,-1.921426564,0.54,-0.16000000000000003,39.6,-32.7,8.03,-5.219999999999999,1.0,-0.6515151515151515,0.34493127147766317,-0.10143040492653663,1.5956445903017646,0.6973076620442054,1.480850697091029,1.3056090163852963
CTG,CTA,1,0,0,1,1,-1.945928508,0.19999999999999996,0,1,2.374209542,-1.945928508,0.54,0.19999999999999996,39.6,-32.4,8.03,3.01,1.0,-0.8181818181818181,0.34493127147766317,0.1292955326460481,1.5956445903017646,1.168200575474825,1.480850697091029,0.9339801124883648
CTG,CTT,1,0,0,1,0,-0.0,0.0,0,0,2.374209542,-1.58391407,0.54,0.8699999999999999,39.6,-26.400000000000002,8.03,12.840000000000002,1.0,-0.6666666666666667,0.34493127147766317,0.5515463917525774,1.5956445903017646,1.1375486988049803,1.480850697091029,0.9019126044435096
CTG,CTC,1,0,0,1,0,-0.0,-0.0,0,0,2.374209542,-1.200748587,0.54,-0.010000000000000009,39.6,-20.0,8.03,-0.1999999999999993,1.0,-0.505050505050505,0.34493127147766317,-0.00859106529209619,1.5956445903017646,0.6780775340680048,1.480850697091029,0.686014961162115
CTC,ATC,0,0,1,0,0,0.0,0.0,0,0,1.173460955,0.23613791400000017,0.53,0.24,19.6,1.1999999999999993,7.83,3.41,0.494949494949495,0.505050505050505,0.336340206185567,0.20223190689541043,0.9175670562337599,0.30209291399203253,0.7948357359289139,0.1901657979503284
CTC,TTC,0,0,1,0,1,-0.10172949499999984,0.17999999999999994,0,0,1.173460955,-0.10172949499999984,0.53,0.17999999999999994,19.6,0.6999999999999993,7.83,13.24,0.494949494949495,0.505050505050505,0.336340206185567,0.2119293748708993,0.9175670562337599,0.8803377144654039,0.7948357359289139,0.3830698994461715
CTC,GTC,0,0,0,0,0,-0.0,0.0,0,0,1.173460955,-0.22023543699999992,0.53,0.20999999999999996,19.6,-5.100000000000001,7.83,2.3000000000000007,0.494949494949495,0.02106473992594987,0.336340206185567,0.09693609834822264,0.9175670562337599,0.5589197250678233,0.7948357359289139,0.5416344063838301
CTC,CAC,0,0,1,0,0,-0.0,0.0,0,0,1.173460955,-0.010491381000000022,0.53,0.42999999999999994,19.6,-4.500000000000002,7.83,8.22,0.494949494949495,0.505050505050505,0.336340206185567,0.5935555064447922,0.9175670562337599,0.8565529504786137,0.7948357359289139,0.6030370298652562
CTC,CGC,0,0,0,0,0,-0.0,-0.0,1,0,1.173460955,-0.07080117600000002,0.53,-0.10000000000000003,19.6,-9.200000000000001,7.83,-3.8200000000000003,0.494949494949495,0.3575095214439477,0.336340206185567,-0.19204369664976273,0.9175670562337599,-0.03544750859508938,0.7948357359289139,-0.14685957646701098
CTC,CCC,0,0,1,0,1,0.12042063800000014,0.04999999999999993,0,0,1.173460955,0.12042063800000014,0.53,0.04999999999999993,19.6,0.1999999999999993,7.83,-3.62,0.494949494949495,0.505050505050505,0.336340206185567,0.028477818077864592,0.9175670562337599,-0.6306522337724396,0.7948357359289139,-0.00753812676787724
CTC,CTA,1,0,0,0,0,-0.0,0.0,0,1,1.173460955,-0.7451799209999999,0.53,0.20999999999999996,19.6,-12.400000000000002,7.83,3.209999999999999,0.494949494949495,-0.31313131313131315,0.336340206185567,0.13788659793814428,0.9175670562337599,0.49012304140682034,0.7948357359289139,0.24796515132624974
CTC,CTT,1,0,0,0,1,-0.38316548299999986,0.8799999999999999,0,0,1.173460955,-0.38316548299999986,0.53,0.8799999999999999,19.6,-6.400000000000002,7.83,13.040000000000001,0.494949494949495,-0.16161616161616166,0.336340206185567,0.5601374570446735,0.9175670562337599,0.4594711647369755,0.7948357359289139,0.2158976432813946
CTC,CTG,1,0,1,0,0,0.0,0.0,0,0,1.173460955,1.200748587,0.53,0.010000000000000009,19.6,20.0,7.83,0.1999999999999993,0.494949494949495,0.505050505050505,0.336340206185567,0.00859106529209619,0.9175670562337599,-0.6780775340680048,0.7948357359289139,-0.686014961162115
CGA,AGA,1,0,1,0,0,0.0,0.0,-1,0,0.6528749,0.635071588,0.33,2.65,6.2,5.999999999999999,3.11,24.68,0.5081967213114754,0.4918032786885246,0.11191075926592299,0.888089240734077,0.6899265658599032,-0.13331372615529835,0.6822928791272481,-0.15658134115483735
CGA,TGA,0,0,1,0,1,-0.551789214,0.8499999999999999,-1,0,0.6528749,-0.551789214,0.33,0.8499999999999999,6.2,-4.6,3.11,27.39,0.5081967213114754,0.4918032786885246,0.11191075926592299,0.7770428985597837,0.6899265658599032,-2.257796488507727,0.6822928791272481,-1.7750083049212915
CGA,GGA,0,0,0,0,0,0.0,0.0,-1,0,0.6528749,0.346811706,0.33,0.8099999999999998,6.2,10.3,3.11,8.13,0.5081967213114754,0.2350465219317679,0.11191075926592299,0.6399287056170202,0.6899265658599032,0.3060450294189134,0.6822928791272481,0.5509511736026821
CGA,CAA,0,0,0,0,1,-0.12284138200000005,1.0999999999999999,-1,0,0.6528749,-0.12284138200000005,0.33,1.0999999999999999,6.2,6.1000000000000005,3.11,20.27,0.5081967213114754,-0.14854759850445787,0.11191075926592299,0.888089240734077,0.6899265658599032,0.04764487219435276,0.6822928791272481,-0.3101965980707634
CGA,CTA,0,0,0,0,0,-0.0,0.0,-1,1,0.6528749,-0.22459386600000003,0.33,0.41,6.2,1.0,3.11,7.93,0.5081967213114754,-0.3263785394932936,0.11191075926592299,0.3623160448577883,0.6899265658599032,0.26248255103296364,0.6822928791272481,0.13542229452458399
CGA,CCA,0,0,0,0,0,0.0,0.0,-1,0,0.6528749,0.45353521099999994,0.33,1.25,6.2,10.7,3.11,8.43,0.5081967213114754,0.34533863222387806,0.11191075926592299,0.888089240734077,0.6899265658599032,0.30843220501082885,0.6822928791272481,0.32598867206289384
CGA,CGT,1,0,0,0,0,-0.0,0.0,0,0,0.6528749,-0.17222973200000002,0.33,0.24999999999999994,6.2,-1.7000000000000002,3.11,2.31,0.5081967213114754,-0.13934426229508196,0.11191075926592299,0.08312342569269522,0.6899265658599032,0.5039081471846224,0.6822928791272481,0.49439407699491894
CGA,CGG,1,0,0,0,1,0.5564511400000001,0.019999999999999962,0,0,0.6528749,0.5564511400000001,0.33,0.019999999999999962,6.2,5.2,3.11,0.20000000000000018,0.5081967213114754,0.42622950819672134,0.11191075926592299,0.007196833393306956,0.6899265658599032,-0.546738600151575,0.6822928791272481,-0.557592458067021
CGA,CGC,1,0,0,0,0,0.0,0.0,0,0,0.6528749,0.44978487899999986,0.33,0.09999999999999998,6.2,4.2,3.11,0.8999999999999999,0.5081967213114754,0.34426229508196726,0.11191075926592299,0.03238575026988126,0.6899265658599032,-0.2630879989689461,0.6822928791272481,-0.25940243326867674
CGT,AGT,0,0,0,0,0,0.0,0.0,-1,0,0.480645168,0.41696577,0.58,0.88,4.5,7.6,5.42,14.35,0.36885245901639346,0.25166036149642707,0.1950341849586182,0.8049658150413818,0.18601841867528077,-0.30494176590454936,0.18789880213232918,-0.2985561920469907
CGT,TGT,0,0,0,0,1,0.431669493,0.58,-1,0,0.480645168,0.431669493,0.58,0.58,4.5,6.1,5.42,31.4,0.36885245901639346,0.4724173822534478,0.1950341849586182,0.8049658150413818,0.18601841867528077,-1.0591687560116296,0.18789880213232918,-0.05229152837419124
CGT,GGT,0,0,0,0,0,0.0,0.0,-1,0,0.480645168,0.17170088500000003,0.58,0.93,4.5,6.300000000000001,5.42,9.53,0.36885245901639346,0.11763402747009305,0.1950341849586182,0.8049658150413818,0.18601841867528077,-0.13914674703124055,0.18789880213232918,-0.6513909504162374
CGT,CAT,0,0,0,0,1,0.356385258,0.4600000000000001,-1,0,0.480645168,0.356385258,0.58,0.4600000000000001,4.5,6.4,5.42,11.840000000000002,0.36885245901639346,0.35300184561936815,0.1950341849586182,0.8049658150413818,0.18601841867528077,-0.2736104777449032,0.18789880213232918,-0.02921676891982447
CGT,CTT,0,0,0,0,0,0.0,0.0,-1,0,0.480645168,0.30965030400000004,0.58,0.83,4.5,8.7,5.42,15.450000000000001,0.36885245901639346,-0.03551912568306015,0.1950341849586182,0.7014434782716223,0.18601841867528077,-0.27207747282150363,0.18789880213232918,-0.3910392905151901
CGT,CCT,0,0,0,0,0,0.0,0.0,-1,0,0.480645168,0.6662801509999999,0.58,0.89,4.5,13.0,5.42,5.32,0.36885245901639346,0.5149859248219903,0.1950341849586182,0.7356417249200647,0.18601841867528077,-0.3022073731734689,0.18789880213232918,-0.06027887248260774
CGT,CGA,1,0,0,0,0,0.0,-0.0,0,0,0.480645168,0.17222973200000002,0.58,-0.24999999999999994,4.5,1.7000000000000002,5.42,-2.31,0.36885245901639346,0.13934426229508196,0.1950341849586182,-0.08312342569269522,0.18601841867528077,-0.5039081471846224,0.18789880213232918,-0.49439407699491894
CGT,CGG,1,0,0,0,0,0.0,-0.0,0,0,0.480645168,0.7286808720000001,0.58,-0.22999999999999998,4.5,6.9,5.42,-2.11,0.36885245901639346,0.5655737704918034,0.1950341849586182,-0.07592659229938827,0.18601841867528077,-1.0506467473361976,0.18789880213232918,-1.05198653506194
CGT,CGC,1,0,0,0,1,0.6220146109999999,-0.14999999999999997,0,0,0.480645168,0.6220146109999999,0.58,-0.14999999999999997,4.5,5.9,5.42,-1.4100000000000001,0.36885245901639346,0.4836065573770492,0.1950341849586182,-0.05073767542281396,0.18601841867528077,-0.7669961461535685,0.18789880213232918,-0.7537965102635957
CGG,AGG,1,0,0,0,0,0.0,0.0,-1,0,1.20932604,0.057221584999999964,0.35,0.9700000000000001,11.4,0.5999999999999996,3.31,9.03,0.9344262295081968,0.049180327868852514,0.11910759265922995,0.3249370277078086,1.2366651660114782,1.2087257973222367,1.239885337194269,1.1985483939806405
CGG,TGG,0,0,1,0,1,-0.2093260400000001,0.65,-1,0,1.20932604,-0.2093260400000001,0.35,0.65,11.4,1.799999999999999,3.31,23.080000000000002,0.9344262295081968,0.06557377049180324,0.11910759265922995,0.88089240734077,1.2366651660114782,0.5438968450885706,1.239885337194269,1.239885337194269
CGG,GGG,0,0,0,0,0,-0.0,0.0,-1,0,1.20932604,-0.20979613100000005,0.35,0.15000000000000002,11.4,5.1,3.31,1.6099999999999999,0.9344262295081968,-0.19118298626495345,0.11910759265922995,0.20998939730732524,1.2366651660114782,0.026613315609159915,1.239885337194269,0.5472083581617379
CGG,CAG,0,0,1,0,1,0.2606404419999999,0.21999999999999997,-1,0,1.20932604,0.2606404419999999,0.35,0.21999999999999997,11.4,22.800000000000004,3.31,5.92,0.9344262295081968,0.06557377049180324,0.11910759265922995,0.27567427218251517,1.2366651660114782,-0.07310142954232046,1.239885337194269,0.29252681987058204
CGG,CTG,0,0,1,0,0,0.0,0.0,-1,0,1.20932604,1.164883502,0.35,0.19000000000000006,11.4,28.200000000000003,3.31,4.719999999999999,0.9344262295081968,0.06557377049180324,0.11910759265922995,0.22582367881843324,1.2366651660114782,-0.3589794242902864,1.239885337194269,-0.24096535989675982
CGG,CCG,0,0,0,0,0,-0.0,0.0,0,0,1.20932604,-0.7565430620000001,0.35,0.030000000000000027,11.4,-4.5,3.31,-0.5,0.9344262295081968,-0.5859413810233483,0.11910759265922995,0.1243932738918966,1.2366651660114782,0.33832823775391896,1.239885337194269,1.0646436564885364
CGG,CGA,1,0,0,0,1,-0.5564511400000001,-0.019999999999999962,0,0,1.20932604,-0.5564511400000001,0.35,-0.019999999999999962,11.4,-5.2,3.31,-0.20000000000000018,0.9344262295081968,-0.42622950819672134,0.11910759265922995,-0.007196833393306956,1.2366651660114782,0.546738600151575,1.239885337194269,0.557592458067021
CGG,CGT,1,0,0,0,0,-0.0,0.0,0,0,1.20932604,-0.7286808720000001,0.35,0.22999999999999998,11.4,-6.9,3.31,2.11,0.9344262295081968,-0.5655737704918034,0.11910759265922995,0.07592659229938827,1.2366651660114782,1.0506467473361976,1.239885337194269,1.05198653506194
CGG,CGC,1,0,0,0,0,-0.0,0.0,0,0,1.20932604,-0.1066662610000002,0.35,0.08000000000000002,11.4,-1.0,3.31,0.6999999999999997,0.9344262295081968,-0.08196721311475408,0.11910759265922995,0.025188916876574305,1.2366651660114782,0.28365060118262897,1.239885337194269,0.2981900247983442
CGC,AGC,0,0,1,0,0,0.0,0.0,-1,0,1.102659779,0.33696788200000016,0.43,0.6100000000000001,10.4,9.1,4.01,10.14,0.8524590163934427,0.14754098360655732,0.14429650953580425,0.5714343958764365,0.9530145648288493,0.6323147233483948,0.9416953123959249,0.6165315141459597
CGC,TGC,0,0,1,0,1,-0.014974439999999811,0.41,-1,0,1.102659779,-0.014974439999999811,0.43,0.41,10.4,2.1999999999999993,4.01,22.880000000000003,0.8524590163934427,0.14754098360655732,0.14429650953580425,0.5860131048042283,0.9530145648288493,0.1949569085055083,0.9416953123959249,0.6832900291247528
CGC,GGC,0,0,1,0,0,0.0,0.0,-1,0,1.102659779,0.2457776530000002,0.43,0.42,10.4,11.799999999999999,4.01,4.42,0.8524590163934427,0.14754098360655732,0.14429650953580425,0.41958308912640313,0.9530145648288493,-0.01528095203562041,0.9416953123959249,0.4802299185971777
CGC,CAC,0,0,1,0,1,0.060309795,0.53,-1,0,1.102659779,0.060309795,0.43,0.53,10.4,4.699999999999999,4.01,12.040000000000001,0.8524590163934427,0.14754098360655732,0.14429650953580425,0.7855992030945549,0.9530145648288493,0.8920004590737031,0.9416953123959249,0.7498966063322672
CGC,CTC,0,0,0,0,0,0.0,0.0,-1,0,1.102659779,0.07080117600000002,0.43,0.10000000000000003,10.4,9.200000000000001,4.01,3.8200000000000003,0.8524590163934427,-0.3575095214439477,0.14429650953580425,0.19204369664976273,0.9530145648288493,0.03544750859508938,0.9416953123959249,0.14685957646701098
CGC,CCC,0,0,1,0,0,0.0,0.0,-1,0,1.102659779,0.19122181400000016,0.43,0.14999999999999997,10.4,9.4,4.01,0.20000000000000018,0.8524590163934427,0.14754098360655732,0.14429650953580425,0.22052151472762732,0.9530145648288493,-0.5952047251773502,0.9416953123959249,0.13932144969913374
CGC,CGA,1,0,0,0,0,-0.0,-0.0,0,0,1.102659779,-0.44978487899999986,0.43,-0.09999999999999998,10.4,-4.2,4.01,-0.8999999999999999,0.8524590163934427,-0.34426229508196726,0.14429650953580425,-0.03238575026988126,0.9530145648288493,0.2630879989689461,0.9416953123959249,0.25940243326867674
CGC,CGT,1,0,0,0,1,-0.6220146109999999,0.14999999999999997,0,0,1.102659779,-0.6220146109999999,0.43,0.14999999999999997,10.4,-5.9,4.01,1.4100000000000001,0.8524590163934427,-0.4836065573770492,0.14429650953580425,0.05073767542281396,0.9530145648288493,0.7669961461535685,0.9416953123959249,0.7537965102635957
CGC,CGG,1,0,0,0,0,0.0,-0.0,0,0,1.102659779,0.1066662610000002,0.43,-0.08000000000000002,10.4,1.0,4.01,-0.6999999999999997,0.8524590163934427,0.08196721311475408,0.14429650953580425,-0.025188916876574305,0.9530145648288493,-0.28365060118262897,0.9416953123959249,-0.2981900247983442
CCA,ACA,0,0,0,0,0,0.0,-0.0,0,0,1.106410111,0.030340808000000052,1.58,-0.1100000000000001,16.9,-1.799999999999999,11.54,13.440000000000001,0.8535353535353535,-0.05459355459355453,1.0,0.0,0.38149436084907434,-0.12188640002747858,0.3563042070643543,0.09921592844149418
CCA,TCA,0,0,0,0,1,-0.20330722299999993,-0.30000000000000004,0,0,1.106410111,-0.20330722299999993,1.58,-0.30000000000000004,16.9,-4.699999999999999,11.54,5.82,0.8535353535353535,-0.22789432789432784,1.0,-0.12190187152250886,0.38149436084907434,0.028761603356081078,0.3563042070643543,0.007525337276320931
CCA,GCA,0,0,0,0,0,-0.0,-0.0,0,0,1.106410111,-0.19392505799999993,1.58,-0.3400000000000001,16.9,-1.0999999999999979,11.54,0.10000000000000142,0.8535353535353535,-0.2831382416219961,1.0,-0.3136792452830188,0.38149436084907434,0.07593186311944505,0.3563042070643543,0.04960925351378764
CCA,CAA,0,0,0,0,0,-0.0,-0.0,0,0,1.106410111,-0.576376593,1.58,-0.15000000000000013,16.9,-4.599999999999998,11.54,11.84,0.8535353535353535,-0.49388623072833593,1.0,0.0,0.38149436084907434,-0.2607873328164761,0.3563042070643543,-0.6361852701336572
CCA,CTA,0,0,0,0,1,-0.6781290769999999,-0.8400000000000001,0,1,1.106410111,-0.6781290769999999,1.58,-0.8400000000000001,16.9,-9.7,11.54,-0.5,0.8535353535353535,-0.6717171717171717,1.0,-0.5257731958762888,0.38149436084907434,-0.04594965397786521,0.3563042070643543,-0.19056637753830985
CCA,CGA,0,0,0,0,0,-0.0,-0.0,1,0,1.106410111,-0.45353521099999994,1.58,-1.25,16.9,-10.7,11.54,-8.43,0.8535353535353535,-0.34533863222387806,1.0,-0.888089240734077,0.38149436084907434,-0.30843220501082885,0.3563042070643543,-0.32598867206289384
CCA,CCT,1,0,0,0,0,0.0,-0.0,0,0,1.106410111,0.04051520799999997,1.58,-0.1100000000000001,16.9,0.6000000000000014,11.54,-0.7999999999999989,0.8535353535353535,0.030303030303030276,1.0,-0.06932409012131702,0.38149436084907434,-0.1067314309996753,0.3563042070643543,0.10812653244941736
CCA,CCG,1,0,0,0,1,-0.653627133,-1.2000000000000002,1,0,1.106410111,-0.653627133,1.58,-1.2000000000000002,16.9,-9.999999999999998,11.54,-8.729999999999999,0.8535353535353535,-0.505050505050505,1.0,-0.7564991334488734,0.38149436084907434,-0.5168425674084849,0.3563042070643543,0.18106252635862163
CCA,CCC,1,0,1,0,0,0.0,-0.0,0,0,1.106410111,0.18747148200000008,1.58,-1.0,16.9,2.900000000000002,11.54,-7.329999999999999,0.8535353535353535,0.14646464646464652,1.0,-0.6351819757365684,0.38149436084907434,-1.1667249291571251,0.3563042070643543,-0.44606965563243683
CCT,ACT,0,0,0,0,0,-0.0,-0.0,0,0,1.146925319,-0.159849943,1.47,-0.16999999999999993,17.5,-4.4,10.74,11.33,0.8838383838383838,-0.19071669071669062,0.930675909878683,-0.047169104434327536,0.48822579184874965,-0.033381198212789565,0.24817767461493692,-0.027195463522831392
CCT,TCT,0,0,0,0,1,-0.02141027799999984,-0.06000000000000005,0,0,1.146925319,-0.02141027799999984,1.47,-0.06000000000000005,17.5,-2.3000000000000007,10.74,8.319999999999999,0.8838383838383838,-0.10435120435120426,0.930675909878683,0.03341109062713388,0.48822579184874965,0.2619293214749242,0.24817767461493692,0.022828715338508915
CCT,GCT,0,0,0,0,0,-0.0,0.0,0,0,1.146925319,-0.08323886199999997,1.47,0.33000000000000007,17.5,0.8999999999999986,10.74,6.220000000000001,0.8838383838383838,-0.21957845604054982,0.930675909878683,0.06932409012131702,0.48822579184874965,0.4067327575975669,0.24817767461493692,-0.27786832606605294
CCT,CAT,0,0,0,0,0,-0.0,-0.0,0,0,1.146925319,-0.30989489299999995,1.47,-0.42999999999999994,17.5,-6.6,10.74,6.520000000000001,0.8838383838383838,-0.16198407920262214,0.930675909878683,0.06932409012131702,0.48822579184874965,0.028596895428565694,0.24817767461493692,0.031062103562783272
CCT,CTT,0,0,0,0,1,-0.3566298469999999,-0.06000000000000005,0,0,1.146925319,-0.3566298469999999,1.47,-0.06000000000000005,17.5,-4.300000000000001,10.74,10.13,0.8838383838383838,-0.5505050505050504,0.930675909878683,-0.0341982466484424,0.48822579184874965,0.030129900351965277,0.24817767461493692,-0.3307604180325824
CCT,CGT,0,0,0,0,0,-0.0,-0.0,1,0,1.146925319,-0.6662801509999999,1.47,-0.89,17.5,-13.0,10.74,-5.32,0.8838383838383838,-0.5149859248219903,0.930675909878683,-0.7356417249200647,0.48822579184874965,0.3022073731734689,0.24817767461493692,0.06027887248260774
CCT,CCA,1,0,0,0,0,-0.0,0.0,0,0,1.146925319,-0.04051520799999997,1.47,0.1100000000000001,17.5,-0.6000000000000014,10.74,0.7999999999999989,0.8838383838383838,-0.030303030303030276,0.930675909878683,0.06932409012131702,0.48822579184874965,0.1067314309996753,0.24817767461493692,-0.10812653244941736
CCT,CCG,1,0,0,0,0,-0.0,-0.0,1,0,1.146925319,-0.6941423409999999,1.47,-1.0899999999999999,17.5,-10.6,10.74,-7.93,0.8838383838383838,-0.5353535353535352,0.930675909878683,-0.6871750433275564,0.48822579184874965,-0.41011113640880964,0.24817767461493692,0.07293599390920427
CCT,CCC,1,0,1,0,1,0.1469562740000001,-0.89,0,0,1.146925319,0.1469562740000001,1.47,-0.89,17.5,2.3000000000000007,10.74,-6.53,0.8838383838383838,0.11616161616161624,0.930675909878683,-0.5658578856152514,0.48822579184874965,-1.05999349815745,0.24817767461493692,-0.5541961880818542
CCG,ACG,0,0,0,0,0,0.0,-0.0,0,0,0.452782978,0.0024645640000000024,0.38,-0.030000000000000027,6.9,-0.8000000000000007,2.81,3.2099999999999995,0.3484848484848485,-0.025733525733525775,0.24350086655112654,-0.002508072315738241,0.8983369282575593,0.8851354163990234,0.17524168070573265,-0.0876664841727578
CCG,TCG,0,0,0,0,1,-0.12639669599999998,-0.13,0,0,0.452782978,-0.12639669599999998,0.38,-0.13,6.9,-2.5,2.81,0.6000000000000001,0.3484848484848485,-0.12284382284382284,0.24350086655112654,-0.07101730560019076,0.8983369282575593,0.6434446786287693,0.17524168070573265,-0.0913789954524894
CCG,GCG,0,0,0,0,0,-0.0,-0.0,0,0,0.452782978,-0.028078973000000007,0.38,-0.15,6.9,0.5,2.81,-0.6000000000000001,0.3484848484848485,-0.08133683404441527,0.24350086655112654,-0.11319426277754166,0.8983369282575593,-0.31015055642290323,0.17524168070573265,-0.4380714778318471
CCG,CAG,0,0,1,0,0,0.0,0.0,-1,0,0.452782978,1.0171835040000001,0.38,0.18999999999999995,6.9,27.300000000000004,2.81,6.42,0.3484848484848485,0.6515151515151515,0.24350086655112654,0.15128099829061856,0.8983369282575593,-0.4114296672962394,0.17524168070573265,-0.7721168366179544
CCG,CTG,0,0,1,0,1,1.921426564,0.16000000000000003,-1,0,0.452782978,1.921426564,0.38,0.16000000000000003,6.9,32.7,2.81,5.219999999999999,0.3484848484848485,0.6515151515151515,0.24350086655112654,0.10143040492653663,0.8983369282575593,-0.6973076620442054,0.17524168070573265,-1.3056090163852963
CCG,CGG,0,0,0,0,0,0.0,-0.0,0,0,0.452782978,0.7565430620000001,0.38,-0.030000000000000027,6.9,4.5,2.81,0.5,0.3484848484848485,0.5859413810233483,0.24350086655112654,-0.1243932738918966,0.8983369282575593,-0.33832823775391896,0.17524168070573265,-1.0646436564885364
CCG,CCA,1,0,0,0,1,0.653627133,1.2000000000000002,-1,0,0.452782978,0.653627133,0.38,1.2000000000000002,6.9,9.999999999999998,2.81,8.729999999999999,0.3484848484848485,0.505050505050505,0.24350086655112654,0.7564991334488734,0.8983369282575593,0.5168425674084849,0.17524168070573265,-0.18106252635862163
CCG,CCT,1,0,0,0,0,0.0,0.0,-1,0,0.452782978,0.6941423409999999,0.38,1.0899999999999999,6.9,10.6,2.81,7.93,0.3484848484848485,0.5353535353535352,0.24350086655112654,0.6871750433275564,0.8983369282575593,0.41011113640880964,0.17524168070573265,-0.07293599390920427
CCG,CCC,1,0,1,0,0,0.0,0.0,-1,0,0.452782978,0.841098615,0.38,0.19999999999999996,6.9,12.9,2.81,1.4,0.3484848484848485,0.6515151515151515,0.24350086655112654,0.12131715771230503,0.8983369282575593,-0.6498823617486402,0.17524168070573265,-0.6271321819910585
CCC,ACC,0,1,0,0,0,0.0,0.0,0,0,1.293881593,0.12704457000000002,0.58,0.30000000000000004,19.8,-0.9000000000000021,4.21,10.84,1.0,0.0,0.3648180242634316,0.2376639613250392,1.5482192900061995,1.3204353591354876,0.8023738626967911,0.32323160471684026
CCC,TCC,0,0,0,1,1,0.013875596999999962,-0.019999999999999907,0,0,1.293881593,0.013875596999999962,0.58,-0.019999999999999907,19.8,-2.1000000000000014,4.21,3.3099999999999996,1.0,-0.09230769230769231,0.3648180242634316,0.015556280238338771,1.5482192900061995,0.6922207883881645,0.8023738626967911,-0.045758233802355996
CCC,GCC,0,1,0,0,0,0.0,0.0,0,0,1.293881593,0.3052428919999999,0.58,0.15000000000000002,19.8,7.899999999999999,4.21,2.6100000000000003,1.0,0.0,0.3648180242634316,0.03730461724600237,1.5482192900061995,0.14664634866827764,0.8023738626967911,0.018206835253202547
CCC,CAC,0,1,0,0,0,-0.0,0.0,0,0,1.293881593,-0.13091201900000016,0.58,0.38,19.8,-4.700000000000001,4.21,11.84,1.0,0.0,0.3648180242634316,0.5650776883669276,1.5482192900061995,1.4872051842510532,0.8023738626967911,0.6105751566331334
CCC,CTC,0,0,0,1,1,-0.12042063800000014,-0.04999999999999993,0,0,1.293881593,-0.12042063800000014,0.58,-0.04999999999999993,19.8,-0.1999999999999993,4.21,3.62,1.0,-0.505050505050505,0.3648180242634316,-0.028477818077864592,1.5482192900061995,0.6306522337724396,0.8023738626967911,0.00753812676787724
CCC,CGC,0,0,0,1,0,-0.0,-0.0,1,0,1.293881593,-0.19122181400000016,0.58,-0.14999999999999997,19.8,-9.4,4.21,-0.20000000000000018,1.0,-0.14754098360655732,0.3648180242634316,-0.22052151472762732,1.5482192900061995,0.5952047251773502,0.8023738626967911,-0.13932144969913374
CCC,CCA,1,0,0,1,0,-0.0,0.0,0,0,1.293881593,-0.18747148200000008,0.58,1.0,19.8,-2.900000000000002,4.21,7.329999999999999,1.0,-0.14646464646464652,0.3648180242634316,0.6351819757365684,1.5482192900061995,1.1667249291571251,0.8023738626967911,0.44606965563243683
CCC,CCT,1,0,0,1,1,-0.1469562740000001,0.89,0,0,1.293881593,-0.1469562740000001,0.58,0.89,19.8,-2.3000000000000007,4.21,6.53,1.0,-0.11616161616161624,0.3648180242634316,0.5658578856152514,1.5482192900061995,1.05999349815745,0.8023738626967911,0.5541961880818542
CCC,CCG,1,0,0,1,0,-0.0,-0.0,1,0,1.293881593,-0.841098615,0.58,-0.19999999999999996,19.8,-12.9,4.21,-1.4,1.0,-0.6515151515151515,0.3648180242634316,-0.12131715771230503,1.5482192900061995,0.6498823617486402,0.8023738626967911,0.6271321819910585
