position,A->T,A->G,A->C,T->A,T->G,T->C,G->A,G->T,G->C,C->A,C->T,C->G
1,0,0,0,0,0,0,0,0,0,0,0,0
2,0,0,0,0,0,0,0,0,0,0,0,0
3,0,0,0,0,0,0,0,0,0,0,0,0
4,0,0,0,0,0,0,0,0,0,0,0,0
5,0,0,0,0,0,0,0,0,0,0,0,0
6,0,0,0,0,0,0,0,0,0,0,0,0
7,0,0,0,0,0,0,0,0,0,0,0,0
8,0,0,0,0,0,0,0,0,0,0,0,0
9,0,0,0,0,0,0,0,0,0,0,0,0
10,0,0,0,0,0,0,0,0,0,0,0,0
11,0,0,0,0,0,0,0,0,0,0,0,0
12,0,0,0,0,0,0,0,0,0,0,0,0
13,0,0,0,0,0,0,0,0,0,0,0,0
14,0,0,0,0,0,0,0,0,0,0,0,0
15,0,0,0,0,0,0,0,0,0,0,0,0
16,0,0,0,0,0,0,0,0,0,0,0,0
17,0,0,0,0,0,0,0,0,0,0,0,0
18,0,0,0,0,0,0,0,0,0,0,0,0
19,0,0,0,0,0,0,0,0,0,0,0,0
20,0,0,0,0,0,0,0,0,0,0,0,0
21,0,0,0,0,0,0,0,0,0,0,0,0
22,0,0,0,0,0,0,0,0,0,0,0,0
23,0,0,0,0,0,0,0,0,0,0,0,0
24,0,0,0,0,0,0,0,0,0,0,0,0
25,0,0,0,0,0,0,0,0,0,0,0,0
26,0,0,0,0,0,0,0,0,0,0,0,0
27,0,0,0,0,0,0,0,0,0,0,0,0
28,0,0,0,0,0,0,0,0,0,0,0,0
29,0,0,0,0,0,0,0,0,0,0,0,0
30,0,0,0,0,0,0,0,0,0,0,0,0
31,0,0,0,0,0,0,0,0,0,0,0,0
32,0,0,0,0,0,0,0,0,0,0,0,0
33,0,0,0,0,0,0,0,0,0,0,0,0
34,0,0,0,0,0,0,0,0,0,0,0,0
35,0,0,0,0,0,0,0,0,0,0,0,0
36,0,0,0,0,0,0,0,0,0,0,0,0
37,0,0,0,0,0,0,0,0,0,0,0,0
38,0,0,0,0,0,0,0,0,0,0,0,0
39,0,0,0,0,0,0,0,0,0,0,0,0
40,0,0,0,0,0,0,0,0,0,0,0,0
41,0,0,0,0,0,0,0,0,0,0,0,0
42,0,0,0,0,0,0,0,0,0,0,0,0
43,0,0,0,0,0,0,0,0,0,0,0,0
44,0,0,0,0,0,0,0,0,0,0,0,0
45,0,0,0,0,0,0,0,0,0,0,0,0
46,0,0,0,0,0,0,0,0,0,0,0,0
47,0,0,0,0,0,0,0,0,0,0,0,0
48,0,0,0,0,0,0,0,0,0,0,0,0
49,0,0,0,0,0,0,0,0,0,0,0,0
50,0,0,0,0,0,0,0,0,0,0,0,0
51,0,0,0,0,0,0,0,0,0,0,0,0
52,0,0,0,0,0,0,0,0,0,0,0,0
53,0,0,0,0,0,0,0,0,0,0,0,0
54,0,0,0,0,0,0,0,0,0,0,0,0
55,0,0,0,0,0,0,0,0,0,0,0,0
56,0,0,0,0,0,0,0,3,1,0,0,0
57,0,85,8,0,0,0,0,0,0,0,0,0
58,0,0,0,2,6,13,0,0,0,0,0,0
59,0,0,0,0,0,0,0,0,0,2,49,1
60,0,0,0,2,0,18,0,0,0,0,0,0
61,0,88,0,0,40,0,297,1386,1,0,0,0
62,0,0,0,0,6,11,0,0,0,0,0,0
63,0,0,0,10,3,108,0,0,0,0,3,0
64,0,0,0,0,0,1,0,0,0,21,275,0
65,0,0,0,6,3,38,0,0,0,0,0,0
66,0,0,2,0,1,45,0,0,0,91,3561,1
67,0,0,0,4,0,10,0,0,0,0,0,0
68,17,7,2,0,0,0,0,0,0,0,0,0
69,7,13,3,0,0,0,0,0,0,0,0,0
70,3,1,3,0,0,0,0,0,0,0,0,0
71,0,0,0,0,0,0,0,0,0,8,20,0
72,0,2,0,0,0,0,15,3,0,0,0,0
73,2,2,0,0,0,0,0,0,0,0,0,0
74,1,8,3,0,0,0,0,0,0,0,0,0
75,0,0,0,0,0,0,0,0,0,1,43,0
76,1,0,0,24,3,5,0,0,0,0,0,0
77,0,0,0,15,1,29,0,0,0,0,0,0
78,0,0,0,16,22,11,0,0,0,0,0,0
79,10,19,2,0,0,0,0,0,0,0,0,0
80,14,2,1,1,0,0,0,0,0,0,0,0
81,22,12,21,0,0,0,0,0,0,0,0,0
82,4,59,4,0,0,0,0,0,0,0,0,0
83,0,0,0,0,16,113,0,0,0,0,1,0
84,0,0,0,0,0,0,0,0,0,11,126,4
85,0,0,0,2,1,8,0,0,0,0,0,0
86,0,0,0,0,0,0,18,7,2,0,0,0
87,0,0,0,0,3,34,0,0,0,0,0,0
88,0,0,0,0,1,0,5,11,0,0,0,0
89,0,0,0,1,9,11,0,0,0,0,0,0
90,0,0,0,0,0,0,51,17,0,0,0,0
91,0,0,0,0,1,0,60,117,7,0,0,0
92,0,0,0,0,0,3,0,0,0,16,319,0
93,0,0,0,11,1,21,0,0,0,0,0,0
94,0,0,0,0,0,0,51,234,0,0,0,0
95,0,0,0,4,21,47,0,0,0,0,0,0
96,0,0,0,0,0,0,0,0,0,9,208,2
97,8,33,2,0,0,0,0,0,0,0,0,0
98,0,0,0,0,0,2,0,0,0,10,208,1
99,0,0,0,1,14,465,0,0,0,0,4,0
100,0,0,0,0,0,13,0,0,0,18,1989,0
101,0,2,0,0,0,0,192,89,4,0,0,0
102,0,0,0,0,0,0,65,18,1,0,0,0
103,0,0,0,0,0,22,0,0,0,1,261,0
104,0,0,0,0,1,9,0,0,0,0,0,0
105,0,0,0,0,1,0,10,460,11,0,0,0
106,0,0,0,0,0,31,0,0,0,8,2392,13
107,4,21,2,0,0,0,0,0,0,0,0,0
108,0,0,0,11,5,37,0,0,0,0,1,0
109,0,0,0,0,0,0,3,13,0,0,0,0
110,0,0,0,0,0,2,0,0,0,1,201,0
111,0,0,0,5,16,7,0,0,0,0,0,0
112,0,0,0,1,1,8,0,0,0,0,0,0
113,1,22,0,0,0,0,0,0,0,0,0,0
114,0,0,0,0,0,0,8,12,0,0,0,0
115,0,0,0,1,2,7,0,0,0,0,0,0
116,0,0,0,0,0,0,16,0,1,0,0,0
117,0,0,0,0,0,0,0,0,0,1,133,0
118,12,26,23,0,0,0,0,0,0,0,0,0
119,0,0,0,0,0,1,0,0,0,35,247,0
120,0,0,0,2,12,30,0,0,0,0,0,0
121,0,0,0,0,0,1,0,0,0,3,162,2
122,0,46,0,0,0,0,0,0,0,0,0,0
123,0,0,0,0,0,0,0,0,0,8,54,0
124,0,0,0,0,0,0,94,62,0,0,0,0
125,0,0,0,0,0,0,0,0,0,0,79,0
126,65,5,1,0,0,0,0,0,0,0,0,0
127,0,0,0,0,0,0,32,278,2,0,0,0
128,0,0,0,0,9,9,0,0,0,0,0,0
129,0,86,2,0,0,0,1,0,0,0,0,0
130,0,0,0,0,0,24,0,0,0,0,0,0
131,0,1,0,0,0,0,0,0,0,0,0,0
132,0,30,2,0,0,0,0,0,0,0,0,0
133,0,0,0,0,3,14,0,0,0,0,0,0
134,0,0,0,0,0,15,0,0,0,0,0,0
135,1,7,0,0,0,0,0,0,0,0,0,0
136,0,9,12,0,0,0,0,0,0,0,0,0
137,0,0,0,4,0,105,0,0,0,0,0,0
138,1,1,1,0,0,0,0,0,0,0,0,0
139,0,28,3,0,0,0,0,0,0,0,0,0
140,0,0,0,0,0,20,0,0,0,27,2165,6
141,0,0,0,1,0,57,0,0,0,0,0,0
142,5,14,0,0,0,0,0,0,0,0,0,0
143,23,928,13,0,0,0,1,0,0,0,0,0
144,0,0,0,2,9,29,0,0,0,0,0,0
145,0,0,0,17,0,162,0,0,0,0,0,0
146,0,26,1,0,0,0,0,0,0,0,0,0
147,0,0,0,0,0,0,0,0,0,5,553,3
148,0,0,0,3,1,22,0,0,0,0,0,0
149,0,0,0,0,0,0,9,103,2,0,0,0
150,0,0,0,0,0,0,0,0,0,0,0,0
151,0,0,0,0,0,0,0,0,0,7,126,1
152,0,0,0,0,0,0,75,18,1,0,0,0
153,0,0,0,0,0,0,0,0,0,0,0,0
154,0,0,0,2,2,12,0,0,0,0,0,0
155,0,0,0,0,0,0,11,1,0,0,0,0
156,15,93,9,0,0,0,1,0,0,0,0,0
157,0,0,0,0,0,0,0,0,0,6,116,0
158,7,29,1,0,0,0,0,0,0,0,0,0
159,0,0,0,0,0,0,42,1,3,0,0,0
160,0,0,0,0,3,0,191,412,5,0,0,0
161,1,98,0,0,0,0,2,0,0,0,0,0
162,0,0,0,0,0,0,0,0,0,14,287,0
163,6,14,8,0,0,0,0,0,0,0,0,0
164,0,0,0,0,0,0,0,0,0,0,0,1
165,0,0,0,0,0,0,20,68,1,0,0,0
166,4,5,2,0,0,0,0,0,0,0,0,0
167,0,0,0,0,0,0,16,147,14,0,0,0
168,0,0,0,12,1,66,0,0,0,0,0,0
169,13,46,1,0,0,0,0,0,0,0,0,0
170,2,16,6,0,0,0,0,0,0,0,0,0
171,0,0,0,0,0,1,0,0,0,12,174,0
172,0,0,0,5,2,98,0,0,0,0,0,0
173,0,0,0,0,0,0,0,0,0,6,239,1
174,0,0,0,0,32,0,328,8668,173,0,1,0
175,0,0,0,1,35,52,0,0,0,0,0,0
176,0,0,0,0,0,0,0,0,0,7,304,0
177,0,0,0,214,9,168,0,0,0,0,0,0
178,20,82,0,0,0,0,0,0,0,0,0,0
179,0,0,0,7,77,55,0,1,0,0,2,0
180,0,0,0,0,0,2,0,0,0,3,802,1
181,0,0,0,2,7,58,0,0,0,0,0,0
182,0,0,0,0,11,21,0,0,0,0,0,0
183,0,0,0,0,0,1,0,0,0,0,231,0
184,0,0,0,10,13,3,0,0,0,0,0,0
185,0,0,0,0,3,0,19,314,1,0,0,0
186,0,0,0,0,0,10,0,0,0,19,2371,21
187,56,184,7,0,0,0,0,0,0,0,0,0
188,0,2,0,0,0,0,178,30,8,0,0,0
189,0,0,0,0,0,0,883,50,0,0,0,0
190,0,0,0,0,0,1,0,0,0,0,423,0
191,0,0,0,84,2,53,0,0,0,0,0,0
192,0,0,0,0,0,0,134,59,1,0,0,0
193,0,0,0,0,0,0,0,0,0,11,392,49
194,0,0,0,7,6,15,0,0,0,0,0,0
195,0,0,0,4,1,50,0,0,0,0,1,0
196,1,22,2,0,0,0,0,0,0,0,0,0
197,0,0,0,0,0,0,0,0,0,1,37,0
198,0,0,0,0,0,0,103,106,0,0,0,0
199,0,0,0,1,17,0,57,1084,1,0,0,0
200,0,0,0,0,2,48,0,0,0,0,0,0
201,0,0,0,232,23,3427,0,0,0,0,26,0
202,0,0,0,2,11,65,0,0,0,0,0,0
203,0,0,0,0,0,82,0,0,0,35,12274,3
204,0,3,0,1,95,0,472,28448,63,0,0,0
205,0,0,0,3,16,89,0,0,0,0,0,0
206,0,0,0,0,0,1,0,0,0,11,160,1
207,0,0,0,0,0,0,0,0,0,20,419,0
208,0,0,0,0,3,0,109,312,0,0,0,0
209,0,0,0,2,18,66,0,0,0,0,0,0
210,0,0,0,0,237,4,68,78093,9,0,0,0
211,0,0,0,0,0,46,0,0,0,0,0,0
212,0,0,0,25,0,33,0,0,0,0,1,0
213,0,0,0,0,0,0,108,159,0,0,0,0
214,0,0,0,0,0,0,0,0,0,2,234,3
215,9,33,23,0,0,0,0,0,0,0,0,0
216,0,0,0,0,0,0,115,40,0,0,0,0
217,0,0,0,0,0,0,0,0,0,4,126,1
218,0,0,0,0,0,0,0,0,0,3,208,7
219,0,0,0,0,6,0,234,1226,46,0,0,0
220,20,24,2,0,0,0,0,0,0,0,0,0
221,0,0,0,2,6,320,0,0,0,0,0,0
222,0,0,0,0,0,149,0,0,0,12,13699,26
223,55,31,21,0,0,0,0,0,0,0,1,0
224,0,0,0,9,17,257,0,0,0,0,0,0
225,0,0,0,0,0,0,0,0,0,4,115,0
226,3,2,1,0,0,0,0,0,0,0,0,0
227,0,0,0,0,0,0,30,3,2,0,0,0
228,0,0,0,0,0,0,0,0,0,1,115,0
229,9,34,10,2,0,0,0,0,0,0,0,0
230,0,0,0,0,0,1,0,0,0,1,90,1
231,12,37,6,0,0,0,0,0,0,0,0,0
232,0,0,0,1,9,134,0,0,0,0,0,0
233,0,0,0,0,0,0,0,0,0,51,120,0
234,0,0,0,4,1,27,0,0,0,0,0,0
235,14,21,37,0,0,0,0,0,0,2,0,0
236,0,0,0,0,0,0,66,18,2,0,0,0
237,0,0,0,0,0,0,36,96,1,0,0,0
238,0,0,0,0,32,15,0,0,0,0,0,0
239,0,0,0,16,7,69,0,0,0,0,0,0
240,0,0,0,0,1,38,0,0,0,0,0,0
241,0,0,0,47,1,1651,0,0,0,0,753751,0
242,0,0,0,0,1,0,68,233,12,0,0,0
243,0,0,0,10,7,70,0,0,0,0,0,0
244,0,0,0,0,0,0,0,0,0,3,150,0
245,0,0,0,0,0,3,0,0,0,11,667,0
246,0,0,0,0,0,0,144,60,0,0,0,0
247,0,0,0,0,0,0,80,180,1,0,0,0
248,0,0,0,0,0,0,2,167,0,0,0,0
249,0,0,0,6,0,62,0,0,0,0,0,0
250,0,0,0,0,0,0,9,25,0,0,0,0
251,0,0,0,10,2,22,0,0,0,0,0,0
252,0,0,0,0,1,0,26,205,1,0,0,0
253,0,72,0,0,0,0,0,0,0,0,0,0
254,0,0,0,0,0,0,0,0,0,1,94,0
255,0,0,0,0,0,2,0,0,0,4,75,0
256,0,0,0,0,0,0,80,124,2,0,0,0
257,50,81,71,22,0,0,0,0,0,0,0,0
258,285,34,17,0,0,0,0,0,0,0,0,0
259,4,50,9,0,0,0,0,0,0,0,0,0
260,0,0,0,0,0,0,59,38,0,0,0,0
261,0,0,0,0,0,0,8,9,0,0,0,0
262,0,0,0,0,0,5,0,0,0,0,0,0
263,1,71,9,0,0,0,1,0,0,0,0,0
264,2,43,3,0,0,0,0,0,0,0,0,0
265,0,0,0,0,1,0,28,214,0,0,0,0
266,1,0,0,0,0,0,0,0,0,0,0,0
267,0,0,0,0,0,1,0,0,0,0,0,0
268,0,0,0,0,0,0,0,0,0,0,0,0
269,0,2,0,0,0,0,209,0,0,0,0,0
270,18,31,8,0,0,0,0,0,0,0,0,0
271,0,1,0,0,0,0,26,25,1,0,0,0
272,2,114,1,0,0,0,0,0,0,0,0,0
273,0,0,0,0,0,0,10,4,1,0,0,0
274,0,0,0,0,0,2,0,0,0,4,852,0
275,0,0,0,0,0,6,0,0,0,16,799,0
276,0,0,0,4,0,15,0,0,0,0,0,0
277,0,0,0,76,3,375,0,0,0,0,4,0
278,0,0,0,0,0,0,65,4,0,0,0,0
279,0,0,0,1,0,33,0,0,0,0,0,0
280,0,0,0,0,0,1,0,0,0,11,303,0
281,0,0,0,0,0,0,0,0,0,4,47,1
282,0,0,0,0,0,0,0,0,0,3,75,1
283,0,0,0,6,1,81,0,0,0,0,0,0
284,0,2,0,0,0,0,284,21,1,0,0,0
285,0,0,0,0,0,0,34,20,1,0,0,0
286,0,0,0,2,0,71,0,0,0,0,0,0
287,0,0,0,15,15,23,0,0,0,0,0,0
288,0,0,0,3,8,9,0,0,0,0,0,0
289,0,0,0,0,0,1,0,0,0,28,113,0
290,1,3,2,0,0,0,0,0,0,0,0,0
291,3,86,1,0,0,0,0,0,0,0,0,0
292,0,0,0,0,0,6,0,0,0,1,1560,7
293,0,0,0,0,0,0,74,1,0,0,0,0
294,8,16,3,0,0,0,0,0,0,0,0,0
295,0,0,0,0,0,0,38,6,3,0,0,0
296,0,5,1,0,0,0,0,0,0,0,0,0
297,0,14,1,0,0,0,0,0,0,0,0,0
298,1,241,1,0,0,0,2,0,0,0,0,0
299,0,24,1,0,0,0,0,0,0,0,0,0
300,0,0,0,0,0,0,0,0,0,3,163,0
301,0,21,0,0,0,0,2,0,0,0,0,0
302,0,0,0,0,0,0,0,0,0,1,15,0
303,0,5,0,0,0,0,0,0,0,0,0,0
304,0,0,0,0,0,0,0,0,0,1,170,0
305,0,0,0,0,0,0,22,2,0,0,0,0
306,0,0,0,0,0,5,0,0,0,0,0,0
307,0,0,0,0,0,0,0,0,0,3,141,0
308,0,0,0,0,0,0,0,0,0,10,0,0
309,17,10,0,0,0,0,0,0,0,0,0,0
310,0,9,5,0,0,0,0,0,0,0,0,0
311,0,0,0,0,0,0,0,0,0,4,153,2
312,0,0,0,4,6,4,0,0,0,0,0,0
313,0,0,0,0,0,28,0,0,0,2,3887,0
314,75,30,25,0,0,0,0,0,0,0,0,0
315,0,0,0,0,0,0,26,177,0,0,0,0
316,0,0,0,0,3,17,0,0,0,0,0,0
317,0,0,0,3,2,6,0,0,0,0,0,0
318,0,0,0,0,3,1,0,0,0,0,0,0
319,0,0,0,0,0,0,58,15,1,0,0,0
320,0,0,0,0,0,0,0,0,0,4,15,5
321,0,0,0,0,0,0,0,0,0,4,6,18
322,0,0,0,53,11,10,0,0,0,0,0,0
323,0,0,0,0,0,0,33,7,0,0,0,0
324,0,0,0,0,25,5,0,0,0,0,0,0
325,1,0,0,96,5,39,0,0,0,0,0,0
326,2,0,0,35,0,11,0,0,0,0,0,0
327,2,0,0,29,0,2,0,0,0,0,0,0
328,1,9,0,0,0,0,0,0,0,0,0,0
329,0,0,0,0,0,0,0,0,0,8,0,4
330,0,48,2,0,0,0,0,0,0,0,0,0
331,0,0,0,0,0,0,27,20,0,0,0,0
332,0,0,0,0,0,0,66,6,0,0,0,0
333,0,0,0,0,0,5,0,0,0,0,0,0
334,0,0,0,2,6,27,0,0,0,0,0,0
335,0,0,0,0,0,62,0,0,0,7,2404,2
336,0,0,0,0,0,0,27,3,0,0,0,0
337,0,0,0,0,0,38,0,0,1,2,2376,33
338,0,0,0,0,0,0,42,10,1,0,0,0
339,1,14,1,0,0,0,0,0,0,0,0,0
340,0,0,0,0,0,1,0,0,0,2,261,0
341,0,3,0,0,0,0,47,12,0,0,0,0
342,0,0,0,1,1,6,0,0,0,0,0,0
343,0,0,0,0,2,0,18,250,1,0,0,0
344,0,0,0,0,8,0,0,0,0,70,519,0
345,0,0,0,38,7,4,0,0,0,0,0,0
346,0,0,0,0,0,181,0,0,0,6,2931,1
347,0,10,0,0,0,0,553,17,4,0,0,0
348,0,0,0,4,0,61,0,0,0,0,0,0
349,1,14,3,0,0,0,0,0,0,0,0,0
350,0,0,0,0,0,0,0,0,0,7,103,1
351,0,0,0,0,0,0,54,6,1,0,0,0
352,0,0,0,10,3,53,0,0,0,0,0,0
353,0,0,0,0,0,0,95,32,0,0,0,0
354,0,1,0,0,0,0,49,27,24,0,0,0
355,0,0,0,0,0,2,0,0,0,20,556,5
356,0,0,0,0,2,18,0,0,0,0,0,0
357,0,0,0,5,0,7,0,0,0,0,0,0
358,0,0,0,5,2,58,0,0,0,0,0,0
359,0,0,0,0,0,0,16,0,0,0,0,0
360,0,0,0,0,0,0,4,0,0,0,0,0
361,3,286,20,0,0,0,2,0,0,0,0,0
362,0,1,0,0,0,0,280,40,0,0,0,0
363,0,18,4,0,0,0,0,0,0,0,0,0
364,0,0,0,0,0,1,0,0,0,38,656,0
365,0,0,0,35,4,8,0,0,0,0,0,0
366,0,0,0,0,0,0,0,0,0,2,77,0
367,0,0,0,0,0,0,0,0,1,40,197,21
368,0,0,0,0,0,0,41,43,0,0,0,0
369,0,0,0,0,4,3,0,0,0,0,0,0
370,0,0,0,0,1,0,110,569,4,0,0,0
371,0,0,0,0,0,0,22,1,2,0,0,0
372,2,12,4,0,0,0,0,0,0,0,0,0
373,0,0,0,0,0,0,207,188,0,0,0,0
374,0,0,0,0,0,0,434,0,2,0,0,0
375,3,25,3,0,0,0,0,0,0,0,0,0
376,0,0,0,0,12,0,120,733,11,0,0,0
377,0,0,0,0,0,0,14,68,1,0,0,0
378,0,0,0,0,0,60,0,0,0,0,0,0
379,0,0,0,0,0,0,0,0,0,464,202,3
380,0,0,0,8,3,15,0,0,0,0,0,0
381,0,0,0,4,0,5,0,0,0,0,0,0
382,2,219,0,0,0,0,1,0,0,0,0,0
383,0,0,0,13,9,42,0,0,0,0,0,0
384,0,0,0,0,0,0,0,0,0,0,188,0
385,5,70,9,0,0,0,0,0,0,0,0,0
386,0,0,0,0,0,0,50,1,0,0,0,0
387,4,41,1,0,0,0,1,0,0,0,0,0
388,0,0,0,0,0,0,98,31,0,0,0,0
389,0,0,0,0,0,0,47,5,0,0,0,0
390,0,0,0,0,0,1,0,0,0,0,101,0
391,17,30,22,0,0,0,0,0,0,0,0,0
392,0,0,0,0,0,0,0,0,0,3,116,0
393,0,0,0,0,0,0,111,14,0,0,0,0
394,0,0,0,0,3,46,0,0,0,0,0,0
395,0,0,0,0,0,0,0,0,0,4,1,0
396,17,114,2,0,0,0,1,0,0,0,0,0
397,0,25,10,0,0,0,0,0,0,0,0,0
398,0,0,0,0,0,43,0,0,0,5,835,1
399,1,45,0,0,0,0,0,0,0,0,0,0
400,0,0,0,1,47,433,0,0,0,0,1,0
401,0,0,1,0,0,0,0,0,0,18,115,0
402,0,0,0,1,0,5,0,0,0,0,0,0
403,0,0,0,38,0,72,0,0,0,0,2,0
404,11,1,0,0,0,0,0,0,0,0,0,0
405,5,84,1,0,0,0,0,0,0,0,0,0
406,1,48,3,0,0,0,0,0,0,0,0,0
407,0,1,0,0,0,0,109,46,0,0,0,0
408,2,623,10,0,0,0,1,0,0,0,0,0
409,0,0,0,11,1,35,0,0,0,0,0,0
410,0,0,0,0,0,0,19,220,0,0,0,0
411,0,0,0,0,0,0,58,10,0,0,0,0
412,0,0,0,0,0,0,0,0,0,0,155,0
413,2,6,1,0,0,0,0,0,0,0,0,0
414,0,0,0,0,0,0,0,0,0,48,76,0
415,0,0,0,4,10,23,0,0,0,0,0,0
416,0,0,0,7,2,2,0,0,0,0,0,0
417,0,0,0,0,0,0,4,3,0,0,0,0
418,0,0,0,0,0,38,0,0,0,0,0,0
419,0,0,0,0,0,0,38,71,0,0,0,0
420,0,0,0,0,0,0,4,8,0,0,0,0
421,0,0,0,0,0,1,0,0,0,4,356,9
422,0,0,0,2,4,21,0,0,0,0,0,0
423,0,0,0,0,1,3,0,0,0,0,0,0
424,6,14,3,0,0,0,0,0,0,0,0,0
425,0,0,0,0,0,0,99,3,5,0,0,0
426,0,0,0,1,0,0,0,0,0,0,0,0
427,25,126,2,0,0,0,0,0,0,0,0,0
428,0,0,0,0,0,0,216,1,2,0,0,0
429,3,31,16,0,0,0,0,0,0,0,0,0
430,8,38,38,0,0,0,0,0,0,0,0,0
431,0,0,0,0,0,0,58,20,1,0,0,0
432,0,0,0,0,0,9,0,0,0,0,0,0
433,0,0,0,31,0,31,0,0,0,0,0,0
434,0,0,0,0,0,0,128,0,0,0,0,0
435,0,113,4,0,0,0,0,0,0,0,0,0
436,1,8,1,0,0,0,0,0,0,0,0,0
437,0,6,4,0,0,0,0,0,0,0,0,0
438,0,186,5,0,0,0,0,0,0,0,0,0
439,1,138,2,0,0,0,13,0,0,0,0,0
440,0,0,0,0,0,0,99,66,1,0,0,0
441,0,0,0,0,0,0,27,2,0,0,0,0
442,0,0,0,0,0,0,0,0,0,6,132,0
443,0,1,0,0,0,0,303,40,6,0,0,0
444,0,0,0,0,14,44,0,0,0,0,0,0
445,0,0,0,1,2,47292,0,0,0,1,356,0
446,0,0,0,6,1,31,0,0,0,0,0,0
447,0,0,0,0,4,6,0,0,0,0,0,0
448,0,0,0,0,0,0,93,34,1,0,0,0
449,0,0,0,0,0,0,0,0,0,3,159,0
450,0,0,0,0,0,0,0,0,0,14,51,0
451,0,0,0,8,26,27,0,0,0,0,0,0
452,0,0,0,0,0,0,0,0,0,16,0,0
453,20,44,0,0,0,0,0,0,0,0,0,0
454,1,126,1,0,0,0,0,0,0,0,0,0
455,0,0,0,0,0,0,0,0,0,2,24,0
456,0,0,0,0,0,0,0,0,0,0,0,0
457,0,0,0,7,1,14,0,0,0,0,0,0
458,0,0,0,0,0,0,37,0,1,0,0,0
459,1,6,8,0,0,0,0,0,0,0,0,0
460,3,27,2,0,0,0,0,0,0,0,0,0
461,0,0,0,0,0,0,0,0,0,12,1,0
462,4,7,0,0,0,0,0,0,0,0,0,0
463,0,1,0,0,0,0,195,18,0,0,0,0
464,0,0,0,0,0,0,0,0,0,1,13,0
465,0,0,0,0,0,0,0,0,0,0,14,0
466,0,0,0,0,0,0,0,0,0,15,327,1
467,0,0,0,2,0,8,0,0,0,0,0,0
468,1,9,0,0,0,0,0,0,0,0,0,0
469,0,0,0,1,0,310,0,0,0,0,13,0
470,0,0,0,0,0,0,7,3,0,0,0,0
471,0,0,0,0,0,1,0,0,0,0,0,0
472,0,0,0,0,0,0,80,41,1,0,0,0
473,0,0,0,2,1,63,0,0,0,0,0,0
474,0,0,0,1,0,25,0,0,0,0,0,0
475,0,0,0,0,0,0,0,0,0,1,365,0
476,1,51,0,0,0,0,0,0,0,0,0,0
477,0,0,0,1,4,11,0,0,0,0,0,0
478,0,0,0,0,0,0,0,0,0,15,239,0
479,0,3,0,0,0,0,0,0,0,0,0,0
480,0,5,1,0,0,0,0,0,0,0,0,0
481,0,154,0,0,0,0,1,0,0,0,0,0
482,0,0,0,0,0,1,0,0,0,2,119,0
483,0,0,0,0,0,0,86,9,0,0,0,0
484,0,0,0,2,8,85,0,0,0,0,0,0
485,0,0,0,0,3,1,0,0,0,0,0,0
486,0,0,0,0,0,0,0,0,0,0,62,0
487,0,2,0,0,0,0,417,207,3,0,0,0
488,0,0,0,0,0,0,124,26,3,0,0,0
489,3,238,7,0,0,0,1,0,0,0,0,0
490,6,0,0,482,4,105,0,0,0,0,3,0
491,0,0,0,0,0,0,15,12,2,0,0,0
492,0,0,0,0,0,0,0,0,0,7,69,2
493,0,0,0,18,17,187,0,0,0,0,0,0
494,0,0,0,0,0,0,0,0,0,36,1,1
495,0,0,0,0,0,0,43,7,4,0,0,0
496,2,36,4,0,0,0,0,0,0,0,0,0
497,0,416,1,0,0,0,6,0,0,0,0,0
498,0,0,0,0,0,0,0,0,0,10,64,2
499,0,0,0,7,0,10,0,0,0,0,0,0
500,0,0,0,0,0,0,26,5,0,0,0,0
501,0,0,0,0,0,0,0,0,0,2,23,0
502,1,10,1,0,0,0,0,0,0,0,0,0
503,0,0,0,0,0,0,0,0,0,38,703,0
504,0,0,0,0,0,0,0,0,0,51,172,2
505,0,0,0,4,9,221,0,0,0,0,0,0
506,0,0,0,0,0,1,0,0,0,2,241,2
507,5,26,0,0,0,0,0,0,0,0,0,0
508,0,0,0,13,0,57,0,0,0,0,0,0
509,0,0,0,0,0,0,82,10,0,0,0,0
510,0,0,0,0,0,0,64,20,1,0,0,0
511,0,0,0,0,4,97,0,0,0,0,0,0
512,0,0,0,0,0,0,0,0,0,4,185,0
513,6,80,3,0,0,0,0,0,0,0,0,0
514,0,0,0,1,5,159,0,0,0,0,1,0
515,0,0,0,0,0,0,44,7,2,0,0,0
516,0,0,0,2,4,6,0,0,0,0,0,0
517,0,0,0,11,2,101,0,0,0,0,1,0
518,87,70,1,1,0,0,0,0,0,0,0,0
519,0,1,0,12,0,19,0,0,0,0,0,0
520,0,0,0,0,0,0,23,118,3,0,0,0
521,0,0,0,0,2,0,89,652,4,0,0,0
522,0,0,0,6,1,11,0,0,0,0,0,0
523,0,0,0,18,9,30,0,0,0,0,0,0
524,0,0,0,0,0,0,8,1,0,0,0,0
525,0,4,3,0,0,0,0,0,0,0,0,0
526,0,0,0,0,2,0,236,2003,6,0,0,0
527,0,0,0,0,0,3,0,0,0,6,1120,1
528,0,0,0,1,0,2,0,0,0,0,0,0
529,0,0,0,0,1,0,73,1187,2,0,0,0
530,0,0,0,0,0,0,44,11,0,0,0,0
531,0,0,0,1,0,4,0,0,0,0,0,0
532,29,89,1,0,0,0,4,0,0,0,0,0
533,0,0,0,0,0,0,30,2,36,0,0,0
534,0,0,0,0,0,0,0,0,0,4,139,0
535,14,30,4,0,0,0,0,0,0,0,0,0
536,0,0,0,0,0,0,5,2,1,0,0,0
537,1,1,0,0,0,0,0,0,0,0,0,0
538,3,55,1,0,0,0,0,0,0,0,0,0
539,0,0,0,0,0,0,0,0,0,33,630,0
540,0,0,0,2,9,9,0,0,0,0,0,0
541,0,0,0,0,0,0,0,0,0,6,352,0
542,0,0,0,0,0,0,100,0,0,0,0,0
543,1,53,8,0,0,0,3,0,0,0,0,0
544,41,61,259,0,0,0,0,0,0,0,1,0
545,0,0,0,0,0,0,18,94,0,0,0,0
546,0,0,0,0,0,0,17,3,0,0,0,0
547,0,0,0,0,0,0,0,0,0,5,92,0
548,1,55,0,0,0,0,0,0,0,0,0,0
549,0,0,0,0,1,68,0,0,0,0,0,0
550,0,0,0,1,4,107,0,0,0,0,0,0
551,0,0,0,0,0,0,0,0,0,0,0,0
552,2,11,0,0,0,0,0,0,0,0,0,0
553,0,0,0,0,0,0,79,21,3,0,0,0
554,0,0,0,0,0,5,0,0,0,0,0,0
555,0,8,0,0,0,0,0,0,0,0,0,0
556,0,0,0,0,0,1,0,0,0,0,791,0
557,0,0,0,0,0,0,28,10,0,0,0,0
558,0,0,0,0,0,0,7,51,0,0,0,0
559,0,0,0,0,0,96,0,0,0,0,0,0
560,0,0,0,0,0,0,0,0,0,0,108,0
561,0,0,0,0,0,0,37,4,2,0,0,0
562,0,0,0,0,4,7,0,0,0,0,0,0
563,58,25,1,0,0,0,0,0,0,0,0,0
564,0,0,0,0,0,0,153,6,3,0,0,0
565,0,0,0,2,0,44,0,0,0,0,1,0
566,0,0,0,0,0,0,9,2,0,0,0,0
567,0,0,0,0,0,0,8,3,0,0,0,0
568,0,0,0,4,2,34,0,0,0,0,0,0
569,0,9,0,0,0,0,1105,2,252,0,0,0
570,9,34,7,0,0,0,0,0,0,0,0,0
571,0,3,0,0,0,0,385,5,0,0,0,0
572,2,9,1,0,0,0,0,0,0,0,0,0
573,0,0,0,0,0,0,0,0,0,0,15,0
574,2,11,5,0,0,0,0,0,0,0,0,0
575,0,0,1,0,0,0,0,0,0,706,21,0
576,0,0,0,11,6,0,0,0,0,0,0,0
577,0,0,0,28,16,26,0,0,0,0,0,0
578,0,0,0,0,0,0,39,14,0,0,0,0
579,0,0,0,0,0,0,8,12,0,0,0,0
580,0,0,0,17,1,75,0,0,0,0,0,0
581,0,0,0,0,0,0,54,12,2,0,0,0
582,0,0,0,0,0,48,0,0,0,0,0,0
583,0,0,0,0,0,2,0,0,0,13,1813,0
584,0,0,0,0,0,0,0,0,0,13,113,0
585,0,0,0,1,0,5,0,0,0,0,0,0
586,0,0,0,82,3,48,0,0,0,0,0,0
587,0,0,0,0,0,0,49,9,1,0,0,0
588,0,0,0,0,0,9,0,0,0,0,0,0
589,0,0,0,0,0,0,0,0,0,7,242,1
590,0,0,0,0,0,0,0,0,0,0,54,1
591,0,0,0,0,0,0,0,0,0,5,7,0
592,0,0,0,7,5,274,0,0,0,0,2,0
593,0,0,0,0,0,18,0,0,0,2,2333,9
594,5,27,1,0,0,0,0,0,0,0,0,0
595,0,0,0,5,3,52,0,0,0,0,0,0
596,0,0,0,0,0,0,136,56,0,0,0,0
597,0,0,0,33,1,142,0,0,0,0,0,0
598,0,0,0,0,0,0,54,228,1,0,0,0
599,0,0,0,0,0,0,116,146,0,0,0,0
600,0,0,0,0,0,0,89,8,0,0,0,0
601,0,0,0,0,0,5,0,0,0,13,1444,0
602,0,0,0,0,0,0,34,0,0,0,0,0
603,3,42,9,0,0,0,0,0,0,0,0,0
604,3,69,3,0,0,0,0,0,0,0,0,0
605,6,147,23,0,0,0,4,0,0,0,0,0
606,0,0,0,1,5,722,0,0,0,0,0,0
607,1,44,0,0,0,0,0,0,0,0,0,0
608,0,0,0,0,0,0,0,0,0,2,42,1
609,0,0,0,0,0,0,0,0,0,1,19,0
610,13,49,1,0,0,0,0,0,0,0,0,0
611,0,1,0,0,0,0,177,34,0,0,0,0
612,0,0,0,20,1,7,0,0,0,0,0,0
613,0,2,0,0,0,0,192,23,1,0,0,0
614,0,0,0,0,0,0,92,87,6,0,0,0
615,0,0,0,0,0,0,0,0,0,25,93,0
616,0,0,0,1,16,13,0,0,0,0,0,0
617,0,0,0,3,0,58,0,0,0,0,0,0
618,0,15,0,0,0,0,0,0,0,0,0,0
619,0,0,0,0,0,0,0,0,0,0,193,0
620,0,0,0,0,0,0,0,0,0,4,106,0
621,0,1,0,0,0,0,133,9,0,0,0,0
622,0,0,0,0,0,7,0,0,0,1,390,0
623,0,11,1,0,0,0,0,0,0,0,0,0
624,8,8,5,0,0,0,0,0,0,0,0,0
625,0,0,0,0,2,0,25,636,6,0,0,0
626,0,0,0,0,0,0,241,91,2,0,0,0
627,0,0,0,2,0,2,0,0,0,0,0,0
628,0,0,0,0,2,240,0,0,0,0,0,0
629,0,0,0,0,0,2,0,0,0,5,313,0
630,0,0,0,0,4,5,0,0,0,0,0,0
631,0,0,0,0,6,6,0,0,0,0,0,0
632,0,0,0,0,0,0,0,0,0,6,48,1
633,0,0,0,1,2,1,0,0,0,0,0,0
634,0,0,0,5,2,33,0,0,0,0,0,0
635,0,0,0,0,0,0,0,0,0,0,0,0
636,0,0,0,0,0,0,10,12,0,0,0,0
637,0,0,0,0,1,31,0,0,0,0,0,0
638,0,11,0,0,0,0,0,0,0,0,0,0
639,0,11,0,0,0,0,0,0,0,0,0,0
640,0,0,0,0,0,0,39,8,0,0,0,0
641,15,10,2,0,0,0,0,0,0,0,0,0
642,3,74,7,0,0,0,1,0,0,0,0,0
643,0,0,0,0,0,22,0,0,0,2,603,0
644,0,0,0,0,0,0,11,4,1,0,0,0
645,0,0,0,0,0,0,9,3,1,0,0,0
646,0,0,0,0,0,33,0,0,0,0,0,0
647,3,5,0,0,0,0,0,0,0,0,0,0
648,2,12,1,0,0,0,1,0,0,0,0,0
649,0,0,0,1,1,72,0,0,0,0,0,0
650,2,2,0,0,0,0,0,0,0,0,0,0
651,0,6,1,0,0,0,0,0,0,0,0,0
652,6,209,1,0,0,0,0,0,0,0,0,0
653,0,0,0,0,0,0,21,2,2,0,0,0
654,0,0,0,0,0,0,8,4,0,0,0,0
655,18,120,5,0,0,0,0,0,0,0,0,0
656,0,0,0,0,0,0,10,17,6,0,0,0
657,0,0,0,0,0,0,0,0,0,3,146,0
658,0,0,0,11,2,99,0,0,0,0,3,0
659,0,0,0,0,0,0,12,2,0,0,0,0
660,0,0,0,0,0,0,13,3,0,0,0,0
661,0,0,0,1,0,134,0,0,0,0,2,0
662,0,0,0,0,2,0,5,82,1,0,0,0
663,0,0,0,0,0,0,9,20,0,0,0,0
664,0,0,0,0,0,2,0,0,0,3,480,4
665,0,0,0,0,0,0,0,0,0,1,28,0
666,3,12,3,0,0,0,0,0,0,0,0,0
667,0,0,0,0,1,77,0,0,0,0,0,0
668,2,13,0,0,0,0,0,0,0,0,0,0
669,0,0,0,0,0,0,62,5,1,0,0,0
670,0,0,0,0,148,21,0,0,0,0,0,0
671,0,0,0,1,0,16,0,0,0,0,0,0
672,1,18,0,0,0,0,0,0,0,0,0,0
673,0,0,0,0,0,12,0,0,0,0,714,0
674,0,0,0,0,0,0,66,29,0,0,0,0
675,0,0,0,0,0,0,66,82,7,0,0,0
676,0,0,0,0,0,6,0,0,0,18,298,0
677,0,0,0,0,0,0,286,11,1,0,0,0
678,0,0,0,0,0,0,0,0,0,1,270,0
679,0,0,0,0,0,0,0,0,0,17,274,1
680,0,0,0,0,0,0,509,16,0,0,0,0
681,1,89,80,0,0,0,0,0,0,0,0,0
682,0,0,0,0,156,153,0,0,0,0,0,0
683,0,0,0,0,0,30,0,0,0,2,3597,3
684,0,0,0,0,0,8,0,0,0,0,0,0
685,3,346,0,0,0,0,0,0,0,0,0,0
686,1,16,3,0,0,0,0,0,0,0,0,0
687,5,37,5,0,0,0,0,0,0,0,0,0
688,0,0,0,0,0,0,92,93,3,0,0,0
689,0,0,0,35,7,93,0,0,0,0,0,0
690,0,0,0,0,0,0,0,0,0,1,87,1
691,56,273,4,0,0,0,2,0,0,0,0,0
692,0,0,0,2,7,569,0,0,0,0,5,0
693,0,0,0,0,2,11,0,0,0,0,0,0
694,1,0,1,92,2,63,0,0,0,0,0,0
695,0,0,0,0,4,0,24,1374,0,0,0,0
696,7,98,1173,0,0,0,0,0,0,8,0,0
697,0,0,0,0,0,0,0,0,0,31,100,2
698,0,0,0,31,1,14,0,0,0,0,0,0
699,0,0,0,0,0,4,0,0,0,0,0,0
700,1,18,4,0,0,0,0,0,0,0,0,0
701,0,1,0,0,0,0,54,133,1,0,0,0
702,0,0,0,0,0,0,22,28,1,0,0,0
703,0,0,0,0,0,0,0,0,0,11,352,0
704,0,0,0,0,0,0,146,32,0,0,0,0
705,0,432,8,0,0,0,4,0,0,0,0,0
706,0,0,0,0,0,1,0,0,0,8,371,2
707,0,0,0,0,0,0,46,0,0,0,0,0
708,4,24,9,0,0,0,0,0,0,0,0,0
709,0,1,0,0,0,0,109,32,1,0,0,0
710,0,0,0,0,0,0,0,0,0,11,53,0
711,0,0,0,5,3,9,0,0,0,0,0,0
712,0,0,0,18,3,29,0,0,0,0,0,0
713,0,0,0,0,1,0,175,159,1,0,0,0
714,0,0,0,0,0,0,58,190,2,0,0,0
715,0,0,0,0,0,1,0,0,0,2,306,0
716,1,20,0,0,0,0,0,0,0,0,0,0
717,0,0,0,0,0,0,0,0,0,4,24,0
718,0,0,0,8,5,372,0,0,0,0,1,0
719,0,0,0,0,0,0,11,3,0,0,0,0
720,0,17,2,0,0,0,0,0,0,0,0,0
721,0,0,0,0,3,56,0,0,0,0,1,0
722,0,0,0,0,0,0,0,0,0,1,71,0
723,0,0,0,0,0,0,0,0,0,11,32,0
724,0,0,0,2,3,11,0,0,0,0,0,0
725,0,0,0,0,0,4,0,0,0,0,0,0
726,4,6,0,0,0,0,0,0,0,0,0,0
727,0,0,0,4,0,19,0,0,0,0,0,0
728,0,0,0,0,0,0,2,1,3,0,0,0
729,4,21,6,0,0,0,0,0,0,0,0,0
730,1,12,55,0,0,0,0,0,0,0,0,0
731,0,0,0,0,0,0,45,9,2,0,0,0
732,0,36,7,0,0,0,0,0,0,0,0,0
733,0,0,0,1,10,14900,0,0,0,0,134,0
734,0,0,0,5,1,10,0,0,0,0,0,0
735,0,0,0,0,2,4,0,0,0,0,0,0
736,0,0,0,0,1,12,0,0,0,0,0,0
737,0,0,0,0,0,0,0,0,0,0,2,0
738,5,7,1,0,0,0,0,0,0,0,0,0
739,1,98,10,0,0,0,0,0,0,0,0,0
740,0,0,0,0,0,0,20,0,1,0,0,0
741,0,2,10,0,0,0,0,0,0,0,0,0
742,2,8,154,0,0,0,0,0,0,1,0,0
743,2,7,4,0,0,0,0,0,0,0,0,0
744,0,41,16,0,0,0,0,0,0,0,0,0
745,0,0,0,0,0,4,0,0,0,34,1756,0
746,0,0,0,1,0,14,0,0,0,0,0,0
747,0,0,0,0,0,0,0,5,0,0,0,0
748,0,0,0,0,0,0,0,5,1,0,0,0
749,0,99,9,0,0,0,0,0,0,0,0,0
750,0,3,0,0,0,0,0,0,0,0,0,0
751,0,0,0,0,0,0,0,0,0,1,408,0
752,2,17,1,0,0,0,0,0,0,0,0,0
753,0,0,0,0,0,0,0,0,0,1,86,0
754,0,0,0,0,0,18,0,0,0,0,0,0
755,0,0,0,0,0,0,0,0,0,0,0,0
756,0,1,0,0,0,0,0,0,0,0,0,0
757,0,11,0,0,0,0,0,0,0,0,0,0
758,0,0,0,0,0,1,0,0,0,0,190,0
759,3,6,0,0,0,0,0,0,0,0,0,0
760,0,0,0,1,0,14,0,0,0,0,0,0
761,3,484,0,0,0,0,0,0,0,0,0,0
762,0,4,0,0,0,0,15,0,0,0,0,0
763,0,0,0,0,0,1,0,0,0,2,138,0
764,1,12,1,0,0,0,0,0,0,0,0,0
765,0,0,0,0,0,0,15,3,2,0,0,0
766,0,0,0,0,0,10,0,0,0,0,0,0
767,0,0,0,0,0,0,4,14,0,0,0,0
768,0,0,0,0,0,0,8,8,0,0,0,0
769,0,0,0,0,0,32,0,0,0,0,0,0
770,0,0,0,0,0,0,47,5,0,0,0,0
771,0,0,0,0,0,21,0,0,0,0,0,0
772,0,0,0,22,1,498,0,0,0,0,3,0
773,1,18,0,0,0,0,0,0,0,0,0,0
774,0,0,0,0,0,0,0,0,0,14,334,1
775,0,0,1,0,0,0,0,0,0,29,262,2
776,0,0,0,0,0,0,0,0,0,5,20,0
777,0,0,0,0,0,0,37,7,0,0,0,0
778,0,0,0,1,3,132,0,0,0,0,5,0
779,0,0,0,0,0,0,13,0,1,0,0,0
780,1,21,6,0,0,0,0,0,0,0,0,0
781,0,34,0,0,0,0,0,0,0,0,0,0
782,0,0,0,0,0,0,0,0,0,4,37,0
783,0,0,0,1,4,5,0,0,0,0,0,0
784,0,0,0,0,0,0,0,0,0,0,207,0
785,5,27,0,0,0,0,0,0,0,0,0,0
786,0,0,0,52,2,4,0,0,0,0,0,0
787,0,0,0,0,0,0,7,51,3,0,0,0
788,0,0,0,0,0,0,0,0,0,1,120,2
789,0,0,0,0,0,0,28,5,0,0,0,0
790,0,0,0,3,0,132,0,0,0,0,2,0
791,0,0,0,0,0,0,15,1,2,0,0,0
792,13,49,11,0,0,0,0,0,0,0,0,0
793,0,0,0,0,0,0,51,168,0,0,0,0
794,0,0,0,0,0,0,0,0,0,9,136,0
795,0,0,0,0,2,2,0,0,0,0,0,0
796,0,0,0,30,1,53,0,0,0,0,0,0
797,0,4,8,0,0,0,0,0,0,0,0,0
798,1,92,3,0,0,0,0,0,0,0,0,0
799,0,0,0,1,0,0,0,0,0,7,514,0
800,0,0,0,0,0,0,5,0,0,0,0,0
801,0,0,0,0,0,0,1,5,1,0,0,0
802,10,27,10,0,0,0,0,0,0,0,0,0
803,0,0,0,0,0,0,3,2,0,0,0,0
804,0,0,0,0,0,0,1,1,0,0,0,0
805,0,0,0,0,3,0,207,601,0,0,0,0
806,0,3,0,0,0,0,995,6,0,0,0,0
807,0,0,0,0,0,0,0,0,0,0,43,0
808,31,138,2,2,0,0,0,0,0,0,0,0
809,0,0,0,10,0,177,0,0,0,0,0,0
810,0,49,0,0,0,0,0,0,0,0,0,0
811,0,0,0,0,0,0,0,0,0,0,195,0
812,1,25,1,0,0,0,0,0,0,0,0,0
813,0,0,0,0,0,2,0,0,0,19,282,0
814,0,0,0,5,56,35,0,0,0,0,0,0
815,0,0,0,0,0,4,0,0,0,38,946,2
816,0,0,0,0,0,0,164,9,0,0,0,0
817,0,0,0,0,0,0,0,0,0,10,101,1
818,0,0,0,0,0,16,0,0,0,0,0,0
819,0,21,0,0,0,0,0,0,0,0,0,0
820,0,0,0,0,0,1720,0,0,0,0,5,0
821,0,0,0,0,0,0,27,0,1,0,0,0
822,0,0,0,0,0,4,0,0,0,0,0,0
823,0,0,0,0,0,25,0,0,0,18,4814,0
824,0,0,0,0,0,0,1,0,0,0,0,0
825,0,0,1,0,0,0,0,0,0,0,0,0
826,0,0,0,0,0,197,0,0,0,0,1,0
827,0,12,0,0,0,0,0,0,0,0,0,0
828,1,23,4,0,0,0,0,0,0,0,0,0
829,0,0,0,0,0,13,0,0,0,5,2947,1
830,9,1,1,0,0,0,0,0,0,0,0,0
831,0,83,8,0,0,0,0,0,0,0,0,0
832,0,0,0,0,0,5,0,0,0,12,1375,0
833,0,0,0,1,0,1052,0,0,0,0,8,0
834,0,0,0,4,6,20,0,0,0,0,0,0
835,0,0,0,0,0,5,0,0,0,14,1839,0
836,0,0,0,3,0,1,0,0,0,0,0,0
837,0,0,0,0,0,0,2,3,1,0,0,0
838,0,0,0,0,0,89,0,0,0,0,0,0
839,0,0,0,0,0,0,99,17,0,0,0,0
840,0,0,0,0,0,0,101,1,1,0,0,0
841,0,0,0,0,0,8,0,0,0,67,511,0
842,0,0,0,0,0,2,0,0,0,13,251,0
843,0,0,0,0,2,7,0,0,0,33,618,1
844,0,0,0,26,10,78,0,0,0,0,0,0
845,0,0,0,0,0,0,62,9,5,0,0,0
846,0,0,15,0,0,0,0,0,0,0,0,0
847,0,0,0,119,3,306,0,0,0,0,2,0
848,0,0,0,0,0,0,1,13,2,0,0,0
849,0,0,0,0,0,0,1,1,0,0,0,0
850,0,0,0,0,0,0,0,0,0,11,351,0
851,0,0,0,56,0,113,0,0,0,0,0,0
852,0,4,0,0,0,0,0,0,0,0,0,0
853,0,0,0,0,0,0,0,0,0,0,400,0
854,0,0,0,0,0,2,0,0,0,1,544,0
855,0,0,0,0,0,0,0,0,0,25,6,0
856,0,0,0,2,4,198,0,0,0,0,0,0
857,0,0,0,0,0,0,0,0,0,15,64,0
858,0,0,0,0,1,3,0,0,0,0,0,0
859,0,0,0,84,1,58,0,0,0,0,0,0
860,0,0,0,0,0,0,84,3,0,0,0,0
861,7,26,10,0,0,0,0,0,0,0,0,0
862,0,0,0,0,0,0,28,74,0,0,0,0
863,0,0,0,0,1,0,0,0,0,0,0,0
864,0,0,0,0,0,0,0,2,0,0,0,0
865,0,0,0,0,0,0,0,0,0,0,362,0
866,8,102,0,0,0,0,0,0,0,0,0,0
867,0,0,0,1,0,1,0,0,0,0,0,0
868,0,0,0,3,1,29,0,0,0,0,0,0
869,0,4,1,0,0,0,0,0,0,0,0,0
870,4,79,27,0,0,0,0,0,0,1,0,0
871,15,46,4,0,0,0,0,0,0,0,0,0
872,0,7,0,0,0,0,1184,336,4,0,0,0
873,1,37,1,0,0,0,0,0,0,0,0,0
874,0,0,0,0,0,0,0,0,0,7,476,0
875,0,0,1,0,0,0,0,0,0,38,506,7
876,0,0,0,2,4,0,0,0,0,0,0,0
877,0,0,0,2,26,28,0,0,0,0,0,0
878,0,0,0,0,0,103,0,0,0,58,1915,1
879,0,0,0,0,0,3,0,0,0,0,0,0
880,1,25,0,0,0,0,0,0,0,0,0,0
881,0,0,0,0,0,0,166,10,0,0,0,0
882,0,0,0,0,0,0,0,0,0,14,252,0
883,11,24,2,0,0,0,0,0,0,0,0,0
884,0,0,0,0,0,313615,0,0,0,10,314301,0
885,0,0,0,0,0,0,38,58,0,0,0,0
886,0,0,0,0,0,40,0,0,0,0,0,0
887,0,0,0,0,0,0,5,11,1,0,0,0
888,0,0,0,0,0,0,0,0,0,6,172,29
889,0,0,0,7,0,26,0,0,0,0,0,0
890,0,0,0,0,0,0,26,9,0,0,0,0
891,0,0,0,0,0,0,25,7,0,0,0,0
892,0,0,0,0,0,18,0,0,0,0,0,0
893,0,6,0,0,0,0,0,0,0,0,0,0
894,1,14,0,0,0,0,0,0,0,0,0,0
895,0,77,1,0,0,0,0,0,0,0,0,0
896,0,17,0,0,1,0,966,117,1,0,0,0
897,0,0,0,0,0,1,0,0,0,7,344,0
898,0,0,0,13,6,13,0,0,0,0,0,0
899,0,0,0,2,5,22,0,0,0,0,0,0
900,0,0,0,0,0,0,0,0,0,2,579,0
901,50,60,15,0,0,0,0,0,0,0,0,0
902,0,0,0,17,4,84,0,0,0,0,0,0
903,0,0,0,0,0,0,27,57,6,0,0,0
904,0,0,0,0,0,0,0,0,0,0,379,0
905,0,662,0,0,0,0,0,0,0,0,0,0
906,0,0,0,0,0,0,0,0,0,36,249,1
907,0,0,0,3,6,19,0,0,0,0,0,0
908,0,0,0,2,0,20,0,0,0,0,0,0
909,0,0,0,1,0,0,0,0,0,0,0,0
910,0,0,0,0,0,0,115,15,1,0,0,0
911,0,0,0,60,24,10,0,0,0,0,0,0
912,0,0,0,0,0,1,0,0,0,130,537,0
913,0,0,0,0,6,1350,0,0,0,5,314760,1
914,0,0,0,0,0,0,72,2,1,0,0,0
915,23,27,18,0,0,0,0,0,0,0,0,0
916,0,130,22,0,0,0,0,0,0,0,0,0
917,0,0,0,0,0,0,0,0,0,0,1,0
918,4,1,0,0,0,0,0,0,0,0,0,0
919,0,43,0,0,0,0,0,0,0,0,0,0
920,0,0,0,0,0,17,0,0,0,125,1587,4
921,0,0,0,4,0,3,0,0,0,0,0,0
922,0,0,0,0,1,0,364,260,7,0,0,0
923,0,0,0,0,0,0,79,28,1,0,0,0
924,0,3,2,0,0,0,0,0,0,0,0,0
925,0,0,0,0,0,0,0,0,0,6,407,0
926,0,0,0,4,2,38,0,0,0,0,0,0
927,0,0,0,1,9,8,0,0,0,0,0,0
928,0,0,0,0,0,6,0,0,0,0,0,0
929,1,602,1,0,0,0,1,0,0,0,0,0
930,0,0,0,0,0,2,0,0,0,0,0,0
931,0,0,0,12,5,14,0,0,0,0,0,0
932,0,0,0,0,0,0,25,65,22,0,0,0
933,0,12,3,0,0,0,0,0,0,0,0,0
934,0,0,0,0,0,4,0,0,0,5,961,2
935,0,84,1,0,0,0,1,0,0,0,0,0
936,0,0,0,0,0,9,0,0,0,26,3773,1
937,0,0,0,7,0,87,0,0,0,0,0,0
938,0,4,0,0,0,0,0,0,0,0,0,0
939,0,141,4,0,0,0,0,0,0,0,0,0
940,0,3,0,0,0,0,173,28,0,0,0,0
941,8,22,5,0,0,0,0,0,0,0,0,0
942,0,4,0,0,0,0,452,29,0,0,0,0
943,0,0,0,0,0,0,192,50,0,0,0,0
944,0,0,0,0,0,0,66,23,0,0,0,0
945,0,0,0,0,0,0,14,51,0,0,0,0
946,0,0,0,0,0,21,0,0,0,0,0,0
947,0,0,0,0,0,0,37,14,1,0,0,0
948,0,0,0,0,1,7,0,0,0,0,0,0
949,4,408,1,0,0,0,0,0,0,0,0,0
950,0,0,0,2,1,75,0,0,0,0,0,0
951,0,105,0,0,0,0,0,0,0,0,0,0
952,0,0,0,0,0,0,0,0,0,0,199,0
953,0,0,0,8,1,2,0,0,0,0,0,0
954,0,0,0,0,0,0,14,24,1,0,0,0
955,0,0,0,0,0,0,0,0,0,0,144,0
956,0,0,0,16,0,4,0,0,0,0,0,0
957,0,0,0,0,0,0,20,3,2,0,0,0
958,0,0,0,0,0,0,0,0,0,0,224,0
959,0,0,0,0,0,0,0,0,0,25,163,0
960,0,2,0,0,0,0,353,40,0,0,0,0
961,0,0,0,0,1,108,0,0,0,0,1,0
962,0,0,0,0,0,0,11,0,0,0,0,0
963,11,77,9,0,0,0,1,0,0,0,0,0
964,0,68,2,0,0,0,0,0,0,0,0,0
965,0,0,0,0,0,0,0,0,0,0,8,0
966,0,1,0,0,0,0,0,0,0,0,0,0
967,0,0,0,0,0,292,0,0,0,0,0,0
968,0,1,0,0,0,0,12,1,0,0,0,0
969,18,58,3,0,0,0,0,0,0,0,0,0
970,0,0,0,0,0,0,155,32,0,0,0,0
971,0,0,0,0,0,0,0,0,0,0,2,0
972,0,0,0,0,0,0,0,0,0,0,0,0
973,0,0,0,1,0,147,0,0,0,0,0,0
974,0,0,0,0,0,0,19,0,0,0,0,0
975,6,11,9,0,0,0,0,0,0,0,0,0
976,3,19,2,0,0,0,0,0,0,0,0,0
977,7,111,0,0,0,0,0,0,0,0,0,0
978,0,0,0,0,0,3,0,0,0,0,0,0
979,0,0,0,28,2,20,0,0,0,0,0,0
980,0,0,0,0,0,0,23,0,0,0,0,0
981,0,0,0,0,0,2,0,0,0,0,44,0
982,0,0,0,0,34,3,0,0,0,0,0,0
983,0,0,0,0,0,1,0,0,0,0,0,0
984,0,0,0,0,0,0,0,0,0,0,0,0
985,0,0,0,0,0,0,0,0,0,0,0,0
986,3,0,0,23,0,14,0,0,0,0,0,0
987,4,27,0,0,0,0,0,0,0,0,0,0
988,0,0,0,0,0,0,0,0,0,0,79,0
989,7,22,0,0,0,0,0,0,0,0,0,0
990,0,0,0,0,0,0,0,0,0,0,12,0
991,0,0,0,0,0,0,102,61,0,0,0,0
992,0,0,0,0,0,0,58,0,0,0,0,0
993,1,16,8,0,0,0,0,0,0,0,0,0
994,0,360,4,0,0,0,3,0,0,0,0,0
995,0,0,0,0,0,0,0,0,0,0,6,0
996,0,0,0,0,0,0,2,0,0,0,0,0
997,0,0,0,0,5,56,0,0,0,0,0,0
998,0,0,0,7,3,2,0,0,0,0,0,0
999,0,0,0,0,0,0,0,0,0,3,91,1
1000,0,0,0,11,1,20,0,0,0,0,0,0
1001,0,0,0,0,0,0,16,0,1,0,0,0
1002,2,32,6,0,0,0,0,0,0,0,0,0
1003,3,40,3,0,0,0,0,0,0,0,0,0
1004,16,20,4,0,0,0,0,0,0,0,0,0
1005,286,38,4,0,0,0,0,0,0,0,0,0
1006,0,0,0,0,1,0,28,153,0,0,0,0
1007,2,11,4,0,0,0,0,0,0,0,0,0
1008,0,0,0,0,0,0,17,40,1,0,0,0
1009,0,0,0,0,0,4,0,0,0,2,293,0
1010,0,0,0,0,0,0,0,0,0,0,0,0
1011,0,0,0,0,0,0,0,0,0,0,0,0
1012,0,0,0,0,0,32,0,0,0,0,0,0
1013,0,0,0,0,0,0,8,0,1,0,0,0
1014,1,13,9,0,0,0,0,0,0,0,0,0
1015,0,38,23,0,0,0,0,0,0,0,0,0
1016,0,0,0,0,7,17,0,0,0,0,0,0
1017,0,0,0,0,5,10,0,0,0,0,0,0
1018,0,0,0,0,0,0,19,35,1,0,0,0
1019,0,0,0,0,0,0,0,0,0,0,2,0
1020,0,1,0,0,0,0,0,0,0,0,0,0
1021,0,0,0,0,0,0,29,7,0,0,0,0
1022,3,28,3,0,0,0,0,0,0,0,0,0
1023,0,0,0,0,0,0,0,0,0,0,6,0
1024,0,22,0,0,0,0,0,0,0,0,0,0
1025,0,0,0,0,0,0,0,0,0,0,18,0
1026,0,0,0,0,0,0,0,0,0,2,12,0
1027,0,0,0,1,5,18,0,0,0,0,0,0
1028,0,0,0,0,0,21,0,0,0,0,0,0
1029,0,0,0,1,2,2,0,0,0,0,0,0
1030,0,0,0,2,1,29,0,0,0,0,0,0
1031,0,0,0,0,0,0,2,0,0,0,0,0
1032,0,6,2,0,0,0,0,0,0,0,0,0
1033,3,133,7,0,0,0,1,0,0,0,0,0
1034,0,70,16,0,0,0,0,0,0,0,0,0
1035,0,0,0,0,0,13,0,0,0,0,0,0
1036,0,0,0,1,0,14,0,0,0,0,0,0
1037,0,1,0,0,0,0,0,0,0,0,0,0
1038,0,19,3,0,0,0,0,0,0,0,0,0
1039,1,34,3,0,0,0,0,0,0,0,0,0
1040,0,0,0,0,6,27,0,0,0,0,0,0
1041,0,0,0,0,4,12,0,0,0,0,0,0
1042,0,0,0,0,0,0,82,31,0,0,0,0
1043,0,1,0,0,0,0,54,17,1,0,0,0
1044,0,0,0,0,0,0,0,0,0,0,129,0
1045,91,12,4,0,0,0,0,0,0,0,0,0
1046,0,7,8,0,0,0,0,0,0,0,0,0
1047,2,20,12,0,0,0,0,0,0,0,0,0
1048,0,0,0,0,15,0,30,1763,0,0,0,0
1049,0,5,13,0,0,0,0,0,0,0,0,0
1050,0,2,1,0,0,0,0,0,0,0,0,0
1051,0,28,14,0,0,0,0,0,0,0,0,0
1052,0,0,0,3,2,23,0,0,0,0,0,0
1053,0,0,0,0,0,8,0,0,0,0,0,0
1054,0,0,0,2,2,315,0,0,0,0,0,0
1055,0,0,0,0,0,0,12,21,2,0,0,0
1056,1,12,6,0,0,0,0,0,0,0,0,0
1057,0,0,0,0,0,0,0,0,0,5,406,1
1058,0,83,7,0,0,0,0,0,0,0,0,0
1059,0,0,0,0,1,769,0,0,0,0,155850,0
1060,0,0,0,0,0,2,0,0,0,89,1603,11
1061,0,0,0,9,5,8,0,0,0,0,0,0
1062,0,0,0,0,1,16,0,0,0,0,0,0
1063,0,0,0,0,0,5,0,0,0,1,1221,0
1064,78,26,1,0,0,0,0,0,0,0,0,0
1065,1,51,3,0,0,0,1,0,0,0,0,0
1066,0,0,0,31,2,35,0,0,0,0,0,0
1067,0,1,0,0,0,0,87,13,2,0,0,0
1068,0,0,0,0,0,0,174,14,0,0,0,0
1069,0,0,0,0,0,0,113,43,0,0,0,0
1070,0,0,0,0,0,0,22,0,0,0,0,0
1071,5,15,22,0,0,0,0,0,0,0,0,0
1072,2,255,16,0,0,0,3,0,0,0,0,0
1073,0,0,0,3,2,19,0,0,0,0,0,0
1074,0,0,0,0,0,0,5,2,2,0,0,0
1075,0,0,0,0,1,30,0,0,0,0,0,0
1076,0,0,0,0,0,4,0,0,0,3,411,0
1077,0,0,0,0,0,3,0,0,1,25,328,6
1078,3,36,2,0,0,0,0,0,0,0,0,0
1079,5,18,16,0,0,0,0,0,0,0,0,0
1080,4,46,5,0,0,0,0,0,0,0,0,0
1081,0,0,0,1,2,83,0,0,0,0,0,0
1082,0,0,0,0,0,5,0,0,0,0,0,0
1083,0,0,0,0,0,0,0,0,0,0,0,0
1084,0,0,0,0,0,11,0,0,0,0,0,0
1085,0,0,0,0,0,0,30,261,1,0,0,0
1086,0,0,0,0,0,11,0,0,0,0,0,0
1087,2,249,0,0,0,0,1,0,0,0,0,0
1088,0,0,0,1,2,32,0,0,0,0,0,0
1089,0,0,0,5,1,0,0,0,0,0,0,0
1090,0,0,0,2,3,90,0,0,0,0,0,0
1091,0,0,0,0,0,7,0,0,0,1,522,0
1092,0,0,0,0,0,0,0,0,0,0,0,0
1093,0,0,0,0,0,0,0,0,0,20,330,0
1094,0,0,0,3,3,36,0,0,0,0,0,0
1095,0,0,0,0,0,24,0,0,0,0,0,0
1096,1,52,2,0,0,0,0,0,0,0,0,0
1097,4,18,6,0,0,0,0,0,0,0,0,0
1098,4,63,16,0,0,0,0,0,0,0,0,0
1099,0,0,0,1,10,70,0,0,0,0,5,0
1100,0,0,0,12,9,2,0,0,0,0,0,0
1101,0,0,0,0,0,1,0,0,0,0,459,2
1102,0,0,0,0,0,4,0,0,0,20,1429,0
1103,261,93,4,0,0,0,0,0,0,0,0,0
1104,0,0,0,3,0,216,0,0,0,0,3,0
1105,2,16,2,0,0,0,0,0,0,0,0,0
1106,0,46,4,0,0,0,1,0,0,0,0,0
1107,0,0,0,1,1,81,0,0,0,0,0,0
1108,0,0,0,0,0,0,0,0,0,3,353,1
1109,1,15,7,0,0,0,0,0,0,0,0,0
1110,0,16,14,0,0,0,0,0,0,0,0,0
1111,0,0,0,0,0,0,210,57,0,0,0,0
1112,2,16,1,0,0,0,0,0,0,0,0,0
1113,0,0,0,0,0,1,0,0,0,8,304,0
1114,0,0,1,18,0,35,0,0,0,0,0,0
1115,3,16,0,0,0,0,0,0,0,0,0,0
1116,0,0,0,2,0,34,0,0,0,0,0,0
1117,0,0,0,0,6,37,0,0,0,0,0,0
1118,0,0,0,0,0,0,0,0,0,2,1,0
1119,6,5,2,0,0,0,0,0,0,0,0,0
1120,0,20,1,0,0,0,0,0,0,0,0,0
1121,0,0,0,0,0,0,0,0,0,17,96,2
1122,0,0,0,0,0,3,0,0,0,8,238,0
1123,43,53,2,0,0,0,0,0,0,0,0,0
1124,1,36,14,0,0,0,0,0,0,0,0,0
1125,0,0,0,0,0,0,107,33,1,0,0,0
1126,0,1,0,0,0,0,145,225,1,0,0,0
1127,0,0,0,0,0,0,36,15,0,0,0,0
1128,0,0,0,0,0,22,0,0,0,0,0,0
1129,0,0,0,7,1,40,0,0,0,0,0,0
1130,0,0,0,0,0,0,4,1,0,0,0,0
1131,1,15,7,0,0,0,0,0,0,1,0,0
1132,311,9,6,0,0,0,0,0,0,0,0,0
1133,0,10,3,0,0,0,0,0,0,0,0,0
1134,2,22,11,0,0,0,0,0,0,0,0,0
1135,0,0,0,0,1,0,15,217,0,0,0,0
1136,0,6,2,0,0,0,0,0,0,0,0,0
1137,1,9,3,0,0,0,0,0,0,0,0,0
1138,1,16,12,0,0,0,0,0,0,0,0,0
1139,0,8,353,0,0,0,0,0,0,0,0,0
1140,3,17,9,0,0,0,0,0,0,0,0,0
1141,0,0,0,0,2,0,36,377,1,0,0,0
1142,0,0,0,0,0,0,0,0,0,6,225,2
1143,0,0,0,1,14,9,0,0,0,0,0,0
1144,0,0,0,11,1,17,0,0,0,0,0,0
1145,0,0,0,0,0,0,7,6,0,0,0,0
1146,1,133,10,0,0,0,0,0,0,0,0,0
1147,0,0,0,5,3,82,0,0,0,0,0,0
1148,0,0,0,0,3,0,28,481,0,0,0,0
1149,0,0,0,0,9,0,31,114,0,0,0,0
1150,0,0,0,0,0,0,0,0,0,4,752,3
1151,0,0,0,4,2,18,0,0,0,0,0,0
1152,0,0,0,0,0,6,0,0,0,0,0,0
1153,0,0,0,0,0,10,0,0,0,0,0,0
1154,13,163,0,0,0,0,1,0,0,0,0,0
1155,0,0,0,26,17,125,0,0,0,0,0,0
1156,0,0,0,0,0,0,26,61,0,0,0,0
1157,0,1,0,0,0,0,202,16,0,0,0,0
1158,0,0,0,0,0,0,48,9,0,0,0,0
1159,0,0,0,1,0,6,0,0,0,0,0,0
1160,1,5,0,0,0,0,0,0,0,0,0,0
1161,0,0,0,0,0,0,27,1,0,0,0,0
1162,0,46,0,0,0,0,1,0,0,0,0,0
1163,5383,64,40,9,0,0,4,0,0,0,0,0
1164,0,0,0,0,2,5,0,0,0,0,0,0
1165,0,0,0,23,16,55,0,0,0,0,0,0
1166,0,0,0,0,0,0,0,0,0,9,0,7
1167,0,0,0,0,0,0,60,17,1,0,0,0
1168,3,185,26,0,0,0,1,0,0,0,0,0
1169,0,0,0,0,3,43,0,0,0,0,0,0
1170,0,0,0,0,0,5,0,0,0,12,874,0
1171,0,0,0,0,3,481,0,0,0,0,3,0
1172,0,0,0,0,0,0,68,8,1,0,0,0
1173,0,0,0,0,0,16,0,0,0,0,0,0
1174,0,0,0,0,0,0,0,0,0,29,211,0
1175,0,0,0,0,0,82,0,0,0,0,0,0
1176,0,3,0,0,0,0,0,0,0,0,0,0
1177,0,0,0,0,0,281,0,0,0,0,0,0
1178,0,0,0,0,0,0,0,0,0,21,118,10
1179,0,0,0,0,0,0,0,0,0,3,128,0
1180,35,2370,9,0,0,0,121,3,0,0,0,0
1181,0,0,0,0,5,0,25,1218,3,0,0,0
1182,0,0,0,0,6,38,0,0,0,0,0,0
1183,0,0,0,25,18,45,0,0,0,0,0,0
1184,0,0,0,0,0,0,65,8,1,0,0,0
1185,0,0,0,0,0,11,0,0,0,1,459,0
1186,0,0,0,0,0,0,118,101,35,0,0,0
1187,0,0,0,1,3,13,0,0,0,0,0,0
1188,0,0,0,0,0,2,0,0,0,0,180,0
1189,18,13,1,0,0,0,0,0,0,0,0,0
1190,0,0,12,0,0,13,0,0,0,89,2240,2
1191,0,0,0,0,0,64,0,0,0,240,7375,0
1192,5,68,5,0,0,0,0,0,0,0,0,0
1193,4,22,3,0,0,0,0,0,0,0,0,0
1194,1,57,3,0,0,0,0,0,0,0,0,0
1195,0,0,0,5,3,278,0,0,0,0,0,0
1196,0,0,0,0,0,0,19,0,0,0,0,0
1197,0,32,4,0,0,0,0,0,0,0,0,0
1198,0,49,17,0,0,0,0,0,0,0,0,0
1199,0,0,0,4,0,0,0,0,0,0,0,0
1200,0,0,0,0,0,0,7,5,0,0,0,0
1201,0,0,0,0,0,1,0,0,0,0,192,0
1202,20,23,10,0,0,0,0,0,0,0,0,0
1203,0,14,0,0,0,0,0,0,0,0,0,0
1204,0,0,0,0,0,0,0,0,0,10,166,0
1205,0,0,5,0,0,0,0,0,0,178,0,0
1206,11,15,0,0,0,0,0,0,0,0,0,0
1207,1,38,2,0,0,0,0,0,0,0,0,0
1208,0,48,2,0,0,0,0,0,0,0,0,0
1209,0,0,0,0,0,18,0,0,0,0,0,0
1210,0,0,0,0,3,0,57,1053,7,0,0,0
1211,0,0,0,15,81,7,0,0,0,0,0,0
1212,0,0,0,0,0,0,52,21,2,0,0,0
1213,0,0,0,0,0,1,0,0,0,0,290,0
1214,0,0,0,0,0,0,0,0,0,13,145,0
1215,0,0,0,1,0,9,0,0,0,0,0,0
1216,0,0,0,1,2,26,0,0,0,0,0,0
1217,0,0,0,8,1,1,0,0,0,0,0,0
1218,0,0,0,0,0,2,0,0,0,0,1524,0
1219,26,17,1,0,0,0,0,0,0,0,0,0
1220,0,24,0,0,0,0,0,0,0,0,0,0
1221,0,0,0,0,0,0,0,0,0,12,137,2
1222,0,0,0,0,38,19,0,0,0,0,0,0
1223,0,0,0,0,0,0,0,0,0,9,131,0
1224,0,0,0,8,4,1,0,0,0,0,0,0
1225,0,0,0,0,0,0,0,0,0,4,123,0
1226,12,137,2,0,0,0,1,0,0,0,0,0
1227,0,0,0,2,3,54,0,0,0,0,0,0
1228,0,0,0,0,0,0,6,6,0,0,0,0
1229,0,94,14,0,0,0,0,0,0,0,0,0
1230,0,422,5,0,0,0,1,0,0,0,0,0
1231,0,0,0,0,6,0,6,287,0,0,0,0
1232,0,0,0,0,1,0,0,0,0,0,0,0
1233,0,0,0,0,0,0,0,3,0,0,0,0
1234,0,0,0,0,0,31,0,0,0,0,0,0
1235,0,0,0,0,0,0,25,7,1,0,0,0
1236,4,646,2,0,0,0,3,0,0,0,0,0
1237,0,0,0,1,12,186,0,0,0,0,1,0
1238,0,0,0,0,0,0,0,0,0,2,145,0
1239,3,17,2,0,0,0,0,0,0,0,0,0
1240,0,0,0,1,18,27,0,0,0,0,0,0
1241,0,0,0,0,1,0,0,0,0,0,0,0
1242,0,4,1,0,0,0,103,14,0,0,0,0
1243,0,0,0,0,0,94,0,0,0,0,0,0
1244,0,1,0,0,0,0,47,4,0,0,0,0
1245,0,0,0,0,0,0,223,23,3,0,0,0
1246,0,0,0,0,0,19,0,0,0,0,0,0
1247,0,0,0,0,0,0,14,0,0,0,0,0
1248,1,17,10,0,0,0,0,0,0,0,0,0
1249,38,124,8,0,0,0,1,0,0,0,0,0
1250,0,11,2,0,0,0,0,0,0,0,0,0
1251,0,0,0,0,0,1,0,0,0,17,155,0
1252,0,0,0,0,12,6,0,0,0,0,0,0
1253,0,0,0,8,14,0,0,0,0,0,0,0
1254,0,0,0,0,0,0,0,0,0,0,34,0
1255,3,428,0,0,0,0,5,0,0,0,0,0
1256,0,0,0,1,0,1,0,0,0,0,0,0
1257,0,0,0,0,0,0,0,0,0,0,0,0
1258,0,0,0,0,0,0,1,4,0,0,0,0
1259,0,0,0,0,0,0,0,0,0,2,0,0
1260,28,0,0,0,0,0,0,0,0,0,0,0
1261,0,0,0,0,0,0,25,25,12,0,0,0
1262,2,80,29,0,0,0,0,0,0,1,0,0
1263,0,0,0,0,0,2,0,0,0,26,638,0
1264,0,0,0,0,1,0,221,277,0,0,0,0
1265,0,0,0,0,1,0,89,83,0,0,0,0
1266,0,0,0,0,0,0,1,31,2,0,0,0
1267,0,0,0,0,0,43,0,0,0,72,4696,0
1268,0,3,0,0,0,0,229,6,0,0,0,0
1269,0,148,14,0,0,0,0,0,0,0,0,0
1270,0,0,0,4,5,46,0,0,0,0,0,0
1271,0,0,0,0,0,18,0,0,0,0,0,0
1272,0,0,0,0,0,2,0,0,0,0,0,0
1273,0,0,0,1,0,66,0,0,0,0,1,0
1274,0,0,0,0,0,0,195,424,28,0,0,0
1275,0,0,0,0,2,11,0,0,0,0,0,0
1276,0,0,0,3,0,14,0,0,0,0,0,0
1277,0,0,1,0,0,0,0,0,0,0,0,0
1278,0,13,0,0,0,0,0,0,0,0,0,0
1279,1,46,0,0,0,0,0,0,0,0,0,0
1280,0,0,0,0,0,0,158,4,0,0,0,0
1281,0,0,0,0,0,0,0,0,0,1,309,0
1282,0,0,0,0,0,0,0,0,0,5,117,0
1283,0,47,0,0,0,0,4,0,0,0,0,0
1284,0,0,0,0,0,0,0,0,0,8,245,0
1285,0,0,0,1,14,18,0,0,0,0,0,0
1286,0,0,0,0,0,0,0,0,0,0,0,0
1287,0,0,0,0,0,0,0,1,0,0,0,0
1288,0,0,0,0,0,3,0,0,0,0,2344,0
1289,0,0,0,0,0,0,12,1,0,0,0,0
1290,0,12,26,0,0,0,0,0,0,0,0,0
1291,0,94,33,0,0,0,0,0,0,0,0,0
1292,0,0,0,3,0,107,0,0,0,0,0,0
1293,0,0,0,0,6,7,0,0,0,0,0,0
1294,0,0,0,0,0,21,0,0,0,0,0,0
1295,0,0,0,0,0,3,0,0,0,0,0,0
1296,0,0,0,0,0,0,0,4,0,0,0,0
1297,0,0,0,0,0,29,0,0,0,0,0,0
1298,0,1,0,0,0,0,101,76,0,0,0,0
1299,0,0,0,0,0,0,102,11,0,0,0,0
1300,0,0,0,0,0,0,0,0,0,7,193,0
1301,0,25,0,0,0,0,0,0,0,0,0,0
1302,0,0,0,0,0,2,0,0,0,33,1042,0
1303,0,0,0,46,5,49,0,0,0,0,0,0
1304,0,1,0,0,0,0,302,0,0,0,0,0
1305,18,56,13,0,0,0,0,0,0,0,0,0
1306,0,0,0,0,0,0,64,173,51,0,0,0
1307,0,18,3,0,0,0,0,0,0,0,0,0
1308,0,45,7,0,0,0,0,0,0,0,0,0
1309,0,0,0,3,17,71,0,0,0,0,1,0
1310,0,0,0,0,0,47,0,0,0,0,1,0
1311,0,0,0,0,1,120,0,0,0,0,0,0
1312,0,0,0,0,0,0,56,163,2,0,0,0
1313,1,148,15,0,0,0,1,0,0,0,0,0
1314,0,0,0,0,0,3,0,0,0,42,1070,0
1315,0,0,0,1,0,47,0,0,0,0,0,0
1316,0,20,0,0,0,0,0,0,0,0,0,0
1317,4,36,2,0,0,0,3,0,0,0,0,0
1318,1,21,13,0,0,0,0,0,0,0,0,0
1319,0,0,0,0,0,0,71,18,0,0,0,0
1320,5,13,16,0,0,0,0,0,0,0,0,0
1321,6,25,103,0,0,0,1,0,0,2,0,0
1322,0,0,0,0,0,0,119,37,1,0,0,0
1323,0,0,0,0,0,0,50,10,0,0,0,0
1324,0,0,0,0,1,10,0,0,0,0,0,0
1325,0,0,0,0,0,0,16,17,0,0,0,0
1326,0,0,0,0,0,1,0,0,0,9,208,0
1327,0,0,0,0,0,0,0,0,0,4,70,1
1328,13,20,1,0,0,0,0,0,0,0,0,0
1329,0,0,2,0,0,0,0,0,0,93,9,1
1330,0,0,0,16,1,35,0,0,0,0,0,0
1331,0,5,0,0,0,0,0,0,0,0,0,0
1332,0,0,0,0,0,0,0,0,0,3,27,1
1333,0,0,0,15,19,39,0,0,0,0,0,0
1334,1,0,0,53,1,2,0,0,0,0,0,0
1335,0,0,0,0,0,0,1,0,8,0,0,0
1336,0,0,0,0,0,53,0,0,0,0,1,0
1337,0,0,0,0,0,0,3,2,0,0,0,0
1338,0,0,0,0,0,0,0,1,1,0,0,0
1339,0,0,0,0,3,38,0,0,0,0,1,0
1340,1,0,0,32,0,69,0,0,0,0,0,0
1341,0,6,27,0,0,0,0,0,0,1,0,0
1342,0,0,0,0,0,0,0,0,0,0,835,0
1343,0,0,0,1,32,31,0,1,0,0,0,0
1344,0,0,0,0,0,609,0,0,0,0,0,0
1345,0,11,16,0,0,0,0,0,0,4,0,0
1346,0,0,0,0,0,3,0,0,0,241,1005,0
1347,0,0,0,0,0,1,0,0,0,10,479,0
1348,0,0,0,0,0,5,0,0,0,20,1192,2
1349,0,0,1,0,0,0,0,0,0,31,1,3
1350,129,37,0,1,0,0,0,0,0,0,0,0
1351,0,15,3,0,0,0,0,0,0,0,0,0
1352,2,2,4,0,0,0,0,0,0,0,0,0
1353,0,57,0,0,0,0,0,0,0,0,0,0
1354,0,0,0,5,6,50,0,0,0,0,0,0
1355,0,0,0,0,0,0,1,34,0,0,0,0
1356,0,0,0,0,0,0,0,0,0,0,5,3
1357,0,0,0,2,21,10,0,0,0,0,0,0
1358,0,1,0,0,2,0,882,65,0,0,0,0
1359,0,0,0,0,0,11,0,0,0,0,0,0
1360,0,0,0,6,1,16,0,0,0,0,0,0
1361,0,0,0,0,0,0,33,29,0,0,0,0
1362,0,0,0,0,0,12,0,0,0,0,0,0
1363,0,0,0,71,0,16,0,0,0,0,1,0
1364,0,10,1,0,0,0,0,0,0,0,0,0
1365,0,2,13,0,0,0,0,0,0,0,0,0
1366,0,26,1,0,0,0,0,0,0,0,0,0
1367,0,27,2,0,0,0,0,0,0,0,0,0
1368,0,0,0,0,2,60,0,0,0,0,0,0
1369,0,0,0,0,3,9,0,0,0,0,0,0
1370,0,0,0,1,0,18,0,0,0,0,0,0
1371,2,50,0,0,0,0,0,0,0,0,0,0
1372,0,0,0,0,0,24,0,0,0,0,0,0
1373,0,0,0,0,1,0,0,0,0,0,0,0
1374,0,0,0,0,0,0,1,4,0,0,0,0
1375,0,0,0,0,0,122,0,0,0,0,0,0
1376,0,0,0,0,0,0,0,0,0,4,345,0
1377,0,0,0,0,0,2,0,0,0,1,277,0
1378,10,23,14,0,0,0,0,0,0,0,0,0
1379,0,20,0,0,0,0,1727,15,0,0,0,0
1380,0,0,0,0,0,2,0,0,0,2,932,0
1381,28,118,2,0,0,0,0,0,0,0,0,0
1382,0,0,0,0,0,0,0,0,0,0,0,0
1383,0,0,0,0,0,0,0,1,0,0,0,0
1384,0,0,0,0,0,230,0,0,0,0,2,0
1385,0,0,0,0,0,29,0,0,0,2,1573,6
1386,0,55,3,0,0,0,0,0,0,0,0,0
1387,0,0,0,0,0,6,0,0,0,41,1305,3
1388,7,7,1,0,0,0,0,0,0,0,0,0
1389,2,32,5,0,0,0,0,0,0,0,0,0
1390,0,0,0,0,13,76,0,0,0,0,0,0
1391,0,0,0,13,7,40,0,0,0,0,0,0
1392,0,0,0,0,0,3,0,0,0,0,869,0
1393,7,29,5,0,0,0,0,0,0,0,0,0
1394,0,4,0,0,0,0,61,1,1,0,0,0
1395,2,15,94,0,0,0,0,0,0,0,0,0
1396,16,36,6,0,0,0,0,0,0,0,0,0
1397,0,0,0,0,0,0,245,25,2,0,0,0
1398,0,0,0,0,0,2,0,0,0,0,0,0
1399,12,139,3,0,0,0,0,0,0,0,0,0
1400,0,0,0,0,0,0,85,0,2,0,0,0
1401,0,4,0,0,0,0,316,4,2,0,0,0
1402,0,9,1,0,0,0,0,0,0,0,0,0
1403,0,0,0,0,0,0,0,0,0,12,182,0
1404,0,0,0,0,0,0,0,0,0,33,271,0
1405,0,0,0,11,6,90,0,0,0,0,0,0
1406,0,0,0,0,0,0,6,1,0,0,0,0
1407,99,43,49,0,0,0,0,0,0,0,0,0
1408,0,16,0,0,0,0,69,83,1,0,0,0
1409,0,0,0,0,0,0,0,0,0,0,16,0
1410,2,1,0,0,0,0,0,0,0,0,0,0
1411,0,0,0,1,1,27,0,0,0,0,0,0
1412,60,37,0,0,0,0,0,0,0,0,0,0
1413,0,0,0,0,0,0,29,10,1,0,0,0
1414,0,0,0,0,2,11,0,0,0,0,0,0
1415,0,0,0,0,0,1,0,0,0,17,209,0
1416,0,0,0,27,11,5,0,0,0,0,0,0
1417,0,0,0,41,2,61,0,0,0,0,1,0
1418,0,0,0,0,0,0,45,5,1,0,0,0
1419,0,0,0,0,0,2,0,0,0,9,657,0
1420,0,0,0,0,0,2,0,0,0,27,1219,0
1421,0,0,0,0,0,0,23,1,2,0,0,0
1422,7,13,4,0,0,0,0,0,0,0,0,0
1423,4,53,25,0,0,0,0,0,0,0,0,0
1424,0,0,0,0,0,16,0,0,0,0,0,0
1425,0,1,0,0,0,0,0,0,0,0,0,0
1426,0,0,0,0,0,1,0,0,0,0,905,0
1427,0,0,0,0,0,10,0,0,0,27,2435,0
1428,7,5,0,0,0,0,0,0,0,0,0,0
1429,0,0,0,0,0,46,0,0,0,0,0,0
1430,1,51,2,0,0,0,0,0,0,0,0,0
1431,3,50,5,0,0,0,0,0,0,0,0,0
1432,0,0,0,3,0,52,0,0,0,0,0,0
1433,0,0,0,0,0,0,15,0,3,0,0,0
1434,2,28,5,0,0,0,0,0,0,0,0,0
1435,3,40,20,0,0,0,0,0,0,0,0,0
1436,0,0,0,3,3,13,0,0,0,0,0,0
1437,0,0,0,0,0,5,0,0,0,3,818,4
1438,0,0,0,42,33,199,0,0,0,0,2,0
1439,0,0,0,0,2,0,63,448,1,0,0,0
1440,0,3,0,0,0,0,652,37,1,0,0,0
1441,0,0,0,0,0,3,0,0,0,32,771,1
1442,0,0,0,3,6,217,0,0,0,0,0,0
1443,0,0,0,0,0,8,0,0,0,0,0,0
1444,0,0,0,0,1,0,60,238,77,0,0,0
1445,0,36,24,0,0,0,0,0,0,0,0,0
1446,0,4,3,0,0,0,0,0,0,0,0,0
1447,1,9,148,0,0,0,0,0,0,0,0,0
1448,0,13,0,0,0,0,0,0,0,0,0,0
1449,0,0,0,0,0,1,0,0,0,3,134,0
1450,0,0,0,0,0,0,0,0,0,5,79,0
1451,5,12,3,0,0,0,0,0,0,0,0,0
1452,0,0,0,4,53,71,0,0,0,0,0,0
1453,0,0,0,1,4,20,0,0,0,0,0,0
1454,0,0,0,0,0,0,0,0,0,24,130,15
1455,0,0,0,3,3,24,0,0,0,0,0,0
1456,0,0,0,1,16,79,0,0,0,0,0,0
1457,0,0,0,0,0,4,0,0,0,4,1417,0
1458,0,0,0,0,0,0,111,17,1,0,0,0
1459,0,0,0,0,0,4,0,0,0,0,0,0
1460,0,6,0,0,0,0,0,0,0,0,0,0
1461,1,432,10,0,0,0,1,0,0,0,0,0
1462,0,0,0,0,0,0,47,64,2,0,0,0
1463,0,6,0,0,0,0,585,149,0,0,0,0
1464,0,2,0,0,0,0,604,12,2,0,0,0
1465,0,0,0,0,0,41,0,0,0,0,0,0
1466,0,0,0,0,0,0,42,12,1,0,0,0
1467,0,0,0,0,0,0,20,26,0,0,0,0
1468,0,0,0,0,8,39,0,0,0,0,0,0
1469,0,0,0,0,0,0,0,0,0,4,286,1
1470,0,0,0,0,0,0,41,4,1,0,0,0
1471,0,0,0,0,0,5,0,0,0,3,976,3
1472,6,41,1,0,0,0,0,0,0,0,0,0
1473,0,0,0,0,0,5,0,0,0,13,1202,0
1474,0,0,0,2,0,72,0,0,0,0,0,0
1475,0,10,1,0,0,0,0,0,0,0,0,0
1476,0,0,0,1,3,95,0,0,0,0,3,0
1477,0,0,0,58,8,27,0,0,0,0,0,0
1478,0,0,0,0,0,0,30,7,0,0,0,0
1479,0,0,0,0,0,0,0,0,0,62,114,0
1480,0,0,0,0,0,0,0,0,0,34,256,1
1481,0,0,0,0,10,21,0,0,0,0,0,0
1482,2,0,0,480,140,4,0,0,0,0,0,0
1483,0,0,0,40,1,67,0,0,0,0,2,0
1484,0,0,0,0,0,0,0,2,0,0,0,0
1485,0,0,0,0,0,0,1,2,0,0,0,0
1486,4,38,14,0,0,0,1,0,0,0,0,0
1487,0,0,0,0,0,0,56,9,0,0,0,0
1488,0,0,0,0,0,0,0,1,0,0,0,0
1489,0,0,0,0,0,0,0,0,0,11,628,3
1490,0,0,0,6,0,0,0,0,0,0,0,0
1491,0,0,0,0,0,0,0,0,1,0,0,0
1492,0,0,0,0,0,19,0,0,0,0,0,0
1493,0,0,0,0,0,0,20,4,2,0,0,0
1494,0,0,0,0,0,17,0,0,0,0,0,0
1495,0,0,0,0,0,0,50,562,3,0,0,0
1496,0,0,0,0,0,18,0,0,0,0,0,0
1497,0,0,0,0,0,0,0,0,0,0,0,0
1498,0,0,0,0,0,10,0,0,0,5,2224,0
1499,0,0,0,1,145,0,0,0,0,0,0,0
1500,0,0,0,0,0,0,0,0,0,13,26,0
1501,0,0,0,2,27,156,0,0,0,0,0,0
1502,0,0,0,0,0,3,0,0,0,0,0,0
1503,3,1,0,0,0,0,0,0,0,0,0,0
1504,0,0,0,0,0,21,0,0,0,0,1,0
1505,0,0,0,0,0,0,28,2,0,0,0,0
1506,0,0,0,0,3,26,0,0,0,0,0,0
1507,0,0,0,30,0,20,0,0,0,0,0,0
1508,0,0,0,0,0,0,73,33,0,0,0,0
1509,0,0,0,0,0,0,48,0,0,0,0,0
1510,0,0,0,0,0,54,0,0,0,0,0,0
1511,0,0,0,0,0,2,0,0,0,0,0,0
1512,0,0,0,0,0,0,0,1,1,0,0,0
1513,0,0,0,0,0,11,0,0,0,0,3522,0
1514,0,0,0,0,0,5,0,0,0,11,1126,2
1515,3,345,0,0,0,0,1,0,0,0,0,0
1516,0,0,0,0,0,70,0,0,0,0,0,0
1517,2,15,1,0,0,0,0,0,0,0,0,0
1518,0,26,0,0,0,0,0,0,0,0,0,0
1519,0,0,0,0,0,3,0,0,0,12,368,0
1520,0,25,4,0,0,0,0,0,0,0,0,0
1521,0,89,1,0,0,0,0,0,0,0,0,0
1522,0,0,0,0,0,0,14,40,0,0,0,0
1523,0,0,0,0,3,50,0,0,0,0,0,0
1524,0,0,0,0,0,0,27,18,0,0,0,0
1525,0,0,0,0,1,11,0,0,0,0,0,0
1526,0,0,0,0,0,0,2,8,0,0,0,0
1527,0,0,0,0,0,0,0,0,0,2,2,0
1528,0,0,0,0,0,0,0,0,0,74,261,0
1529,0,0,0,1,0,11,0,0,0,0,0,0
1530,1,9,1,0,0,0,0,0,0,0,0,0
1531,0,0,0,0,0,18,0,0,0,0,0,0
1532,0,0,0,0,0,0,0,0,0,0,0,0
1533,0,0,0,0,0,0,0,4,0,0,0,0
1534,0,0,0,0,0,0,0,0,0,0,0,0
1535,0,0,0,0,0,0,108,6,0,0,0,0
1536,0,0,0,0,0,12,0,0,0,0,0,0
1537,0,0,0,13,17,138,0,0,0,0,0,0
1538,0,0,0,0,0,0,0,0,0,0,10,0
1539,0,0,0,0,0,0,0,0,0,1,0,0
1540,1,21,19,0,0,0,0,0,0,0,0,0
1541,0,0,0,0,0,0,0,0,0,5,35,0
1542,0,0,0,0,0,0,51,70,5,0,0,0
1543,0,0,0,11,0,24,0,0,0,0,0,0
1544,0,0,0,0,0,0,10,381,0,0,0,0
1545,0,0,0,0,0,1,0,0,0,0,254,0
1546,0,0,0,6,3,24,0,0,0,0,0,0
1547,6,539,4,0,0,0,2,0,0,0,0,0
1548,0,0,0,0,0,0,94,15,0,0,0,0
1549,0,0,0,0,0,1,0,0,0,32,246,0
1550,0,0,0,0,0,0,86,7,0,0,0,0
1551,0,0,0,0,0,0,0,0,0,0,178,0
1552,0,0,0,2,0,22,0,0,0,0,0,0
1553,5,26,2,0,0,0,0,0,0,0,0,0
1554,0,29,4,0,0,0,0,0,0,0,0,0
1555,0,0,0,0,0,0,0,0,0,5,152,0
1556,5,28,5,0,0,0,0,0,0,0,0,0
1557,0,0,0,1,0,7,0,0,0,0,0,0
1558,3,486,0,0,0,0,0,0,0,0,0,0
1559,0,0,0,0,0,0,190,26,0,0,0,0
1560,0,0,0,0,0,0,6,7,0,0,0,0
1561,0,0,0,0,1,16,0,0,0,0,0,0
1562,0,0,0,3,0,226,0,0,0,0,1,0
1563,0,0,0,0,0,0,75,16,8,0,0,0
1564,0,0,0,0,0,36,0,0,0,0,0,0
1565,2,27,0,0,0,0,0,0,0,0,0,0
1566,0,7,0,0,0,0,0,0,0,0,0,0
1567,0,0,0,0,0,6,0,0,0,8,1007,0
1568,0,0,0,0,0,0,0,0,0,5,83,0
1569,0,1,0,0,0,0,0,0,0,0,0,0
1570,0,0,0,2,1,145,0,0,0,0,0,0
1571,1,9,52,0,0,0,0,0,0,0,0,0
1572,0,0,0,0,0,14,0,0,0,1,869,0
1573,30,184,43,0,0,0,0,0,0,1,0,0
1574,0,0,0,0,0,0,14,2,0,0,0,0
1575,0,0,0,0,0,0,1,1,0,0,0,0
1576,0,0,0,1,1,127,0,0,0,0,9,0
1577,0,0,0,0,0,0,66,13,3,0,0,0
1578,0,0,0,0,1,1767,0,0,0,0,83,0
1579,0,0,0,7,1,24,0,0,0,0,0,0
1580,0,0,0,0,0,0,44,79,1,0,0,0
1581,0,0,0,0,3,17,0,0,0,0,0,0
1582,0,0,0,36,1,34,0,0,0,0,0,0
1583,0,1,0,0,0,0,78,0,0,0,0,0
1584,0,0,0,0,0,0,26,3,0,0,0,0
1585,15,27,10,0,0,0,0,0,0,0,0,0
1586,0,0,0,0,0,0,30,0,0,0,0,0
1587,2,47,10,0,0,0,1,0,0,0,0,0
1588,9,344,24,0,0,0,1,0,0,0,0,0
1589,0,12,0,0,1,0,236,59,1,0,0,0
1590,0,10,0,0,2,0,210,98,2,0,0,0
1591,0,0,0,0,0,47,0,0,0,0,1,0
1592,5,0,0,75,25,360,0,4,0,0,11,0
1593,0,0,0,0,0,8,0,0,0,14,1648,1
1594,0,0,0,0,0,24,0,0,0,32,2596,0
1595,0,0,0,0,0,0,80,0,0,0,0,0
1596,5,36,18,0,0,0,0,0,0,0,0,0
1597,11,21,19,0,0,0,0,0,0,0,0,0
1598,0,0,0,0,0,0,180,64,1,0,0,0
1599,0,0,0,0,0,0,67,569,0,0,0,0
1600,0,0,0,0,0,16,0,0,0,0,0,0
1601,0,0,0,0,0,0,0,0,0,9,467,1
1602,0,0,0,1,36,50,0,0,0,0,0,0
1603,0,0,0,43,1,36,0,0,0,0,0,0
1604,1,48,0,0,0,0,0,0,0,0,0,0
1605,3,44,5,0,0,0,0,0,0,0,0,0
1606,0,0,0,15,3,156,0,0,0,0,0,0
1607,0,0,0,0,0,0,20,1,0,0,0,0
1608,0,44,7,0,0,0,0,0,0,0,0,0
1609,0,0,0,0,0,1,0,0,0,3,479,0
1610,5,163,0,0,0,0,1,0,0,0,0,0
1611,0,6,0,0,0,0,0,0,0,0,0,0
1612,0,0,0,0,0,3,0,0,0,7,223,0
1613,0,0,1,0,0,0,0,0,0,124,168,0
1614,0,0,0,3,2,5,0,0,0,0,0,0
1615,0,0,0,5,6,30,0,0,0,0,0,0
1616,0,0,0,0,0,2,0,0,0,11,399,3
1617,0,0,0,2,3,44,0,0,0,0,13,0
1618,0,0,0,23,0,29,0,0,0,0,0,0
1619,0,0,0,0,0,0,42,0,0,0,0,0
1620,2,56,17,0,0,0,0,0,0,0,0,0
1621,9,30,1,0,0,0,0,0,0,0,0,0
1622,5,52,7,0,0,0,0,0,0,0,0,0
1623,0,0,0,11,1,457,0,0,0,0,0,0
1624,0,26,2,0,0,0,0,0,0,0,0,0
1625,0,0,0,0,0,0,0,0,0,162,520,0
1626,0,0,0,7,10,0,0,0,0,0,0,0
1627,0,0,0,0,0,1,0,0,0,6,963,4
1628,0,0,1,0,0,0,0,0,0,73,1,0
1629,80,19,6,0,0,0,0,0,0,0,0,0
1630,11,21,46,0,0,0,0,0,0,0,0,0
1631,0,62,8,0,0,0,1,0,0,0,0,0
1632,3,54,0,0,0,0,0,0,0,0,0,0
1633,7,35,2,0,0,0,1,0,0,0,0,0
1634,0,0,0,0,0,0,33,0,2,0,0,0
1635,4,17,25,0,0,0,0,0,0,0,0,0
1636,0,0,0,0,0,0,70,132,1,0,0,0
1637,0,8,3,0,0,0,0,0,0,0,0,0
1638,2,11,1,0,0,0,0,0,0,0,0,0
1639,1,23,0,0,0,0,0,0,0,0,0,0
1640,0,0,0,0,0,0,76,19,0,0,0,0
1641,0,0,0,1,1,18,0,0,0,0,0,0
1642,0,0,0,0,0,1,0,0,0,0,171,0
1643,6015,32,20,95,0,0,0,0,0,1,0,0
1644,0,25,4,0,0,0,0,0,0,0,0,0
1645,0,0,0,0,0,0,0,0,0,0,58,1
1646,8,13,0,0,0,0,0,0,0,0,0,0
1647,0,0,0,1,1,4,0,0,0,0,0,0
1648,0,0,0,0,0,19,0,0,0,1,548,0
1649,1,1,0,0,0,0,0,0,0,0,0,0
1650,0,8,10,0,0,0,0,0,0,0,0,0
1651,0,0,0,0,0,36,0,0,0,0,0,0
1652,3,69,0,0,0,0,0,0,0,0,0,0
1653,0,0,0,0,2,3,0,0,0,0,0,0
1654,0,0,0,9,14,4,0,0,0,0,0,0
1655,0,0,0,0,0,0,25,19,0,0,0,0
1656,0,0,0,2,1,9,0,0,0,0,0,0
1657,0,0,0,0,2,136,0,0,0,0,0,0
1658,0,0,0,0,0,0,34,7,0,0,0,0
1659,0,0,0,0,0,0,19,240,22,0,0,0
1660,0,0,0,1,0,12,0,0,0,0,0,0
1661,0,0,0,0,0,0,54,199,0,0,0,0
1662,3,67,8,0,0,0,0,0,0,0,0,0
1663,0,0,0,0,0,0,0,0,0,18,209,0
1664,0,0,0,0,0,8,0,0,0,0,0,0
1665,0,0,0,0,0,1,0,0,0,0,0,0
1666,0,0,0,0,0,25,0,0,0,0,0,0
1667,2,33,0,0,0,0,0,0,0,0,0,0
1668,1,33,8,0,0,0,0,0,0,0,0,0
1669,0,9,14,0,0,0,0,0,0,0,0,0
1670,0,0,0,0,0,0,0,0,0,3,393,0
1671,0,0,0,1,3,5,0,0,0,0,0,0
1672,0,0,0,0,0,18,0,0,0,0,0,0
1673,2,141,0,0,0,0,0,0,0,0,0,0
1674,0,7,5,0,0,0,0,0,0,0,0,0
1675,0,0,0,2,0,98,0,0,0,0,0,0
1676,0,0,0,0,0,0,61,2,0,0,0,0
1677,4,14,43,0,0,0,0,0,0,0,0,0
1678,61,32,17,0,0,0,0,0,0,0,0,0
1679,0,0,0,0,0,0,8,6,0,0,0,0
1680,0,8,1,0,0,0,0,0,0,0,0,0
1681,0,6,0,0,1,0,692,210,0,0,0,0
1682,0,118,6,0,0,0,0,0,0,0,0,0
1683,0,0,0,3,15,87,0,0,0,0,0,0
1684,0,0,0,0,0,14,0,0,0,8,2760,3
1685,0,0,0,0,0,0,235,13,3,0,0,0
1686,0,0,0,0,0,0,0,0,0,0,103,0
1687,0,0,0,0,0,1,0,0,0,3,92,0
1688,1,50,1,0,0,0,0,0,0,0,0,0
1689,0,0,0,0,0,28,0,0,0,0,0,0
1690,0,0,0,3,0,58,0,0,0,0,0,0
1691,0,106,0,0,0,0,0,0,0,0,0,0
1692,0,0,0,0,2,39,0,0,0,0,0,0
1693,0,0,0,10,4,20,0,0,0,0,2,0
1694,0,0,0,2,5,5,0,0,0,0,0,0
1695,0,0,0,0,0,1,0,0,0,0,0,0
1696,0,0,0,0,0,0,37,30,2,0,0,0
1697,0,0,0,0,0,0,29,6,0,0,0,0
1698,0,0,0,0,0,0,0,0,0,0,6,0
1699,19,39,3,0,0,0,0,0,0,0,0,0
1700,0,0,0,6,14,48,0,0,0,0,0,0
1701,0,0,0,0,0,0,0,0,0,5,69,0
1702,0,0,0,0,3,251,0,0,0,0,1,0
1703,0,0,0,2,1,56,0,0,0,0,0,0
1704,0,0,0,4,2,24,0,0,0,0,0,0
1705,0,0,0,2,0,44,0,0,0,0,0,0
1706,0,0,0,4,2,4,0,0,0,0,0,0
1707,0,0,0,0,0,0,0,0,0,0,0,0
1708,0,0,0,16,3,55,0,0,0,0,0,0
1709,0,0,0,0,0,0,8,37,0,0,0,0
1710,0,0,0,0,0,1,0,0,0,13,527,0
1711,0,0,0,5,3,19,0,0,0,0,0,0
1712,0,0,0,1,15,14,0,2,0,0,0,0
1713,0,0,0,0,0,0,0,0,0,7,27,0
1714,0,0,0,0,0,0,0,0,0,4,85,0
1715,1,333,5,0,0,0,1,0,0,0,0,0
1716,0,0,0,0,0,1,0,0,0,9,198,0
1717,7,28,0,0,0,0,0,0,0,0,0,0
1718,2,22,0,0,0,0,0,0,0,0,0,0
1719,0,1,0,0,0,0,86,15,2,0,0,0
1720,0,0,0,12,3,21,0,0,0,0,0,0
1721,0,0,0,0,0,0,36,32,2,0,0,0
1722,0,0,0,0,0,8,0,0,0,1,1376,0
1723,0,0,0,17,18,60,0,0,0,0,0,0
1724,0,0,0,1,7,20,0,0,0,0,0,0
1725,0,0,0,2,3,2,0,0,0,0,0,0
1726,0,0,0,11,3,33,0,0,0,0,0,0
1727,0,0,0,0,0,0,61,21,0,0,0,0
1728,0,0,0,3,1,60,0,0,0,0,0,0
1729,0,0,0,0,0,0,339,31,0,0,0,0
1730,0,0,0,0,0,0,256,0,1,0,0,0
1731,3,31,40,0,0,0,0,0,0,0,0,0
1732,1,126,1,0,0,0,0,0,0,0,0,0
1733,0,6,0,0,0,0,0,0,0,0,0,0
1734,0,0,0,0,0,0,0,0,0,1,80,1
1735,0,0,0,1,11,32,0,0,0,0,0,0
1736,0,2,0,0,0,0,40,2,0,0,0,0
1737,0,0,0,0,0,28,0,0,0,0,0,0
1738,0,0,0,0,44,0,66,5434,572,0,0,1
1739,0,3,9,0,0,0,0,0,0,0,0,0
1740,1,68,10,0,0,0,0,0,0,0,0,0
1741,5,727,7,0,0,0,5,0,0,0,0,0
1742,0,0,0,0,1,0,93,38,1,0,0,0
1743,0,1,0,0,0,0,91,10,0,0,0,0
1744,0,0,0,0,0,15,0,0,0,0,0,0
1745,0,0,0,0,7,23,0,0,0,0,0,0
1746,0,0,0,0,2,109,0,0,0,0,0,0
1747,0,1,0,0,0,0,181,37,0,0,0,0
1748,0,0,0,0,0,0,46,3,0,0,0,0
1749,0,22,1,0,0,0,0,0,0,0,0,0
1750,0,0,0,0,4,31,0,0,0,0,0,0
1751,0,0,0,1,2,20,0,0,0,0,0,0
1752,2,56,1,0,0,0,0,0,0,0,0,0
1753,0,0,0,0,0,116,0,0,0,0,0,0
1754,0,10,0,0,0,0,0,0,0,0,0,0
1755,1,14,3,0,0,0,0,0,0,0,0,0
1756,4,7,45,0,0,0,0,0,0,2,0,0
1757,0,0,0,0,0,0,122,29,2,0,0,0
1758,0,0,0,0,0,12,0,0,0,2,2792,1
1759,6,10,0,0,0,0,0,0,0,0,0,0
1760,0,0,0,0,16,23,0,0,0,0,0,0
1761,0,0,0,3,2,3,0,0,0,0,0,0
1762,0,0,0,0,0,1,0,0,0,1,111,1
1763,0,61,8,0,0,0,0,0,0,0,0,0
1764,0,11,7,0,0,0,0,0,0,0,0,0
1765,0,11,3,0,0,0,0,0,0,0,0,0
1766,0,0,1,0,0,0,0,0,0,41,0,0
1767,6,12,0,0,0,0,0,0,0,0,0,0
1768,1,44,0,0,0,0,0,0,0,0,0,0
1769,3,30,6,0,0,0,1,0,0,0,0,0
1770,0,0,0,0,6,26,0,0,0,0,0,0
1771,0,0,0,29,0,24,0,0,0,0,0,0
1772,0,0,0,0,0,0,65,35,1,0,0,0
1773,0,0,0,0,0,5,0,0,0,0,0,0
1774,0,0,0,1,2,11,0,0,0,0,0,0
1775,0,0,0,0,0,0,4,1,2,0,0,0
1776,1,5,2,0,0,0,0,0,0,0,0,0
1777,0,621,3,0,0,0,4,0,0,0,0,0
1778,0,0,0,0,2,51,0,0,0,0,0,0
1779,0,0,0,0,0,0,0,0,0,3,165,0
1780,0,0,0,0,0,0,0,0,0,15,126,0
1781,0,0,0,0,0,7,0,0,0,0,0,0
1782,0,0,0,0,0,0,43,30,0,0,0,0
1783,0,0,0,0,0,29,0,0,0,0,1,0
1784,0,0,0,0,0,0,33,3,2,0,0,0
1785,0,0,0,0,0,0,21,5,1,0,0,0
1786,0,0,0,0,0,3,0,0,0,0,0,0
1787,1,13,0,0,0,0,0,0,0,0,0,0
1788,1,13,3,0,0,0,0,0,0,0,0,0
1789,0,0,0,0,2,16,0,0,0,0,0,0
1790,0,0,0,0,2,5,0,0,0,0,0,0
1791,0,0,0,0,0,19,0,0,0,0,0,0
1792,0,0,0,1,1,50,0,0,0,0,0,0
1793,4,5,0,0,0,0,0,0,0,0,0,0
1794,1,17,3,0,0,0,0,0,0,0,0,0
1795,1,24,7,0,0,0,0,0,0,0,0,0
1796,0,0,0,0,0,0,29,7,0,0,0,0
1797,0,0,0,0,0,2,0,0,0,0,0,0
1798,0,0,0,3,0,34,0,0,0,0,0,0
1799,0,29,0,0,0,0,0,0,0,0,0,0
1800,0,0,0,0,0,0,0,0,0,22,69,6
1801,4,12,1,0,0,0,0,0,0,0,0,0
1802,0,11,1,0,0,0,0,0,0,0,0,0
1803,5,108,5,0,0,0,0,0,0,0,0,0
1804,2,44,2,0,0,0,0,0,0,0,0,0
1805,0,0,0,0,0,0,69,0,0,0,0,0
1806,0,0,0,0,0,0,34,28,0,0,0,0
1807,7,2122,23,0,0,0,19,0,0,0,0,0
1808,0,19,23,0,0,0,0,0,0,0,0,0
1809,4,21,21,0,0,0,0,0,0,0,0,0
1810,10,324,4,0,0,0,1,0,0,0,0,0
1811,0,0,0,0,0,0,63,9,1,0,0,0
1812,0,0,0,0,0,1,0,0,0,2,798,23
1813,0,0,0,148,0,14,0,0,0,0,0,0
1814,0,5,0,0,0,0,0,0,0,0,0,0
1815,4,29,2,0,0,0,0,0,0,0,0,0
1816,78,5,2,0,0,0,0,0,0,0,0,0
1817,0,14,4,0,0,0,0,0,0,0,0,0
1818,0,40,2,0,0,0,0,0,0,0,0,0
1819,8,70,12,0,0,0,0,0,0,0,0,0
1820,0,25,0,0,0,0,4246,78,0,0,0,0
1821,0,0,0,0,0,0,80,14,0,0,0,0
1822,0,0,0,16,1,55,0,0,0,0,0,0
1823,0,0,0,0,0,0,18,6,0,0,0,0
1824,0,0,0,0,0,0,0,0,0,1,384,0
1825,0,0,0,0,0,0,0,0,0,54,463,0
1826,0,0,0,1,0,1,0,0,0,0,0,0
1827,0,0,0,0,0,0,0,5,0,0,0,0
1828,0,0,0,0,0,0,1,5,0,0,0,0
1829,0,74,5,0,0,0,2,0,0,0,0,0
1830,4,23,3,0,0,0,0,0,0,0,0,0
1831,0,0,0,0,0,42,0,0,0,0,0,0
1832,1,261,0,0,0,0,0,0,0,0,0,0
1833,0,0,0,0,4,12,0,0,0,0,0,0
1834,0,0,0,11,4,10,0,0,0,0,0,0
1835,0,0,0,0,0,0,24,6,0,0,0,0
1836,0,0,0,0,0,0,46,42,0,0,0,0
1837,0,0,0,1,0,35,0,0,0,0,1,0
1838,0,0,0,0,0,0,17,2,0,0,0,0
1839,2,16,8,0,0,0,0,0,0,0,0,0
1840,0,32,0,0,0,0,0,0,0,0,0,0
1841,0,0,0,0,0,0,0,0,0,10,1,13
1842,1,47,1,0,0,0,0,0,0,0,0,0
1843,0,0,0,0,0,0,44,89,0,0,0,0
1844,0,60,7,0,0,0,0,0,0,0,0,0
1845,0,15,4,0,0,0,0,0,0,0,0,0
1846,21,361,18,0,0,0,0,0,0,0,0,0
1847,0,0,0,0,9,231,0,0,0,0,1,0
1848,0,0,0,0,0,0,0,0,0,0,288,0
1849,5,29,1,0,0,0,0,0,0,0,0,0
1850,0,11,12,0,0,0,0,0,0,0,0,0
1851,0,0,0,1,0,615,0,0,0,0,5,0
1852,1,32,0,0,0,0,0,0,0,0,0,0
1853,0,0,0,0,0,0,0,0,0,10,332,18
1854,0,0,0,11,1,21,0,0,0,0,0,0
1855,0,1,0,0,0,0,36,35,1,0,0,0
1856,15,63,25,0,0,0,0,0,0,0,0,0
1857,0,1,0,0,0,0,157,42,3,0,0,0
1858,0,0,0,0,1,26,0,0,0,0,0,0
1859,0,0,0,0,0,0,0,0,0,10,80,1
1860,0,0,0,0,0,0,0,0,0,7,39,0
1861,0,0,0,1,30,20,0,0,0,0,0,0
1862,0,0,0,0,0,0,0,0,0,13,201,1
1863,0,0,0,2,3,3,0,0,0,0,0,0
1864,0,0,0,4,4,50,0,0,0,0,0,0
1865,0,0,0,0,1,7,0,0,0,0,0,0
1866,0,24,3,0,0,0,0,0,0,0,0,0
1867,0,0,0,0,0,37,0,0,0,0,0,0
1868,0,1,0,0,0,0,72,1,0,0,0,0
1869,0,0,0,0,0,0,0,0,0,2,74,2
1870,5,212,6,0,0,0,2,0,0,0,0,0
1871,0,0,0,1,132,91,0,0,0,0,0,0
1872,0,0,0,2,3,5,0,0,0,0,0,0
1873,0,0,0,19,5,26,0,0,0,0,0,0
1874,0,2,0,0,0,0,32,47,0,0,0,0
1875,0,0,0,0,0,0,0,0,0,3,75,0
1876,8,55,4,0,0,0,0,0,0,0,0,0
1877,0,0,0,6,274,77,0,3,0,0,0,0
1878,0,0,0,0,0,4,0,0,0,4,683,0
1879,22,112,1,0,0,0,1,0,0,0,0,0
1880,0,0,0,0,0,0,97,5,1,0,0,0
1881,5,16,13,0,0,0,0,0,0,0,0,0
1882,0,2,0,0,5,0,186,210,10,0,0,0
1883,0,0,0,0,0,0,15,43,0,0,0,0
1884,0,0,0,0,0,26,0,0,0,3,1747,0
1885,6,0,0,167,7,73,0,0,0,0,1,0
1886,0,3,0,0,0,0,113,21,2,0,0,0
1887,0,0,0,0,0,40,0,0,0,1,460,0
1888,0,0,0,1,10,165,0,0,0,0,18,0
1889,0,0,0,0,0,12,0,0,0,4,407,0
1890,0,1,0,0,0,0,132,121,1,0,0,0
1891,0,0,0,0,2,63,0,0,0,0,4,0
1892,0,14,0,0,0,0,33,10,0,0,0,0
1893,0,0,0,0,0,22,0,0,0,0,0,0
1894,0,0,0,1,5,33,0,0,0,0,0,0
1895,0,0,0,0,0,0,0,0,0,0,0,0
1896,0,0,0,0,0,22,0,0,0,0,1,0
1897,0,58,0,0,0,0,0,0,0,0,0,0
1898,0,0,0,0,0,0,0,0,0,7,6,1
1899,0,0,0,0,0,0,71,11,0,0,0,0
1900,1,79,62,0,0,0,0,0,0,0,0,0
1901,0,0,0,2,1,58,0,0,0,0,0,0
1902,0,0,0,0,0,0,0,0,0,0,33,0
1903,32,17,3,0,0,0,0,0,0,0,0,0
1904,1,133,35,0,0,0,1,0,0,0,0,0
1905,0,0,0,10,6,59,0,0,0,0,0,0
1906,0,0,0,2,9,25,0,0,0,0,0,0
1907,0,0,0,1,6,22,0,0,0,0,0,0
1908,0,0,0,6,2,68,0,0,0,0,0,0
1909,0,0,0,0,0,8,0,0,0,19,432,0
1910,0,0,0,52,15,6,0,0,0,0,0,0
1911,0,0,0,0,0,0,0,0,0,7,291,0
1912,0,0,0,0,0,25,0,0,0,31,5696,9
1913,0,0,0,0,0,0,0,0,0,96,297,1
1914,0,0,0,0,0,0,381,2,0,0,0,0
1915,0,0,1,0,0,0,0,0,0,79,171,2
1916,2,44,0,0,0,0,1,0,0,0,0,0
1917,0,0,0,0,0,1,0,0,0,7,436,0
1918,0,0,0,2,11,174,0,0,0,0,1,0
1919,0,0,0,0,0,1,0,0,0,47,492,0
1920,0,0,0,1,0,34,0,0,0,0,0,0
1921,0,0,0,23,3,207,0,0,0,0,1,0
1922,0,0,0,0,0,0,22,1,0,0,0,0
1923,0,13,6,0,0,0,0,0,0,0,0,0
1924,1,29,1,0,0,0,0,0,0,0,0,0
1925,0,21,0,0,0,0,0,0,0,0,0,0
1926,0,0,1,0,0,0,0,0,0,62,280,0
1927,1,0,0,570,28,8112,0,0,0,1,40,1
1928,0,0,0,0,0,0,27,7,4,0,0,0
1929,0,0,0,0,0,0,0,0,0,9,308,2
1930,0,0,0,1,9,17,0,0,0,0,0,0
1931,0,0,0,0,0,0,0,0,0,129,71,0
1932,148,58,3,0,0,0,0,0,0,0,0,0
1933,1,16,2,0,0,0,0,0,0,0,0,0
1934,4,8,3,0,0,0,0,0,0,0,0,0
1935,3,53,3,0,0,0,0,0,0,0,0,0
1936,0,0,0,1,41,520,0,0,0,0,1,0
1937,0,0,0,2,5,212,0,0,0,0,1,0
1938,0,0,0,0,0,1,0,0,0,8,404,17
1939,0,0,0,2,6,7,0,0,0,0,0,0
1940,0,0,0,0,0,0,88,22,1,0,0,0
1941,0,0,0,1,13,37,0,0,0,0,0,0
1942,0,1,0,0,7,0,15,1725,2,0,0,0
1943,0,0,0,0,0,0,0,0,0,4,341,0
1944,0,1,0,0,0,0,106,28,0,0,0,0
1945,0,0,0,0,12,61,0,0,0,0,0,0
1946,0,4,0,0,5,0,79,220,0,0,0,0
1947,0,0,0,0,23,1799,0,0,0,0,28,0
1948,0,0,0,0,6,51,0,0,0,0,3,0
1949,0,0,0,0,1,12,0,0,0,0,0,0
1950,0,0,0,0,0,7,0,0,0,0,0,0
1951,3,10,1,0,0,0,0,0,0,0,0,0
1952,0,0,0,0,0,0,0,0,0,3,0,1
1953,3,78,0,0,0,0,0,0,0,0,0,0
1954,0,0,0,0,1,0,68,155,1,0,0,0
1955,0,72,10,0,0,0,1,0,0,0,0,0
1956,2,49,33,0,0,0,0,0,0,3,0,0
1957,0,23,0,0,2,0,1931,226,1,0,0,0
1958,0,0,0,0,0,0,94,137,0,0,0,0
1959,0,0,0,0,0,1,0,0,0,1,254,0
1960,0,0,0,0,0,3,0,0,0,8,438,2
1961,0,1,0,0,0,0,122,39,0,0,0,0
1962,0,0,0,0,0,0,0,0,0,1,161,0
1963,0,0,0,1,0,26,0,0,0,0,0,0
1964,15,90,1,1,0,0,0,0,0,0,0,0
1965,0,0,0,0,10,41,0,0,0,0,0,0
1966,6,16,0,0,0,0,0,0,0,0,0,0
1967,0,21,1,0,0,0,0,0,0,0,0,0
1968,0,0,0,0,0,2,0,0,0,0,1064,0
1969,2,7,4,0,0,0,0,0,0,0,0,0
1970,1,11,15,0,0,0,0,0,0,0,0,0
1971,0,0,0,1,0,105,0,0,0,0,0,0
1972,0,29,0,0,0,0,0,0,0,0,0,0
1973,0,0,0,0,0,1,0,0,0,4,507,0
1974,0,0,0,0,0,1,0,0,0,0,0,0
1975,1,10,2,0,0,0,0,0,0,0,0,0
1976,0,0,0,0,0,0,6,27,1,0,0,0
1977,1,76,25,0,0,0,0,0,0,0,0,0
1978,0,0,0,13,107,43,0,0,0,0,0,0
1979,0,1,0,0,0,0,157,1,0,0,0,0
1980,0,1,0,0,0,0,122,4,0,0,0,0
1981,3,35,30,0,0,0,0,0,0,1,0,0
1982,0,102,3,0,0,0,0,0,0,0,0,0
1983,0,0,0,1,1,40,0,0,0,0,1,0
1984,0,0,0,0,0,21,0,0,0,0,0,0
1985,0,0,0,0,4,1,0,0,0,0,0,0
1986,0,0,0,0,0,0,0,0,0,0,1,0
1987,0,2458,0,0,0,0,0,0,0,0,0,0
1988,0,0,0,0,0,0,0,0,0,2,4,0
1989,3,399,4,0,0,0,3,0,0,0,0,0
1990,0,0,0,0,0,0,23,24,0,0,0,0
1991,0,0,0,0,0,9,0,0,0,0,0,0
1992,2,113,1,0,0,0,1,0,0,0,0,0
1993,0,0,0,0,0,111,0,0,0,0,0,0
1994,0,0,0,5,2,0,0,0,0,0,0,0
1995,0,0,0,0,0,0,0,0,0,0,0,0
1996,0,25,7,0,0,0,0,0,0,0,0,0
1997,0,0,0,0,0,0,0,0,0,15,249,0
1998,0,0,0,31,2,2,0,0,0,0,0,0
1999,0,0,0,0,0,0,8,40,0,0,0,0
2000,0,18,24,0,0,0,0,0,0,0,0,0
2001,0,0,0,0,1,0,29,35,7,0,0,1
2002,2,18,6,0,0,0,0,0,0,0,0,0
2003,0,0,0,0,0,0,0,0,0,12,937,1
2004,0,0,0,0,0,2,0,0,0,0,0,0
2005,0,0,0,0,0,1,0,0,0,12,318,0
2006,0,37,4,0,0,0,0,0,0,0,0,0
2007,0,0,0,0,0,22,0,0,0,0,0,0
2008,0,0,0,15,0,26,0,0,0,0,0,0
2009,0,0,0,0,0,0,20,3,0,0,0,0
2010,0,17,4,0,0,0,0,0,0,0,0,0
2011,0,0,0,17,5,49,0,0,0,0,3,0
2012,0,0,0,0,0,0,21,2,0,0,0,0
2013,0,0,0,0,0,0,0,0,0,2,80,0
2014,0,0,0,2,0,24,0,0,0,0,0,0
2015,0,267,0,0,0,0,0,0,0,0,0,0
2016,0,0,0,0,0,20,0,0,0,0,0,0
2017,0,0,0,0,0,0,6,2,2,0,0,0
2018,0,115,19,0,0,0,1,0,0,0,0,0
2019,0,0,0,0,0,78,0,0,0,0,1,0
2020,0,0,0,0,0,0,105,14,0,0,0,0
2021,0,0,0,0,0,5,0,0,0,0,0,0
2022,0,0,0,2,5,12,0,0,0,0,0,0
2023,0,0,0,0,0,2,0,0,0,3,242,2
2024,0,31,0,0,0,0,0,0,0,0,0,0
2025,0,0,0,0,0,0,0,0,0,2,53,0
2026,1,43,0,0,0,0,0,0,0,0,0,0
2027,0,0,0,0,5,14,0,0,0,0,0,0
2028,0,0,0,0,0,0,0,0,0,5,41,0
2029,0,0,0,12,0,53,0,0,0,0,0,0
2030,0,0,0,0,0,0,37,8,1,0,0,0
2031,8,807,104,0,0,0,11,1,0,0,0,0
2032,0,0,0,1,2,41,0,0,0,0,0,0
2033,0,0,0,1,2,3,0,0,0,0,0,0
2034,0,0,0,0,0,11,0,0,0,0,0,0
2035,0,0,0,0,0,0,40,835,6,0,0,0
2036,0,0,0,0,0,0,51,91,1,0,0,0
2037,0,0,0,0,0,3,0,0,0,4,1414,1
2038,0,0,0,2,0,11,0,0,0,0,0,0
2039,0,5,4,0,0,0,0,0,0,0,0,0
2040,0,0,0,0,0,1,0,0,0,13,428,0
2041,0,0,0,1,1,14,0,0,0,0,0,0
2042,0,1,1,0,0,0,0,0,0,0,0,0
2043,1,27,43,0,0,0,0,0,0,0,0,0
2044,0,0,0,0,0,0,0,0,0,5,181,1
2045,0,11,3,0,0,0,0,0,0,0,0,0
2046,0,17,5,0,0,0,0,0,0,0,0,0
2047,0,0,0,0,5,504,0,0,0,0,0,0
2048,0,0,0,0,0,3,0,0,0,14,330,0
2049,0,0,0,0,0,7,0,0,0,0,0,0
2050,0,4,3,0,0,0,0,0,0,0,0,0
2051,0,1,0,0,0,0,20,8,3,0,0,0
2052,0,0,0,0,2,1,0,0,0,0,0,0
2053,0,0,0,24,1,6,0,0,0,0,0,0
2054,0,2,0,0,0,0,107,13,0,0,0,0
2055,0,0,0,0,0,3,0,0,0,0,0,0
2056,1,24,5,0,0,0,0,0,0,0,0,0
2057,0,39,4,0,0,0,0,0,0,0,0,0
2058,0,0,0,4,4,31,0,1,0,0,0,0
2059,0,0,0,0,0,0,102,5,0,0,0,0
2060,0,0,0,0,0,0,59,12,0,0,0,0
2061,0,0,0,0,0,26,0,0,0,1,3661,0
2062,0,0,0,0,0,15,0,0,0,31,1713,3
2063,0,0,0,0,0,14,0,0,0,0,0,0
2064,0,18,0,0,0,0,0,0,0,0,0,0
2065,0,0,0,0,0,0,0,0,0,0,152,0
2066,0,19,27,0,0,0,0,0,0,0,0,0
2067,0,0,0,0,4,13,0,0,0,0,0,0
2068,0,0,0,2,2,24,0,0,0,0,0,0
2069,0,91,0,0,0,0,0,0,0,0,0,0
2070,0,0,0,0,0,0,0,0,0,2,173,0
2071,6,65,15,0,0,0,0,0,0,0,0,0
2072,0,0,0,0,0,0,229,12,0,0,0,0
2073,0,0,0,0,0,0,15,5,1,0,0,0
2074,1,0,0,68,1,11,0,0,0,0,0,0
2075,0,0,0,0,0,0,115,25,0,0,0,0
2076,0,0,0,0,0,0,27,15,0,0,0,0
2077,0,0,0,0,2,13,0,0,0,0,0,0
2078,0,0,0,0,0,0,51,23,0,0,0,0
2079,0,0,0,0,1,7,0,0,0,0,0,0
2080,0,0,0,7,5,29,0,0,0,0,0,0
2081,0,0,0,0,0,0,55,22,0,0,0,0
2082,0,0,0,0,4,7,0,0,0,0,0,0
2083,0,0,0,65,16,121,0,0,0,0,1,0
2084,0,0,0,0,0,0,0,0,0,1,3,0
2085,3,17,2,0,0,0,0,0,0,0,0,0
2086,0,0,0,0,3,0,50,630,2,0,0,0
2087,0,0,0,1,14,25,0,1,0,0,0,0
2088,0,0,0,0,5,11,0,0,0,0,0,0
2089,0,0,0,0,0,0,31,35,38,0,0,0
2090,0,22,0,0,0,0,0,0,0,0,0,0
2091,0,0,0,0,0,0,0,0,0,0,0,0
2092,0,0,0,15,17,44,0,0,0,0,0,0
2093,0,0,0,21,16,0,0,0,0,0,0,0
2094,0,0,0,0,0,0,0,0,0,0,0,0
2095,0,2,0,0,2,0,225,558,1,0,0,0
2096,0,0,0,0,0,0,0,0,0,5,1,0
2097,26,11,1,0,0,0,0,0,0,0,0,0
2098,0,0,0,0,0,0,67,162,0,0,0,0
2099,0,0,0,0,1,0,0,0,0,0,0,0
2100,0,0,0,0,0,0,0,21,0,0,0,0
2101,0,0,0,0,0,0,0,15,3,0,0,0
2102,0,0,0,0,0,2,0,0,0,12,187,0
2103,0,0,0,0,0,1,0,0,0,0,0,0
2104,2,89,0,0,0,0,1,0,0,0,0,0
2105,0,10,1,0,0,0,0,0,0,0,0,0
2106,0,0,0,0,0,1,0,0,0,13,870,0
2107,0,0,0,1,0,9,0,0,0,0,0,0
2108,0,4,2,0,0,0,0,0,0,0,0,0
2109,0,24,3,0,0,0,0,0,0,0,0,0
2110,0,0,0,0,0,389,0,0,0,26,58142,3
2111,0,83,0,0,0,0,0,0,0,0,0,0
2112,0,0,0,0,1,26,0,0,0,0,0,0
2113,0,0,0,0,0,30,0,0,0,22,1522,2
2114,0,0,0,0,2,16,0,0,0,0,0,0
2115,0,0,0,0,5,0,0,0,0,0,0,0
2116,0,0,0,26,3,31,0,0,0,0,0,0
2117,0,0,0,0,0,0,45,35,1,0,0,0
2118,0,0,0,0,0,0,61,17,1,0,0,0
2119,0,0,0,0,0,0,0,0,0,5,1077,1
2120,0,10,0,0,0,0,0,0,0,0,0,0
2121,0,0,0,0,0,0,0,0,0,17,87,0
2122,0,0,0,4,1,41,0,0,0,0,0,0
2123,0,0,0,0,0,0,53,48,0,0,0,0
2124,0,0,0,3,4,20,0,0,0,0,0,0
2125,0,0,0,2,2,33,0,0,0,0,1,0
2126,0,0,0,3,0,18,0,0,0,0,0,0
2127,0,285,1,0,0,0,2,0,0,0,0,0
2128,0,0,0,2,0,77,0,0,0,0,0,0
2129,0,0,0,0,0,0,14,0,0,0,0,0
2130,10,88,10,0,0,0,0,0,0,0,0,0
2131,3,7,13,0,0,0,0,0,0,1,0,0
2132,0,4,99,0,0,0,0,0,0,0,0,0
2133,0,6,7,0,0,0,0,0,0,0,0,0
2134,0,47,3,0,0,0,0,0,0,0,0,0
2135,0,0,0,0,0,0,0,0,0,18,114,0
2136,0,0,0,1,0,1,0,0,0,0,0,0
2137,0,0,0,0,0,0,0,0,0,43,640,1
2138,0,27,2,0,0,0,0,0,0,0,0,0
2139,2,25,3,0,0,0,0,0,0,0,0,0
2140,0,30,0,0,0,0,0,0,0,0,0,0
2141,0,0,0,0,0,1,0,0,0,18,101,0
2142,0,0,0,0,0,0,0,0,0,10,298,0
2143,0,0,0,0,0,2,0,0,0,50,1378,0
2144,0,0,0,0,3,0,317,773,14,0,0,0
2145,0,0,0,0,0,21,0,0,0,0,0,0
2146,0,0,0,0,0,0,0,0,0,24,242,0
2147,0,0,0,0,0,0,0,0,0,123,723,0
2148,0,0,0,0,4,21,0,0,0,0,0,0
2149,0,0,0,12,3,93,0,0,0,0,0,0
2150,0,0,0,0,0,0,68,18,1,0,0,0
2151,3,155,79,0,0,0,0,0,0,0,0,0
2152,0,0,0,0,242,28,0,1,0,0,0,0
2153,0,0,0,22,4,70,0,0,0,0,2,0
2154,0,0,0,0,0,0,0,13,4,0,0,0
2155,0,0,0,0,0,0,0,262,1,0,0,0
2156,0,0,0,0,0,0,0,0,0,5,750,0
2157,0,0,0,0,0,0,0,0,0,0,0,0
2158,0,0,0,15,1,64,0,0,0,0,0,0
2159,0,0,0,0,0,0,6,1,0,0,0,0
2160,9,8,16,0,0,0,0,0,0,0,0,0
2161,5,128,6,0,0,0,1,0,0,0,0,0
2162,0,0,0,0,0,0,20,1,1,0,0,0
2163,22,22,5,0,0,0,0,0,0,0,0,0
2164,0,0,0,0,0,0,128,342,72,0,0,0
2165,0,32,38,0,0,0,0,0,0,0,0,0
2166,3,108,2,0,0,0,0,0,0,0,0,0
2167,0,0,0,0,0,0,19,100,1,0,0,0
2168,0,0,0,0,3,2,0,0,0,0,0,0
2169,0,0,0,1,47,5,0,0,0,0,0,0
2170,0,0,0,1,1,9,0,0,0,0,0,0
2171,0,20,0,0,0,0,0,0,0,0,0,0
2172,2,67,0,0,0,0,0,0,0,0,0,0
2173,0,0,0,0,0,0,74,67,0,0,0,0
2174,0,0,0,0,0,0,73,0,0,0,0,0
2175,1,8,5,0,0,0,0,0,0,0,0,0
2176,18,53,24,0,0,0,0,0,0,0,0,0
2177,0,0,0,0,0,0,37,16,0,0,0,0
2178,0,0,0,0,0,0,14,1,0,0,0,0
2179,0,0,0,0,0,16,0,0,0,0,0,0
2180,0,0,0,0,0,0,47,11,5,0,0,0
2181,0,0,0,9,0,8,0,0,0,0,0,0
2182,10,44,0,0,0,0,0,0,0,0,0,0
2183,0,0,0,0,0,0,26,1,0,0,0,0
2184,0,33,53,0,0,0,0,0,0,0,0,0
2185,0,1,0,0,0,0,92,97,0,0,0,0
2186,0,0,0,0,1,1,0,0,0,0,0,0
2187,0,0,0,0,5,3,0,0,0,0,0,0
2188,0,0,0,1,1,43,0,0,0,0,0,0
2189,0,0,0,0,0,3,0,0,0,169,1126,1
2190,0,0,0,0,0,1,0,0,0,0,0,0
2191,0,0,0,4,0,16,0,0,0,0,0,0
2192,0,8,1,0,0,0,0,0,0,0,0,0
2193,0,0,0,0,0,0,34,17,2,0,0,0
2194,3,55,14,0,0,0,0,0,0,0,0,0
2195,0,0,0,0,0,0,19,18,0,0,0,0
2196,0,13,7,0,0,0,0,0,0,0,0,0
2197,0,0,0,0,0,8,0,0,0,7,701,0
2198,0,0,0,0,0,0,0,0,0,0,0,0
2199,0,0,0,0,0,0,1,0,0,0,0,0
2200,0,0,0,0,1,8,0,0,0,0,0,0
2201,7,1,0,1531,3,15,0,0,0,0,0,0
2202,0,0,0,0,0,0,0,230,0,0,0,0
2203,0,0,0,0,0,0,2,43,0,0,0,0
2204,0,0,0,0,0,0,52,0,0,0,0,0
2205,1,32,9,0,0,0,0,0,0,0,0,0
2206,2,16,3,0,0,0,0,0,0,0,0,0
2207,4,73,792,0,0,0,0,0,0,1,0,0
2208,0,0,0,0,0,10,0,0,0,0,0,0
2209,0,0,0,0,0,16,0,0,0,0,0,0
2210,0,0,0,0,1,0,32,452,0,0,0,0
2211,0,0,0,0,0,8,0,0,0,0,0,0
2212,0,0,0,1,1,60,0,0,0,0,0,0
2213,0,11,0,0,0,0,0,0,0,0,0,0
2214,0,5,0,0,0,0,0,0,0,0,0,0
2215,6,65,5,0,0,0,0,0,0,0,0,0
2216,0,0,0,3,7,50,0,0,0,0,0,0
2217,0,0,0,1,3,1,0,0,0,0,0,0
2218,0,0,0,3,2,50,0,0,0,0,2,0
2219,1,72,0,0,0,0,0,0,0,0,0,0
2220,0,0,0,0,7,38,0,0,0,0,0,0
2221,0,0,0,0,0,1,0,0,0,12,293,1
2222,0,0,0,3,27,33,0,0,0,0,0,0
2223,0,0,0,0,0,0,0,0,0,1,167,0
2224,9,19,1,0,0,0,0,0,0,0,0,0
2225,0,14,0,0,0,0,0,0,0,0,0,0
2226,0,0,0,0,0,1,0,0,0,9,194,4
2227,0,0,0,0,0,0,0,0,0,15,164,1
2228,0,0,0,13,3,28,0,0,0,0,1,0
2229,0,0,0,0,0,0,118,17,14,0,0,0
2230,0,0,0,0,4,63,0,0,0,0,0,0
2231,0,0,0,0,0,0,61,18,1,0,0,0
2232,0,0,0,0,0,2,0,0,0,15,1315,2
2233,0,0,0,8,4,69,0,0,0,0,1,0
2234,0,0,0,28,0,1,0,0,0,0,0,0
2235,0,0,0,0,0,0,112,32,2,0,0,0
2236,0,0,0,0,0,9,0,0,0,0,0,0
2237,0,0,0,0,0,0,9,1,0,0,0,0
2238,44,39,3,0,0,0,0,0,0,0,0,0
2239,2,19,2,0,0,0,0,0,0,0,0,0
2240,3,114,4,0,0,0,0,0,0,0,0,0
2241,0,0,0,0,4,14,0,0,0,0,0,0
2242,0,0,0,12,33,46,0,0,0,0,0,0
2243,0,0,0,0,0,0,24,6,0,0,0,0
2244,0,0,0,2,20,58,0,0,0,0,0,0
2245,0,0,0,0,0,7,0,0,0,22,250,0
2246,0,1,0,0,0,0,733,96,0,0,0,0
2247,0,0,0,0,0,0,18,8,0,0,0,0
2248,0,0,0,1,0,25,0,0,0,0,0,0
2249,0,0,0,0,0,0,49,0,3,0,0,0
2250,0,0,0,0,0,0,2,13,1,0,0,0
2251,0,186,11,0,0,0,11,0,0,0,0,0
2252,0,0,12,0,0,0,0,0,0,244,0,1
2253,1,35,0,0,0,0,0,0,0,0,0,0
2254,1,98,5,0,0,0,1,0,0,0,0,0
2255,7,75,6,0,0,0,3,0,0,0,0,0
2256,0,0,0,0,1,0,0,0,0,0,0,0
2257,0,0,0,3,1,20,0,0,0,0,0,0
2258,0,151,0,0,0,0,3379,5,2,0,0,0
2259,0,0,0,0,2,23,0,0,0,0,0,0
2260,0,0,0,0,0,1,0,0,0,9,71,0
2261,0,23,0,0,0,0,0,0,0,0,0,0
2262,0,0,0,0,0,0,0,0,0,28,48,0
2263,0,0,0,0,0,1,0,0,0,43,121,0
2264,0,0,0,17,6,25,0,0,0,0,0,0
2265,0,2,0,0,0,0,99,12,0,0,0,0
2266,0,0,0,0,10,28,0,0,0,0,0,0
2267,0,0,0,0,0,0,41,14,1,0,0,0
2268,0,0,0,0,0,0,0,0,0,16,476,1
2269,11,37,7,0,0,0,0,0,0,0,0,0
2270,0,714,4,0,0,0,7,0,0,0,0,0
2271,1,41,41,0,0,0,0,0,0,1,0,0
2272,0,0,0,0,0,3,278,332,36,0,0,0
2273,0,1,0,0,0,0,148,0,1,0,0,0
2274,0,9,9,0,0,0,0,0,0,0,0,0
2275,3,28,5,0,0,0,0,0,0,0,0,0
2276,3,2055,5,0,0,0,12,0,0,0,0,0
2277,0,0,0,8,3,30,0,0,0,0,0,0
2278,0,0,0,1,0,29,0,0,0,0,0,0
2279,0,5,0,0,0,0,0,0,0,0,0,0
2280,0,25,1,0,0,0,0,0,0,0,0,0
2281,0,0,0,0,1,0,115,96,2,0,0,0
2282,0,1,0,0,0,0,184,0,1,0,0,0
2283,3,20,0,0,0,0,0,0,0,0,0,0
2284,0,0,0,0,0,0,136,16,1,0,0,0
2285,17,45,3,0,0,0,0,0,0,0,0,0
2286,0,5,0,0,1,0,133,57,0,0,0,0
2287,0,0,0,0,1,19,0,0,0,0,0,0
2288,0,0,0,0,0,0,55,14,0,0,0,0
2289,0,0,0,0,1,65,0,0,0,0,0,0
2290,0,0,0,1,5,127,0,0,0,0,1,0
2291,0,0,0,0,0,0,0,0,0,1,7,2
2292,2,25,81,0,0,0,0,0,0,2,0,0
2293,0,0,0,0,0,0,34,170,1,0,0,0
2294,0,35,4,0,0,0,0,0,0,0,0,0
2295,0,0,0,0,0,1,0,0,0,25,191,0
2296,2,56,2,0,0,0,0,0,0,0,0,0
2297,0,0,0,2,4,23,0,0,0,0,0,0
2298,0,0,0,0,0,3,0,0,0,0,0,0
2299,0,0,0,0,0,4,0,0,0,12,1189,0
2300,0,0,0,0,3,81,0,0,0,0,0,0
2301,0,0,0,2,0,9,0,0,0,0,0,0
2302,0,0,0,1,0,4,0,0,0,0,0,0
2303,0,34,1,0,0,0,0,0,0,0,0,0
2304,0,28,5,0,0,0,0,0,0,0,0,0
2305,0,0,0,0,2,0,16,731,2,0,0,0
2306,0,0,0,0,0,3,0,0,0,5,1690,0
2307,0,0,0,0,3,0,0,0,0,0,0,0
2308,0,0,0,1,2,8,0,0,0,0,0,0
2309,0,0,0,0,0,0,220,21,0,0,0,0
2310,0,0,0,0,1,6,0,0,0,0,0,0
2311,1,101,0,0,0,0,1,0,0,0,0,0
2312,0,1,13,0,0,0,0,0,0,0,0,0
2313,0,12,2,0,0,0,0,0,0,0,0,0
2314,0,0,0,1,0,32,0,0,0,0,0,0
2315,0,6,0,0,0,0,0,0,0,0,0,0
2316,0,8,2,0,0,0,0,0,0,0,0,0
2317,90,99,14,0,0,0,0,0,0,0,0,0
2318,1,0,0,67,5,38,0,0,0,0,0,0
2319,0,0,0,4,4,200,0,0,0,0,6,0
2320,0,0,0,0,1,6,0,0,0,0,0,0
2321,0,0,0,0,1,3,0,0,0,0,0,0
2322,0,0,0,0,0,2,0,0,0,0,0,0
2323,0,6,0,0,0,0,533,3,2,0,0,0
2324,0,0,0,0,0,0,51,12,0,0,0,0
2325,0,0,0,0,0,0,0,0,0,49,192,0
2326,0,0,0,3,12,31,0,0,0,0,0,0
2327,0,0,0,0,5,42,0,0,0,0,0,0
2328,0,0,0,0,1,5,0,0,0,0,0,0
2329,0,0,0,0,0,0,74,53,0,0,0,0
2330,0,0,0,0,37,0,0,0,0,0,0,0
2331,0,0,0,0,0,0,23,4,1,0,0,0
2332,0,0,0,0,2,21,0,0,0,0,0,0
2333,0,0,0,0,0,0,55,16,0,0,0,0
2334,0,0,0,0,0,3,0,0,0,6,2187,1
2335,0,0,0,22,22,18,0,0,0,0,0,0
2336,0,5,0,0,0,0,1130,8,0,0,0,0
2337,0,16,3,0,0,0,0,0,0,0,0,0
2338,0,0,0,0,0,1,0,0,0,34,139,0
2339,0,0,0,11,50,8,0,0,0,0,0,0
2340,0,0,0,0,0,0,0,0,0,2,71,0
2341,0,0,0,0,4,28,0,0,0,0,0,0
2342,0,1389,4,0,0,0,3,0,0,0,0,0
2343,0,0,0,0,3,38,0,0,0,0,0,0
2344,0,0,0,0,0,0,0,0,0,1,82,0
2345,4,19,0,0,0,0,0,0,0,0,0,0
2346,0,0,0,1,8,89,0,0,0,0,0,0
2347,0,0,0,1,1,23,0,0,0,0,0,0
2348,1,136,1,0,0,0,0,0,0,0,0,0
2349,0,0,0,0,2,1,0,0,0,0,0,0
2350,0,0,0,12,0,4,0,0,0,0,0,0
2351,0,0,0,0,0,0,3,2,1,0,0,0
2352,0,0,0,0,0,0,1,0,1,0,0,0
2353,0,0,0,2,1,10,0,0,0,0,0,0
2354,0,0,0,0,0,0,54,2,0,0,0,0
2355,0,0,0,0,0,0,14,0,0,0,0,0
2356,0,58,70,0,0,0,0,0,0,1,0,0
2357,0,0,0,0,0,0,19,27,0,0,0,0
2358,0,0,0,0,0,0,0,0,0,1,281,0
2359,0,0,0,1,2,35,0,0,0,0,0,0
2360,0,75,0,0,0,0,0,0,0,0,0,0
2361,0,72,1,0,0,0,0,0,0,0,0,0
2362,0,13,14,0,0,0,0,0,0,0,0,0
2363,0,0,0,0,0,0,0,0,0,12,52,0
2364,0,0,0,2,0,1,0,0,0,0,0,0
2365,0,0,0,1,26,32,0,0,0,0,0,0
2366,1,4,0,0,0,0,0,0,0,0,0,0
2367,1,12,0,0,0,0,0,0,0,0,0,0
2368,13,60,28,0,0,0,0,0,0,0,0,0
2369,0,5,0,0,0,0,100,25,2,0,0,0
2370,0,0,0,0,0,4,0,0,0,0,70,1
2371,0,0,0,0,0,0,0,0,0,37,110,0
2372,0,0,0,2,2,54,0,0,0,0,0,0
2373,0,0,0,1,0,1,0,0,0,0,0,0
2374,0,0,0,0,0,0,19,0,0,0,0,0
2375,3,11,134,0,0,0,0,0,0,0,0,0
2376,1,20,17,0,0,0,0,0,0,0,0,0
2377,0,0,0,1,4,31,0,0,0,0,0,0
2378,0,0,0,0,3,4,0,0,0,0,0,0
2379,0,0,0,0,0,1,0,0,0,0,0,0
2380,2,81,0,0,0,0,0,0,0,0,0,0
2381,0,0,0,0,0,0,3,88,0,0,0,0
2382,0,0,0,0,0,0,12,1,0,0,0,0
2383,0,0,0,7,3,19,0,0,0,0,1,0
2384,0,0,0,0,0,0,11,0,2,0,0,0
2385,2,14,5,0,0,0,0,0,0,0,0,0
2386,2,26,44,0,0,0,0,0,0,0,0,0
2387,0,24,0,0,0,0,0,0,0,0,0,0
2388,0,0,0,0,0,47,0,0,0,2,1627,179
2389,2,61,13,0,0,0,0,0,0,0,0,0
2390,0,0,0,3,3,32,0,0,0,0,0,0
2391,0,0,0,0,0,2,0,0,0,0,0,0
2392,0,0,0,0,1,11,0,0,0,0,0,0
2393,0,0,0,0,0,0,54,5,2,0,0,0
2394,0,0,0,0,0,23,0,0,0,0,0,0
2395,0,0,0,1,0,121,0,0,0,52,21130,0
2396,0,65,0,0,0,0,0,0,0,0,0,0
2397,0,0,0,0,0,0,0,0,0,0,15,0
2398,0,1,0,0,0,0,350,47,3,0,0,0
2399,0,0,0,0,0,1,0,0,0,1,86,0
2400,1,0,0,0,0,0,0,0,0,0,0,0
2401,0,0,0,0,0,5,0,0,0,54,326,3
2402,0,0,0,5,10,1,1,0,0,0,0,0
2403,0,0,0,0,0,0,0,0,0,1,2,0
2404,51,17,22,11,0,0,0,0,0,3,0,0
2405,0,2,3,0,0,0,0,0,0,0,0,0
2406,2,656,4,0,0,0,3,0,0,0,0,0
2407,0,0,0,0,0,0,270,70,4,0,0,0
2408,0,0,0,0,0,0,3,0,0,0,0,0
2409,0,0,0,0,0,0,0,1,0,0,0,0
2410,3,98,6,0,0,0,0,0,0,0,0,0
2411,0,0,0,0,7,30,0,0,0,0,0,0
2412,0,0,0,0,1,1,0,0,0,0,0,0
2413,0,1,0,0,0,0,88,13,4,0,0,0
2414,0,0,0,1,0,1,0,0,0,0,0,0
2415,1,0,0,0,0,0,0,0,0,0,0,0
2416,0,0,0,0,0,14,0,0,0,1,3463,0
2417,1,2,1,0,0,0,0,0,0,0,0,0
2418,0,0,0,0,0,0,42,8,1,0,0,0
2419,3,126,3,0,0,0,1,0,0,0,0,0
2420,0,4,2,0,0,0,0,0,0,0,0,0
2421,0,42,2,0,0,0,0,0,0,0,0,0
2422,0,0,0,0,0,0,12,4,1,0,0,0
2423,0,0,0,1,0,22,0,0,0,0,0,0
2424,0,0,0,0,0,0,13,25,5,0,0,0
2425,0,0,0,0,0,105,0,0,0,0,0,0
2426,0,1,0,0,0,0,88,11,0,0,0,0
2427,0,0,0,0,1,25,0,0,0,0,0,0
2428,0,0,0,0,0,33,0,0,0,0,0,0
2429,0,1,0,0,0,0,0,0,0,0,0,0
2430,0,46,29,0,0,0,0,0,0,0,0,0
2431,0,95,0,0,0,0,0,0,0,0,0,0
2432,0,0,0,1,82,201,0,0,0,0,8,0
2433,0,0,0,0,0,1,0,0,0,60,277,0
2434,0,0,2,0,0,1,0,0,0,27,288,0
2435,0,33,4,0,0,0,0,0,0,0,0,0
2436,0,0,0,0,0,0,36,49,4,0,0,0
2437,17,79,9,0,0,0,0,0,0,0,0,0
2438,0,0,0,0,0,0,72,2,4,0,0,0
2439,0,43,32,0,0,0,0,0,0,0,0,0
2440,5,28,11,0,0,0,0,0,0,0,0,0
2441,0,0,0,0,0,0,111,0,3,0,0,0
2442,3,58,13,0,0,0,0,0,0,0,0,0
2443,0,18,16,0,0,0,0,0,0,0,0,0
2444,1,24,1,0,0,0,0,0,0,0,0,0
2445,0,0,0,0,0,4,0,0,0,3,1571,2
2446,0,0,0,97,4,50,0,0,0,0,0,0
2447,0,0,0,0,2,0,69,428,8,0,0,0
2448,0,1,0,0,0,0,119,41,0,0,0,0
2449,0,0,0,0,0,0,0,0,0,141,556,8
2450,0,0,0,0,0,0,0,0,0,85,436,1
2451,0,0,0,0,0,0,0,0,0,0,0,0
2452,2,8,0,0,0,0,0,0,0,0,0,0
2453,0,0,0,0,0,123,0,0,0,14,23995,4
2454,0,0,0,5,8,36,0,0,0,0,0,0
2455,0,0,0,0,0,4,0,0,0,46,1821,2
2456,22,18,44,0,0,0,0,0,0,1,0,0
2457,0,0,0,0,0,2,0,0,0,0,0,0
2458,0,0,0,0,1,0,22,359,2,0,0,0
2459,0,0,0,0,0,1,0,0,0,2,183,0
2460,0,0,0,0,0,0,0,0,0,4,6,1
2461,0,0,0,4,7,36,0,0,0,0,0,0
2462,0,0,0,0,0,0,0,0,0,16,329,1
2463,0,0,0,6,2,1,0,0,0,0,0,0
2464,0,11,1,0,0,0,0,0,0,0,0,0
2465,0,34,7,0,0,0,0,0,0,0,0,0
2466,5,57,13,0,0,0,0,0,0,0,0,0
2467,5,39,7,0,0,0,0,0,0,0,0,0
2468,0,0,0,0,0,0,85,48,2,0,0,0
2469,0,0,0,0,0,2,0,0,0,1,913,0
2470,0,0,1,0,0,32,0,0,0,20,1842,0
2471,0,0,0,0,0,0,0,0,0,4,14,0
2472,0,0,0,0,0,0,0,0,0,3,15,0
2473,9,335,3,0,0,0,2,0,0,0,0,0
2474,0,10,7,0,0,0,0,0,0,0,0,0
2475,0,54,3,0,0,0,0,0,0,0,0,0
2476,2,32,4,0,0,0,0,0,0,0,0,0
2477,0,0,0,0,0,0,108,0,29,0,0,0
2478,2,7,4,0,0,0,0,0,0,0,0,0
2479,2,4,3,0,0,0,0,0,0,0,0,0
2480,2,1219,14,0,0,0,17,0,0,0,0,0
2481,0,0,0,0,1,6,0,0,0,0,0,0
2482,0,0,0,3,2,100,0,0,0,0,0,0
2483,0,63,1,0,0,0,0,0,0,0,0,0
2484,0,0,0,6,0,59,0,0,0,0,0,0
2485,0,0,0,0,0,6,0,0,0,12,2198,0
2486,0,0,0,0,0,4,0,0,0,0,0,0
2487,0,0,0,2,0,1,0,0,0,0,0,0
2488,0,0,0,0,0,1,0,0,0,0,624,0
2489,0,0,0,0,0,454,0,0,0,0,5,0
2490,0,0,0,0,0,0,0,0,0,0,0,0
2491,3,21,0,0,0,0,0,0,0,0,0,0
2492,0,2,0,0,0,0,53,0,1,0,0,0
2493,7,8,10,0,0,0,0,0,0,0,0,0
2494,0,0,0,0,3,0,154,1072,4,0,0,0
2495,0,0,0,0,0,0,0,0,0,0,0,0
2496,0,0,0,0,0,0,1,2,0,0,0,0
2497,44,123,13,0,0,0,0,0,0,0,0,0
2498,0,0,0,0,0,0,28,0,1,0,0,0
2499,28,34,20,0,0,0,0,0,0,0,0,0
2500,2,72,11,0,0,0,0,0,0,0,0,0
2501,0,16,0,0,0,0,0,0,0,0,0,0
2502,0,0,0,0,0,0,0,0,0,1,29,0
2503,1,25,3,0,0,0,0,0,0,0,0,0
2504,0,0,0,0,0,0,0,0,0,5,102,0
2505,0,0,0,2,0,1,0,0,0,0,0,0
2506,0,0,0,4,1,45,0,0,0,0,0,0
2507,0,0,0,0,0,0,0,0,0,6,103,0
2508,0,0,0,0,0,2,0,0,0,32,605,5
2509,0,0,0,0,0,9,0,0,0,4,2602,38
2510,38,122,1,2,0,0,1,0,0,0,0,0
2511,0,0,0,0,0,0,0,0,0,0,34,0
2512,10,46,7,0,0,0,0,0,0,0,0,0
2513,0,0,0,0,0,0,50,0,1,0,0,0
2514,0,8,12,0,0,0,0,0,0,0,0,0
2515,0,12,13,0,0,0,0,0,0,0,0,0
2516,0,0,0,0,16,0,48,1440,1,0,0,0
2517,0,0,0,1,0,1,0,0,0,0,0,0
2518,0,0,0,0,0,0,43,743,0,0,0,0
2519,0,0,0,0,1,12,0,0,0,0,0,0
2520,0,0,0,0,0,3,0,0,0,0,0,0
2521,1,28,0,0,0,0,0,0,0,0,0,0
2522,1,57,1,0,0,0,0,0,0,0,0,0
2523,0,0,0,0,0,5,0,0,0,3,967,1
2524,8,60,1,0,0,0,0,0,0,0,0,0
2525,0,1,0,0,0,0,326,0,1,0,0,0
2526,10,106,33,0,0,0,3,0,0,0,0,0
2527,0,0,0,0,0,0,95,365,0,0,0,0
2528,0,0,0,0,0,0,86,0,0,0,0,0
2529,2,11,3,0,0,0,0,0,0,0,0,0
2530,17,65,6,0,0,0,0,0,0,0,0,0
2531,0,0,0,0,0,0,43,41,0,0,0,0
2532,0,0,0,0,0,16,0,0,0,0,1,0
2533,0,0,0,27,5,175,0,0,0,0,0,0
2534,0,0,0,0,0,0,86,175,5,0,0,0
2535,0,0,0,0,1,47,0,0,0,0,0,0
2536,0,0,0,0,0,2,0,0,0,18,1323,1
2537,0,0,0,7,149,30,0,1,0,0,0,0
2538,0,0,0,0,0,6,0,0,0,0,0,0
2539,0,0,0,0,0,0,60,7,3,0,0,0
2540,0,7,3,0,0,0,0,0,0,0,0,0
2541,1,12,0,0,0,0,0,0,0,0,0,0
2542,0,18,0,0,0,0,0,0,0,0,0,0
2543,0,31,3,0,0,0,0,0,0,0,0,0
2544,0,0,14,0,0,2,0,0,0,49,1261,0
2545,0,0,0,13,4,31,0,0,0,0,0,0
2546,0,0,0,0,0,0,3,1,2,0,0,0
2547,0,0,0,0,0,0,2,4,0,0,0,0
2548,0,0,0,2,2,45,0,0,0,0,0,0
2549,0,0,0,0,0,0,15,13,0,0,0,0
2550,9,213,15,0,0,0,2,0,0,0,0,0
2551,0,0,0,1,4,84,0,0,0,0,0,0
2552,0,0,0,0,1,25,0,0,0,0,0,0
2553,0,0,0,0,0,1,0,0,0,0,0,0
2554,0,21,0,0,0,0,0,0,0,0,0,0
2555,0,0,0,0,0,0,0,0,0,2,1,0
2556,7,14,0,0,0,0,0,0,0,0,0,0
2557,0,16,0,0,0,0,0,0,0,0,0,0
2558,0,0,0,0,0,5,0,0,0,3,1288,1
2559,0,0,0,0,0,0,0,0,0,1,32,0
2560,16,396,4,0,0,0,0,0,0,0,0,0
2561,0,0,0,1,13,37,0,0,0,0,0,0
2562,0,0,0,1,0,5,0,0,0,0,0,0
2563,3,224,1,0,0,0,0,0,0,0,0,0
2564,0,1,0,0,0,0,78,0,2,0,0,0
2565,2,26,5,0,0,0,0,0,0,0,0,0
2566,0,8,0,0,0,0,0,0,0,0,0,0
2567,0,0,0,0,0,0,0,0,0,4,2,1
2568,12,31,0,0,0,0,0,0,0,0,0,0
2569,0,10,0,0,0,0,0,0,0,0,0,0
2570,0,0,0,0,0,0,0,0,0,2,369,0
2571,0,0,1,0,0,0,0,0,0,83,30,0
2572,0,0,0,7,0,25,0,0,0,0,1,0
2573,1,5,0,0,0,0,0,0,0,0,0,0
2574,0,0,0,0,0,0,0,0,0,1,267,1
2575,0,0,0,17,6,9,0,0,0,0,0,0
2576,154,15,1,1,0,0,0,0,0,0,0,0
2577,0,0,0,0,0,0,36,38,1,0,0,0
2578,0,0,0,2,1,16,0,0,0,0,0,0
2579,0,0,0,0,0,0,19,1,18,0,0,0
2580,1,7,19,0,0,0,0,0,0,0,0,0
2581,0,33,46,0,0,0,0,0,0,0,0,0
2582,0,0,0,0,0,0,47,8,0,0,0,0
2583,0,0,0,0,0,0,0,0,0,0,118,0
2584,14,0,0,761,3,30,0,0,0,0,0,0
2585,0,0,0,0,4,0,87,255,0,0,0,0
2586,0,0,0,2,1,6,0,0,0,0,0,0
2587,0,0,0,19,0,70,0,0,0,0,0,0
2588,0,2,0,0,0,0,315,0,0,0,0,0
2589,1,52,17,0,0,0,0,0,0,3,0,0
2590,17,62,16,0,0,0,0,0,0,0,0,0
2591,0,0,0,0,0,0,92,27,18,0,0,0
2592,0,0,0,0,0,0,0,0,0,24,77,0
2593,1,0,0,89,5,103,0,0,0,0,1,0
2594,0,0,0,0,0,0,0,0,0,4,159,8
2595,0,0,0,0,0,0,0,0,0,5,69,0
2596,1,590,46,0,0,0,29,0,0,0,0,0
2597,0,0,0,0,13,20294,0,0,0,1,406,0
2598,0,0,0,0,2,0,0,0,0,0,0,0
2599,0,0,0,0,0,0,72,43,15,0,0,0
2600,0,0,0,0,0,0,112,122,0,0,0,0
2601,0,0,0,0,1,11,0,0,0,0,0,0
2602,0,0,0,6,6,19,0,0,0,0,0,0
2603,0,0,0,0,0,0,0,1,0,0,0,0
2604,0,0,0,0,0,0,0,0,0,0,0,0
2605,0,0,0,0,0,18,0,0,0,0,0,0
2606,0,28,0,0,0,0,1,0,0,0,0,0
2607,0,0,1,0,0,1,0,0,0,82,586,1
2608,0,7,10,0,0,0,0,0,0,0,0,0
2609,0,0,0,0,0,0,0,0,0,2,2,1
2610,0,0,0,0,0,0,0,0,0,0,99,0
2611,12,29,2,0,0,0,0,0,0,0,0,0
2612,0,0,0,0,0,0,26,6,0,0,0,0
2613,0,0,0,0,0,5,0,0,0,0,0,0
2614,0,0,0,1,3,8,0,0,0,0,0,0
2615,0,0,0,0,0,1,0,0,0,0,0,0
2616,0,0,0,0,0,0,1,0,0,0,0,0
2617,0,0,0,0,0,15,0,0,0,0,0,0
2618,0,99,0,0,0,0,0,0,0,0,0,0
2619,0,0,0,0,0,0,0,0,0,0,0,0
2620,0,0,0,14,0,10,0,0,0,0,0,0
2621,0,11,0,0,0,0,1,0,0,0,0,0
2622,0,12,0,0,0,0,0,0,0,0,0,0
2623,0,0,0,0,0,3,0,0,0,30,632,1
2624,0,0,0,0,0,0,16,2,0,0,0,0
2625,0,0,0,0,0,0,15,1,0,0,0,0
2626,0,0,0,0,0,0,95,84,0,0,0,0
2627,0,0,0,0,0,0,0,0,0,0,93,0
2628,0,0,0,0,0,0,0,0,0,0,0,0
2629,0,0,0,13,0,13,0,0,0,0,0,0
2630,1,8,4,0,0,0,0,0,0,0,0,0
2631,0,0,0,1,1,0,0,0,0,0,0,0
2632,0,0,0,0,0,0,8,172,1,0,0,0
2633,0,0,0,0,16,109,0,0,0,0,0,0
2634,0,0,0,0,0,1,0,0,0,0,0,0
2635,0,0,0,0,0,0,36,3,1,0,0,0
2636,0,0,0,0,0,0,0,0,0,4,4,0
2637,0,0,0,0,1,1,0,0,0,0,0,0
2638,0,0,0,0,0,11,0,0,0,21,183,0
2639,0,0,0,0,0,0,74,0,0,0,0,0
2640,5,16,6,0,0,0,0,0,0,0,0,0
2641,3,64,0,0,0,0,0,0,0,0,0,0
2642,1,82,4,0,0,0,0,0,0,0,0,0
2643,0,0,0,0,1,4,0,0,0,0,0,0
2644,0,0,0,0,0,1,0,0,0,147,924,1
2645,0,14,3,0,0,0,0,0,0,0,0,0
2646,3,22,1,0,0,0,0,0,0,0,0,0
2647,2,311,3,0,0,0,0,0,0,0,0,0
2648,0,0,0,0,0,0,81,25,2,0,0,0
2649,0,40,1,0,0,0,0,0,0,0,0,0
2650,0,0,0,0,0,0,0,0,0,4,100,0
2651,0,20,0,0,0,0,0,0,0,0,0,0
2652,0,0,0,0,0,0,0,0,0,4,112,0
2653,129,47,0,0,0,0,0,0,0,0,0,0
2654,0,0,0,0,0,0,18,0,1,0,0,0
2655,7,37,13,0,0,0,0,0,0,0,0,0
2656,5,48,7,0,0,0,0,0,0,1,0,0
2657,0,7,7,0,0,0,1,0,0,0,0,0
2658,8,21,7,0,0,0,0,0,0,0,0,0
2659,0,28,0,0,24,0,2157,1079,12,0,0,0
2660,0,0,0,0,0,0,0,0,0,0,0,0
2661,0,5,0,0,0,0,1,0,0,0,0,0
2662,0,0,0,0,0,0,0,0,0,0,263,0
2663,0,0,0,3,0,3,0,0,0,0,0,0
2664,0,0,0,0,0,0,13,10,2,0,0,1
2665,0,0,0,0,0,48,0,0,0,0,0,0
2666,0,0,0,0,0,0,2,2,1,0,0,0
2667,0,0,0,0,0,62,0,0,0,0,169,1
2668,0,0,0,0,0,3,0,0,0,13,508,1
2669,0,0,0,0,0,0,0,0,0,6,126,2
2670,0,0,0,0,0,4,0,0,0,0,0,0
2671,0,0,0,66,9,32,0,0,0,0,0,0
2672,0,0,0,0,0,0,4,17,0,0,0,0
2673,0,0,0,0,0,0,0,0,0,0,11,0
2674,0,5,0,0,0,0,0,0,0,0,0,0
2675,0,0,0,0,0,3,0,0,0,8,610,0
2676,0,0,0,0,0,0,0,0,0,1,431,1
2677,0,0,0,2,0,13,0,0,0,0,0,0
2678,1,12,0,0,0,0,0,0,0,0,0,0
2679,0,21,3,0,0,0,0,0,0,0,0,0
2680,0,0,0,1,1,65,0,0,0,0,0,0
2681,1,5,4,0,0,0,0,0,0,0,0,0
2682,0,0,0,0,1,5,0,0,0,0,0,0
2683,0,0,0,0,0,0,24,27,0,0,0,0
2684,0,3,4,0,0,0,0,0,0,0,0,0
2685,0,0,0,1,6,14,0,0,0,0,0,0
2686,0,0,0,0,0,0,1,1,0,0,0,0
2687,0,0,0,0,0,0,29,2,0,0,0,0
2688,0,0,0,0,1,29,0,0,0,0,0,0
2689,6,22,1,0,0,0,0,0,0,0,0,0
2690,1,0,0,0,0,0,0,0,0,0,0,0
2691,0,0,0,0,0,0,0,0,0,0,15,0
2692,5687,11,0,5614,0,0,0,0,0,0,0,0
2693,2,1,11,0,0,0,0,0,0,0,0,0
2694,0,12,0,0,0,0,0,0,0,0,0,0
2695,0,0,0,0,0,7,0,0,0,0,1456,0
2696,0,0,0,0,0,0,0,0,0,0,0,0
2697,5,10,64,0,0,0,0,0,0,0,0,0
2698,0,0,0,40,0,1693,0,0,0,0,81,0
2699,0,16,0,0,0,0,0,0,0,0,0,0
2700,0,0,0,0,0,0,0,0,0,0,142,0
2701,0,0,0,0,0,1,0,0,0,26,234,1
2702,0,0,0,0,1,2,0,0,0,0,0,0
2703,0,0,0,1,0,0,0,0,0,0,0,0
2704,0,0,0,0,0,0,0,0,0,1,408,0
2705,3,11,0,0,0,0,0,0,0,0,0,0
2706,0,0,0,0,0,10,0,0,0,4,2913,0
2707,5,42,3,0,0,0,0,0,0,0,0,0
2708,0,0,0,0,0,0,0,0,0,11,72,0
2709,0,0,0,0,0,0,0,0,0,0,0,0
2710,0,0,0,0,0,8,0,0,0,17,1265,3
2711,0,4,10,0,0,0,0,0,0,0,0,0
2712,0,73,4,0,0,0,0,0,0,0,0,0
2713,11,31,20,0,0,0,0,0,0,4,0,0
2714,0,0,0,0,0,0,2,2,1,0,0,0
2715,0,0,0,0,0,0,0,0,2,0,0,0
2716,0,0,0,0,0,1,0,0,0,1,239,0
2717,0,0,0,0,0,0,2,0,0,0,0,0
2718,0,0,0,0,0,0,1,3,0,0,0,0
2719,0,0,0,2,1,19,0,0,0,0,0,0
2720,0,0,0,0,0,0,173,14,1,0,0,0
2721,0,0,0,0,0,0,0,0,0,1,155,0
2722,0,167,0,0,0,0,17,0,0,0,0,0
2723,0,0,0,0,0,0,0,0,0,4,36,0
2724,0,0,0,0,0,0,0,0,0,15,56,0
2725,6,23,1,0,0,0,0,0,0,0,0,0
2726,0,126,10,0,0,0,1,0,0,0,0,0
2727,0,0,0,0,0,1,0,0,0,1,357,0
2728,7,40,0,0,0,0,0,0,0,0,0,0
2729,0,7,0,0,0,0,0,0,0,0,0,0
2730,6,49,12,0,0,0,0,0,0,0,0,0
2731,0,0,0,0,1,0,231,135,12,0,0,0
2732,0,0,0,0,0,0,27,5,5,0,0,0
2733,0,0,0,0,0,1,0,0,0,0,0,0
2734,0,0,0,12,0,263,0,0,0,0,1,0
2735,0,21,0,0,0,0,0,0,0,0,0,0
2736,0,0,0,0,0,3,0,0,0,2,116,2
2737,0,0,0,2,4,26,0,0,0,0,0,0
2738,0,0,0,0,0,0,0,0,0,0,0,0
2739,0,0,0,0,0,0,0,0,0,0,0,0
2740,0,0,0,0,0,9,0,0,0,0,0,0
2741,0,0,0,0,0,0,17,13,0,0,0,0
2742,0,0,0,0,0,0,3,4,1,0,0,0
2743,0,0,0,0,1,12,0,0,0,0,0,0
2744,0,0,0,0,0,0,7,9,0,0,0,0
2745,1,74,17,0,0,0,0,0,0,0,0,0
2746,0,0,0,2,1,200,0,0,0,0,2,0
2747,0,0,0,0,1,0,41,376,0,0,0,0
2748,5,18,5,0,0,0,0,0,0,0,0,0
2749,0,0,0,0,0,446,0,0,0,1,15015,0
2750,0,3,0,0,0,0,0,0,0,0,0,0
2751,0,0,1,0,0,0,0,0,0,11,57,1
2752,0,0,0,2,4,256,0,0,0,0,1,0
2753,0,0,0,0,0,0,21,4,1,0,0,0
2754,0,0,0,0,0,3,0,0,0,0,0,0
2755,0,0,0,0,0,0,8,432,4,0,0,0
2756,3,124,6,0,0,0,0,0,0,0,0,0
2757,0,0,0,0,0,3,0,0,0,0,0,0
2758,0,8,0,0,0,0,0,0,0,0,0,0
2759,0,0,0,0,0,0,12,0,0,0,0,0
2760,0,2,4,0,0,0,0,0,0,0,0,0
2761,0,45,9,0,0,0,2,0,0,0,0,0
2762,0,0,0,0,0,0,9,14,0,0,0,0
2763,0,0,0,0,0,0,0,0,0,0,0,0
2764,0,0,0,0,0,0,17,286,2,0,0,0
2765,0,0,0,0,0,0,0,0,0,3,1,0
2766,3,12,2,0,0,0,0,0,0,0,0,0
2767,1,32,2,0,0,0,0,0,0,0,0,0
2768,0,0,0,0,0,0,13,18,0,0,0,0
2769,0,0,0,0,0,0,1,9,0,0,0,0
2770,0,0,0,0,0,17,0,0,0,0,1,0
2771,0,0,0,3,0,33,0,0,0,0,0,0
2772,0,9,0,0,0,0,0,0,0,0,0,0
2773,0,0,0,0,0,1,0,0,0,1,300,0
2774,0,3,1,0,0,0,0,0,0,0,0,0
2775,2,115,32,0,0,0,0,0,0,1,0,0
2776,0,0,0,0,0,0,11,17,0,0,0,0
2777,2,3,2,0,0,0,0,0,0,0,0,0
2778,0,1,0,0,0,0,29,20,1,0,0,0
2779,0,0,0,0,2,20,0,0,0,0,0,0
2780,0,0,0,0,0,0,7,19,4,0,0,0
2781,0,0,0,0,1,3,0,0,0,0,0,0
2782,0,0,0,0,11,0,27,1962,2,0,0,0
2783,2,16,3,0,0,0,0,0,0,0,0,0
2784,0,137,14,0,0,0,0,0,0,0,0,0
2785,0,0,0,2,0,75,0,0,0,0,0,0
2786,0,456,0,0,0,0,1,0,0,0,0,0
2787,0,0,0,0,0,13,0,0,0,0,0,0
2788,0,0,0,0,0,1,0,0,0,7,200,0
2789,0,18,0,0,0,0,0,0,0,0,0,0
2790,0,0,0,0,0,1,0,0,0,114,347,1
2791,0,0,0,2,19,75,0,0,0,0,0,0
2792,0,0,0,0,0,3,0,0,0,0,0,0
2793,0,0,0,2,1,0,0,0,0,0,0,0
2794,0,0,0,0,0,7,0,0,0,0,0,0
2795,0,0,0,0,0,0,12,0,0,0,0,0
2796,1,13,9,0,0,0,0,0,0,0,0,0
2797,1,5,18,0,0,0,0,0,0,1,0,0
2798,0,0,0,0,0,0,0,0,0,4,54,3
2799,0,0,0,0,0,1,0,0,0,0,0,0
2800,0,0,0,6,1,65,0,0,0,0,0,0
2801,0,0,0,0,0,0,8,13,0,0,0,0
2802,0,0,2,0,0,0,0,0,0,0,0,0
2803,0,0,0,10,1,101,0,0,0,0,0,0
2804,0,0,0,0,0,0,42,1,62,0,0,0
2805,2,13,9,0,0,0,0,0,0,0,0,0
2806,0,32,82,0,0,0,0,0,0,7,0,0
2807,1,11,7,0,0,0,0,0,0,0,0,0
2808,0,0,0,0,0,0,76,37,3,0,0,0
2809,0,0,0,0,0,0,82,101,8,0,0,0
2810,2,126,45,0,0,0,0,0,0,0,0,0
2811,0,0,0,0,0,6,0,0,0,0,0,0
2812,0,0,0,2,1,7,0,0,0,0,0,0
2813,0,0,0,0,0,0,11,0,0,0,0,0
2814,0,0,0,0,0,0,0,0,0,0,0,0
2815,0,0,0,0,0,109,0,0,0,0,0,0
2816,0,9,4,0,0,0,0,0,0,0,0,0
2817,2,109,15,0,0,0,5,0,0,0,0,0
2818,1,14,6,0,0,0,0,0,0,0,0,0
2819,0,0,0,0,0,0,18,23,0,0,0,0
2820,0,0,0,0,0,19,0,0,0,0,1,0
2821,0,7,0,0,0,0,0,0,0,0,0,0
2822,0,0,0,0,0,1,0,0,0,21,112,0
2823,0,0,0,0,0,0,0,0,0,0,0,0
2824,0,0,0,0,0,32,0,0,0,0,0,0
2825,1,11,0,0,0,0,0,0,0,0,0,0
2826,2,23,18,1,0,0,0,0,0,0,0,0
2827,0,0,0,8,20,221,0,0,0,0,4,0
2828,0,1,0,0,0,0,19,0,3,0,0,0
2829,7,27,19,0,0,0,0,0,0,0,0,0
2830,0,0,0,0,3,0,24,217,2,0,0,0
2831,0,5,2,0,0,0,0,0,0,0,0,0
2832,0,6876,2,0,0,0,89,0,0,0,0,0
2833,0,0,0,0,0,0,20,30,0,0,0,0
2834,0,0,0,0,0,0,0,0,0,0,0,0
2835,0,0,0,0,0,0,0,1,1,0,0,0
2836,0,0,0,0,0,6,0,0,0,0,542,0
2837,0,0,0,1,11,16,0,0,0,0,0,0
2838,0,0,0,0,0,6,0,0,0,39,864,0
2839,0,0,0,5,9,14,0,0,0,0,0,0
2840,0,0,0,0,0,0,41,14,0,0,0,0
2841,0,0,0,0,0,59,0,0,0,0,2742,6
2842,0,0,0,0,0,2,0,0,0,11,778,5
2843,0,0,0,1,0,1,0,0,0,0,0,0
2844,0,3,0,0,0,0,0,0,0,0,0,0
2845,0,0,0,0,0,215,0,0,0,0,18,0
2846,0,8,0,0,0,0,0,0,0,0,0,0
2847,0,0,0,0,0,31,0,0,0,1,1081,0
2848,0,75,13,0,0,0,0,0,0,0,0,0
2849,0,0,0,0,0,0,74,9,3,0,0,0
2850,0,0,0,0,1,3,0,0,0,0,0,0
2851,0,0,0,14,1,42,0,0,0,0,1,0
2852,0,0,0,0,0,0,2,0,0,0,0,0
2853,0,12,3,0,0,0,0,0,0,0,0,0
2854,0,190,0,0,0,0,0,0,0,0,0,0
2855,0,0,0,0,0,0,0,0,0,10,60,2
2856,0,0,0,4,5,5,0,0,0,0,0,0
2857,0,0,0,0,0,0,0,0,0,15,231,0
2858,0,0,0,0,0,0,53,17,0,0,0,0
2859,0,0,0,0,0,0,34,12,1,0,0,0
2860,0,0,0,0,0,8,0,0,0,0,0,0
2861,1,44,1,0,0,0,0,0,0,0,0,0
2862,0,0,0,0,0,0,0,0,0,2,1062,0
2863,67,68,3,0,0,0,0,0,0,0,0,0
2864,0,0,0,0,0,0,10,2,2,0,0,0
2865,3,25,2,0,0,0,0,0,0,0,0,0
2866,3,36,6,0,0,0,0,0,0,0,0,0
2867,0,0,0,0,4,0,61,832,0,0,0,0
2868,0,0,0,0,2,18,0,0,0,0,0,0
2869,6,356,0,0,0,0,6,0,0,0,0,0
2870,4,21,9,0,0,0,0,0,0,0,0,0
2871,0,181,21,0,0,0,0,0,0,0,0,0
2872,0,0,0,55,3,58,0,0,0,0,0,0
2873,0,0,0,0,0,0,10,0,0,0,0,0
2874,12,11,4,0,0,0,0,0,0,0,0,0
2875,0,1,0,0,0,0,147,88,15,0,0,0
2876,0,0,0,0,1,5,0,0,0,0,0,0
2877,0,0,0,0,3,0,0,0,0,0,0,0
2878,0,0,0,0,0,5,0,0,0,19,920,0
2879,0,1,0,0,0,0,81,32,1,0,0,0
2880,0,0,0,0,0,0,0,0,0,3,329,1
2881,0,0,0,0,0,0,0,0,0,50,186,1
2882,0,0,0,0,2,43,0,0,0,0,0,0
2883,0,0,0,0,0,0,84,8,0,0,0,0
2884,0,0,0,0,1,53,0,0,0,0,2,0
2885,0,2,0,0,1,0,44,102,8,0,0,0
2886,0,0,0,0,0,23,0,0,0,0,0,0
2887,0,0,0,4,0,32,0,0,0,0,0,0
2888,0,0,0,0,1,0,5,10,0,0,0,0
2889,0,0,0,1,1,3,0,0,0,0,0,0
2890,0,0,0,0,0,0,52,99,3,0,0,0
2891,0,5,0,0,0,0,644,18,0,0,0,0
2892,0,0,0,0,0,0,0,0,0,0,43,0
2893,35,35,10,0,0,0,0,0,0,0,0,0
2894,0,1,0,0,0,0,34,19,0,0,0,0
2895,11,126,9,0,0,0,0,0,0,0,0,0
2896,0,0,0,4,2,63,0,0,0,0,0,0
2897,0,0,0,0,0,0,21,19,0,0,0,0
2898,0,0,0,0,0,1,0,0,0,2,92,0
2899,0,0,0,2,18,265,0,1,0,0,4,0
2900,0,4,0,0,0,0,47,5,0,0,0,0
2901,0,0,0,0,4,12,0,0,0,0,0,0
2902,0,0,0,0,0,129,0,0,0,1,1515,0
2903,13,321,11,0,0,0,0,0,0,0,0,0
2904,0,0,0,5,0,36,0,0,0,0,0,0
2905,1,15,0,0,0,0,0,0,0,0,0,0
2906,0,24,0,0,0,0,0,0,0,0,0,0
2907,0,5,0,0,0,0,0,0,0,0,0,0
2908,1,39,8,0,0,0,0,0,0,0,0,0
2909,0,13,0,0,0,0,0,0,0,0,0,0
2910,0,0,0,0,0,3,0,0,0,24,1171,2
2911,0,0,0,7,432,25,0,5,0,0,0,0
2912,0,0,0,0,2,82,0,0,0,0,0,0
2913,0,0,0,0,1,2,0,0,0,0,0,0
2914,0,0,0,0,0,0,55,7,4,0,0,0
2915,0,0,0,0,0,0,0,0,0,3,3,4
2916,4,26,0,0,0,0,0,0,0,0,0,0
2917,2,14,1,0,0,0,0,0,0,0,0,0
2918,0,0,0,0,0,0,0,0,0,5,203,1
2919,0,0,0,0,0,0,0,0,0,1,427,0
2920,37,145,4,0,0,0,0,0,0,0,0,0
2921,0,0,0,0,0,0,41,10,0,0,0,0
2922,0,0,0,0,1,30,0,0,0,0,0,0
2923,2,75,9,0,0,0,0,0,0,0,0,0
2924,0,0,0,2,115,22,0,0,0,0,0,0
2925,0,0,0,0,0,0,0,0,0,16,120,2
2926,0,0,0,10,0,16,0,0,0,0,0,0
2927,0,0,0,0,0,0,17,2,1,0,0,0
2928,6,30,8,0,0,0,0,0,0,0,0,0
2929,2,85,7,0,0,0,0,0,0,0,0,0
2930,0,0,0,0,1,37,0,0,0,0,0,0
2931,0,0,0,0,0,10,0,0,0,0,0,0
2932,0,21,0,0,0,0,0,0,0,0,0,0
2933,0,0,0,0,0,0,0,0,0,8,389,0
2934,0,0,0,1,0,1,0,0,0,0,0,0
2935,0,0,0,1,0,76,0,0,0,0,0,0
2936,0,14,1,0,0,0,0,0,0,0,0,0
2937,0,0,0,0,0,3,0,0,0,15,900,0
2938,3,11,2,0,0,0,0,0,0,0,0,0
2939,0,0,0,0,0,2,0,0,0,14,686,4
2940,0,0,0,0,0,1,0,0,0,20,200,0
2941,2,42,4,0,0,0,0,0,0,0,0,0
2942,0,0,0,0,0,10,0,0,0,56,833,0
2943,0,0,0,92,4,9,0,0,0,0,0,0
2944,0,3,0,0,0,0,878,53,0,0,0,0
2945,0,1,0,0,1,0,164,406,0,0,0,0
2946,0,0,0,0,0,0,60,1,0,0,0,0
2947,0,0,0,0,0,1,0,0,0,0,278,1
2948,14,232,2,0,0,0,0,1,0,0,0,0
2949,0,0,0,0,2,1,0,0,0,0,0,0
2950,0,0,0,25,1,79,0,0,0,0,0,0
2951,0,0,0,0,0,0,1,1,0,0,0,0
2952,0,16,5,0,0,0,0,0,0,0,0,0
2953,0,0,0,0,5,20,0,0,0,0,0,0
2954,0,0,0,1,33,10,0,0,0,0,0,0
2955,0,0,0,0,0,1,0,0,0,0,0,0
2956,3,34,0,0,0,0,0,0,0,0,0,0
2957,0,0,0,0,0,0,19,6,0,0,0,0
2958,2,9,2,0,0,0,0,0,0,0,0,0
2959,0,0,0,2,5,51,0,0,0,0,0,0
2960,0,0,0,0,0,0,3,1,0,0,0,0
2961,1,5,0,0,0,0,0,0,0,0,0,0
2962,0,0,0,0,0,0,24,70,0,0,0,0
2963,0,0,0,0,0,0,0,0,0,0,0,0
2964,0,0,0,0,0,0,0,5,0,0,0,0
2965,0,0,0,0,0,0,0,0,7,0,0,0
2966,10,12,4,0,0,0,0,0,0,0,0,0
2967,0,0,0,0,0,0,39,46,2,0,0,0
2968,0,0,0,0,0,132,0,0,0,0,0,0
2969,0,228,0,0,0,0,1,0,0,0,0,0
2970,0,0,0,2,3,13,0,0,0,0,0,0
2971,0,0,0,0,0,0,30,9,1,0,0,0
2972,0,0,0,0,0,0,74,49,1,0,0,0
2973,0,0,0,0,0,11,0,0,0,1,2659,0
2974,0,0,0,6,0,112,0,0,0,0,0,0
2975,0,39,0,0,0,0,0,0,0,0,0,0
2976,0,0,0,0,0,0,0,0,0,1,144,0
2977,4,37,0,0,0,0,0,0,0,0,0,0
2978,0,0,0,0,0,49,0,0,0,0,0,0
2979,0,36,0,0,0,0,0,0,0,0,0,0
2980,0,0,0,0,0,0,0,0,0,0,93,0
2981,0,0,0,3,0,40,0,0,0,0,0,0
2982,0,1,0,0,0,0,0,0,0,0,0,0
2983,0,0,0,0,0,0,0,0,0,0,129,0
2984,0,0,0,3,0,34,0,0,0,0,0,0
2985,0,0,0,0,0,1,0,0,0,0,0,0
2986,0,59,8,0,0,0,0,0,0,0,0,0
2987,0,0,0,4,61,20,0,0,0,0,0,0
2988,0,0,0,0,5,7,0,0,0,0,0,0
2989,0,0,0,4,1,175,0,0,0,0,5,0
2990,0,0,0,0,0,0,30,0,1,0,0,0
2991,0,34,8,0,0,0,0,0,0,0,0,0
2992,0,0,0,7,8,109,0,0,0,0,0,0
2993,0,1,0,0,0,0,117,1,0,0,0,0
2994,8,19,3,0,0,0,0,0,0,0,0,0
2995,0,0,0,0,0,0,44,88,2,0,0,0
2996,0,0,0,0,128,2,0,0,0,0,0,0
2997,0,0,0,0,0,1,0,0,0,6,424,0
2998,0,0,0,5,2,32,0,0,0,0,0,0
2999,0,0,0,0,0,0,32,10,0,0,0,0
3000,0,0,0,0,0,0,27,1,0,0,0,0
3001,0,0,0,1,2,21,0,0,0,0,0,0
3002,0,0,0,0,0,0,4,0,2,0,0,0
3003,13,59,7,0,0,0,0,0,0,0,0,0
3004,0,0,0,0,188,0,41,6147,6,0,0,0
3005,0,0,0,0,1,15,0,0,0,0,0,0
3006,0,0,0,0,2,17,0,0,0,0,0,0
3007,0,0,0,4,0,8,0,0,0,0,0,0
3008,1,8,1,0,0,0,0,0,0,0,0,0
3009,1,36,2,0,0,0,0,0,0,0,0,0
3010,1,38,2,0,0,0,0,0,0,0,0,0
3011,0,0,0,3,4,502,0,0,0,0,2,0
3012,0,0,0,0,0,1,0,0,0,0,0,0
3013,0,0,0,0,0,0,220,15,1,0,0,0
3014,0,1,0,0,0,0,34,54,3,0,0,0
3015,0,0,0,0,0,0,0,0,0,4,57,0
3016,0,0,0,12,4,90,0,0,0,0,0,0
3017,0,0,0,0,3,18,0,0,0,0,0,0
3018,0,0,0,0,0,0,0,0,0,0,37,0
3019,0,49,0,0,0,0,0,0,0,0,0,0
3020,0,0,0,0,0,0,0,0,0,5,81,0
3021,62,53,0,0,0,0,1,0,0,0,0,0
3022,0,0,0,1,0,38,0,0,0,0,0,0
3023,5,8,0,0,0,0,0,0,0,0,0,0
3024,0,0,0,0,0,1,0,0,0,0,0,0
3025,0,0,0,0,0,0,34,77,5,0,0,0
3026,0,0,0,2,0,16,0,0,0,0,0,0
3027,3,37,0,0,0,0,0,0,0,0,0,0
3028,0,0,0,0,0,32,0,0,0,0,0,0
3029,0,0,0,0,1,0,0,0,0,0,0,0
3030,0,0,0,0,0,0,21,15,0,0,0,0
3031,0,0,0,0,0,16,0,0,0,0,0,0
3032,0,0,0,0,9,0,0,0,0,0,0,0
3033,0,0,0,0,0,0,0,0,0,2,18,2
3034,0,0,0,0,2,149,0,0,0,0,1,0
3035,0,0,0,0,1,29,0,0,0,0,0,0
3036,0,0,0,2,2,5,0,0,0,0,0,0
3037,0,0,0,2,2,1422,0,0,0,0,753589,0
3038,0,0,0,8,0,45,0,0,0,0,0,0
3039,0,23,1,0,0,0,0,0,0,0,0,0
3040,0,0,0,0,0,0,0,0,0,0,263,0
3041,0,0,0,0,0,0,0,0,0,23,160,2
3042,0,0,0,0,0,1,0,0,0,55,177,1
3043,0,0,0,16,18,62,0,0,0,0,0,0
3044,0,0,0,0,0,0,0,0,0,13,69,23
3045,0,0,0,0,0,4,0,0,0,5,1069,0
3046,85,56,4,1,0,0,0,0,0,0,0,0
3047,0,0,0,0,1,0,37,363,5,0,0,0
3048,3,76,42,0,0,0,0,0,0,0,0,0
3049,0,0,0,59,377,265,0,1,0,0,0,0
3050,0,0,0,0,0,0,9,3,0,0,0,0
3051,48,69,8,0,0,0,0,0,0,0,0,0
3052,0,0,0,0,0,0,137,317,0,0,0,0
3053,0,0,0,0,2,0,44,404,0,0,0,0
3054,0,242,12,0,0,0,0,0,0,0,0,0
3055,0,0,0,14,1,377,0,0,0,0,1,0
3056,0,0,0,0,0,0,14,1,0,0,0,0
3057,2,24,5,0,0,0,0,0,0,0,0,0
3058,6,166,10,0,0,0,0,0,0,0,0,0
3059,0,0,0,0,0,0,18,0,0,0,0,0
3060,1,14,5,0,0,0,0,0,0,0,0,0
3061,1,172,18,0,0,0,0,0,0,0,0,0
3062,0,0,0,0,0,0,124,0,1,0,0,0
3063,1,13,3,0,0,0,0,0,0,0,0,0
3064,1,35,12,0,0,0,0,0,0,0,0,0
3065,0,0,0,0,0,0,58,49,1,0,0,0
3066,0,1,0,0,0,0,61,44,0,0,0,0
3067,0,0,0,0,1,113,0,0,0,0,0,0
3068,0,0,0,0,0,0,24,10,1,0,0,0
3069,3,215,10,0,0,0,0,0,0,0,0,0
3070,0,0,0,0,2,48,0,0,0,0,0,0
3071,0,0,0,6,2,21,0,0,0,0,0,0
3072,0,0,0,0,0,0,50,3,0,0,0,0
3073,0,0,0,0,0,30,0,0,0,0,0,0
3074,0,0,0,0,0,0,16,1,0,0,0,0
3075,8,57,11,0,0,0,0,0,0,0,0,0
3076,6,102,14,0,0,0,0,0,0,0,0,0
3077,0,2,0,0,0,0,50,0,3,0,0,0
3078,1,34,54,0,0,0,0,0,0,0,0,0
3079,9,26,10,0,0,0,0,0,0,0,0,0
3080,0,0,0,0,0,0,37,0,1,0,0,0
3081,15,24,7,0,0,0,0,0,0,0,0,0
3082,9,38,4,0,0,0,0,0,0,0,0,0
3083,0,0,0,0,0,0,20,1,4,0,0,0
3084,7,65,8,0,0,0,0,0,0,0,0,0
3085,0,0,0,0,0,0,59,328,12,0,0,0
3086,0,0,0,1,1,476,0,0,0,0,2,0
3087,0,0,0,10,0,22,0,0,0,0,0,0
3088,0,0,0,15,0,60,0,0,0,0,0,0
3089,0,0,0,0,0,0,25,1,0,0,0,0
3090,17,131,11,0,0,0,1,0,0,0,0,0
3091,0,0,0,0,0,0,70,23,1,0,0,0
3092,0,0,0,0,0,4,0,0,0,5,350,0
3093,0,0,0,0,0,0,0,0,0,7,167,0
3094,567,65,1,3,0,0,1,0,0,0,0,0
3095,0,0,0,10,7,165,0,0,0,0,0,0
3096,0,0,0,0,0,240,0,0,0,0,4209,1
3097,88,27,4,0,0,0,1,0,0,0,0,0
3098,0,9,2,0,0,0,0,0,0,0,0,0
3099,0,0,0,0,1,0,0,0,0,23,462,1
3100,0,0,0,3,134,43,0,0,0,0,0,0
3101,0,0,0,0,0,0,0,0,0,5,2,3
3102,16,33,0,0,0,0,0,0,0,0,0,0
3103,1,20,15,0,0,0,0,0,0,0,0,0
3104,0,0,0,15,0,162,0,0,0,0,1,0
3105,1,31,0,0,0,0,0,0,0,0,0,0
3106,0,0,0,1,1,87,0,0,0,0,0,0
3107,0,0,0,0,0,0,4,1,2,0,0,0
3108,3,9,9,0,0,0,0,0,0,0,0,0
3109,0,0,0,0,0,0,9,125,1,0,0,0
3110,0,0,0,0,0,1,0,0,0,0,0,0
3111,0,71,0,0,0,0,0,0,0,0,0,0
3112,0,0,0,0,0,19,0,0,0,0,0,0
3113,0,0,0,0,0,0,15,1,11,0,0,0
3114,0,0,0,0,0,0,71,171,0,0,0,0
3115,0,0,0,0,0,17,0,0,0,0,0,0
3116,1,24,0,0,0,0,0,0,0,0,0,0
3117,0,0,0,0,0,2,0,0,0,39,804,0
3118,0,0,0,1,7,47,0,0,0,0,2,0
3119,0,0,0,0,0,0,14,1,31,0,0,2
3120,22,26,15,0,0,0,0,0,0,0,0,0
3121,3,37,122,0,0,0,0,0,0,1,0,0
3122,0,0,0,0,3,0,89,683,3,0,0,0
3123,5,51,9,0,0,0,0,0,0,0,0,0
3124,0,0,0,1,0,218,0,0,0,0,0,0
3125,0,0,0,0,0,0,4,16,2,0,0,0
3126,1,179,2,0,0,0,0,0,0,0,0,0
3127,0,0,0,0,11,57,0,0,0,0,0,0
3128,0,0,0,1,1,9,0,0,0,0,0,0
3129,1,4,0,0,0,0,0,0,0,0,0,0
3130,0,0,0,0,0,0,0,0,0,0,204,0
3131,0,0,0,0,0,0,0,0,0,6,1,0
3132,2,30,1,0,0,0,0,0,0,0,0,0
3133,1,28,5,0,0,0,0,0,0,0,0,0
3134,0,0,0,0,0,0,15,13,1,0,0,0
3135,0,0,0,0,0,0,17,7,0,0,0,0
3136,0,0,0,0,0,32,0,0,0,0,0,0
3137,0,36,0,0,0,0,0,0,0,0,0,0
3138,18,42,0,0,0,0,1,0,0,0,0,0
3139,1,16,16,0,0,0,0,0,0,0,0,0
3140,0,0,0,0,0,8087,0,0,0,13,9327,5
3141,0,0,0,0,0,0,0,0,0,40,186,0
3142,0,0,0,2,4,17,0,0,0,0,0,0
3143,0,0,0,4,9,59,0,0,0,0,1,0
3144,0,0,0,1,26,8,0,1,0,0,0,0
3145,0,0,0,0,0,0,0,0,0,0,0,0
3146,0,0,0,0,0,0,17,0,1,0,0,0
3147,4,5,5,0,0,0,0,0,0,0,0,0
3148,7,27,0,0,0,0,0,0,0,0,0,0
3149,0,0,0,0,2,52,0,0,0,0,0,0
3150,0,0,0,0,0,2,0,0,0,0,0,0
3151,0,0,0,0,0,40,0,0,0,0,0,0
3152,0,1,0,0,1,0,220,306,1,0,0,0
3153,0,0,0,0,0,0,40,73,0,0,0,0
3154,0,0,0,6,0,118,0,0,0,0,5,0
3155,0,0,0,0,0,0,15,22,1,0,0,0
3156,0,0,0,0,0,2,0,0,0,8,333,0
3157,0,0,0,0,0,0,0,0,0,8,269,0
3158,6,17,3,0,0,0,0,0,0,0,0,0
3159,0,0,0,0,0,0,0,0,0,14,158,0
3160,0,0,0,3,19,45,0,0,0,0,0,0
3161,0,0,0,8,37,124,0,0,0,0,1,0
3162,0,0,0,0,0,2,0,0,0,16,175,2
3163,0,0,0,11,26,73,0,0,0,0,1,0
3164,0,1,0,0,9,0,71,88,6,0,0,0
3165,0,0,0,0,0,0,0,0,0,12,675,2
3166,0,0,0,26,2,42,0,0,0,0,0,0
3167,0,0,0,0,0,0,35,9,0,0,0,0
3168,0,0,0,0,0,0,0,0,0,56,68,3
3169,0,0,0,8,28,48,0,0,0,0,0,0
3170,0,0,0,0,0,0,0,0,0,10,57,5
3171,0,0,0,0,10,16,0,0,0,0,0,0
3172,0,0,0,1,7,64,0,0,0,0,0,0
3173,0,0,1,0,0,0,0,0,0,59,0,0
3174,9,55,3,0,0,0,0,0,0,0,0,0
3175,0,112,0,0,0,0,0,0,0,0,0,0
3176,0,0,0,0,0,165,0,0,0,15,1282,1
3177,0,0,0,0,0,170,0,0,0,41,11030,11
3178,0,0,0,21,2,40,0,0,0,0,0,0
3179,0,0,0,0,0,0,137,1,1,0,0,0
3180,5,39,18,0,0,0,0,0,0,0,0,0
3181,5,14,14,0,0,0,0,0,0,0,0,0
3182,0,0,0,0,0,0,81,0,0,0,0,0
3183,0,80,10,0,0,0,0,0,0,0,0,0
3184,4,69,7,0,0,0,0,0,0,0,0,0
3185,0,0,0,0,0,0,23,1,1,0,0,0
3186,1,32,10,0,0,0,0,0,0,0,0,0
3187,0,0,0,0,0,0,21,21,1,0,0,0
3188,0,0,0,0,0,0,0,0,0,0,0,2
3189,17,9,2,0,0,0,0,0,0,0,0,0
3190,1,81,4,0,0,0,0,0,0,0,0,0
3191,0,0,0,0,0,0,14,0,0,0,0,0
3192,2,15,0,0,0,0,1,0,0,0,0,0
3193,88,67,25,0,0,0,0,0,0,0,0,0
3194,0,0,0,0,0,0,35,0,0,0,0,0
3195,4,5,5,0,0,0,0,0,0,0,0,0
3196,10,82,14,0,0,0,0,0,0,0,0,0
3197,0,0,0,0,0,0,9,6,0,0,0,0
3198,0,26,1,0,0,0,1,0,0,0,0,0
3199,0,0,0,0,0,45,0,0,0,0,0,0
3200,0,0,0,0,0,2,0,0,0,0,0,0
3201,0,0,0,0,0,0,0,2,0,0,0,0
3202,0,0,0,0,0,0,1,5,0,0,0,0
3203,0,0,0,0,0,19,0,0,0,0,0,0
3204,0,0,0,0,0,2,0,0,0,0,0,0
3205,0,59,0,0,0,0,1,0,0,0,0,0
3206,0,0,0,0,0,0,23,310,0,0,0,0
3207,2,61,10,0,0,0,0,0,0,0,0,0
3208,0,0,0,2,16,81,0,0,0,0,1,0
3209,0,0,0,0,0,0,13,4,0,0,0,0
3210,6,179,3,0,0,0,1,0,0,0,0,0
3211,0,0,0,14,3,44,0,0,0,0,0,0
3212,0,0,0,0,5,0,39,51,0,0,0,0
3213,4,303,5,0,0,0,0,0,0,0,0,0
3214,0,0,0,1,0,35,0,0,0,0,0,0
3215,4,61,5,0,0,0,0,0,0,0,0,0
3216,0,0,0,0,0,0,24,118,0,0,0,0
3217,0,0,0,0,2,65,0,0,0,0,0,0
3218,0,0,0,0,0,0,0,0,0,35,1,0
3219,12,12,1,0,0,0,0,0,0,0,0,0
3220,1,11,2,0,0,0,0,0,0,0,0,0
3221,0,0,1,0,0,0,0,0,0,18,0,0
3222,4,63,1,0,0,0,0,0,0,0,0,0
3223,1,18,11,0,0,0,0,0,0,0,0,0
3224,1,11,2,0,0,0,0,0,0,0,0,0
3225,0,0,0,0,0,0,0,0,0,13,155,0
3226,0,0,0,7,1,17,0,0,0,0,0,0
3227,0,0,0,0,0,0,59,5,0,0,0,0
3228,0,0,0,0,21,85,0,0,0,0,1,0
3229,0,0,0,32,0,20,0,0,0,0,0,0
3230,0,1,0,0,0,0,115,58,12,0,0,0
3231,0,1,0,0,7,0,175,1570,1,0,0,0
3232,0,0,0,5,0,39,0,0,0,0,0,0
3233,0,0,0,0,0,0,0,0,0,4,1,1
3234,109,39,1,0,0,0,0,0,0,0,0,0
3235,0,12,10,0,0,0,0,0,0,0,0,0
3236,0,0,0,0,0,0,0,0,0,4,4,4
3237,23,21,1,0,0,0,0,0,0,0,0,0
3238,5,40,11,0,0,0,0,0,0,0,0,0
3239,0,9,0,0,1,0,147,171,0,0,0,0
3240,0,69,13,0,0,0,0,0,0,0,0,0
3241,0,0,0,0,0,9,0,0,0,26,1455,1
3242,0,0,0,0,0,0,809,89,0,0,0,0
3243,0,0,0,0,0,0,115,6,0,0,0,0
3244,0,0,0,0,0,0,0,0,0,2,155,1
3245,71,30,1,0,0,0,0,0,0,0,0,0
3246,0,0,0,0,9,0,32,57,1,0,0,0
3247,0,0,0,1,3,12,0,0,0,0,0,0
3248,0,0,0,0,0,0,66,1,2,0,0,0
3249,9,24,45,0,0,0,0,0,0,0,0,0
3250,0,0,0,0,2,0,65,556,6,0,0,0
3251,0,0,0,0,1,0,235,240,1,0,0,0
3252,1,59,2,0,0,0,1,0,0,0,0,0
3253,0,0,0,0,0,0,0,0,0,4,252,0
3254,22,25,8,0,0,0,0,0,0,0,0,0
3255,1,44,23,0,0,0,0,0,0,0,0,0
3256,0,0,0,9,26,1915,0,0,0,0,6,0
3257,0,0,0,0,0,0,0,0,0,0,2,0
3258,7,6,0,0,0,0,0,0,0,0,0,0
3259,0,0,0,0,32,0,36,2785,11,0,0,0
3260,1,32,5,0,0,0,0,0,0,0,0,0
3261,0,0,0,0,0,6,0,0,0,20,1901,1
3262,5,266,0,0,0,0,0,0,0,0,0,0
3263,0,10,11,0,0,0,0,0,0,0,0,0
3264,0,0,0,0,0,0,0,0,0,19,783,1
3265,0,0,0,5,1,41,0,0,0,0,0,0
3266,0,8,1,0,0,0,0,0,0,0,0,0
3267,0,0,0,0,2,807,0,0,0,2,314640,1
3268,0,0,0,2,0,20,0,0,0,0,0,0
3269,1,31,1,0,0,0,0,0,0,0,0,0
3270,0,0,0,2,6,46,0,0,0,0,0,0
3271,0,0,0,3,1,187,0,0,0,0,0,0
3272,0,0,0,0,0,0,0,0,0,5,0,17
3273,25,20,1,0,0,0,0,0,0,0,0,0
3274,8,8,5,0,0,0,0,0,0,0,0,0
3275,0,63,8,0,0,0,0,0,0,0,0,0
3276,0,0,0,0,0,0,0,0,0,60,184,0
3277,13,19,3,0,0,0,0,0,0,0,0,0
3278,0,122,41,0,0,0,2,0,0,0,0,0
3279,0,0,0,0,4,33,0,0,0,0,0,0
3280,0,0,0,7,0,25,0,0,0,0,0,0
3281,0,0,0,0,0,0,30,20,2,0,0,0
3282,0,0,0,0,2,21,0,0,0,0,0,0
3283,0,0,0,16,0,53,0,0,0,0,0,0
3284,0,0,0,0,0,0,6,2,1,0,0,0
3285,5,22,27,0,0,0,1,0,0,0,0,0
3286,0,0,0,0,1,0,47,99,3,0,0,0
3287,0,0,0,0,0,0,130,28,1,0,0,0
3288,0,0,0,0,0,54,0,0,0,0,0,0
3289,0,0,0,1,0,41,0,0,0,0,0,0
3290,0,0,0,0,0,0,0,0,0,16,0,0
3291,11,311,0,0,0,0,0,0,0,0,0,0
3292,0,6,0,0,0,0,0,0,0,0,0,0
3293,0,0,0,0,0,0,0,0,0,24,248,0
3294,0,0,0,0,0,0,0,0,0,58,39,0
3295,0,0,0,1,5,53,0,0,0,0,0,0
3296,0,0,0,0,0,0,0,0,0,0,0,1
3297,15,32,17,0,0,0,0,0,0,0,0,0
3298,0,20,10,0,0,0,1,0,0,0,0,0
3299,0,0,0,1,5,37,0,0,0,0,0,0
3300,0,0,0,0,0,8,0,0,0,0,0,0
3301,0,17,1,0,0,0,0,0,0,0,0,0
3302,0,2,0,0,0,0,661,1,0,0,0,0
3303,1,14,2,0,0,0,0,0,0,0,0,0
3304,0,0,0,0,0,0,9,155,1,0,0,0
3305,1,64,19,0,0,0,0,0,0,0,0,0
3306,0,0,0,7,2,81,0,0,0,0,0,0
3307,0,1,0,0,0,0,74,154,6,0,0,0
3308,0,0,0,0,0,0,90,0,0,0,0,0
3309,0,29,11,0,0,0,0,0,0,0,0,0
3310,0,55,0,0,0,0,0,0,0,0,0,0
3311,0,0,0,0,0,0,0,0,0,41,220,3
3312,0,0,0,1,4,24,0,0,0,0,0,0
3313,0,0,0,6,1,47,0,0,0,0,0,0
3314,0,20,0,0,0,0,0,0,0,0,0,0
3315,0,0,0,0,0,0,0,0,0,16,187,0
3316,1,20,0,0,0,0,0,0,0,0,0,0
3317,0,0,0,0,0,0,0,0,0,7,149,0
3318,0,0,0,0,0,0,0,0,0,5,93,0
3319,22,20,3,0,0,0,0,0,0,0,0,0
3320,0,0,0,0,1,0,16,119,0,0,0,0
3321,0,0,0,0,2,12,0,0,0,0,0,0
3322,0,0,0,2,1,8,0,0,0,0,0,0
3323,0,1,0,0,0,0,215,244,2,0,0,0
3324,0,0,0,0,0,9,0,0,0,0,0,0
3325,0,0,0,1,21,23,0,0,0,0,0,0
3326,0,0,0,0,0,0,0,0,0,9,1,10
3327,4,155,10,0,0,0,0,0,0,0,0,0
3328,0,0,0,0,4,0,15,510,2,0,0,0
3329,0,72,14,0,0,0,0,0,0,0,0,0
3330,0,0,0,0,0,5,0,0,0,25,1046,1
3331,0,0,0,1,0,26,0,0,0,0,0,0
3332,0,19,0,0,0,0,0,0,0,0,0,0
3333,0,0,0,0,1,13,0,0,0,0,0,0
3334,0,0,0,18,15,36,0,0,0,0,0,0
3335,0,0,0,0,0,0,65,0,0,0,0,0
3336,0,34,5,0,0,0,0,0,0,0,0,0
3337,30,35,29,0,0,0,0,0,0,0,0,0
3338,0,0,0,0,2,0,17,209,0,0,0,0
3339,3,0,0,5,2,7,0,0,0,0,0,0
3340,0,0,0,0,3,0,21,747,19,0,0,0
3341,2,54,20,0,0,0,0,0,0,1,0,0
3342,1,57,35,0,0,0,0,0,0,0,0,0
3343,0,0,0,3,2,14,0,0,0,0,0,0
3344,4,58,2,0,0,0,0,0,0,0,0,0
3345,0,0,0,0,0,0,28,21,0,0,0,0
3346,0,0,0,0,1,24,0,0,0,0,0,0
3347,0,0,0,2,1,4,0,0,0,0,0,0
3348,0,0,0,0,4,0,0,0,0,0,0,0
3349,0,0,0,0,0,4,0,0,0,0,0,0
3350,5,163,0,0,0,0,0,0,0,0,0,0
3351,0,0,0,0,0,0,190,69,1,0,0,0
3352,0,0,0,12,0,6,0,0,0,0,0,0
3353,0,1,0,0,0,0,33,13,0,0,0,0
3354,0,0,0,0,0,0,16,15,0,0,0,0
3355,0,0,0,0,0,7,0,0,0,0,0,0
3356,0,0,0,0,0,1,0,0,0,0,0,0
3357,3,4,1,0,0,0,0,0,0,0,0,0
3358,0,0,0,0,0,27,0,0,0,0,0,0
3359,0,0,0,1,0,25,0,0,0,0,0,0
3360,0,0,0,0,0,1,0,0,0,0,0,0
3361,2,11,0,0,0,0,0,0,0,0,0,0
3362,0,4,3,0,0,0,0,0,0,0,0,0
3363,0,20,1,0,0,0,0,0,0,0,0,0
3364,0,9,12,0,0,0,0,0,0,0,0,0
3365,0,0,0,0,0,0,0,0,0,3,224,0
3366,0,0,0,0,0,3,0,0,0,0,0,0
3367,0,0,0,0,0,21,0,0,0,0,0,0
3368,0,16,0,0,0,0,0,0,0,0,0,0
3369,0,0,0,0,0,1,0,0,0,8,451,0
3370,0,0,0,2,16,18,0,0,0,0,0,0
3371,0,0,0,0,0,0,110,19,0,0,0,0
3372,0,106,144,0,0,0,0,0,0,1,0,0
3373,0,0,3,0,0,0,0,0,0,649,121,11
3374,14,10,3,0,0,0,0,0,0,0,0,0
3375,0,25,12,0,0,0,0,0,0,0,0,0
3376,0,0,0,0,0,6,0,0,0,0,0,0
3377,0,0,0,0,0,0,6,3,0,0,0,0
3378,0,0,0,0,0,6,0,0,0,0,0,0
3379,0,108,2,0,0,0,0,0,0,0,0,0
3380,0,0,0,1,0,43,0,0,0,0,0,0
3381,0,30,2,0,0,0,0,0,0,0,0,0
3382,0,0,0,0,0,0,0,0,0,3,93,0
3383,1,23,52,0,0,0,0,0,0,0,0,0
3384,0,0,0,0,0,0,0,0,0,0,0,0
3385,0,0,0,5,0,2,0,0,0,0,0,0
3386,0,0,0,0,0,0,0,0,0,0,0,0
3387,2,91,2,0,0,0,0,0,0,0,0,0
3388,1,11,1,0,0,0,0,0,0,0,0,0
3389,18,5,14,0,0,0,0,0,0,0,0,0
3390,10,28,14,0,0,0,0,0,0,0,0,0
3391,0,0,0,3,0,83,0,0,0,0,0,0
3392,0,0,0,0,0,0,64,25,0,0,0,0
3393,0,0,0,0,0,0,0,0,0,39,441,0
3394,208,8,6,0,0,0,0,0,0,0,0,0
3395,0,0,0,0,0,0,49,70,3,0,0,0
3396,0,7,19,0,0,0,0,0,0,0,0,0
3397,0,0,0,0,0,16,0,0,0,17,192,0
3398,3,66,4,0,0,0,0,0,0,0,0,0
3399,0,0,0,0,0,1,0,0,0,0,0,0
3400,0,0,0,3,0,11,0,0,0,0,0,0
3401,0,0,0,0,0,0,45,15,0,0,0,0
3402,0,0,0,1,3,42,0,0,0,0,0,0
3403,0,0,0,0,3,0,71,747,9,0,0,0
3404,0,0,0,0,0,0,90,1,2,0,0,0
3405,4,617,11,0,0,0,0,0,0,0,0,0
3406,28,35,15,0,0,0,0,0,0,0,0,0
3407,0,0,0,0,0,0,2,0,1,0,0,0
3408,0,0,0,0,0,0,0,0,0,0,0,0
3409,0,14,5,0,0,0,0,0,0,0,0,0
3410,0,0,0,0,0,0,20,21,0,0,0,0
3411,0,0,0,0,0,8,0,0,0,0,2258,0
3412,0,0,0,52,0,12,0,0,0,0,0,0
3413,1,4,1,0,0,0,0,0,0,0,0,0
3414,0,9,9,0,0,0,0,0,0,0,0,0
3415,1,10,3,0,0,0,0,0,0,0,0,0
3416,0,27,1,0,0,0,0,0,0,0,0,0
3417,0,35,8,0,0,0,0,0,0,0,0,0
3418,0,1,0,0,4,0,294,240,0,0,0,0
3419,0,0,0,0,0,0,20,12,0,0,0,0
3420,0,0,0,0,1,7,0,0,0,0,0,0
3421,18,123,1,0,0,0,0,0,0,0,0,0
3422,0,6,4,0,0,0,0,0,0,0,0,0
3423,1,45,31,0,0,0,0,0,0,0,0,0
3424,0,15,6,0,0,0,0,0,0,0,0,0
3425,0,0,0,0,0,0,0,0,0,9,345,5
3426,0,0,0,0,0,4,0,0,0,0,590,0
3427,85,37,5,0,0,0,0,0,0,0,0,0
3428,0,2019,13,0,0,0,8,0,0,0,0,0
3429,0,0,0,0,0,1,0,0,0,3,449,1
3430,4,17,5,0,0,0,0,0,0,0,0,0
3431,0,0,0,0,3,0,24,905,10,0,0,0
3432,0,0,0,0,1,6,0,0,0,0,0,0
3433,0,0,0,0,0,0,96,139,1,0,0,0
3434,0,0,0,0,0,0,29,37,0,0,0,0
3435,0,0,0,0,0,3,0,0,0,0,0,0
3436,0,0,0,0,0,7,0,0,0,0,0,0
3437,0,0,0,0,0,0,21,0,0,0,0,0
3438,0,0,0,0,1,7,0,0,0,0,0,0
3439,0,0,0,1,0,10,0,0,0,0,0,0
3440,0,1,0,0,0,0,0,0,0,0,0,0
3441,0,14,1,0,0,0,0,0,0,0,0,0
3442,0,0,0,0,0,48,0,0,0,0,0,0
3443,0,0,0,0,0,0,14,4,0,0,0,0
3444,0,0,0,0,0,0,0,0,0,1,93,0
3445,3,15,2,0,0,0,0,0,0,0,0,0
3446,0,0,0,0,0,0,134,15,0,0,0,0
3447,0,0,0,0,0,0,0,0,0,0,65,0
3448,0,0,0,0,0,1,0,0,0,14,280,0
3449,0,8,0,0,0,0,0,0,0,0,0,0
3450,0,258,3,0,0,0,0,0,0,0,0,0
3451,0,0,0,0,0,34,0,0,0,0,0,0
3452,0,0,0,0,0,0,38,9,1,0,0,0
3453,0,0,0,0,14,9,0,0,0,0,0,0
3454,0,0,0,81,3,41,0,0,0,0,0,0
3455,0,0,0,3,0,23,0,0,0,0,0,0
3456,0,77,0,0,0,0,0,0,0,0,0,0
3457,0,0,0,0,0,3,0,0,0,0,811,0
3458,0,0,0,0,0,0,0,0,0,2,5,0
3459,0,0,0,0,0,11,0,0,0,0,0,0
3460,0,0,0,8,0,5,0,0,0,0,0,0
3461,0,14,0,0,0,0,0,0,0,0,0,0
3462,1,189,0,0,0,0,0,0,0,0,0,0
3463,0,18,5,0,0,0,0,0,0,0,0,0
3464,0,0,0,0,0,0,0,0,0,2,151,0
3465,1,2,0,0,0,0,0,0,0,0,0,0
3466,0,0,0,44,7,167,0,0,0,0,0,0
3467,0,0,0,0,0,0,75,1,0,0,0,0
3468,0,0,0,0,0,0,99,11,1,0,0,0
3469,28,9,95,0,0,0,0,0,0,0,0,0
3470,0,1,0,0,0,0,118,0,0,0,0,0
3471,0,1,0,0,0,0,209,21,0,0,0,0
3472,18,29,10,0,0,0,0,0,0,0,0,0
3473,0,0,0,0,0,0,44,54,0,0,0,0
3474,0,0,0,0,0,0,3,5,0,0,0,0
3475,0,0,0,13,1,208,0,0,0,0,5,0
3476,0,0,0,0,0,0,91,17,1,0,0,0
3477,0,0,0,0,1,238,0,0,0,0,1,0
3478,1,0,0,129,18,39,0,0,0,0,0,0
3479,0,0,0,0,0,0,12,1,0,0,0,0
3480,0,0,0,0,0,0,0,0,0,1,9,0
3481,32,340,6,0,0,0,3,0,0,0,0,0
3482,0,3,0,0,0,0,364,0,7,0,0,0
3483,0,0,0,0,2,0,130,546,2,0,0,0
3484,3,137,3,0,0,0,0,0,0,0,0,0
3485,0,0,0,0,0,0,122,21,0,0,0,0
3486,0,0,0,0,0,15,0,0,0,21,1114,0
3487,0,0,0,0,0,1,0,0,0,15,325,0
3488,0,0,0,46,1,28,0,0,0,0,0,0
3489,0,0,0,0,0,0,0,0,0,0,0,0
3490,6,28,0,0,0,0,0,0,0,0,0,0
3491,0,21,1,0,0,0,0,0,0,0,0,0
3492,0,43,5,0,0,0,0,0,0,0,0,0
3493,0,0,0,1,0,246,0,0,0,0,1,0
3494,0,4,0,0,0,0,0,0,0,0,0,0
3495,1,25,5,0,0,0,0,0,0,0,0,0
3496,0,0,0,0,0,0,78,83,0,0,0,0
3497,0,0,0,0,0,0,94,5,0,0,0,0
3498,0,0,0,0,0,5,0,0,0,12,76,0
3499,0,0,0,3,0,33,0,0,0,0,0,0
3500,0,25,2,0,0,0,0,0,0,0,0,0
3501,0,0,0,0,0,0,0,0,0,0,1,0
3502,0,0,0,2,2,23,0,0,0,0,0,0
3503,8,60,0,0,0,0,0,0,0,0,0,0
3504,2,19,0,0,0,0,0,0,0,0,0,0
3505,0,0,0,0,0,0,0,0,0,5,171,0
3506,2,26,0,0,0,0,0,0,0,0,0,0
3507,0,75,27,0,0,0,0,0,0,0,0,0
3508,0,0,0,32,25,31,0,0,0,0,0,0
3509,0,1,0,0,0,0,96,3,0,0,0,0
3510,0,0,0,0,0,5,0,0,0,7,460,0
3511,0,0,1,0,0,1,0,0,0,35,281,0
3512,3,21,5,0,0,0,1,0,0,0,0,0
3513,0,0,0,0,0,1,0,0,0,0,0,0
3514,0,0,0,0,1,0,16,175,2,0,0,0
3515,0,0,1,0,0,0,0,0,0,18,1,0
3516,1,3,0,0,0,0,0,0,0,0,0,0
3517,0,53,1,0,0,0,0,0,0,0,0,0
3518,0,0,0,0,0,0,17,105,0,0,0,0
3519,0,0,0,1,2,4,0,0,0,0,0,0
3520,0,0,0,18,1,28,0,0,0,0,0,0
3521,0,0,0,0,0,0,2,0,1,0,0,0
3522,1,25,9,0,0,0,0,0,0,0,0,0
3523,0,87,10,0,0,0,0,0,0,0,0,0
3524,0,0,0,1,7,3,0,0,0,0,0,0
3525,0,0,0,0,0,0,0,0,0,0,4,0
3526,0,0,0,143,6,33,0,0,0,0,0,0
3527,0,6,0,0,0,0,647,33,0,0,0,0
3528,5,47,31,0,0,0,0,0,0,0,0,0
3529,0,0,0,2,2,48,0,0,0,0,1,0
3530,0,0,0,0,1,0,34,10,1,0,0,0
3531,2,71,11,0,0,0,0,0,0,0,0,0
3532,0,0,0,5,18,21,0,0,0,0,0,0
3533,0,0,0,1,0,18,0,0,0,0,0,0
3534,0,10,0,0,0,0,0,0,0,0,0,0
3535,0,0,0,0,0,0,0,0,0,0,174,0
3536,0,129,2,0,0,0,0,0,0,0,0,0
3537,0,0,0,0,0,15,0,0,0,0,0,0
3538,1,57,2,0,0,0,0,0,0,0,0,0
3539,0,12,0,0,0,0,105,18,0,0,0,0
3540,0,0,0,0,0,0,0,0,0,3,117,0
3541,0,0,0,3,1,54,0,0,0,0,0,0
3542,0,104,0,0,0,0,0,0,0,0,0,0
3543,0,0,0,0,0,0,0,0,0,13,249,0
3544,0,0,0,0,1,39,0,0,0,0,0,0
3545,1,3,1,0,0,0,0,0,0,0,0,0
3546,101,87,6,3,0,0,0,0,0,0,0,0
3547,0,0,0,34,6,242,0,0,0,0,1,0
3548,0,0,0,0,0,0,43,0,1,0,0,0
3549,0,0,0,0,0,0,109,9,6,0,0,0
3550,0,32,2,0,0,0,0,0,0,0,0,0
3551,0,0,0,0,0,0,0,0,0,32,198,1
3552,0,0,0,0,0,1,0,0,0,7,67,0
3553,0,10,45,0,0,0,0,0,0,0,0,0
3554,0,0,0,0,0,0,0,0,0,31,5,5
3555,0,0,0,0,0,1,0,0,0,0,0,0
3556,0,0,0,5,1,84,0,0,0,0,0,0
3557,1,12,5,0,0,0,0,0,0,0,0,0
3558,2,25,2,0,0,0,0,0,0,0,0,0
3559,19,293,10,0,0,0,0,0,0,0,0,0
3560,0,0,0,0,0,0,56,27,0,0,0,0
3561,0,0,0,0,0,27,0,0,0,0,0,0
3562,0,0,0,0,0,0,135,45,5,0,0,0
3563,0,1,0,0,0,0,215,28,0,0,0,0
3564,0,0,0,0,0,0,0,0,0,0,0,0
3565,0,0,0,2,0,12,0,0,0,0,0,0
3566,0,0,0,0,0,0,50,9,0,0,0,0
3567,0,1,0,0,0,0,71,33,0,0,0,0
3568,0,0,0,0,0,1,0,0,0,0,0,0
3569,11,338,2,0,0,0,1,0,0,0,0,0
3570,0,0,0,0,0,0,8,3,0,0,0,0
3571,0,0,0,0,11,41,0,0,0,0,0,0
3572,0,0,0,0,0,7,0,0,0,0,0,0
3573,0,0,0,0,0,0,14,0,1,0,0,0
3574,0,0,0,0,1,25,0,0,0,0,0,0
3575,0,0,0,0,0,0,47,11,0,0,0,0
3576,0,0,0,1,5,10,0,0,0,0,0,0
3577,0,0,0,8,0,15,0,0,0,0,0,0
3578,0,0,0,2,0,15,0,0,0,0,0,0
3579,0,0,0,0,0,4,0,0,0,0,0,0
3580,0,38,0,0,0,0,0,0,0,0,0,0
3581,4,56,4,0,0,0,0,0,0,0,0,0
3582,0,0,0,0,0,0,110,8,2,0,0,0
3583,0,0,0,0,0,0,0,0,0,7,310,1
3584,0,0,0,0,0,0,2,0,0,0,0,0
3585,0,0,0,0,0,0,1,0,0,0,0,0
3586,5,28,2,0,0,0,0,0,0,0,0,0
3587,0,0,0,0,0,5,0,0,0,1,919,0
3588,0,3,0,0,0,0,0,0,0,0,0,0
3589,0,0,0,0,0,0,0,0,0,11,489,0
3590,0,55,2,0,0,0,0,0,0,0,0,0
3591,0,54,19,0,0,0,0,0,0,0,0,0
3592,0,0,0,1,26,316,0,0,0,0,5,0
3593,0,0,0,0,0,0,0,0,0,10,226,0
3594,0,0,0,0,1,1,0,0,0,0,0,0
3595,0,0,0,11,2,14,0,0,0,0,0,0
3596,0,0,0,0,0,0,33,1,1,0,0,0
3597,0,0,0,0,0,0,0,0,0,1,11,0
3598,0,0,0,2,0,16,0,0,0,0,0,0
3599,0,15,0,0,0,0,0,0,0,0,0,0
3600,2,40,2,0,0,0,0,0,0,0,0,0
3601,3,73,2,0,0,0,0,0,0,0,0,0
3602,0,0,0,0,0,38,0,0,0,2,4081,5
3603,0,31,0,0,0,0,0,0,0,0,0,0
3604,0,0,0,0,0,0,0,0,0,9,303,2
3605,0,0,0,5,0,2,0,0,0,0,0,0
3606,0,0,0,0,1,0,2,167,3,0,0,0
3607,0,0,0,0,0,30,0,0,0,0,0,0
3608,0,0,0,0,0,0,0,0,0,11,90,3
3609,0,0,0,9,2,2,0,0,0,0,0,0
3610,0,0,0,1,6,31,0,0,0,0,0,0
3611,0,0,0,0,0,0,0,0,0,3,14,0
3612,0,2,0,0,0,0,0,0,0,0,0,0
3613,0,0,0,3,1,35,0,0,0,0,0,0
3614,0,0,0,0,0,0,49,1,0,0,0,0
3615,0,0,0,0,0,10,0,0,0,0,0,0
3616,0,0,0,12,7,11,0,0,0,0,0,0
3617,0,0,0,0,0,0,85,3,0,0,0,0
3618,0,0,0,0,0,16,0,0,0,0,0,0
3619,0,0,1,0,0,1,0,0,0,359,1111,2
3620,0,0,0,0,0,0,312,72,0,0,0,0
3621,0,0,0,0,0,0,14,4,0,0,0,0
3622,0,0,0,0,0,0,0,0,0,5,168,0
3623,0,0,0,0,0,0,0,0,0,3,48,0
3624,0,0,0,0,0,0,0,0,0,6,22,0
3625,54,569,4,0,0,0,0,0,0,0,0,0
3626,4,57,9,0,0,0,0,0,0,0,0,0
3627,2,27,30,0,0,0,0,0,0,1,0,0
3628,0,0,0,0,17,17,0,0,0,0,0,0
3629,0,0,0,0,0,0,54,29,0,0,0,0
3630,0,0,0,0,1,22,0,0,0,0,0,0
3631,0,0,0,0,0,24,0,0,0,0,0,0
3632,1,21,0,0,0,0,0,0,0,0,0,0
3633,1,33,16,0,0,0,0,0,0,0,0,0
3634,0,0,0,0,0,1,0,0,0,42,690,0
3635,0,30,1,0,0,0,0,0,0,0,0,0
3636,1,41,29,0,0,0,1,0,0,0,0,0
3637,1,20,8,0,0,0,0,0,0,0,0,0
3638,0,0,0,0,3,0,149,2918,8,0,0,0
3639,0,0,0,0,0,0,0,0,0,0,0,0
3640,0,0,0,0,2,14,0,0,0,0,0,0
3641,0,0,0,0,0,0,13,2,3,0,0,0
3642,2,8,6,0,0,0,0,0,0,0,0,0
3643,4,26,17,0,0,0,0,0,0,0,0,0
3644,0,0,0,0,0,0,30,57,0,0,0,0
3645,1,18,5,0,0,0,0,0,0,0,0,0
3646,0,0,0,0,0,2,0,0,0,2,412,0
3647,5,59,4,0,0,0,0,0,0,0,0,0
3648,0,0,0,1,6,170,0,0,0,0,0,0
3649,0,0,0,1,9,64,0,0,0,0,0,0
3650,0,0,0,0,0,0,0,0,0,3,2,13
3651,3,35,0,0,0,0,6,0,0,0,0,0
3652,0,30,2,0,0,0,0,0,0,0,0,0
3653,0,0,0,0,0,3,0,0,0,15,929,4
3654,0,0,0,8,3,4,0,0,0,0,0,0
3655,0,0,0,0,2,50,0,0,0,0,0,0
3656,0,0,0,0,0,0,0,0,0,11,175,0
3657,0,0,0,0,0,0,0,0,0,0,0,0
3658,0,0,0,18,0,33,0,0,0,0,0,0
3659,0,9,0,0,0,0,0,0,0,0,0,0
3660,1,66,1,0,0,0,1,0,0,0,0,0
3661,0,0,0,0,0,0,15,51,0,0,0,0
3662,3,7,2,0,0,0,0,0,0,0,0,0
3663,0,0,0,0,0,0,24,47,0,0,0,0
3664,0,0,0,0,25,36,0,1,0,0,0,0
3665,0,0,0,0,0,0,24,5,0,0,0,0
3666,0,0,0,0,0,0,0,0,0,0,68,0
3667,0,0,0,0,1,20,0,0,0,0,0,0
3668,0,0,0,0,0,0,0,0,0,0,0,0
3669,0,1,0,0,0,0,0,0,0,0,0,0
3670,0,0,0,0,0,40,0,0,0,0,0,0
3671,0,0,0,0,0,0,67,1,0,0,0,0
3672,5,15,14,0,0,0,0,0,0,0,0,0
3673,0,6,2,0,0,0,0,0,0,0,0,0
3674,0,5,13,0,0,0,0,0,0,0,0,0
3675,3,44,58,0,0,0,0,0,0,0,1,0
3676,0,0,0,0,3,28,0,0,0,0,0,0
3677,0,0,0,0,0,10,0,0,0,0,0,0
3678,0,0,0,0,0,1,0,0,0,0,0,0
3679,0,0,0,0,0,1,0,0,0,0,0,0
3680,1,1,0,0,0,0,0,0,0,0,0,0
3681,0,18,2,0,0,0,0,0,0,0,0,0
3682,0,0,0,0,0,120,0,0,0,0,0,0
3683,0,0,0,0,0,0,0,0,0,7,3,6
3684,16,137,4,0,0,0,2,0,0,0,0,0
3685,0,0,0,0,2,0,115,273,0,0,0,0
3686,0,0,0,0,0,0,0,0,0,68,293,0
3687,0,24,0,0,0,0,0,0,0,0,0,0
3688,0,0,0,0,0,7,0,0,0,19,1262,3
3689,0,1,0,0,0,0,60,2,3,0,0,0
3690,2,124,7,0,0,0,1,0,0,0,0,0
3691,7,29,96,0,0,0,0,0,0,2,0,0
3692,0,0,0,0,0,0,60,845,2,0,0,0
3693,0,0,0,0,0,7,0,0,0,0,0,0
3694,0,0,0,14,2,26,0,0,0,0,0,0
3695,0,0,0,0,0,3,0,0,0,29,1584,1
3696,0,0,0,1,0,0,0,0,0,0,0,0
3697,0,23,0,0,0,0,0,0,0,0,0,0
3698,0,0,0,0,0,0,0,0,0,9,110,0
3699,0,0,0,1,0,1,0,0,0,0,0,0
3700,0,0,0,27,33,14,0,0,0,0,0,0
3701,0,0,0,0,0,0,326,18,1,0,0,0
3702,0,0,0,0,0,0,0,0,0,0,75,0
3703,0,11,0,0,0,0,0,0,0,0,0,0
3704,0,0,0,0,0,0,0,0,0,5,79,0
3705,0,0,0,0,0,0,0,0,0,0,1,0
3706,56,59,1,0,0,0,0,0,0,0,0,0
3707,0,0,0,3,6,19,0,0,0,0,0,0
3708,0,0,0,0,1,5,0,0,0,0,0,0
3709,0,37,1,0,0,0,0,0,0,0,0,0
3710,0,0,0,3,8,35,0,0,0,0,0,0
3711,0,0,0,0,0,0,0,0,0,0,0,0
3712,1,49,1,0,0,0,0,0,0,0,0,0
3713,0,0,0,4,12,21,0,0,0,0,0,0
3714,0,0,0,0,0,0,0,0,0,0,64,0
3715,4,47,45,0,0,0,0,0,0,0,0,0
3716,0,1,0,0,0,0,49,70,1,0,0,0
3717,0,0,0,0,0,0,0,0,0,6,433,1
3718,0,0,0,11,1,47,0,0,0,0,0,0
3719,0,0,0,0,0,0,67,8,2,0,0,0
3720,0,0,0,0,0,0,34,4,0,0,0,0
3721,0,0,0,0,1,10,0,0,0,0,0,0
3722,3,178,0,0,0,0,0,0,0,0,0,0
3723,0,0,0,0,1,8,0,0,0,0,0,0
3724,0,0,0,16,3,11,0,0,0,0,0,0
3725,0,0,0,0,19,0,0,0,0,0,0,0
3726,0,0,0,5,7,4,0,0,0,0,0,0
3727,0,0,0,5,0,7,0,0,0,0,0,0
3728,0,0,0,0,0,0,197,426,0,0,0,0
3729,0,0,0,0,0,0,65,13,0,0,0,0
3730,0,0,0,0,0,10,0,0,0,0,0,0
3731,0,0,0,0,0,0,39,5,0,0,0,0
3732,0,0,0,0,0,0,0,0,0,57,130,0
3733,0,0,0,43,7,162,0,0,0,0,2,0
3734,0,0,0,0,0,0,52,19,1,0,0,0
3735,1,55,1,0,0,0,0,0,0,0,0,0
3736,0,0,0,0,0,2,0,0,0,17,561,0
3737,0,0,0,0,0,2,0,0,0,5,1012,1
3738,0,0,0,0,0,8,0,0,0,12,2030,2
3739,0,0,0,0,0,28,0,0,0,0,1,0
3740,4,16,0,0,0,0,0,0,0,0,0,0
3741,0,0,0,2,11,129,0,0,0,0,0,0
3742,1,13,0,0,0,0,0,0,0,0,0,0
3743,0,0,0,0,0,2,0,0,0,3,1406,2
3744,3,34,1,0,0,0,0,0,0,0,0,0
3745,0,0,0,5,10,337,0,0,0,0,1,0
3746,0,0,0,0,6,2,0,0,0,0,0,0
3747,0,0,0,0,0,0,0,0,0,0,14,0
3748,0,0,0,22,5,17,0,0,0,0,0,0
3749,0,0,0,1,2,18,0,0,0,0,0,0
3750,0,0,0,0,0,2,0,0,0,0,0,0
3751,0,72,1,0,0,0,0,0,0,0,0,0
3752,0,46,6,0,0,0,0,0,0,0,0,0
3753,0,7,0,0,0,0,474,38,0,0,0,0
3754,0,21,13,0,0,0,0,0,0,0,0,0
3755,0,0,0,0,0,0,29,135,0,0,0,0
3756,0,0,0,0,2,7,0,0,0,0,0,0
3757,0,0,0,1,1,6,0,0,0,0,0,0
3758,0,0,0,0,1,0,0,0,0,0,0,0
3759,0,0,0,0,0,0,1,3,0,0,0,0
3760,0,0,0,0,0,10,0,0,0,0,0,0
3761,0,0,0,0,0,0,11,4,0,0,0,0
3762,0,0,0,1,0,8,0,0,0,0,0,0
3763,4,20,0,0,0,0,0,0,0,0,0,0
3764,0,0,0,0,0,0,26,26,1,0,0,0
3765,0,71,59,0,0,0,0,0,0,3,0,0
3766,0,0,0,0,0,803,0,0,0,0,22,0
3767,1,61,0,0,0,0,1,0,0,0,0,0
3768,0,0,0,0,0,0,0,0,0,104,1216,2
3769,0,0,0,34,6,20,0,0,0,0,0,0
3770,0,0,0,0,0,0,44,5,5,0,0,0
3771,0,0,0,0,0,9,0,0,0,0,2,0
3772,0,0,0,1,9,61,0,0,0,0,0,0
3773,0,0,0,0,0,7,0,0,0,1,1134,2
3774,0,0,0,0,0,0,198,4,0,0,0,0
3775,0,0,0,0,0,1,0,0,0,9,180,0
3776,0,307,1,0,0,0,11,0,0,0,0,0
3777,0,0,0,0,0,2,0,0,0,49,295,0
3778,0,0,0,0,0,0,0,0,0,0,0,0
3779,0,14,39,0,0,0,0,0,0,0,0,0
3780,1,19,16,0,0,0,0,0,0,0,0,0
3781,0,0,0,1,0,16,0,0,0,0,0,0
3782,0,0,0,0,0,0,203,1,10,0,0,0
3783,33,0,0,33,0,26,0,0,0,0,3,0
3784,0,0,1,0,0,9,0,0,0,23,1050,1
3785,0,0,0,0,0,67,0,0,0,0,3,0
3786,0,16,0,0,0,0,0,0,0,0,0,0
3787,0,0,0,0,0,62,0,0,0,0,1924,0
3788,0,0,0,2,2,127,0,0,0,0,11,0
3789,0,0,0,0,0,1,0,0,0,0,0,0
3790,470,13,1,33,0,0,0,0,0,0,0,0
3791,0,0,0,0,0,0,35,10,1,0,0,0
3792,0,0,0,0,0,0,0,0,0,3,144,0
3793,0,0,0,2,3,67,0,0,0,0,0,0
3794,0,0,0,0,0,0,112,53,1,0,0,0
3795,0,0,0,0,0,48,0,0,0,0,0,0
3796,0,0,0,0,0,0,0,0,0,11,125,0
3797,0,0,0,0,0,13,0,0,0,0,0,0
3798,0,0,0,1,3,15,0,0,0,0,0,0
3799,0,0,0,0,0,7,0,0,0,0,0,0
3800,0,0,0,0,0,0,31,17,2,0,0,0
3801,0,53,7,0,0,0,0,0,0,0,0,0
3802,0,0,0,28,0,57,0,0,0,0,0,0
3803,0,8,0,0,0,0,0,0,0,0,0,0
3804,2,4,2,0,0,0,0,0,0,0,0,0
3805,0,15,3,0,0,0,0,0,0,0,0,0
3806,14,7,1,0,0,0,0,0,0,0,0,0
3807,1,266,6,0,0,0,0,0,0,0,0,0
3808,0,0,0,2,20,111,0,0,0,0,1,0
3809,0,0,0,0,0,0,0,0,0,6,256,1
3810,0,0,0,1,15,8,0,0,0,0,0,0
3811,0,0,0,0,0,1,0,0,0,16,1006,0
3812,0,0,0,0,0,48,0,0,0,0,0,0
3813,4,71,0,0,0,0,0,0,0,0,0,0
3814,0,0,0,0,0,37,0,0,0,0,0,0
3815,0,0,0,0,0,0,63,8,1,0,0,0
3816,0,24,3,0,0,0,0,0,0,0,0,0
3817,0,0,1,0,0,11,0,0,0,89,5063,0
3818,0,10,22,0,0,0,0,0,0,0,0,0
3819,0,12,3,0,0,0,0,0,0,0,0,0
3820,0,6,1,0,0,0,0,0,0,0,0,0
3821,0,0,0,0,0,0,0,0,0,60,58,0
3822,0,0,0,0,1,0,0,0,0,0,0,0
3823,1,0,0,50,0,9,0,0,0,0,0,0
3824,0,0,0,0,0,0,30,2,0,0,0,0
3825,0,0,0,0,2,4,0,0,0,0,0,0
3826,0,0,0,0,2,21,0,0,0,0,0,0
3827,0,0,0,2,7,44,0,0,0,0,2,0
3828,0,0,0,0,0,292,0,0,0,0,15760,0
3829,3,32,45,0,0,0,0,0,0,7,0,0
3830,0,52,6,0,0,0,0,0,0,0,0,0
3831,0,0,0,0,0,0,65,19,1,0,0,0
3832,0,0,0,0,0,1,0,0,0,16,149,0
3833,0,0,0,0,12,12,0,0,0,0,0,0
3834,0,0,0,0,1,12,0,0,0,0,0,0
3835,0,0,0,0,3,7,0,0,0,0,0,0
3836,0,0,0,15,18,1,0,0,0,0,0,0
3837,0,0,0,0,24,28,0,0,0,0,0,0
3838,0,0,0,0,0,0,85,91,1,0,0,0
3839,0,1,0,0,0,0,65,1,0,0,0,0
3840,11,48,31,0,0,0,0,0,0,0,0,0
3841,24,16,7,0,0,0,0,0,0,0,0,0
3842,4,30,6,0,0,0,0,0,0,0,0,0
3843,0,0,0,1,1,42,0,0,0,0,0,0
3844,0,0,0,0,0,0,9,63,2,0,0,0
3845,0,22,5,0,0,0,0,0,0,0,0,0
3846,1,18,14,0,0,0,0,0,0,0,0,0
3847,0,0,0,0,0,0,37,5,0,0,0,0
3848,0,6,2,0,0,0,0,0,0,0,0,0
3849,0,0,0,0,0,0,9,81,2,0,0,0
3850,0,0,0,0,0,28,0,0,0,0,1,0
3851,0,0,0,0,0,0,21,0,1,0,0,0
3852,1496,47,10,145,0,0,0,0,0,0,0,0
3853,24,34,27,1,0,0,0,0,0,0,0,0
3854,0,27,4,0,0,0,0,0,0,0,0,0
3855,37,95,2,0,0,0,12,0,0,0,0,0
3856,0,0,0,0,0,0,35,23,0,0,0,0
3857,0,0,0,0,0,0,0,0,0,3,1,0
3858,51,41,1,0,0,0,0,0,0,0,0,0
3859,1,27,10,0,0,0,0,0,0,0,0,0
3860,0,0,0,0,0,0,39,47,0,0,0,0
3861,0,0,0,0,1,39,0,0,0,0,0,0
3862,0,0,0,12,7,38,0,0,0,0,0,0
3863,0,0,0,0,0,0,20,0,2,0,0,0
3864,3,44,6,0,0,0,0,0,0,0,0,0
3865,0,26,0,0,0,0,0,0,0,0,0,0
3866,0,0,0,0,0,0,0,0,0,8,0,2
3867,27,9,1,0,0,0,0,0,0,0,0,0
3868,38,15,7,1,0,0,0,0,0,0,0,0
3869,0,101,6,0,0,0,3,0,0,0,0,0
3870,1,44,7,0,0,0,0,0,0,0,0,0
3871,0,0,0,0,7,4,46,3046,9,0,0,0
3872,1,91,20,0,0,0,0,0,0,0,0,0
3873,0,0,0,5,18,199,0,0,0,0,0,0
3874,0,0,0,0,0,7,0,0,0,46,1498,0
3875,0,0,0,0,0,0,189,8,0,0,0,0
3876,0,0,0,0,0,0,0,0,0,8,264,2
3877,0,0,0,20,11,77,0,0,0,0,1,0
3878,0,0,0,0,0,0,27,1,1,0,0,0
3879,4,58,167,0,0,0,0,0,0,4,0,0
3880,0,2,0,0,0,0,240,202,11,0,0,0
3881,22,29,10,2,0,0,0,0,0,0,0,0
3882,0,0,0,1,6,171,0,0,0,0,0,0
3883,0,0,0,1,1,33,0,0,0,0,0,0
3884,0,0,0,0,0,5,0,0,0,31,1321,0
3885,0,0,0,0,0,1,0,0,0,155,799,3
3886,0,0,0,13,2,13,0,0,0,0,0,0
3887,0,4,0,0,0,0,0,0,0,0,0,0
3888,4,35,2,0,0,0,0,0,0,0,0,0
3889,3,133,4,0,0,0,0,0,0,0,0,0
3890,0,0,0,0,0,0,25,0,5,0,0,0
3891,0,18,0,0,0,0,0,0,0,0,0,0
3892,0,0,0,0,1,0,161,289,0,0,0,0
3893,0,1,0,0,0,0,102,0,0,0,0,0
3894,0,18,4,0,0,0,0,0,0,0,0,0
3895,2,152,6,0,0,0,0,0,0,0,0,0
3896,0,0,0,0,4,0,53,329,1,0,0,0
3897,0,0,0,2,1,44,0,0,0,0,1,0
3898,0,0,0,0,0,190,0,0,0,0,0,0
3899,0,26,1,0,0,0,0,0,0,0,0,0
3900,0,33,3,0,0,0,0,0,0,0,0,0
3901,0,0,0,0,0,0,60,79,0,0,0,0
3902,0,0,0,0,0,0,0,0,0,13,221,0
3903,0,0,0,0,0,0,0,0,0,4,779,1
3904,48,159,7,0,0,0,0,0,0,0,0,0
3905,0,0,0,2,1,40,0,0,0,0,0,0
3906,0,0,0,1,0,95,0,0,0,0,4,0
3907,0,0,0,0,0,11,0,0,0,0,0,0
3908,1,36,0,0,0,0,0,0,0,0,0,0
3909,0,0,0,2,1,83,0,0,0,0,1,0
3910,2,9,0,0,0,0,0,0,0,0,0,0
3911,0,24,7,0,0,0,0,0,0,0,0,0
3912,0,0,3,0,0,0,0,0,0,109,82,0
3913,0,0,0,11,2,31,0,0,0,0,0,0
3914,0,0,0,0,0,0,18,0,0,0,0,0
3915,3,7,32,0,0,0,0,0,0,0,0,0
3916,1,62,24,0,0,0,1,0,0,0,0,0
3917,1,290,5,0,0,0,2,0,0,0,0,0
3918,0,0,0,0,0,0,21,8,1,0,0,0
3919,0,0,0,0,0,19,0,0,0,0,0,0
3920,0,38,0,0,0,0,0,0,0,0,0,0
3921,4,20,23,0,0,0,0,0,0,0,0,0
3922,0,41,0,0,0,0,0,0,0,0,0,0
3923,0,0,0,0,0,0,0,0,0,26,456,0
3924,0,0,1,0,0,0,0,0,0,146,795,13
3925,0,0,0,4,8,20,0,0,0,0,0,0
3926,0,0,0,1,10,28,0,0,0,0,0,0
3927,0,0,0,0,0,0,0,0,0,0,225,1
3928,19,11,4,0,0,0,0,0,0,0,0,0
3929,0,0,0,0,0,0,19,59,0,0,0,0
3930,0,0,0,1,4,27,0,0,0,0,0,0
3931,0,0,0,5,1,1166,0,0,0,0,7,0
3932,0,0,0,0,0,0,44,1,1,0,0,0
3933,3,17,3005,0,0,0,0,0,0,13,0,0
3934,1,45,2,0,0,0,0,0,0,0,0,0
3935,0,0,0,0,0,0,0,0,0,42,0,6
3936,24,30,0,0,0,0,0,0,0,0,0,0
3937,0,0,0,0,0,0,18,25,10,0,0,0
3938,0,70,21,0,0,0,0,0,0,0,0,0
3939,0,0,0,0,0,0,36,29,0,0,0,0
3940,1,107,15,0,0,0,0,0,0,0,0,0
3941,0,12,3,0,0,0,0,0,0,0,0,0
3942,15,171,12,0,0,0,0,0,0,0,0,0
3943,0,3,43,0,0,0,0,0,0,0,0,0
3944,0,0,0,0,0,0,0,0,0,14,0,1
3945,2,34,4,0,0,0,4,0,0,0,0,0
3946,0,24,3,0,0,0,0,0,0,0,0,0
3947,0,0,0,0,0,0,42,174,0,0,0,0
3948,2,340,14,0,0,0,2,0,0,0,0,0
3949,0,0,0,4,15,46,0,0,0,0,0,0
3950,0,1,0,0,0,0,120,22,1,0,0,0
3951,7,38,10,0,0,0,0,0,0,0,0,0
3952,0,0,0,0,0,147,0,0,0,0,0,0
3953,0,4,0,0,0,0,0,0,0,0,0,0
3954,2,29,3,0,0,0,0,0,0,0,0,0
3955,0,0,0,0,1,0,58,466,8,0,0,0
3956,0,6,4,0,0,0,0,0,0,0,0,0
3957,0,12,43,0,0,0,1,0,0,0,0,0
3958,2,8,24,0,0,0,0,0,0,0,0,0
3959,1,206,6,0,0,0,0,0,0,0,0,0
3960,0,0,0,0,8,118,0,0,0,0,0,0
3961,0,0,0,0,0,7,0,0,0,20,1853,1
3962,0,36,4,0,0,0,0,0,0,0,0,0
3963,0,59,11,0,0,0,0,0,0,0,0,0
3964,5,104,23,0,0,0,0,0,0,0,0,0
3965,0,0,0,0,0,0,10,10,21,0,0,0
3966,0,0,0,0,0,3,0,0,0,26,508,3
3967,0,0,0,3,9,85,0,0,0,0,0,0
3968,0,0,0,10,6,9,0,0,0,0,0,0
3969,0,0,0,0,0,0,31,4,0,0,0,0
3970,0,0,0,0,0,18,0,0,0,0,0,0
3971,0,0,0,0,0,0,18,85,1,0,0,0
3972,0,0,0,0,0,22,0,0,0,0,0,0
3973,0,0,0,2,3,14,0,0,0,0,0,0
3974,0,0,0,0,0,0,23,2,4,0,0,0
3975,1,9,0,0,0,0,0,0,0,0,0,0
3976,2,13,12,0,0,0,0,0,0,0,0,0
3977,0,0,0,0,0,0,17,3,1,0,0,0
3978,1,0,0,0,0,0,0,0,0,0,0,0
3979,3,36,28,0,0,0,0,0,0,0,0,0
3980,0,0,0,0,0,0,9,38,0,0,0,0
3981,0,0,0,0,1,7,0,0,0,0,0,0
3982,0,0,0,3,0,49,0,0,0,0,0,0
3983,2,25,2,0,0,0,0,0,0,0,0,0
3984,0,0,0,0,0,0,0,0,0,2,200,0
3985,42,7,0,3,0,0,0,0,0,0,0,0
3986,1,8,13,0,0,0,0,0,0,0,0,0
3987,0,0,0,0,0,2,0,0,0,12,436,0
3988,35,20,1,0,0,0,0,0,0,0,0,0
3989,0,25,7,0,0,0,0,0,0,0,0,0
3990,0,0,1,0,0,5,0,0,0,84,531,0
3991,0,0,0,4,8,42,0,0,0,0,0,0
3992,0,0,0,0,0,0,0,0,0,9,265,4
3993,0,0,0,15,7,23,0,0,0,0,0,0
3994,0,0,0,0,21,1,212,841,1,0,0,0
3995,0,1,0,0,0,0,57,1,1,0,0,0
3996,0,32,42,0,0,0,0,0,0,0,0,0
3997,6,30,4,0,0,0,0,0,0,0,0,0
3998,0,1,0,0,0,0,154,0,9,0,0,0
3999,1,14,23,0,0,0,0,0,0,0,0,0
4000,0,131,11,0,0,0,0,0,0,0,0,0
4001,0,9,1,0,0,0,0,0,0,0,0,0
4002,0,0,0,0,0,49,0,0,0,5,5158,2
4003,0,0,0,0,0,43,0,0,0,0,0,0
4004,0,0,0,0,0,0,0,0,0,0,0,0
4005,0,21,4,0,0,0,0,0,0,0,0,0
4006,0,0,0,0,4,0,63,957,11,0,0,0
4007,0,0,0,1,3,8,0,0,0,0,0,0
4008,0,0,0,0,5,57,0,0,0,0,0,0
4009,0,0,0,0,16,0,0,0,0,3,532,0
4010,0,0,0,0,0,1,0,0,0,15,284,1
4011,0,0,0,34,56,14,0,0,0,0,0,0
4012,0,0,0,0,0,3,0,0,0,6,900,0
4013,0,38,0,0,0,0,0,0,0,0,0,0
4014,0,0,0,0,0,0,0,0,0,0,134,0
4015,8,129,3,0,0,0,0,0,0,0,0,0
4016,0,0,0,0,0,0,38,0,5,0,0,0
4017,1,23,1,0,0,0,1,0,0,0,0,0
4018,1,61,3,0,0,0,0,0,0,0,0,0
4019,0,0,27,0,0,0,0,0,0,2,0,0
4020,0,1,2,0,0,0,0,0,0,0,0,0
4021,0,0,0,0,0,3,0,0,0,8,1127,1
4022,0,0,0,0,3,5,0,0,0,0,0,0
4023,0,0,0,0,0,3,0,0,0,0,0,0
4024,0,0,0,0,0,0,50,5,0,0,0,0
4025,0,0,0,0,0,26,0,0,0,0,0,0
4026,0,0,0,0,0,0,0,0,0,0,0,0
4027,0,18,1,0,0,0,0,0,0,0,0,0
4028,0,0,0,0,0,0,0,0,0,13,10,1
4029,0,0,0,0,0,2,0,0,0,0,0,0
4030,0,0,0,0,19,5,0,1,0,0,0,0
4031,0,0,0,0,0,0,0,0,0,0,0,0
4032,0,0,0,0,0,0,0,0,0,0,0,0
4033,0,0,0,0,0,70,0,0,0,0,1,0
4034,0,97,0,0,0,0,0,0,0,0,0,0
4035,0,0,0,0,19,8,0,0,0,0,0,0
4036,0,0,0,10,1,11,0,0,0,0,0,0
4037,0,0,0,0,0,0,1,0,0,0,0,0
4038,0,0,0,0,0,0,0,0,0,0,0,0
4039,0,0,0,0,0,2,0,0,0,0,314,0
4040,1,177,115,0,0,0,3,0,0,0,0,0
4041,0,0,0,2,5,18,0,0,0,0,0,0
4042,0,0,0,2,0,6,0,0,0,0,0,0
4043,0,2,1,0,0,0,0,0,0,0,0,0
4044,3,37,20,0,0,0,0,0,0,1,0,0
4045,0,0,0,2,0,55,0,0,0,0,0,0
4046,0,0,0,0,0,0,0,3,0,0,0,0
4047,0,0,0,0,0,0,1,2,2,0,0,0
4048,0,0,0,0,0,0,0,0,0,0,189,0
4049,6,16,4,0,0,0,0,0,0,0,0,0
4050,0,0,0,0,0,0,0,0,0,0,0,0
4051,0,0,0,2,6,162,0,0,0,0,2,0
4052,0,0,0,0,0,0,0,0,0,10,5,7
4053,0,0,0,0,0,6,0,0,0,0,0,0
4054,0,0,0,2,14,40,0,0,0,0,0,0
4055,0,0,0,0,0,1,0,0,0,1,123,0
4056,0,2,0,0,0,0,0,0,0,0,0,0
4057,0,0,0,3,8,152,0,0,0,0,1,0
4058,0,0,0,0,0,0,0,0,0,3,248,2
4059,0,0,0,0,0,0,0,0,0,1,130,0
4060,104,41,1,2,0,0,0,0,0,0,0,0
4061,0,0,0,0,0,0,0,1,0,0,0,0
4062,0,1,0,0,0,0,0,0,0,0,0,0
4063,0,0,0,0,0,45,0,0,0,0,1,0
4064,0,0,0,0,0,0,0,0,0,0,0,0
4065,0,0,0,0,0,0,0,0,0,2,8,0
4066,1,0,0,34,1,21,0,0,0,0,0,0
4067,0,0,0,0,0,0,40,11,1,0,0,0
4068,0,0,0,0,0,0,0,0,0,0,91,0
4069,0,0,0,0,0,0,0,0,0,5,328,0
4070,2,27,0,0,0,0,0,0,0,0,0,0
4071,0,0,0,0,0,0,0,0,0,28,124,0
4072,0,0,0,5,4,27,0,0,0,0,0,0
4073,0,0,0,0,0,0,0,0,0,78,145,0
4074,0,0,0,0,0,1,0,0,0,0,0,0
4075,0,0,0,2,1,17,0,0,0,0,0,0
4076,0,0,0,0,0,0,53,12,1,0,0,0
4077,0,0,0,0,0,40,0,0,0,0,0,0
4078,0,0,0,7,1,10,0,0,0,0,0,0
4079,17,94,1,0,0,0,2,0,0,0,0,0
4080,0,0,0,0,0,0,40,67,6,0,0,0
4081,0,0,0,9,2,18,0,0,0,0,0,0
4082,0,0,0,0,0,0,13,47,3,0,0,0
4083,1,60,7,0,0,0,0,0,0,0,0,0
4084,0,0,0,0,0,4,0,0,0,8,2055,0
4085,9,20,1,0,0,0,0,0,0,0,0,0
4086,0,0,0,0,19,32,0,0,0,0,0,0
4087,0,0,0,58,8,77,0,0,0,0,0,0
4088,0,0,0,0,0,0,26,1,0,0,0,0
4089,0,6,3,0,0,0,0,0,0,0,0,0
4090,0,0,0,0,0,0,0,0,0,4,119,1
4091,18,16,0,0,0,0,0,0,0,0,0,0
4092,0,0,0,0,15,380,0,0,0,0,3,0
4093,0,0,0,0,0,2,0,0,0,3,269,1
4094,2,208,2,0,0,0,0,0,0,0,0,0
4095,0,0,0,0,0,0,0,0,0,6,44,0
4096,0,0,0,2,24,55,0,0,0,0,0,0
4097,0,6,0,12,9,6,0,0,0,0,0,0
4098,0,0,0,2,1,9,0,0,0,0,0,0
4099,0,0,0,0,0,1,0,0,0,3,481,1
4100,0,0,0,0,2,87,0,0,0,0,0,0
4101,0,0,0,0,0,4,0,0,0,0,0,0
4102,6,23,1,0,0,0,0,0,0,0,0,0
4103,0,10,2,0,0,0,0,0,0,0,0,0
4104,2,22,15,0,0,0,0,0,0,0,0,0
4105,0,0,0,0,0,0,41,517,5,0,0,0
4106,0,20,634,0,0,0,0,0,0,2,0,0
4107,1,16,6,0,0,0,0,0,0,0,0,0
4108,3,16,18,0,0,0,0,0,0,0,0,0
4109,0,0,0,0,0,0,26,152,0,0,0,0
4110,1,43,2,0,0,0,0,0,0,0,0,0
4111,0,0,0,21,8,77,0,0,0,0,0,0
4112,0,0,0,0,0,0,22,17,1,0,0,0
4113,0,0,0,0,0,14,0,0,0,2,2379,0
4114,0,0,0,0,9,40,0,0,0,0,0,0
4115,0,0,0,0,0,0,0,0,0,0,198,0
4116,0,0,0,0,0,0,0,0,0,1,47,0
4117,4,48,4,0,0,0,0,0,0,0,0,0
4118,0,0,0,0,0,27,0,0,0,0,0,0
4119,3,1,0,0,0,0,0,0,0,0,0,0
4120,0,0,0,0,0,231,0,0,0,0,1,0
4121,0,24,0,0,0,0,0,0,0,0,0,0
4122,0,0,0,1,2,24,0,0,0,0,0,0
4123,0,12,1,0,0,0,0,0,0,0,0,0
4124,0,0,0,0,0,0,105,30,1,0,0,0
4125,0,0,0,8,0,227,0,0,0,0,0,0
4126,0,0,0,0,0,0,56,58,1,0,0,0
4127,0,0,0,0,0,0,72,6,0,0,0,0
4128,0,0,0,0,0,0,0,0,0,0,0,0
4129,0,0,0,0,0,18,0,0,0,0,0,0
4130,0,0,0,0,0,0,8,0,0,0,0,0
4131,0,5,6,0,0,0,0,0,0,0,0,0
4132,0,0,0,3,1,17,0,0,0,0,0,0
4133,0,0,0,0,0,0,56,19,0,0,0,0
4134,0,0,0,0,0,2,0,0,0,0,0,0
4135,0,0,0,8,0,27,0,0,0,0,1,0
4136,0,0,0,0,17,0,130,3891,1,0,0,0
4137,0,0,0,0,0,7,0,0,0,0,0,0
4138,0,0,0,1,11,50,0,0,0,0,0,0
4139,0,0,0,0,0,0,0,0,0,2,1,0
4140,4,46,0,0,0,0,0,0,0,0,0,0
4141,2,63,6,0,0,0,0,0,0,0,0,0
4142,0,0,0,0,0,0,38,1,0,0,0,0
4143,0,48,5,0,0,0,0,0,0,0,0,0
4144,0,0,0,0,0,0,66,154,0,0,0,0
4145,0,0,0,0,0,0,50,4,2,0,0,0
4146,0,0,0,0,0,0,16,3,0,0,0,0
4147,0,0,0,0,1,135,0,0,0,0,0,0
4148,0,0,0,0,9,0,92,978,2,0,0,0
4149,1,0,0,41,19,23,0,0,0,0,0,0
4150,0,0,0,1,5,72,0,0,0,0,0,0
4151,0,0,0,0,2,29,0,0,0,0,0,0
4152,0,0,0,0,0,60,0,0,0,0,1,0
4153,0,10,0,0,0,0,0,0,0,0,0,0
4154,1,0,0,0,0,0,0,0,0,0,0,0
4155,0,0,0,0,0,1,0,0,0,4,200,0
4156,0,0,0,25,28,26,0,0,0,0,0,0
4157,0,0,0,0,0,0,2,5,0,0,0,0
4158,0,0,0,0,0,5,0,0,0,0,2153,0
4159,0,0,0,3,6,23,0,0,0,0,0,0
4160,0,0,0,0,0,0,1,133,4,0,0,0
4161,0,0,0,0,0,8,0,0,0,0,0,0
4162,0,0,0,0,2,0,31,592,1,0,0,0
4163,0,0,0,0,0,0,0,1,2,0,0,0
4164,0,0,0,1,0,63,0,0,0,0,0,0
4165,0,0,0,3,0,197,0,0,0,0,1,0
4166,0,138,7,0,0,0,0,0,0,0,0,0
4167,0,0,0,0,0,33,0,0,0,0,0,0
4168,0,0,0,0,0,0,0,0,0,0,0,0
4169,0,0,0,0,0,0,0,0,0,0,18,0
4170,0,0,0,0,0,0,0,0,0,0,5,0
4171,0,0,0,5,0,370,0,0,0,0,0,0
4172,0,7,1,0,0,0,0,0,0,0,0,0
4173,0,0,0,0,0,2,0,0,0,5,311,0
4174,0,0,0,2,0,23,0,0,0,0,0,0
4175,0,1,0,0,0,0,0,0,0,0,0,0
4176,2,4,0,0,0,0,0,0,0,0,0,0
4177,0,38,0,0,0,0,0,0,0,0,0,0
4178,0,4,3,0,0,0,0,0,0,0,0,0
4179,4,37,5,0,0,0,0,0,0,0,0,0
4180,0,0,0,0,1,0,41,405,4,0,0,0
4181,0,0,0,0,96,0,254,62809,1,0,0,0
4182,0,0,0,0,0,1,0,0,0,27,72,0
4183,0,0,0,10,1,188,0,0,0,0,0,0
4184,0,1,0,0,0,0,238,2,0,0,0,0
4185,0,0,0,0,0,0,52,40,21,0,0,0
4186,0,0,0,1,1,61,0,0,0,0,0,0
4187,0,2,0,0,0,0,90,82,0,0,0,0
4188,0,0,0,0,0,0,6,4,1,0,0,0
4189,0,0,0,0,0,0,0,0,0,9,133,2
4190,0,1,0,0,0,0,0,0,0,0,0,0
4191,0,0,0,0,0,0,0,0,0,2,0,3
4192,0,0,0,9,2,40,0,0,0,0,0,0
4193,0,0,0,0,0,0,0,0,0,0,0,0
4194,0,0,0,0,0,0,0,0,0,0,393,0
4195,0,0,0,196,2,85,0,0,0,0,0,0
4196,0,0,0,0,0,0,11,0,1,0,0,0
4197,0,208,24,0,0,0,0,0,0,0,0,0
4198,1,23,7,0,0,0,0,0,0,0,0,0
4199,0,66,3,0,0,0,0,0,0,0,0,0
4200,0,0,0,3,2,13,0,0,0,0,0,0
4201,0,0,0,0,2,0,36,870,2,0,0,0
4202,0,0,0,0,0,3,0,0,0,2,1010,0
4203,0,0,0,0,1,0,0,0,0,0,0,0
4204,9,14,0,0,0,0,0,0,0,0,0,0
4205,0,0,0,0,5,0,194,37,1,0,0,0
4206,0,0,0,0,0,14,0,0,0,2,2423,0
4207,0,0,0,0,1,0,84,595,20,0,0,0
4208,0,2,11,0,0,0,0,0,0,0,0,0
4209,5,44,46,0,0,0,0,0,0,0,0,0
4210,0,23,5,0,0,0,0,0,0,0,0,0
4211,0,0,0,0,0,0,9,80,2,0,0,0
4212,0,0,0,0,0,0,0,0,0,0,74,0
4213,0,0,0,2,12,186,0,0,0,0,0,0
4214,0,0,0,0,6,24,0,0,0,0,0,0
4215,0,0,0,0,0,1,0,0,0,0,0,0
4216,0,0,0,0,0,0,14,75,1,0,0,0
4217,0,22,16,0,0,0,0,0,0,0,0,0
4218,0,0,0,0,0,0,48,5,3,0,0,0
4219,0,20,10,0,0,0,0,0,0,0,0,0
4220,1,221,5,0,0,0,0,0,0,0,0,0
4221,0,0,0,0,0,0,0,0,0,0,0,0
4222,0,12,9,0,0,0,0,0,0,0,0,0
4223,0,0,0,0,0,0,8,92,0,0,0,0
4224,0,0,0,0,0,1,0,0,0,0,0,0
4225,0,0,0,0,0,0,30,66,10,0,0,0
4226,0,0,0,0,0,1,0,0,0,20,490,0
4227,0,0,0,0,0,0,0,0,0,5,3,0
4228,16,79,2,0,0,0,0,0,0,0,0,0
4229,0,131,38,0,0,0,0,0,0,0,0,0
4230,0,0,0,0,0,0,0,0,0,7,258,13
4231,9,26,75,0,0,0,0,0,0,0,0,0
4232,0,0,0,0,0,0,38,147,0,0,0,0
4233,0,149,14,0,0,0,0,0,0,0,0,0
4234,0,0,0,0,0,0,0,0,0,34,298,0
4235,47,15,2,0,0,0,0,0,0,0,0,0
4236,2,27,9,0,0,0,0,0,0,0,0,0
4237,0,0,0,168,12,3393,0,0,0,0,18,0
4238,0,0,0,0,1,1,0,0,0,0,0,0
4239,15,1,0,1,0,0,0,0,0,0,0,0
4240,0,0,0,0,0,103,0,0,0,0,0,0
4241,0,29,2,0,0,0,0,0,0,0,0,0
4242,0,0,0,2,3,23,0,0,0,0,0,0
4243,1,6,0,0,0,0,0,0,0,0,0,0
4244,0,0,0,0,0,0,0,0,0,0,0,0
4245,0,0,0,0,0,0,0,0,0,2,2,0
4246,0,0,0,0,0,3,0,0,0,19,899,0
4247,0,0,0,0,0,0,0,0,0,0,0,0
4248,0,0,0,0,0,0,0,0,0,12,3,0
4249,2,0,0,59,10,24,0,0,0,0,0,0
4250,0,0,0,1,0,11,0,0,0,0,0,0
4251,0,1,1,0,0,0,0,0,0,0,0,0
4252,0,0,0,0,0,0,0,0,0,1,106,0
4253,0,0,0,0,0,0,0,0,0,3,1,0
4254,0,0,0,0,0,0,0,0,0,0,3,0
4255,0,47,0,0,0,0,7224,246,4,0,0,0
4256,0,0,0,0,0,0,4,5,1,0,0,0
4257,0,0,0,0,0,0,0,1,0,0,0,0
4258,0,0,0,1,10,144,0,0,0,0,1,0
4259,0,0,0,0,0,0,0,0,0,0,3,0
4260,0,0,0,0,0,0,0,0,0,0,0,0
4261,0,1,0,0,0,0,296,8,0,0,0,0
4262,0,0,0,0,0,0,4,1,0,0,0,0
4263,0,0,0,0,0,0,0,3,0,0,0,0
4264,0,0,0,0,0,17,0,0,0,0,0,0
4265,0,0,0,2,0,19,0,0,0,0,0,0
4266,0,0,0,0,0,5,0,0,0,0,0,0
4267,2,66,0,0,0,0,0,0,0,0,0,0
4268,3,4,4,0,0,0,0,0,0,1,0,0
4269,1,163,3,0,0,0,1,0,0,0,0,0
4270,0,0,0,1,0,243,0,0,0,0,0,0
4271,0,0,0,0,0,0,5,1,0,0,0,0
4272,0,0,0,0,0,0,2,2,0,0,0,0
4273,0,0,0,0,1,18,0,0,0,0,0,0
4274,0,0,0,1,0,2,0,0,0,0,0,0
4275,0,0,2,0,0,0,0,0,0,0,0,0
4276,0,0,0,0,0,9,0,0,0,0,2052,0
4277,0,1,0,0,0,0,0,0,0,0,0,0
4278,0,0,0,0,0,0,0,0,0,11,31,0
4279,0,0,0,10,3,20,0,0,0,0,0,0
4280,0,0,0,0,0,0,224,3,1,0,0,0
4281,0,0,0,1,0,1,0,0,0,0,0,0
4282,1,58,2,0,0,0,0,0,0,0,0,0
4283,0,0,0,0,0,0,14,1,1,0,0,0
4284,1,37,9,0,0,0,0,0,0,0,0,0
4285,0,0,0,0,4,0,521,415,4,0,0,0
4286,0,0,0,0,0,0,1,1,0,0,0,0
4287,0,1,1,0,0,0,0,0,0,0,0,0
4288,0,0,0,0,2,0,76,588,4,0,0,0
4289,0,0,0,0,0,0,9,18,0,0,0,0
4290,0,0,0,0,0,0,0,0,0,2,47,0
4291,566,17,2,0,0,0,0,0,0,0,0,0
4292,0,3,49,0,0,0,0,0,0,0,0,0
4293,3,77,1,0,0,0,0,0,0,0,0,0
4294,0,0,0,0,0,0,44,14,0,0,0,0
4295,1,24,0,0,0,0,0,0,0,0,0,0
4296,0,0,0,0,0,1,0,0,1,4,610,238
4297,5,41,3,0,0,0,0,0,0,0,0,0
4298,0,0,0,0,0,0,16,43,0,0,0,0
4299,0,0,0,0,3,7,0,0,0,0,0,0
4300,0,0,0,0,48,0,28,2069,22,0,0,0
4301,0,0,0,0,0,0,0,0,0,0,228,0
4302,0,0,0,0,0,0,0,0,0,0,0,0
4303,0,0,0,4,0,144,0,0,0,0,0,0
4304,0,3,0,0,0,0,0,0,0,0,0,0
4305,0,16,2,0,0,0,0,0,0,0,0,0
4306,0,10,0,0,0,0,0,0,0,0,0,0
4307,0,15,48,0,0,0,0,0,0,1,0,0
4308,1,24,2,0,0,0,0,0,0,0,0,0
4309,0,0,0,0,0,0,33,75,0,0,0,0
4310,0,0,0,2,0,0,0,0,0,0,0,0
4311,0,0,0,0,0,0,74,9,5,0,0,0
4312,0,0,0,0,0,3,0,0,0,0,0,0
4313,2,13,0,0,0,0,0,0,0,0,0,0
4314,3,11,0,0,0,0,0,0,0,0,0,0
4315,0,16,0,0,0,0,0,0,0,0,0,0
4316,7,31,0,0,0,0,0,0,0,0,0,0
4317,0,0,0,0,0,0,9,2,2,0,0,0
4318,0,0,0,1,2,7,0,0,0,0,0,0
4319,0,1,0,0,0,0,200,18,7,0,0,0
4320,0,0,0,0,0,3,0,0,0,4,1417,3
4321,0,0,0,0,0,2,0,0,0,20,1501,0
4322,0,0,0,2,0,11,0,0,0,0,0,0
4323,0,0,0,0,1,0,0,0,0,0,0,0
4324,0,0,0,4,11,20,0,0,0,0,0,0
4325,0,0,0,0,0,62,0,0,0,0,0,0
4326,0,9,0,0,0,0,0,0,0,0,0,0
4327,0,0,0,0,0,0,0,0,0,0,209,1
4328,0,39,0,0,0,0,0,0,0,0,0,0
4329,0,0,0,0,0,4,0,0,0,0,0,0
4330,0,0,0,8,1,77,0,0,0,0,0,0
4331,0,0,0,0,0,2,0,0,0,0,1900,0
4332,0,0,0,3,0,1,0,0,0,0,0,0
4333,1,233,0,0,0,0,0,0,0,0,0,0
4334,0,0,0,0,0,0,0,0,0,1,76,0
4335,0,0,0,0,0,0,0,0,0,0,13,0
4336,119,51,3,0,0,0,0,0,0,0,0,0
4337,0,0,0,0,3,3,0,0,0,0,0,0
4338,0,0,0,0,0,0,0,0,0,0,12,1
4339,0,0,0,1,0,204,0,0,0,0,0,0
4340,0,30,1,0,0,0,0,0,0,0,0,0
4341,0,0,0,2,0,8,0,0,0,0,0,0
4342,0,0,0,3,1,18,0,0,0,0,0,0
4343,4,20,3,0,0,0,0,0,0,0,0,0
4344,0,0,0,0,22,77,0,0,0,0,0,0
4345,0,0,0,0,0,1,0,0,0,13,250,1
4346,0,0,0,2,19,217,0,0,0,0,0,0
4347,0,0,0,0,0,0,0,0,0,4,131,4
4348,0,0,0,3,19,37,0,0,0,0,0,0
4349,0,0,0,0,0,0,0,0,0,0,0,0
4350,1,0,0,0,0,0,0,0,0,0,0,0
4351,0,0,0,0,0,68,0,0,0,0,0,0
4352,0,0,0,0,0,0,19,0,2,0,0,0
4353,1,448,157,0,0,0,0,0,0,1,0,0
4354,0,0,0,0,0,0,85,68,1,0,0,0
4355,0,0,1,0,0,0,0,0,0,0,0,0
4356,1,25,0,0,0,0,0,0,0,0,0,0
4357,0,0,0,0,0,0,23,51,1,0,0,0
4358,0,0,0,0,0,0,0,0,0,0,1,2
4359,47,11,4,0,0,0,0,0,0,0,0,0
4360,2,35,0,0,0,0,0,0,0,0,0,0
4361,0,0,0,0,0,0,2,1,0,0,0,0
4362,0,1,1,0,0,0,0,0,0,0,0,0
4363,0,16,1,0,0,0,0,0,0,0,0,0
4364,0,33,17,0,0,0,0,0,0,0,0,0
4365,0,0,0,0,0,0,0,0,0,0,0,0
4366,0,0,0,2,2,25,0,0,0,0,0,0
4367,0,0,0,0,0,0,0,0,0,40,10,0
4368,0,0,0,0,1,2,0,0,0,0,0,0
4369,0,0,0,10,4,28,0,0,0,0,0,0
4370,0,0,0,0,0,0,24,0,0,0,0,0
4371,0,0,0,0,0,0,4,2,1,0,0,0
4372,1,67,19,0,0,0,7,0,0,0,0,0
4373,0,0,0,0,0,0,0,0,0,0,0,0
4374,0,0,0,0,0,0,0,0,0,0,5,0
4375,0,0,0,11,4,14,0,0,0,0,0,0
4376,0,0,0,0,0,0,6,1,0,0,0,0
4377,0,0,0,0,0,0,0,0,0,0,0,0
4378,0,0,0,2,0,21,0,0,0,0,0,0
4379,0,0,0,1,7,4,0,0,0,0,0,0
4380,0,0,0,0,1,0,0,0,0,0,14,4
4381,0,0,0,5,50,27,0,0,0,0,0,0
4382,0,0,0,0,1,0,0,0,0,0,0,0
4383,0,0,0,0,0,0,0,3,0,0,0,0
4384,0,0,0,0,0,0,0,1,0,0,0,0
4385,0,8,43,0,0,0,0,0,0,0,0,0
4386,2,73,6,0,0,0,0,0,0,0,0,0
4387,0,0,0,5,1,36,0,0,0,0,0,0
4388,0,0,0,0,5,3,0,0,0,0,0,0
4389,0,0,0,0,5,6,0,0,0,0,0,0
4390,0,0,0,0,2,0,33,65,0,0,0,0
4391,0,0,0,0,0,0,0,0,0,164,2,1
4392,0,0,0,0,0,0,33,4,0,0,0,0
4393,3,12,74,0,0,0,0,0,0,0,0,0
4394,0,0,0,0,0,0,4,0,0,0,0,0
4395,0,2,1,0,0,0,0,0,0,0,0,0
4396,7,31,2,0,0,0,0,0,0,0,0,0
4397,2,41,8,0,0,0,0,0,0,0,0,0
4398,0,0,0,0,0,4,0,0,0,0,0,0
4399,0,0,0,0,1,0,6,903,0,0,0,0
4400,0,0,0,0,0,0,0,0,0,15,51,0
4401,0,0,0,1,1,0,0,0,0,0,0,0
4402,0,0,0,25,1,37,0,0,0,0,0,0
4403,0,11,0,0,0,0,322,2,2,0,0,0
4404,3,0,0,0,0,0,0,0,0,19,100,2
4405,8,22,3,0,0,0,0,0,0,0,0,0
4406,0,0,0,0,0,0,0,0,0,23,217,0
4407,0,1,3,0,0,0,0,0,0,0,0,0
4408,0,0,0,0,0,289,0,0,0,0,1,0
4409,0,0,0,0,0,0,33,11,6,0,0,0
4410,0,0,0,0,0,3,0,0,0,31,168,0
4411,29,91,4,0,0,0,1,0,0,0,0,0
4412,0,0,0,0,0,0,39,1,3,0,0,0
4413,2,1,31,0,0,0,0,0,0,0,0,0
4414,1,20,9,0,0,0,0,0,0,0,0,0
4415,3,0,2,0,0,0,49,1,0,0,0,0
4416,1,3,4,0,0,0,0,0,0,0,0,0
4417,0,22,11,0,0,0,0,0,0,0,0,0
4418,0,3,1,0,0,0,0,0,0,0,0,0
4419,0,0,0,0,0,0,0,0,0,25,2,4
4420,4,58,0,0,0,0,0,0,0,0,0,0
4421,0,0,0,0,0,0,0,0,0,54,185,3
4422,0,1,0,0,0,0,178,1,1,0,0,0
4423,0,0,0,0,0,2,0,0,0,41,843,0
4424,0,0,32,0,0,0,0,0,0,0,0,0
4425,0,0,7,0,0,0,0,0,0,0,0,0
4426,0,37,16,0,0,0,0,0,0,0,0,0
4427,0,0,0,3,5,30,0,0,0,0,0,0
4428,0,0,0,0,1,11,0,0,0,0,0,0
4429,0,22,1,0,0,0,0,0,0,0,0,0
4430,1,25,5,0,0,0,0,0,0,0,0,0
4431,0,0,0,0,0,0,0,0,0,0,0,0
4432,0,0,0,0,0,0,6,15,2,0,0,0
4433,0,0,0,0,0,0,0,0,0,0,1,0
4434,0,0,0,0,0,0,0,0,0,0,6,0
4435,0,0,0,17,4,33,0,0,0,0,0,0
4436,0,1,0,0,0,0,40,0,0,0,0,0
4437,0,0,0,0,0,6,0,0,0,0,0,0
4438,0,0,0,0,0,0,0,0,0,27,381,0
4439,0,0,0,0,0,0,0,0,0,0,0,0
4440,0,0,0,0,0,0,2,1,1,0,0,0
4441,0,0,0,0,0,12,0,0,0,0,0,0
4442,0,0,0,0,0,0,23,199,1,0,0,0
4443,0,0,0,0,0,7,0,0,0,0,0,0
4444,0,0,0,0,2,0,62,936,15,0,0,0
4445,0,0,0,0,0,0,3,0,1,0,0,0
4446,0,9,4,0,0,0,0,0,0,0,0,0
4447,4,5,0,0,0,0,0,0,0,0,0,0
4448,1,104,0,0,0,0,0,0,0,0,0,0
4449,0,0,0,0,0,0,0,0,0,5,42,0
4450,0,0,0,4,0,9,0,0,0,0,0,0
4451,0,3,0,0,0,0,0,0,0,0,0,0
4452,0,31,26,0,0,0,0,0,0,0,0,0
4453,10,94,44,0,0,0,0,0,0,0,0,0
4454,0,0,0,0,0,0,57,32,2,0,0,0
4455,0,0,0,0,0,4,0,0,0,0,1109,0
4456,0,0,0,0,0,24,0,0,0,5,4549,1
4457,52,483,2,0,0,0,4,0,0,0,0,0
4458,0,0,0,0,0,6,0,0,0,0,0,0
4459,1,45,3,0,0,0,0,0,0,0,0,0
4460,0,0,0,0,0,0,35,2,0,0,0,0
4461,0,0,0,0,1,2,0,0,0,0,0,0
4462,0,0,0,16,16,31,0,0,0,0,1,0
4463,0,0,0,8,4,3,0,0,0,0,0,0
4464,0,0,0,0,0,1,0,0,0,0,286,0
4465,6,27,3,0,0,0,0,0,0,0,0,0
4466,0,18,1,0,0,0,0,0,0,0,0,0
4467,0,0,0,0,0,0,0,0,0,7,266,2
4468,0,0,0,1,0,51,0,0,0,0,0,0
4469,0,11,0,0,0,0,0,0,0,0,0,0
4470,0,0,0,0,0,1,0,0,0,0,0,0
4471,0,0,0,0,0,0,0,0,0,0,0,0
4472,0,0,0,0,0,0,0,0,0,2,1,0
4473,1,11,0,0,0,0,0,0,0,0,0,0
4474,0,12,0,0,0,0,76,25,0,0,0,0
4475,0,0,0,0,0,0,0,0,0,1,476,0
4476,0,0,0,0,0,0,45,6,0,0,0,0
4477,0,0,0,0,0,2,0,0,0,0,0,0
4478,0,18,0,0,0,0,0,0,0,0,0,0
4479,4,8,2,0,0,0,0,0,0,0,0,0
4480,1,38,8,0,0,0,0,0,0,0,0,0
4481,0,0,0,2,0,6,0,0,0,0,0,0
4482,1,0,0,0,0,0,0,0,0,0,0,0
4483,0,0,0,0,0,58,0,0,0,0,0,0
4484,0,14,0,0,0,0,0,0,0,0,0,0
4485,0,272,0,0,0,0,0,0,0,0,0,0
4486,0,0,0,0,0,0,104,128,5,0,0,0
4487,0,0,0,0,0,0,22,2,0,0,0,0
4488,0,0,0,0,0,0,6,0,0,0,0,0
4489,0,0,0,0,0,15,0,0,0,0,0,0
4490,0,51,2,0,0,0,0,0,0,0,0,0
4491,0,0,0,0,2,0,0,0,0,0,0,0
4492,0,0,0,8,0,23,0,0,0,0,0,0
4493,3,5,4,0,0,0,0,0,0,0,0,0
4494,4,30,1,0,0,0,0,0,0,0,0,0
4495,2,16,0,0,0,0,0,0,0,0,0,0
4496,1,18,0,0,0,0,0,0,0,0,0,0
4497,0,0,0,0,1,4,0,0,0,0,0,0
4498,15,4,0,0,0,0,0,0,0,0,0,0
4499,0,0,0,0,0,0,0,0,0,3,1,4
4500,18,13,0,0,0,0,0,0,0,0,0,0
4501,3,69,3,0,0,0,0,0,0,0,0,0
4502,0,0,0,0,0,0,12,3,2,0,0,0
4503,16,9,41,0,0,0,0,0,0,0,0,0
4504,0,2,0,1,2,0,215,663,3,0,0,0
4505,0,0,0,0,0,0,1,10,0,0,0,0
4506,1,0,0,0,0,0,3,1,0,0,0,0
4507,0,0,0,1,0,17,0,0,0,0,0,0
4508,0,0,0,0,0,0,69,25,4,0,1,0
4509,0,0,0,1,3,12,0,0,0,0,0,0
4510,2,1,1,0,2,0,270,931,2,0,0,0
4511,0,0,0,0,0,0,83,9,0,0,0,0
4512,0,0,0,1,0,2,0,0,0,0,0,0
4513,0,0,1,6,2,30,0,0,0,0,0,0
4514,0,0,0,0,0,0,33,1,0,0,0,0
4515,2,0,0,0,0,0,0,0,0,0,0,0
4516,0,0,0,0,21,70,0,0,0,0,0,0
4517,0,0,0,0,0,4,0,0,0,0,0,0
4518,1,33,0,0,0,0,0,0,0,0,0,0
4519,0,0,0,0,0,63,0,0,0,0,0,0
4520,0,0,0,0,0,0,1,50,0,0,0,0
4521,0,0,0,0,0,0,5,3,0,0,0,0
4522,0,0,0,0,0,5,0,0,0,0,0,0
4523,0,0,0,0,0,0,25,4,1,0,0,0
4524,0,0,0,0,0,0,0,0,0,0,202,3
4525,0,0,0,0,1,46,0,0,0,0,0,0
4526,0,0,0,0,0,0,0,0,0,0,0,0
4527,0,0,0,0,0,0,16,0,0,0,0,0
4528,0,150,0,0,0,0,0,0,0,0,0,0
4529,0,0,0,1,0,1,0,0,0,0,0,0
4530,0,0,0,0,0,0,0,0,0,0,0,0
4531,0,0,0,0,0,39,0,0,0,0,0,0
4532,0,0,0,0,0,0,0,0,0,0,0,0
4533,1,5,0,0,0,0,0,0,0,0,0,0
4534,0,0,0,0,0,2,0,0,0,0,637,0
4535,0,0,0,0,0,1,0,0,0,0,0,0
4536,0,0,0,0,0,3,0,0,0,0,0,0
4537,0,0,0,0,0,21,0,0,0,0,0,0
4538,0,0,0,0,0,1,0,0,0,0,0,0
4539,0,1,0,0,0,0,0,0,0,0,0,0
4540,0,0,0,0,0,2,0,0,0,0,912,0
4541,0,3,0,0,0,0,0,0,0,0,0,0
4542,0,0,0,0,0,0,0,0,0,23,5,1
4543,0,0,0,0,0,77,0,0,0,14,13148,1
4544,18,15,2,0,0,0,0,0,0,0,0,0
4545,0,1,0,0,0,0,34,14,0,0,0,0
4546,0,0,0,0,0,26,0,0,0,0,0,0
4547,0,295,0,0,0,0,1,0,0,0,0,0
4548,0,186,0,0,0,0,0,0,0,0,0,0
4549,0,47,7,0,0,0,0,0,0,0,0,0
4550,1,59,0,0,0,0,0,0,0,0,0,0
4551,0,0,0,0,0,6,0,0,0,37,1824,1
4552,2,27,2,0,0,0,0,0,0,0,0,0
4553,0,33,6,0,0,0,0,0,0,0,0,0
4554,0,0,1,0,0,0,0,0,0,47,46,5
4555,0,0,0,8,3,34,0,0,0,0,0,0
4556,0,0,0,0,0,0,70,3,2,0,0,0
4557,0,0,0,0,0,3,0,0,0,0,0,0
4558,3,30,1,0,0,0,1,0,0,0,0,0
4559,0,3,0,0,0,0,69,6,0,0,0,0
4560,0,0,0,0,0,2,0,0,0,75,362,0
4561,0,0,0,0,0,0,196,13,2,0,0,0
4562,0,0,0,12,8,0,0,0,0,0,0,0
4563,0,0,0,0,0,0,0,0,0,0,91,0
4564,0,55,3,0,0,0,0,0,0,0,0,0
4565,0,0,0,0,0,0,0,0,0,22,6,1
4566,0,0,0,0,0,0,0,0,0,0,0,0
4567,0,0,0,12,0,22,0,0,0,0,0,0
4568,0,61,1,0,0,0,0,0,0,0,0,0
4569,0,0,0,0,0,0,0,0,0,0,0,0
4570,0,0,0,0,0,2,0,0,0,19,468,0
4571,4,91,4,0,0,0,0,0,0,0,0,0
4572,0,19,11,0,0,0,0,0,0,0,0,0
4573,0,0,0,0,0,2,0,0,0,20,1468,1
4574,1,4,3,0,0,0,0,0,0,0,0,0
4575,0,0,0,0,0,0,0,0,0,43,60,0
4576,110,7,1,0,0,0,0,0,0,0,0,0
4577,0,0,0,0,0,0,0,0,0,2,201,1
4578,0,0,0,0,0,0,0,0,0,0,0,0
4579,2,0,0,754,1,23,0,0,0,0,0,0
4580,0,0,0,0,0,0,0,0,0,0,0,0
4581,0,2,0,0,0,0,0,0,0,0,0,0
4582,0,0,0,0,0,15,0,0,0,0,3863,0
4583,0,0,0,0,0,0,269,7,3,0,0,0
4584,0,50,62,0,0,0,2,0,0,0,0,0
4585,0,0,0,96,9,53,0,0,0,0,0,0
4586,0,0,0,0,0,11,0,0,0,6,1167,0
4587,0,0,0,3,0,0,0,0,0,0,0,0
4588,1,6,2,0,0,0,0,0,0,0,0,0
4589,0,11,79,0,0,0,0,0,0,1,0,0
4590,0,12,1,0,0,0,0,0,0,0,0,0
4591,0,0,0,8,4,31,0,0,0,0,0,0
4592,0,0,0,0,0,0,3,0,1,0,0,0
4593,0,0,3,0,0,0,0,0,0,0,0,0
4594,0,19,0,0,0,0,0,0,0,0,0,0
4595,0,50,10,0,0,0,0,0,0,0,0,0
4596,0,0,1,0,0,0,0,0,0,214,113,2
4597,0,0,0,15,12,24,0,0,0,0,0,0
4598,0,0,0,0,0,0,0,0,0,13,1,1
4599,0,0,0,0,0,0,0,0,0,0,0,0
4600,0,0,0,22,0,29,0,0,0,0,0,0
4601,0,0,0,0,0,0,45,0,0,0,0,0
4602,0,0,0,0,0,2,0,0,0,0,0,0
4603,0,0,0,0,0,9,0,0,0,0,0,0
4604,0,16,0,0,0,0,0,0,0,0,0,0
4605,0,0,0,0,0,0,0,0,0,1,5,0
4606,3,15,0,0,0,0,1,0,0,0,0,0
4607,0,5,1,0,0,0,0,0,0,0,0,0
4608,0,0,0,3,2,23,0,0,0,0,0,0
4609,0,0,0,0,0,0,18,13,1,0,0,0
4610,0,0,0,0,0,0,0,0,0,0,0,0
4611,0,0,0,0,0,0,0,0,0,0,2,1
4612,2,8,0,0,0,0,0,0,0,0,0,0
4613,0,0,0,0,0,0,0,0,0,15,19,0
4614,0,0,0,0,0,1,0,0,0,0,0,0
4615,0,0,0,2,7,46,0,0,0,0,0,0
4616,0,0,0,0,0,0,0,0,0,0,0,0
4617,0,0,0,0,0,0,1,1,0,0,0,0
4618,0,0,0,0,0,0,0,0,0,23,106,0
4619,0,0,0,0,1,21,0,0,0,0,0,0
4620,2,0,0,0,0,0,0,0,0,0,0,0
4621,0,0,0,0,2,24,0,0,0,0,0,0
4622,0,0,0,0,0,0,32,3,0,0,0,0
4623,0,0,0,0,0,6,0,0,0,0,0,0
4624,0,114,0,0,0,0,1,0,0,0,0,0
4625,0,1,0,0,0,0,0,0,0,0,0,0
4626,0,0,0,0,0,0,0,0,0,0,0,0
4627,0,17,1,0,0,0,0,0,0,0,0,0
4628,0,0,0,0,0,0,0,0,0,0,2,0
4629,0,0,0,0,0,0,0,0,0,0,0,0
4630,0,0,0,0,0,91,0,0,0,0,0,0
4631,0,1,0,0,0,0,49,12,1,0,0,0
4632,0,0,0,0,0,0,14,2,0,0,0,0
4633,0,0,0,0,0,1,0,0,0,11,520,0
4634,0,0,0,1,0,124,0,0,0,0,0,0
4635,0,0,0,1,0,1,0,0,0,0,0,0
4636,4,321,1,0,0,0,1,0,0,0,0,0
4637,0,14,0,0,0,0,0,0,0,0,0,0
4638,4,28,15,0,0,0,0,0,0,0,0,0
4639,0,0,0,3,6,35,0,0,0,0,0,0
4640,0,0,0,0,1,145,0,0,0,0,1,0
4641,0,0,0,0,1,0,0,0,0,0,0,0
4642,0,0,0,0,0,0,183,38,0,0,0,0
4643,0,0,0,0,0,0,34,1,0,0,0,0
4644,0,4,8,0,0,0,0,0,0,0,0,0
4645,1,27,2,0,0,0,0,0,0,0,0,0
4646,0,0,0,0,0,0,6,0,0,0,0,0
4647,0,13,4,0,0,0,0,0,0,0,0,0
4648,5,58,14,0,0,0,0,0,0,0,0,0
4649,0,0,0,0,0,0,31,43,0,0,0,0
4650,0,0,0,0,0,0,0,0,0,1,3,0
4651,0,0,0,5,3,97,0,0,0,0,14,0
4652,0,0,0,0,0,0,3,20,0,0,0,0
4653,0,0,0,0,0,0,0,0,0,0,16,0
4654,0,0,0,6,13,43,0,0,0,0,0,0
4655,0,0,0,0,0,3,0,0,0,37,517,1
4656,0,2,0,0,0,0,304,7,0,0,0,0
4657,0,2,0,0,1,0,121,38,1,0,0,0
4658,0,0,0,0,0,9,0,0,0,0,0,0
4659,9,180,1,0,0,0,0,0,0,0,0,0
4660,0,0,0,0,0,83,0,0,0,0,0,0
4661,0,0,1,0,0,0,0,0,0,0,0,0
4662,0,0,0,0,0,2,0,0,0,0,0,0
4663,0,0,0,0,0,0,0,0,0,0,0,0
4664,0,1,3,0,0,0,0,0,0,0,0,0
4665,0,1,0,0,0,0,248,1,1,0,0,0
4666,1,198,1,0,0,0,0,0,0,0,0,0
4667,0,0,0,8,5,0,0,0,0,0,0,0
4668,0,0,0,0,0,3,0,0,0,9,714,1
4669,0,0,0,1,8,40,0,0,0,0,0,0
4670,0,0,0,0,0,0,0,0,0,5,0,0
4671,0,0,0,0,0,0,0,0,0,0,0,0
4672,0,0,0,0,0,1,0,0,0,6,186,0
4673,0,1,0,0,0,0,0,0,0,0,0,0
4674,1,20,1,0,0,0,0,0,0,0,0,0
4675,0,43,0,0,0,0,1,0,0,0,0,0
4676,0,0,0,0,0,0,3,9,0,0,0,0
4677,0,0,0,0,0,4,0,0,0,0,0,0
4678,0,1,0,0,3,0,75,151,0,0,0,0
4679,0,0,0,0,0,3,0,0,0,2,110,0
4680,0,0,0,0,0,1,0,0,0,6,61,3
4681,58,38,9,1,0,0,0,0,0,0,0,0
4682,0,0,0,0,1,0,77,10,0,0,0,0
4683,0,0,0,0,0,22,0,0,0,0,2107,0
4684,0,0,0,8,0,59,0,0,0,0,1,0
4685,0,4,0,0,0,0,0,0,0,0,0,0
4686,0,0,0,0,0,2,0,0,0,0,661,0
4687,7,42,1,0,0,0,0,0,0,0,0,0
4688,0,2,0,0,0,0,30,0,0,0,0,0
4689,0,0,0,0,0,0,0,0,0,0,0,0
4690,0,0,0,9,2,21,0,0,0,0,0,0
4691,0,0,0,9,15,2,0,0,0,0,0,0
4692,0,0,0,0,0,0,0,0,0,0,7,0
4693,0,0,0,45,4,50,0,0,0,0,0,0
4694,0,0,0,0,0,0,46,4,1,0,0,0
4695,0,0,0,0,0,2,0,0,0,0,0,0
4696,0,0,0,1,10,30,0,0,0,0,0,0
4697,0,0,0,2,12,11,0,0,0,0,0,0
4698,0,0,0,0,0,0,0,0,0,90,267,0
4699,0,0,0,0,12,33,0,0,0,0,0,0
4700,0,0,0,5,3,9,0,0,0,0,0,0
4701,0,0,0,0,0,0,0,0,0,0,20,0
4702,2,37,1,0,0,0,1,0,0,0,0,0
4703,0,0,0,0,0,1,0,0,0,18,96,0
4704,0,0,0,0,0,0,0,0,0,6,164,0
4705,0,0,0,35,3,28,0,0,0,0,0,0
4706,0,0,0,0,2,0,14,67,0,0,0,0
4707,27,38,10,0,0,0,0,0,0,0,0,0
4708,0,0,0,6,2,20,0,0,0,0,0,0
4709,0,0,0,0,0,0,25,5,0,0,0,0
4710,0,0,0,0,0,0,0,0,0,1,131,0
4711,0,0,0,16,4,73,0,0,0,0,0,0
4712,0,0,0,0,0,0,51,5,10,0,0,0
4713,0,0,0,0,1,13,0,0,0,0,0,0
4714,0,0,0,3,1,115,0,0,0,0,0,0
4715,0,2,0,0,0,0,0,0,0,0,0,0
4716,0,0,0,0,0,0,0,0,0,0,34,0
4717,6,56,8,0,0,0,0,0,0,0,0,0
4718,0,0,0,0,0,0,19,2,0,0,0,0
4719,0,0,0,0,0,2,0,0,0,9,291,1
4720,0,1,0,0,8,0,107,430,8,0,0,0
4721,0,0,0,1,0,1,0,0,0,0,0,0
4722,0,0,0,0,0,0,0,0,0,0,0,0
4723,0,0,0,0,0,35,0,0,0,0,0,0
4724,0,0,0,0,0,0,0,0,0,0,0,0
4725,0,1,0,0,0,0,0,0,0,0,0,0
4726,0,0,0,0,1,64,0,0,0,0,0,0
4727,0,0,0,0,0,0,43,10,0,0,0,0
4728,0,0,0,0,0,0,2,2,0,0,0,0
4729,0,0,0,0,1,4,0,0,0,0,0,0
4730,0,0,0,0,0,15,0,0,0,0,0,0
4731,1,46,0,0,0,0,0,0,0,0,0,0
4732,0,0,0,0,0,204,0,0,0,0,0,0
4733,0,0,0,0,0,0,0,0,0,12,69,1
4734,0,0,0,0,1,0,0,0,0,0,0,0
4735,0,0,0,8,0,33,0,0,0,0,0,0
4736,0,0,0,0,0,0,0,0,0,0,0,0
4737,0,0,0,0,0,0,0,0,0,0,12,0
4738,0,0,0,0,17,15,0,0,0,0,0,0
4739,0,0,0,3,1,1,0,0,0,0,0,0
4740,0,0,0,0,0,0,0,0,0,0,7,0
4741,0,0,0,2,4,19,0,0,0,0,0,0
4742,0,0,0,1,7,4,0,1,0,0,0,0
4743,0,0,0,0,0,0,0,0,0,0,2,0
4744,0,0,0,1,3,157,0,0,0,0,0,0
4745,0,0,0,0,3,0,0,0,0,0,0,0
4746,0,0,0,0,0,0,0,0,0,0,48,0
4747,0,0,0,1,2,24,0,0,0,0,0,0
4748,1,2,0,0,0,0,0,0,0,0,0,0
4749,4,12,0,0,0,0,0,0,0,0,0,0
4750,0,14,0,0,0,0,0,0,0,0,0,0
4751,0,8,0,0,0,0,0,0,0,0,0,0
4752,0,0,0,0,0,1,0,0,0,28,944,2
4753,2,26,2,0,0,0,0,0,0,0,0,0
4754,0,0,0,0,0,5,0,0,0,51,515,0
4755,0,0,0,0,0,1,0,0,0,21,783,1
4756,0,0,0,7,4,82,0,0,0,0,0,0
4757,0,2,0,0,0,0,25,0,0,0,0,0
4758,2,32,11,0,0,0,0,0,0,0,0,0
4759,2,12,7,0,0,0,0,0,0,0,0,0
4760,0,0,0,0,0,0,2,1,1,0,0,0
4761,2,8,3,0,0,0,0,0,0,0,0,0
4762,0,40,1,0,0,0,1,0,0,0,0,0
4763,0,0,0,0,0,1,0,0,0,2,425,1
4764,2,63,0,0,0,0,0,0,0,0,0,0
4765,0,0,0,1,1,17,0,0,0,0,0,0
4766,0,0,0,0,0,3,0,0,0,0,0,0
4767,0,0,0,5,2,1,0,0,0,0,0,0
4768,0,0,0,0,0,19,0,0,0,0,0,0
4769,0,35,2,0,0,0,0,0,0,0,0,0
4770,0,0,0,0,1,7,0,0,0,0,0,0
4771,0,0,0,11,5,9,0,0,0,0,0,0
4772,0,0,0,0,0,0,5,0,0,0,0,0
4773,0,1,0,0,0,0,0,0,0,0,0,0
4774,1,11,0,0,0,0,0,0,0,0,0,0
4775,0,3,0,0,0,0,0,0,0,0,0,0
4776,0,0,0,0,0,0,0,0,0,97,112,0
4777,0,0,0,0,0,0,0,0,0,16,207,2
4778,4,30,3,0,0,0,0,0,0,0,0,0
4779,0,0,0,0,31,73,0,0,0,0,0,0
4780,0,0,0,0,0,1,0,0,0,41,401,1
4781,0,0,0,0,9,1,0,0,0,0,0,0
4782,0,0,0,0,0,0,0,0,0,1,532,0
4783,1,222,4,0,0,0,1,0,0,0,0,0
4784,0,0,0,0,0,3,0,0,0,12,1649,0
4785,0,0,0,0,0,1,0,0,0,0,0,0
4786,0,0,0,16,22,32,0,0,0,0,0,0
4787,0,0,0,0,0,0,15,7,0,0,0,0
4788,0,0,0,0,0,0,0,0,0,3,400,1
4789,0,0,0,9,5,65,0,0,0,0,0,0
4790,0,0,0,0,0,0,24,0,0,0,0,0
4791,0,0,0,0,0,0,11,8,1,0,0,0
4792,0,0,0,2,1,109,0,0,0,0,1,0
4793,0,0,0,1,3,1,0,0,0,0,0,0
4794,0,0,0,0,0,1,0,0,0,6,707,2
4795,0,0,0,0,0,1,0,0,0,5,1074,0
4796,0,0,0,1,0,2,0,0,0,0,0,0
4797,11,14,1,0,0,0,0,0,0,0,0,0
4798,0,0,0,0,0,28,0,0,0,0,1,0
4799,0,1,0,0,0,0,0,0,0,0,0,0
4800,6,16,0,0,0,0,0,0,0,0,0,0
4801,8,15,1,0,0,0,0,0,0,0,0,0
4802,0,0,0,0,0,0,81,0,0,0,0,0
4803,1,41,10,0,0,0,0,0,0,0,0,0
4804,0,0,0,0,3,57,0,0,0,0,0,0
4805,0,0,0,0,0,1,0,0,0,0,0,0
4806,0,0,0,0,0,0,0,0,0,0,0,0
4807,0,0,0,0,0,0,1,12,0,0,0,0
4808,0,0,0,0,0,4,0,0,0,0,0,0
4809,0,0,0,0,0,0,0,0,0,3,268,0
4810,0,0,0,0,0,1,0,0,0,25,150,0
4811,0,0,0,0,0,75,0,0,0,0,0,0
4812,4,2,0,0,0,0,0,0,0,0,0,0
4813,0,0,0,0,0,27,0,0,0,0,0,0
4814,0,0,0,3,1,3,0,0,0,0,0,0
4815,0,0,0,0,0,0,0,0,0,1,460,0
4816,0,0,0,26,2,69,0,0,0,0,0,0
4817,0,0,0,0,0,0,2,1,0,0,0,0
4818,0,0,0,0,0,0,11,0,0,0,0,0
4819,0,12,4,0,0,0,0,0,0,0,0,0
4820,0,0,0,0,0,0,0,0,0,2,0,0
4821,17,28,0,0,0,0,0,0,0,0,0,0
4822,3,13,13,0,0,0,0,0,0,0,0,0
4823,0,0,0,3,1,39,0,0,0,0,0,0
4824,0,0,0,0,0,6,0,0,0,5,292,1
4825,0,0,0,3,1,25,0,0,0,0,0,0
4826,1,3,0,0,0,0,0,0,0,0,0,0
4827,0,0,0,0,0,1,0,0,0,1,365,0
4828,1,22,13,0,0,0,0,0,0,0,0,0
4829,0,0,0,0,0,0,0,0,0,20,3,16
4830,3,16,1,0,0,0,0,0,0,0,0,0
4831,0,10,1,0,0,0,0,0,0,0,0,0
4832,0,0,0,0,0,4,0,0,0,18,1198,0
4833,0,0,0,0,0,3,0,0,0,0,0,0
4834,7,7,1,0,0,0,0,0,0,0,0,0
4835,0,0,0,0,0,0,11,4,0,0,0,0
4836,0,0,0,0,0,0,1,0,1,0,0,0
4837,0,0,0,0,0,27,0,0,0,0,0,0
4838,4,184,5,0,0,0,1,0,0,0,0,0
4839,0,0,0,5,1,16,0,0,0,0,0,0
4840,5,16,0,0,0,0,0,0,0,0,0,0
4841,0,0,0,0,0,0,25,2,2,0,0,0
4842,6,0,17,0,0,0,0,0,0,0,0,0
4843,1,39,1,0,0,0,0,0,0,0,0,0
4844,0,0,0,6,6,263,0,0,0,0,0,0
4845,0,0,0,1,0,0,0,0,0,0,0,0
4846,0,0,0,4,1,9,0,0,0,0,0,0
4847,0,0,0,0,0,0,0,0,0,5,6,5
4848,0,0,0,0,0,0,0,0,0,0,0,0
4849,0,0,0,3,2,6,0,0,0,0,0,0
4850,0,2,0,0,0,0,0,0,0,0,0,0
4851,5,71,2,0,0,0,0,0,0,0,0,0
4852,0,0,0,0,0,0,6,15,0,0,0,0
4853,0,1,4,0,0,0,0,0,0,0,0,0
4854,0,0,0,0,0,0,11,2,0,0,0,0
4855,2,57,3,0,0,0,0,0,0,0,0,0
4856,0,0,0,0,0,0,29,45,0,0,0,0
4857,0,0,0,0,0,0,5,4,0,0,0,0
4858,0,0,0,0,0,9,0,0,0,0,0,0
4859,0,0,0,0,0,0,93,7,0,0,0,0
4860,36,143,42,1,0,0,0,0,0,0,0,0
4861,0,0,0,0,0,59,0,0,0,0,0,0
4862,0,7,0,0,0,0,0,0,0,0,0,0
4863,0,2,4,0,0,0,0,0,0,0,0,0
4864,0,8,1,0,0,0,0,0,0,0,0,0
4865,8,13,5,0,0,0,0,0,0,0,0,0
4866,0,0,0,0,0,0,3,61,0,0,0,0
4867,0,0,0,3,1,10,0,0,0,0,0,0
4868,0,0,0,0,0,0,20,14,0,0,0,0
4869,0,0,0,0,0,1,0,0,0,0,0,0
4870,5,302,1,0,0,0,0,0,0,0,0,0
4871,0,0,0,0,1,49,0,0,0,0,0,0
4872,0,94,0,0,0,0,7,0,0,0,0,0
4873,0,0,0,0,0,30,0,0,0,0,0,0
4874,0,0,0,0,0,12,0,0,0,0,0,0
4875,0,4,0,0,0,0,0,0,0,0,0,0
4876,0,0,0,0,0,1,0,0,0,0,254,0
4877,1,1,0,0,0,0,0,0,0,0,0,0
4878,0,0,0,0,0,19,0,0,0,20,2348,1
4879,0,0,0,3,25,13,0,0,0,0,0,0
4880,2,7,6,0,0,0,0,0,0,0,0,0
4881,0,0,0,0,0,0,45,22,0,0,0,0
4882,0,0,0,0,0,111,0,0,0,0,1,0
4883,1,3,0,0,0,0,0,0,0,0,0,0
4884,2,65,9,0,0,0,0,0,0,0,0,0
4885,0,0,0,0,5,177,0,0,0,0,1,0
4886,0,0,0,0,0,0,0,0,0,4,313,2
4887,0,0,0,0,0,0,0,0,0,11,171,1
4888,0,0,0,106,13,44,0,0,0,0,0,0
4889,0,6,1,0,0,0,0,0,0,0,0,0
4890,0,0,0,0,0,5,0,0,0,9,1361,0
4891,0,0,0,0,0,8,0,0,0,13,1888,0
4892,3,48,0,0,0,0,0,0,0,0,0,0
4893,0,0,0,0,0,5,0,0,0,78,1105,0
4894,11,37,6,0,0,0,0,0,0,0,0,0
4895,0,0,0,0,1,3,0,0,0,0,0,0
4896,0,0,0,1,0,2,0,0,0,0,0,0
4897,0,0,0,0,0,10,0,0,0,3,510,0
4898,0,0,0,0,0,0,0,0,0,15,500,2
4899,2,32,0,0,0,0,0,0,0,0,0,0
4900,0,0,0,0,0,63,0,0,0,58,7514,0
4901,0,0,0,0,0,0,0,0,0,34,286,0
4902,0,0,0,2,0,1,0,0,0,0,0,0
4903,35,14,2,0,0,0,0,0,0,0,0,0
4904,0,0,0,0,0,0,73,315,3,0,0,0
4905,1,44,10,0,0,0,0,0,0,0,0,0
4906,0,0,0,3,17,71,0,0,0,0,0,0
4907,0,0,0,0,0,0,65,28,3,0,0,0
4908,0,0,0,0,0,0,93,5,0,0,0,0
4909,0,0,0,0,2,53,0,0,0,0,0,0
4910,0,0,0,0,0,0,33,0,0,0,0,0
4911,4,61,5,0,0,0,0,0,0,0,0,0
4912,6,26,33,0,0,0,0,0,0,0,0,0
4913,0,1,0,0,0,0,204,83,0,0,0,0
4914,0,0,0,1,0,7,0,0,0,0,0,0
4915,0,0,0,0,0,6,0,0,0,0,0,0
4916,0,102,2,0,0,0,0,0,0,0,0,0
4917,0,0,0,0,4,105,0,0,0,0,0,0
4918,0,0,0,0,0,0,0,0,0,11,153,0
4919,0,30,0,0,0,0,0,0,0,0,0,0
4920,0,0,0,0,0,0,0,0,0,3,132,1
4921,0,0,0,0,0,0,0,0,0,39,139,0
4922,0,0,0,2,8,35,0,0,0,0,0,0
4923,0,0,0,0,0,5,0,0,0,0,0,0
4924,0,0,0,5,0,25,0,0,0,0,0,0
4925,0,0,0,0,0,0,18,93,2,0,0,0
4926,0,54,113,0,0,0,0,0,0,0,0,0
4927,0,0,0,0,0,14,0,0,0,1,1173,2
4928,4,94,0,0,0,0,0,0,0,0,0,0
4929,1,31,20,0,0,0,0,0,0,0,0,0
4930,0,0,0,0,4,53,0,0,0,0,0,0
4931,0,0,0,0,0,0,0,0,0,23,198,1
4932,0,0,0,0,0,2,0,0,0,0,0,0
4933,0,0,0,1,0,25,0,0,0,0,0,0
4934,0,2,2,0,0,0,0,0,0,0,0,0
4935,1,13,9,0,0,0,0,0,0,0,0,0
4936,0,0,0,0,1,0,31,300,4,0,0,0
4937,3,16,1,0,0,0,0,0,0,0,0,0
4938,0,0,0,0,0,0,0,0,0,5,110,0
4939,2,13,10,0,0,0,0,0,0,0,0,0
4940,0,0,0,0,0,0,0,0,0,22,215,0
4941,0,0,0,5,13,0,0,0,0,0,0,0
4942,0,0,0,2,12,21,0,0,0,0,0,0
4943,0,0,0,0,0,0,0,0,0,4,21,1
4944,0,0,0,1,0,1,0,0,0,0,0,0
4945,0,0,0,1,1,6,0,0,0,0,0,0
4946,0,0,0,2,24,18,0,0,0,0,0,0
4947,0,0,0,0,0,0,0,0,0,5,43,175
4948,0,0,0,0,14,17,0,0,0,0,0,0
4949,0,0,0,0,0,71,0,0,0,0,1,0
4950,0,0,0,0,0,230,0,0,0,0,0,0
4951,0,0,0,0,0,0,203,5,10,0,0,0
4952,0,76,15,0,0,0,0,0,0,0,0,0
4953,0,0,0,0,0,0,24,16,2,0,0,0
4954,2,79,7,0,0,0,1,0,0,0,0,0
4955,0,0,0,0,0,0,47,0,0,0,0,0
4956,3,15,266,0,0,0,0,0,0,0,0,0
4957,6,29,20,0,0,0,0,0,0,0,0,0
4958,0,0,0,0,0,0,13,79,0,0,0,0
4959,0,0,0,0,0,18,0,0,0,0,0,0
4960,0,0,0,0,5,0,20,801,6,0,0,0
4961,1,4,16,0,0,0,0,0,0,0,0,0
4962,0,0,0,0,0,0,39,28,0,0,0,0
4963,0,0,0,0,2,0,27,240,4,0,0,0
4964,1,2091,0,0,0,0,9,0,0,0,0,0
4965,0,0,0,0,0,11,0,0,0,13,1862,0
4966,0,0,0,1,1,31,0,0,0,0,0,0
4967,1,36,1,0,0,0,0,0,0,0,0,0
4968,0,0,0,70,1,17,0,0,0,0,0,0
4969,0,0,0,74,0,4,0,0,0,0,0,0
4970,0,1,0,0,0,0,0,0,0,0,0,0
4971,1,6,0,0,0,0,0,0,0,0,0,0
4972,0,0,0,0,0,0,13,4,0,0,0,0
4973,0,0,0,0,0,0,16,32,5,0,0,0
4974,0,0,0,0,1,7,0,0,0,0,0,0
4975,0,0,0,0,0,0,69,294,1,0,0,0
4976,0,0,0,0,1,21,0,0,0,0,0,0
4977,0,0,0,4,4,13,0,0,0,0,0,0
4978,0,0,0,5,1,11,0,0,0,0,0,0
4979,0,8,0,0,0,0,0,0,0,0,0,0
4980,0,0,0,0,0,0,0,0,0,6,516,0
4981,16,23,1,0,0,0,0,0,0,0,0,0
4982,1,1,0,0,0,0,0,0,0,0,0,0
4983,0,0,0,0,0,0,0,0,0,0,5,0
4984,28,39,0,0,0,0,0,0,0,0,0,0
4985,0,0,0,0,0,0,2,4,0,0,0,0
4986,0,0,0,0,0,4,0,0,0,0,0,0
4987,13,47,1,0,0,0,0,0,0,0,0,0
4988,0,0,0,0,0,0,0,1,19,0,0,0
4989,0,0,1,0,0,0,0,0,0,0,0,0
4990,0,0,0,0,0,1,0,0,0,0,265,0
4991,263,2,50,5,0,0,0,0,0,0,0,0
4992,0,14,36,0,0,0,0,0,0,0,0,0
4993,0,0,0,0,0,2,0,0,0,0,411,0
4994,2,56,51,0,0,0,0,0,0,0,0,0
4995,0,0,0,0,8,22,0,0,0,0,0,0
4996,0,0,0,7,1,52,0,0,0,0,0,0
4997,0,0,0,0,0,0,0,0,0,0,0,0
4998,0,2,0,0,0,0,0,0,0,0,0,0
4999,0,0,0,0,0,31,0,0,0,1,2085,0
5000,0,0,0,0,0,0,0,0,0,26,116,4
5001,0,0,0,12,0,1,0,0,0,0,0,0
5002,0,0,0,0,0,0,0,0,0,3,78,0
5003,0,0,0,0,0,1,0,0,0,0,32,0
5004,0,17,1,0,0,0,0,0,0,0,0,0
5005,0,0,0,0,0,0,0,0,0,0,102,0
5006,0,28,0,0,0,0,0,0,0,0,0,0
5007,0,0,0,0,0,7,0,0,0,3,222,0
5008,0,0,0,0,0,0,100,560,17,0,0,0
5009,0,0,0,0,0,0,0,0,0,6,7,1
5010,12,33,0,0,0,0,0,0,0,0,0,0
5011,0,0,0,0,0,0,0,0,0,0,0,0
5012,0,4,0,0,16,0,114,749,2,0,0,0
5013,0,0,0,0,2,25,0,0,0,0,1,0
5014,0,0,0,7,2,22,0,0,0,0,0,0
5015,0,4,0,0,0,0,697,9,0,0,0,0
5016,0,0,0,0,2,13,0,0,0,0,0,0
5017,0,0,0,0,0,0,78,34,0,0,0,0
5018,0,0,0,0,1,0,41,40,0,0,0,0
5019,0,13,3,0,0,0,0,0,0,0,0,0
5020,0,0,0,0,0,3,0,0,0,2,538,0
5021,7,25,16,0,0,0,0,0,0,0,0,0
5022,0,0,0,4,0,21,0,0,0,0,0,0
5023,0,41,0,0,0,0,2404,441,12,0,0,0
5024,0,0,0,4,9,3,0,0,0,0,0,0
5025,0,0,0,0,0,1,0,0,0,2,1438,0
5026,14,23,9,0,0,0,0,0,0,0,0,0
5027,1,21,2,0,0,0,0,0,0,0,0,0
5028,0,0,0,50,29,60,0,0,0,0,1,0
5029,0,0,0,0,0,0,33,43,8,0,0,0
5030,3,22,17,0,0,0,0,0,0,0,0,0
5031,0,0,0,0,0,1,0,0,0,1,636,0
5032,17,70,8,0,0,0,0,0,0,1,0,0
5033,0,0,0,0,0,2,0,0,0,0,0,0
5034,1,5,1,0,0,0,0,0,0,0,0,0
5035,0,0,0,0,0,91,0,0,0,0,1,0
5036,0,0,0,0,0,0,65,0,1,0,0,0
5037,0,2,0,0,0,0,202,2,1,0,0,0
5038,1,20,5,0,0,0,0,0,0,0,0,0
5039,0,0,0,0,0,0,0,0,0,17,1,0
5040,37,644,0,0,0,0,2,0,0,0,0,0
5041,2,812,10,0,0,0,8,0,0,0,0,0
5042,0,0,0,0,0,0,0,0,0,2,0,0
5043,2,8,0,0,0,0,0,0,0,0,0,0
5044,0,0,0,0,0,0,55,17,0,0,0,0
5045,0,0,0,0,1,18,0,0,0,0,0,0
5046,0,0,0,1,8,4,0,0,0,0,0,0
5047,0,0,0,17,3,17,0,0,0,0,0,0
5048,0,0,0,0,0,0,23,74,1,0,0,0
5049,0,0,0,0,0,0,25,2,0,0,0,0
5050,0,0,0,0,1,62,0,0,0,0,0,0
5051,0,0,0,0,0,1,0,0,0,1,277,2
5052,0,0,0,0,0,0,0,0,0,4,111,0
5053,35,38,2,0,0,0,0,0,0,0,0,0
5054,0,10,0,0,0,0,0,0,0,0,0,0
5055,0,0,0,0,0,1,0,0,0,1,1273,0
5056,0,0,0,2,5,6,0,0,0,0,0,0
5057,0,0,0,0,0,0,0,0,0,0,0,0
5058,4,17,0,0,0,0,0,0,0,0,0,0
5059,0,0,0,0,0,23,0,0,0,0,0,0
5060,0,0,0,2,0,4,0,0,0,0,0,0
5061,0,0,0,0,2,11,0,0,0,0,0,0
5062,0,0,0,0,0,0,53,48,0,0,0,0
5063,0,1,0,0,0,0,242,7,1,0,0,0
5064,1,27,3,0,0,0,0,0,0,0,0,0
5065,0,0,0,13,8,68,0,0,0,0,0,0
5066,0,0,0,0,0,0,1,0,0,0,0,0
5067,0,0,0,0,0,0,1,2,1,0,0,0
5068,4,72,20,0,0,0,0,0,0,0,0,0
5069,0,0,0,0,0,0,1,37,0,0,0,0
5070,0,0,0,0,0,0,0,0,0,1,0,5
5071,0,0,0,5,2,147,0,0,0,0,2,0
5072,0,0,0,0,0,0,10,1,0,0,0,0
5073,3,3,8,0,0,0,0,0,0,0,0,0
5074,0,0,0,3,1,42,0,0,0,0,1,0
5075,0,0,0,0,0,0,8,6,0,0,0,0
5076,0,0,0,0,0,25,0,0,0,0,0,0
5077,0,0,0,4,0,1059,0,0,0,0,3,0
5078,6,5,0,0,0,0,0,0,0,0,0,0
5079,0,0,0,0,0,0,0,0,0,2,257,0
5080,0,0,0,7,3,22,0,0,0,0,0,0
5081,0,1,0,0,0,0,0,0,0,0,0,0
5082,0,10,0,0,0,0,0,0,0,0,0,0
5083,0,11,3,0,0,0,0,0,0,0,0,0
5084,1,18,5,0,0,0,0,0,0,0,0,0
5085,0,0,0,2,0,35,0,0,0,0,0,0
5086,0,3,0,0,0,0,0,0,0,0,0,0
5087,0,1,0,0,0,0,0,0,0,0,0,0
5088,0,12,0,0,0,0,0,0,0,0,0,0
5089,0,33,0,0,0,0,0,0,0,0,0,0
5090,0,0,0,0,0,0,0,0,0,0,50,0
5091,0,0,0,0,0,0,0,0,0,0,5,0
5092,0,0,0,0,9,20,0,0,0,0,0,0
5093,0,0,0,0,0,0,0,0,0,1,121,0
5094,17,79,1,1,0,0,0,0,0,0,0,0
5095,0,0,0,1,0,89,0,0,0,0,1,0
5096,0,32,1,0,0,0,0,0,0,0,0,0
5097,4,277,10,0,0,0,0,0,0,0,0,0
5098,0,0,0,3,13,27,0,0,0,0,0,0
5099,0,0,0,2,3,13,0,0,0,0,0,0
5100,0,0,0,0,0,4,0,0,0,0,1211,0
5101,5,19,1,0,0,0,0,0,0,0,0,0
5102,0,0,0,0,0,0,0,0,0,4,160,0
5103,32,4,0,0,0,0,0,0,0,0,0,0
5104,0,0,0,0,3,40,0,0,0,0,0,0
5105,0,0,0,0,0,0,15,2,5,0,0,0
5106,0,27,17,0,0,0,0,0,0,0,0,0
5107,1,3,39,0,0,0,0,0,0,0,0,0
5108,0,0,0,0,0,0,10,35,1,0,0,0
5109,0,0,0,0,0,0,9,7,0,0,0,0
5110,0,0,0,1,0,2,0,0,0,0,0,0
5111,0,5,0,0,0,0,0,0,0,0,0,0
5112,0,120,0,0,0,0,0,0,0,0,0,0
5113,0,16,2,0,0,0,0,0,0,0,0,0
5114,0,18,1,0,0,0,0,0,0,0,0,0
5115,0,0,0,0,0,0,0,0,0,0,41,0
5116,0,56,1,0,0,0,1,0,0,0,0,0
5117,0,0,0,4,1,10,0,0,0,0,0,0
5118,0,0,0,2,0,2,0,0,0,0,0,0
5119,0,0,0,0,0,7,0,0,0,0,0,0
5120,0,0,0,1,0,2,0,0,0,0,0,0
5121,0,0,0,0,0,0,0,0,0,0,0,0
5122,0,0,0,0,1,177,0,0,0,0,0,0
5123,0,0,0,0,0,0,21,4,0,0,0,0
5124,0,0,0,0,4,12,0,0,0,0,1,0
5125,0,0,0,4,8,8,0,0,0,0,0,0
5126,0,0,0,0,1,639,0,0,0,0,4,0
5127,0,0,0,0,0,5,0,0,0,0,0,0
5128,1,172,0,0,0,0,0,0,0,0,0,0
5129,0,0,0,0,0,0,0,0,0,1,23,0
5130,0,0,0,0,0,0,0,0,0,1,3,0
5131,0,0,0,1,0,27,0,0,0,0,0,0
5132,0,1,1,0,0,0,0,0,0,0,0,0
5133,12,17,1,0,0,0,0,0,0,0,0,0
5134,0,0,0,0,0,21,0,0,0,0,0,0
5135,0,0,0,0,0,0,1,0,0,0,0,0
5136,1,36,11,0,0,0,0,0,0,0,0,0
5137,0,0,0,0,1,27,0,0,0,0,0,0
5138,0,0,0,0,0,0,4,43,5,0,0,0
5139,0,10,9,0,0,0,2,0,0,0,0,0
5140,0,0,6,0,0,1,0,0,0,823,218,0
5141,1,17,2,0,0,0,0,0,0,0,0,0
5142,0,0,0,0,0,0,0,0,0,6,164,0
5143,0,0,0,5,17,34,0,0,0,0,0,0
5144,0,0,0,0,0,10,0,0,0,6,2486,4
5145,0,0,0,5,0,2,0,0,0,0,0,0
5146,0,59,3,0,0,0,0,0,0,0,0,0
5147,0,0,0,0,0,0,0,0,0,5,245,3
5148,0,0,0,0,1,0,44,77,1,0,0,0
5149,0,0,0,0,6,12,0,0,0,0,0,0
5150,0,0,0,0,0,0,59,91,1,0,0,0
5151,0,0,0,0,2,65,0,0,0,0,0,0
5152,0,0,0,16,3,51,0,0,0,0,0,0
5153,0,0,0,0,0,0,0,0,0,0,0,0
5154,0,1,0,0,0,0,0,0,0,0,0,0
5155,0,0,0,0,0,0,97,18,1,0,0,0
5156,0,0,0,0,11,0,7,46,0,0,0,0
5157,0,0,0,0,0,0,0,0,0,0,152,0
5158,0,0,0,1,16,124,0,0,0,0,0,0
5159,0,0,0,3,4,29,0,0,0,0,0,0
5160,0,0,0,0,0,6,0,0,0,0,0,0
5161,0,0,0,12,1,28,0,0,0,0,1,0
5162,0,0,0,0,0,0,15,2,0,0,0,0
5163,4,24,2,0,0,0,0,0,0,0,0,0
5164,0,0,0,0,4,0,120,318,0,0,0,0
5165,0,0,0,0,0,24,0,0,0,0,0,0
5166,0,2,1,0,0,0,0,0,0,0,0,0
5167,0,0,0,0,0,1,0,0,0,0,99,0
5168,0,0,0,0,0,4,0,0,0,0,0,0
5169,1,0,0,0,0,0,0,0,0,0,0,0
5170,0,0,0,0,0,7,0,0,0,0,2906,0
5171,0,0,0,0,0,0,0,0,0,8,45,0
5172,0,5,0,0,0,0,0,0,0,0,0,0
5173,0,0,0,0,0,12,0,0,0,2,845,0
5174,1,29,0,0,0,0,0,0,0,0,0,0
5175,0,0,0,0,0,6,0,0,0,0,1382,0
5176,2,23,4,0,0,0,0,0,0,0,0,0
5177,1,18,6,0,0,0,0,0,0,0,0,0
5178,8,0,0,0,0,5,0,0,0,59,553,0
5179,0,0,0,18,3,51,0,0,0,0,0,0
5180,0,24,0,0,0,0,1058,0,0,0,0,0
5181,2,0,3,0,0,0,0,0,0,0,0,0
5182,0,0,0,16,4,247,0,0,0,0,0,0
5183,0,0,0,0,0,4,0,0,0,7,1884,0
5184,0,0,0,0,0,62,0,0,0,356,11692,1
5185,0,0,0,6,0,4,0,0,0,0,0,0
5186,0,224,0,0,0,0,0,0,0,0,0,0
5187,0,0,0,0,0,0,1,0,0,0,0,0
5188,0,0,0,0,0,21,0,0,0,0,0,0
5189,0,0,0,0,0,0,0,0,0,0,0,0
5190,0,0,0,0,0,2,0,0,0,0,0,0
5191,0,0,0,0,0,11,0,0,0,0,0,0
5192,0,0,0,0,0,28,0,0,0,43,1644,0
5193,0,0,0,7,0,0,0,0,0,0,0,0
5194,0,0,0,0,2,0,243,430,2,0,0,0
5195,0,0,0,0,0,0,1,2,0,0,0,0
5196,0,0,0,0,0,0,0,2,0,0,0,0
5197,0,0,0,0,0,3,0,0,0,0,0,0
5198,0,0,0,0,0,0,0,0,0,0,0,0
5199,0,0,0,0,0,0,1,1,0,0,0,0
5200,0,1,0,0,0,0,149,3,0,0,0,0
5201,0,0,0,0,0,0,0,0,0,0,0,0
5202,0,0,0,0,0,0,0,0,0,0,0,0
5203,0,0,0,0,0,0,0,0,0,0,264,0
5204,0,21,0,0,0,0,0,0,0,0,0,0
5205,0,0,0,0,0,9,0,0,0,0,0,0
5206,0,0,0,0,4,0,107,338,45,0,2,0
5207,0,0,0,0,0,1,0,0,0,0,0,0
5208,0,0,0,0,0,0,0,0,0,0,3,0
5209,11,25,2,0,0,0,0,0,0,0,0,0
5210,0,0,0,0,0,0,93,80,0,0,0,0
5211,0,0,0,0,0,0,0,0,0,1,54,0
5212,33,57,11,0,0,0,1,0,0,0,0,0
5213,0,0,0,0,0,136,0,0,0,0,1,0
5214,0,0,0,0,0,0,0,0,0,0,0,0
5215,1,5,0,0,0,0,0,0,0,0,0,0
5216,0,0,1,0,0,0,0,0,0,0,0,0
5217,0,30,4,0,0,0,0,0,0,0,0,0
5218,0,0,0,4,10,495,0,0,0,0,1,0
5219,0,0,0,0,0,0,0,0,0,4,46,0
5220,11,58,1,0,0,0,0,0,0,0,0,0
5221,0,0,0,0,0,2,0,0,0,22,621,2
5222,0,4,2,0,0,0,0,0,0,0,0,0
5223,0,0,0,0,0,0,0,0,0,1,64,0
5224,0,0,0,7,1,24,0,0,0,0,0,0
5225,1,10,2,0,0,0,0,0,0,0,0,0
5226,1,8,24,0,0,0,0,0,0,0,0,0
5227,1,52,4,0,0,0,0,0,0,0,0,0
5228,0,4,2,0,0,0,0,0,0,0,0,0
5229,10,29,2,0,0,0,0,0,0,0,0,0
5230,0,10,0,0,59,1,112,6630,2,0,0,0
5231,0,0,0,0,1,1,0,0,0,0,0,0
5232,0,0,0,0,0,0,0,2,0,0,0,0
5233,0,0,0,0,0,0,0,3,0,0,0,0
5234,1,727,6,0,0,0,4,0,0,0,0,0
5235,1,15,4,0,0,0,0,0,0,0,0,0
5236,1,111,8,0,0,0,0,0,0,0,0,0
5237,0,0,0,1,0,1,0,0,0,0,0,0
5238,0,1,1,0,0,0,0,0,0,0,0,0
5239,0,0,0,0,0,15,0,0,0,1,1502,0
5240,0,0,0,0,0,0,0,0,0,2,260,2
5241,0,0,0,0,0,0,0,0,0,4,113,0
5242,2,17,4,0,0,0,0,0,0,0,0,0
5243,0,0,0,0,0,0,0,0,0,0,1,0
5244,5,1,0,0,0,0,0,0,0,0,0,0
5245,0,7,2,0,0,0,0,0,0,0,0,0
5246,0,0,0,0,0,0,44,1,0,0,0,0
5247,0,0,0,0,2,3,0,0,0,0,0,0
5248,0,0,0,6,0,223,0,0,0,0,0,0
5249,0,14,0,0,0,0,0,0,0,0,0,0
5250,0,1316,1,0,0,0,22,0,0,0,0,0
5251,0,0,0,0,1,28,0,0,0,0,0,0
5252,0,0,0,0,0,0,18,3,1,0,0,0
5253,0,0,0,0,0,0,19,2,1,0,0,0
5254,0,0,0,0,1,4,0,0,0,0,0,0
5255,0,0,0,0,0,13,0,0,0,0,0,0
5256,0,0,0,0,0,0,0,0,0,0,0,0
5257,0,0,0,0,0,0,0,0,0,0,0,0
5258,1,4,0,0,0,0,0,0,0,0,0,0
5259,0,0,0,0,0,8,0,0,0,0,403,0
5260,8,0,0,696,2,8,0,0,0,0,0,0
5261,0,0,0,1,5,2,0,0,0,0,0,0
5262,0,0,0,0,0,0,0,0,0,2,2,1
5263,0,0,0,1,0,54,0,0,0,0,0,0
5264,1,35,1,0,0,0,0,0,0,0,0,0
5265,0,0,0,0,0,0,0,0,0,0,0,0
5266,0,0,0,10,0,16,0,0,0,0,0,0
5267,1,5,0,0,0,0,0,0,0,0,0,0
5268,0,37,2,0,0,0,0,0,0,0,0,0
5269,5,51,35,0,0,0,1,0,0,0,0,0
5270,0,0,0,0,1,1,0,0,0,0,0,0
5271,0,0,0,0,0,0,1,1,1,0,0,0
5272,0,0,0,0,0,0,2,1,1,0,0,0
5273,0,0,0,0,1,0,46,47,10,0,0,0
5274,0,0,0,0,0,0,0,0,0,10,168,0
5275,34,22,8,0,0,0,0,0,0,0,0,0
5276,0,0,0,0,0,0,7,8,0,0,0,0
5277,0,69,10,0,0,0,0,0,0,0,0,0
5278,0,0,0,1,2,891,0,0,0,0,43,0
5279,0,3,0,0,0,0,0,0,0,0,0,0
5280,0,13,0,0,0,0,0,0,0,0,0,0
5281,0,0,0,0,0,1,0,0,0,0,157,0
5282,0,1,0,0,0,0,0,0,0,0,0,0
5283,0,3,0,0,0,0,0,0,0,0,0,0
5284,0,0,0,0,0,55,0,0,0,0,3595,0
5285,0,0,0,0,0,0,0,0,0,0,0,0
5286,0,0,0,0,0,0,1,2,0,0,0,0
5287,0,0,0,0,0,25,0,0,0,0,0,0
5288,0,0,0,0,0,14,0,0,0,0,0,0
5289,0,5,0,0,0,0,0,0,0,0,0,0
5290,0,0,0,0,0,190,0,0,0,0,0,0
5291,0,0,0,0,0,0,0,0,0,11,0,0
5292,0,0,0,0,0,0,0,0,0,0,0,0
5293,5,0,0,28,1,155,0,0,0,0,4,0
5294,0,1,0,0,0,0,50,9,1,0,0,0
5295,0,0,0,0,0,0,0,0,0,0,4,0
5296,0,0,0,0,0,0,0,0,0,1,178,0
5297,0,28,0,0,0,0,0,0,0,0,0,0
5298,0,0,0,0,0,0,0,0,0,71,74,8
5299,0,0,0,12,4,28,0,0,0,0,0,0
5300,0,0,0,0,42,0,27,4394,0,0,0,0
5301,0,0,0,0,0,1,0,0,0,0,890,0
5302,14,30,6,0,0,0,0,0,0,0,0,0
5303,0,0,0,0,2,25,0,0,0,0,0,0
5304,0,0,0,0,0,0,0,0,0,0,0,0
5305,0,2,0,0,0,0,437,114,31,0,0,0
5306,0,0,0,0,0,50,0,0,0,0,0,0
5307,0,0,0,0,0,0,0,0,0,0,0,0
5308,0,71,0,0,0,0,0,0,0,0,0,0
5309,0,55,0,0,0,0,0,0,0,0,0,0
5310,0,0,0,0,0,4,0,0,0,4,1356,0
5311,3,60,2,0,0,0,1,0,0,0,0,0
5312,0,0,0,0,0,0,0,0,0,38,114,2
5313,0,0,0,0,1,2,0,0,0,0,0,0
5314,0,0,0,0,0,1,0,0,0,8,172,0
5315,0,0,0,0,0,0,0,0,0,0,0,0
5316,0,0,0,0,0,0,0,0,0,0,0,0
5317,0,33,0,0,0,0,0,0,0,0,0,0
5318,0,0,0,0,0,0,0,0,0,0,2,0
5319,1,1,0,0,0,0,0,0,0,0,0,0
5320,0,22,1,0,0,0,0,0,0,0,0,0
5321,1,30,10,0,0,0,0,0,0,0,0,0
5322,1,0,0,24,0,2,0,0,0,0,0,0
5323,5,7,0,0,0,0,0,0,0,0,0,0
5324,0,0,0,0,0,0,4,2,0,0,0,0
5325,2,3,1,0,0,0,0,0,0,0,0,0
5326,0,0,0,0,0,0,106,202,0,0,0,0
5327,0,0,0,0,8,37,0,0,0,0,0,0
5328,0,0,0,0,1,2,0,0,0,0,0,0
5329,0,0,0,0,0,0,53,14,0,0,0,0
5330,0,0,44,0,0,0,0,0,0,21,0,0
5331,0,14,0,0,0,0,0,0,0,0,0,0
5332,0,0,0,0,0,0,47,5,1,0,0,0
5333,0,0,0,0,0,8,0,0,0,0,0,0
5334,0,0,0,0,0,0,0,0,0,0,0,0
5335,0,0,0,0,0,51,0,0,0,0,0,0
5336,16,15,0,0,0,0,1,0,0,0,0,0
5337,0,26,6,0,0,0,1,0,0,0,0,0
5338,0,0,0,19,9,244,0,0,0,0,1,0
5339,0,0,0,0,0,2,0,0,0,16,852,1
5340,0,0,0,0,0,0,0,0,0,15,31,0
5341,5,7,2,0,0,0,0,0,0,0,0,0
5342,0,0,0,0,0,0,0,0,0,10,24,0
5343,0,0,1,0,0,0,0,0,0,19,63,0
5344,0,0,0,17,28,23,0,0,0,0,1,0
5345,0,0,0,0,0,0,8,10,1,0,0,0
5346,0,0,0,0,0,0,0,0,0,1,16,0
5347,0,0,0,8,18,84,0,0,0,0,0,0
5348,0,0,0,0,0,1,0,0,0,6,180,0
5349,0,0,0,0,0,0,0,0,0,0,0,0
5350,0,102,1,0,0,0,1,0,0,0,0,0
5351,0,0,0,0,0,0,0,0,0,0,2,0
5352,2,2,0,0,0,0,0,0,0,0,0,0
5353,0,205,0,0,0,0,5,0,0,0,0,0
5354,0,0,0,0,0,0,0,3,1,0,0,0
5355,0,2,0,0,0,0,0,0,0,0,0,0
5356,0,0,0,3,4,24,0,0,0,0,0,0
5357,0,0,0,0,0,0,0,23,0,0,0,0
5358,0,0,0,0,0,0,0,0,0,0,1,0
5359,0,0,0,0,395,19,0,0,0,0,0,0
5360,0,0,0,0,0,1,0,0,0,0,0,0
5361,0,2,0,0,0,0,0,0,0,0,0,0
5362,0,0,0,0,0,14,0,0,0,0,0,0
5363,0,0,0,0,0,0,0,0,0,0,0,0
5364,0,0,0,0,0,0,0,0,0,0,0,0
5365,0,0,0,0,0,15,0,0,0,0,1751,0
5366,1,30,2,0,0,0,0,0,0,0,0,0
5367,0,0,0,0,0,0,19,3,0,0,0,0
5368,3,24,8,0,0,0,0,0,0,0,0,0
5369,0,0,0,0,0,0,1,11,0,0,0,0
5370,0,0,0,0,0,0,0,0,0,0,1,0
5371,12,36,0,0,0,0,0,0,0,0,0,0
5372,0,0,7,0,0,0,0,0,0,0,0,0
5373,0,0,0,0,0,0,15,0,0,0,0,0
5374,0,3,0,0,0,0,109,0,0,0,0,0
5375,0,0,0,0,0,0,0,5,0,0,0,0
5376,0,0,0,0,0,0,0,0,0,0,7,0
5377,0,0,0,29,1,22,0,0,0,0,0,0
5378,0,0,0,0,0,0,40,25,0,0,0,0
5379,0,0,0,0,0,0,1,0,0,0,0,0
5380,0,0,0,0,1,23,0,0,0,0,0,0
5381,0,0,0,0,0,0,1,0,0,0,0,0
5382,3,0,1,0,0,0,0,0,0,0,0,0
5383,5,64,13,0,0,0,0,0,0,0,0,0
5384,0,0,0,0,0,0,7,4,1,0,0,0
5385,0,0,0,0,0,0,0,0,0,0,6,1
5386,0,0,0,7,6823,33,0,18,0,0,0,0
5387,0,0,0,0,0,0,34,12,1,0,0,0
5388,0,12,971,0,0,0,0,0,0,314314,21,12
5389,0,0,0,3,0,36,0,0,0,0,0,0
5390,0,18,0,0,0,0,0,0,0,0,0,0
5391,0,33,0,0,0,0,0,0,0,0,0,0
5392,0,0,0,0,0,1,0,0,0,19,1099,1
5393,0,0,0,0,0,20,0,0,0,0,0,0
5394,0,0,0,0,1,2,0,0,0,0,0,0
5395,0,0,0,2,8,5,0,0,0,0,0,0
5396,0,0,0,1,0,1,0,0,0,0,0,0
5397,0,0,0,0,0,0,0,1,0,0,0,0
5398,0,0,0,1,0,12,0,0,0,0,0,0
5399,0,0,0,0,0,0,1,4,0,0,0,0
5400,0,0,0,0,0,0,0,0,0,0,2,0
5401,4,9,7,0,0,0,0,0,0,0,0,0
5402,0,0,0,0,0,0,0,0,0,5,4,0
5403,0,0,0,0,1,0,0,0,0,0,0,0
5404,0,0,0,6,39,13,0,0,0,0,0,0
5405,1,51,0,0,0,0,0,0,0,0,0,0
5406,0,0,0,0,2,37,0,0,0,0,0,0
5407,0,0,0,0,0,1,0,0,0,44,145,0
5408,0,0,0,1,6,23,0,0,0,0,0,0
5409,0,0,0,0,0,0,0,0,0,0,0,0
5410,73,36,1,0,0,0,0,0,0,0,0,0
5411,0,0,0,0,0,0,49,15,3,0,0,0
5412,0,0,0,0,0,0,0,0,0,2,29,0
5413,0,0,0,0,0,2,0,0,0,18,154,0
5414,0,0,0,0,0,8,0,0,0,0,0,0
5415,2,0,0,0,0,0,0,0,0,0,0,0
5416,0,0,0,0,0,0,0,0,0,0,73,0
5417,0,0,0,1,0,0,0,0,0,0,0,0
5418,0,0,0,0,0,0,2,0,0,0,0,0
5419,0,0,0,0,0,10,0,0,0,0,0,0
5420,5,20,1,0,0,0,0,0,0,0,0,0
5421,1,43,9,0,0,0,0,0,0,0,0,0
5422,0,0,0,2,0,128,0,0,0,0,1,0
5423,0,0,0,0,0,0,0,0,0,0,0,0
5424,3,26,1,0,0,0,1,0,0,0,0,0
5425,0,0,0,0,0,0,10,327,9,0,0,0
5426,0,17,51,0,0,0,0,0,0,0,0,0
5427,0,0,0,0,0,2,0,0,0,2,378,0
5428,6,43,1,0,0,0,1,0,0,0,0,0
5429,0,0,0,0,0,0,108,7,0,0,0,0
5430,0,0,0,0,0,0,0,0,0,0,0,0
5431,1,367,1,0,0,0,2,0,0,0,0,0
5432,0,0,0,0,0,0,23,24,0,0,0,0
5433,0,0,0,0,0,0,1,1,2,0,0,0
5434,0,0,0,1,5,14,0,0,0,0,0,0
5435,0,0,0,0,0,0,4,1,0,0,0,0
5436,5,21,9,0,0,0,0,0,0,0,0,0
5437,0,0,0,0,0,0,23,212,0,0,0,0
5438,0,0,0,0,0,21,0,0,0,0,0,0
5439,0,0,0,0,0,6,0,0,0,0,0,0
5440,1,36,0,0,0,0,0,0,0,0,0,0
5441,0,0,0,0,11,0,13,100,0,0,0,0
5442,0,0,0,0,0,0,0,1,1,0,0,0
5443,0,0,0,0,1,12,0,0,0,0,0,0
5444,0,0,0,0,0,0,0,1,0,0,0,0
5445,1,1,4,0,0,0,0,0,0,0,0,0
5446,0,0,0,0,0,32,0,0,0,0,0,0
5447,0,0,0,0,0,0,8,3,0,0,0,0
5448,0,0,0,1,0,7,0,0,0,0,0,0
5449,0,0,0,0,0,14,0,0,0,0,0,0
5450,1,0,0,0,0,0,0,0,0,0,0,0
5451,0,0,0,0,0,0,2,0,0,0,0,0
5452,0,100,0,0,0,0,0,0,0,0,0,0
5453,0,2,0,0,0,0,6,0,0,0,0,0
5454,1,5,0,0,0,0,0,0,0,0,0,0
5455,2,21,2,0,0,0,0,0,0,1,0,0
5456,0,4,0,0,0,0,0,0,0,0,0,0
5457,0,0,0,0,0,0,0,0,0,0,98,0
5458,5,8,2,0,0,0,0,0,0,0,0,0
5459,0,3,26,0,0,0,0,0,0,0,0,0
5460,0,0,0,0,0,3,0,0,0,0,0,0
5461,0,0,0,0,0,0,7,63,19,0,0,0
5462,29,165,12,0,0,0,1,0,0,0,0,0
5463,0,0,0,0,0,0,25,70,1,0,0,0
5464,0,0,0,1,2,8,0,0,0,0,0,0
5465,0,0,0,4,0,100,0,0,0,0,0,0
5466,24,20,0,0,0,0,0,0,0,0,0,0
5467,0,0,0,0,0,1,0,0,0,0,812,0
5468,0,0,0,0,78,77,0,0,0,0,0,0
5469,0,0,0,0,0,1,0,0,0,0,0,0
5470,0,0,0,0,0,0,93,1,0,0,0,0
5471,0,0,0,1,1,92,0,0,0,0,0,0
5472,0,0,0,1,2,2,0,0,0,0,0,0
5473,0,0,0,2,48,182,0,0,0,0,0,0
5474,0,0,0,0,0,0,0,0,0,1,2,0
5475,5,95,1,0,0,0,0,0,0,0,0,0
5476,1,13,13,0,0,0,0,0,0,0,0,0
5477,0,0,0,0,0,1,0,0,0,0,237,0
5478,1,23,0,0,0,0,0,0,0,0,0,0
5479,0,0,0,8,1,133,0,0,0,0,2,0
5480,0,0,0,0,0,0,18,4,0,0,0,0
5481,0,0,0,0,0,0,0,0,0,1,46,0
5482,0,0,0,0,0,0,0,0,0,3,111,1
5483,2,3,1,0,0,0,0,0,0,0,0,0
5484,2,31,28,0,0,0,0,0,0,0,0,0
5485,0,0,0,2,8,35,0,0,0,0,0,0
5486,0,0,0,1,1,7,0,0,0,0,0,0
5487,0,0,0,0,0,1,0,0,0,0,0,0
5488,1,751,0,0,0,0,4,0,0,0,0,0
5489,0,0,0,0,0,0,51,1,0,0,0,0
5490,0,53,3,0,0,0,0,0,0,0,0,0
5491,0,0,0,1,6,51,0,0,0,0,0,0
5492,0,0,0,0,4,10,0,0,0,0,0,0
5493,0,0,0,0,0,0,0,0,0,5,105,0
5494,0,0,0,0,1,20,0,0,0,0,0,0
5495,0,0,0,6,0,0,0,0,0,0,0,0
5496,0,0,0,0,0,0,66,3,1,0,0,0
5497,0,0,0,0,0,27,0,0,0,1,2580,1
5498,0,13,0,0,0,0,0,0,0,0,0,0
5499,58,31,3,0,0,0,0,0,0,0,0,0
5500,0,26,0,0,0,0,1,0,0,0,0,0
5501,0,66,15,0,0,0,0,0,0,0,0,0
5502,0,0,0,0,0,0,1,0,0,0,0,0
5503,8,28,42,0,0,0,0,0,0,0,0,0
5504,0,1,0,0,0,0,199,0,0,0,0,0
5505,0,0,0,0,0,3,0,0,0,0,0,0
5506,0,0,0,0,0,1,0,0,0,9,126,0
5507,0,0,0,339,23,18,0,1,0,0,0,0
5508,0,0,0,0,11,8,0,0,0,0,0,0
5509,0,0,0,0,0,0,89,4,7,0,0,0
5510,1,7,0,0,0,0,0,0,0,0,0,0
5511,0,60,8,0,0,0,0,0,0,0,0,0
5512,0,0,0,0,0,7,0,0,0,4,3322,0
5513,0,0,0,0,0,0,132,41,16,0,0,0
5514,0,0,0,3,0,24,0,0,0,0,0,0
5515,0,0,0,0,24,0,43,518,0,0,0,0
5516,0,0,0,0,0,0,23,32,0,0,0,0
5517,0,0,0,0,0,6,0,0,0,0,0,0
5518,0,0,0,0,0,0,31,53,0,0,0,0
5519,0,0,0,0,0,1,0,0,0,0,0,0
5520,0,0,0,0,0,0,0,0,0,0,0,0
5521,0,0,0,0,0,24,0,0,0,0,0,0
5522,0,7,0,0,0,0,0,0,0,0,0,0
5523,8,28,3,0,0,0,0,0,0,0,0,0
5524,0,65,0,0,0,0,0,0,0,0,0,0
5525,2,29,0,0,0,0,0,0,0,0,0,0
5526,0,0,0,0,0,3,0,0,0,49,971,0
5527,0,0,0,3,18,38,0,0,0,0,0,0
5528,0,0,0,1,0,1,0,0,0,0,0,0
5529,0,0,0,0,0,0,0,1,0,0,0,0
5530,0,0,0,0,0,9,0,0,0,0,0,0
5531,0,0,0,0,0,0,6,2,2,0,0,0
5532,0,0,0,0,0,0,9,1,0,0,0,0
5533,6,128,24,0,0,0,0,0,0,0,0,0
5534,0,0,1,0,0,0,0,0,0,6,0,0
5535,145,20,9,0,0,0,0,0,0,0,0,0
5536,1,226,2,0,0,0,0,0,0,0,0,0
5537,0,0,0,0,0,0,0,0,0,1,0,0
5538,15,33,0,0,0,0,0,0,0,0,0,0
5539,0,0,0,0,0,0,222,40,1,0,0,0
5540,0,0,0,0,0,0,0,0,0,2,0,0
5541,12,36,30,0,0,0,0,0,0,3,0,0
5542,0,3,0,0,1,0,57,215,36,0,0,0
5543,1,16,0,0,0,0,0,0,0,0,0,0
5544,0,0,0,0,0,0,0,0,0,19,427,1
5545,174,11,0,2,0,0,0,0,0,0,0,0
5546,0,30,0,0,0,0,0,0,0,0,0,0
5547,0,0,0,0,0,0,0,0,0,14,160,1
5548,0,0,0,0,0,3,0,0,0,12,635,0
5549,0,0,0,0,0,0,0,0,0,39,95,0
5550,0,0,0,2,3,0,0,0,0,0,0,0
5551,0,0,0,4,0,62,0,0,0,0,1,0
5552,0,6,0,0,0,0,0,0,0,0,0,0
5553,13,200,13,0,0,0,0,0,0,0,0,0
5554,0,0,0,0,2,0,23,329,1,0,0,0
5555,0,0,0,0,0,0,46,5,0,0,0,0
5556,0,0,0,0,0,0,10,0,0,0,0,0
5557,0,0,0,0,0,75,0,0,0,0,1,0
5558,0,0,0,0,0,0,256,8,0,0,0,0
5559,0,0,0,0,5,5,0,0,0,0,0,0
5560,28,105,7,1,0,0,0,0,0,0,0,0
5561,0,0,0,0,0,0,39,0,0,0,0,0
5562,0,20,72,0,0,0,0,0,0,0,0,0
5563,11,81,5,0,0,0,1,0,0,0,0,0
5564,0,0,0,0,0,0,4,15,0,0,0,0
5565,0,0,0,0,0,0,0,0,0,0,1,0
5566,0,0,0,2,37,38,0,2,0,0,0,0
5567,0,0,0,0,0,0,45,0,0,0,0,0
5568,0,0,0,0,0,0,0,0,0,0,0,0
5569,0,0,0,0,0,11,0,0,0,0,0,0
5570,0,198,0,0,0,0,1,0,0,0,0,0
5571,0,0,0,1,0,8,0,0,0,0,0,0
5572,0,22,0,0,20,0,208,792,2,0,0,0
5573,0,0,0,2,0,121,0,0,0,0,13,0
5574,1,9,0,0,0,0,0,0,0,0,0,0
5575,0,0,0,0,0,5,0,0,0,1,1446,0
5576,0,33,3,0,0,0,0,0,0,0,0,0
5577,0,0,0,3,1,538,0,0,0,0,17,0
5578,0,3,0,0,0,0,78,56,6,0,0,0
5579,0,0,0,0,0,0,5,0,0,0,0,0
5580,0,0,0,0,0,0,5,1,0,0,0,0
5581,0,0,0,0,0,119,0,0,0,60,5857,0
5582,20,32,1,0,0,0,0,0,0,0,0,0
5583,0,0,0,0,0,0,0,0,0,0,64,0
5584,0,10840,5,0,0,0,4462,61,11,1,0,0
5585,0,0,0,0,0,0,0,0,0,89,5,0
5586,0,0,0,0,6,9,0,0,0,0,0,0
5587,0,0,0,0,1,5,0,0,0,0,0,0
5588,0,0,0,0,7,1,0,0,0,0,0,0
5589,0,0,0,0,0,0,0,0,0,0,9,0
5590,0,0,0,5,0,16,0,0,0,0,0,0
5591,0,0,0,0,0,5,0,0,0,0,0,0
5592,0,0,0,0,0,0,0,0,0,0,0,0
5593,0,0,0,0,0,21,0,0,0,0,0,0
5594,0,0,0,0,0,0,4,1,0,0,0,0
5595,0,24,7,0,0,0,0,0,0,0,0,0
5596,0,7,4,0,0,0,0,0,0,0,0,0
5597,0,0,0,0,0,0,0,0,0,3,1,0
5598,4,12,0,1,0,0,0,0,0,0,0,0
5599,5,46,6,0,0,0,0,0,0,0,0,0
5600,0,0,0,2,3,104,0,0,0,0,1,0
5601,0,0,0,1,0,0,0,0,0,0,0,0
5602,0,0,0,5,0,7,0,0,0,0,0,0
5603,1,0,2,0,0,0,0,0,0,0,0,0
5604,0,22,0,0,0,0,0,0,0,0,0,0
5605,0,0,0,0,0,0,22,0,0,0,0,0
5606,0,10,5,0,0,0,0,0,0,1,0,0
5607,4,285,1,0,0,0,15,0,0,0,0,0
5608,5,116,20,0,0,0,0,0,0,0,0,0
5609,0,0,0,0,0,0,5,1,0,0,0,0
5610,0,0,0,0,0,0,0,0,0,0,0,0
5611,0,0,0,0,0,14,0,0,0,0,0,0
5612,0,0,0,0,0,0,26,289,0,0,0,0
5613,0,0,0,1,0,6,0,0,0,0,0,0
5614,0,0,0,1,5,63,0,0,0,0,0,0
5615,0,0,0,0,0,0,0,0,0,3,3,0
5616,0,27,0,0,0,0,0,0,0,0,0,0
5617,0,0,0,0,0,0,40,41,0,0,0,0
5618,2,22,2,0,0,0,0,0,0,0,0,0
5619,0,0,0,0,0,204,0,0,0,0,0,0
5620,0,24,1,0,0,0,0,0,0,0,0,0
5621,0,0,0,0,0,8,0,0,0,53,929,0
5622,0,0,0,0,0,7,0,0,0,18,3389,0
5623,0,0,0,1,2,5,0,0,0,0,0,0
5624,0,0,0,0,0,0,0,0,0,0,0,0
5625,0,0,0,0,0,0,0,0,0,0,0,0
5626,0,0,0,0,0,19,0,0,0,0,0,0
5627,0,20,2,0,0,0,0,0,0,0,0,0
5628,0,0,0,0,0,27,0,0,0,5,1166,0
5629,0,0,0,0,10275,0,49,10931,1,0,0,0
5630,0,0,0,0,0,2,0,0,0,0,0,0
5631,0,0,0,0,0,0,0,2,0,0,0,0
5632,0,0,0,0,0,13,0,0,0,0,0,0
5633,0,0,0,0,0,0,11,2,0,0,0,0
5634,0,0,0,0,0,0,3,2,0,0,0,0
5635,0,0,0,0,0,25,0,0,0,0,1,0
5636,0,14,0,0,0,0,0,0,0,0,0,0
5637,1,3,14,0,0,0,0,0,0,0,0,0
5638,0,53,1,0,0,0,1,0,0,0,0,0
5639,0,0,0,0,0,0,0,0,0,3,0,1
5640,2,15,1,0,0,0,0,0,0,0,0,0
5641,2,22,140,0,0,0,1,0,0,0,0,0
5642,0,0,0,0,0,0,0,7,1,0,0,0
5643,0,0,0,0,0,0,0,0,0,0,94,0
5644,0,0,0,4,1,104,0,0,0,0,4,0
5645,1,2,2,0,0,0,0,0,0,0,0,0
5646,0,0,0,0,0,5,0,0,0,8,300,6
5647,2,51,1,0,0,0,0,0,0,0,0,0
5648,0,9,14969,0,0,0,0,0,0,95,0,0
5649,9,6,204,0,0,0,0,0,0,1,1,0
5650,2,251,9,0,0,0,1,0,0,0,0,0
5651,0,0,0,1,0,0,0,0,0,0,0,0
5652,0,0,0,0,0,0,0,0,0,0,0,0
5653,0,0,0,0,0,402,0,0,0,0,1,0
5654,0,0,0,0,0,6,0,0,0,7,1239,3
5655,0,0,0,0,0,0,0,0,0,0,0,0
5656,1,9,0,0,0,0,0,0,0,0,0,0
5657,0,2,0,0,0,0,67,43,0,0,0,0
5658,0,0,0,0,0,28,0,0,0,0,0,0
5659,1,12,1,0,0,0,0,0,0,0,0,0
5660,0,0,0,0,0,0,0,0,0,5,0,1
5661,6,25,0,0,0,0,0,0,0,0,0,0
5662,0,23,0,0,0,0,0,0,0,0,0,0
5663,0,0,0,0,0,0,0,0,0,0,1,0
5664,0,0,0,0,0,0,0,0,0,0,0,0
5665,0,0,0,0,0,0,65,0,0,0,0,0
5666,0,0,0,0,0,0,17,0,0,0,0,0
5667,6,2,4,0,0,0,0,0,0,0,0,0
5668,0,0,0,0,0,0,71,74,1,0,0,0
5669,0,0,0,0,4,0,0,0,0,0,0,0
5670,0,0,0,0,0,0,0,0,0,1,2,0
5671,1,15,11,0,0,0,0,0,0,0,0,0
5672,0,0,0,0,0,11,0,0,0,58,1285,7
5673,0,0,0,0,0,0,0,0,0,14,155,0
5674,0,0,0,0,5,47,0,0,0,0,8,0
5675,0,0,0,0,0,0,0,0,0,0,0,0
5676,0,0,0,0,0,1,0,0,0,0,0,0
5677,0,0,0,0,0,3,0,0,0,0,0,0
5678,0,0,0,0,0,0,29,3,1,0,0,0
5679,0,0,0,0,0,4,0,0,0,0,0,0
5680,0,0,0,2,0,18,0,0,0,0,0,0
5681,0,28,4,0,0,0,0,0,0,0,0,0
5682,0,0,0,1,1,0,0,0,0,0,0,0
5683,0,0,0,0,0,0,14,16,0,0,0,0
5684,1,1,12,0,0,0,0,0,0,0,0,0
5685,0,0,0,0,0,0,0,0,0,0,0,0
5686,0,0,0,0,0,0,0,1,0,0,0,0
5687,0,0,0,0,0,0,0,0,0,0,0,0
5688,0,0,0,0,0,0,0,0,0,0,0,0
5689,32,58,1,0,0,0,1,0,0,0,0,0
5690,0,1,0,0,0,0,293,11,0,0,0,0
5691,0,0,0,0,0,0,0,0,0,2,169,1
5692,1,13,0,0,0,0,0,0,0,0,0,0
5693,0,0,0,0,0,0,0,0,0,39,104,0
5694,0,0,0,0,0,4,0,0,0,2,643,0
5695,0,36,0,0,0,0,0,0,0,0,0,0
5696,0,0,0,0,0,0,0,0,0,0,25,0
5697,0,0,0,0,0,0,0,0,0,2,13,0
5698,0,0,0,9,3,25,0,0,0,0,0,0
5699,0,0,0,0,0,0,18,55,0,0,0,0
5700,0,0,4,0,0,0,0,0,0,297,267,0
5701,0,0,0,25,8,61,0,0,0,0,0,0
5702,0,0,0,0,0,0,0,0,0,0,0,4
5703,115,21,6,1,0,0,0,0,0,0,0,0
5704,0,0,0,0,3,0,23,482,4,0,0,0
5705,0,0,0,10,0,9,0,0,0,0,0,0
5706,0,40,0,0,0,0,0,0,0,0,0,0
5707,0,0,0,0,1,84,0,0,0,0,0,0
5708,0,0,0,0,0,0,19,0,1,0,0,0
5709,1,11,6,0,0,0,0,0,0,0,0,0
5710,1,7,0,0,0,0,0,0,0,0,0,0
5711,0,0,0,0,0,0,0,0,0,0,3,1
5712,0,0,0,0,0,0,0,0,0,0,0,0
5713,0,0,0,3,0,93,0,0,0,0,0,0
5714,0,8,1,0,0,0,0,0,0,0,0,0
5715,0,73,25,0,0,0,0,0,0,0,0,0
5716,0,0,0,0,0,0,46,79,0,0,0,0
5717,0,0,0,0,0,0,0,0,0,0,129,0
5718,19,66,0,0,0,0,0,0,0,0,0,0
5719,0,0,0,26,4,40,0,0,0,0,0,0
5720,0,0,0,0,0,0,22,3,0,0,0,0
5721,0,0,0,0,0,0,9,3,1,0,0,0
5722,0,0,0,0,0,26,0,0,0,0,0,0
5723,2,22,0,0,0,0,0,0,0,0,0,0
5724,0,0,0,0,0,3,0,0,0,0,550,0
5725,5,40,2,0,0,0,0,0,0,0,0,0
5726,0,0,0,1,0,1,0,0,0,0,0,0
5727,0,0,0,0,0,0,0,0,0,0,0,0
5728,0,0,0,0,0,53,0,0,0,0,0,0
5729,0,4,0,0,0,0,0,0,0,0,0,0
5730,0,0,0,0,0,11,0,0,0,5,1872,1
5731,0,0,0,0,15,48,0,0,0,0,0,0
5732,0,0,0,0,0,0,0,0,0,0,0,0
5733,0,0,0,0,0,0,0,1,0,0,0,0
5734,0,0,0,0,0,24,0,0,0,0,0,0
5735,0,0,0,0,0,0,0,1,1,0,0,0
5736,0,0,0,0,0,0,0,0,0,0,0,0
5737,0,0,0,1,0,17,0,0,0,0,1,0
5738,4,0,0,0,0,0,0,0,0,0,0,0
5739,0,0,0,0,0,0,49,7,0,0,0,0
5740,0,0,0,0,0,9,0,0,0,0,0,0
5741,0,0,0,0,0,0,0,1,0,0,0,0
5742,6,24,21,0,0,0,0,0,0,0,0,0
5743,0,0,0,0,0,0,0,0,0,0,0,0
5744,0,0,0,0,0,0,0,0,0,0,0,0
5745,0,1,0,0,0,0,0,0,0,0,0,0
5746,0,0,0,0,0,2,0,0,0,0,232,0
5747,0,479,0,0,0,0,2,0,0,0,0,0
5748,0,0,0,0,0,0,0,0,0,110,124,0
5749,0,0,0,3,2,251,0,0,0,0,4,0
5750,0,0,0,0,0,0,1,0,1,0,0,0
5751,0,0,0,0,0,0,2,1,0,0,0,0
5752,0,0,0,0,0,15,0,0,0,0,0,0
5753,2,28,0,0,0,0,0,0,0,0,0,0
5754,4,24,6,0,0,0,0,0,0,0,0,0
5755,0,0,0,0,2,10,0,0,0,0,0,0
5756,0,0,0,3,0,12,0,0,0,0,0,0
5757,0,1,0,0,0,0,0,0,0,0,0,0
5758,0,0,0,0,0,2,0,0,0,0,188,0
5759,0,0,0,0,0,0,0,0,0,9,0,0
5760,7,23,0,0,0,0,0,0,0,0,0,0
5761,0,0,0,0,0,0,20,0,0,0,0,0
5762,0,0,0,4,3,288,0,0,0,0,3,0
5763,0,0,0,0,0,0,24,10,0,0,0,0
5764,0,0,0,0,2,27,0,0,0,0,0,0
5765,0,0,0,0,0,0,13,0,0,0,0,0
5766,0,0,0,0,0,0,0,0,15,0,0,0
5767,0,0,0,0,2,45,0,0,0,0,0,0
5768,0,0,0,0,0,0,0,0,0,0,0,0
5769,0,0,0,0,0,0,0,0,0,0,0,0
5770,0,0,0,0,0,0,0,0,0,0,57,0
5771,0,0,0,0,0,0,0,0,0,0,0,0
5772,0,0,0,0,0,0,0,0,0,0,0,0
5773,0,0,0,0,0,107,0,0,0,0,0,0
5774,0,1,0,0,0,0,0,0,0,0,0,0
5775,16,14,1,0,0,0,0,0,0,0,0,0
5776,0,10,0,0,0,0,0,0,0,0,0,0
5777,0,0,0,0,0,0,0,0,0,0,167,0
5778,1,0,0,0,0,0,0,0,0,0,0,0
5779,0,0,0,0,0,152,0,0,0,0,0,0
5780,2,607,0,0,0,0,1,0,0,0,0,0
5781,0,0,0,0,0,0,0,0,0,0,0,0
5782,1,5,1,0,0,0,0,0,0,0,0,0
5783,0,4,1,0,0,0,0,0,0,0,0,0
5784,0,0,0,0,0,2,0,0,0,3,1188,0
5785,0,0,0,3,6,50,0,0,0,0,1,0
5786,0,0,0,0,1,1,0,0,0,0,0,0
5787,0,0,0,0,0,0,0,0,0,0,126,1
5788,0,0,0,3,1,18,0,0,0,0,0,0
5789,0,1,0,0,0,0,0,0,0,0,0,0
5790,0,15,3,0,0,0,0,0,0,0,0,0
5791,2,19,14,0,0,0,0,0,0,0,0,0
5792,0,0,0,0,0,0,15,1,0,0,0,0
5793,0,2,6,0,0,0,0,0,0,0,0,0
5794,4,10,48,0,0,0,0,0,0,0,0,0
5795,0,67,0,0,0,0,0,0,0,0,0,0
5796,0,0,0,0,0,0,0,0,0,11,112,0
5797,0,0,0,1,13,33,0,0,0,0,0,0
5798,0,0,0,0,8,1,0,0,0,0,0,0
5799,0,0,0,0,0,0,0,0,0,0,0,0
5800,0,0,0,0,0,0,56,36,0,0,0,0
5801,0,0,0,0,0,24,0,0,0,0,0,0
5802,0,62,0,0,0,0,0,0,0,0,0,0
5803,0,0,0,0,0,5,0,0,0,0,1,0
5804,0,0,0,15,1,754,0,0,0,0,3,0
5805,0,0,0,0,0,0,3,7,1,0,0,0
5806,0,0,0,0,0,4,0,0,0,0,1251,1
5807,5,45,0,0,0,0,0,0,0,0,0,0
5808,0,0,0,0,0,2,0,0,0,0,0,0
5809,1,11,0,0,0,0,0,0,0,0,0,0
5810,0,0,0,0,0,0,27,1,0,0,0,0
5811,0,0,0,0,0,0,0,0,0,0,0,0
5812,0,0,0,0,0,20,0,0,0,8,2491,0
5813,0,0,0,0,0,0,6,7,0,0,0,0
5814,0,0,0,0,0,0,1,1,0,0,0,0
5815,0,0,0,2,0,47,0,0,0,0,0,0
5816,0,1,0,0,0,0,92,9,0,0,0,0
5817,0,0,0,0,0,0,0,0,0,6,205,1
5818,0,0,0,9,1,21,0,0,0,0,0,0
5819,0,0,0,3,4,7,0,0,0,0,0,0
5820,0,0,0,3,0,17,0,0,0,0,0,0
5821,4,20,0,0,0,0,0,0,0,0,0,0
5822,0,0,0,0,0,5,0,0,0,41,1059,0
5823,0,0,0,6,16,2,0,0,0,0,0,0
5824,0,0,0,0,0,43,0,0,0,0,0,0
5825,0,37,1,0,0,0,0,0,0,0,0,0
5826,0,0,0,0,0,2,0,0,0,21,1295,1
5827,1,14,1,0,0,0,0,0,0,0,0,0
5828,0,22,5,0,0,0,0,0,0,0,0,0
5829,15,59,5,0,0,0,0,0,0,0,0,0
5830,0,1,0,0,0,0,108,51,0,0,0,0
5831,0,0,0,0,0,9,0,0,0,0,0,0
5832,0,0,0,0,0,0,0,0,0,6,141,1
5833,0,0,0,0,0,1,0,0,0,31,341,10
5834,0,0,0,5,12,51,0,0,0,0,0,0
5835,0,0,0,0,0,0,0,0,0,0,333,0
5836,13,30,11,0,0,0,0,0,0,0,0,0
5837,0,0,0,0,0,0,16,0,0,0,0,0
5838,0,5,76,0,0,0,0,0,0,0,0,0
5839,3,33,3,0,0,0,0,0,0,0,0,0
5840,0,0,0,0,0,140,0,0,0,0,1,0
5841,0,6,0,0,0,0,0,0,0,0,0,0
5842,0,0,0,0,0,0,0,0,0,0,252,0
5843,0,66,0,0,0,0,1,0,0,0,0,0
5844,2,33,30,0,0,0,0,0,0,0,0,0
5845,12,15,8,0,0,0,0,0,0,0,0,0
5846,0,0,0,0,0,0,5,2,13,0,0,0
5847,0,0,0,0,0,0,0,6,2,0,0,0
5848,0,0,0,0,0,9,0,0,0,0,0,0
5849,0,0,0,0,0,5,0,0,0,37,2107,0
5850,0,0,0,0,0,2,0,0,0,24,286,0
5851,0,0,0,1,0,8,0,0,0,0,0,0
5852,0,588,0,0,0,0,9,0,0,0,0,0
5853,0,0,0,0,0,1,0,0,0,0,0,0
5854,0,0,0,7,0,13,0,0,0,0,0,0
5855,1,22,0,0,0,0,0,0,0,0,0,0
5856,0,0,0,0,0,0,0,0,0,0,2,0
5857,0,0,0,0,0,0,185,34,0,0,0,0
5858,0,0,0,0,0,0,23,0,0,0,0,0
5859,0,0,0,0,0,0,0,0,0,0,0,0
5860,0,0,0,0,0,71,0,0,0,0,6,0
5861,0,1,0,0,0,0,82,2,0,0,0,0
5862,0,0,0,0,0,4,0,0,0,0,0,0
5863,0,0,0,1,3,156,0,0,0,0,1,0
5864,0,0,0,39,1,10,0,0,0,0,0,0
5865,0,0,0,2,2,2,0,0,0,0,0,0
5866,0,0,0,0,0,0,0,0,0,1,188,0
5867,0,0,0,3,0,12,0,0,0,0,0,0
5868,0,0,0,0,0,0,0,0,0,0,0,0
5869,0,0,0,0,0,24,0,0,0,0,3938,0
5870,0,4,0,0,0,0,0,0,0,0,0,0
5871,0,22,8,0,0,0,0,0,0,0,0,0
5872,3,46,4,0,0,0,1,0,0,0,0,0
5873,0,0,0,0,0,0,2,0,0,0,0,0
5874,0,5,3,0,0,0,1,0,0,0,0,0
5875,0,6,22,0,0,0,0,0,0,0,0,0
5876,1,30,0,0,0,0,0,0,0,0,0,0
5877,0,769,4,0,0,0,22,0,0,0,0,0
5878,0,0,0,0,0,1,0,0,0,9,156,1
5879,7,23,2,0,0,0,0,0,0,0,0,0
5880,0,0,0,0,0,0,39,68,10,0,0,0
5881,0,0,0,0,1,22,0,0,0,0,0,0
5882,0,0,0,0,0,2,0,0,0,0,0,0
5883,0,0,0,0,0,0,0,0,0,0,0,0
5884,0,0,0,0,0,9,0,0,0,0,1581,0
5885,0,40,0,0,0,0,1,0,0,0,0,0
5886,0,0,0,0,0,5,0,0,0,4,1142,0
5887,20,12,0,0,0,0,0,0,0,0,0,0
5888,0,3,1,0,0,0,0,0,0,0,0,0
5889,0,0,0,0,0,0,0,0,0,0,2,0
5890,8,18,0,0,0,0,0,0,0,0,0,0
5891,1,189,1,0,0,0,0,0,0,0,0,0
5892,0,0,0,0,0,0,0,0,0,14,108,0
5893,0,0,0,0,0,0,0,0,0,1,315,0
5894,8,21,3,0,0,0,0,0,0,0,0,0
5895,0,0,0,4,1,32,0,0,0,0,0,0
5896,1,2,1,0,0,0,0,0,0,0,0,0
5897,0,9,1,0,0,0,0,0,0,0,0,0
5898,0,10,3,0,0,0,0,0,0,0,0,0
5899,0,76,0,0,0,0,0,0,0,0,0,0
5900,0,0,0,0,0,0,0,0,0,2,18,1
5901,0,0,0,0,0,0,0,0,0,0,46,0
5902,3,20,2,0,0,0,1,0,0,0,0,0
5903,0,0,0,0,0,0,25,34,1,0,0,0
5904,0,0,0,0,1,19,0,0,0,0,0,0
5905,0,0,0,3,0,13,0,0,0,0,0,0
5906,0,9,0,0,0,0,0,0,0,0,0,0
5907,0,0,0,0,0,8,0,0,0,5,1747,0
5908,0,0,0,1,4,54,0,0,0,0,0,0
5909,0,0,0,0,0,1,0,0,0,0,0,0
5910,2,0,0,0,0,0,0,0,0,0,0,0
5911,0,0,0,0,0,55,0,0,0,0,0,0
5912,0,1,0,0,0,0,0,0,0,0,0,0
5913,26,9,0,0,0,0,0,0,0,0,0,0
5914,2,28,1,0,0,0,0,0,0,0,0,0
5915,0,0,0,0,1,49,0,0,0,0,0,0
5916,0,0,0,0,0,1,0,0,0,0,0,0
5917,0,0,0,0,0,0,39,0,0,0,0,0
5918,0,0,0,0,0,0,89,7,0,0,0,0
5919,0,2,0,0,0,0,0,0,0,0,0,0
5920,0,0,0,3,0,33,0,0,0,0,0,0
5921,0,0,0,0,0,0,0,0,0,0,0,0
5922,0,0,0,0,0,0,0,0,0,0,0,0
5923,0,0,0,0,1,9,0,0,0,0,0,0
5924,0,20,0,0,0,0,1664,15,0,0,0,0
5925,0,0,0,0,0,18,0,0,0,0,0,0
5926,0,0,0,4,3,33,0,0,0,0,0,0
5927,0,0,0,0,0,0,59,24,0,0,0,0
5928,0,0,0,0,0,15,0,0,0,0,0,0
5929,0,0,0,4,0,16,0,0,0,0,0,0
5930,0,0,0,0,0,5,0,0,0,0,0,0
5931,0,1,0,0,0,0,64,14,0,0,0,0
5932,0,0,0,1,0,32,0,0,0,0,0,0
5933,0,5,0,0,0,0,0,0,0,0,0,0
5934,0,0,0,0,0,10,0,0,0,0,535,0
5935,1,25,1,0,0,0,0,0,0,0,0,0
5936,0,0,0,0,0,0,3,1,0,0,0,0
5937,0,20,1,0,0,0,0,0,0,0,0,0
5938,0,2,8,0,0,0,0,0,0,0,0,0
5939,2,30,19,0,0,0,0,0,0,4,0,0
5940,0,0,0,0,0,6,0,0,0,0,0,0
5941,1,0,0,22,5,79,0,0,0,0,1,0
5942,0,0,0,0,0,0,82,19,1,0,0,0
5943,11,18,3,0,0,0,0,0,0,0,0,0
5944,0,0,0,0,0,3224,0,0,0,5,26785,0
5945,0,0,0,0,0,0,0,0,0,1,6,1
5946,0,0,0,0,0,0,0,0,0,3,4,1
5947,0,0,0,1,0,19,0,0,0,0,0,0
5948,0,10,0,0,0,0,0,0,0,0,0,0
5949,4,133,7,0,0,0,3,0,0,0,0,0
5950,0,1,0,0,50,0,296,1019,35,0,0,1
5951,0,0,0,0,2,5,0,0,0,0,0,0
5952,0,0,0,0,282,1,0,2,0,0,0,0
5953,0,1,0,0,0,0,95,34,1,0,0,0
5954,0,0,0,0,0,0,14,9,0,0,0,0
5955,3,16,2,0,0,0,0,0,0,0,0,0
5956,0,0,0,0,0,0,0,0,0,0,177,0
5957,40,16,1,0,0,0,0,0,0,0,0,0
5958,1,116,33,0,0,0,0,0,0,1,0,0
5959,0,0,0,0,30,9,0,0,0,0,0,0
5960,0,0,0,0,0,1,0,0,0,0,0,0
5961,1,6,1,0,0,0,0,0,0,0,0,0
5962,0,0,0,0,0,53,0,0,0,0,0,0
5963,0,0,0,0,0,0,0,0,0,0,0,0
5964,1,0,0,0,0,0,0,0,0,0,0,0
5965,0,0,0,0,0,48,0,0,0,0,0,0
5966,0,2,0,0,0,0,0,0,0,0,0,0
5967,5,152,1,0,0,0,2,0,0,0,0,0
5968,0,0,0,0,0,0,24,2,0,0,0,0
5969,0,1,0,0,0,0,0,0,0,0,0,0
5970,0,3,0,0,0,0,0,0,0,0,0,0
5971,0,8,0,0,0,0,0,0,0,0,0,0
5972,0,0,0,0,0,0,21,107,0,0,0,0
5973,0,9,7,0,0,0,0,0,0,0,0,0
5974,0,0,0,0,0,3,0,0,0,0,1059,0
5975,8,1,2,0,0,0,0,0,0,0,0,0
5976,0,10,3,0,0,0,0,0,0,0,0,0
5977,0,0,0,5,0,23,0,0,0,0,1,0
5978,0,0,0,0,8,4,0,0,0,0,0,0
5979,0,0,0,0,0,2,0,0,0,1,735,0
5980,1,0,0,6,7,14,0,0,0,0,0,0
5981,0,0,0,6,0,1,0,0,0,0,0,0
5982,0,5,0,0,0,0,0,0,0,0,0,0
5983,0,0,0,0,0,52,0,0,0,0,1,0
5984,0,0,0,1,1,1,0,0,0,0,0,0
5985,0,0,0,0,1,2,0,0,0,0,0,0
5986,0,0,0,1,0,1845,0,0,0,0,315112,0
5987,1,1,0,0,0,0,0,0,0,0,0,0
5988,0,0,0,0,0,0,0,0,0,0,61,1
5989,12,16,10,0,0,0,0,0,0,0,0,0
5990,0,0,0,0,0,0,15,1,2,0,0,0
5991,4,24,471,0,0,0,0,0,0,0,0,0
5992,0,0,0,0,0,0,245,14,1,0,0,0
5993,0,0,0,0,0,0,0,0,0,0,0,0
5994,0,0,0,0,0,0,0,0,0,0,0,0
5995,0,122,0,0,0,0,2,0,0,0,0,0
5996,0,0,0,0,0,0,0,0,0,1,6,1
5997,0,0,0,0,0,0,0,0,0,1,8,0
5998,3,60,0,0,0,0,0,0,0,0,0,0
5999,1,1251,0,0,0,0,18,0,0,0,0,0
6000,0,0,0,0,1,20,0,0,0,0,0,0
6001,0,0,0,6,0,20,0,0,0,0,0,0
6002,0,0,0,0,0,0,0,0,0,0,0,0
6003,0,57,0,0,0,0,0,0,0,0,0,0
6004,0,0,0,0,1,109,0,0,0,0,0,0
6005,0,0,0,0,0,0,0,0,0,34,3,0
6006,0,0,0,0,0,2,0,0,0,0,0,0
6007,0,0,0,8,3,47,0,0,0,0,0,0
6008,0,0,0,0,0,0,37,18,7,0,0,0
6009,0,0,0,0,1,4,0,0,0,0,0,0
6010,1,24,0,0,0,0,0,0,0,0,0,0
6011,0,0,0,0,0,1,0,0,0,2,105,0
6012,0,0,0,0,0,0,0,0,0,14,20,5
6013,69,27,2,1,0,0,0,0,0,0,0,0
6014,0,13,3,0,0,0,0,0,0,0,0,0
6015,0,40,0,0,0,0,0,0,0,0,0,0
6016,0,0,0,0,0,0,0,0,0,7,223,0
6017,0,0,0,0,0,0,0,0,0,11,0,10
6018,16,16,1,0,0,0,0,0,0,0,0,0
6019,0,7,0,0,0,0,0,0,0,0,0,0
6020,0,0,0,0,0,0,0,0,0,2,28,0
6021,0,0,0,0,0,0,0,0,0,1,7,0
6022,2,62,0,0,0,0,0,0,0,0,0,0
6023,0,0,0,29,1,806,0,0,0,0,3,0
6024,0,72,17,0,0,0,0,0,0,0,0,0
6025,0,0,0,0,0,714,0,0,0,0,9,0
6026,0,0,1,0,0,4,0,0,0,28,1070,11
6027,0,0,4,0,0,5,0,0,0,514,1476,1
6028,2,115,3,0,0,0,1,0,0,0,0,0
6029,1,18,9,0,0,0,0,0,0,0,0,0
6030,1,36,1,0,0,0,1,0,0,0,0,0
6031,0,0,0,0,0,9,0,0,0,20,1197,0
6032,0,0,0,0,0,0,323,10,1,0,0,0
6033,0,0,0,0,0,0,0,0,0,4,353,0
6034,30,13,2,0,0,0,0,0,0,0,0,0
6035,2,72,20,0,0,0,0,0,0,0,0,0
6036,0,0,0,0,0,0,31,52,0,0,0,0
6037,0,0,0,0,0,17,0,0,0,11,2569,0
6038,0,0,0,0,0,4,0,0,0,0,0,0
6039,0,0,0,0,4,9,0,0,0,0,0,0
6040,0,0,0,0,0,77,0,0,0,1,6818,0
6041,0,0,0,0,0,0,21,19,3,0,0,0
6042,0,20,0,0,0,0,1,0,0,0,0,0
6043,0,0,0,0,0,92,0,0,0,0,0,0
6044,0,2,1,0,0,0,0,0,0,0,0,0
6045,0,17,0,0,0,0,0,0,0,0,0,0
6046,0,0,0,0,0,18,0,0,0,0,0,0
6047,0,0,0,1,0,0,0,0,0,0,0,0
6048,0,0,0,0,0,2,0,0,0,0,0,0
6049,0,0,0,1,0,1,0,0,0,0,0,0
6050,1,3,0,0,0,0,0,0,0,0,0,0
6051,2,64,4,0,0,0,0,0,0,0,0,0
6052,0,27,0,0,0,0,823,29,0,0,0,0
6053,0,0,0,0,0,4,0,0,0,0,0,0
6054,0,0,0,0,0,2,0,0,0,0,0,0
6055,0,0,0,4,0,10,0,0,0,0,0,0
6056,0,0,0,0,0,0,35,54,0,0,0,0
6057,0,0,0,0,0,3,0,0,0,0,0,0
6058,0,55,11,0,0,0,0,0,0,0,0,0
6059,0,0,0,1,6,1,0,0,0,0,0,0
6060,0,0,0,0,0,0,0,0,0,0,0,0
6061,0,0,0,0,0,39,0,0,0,0,0,0
6062,0,0,0,0,0,0,8,2,0,0,0,0
6063,1,76,28,0,0,0,0,0,0,0,0,0
6064,0,0,0,1,0,27,0,0,0,0,0,0
6065,1,17,0,0,0,0,0,0,0,0,0,0
6066,0,10,5,0,0,0,0,0,0,0,0,0
6067,0,0,0,1,2,793,0,0,0,0,4,0
6068,0,81,0,0,0,0,0,0,0,0,0,0
6069,0,0,0,1,21,66,0,0,0,0,0,0
6070,0,0,0,0,0,41,0,0,0,36,2035,5
6071,0,9,0,0,0,0,0,0,0,0,0,0
6072,1,20,2,0,0,0,0,0,0,0,0,0
6073,2,45,3,0,0,0,0,0,0,0,0,0
6074,0,0,0,1,0,10,0,0,0,0,0,0
6075,0,0,0,2,1,1,0,0,0,0,0,0
6076,0,0,0,1,1,4,0,0,0,0,0,0
6077,0,0,0,0,0,0,4,92,0,0,0,0
6078,0,0,0,0,0,0,0,0,0,0,63,0
6079,0,0,0,4,5,34,0,1,0,0,0,0
6080,0,0,0,0,0,0,243,15,15,0,0,0
6081,4,146,11,0,0,0,0,0,0,0,0,0
6082,0,0,0,2,0,73,0,0,0,0,0,0
6083,0,0,0,0,0,0,11,8,19,0,0,0
6084,2,118,18,0,0,0,0,0,0,1,0,0
6085,0,0,0,1,4,22,0,0,0,0,0,0
6086,0,0,0,1,0,12,0,0,0,0,0,0
6087,0,0,0,1,0,0,0,0,0,0,0,0
6088,2,37,0,0,0,0,3,0,0,0,0,0
6089,0,1,0,0,0,0,0,0,0,0,0,0
6090,1,0,0,0,0,0,0,0,0,0,0,0
6091,0,0,0,0,0,6,0,0,0,0,487,0
6092,0,0,0,0,0,0,0,0,0,25,0,0
6093,9,6,0,0,0,0,0,0,0,0,0,0
6094,0,0,0,0,1,0,10,93,3,0,0,0
6095,0,0,0,0,38,9,0,0,0,0,0,0
6096,0,0,0,0,0,16,0,0,0,0,0,0
6097,0,31,0,0,0,0,0,0,0,0,0,0
6098,1,9,0,0,0,0,0,0,0,0,0,0
6099,0,0,0,0,0,0,0,0,0,23,123,2
6100,0,0,0,0,0,2,0,0,0,0,0,0
6101,0,97,0,0,0,0,7617,8,0,0,0,0
6102,0,0,0,0,0,0,13,8,0,0,0,0
6103,0,0,0,0,0,4,0,0,0,0,0,0
6104,0,0,0,0,0,9,0,0,0,0,1,0
6105,3,77,1,0,0,0,0,0,0,0,0,0
6106,0,0,0,0,0,43,0,0,0,0,0,0
6107,0,4,0,0,0,0,0,0,0,0,0,0
6108,5,50,1,0,0,0,0,0,0,0,0,0
6109,0,0,0,0,0,0,28,9,0,0,0,0
6110,0,1,0,0,0,0,0,0,0,0,0,0
6111,0,40,4,0,0,0,0,0,0,0,0,0
6112,0,58,0,0,0,0,0,0,0,0,0,0
6113,0,0,0,0,0,0,0,0,0,13,94,0
6114,0,0,0,0,0,0,0,0,0,18,206,1
6115,0,0,0,14,2,41,0,0,0,0,0,0
6116,0,0,0,0,0,0,4,5,1,0,0,0
6117,0,0,0,0,0,0,0,0,0,1,53,1
6118,0,0,0,9,10,18,0,0,0,0,0,0
6119,0,0,0,2,2,126,0,0,0,0,0,0
6120,0,0,0,0,0,6,0,0,0,0,558,0
6121,20,31,5,0,0,0,0,0,0,0,0,0
6122,0,25,5,0,0,0,0,0,0,0,0,0
6123,0,0,0,0,0,0,34,5,0,0,0,0
6124,0,36,0,0,0,0,0,0,0,0,0,0
6125,0,0,0,0,0,0,17,1,0,0,0,0
6126,0,9,1,0,0,0,1,0,0,0,0,0
6127,0,1,0,0,0,0,108,25,0,0,0,0
6128,0,0,0,0,0,1,0,0,0,3,251,0
6129,0,0,0,0,0,0,0,0,0,0,0,0
6130,0,0,0,0,4,19,0,0,0,0,0,0
6131,1,5,0,0,0,0,0,0,0,0,0,0
6132,0,20,2,0,0,0,0,0,0,0,0,0
6133,2,28,9,0,0,0,0,0,0,0,0,0
6134,0,0,0,0,0,0,54,0,2,0,0,0
6135,0,0,0,0,0,0,0,0,0,0,0,0
6136,0,0,0,4,0,29,0,0,0,0,0,0
6137,0,31,0,0,0,0,0,0,0,0,0,0
6138,0,0,0,0,0,0,0,0,0,1,8,0
6139,0,45,0,0,0,0,0,0,0,0,0,0
6140,0,0,0,3,1,3,0,0,0,0,0,0
6141,0,0,0,4,0,0,0,0,0,0,0,0
6142,0,0,0,8,2,21,0,0,0,0,0,0
6143,0,0,0,0,0,4,0,0,0,0,0,0
6144,0,0,0,17,1,5,0,0,0,0,0,0
6145,0,0,0,0,0,5,0,0,0,15,872,0
6146,0,0,0,0,0,0,0,0,0,0,0,0
6147,0,0,0,0,0,0,0,0,0,2,0,0
6148,0,0,0,13,7,96,0,0,0,0,0,0
6149,0,1,0,0,0,0,15,6,3,0,0,3
6150,2,0,17,0,0,0,0,0,0,0,0,0
6151,0,0,0,0,0,0,0,0,0,17,226,1
6152,0,0,0,0,0,18,0,0,0,0,0,0
6153,0,0,0,0,1,0,0,0,0,0,0,0
6154,2,37,0,0,0,0,0,0,0,0,0,0
6155,1,38,0,0,0,0,0,0,0,0,0,0
6156,11,15,18,0,0,0,0,0,0,0,0,0
6157,0,0,0,2,0,79,0,0,0,0,0,0
6158,0,0,0,0,0,0,3,7,0,0,0,0
6159,0,0,0,0,0,0,1,0,0,0,0,0
6160,0,0,0,0,0,21,0,0,0,0,0,0
6161,0,0,0,0,0,0,4,1,1,0,0,0
6162,1,0,5,0,0,0,0,0,0,0,0,0
6163,0,0,0,0,0,14,0,0,0,0,0,0
6164,0,0,0,0,0,0,0,5,0,0,0,0
6165,0,0,0,1,0,4,0,0,0,0,0,0
6166,0,26,0,0,0,0,1387,13,1,0,0,0
6167,0,0,0,0,0,0,0,0,0,0,0,0
6168,0,0,0,0,0,9,0,0,0,0,0,0
6169,0,0,0,0,1,0,87,53,0,0,0,0
6170,0,0,0,0,1,0,2,37,2,0,0,0
6171,0,0,0,0,0,0,0,0,0,0,17,6
6172,0,0,0,0,1,13,0,0,0,0,0,0
6173,0,16,0,0,0,0,0,0,0,0,0,0
6174,0,0,0,0,54,4,0,0,0,0,0,0
6175,0,0,0,4,0,10,0,0,0,0,0,0
6176,0,1,0,0,0,0,13,2,0,0,0,0
6177,1,5,4,0,0,0,0,0,0,0,0,0
6178,0,0,0,0,1,11,0,0,0,0,0,0
6179,0,0,0,0,1,6,0,0,0,0,0,0
6180,0,2,2,0,0,0,0,0,0,0,0,0
6181,0,0,0,0,0,61,0,0,0,0,1,0
6182,0,3,12,0,0,0,0,0,0,0,0,0
6183,0,45,28,0,0,0,0,0,0,0,0,0
6184,6,66,2,0,0,0,0,0,0,0,0,0
6185,0,0,0,0,0,39,0,0,0,3,430,0
6186,1,0,0,0,0,0,0,0,0,0,0,0
6187,0,0,0,0,0,0,0,0,0,6,39,1
6188,0,0,0,0,0,7,0,0,0,0,0,0
6189,0,2,0,0,0,0,0,0,0,0,0,0
6190,0,0,0,0,0,1,0,0,0,0,151,0
6191,0,33,0,0,0,0,0,0,0,0,0,0
6192,0,0,0,0,0,6,0,0,0,1,58,0
6193,2,48,1,0,0,0,3,0,0,0,0,0
6194,0,0,2,0,0,1,0,0,0,29,54,0
6195,0,0,1,0,0,32,0,0,0,84,705,0
6196,0,0,1,0,0,46,0,0,0,61,2559,1
6197,0,0,0,8,19,49,0,0,0,0,0,0
6198,0,0,0,0,0,1,0,0,0,10,388,1
6199,0,0,0,3,4,76,0,0,0,0,0,0
6200,0,0,0,0,0,9,0,0,0,0,0,0
6201,0,0,0,6,0,3,0,0,0,0,0,0
6202,0,0,0,0,0,5,0,0,0,0,0,0
6203,0,2,0,0,0,0,0,0,0,0,0,0
6204,1,69,3,0,0,0,0,0,0,0,0,0
6205,0,0,0,0,0,0,37,1,0,0,0,0
6206,0,1,3,0,0,0,0,0,0,0,0,0
6207,1,20,2,0,0,0,0,0,0,0,0,0
6208,0,52,1,0,0,0,0,0,0,0,0,0
6209,0,0,0,0,0,0,1,0,0,0,0,0
6210,0,0,0,0,0,0,0,0,1,0,0,0
6211,5,157,6,0,0,0,0,0,0,0,0,0
6212,0,0,0,0,0,0,0,7,2,0,0,0
6213,0,0,0,0,0,0,0,0,0,0,224,5
6214,0,0,0,3,0,19,0,0,0,0,1,0
6215,0,0,0,0,0,0,0,0,0,0,0,0
6216,0,7,0,0,0,0,0,0,0,0,0,0
6217,2,61,7,0,0,0,0,0,0,0,0,0
6218,0,0,0,1,0,54,0,0,0,0,21,0
6219,0,0,0,0,0,0,0,0,0,0,0,0
6220,0,0,0,0,0,0,18,1,0,0,0,0
6221,0,0,0,0,0,14,0,0,0,0,0,0
6222,0,0,0,0,1,0,0,0,0,0,0,0
6223,0,109,0,0,0,0,0,0,0,0,0,0
6224,0,0,0,0,0,0,0,0,0,1,54,0
6225,3,1,0,0,0,0,0,0,0,0,0,0
6226,0,0,0,0,0,94,0,0,0,0,4,0
6227,0,0,0,0,0,0,0,0,0,0,0,0
6228,0,23,0,0,0,0,0,0,0,0,0,0
6229,0,16,1,0,0,0,0,0,0,0,0,0
6230,0,0,0,0,0,0,0,0,0,0,280,0
6231,0,0,0,0,0,0,0,0,0,21,11,0
6232,0,0,0,0,2,24,0,0,0,0,0,0
6233,0,60,0,0,0,0,0,0,0,0,0,0
6234,0,0,0,0,0,4,0,0,0,0,0,0
6235,0,0,0,4,2,23,0,0,0,0,0,0
6236,0,1,0,0,0,0,275,3,2,0,0,0
6237,0,0,0,0,0,0,0,0,0,0,0,0
6238,0,0,0,2,5,77,0,0,0,0,0,0
6239,0,0,0,0,0,1,0,0,0,0,0,0
6240,0,0,0,0,0,0,1,1,0,0,0,0
6241,0,0,0,0,0,0,1,1,0,0,0,0
6242,0,0,0,0,0,0,0,0,0,0,5,0
6243,2,3,0,0,0,0,0,0,0,0,0,0
6244,0,0,0,0,0,5,0,0,0,0,0,0
6245,0,0,0,0,0,0,39,8,7,0,0,0
6246,0,0,0,0,1,36,0,0,0,0,0,0
6247,0,0,0,11,0,47,0,0,0,0,0,0
6248,15,172,37,0,0,0,0,0,0,0,0,0
6249,0,22,0,0,0,0,0,0,0,0,0,0
6250,0,0,0,0,0,2,0,0,0,1,176,0
6251,1,10,1,0,0,0,0,0,0,0,0,0
6252,0,7,12,0,0,0,0,0,0,0,0,0
6253,0,0,0,24,1,30,0,0,0,0,0,0
6254,0,0,0,0,0,0,63,11,3,0,0,0
6255,0,0,0,0,0,0,0,0,0,0,0,0
6256,9,27,5,0,0,0,0,0,0,0,0,0
6257,0,4,0,0,0,0,0,0,0,0,0,0
6258,0,0,0,0,0,6,0,0,0,3,487,0
6259,0,0,0,1,0,17,0,0,0,0,0,0
6260,2,0,0,0,0,0,0,0,0,0,0,0
6261,2,33,4,0,0,0,0,0,0,0,0,0
6262,0,0,0,0,7,270,0,0,0,0,2,0
6263,0,1,0,0,0,0,0,0,0,0,0,0
6264,0,13,0,0,0,0,0,0,0,0,0,0
6265,2,26,0,0,0,0,0,0,0,0,0,0
6266,0,3,0,0,0,0,501,6,3,0,0,0
6267,0,0,0,0,0,0,0,0,0,11,162,0
6268,0,0,0,0,0,1,0,0,0,143,252,0
6269,0,4,0,0,0,0,0,0,0,0,0,0
6270,0,0,0,0,0,1,0,0,0,0,253,0
6271,0,0,0,0,0,0,50,39,3,0,0,0
6272,3,0,0,619,0,11,0,0,0,0,0,0
6273,15,142,0,0,0,0,0,0,0,0,0,0
6274,0,0,0,0,1,568,0,0,0,0,3,0
6275,0,1,0,0,0,0,0,0,0,0,0,0
6276,0,85,2,0,0,0,0,0,0,0,0,0
6277,1,30,0,0,0,0,0,0,0,0,0,0
6278,0,0,0,0,0,0,0,0,0,3,59,0
6279,0,0,0,0,0,0,0,0,0,7,112,0
6280,2,1,0,0,0,0,0,0,0,0,0,0
6281,0,0,1,0,0,0,0,0,0,0,0,0
6282,0,1,0,0,0,0,0,0,0,0,0,0
6283,0,0,0,0,1,290,0,0,0,0,1,0
6284,0,27,0,0,0,0,0,0,0,0,0,0
6285,0,0,0,0,0,40,0,0,0,13,5413,0
6286,0,0,1,0,0,410,0,0,0,106,48706,4
6287,0,0,0,0,0,0,0,0,0,0,0,0
6288,0,0,0,0,0,0,0,2,0,0,0,0
6289,0,0,0,0,0,0,0,3,0,0,0,0
6290,0,0,0,0,3,1,0,0,0,0,0,0
6291,0,0,0,0,0,0,1,0,31,0,0,0
6292,0,0,0,0,0,18,0,0,0,0,0,0
6293,1,88,0,0,0,0,1,0,0,0,0,0
6294,0,0,0,0,0,103,0,0,0,0,0,0
6295,0,85,1,0,0,0,0,0,0,0,0,0
6296,0,0,0,0,0,0,0,0,0,2,27,0
6297,0,0,0,0,0,0,23,3,0,0,0,0
6298,0,0,0,0,1,20,0,0,0,0,0,0
6299,0,0,0,8,0,3,0,0,0,0,0,0
6300,0,0,0,0,0,0,7,1,1,0,0,0
6301,0,0,0,0,0,8,0,0,0,0,0,0
6302,0,0,0,0,0,0,0,0,0,7,5,0
6303,0,0,0,0,0,3,0,0,0,0,0,0
6304,0,0,0,4,13,14,0,1,0,0,0,0
6305,0,0,0,28,0,13,0,0,0,0,0,0
6306,0,0,0,0,0,0,0,25,2,0,0,0
6307,0,0,0,0,0,0,0,28,7,0,0,0
6308,1,22,23,0,0,0,0,0,0,0,0,0
6309,0,3,0,0,0,0,51,69,41,0,0,0
6310,0,0,0,0,0,8,0,0,0,42,1485,0
6311,1,24,5,0,0,0,0,0,0,0,0,0
6312,0,0,6,0,0,8,0,0,0,342,1421,2
6313,6,20,0,0,0,0,0,0,0,0,0,0
6314,1,11,6,0,0,0,0,0,0,0,0,0
6315,1,23,5,0,0,0,0,0,0,0,0,0
6316,1,41,3,0,0,0,0,0,0,0,0,0
6317,0,0,0,0,0,2,0,0,0,10,1660,0
6318,0,0,0,0,0,0,0,0,0,33,502,0
6319,4,14944,5,0,0,0,148,10,0,0,0,0
6320,0,0,0,0,4,0,38,288,0,0,0,0
6321,0,0,0,0,3,21,0,0,0,0,0,0
6322,0,0,0,125,8,99,0,0,0,0,0,0
6323,0,0,0,0,0,0,14,0,32,0,0,0
6324,2,29,8,0,0,0,0,0,0,0,0,0
6325,0,36,0,0,0,0,0,0,0,0,0,0
6326,0,6,0,0,0,0,0,0,0,0,0,0
6327,0,0,0,0,0,1,0,0,0,2,227,0
6328,1,36,0,0,0,0,0,0,0,0,0,0
6329,0,0,0,2,6,71,0,0,0,0,0,0
6330,0,0,0,0,0,0,0,0,0,0,102,0
6331,0,8,1,0,0,0,0,0,0,0,0,0
6332,0,7,1,0,0,0,0,0,0,0,0,0
6333,0,14,4,0,0,0,0,0,0,0,0,0
6334,0,0,0,2,8,215,0,0,0,0,0,0
6335,0,0,0,7,9,9,0,0,0,0,0,0
6336,0,0,0,0,0,1,0,0,0,0,1328,0
6337,0,75,0,0,0,0,304,302,7,0,0,0
6338,0,0,0,0,1,15,0,0,0,0,0,0
6339,0,0,0,2,4,16,0,0,0,0,0,0
6340,0,0,0,43,7,14,0,0,0,0,0,0
6341,0,0,0,0,0,0,53,20,0,0,0,0
6342,12,138,20,0,0,0,0,0,0,0,0,0
6343,0,0,0,5,2,100,0,0,0,0,0,0
6344,0,1,0,0,0,0,187,58,0,0,0,0
6345,0,0,0,0,19,100,0,0,0,0,3,0
6346,0,21,0,0,0,0,0,0,0,0,0,0
6347,0,0,0,0,0,2,0,0,0,10,469,0
6348,0,0,0,9,0,10,0,0,0,0,0,0
6349,0,0,0,0,0,0,85,266,4,0,0,0
6350,0,29,5,0,0,0,0,0,0,0,0,0
6351,27,17,18,0,0,0,0,0,0,0,0,0
6352,0,0,0,0,6,0,175,914,7,0,0,0
6353,0,0,0,4,13,250,0,0,0,0,16,0
6354,0,0,0,0,0,6,0,0,0,0,695,0
6355,17,47,4,0,0,0,0,0,0,0,0,0
6356,0,0,0,0,0,0,73,2,1,0,0,0
6357,4,24,19,0,0,0,0,0,0,0,0,0
6358,0,0,0,0,0,0,189,63,1,0,0,0
6359,0,0,0,0,0,0,96,48,0,0,0,0
6360,1,41,2,0,0,0,0,0,0,0,0,0
6361,0,0,0,0,0,1,0,0,0,4,660,0
6362,0,5,0,0,1,0,362,70,2,0,0,0
6363,0,0,0,0,0,0,0,0,0,15,240,0
6364,0,0,0,0,0,0,124,33,1,0,0,0
6365,0,0,0,0,0,0,0,0,0,8,2,0
6366,173,49,3,8,0,0,1,0,0,0,0,0
6367,0,0,0,0,1,0,43,110,0,0,0,0
6368,0,0,0,0,0,0,183,0,0,0,0,0
6369,0,0,0,0,0,0,27,8,1,0,0,0
6370,0,13,3,0,0,0,0,0,0,0,0,0
6371,0,37,16,0,0,0,0,0,0,0,1,0
6372,0,0,0,7,0,26,0,0,0,0,1,0
6373,0,0,0,0,1,0,19,137,0,0,0,0
6374,0,0,0,0,1,0,14,25,2,0,0,0
6375,0,51,17,0,0,0,0,0,0,0,0,0
6376,0,0,0,3,71,318,0,0,0,0,4,0
6377,2,6,0,0,0,0,0,0,0,0,0,0
6378,3,27,4,0,0,0,0,0,0,0,0,0
6379,0,0,0,9,4,794,0,0,0,0,25,0
6380,0,0,0,0,0,1,0,0,0,2,361,0
6381,0,0,0,8,6,6,0,0,0,0,0,0
6382,0,0,0,96,4,13,0,0,0,0,0,0
6383,0,0,0,0,0,0,16,5,0,0,0,0
6384,0,0,0,0,0,1,0,0,0,0,100,0
6385,0,0,0,0,0,2,0,0,0,23,153,1
6386,0,0,0,13,4,9,0,0,0,0,0,0
6387,0,0,0,0,0,0,133,3,0,0,0,0
6388,0,0,0,0,0,0,0,0,0,0,342,0
6389,0,6,0,0,0,0,52,0,0,0,0,0
6390,2,22,9,0,0,0,0,0,0,0,0,0
6391,6,95,36,0,0,0,3,0,0,0,0,0
6392,0,0,0,0,1,0,57,33,1,0,0,0
6393,1,83,15,0,0,0,0,0,0,0,0,0
6394,0,0,0,0,6,602,0,0,0,0,0,0
6395,0,0,0,0,0,2,0,0,0,4,720,2
6396,0,0,0,20,2,34,0,0,0,0,0,0
6397,6,5,3,0,0,0,0,0,0,0,0,0
6398,1,4,5,0,0,0,0,0,0,0,0,0
6399,11,24,2,0,0,0,0,0,0,0,0,0
6400,1,30,0,0,0,0,1,0,0,0,0,0
6401,0,0,0,0,0,6,0,0,0,10,1272,0
6402,0,0,0,1,0,62641,0,0,0,4,64499,93
6403,29,18,5,0,0,0,0,0,0,0,0,0
6404,0,0,0,0,5,0,25,881,4,0,0,0
6405,0,0,0,0,0,7,0,0,0,0,0,0
6406,0,0,0,0,0,0,0,0,0,16,132,0
6407,1,0,0,164,161,34,0,1,0,0,0,0
6408,0,0,0,0,0,1,0,0,0,110,1830,0
6409,0,0,0,24,3,314,0,0,0,0,1,0
6410,0,0,0,0,0,0,63,0,1,0,0,0
6411,454,17,6,0,0,0,0,0,0,0,0,0
6412,17,67,5,2,0,0,1,0,0,0,0,0
6413,0,0,0,0,0,0,33,0,3,0,0,0
6414,0,69,5,0,0,0,0,0,0,0,0,0
6415,5,39,94,0,0,0,0,0,0,0,2,0
6416,0,0,0,0,0,0,31,38,0,0,0,0
6417,0,0,0,2,4,3,0,0,0,0,0,0
6418,46,13,0,1,0,0,0,0,0,0,0,0
6419,0,0,0,0,2,0,18,65,2,0,0,0
6420,0,0,0,2,1,10,0,0,0,0,0,0
6421,0,0,0,0,1,0,47,465,10,0,0,0
6422,0,0,0,0,0,0,83,0,1,0,0,0
6423,2,11,1,0,0,0,0,0,0,0,0,0
6424,7,66,7,0,0,0,0,0,0,0,0,0
6425,2,18,0,0,0,0,0,0,0,0,0,0
6426,15,42,0,0,0,0,0,0,0,0,0,0
6427,0,0,0,1,4,52,0,0,0,0,0,0
6428,0,0,0,0,0,4,0,0,0,9,587,3
6429,0,0,1,0,0,0,0,0,0,45,125,0
6430,0,0,0,10,0,57,0,0,0,0,1,0
6431,0,2,0,0,0,0,0,0,0,0,0,0
6432,0,0,0,0,0,0,0,0,0,3,352,0
6433,0,0,0,0,0,0,0,0,0,8,257,0
6434,97,25,1,2,0,0,0,0,0,0,0,0
6435,0,0,0,3,1,186,0,0,0,0,0,0
6436,0,13,0,0,0,0,0,0,0,0,0,0
6437,0,0,0,0,0,0,0,0,0,17,1,0
6438,1,17,2,0,0,0,0,0,0,0,0,0
6439,0,0,0,0,0,0,27,6,6,0,0,0
6440,1,7,5,0,0,0,0,0,0,0,0,0
6441,1,3357,10,0,0,0,26,0,0,0,0,0
6442,0,82,9,0,0,0,0,0,0,0,0,0
6443,0,0,0,0,0,0,57,132,0,0,0,0
6444,0,11,3,0,0,0,0,0,0,0,0,0
6445,0,0,0,0,0,3,0,0,0,6,638,0
6446,0,0,0,0,1,0,226,680,2,0,0,0
6447,0,0,0,0,8,21,0,0,0,0,0,0
6448,0,0,0,10,13,10,0,0,0,0,0,0
6449,0,0,0,0,0,3,0,0,1,12,1299,5
6450,0,0,0,2,3,15,0,0,0,0,0,0
6451,0,0,0,6,0,20,0,0,0,0,0,0
6452,0,0,0,0,0,0,7,0,1,0,0,0
6453,2,39,6,0,0,0,1,0,0,0,0,0
6454,0,0,0,0,3,0,18,35,0,0,0,0
6455,0,0,0,0,2,3,0,0,0,0,0,0
6456,0,0,0,0,0,0,30,4,0,0,0,0
6457,0,0,0,0,0,19,0,0,0,0,0,0
6458,0,12,1,0,0,0,0,0,0,0,0,0
6459,0,190,28,0,0,0,2,0,0,0,0,0
6460,0,0,0,3,0,13,0,0,0,0,0,0
6461,0,0,0,0,0,0,231,26,1,0,0,0
6462,0,0,0,0,0,14,0,0,0,0,0,0
6463,0,0,0,0,0,0,12,347,8,0,0,0
6464,0,41,14,0,0,0,1,0,0,0,0,0
6465,6,6,1,0,0,0,0,0,0,0,0,0
6466,7,95,1,0,0,0,1,0,0,0,0,0
6467,1,13,42,0,0,0,0,0,0,0,0,0
6468,0,0,0,0,0,0,0,0,0,65,237,0
6469,0,0,0,0,0,51,0,0,0,0,0,0
6470,0,6,0,0,0,0,0,0,0,0,0,0
6471,0,0,0,0,0,2,0,0,0,56,302,1
6472,0,0,0,0,0,1,0,0,0,62,412,0
6473,0,0,0,0,0,0,62,1,0,0,0,0
6474,7,40,15,0,0,0,0,0,0,0,0,0
6475,6,17,15,0,0,0,0,0,0,0,0,0
6476,0,1,0,0,2,0,87,519,0,0,0,0
6477,0,0,0,1,1,8,0,0,0,0,0,0
6478,0,0,0,1,0,232,0,0,0,0,7,0
6479,0,0,0,0,1,0,64,102,0,0,0,0
6480,0,0,0,0,1,5,0,0,0,0,0,0
6481,3,12,0,0,0,0,0,0,0,0,0,0
6482,0,0,0,0,0,0,26,1,1,0,0,0
6483,0,0,0,0,2,0,15,93,0,0,0,0
6484,1,98,9,0,0,0,0,0,0,0,0,0
6485,0,2,0,0,0,0,188,45,0,0,0,0
6486,0,25,1,0,0,0,0,0,0,0,0,0
6487,0,0,0,0,0,1,0,0,0,0,95,2
6488,1,57,6,0,0,0,0,0,0,0,0,0
6489,0,0,0,1,6,115,0,0,0,0,0,0
6490,0,0,0,0,2,0,0,0,0,0,0,0
6491,0,51,0,0,0,0,0,0,0,0,0,0
6492,0,0,0,1,2,723,0,0,0,0,28,0
6493,0,6,0,0,0,0,0,0,0,0,0,0
6494,0,0,0,0,0,0,0,0,0,21,74,0
6495,0,0,0,19,1,18,0,0,0,0,0,0
6496,0,0,0,3,0,16,0,0,0,0,0,0
6497,0,79,1,0,0,0,0,0,0,0,0,0
6498,38,50,2,0,0,0,0,0,0,0,0,0
6499,1,14,0,0,0,0,0,0,0,0,0,0
6500,0,0,0,0,0,1,0,0,0,18,601,0
6501,0,0,0,0,0,3,0,0,0,5,324,2
6502,4,22,8,0,0,0,0,0,0,0,0,0
6503,0,0,0,0,0,0,94,32,21,0,0,0
6504,0,0,0,0,0,0,0,0,0,16,217,1
6505,9,72,5,0,0,0,0,0,0,0,0,0
6506,0,26,8,0,0,0,0,0,0,0,0,0
6507,9,14,15,0,0,0,0,0,0,0,0,0
6508,0,0,0,0,0,23,0,0,0,0,2,0
6509,1,10,0,0,0,0,0,0,0,0,0,0
6510,1,11,4,0,0,0,0,0,0,0,0,0
6511,0,0,0,0,1,11,0,0,0,0,0,0
6512,0,4,51,0,0,0,0,0,0,0,0,0
6513,0,0,0,0,1,0,228,50,0,0,0,0
6514,0,0,0,0,4,6,0,0,0,0,0,0
6515,0,0,0,3,2,18,0,0,0,0,0,0
6516,0,0,0,1,0,4,0,0,0,0,0,0
6517,27,15,1,0,0,0,0,0,0,0,0,0
6518,1,16,9,0,0,0,0,0,0,0,0,0
6519,1,23,28,0,0,0,0,0,0,0,0,0
6520,1,30,1,0,0,0,0,0,0,0,0,0
6521,2,32,12,0,0,0,0,0,0,0,0,0
6522,0,0,0,51,1,27,0,0,0,0,2,0
6523,0,0,0,1,0,22,0,0,0,0,0,0
6524,0,7,2,0,0,0,0,0,0,0,0,0
6525,0,0,0,0,0,6,0,0,0,12,1888,0
6526,10,50,3,0,0,0,0,0,0,0,0,0
6527,0,0,0,0,0,0,26,3,84,0,0,0
6528,0,138,44,0,0,0,0,0,0,0,0,0
6529,2,37,7,0,0,0,0,0,0,0,0,0
6530,0,0,0,0,0,0,76,1,1,0,0,0
6531,1,22,19,0,0,0,1,0,0,0,0,0
6532,0,1,0,0,2,0,43,262,0,0,0,0
6533,0,2,0,0,0,0,54,67,0,0,0,0
6534,0,0,0,0,1,9,0,0,0,0,0,0
6535,0,0,0,32,10,30,0,0,0,0,1,0
6536,0,19,0,0,35,0,115,319,0,0,0,0
6537,0,0,0,0,2,0,24,65,1,0,0,0
6538,0,0,0,0,0,4,0,0,0,32,390,2
6539,0,0,1,0,0,77,0,0,0,10,3130,3
6540,2,21,3,0,0,0,0,0,0,0,0,0
6541,0,0,0,0,0,70,0,0,0,3,2802,1
6542,4,32,3,0,0,0,0,0,0,0,0,0
6543,0,0,0,0,0,10,0,0,0,0,1134,1
6544,0,10,4,0,0,0,0,0,0,0,0,0
6545,0,2,0,0,0,0,65,7,0,0,0,0
6546,0,96,9,0,0,0,0,0,0,0,0,0
6547,0,0,0,2,7,103,0,1,0,0,1,0
6548,0,0,0,0,0,0,0,0,0,7,273,1
6549,0,0,0,2,0,4,0,0,0,0,0,0
6550,2,41,3,0,0,0,0,0,0,0,0,0
6551,3,219,3,0,0,0,2,0,0,0,0,0
6552,0,0,0,42,13,51,0,0,0,0,0,0
6553,0,0,0,0,0,0,123,51,1,0,0,0
6554,0,0,0,0,1,0,50,38,1,0,0,0
6555,0,0,0,0,0,5,0,0,0,7,533,0
6556,0,0,0,7,34,72,0,0,0,0,0,0
6557,0,0,0,0,0,0,18,15,0,0,0,0
6558,0,0,0,0,0,0,0,0,0,12,156,1
6559,0,0,0,7,363,76,0,2,0,0,0,0
6560,0,0,0,0,1,5,0,0,0,0,0,0
6561,1,37,1,0,0,0,0,0,0,0,0,0
6562,0,0,0,0,0,21,0,0,0,0,0,0
6563,0,0,0,0,0,0,14,7,2,0,0,0
6564,0,0,0,1,0,6,0,0,0,0,0,0
6565,1,13,1,0,0,0,0,0,0,0,0,0
6566,0,0,0,0,5,0,29,332,0,0,0,0
6567,18,8,0,0,0,0,0,0,0,0,0,0
6568,0,0,0,0,0,32,0,0,0,2,2600,1
6569,0,16,0,0,0,0,0,0,0,0,0,0
6570,1,37,31,0,0,0,0,0,0,0,0,0
6571,0,0,0,1,4,19,0,0,0,0,0,0
6572,0,0,0,2,20,9,0,0,0,0,0,0
6573,0,0,0,0,0,75,0,0,0,9,2324,1
6574,0,0,0,2,2,9,0,0,0,0,0,0
6575,4,23,0,0,0,0,0,0,0,0,0,0
6576,0,0,0,0,0,0,19,56,0,0,0,0
6577,0,0,0,0,0,20,0,0,0,0,0,0
6578,0,0,0,0,0,0,0,0,0,9,632,2
6579,0,0,0,0,3,1354,0,0,0,0,3,0
6580,0,0,0,2,1,29,0,0,0,0,0,0
6581,1,6,1,0,0,0,0,0,0,0,0,0
6582,0,0,0,0,0,1,0,0,0,0,825,1
6583,0,0,0,4,0,13,0,0,0,0,0,0
6584,1,28,12,0,0,0,0,0,0,0,0,0
6585,0,0,0,1,0,16,0,0,0,0,2,0
6586,0,0,0,34,2,10,0,0,0,0,0,0
6587,0,2,11,0,0,0,0,0,0,0,0,0
6588,0,21,138,0,0,0,0,0,0,1,0,0
6589,0,0,0,0,0,0,61,75,9,0,0,0
6590,1,166,5,0,0,0,0,0,0,0,0,0
6591,4,10,0,0,0,0,0,0,0,0,0,0
6592,0,74,0,0,0,0,0,0,0,0,0,0
6593,0,0,0,0,0,3,0,0,0,9,194,1
6594,0,0,0,0,0,0,0,0,0,6,126,0
6595,0,0,0,1,1,10,0,0,0,0,0,0
6596,0,13,0,0,0,0,0,0,0,0,0,0
6597,0,119,32,0,0,0,3,0,0,0,0,0
6598,0,0,0,15,0,48,0,0,0,0,0,0
6599,0,0,0,0,0,0,4,0,1,0,0,0
6600,2,23,7,0,0,0,0,0,0,0,0,0
6601,1,54,7,0,0,0,0,0,0,0,0,0
6602,0,0,0,0,0,40,0,0,0,0,1,0
6603,0,0,0,0,0,10,0,0,0,0,0,0
6604,0,550,0,0,0,0,0,0,0,0,0,0
6605,0,0,0,0,10,29,0,0,0,0,0,0
6606,0,0,0,0,0,2,0,0,0,2,1681,74
6607,0,0,0,4,0,18,0,0,0,0,0,0
6608,1,41,1,0,0,0,0,0,0,0,0,0
6609,0,0,0,0,6,0,15,295,1,0,0,0
6610,47,28,25,0,0,0,0,0,0,0,0,0
6611,0,0,0,0,3,0,17,124,1,0,0,0
6612,0,0,0,0,1,28,0,0,0,0,0,0
6613,0,15076,0,0,0,0,193,2,0,0,0,0
6614,0,0,0,0,2,33,0,0,0,0,0,0
6615,0,0,0,0,0,3,0,0,0,0,0,0
6616,1,513,1,0,0,0,1,0,0,0,0,0
6617,0,0,0,0,0,0,103,65,0,0,0,0
6618,0,37,0,0,0,0,2310,14,0,0,0,0
6619,0,0,0,1,2,9,0,0,0,0,0,0
6620,0,0,0,5,2,14,0,0,0,0,0,0
6621,0,0,0,0,1,6,0,0,0,0,0,0
6622,0,0,0,0,0,0,95,27,526,0,0,4
6623,0,140,8,0,0,0,2,0,0,0,0,0
6624,1,14,34,0,0,0,0,0,0,0,0,0
6625,1,29,2,0,0,0,0,0,0,0,0,0
6626,0,57,0,0,0,0,0,0,0,0,0,0
6627,0,0,0,0,0,13,0,0,0,18,1979,0
6628,0,0,0,0,0,2,0,0,0,23,950,2
6629,0,0,2,0,0,2,0,0,0,28,730,2
6630,0,0,0,0,1,16,0,0,0,0,0,0
6631,0,0,0,10,2,27,0,0,0,0,0,0
6632,0,0,0,0,1,0,10,42,1,0,0,0
6633,0,0,0,0,0,11,0,0,0,9,2514,2
6634,0,0,0,2,1,154,0,0,0,0,1,0
6635,0,10,3,0,0,0,0,0,0,0,0,0
6636,0,0,0,0,0,4,0,0,0,16,1971,0
6637,0,0,0,9,23,53,0,1,0,0,0,0
6638,0,0,0,0,0,1,0,0,0,30,1197,1
6639,4,27,0,0,0,0,0,0,0,0,0,0
6640,0,0,0,112,9,119,0,0,0,0,3,0
6641,0,0,0,0,0,0,17,23,0,0,0,0
6642,0,0,0,0,0,0,8,10,0,0,0,0
6643,0,0,0,0,4,39,0,0,0,0,0,0
6644,0,0,0,0,5,13,0,0,0,0,0,0
6645,0,0,0,0,0,2,0,0,0,0,0,0
6646,4,192,0,0,0,0,1,0,0,0,0,0
6647,0,1,0,0,0,0,155,21,0,0,0,0
6648,0,0,1,0,0,1,0,0,0,23,230,0
6649,0,0,0,29,8,43,0,0,0,0,0,0
6650,0,0,0,0,0,0,53,15,1,0,0,0
6651,0,0,0,0,0,0,0,0,0,2,595,5
6652,0,0,0,3,3,30,0,0,0,0,0,0
6653,0,0,0,0,1,0,111,149,0,0,0,0
6654,0,0,0,3,1,202,0,0,0,0,0,0
6655,0,0,0,1,10,10,0,0,0,0,0,0
6656,0,13,0,0,0,0,0,0,0,0,0,0
6657,0,9,18,0,0,0,0,0,0,0,0,0
6658,0,0,0,1,0,17,0,0,0,0,1,0
6659,1,508,1,0,0,0,3,0,0,0,0,0
6660,0,0,0,0,0,0,24,24,1,0,0,0
6661,0,0,0,2,14,74,0,0,0,0,1,0
6662,0,0,0,0,0,0,79,8,14,0,0,0
6663,0,0,0,0,1,17,0,0,0,0,0,0
6664,0,0,0,0,0,1,0,0,0,2,131,27
6665,0,0,0,0,0,0,0,0,0,8,202,0
6666,0,0,0,0,0,0,0,0,0,25,88,0
6667,0,0,0,1,11,71,0,0,0,0,0,0
6668,0,0,0,3,2,5,0,0,0,0,0,0
6669,0,0,0,0,0,0,0,23,0,0,0,0
6670,0,0,0,0,0,0,1,8,0,0,0,0
6671,0,0,0,0,0,0,123,8,0,0,0,0
6672,2,102,8,0,0,0,0,0,0,0,0,0
6673,0,0,0,5,0,122,0,0,0,0,0,0
6674,0,22,0,0,0,0,0,0,0,0,0,0
6675,0,0,0,0,0,1,0,0,0,2,525,0
6676,0,0,0,2,0,6,0,0,0,0,0,0
6677,0,111,1,0,0,0,0,0,0,0,0,0
6678,0,0,0,0,0,4,0,0,0,0,0,0
6679,5,36,0,0,0,0,0,0,0,0,0,0
6680,0,0,0,0,0,0,12,28,0,0,0,0
6681,0,0,0,0,0,5,0,0,0,0,500,0
6682,0,0,0,1,0,28,0,0,0,0,0,0
6683,2,19,0,0,0,0,0,0,0,0,0,0
6684,1,38,1,0,0,0,0,0,0,0,0,0
6685,0,0,0,1,4,27,0,0,0,0,0,0
6686,0,0,0,0,0,9,0,0,0,0,0,0
6687,1,39,1,0,0,0,0,0,0,0,0,0
6688,0,0,0,0,0,5,0,0,0,0,0,0
6689,0,0,0,0,0,0,27,6,1,0,0,0
6690,0,0,0,0,0,0,0,0,0,1,108,0
6691,0,0,0,7,0,12,0,0,0,0,0,0
6692,0,14,0,0,0,0,0,0,0,0,0,0
6693,0,205,7,0,0,0,2,0,0,0,0,0
6694,0,2,0,0,3,0,101,193,6,0,0,0
6695,0,0,0,0,0,2,0,0,0,28,191,0
6696,0,0,0,0,0,5,0,0,0,7,458,0
6697,0,0,0,2,2,13,0,0,0,0,0,0
6698,0,0,0,3,0,22,0,0,0,0,0,0
6699,0,0,0,0,3,18,0,0,0,0,0,0
6700,0,0,0,0,4,20,0,0,0,0,0,0
6701,0,0,0,0,0,3,0,0,0,14,1066,4
6702,0,0,0,3,1,24,0,0,0,0,0,0
6703,0,0,0,1,0,28,0,0,0,0,1,0
6704,12,519,0,0,0,0,4,0,0,0,0,0
6705,2,313,34,0,0,0,0,0,0,0,0,0
6706,0,0,0,0,0,29,0,0,0,13,5116,1
6707,0,44,1,0,0,0,0,0,0,0,0,0
6708,19,31,14,0,0,0,0,0,0,2,0,0
6709,14,27,24,0,0,0,0,0,0,5,0,0
6710,0,1,0,0,0,0,69,115,0,0,0,0
6711,0,0,0,1,0,10,0,0,0,0,0,0
6712,0,0,0,3,4,13,0,0,0,0,0,0
6713,0,0,0,0,0,0,61,10,0,0,0,0
6714,0,0,0,0,0,9,0,0,0,0,0,0
6715,0,0,0,1,0,20,0,0,0,0,0,0
6716,13,134,0,0,0,0,0,0,0,0,0,0
6717,0,0,0,0,7,0,19,352,2,0,0,0
6718,0,0,0,2,0,11,0,0,0,0,0,0
6719,0,58,0,0,0,0,0,0,0,0,0,0
6720,0,0,0,0,0,2,0,0,0,2,583,0
6721,7,6,2,0,0,0,0,0,0,0,0,0
6722,0,10,0,0,0,0,0,0,0,0,0,0
6723,0,0,0,0,0,1,0,0,0,0,506,2
6724,0,0,0,2,0,30,0,0,0,0,0,0
6725,1,3,1,0,0,0,0,0,0,0,0,0
6726,0,0,0,0,0,21,0,0,0,9,728,0
6727,0,0,0,0,0,3,0,0,0,0,0,0
6728,0,16,0,0,0,0,0,0,0,0,0,0
6729,0,42,4,0,0,0,0,0,0,0,0,0
6730,0,0,0,0,0,186,0,0,0,1,4714,0
6731,34,11,7,0,0,0,1,0,0,0,0,0
6732,0,0,0,0,1,13,0,0,0,0,0,0
6733,1,23,0,0,0,0,0,0,0,0,0,0
6734,0,0,0,0,0,0,38,13,1,0,0,0
6735,0,0,0,0,3,21,0,0,0,0,0,0
6736,0,0,0,5,0,66,0,0,0,0,0,0
6737,0,31,1,0,0,0,0,0,0,0,0,0
6738,0,0,0,0,0,0,0,0,0,12,98,0
6739,0,49,0,0,0,0,0,0,0,0,0,0
6740,0,0,0,0,0,2,0,0,0,1,198,0
6741,0,1,0,0,0,0,94,8,0,0,0,0
6742,0,0,0,0,0,0,23,16,0,0,0,0
6743,0,0,0,0,2,2,0,0,0,0,0,0
6744,0,0,0,0,0,0,28,29,2,0,0,0
6745,0,0,0,0,1,33,0,0,0,0,0,0
6746,0,0,0,1,0,12,0,0,0,0,0,0
6747,0,0,0,1,0,7,0,0,0,0,0,0
6748,5,22,0,0,0,0,0,0,0,0,0,0
6749,0,8,0,0,0,0,0,0,0,0,0,0
6750,0,48,0,0,0,0,1,0,0,0,0,0
6751,0,0,0,0,0,0,0,0,0,4,185,0
6752,0,0,0,0,0,51,0,0,0,27,349,0
6753,0,0,0,0,0,0,24,6,0,0,0,0
6754,0,0,0,0,7,79,0,0,0,0,0,0
6755,0,0,0,0,0,0,20,6,0,0,0,0
6756,0,0,0,0,0,16,0,0,0,0,0,0
6757,0,0,0,0,1,14,0,0,0,0,0,0
6758,0,0,0,2,0,3,0,0,0,0,0,0
6759,0,0,0,0,0,0,17,86,1,0,0,0
6760,0,0,0,0,12,12,0,0,0,0,0,0
6761,0,12,0,0,0,0,0,0,0,0,0,0
6762,0,0,0,0,0,15,0,0,0,3,1598,0
6763,0,0,0,3,2,46,0,0,0,0,1,0
6764,1,59,0,0,0,0,0,0,0,0,0,0
6765,0,1,0,0,0,0,0,0,0,0,0,0
6766,0,0,0,2,0,4,0,0,0,0,0,0
6767,0,0,0,1,0,31,0,0,0,0,0,0
6768,1,51,0,0,0,0,0,0,0,0,0,0
6769,0,0,0,0,1,34,0,0,0,0,0,0
6770,4,14,0,0,0,0,0,0,0,0,0,0
6771,0,0,0,4,2,23,0,0,0,0,0,0
6772,0,0,0,0,0,0,14,4,1,0,0,0
6773,0,0,0,0,0,0,0,0,0,0,8,0
6774,0,0,0,0,0,0,0,0,0,0,3,0
6775,0,0,0,1,14,14,0,0,0,0,0,0
6776,0,0,0,0,0,1,0,0,0,0,0,0
6777,19,7,0,0,0,0,0,0,0,0,0,0
6778,0,0,0,0,0,49,0,0,0,0,0,0
6779,0,0,0,2,1,19,0,0,0,0,1,0
6780,0,0,0,0,0,11,0,0,0,0,0,0
6781,0,0,0,0,0,3,0,0,0,8,1222,1
6782,0,0,0,0,1,22,0,0,0,0,0,0
6783,0,0,0,0,0,0,0,0,0,0,0,0
6784,0,0,0,0,0,35,0,0,0,0,0,0
6785,0,3,0,0,0,0,0,0,0,0,0,0
6786,0,0,0,0,0,0,0,0,0,1,349,0
6787,0,0,0,1,2,9,0,0,0,0,0,0
6788,0,0,0,0,0,5,0,0,0,0,0,0
6789,0,0,0,0,0,0,0,0,0,0,0,0
6790,2,428,0,0,0,0,1,0,0,0,0,0
6791,1,0,0,26,47,11,0,1,0,0,0,0
6792,0,0,0,0,3,11,0,0,0,0,0,0
6793,0,0,0,0,0,0,10,31,3,0,0,0
6794,0,0,0,0,0,1,0,0,0,2,193,1
6795,0,0,0,2,1,2,0,0,0,0,0,0
6796,0,1308,0,0,0,0,16,0,0,0,0,0
6797,0,0,0,0,0,0,0,0,0,0,0,2
6798,3,3,0,0,0,0,0,0,0,0,0,0
6799,0,38,2,0,0,0,0,0,0,0,0,0
6800,0,0,0,1,2,73,0,0,0,0,1,0
6801,0,0,0,0,0,0,0,0,0,0,0,0
6802,0,0,0,0,0,0,45,85,9,0,0,0
6803,0,0,0,0,6,19,0,0,0,0,0,0
6804,0,0,0,0,0,0,18,22,0,0,0,0
6805,0,0,0,0,1,13,0,0,0,0,0,0
6806,0,84,0,0,0,0,0,0,0,0,0,0
6807,0,0,0,0,0,5,0,0,0,34,1722,1
6808,0,0,0,0,6,19,0,0,0,0,0,0
6809,0,0,0,1,5,9,0,0,0,0,0,0
6810,0,0,0,1,0,7,0,0,0,0,0,0
6811,0,0,0,1,0,16,0,0,0,0,0,0
6812,0,134,0,0,0,0,0,0,0,0,0,0
6813,0,0,0,0,0,21,0,0,0,0,1685,1
6814,0,0,0,4,2,23,0,0,0,0,0,0
6815,0,6,0,0,0,0,0,0,0,0,0,0
6816,0,0,0,0,0,0,37,7,1,0,0,0
6817,0,12,2,0,0,0,0,0,0,0,0,0
6818,0,5,10,0,0,0,0,0,0,0,0,0
6819,0,0,0,0,0,0,11,91,0,0,0,0
6820,0,0,0,0,3,11,0,0,0,0,0,0
6821,0,180,0,0,0,0,0,0,0,0,0,0
6822,0,0,0,0,0,0,0,0,0,5,58,0
6823,2,22,2,0,0,0,0,0,0,0,0,0
6824,0,1,3,0,0,0,0,0,0,0,0,0
6825,0,73,29,0,0,0,0,0,0,0,0,0
6826,0,0,0,0,0,29,0,0,0,0,0,0
6827,0,0,0,0,1,11,0,0,0,0,0,0
6828,0,0,0,0,0,0,0,0,0,8,136,0
6829,0,0,0,2,0,7,0,0,0,0,0,0
6830,0,2,0,0,0,0,0,0,0,0,0,0
6831,0,0,0,0,0,0,24,1,0,0,0,0
6832,1,6,1,0,0,0,0,0,0,0,0,0
6833,5,10,1,0,0,0,0,0,0,0,0,0
6834,0,0,0,0,0,1,0,0,0,0,0,0
6835,0,0,0,0,1,50,0,0,0,0,0,0
6836,0,1,0,0,0,0,0,0,0,0,0,0
6837,0,24,2,0,0,0,0,0,0,0,0,0
6838,1,7,2,0,0,0,0,0,0,0,0,0
6839,0,1,0,0,0,0,16,2,1,0,0,0
6840,0,0,0,0,0,0,0,0,0,2,148,1
6841,7,24,5,0,0,0,0,0,0,0,0,0
6842,0,0,0,10,10,6,0,0,0,0,0,0
6843,0,0,0,0,0,4,0,0,0,38,1071,14
6844,0,0,0,3,1,51,0,0,0,0,0,0
6845,4,11,3,0,0,0,0,0,0,0,0,0
6846,0,0,0,1,0,7,0,0,0,0,0,0
6847,0,0,0,0,0,0,44,52,2,0,0,0
6848,0,0,0,0,0,0,0,0,0,29,44,0
6849,0,0,0,0,0,0,0,0,0,13,12,0
6850,0,5,0,0,0,0,110,105,4,0,0,0
6851,0,7,3583,0,0,0,0,0,0,1502,1,0
6852,0,0,1,0,0,0,0,0,0,64,28,1
6853,0,0,0,1,0,57,0,0,0,0,0,0
6854,0,9,0,0,0,0,0,0,0,0,0,0
6855,0,0,0,0,0,0,0,0,0,25,218,0
6856,0,0,0,1,0,9,0,0,0,0,0,0
6857,0,1,0,0,0,0,0,0,0,0,0,0
6858,0,0,0,1,0,1,0,0,0,0,0,0
6859,1,22,0,0,0,0,0,0,0,0,0,0
6860,0,1,0,0,0,0,58,3,0,0,0,0
6861,0,0,0,0,0,4,0,0,0,6,189,1
6862,10,30,4,0,0,0,1,0,0,0,0,0
6863,0,3,3,0,0,0,0,0,0,0,0,0
6864,0,42,2,0,0,0,0,0,0,0,0,0
6865,0,0,0,0,2,0,75,677,3,0,0,0
6866,22,0,10,0,0,0,0,0,0,0,0,0
6867,0,21,6,0,0,0,0,0,0,0,0,0
6868,0,0,0,0,2,586,0,0,0,0,8,0
6869,0,0,0,0,0,0,0,0,0,0,0,0
6870,0,0,0,0,0,0,0,0,0,7,45,1
6871,0,0,0,1,2,8,0,0,0,0,1,0
6872,0,2,0,0,0,0,92,13,23,0,0,3
6873,0,0,0,0,16,39,0,0,0,0,2,0
6874,0,0,0,0,0,0,0,0,0,0,0,0
6875,1,0,21,0,0,0,0,0,0,3,0,0
6876,1,9,2,0,0,0,0,0,0,0,0,0
6877,0,2,0,0,1,0,83,146,3,0,0,0
6878,0,52,1,0,0,0,0,0,0,0,0,0
6879,0,0,0,0,0,0,11,3,21,0,0,2
6880,0,0,0,0,1,27,0,0,0,0,0,0
6881,0,1,0,0,0,0,184,1,1,0,0,0
6882,0,0,0,0,1,32,0,0,0,0,0,0
6883,0,0,0,0,0,5,0,0,0,12,712,0
6884,0,0,0,0,2,0,319,107,0,0,0,0
6885,0,0,0,0,0,0,1,22,1,0,0,0
6886,0,0,0,0,0,13,0,0,0,0,0,0
6887,0,9,1,0,0,0,0,0,0,0,0,0
6888,8,12,12,0,0,0,0,0,0,0,0,0
6889,21,36,20,2,0,0,0,0,0,0,0,0
6890,0,0,0,3,3,35,0,0,0,0,0,0
6891,0,0,0,0,2,5,0,0,0,0,0,0
6892,0,0,0,1,27,14,0,2,0,0,0,0
6893,0,0,0,1,0,1,0,0,0,0,0,0
6894,0,1,0,0,0,0,25,374,0,0,0,0
6895,0,0,0,12,2,22,0,0,0,0,0,0
6896,0,0,0,0,0,14,0,0,0,17,2052,0
6897,0,0,0,1,0,0,0,0,0,0,0,0
6898,1,7,1,0,0,0,0,0,0,0,0,0
6899,0,0,0,0,0,0,1,0,1,0,0,0
6900,1,33,2,0,0,0,0,0,0,0,0,0
6901,0,0,0,0,0,0,55,19,1,0,0,0
6902,0,0,0,0,0,0,8,6,0,0,0,0
6903,0,0,0,0,0,0,0,0,0,0,23,0
6904,0,0,0,0,10,47,0,0,0,0,0,0
6905,0,0,0,3,210,2,0,3,0,0,0,0
6906,0,0,0,0,0,0,0,0,0,1,95,0
6907,9,55,39,0,0,0,0,0,0,0,0,0
6908,0,0,0,0,13,71,0,0,0,0,1,0
6909,0,0,0,1,1,5,0,0,0,0,0,0
6910,0,0,0,1,0,9,0,0,0,0,0,0
6911,1,31,0,0,0,0,1,0,0,0,0,0
6912,0,23,3,0,0,0,0,0,0,0,0,0
6913,0,0,0,0,2,18,0,0,0,0,0,0
6914,0,0,0,1,0,2,0,0,0,0,0,0
6915,0,2,0,0,0,0,0,0,0,0,0,0
6916,0,0,0,0,0,42,0,0,0,0,0,0
6917,0,0,0,2,1,2,0,0,0,0,0,0
6918,0,0,0,0,1,0,0,0,0,0,0,0
6919,0,4,0,0,0,0,75,2,0,0,0,0
6920,0,1,8,0,0,0,0,0,0,0,0,0
6921,2,88,4,0,0,0,1,0,0,0,0,0
6922,0,1,0,0,0,0,172,7,0,0,0,0
6923,0,0,0,0,1,2,0,0,0,0,0,0
6924,0,0,0,0,0,0,0,0,0,0,8,0
6925,2,21,0,0,0,0,0,0,0,0,0,0
6926,0,0,0,0,0,2,0,0,0,5,473,0
6927,0,0,0,0,0,1,0,0,0,6,237,13
6928,0,0,0,0,0,5,0,0,0,0,0,0
6929,0,0,0,0,0,0,0,0,0,0,0,0
6930,2,8,4,0,0,0,0,0,0,0,0,0
6931,0,0,0,2,1,50,0,0,0,0,0,0
6932,0,0,0,0,0,1,0,0,0,0,0,0
6933,0,0,0,0,43,0,0,2,0,0,0,0
6934,0,0,0,0,0,57,0,0,0,0,0,0
6935,0,0,0,0,2,18,0,0,0,0,0,0
6936,0,0,0,0,0,118,0,0,0,2,3102,0
6937,0,0,0,8,0,17,0,0,0,0,0,0
6938,0,1,0,0,0,0,0,0,0,0,0,0
6939,0,8,1,0,0,0,0,0,0,0,0,0
6940,0,17,0,0,0,0,0,0,0,0,0,0
6941,0,0,0,0,0,12,0,0,0,8,2800,0
6942,0,0,0,0,0,1,0,0,0,0,0,0
6943,0,0,0,0,0,0,3,182,26,0,0,0
6944,1,62,7,0,0,0,1,0,0,0,0,0
6945,0,0,0,1,0,54,0,0,0,0,0,0
6946,0,10,0,0,0,0,0,0,0,0,0,0
6947,0,1,0,0,0,0,0,0,0,0,0,0
6948,0,41,30,0,0,0,0,0,0,0,0,0
6949,0,0,0,2,1,33,0,0,0,0,0,0
6950,17,43,0,0,0,0,0,0,0,0,0,0
6951,0,0,0,0,0,9,0,0,0,0,0,0
6952,0,0,0,2,0,26,0,0,0,0,0,0
6953,2,7,0,0,0,0,0,0,0,0,0,0
6954,0,0,0,0,0,314316,0,0,0,1,2800,0
6955,2,22,8,0,0,0,0,0,0,0,0,0
6956,21,7,3,0,0,0,0,0,0,0,0,0
6957,0,0,0,2,27,10,0,0,0,0,0,0
6958,0,0,0,0,5,77,0,0,0,0,0,0
6959,0,0,0,0,0,15,0,0,0,0,0,0
6960,10,0,0,0,0,0,11,28,0,0,0,0
6961,0,0,0,0,10,0,12,290,1,0,0,0
6962,0,0,0,0,12,3,0,0,0,0,0,0
6963,0,0,0,1,0,5,0,0,0,0,0,0
6964,0,0,0,0,0,90,0,0,0,0,1,0
6965,0,0,0,0,0,3,0,0,0,0,0,0
6966,0,0,0,0,0,6,0,0,0,0,0,0
6967,1,75,1,0,0,0,0,0,0,0,0,0
6968,0,0,0,0,0,363,0,0,0,4,3557,2
6969,0,0,0,0,0,22,0,0,0,0,0,0
6970,0,11,2,0,0,0,0,0,0,0,0,0
6971,0,0,0,0,0,63,0,0,0,0,0,0
6972,0,0,0,0,0,11,0,0,0,0,0,0
6973,8,3,0,0,0,0,0,0,0,0,0,0
6974,1,5,6,0,0,0,0,0,0,0,0,0
6975,0,0,0,0,1,0,0,167,1,0,0,0
6976,0,0,0,0,0,17,0,0,0,0,1,0
6977,0,0,0,0,0,0,201,19,0,0,0,0
6978,0,0,0,0,3,27,0,0,0,0,2,0
6979,0,0,0,135,4,27,0,0,0,0,0,0
6980,0,0,0,20,0,0,0,0,0,0,0,0
6981,0,0,0,0,0,0,44,52,2,0,0,0
6982,0,0,0,0,0,2,0,0,0,0,930,0
6983,0,0,0,0,0,1,0,0,0,22,271,0
6984,0,0,0,0,0,1,0,0,0,0,0,0
6985,417,8,1,4,0,0,0,0,0,0,0,0
6986,0,0,0,0,0,0,68,75,1,0,0,0
6987,0,0,0,0,0,0,0,25,0,0,0,0
6988,0,0,0,0,0,129,0,0,0,0,4,0
6989,0,0,0,0,19,36,0,0,0,0,1,0
6990,0,0,0,0,0,25,0,0,1,43,2158,20
6991,0,0,0,2,3,130,0,0,0,0,0,0
6992,0,0,0,3,0,10,0,0,0,0,0,0
6993,0,0,0,0,0,15,0,0,0,0,0,0
6994,13,4,0,0,0,0,0,0,0,0,0,0
6995,1,8,28,0,0,0,0,0,0,0,0,0
6996,0,0,0,1,8,114,0,0,0,0,1,0
6997,0,0,0,0,0,5,0,0,0,12,349,0
6998,0,0,0,2,0,48,0,0,0,0,0,0
6999,3,5,0,0,0,0,0,0,0,0,0,0
7000,0,0,0,0,0,4,0,0,0,0,147,0
7001,0,0,0,16,13,29,0,0,0,0,0,0
7002,0,0,0,0,0,0,0,0,0,0,158,0
7003,2,16,3,0,0,0,0,0,0,0,0,0
7004,0,16,1,0,0,0,0,0,0,0,0,0
7005,0,0,0,0,0,2,0,0,0,15,224,0
7006,0,0,0,0,0,1,0,0,0,13,361,26
7007,0,0,0,0,0,0,71,15,0,0,0,0
7008,0,0,0,0,0,63,0,0,0,2,227,0
7009,1,0,0,102,3,32,0,0,0,0,1,0
7010,0,0,0,0,0,0,36,8,1,0,0,0
7011,0,0,0,0,0,1,0,0,0,2,1086,1
7012,0,0,0,35,6,46,0,0,0,0,0,0
7013,0,0,0,0,0,31,0,0,0,0,0,0
7014,0,0,0,1,0,1,0,0,0,0,0,0
7015,1,9,7,0,0,0,0,0,0,0,0,0
7016,0,4,0,0,0,0,39,105,2,0,0,0
7017,0,0,0,0,1,0,2,12,0,0,0,0
7018,0,0,0,2,3,14,0,0,0,0,0,0
7019,0,0,0,0,0,0,36,56,1,0,0,0
7020,0,0,0,0,19,17,0,0,0,0,0,0
7021,0,0,0,0,7,7,0,0,0,0,0,0
7022,0,0,0,3,4,26,0,0,0,0,0,0
7023,0,0,0,0,0,5,0,0,0,0,0,0
7024,35,8,0,0,0,0,0,0,0,0,0,0
7025,2,82,3,0,0,0,0,0,0,0,0,0
7026,0,0,0,1,0,42,0,0,0,0,0,0
7027,0,0,0,0,1,0,17,200,1,0,0,0
7028,0,0,0,0,5,6,0,0,0,0,0,0
7029,0,0,0,0,0,10,0,0,0,6,1826,0
7030,0,0,0,16,0,9,0,0,0,0,0,0
7031,1,49,0,0,0,0,0,0,0,0,0,0
7032,6,17,1,0,0,0,0,0,0,0,0,0
7033,0,0,0,4,4,74,0,0,0,0,0,0
7034,0,0,0,8,12,38,0,0,0,0,0,0
7035,0,0,0,12,0,3,0,0,0,0,0,0
7036,2,4,0,0,0,0,0,0,0,0,0,0
7037,0,0,0,0,0,0,41,197,2,0,0,0
7038,0,1,0,0,0,0,158,44,0,0,0,0
7039,0,0,0,0,0,3,0,0,0,11,325,1
7040,11,38,12,0,0,0,0,0,0,0,0,0
7041,0,0,0,4,0,49,0,0,0,0,1,0
7042,0,0,0,0,521,0,31,27000,0,0,0,0
7043,0,0,0,0,0,0,0,0,0,3,143,0
7044,0,0,1,0,0,4,0,0,0,15,538,0
7045,0,0,0,0,4,136,0,0,0,0,2,0
7046,0,0,0,0,11,1,0,0,0,0,0,0
7047,0,0,0,0,0,2,0,0,0,7,241,0
7048,0,0,0,1,3,106,0,0,0,0,4,0
7049,0,0,0,0,1,32,0,0,0,0,0,0
7050,0,48,10,0,0,0,0,0,0,1,0,0
7051,0,0,0,0,0,3,0,0,0,0,207,0
7052,0,0,0,0,9,1,0,0,0,0,0,0
7053,0,0,0,0,0,0,0,0,0,0,0,0
7054,0,0,0,0,0,10,0,0,0,0,0,0
7055,0,7,0,0,0,0,0,0,0,0,0,0
7056,0,0,0,0,0,9,0,0,0,66,563,0
7057,0,0,0,20,25,27,0,0,0,0,0,0
7058,0,0,0,0,0,0,126,45,2,0,0,0
7059,0,5,0,0,0,0,322,24,0,0,0,0
7060,0,0,0,0,1,52,0,0,0,0,0,0
7061,0,0,0,6,0,58,0,0,0,0,0,0
7062,2,22,0,0,0,0,0,0,0,0,0,0
7063,0,0,0,0,0,1,0,0,0,1,145,1
7064,1,44,1,0,0,0,0,0,0,0,0,0
7065,0,0,0,0,0,0,15,23,5,0,0,0
7066,2,132,1,0,0,0,0,0,0,0,0,0
7067,0,0,0,0,0,0,125,4,5,0,0,0
7068,3,34,10,0,0,0,0,0,0,0,0,0
7069,5,55,49,0,0,0,0,0,0,0,0,0
7070,0,0,0,0,0,0,33,89,9,0,0,0
7071,0,0,0,0,0,0,31,41,4,0,0,0
7072,0,0,0,0,0,0,0,0,0,9,119,1
7073,0,0,0,0,0,1,0,0,0,0,0,0
7074,0,2,0,0,0,0,0,0,0,0,0,0
7075,0,0,0,0,0,22,0,0,0,0,0,0
7076,0,0,0,1,1,33,0,0,0,0,0,0
7077,0,0,0,0,0,7,0,0,0,0,0,0
7078,0,0,0,0,0,0,28,22,1,0,0,0
7079,11,11,8,0,0,0,0,0,0,0,0,0
7080,1,7,0,0,0,0,0,0,0,0,0,0
7081,0,0,0,0,0,2,0,0,0,13,759,0
7082,0,0,0,0,2,15,0,0,0,0,0,0
7083,0,0,0,0,0,0,0,0,0,13,309,0
7084,0,0,0,2,4,52,0,0,0,0,0,0
7085,6,10,0,0,0,0,0,0,0,0,0,0
7086,0,0,0,0,0,6,0,0,0,10,1462,0
7087,0,0,0,2,0,28,0,0,0,0,0,0
7088,8,13,0,0,0,0,0,0,0,0,0,0
7089,0,11,14,0,0,0,0,0,0,0,0,0
7090,0,0,0,2,1,56,0,0,0,0,0,0
7091,0,0,0,0,0,0,27,59,1,0,0,0
7092,0,0,0,2,3,34,0,0,0,0,0,0
7093,0,0,0,0,0,2,0,0,0,3,248,0
7094,0,13,0,0,0,0,0,0,0,0,0,0
7095,0,0,0,0,0,0,0,0,0,2,75,0
7096,0,0,0,4,1,36,0,0,0,0,0,0
7097,0,922,0,0,0,0,15,0,0,0,0,0
7098,0,0,0,0,3,16,0,0,0,0,0,0
7099,0,0,0,12,2,12,0,0,0,0,0,0
7100,0,11,0,0,0,0,730,7,2,0,0,0
7101,0,0,0,0,0,1,0,0,0,42,163,0
7102,7,37,0,2,0,0,0,0,0,0,0,0
7103,0,24,0,0,0,0,0,0,0,0,0,0
7104,0,0,0,0,0,2,0,0,0,5,298,1
7105,0,0,1,0,0,0,0,0,0,29,267,1
7106,0,0,0,0,0,31,0,0,0,0,0,0
7107,0,3,1,0,0,0,0,0,0,0,0,0
7108,0,0,0,0,0,19,0,0,0,0,488,0
7109,0,0,0,3,0,0,0,0,0,0,0,0
7110,0,0,0,0,0,0,0,1,2,0,0,0
7111,0,0,0,0,0,19,0,0,0,0,0,0
7112,0,54,0,0,0,0,3,0,0,0,0,0
7113,0,0,0,0,0,8,0,0,0,1,1390,0
7114,0,0,0,23,4,16,0,0,0,0,0,0
7115,0,0,0,0,0,0,19,2,0,0,0,0
7116,0,1,0,0,0,0,39,6,0,0,0,0
7117,0,0,0,0,0,109,0,0,0,0,3,0
7118,1,0,0,19,2,6,0,0,0,0,0,0
7119,0,0,0,0,0,2,0,0,0,6,701,1
7120,0,0,0,2,4,108,0,0,0,0,1,0
7121,22,40,0,0,0,0,1,0,0,0,0,0
7122,0,0,0,0,24,155,0,2,0,0,1,0
7123,0,9,3,0,0,0,0,0,0,0,0,0
7124,0,0,0,0,0,375,0,0,0,22,65067,0
7125,0,0,0,0,0,0,0,0,0,39,112,0
7126,0,0,0,1,71,11,0,0,0,0,0,0
7127,0,0,0,0,0,5,0,0,0,0,0,0
7128,0,0,0,0,0,0,1,1,1,0,0,0
7129,0,0,0,0,0,2,0,0,0,0,0,0
7130,3,28,2,0,0,0,0,0,0,0,0,0
7131,0,0,0,0,0,0,0,15,12,0,0,3
7132,0,0,0,0,1,10,0,0,0,0,0,0
7133,0,0,0,0,0,0,19,14,0,0,0,0
7134,0,0,0,0,0,8,0,0,0,0,0,0
7135,0,0,0,4,4,8,0,0,0,0,0,0
7136,0,0,0,2,1,0,0,0,0,0,0,0
7137,0,0,0,0,0,0,6,1,0,0,0,0
7138,0,0,0,0,0,23,0,0,0,0,0,0
7139,0,0,0,0,0,0,0,0,0,9,3,1
7140,0,0,0,1,0,0,0,0,0,0,0,0
7141,0,0,0,13,0,4,0,0,0,0,0,0
7142,5,1088,4,0,0,0,26,0,0,0,0,0
7143,0,0,0,0,4,0,27,8,1,0,0,0
7144,0,0,0,6,0,13,0,0,0,0,0,0
7145,0,11,0,0,0,0,183,6,0,0,0,0
7146,0,0,0,0,0,0,56,14,0,0,0,0
7147,0,0,0,0,1,4,0,0,0,0,0,0
7148,0,0,0,2,0,38,0,0,0,0,0,0
7149,0,0,0,0,1,6,0,0,0,0,0,0
7150,3,127,0,0,0,0,1,0,0,0,0,0
7151,0,0,0,0,0,0,0,0,0,0,0,0
7152,0,0,0,0,0,0,0,0,0,0,0,0
7153,0,0,0,5,0,70,0,0,0,0,1,0
7154,0,0,0,0,8,1,0,1,0,0,0,0
7155,0,0,0,0,0,0,0,0,0,0,3,0
7156,2,0,0,16,2,24,0,0,0,0,0,0
7157,0,0,0,10,1,47,0,0,0,0,0,0
7158,0,0,0,0,0,3,0,0,0,0,0,0
7159,0,8,0,0,0,0,0,0,0,0,0,0
7160,0,2,0,0,0,0,256,32,19,0,0,0
7161,1,20,2,0,0,0,0,0,0,0,0,0
7162,0,0,0,0,0,3,0,0,0,18,858,0
7163,1,12,0,0,0,0,0,0,0,0,0,0
7164,0,0,0,0,0,3,0,0,0,9,768,0
7165,0,0,0,0,0,3,0,0,0,54,1391,6
7166,0,0,0,0,0,1,0,0,0,0,0,0
7167,2,0,0,0,0,0,0,0,0,0,0,0
7168,0,0,0,1,0,534,0,0,0,0,8,0
7169,0,0,0,0,0,0,0,0,0,1,40,1
7170,0,0,0,0,0,0,0,0,0,0,30,0
7171,0,0,0,0,85,77,0,3,0,0,1,0
7172,0,0,0,0,26,2,0,0,0,0,0,0
7173,0,0,0,0,0,2,0,0,0,2,313,0
7174,0,0,0,0,1,20,0,0,0,0,0,0
7175,0,0,0,0,3,13,0,0,0,0,0,0
7176,0,0,0,0,0,2,0,0,0,0,0,0
7177,0,15,0,0,0,0,0,0,0,0,0,0
7178,0,0,0,0,0,0,12,1,3,0,0,0
7179,2,1,3,0,0,0,0,0,0,0,0,0
7180,1,8,1,0,0,0,0,0,0,0,0,0
7181,0,2,0,0,0,0,0,0,0,0,0,0
7182,0,0,0,0,0,0,0,0,0,0,29,0
7183,0,0,0,0,0,10,0,0,0,0,0,0
7184,0,7,0,0,0,0,0,0,0,0,0,0
7185,0,0,0,14,1,53,0,0,0,0,0,0
7186,1,18,1,0,0,0,0,0,0,0,0,0
7187,0,0,0,0,0,0,0,0,0,1,2,0
7188,0,0,0,0,0,0,0,0,0,0,0,0
7189,0,7,0,0,0,0,0,0,0,0,0,0
7190,0,39,0,0,0,0,0,0,0,0,0,0
7191,0,0,0,0,0,3,0,0,0,0,0,0
7192,0,0,0,0,2,33,0,1,0,0,1,0
7193,0,4,0,0,0,0,0,0,0,0,0,0
7194,0,0,0,0,0,0,0,0,0,33,23,0
7195,0,0,0,0,0,2,0,0,0,5,564,0
7196,0,15,0,0,0,0,0,0,0,0,0,0
7197,0,0,0,2,0,1,0,0,0,0,0,0
7198,0,0,0,1,0,28,0,0,0,0,0,0
7199,0,0,0,1,16,2,0,0,0,0,0,0
7200,0,0,0,0,0,0,0,0,0,0,170,1
7201,4,7705,0,0,0,0,148,10,0,0,0,0
7202,0,0,0,0,3,9,0,0,0,0,0,0
7203,0,0,0,0,0,0,0,0,0,8,56,0
7204,0,0,0,37,1,67,0,0,0,0,2,0
7205,0,0,0,0,0,19,0,0,0,0,0,0
7206,0,0,0,0,0,2,0,0,0,0,0,0
7207,0,0,0,3,0,6,0,0,0,0,0,0
7208,0,1,0,0,0,0,0,0,0,0,0,0
7209,0,13,0,0,0,0,0,0,0,0,0,0
7210,1,13,0,0,0,0,0,0,0,0,0,0
7211,0,0,0,10,1,9,0,0,0,0,0,0
7212,0,0,0,0,0,0,0,2,0,0,0,0
7213,0,0,0,0,0,0,0,13,0,0,0,0
7214,0,0,0,0,0,0,30,12,1,0,0,0
7215,0,0,1,0,0,0,0,0,0,0,0,0
7216,0,0,0,0,0,46,0,0,0,0,0,0
7217,0,0,0,0,2,37,0,0,0,0,0,0
7218,0,0,0,0,0,1,0,0,0,0,0,0
7219,0,52,0,0,0,0,0,0,0,0,0,0
7220,2,1,0,0,0,0,0,0,0,0,0,0
7221,0,0,0,0,0,0,0,0,0,5,3,56
7222,0,0,0,53,1,15,0,0,0,0,0,0
7223,0,0,0,0,0,0,65,49,1,0,0,0
7224,0,0,0,0,0,6,0,0,0,47,904,0
7225,0,0,0,5,3,22,0,0,0,0,0,0
7226,0,0,0,15,2,22,0,0,0,0,0,0
7227,0,0,0,3,11,2,0,1,0,0,0,0
7228,0,0,0,20,3,30,0,0,0,0,0,0
7229,0,0,0,0,0,0,12,41,0,0,0,0
7230,0,0,0,0,0,0,1,2,0,0,0,0
7231,0,0,0,0,0,1,0,0,0,54,186,0
7232,0,0,0,0,2,10,0,0,0,0,0,0
7233,0,0,0,0,0,0,0,0,0,0,0,0
7234,0,29,0,0,0,0,0,0,0,0,0,0
7235,0,0,0,0,0,0,37,69,0,0,0,0
7236,0,0,0,0,34,16,0,1,0,0,1,0
7237,0,0,0,21,1,35,0,0,0,0,0,0
7238,0,0,0,0,0,0,37,3,0,0,0,0
7239,0,0,0,0,0,0,0,0,0,0,74,5
7240,34,52,24,0,0,0,0,0,0,0,0,0
7241,0,0,0,0,0,0,0,1,0,0,0,0
7242,1,0,0,0,0,0,0,0,0,0,0,0
7243,0,0,0,0,0,0,28,1,0,0,0,0
7244,0,0,0,0,2,1,0,0,0,0,0,0
7245,0,0,0,0,0,0,0,5,1,0,0,0
7246,0,0,0,0,1,0,0,48,0,0,0,0
7247,0,0,0,0,4,39,0,0,0,0,0,0
7248,0,0,0,1,6,3,0,0,0,0,0,0
7249,0,0,0,0,3,177,0,0,0,0,3,0
7250,0,0,0,1,34,10,0,0,0,0,0,0
7251,0,0,0,0,1,1,0,0,0,0,0,0
7252,0,0,0,0,0,0,522,38,0,0,0,0
7253,0,0,0,0,1,0,1,69,0,0,0,0
7254,0,0,0,0,0,0,0,0,0,0,1,0
7255,3,24,1,0,0,0,0,0,0,0,0,0
7256,0,0,0,0,0,9,0,0,0,0,0,0
7257,4,2,0,0,0,0,0,0,0,0,0,0
7258,0,0,0,0,0,167,0,0,0,0,4,1
7259,0,147,5,0,0,0,0,0,0,0,0,0
7260,0,0,0,0,1,20,0,0,0,0,0,0
7261,0,0,0,1,1,10,0,0,0,0,0,0
7262,0,0,0,0,0,0,0,0,0,53,61,0
7263,0,0,0,1,0,4,0,0,0,0,0,0
7264,0,0,0,0,1,140,0,0,0,0,3,0
7265,0,0,0,0,0,157,0,0,0,0,1,0
7266,0,0,0,13,1,1,0,0,0,0,0,0
7267,0,0,0,0,0,1,0,0,0,3,1585,0
7268,0,1,0,0,0,0,0,0,0,0,0,0
7269,0,0,0,0,0,0,0,0,0,3,5,0
7270,0,0,0,4,0,11,0,0,0,0,0,0
7271,1,4,0,0,0,0,0,0,0,0,0,0
7272,0,20,0,0,0,0,1917,1,0,0,0,0
7273,0,0,0,0,0,0,35,51,0,0,0,0
7274,0,0,0,1,41,2,0,0,0,0,0,0
7275,0,0,0,1,2,12,0,0,0,0,0,0
7276,0,0,0,0,0,21,0,0,0,0,0,0
7277,0,0,0,0,0,7,0,0,0,0,1,0
7278,0,0,0,0,0,2,0,0,0,0,0,0
7279,0,0,0,0,0,18,0,0,0,7,1316,2
7280,0,0,0,0,0,1,0,0,0,0,0,0
7281,0,1,1,0,0,0,0,0,0,0,0,0
7282,0,0,0,0,0,142,0,0,0,0,0,0
7283,0,0,0,0,0,0,25,0,2,0,0,0
7284,0,0,0,0,0,28,0,0,0,0,1,0
7285,0,25,1,0,0,0,0,0,0,0,0,0
7286,0,0,0,0,0,0,0,0,0,16,2,0
7287,0,0,0,0,0,0,0,0,0,0,0,0
7288,4,0,0,184,11,14,0,1,0,0,0,0
7289,0,0,0,0,0,0,1,1,0,0,0,0
7290,0,0,0,0,0,0,45,28,1,0,0,0
7291,0,142,12,0,0,0,1,0,0,0,0,0
7292,0,0,0,26,12,203,0,0,0,0,1,0
7293,0,0,0,0,9,13,0,0,0,0,0,0
7294,0,0,0,0,0,0,52,18,0,0,0,0
7295,0,22,0,0,0,0,906,26,0,0,0,0
7296,0,0,0,0,0,5,0,0,0,1,182,0
7297,0,0,0,8,5,16,0,0,0,0,0,0
7298,0,0,0,0,0,0,16,11,0,0,0,0
7299,0,0,0,1,0,96,0,0,0,1,8509,0
7300,1,23,0,0,0,0,0,0,0,0,0,0
7301,0,24,1,0,0,0,0,0,0,0,0,0
7302,0,0,0,0,0,41,0,0,0,0,1,0
7303,0,0,0,0,0,16,0,0,0,12,1613,1
7304,4,6,2,0,0,0,0,0,0,0,0,0
7305,0,0,0,1,52,2,0,5,0,0,0,0
7306,0,0,0,0,0,0,6,40,3,0,0,0
7307,0,0,0,0,0,0,0,0,0,3,0,1
7308,0,3,0,0,0,0,0,0,0,0,0,0
7309,0,12,0,0,0,0,0,0,0,0,0,0
7310,0,0,0,4,6,15,0,0,0,0,0,0
7311,0,0,0,0,1,1,0,0,0,0,0,0
7312,0,0,0,0,0,0,47,18,1,0,0,0
7313,0,0,0,0,1,0,0,0,0,0,0,0
7314,0,0,0,0,0,0,0,0,0,0,0,0
7315,0,0,0,0,1,29,0,0,0,0,1,0
7316,0,0,0,0,1,2,0,0,0,0,0,0
7317,0,0,0,0,3,12,0,0,0,0,0,0
7318,0,0,0,0,0,6,0,0,0,1,343,0
7319,1,19,7,0,0,0,0,0,0,1,0,0
7320,0,1,0,0,0,0,66,6,0,0,0,0
7321,0,0,0,0,0,7,0,0,0,5,199,0
7322,0,0,0,4,0,12,0,0,0,0,0,0
7323,2,9,0,0,0,0,0,0,0,0,0,0
7324,0,0,0,0,0,58,0,0,0,0,0,0
7325,0,0,0,0,1,1,0,0,0,0,0,0
7326,0,0,0,1,0,0,0,0,0,0,0,0
7327,0,0,0,1,0,63,0,0,0,0,3,0
7328,0,0,0,0,57,0,3,2177,0,0,0,0
7329,0,0,0,0,0,0,0,0,0,0,21,0
7330,6,27,1,0,0,0,0,0,0,0,0,0
7331,0,0,0,0,0,0,18,4,0,0,0,0
7332,0,0,0,0,0,36,0,0,0,0,0,0
7333,1,25,2,0,0,0,1,0,0,0,0,0
7334,0,0,0,0,0,1,0,0,0,0,345,0
7335,0,14,0,0,0,0,0,0,0,0,0,0
7336,0,0,0,0,5,35,0,0,0,0,0,0
7337,0,0,0,1,5,6,0,0,0,0,0,0
7338,0,0,0,1,0,1,0,0,0,0,0,0
7339,0,0,0,1,0,4,0,0,0,0,0,0
7340,0,158,0,0,0,0,1,0,0,0,0,0
7341,0,0,0,2,2,89,0,0,0,0,0,0
7342,0,0,0,0,0,3,0,0,0,0,0,0
7343,3,1,0,0,0,0,0,0,0,0,0,0
7344,0,0,0,0,0,0,16,4,0,0,0,0
7345,0,0,0,0,0,14,0,0,0,0,0,0
7346,0,0,0,0,0,0,0,0,0,0,0,0
7347,0,8,6,0,0,0,0,0,0,0,0,0
7348,26,0,0,3200,19,50,0,0,0,0,0,0
7349,0,0,0,1,1,2,0,0,0,0,0,0
7350,0,0,0,0,0,0,0,0,0,1,3,0
7351,0,0,0,1,7,13,0,0,0,0,0,0
7352,0,0,0,0,0,0,0,0,0,0,0,0
7353,0,0,0,0,0,0,0,10,0,0,0,0
7354,0,0,0,0,0,0,0,2,1,0,0,0
7355,0,0,0,0,0,0,0,0,0,3,20,1
7356,0,0,0,0,0,0,0,0,0,0,0,0
7357,0,0,0,0,27,47,0,0,0,0,0,0
7358,0,168,2,0,0,0,0,0,0,0,0,0
7359,0,0,0,1,1,4,0,0,0,0,0,0
7360,0,0,0,0,1,0,93,593,5,0,0,0
7361,0,0,0,0,0,1,0,0,0,0,0,0
7362,0,0,0,0,0,0,0,0,0,0,0,0
7363,0,0,0,0,0,0,0,0,0,0,0,0
7364,0,0,0,0,0,57,0,0,0,0,0,0
7365,0,0,0,0,0,1,0,0,0,0,0,0
7366,2,16,0,0,0,0,0,0,0,0,0,0
7367,0,19,12,0,0,0,0,0,0,0,0,0
7368,0,0,0,0,0,8,0,0,0,0,0,0
7369,1,13,0,0,0,0,0,0,0,0,0,0
7370,0,5,0,0,0,0,0,0,0,0,0,0
7371,0,0,0,0,0,0,0,0,0,0,0,0
7372,0,0,0,0,0,14,0,0,0,0,0,0
7373,1,1,0,0,0,0,0,0,0,0,0,0
7374,0,25,1,0,0,0,0,0,0,0,0,0
7375,0,0,0,2,24,98,0,0,0,0,0,0
7376,0,0,0,0,0,0,0,0,0,4,40,0
7377,0,0,0,0,0,0,0,0,0,0,0,0
7378,0,0,0,16,0,18,0,0,0,0,0,0
7379,0,0,0,0,0,0,20,10,2,0,0,0
7380,0,0,0,0,0,1,0,0,0,0,0,0
7381,2,21,1,0,0,0,0,0,0,0,0,0
7382,0,0,0,0,0,0,0,0,0,18,1,0
7383,9,0,0,0,0,0,0,0,0,0,0,0
7384,0,15,0,0,0,0,0,0,0,0,0,0
7385,0,13,6,0,0,0,0,0,0,0,0,0
7386,2,0,0,72,2,49,0,0,0,0,0,0
7387,0,2,0,0,0,0,159,18,2,0,0,0
7388,0,1,0,0,0,0,66,1,2,0,0,0
7389,0,0,0,0,0,0,0,0,0,0,51,0
7390,0,0,0,0,0,2,0,0,0,22,552,1
7391,0,0,0,0,0,0,0,0,0,2,26,0
7392,0,0,0,0,0,0,0,0,0,2,34,0
7393,0,2,0,0,3,0,198,1520,15,0,0,0
7394,0,28,1,0,0,0,0,0,0,0,0,0
7395,0,0,0,2,0,36,0,0,0,0,0,0
7396,0,0,0,1,4,32,0,0,0,0,0,0
7397,0,0,0,0,20,177,0,0,0,0,3,0
7398,0,0,0,0,0,0,0,0,0,0,31,0
7399,4,158,8,0,0,0,4,0,0,0,0,0
7400,0,0,0,0,0,0,4,1,0,0,0,0
7401,0,0,0,0,0,0,0,0,0,0,313,1
7402,0,0,0,4,3,92,0,0,0,0,2,0
7403,0,2,0,0,0,0,0,0,0,0,0,0
7404,0,0,0,0,0,0,0,0,0,0,0,0
7405,0,0,0,0,0,0,10,55,0,0,0,0
7406,0,0,0,0,0,0,2,8,0,0,0,0
7407,0,0,0,0,1,0,0,0,0,0,0,0
7408,0,0,0,0,0,8,0,0,0,0,0,0
7409,0,0,2,0,0,0,0,0,0,0,0,0
7410,0,0,0,0,0,0,0,1,0,0,0,0
7411,0,20,1,0,0,0,0,0,0,0,0,0
7412,0,0,0,0,0,0,0,0,0,0,0,0
7413,0,0,0,0,0,1,0,0,0,0,0,0
7414,0,0,0,0,0,0,0,0,0,0,0,0
7415,0,0,0,0,0,1,0,0,0,0,0,0
7416,3,0,0,0,0,0,0,0,0,0,0,0
7417,0,0,0,0,0,0,0,0,1,0,136,36
7418,0,6,0,0,0,0,0,0,0,0,0,0
7419,0,0,0,0,0,7,0,0,0,0,0,0
7420,0,0,0,0,0,16,0,0,0,62,2893,1
7421,0,0,0,1,0,1,0,0,0,0,0,0
7422,0,0,0,0,1,1,0,0,0,0,0,0
7423,0,0,0,0,0,0,0,0,0,0,404,0
7424,0,0,0,1,1101,14,0,14,0,0,0,0
7425,0,0,0,0,16,7,0,0,0,0,0,0
7426,0,0,0,4,5,3,0,0,0,0,0,0
7427,0,0,0,0,0,0,36,12,1,0,0,0
7428,0,0,0,0,0,0,0,0,0,0,76,0
7429,5,26,1,0,0,0,0,0,0,0,0,0
7430,0,0,0,0,1,0,0,0,0,0,0,0
7431,0,0,0,0,0,0,0,0,0,1,147,0
7432,4,18,3,0,0,0,1,0,0,0,0,0
7433,0,0,0,0,2,4,0,0,0,0,0,0
7434,0,0,0,27,0,1,0,0,0,0,0,0
7435,0,0,0,0,1,47,0,0,0,0,0,0
7436,0,0,0,0,0,24,0,0,0,0,0,0
7437,10,5,0,0,0,0,0,0,0,0,0,0
7438,0,0,0,0,0,203,0,0,0,0,0,0
7439,0,0,0,0,0,6,0,0,0,0,0,0
7440,0,13,0,0,0,0,0,0,0,0,0,0
7441,0,0,0,0,0,31,0,0,0,0,0,0
7442,0,0,0,0,0,0,9,6,0,0,0,0
7443,0,0,0,1,0,12,0,0,0,0,0,0
7444,4,34,0,0,0,0,0,0,0,0,0,0
7445,0,0,0,7,1,3,0,0,0,0,0,0
7446,0,0,0,0,0,0,0,0,1,0,0,0
7447,0,0,0,0,0,0,3,0,0,0,0,0
7448,0,15,4,0,0,0,0,0,0,0,0,0
7449,3,54,3,0,0,0,0,0,0,0,0,0
7450,3,15,6,0,0,0,0,0,0,0,0,0
7451,0,109,0,0,0,0,1,0,0,0,0,0
7452,0,0,0,0,3,0,16,722,0,0,0,0
7453,0,0,0,0,0,8,0,0,0,0,0,0
7454,0,0,0,0,0,3,0,0,0,0,0,0
7455,0,24,0,0,0,0,0,0,0,0,0,0
7456,0,0,0,0,1,14,0,0,0,0,0,0
7457,0,0,0,0,0,0,4,4,0,0,0,0
7458,0,0,0,1,0,2,0,0,0,0,0,0
7459,0,2,0,0,1,0,90,126,0,0,0,0
7460,0,0,0,0,0,0,0,0,0,0,2,0
7461,0,0,0,0,0,0,0,0,0,0,0,0
7462,0,0,0,0,0,48,0,0,0,0,0,0
7463,0,0,0,0,0,0,13,22,0,0,0,0
7464,0,0,0,0,0,8,0,0,0,0,0,0
7465,0,0,0,3,1,10,0,0,0,0,0,0
7466,0,0,0,0,0,0,20,4,2,0,0,0
7467,0,0,0,0,0,5,0,0,0,0,0,0
7468,7,25,0,0,0,0,0,0,0,0,0,0
7469,0,0,0,0,0,0,6,43,0,0,0,0
7470,0,0,1,0,0,0,0,0,0,0,0,0
7471,0,0,0,0,0,0,0,0,0,1,250,0
7472,0,0,0,0,0,0,0,3,0,0,0,0
7473,0,0,0,0,0,0,0,3,0,0,0,0
7474,0,0,0,0,1,10,0,0,0,0,0,0
7475,0,0,0,0,0,0,0,0,0,0,0,0
7476,0,0,0,0,0,0,0,0,0,0,0,0
7477,0,0,0,0,0,19,0,0,0,0,0,0
7478,0,37,2,0,0,0,0,0,0,0,0,0
7479,2,465,5,0,0,0,1,0,0,0,0,0
7480,0,0,0,11,8,36,0,0,0,0,0,0
7481,0,0,0,5,3,1,0,0,0,0,0,0
7482,0,0,0,0,0,0,0,0,0,0,122,1
7483,7,71,4,0,0,0,0,0,0,0,0,0
7484,0,0,0,0,6,194,0,0,0,0,3,0
7485,0,0,0,0,0,0,0,0,0,0,19,0
7486,4,6,0,0,0,0,0,0,0,0,0,0
7487,1,9,2,0,0,0,0,0,0,0,0,0
7488,0,0,0,0,0,0,0,0,0,10,322,0
7489,0,0,0,4,3,23,0,0,0,0,0,0
7490,0,0,0,0,0,0,0,0,0,0,0,0
7491,0,0,0,0,0,0,0,2,2,0,0,0
7492,0,0,0,0,0,13,0,0,0,0,0,0
7493,1,62,0,0,0,0,0,0,0,0,0,0
7494,0,0,0,1,0,7,0,0,0,0,0,0
7495,0,0,0,0,0,0,5,27,1,0,0,0
7496,0,1,5,0,0,0,0,0,0,0,0,0
7497,0,0,0,0,1,1,0,0,0,0,0,0
7498,0,0,0,0,0,0,0,0,0,0,0,0
7499,0,0,0,0,2,1,0,0,0,0,0,0
7500,0,0,0,0,0,0,0,0,0,0,0,0
7501,0,0,0,0,0,4,0,0,0,0,0,0
7502,0,0,0,0,0,0,0,0,0,0,0,0
7503,0,28,0,0,0,0,0,0,0,0,0,0
7504,0,0,0,0,0,1,0,0,0,3,775,0
7505,0,0,0,0,0,0,0,0,0,0,0,0
7506,0,27,0,0,0,0,0,0,0,0,0,0
7507,0,15,2,0,0,0,0,0,0,0,0,0
7508,0,0,0,0,0,0,0,0,0,0,5,0
7509,0,0,0,0,0,0,2,0,0,0,0,0
7510,0,0,0,0,0,3,0,0,0,0,0,0
7511,0,1,1,0,0,0,0,0,0,0,0,0
7512,1,5,0,0,0,0,0,0,0,0,0,0
7513,0,0,0,0,0,34,0,0,0,0,0,0
7514,1,0,0,0,0,0,0,0,0,0,0,0
7515,0,0,0,0,0,0,0,4,1,0,0,0
7516,1,51,0,0,0,0,0,0,0,0,0,0
7517,0,0,0,0,0,0,3,5,0,0,0,0
7518,0,0,0,0,0,0,0,0,0,0,51,0
7519,36,30,5,0,0,0,0,0,0,0,0,0
7520,0,2,0,0,0,0,0,0,0,0,0,0
7521,0,0,0,0,0,0,0,0,0,0,123,0
7522,0,26,1,0,0,0,0,0,0,0,0,0
7523,1,0,14,0,0,0,0,0,0,0,0,0
7524,0,0,0,0,0,0,0,1,3,0,0,0
7525,0,15,0,0,0,0,0,0,0,0,0,0
7526,0,0,0,0,0,0,26,5,0,0,0,0
7527,0,0,0,0,1,2,0,0,0,0,0,0
7528,0,0,0,0,0,34,0,0,0,50,4909,0
7529,0,0,0,0,0,0,3,0,0,0,0,0
7530,0,3,0,0,0,0,0,0,0,0,0,0
7531,1,40,6,0,0,0,0,0,0,0,0,0
7532,0,0,0,1,0,1,0,0,0,0,0,0
7533,0,0,0,0,0,0,0,0,0,0,0,0
7534,0,0,0,0,0,227,0,0,0,0,1,0
7535,2,11,0,0,0,0,0,0,0,0,0,0
7536,0,0,0,0,0,0,0,0,0,3,76,0
7537,0,25,3,0,0,0,0,0,0,0,0,0
7538,1,0,0,0,0,0,0,0,0,0,0,0
7539,0,0,0,0,0,0,0,0,0,0,1,0
7540,0,0,0,1,0,3029,0,0,0,0,1,0
7541,0,2,0,0,0,0,0,0,0,0,0,0
7542,0,0,0,1,1,0,0,0,0,0,0,0
7543,0,0,0,2,0,66,0,0,0,0,0,0
7544,0,0,0,0,0,0,13,14,1,0,0,0
7545,0,0,0,0,0,0,0,0,0,0,0,0
7546,0,0,0,5,0,19,0,0,0,0,0,0
7547,0,0,2,0,0,0,0,0,0,0,0,0
7548,0,263,5,0,0,0,1,0,0,0,0,0
7549,0,0,0,1,1,27,0,0,0,0,0,0
7550,0,0,0,0,0,0,1,1,2,0,0,0
7551,0,0,0,0,1,0,0,3,0,0,0,0
7552,0,0,0,0,2,18,0,0,0,0,0,0
7553,0,0,0,0,0,0,22,8,1,0,0,0
7554,0,0,0,0,1,27,0,0,0,0,0,0
7555,0,0,0,0,0,6,0,0,0,0,0,0
7556,0,0,0,0,0,0,0,0,0,0,0,0
7557,0,0,0,0,0,0,65,1,0,0,0,0
7558,0,12,1,0,0,0,0,0,0,0,0,0
7559,0,0,21,0,0,0,0,0,0,0,0,0
7560,0,0,0,0,0,0,106,0,1,0,0,0
7561,0,0,0,0,0,0,111,0,0,0,0,0
7562,0,0,0,0,5,21,0,0,0,0,0,0
7563,0,0,0,0,0,0,0,0,0,1,4,2
7564,0,0,0,0,0,5,0,0,0,44,1591,0
7565,0,0,0,0,0,9,0,0,0,0,0,0
7566,0,0,0,1,0,1,0,0,0,0,0,0
7567,0,0,0,0,0,9,0,0,0,0,0,0
7568,0,0,0,1,0,0,0,0,0,0,0,0
7569,0,1,0,0,0,0,0,0,0,0,0,0
7570,0,0,0,0,0,17,0,0,0,0,0,0
7571,0,0,0,0,0,0,0,0,1,0,0,0
7572,0,0,0,0,0,4,0,0,0,0,0,0
7573,0,0,0,0,0,0,0,0,0,21,236,3
7574,0,0,0,1,1,12,0,0,0,0,0,0
7575,0,0,1,0,0,0,0,0,0,0,0,0
7576,0,0,0,0,0,21,0,0,0,0,0,0
7577,0,0,0,0,0,0,0,11,0,0,0,0
7578,0,0,0,0,0,0,0,0,0,1,5,0
7579,0,0,0,5,1,9,0,0,0,0,0,0
7580,0,2,0,0,0,0,0,0,0,0,0,0
7581,1,1,0,0,0,0,0,0,0,0,0,0
7582,0,0,0,0,1,111,0,0,0,0,13,0
7583,0,0,0,0,0,0,0,0,0,0,0,0
7584,0,0,0,0,0,0,2,2,0,0,0,0
7585,2,15,20,0,0,0,0,0,0,0,0,0
7586,0,0,0,0,0,0,0,1,1,0,0,0
7587,0,0,0,0,0,0,0,1,1,0,0,0
7588,0,0,0,0,0,5,0,0,0,0,0,0
7589,0,5,4,0,0,0,0,0,0,0,0,0
7590,8,32,8,0,0,0,0,0,0,0,0,0
7591,0,71,70,0,0,0,1,0,0,1,0,0
7592,0,0,0,0,0,0,5,15,0,0,0,0
7593,0,0,0,0,0,0,1,1,2,0,0,0
7594,0,0,0,0,0,0,0,0,0,3,206,1
7595,0,0,0,0,0,5,0,0,0,0,0,0
7596,0,0,0,5,1,1,0,0,0,0,0,0
7597,0,0,0,0,0,10,0,0,0,0,0,0
7598,0,0,0,0,0,0,0,0,0,0,0,0
7599,0,0,0,0,0,0,0,2,1,0,0,0
7600,0,0,0,0,0,39,0,0,0,1,1902,0
7601,0,0,1,0,0,0,0,0,0,0,0,0
7602,0,13,0,0,0,0,0,0,0,0,0,0
7603,2,8,0,0,0,0,0,0,0,0,0,0
7604,0,0,0,0,0,2,0,0,0,12,529,0
7605,0,0,0,1,0,6,0,0,0,0,0,0
7606,9,6,0,0,0,0,0,0,0,0,0,0
7607,0,0,0,0,0,0,0,0,0,0,2,0
7608,1,2,0,0,0,0,0,0,0,0,0,0
7609,0,0,0,0,0,1,0,0,0,1,346,0
7610,9,4,0,0,0,0,0,0,0,0,0,0
7611,1,12,0,0,0,0,0,0,0,0,0,0
7612,0,0,0,0,0,30,0,0,0,0,0,0
7613,0,0,0,0,0,0,0,0,0,0,0,0
7614,0,0,0,0,0,0,0,0,0,0,0,0
7615,0,0,0,0,0,0,2,1,0,0,0,0
7616,0,0,0,0,0,0,0,0,0,0,0,0
7617,0,0,0,0,0,0,0,0,0,0,0,0
7618,0,0,0,1,1,47,0,0,0,0,0,0
7619,0,0,0,0,1,1,0,0,0,0,0,0
7620,0,0,0,0,0,0,0,0,0,0,0,0
7621,0,0,0,0,2,7,0,0,0,0,0,0
7622,0,0,0,0,0,0,11,2,0,0,0,0
7623,0,0,0,0,40,8,0,0,0,0,0,0
7624,0,0,0,0,0,291,0,0,0,0,0,0
7625,0,2,0,0,0,0,0,0,0,0,0,0
7626,28,102,2,1,0,0,0,0,0,0,0,0
7627,0,0,0,0,3,16,0,0,0,0,0,0
7628,0,0,0,1,0,3,0,0,0,0,0,0
7629,0,0,0,0,0,0,0,2,0,0,0,0
7630,0,0,0,1,0,24,0,0,0,0,0,0
7631,0,0,0,0,0,0,1,1,0,0,0,0
7632,0,0,1,0,0,0,0,0,0,0,0,0
7633,0,0,0,1,6,648,0,0,0,0,10,0
7634,0,0,1,0,0,0,0,0,0,0,0,0
7635,0,0,0,0,0,0,0,0,0,2,13,0
7636,0,58,2,0,0,0,0,0,0,0,0,0
7637,0,0,0,0,3,0,0,0,0,0,0,0
7638,0,0,0,6,3,3,0,0,0,0,0,0
7639,0,0,0,0,0,0,0,0,0,0,181,0
7640,0,0,0,2,1,1,0,0,0,0,0,0
7641,0,0,0,0,0,0,44,28,3,0,0,0
7642,0,0,0,0,2,23,0,0,0,0,0,0
7643,0,0,0,0,0,0,11,30,0,0,0,0
7644,0,0,0,0,0,1,0,0,0,0,145,3
7645,0,0,0,10,4,46,0,0,0,0,1,0
7646,0,0,0,0,0,0,40,7,0,0,0,0
7647,0,0,0,0,0,0,1,6,0,0,0,0
7648,0,0,0,0,0,11,0,0,0,0,0,0
7649,0,11,0,0,0,0,0,0,0,0,0,0
7650,0,0,0,0,0,0,0,0,0,0,0,0
7651,0,0,0,1,0,18,0,0,0,0,0,0
7652,0,0,0,0,0,0,0,0,0,0,0,0
7653,0,0,0,0,0,0,0,0,0,1,1,0
7654,1,25,2,0,0,0,0,0,0,0,0,0
7655,0,0,0,0,0,0,0,0,0,0,0,0
7656,0,0,0,25,0,3,0,0,0,0,0,0
7657,0,0,0,0,0,9,0,0,0,0,0,0
7658,1,0,0,0,0,0,0,0,0,0,0,0
7659,0,0,0,0,0,0,0,0,0,0,0,0
7660,0,0,0,1,0,1,0,0,0,0,0,0
7661,0,8,0,0,0,0,0,0,0,0,0,0
7662,0,0,0,0,0,0,0,1,0,0,0,0
7663,0,0,0,0,0,10,0,0,0,0,0,0
7664,0,0,0,0,0,0,0,1,0,0,0,0
7665,1,0,0,0,0,0,0,0,0,0,0,0
7666,0,0,0,0,2,54,0,0,0,0,1,0
7667,0,0,0,0,0,0,0,1,0,0,0,0
7668,0,0,0,0,0,0,0,0,0,0,0,0
7669,1,41,2,0,0,0,0,0,0,0,0,0
7670,0,0,0,0,0,0,9,0,0,0,0,0
7671,0,0,0,0,0,1,0,0,0,0,0,0
7672,0,0,0,7,3,22,0,0,0,0,0,0
7673,0,0,0,0,0,0,0,7,1,0,0,0
7674,0,0,0,0,0,0,0,0,0,1,2,0
7675,0,0,0,0,28,0,25,1019,553,0,1,2
7676,0,20,3,0,0,0,0,0,0,0,0,0
7677,0,0,0,0,0,0,5,9,6,0,0,0
7678,3,65,6,0,0,0,1,0,0,0,0,0
7679,0,0,0,0,0,0,1,0,0,0,0,0
7680,0,0,0,0,0,0,0,0,0,0,0,0
7681,0,0,0,0,0,4,0,0,0,0,126,0
7682,0,0,0,0,0,7,0,0,0,0,0,0
7683,0,0,0,0,0,0,0,0,0,0,0,0
7684,0,0,0,0,0,0,45,2,0,0,0,0
7685,0,0,0,0,542,0,0,14,0,0,0,0
7686,0,0,0,0,0,0,0,0,0,0,2,0
7687,1,12,6,0,0,0,0,0,0,0,0,0
7688,0,0,0,0,0,4,0,0,0,8,208,0
7689,0,0,0,1,0,0,0,0,0,0,0,0
7690,1,5,0,0,0,0,0,0,0,0,0,0
7691,0,0,0,0,0,0,0,0,0,1,2,0
7692,1,2,0,0,0,0,0,0,0,0,0,0
7693,0,0,0,0,0,0,31,53,0,0,0,0
7694,0,0,0,1,9,2,0,0,0,0,0,0
7695,0,0,0,4,0,3,0,0,0,0,0,0
7696,0,0,0,0,0,20,0,0,0,0,0,0
7697,2,0,0,0,0,0,0,0,0,0,0,0
7698,1,9,0,0,0,0,0,0,0,0,0,0
7699,2,32,0,0,0,0,0,0,0,0,0,0
7700,0,2,6,0,0,0,0,0,0,0,0,0
7701,0,0,0,0,0,0,4,2,0,0,0,0
7702,0,43,0,0,0,0,0,0,0,0,0,0
7703,0,0,0,0,0,0,0,0,0,10,69,1
7704,0,0,0,0,0,0,0,0,0,0,3,0
7705,66,9,3,0,0,0,0,0,0,0,0,0
7706,1,15,0,0,0,0,0,0,0,0,0,0
7707,0,0,0,1,0,0,0,0,0,0,0,0
7708,0,0,0,0,0,0,0,0,0,0,0,0
7709,1,1,0,0,0,0,0,0,0,0,0,0
7710,4,7,87,0,0,0,0,0,0,0,0,0
7711,0,0,0,0,0,71,0,0,0,0,0,0
7712,0,0,0,0,0,0,0,0,0,1,377,0
7713,0,0,0,0,0,0,0,0,0,0,33,0
7714,0,0,0,1,3,73,0,0,0,0,0,0
7715,0,0,0,0,0,0,0,0,0,0,0,0
7716,0,0,0,0,0,0,0,0,0,0,29,2
7717,0,0,0,8,3,28,0,0,0,0,0,0
7718,0,0,0,0,0,0,0,0,0,0,0,0
7719,1,0,0,0,0,0,0,0,0,0,0,0
7720,0,0,0,0,0,0,0,0,0,1,133,0
7721,0,0,0,0,0,0,0,0,0,3,0,1
7722,7,0,2,0,0,0,0,0,0,0,0,0
7723,0,0,0,0,0,0,14,10,0,0,0,0
7724,0,0,0,0,1,0,0,0,0,0,0,0
7725,0,0,0,0,0,0,0,0,0,0,5,0
7726,0,0,0,2,22,16,0,0,0,0,0,0
7727,0,0,0,4,11,1,0,0,0,0,0,0
7728,2,0,0,0,0,4,0,0,0,7,1585,0
7729,0,0,0,0,5,5,0,0,0,0,0,0
7730,0,0,0,0,0,37,0,0,0,0,2,0
7731,0,3,0,0,0,0,0,0,0,0,0,0
7732,0,0,0,0,0,18,0,0,0,0,1175,0
7733,0,12,3,0,0,0,0,0,0,0,0,0
7734,0,0,0,1,13,23,0,0,0,0,0,0
7735,0,0,0,0,0,2,0,0,0,6,2364,0
7736,0,0,0,0,0,0,188,1,1,0,0,0
7737,0,0,0,0,0,6,0,0,0,0,0,0
7738,0,0,0,9,1,15,0,0,0,0,0,0
7739,0,1,0,0,0,0,19,3,0,0,0,0
7740,1,23,4,0,0,0,0,0,0,0,0,0
7741,0,0,0,0,0,26,0,0,0,0,0,0
7742,5,12,0,0,0,0,0,0,0,0,0,0
7743,0,0,0,0,0,0,3,405,1,0,0,0
7744,0,0,0,1,36,38,0,0,0,0,1,0
7745,0,2,0,0,0,0,432,1,1,0,0,0
7746,0,0,0,1,0,6,0,0,0,0,0,0
7747,0,0,0,11,86,35,0,1,0,0,0,0
7748,0,14,0,0,0,0,0,0,0,0,0,0
7749,0,0,0,0,0,6,0,0,0,2,1231,0
7750,0,14,0,0,0,0,0,0,0,0,0,0
7751,0,0,0,0,0,0,12,73,0,0,0,0
7752,0,0,0,0,4,137,0,0,0,0,0,0
7753,0,0,0,0,0,0,13,24,0,0,0,0
7754,3,32,5,0,0,0,0,0,0,0,0,0
7755,1,37,4,0,0,0,0,0,0,0,0,0
7756,0,0,0,0,1,0,16,485,2,0,0,0
7757,1,20,31,0,0,0,0,0,0,0,0,0
7758,1,48,3,0,0,0,0,0,0,0,0,0
7759,0,0,0,29,9,37,0,0,0,0,0,0
7760,0,0,0,0,0,0,46,1,0,0,0,0
7761,0,0,0,0,0,0,62,10,0,0,0,0
7762,0,0,0,1,0,56,0,0,0,0,1,0
7763,0,0,0,3,2,0,0,0,0,0,0,0
7764,0,0,0,0,0,2,0,0,0,1,2298,0
7765,0,0,0,0,0,6,0,0,0,46,1773,3
7766,1,55,15,0,0,0,0,0,0,0,0,0
7767,0,0,0,0,0,5760,0,0,0,0,66,0
7768,0,0,0,0,0,2,0,0,0,3,702,1
7769,0,0,0,0,0,0,0,0,0,3,12,0
7770,6,45,0,0,0,0,0,0,0,0,0,0
7771,0,0,0,1,10,210,0,0,0,0,1,0
7772,0,0,0,0,0,3,0,0,0,16,320,2
7773,0,0,0,0,0,2,0,0,0,0,0,0
7774,0,0,0,4,4,5,0,0,0,0,0,0
7775,0,0,0,0,0,7,0,0,0,0,0,0
7776,0,4,0,0,0,0,0,0,0,0,0,0
7777,0,0,0,0,0,1,0,0,0,0,93,0
7778,0,0,0,0,1,0,0,0,0,0,0,0
7779,0,0,0,0,2,0,0,0,0,0,0,0
7780,0,0,0,0,0,37,0,0,0,0,0,0
7781,0,0,0,0,0,0,11,1,0,0,0,0
7782,1,41,7,0,0,0,0,0,0,0,0,0
7783,0,0,0,0,0,244,0,0,0,0,0,0
7784,0,0,0,0,0,0,0,0,0,0,0,0
7785,2,181,1,0,0,0,0,0,0,0,0,0
7786,0,129,7,0,0,0,0,0,0,0,0,0
7787,0,3,0,0,0,0,286,5,0,0,0,0
7788,0,0,0,0,0,0,0,0,0,12,173,1
7789,1,0,0,59,0,83,0,0,0,0,0,0
7790,0,1,0,0,0,0,92,21,4,0,0,0
7791,0,0,0,0,0,0,70,10,0,0,0,0
7792,0,0,0,1,0,45,0,0,0,0,0,0
7793,0,0,0,0,0,0,0,0,0,39,0,1
7794,24,25,4,0,0,0,0,0,0,0,0,0
7795,2,15,2,0,0,0,0,0,0,0,0,0
7796,0,7,11,0,0,0,0,0,0,0,0,0
7797,1,30,1,0,0,0,0,0,0,0,0,0
7798,0,0,0,0,23,0,72,2376,6,0,0,0
7799,1,1,0,0,0,0,0,0,0,0,0,0
7800,0,0,0,0,0,0,0,0,0,1,73,0
7801,0,0,0,4,3,11,0,0,0,0,0,0
7802,0,0,0,0,0,1,0,0,0,0,0,0
7803,1,4,7,0,0,0,0,0,0,0,0,0
7804,0,0,0,0,0,22,0,0,0,0,0,0
7805,0,0,0,0,0,0,1,0,1,0,0,0
7806,0,4,1,0,0,0,0,0,0,0,0,0
7807,1,65,2,0,0,0,1,0,0,0,0,0
7808,2,0,3,0,0,0,0,0,0,0,0,0
7809,0,0,0,0,0,0,11,9,24,0,0,4
7810,0,16,15,0,0,0,0,0,0,0,0,0
7811,0,0,0,0,0,0,0,0,0,1,20,0
7812,29,3,0,0,0,0,0,0,0,0,0,0
7813,0,0,0,0,26,313,0,1,0,0,8,0
7814,0,0,0,1,13,81,0,0,0,0,0,0
7815,0,0,0,0,0,3,0,0,0,1,253,0
7816,0,0,0,2,3,23,0,0,0,0,0,0
7817,0,0,0,0,0,0,0,0,0,13,176,1
7818,0,0,0,0,8,13,0,0,0,0,0,0
7819,0,0,0,0,0,0,0,0,0,18,153,2
7820,0,0,0,5,9,42,0,0,0,0,0,0
7821,0,0,0,0,0,0,0,0,0,0,28,2
7822,0,0,0,12,14,39,0,0,0,0,0,0
7823,0,0,0,0,0,0,0,0,0,14,45,0
7824,2,33,1,0,0,0,0,0,0,0,0,0
7825,0,0,0,3,6,26,0,0,0,0,0,0
7826,0,0,0,1,1,33,0,0,0,0,0,0
7827,0,0,0,0,0,1,0,0,0,0,0,0
7828,0,0,0,4,0,16,0,0,0,0,0,0
7829,0,1,0,0,0,0,27,234,22,0,0,0
7830,0,0,0,2,0,353,0,0,0,0,1,0
7831,2,0,0,59,1,102,0,0,0,0,0,0
7832,3,2,0,0,0,0,0,0,0,0,0,0
7833,1,19,1509,0,0,0,0,0,0,2,1,0
7834,0,0,0,0,0,9,0,0,0,13,2612,0
7835,0,0,0,1,16,26,0,0,0,0,0,0
7836,0,0,0,0,0,6,0,0,0,0,0,0
7837,7,29,338,0,0,0,0,0,0,0,0,0
7838,0,0,0,0,3,0,41,67,1,0,0,0
7839,0,9,4,0,0,0,0,0,0,0,0,0
7840,0,0,0,0,0,0,0,0,0,3,326,0
7841,44,6,0,0,0,0,0,0,0,0,0,0
7842,0,16,1,0,0,0,0,0,0,0,0,0
7843,0,0,0,0,0,1,0,0,0,11,995,0
7844,0,0,0,0,0,3,0,0,0,56,309,3
7845,0,0,0,0,0,1,0,0,0,0,0,0
7846,0,1,0,0,0,0,156,25,0,0,0,0
7847,0,0,14,0,0,0,0,0,0,0,0,0
7848,0,1,0,0,0,0,19,4,0,0,0,0
7849,1,25,0,0,0,0,0,0,0,0,0,0
7850,0,0,0,0,0,0,62,22,0,0,0,0
7851,0,0,0,0,0,34,0,0,0,0,43154,0
7852,0,0,0,3,0,10,0,0,0,0,0,0
7853,4,0,2,0,0,0,0,0,0,0,0,0
7854,0,12,5,0,0,0,0,0,0,0,0,0
7855,0,0,0,0,0,80,0,0,0,0,0,0
7856,1,6,0,0,0,0,0,0,0,0,0,0
7857,0,104,0,0,0,0,0,0,0,0,0,0
7858,0,0,0,0,0,1,0,0,0,2,339,0
7859,1,11,17,0,0,0,0,0,0,0,0,0
7860,0,0,0,0,0,0,0,0,0,10,389,0
7861,0,0,0,1,0,5,0,0,0,0,0,0
7862,0,0,0,0,0,0,0,0,0,0,0,0
7863,0,968,0,0,0,0,8,0,0,0,0,0
7864,0,38,2,0,0,0,0,0,0,0,0,0
7865,0,0,0,0,0,0,87,27,0,0,0,0
7866,0,0,0,0,0,0,1,16,1,0,0,0
7867,0,0,0,1,1,17,0,0,0,0,0,0
7868,0,0,0,6,7,8,0,0,0,1,0,0
7869,0,0,0,0,0,9,0,0,0,0,1506,0
7870,4,165,5,0,0,0,0,0,0,0,0,0
7871,0,0,0,0,10,12,0,0,0,0,0,0
7872,0,0,0,0,0,0,0,0,0,0,0,0
7873,0,0,0,0,0,0,22,40,1,0,0,0
7874,0,0,0,0,0,0,0,0,0,4,138,1
7875,0,0,0,0,0,0,0,0,0,11,38,0
7876,0,0,0,3,0,7,0,0,0,0,0,0
7877,1,74,1,0,0,0,0,0,0,0,0,0
7878,0,0,0,0,1,16,0,0,0,0,0,0
7879,0,0,0,0,0,14,0,0,0,0,0,0
7880,0,19,0,0,0,0,0,0,0,0,0,0
7881,0,101,0,0,0,0,0,0,0,0,0,0
7882,0,0,0,0,0,63,0,0,0,0,0,0
7883,0,0,0,0,0,0,29,1,0,0,0,0
7884,0,0,0,0,0,6,0,0,0,0,0,0
7885,0,0,0,0,0,2,0,0,0,0,0,0
7886,0,78,0,0,0,0,0,0,0,0,0,0
7887,0,0,0,0,0,1,0,0,0,0,0,0
7888,2,61,1,0,0,0,0,0,0,0,0,0
7889,0,0,0,0,0,0,28,2,1,0,0,0
7890,0,0,0,0,0,5,0,0,0,0,0,0
7891,0,0,0,0,10,6,0,0,0,0,0,0
7892,0,0,0,0,1,19,0,0,0,0,0,0
7893,0,0,0,0,0,0,0,0,0,0,0,0
7894,0,0,0,3,0,4,0,0,0,0,0,0
7895,0,0,0,0,0,0,5,1,0,0,0,0
7896,1,0,1,0,0,0,0,0,0,0,0,0
7897,0,0,0,2,1,23,0,0,0,0,0,0
7898,0,0,0,0,0,0,9,6,0,0,0,0
7899,0,0,0,0,0,0,3,13,1,0,0,0
7900,0,0,0,0,0,12,0,0,0,0,0,0
7901,0,3,5,0,0,0,0,0,0,0,0,0
7902,1,17,0,0,0,0,0,0,0,0,0,0
7903,0,215,3,0,0,0,0,0,0,0,0,0
7904,0,0,0,0,3,1,0,0,0,0,0,0
7905,0,0,0,0,0,0,0,0,0,0,36,0
7906,51,14,2,0,0,0,0,0,0,0,0,0
7907,0,0,0,0,0,0,0,0,0,0,0,0
7908,0,1,0,0,0,0,0,0,0,0,0,0
7909,0,164,0,0,0,0,2,0,0,0,0,0
7910,0,0,0,0,0,0,0,0,0,0,0,0
7911,0,0,0,0,0,0,4,38,2,0,0,0
7912,0,0,0,0,0,46,0,0,0,0,0,0
7913,0,0,0,0,0,0,0,0,0,0,0,0
7914,0,0,6,0,0,0,0,0,0,0,0,0
7915,1,78,8,0,0,0,0,0,0,0,0,0
7916,0,0,0,0,0,0,0,1,1,0,0,0
7917,0,4,4,0,0,0,0,0,0,0,0,0
7918,4,66,5,0,0,0,0,0,0,0,0,0
7919,0,0,0,1,60,181,0,1,0,0,1,0
7920,0,0,0,0,0,0,0,0,0,0,1,0
7921,4,82,6,0,0,0,0,0,0,0,0,0
7922,0,0,0,3,11,2,0,0,0,0,0,0
7923,0,0,0,0,0,0,0,0,0,0,94,0
7924,0,0,0,7,6,88,0,0,0,0,0,0
7925,0,0,0,0,0,0,24,72,0,0,0,0
7926,0,0,0,0,0,31,0,0,0,5,5653,0
7927,3,7,1,0,0,0,0,0,0,0,0,0
7928,0,1,0,0,0,0,0,0,0,0,0,0
7929,1,80,4,0,0,0,0,0,0,0,0,0
7930,0,61,1,0,0,0,0,0,0,0,0,0
7931,0,0,0,8,33,12,0,0,0,0,1,0
7932,0,0,0,0,0,1,0,0,0,0,143,0
7933,1,95,2,0,0,0,2,0,0,0,0,0
7934,0,0,0,0,0,0,19,8,0,0,0,0
7935,0,0,0,0,0,0,0,0,0,0,20,17
7936,0,0,0,0,7,0,223,1088,29,0,0,0
7937,0,0,0,0,1,0,0,0,0,0,0,0
7938,0,0,0,0,0,0,0,0,0,0,1,0
7939,0,0,0,2,2,26,0,0,0,0,0,0
7940,0,0,0,0,0,0,5,0,1,0,0,0
7941,0,0,0,0,0,0,0,0,0,0,0,0
7942,0,0,0,1,3,558,0,0,0,0,7,0
7943,0,0,0,9,0,0,0,0,0,0,0,0
7944,0,1,0,0,0,0,0,0,0,0,0,0
7945,0,0,0,0,0,37,0,0,0,0,1775,0
7946,0,0,0,0,0,0,0,0,0,0,0,0
7947,0,1,0,0,0,0,0,0,0,0,0,0
7948,0,0,0,0,0,2,0,0,0,0,297,0
7949,2,4,0,0,0,0,0,0,0,0,0,0
7950,0,0,0,0,0,0,0,0,0,0,0,0
7951,0,0,0,0,0,20,0,0,0,0,0,0
7952,0,0,0,0,0,0,0,0,0,0,0,0
7953,0,0,0,0,0,0,0,0,0,0,0,0
7954,0,1,0,0,0,0,77,193,1,0,0,0
7955,0,0,0,0,0,0,0,0,0,6,129,1
7956,0,0,0,0,0,0,0,0,0,0,0,0
7957,0,0,0,7,0,5,0,0,0,0,0,0
7958,0,26,0,0,0,0,0,0,0,0,0,0
7959,0,0,0,0,1,3,0,0,0,0,0,0
7960,0,0,0,0,0,0,7,96,3,0,0,0
7961,0,0,0,0,1,0,0,0,0,0,0,0
7962,0,0,0,0,0,0,1,2,0,0,0,0
7963,0,0,0,0,0,53,0,0,0,0,0,0
7964,0,0,0,0,0,0,0,0,0,0,2,0
7965,1,2,0,0,0,0,0,0,0,0,0,0
7966,0,32,0,0,0,0,1,0,0,0,0,0
7967,0,0,0,0,0,0,0,0,0,1,151,0
7968,0,0,0,0,0,0,0,0,0,2,0,0
7969,0,0,0,3,0,14,0,0,0,0,0,0
7970,1,5,0,0,0,0,0,0,0,0,0,0
7971,0,0,0,0,0,13,0,0,0,0,0,0
7972,0,246,0,0,0,0,0,0,0,0,0,0
7973,0,0,0,0,0,0,0,0,0,12,125,0
7974,0,0,0,0,0,0,0,0,0,0,0,0
7975,0,0,0,0,0,0,29,21,1,0,0,0
7976,0,0,0,0,5,17,0,0,0,0,0,0
7977,0,0,0,0,0,0,0,0,0,0,0,0
7978,0,38,0,0,0,0,0,0,0,0,0,0
7979,0,0,0,0,0,0,0,0,0,84,116,0
7980,0,0,0,0,0,1,0,0,0,0,0,0
7981,1,168,0,0,0,0,0,0,0,0,0,0
7982,0,0,0,0,0,0,12,1,4,0,0,0
7983,0,1,0,0,0,0,0,0,0,0,0,0
7984,0,0,0,6,22,13186,0,0,0,0,91,0
7985,0,0,0,0,0,0,0,0,0,7,0,2
7986,2,56,0,0,0,0,0,0,0,0,0,0
7987,0,0,0,0,0,0,83,104,5,0,0,0
7988,0,0,0,0,0,0,30,1,0,0,0,0
7989,0,0,0,0,0,0,0,0,0,0,49,0
7990,21,129,3,0,0,0,0,0,0,0,0,0
7991,0,0,0,3,1,23,0,0,0,0,0,0
7992,0,0,0,1,0,1,0,0,0,0,0,0
7993,17,19,8,0,0,0,0,0,0,0,0,0
7994,0,0,0,0,0,0,7,25,0,0,0,0
7995,0,0,0,0,7,12,0,0,0,0,0,0
7996,1,0,0,0,0,0,87,78,1,0,0,0
7997,0,0,0,2,3,1,0,0,0,0,0,0
7998,0,0,0,0,0,0,0,0,0,6,40,0
7999,0,0,0,27,7,52,0,0,0,0,0,0
8000,0,0,0,0,0,0,11,1,0,0,0,0
8001,4,84,14,0,0,0,0,0,0,0,0,0
8002,0,0,0,1,0,17,0,0,0,0,0,0
8003,0,0,0,0,0,0,25,137,0,0,0,0
8004,0,0,0,0,4,12,0,0,0,0,0,0
8005,0,0,0,6,6,75,0,0,0,0,0,0
8006,0,0,0,0,0,0,37,10,1,0,0,0
8007,0,0,0,0,0,0,5,1,0,0,0,0
8008,4,0,0,6,2,15,0,0,0,0,0,0
8009,0,0,0,0,0,0,16,2,0,0,0,0
8010,28,94,63,0,0,0,1,0,0,0,0,0
8011,0,0,0,1,0,83,0,0,0,0,0,0
8012,45,10,0,0,0,0,0,0,0,0,0,0
8013,0,0,0,0,0,0,22,5,9,0,1,0
8014,0,0,0,4,3,27,0,0,0,0,0,0
8015,0,1,0,0,0,0,122,3,0,0,0,0
8016,0,0,0,0,0,1,0,0,0,2,1164,0
8017,0,0,0,0,7,0,187,1376,1,0,0,0
8018,0,0,0,0,0,0,22,2,0,0,0,0
8019,8,35,74,0,0,0,0,0,0,1,0,0
8020,7,493,29,0,0,0,0,1,0,0,0,0
8021,0,0,0,0,0,0,0,64,1,0,0,0
8022,0,0,0,0,0,0,0,0,0,0,0,0
8023,0,0,0,1,5,91,0,0,0,0,0,0
8024,0,0,0,0,0,0,81,17,0,0,0,0
8025,0,0,0,0,0,4,0,0,0,0,378,0
8026,0,0,0,0,0,0,0,0,0,0,0,0
8027,0,0,0,0,0,0,13,160,1,0,0,0
8028,0,0,0,0,0,14,0,0,0,0,0,0
8029,0,0,0,1,0,8,0,0,0,0,0,0
8030,2,0,0,0,0,0,0,0,0,0,0,0
8031,0,929,0,0,0,0,3,0,0,0,0,0
8032,0,84,0,0,0,0,0,0,0,0,0,0
8033,6,1,4,0,0,0,0,0,0,0,0,0
8034,0,0,0,0,1,4,0,0,0,0,0,0
8035,0,0,0,0,0,0,0,12,2,0,0,0
8036,0,0,0,0,0,22,0,0,0,0,0,0
8037,0,0,0,0,0,1,0,0,0,0,0,0
8038,0,0,0,1,0,17,0,0,0,0,0,0
8039,0,0,0,0,0,0,8,52,2,0,0,0
8040,3,83,18,0,0,0,0,0,0,0,0,0
8041,0,0,0,1,5,329,0,0,0,0,0,0
8042,0,0,0,0,0,0,65,3,0,0,0,0
8043,0,0,0,0,0,1,0,0,0,0,382,0
8044,0,0,0,0,0,16,0,0,0,0,0,0
8045,0,0,0,0,0,7,0,0,0,0,1,0
8046,0,0,0,0,0,0,0,0,0,0,0,0
8047,0,0,0,0,0,68,0,0,0,1,5574,0
8048,0,0,0,0,0,0,36,8,1,0,0,0
8049,0,0,0,0,0,8,0,0,0,0,0,0
8050,0,0,0,0,0,25,0,0,0,0,0,0
8051,0,67,0,0,0,0,0,0,0,0,0,0
8052,7,548,2,0,0,0,0,0,0,0,0,0
8053,0,0,0,6,0,161,0,0,0,0,0,0
8054,1,14,0,0,0,0,0,0,0,0,0,0
8055,0,0,0,0,0,0,0,0,0,3,23,0
8056,0,1,0,0,0,0,476,26,0,0,0,0
8057,0,0,0,0,0,7,0,0,0,0,0,0
8058,0,0,0,1,0,0,0,0,0,0,0,0
8059,0,0,0,0,0,27,0,0,0,0,1,0
8060,0,0,0,1,10,0,0,0,0,0,0,0
8061,0,0,0,0,0,0,0,0,0,0,6,0
8062,7,124,2,0,0,0,1,0,0,0,0,0
8063,0,0,0,2,7,1,0,0,0,0,0,0
8064,0,0,0,0,0,0,0,0,0,1,82,0
8065,6,13,1,0,0,0,0,0,0,0,0,0
8066,0,2,0,0,0,0,0,0,0,0,0,0
8067,0,0,0,0,0,0,0,0,0,0,52,0
8068,0,0,0,0,5,58,0,0,0,0,0,0
8069,0,0,0,0,1,4,0,0,0,0,0,0
8070,0,0,0,0,0,0,0,0,0,0,0,0
8071,0,0,0,0,0,277,0,0,0,0,0,0
8072,0,202,0,0,0,0,0,0,0,0,0,0
8073,1,22,0,0,0,0,0,0,0,0,0,0
8074,0,0,0,0,0,0,0,0,0,1,172,0
8075,0,0,0,0,0,0,115,15,2,0,0,0
8076,0,0,0,0,0,67,0,0,0,0,0,0
8077,0,22,0,0,0,0,0,0,0,0,0,0
8078,0,0,0,0,0,1,0,0,0,6,780,2
8079,0,0,0,0,0,0,0,0,0,2,4,0
8080,26,36,5,0,0,0,0,0,0,0,0,0
8081,1,83,10,0,0,0,0,0,0,0,0,0
8082,0,0,0,0,2,73,0,0,0,0,0,0
8083,0,130,0,0,0,0,25572,104,9,0,0,0
8084,0,1,0,0,0,0,831,0,2,0,0,0
8085,1,7,185,0,0,0,0,0,0,0,0,0
8086,8,28,3,0,0,0,0,0,0,0,0,0
8087,1,5,4,0,0,0,0,0,0,0,0,0
8088,5,192,1,0,0,0,1,0,0,0,0,0
8089,0,18,2,0,0,0,0,0,0,0,0,0
8090,0,0,0,0,0,0,0,0,0,70,907,11
8091,0,0,0,1,0,0,0,0,0,0,0,0
8092,0,0,0,0,0,2,0,0,0,30,1187,3
8093,1,0,1,0,0,0,0,0,0,0,0,0
8094,1,10,4,0,0,0,0,0,0,0,0,0
8095,0,36,1,0,0,0,0,0,0,0,0,0
8096,0,25,1,0,0,0,0,0,0,0,0,0
8097,0,0,0,0,0,0,0,0,0,3,131,0
8098,0,11,0,0,0,0,0,0,0,0,0,0
8099,0,0,0,0,0,0,0,0,0,13,120,0
8100,0,0,0,0,0,1,0,0,0,0,0,0
8101,1,114,0,0,0,0,1,0,0,0,0,0
8102,0,0,0,0,0,0,17,599,17,0,0,0
8103,0,0,0,0,0,2,0,0,0,0,0,0
8104,0,0,0,14,0,16,0,0,0,0,0,0
8105,0,0,0,0,0,0,31,13,0,0,0,0
8106,0,0,0,0,0,0,0,0,0,0,269,0
8107,7,26,34,0,0,0,0,0,0,4,0,0
8108,0,10,0,0,0,0,0,0,0,0,0,0
8109,0,0,0,0,0,1,0,0,0,6,825,1
8110,0,0,0,45,4,186,0,0,0,0,0,0
8111,0,0,0,0,0,0,27,17,0,0,0,0
8112,0,0,0,0,0,0,0,0,0,0,111,6
8113,49,13,5,0,0,0,0,0,0,0,0,0
8114,0,0,0,0,0,0,26,2,0,0,0,0
8115,4,15,3,0,0,0,0,0,0,0,0,0
8116,4,17,10,0,0,0,0,0,0,0,0,0
8117,0,1,0,0,0,0,27,44,0,0,0,0
8118,0,0,0,0,0,0,0,0,0,5,223,0
8119,0,0,0,1,3,99,0,0,0,0,0,0
8120,0,0,0,0,0,0,26,0,70,0,0,0
8121,0,63,34,0,0,0,0,0,0,0,0,0
8122,1,29,4,0,0,0,0,0,0,0,0,0
8123,0,0,0,0,0,1,0,0,0,7,1162,5
8124,0,0,0,0,0,2,0,0,0,0,0,0
8125,0,0,0,3,0,39,0,0,0,0,0,0
8126,0,0,0,0,0,0,13,11,1,0,0,0
8127,0,0,0,0,0,0,0,0,0,19,99,0
8128,19,89,1,0,0,0,0,0,0,0,0,0
8129,0,6,0,0,0,0,0,0,0,0,0,0
8130,1,25,1,0,0,0,0,0,0,0,0,0
8131,0,0,0,0,1,0,27,468,15,0,0,0
8132,9,71,11,0,0,0,0,0,0,0,0,0
8133,0,23,6,0,0,0,0,0,0,0,0,0
8134,0,0,0,1,2,80,0,0,0,0,0,0
8135,0,0,0,0,0,0,72,7,0,0,0,0
8136,0,0,0,0,0,2,0,0,0,0,0,0
8137,0,0,0,0,0,0,48,211,1,0,0,0
8138,0,0,0,0,42,12,0,0,0,0,0,0
8139,0,0,0,0,0,37,0,0,0,8,1250,1
8140,0,0,0,0,1,36,0,0,0,14,6441,1
8141,0,0,0,1,46,21,0,0,0,0,0,0
8142,0,0,0,0,0,18,0,0,0,0,0,0
8143,12,13,1,0,0,0,0,0,0,0,0,0
8144,0,0,0,0,0,0,42,3,13,0,0,0
8145,0,16,0,0,0,0,0,0,0,0,0,0
8146,0,0,0,0,0,0,0,0,0,9,161,0
8147,3,8,53,0,0,0,0,0,0,1,0,0
8148,1,11,0,0,0,0,0,0,0,0,0,0
8149,0,0,0,4,4,275,0,0,0,0,3,0
8150,0,3,0,0,0,0,226,2,0,0,0,0
8151,0,0,0,0,0,19,0,0,0,0,0,0
8152,0,0,0,0,0,0,0,0,0,5,224,0
8153,0,0,0,1,21,8,0,0,0,0,0,0
8154,0,0,0,1,0,0,0,0,0,0,0,0
8155,0,91,4,0,0,0,0,0,0,0,0,0
8156,0,0,0,0,32,155,0,0,0,0,0,0
8157,0,0,0,0,0,0,0,0,0,3,170,8
8158,0,0,0,0,1,84,0,0,0,0,0,0
8159,0,29,0,0,0,0,0,0,0,0,0,0
8160,0,0,0,0,0,0,0,0,0,18,119,1
8161,0,0,0,0,2,10,0,0,0,0,0,0
8162,0,0,0,0,1,15,0,0,0,0,0,0
8163,0,0,0,0,1,0,0,0,0,0,0,0
8164,0,0,0,5,0,36,0,0,0,0,0,0
8165,3,42,0,0,0,0,0,0,0,0,0,0
8166,0,0,0,0,0,29,0,0,0,0,0,0
8167,0,0,0,4,3,31,0,0,0,0,0,0
8168,0,0,0,7,10,12,0,0,0,0,0,0
8169,0,0,0,0,0,0,0,0,0,0,72,0
8170,13,131,2,0,0,0,0,0,0,0,0,0
8171,0,11,0,0,0,0,294,6,0,0,0,0
8172,0,0,0,0,0,0,0,0,0,0,117,0
8173,3,29,8,0,0,0,0,0,0,0,0,0
8174,0,0,0,0,0,0,57,12,0,0,0,0
8175,0,0,0,0,0,1,0,0,0,1,366,0
8176,0,0,0,6,8,29,0,0,0,0,0,0
8177,0,0,0,0,0,0,0,0,0,12,2,1
8178,0,0,0,0,0,0,32,0,0,0,0,0
8179,0,1,0,0,1,0,438,1798,8,0,0,0
8180,0,0,0,0,0,0,0,0,0,5,0,2
8181,13,166,2,0,0,0,0,0,0,0,0,0
8182,4,118,8,0,0,0,1,0,0,0,0,0
8183,0,0,0,0,0,0,24,6,0,0,0,0
8184,0,1,0,0,0,0,143,3,1,0,0,0
8185,0,0,0,0,0,0,41,118,1,0,0,0
8186,0,0,0,0,1,14,0,0,0,0,0,0
8187,0,0,0,0,5,11,0,0,0,0,0,0
8188,0,0,0,15,0,9,0,0,0,0,0,0
8189,0,1,0,0,0,0,178,27,0,0,0,0
8190,0,0,0,0,0,0,0,0,0,0,0,0
8191,0,0,0,2,0,14,0,0,0,0,0,0
8192,0,0,0,0,0,0,0,0,0,0,0,0
8193,0,2,0,0,0,0,0,0,0,0,0,0
8194,0,0,0,0,2,28,0,0,0,0,0,0
8195,0,0,0,1,0,0,0,0,0,0,0,0
8196,0,0,0,0,0,0,0,0,0,0,4,0
8197,6,86,5,0,0,0,0,0,0,0,0,0
8198,0,0,0,0,0,0,0,1,0,0,0,0
8199,0,0,0,0,0,0,0,0,0,0,0,0
8200,0,0,0,0,0,21,0,0,0,0,0,0
8201,0,18,0,0,0,0,85,24,0,0,0,0
8202,0,0,0,0,0,17,0,0,0,0,0,0
8203,2,91,2,0,0,0,2,0,0,0,0,0
8204,0,0,0,0,0,0,1,1,2,0,0,0
8205,0,1,0,0,0,0,0,0,0,0,0,0
8206,3,16,7,0,0,0,0,0,0,0,0,0
8207,0,27,0,0,0,0,1,0,0,0,0,0
8208,0,0,0,0,0,3,0,0,0,2,1415,0
8209,0,0,0,3,0,33,0,0,0,0,0,0
8210,0,0,0,0,0,0,0,0,0,0,0,0
8211,0,16,0,0,0,0,0,0,0,0,0,0
8212,1,31,0,0,0,0,0,0,0,0,0,0
8213,0,0,0,0,0,0,20,5,0,0,0,0
8214,0,26,8,0,0,0,0,0,0,0,0,0
8215,0,0,0,0,1,19,0,0,0,0,0,0
8216,0,0,0,0,0,0,20,30,0,0,0,0
8217,0,0,0,0,0,0,0,0,0,0,0,0
8218,0,0,0,1,3,20,0,0,0,0,0,0
8219,0,0,0,0,1,0,29,109,2,0,0,0
8220,0,0,0,0,1,22,0,0,0,0,0,0
8221,0,0,0,3,0,32,0,0,0,0,0,0
8222,0,0,0,0,0,0,7,0,0,0,0,0
8223,0,6,10,0,0,0,0,0,0,0,0,0
8224,2,20,3,0,0,0,0,0,0,0,0,0
8225,0,0,0,0,0,1,0,0,0,0,0,0
8226,0,0,0,0,0,0,0,0,0,0,0,0
8227,0,0,0,0,0,89,0,0,0,0,3,0
8228,0,0,0,0,0,0,0,0,0,4,126,0
8229,0,0,0,0,0,0,0,0,0,0,0,0
8230,0,0,0,1,0,23,0,0,0,0,0,0
8231,0,1,0,0,0,0,0,0,0,0,0,0
8232,0,33,0,0,0,0,0,0,0,0,0,0
8233,2,19,0,0,0,0,0,0,0,0,0,0
8234,0,0,0,1,0,26,0,0,0,0,0,0
8235,0,0,0,0,1,88,0,0,0,0,0,0
8236,0,0,0,0,0,0,26,8,5,0,0,0
8237,0,0,0,1,1,0,0,0,0,0,0,0
8238,0,0,0,0,0,0,0,0,0,0,1,0
8239,2,61,2,0,0,0,0,0,0,0,0,0
8240,0,0,0,0,0,2,0,0,0,4,520,0
8241,1,16,0,0,0,0,0,0,0,0,0,0
8242,0,0,0,13,14,40,0,0,0,0,0,0
8243,0,0,0,0,0,0,0,0,0,4,8,0
8244,3,30,0,0,0,0,0,0,0,0,0,0
8245,18,38,20,0,0,0,1,0,0,0,0,0
8246,0,0,0,1,3,2,0,0,0,0,0,0
8247,0,0,0,0,0,3,0,0,0,0,560,2
8248,0,0,0,10,2,39,0,0,0,0,0,0
8249,0,0,0,0,0,0,3,7,0,0,0,0
8250,0,43,0,0,0,0,1,0,0,0,0,0
8251,0,0,0,0,0,0,0,0,0,0,281,0
8252,7,63,3,0,0,0,0,0,0,0,0,0
8253,0,0,0,0,1,2,0,0,0,0,0,0
8254,3,72,1,0,0,0,0,0,0,0,0,0
8255,0,0,0,0,0,0,1,0,2,0,0,0
8256,1,15,1,0,0,0,0,0,0,0,0,0
8257,0,9,707,0,0,0,0,0,0,5,0,0
8258,0,0,0,0,1,0,44,241,0,0,0,0
8259,0,0,0,0,0,4,0,0,0,0,0,0
8260,0,0,0,1,0,44,0,0,0,0,0,0
8261,0,0,0,0,0,0,0,0,0,0,0,0
8262,0,0,0,0,0,0,0,0,0,0,21,0
8263,0,0,0,10,4,123,0,0,0,0,0,0
8264,0,0,0,0,15,0,22,2664,0,0,0,0
8265,0,0,0,0,0,0,9,24,0,0,0,0
8266,0,0,0,0,0,0,0,0,0,4,500,1
8267,0,0,0,0,0,0,2,1,1,0,0,0
8268,0,0,0,0,0,0,0,0,0,0,0,0
8269,0,0,0,0,0,134,0,0,0,0,0,0
8270,0,0,1,0,0,0,0,0,0,0,0,0
8271,0,0,0,0,0,0,0,0,0,0,0,0
8272,0,0,0,0,0,17,0,0,0,0,0,0
8273,0,0,0,0,0,0,0,0,0,0,0,0
8274,0,0,0,0,0,0,9,6,0,0,0,0
8275,0,0,0,0,0,4,0,0,0,0,0,0
8276,1,0,3,0,0,0,0,0,0,0,0,0
8277,0,4,0,0,0,0,0,0,0,0,0,0
8278,0,0,0,0,0,76,0,0,0,0,0,0
8279,0,1,0,0,0,0,0,0,0,0,0,0
8280,0,0,0,0,0,0,0,0,0,0,0,0
8281,0,0,0,0,0,1,0,0,0,0,178,0
8282,0,0,0,0,0,0,0,0,0,0,0,0
8283,0,0,0,0,0,0,0,0,0,0,0,0
8284,0,0,0,0,0,268,0,0,0,0,2,0
8285,1,42,1,0,0,0,0,0,0,0,0,0
8286,0,0,0,0,0,0,0,0,0,0,0,0
8287,0,0,0,0,3,0,11,293,1,0,0,0
8288,0,0,0,0,0,0,0,0,0,1,5,0
8289,0,0,0,0,0,9,0,0,0,0,0,0
8290,0,0,0,0,0,4,0,0,0,7,1416,5
8291,0,0,0,0,0,0,0,0,0,0,0,0
8292,0,0,0,0,0,0,0,0,0,0,0,1
8293,0,0,0,0,0,1,0,0,0,29,1112,2
8294,0,0,0,0,0,0,0,0,0,0,0,0
8295,0,0,0,0,0,0,0,0,0,0,0,0
8296,0,0,0,0,0,95,0,0,0,0,0,0
8297,0,0,1,0,0,0,0,0,0,0,0,0
8298,0,1,0,0,0,0,0,0,0,0,0,0
8299,0,0,0,0,0,1,0,0,0,1,1005,0
8300,1,1,0,0,0,0,0,0,0,0,0,0
8301,0,9,1,0,0,0,0,0,0,0,0,0
8302,0,46,0,0,0,0,2,0,0,0,0,0
8303,0,5,0,0,0,0,741,2,0,0,0,0
8304,0,0,0,0,0,1,0,0,0,0,0,0
8305,0,0,0,9,2,44,0,0,0,0,0,0
8306,0,0,0,0,0,0,4,0,3,0,0,0
8307,1,66,4,0,0,0,1,0,0,0,0,0
8308,4,24,29,0,0,0,0,0,0,0,0,0
8309,1,0,1,0,0,0,0,0,0,0,0,0
8310,1,5,3,0,0,0,0,0,0,0,0,0
8311,0,0,0,0,0,0,0,0,0,3,462,0
8312,5,1,1,0,0,0,0,0,0,0,0,0
8313,0,0,0,1,0,0,0,0,0,0,0,0
8314,0,0,0,0,0,0,17,5,2,0,0,0
8315,0,54,0,0,0,0,0,0,0,0,0,0
8316,0,0,0,0,0,1,0,0,0,2,329,0
8317,0,13,0,0,0,0,0,0,0,0,0,0
8318,0,0,1,0,0,0,0,0,0,997,165,0
8319,0,0,0,0,0,0,0,0,0,0,1,0
8320,0,0,0,0,0,1,0,0,0,20,662,1
8321,0,0,0,0,0,0,0,0,0,0,1,0
8322,0,1,0,0,0,0,74,2,0,0,0,0
8323,0,0,0,2,8,391,0,1,0,0,40,0
8324,0,0,0,0,0,0,0,1,0,0,0,0
8325,0,0,0,0,0,0,0,0,0,0,0,0
8326,0,0,0,0,0,16,0,0,0,0,886,0
8327,0,0,2,0,0,3,0,0,0,64,690,1
8328,0,0,0,0,0,0,0,0,0,0,0,0
8329,0,0,0,34,2,22,0,0,0,0,0,0
8330,0,0,0,0,0,0,0,1,0,0,0,0
8331,0,0,0,0,0,0,1,0,0,0,0,0
8332,0,0,0,0,0,14,0,0,0,0,0,0
8333,0,0,0,0,0,0,1,0,0,0,0,0
8334,0,0,0,0,0,4,0,0,0,0,543,0
8335,0,0,0,2,17,32,0,0,0,0,0,0
8336,0,0,0,0,2,4,0,0,0,0,0,0
8337,0,1,0,0,0,0,3,0,1,0,0,0
8338,0,0,0,0,0,13,0,0,0,0,0,0
8339,0,2,1,0,0,0,0,0,0,0,0,0
8340,0,0,0,0,0,1,0,0,0,0,0,0
8341,0,0,0,16,0,7,0,0,0,0,0,0
8342,0,0,0,0,0,0,15,15,1,0,0,0
8343,6,1,4,0,0,0,0,0,0,0,0,0
8344,0,0,0,0,0,0,0,0,0,2,816,0
8345,0,0,0,10,0,1,0,0,0,0,0,0
8346,0,0,0,0,0,0,1,2,0,0,0,0
8347,0,0,0,0,0,6,0,0,0,0,0,0
8348,2,19,2,0,0,0,0,0,0,0,0,0
8349,0,0,0,0,0,0,39,4,4,0,0,0
8350,0,0,0,2,2,15,0,0,0,0,0,0
8351,0,0,0,0,0,0,1,7,0,0,0,0
8352,0,0,0,0,0,3,0,0,0,1,159,0
8353,0,7,0,0,0,0,482,77,0,0,0,0
8354,0,0,0,0,0,0,0,0,0,1,0,1
8355,0,0,0,0,0,0,0,0,0,0,0,0
8356,0,0,0,0,5,22,0,0,0,0,0,0
8357,0,0,0,0,0,1,0,0,0,0,188,0
8358,2,31,0,0,0,0,0,0,0,0,0,0
8359,0,0,0,1,0,56,0,0,0,0,0,0
8360,1,400,0,0,0,0,0,0,0,0,0,0
8361,0,0,0,1,0,0,0,0,0,0,0,0
8362,0,0,0,34,0,9,0,0,0,0,0,0
8363,1,0,4,0,0,0,0,0,0,0,0,0
8364,0,0,0,0,0,0,0,0,0,0,0,0
8365,0,0,0,0,0,33,0,0,0,0,0,0
8366,0,0,0,0,0,0,18,2,0,0,0,0
8367,0,0,0,0,0,4,0,0,0,0,163,0
8368,0,3,0,0,0,0,147,69,2,0,0,0
8369,0,0,0,0,0,0,0,0,0,1,3,0
8370,1,0,1,0,0,0,0,0,0,0,0,0
8371,0,0,0,0,1,3,73,1583,4,0,0,0
8372,0,0,0,0,0,0,72,5,5,0,0,0
8373,0,0,0,0,0,1,0,0,0,0,0,0
8374,22,260,0,0,0,0,3,0,0,0,0,0
8375,0,0,0,0,0,0,1,2,0,0,0,0
8376,0,0,0,0,0,0,0,0,0,0,0,0
8377,3,7,2,0,0,0,0,0,0,0,0,0
8378,0,0,0,0,0,0,0,0,0,0,0,0
8379,0,21,0,0,0,0,0,0,0,0,0,0
8380,0,102,1,0,0,0,0,0,0,0,0,0
8381,1,53,0,0,0,0,0,0,0,0,0,0
8382,0,0,0,0,0,0,2,6,0,0,0,0
8383,0,0,0,0,0,89,0,0,0,0,1,0
8384,0,0,0,0,0,0,0,0,0,0,2,0
8385,0,0,0,0,0,0,0,0,0,0,0,0
8386,0,0,0,0,0,0,0,0,0,0,214,0
8387,2,4,0,0,0,0,0,0,0,0,0,0
8388,0,13,0,0,0,0,0,0,0,0,0,0
8389,0,0,0,0,0,14,0,0,0,0,2146,0
8390,0,78,0,0,0,0,1,0,0,0,0,0
8391,0,0,0,0,0,8,0,0,0,0,0,0
8392,1,0,0,59,8,28,0,0,0,0,0,0
8393,0,15,0,0,0,0,6854,6,1,0,0,0
8394,0,0,0,0,0,0,0,0,0,0,279,0
8395,0,0,0,2,6,64,0,0,0,0,0,0
8396,0,0,0,0,0,8,0,0,0,0,0,0
8397,0,0,0,0,0,2,0,0,0,0,0,0
8398,0,0,0,0,0,0,38,0,0,0,0,0
8399,0,23,0,0,0,0,0,0,0,0,0,0
8400,0,0,0,0,1,28,0,0,0,0,0,0
8401,11,0,2,0,0,0,0,0,0,0,0,0
8402,0,0,0,0,0,1,0,0,0,0,0,0
8403,0,0,0,0,0,0,0,2,2,0,0,0
8404,0,0,0,0,0,0,0,2,0,0,0,0
8405,4,0,10,0,0,0,0,0,0,0,0,0
8406,0,1,0,0,0,0,0,0,0,0,0,0
8407,0,0,0,0,0,0,0,0,0,1,334,0
8408,0,0,0,0,0,0,131,5,1,0,0,0
8409,0,0,0,0,0,7,0,0,0,0,0,0
8410,0,0,0,3,22,160,0,14,0,0,0,0
8411,0,0,0,0,0,0,0,0,0,0,0,0
8412,4,28,0,0,0,0,0,0,0,0,0,0
8413,4,100,5,0,0,0,0,0,0,0,0,0
8414,0,1,0,0,0,0,18,1,3,0,0,0
8415,2,1,6,0,0,0,0,0,0,0,0,0
8416,0,0,0,0,0,30,0,0,0,0,0,0
8417,0,0,0,0,0,0,0,0,0,0,0,0
8418,0,0,0,0,0,2,0,0,0,0,0,0
8419,0,0,0,0,0,0,0,0,0,0,132,0
8420,4,57,0,0,0,0,1,0,0,0,0,0
8421,0,0,0,0,0,13,0,0,0,0,0,0
8422,0,0,0,0,0,0,23,1,0,0,0,0
8423,0,0,0,0,19,1,0,0,0,0,0,0
8424,0,0,0,0,0,0,0,0,0,0,0,0
8425,11,53,1,0,0,0,1,0,0,0,0,0
8426,0,0,0,0,0,27,0,0,0,0,0,0
8427,0,0,0,0,0,1,0,0,0,0,0,0
8428,0,0,0,0,0,0,12,2,2,0,0,0
8429,0,0,0,0,0,0,0,0,0,0,0,0
8430,0,0,0,0,0,0,0,0,0,0,5,0
8431,0,0,0,9,5,18,0,0,0,0,0,0
8432,0,0,0,0,0,0,2,0,1,0,0,0
8433,0,0,0,0,0,0,0,0,0,0,0,0
8434,0,42,1,0,0,0,0,0,0,0,0,0
8435,0,0,0,0,0,0,0,0,0,18,0,0
8436,2,10,0,0,0,0,0,0,0,0,0,0
8437,2,20,0,0,0,0,0,0,0,0,0,0
8438,0,0,0,0,0,0,0,0,0,1,80,0
8439,0,0,0,1,0,0,0,0,0,0,0,0
8440,1,19,1,0,0,0,0,0,0,0,0,0
8441,0,0,0,0,0,0,0,0,0,40,0,0
8442,0,0,0,0,0,0,49,1,0,0,0,0
8443,0,14,28,0,0,0,0,0,0,0,0,0
8444,0,0,0,0,0,0,0,0,0,0,0,0
8445,0,8,0,0,0,0,0,0,0,0,0,0
8446,0,28,0,0,0,0,1,0,0,0,0,0
8447,0,0,0,0,0,0,0,0,0,46,2,0
8448,1,10,0,0,0,0,0,0,0,0,0,0
8449,0,31,8,0,0,0,0,0,0,0,0,0
8450,0,55,7,0,0,0,0,0,0,0,0,0
8451,0,0,0,2,0,0,0,0,0,0,0,0
8452,0,4,0,0,0,0,0,0,0,0,0,0
8453,0,0,0,0,0,0,0,0,0,0,27,0
8454,0,0,0,0,0,0,119,0,0,0,0,0
8455,0,0,0,1,0,7,0,0,0,0,0,0
8456,0,79,38,0,0,0,0,0,0,0,0,0
8457,0,0,0,0,0,0,22,11,0,0,0,0
8458,0,0,0,0,2,29,0,0,0,0,0,0
8459,0,0,0,0,0,0,0,6,0,0,0,0
8460,0,0,0,0,0,0,0,0,0,11,4,0
8461,0,0,0,4,0,17,0,0,0,0,0,0
8462,0,0,0,0,0,0,0,7,2,0,0,0
8463,0,0,0,0,0,0,0,0,0,0,0,0
8464,0,0,0,0,0,38,0,0,0,0,0,0
8465,0,0,0,0,0,0,0,0,0,0,0,0
8466,1,18,0,0,0,0,0,0,0,0,0,0
8467,7,19,0,0,0,0,0,0,0,0,0,0
8468,0,0,0,0,0,0,0,0,0,0,0,0
8469,0,7,0,0,0,0,0,0,0,0,0,0
8470,0,0,0,0,0,0,8,0,0,0,0,0
8471,5,0,7,0,0,0,0,0,0,0,0,0
8472,0,15,4,0,0,0,0,0,0,0,0,0
8473,0,0,0,0,0,424,0,0,0,0,2,0
8474,1,0,0,0,0,0,0,0,0,0,0,0
8475,0,46,13,0,0,0,0,0,0,0,0,0
8476,0,0,0,0,0,4,0,0,0,1,343,0
8477,0,0,0,2,3,13,0,0,0,0,0,0
8478,0,0,0,0,0,3,0,0,0,0,0,0
8479,1,87,0,0,0,0,3,0,0,0,0,0
8480,0,0,0,0,0,0,0,0,0,24,797,0
8481,0,0,0,0,0,0,0,0,0,12,339,0
8482,0,0,0,0,33,27,0,0,0,0,0,0
8483,0,0,0,0,0,18,0,0,0,0,0,0
8484,0,0,0,0,0,0,0,0,0,0,0,0
8485,0,0,0,0,0,9,0,0,0,0,0,0
8486,1,13,0,0,0,0,0,0,0,0,0,0
8487,1,25,0,0,0,0,0,0,0,0,0,0
8488,0,0,0,0,0,0,58,1,0,0,0,0
8489,0,0,0,0,1,3,0,0,0,0,0,0
8490,0,0,0,0,0,0,0,0,0,0,0,0
8491,0,1,0,0,0,0,80,1,0,0,0,0
8492,0,0,0,0,0,0,0,0,0,0,0,0
8493,0,0,0,0,0,0,0,0,0,1,0,0
8494,1,36,2,0,0,0,0,0,0,0,0,0
8495,0,0,0,0,150,0,0,2,0,0,0,0
8496,0,0,0,0,0,0,0,1,0,0,0,0
8497,0,0,0,0,0,13,0,0,0,0,0,0
8498,0,0,0,0,0,0,44,2,0,0,0,0
8499,0,0,0,0,0,0,0,0,0,0,177,0
8500,7,22,6,0,0,0,0,0,0,0,0,0
8501,0,5,0,0,0,0,0,0,0,0,0,0
8502,0,0,0,0,0,0,0,0,0,11,87,1
8503,0,0,0,0,0,32,0,0,0,0,0,0
8504,0,1,0,0,0,0,0,0,0,0,0,0
8505,0,0,0,0,0,0,0,0,0,2,7,0
8506,0,0,0,0,0,18,0,0,0,0,0,0
8507,0,0,0,0,0,0,0,0,0,0,0,0
8508,0,0,0,0,0,0,16,0,0,0,0,0
8509,0,4,0,0,0,0,0,0,0,0,0,0
8510,0,0,0,0,0,0,0,0,0,0,2,0
8511,0,0,0,0,0,0,0,0,0,0,0,0
8512,0,1556,0,0,0,0,4,0,0,0,0,0
8513,0,0,0,0,0,0,187,15,28,0,0,0
8514,0,0,0,0,0,0,0,0,0,0,0,0
8515,0,0,0,1,3,11,0,0,0,0,0,0
8516,0,0,0,0,0,0,31,29,0,0,0,0
8517,0,0,0,0,0,1,0,0,0,0,0,0
8518,0,0,0,0,0,1,0,0,0,0,0,0
8519,3,8,0,0,0,0,0,0,0,0,0,0
8520,0,56,2,0,0,0,0,0,0,0,0,0
8521,0,0,0,0,0,30,0,0,0,0,0,0
8522,0,0,0,0,0,0,4,0,0,0,0,0
8523,0,0,0,0,0,1,0,0,0,0,0,0
8524,0,0,0,5,0,44,0,0,0,0,0,0
8525,0,0,0,0,0,0,73,75,1,0,0,0
8526,0,0,0,0,0,3,0,0,0,0,0,0
8527,15,75,0,0,0,0,1,0,0,0,0,0
8528,1,10,1,0,0,0,0,0,0,0,0,0
8529,0,0,0,0,0,0,0,0,0,2,1,1
8530,2,54,0,0,0,0,0,0,0,0,0,0
8531,0,16,0,0,0,0,0,0,0,0,0,0
8532,0,0,0,0,0,0,0,0,0,0,8,0
8533,1,23,0,0,0,0,0,0,0,0,0,0
8534,1,0,0,0,0,0,0,0,0,0,0,0
8535,2,15,1,0,0,0,0,0,0,0,0,0
8536,0,0,0,0,0,0,47,6,1,0,0,0
8537,2,100,5,0,0,0,0,0,0,0,0,0
8538,0,0,0,0,0,0,0,0,0,0,0,0
8539,4,9,1,0,0,0,0,0,0,0,0,0
8540,0,0,0,0,0,0,148,6,2,0,0,0
8541,0,0,0,0,0,0,0,0,0,0,223,0
8542,1,28,3,0,0,0,0,0,0,0,0,0
8543,0,0,0,0,0,3,0,0,0,1,41,0
8544,0,0,0,1,0,0,0,0,0,0,0,0
8545,0,0,0,13,1,21,0,0,0,0,0,0
8546,1,0,0,0,0,0,0,0,0,0,0,0
8547,30,159,0,1,0,0,1,0,0,0,0,0
8548,0,2,0,0,0,0,205,145,0,0,0,0
8549,0,0,0,0,0,0,0,2,0,0,0,0
8550,0,0,0,0,0,0,0,2,0,0,0,0
8551,0,0,0,7,7,16,0,0,0,0,0,0
8552,0,0,0,0,0,0,0,1,0,0,0,0
8553,0,0,0,0,0,0,0,3,0,0,0,0
8554,0,0,0,0,0,7,0,0,0,0,0,0
8555,0,5,0,0,0,0,0,0,0,0,0,0
8556,0,17,1,0,0,0,0,0,0,0,0,0
8557,3,8,4,0,0,0,0,0,0,0,0,0
8558,20,128,0,0,0,0,3,0,0,0,0,0
8559,0,0,0,13,39,9,0,0,0,0,0,0
8560,0,0,0,2,0,16,0,0,0,0,0,0
8561,0,0,0,0,0,0,69,462,1,0,0,0
8562,0,0,0,1,2,29,0,0,0,0,0,0
8563,0,0,0,0,0,1,0,0,0,0,0,0
8564,0,34,1,0,0,0,0,0,0,0,0,0
8565,1,20,3,0,0,0,0,0,0,0,0,0
8566,0,0,0,1,0,104,0,0,0,0,0,0
8567,8,14,0,0,0,0,0,0,0,0,0,0
8568,1,21,11,0,0,0,0,0,0,0,0,0
8569,0,0,0,2,7,12,0,0,0,0,0,0
8570,0,0,0,27,2,7,0,0,0,0,0,0
8571,0,0,0,0,0,0,0,9,0,0,0,0
8572,0,0,0,0,5,0,0,1813,2,0,0,0
8573,0,0,0,3,0,5,0,0,0,0,0,0
8574,0,0,0,0,1,15,0,0,0,0,0,0
8575,0,0,0,0,0,0,14,6,0,0,0,0
8576,0,45,191,0,0,0,1,0,0,0,0,0
8577,1,14,10,0,0,0,0,0,0,0,0,0
8578,0,0,0,0,0,0,75,114,0,0,0,0
8579,0,0,0,0,0,0,0,0,0,5,0,0
8580,6,18,3,0,0,0,0,0,0,0,0,0
8581,0,0,0,0,0,0,31,27,0,0,0,0
8582,0,0,0,0,0,22,0,0,0,0,0,0
8583,0,0,0,2,0,2,0,0,0,0,0,0
8584,0,115,1,0,0,0,3,0,0,0,0,0
8585,2,15,1,0,0,0,0,0,0,0,0,0
8586,0,0,0,0,1,12,0,0,0,0,0,0
8587,0,0,0,0,0,10,0,0,0,0,0,0
8588,1,155,0,0,0,0,0,0,0,0,0,0
8589,1,1,1,0,0,0,0,0,0,0,0,0
8590,0,151,6,0,0,0,0,0,0,0,0,0
8591,0,0,0,0,0,0,155,134,1,0,0,0
8592,0,0,0,0,0,15,0,0,0,0,0,0
8593,0,0,0,0,0,2171,0,0,0,0,29,0
8594,0,39,0,0,0,0,0,0,0,0,0,0
8595,0,0,0,0,0,4,0,0,0,5,553,0
8596,0,21,0,0,0,0,0,0,0,0,0,0
8597,0,1,8,0,0,1,0,0,0,119,285,0
8598,0,0,0,0,2,8,0,0,0,0,0,0
8599,0,0,0,1,0,80,0,0,0,0,0,0
8600,0,0,0,0,0,0,25,327,1,0,0,0
8601,0,0,0,4,3,22,0,0,0,0,0,0
8602,0,0,0,0,0,0,68,100,32,0,0,0
8603,0,0,0,3,0,16075,0,0,0,0,324,0
8604,0,0,0,3,1,89,0,0,0,0,1,0
8605,0,0,0,0,0,1,0,0,0,7,332,0
8606,0,0,0,0,0,0,0,0,0,30,232,2
8607,0,0,0,0,0,26,0,0,0,0,0,0
8608,0,0,0,0,12,33,0,0,0,0,0,0
8609,0,0,0,1,6,21,0,0,0,0,0,0
8610,0,0,0,0,2,8,0,0,0,0,0,0
8611,0,0,0,2,0,14,0,0,0,0,0,0
8612,0,0,0,0,1,0,31,248,0,0,0,0
8613,0,0,0,0,21,11,0,0,0,0,0,0
8614,2,0,0,18,0,80,0,0,0,0,1,0
8615,0,0,0,0,0,0,57,2,1,0,0,0
8616,0,0,0,0,0,0,0,0,0,2,94,1
8617,0,0,0,3,1,17,0,0,0,0,0,0
8618,0,1,0,0,0,0,118,19,0,0,0,0
8619,0,0,0,0,0,0,0,0,0,1,294,8
8620,0,0,0,5,10,16,0,0,0,0,0,0
8621,3,31,2,0,0,0,0,0,0,0,0,0
8622,0,0,0,0,2,431,0,0,0,0,2,0
8623,0,0,0,2,0,19,0,0,0,0,0,0
8624,0,0,0,2,4,13,0,0,0,0,0,0
8625,0,0,0,0,1,16,0,0,0,0,0,0
8626,0,0,0,0,0,4,0,0,0,30,674,1
8627,0,0,0,0,0,7,0,0,0,0,0,0
8628,1,7,4,0,0,0,0,0,0,0,0,0
8629,0,0,0,0,0,27,0,0,0,0,0,0
8630,0,0,0,0,0,5,0,0,0,0,0,0
8631,0,0,0,9,0,2,0,0,0,0,0,0
8632,4,68,9,0,0,0,0,0,0,0,0,0
8633,3,8,10,0,0,0,0,0,0,0,0,0
8634,0,0,0,1,0,260,0,0,0,0,2,0
8635,0,9,1,0,0,0,0,0,0,0,0,0
8636,0,23,2,0,0,0,0,0,0,0,0,0
8637,10,0,0,0,0,0,0,0,0,35,198,0
8638,0,12,0,0,0,0,0,0,0,0,0,0
8639,0,0,0,1,0,1,0,0,0,14,252,0
8640,0,0,0,0,0,0,0,0,0,36,77,0
8641,0,0,0,305,4,52,0,0,0,0,2,0
8642,0,1,0,1,0,0,90,22,0,0,0,0
8643,0,0,0,0,1,61,0,0,0,0,2,0
8644,0,0,0,23,2,199,0,0,0,0,9,0
8645,0,0,0,0,0,2,0,0,0,16,464,0
8646,1,1,1,0,0,0,0,0,0,0,0,0
8647,0,0,0,3,0,63,0,0,0,0,2,0
8648,0,0,0,0,0,0,55,4,0,0,0,0
8649,0,0,0,5,8,14,0,0,0,0,0,0
8650,0,0,0,0,0,1,0,0,0,27,205,0
8651,4,356,47,0,0,0,4,0,0,8,0,0
8652,0,0,0,3,3,64,0,0,0,0,1,0
8653,0,1,0,0,1,0,46,790,215,0,0,0
8654,0,0,0,0,1,7,0,0,0,0,0,0
8655,9,0,2,1,0,19,0,0,0,31,1479,0
8656,0,0,0,2,1,22,0,0,0,0,0,0
8657,9,2,1,0,0,0,0,0,0,0,0,0
8658,10,493,2,0,0,0,14,0,0,0,0,0
8659,21,138,0,10,0,0,0,0,0,0,0,0
8660,0,0,0,0,0,6,0,0,0,4,693,4
8661,0,4,0,0,0,0,0,0,0,0,0,0
8662,5,0,0,37,0,99,0,0,0,0,0,0
8663,4,5,1,0,0,0,0,0,0,0,0,0
8664,0,0,0,0,0,3,0,0,0,39,590,2
8665,0,0,0,8,5,13,0,0,0,0,0,0
8666,0,0,0,0,0,0,8,1,0,0,0,0
8667,0,27,14,0,0,0,0,0,0,0,0,0
8668,0,0,1,0,0,1,0,0,0,25,277,1
8669,0,0,0,3,1,25,0,0,0,0,0,0
8670,0,0,0,1,0,23,0,0,0,0,0,0
8671,0,0,0,37,1,10,0,0,0,0,0,0
8672,0,0,0,1,46,24,0,0,0,0,0,0
8673,0,0,0,0,0,0,0,0,0,0,169,0
8674,1,9,8,0,0,0,0,0,0,0,0,0
8675,0,4,8,0,0,0,0,0,0,0,0,0
8676,0,0,0,0,0,0,6,70,1,0,0,0
8677,0,0,0,0,6,21,0,0,0,0,0,0
8678,0,0,0,0,0,0,2,2,0,0,0,0
8679,6,5,22,1,0,0,0,0,0,0,0,0
8680,0,32,22,0,0,0,0,0,0,0,0,0
8681,5,67,3,0,0,0,1,0,0,0,0,0
8682,0,0,0,0,1,84,0,0,0,0,0,0
8683,0,0,0,0,0,4,0,0,0,2,2538,0
8684,1,83,0,0,0,0,8,0,0,0,0,0
8685,0,0,0,0,0,2,0,0,0,0,0,0
8686,1,11,2,0,0,0,0,0,0,0,0,0
8687,0,0,0,0,0,0,6,0,0,0,0,0
8688,0,0,0,0,0,0,4,13,0,0,0,0
8689,2,63,4,0,0,0,0,0,0,0,0,0
8690,0,0,0,0,0,1,0,0,0,0,0,0
8691,10,0,0,0,0,0,0,0,0,0,0,0
8692,0,0,0,0,0,1,0,0,0,0,294,1
8693,2,0,0,0,0,0,0,0,0,0,0,0
8694,3,26,0,0,0,0,0,0,0,0,0,0
8695,0,0,0,0,0,0,52,5,0,0,0,0
8696,0,0,0,0,0,0,4,7,0,0,0,0
8697,0,0,0,0,0,0,0,0,0,0,65,1
8698,0,0,0,4,0,22,0,0,0,0,0,0
8699,0,100,0,0,0,0,0,0,0,0,0,0
8700,0,0,0,1,0,0,0,0,0,0,0,0
8701,0,0,0,13,0,34,0,0,0,0,0,0
8702,0,0,0,0,0,0,0,0,0,0,0,0
8703,0,8,117,0,0,0,0,0,0,0,0,0
8704,0,0,0,4,3,1456,0,0,0,0,39,0
8705,0,0,0,0,0,0,49,2,0,0,0,0
8706,0,0,0,0,0,0,9,1,1,0,0,0
8707,0,0,0,0,0,73,0,0,0,0,0,0
8708,0,0,0,0,0,0,1,2,0,0,0,0
8709,0,0,0,0,0,0,0,3,0,0,0,0
8710,0,0,0,0,0,23,0,0,0,0,0,0
8711,0,0,0,0,0,0,23,2,0,0,0,0
8712,0,0,0,0,0,9,0,0,0,0,0,0
8713,0,0,0,0,0,0,0,0,0,4,145,7
8714,0,0,0,0,0,0,0,0,0,0,0,0
8715,0,0,0,0,0,0,0,0,0,0,50,0
8716,0,0,0,2,2,41,0,0,0,0,0,0
8717,0,0,0,0,0,0,0,0,0,1,67,0
8718,0,0,0,0,0,0,26,6,1,0,0,0
8719,0,0,0,2,1,34,0,0,0,0,0,0
8720,0,0,0,0,0,0,61,4,0,0,0,0
8721,0,10,1,0,0,0,0,0,0,0,0,0
8722,0,0,0,0,0,1,0,0,0,2,101,0
8723,0,20,4,0,0,0,0,0,0,0,0,0
8724,0,0,0,0,0,2,0,0,0,0,0,0
8725,4,4,1,0,0,0,0,0,0,0,0,0
8726,0,1,0,0,0,0,113,11,0,0,0,0
8727,0,0,0,0,0,0,0,0,0,1,94,0
8728,1,40,28,0,0,0,0,0,0,0,0,0
8729,0,0,0,5,21,116,0,0,0,0,0,0
8730,0,0,0,0,0,0,0,0,0,6,137,1
8731,0,0,0,146,1,35,0,0,0,0,0,0
8732,0,3,0,0,0,0,0,0,0,0,0,0
8733,0,0,0,0,0,0,0,0,0,10,473,0
8734,0,15,0,0,0,0,0,0,0,0,0,0
8735,0,0,0,0,0,0,3,1,0,0,0,0
8736,0,3,3,0,0,0,0,0,0,0,0,0
8737,0,0,0,0,8,160,0,0,0,0,1,0
8738,1,10,0,0,0,0,0,0,0,0,0,0
8739,0,0,0,0,0,1,0,0,0,13,229,3
8740,0,0,0,0,5,6,0,0,0,0,0,0
8741,0,0,0,1,0,2,0,0,0,0,0,0
8742,0,0,0,0,0,0,0,0,0,0,0,0
8743,0,0,0,0,3,57,0,0,0,0,0,0
8744,0,0,0,0,0,25,0,0,0,0,0,0
8745,0,0,0,0,0,0,0,0,0,0,0,0
8746,0,0,0,0,1,11,0,0,0,0,0,0
8747,0,1,0,0,1,0,13,146,1,0,0,0
8748,0,0,0,0,0,1,0,0,0,2,182,0
8749,0,0,0,2,63,18,0,0,0,0,0,0
8750,1,0,0,0,0,0,0,0,0,0,0,0
8751,5,13,0,0,0,0,0,0,0,0,0,0
8752,0,0,0,0,0,0,0,0,0,0,410,0
8753,0,0,0,0,0,0,0,0,0,0,0,0
8754,0,1,0,0,0,0,0,0,0,0,0,0
8755,0,31,0,0,0,0,0,0,0,0,0,0
8756,0,0,0,0,0,0,0,0,0,9,149,0
8757,2,9,0,0,0,0,0,0,0,0,0,0
8758,0,0,0,1,0,20,0,0,0,0,0,0
8759,0,1,0,0,1,0,78,16,0,0,0,0
8760,0,0,0,0,0,3,0,0,0,5,575,0
8761,1,0,0,40,7,21,0,0,0,0,1,0
8762,0,0,0,0,0,0,34,4,0,0,0,0
8763,2,140,18,0,0,0,1,0,0,0,0,0
8764,0,0,0,3,1,171,0,0,0,0,0,0
8765,0,0,0,0,0,1,0,0,0,0,0,0
8766,0,0,0,0,1,2,0,0,0,0,0,0
8767,0,0,0,0,0,39,0,0,0,0,0,0
8768,0,0,0,0,1,0,8,48,0,0,0,0
8769,0,7,3,0,0,0,0,0,0,0,0,0
8770,0,0,0,0,0,0,0,0,0,5,290,0
8771,0,15,0,0,0,0,0,0,0,0,0,0
8772,0,0,0,0,0,4,0,0,0,1,938,1
8773,7,89,5,0,0,0,2,0,0,0,0,0
8774,0,0,0,0,0,0,0,0,0,0,0,0
8775,0,0,0,0,0,0,1,2,0,0,0,0
8776,0,0,0,0,0,0,1,1,0,0,0,0
8777,0,0,0,0,0,6,0,0,0,0,0,0
8778,0,0,0,1,0,2,0,0,0,0,0,0
8779,0,0,0,2,1,11,0,0,0,0,0,0
8780,0,37,0,0,0,0,0,0,0,0,0,0
8781,0,0,0,0,0,0,14,3,5,0,0,0
8782,0,0,0,0,0,45,0,0,0,0,4365,0
8783,0,0,0,0,0,0,0,0,0,0,0,0
8784,2,38,0,0,0,0,0,0,0,0,0,0
8785,0,0,0,0,0,0,64,5,1,0,0,0
8786,0,0,0,0,0,0,0,0,0,0,12,0
8787,0,0,0,0,0,0,25,2,0,0,0,0
8788,0,0,0,3,1,42,0,0,0,0,1,0
8789,0,0,0,0,0,0,4,1,0,0,0,0
8790,0,0,0,0,0,0,0,0,0,0,0,0
8791,0,0,0,1,1,11,0,0,0,0,0,0
8792,0,0,0,0,0,0,8,2,0,0,0,0
8793,0,0,0,0,1,0,1,8,0,0,0,0
8794,0,0,0,0,1,16,0,0,0,0,0,0
8795,9,57,0,0,0,0,0,0,0,0,0,0
8796,0,0,0,0,0,0,0,53,1,0,0,0
8797,0,0,0,0,1,3,0,0,0,0,0,0
8798,0,0,0,0,0,2,0,0,0,0,0,0
8799,1,3,0,0,0,0,0,0,0,0,0,0
8800,0,0,0,0,0,118,0,0,0,0,1,0
8801,2,8,0,0,0,0,0,0,0,0,0,0
8802,0,0,0,0,0,12,0,0,0,5,1467,0
8803,0,0,0,0,0,47,0,0,0,0,0,0
8804,1,2,0,0,0,0,0,0,0,0,0,0
8805,0,5,6,0,0,0,0,0,0,0,0,0
8806,0,0,0,1,1,44,0,0,0,0,0,0
8807,0,0,0,0,0,0,35,2,2,0,0,0
8808,3,11,6,0,0,0,0,0,0,0,0,0
8809,0,0,0,0,0,94,0,0,0,22,6752,0
8810,0,106,0,0,0,0,3,0,0,0,0,0
8811,4,17,0,0,0,0,0,0,0,0,0,0
8812,12,104,16,1,0,0,1,0,0,0,0,0
8813,0,1,0,0,0,0,41,49,1,0,0,0
8814,0,0,0,0,0,0,0,0,0,13,269,2
8815,0,0,0,4,10,53,0,0,0,0,0,0
8816,0,0,0,0,1,0,0,0,0,0,0,0
8817,0,0,0,0,0,0,0,1,4,0,0,0
8818,0,0,0,0,0,16,0,0,0,0,768,0
8819,0,0,0,0,0,1,0,0,0,1,56,0
8820,0,0,0,0,0,0,0,0,0,0,0,0
8821,90,124,11,0,0,0,0,0,0,0,0,0
8822,0,0,0,0,13,91,0,0,0,0,0,0
8823,0,0,0,0,0,12,0,0,0,0,0,0
8824,0,0,0,0,0,0,18,2,1,0,0,0
8825,1,55,6,0,0,0,0,0,0,0,0,0
8826,0,0,0,1,1,13,0,0,0,0,0,0
8827,0,0,0,0,0,0,0,0,0,0,0,0
8828,0,0,0,0,0,0,0,0,0,0,0,0
8829,0,0,0,0,0,3,0,0,0,4,276,1
8830,0,0,0,31,2,65,0,0,0,0,0,0
8831,0,0,0,0,0,0,5,0,2,0,0,0
8832,0,0,0,0,0,0,0,0,0,0,173,0
8833,30,23,8,0,0,0,0,0,0,0,0,0
8834,0,0,0,0,0,0,27,12,1,0,0,0
8835,0,0,0,0,0,0,0,0,0,0,0,0
8836,0,0,0,0,0,4,0,0,0,1,493,2
8837,0,46,1,0,0,0,0,0,0,0,0,0
8838,0,0,0,0,0,20,0,0,0,0,0,0
8839,2,11,0,0,0,0,0,0,0,0,0,0
8840,1,9,0,0,0,0,0,0,0,0,0,0
8841,0,0,0,0,0,1,0,0,0,0,259,0
8842,4,81,5,0,0,0,4,0,0,0,0,0
8843,0,11,18,0,0,0,0,0,0,0,0,0
8844,0,0,0,0,0,0,21,27,2,0,0,0
8845,1,170,10,0,0,0,0,0,0,0,0,0
8846,0,0,0,0,0,0,4,0,0,0,0,0
8847,0,0,1,0,0,0,0,0,0,0,0,0
8848,15,102,8,1,0,0,1,0,0,0,0,0
8849,0,0,0,0,1,0,78,77,1,0,0,0
8850,0,0,0,2,2,15,0,0,0,0,0,0
8851,0,0,0,0,0,0,75,19,0,0,0,0
8852,0,0,0,0,0,0,3,0,0,0,0,0
8853,0,0,0,0,0,0,3,4,0,0,0,0
8854,0,0,0,0,4,116,0,0,0,0,0,0
8855,0,0,0,2,5,230,0,0,0,0,0,0
8856,0,0,0,15,9,10,0,0,0,0,0,0
8857,0,0,0,4,3,15,0,0,0,0,0,0
8858,0,0,0,0,0,0,58,3,0,0,0,0
8859,0,0,0,0,0,3,0,0,0,0,0,0
8860,0,0,0,0,0,47,0,0,0,8,344,0
8861,0,1,0,0,0,0,165,10,0,0,0,0
8862,0,0,0,2,0,6,0,0,0,0,0,0
8863,0,4,0,0,0,0,518,37,2,0,0,0
8864,0,0,0,0,0,0,0,0,0,2,0,0
8865,0,0,0,0,0,0,0,0,0,1,0,0
8866,0,0,0,24,1,27,0,0,0,0,0,0
8867,0,1,0,0,0,0,73,2,0,0,0,0
8868,0,0,0,0,0,0,4,0,0,0,0,0
8869,0,0,0,1,2,54,0,0,0,0,0,0
8870,0,0,0,3,0,13,0,0,0,0,0,0
8871,0,0,0,0,4,12,0,0,0,0,0,0
8872,0,0,0,0,0,0,37,115,14,0,0,0
8873,0,0,0,0,0,0,0,0,0,1,7,0
8874,0,0,0,0,0,0,0,0,0,0,2,0
8875,0,0,0,21,1,16,0,0,0,0,0,0
8876,0,0,0,0,0,0,13,13,3,0,0,0
8877,0,0,0,0,0,0,0,8,0,0,0,0
8878,0,0,0,0,0,1,0,0,0,4,538,1
8879,8,121,0,0,0,0,3,0,0,0,0,0
8880,0,0,0,0,0,2,0,0,0,4,290,0
8881,0,4,0,0,0,0,272,8,0,0,0,0
8882,2,59,11,0,0,0,0,0,0,1,0,0
8883,0,0,0,0,0,31,0,0,0,0,0,0
8884,2,99,5,0,0,0,0,0,0,0,0,0
8885,0,0,0,5,2,255,0,0,0,0,1,0
8886,0,0,0,0,0,0,0,0,0,0,0,0
8887,0,0,0,0,0,0,0,0,0,0,0,0
8888,0,0,0,0,0,1,0,0,0,3,49,29
8889,0,0,0,0,0,0,110,2,0,0,0,0
8890,0,0,0,0,0,28,0,0,0,2,1108,2
8891,0,13,1,0,0,0,0,0,0,0,0,0
8892,0,0,0,0,0,0,0,0,0,0,119,0
8893,4,36,1,0,0,0,0,0,0,0,0,0
8894,0,17,3,0,0,0,1,0,0,0,0,0
8895,0,0,0,0,0,37,0,0,0,19,1482,0
8896,0,0,0,1,0,13,0,0,0,0,0,0
8897,0,1,1,0,0,0,0,0,0,0,0,0
8898,2,71,6,0,0,0,1,0,0,0,0,0
8899,0,0,0,1,0,54,0,0,0,0,4,0
8900,0,1,0,0,0,0,52,0,0,0,0,0
8901,0,0,0,0,0,0,0,3,1,0,0,0
8902,1,0,0,7,1,21,0,0,0,0,0,0
8903,0,0,0,0,0,0,14,0,0,0,0,0
8904,0,5,23,0,0,0,0,0,0,1,0,0
8905,0,0,0,0,0,6,0,0,0,13,334,0
8906,0,0,0,1,1,16,0,0,0,0,1,0
8907,0,0,0,0,6,4,0,1,0,0,0,0
8908,0,0,0,3,8,115,0,0,0,0,2,0
8909,0,0,0,0,62,7,0,0,0,0,0,0
8910,0,0,0,0,1,6,0,0,0,0,0,0
8911,0,1,0,0,0,0,59,24,4,0,0,0
8912,0,0,0,0,0,0,0,0,0,12,3,0
8913,3,1,0,0,0,0,0,0,0,0,0,0
8914,0,0,0,4,4,86,0,0,0,0,0,0
8915,0,0,0,2,1,22,0,0,0,0,0,0
8916,0,0,0,0,0,1,0,0,0,0,0,0
8917,0,0,0,0,0,10,0,0,0,1,1966,1
8918,0,0,0,1,0,9,0,0,0,0,0,0
8919,0,0,0,0,0,1,0,0,0,0,0,0
8920,0,12,0,0,0,0,0,0,0,0,0,0
8921,0,0,0,0,0,0,0,0,0,2,23,1
8922,0,0,0,0,0,0,0,0,0,0,11,0
8923,0,0,0,5,0,18,0,0,0,0,0,0
8924,3,1,2,0,0,0,0,0,0,0,0,0
8925,0,0,0,0,0,0,0,0,1,0,0,0
8926,1,53,0,0,0,0,0,0,0,0,0,0
8927,0,0,0,0,0,0,12,18,4,0,0,0
8928,0,0,0,0,3,0,0,0,0,0,0,0
8929,0,0,0,0,6,74,0,0,0,0,1,0
8930,0,0,0,0,0,2,0,0,0,0,0,0
8931,0,0,0,1,0,1,0,0,0,0,0,0
8932,0,0,0,0,0,7,0,0,0,0,0,0
8933,1,6,0,0,0,0,0,0,0,0,0,0
8934,0,0,0,0,0,0,7,0,1,0,0,0
8935,0,0,0,0,1,16,0,0,0,0,0,0
8936,0,0,0,0,0,0,98,8,2,0,0,0
8937,0,0,0,0,0,0,0,0,0,0,485,0
8938,4,11,1,0,0,0,0,0,0,0,0,0
8939,0,0,0,0,0,0,17,208,1,0,0,0
8940,0,0,0,0,0,5,0,0,0,0,0,0
8941,0,0,0,0,7,29,0,0,0,0,0,0
8942,0,0,0,0,0,0,65,5,3,0,0,0
8943,0,0,0,0,0,0,0,23,0,0,0,0
8944,0,0,0,2,0,40,0,0,0,0,0,0
8945,3,4,0,0,0,0,0,0,0,0,0,0
8946,0,46,0,0,0,0,0,0,0,0,0,0
8947,0,0,0,0,0,146,0,0,0,1,19546,1
8948,2,28,16,0,0,0,0,0,0,0,0,0
8949,0,0,0,0,1,13,0,0,0,0,0,0
8950,0,0,1,0,0,30,0,0,0,23,5708,1
8951,0,0,0,2,0,1,0,0,0,0,0,0
8952,0,0,0,0,0,0,1,2,1,0,0,0
8953,0,0,0,0,1,81,0,0,0,0,0,0
8954,0,0,0,0,0,2,0,0,0,0,0,0
8955,1,0,0,0,0,0,0,0,0,0,0,0
8956,0,0,0,0,0,6,0,0,0,0,1137,0
8957,0,7,0,0,0,0,0,0,0,0,0,0
8958,0,0,0,0,0,0,0,0,0,0,40,1
8959,0,19,0,0,0,0,0,0,0,0,0,0
8960,0,0,0,0,0,0,0,0,0,0,42,1
8961,0,0,0,0,0,0,0,0,0,1,29,0
8962,1,43,0,0,0,0,0,0,0,0,0,0
8963,0,0,0,3,2,43,0,0,0,0,0,0
8964,0,0,0,0,0,5,0,0,0,0,1443,0
8965,2,22,0,0,0,0,0,0,0,0,0,0
8966,0,20,4,0,0,0,0,0,0,0,0,0
8967,0,7,4,0,0,0,0,0,0,0,0,0
8968,1,10,4,0,0,0,0,0,0,0,0,0
8969,0,0,0,0,0,0,0,0,0,8,6,0
8970,0,0,0,0,0,8,0,0,0,0,0,0
8971,0,0,0,0,0,25,0,0,0,0,0,0
8972,0,111,0,0,0,0,1,0,0,0,0,0
8973,0,0,0,0,1,17,0,0,0,0,0,0
8974,38,5,4,1,0,0,0,0,0,0,0,0
8975,0,0,0,0,0,0,5,1,0,0,0,0
8976,4,89,5,0,0,0,1,0,0,0,0,0
8977,0,0,0,0,0,0,66,30,6,0,0,0
8978,0,0,0,0,0,1,0,0,0,0,0,0
8979,0,1,0,0,0,0,0,0,0,0,0,0
8980,0,0,0,0,0,0,0,0,0,0,344,0
8981,2,20,2,0,0,0,0,0,0,0,0,0
8982,0,0,0,0,0,0,0,0,0,8,426,0
8983,0,0,0,61,1122,29,0,113,0,0,0,0
8984,0,0,0,0,0,0,101,5,1,0,0,0
8985,1,19,3,0,0,0,0,0,0,0,0,0
8986,0,0,0,0,2,112,0,0,0,5,63619,0
8987,0,0,0,0,0,2,0,0,0,0,0,0
8988,0,0,0,0,0,1,0,0,0,0,0,0
8989,0,0,0,0,0,47,0,0,0,0,1,0
8990,0,0,0,0,0,0,27,46,0,0,0,0
8991,0,0,0,0,0,0,0,0,0,0,462,0
8992,5,38,1,0,0,0,0,0,0,0,0,0
8993,0,46,0,0,0,0,1,0,0,0,0,0
8994,0,0,0,0,0,0,0,0,0,3,231,0
8995,1,40,0,0,0,0,0,0,0,0,0,0
8996,0,0,0,0,19,14,0,0,0,0,0,0
8997,0,0,0,0,0,0,0,0,0,0,8,0
8998,0,53,12,0,0,0,0,0,0,0,0,0
8999,0,0,0,0,0,0,4,2,0,0,0,0
9000,0,0,0,0,0,0,0,0,0,0,9,0
9001,0,0,0,2,14,25,0,0,0,0,0,0
9002,0,0,0,0,0,1,0,0,0,0,0,0
9003,0,0,0,0,0,0,0,3,0,0,0,0
9004,0,0,0,0,0,27,0,0,0,0,0,0
9005,0,1,0,0,0,0,2,2,0,0,0,0
9006,0,0,0,0,1,7,0,0,0,0,0,0
9007,0,0,0,1,2,104,0,0,0,0,0,0
9008,0,0,0,14,13,6,0,0,0,0,0,0
9009,0,0,0,0,1,1,0,0,0,0,0,0
9010,0,0,0,0,0,0,72,3,0,0,0,0
9011,0,0,0,0,0,0,1,4,0,0,0,0
9012,0,0,0,0,0,1,0,0,0,1,2,0
9013,0,0,0,32,16,18,0,0,0,0,0,0
9014,0,0,0,0,0,0,0,11,0,0,0,0
9015,0,0,0,0,0,0,0,0,0,0,1,0
9016,0,0,0,2,4,1081,0,0,0,0,2,0
9017,0,0,0,0,0,0,2,0,1,0,0,0
9018,2,6,1,0,0,0,0,0,0,0,0,0
9019,1,103,1,0,0,0,0,0,0,0,0,0
9020,0,0,0,0,0,1,0,0,0,0,0,0
9021,0,0,0,0,0,0,1,0,0,0,0,0
9022,0,0,0,0,0,36,0,0,0,0,0,0
9023,0,11,1,0,0,0,0,0,0,0,0,0
9024,0,0,0,0,0,1,0,0,0,0,23,0
9025,10,43,0,0,0,0,0,0,0,0,0,0
9026,12,11,3,0,0,0,0,0,0,0,0,0
9027,0,0,0,3,0,57,0,0,0,0,0,0
9028,0,0,0,3,1,8,0,0,0,0,0,0
9029,0,0,0,0,0,4,0,0,0,0,0,0
9030,0,0,0,0,0,1,0,0,0,0,0,0
9031,0,0,0,0,0,4,0,0,0,0,0,0
9032,3,0,0,0,0,0,0,0,0,0,0,0
9033,0,7,0,0,0,0,0,0,0,0,0,0
9034,2,69,0,0,0,0,0,0,0,0,0,0
9035,0,0,0,0,0,0,5,3,1,0,0,0
9036,0,10,6,0,0,0,0,0,0,0,0,0
9037,0,0,0,3,13,339,0,0,0,0,0,0
9038,0,0,0,0,0,0,7,5,0,0,0,0
9039,0,0,0,0,0,0,0,0,0,0,0,0
9040,0,0,0,20,1,27,0,0,0,0,0,0
9041,0,0,0,4,32,1,0,0,0,0,0,0
9042,0,0,0,0,0,2,0,0,0,20,406,0
9043,0,0,0,2,0,26,0,0,0,0,0,0
9044,0,0,0,0,0,0,13,0,0,0,0,0
9045,0,0,0,0,0,0,3,0,0,0,0,0
9046,0,0,0,0,0,11,0,0,0,0,0,0
9047,0,6,0,0,0,0,0,0,0,0,0,0
9048,0,29,5,0,0,0,0,0,0,0,0,0
9049,0,0,0,0,0,0,195,202,2,0,0,0
9050,0,0,0,0,0,2,0,0,0,5,185,0
9051,0,0,0,0,0,1,0,0,0,1,187,0
9052,9,140,4,0,0,0,0,0,0,0,0,0
9053,0,0,0,0,177,3,10,62773,1,0,0,0
9054,0,0,0,1,0,10,0,0,0,0,0,0
9055,1,21,0,0,0,0,0,0,0,0,0,0
9056,0,0,0,0,0,1,0,0,0,1,124,0
9057,0,0,0,0,0,0,0,0,0,0,18,0
9058,24,104,1,0,0,0,0,0,0,0,0,0
9059,0,0,0,0,0,4,0,0,0,0,0,0
9060,4,2,0,0,0,0,0,0,0,0,0,0
9061,0,0,0,0,0,33,0,0,0,0,0,0
9062,0,0,0,1,0,2,0,0,0,0,0,0
9063,0,0,0,0,0,0,1,5,1,0,0,0
9064,0,0,0,0,0,23,0,0,0,0,0,0
9065,0,0,0,0,0,9,0,0,0,0,0,0
9066,2,2,0,0,0,0,0,0,0,0,0,0
9067,0,0,0,0,0,16,0,0,0,0,0,0
9068,0,0,0,0,0,0,1,0,0,0,0,0
9069,1,1,0,0,0,0,0,0,0,0,0,0
9070,0,0,0,0,0,342,0,0,0,0,0,0
9071,0,5,0,0,0,0,0,0,0,0,0,0
9072,0,0,0,0,0,13,0,0,0,6,1633,1
9073,0,0,0,0,0,5,0,0,0,2,1009,0
9074,2,0,2,0,0,0,0,0,0,0,0,0
9075,1,1,1,0,0,0,0,0,0,0,0,0
9076,0,0,0,0,0,37,0,0,0,0,0,0
9077,0,0,0,0,0,0,71,2,0,0,0,0
9078,0,0,0,0,0,6,0,0,0,0,0,0
9079,1,67,0,0,0,0,1,0,0,0,0,0
9080,0,0,0,0,0,2,0,0,0,2,330,0
9081,0,0,0,0,0,2,0,0,0,0,0,0
9082,0,5,0,0,0,0,0,0,0,0,0,0
9083,0,0,0,0,0,0,26,1,1,0,0,0
9084,0,12,5,0,0,0,0,0,0,0,0,0
9085,0,3768,12,0,0,0,32,0,0,0,0,0
9086,0,0,0,0,0,0,415,4,1,0,0,0
9087,0,0,0,0,0,0,41,4,1,0,0,0
9088,0,0,0,1,0,11,0,0,0,0,0,0
9089,0,0,0,0,10,2,0,0,0,0,0,0
9090,0,0,0,0,0,0,0,0,0,0,1,0
9091,0,0,0,3,2,28,0,0,0,0,0,0
9092,0,0,0,0,2,0,130,37,0,0,0,0
9093,0,0,0,0,0,21,0,0,0,0,0,0
9094,0,0,0,6,8,7,0,0,0,0,0,0
9095,0,0,0,0,0,0,40,18,1,0,0,0
9096,0,0,0,0,0,0,0,0,0,5,186,0
9097,0,0,0,1,76,21,0,5,0,0,0,0
9098,0,0,0,0,0,1,0,0,0,0,0,0
9099,0,0,0,0,0,0,0,0,0,0,0,0
9100,0,0,0,0,0,40,0,0,0,0,0,0
9101,0,0,0,0,0,0,7,0,0,0,0,0
9102,0,12,6,0,0,0,0,0,0,0,0,0
9103,7,13,74,0,0,0,0,0,0,1,0,0
9104,16,49,4,0,0,0,0,0,0,0,0,0
9105,0,3,0,0,0,0,298,13,0,0,0,0
9106,0,0,0,0,2,27,0,0,0,0,1,0
9107,0,0,0,1,0,77,0,0,0,0,0,0
9108,0,0,0,0,0,1,0,0,0,0,0,0
9109,0,20,0,0,0,0,0,0,0,0,0,0
9110,0,0,0,0,0,0,0,0,0,1,72,1
9111,0,0,0,0,0,0,53,1,1,0,0,0
9112,0,0,0,0,0,0,0,0,0,12,256,0
9113,0,0,0,0,0,0,0,0,0,3,116,0
9114,0,0,0,0,0,0,0,0,0,53,6,0
9115,0,0,0,17,6,45,0,0,0,0,0,0
9116,0,0,0,0,0,0,20,1,0,0,0,0
9117,0,3,0,0,0,0,0,0,0,0,0,0
9118,0,0,0,0,0,0,0,0,0,4,266,1
9119,0,10,0,0,0,0,0,0,0,0,0,0
9120,0,0,0,0,0,31,0,0,0,1,2341,0
9121,0,25,2,0,0,0,0,0,0,0,0,0
9122,0,0,0,0,0,0,0,0,0,0,2,0
9123,0,0,0,0,0,0,25,9,0,0,0,0
9124,0,0,0,0,8,79,0,0,0,0,0,0
9125,0,0,0,0,0,0,0,0,0,0,0,0
9126,1,0,0,0,0,0,0,0,0,0,0,0
9127,0,0,0,0,0,336,0,0,0,0,1,0
9128,0,0,0,0,0,0,7,25,1,0,0,0
9129,0,0,0,0,0,2,0,0,0,0,0,0
9130,0,0,0,0,15,0,28,1642,3,0,0,0
9131,0,0,0,0,0,0,0,0,0,7,35,2
9132,0,0,0,0,0,5,0,0,0,0,0,0
9133,0,0,0,0,0,0,0,0,0,6,452,1
9134,7,12,10,0,0,0,0,0,0,0,0,0
9135,0,0,0,0,0,14,0,0,0,0,0,0
9136,0,0,0,0,0,0,45,31,0,0,0,0
9137,0,0,0,0,0,0,0,0,1,0,0,0
9138,0,18,2,0,0,0,0,0,0,0,0,0
9139,0,0,0,2,0,198,0,0,0,0,0,0
9140,0,0,0,0,0,0,59,6,0,0,0,0
9141,0,0,0,0,0,0,36,1,0,0,0,0
9142,0,0,0,0,0,3,0,0,0,6,326,0
9143,0,0,0,5,12,9,0,0,0,0,0,0
9144,0,0,0,0,0,0,0,0,0,1,64,0
9145,0,0,0,3,0,14,0,0,0,0,0,0
9146,1,16,0,0,0,0,0,0,0,0,0,0
9147,0,0,0,0,5,5,0,0,0,0,0,0
9148,0,0,0,2,0,33,0,0,0,0,0,0
9149,2,2,0,0,0,0,0,0,0,0,0,0
9150,0,0,0,0,0,0,0,0,0,0,0,0
9151,0,0,0,355,3,297,0,0,0,0,2,0
9152,0,0,0,0,0,0,0,0,0,1,2,0
9153,3,56,0,0,0,0,0,0,0,0,0,0
9154,11,16,6,0,0,0,0,0,0,0,0,0
9155,0,0,0,2,0,0,0,0,0,0,0,0
9156,0,0,0,3,0,1,0,0,0,0,0,0
9157,0,0,0,0,0,120,0,0,0,0,1,0
9158,0,0,0,0,0,0,0,0,0,2,66,0
9159,0,0,0,0,0,0,0,0,0,0,4,0
9160,0,0,0,0,0,30,0,0,0,0,0,0
9161,1,4,3,0,0,0,0,0,0,0,0,0
9162,0,168,1,0,0,0,0,0,0,0,0,0
9163,0,0,0,0,0,0,0,0,0,30,209,0
9164,0,5,0,0,0,0,0,0,0,0,0,0
9165,0,0,0,0,0,3,0,0,0,47,1128,1
9166,0,0,0,0,0,0,0,0,0,17,670,0
9167,0,0,0,2,0,215,0,0,0,0,0,0
9168,0,2,0,0,0,0,0,0,0,0,0,0
9169,0,0,0,0,0,0,0,0,0,0,232,0
9170,0,0,0,0,0,0,0,0,0,51,179,0
9171,0,0,0,3,5,3,0,0,0,0,0,0
9172,0,0,0,7,6,670,0,0,0,0,15,0
9173,0,0,0,0,0,0,1,3,0,0,0,0
9174,0,8,3,0,0,0,0,0,0,0,0,0
9175,1,42,5,0,0,0,0,0,0,0,0,0
9176,0,1,0,0,0,0,54,0,0,0,0,0
9177,0,0,0,0,0,0,3,3,2,0,0,0
9178,0,0,0,0,0,8,0,0,0,0,0,0
9179,0,0,0,1,15,40,0,0,0,0,0,0
9180,0,0,0,0,0,0,0,0,0,4,473,5
9181,0,0,0,0,7,22,0,0,0,0,0,0
9182,0,0,0,0,0,0,19,2,0,0,0,0
9183,0,0,0,0,0,12,0,0,0,0,0,0
9184,0,0,0,0,0,3,0,0,0,0,0,0
9185,0,0,0,0,0,0,0,0,0,0,0,0
9186,0,0,0,0,0,0,0,0,1,0,0,0
9187,1,53,1,0,0,0,0,0,0,0,0,0
9188,0,0,0,0,0,0,11,21,1,0,0,0
9189,0,0,0,0,1,12,0,0,0,0,0,0
9190,0,0,0,0,2,0,102,772,6,0,0,0
9191,0,1,0,0,0,0,48,6,0,0,0,0
9192,0,0,0,0,0,1,0,0,0,0,0,0
9193,20,27,0,0,0,0,0,0,0,0,0,0
9194,1,25,0,0,0,0,0,0,0,0,0,0
9195,0,0,0,0,0,2,0,0,0,8,511,0
9196,2,98,0,0,0,0,1,0,0,0,0,0
9197,0,27,1,0,0,0,0,0,0,0,0,0
9198,0,0,0,0,0,3,0,0,0,10,109,2
9199,0,0,0,1,10,30,0,0,0,0,0,0
9200,0,0,0,3,0,3,0,0,0,0,0,0
9201,0,0,0,0,0,1,0,0,0,0,0,0
9202,0,0,0,10,0,42,0,0,0,0,0,0
9203,0,14,0,0,5,0,1662,85,76,0,0,0
9204,2,3427,72,0,0,0,24,0,0,0,0,0
9205,0,0,0,3,6,148,0,0,0,0,0,0
9206,0,0,0,0,25,1,0,0,0,0,0,0
9207,0,0,0,0,0,68,0,0,0,4,1858,0
9208,0,0,0,35,4,38,0,0,0,0,0,0
9209,0,0,0,0,0,0,38,2,1,0,0,0
9210,4,1,16,0,0,0,0,0,0,0,0,0
9211,0,1,0,0,0,0,80,59,0,0,0,0
9212,0,0,0,0,0,0,0,0,0,0,0,0
9213,0,1,0,0,0,0,0,0,0,0,0,0
9214,0,0,0,0,0,8,0,0,0,0,424,0
9215,0,0,0,2,0,0,0,0,0,0,0,0
9216,0,0,0,0,0,0,1,2,0,0,0,0
9217,0,0,0,0,0,43,0,0,0,0,0,0
9218,2,1,30,0,0,0,0,0,0,1,0,0
9219,0,0,0,0,0,0,11,0,1,0,0,0
9220,0,1,0,0,0,0,203,3,1,0,0,0
9221,0,0,0,0,0,0,0,0,0,0,15,0
9222,0,0,0,0,0,0,0,0,0,0,0,0
9223,0,0,0,0,0,2,0,0,0,8,751,0
9224,0,0,0,0,0,0,40,3,0,0,0,0
9225,0,0,0,0,0,0,1,7,1,0,0,0
9226,0,0,0,0,0,53,0,0,0,0,414,0
9227,1,8,0,0,0,0,0,0,0,0,0,0
9228,0,0,0,0,0,0,0,0,0,0,58,0
9229,0,0,0,5,8,7,0,0,0,0,0,0
9230,0,0,0,0,0,2,0,0,0,0,0,0
9231,0,0,0,0,0,0,1,0,3,0,0,0
9232,0,0,0,0,0,16,0,0,0,0,0,0
9233,0,0,0,0,0,0,1,0,1,0,0,0
9234,0,0,0,0,0,0,0,0,0,0,0,0
9235,17,58,1,0,0,0,0,0,0,0,0,0
9236,0,9,15,0,0,0,0,0,0,0,0,0
9237,0,0,0,0,0,0,71,2,4,0,0,0
9238,0,542,5,0,0,0,5,0,0,0,0,0
9239,0,0,0,0,7,1,0,0,0,0,0,0
9240,0,0,0,0,0,0,0,0,0,0,7,0
9241,4,326,14,0,0,0,1,0,0,0,0,0
9242,0,0,0,0,0,0,103,8,0,0,0,0
9243,0,16,5,0,0,0,0,0,0,0,0,0
9244,21,31,10,0,0,0,0,0,0,0,0,0
9245,0,0,0,0,0,0,31,20,4,0,0,0
9246,0,0,0,0,0,29,0,0,0,3,1520,0
9247,0,0,0,14,0,42,0,0,0,0,0,0
9248,0,0,0,0,9,0,1,12,0,0,0,0
9249,0,0,0,0,0,0,3,5,0,0,0,0
9250,0,0,0,0,0,17,0,0,0,0,0,0
9251,0,0,0,0,16,0,134,39,0,0,0,0
9252,0,0,0,2,0,9,0,0,0,0,3,0
9253,0,0,0,10,1,101,0,0,0,0,2,0
9254,0,0,0,0,0,0,0,0,0,0,0,0
9255,0,0,0,0,0,0,0,0,0,0,0,0
9256,0,0,0,0,0,9,0,0,0,0,0,0
9257,0,0,0,0,0,0,35,24,0,0,0,0
9258,0,0,0,0,0,22,0,0,0,0,0,0
9259,20,185,3,2,0,0,3,0,0,0,0,0
9260,0,0,0,2,4,3,0,0,0,0,0,0
9261,0,0,6,0,0,0,0,0,0,14,0,0
9262,0,0,0,1,0,23,0,0,0,0,0,0
9263,1,4,0,0,0,0,0,0,0,0,0,0
9264,3,0,8,0,0,2,0,0,0,23,239,0
9265,0,0,0,16,6,12,0,0,0,0,0,0
9266,2,21,0,0,0,0,0,0,0,0,0,0
9267,0,2,0,0,5,0,79,13,11,0,0,0
9268,0,0,0,0,1,17,0,0,0,0,1,0
9269,0,0,0,0,0,0,24,3,0,0,0,0
9270,0,0,0,0,0,0,7,6,0,0,0,0
9271,0,0,0,0,0,4,0,0,0,0,0,0
9272,9,3,4,0,0,0,0,0,0,0,0,0
9273,0,0,0,0,0,0,7,3,0,0,0,0
9274,0,104,0,0,0,0,0,0,0,0,0,0
9275,0,0,0,0,1,1,0,0,0,0,0,0
9276,0,0,0,0,0,0,1,1,124,0,0,11
9277,0,0,0,0,0,0,1,2,1,0,0,0
9278,0,2,0,0,0,0,44,7,0,0,0,0
9279,0,0,0,1,0,2,0,0,0,0,0,0
9280,11,457,0,0,0,0,3,0,0,0,0,0
9281,0,0,0,0,0,0,0,0,0,2,8,0
9282,0,0,0,0,0,2,0,0,0,0,0,0
9283,0,0,0,4,2,70,0,0,0,0,1,0
9284,1,6,0,0,0,0,0,0,0,0,0,0
9285,0,7,0,0,0,0,0,0,0,0,0,0
9286,0,0,0,0,0,12,0,0,0,3,1704,1
9287,1,0,0,0,0,0,0,0,0,0,0,0
9288,1,1,4,0,0,0,0,0,0,0,0,0
9289,0,0,0,0,1,395,0,0,0,0,6,0
9290,0,0,0,0,0,0,9,15,1,0,0,0
9291,20,155,6,1,0,0,0,0,0,0,0,0
9292,0,0,0,1,1,40,0,0,0,0,0,0
9293,0,0,0,8,0,21,0,0,0,0,0,0
9294,10,0,0,0,0,0,0,0,0,0,0,0
9295,0,0,0,0,0,37,0,0,0,0,0,0
9296,0,0,0,0,0,2,0,0,0,0,0,0
9297,0,0,0,0,0,0,0,0,0,0,0,0
9298,0,0,0,0,0,0,0,0,0,0,215,0
9299,0,0,1,0,0,0,0,0,0,0,0,0
9300,0,1,0,0,0,0,808,0,0,0,0,0
9301,0,24,3,0,0,0,0,0,0,0,0,0
9302,0,0,0,0,3,8,0,0,0,0,0,0
9303,0,0,0,0,0,2,0,0,0,0,44,0
9304,0,0,0,2,6,17,0,0,0,0,0,0
9305,0,0,0,1,0,6,0,0,0,0,1,0
9306,0,0,0,0,0,53,0,0,0,0,0,0
9307,0,19,0,0,0,0,0,0,0,0,0,0
9308,0,0,0,0,0,0,0,0,0,5,44,0
9309,0,0,0,0,0,0,0,0,0,2,5,3
9310,2,79,2,0,0,0,0,0,0,0,0,0
9311,0,0,0,0,0,0,1,1,2,0,0,0
9312,0,0,0,0,0,0,0,0,0,0,0,0
9313,8,17,6,0,0,0,0,0,0,0,0,0
9314,0,0,0,0,0,0,15,41,0,0,0,0
9315,0,0,0,0,0,0,0,0,0,0,0,0
9316,0,0,0,1,4,50,0,0,0,0,1,0
9317,0,0,0,0,0,12,0,0,0,0,0,0
9318,0,0,0,0,1,1,0,0,0,0,0,0
9319,0,0,0,0,0,9,0,0,0,19,1250,0
9320,0,0,0,0,0,2,0,0,0,0,0,0
9321,0,0,0,0,0,0,1,3,1,0,0,0
9322,0,0,0,0,0,26,0,0,0,0,0,0
9323,0,0,0,0,0,0,2,0,0,0,0,0
9324,0,0,0,0,0,0,0,0,0,0,0,0
9325,0,0,0,0,0,11,0,0,0,0,0,0
9326,0,0,0,0,0,0,22,12,0,0,0,0
9327,0,0,0,0,0,27,0,0,0,0,0,0
9328,2,73,1,0,0,0,0,0,0,0,0,0
9329,0,1,0,0,0,0,192,0,0,0,0,0
9330,2,11,1,0,0,0,0,0,0,0,0,0
9331,0,0,0,1,2,17,0,0,0,0,0,0
9332,0,0,0,0,0,0,67,6,11,0,0,0
9333,0,0,0,0,0,0,0,0,0,2,129,0
9334,0,0,0,4,6,49,0,0,0,0,0,0
9335,0,0,0,0,0,0,33,9,41,0,0,0
9336,0,0,0,0,0,10,0,0,0,0,0,0
9337,1,59,0,0,0,0,0,0,0,0,0,0
9338,1,0,2,0,0,0,0,0,0,0,0,0
9339,0,22,2,0,0,0,0,0,0,0,0,0
9340,0,0,0,1,0,41,0,0,0,0,1,0
9341,0,0,0,1,8,5,0,0,0,0,0,0
9342,0,0,0,1,0,2,0,0,0,0,0,0
9343,0,11,0,0,0,0,0,0,0,0,0,0
9344,0,0,0,0,0,7,0,0,0,32,1777,3
9345,0,0,0,3,0,0,0,0,0,0,0,0
9346,0,0,0,4,0,31,0,0,0,0,0,0
9347,1,26,0,0,0,0,0,0,0,0,0,0
9348,0,0,0,0,0,0,0,0,0,1,105,0
9349,0,0,0,1,1,11,0,0,0,0,0,0
9350,0,0,0,0,0,0,0,0,0,0,0,0
9351,1,11,5,0,0,0,0,0,0,0,0,0
9352,0,0,0,1,3,114,0,0,0,0,0,0
9353,0,50,0,0,0,0,0,0,0,0,0,0
9354,0,0,0,0,0,12,0,0,0,0,0,0
9355,0,1,0,0,0,0,64,25,2,0,0,0
9356,0,0,0,0,1,7,0,0,0,0,1,0
9357,0,0,0,0,1,3,0,0,0,0,0,0
9358,0,0,0,2,0,44,0,0,0,0,0,0
9359,0,10,0,0,0,0,0,0,0,0,0,0
9360,0,0,0,0,0,2,0,0,0,10,358,0
9361,2,18,2,0,0,0,0,0,0,0,0,0
9362,0,0,0,0,0,0,0,0,0,0,1,1
9363,0,0,0,0,0,0,0,0,0,0,1,0
9364,2,9,0,0,0,0,0,0,0,0,0,0
9365,0,0,0,0,0,1,0,0,0,2,117,0
9366,0,0,0,0,0,0,0,0,0,0,0,0
9367,0,1,0,0,0,0,0,0,0,0,0,0
9368,4,9,47,0,0,0,0,0,0,0,0,0
9369,0,0,0,0,0,4,0,0,0,0,0,0
9370,0,0,0,0,8,40,0,0,0,0,0,0
9371,0,0,0,0,0,0,0,0,0,5,3,0
9372,5,47,0,0,0,0,0,0,0,0,0,0
9373,0,32,0,0,0,0,0,0,0,0,0,0
9374,0,0,0,0,0,0,0,0,0,0,1,0
9375,0,0,0,0,0,0,0,0,0,0,3,0
9376,0,0,0,1,0,62,0,0,0,0,0,0
9377,2,36,2,0,0,0,0,0,0,0,0,0
9378,0,0,0,0,0,1,0,0,0,0,0,0
9379,0,0,0,25,4,148,0,0,0,0,0,0
9380,0,0,0,0,0,0,0,3,0,0,0,0
9381,0,0,0,0,0,0,1,1,0,0,0,0
9382,0,0,0,2,1,53,0,0,0,0,0,0
9383,0,0,0,0,0,0,29,4,0,0,0,0
9384,0,0,0,0,0,0,0,0,0,0,77,0
9385,0,0,0,1,2,20,0,0,0,0,0,0
9386,0,0,0,2,4,10,0,0,0,0,0,0
9387,0,0,0,0,0,24,0,0,0,0,0,0
9388,0,1,0,0,0,0,58,10,0,0,0,0
9389,0,2,0,0,0,0,453,0,0,0,0,0
9390,0,6,0,0,0,0,0,0,0,0,0,0
9391,0,0,0,0,0,5,0,0,0,0,948,0
9392,0,14,0,0,0,0,0,0,0,0,0,0
9393,0,0,0,1,0,0,0,0,0,0,0,0
9394,9,0,0,0,0,0,0,0,0,0,0,0
9395,0,0,0,6,1,0,0,0,0,0,0,0
9396,0,0,0,0,0,1,0,0,0,0,6,0
9397,24,169,0,0,0,0,1,0,0,0,0,0
9398,0,0,0,0,0,0,60,6,0,0,0,0
9399,0,0,0,0,0,0,0,0,0,0,20,0
9400,4,34,3,0,0,0,0,0,0,0,0,0
9401,0,0,0,0,1,0,0,0,0,0,0,0
9402,0,0,0,0,0,0,0,0,0,1,2,2
9403,0,0,0,2,0,23,0,0,0,0,0,0
9404,1,17,0,0,0,0,0,0,0,0,0,0
9405,0,0,0,0,0,3,0,0,0,0,0,0
9406,2,0,0,0,0,0,0,0,0,0,0,0
9407,0,0,0,0,0,0,39,59,1,0,0,0
9408,0,0,0,0,3,19,0,0,0,0,0,0
9409,2,390,0,0,0,0,1,0,0,0,0,0
9410,0,0,0,0,0,0,22,2,0,0,0,0
9411,0,0,0,0,0,1,0,0,0,1,47,2
9412,0,0,0,19,2,14,0,0,0,0,0,0
9413,0,0,0,0,0,0,0,1,1,0,0,0
9414,0,0,0,0,0,0,1,1,1,0,0,0
9415,0,0,0,9,0,18,0,0,0,0,0,0
9416,0,0,0,0,0,0,33,20,0,0,0,0
9417,0,0,0,0,0,0,0,7,0,0,0,0
9418,0,0,0,0,4,737,0,0,0,0,3,0
9419,4,395,0,0,0,0,1,0,0,0,0,0
9420,0,0,0,0,4,12,0,0,0,0,0,0
9421,0,0,0,14,3,18,0,0,0,0,0,0
9422,0,0,0,0,0,0,4,4,1,0,0,0
9423,0,0,0,0,0,1,0,0,0,0,0,0
9424,20,199,1,0,0,0,0,0,0,0,0,0
9425,0,3,0,0,0,0,153,9,0,0,0,0
9426,0,0,0,0,0,0,0,0,0,0,3,0
9427,0,0,0,20,0,30,0,0,0,0,0,0
9428,6,32,0,0,0,0,0,0,0,0,0,0
9429,0,0,0,0,9,131,0,0,0,0,0,0
9430,0,0,0,0,0,25,0,0,0,17,5487,3
9431,0,27,0,0,1,0,197,61,1,0,0,0
9432,0,0,0,0,0,4,0,0,0,0,0,0
9433,348,18,1,0,0,0,0,0,0,0,0,0
9434,0,0,0,0,1,0,41,58,1,0,0,0
9435,0,0,0,0,0,623,0,0,0,0,8,0
9436,6,66,0,1,0,0,0,0,0,0,0,0
9437,6,44,0,0,0,0,0,0,0,0,0,0
9438,0,0,0,0,0,2,0,0,0,0,1051,0
9439,2,35,5,0,0,0,0,0,0,0,0,0
9440,0,0,0,102,157,0,0,6,0,0,0,0
9441,0,0,0,0,0,0,25,79,2,0,0,0
9442,0,0,0,0,0,1,0,0,0,0,348,0
9443,0,0,0,0,0,0,0,0,0,56,210,2
9444,0,0,0,1,0,1,0,0,0,0,0,0
9445,3,0,0,27,4,80,0,0,0,0,0,0
9446,0,0,0,0,0,0,40,11,0,0,0,0
9447,0,0,0,0,0,0,0,0,0,3,75,1
9448,0,0,0,0,0,0,0,0,0,2,246,1
9449,0,0,0,0,1,6,0,0,0,0,0,0
9450,3,0,1,0,0,0,0,0,0,0,0,0
9451,0,0,0,0,0,0,0,0,0,0,283,0
9452,0,0,0,6,0,4,0,0,0,0,0,0
9453,0,31,140,0,0,0,0,0,0,1,0,0
9454,0,0,0,0,0,370,0,0,0,0,0,0
9455,0,0,0,1,8,18,0,0,0,0,0,0
9456,0,0,0,0,61,6,0,1,0,0,0,0
9457,0,0,0,1,2,2,0,0,0,0,0,0
9458,2,2,0,0,0,0,0,0,0,0,0,0
9459,0,0,0,0,0,3,0,0,0,0,0,0
9460,0,0,0,0,0,0,6,3,0,0,0,0
9461,0,2,4,0,0,0,0,0,0,0,0,0
9462,0,0,0,0,0,0,20,7,0,0,0,0
9463,0,0,0,0,0,0,81,33,0,0,0,0
9464,0,0,0,0,2,0,0,0,0,0,0,0
9465,0,0,0,0,11,0,0,0,0,0,0,0
9466,0,0,0,0,12,1,0,0,0,0,0,0
9467,0,0,1,0,0,0,0,0,0,0,0,0
9468,0,0,0,0,0,0,16,0,0,0,0,0
9469,0,25,4,0,0,0,0,0,0,0,0,0
9470,0,0,164,0,0,0,0,0,0,2,0,0
9471,0,0,0,0,0,0,9,0,0,0,0,0
9472,0,66,0,0,0,0,0,0,0,0,0,0
9473,0,0,0,0,0,0,276,11,1,0,0,0
9474,0,0,0,0,0,15,0,0,0,3,734,0
9475,0,0,0,2,7,18,0,0,0,0,0,0
9476,0,0,0,2,0,8,0,0,0,0,0,0
9477,9,0,0,942,0,1,0,0,0,0,0,0
9478,0,0,0,0,67,1,0,0,0,0,0,0
9479,0,0,0,0,3,0,24,793,0,0,0,0
9480,0,0,0,0,0,0,1,2,1,0,0,0
9481,0,0,0,0,0,37,0,0,0,0,0,0
9482,0,0,0,0,0,0,2,2,0,0,0,0
9483,2,46,16,0,0,0,0,0,0,0,0,0
9484,13,284,47,0,0,0,0,0,0,4,0,0
9485,0,0,0,1,0,93,0,0,0,0,0,0
9486,0,17,0,0,0,0,0,0,0,0,0,0
9487,0,0,0,0,0,0,0,0,0,0,286,0
9488,0,3,3,0,0,0,0,0,0,0,0,0
9489,0,0,0,0,0,0,18,3,0,0,0,0
9490,0,0,0,0,0,8,0,0,0,0,0,0
9491,0,0,0,0,0,1,0,0,0,0,876,0
9492,0,2,26,0,0,0,0,0,0,1,0,0
9493,0,0,0,0,0,9,0,0,0,0,0,0
9494,0,2,0,0,0,0,18,0,0,0,0,0
9495,0,0,0,1,2,24,0,0,0,0,0,0
9496,0,31,0,0,0,0,0,0,0,0,0,0
9497,0,0,0,0,0,0,56,19,3,0,0,0
9498,0,0,0,0,0,8,0,0,0,0,0,0
9499,0,0,0,18,3,34,0,0,0,0,0,0
9500,0,0,0,0,0,0,15,2,0,0,0,0
9501,0,0,0,0,0,0,0,0,0,0,84,0
9502,0,0,0,0,0,14,0,0,0,27,130,0
9503,0,0,0,2,0,29,0,0,0,0,0,0
9504,0,0,0,0,36,20,0,1,0,0,0,0
9505,0,0,0,0,0,16,0,0,0,0,0,0
9506,0,0,0,0,0,0,0,0,0,0,0,0
9507,0,38,1,0,0,0,0,0,0,0,0,0
9508,0,0,0,0,0,338,0,0,0,0,0,0
9509,1,64,0,0,0,0,0,0,0,0,0,0
9510,0,0,0,0,0,0,0,0,0,0,134,1
9511,0,0,0,2,3,33,0,0,0,0,0,0
9512,0,0,0,1,3,14,0,0,0,0,0,0
9513,0,0,0,0,0,41,0,0,0,0,0,0
9514,0,33,0,0,0,0,0,0,0,0,0,0
9515,0,0,0,0,0,1,0,0,0,12,445,0
9516,0,0,0,0,0,0,0,0,0,0,0,0
9517,0,11,2,0,0,0,0,0,0,0,0,0
9518,0,0,0,1,6,84,0,0,0,0,0,0
9519,0,0,0,8,33,111,0,0,0,0,1,0
9520,0,0,0,0,0,0,0,0,0,10,242,0
9521,0,0,0,0,0,2,0,0,0,428,668,0
9522,0,0,0,0,0,0,0,0,0,0,0,0
9523,0,0,0,2,0,4,0,0,0,0,0,0
9524,0,83,0,0,0,0,0,0,0,0,0,0
9525,0,0,0,1,1,12,0,0,0,0,0,0
9526,0,0,0,0,200,0,29,11257,5,0,0,0
9527,0,0,0,0,0,2,0,0,0,0,0,0
9528,0,0,0,0,0,0,0,0,0,0,0,1
9529,6,1868,1,0,0,0,21,0,0,0,0,0
9530,0,0,0,1,30,26,0,0,0,0,0,0
9531,0,0,0,0,12,4,0,0,0,0,0,0
9532,0,0,0,0,0,2,0,0,0,0,1394,0
9533,0,21,0,0,0,0,0,0,0,0,0,0
9534,0,0,0,0,0,1,0,0,0,23,356,0
9535,0,0,0,9,18,55,0,0,0,0,0,0
9536,0,1,0,0,0,0,76,1,0,0,0,0
9537,0,0,0,0,0,3,0,0,0,0,0,0
9538,0,7,0,0,0,0,0,0,0,0,0,0
9539,0,0,0,0,0,0,0,0,0,6,2,0
9540,0,0,0,0,1,0,0,0,0,0,0,0
9541,0,0,0,0,0,1,0,0,0,20,541,1
9542,0,0,0,4,1,0,0,0,0,0,0,0
9543,0,0,0,0,0,0,0,7,0,0,0,0
9544,0,0,0,0,0,13,0,0,0,0,0,0
9545,0,0,0,0,1,92,0,0,0,0,0,0
9546,0,0,0,0,0,4,0,0,0,0,0,0
9547,0,35,0,0,0,0,0,0,0,0,0,0
9548,1,4,0,0,0,0,0,0,0,0,0,0
9549,0,0,0,0,0,0,0,0,0,0,8,0
9550,1,23,0,0,0,0,0,0,0,0,0,0
9551,0,0,0,0,0,0,0,0,0,0,2,0
9552,0,0,0,0,0,0,0,0,0,2,2,0
9553,1,27,2,0,0,0,0,0,0,0,0,0
9554,0,0,0,0,0,0,50,5,0,0,0,0
9555,0,0,0,3,3,6,0,0,0,0,0,0
9556,0,0,0,0,4,15,0,0,0,0,0,0
9557,0,0,0,1,0,2,0,0,0,0,0,0
9558,1,0,0,0,0,0,0,0,0,0,0,0
9559,0,0,0,0,0,4,0,0,0,0,1377,0
9560,0,0,0,6,1,4,0,0,0,0,0,0
9561,0,0,0,0,0,9,0,0,0,0,1040,0
9562,10,30,2,0,0,0,0,0,0,0,0,0
9563,0,0,0,0,2,2,0,0,0,0,0,0
9564,0,0,0,0,2,0,0,0,0,0,0,0
9565,0,0,0,0,0,2129,0,0,0,2,4320,0
9566,0,0,0,0,2,7,0,0,0,0,0,0
9567,0,0,0,0,0,10,0,0,0,0,0,0
9568,0,16,0,0,0,0,1,0,0,0,0,0
9569,0,0,0,0,0,0,0,0,0,0,24,0
9570,0,0,0,0,0,0,0,0,0,1,0,1
9571,0,0,0,10,7,19,0,0,0,0,0,0
9572,0,0,0,0,0,0,13,1,0,0,0,0
9573,0,0,0,0,0,0,0,1,3,0,0,0
9574,0,0,0,0,3,2,0,0,0,0,0,0
9575,0,0,0,0,0,0,12,3,0,0,0,0
9576,0,0,0,0,0,8,0,0,0,0,0,0
9577,0,0,0,1,3,5,0,0,0,0,0,0
9578,0,0,0,1,0,1,0,0,0,0,0,0
9579,1,0,0,0,0,0,0,0,0,0,0,0
9580,0,0,0,0,0,64,0,0,0,0,0,0
9581,0,0,0,0,3,1,0,0,0,0,0,0
9582,0,0,0,0,0,0,0,0,1,1,2,45
9583,0,0,0,0,2,134,0,0,0,0,1,0
9584,0,0,0,0,0,0,68,61,1,0,0,0
9585,0,0,0,0,63,18,0,0,0,0,0,0
9586,0,0,0,13,1,30,0,0,0,0,0,0
9587,1,161,5,0,0,0,0,0,0,0,0,0
9588,0,0,0,0,8,16,0,0,0,0,0,0
9589,0,0,0,0,16,9,0,0,0,0,0,0
9590,0,0,0,0,0,7,0,0,0,0,0,0
9591,0,1,1,0,0,0,0,0,0,0,0,0
9592,0,0,0,0,0,0,0,0,0,0,153,0
9593,0,0,0,0,8,24,0,0,0,0,0,0
9594,0,0,0,0,0,0,0,0,0,0,0,0
9595,0,0,0,0,0,0,39,0,0,0,0,0
9596,0,0,0,0,0,19,0,0,0,0,0,0
9597,0,0,0,0,0,0,0,0,0,0,0,0
9598,0,0,0,0,0,4,0,0,0,0,1272,0
9599,0,0,0,1,4,3,0,0,0,0,0,0
9600,0,0,0,0,2,5,0,0,0,0,0,0
9601,0,0,0,0,0,0,12,18,6,0,0,0
9602,1,2,0,0,0,0,0,0,0,0,0,0
9603,0,0,0,0,0,0,0,0,0,0,96,0
9604,5,15,1,0,0,0,0,0,0,0,0,0
9605,0,0,0,0,2,11,0,0,0,0,0,0
9606,0,0,0,0,3,3,0,0,0,0,0,0
9607,0,0,0,0,0,5,0,0,0,0,0,0
9608,0,0,0,0,0,63,0,0,0,0,0,0
9609,1,7,1,0,0,0,0,0,0,0,0,0
9610,0,0,0,1,0,11,0,0,0,0,0,0
9611,0,0,0,0,0,15,0,0,0,18,2067,0
9612,0,0,0,0,0,1,0,0,0,0,0,0
9613,0,0,0,0,1,28,0,0,0,0,0,0
9614,0,1126,0,0,0,0,6,0,0,0,0,0
9615,0,0,0,0,0,0,0,0,0,19,105,3
9616,0,0,0,1,0,14,0,0,0,0,0,0
9617,0,0,0,0,0,0,0,0,0,0,0,0
9618,0,16,1,0,0,0,0,0,0,0,0,0
9619,0,0,0,0,1,13,0,0,0,0,0,0
9620,0,0,0,0,0,0,0,3,0,0,0,0
9621,1,3,3,0,0,0,0,0,0,0,0,0
9622,0,0,0,1,2,48,0,0,0,0,0,0
9623,0,0,0,0,0,0,35,43,0,0,0,0
9624,0,0,0,2,0,0,0,0,0,0,0,0
9625,0,0,0,1,0,27,0,0,0,0,0,0
9626,0,0,0,0,6,3,0,0,0,0,0,0
9627,0,0,0,0,0,0,0,0,0,25,7,0
9628,0,0,0,2,18,29,0,0,0,0,0,0
9629,0,0,0,0,10,28,0,0,0,0,0,0
9630,0,0,0,5,4,26,0,0,0,0,0,0
9631,0,0,0,0,2,8,0,0,0,0,0,0
9632,0,0,0,0,0,5,0,0,0,0,0,0
9633,0,0,0,0,0,2,0,0,0,0,0,0
9634,220,189,6,0,0,0,1,0,0,0,0,0
9635,0,0,0,0,0,0,4,1,1,0,0,0
9636,0,0,0,0,0,0,0,0,0,0,62,0
9637,1,66,0,0,0,0,1,0,0,0,0,0
9638,0,0,0,0,0,0,0,0,0,0,102,0
9639,0,0,0,0,0,0,0,0,0,0,0,0
9640,0,0,0,0,0,174,0,0,0,0,0,0
9641,0,329,0,0,0,0,2,0,0,0,0,0
9642,0,0,0,0,11,55,0,0,0,0,0,0
9643,0,0,0,17,12,43,0,0,0,0,0,0
9644,0,0,0,0,0,0,0,0,0,2,2,0
9645,2,3,0,0,0,0,0,0,0,0,0,0
9646,0,0,0,0,0,0,89,25,0,0,0,0
9647,0,0,0,0,0,0,0,0,0,0,0,0
9648,0,0,0,0,0,0,0,0,0,0,0,0
9649,0,0,0,0,0,0,0,2,0,0,0,0
9650,4,109,9,0,0,0,0,0,0,0,0,0
9651,0,0,0,1,1,27,0,0,0,0,0,0
9652,0,0,0,0,1,0,30,207,0,0,0,0
9653,0,0,0,0,0,0,56,41,0,0,0,0
9654,0,0,0,0,1,13,0,0,0,0,0,0
9655,0,0,0,2,0,15,0,0,0,0,0,0
9656,0,19,0,0,0,0,0,0,0,0,0,0
9657,0,0,0,0,0,17,0,0,0,0,0,0
9658,0,0,0,0,0,0,0,25,0,0,0,0
9659,0,0,0,0,0,5,0,0,0,0,0,0
9660,0,0,0,5,1,4,0,0,0,0,0,0
9661,0,0,0,0,0,2,0,0,0,0,717,0
9662,0,3,2,0,0,0,0,0,0,0,0,0
9663,0,0,0,0,0,0,0,0,0,1,24,0
9664,0,15,0,0,0,0,0,0,0,0,0,0
9665,0,0,0,0,0,0,0,0,0,3,246,0
9666,0,0,0,0,0,0,0,0,0,13,17,0
9667,0,0,0,5,2,26,0,0,0,0,0,0
9668,0,0,0,0,0,50,0,0,0,0,0,0
9669,0,0,0,0,0,1,0,0,0,0,0,0
9670,0,111,0,0,0,0,0,0,0,0,0,0
9671,0,0,0,0,0,0,14,2,1,0,0,0
9672,0,0,0,0,0,1,0,0,0,0,0,0
9673,0,13,0,0,0,0,0,0,0,0,0,0
9674,0,0,0,0,0,0,0,0,0,0,7,0
9675,0,0,0,0,0,0,0,0,0,0,1,0
9676,0,0,0,1,190,40,0,0,0,0,0,0
9677,0,0,0,0,0,6,0,0,0,0,0,0
9678,0,0,0,0,12,794,0,0,0,0,5,0
9679,0,0,0,0,0,0,0,0,0,8,270,0
9680,0,0,0,0,0,1,0,0,0,0,0,0
9681,0,0,0,0,0,0,0,1,0,0,0,0
9682,0,0,0,0,0,0,0,0,0,0,0,0
9683,0,55,11,0,0,0,0,0,0,0,0,0
9684,0,0,0,0,0,30,0,0,0,0,0,0
9685,7,54,3,0,0,0,1,0,0,0,0,0
9686,0,2,0,0,0,0,0,0,0,0,0,0
9687,0,0,0,0,0,0,0,0,0,0,4,0
9688,9,14,0,0,0,0,0,0,0,0,0,0
9689,0,29,26,0,0,0,0,0,0,0,0,0
9690,0,0,0,0,6,144,0,0,0,0,0,0
9691,0,0,0,3,0,18,0,0,0,0,0,0
9692,0,0,0,0,0,0,31,4,1,0,0,0
9693,0,0,0,0,0,137,0,0,0,3,4235,0
9694,0,0,0,0,19,59,0,0,0,0,1,0
9695,0,0,0,0,0,1,0,0,0,0,0,0
9696,0,1,0,0,0,0,0,0,0,0,0,0
9697,0,0,0,0,0,49,0,0,0,0,2,0
9698,2,48,0,0,0,0,0,0,0,0,0,0
9699,0,0,0,2,15,221,0,0,0,0,2,0
9700,0,0,0,0,0,3,0,0,0,1,700,0
9701,9,33,0,0,0,0,0,0,0,0,0,0
9702,0,0,0,1,23,60,0,0,0,0,0,0
9703,0,0,0,0,4,5,0,0,0,0,0,0
9704,0,0,0,7,0,18,0,0,0,0,0,0
9705,0,0,0,0,0,0,0,201,0,0,0,0
9706,0,0,0,0,0,36,0,0,0,0,0,0
9707,1,108,2,0,0,0,0,0,0,0,0,0
9708,0,0,0,0,0,13,0,0,0,0,0,0
9709,0,0,0,1,2,9,0,0,0,0,0,0
9710,0,0,0,1,26,4,0,0,0,0,0,0
9711,0,0,0,0,0,1,0,0,0,2,447,0
9712,0,0,0,0,0,0,0,0,0,11,1143,0
9713,1,44,0,0,0,0,0,0,0,0,0,0
9714,0,0,0,0,0,1,0,0,0,1,231,1
9715,1,181,0,0,0,0,0,0,0,0,0,0
9716,0,2,0,0,0,0,0,0,0,0,0,0
9717,0,12,5,0,0,0,0,0,0,0,0,0
9718,0,1,0,0,0,0,60,10,0,0,0,0
9719,0,0,0,0,0,0,0,0,0,2,0,0
9720,1,0,0,0,0,0,0,0,0,0,0,0
9721,0,0,0,0,13,70,0,0,0,0,0,0
9722,0,0,0,1,5,23,0,0,0,0,0,0
9723,0,0,0,5,8,37,0,0,0,0,0,0
9724,0,0,0,0,0,0,0,0,0,11,1002,0
9725,0,0,0,0,0,9,0,0,0,0,0,0
9726,0,10,0,0,0,0,0,0,0,0,0,0
9727,0,0,0,0,0,41,0,0,0,0,0,0
9728,0,0,0,0,0,0,0,0,0,0,0,0
9729,0,0,0,0,0,0,0,0,0,0,0,0
9730,0,0,0,0,0,0,0,0,0,0,0,0
9731,0,0,0,0,0,9,0,0,0,0,0,0
9732,0,0,0,0,6,1,0,0,0,0,0,0
9733,0,0,0,0,0,0,0,0,0,6,284,0
9734,0,0,0,0,4,7,0,0,0,0,0,0
9735,0,0,0,1,4,32,0,0,0,0,0,0
9736,0,0,0,0,0,23,0,0,0,0,0,0
9737,0,406,0,0,0,0,0,0,0,0,0,0
9738,0,0,0,0,0,0,74,5,8246,1,3,16
9739,0,0,0,1,1,17,0,0,0,0,0,0
9740,0,1,18,0,0,0,0,0,0,0,0,0
9741,0,21,29,0,0,0,0,0,0,0,0,0
9742,0,0,0,0,0,142,0,0,0,0,3,0
9743,0,0,0,0,0,20,0,0,0,0,0,0
9744,0,40,0,0,0,0,0,0,0,0,0,0
9745,0,0,0,0,0,1,0,0,0,0,3316,0
9746,0,0,0,0,0,0,0,0,0,18,165,0
9747,0,0,0,1,0,2,0,0,0,0,0,0
9748,4,3,0,0,0,0,0,0,0,0,0,0
9749,0,7280,0,0,0,0,41,0,0,0,0,0
9750,1,127,3,0,0,0,1,0,0,0,0,0
9751,0,0,0,0,0,0,36,20,0,0,0,0
9752,0,4,8,0,0,0,0,0,0,0,0,0
9753,0,0,0,0,0,0,96,3,0,0,0,0
9754,0,12,1169,0,0,0,0,0,0,1047,0,0
9755,0,0,0,0,0,0,0,0,0,1,2,0
9756,0,2,0,0,0,0,415,7,0,0,0,0
9757,0,0,0,0,1,48,0,0,0,0,0,0
9758,0,0,0,0,0,0,144,2,2,0,0,0
9759,0,0,0,0,0,1,0,0,0,0,0,0
9760,6,62,0,0,0,0,5,0,0,0,0,0
9761,0,0,0,0,1,0,5,167,26,0,0,4
9762,0,0,0,0,0,13,0,0,0,0,0,0
9763,0,0,0,0,0,0,0,0,0,21,93,1
9764,0,0,0,0,0,1,0,0,0,0,0,0
9765,0,0,0,0,0,1,0,0,0,0,0,0
9766,0,0,0,0,0,12,0,0,0,0,0,0
9767,2,7,0,0,0,0,0,0,0,0,0,0
9768,0,1,0,0,0,0,0,0,0,0,0,0
9769,0,0,0,0,1,45,0,0,0,0,0,0
9770,0,0,0,0,0,0,1,1,0,0,0,0
9771,0,0,0,0,0,0,0,0,0,0,0,0
9772,0,0,0,0,1,9,0,0,0,0,0,0
9773,0,0,0,0,0,0,27,4,0,0,0,0
9774,0,0,0,0,0,20,0,0,0,0,0,0
9775,0,0,0,0,2,10,0,0,0,0,0,0
9776,0,0,0,2,9,1,0,0,0,0,0,0
9777,0,0,0,0,0,0,0,0,0,3,4,0
9778,0,0,0,0,0,0,0,0,0,11,349,0
9779,0,0,0,8,3,27,0,0,0,0,0,0
9780,0,0,0,6,4,0,0,0,0,0,0,0
9781,0,0,0,0,1,4,0,0,0,0,0,0
9782,4,16,0,0,0,0,0,0,0,0,0,0
9783,0,0,0,0,0,0,4,8,1,0,0,0
9784,0,0,0,1,0,40,0,0,0,0,0,0
9785,0,0,0,0,0,0,0,0,0,0,0,0
9786,0,0,0,0,0,0,0,0,0,5,0,0
9787,0,0,0,1,9,28,0,0,0,0,0,0
9788,0,0,0,0,0,0,0,0,0,0,0,0
9789,0,0,0,0,0,2,0,0,0,0,0,0
9790,0,0,0,0,0,10,0,0,0,0,0,0
9791,0,0,0,0,0,0,6,2,0,0,0,0
9792,1,1,2,0,0,0,0,0,0,0,0,0
9793,5,27,1,0,0,0,1,0,0,0,0,0
9794,0,0,0,0,0,0,0,0,0,0,0,0
9795,0,0,1,0,0,0,0,0,0,0,0,0
9796,33,43,18,1,0,0,0,0,0,0,0,0
9797,0,0,0,0,0,0,1,0,0,0,0,0
9798,0,0,0,0,0,0,0,0,0,0,26,0
9799,0,0,0,9,2,23,0,0,0,0,0,0
9800,0,0,0,0,0,0,0,5,0,0,0,0
9801,0,0,0,0,0,0,0,0,0,1,0,0
9802,0,1,0,0,11,0,107,1890,16,0,0,0
9803,0,0,1,0,0,9,0,0,0,35,2143,0
9804,0,0,0,3,2,0,0,0,0,0,0,0
9805,0,0,0,0,3,0,47,1041,13,0,0,0
9806,0,0,0,1,1,3,0,0,0,0,0,0
9807,0,0,0,0,0,0,0,2,1,0,0,0
9808,0,0,0,0,0,0,0,0,0,0,191,0
9809,0,0,0,0,0,0,0,0,0,0,0,0
9810,0,0,0,0,0,0,0,0,0,0,21,1
9811,0,0,0,0,0,0,0,0,0,15,269,0
9812,0,0,0,0,0,6,0,0,0,0,0,0
9813,0,0,0,0,0,3,0,0,0,0,0,0
9814,0,0,0,0,0,24,0,0,0,0,0,0
9815,0,0,0,0,0,90,0,0,0,0,0,0
9816,0,0,0,0,0,0,0,0,0,0,0,0
9817,0,0,0,0,0,0,44,3,68,0,0,0
9818,0,0,0,0,1,26,0,0,0,0,0,0
9819,0,0,0,0,1,1,0,0,0,0,0,0
9820,0,5,0,0,0,0,0,0,0,0,0,0
9821,0,0,1,0,0,0,0,0,0,0,0,0
9822,0,5,4,0,0,0,0,0,0,0,0,0
9823,0,0,0,0,0,30,0,0,0,0,0,0
9824,0,0,0,0,0,0,0,0,0,0,0,0
9825,0,3,0,0,0,0,0,0,0,0,0,0
9826,0,72,0,0,0,0,0,0,0,0,0,0
9827,0,0,0,0,0,0,7,0,0,0,0,0
9828,2,13,1,0,0,0,0,0,0,0,0,0
9829,1,44,1,0,0,0,0,0,0,0,0,0
9830,0,18,1,0,0,0,0,0,0,0,0,0
9831,0,0,0,0,0,20,0,0,0,0,0,0
9832,0,0,0,0,0,0,5,9,0,0,0,0
9833,0,0,0,0,0,2,0,0,0,0,0,0
9834,0,23,0,0,0,0,0,0,0,0,0,0
9835,0,0,0,0,0,25,0,0,0,0,0,0
9836,0,0,0,0,0,3,0,0,0,3,278,1
9837,0,0,0,0,0,6,0,0,0,0,0,0
9838,4,7,0,0,0,0,0,0,0,0,0,0
9839,0,0,0,0,0,0,0,0,0,0,0,0
9840,0,280,0,0,0,0,50,0,0,0,0,0
9841,0,0,0,0,0,0,8,4,0,0,0,0
9842,0,0,0,0,0,7,0,0,0,0,0,0
9843,0,0,0,0,0,0,0,0,0,0,0,0
9844,0,2,0,0,0,0,32,1,0,0,0,0
9845,0,0,0,0,0,0,0,0,0,1,0,0
9846,0,0,0,0,0,0,4,0,0,0,0,0
9847,0,0,0,0,0,1,0,0,0,0,0,0
9848,96,298,0,11,0,0,2,0,0,0,0,0
9849,0,0,0,0,0,0,18,2,0,0,0,0
9850,0,0,0,0,9,11,0,0,0,0,0,0
9851,0,0,0,0,0,0,2,2,1,0,0,0
9852,0,105,7,0,0,0,1,0,0,0,0,0
9853,0,0,0,1,2,140,0,0,0,0,1,0
9854,0,0,0,0,0,0,26,27,0,0,0,0
9855,0,0,0,0,0,7,0,0,0,0,0,0
9856,0,1,0,0,5,0,52,725,9,0,0,0
9857,0,0,0,0,0,39,0,0,0,36,2817,1
9858,0,0,0,0,0,1,0,0,0,0,0,0
9859,7,41,2,1,0,0,0,0,0,0,0,0
9860,0,0,0,12,11,78,0,0,0,0,1,0
9861,0,0,0,1,2,38,0,0,0,0,0,0
9862,0,13,1,0,0,0,0,0,0,0,0,0
9863,0,0,0,0,0,0,0,0,0,0,19,0
9864,0,0,0,0,0,0,0,0,0,2,0,0
9865,0,0,0,6,14,64,0,0,0,0,0,0
9866,0,0,0,0,0,30,0,0,0,87,483,1
9867,0,0,0,11,2,29498,0,0,0,0,278,0
9868,0,0,0,3,0,57,0,0,0,0,45,0
9869,0,26,0,0,0,0,0,0,0,0,0,0
9870,0,0,0,0,0,21,0,0,0,4,1768,0
9871,0,0,0,0,0,0,35,53,0,0,0,0
9872,0,0,0,0,0,0,0,0,0,0,0,0
9873,18,3,0,0,0,0,0,0,0,0,0,0
9874,1,16,3,0,0,0,0,0,0,0,0,0
9875,1,0,0,21,0,351,0,0,0,0,3,0
9876,1,1,0,0,0,0,0,0,0,0,0,0
9877,0,0,0,27,0,173,0,0,0,0,2,0
9878,0,26,2,0,0,0,0,0,0,0,0,0
9879,1,2,1,0,0,0,0,0,0,0,0,0
9880,0,0,0,26,0,86,0,0,0,0,0,0
9881,0,0,0,0,0,0,0,0,0,0,0,0
9882,0,0,0,0,0,0,0,2,25,0,0,1
9883,0,26,0,0,0,0,0,0,0,0,0,0
9884,0,0,0,0,0,0,0,0,0,0,0,0
9885,1,0,24,0,0,0,0,0,0,1,0,0
9886,0,0,0,0,0,0,0,0,0,26,213,0
9887,0,0,0,0,0,4,0,0,0,0,0,0
9888,0,0,0,0,0,0,0,0,0,0,0,0
9889,0,38,0,0,0,0,0,0,0,0,0,0
9890,0,2,0,0,0,0,63,95,1,0,0,0
9891,0,0,0,1,0,4346,0,0,0,1,21678,2
9892,1,0,0,23,4,28,0,0,0,0,0,0
9893,0,0,2,0,0,3,0,0,0,27,348,0
9894,0,0,0,0,26,2,0,1,0,0,0,0
9895,0,0,0,23,0,13,0,0,0,0,0,0
9896,0,0,0,1,0,0,0,0,0,0,0,0
9897,1,0,0,0,0,0,0,0,0,0,0,0
9898,2,0,0,22,0,41,0,0,0,0,0,0
9899,1,0,0,0,0,0,0,0,0,0,0,0
9900,2,3,28,0,0,0,0,0,0,1,0,0
9901,0,0,0,0,1,141,0,0,0,0,0,0
9902,0,0,0,0,0,0,0,0,0,0,0,0
9903,1,1,0,0,0,0,0,0,0,0,0,0
9904,0,13,0,0,0,0,42,0,0,0,0,0
9905,0,0,0,0,0,0,0,0,0,0,0,0
9906,0,2,0,0,0,0,0,0,0,0,0,0
9907,0,0,0,0,0,0,0,0,0,0,202,0
9908,0,2,0,0,0,0,0,0,0,0,0,0
9909,0,17,0,0,0,0,0,0,0,0,0,0
9910,0,0,0,0,0,0,8,0,0,0,0,0
9911,0,0,0,0,0,24,0,0,0,0,0,0
9912,4,2,0,0,0,0,0,0,0,0,0,0
9913,0,0,0,0,0,35,0,0,0,0,0,0
9914,0,0,0,0,0,3,0,0,0,0,0,0
9915,0,0,0,3,0,0,0,0,0,0,0,0
9916,0,0,0,0,0,1,0,0,0,0,0,0
9917,1,1,0,0,0,0,0,0,0,0,0,0
9918,0,0,0,0,0,0,18,9,0,0,0,0
9919,0,0,0,0,0,34,0,0,0,0,0,0
9920,0,0,0,0,0,0,1,0,1,0,0,0
9921,0,0,0,0,0,0,0,0,0,0,0,0
9922,37,74,16,0,0,0,0,0,0,0,0,0
9923,0,0,0,0,0,0,18,82,6,0,0,0
9924,0,0,0,0,0,0,0,0,0,0,1746,0
9925,25,24,2,0,0,0,0,0,0,0,0,0
9926,1,1,9,0,0,0,0,0,0,0,0,0
9927,0,0,0,1,0,2,0,0,0,0,0,0
9928,0,1,0,0,32,0,47,4685,0,0,0,0
9929,0,55,0,0,0,0,1285,1,0,0,0,0
9930,0,3,60,0,0,0,0,0,0,0,0,0
9931,0,0,0,59,0,189,0,0,0,0,0,0
9932,0,2,0,0,0,0,0,0,0,0,0,0
9933,0,0,0,0,0,0,0,0,0,0,1,0
9934,3,9,1,0,0,0,0,0,0,0,0,0
9935,0,160,2,0,0,0,0,0,0,0,0,0
9936,0,0,1,0,0,0,0,0,0,218,73,0
9937,0,0,0,1,0,18,0,0,0,0,1,0
9938,0,4,0,0,0,0,0,0,0,0,0,0
9939,0,0,0,0,0,0,0,1,2,0,0,0
9940,0,0,0,0,0,0,0,0,0,0,270,0
9941,0,0,0,0,0,0,0,0,0,0,0,0
9942,0,0,0,0,0,0,0,0,0,0,0,0
9943,0,0,0,0,0,1,0,0,0,0,991,0
9944,0,4,2,0,0,0,0,0,0,0,0,0
9945,0,0,0,0,0,0,7,1,3,0,0,0
9946,0,141,0,0,0,0,0,0,0,0,0,0
9947,0,0,0,0,0,0,0,1,2,0,0,0
9948,0,1,0,0,0,0,0,0,0,0,0,0
9949,0,46,0,0,0,0,0,0,0,0,0,0
9950,0,0,0,0,0,0,0,3,1,0,0,0
9951,0,0,0,0,0,0,0,0,0,1,30,0
9952,0,0,0,17,0,373,0,0,0,0,1,0
9953,0,0,0,0,0,0,0,3,0,0,0,0
9954,0,0,0,0,0,0,0,0,0,0,2,1
9955,0,0,0,0,42,18,0,0,0,0,0,0
9956,0,0,0,0,0,0,0,0,0,0,0,0
9957,0,0,0,0,0,0,0,1,8,0,0,0
9958,0,0,0,0,0,16,0,0,0,0,0,0
9959,0,0,0,2,0,2,0,0,0,0,0,0
9960,0,0,0,0,0,0,0,0,0,0,0,0
9961,0,0,0,0,0,96,0,0,0,0,0,0
9962,0,0,0,0,0,2,0,0,0,1,251,0
9963,1,0,0,0,0,0,0,0,0,0,0,0
9964,0,0,0,0,0,132,0,0,0,0,0,0
9965,0,0,0,0,0,0,0,0,0,1,3,0
9966,0,0,0,0,0,2,0,0,0,0,0,0
9967,0,0,0,0,0,3,0,0,0,19,1755,0
9968,0,0,0,0,0,0,46,16,1,0,0,0
9969,0,0,0,0,0,0,0,0,0,0,137,0
9970,4,50,0,0,0,0,0,0,0,0,0,0
9971,0,1,0,0,0,0,0,0,0,0,0,0
9972,1,22,1,0,0,0,1,0,0,0,0,0
9973,0,0,0,0,0,0,89,2,0,0,0,0
9974,0,0,0,0,0,0,4,9,2,0,0,0
9975,0,0,0,0,0,0,0,0,0,0,1,0
9976,0,0,0,4,6,35,0,0,0,0,0,0
9977,0,0,0,0,0,0,0,0,0,21,0,13
9978,0,0,0,0,0,1,0,0,0,0,0,0
9979,0,0,0,0,0,53,0,0,0,5,1753,4
9980,3,0,13,0,0,0,0,0,0,0,0,0
9981,0,60,0,0,0,0,0,0,0,0,0,0
9982,0,0,0,1,12,97,0,0,0,0,0,0
9983,0,0,0,0,0,0,19,3,0,0,0,0
9984,0,70,63,0,0,0,0,0,0,0,0,0
9985,0,0,0,0,0,1,0,0,0,9,408,1
9986,0,0,0,1,0,1,0,0,0,0,0,0
9987,0,0,0,0,0,0,0,0,0,0,0,0
9988,0,0,0,0,0,1,0,0,0,0,502,0
9989,1,6,1,0,0,0,0,0,0,0,0,0
9990,0,0,0,0,0,0,1,0,0,0,0,0
9991,0,0,0,0,0,495,0,0,0,0,2,1
9992,31,0,0,0,0,0,0,0,0,0,0,0
9993,0,11,0,0,0,0,0,0,0,0,0,0
9994,0,0,0,0,0,1,0,0,0,6,301,0
9995,0,0,0,13,19,0,0,0,0,0,0,0
9996,0,0,0,0,0,2,0,0,0,1,1393,0
9997,10,28,4,0,0,0,0,0,0,0,0,0
9998,0,0,0,0,0,0,1,1,1,0,0,0
9999,0,0,0,0,0,0,0,1,0,0,0,0
10000,0,0,0,0,1,24,0,0,0,0,0,0
10001,0,0,0,18,2,1,0,0,0,0,0,0
10002,0,0,0,0,0,0,0,0,0,0,75,7
10003,0,0,0,9,0,146,0,0,0,0,0,0
10004,0,0,0,0,0,0,0,1,1,0,0,0
10005,5,1,0,0,0,0,0,0,0,0,0,0
10006,0,0,0,55,3,96,0,0,0,0,0,0
10007,0,0,0,0,0,0,6,5,1,0,0,0
10008,0,0,0,1,0,0,0,0,0,0,0,0
10009,0,0,0,16,64,51,0,0,0,0,0,0
10010,0,0,0,0,0,0,0,0,0,9,2,7
10011,0,0,0,0,0,4,0,0,0,0,0,0
10012,0,0,0,48,3,31,0,0,0,0,0,0
10013,0,0,0,0,0,1,0,0,0,0,0,0
10014,1,0,0,0,0,0,0,0,0,0,0,0
10015,0,0,0,0,0,0,0,0,0,0,375,0
10016,0,0,0,0,0,0,0,0,0,1,1,0
10017,0,1,0,0,0,0,0,0,0,0,0,0
10018,0,28,0,0,0,0,0,0,0,0,0,0
10019,0,0,0,0,0,0,0,0,0,0,1,0
10020,0,0,0,0,0,0,0,0,0,0,0,1
10021,2,19,0,0,0,0,0,0,0,0,0,0
10022,0,0,0,0,0,0,0,0,0,0,0,0
10023,0,0,0,0,0,0,0,0,0,0,0,0
10024,9,40,0,0,0,0,0,0,0,0,0,0
10025,0,0,0,0,0,0,0,0,0,0,0,0
10026,42,0,0,0,0,0,0,0,0,0,0,0
10027,1,32,1,0,0,0,0,0,0,0,0,0
10028,1,103,0,0,0,0,0,0,0,0,0,0
10029,0,0,0,0,0,268,0,0,0,0,85629,0
10030,0,0,0,0,0,19,0,0,0,28,1301,0
10031,0,0,0,8,3,2,0,0,0,0,0,0
10032,0,0,0,0,0,2,0,0,0,1,7,0
10033,0,0,0,11,1,54,0,0,0,0,0,0
10034,1,15,2,0,0,0,0,0,0,0,0,0
10035,0,0,0,0,0,4,0,0,0,0,0,0
10036,0,0,0,0,0,3,0,0,0,25,934,0
10037,0,7,0,0,0,0,0,0,0,0,0,0
10038,0,0,0,0,0,0,0,0,0,5,103,1
10039,0,0,0,0,0,1,0,0,0,36,706,5
10040,0,0,0,0,1,0,0,0,0,0,0,0
10041,0,0,0,0,0,0,0,0,0,0,4,0
10042,9,239,5,0,0,0,1,0,0,0,0,0
10043,0,0,0,0,0,0,0,2,0,0,0,0
10044,0,0,0,0,0,0,0,0,0,0,0,0
10045,0,0,0,4,3,50,0,0,0,0,0,0
10046,0,0,0,0,0,0,348,4,0,0,0,0
10047,0,0,0,0,2,1,0,0,0,0,0,0
10048,0,0,0,3,11,207,0,0,0,0,3,0
10049,0,0,0,0,0,10,0,0,0,0,0,0
10050,0,0,0,0,0,3,0,0,0,0,0,0
10051,0,2,0,0,0,0,42,2,1,0,0,0
10052,0,0,0,0,0,0,0,0,0,0,1,0
10053,1,0,0,0,0,0,0,0,0,0,0,0
10054,0,0,0,0,0,0,28,2,0,0,0,0
10055,9,162,4,0,0,0,0,0,0,0,0,0
10056,0,0,0,0,0,0,78,0,0,0,0,0
10057,0,0,0,0,0,9,0,0,0,0,0,0
10058,0,0,0,0,0,0,2,1,0,0,0,0
10059,0,0,0,0,0,0,0,1,0,0,0,0
10060,0,0,0,0,3,598,0,0,0,0,0,0
10061,0,0,0,0,0,1,0,0,0,0,0,0
10062,0,0,0,0,0,3,0,0,0,0,0,0
10063,0,0,0,0,0,8,0,0,0,0,0,0
10064,1,1,0,0,0,0,0,0,0,0,0,0
10065,0,0,0,0,0,0,84,3,0,0,0,0
10066,0,112,0,0,0,0,0,0,0,0,0,0
10067,0,2,1,0,0,0,0,0,0,0,0,0
10068,0,6,1,0,0,0,0,0,0,0,0,0
10069,0,30,0,0,0,0,0,0,0,0,0,0
10070,2,10,7,0,0,0,0,0,0,0,0,0
10071,0,0,0,0,0,3,0,0,0,0,0,0
10072,0,0,0,0,0,0,11,15,1,0,0,0
10073,0,3,0,0,0,0,111,10,1,0,0,0
10074,0,0,0,0,0,0,0,0,0,0,45,0
10075,34,66,6,0,0,0,0,0,0,0,0,0
10076,0,0,0,4,1,107,0,0,0,0,0,0
10077,0,0,0,2,0,17,0,0,0,0,0,0
10078,0,0,12,0,0,32,0,0,0,75,2547,2
10079,0,0,0,0,0,0,0,0,0,0,0,0
10080,0,0,0,0,0,0,0,0,0,0,1,0
10081,10,63,9,0,0,0,0,0,0,0,0,0
10082,0,0,0,5,64,2,0,12,0,0,0,0
10083,0,0,0,0,0,0,0,0,0,0,5,0
10084,0,0,0,35,175,75,0,3,0,0,0,0
10085,0,0,0,0,0,0,0,2,0,0,0,0
10086,0,0,0,0,0,0,2,1,0,0,0,0
10087,0,0,0,1,0,17,0,0,0,0,0,0
10088,0,0,0,0,0,0,0,0,0,0,0,0
10089,1,47,0,0,0,0,0,0,0,0,0,0
10090,0,38,0,0,0,0,0,0,0,0,0,0
10091,0,0,0,0,0,0,29,1,1,0,0,0
10092,0,0,0,0,0,7,0,0,0,0,0,0
10093,0,0,0,66,5,183,0,0,0,0,4,0
10094,0,0,0,0,0,0,0,0,0,0,0,0
10095,0,0,1,0,0,0,0,0,0,0,0,0
10096,0,1,0,0,0,0,50,1,0,0,0,0
10097,0,131,0,0,0,0,6049,19,0,0,0,0
10098,0,0,0,0,0,0,57,9,0,0,0,0
10099,0,0,0,0,0,13,0,0,0,0,0,0
10100,0,0,0,1,0,0,0,0,0,0,0,0
10101,0,0,0,0,0,0,0,1,0,0,0,0
10102,0,0,0,0,0,10,0,0,0,0,0,0
10103,1,63,0,0,0,0,0,0,0,0,0,0
10104,0,0,0,0,0,18,0,0,0,0,0,0
10105,0,0,0,0,0,0,74,247,1,0,0,0
10106,0,0,0,0,0,0,28,22,1,0,0,0
10107,0,0,0,0,0,58,0,0,0,0,2,0
10108,7,559,1,0,0,0,6,0,0,0,0,0
10109,0,0,0,0,0,0,0,0,0,0,0,1
10110,2,4,0,0,0,0,0,0,0,0,0,0
10111,1,5,8,0,0,0,0,0,0,0,0,0
10112,0,0,0,0,0,0,45,17,1,0,0,0
10113,0,0,0,0,0,51,0,0,0,0,0,0
10114,3,40,0,0,0,0,0,0,0,0,0,0
10115,0,16,1,0,0,0,0,0,0,0,0,0
10116,0,0,0,0,0,36,0,0,0,6,2347,2
10117,0,0,0,1,24,2,0,0,0,0,0,0
10118,0,0,0,0,1,5,0,0,0,0,0,0
10119,0,0,0,0,0,0,1,1,0,0,0,0
10120,0,0,0,0,0,9,0,0,0,0,0,0
10121,0,0,0,0,0,0,41,2,1,0,0,0
10122,0,0,0,0,0,0,6,18,1,0,0,0
10123,0,0,0,0,0,29,0,0,0,0,0,0
10124,0,75,0,0,0,0,1,0,0,0,0,0
10125,0,0,0,0,0,6,0,0,0,2,343,2
10126,1,62,1,0,0,0,0,0,0,0,0,0
10127,1,7,0,0,0,0,0,0,0,0,0,0
10128,0,0,0,0,0,0,0,0,0,3,37,0
10129,0,0,0,0,0,0,0,0,0,0,0,0
10130,0,10,1,0,0,0,0,0,0,0,0,0
10131,0,0,0,0,0,0,0,0,0,1,1,0
10132,12,13,0,0,0,0,0,0,0,0,0,0
10133,0,0,0,0,0,0,0,0,0,0,3,0
10134,0,0,0,0,0,0,0,0,0,0,0,0
10135,0,0,0,9,0,796,0,0,0,0,3,0
10136,1,1,0,0,0,0,0,0,0,0,0,0
10137,0,0,0,0,0,0,0,0,0,0,0,0
10138,0,0,0,0,0,44,0,0,0,0,2570,0
10139,0,0,0,0,0,0,2,0,0,0,0,0
10140,0,0,0,0,0,0,0,2,0,0,0,0
10141,0,0,0,0,0,17,0,0,0,0,0,0
10142,0,0,0,0,0,0,0,0,0,2,12,0
10143,0,0,0,0,0,1,0,0,0,0,0,0
10144,0,0,0,0,6,9,0,0,0,0,0,0
10145,0,0,0,0,0,2,0,0,0,0,0,0
10146,0,0,0,0,0,0,0,0,0,0,0,0
10147,0,0,0,0,0,0,0,4,0,0,0,0
10148,0,0,0,0,0,0,0,0,0,12,7,0
10149,0,0,0,0,0,3,0,0,0,0,0,0
10150,0,0,0,9,0,113,0,0,0,0,0,0
10151,0,0,0,0,0,0,4,18,0,0,0,0
10152,0,289,5,0,0,0,2,0,0,0,0,0
10153,0,0,0,13,1,231,0,0,0,0,1,0
10154,0,0,0,0,0,0,26,5,1,0,0,0
10155,0,44,1,0,0,0,0,0,0,0,0,0
10156,0,0,0,0,0,55,0,0,0,8,3152,1
10157,0,0,0,0,0,0,63,25,0,0,0,0
10158,0,0,0,0,0,4,0,0,0,0,0,0
10159,8,57,2,0,0,0,1,0,0,0,0,0
10160,0,0,0,0,0,0,28,0,0,0,0,0
10161,0,0,0,0,2,1,0,0,0,0,0,0
10162,0,0,0,0,3,8,0,0,0,0,0,0
10163,0,0,0,0,0,28,0,0,0,0,0,0
10164,0,6,0,0,0,0,0,0,0,0,0,0
10165,0,0,0,0,0,0,0,0,0,0,322,0
10166,0,0,0,5,33,0,0,0,0,0,0,0
10167,0,0,0,0,0,0,0,3,0,0,0,0
10168,0,0,0,0,0,20,0,0,0,0,0,0
10169,0,0,0,0,0,0,0,0,0,0,0,0
10170,0,0,0,0,0,0,0,0,0,0,2,0
10171,15,17,3,0,0,0,0,0,0,0,0,0
10172,1,0,11,0,0,0,0,0,0,0,0,0
10173,0,0,0,0,0,0,0,1,0,0,0,0
10174,1,10,1,0,0,0,0,0,0,0,0,0
10175,0,0,0,0,0,0,0,0,0,0,1,0
10176,0,0,0,0,0,0,0,0,0,0,0,0
10177,0,0,0,0,0,29,0,0,0,0,0,0
10178,0,0,0,0,0,0,0,37,0,0,0,0
10179,0,0,0,0,0,1,0,0,0,0,0,0
10180,0,0,0,0,1,0,33,186,3,0,0,0
10181,0,89,5,0,0,0,0,0,0,0,0,0
10182,0,0,0,1,0,3,0,0,0,0,0,0
10183,0,0,0,0,0,1,0,0,0,39,467,0
10184,0,0,0,1,0,1,0,0,0,0,0,0
10185,0,0,0,0,0,0,1,0,1,0,0,0
10186,0,0,0,0,0,2,0,0,0,1,2084,0
10187,0,1,0,0,0,0,0,0,0,0,0,0
10188,0,0,0,0,0,6,0,0,0,14,570,0
10189,0,0,0,0,0,0,0,0,0,57,426,4
10190,0,0,0,1,19,34,0,0,0,0,0,0
10191,0,0,0,0,0,0,0,0,0,15,160,0
10192,0,0,0,7,3,44,0,0,0,0,0,0
10193,0,0,0,0,0,0,2534,2,0,0,0,0
10194,5,42,17,0,0,0,0,0,0,0,0,0
10195,2183,11674,9,1,0,0,56,11,0,0,0,0
10196,0,0,0,0,0,0,40,10,1,0,0,0
10197,0,5,2,0,0,0,0,0,0,0,0,0
10198,0,0,0,0,0,9,0,0,0,5,696,0
10199,1,6,5,0,0,0,0,0,0,0,0,0
10200,0,0,0,1,0,20,0,0,0,0,0,0
10201,0,0,0,0,1,0,9,151,2,0,0,0
10202,0,0,0,0,0,1,0,0,0,3,581,0
10203,0,0,0,0,3,1,0,0,0,0,0,0
10204,0,0,0,2,0,38,0,0,0,0,1,0
10205,0,4,0,0,0,0,0,0,0,0,0,0
10206,0,11,0,0,0,0,0,0,0,0,0,0
10207,0,0,0,0,0,0,0,0,0,2,405,0
10208,0,0,0,0,0,0,0,0,0,0,4,0
10209,0,0,0,0,0,0,0,0,0,1,4,0
10210,0,0,0,1,0,10,0,0,0,0,0,0
10211,0,3,0,0,0,0,0,0,0,0,0,0
10212,0,4,1,0,0,0,0,0,0,0,0,0
10213,0,0,0,0,0,31,0,0,0,0,0,0
10214,0,0,0,0,0,0,0,0,0,0,0,0
10215,1,0,0,0,0,0,0,0,0,0,0,0
10216,0,0,0,0,0,67,0,0,0,0,0,0
10217,0,0,0,0,0,0,0,0,0,0,0,0
10218,0,0,0,0,0,0,0,0,0,0,0,0
10219,0,67,4,0,0,0,0,0,0,0,0,0
10220,0,0,0,0,0,0,3,2,0,0,0,0
10221,0,0,0,0,0,0,0,0,0,0,0,0
10222,0,0,0,0,1,30,0,0,0,0,0,0
10223,0,0,0,1,0,11,0,0,0,0,0,0
10224,0,0,0,0,0,5,0,0,0,0,0,0
10225,0,39,1,0,0,0,0,0,0,0,0,0
10226,0,0,0,0,0,0,0,0,0,3,38,0
10227,0,0,0,0,1,0,0,0,0,0,0,0
10228,0,0,0,0,0,22,0,0,0,13,1187,4
10229,0,9,1,0,0,0,0,0,0,0,0,0
10230,0,0,0,0,0,0,0,0,0,0,0,0
10231,0,0,0,1,2,20,0,0,0,0,0,0
10232,0,0,0,0,0,1,0,0,0,1,228,0
10233,0,0,0,0,0,0,0,33,0,0,0,0
10234,0,0,0,0,0,29,0,0,0,0,0,0
10235,0,0,0,0,0,0,0,0,0,0,0,0
10236,0,153,0,0,0,0,1,0,0,0,0,0
10237,0,0,0,0,0,0,12,1,0,0,0,0
10238,0,0,0,0,3,2,0,0,0,0,0,0
10239,0,0,0,0,0,0,0,0,0,0,0,0
10240,0,0,0,0,3,11,0,0,0,0,0,0
10241,0,1,0,0,0,0,0,0,0,0,0,0
10242,0,2,0,0,0,0,0,0,0,0,0,0
10243,0,0,0,0,0,186,0,0,0,0,1,0
10244,0,0,0,0,0,0,0,0,0,1,20,0
10245,0,0,0,0,0,0,0,0,0,0,0,0
10246,0,0,0,0,0,50,0,0,0,0,0,0
10247,0,0,1,0,0,0,0,0,0,0,0,0
10248,1,58,0,0,0,0,0,0,0,0,0,0
10249,0,0,0,0,0,244,0,0,0,0,1,0
10250,0,0,0,0,0,2,0,0,0,0,0,0
10251,0,0,0,0,0,0,0,0,0,0,0,0
10252,0,0,0,0,0,4,0,0,0,0,1719,0
10253,0,0,0,1,2,573,0,0,0,0,1,0
10254,0,0,0,0,1,35,0,0,0,0,0,0
10255,0,0,0,0,0,0,89,292,2,0,0,0
10256,0,0,0,0,0,0,21,16,0,0,0,0
10257,0,0,0,0,0,5,0,0,0,0,0,0
10258,0,32,1,0,0,0,0,0,0,0,0,0
10259,0,0,0,0,0,0,0,0,0,0,2,0
10260,0,40,0,0,0,0,0,0,0,0,0,0
10261,0,0,0,0,0,0,34,52,0,0,0,0
10262,0,0,0,0,0,0,117,17,1,0,0,0
10263,0,0,0,0,0,0,0,0,0,5,153,0
10264,1,0,0,83,21,21,0,0,0,0,0,0
10265,0,16,0,0,0,0,1478,3,0,0,0,0
10266,0,0,0,0,0,0,50,41,0,0,0,0
10267,0,0,0,0,0,14,0,0,0,0,0,0
10268,7,3,3,0,0,0,0,0,0,0,0,0
10269,0,19,3,0,0,0,0,0,0,0,0,0
10270,0,0,0,2,2,14,0,0,0,0,0,0
10271,0,1,0,0,0,0,61,6,0,0,0,0
10272,0,0,0,0,0,2,0,0,0,0,0,0
10273,0,0,0,3,6,64,0,0,0,0,0,0
10274,0,0,0,0,0,0,0,0,0,1,2,1
10275,0,3,3,0,0,0,0,0,0,0,0,0
10276,3,22,8,0,0,0,0,0,0,0,0,0
10277,0,0,1,0,0,3,0,0,0,30,1560,2
10278,0,0,0,1,10,2,0,0,0,0,0,0
10279,0,0,0,0,0,41,0,0,0,14,4055,1
10280,0,0,15,0,0,0,0,0,0,0,0,0
10281,0,0,0,0,0,0,27,8,0,0,0,0
10282,0,0,0,0,0,0,74,12,1,0,0,0
10283,0,0,0,0,0,0,31,3,6,0,0,0
10284,0,0,0,0,0,3,0,0,0,0,0,0
10285,0,0,0,0,13,64,0,0,0,0,0,0
10286,1,225,0,0,0,0,1,0,0,0,0,0
10287,0,0,0,4,14,72,0,2,0,0,7,0
10288,0,0,0,15,0,37,0,0,0,0,0,0
10289,0,0,0,0,0,0,3,0,0,0,0,0
10290,0,0,0,0,0,0,0,0,0,0,0,0
10291,0,8,6,0,0,0,0,0,0,0,0,0
10292,0,0,0,0,0,1,0,0,0,20,47,0
10293,1,0,0,0,0,0,0,0,0,0,0,0
10294,0,0,0,0,0,14,0,0,0,0,0,0
10295,0,0,0,0,18,4,0,0,0,0,0,0
10296,0,0,0,0,0,4,0,0,0,5,227,0
10297,0,0,0,18,0,21,0,0,0,0,0,0
10298,0,1,0,0,0,0,0,0,0,0,0,0
10299,0,0,0,0,0,7,0,0,0,0,0,0
10300,0,0,0,0,0,0,1,128,0,0,0,0
10301,0,0,2,0,0,0,0,0,0,488,0,0
10302,9,3,2,0,0,0,0,0,0,0,0,0
10303,3,8,9,0,0,0,0,0,0,0,0,0
10304,0,4,1,0,0,0,0,0,0,0,0,0
10305,1,84,1,0,0,0,0,0,0,0,0,0
10306,0,0,0,1,13,10,0,0,0,0,0,0
10307,0,0,0,0,0,0,0,0,0,0,0,0
10308,0,0,0,0,0,0,0,2,0,0,0,0
10309,0,0,0,0,0,133,0,0,0,0,0,0
10310,0,0,0,0,8,0,109,19,0,0,0,0
10311,0,0,0,1,0,77,0,0,0,0,0,0
10312,12,13,1,0,0,0,0,0,0,0,0,0
10313,0,0,0,0,0,0,0,0,0,38,29,0
10314,0,0,0,1,0,0,0,0,0,0,0,0
10315,0,0,0,0,1,10,0,0,0,0,0,0
10316,0,1,3,0,0,0,0,0,0,0,0,0
10317,0,891,0,0,0,0,1,0,0,0,0,0
10318,0,0,0,0,0,0,26,38,3,0,0,0
10319,0,0,0,0,0,488,0,0,0,6,60501,0
10320,0,0,0,1,0,2,0,0,0,0,0,0
10321,0,0,0,0,0,17,0,0,0,0,0,0
10322,2,3,0,0,0,0,0,0,0,0,0,0
10323,2,18994,0,0,0,0,130,0,0,0,0,0
10324,0,0,0,0,0,0,30,61,0,0,0,0
10325,0,0,0,0,0,0,31,4,1,0,0,0
10326,0,0,0,0,0,8,0,0,0,0,0,0
10327,0,0,0,6,0,16,0,0,0,0,0,0
10328,0,0,0,0,0,0,7,10,0,0,0,0
10329,1,116,3,0,0,0,0,0,0,0,0,0
10330,0,0,0,19,1,135,0,0,0,0,1,0
10331,4,23,0,0,0,0,0,0,0,0,0,0
10332,0,0,0,0,0,1,0,0,0,16,458,0
10333,9,10,1,0,0,0,0,0,0,0,0,0
10334,0,0,0,0,0,0,78,7,0,0,0,0
10335,0,0,0,0,0,1,0,0,0,0,275,1
10336,0,0,0,0,0,0,0,0,0,34,246,2
10337,0,0,1,0,0,0,0,0,0,0,0,0
10338,2,3,0,0,0,0,0,0,0,0,0,0
10339,0,0,0,0,1,53,0,0,0,0,0,0
10340,0,0,0,0,0,2,0,0,0,42,1198,0
10341,0,0,0,0,0,5,0,0,0,20,1566,0
10342,0,0,0,7,0,3,0,0,0,0,0,0
10343,0,0,0,0,0,0,0,0,0,0,0,0
10344,0,51,1,0,0,0,0,0,0,0,0,0
10345,0,1,0,0,0,0,129,3,1,0,0,0
10346,1,4,0,0,0,0,0,0,0,0,0,0
10347,0,0,0,0,0,0,0,0,0,0,3,0
10348,1,24,3,0,0,0,1,0,0,0,0,0
10349,0,0,0,0,0,0,0,0,0,1,24,0
10350,0,0,0,0,0,0,0,0,0,0,15,0
10351,0,0,0,2,0,16,0,0,0,0,0,0
10352,0,0,0,0,0,0,0,0,0,0,0,0
10353,0,35,4,0,0,0,0,0,0,0,0,0
10354,0,0,0,0,0,0,26,41,0,0,0,0
10355,0,0,0,0,0,3,0,0,0,0,0,0
10356,1,82,0,0,0,0,0,0,0,0,0,0
10357,0,0,0,0,0,29,0,0,0,0,0,0
10358,0,0,0,0,0,0,0,0,0,0,0,0
10359,0,200,1,0,0,0,1,0,0,0,0,0
10360,0,0,0,0,0,0,202,7,0,0,0,0
10361,0,0,0,2,1,4,0,0,0,0,0,0
10362,0,0,0,1,4,7,0,0,0,0,0,0
10363,0,0,0,15,2,12,0,0,0,0,0,0
10364,0,0,0,0,0,0,84,28,0,0,0,0
10365,0,0,0,0,6,7,0,0,0,0,0,0
10366,0,0,0,3,16,18,0,0,0,0,0,0
10367,0,0,0,0,0,0,0,0,0,3,3,0
10368,0,0,0,0,0,0,69,3,1,0,0,0
10369,0,0,0,0,0,25,0,0,0,13,4414,0
10370,11,43,4,0,0,0,0,0,0,0,0,0
10371,0,0,0,0,19,6,0,0,0,0,0,0
10372,0,0,0,4,2,89,0,0,0,0,0,0
10373,0,0,0,0,0,0,0,0,0,0,1,0
10374,1,20,1,0,0,0,0,0,0,0,0,0
10375,1,161,2,0,0,0,1,0,0,0,0,0
10376,0,0,0,0,0,76,0,0,0,17,2631,3
10377,0,0,0,0,0,1,0,0,0,16,289,1
10378,8,20,5,0,0,0,0,0,0,0,0,0
10379,0,0,0,0,0,0,22,4,0,0,0,0
10380,0,0,0,0,0,0,0,3,0,0,0,0
10381,0,14,0,0,0,0,0,0,0,0,0,0
10382,0,0,0,0,0,0,0,0,0,17,0,0
10383,0,0,0,0,0,0,0,0,0,0,0,0
10384,0,0,0,0,0,0,163,7,18,0,0,0
10385,0,2,0,0,0,0,0,0,0,0,0,0
10386,0,0,0,0,0,0,0,0,0,1,4,0
10387,0,0,0,8,14,47,0,0,0,0,0,0
10388,0,0,0,0,1,33,0,0,0,0,0,0
10389,0,0,0,0,0,0,0,0,0,0,0,0
10390,0,0,0,0,1,4,0,0,0,0,0,0
10391,0,0,0,2,3,1,0,0,0,0,0,0
10392,0,0,0,0,0,0,0,0,0,0,4,0
10393,9,9,2,0,0,0,0,0,0,0,0,0
10394,0,0,0,0,0,0,12,26,0,0,0,0
10395,0,0,0,0,2,1,0,0,0,0,0,0
10396,0,0,0,0,26,1,20,3937,38,0,0,0
10397,0,0,0,0,2,12,0,0,0,0,0,0
10398,0,0,0,0,0,0,0,0,0,0,0,0
10399,0,159,0,0,0,0,1,0,0,0,0,0
10400,0,0,0,0,0,0,29,6,0,0,0,0
10401,0,0,0,0,0,0,0,0,0,0,276,0
10402,0,0,0,1,1,21,0,0,0,0,0,0
10403,0,0,0,3,0,0,0,0,0,0,0,0
10404,0,0,0,0,0,0,0,0,2,0,0,0
10405,0,0,0,0,0,37,0,0,0,0,0,0
10406,0,0,0,0,0,0,0,0,0,0,0,0
10407,0,0,0,0,0,0,0,0,0,0,0,0
10408,0,0,0,0,0,0,0,0,0,0,424,0
10409,0,6,0,0,0,0,0,0,0,0,0,0
10410,1,24,15,0,0,0,0,0,0,0,0,0
10411,0,0,0,0,0,123,0,0,0,0,0,0
10412,0,0,0,0,0,0,7,0,0,0,0,0
10413,0,0,0,0,0,0,0,3,0,0,0,0
10414,0,0,0,0,0,14,0,0,0,0,0,0
10415,0,0,0,2,1,0,0,0,0,0,0,0
10416,0,0,0,0,0,0,0,0,0,0,156,0
10417,193,212,0,0,0,0,0,0,0,0,0,0
10418,0,0,0,0,0,0,0,0,0,0,14,0
10419,0,0,0,0,0,0,0,0,0,0,0,0
10420,1,29,2,0,0,0,0,0,0,0,0,0
10421,0,0,0,0,12,0,0,0,0,0,0,0
10422,0,0,0,0,0,0,0,0,0,1,47,1
10423,0,0,0,0,0,41,0,0,0,0,0,0
10424,0,0,0,0,0,0,1,3,0,0,0,0
10425,0,0,0,0,0,0,0,0,0,0,0,0
10426,0,0,0,0,0,9,0,0,0,0,0,0
10427,0,0,0,0,0,0,50,1,0,0,0,0
10428,0,0,0,0,0,0,0,0,0,0,0,0
10429,0,0,0,4,4,23,0,0,0,0,0,0
10430,0,0,0,0,0,0,0,0,0,0,0,0
10431,0,0,0,0,0,0,0,0,0,0,0,0
10432,0,0,0,0,0,0,0,0,0,0,112,0
10433,0,0,0,0,0,0,0,0,0,1,1,0
10434,0,1,0,0,0,0,0,0,0,0,0,0
10435,0,18,2,0,0,0,0,0,0,0,0,0
10436,0,0,0,3,0,1,0,0,0,0,0,0
10437,0,0,0,0,0,0,5,1,0,0,0,0
10438,0,0,0,0,0,17,0,0,0,0,0,0
10439,0,0,0,0,0,0,10,2,1,0,0,0
10440,0,0,0,0,0,0,0,0,0,0,554,0
10441,0,0,0,3,1,13,0,0,0,0,0,0
10442,1,28,0,0,0,0,0,0,0,0,0,0
10443,0,0,0,0,2,1,0,0,0,0,0,0
10444,0,0,0,0,3,0,11,98,2,0,0,0
10445,0,2,24,0,0,0,0,0,0,0,0,0
10446,0,0,0,0,0,0,1,2,0,0,0,0
10447,0,2,0,0,0,0,396,3,0,0,0,0
10448,0,0,1,0,0,24,0,0,0,14,1362,6
10449,0,0,40,0,0,2,0,0,0,6975,754,0
10450,0,0,0,0,0,48,0,0,0,11,2479,0
10451,0,0,0,0,0,0,0,0,0,0,0,0
10452,2,0,0,0,0,0,0,0,0,0,0,0
10453,0,0,0,0,0,230,0,0,0,0,3,0
10454,0,0,0,3,0,4,0,0,0,0,0,0
10455,0,0,0,0,9,20,0,0,0,0,0,0
10456,0,0,0,0,0,3,0,0,0,10,944,0
10457,0,1,0,0,0,0,0,0,0,0,0,0
10458,0,0,0,0,0,0,0,0,0,1,77,0
10459,0,0,0,3,0,22,0,0,0,0,0,0
10460,6,11,0,0,0,0,0,0,0,0,0,0
10461,0,0,0,0,0,1,0,0,0,0,0,0
10462,0,0,0,0,0,7,0,0,0,0,0,0
10463,1,0,0,0,0,0,0,0,0,0,0,0
10464,0,1,0,0,0,0,0,0,0,0,0,0
10465,0,1,0,0,0,0,90,0,0,0,0,0
10466,0,0,0,0,0,0,3,0,0,0,0,0
10467,0,0,0,0,0,0,0,1,0,0,0,0
10468,0,0,0,0,0,16,0,0,0,0,0,0
10469,0,0,0,0,5,3,0,0,0,0,0,0
10470,0,0,0,0,0,0,0,0,0,0,5,0
10471,7,122,6,0,0,0,0,0,0,0,0,0
10472,0,0,0,0,0,3,0,0,0,0,0,0
10473,0,0,0,0,0,0,0,0,0,0,0,0
10474,0,0,0,0,0,3,0,0,0,1,505,0
10475,0,0,0,0,0,0,0,0,0,1,0,0
10476,0,0,0,0,0,1,0,0,0,0,0,0
10477,0,0,0,1,0,2,0,0,0,0,0,0
10478,0,10,3,0,0,0,0,0,0,0,0,0
10479,3,26,0,0,0,0,0,0,0,0,0,0
10480,0,0,0,1,0,163,0,0,0,0,0,0
10481,0,0,0,0,0,0,2,1,0,0,0,0
10482,0,0,0,0,0,0,0,0,0,0,0,0
10483,0,0,0,0,0,11,0,0,0,0,0,0
10484,0,0,0,0,4,0,0,0,0,0,0,0
10485,0,0,0,0,0,0,0,0,0,1,1,0
10486,1,48,3,0,0,0,1,0,0,0,0,0
10487,0,0,0,1,0,0,0,0,0,0,0,0
10488,0,0,0,0,0,0,1,1,0,0,0,0
10489,0,0,0,0,1,31,0,0,0,0,0,0
10490,0,0,0,0,0,0,3,0,0,0,0,0
10491,0,0,0,0,0,0,1,1,0,0,0,0
10492,0,0,0,0,1,9,0,0,0,0,0,0
10493,0,0,0,0,0,0,0,0,0,0,0,0
10494,0,0,0,0,0,0,1,3,1,0,0,0
10495,0,0,0,2,0,7,0,0,0,0,0,0
10496,0,0,0,0,0,0,23,1,1,0,0,0
10497,0,0,0,0,0,6,0,0,0,0,0,0
10498,0,0,0,4,0,14,0,0,0,0,0,0
10499,0,0,0,0,0,0,0,2,1,0,0,0
10500,0,0,0,0,0,0,0,4,0,0,0,0
10501,0,0,0,0,7,20,0,0,0,0,0,0
10502,0,0,0,0,1,0,0,0,0,0,0,0
10503,0,0,0,0,0,0,0,0,0,0,0,0
10504,0,0,0,0,0,39,0,0,0,0,0,0
10505,10,14,0,0,0,0,0,0,0,0,0,0
10506,1,5,1,0,0,0,0,0,0,0,0,0
10507,0,0,0,0,0,14,0,0,0,0,2049,0
10508,0,6,0,0,0,0,0,0,0,0,0,0
10509,0,0,0,0,0,3,0,0,0,0,0,0
10510,1,3,0,0,0,0,0,0,0,0,0,0
10511,0,0,0,0,0,0,2,4,2,0,0,0
10512,0,59,0,0,0,0,0,0,0,0,0,0
10513,0,0,0,0,3,88,0,0,0,0,0,0
10514,0,0,0,0,0,0,0,0,0,0,0,0
10515,0,2,0,0,0,0,0,0,0,0,0,0
10516,0,0,0,0,1,63,0,0,0,0,0,0
10517,0,0,0,0,0,0,26,2,4,0,0,0
10518,1,6,5,0,0,0,0,0,0,0,0,0
10519,0,0,0,0,0,0,0,0,0,11,298,0
10520,0,0,0,6,5,19,0,0,0,0,0,0
10521,0,0,0,0,0,0,18,34,1,0,0,0
10522,0,0,0,1,6,26,0,0,0,0,0,0
10523,0,0,0,0,0,0,43,6,402,0,0,0
10524,0,0,0,0,0,5,0,0,0,0,0,0
10525,0,0,0,0,0,4,0,0,0,27,797,2
10526,0,0,0,6,5,1,0,0,0,0,0,0
10527,0,0,0,0,0,0,0,0,0,0,25,0
10528,0,0,0,0,4,60,0,0,0,0,0,0
10529,0,0,0,6,2,33,0,0,0,0,0,0
10530,0,0,0,1,0,4,0,0,0,0,0,0
10531,0,0,0,0,8,7,0,0,0,0,0,0
10532,0,0,0,0,1,1,0,0,0,0,0,0
10533,0,0,0,0,1,0,51,340,2,0,0,0
10534,0,0,0,0,0,14,0,0,0,0,0,0
10535,0,0,0,0,0,0,0,0,0,0,0,0
10536,1,0,0,0,0,0,0,0,0,0,0,0
10537,0,0,0,0,0,5,0,0,0,0,1291,0
10538,0,11,3,0,0,0,0,0,0,0,0,0
10539,0,0,0,0,0,0,0,0,0,0,0,0
10540,0,0,0,0,3,0,24,209,2,0,0,0
10541,0,0,0,0,0,0,0,0,0,0,4,0
10542,0,0,0,0,0,0,0,0,0,0,0,0
10543,0,0,0,0,0,2,0,0,0,0,634,0
10544,0,0,0,0,0,0,0,0,0,2,0,0
10545,0,2,0,0,0,0,0,0,0,0,0,0
10546,0,0,0,0,0,23,0,0,0,0,0,0
10547,0,2,4,0,0,0,0,0,0,0,0,0
10548,0,0,0,0,0,1,0,0,0,0,0,0
10549,0,0,0,0,0,0,2,10,0,0,0,0
10550,0,0,0,0,0,0,0,1,0,0,0,0
10551,1,2,0,0,0,0,0,0,0,0,0,0
10552,0,175,0,0,0,0,0,0,0,0,0,0
10553,0,0,0,1,0,33,0,0,0,0,0,0
10554,0,0,0,0,0,0,0,0,0,0,0,0
10555,0,9,2,0,0,0,0,0,0,0,0,0
10556,0,0,0,0,0,0,0,0,0,1,64,1
10557,0,0,0,0,0,0,0,0,0,0,5,1
10558,12,21,0,0,0,0,0,0,0,0,0,0
10559,1,10,3,0,0,0,0,0,0,0,0,0
10560,0,0,0,0,0,0,0,0,0,3,84,3
10561,0,0,0,10,4,72,0,0,0,0,0,0
10562,0,0,0,0,0,0,13,0,0,0,0,0
10563,0,0,0,0,0,0,0,4,2,0,0,0
10564,1,39,10,0,0,0,0,0,0,0,0,0
10565,0,0,0,0,0,0,14,6,8,0,0,0
10566,0,0,0,0,0,1,0,0,0,0,0,0
10567,0,0,0,4,13,56,0,0,0,0,0,0
10568,0,0,0,0,0,0,0,0,0,1,2,0
10569,1,0,0,0,0,0,0,0,0,0,0,0
10570,0,0,0,0,2,68,0,0,0,0,1,0
10571,0,0,0,0,0,0,23,11,1,0,0,0
10572,0,0,0,0,0,0,0,0,0,4,26,0
10573,0,0,0,36,18,31,0,0,0,0,0,0
10574,0,0,0,0,0,0,0,2,0,0,0,0
10575,0,0,0,0,0,0,2,2,0,0,0,0
10576,0,0,0,0,0,0,0,0,0,3,150,0
10577,4,1,0,0,0,0,0,0,0,0,0,0
10578,0,0,0,0,0,0,0,0,0,0,2,0
10579,8,39,1,0,0,0,0,0,0,0,0,0
10580,0,0,0,0,0,0,0,1,2,0,0,0
10581,0,2,0,0,0,0,1,0,0,0,0,0
10582,0,0,0,0,0,3,0,0,0,1,2038,0
10583,0,0,0,3,26,3,0,0,0,0,0,0
10584,0,0,0,0,0,1,0,0,0,0,0,0
10585,1,39,0,0,0,0,0,0,0,0,0,0
10586,0,0,0,0,0,0,0,1,0,0,0,0
10587,0,15,21,0,0,0,0,0,0,0,0,0
10588,2,18,9,0,0,0,0,0,0,0,0,0
10589,0,0,0,0,0,0,1,2,0,0,0,0
10590,0,0,0,0,0,0,0,1,0,0,0,0
10591,0,0,0,0,0,107,0,0,0,0,0,0
10592,2,20,0,0,0,0,0,0,0,0,0,0
10593,0,5,6,0,0,0,0,0,0,0,0,0
10594,0,0,0,0,0,0,0,0,0,11,530,0
10595,0,0,0,0,0,9,0,0,0,0,0,0
10596,0,0,0,0,0,3,0,0,0,0,0,0
10597,0,0,0,0,0,15,0,0,0,0,0,0
10598,0,0,0,0,0,1,0,0,0,0,0,0
10599,1,0,0,0,0,0,0,0,0,0,0,0
10600,0,0,0,0,1,65,0,0,0,0,0,0
10601,0,0,0,0,0,0,0,2,0,0,0,0
10602,0,0,0,0,0,0,0,7,1,0,0,0
10603,0,24,0,0,0,0,0,0,0,0,0,0
10604,0,0,0,0,0,2,0,0,0,8,379,0
10605,0,0,0,0,0,0,0,0,0,200,417,0
10606,0,0,0,2,12,23,0,0,0,0,0,0
10607,0,0,0,1,0,0,0,0,0,0,0,0
10608,0,0,0,0,0,0,0,0,0,0,0,0
10609,0,0,0,0,0,14,0,0,0,0,0,0
10610,0,0,0,0,2,0,14,565,0,0,0,0
10611,0,0,0,0,0,9,0,0,0,0,0,0
10612,0,0,0,14,7,23,0,0,0,0,1,0
10613,0,0,0,0,0,0,0,2,1,0,0,0
10614,0,0,0,0,0,0,0,0,0,0,0,0
10615,0,0,0,0,0,2,0,0,0,1,1434,0
10616,0,2,33,0,0,0,0,0,0,8,0,0
10617,0,1,0,0,0,0,40,0,1,0,0,0
10618,0,0,0,0,0,0,113,18,0,0,0,0
10619,0,0,0,0,0,0,0,0,0,18,2,0
10620,2,1,0,0,0,0,0,0,0,0,0,0
10621,0,15,1,0,0,0,0,0,0,0,0,0
10622,1,9,0,0,0,0,0,0,0,0,0,0
10623,0,0,0,0,0,3,0,0,0,2,396,0
10624,5,35,1,0,0,0,0,0,0,0,0,0
10625,0,0,0,1,0,0,52,9,6,1,0,3
10626,0,1,0,1,0,1,0,0,0,1,1298,1
10627,18,18,0,1,2,0,0,2,0,0,0,0
10628,3,1,0,0,0,0,0,0,0,6,4,0
10629,2,1,2,1,0,0,0,0,0,0,0,0
10630,2,41,1,0,0,0,0,1,0,0,0,0
10631,1,3,1,0,0,0,247,39,1,0,0,0
10632,0,1,2,0,0,0,0,1,0,4,534,1
10633,13,25,10,0,3,0,2,0,0,0,0,0
10634,0,1,0,1,3,0,7,47,4,0,0,0
10635,0,0,0,1,0,0,0,0,0,1,25,0
10636,1,0,0,15,5,145,0,0,0,1,0,0
10637,0,1,0,0,0,0,19,4,2,0,0,0
10638,0,0,0,0,0,0,11,3,2,1,0,0
10639,0,0,0,8,4,18,0,0,0,0,0,0
10640,0,8,0,0,0,0,0,0,0,0,0,0
10641,0,0,0,0,0,16,0,0,0,0,2417,1
10642,0,0,0,0,1,0,88,885,9,0,0,0
10643,0,0,0,0,0,0,16,4,1,0,0,0
10644,0,1,0,0,0,0,0,0,0,0,0,0
10645,0,0,0,0,0,1,0,0,0,0,191,0
10646,13,442,0,0,0,0,0,0,0,0,0,0
10647,0,0,0,0,0,1,0,0,0,1,135,0
10648,1,7,0,0,0,0,0,0,0,0,0,0
10649,0,60,1,0,0,0,0,0,0,0,0,0
10650,0,0,0,0,0,0,0,0,0,7,158,0
10651,0,0,0,0,0,15,0,0,0,0,0,0
10652,0,7,0,0,0,0,0,0,0,0,0,0
10653,0,0,0,0,0,0,0,0,0,0,0,0
10654,0,0,0,3,0,39,0,0,0,0,1,0
10655,0,4,0,0,0,0,0,0,0,0,0,0
10656,0,0,0,0,0,0,0,0,0,0,0,0
10657,0,360,3,0,0,0,0,0,0,0,0,0
10658,0,0,0,0,0,0,7,3,3,0,1,0
10659,0,0,0,0,0,3,0,0,0,0,0,0
10660,0,0,0,0,0,24,0,0,0,0,0,0
10661,0,0,0,0,0,0,0,0,0,0,0,0
10662,0,1,0,0,0,0,0,0,0,0,0,0
10663,0,0,0,0,0,137,0,0,0,0,0,0
10664,0,0,0,0,0,0,22,0,0,0,0,0
10665,0,0,0,0,1,324,0,0,0,0,1,0
10666,0,0,0,6,1,33,0,0,0,0,0,0
10667,0,0,0,4,1221,1,1,9,0,0,0,0
10668,0,0,0,1,0,1,0,0,0,0,0,0
10669,0,10,0,0,0,0,0,0,0,0,0,0
10670,0,0,0,0,0,0,0,6,3,0,0,0
10671,0,0,0,0,0,0,0,0,0,0,2,0
10672,0,0,0,1,7,5,0,0,0,0,0,0
10673,0,0,0,0,0,1,0,0,0,0,0,0
10674,0,0,0,0,0,0,0,0,0,0,0,0
10675,0,0,0,0,0,0,1,5,1,0,0,0
10676,0,0,0,0,1,13,0,0,0,0,0,0
10677,0,0,0,0,0,0,0,0,0,0,0,0
10678,0,1,0,0,0,0,70,6,1,0,0,0
10679,0,0,0,0,0,1,0,0,0,0,0,0
10680,0,0,0,0,0,0,0,0,0,0,0,0
10681,0,0,0,0,0,1,0,0,0,0,685,1
10682,0,0,0,0,0,0,1,4,1,0,0,0
10683,0,0,0,0,0,0,0,0,0,0,2,0
10684,0,0,0,8,1,60,0,0,0,0,0,0
10685,0,0,0,0,0,0,0,0,1,0,0,0
10686,0,0,0,0,0,0,0,0,0,0,0,0
10687,0,0,0,8,1,71,0,0,0,0,0,0
10688,0,0,0,0,2,0,76,488,0,0,0,0
10689,0,0,0,0,0,9,0,0,0,0,0,0
10690,0,0,0,0,0,8,0,0,0,0,0,0
10691,1,140,0,0,0,0,1,0,0,0,0,0
10692,0,0,0,0,0,73,0,0,0,0,0,0
10693,1,12,0,0,0,0,0,0,0,0,0,0
10694,0,1,0,0,0,0,0,0,0,0,0,0
10695,0,2,0,0,0,0,0,0,0,0,0,0
10696,0,0,0,1,0,36,0,0,0,0,0,0
10697,0,0,0,0,0,0,44,4,1,0,0,0
10698,0,0,0,0,0,0,5,1,1,0,0,0
10699,0,34,32,0,0,0,1,0,0,0,0,0
10700,0,0,0,0,0,0,17,0,1,0,0,0
10701,0,1,0,0,0,0,0,0,0,0,0,0
10702,0,0,0,0,0,1,0,0,0,9,1391,1
10703,1,11,3,0,0,0,0,0,0,0,0,0
10704,0,0,0,0,0,0,20,37,1,0,0,0
10705,0,0,0,0,0,0,56,89,1,0,0,0
10706,0,0,0,0,0,1,0,0,0,0,0,0
10707,0,0,0,0,0,0,0,1,0,0,0,0
10708,0,0,0,0,0,0,0,8,0,0,0,0
10709,0,0,0,0,1,2,0,0,0,0,0,0
10710,0,0,0,0,0,0,0,0,0,0,0,0
10711,0,0,0,0,0,42,0,0,0,0,0,0
10712,0,0,0,0,0,0,0,0,0,15,409,1
10713,0,0,0,0,11,1,0,0,0,0,0,0
10714,0,0,0,0,0,0,0,0,0,1,416,2
10715,3,2,21,0,0,0,0,0,0,0,0,0
10716,0,0,0,0,0,0,0,0,0,0,0,0
10717,0,0,0,2,2,116,0,0,0,0,0,0
10718,0,0,0,0,0,0,0,0,0,11,5,0
10719,0,0,0,0,0,0,36,8,0,0,0,0
10720,2,40,41,0,0,0,0,0,0,0,0,0
10721,0,0,0,9,9,44,0,0,0,0,0,0
10722,0,0,0,0,5,140,0,0,0,0,3,0
10723,0,0,0,16,0,30,0,0,0,0,0,0
10724,0,28,0,0,0,0,0,0,0,0,0,0
10725,0,0,0,0,0,1,0,0,0,9,67,0
10726,0,0,0,0,0,1,0,0,0,26,379,0
10727,0,7,0,0,0,0,0,0,0,0,0,0
10728,0,0,0,0,0,1,0,0,0,0,869,0
10729,3,296,1,0,0,0,1,0,0,0,0,0
10730,287,12,1,1,0,0,0,0,0,0,0,0
10731,0,0,0,0,0,0,0,0,0,13,20,0
10732,0,0,0,2,2,122,0,0,0,0,0,0
10733,0,0,0,0,0,0,0,0,0,10,165,0
10734,0,0,0,0,14,11,0,0,0,0,0,0
10735,0,0,0,2,0,8,0,0,0,0,0,0
10736,6,0,1,0,0,0,0,0,0,0,0,0
10737,0,129,4,0,0,0,1,0,0,0,0,0
10738,0,0,0,8,11,133,0,0,0,0,0,0
10739,0,0,0,0,0,0,1,1,0,0,0,0
10740,0,1,0,0,0,0,0,0,0,0,0,0
10741,0,0,1,0,0,39,0,0,0,36,3993,0
10742,0,0,0,4,0,1,0,0,0,0,0,0
10743,0,0,0,0,1,1,0,0,0,0,0,0
10744,0,0,0,0,0,80,0,0,0,0,2,0
10745,0,1,0,0,0,0,0,0,0,0,0,0
10746,0,1,0,0,0,0,0,0,0,0,0,0
10747,0,0,0,0,0,53,0,0,0,0,1989,0
10748,0,0,3,0,0,4,0,0,0,42,295,0
10749,0,0,0,0,0,2,0,0,0,0,0,0
10750,0,0,0,3,2,148,0,0,0,0,0,0
10751,0,0,0,0,0,0,34,5,0,0,0,0
10752,0,0,0,4,1,18,0,0,0,0,0,0
10753,0,0,0,0,0,0,60,511,0,0,0,0
10754,0,0,0,0,0,0,57,34,0,0,0,0
10755,0,0,0,0,0,2,0,0,0,0,654,0
10756,0,0,0,0,2,7,0,0,0,0,0,0
10757,0,3,0,0,0,0,0,0,0,0,0,0
10758,0,0,0,0,0,0,0,0,0,0,0,0
10759,0,0,0,0,1,0,10,108,6,0,0,0
10760,0,2,0,0,0,0,0,0,0,0,0,0
10761,0,483,0,0,0,0,0,0,0,0,0,0
10762,0,0,0,0,0,0,15,7,1,0,0,0
10763,0,0,0,0,0,1,0,0,0,0,0,0
10764,9,19,0,0,0,0,0,0,0,0,0,0
10765,0,0,0,0,0,0,0,0,0,0,338,1
10766,1,0,0,0,0,0,0,0,0,0,0,0
10767,1,4,0,0,0,0,0,0,0,0,0,0
10768,0,0,0,0,0,23,0,0,0,0,0,0
10769,0,0,0,0,0,2,0,0,0,0,0,0
10770,0,39,2,0,0,0,0,0,0,0,0,0
10771,0,0,0,0,0,175,0,0,0,0,0,0
10772,0,0,0,0,0,0,1,1,0,0,0,0
10773,0,0,0,0,0,0,0,0,0,0,0,0
10774,0,12,1,0,0,0,0,0,0,0,0,0
10775,0,0,0,0,0,15,0,0,0,3,1886,0
10776,0,0,2,0,0,0,0,0,0,125,654,0
10777,0,0,0,2,0,33,0,0,0,0,0,0
10778,0,0,0,0,0,0,0,0,0,6,135,0
10779,0,0,0,0,1,0,0,0,0,0,0,0
10780,3,8,0,0,0,0,0,0,0,0,0,0
10781,1,6,0,0,0,0,0,0,0,0,0,0
10782,0,0,0,0,0,0,0,0,0,3,112,0
10783,0,16,0,0,0,0,0,0,0,0,0,0
10784,0,0,0,0,0,0,0,0,0,1,0,0
10785,1,25,0,0,0,0,0,0,0,0,0,0
10786,1,59,0,0,0,0,0,0,0,0,0,0
10787,0,10,0,0,0,0,33,4,0,0,0,0
10788,1,18,6,0,0,0,0,0,0,0,0,0
10789,0,0,0,0,0,5,0,0,0,0,1789,0
10790,0,0,0,0,0,3,0,0,0,12,821,1
10791,5,16,0,0,0,0,0,0,0,0,0,0
10792,0,0,0,1,0,51,0,0,0,0,0,0
10793,0,1,0,0,0,0,126,149,3,0,0,0
10794,0,0,0,0,0,9,0,0,0,0,0,0
10795,0,0,0,7,4,86,0,0,0,0,0,0
10796,0,0,0,0,0,0,3,4,4,0,0,0
10797,1,0,4,0,0,0,0,0,0,0,0,0
10798,1,0,0,0,0,3,0,0,0,277,1219,0
10799,0,22,5,0,0,0,0,0,0,0,0,0
10800,0,0,0,0,8,39,0,0,0,0,0,0
10801,0,1,2,0,0,0,0,0,0,0,0,0
10802,0,0,0,0,0,0,0,0,0,7,151,0
10803,0,0,0,0,0,0,0,0,0,0,0,0
10804,3,43,0,0,0,0,0,0,0,0,0,0
10805,0,0,0,0,0,0,26,0,1,0,0,0
10806,0,0,0,0,0,0,15,0,0,0,0,0
10807,0,8,2,0,0,0,0,0,0,0,0,0
10808,0,0,0,0,0,0,0,0,0,7,9,0
10809,0,0,0,0,0,0,0,0,0,1,100,0
10810,0,0,0,39,15,94,0,0,0,0,0,0
10811,0,0,0,0,0,1,0,0,0,0,30,6
10812,0,0,0,0,1,4,0,0,0,0,0,0
10813,0,0,0,4,14,13,0,0,0,0,0,0
10814,0,0,0,0,4,0,0,0,0,0,0,0
10815,0,0,0,0,0,0,0,0,0,3,235,1
10816,2,0,0,130,2,39,0,0,0,0,0,0
10817,0,0,0,0,0,0,0,0,0,0,0,0
10818,0,0,0,0,0,2,0,0,0,0,168,0
10819,0,0,0,11,1,52,0,0,0,0,0,0
10820,0,0,0,0,0,0,0,0,0,1,5,0
10821,1,1,0,0,0,0,0,0,0,0,0,0
10822,0,10,0,0,0,0,0,0,0,0,0,0
10823,3,33,0,0,0,0,0,0,0,0,0,0
10824,0,0,0,0,0,2,0,0,0,1,219,0
10825,0,0,0,12,1,9,0,0,0,0,0,0
10826,0,0,0,0,0,0,1,1,1,0,0,0
10827,0,0,0,0,0,0,0,0,0,0,0,0
10828,0,107,5,0,0,0,1,0,0,0,0,0
10829,2,54,66,0,0,0,0,0,0,0,0,0
10830,0,0,0,0,0,70,0,0,0,0,0,0
10831,3,0,0,1190,0,93,0,0,0,0,0,0
10832,0,0,0,0,0,0,16,7,1,0,0,0
10833,0,0,0,0,0,2,0,0,0,2,1931,0
10834,0,0,0,0,0,2,0,0,0,9,1588,0
10835,0,0,0,0,0,0,124,32,0,0,0,0
10836,0,0,0,0,1,11,0,0,0,0,1,0
10837,0,0,0,0,2,22,0,0,0,0,0,0
10838,0,0,0,0,13,14,0,0,0,0,0,0
10839,0,0,0,0,0,1,0,0,0,0,0,0
10840,0,54,0,0,0,0,23,0,0,0,0,0
10841,0,0,0,0,0,0,69,14,1,0,0,0
10842,2,156,30,0,0,0,0,0,0,0,0,0
10843,0,0,0,0,5,43,0,0,0,0,0,0
10844,3,60,0,0,0,0,0,0,0,0,0,0
10845,0,0,0,0,1,2,0,0,0,0,0,0
10846,0,0,0,0,0,0,14,214,0,0,0,0
10847,0,0,0,0,0,0,0,0,0,0,0,0
10848,0,0,0,0,0,0,0,1,1,0,0,0
10849,0,0,0,0,0,29,0,0,0,0,0,0
10850,0,0,0,0,0,0,104,6,2,0,0,0
10851,0,0,0,0,0,0,0,0,0,3,177,0
10852,0,0,0,1,11,71,0,0,0,0,0,0
10853,0,0,0,0,1,1,0,0,0,0,0,0
10854,0,0,0,0,0,0,0,0,0,0,63,0
10855,4,42,27,0,0,0,0,0,0,0,0,0
10856,0,0,0,0,1,14,0,0,0,0,0,0
10857,0,0,0,0,0,0,0,0,0,0,0,0
10858,0,11,0,0,0,0,0,0,0,0,0,0
10859,0,0,0,0,0,0,0,0,0,0,0,0
10860,0,5,0,0,0,0,0,0,0,0,0,0
10861,0,95,0,0,0,0,1,0,0,0,0,0
10862,0,2,0,0,0,0,5,3,2,0,0,0
10863,15,21,28,0,0,0,0,0,0,0,0,0
10864,0,54,36,0,0,0,0,0,0,2,0,0
10865,0,0,0,0,3,22,0,0,0,0,0,0
10866,0,0,0,0,0,2,0,0,0,0,0,0
10867,0,11,0,0,0,0,0,0,0,0,0,0
10868,0,0,0,0,0,1,0,0,0,13,584,1
10869,0,0,0,0,0,1,0,0,0,0,0,0
10870,0,1,0,0,17,0,85,5510,34,0,0,0
10871,0,0,0,0,0,0,0,0,0,37,1,0
10872,60,15,0,0,0,0,0,0,0,0,0,0
10873,0,33,25,0,0,0,0,0,0,0,0,0
10874,11,378,2,0,0,0,1,1,0,0,0,0
10875,0,315,9,0,0,0,0,0,0,0,0,0
10876,0,0,0,0,0,71,0,0,0,0,0,0
10877,0,0,0,0,0,0,23,0,0,0,0,0
10878,0,0,0,0,0,0,1,2,0,0,0,0
10879,0,0,0,0,0,36,0,0,0,0,0,0
10880,17,70,113,0,0,0,0,0,0,0,0,0
10881,0,0,0,0,1,92,0,0,0,0,1,0
10882,0,0,0,0,0,0,18,55,6,0,0,0
10883,2,18,2,0,0,0,1,0,0,0,0,0
10884,0,78,51,0,0,0,0,0,0,0,0,0
10885,0,0,0,4,2,48,0,0,0,0,0,0
10886,0,2,0,0,0,0,208,0,0,0,0,0
10887,0,1,0,0,0,0,22,3,0,0,0,0
10888,2,10,18,0,0,0,0,0,0,0,0,0
10889,0,0,0,0,0,0,0,0,0,9,276,0
10890,0,0,0,0,0,0,37,2,0,0,0,0
10891,0,0,0,0,0,29,0,0,0,0,0,0
10892,1,15,0,0,0,0,0,0,0,0,0,0
10893,0,0,0,0,0,2,0,0,0,13,94,0
10894,0,0,0,0,0,0,0,0,0,2,92,2
10895,0,69,0,0,0,0,0,0,0,0,0,0
10896,0,0,0,0,1,3,0,0,0,0,0,0
10897,20,3,0,0,0,0,0,0,0,0,0,0
10898,0,0,0,0,13,18,0,0,0,0,0,0
10899,0,0,0,0,0,0,0,0,0,0,0,0
10900,0,0,0,0,0,0,17,2,0,0,0,0
10901,0,0,0,0,0,0,171,17,94,0,0,0
10902,0,0,0,0,0,0,24,0,1,0,0,0
10903,0,0,0,0,0,18,0,0,0,0,0,0
10904,57,128,0,1,0,0,0,0,0,0,0,0
10905,0,0,0,0,0,0,5,24,1,0,0,0
10906,0,0,0,0,0,9,0,0,0,0,1,0
10907,0,0,0,0,0,0,23,4,2,0,0,0
10908,0,0,0,0,0,1,0,0,0,6,204,1
10909,0,0,0,1,1,12,0,0,0,0,0,0
10910,0,0,0,3,0,16,0,0,0,0,0,0
10911,0,0,0,0,0,0,0,0,0,0,0,0
10912,0,83,0,0,0,0,0,0,0,0,0,0
10913,0,0,0,2,2,24,0,0,0,0,0,0
10914,0,0,0,0,0,3,0,0,0,0,0,0
10915,0,41,0,0,0,0,0,0,0,0,0,0
10916,0,0,0,0,0,0,1,0,1,0,0,0
10917,1,1,0,0,0,0,0,0,0,0,0,0
10918,4,37,6,0,0,0,0,0,0,0,0,0
10919,0,0,0,0,0,0,0,1,0,0,0,0
10920,0,0,0,0,0,0,0,0,0,0,0,0
10921,0,0,0,0,0,101,0,0,0,0,1,0
10922,0,0,0,0,0,0,0,1,0,0,0,0
10923,0,0,0,0,0,0,0,0,0,0,0,0
10924,0,64,0,0,0,0,0,0,0,0,0,0
10925,0,0,0,2,0,1,0,0,0,0,0,0
10926,0,0,0,0,0,0,0,0,0,0,0,0
10927,0,0,0,0,0,23,0,0,0,0,0,0
10928,1,8,0,0,0,0,0,0,0,0,0,0
10929,0,0,0,0,0,0,0,0,0,0,1,0
10930,0,26,0,0,0,0,0,0,0,0,0,0
10931,0,0,0,0,0,0,0,0,0,2,73,1
10932,0,0,0,0,0,0,0,0,0,0,0,0
10933,0,0,0,3,3,47,0,0,0,0,0,0
10934,0,0,0,1,0,6,0,0,0,0,0,0
10935,0,0,0,0,0,2,0,0,0,0,0,0
10936,0,0,0,0,0,14,0,0,0,0,0,0
10937,0,0,0,0,0,0,1,1,0,0,0,0
10938,0,0,0,0,0,0,0,0,0,0,0,0
10939,0,0,0,0,0,49,0,0,0,0,0,0
10940,0,3,0,0,0,0,127,0,0,0,0,0
10941,0,0,0,0,0,3,0,0,0,0,0,0
10942,0,0,0,0,5,10,0,1,0,0,0,0
10943,0,0,0,0,0,0,221,2,0,0,0,0
10944,0,0,0,0,0,2,0,0,0,0,0,0
10945,0,0,0,0,0,31,0,0,0,0,5,0
10946,0,17,1,0,0,0,1,0,0,0,0,0
10947,0,0,0,0,0,0,37,2,1,0,0,0
10948,0,824,24,0,0,0,4,0,0,0,0,0
10949,0,0,0,0,0,0,0,0,0,0,0,0
10950,0,0,0,0,0,0,0,0,0,0,0,0
10951,0,16,0,0,0,0,0,0,0,0,0,0
10952,0,0,0,8,0,0,0,0,0,0,0,0
10953,0,0,0,0,0,0,0,0,2,0,0,0
10954,0,0,0,0,0,53,0,0,0,0,8551,0
10955,0,0,0,4,43,6,0,0,0,0,0,0
10956,0,0,0,0,0,0,0,0,0,0,94,0
10957,1,47,1,0,0,0,0,0,0,0,0,0
10958,0,0,0,0,0,0,3,6,0,0,0,0
10959,0,0,0,0,0,0,1,1,0,0,0,0
10960,0,0,0,0,0,52,0,0,0,0,0,0
10961,0,0,0,0,0,0,127,3,0,0,0,0
10962,0,0,0,0,0,0,0,0,0,0,0,0
10963,0,0,0,1,0,31,0,0,0,0,0,0
10964,0,4,0,0,0,0,0,0,0,0,0,0
10965,0,0,0,0,0,0,0,0,0,1,144,0
10966,0,0,0,0,22,79,0,0,0,0,0,0
10967,0,0,0,0,0,8,0,0,0,0,0,0
10968,0,0,0,0,3,1,0,0,0,0,0,0
10969,0,0,0,0,0,3,0,0,0,3,1959,0
10970,0,0,0,0,0,0,0,0,0,2,1,0
10971,0,0,2,0,0,0,0,0,0,0,0,0
10972,1,27,5,0,0,0,0,0,0,0,0,0
10973,3,31,0,0,0,0,0,0,0,0,0,0
10974,0,2,0,0,0,0,284,1,0,0,0,0
10975,0,0,0,0,0,27,0,0,0,0,0,0
10976,0,0,0,0,0,0,28,28,0,0,0,0
10977,1,0,0,0,0,4,0,0,0,6,1342,0
10978,441,46,3,1,0,0,0,0,0,0,0,0
10979,0,0,0,0,0,0,23,18,0,0,0,0
10980,0,0,0,1,0,7,0,0,0,0,0,0
10981,0,0,0,0,0,0,24,289,3,0,0,0
10982,0,342,9,0,0,0,1,0,0,0,0,0
10983,0,2509,1,0,0,0,65,0,0,0,0,0
10984,0,27,3,0,0,0,0,0,0,0,0,0
10985,0,57,9,0,0,0,0,0,0,0,0,0
10986,0,0,0,0,0,0,45,32,1,0,0,0
10987,2,8,8,1,0,0,0,0,0,0,0,0
10988,0,13,0,0,0,0,0,0,0,0,0,0
10989,0,0,0,0,0,0,0,0,0,3,37,0
10990,17,33,6,0,0,0,0,0,0,0,0,0
10991,2,28,5,0,0,0,0,0,0,0,0,0
10992,0,0,0,0,0,117,0,0,0,0,0,0
10993,0,0,0,0,0,1,0,0,0,12,368,0
10994,0,14,1,0,0,0,0,0,0,0,0,0
10995,0,36,3,0,0,0,0,0,0,0,0,0
10996,0,0,0,0,0,0,74,611,2,0,0,0
10997,0,0,0,0,0,0,199,9,0,0,0,0
10998,0,0,0,0,0,0,16,9,1,0,0,0
10999,0,0,0,27,0,64,0,0,0,0,0,0
11000,3,17,0,0,0,0,0,0,0,0,0,0
11001,0,0,0,0,0,1,0,0,0,2,610,0
11002,1,34,6,0,0,0,0,0,0,0,0,0
11003,0,0,0,0,0,2,0,0,0,13,544,2
11004,1,2,0,0,0,0,0,0,0,0,0,0
11005,0,0,114,0,0,3,0,0,0,3211,87,2
11006,0,0,0,0,0,0,0,0,0,0,31,1
11007,1,0,0,0,0,0,0,0,0,0,0,0
11008,0,0,0,0,0,8,0,0,0,14,944,0
11009,0,0,0,0,0,1,0,0,0,0,0,0
11010,0,0,0,0,0,0,0,2,0,0,0,0
11011,0,0,0,0,0,0,0,6,0,0,0,0
11012,0,0,0,0,0,10,0,0,0,0,0,0
11013,0,0,0,0,1,1,0,0,0,0,0,0
11014,0,1,0,0,0,0,33,9,0,0,0,0
11015,0,0,0,0,1,47,0,0,0,0,4,0
11016,0,0,0,0,0,1,0,0,0,0,0,0
11017,0,50,0,0,0,0,1,0,0,0,0,0
11018,0,0,0,0,0,0,0,0,0,1,2,0
11019,0,0,0,0,0,2,0,0,0,0,0,0
11020,0,0,0,0,0,2,0,0,0,71,2491,8
11021,0,2,0,0,0,0,0,0,0,0,0,0
11022,0,0,0,0,0,0,0,0,0,0,38,0
11023,2,44,0,0,0,0,0,0,0,0,0,0
11024,0,9,4,0,0,0,0,0,0,0,0,0
11025,0,0,0,4,6,46,0,0,0,0,0,0
11026,0,0,0,1,2,64,0,0,0,0,0,0
11027,0,0,0,1,0,3,0,0,0,0,0,0
11028,0,0,0,0,0,31,0,0,0,0,0,0
11029,0,0,0,0,0,0,38,146,2,0,0,0
11030,0,12,0,0,0,0,0,0,0,0,0,0
11031,0,0,0,0,0,0,0,0,0,0,31,0
11032,0,0,0,16,41,17,0,0,0,0,0,0
11033,0,0,0,1,5,0,0,0,0,0,0,0
11034,0,0,0,0,0,0,0,0,0,1,7,0
11035,0,30,1,0,0,0,0,0,0,0,0,0
11036,0,0,0,0,0,0,0,0,0,14,121,0
11037,0,0,0,1,1,7,0,0,0,0,0,0
11038,0,0,0,1,3,23,0,0,0,0,0,0
11039,0,0,0,0,2,58,0,0,0,0,0,0
11040,0,0,0,0,0,1,0,0,0,0,0,0
11041,14,21,0,0,0,0,0,0,0,0,0,0
11042,35,0,0,0,1,0,308,253,0,0,0,0
11043,0,0,0,0,1,3,0,0,0,0,0,0
11044,0,0,0,0,1,12,0,0,0,0,0,0
11045,0,0,0,1,0,6,0,0,0,0,0,0
11046,0,0,0,0,0,51,0,0,0,0,0,0
11047,1,7,0,0,0,0,0,0,0,0,0,0
11048,0,0,0,0,2,0,33,22,0,0,0,0
11049,0,0,0,0,1243,50,0,8,0,0,0,0
11050,0,0,0,0,0,5,0,0,0,7,377,3
11051,0,0,0,0,0,0,0,0,0,2,4,5
11052,3,23,0,0,0,0,0,0,0,0,0,0
11053,0,0,0,0,0,0,18,23,0,0,0,0
11054,0,5,2,0,0,0,0,0,0,0,0,0
11055,0,0,0,0,0,0,4,9,0,0,0,0
11056,0,0,0,0,0,13,0,0,0,0,0,0
11057,0,6,0,0,0,0,0,0,0,0,0,0
11058,0,0,0,0,0,0,0,0,0,1,191,1
11059,0,0,0,3,3,24,0,0,0,0,0,0
11060,0,0,0,0,0,0,0,0,0,1,1,1
11061,0,12,0,0,0,0,0,0,0,0,0,0
11062,1,53,21,0,0,0,2,0,0,0,0,0
11063,0,0,0,0,0,0,0,0,0,0,0,0
11064,0,0,0,0,0,0,1,11,0,0,0,0
11065,0,0,0,0,0,0,0,13,2,0,0,0
11066,0,0,0,1,0,50,0,0,0,0,2,0
11067,0,0,0,0,0,0,0,0,0,2,33,1
11068,0,0,0,2,4,19,0,1,0,0,0,0
11069,0,0,0,1,26,50,0,0,0,0,0,0
11070,0,0,0,0,2,0,0,0,0,0,0,0
11071,0,0,0,0,0,0,92,31,98,0,0,0
11072,0,0,0,0,0,1,0,0,0,0,0,0
11073,0,0,0,0,0,3,0,0,0,0,0,0
11074,0,0,0,0,0,0,0,0,0,0,0,0
11075,0,0,0,20,1,267,0,0,0,0,1,0
11076,0,0,0,0,0,46,0,0,0,0,0,0
11077,0,0,0,0,7,36,0,0,0,0,0,0
11078,0,0,0,3,4,93,0,0,0,0,1,0
11079,0,0,0,3,1,1,0,0,0,0,0,0
11080,0,0,0,0,4,20,0,0,0,0,0,0
11081,0,0,0,9,5,8,0,0,0,0,0,0
11082,0,0,0,0,0,3,0,0,0,0,0,0
11083,0,0,0,0,0,0,0,0,0,0,0,0
11084,0,0,0,0,0,8,0,0,0,0,0,0
11085,191,29,2,1,0,0,0,0,0,0,0,0
11086,0,0,0,0,0,25,0,0,0,0,0,0
11087,0,2,0,0,0,0,255,0,16,0,0,0
11088,1,15,5,0,0,0,0,0,0,0,0,0
11089,2,6,143,0,0,0,0,0,0,1,0,0
11090,6,4,10,0,0,0,1,0,0,0,0,0
11091,1,26,1,0,0,0,0,0,0,0,0,0
11092,0,0,0,7,0,56,0,0,0,0,0,0
11093,0,0,0,0,0,0,8,4,4,0,0,0
11094,0,0,0,0,0,2,0,0,0,0,407,0
11095,0,0,0,0,0,1,0,0,0,33,488,6
11096,0,0,0,0,2,11,0,0,0,0,0,0
11097,0,0,0,0,0,2,0,0,0,0,0,0
11098,0,0,0,0,1,15,0,0,0,0,0,0
11099,0,0,0,0,0,5,0,0,0,0,0,0
11100,0,0,0,0,0,16,0,0,0,0,0,0
11101,0,8,1,0,0,0,0,0,0,0,0,0
11102,0,0,0,0,0,0,0,0,0,10,205,0
11103,0,0,0,0,0,0,0,0,0,19,233,1
11104,0,0,0,8,4,15,0,0,0,0,0,0
11105,0,0,0,0,8,29,0,0,0,0,0,0
11106,0,0,0,0,0,8,0,0,0,0,0,0
11107,0,0,0,9,0,18,0,0,0,0,0,0
11108,0,0,0,0,0,0,9,115,1,0,0,0
11109,0,0,0,0,0,321,0,0,0,0,2272,1
11110,0,0,0,1,2,32,0,0,0,0,0,0
11111,1,36,5,0,0,0,0,0,0,0,0,0
11112,0,0,0,0,0,91,0,0,0,0,2,0
11113,0,0,0,0,0,0,49,54,0,0,0,0
11114,0,0,0,0,0,0,146,16,0,0,0,0
11115,0,0,0,0,0,0,2,7,0,0,0,0
11116,0,0,0,0,1,3,0,0,0,0,0,0
11117,4,8423,0,0,0,0,86,0,0,0,0,0
11118,0,0,0,1,0,19,0,0,0,0,0,0
11119,0,0,0,0,0,11,0,0,0,0,0,0
11120,0,58,0,0,0,0,0,0,0,0,0,0
11121,0,0,0,0,1,25,0,0,0,0,0,0
11122,0,0,0,40,3,8,0,0,0,0,0,0
11123,0,0,0,0,0,0,37,13,0,0,0,0
11124,0,0,0,0,0,2,0,0,0,1,1130,0
11125,0,0,0,3,3,14,0,0,0,0,0,0
11126,0,12,0,0,0,0,0,0,0,0,0,0
11127,0,0,0,1,0,22,0,0,0,0,0,0
11128,0,0,0,0,0,0,51,33,3,0,0,0
11129,0,0,0,0,3,2,0,0,0,0,0,0
11130,0,0,0,0,0,0,0,0,0,0,8,2
11131,0,0,0,5,0,15,0,0,0,0,0,0
11132,0,0,0,0,17,0,7,2701,0,0,0,0
11133,0,0,0,0,0,0,0,0,0,0,13,0
11134,0,0,0,0,8,43,0,0,0,0,0,0
11135,0,0,0,1,2,14,0,0,0,0,0,0
11136,0,0,0,0,5,6,0,0,0,0,0,0
11137,0,0,0,15,10,13,0,0,0,0,0,0
11138,0,0,0,0,0,0,26,40,1,0,0,0
11139,0,0,0,0,0,0,0,0,0,1,239,0
11140,40,30,9,0,0,0,0,0,0,0,0,0
11141,0,12,0,0,0,0,0,0,0,0,0,0
11142,0,0,0,0,0,11,0,0,0,0,0,0
11143,0,0,0,0,0,0,12,10,1,0,0,0
11144,1,298,11,0,0,0,0,0,0,0,0,0
11145,0,0,0,0,0,11,0,0,0,0,0,0
11146,0,0,0,0,1,0,25,245,11,0,0,0
11147,0,0,0,1,2,3,0,0,0,0,0,0
11148,0,0,0,0,19,2,0,0,0,0,0,0
11149,0,0,0,1,0,18,0,0,0,0,0,0
11150,0,0,0,0,0,0,37,2,0,0,0,0
11151,0,0,0,1,0,1,0,0,0,0,0,0
11152,0,0,0,0,0,5,0,0,0,7,821,1
11153,0,2,0,0,0,0,0,0,0,0,0,0
11154,0,11,0,0,0,0,0,0,0,0,0,0
11155,0,20,13,0,0,0,0,0,0,0,0,0
11156,0,0,0,0,0,0,0,0,0,1,2,1
11157,1,2,0,0,0,0,0,0,0,0,0,0
11158,0,0,0,0,3,34,0,0,0,0,0,0
11159,0,2,0,0,0,0,0,0,0,0,0,0
11160,0,135,1,0,0,0,10,0,0,0,0,0
11161,0,0,0,0,0,0,48,18,2,0,0,0
11162,0,0,0,0,0,0,0,0,0,1,5,1
11163,1,1,0,0,0,0,0,0,0,0,0,0
11164,0,0,0,0,5,10,0,0,0,0,0,0
11165,0,0,0,0,0,0,0,6,0,0,0,0
11166,0,0,0,0,0,0,0,0,0,0,5,0
11167,6,47,1,0,0,0,0,0,0,0,0,0
11168,0,0,0,0,1,10,0,0,0,0,0,0
11169,0,0,0,2,0,1,0,0,0,0,0,0
11170,0,0,0,0,6,27,0,0,0,0,0,0
11171,0,0,0,0,0,0,0,0,0,9,89,0
11172,0,0,0,0,0,1,0,0,0,0,0,0
11173,0,0,0,0,0,4,0,0,0,22,953,0
11174,0,0,0,2,0,1,0,0,0,0,0,0
11175,0,0,0,0,0,0,0,1,2,0,0,0
11176,0,0,0,0,0,38,0,0,0,0,0,0
11177,0,0,0,0,0,4,0,0,0,0,0,0
11178,0,0,0,0,0,0,0,0,0,0,0,0
11179,0,0,0,0,0,0,42,2,0,0,0,0
11180,0,0,0,0,3,1,0,0,0,0,0,0
11181,0,0,0,1,1,0,0,0,0,0,0,0
11182,0,0,0,0,0,42,0,0,0,0,0,0
11183,0,0,0,0,3,6,0,0,0,0,0,0
11184,0,0,0,0,0,2,0,0,0,0,0,0
11185,0,0,0,0,0,0,27,3,44,0,0,0
11186,0,0,0,0,2,14,0,0,0,0,0,0
11187,0,0,0,0,0,25,0,0,0,0,0,0
11188,1,91,1,0,0,0,0,0,0,0,0,0
11189,0,0,0,0,0,0,0,0,0,0,3,0
11190,0,0,0,0,0,0,0,0,0,0,2,0
11191,0,0,0,2,12,48,0,0,0,0,0,0
11192,0,0,0,1,6,60,0,0,0,0,0,0
11193,0,0,0,0,0,0,0,0,0,0,50,0
11194,0,0,0,17,3,17,0,0,0,0,0,0
11195,0,0,0,0,0,17,0,0,0,57,1309,0
11196,0,0,0,0,0,2,0,0,0,0,0,0
11197,0,0,0,15,1,14,0,0,0,0,0,0
11198,0,0,0,0,0,0,49,4,0,0,0,0
11199,0,0,0,0,0,0,0,0,0,2,168,1
11200,0,0,0,0,0,2,0,0,0,6,772,2
11201,0,63563,0,0,0,0,97,1,0,0,0,0
11202,0,0,0,0,0,0,0,0,0,31,68,0
11203,0,0,0,26,5,54,0,0,0,0,0,0
11204,0,0,0,0,0,0,68,40,1,0,0,0
11205,0,0,0,0,2,11,0,0,0,0,0,0
11206,0,32,2,0,0,0,0,0,0,0,0,0
11207,0,0,0,0,0,0,21,9,0,0,0,0
11208,0,0,0,0,0,4,0,0,0,0,308,0
11209,0,0,0,4,8,20,0,0,0,0,0,0
11210,0,0,0,0,0,14,0,0,0,0,0,0
11211,1,70,0,0,0,0,0,0,0,0,0,0
11212,0,0,0,0,0,54,0,0,0,0,0,0
11213,0,0,0,0,0,70,0,0,0,0,0,0
11214,0,0,0,1,1,3,0,0,0,0,0,0
11215,0,0,0,1,0,9,0,0,0,0,0,0
11216,0,11,0,0,0,0,0,0,0,0,0,0
11217,0,171,1,0,0,0,0,0,0,0,0,0
11218,0,0,0,1,0,21,0,0,0,0,0,0
11219,1,35,0,0,0,0,0,0,0,0,0,0
11220,0,0,0,0,0,32,0,0,0,0,0,0
11221,0,0,0,0,0,0,30,101,3,0,0,0
11222,0,0,0,0,7,0,64,833,1,0,0,0
11223,0,0,0,0,0,13,0,0,0,0,0,0
11224,0,0,0,0,0,3,0,0,0,8,932,0
11225,0,0,0,0,0,17,0,0,0,0,0,0
11226,0,1,1,0,0,0,0,0,0,0,0,0
11227,0,0,0,0,0,61,0,0,0,0,0,0
11228,1,9,0,0,0,0,0,0,0,0,0,0
11229,0,0,0,0,0,0,0,0,0,0,0,0
11230,0,0,0,0,6,0,58,2169,1,0,0,0
11231,0,0,0,0,0,0,0,0,0,0,2,0
11232,0,0,0,0,0,0,0,0,0,0,1,0
11233,0,0,0,8,5,26,0,0,0,0,0,0
11234,0,0,0,0,0,0,8,1,1,0,0,0
11235,0,0,0,0,0,0,0,0,0,14,304,0
11236,0,0,0,89,0,19,0,0,0,0,0,0
11237,0,11,0,0,0,0,0,0,0,0,0,0
11238,0,2,0,0,0,0,25,6,1,0,0,0
11239,0,0,0,0,0,304,0,0,0,0,12,0
11240,0,0,0,0,2,0,0,0,0,0,0,0
11241,0,0,0,0,0,0,0,3,0,0,0,0
11242,0,0,0,0,0,0,1,1,0,0,0,0
11243,0,0,0,0,0,0,62,230,2,0,0,0
11244,0,0,0,0,0,13,0,0,0,0,0,0
11245,0,2,0,0,0,0,100,53,0,0,0,0
11246,156,110,22,0,0,0,1,0,0,0,0,0
11247,0,0,0,0,1,16,0,0,0,0,0,0
11248,0,0,0,0,0,0,56,8,0,0,0,0
11249,0,0,0,0,0,0,0,0,0,2,99,0
11250,0,0,0,0,0,0,201,6,0,0,0,0
11251,0,0,0,0,1,12,0,0,0,0,0,0
11252,3,88,0,0,0,0,0,0,0,0,0,0
11253,0,0,0,0,0,1,0,0,0,0,0,0
11254,0,0,0,0,0,19,0,0,0,0,0,0
11255,0,21,0,0,0,0,0,0,0,0,0,0
11256,0,0,0,2,0,0,0,0,0,0,0,0
11257,0,0,0,0,0,0,25,3,0,0,0,0
11258,1,25,1,0,0,0,0,0,0,0,0,0
11259,0,0,0,0,0,3,0,0,0,2,54,1
11260,4,43,1,0,0,0,0,0,0,0,0,0
11261,0,0,0,0,0,2,0,0,0,0,0,0
11262,0,0,0,0,0,0,1,3,0,0,0,0
11263,0,0,0,0,0,0,1,3,1,0,0,0
11264,0,0,0,0,0,23,0,0,0,0,0,0
11265,0,0,0,0,0,2,0,0,0,0,0,0
11266,0,1,0,0,0,0,127,496,2,0,0,0
11267,0,0,0,0,0,0,26,28,1,0,0,0
11268,0,30,2,0,0,0,0,0,0,0,0,0
11269,0,0,0,0,2,75,0,0,0,0,0,0
11270,7,37,0,0,0,0,0,0,0,0,0,0
11271,0,0,0,0,0,6,0,0,0,0,0,0
11272,0,0,0,0,1,0,17,78,17,0,0,0
11273,0,0,0,0,0,0,26,103,0,0,0,0
11274,0,0,0,1,0,14,0,0,0,0,0,0
11275,0,0,0,4,2,47,0,0,0,0,0,0
11276,0,0,0,0,0,0,18,4,0,0,0,0
11277,1,43,0,0,0,0,0,0,0,0,0,0
11278,0,0,0,0,2,227,0,0,0,0,4,0
11279,0,40,8,0,0,0,0,0,0,0,0,0
11280,0,0,0,0,0,0,0,0,0,9,69,0
11281,0,0,0,5,0,8,0,0,0,0,0,0
11282,1,21,0,0,0,0,7,0,0,0,0,0
11283,0,0,0,0,0,0,24,0,1,0,0,0
11284,0,0,0,0,8,7,0,0,0,0,0,0
11285,0,0,0,0,4,8,0,0,0,0,0,0
11286,0,0,0,0,0,0,0,0,0,0,0,0
11287,0,0,0,0,0,0,21,16,1,0,0,0
11288,184,0,0,3719,8,12,0,0,0,0,0,0
11289,0,0,194,0,0,0,0,0,0,210,124,0
11290,0,0,0,7,26,34,0,8,0,0,0,0
11291,0,821,0,0,1,0,10068,10,19,3,0,0
11292,0,0,0,0,8,0,4,24,0,0,0,0
11293,8,0,0,10,3,15,0,0,0,0,0,0
11294,8,0,0,10,5,10,0,0,0,0,0,0
11295,8,0,0,10,17,10,0,0,0,0,0,0
11296,0,3,0,14,17169,4,0,1157,0,0,0,0
11297,1,5,0,0,0,0,1,0,0,0,0,0
11298,0,73,3,0,0,0,0,0,0,0,0,0
11299,0,0,0,0,1,0,31,87,2,0,0,0
11300,0,0,0,0,0,17,0,0,0,11,744,0
11301,0,0,0,2,0,117,0,0,0,0,111,0
11302,1,21,2,0,0,0,0,0,0,0,0,0
11303,0,5,11,0,0,0,0,0,0,0,0,0
11304,0,54,0,0,0,0,0,0,0,0,0,0
11305,5,29,1,0,0,0,0,0,0,0,0,0
11306,0,0,0,0,0,0,37,27,1,0,0,0
11307,1,6,1,0,0,0,2,0,0,0,0,0
11308,0,0,0,0,0,0,0,0,0,68,220,0
11309,0,0,0,1,1,0,0,0,0,0,0,0
11310,0,0,0,0,0,0,23,27,1,0,0,0
11311,0,0,0,2,1,13,0,0,0,0,0,0
11312,0,1,0,0,0,0,276,2,0,0,0,0
11313,0,0,0,0,4,22,0,0,0,0,0,0
11314,0,0,0,1,8,16,0,0,0,0,0,0
11315,0,33,0,0,0,0,0,0,0,0,0,0
11316,0,0,0,0,0,7,0,0,0,0,0,0
11317,0,0,0,0,0,0,9,13,1,0,0,0
11318,0,0,0,0,0,5,0,0,0,0,0,0
11319,0,61,0,0,0,0,0,0,0,0,0,0
11320,0,0,0,0,0,70,0,0,0,0,0,0
11321,0,0,0,0,0,0,26,1,0,0,0,0
11322,0,0,0,0,0,0,0,0,0,0,141,0
11323,5,44,1,0,0,0,0,0,0,0,0,0
11324,0,0,0,0,9,13,0,0,0,0,0,0
11325,0,0,0,0,0,21,0,0,0,0,892,0
11326,35,55,5,0,0,0,0,0,0,0,0,0
11327,0,0,0,0,1,0,26,29,1,0,0,0
11328,0,0,0,0,0,4,0,0,0,0,177,0
11329,0,0,0,0,6,11,0,0,0,0,0,0
11330,0,0,0,0,0,0,86,71,0,0,0,0
11331,0,0,0,0,4,0,0,0,0,0,0,0
11332,10,62736,0,0,0,0,139,118,0,0,0,0
11333,0,0,0,0,0,0,16,141,2,0,0,0
11334,0,0,0,0,0,24,0,0,0,0,0,0
11335,0,0,0,0,1,0,43,888,17,0,0,0
11336,0,0,0,0,1,10,0,0,0,0,0,0
11337,0,0,0,0,0,944,0,0,0,0,24,0
11338,0,13,0,0,0,0,0,0,0,0,0,0
11339,0,0,0,0,0,0,0,0,0,6,335,1
11340,0,0,0,1,0,0,0,0,0,0,0,0
11341,1,5,2,0,0,0,0,0,0,0,0,0
11342,1,16,7,0,0,0,0,0,0,0,0,0
11343,0,0,0,0,18,95,0,0,0,0,0,0
11344,0,0,0,0,0,0,0,0,0,5,291,8
11345,0,0,0,0,0,0,0,0,0,6,1124,0
11346,0,0,0,0,0,1,0,0,0,0,0,0
11347,0,0,0,2,0,21,0,0,0,0,0,0
11348,0,85,0,0,0,0,0,0,0,0,0,0
11349,0,0,0,0,0,25,0,0,0,0,0,0
11350,0,0,0,0,0,0,17,53,2,0,0,0
11351,0,21,0,0,0,0,0,0,0,0,0,0
11352,0,0,0,0,0,0,0,0,0,0,15,0
11353,3,32,5,0,0,0,0,0,0,0,0,0
11354,0,0,0,0,0,0,10,3,0,0,0,0
11355,0,0,0,0,0,0,0,0,0,1,909,6
11356,32,57,0,0,0,0,0,0,0,0,0,0
11357,1,2,4,0,0,0,0,0,0,0,0,0
11358,0,0,0,0,0,0,17,1,0,0,0,0
11359,0,6,0,0,0,0,0,0,0,0,0,0
11360,0,1,0,0,0,0,0,0,0,0,0,0
11361,0,0,0,0,0,0,0,0,0,2,6,0
11362,0,0,0,3,2,23,0,0,0,0,0,0
11363,0,0,0,0,0,0,0,1,0,0,0,0
11364,0,0,0,0,0,2,0,0,0,0,0,0
11365,0,0,0,0,4,0,109,1232,4,0,0,0
11366,0,0,0,0,57,0,0,1,0,0,0,0
11367,57,1,0,2,0,0,0,0,0,0,0,0
11368,0,0,0,0,0,17,0,0,0,0,0,0
11369,0,0,0,0,0,0,0,2,0,0,0,0
11370,0,0,1,0,0,0,0,0,0,0,0,0
11371,0,0,0,0,0,50,0,0,0,0,0,0
11372,0,0,0,0,2,0,4,56,3,0,0,0
11373,1,0,1,0,0,0,0,0,0,0,0,0
11374,0,0,0,0,1,45,0,0,0,0,0,0
11375,0,4,0,0,0,0,231,17,0,0,0,0
11376,0,0,0,0,0,0,1,10,0,0,0,0
11377,0,0,0,4,0,39,0,0,0,0,0,0
11378,0,0,0,0,0,0,18,0,1,0,0,0
11379,0,0,0,0,0,94,0,0,0,1,1917,1
11380,0,0,0,1,0,10,0,0,0,0,0,0
11381,0,1,0,0,0,0,0,0,0,0,0,0
11382,0,0,0,0,0,0,0,0,0,0,0,0
11383,0,5,0,0,0,0,71,1,0,0,0,0
11384,0,0,12,0,0,0,0,0,0,0,0,0
11385,0,0,0,0,0,0,0,0,1,0,0,0
11386,0,38,0,0,0,0,0,0,0,0,0,0
11387,0,0,0,0,1,0,12,27,1,0,0,0
11388,0,0,0,0,1,2,0,0,0,0,0,0
11389,0,0,0,0,0,0,32,35,1,0,0,0
11390,0,0,0,0,0,0,0,0,0,0,0,0
11391,0,0,0,0,0,0,0,0,0,0,0,0
11392,0,0,0,0,0,0,0,0,0,0,0,0
11393,0,0,0,0,0,0,0,0,0,0,0,0
11394,0,0,0,0,0,1,0,0,0,0,45,0
11395,0,9,17,0,0,0,0,0,0,0,0,0
11396,0,0,0,0,0,15,0,0,0,109,3389,26
11397,0,0,0,1,0,0,0,0,0,0,0,0
11398,0,0,0,0,1,20,0,0,0,0,0,0
11399,0,158,0,0,0,0,0,0,0,0,0,0
11400,0,0,0,0,0,2,0,0,0,0,0,0
11401,0,0,0,0,4,0,13,1422,27,0,0,0
11402,0,0,0,0,0,0,0,0,0,0,0,0
11403,1,7,2,0,0,0,0,0,0,0,0,0
11404,0,0,0,0,0,36,0,0,0,0,0,0
11405,0,0,0,0,0,0,44,4,1,0,0,0
11406,0,0,0,0,0,4,0,0,0,0,0,0
11407,0,0,0,0,0,1,0,0,0,6,204,1
11408,0,0,0,1,10,25,0,0,0,0,0,0
11409,0,0,0,0,0,10,0,0,0,0,0,0
11410,0,9,0,0,0,0,185,20,9,0,0,0
11411,0,60,0,0,0,0,0,0,0,0,0,0
11412,0,0,0,0,0,1,0,0,0,0,140,0
11413,1,62,0,0,0,0,1,0,0,0,0,0
11414,0,0,0,0,0,0,0,0,0,9,63,0
11415,0,0,0,0,0,1,0,0,0,0,0,0
11416,0,0,0,0,0,0,0,0,0,15,547,1
11417,0,0,0,0,16,0,106,5136,3,0,0,0
11418,0,0,0,0,6,11023,0,0,0,0,4329,0
11419,0,0,0,0,1,7,0,0,0,0,0,0
11420,0,0,0,0,0,1,0,0,0,0,0,0
11421,0,9,0,0,0,0,0,0,0,0,0,0
11422,0,0,0,0,0,166,0,0,0,0,29,0
11423,0,0,0,0,0,0,0,0,0,0,0,0
11424,2,11,2,0,0,0,0,0,0,0,0,0
11425,1,12,6,0,0,0,0,0,0,0,0,0
11426,0,0,0,0,1,0,10,70,3,0,0,0
11427,0,0,0,1,0,4,0,0,0,0,0,0
11428,0,0,0,25,4,15,0,0,0,0,0,0
11429,0,0,0,0,0,1,0,0,0,0,0,0
11430,1,345,3,0,0,0,3,0,0,0,0,0
11431,0,0,0,0,0,17,0,0,0,0,0,0
11432,0,0,0,0,0,4,0,0,0,0,0,0
11433,0,26,0,0,0,0,0,0,0,0,0,0
11434,0,0,0,0,0,34,0,0,0,0,0,0
11435,0,0,0,0,0,0,0,0,1,0,0,0
11436,0,0,0,0,0,0,3,9,0,0,0,0
11437,0,0,0,0,0,3,0,0,0,0,0,0
11438,7,69,0,0,0,0,0,0,0,0,0,0
11439,1,185,1,0,0,0,0,0,0,0,0,0
11440,0,0,0,4,3,72,0,0,0,0,0,0
11441,0,0,0,0,0,0,20,4,1,0,0,0
11442,0,0,0,0,0,1,0,0,0,0,98,0
11443,0,0,0,1,6,15,0,1,0,0,0,0
11444,0,0,0,0,3,3,0,0,0,0,0,0
11445,0,0,0,0,0,1,0,0,0,0,0,0
11446,1,126,0,0,0,0,0,0,0,0,0,0
11447,0,0,0,0,0,0,122,8,1,0,0,0
11448,4,54,1,0,0,0,2,0,0,0,0,0
11449,0,0,0,0,6,234,0,0,0,0,0,0
11450,0,0,8,0,0,0,0,0,0,257,2,0
11451,1,4627,0,0,0,0,65,0,0,0,0,0
11452,0,12,2,0,0,0,0,0,0,0,0,0
11453,0,0,0,0,0,0,34,17,1,0,0,0
11454,0,0,0,0,0,0,0,0,0,0,382,2
11455,0,0,0,0,0,11,0,0,0,2,2168,1
11456,2,951,11,0,0,0,7,0,0,0,0,0
11457,0,0,0,0,4,36,0,0,0,0,1,0
11458,0,0,0,3,3,25,0,0,0,0,0,0
11459,0,0,0,3,210,6,0,1,0,0,0,0
11460,0,0,0,0,0,0,0,0,0,10,102,0
11461,0,0,0,0,0,0,0,0,0,8,158,0
11462,1,61,2,0,0,0,0,0,0,0,0,0
11463,0,0,0,18,1,41,0,0,0,0,0,0
11464,0,0,0,0,0,0,137,17,3,0,0,0
11465,0,0,0,0,2,2,0,0,0,0,0,0
11466,0,0,0,0,0,0,1,10,0,0,0,0
11467,0,0,0,0,0,0,0,14,0,0,0,0
11468,0,0,0,0,0,0,2,0,0,0,0,0
11469,0,0,0,0,0,0,0,0,0,0,0,0
11470,0,0,0,3,3,33,0,0,0,0,0,0
11471,0,0,0,0,0,3,0,0,0,0,876,0
11472,0,0,0,0,0,1,0,0,0,0,0,0
11473,0,0,0,0,9,17,0,0,0,0,0,0
11474,7,377,0,0,0,0,2,0,0,0,0,0
11475,0,0,0,0,1,133,0,0,0,0,0,0
11476,2,14,0,0,0,0,0,0,0,0,0,0
11477,0,11,10,0,0,0,0,0,0,0,0,0
11478,0,0,0,0,1,14,0,0,0,0,0,0
11479,0,0,0,0,0,0,0,0,0,4,158,0
11480,0,0,0,0,0,1,0,0,0,0,0,0
11481,0,0,0,0,0,0,0,0,0,0,1,0
11482,0,0,0,11,2,39,0,0,0,0,0,0
11483,0,0,0,0,0,0,41,1,2,0,0,0
11484,0,0,0,0,0,0,0,0,0,0,0,0
11485,0,0,0,18,1,47,0,0,0,0,0,0
11486,2,3,0,0,0,0,0,0,0,0,0,0
11487,0,0,0,0,0,0,0,0,0,0,7,1
11488,0,0,0,17,4,17,0,0,0,0,0,0
11489,0,0,0,0,0,1,0,0,0,0,0,0
11490,0,0,0,0,0,0,0,0,0,0,3,2
11491,0,0,0,0,0,60,0,0,0,0,0,0
11492,1,0,0,0,0,0,0,0,0,0,0,0
11493,1,0,0,0,0,0,0,0,0,0,0,0
11494,0,0,0,0,0,0,0,0,0,0,98,0
11495,0,0,0,0,0,2,0,0,0,0,0,0
11496,0,0,0,0,0,0,0,0,0,0,0,0
11497,0,0,0,0,0,121,0,0,0,0,10952,0
11498,0,0,0,1,0,0,0,0,0,0,0,0
11499,0,0,0,0,0,0,0,0,0,0,1,0
11500,8,59,3,0,0,0,0,0,0,0,0,0
11501,0,0,0,0,0,0,4,22,0,0,0,0
11502,0,0,0,0,0,0,0,1,3,0,0,0
11503,0,0,0,1,0,72,0,0,0,0,1,0
11504,0,0,0,0,0,0,105,38,0,0,0,0
11505,0,0,0,0,0,7,0,0,0,0,0,0
11506,6,88,2,0,0,0,0,0,0,0,0,0
11507,0,8,0,0,0,0,7684,0,0,0,0,0
11508,0,0,0,0,0,1,0,0,0,0,0,0
11509,0,0,0,0,2,8,0,0,0,0,0,0
11510,0,4,0,0,0,0,0,0,0,0,0,0
11511,0,0,0,0,0,0,0,0,0,1,375,1
11512,4,29,0,0,0,0,0,0,0,0,0,0
11513,0,30,0,0,0,0,0,0,0,0,0,0
11514,0,0,0,0,0,4414,0,0,0,0,14762,1
11515,0,0,0,4,1,37,0,0,0,0,0,0
11516,0,1,0,0,0,0,100,30,0,0,0,0
11517,0,0,0,0,2,4,0,0,0,0,0,0
11518,0,0,0,0,0,0,0,0,0,2,465,0
11519,3,33,9,0,0,0,0,0,0,0,0,0
11520,0,0,0,1,0,3,0,0,0,0,0,0
11521,0,0,0,0,30,0,241,2185,16,0,0,0
11522,0,0,0,2,598,18,0,1,0,0,0,0
11523,0,0,0,0,3,0,0,0,0,0,0,0
11524,0,0,0,2,2,17,0,0,0,0,0,0
11525,0,0,0,3,1,31,0,0,0,0,0,0
11526,0,0,0,0,2,10,0,0,0,0,0,0
11527,0,2,0,0,0,0,107,113,5,0,0,0
11528,0,0,0,0,0,0,16,6,0,0,0,0
11529,0,0,0,0,0,0,0,0,0,0,6,0
11530,0,0,0,0,0,0,0,0,0,5,160,0
11531,0,5,3,0,0,0,0,0,0,0,0,0
11532,0,0,0,0,0,0,2,1,0,0,0,0
11533,1,2546,1,0,0,0,2,0,0,0,0,0
11534,0,2,0,0,0,0,156,38,0,0,0,0
11535,0,0,0,0,0,0,0,0,0,0,0,0
11536,0,0,0,0,11,11,0,0,0,0,0,0
11537,36,6988,18,0,0,0,11,0,0,0,0,0
11538,0,0,0,0,15,16,0,0,0,0,0,0
11539,0,0,0,8,7,13,0,4,0,0,0,0
11540,0,0,0,0,0,0,39,284,1,0,0,0
11541,0,0,0,0,82,6,0,0,0,0,0,0
11542,0,0,0,10,0,3,0,0,0,0,0,0
11543,0,0,0,1,3,17,0,0,0,0,0,0
11544,0,0,0,2,2,3,0,0,0,0,0,0
11545,0,0,0,0,0,10,0,0,0,0,0,0
11546,19,226,0,0,0,0,1,0,0,0,0,0
11547,0,0,0,1,0,65,0,0,0,0,0,0
11548,0,0,0,0,0,0,45,43,2,0,0,0
11549,0,0,0,3,1,16,0,0,0,0,1,0
11550,0,0,0,0,0,0,49,9,1,0,0,0
11551,0,0,0,0,0,60,0,0,0,0,0,0
11552,0,0,0,0,0,0,46,67,83,0,0,0
11553,0,0,0,1,1,4,0,0,0,0,0,0
11554,0,0,0,4,0,25,0,0,0,0,0,0
11555,0,0,0,0,0,0,21,1,0,0,0,0
11556,0,26,1,0,0,0,0,0,0,0,0,0
11557,0,0,0,0,6,0,40,1251,0,0,0,0
11558,0,0,0,0,4,20,0,0,0,0,0,0
11559,0,90,0,0,0,0,0,0,0,0,0,0
11560,0,0,0,0,0,21,0,0,0,0,0,0
11561,0,0,0,19,11,11,0,0,0,0,0,0
11562,0,0,0,0,2,0,32,354,9,0,0,0
11563,0,0,0,0,0,4,0,0,0,7,543,0
11564,0,0,0,0,0,0,0,0,0,13,291,0
11565,0,0,0,0,0,10,0,0,0,4,1008,0
11566,0,0,0,2,9,16,0,0,0,0,0,0
11567,2,27,0,0,0,0,0,0,0,0,0,0
11568,0,0,0,1,2,13,0,0,0,0,0,0
11569,0,0,0,4,3,5,0,0,0,0,0,0
11570,0,0,0,3,0,4,0,0,0,0,0,0
11571,0,0,0,0,1,3,0,0,0,0,0,0
11572,0,0,0,0,0,50,0,0,0,13,2812,1
11573,0,0,0,3,623,10,0,20,0,0,0,0
11574,0,0,0,0,1,13,0,0,0,0,0,0
11575,0,0,0,0,0,31,0,0,0,2,2579,1
11576,59,68,14,0,0,0,0,0,0,0,0,0
11577,0,0,0,0,1,46,0,0,0,0,0,0
11578,0,8,1,0,0,0,1,0,0,0,0,0
11579,0,12,1,0,0,0,0,0,0,0,0,0
11580,0,0,0,0,0,0,0,0,0,13,61,1
11581,1,0,0,65,25,34,0,0,0,0,0,0
11582,0,0,0,0,0,0,49,1,0,0,0,0
11583,0,0,0,0,0,0,17,2,0,0,0,0
11584,0,0,0,0,0,30,0,0,0,0,0,0
11585,0,10,1,0,0,0,0,0,0,0,0,0
11586,4,22,2,0,0,0,0,0,0,0,0,0
11587,0,0,0,2,0,268,0,0,0,0,4,0
11588,1,48,1,0,0,0,0,0,0,0,0,0
11589,0,0,0,0,0,0,0,0,0,18,55,0
11590,1,15,1,0,0,0,0,0,0,0,0,0
11591,0,0,0,0,0,12,0,0,0,28,1466,0
11592,0,0,0,2,1,3,0,0,0,0,0,0
11593,0,0,0,41,5,42,0,0,0,0,0,0
11594,0,0,0,0,0,0,0,0,0,3,4,3
11595,1,336,0,0,0,0,1,0,0,0,0,0
11596,0,0,0,0,3,0,10,292,4,0,0,0
11597,0,0,0,1,3,0,0,0,0,0,0,0
11598,0,0,0,0,0,0,10,6,0,0,0,0
11599,0,0,0,0,0,29,0,0,0,0,0,0
11600,0,152,0,0,0,0,0,0,0,0,0,0
11601,0,0,0,0,1,350,0,0,0,0,2,0
11602,3,7,0,0,0,0,0,0,0,0,0,0
11603,0,13,2,0,0,0,0,0,0,0,0,0
11604,0,0,0,0,0,5,0,0,0,0,0,0
11605,0,0,0,0,0,0,6,45,2,0,0,0
11606,0,0,1,0,0,1,0,0,0,58,138,1
11607,0,0,0,0,0,2,0,0,0,0,0,0
11608,2,3,0,0,0,0,0,0,0,0,0,0
11609,0,0,0,0,0,0,48,26,0,0,0,0
11610,0,0,0,0,1,25,0,0,0,0,0,0
11611,0,0,0,0,1,27,0,0,0,0,0,0
11612,0,0,0,0,0,4,0,0,0,0,0,0
11613,1,0,0,0,0,0,0,0,0,0,0,0
11614,0,0,0,0,0,56,0,0,0,0,3,0
11615,0,0,0,1,4,0,0,0,0,0,0,0
11616,0,0,0,0,0,0,4,1,0,0,0,0
11617,0,0,0,0,1,19,0,0,0,0,0,0
11618,0,0,0,1,1,6,0,0,0,0,0,0
11619,0,0,0,0,31,251,0,0,0,0,0,0
11620,0,0,0,0,0,4,0,0,0,11,1637,1
11621,0,0,0,1,4,11,0,0,0,0,0,0
11622,0,0,0,0,0,1,0,0,0,0,0,0
11623,0,118,0,0,0,0,0,0,0,0,0,0
11624,0,0,0,0,0,0,0,0,0,0,0,0
11625,0,0,0,0,0,0,1,1,0,0,0,0
11626,0,0,0,0,0,1,0,0,0,15,130,4
11627,0,0,0,0,0,0,0,0,0,0,0,0
11628,4,1,0,0,0,0,0,0,0,0,0,0
11629,0,0,0,0,0,113,0,0,0,0,0,0
11630,0,0,0,1,20,37,0,0,0,0,0,0
11631,0,0,0,0,0,3,0,0,0,0,0,0
11632,6,4,0,1230,4,6,0,0,0,0,0,0
11633,0,0,0,2,0,1,0,0,0,0,0,0
11634,0,0,0,0,6,0,4,1579,0,0,0,0
11635,0,0,0,0,0,32,0,0,0,0,0,0
11636,3,1,0,0,0,0,0,0,0,0,0,0
11637,0,0,0,0,0,0,0,0,0,6,1,0
11638,0,0,0,0,7,61,0,0,0,0,0,0
11639,0,0,0,1,0,0,0,0,0,0,0,0
11640,0,0,0,0,0,0,1,1,1,0,0,0
11641,0,0,0,0,0,15,0,0,0,0,0,0
11642,0,0,0,0,0,15,0,0,0,0,0,0
11643,3,1,0,0,0,0,0,0,0,0,0,0
11644,0,0,0,0,0,0,0,0,0,0,213,0
11645,0,0,0,0,1,7,0,0,0,0,0,0
11646,0,0,0,6,2,1,0,0,0,0,0,0
11647,0,0,0,20,3,82,0,0,0,0,0,0
11648,0,0,0,0,0,0,3,0,0,0,0,0
11649,0,0,0,0,0,0,2,3,0,0,0,0
11650,0,0,0,0,0,0,0,0,0,6,217,0
11651,0,0,0,0,0,0,0,0,0,11,87,0
11652,0,0,0,1,1,5,0,0,0,0,0,0
11653,0,0,0,0,0,31,0,0,0,22,2072,6
11654,0,0,0,0,0,15,0,0,0,0,0,0
11655,0,0,0,1,0,0,0,0,0,0,0,0
11656,0,0,0,3,0,7,0,0,0,0,0,0
11657,0,0,0,5,0,4,0,0,0,0,0,0
11658,0,0,0,0,0,0,6,4,1,0,0,0
11659,0,0,0,0,1,15,0,0,0,0,0,0
11660,0,0,0,20,12,24,0,0,0,0,0,0
11661,0,0,0,0,0,7,0,0,0,0,0,0
11662,2,15,4,0,0,0,0,0,0,0,0,0
11663,0,0,0,0,0,4,0,0,0,5,177,0
11664,0,0,0,0,1,1,0,0,0,0,0,0
11665,0,0,0,0,0,2,0,0,0,6,280,0
11666,0,1,0,0,0,0,0,0,0,0,0,0
11667,0,10,0,0,0,0,0,0,0,0,0,0
11668,0,0,0,0,0,6,0,0,0,13,132,1
11669,0,0,0,0,0,1,0,0,0,19,251,1
11670,0,1,0,0,0,0,71,4,0,0,0,0
11671,0,0,0,0,0,0,0,0,0,34,384,1
11672,0,0,0,9,0,26,0,0,0,0,1,0
11673,5,5,1,1,0,0,0,0,0,0,0,0
11674,0,0,0,0,0,19,0,0,0,0,1582,0
11675,0,0,0,1,2,43,0,0,0,0,0,0
11676,0,0,0,2,13,4,0,0,0,0,0,0
11677,0,0,0,0,0,5,0,0,0,0,0,0
11678,0,10,0,0,0,0,0,0,0,0,0,0
11679,1,0,0,0,0,0,48,1,0,0,0,0
11680,3,10,0,0,0,0,0,0,0,0,0,0
11681,0,0,0,0,0,3,0,0,0,23,225,0
11682,0,0,0,2,0,0,0,0,0,0,0,0
11683,0,0,0,0,0,0,16,31,0,0,0,0
11684,3,1,0,0,0,0,0,0,0,0,0,0
11685,0,0,0,0,0,0,0,0,0,6,7,0
11686,0,0,0,1,55,338,0,0,0,0,0,0
11687,0,0,0,0,0,1,0,0,0,14,61,0
11688,0,0,0,0,0,0,0,0,0,0,0,0
11689,0,0,0,2,0,8,0,0,0,0,0,0
11690,0,0,0,0,0,0,1,1,0,0,0,0
11691,0,0,0,0,0,0,0,1,1,0,0,0
11692,0,0,0,0,0,10,0,0,0,0,0,0
11693,0,0,0,0,0,0,30,16,1,0,0,0
11694,0,0,0,1,1,12,0,0,0,0,0,0
11695,0,0,0,3,0,12,0,0,0,0,0,0
11696,0,0,0,1,3,1,0,0,0,0,0,0
11697,0,4,0,0,0,0,0,0,0,0,0,0
11698,0,0,0,0,1,113,0,0,0,0,4,0
11699,0,0,0,0,0,0,10,3,0,0,0,0
11700,2,5,0,0,0,0,0,0,0,0,0,0
11701,0,0,0,0,0,224,0,0,0,0,2,0
11702,0,0,0,0,1,0,0,0,0,0,0,0
11703,0,1,0,0,0,0,0,0,0,0,0,0
11704,0,0,0,0,0,10,0,0,0,0,1504,0
11705,0,0,0,2,2,19,0,0,0,0,0,0
11706,0,0,0,0,1,3,0,0,0,0,0,0
11707,1,24,1,0,0,0,0,0,0,0,0,0
11708,0,0,0,0,0,0,11,4,0,0,0,0
11709,0,0,0,0,0,1,0,0,0,0,0,0
11710,0,0,0,1,1,24,0,0,0,0,0,0
11711,0,0,0,0,0,0,0,0,0,0,0,0
11712,0,0,0,0,0,0,0,0,0,0,1,0
11713,0,0,0,2,1,42,0,0,0,0,0,0
11714,0,5,0,0,0,0,0,0,0,0,0,0
11715,0,0,0,0,0,0,0,0,0,0,1,0
11716,1,14,0,0,0,0,0,0,0,0,0,0
11717,0,0,0,0,0,0,0,0,0,0,1,0
11718,0,0,0,0,0,0,0,0,0,0,0,0
11719,0,1,0,0,0,0,74,20,0,0,0,0
11720,0,0,0,0,0,0,0,1,0,0,0,0
11721,0,0,0,0,0,0,0,0,0,0,0,0
11722,0,0,0,0,0,0,18,1,0,0,0,0
11723,0,0,0,0,0,1,0,0,0,0,0,0
11724,0,0,0,0,1,0,0,0,0,0,0,0
11725,0,0,0,0,0,14,0,0,0,0,0,0
11726,1,0,0,0,0,0,0,0,0,0,0,0
11727,0,0,0,0,0,0,21,3,2,0,0,0
11728,0,114,0,0,0,0,0,0,0,0,0,0
11729,0,0,0,0,2,0,0,0,0,0,0,0
11730,1,6,2,0,0,0,0,0,0,0,0,0
11731,0,0,0,1,0,160,0,0,0,0,3,0
11732,11,0,9,1,0,0,0,0,0,0,0,0
11733,0,0,0,0,0,0,0,0,0,0,0,0
11734,0,0,0,0,0,0,6,2,0,0,0,0
11735,1,0,0,0,0,0,0,0,0,0,0,0
11736,0,108,3,0,0,0,0,0,0,0,0,0
11737,0,0,0,1,0,45,0,0,0,0,0,0
11738,0,0,0,0,1,0,0,0,0,0,0,0
11739,0,0,0,0,0,0,0,0,0,0,0,0
11740,8,37,2,0,0,0,0,0,0,0,0,0
11741,0,0,0,0,0,0,0,0,0,1,1,0
11742,14,16,0,0,0,0,0,0,0,0,0,0
11743,0,0,0,0,0,0,63,247,6,0,0,0
11744,0,0,0,0,0,0,17,0,1,0,0,0
11745,0,0,0,0,0,0,41,16,0,0,0,0
11746,0,44,20,0,0,0,0,0,0,0,0,0
11747,0,0,0,0,0,7,0,0,0,15,2635,0
11748,0,0,0,12,1,1,0,0,0,0,0,0
11749,0,52,10,0,0,0,0,0,0,0,0,0
11750,0,0,0,74,0,70,0,0,0,34,13749,7
11751,0,0,0,12,3,101,0,0,0,0,0,0
11752,0,0,0,0,0,3,0,0,0,21,524,0
11753,0,0,0,0,0,0,0,0,0,2,7,0
11754,0,0,0,0,0,0,0,0,0,0,2,0
11755,24,52,1,1,0,0,0,0,0,0,0,0
11756,0,0,0,0,0,0,0,0,0,0,2,0
11757,0,0,0,0,0,0,0,0,0,1,3,0
11758,0,0,0,0,0,3,0,0,0,78,1833,1
11759,0,2,5,0,0,0,0,0,0,0,0,0
11760,0,42,16,0,0,0,0,0,0,0,0,0
11761,0,0,0,0,0,0,17,314,1,0,0,0
11762,0,1,0,0,0,0,0,0,0,0,0,0
11763,0,33,6,0,0,0,0,0,0,0,0,0
11764,0,0,0,2,1,268,0,0,0,0,6,0
11765,0,2,0,0,0,0,0,0,0,0,0,0
11766,0,0,0,0,0,0,0,0,0,0,0,0
11767,0,0,0,0,0,2,0,0,0,0,644,0
11768,12,9,0,0,0,0,0,0,0,0,0,0
11769,0,0,0,0,0,51,0,0,0,0,0,0
11770,1,12,27,0,0,0,0,0,0,0,0,0
11771,0,0,0,0,0,0,87,2,0,0,0,0
11772,0,146,11,0,0,0,0,0,0,0,0,0
11773,0,0,0,12,16,38,0,0,0,0,0,0
11774,0,0,0,0,0,0,18,5,0,0,0,0
11775,0,0,0,0,0,0,0,0,0,1,67,0
11776,0,0,0,0,0,0,0,0,0,13,174,0
11777,0,0,0,1,1,7,0,0,0,0,0,0
11778,0,0,0,3,2,1,0,0,0,0,0,0
11779,0,0,0,0,0,0,0,0,0,13,129,1
11780,0,7,1,0,0,0,0,0,0,0,0,0
11781,0,1981,0,0,0,0,2,0,0,0,0,0
11782,1,2713,1,0,0,0,8,0,0,0,0,0
11783,0,0,0,0,0,0,0,0,0,17,1,0
11784,0,0,0,0,0,0,0,0,0,0,0,0
11785,0,0,0,0,0,0,0,0,0,1,163,0
11786,0,0,0,0,0,0,0,0,0,0,0,0
11787,0,1,0,0,0,0,0,0,0,0,0,0
11788,0,0,0,0,0,0,0,0,0,1,105,0
11789,1,45,1,0,0,0,0,0,0,0,0,0
11790,0,0,0,0,1,60,0,0,0,0,1,0
11791,0,0,0,5,0,13,0,0,0,0,0,0
11792,0,1,0,0,0,0,0,0,0,0,0,0
11793,0,41,2,0,0,0,0,0,0,0,0,0
11794,1,87,2,0,0,0,0,0,0,0,0,0
11795,0,0,0,1,2,142,0,0,0,0,0,0
11796,0,0,0,0,0,0,0,0,0,0,0,0
11797,0,0,0,0,0,0,54,15,0,0,0,0
11798,0,0,0,0,17,27,0,0,0,0,1,0
11799,0,0,0,0,2,7,0,0,0,0,0,0
11800,0,0,0,0,0,0,76,18,1,0,0,0
11801,0,1,0,0,0,0,498,22,0,0,0,0
11802,0,0,0,0,0,0,0,1,0,0,0,0
11803,0,0,0,4,1,18,0,0,0,0,0,0
11804,0,86,0,0,0,0,7145,2,0,0,0,0
11805,0,0,0,0,1,1,0,0,0,0,0,0
11806,0,0,0,3,0,64,0,0,0,0,0,0
11807,0,0,0,0,0,0,8,2,1,0,0,0
11808,0,0,0,0,0,0,1,1,1,0,0,0
11809,0,0,0,13,1,245,0,0,0,0,1,0
11810,0,0,0,0,0,0,0,0,0,0,0,0
11811,0,0,0,0,0,0,1,0,0,0,0,0
11812,0,0,1,0,0,0,0,0,0,293,342,0
11813,0,0,0,0,0,0,0,0,0,0,0,0
11814,0,24,0,0,0,0,0,0,0,0,0,0
11815,0,25,0,0,0,0,0,0,0,0,0,0
11816,0,0,0,0,0,0,0,0,0,1,43,0
11817,0,0,0,0,0,0,0,0,0,5,31,0
11818,0,0,0,22,6,23,0,0,0,0,0,0
11819,0,0,0,3,0,0,0,0,0,0,0,0
11820,0,0,0,0,0,0,1,2,0,0,0,0
11821,0,0,0,0,0,5,0,0,0,0,0,0
11822,0,81,0,0,0,0,1,0,0,0,0,0
11823,0,0,0,1,0,0,0,0,0,0,0,0
11824,0,0,2,0,0,9,0,0,0,203,2991,0
11825,0,2,0,0,0,0,0,0,0,0,0,0
11826,0,3,0,0,0,0,0,0,0,0,0,0
11827,1,32,1,0,0,0,0,0,0,0,0,0
11828,0,0,0,0,0,0,42,22,1,0,0,0
11829,0,0,0,0,1,1,0,0,0,0,0,0
11830,3,337,0,0,0,0,0,0,0,0,0,0
11831,0,0,0,0,0,0,30,3,0,0,0,0
11832,0,0,0,0,0,0,0,0,0,0,42,1
11833,0,0,0,0,0,3,0,0,0,105,324,0
11834,1,2,0,0,0,0,0,0,0,0,0,0
11835,0,0,0,0,0,0,0,0,0,32,74,11
11836,0,0,0,29,0,84,0,0,0,0,0,0
11837,0,0,0,0,0,0,42,98,2,0,0,0
11838,0,0,0,0,0,0,0,0,0,0,0,0
11839,0,133,0,0,0,0,3,0,0,0,0,0
11840,0,0,0,0,0,0,0,0,0,0,1,1
11841,1,0,0,0,0,0,0,0,0,0,0,0
11842,0,3,0,0,0,0,274,98,4,0,0,0
11843,0,0,0,0,0,0,0,0,0,0,0,0
11844,0,0,0,0,0,0,0,0,0,1,1,0
11845,0,0,0,8,3,49,0,0,0,0,0,0
11846,0,2,0,0,0,0,0,0,0,0,0,0
11847,5,86,1,0,0,0,2,0,0,0,0,0
11848,4,19,5,0,0,0,1,0,0,0,0,0
11849,1,20,7,0,0,0,0,0,0,1,0,0
11850,0,0,0,1,1,239,0,0,0,0,1,0
11851,0,0,0,0,5,0,24,969,6,0,0,0
11852,0,0,0,0,7,2,0,0,0,0,0,0
11853,0,0,0,0,0,0,0,0,0,0,16,0
11854,3,66,4,0,0,0,0,0,0,0,0,0
11855,0,0,0,0,0,0,1,6,0,0,0,0
11856,0,0,13,0,0,0,0,0,0,0,0,0
11857,0,0,0,1,5,56,0,0,0,0,0,0
11858,0,0,0,0,0,0,20,5,2,0,0,0
11859,0,0,0,1,0,9,0,0,0,0,0,0
11860,27,54,0,0,0,0,0,0,0,0,0,0
11861,1,1,3,0,0,0,0,0,0,0,0,0
11862,0,65,0,0,0,0,0,0,0,0,0,0
11863,0,0,0,0,0,0,56,14,0,0,0,0
11864,0,0,0,0,0,1,0,0,0,0,0,0
11865,0,0,0,0,0,0,0,0,0,0,0,0
11866,0,0,0,0,0,16,0,0,0,0,1761,2
11867,4,72,0,0,0,0,0,0,0,0,0,0
11868,0,0,0,0,0,0,0,0,0,0,59,0
11869,2,33,1,0,0,0,0,0,0,0,0,0
11870,0,0,0,0,0,0,0,0,0,0,0,0
11871,0,0,0,0,0,0,0,0,0,0,2,0
11872,0,43,1,0,0,0,0,0,0,0,0,0
11873,0,0,0,0,0,0,14,1,0,0,0,0
11874,0,0,0,0,0,13,0,0,0,0,0,0
11875,4,36,0,0,0,0,0,0,0,0,0,0
11876,0,1,0,0,0,0,46,8,1,0,0,0
11877,0,0,0,0,0,1,0,0,0,0,0,0
11878,0,0,0,0,0,0,0,0,0,26,199,1
11879,0,0,0,9,0,9,0,0,0,0,0,0
11880,0,0,0,0,0,1,0,0,0,0,0,0
11881,0,16,0,0,0,0,0,0,0,0,0,0
11882,0,0,0,0,0,0,0,0,0,0,27,0
11883,0,0,0,0,0,2,0,0,0,0,0,0
11884,0,0,0,0,0,4,0,0,0,8,186,1
11885,0,0,0,3,28,0,0,0,0,0,0,0
11886,0,0,0,0,0,0,0,0,0,0,199,0
11887,13,60,34,0,0,0,1,0,0,0,0,0
11888,0,0,0,0,0,0,8,2,0,0,0,0
11889,0,0,0,0,0,4,0,0,0,0,0,0
11890,0,0,0,2,13,123,0,0,0,0,1,0
11891,0,0,0,0,0,10,0,0,0,0,0,0
11892,0,0,0,0,0,0,0,0,0,0,0,0
11893,0,0,0,0,0,0,187,132,7,0,0,0
11894,0,0,0,0,0,0,0,0,0,0,1,0
11895,2,1,0,0,0,0,0,0,0,0,0,0
11896,0,90,14,0,0,0,0,0,0,0,0,0
11897,0,0,0,0,0,0,0,0,0,24,1,0
11898,3,44,0,0,0,0,0,0,0,0,0,0
11899,0,6,16,0,0,0,0,0,0,0,0,0
11900,0,0,0,0,0,0,0,0,0,11,114,0
11901,0,0,0,1,0,0,0,0,0,0,0,0
11902,0,0,0,0,0,0,0,0,0,8,241,0
11903,0,19,2,0,0,0,0,0,0,0,0,0
11904,0,0,0,0,0,0,3,1,0,0,0,0
11905,5,26,5,0,0,0,0,0,0,0,0,0
11906,0,0,0,0,0,0,16,27,21,0,0,0
11907,0,0,0,0,0,10,0,0,0,0,0,0
11908,3,63,0,0,0,0,0,0,0,0,0,0
11909,0,0,0,0,0,0,0,0,0,0,0,0
11910,0,1,1,0,0,0,0,0,0,0,0,0
11911,1,66,0,0,0,0,0,0,0,0,0,0
11912,0,0,0,2,19,2,0,0,0,0,0,0
11913,0,0,0,0,0,0,0,0,0,0,3,0
11914,4,23,25,0,0,0,1,0,0,0,0,0
11915,0,0,0,1,20,2,0,0,0,0,0,0
11916,0,0,0,0,0,4,0,0,0,0,2393,0
11917,0,31,1,0,0,0,0,0,0,0,0,0
11918,0,0,0,1,5,4,0,0,0,0,0,0
11919,0,0,0,0,0,0,0,0,0,0,679,0
11920,0,0,0,0,0,15,0,0,0,0,0,0
11921,0,0,1,0,0,0,0,0,0,0,0,0
11922,6,9,0,0,0,0,0,0,0,0,0,0
11923,1,163,2,0,0,0,0,0,0,0,0,0
11924,0,0,0,0,12,14,0,0,0,0,0,0
11925,0,0,0,0,0,66,0,0,0,0,0,0
11926,0,0,0,0,0,0,24,3,3,0,0,0
11927,0,0,0,0,0,0,0,0,0,0,0,0
11928,0,0,0,0,0,0,0,2,1,0,0,0
11929,0,0,0,0,0,0,0,0,0,0,0,0
11930,0,0,0,0,0,0,25,3,2,0,0,0
11931,0,0,0,0,0,0,0,0,0,7,101,0
11932,0,0,0,6,17,42,0,0,0,0,0,0
11933,0,0,0,0,0,0,0,0,0,2,1,3
11934,8,29,0,0,0,0,0,0,0,0,0,0
11935,1,16,6,0,0,0,0,0,0,0,0,0
11936,0,0,0,3,0,0,0,0,0,0,0,0
11937,0,0,0,0,0,0,1,2,0,0,0,0
11938,0,0,0,0,0,200,0,0,0,0,8,0
11939,0,4,0,0,4,0,767,136,1,0,0,0
11940,0,0,0,0,128,74,0,2,0,0,0,0
11941,0,0,0,0,0,15,0,0,0,22,1445,0
11942,0,0,0,0,0,0,0,0,0,6,0,0
11943,2,25,0,0,0,0,0,0,0,0,0,0
11944,0,0,0,0,0,0,14,32,7,0,0,0
11945,0,0,0,1,0,3,0,0,0,0,0,0
11946,0,0,0,0,0,4,0,0,0,0,0,0
11947,0,76,2,0,0,0,0,0,0,0,0,0
11948,0,0,0,0,0,0,0,0,0,0,14,0
11949,0,0,0,0,0,0,0,0,0,0,0,0
11950,0,0,0,0,0,2,0,0,0,5,581,0
11951,0,0,0,0,0,0,0,0,0,0,0,0
11952,0,3,0,0,0,0,0,0,0,0,0,0
11953,0,0,0,0,0,26,0,0,0,0,1,0
11954,0,1,0,0,0,0,11,2,2,0,0,0
11955,0,11,58,0,0,0,0,0,0,2,0,0
11956,0,0,0,0,0,9,0,0,0,2,2271,1
11957,2,35,0,0,0,0,0,0,0,0,0,0
11958,0,0,0,1,1,42,0,0,0,0,0,0
11959,0,0,0,3,1,39,0,0,0,0,0,0
11960,0,0,5,0,0,0,0,0,0,196,68,0
11961,0,0,0,0,0,0,0,0,0,0,0,0
11962,0,0,0,0,0,7,0,0,0,8,1212,25
11963,0,0,0,0,1,32,0,0,0,0,0,0
11964,0,0,0,0,0,3,0,0,0,0,0,0
11965,1,22,0,0,0,0,0,0,0,0,0,0
11966,0,0,0,0,0,0,18,5,1,0,0,0
11967,0,0,0,0,0,0,0,0,0,2,179,1
11968,0,0,0,0,0,15,0,0,0,0,0,0
11969,0,0,0,0,0,0,0,0,0,0,0,0
11970,3,287,1,0,0,0,0,0,0,0,0,0
11971,1,13,6,0,0,0,0,0,0,0,0,0
11972,0,0,0,0,0,0,9,0,1,0,0,0
11973,0,61,2,0,0,0,0,0,0,0,0,0
11974,0,0,0,0,0,252,0,0,0,0,2,0
11975,1,9,4,0,0,0,0,0,0,0,0,0
11976,0,0,0,0,0,1,0,0,0,5,146,1
11977,0,0,0,0,1,41,0,0,0,0,0,0
11978,1,8,0,0,0,0,0,0,0,0,0,0
11979,0,0,0,0,0,1,0,0,0,5,63,2
11980,0,0,0,2,1,19,0,0,0,0,0,0
11981,0,0,0,0,0,0,2,0,0,0,0,0
11982,8,40,4,0,0,0,0,0,0,0,0,0
11983,1,254,9,0,0,0,0,0,0,0,0,0
11984,0,0,0,0,0,0,8,5,0,0,0,0
11985,0,0,0,0,0,0,0,0,0,0,42,0
11986,0,0,0,0,0,0,0,0,0,10,83,0
11987,0,0,0,0,0,4,0,0,0,0,0,0
11988,0,0,0,1,0,0,0,0,0,0,0,0
11989,0,0,0,1,0,26,0,0,0,0,0,0
11990,0,0,0,0,0,0,28,0,0,0,0,0
11991,0,255,0,0,0,0,4,0,0,0,0,0
11992,16,8,4,0,0,0,0,0,0,0,0,0
11993,0,1,0,0,0,0,0,0,0,0,0,0
11994,0,7,0,0,0,0,0,0,0,0,0,0
11995,0,16,2,0,0,0,0,0,0,0,0,0
11996,1,9,1,0,0,0,0,0,0,0,0,0
11997,0,0,0,0,0,10,0,0,0,0,0,0
11998,0,0,0,0,0,0,10,35,0,0,0,0
11999,0,0,0,0,0,0,6,4,0,0,0,0
12000,0,0,0,0,0,12,0,0,0,0,0,0
12001,0,0,0,5,7,26,0,0,0,0,0,0
12002,0,0,0,0,2,1,0,0,0,0,0,0
12003,0,0,0,0,0,0,0,0,0,0,53,0
12004,24,88,16,0,0,0,0,0,0,0,0,0
12005,0,0,0,0,0,0,0,0,0,5,200,1
12006,0,0,0,0,0,2,0,0,0,0,0,0
12007,2,32,0,0,0,0,0,0,0,0,0,0
12008,0,0,0,0,0,0,0,0,0,11,482,5
12009,0,0,0,1,0,1,0,0,0,0,0,0
12010,0,0,0,6,8,22,0,0,0,0,0,0
12011,0,0,0,0,4,0,0,0,0,0,0,0
12012,0,0,0,0,0,0,0,0,0,1,5,0
12013,0,0,0,21,4,12,0,0,0,0,0,0
12014,0,0,0,0,0,0,64,42,1,0,0,0
12015,0,0,0,0,210,135,0,1,0,0,0,0
12016,0,0,0,2,4,60,0,0,0,0,0,0
12017,0,0,0,1,0,8,0,0,0,0,0,0
12018,0,0,0,0,0,0,0,0,0,0,0,0
12019,0,0,0,0,0,0,36,61,1,0,0,0
12020,0,0,0,0,0,1,0,0,0,38,388,2
12021,0,0,0,0,1,2,0,0,0,0,0,0
12022,0,0,0,4,5,17,0,0,0,0,0,0
12023,0,0,0,0,12,2,0,0,0,0,0,0
12024,0,0,0,0,0,0,0,0,0,0,7,9
12025,0,0,0,0,0,21,0,0,0,5,3060,0
12026,10,14,3,0,0,0,0,0,0,0,0,0
12027,0,0,0,4,3,13,0,0,0,0,0,0
12028,0,0,0,0,0,0,13,124,0,0,0,0
12029,0,0,0,0,0,0,0,0,0,0,2,1
12030,0,700,0,0,0,0,5,0,0,0,0,0
12031,0,0,0,0,0,0,60,85,7,0,0,0
12032,0,0,0,0,0,0,18,7,289,0,0,0
12033,0,0,0,0,0,0,0,2,0,0,0,0
12034,0,0,0,2,0,121,0,0,0,0,2,0
12035,0,0,0,0,0,0,4,5,0,0,0,0
12036,0,0,0,0,0,1,0,0,0,0,302,7
12037,0,0,0,11,1,17,0,0,0,0,0,0
12038,0,0,0,0,0,0,81,3,5,0,0,0
12039,0,0,0,0,0,4,0,0,0,0,0,0
12040,0,45,4,0,0,0,0,0,0,0,0,0
12041,0,0,0,0,0,0,5,8,1,0,0,0
12042,0,13,2,0,0,0,0,0,0,0,0,0
12043,0,0,0,0,0,4,0,0,0,0,618,0
12044,2,47,1,0,0,0,0,0,0,0,0,0
12045,0,0,0,1,0,68,0,0,0,0,0,0
12046,4,11,5,0,0,0,0,0,0,0,0,0
12047,4,1,0,0,0,0,0,0,0,0,0,0
12048,0,23,1,0,0,0,0,0,0,0,0,0
12049,0,0,0,0,0,19,0,0,0,14,3714,1
12050,0,0,0,0,0,0,0,0,0,0,0,0
12051,0,12,0,0,0,0,0,0,0,0,0,0
12052,0,0,0,0,0,0,51,134,6,0,0,0
12053,0,0,0,0,0,24,0,0,0,3,2723,0
12054,0,0,0,0,0,3,0,0,0,0,0,0
12055,0,0,0,0,6,273,0,0,0,0,0,0
12056,0,0,0,10,0,0,0,0,0,0,0,0
12057,0,0,0,0,0,0,0,3,7,0,0,0
12058,0,0,0,0,0,40,0,0,0,0,0,0
12059,0,0,0,0,0,0,6,0,0,0,0,0
12060,1,25,6,0,0,0,0,0,0,0,0,0
12061,4,40,20,0,0,0,0,0,0,0,0,0
12062,0,0,0,0,0,0,1,0,0,0,0,0
12063,0,0,0,0,0,0,0,0,0,0,0,0
12064,2,23,2,0,0,0,1,0,0,0,0,0
12065,1,50,2,0,0,0,0,0,0,0,0,0
12066,0,0,0,1,0,28,0,0,0,0,0,0
12067,0,0,0,0,7,0,73,2147,7,0,0,0
12068,0,0,4,0,0,3,0,0,0,39,1166,4
12069,0,0,0,4,0,0,0,0,0,0,0,0
12070,0,0,0,0,0,0,117,2718,13,0,0,0
12071,0,0,0,0,0,0,408,58,1,0,0,0
12072,0,75,2,0,0,0,0,0,0,0,0,0
12073,0,0,0,0,0,2,0,0,0,1,801,0
12074,5,4,1,0,0,0,0,0,0,0,0,0
12075,0,258,0,0,0,0,1,0,0,0,0,0
12076,0,0,0,0,0,0,0,0,0,1,1896,0
12077,0,7,3,0,0,0,0,0,0,0,0,0
12078,0,0,0,0,0,0,4,5,0,0,0,0
12079,0,0,0,0,0,0,168,2,1,0,0,0
12080,0,0,0,0,0,0,41,4,0,0,0,0
12081,0,0,0,0,0,0,0,0,0,0,288,0
12082,36,16,6,0,0,0,0,0,0,0,0,0
12083,0,12,0,0,0,0,0,0,0,0,0,0
12084,0,0,0,0,0,4,0,0,0,3,813,0
12085,0,0,0,0,0,1,0,0,0,57,927,1
12086,0,0,0,0,0,43,0,0,0,0,0,0
12087,0,0,0,0,0,1,0,0,0,0,0,0
12088,0,64,0,0,0,0,0,0,0,0,0,0
12089,0,0,0,0,0,0,0,0,0,0,1,0
12090,0,0,0,0,0,0,0,0,0,0,0,0
12091,5,111,3,0,0,0,0,0,0,0,0,0
12092,0,0,0,0,1,0,0,52,0,0,0,0
12093,0,0,0,0,0,0,0,0,0,0,3,0
12094,0,0,0,0,2,44,0,0,0,0,0,0
12095,3,42,4,0,0,0,0,0,0,0,0,0
12096,0,0,0,0,0,5,0,0,0,0,0,0
12097,4,567,1,0,0,0,4,0,0,0,0,0
12098,0,0,0,0,0,0,24,6,0,0,0,0
12099,0,0,0,0,0,0,0,0,0,0,76,0
12100,0,0,0,0,10,125,0,0,0,22,19605,0
12101,0,0,0,2,18,1,0,0,0,0,0,0
12102,0,0,0,0,0,0,0,0,0,0,119,0
12103,10,245,2,0,0,0,0,0,0,0,0,0
12104,0,0,0,0,0,0,0,1,0,0,0,0
12105,0,2,1,0,0,0,0,0,0,0,0,0
12106,0,0,0,0,0,0,48,42,0,0,0,0
12107,0,0,0,0,0,14,0,0,0,0,0,0
12108,0,0,0,2,0,0,0,0,0,0,0,0
12109,0,0,0,0,0,103,0,0,0,0,0,0
12110,3,69,0,0,0,0,0,0,0,0,0,0
12111,0,0,0,0,0,0,69,8,1,0,0,0
12112,0,0,0,0,0,45,0,0,0,0,0,0
12113,0,0,0,87,8,3,0,0,0,0,0,0
12114,0,0,0,0,0,1,0,0,0,4,435,0
12115,0,0,0,0,0,21,0,0,0,15,3728,18
12116,0,0,0,0,0,2,0,0,0,29,448,0
12117,0,0,0,0,1,1,0,0,0,0,0,0
12118,0,0,0,1,16,114,0,0,0,0,0,0
12119,0,0,0,0,0,30,0,0,0,4,2238,1
12120,0,0,0,0,0,0,0,0,0,2,58,0
12121,88,75,5,0,0,0,1,0,0,0,0,0
12122,0,0,0,54,5,2,0,0,0,0,0,0
12123,0,0,0,0,0,0,0,0,0,0,14,0
12124,23,91,61,0,0,0,1,0,0,0,0,0
12125,0,0,0,0,0,3,0,0,0,0,0,0
12126,5,4,0,0,0,0,0,0,0,0,0,0
12127,0,0,0,0,0,40,0,0,0,0,0,0
12128,0,0,0,0,1,0,35,75,0,0,0,0
12129,0,0,0,0,0,0,0,0,0,2,4,0
12130,8,99,6,0,0,0,0,0,0,0,0,0
12131,0,0,0,0,0,0,59,13,0,0,0,0
12132,0,0,0,0,0,0,0,0,0,1,336,0
12133,0,0,0,12,12,66,0,0,0,0,0,0
12134,0,0,0,0,9,40,0,0,0,0,0,0
12135,0,0,0,3,1,0,0,0,0,0,0,0
12136,0,0,0,16,3,89,0,0,0,0,0,0
12137,0,0,0,0,0,0,11,26,0,0,0,0
12138,0,0,0,0,0,83,0,0,0,0,201,0
12139,0,0,0,7,0,125,0,0,0,0,0,0
12140,1,5,0,0,0,0,0,0,0,0,0,0
12141,0,0,2,0,0,0,0,0,0,326,144,0
12142,0,0,0,16,1,8,0,0,0,0,0,0
12143,0,0,0,0,0,0,8,15,0,0,0,0
12144,0,0,0,0,0,0,0,0,0,0,17,0
12145,0,0,0,9,36,37,0,0,0,0,0,0
12146,0,0,0,0,0,0,0,0,0,5,1,0
12147,9,0,0,0,0,0,0,0,0,0,0,0
12148,3,84,33,0,0,0,0,0,0,2,0,0
12149,0,0,0,0,0,0,28,0,6,0,0,0
12150,3,0,0,0,0,0,0,0,0,0,0,0
12151,1,33,4,0,0,0,0,0,0,0,0,0
12152,0,7,0,0,0,0,29,38,0,0,0,0
12153,0,0,0,0,0,1,0,0,0,0,398,9
12154,0,0,0,0,24,23,0,0,0,0,7,0
12155,7,0,0,12,0,2,0,0,0,0,0,0
12156,1,1,0,0,0,0,0,0,0,0,0,0
12157,0,0,0,0,0,22,0,0,0,0,0,0
12158,0,0,0,0,0,0,5,0,2,0,0,0
12159,19,56,20,4,0,0,0,0,0,0,0,0
12160,0,4,0,0,0,0,163,7,0,0,0,0
12161,0,0,0,0,0,0,0,0,0,23,0,63
12162,20,25543,0,0,0,0,126,0,2,0,0,0
12163,0,5,0,0,5,0,318,484,0,0,0,0
12164,0,0,0,0,0,0,1,10,0,0,0,0
12165,0,0,0,0,0,0,0,0,0,1,6,0
12166,0,0,0,2,1,28,0,0,0,0,0,0
12167,0,0,0,0,0,0,28,76,5,0,0,0
12168,0,0,0,0,0,5,0,0,0,0,0,0
12169,0,0,0,80,3,6,0,0,0,0,0,0
12170,0,0,0,0,0,0,32,9,0,0,0,0
12171,0,0,0,0,0,0,0,0,0,4,486,2
12172,0,0,0,1,0,11,0,0,0,0,0,0
12173,0,5,0,0,0,0,0,0,0,0,0,0
12174,0,29,20,0,0,0,0,0,0,0,0,0
12175,0,0,0,12,2,7,0,0,0,0,0,0
12176,0,0,0,0,0,0,30,1,0,0,0,0
12177,0,0,0,0,0,0,0,0,0,0,0,0
12178,0,0,0,1,0,10,0,0,0,0,0,0
12179,0,1,0,0,0,0,77,7,0,0,0,0
12180,8,95,11,0,0,0,0,0,0,0,0,0
12181,0,0,0,1,16,32,0,0,0,0,0,0
12182,0,0,0,1,13,50,0,0,0,0,0,0
12183,0,0,0,0,0,0,0,0,0,1,101,0
12184,0,0,0,0,0,36,0,0,0,0,0,0
12185,0,0,0,0,0,0,3,0,0,0,0,0
12186,1,6,3,0,0,0,0,0,0,0,0,0
12187,1,482,4,0,0,0,2,0,0,0,0,0
12188,0,0,0,0,1,0,23,291,0,0,0,0
12189,0,0,0,2,1,4,0,0,0,0,0,0
12190,0,0,0,3,48,80,0,0,0,0,0,0
12191,0,0,0,0,0,0,89,484,2,0,0,0
12192,0,0,0,0,0,10,0,0,0,0,0,0
12193,0,0,0,0,4,24,0,0,0,0,0,0
12194,0,0,0,0,0,0,0,0,0,9,114,0
12195,0,0,0,0,0,0,0,0,0,0,0,0
12196,0,0,0,1,12,30,0,0,0,0,0,0
12197,2,0,56,0,0,0,0,0,0,0,0,0
12198,0,11,0,0,0,0,0,0,0,0,0,0
12199,0,72,0,0,0,0,0,0,0,0,0,0
12200,0,1,0,0,0,0,0,0,0,0,0,0
12201,16,4,0,0,0,0,0,0,0,0,0,0
12202,0,0,0,0,0,0,26,418,6,0,0,0
12203,0,0,0,0,0,32,0,0,0,0,0,0
12204,0,0,0,0,0,0,0,0,0,0,0,0
12205,0,0,0,0,0,0,12,4,16,0,1,0
12206,0,0,0,0,0,0,0,0,0,0,0,0
12207,0,14,1,0,0,0,0,0,0,0,0,0
12208,0,0,0,0,0,0,27,0,0,0,0,0
12209,0,1,0,0,0,0,0,0,0,0,0,0
12210,0,12,2,0,0,0,0,0,0,0,0,0
12211,0,0,0,0,0,0,33,16,0,0,0,0
12212,0,0,0,0,28,3,0,0,0,0,0,0
12213,0,0,0,0,0,1,0,0,3,2,252,16
12214,0,0,0,3,4,6,0,0,0,0,0,0
12215,0,0,0,0,0,13,0,0,0,0,0,0
12216,0,0,0,0,0,1,0,0,0,0,0,0
12217,0,0,0,0,0,0,11,0,0,0,0,0
12218,0,0,0,0,0,0,0,0,0,0,0,0
12219,0,4,0,0,0,0,0,0,0,0,0,0
12220,0,0,0,0,0,36,0,0,0,0,0,0
12221,0,0,0,0,0,0,6,0,0,0,0,0
12222,0,0,0,0,1,9,0,0,0,0,0,0
12223,0,0,0,0,0,0,46,71,2,0,0,0
12224,0,0,0,0,0,0,47,8,0,0,0,0
12225,0,0,0,0,0,1,0,0,0,0,392,0
12226,0,0,0,1,1,37,0,0,0,0,0,0
12227,0,0,0,0,0,0,0,0,0,0,0,0
12228,0,0,0,0,0,0,0,0,0,0,0,0
12229,0,28,0,0,0,0,0,0,0,0,0,0
12230,0,0,0,1,5,2,0,0,0,0,0,0
12231,0,0,0,0,0,0,0,0,0,4,65,0
12232,0,0,0,11,3,25,0,0,0,0,0,0
12233,0,0,0,0,0,0,1,0,0,0,0,0
12234,12,152,23,0,0,0,0,0,0,0,0,0
12235,3,58,66,0,0,0,0,0,0,0,0,0
12236,0,0,0,0,4,3,0,0,0,0,0,0
12237,0,0,0,0,0,1,0,0,0,0,0,0
12238,0,0,0,4,0,29,0,0,0,0,1,0
12239,0,0,0,0,0,0,6,1,0,0,0,0
12240,0,8,0,0,0,0,0,0,0,0,0,0
12241,0,0,0,0,0,1,0,0,0,6,227,0
12242,0,0,0,0,1,26,0,0,0,2,589,0
12243,0,0,0,0,19,0,96,523,0,0,0,0
12244,0,0,0,1,0,45,0,0,0,0,0,0
12245,0,0,0,0,0,0,10,0,0,0,0,0
12246,0,0,1,0,0,0,0,0,0,0,0,0
12247,0,0,0,0,0,30,0,0,0,0,0,0
12248,0,0,0,0,0,0,34,22,13,0,0,0
12249,0,0,0,0,0,5,0,0,0,0,156,0
12250,30,51,7,0,0,0,0,0,0,0,0,0
12251,0,0,0,0,0,0,30,10,12,0,0,0
12252,0,0,0,0,0,0,0,0,0,12,7,0
12253,0,0,0,0,0,2,0,0,0,1,250,12
12254,6,2,6,0,0,0,0,0,0,0,0,0
12255,0,0,0,1,0,13,0,0,0,0,0,0
12256,0,0,0,0,2,0,7,121,7,0,0,0
12257,0,0,0,0,0,0,0,0,0,4,0,7
12258,1,4,1,0,0,0,0,0,0,0,0,0
12259,0,46,0,0,0,0,0,0,0,0,0,0
12260,0,0,1,0,0,0,0,0,0,11,1,0
12261,0,0,0,0,0,0,27,31,0,0,0,0
12262,0,0,0,1,1,128,0,0,0,0,2,0
12263,0,14,2,0,0,0,0,0,0,0,0,0
12264,0,7,0,0,0,0,0,0,0,0,0,0
12265,0,0,0,0,0,0,11,3,3,0,0,0
12266,0,0,0,13,1,9,0,0,0,0,0,0
12267,0,0,0,0,1,3,0,0,0,0,0,0
12268,0,0,0,0,0,0,84,4,0,0,0,0
12269,0,0,0,0,0,0,3,0,1,0,0,0
12270,1,3,0,0,0,0,0,0,0,0,0,0
12271,0,25,3,0,0,0,0,0,0,0,0,0
12272,0,1,0,0,0,0,0,0,0,0,0,0
12273,2,14,2,0,0,0,0,0,0,0,0,0
12274,0,0,0,0,0,0,41,35,0,0,0,0
12275,1,0,4,0,0,0,0,0,0,0,0,0
12276,0,0,0,0,0,0,0,0,0,0,0,0
12277,0,0,0,0,0,0,2,0,0,0,0,0
12278,0,0,0,0,0,0,13,27,0,0,0,0
12279,0,0,0,0,0,0,0,0,0,0,4,1
12280,0,0,0,10,6,24,0,0,0,0,0,0
12281,0,0,0,0,0,0,0,1,0,0,0,0
12282,0,9,1,0,0,0,0,0,0,0,0,0
12283,0,0,0,0,1,67,0,0,0,0,0,0
12284,0,0,0,0,0,0,0,0,0,0,0,0
12285,13,2,1,0,0,0,0,0,0,0,0,0
12286,2,26,5,0,0,0,0,0,0,0,0,0
12287,0,0,0,0,0,0,2,6,0,0,0,0
12288,0,0,0,0,0,0,0,0,0,1,6,0
12289,0,0,0,1,0,44,0,0,0,0,0,0
12290,0,2,0,0,0,0,0,0,0,0,0,0
12291,0,0,0,2,1,2,0,0,0,0,0,0
12292,0,0,0,0,1,0,24,33,10,0,0,0
12293,0,6,0,0,0,0,0,0,0,0,0,0
12294,0,0,0,0,0,0,0,0,0,9,86,1
12295,0,0,1,0,0,0,0,0,0,106,940,0
12296,0,0,0,0,0,0,0,0,0,16,0,0
12297,4,6,1,0,0,0,0,0,0,0,0,0
12298,2,30,3,0,0,0,0,0,0,0,0,0
12299,0,2,6,0,0,0,0,0,0,0,0,0
12300,0,0,0,0,1,1,0,0,0,0,0,0
12301,0,0,0,0,1,0,6,9,0,0,0,0
12302,0,0,0,0,0,2,0,0,0,0,0,0
12303,4,1,0,0,0,0,0,0,0,0,0,0
12304,0,0,0,0,0,115,0,0,0,0,0,0
12305,0,0,0,0,0,0,0,0,0,0,0,0
12306,0,58,0,0,0,0,0,0,0,0,0,0
12307,1,23,0,0,0,0,0,0,0,0,0,0
12308,0,0,2,0,0,0,0,0,0,313,2,0
12309,1,13,0,0,0,0,0,0,0,0,0,0
12310,0,0,0,0,0,0,129,26,1,0,0,0
12311,0,0,0,0,0,0,27,6,0,0,0,0
12312,0,0,0,0,0,2,0,0,0,0,869,0
12313,0,0,0,0,1,92,0,0,0,0,0,0
12314,0,0,1,0,0,0,0,0,0,0,0,0
12315,0,2,0,0,0,0,95,0,0,0,0,0
12316,0,106,0,0,0,0,0,0,0,0,0,0
12317,0,0,0,0,7,0,0,0,0,0,0,0
12318,0,0,0,0,0,0,0,0,0,3,201,0
12319,0,0,0,10,5,30,0,0,0,0,0,0
12320,0,0,0,0,0,0,1,0,1,0,0,0
12321,6,2,5,0,0,0,0,0,0,0,0,0
12322,0,0,0,0,0,0,203,57,1,0,0,0
12323,0,0,0,0,0,0,2,0,0,0,0,0
12324,0,0,0,0,0,0,0,0,0,0,0,0
12325,0,0,0,0,0,0,0,0,0,1,211,0
12326,0,0,0,0,0,0,0,0,0,0,0,0
12327,0,36,0,0,0,0,1,0,0,0,0,0
12328,0,0,0,0,0,0,14,3,0,0,0,0
12329,0,1,7,0,0,0,0,0,0,0,0,0
12330,0,0,0,0,1,0,2,15,0,0,0,0
12331,0,0,0,0,0,0,63,14,0,0,0,0
12332,0,0,0,0,0,0,65,15,0,0,0,0
12333,0,0,0,0,0,0,0,0,0,1,6,0
12334,116,17,2,0,0,0,0,0,0,0,0,0
12335,0,0,0,0,0,0,0,0,0,0,0,0
12336,0,14,0,0,0,0,0,0,0,0,0,0
12337,1,23,0,0,0,0,0,0,0,0,0,0
12338,0,0,0,0,0,0,13,2,0,0,0,0
12339,0,0,0,0,0,2,0,0,0,0,0,0
12340,0,0,0,2,0,11,0,0,0,0,0,0
12341,2,5,0,0,0,0,0,0,0,0,0,0
12342,0,0,0,0,0,0,0,0,0,0,190,0
12343,0,0,0,0,1,1,0,0,0,0,0,0
12344,0,4,0,0,0,0,0,0,0,0,0,0
12345,0,0,0,0,0,0,17,1,0,0,0,0
12346,0,0,0,0,0,5,0,0,0,0,0,0
12347,0,0,0,0,0,0,6,4,0,0,0,0
12348,0,0,0,0,0,0,0,0,0,0,40,0
12349,0,0,0,2,1,46,0,0,0,0,0,0
12350,1,1,0,0,0,0,0,0,0,0,0,0
12351,0,0,0,0,0,0,0,0,0,0,0,0
12352,0,0,0,0,0,0,0,0,0,0,0,0
12353,0,0,0,0,0,0,0,0,0,1,1,0
12354,1,0,0,0,0,0,0,0,0,0,0,0
12355,0,0,0,0,0,0,53,4,0,0,0,0
12356,0,14,0,0,0,0,0,0,0,0,0,0
12357,0,0,0,0,0,8,0,0,0,1,2554,0
12358,4,15,4,0,0,0,0,0,0,0,0,0
12359,0,0,1,0,0,0,0,0,0,0,0,0
12360,0,0,0,0,0,3,0,0,0,0,0,0
12361,0,0,0,0,0,0,2,21,3,0,0,0
12362,0,0,0,0,0,0,0,0,0,1,5,0
12363,0,0,0,0,0,2,0,0,0,0,0,0
12364,0,0,0,4,0,34,0,0,0,0,0,0
12365,0,0,0,0,0,2,0,0,0,0,0,0
12366,0,0,0,0,0,2,0,0,0,0,0,0
12367,0,0,0,0,0,0,0,0,0,0,242,0
12368,4,5,0,0,0,0,0,0,0,0,0,0
12369,0,0,0,0,0,0,0,0,0,35,100,0
12370,0,0,0,3,0,14,0,0,0,0,0,0
12371,0,0,0,0,0,0,0,0,0,0,0,0
12372,0,0,0,0,0,2,0,0,0,0,0,0
12373,0,0,0,0,0,0,0,7,0,0,0,0
12374,0,0,0,0,0,0,0,0,0,3,419,0
12375,0,0,0,0,0,0,0,0,0,0,0,0
12376,0,0,0,0,0,50,0,0,0,0,0,0
12377,0,0,1,0,0,0,0,0,0,0,0,0
12378,0,0,0,0,0,0,28,0,0,0,0,0
12379,0,8,0,0,0,0,0,0,0,0,0,0
12380,0,0,0,0,0,0,0,0,0,0,0,0
12381,0,31,0,0,0,0,0,0,0,0,0,0
12382,0,0,0,0,0,0,33,3,0,0,0,0
12383,0,0,0,0,1,8,0,0,0,0,0,0
12384,0,0,0,0,0,0,0,0,0,0,0,0
12385,0,0,0,0,0,0,66,34,0,0,0,0
12386,0,0,0,0,0,0,6,1,0,0,0,0
12387,0,12,2,0,0,0,0,0,0,0,0,0
12388,0,0,0,0,0,1207,0,0,0,0,2,0
12389,0,6,3,0,0,0,0,0,0,0,0,0
12390,0,67,13,0,0,0,0,0,0,0,0,0
12391,0,0,0,3,0,14,0,0,0,0,0,0
12392,0,0,0,0,0,0,7,0,0,0,0,0
12393,0,30,4,0,0,0,0,0,0,0,0,0
12394,0,0,0,0,1,55,0,0,0,0,0,0
12395,0,0,0,0,0,0,57,1,2,0,0,0
12396,0,0,0,0,0,0,0,0,0,0,117,1
12397,1,28,0,0,0,0,0,0,0,0,0,0
12398,0,0,0,0,0,1,0,0,0,16,4,0
12399,0,0,0,0,0,0,0,0,0,0,0,0
12400,85,0,0,0,0,7,0,0,0,98,2174,2
12401,17,3,3,0,0,0,0,0,0,0,0,0
12402,0,9,18,0,0,0,0,0,0,0,0,0
12403,0,0,0,0,0,0,0,0,0,0,281,0
12404,0,0,0,0,0,0,0,0,0,0,0,0
12405,0,9,0,0,0,0,0,0,0,0,0,0
12406,0,0,0,0,0,0,0,0,0,0,408,1
12407,2,43,0,0,0,0,0,0,0,0,0,0
12408,0,0,0,0,2,0,0,0,0,0,0,0
12409,0,0,0,1,0,8,0,0,0,0,0,0
12410,1,610,1,0,0,0,1,0,0,0,0,0
12411,0,0,0,0,6,0,1,0,0,0,0,0
12412,0,0,0,0,0,4,0,0,0,1,619,0
12413,53,10,1,0,0,0,0,0,0,0,0,0
12414,4,10,2,0,0,0,0,0,0,0,0,0
12415,0,0,0,0,0,1,0,0,0,1,288,1
12416,3,25,0,0,0,0,0,0,0,0,0,0
12417,15,31,1,0,0,0,0,0,0,0,0,0
12418,0,0,0,0,0,32,0,0,0,0,0,0
12419,0,0,0,0,0,0,0,17,1,0,0,0
12420,0,0,0,0,0,0,0,0,0,0,5,0
12421,21,35,3,0,0,0,0,0,0,0,0,0
12422,0,0,21,0,0,0,0,0,0,0,0,0
12423,0,0,0,0,0,0,11,1,0,0,0,0
12424,0,58,0,0,0,0,1,0,0,0,0,0
12425,0,0,0,0,0,0,0,0,1,0,0,0
12426,0,0,0,0,0,0,0,0,0,0,0,0
12427,0,0,0,4,0,20,0,0,0,0,0,0
12428,0,0,0,0,0,0,6,0,0,0,0,0
12429,0,0,0,0,0,0,2,1,0,0,0,0
12430,0,0,0,0,0,10,0,0,0,0,0,0
12431,0,0,0,0,0,0,0,0,0,0,0,0
12432,0,0,0,0,0,0,0,2,0,0,0,0
12433,0,0,0,0,0,14,0,0,0,0,1,0
12434,0,0,0,0,0,0,45,2,1,0,0,0
12435,0,0,0,0,0,0,0,0,0,0,0,0
12436,0,0,0,4,7,64,0,0,0,0,0,0
12437,0,0,0,0,0,0,0,0,0,0,3,0
12438,0,0,0,0,0,0,0,0,0,0,4,0
12439,0,0,0,0,0,17,0,0,0,44,2474,2
12440,0,0,0,0,1,21,0,0,0,0,0,0
12441,0,0,0,0,0,0,0,0,0,0,0,0
12442,0,0,0,0,0,0,5,0,1,0,0,0
12443,2,2,2,0,0,0,0,0,0,0,0,0
12444,0,12,1,0,0,0,0,0,0,0,0,0
12445,0,0,0,0,0,0,0,0,0,0,95,0
12446,1,25,6,0,0,0,1,0,0,0,0,0
12447,0,0,0,0,0,16,0,0,0,0,0,0
12448,0,11,0,0,0,0,0,0,0,0,0,0
12449,0,8,0,0,0,0,0,0,0,0,0,0
12450,0,0,0,0,0,1,0,0,0,0,0,0
12451,0,1,0,0,0,0,0,0,0,0,0,0
12452,0,0,0,0,0,0,0,0,0,6,14,0
12453,0,0,0,0,0,0,0,0,0,0,1,0
12454,0,0,0,3,14,139,0,0,0,0,0,0
12455,0,0,2,0,0,0,0,0,0,544,98,0
12456,0,0,0,0,0,0,0,0,0,0,0,0
12457,0,0,0,5,0,11,0,0,0,0,0,0
12458,0,91,0,0,0,0,0,0,0,0,0,0
12459,0,0,0,0,0,13,0,0,0,0,1656,1
12460,40,20,1,0,0,0,0,0,0,0,0,0
12461,0,11,0,0,0,0,0,0,0,0,0,0
12462,0,0,0,0,0,0,0,0,0,0,136,0
12463,20,33,5,0,0,0,0,0,0,0,0,0
12464,0,0,0,0,0,0,68,5,0,0,0,0
12465,0,0,0,0,0,0,0,0,0,0,13,0
12466,12,28,1,0,0,0,0,0,0,0,0,0
12467,0,0,0,0,0,0,1,4,1,0,0,0
12468,0,0,0,0,0,1,0,0,0,2,70,0
12469,0,0,0,0,0,31,0,0,0,35,1147,0
12470,0,0,2,0,0,0,0,0,0,0,0,0
12471,0,16,1,0,0,0,0,0,0,0,0,0
12472,0,22,0,0,0,0,0,0,0,0,0,0
12473,0,0,0,0,0,55,0,0,0,10,2812,0
12474,0,0,0,0,0,1,0,0,0,0,0,0
12475,0,7,0,0,0,0,0,0,0,0,0,0
12476,1,3,3,0,0,0,0,0,0,1,0,0
12477,0,0,0,0,0,2,0,0,0,0,0,0
12478,0,0,0,0,0,0,152,1,0,0,0,0
12479,0,0,0,0,0,0,77,0,0,0,0,0
12480,0,0,0,0,0,20,0,0,0,0,1,0
12481,0,0,0,5,0,9,0,0,0,0,0,0
12482,0,0,0,0,0,0,77,0,0,0,0,0
12483,0,0,0,0,0,0,0,0,0,0,0,0
12484,0,0,0,0,0,18,0,0,0,5,1463,1
12485,1,13,4,0,0,0,0,0,0,0,0,0
12486,0,0,0,0,0,72,0,0,0,0,0,0
12487,1,13,0,0,0,0,0,0,0,0,0,0
12488,0,0,0,0,0,6,0,0,0,0,1356,0
12489,0,0,0,0,0,0,0,0,0,0,0,0
12490,63,85,1,0,0,0,1,0,0,0,0,0
12491,0,0,0,0,0,0,19,2,0,0,0,0
12492,0,0,0,0,0,0,0,0,0,0,0,0
12493,0,0,0,0,0,0,0,0,0,8,180,23
12494,0,0,0,0,0,15,0,0,0,0,0,0
12495,0,14,1,0,0,0,0,0,0,0,0,0
12496,0,0,0,0,0,105,0,0,0,0,0,0
12497,0,1,20,0,0,0,0,0,0,0,0,0
12498,1,41,0,0,0,0,0,0,0,0,0,0
12499,0,0,0,0,0,0,0,0,0,2,122,0
12500,0,4,0,0,0,0,0,0,0,0,0,0
12501,0,0,0,0,0,0,0,0,0,0,47,0
12502,8,14,0,0,0,0,0,0,0,0,0,0
12503,0,0,0,0,0,36,0,0,0,0,0,0
12504,1,26,0,0,0,0,0,0,0,0,0,0
12505,0,0,0,1,0,46,0,0,0,0,0,0
12506,0,1,2,0,0,0,0,0,0,0,0,0
12507,1,16,0,0,0,0,0,0,0,0,0,0
12508,1,3,2,0,0,0,0,0,0,0,0,0
12509,3,1,7,0,0,0,0,0,0,0,0,0
12510,3,23,0,0,0,0,0,0,0,0,0,0
12511,0,0,0,4,3,77,0,0,0,0,0,0
12512,0,4,0,0,0,0,1,0,0,0,0,0
12513,0,0,0,0,0,19,0,0,0,0,2056,0
12514,0,2,0,0,4,0,71,593,4,0,0,0
12515,0,0,0,1,0,0,0,0,0,0,0,0
12516,0,0,0,0,0,0,2,2,0,0,0,0
12517,0,0,0,0,0,5,0,0,0,0,0,0
12518,0,0,0,0,0,0,18,5,0,0,0,0
12519,12,710,11,0,0,0,3,0,0,0,0,0
12520,0,0,0,1,2,18,0,0,0,0,0,0
12521,0,0,0,0,2,0,10,238,0,0,0,0
12522,0,0,0,0,0,0,6,17,0,0,0,0
12523,0,0,0,0,0,23,0,0,0,0,0,0
12524,1,20,1,0,0,0,0,0,0,0,0,0
12525,0,0,0,0,0,59,0,0,0,2,8347,0
12526,20,51,3,1,0,0,0,0,0,0,0,0
12527,0,16,2,0,0,0,0,0,0,0,0,0
12528,0,0,0,0,0,2,0,0,0,6,326,0
12529,1,29,5,0,0,0,0,0,0,0,0,0
12530,0,0,0,0,1,29,0,0,0,0,0,0
12531,0,0,0,0,2,0,0,0,0,0,0,0
12532,0,0,0,1,0,13,0,0,0,0,0,0
12533,1,98,0,0,0,0,0,0,0,0,0,0
12534,0,0,1,0,0,103,0,0,0,15,2313,0
12535,0,0,0,0,10,7,0,0,0,0,0,0
12536,0,0,0,0,0,1,0,0,0,0,0,0
12537,1,0,0,0,0,0,0,0,0,0,0,0
12538,0,0,0,0,1,61,0,0,0,0,0,0
12539,0,0,0,0,0,0,7,13,1,0,0,0
12540,0,0,0,0,0,0,0,0,0,0,120,0
12541,48,29,2,0,0,0,0,0,0,0,0,0
12542,0,0,0,0,8,1,0,0,0,0,0,0
12543,0,0,0,0,0,0,0,0,0,0,1,0
12544,88,85,1,4,0,0,0,0,0,0,0,0
12545,0,1,0,0,0,0,70,16,0,0,0,0
12546,0,0,0,0,0,0,0,0,0,0,68,0
12547,9,78,11,0,0,0,0,0,0,0,0,0
12548,0,0,0,1,10,14,0,1,0,0,0,0
12549,0,0,0,0,0,3,0,0,0,0,0,0
12550,0,0,0,0,0,0,66,1,0,0,0,0
12551,0,0,0,0,1,0,0,0,0,0,0,0
12552,0,0,0,0,0,0,0,0,0,0,0,0
12553,0,0,0,0,0,0,1,2,1,0,0,0
12554,0,0,0,0,0,0,48,0,10,0,0,0
12555,75,130,44,0,0,0,1,0,0,0,0,0
12556,7,36,20,0,0,0,0,0,0,0,0,0
12557,3,241,18,0,0,0,1,0,0,0,0,0
12558,0,0,0,0,1,41,0,0,0,0,0,0
12559,0,0,0,0,0,1,0,0,0,18,396,2
12560,0,0,0,0,0,0,0,0,0,0,1,0
12561,26,1,0,0,0,0,0,0,0,0,0,0
12562,2,25,3,0,0,0,0,0,0,0,0,0
12563,0,0,0,0,0,0,0,0,0,0,0,0
12564,3,13,0,0,0,0,0,0,0,0,0,0
12565,0,0,0,0,0,0,16,315,3,0,0,0
12566,0,0,0,0,0,0,24,82,1,0,0,0
12567,0,0,0,1,0,1,0,0,0,0,0,0
12568,0,0,0,0,1,25,0,0,0,0,0,0
12569,0,0,0,0,0,0,91,15,0,0,0,0
12570,0,0,0,0,0,6,0,0,0,0,0,0
12571,0,32,0,0,0,0,0,0,0,0,0,0
12572,0,0,0,0,0,0,31,5,0,0,0,0
12573,1,6,0,0,0,0,0,0,0,0,0,0
12574,0,0,0,1,1,23,0,0,0,0,0,0
12575,0,0,0,0,0,0,5,5,0,0,0,0
12576,0,0,0,0,0,0,0,0,0,0,6,0
12577,1,19,14,0,0,0,0,0,0,0,0,0
12578,0,0,0,0,0,0,1,9,1,0,0,0
12579,1,3,0,0,0,0,0,0,0,0,0,0
12580,0,0,0,0,0,44,0,0,0,0,0,0
12581,6,5,0,0,0,0,0,0,0,0,0,0
12582,0,0,0,0,0,0,3,2,0,0,0,0
12583,0,0,0,1,0,10,0,0,0,0,0,0
12584,1,0,0,0,0,0,0,0,0,0,0,0
12585,0,17,1,0,0,0,0,0,0,0,0,0
12586,0,9,2,0,0,0,0,0,0,0,0,0
12587,0,31,4,0,0,0,0,0,0,0,0,0
12588,0,0,0,0,2,5,0,0,0,0,0,0
12589,0,0,0,0,1,7,0,0,0,0,0,0
12590,0,0,0,0,0,0,5,2,0,0,0,0
12591,0,0,0,0,1,139,0,0,0,0,1,0
12592,0,0,0,3,20,48,0,0,0,0,0,0
12593,0,0,0,0,0,0,0,0,0,3,0,0
12594,4,171,3,0,0,0,0,0,0,0,0,0
12595,0,12,5,0,0,0,0,0,0,0,0,0
12596,0,0,0,0,0,1,0,0,0,8,225,0
12597,0,0,0,2,0,6,0,0,0,0,0,0
12598,0,0,0,2,0,68,0,0,0,0,0,0
12599,6,15,2,0,0,0,0,0,0,0,0,0
12600,0,0,0,0,0,0,13,30,1,0,0,0
12601,0,0,0,2,19,21,0,0,0,0,0,0
12602,0,0,0,0,0,0,2,0,25,0,0,0
12603,9,4,19,0,0,0,0,0,0,0,0,0
12604,0,15,3,0,0,0,0,0,0,0,0,0
12605,1,33,2,0,0,0,0,0,0,0,0,0
12606,0,0,0,0,0,1,0,0,0,0,0,0
12607,0,0,0,6,2,9,0,0,0,0,0,0
12608,0,2,0,0,0,0,0,0,0,0,0,0
12609,0,0,0,0,0,0,13,8,0,0,0,0
12610,0,0,0,1,0,8,0,0,0,0,0,0
12611,0,59,1,0,0,0,1,0,0,0,0,0
12612,0,0,0,8,2,87,0,0,0,0,1,0
12613,0,0,0,0,1,0,64,16,0,0,0,0
12614,0,0,0,0,0,0,33,8,0,0,0,0
12615,1,24,7,0,0,0,0,0,0,0,0,0
12616,0,0,0,0,0,1,0,0,0,0,463,0
12617,4,5,1,0,0,0,0,0,0,0,0,0
12618,0,15,6,0,0,0,0,0,0,0,0,0
12619,0,0,0,0,6,33,0,0,0,0,2,0
12620,0,0,0,9,14,3,0,0,0,0,0,0
12621,0,0,0,0,0,4,0,0,0,0,163,0
12622,0,13,0,0,0,0,0,0,0,0,0,0
12623,0,0,0,0,0,0,0,0,0,3,256,0
12624,0,0,0,0,0,0,0,0,0,10,71,0
12625,0,0,0,0,1,15,0,0,0,0,0,0
12626,0,9,0,0,0,0,0,0,0,0,0,0
12627,0,13,10,0,0,0,0,0,0,0,0,0
12628,0,0,0,0,1,2817,0,0,0,0,22,0
12629,0,0,0,1,2,10,0,0,0,0,0,0
12630,0,0,0,0,0,0,0,0,0,0,0,0
12631,1,11,0,0,0,0,0,0,0,0,0,0
12632,0,0,0,0,0,0,17,10,0,0,0,0
12633,0,0,0,0,0,0,0,0,0,0,18,0
12634,7,172,1,0,0,0,0,0,0,0,0,0
12635,0,0,0,0,0,2,0,0,0,0,0,0
12636,0,0,0,0,0,0,0,0,1,0,0,0
12637,0,0,0,0,0,0,1,1,1,0,0,0
12638,0,0,0,0,0,0,0,0,0,0,1,0
12639,0,0,0,0,0,0,0,0,0,0,0,0
12640,0,0,0,1,8,23,0,0,0,0,0,0
12641,0,0,0,0,0,1,0,0,0,14,133,7
12642,0,0,0,0,7,1,0,0,0,0,0,0
12643,0,0,0,0,0,3,0,0,0,0,0,0
12644,0,463,1,0,0,0,3,0,0,0,0,0
12645,0,0,0,0,4,21,0,0,0,0,0,0
12646,0,0,0,3,0,15,0,0,0,0,0,0
12647,0,0,0,0,0,0,11,5,0,0,0,0
12648,0,0,0,0,0,7,0,0,0,0,0,0
12649,4,53,1,0,0,0,0,0,0,0,0,0
12650,1,25,0,0,0,0,0,0,0,0,0,0
12651,0,0,0,0,0,5,0,0,0,2,1147,0
12652,2,80,0,0,0,0,1,0,0,0,0,0
12653,0,0,0,0,0,0,4,12,0,0,0,0
12654,0,0,0,0,0,0,0,0,0,0,7,0
12655,0,0,0,2,3,75,0,0,0,0,0,0
12656,0,0,0,13,21,11,0,0,0,0,0,0
12657,0,0,0,0,0,3,0,0,0,0,0,0
12658,0,14,1,0,0,0,0,0,0,0,0,0
12659,0,0,5,0,0,0,0,0,0,0,0,0
12660,0,0,0,0,0,0,9,0,0,0,0,0
12661,0,0,0,0,0,0,140,1,0,0,0,0
12662,0,0,0,0,0,0,51,10,0,0,0,0
12663,0,0,0,0,0,2,0,0,0,0,81,0
12664,0,0,0,0,0,0,0,0,0,10,191,0
12665,4,0,2,0,0,0,0,0,0,0,0,0
12666,1,19,1,0,0,0,0,0,0,0,0,0
12667,0,0,0,3,7,39,0,0,0,0,0,0
12668,0,0,0,13,6,1,0,0,0,0,0,0
12669,0,0,0,0,0,0,0,0,0,4,102,0
12670,0,0,0,18,0,35,0,0,0,0,0,0
12671,0,0,0,0,0,0,0,4,0,0,0,0
12672,0,0,0,0,0,0,0,0,0,0,96,4
12673,0,0,0,0,0,23,0,0,0,0,0,0
12674,0,1,0,0,0,0,126,7,4,0,0,0
12675,0,0,0,0,0,6,0,0,0,0,0,0
12676,0,0,0,0,0,2,0,0,0,10,447,0
12677,0,0,0,0,0,0,0,0,0,0,0,0
12678,0,8,0,0,0,0,0,0,0,0,0,0
12679,0,18,1,0,0,0,0,0,0,0,0,0
12680,0,0,0,0,1,39,0,0,0,0,1,0
12681,0,0,0,0,0,2,0,0,0,0,0,0
12682,0,13,0,0,0,0,0,0,0,0,0,0
12683,0,0,0,0,0,0,0,0,0,0,1,0
12684,6,0,0,0,0,0,0,0,0,0,0,0
12685,0,0,0,0,0,0,51,184,1,0,0,0
12686,0,0,4,0,0,0,0,0,0,0,0,0
12687,1,8,1,0,0,0,0,0,0,0,0,0
12688,0,0,0,0,0,63,0,0,0,0,0,0
12689,0,1,0,0,0,0,0,0,0,0,0,0
12690,0,2,0,0,0,0,0,0,0,0,0,0
12691,0,0,0,0,0,15,0,0,0,0,0,0
12692,0,0,0,0,0,0,0,1,0,0,0,0
12693,0,0,0,0,0,0,0,0,0,0,0,0
12694,0,0,0,0,0,0,71,0,1,0,0,0
12695,0,0,0,0,0,0,0,0,0,3,9,0
12696,0,0,0,0,0,0,0,0,0,0,0,0
12697,0,0,0,11,2,6,0,0,0,0,0,0
12698,2,3,1,0,0,0,0,0,0,0,0,0
12699,0,0,0,0,0,0,8,11,0,0,0,0
12700,0,0,0,0,1,14,0,0,0,0,0,0
12701,0,0,0,0,0,0,0,0,0,1,1,0
12702,0,0,0,0,0,0,0,0,0,0,6,0
12703,0,0,0,1,10,54,0,0,0,0,0,0
12704,0,0,0,0,0,0,66,5,0,0,0,0
12705,0,0,0,1,3,22,0,0,0,0,0,0
12706,0,0,0,13,2,14,0,0,0,0,0,0
12707,0,0,0,0,0,0,38,3,1,0,0,0
12708,0,0,0,0,0,20,0,0,0,0,797,0
12709,7,26,14,1,0,0,0,0,0,0,0,0
12710,0,0,0,0,0,6,0,0,0,7,675,0
12711,0,0,0,0,0,4,0,0,0,0,0,0
12712,0,12,0,0,0,0,0,0,0,0,0,0
12713,0,0,0,0,0,0,0,0,0,7,3,2
12714,0,0,0,0,0,0,9,0,0,0,0,0
12715,0,21,5,0,0,0,0,0,0,0,0,0
12716,0,0,0,0,0,0,0,0,0,0,0,0
12717,1,12,0,0,0,0,0,0,0,0,0,0
12718,0,0,0,0,0,0,53,599,4,0,0,0
12719,1,126,7,0,0,0,3,0,0,0,0,0
12720,0,0,0,1,4,30,0,0,0,0,0,0
12721,0,3,0,0,0,0,104,27,0,0,0,0
12722,0,0,0,0,0,28,0,0,0,0,0,0
12723,0,0,0,0,0,1,0,0,0,4,45,2
12724,0,0,0,0,2,50,0,0,0,0,3,0
12725,0,0,0,1,0,0,0,0,0,0,0,0
12726,0,0,0,0,0,0,0,0,0,0,0,0
12727,0,0,0,0,0,44,0,0,0,0,5,0
12728,0,0,0,0,0,0,18,6,0,0,0,0
12729,0,0,0,0,0,0,0,0,0,0,23,0
12730,0,0,0,30,209,54,0,2,0,0,0,0
12731,0,0,0,0,0,0,17,2,0,0,0,0
12732,0,0,0,0,0,0,0,0,0,0,2,0
12733,0,0,0,0,0,0,0,0,0,50,633,0
12734,0,0,0,0,0,0,79,1,0,0,0,0
12735,0,0,0,0,0,0,0,1,2,0,0,0
12736,0,0,0,0,1,17,0,0,0,0,0,0
12737,3,308,1,0,0,0,0,0,0,0,0,0
12738,0,0,0,0,0,0,0,0,0,8,138,0
12739,0,0,0,10,0,39,0,0,0,0,0,0
12740,1,4,0,0,0,0,0,0,0,0,0,0
12741,0,0,0,0,0,4,0,0,0,47,1103,0
12742,0,30,2,0,0,0,0,0,0,0,0,0
12743,0,0,0,0,0,0,0,0,0,2,1,0
12744,2,1,1,0,0,0,0,0,0,0,0,0
12745,0,11,10,0,0,0,0,0,0,0,0,0
12746,0,7,1,0,0,0,0,0,0,0,0,0
12747,0,0,0,0,0,3,0,0,0,128,1449,1
12748,1,0,0,168,1,188,0,0,0,0,0,0
12749,0,8,0,0,0,0,76,14,2,0,0,0
12750,0,0,0,0,0,4,0,0,0,0,155,0
12751,0,0,0,28,52,13,0,2,0,0,0,0
12752,0,0,0,2,0,1,0,0,0,0,0,0
12753,0,0,0,0,0,0,7,9,13,0,0,0
12754,0,0,0,0,0,0,0,0,0,0,421,0
12755,0,249,0,0,0,0,3,0,0,0,0,0
12756,0,0,0,0,0,1,0,0,0,43,1210,2
12757,0,0,0,6,1,31,0,0,0,0,0,0
12758,0,0,0,0,0,0,19,8,1,0,0,0
12759,0,281,24,0,0,0,2,0,1,0,0,0
12760,0,0,0,5,0,133,0,0,0,0,0,0
12761,0,0,0,0,0,0,30,6,0,0,0,0
12762,0,39,5,0,0,0,0,0,0,0,0,0
12763,0,0,0,0,0,0,0,0,0,5,418,0
12764,0,0,0,0,0,0,0,0,0,0,0,0
12765,0,47,2,0,0,0,0,0,0,0,0,0
12766,0,0,0,7,22,21,0,0,0,0,0,0
12767,0,0,0,0,0,0,17,1,0,0,0,0
12768,0,0,0,0,0,0,0,0,0,1,5,0
12769,0,0,0,0,2,0,132,535,1,0,0,0
12770,0,0,0,0,1,9,0,0,0,0,0,0
12771,0,0,0,0,0,1,0,0,0,0,0,0
12772,0,76,0,0,0,0,0,0,0,0,0,0
12773,0,0,0,0,0,0,0,1,0,0,0,0
12774,0,0,0,0,0,0,0,0,0,0,28,1
12775,0,0,0,1,2,57,0,0,0,0,0,0
12776,0,0,0,0,0,0,0,0,0,0,0,0
12777,0,0,0,0,0,0,0,0,0,0,0,0
12778,0,0,0,0,0,200,0,0,0,5,15183,0
12779,0,0,0,0,0,17,0,0,0,0,0,0
12780,0,2,0,0,0,0,0,0,0,0,0,0
12781,0,0,0,0,0,4,0,0,0,0,1033,0
12782,3,3,0,0,0,0,0,0,0,0,0,0
12783,1,7,4,0,0,0,0,0,0,0,0,0
12784,0,0,0,0,0,3,0,0,0,1,738,0
12785,1,22,0,0,0,0,0,0,0,0,0,0
12786,0,0,0,0,0,3,0,0,0,2,673,1
12787,2,67,5,0,0,0,0,0,0,0,0,0
12788,0,24,1,0,0,0,0,0,0,0,0,0
12789,0,0,0,0,0,171,0,0,0,10,9507,1
12790,6,50,2,0,0,0,0,0,0,0,0,0
12791,0,0,3,0,0,0,0,0,0,0,0,0
12792,0,275,5,0,0,0,1,0,0,0,0,0
12793,0,2,0,0,0,0,173,310,0,0,0,0
12794,0,1,0,0,0,0,121,1,0,0,0,0
12795,0,0,0,0,0,0,17,4,0,0,0,0
12796,4,19,21,0,0,0,0,0,0,0,0,0
12797,0,0,0,0,0,0,96,221,1,0,0,0
12798,0,0,0,0,0,0,3,23,0,0,0,0
12799,0,0,0,0,0,2,0,0,0,0,0,0
12800,0,0,0,0,0,0,0,0,0,0,0,0
12801,0,0,0,0,0,0,158,1,1,0,0,0
12802,0,1,0,0,0,0,60,2,0,0,0,0
12803,0,0,0,5,22,6,0,0,0,0,0,0
12804,0,0,0,1,0,0,0,0,0,0,0,0
12805,0,0,0,5,0,37,0,0,0,0,0,0
12806,0,0,0,0,0,0,51,1,0,0,0,0
12807,0,0,0,0,0,1,0,0,0,0,0,0
12808,0,12,0,0,0,0,0,0,0,0,0,0
12809,0,0,0,0,0,7,0,0,0,2,3305,0
12810,0,0,0,0,2,0,0,0,0,0,0,0
12811,65,0,0,758,0,68,0,0,0,0,1,0
12812,0,0,0,0,0,0,0,14,4,0,0,0
12813,0,0,0,0,0,0,0,0,0,0,2,0
12814,0,18,1,0,0,0,0,0,0,0,0,0
12815,0,0,0,0,0,7,0,0,0,7,1082,1
12816,0,0,0,0,0,1,0,0,0,0,0,0
12817,0,1,0,0,1,0,95,121,3,0,0,0
12818,0,0,0,0,0,8,0,0,0,0,0,0
12819,0,0,0,0,0,1,0,0,0,0,0,0
12820,1,696,0,0,0,0,5,0,0,0,0,0
12821,0,0,0,5,10,1,0,0,0,0,0,0
12822,0,0,0,0,0,0,0,0,0,1,1,0
12823,0,0,0,0,0,9,0,0,0,26,766,8
12824,0,2,0,0,0,0,153,1,1,0,0,0
12825,0,21,1,0,0,0,0,0,0,0,0,0
12826,0,0,0,11,13,39,0,0,0,0,0,0
12827,0,0,0,0,1,8,0,0,0,0,0,0
12828,0,0,0,0,0,13,0,0,0,0,0,0
12829,0,27,0,0,0,0,0,0,0,0,0,0
12830,0,0,0,0,0,0,0,0,0,14,1,0
12831,16,3,2,0,0,0,0,0,0,0,0,0
12832,0,0,0,0,5,0,105,889,10,0,0,0
12833,0,0,0,0,0,0,36,6,0,0,0,0
12834,1,37,6,0,0,0,0,0,0,0,0,0
12835,0,0,0,1,12,125,0,0,0,0,0,0
12836,0,0,0,2,0,56,0,0,0,0,0,0
12837,0,0,0,0,3,1,0,0,0,0,0,0
12838,0,0,0,0,0,0,17,42,6,0,0,0
12839,0,0,11,0,0,0,0,0,0,0,0,0
12840,1,4,0,0,0,0,0,0,0,0,0,0
12841,2,95,1,0,0,0,0,0,0,0,0,0
12842,0,0,0,0,0,2,0,0,0,0,0,0
12843,0,0,0,0,0,0,1,0,0,0,0,0
12844,0,0,0,0,0,0,0,17,0,0,0,0
12845,0,0,0,0,0,0,14,25,1,0,0,0
12846,0,0,0,0,0,0,0,0,0,0,47,0
12847,0,0,0,1,0,85,0,0,0,0,0,0
12848,0,1,5,0,0,0,0,0,0,0,0,0
12849,0,0,0,0,0,0,15,1,0,0,0,0
12850,1,1235,0,0,0,0,10,0,0,0,0,0
12851,0,0,0,0,0,1,0,0,0,0,0,0
12852,0,0,0,0,0,2,0,0,0,0,0,0
12853,0,0,0,0,0,0,0,0,0,1,142,0
12854,0,0,1,0,0,44,0,0,0,207,1771,1
12855,0,0,0,0,0,0,0,0,0,17,134,1
12856,0,0,0,2,1,16,0,0,0,0,0,0
12857,0,0,0,0,0,0,0,0,0,0,0,0
12858,0,27,0,0,0,0,0,0,0,0,0,0
12859,0,0,0,0,0,0,9,7,0,0,0,0
12860,1,6,6,0,0,0,0,0,0,0,0,0
12861,0,0,0,0,0,0,5,37,4,0,0,0
12862,0,0,0,7,2,26,0,0,0,0,0,0
12863,0,0,0,0,0,0,12,0,0,0,0,0
12864,2,46,9,0,0,0,0,0,0,0,0,0
12865,0,0,0,1,1,897,0,0,0,0,1,0
12866,0,0,0,0,0,0,46,0,2,0,0,0
12867,0,0,0,0,0,0,2,2,0,0,0,0
12868,1,145,11,0,0,0,0,0,0,0,0,0
12869,0,14,1,0,0,0,0,0,0,0,0,0
12870,0,0,0,0,0,0,0,0,0,7,117,0
12871,0,0,0,6,6,20,0,0,0,0,0,0
12872,0,0,0,0,0,0,50,2,0,0,0,0
12873,0,0,0,0,0,0,0,1,0,0,0,0
12874,0,0,0,0,0,34,0,0,0,0,0,0
12875,0,88,2,0,0,0,0,0,0,0,0,0
12876,0,0,0,0,0,1,0,0,0,5,71,1
12877,0,0,0,0,0,48,0,0,0,0,0,0
12878,0,20326,3,0,0,0,157,0,0,0,0,0
12879,0,0,0,0,12,31,0,0,0,0,0,0
12880,0,0,0,0,0,12,0,0,0,11,2587,0
12881,0,0,0,0,0,17,0,0,0,0,0,0
12882,3,1,1,0,0,0,0,0,0,0,0,0
12883,0,0,0,0,0,106,0,0,0,0,0,0
12884,3,28,0,0,0,0,0,0,0,0,0,0
12885,0,0,0,0,0,1,0,0,0,1,606,0
12886,6,67,1,0,0,0,1,0,0,0,0,0
12887,0,0,0,0,0,0,0,0,0,0,0,0
12888,0,0,4,0,0,0,0,0,0,0,0,0
12889,1,45,1,0,0,0,0,0,0,0,0,0
12890,0,0,0,0,0,1,0,0,0,4,285,1
12891,0,0,0,0,0,0,0,0,0,0,0,0
12892,0,0,0,0,0,0,132,53,0,0,0,0
12893,0,0,0,0,0,0,2,1,5,0,0,0
12894,2,1,0,0,0,0,0,0,0,0,0,0
12895,2,40,0,1,0,0,0,0,0,0,0,0
12896,0,0,0,0,0,0,0,0,0,30,258,1
12897,0,0,0,0,0,0,0,0,0,28,210,0
12898,1,29,14,0,0,0,0,0,0,0,0,0
12899,0,0,0,0,0,0,0,0,0,2,10,0
12900,0,0,0,0,0,0,0,0,0,0,0,0
12901,0,0,0,2,12,10,0,0,0,0,0,0
12902,0,0,0,0,0,0,0,0,0,0,0,0
12903,0,0,0,0,0,0,0,3,0,0,0,0
12904,0,0,0,0,0,113,0,0,0,0,1,0
12905,0,10,0,0,0,0,2,0,0,0,0,0
12906,0,0,0,0,0,0,6,0,0,0,0,0
12907,0,0,0,0,0,0,57,1,0,0,0,0
12908,0,0,0,0,1,1,0,0,0,0,0,0
12909,0,0,0,0,0,1,0,0,0,0,0,0
12910,0,0,0,17,0,11,0,0,0,0,0,0
12911,0,0,0,0,0,0,107,11,1,0,0,0
12912,0,0,0,0,1,3,0,0,0,0,0,0
12913,0,0,0,3,0,78,0,0,0,0,0,0
12914,0,2,0,0,0,0,0,0,0,0,0,0
12915,0,0,0,0,0,11,0,0,0,0,313,0
12916,3,78,4,0,0,0,0,0,0,0,0,0
12917,0,2,0,0,0,0,137,16,3,0,0,0
12918,2,4,0,0,0,0,0,0,0,0,0,0
12919,0,0,0,0,0,0,0,0,0,6,406,0
12920,1,19,0,0,0,0,0,0,0,0,0,0
12921,0,0,0,0,0,0,0,0,0,0,22,0
12922,0,12,0,0,0,0,0,0,0,0,0,0
12923,0,0,0,0,0,2,0,0,0,1,153,0
12924,0,0,0,0,0,0,0,0,0,21,689,0
12925,0,0,0,2,0,29,0,0,0,0,0,0
12926,0,1,0,0,0,0,0,0,0,0,0,0
12927,1,16,1,0,0,0,0,0,0,0,0,0
12928,1,74,1,0,0,0,2,0,0,0,0,0
12929,0,0,0,0,0,0,5,7,0,0,0,0
12930,0,0,0,0,0,0,4,1,0,0,0,0
12931,0,0,0,0,0,35,0,0,0,0,0,0
12932,0,0,0,0,0,0,0,0,0,2,70,0
12933,0,0,0,0,0,11,0,0,0,103,2061,0
12934,0,0,0,0,3,16,0,0,0,0,0,0
12935,3,0,0,0,0,0,0,0,0,0,0,0
12936,0,354,1,0,0,0,2,0,0,0,0,0
12937,0,33,0,0,0,0,0,0,0,0,0,0
12938,0,0,0,0,0,0,13,18,0,0,0,0
12939,0,0,0,0,0,0,0,0,0,0,0,0
12940,0,0,0,0,0,0,10,81,0,0,0,0
12941,0,0,0,0,0,0,0,0,0,0,0,0
12942,16,8,1,0,0,0,1,0,0,0,0,0
12943,0,0,0,0,0,0,17,3,0,0,0,0
12944,0,0,0,0,0,2,0,0,0,0,0,0
12945,2,17,1,0,0,0,0,0,0,0,0,0
12946,0,0,0,0,0,3556,0,0,0,0,10,0
12947,0,0,0,0,0,12,0,0,0,0,0,0
12948,0,0,0,0,0,1,0,0,0,0,0,0
12949,0,47,0,0,0,0,0,0,0,0,0,0
12950,0,0,0,0,0,2,0,0,0,0,0,0
12951,0,0,0,0,0,0,0,0,0,0,0,0
12952,0,0,0,0,0,1,0,0,0,0,142,0
12953,0,0,0,0,0,6,0,0,0,0,0,0
12954,0,0,0,0,0,1,0,0,0,0,0,0
12955,0,0,0,0,0,10,0,0,0,0,0,0
12956,0,10,0,0,0,0,0,0,0,0,0,0
12957,0,0,0,0,0,0,0,0,0,0,0,0
12958,0,0,0,0,0,15,0,0,0,0,0,0
12959,1,1,0,0,0,0,0,0,0,0,0,0
12960,0,35,0,0,0,0,0,0,0,0,0,0
12961,11,20,0,0,0,0,0,0,0,0,0,0
12962,0,0,0,0,0,0,7,0,0,0,0,0
12963,0,0,0,0,0,0,0,1,0,0,0,0
12964,4,1257,10,0,0,0,16,0,0,0,0,0
12965,0,0,0,0,0,36,0,0,0,0,1,0
12966,0,0,0,1,0,1,0,0,0,0,0,0
12967,0,21,0,0,0,0,0,0,0,0,0,0
12968,0,0,0,0,0,0,0,0,0,0,0,0
12969,0,15,0,0,0,0,0,0,0,0,0,0
12970,0,0,0,0,0,415,0,0,0,0,10874,0
12971,0,0,0,0,0,0,0,0,0,0,0,0
12972,0,4,0,0,0,0,0,0,0,0,0,0
12973,0,0,0,0,0,0,0,0,0,0,229,0
12974,0,0,0,0,0,2,0,0,0,26,252,0
12975,0,0,0,0,0,4,0,0,0,0,0,0
12976,6,8,2,0,0,0,0,0,0,0,0,0
12977,0,0,0,0,0,0,0,0,0,0,0,0
12978,1,13,0,0,0,0,0,0,0,0,0,0
12979,0,0,0,0,0,25,0,0,0,0,0,0
12980,0,2,0,0,0,0,0,0,0,0,0,0
12981,0,0,0,0,0,0,4,5,0,0,0,0
12982,1,7,0,0,0,0,0,0,0,0,0,0
12983,0,0,0,0,0,0,2,0,0,0,0,0
12984,0,0,0,0,0,0,0,0,0,0,0,0
12985,0,0,0,0,0,5,0,0,0,0,0,0
12986,11,233,1,0,0,0,0,0,0,0,0,0
12987,1,0,0,3,2,21,0,0,0,0,0,0
12988,0,0,0,0,23,0,37,4046,1,0,0,0
12989,0,0,0,0,0,0,13,3,1,0,0,0
12990,0,0,0,0,0,3,0,0,0,0,0,0
12991,1,18,0,0,0,0,0,0,0,0,0,0
12992,0,0,0,0,0,0,0,0,0,15,4,0
12993,0,0,0,1,0,0,0,0,0,0,0,0
12994,0,0,0,14,2,11,0,0,0,0,0,0
12995,0,0,0,0,0,0,0,0,0,0,0,0
12996,0,0,0,0,0,0,0,0,0,0,0,0
12997,0,0,0,1,0,3,0,0,0,0,0,0
12998,0,18,0,0,0,0,0,0,0,0,0,0
12999,0,0,0,0,0,0,38,4,0,0,0,0
13000,0,0,0,0,1,38,0,0,0,0,0,0
13001,0,0,0,2,1,34,0,0,0,0,0,0
13002,0,0,0,0,0,2,0,0,0,0,0,0
13003,0,65,0,0,0,0,0,0,0,0,0,0
13004,0,0,0,0,1,0,26,20,1,0,0,0
13005,0,0,0,0,0,0,0,0,0,1,79,0
13006,0,0,0,21,2,154,0,0,0,0,0,0
13007,0,0,0,0,0,0,28,5,2,0,0,0
13008,0,0,0,0,0,2,0,0,0,1,131,0
13009,0,0,0,0,0,1,0,0,0,27,162,1
13010,0,0,0,0,0,0,0,0,0,0,0,0
13011,0,0,0,0,0,25,0,0,0,3,1355,0
13012,13,8,0,0,0,0,0,0,0,0,0,0
13013,0,0,0,0,0,0,11,1,0,0,0,0
13014,0,0,0,1,0,1,0,0,0,0,0,0
13015,0,26,0,0,0,0,0,0,0,0,0,0
13016,0,0,0,0,0,0,0,0,0,0,1,0
13017,0,0,0,0,0,0,0,1,0,0,0,0
13018,0,0,0,0,11,46,0,0,0,0,0,0
13019,0,0,0,0,0,4899,0,0,0,20,15312,0
13020,0,0,0,0,0,1,0,0,0,0,0,0
13021,0,17,0,0,0,0,1,0,0,0,0,0
13022,0,0,0,0,0,0,0,0,0,0,0,0
13023,1,0,0,0,0,0,0,0,0,0,0,0
13024,3,40,1,0,0,0,0,0,0,0,0,0
13025,0,0,0,0,0,0,5,3,0,0,0,0
13026,0,0,0,0,0,0,0,0,0,0,37,0
13027,1,0,0,31,29,24,0,0,0,0,1,0
13028,0,0,0,0,0,0,5,1,0,0,0,0
13029,0,0,0,0,0,0,1,3,0,0,0,0
13030,0,0,0,1,0,21,0,0,0,0,0,0
13031,4,0,0,0,0,0,0,0,0,0,0,0
13032,3,50,4,0,0,0,0,0,0,0,0,0
13033,0,0,0,34,27,40,0,0,0,0,11,0
13034,0,0,0,0,0,0,7,1,1,0,0,0
13035,0,0,0,0,0,0,0,0,0,0,71,0
13036,9,46,2,0,0,0,0,0,0,0,0,0
13037,1,4,0,0,0,0,0,0,0,0,0,0
13038,0,0,0,0,0,0,0,0,0,0,70,0
13039,20,40,0,0,0,0,0,0,0,0,0,0
13040,0,0,0,0,0,0,0,1,0,0,0,0
13041,0,0,0,0,0,0,0,0,0,0,0,0
13042,1,15,1,0,0,0,0,0,0,0,0,0
13043,0,0,0,0,0,0,16,22,0,0,0,0
13044,0,0,0,0,0,2,0,0,0,0,0,0
13045,0,0,0,0,0,0,58,139,1,0,0,0
13046,0,0,0,0,0,0,0,0,0,3,56,0
13047,0,0,0,0,0,0,0,0,0,39,36,0
13048,0,0,0,14,11,26,0,0,0,0,0,0
13049,0,0,0,0,0,0,9,2,0,0,0,0
13050,0,0,0,0,0,0,0,0,0,4,23,0
13051,0,0,0,0,0,1,0,0,0,7,316,0
13052,0,0,0,0,0,0,0,0,0,0,0,0
13053,0,0,1,0,0,0,0,0,0,0,0,0
13054,0,0,0,0,0,26,0,0,0,0,0,0
13055,0,0,0,0,0,0,0,0,0,0,0,0
13056,0,0,0,0,0,0,0,0,0,0,0,0
13057,1963,20,12,15,0,0,0,0,0,0,0,0
13058,0,13,0,0,0,0,0,0,0,0,0,0
13059,0,0,0,0,0,1,0,0,0,3,1751,1
13060,0,0,0,1,23,14,0,0,0,0,0,0
13061,0,0,0,0,0,0,15,1,0,0,0,0
13062,0,0,0,0,0,3,0,0,0,0,0,0
13063,0,81,0,0,0,0,0,0,0,0,0,0
13064,0,0,0,0,0,51,0,0,0,0,0,0
13065,0,0,0,0,0,2,0,0,0,0,0,0
13066,0,38,0,0,0,0,0,0,0,0,0,0
13067,0,0,0,0,0,0,0,0,0,0,0,0
13068,0,0,0,0,0,0,0,0,0,2,4,0
13069,0,0,0,4,27,206,0,0,0,0,0,0
13070,0,0,0,2,0,4,0,0,0,0,0,0
13071,0,0,0,0,0,0,0,0,0,0,0,0
13072,0,0,0,0,0,0,0,0,0,4,279,1
13073,0,0,0,0,1,0,0,0,0,0,0,0
13074,0,0,0,0,0,0,0,2,0,0,0,0
13075,0,0,0,0,0,7,0,0,0,0,0,0
13076,0,0,0,0,0,0,1,10,0,0,0,0
13077,0,0,0,0,0,0,0,0,0,0,18,0
13078,0,0,0,4,7,59,0,0,0,0,0,0
13079,0,0,0,0,1,0,0,0,0,0,0,0
13080,0,0,0,0,21,1,0,0,0,0,0,0
13081,0,0,0,0,0,42,0,0,0,0,0,0
13082,0,0,0,0,0,0,14,57,0,0,0,0
13083,0,0,0,0,0,0,0,0,0,0,9,0
13084,0,0,0,8,4,9,0,0,0,0,0,0
13085,0,0,0,0,0,0,8,0,0,0,0,0
13086,0,0,0,0,0,2,0,0,0,0,0,0
13087,2,99,0,0,0,0,0,0,0,0,0,0
13088,0,0,0,0,0,0,57,1,0,0,0,0
13089,0,0,0,0,0,0,0,0,0,0,0,0
13090,0,0,0,3,0,89,0,0,0,0,0,0
13091,0,0,0,0,0,0,12,2,0,0,0,0
13092,0,0,0,0,0,0,0,0,0,0,3,0
13093,0,0,0,19,1,10,0,0,0,0,0,0
13094,0,0,0,0,4,0,34,642,2,0,0,0
13095,0,0,0,0,0,0,0,0,0,0,49,0
13096,0,0,0,1,1,19,0,0,0,0,0,0
13097,11,0,0,0,0,0,0,0,0,0,0,0
13098,0,28,0,0,0,0,0,0,0,0,0,0
13099,1,25,0,0,0,0,0,0,0,0,0,0
13100,0,0,0,0,0,0,0,2,0,0,0,0
13101,0,0,0,0,0,0,0,0,0,0,3,0
13102,0,0,0,0,3,16,0,0,0,0,0,0
13103,0,0,0,0,0,0,0,0,0,0,0,0
13104,0,0,0,0,0,0,0,0,0,0,0,0
13105,0,0,0,0,0,0,0,0,0,0,296,0
13106,0,0,0,0,0,0,0,0,0,0,0,0
13107,1,12,0,0,0,0,0,0,0,0,0,0
13108,0,34,0,0,0,0,0,0,0,0,0,0
13109,0,0,0,0,0,0,14,0,0,0,0,0
13110,1,3,22,0,0,0,0,0,0,0,0,0
13111,0,0,0,0,1,41,0,0,0,0,0,0
13112,0,0,0,0,0,1,0,0,0,0,0,0
13113,0,7,0,0,0,0,0,0,0,0,0,0
13114,0,0,0,0,0,123,0,0,0,0,0,0
13115,0,0,0,0,0,68,0,0,0,19,1796,0
13116,0,0,0,18,1,0,0,0,0,0,0,0
13117,0,0,0,0,0,0,0,0,0,0,0,0
13118,0,0,0,0,0,0,79,26,2,0,0,0
13119,0,0,0,0,0,18,0,0,0,1,2234,1
13120,0,0,0,0,0,6,0,0,0,0,0,0
13121,7,5,0,0,0,0,0,0,0,0,0,0
13122,0,0,0,0,0,0,72,3,0,0,0,0
13123,0,0,0,1,0,17,0,0,0,0,0,0
13124,0,0,0,0,0,0,36,2,1,0,0,0
13125,0,0,0,0,0,0,11,18,0,0,0,0
13126,0,0,0,0,0,0,215,215,2,0,0,0
13127,0,0,0,0,0,0,25,2,0,0,0,0
13128,0,0,0,0,0,0,0,0,2,0,0,0
13129,3,46,13,0,0,0,0,0,0,0,0,0
13130,0,0,0,0,0,0,0,0,0,12,1,0
13131,1,68,5,0,0,0,0,0,0,0,0,0
13132,0,2,0,0,0,0,0,0,0,0,0,0
13133,0,0,0,0,0,1,0,0,0,0,86,1
13134,0,0,0,0,0,0,0,0,0,4,1,0
13135,11,8,1,0,0,0,0,0,0,0,0,0
13136,0,29,3,0,0,0,0,0,0,0,0,0
13137,0,0,0,0,0,1,0,0,0,0,0,0
13138,0,0,0,0,0,4,0,0,0,2,897,0
13139,0,18,0,0,0,0,0,0,0,0,0,0
13140,0,0,0,0,0,1,0,0,0,20,146,0
13141,0,0,0,0,2,49,0,0,0,0,0,0
13142,0,0,0,0,0,0,0,0,0,0,0,0
13143,0,10,1,0,0,0,0,0,0,0,0,0
13144,0,0,0,1,1,43,0,0,0,0,0,0
13145,0,0,0,6,0,1,0,0,0,0,0,0
13146,0,0,0,0,0,0,5,2,1,0,0,0
13147,0,0,0,0,1,30,0,0,0,0,0,0
13148,0,0,0,0,0,0,11,1,0,0,0,0
13149,0,0,0,0,0,1,0,0,0,0,0,0
13150,0,0,0,0,0,11,0,0,0,0,0,0
13151,1,1,0,0,0,0,0,0,0,0,0,0
13152,1,41,0,0,0,0,0,0,0,0,0,0
13153,0,0,0,0,0,0,107,8,0,0,0,0
13154,0,0,2,0,0,0,0,0,0,0,0,0
13155,0,0,0,0,0,0,0,0,0,0,0,0
13156,0,0,0,0,0,0,0,2,1,0,0,0
13157,0,0,0,0,1,4,0,0,0,0,0,0
13158,0,0,0,0,0,1,0,0,0,0,0,0
13159,0,0,0,0,0,0,25,0,0,0,0,0
13160,0,0,0,0,0,0,0,0,0,0,0,0
13161,0,0,0,0,0,0,10,4,0,0,0,0
13162,0,0,0,1,0,62,0,0,0,0,0,0
13163,0,3,0,0,0,0,0,0,0,0,0,0
13164,0,0,0,0,0,0,0,0,0,0,69,0
13165,3,23,2,0,0,0,0,0,0,0,0,0
13166,0,0,0,0,0,0,0,0,0,0,237,0
13167,0,10,1,0,0,0,0,0,0,0,0,0
13168,0,0,0,0,0,1,0,0,0,0,288,0
13169,4,14,0,0,0,0,0,0,0,0,0,0
13170,0,0,0,0,0,0,0,0,0,21,156,0
13171,0,0,0,38,4,39,0,0,0,0,0,0
13172,0,0,0,0,0,0,2,1,1,0,0,0
13173,0,0,0,0,0,0,1,0,0,0,0,0
13174,0,0,0,0,0,26,0,0,0,0,0,0
13175,1,8,0,0,0,0,0,0,0,0,0,0
13176,0,0,0,0,0,27,0,0,0,24,1312,4
13177,0,0,0,21,6,18,0,0,0,0,0,0
13178,0,0,0,0,0,0,6,3,0,0,0,0
13179,0,0,0,0,0,0,0,0,0,0,0,0
13180,0,0,0,1,3,123,0,0,0,0,0,0
13181,0,0,0,0,0,0,0,0,0,0,1,0
13182,3,11,0,0,0,0,0,0,0,0,0,0
13183,0,0,0,0,0,0,40,70,0,0,0,0
13184,0,0,0,0,0,0,1,6,0,0,0,0
13185,0,0,0,0,0,0,0,0,0,2,0,0
13186,58,22,10,0,0,0,0,0,0,0,0,0
13187,2,29,48,0,0,0,0,0,0,0,0,0
13188,0,0,0,0,0,85,0,0,0,0,1,0
13189,2,8,0,0,0,0,0,0,0,0,0,0
13190,0,105,0,0,0,0,0,0,0,0,0,0
13191,0,0,0,0,0,0,0,0,0,1,3,0
13192,2,23,5,0,0,0,0,0,0,0,0,0
13193,0,0,0,0,0,0,18,11,0,0,0,0
13194,0,0,0,0,0,11,0,0,0,0,0,0
13195,0,0,0,9,1,7046,0,0,0,0,164,0
13196,0,27,0,0,0,0,0,0,0,0,0,0
13197,0,0,0,0,0,1,0,0,0,0,441,0
13198,1,71,0,0,0,0,0,0,0,0,0,0
13199,0,0,0,0,0,0,0,0,0,49,2,2
13200,0,0,0,0,0,0,0,0,0,0,1,0
13201,0,0,0,0,17,0,273,1720,2,0,0,0
13202,0,0,0,0,0,0,3,1,0,0,0,0
13203,0,12,5,0,0,0,0,0,0,0,0,0
13204,9,88,5,0,0,0,0,0,0,0,0,0
13205,0,0,0,0,0,0,1,26,0,0,0,0
13206,0,0,0,0,0,0,0,0,0,0,0,0
13207,0,0,0,0,0,0,0,0,0,4,117,21
13208,1,1,6,0,0,0,0,0,0,0,0,0
13209,0,12,15,0,0,0,0,0,0,0,0,0
13210,0,0,0,0,0,218,0,0,0,0,1,0
13211,0,24,0,0,0,0,1,0,0,0,0,0
13212,0,0,0,3,7,55,0,0,0,0,0,0
13213,0,0,0,0,0,0,34,12,0,0,0,0
13214,0,0,0,0,0,0,1,1,0,0,0,0
13215,0,4,0,0,0,0,0,0,0,0,0,0
13216,0,0,0,0,165,1000,0,1,0,0,11,0
13217,0,0,0,0,0,0,0,0,0,0,1,0
13218,2,0,0,0,0,0,0,0,0,0,0,0
13219,3,35,3,0,0,0,0,0,0,0,0,0
13220,0,0,0,0,0,0,3,0,0,0,0,0
13221,1,2,2,0,0,0,0,0,0,0,0,0
13222,1,134,8,0,0,0,1,0,0,0,0,0
13223,0,0,0,2,13,2,0,0,0,0,0,0
13224,0,0,0,0,0,0,0,0,0,0,1,0
13225,0,0,0,0,0,0,0,0,0,17,170,1
13226,0,0,0,1,0,4,0,0,0,0,0,0
13227,0,0,0,0,0,0,0,0,0,0,0,0
13228,0,0,0,1,0,4,0,0,0,0,0,0
13229,0,0,0,0,0,0,0,0,0,0,0,0
13230,0,0,0,0,0,0,0,1,0,0,0,0
13231,0,0,0,6,0,7,0,0,0,0,0,0
13232,0,0,0,0,0,0,1,1,1,0,0,0
13233,0,0,0,0,0,0,1,1,1,0,0,0
13234,0,0,0,1,2,10,0,0,0,0,0,0
13235,0,0,0,0,0,0,16,4,0,0,0,0
13236,0,0,0,0,0,0,0,0,0,0,2,0
13237,31,54,7,1,0,0,0,0,0,0,0,0
13238,0,0,0,1,0,1,0,0,0,0,0,0
13239,0,0,0,0,0,0,0,0,0,0,1,0
13240,0,0,0,0,0,0,145,91,0,0,0,0
13241,0,0,0,1,0,2,0,0,0,0,0,0
13242,0,0,0,0,0,0,1,1,1,0,0,0
13243,0,0,0,0,0,26,0,0,0,0,0,0
13244,0,0,0,0,0,1,0,0,0,0,0,0
13245,0,0,0,0,0,0,0,1,0,0,0,0
13246,0,0,0,0,0,42,0,0,0,0,0,0
13247,0,0,0,0,0,2,0,0,0,5,442,0
13248,0,0,0,0,0,0,0,0,0,0,0,0
13249,0,3,0,0,1,0,204,383,3,0,0,0
13250,0,0,0,0,0,10,0,0,0,0,0,0
13251,0,0,0,0,0,0,0,0,0,0,0,0
13252,0,0,0,0,0,1,0,0,0,0,123,0
13253,0,0,0,0,0,0,0,0,0,0,0,0
13254,0,0,0,0,0,0,1,1,0,0,0,0
13255,0,0,0,0,0,9,0,0,0,1,445,0
13256,0,0,0,0,0,0,0,0,0,0,2,0
13257,0,0,0,0,0,0,0,3,0,0,0,0
13258,0,0,0,0,2,31,0,0,0,0,0,0
13259,0,0,0,58,0,1,0,0,0,0,0,0
13260,0,0,0,0,0,0,0,1,2,0,0,0
13261,0,0,0,0,0,0,0,0,0,0,351,0
13262,0,0,0,0,0,0,0,0,0,0,23,0
13263,1,0,0,0,0,0,0,0,0,0,0,0
13264,0,0,0,0,0,0,0,0,0,0,473,0
13265,6,33,0,0,0,0,0,0,0,0,0,0
13266,0,0,0,0,0,26,0,0,0,0,0,0
13267,176,5,1,2,0,0,0,0,0,0,0,0
13268,0,0,0,0,0,0,72,6,1,0,0,0
13269,0,46,62,0,0,0,0,0,0,0,0,0
13270,0,0,0,1,20,132,0,0,0,0,1,0
13271,0,0,0,0,0,0,0,0,0,0,2,0
13272,0,1,0,0,0,0,0,0,0,0,0,0
13273,0,0,0,0,1,144,0,0,0,0,1,0
13274,0,0,0,0,0,0,0,0,0,2,407,3
13275,0,0,0,0,0,0,0,0,0,26,147,1
13276,5,9,2,0,0,0,0,0,0,0,0,0
13277,1,2,2,0,0,0,0,0,0,0,0,0
13278,0,38,7,0,0,0,0,0,0,0,0,0
13279,0,0,0,0,14,104,0,0,0,0,1,0
13280,0,0,0,0,0,0,0,0,0,4,40,0
13281,0,0,0,0,0,0,0,0,0,4,18,0
13282,0,0,0,1,0,11,0,0,0,0,0,0
13283,0,0,0,0,0,0,0,0,0,0,0,0
13284,0,8,0,0,0,0,0,0,0,0,0,0
13285,4,427,1,0,0,0,4,0,0,0,0,0
13286,0,0,0,0,0,0,0,5,0,0,0,0
13287,0,0,0,0,0,0,7,0,0,0,0,0
13288,1,160,76,0,0,0,1,0,0,0,0,0
13289,0,0,0,0,2,31,0,0,0,0,0,0
13290,0,0,0,1,1,16,0,0,0,0,0,0
13291,0,0,0,0,223,5,0,0,0,0,0,0
13292,0,0,0,0,0,3,0,0,0,0,0,0
13293,0,0,0,0,0,0,1,2,1,0,0,0
13294,0,0,0,0,0,14,0,0,0,0,0,0
13295,0,0,0,0,0,0,35,10,0,0,0,0
13296,0,69,56,0,0,0,0,0,0,7,0,0
13297,0,0,0,0,0,20,0,0,0,9,1526,0
13298,0,0,0,5,0,8,0,0,0,0,1,0
13299,0,0,0,0,0,1,0,0,0,0,0,0
13300,3,59,0,0,0,0,0,0,0,0,0,0
13301,0,0,0,0,0,0,0,0,0,0,0,0
13302,0,5,0,0,0,0,0,0,0,0,0,0
13303,0,26,0,0,0,0,0,0,0,0,0,0
13304,0,0,0,0,0,0,7,27,0,0,0,0
13305,0,0,0,0,0,0,1,2,0,0,0,0
13306,0,0,0,0,0,2,0,0,0,0,0,0
13307,0,0,0,0,0,0,0,0,0,0,0,0
13308,6,195,0,0,0,0,0,0,0,0,0,0
13309,0,0,0,0,0,0,12,13,0,0,0,0
13310,0,0,0,1,0,1,0,0,0,0,0,0
13311,2,0,0,0,0,0,0,0,0,0,0,0
13312,0,0,0,0,0,33,0,0,0,0,0,0
13313,0,0,0,0,0,0,19,2,14,0,0,0
13314,0,0,0,0,3,29,0,0,0,0,0,0
13315,0,18,1,0,0,0,0,0,0,0,0,0
13316,0,0,0,0,0,0,0,0,0,0,1,0
13317,0,0,0,0,0,0,0,0,0,0,0,0
13318,0,12,0,0,0,0,0,0,0,0,0,0
13319,2,32,4,0,0,0,0,0,0,0,0,0
13320,0,0,0,0,0,0,0,0,0,0,0,0
13321,0,7,0,0,0,0,0,0,0,0,0,0
13322,0,0,0,0,0,0,0,0,0,0,5,1
13323,0,0,0,0,0,0,0,0,0,1,1,0
13324,0,0,0,0,0,34,0,0,0,0,0,0
13325,1,23,0,0,0,0,0,0,0,0,0,0
13326,0,0,0,0,0,8,0,0,0,1,564,1
13327,55,11,1,0,0,0,0,0,0,0,0,0
13328,1,28,0,0,0,0,0,0,0,0,0,0
13329,0,0,0,0,0,20,0,0,0,10,2794,2
13330,0,0,0,0,22,17,0,0,0,0,0,0
13331,0,0,0,6,2,57,0,0,0,0,0,0
13332,0,0,0,0,0,0,9,7,0,0,0,0
13333,0,0,0,0,1,7,0,0,0,0,0,0
13334,0,0,0,0,0,0,14,6,1,0,0,0
13335,0,0,0,0,0,6,0,0,0,6,910,0
13336,0,0,0,0,0,19,0,0,0,0,0,0
13337,2,1,0,0,0,0,0,0,0,0,0,0
13338,0,22,1,0,0,0,0,0,0,0,0,0
13339,0,0,0,104,40,281,0,0,0,0,0,0
13340,0,0,0,0,0,0,0,2,1,0,0,0
13341,1,1,0,0,0,0,0,0,0,0,0,0
13342,0,0,0,0,0,0,0,0,0,0,93,0
13343,0,0,0,0,0,0,0,0,0,0,0,0
13344,0,0,2,0,0,0,0,0,0,9,3,0
13345,0,0,0,2,5,39,0,0,0,0,0,0
13346,0,0,0,0,0,0,8,9,0,0,0,0
13347,0,0,0,0,1,0,0,0,0,0,0,0
13348,0,0,0,0,1,0,17,442,3,0,0,0
13349,0,0,0,0,0,0,6,4,0,0,0,0
13350,0,0,0,0,0,0,2,6,0,0,0,0
13351,0,0,0,0,1,51,0,0,0,0,0,0
13352,0,0,0,0,0,2,0,0,0,0,0,0
13353,0,0,0,0,0,3,0,0,0,0,0,0
13354,0,0,0,0,0,109,0,0,0,0,2,0
13355,1,4,0,0,0,0,0,0,0,0,0,0
13356,0,0,0,0,0,3,0,0,0,6,723,0
13357,0,12,2,0,0,0,0,0,0,0,0,0
13358,0,0,0,0,0,0,0,0,0,81,27,0
13359,0,0,0,0,0,0,0,0,0,0,0,0
13360,0,0,0,2,2,36,0,0,0,0,0,0
13361,0,2,0,0,0,0,0,0,0,0,0,0
13362,3,11,0,0,0,0,0,0,0,0,0,0
13363,0,20,0,0,0,0,0,0,0,0,0,0
13364,0,0,2,0,0,0,0,0,0,0,0,0
13365,0,20,4,0,0,0,0,0,0,0,0,0
13366,0,0,0,0,0,0,0,0,0,2,119,0
13367,0,16,1,0,0,0,0,0,0,0,0,0
13368,0,0,0,0,0,2,0,0,0,2,82,1
13369,9,93,6,0,0,0,19,0,0,0,0,0
13370,0,0,0,0,0,0,18,15,0,0,0,0
13371,0,0,0,0,0,13,0,0,0,0,0,0
13372,0,0,0,0,0,10,0,0,0,4,395,0
13373,0,0,0,0,0,0,0,0,0,0,0,0
13374,0,0,0,0,0,0,1,5,4,0,0,0
13375,0,0,0,0,0,23,0,0,0,0,0,0
13376,1,23,1,0,0,0,0,0,0,0,0,0
13377,0,0,0,0,0,0,0,0,0,9,56,0
13378,0,0,0,0,0,15,0,0,0,18,701,0
13379,0,1,0,0,0,0,214,4,0,0,0,0
13380,0,0,0,0,0,7,0,0,0,0,0,0
13381,0,0,2,0,0,4,0,0,0,20,249,2
13382,0,0,0,0,1,1,0,0,0,0,0,0
13383,0,0,0,0,0,0,1,1,2,0,0,0
13384,0,0,0,0,0,15,0,0,0,0,529,0
13385,0,0,0,0,1,0,147,91,0,0,0,0
13386,0,0,0,0,0,0,1,8,1,0,0,0
13387,0,0,0,0,0,13,0,0,0,0,0,0
13388,9,54,1,0,0,0,0,0,0,0,0,0
13389,0,0,0,6,3,137,0,0,0,0,0,0
13390,0,0,0,0,0,0,14,159,0,0,0,0
13391,0,0,0,0,0,0,0,0,0,0,0,0
13392,0,0,0,0,0,0,0,1,0,0,0,0
13393,0,0,0,0,0,0,0,2,0,0,0,0
13394,0,11,6,0,0,0,0,0,0,0,0,0
13395,1,61,2,0,0,0,1,0,0,0,0,0
13396,1,36,11,0,0,0,1,0,0,0,0,0
13397,0,0,0,0,0,0,20,12,0,0,0,0
13398,0,0,0,0,0,0,4,2,0,0,0,0
13399,0,0,0,0,0,8,0,0,0,0,0,0
13400,0,0,0,0,1,2,0,0,0,0,0,0
13401,4,16,1,0,0,0,0,0,0,0,0,0
13402,0,0,0,0,0,0,0,0,0,0,0,0
13403,0,0,0,0,1,0,97,57,0,0,0,0
13404,0,0,0,0,0,0,1,1,2,0,0,0
13405,0,0,0,0,0,0,0,0,0,4,203,0
13406,0,0,0,0,0,0,0,0,0,0,0,0
13407,0,0,0,0,0,0,0,0,0,0,0,0
13408,0,0,0,0,0,0,0,0,0,0,0,0
13409,8,145,0,0,0,0,2,0,0,0,0,0
13410,0,0,0,0,0,0,38,19,0,0,0,0
13411,0,0,0,1,0,12,0,0,0,0,0,0
13412,0,0,0,0,1,0,0,0,0,0,0,0
13413,0,0,0,0,0,0,0,0,0,0,0,0
13414,0,0,0,0,0,15,0,0,0,0,0,0
13415,0,0,0,0,0,0,17,3,0,0,0,0
13416,0,37,4,0,0,0,0,0,0,0,0,0
13417,0,0,0,3,6,158,0,0,0,0,1,0
13418,0,0,0,0,0,0,0,0,0,7,3,0
13419,93,4,0,0,0,0,0,0,0,0,0,0
13420,0,38,2,0,0,0,0,0,0,0,0,0
13421,0,0,0,0,0,0,0,0,0,35,186,0
13422,0,0,0,0,15,3,0,0,0,0,0,0
13423,0,0,0,0,0,0,0,0,0,144,260,0
13424,0,0,0,1,0,0,0,0,0,352,893,0
13425,0,0,0,0,0,0,172,3,0,0,0,0
13426,0,0,0,0,0,3,0,0,0,18,1090,1
13427,0,0,0,0,0,0,7,1,0,0,0,0
13428,2,4,1,0,0,0,0,0,0,0,0,0
13429,0,38,0,0,0,0,0,0,0,0,0,0
13430,0,0,0,0,0,0,0,0,0,11,157,0
13431,0,0,0,0,0,0,0,0,0,14,67,0
13432,0,0,0,0,0,0,0,0,0,5,223,0
13433,16,51,5,0,0,0,0,0,0,0,0,0
13434,0,0,0,0,0,22,0,0,0,0,0,0
13435,0,0,0,0,0,0,157,33,1,0,0,0
13436,0,0,0,0,0,3,0,0,0,55,837,0
13437,0,0,0,0,2,1,0,0,0,0,0,0
13438,0,0,0,5,30,113,0,0,0,0,0,0
13439,0,0,0,0,0,0,0,0,0,1,2,0
13440,11,2,0,0,0,0,0,0,0,0,0,0
13441,0,0,0,0,0,0,31,33,0,0,0,0
13442,0,0,0,0,7,2,0,0,0,0,0,0
13443,0,0,0,0,0,0,0,0,0,0,50,0
13444,6,52,103,0,0,0,0,0,0,5,0,0
13445,0,0,0,0,0,0,27,12,0,0,0,0
13446,0,0,0,0,0,1,0,0,0,16,322,0
13447,0,0,0,6,2,34,0,0,0,0,0,0
13448,0,0,0,0,0,0,11,2,0,0,0,0
13449,0,30,0,0,0,0,0,0,0,0,0,0
13450,0,0,0,4,0,16,0,0,0,0,0,0
13451,0,0,0,0,0,0,14,6,0,0,0,0
13452,0,0,0,0,0,8,0,0,0,0,514,0
13453,2,23,3,0,0,0,0,0,0,0,0,0
13454,0,0,0,0,0,0,0,0,0,0,0,0
13455,3,10,0,0,0,0,0,0,0,0,0,0
13456,0,130,16,0,0,0,0,0,0,0,0,0
13457,0,0,0,0,2,25,0,0,0,0,0,0
13458,0,0,0,0,0,50,0,0,0,0,2780,0
13459,0,2,0,0,3,0,216,717,22,0,0,0
13460,0,0,0,0,1,1,0,0,0,0,0,0
13461,0,0,0,3,0,0,0,0,0,0,0,0
13462,0,0,0,2,1,0,0,0,0,0,0,0
13463,0,0,0,0,1,2,0,0,0,0,0,0
13464,0,0,0,0,0,1,0,0,0,0,0,0
13465,1,1,0,0,0,0,0,0,0,0,0,0
13466,1,0,0,0,0,0,0,0,0,0,0,0
13467,0,0,0,0,0,0,0,0,0,0,0,0
13468,0,0,0,0,0,0,0,0,0,1,3,1
13469,0,0,0,0,0,0,0,0,2,0,0,0
13470,0,0,0,0,0,0,0,0,0,0,0,0
13471,0,0,0,0,0,0,39,2,0,0,0,0
13472,0,0,0,0,1,8,0,0,0,0,0,0
13473,0,0,0,0,8,2,0,0,0,0,0,0
13474,0,0,0,8,1,56,0,0,0,0,3,0
13475,0,0,0,0,0,0,1,4,0,0,0,0
13476,0,0,0,0,0,0,0,0,0,0,0,0
13477,0,0,0,0,0,0,1,1,0,0,0,0
13478,0,0,0,0,0,0,0,0,0,0,0,0
13479,0,0,0,0,1,2,0,0,0,0,0,0
13480,0,0,0,0,0,0,1,1,1,0,0,0
13481,0,0,0,0,0,1,0,0,0,0,0,0
13482,0,170,0,0,0,0,0,0,0,0,0,0
13483,0,4,0,0,0,0,0,0,0,0,0,0
13484,0,0,0,0,0,0,5,2,0,0,0,0
13485,0,0,0,6,1,2,0,0,0,0,0,0
13486,0,0,0,0,0,0,2,2,2,0,0,0
13487,0,0,0,0,0,6,0,0,0,6,820,0
13488,3,110,1,0,0,0,0,0,0,0,0,0
13489,0,0,0,0,0,0,0,0,0,0,0,0
13490,0,0,0,0,0,0,0,0,0,0,2,0
13491,0,0,0,0,0,0,0,0,0,1,0,0
13492,0,0,0,0,0,0,0,0,0,1,0,1
13493,0,0,0,0,0,0,2,1,0,0,0,0
13494,0,0,0,0,26,6,0,0,0,0,0,0
13495,0,0,0,0,0,0,0,0,0,2,4,0
13496,0,0,0,0,0,2,0,0,0,0,0,0
13497,0,0,0,4,0,1,0,0,0,0,0,0
13498,0,410,0,0,0,0,0,0,0,0,0,0
13499,0,0,0,0,0,2,0,0,0,0,95,0
13500,4,27,0,0,0,0,0,0,0,0,0,0
13501,0,0,0,0,0,0,0,0,0,0,156,0
13502,0,0,0,0,0,0,0,0,0,0,17,0
13503,0,0,0,0,1,0,32,106,0,0,0,0
13504,0,0,0,0,0,6,0,0,0,0,0,0
13505,0,1,0,0,1,0,26,68,0,0,0,0
13506,0,0,0,0,0,0,0,0,0,0,177,0
13507,0,0,0,0,0,0,2,0,0,0,0,0
13508,0,0,0,0,0,0,2,0,1,0,0,0
13509,0,0,0,0,0,0,0,0,0,1,1,0
13510,3,16,0,0,0,0,0,0,0,0,0,0
13511,0,0,0,0,0,0,0,0,0,1,56,0
13512,10,24,2,0,0,0,0,0,0,0,0,0
13513,0,0,0,0,0,0,1,10,0,0,0,0
13514,0,0,0,0,0,0,55,65,7,0,0,0
13515,0,0,0,0,0,1,0,0,0,9,202,0
13516,0,9,0,0,0,0,0,0,0,0,0,0
13517,0,0,0,0,0,6,0,0,0,7,1424,1
13518,0,0,0,10,0,11,0,0,0,0,0,0
13519,2,4,0,0,0,0,0,0,0,0,0,0
13520,0,0,0,0,0,0,20,23,5,0,0,0
13521,0,0,0,0,0,70,0,0,0,0,0,0
13522,1,7,1,0,0,0,0,0,0,0,0,0
13523,0,0,0,0,0,0,0,0,0,0,3,0
13524,0,0,0,0,0,4,0,0,0,0,0,0
13525,0,0,0,0,0,0,2,2,0,0,0,0
13526,0,16,31,0,0,0,0,0,0,0,0,0
13527,0,0,0,8,0,67,0,0,0,0,1,0
13528,0,0,0,0,0,0,3,1,0,0,0,0
13529,0,0,0,0,0,3,0,0,0,0,0,0
13530,0,0,0,0,0,0,0,0,0,0,36,0
13531,0,0,0,0,0,0,8,1,0,0,0,0
13532,0,0,0,1,0,1,0,0,0,0,0,0
13533,2,1013,2,0,0,0,16,0,0,0,0,0
13534,0,0,0,2,0,11,0,0,0,0,0,0
13535,0,14,0,0,0,0,0,0,0,0,0,0
13536,0,0,0,0,0,54,0,0,0,0,5825,0
13537,1,0,0,0,0,0,0,0,0,0,0,0
13538,0,0,0,0,0,0,1,0,0,0,0,0
13539,0,0,0,0,0,0,0,2,0,0,0,0
13540,0,0,0,0,0,0,0,2,0,0,0,0
13541,0,0,0,0,0,0,0,0,0,0,6,0
13542,0,0,0,0,4,13,0,0,0,0,0,0
13543,0,0,0,0,1,1,0,0,0,0,0,0
13544,0,0,0,0,0,2,0,0,0,0,0,0
13545,0,0,0,4,0,17,0,0,0,0,0,0
13546,0,0,0,0,0,0,0,0,0,0,0,0
13547,0,0,0,0,0,0,0,0,0,0,0,0
13548,0,0,0,0,0,1,0,0,0,0,446,0
13549,0,27,1,0,0,0,0,0,0,0,0,0
13550,0,0,0,2,0,1,0,0,0,0,0,0
13551,0,0,0,0,0,6,0,0,0,19,1124,0
13552,0,0,0,0,0,10,0,0,0,0,0,0
13553,0,1,0,0,0,0,0,0,0,0,0,0
13554,0,0,0,0,0,5,0,0,0,0,831,0
13555,0,0,0,0,0,0,0,0,0,0,0,0
13556,0,0,0,0,0,0,0,0,0,0,0,0
13557,0,0,0,2,0,128,0,0,0,0,0,0
13558,0,0,0,0,0,0,3,2,0,0,0,0
13559,1,25,7,0,0,0,0,0,0,0,0,0
13560,0,0,0,2,0,68,0,0,0,0,0,0
13561,0,0,0,0,0,0,0,0,0,0,0,0
13562,4,11,3,0,0,0,0,0,0,0,0,0
13563,0,47,2,0,0,0,0,0,0,0,0,0
13564,0,0,0,0,0,0,37,39,0,0,0,0
13565,0,0,0,0,0,0,0,0,0,0,0,0
13566,2,107,0,0,0,0,1,0,0,0,0,0
13567,0,0,0,0,0,0,4,52,0,0,0,0
13568,0,0,0,0,0,0,0,0,0,1,119,0
13569,0,0,0,10,1,6,0,0,0,0,0,0
13570,0,5,0,0,0,0,75,2,1,0,0,0
13571,0,0,0,0,0,0,0,0,0,0,0,0
13572,0,0,0,0,4,37,0,0,0,0,0,0
13573,0,0,0,0,0,1,0,0,0,0,0,0
13574,0,0,0,0,1,1,0,0,0,0,0,0
13575,0,0,0,1,0,25,0,0,0,0,0,0
13576,0,0,0,0,0,0,4,161,0,0,0,0
13577,0,0,0,0,0,0,0,0,0,1,18,0
13578,1,0,0,30,1,12,0,0,0,0,0,0
13579,0,0,2,0,0,0,0,0,0,0,0,0
13580,0,6,0,0,0,0,0,0,0,0,0,0
13581,0,16,1,0,0,0,0,0,0,0,0,0
13582,0,0,0,0,0,1,0,0,0,0,0,0
13583,0,0,0,0,0,2,0,0,0,0,0,0
13584,0,0,0,0,0,0,0,0,0,0,203,0
13585,0,0,0,0,0,1,0,0,0,8,321,0
13586,0,0,0,1,0,4,0,0,0,0,0,0
13587,11,18,0,0,0,0,0,0,0,0,0,0
13588,0,1,0,0,0,0,0,0,0,0,0,0
13589,0,0,0,0,0,0,0,0,0,0,0,0
13590,0,29,0,0,0,0,0,0,0,0,0,0
13591,0,2,0,0,0,0,0,0,0,0,0,0
13592,0,0,0,0,0,0,0,0,0,8,76,1
13593,0,0,0,1,0,79,0,0,0,0,1,0
13594,0,0,0,0,0,0,0,0,0,0,0,0
13595,0,0,0,0,0,0,0,0,0,0,0,0
13596,0,0,0,2,0,49,0,0,0,0,0,0
13597,0,0,0,1,0,0,0,0,0,0,0,0
13598,0,0,0,0,0,0,0,0,1,0,0,0
13599,0,0,0,0,0,0,0,0,0,0,0,0
13600,0,0,0,3,4,0,0,0,0,0,0,0
13601,0,0,0,0,0,0,0,0,0,0,0,0
13602,0,0,0,0,1,22,0,0,0,0,0,0
13603,0,0,0,0,0,0,0,0,0,3,1,0
13604,0,0,0,0,0,0,2,1,1,0,0,0
13605,0,0,0,0,0,10,0,0,0,13,565,4
13606,0,0,0,1,0,8,0,0,0,0,0,0
13607,0,0,0,4,1,1,0,0,0,0,0,0
13608,0,0,0,0,0,8,0,0,0,4,155,0
13609,0,0,0,0,0,0,0,0,0,0,2,5
13610,12,11,0,0,0,0,0,0,0,0,0,0
13611,2,32,13,0,0,0,0,0,0,0,0,0
13612,0,0,0,0,0,0,2,1,23,0,0,3
13613,4,2,1,0,0,0,0,0,0,0,0,0
13614,3,11,1,0,0,0,0,0,0,0,0,0
13615,0,43,1,0,0,0,3,0,0,0,0,0
13616,0,48,1,0,0,0,3,0,0,0,0,0
13617,0,292,0,0,18,0,1493,536,3,0,0,0
13618,0,4,0,0,2,0,47,116,1,0,0,0
13619,0,6,2,0,0,0,0,0,0,0,0,0
13620,0,0,0,0,0,98,0,0,0,29,1749,2
13621,0,2,0,0,0,0,21,0,2,0,0,0
13622,9,29,14,0,0,0,0,0,0,0,0,0
13623,28,62,7,0,0,0,0,0,0,0,0,0
13624,0,0,0,0,0,0,1,265,2,0,0,0
13625,3,256,13,0,0,0,3,0,0,0,0,0
13626,0,0,0,0,2,30,0,0,0,0,0,0
13627,0,0,0,0,0,0,14,250,0,0,0,0
13628,0,24,7,0,0,0,0,0,0,0,0,0
13629,0,0,0,0,0,0,0,0,0,1,60,0
13630,20,6,2,0,0,0,0,0,0,0,0,0
13631,0,16,3,0,0,0,0,0,0,0,0,0
13632,0,0,0,0,6,13,0,0,0,0,0,0
13633,0,0,0,1,0,7,0,0,0,0,0,0
13634,0,0,0,0,0,5,0,0,0,0,0,0
13635,0,12,0,0,0,0,0,0,0,0,0,0
13636,4,20,0,0,0,0,0,0,0,0,0,0
13637,0,0,0,0,8,9,0,0,0,0,0,0
13638,0,0,0,7,4,127,0,0,0,0,0,0
13639,0,0,0,0,0,0,18,1,1,0,0,0
13640,1,31,9,0,0,0,0,0,0,0,0,0
13641,0,0,0,0,16,64,0,0,0,0,0,0
13642,0,0,0,0,1,0,0,0,0,0,0,0
13643,0,0,0,0,0,0,0,0,0,2,105,3
13644,0,0,0,2,6,15,0,0,0,0,0,0
13645,0,0,0,0,0,4,0,0,0,0,0,0
13646,0,2,0,0,0,0,0,0,0,0,0,0
13647,0,0,0,0,0,0,0,0,0,0,381,0
13648,0,0,0,0,0,8,0,0,0,0,0,0
13649,0,0,0,2,1,2,0,0,0,0,0,0
13650,0,0,0,0,0,10,0,0,0,0,0,0
13651,0,0,0,0,0,0,28,2,0,0,0,0
13652,0,0,0,0,0,0,0,0,0,0,0,0
13653,0,195,0,0,0,0,0,0,0,0,0,0
13654,0,0,0,0,0,0,14,0,0,0,0,0
13655,0,0,0,0,1,0,0,0,0,0,0,0
13656,0,0,0,0,0,9,0,0,0,0,0,0
13657,0,1,0,0,0,0,0,0,0,0,0,0
13658,0,1,0,0,0,0,0,0,0,0,0,0
13659,0,0,0,0,0,0,16,0,1,0,0,0
13660,0,2,15,0,0,0,0,0,0,0,0,0
13661,0,0,0,0,0,0,77,1,1,0,0,0
13662,0,17,0,0,0,0,2,0,0,0,0,0
13663,0,0,0,0,0,1,0,0,0,20,86,1
13664,0,2,1,0,0,0,0,0,0,0,0,0
13665,0,0,0,0,0,50,0,0,0,6,2959,1
13666,4,4,0,0,0,0,0,0,0,0,0,0
13667,0,0,0,0,0,5,0,0,0,115,902,0
13668,0,0,0,2,18,33,0,0,0,0,0,0
13669,0,0,0,1,16,14,0,0,0,0,0,0
13670,0,0,0,0,42,16,0,0,0,0,0,0
13671,0,0,0,0,0,26,0,0,0,6,370,0
13672,0,0,0,21,21,11,0,0,0,0,0,0
13673,0,0,0,0,0,0,0,0,0,15,46,0
13674,0,0,0,1,0,101,0,0,0,0,2,0
13675,1,0,0,0,0,0,0,0,0,0,0,0
13676,0,1,0,0,0,0,0,0,0,0,0,0
13677,0,0,0,0,0,1,0,0,0,4,169,0
13678,0,0,0,4,0,47,0,0,0,0,0,0
13679,0,4,0,0,0,0,0,0,0,0,0,0
13680,0,0,0,0,0,0,0,0,0,0,60,1
13681,0,0,0,0,0,0,0,0,0,11,0,60
13682,9,11,0,0,0,0,0,0,0,0,0,0
13683,0,35,1,0,0,0,0,0,0,0,0,0
13684,0,0,0,0,0,0,0,0,0,3,196,0
13685,3,46,0,0,0,0,0,0,0,0,0,0
13686,0,0,0,1,1,35,0,0,0,0,0,0
13687,0,0,0,0,0,0,0,0,0,0,0,0
13688,0,1,0,0,0,0,0,0,0,0,0,0
13689,0,24,0,0,0,0,0,0,0,0,0,0
13690,0,0,0,0,0,0,33,0,3,0,0,0
13691,1,13,3,0,0,0,0,0,0,0,0,0
13692,0,8,4,0,0,0,0,0,0,0,0,0
13693,45,42,0,0,0,0,0,0,0,0,0,0
13694,0,0,0,0,0,6,0,0,0,1,955,1
13695,3,8,14,0,0,0,0,0,0,0,0,0
13696,1,8,7,0,0,0,0,0,0,0,0,0
13697,0,0,0,1,0,8,0,0,0,0,0,0
13698,0,0,0,0,0,53,0,0,0,0,1,0
13699,0,0,0,0,0,70,0,0,0,0,0,0
13700,3,5,0,0,0,0,0,0,0,0,0,0
13701,0,0,0,0,0,92,0,0,0,0,0,0
13702,2,7,0,0,0,0,0,0,0,0,0,0
13703,1,27,1,0,0,0,0,0,0,0,0,0
13704,0,0,0,0,2,32,0,0,0,0,0,0
13705,0,0,0,0,1,16,0,0,0,0,1,0
13706,0,0,0,0,0,17,0,0,0,0,0,0
13707,0,16,0,0,0,0,0,0,0,0,0,0
13708,0,0,0,0,0,0,0,0,0,17,90,0
13709,0,0,0,0,0,0,0,0,0,0,0,0
13710,0,0,0,1,0,6,0,0,0,0,0,0
13711,1,202,0,0,0,0,0,0,0,0,0,0
13712,2,1270,30,0,0,0,17,0,0,1,0,0
13713,0,48,0,0,0,0,8291,44,0,0,0,0
13714,0,0,0,0,0,0,73,5,25,0,0,2
13715,0,1225,6,0,0,0,0,0,0,0,0,0
13716,0,0,0,0,4,74,0,0,0,0,0,0
13717,0,0,0,20,0,0,0,0,0,0,0,0
13718,0,0,0,0,0,0,3,0,0,0,0,0
13719,0,0,0,0,0,43,0,0,0,0,0,0
13720,0,0,0,0,0,0,0,0,0,13,170,1
13721,0,0,0,0,0,37,0,0,0,16,549,2
13722,20,33,5,0,0,0,0,0,0,0,0,0
13723,0,0,0,0,3,0,8,318,0,0,0,0
13724,0,0,0,0,0,0,0,0,0,0,223,0
13725,0,0,0,2,0,139,0,0,0,0,0,0
13726,0,0,0,0,0,0,324,6,2,0,0,0
13727,0,0,0,1,1,16,0,0,0,0,0,0
13728,0,0,0,1,1,22,0,0,0,0,0,0
13729,0,0,0,0,0,0,22,8,1,0,0,0
13730,0,0,0,0,0,31,0,0,0,0,2332,0
13731,0,0,0,0,2,28,0,0,0,0,0,0
13732,0,17,0,0,0,0,0,0,0,0,0,0
13733,4,50,1,0,0,0,0,0,0,0,0,0
13734,1,22,0,0,0,0,0,0,0,0,0,0
13735,0,0,0,0,0,0,0,0,0,0,1,0
13736,1,0,0,0,0,0,0,0,0,0,0,0
13737,0,0,0,0,0,96,0,0,0,0,0,0
13738,0,0,0,0,0,0,0,4,0,0,0,0
13739,0,0,0,0,0,0,0,0,0,0,0,0
13740,0,0,0,0,0,4,0,0,0,31,285,0
13741,0,0,0,0,0,31,0,0,0,0,0,0
13742,0,0,0,0,84,0,0,0,0,0,0,0
13743,0,0,0,0,0,0,0,0,0,1,287,0
13744,0,0,0,0,0,0,0,0,0,0,0,0
13745,0,0,0,1,0,0,0,0,0,0,0,0
13746,0,0,0,0,0,9,0,0,0,0,0,0
13747,0,1,0,0,0,0,0,0,0,0,0,0
13748,0,59,0,0,0,0,1,0,0,0,0,0
13749,0,0,0,0,0,0,23,33,0,0,0,0
13750,0,0,0,0,0,0,0,0,0,0,0,0
13751,0,0,0,0,0,0,0,0,0,0,0,0
13752,0,0,0,0,0,9,0,0,0,0,0,0
13753,1,20,1,0,0,0,0,0,0,0,0,0
13754,0,0,0,0,0,0,8,3,0,0,0,0
13755,1,20,2,0,0,0,0,0,0,0,0,0
13756,2,52,6,0,0,0,0,0,0,0,0,0
13757,0,0,0,0,1,8,0,0,0,0,0,0
13758,18,79,0,1,0,0,0,0,0,0,0,0
13759,0,0,0,0,0,0,26,37,3,0,0,0
13760,2,15,4,0,0,0,0,0,0,0,0,0
13761,0,0,0,0,0,1,0,0,0,7,88,0
13762,0,1,0,0,0,0,160,285,0,0,0,0
13763,0,0,0,0,0,0,23,130,9,0,0,0
13764,0,0,0,3,0,161,0,0,0,0,0,0
13765,0,0,0,0,4,0,8,660,0,0,0,0
13766,7,66,9,0,0,0,0,0,0,0,0,0
13767,0,0,0,0,0,0,0,0,0,7,59,0
13768,137,284,1,0,0,0,0,0,0,0,0,0
13769,0,0,0,4,10,4,0,0,0,0,0,0
13770,0,0,0,0,0,0,38,20,0,0,0,0
13771,0,0,0,0,0,0,55,15,0,0,0,0
13772,0,0,0,0,0,36,0,0,0,0,0,0
13773,8,38,0,0,0,0,0,0,0,0,0,0
13774,0,0,0,0,0,0,0,0,0,33,91,0
13775,0,0,0,0,0,0,0,0,0,0,3,0
13776,3,15,2,0,0,0,0,0,0,0,0,0
13777,0,0,0,0,0,0,0,0,0,0,8,0
13778,0,1,0,0,0,0,0,0,0,0,0,0
13779,0,0,0,0,0,182,0,0,0,0,4,0
13780,1,8,0,0,0,0,0,0,0,0,0,0
13781,0,0,0,0,2,6,0,0,0,0,0,0
13782,0,7,0,0,0,0,0,0,0,0,0,0
13783,0,0,0,0,32,1,0,0,0,0,0,0
13784,0,0,0,0,0,0,0,0,0,0,1,0
13785,1,160,0,0,0,0,3,0,0,0,0,0
13786,0,0,0,0,0,0,0,0,0,0,0,0
13787,0,0,0,0,2,0,2,33,0,0,0,0
13788,0,0,0,2,6,124,0,0,0,0,0,0
13789,0,0,0,0,0,0,0,0,0,7,0,0
13790,3,0,1,0,0,0,0,0,0,0,0,0
13791,0,28,3,0,0,0,0,0,0,0,0,0
13792,0,0,0,0,0,0,0,0,0,9,248,0
13793,0,0,0,0,0,0,58,7,0,0,0,0
13794,0,0,0,0,27,10,0,0,0,0,0,0
13795,0,0,0,0,0,0,0,0,0,3,0,0
13796,0,0,0,0,0,0,0,0,0,0,0,0
13797,0,0,0,0,0,27,0,0,0,0,0,0
13798,0,14,0,0,0,0,0,0,0,0,0,0
13799,0,0,0,0,0,0,0,0,0,2,2,0
13800,0,0,0,0,0,7,0,0,0,0,0,0
13801,0,3,0,0,0,0,0,0,0,0,0,0
13802,1,6,0,0,0,0,0,0,0,0,0,0
13803,0,24,0,0,0,0,0,0,0,0,0,0
13804,0,0,0,1,0,62,0,0,0,0,0,0
13805,1,4,0,0,0,0,0,0,0,0,0,0
13806,0,0,0,0,0,0,0,0,0,0,70,0
13807,0,2,0,0,0,0,0,0,0,0,0,0
13808,0,0,0,0,0,0,0,0,0,2,1,0
13809,0,75,1,0,0,0,0,0,0,0,0,0
13810,0,20,8,0,0,0,0,0,0,0,0,0
13811,0,0,0,0,0,2,0,0,0,0,0,0
13812,0,1,0,0,0,0,33,564,14,0,0,0
13813,0,0,0,0,0,0,5,33,1,0,0,0
13814,0,0,0,0,0,0,0,0,0,0,4,1
13815,70,48,3,0,0,0,0,0,0,0,0,0
13816,0,0,0,0,0,0,0,3,0,0,0,0
13817,0,0,1,0,0,0,0,0,0,0,0,0
13818,0,0,0,0,0,0,0,0,0,0,86,0
13819,0,0,0,0,0,0,0,0,0,20,39,1
13820,0,0,0,0,0,0,0,0,0,0,0,0
13821,0,0,0,0,0,0,0,0,0,13,252,0
13822,0,0,0,0,0,0,87,0,0,0,0,0
13823,0,0,0,0,3,11,0,0,0,0,0,0
13824,0,0,0,0,0,0,0,0,0,22,223,2
13825,0,0,0,0,0,6,0,0,0,0,0,0
13826,1,0,0,0,0,0,0,0,0,0,0,0
13827,0,0,0,0,0,48,0,0,0,0,0,0
13828,0,0,0,0,0,0,44,4,0,0,0,0
13829,0,0,0,0,0,0,0,0,0,1,33,0
13830,0,0,0,3,3,21,0,0,0,0,0,0
13831,0,0,0,0,3,87,0,0,0,0,57,0
13832,0,0,0,0,0,1,0,0,0,0,0,0
13833,1,19,0,0,0,0,0,0,0,0,0,0
13834,0,2,2,0,0,0,0,0,0,0,0,0
13835,0,0,0,0,0,0,5,17,0,0,0,0
13836,0,2,0,0,0,0,42,3,1,0,0,0
13837,0,0,0,0,0,0,0,0,0,0,8,0
13838,4,0,0,0,0,0,0,0,0,0,0,0
13839,0,0,0,3,1,16,0,0,0,0,0,0
13840,0,0,0,0,0,0,0,0,0,0,0,0
13841,0,0,0,0,0,3,0,0,0,0,0,0
13842,0,0,0,0,0,23,0,0,0,0,0,0
13843,0,0,0,0,0,0,10,47,0,0,0,0
13844,0,4,3,0,0,0,0,0,0,0,0,0
13845,0,0,0,3,0,39,0,0,0,0,0,0
13846,0,0,0,0,0,0,2,1,0,0,0,0
13847,3,1,10,0,0,0,0,0,0,0,0,0
13848,7,131,14,0,0,0,0,0,0,0,0,0
13849,0,0,0,0,0,0,34,63,2,0,0,0
13850,0,0,0,0,0,0,14,14,0,0,0,0
13851,0,0,0,2,0,188,0,0,0,0,7,0
13852,3,26,6,0,0,0,0,0,0,0,0,0
13853,3,17,0,0,0,0,0,0,0,0,0,0
13854,0,0,0,1,2,27,0,0,0,0,0,0
13855,0,0,0,3,0,2,0,0,0,0,0,0
13856,0,0,0,0,0,0,5,2,0,0,0,0
13857,0,0,0,0,0,41,0,0,0,0,0,0
13858,0,0,0,0,0,0,38,278,1,0,0,0
13859,0,38,6,0,0,0,0,0,0,0,0,0
13860,0,0,0,0,0,328,0,0,0,9,16213,2
13861,5,17,3,0,0,0,0,0,0,0,0,0
13862,0,0,0,0,0,1,0,0,0,0,1275,2
13863,2,43,2,0,0,0,0,0,0,0,0,0
13864,0,0,0,5,5,108,0,0,0,0,4,0
13865,0,0,0,1,0,0,0,0,0,0,0,0
13866,5,17,0,0,0,0,0,0,0,0,0,0
13867,0,7,72,0,0,0,0,0,0,0,0,0
13868,0,6,0,0,0,0,0,0,0,0,0,0
13869,0,34,0,0,0,0,0,0,0,0,0,0
13870,0,0,0,0,0,0,28,2,0,0,0,0
13871,1,2,7,0,0,0,0,0,0,0,0,0
13872,4,14,48,0,0,0,0,0,0,0,0,0
13873,5,77,10,0,0,0,0,0,0,0,0,0
13874,0,0,0,0,0,16,0,0,0,0,1,0
13875,0,34,0,0,0,0,0,0,0,0,0,0
13876,0,0,0,0,0,0,0,0,0,11,23,0
13877,0,0,0,0,0,0,0,0,0,0,0,0
13878,0,0,0,3,2,5,0,0,0,0,0,0
13879,0,0,0,0,0,0,45,3,0,0,0,0
13880,0,0,0,0,9,29,0,0,0,0,0,0
13881,0,0,0,0,0,0,0,0,0,0,35,0
13882,0,12,0,0,0,0,0,0,0,0,0,0
13883,0,0,0,0,0,0,0,0,0,2,66,0
13884,5,51,0,0,0,0,0,0,0,0,0,0
13885,0,0,0,33,0,69,0,0,0,0,1,0
13886,0,2,0,0,0,0,0,0,0,0,0,0
13887,0,0,0,0,0,10,0,0,0,0,881,0
13888,5,18,0,0,0,0,0,0,0,0,0,0
13889,0,33,5,0,0,0,0,0,0,0,0,0
13890,0,0,0,0,203,102,0,3,0,0,1,0
13891,0,0,0,1,1,3,0,0,0,0,0,0
13892,0,0,0,0,0,0,23,6,1,0,0,0
13893,0,0,0,0,1,14,0,0,0,0,0,0
13894,0,0,0,0,1,0,0,0,0,0,0,0
13895,0,0,0,0,0,0,4,0,0,0,0,0
13896,0,0,0,0,0,5,0,0,0,0,0,0
13897,0,0,0,0,1,0,28,632,2,0,0,0
13898,29,77,10,0,0,0,0,0,0,0,0,0
13899,0,0,0,2,125,22,0,0,0,0,0,0
13900,0,0,0,0,0,0,42,28,0,0,0,0
13901,12,72,16,0,0,0,0,0,0,0,0,0
13902,0,0,0,2,0,95,0,0,0,0,0,0
13903,0,0,0,0,0,0,22,1,0,0,0,0
13904,0,81,7,0,0,0,2,1,0,0,0,0
13905,0,0,0,33,1,56,0,0,0,0,0,0
13906,0,0,0,33,2,11,0,0,0,0,0,0
13907,1,50,33,0,0,0,0,0,0,0,0,0
13908,0,0,0,0,0,33,0,0,0,0,1,0
13909,0,0,0,0,34,5,0,0,0,0,0,0
13910,0,0,0,1,0,3,0,0,0,0,0,0
13911,0,0,0,0,0,0,0,0,0,0,66,0
13912,8,9,7,0,0,0,0,0,0,0,0,0
13913,0,39,6,0,0,0,0,0,0,0,0,0
13914,0,0,0,0,3,145,0,0,0,0,0,0
13915,0,2,0,0,0,0,0,0,0,0,0,0
13916,3,10,2,0,0,0,0,0,0,0,0,0
13917,1,12,0,0,0,0,0,0,0,0,0,0
13918,1,12,11,0,0,0,0,0,0,0,0,0
13919,5,45,5,0,0,0,0,0,0,0,0,0
13920,0,0,0,0,1,0,104,245,5,0,0,0
13921,0,0,0,0,0,0,30,125,1,0,0,0
13922,4,5,5,0,0,0,0,0,0,0,0,0
13923,0,0,0,0,0,11,0,0,0,17,559,0
13924,0,0,0,11,2,0,0,0,0,0,0,0
13925,0,0,0,0,0,0,0,1,0,0,0,0
13926,0,0,0,0,0,0,0,22,0,0,0,0
13927,0,0,0,0,0,6,0,0,0,0,0,0
13928,6,151,0,0,0,0,2,0,0,0,0,0
13929,0,0,0,0,0,103,0,0,0,0,2,0
13930,0,0,0,0,0,0,11,4,23,0,0,0
13931,0,13,3,0,0,0,0,0,0,0,0,0
13932,0,0,0,2,2,71,0,0,0,0,1,0
13933,0,0,0,0,0,3,0,0,0,0,0,0
13934,0,0,0,0,0,2,0,0,0,0,0,0
13935,0,0,0,0,0,15,0,0,0,0,0,0
13936,0,0,0,0,0,0,5,58,0,0,0,0
13937,0,0,0,0,0,12,0,0,0,0,0,0
13938,3,25,48,0,0,0,0,0,0,2,0,0
13939,0,0,0,0,0,0,4,0,2,0,0,0
13940,0,5,2,0,0,0,0,0,0,0,0,0
13941,2,4,2,0,0,0,0,0,0,0,0,0
13942,1,18,1,0,0,0,0,0,0,0,0,0
13943,0,7,0,0,0,0,0,0,0,0,0,0
13944,0,0,0,0,0,6,0,0,0,1,821,0
13945,0,0,0,0,0,0,0,0,0,23,111,2
13946,0,0,0,0,0,0,0,0,0,2,15,0
13947,128,26,14,0,0,0,0,0,0,0,0,0
13948,0,0,0,0,0,0,10,77,2,0,0,0
13949,3,59,0,0,0,0,0,0,0,0,0,0
13950,0,0,0,3,0,136,0,0,0,0,0,0
13951,2,98,1,0,0,0,0,0,0,0,0,0
13952,0,0,0,1,0,14,0,0,0,0,0,0
13953,0,91,0,0,0,0,0,0,0,0,0,0
13954,0,0,0,0,2,88,0,0,0,0,0,0
13955,0,0,0,0,0,5,0,0,0,0,0,0
13956,0,12,1,0,0,0,0,0,0,0,0,0
13957,0,0,0,0,0,1,0,0,0,13,578,0
13958,0,0,0,0,1,0,47,30,0,0,0,0
13959,0,0,0,0,0,0,0,0,0,2,59,0
13960,0,1,0,0,0,0,361,2,0,0,0,0
13961,0,0,0,0,0,8,0,0,0,0,0,0
13962,2,103,0,0,0,0,0,0,0,0,0,0
13963,0,0,0,0,0,79,0,0,0,0,0,0
13964,0,0,0,0,0,0,0,0,0,0,0,0
13965,0,0,0,0,0,5,0,0,0,0,468,0
13966,0,4,0,0,0,0,110,1,0,0,0,0
13967,0,0,0,0,0,0,0,0,0,4,29,0
13968,0,0,0,0,0,4,0,0,0,12,192,3
13969,2,20,0,0,0,0,0,0,0,0,0,0
13970,0,27,7,0,0,0,0,0,0,0,0,0
13971,0,0,0,0,0,4,0,0,0,11,93,0
13972,0,0,0,1,16,15,0,1,0,0,0,0
13973,0,0,0,0,0,0,0,0,0,0,0,0
13974,5,34,0,0,0,0,0,0,0,0,0,0
13975,0,0,0,0,0,0,29,135,0,0,0,0
13976,0,0,0,0,0,0,4,1,0,0,0,0
13977,9,0,0,93,1,114,0,0,0,0,3,0
13978,0,0,0,0,0,0,2,1,3,0,0,0
13979,0,5,0,0,0,0,0,0,0,0,0,0
13980,1,7,2,0,0,0,0,0,0,0,0,0
13981,0,0,0,0,0,0,0,0,0,1,34,0
13982,0,0,0,0,0,0,29,7,0,0,0,0
13983,0,0,0,0,0,13,0,0,0,0,0,0
13984,0,0,0,0,0,0,36,4,0,0,0,0
13985,0,0,0,0,3,12,0,0,0,0,0,0
13986,0,22,0,0,0,0,0,0,0,0,0,0
13987,0,0,0,0,0,0,0,0,0,0,3,0
13988,0,0,0,0,0,0,1,0,0,0,0,0
13989,0,0,0,0,0,0,0,0,0,10,123,0
13990,0,0,0,0,0,0,0,0,0,16,2,1
13991,7,16,0,0,0,0,0,0,0,0,0,0
13992,17,35,5,0,0,0,0,1,0,0,0,0
13993,0,0,0,0,43,1,13,10560,1,0,0,0
13994,0,0,0,0,0,2,0,0,0,1,1142,0
13995,0,0,0,6,25,64,0,0,0,0,0,0
13996,0,0,0,0,75,13,0,0,0,0,0,0
13997,0,0,0,0,0,2,0,0,0,0,0,0
13998,0,0,0,0,0,0,35,4,1,0,0,0
13999,0,0,0,7,0,5,0,0,0,0,0,0
14000,0,0,0,0,0,13,0,0,0,0,0,0
14001,4,7,0,0,0,0,0,0,0,0,0,0
14002,0,0,1,0,0,0,0,0,0,0,0,0
14003,0,8,0,0,0,0,0,0,0,0,0,0
14004,2,27,1,0,0,0,0,0,0,0,0,0
14005,0,27,1,0,0,0,0,0,0,0,0,0
14006,0,0,0,0,0,0,0,0,0,1,1,0
14007,1,17,8,0,0,0,0,0,0,0,0,0
14008,0,0,0,0,0,0,208,249,0,0,0,0
14009,0,0,0,0,0,8,0,0,0,0,0,0
14010,1,121,0,0,0,0,0,0,0,0,0,0
14011,0,0,0,0,0,0,0,0,0,1,0,0
14012,8,79,0,0,0,0,0,0,0,0,0,0
14013,1,6,19,0,0,0,0,0,0,0,0,0
14014,0,0,0,1,2765,23,0,13,0,0,0,0
14015,0,0,0,2,1,0,0,0,0,0,0,0
14016,0,0,0,0,0,2,0,0,0,3,686,1
14017,0,0,0,4,8,0,0,0,0,0,0,0
14018,0,0,0,0,0,0,0,0,1,0,0,0
14019,0,0,0,0,0,25,0,0,0,0,0,0
14020,0,0,0,0,0,0,11,4,0,0,0,0
14021,0,17,0,0,0,0,0,0,0,0,0,0
14022,0,0,0,13,2,62,0,0,0,0,0,0
14023,0,0,0,0,0,0,58,1,0,0,0,0
14024,0,0,0,0,0,0,0,0,0,6,39,0
14025,0,0,0,0,0,0,0,0,0,3,73,3
14026,32,26,1,0,0,0,0,0,0,0,0,0
14027,0,0,0,0,0,2,0,0,0,0,0,0
14028,0,0,0,0,0,0,34,404,0,0,0,0
14029,0,0,0,0,0,0,0,0,0,6,0,0
14030,0,0,0,0,0,0,406,21,0,0,0,0
14031,0,6,52,0,0,0,0,0,0,0,0,0
14032,0,8,8,0,0,0,0,0,0,0,0,0
14033,1,125,23,0,0,0,8,0,0,0,0,0
14034,1,0,0,39,3,93,0,0,0,0,0,0
14035,0,0,0,0,1,0,22,15,0,0,0,0
14036,0,0,0,0,0,0,0,0,0,1,25,0
14037,0,0,0,71,1,20,0,0,0,0,0,0
14038,0,0,0,0,0,0,0,0,0,0,0,0
14039,0,0,0,0,0,0,0,1,0,0,0,0
14040,0,0,0,1,0,11,0,0,0,0,0,0
14041,5,300,5,0,0,0,0,0,0,0,0,0
14042,0,0,0,0,1,8,0,0,0,0,0,0
14043,0,0,0,2,0,7,0,0,0,0,0,0
14044,0,0,0,0,0,0,9,2,0,0,0,0
14045,0,0,0,0,0,13,0,0,0,0,0,0
14046,0,0,0,18,1,14,0,0,0,0,0,0
14047,0,0,0,0,0,0,0,6,0,0,0,0
14048,0,0,0,0,0,0,0,0,0,0,0,0
14049,0,0,0,1,1,5,0,0,0,0,0,0
14050,0,0,0,0,0,0,28,1,0,0,0,0
14051,0,0,0,0,0,1,0,0,0,0,0,0
14052,0,36,1,0,0,0,0,0,0,0,0,0
14053,0,0,0,0,0,3,0,0,0,6,350,0
14054,0,0,0,0,0,0,0,0,0,0,0,0
14055,0,0,0,0,8,1,20,962,17,0,2,0
14056,1,12,0,0,0,0,0,0,0,0,0,0
14057,0,0,0,0,0,0,0,0,0,0,0,0
14058,3,37,1,0,0,0,0,0,0,0,0,0
14059,0,0,0,0,0,24,0,0,0,0,0,0
14060,0,0,0,0,0,1,0,0,0,0,0,0
14061,1,17,0,0,0,0,0,0,0,0,0,0
14062,0,0,0,0,0,0,0,2,0,0,0,0
14063,1,2,0,0,0,0,0,0,0,0,0,0
14064,0,0,0,0,0,162,0,0,0,0,0,0
14065,0,2,0,0,0,0,0,0,0,0,0,0
14066,0,0,0,0,0,0,0,0,0,0,0,0
14067,0,0,0,0,0,173,0,0,0,0,1,0
14068,0,0,0,0,0,0,0,0,0,0,1,0
14069,0,0,0,0,0,0,0,0,0,0,0,0
14070,0,31,0,0,0,0,0,0,0,0,0,0
14071,0,0,0,0,0,0,0,41,0,0,0,0
14072,0,0,1,0,0,0,0,0,0,0,0,0
14073,0,0,0,0,3,67,0,0,0,0,0,0
14074,0,0,0,0,0,0,0,0,0,29,26,0
14075,0,0,0,0,0,2,0,0,0,0,0,0
14076,0,0,0,0,0,0,0,0,0,7,86,0
14077,2,11,0,0,0,0,0,0,0,0,0,0
14078,0,12,4,0,0,0,0,0,0,0,0,0
14079,0,0,0,7,0,39,0,0,0,0,0,0
14080,0,2,0,0,0,0,22,2,0,0,0,0
14081,0,0,0,0,0,0,0,2,0,0,0,0
14082,0,0,0,0,0,26,0,0,0,0,0,0
14083,196,18,0,0,0,0,0,0,0,0,0,0
14084,2,79,0,0,0,0,0,0,0,0,0,0
14085,0,0,0,0,0,0,0,0,0,11,47,1
14086,0,0,0,0,0,0,0,0,0,0,0,0
14087,0,0,0,0,0,0,0,1,1,0,0,0
14088,0,0,0,0,0,0,0,0,0,0,0,0
14089,0,0,0,0,0,0,0,0,0,0,0,0
14090,0,6,0,0,0,0,0,0,0,0,0,0
14091,0,0,0,0,0,71,0,0,0,0,0,0
14092,0,0,0,0,0,0,0,0,1,0,0,0
14093,3,0,0,0,0,0,0,0,0,0,0,0
14094,0,0,0,0,0,39,0,0,0,0,0,0
14095,0,0,0,0,0,6,0,0,0,0,0,0
14096,0,0,0,0,1,1,0,0,0,0,0,0
14097,0,0,0,0,0,0,0,0,0,2,262,0
14098,0,0,0,0,0,0,1,5,0,0,0,0
14099,0,0,0,0,0,0,2,5,1,0,0,0
14100,0,0,0,1,0,119,0,0,0,0,0,0
14101,0,0,0,0,0,0,1,0,0,0,0,0
14102,0,0,0,0,0,0,0,0,0,0,0,0
14103,0,0,0,0,0,320,0,0,0,0,0,0
14104,0,0,0,0,0,13,0,0,0,0,0,0
14105,0,0,0,1,1,0,0,0,0,0,0,0
14106,0,0,0,0,0,0,0,0,0,2,66,0
14107,121,92,1,3,0,0,0,0,0,0,0,0
14108,0,0,0,0,0,5,0,0,0,0,0,0
14109,0,77,2,0,0,0,0,0,0,0,0,0
14110,0,0,2,0,0,0,0,0,0,49,0,1
14111,5,20,3,0,0,0,0,0,0,0,0,0
14112,1,27,0,0,0,0,0,0,0,0,0,0
14113,1,22,1,0,0,0,0,0,0,0,0,0
14114,0,0,0,0,0,0,0,0,0,10,97,0
14115,0,0,0,0,0,0,0,0,0,8,72,1
14116,0,71,4,0,0,0,0,0,0,0,0,0
14117,0,0,0,0,0,7,0,0,0,1,553,43
14118,0,0,0,0,13,0,218,1396,2,0,0,0
14119,0,0,0,0,0,1,0,0,0,17,271,6
14120,0,0,0,0,0,255,0,0,0,11,57408,0
14121,12,47,169,0,0,0,0,0,0,0,0,0
14122,0,0,0,0,0,0,95,84,3,0,0,0
14123,0,0,0,0,0,0,51,10,14,0,0,0
14124,0,0,0,1,0,9,0,0,0,0,0,0
14125,28,228,0,0,0,0,0,0,0,0,0,0
14126,0,1,0,0,0,0,239,10,1,0,0,0
14127,0,0,0,0,0,17,0,0,0,0,0,0
14128,0,0,0,0,0,0,0,0,1,0,0,0
14129,0,0,0,0,0,0,0,4,0,0,0,0
14130,32,40,63,0,0,0,0,0,0,0,0,0
14131,0,0,0,0,0,0,120,8,0,0,0,0
14132,0,0,0,0,0,1,0,0,0,0,0,0
14133,0,0,0,5,4,100,0,0,0,0,0,0
14134,0,0,0,0,0,0,0,0,0,3,54,0
14135,0,0,0,0,0,0,0,0,0,0,0,0
14136,0,0,0,1,8,13,0,0,0,0,0,0
14137,0,0,0,0,0,0,82,0,3,0,0,0
14138,0,0,0,0,0,3,0,0,0,0,0,0
14139,0,0,0,0,1,3,0,0,0,0,0,0
14140,0,0,0,0,0,0,20,18,7,0,0,0
14141,0,0,0,0,0,3,0,0,0,0,0,0
14142,7,47,0,1,0,0,0,0,0,0,0,0
14143,0,0,0,0,0,0,11,1,0,0,0,0
14144,1,8,0,0,0,0,0,0,0,0,0,0
14145,0,0,0,0,15,86,0,0,0,0,0,0
14146,0,0,0,0,2,1,0,0,0,0,0,0
14147,0,0,0,0,0,0,0,0,0,0,1,0
14148,0,0,0,0,0,20,0,0,0,0,1,0
14149,0,0,0,0,0,0,0,0,0,0,0,0
14150,2,0,0,0,0,0,0,0,0,0,0,0
14151,0,0,0,1,0,23,0,0,0,0,0,0
14152,0,0,0,0,0,2,0,0,0,0,0,0
14153,0,4,0,0,0,0,0,0,0,0,0,0
14154,0,0,0,0,0,61,0,0,0,0,0,0
14155,0,0,0,5,10,2,0,0,0,0,0,0
14156,0,0,0,0,0,0,0,0,0,0,2,0
14157,1,40,3,0,0,0,0,0,0,0,0,0
14158,0,0,0,2,3,2,0,0,0,0,0,0
14159,0,0,0,0,0,0,0,0,0,0,0,0
14160,0,0,0,0,0,0,14,31,3,0,0,0
14161,0,0,0,0,17,39,0,0,0,0,0,0
14162,0,0,0,0,0,3,0,0,0,0,0,0
14163,0,16,0,0,0,0,0,0,0,0,0,0
14164,1,1,1,0,0,0,0,0,0,0,0,0
14165,0,0,0,2,0,0,0,0,0,0,0,0
14166,0,0,0,0,0,0,0,3,1,0,0,0
14167,0,0,0,0,0,0,0,0,0,1,13,0
14168,0,0,0,0,0,0,0,0,0,0,0,0
14169,0,0,0,0,0,63,0,0,0,0,1,0
14170,1,324,0,0,0,0,0,0,0,0,0,0
14171,0,0,0,1,0,57,0,0,0,0,0,0
14172,66,28,0,0,0,0,0,0,0,0,0,0
14173,0,0,0,3,4,22,0,0,0,0,0,0
14174,0,0,0,0,1,2,0,0,0,0,0,0
14175,0,16,0,0,0,0,0,0,0,0,0,0
14176,2,2,0,0,0,0,0,0,0,0,0,0
14177,0,0,0,0,0,0,0,0,0,3,201,1
14178,0,0,0,0,0,3,0,0,0,49,1082,3
14179,0,0,0,0,20,13,0,0,0,0,0,0
14180,0,0,0,0,0,30,0,0,0,0,0,0
14181,0,0,0,0,0,0,23,37,44,0,0,0
14182,0,2,0,0,0,0,0,0,0,0,0,0
14183,0,0,0,0,0,4,0,0,0,0,910,2
14184,0,0,0,0,0,7,0,0,0,25,1528,1
14185,17,26,9,0,0,0,0,0,0,0,0,0
14186,0,0,0,0,0,0,105,249,0,0,0,0
14187,0,5,0,0,0,0,1036,52,0,0,0,0
14188,0,0,0,0,0,0,36,5,2,0,0,0
14189,0,0,0,0,0,0,0,0,0,0,284,2
14190,0,0,0,4,5,95,0,0,0,0,0,0
14191,0,0,0,0,0,1127,0,0,0,0,2,0
14192,0,0,0,0,0,0,0,0,0,0,0,0
14193,3,18,0,0,0,0,0,0,0,0,0,0
14194,0,9,0,0,0,0,0,0,0,0,0,0
14195,0,0,0,0,0,0,0,0,0,55,97,1
14196,6,0,0,35,1,16,0,0,0,0,0,0
14197,0,0,0,0,0,0,5,6,0,0,0,0
14198,0,0,0,0,0,0,0,0,0,0,19,0
14199,15,121,5,0,0,0,0,0,0,0,0,0
14200,0,0,0,0,0,0,0,0,0,0,0,0
14201,0,0,0,0,0,0,0,0,0,0,0,0
14202,0,0,0,0,2,0,152,1840,0,0,0,0
14203,0,0,0,1,7,0,0,0,0,0,0,0
14204,0,0,0,0,0,0,0,0,0,1,21,0
14205,2,51,8,0,0,0,0,0,0,0,0,0
14206,0,0,0,0,0,0,0,0,0,0,138,0
14207,6,17,5,0,0,0,1,0,0,0,0,0
14208,0,0,0,0,0,102,0,0,0,0,0,0
14209,0,0,0,0,1,0,55,461,0,0,0,0
14210,0,0,0,0,1,387,0,0,0,0,3,0
14211,0,0,0,20,4,87,0,0,0,0,0,0
14212,0,0,0,0,0,0,36,24,0,0,0,0
14213,0,116,7,0,0,0,12,0,0,0,0,0
14214,0,0,0,0,0,0,0,0,0,8,131,0
14215,9,17,0,0,0,0,0,0,0,0,0,0
14216,0,0,0,0,0,1,0,0,0,42,248,0
14217,0,0,0,20,21,38,0,0,0,0,0,0
14218,0,0,0,0,0,0,17,7,0,0,0,0
14219,0,1,4,0,0,0,0,0,0,0,0,0
14220,0,0,0,0,0,29,0,0,1,46,1254,19
14221,0,0,0,2,2,4,0,0,0,0,0,0
14222,0,0,0,0,0,0,0,0,0,0,0,0
14223,0,0,0,0,0,0,0,0,0,0,0,0
14224,1,88,0,0,0,0,7,0,0,0,0,0
14225,0,0,0,0,0,0,0,0,0,0,0,0
14226,1,25,1,0,0,0,1,0,0,0,0,0
14227,0,0,0,0,0,0,0,0,0,0,0,0
14228,0,49,0,0,0,0,0,0,0,0,0,0
14229,0,1,0,0,0,0,91,84,9,0,0,0
14230,0,0,0,0,0,0,0,0,0,392,200,3
14231,0,0,0,0,0,0,0,0,0,18,1,0
14232,0,0,0,0,0,47,0,0,0,0,0,0
14233,0,0,0,0,0,30,0,0,0,0,0,0
14234,0,7,2,0,0,0,0,0,0,0,0,0
14235,0,0,0,0,0,6,0,0,0,0,181,0
14236,1,186,1,0,0,0,1,0,0,0,0,0
14237,0,0,0,0,3,18,0,0,0,0,0,0
14238,0,0,0,4,0,67,0,0,0,0,0,0
14239,1,0,0,0,0,0,0,0,0,0,0,0
14240,0,34,0,0,0,0,0,0,0,0,0,0
14241,0,1,0,0,1,0,46,117,0,0,0,0
14242,0,0,0,0,0,1,0,0,0,0,0,0
14243,0,0,0,0,0,0,0,0,0,0,0,0
14244,0,0,0,0,0,0,1,13,0,0,0,0
14245,0,2,0,0,0,0,363,3,0,0,0,0
14246,3,102,9,0,0,0,1,0,0,0,0,0
14247,0,0,0,0,2,106,0,0,0,0,0,0
14248,0,0,0,2,7,12,0,0,0,0,0,0
14249,0,0,0,0,1,1,0,0,0,0,0,0
14250,0,0,0,1,0,0,34,230,0,0,0,0
14251,0,0,0,0,3,2,0,0,0,0,0,0
14252,0,0,0,0,0,8,0,0,0,0,0,0
14253,2,30,0,0,0,0,0,0,0,0,0,0
14254,0,3,0,0,0,0,0,0,0,0,0,0
14255,0,1,0,0,0,0,0,0,0,0,0,0
14256,0,135,0,0,0,0,0,0,0,0,0,0
14257,0,0,0,2,0,74,0,0,0,0,0,0
14258,0,38,0,0,0,0,0,0,0,0,0,0
14259,0,0,0,0,0,112,0,0,0,0,0,0
14260,0,0,0,0,0,0,2,1,0,0,0,0
14261,1,1,0,0,0,0,0,0,0,0,0,0
14262,0,0,0,0,0,0,0,0,0,7,501,0
14263,0,0,0,0,0,0,0,0,0,0,0,0
14264,0,0,0,8,0,1,0,0,0,0,0,0
14265,0,0,0,0,0,2,0,0,0,0,572,0
14266,0,44,0,0,0,0,0,0,0,0,0,0
14267,0,0,0,0,0,0,0,0,0,1,244,0
14268,0,0,0,0,0,0,158,91,2,0,0,0
14269,0,0,0,0,0,0,1,1,1,0,0,0
14270,0,11,2,0,0,0,0,0,0,0,0,0
14271,3,72,3,0,0,0,0,0,0,0,0,0
14272,0,0,0,0,0,0,0,0,1,0,0,0
14273,3,0,2,0,0,0,0,0,0,0,0,0
14274,0,0,0,0,0,0,108,31,3,0,0,0
14275,0,0,6,0,0,0,0,0,0,0,0,0
14276,0,0,0,0,0,0,11,0,0,0,0,0
14277,0,0,0,0,0,0,0,0,0,0,0,0
14278,0,0,0,1,0,12,0,0,0,0,0,0
14279,0,0,0,1,0,87,0,0,0,0,0,0
14280,61,42,0,0,0,0,0,0,0,0,0,0
14281,1,12,3,0,0,0,0,0,0,0,0,0
14282,0,4,0,0,0,0,0,0,0,0,0,0
14283,0,34,3,0,0,0,1,0,0,0,0,0
14284,0,0,0,0,0,0,0,0,0,18,10,0
14285,0,0,0,0,0,1,0,0,0,0,0,0
14286,0,0,0,0,0,0,0,0,0,6,60,0
14287,0,0,0,0,0,6,0,0,0,0,0,0
14288,0,0,0,0,1,10,0,0,0,0,0,0
14289,0,0,0,6,1,48,0,0,0,0,0,0
14290,0,0,0,0,0,0,37,170,2,0,0,0
14291,0,43,18,0,0,0,0,0,0,0,0,0
14292,0,0,0,0,0,1,0,0,0,45,46,0
14293,0,0,0,0,0,0,0,0,0,2,141,0
14294,0,0,0,0,0,0,105,22,0,0,0,0
14295,0,0,0,0,0,110,0,0,0,0,0,0
14296,0,0,0,0,0,0,0,0,0,0,0,0
14297,1,0,0,0,0,0,0,0,0,0,0,0
14298,0,0,0,0,0,59,0,0,0,0,1,0
14299,0,0,0,0,1,0,0,0,0,0,0,0
14300,0,0,0,1,0,0,0,0,0,0,0,0
14301,0,0,0,0,0,3,0,0,0,0,0,0
14302,1,1,1,0,0,0,0,0,0,0,0,0
14303,2,10,1,0,0,0,0,0,0,0,0,0
14304,0,33,0,0,0,0,0,0,0,0,0,0
14305,0,0,0,0,0,72,0,0,0,0,0,0
14306,13,6,0,0,0,0,0,0,0,0,0,0
14307,0,0,0,0,0,59,0,0,0,0,1,0
14308,0,0,0,0,0,2,0,0,0,0,0,0
14309,0,0,0,0,0,0,0,0,0,0,0,0
14310,0,0,0,0,0,0,0,15,0,0,0,0
14311,0,0,0,0,0,0,1,1,0,0,0,0
14312,0,0,0,0,0,0,0,0,0,0,0,0
14313,0,0,0,1,0,818,0,0,0,0,3,0
14314,0,0,0,0,0,0,0,0,0,0,1,3
14315,2,0,0,0,0,0,0,0,0,0,0,0
14316,0,0,0,0,0,0,59,59,3,0,0,0
14317,1,18,10,0,0,0,0,0,0,0,0,0
14318,0,0,0,0,0,1,0,0,0,0,853,0
14319,4,22,3,0,0,0,0,0,0,0,0,0
14320,0,0,0,1,0,0,0,0,0,0,0,0
14321,0,0,0,0,0,0,0,0,0,0,0,0
14322,0,0,0,0,0,0,0,0,0,0,706,1
14323,0,0,0,0,0,0,0,0,0,0,42,0
14324,0,0,0,0,0,0,0,0,0,0,0,0
14325,0,0,0,0,0,0,0,0,0,0,77,0
14326,0,0,0,0,0,0,0,0,0,2,4,0
14327,0,0,0,0,0,0,0,0,0,1,1,0
14328,7,13,8,0,0,0,0,0,0,0,0,0
14329,0,1,0,0,0,0,0,0,0,0,0,0
14330,1,5,1,0,0,0,0,0,0,0,0,0
14331,0,0,0,0,0,21,0,0,0,0,0,0
14332,0,0,0,3,0,0,0,0,0,0,0,0
14333,0,0,0,0,0,0,1,1,0,0,0,0
14334,0,0,0,0,0,16,0,0,0,0,0,0
14335,0,0,0,0,0,0,7,149,0,0,0,0
14336,0,0,0,0,1,23,0,0,0,0,0,0
14337,0,0,0,1,0,4,0,0,0,0,0,0
14338,0,67,0,0,0,0,1,0,0,0,0,0
14339,2,11,0,0,0,0,0,0,0,0,0,0
14340,0,0,0,0,0,33,0,0,0,1,2106,0
14341,0,0,0,0,0,0,0,0,0,0,0,0
14342,0,0,0,0,0,0,0,1,0,0,0,0
14343,0,0,0,0,0,31,0,0,0,0,0,0
14344,0,0,0,18,4,8,0,0,0,0,0,0
14345,0,0,0,0,4,40,0,0,0,0,0,0
14346,0,0,0,0,0,0,61,47,0,0,0,0
14347,0,0,0,0,0,0,37,7,0,0,0,0
14348,0,32,4,0,0,0,0,0,0,0,0,0
14349,0,0,0,41,0,38,0,0,0,0,0,0
14350,0,0,0,0,0,0,2,51,1,0,0,0
14351,0,4,1,0,0,0,0,0,0,0,0,0
14352,0,0,0,0,0,1,0,0,0,0,124,0
14353,0,6,2,0,0,0,0,0,0,0,0,0
14354,0,0,0,0,0,0,27,1,2,0,0,0
14355,0,55,2,0,0,0,0,0,0,0,0,0
14356,0,0,0,0,0,2,0,0,0,0,0,0
14357,0,0,0,0,0,0,0,1,0,0,0,0
14358,0,0,0,0,0,2,0,0,0,1,343,0
14359,2,49,2,0,0,0,0,0,0,0,0,0
14360,0,0,0,0,1,48,0,0,0,0,0,0
14361,0,0,0,1,5,39,0,0,0,0,6,0
14362,0,0,0,0,0,116,0,0,0,5,191,1
14363,0,0,0,0,0,1,0,0,0,0,0,0
14364,0,0,0,0,0,0,22,20,0,0,0,0
14365,0,0,0,0,0,0,0,0,0,0,1,0
14366,1,1,0,0,0,0,0,0,0,0,0,0
14367,0,0,0,0,1,29,0,0,0,0,0,0
14368,0,0,0,0,0,0,0,0,0,0,0,0
14369,0,0,0,0,0,0,0,0,0,0,0,0
14370,0,0,0,0,0,20,0,0,0,0,0,0
14371,0,0,0,0,7,0,89,614,1,0,0,0
14372,0,0,0,0,0,0,0,0,0,0,22,0
14373,3,25,2,0,0,0,0,0,0,0,0,0
14374,0,0,0,0,0,0,0,0,0,0,0,0
14375,0,0,0,0,0,0,0,0,0,0,0,0
14376,0,0,0,0,0,0,0,0,0,0,54,0
14377,0,0,0,0,0,2,0,0,0,0,0,0
14378,0,0,0,0,0,2,0,0,0,0,0,0
14379,0,0,0,1,0,12,0,0,0,0,0,0
14380,0,0,0,0,0,0,0,0,0,0,0,0
14381,0,0,0,0,0,0,0,0,0,0,0,0
14382,0,0,0,0,0,43,0,0,0,0,0,0
14383,0,0,0,0,0,0,5,7,0,0,0,0
14384,0,0,0,0,24,41,0,0,0,0,0,0
14385,0,0,0,5,5,11,0,0,0,0,0,0
14386,0,0,0,0,0,3,0,0,0,0,0,0
14387,0,0,0,0,0,0,0,0,0,0,0,0
14388,0,200,1,0,0,0,4,0,0,0,0,0
14389,0,0,0,1,0,8,0,0,0,0,0,0
14390,0,0,0,0,0,0,0,0,0,0,0,0
14391,0,0,0,0,0,0,0,0,0,2,108,0
14392,0,0,0,0,6,0,0,0,0,0,0,0
14393,0,0,0,0,0,0,0,0,0,1,0,0
14394,0,0,0,6,0,120,0,0,0,0,0,0
14395,2,32,0,0,0,0,0,0,0,0,0,0
14396,0,0,0,0,0,2,0,0,0,3,542,1
14397,82,18,2,0,0,0,0,0,0,0,0,0
14398,0,0,0,0,0,0,4,37,1,0,0,0
14399,0,0,0,1,1,70,0,0,0,0,0,0
14400,0,0,0,0,0,0,43,135,3,0,0,0
14401,0,0,0,0,1,16,0,0,0,0,0,0
14402,0,0,0,1,1,0,0,0,0,0,0,0
14403,0,0,0,0,0,3,0,0,0,11,384,0
14404,0,0,0,0,0,0,0,0,0,0,3,1
14405,0,0,0,0,0,0,0,0,0,0,2,0
14406,0,25,21,0,0,0,0,0,0,0,0,0
14407,0,0,0,0,0,16,0,0,0,11,2797,3
14408,6,0,5,546,15,2385,0,0,0,0,754280,0
14409,0,0,0,2,1,72,0,0,0,0,1,0
14410,1,0,0,0,0,0,0,0,0,0,0,0
14411,0,0,0,0,0,0,0,0,0,0,5,1
14412,8,21,1,0,0,0,0,0,0,0,0,0
14413,0,8,0,0,0,0,0,0,0,0,0,0
14414,0,0,0,0,3,0,0,302,1,0,0,0
14415,0,0,0,0,1,73,0,0,0,0,0,0
14416,0,0,0,1,0,3,0,0,0,0,0,0
14417,0,0,0,12,0,0,0,0,0,0,0,0
14418,0,0,0,6,1,89,0,0,0,0,0,0
14419,0,0,0,0,0,0,2,1,0,0,0,0
14420,0,0,0,0,0,0,0,2,0,0,0,0
14421,1,7,0,0,0,0,0,0,0,0,0,0
14422,0,0,0,0,0,0,0,0,0,6,41,0
14423,0,0,0,0,0,0,0,0,0,1,1,0
14424,2,14,1,0,0,0,0,0,0,0,0,0
14425,0,0,0,0,0,0,0,0,0,23,39,0
14426,0,0,0,1,0,1,0,0,0,0,0,0
14427,8,17,0,0,0,0,0,0,0,0,0,0
14428,0,0,0,0,0,0,0,208,0,0,0,0
14429,0,0,0,1,0,13,0,0,0,0,0,0
14430,0,0,0,0,0,0,25,168,1,0,0,0
14431,0,0,12,0,0,0,0,0,0,0,0,0
14432,0,0,0,0,0,0,3,0,0,0,0,0
14433,1,22,0,0,0,0,0,0,0,0,0,0
14434,0,0,3,0,0,0,0,0,0,0,0,0
14435,0,3,1,0,0,0,0,0,0,0,0,0
14436,2,37,0,0,0,0,0,0,0,0,0,0
14437,0,13,2,0,0,0,0,0,0,0,0,0
14438,0,0,0,0,0,5,0,0,0,0,0,0
14439,0,18,1,0,0,0,0,0,0,0,0,0
14440,0,0,0,0,0,22,0,0,0,0,0,0
14441,0,0,0,2,50,2,0,0,0,0,0,0
14442,0,0,0,2,2,13,0,0,0,0,0,0
14443,0,0,0,0,2,0,5,29,0,0,0,0
14444,0,0,0,0,0,3,0,0,0,0,0,0
14445,0,0,0,10,0,8,0,0,0,0,0,0
14446,0,0,0,0,0,0,3,3,0,0,0,0
14447,2,3,0,0,0,0,0,0,0,0,0,0
14448,0,0,0,0,0,27,0,0,0,0,0,0
14449,0,0,0,0,0,0,5,8,0,0,0,0
14450,0,0,0,0,0,0,1,0,0,0,0,0
14451,0,0,0,1,1,94,0,0,0,0,1,0
14452,0,0,0,0,0,0,117,20,1,0,0,0
14453,0,0,0,0,0,2,0,0,0,0,0,0
14454,0,0,0,0,28,43,0,0,0,0,0,0
14455,0,0,0,0,0,0,0,0,0,0,1,0
14456,0,0,0,0,0,0,0,0,0,1,2,0
14457,34,68,3,0,0,0,0,0,0,0,0,0
14458,0,0,0,0,0,1,0,0,0,0,0,0
14459,0,0,0,0,2,0,0,0,0,0,0,0
14460,0,0,0,1,0,28,0,0,0,0,0,0
14461,0,0,0,0,0,0,52,2,0,0,0,0
14462,0,0,0,0,0,25,0,0,0,0,0,0
14463,10,43,1,0,0,0,0,0,0,0,0,0
14464,0,0,0,0,0,0,22,4,6,0,0,0
14465,0,0,0,0,0,1,0,0,0,0,0,0
14466,0,0,0,1,6,53,0,0,0,0,0,0
14467,0,0,0,4,0,1,0,0,0,0,0,0
14468,0,0,0,0,0,0,0,0,0,0,0,0
14469,5,36,2,0,0,0,0,0,0,0,0,0
14470,0,2,0,0,0,0,0,0,0,0,0,0
14471,0,0,0,0,0,0,0,0,0,19,131,0
14472,0,0,0,26,13,35,0,0,0,0,0,0
14473,0,0,0,0,0,0,0,1,0,0,0,0
14474,0,0,0,0,0,0,0,0,0,0,0,0
14475,4,92,10,0,0,0,0,0,0,0,0,0
14476,0,0,0,0,0,58,0,0,0,0,0,0
14477,0,7,1,0,0,0,0,0,0,0,0,0
14478,0,0,0,0,0,1,0,0,0,0,2435,0
14479,0,0,0,0,0,0,0,0,0,4,0,1
14480,25,0,0,0,0,0,0,0,0,0,0,0
14481,0,0,0,0,0,0,0,0,0,1,75,0
14482,0,0,0,0,0,11,0,0,0,0,0,0
14483,0,0,0,25,4,4,0,0,0,0,0,0
14484,0,0,0,0,0,3,0,0,0,0,408,0
14485,0,12,3,0,0,0,0,0,0,0,0,0
14486,0,0,0,0,0,0,18,15,2,0,0,0
14487,2,141,10,0,0,0,0,0,0,0,0,0
14488,0,0,0,0,0,0,2,1,0,0,0,0
14489,0,66,12,0,0,0,0,0,0,0,0,0
14490,0,0,0,0,0,0,101,6,0,0,0,0
14491,0,0,0,0,0,1,0,0,0,12,77,0
14492,0,0,0,0,0,2,0,0,0,0,0,0
14493,0,91,0,0,0,0,0,0,0,0,0,0
14494,0,0,0,0,0,0,0,0,0,0,0,0
14495,0,0,0,0,0,0,0,0,0,0,0,0
14496,0,0,0,0,0,9,0,0,0,0,0,0
14497,0,0,0,0,0,0,13,1,0,0,0,0
14498,0,0,0,0,0,3,0,0,0,0,0,0
14499,0,0,0,1,3,9,0,0,0,0,0,0
14500,0,0,0,0,3,0,3,576,1,0,0,0
14501,0,0,0,0,1,9,0,0,0,0,0,0
14502,1,112,1,0,0,0,0,0,0,0,0,0
14503,0,0,0,0,0,1,0,0,0,3,123,0
14504,6,0,1,0,0,0,0,0,0,0,0,0
14505,0,0,0,0,0,47,0,0,0,0,0,0
14506,1,0,0,0,0,0,0,0,0,0,0,0
14507,0,6,0,0,0,0,0,0,0,0,0,0
14508,0,0,0,0,0,45,0,0,0,0,0,0
14509,0,0,0,0,0,0,0,0,0,0,3,0
14510,2,1,0,0,0,0,0,0,0,0,0,0
14511,0,0,0,0,3,0,19,136,77,0,1,2
14512,0,0,0,0,0,0,32,59,1,0,0,0
14513,0,13,2,0,0,0,0,0,0,0,0,0
14514,0,0,0,12,0,60,0,0,0,0,0,0
14515,0,0,0,0,0,0,13,7,0,0,0,0
14516,0,0,0,0,0,2,0,0,0,0,0,0
14517,0,17,0,0,0,0,0,0,0,0,0,0
14518,0,10,0,0,0,0,0,0,0,0,0,0
14519,0,2,0,0,0,0,0,0,0,0,0,0
14520,0,0,0,0,0,0,0,0,0,3,117,0
14521,0,0,0,0,2,7,0,0,0,0,0,0
14522,0,0,0,0,0,4,0,0,0,0,0,0
14523,0,13,0,0,0,0,0,0,0,0,0,0
14524,0,0,0,0,0,0,0,0,0,0,95,0
14525,1,0,1,0,0,0,0,0,0,0,0,0
14526,0,0,0,1,0,21,0,0,0,0,0,0
14527,0,11,0,0,0,0,0,0,0,0,0,0
14528,0,0,0,0,0,0,21,3,0,0,0,0
14529,0,0,0,0,0,0,0,0,0,3,108,0
14530,0,0,0,0,4,3,0,0,0,0,0,0
14531,0,0,0,0,0,0,0,0,0,6,130,0
14532,0,0,0,0,0,20,0,0,0,0,0,0
14533,1,2,56,0,0,0,0,0,0,0,0,0
14534,0,0,0,0,0,0,9,0,0,0,0,0
14535,0,7,0,0,0,0,0,0,0,0,0,0
14536,0,0,0,0,0,0,0,0,0,7,10,1
14537,0,0,0,0,0,0,0,0,0,0,0,0
14538,0,0,0,6,2,9,0,0,0,0,0,0
14539,0,2,0,0,0,0,0,0,0,0,0,0
14540,0,0,0,0,0,0,39,1,3,0,0,0
14541,0,0,0,1,17,3,0,0,0,0,0,0
14542,0,0,0,0,2,1,0,0,0,0,0,0
14543,0,0,0,1,0,0,0,0,0,0,0,0
14544,0,0,0,0,1,3,0,0,0,0,0,0
14545,2,2,1,0,0,0,0,0,0,0,0,0
14546,0,33,0,0,0,0,0,0,0,0,0,0
14547,0,0,0,0,0,0,210,18,0,0,0,0
14548,0,0,0,0,0,0,3,20,0,0,0,0
14549,0,1,2,0,0,0,0,0,0,0,0,0
14550,0,92,9,0,0,0,2,0,0,0,0,0
14551,0,0,0,0,1,31,0,0,0,0,0,0
14552,0,0,0,0,0,3,0,0,0,0,0,0
14553,0,62,5,0,0,0,0,0,0,0,0,0
14554,0,0,0,0,0,0,0,0,0,0,11,2
14555,0,0,0,0,1,1,0,0,0,0,0,0
14556,0,0,0,0,0,9,0,0,0,0,0,0
14557,0,0,0,0,0,0,1,70,0,0,0,0
14558,0,0,0,0,0,6,0,0,0,0,0,0
14559,0,78,0,0,3,0,1519,250,1,0,0,0
14560,0,0,0,0,0,4,0,0,0,0,0,0
14561,3,3,0,0,0,0,0,0,0,0,0,0
14562,0,0,0,0,0,20,0,0,0,0,0,0
14563,0,1,0,0,0,0,22,0,0,0,0,0
14564,0,0,0,0,0,0,0,0,0,0,0,2
14565,1,0,0,39,2,30,0,0,0,0,0,0
14566,0,0,0,0,0,0,0,0,0,0,0,0
14567,0,0,0,0,0,0,0,0,0,0,0,0
14568,0,0,0,23,13,81,0,0,0,0,2,0
14569,0,0,0,0,0,0,0,1,0,0,0,0
14570,0,0,0,0,0,0,0,0,0,0,0,0
14571,0,0,0,0,0,9,0,0,0,0,698,0
14572,0,0,0,0,0,0,0,0,0,1,10,0
14573,0,0,0,0,0,0,0,0,0,1,2,0
14574,0,0,0,10,30,22,0,0,0,0,0,0
14575,0,0,0,0,2,0,15,121,1,0,0,0
14576,0,0,0,0,0,2,0,0,0,0,340,1
14577,0,0,0,7,2,40,0,0,0,0,0,0
14578,1,16,1,0,0,0,0,0,0,0,0,0
14579,0,0,0,0,0,0,0,0,0,0,0,0
14580,0,0,0,0,0,0,26,170,0,0,0,0
14581,0,0,0,0,0,0,0,0,0,0,15,0
14582,0,1,0,0,0,0,0,0,0,0,0,0
14583,0,0,0,0,0,0,0,0,0,0,243,0
14584,0,0,0,0,0,0,118,7,0,0,0,0
14585,0,0,0,0,0,1,0,0,0,0,355,0
14586,0,0,0,30,0,100,0,0,0,0,1,0
14587,0,0,0,0,0,0,0,28,0,0,0,0
14588,0,0,0,0,0,0,0,0,0,2,36,1
14589,0,0,0,35,10,19,0,0,0,0,0,0
14590,0,0,0,0,10,26,0,0,0,0,0,0
14591,0,0,0,0,0,0,0,0,0,6,1,0
14592,0,0,0,2,1,69,0,0,0,0,0,0
14593,0,0,0,0,0,0,61,2,0,0,0,0
14594,0,0,0,0,0,0,0,0,1,0,0,0
14595,0,0,0,0,0,15,0,0,0,0,0,0
14596,1,2,1,0,0,0,0,0,0,0,0,0
14597,0,80,0,0,0,0,0,0,0,0,0,0
14598,0,0,0,0,1,52,0,0,0,0,0,0
14599,0,0,0,0,0,47,0,0,0,9,2625,0
14600,0,0,0,1,0,2,0,0,0,0,0,0
14601,1,54,3,0,0,0,1,0,0,0,0,0
14602,0,0,0,4,0,51,0,0,0,0,0,0
14603,0,0,0,0,0,2,0,0,0,0,0,0
14604,0,57,0,0,0,0,0,0,0,0,0,0
14605,0,0,0,0,0,0,0,0,0,13,85,0
14606,0,0,0,0,0,0,0,0,0,0,0,0
14607,3,7,4,0,0,0,0,0,0,0,0,0
14608,0,0,0,0,0,0,0,0,0,0,0,0
14609,0,0,0,0,0,0,0,0,0,0,0,0
14610,0,0,0,1,0,132,0,0,0,0,0,0
14611,0,1,0,0,0,0,0,0,0,0,0,0
14612,0,40,0,0,0,0,0,0,0,0,0,0
14613,0,214,1,0,0,0,0,0,0,0,0,0
14614,0,0,0,0,0,0,0,0,0,0,11,0
14615,0,0,0,0,0,0,0,1,0,0,0,0
14616,0,0,0,0,0,0,0,0,0,7,295,0
14617,1,0,0,0,0,0,0,0,0,0,0,0
14618,0,0,0,0,0,0,0,0,0,1,27,8
14619,1,0,0,56,1,156,0,0,0,0,0,0
14620,1,56,1,0,0,0,13,0,0,0,0,0
14621,0,0,0,0,0,0,0,0,0,2,275,0
14622,0,4,0,0,4,0,125,185,2,0,0,0
14623,0,0,0,0,1,2,0,0,0,0,0,0
14624,0,0,0,0,0,0,0,0,1,0,0,0
14625,0,0,0,0,0,0,0,0,0,0,484,0
14626,0,0,0,0,0,0,0,0,0,0,0,0
14627,0,0,0,2,0,1,0,0,0,0,0,0
14628,0,0,0,0,0,40,0,0,0,0,0,0
14629,0,0,0,0,2,1,0,0,0,0,0,0
14630,0,0,0,0,0,0,0,0,0,1,1,0
14631,18,17,14,0,0,0,0,0,0,0,0,0
14632,0,0,0,0,0,0,12,1,0,0,0,0
14633,0,0,0,0,0,0,0,0,0,0,0,0
14634,3,353,0,0,0,0,2,0,0,0,0,0
14635,0,2,0,0,0,0,153,5,0,0,0,0
14636,0,0,0,0,0,0,0,0,0,1,8,0
14637,2,0,0,124,5,19,0,0,0,0,0,0
14638,0,0,0,0,0,0,59,89,0,0,0,0
14639,0,0,0,0,0,0,0,0,0,0,4,0
14640,1,7,0,0,0,0,0,0,0,0,0,0
14641,0,0,0,0,0,0,0,0,0,1,22,0
14642,0,0,0,1,1,2,0,0,0,0,0,0
14643,0,0,0,0,0,69,0,0,0,0,0,0
14644,1,14,0,0,0,0,0,0,0,0,0,0
14645,0,0,0,0,0,0,0,0,0,0,55,1
14646,0,0,0,222,38,23,0,0,0,0,0,0
14647,0,0,0,0,0,0,0,0,0,0,0,0
14648,0,20,0,0,0,0,0,0,0,0,0,0
14649,0,0,0,0,0,2,0,0,0,0,1022,0
14650,0,1,0,0,0,0,0,0,0,0,0,0
14651,2,9,1,0,0,0,0,0,0,0,0,0
14652,0,0,0,3,19,38,0,0,0,0,0,0
14653,0,0,0,0,2,0,47,291,0,0,0,0
14654,0,0,0,0,2,6,0,0,0,0,0,0
14655,0,0,0,6,0,17,0,0,0,0,0,0
14656,0,0,0,0,2,0,8,46,1,0,0,0
14657,0,0,0,0,0,0,0,0,0,24,63,4
14658,1,0,0,100,4,25,0,0,0,0,0,0
14659,0,0,0,2,0,1,0,0,0,0,0,0
14660,0,0,0,2,1,3,0,0,0,0,0,0
14661,0,0,0,2,0,21,0,0,0,0,0,0
14662,0,0,0,0,0,0,0,0,0,0,2,1
14663,0,0,0,0,0,0,0,0,0,0,0,0
14664,0,5,0,0,0,0,0,0,0,0,0,0
14665,0,0,0,0,0,0,0,0,0,0,0,0
14666,0,0,0,0,0,0,0,0,0,1,13,0
14667,0,0,0,3,1,8,0,0,0,0,0,0
14668,0,0,0,0,5,0,11,11,0,0,0,0
14669,0,0,0,0,0,2,0,0,0,0,0,0
14670,0,0,0,0,0,0,0,0,0,41,359,0
14671,0,0,3,0,0,0,0,0,0,0,0,0
14672,0,243,0,0,0,0,0,0,0,0,0,0
14673,0,38,1,0,0,0,0,0,0,0,0,0
14674,0,0,0,0,0,0,0,0,0,1,85,2
14675,0,0,0,0,0,0,0,0,0,0,3,0
14676,0,0,0,9,1,1463,0,0,0,30,314856,7
14677,0,0,0,0,0,0,14,4,0,0,0,0
14678,0,0,0,0,0,0,0,2,0,0,0,0
14679,0,0,0,0,1,8,0,0,0,0,0,0
14680,0,4,0,0,0,0,0,0,0,0,0,0
14681,2,9,12,0,0,0,0,0,0,0,0,0
14682,0,0,0,1,0,40,0,0,0,0,1,0
14683,0,0,0,0,2,0,0,0,0,0,0,0
14684,0,0,0,1,1,1,0,0,0,0,0,0
14685,0,0,0,0,0,17,0,0,0,0,0,0
14686,0,1,2,0,0,0,0,0,0,0,0,0
14687,0,0,0,0,0,0,0,0,0,0,0,0
14688,0,0,0,0,0,1,0,0,0,0,438,0
14689,0,0,0,0,0,0,0,0,0,0,0,0
14690,1,9,0,0,0,0,0,0,0,0,0,0
14691,1,111,1,0,0,0,2,0,0,0,0,0
14692,0,0,0,0,0,0,28,6,1,0,0,0
14693,1,6,5,0,0,0,0,0,0,0,0,0
14694,0,0,0,0,0,0,0,0,0,41,118,1
14695,0,0,0,0,0,0,0,0,0,0,0,0
14696,0,0,0,0,0,0,0,0,0,0,0,0
14697,0,0,0,0,0,5,0,0,0,1,1065,0
14698,0,0,0,0,0,4,0,0,0,0,0,0
14699,3,0,2,0,0,0,0,0,0,0,0,0
14700,0,0,0,0,0,109,0,0,0,0,1,0
14701,0,0,0,0,0,0,21,13,0,0,0,0
14702,0,1,0,0,0,0,0,0,0,0,0,0
14703,0,0,0,0,0,0,0,0,0,19,97,0
14704,0,0,0,0,0,3,0,0,0,0,0,0
14705,0,0,0,0,0,1,0,0,0,0,0,0
14706,0,0,0,0,0,15,0,0,0,0,0,0
14707,0,0,0,0,0,0,9,17,2,0,0,0
14708,0,0,0,0,0,1,0,0,0,0,495,1
14709,0,0,0,3,2,17,0,0,0,0,0,0
14710,0,0,0,0,0,0,24,50,0,0,0,0
14711,0,0,0,0,0,3,0,0,0,0,0,0
14712,0,0,0,0,2,0,30,320,3,0,0,0
14713,0,0,0,0,4,1,0,0,0,0,0,0
14714,0,0,0,0,0,0,0,0,0,1,2,0
14715,0,0,0,1,10,38,0,0,0,0,0,0
14716,1,0,0,0,0,0,0,0,0,0,0,0
14717,1,18,0,0,0,0,0,0,0,0,0,0
14718,0,0,0,0,0,0,108,10,2,0,0,0
14719,0,0,0,0,0,0,4,0,0,0,0,0
14720,0,0,0,0,0,0,0,2,0,0,0,0
14721,0,0,0,0,1,134,0,0,0,0,0,0
14722,0,0,0,2,0,4,0,0,0,0,0,0
14723,0,0,0,0,0,1,0,0,0,0,0,0
14724,0,0,0,0,0,23,0,0,0,0,3758,0
14725,0,0,0,1,0,8,0,0,0,0,0,0
14726,0,0,0,0,0,1,0,0,0,0,0,0
14727,0,0,0,0,0,8,0,0,0,0,0,0
14728,0,0,0,0,0,0,0,0,0,0,0,0
14729,4,85,2,0,0,0,11,0,0,0,0,0
14730,0,0,0,0,0,0,43,5,1,0,0,0
14731,0,0,0,0,0,0,3,1,0,0,0,0
14732,1,6,0,0,0,0,0,0,0,0,0,0
14733,0,50,0,0,0,0,0,0,0,0,0,0
14734,0,0,0,0,0,0,1,1,0,0,0,0
14735,0,0,0,0,0,0,2,1,0,0,0,0
14736,2,32,4,0,0,0,0,0,0,0,0,0
14737,13,39,1,0,0,0,0,0,0,0,0,0
14738,0,0,0,0,0,0,6,1,0,0,0,0
14739,0,0,0,0,0,47,0,0,0,0,0,0
14740,0,0,0,1,67,27,0,0,0,0,0,0
14741,0,0,0,0,0,1,0,0,0,17,249,3
14742,0,0,0,6,6,79,0,0,0,0,0,0
14743,0,0,0,0,0,0,27,6,0,0,0,0
14744,0,0,0,0,0,3,0,0,0,0,0,0
14745,1,0,0,14,5,41,0,0,0,0,0,0
14746,0,0,0,0,0,0,8,0,1,0,0,0
14747,2,82,8,0,0,0,0,0,0,0,0,0
14748,4,239,10,0,0,0,1,0,0,0,0,0
14749,0,0,0,4,0,28,0,0,0,0,0,0
14750,0,0,0,0,0,0,0,0,0,0,0,0
14751,2,29,0,0,0,0,2,0,0,0,0,0
14752,0,1,0,0,0,0,0,0,0,0,0,0
14753,0,3,0,0,0,0,0,0,0,0,0,0
14754,0,12,0,0,0,0,0,0,0,0,0,0
14755,0,0,0,0,0,1,0,0,0,0,69,0
14756,0,0,1,0,0,0,0,0,0,0,0,0
14757,0,0,0,0,0,1,0,0,0,2,117,0
14758,0,0,0,0,3,1,0,0,0,0,0,0
14759,0,0,0,0,0,1,0,0,0,0,0,0
14760,0,0,0,0,0,0,0,0,0,1,110,0
14761,0,0,0,0,0,3,0,0,0,0,0,0
14762,0,0,0,2,0,2,0,0,0,0,0,0
14763,0,0,0,0,0,0,0,0,0,0,90,0
14764,0,0,0,0,0,2,0,0,0,0,0,0
14765,0,0,0,3,0,1,0,0,0,0,0,0
14766,0,0,0,1,1,20,0,0,0,0,0,0
14767,0,0,0,0,2,0,93,147,0,0,0,0
14768,0,0,0,0,0,3,0,0,0,0,339,0
14769,0,0,0,9,21,96,0,0,0,0,0,0
14770,0,0,0,0,0,0,0,0,0,10,4,2
14771,1,85,0,0,0,0,1,0,0,0,0,0
14772,0,0,0,0,0,0,123,100,5,0,0,0
14773,0,0,0,0,0,0,184,14,0,0,0,0
14774,0,111,0,0,0,0,0,0,0,0,0,0
14775,0,0,0,0,0,35,0,0,0,0,0,0
14776,0,0,0,0,0,0,3,6,0,0,0,0
14777,0,0,0,0,0,0,1,3,1,0,0,0
14778,0,0,0,2,1,82,0,0,0,0,0,0
14779,0,0,0,0,0,0,0,0,0,0,0,0
14780,0,8,0,0,0,0,0,0,0,0,0,0
14781,0,0,0,2,1,46,0,0,0,0,0,0
14782,0,0,0,0,0,0,0,0,0,0,0,0
14783,0,0,0,0,0,0,0,0,0,0,2,0
14784,1,0,0,36,0,22,0,0,0,0,0,0
14785,0,0,0,0,1,0,16,23,0,0,0,0
14786,0,0,0,0,0,238,0,0,0,1,1347,1
14787,0,0,0,27,0,72,0,0,0,0,4,0
14788,0,37,0,0,0,0,0,0,0,0,0,0
14789,0,0,0,0,0,8,0,0,0,0,0,0
14790,0,0,0,0,0,5,0,0,0,1,731,0
14791,42,8,0,0,0,0,0,0,0,0,0,0
14792,0,0,0,0,0,0,14,151,0,0,0,0
14793,0,0,0,0,0,0,0,0,0,56,279,1
14794,0,0,0,0,0,0,0,1,1,0,0,0
14795,0,0,0,0,0,0,0,0,0,0,0,0
14796,0,0,0,0,0,26,0,0,0,0,0,0
14797,0,0,0,0,0,0,0,0,0,0,0,0
14798,1,1,0,0,0,0,0,0,0,0,0,0
14799,0,0,0,0,1,59,0,0,0,0,0,0
14800,0,0,0,0,0,0,1,0,1,0,0,0
14801,0,9,152,0,0,0,0,0,0,0,0,0
14802,0,0,1,0,0,1,0,0,0,57,107,0
14803,0,0,0,0,1,2,0,0,0,0,0,0
14804,1,0,0,0,0,0,0,0,0,0,0,0
14805,0,0,0,0,0,235,0,0,0,0,31590,0
14806,0,0,0,0,0,1,0,0,0,0,0,0
14807,0,0,0,0,0,0,0,0,0,0,0,0
14808,0,0,0,0,0,289,0,0,0,0,0,0
14809,0,0,0,0,0,0,0,0,0,2,79,0
14810,0,0,0,0,0,0,7,0,0,0,0,0
14811,0,0,0,0,3,4,0,0,0,0,0,0
14812,0,0,0,0,0,0,0,0,0,0,0,0
14813,0,15,0,0,0,0,14,0,0,0,0,0
14814,0,0,0,0,0,24,0,0,0,0,0,0
14815,15,0,0,14,0,0,0,0,0,0,0,0
14816,0,0,0,0,0,0,0,0,0,0,0,0
14817,0,0,0,0,0,62,0,0,0,0,0,0
14818,0,0,0,0,0,1,0,0,0,3,122,0
14819,0,0,0,3,0,0,0,0,0,0,0,0
14820,0,8,0,0,0,0,1,0,0,0,0,0
14821,0,0,0,0,0,0,0,0,0,34,236,0
14822,0,0,0,0,0,0,0,0,0,0,2,1
14823,11,5,1,0,0,0,0,0,0,0,0,0
14824,0,0,0,0,0,0,0,0,0,0,0,0
14825,0,0,0,0,0,0,0,0,0,0,2,0
14826,6,12,0,0,0,0,0,0,0,0,0,0
14827,0,24,1,0,0,0,0,0,0,0,0,0
14828,0,0,0,0,1,4,0,0,0,0,0,0
14829,0,0,0,0,0,0,20,912,31,0,0,0
14830,0,0,0,7,0,1,0,0,0,0,0,0
14831,0,0,0,0,0,0,21,121,1,0,0,0
14832,0,0,0,0,0,28,0,0,0,0,0,0
14833,0,0,0,0,0,0,0,2,0,0,0,0
14834,0,0,0,0,0,0,0,0,0,0,0,0
14835,0,0,0,0,0,62,0,0,0,0,0,0
14836,1,145,0,0,0,0,0,0,0,0,0,0
14837,0,0,0,0,1,51,0,0,0,0,0,0
14838,0,0,0,0,0,0,0,0,0,5,250,0
14839,0,1,0,0,0,0,0,0,0,0,0,0
14840,0,0,0,0,0,0,2,1,0,0,0,0
14841,1,19,0,0,0,0,0,0,0,0,0,0
14842,0,0,0,0,0,0,0,0,0,0,2,0
14843,0,0,0,0,0,0,0,0,0,0,0,0
14844,0,10,0,0,0,0,0,0,0,0,0,0
14845,0,0,0,0,0,0,0,0,0,4,31,0
14846,0,0,0,1,0,0,0,0,0,0,0,0
14847,0,11,1,0,0,0,0,0,0,0,0,0
14848,0,0,0,0,0,1,0,0,0,1,169,0
14849,0,0,0,0,0,1,0,0,0,0,0,0
14850,4,9,1,0,0,0,0,0,0,0,0,0
14851,0,0,0,0,0,0,0,0,0,0,0,0
14852,0,0,0,0,0,0,0,0,0,0,0,0
14853,0,0,0,1,0,75,0,0,0,0,1,0
14854,0,0,0,0,0,0,15,63,0,0,0,0
14855,0,0,0,0,0,9,0,0,0,0,0,0
14856,8,78,0,0,0,0,0,0,0,0,0,0
14857,0,0,0,0,1,0,42,398,2,0,0,0
14858,0,0,0,0,1,8,0,0,0,0,0,0
14859,0,0,0,4,7,30,0,0,0,0,0,0
14860,0,0,0,0,0,0,0,0,0,0,0,0
14861,0,2,3,0,0,0,0,0,0,0,0,0
14862,1,8,0,0,0,0,0,0,0,0,0,0
14863,0,0,0,0,0,0,5,3,0,0,0,0
14864,0,0,0,0,2,8,0,0,0,0,0,0
14865,0,0,0,0,0,15,0,0,0,0,0,0
14866,0,0,0,0,0,0,24,2,0,0,0,0
14867,0,0,0,0,4,19,0,0,0,0,0,0
14868,0,0,0,5,0,10,0,0,0,0,0,0
14869,0,0,0,0,0,0,5,1,0,0,0,0
14870,0,38,4,0,0,0,0,0,0,0,0,0
14871,0,0,0,0,0,23,0,0,0,0,0,0
14872,0,4,0,0,0,0,0,0,0,0,0,0
14873,3,53,0,0,0,0,0,0,0,0,0,0
14874,0,0,0,0,5,0,14,815,8,0,0,0
14875,0,0,0,2,0,32,0,0,0,0,0,0
14876,0,1,0,0,0,0,0,0,0,0,0,0
14877,0,0,0,0,0,2,0,0,0,0,994,0
14878,0,0,0,0,0,5,0,0,0,0,0,0
14879,0,0,0,0,0,1,0,0,0,0,0,0
14880,0,0,0,1,0,8,0,0,0,0,0,0
14881,0,0,0,0,0,0,10,6,0,0,0,0
14882,0,48,36,0,0,0,1,0,0,0,0,0
14883,0,0,0,0,3,44,0,0,0,0,0,0
14884,0,0,0,1,0,3,0,0,0,0,0,0
14885,0,0,0,0,0,0,26,0,0,0,0,0
14886,0,0,0,0,0,7,0,0,0,0,0,0
14887,0,0,0,0,0,0,0,0,0,0,0,0
14888,1,1,0,0,0,0,0,0,0,0,0,0
14889,0,0,0,0,0,2,0,0,0,0,278,0
14890,0,0,0,0,0,0,18,11,0,0,0,0
14891,1,5,4,0,0,0,0,0,0,0,0,0
14892,0,0,0,2,6,31,0,0,0,0,0,0
14893,0,0,0,0,0,0,1,0,0,0,0,0
14894,0,0,0,0,0,0,0,0,0,0,0,0
14895,0,0,0,2,2,18,0,0,0,0,0,0
14896,0,0,0,0,1,0,0,5,0,0,0,0
14897,0,0,0,0,0,0,0,0,0,0,0,0
14898,0,0,0,0,0,2,0,0,0,6,392,0
14899,0,0,0,1,0,0,0,0,0,0,0,0
14900,0,0,0,0,0,0,0,0,1,0,0,0
14901,0,0,0,0,0,6,0,0,0,0,0,0
14902,0,27,4,0,0,0,0,0,0,0,0,0
14903,0,0,0,0,4,8,0,0,0,0,0,0
14904,0,0,0,3,0,7,0,0,0,0,0,0
14905,0,2,0,0,0,0,0,0,0,0,0,0
14906,0,15,4,0,0,0,0,0,0,0,0,0
14907,0,0,0,3,2,43,0,0,0,0,1,0
14908,0,0,0,0,0,0,1,0,3,0,0,0
14909,0,0,0,0,0,0,0,0,0,0,2,0
14910,0,0,0,5,0,40,0,0,0,0,0,0
14911,2,18,1,0,0,0,1,0,0,0,0,0
14912,11,109,2,1,0,0,7,0,0,0,0,0
14913,0,0,0,0,0,4,0,0,0,40,287,0
14914,0,0,0,0,0,0,0,0,0,0,0,0
14915,14,3,0,0,0,0,0,0,0,0,0,0
14916,5,85,16,0,0,0,2,0,0,0,0,0
14917,0,0,0,0,0,0,11,0,1,0,0,0
14918,0,0,0,0,0,1,0,0,0,0,0,0
14919,0,0,0,0,0,0,0,0,0,2,378,5
14920,0,17,1,0,0,0,0,0,0,0,0,0
14921,0,0,0,0,1,199,0,0,0,0,0,0
14922,0,0,0,0,0,2,0,0,0,1,219,0
14923,0,0,0,0,0,0,42,1,1,0,0,0
14924,0,0,0,0,0,2,0,0,0,0,0,0
14925,0,0,0,0,0,8,0,0,0,13,2055,0
14926,3,0,0,0,0,0,0,0,0,0,0,0
14927,0,27,1,0,0,0,0,0,0,0,0,0
14928,0,0,0,0,0,3,0,0,0,3,226,5
14929,0,0,0,0,0,0,0,0,0,0,0,0
14930,1,10,0,0,0,0,0,0,0,0,0,0
14931,0,0,0,0,0,1,0,0,0,9,598,0
14932,0,0,0,0,0,1,0,0,0,4,172,0
14933,0,0,0,0,0,0,0,0,0,0,0,0
14934,4,11,5,0,0,0,0,0,0,0,0,0
14935,0,2,0,0,0,0,15,1,0,0,0,0
14936,0,4,0,0,0,0,0,0,0,0,0,0
14937,0,0,0,0,0,1,0,0,0,18,1147,0
14938,0,0,0,0,0,0,0,0,0,0,0,0
14939,0,1,0,0,0,0,0,0,0,0,0,0
14940,0,130,0,0,0,0,3,0,0,0,0,0
14941,0,0,0,0,0,1,0,0,0,0,0,0
14942,0,0,0,0,0,0,0,0,0,0,3,0
14943,1,18,3,0,0,0,0,0,0,0,0,0
14944,0,0,0,0,0,0,0,2,0,0,0,0
14945,0,0,0,0,0,0,0,0,0,0,3,0
14946,0,0,0,4,1,16,0,0,0,0,0,0
14947,0,0,0,0,0,0,4,0,0,0,0,0
14948,0,0,0,0,0,0,0,6,0,0,0,0
14949,0,0,0,0,1,125,0,0,0,0,1,0
14950,0,0,0,0,0,1,0,0,0,0,0,0
14951,0,0,0,1,0,0,0,0,0,0,0,0
14952,0,0,0,0,0,75,0,0,0,0,0,0
14953,0,0,0,0,0,0,0,0,0,0,4,1
14954,0,0,0,0,0,0,0,0,0,0,1,0
14955,10,106,14,0,0,0,0,0,0,0,0,0
14956,0,0,0,0,0,6,0,0,0,0,0,0
14957,0,0,0,0,0,0,0,0,0,0,0,0
14958,0,0,0,1,0,15,0,0,0,0,0,0
14959,1,0,0,0,0,0,0,0,0,0,0,0
14960,55,1,0,0,0,0,0,0,0,0,0,0
14961,0,0,0,1,0,114,0,0,0,0,1,0
14962,1,0,0,0,0,0,0,0,0,0,0,0
14963,0,15,0,0,0,0,3,0,0,0,0,0
14964,1,87,0,0,0,0,0,0,0,0,0,0
14965,0,0,0,0,0,1,0,0,0,0,0,0
14966,0,0,0,0,0,0,0,4,0,0,0,0
14967,0,0,0,0,0,0,0,26,0,0,0,0
14968,0,0,0,0,0,0,0,2,0,0,0,0
14969,0,0,0,0,0,0,0,1,0,0,0,0
14970,0,0,0,0,0,13,0,0,0,0,0,0
14971,0,0,0,0,0,0,0,0,0,0,0,0
14972,2,2,0,0,0,0,0,0,0,0,0,0
14973,0,0,0,0,0,0,41,2,0,0,0,0
14974,0,0,0,0,0,0,0,5,0,0,0,0
14975,0,0,0,0,0,0,0,0,0,1,3,0
14976,0,0,0,1,1,18,0,0,0,0,0,0
14977,0,3,0,0,0,0,0,0,0,0,0,0
14978,0,0,0,0,0,0,0,1,1,0,0,0
14979,0,52,0,0,0,0,0,0,0,0,0,0
14980,0,0,0,0,0,0,0,0,0,8,189,0
14981,0,0,0,0,0,0,0,0,0,0,0,0
14982,0,0,0,0,1,12,0,0,0,0,0,0
14983,0,0,0,0,0,1,0,0,0,0,0,0
14984,1,5,0,0,0,0,0,0,0,0,0,0
14985,0,0,0,0,0,5,0,0,0,0,0,0
14986,0,0,0,0,0,0,0,0,0,0,0,0
14987,0,0,0,0,0,0,0,0,0,0,0,0
14988,0,0,0,0,0,126,0,0,0,0,1,0
14989,0,0,0,0,0,0,3,0,2,0,0,0
14990,0,24,0,0,0,0,0,0,0,0,0,0
14991,0,0,0,1,32,18,0,0,0,0,0,0
14992,0,0,0,1,4,1,0,0,0,0,0,0
14993,0,0,0,0,0,0,0,0,0,0,2,0
14994,1,8,6,0,0,0,0,0,0,0,0,0
14995,0,7,24,0,0,0,0,0,0,0,0,0
14996,0,0,0,3,0,11,0,0,0,0,0,0
14997,0,0,0,0,0,0,10,16,1,0,0,0
14998,84,41,7,0,0,0,1,0,0,0,0,0
14999,0,0,0,0,0,0,35,19,0,0,0,0
15000,0,0,0,1,0,16,0,0,0,0,0,0
15001,0,0,0,0,0,28,0,0,0,0,0,0
15002,11,511,0,0,0,0,9,0,0,0,0,0
15003,0,0,0,0,0,35,0,0,0,0,0,0
15004,0,0,0,0,0,0,2,3,1,0,0,0
15005,2,17,4,0,0,0,0,0,0,0,0,0
15006,0,0,0,0,0,0,33,125,0,0,0,0
15007,0,0,0,0,0,0,30,9,0,0,0,0
15008,1,33,9,0,0,0,0,0,0,0,0,0
15009,0,0,0,0,0,102,0,0,0,0,0,0
15010,0,0,0,0,0,0,0,0,0,4,2,0
15011,2,0,0,0,0,0,0,0,0,0,0,0
15012,0,69,0,0,0,0,0,0,0,0,0,0
15013,0,0,0,0,0,0,3,1,1,0,0,0
15014,1,0,0,0,0,0,0,0,0,0,0,0
15015,0,0,0,0,2,206,0,0,0,0,0,0
15016,0,0,0,0,0,0,5,347,1,0,0,0
15017,0,0,0,0,0,0,0,0,0,12,839,0
15018,1,13,4,0,0,0,0,0,0,0,0,0
15019,0,0,0,0,0,0,0,0,0,18,56,2
15020,0,0,0,0,0,2,0,0,0,0,0,0
15021,0,0,0,0,1,118,0,0,0,0,0,0
15022,0,0,0,0,0,2,0,0,0,0,0,0
15023,0,0,0,0,0,1,0,0,0,0,0,0
15024,0,0,0,0,0,2,0,0,0,0,414,0
15025,0,0,0,0,1,0,88,104,0,0,0,0
15026,0,0,0,0,0,103,0,0,0,0,2774,0
15027,12,211,8,0,0,0,0,0,0,0,0,0
15028,0,0,0,0,0,48,0,0,0,0,0,0
15029,1,37,1,0,0,0,0,0,0,0,0,0
15030,0,0,0,36,0,106,0,0,0,0,0,0
15031,0,3,0,0,0,0,0,0,0,0,0,0
15032,0,0,0,0,0,0,0,0,0,0,5,0
15033,0,25,1,0,0,0,0,0,0,0,0,0
15034,0,1,2,0,0,0,0,0,0,0,0,0
15035,0,1,0,0,0,0,0,0,0,0,0,0
15036,0,30,0,0,0,0,0,0,0,0,0,0
15037,0,0,0,0,0,0,0,0,0,2,120,0
15038,0,0,0,0,0,0,24,7,0,0,0,0
15039,0,0,0,1,0,32,0,0,0,0,0,0
15040,0,0,0,0,0,0,0,0,0,0,0,0
15041,1,6,0,0,0,0,0,0,0,0,0,0
15042,0,0,0,0,0,33,0,0,0,0,0,0
15043,0,0,0,0,0,0,13,0,0,0,0,0
15044,0,0,0,0,0,0,0,0,0,0,0,0
15045,0,0,0,0,0,0,0,0,0,45,280,0
15046,1,42,1,0,0,0,0,0,0,0,0,0
15047,0,0,0,0,2,84,0,0,0,0,0,0
15048,0,0,0,0,0,0,0,0,0,4,157,0
15049,0,0,0,0,0,0,0,0,0,2,20,3
15050,0,0,0,0,0,0,0,0,0,0,0,0
15051,0,0,0,0,1,50,0,0,0,0,0,0
15052,0,1,0,0,0,0,0,0,0,0,0,0
15053,0,0,0,0,0,0,0,0,0,0,3,0
15054,0,0,0,0,0,42,0,0,0,0,0,0
15055,1,1,0,0,0,0,0,0,0,0,0,0
15056,0,0,0,0,0,15,0,0,0,0,0,0
15057,0,0,0,0,0,0,0,0,0,0,0,0
15058,0,0,0,0,0,0,0,0,0,0,0,0
15059,0,0,0,0,0,0,0,0,0,0,2,0
15060,0,0,0,3,17,38,0,0,0,0,0,0
15061,0,0,0,0,0,0,0,0,0,2,2,0
15062,0,0,0,0,0,0,0,0,0,0,0,0
15063,0,14,0,0,0,0,0,0,0,0,0,0
15064,8,0,0,0,0,0,0,0,0,0,0,0
15065,0,0,0,0,0,0,0,0,0,0,0,0
15066,0,0,0,0,0,0,1,0,0,0,0,0
15067,0,0,1,0,0,0,0,0,0,0,0,0
15068,0,0,0,0,0,0,0,0,0,0,0,0
15069,0,0,0,0,0,180,0,0,0,0,0,0
15070,0,0,0,0,0,0,0,0,0,2,0,1
15071,0,0,0,3,0,1,0,0,0,0,0,0
15072,0,0,0,0,0,10,0,0,0,0,0,0
15073,0,0,0,0,0,0,0,0,0,0,0,0
15074,0,1,0,0,0,0,0,0,0,0,0,0
15075,0,0,0,0,0,0,21,6,0,0,0,0
15076,0,0,0,0,0,4,0,0,0,0,0,0
15077,8,16,0,0,0,0,0,0,0,0,0,0
15078,0,0,0,0,0,96,0,0,0,0,0,0
15079,0,0,0,0,0,0,4,2,0,0,0,0
15080,0,0,0,0,0,0,0,0,0,0,36,1
15081,0,0,0,0,0,1,0,0,0,14,103,1
15082,0,61,2,0,0,0,4,0,0,0,0,0
15083,0,0,0,1,0,0,0,0,0,0,0,0
15084,0,0,0,0,0,8,0,0,0,0,0,0
15085,0,11,0,0,0,0,0,0,0,0,0,0
15086,0,0,0,0,0,0,26,0,0,0,0,0
15087,0,0,0,0,0,32,0,0,0,0,0,0
15088,0,0,0,0,0,0,1,4,0,0,0,0
15089,0,0,0,0,0,0,0,0,0,2,21,0
15090,12,28,1,0,0,0,0,0,0,0,0,0
15091,0,0,0,0,0,0,0,0,0,0,0,0
15092,0,1,0,0,0,0,0,0,0,0,0,0
15093,0,0,0,0,0,0,27,0,1,0,0,0
15094,0,1,0,0,0,0,0,0,0,0,0,0
15095,0,1,4,0,0,0,0,0,0,0,0,0
15096,0,0,0,1,0,59751,0,0,0,0,1204,0
15097,0,0,0,0,0,0,0,0,0,0,0,0
15098,0,0,0,0,0,0,0,1,0,0,0,0
15099,1,32,0,0,0,0,0,0,0,0,0,0
15100,0,0,0,0,0,0,55,48,2,0,0,0
15101,0,0,0,0,0,0,0,0,0,0,86,0
15102,0,0,0,27,58,37,0,0,0,0,0,0
15103,0,0,0,0,0,0,0,0,0,0,1,1
15104,0,0,0,0,0,0,0,0,0,0,0,0
15105,0,0,0,0,0,1,0,0,0,8,79,0
15106,1,0,0,0,0,0,0,0,0,0,0,0
15107,0,0,0,0,0,0,0,0,0,0,2,0
15108,0,0,0,0,0,1,0,0,0,58,264,0
15109,0,0,0,0,0,0,30,4,0,0,0,0
15110,0,0,0,0,0,0,0,0,0,0,0,0
15111,22,66,0,0,0,0,0,0,0,0,0,0
15112,0,0,0,0,0,0,1,9,0,0,0,0
15113,0,0,0,0,0,0,0,0,0,0,2,1
15114,0,0,0,73,9,60,0,0,0,0,1,0
15115,0,0,0,0,0,0,2,0,0,0,0,0
15116,0,0,0,0,0,0,0,0,0,0,0,0
15117,0,0,0,9,3,13,0,0,0,0,0,0
15118,0,0,0,0,0,0,0,1,0,0,0,0
15119,0,0,0,0,0,0,0,0,0,0,0,0
15120,0,0,0,0,0,0,0,0,0,4,136,0
15121,0,0,0,0,1,1,0,0,0,0,0,0
15122,0,0,0,0,0,0,0,0,0,0,0,0
15123,0,0,0,4,0,12,0,0,0,0,0,0
15124,0,34,10,0,0,0,0,0,0,0,0,0
15125,0,0,0,0,0,2,0,0,0,0,0,0
15126,0,0,0,0,0,0,0,0,0,6,101,0
15127,0,0,0,5,1,0,0,0,0,0,0,0
15128,0,0,0,0,0,0,0,13,1,0,0,0
15129,0,0,0,0,0,24,0,0,0,0,0,0
15130,0,1,0,0,0,0,0,0,0,0,0,0
15131,0,0,0,0,0,0,0,1,0,0,0,0
15132,0,0,0,0,0,26,0,0,0,0,0,0
15133,0,0,0,0,0,0,0,0,0,0,0,0
15134,0,0,0,0,0,2,0,0,0,1,4,0
15135,0,0,0,0,0,20,0,0,0,0,0,0
15136,1,1,0,0,0,0,0,0,0,0,0,0
15137,0,0,0,0,0,0,0,0,0,0,0,0
15138,0,0,0,0,0,0,10,30,2,0,0,0
15139,0,0,0,0,0,0,0,0,0,0,0,0
15140,0,0,0,0,0,0,0,0,0,0,2,0
15141,0,0,0,0,0,5,0,0,0,9,626,3
15142,1,0,0,0,0,0,0,0,0,0,0,0
15143,0,0,2,0,0,0,0,0,0,0,0,0
15144,0,0,0,0,0,184,0,0,0,0,1,0
15145,0,2,0,0,0,0,0,0,0,0,0,0
15146,0,0,0,0,0,0,0,2,0,0,0,0
15147,0,17,0,0,0,0,0,0,0,0,0,0
15148,0,0,0,0,0,0,0,0,0,1,1,0
15149,1,1,0,0,0,0,0,0,0,0,0,0
15150,0,0,0,0,0,0,13,14,1,0,0,0
15151,0,0,0,0,3,0,0,0,0,0,0,0
15152,0,0,0,0,0,0,0,0,0,0,0,0
15153,0,0,0,0,0,24,0,0,0,0,0,0
15154,0,0,0,0,0,0,0,0,0,0,82,0
15155,0,0,0,0,0,0,0,0,0,0,0,0
15156,0,0,0,0,0,284,0,0,0,0,3,0
15157,0,0,0,0,0,0,0,0,0,88,1,0
15158,0,1,0,0,0,0,0,0,0,0,0,0
15159,0,11,0,0,0,0,0,0,0,0,0,0
15160,1,0,1,0,0,0,0,0,0,0,0,0
15161,0,4,0,0,0,0,0,0,0,0,0,0
15162,1,32,1,0,0,0,0,0,0,0,0,0
15163,0,0,0,1,0,14,0,0,0,0,0,0
15164,0,0,0,0,0,1,0,0,0,0,0,0
15165,0,204,0,0,0,0,0,0,0,0,0,0
15166,0,0,0,0,0,17,0,0,0,0,0,0
15167,0,0,0,1,1,1,0,0,0,0,0,0
15168,0,1,0,0,0,0,204,0,0,0,0,0
15169,0,2,0,0,0,0,0,0,0,0,0,0
15170,1,0,0,0,0,0,0,0,0,0,0,0
15171,1,64,0,0,0,0,0,0,0,0,0,0
15172,0,0,0,0,35,4,0,0,0,0,0,0
15173,0,0,0,0,0,0,0,0,0,2,3,0
15174,17,10,1,0,0,0,0,0,0,0,0,0
15175,0,20,4,0,0,0,0,0,0,0,0,0
15176,0,0,0,1,0,3,0,0,0,0,0,0
15177,0,12,3,0,0,0,0,0,0,0,0,0
15178,0,0,0,0,0,0,1,4,0,0,0,0
15179,0,0,0,0,0,0,0,0,0,0,2,0
15180,0,0,0,0,0,0,0,0,0,3,197,1
15181,0,0,0,0,0,0,98,25,0,0,0,0
15182,0,0,0,0,0,0,0,0,0,0,36,1
15183,0,0,0,0,0,1,0,0,0,5,68,0
15184,0,0,0,0,0,0,0,0,0,0,0,0
15185,0,0,0,0,0,0,0,0,0,9,36,0
15186,0,0,0,0,0,13,0,0,0,0,0,0
15187,0,397,3,0,0,0,60,0,0,0,0,0
15188,0,1,0,0,0,0,35,3,2,0,0,0
15189,1,58,10,0,0,0,1,0,0,0,0,0
15190,0,0,0,0,0,0,13,1,0,0,0,0
15191,0,0,0,0,0,0,13,4,1,0,0,0
15192,8,185,31,0,0,0,0,0,0,0,0,0
15193,0,0,0,0,0,0,100,48,0,0,0,0
15194,0,0,0,0,0,0,0,0,0,3,180,0
15195,0,0,0,6,1,61,0,0,0,0,0,0
15196,0,31,0,0,0,0,0,0,0,0,0,0
15197,0,0,0,0,0,0,0,0,0,0,104,0
15198,0,0,0,3,1,8,0,0,0,0,0,0
15199,0,0,0,0,0,0,50,43,0,0,0,0
15200,0,0,0,0,0,0,0,0,0,0,0,0
15201,0,58,0,0,0,0,0,0,0,0,0,0
15202,0,0,0,0,0,0,3,189,3,0,0,0
15203,0,0,0,0,0,3,0,0,0,0,0,0
15204,4,96,0,0,0,0,1,0,0,0,0,0
15205,2,6,2,0,0,0,0,0,0,0,0,0
15206,0,0,0,0,0,0,0,0,0,0,0,0
15207,0,0,0,30,0,21,0,0,0,0,0,0
15208,0,0,0,0,3,0,0,4,0,0,0,0
15209,0,0,0,0,0,0,0,1,2,0,0,0
15210,1,14,1,0,0,0,0,0,0,0,0,0
15211,0,26,0,0,0,0,0,0,0,0,0,0
15212,0,0,0,0,0,0,0,0,0,0,143,0
15213,10,59,8,0,0,0,0,0,0,0,0,0
15214,1,7,0,0,0,0,0,0,0,0,0,0
15215,0,0,0,0,0,0,2,0,1,0,0,0
15216,0,0,0,0,0,0,0,0,0,0,350,0
15217,0,1,0,0,0,0,0,0,0,0,0,0
15218,0,1,0,0,0,0,0,0,0,0,0,0
15219,1,46,0,0,0,0,1,0,0,0,0,0
15220,0,0,0,0,1,3,0,0,0,0,0,0
15221,0,0,0,0,111,0,0,18,0,0,0,0
15222,0,0,0,0,0,1,0,0,0,1,482,0
15223,0,0,0,0,0,2,0,0,0,0,0,0
15224,0,5,0,0,0,0,0,0,0,0,0,0
15225,0,0,0,1,0,37,0,0,0,0,0,0
15226,0,0,0,0,0,0,45,13,0,0,0,0
15227,0,0,0,0,0,0,11,4,0,0,0,0
15228,0,0,0,1,0,10,0,0,0,0,0,0
15229,0,1,0,0,0,0,41,2,0,0,0,0
15230,0,0,0,0,0,0,1,3,0,0,0,0
15231,0,0,0,0,1,23,0,0,0,0,1,0
15232,0,0,0,0,2,0,0,0,0,0,0,0
15233,0,0,0,0,0,0,1,1,0,0,0,0
15234,0,0,0,0,0,0,0,2,1,0,0,0
15235,0,0,0,0,0,2,0,0,0,4,94,0
15236,1,1,0,0,0,0,0,0,0,0,0,0
15237,0,0,0,0,0,14,0,0,0,2,2077,1
15238,0,4,3,0,0,0,0,0,0,0,0,0
15239,1,17,3,0,0,0,0,0,0,0,0,0
15240,0,0,0,1,0,169,0,0,0,1,9835,0
15241,0,10,0,0,0,0,1,0,0,0,0,0
15242,0,0,0,10,0,4,0,0,0,0,0,0
15243,0,0,0,0,8,0,23,908,3,0,0,0
15244,0,0,0,2,1,6,0,0,0,0,0,0
15245,0,0,0,0,0,0,0,0,0,0,0,0
15246,1,15,0,0,0,0,0,0,0,0,0,0
15247,0,26,15,0,0,0,0,0,0,0,0,0
15248,0,44,0,0,0,0,0,0,0,0,0,0
15249,2,47,2,0,0,0,0,0,0,0,0,0
15250,0,49,1,0,0,0,0,0,0,0,0,0
15251,0,0,0,0,0,1,0,0,0,24,277,2
15252,0,0,0,2,0,143,0,0,0,0,3,0
15253,0,16,0,0,0,0,1222,8,15,0,0,0
15254,0,0,0,0,11,30,0,0,0,0,0,0
15255,0,0,0,0,2,23,0,0,0,0,0,0
15256,0,0,0,0,0,4,0,0,0,0,0,0
15257,1,71,0,0,0,0,0,0,0,0,0,0
15258,0,0,0,0,0,28,0,0,0,0,0,0
15259,1,3,2,0,0,0,0,0,0,0,0,0
15260,0,0,0,0,0,0,14,187,0,0,0,0
15261,1,0,0,106,2,6,0,0,0,0,0,0
15262,0,0,0,0,0,0,1,6,0,0,0,0
15263,0,9,0,0,0,0,0,0,0,0,0,0
15264,0,0,0,1,0,985,0,0,0,0,2,0
15265,0,0,0,0,0,0,39,1,0,0,0,0
15266,0,0,0,0,0,1,0,0,0,0,0,0
15267,25,42,3,0,0,0,0,0,0,0,0,0
15268,0,0,0,0,0,0,6,0,0,0,0,0
15269,1,6,12,0,0,0,0,0,0,2,0,0
15270,0,15,1,0,0,0,0,0,0,0,0,0
15271,0,7,1,0,0,0,0,0,0,0,0,0
15272,0,34,0,0,0,0,0,0,0,0,0,0
15273,0,0,0,0,0,0,0,0,0,5,257,0
15274,0,0,0,0,0,0,0,0,0,0,15,0
15275,0,0,0,0,0,0,0,0,0,1,0,0
15276,457,0,0,1851,11,42,0,0,0,0,0,0
15277,0,0,0,0,0,19,0,0,0,1,1295,1
15278,1,195,0,0,0,0,1,0,0,0,0,0
15279,0,0,0,0,1,1354,0,0,0,34,314561,0
15280,0,0,0,0,0,0,0,0,0,29,127,2
15281,0,0,0,0,0,2,0,0,0,0,0,0
15282,0,0,0,2,0,15,0,0,0,0,0,0
15283,0,18,0,0,0,0,0,0,0,0,0,0
15284,0,0,0,0,0,3,0,0,0,0,0,0
15285,0,0,0,0,0,0,8,54,3,0,0,0
15286,0,0,0,0,0,0,1,0,0,0,0,0
15287,0,0,0,0,0,0,0,2,0,0,0,0
15288,0,0,0,0,0,6,0,0,0,0,0,0
15289,0,0,0,0,0,0,0,0,0,0,0,0
15290,0,0,0,0,0,0,0,1,0,0,0,0
15291,0,0,0,0,0,0,0,0,0,0,0,0
15292,0,0,0,0,0,0,1,2,1,0,0,0
15293,0,0,0,0,0,0,0,0,0,0,0,0
15294,0,0,0,0,0,46,0,0,0,0,0,0
15295,0,0,0,0,0,0,0,0,0,0,0,0
15296,3,0,0,0,0,0,0,0,0,0,0,0
15297,0,0,0,0,0,109,0,0,0,0,1,0
15298,0,0,0,0,0,0,0,0,0,1,4,0
15299,0,0,0,0,0,0,0,0,0,0,1,0
15300,0,0,0,5,0,16,0,0,0,0,0,0
15301,0,0,0,0,0,0,0,0,0,0,0,0
15302,1,1,1,0,0,0,0,0,0,0,0,0
15303,1,17,0,0,0,0,0,0,0,0,0,0
15304,0,0,0,0,0,0,0,0,0,0,0,0
15305,0,0,0,0,0,0,0,0,0,0,0,0
15306,0,0,0,1,0,7,0,0,0,0,0,0
15307,0,0,0,0,0,0,0,1,0,0,0,0
15308,0,0,0,0,0,0,0,0,0,0,0,0
15309,0,0,0,0,0,92,0,0,0,0,0,0
15310,0,0,1,0,0,0,0,0,0,0,0,0
15311,0,0,0,0,0,0,0,0,0,0,0,0
15312,0,22,1,0,0,0,0,0,0,0,0,0
15313,0,0,0,0,0,0,42,12,0,0,0,0
15314,0,0,0,0,0,0,0,0,0,0,13,0
15315,0,0,0,0,0,0,0,0,0,6,156,2
15316,0,1,0,0,0,0,0,0,0,0,0,0
15317,0,0,0,0,0,0,0,0,0,0,0,0
15318,0,0,0,0,1,0,0,13,0,0,0,0
15319,0,0,0,0,0,0,0,0,0,0,19,0
15320,0,0,0,0,0,0,0,0,0,0,4,0
15321,0,0,0,0,0,38,0,0,0,0,0,0
15322,1,1,0,0,0,0,0,0,0,0,0,0
15323,1,2,0,0,0,0,0,0,0,0,0,0
15324,0,0,0,0,0,59,0,0,0,0,5267,0
15325,0,5,4,0,0,0,0,0,0,0,0,0
15326,0,0,0,0,1,73,0,0,0,0,0,0
15327,0,0,0,0,27,0,5,673,0,0,0,0
15328,0,0,0,0,0,0,0,0,0,10,128,1
15329,0,0,0,1,0,0,0,0,0,0,0,0
15330,0,0,0,2,1,16,0,0,0,0,0,0
15331,0,0,0,0,0,0,0,0,0,0,0,0
15332,0,0,0,0,0,0,0,0,0,0,0,0
15333,0,11,1,0,0,0,0,0,0,0,0,0
15334,0,69,2,0,0,0,0,0,0,0,0,0
15335,0,0,0,0,0,11,0,0,0,0,0,0
15336,0,0,0,0,1,33,0,0,0,0,0,0
15337,1,16,1,0,0,0,0,0,0,0,0,0
15338,0,0,0,1,0,178,0,0,0,0,0,0
15339,0,0,0,0,0,0,9,25,0,0,0,0
15340,0,0,0,0,0,0,5,2,0,0,0,0
15341,0,0,0,0,0,0,0,0,0,1,7,0
15342,0,0,0,0,0,1,0,0,0,57,626,0
15343,0,0,0,1,0,1,0,0,0,0,0,0
15344,0,0,0,0,0,0,0,0,0,0,0,0
15345,7,3,7,0,0,0,0,0,0,0,0,0
15346,0,0,0,0,0,6,0,0,0,32,243,1
15347,0,0,0,0,3,0,0,0,0,0,0,0
15348,0,0,0,3,2,35,0,0,0,0,1,0
15349,0,0,0,0,0,0,110,13,1,0,0,0
15350,0,0,0,0,0,20,0,0,0,0,0,0
15351,1,0,0,16,20,40,0,0,0,0,0,0
15352,0,0,0,0,0,4,0,0,0,0,1213,0
15353,0,0,0,0,0,0,0,0,0,0,0,0
15354,0,0,0,72,0,63,0,0,0,0,0,0
15355,0,0,0,0,0,0,4,23,0,0,0,0
15356,0,0,0,0,0,0,0,0,0,0,27,0
15357,0,0,0,9,14,25,0,0,0,0,0,0
15358,0,0,0,0,0,0,0,0,0,2,5,0
15359,0,0,0,0,0,0,9,1,0,0,0,0
15360,0,0,0,0,0,0,0,0,0,0,203,0
15361,0,2,2,0,0,0,0,0,0,0,0,0
15362,0,15,0,0,0,0,0,0,0,0,0,0
15363,0,34,2,0,0,0,0,0,0,0,0,0
15364,0,0,0,0,0,0,0,0,0,0,3,0
15365,0,0,0,0,0,0,0,0,0,0,0,0
15366,0,0,0,0,2,152,0,0,0,0,0,0
15367,0,19,0,0,0,0,0,0,0,0,0,0
15368,0,0,0,0,0,6,0,0,0,0,405,0
15369,0,16,1,0,0,0,0,0,0,0,0,0
15370,0,5,1,0,0,0,0,0,0,0,0,0
15371,0,0,0,0,0,0,0,0,0,4,569,0
15372,0,0,0,0,1,0,239,851,26,0,0,0
15373,0,0,0,0,1,1,0,0,0,0,0,0
15374,0,0,0,0,0,0,0,1,0,0,0,0
15375,0,0,0,0,0,10,0,0,0,0,0,0
15376,0,0,0,1,0,0,0,0,0,0,0,0
15377,0,0,0,0,0,0,0,1,1,0,0,0
15378,0,0,0,0,0,3,0,0,0,0,0,0
15379,2,80,0,0,0,0,0,0,0,0,0,0
15380,0,0,0,0,2,0,26,821,3,0,0,0
15381,0,0,0,0,0,0,0,0,0,5,147,0
15382,0,0,0,0,5,9,0,0,0,0,0,0
15383,0,0,0,0,5,10,0,0,0,0,0,0
15384,0,0,0,0,0,0,109,35,0,0,0,0
15385,0,0,0,0,3,27,0,0,0,0,0,0
15386,0,0,0,0,0,1,0,0,0,0,46,0
15387,0,10,6,0,0,0,0,0,0,0,0,0
15388,0,0,0,0,0,0,0,0,0,5,18,0
15389,0,0,0,0,0,0,0,0,0,0,0,0
15390,0,0,0,0,0,1,0,0,0,10,71,1
15391,0,0,0,0,0,0,0,0,0,0,22,0
15392,0,0,0,0,0,0,0,4,0,0,0,0
15393,0,0,0,1,0,141,0,0,0,0,1,0
15394,0,0,0,1,0,11,0,0,0,0,0,0
15395,0,0,0,1,0,0,0,0,0,0,0,0
15396,0,0,0,0,0,0,0,0,0,2,135,0
15397,0,0,0,0,0,8,0,0,0,0,0,0
15398,14,0,1,0,0,0,0,0,0,0,0,0
15399,0,0,0,0,0,26,0,0,0,0,0,0
15400,0,0,1,0,0,0,0,0,0,0,0,0
15401,0,0,0,0,0,0,4,3,4,0,0,0
15402,0,59,0,0,0,0,0,0,0,0,0,0
15403,0,0,0,3,0,36,0,0,0,0,0,0
15404,0,0,0,0,0,0,0,0,0,0,0,0
15405,0,19,0,0,0,0,0,0,0,0,0,0
15406,0,0,0,0,2,0,24,1840,0,0,0,0
15407,0,0,0,0,0,0,0,0,0,0,159,0
15408,0,0,0,0,0,14,0,0,0,0,0,0
15409,0,0,0,0,0,0,0,0,0,0,0,0
15410,0,0,0,0,0,0,0,0,0,0,0,0
15411,0,0,0,0,0,53,0,0,0,0,0,0
15412,0,0,0,0,0,0,0,0,0,0,0,0
15413,0,1,0,0,0,0,0,0,0,0,0,0
15414,0,0,0,0,0,0,18,2,0,0,0,0
15415,0,0,0,5,0,0,0,0,0,0,0,0
15416,0,0,0,0,0,0,0,1,0,0,0,0
15417,0,0,0,0,0,12,0,0,0,0,0,0
15418,0,0,0,0,0,0,1,32,0,0,0,0
15419,0,0,0,0,0,0,0,0,0,0,4,0
15420,0,0,0,0,40,35,0,0,0,0,0,0
15421,0,0,0,0,0,0,0,0,0,0,0,0
15422,0,0,0,0,0,0,0,0,0,0,0,0
15423,0,33,0,0,0,0,0,0,0,0,0,0
15424,0,0,0,0,0,0,0,1,0,0,0,0
15425,0,0,0,0,0,1,0,0,0,0,0,0
15426,0,103,1,0,0,0,0,0,0,0,0,0
15427,0,0,0,0,0,122,0,0,0,0,2,0
15428,0,0,0,1,0,0,0,0,0,0,0,0
15429,0,0,0,0,0,0,15,0,1,0,0,0
15430,0,1,0,0,0,0,0,0,0,0,0,0
15431,0,0,0,0,0,0,3,1,0,0,0,0
15432,0,0,0,0,0,111,0,0,0,0,1,0
15433,0,0,0,0,0,0,0,0,0,0,0,0
15434,0,0,0,0,0,0,0,0,0,0,0,0
15435,0,0,0,0,0,0,0,0,0,0,0,0
15436,6,49,4,0,0,0,1,0,0,0,0,0
15437,0,0,0,1,0,87,0,0,0,0,1,0
15438,0,0,0,0,1,0,21,512,9,0,0,0
15439,0,5,0,0,0,0,434,0,1,0,0,0
15440,0,0,0,1,0,0,0,0,0,0,0,0
15441,0,0,0,0,0,1,0,0,0,0,178,0
15442,7,0,3,0,0,0,0,0,0,0,0,0
15443,0,0,0,0,1,0,0,0,0,0,0,0
15444,0,0,0,0,2,0,43,399,3,0,0,0
15445,0,0,0,0,1,1,0,0,0,0,0,0
15446,0,0,0,0,0,0,1,1,0,0,0,0
15447,0,0,0,1,0,32,0,0,0,0,0,0
15448,0,0,0,0,0,0,21,29,0,0,0,0
15449,0,0,0,0,0,0,0,13,0,0,0,0
15450,0,0,0,0,0,0,0,0,0,3,421,2
15451,3,954,0,0,0,0,75291,42,1,0,0,0
15452,0,0,0,0,2,0,9,629,26,0,0,0
15453,0,0,0,0,0,69,0,0,0,0,0,0
15454,0,0,0,0,3,3,0,0,0,0,0,0
15455,0,0,0,0,0,0,0,0,0,0,7,0
15456,0,13,1,0,0,0,0,0,0,0,0,0
15457,0,0,0,0,0,3,0,0,0,4,237,0
15458,0,0,0,0,0,4,0,0,0,0,0,0
15459,0,3,0,0,0,0,0,0,0,0,0,0
15460,0,0,0,0,0,5,0,0,0,0,0,0
15461,2,0,0,0,0,0,0,0,0,0,0,0
15462,0,0,0,0,0,15,0,0,0,0,0,0
15463,0,0,0,0,0,0,67,29,0,0,0,0
15464,0,0,0,0,0,1,0,0,0,0,0,0
15465,0,0,0,1,2,12,0,0,0,0,0,0
15466,1,0,2,0,0,0,0,0,0,0,0,0
15467,0,1,0,0,0,0,0,0,0,0,0,0
15468,0,15,0,0,0,0,0,0,0,0,0,0
15469,0,0,0,0,0,0,0,0,0,0,7,1
15470,0,0,0,0,0,0,0,0,0,0,8,0
15471,17,26,6,0,0,0,0,0,0,0,0,0
15472,0,0,0,0,0,0,0,2,1,0,0,0
15473,0,0,0,0,0,0,0,1,0,0,0,0
15474,0,0,0,0,0,49,0,0,0,0,1,0
15475,0,0,0,0,0,0,0,0,0,0,0,0
15476,0,0,0,0,0,0,0,0,1,0,0,0
15477,388,63,55,0,0,0,0,0,0,0,0,0
15478,0,0,0,0,0,0,0,0,0,0,0,0
15479,0,0,0,0,0,2,0,0,0,0,14,0
15480,0,0,0,0,0,2,0,0,0,42,2052,1
15481,0,0,0,0,0,4,0,0,0,0,0,0
15482,0,0,0,0,0,0,0,0,0,0,0,0
15483,1,46,19,0,0,0,0,0,0,0,0,0
15484,0,0,0,0,0,1,0,0,0,0,0,0
15485,0,0,0,0,0,0,0,0,0,1,5,0
15486,22,49,0,0,0,0,1,0,0,0,0,0
15487,0,0,0,0,0,0,1,3,0,0,0,0
15488,0,0,0,0,0,0,0,1,0,0,0,0
15489,13,390,1,0,0,0,6,0,0,0,0,0
15490,0,0,0,0,0,0,0,1,0,0,0,0
15491,0,0,0,0,0,0,0,0,0,0,0,0
15492,0,0,0,0,0,55,0,0,0,0,3,0
15493,0,0,0,0,0,0,0,13,3,0,0,0
15494,0,0,0,0,0,0,0,0,0,0,0,26
15495,0,0,0,0,0,0,0,0,0,14,62,0
15496,0,1,0,0,0,0,0,0,0,0,0,0
15497,0,0,0,0,0,0,0,0,0,0,0,0
15498,13,14,2,0,0,0,0,0,0,0,0,0
15499,0,0,0,0,0,0,0,0,0,0,0,0
15500,0,0,0,0,0,0,0,0,0,0,0,0
15501,0,0,0,12,0,10,0,0,0,0,0,0
15502,0,0,0,0,0,0,1,3,0,0,0,0
15503,0,0,0,0,0,0,0,0,0,1,0,1
15504,0,0,0,2,2,5,0,0,0,0,0,0
15505,0,0,0,0,0,0,0,0,0,0,0,0
15506,0,0,0,0,0,0,0,0,0,0,0,0
15507,0,0,0,0,0,13,0,0,0,0,0,0
15508,0,0,0,0,0,0,1,1,0,0,0,0
15509,0,0,0,0,0,0,0,0,0,0,0,0
15510,0,0,0,4,5,52,0,0,0,0,0,0
15511,0,0,0,0,0,0,0,0,0,0,0,0
15512,0,0,0,0,0,0,0,0,0,0,0,0
15513,0,0,0,0,0,5,0,0,0,0,1,0
15514,0,0,0,0,0,0,0,0,0,0,0,0
15515,0,0,0,0,0,0,0,0,0,0,0,0
15516,0,0,0,0,0,3,0,0,0,0,0,0
15517,0,0,0,0,0,0,17,0,0,0,0,0
15518,0,0,0,0,2,3,0,0,0,0,0,0
15519,0,0,0,1,2,30,0,0,0,0,1,0
15520,0,0,0,0,0,0,0,0,0,0,0,0
15521,0,0,0,0,0,0,0,0,0,0,0,0
15522,0,0,0,0,0,8,0,0,0,0,0,0
15523,0,3,0,0,0,0,0,0,0,0,0,0
15524,0,0,0,0,0,0,0,0,0,0,0,0
15525,0,0,0,0,0,0,0,0,0,0,18,0
15526,0,3,0,0,0,0,0,0,0,0,0,0
15527,0,0,0,1,0,9,0,0,0,0,0,0
15528,0,0,0,4,0,28,0,0,0,0,0,0
15529,0,0,0,3,0,3,0,0,0,0,0,0
15530,0,0,0,0,0,0,11,156,2,0,0,0
15531,0,0,0,0,0,19,0,0,0,0,0,0
15532,0,0,0,0,0,0,0,0,0,1,2,0
15533,0,0,0,0,0,0,0,0,0,0,0,0
15534,0,18,0,0,0,0,0,0,0,0,0,0
15535,0,0,0,0,1,0,3,188,1,0,0,0
15536,0,0,0,0,0,0,0,0,0,0,4,1
15537,0,0,0,1,9,92,0,0,0,0,0,0
15538,0,0,0,0,0,0,112,0,4,0,0,0
15539,0,0,0,0,0,21,0,0,0,0,0,0
15540,0,0,0,0,0,21,0,0,0,7,1895,1
15541,2,1,0,0,0,0,0,0,0,0,0,0
15542,0,0,0,0,0,0,0,0,0,0,7,1
15543,0,0,0,0,7,0,121,683,0,0,0,0
15544,0,0,0,0,0,0,2,32,0,0,0,0
15545,0,0,0,0,0,0,0,0,0,1,2,0
15546,0,0,0,0,0,7,0,0,0,20,245,0
15547,0,2,0,0,0,0,0,0,0,0,0,0
15548,0,2,0,0,0,0,0,0,0,0,0,0
15549,0,0,0,0,0,35,0,0,0,0,1,0
15550,0,0,0,0,0,0,9,3,0,0,0,0
15551,0,0,0,0,0,32,0,0,0,0,0,0
15552,0,0,0,5,0,9,0,0,0,0,0,0
15553,0,32,0,0,0,0,0,0,0,0,0,0
15554,0,9,2,0,0,0,0,0,0,0,0,0
15555,0,0,0,1,3,51,0,0,0,0,0,0
15556,0,0,0,0,0,0,30,8,0,0,0,0
15557,0,0,0,0,0,0,0,0,0,0,27,0
15558,0,18,1,0,0,0,0,0,0,0,0,0
15559,0,0,0,0,0,0,0,0,0,12,8,1
15560,0,0,0,0,0,2,0,0,0,0,0,0
15561,0,0,0,2,3,22,0,0,0,0,0,0
15562,0,0,0,0,1,18,0,0,0,0,0,0
15563,0,0,0,0,0,3,0,0,0,0,0,0
15564,0,51,0,0,0,0,0,0,0,0,0,0
15565,0,0,0,0,29,0,0,0,0,0,0,0
15566,0,0,0,0,0,0,0,0,0,0,3,0
15567,0,0,0,0,1,72,0,0,0,0,0,0
15568,0,1,0,0,0,0,0,0,0,0,0,0
15569,0,0,0,0,0,0,0,0,0,4,215,1
15570,0,0,0,3,0,10,0,0,0,0,0,0
15571,0,1,0,0,0,0,19,5,0,0,0,0
15572,0,21,5,0,0,0,0,0,0,0,0,0
15573,0,0,0,0,0,40,0,0,0,0,1,0
15574,0,0,0,0,0,0,1,4,0,0,0,0
15575,0,0,0,0,0,0,1,34,2,0,0,0
15576,0,0,0,0,0,51,0,0,0,0,0,0
15577,0,1,0,0,0,0,0,0,0,0,0,0
15578,0,1,0,0,0,0,0,0,0,0,0,0
15579,0,0,0,0,0,1,0,0,0,4,898,0
15580,0,6,1,0,0,0,0,0,0,0,0,0
15581,0,4,0,0,0,0,0,0,0,0,0,0
15582,4,13,3,0,0,0,0,0,0,0,0,0
15583,0,43,10,0,0,0,0,0,0,0,0,0
15584,0,0,0,0,2,2,0,0,0,0,0,0
15585,0,0,0,32,0,9,0,0,0,0,0,0
15586,0,1,0,0,0,0,68,10,0,0,0,0
15587,0,0,0,0,0,0,0,0,0,0,36,0
15588,0,0,0,0,0,0,0,0,0,25,274,0
15589,0,0,0,0,0,0,30,54,0,0,0,0
15590,0,13,2,0,0,0,0,0,0,0,0,0
15591,0,0,0,0,2,139,0,0,0,0,0,0
15592,1,3,5,0,0,0,0,0,0,0,0,0
15593,6,49,4,0,0,0,0,0,0,0,0,0
15594,0,0,0,0,3,0,28,694,4,0,0,0
15595,0,0,0,0,0,4,0,0,0,0,0,0
15596,274,183,1,5,0,0,0,0,0,0,0,0
15597,0,0,0,0,0,106,0,0,0,0,0,0
15598,0,22,0,0,0,0,3842,25,0,0,0,0
15599,0,0,0,0,2,133,0,0,0,0,0,0
15600,0,0,0,0,0,5,0,0,0,5,380,0
15601,0,0,0,0,0,1,0,0,0,0,103,1
15602,0,0,0,0,0,0,125,6,1,0,0,0
15603,0,0,0,0,0,0,0,0,0,1,607,0
15604,8,17,3,0,0,0,0,0,0,0,0,0
15605,0,10,20,0,0,0,0,0,0,0,0,0
15606,0,0,0,0,18,94,0,0,0,0,1,0
15607,0,0,0,0,0,4,0,0,0,0,0,0
15608,0,0,0,0,0,4,0,0,0,0,0,0
15609,4,67,3,0,0,0,0,0,0,0,0,0
15610,0,0,0,0,0,0,0,0,0,1,0,0
15611,9,1,1,0,0,0,0,0,0,0,0,0
15612,0,4,1,0,0,0,0,0,0,0,0,0
15613,0,0,0,0,0,0,0,0,0,5,212,0
15614,0,28,0,0,0,0,1,0,0,0,0,0
15615,0,0,0,0,0,0,0,0,0,0,109,0
15616,0,9,0,0,0,0,1,0,0,0,0,0
15617,0,1,0,0,0,0,27,2,1,0,0,0
15618,0,192,3,0,0,0,0,0,0,0,0,0
15619,0,0,0,0,0,0,0,0,0,3,3,0
15620,0,0,0,0,0,1,0,0,0,0,0,0
15621,0,0,0,3,1,18,0,0,0,0,0,0
15622,0,0,0,0,0,0,0,0,0,0,0,0
15623,0,0,0,0,0,0,0,0,0,0,0,0
15624,0,0,0,0,0,79,0,0,0,0,0,0
15625,0,0,0,0,0,0,0,1,0,0,0,0
15626,1,26,117,0,0,0,0,0,0,0,0,0
15627,0,5,0,0,0,0,18,96,1,0,0,0
15628,0,0,0,0,0,114,0,0,0,0,2,0
15629,0,0,0,0,0,0,10,63,0,0,0,0
15630,0,0,0,0,0,23,0,0,0,0,0,0
15631,0,0,0,0,0,0,0,0,0,1,4,2
15632,0,0,0,0,1,0,0,0,0,0,0,0
15633,0,0,0,0,0,2,0,0,0,5,56,0
15634,0,0,0,0,0,0,0,0,0,0,0,0
15635,1,0,1,0,0,0,0,0,0,0,0,0
15636,0,0,0,0,0,27,0,0,0,0,0,0
15637,0,0,9,0,0,0,0,0,0,0,0,0
15638,0,0,0,0,0,0,8,3,0,0,0,0
15639,0,11,0,0,0,0,0,0,0,0,0,0
15640,22,115,0,0,0,0,0,0,0,0,0,0
15641,0,34,12,0,0,0,0,0,0,0,0,0
15642,0,0,0,0,0,472,0,0,0,0,1,0
15643,0,5,0,0,0,0,0,0,0,0,0,0
15644,0,0,0,0,0,0,2,4,0,0,0,0
15645,1,11,4,0,0,0,0,0,0,0,0,0
15646,0,0,0,0,0,0,26,23,0,0,0,0
15647,0,49,9,0,0,0,0,0,0,0,0,0
15648,0,0,0,5,3,34,0,0,0,0,0,0
15649,0,1,0,0,0,0,67,22,0,0,0,0
15650,0,0,0,0,0,32,0,0,0,0,0,0
15651,0,0,0,1,2,35,0,0,0,0,0,0
15652,0,0,0,0,2,0,13,672,1,0,0,0
15653,1,21,1,0,0,0,0,0,0,0,0,0
15654,0,0,0,0,0,1,0,0,0,4,1152,1
15655,0,13,1,0,0,0,0,0,0,0,0,0
15656,0,0,0,0,0,1,0,0,0,0,1028,0
15657,1,98,6,0,0,0,0,0,0,0,0,0
15658,0,0,0,0,0,0,46,13,0,0,0,0
15659,0,12,8,0,0,0,0,0,0,0,0,0
15660,0,0,0,0,0,0,0,0,0,14,101,0
15661,0,0,0,0,8,15,0,0,0,0,0,0
15662,0,0,0,0,0,3,0,0,0,0,0,0
15663,0,0,0,6,8,12,0,0,0,0,0,0
15664,0,0,0,0,0,0,11,43,1,0,0,0
15665,0,0,0,0,8,38,0,0,0,0,0,0
15666,0,0,0,0,0,0,28,54,3,0,0,0
15667,9,67,25,0,0,0,0,0,0,0,0,0
15668,106,84,21,0,0,0,0,0,0,0,0,0
15669,0,0,0,5,0,78,0,0,0,0,0,0
15670,0,0,0,0,0,0,2,0,1,0,0,0
15671,6,27,13,0,0,0,0,0,0,0,0,0
15672,0,0,0,0,1,0,34,890,19,0,0,0
15673,0,0,0,0,12,10,0,0,0,0,0,0
15674,0,0,0,0,0,0,0,0,0,0,0,0
15675,0,0,0,0,0,10,0,0,0,0,0,0
15676,0,0,0,2,1,8,0,0,0,0,0,0
15677,0,86,0,0,0,0,0,0,0,0,0,0
15678,0,0,0,0,0,0,0,0,0,0,57,0
15679,0,0,0,0,0,0,9,4,0,0,0,0
15680,0,0,0,0,0,0,0,0,0,0,8,0
15681,1,24,2,0,0,0,0,0,0,0,0,0
15682,0,0,0,2,0,12,0,0,0,0,0,0
15683,4,0,0,0,0,0,0,0,0,0,0,0
15684,0,0,0,0,0,287,0,0,0,0,0,0
15685,0,0,0,2,0,15,0,0,0,0,0,0
15686,0,0,0,0,0,0,0,0,0,0,0,0
15687,0,0,0,0,0,0,15,0,0,0,0,0
15688,0,0,0,0,0,0,0,0,0,70,68,0
15689,0,1,0,0,0,0,69,5,0,0,0,0
15690,0,0,0,2,0,3,0,0,0,0,0,0
15691,0,0,0,0,0,0,0,0,0,0,0,0
15692,0,13,0,0,0,0,0,0,0,0,0,0
15693,0,4,0,0,0,0,0,0,0,0,0,0
15694,0,0,0,0,0,0,0,0,0,0,3,0
15695,1,0,0,0,0,0,0,0,0,0,0,0
15696,0,0,0,0,9,29,0,0,0,0,0,0
15697,0,0,0,0,0,2,0,0,0,0,0,0
15698,0,0,0,0,0,1,0,0,0,0,0,0
15699,0,0,0,0,0,0,0,0,0,1,180,0
15700,0,0,0,1,0,0,0,0,0,0,0,0
15701,0,0,0,0,0,0,0,0,0,0,15,0
15702,12,22,28,0,0,0,0,0,0,0,0,0
15703,0,0,3,0,0,0,0,0,0,0,0,0
15704,0,0,0,0,0,1,0,0,0,0,0,0
15705,0,0,0,0,0,0,6,41,0,0,0,0
15706,0,14,0,0,0,0,0,0,0,0,0,0
15707,0,0,0,0,0,1,0,0,0,0,0,0
15708,0,0,0,0,0,0,1,92,5,0,0,0
15709,0,18,0,0,0,0,0,0,0,0,0,0
15710,0,0,0,0,0,4,0,0,0,0,0,0
15711,3,3,0,0,0,0,0,0,0,0,0,0
15712,0,0,0,0,0,0,0,0,0,6,2,7
15713,0,0,0,0,0,1,0,0,0,0,0,0
15714,0,0,0,0,0,60,0,0,0,13,864,2
15715,0,0,0,1,0,0,0,0,0,0,0,0
15716,0,0,0,0,0,0,0,0,0,0,2,0
15717,0,0,0,7,6,34,0,0,0,0,0,0
15718,0,0,0,0,0,0,0,0,0,0,0,0
15719,1,0,0,0,0,0,0,0,0,0,0,0
15720,0,0,0,0,0,136,0,0,0,0,21655,1
15721,0,0,0,0,0,0,0,1,1,0,0,0
15722,0,0,0,0,0,0,0,0,0,0,0,0
15723,0,0,0,0,0,52,0,0,0,0,0,0
15724,0,0,0,0,0,0,7,1,0,0,0,0
15725,0,0,0,0,0,0,0,0,0,0,1,0
15726,0,0,0,111,3,35,0,0,0,0,0,0
15727,0,0,0,0,0,0,27,4,0,0,0,0
15728,0,0,0,0,0,3,0,0,0,0,0,0
15729,0,0,0,4,1,15,0,0,0,0,0,0
15730,0,0,0,0,0,0,0,1,0,0,0,0
15731,0,0,0,0,1,0,0,0,0,0,0,0
15732,0,0,0,0,0,0,16,203,0,0,0,0
15733,0,0,0,0,0,0,0,0,0,0,0,0
15734,0,0,0,0,0,0,1,2,2,0,0,0
15735,0,0,0,0,0,49,0,0,0,0,0,0
15736,0,0,0,1,3,1,0,0,0,0,0,0
15737,0,0,0,1,0,1,0,0,0,0,0,0
15738,0,0,0,0,0,5,0,0,0,0,4347,0
15739,0,1,0,0,0,0,0,0,0,0,0,0
15740,0,1,0,0,0,0,0,0,0,0,0,0
15741,0,0,0,0,0,87,0,0,0,0,0,0
15742,0,27,0,0,0,0,0,0,0,0,0,0
15743,0,0,0,0,0,0,58,9,1,0,0,0
15744,0,0,0,0,0,0,0,0,0,1,21,0
15745,0,10,0,0,0,0,0,0,0,0,0,0
15746,0,0,0,0,0,0,0,0,0,13,42,0
15747,0,0,0,2,5,19,0,0,0,0,0,0
15748,0,0,0,0,0,0,0,0,0,0,0,0
15749,0,0,0,0,0,0,0,0,0,0,0,0
15750,0,0,0,0,0,37,0,0,0,0,0,0
15751,0,0,0,0,0,0,2,14,0,0,0,0
15752,0,0,0,0,0,0,0,0,0,3,177,0
15753,3,787,5,0,0,0,2,0,0,0,0,0
15754,0,0,0,1,21,4,0,0,0,0,0,0
15755,0,0,0,0,0,0,0,0,0,14,93,0
15756,0,0,0,9,20,39,0,0,0,0,0,0
15757,0,0,0,0,0,0,0,0,0,11,0,0
15758,10,52,0,0,0,0,0,0,0,0,0,0
15759,2,20,14,0,0,0,0,0,0,0,0,0
15760,0,0,0,0,0,0,78,162,0,0,0,0
15761,0,0,0,0,0,0,0,2,0,0,0,0
15762,0,0,0,0,13,20,0,0,0,0,0,0
15763,0,0,0,0,0,5,0,0,0,8,1155,7
15764,0,0,0,2,1,2,0,0,0,0,0,0
15765,18,33,2,0,0,0,0,0,0,0,0,0
15766,0,0,0,0,122,1,0,13171,0,0,0,0
15767,0,0,0,1,0,0,0,0,0,0,0,0
15768,0,0,0,0,0,0,27,36,0,0,0,0
15769,0,0,0,0,0,0,1,24,0,0,0,0
15770,0,0,0,0,0,0,0,0,0,0,1,0
15771,0,0,0,3,0,33,0,0,0,0,0,0
15772,3,7,0,0,0,0,0,0,0,0,0,0
15773,0,0,0,0,0,0,74,2,1,0,0,0
15774,0,0,0,0,0,0,0,0,0,0,130,0
15775,13,6,2,0,0,0,0,0,0,0,0,0
15776,0,0,0,0,1,1,0,0,0,0,0,0
15777,0,7,0,0,0,0,0,0,0,0,0,0
15778,0,6,0,0,0,0,0,0,0,0,0,0
15779,0,267,17,0,0,0,0,0,0,0,0,0
15780,0,0,0,0,0,0,106,8,0,0,0,0
15781,0,0,0,0,0,0,0,0,0,0,0,0
15782,0,21,1,0,0,0,0,0,0,0,0,0
15783,0,0,0,0,0,0,0,0,0,2,68,0
15784,0,0,0,0,67,6,0,1,0,0,0,0
15785,0,0,0,0,3,1,0,0,0,0,0,0
15786,0,0,0,0,0,17,0,0,0,0,0,0
15787,0,0,0,0,0,0,0,0,0,0,0,0
15788,0,4,0,0,0,0,0,0,0,0,0,0
15789,0,0,0,0,0,0,35,19,1,0,0,0
15790,0,0,0,2,0,1,0,0,0,0,0,0
15791,0,0,0,0,0,0,0,0,0,0,1,0
15792,22,30,5,0,0,0,0,0,0,0,0,0
15793,0,0,0,0,0,0,1,0,0,0,0,0
15794,0,0,0,0,0,6,0,0,0,0,0,0
15795,0,0,0,0,3,9,0,0,0,0,0,0
15796,0,0,0,0,0,0,0,0,0,43,1,1
15797,0,0,0,0,1,1,0,0,0,0,0,0
15798,0,0,0,0,0,27,0,0,0,0,0,0
15799,0,0,0,0,0,0,0,0,0,0,0,0
15800,0,0,1,0,0,0,0,0,0,0,0,0
15801,0,0,0,0,0,15,0,0,0,0,0,0
15802,0,0,0,0,0,0,0,0,0,0,0,0
15803,0,1,0,0,0,0,0,0,0,0,0,0
15804,0,0,0,0,0,96,0,0,0,0,0,0
15805,0,0,0,0,0,0,0,0,0,0,1,0
15806,0,0,0,0,0,0,0,0,0,0,0,0
15807,0,22,0,0,0,0,0,0,0,0,0,0
15808,0,0,0,0,0,0,0,0,0,0,0,0
15809,0,0,0,0,0,0,0,0,0,0,0,0
15810,0,0,0,0,0,7,0,0,0,0,1692,0
15811,0,0,0,0,0,0,0,0,0,0,0,0
15812,0,7,1,0,0,0,0,0,0,0,0,0
15813,0,0,0,0,0,19,0,0,0,0,0,0
15814,0,0,0,0,0,0,40,5,3,0,0,0
15815,0,0,0,1,1,2,0,0,0,0,0,0
15816,0,0,0,0,2,23,0,0,0,0,0,0
15817,0,0,0,0,0,2,0,0,0,0,0,0
15818,0,0,0,4,4,0,0,0,0,0,0,0
15819,0,0,0,1,0,20,0,0,0,0,0,0
15820,2,13,0,0,0,0,0,0,0,0,0,0
15821,0,0,0,0,0,3,0,0,0,0,0,0
15822,0,0,0,0,0,0,8,15,0,0,0,0
15823,0,0,0,0,0,6,0,0,0,0,0,0
15824,0,0,0,0,0,0,0,0,0,5,120,10
15825,0,0,0,37,15,64,0,0,0,0,0,0
15826,0,0,0,0,0,0,18,1,0,0,0,0
15827,6,24,5,0,0,0,0,0,0,0,0,0
15828,1,30,22,0,0,0,0,0,0,0,0,0
15829,0,0,0,0,0,0,41,18,0,0,0,0
15830,0,0,1,0,0,0,0,0,0,22,42,0
15831,127,8,1,0,0,0,0,0,0,0,0,0
15832,0,0,0,0,0,0,0,0,0,0,0,0
15833,0,1,1,0,0,0,0,0,0,0,0,0
15834,0,35,0,0,0,0,0,0,0,0,0,0
15835,0,0,0,0,0,0,0,0,0,0,0,0
15836,0,0,0,0,0,0,6,24,0,0,0,0
15837,0,0,0,0,0,31,0,0,0,0,0,0
15838,0,0,0,0,0,0,0,0,0,0,0,0
15839,0,0,0,0,0,0,0,0,0,0,0,0
15840,0,0,0,0,0,0,0,1,2,0,0,0
15841,4,43,0,0,0,0,0,0,0,0,0,0
15842,0,0,0,0,0,0,0,0,0,7,94,0
15843,1,0,0,64,5,22,0,0,0,0,0,0
15844,0,0,0,0,0,0,4,0,0,0,0,0
15845,0,6,1,0,0,0,0,0,0,0,0,0
15846,0,0,0,0,1,0,72,68,6,0,0,0
15847,1,55,6,0,0,0,0,0,0,0,0,0
15848,0,0,15,0,0,4,0,0,0,176,562,3
15849,0,0,0,7,18,284,0,1,0,0,3,0
15850,0,0,0,0,0,0,31,30,3,0,0,0
15851,1,10,1,0,0,0,0,0,0,0,0,0
15852,0,0,0,0,0,0,0,0,0,4,47,0
15853,0,0,0,0,0,0,0,0,0,23,40,1
15854,0,0,0,5,0,5,0,0,0,0,0,0
15855,0,0,0,5,0,67,0,0,0,0,0,0
15856,0,19,0,0,0,0,0,0,0,0,0,0
15857,0,0,0,0,0,16,0,0,0,12,1106,6
15858,0,0,0,5,0,15,0,0,0,0,0,0
15859,0,7,0,0,0,0,0,0,0,0,0,0
15860,0,26,4,0,0,0,0,0,0,0,0,0
15861,2,19,10,0,0,0,0,0,0,0,0,0
15862,0,0,0,0,0,0,0,1,0,0,0,0
15863,0,0,0,0,0,0,0,2,0,0,0,0
15864,1,10,0,0,0,0,0,0,0,0,0,0
15865,0,0,0,0,0,1,0,0,0,0,11,0
15866,0,0,0,0,0,0,0,0,0,1,0,0
15867,0,0,0,2,36,19,0,0,0,0,0,0
15868,0,0,0,0,0,0,0,0,0,1,26,1
15869,4,10,0,0,0,0,0,0,0,0,0,0
15870,0,0,0,4,2,71,0,0,0,0,0,0
15871,0,0,0,0,0,0,1,1,0,0,0,0
15872,0,3,0,0,0,0,0,0,0,0,0,0
15873,1,29,4,0,0,0,0,0,0,0,0,0
15874,0,0,0,0,0,1,0,0,0,0,0,0
15875,0,0,0,0,0,0,0,0,0,0,0,0
15876,0,0,0,0,0,7,0,0,0,0,0,0
15877,0,0,0,0,1,2,0,0,0,0,0,0
15878,0,0,0,0,0,0,2,3,0,0,0,0
15879,0,0,0,0,0,1,0,0,0,0,219,0
15880,0,0,0,0,1,2,0,0,0,0,0,0
15881,0,0,0,0,0,0,0,0,0,0,3,0
15882,0,0,0,1,333,25,0,1,0,0,0,0
15883,0,0,0,0,0,0,0,0,0,2,0,0
15884,1,2,0,0,0,0,0,0,0,0,0,0
15885,0,58,0,0,0,0,0,0,0,0,0,0
15886,0,0,0,0,0,0,0,0,0,0,45,0
15887,3,7,7,0,0,0,0,0,0,0,0,0
15888,0,0,0,0,2,81,0,0,0,0,0,0
15889,1,0,0,0,0,0,0,0,0,0,0,0
15890,0,0,0,0,0,0,0,0,0,1,16,0
15891,3,38,4,0,0,0,0,0,0,0,0,0
15892,4,85,15,0,0,0,1,0,0,0,0,0
15893,0,0,0,0,1,7,0,0,0,0,0,0
15894,0,0,0,0,0,0,7,77,1,0,0,0
15895,0,0,0,0,0,1,0,0,0,6,310,2
15896,0,0,0,0,0,0,0,0,0,0,0,0
15897,0,4,3,0,0,0,0,0,0,0,0,0
15898,0,0,0,0,0,0,16,25,0,0,0,0
15899,0,0,0,0,0,8,0,0,0,0,0,0
15900,0,0,0,2,0,7,0,0,0,0,0,0
15901,0,0,2,0,0,0,0,0,0,0,0,0
15902,0,20,3,0,0,0,0,0,0,0,0,0
15903,0,40,0,0,0,0,0,0,0,0,0,0
15904,0,0,0,0,0,0,0,0,0,2,2,9
15905,46,76,0,1,0,0,1,0,0,0,0,0
15906,0,0,0,0,3,0,61,1200,52,0,0,0
15907,0,0,0,0,1428,0,50,2194,0,0,0,0
15908,0,0,0,0,1,1,82,172,1,0,0,0
15909,0,0,0,0,0,11,0,0,0,0,0,0
15910,0,0,0,0,0,0,7,104,4,0,0,0
15911,3,40,5,0,0,0,0,0,0,0,0,0
15912,0,0,0,6,4,28,0,0,0,0,0,0
15913,0,0,0,0,0,0,4,4,1,0,0,0
15914,0,17,4,0,0,0,0,0,0,0,0,0
15915,0,0,0,0,4,93,0,0,0,0,3,0
15916,0,0,0,0,0,2,0,0,0,0,0,0
15917,2,2,0,0,0,0,0,0,0,0,0,0
15918,0,0,0,0,0,49,0,0,0,0,0,0
15919,0,0,0,0,0,0,109,45,0,0,0,0
15920,0,0,0,0,0,10,0,0,0,0,0,0
15921,0,0,0,0,0,0,137,359,0,0,0,0
15922,0,0,0,0,0,0,0,0,0,0,0,0
15923,1,11,0,0,0,0,0,0,0,0,0,0
15924,0,0,0,0,0,1,0,0,0,0,452,1
15925,0,0,0,0,0,0,0,0,0,5,481,0
15926,0,0,0,0,0,2,0,0,0,0,0,0
15927,0,0,0,0,20,24,0,0,0,0,0,0
15928,0,0,0,0,0,0,0,0,0,0,443,0
15929,0,0,0,0,0,0,0,0,0,1,2,0
15930,0,0,0,6,3,21,0,0,0,0,0,0
15931,0,0,0,1,1,31,0,0,0,0,0,0
15932,0,8,1,0,0,0,0,0,0,0,0,0
15933,0,0,0,0,0,1,0,0,0,0,935,0
15934,0,0,0,0,0,0,0,0,0,0,2,0
15935,0,0,0,0,0,0,0,0,0,0,8,0
15936,19,74,5,0,0,0,0,0,0,0,0,0
15937,0,0,0,0,0,0,46,1,3,0,0,0
15938,0,0,0,0,0,0,0,0,0,0,0,0
15939,0,0,0,3,4,522,0,0,0,0,0,0
15940,0,0,0,0,0,0,0,0,0,0,15,0
15941,0,0,0,0,0,0,0,0,0,0,8,0
15942,21,149,17,0,0,0,0,0,0,0,0,0
15943,0,0,0,1,4,2,0,0,0,0,0,0
15944,0,0,0,0,0,0,0,0,0,0,9,0
15945,10,20,1,0,0,0,0,0,0,0,0,0
15946,0,1,5,0,0,0,0,0,0,0,0,0
15947,0,0,0,0,0,0,1,2,0,0,0,0
15948,0,14,0,0,0,0,0,0,0,0,0,0
15949,0,12,10,0,0,0,0,0,0,0,0,0
15950,0,0,0,0,0,5,0,0,0,0,0,0
15951,0,0,0,0,0,1,0,0,0,11,721,0
15952,0,0,1,0,0,2,0,0,0,747,1336,1
15953,0,0,0,0,0,0,0,0,0,0,0,0
15954,7,10,0,0,0,0,0,0,0,0,0,0
15955,0,0,0,0,0,0,0,2,1,0,0,0
15956,0,0,0,0,0,0,0,1,0,0,0,0
15957,0,0,0,0,1,0,287,754,0,0,0,0
15958,0,0,0,0,0,0,4,12,1,0,0,0
15959,0,0,0,0,0,0,0,0,0,0,1,0
15960,0,0,0,0,0,15,0,0,0,39,3719,1
15961,0,0,0,0,0,0,15,2,0,0,0,0
15962,0,0,0,0,0,0,1,1,1,0,0,0
15963,0,0,0,0,0,0,0,0,0,3,216,0
15964,0,0,0,0,0,0,0,0,0,0,0,0
15965,0,0,0,0,0,0,0,8,0,0,0,0
15966,0,0,0,0,1,35,0,0,0,0,0,0
15967,0,0,0,0,0,3,0,0,0,0,0,0
15968,0,0,0,0,0,1,0,0,0,0,0,0
15969,0,0,0,0,0,46,0,0,0,0,0,0
15970,0,0,0,0,0,0,1,28,0,0,0,0
15971,0,0,0,1,0,2,0,0,0,0,0,0
15972,5,868,0,0,0,0,8,0,0,0,0,0
15973,0,0,0,0,0,0,1,4,0,0,0,0
15974,0,0,1,0,0,0,0,0,0,0,0,0
15975,0,0,0,0,0,60,0,0,0,0,0,0
15976,0,0,0,0,0,0,6,10,0,0,0,0
15977,0,2,13,0,0,0,0,0,0,0,0,0
15978,0,0,0,0,0,170,0,0,0,0,0,0
15979,0,110,0,0,0,0,0,0,0,0,0,0
15980,0,0,0,0,0,1,0,0,0,0,0,0
15981,0,0,0,0,0,2,0,0,0,6,668,0
15982,0,0,0,0,0,0,94,311,1,0,0,0
15983,0,0,0,2,0,0,0,0,0,0,0,0
15984,223,85,1,2,0,0,0,0,0,0,0,0
15985,0,0,0,0,0,0,0,0,0,0,0,0
15986,0,1,0,0,0,0,0,0,0,0,0,0
15987,0,14,0,0,0,0,0,0,0,0,0,0
15988,0,30,0,0,0,0,0,0,0,0,0,0
15989,0,0,0,0,0,0,0,0,0,1,3,0
15990,0,21,0,0,0,0,0,0,0,0,0,0
15991,0,0,0,0,0,0,0,1,0,0,0,0
15992,0,0,1,0,0,0,0,0,0,0,0,0
15993,0,0,0,1,0,74,0,0,0,0,0,0
15994,0,0,0,0,0,0,13,2,0,0,0,0
15995,0,0,0,0,0,0,0,0,0,0,0,0
15996,0,0,0,0,1,90,0,0,0,0,0,0
15997,0,0,0,0,0,0,0,0,0,0,0,0
15998,0,0,0,0,0,0,0,0,0,0,0,0
15999,0,39,0,0,0,0,0,0,0,0,0,0
16000,0,0,0,0,0,0,0,0,0,1,2,0
16001,0,0,0,0,0,0,0,0,0,0,0,0
16002,0,0,0,2,0,9,0,0,0,0,0,0
16003,0,4,0,0,0,0,0,0,0,0,0,0
16004,0,0,0,0,0,0,0,0,0,0,0,0
16005,0,0,0,0,0,0,1,10,2,0,0,0
16006,0,42,0,0,0,0,0,0,0,0,0,0
16007,0,0,0,0,0,1,0,0,0,0,0,0
16008,0,0,0,8,19,24,0,0,0,0,0,0
16009,0,0,0,0,0,0,0,2,1,0,0,0
16010,0,0,0,0,0,0,0,0,0,0,0,0
16011,1,178,0,0,0,0,0,0,0,0,0,0
16012,0,0,0,0,0,0,0,0,0,13,1,0
16013,0,0,0,0,0,0,0,0,1,0,0,0
16014,0,1,0,0,1,0,109,54,0,0,0,0
16015,0,0,0,0,0,0,0,0,0,0,0,0
16016,0,0,0,1,0,0,0,0,0,0,0,0
16017,0,0,0,0,0,3,0,0,0,1,395,0
16018,0,0,0,0,0,0,0,1,1,0,0,0
16019,0,0,0,0,0,0,0,0,0,0,0,0
16020,0,0,0,0,0,0,52,17,0,0,0,0
16021,0,0,0,0,0,2,0,0,0,0,0,0
16022,0,0,0,0,0,0,0,0,0,1,4,0
16023,0,0,0,2,1,15,0,0,0,0,0,0
16024,0,0,0,0,0,35,0,0,0,0,0,0
16025,0,0,0,0,0,1,0,0,0,0,0,0
16026,0,631,0,0,0,0,3,0,0,0,0,0
16027,0,0,0,0,0,0,1,3,0,0,0,0
16028,0,0,0,0,0,0,0,0,0,0,2,0
16029,0,0,0,0,0,43,0,0,0,0,0,0
16030,1,12,2,0,0,0,0,0,0,0,0,0
16031,0,0,0,0,0,1,0,0,0,0,0,0
16032,0,3,0,0,0,0,0,0,0,0,0,0
16033,0,0,0,0,0,0,0,2,0,0,0,0
16034,0,1,0,0,0,0,0,0,0,0,0,0
16035,0,0,0,0,0,53,0,0,0,0,0,0
16036,0,0,0,0,0,0,0,1,0,0,0,0
16037,0,0,0,0,0,0,0,0,0,0,3,0
16038,0,0,0,6,23,26,0,0,0,0,0,0
16039,0,0,0,0,0,1,0,0,0,0,0,0
16040,0,0,0,0,0,0,0,0,0,0,0,0
16041,0,0,0,0,0,0,0,0,0,0,161,0
16042,0,0,0,0,0,0,0,0,0,0,0,0
16043,0,0,0,0,0,0,0,0,0,0,1,0
16044,845,14,8,3,0,0,0,0,0,0,0,0
16045,0,0,0,0,0,0,0,0,0,0,129,0
16046,0,0,0,1,1,0,0,0,0,0,0,0
16047,0,0,0,2,2,23,0,0,0,0,0,0
16048,0,19,0,0,0,0,0,0,0,0,0,0
16049,0,0,0,0,0,1,0,0,0,0,446,0
16050,0,0,0,0,0,41,0,0,0,0,0,0
16051,1,0,0,0,0,0,0,0,0,0,0,0
16052,0,14,0,0,0,0,0,0,0,0,0,0
16053,1,22,1,0,0,0,0,0,0,0,0,0
16054,0,0,0,0,0,75,0,0,0,2,316,0
16055,0,0,0,0,0,0,0,0,0,0,0,0
16056,0,0,0,0,0,242,0,0,0,0,0,0
16057,0,0,0,0,0,0,0,0,0,5,58,1
16058,0,0,0,0,0,0,0,0,0,6,12,0
16059,0,0,0,9,0,47,0,0,0,0,0,0
16060,0,1,8,0,0,0,0,0,0,0,0,0
16061,0,19,4,0,0,0,0,0,0,0,0,0
16062,0,0,0,1,17,119,0,0,0,0,0,0
16063,0,0,0,0,0,0,0,0,0,24,3,12
16064,7,131,1,0,0,0,1,0,0,0,0,0
16065,0,0,0,0,1,0,75,110,0,0,0,0
16066,0,0,0,0,0,0,5,1,0,0,0,0
16067,1,3,11,0,0,0,0,0,0,0,0,0
16068,0,0,0,0,0,0,27,202,2,0,0,0
16069,0,0,0,0,0,4,0,0,0,0,0,0
16070,4,59,0,0,0,0,0,0,0,0,0,0
16071,0,0,0,1,0,19,0,0,0,0,0,0
16072,0,0,0,0,0,0,5,15,1,0,0,0
16073,0,0,0,0,0,0,0,0,0,0,140,0
16074,0,0,0,3,1,15,0,0,0,0,0,0
16075,0,0,0,0,2,0,561,509,1,0,0,0
16076,6,192,13,0,0,0,0,0,0,0,0,0
16077,0,0,0,0,0,75,0,0,0,0,0,0
16078,0,0,0,0,0,0,37,0,3,0,0,0
16079,0,0,0,0,0,0,0,0,0,0,0,0
16080,0,0,0,0,0,0,0,0,0,119,68,0
16081,0,0,0,0,0,1,0,0,0,0,0,0
16082,0,0,0,0,0,0,0,0,0,0,0,0
16083,0,0,0,0,0,106,0,0,0,0,0,0
16084,0,0,0,0,0,0,0,0,0,0,70,0
16085,0,27,0,0,0,0,0,0,0,0,0,0
16086,0,0,0,0,4,55,0,0,0,0,0,0
16087,0,0,0,0,0,8,0,0,0,0,0,0
16088,0,0,0,0,0,1,0,0,0,0,0,0
16089,0,0,0,0,0,0,44,4,0,0,0,0
16090,0,0,0,0,0,0,0,0,0,0,0,0
16091,1,4,0,0,0,0,0,0,0,0,0,0
16092,0,0,0,0,0,3,0,0,0,0,2024,0
16093,0,0,0,12,3,3,0,0,0,0,0,0
16094,0,0,0,0,0,1,0,0,0,0,0,0
16095,0,53,0,0,0,0,1,0,0,0,0,0
16096,0,0,0,0,0,0,0,0,0,0,0,0
16097,0,3,0,0,0,0,0,0,0,0,0,0
16098,2,21,1,0,0,0,0,0,0,0,0,0
16099,0,0,0,0,0,0,0,0,0,0,0,0
16100,0,0,0,0,0,0,0,0,0,0,0,0
16101,0,0,0,0,0,0,0,0,0,0,106,0
16102,0,7,0,0,0,0,0,0,0,0,0,0
16103,0,0,0,0,0,3,0,0,0,0,0,0
16104,0,0,0,0,0,0,0,0,0,0,0,0
16105,0,2,10,0,0,0,0,0,0,0,0,0
16106,0,0,0,0,0,0,25,0,0,0,0,0
16107,0,11,0,0,0,0,0,0,0,0,0,0
16108,0,0,0,0,0,0,0,0,0,0,0,0
16109,0,12,0,0,0,0,0,0,0,0,0,0
16110,0,0,0,0,0,0,36,5,0,0,0,0
16111,0,0,0,0,0,21,0,0,0,5,2240,0
16112,0,0,0,0,0,2,0,0,0,0,0,0
16113,0,17,2,0,0,0,0,0,0,0,0,0
16114,0,0,0,0,0,0,0,0,0,2,55,0
16115,0,2,0,0,0,0,0,0,0,0,0,0
16116,0,0,0,1,2,36,0,0,0,0,0,0
16117,0,0,0,0,1,0,5,275,4,0,0,0
16118,4,2,3,0,0,0,0,0,0,0,0,0
16119,0,0,0,3,0,16,0,0,0,0,0,0
16120,0,0,0,0,0,0,22,0,0,0,0,0
16121,2,0,4,0,0,0,0,0,0,0,0,0
16122,0,0,0,0,0,0,18,36,2,0,0,0
16123,0,0,0,0,0,24,0,0,0,0,0,0
16124,0,0,0,0,0,0,0,0,0,0,0,0
16125,1,27,0,0,0,0,0,0,0,0,0,0
16126,0,11,0,0,0,0,0,0,0,0,0,0
16127,0,0,0,0,0,0,0,0,0,4,19,0
16128,9,82,0,0,0,0,0,0,0,0,0,0
16129,0,0,0,0,0,0,0,0,0,0,0,0
16130,0,0,0,0,0,0,3,0,0,0,0,0
16131,0,6,1,0,0,0,0,0,0,0,0,0
16132,0,0,0,0,0,0,0,0,0,0,1,0
16133,1,0,0,0,0,0,0,0,0,0,0,0
16134,0,0,0,0,0,1,0,0,0,1,55,0
16135,2,19,15,0,0,0,0,0,0,0,0,0
16136,0,0,0,0,0,2,0,0,0,0,0,0
16137,0,0,0,0,0,0,72,31,1,0,0,0
16138,0,0,0,0,0,102,0,0,0,0,0,0
16139,0,0,0,0,0,1,0,0,0,0,0,0
16140,1,27,0,0,0,0,0,0,0,0,0,0
16141,0,0,0,0,0,0,6,11,0,0,0,0
16142,0,5,0,0,0,0,0,0,0,0,0,0
16143,0,0,0,0,0,0,0,0,0,4,40,0
16144,0,1,1,0,0,0,0,0,0,0,0,0
16145,0,0,0,0,0,13,0,0,0,0,0,0
16146,0,0,0,0,0,0,9,11,0,0,0,0
16147,0,0,0,0,0,1,0,0,0,0,0,0
16148,0,9,0,0,0,0,0,0,0,0,0,0
16149,0,0,0,0,0,27,0,0,0,0,0,0
16150,0,0,0,0,1,0,0,0,0,0,0,0
16151,0,0,0,0,0,0,0,0,0,0,0,0
16152,0,0,0,1,2,7,0,0,0,0,0,0
16153,0,0,0,0,0,0,37,1,0,0,0,0
16154,0,0,0,0,0,8,0,0,0,0,0,0
16155,0,0,0,3,1,27,0,0,0,0,0,0
16156,1,27,0,0,0,0,0,0,0,0,0,0
16157,0,0,0,1,0,0,0,0,0,0,0,0
16158,0,0,0,0,0,0,1,129,0,0,0,0
16159,0,0,0,0,0,0,0,0,0,0,3,0
16160,0,0,0,0,0,0,0,0,0,0,0,0
16161,0,0,0,0,1,24,0,0,0,0,0,0
16162,0,24,0,0,0,0,0,0,0,0,0,0
16163,0,0,0,0,0,0,0,0,0,10,386,0
16164,0,0,0,1,2,19,0,0,0,0,0,0
16165,0,4,0,0,0,0,0,0,0,0,0,0
16166,1,24,5,0,0,0,0,0,0,0,0,0
16167,0,0,0,0,0,37,0,0,0,0,0,0
16168,0,0,0,0,0,0,0,6,1,0,0,0
16169,1,57,30,0,0,0,0,0,0,0,0,0
16170,0,0,0,1,0,192,0,0,0,0,0,0
16171,1,7,0,0,0,0,0,0,0,0,0,0
16172,0,28,3,0,0,0,0,0,0,0,0,0
16173,0,0,0,0,0,4,0,0,0,24,1246,3
16174,0,9,1,0,0,0,0,0,0,0,0,0
16175,0,0,0,0,0,0,0,0,0,10,249,1
16176,0,0,0,1,17,314278,0,0,0,18,703,0
16177,0,0,0,8,3,0,0,0,0,0,0,0
16178,0,0,0,0,0,0,0,0,0,1,536,1
16179,16,40,2,0,0,0,0,0,0,0,0,0
16180,0,0,5,0,0,0,0,0,0,0,0,0
16181,0,0,0,0,0,0,37,2,0,0,0,0
16182,0,0,0,0,0,0,23,15,0,0,0,0
16183,0,0,0,0,0,1,0,0,0,0,0,0
16184,0,5,0,0,0,0,0,0,0,0,0,0
16185,0,0,0,0,0,20,0,0,0,0,0,0
16186,0,0,0,0,0,1,0,0,0,0,0,0
16187,0,0,0,0,0,0,5,3,0,0,0,0
16188,0,0,0,0,0,0,2,24,1,0,0,0
16189,0,0,0,0,0,0,5,0,0,0,0,0
16190,0,0,0,0,0,0,0,0,0,0,0,0
16191,0,13,0,0,0,0,0,0,0,0,0,0
16192,0,0,0,0,0,4,0,0,0,7,244,0
16193,0,0,0,0,0,2,0,0,0,14,92,0
16194,0,0,0,12,2,141,0,0,0,0,4,0
16195,0,0,0,0,0,0,1,0,0,0,0,0
16196,0,7,0,0,0,0,0,0,0,0,0,0
16197,0,0,0,0,0,0,25,173,0,0,0,0
16198,0,0,0,0,1,1,0,0,0,0,0,0
16199,0,0,0,0,0,0,0,0,0,0,0,0
16200,0,0,0,0,0,12,0,0,0,0,0,0
16201,0,0,0,0,0,0,0,0,0,0,0,0
16202,2,0,0,0,0,0,0,0,0,0,0,0
16203,0,0,0,0,1,169,0,0,0,0,2,0
16204,0,0,0,0,0,0,5,2,1,0,0,0
16205,3,1,2,0,0,0,0,0,0,0,0,0
16206,0,0,0,4,4,0,55,466,2,0,0,0
16207,0,0,0,0,0,0,38,115,0,0,0,0
16208,0,0,0,0,0,0,0,0,0,5,172,0
16209,0,0,0,6,0,71,0,0,0,0,1,0
16210,59,3,2,19,1,0,0,0,0,0,0,0
16211,0,0,0,0,15,2,0,0,0,0,0,0
16212,0,0,0,0,0,0,2,4,0,0,0,0
16213,0,0,0,0,0,25,0,0,0,0,0,0
16214,0,0,0,0,0,0,0,0,0,0,0,0
16215,0,0,0,0,0,0,0,0,0,0,199,0
16216,2,16,0,0,0,0,0,0,0,0,0,0
16217,0,0,0,0,0,0,0,0,0,0,28,1
16218,0,13,1,0,0,0,0,0,0,0,0,0
16219,0,0,0,0,0,0,0,0,0,6,35,0
16220,0,0,0,0,0,0,0,0,0,20,11,0
16221,0,3,0,0,0,0,142,88,4,0,0,0
16222,0,0,0,0,0,0,0,0,0,1,98,0
16223,35,2,2,0,0,0,0,0,0,0,0,0
16224,0,0,0,4,0,234,0,0,0,0,1,0
16225,0,11,0,0,0,0,0,0,0,0,0,0
16226,0,0,0,0,0,0,0,0,0,1,21,0
16227,2,27,56,0,0,0,0,0,0,0,0,0
16228,0,0,0,0,0,0,36,1,0,0,0,0
16229,0,0,0,0,0,4,0,0,0,0,0,0
16230,0,0,0,0,0,0,0,0,0,25,109,0
16231,0,0,0,0,0,75,0,0,0,0,0,0
16232,0,0,0,0,0,0,0,0,0,0,0,0
16233,1,8,0,0,0,0,0,0,0,0,0,0
16234,0,0,0,0,0,0,0,0,0,0,2,0
16235,0,1,0,0,0,0,0,0,0,0,0,0
16236,0,0,0,0,0,0,79,65,0,0,0,0
16237,0,0,0,0,0,0,1,10,0,0,0,0
16238,0,0,0,0,0,0,0,0,0,1,0,4
16239,0,0,0,19,4,92,0,0,0,0,0,0
16240,0,0,0,0,0,0,4,0,0,0,0,0
16241,0,0,0,0,0,0,0,0,0,0,0,0
16242,1,0,0,155,176,45,0,2,0,0,0,0
16243,0,0,0,0,0,0,1,14,0,0,0,0
16244,0,0,0,0,0,0,0,0,0,0,0,0
16245,0,0,0,0,0,0,260,122,1,0,0,0
16246,0,0,0,0,0,0,1,88,0,0,0,0
16247,0,0,0,0,0,0,0,0,0,0,302,1
16248,0,0,0,1,5,19,0,0,0,0,0,0
16249,0,0,0,0,0,0,0,0,0,0,0,0
16250,0,0,0,0,0,0,0,0,0,0,0,0
16251,0,0,0,0,0,24,0,0,0,0,0,0
16252,0,0,0,0,0,0,0,5,0,0,0,0
16253,0,0,0,0,0,0,0,0,0,0,0,0
16254,0,0,0,0,5,36,0,0,0,0,0,0
16255,0,0,0,0,0,0,0,0,0,0,2,0
16256,0,0,0,0,0,1,0,0,0,0,0,0
16257,0,0,0,0,0,23,0,0,0,0,1,0
16258,0,0,0,0,0,0,0,0,0,0,0,0
16259,0,0,0,0,0,0,0,0,0,0,0,0
16260,0,0,0,0,0,24,0,0,0,0,4643,0
16261,18,1,4,0,0,0,0,0,0,0,0,0
16262,0,17,8,0,0,0,0,0,0,0,0,0
16263,0,0,0,1,3,31,0,0,0,0,0,0
16264,0,0,0,0,5,4,0,0,0,0,0,0
16265,0,0,0,0,0,0,0,0,0,0,2,0
16266,0,87,1,0,0,0,0,0,0,0,0,0
16267,0,0,0,0,0,0,0,0,0,0,0,0
16268,0,0,0,0,0,0,0,0,0,0,0,0
16269,0,0,0,0,0,0,416,5,0,0,0,0
16270,2,0,0,0,0,0,0,0,0,0,0,0
16271,0,0,0,0,0,0,0,0,0,0,0,0
16272,0,0,0,1,29,50,0,0,0,0,0,0
16273,0,0,0,9,1,0,0,0,0,0,0,0
16274,0,0,0,0,0,0,0,0,0,0,94,0
16275,6,44,7,0,0,0,1,0,0,1,0,0
16276,0,0,0,0,0,22,0,0,0,0,0,0
16277,0,0,0,0,0,1,0,0,0,0,0,0
16278,0,9,0,0,0,0,0,0,0,0,0,0
16279,1,0,18,0,0,0,0,0,0,0,0,0
16280,0,0,0,0,0,0,16,1,0,0,0,0
16281,1,57,0,0,0,0,0,0,0,0,0,0
16282,0,0,0,0,0,1,0,0,0,0,0,0
16283,0,0,0,0,0,0,1,0,1,0,0,0
16284,0,0,0,0,0,13,0,0,0,0,0,0
16285,0,0,0,0,0,0,9,7,0,0,0,0
16286,0,0,0,0,0,0,0,0,0,0,0,0
16287,0,0,0,7,1,10,0,0,0,0,0,0
16288,0,0,0,0,0,0,89,42,1,0,0,0
16289,0,0,0,0,0,2,0,0,0,3,1168,0
16290,0,0,0,0,0,0,0,0,0,0,0,0
16291,0,0,0,0,1,1,0,0,0,0,0,0
16292,0,0,0,0,0,0,2,1,0,0,0,0
16293,0,0,0,0,0,35,0,0,0,1,2065,0
16294,0,1,1,0,0,0,0,0,0,0,0,0
16295,0,0,0,0,0,4,0,0,0,0,0,0
16296,1,4,1,0,0,0,0,0,0,0,0,0
16297,0,0,0,0,0,0,0,0,0,0,5,0
16298,0,0,0,0,0,0,0,3,1,0,0,0
16299,0,0,0,0,0,3,0,0,0,0,0,0
16300,0,0,1,0,0,0,0,0,0,0,0,0
16301,0,0,0,0,0,0,51,3,2,0,0,0
16302,0,18,1,0,0,0,0,0,0,0,0,0
16303,0,0,0,0,0,0,0,0,0,0,5,0
16304,0,0,0,0,0,0,0,0,0,0,2,0
16305,25,39,1,0,0,0,0,0,0,0,0,0
16306,0,0,0,0,0,8,0,0,0,0,0,0
16307,0,0,0,3,3,10,0,0,0,0,0,0
16308,0,0,0,0,0,25,0,0,0,1,1335,1
16309,0,0,0,5,0,24,0,0,0,0,0,0
16310,0,0,0,0,0,0,0,0,0,0,0,0
16311,1,270,1,0,0,0,1,0,0,0,0,0
16312,0,0,0,0,0,0,0,0,0,0,0,0
16313,0,0,0,0,0,0,0,3,0,0,0,0
16314,0,0,0,0,0,14,0,0,0,0,0,0
16315,0,0,0,2,1,1,0,0,0,0,0,0
16316,0,0,0,0,0,0,0,1,0,0,0,0
16317,0,0,0,0,0,393,0,0,0,0,1,0
16318,0,3,0,0,0,0,0,0,0,0,0,0
16319,0,5,10,0,0,0,0,0,0,0,0,0
16320,2,74,0,0,0,0,0,0,0,0,0,0
16321,0,0,0,2,0,0,0,0,0,0,0,0
16322,0,0,0,0,0,0,3,3,1,0,0,0
16323,0,0,0,0,0,2,0,0,0,1,1197,0
16324,0,0,0,2,0,1,0,0,0,0,0,0
16325,0,0,0,0,0,0,1,7,1,0,0,0
16326,0,0,0,0,0,15,0,0,0,0,0,0
16327,0,0,0,0,0,9,0,0,0,0,0,0
16328,0,7,0,0,0,0,0,0,0,0,0,0
16329,0,0,0,0,0,5,0,0,0,0,956,0
16330,0,0,0,0,0,0,5,1,0,0,0,0
16331,0,6,0,0,0,0,0,0,0,0,0,0
16332,0,0,0,0,0,1,0,0,0,2,407,0
16333,0,0,0,0,0,0,0,0,0,0,4,0
16334,0,0,0,0,0,0,0,0,0,0,0,0
16335,0,0,0,1,0,193,0,0,0,0,3,0
16336,0,0,0,0,0,0,32,2,1,0,0,0
16337,0,0,0,0,0,8,0,0,0,0,0,0
16338,0,0,0,0,0,3,0,0,0,3,548,2
16339,1,39,0,0,0,0,0,0,0,0,0,0
16340,0,0,0,0,0,16,0,0,0,0,0,0
16341,7,15,6,0,0,0,0,0,0,0,0,0
16342,0,0,0,4,19,90,0,0,0,0,0,0
16343,0,0,0,0,0,0,0,0,0,0,74,0
16344,4,89,0,0,0,0,0,0,0,0,0,0
16345,0,0,0,0,0,0,0,0,0,0,0,0
16346,0,0,0,0,0,0,0,0,0,0,2,0
16347,2,75,1,0,0,0,0,0,0,0,0,0
16348,0,0,0,1,2,62,0,0,0,0,1,0
16349,0,0,0,0,0,1,0,0,0,0,278,0
16350,0,7,0,0,0,0,0,0,0,0,0,0
16351,0,0,0,0,0,0,0,0,0,0,2,0
16352,0,0,1,0,0,0,0,0,0,0,0,0
16353,0,0,0,0,0,38,0,0,0,0,0,0
16354,0,1,0,0,0,0,0,0,0,0,0,0
16355,1,5,3,0,0,0,0,0,0,0,0,0
16356,1,102,8,0,0,0,0,0,0,0,0,0
16357,0,0,0,0,2,85,0,0,0,0,0,0
16358,0,0,0,0,0,4,0,0,0,0,0,0
16359,0,27,33,0,0,0,0,0,0,0,0,0
16360,0,0,0,0,0,0,8,2,1,0,0,0
16361,0,0,0,0,0,2,0,0,0,0,0,0
16362,0,0,4,0,0,3,0,0,0,36,808,7
16363,0,0,0,0,1,23,0,0,0,0,0,0
16364,0,0,0,0,0,0,0,0,0,0,0,0
16365,0,0,0,0,1,0,43,151,1,0,0,0
16366,0,0,0,1,0,0,0,0,0,0,0,0
16367,0,0,0,0,0,0,0,0,0,2,1,0
16368,0,0,0,0,0,5,0,0,0,0,0,0
16369,0,0,0,0,0,0,10,0,0,0,0,0
16370,0,0,0,0,1,5,0,0,0,0,0,0
16371,0,0,0,1,0,130,0,0,0,0,2,0
16372,0,7,0,0,0,0,0,0,0,0,0,0
16373,0,32,45,0,0,0,0,0,0,0,0,0
16374,0,0,0,0,0,337,0,0,0,0,2,0
16375,0,0,0,0,0,2317,0,0,0,27,2643,1
16376,0,0,0,0,0,1,0,0,0,1,708,0
16377,0,0,0,0,5,0,776,715,5,0,0,0
16378,0,0,0,1,0,2,0,0,0,0,0,0
16379,0,0,0,0,0,0,0,0,0,0,0,0
16380,0,0,0,0,0,34,0,0,0,0,0,0
16381,0,0,0,0,0,0,51,8,1,0,0,0
16382,0,0,0,0,0,12,0,0,0,0,0,0
16383,0,0,0,1,5,17,0,0,0,0,0,0
16384,0,0,0,0,0,1,0,0,0,0,0,0
16385,0,0,0,0,0,0,1,0,0,0,0,0
16386,0,0,0,0,0,0,0,0,0,1,742,0
16387,8,1,6,0,0,0,0,0,0,0,0,0
16388,0,4,11,0,0,0,0,0,0,0,0,0
16389,0,0,0,4,0,93,0,0,0,0,0,0
16390,0,0,0,0,0,0,6,14,0,0,0,0
16391,0,0,0,0,0,1,0,0,0,8,934,1
16392,0,0,0,8,8,165,0,0,0,0,0,0
16393,0,0,0,0,0,19,0,0,0,26,1588,2
16394,0,0,0,0,0,52,0,0,0,10,10148,0
16395,31,29,3,0,0,0,0,0,0,0,0,0
16396,0,0,0,0,0,0,235,152,0,0,0,0
16397,0,0,0,0,0,0,2,61,0,0,0,0
16398,0,0,0,0,0,28,0,0,0,0,0,0
16399,0,0,0,0,0,0,0,0,0,0,0,0
16400,0,0,0,0,0,0,1,1,1,0,0,0
16401,0,0,0,0,0,19,0,0,0,0,0,0
16402,0,0,0,0,0,0,1,25,5,0,0,0
16403,0,30,13,0,0,0,0,0,0,0,0,0
16404,0,0,0,1,0,44,0,0,0,0,0,0
16405,0,0,0,0,0,0,46,20,1,0,0,0
16406,0,0,0,0,5,30,0,0,0,0,0,0
16407,0,0,0,0,0,0,0,0,0,2,42,1
16408,0,22,0,0,0,0,0,0,0,0,0,0
16409,0,0,0,0,0,0,0,0,0,0,45,0
16410,2,45,3,0,0,0,0,0,0,0,0,0
16411,0,0,0,0,0,0,21,57,3,0,0,0
16412,9,0,0,1,0,0,0,0,0,0,0,0
16413,0,0,0,1,0,45,0,0,0,0,0,0
16414,0,0,0,0,0,0,0,20,0,0,0,0
16415,0,0,0,0,1,17,0,0,0,0,0,0
16416,0,0,0,0,0,0,23,231,3,0,0,0
16417,0,7,0,0,0,0,0,0,0,0,0,0
16418,0,0,0,0,0,0,0,0,0,29,18,0
16419,0,0,0,2,9,36,0,0,0,0,0,0
16420,0,0,0,0,0,0,0,0,0,4,1,0
16421,12,10,0,0,0,0,1,0,0,0,0,0
16422,0,35,4,0,0,0,0,0,0,0,0,0
16423,0,0,0,0,0,0,0,0,0,5,0,0
16424,0,0,0,1,0,1,0,0,0,0,0,0
16425,0,0,0,31,335,22,0,9,0,0,0,0
16426,0,0,0,1,0,15,0,0,0,0,0,0
16427,0,7,1,0,0,0,0,0,0,0,0,0
16428,0,0,0,0,0,30,0,0,0,0,1496,0
16429,0,0,0,0,4,29,0,0,0,0,0,0
16430,0,0,0,0,0,0,0,0,0,0,0,0
16431,0,346,1,0,0,0,8,0,0,0,0,0
16432,0,0,0,0,0,0,0,1,0,0,0,0
16433,0,0,0,0,0,0,0,1,0,0,0,0
16434,0,8,15,0,0,0,0,0,0,0,0,0
16435,0,0,0,0,0,0,6,1,0,0,0,0
16436,0,0,0,0,0,0,1,5,0,0,0,0
16437,0,0,0,0,0,4,0,0,0,0,0,0
16438,0,19,1,0,0,0,0,0,0,0,0,0
16439,0,0,0,4,0,21,0,0,0,0,0,0
16440,0,0,0,0,0,0,0,7,0,0,0,0
16441,0,7,1,0,0,0,0,0,0,0,0,0
16442,0,0,0,0,0,0,21,2,6,0,0,0
16443,0,0,0,0,0,0,0,0,0,0,175,0
16444,0,0,0,0,0,33,0,0,0,0,0,0
16445,0,0,0,0,0,0,0,0,0,0,0,0
16446,0,0,0,0,0,19,0,0,0,0,0,0
16447,0,0,0,2,2,3,0,1,0,0,0,0
16448,1,34,0,0,0,0,0,0,0,0,0,0
16449,0,0,0,0,0,80,0,0,0,0,0,0
16450,0,0,0,0,0,0,0,0,0,0,0,0
16451,0,0,0,0,0,0,0,0,0,0,0,0
16452,0,0,0,0,0,29,0,0,0,0,0,0
16453,0,11,1,0,0,0,0,0,0,0,0,0
16454,42,15,8,0,0,0,0,0,0,0,0,0
16455,1,68,22,0,0,0,0,0,0,0,0,0
16456,0,0,0,6,40,738,0,0,0,1,3,0
16457,0,0,0,0,0,2,0,0,0,0,1059,0
16458,1,13,8,0,0,0,0,0,0,0,0,0
16459,0,0,0,0,0,0,0,0,0,0,1,1
16460,0,1,0,0,0,0,0,0,0,0,0,0
16461,0,0,0,0,0,161,0,0,0,0,0,0
16462,0,0,1,0,0,0,0,0,0,0,0,0
16463,0,31,1,0,0,0,0,0,0,0,0,0
16464,0,10,1,0,0,0,0,0,0,0,0,0
16465,0,0,0,0,0,0,0,0,0,5,13,1
16466,0,0,0,2,0,1095,0,0,0,9,76170,1
16467,0,48,1,0,0,0,1,0,0,0,0,0
16468,0,0,0,0,0,29,0,0,0,5,5184,0
16469,0,0,0,0,0,0,0,0,0,4,272,0
16470,0,0,0,0,0,0,0,0,0,6,66,0
16471,0,160,7,0,0,0,0,0,0,0,0,0
16472,0,0,0,0,0,5,0,0,0,0,0,0
16473,0,0,0,4,0,7,0,0,0,0,0,0
16474,1,966,0,0,0,0,3,0,0,0,0,0
16475,0,0,0,0,0,0,43,6,0,0,0,0
16476,0,0,0,1,0,29,0,0,0,0,0,0
16477,0,0,0,1,0,8,0,0,0,0,0,0
16478,0,0,0,0,0,0,0,0,0,0,0,0
16479,0,0,0,2,2,166,0,0,0,0,1,0
16480,0,0,0,0,0,0,0,0,0,17,79,0
16481,0,0,0,0,0,0,0,0,0,1,11,0
16482,35,87,15,0,0,0,0,0,0,0,0,0
16483,0,0,0,2,0,57,0,0,0,0,0,0
16484,0,0,0,0,0,1,0,0,0,0,0,0
16485,0,0,0,0,0,0,22,17,0,0,0,0
16486,0,0,0,0,0,1,0,0,0,0,0,0
16487,0,0,0,0,0,0,5,22,3,0,0,0
16488,0,0,0,0,1,37,0,0,0,0,0,0
16489,0,0,0,0,0,0,17,4,1,0,0,0
16490,0,0,0,0,0,0,0,0,0,0,20,0
16491,0,0,0,1,0,28,0,0,0,0,0,0
16492,0,1,0,0,0,0,0,0,0,0,0,0
16493,0,26,16,0,0,0,1,0,0,0,0,0
16494,0,0,0,0,0,118,0,0,0,0,0,0
16495,0,0,0,0,0,0,1,0,0,0,0,0
16496,0,0,0,0,0,0,30,8,0,0,0,0
16497,0,66,3,0,0,0,0,0,0,0,0,0
16498,0,0,0,0,0,0,0,0,0,0,14,0
16499,4,4,0,0,0,0,0,0,0,0,0,0
16500,4,32,21153,0,0,0,0,0,0,244,27,0
16501,0,0,0,0,0,0,11,2,0,0,0,0
16502,0,0,0,0,0,1,0,0,0,0,0,0
16503,0,0,0,0,5,19,0,0,0,0,0,0
16504,0,0,0,0,0,0,0,0,0,0,0,0
16505,0,0,0,0,0,0,0,0,0,0,0,0
16506,0,0,0,1,1,23,0,0,0,0,0,0
16507,0,0,0,0,0,0,0,3,0,0,0,0
16508,0,0,0,0,0,0,0,21,0,0,0,0
16509,0,0,0,0,3,40,0,0,0,0,0,0
16510,0,0,0,4,0,24,0,0,0,0,0,0
16511,0,0,0,2,0,2,0,0,0,0,0,0
16512,5,157,0,0,0,0,12,0,0,0,0,0
16513,0,0,0,0,0,4,0,0,0,0,0,0
16514,1,9,0,0,0,0,0,0,0,0,0,0
16515,0,0,0,0,0,33,0,0,0,0,1,0
16516,0,0,0,0,0,0,0,0,0,0,0,0
16517,1,3,0,0,0,0,0,0,0,0,0,0
16518,0,16,2,0,0,0,0,0,0,0,0,0
16519,0,0,1,0,0,0,0,0,0,0,0,0
16520,0,1,1,0,0,0,0,0,0,0,0,0
16521,0,0,0,6,2,208,0,0,0,0,0,0
16522,1,9,0,0,0,0,0,0,0,0,0,0
16523,0,0,0,0,0,0,0,0,0,0,130,0
16524,0,42,0,0,0,0,0,0,0,0,0,0
16525,0,0,0,1,0,1,0,0,0,0,0,0
16526,0,0,0,0,0,0,0,2,0,0,0,0
16527,0,0,0,0,0,9,0,0,0,0,0,0
16528,0,0,0,0,3,0,28,538,0,0,0,0
16529,0,0,0,0,0,9,0,0,0,0,0,0
16530,0,0,0,14,1,12,0,0,0,0,0,0
16531,0,0,0,0,0,0,1,0,0,0,0,0
16532,0,0,0,0,0,0,0,1,0,0,0,0
16533,0,0,0,2,0,7,0,0,0,0,0,0
16534,0,647,1,0,0,0,2,0,0,0,0,0
16535,0,0,0,0,0,0,18,0,6,0,0,0
16536,0,0,0,0,0,3,0,0,0,0,154,0
16537,0,0,0,0,0,0,43,13,5,0,0,0
16538,42,127,12,0,0,0,1,0,0,0,0,0
16539,0,0,0,1,0,175,0,0,0,0,0,0
16540,1,6,0,0,0,0,0,0,0,0,0,0
16541,2,19,30,0,0,0,0,0,0,0,0,0
16542,0,0,0,2,0,131,0,0,0,0,0,0
16543,0,1,0,0,0,0,27,29,0,0,0,0
16544,0,0,0,0,3,4,0,0,0,0,0,0
16545,0,0,0,1,0,19,0,0,0,0,0,0
16546,0,8,0,0,0,0,0,0,0,0,0,0
16547,0,0,0,0,0,0,0,0,0,5,57,0
16548,0,0,0,46,5,48,0,0,0,0,0,0
16549,0,0,0,0,43,0,56,739,0,0,0,0
16550,0,78,18,0,0,0,0,0,0,0,0,0
16551,0,0,0,0,0,0,0,0,0,2,55,1
16552,0,0,0,0,0,3,0,0,0,0,0,0
16553,0,0,0,0,0,1,0,0,0,0,0,0
16554,0,0,0,0,0,23,0,0,0,0,0,0
16555,3,0,0,0,0,0,0,0,0,0,0,0
16556,0,1,0,0,0,0,0,0,0,0,0,0
16557,0,0,0,0,0,62,0,0,0,0,0,0
16558,0,0,0,0,0,0,17,39,2,0,0,0
16559,0,0,0,0,0,0,0,0,0,2,109,0
16560,7,28,0,0,0,0,0,0,0,0,0,0
16561,4,13,2,0,0,0,0,0,0,0,0,0
16562,0,0,0,0,0,0,0,0,0,0,0,0
16563,0,0,0,82,1,68,0,0,0,0,1,0
16564,0,0,0,0,0,0,29,142,1,0,0,0
16565,0,0,0,0,0,0,0,0,0,0,2,1
16566,12,27,3,0,0,0,0,0,0,0,0,0
16567,1,3,0,0,0,0,0,0,0,0,0,0
16568,0,0,0,0,0,0,0,0,0,0,68,0
16569,1,606,0,0,0,0,3,0,0,0,0,0
16570,0,0,0,8,0,1,0,0,0,0,0,0
16571,0,0,0,0,0,0,0,7,4,0,0,0
16572,0,0,0,0,0,40,0,0,0,0,0,0
16573,0,0,0,0,0,0,3,17,1,0,0,0
16574,0,0,0,0,0,0,0,0,0,0,0,0
16575,0,0,0,0,0,6,0,0,0,3,1900,0
16576,0,0,0,0,1,0,0,0,0,0,0,0
16577,0,0,0,0,0,0,2,1,1,0,0,0
16578,0,0,0,0,0,0,2,3,0,0,0,0
16579,0,17,0,0,0,0,0,0,0,0,0,0
16580,0,0,0,0,0,0,0,0,0,16,487,1
16581,41,9,0,0,0,0,0,0,0,0,0,0
16582,4,0,3,0,0,0,0,0,0,0,0,0
16583,1,37,1,0,0,0,0,0,0,0,0,0
16584,0,0,0,5,0,12,0,0,0,0,0,0
16585,0,0,0,0,0,0,22,3,4,0,0,0
16586,0,0,0,0,0,0,0,0,0,0,54,1
16587,0,0,0,4,0,25,0,0,0,0,0,0
16588,0,0,0,0,0,0,25,55,0,0,0,0
16589,0,0,0,0,0,0,0,9,0,0,0,0
16590,0,0,0,0,0,9,0,0,0,0,0,0
16591,0,0,0,0,0,0,3,26,1,0,0,0
16592,0,25,2,0,0,0,0,0,0,0,0,0
16593,0,0,0,0,2,154,0,0,0,0,0,0
16594,0,0,0,0,0,0,0,0,0,0,0,0
16595,1,0,0,0,0,0,0,0,0,0,0,0
16596,0,0,0,0,0,0,0,0,0,0,469,0
16597,2,12,0,0,0,0,0,0,0,0,0,0
16598,0,0,0,0,0,0,0,0,0,0,0,0
16599,0,0,0,2,1,10,0,0,0,0,0,0
16600,0,0,0,0,0,3,0,0,0,0,0,0
16601,0,0,0,0,0,5,0,0,0,0,0,0
16602,0,23,0,0,0,0,0,0,0,0,0,0
16603,0,0,0,0,0,0,4,10,2,0,0,0
16604,0,0,0,0,0,0,0,0,0,0,11,0
16605,0,0,0,8,0,37,0,0,0,0,0,0
16606,0,14,0,0,0,0,0,0,0,0,0,0
16607,5,28,0,0,0,0,0,0,0,0,0,0
16608,0,0,0,0,0,4,0,0,0,0,350,0
16609,0,794,0,0,0,0,2,0,0,0,0,0
16610,0,0,0,0,0,1,0,0,0,20,66,0
16611,0,0,0,0,0,0,0,0,0,36,91,0
16612,0,0,0,3,0,8,0,0,0,0,0,0
16613,0,0,0,0,0,0,1,0,0,0,0,0
16614,0,0,0,0,0,27,0,0,0,0,0,0
16615,1,16,0,0,0,0,0,0,0,0,0,0
16616,0,0,0,0,0,4,0,0,0,51,1167,1
16617,0,0,0,14,0,24,0,0,0,0,0,0
16618,0,0,0,0,0,0,3,0,0,0,0,0
16619,0,4,5,0,0,0,0,0,0,0,0,0
16620,0,52,1,0,0,0,0,0,0,0,0,0
16621,0,4,10,0,0,0,0,0,0,0,0,0
16622,0,0,0,0,0,0,117,2,1,0,0,0
16623,0,11,0,0,0,0,0,0,0,0,0,0
16624,0,0,0,0,0,0,0,0,0,24,9,0
16625,0,0,0,0,0,0,0,0,0,0,0,0
16626,0,0,0,0,0,0,0,0,0,1,164,0
16627,0,0,0,0,0,0,0,0,0,0,0,0
16628,0,14,1,0,0,0,0,0,0,0,0,0
16629,0,3,0,0,0,0,50,2,0,0,0,0
16630,0,0,0,0,0,0,0,0,0,0,1,0
16631,0,0,0,0,0,9,0,0,0,0,0,0
16632,0,0,0,1,5,59,0,0,0,0,0,0
16633,0,0,0,0,0,1,0,0,0,0,0,0
16634,0,0,0,0,0,1,0,0,0,0,0,0
16635,0,0,0,0,0,35,0,0,0,0,0,0
16636,0,0,0,0,0,0,0,72,0,0,0,0
16637,0,0,0,0,0,0,0,0,0,0,3,1
16638,29,34,3,0,0,0,0,0,0,0,0,0
16639,0,0,0,0,0,0,0,31,0,0,0,0
16640,0,0,0,0,0,0,0,0,0,2,10,0
16641,29,44,2,0,0,0,0,0,0,0,0,0
16642,0,0,0,0,0,0,2,1,0,0,0,0
16643,0,0,0,0,0,0,0,0,0,0,0,0
16644,1,56,0,0,0,0,0,0,0,0,0,0
16645,1,0,0,0,0,0,0,0,0,0,0,0
16646,0,0,0,0,0,0,0,0,0,1,62,0
16647,0,0,0,0,1,0,195,3759,61,0,0,0
16648,0,0,0,0,0,0,0,0,0,8,0,0
16649,0,0,0,0,2,0,0,0,0,0,0,0
16650,0,0,0,0,0,0,0,0,0,16,114,1
16651,0,0,0,0,0,0,0,0,0,0,0,0
16652,0,10,0,0,0,0,0,0,0,0,0,0
16653,0,72,0,0,0,0,0,0,0,0,0,0
16654,0,0,0,0,0,0,5,34,0,0,0,0
16655,0,0,0,0,0,0,0,0,0,0,18,0
16656,0,0,0,3,1,106,0,0,0,0,0,0
16657,1,1,0,0,0,0,0,0,0,0,0,0
16658,0,0,0,0,0,3,0,0,0,15,370,3
16659,0,0,0,10,3,26,0,0,0,0,0,0
16660,0,0,0,0,0,0,1,1,0,0,0,0
16661,1,0,1,0,0,0,0,0,0,0,0,0
16662,0,0,0,0,0,0,95,2,0,0,0,0
16663,0,0,0,0,0,0,2,0,0,0,0,0
16664,0,1,0,0,0,0,0,0,0,0,0,0
16665,0,0,0,0,0,0,37,2,3,0,0,0
16666,0,0,0,0,0,0,0,0,0,0,0,0
16667,0,0,0,0,0,0,0,0,0,1,121,0
16668,4,40,1,0,0,0,0,0,0,0,0,0
16669,0,0,0,0,5,11,0,0,0,0,0,0
16670,0,0,0,0,0,0,0,0,0,0,0,0
16671,0,0,0,1,0,34,0,0,0,0,1,0
16672,0,0,0,0,0,0,0,0,0,0,0,0
16673,0,0,0,0,0,0,0,0,0,0,0,0
16674,1,35,0,0,0,0,0,0,0,0,0,0
16675,0,0,0,0,0,0,0,0,0,16,130,0
16676,0,0,0,0,0,0,0,0,0,0,0,0
16677,0,0,0,0,0,0,43,33,1,0,0,0
16678,0,0,0,2,1,1,0,0,0,0,0,0
16679,0,0,0,0,0,0,0,0,0,2,9,0
16680,0,0,0,1,1,57,0,0,0,0,2,0
16681,0,0,0,0,0,2,0,0,0,0,0,0
16682,10,20,0,0,0,0,0,0,0,0,0,0
16683,0,0,0,0,0,177,0,0,0,0,0,0
16684,0,0,0,0,0,0,19,0,1,0,0,0
16685,0,0,0,0,0,0,1,0,0,0,0,0
16686,0,0,0,0,0,7,0,0,0,0,0,0
16687,2,390,0,0,0,0,0,0,0,0,0,0
16688,0,0,0,1,9,4,0,0,0,0,0,0
16689,0,0,0,6,0,24,0,0,0,0,0,0
16690,0,0,0,0,0,0,1,5,0,0,0,0
16691,0,0,0,0,0,0,0,0,0,0,12,1
16692,0,0,0,0,3,78,0,0,0,0,0,0
16693,0,2,0,0,0,0,0,0,0,0,0,0
16694,0,0,0,0,0,18,0,0,0,9,1250,0
16695,0,0,0,7,10,44,0,0,0,0,0,0
16696,0,0,0,0,16,0,7,121,1,0,0,0
16697,0,0,0,0,0,24,0,0,0,0,0,0
16698,0,43,0,0,0,0,1,0,0,0,0,0
16699,0,0,0,0,0,0,0,0,0,6,163,0
16700,0,0,0,0,0,0,60,55,1,0,0,0
16701,0,0,0,0,0,58,0,0,0,0,0,0
16702,0,0,0,0,0,0,1,1,0,0,0,0
16703,0,3,0,0,0,0,0,0,0,0,0,0
16704,4,76,9,0,0,0,0,0,0,0,0,0
16705,0,0,0,0,3,0,13,54,0,0,0,0
16706,0,0,0,0,1,2,0,0,0,0,0,0
16707,0,0,0,0,1,0,8,84,0,0,0,0
16708,0,0,0,0,0,3,0,0,0,13,379,40
16709,0,0,0,1,0,1,0,0,0,0,0,0
16710,0,0,0,0,0,0,110,85,0,0,0,0
16711,0,0,0,0,3,1,0,0,0,0,0,0
16712,0,0,0,0,0,0,0,0,0,1,10,0
16713,0,0,0,5,0,14,0,0,0,0,0,0
16714,0,0,0,0,0,0,0,0,0,0,0,0
16715,0,1,0,0,0,0,0,0,0,0,0,0
16716,0,0,0,0,0,1,0,0,1,1,188,572
16717,0,0,7,0,0,0,0,0,0,0,0,0
16718,0,0,0,0,0,0,63,1,0,0,0,0
16719,0,36,1,0,0,0,0,0,0,0,0,0
16720,0,0,0,0,0,0,51,1,0,0,0,0
16721,0,0,2,0,0,0,0,0,0,0,0,0
16722,1,45,3,0,0,0,0,0,0,0,0,0
16723,0,0,0,0,0,36,0,0,0,0,0,0
16724,0,0,0,0,0,5,0,0,0,0,0,0
16725,1,107,0,0,0,0,0,0,0,0,0,0
16726,0,0,0,0,0,22,0,0,0,1,2572,2
16727,1,5,0,0,0,0,0,0,0,0,0,0
16728,0,0,0,1,2,201,0,0,0,0,0,0
16729,0,0,0,0,0,0,0,0,0,14,14,1
16730,0,0,0,0,0,2,0,0,0,0,0,0
16731,0,0,0,8,14,26,0,0,0,0,0,0
16732,0,0,0,0,11,0,0,0,0,0,0,0
16733,0,0,0,0,0,6,0,0,0,1,1173,0
16734,5,62,2,0,0,0,4,0,0,0,0,0
16735,0,0,0,0,1,2,0,0,0,0,0,0
16736,0,0,0,0,0,0,0,2,0,0,0,0
16737,0,0,0,0,0,0,0,1,1,0,0,0
16738,0,0,0,0,0,0,0,2,5,0,0,0
16739,1,2,6,0,0,0,0,0,0,0,0,0
16740,6,11,9,0,0,0,0,0,0,0,0,0
16741,0,0,0,0,3,0,419,883,2,0,0,0
16742,0,0,0,1,28,5,0,1,0,0,0,0
16743,0,0,0,5,0,477,0,0,0,0,4,0
16744,0,0,0,0,0,0,165,19,0,0,0,0
16745,0,0,0,0,0,0,14,16,0,0,0,0
16746,0,0,0,1,0,29,0,0,0,0,0,0
16747,0,0,0,0,0,0,0,0,0,0,0,0
16748,0,1080,1,0,0,0,1,0,0,0,0,0
16749,0,17,2,0,0,0,0,0,0,0,0,0
16750,0,0,0,0,0,6,0,0,0,5,912,0
16751,0,0,1,0,0,0,0,0,0,177,38,2
16752,0,0,0,1,5,46,0,0,0,0,0,0
16753,1,0,0,0,0,0,0,0,0,0,0,0
16754,0,0,0,0,0,0,13,2,1,0,0,0
16755,0,36,0,0,0,0,0,0,0,0,0,0
16756,0,0,0,0,0,0,0,0,0,1,141,0
16757,0,0,0,0,0,0,0,0,0,1,7,0
16758,0,20,0,0,0,0,1,0,0,0,0,0
16759,0,0,0,0,0,0,0,0,0,2,16,0
16760,0,0,0,0,0,0,0,0,0,1,3,0
16761,9,10,15,0,0,0,0,0,0,0,0,0
16762,0,0,0,0,0,8,0,0,0,0,722,0
16763,0,0,0,1,0,0,0,0,0,0,0,0
16764,0,0,0,6,0,52,0,0,0,0,0,0
16765,0,0,0,0,0,0,0,0,0,0,0,0
16766,0,6,0,0,0,0,0,0,0,0,0,0
16767,0,0,0,0,0,7,0,0,0,0,385,0
16768,0,0,0,0,0,3,0,0,0,13,12,0
16769,0,0,0,0,0,0,0,0,0,0,0,0
16770,3,32,18,0,0,0,0,0,0,0,1,0
16771,0,1,0,0,0,0,0,0,0,0,0,0
16772,0,0,0,0,0,0,0,0,0,0,0,0
16773,0,0,0,0,0,29,0,0,0,0,0,0
16774,0,0,0,0,0,0,0,0,0,0,0,0
16775,0,14,0,0,0,0,0,0,0,0,0,0
16776,0,0,0,0,0,44,0,0,0,0,0,0
16777,0,0,0,0,0,0,0,14,0,0,0,0
16778,0,0,0,0,2,0,0,0,0,0,0,0
16779,0,0,0,0,0,0,0,0,0,25,50,0
16780,0,0,0,0,0,3,0,0,0,0,0,0
16781,0,0,0,0,0,0,0,0,0,0,0,0
16782,0,0,0,1,0,16,0,0,0,0,0,0
16783,0,0,0,0,0,0,0,0,0,0,0,0
16784,0,0,0,0,0,0,0,0,0,0,0,0
16785,0,0,0,55,6,26,0,0,0,0,0,0
16786,0,0,0,0,0,0,0,3,0,0,0,0
16787,0,0,0,0,0,0,1,8,26,0,0,1
16788,0,0,0,0,1,21,0,0,0,0,0,0
16789,0,0,0,0,0,0,0,0,0,0,0,0
16790,2,2,0,0,0,0,0,0,0,0,0,0
16791,0,0,0,0,0,57,0,0,0,0,1,0
16792,0,0,0,0,0,0,0,0,0,1,34,0
16793,0,0,0,0,0,0,31,1,0,0,0,0
16794,0,0,0,1,0,243,0,0,0,0,2,0
16795,0,0,0,0,2,0,4,652,4,0,0,0
16796,0,0,0,0,0,2,0,0,0,0,0,0
16797,3,26,25,0,0,0,0,0,0,0,0,0
16798,1,46,1,0,0,0,0,0,0,0,0,0
16799,0,0,0,0,0,0,0,0,0,15,2,0
16800,0,0,0,1,1,42,0,0,0,0,0,0
16801,0,0,0,0,0,0,0,0,0,0,0,0
16802,0,11,0,0,0,0,0,0,0,0,0,0
16803,0,13,0,0,0,0,0,0,0,0,0,0
16804,0,6,0,0,0,0,0,0,0,0,0,0
16805,0,1,1,0,0,0,0,0,0,0,0,0
16806,0,0,0,0,0,0,0,0,0,0,93,0
16807,0,0,0,0,0,0,0,0,0,0,0,0
16808,0,0,0,0,0,0,13,0,0,0,0,0
16809,0,0,0,0,0,22,0,0,0,0,0,0
16810,0,1,0,0,0,0,0,0,0,0,0,0
16811,0,1,0,0,0,0,0,0,0,0,0,0
16812,0,14,0,0,0,0,0,0,0,0,0,0
16813,0,1,0,0,0,0,110,190,0,0,0,0
16814,0,0,0,0,0,28,0,0,0,0,0,0
16815,1,17,2,0,0,0,0,0,0,0,0,0
16816,0,0,0,0,0,0,0,0,0,10,0,0
16817,0,0,0,0,0,0,0,0,0,0,0,0
16818,4,7,2,0,0,0,0,0,0,0,0,0
16819,0,19,3,0,0,0,0,0,0,0,0,0
16820,0,0,0,0,1,213,0,0,0,0,1,0
16821,0,17,1,0,0,0,1,0,0,0,0,0
16822,0,0,0,0,0,0,0,0,0,0,0,0
16823,0,0,0,0,0,0,0,0,2,0,0,0
16824,39,37,13,0,0,0,0,0,0,0,0,0
16825,0,0,0,0,0,0,0,0,0,0,0,0
16826,0,0,0,0,0,0,0,0,0,0,0,0
16827,0,3,0,0,0,0,598,4,0,0,0,0
16828,0,0,0,0,0,10,0,0,0,0,0,0
16829,0,18,0,0,0,0,0,0,0,0,0,0
16830,0,0,0,0,0,0,0,0,0,0,296,0
16831,1,4,0,0,0,0,0,0,0,0,0,0
16832,0,0,1,0,0,0,0,0,0,25,5,0
16833,0,0,0,0,0,0,0,0,0,12,120,0
16834,0,0,0,4,0,16,0,0,0,0,0,0
16835,0,0,0,0,0,0,0,0,0,0,0,0
16836,0,0,0,0,1,10,0,0,0,0,0,0
16837,0,0,0,0,0,0,2,0,2,0,0,0
16838,0,5,9,0,0,0,0,0,0,1,0,0
16839,2,46,2,0,0,0,0,0,0,0,0,0
16840,0,0,106,0,0,0,0,0,0,1,0,0
16841,0,4,0,0,0,0,0,0,0,0,0,0
16842,2,36,0,0,0,0,0,0,0,0,0,0
16843,0,0,0,0,0,0,28,74,0,0,0,0
16844,0,0,0,0,0,0,7,6,0,0,0,0
16845,0,0,0,0,1,66,0,0,0,0,0,0
16846,0,0,0,0,0,0,4,185,0,0,0,0
16847,0,3,0,0,0,0,0,0,0,0,0,0
16848,0,0,0,0,0,1,0,0,0,4,75,0
16849,0,0,0,1,0,0,0,0,0,0,0,0
16850,0,5,0,0,0,0,0,0,0,0,0,0
16851,0,0,0,0,0,81,0,0,0,0,0,0
16852,0,0,0,0,1,0,92,769,1,0,0,0
16853,0,0,0,0,0,0,53,409,2,0,0,0
16854,0,0,0,31,1,16,0,0,0,0,0,0
16855,0,0,0,0,0,0,3,48,1,0,0,0
16856,0,52,4,0,0,0,0,0,0,0,0,0
16857,0,0,0,10,5,768,0,0,0,0,6,0
16858,0,0,0,0,0,0,23,13,2,0,0,0
16859,0,0,0,0,0,0,0,0,0,1,237,0
16860,0,0,0,8,3,16,0,0,0,0,0,0
16861,0,0,0,0,0,0,18,43,0,0,0,0
16862,0,0,0,0,0,6,0,0,0,0,0,0
16863,0,0,0,2,1,14,0,0,0,0,0,0
16864,0,1,0,0,0,0,49,27,2,0,0,0
16865,0,0,0,0,1,0,0,0,0,0,0,0
16866,0,0,0,8,12,50,0,0,0,0,0,0
16867,0,0,0,0,0,3,0,0,0,0,0,0
16868,0,11,0,0,0,0,0,0,0,0,0,0
16869,0,0,0,0,0,1,0,0,0,0,233,0
16870,0,0,0,0,0,0,0,0,0,59,0,0
16871,0,0,0,0,0,0,35,7,0,0,0,0
16872,5,34,9,0,0,0,0,0,0,0,0,0
16873,0,0,0,0,0,0,4,5,0,0,0,0
16874,0,0,0,0,0,0,0,1,0,0,0,0
16875,0,0,0,1,0,14,0,0,0,0,0,0
16876,0,11,0,0,0,0,0,0,0,0,0,0
16877,0,0,0,0,0,1,0,0,0,5,755,0
16878,7,15,0,0,0,0,0,0,0,0,0,0
16879,0,18,0,0,0,0,0,0,0,0,0,0
16880,0,0,0,0,0,0,0,0,0,1,12,0
16881,0,96,0,0,0,0,0,0,0,0,0,0
16882,0,6,8,0,0,0,0,0,0,0,0,0
16883,0,0,1,0,0,0,0,0,0,20,35,0
16884,0,0,0,1,34,4,0,0,0,0,0,0
16885,0,0,0,32,0,23,0,0,0,0,0,0
16886,0,4,0,0,0,0,0,0,0,0,0,0
16887,0,0,0,0,0,0,0,0,0,0,0,0
16888,0,0,0,0,0,0,0,0,0,0,0,0
16889,0,10373,0,0,0,0,76,0,0,0,0,0
16890,1,63,0,0,0,0,0,0,0,0,0,0
16891,0,0,0,1,8,48,0,0,0,0,0,0
16892,0,0,0,1,0,7,0,0,0,0,0,0
16893,1,18,0,0,0,0,0,0,0,0,0,0
16894,1,2,1,0,0,0,0,0,0,0,0,0
16895,1,149,1,0,0,0,1,0,0,0,0,0
16896,0,0,0,1,1,26,0,0,0,0,0,0
16897,0,0,0,0,0,0,22,47,8,0,0,0
16898,0,0,0,0,1,17,0,0,0,0,0,0
16899,0,0,0,5,2,23,0,0,0,0,0,0
16900,0,2,0,0,1,0,416,63,3,0,0,0
16901,0,0,0,0,0,0,85,0,0,0,0,0
16902,0,0,0,0,0,16,0,0,0,0,0,0
16903,0,0,0,0,0,0,1,0,0,0,0,0
16904,3,0,0,0,0,0,0,0,0,0,0,0
16905,0,0,0,0,0,48,0,0,0,0,0,0
16906,0,0,0,0,1,22,0,0,0,0,0,0
16907,0,41,0,0,0,0,0,0,0,0,0,0
16908,0,0,0,0,0,81,0,0,0,0,0,0
16909,0,0,0,0,0,20,0,0,0,0,0,0
16910,0,0,0,0,6,1,0,0,0,0,0,0
16911,0,0,0,0,1,17,0,0,0,0,0,0
16912,0,0,0,0,3,0,7,591,3,0,0,0
16913,0,0,0,0,0,2,0,0,0,0,0,0
16914,0,0,0,0,1,0,36,259,0,0,0,0
16915,0,0,0,0,0,3,0,0,0,1,1305,0
16916,0,0,0,0,0,0,0,0,0,0,0,0
16917,0,0,0,0,2,0,106,905,1,0,0,0
16918,0,13,0,0,0,0,0,0,0,0,0,0
16919,0,0,0,0,0,0,0,0,0,0,1,0
16920,1,119,7,0,0,0,0,0,0,0,0,0
16921,0,0,0,0,0,0,0,0,0,0,0,0
16922,0,0,0,0,0,0,0,0,0,0,3,0
16923,1,15,0,0,0,0,1,0,0,0,0,0
16924,0,0,0,0,0,0,0,0,0,0,2,0
16925,1,2,0,0,0,0,0,0,0,0,0,0
16926,0,0,0,0,0,85,0,0,0,0,0,0
16927,0,5,0,0,0,0,0,0,0,0,0,0
16928,0,0,0,0,0,0,0,0,0,0,56,0
16929,7,30,28,0,0,0,0,0,0,0,0,0
16930,0,0,0,0,0,0,17,0,0,0,0,0
16931,0,0,0,2,0,0,0,0,0,0,0,0
16932,6,56,1,0,0,0,1,0,0,0,0,0
16933,1,20,1,0,0,0,0,0,0,0,0,0
16934,0,0,0,0,0,6,0,0,0,0,0,0
16935,0,0,0,0,2,0,26,868,0,0,0,0
16936,0,0,0,0,0,0,0,0,0,1,30,0
16937,0,0,0,0,0,0,0,0,0,2,15,0
16938,10,77,2,0,0,0,0,0,0,0,0,0
16939,0,0,0,0,1,637,0,0,0,0,1,0
16940,0,0,0,0,0,0,0,0,0,0,0,0
16941,0,17,0,0,0,0,0,0,0,0,0,0
16942,1,11,2,0,0,0,0,0,0,0,0,0
16943,0,0,0,0,0,0,11,418,3,0,0,0
16944,0,0,0,1,1,17,0,0,0,0,0,0
16945,0,0,0,0,0,0,45,138,0,0,0,0
16946,0,0,0,0,0,0,0,0,0,0,131,0
16947,7,15,2,0,0,0,0,0,0,0,0,0
16948,0,0,0,0,0,1,0,0,0,9,346,0
16949,0,0,0,0,0,0,0,0,0,3,41,0
16950,0,0,0,38,1,91,0,0,0,0,0,0
16951,2,4,0,0,0,0,0,0,0,0,0,0
16952,0,0,0,0,0,3,0,0,0,0,848,0
16953,0,12,11,0,0,0,0,0,0,0,0,0
16954,0,0,0,0,0,0,0,0,0,4,709,0
16955,0,0,0,0,0,0,0,0,0,0,0,0
16956,2,53,0,0,0,0,0,0,0,0,0,0
16957,0,0,0,0,0,0,17,102,0,0,0,0
16958,0,0,0,4,0,32,0,0,0,0,0,0
16959,0,0,0,0,0,0,47,14,2,0,0,0
16960,0,0,0,0,0,0,0,0,0,5,22,0
16961,0,0,0,0,0,0,0,0,0,1,43,0
16962,1,53,3,0,0,0,0,0,0,0,0,0
16963,0,0,0,0,0,0,0,0,0,0,2,1
16964,0,0,0,0,0,0,0,0,0,0,0,0
16965,1,45,0,0,0,0,0,0,0,0,0,0
16966,0,0,0,0,0,0,10,4,2,0,0,0
16967,2,55,3,0,0,0,0,0,0,0,0,0
16968,0,1,0,0,3,0,107,577,1,0,0,0
16969,0,0,0,0,0,0,0,0,0,4,38,0
16970,0,16,0,0,0,0,0,0,0,0,0,0
16971,0,0,0,0,0,0,0,0,0,45,64,0
16972,0,0,0,2,0,7,0,0,0,0,0,0
16973,1,4,0,0,0,0,0,0,0,0,0,0
16974,0,0,0,0,0,10,0,0,0,0,0,0
16975,0,0,0,0,0,0,12,208,0,0,0,0
16976,0,0,0,0,0,11,0,0,0,0,0,0
16977,0,0,0,0,0,4,0,0,0,0,0,0
16978,0,12,3,0,0,0,0,0,0,0,0,0
16979,0,0,0,0,0,0,36,26,1,0,0,0
16980,0,64,0,0,0,0,0,0,0,0,0,0
16981,0,26,6,0,0,0,0,0,0,0,0,0
16982,0,0,0,0,0,8,0,0,0,0,0,0
16983,0,0,0,15,3,34,0,0,0,0,0,0
16984,0,10,0,0,0,0,0,0,0,0,0,0
16985,0,0,0,0,0,0,0,0,0,28,722,1
16986,0,0,0,10,1,122,0,0,0,0,1,0
16987,0,0,0,0,0,0,5,2,2,0,0,0
16988,0,0,0,0,0,0,3,3,0,0,0,0
16989,0,0,0,0,0,0,0,0,0,4,120,0
16990,0,0,0,2,5,24,0,0,0,0,0,0
16991,0,0,0,0,0,1,0,0,0,0,0,0
16992,0,136,0,0,0,0,0,0,0,0,0,0
16993,0,0,0,9,0,593,0,0,0,0,1,0
16994,0,1,0,0,0,0,0,0,0,0,0,0
16995,0,0,0,0,0,0,0,0,0,0,160,0
16996,0,0,0,0,0,0,0,0,0,48,28,0
16997,0,0,0,0,0,0,0,0,0,10,218,0
16998,6,35,7,0,0,0,0,0,0,0,0,0
16999,5,16,0,0,0,0,0,0,0,0,0,0
17000,0,0,0,0,0,0,0,0,0,0,186,1
17001,0,39,3,0,0,0,0,0,0,0,0,0
17002,0,0,0,0,0,0,0,0,0,2,431,1
17003,0,0,0,0,1,3,0,0,0,0,0,0
17004,0,0,0,0,0,6,0,0,0,43,2213,0
17005,10,2,4,0,0,0,0,0,0,0,0,0
17006,1,5,0,0,0,0,0,0,0,0,0,0
17007,0,0,0,0,0,293,0,0,0,0,0,0
17008,1,99,1,0,0,0,0,0,0,0,0,0
17009,0,0,0,1,20,88,0,0,0,0,0,0
17010,0,0,0,0,0,5,0,0,0,38,1201,3
17011,0,0,0,4,13,11,0,0,0,0,0,0
17012,0,0,0,0,0,2,0,0,0,0,1133,0
17013,13,47,7,0,0,0,0,0,0,0,0,0
17014,0,0,0,1,179,0,62,29071,1,0,0,0
17015,1,22,1,0,0,0,0,0,0,0,0,0
17016,0,0,0,0,2,170,0,0,0,0,1,0
17017,0,0,0,0,0,0,10,0,0,0,0,0
17018,0,10,5,0,0,0,0,0,0,0,0,0
17019,0,0,0,0,84,2,50,11801,24,0,0,0
17020,0,0,0,0,4,6,0,0,0,0,0,0
17021,0,0,0,2,5,7,0,0,0,0,0,0
17022,0,0,0,0,0,9,0,0,0,0,0,0
17023,0,0,0,7,32,65,0,0,0,0,2,0
17024,0,0,0,0,0,0,0,0,0,2,111,1
17025,0,0,0,0,1,24,0,0,0,0,2,0
17026,2,3,0,0,0,0,0,0,0,0,0,0
17027,0,0,0,0,0,0,242,22,0,0,0,0
17028,0,0,0,0,0,0,0,0,0,1,123,0
17029,18,4,1,0,0,0,0,0,0,0,0,0
17030,1,86,10,0,0,0,0,0,0,0,0,0
17031,0,0,0,3,3,38,0,0,0,0,0,0
17032,0,0,0,0,0,0,13,45,0,0,0,0
17033,0,0,0,2,1,19,0,0,0,0,0,0
17034,0,0,0,9,4,28,0,0,0,0,0,0
17035,0,0,0,0,0,0,14,19,1,0,0,0
17036,0,0,0,0,0,0,0,0,0,0,112,0
17037,16,7,1,1,0,0,0,0,0,0,0,0
17038,0,3,6,0,0,0,0,0,0,0,0,0
17039,3,74,18,0,0,0,0,0,0,0,0,0
17040,0,0,0,0,16,19028,0,0,0,0,113,0
17041,0,0,0,0,0,5,0,0,0,0,0,0
17042,1,60,0,0,0,0,0,0,0,0,0,0
17043,0,0,0,0,0,95,0,0,0,0,0,0
17044,0,0,0,0,0,0,0,0,0,0,1,0
17045,0,1,2,0,0,0,0,0,0,0,0,0
17046,1,16,0,0,0,0,0,0,0,0,0,0
17047,0,17,6,0,0,0,0,0,0,0,0,0
17048,0,13,2,0,0,0,0,0,0,0,0,0
17049,0,0,0,0,0,0,26,74,6,0,0,0
17050,0,0,0,0,0,0,203,16,2,0,0,0
17051,0,0,0,0,0,32,0,0,0,0,0,0
17052,0,0,0,9,3,15,0,0,0,0,0,0
17053,0,0,0,0,0,0,2,1,0,0,0,0
17054,0,0,0,0,0,0,0,0,0,0,0,0
17055,0,0,0,0,0,10,0,0,0,0,0,0
17056,0,127,0,0,0,0,0,0,0,0,0,0
17057,0,0,0,1,0,30,0,0,0,0,0,0
17058,0,0,0,0,2,0,34,1054,8,0,0,0
17059,0,0,0,0,0,0,0,0,0,7,0,0
17060,129,37,0,1,0,0,0,0,0,0,0,0
17061,0,25,3,0,0,0,0,0,0,0,0,0
17062,0,0,0,0,0,0,0,0,0,0,0,0
17063,0,143,1,0,0,0,0,0,0,0,0,0
17064,0,0,0,0,0,0,72,166,26,0,0,0
17065,0,0,0,8,0,29,0,0,0,0,0,0
17066,11,101,0,0,0,0,0,0,0,0,0,0
17067,0,0,0,0,0,67,0,0,0,0,0,0
17068,0,0,0,4,3,0,0,0,0,0,0,0
17069,0,0,0,0,0,0,0,0,0,3,44,0
17070,0,0,0,13,12,88,0,0,0,0,0,0
17071,1,9,0,0,0,0,0,0,0,0,0,0
17072,0,0,0,0,0,0,0,0,0,0,22,0
17073,0,14,3,0,0,0,1,0,0,0,0,0
17074,0,0,0,0,0,7,0,0,0,16,135,0
17075,0,0,0,3,0,0,0,0,0,0,0,0
17076,0,0,0,0,0,1,0,0,0,20,43,1
17077,0,0,0,0,0,0,0,0,0,1,2,3
17078,0,94,0,0,0,0,0,0,0,0,0,0
17079,0,39,0,0,0,0,774,48,0,0,0,0
17080,0,0,0,0,0,0,0,0,0,0,0,0
17081,0,0,0,0,0,0,0,3,0,0,0,0
17082,0,418,2,0,0,0,43,0,0,0,0,0
17083,0,0,0,0,0,0,0,0,0,1,9,4
17084,0,0,0,0,0,0,0,0,0,0,3,0
17085,1,30,0,0,0,0,0,0,0,0,0,0
17086,0,0,0,0,0,0,0,0,0,1,0,0
17087,0,0,0,0,0,0,0,0,0,1,0,0
17088,0,0,0,9,21,10,0,0,0,0,0,0
17089,0,0,0,0,0,0,0,0,0,0,0,0
17090,0,0,0,0,0,0,0,0,0,0,0,0
17091,0,0,0,2,0,30,0,0,0,0,0,0
17092,0,0,0,0,0,0,0,0,0,0,0,0
17093,0,0,0,0,0,0,0,0,0,0,2,0
17094,0,0,0,6,41,18,0,0,0,0,0,0
17095,0,0,0,0,0,0,0,0,0,0,0,0
17096,0,0,0,0,0,0,0,21,0,0,0,0
17097,0,0,0,1,0,50,0,0,0,0,0,0
17098,0,0,0,0,0,0,0,0,0,0,0,0
17099,0,0,0,0,0,0,0,0,0,0,0,0
17100,0,0,0,0,0,0,16,0,0,0,0,0
17101,0,0,0,0,0,0,0,0,0,0,0,0
17102,0,0,0,0,0,0,0,0,0,0,0,0
17103,0,0,0,0,1,58,0,0,0,0,0,0
17104,0,0,0,0,0,41,0,0,0,0,6112,0
17105,2,9,0,0,0,0,0,0,0,0,0,0
17106,0,0,0,0,1,29,0,0,0,0,0,0
17107,0,0,0,3,3,2,0,0,0,0,0,0
17108,0,0,0,15,16,0,0,0,0,0,0,0
17109,0,0,0,1,1,4,0,0,0,0,0,0
17110,0,0,0,0,0,0,10,204,0,0,0,0
17111,0,0,0,0,0,0,0,0,0,0,10,0
17112,0,0,0,3,0,24,0,0,0,0,0,0
17113,0,28,0,0,0,0,0,0,0,0,0,0
17114,0,0,0,0,2,35,0,0,0,0,0,0
17115,0,0,0,39,3,42,0,0,0,0,0,0
17116,0,0,0,0,0,0,33,4,0,0,0,0
17117,0,0,0,0,0,0,5,1,0,0,0,0
17118,0,0,0,0,0,0,0,0,0,2,194,0
17119,0,0,0,0,0,0,0,0,0,55,448,1
17120,0,0,0,2,0,0,0,0,0,0,0,0
17121,42,29,3,0,0,0,0,0,0,0,0,0
17122,0,0,0,0,7,1,126,3313,4,0,0,0
17123,0,0,0,0,0,0,0,0,0,0,81,1
17124,0,0,0,3,45,104,0,0,0,0,0,0
17125,0,0,0,0,0,1,0,0,0,25,833,45
17126,0,0,0,9,2,149,0,0,0,0,0,0
17127,0,0,0,0,0,1,0,0,0,50,167,0
17128,0,0,0,0,0,2,0,0,0,0,0,0
17129,0,1,0,0,0,0,0,0,0,0,0,0
17130,0,0,0,0,0,0,0,0,0,0,83,0
17131,0,0,0,0,1,1,0,0,0,0,0,0
17132,0,5,0,0,0,0,0,0,0,0,0,0
17133,0,0,0,0,0,0,0,0,0,0,59,0
17134,0,0,0,0,0,0,0,0,0,9,206,0
17135,0,0,0,0,0,7,0,0,0,53,1321,4
17136,0,0,0,14,3,17,0,0,0,0,0,0
17137,0,0,0,5,1,74,0,0,0,0,0,0
17138,0,0,0,0,0,0,0,0,0,6,142,0
17139,1,0,0,113,2,25,0,0,0,0,0,0
17140,0,0,0,0,0,0,7,157,1,0,0,0
17141,0,0,0,0,0,0,0,0,0,3,24,2
17142,0,0,0,122,13,71,0,0,0,0,0,0
17143,0,0,0,0,0,0,0,0,0,0,35,0
17144,0,0,0,0,0,0,88,12,0,0,0,0
17145,0,0,0,0,0,2,0,0,0,3,93,1
17146,41,26,4,0,0,0,0,0,0,0,0,0
17147,0,0,0,0,0,4,0,0,0,0,0,0
17148,6,168,2,0,0,0,0,0,0,0,0,0
17149,0,0,0,0,0,0,19,24,0,0,0,0
17150,0,0,0,0,1,11,0,0,0,0,0,0
17151,0,0,0,0,0,0,111,14,0,0,0,0
17152,0,0,0,0,0,9,0,0,0,0,0,0
17153,5,77,0,0,0,0,0,0,0,0,0,0
17154,0,0,0,0,0,185,0,0,0,0,0,0
17155,0,12,0,0,0,0,0,0,0,0,0,0
17156,0,0,0,0,0,0,0,0,0,0,228,0
17157,0,30,1,0,0,0,0,0,0,0,0,0
17158,0,0,0,0,0,0,3,4,0,0,0,0
17159,0,0,0,0,0,0,0,0,0,0,2,0
17160,0,0,0,2,9,15,0,0,0,0,0,0
17161,0,0,0,0,1,1,0,0,0,0,0,0
17162,0,0,0,0,0,0,0,2,1,0,0,0
17163,0,0,0,0,0,0,0,0,0,0,112,0
17164,0,0,0,0,13,0,0,0,0,0,0,0
17165,0,0,0,0,0,0,0,0,0,0,1,0
17166,0,0,0,3,3,36,0,0,0,0,0,0
17167,0,0,0,0,0,0,0,0,0,0,6,0
17168,0,0,0,0,0,0,0,0,0,0,0,0
17169,0,0,0,0,0,110,0,0,0,0,0,0
17170,0,0,0,0,0,0,11,1,1,0,0,0
17171,0,0,0,0,0,0,0,0,0,0,1,0
17172,0,0,0,0,0,0,0,0,0,180,742,1
17173,0,0,0,0,0,0,0,2,1,0,0,0
17174,0,0,0,0,0,0,0,0,0,0,0,0
17175,0,0,0,9,4,81,0,0,0,0,0,0
17176,0,0,0,0,0,0,0,0,0,0,0,0
17177,0,0,0,0,0,0,0,0,0,0,0,0
17178,0,0,0,0,0,0,0,0,0,0,0,0
17179,0,0,0,0,0,0,0,0,0,0,0,0
17180,0,0,0,0,0,0,0,0,0,0,0,0
17181,0,0,0,0,0,345,0,0,0,0,2,0
17182,0,0,0,0,0,0,0,0,0,0,0,0
17183,0,0,0,0,0,0,0,0,0,0,0,0
17184,33,19,96,0,0,0,0,0,0,2,0,0
17185,0,0,1,0,0,0,0,0,0,42,16,0
17186,0,0,0,0,0,0,0,0,0,0,0,0
17187,1,226,0,0,0,0,1,0,0,0,0,0
17188,0,0,0,0,1,0,0,0,0,0,0,0
17189,0,0,0,0,0,0,0,0,0,0,0,0
17190,0,0,0,0,0,30,0,0,0,0,0,0
17191,0,0,0,0,0,0,10,0,0,0,0,0
17192,7,40,33,0,0,0,0,0,0,0,0,0
17193,0,0,0,0,3,0,59,1180,4,0,0,0
17194,0,0,0,0,0,0,0,0,0,0,0,0
17195,0,5,0,0,0,0,0,0,0,0,0,0
17196,0,0,0,0,0,0,65,0,0,0,0,0
17197,0,0,0,0,0,0,9,69,0,0,0,0
17198,0,0,0,0,0,0,0,0,0,0,0,0
17199,8,18,5,0,0,0,0,0,0,0,0,0
17200,0,0,0,1,7,10,0,0,0,0,1,0
17201,0,0,0,0,0,7,0,0,0,0,0,0
17202,0,7,0,0,0,0,0,0,0,0,0,0
17203,1,8,1,0,0,0,0,0,0,0,0,0
17204,1,74,2,0,0,0,0,0,0,0,0,0
17205,2,63,10,0,0,0,0,0,0,0,0,0
17206,0,0,0,0,1,53,0,0,0,0,0,0
17207,12,62,6,0,0,0,0,0,0,0,0,0
17208,0,0,0,0,0,105,0,0,0,0,1,0
17209,0,0,0,1,4,1,0,0,0,0,0,0
17210,0,0,0,0,0,1,0,0,0,0,0,0
17211,0,0,0,0,0,0,15,281,0,0,0,0
17212,0,0,0,0,0,0,0,0,0,0,9,0
17213,0,0,0,0,0,0,0,0,0,15,182,0
17214,0,0,0,0,7,14,0,0,0,0,0,0
17215,0,26,3,0,0,0,0,0,0,0,0,0
17216,0,0,0,0,0,0,0,0,0,0,0,0
17217,0,3,1,0,0,0,0,0,0,0,0,0
17218,0,0,0,0,0,0,58,17,0,0,0,0
17219,0,21,16,0,0,0,0,0,0,0,0,0
17220,0,0,0,0,0,38,0,0,0,0,0,0
17221,0,1,0,0,0,0,0,0,0,0,0,0
17222,0,39,2,0,0,0,0,0,0,0,0,0
17223,0,28,1,0,0,0,0,0,0,0,0,0
17224,0,0,0,0,0,0,0,0,0,0,0,0
17225,0,0,0,0,0,0,0,0,0,0,0,0
17226,0,0,0,0,0,8,0,0,0,0,0,0
17227,0,1,0,0,0,0,0,0,0,0,0,0
17228,0,0,0,0,0,0,0,1,0,0,0,0
17229,0,0,0,0,0,15,0,0,0,0,0,0
17230,0,0,0,0,0,0,0,0,0,0,0,0
17231,0,0,0,0,0,0,0,0,0,0,0,0
17232,0,16,0,0,0,0,0,0,0,0,0,0
17233,0,48,5,0,0,0,0,0,0,0,0,0
17234,0,0,0,1,0,1,0,0,0,0,0,0
17235,0,0,0,7,0,24,0,0,0,0,0,0
17236,0,1097,0,0,0,0,1,0,0,0,0,0
17237,0,0,0,0,0,2,0,0,0,0,0,0
17238,1,0,0,0,0,0,0,0,0,0,0,0
17239,0,0,0,0,0,0,0,0,0,0,2,0
17240,0,0,0,0,0,0,0,0,0,0,0,0
17241,0,0,0,52,2,52,0,0,0,0,0,0
17242,0,0,0,0,0,0,66,3,0,0,0,0
17243,0,0,0,0,0,0,0,0,0,0,64,0
17244,0,8,3,0,0,0,0,0,0,0,0,0
17245,0,0,0,0,0,0,0,0,0,3,42,0
17246,0,0,0,0,0,0,9,9,0,0,0,0
17247,0,0,0,4,7,903,0,0,0,0,1,0
17248,0,0,0,0,0,0,12,6,0,0,0,0
17249,0,0,0,0,0,1,0,0,0,0,249,0
17250,0,0,0,4,5,109,0,0,0,0,0,0
17251,0,0,0,0,0,0,0,0,0,0,28,0
17252,0,0,0,0,0,0,62,67,0,0,0,0
17253,0,0,0,2,2,18,0,0,0,0,0,0
17254,0,0,0,0,0,0,17,3,1,0,0,0
17255,0,0,0,0,0,5,0,0,0,0,0,0
17256,21,43,7,0,0,0,0,0,0,0,0,0
17257,0,0,0,0,0,0,2,0,0,0,0,0
17258,0,2,3,0,0,0,0,0,0,0,0,0
17259,0,0,0,0,255,0,2,15911,9,0,0,0
17260,0,0,0,0,1,0,0,0,0,0,0,0
17261,0,0,0,0,0,0,16,13,0,0,0,0
17262,0,0,0,0,0,49,0,0,0,0,0,0
17263,0,0,0,0,0,0,0,0,0,0,0,0
17264,0,0,0,0,0,0,0,0,0,0,0,0
17265,0,0,0,0,0,7,0,0,0,0,0,0
17266,0,0,0,0,0,0,45,10,1,0,0,0
17267,3,138,7,0,0,0,0,0,0,0,0,0
17268,0,0,0,9,0,127,0,0,0,0,0,0
17269,0,0,0,0,0,0,0,0,0,0,0,0
17270,0,8,0,0,0,0,0,0,0,0,0,0
17271,0,39,0,0,0,0,0,0,0,0,0,0
17272,0,0,0,0,0,0,0,0,0,0,0,0
17273,0,0,0,0,0,1,0,0,0,0,0,0
17274,0,0,0,0,0,5,0,0,0,2,414,0
17275,0,0,3,0,0,0,0,0,0,0,0,0
17276,0,41,0,0,0,0,1,2,0,0,0,0
17277,6,12,9,0,0,0,0,0,0,0,0,0
17278,0,0,0,0,5,0,1,968,0,0,0,0
17279,0,0,0,0,0,71,0,0,0,0,0,0
17280,0,0,0,0,0,0,12,971,7,0,0,0
17281,0,0,0,0,0,0,0,0,0,0,0,0
17282,0,0,0,0,0,0,0,0,0,0,0,0
17283,0,0,0,0,0,31,0,0,0,0,0,0
17284,0,0,0,0,6,0,0,0,0,0,0,0
17285,0,0,0,0,0,12,0,0,0,0,803,0
17286,80,30,1,0,0,0,1,0,0,0,0,0
17287,1,20,2,0,0,0,0,0,0,0,0,0
17288,0,0,0,0,0,1,0,0,0,2,699,0
17289,0,13,1,0,0,0,0,0,0,0,0,0
17290,0,0,0,0,1,12,0,0,0,0,0,0
17291,0,0,0,0,0,1,0,0,0,0,0,0
17292,0,11,0,0,0,0,0,0,0,0,0,0
17293,0,0,0,0,0,0,3,1,0,0,0,0
17294,0,7,0,0,0,0,0,0,0,0,0,0
17295,0,20,0,0,0,0,0,0,0,0,0,0
17296,0,0,0,0,0,0,0,0,0,8,0,0
17297,1,7,0,0,0,0,0,0,0,0,0,0
17298,0,0,0,0,0,0,15,74,0,0,0,0
17299,0,0,0,0,0,6,0,0,0,0,0,0
17300,3,16,0,0,0,0,0,0,0,0,0,0
17301,0,0,0,0,0,35,0,0,0,0,0,0
17302,0,0,0,0,1,0,6,258,0,0,0,0
17303,0,0,0,1,1,14,0,0,0,0,0,0
17304,0,0,0,0,0,5,0,0,0,106,1561,7
17305,0,0,0,0,0,6,0,0,0,0,0,0
17306,0,0,0,0,0,3,0,0,0,0,0,0
17307,0,0,0,0,1,16,0,0,0,0,0,0
17308,0,0,0,4,0,0,0,0,0,0,0,0
17309,0,0,0,0,0,0,0,0,0,0,0,0
17310,0,0,0,0,0,150,0,0,0,0,0,0
17311,1,0,0,0,0,0,0,0,0,0,0,0
17312,0,0,0,0,0,0,0,0,0,0,1,0
17313,0,0,0,0,0,22,0,0,0,0,0,0
17314,0,0,0,0,0,0,9,6,0,0,0,0
17315,0,0,0,0,0,4,0,0,0,0,0,0
17316,2,20,0,0,0,0,0,0,0,0,0,0
17317,1,0,4,0,0,0,0,0,0,0,0,0
17318,1,0,0,0,0,0,0,0,0,0,0,0
17319,0,0,0,0,0,74,0,0,0,0,1,0
17320,0,0,0,0,0,0,62,197,0,0,0,0
17321,0,0,0,0,0,0,0,0,0,1,16,0
17322,4,67,5,0,0,0,0,0,0,0,0,0
17323,0,0,0,0,0,25,0,0,0,0,0,0
17324,0,0,0,0,0,2,0,0,0,0,0,0
17325,0,0,0,0,0,0,33,90,0,0,0,0
17326,0,0,0,0,0,1,0,0,0,0,79,0
17327,0,0,0,0,0,0,0,0,0,25,43,0
17328,0,0,0,8,6,41,0,0,0,0,0,0
17329,0,0,0,0,0,0,0,1,2,0,0,0
17330,1,3,1,0,0,0,0,0,0,0,0,0
17331,0,1,0,0,0,0,66,1483,4,0,0,0
17332,0,21,0,0,0,0,0,0,0,0,0,0
17333,0,0,0,0,0,0,0,0,0,0,151,0
17334,4,1,0,0,2,0,219,476,5,0,0,0
17335,1,35,2,0,0,0,0,0,0,0,0,0
17336,0,0,0,0,0,3,0,0,0,3,465,0
17337,2,3961,4,0,0,0,3,0,0,0,0,0
17338,0,0,0,0,0,0,54,250,0,0,0,0
17339,0,0,0,0,0,4,0,0,0,0,943,0
17340,16,17,0,0,0,0,0,0,0,0,0,0
17341,0,0,0,0,0,0,10,6,0,0,0,0
17342,0,26,8,0,0,0,0,0,0,0,0,0
17343,0,0,0,0,68,31,0,0,0,0,0,0
17344,3,935,7,0,0,0,0,0,0,0,0,0
17345,0,0,0,1,0,1,0,0,0,0,0,0
17346,4,28,0,0,0,0,0,0,0,0,0,0
17347,0,0,0,0,0,0,11,53,0,0,0,0
17348,0,0,0,0,2,10,0,0,0,0,0,0
17349,0,0,0,3,5,8,0,0,0,0,0,0
17350,0,0,0,0,0,0,14,0,0,0,0,0
17351,0,0,0,0,0,5,0,0,0,0,0,0
17352,0,0,0,0,0,0,0,0,0,3,83,15
17353,0,0,0,1,3,70,0,0,0,0,0,0
17354,0,0,0,2,5,9,0,0,0,0,0,0
17355,0,0,0,6,0,14,0,0,0,0,0,0
17356,0,0,0,0,0,0,0,0,0,0,0,0
17357,0,2,0,0,0,0,0,0,0,0,0,0
17358,0,0,0,0,0,63,0,0,0,0,0,0
17359,0,0,0,0,0,0,2,0,0,0,0,0
17360,0,1,0,0,0,0,0,0,0,0,0,0
17361,0,24,0,0,0,0,0,0,0,0,0,0
17362,0,35,2,0,0,0,0,0,0,0,0,0
17363,0,0,0,0,2,124,0,0,0,0,0,0
17364,0,0,0,8,0,18,0,0,0,0,0,0
17365,0,0,0,0,0,0,0,0,0,0,0,0
17366,0,0,0,0,0,0,0,0,0,0,2,0
17367,36,28,0,0,0,0,0,0,0,0,0,0
17368,0,1,0,0,0,0,0,0,0,0,0,0
17369,0,0,0,0,1,0,0,0,0,0,0,0
17370,0,0,0,0,0,0,13,15,1,0,0,0
17371,0,0,0,0,0,0,43,97,0,0,0,0
17372,0,0,0,0,0,1,0,0,0,0,154,0
17373,0,0,0,0,0,1,0,0,0,19,917,3
17374,1,0,0,0,0,0,0,0,0,0,0,0
17375,0,0,0,0,0,0,0,0,0,0,122,0
17376,3,40,3,0,0,0,0,0,0,0,0,0
17377,1,0,1,0,0,0,0,0,0,0,0,0
17378,1,0,0,0,0,0,0,0,0,0,0,0
17379,0,0,0,0,0,19,0,0,0,0,0,0
17380,0,0,0,0,0,4,0,0,0,0,0,0
17381,0,1,1,0,0,0,0,0,0,0,0,0
17382,0,0,0,0,0,106,0,0,0,0,0,0
17383,0,0,0,0,0,0,0,0,0,0,0,0
17384,1,0,0,0,0,0,0,0,0,0,0,0
17385,0,0,0,0,15,22,0,0,0,0,0,0
17386,0,0,0,1,0,4,0,0,0,0,0,0
17387,0,0,0,1,0,1,0,0,0,0,0,0
17388,0,0,0,0,0,0,25,5,0,0,0,0
17389,1,1,0,0,0,0,0,0,0,0,0,0
17390,0,0,0,0,0,0,0,0,0,0,0,0
17391,0,0,0,1,0,21,0,0,0,0,0,0
17392,0,0,0,0,0,0,0,2,0,0,0,0
17393,0,0,0,0,1,7,0,0,0,0,0,0
17394,2,0,0,85,2,16,0,0,0,0,0,0
17395,0,0,0,0,0,0,14,0,0,0,0,0
17396,0,0,0,0,0,11,0,0,0,0,0,0
17397,0,0,0,0,0,1,0,0,0,2,136,3
17398,4,0,6,0,0,0,0,0,0,0,0,0
17399,2,49,13,0,0,0,0,0,0,0,0,0
17400,0,0,0,0,0,32,0,0,0,0,0,0
17401,0,0,0,0,0,0,35,7,1,0,0,0
17402,0,0,0,0,0,1,0,0,0,2,57,0
17403,0,0,0,0,0,51,0,0,0,8,565,0
17404,0,1,4,0,0,0,0,0,0,0,0,0
17405,0,0,0,0,0,0,7,1,0,0,0,0
17406,0,401,0,0,0,0,0,0,0,0,0,0
17407,0,0,0,0,5,545,0,0,0,0,4,0
17408,0,0,0,0,0,13,0,0,0,0,0,0
17409,0,67,0,0,0,0,0,0,0,0,0,0
17410,0,0,0,0,0,12,0,0,0,9,1587,3
17411,0,0,0,0,2,0,30,120,1,0,0,0
17412,0,0,0,44,2,40,0,0,0,0,1,0
17413,0,0,0,0,0,0,6,9,0,0,0,0
17414,0,0,0,0,0,0,0,0,0,0,9,1
17415,0,0,0,2,0,28,0,0,0,0,0,0
17416,0,0,0,0,0,0,0,0,0,0,0,0
17417,0,14,0,0,0,0,0,0,0,0,0,0
17418,0,0,0,0,0,0,42,15,0,0,0,0
17419,0,0,0,0,0,0,0,0,0,1,2,0
17420,0,8,0,0,0,0,0,0,0,0,0,0
17421,0,0,0,0,0,0,0,0,0,2,74,0
17422,0,0,0,0,0,24,0,0,0,0,0,0
17423,7,46,2,0,0,0,0,0,0,0,0,0
17424,0,0,0,0,0,20,0,0,0,0,0,0
17425,0,0,0,0,0,0,14,11,1,0,0,0
17426,0,0,0,0,0,14,0,0,0,0,0,0
17427,0,0,0,0,18,0,29,2223,3,0,0,0
17428,0,0,0,0,0,9,0,0,0,0,0,0
17429,0,104,0,0,0,0,2,0,0,0,0,0
17430,0,0,0,0,0,0,0,0,0,0,160,0
17431,0,449,0,0,0,0,2,0,0,0,0,0
17432,0,0,0,0,0,2,0,0,0,0,0,0
17433,0,0,0,27,0,75,0,0,0,0,0,0
17434,0,0,0,0,0,0,0,0,0,0,0,0
17435,0,0,0,0,0,0,0,0,0,0,0,0
17436,0,0,0,0,0,9,0,0,0,5,434,0
17437,0,0,0,0,0,0,0,0,0,0,0,0
17438,0,0,0,0,0,0,0,0,0,0,0,0
17439,0,0,0,0,0,7,0,0,0,3,378,0
17440,0,0,0,0,0,5,0,0,0,3,372,3
17441,0,0,0,0,0,0,0,0,0,2,41,0
17442,0,0,0,33,35,83,0,0,0,0,0,0
17443,0,0,0,0,0,0,6,103,0,0,0,0
17444,0,0,0,0,0,0,0,0,0,4,66,0
17445,0,0,0,0,16,161,0,0,0,0,0,0
17446,0,0,0,0,0,0,0,0,0,1,1,0
17447,0,1,0,0,0,0,0,0,0,0,0,0
17448,0,106,0,0,0,0,0,0,0,0,0,0
17449,0,0,0,0,0,158,0,0,0,0,0,0
17450,0,0,0,0,0,1,0,0,0,0,0,0
17451,1,17,0,0,0,0,0,0,0,0,0,0
17452,0,0,0,0,0,0,0,0,0,0,3,0
17453,0,0,0,0,0,0,0,0,0,6,2,0
17454,0,0,0,50,10,35,0,0,0,0,0,0
17455,0,0,0,0,0,0,1,1,1,0,0,0
17456,0,0,0,0,0,0,0,0,0,0,22,1
17457,1,27,0,0,0,0,0,0,0,0,0,0
17458,0,0,0,0,0,0,0,0,0,3,1,0
17459,0,0,0,0,0,0,0,0,0,0,1,0
17460,15,141,0,0,0,0,5,0,0,0,0,0
17461,0,0,0,0,0,0,0,0,0,1,29,0
17462,0,0,0,0,0,0,12,0,1,0,0,0
17463,0,0,0,0,0,1,0,0,0,6,360,0
17464,0,3,0,0,0,0,0,0,0,0,0,0
17465,0,0,0,0,0,0,0,0,0,0,7,0
17466,2,38,4,0,0,0,0,0,0,0,0,0
17467,0,0,0,1,0,21,0,0,0,0,0,0
17468,0,0,0,0,0,0,0,0,0,0,0,0
17469,0,0,0,0,0,0,34,1,0,0,0,0
17470,0,0,0,0,0,1,0,0,0,2,414,0
17471,0,0,0,4,0,0,0,0,0,0,0,0
17472,0,26,0,0,0,0,0,0,0,0,0,0
17473,0,53,0,0,0,0,1,0,0,0,0,0
17474,0,0,0,0,0,3,0,0,0,3,757,0
17475,0,0,0,5,1,13,0,0,0,0,0,0
17476,0,1,0,0,0,0,0,0,0,0,0,0
17477,0,54,2,0,0,0,0,0,0,0,0,0
17478,0,1,0,0,0,0,576,6,2,0,0,0
17479,0,2,0,0,0,0,538,28,0,0,0,0
17480,0,0,0,0,0,0,3,0,0,0,0,0
17481,0,0,0,0,0,0,0,0,0,2,45,0
17482,14,16,0,0,0,0,0,0,0,0,0,0
17483,0,0,0,0,0,2,0,0,0,0,642,0
17484,0,28,1,0,0,0,0,0,0,0,0,0
17485,0,0,0,0,0,0,0,0,0,0,41,1
17486,0,0,0,1,0,0,0,0,0,0,0,0
17487,9,21,0,0,0,0,0,0,0,0,0,0
17488,0,1,0,0,0,0,600,1,0,0,0,0
17489,0,3,2,0,0,0,0,0,0,0,0,0
17490,0,36,1,0,0,0,0,0,0,0,0,0
17491,0,0,0,0,0,14,0,0,0,1,2342,0
17492,0,0,0,0,0,0,0,0,0,2,2,0
17493,5,26,0,0,0,0,0,0,0,0,0,0
17494,0,0,0,0,0,0,9,1,5,0,0,0
17495,5,5,3,0,0,0,0,0,0,0,0,0
17496,1,833,8,0,0,0,0,0,0,0,0,0
17497,0,0,0,1,0,87,0,0,0,0,0,0
17498,3,1,0,0,0,0,0,0,0,0,0,0
17499,0,0,0,0,0,24,0,0,0,0,0,0
17500,0,0,0,0,2,0,0,0,0,0,0,0
17501,0,0,0,0,1,4,0,0,0,0,0,0
17502,0,0,0,0,0,6,0,0,0,1,1118,0
17503,0,1,0,0,0,0,0,0,0,0,0,0
17504,1,0,0,0,0,0,0,0,0,0,0,0
17505,0,0,0,0,0,140,0,0,0,0,0,0
17506,0,0,0,7,16,1,0,0,0,0,0,0
17507,0,0,0,0,0,0,0,0,0,0,2,0
17508,15,52,26,0,0,0,0,0,0,0,0,0
17509,0,0,0,0,0,0,8,6,0,0,0,0
17510,0,0,0,1,1,11,0,0,0,0,0,0
17511,0,0,0,0,0,0,32,24,10,0,0,0
17512,0,0,0,0,1,0,0,0,0,0,0,0
17513,0,0,0,0,0,0,0,0,18,0,0,0
17514,0,0,0,0,1,2,0,0,0,0,0,0
17515,0,3,1,0,0,0,0,0,0,0,0,0
17516,0,0,0,0,0,0,30,8,1,0,0,0
17517,1,17,0,0,0,0,0,0,0,0,0,0
17518,0,0,0,0,0,4,0,0,0,8,1604,1
17519,0,0,0,1,0,0,0,0,0,0,0,0
17520,0,0,0,0,0,14,0,0,0,0,0,0
17521,0,43,0,0,0,0,0,0,0,0,0,0
17522,0,0,0,0,0,3,0,0,0,0,0,0
17523,0,0,0,0,3,0,22,1059,12,0,0,0
17524,0,6,6,0,0,0,0,0,0,0,0,0
17525,0,4,2,0,0,0,0,0,0,0,0,0
17526,1,12,1,0,0,0,0,0,0,0,0,0
17527,0,9,1,0,0,0,0,0,0,0,0,0
17528,0,0,0,0,0,2,0,0,0,24,357,0
17529,0,0,0,0,0,14,0,0,0,0,0,0
17530,3,2,0,0,0,0,0,0,0,0,0,0
17531,0,0,0,0,0,22,0,0,0,0,0,0
17532,2,9,2,0,0,0,0,0,0,0,0,0
17533,0,0,0,0,0,0,35,101,1,0,0,0
17534,0,0,0,0,0,0,4,1,0,0,0,0
17535,0,0,0,0,0,13,0,0,0,0,0,0
17536,0,0,0,0,0,0,0,0,0,1,9,0
17537,0,0,0,0,0,0,0,0,0,0,7,0
17538,15,46,8,0,0,0,0,0,0,0,0,0
17539,0,0,0,0,0,0,28,11,1,0,0,0
17540,0,0,1,0,0,0,0,0,0,0,0,0
17541,0,0,0,0,0,0,0,0,0,1,110,0
17542,1,11,0,0,0,0,0,0,0,0,0,0
17543,0,0,0,2,2,21,0,0,0,0,0,0
17544,0,0,0,0,0,0,7,23,0,0,0,0
17545,0,0,0,0,2,12,0,0,0,0,0,0
17546,0,0,0,0,0,1,0,0,0,0,0,0
17547,0,0,0,0,0,0,0,0,0,1,38,0
17548,0,0,0,0,0,0,0,0,0,104,13,0
17549,0,0,0,0,2,0,0,0,0,0,0,0
17550,0,0,0,1,0,14,0,0,0,13,2619,1
17551,0,15,0,0,0,0,2113,0,1,0,0,0
17552,0,0,0,0,0,0,8,14,0,0,0,0
17553,2,65,4,0,0,0,0,0,0,0,0,0
17554,2,7,1,0,0,0,0,0,0,0,0,0
17555,0,0,0,0,0,0,0,0,0,11,251,0
17556,0,0,0,14,15,16,0,0,0,0,0,0
17557,0,0,0,7,2,0,0,0,0,0,0,0
17558,0,0,0,0,0,0,0,1,0,0,0,0
17559,0,0,0,0,0,36,0,0,0,0,0,0
17560,0,0,0,0,0,0,0,0,0,41,10,0
17561,0,4,0,0,0,0,735,24,0,0,0,0
17562,0,0,0,0,1,0,53,557,5,0,0,0
17563,0,0,0,0,0,0,0,0,0,0,2,1
17564,0,0,0,0,0,0,0,3,1,0,0,0
17565,0,0,0,0,7,1094,0,0,0,0,1,0
17566,0,0,0,21,2,1,0,0,0,0,0,0
17567,0,0,0,0,0,0,0,0,0,0,0,0
17568,0,0,0,0,0,44,0,0,0,0,0,0
17569,0,0,0,0,0,0,0,0,0,0,149,0
17570,0,0,0,0,0,0,0,0,0,0,0,0
17571,0,0,0,35,30,13,0,1,0,0,0,0
17572,0,0,0,0,1,0,38,690,5,0,0,0
17573,0,0,0,0,0,0,0,0,0,3,125,0
17574,0,0,0,23,4,78,0,0,0,0,0,0
17575,0,0,0,0,0,0,2,0,2,0,0,0
17576,0,0,1,0,0,0,0,0,0,0,0,0
17577,0,31,1,0,0,0,0,0,0,0,0,0
17578,1,3,0,0,0,0,0,0,0,0,0,0
17579,0,0,0,0,0,0,0,0,0,0,0,0
17580,0,0,0,3,0,8,0,0,0,0,0,0
17581,0,0,0,0,0,0,11,1,0,0,0,0
17582,0,0,0,0,1,0,0,0,0,0,0,0
17583,0,0,0,9,149,9,0,0,0,0,0,0
17584,0,0,0,0,0,0,38,60,2,0,0,0
17585,1,41,1,0,0,0,0,0,0,0,0,0
17586,0,0,0,0,0,4,0,0,0,2,519,0
17587,0,0,1,0,0,0,0,0,0,0,0,0
17588,0,0,0,0,0,0,0,0,0,0,2,0
17589,0,0,0,18,0,45,0,0,0,0,1,0
17590,0,0,0,0,1,0,6,191,1,0,0,0
17591,0,0,0,1,0,0,0,0,0,0,0,0
17592,0,0,0,0,0,0,25,93,1,0,0,0
17593,0,5,0,0,0,0,0,0,0,0,0,0
17594,0,0,0,0,0,0,6,2,0,0,0,0
17595,0,0,0,0,0,5,0,0,0,0,0,0
17596,0,0,0,0,0,0,38,2,0,0,0,0
17597,0,0,0,0,0,0,0,0,0,6,147,0
17598,0,0,0,2,12,28,0,0,0,0,0,0
17599,0,0,0,80,0,2,0,0,0,0,0,0
17600,0,0,0,0,0,3,0,0,0,0,0,0
17601,0,0,0,0,0,0,52,11,0,0,0,0
17602,0,0,0,0,0,0,20,1,0,0,0,0
17603,0,0,0,0,2,41,0,0,0,0,0,0
17604,0,0,0,1,1,33,0,0,0,0,0,0
17605,0,0,0,0,0,0,0,0,0,0,0,0
17606,0,0,0,0,0,0,0,0,0,0,0,0
17607,0,0,0,0,0,33,0,0,0,0,0,0
17608,0,0,0,0,0,0,12,57,1,0,0,0
17609,0,12,2,0,0,0,0,0,0,0,0,0
17610,0,0,0,0,0,89,0,0,0,0,0,0
17611,2,15,0,0,0,0,0,0,0,0,0,0
17612,1,33,5,0,0,0,0,0,0,0,0,0
17613,0,0,0,1,0,70,0,0,0,0,0,0
17614,0,11,0,0,0,0,0,0,0,0,0,0
17615,0,74992,2,0,0,0,396,2,0,0,0,0
17616,0,0,0,0,0,0,23,9,0,0,0,0
17617,0,0,0,0,0,0,0,0,0,2,0,0
17618,0,0,0,0,0,1,0,0,0,0,0,0
17619,0,0,0,4,2,149,0,0,0,0,0,0
17620,0,4,0,0,0,0,0,0,0,0,0,0
17621,0,20,0,0,0,0,0,0,0,0,0,0
17622,1,94,11,0,0,0,0,0,0,0,0,0
17623,0,0,0,0,0,0,95,18,0,0,0,0
17624,0,0,0,0,0,0,0,0,0,0,0,0
17625,0,3,1,0,0,0,0,0,0,0,0,0
17626,0,0,0,0,0,0,0,0,0,5,405,0
17627,0,69,0,0,0,0,0,0,0,0,0,0
17628,0,0,0,2,1,69,0,0,0,0,0,0
17629,1,5,0,0,0,0,0,0,0,0,0,0
17630,0,11,0,0,0,0,0,0,0,0,0,0
17631,4,16,29,0,0,0,0,0,0,0,0,0
17632,0,0,0,0,0,0,24,155,1,0,0,0
17633,0,33,2,0,0,0,0,0,0,0,0,0
17634,0,0,1,0,0,3,0,0,0,183,289,1
17635,0,14,2,0,0,0,0,0,0,0,0,0
17636,0,218,0,0,0,0,0,0,0,0,0,0
17637,0,338,13,0,0,0,26,0,0,0,0,0
17638,0,0,0,8,3,1,0,0,0,0,0,0
17639,0,0,0,0,0,0,0,0,0,0,806,0
17640,0,14,6,0,0,0,0,0,0,0,0,0
17641,0,2,0,0,0,0,320,32,1,0,0,0
17642,0,0,0,0,0,0,0,0,0,12,183,0
17643,0,0,0,4,12,32,0,0,0,0,0,0
17644,0,0,0,0,0,0,0,0,0,3,2,16
17645,21,18,0,0,0,0,0,0,0,0,0,0
17646,1,79,7,0,0,0,0,0,0,0,0,0
17647,0,0,0,0,1,0,0,0,0,0,0,0
17648,0,0,0,0,0,0,0,0,0,0,0,0
17649,0,0,0,0,0,0,0,0,0,0,354,0
17650,0,0,0,0,0,3,0,0,0,0,0,0
17651,0,0,0,0,0,0,0,0,0,0,0,0
17652,0,0,0,1,0,14,0,0,0,0,0,0
17653,0,0,0,0,0,0,0,0,0,0,0,0
17654,0,4,0,0,0,0,0,0,0,0,0,0
17655,0,13,0,0,0,0,0,0,0,0,0,0
17656,0,4,1,0,0,0,0,0,0,0,0,0
17657,0,0,0,0,0,1,0,0,0,0,0,0
17658,0,0,0,0,0,0,8,551,1,0,0,0
17659,0,0,0,0,18,13,0,0,0,0,0,0
17660,0,0,0,1,12,5,0,0,0,0,0,0
17661,0,0,0,0,0,15,0,0,0,0,0,0
17662,0,0,0,0,0,3,0,0,0,0,0,0
17663,0,0,0,0,0,0,0,0,0,0,0,0
17664,0,0,0,1,0,52,0,0,0,0,0,0
17665,0,1,0,0,0,0,0,0,0,0,0,0
17666,0,42,1,0,0,0,0,0,0,0,0,0
17667,0,0,0,0,0,0,497,11,0,0,0,0
17668,0,0,0,0,0,0,0,2,0,0,0,0
17669,0,0,0,0,0,0,0,2,0,0,0,0
17670,0,0,0,0,0,22,0,0,0,0,1,0
17671,0,0,0,0,0,0,35,15,0,0,0,0
17672,0,0,0,0,0,12,0,0,0,0,0,0
17673,0,0,0,3,15,37,0,0,0,0,1,0
17674,2,65,1,0,0,0,0,0,0,0,0,0
17675,0,0,0,1,0,1,0,0,0,0,0,0
17676,0,0,0,0,0,30,0,0,0,2,2202,3
17677,0,14,0,0,0,0,0,0,0,0,0,0
17678,0,0,0,0,0,7,0,0,0,2,1886,0
17679,0,0,0,0,2,0,45,698,1,0,0,0
17680,0,0,0,0,0,0,0,0,0,3,3,0
17681,0,3,3,0,0,0,0,0,0,0,0,0
17682,0,0,0,3,0,38,0,0,0,0,0,0
17683,0,0,0,0,0,0,0,7,0,0,0,0
17684,0,0,1,0,0,0,0,0,0,0,0,0
17685,0,0,0,1,0,20,0,0,0,0,0,0
17686,0,0,0,0,0,0,20,206,0,0,0,0
17687,0,0,0,1,0,12,0,0,0,0,0,0
17688,0,0,0,2,4,159,0,0,0,0,3,0
17689,0,0,0,1,9,6,0,0,0,0,0,0
17690,0,0,0,0,0,2,0,0,0,0,328,0
17691,0,67,1,0,0,0,0,0,0,0,0,0
17692,0,0,0,0,0,1,0,0,0,0,0,0
17693,0,0,0,0,0,0,0,0,0,0,1,0
17694,0,0,0,1,23,30,0,0,0,0,0,0
17695,0,0,0,0,0,0,1,20,0,0,0,0
17696,0,0,0,0,0,0,0,0,0,0,0,0
17697,38,14,2,0,0,0,0,0,0,0,0,0
17698,2,2,8,0,0,0,0,0,0,0,0,0
17699,0,0,0,2,2,1,0,0,0,0,0,0
17700,0,0,0,3,0,19,0,0,0,0,0,0
17701,1,2,0,0,0,0,0,0,0,0,0,0
17702,0,2,0,0,0,0,0,0,0,0,0,0
17703,0,0,0,0,0,0,0,0,0,0,203,0
17704,1,0,2,0,0,0,0,0,0,0,0,0
17705,0,0,0,0,0,0,1,0,0,0,0,0
17706,0,0,0,0,0,0,184,4,0,0,0,0
17707,0,0,0,0,0,9,0,0,0,3,635,1
17708,0,0,0,0,0,0,0,0,0,0,0,0
17709,10,468,24,0,0,0,0,0,0,0,0,0
17710,0,0,0,0,0,0,0,0,0,0,0,0
17711,0,1,0,0,0,0,0,0,0,0,0,0
17712,1,13,3,0,0,0,0,0,0,0,0,0
17713,2,72,2,0,0,0,1,0,0,0,0,0
17714,0,0,0,0,0,1,0,0,0,0,0,0
17715,48,7,3,0,0,0,0,0,0,0,0,0
17716,0,0,0,0,0,0,0,0,0,0,0,0
17717,0,0,0,0,0,0,0,0,0,0,0,0
17718,0,0,0,0,0,0,0,0,0,19,92,0
17719,0,0,0,0,0,0,2,3,0,0,0,0
17720,0,0,0,0,0,6,0,0,0,0,0,0
17721,0,0,0,0,2,0,28,1554,1,0,0,0
17722,0,0,0,0,0,0,21,115,0,0,0,0
17723,0,0,0,0,0,5,0,0,0,0,0,0
17724,4,43,1,0,0,0,0,0,0,0,0,0
17725,0,1,9,0,0,0,0,0,0,0,0,0
17726,0,0,0,0,0,0,0,0,0,0,0,0
17727,0,31,0,0,0,0,0,0,0,0,0,0
17728,0,0,0,0,0,0,1,1,0,0,0,0
17729,1,0,1,0,0,0,0,0,0,0,0,0
17730,0,35,0,0,0,0,0,0,0,0,0,0
17731,0,0,0,7,3,27,0,0,0,0,0,0
17732,0,0,0,1,2,0,0,0,0,0,0,0
17733,0,0,0,0,0,1,0,0,0,1,712,0
17734,0,0,0,0,0,0,0,0,0,20,161,14
17735,0,0,0,2,0,17,0,0,0,0,0,0
17736,0,0,0,21,4,98,0,0,0,0,0,0
17737,0,51,0,0,0,0,0,0,0,0,0,0
17738,0,0,0,0,0,2,0,0,0,2,229,0
17739,2,30,8,0,0,0,1,0,0,0,0,0
17740,0,0,0,0,0,1,0,0,0,2,85,0
17741,0,0,0,0,0,0,15,10,0,0,0,0
17742,0,0,0,1,1,56,0,0,0,0,0,0
17743,199,67,2,12,0,0,3,0,0,0,0,0
17744,1,35,4,0,0,0,0,0,0,0,0,0
17745,0,0,4,0,0,52,0,0,0,96,1714,43
17746,0,0,0,0,0,18,0,0,0,66,1183,0
17747,0,0,0,0,0,31,0,0,0,54,2196,1
17748,0,0,0,38,18,113,0,0,0,0,1,0
17749,0,0,0,0,1,0,20,224,13,0,0,0
17750,0,0,0,0,0,0,0,0,0,4,446,0
17751,0,0,0,6,436,33,0,6,0,0,0,0
17752,0,0,0,0,0,0,0,0,0,0,0,0
17753,0,0,0,0,0,0,2,5,0,0,0,0
17754,0,0,0,0,0,0,0,5,0,0,0,0
17755,0,9,25,0,0,0,0,0,0,1,0,0
17756,0,0,0,0,0,0,107,0,1,0,0,0
17757,1,26,5,0,0,0,0,0,0,0,0,0
17758,0,15,1,0,0,0,0,0,0,0,0,0
17759,0,25,1,0,0,0,0,0,0,0,0,0
17760,0,12,0,0,0,0,0,0,0,0,0,0
17761,0,0,0,0,2,0,18,97,9,0,0,0
17762,0,1,0,0,0,14,0,0,0,9,4348,11
17763,0,0,0,2,31,388,0,0,0,0,0,0
17764,0,0,0,0,0,0,3,5,0,0,0,0
17765,0,0,0,0,0,2,0,0,0,0,0,0
17766,0,0,0,0,0,54,0,0,0,9,2161,2
17767,0,0,0,2,6,3,0,0,0,0,0,0
17768,0,0,0,0,1,2,0,0,0,0,0,0
17769,0,0,0,0,0,34,0,0,0,0,0,0
17770,0,13,0,0,0,0,0,0,0,0,0,0
17771,0,0,0,0,0,5,0,0,0,0,0,0
17772,0,0,0,3,1,98,0,0,0,0,0,0
17773,0,0,0,4,0,2,0,0,0,0,0,0
17774,0,0,0,0,0,0,0,0,0,0,3,0
17775,1,20,1,0,0,0,0,0,0,0,0,0
17776,0,0,0,0,0,0,0,0,0,0,1,0
17777,0,0,0,0,0,0,0,0,0,1,4,0
17778,0,0,0,0,7,13,0,0,0,0,0,0
17779,0,0,0,0,0,0,0,0,0,0,0,0
17780,0,0,0,0,0,0,0,0,0,0,0,0
17781,0,0,0,0,0,318,0,0,0,0,0,0
17782,0,0,0,0,0,0,0,0,0,0,0,0
17783,3,0,0,0,0,0,0,0,0,0,0,0
17784,0,0,0,0,1,84,0,0,0,0,0,0
17785,0,0,0,0,0,1,0,0,0,0,0,0
17786,0,0,0,0,0,0,0,0,0,0,2,0
17787,12,20,2,0,0,0,0,0,0,0,0,0
17788,0,0,0,0,0,0,0,0,0,0,0,1
17789,0,0,0,0,0,0,0,0,0,0,0,0
17790,0,0,0,0,1,0,72,399,1,0,0,0
17791,0,0,0,0,0,0,0,0,0,0,0,0
17792,0,8,0,0,0,0,0,0,0,0,0,0
17793,0,0,0,0,0,35,0,0,0,0,0,0
17794,0,0,0,0,0,0,24,19,0,0,0,0
17795,0,0,0,0,0,5,0,0,0,0,535,5
17796,0,0,0,1,11,80,0,0,0,0,1,0
17797,0,0,0,0,0,0,14,4,0,0,0,0
17798,0,0,0,0,0,15,0,0,0,0,0,0
17799,19,335,1,1,0,0,6,0,0,0,0,0
17800,0,0,0,0,0,0,10,7,2,0,0,0
17801,0,0,0,0,0,0,0,0,0,0,19,0
17802,0,0,1,0,0,1,0,0,0,128,87,0
17803,0,0,0,0,23,1,0,0,0,0,0,0
17804,0,0,0,0,0,0,0,0,0,0,23,0
17805,11,47,2,0,0,0,0,0,0,0,0,0
17806,0,2,0,0,0,0,0,0,0,0,0,0
17807,0,15,0,0,0,0,0,0,0,0,0,0
17808,0,0,0,0,1,0,95,188,14,0,0,1
17809,2,6,6,0,0,0,0,0,0,0,0,0
17810,0,0,0,0,0,0,0,0,0,0,0,0
17811,0,0,0,1,0,35,0,0,0,0,1,0
17812,0,0,0,0,0,6,0,0,0,0,0,0
17813,0,0,0,1,0,1,0,0,0,0,0,0
17814,0,1,0,0,1,0,67,133,0,0,0,0
17815,0,0,0,0,0,0,160,0,1,0,0,0
17816,0,0,0,0,0,0,1,19,0,0,0,0
17817,0,14,2,0,0,0,0,0,0,0,0,0
17818,0,0,0,0,0,0,0,0,0,15,104,0
17819,0,0,0,0,0,1,0,0,0,0,0,0
17820,0,21,0,0,0,0,0,0,0,0,0,0
17821,0,0,0,0,0,0,0,0,0,6,56,0
17822,0,0,0,0,0,2,0,0,0,2,1125,2
17823,8,163,1,0,0,0,0,0,0,0,0,0
17824,0,1,0,0,0,0,0,0,0,0,0,0
17825,0,0,0,0,0,0,0,0,0,3,215,0
17826,0,0,0,2,10,37,0,0,0,0,0,0
17827,0,0,0,0,0,0,0,0,0,6,3,0
17828,3,9,1,0,0,0,0,0,0,0,0,0
17829,6,17,0,0,0,0,0,0,0,0,0,0
17830,0,1,0,0,0,0,0,0,0,0,0,0
17831,0,0,0,0,0,0,0,0,0,0,2,1
17832,0,0,0,2,5,18,0,0,0,0,0,0
17833,0,0,0,0,0,0,0,0,0,0,0,0
17834,0,0,0,0,0,3,0,0,0,0,0,0
17835,0,0,0,18,3,87,0,0,0,0,1,0
17836,0,0,0,0,0,0,1,2,1,0,0,0
17837,0,0,0,0,0,0,0,0,0,0,0,0
17838,0,0,0,0,0,43,0,0,0,0,0,0
17839,0,0,0,0,1,1,0,0,0,0,0,0
17840,0,0,0,0,0,0,0,0,0,0,3,0
17841,18,83,45,0,0,0,0,0,0,0,0,0
17842,0,0,0,0,1,1,0,0,0,0,0,0
17843,0,0,0,0,0,0,0,0,0,0,3,0
17844,5,74,1,0,0,0,1,0,0,0,0,0
17845,0,0,0,0,0,1,0,0,0,0,2,0
17846,0,0,1,0,0,0,0,0,0,0,0,0
17847,0,1,0,0,0,0,142,0,0,0,0,0
17848,0,0,0,0,0,0,0,5,0,0,0,0
17849,0,0,0,0,0,0,0,3,0,0,0,0
17850,0,0,0,0,0,1,0,0,0,19,879,2
17851,0,0,0,0,1,0,0,0,0,0,0,0
17852,0,0,0,0,0,0,0,0,0,0,12,0
17853,7,28,2,0,0,0,0,0,0,0,0,0
17854,0,0,0,0,0,0,1,1,0,0,0,0
17855,0,0,0,0,0,0,0,0,0,0,0,0
17856,0,29,0,0,0,0,0,0,0,0,0,0
17857,0,0,0,3,0,3,0,0,0,0,0,0
17858,0,1282,0,0,0,0,2,0,0,0,0,0
17859,0,0,0,0,0,145,0,0,0,0,0,0
17860,0,0,0,0,0,0,74,23,0,0,0,0
17861,0,319,4,0,0,0,0,0,0,0,0,0
17862,0,0,0,0,0,0,0,0,0,6,203,4
17863,0,0,0,3,0,134,0,0,0,0,0,0
17864,1,18,1,0,0,0,0,0,0,0,0,0
17865,0,0,0,1,0,1214,0,0,0,0,4,0
17866,0,0,0,0,0,0,16,0,1,0,0,0
17867,0,0,0,1,0,7,0,0,0,0,0,0
17868,0,0,0,0,0,0,0,0,0,1,18,1
17869,0,60,0,0,0,0,0,0,0,0,0,0
17870,0,0,0,0,0,6,0,0,0,0,0,0
17871,2,25,2,0,0,0,0,0,0,0,0,0
17872,0,0,0,1,6,31,0,0,0,0,1,0
17873,0,0,0,3,0,1,0,0,0,0,0,0
17874,0,0,0,0,0,0,0,0,0,0,107,1
17875,0,36,0,0,0,0,0,0,0,0,0,0
17876,0,0,0,0,0,0,0,0,0,2,40,0
17877,0,0,0,3,6,115,0,0,0,0,26,0
17878,0,0,0,0,0,0,0,0,0,0,2,0
17879,1,0,1,0,0,0,0,0,0,0,0,0
17880,2,48,5,0,0,0,0,0,0,0,0,0
17881,1,6,0,0,0,0,0,0,0,0,0,0
17882,0,0,0,0,0,0,0,0,0,0,1,0
17883,0,0,0,0,0,0,0,0,0,23,169,1
17884,1,18,0,0,0,0,0,0,0,0,0,0
17885,0,0,0,0,0,0,0,0,0,0,4,0
17886,0,0,0,10,2,38,0,0,0,0,0,0
17887,0,0,0,0,0,0,4,1,0,0,0,0
17888,0,2,0,0,0,0,0,0,0,0,0,0
17889,1,22,1,0,0,0,0,0,0,0,0,0
17890,0,5,0,0,0,0,0,0,0,0,0,0
17891,0,0,0,0,0,0,0,0,0,1,1,0
17892,4,66,36,0,0,0,0,0,0,0,0,0
17893,0,1,0,0,0,0,29,55,2,0,0,0
17894,0,0,0,0,0,0,0,0,0,0,93,1
17895,0,0,0,17,4,26,0,0,0,0,0,0
17896,0,0,0,0,0,0,0,0,0,0,1,0
17897,0,0,0,0,0,0,0,0,0,0,0,0
17898,0,0,0,0,0,0,0,0,0,0,177,1
17899,0,0,0,0,0,1,0,0,0,0,0,0
17900,0,0,0,0,0,0,0,0,0,0,4,0
17901,0,0,0,2,6,54,0,0,0,0,0,0
17902,0,0,0,0,2,0,0,0,0,0,0,0
17903,0,0,0,0,0,0,1,0,0,0,0,0
17904,0,0,0,0,0,11,0,0,0,0,0,0
17905,0,2,0,0,0,0,0,0,0,0,0,0
17906,1,17,1,0,0,0,0,0,0,0,0,0
17907,0,0,0,0,0,24,0,0,0,0,0,0
17908,0,1,0,0,1,0,41,32,0,0,0,0
17909,0,0,0,0,0,2,0,0,0,0,0,0
17910,1,63,3,0,0,0,0,0,0,0,0,0
17911,0,0,1,0,0,0,0,0,0,0,0,0
17912,1,1,0,0,0,0,0,0,0,0,0,0
17913,0,0,0,0,0,0,0,0,0,0,386,0
17914,0,0,24,0,0,0,0,0,0,1,0,0
17915,0,0,0,0,0,0,0,3,0,0,0,0
17916,0,54,0,0,0,0,1,0,0,0,0,0
17917,0,0,0,0,0,0,0,0,0,0,0,0
17918,0,0,0,0,0,0,0,0,0,0,0,0
17919,0,0,0,0,0,34,0,0,0,0,0,0
17920,0,1,0,0,0,0,0,0,0,0,0,0
17921,0,0,0,0,0,0,0,0,0,0,0,0
17922,0,0,0,0,0,50,0,0,0,0,0,0
17923,0,0,0,0,0,0,0,3,0,0,0,0
17924,0,0,0,0,1,0,0,0,0,0,0,0
17925,4,0,0,334,0,9,0,0,0,0,0,0
17926,0,0,0,0,1,0,0,2,1,0,0,0
17927,0,0,0,0,0,0,0,0,0,0,5,0
17928,0,0,0,7,1,50,0,0,0,0,0,0
17929,0,24,0,0,0,0,0,0,0,0,0,0
17930,0,0,0,0,1,6,0,0,0,0,0,0
17931,0,0,0,2,0,47,0,0,0,0,0,0
17932,0,0,0,0,0,0,0,0,0,0,0,0
17933,0,0,0,0,0,0,0,0,0,0,0,0
17934,0,0,18,0,0,0,0,0,0,323,310,0
17935,0,0,5,0,0,0,0,0,0,0,0,0
17936,0,0,0,0,0,0,0,2,0,0,0,0
17937,1,56,0,0,0,0,1,0,0,0,0,0
17938,0,0,0,0,0,0,60,16,0,0,0,0
17939,0,0,0,0,0,1,0,0,0,1,171,0
17940,12,37,1,0,0,0,0,0,0,0,0,0
17941,1,9,2,0,0,0,0,0,0,0,0,0
17942,1,2,1,0,0,0,0,0,0,0,0,0
17943,0,39,0,0,0,0,0,0,0,0,0,0
17944,0,0,0,0,1,0,53,362,2,0,0,0
17945,0,0,0,0,0,3,0,0,0,0,0,0
17946,6,25,0,0,0,0,0,0,0,0,0,0
17947,0,0,0,0,0,0,0,0,1,0,0,0
17948,0,0,0,0,0,0,0,1,0,0,0,0
17949,0,0,0,0,0,0,0,0,0,2,126,0
17950,7,1,2,0,0,0,0,0,0,0,0,0
17951,0,0,0,0,0,7,0,0,0,0,0,0
17952,2,1,0,0,0,0,0,0,0,0,0,0
17953,0,0,0,0,0,0,0,0,0,3,1,0
17954,0,0,0,0,0,1,0,0,0,0,0,0
17955,0,0,0,1,3,13,0,0,0,0,0,0
17956,0,0,0,3,3,8,0,0,0,0,0,0
17957,0,0,0,0,0,0,1,10,0,0,0,0
17958,0,0,0,0,0,0,0,0,0,0,58,0
17959,7,75,2,0,0,0,0,0,0,0,0,0
17960,0,0,0,0,0,4,0,0,0,0,0,0
17961,0,72,0,0,0,0,0,0,0,0,0,0
17962,0,60,2,0,0,0,0,0,0,0,0,0
17963,0,0,0,0,0,285,0,0,0,0,0,0
17964,0,0,0,0,4,0,39,1517,3,0,0,0
17965,0,0,0,0,4,0,0,0,0,0,0,0
17966,0,0,0,0,0,0,0,0,0,1,17,0
17967,0,0,0,3,4,26,0,0,0,0,1,0
17968,0,0,0,0,0,0,1,4,0,0,0,0
17969,0,49,1,0,0,0,0,0,0,0,0,0
17970,0,0,0,0,0,183,0,0,0,0,14,0
17971,0,36,1,0,0,0,0,0,0,0,0,0
17972,0,0,0,0,0,0,27,10,6,0,0,0
17973,4,38,9,0,0,0,0,0,0,0,0,0
17974,0,0,0,0,1,0,21,64,0,0,0,0
17975,0,2,0,0,0,0,0,0,0,0,0,0
17976,0,0,1,0,0,2,0,0,0,62,274,0
17977,0,0,0,0,0,42,0,0,0,20,2659,3
17978,0,0,0,0,0,6,0,0,0,0,0,0
17979,0,0,0,0,14,42,0,1,0,0,0,0
17980,0,0,0,0,0,14,0,0,0,0,0,0
17981,1,0,0,0,0,0,0,0,0,0,0,0
17982,0,0,0,0,0,24,0,0,0,0,1,0
17983,0,2,0,0,0,0,18,10,1,0,0,0
17984,0,25,13,0,0,0,0,0,0,0,0,0
17985,0,0,0,0,0,0,0,0,0,0,157,0
17986,0,47,0,0,0,0,0,0,0,0,0,0
17987,0,13,3,0,0,0,0,0,0,0,0,0
17988,0,0,0,0,7,0,38,85,0,0,0,0
17989,0,0,0,0,0,6,0,0,0,0,0,0
17990,0,0,0,0,0,0,0,0,0,0,0,0
17991,0,1,0,0,0,0,18,0,1,0,0,0
17992,0,0,0,0,0,0,0,0,0,2,2,0
17993,43,62,0,0,0,0,2,0,0,0,0,0
17994,0,22,19,0,0,0,0,0,0,0,0,0
17995,0,0,0,0,5,51,0,0,0,0,0,0
17996,0,0,0,0,5,0,0,0,0,0,0,0
17997,0,0,0,0,0,82,0,0,0,0,0,0
17998,1,8,0,0,0,0,0,0,0,0,0,0
17999,0,0,0,0,0,22,0,0,0,4,2120,0
18000,2,34,0,0,0,0,0,0,0,0,0,0
18001,1,5,4,0,0,0,0,0,0,0,0,0
18002,0,0,0,0,0,0,49,18,16,0,0,0
18003,0,0,0,0,1,5,0,0,0,0,0,0
18004,0,0,0,0,0,0,0,0,0,1,26,0
18005,0,0,0,0,6,1,0,0,0,0,0,0
18006,0,0,0,7,4,13,0,0,0,0,0,0
18007,0,0,0,0,0,0,13,0,0,0,0,0
18008,0,23,21,0,0,0,0,0,0,0,0,0
18009,0,21,2,0,0,0,0,0,0,0,0,0
18010,1,42,0,0,0,0,0,0,0,0,0,0
18011,0,0,0,0,0,0,0,0,0,0,0,0
18012,0,0,0,3,0,126,0,0,0,0,0,0
18013,0,0,0,0,0,0,0,0,0,0,3,0
18014,0,0,0,0,0,0,0,0,0,1,2,0
18015,2,64,3,0,0,0,0,0,0,0,0,0
18016,0,0,0,0,0,0,0,0,0,0,5,0
18017,0,0,0,0,0,0,1,6,1,0,0,0
18018,0,0,0,1,0,3694,0,0,0,0,8,0
18019,0,11,0,0,0,0,0,0,0,0,0,0
18020,0,3,0,0,0,0,492,6,2,0,0,0
18021,0,0,0,0,0,0,277,37,1,0,0,0
18022,4,2,32,0,0,0,0,0,0,0,0,0
18023,0,56,5,0,0,0,0,0,0,0,0,0
18024,0,0,0,1,0,49,0,0,0,0,0,0
18025,0,0,0,0,0,0,16,15,0,0,0,0
18026,0,0,0,0,0,10,0,0,0,0,0,0
18027,0,0,0,0,0,0,17,211,2,0,0,0
18028,0,2,0,0,30,2,159,4355,0,0,0,0
18029,0,0,0,0,0,0,0,0,0,2,722,0
18030,10,9,2,0,0,0,0,0,0,0,0,0
18031,0,2,1,0,0,0,0,0,0,0,0,0
18032,0,0,0,0,0,1,0,0,0,43,1118,1
18033,0,0,0,0,3,52,0,0,0,0,1,0
18034,0,0,0,0,1,11,0,0,0,0,0,0
18035,0,0,0,0,0,1,0,0,0,0,0,0
18036,0,5,0,0,0,0,0,0,0,0,0,0
18037,0,0,0,0,0,0,0,0,0,2,1,0
18038,3,0,0,0,0,0,0,0,0,0,0,0
18039,4,67,10,0,0,0,0,0,0,0,0,0
18040,0,0,0,0,0,0,5,342,0,0,0,0
18041,0,0,0,0,0,0,0,0,0,1,13,0
18042,0,0,0,32,23,35,0,0,0,0,0,0
18043,0,0,0,0,0,0,5,0,2,0,0,0
18044,5,5,1,0,0,0,0,0,0,0,0,0
18045,2,20,1,0,0,0,0,0,0,0,0,0
18046,0,0,7,0,0,0,0,0,0,0,0,0
18047,0,12,5,0,0,0,0,0,0,0,0,0
18048,0,0,0,0,0,57,0,0,0,0,0,0
18049,0,0,0,0,0,0,33,11,8,0,0,0
18050,0,0,0,0,0,7,0,0,0,0,0,0
18051,13,29,5,0,0,0,0,0,0,0,0,0
18052,0,8,0,0,0,0,0,0,0,0,0,0
18053,0,0,0,0,0,0,0,0,0,0,29,1
18054,0,31,1,0,0,0,0,0,0,0,0,0
18055,0,0,0,0,0,0,106,0,2,0,0,0
18056,0,0,0,0,0,0,2,9,0,0,0,0
18057,1,32,4,0,0,0,0,0,0,0,0,0
18058,0,0,0,0,0,0,0,0,0,1,10,0
18059,0,0,0,0,0,0,0,0,0,0,0,0
18060,0,0,1,0,0,8,0,0,0,60,2272,2
18061,0,0,0,0,0,0,0,0,0,0,0,0
18062,0,0,0,1,0,2,0,0,0,0,0,0
18063,0,0,0,2,0,8,0,0,0,0,0,0
18064,1,0,0,0,0,0,0,0,0,0,0,0
18065,0,4,0,0,0,0,0,0,0,0,0,0
18066,0,51,0,0,0,0,0,0,0,0,0,0
18067,0,0,0,0,0,0,1,5,2,0,0,0
18068,1,0,0,0,0,0,0,0,0,0,0,0
18069,0,0,0,0,1,17,0,0,0,0,0,0
18070,0,0,0,2,0,2,0,0,0,0,0,0
18071,0,0,0,0,0,0,0,1,0,0,0,0
18072,0,0,0,0,0,13,0,0,0,0,0,0
18073,0,0,1,0,0,0,0,0,0,0,0,0
18074,0,0,0,0,0,0,0,0,2,0,0,0
18075,0,0,0,0,0,10,0,0,0,0,0,0
18076,1,0,0,0,0,0,0,0,0,0,0,0
18077,0,50,3,0,0,0,0,0,0,0,0,0
18078,0,0,0,0,0,0,41,54,2,0,0,0
18079,0,1,0,0,16,0,132,509,0,0,0,0
18080,0,0,0,0,0,2,0,0,0,0,0,0
18081,1,25,0,0,0,0,0,0,0,0,0,0
18082,0,20,2,0,0,0,0,0,0,0,0,0
18083,0,0,0,3,5,597,0,0,0,0,5,0
18084,0,0,0,0,0,0,0,0,0,6,207,1
18085,1,27,0,0,0,0,0,0,0,0,0,0
18086,0,0,0,0,0,2,0,0,0,21,2312,0
18087,0,0,0,9,27,87,0,0,0,0,2,0
18088,0,0,0,0,0,0,23,49,4,0,0,0
18089,0,0,0,0,0,0,1,3,2,0,0,0
18090,0,0,0,0,0,0,148,36,0,0,0,0
18091,0,0,0,0,0,29,0,0,0,0,0,0
18092,0,0,0,0,0,0,0,0,0,0,0,0
18093,4,51,1,0,0,0,0,0,0,0,0,0
18094,0,0,0,0,0,0,0,0,0,0,1,0
18095,0,1,0,0,0,0,0,0,0,0,0,0
18096,0,0,0,0,0,90,0,0,0,0,0,0
18097,0,0,0,0,0,0,0,0,0,0,1,0
18098,0,0,0,0,0,0,0,0,0,1,3,0
18099,0,0,0,12,2,173,0,0,0,0,0,0
18100,0,42,1,0,0,0,0,0,0,0,0,0
18101,0,0,0,0,0,0,0,0,0,0,5,0
18102,1,43,6,0,0,0,0,0,0,0,0,0
18103,0,0,0,0,0,0,0,0,0,0,2,0
18104,4,0,0,0,0,0,0,0,0,0,0,0
18105,0,0,0,0,0,0,96,520,104,0,0,0
18106,0,0,0,0,0,0,1,195,2,0,0,0
18107,0,0,0,0,0,0,0,0,0,0,2,1
18108,7,75,3,1,0,0,2,0,0,0,0,0
18109,0,0,0,0,0,0,0,0,0,17,29,0
18110,0,0,0,0,0,0,0,0,0,0,55,0
18111,1,0,0,102,0,63,0,0,0,0,0,0
18112,0,1,0,0,0,0,0,0,0,0,0,0
18113,0,0,0,0,0,0,0,0,0,0,6,0
18114,14,24,0,0,0,0,0,0,0,0,0,0
18115,0,0,0,0,0,11,0,0,0,35,1401,1
18116,0,25,0,0,0,0,0,0,0,0,0,0
18117,0,0,0,0,0,0,0,0,0,3,63,0
18118,0,0,1,0,0,0,0,0,0,68,37,0
18119,0,0,0,5,14,1,0,0,0,0,0,0
18120,0,0,0,0,0,34,0,0,0,0,138,0
18121,8,60,0,0,0,0,0,0,0,0,0,0
18122,0,0,0,0,0,0,4,39,0,0,0,0
18123,0,0,0,1,0,27,0,0,0,0,0,0
18124,0,0,0,0,0,0,1,5,0,0,0,0
18125,0,0,0,0,0,5,0,0,0,0,0,0
18126,0,0,0,32,8,115,0,0,0,0,0,0
18127,0,0,0,0,0,0,3,5,0,0,0,0
18128,0,7,1,0,0,0,0,0,0,0,0,0
18129,0,0,0,0,0,29,0,0,0,3,1402,1
18130,3,19,0,0,0,0,0,0,0,0,0,0
18131,0,0,0,0,0,22,0,0,0,1,6198,0
18132,0,0,0,8,1,316,0,0,0,0,3,0
18133,1,6,0,0,0,0,0,0,0,0,0,0
18134,1,41,5,0,0,0,0,0,0,0,0,0
18135,1,17,2,0,0,0,0,0,0,0,0,0
18136,0,0,0,0,0,2,0,0,0,0,0,0
18137,0,0,0,3,8,1,0,0,0,0,0,0
18138,0,0,0,0,0,0,0,0,0,8,112,0
18139,1,5,1,0,0,0,0,0,0,0,0,0
18140,4,15,0,0,0,0,0,0,0,0,0,0
18141,0,34,0,0,0,0,0,0,0,0,0,0
18142,1,9,0,0,0,0,0,0,0,0,0,0
18143,0,0,0,0,0,0,0,0,0,2,17,1
18144,0,0,0,11,3,129,0,0,0,0,1,0
18145,0,0,0,0,0,0,3,1,0,0,0,0
18146,16,26,53,0,0,0,0,0,0,0,0,0
18147,11,30,4,0,0,0,0,0,0,0,0,0
18148,0,0,0,0,0,0,54,85,2,0,0,0
18149,0,0,0,0,0,0,1,104,0,0,0,0
18150,0,0,0,1,1,24,0,0,0,0,0,0
18151,0,0,0,1,0,18,0,0,0,0,0,0
18152,0,0,0,0,0,0,0,0,0,0,0,0
18153,2,94,1,0,0,0,0,0,0,0,0,0
18154,0,0,0,0,0,0,0,0,0,0,0,0
18155,0,0,0,0,0,0,4,60,0,0,0,0
18156,0,0,0,2,0,12,0,0,0,0,0,0
18157,0,0,0,0,0,0,2,46,0,0,0,0
18158,0,0,0,0,1,17,0,0,0,0,0,0
18159,0,0,0,8,5,33,0,0,0,0,0,0
18160,0,0,0,0,0,0,16,10,1,0,0,0
18161,1,1,5,0,0,0,0,0,0,0,0,0
18162,0,0,0,0,0,0,0,0,0,1,289,0
18163,2,6979,4,0,0,0,26,0,0,0,0,0
18164,0,0,0,0,0,31,0,0,0,0,0,0
18165,1,1,1,0,0,0,0,0,0,0,0,0
18166,0,0,0,0,0,4,0,0,0,1,649,1
18167,0,0,0,0,0,6,0,0,0,32,1187,0
18168,1,0,0,11,9,63,0,0,0,0,0,0
18169,0,2,0,0,1,0,864,221,2,0,0,0
18170,0,0,0,0,0,0,7,61,1,0,0,0
18171,0,0,0,0,0,23,0,0,0,6,2947,0
18172,7,19,1,0,0,0,0,0,0,0,0,0
18173,0,0,0,3,0,50,0,0,0,0,0,0
18174,1,12,0,0,0,0,0,0,0,0,0,0
18175,0,0,0,0,0,0,0,0,0,4,798,0
18176,0,0,0,0,0,8,0,0,0,18,3010,0
18177,0,0,0,2,0,51,0,0,0,0,0,0
18178,1,3,1,0,0,0,0,0,0,0,0,0
18179,0,35,0,0,0,0,0,0,0,0,0,0
18180,0,1,0,0,0,0,251,34,0,0,0,0
18181,0,0,0,0,0,0,192,17,0,0,0,0
18182,3,36,1,0,0,0,0,0,0,0,0,0
18183,0,0,0,0,0,0,0,0,0,1,160,0
18184,3,67,2,0,0,0,0,0,0,0,0,0
18185,0,0,0,0,1,47,0,0,0,0,0,0
18186,0,0,0,0,8,0,10,1110,9,0,0,0
18187,8,16,0,0,0,0,0,0,0,0,0,0
18188,0,0,0,0,0,0,0,0,0,1,21,0
18189,0,0,0,0,0,1,0,0,0,7,653,0
18190,0,0,0,0,0,0,0,0,0,0,0,0
18191,2,2,0,0,0,0,0,0,0,0,0,0
18192,0,0,0,1,0,17,0,0,0,0,0,0
18193,1,0,1,0,0,0,0,0,0,0,0,0
18194,0,0,0,0,0,0,4,3,2,0,0,0
18195,0,58,1,0,0,0,0,0,0,0,0,0
18196,0,0,0,0,0,0,0,0,0,0,0,0
18197,0,0,0,0,0,0,74,2,0,0,0,0
18198,0,3,0,0,0,0,0,0,0,0,0,0
18199,0,0,0,0,0,0,0,0,0,6,2,1
18200,0,0,0,0,0,0,0,0,0,0,0,0
18201,0,0,0,0,0,0,0,0,0,0,21,0
18202,2,28,0,0,0,0,0,0,0,0,0,0
18203,0,0,0,0,0,12,0,0,0,0,0,0
18204,0,0,0,0,0,0,0,0,0,103,25,0
18205,0,0,0,0,1,1,0,0,0,0,0,0
18206,0,0,0,0,0,0,0,0,0,0,6,0
18207,0,0,0,0,0,13,0,0,0,0,0,0
18208,0,14,0,0,0,0,0,0,0,0,0,0
18209,0,0,0,1,0,6,0,0,0,0,0,0
18210,0,0,0,0,13,0,16,279,0,0,0,0
18211,0,5,4,0,0,0,0,0,0,0,0,0
18212,0,0,0,0,0,0,0,0,0,0,0,0
18213,0,0,0,0,0,0,45,162,1,0,0,0
18214,0,9,0,0,0,0,229,11,0,0,0,0
18215,0,0,0,0,0,0,0,4,1,0,0,0
18216,0,0,0,0,1,21,0,0,0,0,0,0
18217,0,0,0,0,0,8,0,0,0,0,0,0
18218,0,0,0,0,0,6,0,0,0,0,0,0
18219,0,0,0,0,0,2,0,0,0,0,0,0
18220,1,0,0,0,0,0,0,0,0,0,0,0
18221,2,25,1,0,0,0,1,0,0,0,0,0
18222,0,26,0,0,0,0,0,0,0,0,0,0
18223,5,14,6,0,0,0,0,0,0,0,0,0
18224,0,0,0,0,0,131,0,0,0,0,0,0
18225,0,0,0,0,0,0,10,335,3,0,0,0
18226,0,2,1,0,0,0,0,0,0,0,0,0
18227,1,30,3,0,0,0,0,0,0,0,0,0
18228,0,0,0,8,2,46,0,0,0,0,0,0
18229,0,0,0,0,0,6,0,0,0,0,0,0
18230,0,21,0,0,0,0,0,0,0,0,0,0
18231,0,0,0,0,0,395,0,0,0,0,0,0
18232,0,0,0,0,0,0,0,0,0,3,6,1
18233,2,4,0,0,0,0,0,0,0,0,0,0
18234,1,7,3,0,0,0,0,0,0,0,0,0
18235,0,0,0,0,0,0,5,1,0,0,0,0
18236,0,0,0,0,0,0,0,0,0,0,0,0
18237,0,0,0,5,0,53,0,0,0,0,0,0
18238,0,9,0,0,0,0,0,0,0,0,0,0
18239,1,27,5,0,0,0,0,0,0,0,0,0
18240,0,0,0,3,2,33,0,0,0,0,0,0
18241,0,0,0,0,0,0,7,4,0,0,0,0
18242,0,0,0,0,0,0,5,18,0,0,0,0
18243,0,0,0,0,1,5,0,0,0,0,0,0
18244,0,0,0,0,0,3,0,0,0,0,0,0
18245,0,0,0,0,0,0,0,0,0,0,0,0
18246,0,0,0,0,0,0,0,0,0,0,377,0
18247,0,0,0,0,0,0,0,0,0,6,157,1
18248,0,0,0,0,0,0,0,0,0,21,362,0
18249,0,0,0,28,2,32,0,0,0,0,0,0
18250,0,9,0,0,0,0,1,0,0,0,0,0
18251,0,14,2,0,0,0,0,0,0,0,0,0
18252,0,0,0,0,0,4,0,0,0,0,1516,0
18253,6,12,0,0,0,0,0,0,0,0,0,0
18254,0,0,0,0,0,10,0,0,0,0,0,0
18255,0,0,0,0,14,0,178,2375,11,0,0,0
18256,0,0,0,1,0,3,0,0,0,0,0,0
18257,0,0,0,1,0,2,0,0,0,0,0,0
18258,0,0,0,1,0,56,0,0,0,0,0,0
18259,1,163,1,0,0,0,2,0,0,0,0,0
18260,0,0,0,1,15,179,0,0,0,0,0,0
18261,0,0,0,0,0,1,0,0,0,7,280,0
18262,2,47,0,0,0,0,0,0,0,0,0,0
18263,0,0,0,0,0,0,0,0,0,13,39,3
18264,0,0,0,0,0,2,0,0,0,57,431,0
18265,0,0,0,0,0,0,0,0,0,6,80,2
18266,0,0,0,0,0,0,15,20,1,0,0,0
18267,0,0,0,0,0,0,0,0,0,8,396,0
18268,0,0,0,0,0,0,1,3,1,0,0,0
18269,2,12,4,0,0,0,0,0,0,0,0,0
18270,12,44,14,0,0,0,0,0,0,0,0,0
18271,0,0,0,0,0,0,20,0,0,0,0,0
18272,0,4,4,0,0,0,0,0,0,0,0,0
18273,5,56,9,0,0,0,0,0,0,0,0,0
18274,0,0,0,0,0,0,19,15,1,0,0,0
18275,0,0,0,0,0,0,0,0,0,0,4,6
18276,0,0,0,1,0,46,0,0,0,0,0,0
18277,0,29,0,0,0,0,0,0,0,0,0,0
18278,0,0,0,1,0,20,0,0,0,0,0,0
18279,1,3,0,0,0,0,0,0,0,0,0,0
18280,0,8,12,0,0,0,0,0,0,0,0,0
18281,0,2,0,0,0,0,54,4,0,0,0,0
18282,0,24,2,0,0,0,0,0,0,0,0,0
18283,0,0,0,0,0,0,0,0,0,3,45,1
18284,0,184,0,0,0,0,0,0,0,0,0,0
18285,0,0,0,1,9,17,0,0,0,0,0,0
18286,0,0,0,0,0,0,59,31,1,0,0,0
18287,0,0,0,0,0,32,0,0,0,0,0,0
18288,0,15,1,0,0,0,0,0,0,0,0,0
18289,0,0,0,0,0,0,0,0,0,1,5,0
18290,0,0,0,0,0,0,0,0,0,0,0,0
18291,0,0,0,4,3,58,0,0,0,0,0,0
18292,0,0,0,0,0,0,4,668,1,0,0,0
18293,0,0,0,0,0,0,0,0,0,0,5,0
18294,8,172,0,0,0,0,0,0,0,0,0,0
18295,0,0,0,0,0,0,0,0,0,0,0,0
18296,0,0,0,0,0,0,0,0,0,0,0,0
18297,0,0,0,0,0,0,0,3,1,0,0,0
18298,4,120,12,0,0,0,0,0,0,0,0,0
18299,0,0,0,0,0,22,0,0,0,0,0,0
18300,0,0,0,21,187,45,0,0,0,0,0,0
18301,0,0,0,0,0,0,7,1,0,0,0,0
18302,0,0,0,0,0,0,1,2,1,0,0,0
18303,0,0,0,0,0,1,0,0,0,16,337,0
18304,0,0,0,2,2,14,0,0,0,0,0,0
18305,0,0,0,0,2,2,0,0,0,0,0,0
18306,0,0,0,0,0,0,0,0,0,5,234,0
18307,0,0,0,0,0,0,0,5,0,0,0,0
18308,0,0,0,0,0,0,0,0,0,0,0,0
18309,0,0,0,0,0,54,0,0,0,0,0,0
18310,0,0,0,0,0,0,18,3,0,0,0,0
18311,0,0,0,0,3,44,0,0,0,0,0,0
18312,0,0,0,0,0,0,0,0,0,49,594,0
18313,0,0,0,0,0,0,0,0,0,0,0,0
18314,1,3,0,0,0,0,0,0,0,0,0,0
18315,0,8,0,0,0,0,443,2,1,0,0,0
18316,0,0,0,0,0,0,0,2,0,0,0,0
18317,0,0,0,0,0,0,1,0,2,0,0,0
18318,0,0,0,0,4,0,60,870,0,0,0,0
18319,0,0,0,2,0,0,0,0,0,0,0,0
18320,0,0,0,0,0,0,1,6,0,0,0,0
18321,0,0,0,0,0,68,0,0,0,0,0,0
18322,0,0,0,0,0,0,0,0,0,1,320,0
18323,4,4,0,0,0,0,0,0,0,0,0,0
18324,0,0,0,1,4,15,0,0,0,0,0,0
18325,0,0,0,0,0,0,8,10,1,0,0,0
18326,0,0,0,0,0,1,0,0,0,0,569,0
18327,0,0,0,2,2,47,0,0,0,0,0,0
18328,0,2,0,0,0,0,0,0,0,0,0,0
18329,0,0,0,0,0,0,0,0,0,8,474,1
18330,0,0,0,6,0,7,0,0,0,0,0,0
18331,0,4,0,0,0,0,0,0,0,0,0,0
18332,0,0,0,0,0,0,12,41,4,0,0,0
18333,2,43,0,0,0,0,0,0,0,0,0,0
18334,0,0,0,0,0,0,1,0,0,0,0,0
18335,2,38,8,0,0,0,0,0,0,0,0,0
18336,0,26,2,0,0,0,0,0,0,0,0,0
18337,0,0,0,0,0,0,6,124,1,0,0,0
18338,0,0,0,0,0,0,0,0,0,5,15,0
18339,0,0,0,26,0,6,0,0,0,0,0,0
18340,0,0,0,0,0,0,91,11,0,0,0,0
18341,0,0,0,0,0,2,0,0,0,0,0,0
18342,0,0,0,4,4,38,0,0,0,0,0,0
18343,0,0,0,0,0,0,1,3,0,0,0,0
18344,0,0,0,0,0,0,1,0,0,0,0,0
18345,0,0,0,0,0,29,0,0,0,0,0,0
18346,2,6,0,0,0,0,0,0,0,0,0,0
18347,0,0,0,0,0,0,0,0,0,1,4,0
18348,0,0,0,0,0,16,0,0,0,17,2428,2
18349,0,0,6,0,0,0,0,0,0,0,0,0
18350,3,4,0,0,0,0,0,0,0,0,0,0
18351,0,0,0,0,0,76,0,0,0,0,0,0
18352,0,0,0,1,2,11,0,0,0,0,0,0
18353,0,0,0,0,0,2,0,0,0,0,0,0
18354,0,3,0,0,0,0,0,0,0,0,0,0
18355,0,0,0,0,0,0,0,0,0,0,3,0
18356,0,0,0,0,0,0,0,0,0,0,3,1
18357,0,0,0,3,6,17,0,0,0,0,0,0
18358,0,0,0,1,0,98,0,0,0,0,0,0
18359,0,0,0,0,0,2,0,0,0,0,0,0
18360,1,73,0,0,0,0,0,0,0,0,0,0
18361,0,0,0,0,0,0,0,0,0,0,2,1
18362,0,0,0,0,0,0,0,0,0,0,0,0
18363,0,1,0,0,0,0,151,0,0,0,0,0
18364,0,0,0,0,0,0,0,0,0,5,40,0
18365,0,0,0,1,0,0,0,0,0,0,0,0
18366,0,555,0,0,0,0,2,0,0,0,0,0
18367,0,0,0,0,0,0,3,0,0,0,0,0
18368,0,0,0,0,0,0,0,11,0,0,0,0
18369,0,0,0,0,10,7,0,0,0,0,0,0
18370,0,0,0,1,0,5,0,0,0,0,0,0
18371,0,0,0,0,0,2,0,0,0,0,0,0
18372,0,0,0,0,0,35,0,0,0,0,0,0
18373,0,0,0,0,3,2,0,0,0,0,0,0
18374,0,0,0,0,0,0,0,0,0,0,9,1
18375,0,0,0,3,0,52,0,0,0,0,0,0
18376,1,9,3,0,0,0,0,0,0,0,0,0
18377,0,0,0,0,0,1,0,0,0,1,1084,0
18378,3,22,5,0,0,0,0,0,0,0,0,0
18379,0,33,0,0,0,0,76,181,0,0,0,0
18380,0,0,0,0,0,0,8,30,0,0,0,0
18381,0,0,0,0,2,8,0,0,0,0,0,0
18382,0,0,0,0,2,0,50,190,0,0,0,0
18383,0,0,0,0,0,7,0,0,0,0,0,0
18384,0,0,0,2,0,37,0,0,0,0,0,0
18385,1,7,0,0,0,0,0,0,0,0,0,0
18386,0,5,0,0,0,0,0,0,0,0,0,0
18387,0,0,0,0,0,1,0,0,0,1,70,0
18388,0,0,1,0,0,1,0,0,0,93,126,0
18389,0,0,0,1,0,3,0,0,0,0,0,0
18390,6,55,0,0,0,0,0,0,0,0,0,0
18391,0,0,0,0,0,0,26,22,0,0,0,0
18392,0,0,0,0,0,3,0,0,0,0,0,0
18393,0,0,0,11,5,15,0,0,0,0,0,0
18394,0,0,0,0,0,0,18,168,3,0,0,0
18395,0,0,0,0,0,1,0,0,0,0,1762,0
18396,0,0,0,3,0,28,0,0,0,0,0,0
18397,0,0,0,0,1,0,120,185,0,0,0,0
18398,0,0,0,0,0,79,0,0,0,0,0,0
18399,1,67,1,0,0,0,0,0,0,0,0,0
18400,0,0,0,0,0,0,0,0,0,0,99,0
18401,0,0,0,0,0,0,0,0,0,1,130,0
18402,0,0,0,38,1,141,0,0,0,0,1,0
18403,0,108,0,0,0,0,0,0,0,0,0,0
18404,0,0,0,0,0,0,0,0,0,0,13,0
18405,7,24,2,0,0,0,0,0,0,0,0,0
18406,0,0,0,0,0,0,1,3,0,0,0,0
18407,0,0,0,0,0,0,0,0,2,0,0,0
18408,0,0,0,0,0,31,0,0,0,0,0,0
18409,0,0,0,0,0,3,0,0,0,0,0,0
18410,2,42,1,0,0,0,1,0,0,0,0,0
18411,0,0,0,0,0,58,0,0,0,0,0,0
18412,0,0,0,0,1,0,20,816,0,0,0,0
18413,0,0,0,0,0,0,0,0,0,0,0,0
18414,0,0,0,9,5,13,0,0,0,0,0,0
18415,0,0,0,0,0,0,1,3,1,0,0,0
18416,1,0,0,0,0,0,0,0,0,0,0,0
18417,0,0,0,0,0,1109,0,0,0,0,17,0
18418,2,1,0,0,0,0,0,0,0,0,0,0
18419,0,0,0,0,0,1,0,0,0,0,4,0
18420,0,7,0,0,0,0,0,0,0,0,0,0
18421,0,0,0,0,0,0,0,0,0,1,63,0
18422,0,0,0,0,0,0,0,0,0,14,5,0
18423,0,0,0,2,0,56,0,0,0,0,0,0
18424,1,56799,0,0,0,0,274,8,0,0,0,0
18425,1,35,31,0,0,0,0,0,0,0,0,0
18426,0,0,0,0,0,186,0,0,0,0,3,0
18427,4,3,0,0,0,0,0,0,0,0,0,0
18428,0,24,11,0,0,0,0,0,0,0,0,0
18429,0,0,0,3,4,381,0,0,0,0,1,0
18430,0,0,0,0,0,0,0,0,0,0,0,0
18431,0,0,0,0,0,0,0,0,0,0,167,0
18432,1,62,4,0,0,0,0,0,0,0,0,0
18433,0,0,0,0,0,0,74,23,6,0,0,0
18434,2,18,5,0,0,0,0,0,0,0,0,0
18435,0,0,0,4,97,61,0,2,0,0,1,0
18436,0,0,0,0,7,15,0,0,0,0,0,0
18437,0,0,0,0,7,0,0,0,0,0,0,0
18438,0,0,0,4,2,22,0,0,0,0,0,0
18439,0,0,0,8,25,3,0,0,0,0,0,0
18440,0,0,0,0,0,0,0,0,0,15,59,0
18441,0,0,0,0,0,0,0,0,0,59,207,0
18442,0,10,11,0,0,0,0,0,0,0,0,0
18443,0,0,0,0,0,0,19,22,0,0,0,0
18444,0,15,1,0,0,0,0,0,0,0,0,0
18445,0,0,0,0,0,0,27,18,3,0,0,0
18446,0,0,0,0,0,0,0,0,0,0,0,0
18447,0,0,0,3,1,28,0,0,0,0,0,0
18448,0,23,0,0,0,0,0,0,0,0,0,0
18449,0,0,0,0,2,0,25,242,1,0,0,0
18450,0,0,0,2,2,12,0,0,0,0,0,0
18451,0,0,0,0,0,0,1,0,1,0,0,0
18452,0,0,0,0,0,2,0,0,0,0,521,0
18453,0,0,0,6,0,128,0,0,0,1,0,0
18454,1,2,3,0,0,0,0,0,0,0,0,0
18455,1,21,0,0,0,0,0,0,0,0,0,0
18456,13,45,0,0,0,0,0,0,0,0,0,0
18457,0,0,0,0,0,2,0,0,0,36,746,2
18458,0,0,0,0,0,0,0,0,0,5,29,0
18459,26,10,0,0,0,0,0,0,0,0,0,0
18460,0,0,0,0,0,0,0,0,0,0,2,1
18461,0,0,0,0,0,0,0,0,0,0,3,0
18462,0,0,0,0,3,0,81,168,0,0,0,0
18463,0,0,0,0,0,4,0,0,0,12,712,0
18464,0,0,0,0,0,0,0,0,0,66,63,0
18465,0,0,0,6,11,316,0,0,0,0,3,0
18466,0,0,0,0,0,0,17,0,0,0,0,0
18467,0,0,0,0,0,0,5,2,0,0,0,0
18468,8,559,101,0,0,0,0,0,0,0,0,0
18469,0,0,0,0,0,0,26,26,0,0,0,0
18470,3,113,3,0,0,0,0,0,0,0,0,0
18471,0,0,0,56,168,678,0,0,0,0,2,0
18472,0,0,0,0,0,0,0,0,0,10,1,1
18473,11,10,0,0,0,0,0,0,0,0,0,0
18474,1,16,7,0,0,0,0,0,0,0,0,0
18475,0,0,0,0,0,3,0,0,0,0,0,0
18476,0,0,0,1,0,1,0,0,0,0,0,0
18477,0,0,0,0,0,13,0,0,0,0,1,0
18478,1,6,1,0,0,0,0,0,0,0,0,0
18479,0,75,4,0,0,0,0,0,0,0,0,0
18480,1,35,0,0,0,0,0,0,0,0,0,0
18481,0,0,0,0,0,0,0,0,0,1,57,0
18482,2,0,0,0,0,0,0,0,0,0,0,0
18483,0,0,0,0,0,0,0,0,0,6,543,0
18484,0,0,0,0,0,0,0,0,0,4,3,0
18485,0,0,0,0,0,2,0,0,0,0,0,0
18486,0,0,0,0,0,16,0,0,0,3,4164,3
18487,11,30,1,0,0,0,0,0,0,0,0,0
18488,0,0,0,0,0,270,0,0,0,0,0,0
18489,0,1,0,0,0,0,0,0,0,0,0,0
18490,0,0,0,0,0,0,0,0,0,20,87,0
18491,0,0,0,0,0,1,0,0,0,22,90,0
18492,5,31,1,0,0,0,0,0,0,0,0,0
18493,0,0,0,0,0,0,0,0,0,6,58,0
18494,0,0,0,0,0,1,0,0,0,0,0,0
18495,0,0,0,4,5,21,0,0,0,0,0,0
18496,0,21,1,0,0,0,0,0,0,0,0,0
18497,0,0,0,1,1,0,0,0,0,0,0,0
18498,0,0,0,0,7,0,8,631,1,0,0,0
18499,0,0,0,1,1,278,0,0,0,0,0,0
18500,0,22,0,0,0,0,0,0,0,0,0,0
18501,0,0,0,0,0,0,0,0,0,0,591,0
18502,1,0,0,0,0,0,0,0,0,0,0,0
18503,1,31,1,0,0,0,0,0,0,0,0,0
18504,2,29,0,0,0,0,0,0,0,0,0,0
18505,0,0,0,0,0,0,0,2,0,0,0,0
18506,0,0,0,0,0,0,0,7,1,0,0,0
18507,1,52,23,0,0,0,0,0,0,0,0,0
18508,0,0,0,0,0,4,0,0,0,37,1536,41
18509,0,0,0,1,15,7,0,0,0,0,0,0
18510,0,0,0,2,5,48,0,0,0,0,0,0
18511,0,0,0,0,0,0,0,0,0,19,253,1
18512,0,0,0,0,0,0,0,0,0,29,99,0
18513,0,0,0,6,30,55,0,0,0,0,0,0
18514,0,0,0,0,0,3,0,0,0,0,0,0
18515,0,0,0,0,0,0,1,2,0,0,0,0
18516,0,0,0,0,0,0,5,9,0,0,0,0
18517,1,2,21,0,0,0,0,0,0,0,0,0
18518,0,216,6,0,0,0,0,0,0,0,0,0
18519,0,0,0,0,2,33,0,0,0,0,0,0
18520,0,0,0,0,0,0,32,91,1,0,0,0
18521,0,0,0,0,0,2,0,0,0,0,0,0
18522,4,15,0,0,0,0,0,0,0,0,0,0
18523,0,0,0,0,0,0,3,57,0,0,0,0
18524,0,0,0,0,2,1,0,0,0,0,0,0
18525,0,0,0,0,2,0,10,450,6,0,0,0
18526,0,0,0,0,0,0,0,0,0,1,672,0
18527,0,0,0,0,0,0,9,6,1,0,0,0
18528,0,0,0,0,0,24,0,0,0,0,0,0
18529,2,37,2,0,0,0,0,0,0,0,0,0
18530,0,0,0,0,0,25,0,0,0,0,0,0
18531,2,18,0,0,0,0,0,0,0,0,0,0
18532,3,0,1,0,0,0,0,0,0,0,0,0
18533,2,109,0,0,0,0,3,0,0,0,0,0
18534,0,0,0,0,0,0,91,51,0,0,0,0
18535,1,158,4,0,0,0,0,0,0,0,0,0
18536,0,0,0,0,2,11,0,0,0,0,0,0
18537,0,0,0,8,3,24,0,0,0,0,1,0
18538,0,1,0,0,15,0,112,2843,4,0,0,0
18539,0,0,0,0,0,15,0,0,0,0,0,0
18540,0,43,2,0,0,0,0,0,0,0,0,0
18541,0,0,0,0,0,0,0,0,0,2,2,0
18542,1,6,0,0,0,0,0,0,0,0,0,0
18543,1,33,0,0,0,0,0,0,0,0,0,0
18544,0,21,1,0,0,0,0,0,0,0,0,0
18545,0,0,0,0,0,103,0,0,0,0,0,0
18546,0,0,0,0,5,0,35,620,0,0,0,0
18547,0,0,0,1,1,8,0,0,0,0,0,0
18548,0,0,0,0,0,1,0,0,0,0,0,0
18549,0,11,8,0,0,0,0,0,0,0,0,0
18550,1,1060,0,0,0,0,0,0,0,0,0,0
18551,0,0,0,0,0,0,1,1,1,0,0,0
18552,0,0,0,0,1,10,0,0,0,0,0,0
18553,0,0,0,0,0,0,1,2,0,0,0,0
18554,0,6,0,0,0,0,0,0,0,0,0,0
18555,0,0,0,0,0,27,0,0,0,1,7655,0
18556,1,20,0,0,0,0,0,0,0,0,0,0
18557,0,0,0,0,0,1,0,0,0,34,105,0
18558,0,4,1,0,0,0,0,0,0,0,0,0
18559,0,0,0,0,0,0,0,0,0,0,129,0
18560,0,0,0,0,1,0,0,0,0,0,0,0
18561,0,0,0,3,25,29,0,1,0,0,0,0
18562,0,7,0,0,0,0,1,0,0,0,0,0
18563,0,28,1,0,0,0,0,0,0,0,0,0
18564,0,19,3,0,0,0,0,0,0,0,0,0
18565,2,90,2,0,0,0,3,0,0,0,0,0
18566,1,19,20,0,0,0,0,0,0,0,2,0
18567,0,0,0,2,1,232,0,0,0,0,2,0
18568,0,0,0,0,0,6,0,0,0,13,2046,3
18569,0,0,0,1,1,4,0,0,0,0,0,0
18570,0,0,0,0,0,3,0,0,0,21,1303,0
18571,0,0,0,3,7,6,0,0,0,0,0,0
18572,0,0,0,0,0,0,0,0,0,1,6,2
18573,0,0,0,37,0,14,0,0,0,0,0,0
18574,0,0,0,0,0,0,15,3,0,0,0,0
18575,0,6,3,0,0,0,0,0,0,0,0,0
18576,0,0,0,0,0,0,0,0,0,1,500,0
18577,0,16,2,0,0,0,0,0,0,0,0,0
18578,0,0,0,0,0,0,14,3,0,0,0,0
18579,1,10,8,0,0,0,0,0,0,0,0,0
18580,0,0,0,0,0,0,198,4,0,0,0,0
18581,0,0,0,0,0,13,0,0,0,0,0,0
18582,0,0,0,0,0,3,0,0,0,10,577,0
18583,0,0,0,0,1,0,190,438,5,0,0,0
18584,0,0,0,0,0,34,0,0,0,0,0,0
18585,6,1126,42,0,0,0,10,0,0,0,0,0
18586,0,0,0,0,3,48,0,0,0,0,0,0
18587,0,0,0,0,0,0,0,0,0,0,0,0
18588,0,0,0,3,2,19,0,0,0,0,0,0
18589,0,0,0,0,0,0,21,49,0,0,0,0
18590,0,0,0,0,0,3,0,0,0,0,0,0
18591,0,0,0,0,0,0,0,0,11,19,157,1887
18592,0,0,0,0,3,10,0,0,0,0,0,0
18593,0,0,0,0,0,22,0,0,0,0,0,0
18594,5,133,0,0,0,0,2,0,0,0,0,0
18595,0,0,0,0,2,1,0,0,0,0,0,0
18596,0,0,0,0,0,0,4,34,1,0,0,0
18597,0,0,0,0,0,0,0,3,1,0,0,0
18598,0,0,0,0,0,0,16,39,1,0,0,0
18599,0,0,0,0,0,1,0,0,0,0,63,3
18600,10,307,1,0,0,0,1,0,0,0,0,0
18601,0,0,0,0,0,1,0,0,0,0,96,1
18602,1,6,1,0,0,0,0,0,0,0,0,0
18603,0,0,0,3,7,175,0,0,0,0,5,0
18604,0,0,0,0,0,0,2,11,0,0,0,0
18605,0,0,0,0,0,0,0,3,0,0,0,0
18606,0,0,0,0,0,2,0,0,0,1,125,3
18607,0,0,0,0,3,1,0,0,0,0,0,0
18608,0,0,0,0,0,1,0,0,0,0,0,0
18609,0,0,0,2,0,24,0,0,0,0,0,0
18610,0,0,0,0,0,0,0,0,1,0,0,0
18611,0,1,0,0,0,0,0,0,0,0,0,0
18612,0,0,0,0,0,0,30,23,0,0,0,0
18613,0,0,0,1,0,8,0,0,0,0,0,0
18614,0,0,0,0,0,0,0,0,0,0,0,0
18615,0,0,0,0,0,0,33,13,3,0,0,0
18616,0,17,0,0,0,0,0,0,0,0,0,0
18617,0,0,0,0,0,0,0,0,0,0,0,0
18618,0,69,2,0,0,0,0,0,0,0,0,0
18619,0,0,0,1,5,1,0,0,0,0,0,0
18620,0,0,0,0,0,0,0,0,0,0,2,2
18621,0,0,0,0,0,7,0,0,0,0,0,0
18622,1,5,0,0,0,0,0,0,0,0,0,0
18623,0,0,0,1,0,302,0,0,0,0,1,0
18624,0,0,0,0,0,0,2,42,0,0,0,0
18625,0,0,1,0,0,0,0,0,0,0,0,0
18626,0,86,0,0,0,0,0,0,0,0,0,0
18627,0,0,0,0,0,0,18,11,0,0,0,0
18628,0,0,0,0,0,1,0,0,0,0,0,0
18629,1,9,1,0,0,0,0,0,0,0,0,0
18630,0,0,0,0,0,198,0,0,0,0,0,0
18631,0,0,0,0,1,3,0,0,0,0,0,0
18632,0,0,0,1,37,0,0,0,0,0,0,0
18633,0,0,0,1,0,2,0,0,0,0,0,0
18634,0,0,0,0,0,0,10,71,1,0,0,0
18635,0,0,0,0,1,7,0,0,0,0,0,0
18636,0,0,0,0,0,0,65,186,0,0,0,0
18637,3,0,0,0,0,0,0,0,0,0,0,0
18638,0,23,1,0,0,0,0,0,0,0,0,0
18639,0,29,0,0,0,0,1,0,0,0,0,0
18640,0,18,23,0,0,0,0,0,0,0,0,0
18641,0,0,0,1,0,12,0,0,0,0,0,0
18642,3,12,1,0,0,0,0,0,0,0,0,0
18643,0,0,0,0,0,0,1,2,1,0,0,0
18644,0,0,0,0,0,0,1,2,0,0,0,0
18645,0,6,0,0,0,0,0,0,0,0,0,0
18646,0,0,0,0,0,0,0,0,0,21,385,0
18647,1,0,0,0,0,9,0,0,0,33,2367,0
18648,0,0,0,27,2,60,0,0,0,0,0,0
18649,0,0,0,0,0,0,5,2,7,0,0,0
18650,15,12,7,0,0,0,0,0,0,0,0,0
18651,0,1,0,0,4,0,327,1363,4,0,0,0
18652,0,0,0,0,0,0,0,0,0,1,212,0
18653,0,0,0,0,0,0,26,18,1,0,0,0
18654,0,0,0,0,0,5,0,0,0,3,396,0
18655,1,2,1,0,0,0,0,0,0,0,0,0
18656,0,0,0,0,0,0,0,0,0,3,16,0
18657,0,0,3,0,0,26,0,0,0,64,1337,3
18658,0,0,0,0,0,1,0,0,0,0,0,0
18659,0,0,0,0,0,0,0,1,1,0,0,0
18660,0,0,0,0,0,41,0,0,0,0,1,0
18661,0,0,0,10,0,1,0,0,0,0,0,0
18662,0,0,0,0,0,0,0,3,169,0,0,0
18663,0,0,0,0,0,37,0,0,0,0,0,0
18664,0,0,0,0,0,5,0,0,0,1,162,0
18665,0,0,0,0,0,1,0,0,0,0,0,0
18666,1,5,2,0,0,0,0,0,0,0,0,0
18667,0,0,0,0,1,0,0,0,0,0,0,0
18668,0,0,0,0,0,0,1,1,1,0,0,0
18669,0,0,0,0,0,92,0,0,0,0,0,0
18670,0,0,0,0,0,0,16,7,0,0,0,0
18671,14,70,12,0,0,0,3,0,0,0,0,0
18672,0,0,0,0,1,96,0,0,0,0,1,0
18673,4,30,0,0,0,0,1,0,0,0,0,0
18674,0,2,0,0,0,0,282,17,2,0,0,0
18675,0,70,5,0,0,0,0,0,0,0,0,0
18676,0,0,0,0,0,0,0,0,0,8,67,0
18677,0,0,0,0,0,0,31,141,2,0,0,0
18678,0,0,0,6,5,23,0,0,0,0,0,0
18679,0,0,0,0,0,0,46,23,3,0,0,0
18680,0,0,0,0,0,1,0,0,0,0,39,1
18681,0,0,0,0,0,0,0,0,0,8,575,0
18682,1,43,0,0,0,0,0,0,0,0,0,0
18683,0,0,0,0,0,0,0,0,0,0,143,0
18684,1,26,6,0,0,0,0,0,0,0,0,0
18685,0,0,0,16,1,10,0,0,0,0,0,0
18686,0,0,0,0,0,0,0,102,0,0,0,0
18687,0,0,0,0,0,15,0,0,0,0,1418,0
18688,0,0,0,1,10,39,0,0,0,0,0,0
18689,0,0,0,19,1,13,0,0,0,0,0,0
18690,0,0,0,0,15,49,0,0,0,0,0,0
18691,0,0,0,0,38,1,0,0,0,0,0,0
18692,0,0,0,0,0,0,0,0,0,4,40,0
18693,0,0,0,0,0,18,0,0,0,30,1465,0
18694,1,11,0,0,0,0,0,0,0,0,0,0
18695,0,0,0,0,0,0,0,0,0,211,183,0
18696,0,0,0,80,21,56,0,0,0,0,0,0
18697,0,0,0,0,0,0,122,8,0,0,0,0
18698,0,0,0,0,0,8,0,0,0,1,763,0
18699,0,0,0,5,20,327,0,0,0,0,0,0
18700,0,0,0,8,6,19,0,0,0,0,0,0
18701,0,0,0,0,0,1,0,0,0,0,26,0
18702,133,103,5,0,0,0,0,0,0,0,0,0
18703,0,0,0,0,0,0,22,123,0,0,0,0
18704,10,11,3,0,0,0,0,0,0,0,0,0
18705,0,0,0,0,0,0,0,0,0,0,269,0
18706,0,9,0,0,0,0,0,0,0,0,0,0
18707,0,0,0,0,0,0,0,0,0,7,3,0
18708,0,0,0,1,7,11,0,0,0,0,0,0
18709,0,0,0,0,0,4,0,0,0,0,0,0
18710,1,27,0,0,0,0,4,0,0,0,0,0
18711,0,0,0,0,0,121,0,0,0,0,0,0
18712,0,0,0,0,0,0,29,11,0,0,0,0
18713,0,0,0,0,0,0,0,0,0,1,205,0
18714,0,0,0,0,0,2,0,0,0,44,115,0
18715,0,0,0,0,0,0,0,0,0,0,0,0
18716,0,0,0,0,0,0,0,0,0,0,0,0
18717,0,0,0,0,0,43,0,0,0,0,0,0
18718,0,0,0,0,4,2,0,0,0,0,0,0
18719,0,0,0,0,0,0,0,4,0,0,0,0
18720,0,0,0,0,0,0,2,0,1,0,0,0
18721,0,0,0,0,0,0,0,0,0,2,11,0
18722,8,60,0,0,0,0,0,0,0,0,0,0
18723,0,0,0,0,3,128,0,0,0,0,0,0
18724,0,0,0,0,0,0,0,0,0,0,0,0
18725,0,0,0,0,0,0,0,0,0,0,0,0
18726,0,0,0,0,0,14,0,0,0,0,0,0
18727,0,0,0,0,0,11,0,0,0,0,0,0
18728,0,0,0,0,0,0,0,0,0,0,4,0
18729,0,0,0,0,0,11,0,0,0,0,0,0
18730,0,40,1,0,0,0,0,0,0,0,0,0
18731,0,0,0,2,2,31,0,0,0,0,1,0
18732,0,0,0,12,1,55,0,0,0,0,0,0
18733,0,0,0,0,0,0,6,0,1,0,0,0
18734,0,0,0,0,0,0,8,4,0,0,0,0
18735,0,77,1,0,0,0,0,0,0,0,0,0
18736,0,0,0,0,0,352,0,0,0,0,0,0
18737,0,0,0,0,0,3,0,0,0,0,0,0
18738,0,0,0,0,1,25,0,0,0,0,0,0
18739,0,0,0,0,0,0,3,21,0,0,0,0
18740,0,40,2,0,0,0,0,0,0,0,0,0
18741,0,0,0,0,0,25,0,0,0,0,0,0
18742,0,0,0,1,0,14,0,0,0,0,0,0
18743,2,14,0,0,0,0,0,0,0,0,0,0
18744,0,0,0,0,0,11,0,0,0,0,2725,1
18745,0,0,0,0,0,0,38,153,6,0,0,0
18746,0,0,0,0,0,5,0,0,0,0,0,0
18747,0,0,0,0,0,91,0,0,0,76,2838,45
18748,0,0,0,0,0,11,0,0,0,0,0,0
18749,0,2,0,0,0,0,0,0,0,0,0,0
18750,0,0,0,0,0,131,0,0,0,0,0,0
18751,0,34,0,0,0,0,1,0,0,0,0,0
18752,0,18,0,0,0,0,0,0,0,0,0,0
18753,0,0,0,0,0,56,0,0,0,0,1,0
18754,0,0,0,0,0,0,0,0,0,1,42,0
18755,0,0,0,0,0,0,0,0,0,0,33,0
18756,0,0,0,0,1,0,175,920,21,0,0,0
18757,0,0,0,0,1,16,0,0,0,0,0,0
18758,0,0,0,0,1,33,0,0,0,0,0,0
18759,0,0,0,0,0,13,0,0,0,0,0,0
18760,5,84,1,0,0,0,0,0,0,0,0,0
18761,0,0,0,0,0,32,0,0,0,0,0,0
18762,0,0,0,0,1,0,9,94,0,0,0,0
18763,2,30,3,0,0,0,0,0,0,0,0,0
18764,0,0,0,0,5,17,0,0,0,0,0,0
18765,1,0,0,16,0,8,0,0,0,0,0,0
18766,0,0,0,0,0,0,0,0,0,0,0,0
18767,0,0,0,0,0,0,0,0,0,0,0,0
18768,0,0,0,0,0,27,0,0,0,0,0,0
18769,0,0,0,0,0,0,25,0,0,0,0,0
18770,0,0,0,0,0,5,0,0,0,0,0,0
18771,0,0,0,3,5,33,0,0,0,0,0,0
18772,0,0,0,0,0,0,0,0,0,1,0,0
18773,2,3,0,0,0,0,0,0,0,0,0,0
18774,0,13,0,0,0,0,0,0,0,0,0,0
18775,0,0,0,0,0,0,0,0,0,2,1,0
18776,0,0,0,0,0,0,0,0,0,0,0,0
18777,1,89,0,0,0,0,0,0,0,0,0,0
18778,0,0,0,3,0,1,0,0,0,0,0,0
18779,0,0,0,0,0,0,1,2,0,0,0,0
18780,0,0,0,0,0,0,0,45,0,0,0,0
18781,0,0,0,0,0,0,47,101,0,0,0,0
18782,0,0,0,0,0,0,32,217,0,0,0,0
18783,0,0,0,0,0,17,0,0,0,0,0,0
18784,0,0,0,3,2,16,0,0,0,0,0,0
18785,0,0,0,2,2,10,0,0,0,0,0,0
18786,0,0,0,1,0,15,0,0,0,0,0,0
18787,0,23,0,0,0,0,0,0,0,0,0,0
18788,0,0,0,0,0,118,0,0,0,5,1725,0
18789,3,28,4,0,0,0,0,0,0,0,0,0
18790,0,0,0,0,0,0,11,7,0,0,0,0
18791,0,0,0,0,0,0,2,2,2,0,0,0
18792,0,0,0,0,1,39,0,0,0,0,0,0
18793,1,8,0,0,0,0,0,0,0,0,0,0
18794,0,20,2,0,0,0,0,0,0,0,0,0
18795,0,0,0,0,0,0,0,0,0,48,176,0
18796,0,0,0,0,0,1,0,0,0,0,301,0
18797,0,0,0,0,0,1,0,0,0,0,0,0
18798,3,79,4,0,0,0,1,0,0,0,0,0
18799,0,0,0,0,0,0,0,0,0,25,1,0
18800,5,5,1,0,0,0,0,0,0,0,0,0
18801,3,29,2,0,0,0,0,0,0,0,0,0
18802,33,37,9,0,0,0,0,0,0,0,0,0
18803,0,0,0,0,5,0,52,923,1,0,0,0
18804,0,0,0,0,0,2,0,0,0,9,461,0
18805,0,3,0,0,0,0,0,0,0,0,0,0
18806,0,15,0,0,0,0,0,0,0,0,0,0
18807,0,0,0,0,0,0,0,0,0,9,81,0
18808,0,0,0,0,0,0,0,0,0,0,2,0
18809,0,0,0,0,0,0,0,0,0,0,0,0
18810,0,0,0,0,1,47,0,0,0,0,0,0
18811,0,0,0,0,0,0,28,16,1,0,0,0
18812,0,102,7,0,0,0,1,0,0,0,0,0
18813,0,0,0,0,1,129,0,0,0,0,0,0
18814,0,0,0,0,0,5,0,0,0,7,775,2
18815,0,0,0,1,1,22,0,0,0,0,0,0
18816,0,0,0,0,1,0,69,610,59,0,0,0
18817,0,0,0,13,0,16,0,0,0,0,0,0
18818,4,64,0,0,0,0,0,0,0,0,0,0
18819,0,0,0,0,0,25,0,0,0,0,0,0
18820,0,0,0,0,0,0,0,0,0,0,0,0
18821,0,0,0,0,0,0,1,1,1,0,0,0
18822,0,0,0,0,0,50,0,0,0,0,1,0
18823,0,0,0,0,0,0,0,0,0,0,1,0
18824,2,6,0,0,0,0,0,0,0,0,0,0
18825,0,27,55,0,0,0,0,0,0,0,0,0
18826,0,0,0,1,0,0,78,96,1,0,0,0
18827,0,0,0,0,0,34,0,0,0,0,0,0
18828,0,0,0,0,0,5,0,0,0,3,1687,0
18829,0,0,0,0,0,0,0,0,0,0,2,0
18830,1,0,0,0,0,0,0,0,0,0,0,0
18831,0,0,0,0,0,77,0,0,0,0,0,0
18832,0,0,0,0,0,0,20,17,1,0,0,0
18833,0,0,0,0,0,0,10,31,0,0,0,0
18834,0,0,0,1,0,9,0,0,0,0,0,0
18835,2,43,1,0,0,0,0,0,0,0,0,0
18836,1,103,1,0,0,0,0,0,0,0,0,0
18837,0,0,0,1,0,458,0,0,0,0,5,0
18838,0,0,0,0,0,0,1,13,1,0,0,0
18839,0,0,0,0,0,0,0,0,0,1,33,0
18840,0,76,2,0,0,0,1,0,0,0,0,0
18841,0,0,0,0,0,0,0,0,0,0,2,0
18842,0,0,1,0,0,0,0,0,0,0,0,0
18843,0,0,0,0,1,34,0,0,0,0,0,0
18844,0,1,0,0,0,0,65,4,2,0,0,0
18845,0,0,0,0,0,1,0,0,0,0,0,0
18846,6,85,2,0,0,0,0,0,0,0,0,0
18847,0,0,0,0,0,0,1,0,0,0,0,0
18848,0,0,0,0,0,0,0,0,0,0,3,0
18849,0,0,0,2,0,45,0,0,0,0,1,0
18850,0,5,0,0,0,0,0,0,0,0,0,0
18851,0,0,0,0,0,0,8,1,0,0,0,0
18852,0,0,0,2,0,17,0,0,0,0,1,0
18853,0,0,0,2,0,1,0,0,0,0,0,0
18854,0,0,0,0,0,0,9,16,1,0,0,0
18855,0,0,0,0,0,6,0,0,0,0,0,0
18856,0,0,0,0,0,0,0,1,0,0,0,0
18857,0,1,0,0,0,0,0,0,0,0,0,0
18858,0,0,0,0,0,31,0,0,0,0,0,0
18859,0,0,0,0,2,0,0,942,1,0,0,0
18860,0,0,0,0,0,0,0,0,0,2,3,0
18861,16,60,8,0,0,0,0,0,0,0,0,0
18862,0,17,10,0,0,0,0,0,0,0,0,0
18863,0,0,0,0,0,227,0,0,0,0,2,0
18864,0,0,0,0,0,0,0,0,0,2,54,0
18865,0,0,1,0,0,0,0,0,0,0,0,0
18866,0,0,0,0,0,4,0,0,0,0,0,0
18867,0,0,0,0,0,0,8,5,0,0,0,0
18868,3,3,0,0,0,0,0,0,0,0,0,0
18869,0,0,0,0,0,0,0,0,0,3,1,0
18870,0,0,0,3,0,15,0,0,0,0,0,0
18871,0,1,1,0,0,0,0,0,0,0,0,0
18872,0,0,0,0,0,0,26,1,0,0,0,0
18873,0,0,0,0,0,0,63,7,0,0,0,0
18874,0,0,0,0,0,2,0,0,0,0,1,0
18875,0,0,0,0,0,0,3,1,0,0,0,0
18876,0,0,0,0,0,248,0,0,0,0,0,0
18877,0,0,0,0,0,467,0,0,0,5,23637,0
18878,0,0,0,0,0,0,0,0,0,0,0,0
18879,12,28,0,0,0,0,0,0,0,0,0,0
18880,0,0,0,0,0,0,36,134,0,0,0,0
18881,0,0,0,0,0,0,0,0,0,1,161,15
18882,0,0,0,0,0,43,0,0,0,0,0,0
18883,0,0,0,0,0,0,39,3,0,0,0,0
18884,0,0,0,0,1,6,0,0,0,0,0,0
18885,0,0,0,0,0,0,0,0,0,5,150,0
18886,0,0,0,0,0,4,0,0,0,21,38,0
18887,2,88,0,0,0,0,0,0,0,0,0,0
18888,0,0,0,0,0,0,0,0,0,30,276,0
18889,0,0,0,0,0,0,10,1,0,0,0,0
18890,5,6,3,0,0,0,0,0,0,0,0,0
18891,0,0,0,0,5,0,24,2663,0,0,0,0
18892,0,0,0,2,0,0,0,0,0,0,0,0
18893,0,0,0,0,0,0,1,5,2,0,0,0
18894,0,0,0,0,0,10,0,0,0,0,250,0
18895,0,0,0,0,0,6,0,0,0,0,0,0
18896,0,0,0,0,0,0,0,0,0,0,0,0
18897,0,0,0,0,3,44,0,0,0,0,0,0
18898,0,0,0,0,1,0,16,258,1,0,0,0
18899,0,0,0,0,0,8,0,0,0,0,0,0
18900,0,0,0,0,1,34,0,0,0,0,0,0
18901,0,0,0,0,0,0,0,0,0,0,0,0
18902,1,37,13,0,0,0,0,0,0,0,0,0
18903,0,2,0,0,0,0,308,17,0,0,0,0
18904,0,0,0,0,0,0,0,0,0,10,73,0
18905,0,1,0,0,1,0,98,14,2,0,0,0
18906,0,0,0,0,3,29,0,0,0,0,1,0
18907,0,0,0,0,0,0,26,245,0,0,0,0
18908,0,0,0,0,0,1,0,0,0,0,0,0
18909,0,0,0,3,1,39,0,0,0,0,0,0
18910,0,1,0,0,0,0,64,85,2,0,0,0
18911,0,9,3,0,0,0,0,0,0,0,0,0
18912,0,0,1,0,0,1,0,0,0,31,111,0
18913,0,0,0,0,0,0,0,0,0,0,0,0
18914,0,0,0,0,0,0,0,0,0,0,0,0
18915,0,0,0,0,0,0,0,1,0,0,0,0
18916,1,15,1,0,0,0,0,0,0,0,0,0
18917,0,0,0,0,0,0,0,0,0,7,21,0
18918,0,0,0,1,1,19,0,0,0,0,0,0
18919,2,33,0,0,0,0,0,0,0,0,0,0
18920,0,0,0,0,0,45,0,0,0,0,0,0
18921,0,0,0,3,6,9,0,0,0,0,0,0
18922,0,0,0,0,0,0,12,1,0,0,0,0
18923,0,13,2,0,0,0,0,0,0,0,0,0
18924,0,34,5,0,0,0,0,0,0,0,0,0
18925,0,0,0,0,0,4,0,0,0,0,0,0
18926,0,1,0,0,0,0,0,0,0,0,0,0
18927,0,0,0,0,0,178,0,0,0,0,0,0
18928,0,0,0,0,0,3,0,0,0,4,655,3
18929,0,0,0,0,0,0,0,0,0,22,229,0
18930,0,0,0,0,0,41,0,0,0,0,0,0
18931,2,75,36,0,0,0,0,0,0,1,0,0
18932,0,0,0,0,1,177,0,0,0,0,1,0
18933,2,20,1,0,0,0,0,0,0,0,0,0
18934,0,41,0,0,0,0,0,0,0,0,0,0
18935,0,0,0,0,1,0,0,0,0,0,0,0
18936,0,0,0,7,2,218,0,0,0,0,0,0
18937,0,0,0,0,0,0,12,159,0,0,0,0
18938,0,0,0,0,0,0,28,8,0,0,0,0
18939,0,0,0,0,1,21,0,0,0,0,0,0
18940,0,0,0,0,0,0,12,10,0,0,0,0
18941,1,72,19,0,0,0,0,0,0,0,0,0
18942,0,0,0,8,6,107,0,0,0,0,0,0
18943,0,0,0,0,0,0,0,1,1,0,0,0
18944,0,3,0,0,0,0,0,0,0,0,0,0
18945,1,63,0,0,0,0,0,0,0,0,0,0
18946,0,0,0,0,0,0,0,0,0,18,54,0
18947,0,0,0,0,0,27,0,0,0,0,0,0
18948,0,0,0,0,1,0,8,258,9,0,0,0
18949,0,14,4,0,0,0,0,0,0,0,0,0
18950,1,69,32,0,0,0,0,0,0,0,0,0
18951,0,0,0,0,0,0,24,185,2,0,0,0
18952,0,45,4,0,0,0,0,0,0,0,0,0
18953,0,0,0,0,0,11,0,0,0,0,0,0
18954,0,0,0,7,0,12,0,0,0,0,0,0
18955,0,0,0,0,0,0,0,0,0,0,0,0
18956,0,40,0,0,0,0,0,0,0,0,0,0
18957,0,0,0,0,1,48,0,0,0,0,0,0
18958,0,0,0,0,1,0,16,54,3,0,0,0
18959,0,0,0,0,0,0,0,0,0,7,113,0
18960,0,0,0,0,0,0,144,49,0,0,0,0
18961,0,0,0,0,0,0,8,35,1,0,0,0
18962,0,0,0,0,0,0,0,0,0,0,128,0
18963,0,0,0,0,23,34,0,0,0,0,0,0
18964,0,0,0,0,0,1,0,0,0,0,0,0
18965,0,0,0,0,0,0,0,0,0,0,0,0
18966,0,0,0,0,0,8,0,0,0,0,0,0
18967,1,2,2,0,0,0,0,0,0,0,0,0
18968,0,0,0,0,0,0,4,0,0,0,0,0
18969,0,24,0,0,0,0,0,0,0,0,0,0
18970,0,5,4,0,0,0,0,0,0,0,0,0
18971,1,20,3,0,0,0,0,0,0,0,0,0
18972,0,0,0,0,0,0,49,260,17,0,0,0
18973,0,0,0,0,0,0,23,65,0,0,0,0
18974,0,0,0,0,111,7,0,0,0,0,0,0
18975,0,0,0,2,7,23,0,0,0,0,0,0
18976,0,0,0,0,0,0,0,0,0,0,2,2
18977,0,0,0,0,0,0,0,0,0,0,0,0
18978,0,81,0,0,0,0,0,0,0,0,0,0
18979,0,0,0,0,0,1,0,0,0,2,217,0
18980,0,0,7,0,0,0,0,0,0,0,0,0
18981,0,0,0,0,0,4,0,0,0,8,998,6
18982,9,9,2,1,0,0,0,0,0,0,0,0
18983,0,0,0,9,2,17,0,0,0,0,0,0
18984,0,0,0,0,0,0,38,542,6,0,0,0
18985,0,0,0,0,1,0,64,277,2,0,0,0
18986,0,0,0,0,0,9,0,0,0,0,0,0
18987,0,0,0,53,5,11,0,0,0,0,0,0
18988,0,0,0,0,0,0,32,0,0,0,0,0
18989,0,0,0,0,0,8,0,0,0,0,0,0
18990,0,0,0,4,0,70,0,0,0,0,0,0
18991,1,4,0,0,0,0,0,0,0,0,0,0
18992,0,82,1,0,0,0,0,0,0,0,0,0
18993,2,8,0,0,0,0,0,0,0,0,0,0
18994,0,0,0,0,0,0,26,49,0,0,0,0
18995,0,0,0,0,0,0,0,0,0,0,16,0
18996,0,0,0,8,3,9,0,0,0,0,0,0
18997,0,0,0,0,0,0,19,25,0,0,0,0
18998,0,0,0,0,0,1,0,0,0,0,764,0
18999,3,18,21,0,0,0,0,0,0,0,0,0
19000,0,0,0,1,7,38,0,0,0,0,0,0
19001,0,0,0,0,0,1,0,0,0,0,0,0
19002,1,51,0,0,0,0,0,0,0,0,0,0
19003,0,0,0,4,19,24,0,0,0,0,0,0
19004,0,0,0,1,0,2,0,0,0,0,0,0
19005,2,48,1,0,0,0,0,0,0,0,0,0
19006,0,0,0,0,1,0,5,241,0,0,0,0
19007,0,0,0,0,0,0,0,0,0,0,60,1
19008,35,11,2,0,0,0,0,0,0,0,0,0
19009,0,2,0,0,3,0,441,787,3,0,0,0
19010,0,21,3,0,0,0,0,0,0,0,0,0
19011,0,0,0,0,0,4,0,0,0,337,1220,0
19012,1,1,3,0,0,0,0,0,0,0,0,0
19013,1,4,0,0,0,0,0,0,0,0,0,0
19014,6,230,0,0,0,0,1,0,0,0,0,0
19015,0,0,0,6,0,98,0,0,0,0,2,0
19016,0,0,0,15,1,28,0,0,0,0,0,0
19017,0,0,0,1,0,38,0,0,0,12,2132,0
19018,0,0,0,0,0,1,0,0,0,28,696,1
19019,0,0,0,0,0,1,0,0,0,117,168,0
19020,51,18,2,0,0,0,0,0,0,0,0,0
19021,0,0,0,0,0,0,50,50,1,0,0,0
19022,0,0,0,0,0,16,0,0,0,0,0,0
19023,0,0,0,2,6,41,0,0,0,0,0,0
19024,0,0,0,0,0,0,0,0,0,18,15,1
19025,0,0,0,0,0,0,0,0,0,0,0,0
19026,0,0,0,12,11,64,0,0,0,0,0,0
19027,0,0,0,0,0,0,0,0,0,6,71,0
19028,0,8,0,0,0,0,0,0,0,0,0,0
19029,0,0,0,0,0,12,0,0,0,1,897,0
19030,0,0,0,0,0,0,0,4,0,0,0,0
19031,0,0,0,0,0,0,0,0,0,0,0,0
19032,0,0,0,0,0,30,0,0,0,2,1802,0
19033,4,18,3,0,0,0,0,0,0,0,0,0
19034,0,0,0,0,0,0,0,0,0,0,0,0
19035,0,0,0,22,1,1988,0,0,0,1,1955,0
19036,0,0,0,0,0,0,0,0,2,0,0,0
19037,0,0,0,0,0,0,0,1,0,0,0,0
19038,0,0,0,0,0,51,0,0,0,0,0,0
19039,0,3,0,0,0,0,0,0,0,0,0,0
19040,0,3,0,0,0,0,0,0,0,0,0,0
19041,0,0,0,0,0,0,0,0,0,0,88,0
19042,0,0,0,0,0,0,0,0,0,2,2,0
19043,0,0,0,0,0,0,0,0,0,1,2,0
19044,0,0,0,1,0,17,0,0,0,0,0,0
19045,0,1,0,0,0,0,0,0,0,0,0,0
19046,0,2,0,0,0,0,0,0,0,0,0,0
19047,1,12,0,0,0,0,0,0,0,0,0,0
19048,0,0,0,0,0,0,2,3,3,0,0,0
19049,0,0,0,0,0,0,0,0,0,0,3,0
19050,0,0,0,1,1,65,0,0,0,0,0,0
19051,0,25,70,0,0,0,0,0,0,0,0,0
19052,0,0,0,1,0,9,0,0,0,0,0,0
19053,0,0,0,1,4,19,0,0,0,0,0,0
19054,0,2,1,0,0,0,0,0,0,0,0,0
19055,1,51,2,0,0,0,0,0,0,0,0,0
19056,0,1,0,0,0,0,30,68,0,0,0,0
19057,0,0,0,4,0,2,0,0,0,0,0,0
19058,0,0,0,0,0,0,2,4,0,0,0,0
19059,0,0,0,0,0,127,0,0,0,0,0,0
19060,0,0,0,0,0,0,11,65,0,0,0,0
19061,0,0,0,0,0,20,0,0,0,0,0,0
19062,58,26,0,0,0,0,0,0,0,0,0,0
19063,0,0,0,0,0,1,0,0,0,8,89,1
19064,0,0,0,0,0,0,0,0,0,5,19,0
19065,0,0,0,5,9,33,0,0,0,0,0,0
19066,0,0,0,0,0,0,0,0,0,10,0,0
19067,21,10,0,0,0,0,0,0,0,0,0,0
19068,2,18,2,0,0,0,0,0,0,0,0,0
19069,0,0,0,0,0,0,14,67,0,0,0,0
19070,0,0,0,0,0,2,0,0,0,0,196,0
19071,0,0,0,18,0,30,0,0,0,0,0,0
19072,0,0,0,0,4,0,16,478,0,0,0,0
19073,0,117,4,0,0,0,0,0,0,0,0,0
19074,0,0,0,0,3,84,0,0,0,0,0,0
19075,0,0,0,0,0,0,27,3,1,0,0,0
19076,0,0,0,0,0,7,0,0,0,0,0,0
19077,4,36,28,0,0,0,0,0,0,0,0,0
19078,0,0,0,0,0,0,14,0,1,0,0,0
19079,1,3951,13,0,0,0,4,0,0,0,0,0
19080,2,71,24,0,0,0,0,0,0,0,0,0
19081,0,0,0,0,0,0,0,0,0,0,0,0
19082,0,0,0,0,0,0,0,1,0,0,0,0
19083,0,0,0,0,0,0,1,7,0,0,0,0
19084,0,23,4,0,0,0,1,0,0,0,0,0
19085,2,165,2,0,0,0,0,0,0,0,0,0
19086,0,0,0,0,8,0,76,1771,32,0,0,0
19087,0,0,0,0,0,10,0,0,0,0,0,0
19088,0,0,0,0,1,15,0,0,0,0,2,0
19089,0,0,0,0,0,0,0,0,0,0,104,0
19090,0,0,0,0,0,1,0,0,0,0,0,0
19091,0,17,0,0,0,0,4,0,0,0,0,0
19092,0,0,0,0,0,68,0,0,0,0,2,0
19093,0,0,0,0,0,0,0,1,2,0,0,0
19094,0,0,0,0,0,0,0,0,0,0,0,0
19095,0,0,0,1,0,126,0,0,0,0,0,0
19096,0,0,0,0,0,0,60,43,0,0,0,0
19097,0,0,0,0,0,0,0,0,0,4,253,2
19098,5,43,4,0,0,0,0,0,0,0,0,0
19099,0,0,0,0,0,0,0,0,0,1,1,1
19100,2,21,0,0,0,0,0,0,0,0,0,0
19101,0,0,0,0,0,0,39,576,114,0,0,0
19102,0,0,0,0,0,0,0,0,0,1,150,0
19103,0,0,0,0,0,0,0,0,0,0,11,0
19104,0,0,0,0,7,22,0,0,0,0,0,0
19105,0,0,0,2,0,3,0,0,0,0,0,0
19106,0,0,0,0,0,0,7,4,0,0,0,0
19107,0,0,0,0,0,13,0,0,0,0,0,0
19108,2,16,0,0,0,0,0,0,0,0,0,0
19109,0,0,0,0,0,0,9,185,0,0,0,0
19110,0,0,0,0,1,6,0,0,0,0,0,0
19111,0,0,0,0,0,0,22,10,1,0,0,0
19112,0,12,6,0,0,0,0,0,0,0,0,0
19113,0,0,0,0,0,0,0,0,0,22,165,0
19114,0,0,0,0,0,0,0,0,0,0,0,0
19115,0,7,4,0,0,0,0,0,0,0,0,0
19116,2,124,0,0,0,0,1,0,0,0,0,0
19117,0,0,0,0,0,0,15,376,2,0,0,0
19118,0,0,0,0,0,1,0,0,0,1,800,2
19119,0,0,0,2,14,65,0,0,0,0,0,0
19120,0,0,0,0,0,2,0,0,0,0,0,0
19121,3,29,1,0,0,0,0,0,0,0,0,0
19122,0,0,0,0,0,31,0,0,0,0,0,0
19123,0,0,0,0,0,0,0,0,0,0,0,0
19124,2,6,0,0,0,0,0,0,0,0,0,0
19125,1,8,0,0,0,0,0,0,0,0,0,0
19126,0,90,0,0,0,0,0,0,0,0,0,0
19127,0,0,0,0,0,7,0,0,0,0,0,0
19128,1,1,0,0,0,0,0,0,0,0,0,0
19129,0,0,0,0,0,0,35,0,0,0,0,0
19130,1,2,20,0,0,0,0,0,0,0,0,0
19131,0,17,13,0,0,0,0,0,0,0,0,0
19132,0,0,0,0,0,0,60,0,0,0,0,0
19133,0,7,2,0,0,0,0,0,0,0,0,0
19134,2,28,1,0,0,0,1,0,0,0,0,0
19135,0,0,0,3,0,63,0,0,0,0,0,0
19136,0,0,0,2,2,2,0,0,0,0,0,0
19137,82,129,0,0,0,0,0,0,0,0,0,0
19138,0,0,0,0,3,21,0,0,0,0,0,0
19139,0,0,0,1,1,9,0,0,0,0,0,0
19140,0,0,0,0,0,0,0,0,0,2,90,0
19141,0,0,0,0,0,0,0,0,0,0,0,0
19142,3,0,1,0,0,0,0,0,0,0,0,0
19143,0,0,0,0,1,55,0,0,0,0,1,0
19144,0,0,0,2,5,1,0,0,0,0,0,0
19145,0,0,0,0,0,0,0,0,0,2,330,1
19146,0,0,0,0,0,17,0,0,0,0,0,0
19147,0,0,0,0,0,13,0,0,0,0,2,0
19148,2,24,0,0,0,0,0,0,0,0,0,0
19149,0,0,0,0,0,118,0,0,0,0,0,0
19150,0,1,0,0,0,0,245,6,5,0,0,0
19151,0,0,0,0,0,1,0,0,0,4,549,0
19152,0,0,0,0,0,2,0,0,0,106,379,0
19153,0,12,0,0,0,0,0,0,0,0,0,0
19154,0,0,0,0,0,3,0,0,0,2,167,1
19155,0,7,8,0,0,0,0,0,0,0,0,0
19156,0,0,0,0,0,0,0,0,0,1,177,1
19157,0,0,0,0,0,0,0,0,0,0,0,0
19158,0,0,0,0,11,238,0,0,0,0,1,0
19159,0,0,0,1,32,2,0,0,0,0,0,0
19160,0,0,0,0,0,1,0,0,0,5,672,0
19161,0,0,0,8,4,72,0,0,0,0,1,0
19162,0,0,0,0,0,0,187,86,12,0,0,0
19163,0,40,3,0,0,0,0,0,0,0,0,0
19164,0,0,0,0,0,11,0,0,0,21,3539,0
19165,0,31,0,0,0,0,0,0,0,0,0,0
19166,1,29,1,0,0,0,0,0,0,0,0,0
19167,1,2140,6,0,0,0,50,9,1,0,0,0
19168,0,0,0,0,0,24,0,0,0,0,0,0
19169,0,0,0,0,3,2,0,0,0,0,0,0
19170,0,0,0,0,0,21,0,0,0,3,2075,1
19171,2,22,0,0,0,0,0,0,0,0,0,0
19172,0,0,0,0,0,0,0,0,0,2,456,1
19173,0,9,0,0,0,0,0,0,0,0,0,0
19174,0,0,0,0,0,0,25,57,0,0,0,0
19175,4,29,232,0,0,0,0,0,0,2,0,0
19176,0,0,0,2,2,70,0,0,0,0,2,0
19177,0,0,0,0,0,0,3,8,0,0,0,0
19178,0,0,0,0,0,0,1,1,0,0,0,0
19179,0,0,0,1,1,40,0,0,0,0,0,0
19180,0,0,0,0,20,0,167,1668,0,0,0,0
19181,0,0,0,0,0,6,0,0,0,0,0,0
19182,4,381,2,0,0,0,2,0,0,0,0,0
19183,0,0,0,2,0,3,0,0,0,0,0,0
19184,0,0,0,0,0,0,0,12,4,0,0,0
19185,0,0,0,0,0,7,0,0,0,2,1613,0
19186,0,0,0,0,0,8,0,0,0,66,1017,0
19187,0,0,0,1,0,1,0,0,0,0,0,0
19188,2,48,2,0,0,0,0,0,0,0,0,0
19189,0,0,0,0,2,8,0,0,0,0,0,0
19190,0,0,0,0,0,0,0,0,0,0,0,0
19191,0,0,0,0,2,6,0,0,0,0,0,0
19192,0,0,0,0,0,0,0,0,0,0,0,0
19193,0,0,0,0,0,0,0,1,0,0,0,0
19194,0,0,0,0,0,0,0,0,0,0,0,0
19195,0,0,0,0,0,0,0,0,0,0,0,0
19196,0,0,0,0,0,0,0,0,0,0,0,0
19197,0,0,0,0,0,19,0,0,0,0,0,0
19198,0,0,0,1,0,0,0,0,0,0,0,0
19199,0,0,0,0,0,0,0,3,0,0,0,0
19200,0,0,0,0,0,0,0,0,0,0,228,0
19201,1,6,1,0,0,0,0,0,0,0,0,0
19202,0,7,0,0,0,0,0,0,0,0,0,0
19203,0,0,0,1,0,59,0,0,0,0,0,0
19204,0,0,0,0,0,0,19,5,0,0,0,0
19205,0,0,0,0,0,23,0,0,0,0,0,0
19206,0,0,0,0,0,2,0,0,0,11,309,0
19207,0,0,0,0,0,0,43,1,2,0,0,0
19208,0,32,3,0,0,0,0,0,0,0,0,0
19209,0,0,0,0,10,38,0,0,0,0,0,0
19210,1,14,0,0,0,0,0,0,0,0,0,0
19211,0,0,0,0,0,0,20,2,0,0,0,0
19212,0,91,2,0,0,0,0,0,0,0,0,0
19213,0,0,0,0,0,0,0,0,0,0,0,0
19214,0,11,0,0,0,0,0,0,0,0,0,0
19215,0,0,0,0,0,146,0,0,0,0,0,0
19216,0,0,0,0,0,0,0,0,0,0,34,1
19217,0,0,0,0,0,0,0,0,0,10,80,0
19218,0,0,0,10,0,11,0,0,0,0,0,0
19219,0,0,0,0,0,0,14,85,0,0,0,0
19220,0,0,0,0,0,141,0,0,0,0,62853,0
19221,0,0,0,2,2,21,0,0,0,0,0,0
19222,0,0,0,0,0,0,0,0,0,0,0,0
19223,0,3,1,0,0,0,0,0,0,0,0,0
19224,0,0,0,1,0,37,0,0,0,0,0,0
19225,0,0,0,0,12,1,0,1,0,0,0,0
19226,0,0,0,0,0,0,0,0,0,0,0,0
19227,0,0,0,0,0,0,0,0,0,2,60,1
19228,0,29,1,0,0,0,0,0,0,0,0,0
19229,0,0,0,0,0,1,0,0,0,0,0,0
19230,0,0,0,11,2,113,0,0,0,0,0,0
19231,0,0,0,0,0,0,39,1,0,0,0,0
19232,0,0,0,0,0,21,0,0,0,0,0,0
19233,0,0,0,0,0,9,0,0,0,0,0,0
19234,0,0,0,0,0,0,0,0,0,0,0,0
19235,0,0,0,0,0,0,0,4,0,0,0,0
19236,0,0,0,0,0,13,0,0,0,0,0,0
19237,0,0,0,0,0,0,0,0,0,0,0,0
19238,0,0,0,0,0,0,7,2,0,0,0,0
19239,1,201,0,0,0,0,0,0,0,0,0,0
19240,0,0,0,1,0,4,0,0,0,0,0,0
19241,0,0,0,0,0,0,0,0,0,0,0,0
19242,0,0,0,0,0,151,0,0,0,0,4,0
19243,0,0,0,0,0,0,1,1,0,0,0,0
19244,0,1,0,0,0,0,0,0,0,0,0,0
19245,0,0,0,0,0,0,0,0,0,0,124,0
19246,0,6,2,0,0,0,0,0,0,0,0,0
19247,0,0,0,0,0,0,0,0,0,7,10,2
19248,0,0,0,0,1,19,0,0,0,0,0,0
19249,1,0,4,0,0,0,0,0,0,0,0,0
19250,0,1,0,0,0,0,54,0,0,0,0,0
19251,0,35,0,0,0,0,0,0,0,0,0,0
19252,0,0,0,0,0,0,4,54,1,0,0,0
19253,0,0,0,0,0,3,0,0,0,0,0,0
19254,0,0,0,0,0,0,14,201,3,0,0,0
19255,0,0,0,0,0,0,0,0,0,50,397,0
19256,0,0,0,1,0,0,0,0,0,0,0,0
19257,29,122,6,0,0,0,0,0,0,0,0,0
19258,0,0,0,0,3,0,0,0,0,0,0,0
19259,0,0,0,0,0,0,0,0,0,0,14,1
19260,0,0,0,0,1,56,0,0,0,0,0,0
19261,0,18,0,0,0,0,0,0,0,0,0,0
19262,1,23,1,0,0,0,0,0,0,0,0,0
19263,0,0,0,0,0,2,0,0,0,12,1382,0
19264,0,0,0,0,0,1,0,0,0,2,588,0
19265,0,0,0,0,1,1,0,0,0,0,0,0
19266,0,0,0,1,1,53,0,0,0,0,0,0
19267,0,1,0,0,0,0,0,0,0,0,0,0
19268,0,9,0,0,0,0,0,0,0,0,0,0
19269,0,0,0,0,0,19,0,0,0,2,2145,1
19270,0,0,0,1,35,12,0,0,0,0,0,0
19271,0,0,0,0,0,0,0,0,0,0,0,0
19272,0,0,0,0,0,0,20,18,4,0,0,0
19273,0,0,0,0,0,8,0,0,0,18,490,0
19274,0,0,13,0,0,2,0,0,0,2028,82,12
19275,1,0,0,63,2,29,0,0,0,0,0,0
19276,0,2,0,0,0,0,41,0,0,0,0,0
19277,0,0,0,0,0,0,0,1,1,0,0,0
19278,0,0,0,0,0,15,0,0,0,0,1,0
19279,0,0,0,6,0,0,0,0,0,0,0,0
19280,0,0,0,0,0,0,3,5,1,0,0,0
19281,0,0,0,0,0,41,0,0,0,0,7,0
19282,0,0,0,0,0,0,0,15,1,0,0,0
19283,0,23,4,0,0,0,0,0,0,0,0,0
19284,0,0,0,1,0,19,0,0,0,0,0,0
19285,0,0,0,0,0,0,24,2,0,0,0,0
19286,0,0,0,0,0,0,0,0,0,0,0,0
19287,0,0,0,5,5,11,0,0,0,0,0,0
19288,0,0,0,0,0,0,9,4,0,0,0,0
19289,0,0,0,0,0,0,1,1,1,0,0,0
19290,0,0,0,0,0,26,0,0,0,0,309,0
19291,49,33,1,2,0,0,2,0,0,0,0,0
19292,0,0,0,0,1,0,1,182,0,0,0,0
19293,0,0,0,0,0,13,0,0,0,0,0,0
19294,0,0,0,1,5,13,0,0,0,0,0,0
19295,0,0,0,0,0,0,0,0,0,0,0,0
19296,0,1,0,0,0,0,256,1,0,0,0,0
19297,0,0,0,0,1,1,0,0,0,0,0,0
19298,0,0,0,0,0,0,0,0,0,0,0,0
19299,0,0,0,0,0,0,0,0,0,0,0,0
19300,0,0,0,0,0,0,5,59,0,0,0,0
19301,0,0,0,1,2,3,0,0,0,0,0,0
19302,4,27,5,0,0,0,0,0,0,0,0,0
19303,0,3,0,0,0,0,0,0,0,0,0,0
19304,3,7,0,0,0,0,0,0,0,0,0,0
19305,0,0,0,1,0,191,0,0,0,0,2,0
19306,1,0,0,0,0,0,0,0,0,0,0,0
19307,0,48,1,0,0,0,1,0,0,0,0,0
19308,1,50,0,0,0,0,0,0,0,0,0,0
19309,0,0,0,0,0,0,0,0,0,1,2,0
19310,0,10,0,0,0,0,0,0,0,0,0,0
19311,0,0,0,0,0,104,0,0,0,0,4,0
19312,0,0,0,0,0,0,2,6,0,0,0,0
19313,0,0,0,0,0,1,0,0,0,1,37,0
19314,5,19,129,0,0,0,0,0,0,3,0,0
19315,0,0,0,0,0,2,0,0,0,0,0,0
19316,0,0,0,0,0,1,0,0,0,0,0,0
19317,0,0,0,0,0,0,0,0,0,0,54,0
19318,0,0,0,0,0,0,0,0,0,1,36,1
19319,14,0,1,0,0,0,0,0,0,0,0,0
19320,0,0,0,0,0,30,0,0,0,1,718,0
19321,0,17,1,0,0,0,1,0,0,0,0,0
19322,0,0,0,0,0,0,0,0,0,0,0,0
19323,0,40,1,0,0,0,0,0,0,0,0,0
19324,0,0,0,0,0,1,0,0,0,26,165,0
19325,0,0,0,0,0,0,0,0,0,1,32,0
19326,37,67,4,0,0,0,0,0,0,0,0,0
19327,0,0,0,0,1,0,24,29,1,0,0,0
19328,0,0,0,0,0,2,0,0,0,1,196,0
19329,0,0,0,7,6,77,0,0,0,0,0,0
19330,0,0,0,0,12,39,0,1,0,0,0,0
19331,0,0,0,0,0,1,0,0,0,0,0,0
19332,0,0,0,1,0,2,0,0,0,0,0,0
19333,0,0,0,0,0,0,8,3,1,0,0,0
19334,1,41,7,0,0,0,0,0,0,0,0,0
19335,0,0,0,11,4,52,0,0,0,0,0,0
19336,0,1,4,0,0,0,0,0,0,0,0,0
19337,1,10,1,0,0,0,0,0,0,0,0,0
19338,0,47,2,0,0,0,0,0,0,0,0,0
19339,5,120,3,0,0,0,2,0,0,0,0,0
19340,0,0,0,0,0,0,19,22,4,0,0,0
19341,0,0,0,0,1,11,0,0,0,0,1,0
19342,0,0,0,0,0,0,3,10,1,0,0,0
19343,0,0,0,0,0,1,0,0,0,1,243,0
19344,0,0,0,0,25,13,0,0,0,0,0,0
19345,0,0,0,7,0,18,0,0,0,0,0,0
19346,0,0,0,0,0,1,0,0,0,0,0,0
19347,0,0,0,1,0,14,0,0,0,0,0,0
19348,0,0,0,0,1,0,42,52,0,0,0,0
19349,0,0,0,0,0,29,0,0,0,0,0,0
19350,0,0,0,1,0,29,0,0,0,0,0,0
19351,1,2,1,0,0,0,0,0,0,0,0,0
19352,2,22,5,0,0,0,0,0,0,5,0,0
19353,0,0,0,0,4,16,0,0,0,0,0,0
19354,0,0,0,0,0,40,0,0,0,0,1,0
19355,0,0,0,0,1,2,0,0,0,0,0,0
19356,1,14,0,0,0,0,0,0,0,0,0,0
19357,0,3,9,0,0,0,0,0,0,0,0,0
19358,0,12,1,0,0,0,0,0,0,0,0,0
19359,0,15,2,0,0,0,0,0,0,0,0,0
19360,0,0,0,0,0,0,0,0,0,0,0,0
19361,7,3,1,0,0,0,0,0,0,0,0,0
19362,2,7,2,0,0,0,0,0,0,0,0,0
19363,0,0,0,0,7,697,0,0,0,0,329,0
19364,0,0,0,0,0,16,0,0,0,0,0,0
19365,0,6,0,0,0,0,0,0,0,0,0,0
19366,0,0,0,0,0,3,0,0,0,3,574,0
19367,0,0,0,0,0,0,0,0,0,1,99,1
19368,12,60,12,0,0,0,4,0,0,0,0,0
19369,0,0,0,3,0,4,0,0,0,0,0,0
19370,0,0,0,2,1,2,0,0,0,0,0,0
19371,0,0,0,0,0,11,0,0,0,0,0,0
19372,0,0,0,0,0,7,0,0,0,0,0,0
19373,0,0,0,0,4,0,0,0,0,0,0,0
19374,0,0,0,0,0,6,0,0,0,7,1330,0
19375,0,0,0,0,0,1,0,0,0,0,0,0
19376,0,1,0,0,0,0,0,0,0,0,0,0
19377,0,0,0,0,0,30,0,0,0,0,0,0
19378,0,0,0,1,0,16,0,0,0,0,0,0
19379,0,5,0,0,0,0,0,0,0,0,0,0
19380,0,0,0,0,0,0,0,0,0,0,230,0
19381,0,0,0,0,8,2,0,0,0,0,0,0
19382,0,0,0,0,0,0,0,0,0,0,1,0
19383,0,0,0,13,1,162,0,0,0,0,1,0
19384,0,0,0,0,1,0,41,5,2,0,0,0
19385,3,42,4,0,0,0,0,0,0,0,0,0
19386,0,0,0,0,0,1,0,0,0,4,227,0
19387,7,35,8,0,0,0,1,0,0,0,0,0
19388,0,2,0,0,1,0,69,74,2,0,0,0
19389,0,0,0,0,629,52,0,15,0,0,0,0
19390,0,0,0,0,0,187,0,0,0,5,17439,0
19391,0,0,0,0,0,1,0,0,0,4,43,1
19392,3,19,7,0,0,0,0,0,0,0,0,0
19393,0,0,0,0,0,0,0,0,0,0,0,0
19394,0,0,0,0,0,0,1,0,1,0,0,0
19395,0,0,0,0,0,10,0,0,0,0,0,0
19396,0,0,0,0,0,0,1,2,2,0,0,0
19397,12,2,10,0,0,0,0,0,0,0,0,0
19398,0,1,0,0,11,0,19,1070,7,0,0,0
19399,0,0,0,1,1,0,0,0,0,0,0,0
19400,0,0,0,0,0,0,0,0,0,0,1,0
19401,0,0,0,6,7,38,0,0,0,0,0,0
19402,0,0,0,0,0,3,0,0,0,0,478,0
19403,0,17,1,0,0,0,0,0,0,0,0,0
19404,0,0,0,72,0,117,0,0,0,0,6,0
19405,0,0,0,0,0,0,0,0,0,0,0,0
19406,0,0,0,0,0,0,6,0,0,0,0,0
19407,0,35,5,0,0,0,0,0,0,0,0,0
19408,0,0,4,0,0,0,0,0,0,0,0,0
19409,1,29,0,0,0,0,0,0,0,0,0,0
19410,4,15,5,0,0,0,0,0,0,0,0,0
19411,0,0,0,0,0,0,0,0,0,0,1,0
19412,1,0,0,0,0,0,0,0,0,0,0,0
19413,0,29,0,0,0,0,0,0,0,0,0,0
19414,0,0,0,0,0,0,13,90,1,0,0,0
19415,0,0,0,0,0,1,0,0,0,0,0,0
19416,28,88,0,0,0,0,0,0,0,0,0,0
19417,0,0,0,0,0,0,0,41,0,0,0,0
19418,0,0,0,1,0,0,0,0,0,0,0,0
19419,0,5,0,0,0,0,1166,27,1,0,0,0
19420,0,0,0,1,12,9,0,0,0,0,0,0
19421,0,0,0,0,0,0,0,0,0,0,61,0
19422,3,118,8,0,0,0,2,0,0,0,0,0
19423,0,0,0,0,0,0,0,0,1,0,0,0
19424,1,0,2,0,0,0,0,0,0,0,0,0
19425,0,0,0,0,19,51,0,0,0,0,0,0
19426,2,63,0,0,0,0,0,0,0,0,0,0
19427,0,0,0,0,0,2,0,0,0,0,0,0
19428,6,0,1,1,0,0,0,0,0,0,0,0
19429,0,0,0,0,0,0,14,23,0,0,0,0
19430,0,0,2,0,0,0,0,0,0,0,0,0
19431,0,0,0,0,1,19,0,0,0,0,0,0
19432,0,0,0,0,0,1,0,0,0,0,0,0
19433,0,1,0,0,0,0,0,0,0,0,0,0
19434,0,0,0,0,0,37,0,0,0,0,1,0
19435,0,0,0,0,0,0,2,10,0,0,0,0
19436,0,0,0,0,0,0,0,0,0,0,0,0
19437,0,16,0,0,0,0,0,0,0,0,0,0
19438,0,0,0,0,0,0,0,0,0,1,1,0
19439,0,0,0,0,0,0,0,0,0,0,1,0
19440,1,13,7,0,0,0,0,0,0,0,0,0
19441,0,0,0,0,0,0,0,0,0,1,42,0
19442,0,0,0,2,1,0,0,0,0,0,0,0
19443,5,34,1,0,0,0,0,0,0,0,0,0
19444,1,0,3,0,0,0,0,0,0,0,0,0
19445,0,16,0,0,0,0,0,0,0,0,0,0
19446,0,0,0,0,0,0,34,3,2,0,0,1
19447,0,0,0,1,0,2,0,0,0,0,0,0
19448,0,0,0,0,0,0,0,0,0,0,2,0
19449,0,0,0,47,4,28,0,0,0,0,0,0
19450,0,0,0,0,0,0,4,0,0,0,0,0
19451,0,0,0,0,0,0,0,0,0,0,35,0
19452,0,0,0,29,8,26,0,0,0,0,0,0
19453,0,4,1,0,0,0,0,0,0,0,0,0
19454,0,0,1,0,0,0,0,0,0,3,52,0
19455,0,1,0,0,0,0,53,93,0,0,0,0
19456,0,0,0,0,1,2,0,0,0,0,0,0
19457,0,0,0,0,0,0,0,0,0,0,0,0
19458,0,0,0,0,0,25,0,0,0,0,0,0
19459,0,97,0,0,0,0,0,0,0,0,0,0
19460,0,0,0,0,0,0,0,0,0,0,0,0
19461,0,0,1,0,0,0,0,0,0,0,0,0
19462,0,14,0,0,0,0,1,0,0,0,0,0
19463,0,0,0,0,0,0,0,0,0,1,1,0
19464,0,41,4,0,0,0,1,0,0,0,0,0
19465,0,0,0,0,0,1,0,0,0,2,6,0
19466,0,0,0,0,0,0,4,1,0,0,0,0
19467,0,0,0,0,11,144,0,0,0,0,5,0
19468,0,0,0,1,0,0,0,0,0,0,0,0
19469,0,0,0,0,0,0,1,0,1,0,0,0
19470,0,0,0,0,0,0,0,0,0,0,21,0
19471,0,0,0,0,0,0,0,0,0,0,0,0
19472,0,0,0,0,0,0,0,0,0,0,0,0
19473,0,0,0,0,1,110,0,0,0,0,2,0
19474,0,0,0,0,0,15,0,0,0,0,0,0
19475,0,0,0,0,0,0,0,0,0,0,0,0
19476,3,881,0,0,0,0,20,0,0,0,0,0
19477,0,0,0,0,0,0,0,5,0,0,0,0
19478,0,0,0,0,0,0,0,0,0,0,0,0
19479,0,0,0,8,1,21,0,0,0,0,1,0
19480,0,0,0,0,0,0,66,66,1,0,0,0
19481,0,0,0,0,2,0,1,39,0,0,0,0
19482,0,0,0,0,0,8,0,0,0,0,0,0
19483,0,0,0,0,0,0,0,1,0,0,0,0
19484,0,0,0,0,0,0,0,0,0,0,0,0
19485,0,0,0,6,2,17,0,0,0,0,0,0
19486,0,0,0,0,0,0,4,0,0,0,0,0
19487,0,0,0,0,4,2,0,0,0,0,0,0
19488,0,0,0,0,0,16,0,0,0,7,1078,1
19489,0,0,0,0,0,1,0,0,0,0,0,0
19490,0,0,0,0,0,0,3,0,0,0,0,0
19491,0,0,0,0,0,9,0,0,0,0,0,0
19492,0,5,0,0,0,0,0,0,0,0,0,0
19493,0,0,0,0,0,0,16,3,1,0,0,0
19494,0,32,1,0,0,0,0,0,0,0,0,0
19495,0,0,0,0,0,0,0,0,0,0,26,0
19496,1,50,0,0,0,0,1,0,0,0,0,0
19497,0,0,0,1,2,110,0,0,0,0,1,0
19498,0,0,0,0,0,0,0,0,0,1,0,0
19499,0,0,0,0,0,0,0,0,0,0,0,0
19500,0,0,0,0,0,16,0,0,0,0,0,0
19501,0,0,0,0,0,0,1,0,2,0,0,0
19502,0,0,0,0,0,0,0,0,0,22,17,0
19503,0,0,0,2,0,10,0,0,0,0,0,0
19504,0,12,0,0,0,0,1,0,0,0,0,0
19505,0,148,2,0,0,0,3,0,0,0,0,0
19506,0,0,0,5,0,24,0,0,0,0,0,0
19507,0,0,0,0,0,0,2,0,0,0,0,0
19508,0,23,8,0,0,0,1,0,0,0,0,0
19509,0,4,0,0,1,0,508,96,2,0,0,0
19510,0,0,0,0,1,4,0,1,0,0,0,0
19511,0,6,0,0,0,0,2,0,0,0,0,0
19512,0,0,0,0,0,15,0,0,0,0,916,0
19513,0,0,2,0,0,0,0,0,0,0,0,0
19514,0,0,0,0,0,0,1,2,0,0,0,0
19515,2,1220,0,1,0,0,12,0,0,0,0,0
19516,0,0,0,0,2,274,0,0,0,0,5,0
19517,0,0,0,0,9,8,0,0,0,0,1,0
19518,0,0,0,0,4,0,29,651,24,0,0,0
19519,0,0,0,1,0,88,0,0,0,0,0,0
19520,1,8,1,0,0,0,0,0,0,0,0,0
19521,0,0,0,0,0,558,0,0,0,0,3,0
19522,0,0,0,0,0,0,0,0,0,11,1,2
19523,0,0,0,0,0,0,0,0,0,0,0,0
19524,0,0,0,0,0,77,0,0,0,29,8700,12
19525,0,1,0,0,0,0,172,460,8,0,0,0
19526,0,44,12,0,0,0,0,0,0,0,0,0
19527,1,0,0,39,8,33,0,0,0,0,0,0
19528,0,0,0,0,0,0,2,9,0,0,0,0
19529,0,0,0,0,0,1,0,0,0,1,13,0
19530,0,0,0,1,15,318,0,0,0,0,1,0
19531,0,0,0,0,1,12,0,0,0,0,0,0
19532,0,41,0,0,0,0,0,0,0,0,0,0
19533,0,0,0,0,0,71,0,0,0,0,0,0
19534,2,0,2,0,0,0,0,0,0,0,0,0
19535,0,0,0,0,0,0,0,0,0,0,0,0
19536,0,0,0,0,0,0,0,0,0,0,43,0
19537,6,57,1,0,0,0,3,0,0,0,0,0
19538,0,0,0,2,26,71,0,0,0,0,0,0
19539,0,0,0,0,0,0,6,12,0,0,0,0
19540,0,57,21,0,0,0,2,0,0,0,0,0
19541,0,0,0,1,0,84,0,0,0,0,1,0
19542,0,1,0,0,14,0,73,3170,9,0,0,0
19543,0,64,13,0,0,0,0,0,0,0,0,0
19544,0,0,0,0,2,9,0,0,0,0,0,0
19545,0,0,1,0,0,3,0,0,0,30,160,3
19546,0,0,0,2,23,2,0,0,0,0,0,0
19547,0,0,0,0,0,0,0,0,0,1,147,0
19548,0,0,0,0,0,0,0,0,0,0,0,0
19549,0,0,0,0,5,0,13,288,1,0,0,0
19550,0,0,0,0,0,0,0,0,0,18,66,0
19551,0,0,0,6,0,80,0,0,0,0,0,0
19552,0,0,0,0,0,0,1,2,0,0,0,0
19553,0,0,0,0,0,0,2,1,2,0,0,0
19554,0,0,1,0,0,8,0,0,0,60,594,6
19555,0,0,0,0,0,2,0,0,0,0,0,0
19556,0,0,0,0,0,1,0,0,0,0,0,0
19557,0,0,0,0,1,8,0,0,0,0,0,0
19558,0,33,0,0,0,0,0,0,0,0,0,0
19559,0,3,0,0,2,0,39,28,0,0,0,0
19560,0,0,0,0,0,88,0,0,0,3,944,0
19561,0,0,0,0,0,6,0,0,0,0,0,0
19562,0,0,0,0,0,1,0,0,0,0,0,0
19563,0,12,0,0,1,0,99,50,1,0,0,0
19564,0,0,0,0,0,5,0,0,0,0,0,0
19565,0,0,0,0,0,0,1,1,0,0,0,0
19566,0,0,0,0,0,0,0,1,0,0,0,0
19567,0,1,0,0,1,0,8,46,0,0,0,0
19568,0,0,0,0,1,2,0,0,0,0,0,0
19569,0,0,0,2,3,7,0,0,0,0,0,0
19570,0,0,0,0,0,6,0,0,0,0,0,0
19571,5,1,0,0,0,0,0,0,0,0,0,0
19572,0,0,0,0,0,22,0,0,0,0,1387,0
19573,0,1,1,0,0,0,0,0,0,0,0,0
19574,0,22,0,0,0,0,0,0,0,0,0,0
19575,2,19,0,0,0,0,0,0,0,0,0,0
19576,0,0,0,0,0,0,0,0,0,2,1,0
19577,1,0,20,0,0,0,0,0,0,0,0,0
19578,0,152,3,0,0,0,3,2,0,0,0,0
19579,0,0,0,1,0,16,0,0,0,0,0,0
19580,0,0,0,0,0,0,0,0,0,0,0,0
19581,0,0,0,3,2,17,0,0,0,0,0,0
19582,0,0,0,0,0,0,10,3,2,0,0,0
19583,0,13,2,0,0,0,0,0,0,0,0,0
19584,0,0,0,2,0,224,0,0,0,0,0,0
19585,0,7,0,0,0,0,0,0,0,0,0,0
19586,0,0,0,0,0,1,0,0,0,32,680,1
19587,0,0,0,0,2,24,0,0,0,0,0,0
19588,0,0,0,0,0,0,0,0,0,0,0,0
19589,3,1,0,0,0,0,0,0,0,0,0,0
19590,0,0,0,1,0,393,0,0,0,0,1,0
19591,1,0,0,0,0,0,0,0,0,0,0,0
19592,0,1,0,0,0,0,0,0,0,0,0,0
19593,0,0,0,0,0,0,0,0,0,2,472,0
19594,0,0,0,0,0,0,0,0,0,35,10,1
19595,0,0,0,68,1,3,0,0,0,0,0,0
19596,0,0,1,0,0,0,0,0,0,61,155,1
19597,0,0,0,0,0,0,0,0,0,0,0,0
19598,0,0,0,0,0,0,0,1,0,0,0,0
19599,0,0,0,0,0,0,0,1,0,0,0,0
19600,0,2,3,0,0,0,0,0,0,0,0,0
19601,0,36,3,0,0,0,0,0,0,0,0,0
19602,0,0,0,0,0,50,0,0,0,4,1156,0
19603,0,13,0,0,0,0,0,0,0,0,0,0
19604,0,0,0,0,0,0,0,0,0,1,8,0
19605,0,0,0,8,9,18,0,0,0,0,0,0
19606,0,0,0,0,0,0,0,0,0,0,0,0
19607,0,0,0,0,1,0,0,0,0,0,0,0
19608,0,0,0,1,0,21,0,0,0,0,0,0
19609,1,7,0,0,0,0,0,0,0,0,0,0
19610,0,0,0,0,0,5,0,0,0,1,812,0
19611,11,51,0,0,0,0,0,0,0,0,0,0
19612,0,0,0,0,0,0,0,0,0,0,0,0
19613,0,0,0,0,0,0,67,8,1,0,0,0
19614,0,38,1,0,0,0,0,0,0,0,0,0
19615,0,0,0,0,0,0,0,0,0,0,2,0
19616,0,0,0,0,1,1,0,0,0,0,0,0
19617,0,0,0,5,8,54,0,0,0,0,0,0
19618,0,0,0,0,0,0,0,0,0,0,1,0
19619,1,0,0,0,0,0,0,0,0,0,0,0
19620,0,0,0,0,0,0,11,1,0,0,0,0
19621,1,7,0,0,0,0,0,0,0,0,0,0
19622,0,0,0,0,0,0,1,1,0,0,0,0
19623,0,0,0,0,1,5,0,0,0,0,0,0
19624,0,0,0,0,0,23,0,0,0,0,0,0
19625,0,0,0,0,0,0,0,0,0,0,0,0
19626,0,22,0,0,0,0,0,0,0,0,0,0
19627,0,0,0,0,0,0,9,1,1,0,0,0
19628,0,1,3,0,0,0,0,0,0,0,0,0
19629,1,45,1,0,0,0,1,0,0,0,0,0
19630,0,0,1,0,0,0,0,0,0,0,0,0
19631,1,13,4,0,0,0,0,0,0,0,0,0
19632,0,0,0,8,2,33,0,0,0,0,0,0
19633,0,0,0,0,0,0,9,7,0,0,0,0
19634,0,0,0,0,1,0,0,0,0,0,0,0
19635,0,0,0,0,0,0,25,62,2,0,0,0
19636,0,0,0,0,0,0,8,0,0,0,0,0
19637,0,0,0,0,0,0,0,0,0,0,34,0
19638,0,0,0,0,13,41,0,0,0,0,0,0
19639,0,0,0,0,0,11,0,0,0,0,0,0
19640,0,0,0,0,2,5,0,0,0,0,0,0
19641,0,0,0,1,0,55,0,0,0,0,0,0
19642,0,0,0,0,0,0,0,0,0,0,0,0
19643,0,15,0,0,0,0,0,0,0,0,0,0
19644,0,0,0,0,0,31,0,0,0,0,0,0
19645,0,0,0,0,0,0,15,140,1,0,0,0
19646,0,0,0,0,0,1,0,0,0,0,0,0
19647,0,0,0,1,1,5,0,0,0,0,0,0
19648,0,0,0,0,1,0,47,442,0,0,0,0
19649,0,0,0,2,0,2,0,0,0,0,0,0
19650,0,348,2,0,0,0,0,0,0,0,0,0
19651,2,4,0,0,0,0,0,0,0,0,0,0
19652,0,21,5,0,0,0,1,0,0,0,0,0
19653,0,0,0,1,1,79,0,0,0,0,0,0
19654,0,30,10,0,0,0,0,0,0,0,0,0
19655,3,941,3,0,0,0,3,0,0,0,0,0
19656,0,0,0,0,5,0,181,709,8,0,0,0
19657,0,0,0,0,0,0,27,2,1,0,0,0
19658,0,0,0,0,0,0,4,5,0,0,0,0
19659,0,51,2,0,0,0,2,0,0,0,0,0
19660,0,0,0,0,0,0,0,0,0,10,94,0
19661,0,5,0,0,0,0,0,0,0,0,0,0
19662,0,0,0,0,0,2,0,0,0,3,492,1
19663,0,0,0,0,3,0,0,0,0,0,0,0
19664,0,0,0,3,2,4,0,0,0,0,0,0
19665,0,0,0,2,0,5,0,0,0,0,0,0
19666,0,0,0,0,0,0,39,81,2,0,0,0
19667,0,73,5,0,0,0,3,0,0,0,0,0
19668,0,0,0,14,3,47,0,0,0,0,0,0
19669,0,1,0,0,0,0,167,1,0,0,0,0
19670,0,0,0,0,0,0,76,6,1,0,0,0
19671,52,29,4,0,0,0,0,0,0,0,0,0
19672,0,0,0,0,0,0,0,0,0,10,1,5
19673,29,64,1,0,0,0,0,0,0,0,0,0
19674,0,91,2,0,0,0,1,0,0,0,0,0
19675,0,0,0,0,0,0,0,0,0,7,1,5
19676,2,62,0,0,0,0,1,0,0,0,0,0
19677,0,0,0,0,5,0,112,691,15,0,0,0
19678,0,0,0,0,0,0,3,2,1,0,0,0
19679,0,0,0,0,0,0,7,11,0,0,0,0
19680,0,0,0,22,2095,28,0,23,0,0,0,0
19681,0,0,0,0,0,0,16,0,0,0,0,0
19682,2,21,10,0,0,0,0,0,0,0,0,0
19683,3,17,6,0,0,0,0,0,0,0,0,0
19684,0,0,0,0,20,0,132,1488,3,0,0,0
19685,0,0,0,1,0,8,0,0,0,0,0,0
19686,3,30,0,0,0,0,0,0,0,0,0,0
19687,0,0,0,0,0,0,0,0,0,14,146,0
19688,0,0,0,0,0,0,0,0,0,14,77,0
19689,5,20,2,0,0,0,0,0,0,0,0,0
19690,0,0,0,0,0,0,40,57,3,0,0,0
19691,0,0,0,0,0,3,0,0,0,0,0,0
19692,0,0,0,1,1,9,0,0,0,0,0,0
19693,0,0,0,0,1,2,0,0,0,0,0,0
19694,0,0,0,0,0,2,0,0,0,3,167,1
19695,0,0,0,0,0,10,0,0,0,0,0,0
19696,0,54,4,0,0,0,0,0,0,0,0,0
19697,0,0,0,0,3,35,0,0,0,0,0,0
19698,0,0,0,0,0,0,0,0,0,1,97,0
19699,0,26,0,0,0,0,0,0,0,0,0,0
19700,0,0,0,0,3,7,0,0,0,0,0,0
19701,0,0,0,0,0,6,0,0,0,0,0,0
19702,1,24,0,0,0,0,2,0,0,0,0,0
19703,1,15,3,0,0,0,0,0,0,0,0,0
19704,0,0,0,1,0,71,0,0,0,0,1,0
19705,0,15,0,0,0,0,1,0,0,0,0,0
19706,0,15,5,0,0,0,0,0,0,0,0,0
19707,0,0,0,0,0,0,0,0,0,3,19,0
19708,1,10,0,0,0,0,0,0,0,0,0,0
19709,0,0,0,0,0,0,0,0,0,10,55,0
19710,0,0,0,2,8,13,0,0,0,0,0,0
19711,0,0,0,0,0,0,42,5,1,0,0,0
19712,0,0,0,0,2,0,0,0,0,0,0,0
19713,0,0,0,0,1,6,0,0,0,0,0,0
19714,0,0,0,1,0,14,0,0,0,0,0,0
19715,0,16,0,0,0,0,0,0,0,0,0,0
19716,0,0,0,0,0,0,0,0,0,0,66,1
19717,3,3,0,0,0,0,0,0,0,0,0,0
19718,0,0,0,0,0,9,0,0,0,2,3433,0
19719,7,37,0,0,0,0,0,0,0,0,0,0
19720,0,21,2,0,0,0,0,0,0,0,0,0
19721,1,6,2,0,0,0,0,0,0,0,0,0
19722,6,28,6,0,0,0,0,0,0,0,0,0
19723,0,0,0,0,36,0,26,494,0,0,0,0
19724,0,0,0,0,1,15,0,0,0,0,0,0
19725,0,0,0,14,9,21,0,0,0,0,0,0
19726,0,0,0,0,0,0,13,52,0,0,0,0
19727,0,85,9,0,0,0,0,0,0,0,0,0
19728,0,0,0,6,5,42,0,0,0,0,1,0
19729,0,0,0,0,0,0,25,15,0,0,0,0
19730,0,1,0,0,0,0,24,3,0,0,0,0
19731,0,0,0,0,1,8,0,0,0,0,0,0
19732,0,0,0,0,0,0,24,488,0,0,0,0
19733,0,0,0,1,0,20,0,0,0,0,0,0
19734,0,0,0,12,14,12,0,0,0,0,0,0
19735,0,0,0,0,7,0,16,791,18,0,0,0
19736,1,146,3,0,0,0,1,0,0,0,0,0
19737,0,0,0,2,2,72,0,0,0,0,1,0
19738,0,0,0,0,0,0,21,18,5,0,0,0
19739,0,0,0,0,0,2,0,0,0,0,0,0
19740,6,51,0,0,0,0,0,0,0,0,0,0
19741,0,0,0,0,0,0,29,0,0,0,0,0
19742,16,24,38,0,0,0,0,0,0,0,0,0
19743,4,32,9,0,0,0,0,0,0,0,0,0
19744,0,0,0,0,2,6,0,0,0,0,0,0
19745,0,0,0,0,0,0,0,0,0,0,0,0
19746,0,1,0,0,0,0,105,2,0,0,0,0
19747,0,0,0,0,0,2,0,0,0,0,0,0
19748,0,0,0,1,0,0,0,0,0,0,0,0
19749,0,0,0,0,0,18,0,0,0,0,0,0
19750,0,0,0,0,0,0,12,2,6,0,0,0
19751,7,29,17,0,0,0,0,0,0,0,3,0
19752,0,12,0,0,0,0,0,0,0,0,0,0
19753,1,1,0,0,0,0,0,0,0,0,0,0
19754,1,7,1,0,0,0,0,0,0,0,0,0
19755,0,0,0,0,0,46,0,0,0,0,0,0
19756,0,3,0,0,0,0,0,0,0,0,0,0
19757,0,3,9,0,0,0,0,0,0,0,0,0
19758,6,14,0,0,0,0,1,0,0,0,0,0
19759,0,0,0,0,0,0,0,0,0,0,0,0
19760,0,0,0,0,0,0,0,0,0,0,3,0
19761,5,9,0,0,0,0,0,0,0,0,0,0
19762,0,10,3,0,0,0,0,0,0,0,0,0
19763,0,0,0,0,0,2,0,0,0,1,779,0
19764,24,39,1,0,0,0,0,2,0,0,0,0
19765,0,0,0,2,0,11,0,0,0,0,0,0
19766,0,0,0,0,0,3,0,0,0,0,0,0
19767,1,31,0,0,0,0,0,0,0,0,0,0
19768,0,0,0,0,0,0,0,0,0,0,31,0
19769,0,0,0,0,0,0,0,0,0,0,2,0
19770,0,0,0,1,3,68,0,0,0,0,2,0
19771,0,0,0,0,0,0,17,0,0,0,0,0
19772,0,0,0,0,0,73,0,0,0,0,0,0
19773,0,0,0,6,0,5,0,0,0,0,0,0
19774,0,0,0,0,0,0,0,0,0,0,0,0
19775,0,1,0,0,0,0,0,0,0,0,0,0
19776,0,0,0,0,0,34,0,0,0,0,0,0
19777,0,0,0,0,0,0,29,1,0,0,0,0
19778,0,0,0,0,0,1,0,0,0,0,0,0
19779,8,236,0,0,0,0,1,0,0,0,0,0
19780,0,0,0,0,0,0,20,59,0,0,0,0
19781,0,0,0,0,0,0,0,0,0,0,51,1
19782,29,17,1,0,0,0,0,0,0,0,0,0
19783,0,0,0,0,0,4,0,0,0,0,0,0
19784,0,0,0,0,0,0,0,0,0,0,0,0
19785,0,0,0,0,2,51,0,0,0,0,0,0
19786,0,0,0,0,0,0,0,1,0,0,0,0
19787,1,0,0,0,0,0,0,0,0,0,0,0
19788,0,0,0,0,0,0,67,76,2,0,0,0
19789,0,0,0,0,0,0,0,0,0,5,0,0
19790,0,0,0,0,0,0,0,0,0,0,0,0
19791,0,0,0,10,17,59,0,0,0,0,0,0
19792,0,0,0,0,1,0,0,0,0,0,0,0
19793,0,0,0,0,0,0,0,2,0,0,0,0
19794,0,0,0,0,0,0,0,2,0,0,0,0
19795,0,0,0,0,0,0,0,14,0,0,0,0
19796,0,0,0,0,0,0,0,0,0,0,2,0
19797,0,0,0,5,23,14,0,0,0,0,0,0
19798,0,0,0,0,0,0,0,0,0,0,0,0
19799,0,211,0,0,0,0,4,0,0,0,0,0
19800,0,0,0,0,0,0,81,83,4,0,0,0
19801,0,0,0,0,0,0,0,0,0,3,9,0
19802,0,0,0,0,0,0,3,3,2,0,0,0
19803,0,0,0,0,0,9,0,0,0,7,210,0
19804,0,15,1,0,0,0,0,0,0,0,0,0
19805,0,12,6,0,0,0,0,0,0,0,0,0
19806,0,0,0,0,0,0,0,0,0,2,494,0
19807,3,37,2,0,0,0,0,0,0,0,0,0
19808,0,0,0,0,0,18,0,0,0,0,0,0
19809,0,0,0,7,0,28,0,0,0,0,0,0
19810,0,55,6,0,0,0,0,0,0,0,0,0
19811,0,15,7,0,0,0,0,0,0,0,0,0
19812,0,2,5,0,0,0,0,0,0,0,0,0
19813,0,0,0,0,0,9,0,0,0,3,689,0
19814,0,0,0,0,0,0,0,0,0,0,24,0
19815,111,29,7,0,0,0,0,0,0,0,0,0
19816,0,0,0,0,10,0,51,1159,9,0,0,0
19817,0,0,0,0,0,3,0,0,0,0,0,0
19818,0,53,0,0,0,0,0,0,0,0,0,0
19819,0,0,0,0,0,0,0,0,0,0,35,0
19820,0,0,0,0,0,0,0,0,0,0,2,0
19821,77,187,4,0,0,0,1,0,0,0,0,0
19822,0,0,0,0,0,0,0,1,1,0,0,0
19823,0,1,0,0,0,0,0,0,0,0,0,0
19824,0,0,0,0,0,0,79,58,2,0,0,0
19825,0,0,0,0,0,0,18,203,0,0,0,0
19826,0,0,0,0,0,5,0,0,0,0,0,0
19827,0,0,0,0,0,0,21,85,9,0,0,0
19828,1,2,0,0,0,0,0,0,0,0,0,0
19829,0,10,0,0,0,0,1,0,0,0,0,0
19830,0,9,0,0,0,0,0,0,0,0,0,0
19831,1,32,6,0,0,0,0,0,0,0,0,0
19832,0,0,0,0,0,1,0,0,0,0,0,0
19833,1,11,1,0,0,0,0,0,0,0,0,0
19834,0,0,0,0,0,0,0,0,0,13,19,1
19835,0,0,0,2,0,0,0,0,0,0,0,0
19836,0,0,0,0,0,0,0,0,0,6,92,1
19837,5,10,3,0,0,0,1,0,0,0,0,0
19838,0,10,8,0,0,0,0,0,0,0,0,0
19839,0,0,0,0,0,17520,0,0,0,0,283,0
19840,0,0,0,0,0,0,0,0,0,0,0,0
19841,0,16,0,0,0,0,0,0,0,0,0,0
19842,0,0,0,0,0,58,0,0,0,0,0,0
19843,0,0,0,0,0,27,0,0,0,0,0,0
19844,0,0,0,0,12,4,0,0,0,0,0,0
19845,0,1,0,0,0,0,79,3,1,0,0,0
19846,0,2,0,0,0,0,115,16,0,0,0,0
19847,0,0,0,0,0,0,14,3,0,0,0,0
19848,0,0,0,0,1,29,0,0,0,0,0,0
19849,0,0,0,0,0,0,2,0,0,0,0,0
19850,0,0,0,0,0,2,0,0,0,0,0,0
19851,0,0,0,0,1,0,92,26,3,0,0,0
19852,0,0,0,0,0,0,5,2,1,0,0,0
19853,0,2,0,0,0,0,0,0,0,0,0,0
19854,0,0,0,0,0,23,0,0,0,0,5358,0
19855,0,63,3,0,0,0,1,0,0,0,0,0
19856,0,0,0,1,0,1,0,0,0,0,0,0
19857,0,0,0,4,2,23,0,0,0,0,0,0
19858,0,0,0,0,0,0,17,38,1,0,0,0
19859,0,0,0,0,0,3,0,0,0,1,455,1
19860,0,0,0,7,0,49,0,0,0,0,0,0
19861,0,0,0,0,0,0,9,19,1,0,0,0
19862,0,0,0,0,0,24,0,0,0,4,2927,0
19863,0,0,0,0,0,4,0,0,0,0,0,0
19864,2,5,1,0,0,0,0,0,0,0,0,0
19865,1,21,2,0,0,0,0,0,0,0,0,0
19866,0,0,0,1,0,146,0,0,0,0,18,0
19867,4,13,0,0,0,0,0,0,0,0,0,0
19868,0,0,0,0,0,0,0,0,0,16,217,0
19869,0,0,0,7,16,17,0,0,0,0,0,0
19870,0,0,0,0,0,0,5,13,1,0,0,0
19871,0,0,0,0,0,1,0,0,0,0,0,0
19872,0,0,0,0,13,0,139,2036,14,0,0,0
19873,1,77,10,0,0,0,0,0,0,0,0,0
19874,0,0,0,0,0,0,0,0,0,0,0,0
19875,0,0,2,0,0,1,0,0,0,83,291,1
19876,0,0,0,1,0,0,0,0,0,0,0,0
19877,0,0,0,0,0,0,0,0,0,0,0,0
19878,0,0,0,0,0,0,0,1,0,0,0,0
19879,0,0,0,0,0,0,117,2,0,0,0,0
19880,0,0,0,0,0,0,0,0,0,0,0,0
19881,0,0,0,0,0,10,0,0,0,4,1035,0
19882,0,0,0,1,0,33,0,0,0,0,1,0
19883,0,13,0,0,0,0,0,0,0,0,0,0
19884,0,0,0,0,0,1,0,0,0,0,1194,0
19885,0,27,2,0,0,0,0,0,0,0,0,0
19886,1,22,1,0,0,0,0,0,0,0,0,0
19887,4,68,2,0,0,0,2,0,0,0,0,0
19888,0,21,12,0,0,0,0,0,0,0,0,0
19889,0,0,0,0,1,0,20,29,3,0,0,0
19890,20,30,13,0,0,0,0,0,0,0,0,0
19891,0,0,0,0,1,0,12,798,4,0,0,0
19892,0,52,4,0,0,0,0,0,0,0,0,0
19893,0,0,0,21,9,284,0,0,0,0,0,0
19894,0,0,0,0,1,0,55,25,0,0,0,0
19895,0,0,0,0,0,0,0,0,0,0,595,0
19896,0,0,0,33,39,218,0,0,0,0,4,0
19897,0,0,0,0,0,0,0,0,0,0,12,0
19898,0,0,0,0,0,0,0,0,0,0,0,0
19899,36,147,15,0,0,0,0,0,0,0,0,0
19900,0,0,0,0,0,0,55,33,0,0,0,0
19901,0,0,0,0,0,0,0,0,0,0,98,2
19902,0,11,0,0,0,0,0,0,0,0,0,0
19903,0,0,0,0,0,0,0,0,0,1,28,1
19904,2,1,0,0,0,0,0,0,0,0,0,0
19905,0,0,0,1,0,54,0,0,0,0,0,0
19906,0,35,0,0,0,0,0,0,0,0,0,0
19907,0,0,0,0,0,5,0,0,0,0,0,0
19908,1,44,0,0,0,0,1,0,0,0,0,0
19909,0,0,0,1,11,1,0,0,0,0,0,0
19910,0,0,0,0,0,0,0,0,0,3,61,1
19911,0,0,0,6,2,51,0,0,0,0,0,0
19912,0,0,0,0,0,0,0,0,0,0,0,0
19913,0,0,0,0,0,0,0,0,0,2,2,0
19914,0,0,0,4,2,96,0,0,0,0,2,0
19915,0,4,0,0,0,0,0,0,0,0,0,0
19916,0,0,0,0,0,1,0,0,0,0,0,0
19917,0,0,0,20,0,22,0,0,0,0,1,0
19918,0,1,0,0,0,0,31,5,0,0,0,0
19919,0,0,0,0,0,0,21,0,0,0,0,0
19920,0,0,0,0,0,29,0,0,0,0,0,0
19921,0,0,0,0,0,0,38,0,7,0,0,0
19922,0,0,0,0,0,6,0,0,0,0,0,0
19923,0,0,0,0,1,12,0,0,0,0,0,0
19924,1,0,0,4,0,0,0,0,0,0,0,0
19925,0,0,0,0,0,0,3,3,0,0,0,0
19926,0,0,0,0,1,60,0,0,0,0,2,0
19927,0,0,0,0,3,39,0,0,0,0,1,0
19928,0,0,0,0,0,0,0,0,0,2,27,0
19929,0,0,0,1,0,4,0,0,0,0,0,0
19930,0,10,2,0,0,0,0,0,0,0,0,0
19931,0,0,0,0,6,0,0,0,0,0,0,0
19932,0,0,0,0,0,0,0,2,1,0,0,0
19933,2,0,0,0,0,0,0,0,0,0,0,0
19934,0,0,0,0,0,0,0,0,0,1,29,0
19935,0,0,0,129,3,64,0,0,0,0,2,0
19936,0,0,0,0,0,0,6,2,0,0,0,0
19937,2,2,0,0,0,0,0,0,0,0,0,0
19938,0,0,0,0,0,0,0,0,0,1,109,1
19939,5,32,5,0,0,0,1,0,0,0,0,0
19940,0,0,0,17,1,2,0,0,0,0,0,0
19941,0,12,1,0,0,0,0,0,0,0,0,0
19942,0,0,0,0,0,0,10,4,0,0,0,0
19943,0,0,0,0,0,0,0,0,0,1,3,0
19944,0,0,0,0,0,0,0,0,0,23,108,0
19945,0,3,3,0,0,0,0,0,0,0,0,0
19946,2,29,3,0,0,0,0,0,0,0,0,0
19947,0,0,0,0,7,0,137,583,64,0,0,0
19948,0,3,11,0,0,0,0,0,0,0,0,0
19949,1,32,2,0,0,0,0,0,0,0,0,0
19950,0,42,0,0,0,0,1,0,0,0,0,0
19951,0,0,0,0,0,3,0,0,0,81,252,3
19952,0,0,0,0,0,0,0,0,0,1,9,0
19953,18,7,1,2,0,0,0,0,0,0,0,0
19954,0,8,0,0,0,0,0,0,0,0,0,0
19955,0,0,0,0,0,25,0,0,0,23,1122,1
19956,0,0,0,23,2,48,0,0,0,0,1,0
19957,0,0,0,0,0,0,11,0,3,0,0,0
19958,4,24,3,1,0,0,0,0,0,0,0,0
19959,1,12,24,0,0,0,0,0,0,0,0,0
19960,0,893,0,0,0,0,15,0,0,0,0,0
19961,0,0,0,0,0,3,0,0,0,19,905,0
19962,0,0,0,0,6,0,132,885,47,0,0,5
19963,1,53,193,0,0,0,0,0,0,3,0,0
19964,0,0,0,0,8,50,0,0,0,0,0,0
19965,1,0,0,8,5,20,0,0,0,0,0,0
19966,0,0,0,0,0,2,0,0,0,0,0,0
19967,0,0,0,0,55,0,1,98,0,0,0,0
19968,0,0,0,0,0,17,0,0,0,0,0,0
19969,0,37,0,0,0,0,1400,14,0,0,0,0
19970,0,0,0,0,0,0,0,0,0,1,107,0
19971,0,63,0,0,0,0,0,0,0,0,0,0
19972,0,0,0,0,0,0,0,0,0,12,122,3
19973,0,0,0,0,0,0,0,0,0,3,63,0
19974,2,3139,6,0,0,0,38,1,0,0,0,0
19975,0,0,0,0,0,0,0,0,0,73,28,0
19976,0,0,0,0,1,1,0,0,0,0,0,0
19977,0,0,0,0,0,1,0,0,0,81,20,0
19978,1,4,0,0,0,0,0,0,0,0,0,0
19979,0,0,0,0,0,0,0,0,0,56,19,0
19980,0,0,0,9,4,20,0,0,0,0,0,0
19981,0,0,0,0,0,0,75,2,0,0,0,0
19982,0,0,0,0,0,3,0,0,0,0,0,0
19983,0,0,0,0,0,7,0,0,0,14,2302,0
19984,0,0,0,1,0,65,0,0,0,0,1,0
19985,0,0,0,0,0,4,0,0,0,0,0,0
19986,0,0,0,1,5,51,0,0,0,0,1,0
19987,0,0,0,0,0,3,0,0,0,0,0,0
19988,0,0,0,0,1,2,0,0,0,0,0,0
19989,0,0,0,3,2,116,0,0,0,0,0,0
19990,0,0,0,0,0,0,1,1,1,0,0,0
19991,0,1,1,0,0,0,0,0,0,0,0,0
19992,0,0,0,0,0,35,0,0,0,0,0,0
19993,0,0,0,0,0,0,18,0,0,0,0,0
19994,0,0,0,0,0,0,1,0,0,0,0,0
19995,0,0,0,0,0,17,0,0,0,0,0,0
19996,0,2,2,0,0,0,0,0,0,0,0,0
19997,0,0,0,0,0,0,10,1,2,0,0,0
19998,0,13,0,0,0,0,1,0,0,0,0,0
19999,0,0,0,0,6,0,19,1551,2,0,0,0
20000,0,0,0,0,0,6,0,0,0,0,0,0
20001,0,0,0,1,0,11,0,0,0,0,0,0
20002,0,0,0,0,3,0,18,372,2,0,0,0
20003,0,99,81,0,0,0,2,0,0,0,0,0
20004,0,0,0,18,28,41,0,0,0,0,0,0
20005,0,1,0,0,0,0,87,39,0,0,0,0
20006,0,0,0,0,0,0,21,201,6,0,0,0
20007,0,0,0,1,1,27,0,0,0,0,2,0
20008,0,0,0,0,0,0,0,0,0,1,0,1
20009,3,1,0,0,0,0,0,0,0,0,0,0
20010,5,17,8,0,0,0,0,0,0,0,0,0
20011,0,0,0,0,0,0,30,35,1,0,0,0
20012,0,0,0,0,0,7,0,0,0,0,0,0
20013,15,24,0,0,0,0,0,0,0,0,0,0
20014,0,0,0,0,1,0,27,190,2,0,0,0
20015,0,17,56,0,0,0,0,0,0,0,0,0
20016,0,0,0,0,0,5,0,0,0,9,708,3
20017,0,0,0,0,0,5,0,0,0,0,0,0
20018,0,0,0,0,0,14,0,0,0,0,0,0
20019,0,51,1,0,0,0,0,0,0,0,0,0
20020,0,0,0,1,0,0,0,0,0,0,0,0
20021,0,0,0,0,0,0,0,0,0,0,0,0
20022,0,0,0,0,1,11,0,0,0,0,0,0
20023,0,4,2,0,0,0,0,0,0,0,0,0
20024,0,0,0,0,0,0,33,5,0,0,0,0
20025,2,29,4,0,0,0,0,0,0,0,0,0
20026,0,0,0,0,0,0,0,0,0,0,0,0
20027,0,5,0,0,0,0,0,0,0,0,0,0
20028,0,0,0,3,0,488,0,0,0,0,2,0
20029,0,0,0,0,0,0,40,4,0,0,0,0
20030,0,0,0,0,0,0,0,0,0,1,86,0
20031,0,0,0,0,0,2,0,0,0,27,400,0
20032,0,0,0,0,0,1,0,0,0,5,122,0
20033,0,4,0,0,0,0,127,55,1,0,0,0
20034,0,0,0,2,0,30,0,0,0,0,0,0
20035,3,2,0,0,0,0,0,0,0,0,0,0
20036,0,50,12,0,0,0,0,0,0,0,0,0
20037,0,0,0,0,2,63,0,0,0,0,1,0
20038,0,0,0,0,0,0,9,41,0,0,0,0
20039,0,0,0,0,0,0,0,0,0,0,0,0
20040,0,0,0,2,0,6,0,0,0,0,0,0
20041,0,0,0,0,0,0,66,14,11,0,0,0
20042,0,0,0,0,0,1,0,0,0,0,0,0
20043,0,0,0,0,0,15,0,0,0,0,0,0
20044,0,0,0,0,0,0,0,0,0,0,4,0
20045,0,0,0,0,0,2,0,0,0,0,0,0
20046,0,0,0,0,0,26,0,0,0,0,0,0
20047,0,58,0,0,0,0,0,0,0,0,0,0
20048,0,0,0,0,0,0,0,0,0,0,0,0
20049,0,0,0,2,0,209,0,0,0,0,1,0
20050,1,25,1,0,0,0,0,0,0,0,0,0
20051,0,0,0,0,0,0,0,0,0,2,27,0
20052,13,62,0,0,0,0,0,0,0,0,0,0
20053,0,0,0,0,0,0,8,1,0,0,0,0
20054,1,4,9,0,0,0,0,0,0,0,0,0
20055,7,1350,15,0,0,0,8,0,0,0,0,0
20056,0,0,0,0,0,0,0,0,0,0,0,0
20057,0,0,0,0,0,0,48,22,1,0,0,0
20058,0,0,0,0,1,5,0,0,0,0,0,0
20059,30,69,1,0,0,0,0,0,0,0,0,0
20060,0,0,0,0,3,0,10,543,0,0,0,0
20061,0,0,0,1,2,13,0,0,0,0,0,0
20062,0,0,0,0,0,0,102,106,2,0,0,0
20063,0,0,0,0,0,13,0,0,0,0,0,0
20064,0,0,0,1,0,35,0,0,0,0,0,0
20065,5,11,0,0,0,0,0,0,0,0,0,0
20066,1,11,2,0,0,0,0,0,0,0,0,0
20067,6,17,1,0,0,0,0,0,0,0,0,0
20068,0,0,0,0,0,0,26,52,2,0,0,0
20069,0,0,0,0,0,0,16,46,4,0,0,0
20070,0,0,0,1,1,51,0,0,0,0,1,0
20071,0,0,0,0,3,4,0,0,0,0,0,0
20072,0,0,0,0,1,1,0,0,0,0,0,0
20073,1,34,0,0,0,0,0,0,0,0,0,0
20074,0,0,0,0,0,0,0,0,0,15,0,0
20075,9,23,0,0,0,0,0,0,0,0,0,0
20076,0,4,0,0,0,0,0,0,0,0,0,0
20077,0,0,0,0,0,0,0,0,0,5,29,0
20078,0,0,0,0,0,2,0,0,0,20,94,0
20079,7,53,1,0,0,0,0,0,0,0,0,0
20080,0,0,0,7,17,3,0,0,0,0,0,0
20081,0,0,0,0,0,0,0,0,0,8,139,0
20082,0,0,0,6,3,11,0,0,0,0,0,0
20083,0,2,0,0,0,0,93,8,2,0,0,0
20084,0,0,0,0,0,8,0,0,0,0,0,0
20085,6,111,1,0,0,0,0,0,0,0,0,0
20086,0,0,0,0,0,0,0,5,0,0,0,0
20087,0,0,0,0,0,0,1,3,2,0,0,0
20088,0,0,0,0,1,33,0,0,0,0,0,0
20089,0,0,0,0,0,0,0,0,0,0,2,0
20090,0,0,0,0,0,0,0,0,0,0,3,0
20091,0,0,0,0,0,1,0,0,0,13,318,0
20092,1,38,4,0,0,0,0,0,0,0,0,0
20093,1,26,5,0,0,0,0,0,0,0,0,0
20094,1,109,1,0,0,0,0,0,0,0,0,0
20095,0,0,0,0,0,0,0,0,0,0,2,0
20096,1,0,0,0,0,0,0,0,0,0,0,0
20097,2,17,14,0,0,0,1,0,0,0,0,0
20098,0,0,0,0,0,0,0,90,3,0,0,0
20099,0,0,0,0,0,0,0,0,0,0,79,3
20100,0,0,0,1,2,108,0,0,0,0,1,0
20101,8,2,1,0,0,0,0,0,0,0,0,0
20102,0,0,0,0,2,0,14,984,4,0,0,0
20103,0,0,0,0,0,10,0,0,0,0,0,0
20104,0,0,0,0,0,3,0,0,0,8,996,27
20105,0,0,0,0,8,1,0,0,0,0,0,0
20106,0,0,0,0,1,5,0,0,0,0,0,0
20107,1,9,0,0,0,0,0,0,0,0,0,0
20108,1,6,1,0,0,0,0,0,0,0,0,0
20109,0,0,0,15,3,49,0,0,0,0,0,0
20110,0,0,0,0,0,0,1,3,1,0,0,0
20111,0,0,0,0,0,0,1,0,0,0,0,0
20112,6,19,29,0,0,0,0,0,0,0,0,0
20113,0,1,0,0,1,0,22,70,1,0,0,0
20114,0,0,0,0,1,22,0,0,0,0,0,0
20115,0,0,0,0,0,0,0,0,0,3,140,0
20116,7,15,2,0,0,0,0,0,0,0,0,0
20117,0,0,0,0,0,5,0,0,0,0,232,1
20118,3,21,2,0,0,0,0,0,0,0,0,0
20119,0,0,0,1,2,6,0,0,0,0,0,0
20120,0,0,0,1,0,17,0,0,0,0,0,0
20121,1,24,0,0,0,0,0,0,0,0,0,0
20122,1,14,13,0,0,0,0,0,0,0,0,0
20123,0,0,0,0,0,0,0,0,0,0,0,0
20124,1,0,0,234,4,40,0,0,0,0,0,0
20125,0,0,0,0,0,0,51,3,4,0,0,0
20126,0,0,0,0,0,0,27,8,16,0,0,0
20127,3,18,16,0,0,0,0,0,0,0,0,0
20128,0,0,0,0,0,0,8,1,0,0,0,0
20129,0,29,11,0,0,0,0,0,0,0,0,0
20130,7,52,6,0,0,0,0,0,0,0,0,0
20131,0,0,0,0,1,0,79,80,0,0,0,0
20132,0,0,0,0,0,5,0,0,0,18,1442,0
20133,0,0,0,0,0,6,0,0,0,7,1104,0
20134,0,0,0,0,6,0,89,575,7,0,0,0
20135,0,0,0,1,0,8,0,0,0,0,0,0
20136,4,7,0,0,0,0,0,0,0,0,0,0
20137,0,8,4,0,0,0,0,0,0,0,0,0
20138,20,18,5,0,0,0,0,0,0,0,0,0
20139,5,71,0,0,0,0,1,0,0,0,0,0
20140,1,1,0,0,0,0,0,0,0,0,0,0
20141,0,0,0,0,0,0,0,0,0,0,2,1
20142,0,48,3,0,0,0,1,0,0,0,0,0
20143,0,0,0,0,0,0,0,0,3,0,1,32
20144,12,7,1,0,0,0,0,0,0,0,0,0
20145,0,0,0,0,0,0,20,21,1,0,0,0
20146,0,0,0,4,0,4,0,0,0,0,0,0
20147,0,0,0,0,1,18,0,0,0,0,0,0
20148,0,0,0,0,0,31,0,0,0,1,4111,13
20149,8,2,1,0,0,0,0,0,0,0,0,0
20150,1,12,4,0,0,0,0,0,0,0,0,0
20151,0,0,0,2,2,37,0,0,0,0,0,0
20152,0,0,0,0,0,1,0,0,0,0,0,0
20153,1,0,0,0,0,0,0,0,0,0,0,0
20154,0,0,0,0,0,55,0,0,0,0,0,0
20155,0,0,0,0,0,2,0,0,0,0,0,0
20156,0,2,0,0,0,0,0,0,0,0,0,0
20157,0,0,0,0,0,129,0,0,0,0,0,0
20158,0,0,0,0,0,0,0,0,0,0,0,0
20159,2,1,5,0,0,0,0,0,0,0,0,0
20160,0,0,0,0,0,0,13,21,0,0,0,0
20161,1,1,0,0,0,0,0,0,0,0,0,0
20162,0,12,2,0,0,0,0,0,0,0,0,0
20163,0,1218,0,0,0,0,16,0,0,0,0,0
20164,0,0,0,0,0,0,19,36,0,0,0,0
20165,0,0,0,0,1,8,0,0,0,0,0,0
20166,0,0,0,2,4,42,0,0,0,0,1,0
20167,0,0,0,0,0,0,28,31,2,0,0,0
20168,0,46,5,0,0,0,0,0,0,0,0,0
20169,0,0,0,3,0,10,0,0,0,0,0,0
20170,0,0,0,0,0,0,12,2,0,0,0,0
20171,0,0,0,0,0,0,0,1,11,0,0,0
20172,0,0,0,0,15,16,0,0,0,0,0,0
20173,0,1,0,0,0,0,34,22,1,0,0,0
20174,0,0,0,0,0,17,0,0,0,0,0,0
20175,0,0,0,11,1,24,0,0,0,0,0,0
20176,0,0,0,0,6,0,38,197,5,0,0,0
20177,0,0,0,1,5,16,0,0,0,0,0,0
20178,0,0,0,0,0,39,0,0,0,232,3312,1
20179,0,0,0,0,0,0,0,0,0,1,4,0
20180,15,22,0,0,0,0,0,0,0,0,0,0
20181,2,22,6,0,0,0,1,0,0,0,0,0
20182,0,0,0,0,0,0,0,0,0,1,0,0
20183,3,3,0,0,0,0,0,0,0,0,0,0
20184,0,1,3,0,0,0,0,0,0,0,0,0
20185,0,0,0,0,0,31,0,0,0,0,0,0
20186,0,0,0,0,0,4,0,0,0,0,0,0
20187,0,27,0,0,0,0,0,0,0,0,0,0
20188,0,0,0,0,0,0,0,0,0,3,43,0
20189,0,0,0,0,0,0,0,0,0,1,21,0
20190,0,0,0,1,2,33,0,0,0,0,1,0
20191,0,0,0,0,0,0,3,1,1,0,0,0
20192,0,0,0,0,0,0,0,0,0,0,0,0
20193,0,17,8,0,0,0,0,0,0,0,0,0
20194,0,1,0,0,0,0,0,0,0,0,0,0
20195,0,0,0,0,0,0,0,0,0,0,1,0
20196,0,0,0,2,5,13,0,0,0,0,0,0
20197,0,0,0,0,0,37,0,0,0,0,2,0
20198,13,7,1,0,0,0,0,0,0,0,0,0
20199,0,0,0,0,0,1,0,0,0,0,282,0
20200,0,0,0,0,0,4,0,0,0,0,0,0
20201,0,0,0,7,0,1,0,0,0,0,0,0
20202,0,0,0,1,0,21,0,0,0,0,0,0
20203,0,0,0,0,0,0,0,0,0,0,0,0
20204,0,0,0,0,0,0,0,0,0,0,4,1
20205,0,0,0,2,32,2,0,0,0,0,0,0
20206,0,0,0,0,0,0,0,0,0,0,1,6
20207,27,2,1,0,0,0,0,0,0,0,0,0
20208,0,0,0,0,0,0,9,343,1,0,0,0
20209,1,2,0,0,0,0,0,0,0,0,0,0
20210,0,0,0,0,0,0,1,0,0,0,0,0
20211,0,0,0,0,0,16,0,0,0,0,0,0
20212,0,2,2,0,0,0,0,0,0,0,0,0
20213,0,0,0,0,0,0,1,0,0,0,0,0
20214,0,19,0,0,0,0,0,0,0,0,0,0
20215,0,12,6,0,0,0,0,0,0,0,0,0
20216,1,29,4,0,0,0,0,0,0,0,0,0
20217,0,0,0,4,6,14,0,0,0,0,0,0
20218,0,0,0,0,4,9,0,0,0,0,0,0
20219,0,0,0,0,0,14,0,0,0,0,0,0
20220,0,11,0,0,0,0,0,0,0,0,0,0
20221,0,0,0,0,0,0,0,0,0,17,0,0
20222,10,11,1,0,0,0,0,0,0,0,0,0
20223,2,27,3,0,0,0,0,0,0,0,0,0
20224,0,1,0,0,0,0,13,0,4,0,0,0
20225,1,19,3,0,0,0,0,0,0,1,0,0
20226,4,36,3,0,0,0,0,0,0,0,0,0
20227,0,0,0,0,1,24,0,0,0,0,0,0
20228,0,0,0,0,1,0,0,0,0,0,0,0
20229,0,0,0,1,0,9,0,0,0,0,0,0
20230,1,11,0,0,0,0,0,0,0,0,0,0
20231,1,23,0,0,0,0,1,0,0,0,0,0
20232,1,11,0,0,0,0,0,0,0,0,0,0
20233,0,0,0,0,0,4,0,0,0,10,2181,0
20234,0,0,0,0,0,4,0,0,0,56,290,0
20235,0,0,0,0,0,1,0,0,0,11,609,10
20236,43,16,8,0,0,0,0,0,0,0,0,0
20237,0,1,0,0,0,0,52,58,0,0,0,0
20238,0,2,0,0,1,0,159,445,0,0,0,0
20239,4,76,1,0,0,0,0,0,0,0,0,0
20240,0,1,0,0,0,0,16,6,0,0,0,0
20241,0,0,0,0,1,27,0,0,0,0,0,0
20242,0,0,0,0,0,0,0,0,0,34,2,0
20243,16,13,4,0,0,0,0,0,0,0,0,0
20244,1,16,0,0,0,0,0,0,0,0,0,0
20245,2,22,22,0,0,0,0,0,0,0,0,0
20246,0,0,0,6,4,19,0,0,0,0,0,0
20247,0,0,0,0,1,0,15,275,3,0,0,0
20248,0,0,0,0,0,0,5,0,1,0,0,0
20249,1,1,0,0,0,0,0,0,0,0,0,0
20250,0,33,0,0,0,0,0,0,0,0,0,0
20251,2,79,10,0,0,0,0,0,0,0,0,0
20252,0,0,0,1,8,13,0,0,0,0,0,0
20253,0,0,0,3,1,19,0,0,0,0,0,0
20254,0,0,0,0,0,0,1,3,0,0,0,0
20255,2,327,9,0,0,0,8,0,0,1,0,0
20256,0,0,0,24,23,76,0,0,0,0,1,0
20257,0,0,0,0,6,2,0,0,0,0,0,0
20258,0,0,0,0,0,1,0,0,0,0,0,0
20259,0,0,0,0,0,0,0,0,0,3,168,0
20260,0,0,0,0,0,8,0,0,0,0,0,0
20261,0,0,0,0,0,1,0,0,0,0,0,0
20262,0,26731,0,0,0,0,276,0,0,0,0,0
20263,0,1,0,0,0,0,40,1,1,0,0,0
20264,42,10,5,1,0,0,0,0,0,0,0,0
20265,39,66,15,0,0,0,0,0,0,0,0,0
20266,0,0,0,0,2,38,0,0,0,0,0,0
20267,0,0,0,0,0,2,0,0,0,0,0,0
20268,0,32843,0,0,0,0,304,9,0,0,0,0
20269,0,0,0,0,0,0,11,136,2,0,0,0
20270,0,0,0,0,0,3,0,0,0,42,612,0
20271,0,0,0,3,1,29,0,0,0,0,0,0
20272,4,20,0,0,0,0,0,0,0,0,0,0
20273,0,0,0,6,0,81,0,0,0,0,1,0
20274,0,0,0,0,2,0,27,403,3,0,0,0
20275,0,0,0,2,13,0,51,3281,1,0,0,0
20276,0,29,17,0,0,0,1,0,0,0,0,0
20277,0,0,0,0,3,45,0,0,0,0,0,0
20278,0,0,0,0,0,0,0,1,3,0,0,0
20279,3,108,6,0,0,0,8,0,0,0,0,0
20280,0,34,38,0,0,0,0,0,0,0,0,0
20281,0,0,0,0,1,24,0,0,0,0,0,0
20282,0,0,0,0,0,0,0,0,0,0,0,0
20283,0,0,0,0,0,4,0,0,0,2,775,0
20284,276,221,4,5,0,0,0,0,0,0,0,0
20285,0,0,0,9,7,282,0,0,0,0,5,0
20286,0,0,0,24,4,50,0,0,0,0,0,0
20287,0,0,0,0,0,0,25,2,1,0,0,0
20288,10,257,79,0,0,0,0,0,0,1,0,0
20289,1,32,4,0,0,0,0,0,0,0,0,0
20290,0,0,0,0,0,0,0,0,0,11,22,0
20291,0,0,0,0,0,0,6,2,0,0,0,0
20292,0,0,0,0,0,0,76,23,0,0,0,0
20293,0,0,0,0,0,45,0,0,0,0,3,0
20294,24,121,0,0,0,0,0,0,0,0,0,0
20295,0,0,0,0,0,75,0,0,0,0,2,0
20296,0,1,0,0,0,0,0,0,0,0,0,0
20297,1,35,1,1,0,0,0,0,0,0,0,0
20298,0,163,7,0,0,0,1,0,0,0,0,0
20299,0,0,0,0,0,18,0,0,0,0,0,0
20300,0,0,0,0,0,0,0,0,0,0,0,0
20301,0,25,1,0,0,0,0,0,0,1,0,0
20302,0,0,0,0,0,0,342,2,2,0,0,0
20303,1,16,6,0,0,0,0,0,0,0,0,0
20304,1,36,7,0,0,0,1,0,0,0,0,0
20305,0,0,0,0,0,0,21,74,1,0,0,0
20306,0,0,0,0,0,0,10,10,0,0,0,0
20307,0,0,0,0,0,0,0,0,0,18,54,0
20308,1,0,0,1,0,5,0,0,0,0,0,0
20309,3,49,0,1,0,0,1,0,0,0,0,0
20310,1,0,0,1,0,112,0,0,0,0,0,0
20311,0,0,0,0,1,0,1,4,3,0,0,0
20312,0,0,0,0,0,0,0,0,0,0,343,0
20313,0,0,0,0,0,2,0,0,0,13,35,0
20314,0,0,0,0,0,3,0,0,0,0,0,0
20315,0,0,0,5,0,1,0,0,0,0,0,0
20316,0,0,0,0,0,2,0,0,0,0,143,0
20317,0,0,0,0,0,0,38,0,1,0,0,0
20318,4,66,12,0,0,0,1,0,0,0,0,0
20319,0,5,0,0,0,0,0,0,0,0,0,0
20320,0,0,0,0,0,20,0,0,0,0,2014,0
20321,2,11,0,0,0,0,0,0,0,0,0,0
20322,0,0,0,0,0,74,0,0,0,0,0,0
20323,0,34,0,0,0,0,0,0,0,0,0,0
20324,0,0,0,0,0,4,0,0,0,0,0,0
20325,0,0,0,0,0,1,0,0,0,1,84,0
20326,0,1,0,0,0,0,47,9,0,0,0,0
20327,0,0,0,0,0,26,0,0,0,0,0,0
20328,0,0,0,0,0,6,0,0,0,0,0,0
20329,0,0,0,4,0,0,0,0,0,0,0,0
20330,0,21,0,0,0,0,0,0,0,0,0,0
20331,0,0,0,0,0,168,0,0,0,0,4,0
20332,0,0,0,0,0,0,12,0,1,0,0,0
20333,0,0,0,0,0,0,15,2,0,0,0,0
20334,1,15,6,0,0,0,0,0,0,0,0,0
20335,0,0,0,0,0,0,3,0,1,0,0,0
20336,0,3,1,0,0,0,0,0,0,0,0,0
20337,0,0,0,1,0,32,0,0,0,0,0,0
20338,0,0,0,0,0,5,0,0,0,0,0,0
20339,0,0,0,0,0,1,0,0,0,0,0,0
20340,0,0,0,0,0,5,0,0,0,0,0,0
20341,8,28,0,0,0,0,0,0,0,0,0,0
20342,0,0,0,0,0,0,20,39,0,0,0,0
20343,0,0,0,3,7,19,0,0,0,0,0,0
20344,0,0,0,0,0,0,0,0,0,0,18,0
20345,0,18,0,0,0,0,1,0,0,0,0,0
20346,0,0,0,3,0,95,0,0,0,0,1,0
20347,1,38,0,0,0,0,0,0,0,0,0,0
20348,0,0,0,0,0,0,34,60,0,0,0,0
20349,0,0,0,0,21,21,0,0,0,0,0,0
20350,0,0,0,0,0,0,0,0,0,0,0,0
20351,0,30,0,0,0,0,0,0,0,0,0,0
20352,0,0,0,0,0,0,68,31,5,0,0,0
20353,0,0,0,0,6,48,0,0,0,0,0,0
20354,0,0,0,0,0,3,0,0,0,0,0,0
20355,0,229,0,0,0,0,1,0,0,0,0,0
20356,0,0,0,0,0,0,47,100,0,0,0,0
20357,0,0,0,0,0,0,2,16,0,0,0,0
20358,0,0,0,6,2,24,0,0,0,0,0,0
20359,0,0,0,0,0,0,0,0,0,0,0,0
20360,0,0,0,0,0,0,1,1,0,0,0,0
20361,0,0,0,0,2,56,0,0,0,0,0,0
20362,0,0,0,0,0,9,0,0,0,0,0,0
20363,0,0,0,0,0,1,0,0,0,0,0,0
20364,0,69,0,0,0,0,0,0,0,0,0,0
20365,0,0,0,0,0,0,0,0,0,0,1,0
20366,0,0,0,0,0,0,0,0,0,0,0,0
20367,0,0,0,0,0,91,0,0,0,0,0,0
20368,0,0,0,0,0,1,0,0,0,48,112,0
20369,0,0,0,0,0,1,0,0,0,0,0,0
20370,0,21,0,0,0,0,1,0,0,0,0,0
20371,0,0,0,0,0,0,0,0,0,55,43,0
20372,0,0,0,8,1,0,0,0,0,0,0,0
20373,0,0,0,0,0,0,20,16,2,0,0,0
20374,0,174,74,0,0,0,1,0,0,0,0,0
20375,0,0,0,15,37,179,0,0,0,0,1,0
20376,0,0,0,43,0,88,0,0,0,0,2,0
20377,0,0,0,0,0,0,37,0,0,0,0,0
20378,0,0,0,0,0,0,1,16,0,0,0,0
20379,0,145,22,0,0,0,0,0,0,0,0,0
20380,0,0,0,0,0,0,0,0,0,10,245,5
20381,0,0,0,0,0,1,0,0,0,0,0,0
20382,2,14,0,0,0,0,0,0,0,0,0,0
20383,0,0,0,0,0,0,41,50,0,0,0,0
20384,0,0,0,0,0,1,0,0,0,1,472,0
20385,0,0,0,1,2,26,0,0,0,0,0,0
20386,0,2,0,0,0,0,0,0,0,0,0,0
20387,0,23,0,0,0,0,0,0,0,0,0,0
20388,0,12,55,0,0,0,0,0,0,0,0,0
20389,0,0,0,0,0,0,0,0,0,0,331,1
20390,0,0,0,0,0,0,12,38,0,0,0,0
20391,0,0,0,1,38,60,0,1,0,0,0,0
20392,0,0,0,5,1,8,0,0,0,0,0,0
20393,0,0,0,2,1,22,0,0,0,0,0,0
20394,0,0,0,0,0,92,0,0,0,0,0,0
20395,0,3,0,0,0,0,0,0,0,0,0,0
20396,2,1624,1,0,0,0,2,0,0,0,0,0
20397,0,4,0,0,0,0,335,220,1,0,0,0
20398,0,0,0,0,0,0,404,0,0,0,0,0
20399,0,12,2,0,0,0,0,0,0,0,0,0
20400,1,67,11,0,0,0,0,0,0,0,0,0
20401,0,0,0,10,465,79,0,0,0,0,0,0
20402,0,0,0,0,0,6,0,0,0,1,1000,0
20403,1,27,1,0,0,0,0,0,0,0,0,0
20404,0,0,0,0,0,3,0,0,0,16,782,0
20405,0,0,0,0,0,5,0,0,0,30,548,0
20406,0,0,0,2,6,26,0,0,0,0,0,0
20407,0,0,0,11,7,53,0,0,0,0,0,1
20408,0,0,0,2,14,7,0,0,0,0,0,0
20409,0,0,0,186,2,130,0,0,0,0,0,0
20410,0,0,0,0,0,0,87,0,0,0,0,0
20411,63,12,12,1,0,0,0,0,0,0,0,0
20412,3,44,15,0,0,0,0,0,0,0,0,0
20413,0,0,0,26,0,17,0,0,0,0,0,0
20414,0,0,0,0,0,2,0,0,0,0,0,0
20415,1,13,0,0,0,0,0,0,0,0,0,0
20416,0,0,0,0,0,0,13,1,14,0,0,0
20417,1,147,2,0,0,0,2,0,0,0,0,0
20418,2,48,5,0,0,0,0,0,0,0,0,0
20419,0,0,0,0,0,0,28,25,1,0,0,0
20420,6,35,6,0,0,0,0,0,0,0,0,0
20421,0,0,0,6,123,106,0,1,0,0,0,0
20422,0,0,0,3,0,3,0,0,0,0,0,0
20423,0,0,0,0,0,0,0,0,0,0,0,0
20424,0,0,0,0,1,29,0,0,0,0,0,0
20425,4,35,1,0,0,0,0,0,0,0,0,0
20426,0,0,0,2,2,92,0,0,0,0,1,0
20427,0,0,0,20,15,24,0,0,0,0,0,0
20428,0,0,0,0,0,1,0,0,0,10,275,0
20429,0,0,0,0,0,5,0,0,0,12,1026,1
20430,0,0,0,0,2,16,0,0,0,0,0,0
20431,0,50,0,0,0,0,0,0,0,0,0,0
20432,0,0,0,9,1,60,0,0,0,0,0,0
20433,0,1,0,0,2,0,327,335,9,0,0,0
20434,0,1,0,0,0,0,77,42,0,0,0,0
20435,0,1,8,0,0,0,0,0,0,0,0,0
20436,0,0,0,0,0,0,0,0,0,2,653,3
20437,7,76,0,0,0,0,0,0,0,0,0,0
20438,0,0,0,0,1,0,37,173,3,0,0,0
20439,0,0,0,0,0,22,0,0,0,0,0,0
20440,1,0,0,0,0,0,0,0,0,0,0,0
20441,0,0,0,0,0,0,0,0,0,0,8,0
20442,0,12,0,0,0,0,0,0,0,0,0,0
20443,0,1,0,0,0,0,30,16,2,0,0,0
20444,0,0,0,0,0,1,0,0,0,0,0,0
20445,0,0,0,10,0,47,0,0,0,0,1,0
20446,0,4,1,0,0,0,0,0,0,0,0,0
20447,1,27,3,0,0,0,0,0,0,0,0,0
20448,1,13,0,0,0,0,0,0,0,0,0,0
20449,0,5,0,0,0,0,0,0,0,0,0,0
20450,1,13,26,0,0,0,0,0,0,0,0,0
20451,0,0,0,0,0,16,0,0,0,0,2755,0
20452,0,0,0,1,0,98,0,0,0,0,0,0
20453,1,13,0,0,0,0,0,0,0,0,0,0
20454,0,0,0,0,0,39,0,0,0,0,0,0
20455,0,0,0,5,4,14,0,0,0,0,0,0
20456,0,0,0,1,7,4,0,1,0,0,0,0
20457,0,0,0,0,0,0,0,0,0,5,133,1
20458,9,31,0,0,0,0,0,0,0,0,0,0
20459,0,0,0,0,0,9,0,0,0,0,0,0
20460,2,8,0,0,0,0,0,0,0,0,0,0
20461,0,134,0,0,0,0,1,0,0,0,0,0
20462,0,0,0,0,0,0,0,0,0,7,49,0
20463,4,54,5,0,0,0,0,0,0,0,0,0
20464,0,1,0,0,0,0,141,73,5,0,0,0
20465,0,0,0,0,0,0,0,0,0,0,0,0
20466,0,0,0,7,4,68,0,0,0,0,0,0
20467,0,0,0,0,0,0,76,2,0,0,0,0
20468,0,0,0,0,0,0,0,0,0,12,141,0
20469,0,0,0,0,0,0,96,6,0,0,0,0
20470,0,0,3,0,0,0,0,0,0,501,3,1
20471,7,20,0,0,0,0,0,0,0,0,0,0
20472,66,20,38,2,0,0,0,0,0,0,0,0
20473,6,27,2,0,0,0,0,0,0,0,0,0
20474,0,0,0,0,0,0,0,0,0,14,192,0
20475,0,39,1,0,0,0,0,0,0,0,0,0
20476,0,35,0,0,0,0,332,49,0,0,0,0
20477,0,0,0,0,1,0,27,217,1,0,0,0
20478,0,0,0,0,0,97,0,0,0,0,13,0
20479,0,0,0,4,5,33,0,0,0,0,0,0
20480,0,0,0,0,0,1,0,0,0,1,792,2
20481,2,77,7,0,0,0,0,0,0,0,0,0
20482,0,0,0,0,16,22,0,0,0,0,0,0
20483,0,0,0,0,0,5,0,0,0,8,647,2
20484,0,0,0,5,38,52,0,1,0,0,0,0
20485,0,13,0,0,0,0,0,0,0,0,0,0
20486,1,13,12,0,0,0,0,0,0,0,0,0
20487,0,0,0,0,0,0,52,232,3,0,0,0
20488,0,0,0,1,1,0,0,0,0,0,0,0
20489,0,0,0,0,6,0,123,252,0,0,0,0
20490,0,0,0,0,2,23,0,0,0,0,0,0
20491,0,0,0,0,0,0,10,81,3,0,0,0
20492,0,0,0,0,1,2,0,0,0,0,0,0
20493,0,0,0,0,0,0,32,12,2,0,0,0
20494,0,0,0,0,1,0,0,0,0,0,0,0
20495,0,0,0,0,0,0,0,1,1,0,0,0
20496,0,0,0,0,0,25,0,0,0,0,0,0
20497,0,0,0,3,123,2,0,0,0,0,0,0
20498,0,0,0,0,0,0,0,0,0,0,1,0
20499,0,0,0,1,1,10,0,0,0,0,0,0
20500,0,0,0,0,0,0,39,1,1,0,0,0
20501,0,0,0,0,1,6,0,0,0,0,0,0
20502,0,0,0,3,0,13,0,0,0,0,0,0
20503,0,92,0,0,0,0,1,0,0,0,0,0
20504,0,0,0,0,1,32,0,0,0,0,0,0
20505,0,0,0,11,6,17,0,0,0,0,0,0
20506,0,0,0,0,0,0,0,0,0,0,0,0
20507,0,0,0,0,0,0,0,0,0,0,0,0
20508,0,0,0,0,0,25,0,0,0,0,0,0
20509,0,0,0,1,0,19,0,0,0,0,0,0
20510,0,0,0,0,0,2,0,0,0,0,0,0
20511,0,47,0,0,0,0,0,0,0,0,0,0
20512,0,0,0,1,112,19,0,2,0,0,0,0
20513,0,0,0,0,0,9,0,0,0,0,0,0
20514,0,9,0,0,0,0,2,0,0,0,0,0
20515,0,0,0,0,0,0,0,0,0,31,2,71
20516,0,0,0,1,0,0,0,0,0,0,0,0
20517,0,0,0,4,4,8,0,0,0,0,0,0
20518,0,0,0,0,0,0,18,19,7,0,0,0
20519,3,24,5,0,0,0,0,0,0,0,0,0
20520,0,0,0,4,0,116,0,0,0,0,0,0
20521,0,0,0,0,0,0,3,0,0,0,0,0
20522,1,5,1,0,0,0,0,0,0,0,0,0
20523,0,0,0,1,2,275,0,0,0,0,3,0
20524,0,0,0,0,2,2,0,0,0,0,0,0
20525,0,0,0,0,4,1,0,0,0,0,0,0
20526,0,0,0,0,16,13,0,1,0,0,0,0
20527,0,0,0,0,0,0,12,47,18,0,0,0
20528,0,0,0,0,0,2,0,0,0,0,0,0
20529,0,0,0,0,1,17,0,0,0,0,0,0
20530,0,0,0,0,0,0,5,0,6,0,0,0
20531,1,79,8,0,0,0,0,0,0,0,0,0
20532,1,134,6,0,0,0,12,0,0,0,0,0
20533,1,62,0,0,0,0,1,0,0,0,0,0
20534,0,0,0,0,0,13,0,0,0,0,0,0
20535,2,17,0,0,0,0,0,0,0,0,0,0
20536,1,137,0,0,0,0,0,0,0,0,0,0
20537,0,0,0,0,0,45,0,0,0,0,0,0
20538,2,2,0,0,0,0,0,0,0,0,0,0
20539,0,6,37,0,0,0,3,0,0,0,0,0
20540,4,23,4,0,0,0,0,0,0,0,0,0
20541,0,52,0,0,0,0,0,0,0,0,0,0
20542,0,0,0,1,2,3,0,0,0,0,0,0
20543,0,0,0,0,0,0,0,0,0,2,60,0
20544,0,0,0,0,0,1,0,0,0,33,864,0
20545,0,0,0,0,0,0,0,0,0,0,2,0
20546,8,1,2,0,0,0,0,0,0,0,0,0
20547,3,8,9,0,0,0,0,0,0,0,0,0
20548,0,0,0,0,0,0,54,35,0,0,0,0
20549,1,37,4,0,0,0,0,0,0,0,0,0
20550,0,0,0,3,29,58,0,0,0,0,0,0
20551,0,0,0,2,0,7,0,0,0,0,0,0
20552,0,0,0,0,2,1,0,0,0,0,0,0
20553,1,299,0,0,0,0,4,0,0,0,0,0
20554,0,0,0,0,7,0,0,0,0,0,0,0
20555,0,0,0,0,0,0,0,0,0,9,298,4
20556,0,0,0,20,0,9,0,0,0,0,0,0
20557,0,0,0,0,0,0,13,6,0,0,0,0
20558,0,0,0,0,0,4,0,0,0,0,0,0
20559,7,47,4,0,0,0,0,0,0,0,0,0
20560,0,0,0,0,0,0,23,137,0,0,0,0
20561,0,0,0,0,1,54,0,0,0,0,0,0
20562,0,0,0,0,10,11,0,0,0,0,0,0
20563,0,0,0,0,0,3,0,0,0,0,0,0
20564,0,0,0,0,0,0,0,0,0,0,1,0
20565,0,0,0,1,1,68,0,0,0,0,1,0
20566,0,3,0,0,0,0,0,0,0,0,0,0
20567,3,36,5,0,0,0,0,0,0,0,0,0
20568,0,0,0,0,0,0,38,77,1,0,0,0
20569,0,0,0,0,0,0,22,290,2,0,0,0
20570,0,0,0,0,1,2,0,0,0,0,0,0
20571,0,0,0,9,0,16,0,0,0,0,0,0
20572,0,0,0,0,0,0,39,10,0,0,0,0
20573,14,0,0,51,1,28,0,0,0,0,0,0
20574,0,0,0,0,0,0,0,0,0,6,92,1
20575,4,5,4,0,0,0,0,0,0,0,0,0
20576,0,1,0,0,0,0,0,0,0,0,0,0
20577,2,100,22,0,0,0,4,0,0,0,0,0
20578,1,50,0,0,20,0,1519,1573,0,0,0,0
20579,0,0,0,7,0,2,0,0,0,0,0,0
20580,0,0,0,0,1,0,15,531,7,0,0,0
20581,0,2,2,0,0,0,0,0,0,0,0,0
20582,0,0,0,0,0,0,0,0,0,1,4,0
20583,0,0,0,0,0,30,0,0,0,0,0,0
20584,1,15,1,0,0,0,0,0,0,0,0,0
20585,0,0,0,0,0,10,0,0,0,0,0,0
20586,0,0,0,3,0,3,0,0,0,0,0,0
20587,0,0,0,0,0,0,0,3,1,0,0,0
20588,1,0,0,0,0,0,0,0,0,0,0,0
20589,0,0,0,0,0,0,0,0,0,0,80,0
20590,0,0,0,0,0,1,0,0,0,0,0,0
20591,1,0,0,0,0,0,0,0,0,0,0,0
20592,0,0,0,0,0,1516,0,0,0,0,5,0
20593,0,11,0,0,0,0,1,0,0,0,0,0
20594,0,0,0,0,0,0,0,0,0,5,439,0
20595,3,21,1,0,0,0,0,0,0,0,0,0
20596,0,0,0,0,0,0,0,1,0,0,0,0
20597,0,1,0,0,0,0,0,0,0,0,0,0
20598,0,1030,0,0,0,0,1,0,0,0,0,0
20599,0,36,380,0,0,0,0,0,0,0,0,0
20600,0,0,0,3,28,98,0,0,0,0,0,0
20601,0,0,0,0,2,19,0,0,0,0,0,0
20602,0,0,0,0,6,8,0,0,0,0,1,0
20603,0,0,0,0,0,0,0,0,0,0,99,0
20604,6,19,5,0,0,0,0,0,0,0,0,0
20605,0,0,0,0,3,31,0,0,0,0,0,0
20606,0,0,0,0,9,1,0,0,0,0,0,0
20607,0,0,0,1,0,12,0,0,0,0,0,0
20608,12,66,1,0,0,0,0,0,0,0,0,0
20609,0,0,0,24,0,22,0,0,0,0,0,0
20610,0,0,0,0,0,0,1,14,1,0,0,0
20611,0,0,0,0,0,0,0,0,0,3,227,0
20612,0,0,0,1,0,1,0,0,0,0,0,0
20613,0,0,0,0,5,6,0,0,0,0,0,0
20614,0,0,0,5,0,3,0,0,0,0,0,0
20615,0,0,0,0,0,0,0,5,1,0,0,0
20616,0,0,0,0,0,0,0,143,2,0,0,0
20617,0,0,0,0,3,1,0,0,0,0,0,0
20618,0,0,0,0,0,0,11,1,0,0,0,0
20619,0,0,0,0,0,3,0,0,0,0,0,0
20620,0,20,0,0,0,0,0,0,0,0,0,0
20621,1,271,5,0,0,0,0,0,0,0,0,0
20622,380,27,2,0,0,0,0,0,0,0,0,0
20623,0,0,0,0,0,0,66,460,2,0,0,0
20624,380,13,8,0,0,0,0,0,0,0,0,0
20625,0,0,0,2,2,76,0,0,0,0,1,0
20626,0,0,0,0,0,0,29,44,9,0,0,0
20627,0,0,0,0,0,0,8,7,0,0,0,0
20628,0,0,0,0,0,7,0,0,0,3,852,7
20629,0,0,0,0,0,0,0,0,0,5,692,0
20630,3,99,0,0,0,0,2,0,0,0,0,0
20631,0,0,0,4,0,72,0,0,0,0,1,0
20632,0,0,0,0,0,0,12,7,3,0,0,0
20633,0,0,0,0,0,10,0,0,0,0,0,0
20634,9,59,13,0,0,0,0,0,0,0,0,0
20635,0,0,0,0,0,0,57,0,82,0,0,0
20636,0,6,5,0,0,0,0,0,0,0,0,0
20637,18,24,11,3,0,0,0,0,0,0,0,0
20638,0,58,0,0,0,0,0,0,0,0,0,0
20639,0,0,0,0,0,0,0,0,0,0,6,0
20640,3,19,4,0,0,0,0,0,0,0,0,0
20641,0,0,0,2,0,12,0,0,0,0,0,0
20642,0,0,0,0,0,0,0,0,0,0,0,0
20643,0,0,0,0,0,3,0,0,0,0,0,0
20644,0,0,0,1,0,34,0,0,0,0,0,0
20645,1,9,2,0,0,0,0,0,0,0,0,0
20646,0,0,0,0,0,0,0,0,0,1,96,0
20647,0,0,0,0,0,0,0,0,0,7,60,0
20648,0,0,0,0,0,0,0,0,0,4,2,0
20649,139,18,3,0,0,0,0,0,0,0,0,0
20650,0,5,15,0,0,0,0,0,0,0,0,0
20651,0,5,1,0,0,0,0,0,0,0,0,0
20652,0,31,4,0,0,0,0,0,0,0,0,0
20653,0,0,0,0,0,32,0,0,0,0,0,0
20654,0,0,0,0,0,0,0,0,0,0,0,0
20655,1,14,1,0,0,0,0,0,0,0,0,0
20656,0,0,0,0,0,0,0,0,0,1,2,0
20657,0,0,0,0,0,0,0,0,0,0,0,0
20658,0,68,2,0,0,0,1,0,0,0,0,0
20659,0,0,0,0,9,2,0,0,0,0,0,0
20660,0,0,0,0,0,0,0,0,0,0,3,1
20661,0,0,0,1,2,2452,0,0,0,1,25,0
20662,6,12,0,0,0,0,0,0,0,0,0,0
20663,0,0,0,0,0,0,83,59,12,0,0,0
20664,0,0,0,0,4,46,0,0,0,0,0,0
20665,0,0,0,0,0,0,0,0,0,0,1,0
20666,23,15,3,0,0,0,0,0,0,0,0,0
20667,1,32,4,0,0,0,0,0,0,0,0,0
20668,0,9,0,0,0,0,232,8,0,0,0,0
20669,0,0,0,0,0,0,0,0,0,1,17,0
20670,0,4,0,0,0,0,409,32,1,0,0,0
20671,0,0,0,0,0,0,0,0,0,0,0,0
20672,0,0,0,0,0,0,0,0,0,0,0,0
20673,0,0,0,0,0,0,1,2,0,0,0,0
20674,0,0,0,0,0,0,0,0,0,9,0,0
20675,72,15,0,0,0,0,0,0,0,0,0,0
20676,0,227,2,0,0,0,5,0,0,0,0,0
20677,0,0,0,0,0,0,0,0,0,14,102,1
20678,0,0,0,0,0,0,0,0,0,5,2,0
20679,0,0,0,0,2,0,292,788,7,0,0,0
20680,0,0,0,0,0,0,4,1,1,0,0,0
20681,0,0,0,0,0,0,2,1,0,0,0,0
20682,0,0,1,2,0,14,0,0,0,0,0,0
20683,0,0,0,0,0,0,112,82,2,0,0,0
20684,0,0,0,3,0,28,0,0,0,0,0,0
20685,0,0,0,7,0,3,0,0,0,0,0,0
20686,1,1,0,0,1,0,23,18,1,0,0,0
20687,0,0,1,0,0,0,0,0,0,3,33,0
20688,0,0,0,1,3,6,0,0,0,0,0,0
20689,1,0,0,0,0,0,0,0,0,0,0,0
20690,0,0,0,0,0,0,0,0,0,0,0,0
20691,0,1,0,0,0,0,67,31,2,0,0,0
20692,0,0,0,0,0,0,0,0,0,8,75,0
20693,0,0,0,0,0,0,0,0,0,5,3,0
20694,0,0,0,0,0,32,0,0,0,0,0,0
20695,2,11,0,0,0,0,0,0,0,0,0,0
20696,0,19,4,0,0,0,1,0,0,0,0,0
20697,0,0,0,0,0,33,0,0,0,0,0,0
20698,0,0,0,0,0,0,0,0,0,9,168,0
20699,0,0,0,50,0,9,0,0,0,0,0,0
20700,0,0,0,0,0,35,0,0,0,0,1,0
20701,0,0,0,0,0,4,0,0,0,0,0,0
20702,0,0,0,0,0,0,0,0,0,0,0,0
20703,0,0,0,0,0,6,0,0,0,1,2021,0
20704,0,0,0,0,0,0,0,0,0,0,0,0
20705,0,1,0,0,0,0,0,0,0,0,0,0
20706,0,20,0,0,0,0,0,0,0,0,0,0
20707,2,18,3,0,0,0,0,0,0,0,0,0
20708,0,0,0,2,1,23,0,0,0,0,0,0
20709,0,1,0,0,0,0,10,159,0,0,0,0
20710,0,0,0,0,0,0,0,0,0,3,3,0
20711,39,0,1,0,0,0,0,0,0,0,0,0
20712,1,77,0,0,0,0,0,0,0,0,0,0
20713,0,12,37,0,0,0,0,0,0,2,0,0
20714,0,0,0,0,0,0,10,25,0,0,0,0
20715,1,77,3,0,0,0,0,0,0,0,0,0
20716,5,9,18,0,0,0,0,0,0,0,0,0
20717,0,0,0,0,0,22,0,0,0,0,0,0
20718,0,0,0,0,3,0,10,578,2,0,0,0
20719,0,0,0,0,0,2,0,0,0,4,1009,1
20720,0,0,0,0,1,0,0,0,0,0,0,0
20721,0,120,2,0,0,0,0,0,0,0,0,0
20722,0,0,0,1,1,25,0,0,0,0,0,0
20723,0,0,0,0,0,2,0,0,0,0,0,0
20724,9,2153,0,0,0,0,13,0,0,0,0,0
20725,0,0,0,0,0,0,6,45,1,0,0,0
20726,0,27,52,0,0,0,0,0,0,0,0,0
20727,2,31,2,0,0,0,0,0,0,0,0,0
20728,0,13,1,0,0,0,0,0,0,0,0,0
20729,1,8,2,0,0,0,0,0,0,0,0,0
20730,0,0,0,0,1,0,31,270,2,0,0,0
20731,0,0,0,4,0,0,0,0,0,0,0,0
20732,0,0,0,0,0,0,0,0,0,0,0,0
20733,0,0,0,0,0,52,0,0,0,0,0,0
20734,0,0,0,0,1,0,24,83,10,0,0,0
20735,0,40,1,0,0,0,0,0,0,0,0,0
20736,0,0,0,0,0,0,0,0,0,13,97,0
20737,0,0,0,0,0,0,0,0,0,9,5,0
20738,0,0,0,0,0,0,0,0,0,0,0,0
20739,0,0,0,7,6,35,0,0,0,0,0,0
20740,0,0,0,0,0,0,0,0,0,169,1,0
20741,17,18,7,0,0,0,0,0,0,0,0,0
20742,2,13,305,0,0,0,0,0,0,1,1,0
20743,1,0,20,0,0,0,0,0,0,0,0,0
20744,3,1,0,0,0,0,0,0,0,0,0,0
20745,0,0,0,0,1,40,0,0,0,0,0,0
20746,0,0,0,1,0,1,0,0,0,0,0,0
20747,0,1,0,0,0,0,0,0,0,0,0,0
20748,0,0,0,0,0,2503,0,0,0,0,2318,0
20749,0,0,0,0,0,0,13,7,0,0,0,0
20750,0,0,0,0,0,0,8,2,3,0,0,0
20751,0,0,0,66,0,2,0,0,0,0,0,0
20752,0,0,0,0,0,0,14,21,0,0,0,0
20753,3,135,7,0,0,0,0,0,0,0,0,0
20754,0,0,0,1,0,44,0,0,0,0,0,0
20755,0,75,206,0,0,0,0,0,0,2,2,0
20756,0,0,0,0,1,0,53,203,0,0,0,0
20757,0,0,0,11,7,76,0,0,0,0,0,0
20758,0,0,0,0,1,0,16,111,2,0,0,0
20759,0,0,0,0,0,7,0,0,0,3,1753,0
20760,15,12,5,0,0,0,0,0,0,0,0,0
20761,1,8,5,0,0,0,0,0,0,0,0,0
20762,0,0,0,0,0,37,0,0,0,0,2549,0
20763,50,188,3,0,0,0,0,0,0,0,0,0
20764,0,0,0,0,1,42,0,0,0,0,0,0
20765,0,0,0,0,0,1,0,0,0,0,0,0
20766,1,12,0,0,0,0,0,0,0,0,0,0
20767,0,0,0,0,0,1,0,0,0,0,119,0
20768,0,0,0,0,0,0,0,0,0,1,14,0
20769,0,0,0,1,70,8,0,0,0,0,0,0
20770,2,0,1,0,0,0,0,0,0,0,0,0
20771,0,34,2,0,0,0,0,0,0,0,0,0
20772,9,32,5,0,0,0,0,0,0,0,0,0
20773,0,0,0,0,1,0,24,54,0,0,0,0
20774,0,0,0,0,0,0,20,2,2,0,0,0
20775,0,0,0,0,0,0,0,0,0,1,100,0
20776,19,31,2,0,0,0,0,0,0,0,0,0
20777,0,0,0,2,0,83,0,0,0,0,0,0
20778,3,1,0,0,0,0,0,0,0,0,0,0
20779,1,1,7,0,0,0,0,0,0,0,0,0
20780,0,0,0,1,0,1,0,0,0,0,0,0
20781,0,0,0,0,0,0,0,8,2,0,0,0
20782,1,5,3,0,0,0,0,0,0,0,0,0
20783,0,0,0,0,1,1,0,0,0,0,0,0
20784,0,0,0,0,0,0,15,5,0,0,0,0
20785,1,1,0,0,0,0,0,0,0,0,0,0
20786,9,1,1,0,0,0,0,0,0,0,0,0
20787,0,0,0,0,0,124,0,0,0,0,1,0
20788,0,0,0,0,0,0,8,0,0,0,0,0
20789,0,0,0,0,0,1,0,0,0,0,0,0
20790,0,0,0,0,0,0,0,0,0,6,96,0
20791,0,0,0,0,0,0,1,2,1,0,0,0
20792,0,0,0,0,0,0,0,0,0,3,3,0
20793,12,19,2,0,0,0,0,0,0,0,0,0
20794,0,0,0,0,0,0,0,0,0,0,0,0
20795,0,0,0,0,0,0,0,0,0,0,0,0
20796,0,63,0,0,0,0,0,0,0,0,0,0
20797,0,0,0,4,0,0,0,0,0,0,0,0
20798,0,1,0,0,0,0,0,0,0,0,0,0
20799,0,0,0,0,0,607,0,0,0,0,12,0
20800,0,11,0,0,0,0,0,0,0,0,0,0
20801,0,0,0,0,0,0,0,0,0,1,155,0
20802,0,0,0,1,6,94,0,0,0,0,1,0
20803,0,0,0,0,0,0,0,0,0,0,1,0
20804,0,0,0,0,0,0,0,0,0,0,0,0
20805,0,21,0,0,0,0,0,0,0,0,0,0
20806,0,0,0,0,0,2,0,0,0,6,307,0
20807,0,0,0,0,0,0,0,0,0,0,0,0
20808,0,3,0,0,0,0,59,30,1,0,0,0
20809,0,0,0,0,0,0,0,0,0,0,0,0
20810,0,0,0,0,0,0,0,4,0,0,0,0
20811,0,0,0,0,0,30,0,0,0,0,0,0
20812,0,0,0,0,0,0,0,0,0,0,3,0
20813,1,0,0,0,0,0,0,0,0,0,0,0
20814,1,40,2,0,0,0,1,0,0,0,0,0
20815,0,0,0,0,0,7,0,0,0,0,0,0
20816,3,0,0,0,0,0,0,0,0,0,0,0
20817,0,0,0,0,0,22,0,0,0,0,0,0
20818,0,0,0,0,0,18,0,0,0,0,0,0
20819,0,0,0,1,0,1,0,0,0,0,0,0
20820,4,10,0,0,0,0,0,0,0,0,0,0
20821,0,1,0,0,0,0,0,0,0,0,0,0
20822,0,24,0,0,0,0,0,0,0,0,0,0
20823,0,0,0,0,0,5,0,0,0,5,1332,0
20824,0,8,0,0,0,0,0,0,0,0,0,0
20825,0,0,0,0,0,0,0,0,0,1,351,0
20826,2,15,5,0,0,0,0,0,0,0,0,0
20827,0,0,0,0,6,74,0,0,0,0,0,0
20828,0,0,0,0,0,2,0,0,0,0,0,0
20829,0,15,0,0,0,0,0,0,0,0,0,0
20830,1,8,0,0,0,0,0,0,0,0,0,0
20831,0,0,0,0,0,0,0,0,0,8,32,0
20832,4,21,419,0,0,0,0,0,0,0,0,0
20833,0,0,0,1,2,52,0,0,0,0,0,0
20834,0,0,0,0,1,2,0,0,0,0,0,0
20835,0,17,0,0,0,0,0,0,0,0,0,0
20836,0,0,0,0,0,0,1,7,0,0,0,0
20837,0,0,0,0,0,0,0,0,0,0,0,0
20838,0,0,0,4,2,22,0,0,0,0,0,0
20839,1,0,0,0,0,0,76,0,0,0,0,0
20840,0,0,0,0,0,25,0,0,0,0,0,0
20841,0,24,0,0,0,0,0,0,0,0,0,0
20842,0,0,0,0,0,0,0,0,0,0,2,0
20843,0,0,0,0,0,0,0,0,0,0,0,0
20844,0,0,0,0,0,48,0,0,0,44,982,1
20845,0,0,0,0,0,2,0,0,0,0,0,0
20846,1,8,1,0,0,0,0,0,0,0,0,0
20847,0,0,0,0,0,28,0,0,0,0,0,0
20848,1,5,0,0,0,0,0,0,0,0,0,0
20849,0,11,2,0,0,0,0,0,0,0,0,0
20850,0,0,0,1,0,53,0,0,0,0,0,0
20851,1,0,0,0,0,0,0,0,0,0,0,0
20852,0,0,0,0,1,1,0,0,0,0,0,0
20853,0,0,0,0,0,0,0,96,9,0,0,0
20854,0,1,3,0,0,0,0,0,0,0,0,0
20855,0,0,0,0,0,0,5,3,0,0,0,0
20856,0,13,0,0,0,0,0,0,0,0,0,0
20857,0,0,0,0,0,0,2,1,2,0,0,0
20858,0,0,0,0,0,5,0,0,0,0,0,0
20859,0,0,0,0,1,67,0,0,0,0,1,0
20860,0,118,2,0,0,0,2,0,0,0,0,0
20861,0,0,0,0,0,1,0,0,0,0,0,0
20862,1,15,0,0,0,0,0,0,0,0,0,0
20863,0,0,0,0,0,0,0,0,0,0,4,0
20864,1,0,0,0,0,0,0,0,0,0,0,0
20865,0,0,0,0,0,69,0,0,0,0,0,0
20866,0,0,0,0,0,6,0,0,0,0,0,0
20867,0,0,0,1,1,3,0,0,0,0,0,0
20868,0,0,0,2,1,10,0,0,0,0,0,0
20869,0,0,0,0,0,0,0,2,2,0,0,0
20870,0,0,0,0,0,0,0,0,0,0,0,0
20871,0,0,0,2,1,8,0,0,0,0,0,0
20872,0,0,0,0,0,0,0,1,0,0,0,0
20873,0,0,0,0,0,0,0,0,0,0,0,0
20874,0,0,0,41,0,48,0,0,0,0,0,0
20875,0,0,0,0,0,0,2,1,0,0,0,0
20876,0,0,0,0,0,0,2,3,4,0,0,0
20877,0,0,0,0,1,227,0,0,0,0,0,0
20878,0,0,0,0,0,0,0,0,0,0,0,0
20879,0,0,0,0,0,0,0,0,0,0,2,0
20880,0,0,0,15,7,90,0,0,0,0,1,0
20881,0,0,0,0,0,0,15,1,1,0,0,0
20882,2,3,1,0,0,0,0,0,0,0,0,0
20883,0,0,0,0,0,112,0,0,0,0,0,0
20884,0,0,1,0,0,0,0,0,0,0,0,0
20885,0,23,0,0,0,0,0,0,0,0,0,0
20886,0,42,0,0,0,0,0,0,0,0,0,0
20887,0,1,0,0,0,0,108,1,0,0,0,0
20888,0,0,0,0,0,0,19,1,0,0,0,0
20889,0,21,4,0,0,0,0,0,0,0,0,0
20890,0,0,0,0,0,0,27,3,1,0,0,0
20891,4,0,0,37,19,1,0,0,0,0,0,0
20892,0,0,0,11,1,13,0,0,0,0,0,0
20893,0,0,0,0,0,0,1,40,2,0,0,0
20894,0,0,0,0,0,0,0,0,0,0,0,0
20895,5,8,1,0,0,0,0,0,0,0,0,0
20896,0,0,0,0,0,0,0,0,0,0,1,2
20897,0,0,0,0,0,0,0,0,0,0,2,1
20898,50,50,2,1,0,0,0,0,0,0,0,0
20899,0,0,0,0,0,0,0,0,2,0,0,0
20900,0,0,0,0,0,0,0,1,1,0,0,0
20901,0,0,0,1,0,8,0,0,0,0,0,0
20902,1,0,0,0,0,0,0,0,0,0,0,0
20903,0,0,0,0,0,0,0,0,0,0,0,0
20904,8,11,3,0,0,0,0,0,0,0,0,0
20905,0,0,0,0,0,0,21,12,0,0,0,0
20906,0,0,0,0,0,0,0,0,0,1,0,0
20907,0,0,0,109,2,143,0,0,0,0,3,0
20908,0,0,0,0,0,0,1,1,1,0,0,0
20909,0,0,0,0,1,0,0,0,0,0,0,0
20910,0,0,0,1,2,22,0,0,0,0,0,0
20911,0,0,0,0,0,72,0,0,0,0,1,0
20912,0,0,0,0,0,1,0,0,0,0,0,0
20913,1,4,0,0,0,0,0,0,0,0,0,0
20914,0,0,2,0,0,0,0,0,0,0,0,0
20915,0,0,0,0,0,0,41,0,0,0,0,0
20916,0,25,0,0,0,0,0,0,0,0,0,0
20917,0,0,0,0,0,0,0,0,0,1,0,1
20918,0,1,0,0,0,0,0,0,0,0,0,0
20919,0,0,0,0,0,0,26,16,0,0,0,0
20920,0,0,0,0,0,1,0,0,0,0,0,0
20921,0,0,0,0,0,0,0,0,0,0,0,0
20922,0,0,0,0,0,0,1,4,0,0,0,0
20923,0,0,0,0,1,26,0,0,0,0,0,0
20924,0,0,0,0,0,0,0,0,0,0,0,0
20925,0,0,0,0,0,0,72,17,1,0,0,0
20926,0,0,0,0,0,0,0,0,0,2,0,0
20927,0,0,0,0,0,0,0,0,0,3,0,0
20928,0,0,0,18,6,12,0,0,0,0,0,0
20929,1,12,2,0,0,0,0,0,0,0,0,0
20930,0,0,0,0,0,3,0,0,0,2,1198,1
20931,0,0,0,0,1,0,201,814,0,0,0,0
20932,0,0,0,0,0,0,102,55,1,0,0,0
20933,0,0,0,0,0,0,34,1,0,0,0,0
20934,0,0,0,0,0,44,0,0,0,0,1,0
20935,1,65,0,0,0,0,0,0,0,0,0,0
20936,0,0,0,0,0,1,0,0,0,0,313,0
20937,0,0,0,0,4,0,75,415,1,0,0,0
20938,0,0,1,0,0,0,0,0,0,72,26,0
20939,0,0,0,10,0,1,0,0,0,0,0,0
20940,0,0,0,0,1,0,31,135,1,0,0,0
20941,0,0,0,0,0,0,0,0,0,6,73,0
20942,0,0,0,0,0,0,0,0,0,0,0,0
20943,0,0,0,9,1,22,0,0,0,0,0,0
20944,0,0,0,0,0,0,46,59,3,0,0,0
20945,0,0,0,1,0,4,0,0,0,0,0,0
20946,0,0,0,0,0,6,0,0,0,8,902,0
20947,0,0,0,0,0,0,2,0,0,0,0,0
20948,0,0,0,0,0,0,0,0,0,0,0,0
20949,0,0,0,0,0,46,0,0,0,0,0,0
20950,0,0,0,49,0,1,0,0,0,0,0,0
20951,0,0,0,0,0,1,0,0,0,1,170,0
20952,23,23,10,3,0,0,0,0,0,0,0,0
20953,0,0,0,0,0,0,3,5,0,0,0,0
20954,0,0,0,0,0,0,0,0,0,0,0,0
20955,0,0,0,0,0,183,0,0,0,0,0,0
20956,0,0,0,0,0,0,0,0,0,24,171,0
20957,0,0,0,4,0,0,0,0,0,0,0,0
20958,0,0,0,6,0,12,0,0,0,0,0,0
20959,1,17,1,0,0,0,0,0,0,0,0,0
20960,0,17,1,0,0,0,0,0,0,1,0,0
20961,0,0,0,3,1,121,0,0,0,0,0,0
20962,0,42,0,0,0,0,2417,116,1,0,0,0
20963,0,44,7,0,0,0,2,0,0,0,0,0
20964,0,0,0,0,0,0,0,0,0,12,107,0
20965,0,0,0,0,0,4,0,0,0,0,0,0
20966,0,0,0,0,5,0,0,0,0,0,0,0
20967,0,0,0,0,1,11,0,0,0,0,0,0
20968,0,0,0,0,0,0,35,2,1,0,0,0
20969,0,0,0,0,1,9,0,0,0,0,0,0
20970,0,0,0,0,0,0,0,0,0,12,245,3
20971,0,0,0,0,0,0,0,0,0,0,0,0
20972,0,0,0,0,0,0,0,0,0,0,2,0
20973,0,0,0,29,1,42,0,0,0,0,0,0
20974,0,0,0,0,0,0,12,1,0,0,0,0
20975,1,0,2,0,0,0,0,0,0,0,0,0
20976,0,0,0,1,0,33,0,0,0,0,2,0
20977,0,0,0,0,0,0,0,11,2,0,0,0
20978,0,0,0,0,0,0,0,0,0,1,2,0
20979,8,25,0,0,0,0,0,0,0,0,0,0
20980,0,1,0,0,0,0,34,8,0,0,0,0
20981,0,4,4,0,0,0,0,0,0,0,0,0
20982,0,0,0,1,4,31,0,0,0,0,0,0
20983,0,0,0,1,3,0,0,0,0,0,0,0
20984,0,0,0,0,0,0,0,0,0,0,7,0
20985,2,17,1,0,0,0,0,0,0,0,0,0
20986,0,1,0,0,0,0,0,0,0,0,0,0
20987,0,0,0,0,0,1,0,0,0,1,458,2
20988,0,0,0,1,6,20,0,0,0,0,0,0
20989,0,0,0,1,5,12,0,0,0,0,0,0
20990,0,0,0,1,0,0,0,0,0,0,0,0
20991,0,0,0,0,0,0,6,208,12,0,0,0
20992,6,94,3,0,0,0,0,0,0,0,0,0
20993,0,0,0,0,2,11,0,0,0,0,0,0
20994,0,0,0,9,0,42,0,0,0,0,0,0
20995,0,0,0,0,2,0,31,429,1,0,0,0
20996,0,0,0,0,0,0,1,32,1,0,0,0
20997,0,0,0,2,0,10,0,0,0,0,0,0
20998,0,1,0,0,0,0,16,2,6,0,0,0
20999,0,11,1,0,0,0,0,0,0,0,0,0
21000,0,0,0,0,1,26,0,0,0,0,0,0
21001,0,0,0,0,0,1,0,0,0,0,0,0
21002,0,0,0,0,0,0,1,7,0,0,0,0
21003,0,0,0,0,2,21,0,0,0,0,0,0
21004,0,1,0,0,13,0,27,704,2,0,0,0
21005,0,0,0,1,0,0,0,0,0,1,614,2
21006,7,137,1,0,0,0,0,0,0,0,0,0
21007,0,6,0,0,0,0,0,0,0,0,0,0
21008,0,0,0,0,0,0,0,0,0,9,808,2
21009,0,0,0,0,3,29,0,0,0,0,0,0
21010,0,0,0,0,0,0,23,146,0,0,0,0
21011,0,0,0,1,0,0,0,0,0,0,0,0
21012,1,61,6,0,0,0,0,0,0,0,0,0
21013,0,0,0,0,0,0,0,0,0,2,21,0
21014,0,59,0,0,0,0,0,0,0,0,0,0
21015,0,0,0,10,1,73,0,0,0,0,0,0
21016,0,11,0,0,0,0,0,0,0,0,0,0
21017,0,0,0,0,0,17,0,0,0,1,363,0
21018,1,15,1,0,0,0,0,0,0,0,0,0
21019,0,0,0,0,0,0,13,14,0,0,0,0
21020,0,0,0,0,0,0,0,0,0,18,42,0
21021,0,0,0,1,0,7,0,0,0,0,0,0
21022,15,46,0,0,0,0,0,0,0,0,0,0
21023,0,14,3,0,0,0,0,0,0,0,0,0
21024,0,0,0,1,0,68,0,0,0,0,1,0
21025,0,2,0,0,0,0,0,0,0,0,0,0
21026,0,63,0,0,0,0,0,0,0,0,0,0
21027,7,108,1,0,0,0,0,0,0,0,0,0
21028,0,0,0,1,0,2,0,0,0,0,0,0
21029,0,0,0,0,0,0,0,2,1,0,0,0
21030,0,0,0,0,0,0,0,6,0,0,0,0
21031,0,0,0,0,0,0,0,2,0,0,0,0
21032,0,0,0,0,0,0,0,0,0,0,0,0
21033,0,0,0,0,0,101,0,0,0,0,0,0
21034,0,0,0,0,0,5,0,0,0,5,972,6
21035,0,0,0,0,0,1,0,0,0,0,0,0
21036,0,0,0,0,0,0,0,0,0,2,241,1
21037,2,84,0,0,0,0,0,0,0,0,0,0
21038,0,0,0,0,0,0,0,0,0,0,0,0
21039,0,0,0,0,0,31,0,0,0,0,1,0
21040,0,105,0,0,0,0,0,0,0,0,0,0
21041,0,0,0,0,1,0,0,0,0,0,0,0
21042,0,0,0,0,9,4,0,0,0,0,0,0
21043,9,26,0,0,0,0,0,0,0,0,0,0
21044,0,0,0,0,0,0,0,0,9,0,0,0
21045,0,0,0,0,0,47,0,0,0,0,1,0
21046,0,0,0,0,0,0,0,2,1,0,0,0
21047,0,0,0,0,0,0,0,0,0,0,0,0
21048,0,0,0,0,5,44,0,0,0,0,0,0
21049,0,0,0,0,0,0,0,0,0,0,0,0
21050,0,0,0,0,0,0,0,0,0,0,0,0
21051,0,0,0,0,0,0,3,3,0,0,0,0
21052,0,0,0,0,0,1,0,0,0,0,0,0
21053,0,1,0,0,0,0,0,0,0,0,0,0
21054,0,0,0,0,0,0,0,0,0,1,181,0
21055,0,0,0,0,0,0,65,2,1,0,0,0
21056,0,1,0,0,0,0,0,0,0,0,0,0
21057,0,0,0,0,0,33,0,0,0,8,2358,0
21058,0,0,0,0,0,9,0,0,0,1,2109,0
21059,0,0,0,0,0,0,0,0,0,0,61,0
21060,0,0,0,1,0,6,0,0,0,0,0,0
21061,0,0,0,0,0,0,0,0,0,0,0,0
21062,0,60,1,0,0,0,0,0,0,0,0,0
21063,0,0,0,0,0,0,18,11,1,0,0,0
21064,0,0,0,0,0,0,0,0,0,0,0,0
21065,0,0,0,0,0,0,0,0,0,2,33,0
21066,0,0,0,11,0,12,0,0,0,0,0,0
21067,0,0,0,0,0,0,0,0,0,0,0,0
21068,0,0,0,0,0,0,0,0,0,0,0,0
21069,0,78,0,0,0,0,0,0,0,0,0,0
21070,0,9,1,0,0,0,0,0,0,0,0,0
21071,0,18,6,0,0,0,0,0,0,0,0,0
21072,0,0,0,2,0,19,0,0,0,0,0,0
21073,0,0,0,0,0,0,64,9,0,0,0,0
21074,0,0,0,0,0,48,0,0,0,0,1,0
21075,0,0,0,27,1,34,0,0,0,0,0,0
21076,1,14,0,0,0,0,0,0,0,0,0,0
21077,0,0,0,0,18,24,0,0,0,29,2977,20
21078,16,72,1,0,0,0,5,0,0,0,0,0
21079,1,2,40,0,0,0,0,0,0,13,0,0
21080,0,411,3,0,0,0,2,0,0,0,0,0
21081,13,60,2,0,0,0,0,0,0,0,0,0
21082,0,0,0,0,0,0,4,0,79,0,0,1
21083,43,2,4,0,0,0,0,0,0,0,0,0
21084,4,9,11,0,0,0,0,0,0,0,0,0
21085,0,0,14,0,0,0,0,0,0,0,0,0
21086,0,1,0,0,0,0,0,0,0,0,0,0
21087,0,0,0,1,0,179,0,0,0,0,0,0
21088,0,0,0,0,2,0,10,535,0,0,0,0
21089,2,6,11,0,0,0,0,0,0,0,0,0
21090,0,0,0,0,0,0,0,0,0,7,27,1
21091,0,0,0,4,1,12,0,0,0,0,0,0
21092,0,0,0,0,0,0,0,0,0,0,0,1
21093,0,0,0,0,0,128,0,0,0,0,1,0
21094,0,0,0,0,0,0,0,0,0,0,0,0
21095,0,1,0,0,0,0,0,0,0,0,0,0
21096,0,379,0,0,0,0,1,0,0,0,0,0
21097,0,0,0,0,0,0,4,0,6,0,0,0
21098,4,6,7,0,0,0,0,0,0,0,0,0
21099,0,0,0,0,0,0,40,180,2,0,1,0
21100,0,0,0,0,0,0,23,5,0,0,0,0
21101,0,0,0,0,0,0,3,10,0,0,0,0
21102,0,0,0,0,0,10,0,0,0,0,0,0
21103,0,0,0,0,2,21,0,0,0,0,0,0
21104,0,0,0,0,0,0,0,0,0,0,0,0
21105,0,0,0,0,0,7,0,0,0,0,0,0
21106,0,0,0,0,0,2,0,0,0,0,0,0
21107,0,0,0,1,0,1,0,0,0,0,0,0
21108,0,0,0,0,0,1,0,0,0,0,502,0
21109,1,73,2,0,0,0,0,0,0,0,0,0
21110,0,0,0,0,0,11,0,0,0,5,778,0
21111,0,0,0,11,9,62,0,0,0,0,0,0
21112,0,0,0,0,0,12,0,0,0,0,0,0
21113,0,0,0,0,0,0,0,0,0,0,0,0
21114,0,0,0,0,0,0,0,0,0,0,159,0
21115,0,11,0,0,0,0,0,0,0,0,0,0
21116,0,0,0,1,0,3,0,0,0,0,0,0
21117,0,0,0,2,4,28,0,0,0,0,0,0
21118,0,0,0,4,5,6,0,0,0,0,0,0
21119,0,0,0,0,0,0,13,170,2,0,0,0
21120,0,0,0,0,1,16,0,0,0,0,0,0
21121,0,0,0,0,0,0,26,3,0,0,0,0
21122,0,0,0,0,0,0,2,20,0,0,0,0
21123,0,0,0,0,3,0,41,1754,11,0,0,0
21124,0,0,0,0,1,5,0,0,0,0,0,0
21125,0,0,0,0,1,1,0,0,0,0,0,0
21126,0,0,0,0,0,20,0,0,0,0,0,0
21127,1,181,0,0,0,0,1,0,0,0,0,0
21128,0,0,0,0,0,76,0,0,0,0,0,0
21129,0,3,0,0,0,0,0,0,0,0,0,0
21130,0,0,0,0,0,0,0,0,0,4,1,2
21131,2,18,0,0,0,0,0,0,0,0,0,0
21132,0,12,0,0,0,0,0,0,0,0,0,0
21133,0,0,0,0,0,0,0,0,0,30,0,0
21134,4,14,0,0,0,0,2,0,0,0,0,0
21135,0,34,0,0,0,0,0,0,0,0,0,0
21136,0,24,2,0,0,0,0,0,0,0,0,0
21137,0,22251,0,0,0,0,129,0,0,0,0,0
21138,0,4,0,0,0,0,83,3,0,0,0,0
21139,0,0,0,0,0,1,0,0,0,4,300,0
21140,0,0,0,0,0,0,0,0,0,0,0,0
21141,1,237,1,0,0,0,0,0,0,0,0,0
21142,0,0,0,0,0,0,58,55,1,0,0,0
21143,0,0,0,0,0,0,0,0,0,0,38,0
21144,0,0,0,7,3,43,0,0,0,0,0,0
21145,0,0,0,0,0,1,0,0,0,7,432,1
21146,0,0,0,20,21,14,0,0,0,0,0,0
21147,1,0,0,106,3,44,0,0,0,0,0,0
21148,0,0,0,0,0,0,0,0,0,0,0,0
21149,0,0,0,0,0,0,0,0,0,0,0,0
21150,9,46,8,0,0,0,0,0,0,0,0,0
21151,0,0,0,0,0,0,0,0,0,0,0,0
21152,0,0,0,0,0,0,0,2,1,0,0,0
21153,0,0,0,0,0,13,0,0,0,0,0,0
21154,0,0,0,1,62,1,0,8,0,0,0,0
21155,0,0,0,0,0,0,0,0,0,0,0,0
21156,0,0,13,0,0,116,0,0,0,50,447,0
21157,0,20,0,0,0,0,262,16,0,0,0,0
21158,0,0,0,0,5,213,0,0,0,0,6,0
21159,0,3,0,0,9,0,118,90,0,0,0,0
21160,0,0,0,0,0,0,23,4,0,0,0,0
21161,0,0,0,0,0,36,0,0,0,1,571,0
21162,0,0,0,1,1,24,0,0,0,0,2,0
21163,31,86,74,0,0,0,4,0,0,2,0,0
21164,0,0,0,0,0,12,0,0,0,0,0,0
21165,0,11,0,0,0,0,0,0,0,0,0,0
21166,5,1,1,4,0,0,0,0,0,0,0,0
21167,0,1,0,0,0,0,0,0,0,0,0,0
21168,0,0,0,0,0,0,18,1,1,0,0,0
21169,1,49,2,0,0,0,0,0,0,0,0,0
21170,0,0,0,11,0,8,0,0,0,0,0,0
21171,0,15,0,0,0,0,0,0,0,0,0,0
21172,0,0,0,0,0,0,0,0,0,0,0,0
21173,0,0,0,0,0,0,0,0,0,0,2,0
21174,4,12,0,0,0,0,0,0,0,0,0,0
21175,0,0,0,0,0,0,0,1,0,0,0,0
21176,0,1,1,0,0,0,0,0,0,0,0,0
21177,0,21,0,0,0,0,0,0,0,0,0,0
21178,0,0,0,0,0,1,0,0,0,2,155,1
21179,0,87,0,0,0,0,0,0,0,0,0,0
21180,0,0,0,0,4,37,0,0,0,0,0,0
21181,0,0,0,1,0,2,0,0,0,0,0,0
21182,0,0,0,0,0,0,0,0,0,1,0,0
21183,0,0,0,0,14,33,0,0,0,0,0,0
21184,0,0,0,0,0,2,0,0,0,0,0,0
21185,0,0,0,0,0,0,0,0,1,0,0,0
21186,0,0,0,0,0,0,0,1,0,0,0,0
21187,0,0,1,0,0,0,0,0,0,0,0,0
21188,0,62,1,0,0,0,0,0,0,0,0,0
21189,0,0,0,0,0,195,0,0,0,0,1,0
21190,0,0,0,0,2,0,25,16,0,0,0,0
21191,0,0,0,0,0,7,0,0,0,1,514,0
21192,0,0,0,0,6,14,0,0,0,0,0,0
21193,0,0,0,0,1,0,37,223,0,0,0,0
21194,0,1800,14,0,0,0,3,0,0,0,0,0
21195,0,0,0,0,2,74,0,0,0,0,0,0
21196,0,0,0,0,0,0,0,0,0,54,0,0
21197,0,0,0,0,0,2,0,0,0,0,0,0
21198,0,0,0,1,0,8,0,0,0,0,0,0
21199,0,0,0,0,0,0,0,0,0,0,0,0
21200,1,0,0,0,0,0,0,0,0,0,0,0
21201,0,0,0,0,0,26,0,0,0,0,0,0
21202,0,11,0,0,0,0,0,0,0,0,0,0
21203,0,775,1,0,0,0,9,0,0,0,0,0
21204,0,1,0,0,6,0,84,527,1,0,0,0
21205,0,0,0,0,0,0,0,0,0,15,78,0
21206,0,0,0,5,1,2,0,0,0,0,0,0
21207,0,0,0,0,0,2,0,0,0,4,241,0
21208,5,4,4,0,0,0,0,0,0,0,0,0
21209,0,0,0,0,0,0,0,0,0,0,0,0
21210,0,0,0,0,0,0,34,20,1,0,0,0
21211,0,0,0,0,0,0,0,2,0,0,0,0
21212,0,0,0,0,0,0,0,0,0,0,0,0
21213,1,31,2,0,0,0,1,0,0,1,0,0
21214,0,0,0,0,0,4,0,0,1,5,321,11
21215,0,70,1,0,0,0,1,0,0,0,0,0
21216,0,0,0,0,0,4,0,0,0,19,331,1
21217,0,0,0,0,0,0,0,0,0,0,0,0
21218,0,0,0,4,3,1,0,0,0,0,0,0
21219,0,0,0,0,0,3,0,0,0,0,613,0
21220,0,1,0,0,10,0,64,660,0,0,0,0
21221,0,0,0,0,1,0,0,0,0,1,206,1
21222,1634,61,1,54,0,0,0,0,0,0,0,0
21223,0,0,0,2,1,12,0,0,0,0,0,0
21224,0,0,0,0,0,0,0,1,2,0,0,0
21225,0,0,0,0,0,0,0,32,1,0,0,0
21226,0,0,0,0,0,1,0,0,0,0,0,0
21227,0,0,0,0,0,0,0,1,0,0,0,0
21228,0,0,0,0,0,0,0,1,1,0,0,0
21229,1,1,0,0,0,0,0,0,0,0,0,0
21230,0,0,0,0,0,0,0,0,0,0,3,0
21231,2,120,14,0,0,0,0,0,0,0,0,0
21232,0,0,0,0,0,0,54,37,0,0,0,0
21233,0,0,0,0,0,0,0,0,0,0,173,0
21234,0,0,1,0,0,50,0,0,0,91,4741,4
21235,0,0,0,0,1,4,0,0,0,0,0,0
21236,0,0,0,2,0,0,0,0,0,0,0,0
21237,0,0,0,0,9,9,0,0,0,0,0,0
21238,0,0,0,0,0,0,28,1,0,0,0,0
21239,0,0,0,0,0,6,0,0,0,0,0,0
21240,0,0,0,1,0,35,0,0,0,0,0,0
21241,0,13,0,0,0,0,0,0,0,0,0,0
21242,0,0,0,0,0,0,0,0,0,1,94,1
21243,0,0,0,5,1,12,0,0,0,0,0,0
21244,1,1,0,0,0,0,0,0,0,0,0,0
21245,0,47,3,0,0,0,0,0,0,0,0,0
21246,0,0,0,1,0,37,0,0,0,0,0,0
21247,0,0,0,0,0,0,2,2,2,0,0,0
21248,0,0,0,0,0,192,0,0,0,0,1,0
21249,0,0,0,0,0,0,13,82,4,0,0,0
21250,0,0,3,0,0,0,0,0,0,0,0,0
21251,0,1,2,0,0,0,0,0,0,0,0,0
21252,0,0,0,0,0,46,0,0,0,0,0,0
21253,0,0,0,0,0,0,15,2,0,0,0,0
21254,0,0,0,0,0,0,0,0,0,0,39,0
21255,0,0,0,0,7,0,213,1399,47756,1,8,167
21256,0,0,0,1,0,0,0,0,0,0,0,0
21257,0,0,0,0,0,0,0,0,0,0,3,0
21258,4,59,4,0,0,0,0,0,0,0,0,0
21259,0,0,0,0,0,0,0,0,0,0,0,0
21260,0,0,0,0,0,0,0,0,0,0,3,0
21261,2,112,12,0,0,0,0,0,0,0,0,0
21262,0,0,0,0,2,3,0,0,0,0,0,0
21263,0,0,0,0,0,0,0,0,0,0,1,0
21264,0,0,0,11,7,28,0,0,0,0,0,0
21265,0,0,0,0,0,0,0,1,0,0,0,0
21266,0,1,0,0,0,0,0,0,0,0,0,0
21267,0,9,0,0,0,0,0,0,0,0,0,0
21268,0,0,0,0,0,0,10,37,0,0,0,0
21269,0,0,0,0,0,0,0,0,0,2,0,0
21270,10,76,22,0,0,0,0,0,0,0,0,0
21271,0,0,0,1,1,0,0,0,0,0,0,0
21272,0,0,0,0,0,1,0,0,0,0,0,0
21273,0,0,0,0,0,12,0,0,0,0,0,0
21274,0,0,0,0,0,8,0,0,0,0,0,0
21275,0,0,0,0,0,0,0,0,0,0,0,0
21276,0,6,0,0,0,0,0,0,0,0,0,0
21277,0,19,0,0,0,0,0,0,0,0,0,0
21278,0,0,0,0,0,18,0,0,0,0,0,0
21279,0,0,0,8,0,27,0,0,0,0,0,0
21280,0,0,0,0,0,0,0,0,0,0,0,0
21281,0,0,0,0,0,0,0,1,133,0,0,1
21282,0,114,12,0,0,0,0,0,0,0,0,0
21283,0,0,0,7,0,4,0,0,0,0,0,0
21284,0,0,0,0,0,0,0,1,0,0,0,0
21285,0,0,0,0,0,17,0,0,0,0,0,0
21286,0,1,0,0,0,0,0,0,0,0,0,0
21287,0,31,0,0,0,0,0,0,0,0,0,0
21288,0,0,0,0,0,16,0,0,0,0,0,0
21289,0,0,0,0,0,48,0,0,0,0,0,0
21290,0,3,0,0,0,0,0,0,0,0,0,0
21291,0,0,0,0,0,182,0,0,0,0,1,0
21292,0,0,0,0,0,0,0,0,0,9,63,0
21293,0,0,0,0,5,0,0,0,0,0,0,0
21294,1,0,0,271,1,23,0,0,0,0,0,0
21295,0,18,0,0,1,0,362,117,1,0,0,0
21296,0,1,0,0,0,0,341,3,0,0,0,0
21297,0,0,0,0,0,1,0,0,0,17,110,0
21298,0,8,1,0,0,0,0,0,0,0,0,0
21299,1,23,2,0,0,0,0,0,0,0,0,0
21300,0,38,3,0,0,0,1,0,0,0,0,0
21301,0,0,0,0,0,2,0,0,0,51,236,1
21302,0,0,0,0,0,44,0,0,0,18,1859,0
21303,0,37,1,0,0,0,0,0,0,0,0,0
21304,3,0,30,1053,0,1374,0,0,0,2475,56135,11
21305,0,30,0,0,0,0,3514,24,0,0,0,0
21306,0,0,0,0,0,114,0,0,0,4,9337,1
21307,0,0,0,0,0,0,31,0,14,0,0,0
21308,3,20,11,0,0,0,0,0,0,0,0,0
21309,0,26,1,0,0,0,1,0,0,0,0,0
21310,0,0,0,0,0,0,0,0,0,58,3,9
21311,2,17,0,0,0,0,0,0,0,0,0,0
21312,6,26,1,0,0,0,0,0,0,0,0,0
21313,3,50,4,0,0,0,0,0,0,0,0,0
21314,0,0,0,1,0,0,0,0,0,0,0,0
21315,14,11,0,1,0,0,0,0,0,0,0,0
21316,0,0,0,0,0,0,132,25,1,0,0,0
21317,1,0,5,0,0,0,0,0,0,0,0,0
21318,0,0,0,0,1,20,0,0,0,0,0,0
21319,0,0,0,0,0,0,1,1,0,0,0,0
21320,0,0,0,0,0,0,0,0,0,0,0,0
21321,0,0,0,0,0,45,0,0,0,0,1,0
21322,0,0,0,2,0,18,0,0,0,0,0,0
21323,0,110,0,0,0,0,0,0,0,0,0,0
21324,0,0,0,0,0,56,0,0,0,0,1,0
21325,0,0,0,0,0,0,20,6,0,0,0,0
21326,0,0,0,0,4,39,0,0,0,0,0,0
21327,0,0,0,0,0,1,0,0,0,5,57,0
21328,0,3,0,0,0,0,0,0,0,0,0,0
21329,0,0,0,1,1,2,0,0,0,0,0,0
21330,0,0,0,0,0,0,0,4,0,0,0,0
21331,0,0,0,0,0,0,0,0,0,0,3,0
21332,0,0,0,0,0,0,0,0,0,0,0,0
21333,0,0,0,0,1,57,0,0,0,0,0,0
21334,0,0,0,0,1,0,0,158,2,0,0,0
21335,0,0,0,0,0,0,0,0,0,1,3,1
21336,10,7,7,0,0,0,0,0,0,0,0,0
21337,0,0,0,0,0,0,0,0,0,0,0,0
21338,0,1,0,0,0,0,0,0,0,0,0,0
21339,0,0,0,0,0,13,0,0,0,0,0,0
21340,0,0,0,0,0,0,0,0,0,0,0,0
21341,0,0,0,0,0,0,0,0,0,0,0,0
21342,0,0,0,0,0,0,0,0,0,0,210,0
21343,1,63,17,0,0,0,0,0,0,0,1,0
21344,0,0,0,0,0,7,0,0,0,0,0,0
21345,2,4,5,0,0,0,0,0,0,0,0,0
21346,0,0,0,0,0,12,0,0,0,0,0,0
21347,0,0,0,5,0,0,0,0,0,0,0,0
21348,0,0,0,0,0,8,0,0,0,0,0,0
21349,0,0,0,0,3,0,0,0,0,0,0,0
21350,0,0,0,0,0,0,0,1,0,0,0,0
21351,0,0,0,0,0,0,1,1,0,0,0,0
21352,0,2,8,0,0,0,0,0,0,0,0,0
21353,0,0,0,0,0,0,1,1,0,0,0,0
21354,0,0,0,0,0,0,29,1,0,0,0,0
21355,0,0,0,0,0,0,0,0,0,0,0,0
21356,0,46,20,0,0,0,1,0,0,0,0,0
21357,0,0,0,0,5,211,0,0,0,0,1,0
21358,0,22,0,0,0,0,1,0,0,0,0,0
21359,0,0,0,0,0,0,0,0,0,1,65,0
21360,1,23,0,0,0,0,0,0,0,0,0,0
21361,3,19,1,0,0,0,1,0,0,0,0,0
21362,0,49,5,0,0,0,0,0,0,0,0,0
21363,0,0,0,1,1,405,0,0,0,0,1,0
21364,0,0,0,0,0,35,0,0,0,18,2163,12
21365,0,0,0,0,0,5,0,0,0,51,526,1
21366,11,24,12,0,0,0,0,0,0,0,0,0
21367,43,14,3,0,0,0,0,0,0,0,0,0
21368,0,0,0,0,3,53,0,0,0,0,2,0
21369,12,0,0,412,7,102,0,0,0,0,1,0
21370,0,0,0,0,0,0,0,0,0,2,0,14
21371,1,37,21,0,0,0,0,0,0,0,0,0
21372,0,0,0,0,10,0,22,745,3,0,0,0
21373,0,0,0,1,4,4,0,0,0,0,0,0
21374,0,0,0,0,40,2,0,0,0,0,0,0
21375,0,6,0,0,0,0,269,7,0,0,0,0
21376,0,0,0,0,28,1,0,1,0,0,0,0
21377,0,0,0,0,0,0,0,0,0,1,2,0
21378,0,0,0,7,7,36,0,0,0,0,1,0
21379,0,0,0,16,0,18,0,0,0,0,0,0
21380,0,0,0,0,0,1,0,0,0,0,31,0
21381,0,0,0,0,0,1,0,0,0,13,116,0
21382,0,0,0,0,0,1,0,0,0,0,0,0
21383,0,6,0,0,0,0,0,0,0,0,0,0
21384,0,0,0,0,0,30,0,0,0,0,0,0
21385,0,0,0,0,0,1,0,0,0,0,0,0
21386,0,0,0,0,0,0,0,0,0,0,5,0
21387,0,0,0,1,2,16,0,0,0,0,0,0
21388,0,0,0,2,1,11,0,0,0,0,0,0
21389,0,0,0,0,0,0,0,0,0,0,0,0
21390,0,1032,1,0,0,0,6,3,0,0,0,0
21391,0,0,0,0,0,2,0,0,0,0,0,0
21392,0,0,0,0,0,0,0,0,0,0,0,0
21393,0,0,0,0,0,7,0,0,0,0,0,0
21394,0,0,0,0,0,0,0,7,0,0,0,0
21395,0,2,0,0,0,0,0,0,0,0,0,0
21396,0,0,0,0,0,1,0,0,0,0,138,0
21397,2,8,7,0,0,0,0,0,0,0,0,0
21398,0,0,0,0,0,0,0,0,0,0,0,0
21399,0,0,0,0,1,0,4,185,0,0,0,0
21400,1,28,0,0,0,0,0,0,0,0,0,0
21401,0,0,0,0,0,0,6,256,0,0,0,0
21402,0,0,0,0,0,13,0,0,0,0,0,0
21403,1,1,0,0,0,0,0,0,0,0,0,0
21404,1,13,0,0,0,0,0,0,0,0,0,0
21405,90,113,4,0,0,0,0,0,0,0,0,0
21406,0,0,0,1,0,7,0,0,0,0,0,0
21407,0,0,0,0,0,0,0,0,0,0,0,0
21408,0,0,0,1,1,47,0,0,0,0,0,0
21409,0,0,0,0,0,1,0,0,0,14,21,0
21410,0,0,0,0,0,0,0,0,0,4,92,0
21411,0,0,0,0,0,1,0,0,0,4,165,0
21412,0,0,0,0,0,0,0,0,0,32,1,0
21413,0,0,0,0,0,3,0,0,0,0,0,0
21414,0,0,0,2,0,20,0,0,0,0,0,0
21415,1,0,0,0,0,0,0,0,0,0,0,0
21416,0,6,0,0,0,0,0,0,0,0,0,0
21417,2,37,0,0,0,0,0,0,0,0,0,0
21418,0,0,0,0,0,13,0,0,0,0,0,0
21419,0,0,0,0,0,1,0,0,0,0,0,0
21420,0,12,0,0,0,0,0,0,0,0,0,0
21421,0,3,6,0,0,0,0,0,0,0,0,0
21422,0,1,0,0,0,0,71,2,1,0,0,0
21423,0,0,0,0,0,0,72,37,0,0,0,0
21424,0,0,0,0,0,0,14,0,0,0,0,0
21425,0,0,0,0,0,0,0,0,0,0,0,0
21426,0,0,0,0,1,24,0,0,0,0,0,0
21427,0,16,0,0,0,0,0,0,0,0,0,0
21428,0,0,0,0,0,0,0,0,0,0,9,1
21429,0,0,0,1,1,14,0,0,0,0,1,0
21430,0,0,0,0,0,0,3,13,0,0,0,0
21431,0,0,0,0,0,5,0,0,0,1,619,0
21432,0,0,0,2,1,37,0,0,0,0,0,0
21433,0,0,0,0,0,0,57,1,0,0,0,0
21434,0,0,0,0,0,5,0,0,0,0,0,0
21435,0,0,0,1,0,25,0,0,0,0,0,0
21436,0,19,0,0,0,0,0,0,0,0,0,0
21437,0,0,0,0,0,1,0,0,0,0,0,0
21438,0,0,0,0,0,0,3,52,0,0,0,0
21439,0,0,0,0,4,8,0,3,0,0,0,0
21440,0,0,0,0,0,6,0,0,0,4,448,0
21441,0,0,0,3,14,31,0,0,0,0,0,0
21442,0,0,0,0,2,24,0,0,0,0,0,0
21443,0,0,0,6,0,1,0,0,0,0,0,0
21444,13,17,0,0,0,0,0,0,0,0,0,0
21445,0,0,0,0,0,0,0,0,0,0,0,0
21446,0,12,13,0,0,0,0,0,0,1,0,0
21447,0,54,0,0,0,0,2,0,0,0,0,0
21448,0,1,0,0,0,0,38,0,1,0,0,0
21449,0,3,15,0,0,0,0,0,0,0,0,0
21450,1,15,11,0,0,0,0,0,0,0,0,0
21451,0,0,0,0,0,0,119,67,1,0,0,0
21452,0,0,0,0,0,0,11,131,5,0,0,0
21453,0,0,0,1,0,2,0,0,0,0,0,0
21454,0,0,0,0,0,0,0,0,0,4,0,1
21455,4,1,0,0,0,0,0,0,0,0,0,0
21456,0,11,4,0,0,0,0,0,0,0,0,0
21457,54,38,14,4,0,0,0,0,0,0,0,0
21458,0,0,0,0,9,36,0,0,0,0,0,0
21459,0,0,0,0,0,0,0,0,0,4,59,1
21460,0,6,0,0,0,0,0,0,0,0,0,0
21461,0,13,4,0,0,0,1,0,0,0,0,0
21462,1,0,0,257,3,138,0,0,0,0,2,0
21463,0,0,0,0,0,0,3,6,2,0,0,0
21464,0,41,5,0,0,0,0,0,0,0,0,0
21465,0,0,0,0,40,83,0,0,0,0,0,0
21466,5,49,1,0,0,0,0,0,0,0,0,0
21467,0,0,0,0,0,21,0,0,0,0,1,0
21468,0,0,0,0,13,0,51,1624,0,0,0,0
21469,2,9,3,0,0,0,0,0,0,0,0,0
21470,0,0,0,1,0,3,0,0,0,0,0,0
21471,0,0,0,3,2,8,0,0,0,0,0,0
21472,0,0,0,7,0,10,0,0,0,0,0,0
21473,0,0,0,0,0,27,0,0,0,0,0,0
21474,1,41,11,0,0,0,0,0,0,0,0,0
21475,0,0,0,0,3,1,0,0,0,0,0,0
21476,0,0,0,0,0,0,0,0,0,1,10,0
21477,0,0,0,0,6,20,0,0,0,0,0,0
21478,0,0,0,0,0,0,0,0,0,3,2,1
21479,0,0,0,0,0,0,0,0,0,0,0,0
21480,0,0,0,3,4,11,0,0,0,0,0,0
21481,0,0,0,0,0,0,0,0,0,0,6,0
21482,0,0,0,0,0,2,0,0,0,0,0,0
21483,0,0,0,1,0,17,0,0,0,0,0,0
21484,11,16,0,0,0,0,0,0,0,0,0,0
21485,0,0,0,0,0,0,3,289,1,0,0,0
21486,0,0,0,0,0,10,0,0,0,0,0,0
21487,0,0,9,0,0,0,0,0,0,0,0,0
21488,0,32,1,0,0,0,0,0,0,0,0,0
21489,5,19,13,0,0,0,1,0,0,0,0,0
21490,0,0,0,0,0,0,1,2,0,0,0,0
21491,0,0,0,0,0,0,0,3,1,0,0,0
21492,0,0,0,0,0,13,0,0,0,0,0,0
21493,0,7,1,0,0,0,0,0,0,0,0,0
21494,0,0,0,0,0,0,9,5,0,0,0,0
21495,0,36,1,0,0,0,0,0,0,0,0,0
21496,0,0,0,0,0,0,0,0,0,10,4,0
21497,0,0,0,0,0,1,0,0,0,0,0,0
21498,0,0,0,0,0,16,0,0,0,0,0,0
21499,1,38,0,0,0,0,0,0,0,0,0,0
21500,0,0,0,0,0,34,0,0,0,0,0,0
21501,1,3,0,0,0,0,0,0,0,0,0,0
21502,0,3,15,0,0,0,0,0,0,0,0,0
21503,0,0,0,0,0,0,0,0,0,0,0,0
21504,0,0,0,14,0,3,0,0,0,0,0,0
21505,0,1,2,0,0,0,0,0,0,0,0,0
21506,0,0,0,0,0,0,1,1,0,0,0,0
21507,0,42,0,0,0,0,0,0,0,0,0,0
21508,0,3,0,0,0,0,69,0,0,0,0,0
21509,0,17,5,0,0,0,0,0,0,0,0,0
21510,2,6,0,0,0,0,0,0,0,0,0,0
21511,0,3,1,0,0,0,0,0,0,0,0,0
21512,0,13,103,0,0,0,0,0,0,2,0,0
21513,0,0,0,0,0,2,0,0,0,1,126,0
21514,2,10,0,0,0,0,0,0,0,0,0,0
21515,0,13,3,0,0,0,0,0,0,1,0,0
21516,0,0,0,0,0,3,0,0,0,1,337,0
21517,1,3,99,0,0,0,0,0,0,1,0,0
21518,0,0,0,0,1,0,163,419,1,0,0,0
21519,7,46,17,0,0,0,0,0,0,0,0,0
21520,0,0,0,0,0,0,14,144,118,0,0,1
21521,0,0,0,0,0,6,0,0,0,0,0,0
21522,0,0,0,0,0,14,0,0,0,0,0,0
21523,0,0,0,0,1,0,28,139,0,0,0,0
21524,0,0,0,0,0,106,0,0,0,0,1,0
21525,0,0,0,0,105,15,0,0,0,0,0,0
21526,2,160,4,0,0,0,0,0,0,1,0,0
21527,0,0,0,0,3,23,0,0,0,0,0,0
21528,0,0,0,0,1,107,0,0,0,0,2,0
21529,0,0,0,1,4,7,0,0,0,0,0,0
21530,0,0,0,0,0,0,0,0,0,4,9,1108
21531,0,0,0,0,1,6,0,0,0,0,0,0
21532,104,18,1,1,0,0,0,0,0,0,0,0
21533,0,0,0,0,0,0,0,1,0,0,0,0
21534,0,0,0,1084,0,7,0,0,0,0,0,0
21535,0,1,0,0,2,0,99,1081,3,0,0,0
21536,4,99,1104,0,0,0,1,0,0,1,0,0
21537,1,0,0,104,0,19,0,0,0,0,0,0
21538,0,0,0,0,2,0,132,375,12,0,0,0
21539,0,0,0,2,1,102,0,0,0,0,1,0
21540,0,0,0,5,6,30,0,0,0,0,0,0
21541,0,0,0,0,0,0,0,1,1,4,13,101
21542,0,0,0,1,0,2,0,0,0,0,0,0
21543,0,0,0,21,2,5,0,0,0,0,0,0
21544,0,0,0,0,0,0,19,10,107,0,0,2
21545,0,0,0,0,0,5,0,0,0,0,0,0
21546,1,0,0,51,52,13,0,0,0,0,0,0
21547,0,2,3,0,0,0,0,0,0,0,0,0
21548,3,13,0,0,0,0,0,0,0,0,0,0
21549,0,0,0,0,0,1,0,0,0,0,347,0
21550,0,0,0,0,0,0,0,0,0,0,0,0
21551,0,0,0,0,0,0,0,0,0,0,0,0
21552,0,0,0,0,0,3,0,0,0,4,265,0
21553,0,0,0,0,0,1,0,0,0,0,0,0
21554,0,6,1,0,0,0,0,0,0,0,0,0
21555,0,5,0,0,0,0,0,0,0,0,0,0
21556,2,32,2,0,0,0,2,0,0,0,0,0
21557,0,0,0,0,0,0,0,0,0,4,62,0
21558,0,0,0,0,0,0,0,1,0,0,0,0
21559,0,0,0,0,0,0,0,0,0,0,0,0
21560,1,1,0,0,0,0,0,0,0,0,0,0
21561,0,0,0,0,0,0,0,0,0,0,13,0
21562,19,22,11,0,0,0,1,0,0,0,0,0
21563,1,0,0,0,0,0,0,0,0,0,0,0
21564,0,0,0,0,0,0,0,0,0,0,0,0
21565,0,0,0,0,0,0,1,1,1,0,0,0
21566,0,0,0,0,5,19,0,0,0,0,0,0
21567,0,0,0,1,2,125,0,0,0,0,2,0
21568,1,0,0,172,9,0,0,0,0,0,0,0
21569,0,0,0,0,0,0,41,17,0,0,0,0
21570,0,0,0,0,458,5,0,4,0,0,0,0
21571,0,0,0,1,58,11,0,2,0,0,0,0
21572,0,0,0,2,2,7,0,0,0,0,0,0
21573,0,0,0,0,3,7,0,0,0,0,0,0
21574,0,0,0,1,1,40,0,0,0,0,0,0
21575,0,0,0,0,0,0,0,0,0,0,0,0
21576,0,0,0,0,2,3,0,0,0,0,0,0
21577,0,0,0,5,8,13,0,0,0,0,0,0
21578,0,0,0,0,4,0,93,429,8,0,0,0
21579,0,0,0,0,4,505,0,0,0,0,1,0
21580,0,0,0,3,3,88,0,0,0,0,1,0
21581,0,0,0,6,1,11,0,0,0,0,0,0
21582,0,0,0,0,0,7,0,0,0,0,0,0
21583,7,69,5,0,0,0,0,0,0,0,0,0
21584,0,0,0,0,28,22,0,2,0,0,0,0
21585,0,0,0,0,8,4,0,0,0,0,0,0
21586,0,0,0,0,0,0,43,219,15,0,0,0
21587,0,0,0,0,0,0,0,0,0,21,307,0
21588,0,0,0,0,0,46,0,0,0,11,767,5
21589,2,7,4,0,0,0,0,0,0,0,0,0
21590,0,0,0,0,0,3,0,0,0,12,472,4
21591,0,0,0,2,0,1,0,0,0,0,0,0
21592,1,13,1,0,0,0,0,0,0,0,0,0
21593,0,0,0,0,0,0,24,84,11,0,0,0
21594,0,0,0,0,2,21,0,0,0,0,0,0
21595,0,0,0,0,0,88,0,0,0,5,1898,54
21596,0,0,0,0,7,40,0,0,0,0,1,0
21597,0,0,0,0,0,99,0,0,0,30,3189,33
21598,0,0,0,1,3,61,0,0,0,0,0,0
21599,4,39,0,0,0,0,0,0,0,0,0,0
21600,0,0,0,0,243,0,27,28810,152,0,0,0
21601,0,0,0,1,0,22,0,0,0,0,0,0
21602,0,0,0,0,0,0,0,0,0,6,1,3
21603,12,33,1,0,0,0,0,0,0,0,0,0
21604,0,0,0,0,15,0,18,469,22,0,0,0
21605,0,0,0,0,3,9,0,0,0,0,0,0
21606,0,0,0,0,0,0,13,151,8,0,0,0
21607,0,0,0,1,0,15,0,0,0,0,0,0
21608,0,0,0,0,1,0,27,297,37,0,0,1
21609,0,0,0,0,2,11,0,0,0,0,0,0
21610,0,0,0,14,18,57,0,0,0,0,0,0
21611,1,10,2,0,0,0,0,0,0,0,0,0
21612,3,20,1,0,0,0,0,0,0,0,0,0
21613,0,0,0,6,8,61,0,0,0,0,0,0
21614,0,0,0,0,0,415,0,0,0,7,46747,2
21615,0,0,0,1,1157,8,0,9,1,0,0,0
21616,0,0,0,4,0,141,0,0,0,0,0,0
21617,13,50,2,0,0,0,0,0,0,0,0,0
21618,0,0,0,0,0,9,4,18,984,101,770,74429
21619,18,9,2,0,0,0,0,0,0,0,0,0
21620,5,18,71,0,0,0,0,0,0,0,0,0
21621,0,0,166,0,0,16,0,0,0,14728,1813,5
21622,0,0,1,0,0,25,0,0,0,262,2107,21
21623,19,27,5,0,0,0,0,0,0,0,0,0
21624,0,0,0,0,0,0,151,990,398,0,40,2
21625,34,103,13,0,0,0,1,0,0,0,0,0
21626,15,20,11,0,0,0,0,0,0,0,0,0
21627,0,0,0,0,0,10,0,0,0,74,1375,1
21628,1,0,0,22,4,99,0,0,0,0,0,0
21629,0,0,0,0,0,0,0,0,0,6,7,0
21630,38,87,11,0,0,0,0,0,0,0,0,0
21631,361,50,16,2,0,0,0,0,0,0,0,0
21632,0,0,0,2,9,93,0,0,0,0,0,0
21633,0,0,0,0,0,113,0,0,0,0,0,0
21634,9,8,35,0,0,0,0,0,0,0,0,0
21635,0,0,1,0,0,0,0,0,0,285,432,7
21636,0,0,0,0,0,2,0,0,0,27,277,4
21637,0,0,0,0,0,49,0,0,0,12,2533,1
21638,0,0,0,0,0,109,0,0,0,5,18108,0
21639,0,0,1,0,0,5,0,0,0,146,789,19
21640,0,0,0,10,2,54,0,0,0,0,0,0
21641,0,0,0,0,5,0,88,998,12,0,0,0
21642,0,0,0,0,0,5,0,0,0,4,744,12
21643,13,210,10,0,0,0,2,0,0,0,0,0
21644,0,0,0,4,12,152,0,0,0,0,0,0
21645,1,3,2,0,0,0,0,0,0,0,0,0
21646,0,0,0,0,0,4,0,0,0,0,1060,1
21647,19,82,0,0,0,0,0,0,0,0,0,0
21648,0,0,0,0,0,5,0,0,0,1,1175,9
21649,0,0,0,7,0,101,0,0,0,0,1,0
21650,3,0,207,0,0,0,0,0,0,1,0,0
21651,12,27,5,0,0,0,1,0,0,0,0,0
21652,0,0,0,7,8,50,0,0,0,0,0,0
21653,0,0,0,1,0,1,0,0,0,0,0,0
21654,0,0,0,0,0,0,0,0,0,0,29,0
21655,0,0,0,13,3,42,0,0,0,0,2,0
21656,0,0,0,0,4,188,0,0,0,0,0,1
21657,0,0,0,18,0,12,0,0,0,0,0,0
21658,0,0,0,0,0,20,0,0,0,27,2012,17
21659,2,13,1,0,0,0,0,0,0,0,0,0
21660,0,0,0,0,0,2,0,0,0,26,459,2
21661,4,16,3,0,0,0,0,0,0,0,0,0
21662,0,0,0,0,0,0,0,0,0,3,10,0
21663,0,0,0,0,0,0,2,9,365,0,0,39
21664,40,0,0,367,39,27,0,0,0,0,0,0
21665,0,0,0,0,0,0,6,11,337,0,0,47
21666,0,0,0,0,0,0,1,49,1,0,0,0
21667,0,0,0,0,2,5,0,0,0,0,0,0
21668,0,0,0,0,2,0,30,397,2,0,0,0
21669,0,0,0,0,0,9,0,0,0,0,0,0
21670,0,0,0,0,8,12,0,0,0,0,0,0
21671,0,0,0,0,0,0,0,0,0,0,0,0
21672,1,1,0,0,0,0,0,0,0,0,0,0
21673,0,0,0,0,0,85,0,0,0,0,4,0
21674,0,0,0,0,0,2,0,0,0,0,0,0
21675,0,0,0,0,0,0,0,0,0,0,0,0
21676,0,0,0,0,0,3,0,0,0,0,407,0
21677,0,0,0,0,0,0,0,0,0,2,9,0
21678,0,0,0,0,0,0,0,0,0,3,2,0
21679,0,0,0,32,2,18,0,0,0,0,0,0
21680,0,0,0,0,0,0,1,0,0,0,0,0
21681,0,1,0,0,0,0,0,0,0,0,0,0
21682,0,0,0,0,0,5,0,0,0,1,1064,0
21683,0,2,1,0,0,0,0,0,0,0,0,0
21684,5,11,0,0,0,0,0,0,0,0,0,0
21685,5,47,4,0,0,0,0,0,0,0,0,0
21686,0,0,0,0,0,0,17,12,0,0,0,0
21687,0,0,0,0,2,0,0,0,0,0,0,0
21688,0,0,0,0,7,19,0,0,0,0,0,0
21689,0,0,0,0,0,1,0,0,0,0,0,0
21690,0,0,0,3,0,1,0,0,0,0,0,0
21691,0,0,0,0,0,7,0,0,0,0,1440,0
21692,0,1,1,0,0,0,0,0,0,0,0,0
21693,0,0,0,0,0,0,2,1,0,0,0,0
21694,1,37,0,0,0,0,0,0,0,0,0,0
21695,0,0,0,2,7,10,0,0,0,0,0,0
21696,0,0,0,0,0,0,0,0,0,4,39,0
21697,0,0,0,0,0,0,0,0,0,31,114,0
21698,0,0,0,0,23,1,0,0,0,0,0,0
21699,0,0,0,0,0,0,0,0,0,0,41,0
21700,16,29,4,0,0,0,0,0,0,0,0,0
21701,0,0,0,0,0,0,31,50,0,0,0,0
21702,0,0,0,0,1,6,0,0,0,0,0,0
21703,0,0,0,0,13,10,0,0,0,0,0,0
21704,0,0,0,0,0,34,0,0,0,0,0,0
21705,0,0,0,0,0,3,0,0,0,0,0,0
21706,0,16,1,0,0,0,0,0,0,0,0,0
21707,0,0,0,0,0,38,0,0,0,0,2196,0
21708,4,1,0,0,0,0,0,0,0,0,0,0
21709,0,0,0,1,0,29,0,0,0,0,1,0
21710,0,0,0,8,10,18,0,1,0,0,0,0
21711,0,0,0,0,0,1,0,0,0,0,148,0
21712,8,21,2,0,0,0,0,0,0,0,0,0
21713,0,5,0,0,0,0,0,0,0,0,0,0
21714,0,0,0,0,0,1,0,0,0,2,786,1
21715,0,0,0,22,43,40,0,1,0,0,0,0
21716,0,0,1,0,0,0,0,0,0,37,2,3
21717,45,2260,1,0,0,0,96,0,0,0,0,0
21718,0,0,0,0,1,0,93,210,5,0,0,0
21719,0,0,0,0,0,0,59,1,0,0,0,0
21720,0,3,1,0,0,0,0,0,0,0,0,0
21721,0,0,0,0,0,26,0,0,0,9,2728,7
21722,0,0,0,0,0,93,0,0,0,0,9,0
21723,0,0,0,0,2,2,0,0,0,0,0,0
21724,0,3,0,0,11,0,395,1626,177,0,0,0
21725,0,0,0,1,0,0,0,0,0,0,0,0
21726,0,0,0,2,0,0,0,0,0,0,0,0
21727,0,0,0,0,0,19,0,0,0,1,1807,1
21728,0,0,0,0,0,45,0,0,0,0,0,0
21729,0,0,0,0,0,0,0,0,0,0,0,0
21730,0,28,1,0,0,0,1,0,0,0,0,0
21731,0,0,0,0,0,0,0,0,0,0,13,2
21732,0,0,0,0,0,0,0,0,0,0,6,0
21733,0,0,0,1,2,15,0,0,0,0,0,0
21734,0,0,0,0,0,2,0,0,0,0,0,0
21735,0,0,0,0,0,6,0,0,0,0,0,0
21736,0,0,0,0,0,9,0,0,0,2,863,0
21737,0,0,0,1,0,11,0,0,0,0,0,0
21738,0,0,0,5,0,20,0,0,0,0,0,0
21739,0,0,0,1,1,73,0,0,0,0,2,0
21740,0,0,0,2,2,2,0,0,0,0,0,0
21741,0,0,0,0,0,0,0,0,0,1,8,0
21742,0,0,0,0,0,14,0,0,0,24,1115,14
21743,3,15,5,0,0,0,0,0,0,0,0,0
21744,1,6,0,0,0,0,0,0,0,0,0,0
21745,0,0,0,1,10,35,0,0,0,0,0,0
21746,0,1,0,0,0,0,85,9,102,0,0,0
21747,0,0,0,0,7,5,0,0,0,0,0,0
21748,0,0,0,7,1,72,0,0,0,0,1,0
21749,1,11,0,0,0,0,0,0,0,0,0,0
21750,0,0,0,0,0,0,0,0,0,15,42,1
21751,0,0,0,10,13,34,0,0,0,0,0,0
21752,11,0,0,370,7,103,0,0,0,0,0,0
21753,0,0,0,0,1,0,4,80,0,0,0,0
21754,0,0,0,0,0,0,0,44,0,0,0,0
21755,0,0,0,1,1,9,0,0,0,0,0,0
21756,0,0,0,2,1,8,0,0,0,0,0,0
21757,0,0,0,0,0,8,0,0,0,4,752,1
21758,0,0,0,0,0,2,0,0,0,9,63,0
21759,8,116,4,0,0,0,14,0,0,0,0,0
21760,0,0,0,18,1,81,0,0,0,0,0,0
21761,0,0,0,0,116,0,28,802,4,0,0,0
21762,0,0,82,0,0,292,0,0,0,127,10433,5
21763,0,0,0,16,1,279,0,0,0,0,9,0
21764,24,10,1,0,0,0,0,0,0,0,0,0
21765,21,0,0,26,4,88,0,0,0,0,7,0
21766,14,36,21818,0,0,0,1,0,0,856,11,0
21767,0,0,0,1,20,283,0,0,0,71,5227,3
21768,78,20,1351,26,0,0,0,0,0,649,0,1
21769,0,0,0,5,154,52,0,61,0,0,0,0
21770,0,615,1,0,9,0,18640,687,272,0,0,1
21771,0,0,0,9,19,36,0,1,0,0,0,0
21772,0,0,0,0,0,18,0,0,0,16,1066,0
21773,0,0,0,26,23,90,0,0,0,0,0,0
21774,0,0,0,0,0,28,0,0,0,26,551,0
21775,0,0,0,40,22,38,0,0,0,0,0,0
21776,0,6,0,0,0,0,461,37,6,0,0,0
21777,0,1,0,0,0,0,168,104,2,0,0,0
21778,0,0,0,0,0,0,167,46,1,0,0,0
21779,3,59,1,0,0,0,0,0,0,0,0,0
21780,0,0,0,0,0,2,0,0,0,12,124,0
21781,0,0,0,0,0,0,0,0,0,5,67,1
21782,132,23,3,0,0,0,0,0,0,0,0,0
21783,2,5,9,0,0,0,0,0,0,0,0,0
21784,0,0,0,14,2,70,0,0,0,0,1,0
21785,0,0,0,0,0,0,48,23,140,0,0,1
21786,0,0,0,0,17,0,35,2100,37,0,0,0
21787,0,0,0,0,0,28,0,0,0,0,0,0
21788,4,50,0,0,0,0,0,0,0,0,0,0
21789,0,0,0,0,0,9,0,0,0,189,1760,14
21790,0,0,0,0,2,78,0,0,0,0,0,0
21791,0,5,2,0,0,0,0,0,0,0,0,0
21792,15,15,752,0,0,0,0,0,0,16,0,0
21793,0,0,0,0,0,0,55,211,28,0,0,0
21794,3,26,4,0,0,0,0,0,0,0,0,0
21795,0,0,0,0,0,0,35,150,2,0,0,0
21796,0,0,0,0,0,0,43,88,6,0,0,0
21797,0,0,0,0,1,226,0,0,0,0,1,0
21798,0,0,0,1,0,11,0,0,0,0,0,0
21799,0,0,0,11,2,45,0,0,0,0,0,0
21800,0,1,0,0,19,0,144,2074,34,0,0,0
21801,22,7230,5715,1,0,0,159,0,0,73,2,1
21802,0,0,0,8,1,258,0,0,0,0,1,0
21803,28,5,0,0,0,0,0,0,0,0,0,0
21804,0,9,0,0,0,0,0,0,0,0,0,0
21805,0,0,0,0,0,1,0,0,0,0,82,0
21806,0,0,0,0,0,0,0,0,0,3,15,1
21807,0,0,0,0,0,0,0,0,0,23,44,11
21808,0,0,0,27,4,30,0,0,0,0,0,0
21809,0,0,0,0,0,0,195,91,24,0,0,0
21810,0,0,0,1,0,52,0,0,0,0,0,0
21811,0,0,28,0,0,10,0,0,0,2418,1228,3
21812,0,0,0,0,0,6,0,0,0,84,981,3
21813,0,0,0,2,1,5,0,0,0,0,0,0
21814,0,35,1,0,0,0,2,0,0,0,0,0
21815,0,0,0,0,0,0,0,0,0,3,70,0
21816,0,0,0,0,0,0,0,0,0,3,15,1
21817,17,269,2,0,0,0,0,0,0,0,0,0
21818,0,0,0,1,2,6,0,0,0,0,0,0
21819,0,0,0,0,0,6,0,0,0,0,2,0
21820,1,0,0,4,3,160,2,0,0,0,0,0
21821,10,9,3,0,0,0,0,0,0,1,0,0
21822,8,18,2,1,0,0,0,0,0,0,0,0
21823,0,0,0,21,1,201,0,0,0,0,0,0
21824,0,0,0,0,0,0,19,62,164,0,0,1
21825,3,10,7,0,0,0,0,0,0,0,0,0
21826,0,0,0,9,12,59,0,0,0,0,0,2
21827,0,0,0,0,0,0,2,0,0,0,0,0
21828,0,0,0,0,0,0,0,3,2,0,0,1
21829,0,0,0,0,2,33,0,1,0,0,0,0
21830,0,1,0,0,1,0,95,558,20,0,0,0
21831,1,0,0,4,0,2,0,0,0,0,0,0
21832,0,0,0,4,1,23,0,0,0,0,0,0
21833,0,0,0,0,0,0,0,0,0,0,0,0
21834,2,2,1,0,0,0,0,0,0,0,0,0
21835,0,0,1,1,0,232,0,0,0,0,1,0
21836,0,0,0,1,1,1,0,0,0,0,0,0
21837,0,0,0,0,0,5,0,0,0,0,0,0
21838,0,0,0,0,0,41,0,0,0,0,0,0
21839,0,0,0,0,0,0,1,74,0,0,0,0
21840,0,0,0,0,0,0,0,0,0,2,10,1
21841,0,0,0,3,6,39,0,0,0,0,2,0
21842,0,0,0,3,12,5,0,0,0,0,0,0
21843,0,0,0,0,0,17,0,0,0,2,1576,0
21844,0,0,0,0,0,17,0,0,0,35,163,0
21845,6,67,1,0,0,0,1,0,0,0,0,0
21846,0,0,0,1,0,802,0,0,0,101,65515,34
21847,0,0,0,13,6,26,0,0,0,0,0,0
21848,0,0,0,0,0,0,6,3,79,0,0,0
21849,46,143,36,0,0,0,1,0,0,0,0,0
21850,0,2,0,0,0,0,140,425,4,0,0,0
21851,0,63,7,0,0,0,0,0,0,0,0,0
21852,4,61,15,0,0,0,0,0,0,0,0,0
21853,0,1,0,0,0,0,89,116,1,0,0,0
21854,0,0,0,0,0,51,0,0,0,0,1,0
21855,0,0,0,0,1,37,0,0,0,2,10315,0
21856,0,0,0,0,1,18,0,0,0,0,0,0
21857,1,4,1,0,0,0,0,0,0,0,0,0
21858,0,14,1,0,0,0,0,0,0,0,0,0
21859,0,0,0,0,0,1,0,0,0,5,1028,0
21860,10,49,2,0,0,0,0,0,0,0,0,0
21861,0,0,0,1,0,147,0,0,0,0,2,0
21862,1,6,1,0,0,0,0,0,0,0,0,0
21863,8,15,0,0,0,0,0,0,0,0,0,0
21864,0,0,0,1,1,75,0,0,0,0,1,0
21865,7,13,1,0,0,0,0,0,0,0,0,0
21866,0,52,1,0,0,0,0,0,0,0,0,0
21867,0,0,0,0,2,0,28,382,5,0,0,0
21868,177,29,8,1,0,0,0,0,0,0,0,0
21869,0,0,0,0,0,0,3,6,0,0,0,0
21870,0,0,0,0,0,0,0,1,1,0,0,0
21871,0,0,0,0,0,0,0,0,0,7,68,0
21872,0,0,0,0,0,1,0,0,0,0,0,0
21873,0,0,0,0,0,0,0,10,0,0,0,0
21874,0,0,0,0,0,0,1,12,0,0,0,0
21875,1,52,7,0,0,0,0,0,0,0,0,0
21876,0,0,0,0,0,3,0,0,0,0,0,0
21877,0,0,0,1,0,3,0,0,0,0,0,0
21878,0,0,0,1,0,1,0,0,0,0,0,0
21879,0,0,0,0,0,0,0,0,0,0,0,0
21880,0,0,0,0,0,10,0,0,0,0,0,0
21881,0,0,0,0,0,0,0,1,2,0,0,0
21882,0,0,0,0,0,0,3,0,1,0,0,0
21883,0,0,0,0,0,163,0,0,0,0,1,0
21884,2,0,0,0,0,0,0,0,0,0,0,0
21885,0,0,0,0,0,0,0,0,0,3,9,5
21886,0,0,0,5,3,168,0,0,0,0,0,0
21887,2,19,0,0,0,0,0,0,0,0,0,0
21888,0,0,0,0,0,0,0,0,0,0,6,5
21889,0,0,0,0,1,51,0,0,0,0,0,0
21890,0,0,0,0,9,51,0,0,0,0,0,0
21891,0,0,0,0,0,0,0,0,0,0,0,0
21892,20,183,0,0,0,0,1,0,0,0,0,0
21893,0,2,0,0,0,0,382,0,2,0,0,0
21894,2,4,1,0,0,0,0,0,0,0,0,0
21895,0,0,0,0,1,774,0,0,0,0,24,0
21896,0,0,0,1,7,44,0,0,0,0,0,0
21897,0,0,0,0,0,7,0,0,0,0,896,4
21898,0,0,0,0,1,0,110,335,10,0,0,0
21899,0,0,1,0,0,0,0,0,0,0,0,0
21900,3,11,5,0,0,0,0,0,0,0,0,0
21901,0,1,0,0,0,0,181,12,3,0,0,0
21902,1,1,0,0,0,0,0,0,0,0,0,0
21903,0,0,0,0,0,0,0,0,0,0,1,1
21904,0,0,0,0,0,2,0,0,0,8,176,0
21905,0,0,0,0,0,0,0,0,0,0,1,1
21906,2,2,0,0,0,0,0,0,0,0,0,0
21907,0,0,0,0,0,0,46,12,0,0,0,0
21908,0,0,0,0,0,1,0,0,0,0,0,0
21909,0,0,0,0,0,0,0,0,0,1,0,0
21910,0,0,0,0,0,5,0,0,0,30,567,0
21911,0,0,0,0,0,0,0,0,0,35,180,0
21912,0,0,0,0,0,1,0,0,0,0,0,0
21913,102,74,0,2,0,0,0,0,0,0,0,0
21914,0,0,0,0,0,2,0,0,0,10,221,1
21915,0,0,0,0,0,2,0,0,0,0,0,0
21916,0,0,0,1,1,16,0,0,0,0,0,0
21917,0,59,0,0,0,0,1,0,0,0,0,0
21918,0,0,0,0,2,0,0,0,0,0,0,0
21919,0,0,0,1,0,5,0,0,0,0,0,0
21920,0,1,0,0,2,0,35,111,45,0,0,0
21921,0,0,0,0,0,9,0,0,0,0,0,0
21922,0,0,0,0,0,8,0,0,0,0,0,0
21923,0,28,0,0,0,0,0,0,0,0,0,0
21924,11,31,0,0,0,0,1,0,0,0,0,0
21925,0,0,0,1,0,115,0,0,0,0,10,0
21926,1,1,0,0,0,0,0,0,0,0,0,0
21927,0,2,1,0,0,0,0,0,0,0,0,0
21928,0,0,0,0,0,0,0,0,0,2,161,2
21929,0,0,0,0,0,0,10,14,2,0,0,0
21930,0,0,0,0,0,0,0,0,0,2,42,0
21931,0,0,0,1,0,45,0,0,0,0,0,0
21932,3,3,0,0,0,0,0,0,0,0,0,0
21933,0,0,0,0,0,0,0,0,0,2,57,4
21934,0,0,0,0,0,31,0,0,0,0,0,0
21935,0,2,0,0,0,0,0,0,0,0,0,0
21936,1,38,3,0,0,0,0,0,0,0,0,0
21937,0,0,0,1,3,13,0,0,0,0,0,0
21938,0,0,0,0,0,0,12,20,1,0,0,0
21939,0,0,0,0,5,171,0,0,0,0,0,0
21940,0,0,0,4,4,10,0,0,0,0,0,0
21941,0,0,0,0,1,0,13,186,2,0,0,0
21942,0,0,0,0,0,2,0,0,0,0,0,0
21943,0,0,0,0,0,3,0,0,0,0,0,0
21944,1,42,0,0,0,0,0,0,0,0,0,0
21945,0,0,0,0,0,1,0,0,0,0,0,0
21946,0,0,0,0,0,6,0,0,0,0,0,0
21947,0,1,0,0,0,0,0,0,0,0,0,0
21948,1,4,0,0,0,0,0,0,0,0,0,0
21949,1,18,2,0,0,0,0,0,0,0,0,0
21950,0,0,0,0,0,0,4,25,15,0,0,0
21951,0,0,0,0,1,3,0,0,0,0,0,0
21952,0,0,0,0,0,3,0,0,0,1,1076,19
21953,0,0,0,1,0,1,0,0,0,0,0,0
21954,0,0,0,0,0,0,1,3,2,0,0,0
21955,0,0,0,1,1,17,0,0,0,0,0,0
21956,0,0,0,0,0,0,6,0,53,0,0,0
21957,1,1,31,0,0,0,0,0,0,0,0,0
21958,10,18,18,0,0,0,0,0,0,0,0,0
21959,0,0,0,1,0,2,0,0,0,0,0,0
21960,0,0,0,1,0,6,0,0,0,0,0,0
21961,0,0,0,0,0,36,0,0,0,0,0,0
21962,0,0,0,0,0,0,0,0,0,3,8,8
21963,17,8,0,0,0,0,0,0,0,0,0,0
21964,9,32,6,0,0,0,0,0,0,0,0,0
21965,0,0,0,3,2,22,0,0,0,0,0,0
21966,0,0,0,0,1,1,0,0,0,0,0,0
21967,0,0,0,1,0,19,0,0,0,0,0,0
21968,0,0,0,0,0,0,0,0,0,0,0,0
21969,0,0,0,0,1,0,4,75,2,0,0,0
21970,0,0,0,0,0,8,0,0,0,0,0,0
21971,7,10,0,0,0,0,0,0,0,0,0,0
21972,1,27,1,0,0,0,0,0,0,0,0,0
21973,0,0,0,14,2,138,0,0,0,0,2,0
21974,0,0,0,0,446,2,61,18120,5047,0,0,68
21975,2,88,15,0,0,0,0,0,0,0,0,0
21976,0,0,0,1,0,152,0,0,0,0,2,0
21977,0,0,0,0,0,0,0,0,0,0,34,1
21978,0,0,0,0,0,0,0,0,0,4,23,0
21979,37,87,4,0,0,0,0,0,0,0,0,0
21980,0,0,0,5,2,30,0,0,0,0,0,0
21981,0,0,0,3,0,7,0,0,0,0,0,0
21982,0,0,0,0,11,123,0,0,0,0,1,0
21983,0,0,0,0,159,14,0,1,0,0,0,0
21984,0,0,0,1,5,2,0,1,0,0,0,0
21985,0,0,0,0,166,0,38,698,1,0,0,0
21986,0,4,0,0,6,0,442,58,2,0,0,0
21987,0,0,0,0,0,0,0,0,0,0,0,0
21988,0,0,0,0,15,74,0,6,0,0,1,0
21989,0,0,0,0,7,0,28,359,7,0,0,0
21990,0,0,0,2,25,27,0,6,0,0,7,0
21991,10,0,0,10,43,2,0,7,0,0,0,0
21992,0,0,0,30,1683,41,0,406,0,0,2,0
21993,3770,6,4683,58,1,0,0,0,0,1978,51,0
21994,0,0,0,3,5,1582,0,0,0,0,370,0
21995,195,3,0,1978,12,2466,0,0,0,0,181,0
21996,26,2,110,23,0,0,0,0,0,104,0,0
21997,0,0,0,0,0,5,0,0,0,4,458,0
21998,0,0,58,0,0,7,0,0,0,78,728,4
21999,32,39,7,0,0,0,0,0,0,0,0,0
22000,0,0,0,0,0,7,0,0,0,313,1446,20
22001,1,42,4,0,0,0,0,0,0,0,0,0
22002,31,23,4,0,0,0,0,0,0,0,0,0
22003,31,17,16,0,0,0,0,0,0,0,0,0
22004,20,47,7,0,0,0,0,0,0,0,0,0
22005,1,103,498,0,0,0,0,0,0,0,0,0
22006,0,0,0,0,0,1,0,0,0,21,634,10
22007,20,8,3,0,0,0,0,0,0,0,0,0
22008,9,7,7,0,0,0,0,0,0,0,0,0
22009,0,0,0,0,0,2,0,0,0,4,224,2
22010,0,20,1,0,0,0,0,0,0,0,0,0
22011,30,46,719,0,0,0,0,0,0,11,0,0
22012,138,26,15,0,0,0,0,0,0,0,0,0
22013,1,116,6,0,0,0,2,0,0,0,0,0
22014,0,0,0,0,0,0,53,310,44,0,0,0
22015,0,0,0,1,3,18,0,0,0,0,0,0
22016,20,0,0,2194,47,552,0,0,0,0,6,0
22017,0,2,0,0,58,0,10,2551,21,0,0,0
22018,0,0,0,0,632,1,8,28552,2,0,0,0
22019,2,110,5,0,0,0,4,0,0,0,0,0
22020,0,0,0,15,0,1152,0,0,0,0,24,0
22021,0,1,0,0,7,0,316,1088,36,0,0,0
22022,0,108,0,0,0,0,760,1,87,0,0,0
22023,4,73,181,0,0,0,1,0,0,6,1,0
22024,2,17,7,0,0,0,0,0,0,0,0,0
22025,2,77,834,0,0,0,0,0,0,18,0,0
22026,0,1,0,0,3,0,53,251,23,0,0,0
22027,0,0,0,2,76,41,0,0,0,0,1,0
22028,0,0,0,0,0,0,12,1,79,0,0,0
22029,34,29,44,0,0,0,0,0,0,0,0,0
22030,0,0,0,0,0,0,198,126,0,0,0,0
22031,0,0,0,76,1,31,0,0,0,0,0,0
22032,0,0,0,3,81,7351,0,0,0,0,103,0
22033,0,0,4,0,0,1,0,0,0,1112,287,0
22034,1,263,36,0,0,0,0,0,0,0,0,0
22035,0,0,0,0,0,0,31,28,2,0,0,0
22036,11,17,1205,0,0,0,0,0,0,13,0,0
22037,0,0,0,0,0,0,26,15,5,0,0,0
22038,0,0,0,0,0,20,0,0,0,0,0,0
22039,1,0,0,13,19,20,0,0,0,0,0,0
22040,0,0,0,1,1,5,0,0,0,0,0,0
22041,0,1,0,0,0,0,0,0,0,0,0,0
22042,0,0,0,0,0,29,0,0,0,0,0,0
22043,0,0,0,3,32,2,0,0,0,0,0,0
22044,0,0,0,0,0,1,0,0,0,16,7,0
22045,0,0,0,4,1,15,0,0,0,0,0,0
22046,0,3,1,0,0,0,0,0,0,0,0,0
22047,0,0,0,0,0,0,16,264,2,0,0,0
22048,0,0,0,6,6,18,0,0,0,0,0,0
22049,0,0,0,0,0,0,9,62,0,0,0,0
22050,0,0,0,0,0,1,0,0,0,14,122,1
22051,0,0,0,0,1,0,31,1035,1001,0,0,14
22052,12,4,25,0,0,0,0,0,0,0,1,0
22053,12,24,470,0,0,0,0,0,0,2,0,0
22054,0,0,0,0,5,137,0,0,0,0,0,0
22055,1,6,4,0,0,0,0,0,0,0,0,0
22056,1,0,1,0,0,0,0,0,0,0,0,0
22057,0,0,0,0,0,32,0,0,0,0,0,0
22058,0,0,0,1,0,0,0,0,0,0,0,0
22059,0,0,0,0,0,0,0,1,0,0,0,0
22060,0,0,0,0,0,0,0,0,0,0,36,0
22061,2,1,0,0,0,0,0,0,0,0,0,0
22062,0,0,0,0,0,0,0,0,0,0,11,17
22063,0,0,0,2,1,9,0,0,0,0,0,0
22064,0,0,0,0,1,11,0,0,0,0,0,0
22065,0,0,0,0,1,4,0,0,0,0,0,0
22066,0,0,0,0,0,4,0,0,0,0,0,0
22067,0,0,0,0,0,0,7,1,1,0,0,0
22068,0,1,0,0,0,0,0,0,0,0,0,0
22069,2,18,3,0,0,0,0,0,0,0,0,0
22070,0,0,0,2,1,72,0,0,0,0,0,0
22071,1,2,0,0,0,0,0,0,1,0,0,0
22072,1,0,0,1,0,47,0,0,0,0,0,0
22073,0,2,0,0,0,0,24,46,23,0,0,0
22074,0,0,0,0,0,21,0,0,0,0,0,0
22075,0,0,0,0,0,1,0,0,0,9,203,1
22076,0,0,0,7,273,2,0,2,0,1,0,0
22077,0,0,0,0,0,0,0,0,0,4,36,1
22078,0,0,0,5,89,177,0,0,0,0,0,0
22079,0,0,3,0,0,0,0,0,0,1247,2,1
22080,14,22,5,0,0,0,0,0,0,0,0,0
22081,0,0,0,0,0,0,103,105,16,0,0,0
22082,0,0,0,0,0,0,1,0,0,10,175,1
22083,0,0,0,0,0,0,0,0,0,18,78,2
22084,0,0,0,0,4,25,0,0,0,0,0,0
22085,0,0,0,2,2,23,0,0,0,0,0,0
22086,0,0,0,1,3,38,0,0,0,0,1,0
22087,0,0,0,4,4,16,0,0,1,0,1,0
22088,0,0,0,0,0,4,0,0,0,13,2064,0
22089,0,0,0,5,0,19,0,0,0,0,0,0
22090,0,0,0,0,0,35,0,0,0,0,0,0
22091,58,52,0,0,0,0,0,0,0,0,0,0
22092,0,0,0,24,2,72,0,0,0,0,2,0
22093,0,0,0,0,0,0,87,208,475,0,0,5
22094,0,5,0,0,0,0,409,158,1865,0,0,33
22095,15,197,0,0,0,0,1,0,0,0,0,0
22096,0,0,1,0,0,0,0,0,0,23,53,0
22097,0,0,0,0,0,0,0,0,0,52,129,0
22098,0,0,0,4,24,43,0,0,0,0,0,0
22099,0,0,0,9,0,110,0,0,0,0,0,0
22100,0,0,0,0,0,0,88,0,21,0,0,0
22101,410,63,14,6,0,0,0,0,0,0,0,0
22102,8,56,11,0,0,0,0,0,0,0,0,0
22103,0,0,0,0,0,0,90,3,247,0,0,3
22104,0,0,0,0,3,0,72,1308,247,0,0,5
22105,55,33,5,0,0,0,0,0,0,0,0,0
22106,0,15,2,0,0,0,0,0,0,0,0,0
22107,10,94,104,0,0,0,0,0,0,1,0,0
22108,5,56,16,0,0,0,0,0,0,0,0,0
22109,0,0,0,0,0,0,0,0,0,20,0,32
22110,22,50,6,0,0,0,0,0,0,0,0,0
22111,0,0,0,0,0,0,45,100,1,0,0,0
22112,0,0,0,0,0,0,69,1,2,0,0,0
22113,0,0,0,0,1,0,23,52,0,0,0,0
22114,0,0,0,0,0,38,0,0,0,0,0,0
22115,8,84,1,0,0,0,0,0,0,0,0,0
22116,5,121,13,0,0,0,0,0,0,0,0,0
22117,0,0,0,2,3,30,0,0,0,0,0,0
22118,0,0,0,0,6,15,0,0,0,0,0,0
22119,0,0,0,0,1,72,0,0,0,0,0,0
22120,0,0,0,0,0,2,0,0,0,21,782,3
22121,0,11,2,0,0,0,0,0,0,0,0,0
22122,3,5,2,0,0,0,0,0,0,0,0,0
22123,2,8,2,0,0,0,0,0,0,0,0,0
22124,5,5,5,0,0,0,0,0,0,0,0,0
22125,0,43,2,0,0,0,0,0,0,0,0,0
22126,0,0,0,0,8,46,0,0,0,0,0,0
22127,0,0,0,0,0,8,0,0,0,5,1124,0
22128,0,0,0,0,0,1,0,0,0,0,0,0
22129,0,0,0,5,4,11,0,0,0,0,0,0
22130,18,29,0,0,0,0,0,0,0,0,0,0
22131,0,0,0,0,0,0,131,160,0,0,0,0
22132,0,0,0,0,631,0,204,14847,0,0,0,0
22133,0,0,0,0,0,0,1,0,0,0,0,0
22134,0,0,0,0,0,0,0,0,0,0,0,0
22135,0,27,1,0,0,0,0,0,0,0,0,0
22136,0,0,0,3,0,4,0,0,0,0,0,0
22137,0,0,0,0,0,2,0,0,0,0,0,0
22138,0,0,0,2,0,25,0,0,0,0,0,0
22139,0,0,0,0,0,0,1,162,37,0,0,0
22140,0,0,0,0,0,3,0,0,0,0,0,0
22141,0,0,0,0,0,0,130,6,0,0,0,0
22142,0,0,0,0,0,1,0,0,0,0,0,0
22143,0,0,0,0,0,1,0,0,0,0,0,0
22144,0,0,0,0,0,10,0,0,0,0,0,0
22145,0,0,0,0,0,0,0,0,0,0,0,0
22146,0,0,0,0,0,0,0,0,0,0,0,0
22147,0,1,0,0,0,0,32,3,0,0,0,0
22148,3,0,5,0,0,0,0,0,0,0,0,0
22149,1,1,2,0,0,0,0,0,0,0,0,0
22150,0,0,0,0,0,65,0,0,0,0,4,0
22151,0,102,0,0,0,0,0,0,0,0,0,0
22152,0,0,0,7,6,21,0,0,0,0,0,0
22153,0,0,0,4,0,19,0,0,0,0,1,0
22154,0,0,0,0,0,0,0,94,7,0,0,0
22155,2,319,6,0,0,0,0,0,0,0,0,0
22156,0,0,0,0,0,126,0,0,0,0,0,0
22157,0,0,0,0,0,0,7,11,6,0,0,0
22158,0,0,0,0,0,0,1,22,1,0,0,0
22159,0,0,0,0,0,30,0,0,0,0,0,0
22160,0,0,0,0,0,24,0,0,0,0,0,0
22161,0,33,1,0,0,0,0,0,0,0,0,0
22162,0,0,0,0,0,2515,0,0,0,0,22,0
22163,0,0,0,1,0,3,0,0,0,0,0,0
22164,0,0,0,0,0,2,0,0,0,0,0,0
22165,0,0,0,0,0,12,0,0,0,0,0,0
22166,1,0,0,0,0,0,0,0,0,0,0,0
22167,1,6,1,0,0,0,0,0,0,0,0,0
22168,3,37,1,0,0,0,0,0,0,0,0,0
22169,3,35,8,0,0,0,0,0,0,0,0,0
22170,0,0,0,0,0,4,0,0,0,0,0,0
22171,17,17,1,0,0,0,0,0,0,0,0,0
22172,0,0,0,1,0,37,0,0,0,0,0,0
22173,1,0,0,0,0,0,0,0,0,0,0,0
22174,0,0,0,0,0,18,0,0,0,0,0,0
22175,0,0,0,3,2,2,0,0,0,0,0,0
22176,0,0,0,0,0,2,0,0,0,3,28,0
22177,0,0,0,0,6,3,0,0,0,0,0,0
22178,0,1,0,0,0,0,0,0,0,0,0,0
22179,0,15,1,0,0,0,0,0,0,0,0,0
22180,0,1,0,0,0,0,117,5,0,0,0,0
22181,0,0,0,0,0,0,0,0,0,1,31,0
22182,2,29,2,0,0,0,0,0,0,0,0,0
22183,0,0,0,0,0,0,0,0,0,55,11,1
22184,8,46,0,0,0,0,0,0,0,0,0,0
22185,0,0,0,0,0,0,0,0,0,9,143,0
22186,0,0,0,0,3,0,92,43,1,0,0,0
22187,0,0,0,0,0,0,0,0,0,5,15,0
22188,0,0,0,0,0,1,0,0,0,31,112,1
22189,0,0,0,1,0,6,0,0,0,0,0,0
22190,2,34,1,0,0,0,0,0,0,0,0,0
22191,3,0,0,4,0,50,0,0,0,0,0,0
22192,0,0,0,1,0,31,0,0,0,0,0,0
22193,19,29,3,0,0,0,0,0,0,0,0,0
22194,3,14,11,0,0,0,0,0,0,0,0,0
22195,0,0,0,2,37,124,0,1,0,0,0,0
22196,0,0,0,1,11,10,0,0,0,0,0,0
22197,0,0,0,1,0,21,0,0,0,0,0,0
22198,0,45,0,0,0,0,0,0,0,0,0,0
22199,0,0,0,0,0,0,172,294,1,0,0,0
22200,0,0,0,3,155,26,27,1,0,0,0,0
22201,0,0,0,0,8,0,22,1050,5,0,0,0
22202,0,0,0,0,0,0,0,0,0,11,34,1
22203,0,1,0,0,3,0,167,474,2,0,0,0
22204,0,0,0,3,6,95,0,0,0,0,0,0
22205,0,0,0,0,8,0,32,1251,852,0,0,3
22206,22,5874,26,0,0,0,211,0,0,0,0,0
22207,0,0,0,23,21,117,0,0,0,0,0,0
22208,0,0,0,0,0,4,0,0,0,8,1183,0
22209,0,0,0,1,0,18,0,0,0,0,0,0
22210,0,0,0,0,0,0,0,0,0,0,239,0
22211,0,0,0,0,0,45,0,0,0,3,244,0
22212,0,0,0,0,0,0,0,0,0,14,9,0
22213,0,0,0,2,42,203,0,0,0,0,0,0
22214,0,0,0,0,0,0,0,0,0,6,4,40
22215,10,29,11,3,0,0,0,0,0,0,0,0
22216,0,0,0,0,0,0,19,231,2,0,0,0
22217,0,1,0,0,0,0,169,10,0,0,0,0
22218,0,0,0,0,1,0,34,19,0,0,0,0
22219,0,0,0,1,3,74,0,0,0,0,1,0
22220,0,0,0,91,3,77,0,0,0,0,0,0
22221,0,0,0,0,0,2,0,0,0,0,0,0
22222,0,0,0,0,6,124,0,0,0,0,0,0
22223,0,0,0,2,42,3,0,0,0,0,0,0
22224,0,0,0,0,0,27,0,0,0,0,2026,4
22225,0,1,0,0,7,0,261,1937,22,0,0,0
22226,0,0,0,0,2,0,23,286,7,0,0,0
22227,0,0,0,2,0,4585,0,0,0,0,62556,0
22228,0,0,0,4,6,45,0,0,0,0,1,0
22229,0,0,0,0,0,22,0,0,0,0,0,0
22230,0,0,0,0,0,0,0,0,0,0,0,0
22231,0,26,0,0,0,0,0,0,0,0,0,0
22232,0,0,0,0,0,0,2,0,95,0,0,0
22233,0,1,0,0,0,0,0,0,0,0,0,0
22234,0,140,0,0,0,0,0,0,0,0,0,0
22235,0,0,0,0,0,0,0,0,0,0,0,0
22236,0,0,0,0,0,0,0,0,0,0,3,0
22237,41,11,2,0,0,0,0,0,0,0,0,0
22238,0,0,0,0,7,26,0,0,0,0,0,0
22239,0,0,0,0,0,4,0,0,0,0,0,0
22240,0,0,0,0,0,0,42,16,0,0,0,0
22241,0,0,0,0,1,0,51,166,0,0,0,0
22242,0,0,0,1,0,11,0,0,0,0,0,0
22243,3,56,8,0,0,0,0,0,0,0,0,0
22244,0,0,0,0,0,0,4,98,82,0,0,0
22245,2,5,2,0,0,0,1,0,0,0,0,0
22246,0,0,0,1,11,63,0,0,0,0,0,0
22247,0,0,0,0,2,17,0,0,0,0,0,0
22248,0,0,0,0,0,2,0,0,0,0,0,0
22249,0,0,0,0,0,0,19,77,1,0,0,0
22250,0,0,0,0,0,0,0,0,0,0,5,0
22251,0,0,0,0,0,0,0,0,0,1,7,0
22252,61,12,5,0,0,0,0,0,0,0,0,0
22253,5,15,3,0,0,0,0,0,0,0,0,0
22254,0,0,0,0,0,13,0,0,0,0,0,0
22255,8116,8,0,65,0,0,0,0,0,0,0,0
22256,0,0,0,0,0,0,7,58,0,0,0,0
22257,0,0,0,0,2,0,1,47,13,0,0,0
22258,0,0,0,0,0,15,0,0,0,0,0,0
22259,1,123,1,0,0,0,0,0,0,0,0,0
22260,0,0,0,0,1,4,0,0,0,0,0,0
22261,0,0,0,0,1,72,0,0,0,0,0,0
22262,14,1,0,0,0,0,0,0,0,0,0,0
22263,0,0,0,0,0,0,0,0,0,0,0,0
22264,0,0,0,0,0,12,0,0,0,15,1586,0
22265,0,3,0,0,0,0,0,0,0,0,0,0
22266,0,0,0,0,0,25,0,0,0,0,0,0
22267,0,0,0,0,0,0,0,0,0,3,71,0
22268,0,0,0,0,0,0,0,0,0,0,0,0
22269,0,0,0,0,0,0,0,0,0,0,0,1
22270,0,0,0,56,0,16,0,0,0,0,0,0
22271,0,1,2,0,0,0,0,0,0,0,0,0
22272,0,1,0,0,0,0,99,18,1,0,0,0
22273,0,0,0,0,0,0,50,50,1,0,0,0
22274,0,0,0,0,1,2,0,0,0,0,0,0
22275,0,0,0,0,0,0,0,0,0,0,0,0
22276,0,0,0,0,0,25,0,0,0,0,1,0
22277,0,0,0,0,0,0,0,0,0,13,0,0
22278,17,23,0,0,0,0,1,0,0,0,0,0
22279,3,6,6,0,0,0,0,0,0,0,0,0
22280,20,9,1,0,0,0,0,0,0,0,0,0
22281,0,0,0,0,0,2,0,0,0,6,772,2
22282,0,0,0,2,4,181,0,0,0,0,2,0
22283,0,0,0,1,6,30,0,0,0,0,0,0
22284,0,0,0,0,0,2,0,0,0,0,0,0
22285,7,17,0,0,0,0,0,0,0,0,0,0
22286,0,0,0,0,0,2,0,0,0,18,140,0
22287,121,0,0,209,3,35,0,0,0,0,3,0
22288,32,0,0,46,12,28,0,0,0,0,0,0
22289,0,136,0,0,2,0,227,590,17,0,0,0
22290,0,0,0,0,0,0,0,0,0,2,242,0
22291,0,0,0,1,6,132,0,0,0,0,14,0
22292,0,0,0,0,2,36,0,0,0,0,0,0
22293,0,0,0,0,0,70,0,0,0,0,0,0
22294,8,38,0,0,0,0,0,0,0,0,0,0
22295,0,0,0,0,0,2,0,0,0,17,947,1
22296,0,44,10,0,0,0,0,0,0,0,0,0
22297,0,0,0,0,0,290,0,0,0,0,3,0
22298,0,36,0,0,0,0,0,0,0,0,0,0
22299,0,1,0,0,1,0,133,223,85,0,0,0
22300,24,9,25,0,0,0,0,0,0,0,0,0
22301,11,37,5,0,0,0,0,0,0,0,0,0
22302,0,0,0,0,0,0,46,34,7,0,0,0
22303,0,0,0,2,16,21,0,0,0,0,0,0
22304,0,0,0,3,1,235,0,0,0,0,1,0
22305,3,15,32,0,0,0,0,0,0,0,0,0
22306,0,0,0,0,0,43,0,0,0,0,0,0
22307,0,0,0,0,35,5,0,1,0,0,0,0
22308,0,0,0,0,3,130,0,0,0,0,2,0
22309,0,1,0,0,0,0,28,31,1,0,0,0
22310,113,20,9,0,0,0,1,0,0,0,0,0
22311,0,0,0,0,0,0,0,0,1,132,225,2
22312,0,0,0,16,12,69,0,0,0,0,0,0
22313,0,0,0,0,0,9,0,0,0,24,378,0
22314,0,0,0,0,0,1,0,0,0,175,434,0
22315,1,0,0,5,1,46,0,0,0,0,0,0
22316,0,0,0,0,0,0,44,1,9,0,0,1
22317,0,0,0,0,2,0,70,386,0,0,0,0
22318,0,0,0,0,0,20,0,0,0,0,0,0
22319,0,1,0,0,0,0,108,94,2,0,0,0
22320,12,22111,46,0,0,0,231,3,0,0,0,0
22321,0,0,0,0,3,49,0,0,0,0,0,0
22322,0,0,0,0,2,11,0,0,0,0,0,0
22323,0,0,0,0,0,1,0,0,0,25,1185,0
22324,0,0,0,4,19,56,0,0,0,0,1,0
22325,0,0,0,2,3,35,0,0,0,0,0,0
22326,0,0,0,0,0,22,0,0,0,35,1577,0
22327,0,0,0,99,6,35,0,0,0,0,0,0
22328,0,0,0,6,13,85,0,0,0,0,5,0
22329,0,0,0,0,0,135,0,0,0,0,1307,0
22330,39,43,2,1,0,0,6,0,0,0,0,0
22331,0,12,0,0,0,0,570,10,18,0,0,1
22332,0,7,0,0,12,0,225,214,0,0,0,0
22333,0,0,0,1,1,10,0,0,0,0,0,0
22334,0,0,0,65,6,46,0,0,0,0,0,0
22335,0,0,0,0,0,0,0,0,0,0,0,0
22336,0,0,0,0,0,0,0,73,3,0,0,0
22337,12,98,7,0,0,0,4,0,0,0,0,0
22338,0,0,0,0,0,7,0,0,2,6,141,15
22339,8,47,4,0,0,0,0,0,0,0,0,0
22340,0,0,0,0,0,0,15,50,0,0,0,0
22341,0,0,0,0,0,0,0,0,0,27,73,3
22342,1,0,0,39,2,14,0,0,0,0,0,0
22343,0,0,0,0,0,0,119,90,225,0,0,2
22344,0,3,0,0,1,0,66,478,17,0,0,0
22345,0,0,0,2,1,26,0,0,0,0,0,0
22346,0,0,0,0,131,0,28,3791,4,0,0,0
22347,0,0,0,0,0,0,0,0,0,12,84,16
22348,0,0,0,20,9,49,0,0,0,0,3,0
22349,0,2,0,0,0,0,42,219,1,0,0,0
22350,0,0,0,0,0,0,0,0,0,2,75,1
22351,13,135,64,0,0,0,1,0,0,5,0,0
22352,0,0,0,0,0,0,4,26,0,0,0,0
22353,0,0,0,0,0,0,0,0,0,7,64,0
22354,0,0,0,1,4,21,0,0,0,0,0,0
22355,0,0,0,1,0,1,0,0,0,0,0,0
22356,4,64,2,0,0,0,2,0,0,0,0,0
22357,0,0,0,0,0,88,0,0,0,0,0,0
22358,0,0,0,0,0,1,0,0,0,0,0,0
22359,2,19,3,0,0,0,0,0,0,0,0,0
22360,0,0,0,1,2,18,0,0,0,0,0,0
22361,0,0,0,0,0,0,3,94,3,0,0,0
22362,0,0,0,0,0,2,0,0,0,0,0,0
22363,0,1,0,0,1,0,54,263,2,0,0,0
22364,0,0,0,0,0,0,5,1,0,0,0,0
22365,0,0,0,0,0,0,0,1,0,0,0,0
22366,0,0,0,0,0,8,0,0,0,0,0,0
22367,0,0,0,2,0,10,0,0,0,0,0,0
22368,2,2,0,0,0,0,0,0,0,0,0,0
22369,0,0,0,0,0,103,0,0,0,0,0,0
22370,0,0,0,0,0,0,0,0,0,9,4,0
22371,0,0,0,0,0,0,0,0,0,0,0,0
22372,0,0,0,9,5,32,0,0,0,0,0,0
22373,0,0,0,0,0,0,0,0,0,24,3,23
22374,13,17,0,0,0,0,0,0,0,0,0,0
22375,1,45,0,0,0,0,0,0,0,0,0,0
22376,0,0,0,0,0,0,0,0,0,12,74,0
22377,0,0,1,0,0,17,0,0,0,56,2439,1
22378,0,0,0,1,1,17,0,0,0,0,0,0
22379,1,1,2,0,0,0,0,0,0,0,0,0
22380,0,1,0,0,0,0,33,24,7,0,0,0
22381,0,0,0,0,0,0,50,112,3,0,0,0
22382,0,2,0,0,0,0,0,0,0,0,0,0
22383,0,0,0,0,0,0,0,0,1,5,96,6
22384,4,0,0,387,2,41,0,0,0,0,0,0
22385,0,0,0,0,1,11,0,0,0,0,0,0
22386,0,0,0,0,3,0,0,0,0,0,0,0
22387,0,0,0,1,0,11,0,0,0,0,0,0
22388,0,0,0,0,0,32,0,0,0,2,3655,3
22389,0,0,0,0,0,4,0,0,0,0,0,0
22390,6,24,1,0,0,0,0,0,0,0,0,0
22391,0,0,0,0,0,128,0,0,0,0,0,0
22392,0,0,0,2,0,1,0,0,0,0,0,0
22393,0,3,0,0,0,0,0,0,0,0,0,0
22394,0,11,1,0,0,0,0,0,0,0,0,0
22395,1,47,0,0,0,0,1,0,0,0,0,0
22396,5,36,2,0,0,0,0,0,0,0,0,0
22397,0,0,0,4,0,0,0,0,0,0,0,0
22398,7,0,0,0,0,0,0,0,0,0,0,0
22399,0,0,0,0,0,116,0,0,0,0,1,0
22400,2,22,0,0,0,0,0,0,0,0,0,0
22401,1,8,0,0,0,0,0,0,0,0,0,0
22402,0,0,0,0,0,49,0,0,0,0,0,0
22403,0,1,0,0,0,0,41,0,121,0,0,0
22404,14,12,6,0,0,0,0,0,0,0,0,0
22405,0,12,2,0,0,0,0,0,0,0,0,0
22406,1,1,7,0,0,0,0,0,0,2,0,0
22407,1,10,1,0,0,0,0,0,0,0,0,0
22408,0,0,0,9,1,68,0,0,0,0,2,0
22409,0,0,0,0,0,0,1,0,0,0,0,0
22410,0,0,0,0,0,0,2,2,2,0,0,0
22411,3,64,46,0,0,0,0,0,0,0,0,0
22412,0,2,3,0,0,0,0,0,0,0,0,0
22413,0,0,0,0,0,0,0,0,0,2,133,0
22414,0,0,0,0,0,0,0,0,0,2,211,1
22415,0,3,3,0,0,0,0,0,0,0,0,0
22416,0,0,0,0,2,2,0,0,0,0,0,0
22417,0,0,0,182,0,8,0,0,0,0,0,0
22418,0,5,0,0,0,0,0,0,0,0,0,0
22419,0,0,0,0,0,0,0,0,0,1,134,1
22420,12,17,1,0,0,0,0,0,0,0,0,0
22421,0,0,0,0,0,0,10,3,8,0,0,0
22422,2,53,1,0,0,0,1,0,0,0,0,0
22423,0,0,0,2,4,49,0,0,0,0,0,0
22424,0,0,0,0,0,0,4,24,2,0,0,0
22425,0,0,0,0,0,0,0,0,0,0,33,0
22426,0,0,0,1,0,50,0,0,0,0,1,0
22427,0,6,0,0,0,0,466,93,17,0,0,0
22428,0,0,0,0,1,5,0,0,0,0,0,0
22429,12,32,0,0,0,0,1,0,0,0,0,0
22430,0,0,0,0,0,0,0,3,2,0,0,0
22431,2,1,0,0,0,0,0,0,0,0,0,0
22432,0,0,0,0,0,9,0,0,0,0,1733,9
22433,0,0,0,2,0,0,0,0,0,0,0,0
22434,0,0,0,0,0,0,1,1,0,0,0,0
22435,0,0,0,0,0,38,0,0,0,0,1,0
22436,0,0,0,0,2,0,23,174,0,0,0,0
22437,0,0,0,0,0,0,0,0,0,0,1,24
22438,9,52,6,0,0,0,0,0,0,0,0,0
22439,0,0,0,0,0,0,0,0,0,2,31,2
22440,0,0,0,0,0,2,0,0,0,0,0,0
22441,2,0,0,34,3,52,0,0,0,0,2,0
22442,0,0,0,0,0,0,12,1,0,0,0,0
22443,0,3,1,0,0,0,0,0,0,0,0,0
22444,0,0,0,0,0,41,0,0,0,3,4805,1
22445,0,0,0,0,0,0,0,0,0,0,4,0
22446,0,0,0,0,0,0,0,0,0,0,4,0
22447,0,0,0,6,18,48,0,0,0,0,0,0
22448,0,0,0,0,0,0,0,0,0,5,0,0
22449,0,0,0,1,0,0,0,0,0,0,0,0
22450,0,0,0,0,0,21,0,0,0,15,1744,69
22451,0,0,0,0,0,0,0,0,0,0,0,0
22452,0,0,0,0,0,0,0,0,0,0,26,0
22453,39,44,10,0,0,0,0,0,0,0,0,0
22454,0,0,0,0,0,0,2,2,3,0,0,0
22455,1,2,0,0,0,0,0,0,0,0,0,0
22456,0,245,0,0,0,0,2,0,0,0,0,0
22457,0,26,0,0,0,0,0,0,0,0,0,0
22458,0,0,0,0,0,0,0,0,0,0,572,0
22459,52,34,4,0,0,0,0,0,0,0,0,0
22460,0,0,3,0,0,0,0,0,0,0,0,0
22461,7,24,0,0,0,0,0,0,0,0,0,0
22462,0,0,0,0,0,0,6,0,0,0,0,0
22463,0,0,0,1,0,0,0,0,0,0,0,0
22464,0,0,0,0,0,0,0,2,0,0,0,0
22465,0,0,0,0,0,25,0,0,0,0,0,0
22466,0,0,0,0,0,0,0,0,0,0,0,0
22467,0,0,0,0,0,0,0,0,0,2,4,0
22468,0,3,0,0,26,0,161,2489,10,0,0,0
22469,0,0,0,0,0,30,0,0,0,0,1,0
22470,0,0,0,0,0,0,0,0,0,0,0,0
22471,0,0,0,0,0,0,58,95,16,0,0,0
22472,0,2,2,0,0,0,0,0,0,0,0,0
22473,0,6,2,0,0,0,0,0,0,0,0,0
22474,1,77,3,0,0,0,1,0,0,0,0,0
22475,0,0,0,2,7,1,0,0,0,0,0,0
22476,0,0,0,0,0,0,0,0,0,1,1,0
22477,0,0,0,0,0,1,0,0,0,13,261,2
22478,0,0,0,2,7,134,0,0,0,0,3,0
22479,0,0,0,1,0,1,0,0,0,0,0,0
22480,0,0,0,0,0,4,0,0,0,30,1635,9
22481,6,22,1,0,0,0,0,0,0,0,0,0
22482,0,0,0,0,0,19,0,0,0,9,784,13
22483,0,0,0,6,2,54,0,0,0,0,1,0
22484,0,0,0,0,9,0,67,806,65,0,0,1
22485,0,0,0,0,2,1,0,0,0,0,0,0
22486,17,49,9,0,0,0,1,0,0,0,0,0
22487,0,0,0,0,0,0,37,0,334,0,0,2
22488,4,7,25,0,0,0,0,0,0,0,0,0
22489,1,5,1,0,0,0,0,0,0,0,0,0
22490,1,2,0,0,0,0,0,0,0,0,0,0
22491,0,23,1,0,0,0,0,0,0,0,0,0
22492,2,37,0,0,0,0,1,0,0,0,0,0
22493,0,0,0,0,0,0,1,1,0,0,0,0
22494,0,0,0,0,0,0,0,1,0,0,0,0
22495,22,25,2,0,0,0,0,0,0,0,0,0
22496,1,20,10,0,0,0,0,0,0,0,0,0
22497,0,0,0,0,0,1,0,0,0,0,0,0
22498,0,0,0,0,0,20,0,0,0,9,1300,3
22499,0,0,0,0,0,2,0,0,0,0,0,0
22500,4,0,0,1,0,0,0,0,0,0,0,0
22501,0,0,0,1,0,106,0,0,0,0,1,0
22502,0,0,1,0,0,0,0,0,0,201,0,0
22503,5,7,0,0,0,0,0,0,0,0,0,0
22504,3,14,3,0,0,0,0,0,0,0,0,0
22505,1,2,0,0,0,0,0,0,0,0,0,0
22506,0,0,0,0,0,0,0,0,0,3,17,0
22507,0,0,0,22,2,16,0,0,0,0,0,0
22508,0,0,0,1,4,1,0,0,0,0,0,0
22509,0,0,0,0,0,0,0,0,0,1,1,1
22510,0,0,0,0,0,32,0,0,0,0,1,0
22511,1,2,0,0,0,0,0,0,0,0,0,0
22512,0,3,1,0,0,0,0,0,0,0,0,0
22513,0,0,0,0,0,0,0,0,0,0,58,0
22514,0,0,0,1,0,2,0,0,0,0,0,0
22515,0,0,0,2,0,22,0,0,0,0,0,0
22516,0,0,0,0,0,0,0,0,0,0,0,0
22517,0,0,0,0,0,0,0,0,0,0,0,0
22518,0,0,0,0,0,0,0,1,2,0,0,0
22519,0,2,1,0,0,0,0,0,0,0,0,0
22520,0,0,0,0,0,0,26,55,4,0,0,0
22521,0,0,0,0,0,0,0,0,0,0,0,0
22522,0,0,0,0,0,1,0,0,0,43,315,11
22523,0,0,0,0,0,0,0,0,0,26,2,10
22524,46,18,6,0,0,0,0,0,0,0,0,0
22525,1,1123,1,0,0,0,125,2,0,0,0,0
22526,0,0,0,0,0,0,0,0,0,1,73,1
22527,0,0,0,0,0,0,0,0,0,0,1,1
22528,16,29,2,0,0,0,0,0,0,0,0,0
22529,7,14,0,0,0,0,0,0,0,0,0,0
22530,0,0,0,0,0,51,0,0,0,8,772,9
22531,9,47,3,0,0,0,0,0,0,0,0,0
22532,0,0,0,0,0,0,30,0,33,0,0,0
22533,11,3,6,3,0,0,0,0,0,0,0,0
22534,0,75,16,0,0,0,6,0,0,4,0,0
22535,0,0,0,0,3,1,0,0,0,0,0,0
22536,0,0,0,0,0,0,0,0,0,5,12,0
22537,0,0,0,0,18,15,0,2,0,0,2,0
22538,0,16,0,0,0,0,0,0,0,0,0,0
22539,0,0,0,0,0,2,0,0,0,0,0,0
22540,0,0,0,2,0,10,0,0,0,0,0,0
22541,0,39,0,0,0,0,869,5,1,0,0,0
22542,0,0,0,0,0,0,0,0,0,0,0,0
22543,0,0,0,1,0,28,0,0,0,0,0,0
22544,0,1,0,0,0,0,0,0,0,0,0,0
22545,0,0,0,0,0,0,0,1,0,0,0,0
22546,0,95,0,0,0,0,0,0,0,0,0,0
22547,0,0,0,0,1,9,0,0,0,0,0,0
22548,0,0,0,0,0,1,0,0,0,0,0,0
22549,0,0,0,0,2,45,0,0,0,0,0,0
22550,0,0,0,0,0,2,0,0,0,1,502,12
22551,0,0,0,0,0,0,0,0,0,1,67,1
22552,0,0,0,0,1,86,0,0,0,0,0,0
22553,0,0,0,0,0,0,0,0,0,0,0,0
22554,1,6,7,0,0,0,0,0,0,0,0,0
22555,0,0,0,2,0,81,0,0,0,0,0,0
22556,0,9,0,0,0,0,0,0,0,0,0,0
22557,0,0,0,0,0,3,0,0,0,0,0,0
22558,0,0,0,19,0,13,0,0,0,0,0,0
22559,0,0,0,0,0,0,0,0,0,0,0,0
22560,0,0,0,0,0,0,0,0,0,7,15,0
22561,34,25,1,0,0,0,0,0,0,0,0,0
22562,8,1,0,0,0,0,0,0,0,0,0,0
22563,0,4,1,0,0,0,0,0,0,0,0,0
22564,0,0,0,0,0,0,0,0,0,7,99,0
22565,0,0,0,1,1,14,0,0,0,0,0,0
22566,0,0,0,0,0,2,0,0,0,0,0,0
22567,0,0,0,0,0,0,55,110,1,0,0,0
22568,0,0,0,0,0,0,0,0,0,0,0,0
22569,0,0,0,0,0,0,0,0,1,0,0,0
22570,0,0,0,0,0,0,0,0,0,1,161,0
22571,0,0,0,0,0,1,0,0,0,15,34,0
22572,0,0,0,0,0,0,0,0,0,3,23,4
22573,0,0,0,1,0,46,0,0,0,0,1,0
22574,0,0,0,0,0,47,0,0,0,0,0,0
22575,0,0,0,0,0,1,0,0,0,0,0,0
22576,0,0,0,24,0,185,0,0,0,0,0,0
22577,0,0,0,0,0,0,66,7,33,0,0,0
22578,0,147,0,0,0,0,7051,10,0,0,0,0
22579,0,0,0,1,0,26,0,0,0,0,0,0
22580,0,0,0,0,0,0,11,0,1,0,0,0
22581,2,2,5,0,0,0,0,0,0,0,0,0
22582,4,20,10,0,0,0,0,0,0,0,0,0
22583,0,0,0,0,0,0,52,2,0,0,0,0
22584,0,0,0,0,0,1,0,0,0,0,0,0
22585,0,0,0,1,3,36,0,0,0,0,0,0
22586,0,0,0,2,0,3,0,0,0,0,0,0
22587,0,0,0,0,0,1,0,0,0,0,0,0
22588,0,0,0,1,0,55,0,0,0,0,1,0
22589,0,1,0,0,0,0,0,0,0,0,0,0
22590,0,0,0,0,0,0,0,0,0,0,0,0
22591,1,0,0,0,0,3,0,0,0,3,810,0
22592,0,0,0,0,0,0,27,190,2,0,0,0
22593,0,0,0,0,0,0,0,0,0,4,22,0
22594,0,0,0,0,0,0,0,0,0,352,191,30
22595,16,0,0,0,0,0,0,0,0,0,0,0
22596,0,0,0,0,0,0,0,0,0,0,4,0
22597,0,0,0,0,0,17,0,0,0,9,3382,0
22598,2,30,3,0,0,0,0,0,0,0,0,0
22599,0,51,0,0,0,0,4036,49,84,0,0,0
22600,21,71,744,0,0,0,0,0,0,15,0,0
22601,0,0,0,0,1,0,0,0,0,0,0,0
22602,0,0,0,0,0,0,0,0,0,0,0,0
22603,0,0,0,0,1,12,0,0,0,0,0,0
22604,0,0,0,0,2,0,24,324,2,0,0,0
22605,0,0,0,0,0,0,0,0,0,2,11,1
22606,49,49,0,0,1,0,0,0,0,0,0,0
22607,0,0,0,0,2,26,0,0,0,0,0,0
22608,0,0,0,0,0,0,0,0,0,1,2,0
22609,0,0,0,21,1,21,0,0,0,0,0,0
22610,0,0,0,0,0,0,4,2,0,0,0,0
22611,0,0,0,0,1,0,0,0,0,0,0,0
22612,0,0,0,2,4,12,0,0,0,0,0,0
22613,0,0,0,0,0,6,0,0,0,0,0,0
22614,21,0,0,0,0,0,0,0,0,0,0,0
22615,0,0,0,0,0,42,0,0,0,0,0,0
22616,0,0,0,0,0,0,10,104,1,0,0,0
22617,0,0,0,0,0,0,0,0,0,8,46,0
22618,0,0,0,45,7,36,0,0,0,0,0,0
22619,0,0,0,1,0,0,0,0,0,0,0,0
22620,0,0,0,0,0,0,1,4,2,0,0,0
22621,0,0,0,0,0,0,3,1,1,0,0,0
22622,4,141,45,0,0,0,1,0,0,0,0,0
22623,0,37,1,0,0,0,0,0,0,0,0,0
22624,0,0,0,0,0,10,0,0,0,216,1565,1
22625,0,1,8,0,0,0,0,0,0,0,0,0
22626,0,0,0,0,0,0,1,0,0,0,0,0
22627,0,1,0,0,0,0,161,3,1,0,0,0
22628,1,1,8,0,0,0,0,0,0,0,0,0
22629,6,104,15,0,0,0,0,0,0,0,0,0
22630,0,2,0,0,0,0,198,18,0,0,0,0
22631,1,1,4,0,0,0,0,0,0,0,0,0
22632,0,0,0,0,0,0,62,3,4,0,0,0
22633,0,34,0,0,0,0,0,0,0,0,0,0
22634,0,11,4,0,0,0,0,0,0,0,0,0
22635,0,0,0,0,0,2,0,0,0,0,0,0
22636,0,0,0,0,0,2,0,0,0,4,300,0
22637,0,9,3,0,0,0,0,0,0,0,0,0
22638,0,0,0,0,0,0,120,1,3,0,0,0
22639,0,0,0,0,0,0,1,0,8,7,48,14
22640,3,2,0,0,0,0,0,0,0,0,0,0
22641,0,2,1,0,0,0,0,0,0,0,0,0
22642,0,0,0,0,0,1,0,0,0,1,107,0
22643,0,0,0,1,0,2,0,0,0,0,0,0
22644,0,0,0,0,0,0,0,0,3,0,0,0
22645,0,0,0,1,0,32,0,0,0,0,0,0
22646,0,0,0,0,0,0,5,89,6,0,0,0
22647,0,0,0,0,0,4,0,0,0,0,0,0
22648,0,0,0,16,2,8,0,0,0,0,0,0
22649,0,0,0,0,0,0,4,2,1,0,0,0
22650,0,0,0,0,0,0,0,0,0,0,6,0
22651,0,0,0,0,0,0,0,0,0,0,0,0
22652,0,0,0,0,0,0,11,0,0,0,0,0
22653,1,1,0,0,0,0,0,0,0,0,0,0
22654,0,0,0,0,0,39,0,0,0,0,0,0
22655,0,0,0,0,0,0,0,0,0,0,0,0
22656,0,1,0,0,0,0,0,0,0,0,0,0
22657,0,0,0,0,0,92,0,0,0,0,2,0
22658,0,0,0,0,1,2,0,0,0,0,0,0
22659,0,0,0,0,0,0,0,0,0,1,3,0
22660,0,0,0,10,0,44,0,0,0,0,0,0
22661,0,0,0,0,0,0,0,0,0,0,0,0
22662,0,0,0,0,0,53,0,0,0,0,0,0
22663,0,0,0,0,0,4,0,0,0,4,239,0
22664,0,0,0,0,0,1,0,0,0,34,145,0
22665,0,0,0,0,0,1,0,0,0,0,0,0
22666,3,34,2,0,0,0,0,0,0,0,0,0
22667,0,0,0,0,0,16,0,0,0,0,0,0
22668,14,1,0,0,0,0,0,0,0,0,0,0
22669,0,0,0,0,0,120,0,0,0,0,1,0
22670,1,13,20,0,0,0,0,0,0,0,0,0
22671,0,78,0,0,0,0,0,0,0,0,0,0
22672,0,0,0,27,42,111,0,0,0,0,0,0
22673,0,0,0,20,12,6960,0,0,0,0,443,0
22674,0,0,0,0,0,263,0,0,0,1,6964,0
22675,0,0,0,0,0,1,0,0,0,10,449,1
22676,0,0,0,0,0,0,12,14,4,0,0,0
22677,0,0,0,0,0,0,0,0,0,2,80,1
22678,17,29,5,0,0,0,0,0,0,0,0,0
22679,0,0,0,0,12,7008,0,0,0,0,262,0
22680,0,0,0,0,0,0,0,0,0,0,98,0
22681,51,41,12,0,0,0,0,0,0,0,0,0
22682,0,0,0,0,0,11,0,0,0,0,0,0
22683,0,0,0,2,0,5,0,0,0,0,0,0
22684,0,0,0,0,0,45,0,0,0,0,0,0
22685,0,0,0,7,3,6,0,0,0,0,0,0
22686,0,0,0,0,0,279,0,0,0,2,6984,0
22687,0,0,0,0,0,5,0,0,0,10,563,9
22688,18,178,0,0,0,0,1,0,0,0,0,0
22689,0,0,0,0,0,0,0,0,0,8,118,3
22690,0,0,0,3,3,47,0,0,0,0,0,0
22691,0,0,0,0,0,9,0,0,0,0,0,0
22692,0,0,0,0,0,0,0,0,0,0,0,0
22693,0,0,0,0,0,150,0,0,0,0,2,0
22694,0,0,0,0,0,0,0,0,0,0,0,0
22695,7,6,0,0,0,0,0,0,0,0,0,0
22696,0,0,0,0,0,0,16,45,1,0,0,0
22697,0,0,0,0,0,0,0,0,0,0,0,0
22698,0,0,0,0,0,0,0,3,1,0,0,0
22699,0,0,0,0,0,13,0,0,0,0,0,0
22700,0,0,0,0,1,1,0,0,0,0,0,0
22701,5,1,0,0,0,0,0,0,0,0,0,0
22702,0,0,0,0,0,47,0,0,0,0,0,0
22703,0,0,0,0,0,0,16,0,0,0,0,0
22704,0,0,0,0,0,0,2,0,0,0,0,0
22705,7,74,7,0,0,0,1,0,0,0,0,0
22706,0,0,0,0,0,0,4,282,38,0,0,0
22707,0,0,0,2,0,3,0,0,0,0,0,0
22708,0,1,0,0,4,0,64,589,24,0,0,0
22709,0,0,0,0,0,0,0,0,0,0,0,0
22710,0,0,0,0,0,0,0,0,0,2,4,0
22711,0,0,0,7,10,16,0,0,0,0,0,0
22712,0,0,0,0,0,0,0,0,0,3,303,2
22713,0,0,0,0,0,2,0,0,0,6,941,5
22714,0,0,0,5,7,10,0,0,0,0,0,0
22715,0,2,1,0,0,0,0,0,0,0,0,0
22716,0,0,0,0,0,0,0,0,0,285,229,1
22717,0,0,0,0,6,304,0,0,0,0,0,0
22718,0,1,0,0,0,0,0,0,0,0,0,0
22719,0,0,0,0,0,0,0,0,0,0,0,0
22720,0,29,0,0,0,0,0,0,0,0,0,0
22721,0,0,0,0,0,24,0,0,0,0,0,0
22722,0,0,0,0,0,0,0,0,0,0,0,0
22723,0,1,0,0,0,0,0,0,0,0,0,0
22724,0,6,0,0,0,0,0,0,0,0,0,0
22725,0,1,0,0,0,0,0,0,0,0,0,0
22726,0,0,0,0,2,47,0,0,0,0,0,0
22727,0,0,0,0,0,0,6,1,2,0,0,0
22728,0,9,2,0,0,0,0,0,0,0,0,0
22729,0,0,0,0,10,175,0,0,0,0,0,0
22730,0,0,0,0,0,0,0,0,0,1,48,0
22731,0,0,0,0,0,0,0,0,0,0,0,0
22732,0,0,0,0,0,0,0,0,0,31,14,4
22733,0,0,0,0,0,0,0,0,0,0,0,0
22734,0,0,0,0,0,0,0,1,0,0,0,0
22735,0,0,0,0,0,0,0,0,0,1,118,0
22736,0,0,0,0,3,4,0,0,0,0,0,0
22737,0,0,0,1,0,4,0,0,0,0,0,0
22738,0,0,0,0,0,147,0,0,0,0,1,0
22739,0,3,1,0,0,0,0,0,0,0,0,0
22740,0,0,0,0,0,0,0,0,0,0,8,3
22741,0,0,0,0,0,125,0,0,0,0,0,0
22742,29,7,7,0,0,0,0,0,0,0,0,0
22743,4,20,9,0,0,0,0,0,0,0,0,0
22744,0,0,0,1,0,57,0,0,0,0,0,0
22745,0,0,0,0,0,0,8,6,7,0,0,0
22746,0,0,0,0,0,5,0,0,0,0,0,0
22747,0,0,1,0,0,4,0,0,0,202,640,6
22748,0,0,0,0,0,4,0,0,0,0,0,0
22749,9,1,1,0,0,0,0,0,0,0,0,0
22750,0,0,0,0,0,69,0,0,0,0,0,0
22751,0,0,0,0,0,0,0,7,1,0,0,0
22752,0,0,0,0,0,0,0,0,0,0,12,0
22753,79,22,1,0,0,0,0,0,0,0,0,0
22754,0,0,0,0,0,0,0,0,0,0,0,0
22755,0,1,0,0,0,0,0,0,0,0,0,0
22756,0,0,0,0,1,44,0,0,0,0,0,0
22757,0,0,0,0,1,2,0,0,0,0,0,0
22758,0,0,0,0,0,0,0,0,0,0,1,0
22759,1,87,4,0,0,0,0,0,0,0,0,0
22760,0,0,0,0,0,2,0,0,0,0,0,0
22761,0,0,0,0,0,0,0,0,0,0,0,0
22762,0,0,0,0,0,26,0,0,0,0,0,0
22763,0,0,0,0,0,0,8,42,5,0,0,0
22764,0,0,0,0,0,1,0,0,0,0,0,0
22765,5,36,0,0,0,0,0,0,0,0,0,0
22766,3,35,7,0,0,0,0,0,0,0,0,0
22767,0,0,0,0,0,2,0,0,0,0,0,0
22768,0,0,0,0,0,22,0,0,0,0,0,0
22769,0,1,1,0,0,0,0,0,0,0,0,0
22770,0,0,0,0,0,0,79,3,0,0,0,0
22771,2,29,2,0,0,0,0,0,0,0,0,0
22772,0,0,0,0,0,0,2,38,2,0,0,0
22773,0,0,0,0,0,0,0,0,3,0,0,0
22774,0,0,0,1,0,23,0,0,0,0,0,0
22775,0,0,0,0,0,0,184,34,5,0,0,0
22776,3,15,2,0,0,0,0,0,0,0,0,0
22777,0,0,0,2,0,121,0,0,0,0,0,0
22778,0,0,0,0,0,0,1,1,108,0,0,0
22779,1,2,0,0,0,0,0,0,0,0,0,0
22780,2,12,13,0,0,0,0,0,0,0,0,0
22781,0,0,0,0,0,0,18,2,0,0,0,0
22782,0,0,0,0,0,4,0,0,0,0,0,0
22783,0,0,0,0,0,1,0,0,0,9,129,0
22784,1,36,141,0,0,0,0,0,0,0,0,0
22785,0,0,0,0,1,0,90,160,4,0,0,0
22786,7,48,178,0,0,0,0,0,0,3,0,0
22787,0,0,0,0,0,0,0,0,0,1,1,0
22788,1,2,0,0,0,0,0,0,0,0,0,0
22789,1,32,1,0,0,0,0,0,0,0,0,0
22790,0,25,6,0,0,0,0,0,0,0,0,0
22791,0,0,0,0,0,2,0,0,0,0,0,0
22792,0,0,0,0,0,10,0,0,0,23,2798,0
22793,0,0,0,0,1,0,2,116,2,0,0,0
22794,0,0,0,0,0,0,0,0,0,7,17,0
22795,0,0,0,6,12,139,0,0,0,0,0,0
22796,0,0,0,0,0,0,0,0,0,1,1,0
22797,0,0,0,0,0,0,0,0,0,7,33,0
22798,59,178,6,0,0,0,0,0,0,0,0,0
22799,0,0,0,0,0,0,35,16,1,0,0,0
22800,0,0,0,0,0,0,5,10,6,0,0,0
22801,0,0,0,0,14,0,81,1287,18,0,0,0
22802,0,0,0,0,0,0,0,0,0,0,0,0
22803,3,242,0,0,0,0,0,0,0,0,0,0
22804,4,69,93,0,0,0,0,0,0,0,0,0
22805,4,40,1,0,0,0,0,0,0,0,0,0
22806,0,0,0,0,0,0,0,0,0,39,9,2
22807,0,0,0,8,0,78,0,0,0,0,0,0
22808,0,0,0,0,0,0,0,1,0,0,0,0
22809,0,0,0,0,0,0,3,0,0,0,0,0
22810,15,70,6,0,0,0,1,0,0,0,0,0
22811,0,4,0,0,0,0,0,0,0,0,0,0
22812,1,74,14826,0,0,0,0,0,0,14679,3,0
22813,0,1,0,0,336,0,99,13079,3,0,0,0
22814,0,4,1,0,0,0,0,0,0,0,0,0
22815,0,0,0,0,0,1,0,0,0,0,0,0
22816,0,0,0,8,0,50,0,0,0,0,0,0
22817,0,0,0,0,14,0,5,96,0,0,0,0
22818,0,0,0,0,0,0,0,0,0,0,2,0
22819,0,0,0,13,6,14,0,0,0,0,0,0
22820,0,0,0,0,0,0,6,4,0,0,0,0
22821,2,0,6,0,0,0,0,0,0,0,0,0
22822,0,0,0,0,0,8,0,0,0,0,0,0
22823,0,0,0,0,0,0,0,0,0,0,0,0
22824,3,1,0,0,0,0,0,0,0,0,0,0
22825,0,0,0,0,0,82,0,0,0,0,0,0
22826,0,0,0,0,0,0,0,0,0,0,0,0
22827,0,0,0,0,0,0,0,0,0,0,0,0
22828,0,0,0,0,0,24,0,0,0,0,0,0
22829,0,0,0,1,0,1,0,0,0,0,0,0
22830,0,0,0,0,0,0,0,0,0,0,0,0
22831,0,0,0,0,0,34,0,0,0,0,0,0
22832,0,0,0,0,0,0,0,0,0,0,0,0
22833,1,0,0,0,0,0,0,0,0,0,0,0
22834,0,601,2,0,0,0,4,0,0,0,0,0
22835,0,0,0,0,2,72,0,0,0,0,0,0
22836,0,0,0,0,0,0,0,0,0,0,0,0
22837,1,43,0,0,0,0,0,0,0,0,0,0
22838,0,0,0,0,0,0,0,0,0,1,12,1
22839,0,0,0,0,0,0,0,0,0,0,3,0
22840,35,20,6,0,0,0,0,0,0,0,0,0
22841,0,4,0,0,0,0,875,84,13,0,0,0
22842,37,29,6,0,0,0,0,0,0,0,0,0
22843,0,0,0,0,17,132,0,0,0,0,0,0
22844,0,0,0,0,0,0,0,7,5,0,0,0
22845,3,18,0,0,0,0,0,0,0,0,0,0
22846,0,0,0,8,0,60,0,0,0,0,0,0
22847,0,0,0,1,0,0,0,0,0,0,0,0
22848,0,0,0,0,0,2,0,0,0,0,0,0
22849,0,0,0,0,0,37,0,0,0,0,0,0
22850,0,8,1,0,0,0,0,0,0,0,0,0
22851,0,0,0,0,0,0,0,0,0,0,71,0
22852,17,60,0,0,0,0,0,0,0,0,0,0
22853,0,0,0,0,0,0,2,0,0,0,0,0
22854,0,0,0,0,0,0,0,0,1,0,0,0
22855,0,0,0,0,0,0,0,0,0,6,69,1
22856,0,0,0,0,0,0,0,0,0,0,0,0
22857,0,0,0,0,0,0,0,2,0,0,0,0
22858,0,0,0,0,0,2,0,0,0,0,2097,1
22859,0,0,0,0,0,0,24,2,0,0,0,0
22860,0,0,0,0,0,0,0,0,0,0,0,0
22861,0,0,0,0,0,70,0,0,0,0,0,0
22862,1,63,8,0,0,0,0,0,0,0,0,0
22863,0,0,0,0,0,8,0,0,0,0,0,0
22864,0,2,0,0,0,0,0,0,0,0,0,0
22865,0,0,0,0,0,0,6,16,0,0,0,0
22866,0,0,0,0,0,0,0,0,0,1,0,0
22867,0,0,0,1,11,9,0,0,0,0,0,0
22868,0,0,0,0,0,0,0,0,0,0,0,0
22869,0,0,0,0,0,0,0,7,0,0,0,0
22870,0,0,0,0,0,0,2,0,0,0,0,0
22871,0,2,0,0,0,0,0,0,0,0,0,0
22872,0,1,0,0,0,0,0,0,0,0,0,0
22873,0,0,0,0,0,49,0,0,0,0,1,0
22874,0,0,0,1,1,2,0,0,0,0,0,0
22875,0,0,0,0,0,0,0,0,0,0,2,0
22876,0,0,0,0,1,30,0,0,0,0,0,0
22877,0,0,0,0,0,0,0,0,0,0,0,0
22878,0,5,0,0,0,0,0,0,0,0,0,0
22879,0,0,106,0,0,3,0,0,2,5623,175,114
22880,14,7,0,0,0,0,0,0,0,0,0,0
22881,5,162,21,0,0,0,0,0,0,0,0,0
22882,142,0,0,1032,7787,198,0,366,0,0,3,0
22883,0,0,0,0,0,0,0,0,0,17,24,0
22884,0,0,0,0,77,0,0,10,0,0,0,0
22885,1,0,0,32,0,32,0,0,0,0,0,0
22886,0,0,0,0,0,0,0,3,0,0,0,0
22887,0,0,0,0,0,0,0,0,0,0,0,0
22888,0,0,0,1,0,88,0,0,0,0,4,0
22889,0,0,0,1,11,0,0,1,0,0,0,0
22890,0,0,0,0,0,0,0,0,0,0,2,1
22891,0,0,0,1,0,39,0,0,0,0,0,0
22892,0,4,0,0,0,0,0,0,0,0,0,0
22893,32,128,4,0,0,0,3,0,0,0,0,0
22894,0,3,0,0,1,0,182,116,2,0,0,0
22895,0,0,0,0,0,0,32,19,34,0,0,0
22896,0,0,0,5,1,50,0,0,0,0,0,0
22897,0,0,0,41,9,41,0,0,0,0,0,0
22898,0,148,0,0,0,0,6928,1,5,0,0,0
22899,0,0,0,0,0,0,11,563,7,0,0,0
22900,0,0,0,1,0,6,0,0,0,0,0,0
22901,0,0,0,0,0,0,16,0,0,0,0,0
22902,0,0,0,0,0,0,10,25,0,0,0,0
22903,0,0,0,0,1,8,0,0,0,0,0,0
22904,20,6,0,0,0,0,0,0,0,0,0,0
22905,1,26,14,0,0,0,0,0,0,0,0,0
22906,0,0,0,1,2,41,0,0,0,0,0,0
22907,2,0,0,14,17,95,0,0,0,0,2,0
22908,3,0,190,0,0,0,0,0,0,0,0,0
22909,0,0,0,0,0,89,0,0,0,0,0,0
22910,0,20,0,0,0,0,0,0,0,0,0,0
22911,2,5,0,0,0,0,0,0,0,0,0,0
22912,0,0,0,0,441,23,0,12,0,0,0,0
22913,0,0,0,0,0,14,0,0,0,0,0,0
22914,0,1,0,0,0,0,0,0,0,0,0,0
22915,0,0,0,0,0,1,0,0,0,0,37,0
22916,0,0,1,0,0,0,0,0,0,289,123,0
22917,4,2,0,1148,113478,1,7,484,0,0,0,0
22918,0,0,0,0,9,0,88,730,0,0,0,0
22919,0,0,0,0,1,7,0,0,0,0,0,0
22920,43,1,0,1,0,0,0,0,0,0,0,0
22921,0,0,0,0,0,123,0,0,0,0,0,0
22922,1,0,2,0,0,0,0,0,0,0,0,0
22923,0,0,0,0,0,0,0,5,0,0,0,0
22924,0,64,0,0,0,0,0,0,0,0,0,0
22925,0,0,0,1,2,36,0,0,0,0,0,0
22926,0,0,0,0,0,12,0,0,0,0,0,0
22927,0,1,0,0,0,0,29,353,6,0,0,0
22928,0,0,0,0,0,24,0,0,0,0,0,0
22929,0,0,0,2,2,0,0,0,0,0,0,0
22930,0,0,0,2,1,7,0,0,0,0,0,0
22931,0,0,2,0,0,0,0,0,0,0,0,0
22932,0,0,0,0,0,0,2,2,0,0,0,0
22933,0,0,0,0,0,0,89,6,0,0,0,0
22934,2,3,4,0,0,0,0,0,0,0,0,0
22935,0,10,0,0,0,0,0,0,0,0,0,0
22936,0,0,0,0,0,0,26,52,0,0,0,0
22937,0,0,0,0,1,5,0,0,0,0,0,0
22938,0,0,0,0,0,1,0,0,0,14,195,0
22939,0,0,0,0,0,130,0,0,0,0,0,0
22940,0,1,0,0,0,0,0,0,0,0,0,0
22941,47,29,8,0,0,0,0,0,0,0,0,0
22942,0,0,0,8,40,44,0,0,0,0,0,0
22943,0,0,0,0,0,0,0,0,0,6,2,0
22944,0,0,0,0,0,0,0,0,0,0,0,0
22945,0,0,0,0,0,65,0,0,0,9,2490,1
22946,0,4,5,0,0,0,0,0,0,0,0,0
22947,3,6,6,0,0,0,0,0,0,0,0,0
22948,0,11,0,0,0,0,0,0,0,0,0,0
22949,0,0,0,0,0,0,0,0,0,1,78,0
22950,0,0,0,0,0,0,0,0,0,0,1,2
22951,0,0,0,3,2,40,0,0,0,0,0,0
22952,0,0,0,0,0,15,0,0,0,0,0,0
22953,0,0,0,0,0,3,0,0,0,0,0,0
22954,0,0,0,1,0,25,0,0,0,0,0,0
22955,0,0,0,0,0,0,1,0,0,0,0,0
22956,0,7,10,0,0,0,0,0,0,0,0,0
22957,0,0,0,0,0,0,13,19,0,0,0,0
22958,0,0,148,0,0,0,0,0,0,5,0,0
22959,0,0,0,0,0,0,7,6,1,0,0,0
22960,1,16,1,0,0,0,0,0,0,0,0,0
22961,0,0,0,0,0,0,0,0,0,0,0,0
22962,0,0,0,0,0,0,0,0,0,0,0,0
22963,0,0,0,0,0,63,0,0,0,0,0,0
22964,1,62,2,0,0,0,0,0,0,0,0,0
22965,0,0,0,0,0,39,0,0,0,0,0,0
22966,0,0,0,0,4,21,0,0,0,0,0,0
22967,0,0,0,1,6,0,0,0,0,0,0,0
22968,0,0,0,0,0,0,0,0,0,1,3,0
22969,38,41,0,0,0,0,0,0,0,0,0,0
22970,1,9,0,0,0,0,0,0,0,0,0,0
22971,0,0,2,0,0,0,0,0,0,183,104,0
22972,0,0,0,137,3,22,0,0,0,0,0,0
22973,0,0,0,0,0,0,9,0,160,0,0,0
22974,4,17,9,0,0,0,0,0,0,0,0,0
22975,8,8,1,0,0,0,0,0,0,0,0,0
22976,2,22,3,0,0,0,0,0,0,0,0,0
22977,0,0,0,1,1,18,0,0,0,0,0,0
22978,0,0,0,0,0,1,0,0,0,1,215,0
22979,0,0,0,0,0,3,0,0,0,0,0,0
22980,10,2,0,0,0,0,0,0,0,0,0,0
22981,0,0,0,0,1,218,0,0,0,0,1,0
22982,0,0,0,0,0,0,0,0,0,1,2,3
22983,0,3,0,0,0,0,0,0,0,0,0,0
22984,0,0,0,0,0,0,106,11,5,0,0,0
22985,0,0,0,0,0,0,26,61,1,0,0,0
22986,0,0,0,0,0,0,0,0,0,0,237,0
22987,0,0,0,0,0,19,0,0,0,98,2578,5
22988,0,1,0,0,0,0,173,2,1,0,0,0
22989,0,0,0,0,0,0,11,9,20,0,0,0
22990,0,0,0,1,0,21,0,0,0,0,0,0
22991,1,155,0,0,0,0,0,0,0,0,0,0
22992,0,461,0,0,0,0,30620,336,12,0,0,0
22993,0,0,1,0,0,2,0,0,0,257,644,27
22994,1,5,0,0,0,0,0,0,0,0,0,0
22995,0,3,414,0,0,0,0,0,8,88988,334,261
22996,4,9,1,0,0,0,0,0,0,0,0,0
22997,0,0,0,0,0,1,0,0,0,2,325,0
22998,0,0,0,0,0,0,0,0,0,7,72,2
22999,0,0,0,0,1,14,0,0,0,0,0,0
23000,0,0,0,1,0,1,0,0,0,0,0,0
23001,0,0,0,0,0,0,2,1,0,0,0,0
23002,0,0,0,0,0,7,0,0,0,0,0,0
23003,4,9,1,0,0,0,0,0,0,0,0,0
23004,1,19,5,0,0,0,0,0,0,0,0,0
23005,0,0,0,28,20,318,0,0,0,0,3,0
23006,0,0,0,0,0,0,15,0,0,0,0,0
23007,0,0,0,0,0,0,7,4,1,0,0,0
23008,0,0,0,4,2,19,0,0,0,0,0,0
23009,0,0,0,0,0,0,47,292,16,0,0,0
23010,0,0,0,0,5,76,0,0,0,0,0,0
23011,0,0,0,8,1,123,0,0,0,0,0,0
23012,0,1021,3,0,0,0,43823,1,1126,1,0,4
23013,6,50,6998,0,0,0,0,0,0,312,8,1
23014,7,148,27,0,0,0,3,0,0,0,0,0
23015,0,0,0,0,0,0,21,2,26,0,0,0
23016,0,0,0,0,0,0,10,26,42,0,0,0
23017,0,0,0,0,11,9,0,0,0,0,0,0
23018,0,0,0,1,18,43,0,0,0,0,1,0
23019,0,0,0,2,0,46,0,0,0,0,1,0
23020,0,0,0,0,2,174,0,0,0,0,1,0
23021,0,2,0,0,0,0,0,0,0,0,0,0
23022,0,1,2,0,0,0,0,0,0,0,0,0
23023,0,0,0,0,1,89,0,0,0,0,0,0
23024,0,0,0,0,0,1,0,0,0,0,0,0
23025,0,0,0,0,0,0,1,2,0,0,0,0
23026,0,0,0,0,0,56,0,0,0,0,0,0
23027,0,0,0,0,0,12,0,0,0,0,0,0
23028,0,1,0,0,0,0,0,0,0,0,0,0
23029,0,0,0,0,0,2,0,0,0,0,1154,0
23030,0,0,0,7,42,210,0,0,0,0,0,0
23031,0,0,0,33,0,2230,0,0,0,0,22,0
23032,0,0,0,16,28,171,0,0,0,0,0,0
23033,0,0,0,0,0,0,0,0,0,0,14,0
23034,0,0,0,0,0,0,0,0,0,0,2,0
23035,0,0,0,2,6,37,0,0,0,0,1,0
23036,0,0,0,2,1,121,0,0,0,0,2,0
23037,0,0,0,0,0,1,0,0,0,0,0,0
23038,0,10,0,0,0,0,0,0,0,0,0,0
23039,0,0,0,0,0,0,0,0,0,58,1,48
23040,35,7051,2,0,0,0,465,1,0,0,0,0
23041,4,24,23,0,0,0,0,0,0,0,0,0
23042,0,0,0,2,9,6382,0,0,0,0,60,1
23043,0,0,0,0,0,0,0,0,0,1,74,4
23044,23,27,4,0,0,0,0,0,0,0,0,0
23045,0,0,0,0,0,3,0,0,0,0,0,0
23046,1,2,0,0,0,0,0,0,0,0,0,0
23047,0,0,0,0,0,284,0,0,0,0,1,0
23048,0,6806,0,0,0,0,7035,2,3,0,0,0
23049,0,0,0,0,0,0,4,19,0,0,0,0
23050,0,0,0,0,2,24,0,0,0,0,0,0
23051,0,0,0,0,0,1,0,0,0,0,0,0
23052,0,0,0,0,1,0,0,0,0,0,0,0
23053,0,0,0,0,0,0,0,0,0,0,367,0
23054,0,0,0,0,0,0,0,0,0,7,0,0
23055,1,6967,0,0,0,0,475,0,0,0,0,0
23056,2,20,1,0,0,0,0,0,0,0,0,0
23057,0,0,0,0,0,0,0,0,0,6,28,0
23058,0,0,0,0,0,0,0,0,0,16,16,29
23059,0,0,1,0,0,0,0,0,0,22,174,0
23060,9,7,0,0,0,0,0,0,0,0,0,0
23061,0,0,0,0,0,0,0,0,0,2,5,1
23062,0,0,0,10,0,68,0,0,0,0,0,0
23063,347032,0,5,319411,3,5,0,0,0,0,0,0
23064,18,29,1748,0,0,0,0,0,0,8,2,0
23065,0,0,0,0,0,49,0,0,0,0,0,0
23066,0,0,0,0,0,0,2,1,1,0,0,0
23067,0,0,0,0,0,0,1,1,1,0,0,0
23068,0,0,0,1,1,13,0,0,0,0,0,0
23069,0,1,0,0,0,0,203,54,4,0,0,0
23070,0,0,0,0,0,21,0,0,0,0,0,0
23071,0,0,0,15,2,24,0,0,0,0,1,0
23072,0,0,0,0,0,0,20,3,1,0,0,0
23073,0,0,0,0,0,0,18,7,0,0,0,0
23074,0,0,0,2,0,17,0,0,0,0,0,0
23075,0,0,0,1,0,6976,0,0,0,0,474,0
23076,4,0,2,0,0,0,0,0,0,0,0,0
23077,0,0,0,0,0,12,0,0,0,1,183,0
23078,0,0,0,0,0,0,0,0,0,0,0,0
23079,0,0,0,0,0,0,0,0,0,0,0,0
23080,0,20,1,0,0,0,0,0,0,0,0,0
23081,0,0,0,0,0,0,0,0,0,1,25,11
23082,0,0,0,0,0,0,0,0,0,1,1,0
23083,44,28,12,0,0,0,0,0,0,0,0,0
23084,0,0,0,2,0,130,0,0,0,0,0,0
23085,0,36,0,0,0,0,0,0,0,0,0,0
23086,0,0,0,0,0,4,0,0,0,1,1353,0
23087,0,0,0,0,0,0,0,0,0,0,0,0
23088,0,0,0,0,0,0,1,0,0,0,0,0
23089,0,16,0,0,0,0,0,0,0,0,0,0
23090,0,0,0,0,0,0,1,9,0,0,0,0
23091,0,0,0,1,1,0,0,0,0,0,0,0
23092,16,13,0,0,0,0,0,0,0,0,0,0
23093,0,0,0,0,0,0,3,3,0,0,0,0
23094,0,0,0,0,0,1,0,0,0,0,0,0
23095,4,17,5,0,0,0,0,0,0,0,0,0
23096,0,0,0,0,0,0,3,2,0,0,0,0
23097,0,0,0,0,0,2,0,0,0,0,0,0
23098,6,14,1,1,0,0,0,0,0,0,0,0
23099,0,0,0,0,0,0,0,0,0,3,30,0
23100,0,0,0,0,0,1,0,0,0,0,0,0
23101,0,0,0,3,4,115,0,0,0,0,2,0
23102,0,0,0,4,3,0,0,0,0,0,0,0
23103,0,0,0,0,0,1,0,0,0,1,114,0
23104,0,0,0,5,6,91,0,0,0,0,2,0
23105,0,0,0,1,0,3,0,0,0,0,0,0
23106,0,0,0,2,0,6,0,0,0,0,0,0
23107,0,0,0,2,1,25,0,0,0,0,0,0
23108,0,0,0,0,0,0,1,2,90,0,0,0
23109,2,8,2,0,0,0,0,0,0,0,0,0
23110,3,9,0,0,0,0,0,0,0,0,0,0
23111,0,0,0,0,0,0,0,0,0,18,74,4
23112,0,0,0,2,0,4,0,0,0,0,0,0
23113,0,0,0,1,209,22,0,0,0,0,0,0
23114,0,0,0,0,0,1,0,0,0,18,606,3
23115,0,0,0,2,0,5,0,0,0,0,0,0
23116,19,5,4,0,0,0,1,0,0,0,0,0
23117,0,0,0,0,0,0,0,0,0,2,30,1
23118,3,1,4,0,0,0,0,0,0,0,0,0
23119,1,0,0,7,0,42,0,0,0,0,1,0
23120,0,0,0,0,17,0,13,2011,5,0,0,1
23121,0,0,0,0,0,0,0,0,0,4,124,1
23122,14,38,121,1,0,0,0,0,0,3,0,0
23123,0,0,0,0,0,0,0,0,0,11,68,0
23124,0,0,0,0,0,0,0,0,5,2,29,49
23125,18,50,3,0,0,0,0,0,0,0,0,0
23126,0,0,0,0,56,0,13,1619,231,0,0,0
23127,0,0,0,0,0,0,0,0,0,8,478,1
23128,17,15,2,0,0,0,0,0,0,0,0,0
23129,0,16,2,0,0,0,0,0,0,0,0,0
23130,0,0,0,0,0,0,0,0,0,13,16,0
23131,0,0,0,3,2,13,0,0,0,0,0,0
23132,0,0,0,0,0,0,5,2,1,0,0,0
23133,0,0,0,0,2,1,0,0,0,0,0,0
23134,0,0,0,1,60,3,0,5,0,0,0,0
23135,0,0,0,0,0,0,0,0,0,0,0,0
23136,0,0,0,0,0,0,0,3,0,0,0,0
23137,0,0,0,0,2,18,0,0,0,0,0,0
23138,0,0,0,0,0,0,0,0,0,0,0,0
23139,0,0,0,0,0,0,1,0,0,0,0,0
23140,0,19,0,0,0,0,0,0,0,0,0,0
23141,0,0,0,0,0,0,0,0,0,5,8,0
23142,0,0,0,0,0,0,0,0,0,0,1,0
23143,0,0,0,3,0,35,0,0,0,0,0,0
23144,0,1,1,0,0,0,0,0,0,0,0,0
23145,12,7,0,0,0,0,0,0,0,0,0,0
23146,1,51,0,0,0,0,0,0,0,0,0,0
23147,0,11,5,0,0,0,0,0,0,0,0,0
23148,7,96,1,0,0,0,1,0,0,0,0,0
23149,0,0,0,0,0,0,12,34,0,0,0,0
23150,0,0,0,0,0,2,0,0,0,0,0,0
23151,0,0,0,0,0,0,0,0,0,0,2,0
23152,0,0,0,0,0,76,0,0,0,0,0,0
23153,3,0,0,0,0,0,0,0,0,0,0,0
23154,0,0,0,0,0,0,0,0,0,2,0,0
23155,0,0,0,11,0,5037,0,0,0,0,13,0
23156,8,5,1,0,0,0,0,0,0,0,0,0
23157,4,32,0,0,0,0,0,0,0,0,0,0
23158,0,0,0,4,8,39,0,0,0,0,0,0
23159,0,0,0,1,2,120,0,0,0,0,1,0
23160,0,0,0,0,1,0,0,0,0,0,0,0
23161,0,0,0,0,0,0,12,4,0,0,0,0
23162,0,0,0,0,0,0,32,38,5,0,0,0
23163,0,0,0,0,0,3,0,0,0,0,0,0
23164,0,0,0,7,0,28,0,0,0,0,0,0
23165,2,0,0,0,0,0,0,0,0,0,0,0
23166,1,7,13,0,0,0,0,0,0,0,0,0
23167,0,832,0,0,0,0,4,0,0,0,0,0
23168,1,3,2,0,0,0,0,0,0,0,0,0
23169,0,9,1,0,0,0,0,0,0,0,0,0
23170,0,0,0,0,0,2,0,0,0,9,268,0
23171,0,0,0,0,0,0,0,0,0,0,0,0
23172,2,11,12,0,0,0,0,0,0,0,0,0
23173,0,16,7,0,0,0,0,0,0,0,0,0
23174,0,0,0,0,0,1,0,0,0,0,0,0
23175,0,0,0,0,0,0,1,2,0,0,0,0
23176,0,0,0,0,0,36,0,0,0,0,0,0
23177,0,0,0,0,0,0,28,0,8,0,0,0
23178,0,0,0,0,0,0,0,0,0,0,0,0
23179,0,0,0,0,0,0,0,0,0,11,115,0
23180,18,11,2,0,0,0,0,0,0,0,0,0
23181,0,72,5,0,0,0,0,0,0,0,0,0
23182,0,0,0,3,11,70,0,0,0,0,0,0
23183,0,0,0,1,0,0,0,0,0,0,0,0
23184,0,0,0,0,0,0,0,0,0,0,0,0
23185,0,0,0,0,0,0,0,0,0,0,709,0
23186,0,9,0,0,0,0,0,0,0,0,0,0
23187,0,0,0,0,0,0,0,0,0,0,0,0
23188,0,0,0,0,0,3,0,0,0,0,388,0
23189,0,0,0,0,7,2,0,0,0,0,0,0
23190,0,0,0,0,0,0,0,0,0,0,0,0
23191,0,0,0,0,0,6,0,0,0,1,3020,4
23192,1,1,0,0,0,0,0,0,0,0,0,0
23193,1,5,0,0,0,0,0,0,0,0,0,0
23194,0,0,0,0,0,64,0,0,0,0,0,0
23195,0,0,0,0,0,0,1,2,0,0,0,0
23196,0,0,0,0,0,0,0,0,1,0,0,0
23197,0,0,0,0,0,9,0,0,0,0,0,0
23198,0,0,0,0,14,339,0,0,0,0,4,0
23199,0,0,0,0,0,0,0,0,0,0,0,0
23200,1,9,0,0,0,0,0,0,0,0,0,0
23201,0,21,0,0,0,0,1,0,0,0,0,0
23202,0,0,16,0,0,4,0,0,0,6965,677,0
23203,7,146,1,0,0,0,1,0,0,0,0,0
23204,0,0,0,0,0,0,6,0,0,0,0,0
23205,0,0,0,0,0,0,2,2,0,0,0,0
23206,0,0,0,0,0,0,0,0,0,2,26,0
23207,12,48,0,0,0,0,0,0,0,0,0,0
23208,0,0,0,0,0,0,0,0,0,3,190,0
23209,3,17,6,0,0,0,0,0,0,0,0,0
23210,0,0,0,0,0,0,0,1,0,0,0,0
23211,0,0,0,0,0,0,1,1,0,0,0,0
23212,0,0,0,0,0,3,0,0,0,0,0,0
23213,0,0,0,0,0,0,20,22,0,0,0,0
23214,0,0,0,0,0,1,0,0,0,0,0,0
23215,0,0,0,5,15,12,0,0,0,0,0,0
23216,0,0,0,0,0,1,0,0,0,12,91,1
23217,0,0,0,0,0,0,0,0,0,0,0,0
23218,0,0,0,4,0,29,0,0,0,0,0,0
23219,0,8,0,0,0,0,0,0,0,0,0,0
23220,0,0,0,0,0,1,0,0,0,6,207,2
23221,0,0,0,30,6,31,0,0,0,0,0,0
23222,0,0,0,0,0,0,13,0,97,0,0,1
23223,5,103,7,0,0,0,0,0,0,0,0,0
23224,0,0,0,0,0,0,22,94,3,0,0,0
23225,0,0,0,1,0,2,0,0,0,0,0,0
23226,0,0,0,0,0,0,0,0,0,0,1,0
23227,0,0,0,2,46,54,0,0,0,0,0,0
23228,4,10,0,0,0,0,0,0,0,0,0,0
23229,2,15,0,0,0,0,0,0,0,0,0,0
23230,0,0,0,0,0,3,0,0,0,98,674,1
23231,0,0,0,0,0,0,0,0,0,0,0,0
23232,0,3,0,0,0,0,0,0,0,0,0,0
23233,0,16,0,0,0,0,0,0,0,0,0,0
23234,1,29,1,0,0,0,0,0,0,0,0,0
23235,8,65,2,0,0,0,0,0,0,0,0,0
23236,0,0,0,0,3,0,46,1119,2,0,0,0
23237,0,0,0,0,0,1,0,0,0,0,0,0
23238,0,0,0,0,0,0,0,0,0,0,0,0
23239,0,0,0,0,0,43,0,0,0,0,0,0
23240,0,0,0,0,0,0,0,0,0,1,78,0
23241,0,0,0,18,0,1,0,0,0,0,0,0
23242,0,0,0,0,0,0,49,21,0,0,0,0
23243,0,0,0,0,0,0,0,0,0,16,121,0
23244,0,0,0,0,0,0,0,0,0,16,17,1
23245,0,0,0,2,10,78,0,0,0,0,0,0
23246,0,0,0,0,1,0,0,0,0,0,0,0
23247,0,0,0,0,0,1,0,0,0,0,0,0
23248,0,0,0,0,0,43,0,0,0,0,2748,0
23249,0,0,0,0,0,0,0,0,0,0,2,0
23250,0,0,0,0,0,0,0,0,0,0,0,0
23251,0,19,0,0,0,0,0,0,0,0,0,0
23252,0,0,0,0,0,0,0,0,0,0,4,7
23253,7,0,1,0,0,0,0,0,0,0,0,0
23254,7,26,0,0,0,0,0,0,0,0,0,0
23255,0,0,0,4,4,260,0,0,0,0,0,0
23256,0,0,0,0,0,6,0,0,0,0,0,0
23257,0,0,0,38,0,31,0,0,0,0,0,0
23258,0,0,0,0,0,0,27,1,0,0,0,0
23259,0,0,0,0,0,0,0,0,0,0,0,0
23260,0,0,0,0,0,0,0,0,0,3,33,0
23261,1,1,5,0,0,0,0,0,0,0,0,0
23262,0,0,0,0,0,0,19,17,0,0,0,0
23263,3,40,3,0,0,0,0,0,0,0,0,0
23264,0,0,0,0,0,0,25,1,1,0,0,0
23265,0,15,0,0,0,0,0,0,0,0,0,0
23266,0,0,0,0,0,0,0,0,0,0,182,0
23267,132,43,5,0,0,0,0,0,0,0,0,0
23268,0,0,0,1,15,13,0,0,0,0,0,0
23269,0,0,0,5,1,22,0,0,0,0,0,0
23270,0,0,0,0,0,0,12,128,2,0,0,0
23271,5,12,1017,0,0,0,0,0,0,314260,280,0
23272,0,0,0,8,4,41,0,0,0,0,0,0
23273,0,0,0,0,0,0,1,9,0,0,0,0
23274,0,6,0,0,0,0,0,0,0,0,0,0
23275,0,0,0,0,0,0,0,0,0,7,132,7
23276,0,21,0,0,0,0,0,0,0,0,0,0
23277,0,0,0,0,0,11,0,0,0,16,2042,31
23278,0,0,0,3,2,107,0,0,0,0,1,0
23279,0,4,2,0,0,0,0,0,0,0,0,0
23280,0,0,0,0,0,1,0,0,0,1,372,0
23281,0,0,0,13,0,23,0,0,0,0,0,0
23282,0,0,0,0,0,0,12,496,13,0,0,0
23283,3,2,0,0,0,0,0,0,0,0,0,0
23284,0,0,0,1,0,562,0,0,0,0,1,0
23285,0,0,0,0,0,0,3,357,0,0,0,0
23286,0,0,0,0,0,0,0,0,0,0,5,3
23287,0,0,0,43,9,1557,0,0,0,0,14,0
23288,0,0,0,0,0,0,11,3,1,0,0,0
23289,0,0,0,0,0,5,0,0,0,0,0,0
23290,0,0,0,0,0,0,0,0,0,3,48,0
23291,0,0,0,0,0,0,0,0,0,0,14,0
23292,0,0,0,0,0,0,0,2,0,0,0,0
23293,0,0,0,2,1,89,0,0,0,0,0,0
23294,0,0,0,0,0,0,0,1,0,0,0,0
23295,0,0,0,0,0,0,0,0,0,0,0,0
23296,0,0,0,0,0,480,0,0,0,0,2,0
23297,0,0,0,0,0,0,0,0,0,1,24,0
23298,0,0,0,0,0,0,0,0,0,0,4,2
23299,6,65,2,0,0,0,0,0,0,0,0,0
23300,0,0,0,0,0,0,0,0,0,12,2,4
23301,13,15,0,0,0,0,0,0,0,0,0,0
23302,0,0,0,0,0,0,41,36,1,0,0,0
23303,11,0,0,0,0,0,0,0,0,0,0,0
23304,0,0,0,0,0,0,0,0,0,0,2,0
23305,1,13,6,0,0,0,0,0,0,0,0,0
23306,0,0,0,0,0,0,0,0,0,0,34,0
23307,0,0,0,0,4,0,0,0,0,0,0,0
23308,0,0,0,6,0,35,0,0,0,0,0,0
23309,0,0,0,0,0,0,16,1,199,0,0,1
23310,2,2,65,0,0,0,0,0,0,0,0,0
23311,0,0,0,0,9,0,62,1975,1367,0,1,6
23312,0,69,3,0,0,0,0,0,0,0,0,0
23313,0,0,0,0,0,2,0,0,0,0,0,0
23314,0,0,0,9,0,31,0,0,0,0,0,0
23315,0,0,0,0,0,0,0,0,0,8,136,0
23316,0,0,0,0,0,1,0,0,0,0,0,0
23317,0,0,0,5,2,42,0,0,0,0,0,0
23318,0,0,0,0,0,0,8,1,3,0,0,0
23319,0,1,1,0,0,0,0,0,0,0,0,0
23320,0,0,0,0,0,0,0,0,0,8,188,1
23321,0,11,4,0,0,0,0,0,0,0,0,0
23322,0,0,0,0,0,0,0,0,0,0,0,0
23323,2,0,0,9,0,1931,0,0,0,0,9,0
23324,96,72,0,0,0,0,0,0,0,0,0,0
23325,0,0,0,0,0,0,0,0,0,3,60,3
23326,4,4,0,0,0,0,0,0,0,0,0,0
23327,0,0,0,0,0,0,0,0,0,0,22,0
23328,0,0,0,0,0,0,0,0,0,2,3,1
23329,6,268,5,0,0,0,6,0,0,0,0,0
23330,0,0,0,0,0,1,0,0,0,0,0,0
23331,0,0,0,0,0,0,0,4,0,0,0,0
23332,0,0,0,0,0,138,0,0,0,0,1,0
23333,0,0,0,0,19,11,0,3,0,0,2,0
23334,0,0,0,0,0,0,0,0,0,1,50,0
23335,0,0,0,5,8,46,0,0,0,0,0,0
23336,0,0,0,1,1,5,0,0,0,0,0,0
23337,0,0,0,0,1,8,0,0,0,0,0,0
23338,0,0,0,0,0,30,0,0,0,0,0,0
23339,0,0,0,0,0,0,2,5,0,0,0,0
23340,0,0,0,0,0,0,0,7,0,0,0,0
23341,0,0,0,2,0,81,0,0,0,0,2,0
23342,0,0,0,0,0,0,28,2,0,0,0,0
23343,0,0,0,0,0,0,4,6,0,0,0,0
23344,0,0,0,2,0,13,0,0,0,0,0,0
23345,0,0,0,0,0,0,70,0,0,0,0,0
23346,0,0,0,0,0,0,0,0,0,0,0,0
23347,0,0,0,0,0,0,0,0,0,6,89,2
23348,11,1,2,0,0,0,0,0,0,0,0,0
23349,0,0,0,0,0,0,5,15,0,0,0,0
23350,0,0,0,0,0,21,0,0,0,0,0,0
23351,0,0,0,0,0,0,6,2,0,0,0,0
23352,0,0,0,0,0,1,0,0,0,0,0,0
23353,0,0,0,20,0,19,0,0,0,0,0,0
23354,0,50,0,0,0,0,0,0,0,0,0,0
23355,0,0,0,0,0,0,0,0,0,0,0,0
23356,12,1,0,0,0,0,0,0,0,0,0,0
23357,0,0,0,0,0,0,0,0,0,0,0,0
23358,0,0,0,0,0,0,0,0,0,0,4,0
23359,1,12,0,0,0,0,0,0,0,0,0,0
23360,0,0,0,0,0,0,0,0,0,1,3,0
23361,0,0,0,0,0,0,0,0,0,0,1,0
23362,1045,51,7,3,0,0,0,0,0,0,0,0
23363,0,0,0,0,0,0,0,0,0,0,0,0
23364,0,0,0,0,0,0,0,2,0,0,0,0
23365,20,45,7,0,0,0,0,0,0,0,0,0
23366,0,1,0,0,0,0,0,0,0,0,0,0
23367,0,0,0,0,0,0,0,0,0,0,1,0
23368,80,9,0,0,0,0,0,0,0,0,0,0
23369,2,7,8,0,0,0,0,0,0,0,0,0
23370,3,5,5,0,0,0,0,0,0,0,0,0
23371,0,0,0,14,2,761,0,0,0,0,3,0
23372,6,86,0,0,0,0,1,0,0,0,0,0
23373,0,0,0,0,0,0,0,0,0,32,77,0
23374,0,0,0,2,14,15,0,0,0,0,0,0
23375,0,0,0,0,3,2,0,0,0,0,0,0
23376,0,0,0,0,0,0,0,0,0,3,4,2
23377,0,0,0,3,0,72,0,0,0,0,0,0
23378,1,23,0,0,0,0,0,0,0,0,0,0
23379,0,16,0,0,0,0,0,0,0,0,0,0
23380,0,0,0,0,0,1,0,0,0,10,699,0
23381,0,0,0,0,0,0,0,0,0,32,1,0
23382,9,22,0,0,0,0,0,0,0,0,0,0
23383,0,0,0,0,0,0,62,87,3,0,0,0
23384,0,0,0,0,0,0,53,17,0,0,0,0
23385,0,0,0,0,0,1,0,0,0,0,0,0
23386,0,0,0,18,3,21,0,0,0,0,0,0
23387,0,0,0,0,0,0,0,5,0,0,0,0
23388,0,0,0,0,0,0,0,0,0,0,2,0
23389,0,0,0,9,2,37,0,0,0,0,1,0
23390,0,0,0,0,0,0,8,1,0,0,0,0
23391,0,0,0,0,0,2,0,0,0,0,0,0
23392,0,0,0,0,3,16,0,0,0,0,0,0
23393,0,0,0,0,0,0,0,0,0,1,10,0
23394,0,0,0,0,0,2,0,0,0,0,0,0
23395,0,0,0,6,5,13,0,0,0,0,0,0
23396,0,0,0,0,0,0,0,0,0,0,0,0
23397,29,0,0,0,0,0,0,0,0,0,0,0
23398,0,0,0,0,0,96,0,0,0,0,0,0
23399,0,0,0,0,0,0,0,0,0,5,8,9
23400,4,5,0,0,0,0,0,0,0,0,0,0
23401,0,0,0,0,1,0,3066,1526,23,0,0,0
23402,0,0,0,0,0,0,151,2,0,0,0,0
23403,0,754291,2,0,0,0,1049,3,7,0,0,0
23404,0,0,0,0,0,9,0,0,0,0,0,0
23405,0,0,0,0,0,0,77,123,10,0,0,0
23406,0,0,0,0,0,17,0,0,0,0,0,0
23407,0,0,0,5,2,45,0,0,0,0,0,0
23408,0,3,1,0,0,0,0,0,0,0,0,0
23409,0,292,1,0,0,0,1,0,0,0,0,0
23410,0,0,0,0,0,0,0,0,0,42,151,2
23411,0,0,0,0,0,3,0,0,0,0,0,0
23412,0,0,0,0,0,0,1,1,1,0,0,0
23413,0,0,0,0,0,1,0,0,0,1,144,0
23414,23,33,1,0,0,0,0,0,0,0,0,0
23415,0,0,0,0,0,0,0,0,0,3,313,8
23416,769,86,2,2,0,0,0,0,0,0,0,0
23417,0,0,0,0,0,0,23,1,93,0,0,0
23418,6,3,5,0,0,0,0,0,0,0,0,0
23419,6,108,9,0,0,0,0,0,0,0,0,0
23420,0,0,0,0,0,0,10,9,7,0,0,0
23421,0,0,0,0,0,0,0,0,0,0,0,0
23422,0,0,0,0,0,6,0,0,0,28,686,1
23423,0,0,0,0,0,0,0,0,0,3,149,3
23424,0,0,0,0,0,0,0,0,0,9,26,2
23425,0,0,0,4,7,28,0,0,0,0,0,0
23426,0,0,0,0,5,0,243,2107,59,0,0,0
23427,0,0,0,0,3,84,0,0,0,0,0,0
23428,0,0,0,7,4,25,0,0,0,0,0,0
23429,0,0,0,0,4,0,8,341,0,0,0,0
23430,0,0,0,0,0,0,0,0,0,0,199,0
23431,0,0,0,1,2,82,0,0,0,0,0,0
23432,2,6,1,0,0,0,0,0,0,0,0,0
23433,0,0,0,0,0,3,0,0,0,0,0,0
23434,0,0,0,3,6,28,0,0,0,0,0,0
23435,0,0,0,0,0,0,0,0,0,1,84,1
23436,4,41,0,0,0,0,0,0,0,0,0,0
23437,0,0,0,5,1,29,0,0,0,0,0,0
23438,0,0,0,0,1,0,54,360,0,0,0,0
23439,0,0,0,0,0,0,0,0,0,0,106,0
23440,41,19,0,0,0,0,0,0,0,0,0,0
23441,0,0,0,0,0,0,59,38,85,0,0,0
23442,0,203,8,0,0,0,0,0,0,0,0,0
23443,0,0,0,1,14,366,0,0,0,0,0,0
23444,0,0,0,0,0,0,0,0,0,45,5,16
23445,7,15,1,0,0,0,0,0,0,0,0,0
23446,0,8,1,0,0,0,0,0,0,0,0,0
23447,0,0,0,0,0,0,0,0,0,1,10,5
23448,0,0,0,0,0,0,0,0,0,0,0,0
23449,0,0,0,4,4,68,0,0,0,0,0,0
23450,1,6,1,0,0,0,0,0,0,0,0,0
23451,0,0,0,0,0,0,0,0,0,9,12,0
23452,0,0,0,2,11,25,0,0,0,0,0,0
23453,0,0,0,0,0,1,0,0,0,6,370,0
23454,0,0,1,0,0,0,0,0,0,21,40,1
23455,0,0,0,45,0,78,0,0,0,0,0,0
23456,1,3,1,0,0,0,1,0,0,0,0,0
23457,0,0,1,0,0,0,0,0,0,99,45,1
23458,0,0,0,4,7,7,0,0,0,0,0,0
23459,0,0,0,0,0,2,0,0,0,0,0,0
23460,0,0,0,0,0,0,0,1,0,0,0,0
23461,0,0,0,0,0,0,0,0,0,0,0,0
23462,0,0,0,0,0,0,0,0,0,0,1,0
23463,0,0,0,0,0,0,16,12,0,0,0,0
23464,0,0,0,0,1,12,0,0,0,0,0,0
23465,0,0,0,0,0,0,81,10,0,0,0,0
23466,0,0,0,0,0,6,0,0,0,0,0,0
23467,0,0,0,0,0,4,0,0,0,0,0,0
23468,0,0,0,0,0,1,0,0,0,0,0,0
23469,0,1,0,0,0,0,0,0,0,0,0,0
23470,0,0,0,0,0,63,0,0,0,0,0,0
23471,0,0,0,6,9,1,0,0,0,0,0,0
23472,0,0,0,0,0,0,0,0,0,2,20,0
23473,0,0,0,6,0,19,0,0,0,0,0,0
23474,9,21,0,0,0,0,0,0,0,0,0,0
23475,0,0,0,0,0,0,0,0,0,3,78,3
23476,76,38,37,0,0,0,0,0,0,0,0,0
23477,0,1,0,0,0,0,118,8,2,0,0,0
23478,0,0,0,0,0,0,7,43,7,0,0,0
23479,0,0,0,1,0,104,0,0,0,0,0,0
23480,0,0,0,0,7,17,0,0,0,0,0,0
23481,0,0,0,0,0,2,0,0,0,22,1424,4
23482,0,0,0,3,0,41,0,0,0,0,0,0
23483,3,2,0,0,0,0,0,0,0,0,0,0
23484,3,31,6,0,0,0,0,0,0,0,0,0
23485,0,0,0,17,3,107,0,0,0,0,0,0
23486,0,0,0,0,0,0,21,52,3,0,0,0
23487,0,0,0,1,62,6,0,0,0,0,0,0
23488,0,0,0,3,4,46,0,0,0,0,0,0
23489,0,0,0,2,0,79,0,0,0,0,0,0
23490,0,0,0,0,1,0,0,0,0,0,0,0
23491,0,0,0,3,15,55,0,0,0,0,0,0
23492,0,0,0,0,0,0,0,0,0,0,3,0
23493,7,0,0,0,0,0,0,0,0,0,0,0
23494,0,9,0,0,0,0,0,0,0,0,0,0
23495,0,1,1,0,0,0,0,0,0,0,0,0
23496,0,0,0,0,0,0,0,0,0,0,2,0
23497,0,81,0,0,0,0,0,0,0,0,0,0
23498,0,0,0,0,0,0,0,0,0,5,3,0
23499,0,0,0,0,0,0,37,31,7,0,0,0
23500,0,0,0,0,2,5,0,0,0,0,0,0
23501,0,0,0,0,0,0,5,429,5,0,0,0
23502,0,0,0,0,0,2,0,0,0,1,82,1
23503,39,27,1,0,0,0,0,0,0,0,0,0
23504,0,0,0,0,0,0,0,1,1,0,0,0
23505,0,0,0,0,0,0,0,0,2,0,0,0
23506,0,0,0,0,0,192,0,0,0,4,1366,3
23507,0,0,0,0,3,0,0,0,0,0,0,0
23508,0,0,0,0,0,0,0,0,0,0,0,0
23509,0,0,0,0,0,45,0,0,0,0,0,0
23510,0,0,0,3,0,48,0,0,0,0,0,0
23511,0,0,0,0,1,0,0,0,0,0,0,0
23512,0,26,0,0,0,0,1,0,0,0,0,0
23513,0,25,0,0,0,0,0,0,0,0,0,0
23514,0,0,0,0,0,3,0,0,0,0,0,0
23515,0,0,1,0,0,0,0,0,0,0,0,0
23516,0,0,0,0,0,0,2,2,1,0,0,0
23517,0,0,0,0,0,0,1,1,93,0,0,0
23518,0,0,0,0,0,0,142,107,0,0,0,0
23519,0,0,0,0,0,0,3,28,0,0,0,0
23520,0,0,0,0,0,14,0,0,0,0,1428,0
23521,0,0,0,1,2,40,0,0,0,0,0,0
23522,0,0,0,0,0,0,155,0,329,0,0,9
23523,51,5,40,0,0,0,0,0,0,0,0,0
23524,4,60,21,0,0,0,2,0,0,0,0,0
23525,0,0,0,0,0,202,0,0,0,2,23640,0
23526,6,14,1,0,0,0,0,0,0,0,0,0
23527,0,0,0,0,0,82,0,0,0,0,0,0
23528,0,0,0,0,0,0,13,1,1,0,0,0
23529,0,0,0,0,0,3,0,0,0,0,0,0
23530,0,0,0,0,0,0,0,0,0,1,624,0
23531,9,16,1,0,0,0,0,0,0,0,0,0
23532,1,12,2,0,0,0,0,0,0,0,0,0
23533,0,0,0,0,0,13,0,0,0,2,2591,22
23534,18,24,4,0,0,0,0,0,0,0,0,0
23535,0,19,9,0,0,0,0,0,0,0,0,0
23536,0,0,0,0,0,0,0,0,0,49,276,4
23537,0,0,0,4,3,5,0,0,0,0,0,0
23538,0,0,0,0,0,0,0,0,0,0,67,0
23539,77,108,33,0,0,0,0,0,0,0,0,0
23540,0,0,0,0,0,26,0,0,0,0,0,0
23541,249,0,0,0,0,0,0,0,0,0,0,0
23542,0,0,0,0,0,125,0,0,0,0,0,0
23543,0,0,0,0,0,0,5,0,2,0,0,0
23544,7,6,9,0,0,0,0,0,0,0,0,0
23545,0,0,0,0,0,0,27,233,1,0,0,0
23546,0,0,0,1,1,0,0,0,0,0,0,0
23547,0,0,0,0,0,0,0,1,0,0,0,0
23548,0,0,0,0,0,52,0,0,0,0,0,0
23549,0,0,0,0,0,0,1,0,0,0,0,0
23550,0,1,0,0,0,0,0,0,0,0,0,0
23551,0,0,0,0,0,1,0,0,0,0,378,0
23552,2,3,0,0,0,0,0,0,0,0,0,0
23553,0,0,0,1,0,0,0,0,0,0,0,0
23554,1,2,0,0,0,0,0,0,0,0,0,0
23555,0,0,0,0,0,0,0,0,0,0,6,0
23556,0,0,0,0,0,0,0,0,0,1,1,0
23557,0,0,0,0,0,3,0,0,0,10,1298,5
23558,0,20,0,0,0,0,0,0,0,0,0,0
23559,0,0,0,0,0,1,0,0,0,0,0,0
23560,0,0,0,22,0,181,0,0,0,0,0,0
23561,0,0,0,0,0,0,1,4,0,0,0,0
23562,0,0,0,0,0,0,0,1,0,0,0,0
23563,0,0,0,8,1,30,0,0,0,0,0,0
23564,0,0,0,0,0,0,2,36,0,0,0,0
23565,0,0,0,0,0,0,0,0,0,0,10,0
23566,198,19,2,0,0,0,0,0,0,0,0,0
23567,0,0,0,0,0,0,0,1,0,0,0,0
23568,0,0,0,0,0,0,0,3,4,0,0,0
23569,0,0,0,0,17,105,0,0,0,0,0,0
23570,11,177,0,0,0,0,0,0,0,0,0,0
23571,0,0,0,1,0,3,0,0,0,0,0,0
23572,16,29,1,0,0,0,0,0,0,0,0,0
23573,0,0,0,0,0,0,0,0,0,0,0,0
23574,0,0,0,0,0,0,2,1,0,0,0,0
23575,0,0,0,0,0,1,0,0,0,0,363,0
23576,0,0,0,0,0,0,10,23,0,0,0,0
23577,0,0,0,0,0,0,0,0,0,2,252,0
23578,0,0,0,6,2,28,0,0,0,0,0,0
23579,0,6,4,0,0,0,0,0,0,0,0,0
23580,0,0,0,0,0,0,0,20,469,0,0,6
23581,0,0,0,0,2,42,0,0,0,0,0,0
23582,0,0,0,0,0,3,0,0,0,0,0,0
23583,149,1,1,1,0,0,0,0,0,0,0,0
23584,0,0,0,3,0,116,0,0,0,0,0,0
23585,0,0,0,0,0,0,0,0,0,72,3,1
23586,17,990,6,0,0,0,14,0,0,0,0,0
23587,0,2,0,0,129,0,392,1953,1752,0,0,8
23588,16,25,9,0,0,0,0,0,0,0,0,0
23589,0,0,0,0,0,0,0,0,0,4,322,1
23590,0,0,0,30,12,92,0,0,0,0,0,0
23591,0,0,0,0,0,0,0,0,0,16,16,6
23592,22,215,2237,0,0,0,0,0,0,11,0,0
23593,0,0,0,0,89,2,65,9741,4032,0,8,33
23594,5,10,11,0,0,0,0,0,0,0,0,0
23595,0,0,0,0,0,1,0,0,0,14,666,3
23596,0,0,0,2,2,40,0,0,0,0,0,0
23597,41,5,2,0,0,0,0,0,0,0,0,0
23598,7,35,39,0,0,0,0,0,0,0,0,0
23599,12,0,0,506,7359,44,1,19,0,0,0,0
23600,0,0,0,5,8,34,0,0,0,0,0,0
23601,0,0,0,0,0,3,0,0,0,13,349,0
23602,0,0,0,12,10,27,0,0,0,0,0,0
23603,0,0,0,0,0,0,0,0,0,1,101,0
23604,5,699,1478,0,0,0,47,15,112,345156,416,75458
23605,0,0,0,16,17,71,0,0,0,0,0,0
23606,0,0,0,0,0,0,0,0,0,15,49,0
23607,0,0,0,0,0,0,13,20,2,0,0,0
23608,0,0,0,0,6,0,71,1114,112,0,0,0
23609,0,0,7,0,0,0,0,0,0,183,110,0
23610,0,0,0,0,0,0,57,74,11,0,0,0
23611,0,98,0,0,5,0,293,1410,25,0,0,0
23612,0,0,0,0,0,0,87,92,2,0,0,0
23613,0,0,0,0,0,2,0,0,0,3,664,0
23614,5,17,6,0,0,0,0,0,0,0,0,0
23615,0,0,0,0,0,0,0,0,0,1,1,0
23616,0,0,0,0,0,0,3,1,0,0,0,0
23617,0,0,0,1,1,6,0,0,0,0,0,0
23618,0,4,0,0,0,0,0,0,0,0,0,0
23619,0,0,0,0,0,0,5,0,0,0,0,0
23620,0,0,0,1,2,22,0,0,0,0,0,0
23621,0,2,0,0,0,0,139,193,1,0,0,0
23622,0,0,0,0,1,1,0,0,0,0,0,0
23623,8,25,0,0,0,0,0,0,0,0,0,0
23624,0,0,0,0,3,0,183,154,3,0,0,0
23625,0,0,0,0,0,110,0,0,0,6,4420,0
23626,0,0,0,1,0,9,0,0,0,0,0,0
23627,0,9,8,0,0,0,0,0,0,0,0,0
23628,0,0,0,0,0,0,15,371,2,0,0,0
23629,0,0,0,3,25,29,0,0,0,0,0,0
23630,0,0,0,0,0,0,0,0,0,12,1,0
23631,16,128,1,0,0,0,3,0,0,0,0,0
23632,7,10,47,0,0,0,0,0,0,0,0,0
23633,0,0,0,5,31,101,0,0,0,0,2,0
23634,0,0,0,0,0,0,0,0,0,11,224,1
23635,0,0,0,0,0,5,0,0,0,15,1629,28
23636,7,6,1,0,0,0,0,0,0,0,0,0
23637,0,0,0,0,1,0,0,0,0,0,0,0
23638,0,0,0,0,0,592,0,0,0,33,2725,2
23639,4,14,0,0,0,0,0,0,0,0,0,0
23640,0,0,0,0,1,0,0,0,0,0,0,0
23641,0,0,0,27,0,14,0,0,0,0,0,0
23642,0,0,0,0,0,0,13,32,1,0,0,0
23643,0,0,0,0,0,1,0,0,0,0,223,1
23644,0,0,0,0,0,0,0,0,0,12,851,1
23645,0,0,0,0,0,0,0,0,0,0,0,0
23646,0,0,0,0,0,0,0,0,0,0,0,0
23647,0,0,0,0,0,0,0,0,0,1,221,0
23648,2,3,1,0,0,0,0,0,0,0,0,0
23649,0,0,0,0,0,0,0,0,0,0,4,1
23650,0,0,0,0,0,15,0,0,0,0,0,0
23651,9,0,0,0,0,0,0,0,0,0,0,0
23652,0,0,0,0,0,3,0,0,0,0,0,0
23653,0,0,0,0,0,0,1,31,0,0,0,0
23654,0,0,0,0,9,2,0,0,0,0,0,0
23655,0,0,0,0,0,6,0,0,0,0,302,0
23656,1,30,1,0,0,0,0,0,0,0,0,0
23657,0,0,0,0,0,0,0,0,0,57,7,1
23658,0,0,0,2,0,2,0,0,0,0,0,0
23659,0,0,0,21,15,120,0,0,0,0,0,0
23660,0,0,0,0,0,0,0,1,1,0,0,0
23661,0,0,0,0,0,0,0,1,2,0,0,0
23662,0,0,0,1,1,18,0,0,0,0,0,0
23663,0,0,0,0,0,0,70,202,0,0,0,0
23664,0,0,0,0,0,6770,0,0,0,3,29882,2
23665,14,11,3,0,0,0,0,0,0,0,0,0
23666,0,0,0,0,0,0,47,1,71,0,0,1
23667,11,2,1,0,0,0,0,0,0,0,0,0
23668,34,71,5,0,0,0,0,0,0,0,0,0
23669,3,41,1,0,0,0,0,0,0,0,0,0
23670,3,47,48,0,0,0,0,0,0,0,0,0
23671,0,0,0,0,2,75,0,0,0,0,1,0
23672,0,0,0,5,8,37,0,0,0,0,0,0
23673,0,0,0,0,0,0,0,0,0,0,1042,0
23674,40,36,3,0,0,0,0,0,0,0,0,0
23675,0,0,0,0,0,0,18,66,49,0,0,0
23676,0,0,0,1,0,3,0,0,0,0,0,0
23677,0,0,0,9,1,32,0,0,0,0,0,0
23678,0,0,0,0,0,0,0,64,14,0,0,0
23679,0,0,0,0,0,1,0,0,0,0,663,1
23680,0,0,0,8,13,30,0,0,0,0,0,0
23681,0,0,0,0,0,1,0,0,0,0,0,0
23682,0,0,1,0,0,0,0,0,0,0,0,0
23683,0,0,0,0,0,5,0,0,0,0,1839,0
23684,0,0,0,7,4,1,0,0,0,0,0,0
23685,3,0,0,0,0,0,0,0,0,5,67,2
23686,0,0,0,1,0,14,0,0,0,0,0,0
23687,5,3,1,0,0,0,0,0,0,0,0,0
23688,3,13,11,0,0,0,0,0,0,0,0,0
23689,0,0,0,0,13,299,0,0,0,0,1,0
23690,3,208,7,0,0,0,0,0,0,0,0,0
23691,22,21,3,0,0,0,0,0,0,0,0,0
23692,0,0,0,0,0,0,0,0,0,7,61,0
23693,0,0,0,1,7,1,0,0,0,0,0,0
23694,0,0,0,0,0,0,0,0,0,0,21,1
23695,0,0,0,45,0,43,0,0,0,0,2,0
23696,1,104,1,0,0,0,0,0,0,0,0,0
23697,0,0,0,0,0,3,0,0,0,0,0,0
23698,0,0,0,56,1,8,0,0,0,0,0,0
23699,0,0,0,0,1,0,2,20,0,0,0,0
23700,0,0,0,0,0,0,0,0,0,2,8,0
23701,0,0,0,0,0,0,0,0,0,3,63,1
23702,10,56,3,0,0,0,0,0,0,0,0,0
23703,0,0,0,0,0,0,0,0,0,0,0,0
23704,1,2,0,0,0,0,0,0,0,0,0,0
23705,0,0,0,0,0,0,0,0,0,0,9,0
23706,0,0,0,0,0,0,0,0,0,1,0,0
23707,0,0,5,0,0,1,0,0,0,44,1013,2
23708,8,77,0,0,0,0,0,0,0,0,0,0
23709,0,0,0,0,0,1251,0,0,0,2,317491,0
23710,6,18,4,0,0,0,0,0,0,0,0,0
23711,2,3,4,0,0,0,0,0,0,0,0,0
23712,1,51,7,0,0,0,0,0,0,0,0,0
23713,0,0,0,7,2,80,0,0,0,0,1,0
23714,0,0,0,1,0,0,0,0,0,0,0,0
23715,0,0,0,0,0,0,0,0,0,0,0,0
23716,0,0,0,0,0,131,0,0,0,0,2,0
23717,1,0,0,0,0,0,0,0,0,0,0,0
23718,0,0,0,0,0,6,0,0,0,7,337,4
23719,0,0,0,1,0,6,0,0,0,0,0,0
23720,0,50,0,0,0,0,0,0,0,0,0,0
23721,0,0,0,0,0,0,0,0,0,0,0,0
23722,0,0,0,2,0,7,0,0,0,0,0,0
23723,0,7,0,0,0,0,0,0,0,0,0,0
23724,0,0,0,0,0,0,0,3,0,0,0,0
23725,0,0,0,47,0,24,0,0,0,0,0,0
23726,0,0,0,0,0,0,71,1,1,0,0,0
23727,0,0,0,1,0,6,0,0,0,0,0,0
23728,0,0,0,13,0,59,0,0,0,0,0,0
23729,0,2,0,0,0,0,0,0,0,0,0,0
23730,0,0,0,0,0,0,0,0,0,5,451,0
23731,0,0,0,0,0,1172,0,0,0,11,7498,0
23732,9,31,0,0,0,0,0,0,0,0,0,0
23733,0,0,0,0,0,1,0,0,0,2,27,1
23734,13,564,1,0,0,0,0,0,0,0,0,0
23735,0,0,0,0,0,0,2,0,3,0,0,0
23736,1,1,0,0,0,0,0,0,0,0,0,0
23737,3,17,2,0,0,0,0,0,0,0,0,0
23738,1,49,0,0,0,0,0,0,0,0,0,0
23739,0,0,0,0,0,21,0,0,0,0,0,0
23740,0,0,0,0,1,47,0,0,0,0,0,0
23741,0,0,0,0,0,0,0,0,0,6,54,0
23742,0,0,0,5,0,1,0,0,0,0,0,0
23743,4,5,1,0,0,0,0,0,0,0,0,0
23744,0,0,0,0,0,0,0,0,0,6,15,0
23745,0,0,0,0,0,0,0,0,0,1,35,0
23746,39,59,5,0,0,0,1,0,0,0,0,0
23747,0,0,0,0,0,0,7,4,0,0,0,0
23748,0,0,0,0,0,2,0,0,0,0,0,0
23749,0,149,0,0,0,0,271,43,0,0,0,0
23750,0,0,0,0,6,5,0,0,0,0,0,0
23751,0,0,0,0,0,0,0,0,0,0,4,0
23752,0,0,0,15,1,15,0,0,0,0,0,0
23753,5,0,2,0,0,0,0,0,0,0,0,0
23754,0,0,0,0,0,8,0,0,0,0,0,0
23755,0,0,0,0,0,0,15,388,49,0,0,0
23756,697,10848,1,4,0,0,119,13,0,0,0,0
23757,0,0,0,0,0,0,0,0,0,0,436,0
23758,0,0,0,0,0,3,0,0,0,11,2415,6
23759,0,0,0,0,0,0,0,0,0,0,0,0
23760,0,4,0,0,0,0,0,0,0,0,0,0
23761,0,0,0,0,0,0,49,0,0,0,0,0
23762,1,3,0,0,0,0,0,0,0,0,0,0
23763,0,0,0,0,0,0,0,0,0,0,6,0
23764,116,22,2,1,0,0,0,0,0,0,0,0
23765,0,0,0,1,1322,0,0,27,0,0,0,0
23766,0,0,0,0,0,2,0,0,0,0,93,0
23767,21,19,4,0,0,0,0,0,0,0,0,0
23768,0,0,0,0,0,0,81,3,0,0,0,0
23769,0,0,0,0,0,0,0,0,0,0,0,0
23770,1,30,0,0,0,0,0,0,0,0,0,0
23771,0,0,0,0,0,0,0,17,0,0,0,0
23772,4,1,0,0,0,0,0,0,0,0,0,0
23773,0,0,0,0,5,19,0,0,0,0,0,0
23774,0,0,0,0,0,0,0,0,0,0,0,0
23775,0,0,0,0,0,0,0,2,0,0,0,0
23776,0,0,0,0,0,23,0,0,0,0,0,0
23777,1,31,0,0,0,0,0,0,0,0,0,0
23778,0,0,0,0,0,0,0,0,0,0,63,0
23779,153,30,5,0,0,0,0,0,0,0,0,0
23780,14,661,7,0,0,0,1,0,0,0,0,0
23781,0,0,0,6,0,12,0,0,0,0,0,0
23782,0,0,0,0,2,0,17,115,7,0,0,0
23783,0,0,0,0,0,0,0,0,0,0,0,0
23784,2,0,0,0,0,0,0,0,0,0,0,0
23785,0,0,0,0,0,1,0,0,0,1,61,0
23786,2,3,0,0,0,0,0,0,0,0,0,0
23787,0,0,0,0,0,1,0,0,0,0,0,0
23788,0,0,0,0,0,48,0,0,0,0,0,0
23789,0,2,0,13,8,2,2,0,0,0,0,0
23790,0,0,0,0,0,0,0,2,1,0,0,0
23791,0,0,0,0,0,60,0,0,0,0,0,0
23792,0,0,0,0,0,0,42,0,0,0,0,0
23793,0,0,0,0,0,0,7,1,0,0,0,0
23794,0,0,0,25,0,7,0,0,0,0,0,0
23795,0,0,0,0,0,0,0,1,2,0,0,0
23796,4,80,7,0,0,0,0,0,0,0,0,0
23797,0,0,0,4,10,97,0,0,0,0,1,0
23798,0,0,0,2,0,1,0,0,0,0,0,0
23799,0,0,0,0,0,0,0,0,0,0,0,0
23800,19,30,1,0,0,0,0,0,1,0,0,0
23801,0,23,0,0,0,0,0,0,0,0,0,0
23802,0,0,15,0,0,1,0,0,0,210,535,10
23803,4,0,0,138,5,4,0,0,0,0,0,0
23804,0,0,0,0,0,0,0,3,66,0,0,0
23805,3,0,1,0,0,0,0,0,0,0,0,0
23806,0,42,0,0,0,0,0,0,0,0,0,0
23807,0,0,0,0,0,0,0,0,0,0,0,0
23808,0,0,0,0,0,0,1,1,0,0,0,0
23809,0,0,0,0,0,0,0,0,0,0,64,0
23810,0,7,6,0,0,0,0,0,0,0,0,0
23811,0,0,0,0,0,0,25,12,1,0,0,0
23812,0,0,0,0,0,0,0,0,0,2,37,0
23813,11,32,0,0,0,0,0,0,0,0,0,0
23814,4,13,7,0,0,0,0,0,0,0,0,0
23815,0,0,0,0,37,191,0,0,0,0,0,0
23816,0,0,0,0,0,0,0,0,0,10,93,8
23817,0,0,0,0,0,4,0,0,0,0,0,0
23818,0,0,0,16,3,119,0,0,0,0,1,0
23819,0,0,0,0,2,5,0,0,0,0,0,0
23820,0,0,0,0,0,0,0,0,0,0,0,0
23821,0,0,0,0,0,0,58,1,0,0,0,0
23822,0,0,0,0,0,12,0,0,0,0,0,0
23823,0,0,0,0,0,4,0,0,0,0,0,0
23824,0,0,0,0,6,0,20,211,0,0,0,0
23825,0,0,0,0,0,0,0,0,0,1,0,0
23826,0,0,0,0,0,0,0,0,0,0,0,0
23827,0,11,0,0,0,0,0,0,0,0,0,0
23828,0,0,0,1,0,2,0,0,0,0,0,0
23829,2,0,0,0,0,0,0,0,0,0,0,0
23830,0,0,0,0,0,14,0,0,0,0,0,0
23831,0,0,0,0,0,0,1,0,0,0,0,0
23832,0,0,0,0,0,0,1,0,0,0,0,0
23833,0,0,0,0,0,3,0,0,0,1,336,0
23834,0,13,0,0,0,0,1,0,0,0,0,0
23835,0,0,0,0,0,0,0,9,2,0,0,0
23836,0,0,0,0,0,26,0,0,0,0,1,0
23837,0,0,0,0,0,2,0,0,0,0,0,0
23838,0,0,0,0,0,2,0,0,0,0,0,0
23839,0,0,0,1,0,12,0,0,0,0,0,0
23840,0,0,0,0,0,1,0,0,0,0,0,0
23841,0,0,0,0,0,0,0,1,0,0,0,0
23842,0,0,0,0,0,104,0,0,0,0,1,0
23843,1,16,1,0,0,0,0,0,0,0,0,0
23844,0,0,0,0,0,0,0,0,5,3,72,106
23845,68,7,0,0,0,0,0,0,0,0,0,0
23846,0,0,0,0,0,0,0,0,0,0,0,0
23847,1,0,1,0,0,0,0,0,0,0,0,0
23848,13,52,0,1,0,0,0,0,0,0,0,0
23849,0,0,0,1,2,90,0,0,0,0,0,0
23850,0,0,0,0,0,4,0,0,0,0,0,0
23851,6,54,1,0,0,0,0,0,0,0,0,0
23852,1,1,0,0,0,0,0,0,0,0,0,0
23853,0,2,0,0,0,0,0,0,0,0,0,0
23854,0,0,45,0,0,4,0,0,0,7070,1065,3
23855,0,0,0,0,0,2,0,0,0,8,158,1
23856,0,0,0,0,1,0,101,159,0,0,0,0
23857,0,0,0,0,3,50,0,0,0,0,0,0
23858,0,0,0,0,0,0,1,2,1,0,0,0
23859,0,0,0,0,0,2,0,0,0,0,6,1
23860,0,0,0,0,2,41,0,0,0,0,0,0
23861,0,0,0,1,0,23,0,0,0,0,0,0
23862,0,0,0,0,0,1,0,0,0,0,0,0
23863,0,14,0,0,0,0,0,0,0,0,0,0
23864,1,8,0,0,0,0,1,0,0,0,0,0
23865,0,0,0,0,0,0,0,0,0,14,18,0
23866,0,0,0,13,9,158,0,0,0,0,2,0
23867,0,0,1,0,0,0,99,2,19,0,0,0
23868,0,0,0,0,63,0,10,3289,37,0,0,0
23869,4,15,37,1,0,0,0,0,0,0,0,0
23870,0,28,1,0,0,0,0,0,0,0,0,0
23871,0,0,0,0,0,0,0,0,0,0,0,0
23872,29,2,0,0,0,0,0,0,0,0,0,0
23873,0,0,0,0,4,0,0,593,0,0,0,0
23874,0,0,0,0,0,0,0,0,0,7,30,4
23875,0,0,0,0,19,28,0,0,0,0,0,0
23876,0,10,0,0,0,0,1087,9,0,0,0,0
23877,0,0,0,5,6,19,0,0,0,0,0,0
23878,2,0,0,24,1,126,0,0,0,0,1,0
23879,0,0,0,0,0,0,0,0,1,0,0,0
23880,1,2,0,0,0,0,0,0,0,0,0,0
23881,0,11,1,0,0,0,0,0,0,0,0,0
23882,0,0,0,0,0,0,0,0,0,0,2,0
23883,0,0,0,0,0,0,0,0,0,0,0,0
23884,1,58,0,0,0,0,1,0,0,0,0,0
23885,0,10,0,0,0,0,11,0,0,0,0,0
23886,0,1,0,0,0,0,0,0,0,0,0,0
23887,0,0,0,0,0,3,0,0,0,1,166,0
23888,0,2,0,0,0,0,0,0,0,0,0,0
23889,0,12,1,0,0,0,0,0,0,0,0,0
23890,0,26,0,0,0,0,0,0,0,0,0,0
23891,0,0,0,0,0,0,0,0,0,0,0,0
23892,0,6,0,0,0,0,0,0,0,0,0,0
23893,0,0,0,0,0,0,0,0,0,0,176,0
23894,1,11,0,0,0,0,0,0,0,0,0,0
23895,0,0,0,0,0,0,0,0,0,10,303,0
23896,0,0,0,0,0,2,0,0,0,20,958,7
23897,0,0,2,0,0,0,0,0,1,63,2,129
23898,23,89,0,0,0,0,0,0,0,0,0,0
23899,4,7,27,0,0,0,0,0,0,0,0,0
23900,0,0,0,0,0,0,17,5,1119,0,0,4
23901,12,17,102,0,0,0,0,0,0,1,0,0
23902,101,26,17,0,0,0,0,0,0,0,0,0
23903,0,0,0,0,0,0,1,3,1,0,0,0
23904,0,0,0,1,6,0,0,0,0,0,0,0
23905,0,0,0,6,0,12,0,0,0,0,0,0
23906,0,0,0,0,0,2,0,0,0,0,0,0
23907,0,0,0,3,0,1,0,0,0,0,0,0
23908,0,0,0,0,0,150,0,0,0,0,0,0
23909,0,0,0,0,0,0,13,79,0,0,0,0
23910,0,0,0,0,0,0,0,0,0,5,130,0
23911,8,16,2,0,0,0,0,0,0,0,0,0
23912,0,0,0,0,0,0,0,0,0,2,1,0
23913,27,7,2,0,0,0,0,0,0,0,0,0
23914,7,27,6,0,0,0,0,0,0,0,0,0
23915,0,0,0,0,0,0,114,3,3,0,0,0
23916,0,0,0,1,0,33,0,0,0,0,0,0
23917,0,0,0,0,0,1,0,0,0,7,77,0
23918,0,6,8,0,0,0,0,0,0,0,0,0
23919,1,35,2,0,0,0,1,0,0,0,0,0
23920,21,21,1,0,0,0,0,0,0,0,0,0
23921,0,0,2,0,0,0,0,0,0,152,0,0
23922,23,11,0,0,0,0,0,0,0,0,0,0
23923,12,18,8,0,0,0,0,0,0,0,0,0
23924,0,24,12,0,0,0,0,0,0,0,0,0
23925,0,0,0,2,0,6,0,0,0,0,0,0
23926,0,0,0,1,8,35,0,0,0,0,0,0
23927,0,0,0,2,1,3,0,0,0,0,0,0
23928,0,0,0,0,0,0,0,0,0,0,0,0
23929,0,0,0,0,0,11,0,0,0,2,1241,0
23930,0,2,2,0,0,0,0,0,0,0,0,0
23931,7,19,4,0,0,0,0,0,0,0,0,0
23932,34,20,7,0,0,0,0,0,0,0,0,0
23933,0,15,31,0,0,0,0,0,0,0,0,0
23934,0,0,0,0,0,18,0,0,0,13,1345,2
23935,30,6,5,0,0,0,0,0,0,0,0,0
23936,0,0,2,0,0,0,0,0,0,68,18,3
23937,0,0,0,0,0,0,0,0,0,2,29,7
23938,0,10,0,0,0,0,0,0,0,0,0,0
23939,0,0,0,0,0,1,0,0,0,10,93,1
23940,0,0,0,0,0,0,0,0,0,4,42,1
23941,83,13,4,0,0,0,0,0,0,0,0,0
23942,4,31,113,0,0,0,0,0,0,1,0,0
23943,0,0,0,14,0,16,0,0,0,0,0,0
23944,0,0,0,0,0,27,0,0,0,0,0,0
23945,3,10,2,0,0,0,0,0,0,0,0,0
23946,2,38,2,0,0,0,0,0,0,0,0,0
23947,7,126,4,0,0,0,0,0,0,0,0,0
23948,0,5,0,0,52,1,82,7487,1668,0,39,25
23949,1,53,0,0,0,0,2,0,0,0,0,0
23950,0,0,0,3,2,33,0,0,0,0,0,0
23951,0,0,0,0,1,18,0,0,0,0,0,0
23952,0,0,0,0,4,3,0,0,0,0,0,0
23953,0,0,0,1,4,19,0,0,0,0,0,0
23954,0,1,0,0,0,0,23,5,0,0,0,0
23955,0,27,0,0,0,0,46,5,11,0,0,0
23956,0,0,0,0,2,23,0,0,0,0,0,0
23957,0,0,0,0,0,0,2,4,0,0,0,0
23958,0,0,0,0,0,0,24,10,1,0,0,0
23959,0,0,0,0,2,5,0,0,0,0,0,0
23960,0,0,0,0,2,0,0,0,0,0,0,0
23961,0,0,0,0,0,1,0,0,0,0,0,0
23962,0,0,0,0,0,43,0,0,0,0,0,0
23963,1,2,0,0,0,0,0,0,0,0,0,0
23964,1,1,0,0,0,0,0,0,0,0,0,0
23965,0,0,0,0,0,47,0,0,0,0,0,0
23966,0,0,0,0,0,1,0,0,0,0,0,0
23967,0,0,0,0,0,0,0,0,0,0,0,0
23968,0,0,0,0,0,7,0,0,0,0,0,0
23969,0,0,0,2,1,2,0,0,0,0,0,0
23970,0,0,0,0,0,0,0,0,0,0,16,1
23971,6,21,13,0,0,0,0,0,0,0,0,0
23972,0,0,0,0,0,0,0,0,0,18,0,1
23973,4,8,15,0,0,0,0,0,0,0,0,0
23974,23,17,2,1,0,0,0,0,0,0,0,0
23975,0,31,3,0,0,0,0,0,0,0,0,0
23976,0,0,0,2,0,0,0,0,0,0,0,0
23977,0,55,2,0,0,0,1,0,0,0,0,0
23978,0,0,0,0,13,32,0,0,0,0,0,0
23979,0,0,0,11,0,12,0,0,0,0,0,0
23980,2,2,0,0,0,0,0,0,0,0,0,0
23981,0,0,0,0,0,0,0,0,0,11,40,0
23982,0,0,0,0,0,0,0,0,0,2,76,0
23983,5,36,1,0,0,0,0,0,0,0,0,0
23984,0,0,0,0,0,0,51,8,20,0,0,0
23985,5,61,1,0,0,0,0,0,0,0,0,0
23986,0,0,0,1,29,562,0,0,0,0,1,0
23987,0,0,0,0,0,29,0,0,0,44,994,0
23988,0,0,0,0,0,1,0,0,0,7,167,2
23989,65,83,9,0,0,0,0,0,0,0,0,0
23990,0,0,0,2,2,3,0,0,0,0,0,0
23991,0,0,0,0,0,0,0,0,0,2,100,0
23992,61,11,7,0,0,0,0,1,0,0,0,0
23993,0,3,1,0,0,0,0,0,0,0,0,0
23994,7,11,2,0,0,0,0,0,0,0,0,0
23995,2,36,4,0,0,0,0,0,0,0,0,0
23996,0,0,0,0,0,2,0,0,0,6,987,2
23997,0,0,0,0,0,4,0,0,0,14,1355,21
23998,65,35,1,2,0,0,0,0,0,0,0,0
23999,0,12,11,0,0,0,0,0,0,0,0,0
24000,0,6,0,0,0,0,141,237,1,0,0,0
24001,0,0,0,0,0,0,0,0,0,2,45,0
24002,0,5,2,0,0,0,0,0,0,0,0,0
24003,11,15,15,0,0,0,0,0,0,0,0,0
24004,0,2,0,0,0,0,337,7,0,0,0,0
24005,2,0,15,0,0,0,0,0,0,0,0,0
24006,0,0,0,0,0,0,21,2,0,0,0,0
24007,0,3,0,0,0,0,524,5,2,0,0,0
24008,0,0,0,0,0,1,0,0,0,0,0,0
24009,0,0,0,0,0,0,0,0,0,0,0,0
24010,14,363,3,0,0,0,1,0,0,0,0,0
24011,0,0,0,0,3,19,0,0,0,0,0,0
24012,0,0,0,0,0,5,0,0,0,0,0,0
24013,0,0,0,1,0,17,0,0,0,0,0,0
24014,0,459,0,0,0,0,0,0,0,0,0,0
24015,0,0,0,0,0,2,0,0,0,0,0,0
24016,0,0,0,1,0,18,0,0,0,0,0,0
24017,0,0,0,0,0,0,0,0,0,0,0,0
24018,0,0,0,0,0,0,0,0,0,0,0,0
24019,0,26,0,0,0,0,0,0,0,0,0,0
24020,0,0,0,0,0,0,8,7,5,0,0,0
24021,0,1,0,0,0,0,0,0,0,0,0,0
24022,0,0,0,0,11,156,0,0,0,0,0,0
24023,0,0,0,0,0,20,0,0,0,19,2544,24
24024,0,0,0,0,0,2,0,0,0,0,0,0
24025,1,9,1,0,0,0,0,0,0,0,0,0
24026,0,0,0,0,0,6,0,0,0,7,693,3
24027,0,0,0,0,0,3,0,0,0,0,0,0
24028,0,0,0,0,1,31,0,0,0,0,0,0
24029,0,0,0,0,0,0,0,0,0,0,0,0
24030,0,0,0,0,0,0,0,0,0,0,0,0
24031,0,0,0,0,0,6,0,0,0,0,530,0
24032,4,13,4,0,0,0,1,0,0,0,0,0
24033,0,8,1,0,0,0,0,0,0,0,0,0
24034,0,0,0,0,0,8,0,0,0,0,1491,1
24035,0,1,0,0,0,0,0,0,0,0,0,0
24036,0,7,0,0,0,0,0,0,0,0,0,0
24037,0,23,0,0,0,0,0,0,0,0,0,0
24038,0,0,0,0,0,0,7,143,8,0,0,0
24039,0,0,0,0,0,4,0,0,0,0,0,0
24040,0,0,0,0,0,0,15,128,1,0,0,0
24041,3,14,0,0,0,0,0,0,0,0,0,0
24042,0,0,0,0,0,2,0,0,0,0,224,0
24043,8,7,3,0,0,0,0,0,0,0,0,0
24044,0,0,0,0,0,0,0,0,0,13,15,0
24045,0,0,0,0,0,0,0,0,0,0,0,0
24046,0,0,0,39,2,11,0,0,0,0,0,0
24047,0,1,0,0,0,0,67,22,0,0,0,0
24048,0,0,0,0,0,0,0,0,0,0,22,1
24049,29,33,4,0,0,0,0,0,0,0,0,0
24050,0,0,0,0,0,0,5,54,7,0,0,0
24051,2,25,0,0,0,0,0,0,0,0,0,0
24052,0,0,0,2,1,59,0,0,0,0,0,0
24053,0,0,0,0,0,0,7,66,0,0,0,0
24054,0,0,0,0,0,0,0,0,0,3,537,0
24055,0,0,0,8,3,37,0,0,0,0,0,0
24056,0,0,0,0,0,0,12,6,0,0,0,0
24057,0,0,0,0,0,0,7,4,0,0,0,0
24058,0,0,0,0,0,0,0,0,0,17,33,0
24059,0,0,0,0,6,4,0,1,0,0,0,0
24060,0,0,0,1,0,1,0,0,0,0,0,0
24061,0,0,0,0,0,0,0,0,0,0,63,2
24062,49,56,0,1,0,0,0,0,0,0,0,0
24063,0,0,0,4,20,116,0,0,0,0,0,0
24064,0,0,0,0,0,0,0,0,0,4,83,7
24065,0,14,1,0,0,0,0,0,0,0,0,0
24066,5,100,4,0,0,0,0,0,0,0,0,0
24067,2,19,1,0,0,0,0,0,0,0,0,0
24068,0,0,9,0,0,0,0,0,0,155,3,24
24069,57,76,2,0,0,0,3,0,0,0,0,0
24070,42,32,23,0,0,0,0,0,0,1,0,0
24071,0,0,0,0,1,70,0,0,0,0,0,0
24072,3,0,0,0,0,0,0,0,0,0,0,0
24073,0,0,0,0,0,113,0,0,0,0,0,0
24074,0,0,0,0,0,0,21,3,1,0,0,0
24075,0,0,0,0,0,0,34,6,0,0,0,0
24076,0,0,0,4,0,6312,0,0,0,0,111,0
24077,0,0,0,0,1,0,28,113,0,0,0,0
24078,113,19,9,0,0,0,0,0,0,0,0,0
24079,0,0,0,0,18,162,0,0,0,0,0,0
24080,0,0,0,0,2,1,0,0,0,0,0,0
24081,0,0,0,0,0,0,0,1,0,0,0,0
24082,0,0,0,0,0,0,0,0,0,1,194,0
24083,0,0,0,0,0,2,0,0,0,24,60,0
24084,0,0,0,0,26,0,0,0,0,0,0,0
24085,0,0,0,39,12,43,0,0,0,0,0,0
24086,0,0,0,0,0,0,74,3,0,0,0,0
24087,0,0,0,0,2,0,26,112,1,0,0,0
24088,0,0,0,4,0,1333,0,0,0,0,14,0
24089,0,2,0,0,0,0,176,1,0,0,0,0
24090,2,32,14,0,0,0,0,0,0,1,0,0
24091,0,0,0,0,0,191,0,0,0,0,0,0
24092,0,78,0,0,0,0,0,0,0,0,0,0
24093,0,0,0,0,7,6,0,0,0,0,0,0
24094,0,0,0,19,2,9,0,0,0,0,0,0
24095,0,0,0,0,35,0,22,2618,2,0,0,0
24096,0,0,15,0,0,0,0,0,0,44,283,2
24097,0,0,0,17,2,296,0,0,0,0,8,0
24098,0,0,0,0,0,0,24,230,0,0,0,0
24099,0,0,0,0,0,2,0,0,0,1,465,29
24100,0,0,0,21,2,14,0,0,0,0,0,0
24101,0,2,0,0,0,0,0,0,0,0,0,0
24102,0,0,0,0,0,0,107,19,62,0,0,0
24103,2,36,0,0,0,0,0,0,0,0,0,0
24104,0,0,0,0,0,0,0,2,0,0,0,0
24105,0,0,0,0,0,0,0,0,0,0,0,0
24106,0,0,0,0,0,2,0,0,0,2,1017,0
24107,0,0,0,0,0,0,0,0,0,10,72,0
24108,0,0,0,0,0,1,0,0,0,0,0,0
24109,0,0,0,0,0,3,0,0,0,17,887,0
24110,30,22,84,0,0,0,0,0,0,0,0,0
24111,0,0,0,0,0,19,0,0,0,0,0,0
24112,0,0,0,0,2,34,0,0,0,0,0,0
24113,0,0,0,0,0,1,0,0,0,0,0,0
24114,0,0,0,0,0,0,0,0,0,0,0,0
24115,0,0,0,0,1,12,0,0,0,0,0,0
24116,0,0,0,0,0,0,19,172,0,0,0,0
24117,0,0,0,0,0,0,0,0,0,5,73,0
24118,35,28,8,0,0,0,0,0,0,0,0,0
24119,0,0,0,0,0,0,0,0,0,4,0,0
24120,3,3,0,0,0,0,0,0,0,0,0,0
24121,0,19,1,0,0,0,0,0,0,0,0,0
24122,1,1,1,0,0,0,0,0,0,0,0,0
24123,1,7,1,0,0,0,0,0,0,0,0,0
24124,0,0,0,0,7,0,337,1099,8,0,0,0
24125,0,0,0,0,1,10,0,0,0,0,0,0
24126,0,0,0,0,0,50,0,0,0,0,0,0
24127,0,0,0,2,0,41,0,0,0,0,0,0
24128,0,2,0,0,0,0,0,0,0,0,0,0
24129,1,214,1,0,0,0,2,0,0,0,0,0
24130,0,0,6948,0,0,13,0,0,0,6957,2190,0
24131,0,0,0,0,0,0,6,4,2,0,0,0
24132,0,0,0,0,0,0,1,1,1,0,0,0
24133,0,0,0,0,0,0,0,0,0,6,188,1
24134,0,0,0,0,0,0,0,0,0,5,94,18
24135,0,0,0,1,0,1,0,0,0,0,0,0
24136,0,0,0,6,0,147,0,0,0,0,0,0
24137,0,3,0,0,0,0,0,0,0,0,0,0
24138,0,1,107,0,0,1,0,0,0,8426,1010,1
24139,0,0,0,4,2,31,0,0,0,0,0,0
24140,0,0,0,0,0,0,32,34,44,0,0,0
24141,0,0,0,1,1,7,0,0,0,0,0,0
24142,0,0,0,15,3,51,0,0,0,0,0,0
24143,0,0,0,0,4,28,0,0,0,0,0,0
24144,0,0,0,0,0,4,0,0,0,0,0,0
24145,0,0,0,0,0,0,51,1,1,0,0,0
24146,0,0,0,0,0,0,0,0,0,1,45,5
24147,0,0,0,0,0,0,0,0,0,1,0,0
24148,2,10,0,0,0,0,0,0,0,0,0,0
24149,0,0,0,0,0,0,0,0,0,2,13,0
24150,0,0,0,0,0,0,0,0,0,1,5,0
24151,0,0,0,2,24,6,0,0,0,0,0,0
24152,0,0,0,1,4,23,0,0,0,0,0,0
24153,0,0,0,0,0,1,0,0,0,0,0,0
24154,0,0,0,0,0,0,33,9,1,0,0,0
24155,0,0,0,0,0,0,0,0,0,2,22,0
24156,0,0,0,0,0,5,0,0,0,0,0,0
24157,0,0,0,0,0,5,0,0,0,1,133,0
24158,1,0,0,0,0,0,0,0,0,0,0,0
24159,0,0,0,0,0,0,0,0,0,2,3,1
24160,7,9,1,0,0,0,0,0,0,0,0,0
24161,0,0,0,0,0,0,16,24,0,0,0,0
24162,2,48,4,0,0,0,0,0,0,0,0,0
24163,0,0,0,3,2,118,0,0,0,0,0,0
24164,0,0,0,0,0,0,4,1,0,0,0,0
24165,4,9,1,0,0,0,0,0,0,0,0,0
24166,5,76,7,0,0,0,0,0,0,0,0,0
24167,3,1,2,0,0,0,0,0,0,0,0,0
24168,0,0,0,0,0,0,0,0,0,0,0,0
24169,0,0,0,0,0,0,1,43,7,0,0,0
24170,2,378,0,0,0,0,3,0,0,0,0,0
24171,0,0,0,0,11,13,0,0,0,0,0,0
24172,0,0,0,50,0,33,0,0,0,0,0,0
24173,0,0,0,0,0,0,4,312,1,0,0,0
24174,0,0,0,0,0,0,0,0,0,1,282,0
24175,0,0,0,2,27,270,0,0,0,0,0,0
24176,0,0,0,0,0,0,0,0,0,0,1,1
24177,8,0,0,0,0,0,0,0,0,0,0,0
24178,0,178,0,0,0,0,0,0,0,0,0,0
24179,0,0,0,0,0,3,0,0,0,0,0,0
24180,0,0,0,0,0,0,0,0,0,0,0,0
24181,0,0,0,0,0,1,0,0,0,0,179,0
24182,2,8,0,0,0,0,0,0,0,0,0,0
24183,0,0,0,0,0,0,0,0,0,11,34,0
24184,0,0,0,5,6,96,0,0,0,0,0,0
24185,0,0,0,2,13,1,0,0,0,0,0,0
24186,0,0,0,0,0,0,0,0,0,0,16,0
24187,1,0,0,47,6,50,0,0,0,0,0,0
24188,0,0,0,0,0,0,5,14,0,0,0,0
24189,0,0,0,0,0,0,0,0,0,0,2,0
24190,6,21,31,0,0,0,0,0,0,0,0,0
24191,0,0,0,0,0,0,0,0,0,22,26,0
24192,0,0,0,0,0,1,0,0,0,0,0,0
24193,0,2,0,0,0,0,92,451,80,0,0,0
24194,0,0,0,1,2,38,0,0,0,0,0,0
24195,0,0,0,0,0,2,0,0,0,0,0,0
24196,1,69,0,0,0,0,0,0,0,0,0,0
24197,0,0,0,0,2,0,105,883,3,0,0,0
24198,0,0,0,0,0,0,0,0,0,0,593,6
24199,0,0,0,0,0,0,159,314,13,0,0,0
24200,0,0,0,0,0,0,1,0,0,0,0,0
24201,0,0,0,0,0,0,0,1,0,0,0,0
24202,0,0,0,0,0,243,0,0,0,0,1,0
24203,0,6,0,0,0,0,0,0,0,0,0,0
24204,0,0,0,0,0,0,0,0,0,0,13,0
24205,95,27,0,0,0,0,0,0,0,0,0,0
24206,1,29,0,0,0,0,1,0,0,0,0,0
24207,0,0,0,0,1,4,0,0,0,0,0,0
24208,0,0,0,0,0,1,0,0,0,7,972,0
24209,2,4,0,0,0,0,0,0,0,0,0,0
24210,0,0,0,0,0,0,0,0,0,2,190,10
24211,0,0,0,2,5,33,0,0,0,0,0,0
24212,0,0,0,0,14,1,0,0,0,0,0,0
24213,0,0,0,0,0,0,0,0,0,1,264,11
24214,0,0,0,26,2,54,0,0,0,0,0,0
24215,0,0,0,0,0,0,10,5,0,0,0,0
24216,0,0,0,0,0,0,8,3,0,0,0,0
24217,0,0,0,1,2,37,0,0,0,0,1,0
24218,0,0,0,0,1,0,0,0,0,0,0,0
24219,0,0,0,0,0,0,3,42,0,0,0,0
24220,0,0,0,0,0,0,0,12,1,0,0,0
24221,0,9,0,0,0,0,0,0,0,0,0,0
24222,0,0,0,0,0,0,0,0,0,0,1,0
24223,0,0,0,0,0,1,0,0,0,21,212,1
24224,0,0,0,0,1,2114,0,0,0,0,28,0
24225,0,0,0,1,0,3,0,0,0,0,0,0
24226,0,0,0,9,1,46,0,0,0,0,1,0
24227,0,0,0,0,0,0,2,2,0,0,0,0
24228,0,0,0,0,0,0,0,4,0,0,0,0
24229,0,0,0,2,1,14,0,0,0,0,0,0
24230,0,0,0,0,0,0,20,12,0,0,0,0
24231,0,0,0,0,0,0,0,0,0,0,84,1
24232,69,78,6,0,0,0,0,0,0,0,0,0
24233,0,0,0,0,0,0,2,2,0,0,0,0
24234,0,0,0,0,0,0,23,3,0,0,0,0
24235,0,0,0,0,1,43,0,0,0,0,0,0
24236,0,0,0,0,0,0,2,251,0,0,0,0
24237,0,0,0,0,0,1,0,0,0,0,523,0
24238,0,0,0,25,4,16,0,0,0,0,0,0
24239,0,0,0,0,2,0,1,61,0,0,0,0
24240,0,0,0,0,0,0,0,0,0,1,118,1
24241,21,27,14,0,0,0,0,0,0,0,0,0
24242,0,0,0,0,1,35,0,0,0,0,0,0
24243,0,0,0,0,0,5,0,0,0,0,0,0
24244,1,17,0,0,0,0,0,0,0,0,0,0
24245,0,0,0,0,0,0,0,0,0,0,2,0
24246,1,0,0,0,0,0,0,0,0,0,0,0
24247,4,4,1,0,0,0,0,0,0,0,0,0
24248,5,15,0,0,0,0,0,0,0,0,0,0
24249,0,0,0,0,0,14,0,0,0,0,0,0
24250,1,4,0,0,0,0,0,0,0,0,0,0
24251,0,0,0,0,0,0,0,0,0,0,1,0
24252,0,0,0,0,0,0,0,0,0,0,1,0
24253,762,6,1,1,0,0,0,0,0,0,0,0
24254,0,0,0,0,0,1,0,0,0,0,0,0
24255,0,0,0,0,0,0,0,0,0,0,0,0
24256,0,0,0,0,0,58,0,0,0,0,0,0
24257,0,0,0,0,15,0,6,1150,1,0,0,0
24258,0,0,0,0,0,0,0,0,0,0,9,0
24259,0,0,0,6,1,80,0,0,0,0,0,0
24260,6,0,1,0,0,0,0,0,0,0,0,0
24261,0,0,0,4,0,0,0,0,0,0,0,0
24262,0,0,0,0,0,0,6,34,0,0,0,0
24263,0,0,0,0,0,0,0,0,0,0,0,0
24264,0,0,0,0,0,0,0,0,0,0,0,0
24265,0,8,0,0,0,0,0,0,0,0,0,0
24266,0,0,1,0,0,0,0,0,0,0,0,0
24267,0,0,0,0,0,1,0,0,0,0,0,0
24268,0,0,0,0,0,0,4,9,0,0,0,0
24269,0,0,0,0,0,0,1,44,0,0,0,0
24270,0,0,0,0,0,0,0,0,0,1,2,0
24271,0,0,0,1,2,57,0,0,0,0,2,0
24272,0,0,0,1,0,19,0,0,0,0,0,0
24273,6,0,0,0,0,0,0,0,0,0,0,0
24274,0,0,0,0,0,94,0,0,0,0,0,0
24275,0,1,0,0,0,0,0,0,0,0,0,0
24276,0,0,0,0,0,0,0,0,0,0,0,0
24277,0,0,0,0,0,0,38,2,0,0,0,0
24278,0,0,0,1,1,0,0,0,0,0,0,0
24279,0,0,0,1,0,0,0,0,0,0,0,0
24280,0,0,0,0,0,139,0,0,0,0,0,0
24281,1,0,0,0,0,0,0,0,0,0,0,0
24282,0,14,0,0,0,0,0,0,0,0,0,0
24283,0,0,0,0,0,245,0,0,0,0,4,0
24284,0,0,0,0,0,0,0,2,1,0,0,0
24285,0,0,0,0,0,0,0,2,0,0,0,0
24286,0,0,0,0,1,15,0,0,0,0,0,0
24287,1,133,0,0,0,0,0,0,0,0,0,0
24288,0,0,0,0,0,1,0,0,0,0,0,0
24289,0,0,0,32,0,47,0,0,0,0,0,0
24290,0,0,0,0,0,0,0,0,1,0,0,0
24291,0,0,0,0,0,0,0,1,0,0,0,0
24292,23,67,11,0,0,0,0,0,0,0,0,0
24293,0,0,0,0,0,0,64,1,0,0,0,0
24294,0,0,0,0,0,1,0,0,0,0,0,0
24295,0,0,0,1,1,41,0,0,0,0,0,0
24296,1,3,0,0,0,0,0,0,0,0,0,0
24297,0,0,0,0,0,0,0,0,0,3,21,1
24298,29,23,1,0,0,0,0,0,0,0,0,0
24299,0,0,0,0,0,0,0,0,0,1,4,0
24300,5,1,1,0,0,0,0,0,0,0,0,0
24301,0,0,0,0,0,0,72,31,9,0,0,0
24302,1,5,1,0,0,0,0,0,0,0,0,0
24303,1,7,0,0,0,0,0,0,0,0,0,0
24304,0,0,0,0,0,47,0,0,0,0,0,0
24305,0,0,0,0,0,0,34,7,1,0,0,0
24306,0,0,0,0,0,0,0,0,0,0,0,0
24307,0,0,0,0,8,10,0,0,0,0,0,0
24308,0,0,0,0,0,0,0,0,0,1,2,0
24309,0,0,0,0,0,0,0,0,0,0,0,0
24310,0,0,0,0,0,0,0,0,0,4,45,2
24311,0,0,0,0,0,4,0,0,0,0,0,0
24312,2,0,0,0,0,0,0,0,0,0,0,0
24313,0,0,0,0,0,42,0,0,0,0,0,0
24314,0,0,0,0,0,0,0,0,2,0,0,0
24315,2,6,1,0,0,0,0,0,0,0,0,0
24316,0,0,0,0,0,0,167,18,0,0,0,0
24317,1,0,1,0,0,0,0,0,0,0,0,0
24318,2,1,0,0,0,0,0,0,0,0,0,0
24319,0,0,0,0,0,1,0,0,0,0,280,0
24320,0,0,0,0,0,0,0,0,0,0,4,1
24321,0,1,1,0,0,0,0,0,0,0,0,0
24322,1,4,0,0,0,0,0,0,0,0,0,0
24323,1,1,0,0,0,0,0,0,0,0,0,0
24324,1,5,0,0,0,0,0,0,0,0,0,0
24325,2,48,1,0,0,0,0,0,0,0,0,0
24326,0,0,0,17,0,15,0,0,0,0,0,0
24327,0,0,0,0,0,4,0,0,0,0,0,0
24328,0,0,0,0,0,0,32,173,57,0,0,0
24329,0,2,0,0,0,0,0,0,0,0,0,0
24330,0,0,0,0,0,0,0,0,0,0,0,0
24331,0,0,0,353,1,26,0,0,0,0,0,0
24332,0,0,0,0,0,0,7,79,1,0,0,0
24333,0,0,0,0,0,0,0,0,0,1,30,0
24334,0,0,0,0,0,67,0,0,0,13,10648,1
24335,11,7,1,0,0,0,0,0,0,0,0,0
24336,8,5,0,0,0,0,0,0,0,0,0,0
24337,0,0,0,0,0,1,0,0,0,4,692,0
24338,0,0,0,0,0,0,0,0,0,1,3,2
24339,6,0,0,0,0,0,0,0,0,0,0,0
24340,4,8,6,0,0,0,0,0,0,0,0,0
24341,0,0,0,0,0,1,0,0,0,0,0,0
24342,0,0,0,0,0,0,0,0,0,0,0,0
24343,0,0,0,0,0,16,0,0,0,0,0,0
24344,0,2,0,0,0,0,0,0,0,0,0,0
24345,1,0,1,0,0,0,0,0,0,0,0,0
24346,0,0,0,0,0,60,0,0,0,0,0,0
24347,1,4,1,0,0,0,0,0,0,0,0,0
24348,0,0,0,0,0,0,15,229,348,0,0,2
24349,0,0,0,5,0,20258,0,0,0,0,250,0
24350,0,0,0,0,0,0,1,0,2,0,0,0
24351,0,0,0,0,0,0,0,0,0,2,58,1
24352,0,0,0,1,11,41,0,1,0,0,0,0
24353,1,81,0,0,0,0,0,0,0,0,0,0
24354,0,0,0,0,0,1,0,0,0,0,0,0
24355,0,0,0,11,0,72,0,0,0,0,0,0
24356,0,0,0,0,0,0,29,35,5,0,0,0
24357,0,0,0,0,1,0,12,43,3,0,0,0
24358,0,0,0,0,0,0,0,0,0,339,33,0
24359,0,1,9,0,0,0,0,0,0,0,0,0
24360,2,14,0,0,0,0,0,0,0,0,0,0
24361,2,17,0,0,0,0,0,0,0,0,0,0
24362,1,33,20,0,0,0,0,0,0,0,0,0
24363,0,0,0,1,0,3,0,0,0,0,0,0
24364,0,0,0,14,14,251,0,0,0,0,0,0
24365,0,0,0,0,0,0,0,0,0,1,3,2
24366,0,7,0,0,0,0,0,0,0,0,0,0
24367,1,21,1,0,0,0,0,0,0,0,0,0
24368,0,7,0,0,10,0,325,1708,272,0,0,2
24369,53,26,5,4,0,0,0,1,0,0,0,0
24370,0,0,0,0,0,8,0,0,0,11,1185,7
24371,0,0,0,11,6,0,0,0,0,0,0,0
24372,0,0,0,0,0,0,0,0,0,0,45,0
24373,5,319,3,0,0,0,5,0,0,0,0,0
24374,0,0,0,0,0,7,0,0,0,57,947,1
24375,0,0,0,1,0,7,0,0,0,0,0,0
24376,0,0,0,3,2,188,0,0,0,0,0,0
24377,0,0,0,2,1,0,0,0,0,0,0,0
24378,0,0,0,0,0,17,0,0,0,19,2680,0
24379,0,0,0,16,21,27,0,0,0,0,0,0
24380,0,0,0,2,17,0,0,0,0,0,0,0
24381,0,0,0,0,0,0,0,0,0,15,511,2
24382,0,0,0,0,0,35,0,0,0,20,2898,33
24383,15,65,0,0,0,0,0,0,0,0,0,0
24384,0,0,0,0,0,0,0,0,0,1,40,1
24385,202,100,2,1,0,0,0,0,0,0,0,0
24386,0,0,0,0,0,0,50,185,0,0,0,0
24387,0,0,0,0,0,0,0,0,0,0,69,0
24388,33,25,3,0,0,0,0,0,0,0,0,0
24389,0,0,0,0,0,0,0,0,0,0,0,0
24390,0,0,0,0,0,0,0,0,0,0,0,0
24391,0,0,0,39,17,5,0,0,0,0,0,0
24392,0,0,0,0,0,0,1,6,0,0,0,0
24393,0,0,0,0,0,0,0,0,0,0,9,0
24394,0,22,3,0,0,0,0,0,0,0,0,0
24395,0,0,0,0,0,0,0,0,0,7,62,0
24396,0,0,0,0,0,0,0,0,0,0,0,0
24397,0,0,0,43,11,30,0,0,0,0,0,0
24398,0,0,0,0,0,0,33,0,14,0,0,0
24399,0,0,0,0,2,0,38,200,1,0,0,0
24400,140,51,1,2,0,0,0,0,0,0,0,0
24401,0,3,1,0,0,0,0,0,0,0,0,0
24402,5,42,3,0,0,0,0,0,0,0,0,0
24403,1,3,2,0,0,0,0,0,0,0,0,0
24404,0,0,0,0,0,0,0,0,0,14,1,0
24405,0,0,0,0,0,2,0,0,0,0,0,0
24406,0,0,0,0,26,100,0,0,0,0,8,0
24407,0,0,0,0,0,0,0,0,0,1,0,10
24408,2,9,0,0,0,0,0,0,0,0,0,0
24409,0,19,0,0,0,0,0,0,0,0,0,0
24410,0,0,0,0,0,0,0,0,0,0,0,0
24411,3,7,11,0,0,0,0,0,0,0,0,0
24412,0,0,0,0,3,78,0,0,0,0,0,0
24413,0,0,0,0,0,0,1,7,0,0,0,0
24414,0,0,0,0,1,1,0,0,0,0,0,0
24415,0,3,0,0,12,0,166,945,2,0,0,0
24416,0,0,0,0,0,0,26,15,0,0,0,0
24417,0,0,0,2,0,4,0,0,0,0,0,0
24418,0,0,0,0,0,1,0,0,0,12,783,1
24419,0,0,0,0,0,0,0,0,0,0,0,0
24420,0,0,0,0,0,0,0,0,0,0,0,0
24421,0,0,0,0,0,0,0,0,0,0,134,0
24422,0,0,0,0,0,0,0,0,0,64,2,0
24423,16,4,1,0,0,0,0,0,0,0,0,0
24424,6965,87,3,27,0,0,0,0,0,0,0,0
24425,0,0,10,0,0,0,0,0,0,0,0,0
24426,1,1,1,0,0,0,0,0,0,0,0,0
24427,0,0,0,0,0,172,0,0,0,0,5,0
24428,0,0,0,0,0,0,0,8,1,0,0,0
24429,0,0,0,0,0,0,0,0,0,0,1,0
24430,7,82,7,0,0,0,1,0,0,0,0,0
24431,0,0,0,0,0,0,0,0,0,0,0,5
24432,531,6586,0,0,0,0,154,1,0,0,0,0
24433,7,37,13,0,0,0,0,0,0,0,0,0
24434,0,0,0,0,0,0,0,52,0,0,0,0
24435,0,0,0,0,0,0,0,0,0,0,2,0
24436,0,0,0,0,14,23,0,0,0,0,0,0
24437,0,0,0,0,2,33,0,0,0,0,0,0
24438,0,0,0,0,0,1,0,0,0,0,0,0
24439,2,6,0,0,0,0,0,0,0,0,0,0
24440,1,4,1,0,0,0,0,0,0,0,0,0
24441,0,2,1,0,0,0,0,0,0,0,0,0
24442,0,0,0,0,0,13,0,0,0,2,2441,5
24443,3,23,2,0,0,0,0,0,0,0,0,0
24444,0,0,0,0,0,0,0,0,0,0,196,0
24445,0,0,0,0,0,0,89,56,32,0,0,0
24446,0,0,0,0,0,0,0,0,0,0,1,0
24447,0,0,0,0,0,0,0,0,0,0,0,0
24448,0,0,0,2,0,31,0,0,0,0,0,0
24449,0,0,0,0,0,0,8,4,0,0,0,0
24450,0,0,0,0,0,1,0,0,0,0,0,0
24451,0,0,0,6,0,29,0,0,0,0,0,0
24452,1,0,0,0,0,0,0,0,0,0,0,0
24453,2,15,0,0,0,0,0,0,0,0,0,0
24454,1,3,1,0,0,0,0,0,0,0,0,0
24455,0,0,0,0,0,0,0,0,0,0,4,1
24456,0,0,0,0,0,0,0,0,0,0,0,0
24457,0,6,0,0,0,0,0,0,0,0,0,0
24458,0,0,0,0,0,0,0,0,0,2,1,0
24459,0,0,0,0,0,0,0,0,0,0,0,0
24460,0,0,0,1,0,63,0,0,0,0,0,0
24461,0,8,1,0,0,0,0,0,0,0,0,0
24462,0,0,0,0,0,0,10,2,10,0,0,0
24463,0,0,0,0,0,4,0,0,0,6,49,0
24464,0,0,0,0,1,0,0,0,0,0,0,0
24465,0,0,0,0,0,0,0,0,0,2,8,0
24466,0,0,0,0,0,2,0,0,0,6,117,2
24467,0,0,1,0,0,0,0,0,0,0,0,0
24468,2,7,3,0,0,0,0,0,0,0,0,0
24469,23,0,0,6965,10,101,0,0,0,0,0,0
24470,0,0,0,0,0,0,0,0,0,0,0,0
24471,0,0,0,0,0,0,0,0,0,0,0,0
24472,0,0,0,0,0,40,0,0,0,0,0,0
24473,0,0,0,0,0,0,0,2,1,0,0,0
24474,0,0,0,0,0,0,1,3,0,0,0,0
24475,0,0,0,8,69,4,0,0,0,0,0,0
24476,0,0,0,0,0,0,0,2,0,0,0,0
24477,0,0,0,0,0,0,0,0,0,0,2,0
24478,11,29,1,0,0,0,1,0,0,0,0,0
24479,3,0,0,0,0,0,0,0,0,0,0,0
24480,0,0,0,0,0,0,0,0,0,0,0,0
24481,0,0,0,0,0,72,0,0,0,0,0,0
24482,0,0,0,0,0,1,0,0,0,0,0,0
24483,0,0,0,0,0,0,0,0,0,0,2,0
24484,18,38,2,0,0,0,0,0,0,0,0,0
24485,0,0,0,0,0,0,0,0,0,0,0,0
24486,0,3,0,0,0,0,11,4,0,0,0,0
24487,0,0,0,0,0,6,0,0,0,0,0,0
24488,0,0,0,0,0,0,5,29,1,0,0,0
24489,0,0,0,0,0,11,0,0,0,0,0,0
24490,0,0,0,0,1,15,0,0,0,0,0,0
24491,0,0,0,0,0,24,0,0,0,0,0,0
24492,0,0,0,0,0,0,0,0,0,0,0,0
24493,1,13,0,0,0,0,0,0,0,0,0,0
24494,1,2,7,0,0,0,0,0,0,0,0,0
24495,0,35,2,0,0,0,0,0,0,0,0,0
24496,0,0,0,0,0,158,0,0,0,0,0,0
24497,0,0,0,0,0,0,2,24,7,0,0,0
24498,6,0,0,0,0,0,0,0,0,0,0,0
24499,0,0,0,12,1,483,0,0,0,0,2,0
24500,0,2,0,0,0,0,0,0,0,0,0,0
24501,0,0,0,0,0,1,0,0,0,0,0,0
24502,0,0,0,0,0,0,0,0,0,100,380,0
24503,0,0,0,0,0,24,0,0,0,30,6834,0
24504,0,0,0,1,0,2,0,0,0,0,0,0
24505,0,0,0,12,2,10,0,0,0,0,0,0
24506,0,0,0,0,314500,0,1,1085,3,0,0,0
24507,0,0,0,0,0,0,0,0,0,0,22,0
24508,2,11,3,0,0,0,0,0,0,0,0,0
24509,0,0,0,0,0,0,0,0,0,0,0,0
24510,0,0,0,0,0,0,1,1,0,0,0,0
24511,0,0,0,0,1,32,0,0,0,0,0,0
24512,0,0,0,0,0,0,0,0,0,0,2,0
24513,0,0,0,0,0,1,0,0,0,0,0,0
24514,0,0,0,16,0,15,0,0,0,0,0,0
24515,0,0,0,0,0,0,8,0,1,0,0,0
24516,0,1,0,0,0,0,0,0,0,0,0,0
24517,0,0,0,0,0,1,0,0,0,4,228,0
24518,0,3,1,0,0,0,0,0,0,0,0,0
24519,1,24,0,0,0,0,0,0,0,0,0,0
24520,1,21,41,0,0,0,0,0,0,0,0,0
24521,0,0,0,0,0,0,7,25,5,0,0,0
24522,0,0,0,0,0,1,0,0,0,0,0,0
24523,0,0,0,12,12,55,0,0,0,0,0,0
24524,0,0,0,0,0,0,0,0,0,0,0,0
24525,0,1,0,0,0,0,0,0,0,0,0,0
24526,0,1,0,0,0,0,160,0,0,0,0,0
24527,0,0,0,0,0,0,1,1,0,0,0,0
24528,0,0,0,0,0,0,0,0,0,0,1,0
24529,0,0,0,2,2,26,0,0,0,0,0,0
24530,0,0,0,0,0,0,0,0,10,0,0,0
24531,0,1,4,0,0,0,0,0,0,0,0,0
24532,5,45,2,0,0,0,0,0,0,0,0,0
24533,0,0,0,0,0,0,0,8,2,0,0,0
24534,0,0,0,0,1,0,0,0,0,0,0,0
24535,0,0,0,1,1,0,35,264,2,0,0,0
24536,0,0,0,0,0,0,0,0,0,0,1,0
24537,0,0,0,0,0,0,0,0,0,0,0,0
24538,0,10,1,0,0,0,0,0,0,0,0,0
24539,1,7,0,0,0,0,0,0,0,0,0,0
24540,0,0,0,1,0,0,0,0,0,0,0,0
24541,0,0,0,58,1,12,0,0,0,0,0,0
24542,0,0,0,0,0,0,1,1,0,0,0,0
24543,0,0,0,0,0,0,0,0,0,0,0,0
24544,0,0,0,0,0,35,0,0,0,0,0,0
24545,0,1,0,0,0,0,0,0,0,0,0,0
24546,0,0,0,0,0,0,1,2,0,0,0,0
24547,0,0,0,0,0,0,78,0,0,0,0,0
24548,0,0,0,0,0,13,0,0,0,0,0,0
24549,0,0,0,0,0,2,0,0,0,0,0,0
24550,0,0,0,0,0,0,24,0,0,0,0,0
24551,0,7,0,0,0,0,0,0,0,0,0,0
24552,0,0,0,0,0,0,0,0,0,0,0,0
24553,0,0,0,0,0,0,0,0,0,7,140,0
24554,2,2,0,0,0,0,0,0,0,0,0,0
24555,0,0,0,0,0,0,0,0,0,0,13,0
24556,24,42,3,0,0,0,0,0,0,0,0,0
24557,0,0,0,0,0,0,0,7,0,0,0,0
24558,0,0,0,0,0,0,0,1,1,0,0,0
24559,0,0,0,0,0,1,0,0,0,5,123,0
24560,0,0,6,0,0,0,0,0,0,0,0,0
24561,0,0,0,0,0,0,1,2,0,0,0,0
24562,0,8,0,0,0,0,0,0,0,0,0,0
24563,0,0,0,0,0,0,0,0,0,0,6,0
24564,0,0,0,0,0,0,0,0,0,0,0,0
24565,0,0,0,6,2,57,0,0,0,0,2,0
24566,0,0,0,0,0,0,0,0,0,1,5,1
24567,4,0,0,0,0,0,0,0,0,0,0,0
24568,5,36,6,0,0,0,0,0,0,0,0,0
24569,0,0,0,0,0,0,0,0,0,0,0,0
24570,0,0,0,0,27,0,0,28,0,0,0,0
24571,0,0,0,0,0,14,0,0,0,0,0,0
24572,0,0,0,0,0,41,0,0,0,0,0,0
24573,0,0,0,0,0,0,0,0,0,0,0,0
24574,0,0,0,0,0,0,61,4,0,0,0,0
24575,0,0,0,0,0,0,0,0,0,0,1,0
24576,2,0,0,0,0,0,0,0,0,0,0,0
24577,0,0,0,0,0,0,53,42,11,0,0,0
24578,1,2,0,0,0,0,0,0,0,0,0,0
24579,0,0,0,0,0,0,0,0,0,0,393,0
24580,5,45,14,0,0,0,0,0,0,0,0,0
24581,0,0,0,12,0,5,0,0,0,0,0,0
24582,1,1,12,0,0,0,0,0,0,0,0,0
24583,0,0,0,0,0,198,0,0,0,0,0,0
24584,0,0,0,0,0,0,1,2,0,0,0,0
24585,0,0,0,0,0,8,0,0,0,0,0,0
24586,0,0,0,0,0,0,69,240,3,0,0,0
24587,2,9,0,0,0,0,0,0,0,0,0,0
24588,0,0,0,0,0,0,0,0,0,3,163,3
24589,0,0,0,11,7,52,0,0,0,0,0,0
24590,0,0,0,0,0,0,0,0,0,0,1,0
24591,4,2,0,0,0,0,0,0,0,0,0,0
24592,0,4,0,0,0,0,0,0,0,0,0,0
24593,0,0,0,0,0,0,0,0,0,0,2,0
24594,14,4,0,1,0,0,0,0,0,0,0,0
24595,2,30,0,0,0,0,0,0,0,0,0,0
24596,0,0,0,0,0,32,0,0,0,0,0,0
24597,0,0,0,0,0,4,0,0,0,0,0,0
24598,12,24,0,0,0,0,1,0,0,0,0,0
24599,0,0,14,0,0,0,0,0,0,0,0,0
24600,0,0,0,0,0,1,0,0,0,0,0,0
24601,0,0,0,4,0,16,0,0,0,0,0,0
24602,0,0,8,0,0,0,0,0,0,0,0,0
24603,0,0,0,0,0,0,31,4,18,0,0,0
24604,0,39,1,0,0,0,0,0,0,0,0,0
24605,0,0,0,0,0,0,1,5,0,0,0,0
24606,0,0,0,0,0,0,0,0,0,0,3,1
24607,0,0,0,4,0,19,0,0,0,0,1,0
24608,0,0,0,0,2,0,64,21,0,0,0,0
24609,0,0,0,0,0,0,0,0,0,0,26,0
24610,14,21,2,0,0,0,0,0,0,0,0,0
24611,0,0,0,0,0,0,1,0,0,0,0,0
24612,0,1,0,0,0,0,0,0,0,0,0,0
24613,2,44,1,0,0,0,0,0,0,0,0,0
24614,1,97,4,0,0,0,0,0,0,0,0,0
24615,0,0,0,0,0,3,0,0,0,0,0,0
24616,0,0,0,0,0,0,0,0,0,8,462,4
24617,0,0,10,0,0,0,0,0,0,0,0,0
24618,0,0,0,0,0,0,0,2,2,0,0,0
24619,0,26,4,0,0,0,0,0,0,0,0,0
24620,0,0,0,0,2,0,8,993,0,0,0,0
24621,0,0,0,0,0,0,0,0,0,3,466,6
24622,0,0,0,0,0,0,0,0,0,0,0,0
24623,0,0,0,2,0,2,0,0,0,0,0,0
24624,0,0,0,0,0,0,0,0,0,7,75,0
24625,0,0,0,1,1,14,0,0,0,0,0,0
24626,0,0,0,0,0,0,0,63,0,0,0,0
24627,0,0,0,0,0,0,0,0,0,0,0,0
24628,0,0,0,2,2,88,0,0,0,0,0,0
24629,10,3,0,0,0,0,0,0,0,0,0,0
24630,2,53,3,0,0,0,0,0,0,0,0,0
24631,0,0,0,0,0,63,0,0,0,0,0,0
24632,0,0,0,0,0,0,0,0,0,7,22,2
24633,0,0,0,6,7,2,0,0,0,0,0,0
24634,0,0,0,4,0,44,0,0,0,0,2,0
24635,0,0,0,0,0,0,0,2,0,0,0,0
24636,0,0,0,0,0,0,0,0,2,0,0,168
24637,1,0,0,20,1,24,0,0,0,0,0,0
24638,0,0,0,0,0,0,6,210,0,0,0,0
24639,0,0,0,0,0,0,0,0,0,0,4,2
24640,0,0,0,2,0,25,0,0,0,0,0,0
24641,0,12,0,0,0,0,0,0,0,0,0,0
24642,0,0,0,0,0,496,0,0,0,12,16661,18
24643,0,0,0,5,1,9,0,0,0,0,0,0
24644,0,0,0,0,0,0,0,0,0,0,0,0
24645,0,2,0,0,0,0,0,0,0,0,0,0
24646,0,6,0,0,0,0,0,0,0,0,0,0
24647,0,12,0,0,0,0,0,0,0,0,0,0
24648,0,0,0,0,1,1,0,0,0,0,0,0
24649,0,0,0,0,0,0,2,36,0,0,0,0
24650,0,0,0,1,29,2,0,0,0,0,0,0
24651,0,0,0,0,0,0,0,0,0,2,8,0
24652,26,27,1,0,0,0,0,0,0,0,0,0
24653,0,0,0,0,0,0,0,0,0,0,0,0
24654,3,0,0,0,0,0,0,0,0,0,0,0
24655,0,0,0,0,0,0,20,5,0,0,0,0
24656,0,0,0,2,0,1,0,0,0,0,0,0
24657,0,0,0,0,0,0,0,1,0,0,0,0
24658,0,0,0,0,0,21,0,0,0,0,0,0
24659,0,0,0,0,0,0,2,5,0,0,0,0
24660,0,0,0,0,4,50,0,0,0,0,0,0
24661,2,53,0,0,0,0,0,0,0,0,0,0
24662,0,0,0,0,0,0,0,0,0,19,5,0
24663,0,0,0,0,2,0,0,0,0,0,0,0
24664,0,0,0,4,2,8,0,0,0,0,0,0
24665,0,0,0,0,0,0,0,0,0,0,0,0
24666,0,0,0,0,0,0,0,15,0,0,0,0
24667,0,17,1,0,0,0,0,0,0,0,0,0
24668,0,0,0,0,0,0,0,0,0,1,1,0
24669,0,0,0,0,0,0,0,0,0,0,0,0
24670,0,32,0,0,0,0,0,0,0,0,0,0
24671,0,0,0,1,0,0,0,0,0,0,0,0
24672,0,0,0,0,0,0,0,0,0,0,3,0
24673,22,48,1,0,0,0,0,0,0,0,0,0
24674,0,1,1,0,0,0,0,0,0,0,0,0
24675,1,52,15,0,0,0,0,0,0,0,0,0
24676,2,16,7,0,0,0,0,0,0,0,0,0
24677,0,5,12,0,0,0,0,0,0,0,0,0
24678,0,0,0,0,0,0,2,1,0,0,0,0
24679,2,30,0,0,0,0,0,0,0,0,0,0
24680,0,0,0,0,4,0,13,245,1,0,0,0
24681,0,0,0,0,1,5,0,0,0,0,0,0
24682,0,0,0,38,5,21,0,0,0,0,0,0
24683,0,0,0,0,0,0,0,1,0,0,0,0
24684,0,27,1,0,0,0,0,0,0,0,0,0
24685,0,0,0,1,2,87,0,0,0,0,0,0
24686,0,0,0,2,1,6,0,0,0,0,0,0
24687,0,0,0,1,0,1,0,0,0,0,0,0
24688,0,0,0,1,0,12,0,0,0,0,0,0
24689,0,0,0,1,0,0,0,0,0,0,0,0
24690,0,0,0,0,0,0,0,3,0,0,0,0
24691,0,0,0,0,1,34,0,0,0,0,0,0
24692,0,0,0,0,0,0,0,1,1,0,0,0
24693,0,0,0,0,0,0,4,2,0,0,0,0
24694,199,52,10,0,0,0,0,0,0,0,0,0
24695,0,8,19,0,0,0,0,0,0,0,0,0
24696,25,177,20,0,0,0,2,3,0,0,0,0
24697,0,6,0,0,0,0,762,50,0,0,0,0
24698,0,0,0,0,0,0,7,0,0,0,0,0
24699,0,0,0,0,0,0,2,0,0,0,0,0
24700,0,0,0,0,0,1,0,0,0,17,214,1
24701,0,0,0,0,1,4,0,0,0,0,0,0
24702,6,10,0,0,0,0,0,0,0,0,0,0
24703,0,0,0,0,0,140,0,0,0,0,1,0
24704,0,0,0,0,0,0,0,0,0,0,4,0
24705,0,0,0,0,0,0,0,0,0,0,0,0
24706,0,0,0,0,0,130,0,0,0,0,1,0
24707,0,0,0,0,0,0,0,0,0,34,8,10
24708,0,0,0,1,0,0,0,0,0,0,0,0
24709,0,0,0,1,1,37,0,0,0,0,0,0
24710,3,14,1,0,0,0,0,0,0,0,0,0
24711,0,0,0,0,0,8,0,0,0,0,0,0
24712,0,0,0,0,2,0,33,121,16,0,0,0
24713,0,0,0,0,0,0,0,0,0,0,0,0
24714,0,0,0,0,0,0,0,0,0,0,1,0
24715,0,0,1,0,0,0,0,0,0,27,154,0
24716,0,0,0,1,2,24,0,0,0,0,0,0
24717,229,0,0,230,0,1,0,0,0,0,0,0
24718,0,0,0,0,0,0,0,0,0,46,175,0
24719,0,0,0,0,0,0,0,0,0,2,2,0
24720,0,0,0,0,0,0,0,0,0,0,1,0
24721,2,0,0,55,11,151,0,0,0,0,0,0
24722,0,0,0,0,0,0,0,0,0,0,2,0
24723,1,1,0,0,0,0,0,0,0,0,0,0
24724,0,0,0,0,0,0,42,0,0,0,0,0
24725,0,0,0,1,5,3,0,0,0,0,0,0
24726,0,0,0,0,0,0,0,0,0,0,14,0
24727,273,46,8,1,0,0,0,0,0,0,0,0
24728,0,0,0,0,0,0,1,0,0,0,0,0
24729,0,0,0,0,0,0,0,0,0,0,72,0
24730,10,9,1,0,0,0,0,0,0,0,0,0
24731,0,0,0,0,0,0,0,0,0,0,1,0
24732,0,0,0,0,0,0,0,0,0,0,3,1
24733,0,0,0,16,22,488,0,0,0,0,18,0
24734,0,0,0,0,0,0,0,0,0,2,173,0
24735,5,7,0,0,0,0,0,0,0,0,0,0
24736,0,0,0,3,1,44,0,0,0,0,0,0
24737,0,0,0,0,0,0,1,1,1,0,0,0
24738,0,0,0,0,0,0,0,0,0,0,0,0
24739,0,0,0,1,3,52,0,0,0,0,0,0
24740,0,0,0,0,0,0,27,19,1,0,0,0
24741,0,0,0,0,0,6,0,0,0,0,0,0
24742,95,37,15,0,0,0,0,0,0,0,0,0
24743,0,0,0,0,0,0,12,24,0,0,0,0
24744,0,0,0,0,0,8,0,0,0,0,0,0
24745,0,0,0,0,0,109,0,0,0,33,1845,3
24746,0,0,0,0,0,20,0,0,0,0,0,0
24747,0,0,0,4,0,0,0,0,0,0,0,0
24748,0,0,0,0,0,12,0,0,0,1,2584,0
24749,0,0,0,3,1,20,0,0,0,0,0,0
24750,0,0,0,0,0,0,0,0,0,0,0,0
24751,0,0,0,0,0,0,40,384,2,0,0,0
24752,0,0,0,0,0,0,0,0,0,0,0,0
24753,0,0,0,0,0,0,0,0,0,0,0,0
24754,0,0,0,0,0,54,0,0,0,0,1,0
24755,0,0,0,0,0,0,15,92,1,0,0,0
24756,0,0,0,0,0,26,0,0,0,0,0,0
24757,0,0,0,0,0,0,10,571,16,0,0,0
24758,0,11,0,0,0,0,0,0,0,0,0,0
24759,0,0,1,0,0,0,0,0,0,79,10,1
24760,0,0,0,1,2,42,0,0,0,0,0,0
24761,0,0,0,0,0,1,0,0,0,0,0,0
24762,14,2,0,0,0,0,0,0,0,0,0,0
24763,0,0,0,0,0,205,0,0,0,0,0,0
24764,0,0,0,0,0,0,24,145,7,0,0,0
24765,0,0,0,0,0,12,0,0,0,0,0,0
24766,0,0,0,0,0,0,0,0,0,4,111,2
24767,0,0,0,0,0,0,0,0,0,20,204,0
24768,0,0,0,0,0,0,0,0,0,3,7,0
24769,0,0,0,8,4,389,0,0,0,0,1,0
24770,0,0,0,0,2,0,15,459,0,0,0,0
24771,0,0,0,0,0,19,0,0,0,2,495,2
24772,0,21,9,0,0,0,0,0,0,3,0,0
24773,0,0,0,0,0,0,0,0,0,5,7,0
24774,327,39,4,7,0,0,0,0,0,0,0,0
24775,734,104,5,71,0,0,2,0,0,0,0,0
24776,0,0,0,0,0,0,28,0,18,0,0,0
24777,4,6,8,0,0,0,0,0,0,0,0,0
24778,3,16,6,0,0,0,0,0,0,0,0,0
24779,0,57,5,0,0,0,1,0,0,0,0,0
24780,97,45,212,1,0,0,0,0,0,35,0,0
24781,0,8,0,0,4,0,278,972,113,0,0,0
24782,15,40,11,0,0,0,0,0,0,0,0,0
24783,0,237,0,0,0,0,1,0,0,0,0,0
24784,0,0,0,0,0,1,0,0,0,17,174,1
24785,0,0,0,0,5,29,0,0,0,0,0,0
24786,0,0,0,5,2,2,0,0,0,0,0,0
24787,0,0,0,0,0,3,0,0,0,2,153,0
24788,28,4,1,0,0,0,0,0,0,0,0,0
24789,0,0,0,0,0,0,0,0,0,1,67,0
24790,3,58,12,0,0,0,0,0,0,1,0,0
24791,1,17,0,0,0,0,0,0,0,0,0,0
24792,0,0,0,0,0,0,0,0,0,1,13,2
24793,0,0,0,28,3,65,0,0,0,0,0,0
24794,0,1,0,0,5,0,171,1690,2,0,0,0
24795,0,0,0,0,0,0,0,0,0,3,243,0
24796,0,0,0,4,1,103,0,0,0,0,2,0
24797,0,0,0,0,0,0,0,0,0,49,198,4
24798,0,0,0,0,0,0,0,0,0,0,4,0
24799,2,0,0,61,3,113,0,0,0,0,0,0
24800,0,0,0,0,0,0,1,25,1,0,0,0
24801,0,0,0,0,0,0,0,0,0,0,2,0
24802,0,0,0,0,0,0,0,0,0,9,102,2
24803,10,340,3,0,0,0,0,0,0,0,0,0
24804,0,0,0,0,0,2,0,0,0,0,0,0
24805,0,0,0,21,5,30,0,0,0,0,0,0
24806,0,0,0,1,0,0,0,0,0,0,0,0
24807,0,0,0,0,0,0,0,1,0,0,0,0
24808,0,0,0,0,0,20,0,0,0,0,0,0
24809,0,0,0,0,0,0,0,0,0,5,220,0
24810,0,8,0,0,0,0,0,0,0,0,0,0
24811,1,0,0,24,1,236,0,0,0,0,0,0
24812,0,0,0,0,3,0,21,582,10,0,0,0
24813,4,106,13,0,0,0,1,0,0,0,0,0
24814,0,0,0,16,13,105,0,0,0,0,0,0
24815,0,0,0,0,0,0,62,7,24,0,0,0
24816,0,0,0,0,0,0,99,42,50,0,0,0
24817,3,28,19,0,0,0,0,0,0,0,0,0
24818,1,13,3,0,0,0,0,0,0,0,0,0
24819,0,29,3,0,0,0,0,0,0,0,0,0
24820,4,5,4,0,0,0,0,0,0,0,0,0
24821,0,0,0,0,0,0,7,363,0,0,0,0
24822,0,0,0,0,0,0,0,0,0,0,28,53
24823,24,8,2,0,0,0,0,0,0,0,0,0
24824,0,0,0,0,0,0,0,0,0,0,53,0
24825,0,14,0,0,0,0,0,0,0,0,0,0
24826,0,0,0,0,0,0,0,0,0,3,33,0
24827,0,0,0,0,2,6,0,0,0,0,0,0
24828,0,0,0,3,0,0,0,0,0,0,0,0
24829,0,0,0,0,0,78,0,0,0,0,0,0
24830,0,0,0,0,0,0,0,0,0,2,13,0
24831,0,0,0,0,0,0,0,0,0,1,5,0
24832,2,0,0,29,5,188,0,0,0,0,0,0
24833,0,0,0,0,0,0,0,0,0,14,44,0
24834,0,1,0,0,1,0,123,148,1,0,0,0
24835,0,0,0,1,5,44,0,0,0,0,0,0
24836,0,1,0,0,0,0,72,0,0,0,0,0
24837,4,30,23,0,0,0,0,0,0,0,0,0
24838,4,62,9,0,0,0,0,0,0,0,0,0
24839,0,0,0,0,0,0,6,2,0,0,0,0
24840,0,0,0,0,0,0,1,0,0,0,0,0
24841,0,0,0,1,2,32,0,0,0,0,0,0
24842,0,1,0,0,0,0,66,17,0,0,0,0
24843,0,0,0,0,0,13,0,0,0,0,0,0
24844,0,0,0,0,0,0,0,0,0,36,198,0
24845,0,0,0,0,0,23,0,0,0,0,0,0
24846,0,0,0,0,0,2,0,0,0,0,0,0
24847,0,0,0,1,1,21,0,0,0,0,0,0
24848,0,0,0,0,0,0,18,6,2,0,0,0
24849,0,0,0,0,0,11,0,0,0,0,0,0
24850,0,0,0,3,2,46,0,0,0,0,0,0
24851,0,0,0,8,11,0,0,0,0,0,0,0
24852,0,0,0,0,0,0,0,0,0,0,11,0
24853,7,12,1,0,0,0,0,0,0,0,0,0
24854,0,3,0,0,0,0,0,0,0,0,0,0
24855,2,8,1,0,0,0,0,0,0,0,0,0
24856,0,0,0,0,1,64,0,0,0,0,0,0
24857,0,1,0,0,0,0,72,3,0,0,0,0
24858,0,0,0,0,0,0,91,9,1,0,0,0
24859,0,0,0,0,0,0,0,0,0,0,51,0
24860,7,11,0,0,0,0,0,0,0,0,0,0
24861,0,0,0,0,0,0,0,0,0,5,28,0
24862,3,155,2,0,0,0,1,0,0,0,0,0
24863,0,0,0,0,0,1,0,4,2,13,725,254
24864,2,12,0,0,0,0,0,0,0,0,0,0
24865,0,0,0,0,0,0,0,0,0,107,1067,11
24866,0,0,0,0,0,0,0,0,0,0,0,0
24867,0,0,0,0,0,0,1,68,2,0,0,0
24868,0,0,0,0,3,0,0,32,2,0,0,0
24869,0,0,0,0,6,35,0,0,0,0,0,0
24870,0,0,0,2,3,9,0,0,0,0,0,0
24871,0,0,0,7,0,5,0,0,0,0,0,0
24872,0,0,0,0,6,0,149,1029,54,0,0,0
24873,0,0,0,0,0,7,0,0,0,0,0,0
24874,5,549,1,0,0,0,10,0,0,0,0,0
24875,1,0,0,0,0,0,0,0,0,0,0,0
24876,0,0,0,0,0,0,0,0,0,3,1,0
24877,2,8,1,0,0,0,0,0,0,0,0,0
24878,0,0,0,0,0,0,0,0,0,0,1,0
24879,3,1,0,0,0,0,0,0,0,0,0,0
24880,2,29,0,0,0,0,0,0,0,0,0,0
24881,3,6,8,0,0,0,0,0,0,0,0,0
24882,0,0,0,0,0,0,14,11,2,0,0,0
24883,0,0,0,0,0,0,137,65,1,0,0,0
24884,0,0,8,0,0,0,0,0,0,0,0,0
24885,2,14,1,0,0,0,0,0,0,0,0,0
24886,0,0,0,1,1,34,0,0,0,0,0,0
24887,1,0,0,42,0,41,0,0,0,0,0,0
24888,0,0,0,1,0,0,0,0,0,0,0,0
24889,0,0,0,0,0,13,0,0,0,0,0,0
24890,0,0,0,0,0,2,0,0,0,0,0,0
24891,2,1,0,0,0,0,0,0,0,0,0,0
24892,0,0,0,0,1,324,0,0,0,0,9,0
24893,0,28,0,0,0,0,1535,0,217,0,0,0
24894,4,2,14,0,0,0,0,0,0,0,0,0
24895,0,12,5,0,0,0,0,0,0,0,0,0
24896,0,0,0,0,0,0,0,0,0,5,44,1
24897,0,0,0,0,0,0,0,0,0,16,56,3
24898,4,12,1,0,0,0,0,0,0,0,0,0
24899,0,0,2,0,0,0,0,0,0,66,0,4
24900,107,7,0,0,0,0,0,0,0,0,0,0
24901,7,230,6,0,0,0,1,0,0,0,0,0
24902,10,201,34,0,0,0,0,0,0,0,0,0
24903,0,0,0,0,3,152,0,0,0,0,0,0
24904,0,0,0,0,0,50,0,0,0,7,2430,5
24905,2,58,4,0,0,0,0,0,0,0,0,0
24906,0,0,0,0,0,11,0,0,0,0,0,0
24907,0,0,0,19,0,42,0,0,0,0,0,0
24908,0,3,0,0,0,0,0,0,0,0,0,0
24909,0,0,4,0,0,0,0,0,0,202,25,11
24910,0,0,0,5,1,4121,0,0,0,0,41,0
24911,2,8,0,0,0,0,0,0,0,0,0,0
24912,0,0,0,0,0,1,0,0,0,5,757,3
24913,11,75,2,0,0,0,0,0,0,0,0,0
24914,0,0,0,0,3,0,0,238,314819,2,705,1549
24915,0,10,10,0,0,0,0,0,0,0,0,0
24916,0,0,0,0,0,0,0,0,0,4,139,1
24917,1,2,0,0,0,0,0,0,0,0,0,0
24918,0,11,1,0,0,0,0,0,0,0,0,0
24919,0,0,0,1,0,13,0,0,0,1,1052,0
24920,73,2,0,0,0,0,0,0,0,0,0,0
24921,0,0,0,0,0,1,0,0,0,0,91,0
24922,6,139,2,0,0,0,0,0,0,0,0,0
24923,0,0,0,0,2,101,0,0,0,0,0,0
24924,0,0,0,0,1,0,0,0,0,0,0,0
24925,0,0,0,3,0,156,0,0,0,0,1,0
24926,0,13,0,0,3,0,58,520,3,0,0,0
24927,0,0,0,0,1,3,0,0,0,0,0,0
24928,0,0,0,0,1,0,25,2557,6,0,0,0
24929,0,0,0,0,6,1,0,0,0,0,0,0
24930,0,0,0,0,0,0,0,0,0,0,3,0
24931,0,0,0,4,2,16,0,0,0,0,0,0
24932,0,0,0,0,0,0,62,49,1,0,0,0
24933,0,0,0,0,0,0,0,0,0,0,0,0
24934,0,0,0,0,0,18,0,0,0,0,0,0
24935,4,43,0,0,0,0,0,0,0,0,0,0
24936,0,7,2,0,0,0,0,0,0,0,0,0
24937,0,0,0,0,0,0,0,0,0,7,115,0
24938,0,0,0,0,0,0,0,0,0,0,0,0
24939,0,0,0,0,0,0,0,0,0,0,0,0
24940,0,0,0,0,0,18,0,0,0,0,0,0
24941,0,0,0,0,0,0,6,23,1,0,0,0
24942,1,196,16,0,0,0,0,0,0,0,0,0
24943,0,0,0,11,1,56,0,0,0,0,0,0
24944,0,0,0,0,0,0,78,36,15,0,0,3
24945,0,0,0,0,0,4,0,0,0,0,0,0
24946,0,0,0,2,2,19,0,0,0,0,5,0
24947,0,0,0,0,0,0,61,39,2,0,0,0
24948,0,0,0,0,0,3,0,0,0,0,0,0
24949,2,89,4,0,0,0,0,0,0,0,0,0
24950,5,74,5,0,0,0,0,0,0,0,0,0
24951,0,0,0,0,0,17,0,0,0,0,0,0
24952,28,59,0,0,0,0,0,0,0,0,0,0
24953,0,0,0,0,0,0,0,3,10,0,0,0
24954,0,0,0,0,0,0,8,2,34,0,0,0
24955,18,15,4,0,0,0,0,0,0,0,0,0
24956,3,73,1,0,0,0,0,0,0,0,0,0
24957,0,0,0,0,1,8,0,0,0,0,0,0
24958,0,0,0,0,0,33,0,0,0,0,0,0
24959,0,0,0,0,0,0,81,133,59,0,0,1
24960,0,0,0,1,0,89,0,0,0,0,0,0
24961,0,0,1,0,0,0,0,0,0,20,106,1
24962,1,4,0,0,0,0,0,0,0,0,0,0
24963,0,5,0,0,0,0,0,0,0,0,0,0
24964,0,0,0,0,0,0,0,0,0,1,60,0
24965,8,8,2,0,0,0,0,0,0,0,0,0
24966,3,0,2,0,0,0,0,0,0,0,0,0
24967,0,0,0,0,0,0,0,0,0,0,155,1
24968,2,4,0,0,0,0,0,0,0,0,0,0
24969,0,0,0,0,0,0,0,0,0,10,53,0
24970,3,7,3,0,0,0,0,0,0,0,0,0
24971,0,0,0,0,0,0,13,8,0,0,0,0
24972,0,0,0,1,0,0,0,0,0,0,0,0
24973,0,0,0,0,2,54,0,0,0,0,0,0
24974,0,0,0,0,1,3,0,0,0,0,0,0
24975,1,5,0,0,0,0,0,0,0,0,0,0
24976,0,0,0,0,0,54,0,0,0,0,0,0
24977,0,0,0,0,0,0,154,94,152,0,2,0
24978,2,2,2,0,0,0,0,0,0,0,0,0
24979,0,0,0,1,2,205,0,0,0,0,0,0
24980,0,0,0,0,0,0,0,0,0,0,29,0
24981,0,0,0,0,0,0,0,0,0,0,3,0
24982,0,0,0,9,12,483,0,0,0,0,10,0
24983,0,0,0,0,0,20,0,0,0,0,0,0
24984,0,0,0,0,130,4,0,1,0,0,0,0
24985,0,0,0,0,2,0,51,180,0,0,0,0
24986,0,0,0,0,0,0,0,0,0,0,1,0
24987,7,0,0,0,0,0,0,0,0,0,0,0
24988,1,15,0,0,0,0,0,0,0,0,0,0
24989,0,0,0,0,0,0,0,0,0,5,33,0
24990,0,0,0,0,0,0,0,0,0,1,89,0
24991,0,0,0,7,26,14,0,0,0,0,0,0
24992,0,0,0,0,0,0,8,0,146,0,0,0
24993,20,3,13,0,0,0,0,0,0,0,0,0
24994,7,27,6,0,0,0,0,0,0,0,0,0
24995,0,0,0,0,1,54,0,0,0,0,0,0
24996,0,0,0,0,0,1,0,0,0,0,0,0
24997,0,250,0,0,0,0,6,0,0,0,0,0
24998,0,0,0,0,0,0,16,152,133,0,0,0
24999,1,13,17,0,0,0,0,0,0,1,0,0
25000,0,0,1,0,0,43,0,0,0,18,8459,8
25001,0,0,0,0,4,1,0,0,0,0,0,0
25002,0,0,0,0,0,0,0,0,0,0,156,0
25003,106,1475,3,0,0,3,1,0,1,0,0,0
25004,0,0,0,0,0,1,0,0,0,0,0,0
25005,0,0,0,1,0,2,0,0,0,0,0,0
25006,0,0,0,0,0,9,0,0,0,0,1636,1
25007,0,2,4,0,0,0,0,0,0,0,0,0
25008,5,44,0,0,0,0,0,0,0,0,0,0
25009,0,3,0,0,0,0,279,5,2,0,0,0
25010,0,0,0,0,0,0,39,1,14,0,0,0
25011,3,2,4,0,0,0,0,0,0,0,0,0
25012,0,0,0,0,11,0,64,180,19,0,0,0
25013,0,0,0,0,0,0,0,2,0,0,0,0
25014,0,0,0,0,0,0,0,0,0,0,0,0
25015,0,0,0,0,0,0,3,50,0,0,0,0
25016,0,0,0,0,0,25,0,0,0,0,0,0
25017,0,0,0,0,0,0,0,0,0,0,0,0
25018,0,49,0,0,0,0,0,0,0,0,0,0
25019,0,0,0,0,2,0,22,441,7,0,0,0
25020,1,39,41,0,0,0,0,0,0,0,0,0
25021,0,0,0,0,0,49,0,0,0,0,0,0
25022,1,2,0,0,0,0,0,0,0,0,0,0
25023,3,11,3,0,0,0,0,0,0,2,0,0
25024,0,35,0,0,0,0,0,0,0,0,0,0
25025,0,0,0,0,0,21,0,0,0,0,0,0
25026,159,0,0,0,0,0,0,0,0,0,0,0
25027,0,0,0,1,0,56,0,0,0,0,2,0
25028,0,0,0,0,0,32,0,0,0,0,0,0
25029,0,0,0,0,0,0,0,0,0,0,0,0
25030,0,0,0,3,0,8,0,0,0,0,0,0
25031,0,4,0,0,0,0,0,0,0,0,0,0
25032,4,15,7,0,0,0,0,0,0,0,0,0
25033,0,0,0,0,0,0,57,20,2,0,0,0
25034,0,8,4,0,0,0,0,0,0,0,0,0
25035,1,12,4,0,0,0,0,0,0,0,0,0
25036,0,0,0,0,1,102,0,0,0,0,0,0
25037,0,0,0,0,0,0,0,0,0,1,58,0
25038,7,30,1,0,0,0,0,0,0,0,0,0
25039,0,0,0,1,0,174,0,0,0,0,1,0
25040,1,4,0,0,0,0,0,0,0,0,0,0
25041,0,0,0,0,0,0,0,0,0,4,11,1
25042,9,58,5,0,0,0,1,1,0,0,0,0
25043,0,0,0,1,4,5,0,0,0,0,0,0
25044,0,0,0,0,0,0,0,0,0,0,2,0
25045,1,72,0,0,0,0,0,0,0,0,0,0
25046,0,0,0,0,0,2,0,0,0,11,1307,20
25047,0,0,0,0,0,1,0,0,1,12,841,153
25048,30,66,3,0,0,0,0,0,0,0,0,0
25049,0,0,0,0,8,0,48,1332,23,0,0,0
25050,37,43,50,0,0,0,1,0,0,0,0,0
25051,0,0,0,1,12,17,0,0,0,0,0,0
25052,0,0,0,0,0,0,59,40,0,0,0,0
25053,0,0,0,0,1,4,0,0,0,0,0,0
25054,0,0,0,6,0,17,0,0,0,0,0,0
25055,0,0,0,0,0,0,22,80,0,0,0,0
25056,6,44,8,0,0,0,0,0,0,0,0,0
25057,0,0,0,1,2,25,0,0,0,0,0,0
25058,0,0,0,0,0,10,0,0,0,0,0,0
25059,0,0,0,0,0,0,0,0,0,0,0,0
25060,8,11,0,0,0,0,0,0,0,0,0,0
25061,0,0,0,0,0,0,16,22,69,0,0,1
25062,0,0,0,0,4,0,21,1227,469,0,1,6
25063,0,0,0,0,1,22,0,0,0,0,0,0
25064,0,0,0,0,0,0,4,24,11,0,0,0
25065,1,395,3,0,0,0,7,0,0,0,0,0
25066,0,0,0,0,0,0,0,0,0,4,145,0
25067,43,51,14,0,0,0,1,0,0,0,0,0
25068,0,0,0,0,0,5,0,0,0,0,0,0
25069,0,0,0,0,0,0,0,0,0,27,130,0
25070,0,0,0,6,4,3,0,0,0,0,0,0
25071,0,0,0,0,0,0,0,0,0,3,41,0
25072,0,0,0,4,19,1368,0,0,0,0,37,0
25073,0,0,0,0,0,0,97,3,0,0,0,0
25074,0,0,0,0,0,0,26,65,0,0,0,0
25075,0,0,0,0,0,0,0,0,0,3,181,0
25076,0,55,0,0,0,0,0,0,0,0,0,0
25077,0,0,0,0,1,2,0,0,0,0,0,0
25078,0,0,0,2,0,34,0,0,0,0,0,0
25079,2,0,7,0,0,0,0,0,0,0,0,0
25080,0,20,2,0,0,0,0,0,0,0,0,0
25081,0,0,0,4,1,162,0,0,0,0,1,0
25082,0,0,0,0,0,0,1,35,1,0,0,0
25083,0,0,0,0,0,1,0,0,0,0,257,0
25084,0,0,0,2,2,58,0,0,0,0,1,0
25085,0,0,0,2,4,2,0,0,0,0,0,0
25086,0,0,0,0,0,0,0,0,0,0,11,0
25087,12,25,3,0,0,0,0,0,0,0,0,0
25088,0,0,0,0,516,0,6,17730,2,0,0,0
25089,0,0,0,0,0,1,0,0,0,0,0,0
25090,0,0,0,1,0,10,0,0,0,0,0,0
25091,0,3,0,0,0,0,275,64,13,0,0,0
25092,0,0,0,0,1,4,0,0,0,0,0,0
25093,102,17,0,0,0,0,0,0,0,0,0,0
25094,2,5,1,0,0,0,0,0,0,0,0,0
25095,0,2,1,0,0,0,0,0,0,0,0,0
25096,0,0,0,0,0,3,0,0,0,1,2576,1
25097,1,25,3,0,0,0,0,0,0,0,0,0
25098,0,0,0,1,0,4,0,0,0,0,0,0
25099,0,0,0,1,0,39,0,0,0,0,0,0
25100,0,0,0,0,0,0,0,0,0,28,3,7
25101,8,13,0,0,0,0,0,0,0,0,0,0
25102,0,24,4,0,0,0,0,0,0,0,0,0
25103,0,18,19,0,0,0,0,0,0,0,0,0
25104,14,53,14,0,0,0,0,0,0,0,0,0
25105,19,524,11,0,0,0,4,0,0,0,0,0
25106,0,0,0,0,0,0,3,0,57,0,0,0
25107,0,0,1,0,0,0,0,0,0,0,0,0
25108,3,66,106,0,0,0,0,0,0,1,0,0
25109,0,33,5,0,0,0,0,0,0,0,0,0
25110,0,0,0,0,1,0,0,0,0,0,0,0
25111,0,0,0,106,3,44,0,0,0,0,1,0
25112,0,0,0,0,0,0,22,54,0,0,0,0
25113,0,19,1,0,0,0,0,0,0,0,0,0
25114,0,0,0,0,0,0,0,0,0,28,63,0
25115,0,0,0,0,0,0,0,0,0,16,56,0
25116,0,0,0,0,0,0,101,15,0,0,0,0
25117,0,0,0,0,0,1,0,0,0,2,144,1
25118,0,0,0,0,0,0,0,0,0,8,2,0
25119,0,0,0,0,0,1,0,0,0,0,0,0
25120,0,0,0,0,0,0,0,0,0,9,35,0
25121,130,30,17,0,0,0,0,0,0,0,0,0
25122,5,78,30,0,0,0,0,0,0,0,0,0
25123,0,0,0,1,5,208,0,0,0,0,4,0
25124,0,0,0,0,0,0,10,1,3,0,0,0
25125,5,2,14,0,0,0,0,0,0,0,0,0
25126,0,0,0,0,2,0,93,85,0,0,0,0
25127,0,0,0,0,0,0,34,18,0,0,0,0
25128,0,0,0,0,0,7,0,0,0,0,0,0
25129,0,0,0,11,4,36,0,0,0,0,0,0
25130,0,0,0,0,0,0,13,61,0,0,0,0
25131,0,0,0,0,0,0,0,0,0,1,10,0
25132,0,0,0,0,0,0,0,0,1,2,70,94
25133,0,7,13,0,0,0,0,0,0,0,0,0
25134,2,10,4,0,0,0,0,0,0,0,0,0
25135,0,0,0,0,100,1,65,18370,72,0,0,0
25136,4,17,8,0,0,0,0,0,0,0,0,0
25137,11,26,22,0,0,0,0,0,0,0,0,0
25138,0,0,0,1,0,90,0,0,0,0,0,0
25139,0,0,0,0,0,198,0,0,0,0,0,0
25140,0,0,0,0,0,0,0,0,0,0,0,0
25141,3,9,0,0,0,0,0,0,0,0,0,0
25142,7,0,3,0,0,0,0,0,0,0,0,0
25143,1,8,3,0,0,0,0,0,0,0,0,0
25144,0,0,0,0,0,32,0,0,0,0,0,0
25145,0,0,0,0,0,0,3,1,55,0,0,0
25146,3,17,5,0,0,0,0,0,0,0,0,0
25147,0,65,33,0,0,0,0,0,0,0,0,0
25148,0,0,0,0,2,0,0,0,0,0,0,0
25149,0,0,0,0,0,0,0,0,0,1,13,0
25150,0,0,0,0,4,54,0,0,0,0,0,0
25151,0,0,0,0,0,0,0,0,0,7,13,0
25152,0,0,0,0,3,0,0,0,0,0,0,0
25153,0,0,0,0,0,0,0,0,0,4,73,0
25154,1,15,1,0,0,0,0,0,0,0,0,0
25155,0,0,0,0,0,2,0,0,0,0,0,0
25156,0,0,0,0,0,5,0,0,0,17,348,0
25157,0,0,0,0,0,0,72,109,33,0,0,0
25158,3,11,3,0,0,0,0,0,0,0,0,0
25159,0,0,0,0,2,442,0,0,0,0,2,0
25160,0,0,0,0,0,0,0,0,0,15,133,3
25161,0,0,0,0,1,1,0,0,0,0,0,0
25162,0,0,0,0,0,2,0,0,0,338,251,0
25163,0,0,0,0,0,0,0,0,0,255,0,1
25164,21,18,0,0,0,0,0,0,0,0,0,0
25165,43,22,44,0,0,0,0,0,0,0,0,0
25166,0,0,0,0,0,0,32,5,806,0,0,7
25167,17,32,6,0,0,0,0,0,0,0,0,0
25168,1,38,13,0,0,0,0,0,0,0,0,0
25169,0,0,0,0,0,0,0,0,0,6,258,1
25170,0,0,0,0,0,0,0,0,0,0,0,0
25171,0,0,0,13,0,102,0,0,0,0,0,0
25172,0,0,0,0,0,0,4,0,0,0,0,0
25173,0,0,0,0,0,0,5,1,2,0,0,0
25174,4,17,32,0,0,0,0,0,0,0,0,0
25175,0,4,2,0,0,0,0,0,0,0,0,0
25176,1,39,9,0,0,0,0,0,0,0,0,0
25177,0,0,0,0,0,0,46,212,3,0,0,0
25178,0,0,0,0,0,5,0,0,0,0,0,0
25179,11,2,0,0,0,0,0,0,0,0,0,0
25180,0,0,0,0,1,302,0,0,0,0,2,0
25181,0,0,0,0,0,0,3,0,0,0,0,0
25182,1,4,5,0,0,0,0,0,0,0,0,0
25183,0,0,0,0,0,0,93,253,1,0,0,0
25184,0,0,0,0,0,0,0,0,0,5,5,21
25185,6,11,0,0,0,0,0,0,0,0,0,0
25186,0,0,0,0,0,0,80,460,2,0,0,0
25187,0,0,0,0,0,2,0,0,0,0,0,0
25188,4,1,0,0,0,0,0,0,0,0,0,0
25189,0,0,0,0,0,54,0,0,0,0,1,0
25190,0,54,0,0,0,0,0,0,0,0,0,0
25191,0,0,0,0,0,25,0,0,0,0,0,0
25192,5,4,0,0,0,0,0,0,0,0,0,0
25193,0,0,2,0,0,0,0,0,0,0,0,0
25194,0,1,1,0,0,0,0,0,0,0,0,0
25195,0,37,1,0,0,0,0,0,0,0,0,0
25196,0,0,0,0,0,1,0,0,0,0,0,0
25197,0,0,0,0,0,0,1,3,0,0,0,0
25198,0,0,0,0,0,0,0,0,0,0,0,0
25199,0,0,0,0,0,0,0,0,0,1,7,1
25200,0,0,0,0,0,0,0,0,0,2,2,0
25201,12,56,6,0,0,0,0,0,0,0,0,0
25202,0,0,0,0,0,0,0,0,0,0,0,0
25203,0,0,0,0,0,0,1,14,0,0,0,0
25204,0,0,0,0,0,0,0,10,2,0,0,0
25205,0,0,0,0,1,18,0,0,0,0,0,0
25206,2,0,0,0,0,0,0,0,0,0,0,0
25207,0,0,0,0,0,100,0,0,0,0,1723,0
25208,4,53,0,0,0,0,0,0,0,0,0,0
25209,0,0,0,3,20,91,0,0,0,0,0,0
25210,0,0,0,3,4,27,0,0,0,0,0,0
25211,0,0,0,0,0,1,0,0,0,0,0,0
25212,0,0,0,0,0,0,0,22,0,0,0,0
25213,0,0,0,0,0,0,1,0,0,0,0,0
25214,0,0,0,0,0,0,0,0,0,6,90,0
25215,0,0,0,0,0,4,0,0,0,0,0,0
25216,52,31,4,0,0,0,0,0,0,0,0,0
25217,0,0,0,0,1,0,44,1029,2,0,0,0
25218,0,0,0,0,948,0,2,1915,17,0,0,0
25219,0,0,0,0,5,70,0,0,0,0,0,0
25220,0,0,0,2,3,11,0,0,0,0,0,0
25221,0,0,0,0,1,0,0,0,0,0,0,0
25222,0,0,0,0,0,39,0,0,0,0,0,0
25223,19,27,2,0,0,0,1,0,0,0,0,0
25224,0,0,0,0,0,29,0,0,0,0,0,0
25225,9,12,1,0,0,0,0,0,0,0,0,0
25226,0,0,0,0,0,0,18,14,1,0,0,0
25227,0,0,0,0,0,0,0,0,0,0,17,0
25228,0,0,0,142,239,30,0,0,0,0,0,0
25229,0,0,0,0,0,0,35,22,0,0,0,0
25230,0,0,0,0,0,0,1,22,0,0,0,0
25231,0,0,0,0,0,0,0,0,0,10,143,0
25232,0,0,0,23,5,49,0,0,0,0,1,0
25233,0,0,0,0,0,25,0,0,0,0,0,0
25234,0,5,0,0,0,0,501,38,15,0,0,0
25235,62,65,3,0,0,0,0,0,0,0,0,0
25236,0,0,0,1,7,21,0,0,0,0,0,0
25237,0,0,0,25,1,10,0,0,0,0,0,0
25238,0,0,0,0,0,0,6,9,0,0,0,0
25239,0,0,0,0,0,0,0,0,0,0,43,0
25240,0,0,0,0,0,0,0,0,0,4,71,0
25241,6,25,0,0,0,0,0,0,0,0,0,0
25242,0,0,0,0,0,14,0,0,0,0,0,0
25243,3,89,7,0,0,0,0,0,0,0,0,0
25244,0,0,0,0,6,0,127,2354,89,0,0,0
25245,0,0,0,0,0,49,0,0,0,0,0,0
25246,14,6,3,0,0,0,0,0,0,0,0,0
25247,7,109,21,0,0,0,0,0,0,0,0,0
25248,0,0,0,0,0,325,0,0,0,0,1,0
25249,0,0,0,0,9,0,25,1102,26,0,0,0
25250,0,0,0,0,0,0,21,215,5,0,0,0
25251,0,0,0,1,0,26,0,0,0,0,0,0
25252,0,0,0,0,0,0,38,493,21,0,0,0
25253,19,174,2,0,0,0,1,0,0,0,0,0
25254,0,0,0,0,0,0,0,0,0,0,60,0
25255,14,14,5,0,0,0,0,0,0,0,0,0
25256,46,8,9,0,0,0,0,0,0,0,0,0
25257,0,0,0,1,0,25,0,0,0,0,0,0
25258,0,0,0,0,0,24,0,0,0,0,0,0
25259,25,36,0,0,0,0,0,0,0,0,0,0
25260,0,0,0,1,0,46,0,0,0,0,1,0
25261,0,0,0,0,0,0,22,39,2,0,0,0
25262,0,0,0,0,0,0,0,0,0,26,33,0
25263,0,0,0,0,0,5,0,0,0,0,0,0
25264,0,0,0,3,11,35,0,0,0,0,0,0
25265,0,0,0,5,0,0,0,0,0,0,0,0
25266,0,0,0,0,0,0,1,533,0,0,0,0
25267,0,0,0,0,0,0,0,0,0,0,238,0
25268,1,0,0,77,1,2,0,0,0,0,0,0
25269,0,0,0,0,0,0,6,150,18,0,0,0
25270,0,0,0,0,0,12,0,0,0,0,0,0
25271,28,206,0,0,0,0,0,0,0,0,0,0
25272,0,0,0,2,0,44,0,0,0,0,0,0
25273,0,0,0,0,4,0,7,1092,401,0,1,10
25274,1,4,0,0,0,0,0,0,0,0,0,0
25275,0,0,0,0,0,0,0,0,0,19,241,6
25276,0,0,12,0,0,4,0,0,0,1582,1218,5
25277,1,32,3,0,0,0,0,0,0,0,0,0
25278,0,0,0,0,0,0,11,13,47,0,0,0
25279,0,0,0,1,0,64,0,0,0,0,1,0
25280,0,0,0,4,19,0,0,0,0,0,0,0
25281,0,0,0,0,2,0,5,27,0,0,0,0
25282,0,0,0,0,0,0,0,0,0,0,148,0
25283,0,0,0,4,0,1,0,0,0,0,0,0
25284,0,0,0,0,0,0,8,17,0,0,0,0
25285,0,0,0,0,0,21,0,0,0,0,2,0
25286,3,22,1,0,0,0,0,0,0,0,0,0
25287,0,1,0,0,0,0,26,150,16,0,0,0
25288,1,0,0,6,1,16,0,0,0,0,0,0
25289,0,0,0,4,7,0,0,0,0,0,0,0
25290,0,0,0,0,1,0,9,393,10,0,0,0
25291,0,0,0,0,0,47,0,0,0,0,8,0
25292,0,0,0,0,0,0,0,0,1,29,66,20
25293,0,0,0,3,2,11,0,0,0,0,0,0
25294,0,0,0,0,0,0,0,0,0,14,109,0
25295,1,3,0,0,0,0,0,0,0,0,0,0
25296,3,49,9,0,0,0,2,0,0,1,0,0
25297,0,0,0,0,0,0,165,65,1,0,0,0
25298,0,0,0,0,0,0,74,11,1,0,0,0
25299,0,0,0,0,0,0,14,16,0,0,0,0
25300,0,0,0,0,0,5,0,0,0,6,142,0
25301,0,0,0,5,5,5,0,0,0,0,0,0
25302,0,0,0,0,1,0,31,541,34,0,0,0
25303,0,0,0,0,1,23,0,0,0,0,0,0
25304,0,0,0,9,5,11,0,0,0,0,0,0
25305,0,0,0,0,0,0,37,124,8,0,0,0
25306,0,0,0,0,1,18,0,0,0,0,0,0
25307,0,0,0,2,5,18,0,0,0,0,0,0
25308,0,0,0,0,0,0,0,0,0,7,35,0
25309,0,0,0,1,3,4,0,0,0,0,0,0
25310,0,0,0,1,2,7,0,0,0,0,0,0
25311,0,0,0,0,0,0,32,478,2,0,0,0
25312,0,0,0,0,1,44,0,0,0,0,0,0
25313,0,0,0,0,0,0,77,4,10,0,0,0
25314,0,0,0,0,2,0,26,271,18,0,0,0
25315,1,161,3,0,0,0,1,0,0,0,0,0
25316,0,0,0,2,9,194,0,0,0,0,0,0
25317,0,0,0,0,0,2,0,0,0,15,1095,90
25318,0,0,1,0,0,0,0,0,0,95,132,4
25319,0,0,0,2,9,1,0,0,0,0,0,0
25320,0,0,0,0,0,0,13,231,0,0,0,0
25321,0,0,0,0,0,0,0,0,0,0,127,0
25322,0,0,0,4,0,0,0,0,0,0,0,0
25323,0,0,0,0,29,0,4,133,2,0,0,0
25324,0,0,0,0,0,0,0,0,0,6,83,6
25325,0,0,1,0,0,0,0,0,0,0,0,0
25326,2,89,2,0,0,0,0,0,0,0,0,0
25327,4,51,7,0,0,0,0,0,0,0,0,0
25328,0,0,0,0,0,0,0,0,0,0,0,0
25329,0,0,0,0,0,3,0,0,0,0,0,0
25330,0,0,0,1,0,10,0,0,0,0,0,0
25331,0,0,0,0,0,0,0,1,1,0,0,0
25332,1,1,0,0,0,0,0,0,0,0,0,0
25333,0,0,0,10,30,152,0,0,0,0,2,0
25334,0,0,0,0,0,0,0,1,16,0,0,0
25335,22,2,6,0,0,0,0,0,0,0,0,0
25336,20,171,20,0,0,0,0,0,0,0,0,0
25337,0,0,0,0,0,0,8,300,7,0,0,1
25338,5,0,1,0,0,0,0,0,0,0,0,0
25339,0,0,0,0,0,3,0,0,0,4,1024,3
25340,0,20,0,0,1,0,909,289,16,0,0,0
25341,1,9,16,0,0,0,0,0,0,0,0,0
25342,0,0,0,0,0,0,0,0,0,22,67,0
25343,0,0,0,1,8,13,0,0,0,0,0,0
25344,0,0,0,0,0,0,0,0,0,3,95,0
25345,0,0,0,12,4,59,0,0,0,0,0,0
25346,0,0,0,0,0,0,17,4,0,0,0,0
25347,4,26,13,0,0,0,0,0,0,0,0,0
25348,0,0,0,0,0,0,161,38,0,0,0,0
25349,0,0,0,0,0,0,0,0,0,66,43,4
25350,0,0,0,0,0,5,0,0,7,30,1239,207
25351,18,20,47,0,0,0,0,0,0,0,0,0
25352,0,0,0,0,23,0,74,2228,607,0,0,2
25353,0,0,0,3,2,18,0,0,0,0,0,0
25354,0,0,0,0,7,0,15,784,6,0,0,0
25355,0,0,0,0,0,0,0,0,0,10,135,3
25356,0,0,0,2,8,17,0,0,0,0,0,0
25357,0,0,0,0,0,0,0,0,0,11,30,0
25358,2,6,1,0,0,0,0,0,0,0,0,0
25359,0,150,5,0,0,0,0,0,0,0,0,0
25360,3,10,11,0,0,0,0,0,0,0,0,0
25361,0,0,0,0,0,0,82,7,0,0,0,0
25362,0,0,0,0,0,0,3,90,2,0,0,0
25363,4,9,4,0,0,0,1,0,0,0,0,0
25364,0,0,0,0,0,0,80,9,3,0,0,0
25365,0,0,0,1,15,21,0,0,0,0,0,0
25366,0,0,0,0,0,0,0,0,0,9,63,2
25367,1,1,0,0,0,0,0,0,0,0,0,0
25368,0,0,0,0,0,0,0,0,0,0,0,0
25369,1,67,0,0,0,0,0,0,0,0,0,0
25370,0,0,0,14,1,40,0,0,0,0,0,0
25371,0,0,0,0,0,4,0,0,0,0,0,0
25372,2,4,0,0,0,0,0,0,0,0,0,0
25373,0,0,0,0,0,0,0,0,0,5,19,0
25374,1,0,0,0,0,0,0,0,0,0,0,0
25375,0,0,0,0,0,46,0,0,0,0,0,0
25376,0,0,0,0,1,28,0,0,0,0,0,0
25377,9,0,0,0,0,0,0,0,0,0,0,0
25378,0,0,0,0,0,0,0,0,0,3,190,0
25379,1,25,0,0,0,0,0,0,0,0,0,0
25380,0,0,0,0,0,0,0,0,0,0,144,0
25381,0,0,0,0,0,0,0,0,0,0,0,0
25382,0,0,0,0,0,0,0,0,0,0,0,0
25383,0,211,0,0,0,0,6,0,0,0,0,0
25384,0,40,0,0,0,0,0,0,0,0,0,0
25385,0,23,0,0,0,0,0,0,0,0,0,0
25386,0,0,0,0,0,0,0,0,0,9,152,0
25387,0,0,0,0,0,0,6,0,2,0,0,0
25388,1,2,0,0,0,0,0,0,0,0,0,0
25389,0,8,0,0,0,0,0,0,0,0,0,0
25390,0,0,0,0,0,0,0,0,0,2,8,0
25391,0,0,0,1,3,11,0,0,0,0,0,0
25392,0,0,0,0,1,80,0,0,0,0,0,0
25393,0,11,0,0,0,0,0,0,0,0,0,0
25394,0,0,0,5,1,13,0,0,0,0,0,0
25395,0,0,0,0,0,0,5,47,4,0,0,0
25396,0,0,0,0,0,0,33,121,4,0,0,0
25397,2,16,10,0,0,0,0,0,0,0,0,0
25398,0,0,0,10,0,26,0,0,0,0,0,0
25399,0,0,0,1,4,2,0,0,0,0,0,0
25400,0,0,0,0,0,3,0,0,0,0,0,0
25401,0,0,0,0,0,0,23,72,0,0,0,0
25402,0,0,0,0,0,5,0,0,0,0,0,0
25403,0,0,0,0,0,2,0,0,0,0,0,0
25404,0,0,0,0,0,7,0,0,0,0,0,0
25405,0,22,0,0,0,0,0,0,0,0,0,0
25406,0,0,0,2,0,38,0,0,0,0,0,0
25407,0,0,0,0,0,0,26,103,4,0,0,0
25408,3,16,23,0,0,0,0,0,0,0,0,0
25409,0,0,0,0,0,0,16,57,30,0,0,0
25410,2,18,9,0,0,0,0,0,0,0,0,0
25411,40,40,25,0,0,0,0,0,0,0,0,0
25412,0,0,0,0,1,23,0,0,0,0,0,0
25413,0,0,0,0,0,57,0,0,0,16,10082,3
25414,0,0,0,0,1,34,0,0,0,0,0,0
25415,0,0,0,0,0,1,0,0,0,0,0,0
25416,0,0,0,0,0,1,0,0,0,1,777,0
25417,1,4,1,0,0,0,0,0,0,0,0,0
25418,0,0,0,0,0,0,0,0,0,84,77,13
25419,43,9,2,0,0,0,0,0,0,0,0,0
25420,4,12,507,0,0,0,0,0,0,5,0,0
25421,0,0,0,1,9,20,0,0,0,0,0,0
25422,0,0,0,252,3,50,0,0,0,0,0,0
25423,0,0,0,0,0,0,38,14,85,0,0,0
25424,0,0,0,0,0,0,17,67,38,0,0,0
25425,4,21,7,0,0,0,0,0,0,0,0,0
25426,0,21,2,0,0,0,0,0,0,0,0,0
25427,0,0,0,0,0,2,0,0,0,18,625,5
25428,0,0,0,1,0,14,0,0,0,0,0,0
25429,0,0,0,0,6,0,46,1837,124,0,0,0
25430,0,0,0,0,7,55,0,0,0,0,0,0
25431,22,29,6,0,0,0,0,0,0,0,0,0
25432,0,6,5,0,0,0,0,0,0,0,0,0
25433,0,0,0,0,0,2,0,0,0,8,645,1
25434,0,0,0,6,0,16,0,0,0,0,0,0
25435,0,0,0,10,2,181,0,0,0,0,0,0
25436,0,0,0,1,1,36,0,0,0,0,0,0
25437,0,0,0,0,93,0,21,14942,72,0,0,0
25438,2,78,10,0,0,0,0,0,0,0,0,0
25439,7,35,92,0,0,0,0,0,0,0,0,0
25440,0,0,0,0,8,0,41,1434,36,0,0,0
25441,0,0,0,0,0,0,0,0,0,6,11,9
25442,27,29,20,0,0,0,0,0,0,0,0,0
25443,1,35,67,0,0,0,0,0,0,0,0,0
25444,0,0,0,0,0,0,57,305,5,0,0,0
25445,0,0,0,0,2,0,72,732,25,0,0,0
25446,0,0,0,4,0,18,0,0,0,0,0,0
25447,0,0,0,0,0,0,30,7,25,0,0,0
25448,30,287,49,2,0,0,4,0,0,0,0,0
25449,16,27,6,8,0,0,0,0,0,0,0,0
25450,47,82,16,0,0,0,0,0,0,0,0,0
25451,0,0,0,1,8,106,0,0,0,0,0,0
25452,0,0,0,0,0,78,0,0,1,41,1992,327
25453,1,156,2,0,0,0,2,0,0,0,0,0
25454,5,21,6,0,0,0,0,0,0,0,0,0
25455,0,0,0,0,5,0,56,1447,53,0,0,0
25456,0,0,0,0,2,0,37,544,47,0,0,0
25457,8,125,4,0,0,0,0,0,0,0,0,0
25458,0,0,0,17,4,148,0,0,0,0,2,0
25459,0,0,0,0,7,0,41,1099,6,0,0,0
25460,0,0,0,0,0,8,0,0,0,11,1862,6
25461,0,0,0,8,0,274,0,0,0,0,1,0
25462,6,6,1,0,0,0,0,0,0,0,0,0
25463,0,0,0,0,0,12,0,0,0,28,689,2
25464,0,0,0,2,2,19,0,0,0,0,0,0
25465,0,0,0,0,0,4,0,0,0,16,204,1
25466,0,0,0,0,0,0,0,0,0,82,222,1
25467,0,0,0,3,11,543,0,0,0,0,10,0
25468,0,0,0,4,50,73,0,0,0,0,0,0
25469,0,0,0,0,0,121,0,0,0,0,75427,0
25470,93,57,7,0,0,0,0,0,0,0,0,0
25471,0,0,0,0,20,0,35,2488,403,0,0,1
25472,8,116,52,0,0,0,1,0,0,0,0,0
25473,0,0,0,6,14,667,0,0,0,0,4,0
25474,0,0,0,9,6,81,0,0,0,0,0,0
25475,0,0,0,2,70,87,0,3,0,0,0,0
25476,2,0,0,50,12,23,0,0,0,0,0,0
25477,0,0,0,0,0,0,66,362,43,0,0,2
25478,0,0,0,3,5,219,0,0,0,0,0,0
25479,0,0,0,8,34,24,0,0,0,0,0,0
25480,0,0,0,0,0,0,0,0,0,7,180,0
25481,0,2,0,0,0,0,243,164,4,0,0,0
25482,0,0,0,0,0,0,0,0,0,4,486,0
25483,0,0,0,0,0,0,170,142,57,0,0,0
25484,0,0,0,0,0,0,0,0,0,5,93,1
25485,0,0,0,79,9,85,0,0,0,0,1,0
25486,9,17,0,0,0,0,0,0,0,0,0,0
25487,0,0,0,0,0,0,0,0,0,67,809,13
25488,0,0,0,54,3,29,0,0,0,0,0,0
25489,0,0,0,0,4,0,33,2985,5,0,0,0
25490,0,0,0,0,0,1,0,0,0,47,164,0
25491,36,80,3,0,0,0,0,0,0,0,0,0
25492,3,76,4,0,0,0,0,0,0,0,0,0
25493,0,0,0,0,0,0,0,0,0,11,266,0
25494,0,0,0,0,2,0,158,1484,23,0,0,0
25495,11,247,24,0,0,0,0,0,0,0,0,0
25496,0,0,0,21,2,462,0,0,0,0,1,0
25497,10,17,0,0,0,0,0,0,0,0,0,0
25498,0,0,0,0,0,0,0,0,0,4,42,0
25499,0,0,0,0,0,0,0,0,0,19,161,1
25500,0,0,0,0,41,0,376,459,100,0,0,0
25501,26,136,9,0,0,0,0,0,0,0,0,0
25502,0,0,0,26,1,342,0,0,0,0,1,0
25503,17,33,1,0,0,0,0,0,0,0,0,0
25504,0,0,0,0,0,0,0,0,0,12,20,50
25505,1004,2578,149,11,0,0,25,0,0,0,0,0
25506,13,52,5,0,0,0,0,0,0,0,0,0
25507,0,0,0,0,0,0,406,114,2,0,0,0
25508,0,0,0,0,0,0,0,0,0,7,27,0
25509,0,0,0,0,0,0,0,0,0,38,612,1
25510,0,0,0,22,38,59,0,0,0,0,0,0
25511,0,0,0,0,0,5,0,0,0,0,1383,0
25512,9,42,4,0,0,0,0,0,0,0,0,0
25513,0,0,0,0,0,3,0,0,0,29,1427,12
25514,0,0,0,15,21,93,0,0,0,0,0,0
25515,0,0,0,0,0,0,0,0,0,4,380,0
25516,0,0,0,0,0,1,0,0,0,13,347,3
25517,0,0,1,0,9,7259,0,0,0,172,29159,14
25518,0,0,0,7,51,191,0,0,0,0,1,0
25519,0,0,0,9,105,39,0,0,0,0,0,0
25520,0,0,0,7,11,113,0,0,0,0,0,0
25521,0,0,0,0,0,15,0,0,1,31,3848,5
25522,0,10,0,0,0,0,767,9,16,0,0,0
25523,0,8,0,0,2,0,292,440,4,0,0,0
25524,7,145,87,0,0,0,0,0,0,0,0,0
25525,0,0,0,16,4,106,0,0,0,0,0,0
25526,0,0,0,0,3,0,2,1001,3,0,0,0
25527,0,0,0,0,0,0,1,119,2,0,0,0
25528,0,0,4,0,0,4,0,0,0,56,462,16
25529,0,0,0,4,1,7,0,0,0,0,0,0
25530,0,0,0,2,0,65,0,0,0,0,0,0
25531,5,403,2,0,0,0,0,0,0,0,0,0
25532,0,0,0,5,5,58,0,0,0,0,0,0
25533,0,0,0,15,0,51,0,0,0,0,0,0
25534,0,0,0,0,1,0,35,355,6,0,0,0
25535,0,0,0,0,11,16,0,0,0,0,0,0
25536,0,0,0,97,5,21,0,0,0,0,0,0
25537,0,1,0,0,0,0,78,93,0,0,0,0
25538,0,0,0,0,42,0,60,615,4,0,0,0
25539,0,0,0,0,0,0,0,0,0,15,133,2
25540,0,1,0,0,0,0,420,66,0,0,0,0
25541,0,0,0,0,7,199,0,0,0,0,5,0
25542,0,0,0,17,1,41,0,0,0,0,0,0
25543,0,0,0,0,0,0,32,101,0,0,0,0
25544,0,0,0,0,0,0,0,0,0,22,120,0
25545,6,23,3,0,0,0,0,0,0,0,0,0
25546,0,0,0,0,0,14,0,0,0,73,869,11
25547,0,0,0,3,0,41,0,0,0,0,0,0
25548,0,0,0,7,103,32,0,0,0,0,0,0
25549,0,0,0,0,0,9,0,0,0,19,1303,14
25550,0,0,0,10,3,0,0,0,0,0,0,0
25551,0,0,0,29,0,22,0,0,0,0,0,0
25552,0,0,0,0,4,0,33,1383,5,0,0,0
25553,0,0,0,0,0,5,0,0,0,4,2504,1
25554,0,0,0,4,6,36,0,0,0,0,1,0
25555,0,0,0,0,1,0,52,725,42,0,0,0
25556,0,0,0,0,448,39,0,0,0,0,0,0
25557,0,0,0,20,2,54,0,0,0,0,0,0
25558,0,0,0,9,4,50,0,0,0,0,0,0
25559,0,0,0,0,3,29,0,0,0,0,0,0
25560,0,0,0,9,5,23,0,0,0,0,0,0
25561,0,0,0,0,0,0,0,0,0,15,205,16
25562,43,188,0,0,0,0,2,0,0,0,0,0
25563,0,1,0,33,1345,41,68,179672,291,0,0,15
25564,21,170,20,0,0,0,0,0,0,0,0,0
25565,0,15,0,0,0,0,975,100,1,0,0,0
25566,0,0,0,0,0,0,0,0,0,1,149,0
25567,0,2,0,0,0,0,407,152,1,0,0,0
25568,0,0,0,0,0,0,0,0,0,0,175,0
25569,1,0,0,190,4,37,0,0,0,0,0,0
25570,2,0,0,180,1,86,0,0,0,0,1,0
25571,0,0,0,0,0,3,0,0,0,132,1013,10
25572,0,0,1,0,0,0,0,0,0,107,1376,2
25573,3,29,417,0,0,0,0,0,0,0,2,0
25574,439,89,72,0,0,0,0,0,0,0,0,0
25575,21,16,48,0,0,0,0,0,0,0,0,0
25576,38,43,4,0,0,0,0,0,0,0,0,0
25577,0,0,0,2,21,1396,0,0,0,0,5,0
25578,0,0,0,0,0,1,0,0,0,6,1190,6
25579,27,47,3,0,0,0,0,0,0,0,0,0
25580,0,0,0,2,0,615,0,0,0,0,2,0
25581,8,14,0,0,0,0,0,0,0,0,0,0
25582,3,16,0,0,0,0,0,0,0,0,0,0
25583,0,0,0,0,0,1,0,0,0,41,774,2
25584,0,0,0,0,0,18,0,0,0,11,7967,16
25585,0,0,0,1,0,1,0,0,0,38,499,8
25586,0,0,0,10,6,124,0,0,0,0,0,0
25587,0,0,0,0,0,10,0,0,0,148,1934,20
25588,0,27,7,0,0,0,0,0,0,0,0,0
25589,39,26,7,1,0,0,0,0,0,0,0,0
25590,190,33,6,0,0,0,0,0,0,0,0,0
25591,1,80,10,0,0,0,1,0,0,0,0,0
25592,53,97,9,0,0,0,1,0,0,0,0,0
25593,0,4,0,0,8,0,265,592,250,0,0,1
25594,1,19,5,0,0,0,0,0,0,0,0,0
25595,0,0,0,0,12,0,61,813,781,0,0,0
25596,578,305,15,0,0,0,0,0,0,0,0,0
25597,0,0,0,3,4,38,0,0,0,0,0,0
25598,0,0,0,0,0,0,0,990,54,0,0,0
25599,0,0,0,0,13,1,0,1123,60,0,0,48
25600,0,0,0,0,0,0,0,0,0,2,4,3
25601,79,45,4,0,0,0,0,0,0,0,0,0
25602,0,40,2,0,0,0,1,0,0,0,0,0
25603,0,0,0,0,0,3,0,0,0,42,1427,15
25604,0,0,0,13,3,10,0,0,0,0,0,0
25605,21,15,0,0,0,0,0,0,0,0,0,0
25606,0,0,0,0,19,0,272,1690,6,0,0,0
25607,0,0,0,0,0,0,0,0,0,0,51,1
25608,5,7,1,0,0,0,0,0,0,0,0,0
25609,1,0,4,0,0,1,0,0,0,542,168,5
25610,0,0,0,2,1,19,0,0,0,0,0,0
25611,0,0,0,0,0,3,0,0,0,44,795,7
25612,0,0,0,3,87,36,0,0,0,0,0,0
25613,0,0,0,0,0,10,0,0,0,27,2186,8
25614,0,0,0,0,0,183,0,0,0,12,6009,11
25615,0,37,3,0,0,0,1,0,0,0,0,0
25616,8,49,3,0,0,0,0,0,0,0,0,0
25617,0,0,0,0,1,0,55,1992,0,0,0,0
25618,0,0,0,0,0,0,140,0,0,0,0,0
25619,0,0,0,0,0,0,3,8,0,0,0,0
25620,0,0,0,0,0,16,0,0,0,0,0,0
25621,0,1,0,0,6,0,108,877,12,0,0,0
25622,0,0,0,0,2,40,0,0,0,0,0,0
25623,0,0,0,2,3,62,0,0,0,0,0,0
25624,0,0,0,0,0,45,0,0,0,8,2930,40
25625,1,15,3,0,0,0,0,0,0,0,0,0
25626,0,0,0,0,0,5,0,0,0,23,2417,6
25627,0,0,0,27,31,18,0,2,0,0,0,0
25628,0,0,0,1,0,12,0,0,0,0,0,0
25629,0,0,0,0,0,72,0,0,0,0,2,0
25630,0,0,0,0,0,0,36,41,58,0,0,0
25631,0,0,0,0,5,20,0,0,0,0,0,0
25632,0,0,0,0,3,25,0,0,0,0,0,0
25633,0,0,0,5,28,12,0,0,0,0,0,0
25634,0,0,0,0,1,0,27,113,2,0,0,0
25635,0,0,0,0,0,0,0,0,0,0,335,1
25636,14,11,0,0,0,0,0,0,0,0,0,0
25637,0,16,1,0,0,0,0,0,0,0,0,0
25638,0,0,0,0,0,4,0,0,0,12,1053,1
25639,0,0,0,8,36,11,0,0,0,0,0,0
25640,0,0,0,0,2,13,0,0,0,0,0,0
25641,0,1,0,0,16,0,18,531,5,0,0,0
25642,0,0,0,0,0,0,0,0,0,15,312,28
25643,0,0,0,0,0,7,0,0,0,0,0,0
25644,0,0,0,0,4,0,237,1163,75,0,0,0
25645,0,0,0,0,8,43,0,0,0,0,0,0
25646,0,0,0,0,2,13,0,0,0,0,0,0
25647,0,3,0,0,9,0,65,1303,92,0,0,0
25648,0,0,0,0,4,20,0,0,0,0,0,0
25649,0,0,0,0,2,5,0,0,0,0,0,0
25650,0,2,0,0,13,0,51,794,4,0,0,0
25651,0,0,0,0,2,20,0,0,0,0,0,0
25652,0,0,0,2,1,12,0,0,0,0,0,0
25653,0,0,0,4,0,22,0,0,0,0,0,0
25654,0,1,0,0,15,0,37,732,41,0,0,0
25655,0,0,0,1,0,37,0,0,0,0,1,0
25656,2,100,0,0,0,0,1,0,0,0,0,0
25657,0,33,5,0,0,0,0,0,0,0,0,1
25658,0,0,0,0,0,36,0,0,0,1,1571,0
25659,3,70,5,0,0,0,6,0,0,0,0,0
25660,0,0,0,0,46,0,37,2535,92,0,0,1
25661,0,0,0,0,3,30,0,0,0,0,0,0
25662,0,0,0,8,1,30,0,0,0,0,0,0
25663,0,0,0,2,0,68,0,0,0,0,0,0
25664,2,9,3,0,0,0,1,0,0,0,0,0
25665,0,0,0,0,0,5,0,0,0,1,845,0
25666,0,0,0,4,10,197,0,0,0,0,3,0
25667,0,0,0,0,0,4,0,0,0,1,772,0
25668,19,37,14,0,0,0,0,0,0,0,0,0
25669,0,0,0,0,0,3,0,0,0,17,574,4
25670,1,3,1,0,0,0,0,0,0,0,0,0
25671,0,0,0,0,0,0,0,0,0,21,187,2
25672,0,0,0,0,0,8,0,0,0,55,726,3
25673,0,0,0,5,6,51,0,0,0,0,0,0
25674,0,0,0,15,20,133,0,0,0,0,0,0
25675,0,0,0,10,3,20,0,0,0,0,0,0
25676,0,0,0,0,12,21,0,0,0,0,0,0
25677,0,0,0,0,9,0,67,737,9,0,0,0
25678,0,0,0,0,0,1,0,0,0,11,150,0
25679,0,0,0,6,8,66,0,0,0,0,0,0
25680,0,0,0,0,0,2,0,0,0,71,438,2
25681,0,0,0,0,0,0,290,151,27,0,0,0
25682,0,0,0,0,14,31,0,0,0,0,0,0
25683,0,0,0,44,2,42,0,0,0,0,0,0
25684,0,1,0,0,0,0,34,76,1,0,0,0
25685,0,0,0,0,0,7,0,0,0,22,241,0
25686,0,0,0,117,64,23,0,0,0,0,0,0
25687,0,4,0,0,16,0,857,1002,10,0,0,0
25688,0,0,0,0,0,19,0,0,0,45,1279,2
25689,0,0,0,91,27,141,0,0,0,0,0,0
25690,0,0,0,0,18,0,85,4062,12,0,0,0
25691,0,2,0,0,0,0,458,268,2,0,0,0
25692,0,0,0,0,0,0,0,0,0,2,234,1
25693,0,0,0,0,0,0,0,0,0,89,575,1
25694,0,0,0,1,6,47,0,0,0,0,0,0
25695,0,0,0,17,2,58,0,0,0,0,0,0
25696,0,0,0,0,0,0,25,9,65,0,0,0
25697,98,24,5,0,0,0,0,0,0,0,0,0
25698,12,12,19,0,0,0,1,0,0,0,0,0
25699,0,2,0,0,2,0,249,240,28,0,0,0
25700,0,0,0,0,0,1,0,0,0,3,257,1
25701,0,0,0,0,0,0,0,0,0,13,184,0
25702,0,0,0,0,0,11,0,0,1,27,2215,72
25703,0,0,0,0,0,80,0,0,0,17,7115,12
25704,0,0,0,0,358,40,0,1,0,0,0,0
25705,0,0,0,1,8,125,1,0,0,0,1,0
25706,0,0,0,6,8,26,0,0,0,0,0,0
25707,0,0,0,2,7,59,0,0,0,0,0,0
25708,0,0,0,0,0,21,0,0,0,10,3228,11
25709,0,0,0,15,47,62,0,0,0,0,0,0
25710,0,0,0,0,0,10244,0,0,0,36,11815,43
25711,0,0,0,6,4,522,0,0,0,0,1,0
25712,10,26,4,0,0,0,0,0,0,0,0,0
25713,0,0,0,0,0,232,0,0,0,0,1,0
25714,0,0,0,0,0,26,0,0,0,34,2323,12
25715,0,0,0,0,3,29,0,0,0,0,0,0
25716,0,0,0,2,0,12,0,0,0,0,0,0
25717,0,0,0,1,0,36,0,0,0,0,1,0
25718,8,101,0,0,0,0,0,0,0,0,0,0
25719,0,0,0,0,0,58,0,0,0,0,0,0
25720,0,0,0,0,33,0,143,2489,3,0,0,0
25721,0,0,0,0,0,1,0,0,0,4,817,1
25722,0,0,0,1,5,38,0,0,0,0,0,0
25723,0,0,0,1,3,32,0,0,0,0,1,0
25724,0,0,0,0,1,22,0,0,0,0,0,0
25725,4,11,1,0,0,0,0,0,0,0,0,0
25726,0,0,0,0,4,0,61,1509,20,0,0,0
25727,0,0,0,1,3,16,0,0,0,0,0,0
25728,0,0,0,0,0,12,0,0,0,32,1057,12
25729,0,0,0,0,1,176,0,0,0,0,1,0
25730,0,5,0,0,0,0,0,0,0,0,0,0
25731,0,0,0,0,0,14,0,0,0,1,1662,0
25732,0,0,0,0,104,18,0,0,0,0,0,0
25733,0,0,0,6,3,23,0,0,0,0,0,0
25734,0,0,0,0,0,1,0,0,0,9,20,8
25735,0,0,0,2,3,13,0,0,0,0,0,0
25736,0,0,0,0,5,24,0,0,0,0,0,0
25737,0,0,0,0,0,0,51,20,3,0,0,0
25738,0,0,0,0,0,0,0,0,0,2,4,2
25739,19,13,0,0,0,0,0,0,0,0,0,0
25740,0,0,0,0,0,0,27,66,0,0,0,0
25741,24,20,0,0,0,0,0,0,0,0,0,0
25742,0,0,0,0,0,0,9,62,1,0,0,0
25743,0,0,0,1,0,5,0,0,0,0,0,0
25744,16,212,5,0,0,0,0,0,0,0,0,0
25745,0,0,0,0,0,75,0,0,0,0,1,0
25746,2,101,0,0,0,0,3,0,0,0,0,0
25747,8,28,58,0,0,0,0,0,0,2,4,0
25748,0,5,4,0,0,0,0,0,0,0,0,0
25749,0,0,0,0,0,0,0,0,0,4,48,0
25750,0,0,0,2,2,9,0,0,0,0,0,0
25751,0,0,0,0,37,14,0,0,0,0,0,0
25752,0,0,0,24,0,21,0,0,0,0,0,0
25753,0,0,0,0,0,0,16,23,0,0,0,0
25754,0,0,0,1,0,21,0,0,0,0,0,0
25755,4,5,1,0,0,0,0,0,0,0,0,0
25756,1,78,33,0,0,0,0,0,0,0,0,0
25757,0,0,0,0,0,0,14,294,2,0,0,0
25758,3,16,3,0,0,0,0,0,0,0,0,0
25759,0,14,11,0,0,0,0,0,0,0,0,0
25760,0,0,0,0,0,162,0,0,0,0,8,0
25761,2,11,0,0,0,0,0,0,0,0,0,0
25762,1,15,8,0,0,0,0,0,0,0,0,0
25763,0,0,0,1,0,71,0,0,0,0,0,0
25764,2,9,0,0,0,0,0,0,0,0,0,0
25765,2,27,6,0,0,0,0,0,0,0,0,0
25766,0,0,0,4,1,84,0,0,0,0,0,0
25767,0,0,0,0,3,0,10,800,46,0,0,1
25768,1,11,350,0,0,0,0,0,0,6,0,0
25769,0,0,0,0,1,0,47,275,5,0,0,0
25770,0,0,0,0,1,0,49,132,11,0,0,0
25771,0,0,0,0,0,1,0,0,0,13,365,0
25772,0,0,0,0,0,3,0,0,0,0,0,0
25773,0,0,0,3,3,42,0,0,0,0,0,0
25774,0,0,0,12,1,13,0,0,0,0,0,0
25775,0,0,0,0,2,0,0,644,1,0,0,0
25776,0,0,0,0,10,0,1,339,1,0,0,0
25777,0,0,0,0,2,5,0,0,0,60,566,0
25778,0,0,0,1,1,0,0,0,0,0,0,0
25779,0,0,0,3,9,84,0,0,0,0,1,0
25780,0,0,0,30,7,1,0,0,0,0,0,0
25781,0,0,0,0,0,0,1,18,3,0,0,0
25782,0,0,0,0,0,0,0,0,0,0,1081,1
25783,0,0,0,22,9,77,0,0,0,0,1,0
25784,0,0,0,0,3,0,0,866,140,0,0,1
25785,0,0,0,0,39,0,3,10635,224,0,0,0
25786,2,8,21,0,0,0,0,0,0,0,0,0
25787,14,30,6,0,0,0,1,0,0,0,0,0
25788,2,43,3,0,0,0,0,0,0,0,0,0
25789,0,0,0,27,0,2,0,0,0,0,0,0
25790,0,0,0,0,0,0,2,11,8,0,0,0
25791,0,0,0,0,0,1,0,0,0,0,446,0
25792,0,0,0,0,0,3,0,0,0,29,936,2
25793,0,13,0,0,2,0,346,767,3,0,0,0
25794,0,0,0,6,54,44,0,1,0,0,0,0
25795,0,0,0,3,1,1,0,0,0,0,0,0
25796,0,0,0,0,0,0,0,0,0,1,1,0
25797,0,0,0,0,0,4,0,0,0,18,573,2
25798,1,77,17,0,0,0,0,0,0,0,0,0
25799,42,7,10,0,0,0,0,0,0,0,0,0
25800,46,36,3,0,0,0,0,0,0,0,0,0
25801,40,10,5,0,0,0,0,0,0,0,0,0
25802,2,18,3,0,0,0,0,0,0,0,0,0
25803,0,0,0,0,0,0,0,0,0,11,185,0
25804,0,0,0,0,0,0,0,0,0,3,4,2
25805,0,0,0,0,0,0,0,0,0,0,2,0
25806,31,200,14,0,0,0,0,0,0,0,0,0
25807,0,0,0,5,2,43,0,0,0,0,0,0
25808,0,0,0,0,0,1,0,0,0,0,0,0
25809,0,17,0,0,0,0,0,0,0,0,0,0
25810,0,0,0,0,0,2,0,0,0,34,896,3
25811,0,0,0,0,1,4,0,0,0,0,0,0
25812,0,0,0,1,0,34,0,0,0,0,1,0
25813,0,0,0,1,0,6,0,0,0,0,0,0
25814,2,27,1,0,0,0,0,0,0,0,0,0
25815,0,0,0,0,1,101,0,0,0,0,0,0
25816,0,0,0,0,0,0,18,14,305,0,0,3
25817,0,94,4,0,0,0,1,0,0,0,0,0
25818,0,0,0,15,8,111,0,0,0,0,0,0
25819,0,1,0,0,8,0,92,395,0,0,0,0
25820,0,0,0,0,0,0,0,0,0,8,114,0
25821,0,0,0,0,0,0,0,0,0,24,83,3
25822,31,12,7,0,0,0,0,0,0,0,0,0
25823,0,20,2,0,0,0,0,0,0,0,0,0
25824,0,0,0,0,0,3,0,0,0,19,174,0
25825,0,0,0,1,0,69,0,0,0,0,0,0
25826,16,34,0,0,0,0,0,0,0,0,0,0
25827,0,0,0,0,1,61,0,0,0,0,0,0
25828,0,0,0,0,0,1,0,0,0,0,0,0
25829,0,0,0,4,0,0,0,0,0,0,0,0
25830,0,0,0,0,1,43,0,0,0,0,0,0
25831,0,0,0,0,0,17,0,0,0,42,556,8
25832,0,0,0,0,0,1,0,0,0,0,0,0
25833,0,0,0,3,1,24,0,0,0,0,0,0
25834,0,0,0,9,1,2,0,0,0,0,0,0
25835,0,0,0,0,0,0,12,35,0,0,0,0
25836,0,0,0,0,0,0,0,0,0,0,272,0
25837,0,0,0,13,4,28,0,0,0,0,0,0
25838,0,0,0,0,0,0,0,49,1,0,0,0
25839,0,0,0,0,7,0,0,376,0,0,0,0
25840,0,0,0,0,0,0,0,0,0,2,43,0
25841,21,40,2,0,0,0,0,0,0,0,0,0
25842,0,0,0,1,0,52,0,0,0,0,0,0
25843,1,23,4,0,0,0,0,0,0,0,0,0
25844,0,0,0,0,0,86,0,0,0,13,8741,2
25845,0,0,0,0,2,9,0,0,0,0,0,0
25846,5,13,2,0,0,0,0,0,0,0,0,0
25847,17,33,5,0,0,0,0,0,0,0,0,0
25848,0,0,0,1,6,29,0,0,0,0,4,0
25849,0,0,0,3,0,8,0,0,0,0,0,0
25850,0,2,0,0,0,0,89,13,1,0,0,0
25851,0,0,0,0,2,43,0,0,0,0,0,0
25852,0,0,0,43,5,41,0,0,0,0,0,0
25853,7,24,0,0,0,0,0,0,0,0,0,0
25854,0,0,0,0,0,0,0,0,0,0,284,0
25855,0,0,0,0,57,0,31,4518,565,0,0,1
25856,11,28,34,0,0,0,0,0,0,0,0,0
25857,0,0,0,0,0,2,0,0,0,13,61,3
25858,0,0,0,11,0,16,0,0,0,0,0,0
25859,5,314,0,0,0,0,0,0,0,0,0,0
25860,0,0,0,0,0,251,0,0,0,0,0,0
25861,0,0,0,0,0,1,0,0,0,0,0,0
25862,0,0,0,0,0,0,0,1,2,0,0,0
25863,0,0,0,0,0,75,0,0,0,0,0,0
25864,7,156,1,0,0,0,2,0,0,0,0,0
25865,0,0,0,0,0,38,0,0,0,0,0,0
25866,7,17,0,0,0,0,0,0,0,0,0,0
25867,0,0,0,0,0,1,0,0,0,0,305,0
25868,0,0,0,0,0,0,0,0,0,0,20,0
25869,0,0,0,6,9,9,0,0,0,0,0,0
25870,0,0,0,0,0,33,0,0,0,0,2,0
25871,0,2,0,0,0,0,0,0,0,0,0,0
25872,0,0,0,0,0,0,0,0,0,0,96,0
25873,15,2,0,0,0,0,0,0,0,0,0,0
25874,0,3,5,0,0,0,0,0,0,0,0,0
25875,0,0,0,2,0,14,0,0,0,0,0,0
25876,0,144,7,0,0,0,1,0,0,0,0,0
25877,0,0,0,0,0,0,5,16,23,0,0,0
25878,0,0,0,2,1,737,0,0,0,0,1,0
25879,0,1,0,0,0,0,718,239,23,0,0,0
25880,0,0,0,0,2,50,0,0,0,0,0,0
25881,719,21,2,1,0,0,0,0,0,0,0,0
25882,0,1,2,0,0,0,0,0,0,0,0,0
25883,0,0,0,0,0,0,0,0,0,5,2,0
25884,0,0,0,1,8,12,0,0,0,0,0,0
25885,0,0,0,4,15,53,0,0,0,0,0,0
25886,0,0,0,0,0,7,0,0,0,3,1082,4
25887,0,0,0,0,2,15,0,0,0,0,0,0
25888,0,0,0,3,3,27,0,0,0,0,0,0
25889,0,0,0,0,0,16,0,0,0,1,3721,0
25890,3,22,3,0,0,0,0,0,0,0,0,0
25891,1,21,5,0,0,0,0,0,0,0,0,0
25892,0,0,0,1,2,0,0,0,0,0,0,0
25893,0,0,0,11,1,6,0,0,0,0,0,0
25894,0,0,0,0,0,0,37,0,2,0,0,0
25895,0,0,0,0,0,25,0,0,0,0,0,0
25896,0,0,0,0,0,0,0,0,0,3,32,0
25897,13,65,6,0,0,0,1,0,0,0,0,0
25898,0,0,0,2,0,1,0,0,0,0,0,0
25899,0,0,0,11,0,203,0,0,0,0,0,0
25900,1,9,0,0,0,0,0,0,0,0,0,0
25901,0,0,0,0,0,1,0,0,0,2,41,2
25902,0,0,0,26,24,15,0,0,0,0,0,0
25903,0,0,0,3,25,8,0,1,0,0,0,0
25904,0,0,0,0,0,108,0,0,0,0,9502,0
25905,11,25,8,0,0,0,0,0,0,0,0,0
25906,0,0,0,0,33,0,78,2450,2635,1,1,143
25907,0,0,0,0,475,2,89,57506,4,0,0,0
25908,0,0,0,16,0,23,0,0,0,0,0,0
25909,0,0,0,0,0,0,57,70,23,0,0,0
25910,263,733,31,9,0,0,11,0,0,0,0,0
25911,0,0,0,14,3,31,0,0,0,0,0,0
25912,0,1,0,0,22,0,393,1223,0,0,0,0
25913,0,49,0,0,29,0,1681,522,10,0,0,0
25914,0,0,0,0,0,0,0,0,0,4,38,0
25915,2,62,0,0,0,0,0,0,0,0,0,0
25916,0,0,0,0,0,22,0,0,1,10,3656,69
25917,9,31,0,0,0,0,0,0,0,0,0,0
25918,1,13,9,0,0,0,0,0,0,0,0,0
25919,0,0,0,0,0,0,0,0,0,3,958,2
25920,40,12,1,1,0,0,0,0,0,0,0,0
25921,2,14,10,0,0,0,0,0,0,0,0,0
25922,0,0,0,0,0,0,40,239,32,0,0,0
25923,0,0,0,2,0,16,0,0,0,0,0,0
25924,0,0,0,0,0,0,0,0,0,0,24,0
25925,0,0,0,0,0,0,0,0,0,3,35,1
25926,0,0,0,0,0,24,0,0,0,0,0,0
25927,14,47,1,0,0,0,0,0,0,0,0,0
25928,0,0,0,0,3,143,0,0,0,0,0,0
25929,0,0,0,2,18,1,0,0,0,0,0,0
25930,0,0,0,2,22,2710,0,0,0,0,24,0
25931,0,0,0,0,0,0,0,0,0,61,214,0
25932,1,0,0,12,17,29,0,0,0,0,0,0
25933,0,0,0,0,0,0,34,3,47,0,0,0
25934,14,39,9,0,0,0,0,0,0,0,0,0
25935,0,10,4,0,0,0,0,0,0,0,0,0
25936,0,0,0,0,0,0,0,0,0,5,245,2
25937,11,177,3,0,0,0,0,0,0,0,0,0
25938,0,0,0,8,4,50,0,0,0,0,0,0
25939,0,2,0,0,0,0,595,29,1,0,0,0
25940,4,20,4,0,0,0,0,0,0,0,0,0
25941,0,0,1,0,0,1,0,0,0,37,33,1
25942,0,0,0,6,0,233,0,0,0,0,1,0
25943,2,20,1,0,0,0,1,0,0,0,0,0
25944,0,0,0,0,0,2,0,0,0,0,65,0
25945,0,0,0,0,0,0,0,0,0,15,1,1
25946,6,21,37,0,0,0,0,0,0,0,0,0
25947,0,0,0,0,22,4,57,1787,584,0,0,1
25948,16,114,18,0,0,0,1,0,0,0,0,0
25949,0,0,0,1,15,53,0,0,0,0,0,0
25950,0,0,0,2,0,28,0,0,0,0,0,0
25951,0,0,0,0,0,0,21,65,11,0,0,0
25952,0,0,0,0,0,0,13,1,0,0,0,0
25953,0,0,0,0,0,32,0,0,0,0,0,0
25954,0,0,0,0,10,0,42,2110,1,0,0,0
25955,0,0,0,0,2,0,43,58,0,0,0,0
25956,0,0,0,0,0,26,0,0,0,0,0,0
25957,0,0,0,0,1,31,0,0,0,0,0,0
25958,9,255,17,0,0,0,0,0,0,0,0,0
25959,0,0,0,0,0,303,0,0,0,0,0,0
25960,0,9,0,0,0,0,0,0,0,0,0,0
25961,0,0,0,0,0,0,0,0,0,4,71,3
25962,0,0,0,4,4,19,0,0,0,0,0,0
25963,0,0,0,0,0,0,21,43,3,0,0,0
25964,24,33,16,0,0,0,0,0,0,0,0,0
25965,10,16,7,0,0,0,0,0,0,0,0,0
25966,0,12,41,0,0,0,0,0,0,0,0,0
25967,0,13,1,0,0,0,0,0,0,0,0,0
25968,17,6596,2,0,0,0,81,4,0,0,0,0
25969,0,0,0,22,19,165,0,0,0,0,1,0
25970,0,0,0,0,4,0,1,323,5,0,0,0
25971,0,1,0,0,1,0,180,333,3,0,0,0
25972,0,0,0,0,0,0,73,0,2,0,0,0
25973,3,35,6,0,0,0,1,0,0,0,0,0
25974,21,110,22,0,0,0,1,0,0,0,0,0
25975,0,0,0,0,2,70,0,0,0,0,0,0
25976,0,0,1,0,0,2,0,0,0,144,122,1
25977,0,0,0,1,16,28,0,1,0,0,0,0
25978,0,0,0,0,0,0,45,3,0,0,0,0
25979,0,0,0,0,709,0,34,988,0,0,0,0
25980,13,34,74,0,0,0,0,0,0,1,0,0
25981,0,0,0,0,0,0,10,70,1,0,0,0
25982,0,0,0,2,0,27,0,0,0,0,0,0
25983,93,216,0,0,0,0,1,0,0,0,0,0
25984,0,6,28,0,0,0,0,0,0,0,0,0
25985,6,23,0,0,0,0,2,0,0,0,0,0
25986,60,25,81,1,0,0,0,0,0,0,0,0
25987,0,0,0,0,1,0,7,137,9,0,0,0
25988,0,6,2,0,0,0,0,0,0,0,0,0
25989,0,0,0,0,0,0,0,0,0,3,52,0
25990,0,0,0,2,0,10,0,0,0,0,0,0
25991,0,0,0,0,0,0,42,42,7,0,0,0
25992,0,0,0,0,1,12,0,0,0,0,0,0
25993,0,0,0,0,1,0,26,97,28,0,0,1
25994,0,0,0,0,0,19,0,0,0,0,0,0
25995,0,0,0,24,0,8,0,0,0,0,0,0
25996,0,6,0,1,66,2,353,3911,11,0,0,0
25997,0,0,0,0,1,56,0,0,0,0,0,0
25998,15,163,0,1,0,0,0,0,0,0,0,0
25999,0,0,0,3,3,65,0,0,0,0,1,0
26000,0,0,0,0,0,1,0,0,0,0,0,0
26001,0,4,0,0,0,0,0,0,0,0,0,0
26002,0,0,0,0,0,0,0,0,0,12,23,4
26003,4,16,0,0,0,0,0,0,0,0,0,0
26004,0,0,0,0,0,1,0,0,0,1,98,0
26005,15,11,0,0,0,0,3,0,0,0,0,0
26006,0,47,0,0,0,0,93,0,8,0,0,0
26007,0,0,0,1,1,43,0,0,0,0,0,0
26008,0,0,0,0,1,47,0,0,0,0,0,0
26009,0,16,1,0,0,0,0,0,0,0,0,0
26010,0,0,0,0,0,0,0,0,0,1,409,0
26011,0,0,0,3,1,185,0,0,0,0,1,0
26012,0,0,0,1,2,14,0,0,0,0,0,0
26013,0,0,0,0,0,0,0,0,0,31,1135,18
26014,0,19,1,0,0,0,0,0,0,0,0,0
26015,0,0,0,0,0,0,0,0,0,7,18,2
26016,0,0,0,1,8,31,0,0,0,0,0,0
26017,0,0,0,4,23,1,0,0,0,0,0,0
26018,0,0,0,0,0,0,0,0,0,0,59,0
26019,13,64,4,0,0,0,0,0,0,0,0,0
26020,0,0,0,0,3,0,84,375,1,0,0,0
26021,1,83,60,0,0,0,0,0,0,0,0,0
26022,0,0,0,0,0,1,0,0,0,16,1001,13
26023,0,0,0,11,0,29,0,0,0,0,0,0
26024,9,34,1,0,0,0,0,0,0,0,0,0
26025,0,0,0,0,0,103,0,0,0,0,0,0
26026,0,0,0,0,0,0,0,0,0,0,0,0
26027,1,0,0,0,0,0,0,0,0,0,0,0
26028,0,0,0,0,0,1,0,0,0,0,1001,0
26029,0,0,0,0,0,0,0,0,0,595,5,0
26030,117,15,1,1,0,0,0,0,0,0,0,0
26031,0,0,0,0,0,0,22,57,0,0,0,0
26032,0,0,0,0,0,0,0,0,0,2,23,0
26033,0,0,0,1,1,4,0,0,0,0,0,0
26034,0,0,0,0,0,0,108,17,0,0,0,0
26035,0,0,0,1,1,22,0,0,0,0,0,0
26036,0,17,0,0,0,0,0,0,0,0,0,0
26037,0,0,0,0,0,0,0,0,0,0,20,0
26038,0,0,0,50,10,115,0,0,0,0,0,0
26039,0,0,0,0,0,1,0,0,0,0,108,1
26040,29,28,0,0,0,0,0,0,0,0,0,0
26041,26,4,6,0,0,0,0,0,0,0,0,0
26042,0,0,0,0,0,2,0,0,0,72,472,3
26043,0,0,0,8,11,124,0,0,0,0,0,0
26044,0,0,0,0,0,0,0,0,0,6,10,17
26045,45,70,4,0,0,0,0,0,0,0,0,0
26046,19,15,13,0,0,0,0,0,0,0,0,0
26047,0,0,0,0,47,19,0,0,0,0,0,0
26048,0,0,0,0,0,24,0,0,0,0,0,0
26049,0,0,0,0,0,0,132,264,0,0,0,0
26050,113,27,28,0,0,0,0,0,0,0,0,0
26051,0,0,0,0,0,0,58,50,0,0,0,0
26052,0,0,0,0,5,30,0,0,0,0,0,0
26053,0,184,0,0,0,0,0,0,0,0,0,0
26054,0,0,0,0,0,0,0,0,0,93,51,0
26055,3,12,17,0,0,0,0,0,0,0,0,0
26056,0,0,0,0,5,0,66,222,5,0,0,0
26057,1,59,54,0,0,0,1,0,0,0,0,0
26058,0,0,0,0,0,6,0,0,0,4,2363,0
26059,41,76,5,0,0,0,0,0,0,0,0,0
26060,0,0,0,0,0,43,0,0,0,297,9083,15
26061,1,0,0,61,3,56,0,0,0,0,0,0
26062,0,0,0,0,6,0,84,3827,119,0,0,0
26063,0,0,0,0,1,0,22,515,24,0,0,0
26064,0,0,0,0,0,91,0,0,0,0,0,0
26065,0,1,0,0,0,0,57,2315,31,0,0,0
26066,0,0,0,1,14,421,0,0,0,0,3,0
26067,0,0,0,10,1,18,0,0,0,0,0,0
26068,0,0,0,0,0,0,7,1,0,0,0,0
26069,12,1345,19,0,0,0,3,0,0,0,0,0
26070,0,39,6,0,0,0,0,0,0,0,0,0
26071,0,0,0,0,0,0,0,0,0,0,34,0
26072,11,123,0,0,0,0,0,0,0,0,0,0
26073,0,0,0,5,4,6,0,0,0,0,0,0
26074,0,0,0,0,0,0,7,1,0,0,0,0
26075,0,0,0,3,18,109,0,0,0,0,0,0
26076,0,0,0,137,2,123,0,0,0,0,0,0
26077,13,11,1,0,0,0,0,0,0,0,0,0
26078,0,0,0,0,0,1,0,0,0,24,829,29
26079,0,0,0,0,0,0,0,0,0,107,206,9
26080,0,0,0,2,7,13,0,0,0,0,0,0
26081,0,0,0,2,29,2,0,0,0,0,0,0
26082,0,0,0,0,0,0,0,0,0,3,130,19
26083,0,0,0,1,2,12,0,0,0,0,0,0
26084,0,0,0,0,10,21,0,0,0,0,0,0
26085,0,0,0,0,0,0,0,0,0,0,43,0
26086,36,85,2,0,0,0,1,0,0,0,0,0
26087,0,0,0,0,0,30,0,0,0,0,0,0
26088,0,0,0,0,0,0,0,0,0,3,125,41
26089,0,0,0,1,0,1,0,0,0,0,0,0
26090,0,7,0,0,0,0,0,0,0,0,0,0
26091,0,0,0,0,0,0,0,0,0,1,31,0
26092,18,13,2,0,0,0,0,0,0,0,0,0
26093,8,3,9,0,0,0,0,0,0,0,0,0
26094,0,0,0,23,1,59,0,0,0,0,0,0
26095,0,9,1,0,0,0,0,0,0,0,0,0
26096,13,44,821,0,0,0,0,0,0,3,2,0
26097,22,29,2,0,0,0,0,0,0,0,0,0
26098,13,111,16,0,0,0,0,0,0,0,0,0
26099,0,0,0,0,3,621,0,0,0,0,1,0
26100,0,0,0,5,3,154,0,0,0,0,1,0
26101,0,0,0,0,0,0,22,80,1,0,0,0
26102,0,0,0,1,1,57,0,0,0,0,1,0
26103,0,0,0,12,0,35,0,0,0,0,0,0
26104,0,0,0,0,3,0,30,397,4,0,0,0
26105,6,30,6,0,0,0,0,0,0,0,0,0
26106,0,0,0,18,1,49,0,0,0,0,0,0
26107,0,1,0,0,0,0,66,33,1158,0,0,7
26108,23,168,9,0,0,0,1,0,0,0,0,0
26109,0,0,0,0,2,0,99,570,12,0,0,0
26110,0,0,0,0,0,194,0,0,0,16,6000,0
26111,0,0,0,0,0,3,0,0,0,26,1286,10
26112,0,0,0,10,1,92,0,0,0,0,1,0
26113,0,0,0,0,8,0,38,58,27,0,0,0
26114,12,26,5,0,0,0,0,0,0,0,0,0
26115,12,16,367,0,0,0,0,0,0,9,0,0
26116,0,0,0,0,0,0,21,80,16,0,0,0
26117,12,17,8,0,0,0,0,0,0,0,0,0
26118,2,306,1,0,0,0,1,0,0,0,0,0
26119,0,0,0,0,0,0,0,0,0,0,15,0
26120,1,22,0,0,0,0,0,0,0,0,0,0
26121,0,0,0,1,1,6,0,0,0,0,0,0
26122,0,0,0,0,0,0,21,26,0,0,0,0
26123,0,0,0,1,3,20,0,0,0,0,0,0
26124,0,0,0,0,0,0,0,0,0,27,302,0
26125,0,0,3,0,0,0,0,0,0,110,14,0
26126,39,13,2,0,0,0,0,0,0,0,0,0
26127,5,9,9,0,0,0,0,0,0,0,0,0
26128,0,60,13,0,0,0,0,0,0,0,0,0
26129,0,0,0,2,7,9,0,0,0,0,0,0
26130,0,0,0,6,2,91,0,0,0,0,0,0
26131,0,0,0,0,0,0,0,0,0,2,128,6
26132,0,27,4,0,0,0,0,0,0,0,0,0
26133,0,0,0,0,0,0,0,0,0,9,66,0
26134,0,13,0,0,0,0,0,0,0,0,0,0
26135,0,0,0,0,0,0,0,0,0,0,16,0
26136,0,0,0,0,0,0,0,0,0,0,0,0
26137,0,1,1,0,0,0,0,0,0,0,0,0
26138,0,0,0,1,0,6,0,0,0,0,0,0
26139,0,0,0,0,0,0,0,0,0,1,194,0
26140,0,0,0,0,0,0,11,1,0,0,0,0
26141,1,7,0,0,0,0,0,0,0,0,0,0
26142,0,0,0,0,0,2,0,0,0,0,79,0
26143,0,0,0,0,0,0,107,111,0,0,0,0
26144,0,0,0,0,5,0,31,2798,0,0,0,0
26145,0,0,0,0,4,19,0,0,0,0,0,0
26146,0,0,0,2,4,22,0,0,0,0,0,0
26147,0,0,0,0,0,1,0,0,0,11,99,3
26148,14,1001,2,0,0,0,4,0,0,0,0,0
26149,0,0,0,0,8,15072,0,0,0,0,184,0
26150,0,0,0,0,0,0,0,0,0,13,42,3
26151,0,0,0,0,0,1,0,0,0,277,1163,31
26152,0,1,0,0,20,0,343,1198,33,0,0,0
26153,0,0,0,0,41,0,12,682,25,0,0,0
26154,0,11,9,0,0,0,0,0,0,0,0,0
26155,0,0,0,0,0,0,18,119,1,0,0,0
26156,0,0,0,0,4,140,0,0,0,0,1,0
26157,0,0,0,2,0,19,0,0,0,0,0,0
26158,0,1,0,0,8,0,172,547,0,0,0,0
26159,0,0,0,2,17,15,0,1,0,0,0,0
26160,0,0,0,1,0,121,0,0,0,0,0,0
26161,154,21,27,1,0,33,0,0,0,1,0,0
26162,7,121,7,0,0,0,0,0,0,0,0,0
26163,0,0,0,0,285,826,0,0,0,0,5,0
26164,0,0,0,0,0,1,0,0,1,13,136,1
26165,0,0,0,0,0,0,0,0,1,7,94,4
26166,19,22,1,0,0,0,1,0,0,0,0,0
26167,0,0,0,0,5,0,50,711,32,0,0,0
26168,0,0,0,10,0,52,0,0,0,0,0,0
26169,6,2,9,0,0,0,0,0,0,1,0,0
26170,21,180,2,0,0,0,0,0,0,0,0,0
26171,11,0,0,145,4,39,0,0,0,0,1,0
26172,0,0,0,0,0,0,28,132,1,0,0,0
26173,0,0,0,0,1,0,27,247,2,0,0,0
26174,14,63,12,0,0,0,0,0,0,0,0,0
26175,0,41,0,0,0,0,0,0,0,0,0,0
26176,0,0,0,0,0,0,0,0,0,6,412,0
26177,0,0,0,0,0,6,0,0,0,1,328,4
26178,22,24,2,0,0,0,0,0,0,0,0,0
26179,1,12,18,0,0,0,0,0,0,0,0,0
26180,0,0,0,1,2,38,0,0,0,0,1,0
26181,0,0,0,0,15,29,0,0,0,0,0,0
26182,0,0,0,5,2,256,0,0,0,0,3,0
26183,29,25,3,0,0,0,0,0,0,0,0,0
26184,0,0,0,37,5,39,0,0,0,0,0,0
26185,0,0,0,0,1,0,29,103,5,0,0,0
26186,21,14,7,0,0,0,0,0,0,0,0,0
26187,0,0,0,10,4,281,0,0,0,0,0,0
26188,0,0,0,0,0,0,72,92,3,0,0,0
26189,11,29,11,0,0,0,0,0,0,0,0,0
26190,1,16,0,0,0,0,0,0,0,0,0,0
26191,0,0,0,0,0,0,0,0,0,5,502,0
26192,0,0,0,0,0,1,0,0,0,16,298,0
26193,0,0,0,0,0,0,8,11,0,0,0,0
26194,1,11,0,0,0,0,0,0,0,0,0,0
26195,0,0,0,0,0,2,0,0,0,7,605,0
26196,0,0,0,0,0,0,32,139,27,0,0,0
26197,26,3,5,0,0,0,0,0,0,0,0,0
26198,0,0,0,0,0,12,0,0,0,1,566,0
26199,0,0,0,0,1,0,139,330,28,0,0,0
26200,2,0,1,0,0,0,0,0,0,0,0,0
26201,0,0,0,0,0,2,0,0,0,24,606,1
26202,0,0,0,1,1,7,0,0,0,0,0,0
26203,1,24,0,0,0,0,0,0,0,0,0,0
26204,0,0,0,0,0,1,0,0,0,5,146,6
26205,0,0,0,1,0,3,0,0,0,0,0,0
26206,0,97,0,0,0,0,1,0,0,0,0,0
26207,0,0,0,0,0,0,3,14,2,0,0,0
26208,0,0,0,0,0,6,0,0,0,4,585,0
26209,0,0,0,0,0,0,49,191,57,0,0,0
26210,0,0,0,0,2,2,0,0,0,0,0,0
26211,0,0,0,0,12,0,23,686,7,0,0,0
26212,0,0,0,0,0,0,0,0,0,0,36,0
26213,0,0,0,0,0,0,0,0,0,1,14,0
26214,0,0,0,24,2,19,0,0,0,0,0,0
26215,0,0,0,0,0,5,0,0,0,0,0,0
26216,0,0,0,3,5,18,0,0,0,0,0,0
26217,0,2,0,0,5,0,37,596,59,0,0,1
26218,0,0,0,0,1,0,0,0,0,0,0,0
26219,1,20,0,0,0,0,0,0,0,0,0,0
26220,0,1,0,0,0,0,0,0,0,0,0,0
26221,0,0,0,0,0,0,15,7,0,0,0,0
26222,0,0,0,0,0,18,0,0,0,2,1314,0
26223,0,1,0,0,0,0,0,0,0,0,0,0
26224,0,0,0,0,0,0,0,0,0,2,87,0
26225,9,11,10,0,0,0,0,0,0,0,0,0
26226,8,6,3,0,0,0,0,0,0,0,0,0
26227,0,0,0,0,3,0,27,500,1,0,0,0
26228,0,0,0,0,0,1,0,0,0,63,641,0
26229,0,0,0,2,2,3,0,0,0,0,0,0
26230,0,0,0,0,0,0,22,376,24,0,0,0
26231,5,11,31,0,0,0,0,0,0,0,0,0
26232,1,0,0,74,7,29,0,0,0,0,0,0
26233,0,0,0,0,0,0,13,321,0,0,0,0
26234,3,25,9,0,0,0,0,0,0,0,0,0
26235,0,0,0,0,0,0,18,19,0,0,0,0
26236,0,0,0,89,3,9,0,0,0,0,0,0
26237,0,20,0,0,0,0,0,0,0,0,0,0
26238,0,0,0,0,0,0,0,0,0,0,1,0
26239,0,0,0,0,0,0,0,1,1,0,0,0
26240,2,0,0,0,0,0,0,0,0,0,0,0
26241,0,4,0,0,0,0,0,0,0,0,0,0
26242,0,0,0,0,0,0,0,0,0,0,5,0
26243,0,0,0,0,0,6,0,0,0,0,0,0
26244,0,0,0,1,0,4,0,0,0,0,0,0
26245,0,1,0,0,0,0,0,0,0,0,0,0
26246,0,0,0,0,0,0,0,0,0,0,0,0
26247,0,0,0,0,0,0,0,0,0,0,0,0
26248,0,0,0,0,0,8,0,0,0,0,0,0
26249,1,0,0,0,0,0,0,0,0,0,0,0
26250,0,0,0,0,0,0,0,0,0,0,29,0
26251,0,0,0,2,0,31,0,0,0,0,0,0
26252,0,0,0,0,0,0,0,0,0,0,26,0
26253,14,5,6,0,0,0,0,0,0,0,0,0
26254,0,0,0,0,0,16,0,0,0,0,0,0
26255,0,0,0,0,0,2,0,0,0,0,0,0
26256,0,0,1,0,0,3,0,0,0,13,1977,2
26257,0,1,0,0,0,0,198,20,9,0,0,0
26258,0,0,0,0,1,12,0,0,0,0,0,0
26259,0,0,0,5,3,12,0,0,0,0,0,0
26260,0,0,0,8,6,11,0,0,0,0,0,0
26261,0,0,0,0,0,0,0,0,0,0,12,0
26262,0,2,0,0,2,0,247,483,16,0,0,0
26263,0,0,0,0,0,0,27,1,1,0,0,0
26264,3,2,0,0,0,0,0,0,0,0,0,0
26265,2,24,7,0,0,0,0,0,0,0,0,0
26266,0,0,0,0,0,0,9,0,2,0,0,0
26267,0,7,0,0,0,0,0,0,0,0,0,0
26268,0,0,0,0,0,0,51,91,10,0,0,0
26269,7,7,1,0,0,0,0,0,0,0,0,0
26270,0,0,0,0,0,33,0,0,0,1,8182,1
26271,30,14,44,0,0,0,0,0,0,0,0,0
26272,0,0,0,0,0,0,16,25,3,0,0,0
26273,0,0,0,0,0,0,1,5,3,0,0,0
26274,0,0,0,0,0,9,0,0,0,0,0,0
26275,0,51,0,0,0,0,0,0,0,0,0,0
26276,0,0,0,0,0,0,0,0,0,1,12,0
26277,0,0,0,0,0,0,18,39,0,0,0,0
26278,0,0,0,0,1,8,0,0,0,0,0,0
26279,0,0,0,0,0,0,0,0,0,0,0,0
26280,2,51,1,0,0,0,0,0,0,0,0,0
26281,7,22,6,0,0,0,0,0,0,0,0,0
26282,0,0,0,0,0,0,0,0,0,0,0,0
26283,3,4,0,0,0,0,0,0,0,0,0,0
26284,0,0,0,0,0,0,19,9,4,0,0,0
26285,0,0,0,0,0,22,0,0,0,0,0,0
26286,0,0,0,21,0,44,0,0,0,0,0,0
26287,0,3,0,0,0,0,0,0,0,0,0,0
26288,0,1,0,0,0,0,0,0,0,0,0,0
26289,0,0,0,0,0,67,0,0,0,0,0,0
26290,2,6,0,0,0,0,0,0,0,0,0,0
26291,0,0,0,0,0,0,40,16,1,0,0,0
26292,0,0,0,0,0,0,0,0,0,0,48,0
26293,0,0,0,0,0,0,3,5,1,0,0,0
26294,0,0,0,0,0,4,0,0,0,0,0,0
26295,13,8,1,0,0,0,0,0,0,0,0,0
26296,0,0,0,0,0,0,0,0,0,4,32,2
26297,0,0,0,0,0,2,0,0,0,0,0,0
26298,0,0,0,1,1,20,0,0,0,0,0,0
26299,0,0,0,0,0,0,0,0,0,8,96,30
26300,0,0,0,0,0,4,0,0,0,0,0,0
26301,0,0,0,10,9,64,0,0,0,0,0,0
26302,0,0,0,11,1,57,0,0,0,0,0,0
26303,0,0,0,0,0,11,0,0,0,0,0,0
26304,0,0,0,0,2,40,0,0,0,0,0,0
26305,0,0,0,0,0,117,0,0,6,13,2769,1237
26306,0,0,0,0,0,6,0,0,0,0,0,0
26307,4,0,0,370,42,20,0,0,0,0,0,0
26308,0,0,0,0,0,0,6,12,0,0,0,0
26309,0,0,0,0,0,0,0,0,0,0,44,3
26310,0,0,0,41,0,9,0,0,0,0,0,0
26311,0,0,0,0,0,8,0,0,0,0,0,0
26312,0,0,0,0,3,1,0,0,0,0,0,0
26313,0,0,0,0,0,23,0,0,0,5,1569,0
26314,0,0,0,0,0,0,160,50,12,0,0,0
26315,0,0,0,0,0,46,0,0,0,0,0,0
26316,0,0,0,0,0,0,4,19,0,0,0,0
26317,0,0,0,0,0,0,0,1,0,0,0,0
26318,0,0,0,0,0,10,0,0,0,0,0,0
26319,15,655,2,0,0,0,1,0,0,0,0,0
26320,0,0,0,3,4,75,0,0,0,0,9,0
26321,0,0,0,0,1,6,0,0,0,0,0,0
26322,0,0,0,0,0,0,0,0,0,22,95,0
26323,0,0,0,0,0,16,0,0,0,0,0,0
26324,0,0,0,0,0,12,0,0,0,0,0,0
26325,0,1,0,0,0,0,761,28,0,0,0,0
26326,0,0,0,0,0,0,0,0,0,2,103,0
26327,0,0,0,0,0,2,0,0,0,0,0,0
26328,7,8,8,0,0,0,0,0,0,0,0,0
26329,0,0,0,0,0,0,1,5,0,0,0,0
26330,0,0,0,0,0,4,0,0,0,0,0,0
26331,0,0,0,1,1,74,0,0,0,0,0,0
26332,4,129,2,1,0,0,2,0,0,0,0,0
26333,0,0,0,0,0,0,0,0,0,0,285,1
26334,2,6,26,0,0,0,0,0,0,0,0,0
26335,0,0,0,0,0,0,0,0,0,6,46,2
26336,0,0,0,1,0,1,0,0,0,0,0,0
26337,0,4,0,0,0,0,0,0,0,0,0,0
26338,0,0,0,0,0,0,1,3,0,0,0,0
26339,0,0,0,0,0,0,0,0,0,0,22,1
26340,0,0,0,0,0,0,0,0,0,1,276,1
26341,4,0,0,0,0,0,0,0,0,0,0,0
26342,0,0,0,0,0,51,0,0,0,0,0,0
26343,0,0,0,0,0,0,0,0,0,0,4,0
26344,0,0,0,0,0,0,0,0,0,0,6,0
26345,0,0,0,0,1,4,0,0,0,0,0,0
26346,0,0,0,0,0,0,0,0,0,0,0,0
26347,0,6,0,0,0,0,0,0,0,0,0,0
26348,0,0,0,0,0,0,0,0,0,0,0,0
26349,0,0,0,2,0,3,0,0,0,0,0,0
26350,0,0,0,0,0,0,14,5,0,0,0,0
26351,0,0,0,0,0,0,0,0,0,0,39,0
26352,0,0,0,0,0,0,1,12,0,0,0,0
26353,0,0,0,0,0,0,0,0,0,0,60,0
26354,0,0,0,11,2,2,0,0,0,0,0,0
26355,0,0,0,2,0,1,0,0,0,0,0,0
26356,0,0,0,0,0,0,0,0,0,4,1,1
26357,0,0,0,0,0,0,1,1,0,0,0,0
26358,1,87,0,0,0,0,0,0,0,0,0,0
26359,0,0,0,1,2,3,0,0,0,0,0,0
26360,0,0,0,0,0,1,0,0,0,0,0,0
26361,0,0,0,0,0,0,0,0,1,0,0,0
26362,0,0,0,1,0,0,0,0,0,0,0,0
26363,0,0,0,0,0,0,0,20,0,0,0,0
26364,0,0,0,0,0,0,0,0,0,0,0,0
26365,0,0,0,0,0,0,3,56,1,0,0,0
26366,0,0,0,0,0,0,0,0,0,1,145,1
26367,0,0,0,0,2,0,9,163,8,0,0,0
26368,0,0,0,0,0,1,0,0,0,0,0,0
26369,0,11,2,0,0,0,0,0,0,0,0,0
26370,0,0,0,0,0,0,0,0,0,0,55,0
26371,0,0,0,1,0,4,0,0,0,0,0,0
26372,0,0,0,0,0,0,2,86,2,0,0,0
26373,0,0,0,0,0,0,0,0,0,0,12,1
26374,0,0,0,3,3,4,0,0,0,0,0,0
26375,0,0,0,0,0,0,8,6,0,0,0,0
26376,0,0,0,0,0,0,0,0,0,1,40,0
26377,5,3,0,0,0,0,0,0,0,0,0,0
26378,0,1,1,0,0,0,0,0,0,0,0,0
26379,0,0,0,1,0,2,0,0,0,0,0,0
26380,0,68,0,0,0,0,1,0,0,0,0,0
26381,0,0,0,0,0,0,0,0,0,0,0,0
26382,0,0,0,0,0,0,0,0,0,0,0,0
26383,0,0,0,0,0,0,1,16,4,0,0,0
26384,0,0,0,0,0,0,0,0,0,0,0,0
26385,0,0,0,5,0,22,0,0,0,0,0,0
26386,1,3,0,0,0,0,0,0,0,0,0,0
26387,0,9,0,0,0,0,0,0,0,0,0,0
26388,0,0,0,0,0,0,0,0,0,2,74,0
26389,0,0,0,0,1,0,31,365,1,0,0,0
26390,0,0,0,6,2,4,0,0,0,0,0,0
26391,0,0,0,0,1,0,4,47,1,0,0,0
26392,5,25,0,0,0,0,0,0,0,0,0,0
26393,0,0,0,0,0,0,0,21,0,0,0,0
26394,0,0,0,0,0,4,0,0,0,0,0,0
26395,0,0,0,0,0,0,0,0,0,21,86,0
26396,0,0,0,0,0,0,0,0,0,0,0,0
26397,0,0,0,1,0,9,0,0,0,0,0,0
26398,0,0,0,0,0,0,51,89,1,0,0,0
26399,0,0,0,0,0,1,0,0,0,0,0,0
26400,7,10,1,0,0,0,0,0,0,0,0,0
26401,0,0,2,0,0,0,0,0,0,0,0,0
26402,1,22,0,0,0,0,0,0,0,0,0,0
26403,0,5,0,0,0,0,0,0,0,0,0,0
26404,0,0,0,0,0,0,0,0,0,1,10,0
26405,0,0,0,0,0,0,0,0,0,0,7,0
26406,0,0,0,2,14,36,0,0,0,0,0,0
26407,0,0,0,0,1,2,0,0,0,0,0,0
26408,0,0,0,0,0,0,0,0,0,11,464,4
26409,0,0,0,2,27,30,0,0,0,0,0,0
26410,0,0,0,0,1,28,0,0,0,0,0,0
26411,0,0,0,1,1,2,0,0,0,0,0,0
26412,0,0,0,0,1,10,0,0,0,0,0,0
26413,0,0,0,0,0,1,0,0,0,0,0,0
26414,2,0,0,0,0,0,0,0,0,0,0,0
26415,0,0,0,0,0,0,0,0,0,0,71,0
26416,0,0,0,0,4,1,66,851,39,0,0,0
26417,0,0,0,0,0,3,0,0,0,0,0,0
26418,0,0,0,2,1,28,0,0,0,0,0,0
26419,0,0,0,0,0,4,0,0,0,0,0,0
26420,0,2,0,0,0,0,0,0,0,0,0,0
26421,0,0,0,0,0,0,0,0,0,0,59,0
26422,0,0,0,3,5,2,0,0,0,0,0,0
26423,0,0,0,0,0,0,0,0,0,6,7,0
26424,0,0,0,4,8,2544,0,0,0,0,2,0
26425,0,0,0,0,0,0,0,0,0,0,13,0
26426,0,0,0,0,0,0,47,45,0,0,0,0
26427,0,0,0,0,7,44,0,0,0,0,0,0
26428,0,0,0,0,1,0,21,821,11,0,0,0
26429,0,0,0,0,0,1,0,0,0,0,0,0
26430,0,0,0,0,0,14,0,0,0,0,0,0
26431,3,0,0,0,0,0,0,0,0,0,0,0
26432,0,4,0,0,0,0,0,0,0,0,0,0
26433,0,47,0,0,0,0,0,0,0,0,0,0
26434,3,4,0,0,0,0,0,0,0,0,0,0
26435,0,78,13,0,0,0,0,0,0,0,0,0
26436,0,0,0,3,5,80,0,0,0,0,0,0
26437,0,0,0,0,0,0,0,0,0,6,75,0
26438,0,0,0,1,2,1,0,0,0,0,0,0
26439,0,0,0,0,0,0,55,207,12,0,0,0
26440,17,8,1,0,0,0,0,0,0,0,0,0
26441,11,15,19,0,0,0,0,0,0,0,0,0
26442,0,0,0,5,3,91,0,0,0,0,0,0
26443,0,0,0,0,3,18,0,0,0,0,0,0
26444,0,0,0,0,0,0,0,0,0,2,114,2
26445,0,0,0,0,5,24,0,0,0,0,0,0
26446,0,0,0,4,19,65,0,0,0,0,1,0
26447,0,0,0,1,0,7,0,0,0,14,1273,18
26448,0,0,0,1,20,38,0,0,0,0,0,0
26449,1,153,4,0,0,0,0,0,0,0,0,0
26450,0,0,0,0,0,0,37,129,5,0,0,0
26451,4,44,13,0,0,0,0,0,0,0,0,0
26452,0,0,0,0,0,0,72,58,2,0,0,0
26453,0,0,0,0,0,17,0,0,0,0,0,0
26454,0,0,0,0,2,13,0,0,0,0,0,0
26455,0,0,0,0,0,2,0,0,0,25,1007,7
26456,0,0,0,0,0,50,0,0,0,111,6215,15
26457,0,0,0,71,6,10,0,0,0,0,0,0
26458,0,0,0,0,0,0,31,153,10,0,0,0
26459,7,567,20,0,0,0,6,0,0,0,0,0
26460,0,0,0,0,5,67,0,0,0,0,0,0
26461,0,0,0,0,0,4,0,0,0,17,1203,39
26462,0,0,0,3,0,31,0,0,0,0,0,0
26463,0,0,0,0,143,25,0,3,0,0,0,0
26464,0,0,0,0,0,9,0,0,0,30,1454,8
26465,0,0,0,4,1,19,0,0,0,0,0,0
26466,0,0,0,0,0,0,22,150,4,0,0,0
26467,0,0,0,0,0,0,12,24,475,0,0,0
26468,0,0,0,1,1,14,0,0,0,0,0,0
26469,0,0,0,0,0,45,0,0,0,17,529,14
26470,0,0,0,0,0,1,0,0,0,0,0,0
26471,0,5,0,0,0,0,0,0,0,0,0,0
26472,0,10,0,0,0,0,0,0,0,0,0,0
26473,0,4,0,0,0,0,0,0,0,0,0,0
26474,0,0,1,0,0,0,0,0,0,8,1,0
26475,0,0,0,0,0,0,0,0,1,0,0,0
26476,0,0,1,0,0,0,0,0,0,0,0,0
26477,0,1,0,0,0,0,0,0,0,0,0,0
26478,0,0,0,0,0,0,0,0,0,0,4,0
26479,0,0,0,1,0,6,0,0,0,0,0,0
26480,0,1,0,0,0,0,0,0,0,0,0,0
26481,0,1,0,0,0,0,0,0,0,0,0,0
26482,0,40,0,0,0,0,1,0,0,0,0,0
26483,0,0,0,1,0,19,0,0,0,0,0,0
26484,1,1,0,0,0,0,0,0,0,0,0,0
26485,0,0,0,0,3,23,0,0,0,0,0,0
26486,0,0,0,10,0,57,0,0,0,0,0,0
26487,1,25,19,0,0,0,0,0,0,0,0,0
26488,0,0,0,2,26,153,0,1,0,0,0,0
26489,78,2,8,0,0,0,0,0,0,0,0,0
26490,0,0,0,1,9,79,0,0,0,0,1,0
26491,0,0,0,0,0,125,0,0,0,0,0,0
26492,2165,18,1,1947,0,0,0,0,0,0,0,0
26493,0,0,0,0,0,0,14,36,14,0,0,0
26494,0,0,0,27,35,9,0,0,0,0,0,0
26495,0,0,0,0,3,43,0,0,0,0,0,0
26496,0,0,0,1,6,11,0,0,0,0,0,0
26497,0,0,0,0,1,317,0,0,0,0,0,0
26498,0,0,0,0,6,12,0,0,0,0,0,0
26499,0,0,0,0,0,0,0,0,0,0,220,7
26500,0,0,0,0,0,5,0,0,0,0,0,0
26501,0,0,0,0,0,0,57,133,13,0,0,0
26502,0,0,0,0,0,4,0,0,0,0,0,0
26503,0,0,0,0,2,2,0,0,0,0,0,0
26504,0,0,0,25,2,255,0,0,0,0,2,0
26505,0,0,0,0,0,0,3,25,4,0,0,0
26506,0,0,0,0,0,0,22,71,1,0,0,0
26507,3,18,7,0,0,0,0,0,0,0,0,0
26508,1,17,2,0,0,0,0,0,0,0,0,0
26509,0,0,0,0,0,0,0,0,0,6,142,0
26510,0,0,0,0,19,11,0,0,0,0,0,0
26511,0,0,0,0,1,11,0,0,0,0,0,0
26512,0,0,0,0,0,23,0,0,0,0,0,0
26513,12,15,0,0,0,0,0,0,0,0,0,0
26514,1,9,1,0,0,0,0,0,0,0,0,0
26515,0,0,0,0,2,20,0,0,0,0,0,0
26516,0,0,0,0,5,16,0,0,0,0,0,0
26517,0,0,0,0,1,10,0,0,0,0,0,0
26518,0,0,0,2,1,7,0,0,0,0,0,0
26519,30,11,1,0,0,0,0,0,0,0,0,0
26520,0,0,0,0,4,0,111,1200,36,0,0,0
26521,0,0,0,0,0,0,0,0,0,2,154,1
26522,0,0,0,0,0,7,0,0,0,12,265,0
26523,0,3,3,0,0,0,0,0,0,0,0,0
26524,0,0,0,1,0,2,0,0,0,0,0,0
26525,0,0,0,0,0,0,0,0,0,0,0,0
26526,0,5,0,0,4,0,372,3024,9,0,0,0
26527,0,0,0,0,0,4,0,0,0,4,1162,3
26528,372,510,13,1,0,0,2,0,0,0,0,0
26529,0,0,0,0,27,0,48,149,109,0,0,0
26530,23,7369,7,0,0,0,6952,0,0,0,0,0
26531,0,0,0,2,9,85,0,0,0,0,0,0
26532,0,0,0,2,10,17,0,0,0,0,0,0
26533,0,0,0,0,0,0,0,0,0,13,297,1
26534,0,0,0,0,0,5,0,0,0,6,348,3
26535,1,6,2,0,0,0,0,0,0,0,0,0
26536,0,9,1,0,0,0,0,0,0,0,0,0
26537,0,0,0,0,0,0,0,0,0,2,156,0
26538,0,1,0,0,0,0,64,23,0,0,0,0
26539,0,0,0,0,0,0,84,53,0,0,0,0
26540,0,0,0,0,0,63,0,0,0,0,0,0
26541,1,9,0,0,0,0,0,0,0,0,0,0
26542,0,0,0,0,0,0,0,0,0,13,248,3
26543,0,0,0,11,0,86,0,0,0,0,0,0
26544,5,16,0,0,0,0,0,0,0,0,0,0
26545,0,0,0,0,3,19,0,0,0,0,0,0
26546,0,0,0,7,0,179,0,0,0,0,0,0
26547,0,2,0,0,0,0,0,0,0,0,0,0
26548,0,0,0,0,0,0,0,0,0,3,1,0
26549,0,0,0,0,0,0,0,0,0,0,0,0
26550,0,0,0,0,0,0,113,29,0,0,0,0
26551,0,0,0,0,1,380,0,0,0,0,0,0
26552,0,0,0,9,8,35,0,0,0,0,0,0
26553,0,0,0,0,0,0,5,0,1,0,0,0
26554,4,9,3,0,0,0,0,0,0,0,0,0
26555,4,60,24,0,0,0,0,0,0,0,0,0
26556,0,0,0,0,0,0,0,1,2,0,0,0
26557,0,8,4,0,0,0,0,0,0,0,0,0
26558,0,0,0,0,0,0,327,98,0,0,0,0
26559,0,0,0,0,0,0,0,0,0,3,25,0
26560,0,0,0,0,0,1,0,0,0,0,0,0
26561,0,0,0,3,0,35,0,0,0,0,0,0
26562,5,18,2,0,0,0,0,0,0,0,0,0
26563,5,31,1,0,0,0,0,0,0,0,0,0
26564,4,29,0,0,0,0,0,0,0,0,0,0
26565,0,30,3,0,0,0,0,0,0,0,0,0
26566,1,98,3,0,0,0,1,0,0,0,0,0
26567,0,0,0,0,0,0,161,228,0,0,0,0
26568,0,0,0,0,0,0,0,0,0,36,15,0
26569,0,0,0,0,0,0,0,0,0,0,0,0
26570,0,0,0,0,0,1,0,0,0,9,163,0
26571,0,0,2,0,0,1,0,0,0,403,683,3
26572,0,0,0,0,0,1,0,0,0,0,0,0
26573,0,0,0,9,0,65,0,0,0,0,0,0
26574,0,0,0,0,0,0,0,1,6,0,0,0
26575,0,1,1,0,0,0,0,0,0,0,0,0
26576,0,15,0,0,0,0,0,0,0,0,0,0
26577,0,0,0,0,0,0,0,0,100,3,1,6963
26578,0,16,1,0,0,0,0,0,0,0,0,0
26579,27,114,15,3,0,0,0,0,0,0,0,0
26580,0,0,0,0,0,1,0,0,0,0,0,0
26581,0,0,0,0,0,0,2,1,0,0,0,0
26582,0,0,0,0,0,0,0,4,1,0,0,0
26583,0,1,1,0,0,0,0,0,0,0,0,0
26584,0,0,1,0,0,0,0,0,0,0,0,0
26585,0,0,0,0,0,16,0,0,0,0,54,0
26586,0,0,0,0,0,0,0,0,0,13,98,0
26587,0,0,0,0,0,1,0,0,0,0,0,0
26588,15,25,12,0,0,0,0,0,0,0,0,0
26589,0,0,0,0,2,0,33,495,338,0,0,0
26590,0,0,0,0,1,26,0,0,0,0,0,0
26591,18,17,0,0,0,0,0,0,0,0,0,0
26592,26,30,5,2,0,0,0,0,0,0,0,0
26593,0,0,0,0,1,34,0,0,0,0,6,0
26594,42,8,0,0,0,0,0,0,0,0,0,0
26595,0,0,0,0,0,0,21,8,0,0,0,0
26596,0,0,0,0,0,0,0,7,3,0,0,0
26597,0,0,0,0,0,44,0,0,0,0,0,0
26598,0,0,0,1,1,28,0,0,0,0,0,0
26599,0,0,0,0,17,27,0,0,0,2,0,0
26600,0,0,0,0,0,1,0,0,0,25,216,1
26601,0,0,0,0,0,2,0,0,0,16,249,1
26602,0,0,0,0,0,0,0,0,0,0,0,0
26603,10,18,1,0,0,0,0,0,0,0,0,0
26604,0,0,0,0,1,3404,0,0,0,0,22,0
26605,0,0,0,1,2,3,0,0,0,0,0,0
26606,0,0,0,0,0,10,0,0,0,21,1707,3
26607,0,0,0,0,0,3,0,0,0,3,494,3
26608,0,0,0,0,0,0,0,0,0,0,0,0
26609,0,0,0,1,1,610,0,0,0,0,3,0
26610,1,11,0,0,0,0,0,0,0,0,0,0
26611,0,0,0,0,0,0,0,0,0,1,130,0
26612,231,51,21,0,0,0,0,0,0,0,0,0
26613,0,0,0,2,3,2,0,0,0,0,0,0
26614,0,0,0,0,0,0,0,10,0,0,0,0
26615,0,0,0,0,0,0,0,85,2,0,0,0
26616,0,1,1,0,0,0,0,0,0,0,0,0
26617,0,0,0,0,0,0,0,0,0,0,0,0
26618,0,0,0,8,0,7,0,0,0,0,0,0
26619,0,0,0,79,2,0,0,0,0,0,0,0
26620,0,0,0,0,0,0,2,246,74,0,0,0
26621,0,0,0,0,0,34,0,0,0,0,0,0
26622,0,0,0,0,0,0,0,0,0,15,635,1
26623,0,0,0,1,0,1,0,0,0,0,0,0
26624,0,0,0,0,8,44,0,0,0,0,0,0
26625,0,0,0,0,0,4,0,0,0,0,1149,0
26626,0,0,0,0,0,1,0,0,0,0,0,0
26627,2,5,0,0,0,0,0,0,0,0,0,0
26628,0,0,0,0,0,0,0,0,0,1,0,1
26629,0,0,1,0,0,0,0,0,0,0,0,0
26630,1,14,0,0,0,0,0,0,0,0,0,0
26631,0,0,0,2,1,0,0,0,0,0,0,0
26632,0,0,0,0,0,1,0,0,0,0,0,0
26633,0,0,0,0,0,12,0,0,0,0,0,0
26634,0,0,0,0,0,0,0,195,0,0,0,0
26635,0,0,0,0,0,0,0,0,0,0,2,0
26636,0,0,0,0,0,0,0,0,0,16,150,0
26637,0,0,0,0,1,0,0,0,0,0,0,0
26638,2,1,0,0,0,0,0,0,0,0,0,0
26639,0,0,0,0,1,40,0,0,0,0,0,0
26640,0,0,0,0,2,0,0,202,6,0,0,0
26641,0,0,0,0,0,0,0,0,0,0,9,0
26642,0,0,0,0,0,1,0,0,0,12,107,0
26643,0,1,0,0,0,0,0,0,0,0,0,0
26644,0,18,1,0,0,0,0,0,0,0,0,0
26645,0,0,0,0,0,3,0,0,0,0,2465,0
26646,1,0,0,0,0,0,0,0,0,0,0,0
26647,0,0,0,0,0,0,50,2,0,0,0,0
26648,0,0,0,0,0,0,10,0,0,0,0,0
26649,0,0,0,0,0,0,0,0,0,0,0,0
26650,1,30,0,0,0,0,0,0,0,0,0,0
26651,0,0,0,0,2,23,0,0,0,0,0,0
26652,0,0,2,0,0,0,0,0,0,0,0,0
26653,0,0,0,0,0,0,35,17,0,0,0,0
26654,0,0,0,0,1,0,10,106,2,0,0,0
26655,0,0,0,0,0,8,0,0,0,0,0,0
26656,0,0,0,1,0,0,0,0,0,0,0,0
26657,0,0,0,1,0,13,0,0,0,0,0,0
26658,0,0,0,1,0,10,0,0,0,0,0,0
26659,0,0,0,0,0,1,0,0,0,0,0,0
26660,0,3,0,0,2,0,56,197,0,0,0,0
26661,0,0,0,0,0,0,0,0,0,0,0,0
26662,0,1,1,0,0,0,0,0,0,0,0,0
26663,0,0,0,0,0,49,0,0,0,0,0,0
26664,0,607,30,0,0,0,7,0,0,2,0,0
26665,0,0,0,1,0,9,0,0,0,0,0,0
26666,4,9,0,0,0,0,0,0,0,0,0,0
26667,4,50,4,0,0,0,0,0,0,0,0,0
26668,0,0,0,0,2,5,0,0,0,0,0,0
26669,0,0,0,1,1,98,0,0,0,0,1,0
26670,0,0,1,0,0,0,0,0,0,0,0,0
26671,0,0,0,0,0,0,0,0,0,0,0,0
26672,0,0,0,0,0,0,31,0,0,0,0,0
26673,0,0,0,2,0,11,0,0,0,0,0,0
26674,0,0,0,1,0,0,0,0,0,0,0,0
26675,3,15,0,0,0,0,0,0,0,0,0,0
26676,15,5,4,0,0,0,0,0,0,0,0,0
26677,0,0,0,0,2,102,0,0,0,0,1,0
26678,8,0,0,14,0,30,0,0,0,0,0,0
26679,0,0,0,0,0,23,0,0,0,0,0,0
26680,0,0,0,0,0,13,0,0,0,0,0,0
26681,0,0,0,0,0,528,0,0,0,1,34851,0
26682,0,0,0,0,0,0,0,0,0,0,1,0
26683,0,0,0,0,0,0,0,0,0,0,0,0
26684,0,0,0,0,0,0,0,0,0,17,83,11
26685,0,0,0,0,0,0,0,0,0,0,0,0
26686,0,0,0,0,0,0,0,21,0,0,0,0
26687,0,0,0,0,0,0,0,18,1,0,0,0
26688,0,0,0,0,0,0,0,0,0,2,141,0
26689,0,0,0,1,0,1,0,0,0,0,0,0
26690,0,0,0,0,1,0,39,1178,10,0,0,0
26691,0,0,0,0,1,50,0,0,0,0,0,0
26692,0,0,0,0,0,11,0,0,0,0,0,0
26693,3,290,0,0,0,0,0,0,0,0,0,0
26694,0,0,0,0,0,0,0,0,0,0,0,0
26695,0,0,0,0,0,0,0,1,0,0,0,0
26696,0,0,0,0,0,0,0,0,0,0,0,0
26697,0,0,0,0,0,0,0,0,0,0,1,0
26698,0,0,0,0,0,0,0,0,0,0,1,0
26699,28,17,2,0,0,0,0,0,0,0,0,0
26700,0,0,0,0,0,0,65,168,0,0,0,0
26701,0,0,0,0,0,2,0,0,0,0,0,0
26702,4,60,14,0,0,0,0,0,0,0,0,0
26703,0,1,0,0,0,0,0,0,0,0,0,0
26704,0,0,0,0,0,0,0,0,0,1,3,1
26705,0,0,0,4,17,11,0,0,0,0,0,0
26706,0,0,0,1,0,74,0,0,0,0,0,0
26707,0,0,0,0,0,1,0,0,0,0,0,0
26708,1,25,0,0,0,0,0,0,0,0,0,0
26709,0,83,0,0,0,0,7109,179,0,0,0,0
26710,0,0,0,0,0,0,0,0,0,0,104,1
26711,0,0,0,0,12,8,0,0,0,0,0,0
26712,0,0,0,5,0,1,0,0,0,0,0,0
26713,0,0,0,0,0,0,2,124,40,0,0,0
26714,0,0,0,0,2,39,0,0,0,0,0,0
26715,0,0,0,0,1,3,0,0,0,0,0,0
26716,0,0,0,1,0,0,0,0,0,0,0,0
26717,0,0,0,0,0,6,0,0,0,0,0,0
26718,0,0,0,0,0,0,19,292,4,0,0,0
26719,0,0,0,0,4,21,0,0,0,0,0,0
26720,0,0,0,0,4,0,150,451,9,0,0,0
26721,0,0,0,0,0,0,0,0,0,8,35,0
26722,0,0,0,2,1,0,0,0,0,0,0,0
26723,0,0,0,12,5,23,0,0,0,0,0,0
26724,0,0,0,0,0,0,5,112,1,0,0,0
26725,0,0,0,0,0,0,0,0,0,2,6,0
26726,0,0,0,4,3,25,0,0,0,0,0,0
26727,0,0,0,0,0,0,25,531,2,0,0,0
26728,0,0,0,0,0,0,0,0,0,1,120,1
26729,0,0,0,0,2,592,0,0,0,0,6,0
26730,0,0,0,0,6,0,88,1138,5286,0,1,78
26731,0,0,0,0,0,46,0,0,0,0,0,0
26732,0,0,0,0,4,107,0,0,0,0,0,0
26733,0,0,0,1,2,6,0,0,0,0,0,0
26734,3,8,0,0,0,0,0,0,0,0,0,0
26735,0,0,0,1,0,390,0,0,0,0,17991,0
26736,0,2,0,0,0,0,0,0,0,0,0,0
26737,0,0,0,0,0,0,10,10,12,0,0,0
26738,0,16,0,0,0,0,0,0,0,0,0,0
26739,2,28,2,0,0,0,0,0,0,0,0,0
26740,0,0,0,0,0,1,0,0,0,0,0,0
26741,39,59,3,0,0,0,0,0,0,0,0,0
26742,1,43,0,0,0,0,0,0,0,0,0,0
26743,0,26,32,0,0,0,0,0,0,0,0,0
26744,0,0,0,0,1,35,0,0,0,0,0,0
26745,0,0,0,17,3,7,0,0,0,0,0,0
26746,0,0,0,0,1,0,0,236,27,0,0,0
26747,0,0,0,0,0,0,1,1,0,0,0,0
26748,4,515,10,0,0,0,4,0,0,0,0,0
26749,0,0,0,0,0,142,0,0,0,0,0,0
26750,0,0,0,0,0,1,0,0,0,48,300,4
26751,32,17,1,0,0,0,0,0,0,0,0,0
26752,0,0,0,0,0,0,0,0,0,4,79,1
26753,0,0,0,0,0,0,0,0,0,85,303,1
26754,0,0,0,0,0,0,62,145,0,0,0,0
26755,0,0,0,0,0,0,6,8,2,0,0,0
26756,0,0,0,4,0,5,0,0,0,0,0,0
26757,0,0,0,0,0,0,0,2,0,0,0,0
26758,0,0,0,0,0,0,1,20,0,0,0,0
26759,48,52,11,0,0,0,1,0,0,2,0,0
26760,82,30,2,1,0,0,0,0,0,0,0,0
26761,0,0,0,0,3,35,0,0,0,0,0,0
26762,0,0,0,11,1,26,0,0,0,0,0,0
26763,0,0,0,0,2,0,2,890,0,0,0,0
26764,0,0,0,0,0,0,0,0,0,0,1,0
26765,0,0,0,6,6,40,0,0,0,0,0,0
26766,0,68,1,0,0,0,1,0,0,1,0,0
26767,0,0,0,0,808,80911,0,297,0,0,230,0
26768,0,0,0,0,0,1,0,0,0,21,528,1
26769,0,0,0,0,0,0,97,68,0,0,0,0
26770,0,0,0,0,0,0,0,0,0,0,20,0
26771,61,45,5,0,0,0,6,0,0,0,0,0
26772,9,34,5,0,0,0,0,0,0,0,0,0
26773,0,0,0,0,0,133,0,0,0,0,0,0
26774,0,0,0,0,0,0,42,137,0,0,0,0
26775,0,0,0,0,1,0,30,838,1,0,0,0
26776,0,0,0,0,0,0,0,0,0,5,288,0
26777,0,0,0,3,4,48,0,0,0,0,0,0
26778,0,0,0,18,4,0,0,0,0,0,0,0
26779,0,0,0,0,0,0,0,219,18,0,0,0
26780,0,0,0,0,0,7,0,0,0,0,0,0
26781,0,0,0,0,0,3,0,0,0,22,385,4
26782,0,0,0,0,0,0,0,0,0,0,0,0
26783,0,0,0,10,1,25,0,0,0,0,0,0
26784,0,0,0,0,1,0,16,73,0,0,0,0
26785,0,0,0,0,0,0,0,0,0,0,0,0
26786,17,97,0,0,0,0,0,0,0,0,0,0
26787,0,7,0,0,0,0,1448,8,0,0,0,0
26788,0,0,0,0,0,0,11,0,2,0,0,0
26789,0,0,0,0,0,0,0,0,0,9,114,0
26790,0,0,0,1,8,74,0,0,0,0,0,0
26791,0,0,0,0,0,25,0,0,0,0,0,0
26792,0,0,0,0,0,0,21,60,3,0,0,0
26793,7,12,7,0,0,0,0,0,0,0,0,0
26794,0,0,0,0,0,33,0,0,0,0,0,0
26795,0,0,0,0,0,0,0,8,0,0,0,0
26796,0,0,0,0,0,0,0,0,0,0,0,0
26797,0,0,0,0,0,0,0,2,1,0,0,0
26798,0,0,0,0,0,0,0,1,0,0,0,0
26799,0,0,0,0,0,0,0,0,0,4,49,0
26800,0,0,0,0,0,1,0,0,0,0,0,0
26801,0,0,1,0,3,43,1,1622,161,32,3266,47157
26802,6,32,5,0,0,0,0,0,0,0,0,0
26803,0,0,0,0,0,0,12,128,24,0,0,0
26804,0,0,0,0,0,0,0,0,0,4,120,0
26805,0,0,0,0,0,0,0,0,0,0,0,0
26806,0,0,0,0,0,0,0,0,0,0,0,0
26807,0,0,0,0,0,0,0,0,0,0,71,0
26808,0,0,0,0,0,1,0,0,0,0,0,0
26809,0,0,0,0,0,0,0,0,0,0,0,0
26810,0,0,0,0,0,0,0,0,0,0,45,0
26811,56,39,1,0,0,0,0,0,0,0,0,0
26812,0,0,0,0,4,32,0,0,0,0,0,0
26813,0,0,0,24,2,13,0,0,0,0,0,0
26814,0,0,0,0,0,0,10,306,0,0,0,0
26815,0,0,0,0,0,0,0,0,0,1,12,0
26816,0,0,0,0,7,35,0,0,0,0,0,0
26817,0,0,0,0,1,0,0,0,0,0,0,0
26818,0,0,0,0,0,0,0,0,0,2,1,0
26819,0,0,0,5,11,73,0,0,0,0,0,0
26820,0,0,0,2,0,14,0,0,0,0,0,0
26821,0,0,0,1,0,24,0,0,0,0,0,0
26822,0,0,0,0,0,8,0,0,0,17,1185,7
26823,0,1,11,0,0,0,0,0,0,0,0,0
26824,0,0,0,0,0,0,32,0,0,0,0,0
26825,0,17,0,0,0,0,0,0,0,0,0,0
26826,0,0,0,0,0,0,0,0,0,0,89,0
26827,0,0,0,0,0,0,0,0,0,0,0,0
26828,0,0,0,0,4,1,162,1788,11,0,0,0
26829,0,0,0,0,0,3,0,0,0,0,0,0
26830,0,0,0,3,1,1,0,0,0,0,0,0
26831,0,0,0,1,1,23,0,0,0,0,0,0
26832,0,0,0,0,0,0,4,11,0,0,0,0
26833,0,0,0,0,0,4,0,0,0,0,642,0
26834,0,44,0,0,1,0,196,588,3,0,0,0
26835,0,0,0,0,0,0,0,0,0,0,3,2
26836,0,0,0,0,0,0,1,3,1,0,0,0
26837,0,0,0,0,0,79,0,0,0,0,5,0
26838,1,0,0,0,0,0,0,0,0,0,0,0
26839,0,0,0,0,0,0,0,0,0,0,3,0
26840,0,1,0,0,1,0,138,478,0,0,0,0
26841,0,0,0,0,0,0,0,0,0,3,3,0
26842,0,0,0,0,0,0,266,21,0,0,0,0
26843,0,0,0,0,2,27,0,0,0,0,0,0
26844,0,0,0,1,0,0,0,0,0,0,0,0
26845,0,0,0,0,0,0,0,0,0,0,1,0
26846,0,0,0,0,0,0,0,0,0,3,54,0
26847,33,42,1,0,0,0,0,0,0,0,0,0
26848,0,0,0,0,0,12,0,0,0,0,0,0
26849,0,0,0,0,5,0,53,448,21,0,0,0
26850,0,0,0,0,0,1,0,0,0,0,0,0
26851,0,0,0,0,0,0,1,1,0,0,0,0
26852,0,0,0,0,0,0,0,0,0,0,0,0
26853,0,0,0,0,1,0,0,0,0,0,0,0
26854,0,0,0,0,0,0,0,0,0,0,0,0
26855,25,61,9,0,0,0,1,0,0,0,0,0
26856,0,0,0,0,0,1,0,0,0,0,0,0
26857,0,0,0,5,0,1,0,0,0,0,0,0
26858,0,0,0,0,0,19,0,0,0,15,1731,1
26859,0,0,0,0,0,0,0,0,0,0,0,0
26860,0,0,0,0,0,0,0,0,0,0,0,0
26861,0,0,0,1,0,293,0,0,0,0,1,0
26862,0,0,0,0,0,0,0,0,0,1,11,0
26863,0,0,0,0,0,0,0,0,0,0,5,0
26864,131,77,5,1,0,0,0,0,0,0,0,0
26865,0,0,0,0,0,0,2,2,0,0,0,0
26866,0,1,0,0,0,0,0,0,0,0,0,0
26867,1,27,1,0,0,0,0,0,0,0,0,0
26868,0,0,0,0,0,0,0,0,0,0,0,0
26869,0,0,0,0,0,0,0,0,0,0,5,5
26870,0,0,0,8,7,36,0,0,0,0,0,0
26871,1,4,1,0,0,0,0,0,0,0,0,0
26872,0,1,0,0,0,0,0,0,0,0,0,0
26873,0,0,0,0,0,5,0,0,0,8,1957,4
26874,0,4,0,0,0,0,0,0,0,0,0,0
26875,0,0,0,0,0,1,0,0,0,0,0,0
26876,0,0,0,11,0,10613,0,0,0,0,207,0
26877,0,0,0,0,0,0,0,0,0,0,1,0
26878,0,0,0,0,0,0,0,0,0,0,0,0
26879,0,0,0,108,16,264,0,0,0,0,0,0
26880,0,0,0,0,0,0,0,0,0,34,1,0
26881,0,0,0,0,0,0,0,0,0,0,0,0
26882,0,0,0,0,0,10,0,0,0,5,1643,69
26883,0,0,0,0,0,0,0,0,0,0,0,0
26884,1,2,1,0,0,0,0,0,0,0,0,0
26885,0,0,0,0,0,4,0,0,0,1,2016,0
26886,0,0,0,0,0,0,4,7,0,0,0,0
26887,0,0,0,0,1,2,0,0,0,0,0,0
26888,0,0,0,0,0,0,20,4,0,0,0,0
26889,0,0,0,0,0,0,0,0,0,3,21,0
26890,0,0,0,0,0,0,0,0,0,1,15,0
26891,17,27,8,0,0,0,0,0,0,0,0,0
26892,0,0,0,0,0,1,0,0,0,24,122,11
26893,0,0,0,0,1,0,0,0,0,0,0,0
26894,0,0,0,0,0,108,0,0,0,19,2469,6
26895,0,0,0,0,0,101,0,0,0,26,2095,5
26896,40,85,0,0,0,0,1,0,0,0,0,0
26897,0,0,0,5,9,111,0,0,0,0,4,0
26898,0,0,0,0,0,0,15,8,0,0,0,0
26899,0,0,0,0,0,0,24,0,0,0,0,0
26900,0,0,0,0,0,1,0,0,0,0,44,2
26901,4,13,0,0,0,0,0,0,0,0,0,0
26902,0,0,0,0,0,0,0,0,0,9,16,0
26903,0,0,0,9,0,63,0,0,0,0,0,0
26904,0,44,3,0,0,0,0,0,0,0,0,0
26905,0,0,0,0,1,51,0,0,0,0,1,0
26906,0,0,0,3,0,31,0,0,0,0,0,0
26907,0,0,0,0,0,17,0,0,0,27,993,14
26908,0,0,0,12,0,11,0,0,0,0,0,0
26909,0,0,0,0,0,0,51,96,41,0,0,0
26910,1,5,1,0,0,0,0,0,0,0,0,0
26911,0,0,0,0,0,0,0,0,0,1,13,0
26912,0,0,0,0,0,1,0,0,0,3,681,4
26913,0,0,10,0,0,0,0,0,0,0,0,0
26914,0,0,0,0,0,0,4,26,5,0,0,0
26915,1,40,0,0,0,0,0,0,0,0,0,0
26916,0,0,1,0,0,0,0,0,0,3,16,0
26917,0,0,0,0,0,0,0,0,0,0,2,0
26918,0,1,0,0,1,0,89,1238,2,0,0,0
26919,0,0,0,0,0,0,0,0,0,6,0,11
26920,0,0,0,0,0,0,0,0,0,0,0,0
26921,0,0,0,6,11,73,0,0,0,0,0,0
26922,0,0,2,0,0,0,0,0,0,4,487,0
26923,0,0,0,0,0,0,0,0,0,0,0,0
26924,16,95,0,0,0,0,1,0,0,0,0,0
26925,0,0,0,0,0,0,1,0,0,0,0,0
26926,10,8,0,0,0,0,0,0,0,0,0,0
26927,9,1402,4,0,0,0,10,1,0,0,0,0
26928,3,27,0,0,0,0,0,0,0,0,0,0
26929,0,0,0,0,0,0,152,6,0,0,0,0
26930,0,0,0,0,0,17,0,0,0,0,0,0
26931,0,0,0,0,0,0,0,0,0,0,0,0
26932,0,0,0,0,0,0,0,0,0,0,0,0
26933,0,34,0,0,0,0,0,0,0,0,0,0
26934,0,0,0,0,0,0,0,0,0,25,3,0
26935,0,0,0,0,0,10,0,0,0,0,0,0
26936,0,0,0,0,0,5,0,0,0,24,1604,0
26937,0,0,0,0,0,0,49,7,0,0,0,0
26938,0,0,0,1,1,0,0,0,0,0,0,0
26939,5,12,0,0,0,0,1,0,0,0,0,0
26940,2,24,1,0,0,0,0,0,0,0,0,0
26941,0,0,0,0,0,0,0,0,0,0,0,0
26942,0,0,1,0,0,0,0,0,0,42,187,1
26943,0,0,0,0,0,0,0,0,0,0,0,0
26944,0,0,0,0,0,0,1,0,0,0,0,0
26945,4,59,59,0,0,0,0,0,0,0,0,0
26946,0,0,0,0,0,0,0,17,0,0,0,0
26947,0,0,0,0,0,2,0,0,0,0,273,0
26948,0,0,0,2,0,21,0,0,0,0,0,0
26949,0,0,0,0,0,0,0,30,3,0,0,0
26950,0,0,0,0,0,0,0,0,0,0,0,0
26951,0,0,0,0,8,0,79,1909,345,0,0,0
26952,0,56,0,0,0,0,0,0,0,0,0,0
26953,0,0,0,0,0,9,0,0,0,0,0,0
26954,0,0,0,0,0,0,0,0,0,6,116,0
26955,0,0,0,0,0,1,0,0,0,1,39,0
26956,0,0,0,1,0,0,0,0,0,0,0,0
26957,0,0,0,23,11,60,0,0,0,0,0,0
26958,0,0,0,0,0,0,0,0,0,2,11,0
26959,0,0,0,0,0,0,152,12,2,0,0,0
26960,0,0,0,2,4,97,0,0,0,0,0,0
26961,0,0,0,0,0,0,5,0,0,0,0,0
26962,0,0,0,0,0,0,7,1,0,0,0,0
26963,0,35,3,0,0,0,0,0,0,0,0,0
26964,0,0,0,0,0,0,0,0,0,4,116,3
26965,7,19,0,0,0,0,0,0,0,0,0,0
26966,0,0,0,5,18,150,0,0,0,0,1,0
26967,0,0,0,0,0,0,0,0,0,5,7,0
26968,0,0,0,3,0,0,0,0,0,0,0,0
26969,0,0,0,3,9,10,0,0,0,0,0,0
26970,0,0,0,0,0,0,0,0,0,0,0,0
26971,0,0,0,0,0,0,0,1,0,0,0,0
26972,0,0,0,0,0,3960,0,0,0,0,36,1
26973,0,103,0,0,0,0,0,0,0,0,0,0
26974,0,0,0,0,0,2,0,0,0,0,0,0
26975,5,0,0,205,0,16,0,0,0,0,0,0
26976,0,0,0,0,0,0,0,17,1,0,0,0
26977,0,0,0,0,0,0,0,0,0,0,4,1
26978,3,0,0,47,13,54,0,0,0,0,0,0
26979,0,0,0,0,0,0,1,0,0,0,0,0
26980,0,0,0,0,0,0,0,2,3,0,0,0
26981,1,37,1,0,0,0,0,0,0,0,0,0
26982,0,0,0,0,0,0,0,0,0,0,5,0
26983,0,0,0,0,0,0,0,0,0,0,0,0
26984,0,0,0,0,0,1,0,0,0,1,71,0
26985,0,0,1,3,0,3,0,0,0,17,839,2
26986,10,6,11,0,0,0,0,0,0,0,0,0
26987,0,0,0,0,1,102,0,0,0,0,0,0
26988,0,0,0,0,0,0,0,0,0,5,80,1
26989,0,0,0,0,0,1,0,0,0,0,0,0
26990,3,89,1,0,0,0,0,0,0,0,0,0
26991,0,0,0,0,0,0,0,0,0,0,0,0
26992,0,0,0,0,0,0,0,2,0,0,0,0
26993,1,20,13,0,0,0,0,0,0,0,0,0
26994,0,0,0,0,0,0,0,0,0,12,110,0
26995,0,0,0,0,0,0,32,135,1,0,0,0
26996,0,0,0,0,0,0,0,0,0,19,125,0
26997,0,0,0,0,0,1,0,0,0,0,0,0
26998,0,0,0,0,0,0,3,7,4,0,0,0
26999,0,0,0,0,0,81,0,0,0,0,1,0
27000,0,0,0,0,0,0,2,40,0,0,0,0
27001,0,5,3,0,0,0,0,0,0,0,0,0
27002,0,0,0,0,0,12,0,0,0,4,1091,1
27003,4,61,39,0,0,0,0,0,0,3,0,0
27004,0,0,0,0,0,7,0,0,0,0,0,0
27005,0,0,0,0,0,7,0,0,0,27,1899,6
27006,0,1,8,0,0,0,0,0,0,0,0,0
27007,5,6,2,0,0,0,0,0,0,0,0,0
27008,0,0,0,0,0,0,72,132,41,0,0,0
27009,0,0,0,0,0,0,21,1,4,0,0,0
27010,0,7,0,0,0,0,0,0,0,0,0,0
27011,0,0,0,0,0,0,0,0,0,6,121,1
27012,0,0,0,0,0,2,0,0,0,8,377,0
27013,0,0,0,0,0,0,0,0,0,0,0,0
27014,0,0,0,0,2,0,40,700,14,0,0,0
27015,0,0,0,0,0,0,0,0,0,0,0,1
27016,0,0,0,0,0,0,0,0,0,1,4,0
27017,0,0,0,12,4,31,0,0,0,0,0,0
27018,1,1,0,0,0,0,0,0,0,0,0,0
27019,5,28,1,0,0,0,0,0,0,0,0,0
27020,0,13,3,0,0,0,0,0,0,0,0,0
27021,0,0,0,0,0,0,1,0,95,0,0,0
27022,3,0,0,0,0,0,0,0,0,0,0,0
27023,10,13,1,0,0,0,0,0,0,0,0,0
27024,1,27,36,0,0,0,0,0,0,0,0,0
27025,0,0,0,0,0,0,0,0,0,0,0,0
27026,0,0,0,0,0,0,0,0,0,3,61,0
27027,6,1,0,0,0,0,0,0,0,0,0,0
27028,0,0,0,0,0,0,0,0,0,1,6,0
27029,0,0,0,10,0,15,0,0,0,0,0,0
27030,0,0,0,0,0,0,9,3,4,0,0,0
27031,0,0,0,1,0,0,0,0,0,0,0,0
27032,0,0,0,6,1,17,0,0,0,0,0,0
27033,0,0,0,0,0,0,1,3,0,0,0,0
27034,0,0,0,0,0,0,0,0,0,1,0,0
27035,0,0,0,0,3,42,0,0,0,0,0,0
27036,0,0,0,0,0,0,0,0,0,0,0,0
27037,0,0,0,0,0,0,0,0,0,1,0,19
27038,125,52,0,0,0,0,0,0,0,0,0,0
27039,0,0,0,128,7,10,0,0,0,0,0,0
27040,0,0,0,0,0,0,0,0,0,162,2,0
27041,3,11,0,0,0,0,0,0,0,0,0,0
27042,0,0,0,0,0,0,0,0,0,3,1,0
27043,0,0,0,0,0,0,11,26,1,0,0,0
27044,6,4,0,0,0,0,0,0,0,0,0,0
27045,1,1,0,0,0,0,0,0,0,0,0,0
27046,0,0,0,0,0,0,0,0,0,4,582,0
27047,0,0,0,0,0,0,192,182,5,0,0,0
27048,0,0,0,0,0,0,0,0,0,0,6,0
27049,0,0,0,0,0,1,0,0,0,0,0,0
27050,0,0,0,0,1,31,0,0,0,0,0,0
27051,0,0,0,0,4,0,0,0,0,0,0,0
27052,0,0,0,0,0,0,0,0,0,0,1,2
27053,0,0,0,0,2,21,0,0,0,0,0,0
27054,0,0,0,1,0,0,0,0,0,0,0,0
27055,1,0,1,0,0,0,0,0,0,0,0,0
27056,0,0,0,0,0,83,0,0,0,0,0,0
27057,0,0,0,0,0,0,0,0,0,0,0,0
27058,0,0,0,0,0,0,0,0,0,0,0,0
27059,0,0,0,0,0,14,0,0,0,1,1815,0
27060,0,0,0,0,0,0,0,0,0,0,0,0
27061,0,447,0,0,0,0,1,0,0,0,0,0
27062,1,23,0,0,0,0,0,0,0,0,0,0
27063,0,0,0,0,0,48,0,0,0,0,0,0
27064,0,0,0,0,1,0,0,0,0,0,0,0
27065,0,1,0,0,0,0,229,13,0,0,0,0
27066,0,0,0,0,0,0,2,0,0,0,0,0
27067,0,0,0,0,0,0,0,4,0,0,0,0
27068,2,61,10,0,0,0,0,0,0,0,0,0
27069,0,0,0,0,0,0,0,3,0,0,0,0
27070,0,0,0,0,0,0,0,0,0,0,1,0
27071,0,0,0,37,30,165,0,0,0,0,0,0
27072,0,0,0,0,5,0,0,0,0,0,0,0
27073,0,0,0,0,0,0,0,0,0,0,8,0
27074,0,0,0,1,15,0,95,1434,0,0,0,0
27075,0,0,0,0,0,0,0,0,0,3,2,0
27076,0,13,0,0,0,0,0,0,0,0,0,0
27077,0,0,0,0,0,0,27,44,3,0,0,0
27078,0,0,0,0,0,0,0,0,0,3,38,2
27079,0,0,0,0,0,0,10,4,1,0,0,0
27080,0,0,0,0,0,26,0,0,0,0,0,0
27081,0,0,0,0,0,0,7,1,0,0,0,0
27082,0,0,0,1,0,2,0,0,0,0,0,0
27083,0,50,2,0,0,0,0,0,0,0,0,0
27084,0,0,0,0,0,0,51,129,0,0,0,0
27085,0,0,0,0,0,0,0,0,0,0,0,1
27086,17,36,4,0,0,0,0,0,0,0,0,0
27087,0,0,0,0,0,0,10,23,7,0,0,2
27088,0,0,0,0,0,0,6,6,0,0,0,0
27089,0,0,0,3,1,35,0,0,0,0,0,0
27090,0,0,0,0,0,0,3,1,1,0,0,0
27091,0,0,0,0,0,0,0,0,0,0,0,0
27092,0,0,0,0,0,0,0,0,0,19,646,0
27093,0,0,0,0,0,1,0,0,0,0,0,0
27094,0,0,0,0,0,0,0,0,0,0,5,0
27095,3,6,5,0,0,0,0,0,0,0,0,0
27096,0,0,0,0,0,0,0,3,0,0,0,0
27097,0,0,0,0,0,0,0,7,0,0,0,0
27098,0,0,0,0,5,4,0,0,0,0,0,0
27099,0,0,0,0,0,1,0,0,0,0,0,0
27100,0,0,0,0,0,0,0,0,0,0,0,0
27101,0,0,0,0,1,15,0,0,0,0,0,0
27102,0,0,0,0,0,0,3,11,0,0,0,0
27103,0,0,0,0,0,0,0,0,0,1,9,1
27104,0,0,0,0,0,15,0,0,0,0,1,0
27105,0,0,0,0,0,0,0,0,0,0,0,0
27106,0,0,0,0,0,0,0,0,0,0,3,0
27107,58,42,3,0,0,0,0,0,0,0,0,0
27108,0,0,0,0,0,0,0,0,0,0,0,0
27109,0,0,0,0,0,0,0,0,0,0,0,0
27110,0,0,0,0,0,0,0,0,0,0,260,0
27111,0,0,0,0,0,0,0,0,0,0,0,0
27112,0,3,0,0,0,0,313,11,20,0,0,0
27113,0,0,0,0,2,34,0,0,0,0,1,0
27114,0,0,0,0,0,0,0,0,0,0,4,0
27115,0,0,0,0,0,0,2,1,0,0,0,0
27116,0,0,0,0,0,0,0,0,0,5,88,0
27117,0,0,0,1,0,2,0,0,0,0,0,0
27118,4,3,0,0,0,0,0,0,0,0,0,0
27119,0,0,0,0,0,0,0,0,0,0,158,0
27120,1,0,0,0,0,0,0,0,0,0,0,0
27121,0,0,0,0,0,0,6,3,0,0,0,0
27122,0,0,0,0,0,0,47,3,0,0,0,0
27123,0,225,2,0,0,0,0,0,0,0,0,0
27124,0,0,0,0,0,27,0,0,0,0,0,0
27125,0,0,0,10,1,105,0,0,0,0,0,0
27126,0,0,0,0,0,0,0,0,0,0,0,0
27127,0,0,0,0,0,0,1,2,0,0,0,0
27128,0,0,0,0,0,3,0,0,0,30,534,0
27129,0,0,0,0,0,0,0,0,0,0,0,0
27130,0,0,0,0,0,0,0,0,0,0,0,0
27131,0,0,0,0,0,6,0,0,0,0,1453,1
27132,0,0,0,0,0,22,0,0,0,0,0,0
27133,6,0,0,0,0,0,0,0,0,0,0,0
27134,0,0,0,1,0,266,0,0,0,0,24,0
27135,0,0,0,0,0,0,0,0,0,0,0,0
27136,0,5,0,0,0,0,0,0,0,0,0,0
27137,0,32,0,0,0,0,0,0,0,0,0,0
27138,0,0,0,0,1,94,0,0,0,0,0,0
27139,0,0,0,2,0,2,0,0,0,0,0,0
27140,0,9,1,0,0,0,0,0,0,0,0,0
27141,7,8,3,0,0,0,0,0,0,0,0,0
27142,2,24,0,0,0,0,0,0,0,0,0,0
27143,0,0,0,0,0,22,0,0,0,9,2029,0
27144,11,8,5,0,0,0,0,0,0,0,0,0
27145,0,0,0,0,0,1,0,0,0,7,358,5
27146,49,39,5,0,0,0,0,0,0,0,0,0
27147,0,0,0,0,9,0,40,1087,50,0,0,0
27148,0,8,0,0,0,0,0,0,0,0,0,0
27149,0,0,0,0,0,0,0,0,0,20,66,0
27150,0,0,0,0,0,0,0,0,0,1,13,0
27151,1,11,2,0,0,0,0,0,0,0,0,0
27152,0,0,0,2,0,89,0,0,0,0,17,0
27153,0,0,0,2,13,6,0,0,0,0,0,0
27154,0,0,0,0,0,0,0,0,0,1,15,0
27155,0,0,0,0,0,2,0,0,0,4,159,0
27156,18,40,3,0,0,0,0,0,0,0,0,0
27157,0,1,0,0,1,0,47,24,0,0,0,0
27158,0,0,0,0,2,6,0,0,0,0,0,0
27159,0,22,0,0,0,0,2,0,0,0,0,0
27160,0,0,0,0,0,0,5,3,0,0,0,0
27161,0,0,0,0,0,5,0,0,0,0,76,0
27162,4,11,1,0,0,0,0,0,0,0,0,0
27163,0,0,0,0,3,0,8,154,4,0,0,0
27164,0,0,0,0,18,23,0,2,0,0,0,0
27165,0,0,0,0,0,0,36,27,2,0,0,0
27166,0,4,0,0,0,0,0,0,0,0,0,0
27167,0,0,0,0,0,0,0,0,0,1,122,0
27168,0,3,0,0,0,0,0,0,0,0,0,0
27169,1,3,0,0,0,0,0,0,0,0,0,0
27170,0,0,0,0,0,4,0,0,0,0,0,0
27171,26,14,0,0,0,0,0,0,0,0,0,0
27172,0,0,0,27,0,0,0,0,0,0,0,0
27173,0,0,0,0,0,1,0,0,0,0,0,0
27174,0,0,0,0,0,0,0,3,0,0,0,0
27175,0,0,0,0,0,0,0,0,0,0,3,0
27176,0,0,0,13,3,8,0,0,0,0,0,0
27177,0,0,0,0,0,1,0,0,0,0,0,0
27178,0,0,0,0,0,0,0,0,0,0,0,0
27179,0,0,0,0,0,0,7,0,0,0,0,0
27180,0,0,0,0,0,0,0,0,0,0,0,0
27181,0,0,0,0,0,0,0,0,0,0,0,0
27182,0,0,0,0,0,35,0,0,0,0,0,0
27183,0,0,0,0,0,0,3,8,0,0,0,0
27184,0,0,0,0,0,1,0,0,0,0,0,0
27185,0,2,1,0,0,0,0,0,0,0,0,0
27186,0,0,0,0,0,0,0,0,0,0,0,1
27187,0,0,0,0,0,0,0,0,0,0,0,0
27188,0,0,0,0,0,0,0,4,0,0,0,0
27189,0,0,0,0,0,0,0,0,0,0,0,0
27190,0,0,0,0,0,0,0,0,0,0,0,0
27191,0,6,0,0,0,0,0,0,0,0,0,0
27192,0,0,0,0,0,0,1,1,0,0,0,0
27193,0,0,0,4,0,603,0,0,0,0,16,0
27194,0,0,0,0,0,0,0,14,8,0,0,0
27195,1,5,2,0,0,0,0,0,0,0,0,0
27196,0,0,0,0,0,0,0,0,0,0,59,0
27197,13,7,0,0,0,0,0,0,0,0,0,0
27198,8,16,0,0,0,0,0,0,0,0,0,0
27199,0,0,0,0,0,0,0,0,0,1,138,0
27200,1,7,0,0,0,0,0,0,0,0,0,0
27201,0,0,0,0,0,0,17,39,0,0,0,0
27202,21,11,0,0,0,0,0,0,0,0,0,0
27203,0,0,0,0,0,14,0,0,0,0,0,0
27204,0,0,0,0,0,0,5,152,5,0,0,0
27205,4,0,0,4,1,38,0,0,0,0,2,0
27206,0,0,0,2,6,243,0,0,0,0,4,0
27207,0,0,0,0,6,67,0,4,0,0,0,0
27208,0,0,0,0,0,1,0,0,1,1,280,30
27209,99,128,1,0,0,0,2,0,0,0,0,0
27210,0,0,0,3,1,132,0,0,0,0,0,0
27211,0,0,0,0,0,0,0,0,0,10,24,1
27212,0,0,0,4,5,92,0,0,0,0,0,0
27213,0,0,0,0,0,27,0,0,0,13,4341,5
27214,0,2,0,0,0,0,143,159,0,0,0,0
27215,0,0,0,0,0,0,0,0,0,0,0,0
27216,0,0,0,23,3,10,0,1,0,0,0,0
27217,0,0,0,0,0,0,73,107,2,0,0,0
27218,0,55,3,0,0,0,5,0,0,0,0,0
27219,0,0,0,0,0,0,0,0,0,16,128,3
27220,0,0,0,8,14,647,0,0,0,0,8,0
27221,1,0,0,103,2,20,0,0,0,0,0,0
27222,0,0,0,0,3,185,0,0,0,0,1,0
27223,0,0,0,0,0,0,0,0,0,2,97,5
27224,0,27,22,0,0,0,0,0,0,0,0,0
27225,0,0,0,0,0,0,21,33,1,0,0,0
27226,0,0,0,0,0,0,1,111,0,0,0,0
27227,0,0,0,0,0,6,0,0,0,0,0,0
27228,0,0,0,26,0,22,0,0,0,0,0,0
27229,1,6,0,0,0,0,0,0,0,0,0,0
27230,0,0,19,0,0,3,0,0,0,93,140,0
27231,0,0,0,2,0,62,0,0,0,0,0,0
27232,1,4,1,0,0,0,0,0,0,0,0,0
27233,0,0,0,14,0,39,0,0,0,0,0,0
27234,292,5,1,1,0,0,0,0,0,0,0,0
27235,0,0,0,0,0,0,14,6,0,0,0,0
27236,0,0,0,0,0,2,0,0,0,1,213,0
27237,11,419,10,0,0,0,2,0,0,0,0,0
27238,0,0,0,0,0,0,5,17,0,0,0,0
27239,5,4,13,0,0,0,0,0,0,0,0,0
27240,0,0,0,0,0,0,16,186,1,0,0,0
27241,3,83,1,0,0,0,0,0,0,0,0,0
27242,0,0,0,0,3,326,0,0,0,0,4,0
27243,1,11,2,0,0,0,0,0,0,0,0,0
27244,0,0,0,8,5,22,0,0,0,0,0,0
27245,0,0,0,0,0,11,0,0,0,0,0,0
27246,0,20,2,0,0,0,0,0,0,0,0,0
27247,0,0,0,0,0,6,0,0,0,5,1445,1
27248,0,0,0,1,0,9,0,0,0,0,0,0
27249,1,0,0,0,0,0,0,0,0,0,0,0
27250,7,5,148,0,0,0,1,0,0,0,0,0
27251,0,0,1,1,0,12,0,0,0,0,0,0
27252,0,0,0,2,0,11,0,0,0,0,0,0
27253,5,116,0,0,0,0,0,0,0,0,0,0
27254,0,0,0,4,14,7,0,0,0,0,0,0
27255,0,0,0,2,1,9,0,0,0,0,0,0
27256,2,33,1,0,0,0,0,0,0,0,0,0
27257,0,0,0,4,3,22,0,0,0,0,0,0
27258,0,1,0,0,0,0,42,172,0,0,0,0
27259,0,3,6973,0,0,0,0,0,0,32,0,0
27260,0,0,0,0,0,0,67,29,0,0,0,0
27261,0,0,0,0,1,0,128,830,3,0,0,0
27262,0,27,34,0,0,0,0,0,0,0,0,0
27263,0,0,0,0,0,1,0,0,0,8,947,29
27264,0,0,0,4,37,73,0,0,0,0,0,0
27265,0,0,0,0,0,25,0,0,0,0,0,0
27266,0,0,0,8,1,18,0,0,0,0,0,0
27267,0,0,0,2,0,39,0,0,0,0,0,0
27268,0,5,8,0,0,0,0,0,0,0,0,0
27269,2,5,2,0,0,0,0,0,0,0,0,0
27270,3,7,18,0,0,0,0,0,0,0,0,0
27271,0,0,0,0,0,0,17,328,1,0,0,0
27272,0,0,0,0,0,23,0,0,0,0,0,0
27273,0,0,0,1,0,11,0,0,0,0,0,0
27274,0,0,0,0,0,15,0,0,0,0,0,0
27275,0,0,0,0,0,0,0,0,0,3,44,1
27276,0,0,0,0,0,1,0,0,0,7,82,3
27277,6,174,2,0,0,0,0,0,0,0,0,0
27278,0,0,0,3,3,39,0,0,0,0,0,0
27279,0,0,0,1,46,19,0,0,0,0,0,0
27280,0,0,0,10,3,59,0,0,0,0,1,0
27281,0,0,0,0,3,0,5,994,1,0,0,0
27282,0,0,0,0,0,0,12,32,1,0,0,0
27283,7,15,9,0,0,0,0,0,0,0,0,0
27284,1,0,0,0,0,0,0,0,0,0,0,0
27285,0,0,0,10,0,68,0,0,0,0,1,0
27286,0,0,0,0,0,0,0,0,0,4,91,2
27287,0,0,0,0,17,8,0,0,0,0,0,0
27288,0,0,0,3,0,14,0,0,0,0,0,0
27289,0,0,0,0,0,0,13,40,23,0,0,0
27290,0,4,7,0,0,0,0,0,0,0,0,0
27291,0,0,0,0,0,482,0,0,0,0,32,0
27292,0,0,0,2,0,367,0,0,0,0,1,0
27293,3,19,0,0,0,0,0,0,0,0,0,0
27294,0,0,0,0,0,15,0,0,0,1,1919,1
27295,9,32,4,0,0,0,0,0,0,0,0,0
27296,0,0,0,0,3,56,0,0,0,0,0,0
27297,0,0,0,0,0,433,0,0,0,10,2916,0
27298,27,15,12,0,0,0,0,0,0,0,0,0
27299,0,0,0,2,0,1205,0,0,0,0,8,0
27300,20,26,2,0,0,0,0,0,0,0,0,0
27301,2,22,1,0,0,0,0,0,0,0,0,0
27302,7,41,0,0,0,0,0,0,0,0,0,0
27303,0,0,0,0,0,0,0,0,0,23,63,0
27304,0,0,0,0,0,0,0,0,0,17,35,0
27305,0,0,0,0,4,75,0,0,0,0,0,0
27306,0,0,0,0,0,0,0,0,0,0,20,0
27307,13,16,2,0,0,0,0,0,0,0,0,0
27308,0,0,0,0,0,32,0,0,0,0,0,0
27309,21,4,1,0,0,0,0,0,0,0,0,0
27310,6,54,1,0,0,0,0,0,0,0,0,0
27311,0,0,0,0,0,17,0,0,0,0,0,0
27312,0,0,0,1,0,16,0,0,0,0,0,0
27313,4,8,0,0,0,0,0,0,0,0,0,0
27314,6,8,0,0,0,0,0,0,0,0,0,0
27315,19,7,3,0,0,0,0,0,0,0,0,0
27316,8,20,0,0,0,0,1,0,0,0,0,0
27317,10,68,7,0,0,0,5,0,0,0,0,0
27318,0,0,0,6,1,58,0,0,0,0,0,0
27319,0,0,0,5,5,1061,0,0,0,0,18,0
27320,0,0,0,1,1,17,0,0,0,0,0,0
27321,3,147,2,0,0,0,0,0,0,0,0,0
27322,0,0,0,0,8,160,0,0,0,0,2,0
27323,0,0,0,0,0,0,0,0,0,1,214,7
27324,0,0,0,1,5,34,0,0,0,0,0,0
27325,1,8,0,0,0,0,0,0,0,0,0,0
27326,20,18,16,0,0,0,0,0,0,0,0,0
27327,0,0,0,0,0,0,14,436,5,0,0,0
27328,0,0,0,0,8,26,0,0,0,0,0,0
27329,0,0,0,0,0,0,0,0,0,8,8,0
27330,11,9,4,0,0,0,0,0,0,0,0,0
27331,0,0,0,0,0,0,0,0,0,4,50,1
27332,0,0,0,2,0,23,0,0,0,0,0,0
27333,1,8,0,0,0,0,0,0,0,0,0,0
27334,0,9,2,0,0,0,0,0,0,0,0,0
27335,0,0,0,0,0,0,0,0,0,34,152,0
27336,0,0,0,34,36,33,0,0,0,0,0,0
27337,0,0,0,0,0,0,5,4,0,0,0,0
27338,119,15,15,0,0,0,0,0,0,0,0,0
27339,0,0,0,0,0,0,6,10,0,0,0,0
27340,5,18,4,0,0,0,0,0,0,0,0,0
27341,0,13,22,0,0,0,0,0,0,0,0,0
27342,0,0,0,11,1,43,0,0,0,0,0,0
27343,0,59,0,0,0,0,1,0,0,0,0,0
27344,0,7,1,0,0,0,0,0,0,0,0,0
27345,703,13,11,1,0,0,0,0,0,0,0,0
27346,0,0,0,13,0,144,0,0,0,0,0,0
27347,10,93,0,0,0,0,0,0,0,0,0,0
27348,0,0,0,14,3,96,0,0,0,0,0,0
27349,0,0,0,0,0,23,0,0,0,0,0,0
27350,0,0,0,0,0,1,0,0,0,51,35,0
27351,0,0,0,3,2,199,0,0,0,0,0,0
27352,0,0,0,0,0,0,0,0,0,0,1,0
27353,79,13,7,0,0,0,0,0,0,0,0,0
27354,2,61,11,0,0,0,0,0,0,0,0,0
27355,0,0,0,56,157,50,0,0,0,0,0,0
27356,0,0,0,0,1,4,0,0,0,0,0,0
27357,1,17,0,0,0,0,0,0,0,0,0,0
27358,0,0,0,0,0,0,7,167,1,0,0,0
27359,18,76,5,0,0,0,0,0,0,0,0,0
27360,0,0,0,1,18,62,0,0,0,0,0,0
27361,0,0,0,0,8,0,4,92,1,0,0,0
27362,2,19,10,0,0,0,0,0,0,0,0,0
27363,2,23,8,0,0,0,0,0,0,0,0,0
27364,0,0,0,0,0,0,6,229,81,0,0,0
27365,62,11,8,0,0,0,0,0,0,0,0,0
27366,0,0,0,0,0,0,24,108,392,0,0,20
27367,0,0,0,0,0,0,0,0,0,2,64,2
27368,15,84,0,0,0,0,0,0,0,0,0,0
27369,0,36,1,0,0,0,0,0,0,0,0,0
27370,0,0,0,0,0,0,0,0,0,4,50,0
27371,0,0,0,0,0,4,0,0,0,6,707,4
27372,82,16,1,1,0,0,0,0,0,0,0,0
27373,27,12,23,0,0,0,0,0,0,4,0,0
27374,0,0,0,3,3,37,0,0,0,0,0,0
27375,0,0,0,0,0,0,28,67,1,0,0,0
27376,0,0,0,0,10,0,13,422,4,0,0,0
27377,7,13,8,0,0,0,1,0,0,0,0,0
27378,0,0,0,0,0,0,91,97,10,0,0,0
27379,7,49,5,0,0,0,0,0,0,0,0,0
27380,0,0,0,25,3,49,0,0,0,0,0,0
27381,0,0,0,19,0,469,0,0,0,0,12,0
27382,0,0,1,0,12,0,32,743,2441,0,2,30
27383,2371,586,2,30,2,0,11,3,0,0,0,0
27384,0,0,0,3,7,7661,0,0,0,0,157,0
27385,0,0,0,0,1,6,0,0,0,0,0,0
27386,5,71,5,0,0,0,3,0,0,0,0,0
27387,5,41,1,0,0,0,0,0,0,0,0,0
27388,8,90,5,0,0,0,2,0,0,0,0,0
27389,0,0,0,0,0,93,0,0,0,56,5359,36
27390,0,0,0,0,17,0,103,853,237,0,0,1
27391,23,35,23,0,0,0,0,0,0,0,0,0
27392,2,47,3,0,0,0,0,0,0,0,0,0
27393,0,0,0,0,0,3,0,0,0,3,1656,0
27394,6,12,3,0,0,0,1,0,0,0,0,0
27395,0,0,0,1,0,13,0,0,0,0,0,0
27396,0,0,0,0,0,0,6,72,3,0,0,0
27397,7,39,39,0,0,0,0,0,0,0,0,0
27398,7,85,94,0,0,0,1,0,0,0,0,0
27399,6,92,6,0,0,0,0,0,0,0,0,0
27400,36,147,5,0,0,0,1,0,0,0,0,0
27401,0,0,0,2,10,269,0,0,0,0,0,0
27402,0,0,0,3,92,176,0,0,0,0,1,0
27403,105,57,22,0,0,0,0,0,0,0,0,0
27404,0,0,0,26,10,88,0,0,0,0,4,0
27405,0,0,0,7,6,31,0,0,0,0,0,0
27406,0,0,0,0,0,12,0,0,0,42,664,53
27407,0,0,0,8,47,108,0,0,0,0,0,0
27408,0,0,0,23,13,67,0,0,0,0,0,0
27409,1,0,0,27,12,578,0,0,0,0,0,0
27410,0,0,0,4,33,43,0,0,0,0,0,0
27411,0,0,0,0,0,0,0,0,0,14,33,0
27412,0,0,0,5,13,27,0,0,0,0,0,0
27413,0,0,0,7,8,35,0,0,0,0,0,0
27414,0,0,0,0,0,0,63,29,0,0,0,0
27415,0,6,0,0,0,0,309,132,1,0,0,0
27416,0,0,0,0,0,0,0,0,0,3,158,1
27417,1,23,9,0,0,0,0,0,0,0,0,0
27418,0,0,0,0,0,7,0,0,0,113,305,3
27419,0,0,0,9,2,65,0,0,0,0,0,0
27420,0,1,0,0,0,0,79,16,3,0,0,0
27421,11,89,56,0,0,0,0,0,0,0,0,0
27422,0,0,0,1,0,87,0,0,0,0,0,0
27423,6,29,4,0,0,0,0,0,0,0,0,0
27424,7,63,6,0,0,0,1,0,0,0,0,0
27425,0,0,0,0,0,3,0,0,0,84,366,2
27426,3,352,5,0,0,0,1,0,0,0,0,0
27427,0,0,0,0,0,0,0,0,0,21,184,4
27428,0,0,0,24,10,50,0,0,0,0,0,0
27429,0,0,0,0,0,0,0,0,0,7,61,1
27430,0,1,0,0,8,0,175,28,0,0,0,0
27431,0,0,0,0,0,1,0,0,0,2,186,2
27432,0,0,0,15,3,159,0,0,0,0,6,0
27433,0,5,11,0,0,0,0,0,0,0,0,0
27434,0,0,0,1,0,28,0,0,0,16,4243,9
27435,0,0,0,1,15,49,0,0,0,0,0,0
27436,0,0,0,20,2,8,0,0,0,0,0,0
27437,0,0,0,0,0,0,10,44,0,0,0,0
27438,0,0,0,2,0,83,0,0,0,0,1,0
27439,0,0,0,0,0,0,6,17,1,0,0,0
27440,3,35,5,0,0,0,0,0,0,0,0,0
27441,0,0,0,0,1,0,65,152,17,0,0,0
27442,0,0,0,0,0,3,0,0,0,5,420,0
27443,0,0,0,1,2,7,0,0,0,0,0,0
27444,0,0,0,0,1,10,0,0,0,0,0,0
27445,0,0,0,0,0,4,0,0,0,0,0,0
27446,4,24,0,0,0,0,0,0,0,0,0,0
27447,0,0,0,0,2,102,0,0,0,0,0,0
27448,0,0,0,0,0,0,0,0,0,4,6,0
27449,3,6,0,0,0,0,0,0,0,0,0,0
27450,0,0,0,0,0,0,0,0,0,13,58,1
27451,0,0,0,157,2,46,0,0,0,0,0,0
27452,1,33,2,0,0,0,0,0,0,0,0,0
27453,0,0,0,0,0,1,0,0,0,4,47,1
27454,0,0,0,0,0,0,0,0,0,6,25,1
27455,13,555,0,0,0,0,1,0,0,0,0,0
27456,5,323,20,0,0,0,1,0,0,0,0,0
27457,0,0,0,0,0,0,8,17,0,0,0,0
27458,10,9,0,0,0,0,0,0,0,0,0,0
27459,0,0,0,0,2,0,86,351,2,0,0,0
27460,0,0,0,6,3,18,0,0,0,0,0,0
27461,0,0,0,0,4,0,35,1129,5,0,0,0
27462,0,0,0,1,1,4374,0,0,0,0,26,0
27463,0,0,0,0,4,0,56,927,94,0,0,0
27464,0,0,0,0,7,28,0,0,0,0,0,0
27465,0,0,0,3,0,27,0,0,0,0,0,0
27466,13,10,2,0,0,0,0,0,0,0,0,0
27467,0,0,0,0,0,0,122,205,78,0,0,0
27468,4,73,8,0,0,0,0,0,0,0,0,0
27469,0,0,0,0,0,0,101,16,6,0,0,0
27470,0,0,0,0,0,0,47,9,0,0,0,0
27471,1,0,0,2,0,11,0,0,0,0,0,0
27472,19,23,0,0,0,0,0,0,0,0,0,0
27473,0,0,0,0,0,0,0,0,0,3,25,13
27474,6,38,3,0,0,0,0,0,0,0,0,0
27475,0,11,15,0,0,0,0,0,0,0,0,0
27476,0,0,0,0,0,13,0,0,0,7,1651,29
27477,25,32,3,0,0,0,0,0,0,0,0,0
27478,0,0,0,0,2,0,56,321,4,0,0,0
27479,0,0,0,4,2,54,0,0,0,0,0,0
27480,0,23,4,0,0,0,0,0,0,0,0,0
27481,0,0,0,0,0,0,0,0,0,6,34,0
27482,0,0,0,41,4,11,0,1,0,0,0,0
27483,0,0,0,2,1,648,0,0,0,0,4,0
27484,0,0,0,0,1,845,0,0,0,0,0,0
27485,0,0,0,1,0,2,0,0,0,0,0,0
27486,1,20,2,0,0,0,0,0,0,0,0,0
27487,2,10,5,0,0,0,0,0,0,0,0,0
27488,14,70,6,0,0,0,0,0,0,0,0,0
27489,73,180,96,0,0,0,3,0,0,0,0,0
27490,0,1,0,0,0,0,46,15,3,0,0,0
27491,4,9,2,0,0,0,0,0,0,0,0,0
27492,1,123,1,0,0,0,0,0,0,0,0,0
27493,0,0,0,0,0,0,0,0,0,14,1286,0
27494,0,0,0,0,0,1,0,0,0,33,1023,31
27495,0,0,0,6,23,31,0,0,0,0,1,0
27496,0,0,0,19,1,13,0,0,0,0,0,0
27497,0,0,0,0,0,0,24,35,2,0,0,0
27498,0,0,0,0,0,0,0,0,0,16,211,0
27499,0,0,0,10,20,170,0,0,0,0,0,0
27500,0,0,0,0,0,0,0,0,0,13,78,3
27501,0,0,0,6,12,47,0,0,0,0,0,0
27502,0,0,0,25,26,47,0,0,0,0,0,0
27503,0,0,0,0,0,1,0,0,0,56,696,7
27504,0,0,0,106,7,126,0,0,0,0,1,0
27505,0,0,0,0,2,0,53,332,124,0,0,0
27506,0,0,0,0,4,0,108,945,114,0,0,0
27507,17,126,1172,0,0,0,0,0,0,20,0,0
27508,5,20,12,0,0,0,0,0,0,0,0,0
27509,0,0,1,0,0,5,0,0,0,12,1704,20
27510,19,61,33,0,0,0,0,0,0,0,0,0
27511,0,0,0,9,3,128,0,0,0,0,1,0
27512,8,29,2,0,0,0,0,0,0,0,0,0
27513,0,0,0,0,0,73,0,0,0,18,5302,20
27514,0,1,0,0,1,0,55,152,2,0,0,0
27515,14,24,6,0,0,0,2,0,0,0,0,0
27516,0,1,0,0,4,0,435,168,2,0,0,0
27517,0,2,0,0,1,0,57,26,0,0,0,0
27518,0,1,0,0,0,0,90,10,5,0,0,0
27519,0,0,0,0,0,0,0,0,0,19,47,0
27520,63,16,9,5,0,0,0,0,0,0,0,0
27521,8,34,16,0,0,0,0,0,0,0,0,0
27522,0,0,0,1,38,100,0,3,0,0,3,0
27523,11,0,0,82,6,16,0,0,0,0,0,0
27524,0,0,0,0,0,9,0,0,0,14,156,5
27525,50,37,5,1,0,0,0,0,0,0,0,0
27526,0,0,0,0,0,3,0,0,0,27,629,8
27527,0,0,0,0,0,43,0,0,2,32,1751,41
27528,81,21,24,1,0,0,1,0,0,0,0,0
27529,4,0,0,48,5,45,0,0,0,0,0,0
27530,0,0,0,6,5,10,0,0,0,0,0,0
27531,6,0,0,37,24,68,0,0,0,0,1,0
27532,0,0,2,0,0,7,0,0,0,395,1063,5
27533,36,63,4,0,0,0,0,0,0,0,0,0
27534,0,0,0,12,10,446,0,0,0,0,2,0
27535,0,0,0,0,0,0,0,0,0,23,64,3
27536,0,0,1,0,0,1,0,0,0,27,133,2
27537,0,0,0,2,11,25,0,1,0,0,0,0
27538,0,0,0,0,0,1,0,0,0,19,160,4
27539,0,0,0,2,1,46,0,0,0,0,0,0
27540,13,32,7,0,0,0,0,0,0,0,0,0
27541,0,1,0,0,0,0,63,181,13,0,0,0
27542,0,0,0,0,0,1,0,0,0,18,154,1
27543,0,0,0,11,3,28,0,0,0,0,3,0
27544,0,0,0,0,1,0,37,126,8,0,0,0
27545,3,51,7,0,0,0,0,0,0,0,0,0
27546,0,0,0,0,1,95,0,0,0,0,0,0
27547,7,44,4,0,0,0,0,0,0,0,0,0
27548,8,9,1,0,0,0,0,0,0,0,0,0
27549,0,0,0,0,0,6,0,0,3,20,940,22
27550,18,12,2,0,0,0,0,0,0,0,0,0
27551,54,13,6,4,0,0,0,0,0,0,0,0
27552,10,78,50,0,0,0,2,0,0,0,0,0
27553,6,0,0,23,14,39,0,0,0,0,0,0
27554,0,0,0,3,5,9,0,0,0,0,0,0
27555,19,0,0,80,10,48,0,0,0,0,0,0
27556,1,0,1,0,0,0,30,531,15,0,0,0
27557,0,0,0,0,0,0,0,0,1,4,127,3
27558,4,13,2,0,0,0,0,0,0,0,0,0
27559,0,0,0,0,0,1,0,0,0,14,156,1
27560,1,0,0,31,12,22,0,0,0,0,0,0
27561,0,0,0,0,3,0,64,853,21,0,0,0
27562,2,14,8,0,0,0,0,0,0,0,0,0
27563,0,0,0,0,0,1,0,0,0,13,33,0
27564,0,0,1,7,14,10,0,2,0,0,0,0
27565,1,0,0,15,1,4,0,0,0,0,0,0
27566,0,0,0,0,8,0,19,637,8,0,0,2
27567,0,0,0,0,0,0,0,0,0,4,45,0
27568,1,0,0,8,2,19,0,0,0,0,2,0
27569,2,0,0,15,0,49,0,0,0,0,0,0
27570,0,0,0,5,5,12,0,2,0,0,2,0
27571,7,9,1,0,0,0,0,0,0,0,0,0
27572,0,0,0,0,0,0,114,37,8,0,0,0
27573,0,0,0,0,0,0,0,0,0,3,90,0
27574,10,3,0,0,0,0,0,0,0,0,0,0
27575,0,0,0,0,0,25,0,0,0,28,964,7
27576,0,0,0,2,29,429,0,0,0,0,4,0
27577,0,0,0,1,0,85,0,0,0,21,6493,29
27578,54,51,1,1,0,0,0,0,0,0,0,0
27579,169,319,43,0,0,0,1,0,0,0,0,0
27580,0,0,0,6,12,197,0,0,0,0,0,0
27581,0,0,0,4,6,8,0,0,0,0,0,0
27582,0,0,0,12,0,14,0,0,0,0,0,0
27583,0,0,0,0,2,0,34,243,1,0,0,0
27584,0,0,0,0,0,2,0,0,0,10,69,1
27585,0,0,0,7,29,50,0,0,0,0,0,0
27586,0,0,0,3,6,18,0,0,0,0,0,0
27587,0,0,0,1,3,5,0,0,0,0,0,0
27588,0,0,0,33,8,20,0,0,0,0,0,0
27589,0,0,0,0,0,0,75,160,0,0,0,0
27590,0,0,0,0,0,1,0,0,0,3,127,0
27591,0,0,0,1,10,65,0,0,0,0,0,0
27592,0,0,0,10,4,14,0,0,0,0,0,0
27593,0,0,0,0,0,0,13,40,4,0,0,0
27594,0,0,0,8,11,15,0,0,0,0,0,0
27595,0,0,0,0,0,0,0,0,0,2,75,0
27596,0,0,0,0,0,1,0,0,0,5,144,20
27597,0,0,0,131,7,271,0,0,0,0,2,0
27598,0,0,0,0,4,0,108,379,14,0,0,0
27599,2,184,14,0,0,0,0,0,0,0,0,0
27600,0,0,0,0,0,10,0,0,0,27,1162,3
27601,0,0,0,0,0,0,91,588,0,0,0,0
27602,0,1,0,0,0,0,89,102,0,0,0,0
27603,0,0,0,0,0,8,0,0,0,12,1054,0
27604,0,8,0,0,1,0,437,252,6,0,0,0
27605,0,0,0,2,1,37,0,0,0,0,2,0
27606,27,50,2,0,0,0,0,0,0,0,0,0
27607,11,22,24,0,0,0,0,0,0,0,0,0
27608,16,19,3,0,0,0,0,0,0,0,0,0
27609,3,34,230,0,0,0,0,0,0,5,0,0
27610,0,0,0,0,0,4,0,0,0,7,1531,4
27611,5,8,4,0,0,0,0,0,0,2,0,0
27612,0,0,0,0,0,8,0,0,0,3,352,0
27613,0,0,0,0,0,0,72,94,1,0,0,0
27614,0,0,0,3,25,52,0,0,0,0,0,0
27615,0,0,0,0,0,16,0,0,1,6,1109,9
27616,2,0,0,4,0,568,0,0,0,0,394,0
27617,72,214,2,1,0,0,0,0,0,0,0,0
27618,0,0,0,18,6,126,0,0,0,0,0,0
27619,0,0,0,0,0,0,0,0,0,5,181,6
27620,14,9,2,0,0,0,0,0,0,0,0,0
27621,0,0,0,0,0,0,88,303,17,0,0,0
27622,0,0,0,4,3,39,0,0,0,0,0,0
27623,0,0,0,19,13,67,0,0,0,0,0,0
27624,6,10,0,0,0,0,0,0,0,0,0,0
27625,0,0,0,0,0,1,0,0,0,6,753,9
27626,0,0,0,0,0,0,68,132,14,0,0,0
27627,0,0,0,15,5,11,0,0,0,0,0,0
27628,0,0,0,0,0,0,31,81,7,0,0,0
27629,0,0,1,0,0,0,0,0,0,636,144,3
27630,0,0,8,0,0,14,0,0,0,276,1722,20
27631,16,16,1,0,0,0,1,0,0,0,0,0
27632,0,18,0,0,2,0,577,785,106,0,0,0
27633,3,122,2,0,0,0,1,0,0,0,0,0
27634,0,0,0,3,9,240,0,0,0,0,3,0
27635,0,0,0,0,0,1,0,0,0,6,669,2
27636,36,15,3,0,0,0,0,0,0,0,0,0
27637,0,0,0,0,3,0,52,359,20,0,0,0
27638,0,0,0,3,0,74468,0,0,0,1,528,0
27639,0,0,0,2,5,120,0,0,0,0,2,0
27640,0,0,0,2,9,54,0,0,0,0,0,0
27641,0,0,0,0,0,12,0,0,0,9,1508,10
27642,4,17,1,0,0,0,0,0,0,0,0,0
27643,0,0,0,0,0,12,0,0,0,23,1645,4
27644,0,0,1,0,0,6,0,0,0,134,1201,48
27645,0,0,0,27,0,237,0,0,0,0,8,0
27646,23,4,6,0,0,0,0,0,0,0,0,0
27647,3,9,2,1,0,0,2,0,0,0,0,0
27648,1,21,35,0,0,0,0,0,0,0,0,0
27649,0,0,0,0,0,6,0,0,0,19,300,8
27650,0,0,0,18,2,1,0,0,0,0,0,0
27651,0,0,0,0,0,0,46,183,121,0,0,1
27652,0,0,0,21,2,60,0,0,0,0,2,0
27653,0,0,0,1,5,19,0,0,0,0,0,0
27654,0,0,0,0,0,1,0,0,0,13,884,6
27655,14,317,29,0,0,0,3,0,0,0,0,0
27656,1,0,0,118,57,461,0,0,0,0,3,0
27657,0,0,0,0,0,0,0,0,0,5,160,3
27658,0,0,0,0,0,0,0,0,0,0,0,0
27659,0,0,0,0,0,0,39,570,42,0,0,0
27660,0,0,0,0,0,0,0,0,0,0,0,0
27661,0,0,0,0,0,7,0,0,0,3,513,2
27662,49,123,1,0,0,0,1,0,0,0,0,0
27663,14,20,7,0,0,0,0,0,0,0,0,0
27664,0,1,0,0,0,0,11,28,2,0,0,0
27665,2,29,0,0,0,0,0,0,0,0,0,0
27666,0,1,0,0,0,0,80,114,1,0,0,0
27667,0,0,0,0,0,0,45,59,1,0,0,0
27668,7,56,3,0,0,0,6,0,0,0,0,0
27669,5,150,16,0,0,0,0,0,0,0,0,0
27670,0,3,0,0,3,0,115,920,59,0,0,0
27671,0,0,0,3,4,23,0,0,0,0,0,0
27672,0,0,0,35,41,231,0,2,0,0,0,0
27673,0,0,0,0,0,6,0,0,0,180,632,40
27674,974,33,24,0,0,0,1,0,0,0,0,0
27675,25,25,200,0,0,0,0,0,0,0,2,0
27676,0,0,0,0,4,0,79,375,184,0,0,2
27677,7,29,19,0,0,0,0,0,0,0,0,0
27678,1,39,8,0,0,0,0,0,0,0,0,0
27679,0,0,0,0,0,5,0,0,0,46,786,3
27680,0,0,0,66,8,30,0,0,0,0,0,0
27681,0,0,0,1,1,20,0,0,0,0,0,0
27682,0,0,0,6,22,409,0,0,0,0,2,0
27683,2,35,4,0,0,0,4,0,0,0,0,0
27684,0,0,0,0,0,2,0,0,0,40,863,4
27685,0,0,0,16,13,29,0,0,0,0,0,0
27686,0,0,0,0,0,0,0,0,0,32,565,6
27687,0,0,0,3,9,870,0,0,0,0,14,0
27688,0,0,1,0,0,3,0,0,0,32,1142,4
27689,0,0,0,0,0,8,0,0,0,10,1421,0
27690,34,44,16,0,0,0,3,0,0,0,0,0
27691,45,14,1,0,0,0,0,0,0,0,0,0
27692,0,0,0,10,4,106,0,0,0,0,0,0
27693,0,0,0,7,16,125,0,0,0,0,0,0
27694,0,0,0,8,14,24,0,0,0,0,0,0
27695,0,0,0,4,7,17,0,0,0,0,0,0
27696,0,0,0,9,55,26,0,0,0,0,0,0
27697,0,0,0,0,0,1,0,0,0,23,279,4
27698,0,0,0,0,5,21,0,0,0,0,0,0
27699,0,0,0,0,0,32,0,0,0,0,0,0
27700,14,72,4,0,0,0,0,0,0,0,0,0
27701,0,0,0,5,10,10,0,0,0,0,0,0
27702,0,0,0,5,8,21,0,0,0,0,0,0
27703,0,0,0,0,4,0,35,547,20,0,0,0
27704,0,0,0,0,2,25,0,0,0,0,0,0
27705,0,0,0,20,5,28,0,0,0,0,3,0
27706,0,0,0,0,1,0,113,240,1,0,0,0
27707,0,0,0,0,0,5,0,0,0,21,651,11
27708,0,0,0,0,0,0,184,61,1,0,0,0
27709,0,0,0,0,0,0,38,76,0,0,0,0
27710,0,0,0,0,0,0,0,0,0,2,21,1
27711,82,20,2,0,0,0,1,0,0,0,0,0
27712,12,11,3,0,0,0,0,0,0,0,0,0
27713,0,0,0,1,2,89,0,0,0,0,15,0
27714,14,10,1,0,0,0,0,0,0,0,0,0
27715,0,0,0,0,0,0,8,71,2,0,0,0
27716,0,0,0,1,0,8,0,0,0,0,0,0
27717,0,0,0,0,0,0,25,32,0,0,0,0
27718,0,0,0,11,0,10,0,0,0,0,0,0
27719,0,0,0,3,1,19,0,0,0,0,0,0
27720,0,0,0,1,4,24,0,0,0,0,0,0
27721,7,240,3,0,0,0,2,0,0,0,0,0
27722,0,0,0,3,5,114,0,0,0,0,1,0
27723,3,8,0,0,0,0,0,0,0,0,0,0
27724,6,27,2,0,0,0,0,0,0,0,0,0
27725,0,0,0,0,0,1,0,0,0,2,36,0
27726,1,7,1,0,0,0,0,0,0,0,0,0
27727,0,0,0,0,0,0,0,0,0,53,11,1
27728,0,0,0,0,10,5,0,0,0,0,0,0
27729,0,0,0,0,0,1,0,0,0,0,0,0
27730,0,0,0,16,0,12,0,0,0,0,0,0
27731,0,0,0,0,0,0,113,18,0,0,0,0
27732,0,0,0,0,0,33,0,0,0,5,552,0
27733,0,0,0,6,6,19,0,0,0,0,0,0
27734,0,0,0,1,18,22,0,2,0,0,0,0
27735,0,0,0,0,0,8,0,0,0,4,334,24
27736,31,16,2,0,0,0,0,0,0,0,0,0
27737,0,0,0,0,0,3,0,0,0,3,774,3
27738,7,16,2,0,0,0,0,0,0,0,0,0
27739,0,0,0,0,0,184,0,0,0,41,10724,2
27740,0,0,0,22,9,17,0,0,0,0,0,0
27741,0,0,0,2,0,7,0,0,0,17,1763,13
27742,21,34,12,0,0,0,0,0,0,0,0,0
27743,303,11,1,2,0,0,0,0,0,0,0,0
27744,7,16,3,0,0,0,0,0,0,0,0,0
27745,13,407,14,0,0,0,5,0,0,0,0,0
27746,0,0,0,0,0,0,15,158,25,0,0,0
27747,14,2,11,0,0,0,0,0,0,0,0,0
27748,6,1,0,0,0,0,0,0,0,0,0,0
27749,34,11,69,0,0,0,1,0,0,5,0,0
27750,0,0,0,0,4,0,23,517,12,0,0,0
27751,3,17,4,0,0,0,0,0,0,0,0,0
27752,0,0,0,0,1,602,0,0,0,3,75713,16
27753,12,35,6,0,0,0,0,0,0,0,0,0
27754,0,0,0,0,8,0,12,951,217,0,0,0
27755,212,9,46,2,0,0,0,0,0,1,0,0
27756,12,180,3,0,0,0,1,0,0,0,0,0
27757,0,0,0,2,1,45,0,0,0,0,0,0
27758,0,0,0,0,1,0,220,323,48,0,0,0
27759,11,24,12,0,0,0,0,0,0,0,0,0
27760,0,0,0,0,0,0,0,0,0,0,0,0
27761,0,0,0,0,0,0,0,0,0,0,0,0
27762,0,1,0,0,4,0,64,427,117,0,0,1
27763,4,15,10,0,0,0,0,0,0,0,0,0
27764,0,16,2,0,0,0,0,0,0,0,0,0
27765,0,0,0,0,0,3,0,0,0,11,548,2
27766,0,0,0,1,2,14,0,0,0,0,0,0
27767,0,0,0,2,3,8,0,0,0,0,0,0
27768,0,0,0,12,35,12,0,1,0,0,0,0
27769,0,0,0,0,0,21,0,0,0,4,4065,5
27770,14,92,2,0,0,0,0,0,0,0,0,0
27771,0,0,0,1,0,50,0,0,0,0,3,0
27772,0,0,0,1,0,20,0,0,0,0,1,0
27773,3,3,3,0,0,0,0,0,0,1,0,0
27774,6,28,11,0,0,0,0,0,0,2,0,0
27775,0,0,0,22,5,19,0,0,0,0,0,0
27776,1,0,0,14,9,9,0,0,0,0,0,0
27777,0,0,0,0,1,0,23,49,3,0,0,0
27778,1,20,17,0,0,0,1,0,0,1,0,0
27779,0,0,0,0,0,0,0,0,0,8,114,0
27780,0,0,0,1,2,3,0,0,0,0,0,0
27781,0,0,0,1,1,30,0,0,0,0,0,0
27782,0,0,0,0,0,1,0,0,0,5,88,4
27783,0,0,0,0,0,20,0,0,0,0,0,0
27784,0,0,0,0,0,0,0,0,0,0,0,0
27785,2,0,0,4,2,159,0,0,0,0,0,0
27786,0,0,0,0,8,6,0,4,0,0,0,0
27787,0,0,0,1,0,19,0,0,0,0,0,0
27788,0,1,0,0,1,0,32,130,2,0,0,0
27789,0,0,0,2,10,6,0,6,0,0,0,0
27790,0,6,0,0,0,0,146,43,4,0,0,0
27791,0,0,0,0,0,3,0,0,0,0,155,1
27792,0,0,0,7,8,44,0,1,0,0,0,0
27793,0,0,0,2,0,37,0,0,0,0,0,0
27794,0,0,0,3,2,190,0,0,0,0,22,0
27795,0,0,0,9,1,53,0,0,0,0,3,0
27796,0,0,0,1,3,106,0,0,0,0,1,0
27797,15,66,40,7,0,0,2,0,0,2,0,0
27798,0,0,0,0,42,0,39,1213,4,0,0,0
27799,0,0,0,0,0,1,0,0,0,5,65,0
27800,0,0,210,0,0,1,0,0,0,4399,143,8
27801,0,0,0,3,6,13,0,0,0,0,0,0
27802,0,0,0,0,15,54,0,0,0,0,2,0
27803,0,0,0,2,4,13,0,0,0,0,0,0
27804,0,0,0,0,0,54,0,0,0,17,1543,6
27805,3,0,0,20,1,39,0,0,0,0,1,0
27806,0,4,0,0,3,0,73,222,0,0,0,0
27807,0,0,0,0,0,198,0,0,0,16,7337,48
27808,0,0,0,114,1,45,0,0,0,0,0,0
27809,22,27,3,0,0,0,2,0,0,0,0,0
27810,0,0,0,1,11,100,0,0,0,0,1,0
27811,0,0,0,2,56,30,0,1,0,0,0,0
27812,0,0,1,0,0,1,0,0,0,9,170,0
27813,0,0,0,0,0,2,0,0,0,13,97,0
27814,0,0,0,0,1,12,0,0,0,0,0,0
27815,0,0,0,12,1,33,0,0,0,0,0,0
27816,0,0,0,0,0,0,80,47,0,0,0,0
27817,0,0,0,0,46,10,0,0,0,0,0,0
27818,0,0,0,0,0,20,0,0,0,0,0,0
27819,0,0,0,1,0,15,0,0,0,0,0,0
27820,0,0,0,0,0,17,0,0,0,0,0,0
27821,5,124,2,0,0,0,46,0,0,0,0,0
27822,0,34,15,0,0,0,0,0,0,0,0,0
27823,0,0,0,0,3,21,0,0,0,0,0,0
27824,0,0,0,0,1,18,0,0,0,0,0,0
27825,35,59,124,0,0,0,0,0,0,1,0,0
27826,0,0,0,28,0,70,0,0,0,0,1,0
27827,0,0,0,0,1,0,19,516,7,0,0,0
27828,0,0,0,0,0,2,0,0,0,38,417,4
27829,0,0,0,3,21,2,0,0,0,0,0,0
27830,0,0,0,2,0,6,0,0,0,0,0,0
27831,6,72,4,0,0,0,0,0,0,0,0,0
27832,0,0,0,4,4,68,0,0,0,0,0,0
27833,0,0,0,19,6,112,0,0,0,0,1,0
27834,16,50,2,1,0,0,0,0,0,0,0,0
27835,0,0,0,9,12,149,0,0,0,0,0,0
27836,0,0,0,0,0,0,0,0,0,20,44,0
27837,0,0,0,3,29,72,0,0,0,0,0,0
27838,0,0,0,3,5,5,0,0,0,0,0,0
27839,0,0,0,23,1,16,0,0,0,0,0,0
27840,0,0,0,13,1,7,0,0,0,0,0,0
27841,0,0,0,0,0,0,18,331,53,0,0,0
27842,0,0,0,0,0,0,36,381,7,0,0,0
27843,0,0,0,1,1,16,0,0,0,0,0,0
27844,0,0,0,4,6,23,0,0,0,0,0,0
27845,0,0,0,0,0,0,0,0,0,31,36,9
27846,0,0,0,4,10,52,0,0,0,0,0,0
27847,0,0,0,0,0,4,0,0,0,1,1808,17
27848,3,22,11,0,0,0,0,0,0,0,0,0
27849,0,0,0,0,0,6,0,0,0,29,1316,3
27850,0,0,0,5,10,29,0,0,0,0,0,0
27851,0,0,0,14,4,115,0,0,0,0,0,0
27852,0,0,0,0,22,0,49,357,3,0,0,0
27853,69,25,27,0,0,0,0,0,0,0,0,0
27854,5,20,3,0,0,0,0,0,0,0,0,0
27855,0,0,2,0,0,0,0,0,0,475,28,5
27856,0,0,0,4,17,15,0,0,0,0,0,0
27857,0,0,0,0,0,0,41,31,2,0,0,0
27858,0,0,0,0,0,0,0,0,0,5,32,2
27859,16,19,2,0,0,0,0,0,0,0,0,0
27860,0,87,2,0,0,0,0,0,0,0,0,0
27861,0,0,0,0,0,0,17,37,0,0,0,0
27862,0,69,5,0,0,0,0,0,0,0,0,0
27863,0,0,0,2,9,62,0,0,0,0,0,0
27864,0,0,0,0,0,0,0,0,0,54,51,0
27865,647,15,4,0,0,0,0,0,0,0,0,0
27866,0,0,0,658,0,103,0,0,0,0,10,0
27867,2,92,2,0,0,0,0,0,0,0,0,0
27868,22,37,2,0,0,0,0,0,0,0,0,0
27869,0,0,0,2,8,569,0,0,0,0,68,0
27870,0,0,0,0,18,0,48,2405,64,0,0,0
27871,42,93,3,1,0,0,1,0,0,0,0,0
27872,42,9,4,1,0,0,0,0,0,0,0,0
27873,2,35,5,0,0,0,0,0,0,0,0,0
27874,0,0,0,0,0,145,0,0,0,8,63586,34
27875,0,0,0,2,6,217,0,0,0,0,0,0
27876,0,0,0,118,19,29,0,0,0,0,0,0
27877,0,0,0,0,5,0,43,1048,74,0,0,0
27878,1,0,0,10,28,66,0,0,0,0,1,0
27879,0,0,0,0,0,4,0,0,0,22,1626,5
27880,249,48,20,25,11,0,2,0,0,0,0,0
27881,0,0,0,0,1,24,0,0,0,480,2289,2
27882,0,0,0,0,64,0,459,1022,513,0,1,31
27883,0,0,0,1,0,33,0,0,0,22,1575,1
27884,0,0,0,0,0,0,0,0,0,19,196,1
27885,0,0,0,1,0,13,0,0,0,0,0,0
27886,15,6,0,1,0,0,0,0,0,0,0,0
27887,73,4,2,0,0,0,0,0,0,0,0,0
27888,96,8,59,5,0,0,0,0,0,0,39,0
27889,0,0,0,0,0,2,0,0,0,11,1546,0
27890,0,2,0,0,207,1,241,20399,12,0,0,0
27891,18,1,3,0,0,0,0,0,0,0,0,0
27892,1,374,13,0,0,0,11,0,0,0,0,0
27893,0,0,0,0,0,2,0,0,0,43,163,0
27894,65,187,1,0,0,0,0,0,0,0,0,0
27895,0,0,0,2,1,11,0,0,0,0,0,0
27896,0,0,0,0,0,0,5,26,4,0,0,0
27897,58,10,41,0,0,0,0,0,0,3,0,0
27898,2,23,77,0,0,0,1,0,0,1,0,0
27899,15,70,1,0,0,0,2,0,0,0,0,0
27900,0,0,0,21,1,201,0,0,0,0,0,0
27901,14,0,0,284,20,166,0,1,0,0,0,0
27902,0,0,0,2,0,43,0,0,0,0,0,0
27903,0,0,0,0,0,0,0,0,0,13,269,2
27904,0,0,0,3,70,1168,0,43,0,0,8,0
27905,0,0,0,28,6,101,0,0,0,0,62,0
27906,0,0,0,0,0,0,66,111,15,0,0,0
27907,0,0,0,0,8,132,0,0,0,0,0,0
27908,0,0,0,3,1,2,0,0,0,0,0,0
27909,0,0,0,2,60,30,0,59,0,0,0,0
27910,0,0,0,1,0,33,0,0,0,0,0,0
27911,0,0,0,0,0,4,0,0,0,32,341,4
27912,0,0,0,5,11,18,0,0,0,0,0,0
27913,0,0,0,31,1,33,0,0,0,0,0,0
27914,16,49,6,0,0,0,0,0,0,0,0,0
27915,0,16,0,0,5,0,1244,348,26,0,0,0
27916,0,0,0,0,8,0,132,815,3,0,0,0
27917,9,24,0,4,0,0,1,0,0,0,0,0
27918,10,80,1,4,0,0,0,0,0,0,0,0
27919,0,0,0,7,20,194,0,0,0,0,1,0
27920,0,0,0,0,0,24,0,0,0,25,2360,2
27921,18,597,0,0,0,0,10,1,0,0,0,0
27922,0,0,0,24,33,611,0,0,0,0,1,0
27923,0,0,0,0,0,11,0,0,0,14,1842,9
27924,15,59,5,0,0,0,1,0,0,0,0,0
27925,1,0,25,1,0,1824,0,0,0,2123,30413,5
27926,4,20,1,0,0,0,0,0,0,0,0,0
27927,4,40,3,0,0,0,0,0,0,0,0,0
27928,0,0,3,0,0,0,0,0,0,103,36,0
27929,0,0,0,147,3,27,0,0,0,0,0,0
27930,0,0,0,0,0,0,86,20,1,0,0,0
27931,0,0,0,2,1,17,0,0,0,0,0,0
27932,1,102,7,0,0,0,0,0,0,1,0,0
27933,0,2,0,0,0,0,242,35,1,0,0,0
27934,0,0,0,0,0,0,0,0,0,10,16,0
27935,0,0,0,58,3,20,0,0,0,0,0,0
27936,0,0,0,0,0,0,53,5,0,0,0,0
27937,0,0,0,0,0,0,0,0,0,1,17,1
27938,36,78,1,0,0,0,0,0,0,0,0,0
27939,0,0,0,1,4,153,0,0,0,0,1,0
27940,0,0,0,0,5,180,0,0,0,0,0,0
27941,0,0,0,3,15,40,0,0,0,0,0,0
27942,0,0,0,0,0,3,0,0,1,8,1155,18
27943,4,22,0,0,0,0,0,0,0,0,0,0
27944,0,0,0,0,0,125,0,0,0,15,33079,3
27945,0,0,0,0,0,1,0,0,0,11,1551,18
27946,12,44,1,0,0,0,1,0,0,0,0,0
27947,124,42,9,1,0,0,0,0,0,0,0,0
27948,0,0,0,0,2,0,40,441,15,0,0,0
27949,5,10,13,0,0,0,0,0,0,0,0,0
27950,24,68,15,0,0,0,0,0,0,0,0,0
27951,0,0,0,0,0,87,0,0,0,0,1,0
27952,0,0,0,0,0,0,41,39,0,0,0,0
27953,0,0,0,0,1,9,0,0,0,0,0,0
27954,0,48,0,0,0,0,0,0,0,0,0,0
27955,0,0,0,0,0,0,262,23,0,0,0,0
27956,11,0,0,148,3,25,0,0,0,0,0,0
27957,0,0,0,4,0,73,0,0,0,0,0,0
27958,0,0,0,3,0,20,0,0,0,0,0,0
27959,0,59,0,0,0,0,0,0,0,0,0,0
27960,0,0,0,0,0,1,0,0,0,21,85,0
27961,15,23,5,0,0,0,0,0,0,0,0,0
27962,0,0,0,0,0,0,37,71,17,0,0,2
27963,0,0,0,0,0,25,0,0,0,0,0,0
27964,0,0,0,0,0,549,0,0,0,0,63950,0
27965,28,40,2,0,0,0,0,0,0,0,0,0
27966,0,0,0,1,1,4,0,0,0,0,0,0
27967,0,2,0,0,1,0,32,289,14,0,0,0
27968,0,0,0,0,1,21,0,0,0,0,0,0
27969,0,20,1,0,0,0,0,0,0,0,0,0
27970,0,0,1,0,0,1,0,0,0,43,572,12
27971,0,0,0,2,2,51,0,0,0,0,0,0
27972,0,0,0,1,1,900,0,0,0,59,314849,2
27973,12,20,0,0,0,0,0,0,0,0,0,0
27974,0,18,1,0,0,0,0,0,0,0,0,0
27975,0,0,0,0,0,1,0,0,0,13,38,0
27976,39,36,1,0,0,0,0,0,0,0,0,0
27977,0,0,0,5,9,150,0,0,0,0,0,0
27978,0,0,0,0,0,0,0,0,0,2,68,1
27979,135,32,0,1,0,0,3,0,0,0,0,0
27980,0,12,17,0,0,0,0,0,0,0,0,0
27981,0,0,0,0,0,0,0,0,0,24,152,0
27982,0,0,0,0,0,7,0,0,0,40,1177,7
27983,25,40,13,0,0,0,0,0,0,0,0,0
27984,0,0,0,22,0,231,0,0,0,0,0,0
27985,49,48,2,0,0,0,0,0,0,0,0,0
27986,0,0,0,10,10,86,0,0,0,0,0,0
27987,0,0,0,0,4,0,46,1548,860,0,0,27
27988,0,0,0,0,1,105,0,0,0,0,0,0
27989,17,46,0,0,0,0,1,0,0,0,0,0
27990,0,0,0,0,0,0,33,218,4,0,0,0
27991,0,0,0,0,0,3,0,0,0,0,0,0
27992,0,0,0,3,0,31,0,0,0,0,0,0
27993,0,0,0,0,0,0,47,48,0,0,0,0
27994,21,126,6,0,0,0,0,0,0,0,0,0
27995,1,0,0,44,1,234,0,0,0,0,2,0
27996,0,0,0,0,10,0,133,1428,4,0,0,0
27997,13,37,6,0,0,0,0,0,0,0,0,0
27998,0,0,0,0,0,4,0,0,0,9,981,0
27999,0,0,0,0,0,1,0,0,0,11,622,1
28000,0,0,0,0,0,0,0,0,0,24,601,2
28001,0,3,0,0,4,0,283,2660,49,0,0,0
28002,0,0,0,1,1,36,0,0,0,0,0,0
28003,0,0,0,0,0,0,27,359,102,0,0,0
28004,0,0,0,2,6,23,0,0,0,0,0,0
28005,0,0,0,0,0,24,0,0,0,7,2972,3
28006,0,0,0,0,0,0,0,0,0,9,570,6
28007,0,0,0,2,6,250,0,0,0,0,0,0
28008,11,51,2,0,0,0,1,0,0,0,0,0
28009,0,0,0,3,16,316,0,0,0,0,4,0
28010,0,0,0,39,8,382,0,0,0,0,3,0
28011,0,0,0,0,0,1,0,0,0,17,632,157
28012,1,32,1,0,0,0,0,0,0,0,0,0
28013,0,0,0,0,0,5,0,0,0,18,41,2
28014,0,0,0,1,241,10,0,0,0,0,0,0
28015,0,0,0,8,9,244,0,0,0,0,0,0
28016,0,0,0,0,0,0,0,0,0,2,25,0
28017,0,0,0,1,1,13,0,0,0,0,0,0
28018,7,7,0,0,0,0,0,0,0,0,0,0
28019,0,0,0,7,20,106,0,0,0,0,1,0
28020,2,0,0,7,73,8,0,3,0,0,0,0
28021,0,0,0,0,0,0,0,0,0,3,8,0
28022,0,0,0,2,0,33,0,0,0,0,0,0
28023,10,6,2,0,0,0,0,0,0,0,0,0
28024,3,24,1,0,0,0,0,0,0,0,0,0
28025,13,71,82,0,0,0,0,0,0,0,0,0
28026,0,0,0,17,8,161,0,0,0,0,1,0
28027,0,5,0,0,31,0,157,932,399,0,0,0
28028,0,0,0,0,0,0,50,787,11,0,0,0
28029,0,0,0,1,8,66,0,0,0,0,0,0
28030,9,67,0,0,0,0,1,0,0,0,0,0
28031,0,0,0,6,1,171,0,0,0,0,0,0
28032,27,83,2,0,0,0,0,0,0,0,0,0
28033,0,0,0,6,5,150,0,0,0,0,0,0
28034,0,0,0,2,1,61,0,0,0,0,0,0
28035,3,32,1,0,0,0,0,0,0,0,0,0
28036,0,0,0,0,1,0,5,37,0,0,0,0
28037,4,14,4,0,0,0,0,0,0,0,0,0
28038,0,0,0,0,0,0,23,41,0,0,0,0
28039,0,0,0,0,3,6,0,0,0,0,0,0
28040,246,51,2,0,0,0,0,0,0,0,0,0
28041,0,0,0,0,0,0,62,87,0,0,0,0
28042,0,0,0,0,0,0,16,35,2,0,0,0
28043,7,20,7,0,0,0,0,0,0,0,0,0
28044,0,0,0,0,68,0,53,7238,0,0,0,0
28045,0,0,0,0,0,3,0,0,0,18,1079,0
28046,0,0,0,1,0,34,0,0,0,0,0,0
28047,13,17,0,0,0,0,0,0,0,0,0,0
28048,45,84,0,50,1345,9,1081,314813,13,0,0,0
28049,4,15,2,0,0,0,0,0,0,0,0,0
28050,18,6,2,0,0,0,0,0,0,0,0,0
28051,13,29,5,0,0,0,0,0,0,0,0,0
28052,8,41,4,0,0,0,0,0,0,0,0,0
28053,0,0,0,3,14,492,0,0,0,0,3,0
28054,0,0,0,0,0,2,0,0,3,3,1033,90
28055,7,23,2,0,0,0,0,0,0,0,0,0
28056,0,22,0,0,0,0,415,12,4,0,0,0
28057,0,0,0,0,0,1,0,0,0,6,494,11
28058,0,14,23,0,0,0,0,0,0,0,0,0
28059,0,0,0,0,0,2,0,0,0,11,165,0
28060,0,0,0,0,0,0,0,0,0,32,87,0
28061,0,0,0,4,3,20,0,0,0,0,0,0
28062,0,0,0,1,0,35,0,0,0,0,0,0
28063,0,0,0,2,0,132,0,0,0,0,5,0
28064,6,31,7,0,0,0,0,0,0,0,0,0
28065,30,65,28,0,0,0,0,0,0,0,0,0
28066,0,0,0,5,1,14,0,0,0,0,0,0
28067,0,0,0,11,4,20,0,0,0,0,0,0
28068,0,0,0,0,8,0,51,244,9,0,0,0
28069,8,55,8,0,0,0,0,0,0,0,0,0
28070,1,52,15,0,0,0,0,0,0,0,0,0
28071,0,0,0,2,7,67,0,0,0,0,0,0
28072,0,0,0,37,1,13,0,0,0,0,0,0
28073,0,1,0,0,12,0,97,416,1,0,0,0
28074,0,0,0,0,1,11,0,0,0,0,0,0
28075,0,0,0,0,65,0,28,11673,4,0,0,0
28076,0,0,0,0,0,0,0,0,0,11,109,0
28077,0,0,0,0,16,0,179,2415,621,1,0,4
28078,0,0,0,0,2,371,0,0,0,0,0,0
28079,0,0,0,0,2,0,111,1370,1,0,0,0
28080,0,2,0,0,0,0,300,98,0,0,0,0
28081,9,387,45,0,0,0,2,0,0,0,0,0
28082,0,0,0,16,2,72,0,0,0,0,4,0
28083,0,0,0,0,224,0,28,1790,5,0,0,0
28084,31,52,22,0,0,0,0,0,0,0,0,0
28085,0,0,0,0,4,0,59,595,3,0,0,0
28086,0,5,0,0,52,0,107,1982,3,0,0,0
28087,0,0,0,0,0,157,0,0,0,43,8312,155
28088,1,0,0,135,3,37,0,0,0,0,0,0
28089,0,1,0,0,0,0,123,210,7,0,0,0
28090,0,0,0,0,1,0,51,196,8,0,0,0
28091,0,0,0,17,0,48,0,0,0,0,0,0
28092,0,0,0,14,6,15,0,0,0,0,0,0
28093,0,0,0,0,0,224,0,0,0,52,5974,2
28094,0,0,0,0,4,120,0,0,0,0,0,0
28095,129166,34,13,12267,1,21,2,0,0,0,0,0
28096,180,6,3,5,0,0,0,0,0,0,0,0
28097,35,111,28,1,0,0,3,0,0,0,0,0
28098,0,0,0,2,24,343,0,1,0,0,9,0
28099,0,0,0,0,0,11,0,0,0,10,424,1
28100,5,24,0,0,0,0,0,0,0,0,0,0
28101,0,0,0,0,0,0,0,0,0,36,26,1
28102,0,0,0,0,0,0,0,0,0,19,126,0
28103,0,0,0,0,0,1,0,0,0,4,108,1
28104,38,58,5,0,0,0,1,0,0,0,0,0
28105,0,0,0,0,9,84,0,0,0,0,0,0
28106,0,0,0,12,8,67,0,0,0,0,0,0
28107,0,0,0,0,0,1,0,0,0,1,36,1
28108,79,92,30,0,0,0,0,0,0,0,0,0
28109,0,0,0,0,22,0,45,1553,33,0,0,0
28110,0,0,0,13,14,192,0,0,0,0,0,0
28111,5,314443,1,0,1,0,1477,37,1,0,0,0
28112,0,0,0,0,0,0,0,0,0,1,85,1
28113,36,39,32,0,0,0,0,0,0,0,0,0
28114,0,0,0,0,11,122,0,0,0,0,0,0
28115,0,0,0,0,0,4,0,0,0,10,655,2
28116,0,0,0,0,0,0,139,27,1,0,0,0
28117,15,148,43,0,0,0,0,0,0,0,0,0
28118,0,0,0,5,1,124,0,0,0,0,0,0
28119,10,67,0,0,0,0,0,0,0,0,0,0
28120,0,0,0,2,64,124,0,0,0,0,1,0
28121,0,0,0,0,0,0,0,0,0,12,315,2
28122,0,0,0,0,0,0,102,181,0,0,0,0
28123,0,0,0,0,0,0,20,27,0,0,0,0
28124,0,0,0,0,0,5,0,0,0,0,0,0
28125,0,30,0,0,0,0,0,0,0,0,0,0
28126,0,17,2,0,0,0,0,0,0,0,0,0
28127,0,0,0,0,2,8,0,0,0,0,0,0
28128,0,0,0,1,0,15,0,0,0,0,0,0
28129,10,66,0,0,0,0,0,0,0,0,0,0
28130,0,0,0,2,5,118,0,0,0,0,0,0
28131,5,375,0,0,0,0,0,0,0,0,0,0
28132,0,0,0,0,0,0,0,0,0,373,240,0
28133,1213,8,6,11,0,0,0,0,0,0,0,0
28134,0,0,0,0,0,0,115,69,8,0,0,0
28135,0,0,0,12,0,32,0,0,0,0,0,0
28136,0,0,0,1,10,66,0,0,0,0,1,0
28137,0,0,0,2,15,207,0,0,0,0,2,0
28138,0,0,0,0,0,0,0,0,0,2,23,0
28139,0,0,0,0,0,0,0,0,0,21,75,7
28140,0,0,0,2,1,31,0,0,0,0,0,0
28141,0,0,0,0,0,0,46,108,1,0,0,0
28142,0,0,0,0,0,68,0,0,0,0,0,0
28143,0,0,0,2,11,38,0,0,0,0,1,0
28144,0,0,0,4,0,3903,0,0,0,0,17,0
28145,0,15,2,0,0,0,0,0,0,0,0,0
28146,0,0,9,28,0,0,0,0,0,12,373,2
28147,9,0,9,28,0,1,0,0,0,15,205,0
28148,0,0,0,6,5,6,0,0,0,0,0,0
28149,0,0,0,1,4,16,0,0,0,0,0,0
28150,0,0,0,1,0,15,0,0,0,0,0,0
28151,0,0,0,6,1,42,0,0,0,0,0,0
28152,32,4,0,28,0,0,0,0,0,0,0,0
28153,0,0,24,28,0,41,0,0,0,36,1516,5
28154,17,25,5,0,0,0,0,0,0,0,0,0
28155,20,17,4,0,0,0,0,0,0,0,0,0
28156,0,0,0,7,6,33,0,0,0,0,1,0
28157,0,0,0,0,0,33,0,0,0,0,0,0
28158,35,7,0,14,0,0,0,0,0,0,0,0
28159,9,216,6,0,0,0,4,0,0,0,0,0
28160,0,0,0,2,13,25,0,0,0,0,0,0
28161,0,0,0,8,0,11,0,0,0,0,0,0
28162,0,0,0,4,10,0,21,153,25,0,0,0
28163,0,0,0,0,0,12,0,0,0,13,248,0
28164,0,0,24,0,0,0,0,0,0,72,61,3
28165,33,132,2,0,0,0,1,0,0,0,0,0
28166,0,12,0,0,0,0,168,15,8,0,0,0
28167,0,245,0,0,0,0,15317,27,0,0,0,0
28168,0,31,63,0,0,0,0,0,0,0,0,0
28169,4,2029,0,0,0,0,10,0,0,0,0,0
28170,0,0,0,0,0,0,0,0,0,45,65,1
28171,0,0,0,0,0,1,0,0,0,24,354,1
28172,0,0,0,5,0,24,0,0,0,0,0,0
28173,11,11,1,0,0,0,0,0,0,0,0,0
28174,4,16,1,0,0,0,0,0,0,0,0,0
28175,3,144,1,0,0,0,0,0,0,0,0,0
28176,0,0,0,1,40,60,0,1,0,0,0,0
28177,0,0,0,9,6,69,0,0,0,0,0,0
28178,0,0,0,0,3,0,10,402,22,0,0,0
28179,0,0,0,0,1,0,6,77,10,0,0,0
28180,0,0,0,0,0,0,9,17,1,0,0,0
28181,0,0,0,0,0,14,0,0,0,0,0,0
28182,3,63,0,0,0,0,0,0,0,0,0,0
28183,0,0,0,0,1,0,15,171,0,0,0,0
28184,0,0,0,0,0,0,0,0,0,0,0,0
28185,0,0,0,0,0,0,0,0,0,17,12,0
28186,0,0,0,0,4,5,0,0,0,0,0,0
28187,0,0,0,4,0,13,0,0,0,0,0,0
28188,0,3,0,0,0,0,42,41,3,0,0,0
28189,0,0,0,0,0,11,0,0,0,0,0,0
28190,2,35,0,0,0,0,0,0,0,0,0,0
28191,0,0,0,0,31,1,1,8215,2,0,0,0
28192,0,0,0,0,2,28,0,0,0,0,0,0
28193,0,0,0,0,1,0,19,47,0,0,0,0
28194,0,0,0,0,0,3,0,0,0,0,215,0
28195,0,0,1,0,0,0,154,214,2,0,0,0
28196,0,0,0,0,12,45,0,0,0,0,0,0
28197,0,0,0,0,2,37,0,0,0,0,0,0
28198,0,0,0,0,3,0,40,1086,22,0,0,0
28199,0,0,0,0,0,75,0,0,0,0,0,0
28200,0,0,0,4,12,50,0,0,0,0,0,0
28201,0,0,0,0,0,2,0,0,0,18,328,1
28202,0,0,0,0,0,0,179,65,2,0,0,0
28203,0,0,0,0,2,61,0,0,0,0,0,0
28204,0,0,0,2,8,18,0,0,0,0,0,0
28205,0,0,0,0,0,0,0,0,0,6,6,1
28206,0,0,0,8,0,10,0,0,0,0,0,0
28207,35,13,0,1,0,0,0,0,0,0,0,0
28208,0,0,0,17,2,86,0,0,0,0,1,0
28209,0,0,0,0,16,0,16,3002,230,0,0,0
28210,5,17,10,0,0,0,0,0,0,0,0,0
28211,4,31,16,0,0,0,0,0,0,0,0,0
28212,0,9,0,0,0,0,21,24,1,0,0,0
28213,2,10,0,0,0,0,0,0,0,0,0,0
28214,0,0,0,0,0,0,0,0,0,12,206,0
28215,9,0,0,10,10,17,0,0,0,0,0,0
28216,9,0,0,10,0,71,0,0,0,0,0,0
28217,9,0,0,11,2,5,0,0,0,0,0,0
28218,0,0,0,3,4,144,0,0,0,0,6,0
28219,0,0,0,0,0,22,0,0,0,0,0,0
28220,9,200,0,0,0,0,0,0,0,0,0,0
28221,0,1,0,0,2,0,165,452,139,0,0,0
28222,13,7,5,0,0,0,0,0,0,0,0,0
28223,0,0,2,0,0,0,6,78,8,0,0,0
28224,0,0,0,4,3,20,0,0,0,0,0,0
28225,100,128,4,1,0,0,1,0,0,0,0,0
28226,0,0,0,3,2,64,0,0,0,0,0,0
28227,0,0,0,0,0,5,0,0,0,12,397,1
28228,10,77,2,0,0,0,0,0,0,0,0,0
28229,0,0,0,3,3,27,0,0,0,0,0,0
28230,0,0,0,0,0,0,1,64,4,0,0,0
28231,0,11,4,0,0,0,0,0,0,0,0,0
28232,0,0,0,0,0,0,0,0,0,1,307,0
28233,0,0,0,0,11,0,181,262,1,0,0,0
28234,0,0,0,0,4,20,0,0,0,0,0,0
28235,0,0,0,2,32,21,0,0,0,0,0,0
28236,0,0,4,0,0,9,0,0,0,24,1185,0
28237,0,1,0,0,2,0,196,337,254,0,0,4
28238,0,0,0,32,1,25,0,0,0,0,0,0
28239,0,0,0,0,0,0,14,105,16,0,0,0
28240,0,0,0,1,2,53,0,0,0,0,0,0
28241,0,0,0,1,12,12,0,0,0,0,0,0
28242,0,0,0,0,0,0,45,99,314,0,0,85
28243,0,0,0,2,37,97,0,0,0,0,5,0
28244,0,0,0,34,4,24,0,0,0,0,0,0
28245,11,0,0,89,6021,96,0,930,3,0,1,0
28246,0,0,0,0,14,101,0,0,0,0,0,0
28247,1,52,1,0,0,0,0,0,0,0,0,0
28248,0,23,0,0,0,0,163,125,8,0,0,0
28249,296,28,18,2,0,0,1,0,0,0,0,0
28250,0,0,0,4,136,36,0,0,0,0,0,0
28251,0,0,1,46,1406,8626,0,24,14,0,354,78
28252,0,0,0,25,22,114,0,1,0,0,0,0
28253,0,0,0,0,0,0,0,0,0,0,0,0
28254,134,36,12015,6,0,4,0,0,0,182,17,17
28255,0,0,12,40,10,115,0,0,0,0,1,0
28256,12,0,4,0,0,17,0,0,0,103,969,3
28257,0,0,0,10,1,80,0,0,0,0,4,0
28258,6,43,16,0,0,0,0,0,0,0,0,0
28259,0,12,0,0,0,0,0,0,0,0,0,0
28260,0,2,2,0,0,0,0,0,0,0,0,0
28261,0,0,0,0,0,0,0,0,0,1,8,0
28262,0,1,0,0,0,0,101,4,0,0,0,0
28263,0,1,0,0,0,0,0,0,0,0,0,0
28264,0,1,1,0,0,0,0,0,0,0,0,0
28265,0,0,0,0,0,0,0,0,0,2,11,0
28266,12,19,17,1,0,0,0,0,0,0,0,0
28267,3,2,6,0,0,0,0,0,0,0,0,0
28268,1,5,6,0,0,0,0,0,0,0,0,0
28269,0,0,0,0,0,0,0,0,0,24,277,0
28270,0,0,0,22,0,35,0,0,0,0,0,0
28271,9224,1592,75,64,3,1,12,0,0,0,0,1
28272,33219,418,2,305,0,0,1,0,0,0,0,0
28273,665,16,8,144,0,0,0,0,0,0,0,0
28274,27,380,0,15,0,0,144,0,0,0,0,0
28275,0,0,0,0,19,0,0,15,0,0,0,0
28276,0,0,0,0,0,0,0,3,250,0,0,4
28277,0,0,0,0,1,185,0,0,0,0,3,0
28278,1,0,11,0,0,0,0,0,0,950,246,0
28279,0,0,0,2,2,33,0,0,0,0,0,0
28280,0,2,0,34,2,0,57,916,314420,242,180,1988
28281,314166,51,8,2060,0,20,0,0,0,0,14,0
28282,2041,4,1,314409,0,37,0,0,0,0,0,0
28283,1,11,1,0,0,0,0,0,0,0,0,0
28284,2,7,1,0,0,0,0,0,0,0,0,0
28285,0,0,0,2,0,18,0,0,0,0,0,0
28286,0,0,0,0,0,0,27,1,1,0,0,0
28287,0,0,0,0,0,0,141,96,3,0,0,0
28288,1,7,1,0,0,0,0,0,0,0,0,0
28289,0,0,0,0,0,2,0,0,0,147,108,0
28290,0,0,0,0,0,5,0,0,0,42,509,1
28291,0,0,0,0,1,4,0,0,0,35,1968,0
28292,0,0,2,0,0,0,0,0,0,383,0,0
28293,37,96,1,0,0,0,2,0,0,0,0,0
28294,52,18,40,0,0,0,0,0,0,0,0,0
28295,83,1442,134,0,0,0,3,0,0,1,0,0
28296,60,142,15,2,0,0,4,0,0,0,0,0
28297,0,0,0,65,8,350,0,0,0,0,4,0
28298,0,0,0,0,0,0,0,0,0,6,6,5
28299,803,33,1,3,0,0,0,0,0,0,0,0
28300,0,3,0,0,14,0,163,2822,268,0,0,0
28301,0,0,0,0,0,0,0,0,0,77,1,24
28302,0,0,0,0,0,0,135,47,144,0,0,0
28303,7,16,7,0,0,0,0,0,0,0,0,0
28304,8,33,3,0,0,0,0,0,0,0,0,0
28305,85,136,7,1,0,0,0,0,0,0,0,0
28306,0,0,0,4,3,81,0,0,0,0,0,0
28307,0,2,0,0,1,0,247,369,6,0,0,0
28308,0,0,0,0,0,1,0,19,38,11,348,2401
28309,3,33,2,0,0,0,0,0,0,0,0,0
28310,0,0,1,0,0,24,0,0,0,1066,1979,1
28311,0,0,0,0,0,203,0,0,0,19,16459,108
28312,0,0,0,0,1,0,0,0,0,23,1675,34
28313,0,0,0,0,0,5,0,0,0,25,2012,13
28314,0,2,0,0,0,0,284,369,14,0,0,0
28315,0,0,0,0,0,0,0,0,0,12,268,2
28316,16,17,6,0,0,0,0,0,0,0,0,0
28317,0,0,0,0,2,22,0,0,0,0,0,0
28318,0,0,0,2,0,31,0,0,0,0,0,0
28319,11,29,0,0,0,0,0,0,0,0,0,0
28320,0,0,0,0,0,0,0,0,0,10,463,0
28321,0,7,0,0,5,0,695,838,2,0,0,0
28322,0,0,0,1,1,5,0,0,0,0,0,0
28323,0,0,0,1,0,3,0,0,0,0,0,0
28324,0,0,0,2,0,3,0,0,0,0,0,0
28325,0,0,0,0,0,0,93,441,1,0,0,0
28326,0,0,0,0,7,0,10,818,3,0,0,0
28327,0,0,0,0,0,8,0,0,0,0,0,0
28328,0,0,0,0,0,0,206,4,2,0,0,0
28329,0,1,0,0,0,0,60,37,13,0,0,0
28330,1,1077,0,0,0,0,15,0,0,0,0,0
28331,0,0,0,0,0,0,0,0,0,2,151,0
28332,0,0,0,0,0,1,0,0,0,21,384,0
28333,0,0,0,0,0,2,0,0,0,37,1225,3
28334,0,0,0,11,4,109,0,1,0,0,1,0
28335,0,0,0,0,0,0,0,0,0,0,45,0
28336,185,29,1,0,0,0,0,0,0,0,0,0
28337,0,3,0,0,0,0,104,328,41,0,0,0
28338,13,220,4,0,0,0,1,0,0,0,0,0
28339,0,0,0,0,1,9,0,0,0,0,0,0
28340,0,0,0,5,8,98,0,0,0,0,0,0
28341,0,0,0,0,0,0,0,0,0,0,81,0
28342,56,4,0,0,0,0,0,0,0,0,0,0
28343,2,222,1,0,0,0,0,0,0,0,0,0
28344,0,0,0,0,0,9,0,0,0,213,683,0
28345,0,0,0,2,0,5,0,0,0,0,0,0
28346,0,0,0,0,22,0,51,411,0,0,0,0
28347,0,1,0,0,0,0,174,38,0,0,0,0
28348,0,0,0,0,0,1,0,0,0,0,75,0
28349,45,14,2,0,0,0,0,0,0,0,0,0
28350,0,0,0,0,0,0,30,148,25,0,0,1
28351,0,0,0,0,0,10,0,0,0,0,0,0
28352,9,19,1,0,0,0,0,0,0,0,0,0
28353,0,19,0,0,0,0,0,0,0,0,0,0
28354,0,0,0,0,0,0,0,0,0,40,133,0
28355,0,0,0,0,0,0,0,0,0,17,0,1
28356,2,298,2,0,0,0,0,0,0,0,0,0
28357,0,6,0,0,1,0,111,337,107,0,0,0
28358,32,138,20,0,0,0,0,0,0,0,0,0
28359,31,51,9,0,0,0,1,0,0,0,0,0
28360,0,0,0,11,0,70,0,0,0,0,0,0
28361,0,4,0,0,0,0,389,7,248,0,0,1
28362,0,0,0,0,0,0,44,65,79,0,0,0
28363,7,23,14,0,0,0,0,0,0,0,0,0
28364,0,0,0,0,0,0,3,2,47,0,0,0
28365,6,159,5,0,0,0,3,0,0,0,0,0
28366,0,106,15,0,0,0,0,0,0,0,0,0
28367,0,0,0,0,0,1,0,0,0,2,322,1
28368,0,0,0,0,0,0,504,53,0,0,0,0
28369,0,0,0,0,0,0,0,0,0,0,80,0
28370,82,13,0,0,0,0,0,0,0,0,0,0
28371,0,0,0,0,3,0,68,679,14,0,0,0
28372,0,0,0,4,3,91,0,0,0,0,0,0
28373,0,0,0,0,1,0,38,583,2,0,0,0
28374,0,0,0,0,0,0,96,52,1,0,0,0
28375,0,1,0,0,8,0,208,107,1,0,0,0
28376,0,0,0,0,2,0,143,308,6,0,0,0
28377,0,0,0,1,0,1,0,0,0,6,469,4
28378,0,9,0,0,14,0,547,2239,512,0,0,0
28379,0,0,0,0,0,0,0,0,0,10,1,0
28380,0,0,0,0,0,0,59,28,6,0,0,0
28381,9,99,19,0,0,0,0,0,0,0,0,0
28382,0,0,0,19,9,541,0,0,0,0,1,0
28383,0,0,0,0,0,0,0,0,0,1,84,0
28384,187,22,1,0,0,0,0,0,0,0,0,0
28385,0,4,3,0,0,0,0,0,0,0,0,0
28386,40,25,2,0,0,0,0,0,0,0,0,0
28387,5,33,27,0,0,0,2,0,0,0,0,0
28388,0,0,0,0,0,0,0,0,0,44,2,4
28389,199,10,0,0,0,0,0,0,0,0,0,0
28390,5,73,5,0,0,0,0,0,0,0,0,0
28391,0,0,0,0,0,2,0,0,0,20,354,0
28392,0,0,0,0,0,0,69,84,1,0,0,0
28393,0,0,0,5,15,49,0,0,0,0,0,0
28394,0,0,0,0,0,0,1,0,2,55,67,89
28395,0,0,0,0,0,0,256,149,6,0,0,0
28396,0,15,0,0,4,0,1089,1507,6,0,0,0
28397,0,0,0,0,0,0,0,0,0,1,0,0
28398,0,0,0,0,0,0,0,0,0,0,0,1
28399,0,0,0,0,0,5,0,0,0,31,530,3
28400,0,0,0,0,0,0,0,0,1,8,0,6
28401,8,56,0,0,0,0,0,0,0,0,0,0
28402,10,54,1,0,0,0,0,0,0,0,0,0
28403,0,0,0,0,0,0,14,78,0,0,0,0
28404,0,0,0,0,0,0,2,84,2,0,0,0
28405,0,0,0,0,1,20,0,0,0,0,0,0
28406,0,0,0,2,3,222,0,0,0,0,1,0
28407,0,0,0,0,0,2,0,0,0,0,0,0
28408,1,1,0,0,0,0,0,0,0,0,0,0
28409,0,0,0,0,0,4,0,0,0,0,520,4
28410,0,0,0,0,0,0,0,0,0,0,60,0
28411,0,0,0,0,0,0,0,0,0,2,228,1
28412,34,5,3,0,0,0,0,0,0,0,0,0
28413,5,8,2,0,0,0,0,0,0,0,0,0
28414,0,0,0,0,0,16,0,0,0,0,0,0
28415,43,3,6,1,0,0,0,0,0,0,0,0
28416,9,21,2,0,0,0,2,0,0,0,0,0
28417,0,0,0,1,0,42,0,0,0,0,0,0
28418,0,18,0,0,0,0,0,0,0,0,0,0
28419,0,0,0,0,0,0,0,0,0,34,133,0
28420,0,0,0,3,0,6,0,0,0,0,0,0
28421,0,0,0,0,0,0,15,14,1,0,0,0
28422,0,0,0,0,0,0,0,0,0,0,54,0
28423,0,0,0,0,0,0,120,40,5,0,0,0
28424,0,0,0,0,0,0,0,0,0,0,0,0
28425,0,0,0,0,0,0,0,0,0,0,1,0
28426,0,0,0,26,0,22,0,0,0,0,0,0
28427,0,0,0,0,0,0,0,0,0,0,0,0
28428,0,0,0,0,0,0,0,2,0,0,0,0
28429,0,0,0,0,0,0,1,2,0,0,0,0
28430,0,0,0,0,0,0,0,0,0,0,0,0
28431,0,0,0,43,0,0,0,0,0,0,0,0
28432,0,0,0,0,0,9,0,0,0,0,833,0
28433,7,5,0,0,0,0,0,0,0,0,0,0
28434,0,0,0,0,0,0,0,0,0,0,0,3
28435,0,0,0,0,0,3,0,0,0,22,652,4
28436,0,0,0,0,0,0,3,483,10,0,0,0
28437,0,0,0,0,0,0,0,0,0,0,2,0
28438,0,0,0,1,1,159,0,0,0,0,0,0
28439,0,0,0,0,0,0,0,0,0,3,60,1
28440,0,0,0,0,0,0,0,0,0,0,0,0
28441,0,0,0,0,0,0,0,0,0,3,64,0
28442,0,1,0,0,0,0,0,0,0,0,0,0
28443,0,0,0,0,0,0,0,0,0,0,1,0
28444,0,0,0,7,2,10,0,0,0,0,0,0
28445,0,0,0,0,0,0,0,0,0,0,1,0
28446,0,0,0,0,0,0,0,0,0,0,0,0
28447,1,26,0,0,0,0,0,0,0,0,0,0
28448,0,0,0,0,0,1,0,0,0,0,15,0
28449,1,0,0,0,0,0,0,0,0,0,0,0
28450,0,0,0,0,1,5,0,0,0,0,0,0
28451,0,0,0,0,0,0,33,28,48,0,0,0
28452,0,0,0,0,0,0,3,10,1,0,0,0
28453,0,0,0,0,0,14,0,0,0,8,1026,6
28454,0,0,0,0,0,0,0,0,0,0,0,0
28455,1,9,1,0,0,0,0,0,0,0,0,0
28456,0,1,0,0,0,0,79,20,1,0,0,0
28457,0,0,0,0,0,0,18,0,1,0,0,0
28458,14,2,1,0,0,0,0,0,0,0,0,0
28459,1,50,2,0,0,0,9,0,0,0,0,0
28460,0,2,0,0,1,0,237,308,56,0,0,0
28461,0,73695,0,0,0,0,448,35,10,0,0,0
28462,0,0,0,0,0,0,0,0,0,9,149,0
28463,0,0,0,0,0,0,0,0,0,2,7,0
28464,0,0,0,0,0,0,0,0,0,0,0,0
28465,0,0,0,11,0,30,0,0,0,0,1,0
28466,1,11,6,0,0,0,0,0,0,0,0,0
28467,8,113,5,0,0,0,2,0,0,0,0,0
28468,9,61,16,0,0,0,0,0,0,0,0,0
28469,0,0,0,0,1,1,0,0,0,0,0,0
28470,0,0,0,0,0,2,0,0,0,0,0,0
28471,0,0,0,0,0,1,0,0,0,0,163,1
28472,0,0,0,1,0,454,0,0,0,46,57363,0
28473,0,0,0,0,0,3,0,0,0,130,644,60
28474,0,0,0,27,19,80,0,0,0,0,0,0
28475,0,0,0,0,0,0,0,0,0,40,2,1
28476,0,0,0,0,3,0,29,71,22,0,0,0
28477,9,56,7,0,0,0,0,0,0,0,0,0
28478,0,1,1,0,0,0,3,3,0,0,0,0
28479,0,1,1,1,0,0,5,2,2,1,1,0
28480,12,41,10,0,1,0,0,0,0,0,0,1
28481,1,0,0,0,0,0,0,0,0,12,1,7
28482,7,133,1,0,1,0,1,0,0,0,1,0
28483,36,68,10,0,0,0,0,1,0,0,0,0
28484,0,0,0,0,0,0,2,1,1,0,0,0
28485,0,0,0,0,0,0,2,3,1,0,0,1
28486,1,0,0,0,1,0,0,0,0,9,181,1
28487,0,12,1,0,0,0,1511,1,101,0,0,0
28488,1,0,0,2,1,2,0,0,0,0,0,0
28489,0,0,0,10,1,7,0,0,0,0,0,0
28490,0,0,0,0,0,0,0,0,0,0,3,0
28491,0,0,0,0,0,0,0,0,0,0,1,1
28492,103,51,3,1,1,0,0,2,0,0,0,0
28493,2,31,12,0,0,0,0,0,0,0,0,0
28494,3,0,0,4,2,16,1,0,0,0,0,0
28495,1,0,0,2,1,11,0,0,0,0,0,1
28496,0,0,0,0,0,0,0,0,0,0,0,0
28497,0,2,1,0,0,0,0,0,0,0,0,0
28498,0,0,0,0,0,1,0,0,0,0,778,0
28499,1,4,0,0,0,0,0,0,0,0,0,0
28500,0,0,0,0,0,0,0,0,0,1,81,0
28501,0,0,0,0,0,0,0,0,0,0,22,0
28502,0,1,0,0,0,0,0,0,0,0,0,0
28503,0,2,9,0,0,0,0,0,0,0,0,0
28504,0,0,0,0,0,7,0,0,0,0,0,0
28505,1,29,0,0,0,0,0,0,0,0,0,0
28506,0,0,0,0,0,0,7,2,3,0,0,0
28507,0,0,0,0,0,6,0,0,0,0,402,0
28508,4,8,0,0,0,0,0,0,0,0,0,0
28509,0,0,0,0,0,0,70,77,2,0,0,0
28510,0,0,0,1,0,16,0,0,0,0,0,0
28511,0,0,0,0,0,2,0,0,0,9,243,24
28512,0,0,0,0,0,0,0,2,168,57,138,14910
28513,37,21,12,0,0,0,0,0,0,0,0,0
28514,0,0,0,0,0,0,7,168,74,0,0,0
28515,9,24,5,0,0,0,0,0,0,0,0,0
28516,0,0,0,0,1,149,0,0,0,0,0,0
28517,0,0,0,0,0,0,1,10,1,0,0,0
28518,0,0,0,0,0,0,0,0,0,0,0,0
28519,0,0,0,0,0,0,0,0,0,1,125,0
28520,0,0,0,0,0,0,0,0,0,83,0,1
28521,0,38,0,0,0,0,0,0,0,0,0,0
28522,4,39,5,0,0,0,0,0,0,0,0,0
28523,0,188,0,0,0,0,1,0,0,0,0,0
28524,0,0,0,0,0,2,0,0,0,0,0,0
28525,0,0,0,2,1,6,0,0,0,0,0,0
28526,0,0,0,0,0,0,2,0,0,0,0,0
28527,0,0,0,0,0,0,0,0,0,0,0,0
28528,0,0,0,0,0,1,0,0,0,5,269,0
28529,0,0,0,0,0,1,0,0,0,0,0,0
28530,0,0,0,0,0,0,0,0,0,0,0,0
28531,0,0,0,0,0,17,0,0,0,0,2645,0
28532,0,0,0,0,0,1,0,0,0,0,0,0
28533,0,0,0,0,0,0,0,0,0,0,0,0
28534,0,0,0,0,0,0,0,0,0,0,56,0
28535,0,0,0,0,0,0,0,0,0,16,0,0
28536,0,0,0,0,0,0,7,8,0,0,0,0
28537,1,15,5,0,0,0,0,0,0,0,0,0
28538,0,0,13,0,0,0,0,0,0,0,0,0
28539,0,0,0,0,0,0,17,70,92,0,0,2
28540,2,24,19,0,0,0,0,0,0,0,0,0
28541,0,0,0,0,1,0,145,851,1,0,0,0
28542,0,0,0,0,0,0,0,0,0,0,85,1
28543,0,0,0,1,0,28,0,0,0,0,0,0
28544,10,19,0,0,0,0,0,0,0,0,0,0
28545,0,0,0,0,0,0,0,0,0,6,7,0
28546,0,0,0,0,0,0,0,0,0,3,29,0
28547,0,0,0,0,0,0,0,0,0,0,0,0
28548,0,0,0,0,0,0,5,1,0,0,0,0
28549,0,6,1,0,0,0,0,0,0,0,0,0
28550,0,0,0,0,0,0,0,0,0,162,1,1
28551,0,0,0,0,0,0,3,34,0,0,0,0
28552,4,2,1,0,0,0,0,0,0,0,0,0
28553,0,27,3,0,0,0,0,0,0,0,0,0
28554,0,0,0,1,1,3,0,0,0,0,0,0
28555,0,0,0,1,3,7,0,0,0,0,0,0
28556,0,0,0,0,0,0,0,0,0,0,39,0
28557,0,0,0,0,0,0,17,38,6,0,0,0
28558,0,0,0,0,0,1,0,0,0,0,0,0
28559,0,4,0,0,1,0,64,225,0,0,0,0
28560,0,0,0,0,0,2,9,71,2,0,0,0
28561,0,0,0,1,0,5,0,0,0,0,0,0
28562,0,0,0,0,0,0,44,8,0,0,0,0
28563,0,0,0,0,0,0,2,20,0,0,0,0
28564,0,0,0,1,0,0,0,0,0,0,0,0
28565,0,0,0,0,0,0,36,11,0,0,0,0
28566,1,10,1,0,0,0,0,0,0,0,0,0
28567,0,0,0,0,0,0,0,0,0,1,122,1
28568,0,0,0,0,0,0,12,11,1,0,0,0
28569,0,0,0,0,0,0,2,2,1,0,0,0
28570,0,0,0,0,0,3,0,0,0,0,0,0
28571,0,1,0,0,0,0,0,0,0,0,0,0
28572,0,22,1,0,0,0,0,0,0,0,0,0
28573,3,13,2,0,0,0,0,0,0,0,0,0
28574,6,22,5,0,0,0,0,0,0,0,0,0
28575,0,0,0,0,0,9,0,0,0,0,0,0
28576,0,0,0,0,0,0,22,73,38,0,0,0
28577,0,0,1,0,0,0,0,0,0,0,0,0
28578,1,19,0,0,0,0,0,0,0,0,0,0
28579,0,19,0,0,0,0,0,0,0,0,0,0
28580,0,0,0,0,7,0,134,1051,31,0,0,0
28581,7,75,8,0,0,0,0,0,0,0,0,0
28582,0,0,0,18,1,108,0,0,0,0,0,0
28583,0,0,0,0,0,0,0,0,0,10,1,0
28584,0,0,0,0,0,0,0,0,0,0,0,0
28585,0,0,0,0,0,1,0,0,0,0,85,5
28586,2,15,0,0,0,0,0,0,0,0,0,0
28587,0,0,0,0,0,0,8,3,0,0,0,0
28588,0,0,0,0,0,33,0,0,0,0,0,0
28589,0,0,0,0,0,0,0,0,0,0,12,0
28590,0,0,0,0,0,0,0,0,0,0,1,0
28591,36,12,4,0,0,0,0,0,0,0,0,0
28592,0,0,3,0,0,0,0,0,0,0,0,0
28593,0,0,0,0,0,0,1,1,0,0,0,0
28594,0,29,0,0,0,0,0,0,0,0,0,0
28595,0,0,0,0,0,0,0,0,0,0,0,0
28596,0,0,0,0,0,0,0,0,0,0,0,0
28597,0,0,0,0,0,0,0,1,0,0,0,0
28598,0,0,0,0,0,3,0,0,0,0,0,0
28599,27,0,0,0,0,0,0,0,0,0,0,0
28600,0,0,0,0,0,451,0,0,0,0,2,0
28601,0,0,0,0,0,0,0,0,0,0,0,0
28602,0,0,0,1,0,0,0,0,0,0,0,0
28603,0,0,0,0,0,183,0,0,0,0,4555,0
28604,0,0,0,0,0,0,0,0,0,0,0,0
28605,1,0,0,0,0,0,0,0,0,0,0,0
28606,0,0,0,0,0,4,0,0,0,0,1231,0
28607,0,0,0,0,0,0,0,0,0,0,0,0
28608,0,0,0,0,0,0,0,0,0,0,0,0
28609,0,0,0,0,0,0,0,0,0,0,184,0
28610,0,0,0,0,0,0,0,0,0,43,82,0
28611,0,0,0,2,1,0,0,0,0,0,0,0
28612,1,24,1,0,0,0,0,0,0,0,0,0
28613,0,0,0,0,0,0,0,0,0,0,0,0
28614,0,0,0,0,0,0,0,0,1,0,0,0
28615,7,33,22,0,0,0,0,0,0,0,0,0
28616,1,0,0,0,0,0,0,0,0,0,0,0
28617,0,0,0,0,0,0,0,0,0,0,0,0
28618,7,0,0,380,9,70,0,0,0,0,0,0
28619,0,0,0,0,0,0,0,1,0,0,0,0
28620,0,0,0,0,0,0,0,2,0,0,0,0
28621,0,0,0,0,0,0,247,130,0,0,0,0
28622,0,0,0,0,0,0,0,0,0,0,3,0
28623,0,0,0,0,0,0,0,0,0,0,3,0
28624,306,150,3,3,0,0,0,0,0,0,0,0
28625,0,0,0,0,0,0,0,0,32,0,0,0
28626,3,2,0,0,0,0,0,0,0,0,0,0
28627,4,18,3,0,0,0,0,0,0,0,0,0
28628,0,0,0,0,16,0,13,2099,317,0,3,27
28629,0,0,0,0,0,0,0,0,0,6,51,4
28630,0,0,0,8,7,32,0,0,0,0,0,0
28631,0,0,0,0,0,0,46,0,11,0,0,0
28632,0,0,0,0,0,0,35,165,17,0,0,0
28633,0,14,1,0,0,0,0,0,0,0,0,0
28634,0,0,0,0,0,0,0,0,0,13,12,1
28635,0,0,0,0,6,2,0,0,0,0,0,0
28636,0,0,0,2,24,30,0,0,0,0,0,0
28637,0,0,0,0,0,0,0,0,0,0,54,0
28638,0,0,0,0,0,0,0,0,0,214,109,2
28639,0,0,0,0,0,0,0,0,0,9,66,0
28640,0,0,0,0,1,2,0,0,0,0,0,0
28641,6,0,0,0,0,0,0,0,0,0,0,0
28642,0,0,0,0,0,263,0,0,0,0,0,0
28643,0,0,0,0,0,0,16,2,0,0,0,0
28644,0,0,0,0,0,0,9,0,0,0,0,0
28645,0,0,0,3,0,7,0,0,0,0,0,0
28646,0,0,0,0,0,0,51,48,0,0,0,0
28647,0,0,0,0,0,0,0,0,0,2,132,0
28648,0,0,0,1,2,38,0,0,0,0,0,0
28649,5,8,0,0,0,0,0,0,0,0,0,0
28650,1,63,3,0,0,0,0,0,0,0,0,0
28651,0,0,0,0,0,47,0,0,0,27,4391,2
28652,0,3,0,0,0,0,0,0,0,0,0,0
28653,11,55,1,0,0,0,0,0,0,0,0,0
28654,2,25,0,0,0,0,0,0,0,0,0,0
28655,0,0,0,0,2,0,178,616,144,0,0,2
28656,0,9,2,0,0,0,0,0,0,0,0,0
28657,0,0,0,0,0,87,0,0,0,17,4728,23
28658,0,0,0,0,0,0,68,9,0,0,0,0
28659,0,0,0,0,0,0,16,2,0,0,0,0
28660,0,0,0,0,0,0,0,0,0,2,24,0
28661,0,45,2,0,0,0,0,0,0,0,0,0
28662,0,0,0,0,0,45,0,0,0,0,0,0
28663,0,0,0,0,0,1,0,0,0,2,41,0
28664,35,34,2,0,0,0,0,0,0,0,0,0
28665,0,0,0,4,0,31,0,0,0,0,0,0
28666,165,53,0,0,0,0,0,0,0,0,0,0
28667,0,0,0,0,0,0,0,0,0,0,0,0
28668,0,0,0,0,0,0,1,1,0,0,0,0
28669,0,0,0,0,0,0,0,1,0,0,0,0
28670,0,0,0,0,0,0,0,1,0,0,0,0
28671,0,0,0,0,1,12,0,0,0,0,0,0
28672,0,0,0,50,0,18,0,0,0,0,0,0
28673,0,0,0,0,0,0,16,30,1,0,0,0
28674,0,0,0,0,0,0,0,0,0,1,469,1
28675,45,38,1,0,0,0,2,0,0,0,0,0
28676,0,84,0,0,0,0,1,0,0,0,0,0
28677,0,0,0,0,0,15,0,0,0,27,3531,0
28678,0,0,0,21,4,43,0,0,0,0,0,0
28679,0,0,0,0,0,0,12,0,34,0,0,0
28680,2,21,3,0,0,0,0,0,0,0,0,0
28681,0,1,0,0,5,0,111,1063,0,0,0,0
28682,0,1,0,0,0,0,71,0,2,0,0,0
28683,0,0,0,0,0,0,20,45,1,0,0,0
28684,84,54,14,1,0,0,0,0,0,0,0,0
28685,0,0,0,0,0,0,0,114,0,0,0,0
28686,0,0,0,0,0,0,0,0,0,0,4,0
28687,0,0,3,0,0,2,0,0,0,122,483,0
28688,0,0,0,0,5,351,0,0,0,0,1,0
28689,0,0,0,0,3,14,0,0,0,0,0,0
28690,0,0,0,0,6,0,38,1373,225,0,0,1
28691,3,12,11,0,0,0,0,0,0,0,0,0
28692,0,24,58,0,0,0,0,0,0,0,0,0
28693,0,0,0,3,1,362,0,0,0,0,3,0
28694,1,17,0,0,0,0,0,0,0,0,0,0
28695,0,0,0,0,0,3,0,0,0,4,701,9
28696,13,29,13,0,0,0,0,0,0,0,0,0
28697,0,0,0,0,0,2,0,0,0,10,1025,4
28698,0,0,0,0,0,0,0,0,0,13,134,8
28699,86,2116,4,0,0,0,19,2,0,0,0,0
28700,1,0,0,0,0,0,0,0,0,0,0,0
28701,0,0,0,0,0,0,0,0,0,0,0,0
28702,0,90,0,0,0,0,0,0,0,0,0,0
28703,0,0,0,0,1,0,188,898,809,0,2,4
28704,18,112,12,1,0,0,0,0,0,0,0,0
28705,0,0,0,1,6,497,0,0,0,0,6,0
28706,0,0,0,0,0,2,0,0,0,4,2010,0
28707,10,7,0,0,0,0,0,0,0,0,0,0
28708,0,0,0,0,0,6,0,0,0,86,1572,10
28709,5,0,0,0,0,0,0,0,0,0,0,0
28710,0,0,0,0,0,2,0,0,0,0,0,0
28711,0,0,0,19,0,34,0,0,0,0,0,0
28712,0,0,0,0,0,0,343,6,0,0,0,0
28713,0,0,0,0,0,0,23,1,0,0,0,0
28714,0,0,0,0,0,0,0,0,0,3,100,0
28715,138,105,0,0,0,0,0,0,0,0,0,0
28716,0,0,0,0,0,0,0,0,0,2,96,0
28717,0,0,0,0,0,1,0,0,0,45,425,1
28718,0,0,0,0,0,0,0,0,0,0,0,0
28719,0,0,0,0,0,0,0,1,0,0,0,0
28720,0,0,0,0,0,0,0,0,0,6,702,1
28721,2,1,1,0,0,0,0,0,0,0,0,0
28722,4,34,3,0,0,0,0,0,0,0,0,0
28723,0,0,0,0,1,289,0,0,0,0,0,0
28724,0,0,0,0,0,2,0,0,0,8,659,6
28725,0,0,0,0,0,2,0,0,0,4,1379,2
28726,0,0,0,29,2,34,0,0,0,0,0,0
28727,0,0,0,0,12,0,39,991,4,0,0,0
28728,0,0,0,0,0,0,0,0,0,34,483,1
28729,0,0,0,7,50,35,0,0,0,0,0,0
28730,2,0,1,0,0,0,0,0,0,0,0,0
28731,1,3,1,0,0,0,0,0,0,0,0,0
28732,0,0,0,0,0,0,0,0,0,2,361,1
28733,4,89,0,0,0,0,0,0,0,0,0,0
28734,20,15,3,0,0,0,0,0,0,0,0,0
28735,0,0,0,0,0,188,0,0,0,0,2,0
28736,0,0,0,0,0,0,13,98,0,0,0,0
28737,0,0,0,0,0,14,0,0,0,6,622,3
28738,0,0,0,27,4,22,0,0,0,0,0,0
28739,0,0,0,0,9,0,0,1601,0,0,0,0
28740,0,0,0,0,0,0,0,0,1,1,24,29
28741,64,40,15,0,0,0,0,0,0,0,0,0
28742,0,144,3,0,0,0,1,0,0,0,0,0
28743,0,0,0,0,0,73,0,0,0,0,1,0
28744,0,0,0,0,0,9,0,0,0,24,1681,0
28745,0,0,0,0,0,0,4,34,1,0,0,0
28746,0,0,0,0,0,1,0,0,0,0,0,0
28747,0,0,0,0,1,0,44,333,10,0,0,0
28748,0,0,0,0,0,4,0,0,0,10,419,3
28749,0,0,0,0,0,2,0,0,0,0,0,0
28750,5,7,1,0,0,0,0,0,0,0,0,0
28751,0,0,0,0,0,0,0,0,0,3,0,0
28752,6,15,0,0,0,0,0,0,0,0,0,0
28753,1,31,1,0,0,0,0,0,0,0,0,0
28754,0,0,0,0,0,1,0,0,0,36,319,3
28755,0,0,0,4,0,4,0,0,0,0,0,0
28756,0,0,0,10,6,53,0,0,0,0,0,0
28757,0,0,0,0,0,0,0,0,0,3,140,0
28758,0,0,0,0,0,0,0,0,0,19,60,0
28759,0,0,0,76,13,902,0,0,0,0,52,0
28760,0,0,0,0,0,0,0,0,0,73,0,14
28761,63,33,10,0,0,0,1,0,0,0,0,0
28762,8,24,8,0,0,0,0,0,0,0,0,0
28763,0,0,0,0,0,0,67,0,8,0,0,0
28764,0,0,0,0,0,0,36,48,6,0,0,0
28765,3,41,11,0,0,0,0,0,0,0,0,0
28766,0,25,1,0,0,0,0,0,0,0,0,0
28767,0,0,0,0,0,1,0,0,0,3,210,0
28768,39,70,2,0,0,0,2,0,0,0,0,0
28769,2,14,3,0,0,0,0,0,0,0,0,0
28770,0,0,0,0,0,13,0,0,0,5,449,1
28771,24,42,1,0,0,0,1,0,0,0,0,0
28772,0,0,0,0,3,56,0,0,0,0,0,0
28773,0,0,0,0,1,5,0,0,0,0,0,0
28774,0,1,0,0,0,0,62,152,1,0,0,0
28775,0,0,0,0,0,0,0,0,0,12,690,16
28776,0,0,2,0,0,0,0,0,0,133,61,6
28777,21,252,15,0,0,0,1,0,0,0,0,0
28778,0,0,1,0,0,0,0,0,0,0,0,0
28779,0,107,0,0,0,0,0,0,0,0,0,0
28780,0,19,1,0,0,0,0,0,0,0,0,0
28781,0,0,0,0,0,0,15,3,3,0,0,0
28782,0,0,0,0,0,0,2,2,1,0,0,0
28783,0,0,0,0,0,0,0,0,0,3,52,0
28784,0,0,0,4,0,13,0,0,0,0,0,0
28785,0,0,0,5,0,1,0,0,0,0,0,0
28786,0,0,0,0,0,0,0,0,0,5,22,0
28787,0,0,0,0,0,1,0,0,0,0,0,0
28788,1,1,0,0,0,0,0,0,0,0,0,0
28789,0,0,0,0,0,1,0,0,0,1,390,0
28790,0,0,0,0,0,0,12,88,0,0,0,0
28791,0,0,0,0,0,0,0,0,0,0,669,0
28792,843,71,2,5,0,0,0,0,0,0,0,0
28793,0,0,0,0,0,0,0,2,2,0,0,0
28794,0,1,0,0,0,0,0,0,0,0,0,0
28795,0,387,0,0,0,0,0,0,0,0,0,0
28796,0,0,0,0,0,0,4,0,1,0,0,0
28797,0,0,0,0,0,0,0,1,0,0,0,0
28798,0,0,0,0,0,0,221,89,0,0,0,0
28799,1,2,0,0,0,0,0,0,0,0,0,0
28800,0,0,0,0,0,0,2,3,0,0,0,0
28801,0,0,0,0,0,0,0,0,0,1,560,0
28802,0,4,5,0,0,0,0,0,0,0,0,0
28803,0,3,0,0,0,0,21,9,0,0,0,0
28804,0,1303,0,0,0,0,7,0,0,0,0,0
28805,0,0,0,0,0,0,97,11,0,0,0,0
28806,0,0,0,0,0,0,88,75,1,0,0,0
28807,0,0,0,0,0,0,0,0,0,63,305,0
28808,0,0,0,0,2,0,166,55,8,0,0,0
28809,0,0,0,0,0,0,46,73,0,0,0,0
28810,0,0,0,0,0,0,0,0,0,8,139,0
28811,8,29,1,0,0,0,0,0,0,0,0,0
28812,0,0,0,0,2,0,19,326,93,0,0,0
28813,0,0,0,1,4,51,0,0,0,0,0,0
28814,0,0,0,0,0,0,0,0,0,9,15,18
28815,36,27,1,0,0,0,0,0,0,0,0,0
28816,13,41,22,0,0,0,1,0,0,2,0,0
28817,0,0,0,0,0,0,68,1126,6,0,0,0
28818,0,0,1,0,0,0,0,0,0,23,43,0
28819,0,0,0,0,0,0,0,0,0,45,83,2
28820,0,0,0,15,13,59,0,0,0,0,0,0
28821,0,0,9,0,0,0,0,0,0,2582,12,1
28822,0,0,0,14,11,44,0,0,0,0,0,0
28823,0,0,0,0,1,18,0,0,0,0,0,0
28824,0,0,0,0,0,0,0,0,0,7,12,1
28825,0,0,0,3,8,31,0,0,0,0,0,0
28826,0,0,0,0,0,0,0,0,0,4,287,5
28827,0,0,0,0,1,0,43,80,40,0,0,0
28828,0,0,0,0,16,58,0,0,0,0,0,0
28829,0,0,0,4,5,32,0,0,0,0,0,0
28830,0,0,2,0,0,14,0,0,0,508,246,0
28831,0,0,0,0,0,0,0,0,0,93,193,1
28832,0,0,0,20,21,52,0,0,0,0,0,0
28833,0,0,0,0,0,31,0,0,0,0,3055,0
28834,11,42,2,0,0,0,0,0,0,0,0,0
28835,0,0,0,1,2,44,0,0,0,0,1,0
28836,0,0,0,0,0,3,0,0,0,0,439,0
28837,5,36,3,0,0,0,0,0,0,0,0,0
28838,0,0,0,0,0,0,0,0,0,10,36,0
28839,0,1,0,0,0,0,49,18,1,0,0,0
28840,0,0,0,1,1,15,0,0,0,0,0,0
28841,11,64,25,0,0,0,0,0,0,0,0,0
28842,0,0,0,0,11,0,208,2033,0,0,0,0
28843,0,0,0,2,394,15,0,1,0,0,0,0
28844,0,0,0,0,0,0,0,0,0,36,51,0
28845,0,0,0,0,1,0,125,163,2,0,0,0
28846,0,0,1,0,0,12,0,0,0,84,921,9
28847,37,35,0,0,0,0,0,0,0,0,0,0
28848,3,16,5,0,0,0,0,0,0,0,0,0
28849,0,0,0,0,0,15,0,0,0,3,1770,39
28850,6,28,0,0,0,0,0,0,0,0,0,0
28851,0,0,0,0,6,0,90,1368,200,0,0,0
28852,0,0,0,0,8,22,0,0,0,0,0,0
28853,0,0,0,6,473,72,0,8,0,0,0,0
28854,0,0,0,0,0,180,0,0,0,0,32011,0
28855,60,165,7,0,0,0,0,0,0,0,0,0
28856,1,21,373,0,0,0,0,0,0,0,0,0
28857,0,14,0,0,6,0,601,1328,114,0,0,0
28858,19,39,8,0,0,0,0,0,0,0,0,0
28859,10,10,2,0,0,0,0,0,0,0,0,0
28860,102,205,6,0,0,0,2,0,0,0,0,0
28861,0,0,0,0,23,32,0,0,0,0,0,0
28862,4,0,0,257,1,180,0,0,0,0,0,0
28863,0,0,0,0,0,6,0,0,0,0,1185,0
28864,73,13,3,0,0,0,0,0,0,0,0,0
28865,0,7,0,0,0,0,0,0,0,0,0,0
28866,0,0,0,0,0,0,0,0,0,26,252,2
28867,0,0,0,11,40,75,0,0,0,0,0,0
28868,0,0,0,0,0,20,0,0,0,14,1788,1
28869,0,0,0,1,5,6859,0,0,0,33,80643,1
28870,58,60,9,0,0,0,0,0,0,0,0,0
28871,0,0,0,0,0,0,122,910,0,0,0,0
28872,0,0,0,0,0,0,157,10,1,0,0,0
28873,0,0,0,0,0,0,0,0,0,11,215,0
28874,37,110,4,0,0,0,0,0,0,0,0,0
28875,0,0,0,0,1,0,84,60,0,0,0,0
28876,0,0,0,0,0,0,0,0,0,1,92,0
28877,22216,41,6,415,0,3,0,0,0,0,0,0
28878,0,14,0,0,0,0,1109,330,21389,5,25,449
28879,2,0,0,112,6521,102,2,80,0,0,0,0
28880,1,6369,5,0,0,0,4702,0,0,0,0,0
28881,90,2279,7,60,220,7,404994,74620,7,0,0,0
28882,3,2756,1,0,2,0,404417,127,1,0,0,0
28883,0,0,0,0,0,0,211,0,404379,7,9,2663
28884,0,0,0,0,5,2,65,829,26904,0,0,380
28885,8,22,15,0,0,0,0,0,0,0,0,0
28886,16,19,9,0,0,0,0,0,0,0,0,0
28887,0,0,0,0,1,589,0,0,0,39,53377,10
28888,0,0,0,10,10,97,0,0,0,0,1,0
28889,0,0,0,29,35,167,0,0,0,0,0,0
28890,0,0,0,0,0,10,0,0,0,1,1761,1
28891,0,0,0,6,13,44,0,0,0,0,0,0
28892,0,0,3,0,0,5,0,0,0,246,1547,0
28893,0,0,0,0,0,6,0,0,0,38,1892,45
28894,0,0,0,31,9,15,0,0,0,0,0,0
28895,0,0,0,0,1,0,41,485,31,0,0,0
28896,0,0,0,0,0,5,0,0,38,12,532,188
28897,0,0,0,0,0,193,0,0,0,0,0,0
28898,2,89,7,0,0,0,3,0,0,0,0,0
28899,0,0,0,0,7,0,443,1695,171,0,0,1
28900,56,58,32,0,0,0,1,0,0,0,0,0
28901,43,46,7,0,0,0,0,0,0,0,0,0
28902,0,0,0,13,6,128,0,0,0,0,0,0
28903,0,2,0,0,2,0,110,1338,40,0,0,1
28904,0,5,0,0,2,0,246,487,3,0,0,0
28905,0,0,0,0,0,19,0,0,0,19,1658,0
28906,0,0,0,41,4,17,0,0,0,0,0,0
28907,0,0,0,0,1,0,120,565,6,0,0,0
28908,0,0,0,0,11,0,59,1365,1,0,0,0
28909,0,0,0,0,0,0,0,0,0,6,135,0
28910,1263,46,7,9,0,0,0,0,0,0,0,0
28911,57,47,8,4,0,0,0,0,0,0,0,0
28912,0,0,0,2,0,70,0,0,0,0,0,0
28913,0,1,0,1,4,0,102,1138,11,0,0,1
28914,0,0,0,0,0,0,60,31,1,0,0,0
28915,0,0,2,0,0,0,0,0,0,6,770,0
28916,0,0,0,0,318,0,240,62921,1,0,0,0
28917,0,0,0,0,10,0,46,161,7,0,0,0
28918,0,0,0,1,0,31,0,0,0,0,1,0
28919,0,0,0,0,0,0,2,12,12,0,0,0
28920,0,8,0,0,0,0,0,0,0,0,0,0
28921,0,0,0,31,4,293,0,0,0,0,1,0
28922,0,0,0,0,0,0,39,241,9,0,0,0
28923,0,0,0,0,0,3,0,0,0,1,264,3
28924,0,0,0,17,31,64,0,1,0,0,0,0
28925,0,1,0,0,0,0,143,257,6,0,0,0
28926,0,0,0,0,0,0,0,0,0,0,53,2
28927,0,0,0,7,10,60,0,0,0,0,1,0
28928,0,0,0,0,0,0,0,0,0,351,285,41
28929,0,0,0,0,0,0,0,0,0,0,0,0
28930,0,0,0,35,7,35,0,0,0,0,0,0
28931,0,0,0,0,0,0,9,73,1,0,0,0
28932,0,0,0,1,1,221,0,0,0,0,47460,5
28933,0,0,0,1,12,74,0,0,0,0,0,0
28934,0,0,0,0,9,51,0,0,0,0,0,0
28935,0,0,0,0,4,5,0,0,0,0,0,0
28936,0,0,0,0,18,0,101,195,3,0,0,0
28937,0,0,0,0,0,0,0,0,0,8,169,0
28938,0,0,0,1,0,1,0,0,0,0,0,0
28939,0,0,0,0,0,0,62,269,1,0,0,0
28940,0,0,0,0,0,0,0,0,0,3,168,1
28941,0,0,0,0,1,0,0,0,0,0,0,0
28942,0,0,0,0,0,0,23,17,1,0,0,0
28943,0,0,0,0,0,0,0,0,0,2,35,1
28944,0,0,0,0,0,1,0,0,0,0,0,0
28945,0,0,0,14,0,28,0,0,0,0,0,0
28946,0,0,0,0,0,0,0,12,8,0,0,0
28947,0,4,3,0,0,0,0,0,0,0,0,0
28948,0,0,0,0,0,1,0,0,0,3,1335,1
28949,2,0,0,0,0,0,0,0,0,0,0,0
28950,0,1,0,0,0,0,135,13,1,0,0,0
28951,1,121,0,0,0,0,0,0,0,0,0,0
28952,0,0,0,4,9,46,0,0,0,0,0,0
28953,0,0,0,0,0,0,0,0,0,0,0,0
28954,0,0,0,0,0,0,46,22,0,0,0,0
28955,3,2,3,0,0,0,0,0,0,0,0,0
28956,0,12,9,0,0,0,0,0,0,1,0,0
28957,0,0,0,0,0,1,0,0,0,3,1312,0
28958,0,0,0,0,0,0,0,0,0,17,1,4
28959,14,131,0,0,0,0,6,0,0,0,0,0
28960,0,0,0,0,1,0,33,687,9,0,0,0
28961,0,0,0,0,0,0,0,0,0,4,533,0
28962,0,0,0,0,0,1,0,0,0,0,0,0
28963,0,0,0,21,4,192,0,0,0,0,0,0
28964,0,0,0,0,0,0,0,0,1,0,0,0
28965,0,3,1,0,0,0,0,0,0,0,0,0
28966,0,0,0,0,0,0,28,32,1,0,0,0
28967,37,440,4,0,0,0,3,0,0,0,0,0
28968,0,0,0,0,0,0,27,46,17,0,1,0
28969,0,0,0,0,0,0,0,0,0,17,242,0
28970,0,0,1,0,0,0,0,0,0,0,0,0
28971,6,4,0,0,0,0,0,0,0,0,0,0
28972,3,14,3,0,0,0,0,0,0,0,0,0
28973,23,95,34,0,0,0,1,0,0,1,0,0
28974,0,0,0,3,2,11,0,0,0,0,0,0
28975,1,20714,0,4,604,1,29701,15775,10568,1,55,188
28976,0,0,0,2,13,79,0,0,0,0,0,0
28977,0,0,1,3,6,1133,0,0,0,5,315568,0
28978,0,0,0,46,43,71,0,1,0,0,0,0
28979,0,0,0,0,0,0,94,176,3,0,0,0
28980,0,0,0,0,1,0,66,466,8,0,0,0
28981,0,0,0,0,0,51,0,0,0,0,0,0
28982,0,3,0,0,0,0,0,0,0,0,0,0
28983,16,160,3,0,0,0,1,0,0,0,0,0
28984,7,27,3,0,0,0,0,0,0,0,0,0
28985,0,0,0,0,0,0,0,0,0,0,0,0
28986,0,0,0,0,0,0,35,78,4,0,0,0
28987,0,0,0,0,0,0,0,0,0,2,118,0
28988,0,0,0,0,0,0,0,0,0,28,0,1
28989,25,7,3,0,0,0,0,0,0,0,0,0
28990,121,14,4,2,0,0,0,0,0,0,0,0
28991,0,0,0,0,0,1,0,0,0,32,2,2
28992,14,62,2,1,0,0,8,0,0,0,0,0
28993,0,133,1,0,0,0,0,0,0,0,0,0
28994,0,0,1,0,0,0,0,0,0,44,2,4
28995,30,34,3,2,0,0,4,0,0,0,0,0
28996,11,26,1,0,0,0,2,0,0,0,0,0
28997,0,0,0,0,0,0,0,0,0,20,2,0
28998,48,142,17,0,0,0,18,0,0,0,0,0
28999,45,77,7,1,0,0,0,0,0,0,0,0
29000,0,3,0,0,49,0,271,1231,1,0,0,0
29001,0,0,0,0,0,0,17,105,0,0,0,0
29002,0,0,1,0,0,1,0,0,0,93,79,0
29003,0,0,1,0,0,0,0,0,0,33,0,0
29004,21,16,2,0,0,0,0,0,0,0,0,0
29005,85,36,57,3,0,0,1,0,0,0,0,0
29006,1,7,5,0,0,0,0,0,0,0,0,0
29007,0,0,0,0,0,0,0,0,0,11,103,1
29008,0,0,0,4,1,20,0,0,0,0,0,0
29009,0,0,0,0,0,0,47,4,0,0,0,0
29010,0,0,0,0,8,21,0,0,0,0,1,0
29011,0,0,0,0,0,0,0,0,0,98,56,1
29012,7,11,2,0,0,0,0,0,0,0,0,0
29013,0,0,0,0,0,4,0,0,9,21,567,84
29014,0,0,0,3,0,62,0,0,0,0,0,0
29015,1,1,1,0,0,0,0,0,0,0,0,0
29016,1,19,1,0,0,0,0,0,0,0,0,0
29017,0,12,0,0,0,0,370,61,18,0,0,0
29018,0,1,4,0,0,0,0,0,0,0,0,0
29019,1,32,2,0,0,0,1,0,0,0,0,0
29020,0,53,1,0,0,0,0,0,0,0,0,0
29021,0,0,0,27,3,23,0,0,0,0,0,0
29022,0,0,0,0,0,0,0,0,0,12,46,0
29023,0,0,0,8,5,62,0,0,0,0,0,0
29024,0,0,0,0,1,0,3,217,0,0,0,0
29025,0,0,0,0,0,0,0,0,0,0,356,1
29026,0,0,0,6,1,125,0,0,0,0,0,0
29027,0,0,0,0,0,0,23,460,1,0,0,0
29028,0,0,0,0,0,0,0,0,0,2,202,0
29029,0,0,0,13,3,79,0,0,0,0,0,0
29030,0,0,0,0,0,0,5,9,2,0,0,0
29031,13,17,19,0,0,0,0,0,0,0,0,0
29032,0,0,0,0,2,0,115,121,5,0,0,0
29033,0,0,0,0,0,0,30,107,8,0,0,0
29034,0,0,0,0,0,0,0,0,0,5,93,0
29035,0,0,0,2,8,55,0,0,0,0,0,0
29036,0,0,0,2,6,6,0,0,0,0,0,0
29037,0,0,0,0,0,0,0,0,0,0,0,0
29038,0,0,0,1,4,54,0,0,0,0,0,0
29039,0,0,0,0,0,0,0,0,0,0,0,0
29040,7,235,2,0,0,0,0,0,0,0,0,0
29041,0,0,0,0,0,0,106,61,22,0,0,0
29042,0,0,1,0,0,0,0,0,0,0,0,0
29043,0,33,0,0,0,0,0,0,0,0,0,0
29044,0,9,0,0,0,0,1259,0,0,0,0,0
29045,0,0,0,0,0,0,0,0,0,2,20,1
29046,0,0,0,0,0,1,0,0,0,15,190,0
29047,0,0,0,11,9,97,0,0,0,0,0,0
29048,0,0,0,0,0,0,0,0,0,9,10,0
29049,0,0,0,0,0,0,5,9,0,0,0,0
29050,0,1,0,0,0,0,943,40,1,0,0,0
29051,0,0,0,0,0,0,0,0,0,1,0,1
29052,51,1,2,0,0,0,0,0,0,0,0,0
29053,16,25,27,0,0,0,0,0,0,0,0,0
29054,0,0,0,0,0,0,0,0,0,0,0,0
29055,0,1,0,0,0,0,0,0,0,0,0,0
29056,0,134,0,0,0,0,1,0,0,0,0,0
29057,0,0,0,0,0,0,0,0,0,0,1,0
29058,0,0,0,0,0,0,0,0,0,0,0,0
29059,0,0,0,1,0,28,0,0,0,0,0,0
29060,7,5,0,0,0,0,0,0,0,0,0,0
29061,0,0,0,0,0,0,0,0,0,12,30,2
29062,0,0,0,54,3,15,0,0,0,0,0,0
29063,0,0,0,0,0,0,2,28,0,0,0,0
29064,0,0,0,0,0,0,0,0,0,0,3,0
29065,0,0,0,0,0,1,0,0,0,13,102,0
29066,2,4,0,0,0,0,0,0,0,0,0,0
29067,0,0,0,0,0,0,0,0,0,4,387,7
29068,0,0,0,0,8,50,0,0,0,0,0,0
29069,0,0,0,0,0,0,0,0,0,0,0,0
29070,5,12,1,0,0,0,0,0,0,0,0,0
29071,0,20,0,0,0,0,0,0,0,0,0,0
29072,0,0,0,0,0,0,40,123,0,0,0,0
29073,0,0,0,0,0,0,0,0,0,0,271,1
29074,64,221,3,0,0,0,0,0,0,0,0,0
29075,0,0,0,2,0,7,0,0,0,0,0,0
29076,0,0,0,0,0,0,0,0,0,0,0,0
29077,0,0,0,0,0,4,0,0,0,1,1546,0
29078,2,4,1,0,0,0,0,0,0,0,0,0
29079,1,20,5,0,0,0,0,0,0,0,0,0
29080,0,0,0,1,1,53,0,0,0,0,0,0
29081,0,0,0,0,7,0,50,727,74,0,0,0
29082,0,0,0,0,0,0,0,0,0,0,0,0
29083,18,23,1,0,0,0,0,0,0,0,0,0
29084,0,33,0,0,0,0,0,0,0,0,0,0
29085,0,0,0,0,0,0,0,0,0,0,1494,0
29086,43,59,0,0,0,0,0,0,0,0,0,0
29087,0,0,0,0,0,0,0,0,0,4,4,0
29088,12,5,0,0,0,0,0,0,0,0,0,0
29089,6,37,2,0,0,0,0,0,0,0,0,0
29090,0,0,0,0,0,0,2,429,0,0,0,0
29091,0,0,0,0,0,0,0,0,0,0,12,0
29092,0,0,0,6,19,20,0,0,0,0,0,0
29093,0,0,0,0,0,2,0,0,0,0,0,0
29094,0,0,0,2,0,0,0,0,0,0,0,0
29095,0,0,0,0,0,33,0,0,0,0,6479,0
29096,0,0,0,0,0,0,2,9,0,0,0,0
29097,0,0,0,0,0,0,0,1,2,0,0,0
29098,0,0,0,0,0,0,0,0,0,30,204,0
29099,0,9,2,0,0,0,0,0,0,0,0,0
29100,0,0,0,0,0,0,38,21,0,0,0,0
29101,1,23,0,0,0,0,0,0,0,0,0,0
29102,0,0,0,0,0,0,0,0,0,0,2,0
29103,0,0,0,0,0,0,0,0,0,0,0,0
29104,0,0,0,0,0,38,0,0,0,0,0,0
29105,0,0,0,0,0,0,0,1,0,0,0,0
29106,0,0,0,0,0,0,0,0,0,0,0,0
29107,0,0,0,2,0,89,0,0,0,0,1,0
29108,0,0,0,0,0,1,0,0,0,10,304,1
29109,0,0,0,0,0,0,0,0,0,966,114,3
29110,134,84,7,0,0,0,2,0,0,0,0,0
29111,0,0,0,0,0,0,1,2,6,0,0,0
29112,31,6,2,0,0,0,0,0,0,0,0,0
29113,1,95,2,0,0,0,0,0,0,0,0,0
29114,0,0,0,0,0,0,0,0,0,55,0,0
29115,70,11,1,0,0,0,0,0,0,0,0,0
29116,19,20,0,0,0,0,0,0,0,0,0,0
29117,2,14,0,0,0,0,0,0,0,0,0,0
29118,0,0,0,0,0,27,0,0,0,17,188,0
29119,0,0,0,0,0,0,0,0,0,98,682,21
29120,0,0,0,0,0,0,0,0,0,9,1,0
29121,20,79,0,0,0,0,0,0,0,0,0,0
29122,4,23,6,0,0,0,0,0,0,0,0,0
29123,0,0,0,0,0,0,1,3,0,0,0,0
29124,0,0,0,0,0,0,1,0,1,0,0,0
29125,14,51,6,0,0,0,0,0,0,0,0,0
29126,0,0,1,0,0,0,0,0,0,0,0,0
29127,1,2,0,0,0,0,0,0,0,0,0,0
29128,0,0,0,0,1,46,0,0,0,0,0,0
29129,0,0,0,0,0,0,0,0,0,0,0,0
29130,0,0,0,0,0,0,0,0,0,0,0,0
29131,0,0,0,0,1,28,0,0,0,0,0,0
29132,0,0,0,0,0,0,0,1,0,0,0,0
29133,0,0,0,0,0,0,1,0,0,0,0,0
29134,0,1,0,0,0,0,382,70,3,0,0,0
29135,0,2,0,0,0,0,579,0,0,0,0,0
29136,0,0,0,0,0,0,0,0,0,0,0,0
29137,0,0,0,0,0,1,0,0,0,0,573,0
29138,0,0,0,0,0,0,0,0,0,15,0,0
29139,19,44,3,0,0,0,0,0,0,0,0,0
29140,0,2,0,0,1,0,404,539,137,0,0,0
29141,0,0,0,0,1,0,8,4,23,0,0,0
29142,4,8,5,0,0,0,0,0,0,0,0,0
29143,2,27,5,0,0,0,0,0,0,0,0,0
29144,0,0,0,0,0,1,0,0,0,3,1584,0
29145,0,0,0,3,0,0,0,0,0,0,0,0
29146,11,22,2,0,0,0,0,0,0,0,0,0
29147,0,25,3,0,0,0,0,0,0,0,0,0
29148,0,0,0,15,0,924,0,0,0,0,13,0
29149,0,0,0,0,0,1,0,0,0,2,1731,1
29150,0,2,2,0,0,0,0,0,0,0,0,0
29151,0,1,0,0,0,0,31,4,0,0,0,0
29152,3,22,5,0,0,0,0,0,0,0,0,0
29153,0,0,0,0,0,0,0,0,0,73,0,0
29154,33,15,0,0,0,0,0,0,0,0,0,0
29155,6,55,7,0,0,0,0,0,0,0,0,0
29156,0,0,0,0,0,0,0,0,0,0,0,0
29157,0,0,0,0,0,0,0,1,0,0,0,0
29158,1,19,14,0,0,0,0,0,0,0,0,0
29159,1,4,0,0,0,0,0,0,0,0,0,0
29160,0,0,0,0,0,2,0,0,0,3,356,6
29161,0,0,0,0,1,30,0,0,0,0,0,0
29162,0,0,0,0,0,0,32,170,21,0,0,0
29163,1,36,24,0,0,0,0,0,0,1,0,0
29164,0,0,0,5,2,93,0,0,0,0,1,0
29165,0,0,0,0,0,42,0,0,0,0,0,0
29166,3,2,0,0,0,0,0,0,0,0,0,0
29167,0,0,0,0,0,2,0,0,0,0,1775,0
29168,0,1,5,0,0,0,0,0,0,0,0,0
29169,6,46,1,0,0,0,0,0,0,0,0,0
29170,3,19,1,0,0,0,0,0,0,0,0,0
29171,0,0,0,0,0,84,0,0,0,3,1836,5
29172,21,54,3,0,0,0,0,0,0,0,0,0
29173,0,0,0,2,19,104,0,0,0,0,0,0
29174,0,0,0,0,0,0,0,0,0,0,0,0
29175,0,0,0,0,0,0,0,2,0,0,0,0
29176,0,0,0,0,0,0,0,1,1,0,0,0
29177,0,0,0,0,0,0,0,0,0,0,67,2
29178,0,0,0,0,0,0,0,0,0,1,1,2
29179,0,4,0,0,17,0,191,2150,23,0,0,0
29180,0,0,0,0,0,0,0,0,0,1,1,0
29181,12,1,1,0,0,0,0,0,0,0,0,0
29182,0,14,0,0,0,0,0,0,0,0,0,0
29183,0,81,1,0,0,0,0,0,0,0,0,0
29184,0,0,0,0,0,0,0,0,0,0,0,0
29185,0,0,0,304,1,30,0,0,0,0,0,0
29186,0,0,0,0,0,0,1,14,0,0,0,0
29187,0,0,0,0,0,0,0,0,0,0,11,0
29188,134,51,2,1,0,0,0,0,0,0,0,0
29189,0,0,0,0,0,0,0,0,0,3,1,1
29190,58,10,0,0,0,0,0,0,0,0,0,0
29191,5,18,5,0,0,0,0,0,0,0,0,0
29192,0,0,0,6,2,51,0,0,0,0,0,0
29193,0,0,0,6,2,0,0,0,0,0,0,0
29194,0,0,0,48,0,2408,0,0,0,0,47,0
29195,0,0,0,0,2,0,1,416,0,0,0,0
29196,0,0,0,0,0,0,0,0,0,0,3,0
29197,0,0,0,0,0,112,0,0,0,15,8501,0
29198,0,0,0,0,0,0,0,0,0,0,0,1
29199,0,0,0,0,0,0,0,0,0,0,26,0
29200,0,0,0,0,0,14,0,0,0,12,1815,11
29201,14,54,0,0,0,0,0,0,0,0,0,0
29202,0,0,0,0,0,0,51,30,1,0,0,0
29203,0,0,0,0,0,4,0,0,0,0,243,0
29204,0,0,0,0,0,0,54,25,2,0,0,0
29205,0,0,0,0,0,0,0,0,0,0,32,2
29206,0,0,0,49,34,45,0,0,0,0,0,0
29207,0,0,0,0,2,1,0,0,0,0,0,0
29208,0,0,0,0,0,0,0,0,0,0,6,0
29209,61,152,6,0,0,0,1,1,0,0,0,0
29210,0,0,0,0,0,0,0,91,0,0,0,0
29211,0,0,0,0,0,0,0,0,0,0,2,1
29212,0,2,0,0,2,0,346,311,25,0,0,0
29213,0,0,0,0,0,0,0,0,0,0,0,0
29214,0,0,0,0,0,0,0,0,0,0,0,0
29215,0,0,0,0,0,0,0,0,0,0,214,0
29216,0,0,0,0,0,0,0,0,0,0,0,0
29217,0,0,0,1,0,0,0,0,0,0,0,0
29218,0,0,0,0,0,1,0,0,0,0,1168,0
29219,0,0,0,0,0,0,0,0,0,0,0,0
29220,0,0,0,0,0,0,5,3,0,0,0,0
29221,27,16,9,0,0,0,0,0,0,0,0,0
29222,5,29,4,0,0,0,0,0,0,0,0,0
29223,0,0,0,0,1,26,0,0,0,0,0,0
29224,0,0,0,0,0,0,20,58,3,0,0,0
29225,0,0,0,0,5,0,0,0,0,0,0,0
29226,0,0,0,0,0,0,0,0,0,1,0,0
29227,0,1,0,0,44,0,204,3602,4,0,0,0
29228,0,0,0,0,0,0,0,0,0,1,12,0
29229,0,0,0,0,0,0,150,2,0,0,0,0
29230,0,0,0,0,0,1,0,0,0,1,156,0
29231,32,36,3,0,0,0,0,0,0,0,0,0
29232,0,0,0,0,0,1,0,0,0,0,0,0
29233,1,0,0,36,3,29,0,0,0,0,0,0
29234,0,0,0,0,0,0,48,34,2,0,0,0
29235,0,0,0,0,0,0,103,42,2,0,0,0
29236,0,0,0,0,0,0,0,0,0,5,137,1
29237,9,71,4,0,0,0,0,0,0,0,0,0
29238,0,0,0,7,0,24,0,0,0,0,0,0
29239,0,0,0,0,1,0,141,122,9,0,0,0
29240,0,0,0,0,0,0,41,1,1,0,0,0
29241,3,14,12,0,0,0,0,0,0,0,0,0
29242,29,28,2,0,0,0,0,0,0,0,0,0
29243,0,1,0,0,0,0,45,11,1,0,0,0
29244,0,0,0,0,1,34,0,0,0,0,0,0
29245,0,0,0,0,0,0,0,0,0,7,78,0
29246,2,8,0,0,0,0,0,0,0,0,0,0
29247,0,0,0,0,0,2,0,0,0,6,699,4
29248,4,31,3,0,0,0,0,0,0,0,0,0
29249,0,0,0,0,0,13,0,0,0,13,1226,1
29250,0,0,0,0,0,0,0,0,0,74,529,54
29251,0,0,0,13,8,110,0,0,0,0,0,0
29252,0,0,0,1,5,7,0,0,0,0,0,0
29253,0,0,0,0,0,31,0,0,0,0,3123,7
29254,0,3,0,0,16,0,585,2473,26,0,0,0
29255,0,0,0,0,0,0,16,3,0,0,0,0
29256,0,0,0,0,0,0,6,16,4,0,0,0
29257,18,38,21,0,0,0,0,0,0,0,0,0
29258,0,28,1,0,0,0,0,0,0,0,0,0
29259,0,0,0,0,0,0,0,0,0,0,37,0
29260,0,0,0,0,6,0,164,1215,81,0,0,0
29261,0,0,0,0,0,3,0,0,0,0,0,0
29262,0,0,0,0,1,0,0,164,0,0,0,0
29263,0,0,0,0,0,0,0,14,1,0,0,0
29264,0,0,0,0,0,27,0,0,0,0,0,0
29265,0,0,0,0,0,2,0,0,0,0,0,0
29266,0,13,0,0,1,0,2779,174,26,0,0,0
29267,2,13,1,0,0,0,0,0,0,0,0,0
29268,0,0,0,0,0,0,0,0,0,3,94,10
29269,0,0,0,0,0,0,0,0,0,103,180,2
29270,0,0,0,0,0,5,0,0,0,0,0,0
29271,1,0,0,0,0,0,0,0,0,0,0,0
29272,0,0,0,0,0,22,0,0,0,0,5556,0
29273,9,31,0,0,0,0,0,0,0,0,0,0
29274,0,0,0,0,0,2,0,0,0,29,1521,42
29275,4,31,1,0,0,0,0,0,0,0,0,0
29276,0,0,0,0,0,0,0,0,0,0,0,0
29277,0,0,0,0,0,0,0,0,0,0,0,0
29278,0,0,0,0,27,7,0,0,0,0,0,0
29279,0,0,0,0,0,0,26,61,0,0,0,0
29280,0,0,0,0,0,0,0,0,0,1,231,0
29281,0,0,0,0,0,0,0,0,0,5,370,6
29282,69,91,6,0,0,0,1,0,0,0,0,0
29283,0,0,0,0,0,7,0,0,0,0,0,0
29284,0,0,0,0,0,6,0,0,0,19,2044,3
29285,0,0,0,0,0,0,0,0,0,0,0,0
29286,1,10,1,0,0,0,1,0,0,0,0,0
29287,2,31,1,0,0,0,0,0,0,0,0,0
29288,0,0,0,1,4,210,0,0,0,0,2,0
29289,0,0,0,0,6,1,0,0,0,0,0,0
29290,0,0,0,0,0,0,75,33,2,0,0,0
29291,0,0,0,0,0,0,83,19,0,0,0,0
29292,2,11,3,0,0,0,0,0,0,0,0,0
29293,0,0,0,9,1,40,0,0,0,0,0,0
29294,0,0,0,0,0,0,23,52,26,0,0,1
29295,11,7,2,0,0,0,0,0,0,0,0,0
29296,0,0,0,0,0,6,0,0,0,11,1753,3
29297,1,1,1,0,0,0,0,0,0,0,0,0
29298,2,18,3,0,0,0,0,0,0,0,0,0
29299,3,50,1,0,0,0,0,0,0,0,0,0
29300,0,0,0,0,0,0,33,103,582,0,0,12
29301,10,746,6,0,0,0,6,0,0,0,0,0
29302,0,0,0,0,5,235,0,0,0,0,1,0
29303,0,0,0,0,0,2,0,0,0,7,242,0
29304,0,0,0,0,0,0,0,0,0,10,74,0
29305,155,31,5,0,0,0,0,0,0,0,0,0
29306,3,3,1,0,0,0,0,0,0,0,0,0
29307,3,35,11,0,0,0,0,0,0,0,0,0
29308,0,0,0,8,1,27,0,0,0,0,0,0
29309,0,0,0,0,0,6,0,0,0,0,0,0
29310,0,0,0,0,0,1,0,0,0,0,0,0
29311,0,0,0,0,0,32,0,0,0,1,2913,6
29312,0,0,0,0,0,0,0,0,0,0,0,0
29313,0,14,0,0,0,0,0,0,0,0,0,0
29314,3,13,6,0,0,0,0,0,0,0,0,0
29315,0,0,0,0,0,0,40,263,335,0,0,1
29316,1,30,0,0,0,0,0,0,0,0,0,0
29317,0,0,0,0,3,515,0,0,0,0,6,0
29318,0,0,0,0,0,0,0,0,0,1,0,1
29319,20,12,0,0,0,0,0,0,0,0,0,0
29320,1,7,14,0,0,0,0,0,0,0,0,0
29321,0,0,0,0,0,0,12,426,7,0,0,0
29322,0,0,0,1,3,20,0,0,0,0,0,0
29323,0,0,0,0,0,0,0,0,0,0,50,1
29324,7,55,1,0,0,0,0,0,0,0,0,0
29325,0,0,0,1,1,9,0,0,0,0,0,0
29326,0,0,0,9,8,28,0,0,0,0,0,0
29327,0,0,0,1,1,10,0,0,0,0,0,0
29328,0,0,0,0,0,1,0,0,0,0,0,0
29329,0,0,0,0,0,0,58,60,0,0,0,0
29330,0,0,0,0,0,0,0,0,0,27,73,2
29331,0,0,0,0,0,0,0,0,0,0,0,0
29332,0,0,0,0,7,0,42,1182,1,0,0,0
29333,6,4,8,0,0,0,0,0,0,0,0,0
29334,0,23,172,0,0,0,0,0,0,9,0,0
29335,0,0,0,0,0,92,0,0,0,0,0,0
29336,0,4,0,0,0,0,0,0,0,0,0,0
29337,26,12,0,0,0,0,0,0,0,0,0,0
29338,0,0,0,0,0,0,5,20,1,0,0,0
29339,0,0,0,0,0,0,0,0,0,1,0,0
29340,0,0,0,0,0,0,0,0,0,0,0,0
29341,0,0,0,0,0,52,0,0,0,0,0,0
29342,0,39,0,0,0,0,0,0,0,0,0,0
29343,0,0,0,0,0,3,0,0,0,0,0,0
29344,0,0,0,23,0,25,0,0,0,0,0,0
29345,0,0,0,0,0,0,213,1,0,0,0,0
29346,0,1,1,0,0,0,0,0,0,0,0,0
29347,0,0,0,0,0,1,0,0,0,2,620,1
29348,0,0,0,0,1,0,84,817,0,0,0,0
29349,0,0,0,0,0,0,0,0,0,0,34,0
29350,78,49,5,0,0,0,0,0,0,0,0,0
29351,0,0,0,0,0,21,0,0,0,0,0,0
29352,0,0,0,0,0,0,0,0,0,0,0,0
29353,0,0,0,0,0,9,0,0,0,0,1905,0
29354,1,2,1,0,0,0,0,0,0,0,0,0
29355,1,15,3,0,0,0,0,0,0,0,0,0
29356,2,13,4,0,0,0,0,0,0,0,0,0
29357,2,346,3,0,0,0,2,0,0,0,0,0
29358,0,0,0,0,0,38,0,0,0,123,1845,4
29359,8,11,8,0,0,0,0,0,0,0,0,0
29360,0,0,0,13,2,40,0,0,0,0,0,0
29361,0,0,0,3,0,14,0,0,0,0,0,0
29362,0,0,0,0,0,4231,0,0,0,17,28880,0
29363,0,0,0,0,0,41,0,0,0,14,928,3
29364,0,0,0,0,0,146,0,0,0,23,1447,1
29365,8,16,4,0,0,0,0,0,0,0,0,0
29366,0,0,1,0,0,870,0,0,0,37,4370,9
29367,0,0,0,0,0,63,0,0,7,21,1223,78
29368,104,45,14,0,0,0,0,0,0,0,0,0
29369,3,96,164,0,0,0,9,0,0,3,0,0
29370,0,0,0,0,0,357,0,0,0,8,2868,28
29371,8,41,7,0,0,0,0,0,0,0,0,0
29372,0,0,0,0,0,0,8,1,38,0,0,0
29373,10,39,11,0,0,0,0,0,0,0,0,0
29374,0,2,0,0,0,0,418,200,5,0,0,0
29375,0,0,0,0,0,2,0,0,0,13,344,0
29376,0,0,0,0,0,2,0,0,1,49,124,56
29377,22,0,46,2275,3,65,0,0,0,0,0,0
29378,0,1,4,0,0,0,0,0,0,0,0,0
29379,19,73,3,0,0,0,0,0,0,0,0,0
29380,3,86,3,0,0,0,1,0,0,0,0,0
29381,0,14,5,0,0,0,0,0,0,0,0,0
29382,10,18,2,0,0,0,0,0,0,0,0,0
29383,0,1,0,0,0,0,127,115,14,0,0,0
29384,0,0,0,0,24,0,80,2052,0,0,0,0
29385,21,47,5,0,0,0,0,0,0,0,0,0
29386,0,0,0,3,0,17,0,0,0,163,2602,0
29387,0,2,1,0,0,0,0,0,0,0,0,0
29388,1,9,10,0,0,0,0,0,0,0,0,0
29389,15,26,13,0,0,0,0,0,0,0,0,0
29390,0,9,7,0,0,0,0,0,0,0,0,0
29391,11,73,3,0,0,0,0,0,0,0,0,0
29392,0,0,0,0,1,0,57,771,101,0,0,0
29393,0,8,8,0,0,0,0,0,0,0,0,0
29394,3,22,10,0,0,0,0,0,0,0,0,0
29395,0,0,0,0,0,0,146,209,52,0,0,0
29396,0,5,11,0,0,0,0,0,0,1,0,0
29397,2,61,4,0,0,0,1,0,0,0,0,0
29398,0,0,0,0,7,0,67,51,0,0,0,0
29399,1,161,0,0,0,0,10548,44,1,0,0,0
29400,0,0,0,0,0,4,0,0,0,1,569,3
29401,0,0,0,6,0,380,0,0,0,0,2,0
29402,0,0,0,0,1081,6,18,91650,11,0,0,0
29403,11,312,44,0,0,0,2,0,0,0,0,0
29404,0,0,0,5,1,82,0,0,0,0,0,0
29405,0,0,0,0,0,0,13,0,2249,0,0,17
29406,219,37,39,0,0,0,0,0,0,0,0,0
29407,45,75,3,4,0,0,0,0,0,0,0,0
29408,0,27,3,0,0,0,0,0,0,0,0,0
29409,0,0,0,0,0,43,0,0,0,58,2035,41
29410,0,0,0,7,25,115,0,0,0,0,0,0
29411,0,0,0,0,1,1,0,0,0,1,147,6
29412,262,50,3,2,0,0,0,0,0,0,0,0
29413,16,110,9,0,0,0,3,0,0,0,0,0
29414,0,0,0,0,0,0,129,105,0,0,0,0
29415,0,0,0,0,0,0,0,0,0,3,118,0
29416,0,0,0,0,0,0,0,0,0,39,123,3
29417,0,0,0,1,3,30,0,0,0,0,0,0
29418,0,0,0,0,0,89,0,0,0,0,0,0
29419,0,18,0,0,0,0,0,0,0,0,0,0
29420,0,0,0,0,0,11,0,0,2,4,1410,788
29421,0,0,0,0,0,15,0,0,0,36,2556,4
29422,1,1,0,0,20,0,253,4217,11,0,0,0
29423,0,0,0,0,0,0,0,0,0,2,1,0
29424,35,13,3,0,0,0,0,0,0,0,0,0
29425,0,0,0,0,0,0,0,0,0,0,0,0
29426,0,13,34,0,0,0,0,0,0,0,0,0
29427,0,23,0,0,2,0,2640,189,28,0,0,0
29428,0,50,6,0,0,0,0,0,0,0,0,0
29429,0,0,0,0,0,0,0,0,0,1,9,7
29430,25,3,1,0,0,0,0,0,0,0,0,0
29431,0,0,0,0,0,0,61,100,6,0,0,0
29432,0,8,5,0,0,0,0,0,0,0,0,0
29433,4,301,2,0,0,0,0,0,0,0,0,0
29434,6,1,0,1,1,0,63,112,17,0,0,5
29435,1,1,8,0,0,0,0,0,0,0,0,0
29436,7,22,7,0,0,0,0,0,0,0,0,0
29437,1,45,1,0,0,0,0,0,0,0,0,0
29438,0,0,0,0,0,0,0,0,0,7,2,5
29439,2689,13,1,18,0,0,1,0,0,0,0,0
29440,0,0,0,0,3,0,490,1310,61,0,0,0
29441,0,0,0,0,0,0,0,0,0,34,1,5
29442,50,9,4,0,0,0,0,0,0,0,0,0
29443,25,16,9,0,0,0,0,0,0,0,0,0
29444,1,24,2,0,0,0,0,0,0,0,0,0
29445,0,0,0,0,1,29,0,0,0,13,5725,1
29446,0,0,0,12,5,17,0,0,0,0,0,0
29447,0,0,0,0,0,0,9,259,6,0,0,0
29448,0,0,0,0,0,5,0,0,0,0,0,0
29449,0,0,0,0,40,0,17,1435,38,0,0,0
29450,0,5,3,0,0,0,0,0,0,0,0,0
29451,0,0,0,0,0,7,0,0,0,2,586,0
29452,0,0,0,4,4,50,0,0,0,0,1,0
29453,0,0,0,0,0,0,0,0,0,4,9,1
29454,0,0,0,0,0,0,0,0,0,0,0,0
29455,0,0,0,3,7,51,0,0,0,0,1,0
29456,0,0,0,0,0,0,0,0,0,1,97,0
29457,0,0,0,0,1,7,0,0,0,0,0,0
29458,0,0,0,0,7,33,0,0,0,0,0,0
29459,0,0,0,0,0,0,0,0,0,2,52,0
29460,0,0,0,0,0,0,0,0,0,5,0,2
29461,0,0,0,48,17,82,0,0,0,0,7,0
29462,0,0,0,0,0,0,9,65,6,0,0,0
29463,0,0,0,0,0,0,0,0,0,5,33,3
29464,0,0,0,15,3,168,0,0,0,0,0,0
29465,0,0,0,0,3,0,44,236,2,0,0,0
29466,0,0,0,0,0,25,0,0,0,0,4433,1
29467,14,28,9,0,0,0,0,0,0,0,0,0
29468,0,1,0,0,1,0,252,474,150,0,1,0
29469,11,5,40,0,0,0,0,0,0,0,0,0
29470,0,0,0,6,3,81,0,0,0,0,0,0
29471,0,0,0,5,3,149,0,0,0,0,1,0
29472,0,0,0,0,1,1,0,0,0,0,0,0
29473,0,0,0,0,0,0,95,11,6,0,0,0
29474,0,0,0,0,8,0,48,1847,19,0,0,0
29475,1,8,38,0,0,0,0,0,0,0,0,0
29476,0,0,0,0,1,27,0,0,0,0,0,0
29477,0,0,0,0,10,0,16,1308,214,0,0,0
29478,66,56,40,7,0,0,0,0,0,0,0,0
29479,0,0,0,4,4,95,0,0,0,0,0,0
29480,0,0,0,0,23,1,0,1,0,0,0,0
29481,0,0,0,0,0,0,0,0,0,0,0,0
29482,0,0,0,0,0,1,0,0,0,0,399,0
29483,0,0,0,0,6,0,0,0,0,0,0,0
29484,0,0,0,0,0,0,0,0,0,1,1,0
29485,0,0,0,0,0,0,0,0,0,0,212,3
29486,25,0,0,0,0,0,0,0,0,0,0,0
29487,5,89,0,0,0,0,0,0,0,0,0,0
29488,4,60,0,0,0,0,0,0,0,0,0,0
29489,0,0,0,0,0,0,0,0,0,2,0,1
29490,4,14,0,0,0,0,0,0,0,0,0,0
29491,1,70,3,0,0,0,0,0,0,0,0,0
29492,0,0,0,0,0,45,0,0,0,0,0,0
29493,0,0,0,0,0,1,0,0,0,0,0,0
29494,0,0,0,0,0,0,30,1,1,0,0,0
29495,0,0,0,0,0,0,0,0,0,0,2,0
29496,2,7,0,0,0,0,0,0,0,0,0,0
29497,0,37,0,0,0,0,0,0,0,0,0,0
29498,0,0,0,0,0,0,0,0,0,29,2,2
29499,206,48,0,4,0,0,0,0,0,0,0,0
29500,5,658,10,0,0,0,2,0,0,0,0,0
29501,0,0,0,2,22,0,0,0,0,0,0,0
29502,0,0,0,0,0,0,0,0,0,0,31,0
29503,0,0,1,0,0,0,0,0,0,12,89,74
29504,12,0,11,0,0,0,0,0,0,1,0,0
29505,0,0,0,0,0,1,0,0,0,0,0,0
29506,0,0,0,0,0,0,4,19,0,0,0,0
29507,2,8,5,0,0,0,0,0,0,0,0,0
29508,0,0,0,0,0,0,151,219,3,0,0,0
29509,0,0,0,0,0,9,0,0,0,13,2085,3
29510,14,37,139,0,0,0,0,0,0,0,0,0
29511,0,0,0,0,9,0,23,1507,8,0,0,0
29512,0,0,0,10,11,48,0,0,0,0,0,0
29513,0,0,0,0,19,0,27,1037,8,0,0,0
29514,0,0,4,0,0,1,0,0,0,10,356,2
29515,0,0,0,53,5,87,0,0,0,0,0,0
29516,0,1,0,0,0,0,63,0,19,0,0,0
29517,4,59,8,0,0,0,0,0,0,0,0,0
29518,0,0,0,0,0,2,0,0,0,20,1084,1
29519,0,0,0,5,8,5,0,0,0,0,0,0
29520,0,0,0,0,0,0,0,0,0,0,427,1
29521,151,62,1,0,0,0,0,0,0,0,0,0
29522,3,11,1,0,0,0,0,0,0,0,0,0
29523,0,0,0,0,0,0,0,0,0,7,296,2
29524,1,0,0,40,10,3183,0,0,0,0,16,0
29525,0,0,0,0,0,0,0,0,0,6,32,6
29526,98,87,6,0,0,0,0,0,0,0,0,0
29527,0,1,0,0,26,0,107,3258,9,0,0,0
29528,0,1,0,0,0,0,59,76,5,0,0,0
29529,0,0,0,0,0,0,0,0,0,0,13,0
29530,0,0,0,0,0,1,0,0,0,40,396,11
29531,0,0,0,0,0,0,0,0,0,0,0,0
29532,0,10,0,0,0,0,0,0,0,0,0,0
29533,0,27,0,0,0,0,0,0,0,0,0,0
29534,0,23,0,0,0,0,0,0,0,0,0,0
29535,0,0,0,0,0,7,0,0,0,16,892,2
29536,0,0,0,3,3,39,0,0,0,0,0,0
29537,0,0,0,0,0,0,0,0,0,2,85,1
29538,43,43,4,0,0,0,0,0,0,0,0,0
29539,0,0,0,3,0,47,0,0,0,0,0,0
29540,0,7,0,0,1,0,795,121,1,0,0,0
29541,0,0,0,0,0,5,0,0,0,7,1575,5
29542,86,82,5,0,0,0,0,0,0,0,0,0
29543,0,0,0,0,189,0,141,5141,547,0,1,3
29544,7,20,5,0,0,0,0,0,0,0,0,0
29545,0,0,0,0,0,0,0,0,0,138,827,0
29546,0,0,1,0,0,0,0,0,0,189,894,2
29547,16,47,8,0,0,0,1,0,0,0,0,0
29548,0,0,0,0,0,0,0,0,0,5,198,2
29549,19,25,2,0,0,0,0,0,0,0,0,0
29550,0,0,0,0,0,0,0,0,0,2,217,0
29551,58,35,1,0,0,0,0,0,0,0,0,0
29552,2,98,1,0,0,0,0,0,0,0,0,0
29553,0,0,0,0,0,0,0,0,0,0,0,0
29554,0,0,0,0,5,0,50,636,9,0,0,0
29555,0,0,0,0,0,19,0,0,0,7,3346,2
29556,45,16,3,0,0,0,0,0,0,0,0,0
29557,0,0,0,0,3,0,10,992,10,0,0,0
29558,7,75,10,0,0,0,0,0,0,0,0,0
29559,0,0,0,46,0,20,0,0,0,0,0,0
29560,0,0,0,0,0,0,56,69,0,0,0,0
29561,0,0,0,0,0,0,0,1,0,0,0,0
29562,0,0,0,0,0,0,28,2,0,0,0,0
29563,0,0,0,0,0,0,0,0,0,1,26,0
29564,0,0,0,0,0,11,0,0,0,0,0,0
29565,0,120,3,0,0,0,0,0,0,0,0,0
29566,0,0,0,6,0,117,0,0,0,0,0,0
29567,3,724,54,0,0,0,1,0,0,0,0,0
29568,0,0,0,0,0,70,0,0,0,0,0,0
29569,3,12,0,0,0,0,0,0,0,0,0,0
29570,8,18,1,0,0,0,0,0,0,0,0,0
29571,2,17,0,0,0,0,0,0,0,0,0,0
29572,0,0,0,0,0,0,0,0,0,6,119,0
29573,0,0,0,0,0,0,74,35,4,0,0,0
29574,0,0,0,0,3,4,0,0,0,0,0,0
29575,0,0,0,55,12,34,0,0,0,0,0,0
29576,0,0,0,1,2,5,0,0,0,0,0,0
29577,0,0,0,0,8,19,0,0,0,0,0,0
29578,0,0,0,0,0,0,0,0,0,33,104,0
29579,0,0,0,0,0,0,24,149,3,0,0,0
29580,0,0,0,0,0,2,0,0,0,80,905,6
29581,0,0,0,3,4,100,0,0,0,0,81,0
29582,0,0,0,7,3,21,0,0,0,0,0,0
29583,0,0,0,2,1,55,0,0,0,0,0,0
29584,0,0,0,1,3,24,0,0,0,0,0,0
29585,0,0,0,0,0,5,0,0,0,10,2387,4
29586,0,0,0,0,0,19,0,0,0,9,1849,1
29587,0,0,0,0,0,0,118,76,0,0,0,0
29588,0,0,0,0,0,76,0,0,0,0,0,0
29589,0,0,0,7,1,245,0,0,0,0,0,0
29590,0,0,0,3,0,14,0,0,0,0,0,0
29591,0,17,0,0,0,0,0,0,0,0,0,0
29592,0,0,0,0,0,0,0,0,0,3,218,0
29593,0,0,0,0,0,0,65,82,1,0,0,0
29594,0,0,0,0,0,0,0,0,0,0,0,0
29595,0,0,0,0,2,23,0,0,0,0,0,0
29596,6,135,0,0,0,0,0,0,0,0,0,0
29597,0,0,0,0,0,46,0,0,0,0,0,0
29598,8,35,0,0,0,0,0,0,0,0,0,0
29599,0,0,0,0,1,30,0,0,0,0,0,0
29600,6,92,0,0,0,0,0,0,0,0,0,0
29601,0,0,0,0,0,0,0,2,0,0,0,0
29602,0,0,0,0,0,17,0,0,0,0,0,0
29603,0,0,0,0,0,0,0,0,0,0,5,0
29604,0,0,0,0,0,333,0,0,0,0,0,0
29605,3,0,0,0,0,0,0,0,0,0,0,0
29606,0,0,0,0,0,0,0,0,0,1,86,0
29607,0,0,0,0,0,87,0,0,0,0,0,0
29608,0,0,0,0,0,0,0,0,0,0,65,0
29609,0,0,0,1,0,8,0,0,0,0,0,0
29610,0,0,0,0,0,3,0,0,0,0,0,0
29611,0,0,0,0,0,0,1,2,0,0,0,0
29612,0,0,0,0,0,4,0,0,0,0,0,0
29613,0,0,0,0,0,0,0,9,1,0,0,0
29614,0,0,0,0,0,34,0,0,0,2,3902,0
29615,16,27,5,0,0,0,0,0,0,0,0,0
29616,0,0,0,0,0,0,6,83,23,0,0,0
29617,0,196,25,0,0,0,0,0,0,0,0,0
29618,7,33,2,0,0,0,0,0,0,0,0,0
29619,0,0,0,31,0,5,0,0,0,0,0,0
29620,0,0,0,0,0,0,1,101,65,0,0,0
29621,8,34,8,0,0,0,0,0,0,0,0,0
29622,19,55,7,0,0,0,0,0,0,0,0,0
29623,0,0,0,6,3,43,0,0,0,0,0,0
29624,0,0,0,3,2,69,0,0,0,0,0,0
29625,0,0,0,0,0,3,0,0,0,0,654,0
29626,0,0,0,0,2,13,0,0,0,0,0,0
29627,0,0,0,0,0,1,0,0,0,12,1032,5
29628,0,0,0,0,2,0,104,510,14,0,3,0
29629,0,0,0,0,0,7,0,0,0,0,0,0
29630,11,48,0,0,0,0,2,0,0,0,0,0
29631,2,26,0,0,0,0,0,0,0,0,0,0
29632,0,0,0,0,0,96,0,0,0,36,2138,0
29633,0,0,0,1,0,68,0,0,0,0,0,0
29634,1,22,0,0,0,0,0,0,0,0,0,0
29635,0,0,0,0,0,1,0,0,0,1,594,2
29636,24,34,0,0,0,0,0,0,0,0,0,0
29637,0,0,0,25,5,85,0,0,0,0,1,0
29638,10,15,2,0,0,0,0,0,0,0,0,0
29639,0,0,0,0,0,0,1,95,6,0,0,0
29640,0,0,0,0,0,2,0,0,0,0,931,0
29641,5,28,1,0,0,0,2,0,0,0,0,0
29642,0,0,0,0,0,4,0,0,0,0,1916,1
29643,39,22,2,0,0,0,0,0,0,0,0,0
29644,16,67,9,0,0,0,0,0,0,0,0,0
29645,0,0,0,0,247,1,37,47755,32,0,0,0
29646,0,0,0,0,0,16,0,0,0,0,0,0
29647,2,106,0,0,0,0,0,0,0,0,0,0
29648,0,0,0,0,0,0,52,604,43,0,0,0
29649,23,55,6,0,0,0,0,0,0,0,0,0
29650,0,0,0,0,1,20,0,0,0,0,0,0
29651,0,0,0,0,0,0,19,44,0,0,0,0
29652,0,0,0,0,0,12,0,0,0,0,0,0
29653,12,34,1,0,0,0,0,0,0,0,0,0
29654,0,0,0,0,0,0,17,44,0,0,0,0
29655,1,0,0,22,1,17,0,0,0,0,0,0
29656,0,0,0,0,2,32,0,0,0,0,0,0
29657,17,18,0,0,0,0,0,0,0,0,0,0
29658,1,0,1,0,0,0,0,0,0,0,0,0
29659,0,0,0,0,0,3,0,0,0,3,449,2
29660,0,0,0,27,3,12,0,0,0,0,0,0
29661,0,0,0,1,4,116,0,0,0,0,1,0
29662,0,0,0,2,1,5,0,0,0,0,0,0
29663,10,26,0,0,0,0,1,0,0,0,0,0
29664,1,9,1,0,0,0,0,0,0,0,0,0
29665,0,0,0,1,16,52,0,0,0,0,0,0
29666,0,0,0,0,0,11,0,0,0,64,1386,6
29667,0,0,0,5,15,8,0,0,0,0,0,0
29668,0,0,0,0,0,3,0,0,0,1,397,0
29669,10,24,0,0,0,0,0,0,0,0,0,0
29670,0,0,0,0,0,2,0,0,0,0,471,1
29671,15,9,1,0,0,0,0,0,0,0,0,0
29672,0,0,0,0,0,12,0,0,0,0,2,0
29673,25,8,0,2,0,0,0,0,0,0,0,0
29674,0,0,0,0,0,0,61,43,1,0,0,0
29675,0,0,0,0,0,3,0,0,0,2,535,0
29676,42,11,1,0,0,0,0,0,0,0,0,0
29677,9,16,5,0,0,0,0,0,0,0,0,0
29678,0,0,0,0,4,32,0,0,0,0,1,0
29679,0,0,0,0,0,2,0,0,0,2,773,0
29680,0,0,0,3,8,52,0,0,0,0,0,0
29681,0,0,0,5,0,56,0,0,0,0,0,0
29682,0,0,0,5,0,37,0,0,0,0,0,0
29683,141,9,1,0,0,0,0,0,0,0,0,0
29684,11,39,5,0,0,0,0,0,0,0,0,0
29685,0,0,0,35,271,456,0,4,0,0,2,0
29686,0,0,0,0,0,16,0,0,4,22,1825,419
29687,14,51,39,0,0,0,0,0,0,0,0,0
29688,0,0,0,0,12,0,21,1133,123,0,0,1
29689,0,0,0,1,2,14,0,0,0,0,0,0
29690,0,1,0,0,3,0,53,1031,21,0,0,0
29691,0,0,0,6,4,52,0,0,0,0,0,0
29692,0,0,0,0,4,0,33,1062,92,0,0,1
29693,0,0,0,2,1,147,0,0,0,0,1,0
29694,9,25,3,1,0,0,0,0,0,0,0,0
29695,4,11,1,0,0,0,0,0,0,0,0,0
29696,0,0,0,0,0,0,0,0,0,9,171,2
29697,13,17,4,0,0,0,0,0,0,0,0,0
29698,0,0,0,17,31,51,0,0,0,0,0,0
29699,0,0,0,2,0,7,0,0,0,0,0,0
29700,13,4741,8,0,0,0,49,0,0,0,0,0
29701,0,1,0,0,1,0,272,109,2,0,0,0
29702,0,0,0,0,1,0,236,101,0,0,0,0
29703,0,0,0,0,0,0,30,141,2,0,0,0
29704,2,6,2,0,0,0,0,0,0,0,0,0
29705,0,0,0,0,0,0,2,636,5,0,0,0
29706,0,0,0,0,23,0,127,2143,286,0,0,5
29707,1,51,11,0,0,0,5,0,0,0,0,0
29708,0,0,0,0,0,18,0,0,0,49,1146,9
29709,0,0,0,6,9,29,0,0,0,0,0,0
29710,2,0,0,99,1,3140,0,0,0,0,33,0
29711,0,18,0,0,9,0,398,981,77,0,0,2
29712,31,18,10,1,0,0,0,0,0,0,0,0
29713,1,9,2,0,0,0,0,0,0,0,0,0
29714,8,3,0,0,0,0,0,0,0,0,0,0
29715,0,0,0,0,12,0,45,1045,5,0,0,0
29716,11,44,6,0,0,0,0,0,0,0,0,0
29717,0,2,0,0,1,0,580,92,3,0,0,0
29718,0,0,0,0,0,2,0,0,0,45,257,0
29719,0,0,0,0,0,33,0,0,0,18,2697,5
29720,7,26,1,0,0,0,0,0,0,0,0,0
29721,0,0,0,0,0,5,0,0,0,18,657,8
29722,0,0,0,0,0,18,0,0,0,13,1245,15
29723,95,53,10,2,0,0,0,0,0,0,0,0
29724,0,0,0,1,0,2,0,0,0,98,772,3
29725,21,177,1,0,0,0,2,0,0,0,0,0
29726,0,0,0,14,8,58,0,0,0,0,0,0
29727,0,0,0,1,8,26,0,0,0,0,0,0
29728,1,0,0,173,252,21,0,30,0,0,2,0
29729,0,0,0,16,69,83,0,1,0,0,2,0
29730,0,0,0,0,0,3,0,0,1,73,775,184
29731,93,98,7,2,0,0,0,0,0,0,0,0
29732,0,0,0,0,0,2,0,0,0,32,417,33
29733,0,0,0,0,0,22,0,0,1,93,2285,9
29734,0,2,0,0,5,0,304,817,6085,0,64,110
29735,120,161,37,0,0,0,0,0,0,0,0,0
29736,0,15,0,0,8,0,279,1239,424,0,1,1
29737,0,2,0,0,6,0,490,1012,154,0,0,0
29738,0,0,44,0,0,13,0,0,0,1575,1374,18
29739,0,0,0,0,0,5,0,0,0,12,869,27
29740,38,149,15,0,0,0,1,0,0,0,0,0
29741,2,0,0,0,0,40,0,0,4,66,1106,51
29742,0,68,0,3,525,4,1629,76248,128,0,0,0
29743,2,0,0,0,0,6,0,0,0,130,2104,11
29744,0,3,0,0,0,0,703,622,34,0,0,1
29745,0,1,0,0,3,0,228,901,62,0,0,0
29746,42,22,17,0,0,0,0,0,0,0,0,0
29747,0,13,0,0,34,0,195,2132,61,0,0,1
29748,2,0,0,37,42,424,0,10,0,0,4,0
29749,25,37,5,0,0,0,2,0,0,0,0,0
29750,0,0,1,0,0,16,0,0,1,19,2407,72
29751,0,3,0,0,21,0,677,2163,771,0,1,1
29752,89,192,10,0,0,0,2,0,0,0,0,0
29753,0,0,0,10,38,305,0,1,0,0,1,0
29754,0,0,0,0,0,70,0,0,0,38,3012,11
29755,0,0,0,0,3,0,82,704,114,0,0,0
29756,40,37,11,6,0,0,0,0,0,0,0,0
29757,0,0,0,0,9,0,36,649,1,0,0,0
29758,4,0,0,33,22,28,0,1,0,0,0,0
29759,0,0,0,0,4,0,133,705,18,0,0,0
29760,0,0,0,83,90,710,0,0,0,0,3,0
29761,19,52,28,1,0,0,3,0,0,0,0,0
29762,3,0,0,0,0,11,0,0,0,14,1157,55
29763,35,48,7,0,0,0,0,0,0,0,0,0
29764,2,229,0,0,33,0,8337,1524,71,0,0,3
29765,0,0,0,15,10,107,0,0,0,0,0,0
29766,0,0,0,0,6,0,45,183,51,0,0,2
29767,17,126,26,1,0,0,0,0,0,0,0,0
29768,6,46,7,0,0,0,0,0,0,0,0,0
29769,0,0,14,0,0,105,0,0,0,1291,3467,9
29770,415,125,222,61,0,65,1,0,0,18,10,2
29771,968,2095,295,17,3,770,6,2,0,49,212,5
29772,0,0,1,45,31,1458,0,0,0,6,208,2
29773,71,5,132,13,9,2,183,749,1130,367,31,19
29774,0,0,9,0,0,29,0,0,5,168,2774,91
29775,0,9,16,82,75,1288,18,3,82,94,12,274
29776,114,1121,213,1,0,0,61,0,549,58,4,157
29777,2,11,14,0,8,0,161,654,390,40,7,21
29778,8,55,16,0,4,0,498,792,136,2,0,9
29779,0,0,0,0,126,0,176,3503,296,4,0,23
29780,41,1058,70,0,0,0,130,15,51,0,0,0
29781,0,0,0,0,12,0,375,1457,404,10,0,17
29782,30,973,199,1,0,0,61,6,50,4,0,0
29783,0,0,0,0,0,0,0,0,0,0,0,0
29784,0,0,0,0,0,22,0,0,0,29,1603,30
29785,1,0,0,598,17,234,0,0,0,0,0,0
29786,1,21,22,0,0,0,928,13,145,3,0,1
29787,0,0,0,0,0,0,0,0,0,30,15,11
29788,0,0,0,0,0,9,0,0,0,16,71,6
29789,0,1,4,173,22,943,0,0,0,116,3,6
29790,22,31,213,0,0,0,0,0,0,5,0,0
29791,0,0,0,36,848,396,4,5,185,1,1,1
29792,21,51,31,0,0,0,0,0,0,0,0,0
29793,0,0,0,50,23,1006,0,0,0,2,7,7
29794,0,0,0,0,0,0,45,26,70,0,0,0
29795,1,19,5,0,0,0,868,5,13,0,0,0
29796,4,14,859,0,0,0,0,0,0,10,2,7
29797,10,917,25,0,0,0,7,0,7,0,0,0
29798,0,15,7,0,0,0,874,31,37,0,0,0
29799,1,96,880,0,0,0,2,0,0,20,0,6
29800,0,0,0,0,0,0,192,35,112,1,0,0
29801,0,0,0,0,0,3,0,0,0,17,158,3
29802,0,0,0,0,0,0,0,0,0,6,106,0
29803,0,0,3,0,0,1,0,0,0,227,175,3
29804,0,0,0,0,0,0,0,0,0,0,0,0
29805,0,0,0,0,0,0,0,0,0,0,0,0
29806,0,0,0,0,0,0,0,0,0,0,0,0
29807,0,0,0,0,0,0,0,0,0,0,0,0
29808,0,0,0,0,0,0,0,0,0,0,0,0
29809,0,0,0,0,0,0,0,0,0,0,0,0
29810,0,0,0,0,0,0,0,0,0,0,0,0
29811,0,0,0,0,0,0,0,0,0,0,0,0
29812,0,0,0,0,0,0,0,0,0,0,0,0
29813,0,0,0,0,0,0,0,0,0,0,0,0
29814,0,0,0,0,0,0,0,0,0,0,0,0
29815,0,0,0,0,0,0,0,0,0,0,0,0
29816,0,0,0,0,0,0,0,0,0,0,0,0
29817,0,0,0,0,0,0,0,0,0,0,0,0
29818,0,0,0,0,0,0,0,0,0,0,0,0
29819,0,0,0,0,0,0,0,0,0,0,0,0
29820,0,0,0,0,0,0,0,0,0,0,0,0
29821,0,0,0,0,0,0,0,0,0,0,0,0
29822,0,0,0,0,0,0,0,0,0,0,0,0
29823,0,0,0,0,0,0,0,0,0,0,0,0
29824,0,0,0,0,0,0,0,0,0,0,0,0
29825,0,0,0,0,0,0,0,0,0,0,0,0
29826,0,0,0,0,0,0,0,0,0,0,0,0
29827,0,0,0,0,0,0,0,0,0,0,0,0
29828,0,0,0,0,0,0,0,0,0,0,0,0
29829,0,0,0,0,0,0,0,0,0,0,0,0
29830,0,0,0,0,0,0,0,0,0,0,0,0
29831,0,0,0,0,0,0,0,0,0,0,0,0
29832,0,0,0,0,0,0,0,0,0,0,0,0
29833,0,0,0,0,0,0,0,0,0,0,0,0
29834,0,0,0,0,0,0,0,0,0,0,0,0
29835,0,0,0,0,0,0,0,0,0,0,0,0
29836,0,0,0,0,0,0,0,0,0,0,0,0
29837,0,0,0,0,0,0,0,0,0,0,0,0
29838,0,0,0,0,0,0,0,0,0,0,0,0
29839,0,0,0,0,0,0,0,0,0,0,0,0
29840,0,0,0,0,0,0,0,0,0,0,0,0
29841,0,0,0,0,0,0,0,0,0,0,0,0
29842,0,0,0,0,0,0,0,0,0,0,0,0
29843,0,0,0,0,0,0,0,0,0,0,0,0
29844,0,0,0,0,0,0,0,0,0,0,0,0
29845,0,0,0,0,0,0,0,0,0,0,0,0
29846,0,0,0,0,0,0,0,0,0,0,0,0
29847,0,0,0,0,0,0,0,0,0,0,0,0
29848,0,0,0,0,0,0,0,0,0,0,0,0
29849,0,0,0,0,0,0,0,0,0,0,0,0
29850,0,0,0,0,0,0,0,0,0,0,0,0
29851,0,0,0,0,0,0,0,0,0,0,0,0
29852,0,0,0,0,0,0,0,0,0,0,0,0
29853,0,0,0,0,0,0,0,0,0,0,0,0
29854,0,0,0,0,0,0,0,0,0,0,0,0
29855,0,0,0,0,0,0,0,0,0,0,0,0
29856,0,0,0,0,0,0,0,0,0,0,0,0
29857,0,0,0,0,0,0,0,0,0,0,0,0
29858,0,0,0,0,0,0,0,0,0,0,0,0
29859,0,0,0,0,0,0,0,0,0,0,0,0
29860,0,0,0,0,0,0,0,0,0,0,0,0
29861,0,0,0,0,0,0,0,0,0,0,0,0
29862,0,0,0,0,0,0,0,0,0,0,0,0
29863,0,0,0,0,0,0,0,0,0,0,0,0
29864,0,0,0,0,0,0,0,0,0,0,0,0
29865,0,0,0,0,0,0,0,0,0,0,0,0
29866,0,0,0,0,0,0,0,0,0,0,0,0
29867,0,0,0,0,0,0,0,0,0,0,0,0
29868,0,0,0,0,0,0,0,0,0,0,0,0
29869,0,0,0,0,0,0,0,0,0,0,0,0
29870,0,0,0,0,0,0,0,0,0,0,0,0
29871,0,0,0,0,0,0,0,0,0,0,0,0
29872,0,0,0,0,0,0,0,0,0,0,0,0
29873,0,0,0,0,0,0,0,0,0,0,0,0
29874,0,0,0,0,0,0,0,0,0,0,0,0
29875,0,0,0,0,0,0,0,0,0,0,0,0
29876,0,0,0,0,0,0,0,0,0,0,0,0
29877,0,0,0,0,0,0,0,0,0,0,0,0
29878,0,0,0,0,0,0,0,0,0,0,0,0
29879,0,0,0,0,0,0,0,0,0,0,0,0
29880,0,0,0,0,0,0,0,0,0,0,0,0
29881,0,0,0,0,0,0,0,0,0,0,0,0
29882,0,0,0,0,0,0,0,0,0,0,0,0
29883,0,0,0,0,0,0,0,0,0,0,0,0
29884,0,0,0,0,0,0,0,0,0,0,0,0
29885,0,0,0,0,0,0,0,0,0,0,0,0
29886,0,0,0,0,0,0,0,0,0,0,0,0
29887,0,0,0,0,0,0,0,0,0,0,0,0
29888,0,0,0,0,0,0,0,0,0,0,0,0
29889,0,0,0,0,0,0,0,0,0,0,0,0
29890,0,0,0,0,0,0,0,0,0,0,0,0
29891,0,0,0,0,0,0,0,0,0,0,0,0
29892,0,0,0,0,0,0,0,0,0,0,0,0
29893,0,0,0,0,0,0,0,0,0,0,0,0
29894,0,0,0,0,0,0,0,0,0,0,0,0
29895,0,0,0,0,0,0,0,0,0,0,0,0
29896,0,0,0,0,0,0,0,0,0,0,0,0
29897,0,0,0,0,0,0,0,0,0,0,0,0
29898,0,0,0,0,0,0,0,0,0,0,0,0
29899,0,0,0,0,0,0,0,0,0,0,0,0
29900,0,0,0,0,0,0,0,0,0,0,0,0
29901,0,0,0,0,0,0,0,0,0,0,0,0
29902,0,0,0,0,0,0,0,0,0,0,0,0
29903,0,0,0,0,0,0,0,0,0,0,0,0
