position,A->T,A->G,A->C,T->A,T->G,T->C,G->A,G->T,G->C,C->A,C->T,C->G
1,0,0,0,0,0,0,0,0,0,0,0,0
2,0,0,0,0,0,0,0,0,0,0,0,0
3,0,0,0,0,0,0,0,0,0,0,0,0
4,0,0,0,0,0,0,0,0,0,0,0,0
5,0,0,0,0,0,0,0,0,0,0,0,0
6,0,0,0,0,0,0,0,0,0,0,0,0
7,0,0,0,0,0,0,0,0,0,0,0,0
8,0,0,0,0,0,0,0,0,0,0,0,0
9,0,0,0,0,0,0,0,0,0,0,0,0
10,0,0,0,0,0,0,0,0,0,0,0,0
11,0,0,0,0,0,0,0,0,0,0,0,0
12,0,0,0,0,0,0,0,0,0,0,0,0
13,0,0,0,0,0,0,0,0,0,0,0,0
14,0,0,0,0,0,0,0,0,0,0,0,0
15,0,0,0,0,0,0,0,0,0,0,0,0
16,0,0,0,0,0,0,0,0,0,0,0,0
17,0,0,0,0,0,0,0,0,0,0,0,0
18,0,0,0,0,0,0,0,0,0,0,0,0
19,0,0,0,0,0,0,0,0,0,0,0,0
20,0,0,0,0,0,0,0,0,0,0,0,0
21,0,0,0,0,0,0,0,0,0,0,0,0
22,0,0,0,0,0,0,0,0,0,0,0,0
23,0,0,0,0,0,0,0,0,0,0,0,0
24,0,0,0,0,0,0,0,0,0,0,0,0
25,0,0,0,0,0,0,0,0,0,0,0,0
26,0,0,0,0,0,0,0,0,0,0,0,0
27,0,0,0,0,0,0,0,0,0,0,0,0
28,0,0,0,0,0,0,0,0,0,0,0,0
29,0,0,0,0,0,0,0,0,0,0,0,0
30,0,0,0,0,0,0,0,0,0,0,0,0
31,0,0,0,0,0,0,0,0,0,0,0,0
32,0,0,0,0,0,0,0,0,0,0,0,0
33,0,0,0,0,0,0,0,0,0,0,0,0
34,0,0,0,0,0,0,0,0,0,0,0,0
35,0,0,0,0,0,0,0,0,0,0,0,0
36,0,0,0,0,0,0,0,0,0,0,0,0
37,0,0,0,0,0,0,0,0,0,0,0,0
38,0,0,0,0,0,0,0,0,0,0,0,0
39,0,0,0,0,0,0,0,0,0,0,0,0
40,0,0,0,0,0,0,0,0,0,0,0,0
41,0,0,0,0,0,0,0,0,0,0,0,0
42,0,0,0,0,0,0,0,0,0,0,0,0
43,0,0,0,0,0,0,0,0,0,0,0,0
44,0,0,0,0,0,0,0,0,0,0,0,0
45,0,0,0,0,0,0,0,0,0,0,0,0
46,0,0,0,0,0,0,0,0,0,0,0,0
47,0,0,0,0,0,0,0,0,0,0,0,0
48,0,0,0,0,0,0,0,0,0,0,0,0
49,0,0,0,0,0,0,0,0,0,0,0,0
50,0,0,0,0,0,0,0,0,0,0,0,0
51,0,0,0,0,0,0,0,0,0,0,0,0
52,0,0,0,0,0,0,0,0,0,0,0,0
53,0,0,0,0,0,0,0,0,0,0,0,0
54,0,0,0,0,0,0,0,0,0,0,0,0
55,0,0,0,0,0,0,0,0,0,0,0,0
56,0,0,0,0,0,0,1,12,2,0,0,0
57,4,251,13,0,0,0,4,0,0,0,0,0
58,0,0,0,2,12,25,0,0,0,0,0,0
59,0,0,0,0,0,6,0,0,0,2,208,1
60,0,0,0,3,1,110,0,0,0,0,2,0
61,0,89,0,0,66,0,391,2811,7,0,0,0
62,0,0,0,0,6,29,0,0,0,0,0,0
63,0,0,0,78,3,164,0,0,0,0,3,0
64,0,0,0,0,0,16,0,0,0,115,1395,4
65,0,0,0,8,15,107,0,1,0,0,0,0
66,0,0,2,0,1,58,0,0,0,143,5150,2
67,0,0,0,10,0,17,0,0,0,0,0,0
68,54,11,4,0,0,0,0,0,0,0,0,0
69,41,78,8,1,0,0,0,0,0,0,0,0
70,3,291,5,0,0,0,1,0,0,0,0,0
71,0,0,0,0,0,0,0,0,0,225,60,55
72,0,58,0,0,0,0,2955,4,1,0,0,0
73,2,22,2,0,0,0,1,0,0,0,0,0
74,1,20,4,0,0,0,1,0,0,0,0,0
75,0,0,0,0,0,0,0,0,0,1,85,0
76,9,0,0,221,6,8,0,0,0,0,0,0
77,12,0,0,88,4,45,0,0,0,0,0,0
78,1,0,0,101,135,28,0,0,0,0,0,0
79,35,29,5,0,0,0,0,0,0,0,0,0
80,56,34,4,13,2,0,1,0,0,0,0,0
81,35,43,34,1,0,0,4,0,0,0,0,0
82,22,131,7,2,0,0,0,0,0,0,0,0
83,0,0,0,16,31,202,0,0,0,0,1,0
84,2,0,0,0,0,1,0,0,0,26,400,8
85,0,0,0,5,7,39,0,0,0,0,0,0
86,0,0,0,0,0,0,69,36,6,0,0,0
87,0,0,0,11,22,82,0,0,0,0,0,0
88,0,0,0,0,3,0,38,257,4,0,0,0
89,0,0,0,2,12,21,0,1,0,0,2,0
90,0,0,0,0,0,0,110,41,0,0,0,0
91,0,27,0,0,5,0,249,459,10,0,0,0
92,0,0,0,0,0,5,0,0,0,38,897,0
93,0,0,0,16,1,68,0,0,0,0,3,0
94,0,0,0,0,0,0,191,665,6,0,0,0
95,0,0,0,5,50,144,0,0,0,0,0,0
96,0,0,1,0,0,6,0,0,0,23,555,10
97,24,114,22,0,0,0,0,0,0,0,0,0
98,0,0,0,0,0,9,0,0,0,16,498,11
99,0,0,0,6,29,602,0,0,0,0,4,0
100,0,0,0,0,0,20,0,0,0,37,3011,1
101,0,7,0,0,1,0,835,310,7,0,0,0
102,0,0,0,0,1,0,109,53,1,0,0,0
103,0,0,0,0,0,24,0,0,0,14,628,0
104,0,0,0,7,1,43,0,0,0,0,1,0
105,0,0,0,0,12,0,46,1643,16,0,0,0
106,0,0,0,0,0,69,0,0,0,15,6839,15
107,16,35,4,0,0,0,0,0,0,0,0,0
108,0,0,0,42,7,66,0,0,0,0,1,0
109,0,0,0,0,0,0,6,26,0,0,0,0
110,0,0,0,0,0,4,0,0,0,2,472,0
111,0,0,0,5,108,87,0,0,0,0,2,0
112,0,0,0,3,10,11,0,0,0,0,0,0
113,7,38,1,0,0,0,0,0,0,0,0,0
114,0,0,0,0,0,0,34,39,0,0,0,0
115,0,0,0,5,8,56,0,0,0,0,0,0
116,0,0,0,0,0,0,67,5,2,0,0,0
117,0,0,0,0,0,1,0,0,0,23,293,0
118,26,50,36,0,0,0,0,0,0,5,0,0
119,0,0,1,0,0,2,0,0,0,133,901,10
120,0,0,0,50,36,129,0,0,0,0,0,0
121,0,0,0,0,0,1,0,0,0,28,451,4
122,4,109,6,0,0,0,0,0,0,0,0,0
123,0,0,0,0,0,0,0,0,0,18,143,0
124,0,0,0,0,0,0,140,101,1,0,0,0
125,0,0,0,0,0,0,0,0,0,0,165,1
126,105,56,6,0,0,0,0,0,0,0,0,0
127,0,0,0,0,10,0,77,1263,2,0,0,0
128,0,0,0,0,9,47,0,0,0,0,0,0
129,2,298,4,0,0,0,2,0,0,0,0,0
130,0,0,0,1,0,138,0,0,0,0,1,0
131,1,4,0,0,0,0,0,0,0,0,0,0
132,1,76,12,0,0,0,0,0,0,0,0,0
133,0,0,0,1,7,57,0,0,0,0,1,0
134,0,0,0,0,0,67,0,0,0,0,0,0
135,1,80,0,0,0,0,0,0,0,0,0,0
136,3,45,75,0,0,0,0,0,0,0,0,0
137,0,0,0,4,1,283,0,0,0,0,0,0
138,16,7,2,0,0,0,0,0,0,0,0,0
139,1,83,12,0,0,0,1,0,0,0,0,0
140,0,0,0,0,0,29,0,0,2,47,6381,56
141,0,0,0,2,0,430,0,0,0,0,6,0
142,15,27,10,0,0,0,0,0,0,0,0,0
143,58,1011,53,2,0,0,1,0,0,1,0,0
144,0,0,0,9,26,153,0,0,0,0,2,0
145,0,0,0,18,0,235,0,0,0,0,0,0
146,0,62,1,0,0,0,0,0,0,0,0,0
147,0,0,0,0,0,6,0,0,0,32,1452,13
148,0,0,0,5,3,69,0,0,0,0,0,0
149,0,0,0,0,0,0,47,181,16,0,0,0
150,0,0,0,0,0,0,0,0,0,0,0,0
151,0,0,0,0,0,0,0,0,0,23,318,0
152,0,0,0,0,0,0,627,43,1,0,0,0
153,0,0,0,0,0,0,0,0,0,0,0,0
154,0,0,0,4,3,31,0,0,0,0,0,0
155,0,2,0,0,0,0,60,32,0,0,0,0
156,23,1225,53,0,0,0,8,0,0,0,0,0
157,0,0,0,0,0,1,0,0,0,10,386,0
158,57,234,5,0,0,0,0,0,0,0,0,0
159,0,0,0,0,0,0,125,6,3,0,0,0
160,0,0,0,0,3,0,353,904,11,0,0,0
161,4,142,2,0,0,0,2,0,0,0,0,0
162,0,0,0,0,0,4,0,0,0,24,868,5
163,22,57,12,0,0,0,0,0,0,0,0,0
164,0,0,0,0,0,0,0,0,0,0,11,2
165,0,0,0,0,0,0,201,141,4,0,0,0
166,7,15,2,0,0,0,0,0,0,0,0,0
167,0,0,0,0,1,0,61,492,31,0,0,0
168,0,0,0,13,3,517,0,0,0,0,3,0
169,49,159,1,0,0,0,1,0,0,0,0,0
170,8,76,28,0,0,0,0,0,0,4,0,0
171,0,0,0,0,0,1,0,0,0,54,389,11
172,0,0,0,7,10,168,0,0,0,0,0,0
173,0,0,0,0,0,1,0,0,0,14,593,2
174,0,18,0,0,37,0,2618,10551,672,0,2,0
175,0,0,0,2,55,166,0,0,0,0,1,0
176,0,0,0,0,0,6,0,0,0,13,711,1
177,0,0,0,218,11,1488,0,0,0,0,1,0
178,45,314,1,0,0,0,4,0,0,0,0,0
179,0,0,0,10,104,153,0,1,0,0,2,0
180,0,0,0,0,0,3,0,0,0,18,1150,0
181,0,0,0,51,24,91,0,0,0,0,0,0
182,0,0,0,1,16,75,0,0,0,0,0,0
183,0,0,0,0,0,2,0,0,0,5,483,10
184,0,0,0,23,26,43,0,0,0,0,0,0
185,0,0,0,0,3,0,63,736,6,0,0,0
186,0,0,0,0,0,48,0,0,0,79,8440,39
187,107,247,12,0,0,0,0,0,0,0,0,0
188,0,3,0,0,0,0,282,88,32,0,0,1
189,0,1,0,0,1,0,1040,235,0,0,0,0
190,0,0,0,0,0,2,0,0,0,4,698,2
191,1,0,0,221,10,151,0,0,0,0,0,0
192,0,1,0,0,1,0,308,1019,1,0,0,0
193,0,0,0,1,0,99,0,0,0,44,6351,50
194,0,0,0,19,11,72,0,0,0,0,0,0
195,0,0,0,10,5,111,0,0,0,0,1,0
196,3,68,2,0,0,0,1,0,0,0,0,0
197,0,0,0,0,0,0,0,0,0,30,194,13
198,0,0,0,0,0,0,251,341,1,0,0,0
199,0,1,0,1,18,0,164,1441,12,0,0,0
200,0,0,0,0,2,175,0,0,0,0,1,0
201,0,0,0,253,109,3464,0,0,0,0,27,0
202,0,0,0,8,36,203,0,0,0,0,0,0
203,0,0,0,0,0,150,0,0,0,54,22471,16
204,0,6,0,1,107,0,1426,31130,223,0,0,0
205,0,0,0,4,26,206,0,2,0,0,0,0
206,0,0,0,0,0,17,0,0,0,15,584,2
207,0,0,0,0,0,0,0,0,0,154,1034,0
208,0,6,0,0,36,0,2907,1852,4,0,0,0
209,0,0,0,2,179,3906,0,0,0,0,5,0
210,0,0,0,4,6440,106,72,1393998,12,0,0,0
211,0,0,0,0,1,109,0,0,0,0,0,0
212,0,0,0,47,1,117,0,0,0,0,1,0
213,0,2,0,0,5,0,1078,1544,11,0,0,0
214,0,0,0,0,0,3,0,0,0,28,565,2
215,45,294,47,0,0,0,0,0,0,1,0,0
216,0,0,0,0,1,0,374,131,9,0,0,0
217,0,0,0,0,0,2,0,0,0,32,375,1
218,0,0,0,0,0,1,0,0,0,17,737,30
219,0,2,0,0,10,0,668,2908,300,0,0,0
220,34,147,39,0,0,0,1,0,0,1,0,0
221,0,0,0,6,48,688,0,0,0,0,2,0
222,0,0,1,0,0,182,0,0,0,29,17645,35
223,286,221,26,0,0,0,0,0,0,0,1,0
224,0,0,0,13,321,836,0,1,0,0,2,0
225,0,0,0,0,0,0,0,0,0,6,438,0
226,17,5,4,0,0,0,0,0,0,0,0,0
227,0,1,0,0,0,0,86,21,4,0,0,0
228,0,0,0,0,0,1,0,0,0,5,388,0
229,28,57,9,3,0,0,0,0,0,0,0,0
230,0,0,0,0,0,1,0,0,0,7,253,4
231,15,116,15,0,0,0,0,0,0,0,0,0
232,0,0,0,4,42,402,0,0,0,0,22,0
233,0,0,0,0,0,0,0,0,0,74,1751,0
234,0,0,0,12,3,80,0,0,0,0,0,0
235,51,34,46,0,0,0,0,0,0,2,0,0
236,0,0,0,0,0,0,488,101,4,0,0,0
237,0,0,0,0,0,0,89,359,2,0,0,0
238,0,0,0,0,53,66,0,0,0,0,0,0
239,0,0,0,50,24,255,0,0,0,0,0,0
240,0,0,0,0,7,191,0,0,0,0,3,0
241,0,0,0,117,3,7604,0,0,0,0,2117965,0
242,0,2,0,0,6,0,871,752,276,0,0,1
243,0,0,0,16,14,154,0,0,0,0,0,0
244,0,0,0,0,0,1,0,0,0,25,299,1
245,0,0,0,0,0,5,0,0,0,42,1284,1
246,0,8,0,0,0,0,650,196,1,0,0,0
247,0,0,0,0,2,0,359,476,3,0,0,0
248,0,0,0,0,1,0,21,280,6,0,0,0
249,0,0,0,10,0,120,0,0,0,0,2,0
250,0,0,0,0,0,0,57,88,2,0,0,0
251,0,0,0,20,3,81,0,0,0,0,1,0
252,0,0,0,0,1,0,56,558,5,0,0,0
253,0,126,2,0,0,0,0,0,0,0,0,0
254,0,0,0,0,0,0,0,0,0,1,343,0
255,0,0,0,0,0,2,0,0,0,26,310,4
256,0,3,0,0,0,0,401,329,17,0,0,0
257,184,541,115,22,0,0,5,0,0,1,0,0
258,312,150,37,0,0,0,0,0,0,0,0,0
259,15,223,27,0,0,0,3,0,0,0,0,0
260,0,1,0,0,0,0,192,110,6,0,0,0
261,0,0,0,0,0,0,32,106,0,0,0,0
262,0,0,0,3,0,32,0,0,0,0,0,0
263,3,211,9,0,0,0,2,0,0,0,0,0
264,24,234,14,0,0,0,1,0,0,0,0,0
265,0,4,0,0,1,0,88,255,3,0,0,0
266,1,0,0,0,0,0,0,0,0,0,0,0
267,0,0,0,0,0,1,0,0,0,0,0,0
268,0,0,0,0,0,0,0,0,0,0,0,0
269,0,2,0,0,0,0,294,0,0,0,0,0
270,23,98,32,0,0,0,0,0,0,0,0,0
271,0,1,0,0,0,0,85,66,0,0,0,0
272,13,229,10,1,0,0,0,0,0,0,0,0
273,0,0,0,0,0,0,37,39,1,0,0,0
274,0,0,0,0,0,4,0,0,0,13,1383,0
275,0,0,0,0,0,14,0,0,0,53,1239,0
276,0,0,0,7,0,22,0,0,0,0,0,0
277,0,0,0,150,7,462,0,0,0,0,4,0
278,0,0,0,0,0,0,260,108,1,0,0,0
279,0,0,0,12,19,160,0,0,0,0,0,0
280,0,0,0,0,0,10,0,0,0,30,1145,0
281,0,0,0,0,0,0,0,0,0,41,125,1
282,0,0,0,0,0,3,0,0,0,32,356,0
283,0,0,0,41,6,121,0,0,0,0,0,0
284,0,18,0,0,2,0,928,111,4,0,0,0
285,0,0,0,0,1,0,139,126,1,0,0,0
286,0,0,0,3,3,170,0,0,0,0,0,0
287,1,0,0,31,20,113,0,0,0,0,0,0
288,0,0,0,26,22,80,0,0,0,0,0,0
289,0,0,0,0,0,3,0,0,0,77,390,1
290,9,21,3,0,0,0,0,0,0,0,0,0
291,6,164,8,0,0,0,0,0,0,0,0,0
292,0,0,0,0,0,19,0,0,0,10,2371,7
293,0,0,0,0,0,0,126,1,0,0,0,0
294,16,34,18,0,0,0,0,0,0,0,0,0
295,0,0,0,0,0,0,93,17,9,0,0,0
296,0,22,23,0,0,0,0,0,0,1,0,0
297,5,33,7,0,0,0,0,0,0,0,0,0
298,5,285,10,0,0,0,2,0,0,0,0,0
299,0,44,6,0,0,0,0,0,0,0,0,0
300,0,0,0,0,0,3,0,0,0,5,998,0
301,0,108,18,0,0,0,40,0,0,0,0,0
302,0,0,0,0,0,2,0,0,0,7,56,2
303,2,30,2,0,0,0,0,0,0,0,0,0
304,0,0,0,0,0,0,0,0,0,8,461,0
305,0,2,0,0,0,0,189,17,2,0,0,0
306,0,0,0,0,5,60,0,0,0,0,0,0
307,0,0,0,0,0,4,0,0,0,17,739,0
308,0,0,0,0,0,0,0,0,0,46,0,0
309,60,230,3,0,0,0,0,0,0,0,0,0
310,0,62,10,0,0,0,1,0,0,0,0,0
311,0,0,1,0,0,0,0,0,0,32,539,2
312,0,0,0,16,33,29,0,0,0,0,0,0
313,0,0,0,0,0,44,0,0,0,10,6215,2
314,295,57,33,3,0,0,0,0,0,0,0,0
315,0,0,0,0,0,0,51,233,3,0,0,0
316,0,0,0,1,10,30,0,0,0,0,0,0
317,0,0,0,6,2,23,0,0,0,0,0,0
318,0,0,0,0,10,14,0,0,0,0,0,0
319,0,0,0,0,0,0,237,72,2,0,0,0
320,0,0,0,0,0,0,0,0,0,10,62,53
321,0,0,1,0,0,0,0,0,0,20,38,40
322,0,0,0,65,13,47,0,0,0,0,0,0
323,0,2,0,0,0,0,235,24,0,0,0,0
324,0,0,0,1,41,24,0,0,0,0,1,0
325,1,0,0,275,10,207,0,0,0,0,0,0
326,2,0,0,107,1,39,0,0,0,0,0,0
327,2,0,0,81,0,16,0,0,0,0,0,0
328,1,32,0,0,0,0,0,0,0,0,0,0
329,0,0,0,0,0,0,0,0,0,26,2,12
330,1,217,15,0,0,0,2,0,0,0,0,0
331,0,0,0,0,0,0,72,50,0,0,0,0
332,0,8,0,0,4,0,263,62,0,0,0,0
333,0,0,0,0,0,19,0,0,0,0,0,0
334,0,0,0,6,12,57,0,0,0,0,0,0
335,0,0,2,0,0,169,0,0,0,27,6543,8
336,0,2,0,0,1,0,149,39,0,0,0,0
337,0,0,1,0,0,97,0,0,1,15,7499,33
338,0,0,0,0,0,0,82,22,1,0,0,0
339,1,29,14,0,0,0,0,0,0,0,0,0
340,0,0,0,0,0,5,0,0,0,8,623,0
341,0,3,0,0,0,0,137,31,0,0,0,0
342,0,0,0,6,5,21,0,0,0,0,0,0
343,0,0,0,0,5,4,96,886,2,0,0,0
344,0,0,0,0,8,7,0,0,0,135,1387,0
345,0,0,0,51,16,33,0,0,0,0,0,0
346,0,0,0,0,0,216,0,0,0,26,7177,15
347,0,21,0,0,1,0,3312,91,18,0,0,0
348,0,0,0,7,0,142,0,0,0,0,1,0
349,3,109,22,0,0,0,0,0,0,0,0,0
350,0,0,0,0,0,5,0,0,0,38,412,3
351,0,1,0,0,0,0,201,47,2,0,0,0
352,0,0,0,41,8,160,0,0,0,0,0,0
353,0,0,0,0,0,0,197,79,0,0,0,0
354,0,1,0,0,0,0,231,124,51,0,0,0
355,0,0,0,0,0,6,0,0,0,37,1500,5
356,0,0,0,11,7,80,0,0,0,0,0,0
357,0,0,0,12,3,48,0,0,0,0,0,0
358,0,0,0,35,33,235,0,0,0,0,0,0
359,0,0,0,0,0,0,67,0,0,0,0,0
360,0,0,0,0,0,0,40,19,0,0,0,0
361,13,752,61,0,0,0,5,0,0,1,0,0
362,0,1,0,0,0,0,466,166,1,0,0,0
363,7,85,15,0,0,0,0,0,0,0,0,0
364,0,0,0,0,0,6,0,0,0,163,1272,1
365,0,0,0,52,29,46,0,0,0,0,0,0
366,0,0,0,0,0,0,0,0,0,19,265,0
367,0,0,0,0,0,2,0,0,1,113,798,27
368,0,0,0,0,1,0,245,251,0,0,0,0
369,0,0,0,12,10,33,0,0,0,0,0,0
370,0,0,0,0,5,0,307,2339,10,0,0,0
371,0,0,0,0,0,0,133,1,4,0,0,0
372,19,308,102,0,0,0,0,0,0,0,0,0
373,0,1,0,0,0,0,485,698,1,0,0,0
374,0,0,0,0,0,0,613,0,2,0,0,0
375,14,96,15,0,0,0,0,0,0,0,0,0
376,0,0,0,0,12,0,430,2168,15,0,0,0
377,0,0,0,0,1,0,68,297,1,0,0,0
378,0,0,0,0,0,245,0,0,0,0,2,0
379,0,0,0,0,0,0,0,0,0,509,614,5
380,0,0,0,12,15,57,0,0,0,0,0,0
381,0,0,0,4,0,19,0,0,0,0,0,0
382,7,5462,1,0,0,0,32,0,0,0,0,0
383,0,0,0,67,37,225,0,0,0,0,0,0
384,0,0,0,0,0,2,0,0,0,0,899,0
385,10,160,16,0,0,0,1,0,0,0,0,0
386,0,0,0,0,0,0,442,1,1,0,0,0
387,26,112,8,0,0,0,1,0,0,0,0,0
388,0,0,0,0,0,0,225,89,1,0,0,0
389,0,0,0,0,0,0,156,61,2,0,0,0
390,0,0,0,0,0,2,0,0,0,5,511,2
391,34,164,61,0,0,0,1,0,0,0,0,0
392,0,0,0,0,0,3,0,0,0,19,490,0
393,0,1,0,0,0,0,291,105,0,0,0,0
394,0,0,0,2,18,400,0,0,0,0,4,0
395,0,0,0,0,0,0,0,0,0,11,2,1
396,76,187,5,0,0,0,1,0,0,0,0,0
397,0,76,68,0,0,0,0,0,0,0,0,0
398,0,0,0,0,0,55,0,0,0,39,2187,8
399,4,170,2,0,0,0,0,0,0,0,0,0
400,0,0,0,8,75,1824,0,0,0,0,4,0
401,0,0,1,0,0,3,0,0,0,30,478,4
402,0,0,0,5,0,34,0,0,0,0,0,0
403,0,0,0,83,0,193,0,0,0,0,2,0
404,26,26,0,0,0,0,0,0,0,0,0,0
405,11,85,1,0,0,0,0,0,0,0,0,0
406,11,85,16,0,0,0,2,0,0,0,0,0
407,0,1,0,0,0,0,219,96,3,0,0,0
408,233,712,32,0,0,0,1,0,0,0,0,0
409,0,0,0,23,19,456,0,0,0,0,1,0
410,0,0,0,0,13,0,97,1891,26,0,0,0
411,0,0,0,0,0,0,240,30,2,0,0,0
412,0,0,0,0,0,0,0,0,0,24,389,0
413,2,37,5,0,0,0,0,0,0,0,0,0
414,0,0,0,0,0,0,0,0,0,96,220,1
415,0,0,0,10,17,49,0,0,0,0,0,0
416,0,0,0,14,2,10,0,0,0,0,0,0
417,0,0,0,0,0,0,65,8,10,0,0,0
418,0,0,0,0,2,220,0,0,0,0,0,0
419,0,0,0,0,0,0,95,325,0,0,0,0
420,0,0,0,0,0,0,31,17,1,0,0,0
421,0,0,0,0,0,7,0,0,0,60,1165,17
422,0,0,0,24,23,57,0,0,0,0,0,0
423,0,0,0,0,1,6,0,0,0,0,0,0
424,7,81,7,0,0,0,0,0,0,0,0,0
425,0,0,0,0,0,0,147,66,6,0,0,0
426,0,0,0,18,0,2,0,0,0,0,0,0
427,48,1892,19,0,0,0,12,0,0,0,0,0
428,0,1,0,0,0,0,400,1,2,0,0,0
429,15,89,115,0,0,0,0,0,0,1,0,0
430,23,214,62,0,0,0,1,0,0,0,0,0
431,0,4,0,0,0,0,146,73,3,0,0,0
432,0,0,0,0,1,25,0,0,0,0,1,0
433,0,0,0,53,0,91,0,0,0,0,0,0
434,0,0,0,0,0,0,277,0,1,0,0,0
435,2,176,60,0,0,0,0,0,0,1,0,0
436,3,32,4,0,0,0,0,0,0,0,0,0
437,0,25,11,0,0,0,0,0,0,0,0,0
438,12,177,12,0,0,0,0,0,0,0,0,0
439,15,3329,22,0,0,0,54,4,0,0,0,0
440,0,0,0,0,1,0,184,321,1,0,0,0
441,0,0,0,0,0,0,77,10,2,0,0,0
442,0,0,0,0,0,3,0,0,0,12,419,0
443,0,3,0,0,0,0,1030,204,13,0,0,0
444,0,0,0,0,32,513,0,0,0,0,0,0
445,0,0,0,23,18,47359,0,0,0,1,353,0
446,0,0,0,50,5,143,0,0,0,0,0,0
447,0,0,0,1,7,23,0,0,0,0,0,0
448,0,0,0,0,1,0,238,287,5,0,0,0
449,0,0,0,1,0,20,0,0,0,28,3154,6
450,0,0,1,0,0,0,0,0,0,94,317,0
451,0,0,0,21,77,197,0,0,0,0,0,0
452,0,0,0,0,0,0,0,0,0,134,2,1
453,114,179,4,0,0,0,0,0,0,0,0,0
454,9,188,6,0,0,0,0,0,0,0,0,0
455,0,0,0,0,0,1,0,0,0,9,180,2
456,0,0,0,0,3,7,0,0,0,0,0,0
457,0,0,0,29,1,69,0,0,0,0,0,0
458,0,0,0,0,0,0,117,0,1,0,0,0
459,2,53,14,0,0,0,0,0,0,0,0,0
460,6,59,5,0,0,0,0,0,0,0,0,0
461,0,0,0,0,0,0,0,0,0,21,2,0
462,12,58,7,0,0,0,1,0,0,0,0,0
463,0,5,0,0,0,0,840,185,1,0,0,0
464,0,0,0,0,0,0,0,0,0,3,68,0
465,0,0,0,0,0,0,0,0,0,10,77,0
466,0,0,0,0,0,2,0,0,0,67,896,10
467,0,0,0,3,1,19,0,0,0,0,0,0
468,3,41,1,0,0,0,0,0,0,0,0,0
469,0,0,0,1,0,459,0,0,0,0,12,0
470,0,0,0,0,4,0,110,27,0,0,0,0
471,0,0,0,5,2,9,0,0,0,0,0,0
472,0,0,0,0,0,0,547,107,2,0,0,0
473,0,0,0,4,10,110,0,0,0,0,0,0
474,0,0,0,7,6,60,0,0,0,0,0,0
475,0,0,0,0,0,3,0,0,0,2,873,0
476,15,253,33,0,0,0,0,0,0,0,0,0
477,0,0,0,1,6,59,0,0,0,0,0,0
478,0,0,0,0,0,3,0,0,0,102,710,0
479,0,14,19,0,0,0,0,0,0,0,0,0
480,4,158,10,0,0,0,0,0,0,0,0,0
481,2,197,10,0,0,0,1,0,0,0,0,0
482,0,0,1,0,0,1,0,0,0,23,337,0
483,0,0,0,0,0,0,400,16,3,0,0,0
484,1,0,0,21,31,353,0,0,0,0,0,0
485,0,0,0,7,7,44,0,0,0,0,0,0
486,0,0,0,0,0,4,0,0,0,0,633,1
487,0,21,0,0,5,0,1468,1102,5,0,0,0
488,0,0,0,0,0,0,352,108,5,0,0,0
489,23,712,22,0,0,0,1,0,0,0,0,0
490,8,0,0,719,11,487,0,0,0,1,7,0
491,0,0,0,0,0,0,60,120,13,0,0,0
492,0,0,0,0,0,0,0,0,0,23,194,2
493,0,0,0,41,26,335,0,0,0,0,0,0
494,0,0,0,0,0,0,0,0,0,70,3,1
495,0,0,0,0,0,0,254,52,8,0,0,0
496,12,71,19,0,0,0,0,0,0,0,0,0
497,2,610,5,0,0,0,6,0,0,0,0,0
498,0,0,0,0,0,2,0,0,0,47,247,2
499,0,0,0,19,18,57,0,0,0,0,0,0
500,0,2,0,0,0,0,146,42,3,0,0,0
501,0,0,0,0,0,4,0,0,0,9,292,0
502,3,103,1,0,0,0,0,0,0,0,0,0
503,0,0,1,0,0,2,0,0,0,103,1386,2
504,0,0,0,0,0,0,0,0,0,150,632,2
505,0,0,0,11,37,332,0,0,0,0,0,0
506,0,0,0,0,0,8,0,0,0,6,1550,18
507,26,159,3,0,0,0,1,0,0,0,0,0
508,0,0,0,50,4,205,0,0,0,0,0,0
509,0,0,0,0,0,0,362,37,0,0,0,0
510,0,0,0,0,1,0,268,105,6,0,0,0
511,0,0,0,4,11,180,0,0,0,0,0,0
512,0,0,0,0,0,8,0,0,0,13,1332,2
513,19,372,23,0,0,0,1,0,0,2,1,0
514,0,0,0,9,9,247,0,0,0,0,2,0
515,0,0,0,0,0,0,196,18,9,0,0,0
516,0,0,0,12,12,32,0,0,0,0,0,0
517,0,0,0,25,16,245,0,6,0,0,2,0
518,114,646,11,1,0,0,4,0,0,0,0,0
519,0,1,0,33,4,117,0,0,0,0,0,0
520,0,0,0,0,12,0,105,628,15,0,0,0
521,0,1,0,0,4,0,432,1040,6,0,0,0
522,6,0,0,25,3,19,0,0,0,0,0,0
523,0,0,0,154,171,111,0,1,0,0,0,0
524,0,0,0,0,0,0,58,0,2,0,0,0
525,1,37,16,0,0,0,0,0,0,0,0,0
526,0,0,0,0,71,0,330,26072,10,0,0,0
527,0,0,0,0,0,6,0,0,0,31,1936,10
528,0,0,0,9,1,18,0,0,0,0,0,0
529,0,3,0,0,7,0,594,2237,48,0,0,0
530,0,0,0,0,0,0,192,36,0,0,0,0
531,0,0,0,1,0,8,0,0,0,0,0,0
532,480,396,11,1,0,0,5,0,0,0,0,0
533,0,0,0,0,1,0,178,48,37,0,0,0
534,0,0,0,0,0,0,0,0,0,37,300,0
535,78,203,6,0,0,0,0,0,0,0,0,0
536,0,0,0,0,0,0,60,3,1,0,0,0
537,3,14,16,0,0,0,0,0,0,0,0,0
538,3,97,7,0,0,0,0,0,0,0,0,0
539,0,0,0,0,0,2,0,0,0,179,2260,1
540,0,0,0,10,46,53,0,0,0,0,0,0
541,0,0,0,0,0,4,0,0,0,29,773,5
542,0,0,0,0,0,0,220,0,1,0,0,0
543,2,116,32,0,0,0,3,0,0,0,0,0
544,73,118,286,0,0,0,0,0,0,0,1,0
545,0,0,0,0,0,0,184,736,0,0,0,0
546,0,1,0,0,0,0,174,19,46,0,0,0
547,0,0,0,0,0,0,0,0,0,8,337,3
548,15,280,3,0,0,0,2,0,0,0,0,0
549,0,0,0,4,12,212,0,0,0,0,1,0
550,0,0,0,9,26,197,0,0,0,0,0,0
551,0,0,0,0,0,0,0,0,0,0,0,0
552,12,60,6,0,0,0,0,0,0,0,0,0
553,0,0,0,0,1,0,233,159,4,0,0,0
554,0,0,0,2,0,21,0,0,0,0,0,0
555,2,38,2,0,0,0,0,0,0,0,0,0
556,0,0,0,0,0,6,0,0,0,0,2997,1
557,0,0,0,0,0,0,197,75,0,0,0,0
558,0,0,0,0,0,0,90,103,3,0,0,0
559,0,0,0,3,9,225,0,0,0,0,0,0
560,0,0,0,0,0,1,0,0,0,20,711,0
561,0,2,0,0,0,0,402,36,9,0,0,0
562,0,0,0,2,4,84,0,0,0,0,0,0
563,537,305,8,1,0,0,0,0,0,0,0,0
564,0,5,0,0,0,0,3460,42,6,0,0,0
565,0,0,0,12,1,290,0,0,0,0,1,0
566,0,0,0,0,0,0,30,33,0,0,0,0
567,0,0,0,0,0,0,109,44,0,0,0,0
568,0,0,0,10,2,954,0,0,0,0,7,0
569,0,10,0,0,0,0,1249,3,252,0,0,0
570,76,117,29,1,0,0,0,0,0,0,0,0
571,0,4,0,0,0,0,549,77,3,0,0,0
572,2,27,8,0,0,0,0,0,0,0,0,0
573,0,0,0,0,0,0,0,0,0,0,81,1
574,2,32,110,0,0,0,0,0,0,1,0,0
575,0,0,2,0,0,0,0,0,0,773,208,29
576,0,0,0,19,12,31,0,0,0,0,0,0
577,0,0,0,116,21,273,0,0,0,0,0,0
578,0,0,0,0,0,0,110,58,0,0,0,0
579,0,0,0,0,0,0,67,41,0,0,0,0
580,0,0,0,24,37,233,0,0,0,0,0,0
581,0,0,0,0,0,0,242,31,10,0,0,0
582,0,0,0,6,1,124,0,0,0,0,0,0
583,0,0,0,0,0,10,0,0,0,117,5817,2
584,0,0,0,0,0,5,0,0,0,150,539,2
585,0,0,0,3,14,20,0,0,0,0,0,0
586,1,0,0,146,9,138,0,0,0,0,0,0
587,0,0,0,0,0,0,283,60,3,0,0,0
588,0,0,0,1,5,38,0,0,0,0,5,0
589,0,0,0,0,0,5,0,0,0,36,985,1
590,0,0,0,0,0,0,0,0,0,16,244,1
591,0,0,0,0,0,0,0,0,0,81,40,1
592,8,0,0,1117,49,613,0,0,0,0,2,0
593,0,0,0,0,0,35,0,0,0,15,5809,30
594,16,353,4,0,0,0,0,0,0,0,0,0
595,0,0,0,31,6,176,0,0,0,0,0,0
596,0,0,0,0,0,0,291,158,3,0,0,0
597,0,0,0,53,2,208,0,0,0,0,0,0
598,0,0,0,0,3,0,248,753,3,0,0,0
599,0,0,0,0,1,0,369,688,2,0,0,0
600,0,6,0,0,0,0,379,15,0,0,0,0
601,0,0,0,0,0,9,0,0,0,87,4901,0
602,0,0,0,0,0,0,148,0,54,0,0,1
603,6,61,22,0,0,0,0,0,0,0,0,0
604,7,169,13,0,0,0,0,0,0,0,0,0
605,15,750,45,0,0,0,4,0,0,0,0,0
606,0,0,0,7,7,1454,0,0,0,0,0,0
607,1,270,1,0,0,0,0,0,0,0,0,0
608,0,0,0,0,0,0,0,0,0,57,150,2
609,0,0,0,0,0,0,0,0,0,4,64,0
610,28,170,9,0,0,0,0,0,0,0,0,0
611,0,2,0,0,0,0,331,202,1,0,0,0
612,0,0,0,34,10,30,0,0,0,0,0,0
613,0,40,0,0,0,0,3490,74,1,0,0,0
614,0,0,0,0,0,0,174,295,27,0,0,0
615,0,0,0,0,0,0,0,0,0,35,298,8
616,0,0,0,4,45,239,0,3,0,0,1,0
617,0,0,0,14,1,348,0,0,0,0,0,0
618,0,64,0,0,0,0,0,0,0,0,0,0
619,0,0,0,0,0,0,0,0,0,0,449,0
620,0,0,0,0,0,3,0,0,0,7,604,1
621,0,2,0,0,0,0,557,22,3,0,0,0
622,0,0,0,0,0,8,0,0,0,13,925,4
623,0,31,2,0,0,0,0,0,0,0,0,0
624,10,67,29,0,0,0,1,0,0,0,0,0
625,0,0,0,0,9,0,111,2624,33,0,0,0
626,0,0,0,0,0,0,452,573,2,0,0,0
627,0,0,0,2,0,7,0,0,0,0,0,0
628,0,0,0,22,4,262,0,0,0,0,1,0
629,0,0,0,0,0,2,0,0,0,8,652,34
630,0,0,0,0,4,28,0,0,0,0,0,0
631,0,0,0,1,21,30,0,0,0,0,0,0
632,0,0,0,0,0,5,0,0,0,25,231,2
633,0,0,0,3,13,18,0,0,0,0,0,0
634,0,0,0,5,5,80,0,0,0,0,0,0
635,0,0,0,0,0,0,0,0,0,0,0,0
636,0,0,0,0,0,0,132,47,0,0,0,0
637,0,0,0,0,2,110,0,0,0,0,0,0
638,0,28,2,0,0,0,0,0,0,0,0,0
639,3,25,1,0,0,0,0,0,0,0,0,0
640,0,0,0,0,0,0,55,40,0,0,0,0
641,18,53,15,0,0,0,0,0,0,0,0,0
642,26,125,9,0,0,0,1,0,0,0,0,0
643,0,0,0,0,0,22,0,0,0,5,1895,0
644,0,0,0,0,0,0,122,45,3,0,0,0
645,0,0,0,0,0,0,32,37,1,0,0,0
646,0,0,0,0,0,39,0,0,0,0,0,0
647,21,57,3,0,0,0,0,0,0,0,0,0
648,7,50,23,0,0,0,3,0,0,0,0,0
649,0,0,0,1,1,176,0,0,0,0,0,0
650,2,16,0,0,0,0,0,0,0,0,0,0
651,3,30,3,0,0,0,0,0,0,0,0,0
652,9,462,6,0,0,0,5,0,0,0,0,0
653,0,1,0,0,0,0,101,2,3,0,0,0
654,0,3,0,0,0,0,52,18,0,0,0,0
655,146,259,12,0,0,0,2,0,0,0,0,0
656,0,0,0,0,0,0,63,70,9,0,0,0
657,0,0,0,0,0,1,0,0,0,51,872,2
658,24,0,0,91,34,463,0,1,0,0,4,0
659,0,2,0,0,0,0,111,31,2,0,0,0
660,0,0,0,0,0,0,112,29,2,0,0,0
661,0,0,0,3,0,188,0,0,0,0,2,0
662,0,0,0,0,2,0,51,253,1,0,0,0
663,0,0,0,0,0,0,55,99,0,0,0,0
664,0,0,0,0,0,12,0,0,0,44,2579,7
665,0,0,0,0,0,0,0,0,0,7,200,2
666,20,64,6,0,0,0,0,0,0,0,0,0
667,0,0,0,1,10,261,0,0,0,0,0,0
668,17,53,7,0,0,0,0,0,0,0,0,0
669,0,0,0,0,0,0,231,43,20,0,0,0
670,0,0,0,0,44,85,0,0,0,0,3,0
671,0,0,0,14,0,56,0,0,0,0,0,0
672,1,57,1,0,0,0,0,0,0,0,0,0
673,0,0,0,0,0,21,0,0,0,0,2746,1
674,0,0,0,0,1,0,201,161,0,0,0,0
675,0,0,0,0,9,0,230,362,57,0,0,0
676,0,0,0,0,0,8,0,0,0,51,1012,1
677,0,0,0,0,0,0,922,35,3,0,0,0
678,0,0,0,0,0,3,0,0,0,23,2088,0
679,0,0,0,0,0,1,0,0,0,42,1154,1
680,0,1,0,0,0,0,928,49,0,0,0,0
681,8,194,128,0,0,0,0,0,0,0,0,0
682,0,0,0,1,157,509,0,0,0,0,1,0
683,0,0,0,0,0,36,0,0,0,23,7542,4
684,0,0,0,1,0,42,0,0,0,0,0,0
685,11,485,1,0,0,0,3,0,0,0,0,0
686,1,125,7,0,0,0,11,0,0,0,0,0
687,77,121,82,0,0,0,0,0,0,0,0,0
688,0,0,0,0,0,0,278,358,96,0,0,2
689,0,0,0,38,33,192,0,0,0,0,0,0
690,0,0,0,0,0,1,0,0,22,1,342,24
691,1263,1213,14,0,0,0,15,0,0,0,0,0
692,0,0,0,13,65,727,0,0,0,0,5,0
693,0,0,0,4,23,34,0,4,0,0,0,0
694,9,0,1,319,5,434,0,0,0,0,0,0
695,0,0,0,0,3,0,47,1591,2,0,0,0
696,7,169,1192,0,0,0,0,0,0,9,0,0
697,0,0,0,0,0,0,0,0,0,237,226,4
698,0,0,0,37,7,43,0,2,0,0,0,0
699,2,0,0,2,0,74,0,0,0,0,0,0
700,2,46,4,0,0,0,2,0,0,0,0,0
701,0,1,0,0,0,0,97,546,2,0,0,0
702,0,0,0,0,0,0,66,53,1,0,0,0
703,0,0,0,0,0,1,0,0,0,40,1587,0
704,0,0,0,0,0,0,434,132,2,0,0,0
705,2,501,69,0,0,0,4,0,0,0,0,0
706,0,0,0,0,0,5,0,0,0,20,895,2
707,0,0,0,0,0,0,203,0,4,0,0,0
708,8,437,80,0,0,0,4,0,0,0,0,0
709,0,33,0,0,15,0,529,667,2,0,0,0
710,0,0,0,0,0,0,0,0,0,33,254,6
711,0,0,0,7,22,58,0,0,0,0,2,0
712,0,0,0,36,14,362,0,0,0,0,6,0
713,0,1,0,0,3,0,376,453,2,0,0,0
714,0,6,0,0,0,0,396,299,4,0,0,0
715,0,0,0,0,0,2,0,0,0,8,712,5
716,58,43,1,1,0,0,0,0,0,0,0,0
717,0,0,0,0,0,0,0,0,0,52,141,0
718,0,0,0,20,6,411,0,0,0,0,1,0
719,0,0,0,0,0,0,61,9,0,0,0,0
720,0,100,25,0,0,0,0,0,0,0,0,0
721,0,0,0,1,10,219,0,0,0,0,2,0
722,0,0,0,0,0,0,0,0,0,84,282,0
723,0,0,0,0,0,2,0,0,0,23,193,0
724,0,0,0,5,5,1157,0,0,0,0,7,0
725,0,0,0,2,0,9,0,0,0,0,0,0
726,8,60,0,0,0,0,0,0,0,0,0,0
727,0,0,0,4,0,97,0,0,0,0,0,0
728,0,0,0,0,0,0,8,1,5,0,0,0
729,10,82,32,0,0,0,0,0,0,0,0,0
730,3,101,92,0,0,0,0,0,0,0,0,0
731,0,0,0,0,0,0,240,56,8,0,0,0
732,2,83,21,0,0,0,0,0,0,0,0,0
733,0,0,0,12,30,19785,0,0,0,1,159,0
734,0,0,0,7,4,17,0,0,0,0,0,0
735,0,0,0,2,3,11,0,0,0,0,0,0
736,1,0,0,6,1,47,0,0,0,0,1,0
737,0,0,0,0,0,0,0,0,0,4,3,1
738,9,24,3,0,0,0,0,0,0,0,0,0
739,1,119,30,0,0,0,0,0,0,0,0,0
740,0,0,0,0,0,0,145,1,2,0,0,0
741,0,21,17,0,0,0,0,0,0,0,0,0
742,10,91,166,0,0,0,1,0,0,1,0,0
743,5,18,139,0,0,0,0,0,0,1,0,0
744,0,119,23,0,0,0,0,0,0,0,0,0
745,0,0,0,0,2,44,0,0,0,89,11501,3
746,0,0,0,8,4,99,0,0,0,0,1,0
747,0,0,0,0,0,0,0,20,0,0,0,0
748,0,0,0,0,0,0,0,36,9,0,0,0
749,1,318,27,0,0,0,0,0,0,0,0,0
750,0,16,0,0,0,0,0,0,0,0,0,0
751,0,0,0,0,0,0,0,0,0,7,970,1
752,4,41,12,0,0,0,0,0,0,0,0,0
753,0,0,0,0,0,1,0,0,0,10,361,0
754,0,0,0,2,0,50,0,0,0,0,0,0
755,0,4,1,0,0,0,0,0,0,0,0,0
756,6,21,7,0,0,0,0,0,0,0,0,0
757,0,29,3,0,0,0,0,0,0,0,0,0
758,0,0,0,0,0,1,0,0,0,1,463,1
759,3,42,4,0,0,0,0,0,0,0,0,0
760,0,0,0,2,1,150,0,0,0,0,0,0
761,9,1668,23,0,0,0,7,0,0,0,0,0
762,0,4,0,0,0,0,94,4,2,0,0,0
763,0,0,0,0,0,1,0,0,0,17,418,1
764,21,97,20,0,0,0,0,0,0,0,0,0
765,0,0,0,0,0,0,55,30,2,0,0,0
766,0,0,0,2,2,46,0,0,0,0,0,0
767,0,0,0,0,0,0,40,268,0,0,0,0
768,0,0,0,0,0,0,39,40,0,0,0,0
769,0,0,0,0,0,125,0,0,0,0,2,0
770,0,0,0,0,0,0,111,42,0,0,0,0
771,0,0,0,2,3,122,0,0,0,0,0,0
772,0,0,0,210,3,855,0,0,0,0,8,0
773,1,80,2,0,0,0,0,0,0,0,0,0
774,0,0,0,0,0,1,0,0,0,81,531,1
775,0,0,1,0,0,0,0,0,0,69,523,2
776,0,0,0,0,0,0,0,0,0,20,193,0
777,0,0,0,0,0,0,295,39,1,0,0,0
778,0,0,0,12,29,239,0,0,0,0,5,0
779,0,0,0,0,0,0,73,0,6,0,0,0
780,4,52,133,0,0,0,0,0,0,1,0,0
781,1,152,12,0,0,0,0,0,0,0,0,0
782,0,0,0,0,0,0,0,0,0,27,137,0
783,0,0,0,8,16,32,0,0,0,0,0,0
784,0,0,0,0,0,0,0,0,0,2,303,0
785,43,63,7,0,0,0,0,0,0,0,0,0
786,0,0,0,79,4,38,0,0,0,0,0,0
787,0,0,0,0,0,0,28,287,75,0,0,0
788,0,0,0,0,0,2,0,0,0,25,746,4
789,0,9,0,0,0,0,177,32,0,0,0,0
790,0,0,0,6,10,446,0,0,0,0,3,0
791,0,0,0,0,0,0,39,1,2,0,0,0
792,26,96,131,0,0,0,0,0,0,0,0,0
793,0,0,0,0,0,0,148,369,10,0,0,0
794,0,0,0,0,0,2,0,0,0,16,365,4
795,0,0,0,0,5,7,0,0,0,0,0,0
796,0,0,0,38,1,420,0,0,0,0,0,0
797,1,18,8,0,0,0,0,0,0,0,0,0
798,1,267,5,0,0,0,1,0,0,0,0,0
799,0,0,0,1,0,1,0,0,0,23,2084,8
800,0,0,0,0,0,0,13,1,0,0,0,0
801,0,0,0,0,0,0,4,8,1,0,0,0
802,147,192,79,0,0,0,0,0,0,0,2,0
803,0,0,0,0,0,0,6,36,1,0,0,0
804,0,0,0,0,0,0,6,3,0,0,0,0
805,0,0,0,0,5,0,652,1297,0,0,0,0
806,0,3,0,0,0,0,1249,60,0,0,0,0
807,0,0,0,0,0,0,0,0,0,2,170,0
808,411,397,44,3,0,0,0,0,0,0,0,0
809,0,0,0,18,2,693,0,0,0,0,1,0
810,0,365,6,0,0,0,2,0,0,0,0,0
811,0,0,0,0,0,1,0,0,0,0,604,0
812,7,72,5,0,0,0,0,0,0,0,0,0
813,0,0,0,0,0,2,0,0,0,163,433,1
814,0,0,0,28,175,140,0,0,0,0,2,0
815,0,0,0,0,0,11,0,0,0,47,2836,5
816,0,0,0,0,0,0,409,62,3,0,0,0
817,0,0,0,0,0,0,0,0,0,20,322,3
818,0,0,0,2,0,55,0,0,0,0,0,0
819,2,140,11,0,0,0,0,0,0,0,0,0
820,0,0,0,0,0,2175,0,0,0,0,5,0
821,0,0,0,0,0,0,122,4,1,0,0,0
822,0,0,0,0,1,14,0,0,0,0,0,0
823,0,0,2,0,0,56,0,0,0,269,9592,42
824,0,0,0,0,0,0,1,1,0,0,0,0
825,1,5,1,0,0,0,0,0,0,0,0,0
826,0,0,0,0,2,10867,0,0,0,0,163,0
827,1,30,3,0,0,0,0,0,0,0,0,0
828,2,37,18,0,0,0,0,0,0,0,0,0
829,0,0,0,0,0,47,0,0,0,123,11106,1
830,44,3,1,0,0,0,0,0,0,0,0,0
831,0,105,18,0,0,0,0,0,0,0,0,0
832,0,0,0,0,0,15,0,0,0,56,3660,0
833,0,0,0,5,5,1095,0,0,0,0,8,0
834,1,0,0,41,15,40,0,0,0,0,0,0
835,0,0,0,0,0,58,0,0,0,68,9106,4
836,0,0,0,2,1,1,0,0,0,0,0,0
837,0,0,0,0,0,0,18,16,1,0,0,0
838,0,0,0,0,0,469,0,0,0,0,1,0
839,0,0,0,0,0,0,278,61,0,0,0,0
840,0,0,0,0,0,0,365,6,15,0,0,0
841,0,0,0,0,0,10,0,0,0,113,990,2
842,0,0,0,0,0,3,0,0,0,32,665,1
843,0,0,0,0,2,56,0,0,0,99,1688,2
844,0,0,0,35,15,239,0,0,0,0,0,0
845,0,0,0,0,0,0,110,58,18,0,0,0
846,1,3,28,0,0,0,0,0,0,0,0,0
847,0,0,0,132,7,423,0,0,0,0,4,0
848,0,0,0,0,0,0,2,38,2,0,0,0
849,0,0,0,0,0,0,2,4,0,0,0,0
850,0,0,0,0,0,0,0,0,0,117,587,0
851,0,0,0,67,0,673,0,0,0,0,1,0
852,1,17,0,0,0,0,0,0,0,0,0,0
853,0,0,0,0,0,2,0,0,0,0,1299,0
854,0,0,0,0,0,2,0,0,0,11,1123,1
855,0,0,0,0,0,0,0,0,0,53,35,0
856,0,0,0,7,17,317,0,0,0,0,2,0
857,0,0,0,0,0,0,0,0,0,82,177,1
858,0,0,0,0,1,9,0,0,0,0,0,0
859,0,0,0,103,4,505,0,0,0,0,6,0
860,0,0,0,0,0,0,126,3,1,0,0,0
861,12,372,91,0,0,0,0,0,0,2,0,0
862,0,1,0,0,0,0,103,248,1,0,0,0
863,0,0,0,0,1,0,0,0,0,0,0,0
864,0,0,0,0,0,0,3,3,0,0,0,0
865,0,0,0,0,0,2,0,0,0,0,1854,0
866,14,179,5,0,0,0,0,0,0,0,0,0
867,0,0,0,1,0,6,0,0,0,0,0,0
868,1,0,0,10,1,74,0,0,0,0,0,0
869,0,32,3,0,0,0,0,0,0,0,0,0
870,8,164,28,0,0,0,0,0,0,1,0,0
871,18,232,15,0,0,0,1,0,0,0,0,0
872,0,8,0,0,0,0,1446,733,9,0,0,0
873,1,194,6,0,0,0,1,0,0,0,0,0
874,0,0,0,0,0,5,0,0,0,27,2119,0
875,0,0,1,0,0,4,0,0,0,143,1614,55
876,0,0,0,3,18,1,0,0,0,0,0,0
877,0,0,0,6,65,150,0,0,0,0,0,0
878,0,0,0,0,0,108,0,0,0,146,2485,1
879,0,0,0,0,0,5,0,0,0,0,0,0
880,5,77,10,0,0,0,0,0,0,0,0,0
881,0,0,0,0,1,0,358,153,0,0,0,0
882,0,0,0,0,0,1,0,0,0,27,985,2
883,85,55,4,0,0,0,0,0,0,0,0,0
884,0,0,0,0,0,313801,0,0,0,28,318674,5
885,0,0,0,0,0,0,181,121,2,0,0,0
886,0,0,0,0,10,260,0,0,0,0,4,0
887,0,0,0,0,0,0,43,42,2,0,0,0
888,0,0,0,0,0,1,0,0,0,16,508,29
889,0,0,0,18,14,60,0,0,0,0,0,0
890,0,1,0,0,1,0,300,187,0,0,0,0
891,0,1,0,0,0,0,127,27,1,0,0,0
892,0,0,0,0,0,102,0,0,0,0,0,0
893,0,19,1,0,0,0,0,0,0,0,0,0
894,4,51,3,0,0,0,0,0,0,0,0,0
895,0,253,2,0,0,0,0,0,0,0,0,0
896,0,19,0,0,2,0,1043,218,2,0,0,0
897,0,0,0,0,0,6,0,0,0,31,915,0
898,2,0,0,247,22,157,0,0,0,0,0,0
899,0,0,0,4,26,60,0,0,0,0,0,0
900,0,0,0,0,0,6,0,0,0,2,1457,0
901,70,236,34,0,0,0,0,0,0,0,0,0
902,0,0,0,40,17,202,0,0,0,0,0,0
903,0,0,0,0,0,0,77,81,12,0,0,0
904,0,0,0,0,0,1,0,0,0,2,620,0
905,3,675,5,0,0,0,0,0,0,0,0,0
906,0,0,0,0,0,0,0,0,0,112,722,1
907,0,0,0,9,18,120,0,0,0,0,0,0
908,0,0,0,3,0,47,0,0,0,0,0,0
909,0,0,0,1,1,0,0,0,0,0,0,0
910,0,0,0,0,0,0,448,100,8,0,0,0
911,0,0,0,231,735,81,0,2,0,0,0,0
912,0,0,20,0,0,1,0,0,0,2297,1180,0
913,0,0,0,0,6,1378,0,0,0,36,316019,0
914,0,0,0,0,0,0,424,2,2,0,0,0
915,113,56,35,0,0,0,0,0,0,0,0,0
916,0,162,52,0,0,0,0,0,0,1,0,0
917,0,0,0,0,0,0,0,0,0,0,1,0
918,4,1,0,0,0,0,0,0,0,0,0,0
919,2,136,2,0,0,0,2,0,0,0,0,0
920,0,0,0,0,0,24,0,0,0,218,3021,7
921,0,0,0,38,4,3,0,0,0,0,0,0
922,0,0,0,0,9,0,650,792,20,0,0,0
923,0,0,0,0,1,0,497,512,1,0,0,0
924,0,32,13,0,0,0,0,0,0,0,0,0
925,0,0,0,0,0,13,0,0,0,45,1980,0
926,0,0,0,4,9,74,0,0,0,0,0,0
927,1,0,0,16,23,18,0,0,0,0,0,0
928,0,0,0,0,0,18,0,0,0,0,0,0
929,3,2256,1,0,0,0,17,0,0,0,0,0
930,0,0,0,0,0,5,0,0,0,0,0,0
931,0,0,0,98,7,118,0,0,0,0,0,0
932,0,0,0,0,0,0,78,332,28,0,0,0
933,2,56,11,0,0,0,0,0,0,0,0,0
934,0,0,0,0,0,10,0,0,0,20,5227,3
935,1,130,4,0,0,0,0,0,0,0,0,0
936,0,0,0,0,0,17,0,0,0,227,5351,1
937,0,0,0,30,0,109,0,0,0,0,0,0
938,0,12,2,0,0,0,0,0,0,0,0,0
939,2,264,22,0,0,0,1,0,0,0,0,0
940,0,4,0,0,0,0,338,73,2,0,0,0
941,16,91,36,0,0,0,0,0,0,0,0,0
942,0,7,0,0,5,0,948,133,0,0,0,0
943,0,2,0,0,0,0,525,87,0,0,0,0
944,0,3,0,0,0,0,553,52,4,0,0,0
945,0,0,0,0,0,0,59,395,0,0,0,0
946,0,0,0,0,0,31,0,0,0,0,0,0
947,0,0,0,0,3,0,437,536,1,0,0,0
948,0,0,0,0,1,32,0,0,0,0,0,0
949,12,1041,2,0,0,0,1,0,0,0,0,0
950,0,0,0,2,1,255,0,0,0,0,1,0
951,1,167,1,0,0,0,12,0,0,0,0,0
952,0,0,0,0,0,1,0,0,0,0,561,0
953,0,0,0,14,4,10,0,0,0,0,0,0
954,0,0,0,0,0,0,43,78,2,0,0,0
955,0,0,0,0,0,0,0,0,0,0,333,0
956,0,0,0,38,1,26,0,0,0,0,0,0
957,0,2,0,0,0,0,60,6,3,0,0,0
958,0,0,0,0,0,1,0,0,0,0,798,0
959,0,0,0,0,0,0,0,0,0,76,364,0
960,0,3,0,0,0,0,838,57,0,0,0,0
961,0,0,0,1,13,330,0,0,0,0,4,0
962,0,1,0,0,0,0,79,1,1,0,0,0
963,25,147,59,0,0,0,0,0,0,0,0,0
964,1,169,9,0,0,0,0,0,0,0,0,0
965,0,0,0,0,0,0,0,0,0,0,18,0
966,1,3,1,0,0,0,0,0,0,0,0,0
967,0,0,0,0,0,387,0,0,0,0,0,0
968,0,1,0,0,0,0,26,2,0,0,0,0
969,21,111,31,0,0,0,0,0,0,0,0,0
970,0,0,0,0,0,0,300,132,1,0,0,0
971,0,0,0,0,0,0,0,0,0,0,9,0
972,0,0,0,0,0,0,0,0,0,0,0,0
973,0,0,0,2,0,3156,0,0,0,0,41,0
974,0,0,0,0,0,0,28,1,0,0,0,0
975,7,14,15,0,0,0,0,0,0,0,0,0
976,6,29,114,0,0,0,0,0,0,0,0,0
977,8,258,11,0,0,0,0,0,0,8,0,0
978,0,0,0,1,0,55,0,0,0,0,0,0
979,0,0,0,85,4,71,0,0,0,0,0,0
980,0,0,0,0,0,0,43,3,0,0,0,0
981,0,0,0,0,0,0,0,0,0,0,176,0
982,0,0,0,1,56,18,0,0,0,0,0,0
983,0,0,0,1,0,1,0,0,0,0,0,0
984,0,0,0,0,0,0,0,0,2,0,0,0
985,0,0,0,0,0,0,0,1,0,0,0,0
986,3,0,0,23,0,49,0,0,0,0,6,0
987,5,235,0,0,0,0,0,0,0,0,0,0
988,0,0,0,0,0,0,0,0,0,0,326,0
989,7,52,0,0,0,0,0,0,0,0,0,0
990,0,0,0,0,0,0,0,0,0,0,54,0
991,0,2,0,0,1,0,479,455,1,0,0,0
992,0,0,0,0,0,0,122,2,1,0,0,0
993,5,50,25,0,0,0,0,0,0,0,0,0
994,2,475,11,0,0,0,3,0,0,0,0,0
995,0,0,0,0,0,0,0,0,0,1,31,0
996,0,0,0,0,0,0,7,0,1,0,0,0
997,0,0,0,2,10,370,0,0,0,0,1,0
998,0,0,0,13,11,21,0,0,0,0,0,0
999,0,0,0,0,0,0,0,0,0,43,330,3
1000,2,0,0,229,64,223,2,0,0,0,0,0
1001,0,0,0,0,0,0,88,0,1,0,0,0
1002,3,172,20,0,0,0,1,0,0,0,0,0
1003,4,89,6,0,0,0,0,0,0,0,0,0
1004,16,50,14,0,0,0,0,0,0,0,0,0
1005,291,184,47,0,0,0,1,0,0,0,0,0
1006,0,0,0,0,2,0,91,424,0,0,0,0
1007,20,21,18,0,0,0,0,0,0,0,0,0
1008,0,0,0,0,0,0,44,94,1,0,0,0
1009,0,0,0,0,0,7,0,0,0,5,1251,1
1010,0,0,0,0,0,0,0,0,0,0,0,0
1011,0,2,0,0,0,0,0,0,0,0,0,0
1012,0,0,0,0,0,428,0,0,0,0,2,0
1013,0,0,0,0,0,0,27,0,4,0,0,0
1014,4,30,31,0,0,0,0,0,0,0,0,0
1015,0,200,75,0,0,0,1,0,0,0,0,0
1016,0,0,0,1,21,39,0,0,0,0,0,0
1017,0,0,0,0,10,20,0,0,0,0,0,0
1018,0,0,0,0,5,0,80,209,5,0,0,0
1019,0,0,0,0,0,0,0,0,0,0,2,0
1020,2,2,0,0,0,0,0,0,0,0,0,0
1021,0,0,0,0,0,0,84,32,0,0,0,0
1022,3,87,3,0,0,0,0,0,0,0,0,0
1023,0,0,0,0,0,0,0,0,0,1,19,0
1024,0,65,3,0,0,0,0,0,0,0,0,0
1025,0,0,0,0,0,0,0,0,0,2,42,0
1026,0,0,0,0,0,0,0,0,0,5,35,0
1027,0,0,0,1,21,72,0,0,0,0,0,0
1028,0,0,0,3,1,32,0,0,0,0,0,0
1029,0,0,0,6,3,7,0,0,0,0,0,0
1030,0,0,0,12,9,119,0,0,0,0,0,0
1031,0,0,0,0,0,0,7,0,2,0,0,0
1032,0,8,6,0,0,0,0,0,0,0,0,0
1033,4,227,29,0,0,0,1,0,0,0,0,0
1034,0,232,88,0,0,0,0,0,0,0,0,0
1035,0,0,0,1,0,72,0,0,0,0,0,0
1036,0,0,0,4,1,93,0,0,0,0,0,0
1037,0,26,1,0,0,0,0,0,0,0,0,0
1038,1,54,9,0,0,0,1,0,0,0,0,0
1039,3,78,16,0,0,0,0,0,0,0,0,0
1040,0,0,0,3,13,120,0,0,0,0,0,0
1041,0,0,0,0,6,46,0,0,0,0,0,0
1042,0,0,0,0,0,0,146,271,0,0,0,0
1043,0,15,0,0,0,0,911,286,2,0,0,0
1044,0,0,0,0,0,0,0,0,0,0,431,0
1045,1014,47,2,6,0,0,0,0,0,0,0,0
1046,0,22,15,0,0,0,0,0,0,0,0,0
1047,3,481,74,0,0,0,8,0,0,0,0,0
1048,0,0,0,1,454,8,95,49837,3,0,0,0
1049,14,22,28,0,0,0,0,0,0,0,0,0
1050,1,14,24,0,0,0,0,0,0,0,0,0
1051,1,116,21,0,0,0,0,0,0,0,0,0
1052,0,0,0,8,8,84,0,0,0,0,0,0
1053,0,0,0,0,1,23,0,0,0,0,0,0
1054,0,0,0,4,6,329,0,0,0,0,0,0
1055,0,0,0,0,1,0,55,162,9,0,0,0
1056,1,40,20,0,0,0,0,0,0,0,0,0
1057,0,0,0,0,0,0,0,0,0,53,1112,1
1058,16,100,8,0,0,0,0,0,0,0,0,0
1059,0,0,0,0,1,933,0,0,0,24,157380,0
1060,0,0,0,0,0,7,0,0,0,152,2910,17
1061,0,0,0,11,18,82,0,0,0,0,0,0
1062,0,0,0,1,34,25,0,0,0,0,0,0
1063,0,0,0,0,0,21,0,0,0,5,3480,3
1064,88,58,4,0,0,0,0,0,0,0,0,0
1065,2,95,7,0,0,0,1,0,0,0,0,0
1066,1,0,0,62,30,161,0,0,0,0,0,0
1067,0,1,0,0,0,0,193,40,17,0,0,0
1068,0,0,0,0,0,0,546,45,0,0,0,0
1069,0,0,0,0,0,0,259,145,0,0,0,0
1070,0,0,0,0,0,0,69,0,0,0,0,0
1071,10,144,30,0,0,0,0,0,0,0,0,0
1072,7,361,61,0,0,0,3,0,0,0,0,0
1073,0,0,0,6,94,65,0,0,0,0,0,0
1074,0,0,0,0,0,0,86,14,2,0,0,0
1075,0,0,0,0,6,474,0,0,0,0,3,0
1076,0,0,0,0,0,4,0,0,0,7,911,1
1077,0,0,0,0,0,54,0,0,1,80,2728,9
1078,7,131,5,0,0,0,0,0,0,0,0,0
1079,9,32,19,0,0,0,0,0,0,0,0,0
1080,5,335,17,0,0,0,4,0,0,0,0,0
1081,0,0,0,3,4,182,0,0,0,0,0,0
1082,0,0,0,0,2,19,0,0,0,0,0,0
1083,0,0,0,0,0,4,0,0,0,0,0,0
1084,0,0,0,0,0,76,0,0,0,0,0,0
1085,0,0,0,0,3,0,190,1172,3,0,0,0
1086,0,0,0,0,0,54,0,0,0,0,0,0
1087,2,595,0,0,0,0,7,0,0,0,0,0
1088,0,0,0,1,10,121,0,0,0,0,1,0
1089,0,0,0,9,1,0,0,0,0,0,0,0
1090,0,0,0,24,11,483,0,0,0,0,0,0
1091,0,0,0,0,0,13,0,0,0,5,1253,0
1092,0,0,0,0,0,0,0,0,0,3,5,0
1093,0,0,2,0,0,2,0,0,0,315,1023,1
1094,0,0,0,10,6,109,0,0,0,0,0,0
1095,0,0,0,0,0,41,0,0,0,0,0,0
1096,8,129,2,0,0,0,0,0,0,0,0,0
1097,6,27,8,0,0,0,0,0,0,0,0,0
1098,7,1823,244,0,0,0,11,0,0,0,0,0
1099,0,0,0,2,105,415,0,0,0,0,61,0
1100,0,0,0,18,29,9,0,0,0,0,0,0
1101,0,0,0,0,0,5,0,0,0,4,844,4
1102,0,0,0,0,0,11,0,0,0,37,3369,0
1103,339,237,11,1,0,0,0,0,0,0,0,0
1104,0,0,0,9,2,894,0,0,0,0,4,0
1105,9,31,3,0,0,0,0,0,0,0,0,0
1106,1,679,12,0,0,0,1,0,0,0,0,0
1107,0,0,0,1,9,216,0,0,0,0,0,0
1108,0,0,0,0,0,0,0,0,0,14,650,2
1109,1,89,36,0,0,0,1,0,0,0,0,0
1110,34,46,52,1,0,0,0,0,0,0,0,0
1111,0,0,0,0,0,0,303,119,0,0,0,0
1112,2,58,16,0,0,0,0,0,0,0,0,0
1113,0,0,6,0,0,0,0,0,0,43,535,1
1114,0,0,1,20,1,106,0,0,0,0,0,0
1115,3,65,0,0,0,0,0,0,0,0,0,0
1116,0,0,0,2,3,51,0,0,0,0,0,0
1117,0,0,0,1,24,132,0,0,0,0,0,0
1118,0,0,0,0,0,0,0,0,0,8,2,0
1119,19,31,3,0,0,0,0,0,0,0,0,0
1120,0,39,2,0,0,0,0,0,0,0,0,0
1121,0,0,0,0,0,0,0,0,0,116,738,2
1122,0,0,0,0,0,3,0,0,0,27,457,0
1123,78,195,12,0,0,0,0,0,0,0,0,0
1124,1,86,49,0,0,0,0,0,0,0,0,0
1125,0,0,0,0,0,0,1111,118,3,0,0,0
1126,0,6,0,0,0,0,1285,521,3,0,0,0
1127,0,0,0,0,0,0,178,63,0,0,0,0
1128,0,0,0,0,0,57,0,0,0,0,0,0
1129,0,0,0,21,5,73,0,0,0,0,0,0
1130,0,0,0,0,0,0,9,1,0,0,0,0
1131,6,98,82,0,0,0,0,0,0,1,0,0
1132,316,26,94,0,0,0,0,0,0,0,0,0
1133,0,17,5,0,0,0,0,0,0,0,0,0
1134,5,42,34,0,0,0,0,0,0,0,0,0
1135,0,0,0,0,1,0,30,365,1,0,0,0
1136,0,16,10,0,0,0,0,0,0,0,0,0
1137,2,342,25,0,0,0,3,0,0,0,0,0
1138,1,28,14,0,0,0,0,0,0,0,0,0
1139,0,21,361,0,0,0,0,0,0,0,0,0
1140,86,31,17,0,0,0,0,0,0,0,0,0
1141,0,0,0,0,4,0,78,991,9,0,0,0
1142,0,0,0,0,0,1,0,0,0,31,515,17
1143,0,0,0,1,23,40,0,0,0,0,0,0
1144,0,0,0,17,3,168,0,0,0,0,0,0
1145,0,1,0,0,0,0,92,11,0,0,0,0
1146,6,417,36,0,0,0,0,0,0,0,0,0
1147,0,0,0,11,70,206,0,4,0,0,0,0
1148,0,0,0,0,4,0,221,1747,9,0,0,0
1149,0,0,0,0,9,0,77,311,3,0,0,0
1150,0,0,0,0,0,3,0,0,0,16,2078,5
1151,0,0,0,17,8,29,0,0,0,0,0,0
1152,0,0,0,0,9,17,0,1,0,0,0,0
1153,0,0,0,2,0,27,0,0,0,0,0,0
1154,13,333,6,0,0,0,1,0,0,0,0,0
1155,0,0,0,76,21,183,0,0,0,0,0,0
1156,0,0,0,0,0,0,79,116,0,0,0,0
1157,0,4,0,0,0,0,407,90,0,0,0,0
1158,0,1,0,0,0,0,167,68,0,0,0,0
1159,0,0,0,1,1,40,0,0,0,0,0,0
1160,1,24,4,0,0,0,0,0,0,0,0,0
1161,0,0,0,0,0,0,138,4,0,0,0,0
1162,0,172,4,0,0,0,1,0,0,0,0,0
1163,5433,280,137,9,0,0,5,0,0,0,0,0
1164,0,0,0,0,3,22,0,0,0,0,0,0
1165,1,0,0,56,28,169,0,0,0,0,0,0
1166,0,0,0,0,0,0,0,0,0,48,1,24
1167,0,0,0,0,0,0,148,42,3,0,0,0
1168,7,540,98,0,0,0,5,0,0,0,0,0
1169,0,0,0,7,14,136,0,0,0,0,0,0
1170,0,0,0,0,0,7,0,0,0,46,2754,0
1171,0,0,0,11,8,658,0,0,0,0,4,0
1172,0,0,0,0,0,0,494,28,1,0,0,0
1173,0,0,0,0,2,89,0,0,0,0,0,0
1174,0,0,0,0,0,0,0,0,0,50,527,0
1175,0,0,0,0,0,158,0,0,0,0,1,0
1176,3,31,1,0,0,0,0,0,0,0,0,0
1177,0,0,0,0,0,1007,0,0,0,0,0,0
1178,0,0,0,0,0,1,0,0,0,59,485,12
1179,0,0,0,0,0,2,0,0,0,16,496,2
1180,72,2604,34,0,0,0,119,3,0,0,0,0
1181,0,0,0,0,8,0,160,2845,3,0,0,0
1182,0,0,0,0,24,57,0,0,0,0,0,0
1183,0,0,0,56,34,80,0,0,0,0,1,0
1184,0,0,0,0,0,0,128,42,1,0,0,0
1185,0,0,0,0,0,5,0,0,0,7,1051,10
1186,0,2,0,0,0,0,685,311,73,0,0,1
1187,0,0,0,11,6,28,0,0,0,0,0,0
1188,0,0,0,0,0,3,0,0,0,0,398,0
1189,42,56,6,0,0,0,0,0,0,0,0,0
1190,0,0,12,0,0,14,0,0,0,158,5004,100
1191,0,0,3,0,0,323,0,0,0,1034,35108,0
1192,14,1084,12,0,0,0,1,0,0,0,0,0
1193,12,45,14,0,0,0,0,0,0,0,0,0
1194,1,247,407,0,0,0,0,0,0,0,1,0
1195,0,0,0,9,13,946,0,0,0,0,0,0
1196,0,0,0,0,0,0,25,0,6,0,0,0
1197,6,63,24,0,0,0,0,0,0,0,0,0
1198,11,85,45,0,0,0,0,0,0,0,0,0
1199,0,0,0,5,0,1,0,0,0,0,0,0
1200,0,0,0,0,0,0,40,26,1,0,0,0
1201,0,0,0,0,0,1,0,0,0,0,296,0
1202,29,46,22,0,0,0,0,0,0,0,0,0
1203,0,127,2,0,0,0,0,0,0,0,0,0
1204,0,0,1,0,0,0,0,0,0,87,568,1
1205,0,0,6,0,0,0,0,0,0,859,0,47
1206,29,163,9,0,0,0,1,0,0,0,0,0
1207,18,60,43,0,0,0,0,0,0,0,0,0
1208,1,136,24,0,0,0,0,0,0,0,0,0
1209,0,0,0,0,1,55,0,0,0,0,0,0
1210,0,0,0,0,3,0,223,1206,7,0,0,0
1211,0,0,0,28,168,41,0,0,0,0,0,0
1212,0,0,0,0,0,0,153,126,4,0,0,0
1213,0,0,0,0,0,3,0,0,0,1,587,0
1214,0,0,1,0,0,0,0,0,0,93,262,0
1215,0,0,0,3,0,19,0,0,0,0,0,0
1216,0,0,0,12,6,77,0,0,0,0,0,0
1217,0,0,0,12,14,2,0,0,0,0,0,0
1218,0,0,0,0,0,9,0,0,0,0,4593,1
1219,44,91,7,0,0,0,0,0,0,0,0,0
1220,9,73,0,0,0,0,1,0,0,0,0,0
1221,0,0,0,0,0,0,0,0,0,48,359,2
1222,0,0,0,104,128,63,0,0,0,0,0,0
1223,0,0,0,0,0,0,0,0,0,61,322,0
1224,0,0,0,8,40,2,0,0,0,0,0,0
1225,0,0,0,0,0,0,0,0,3,5,333,6
1226,23,218,179,0,0,0,1,0,0,0,0,0
1227,0,0,0,6,11,215,0,0,0,0,0,0
1228,0,0,0,0,0,0,52,32,0,0,0,0
1229,0,183,33,0,0,0,0,0,0,0,0,0
1230,7,1581,38,0,0,0,11,0,0,0,0,0
1231,0,0,0,0,8,0,42,414,1,0,0,0
1232,0,0,0,1,1,0,0,0,0,0,0,0
1233,0,0,0,0,0,0,0,6,0,0,0,0
1234,0,0,0,0,0,91,0,0,0,0,0,0
1235,0,0,0,0,1,0,54,46,3,0,0,0
1236,14,1017,22,0,0,0,4,2,0,0,0,0
1237,0,0,0,28,23,543,0,0,0,0,3,0
1238,0,0,0,0,0,1,0,0,0,6,394,0
1239,5,94,11,0,0,0,0,0,0,0,0,0
1240,0,0,0,4,31,57,0,0,0,0,0,0
1241,0,0,0,0,1,0,0,0,0,0,0,0
1242,0,5,1,0,0,0,132,20,0,0,0,0
1243,0,0,0,0,0,179,0,0,0,0,0,0
1244,0,1,0,0,0,0,121,36,4,0,0,0
1245,0,1,0,0,0,0,359,120,3,0,0,0
1246,2,0,0,48,1,72,0,0,0,0,0,0
1247,0,0,0,0,0,0,60,0,2,0,0,0
1248,28,42,32,0,0,0,0,0,0,0,0,0
1249,41,308,26,0,0,0,1,0,0,0,0,0
1250,0,45,5,0,0,0,0,0,0,0,0,0
1251,0,0,0,0,0,1,0,0,0,70,313,0
1252,0,0,0,2,28,30,0,0,0,0,0,0
1253,0,0,0,23,19,2,0,0,0,0,0,0
1254,0,0,0,0,0,12,0,0,0,0,224,0
1255,16,893,2,0,0,0,6,0,0,0,0,0
1256,0,0,0,1,0,3,0,0,0,0,0,0
1257,0,0,0,0,0,0,0,3,0,0,0,0
1258,0,0,0,0,0,0,1,17,0,0,0,0
1259,0,0,0,0,0,0,0,0,0,2,0,1
1260,215,1,0,5,0,0,0,0,0,0,0,0
1261,0,0,0,0,0,0,162,98,12,0,0,0
1262,2,369,108,0,0,0,1,0,0,1,0,0
1263,0,0,0,0,1,3,0,0,0,63,1806,1
1264,0,18,0,0,12,0,787,1159,0,0,0,0
1265,0,0,0,0,1,0,566,221,0,0,0,0
1266,0,0,0,0,0,0,15,43,3,0,0,0
1267,0,0,0,0,0,235,0,0,0,102,31140,18
1268,0,3,0,0,0,0,797,15,11,0,0,0
1269,3,890,46,0,0,0,2,0,0,0,0,0
1270,0,0,0,6,9,122,0,0,0,0,0,0
1271,0,0,0,1,0,48,0,0,0,0,0,0
1272,0,0,0,0,0,2,0,0,0,0,0,0
1273,0,0,0,11,0,84,0,0,0,0,1,0
1274,0,7,0,0,9,0,1249,2821,31,0,0,0
1275,0,0,0,0,3,64,0,0,0,0,0,0
1276,0,0,0,4,1,47,0,0,0,0,0,0
1277,2,12,1,0,0,0,0,0,0,0,0,0
1278,3,48,1,0,0,0,0,0,0,0,0,0
1279,6,105,4,0,0,0,0,0,0,0,0,0
1280,0,0,0,0,0,0,375,15,2,0,0,0
1281,0,0,0,0,0,5,0,0,0,16,5126,0
1282,0,0,0,0,0,1,0,0,0,20,377,1
1283,1,130,1,0,0,0,4,0,0,0,0,0
1284,0,0,0,0,0,1,0,0,0,39,699,1
1285,0,0,0,3,43,46,0,0,0,0,0,0
1286,0,0,0,0,0,2,0,0,0,0,0,0
1287,0,0,0,0,0,0,0,1,1,0,0,0
1288,0,0,0,0,0,10,0,0,0,0,5843,0
1289,0,0,0,0,0,0,26,2,4,0,0,0
1290,0,42,39,0,0,0,0,0,0,0,0,0
1291,2,212,160,0,0,0,0,0,0,0,0,0
1292,0,0,0,6,1,195,0,0,0,0,0,0
1293,0,0,0,2,10,21,0,0,0,0,0,0
1294,0,0,0,0,0,51,0,0,0,0,0,0
1295,0,0,0,0,0,3,0,0,0,0,0,0
1296,0,0,0,0,0,0,0,9,2,0,0,0
1297,0,0,0,0,1,80,0,0,0,0,1,0
1298,0,1,0,0,0,0,140,120,0,0,0,0
1299,0,3,0,0,0,0,400,62,1,0,0,0
1300,0,0,0,0,0,0,0,0,0,14,1078,3
1301,13,76,0,0,0,0,0,0,0,0,0,0
1302,0,0,0,0,0,10,0,0,0,133,1699,4
1303,0,0,0,105,19,183,0,0,0,0,0,0
1304,0,1,0,0,0,0,356,1,4,0,0,0
1305,27,133,40,0,0,0,0,0,0,0,0,0
1306,0,0,0,0,1,0,155,637,62,0,0,0
1307,1,159,21,0,0,0,0,0,0,0,0,0
1308,4,695,33,0,0,0,2,0,0,0,0,0
1309,0,0,0,19,242,226,0,0,0,0,3,0
1310,0,0,0,3,6,88,0,0,0,0,1,0
1311,0,0,0,0,10,144,0,0,0,0,0,0
1312,0,1,0,0,2,0,206,708,4,0,0,0
1313,1,377,25,0,0,0,1,0,0,0,0,0
1314,0,0,0,0,0,11,0,0,0,141,2311,0
1315,0,0,0,3,0,189,0,0,0,0,1,0
1316,0,36,1,0,0,0,0,0,0,0,0,0
1317,31,57,7,0,0,0,3,0,0,0,0,0
1318,10,60,52,0,0,0,0,0,0,0,0,0
1319,0,1,0,0,0,0,153,31,3,0,0,0
1320,11,47,28,0,0,0,1,0,0,0,0,0
1321,8,49,1114,0,0,0,1,0,0,6,0,0
1322,0,1,0,0,9,0,209,392,1,0,0,0
1323,0,0,0,0,0,0,118,35,0,0,0,0
1324,0,0,0,1,2,66,0,0,0,0,0,0
1325,0,0,0,0,0,0,73,144,0,0,0,0
1326,0,0,0,0,0,10,0,0,0,39,899,2
1327,0,0,0,0,0,3,0,0,0,17,986,1
1328,16,64,1,0,0,0,0,0,0,0,0,0
1329,0,0,8,0,0,0,0,0,0,160,36,1
1330,0,0,0,66,1,129,0,0,0,0,1,0
1331,0,8,0,0,0,0,0,0,0,0,0,0
1332,0,0,1,0,0,0,0,0,0,25,123,2
1333,0,0,0,53,31,56,0,0,0,0,0,0
1334,0,0,0,84,7,2,0,0,0,0,0,0
1335,0,0,0,0,0,0,3,1,224,0,0,0
1336,0,0,0,0,0,79,0,0,0,0,1,0
1337,0,0,0,0,0,0,21,6,0,0,0,0
1338,0,0,0,0,0,0,2,3,1,0,0,0
1339,0,0,0,0,4,65,0,0,0,0,0,0
1340,0,0,0,51,0,155,0,0,0,0,0,0
1341,0,95,42,0,0,0,11,1,0,0,0,0
1342,0,0,0,0,0,2,0,0,0,0,2009,0
1343,0,0,0,3,42,203,0,1,0,0,0,0
1344,0,0,0,0,0,926,0,0,0,0,1,0
1345,0,22,21,0,0,0,0,0,0,2,0,0
1346,0,0,5,0,0,3,0,0,0,893,1397,1
1347,0,0,0,0,0,8,0,0,0,40,2021,3
1348,0,0,1,0,0,28,0,0,0,76,3276,8
1349,0,0,2,0,0,0,0,0,0,195,1,3
1350,198,79,4,1,0,0,0,0,0,0,0,0
1351,0,26,8,0,0,0,0,0,0,0,0,0
1352,6,23,24,0,0,0,0,0,0,0,0,0
1353,2,100,4,0,0,0,1,0,0,0,0,0
1354,0,0,0,24,7,157,0,0,0,0,0,0
1355,0,0,0,0,1,0,2,55,1,0,0,0
1356,0,0,0,0,0,0,0,0,0,0,11,6
1357,0,0,0,7,24,80,0,0,0,0,0,0
1358,0,1,0,0,2,0,1356,112,9,0,0,0
1359,0,0,0,0,0,28,0,0,0,0,0,0
1360,0,0,0,8,11,72,0,0,0,0,0,0
1361,0,0,0,0,0,0,146,155,0,0,0,0
1362,0,0,0,0,1,100,0,0,0,0,0,0
1363,1,0,0,150,0,66,0,0,0,0,1,0
1364,0,15,1,0,0,0,0,0,0,0,0,0
1365,1,12,14,0,0,0,0,0,0,0,0,0
1366,2,37,2,0,0,0,0,0,0,0,0,0
1367,2,138,27,0,0,0,0,0,0,0,0,0
1368,0,0,0,0,7,99,0,0,0,0,0,0
1369,0,0,0,2,8,51,0,0,0,0,0,0
1370,0,0,0,1,0,91,0,0,0,0,0,0
1371,3,479,1,0,0,0,4,0,0,0,0,0
1372,0,0,0,0,0,689,0,0,0,0,1,0
1373,0,0,0,0,0,1,0,0,0,0,0,0
1374,0,0,0,0,0,0,1,4,0,0,0,0
1375,0,0,0,0,0,202,0,0,0,0,0,0
1376,0,0,0,0,0,5,0,0,0,30,1085,3
1377,0,0,0,0,0,4,0,0,0,16,795,1
1378,17,96,26,0,0,0,0,0,0,0,0,0
1379,0,21,0,0,0,0,1827,48,0,0,0,0
1380,0,0,0,0,0,7,0,0,0,3,1863,0
1381,85,273,31,2,0,0,0,0,0,0,0,0
1382,0,0,0,0,0,0,0,0,0,0,0,0
1383,0,0,0,0,0,0,0,4,0,0,0,0
1384,0,0,0,0,0,263,0,0,0,0,2,0
1385,0,0,0,0,0,31,0,0,0,11,3571,3
1386,25,299,4,0,0,0,0,0,0,0,0,0
1387,0,0,0,0,0,11,0,0,0,95,4736,9
1388,13,69,2,0,0,0,0,0,0,0,0,0
1389,3,183,17,0,0,0,0,0,0,0,0,0
1390,0,0,0,5,61,282,0,0,0,0,0,0
1391,0,0,0,13,39,491,0,0,0,0,2,0
1392,0,0,0,0,0,3,0,0,0,0,1955,0
1393,86,93,25,0,0,0,0,0,0,0,0,0
1394,0,4,0,0,0,0,186,2,2,0,0,0
1395,12,83,688,0,0,0,0,0,0,1,0,0
1396,106,63,13,0,0,0,0,0,0,0,0,0
1397,0,0,0,0,0,0,356,136,8,0,0,0
1398,0,0,0,3,2,32,0,0,0,0,0,0
1399,17,302,5,0,0,0,0,0,0,0,0,0
1400,0,0,0,0,0,0,450,0,3,0,0,0
1401,0,3,0,0,0,0,700,18,2,0,0,0
1402,0,39,5,0,0,0,0,0,0,0,0,0
1403,0,0,0,0,0,0,0,0,0,55,1423,0
1404,0,0,0,0,1,4,0,0,0,88,1887,1
1405,0,0,0,28,34,1242,0,0,0,0,2,0
1406,0,0,0,0,0,0,45,2,2,0,0,0
1407,128,239,90,0,0,0,0,0,0,0,0,0
1408,0,17,0,0,1,0,311,500,2,0,0,0
1409,0,0,0,0,0,0,0,0,0,2,41,0
1410,3,8,1,0,0,0,0,0,0,0,0,0
1411,0,0,0,1,1,348,0,0,0,0,2,0
1412,65,73,1,0,0,0,0,0,0,0,0,0
1413,0,0,0,0,0,0,87,25,4,0,0,0
1414,0,0,0,0,5,232,0,0,0,0,0,0
1415,0,0,0,0,0,1,0,0,0,43,473,4
1416,0,0,0,24,25,36,0,0,0,0,0,0
1417,0,0,0,60,2,123,0,0,0,0,1,0
1418,0,4,0,0,0,0,418,29,3,0,0,0
1419,0,0,0,0,0,4,0,0,0,18,1670,1
1420,0,0,0,0,0,25,0,0,0,68,6596,0
1421,0,0,0,0,0,0,71,1,2,0,0,0
1422,12,30,9,0,0,0,0,0,0,0,0,0
1423,7,125,80,0,0,0,0,0,0,0,0,0
1424,0,0,0,0,0,45,0,0,0,0,0,0
1425,0,11,0,0,0,0,1,0,0,0,0,0
1426,0,0,0,0,0,10,0,0,0,0,3965,0
1427,0,0,0,0,0,20,0,0,0,58,4020,1
1428,44,16,0,1,0,0,0,0,0,0,0,0
1429,0,0,0,0,0,235,0,0,0,0,0,0
1430,10,213,41,0,0,0,0,0,0,0,0,0
1431,92,114,22,2,0,0,0,0,0,0,0,0
1432,0,0,0,5,2,197,0,0,0,0,0,0
1433,0,0,0,0,0,0,59,0,4,0,0,0
1434,19,63,21,0,0,0,0,0,0,0,0,0
1435,6,124,47,0,0,0,0,0,0,0,0,0
1436,0,0,0,4,40,73,0,0,0,0,0,0
1437,0,0,0,0,0,11,0,0,0,7,2136,54
1438,0,0,0,69,86,410,0,0,0,0,2,0
1439,0,0,0,0,3,0,243,1128,2,0,0,0
1440,0,3,0,0,0,0,826,80,5,0,0,0
1441,0,0,0,0,0,127,0,0,0,46,2915,3
1442,0,0,0,14,14,303,0,0,0,0,0,0
1443,0,0,0,0,0,32,0,0,0,0,0,0
1444,0,1,0,0,2,0,1137,310,320,0,0,0
1445,0,76,44,0,0,0,0,0,0,0,0,0
1446,0,13,8,0,0,0,0,0,0,0,0,0
1447,1,22,170,0,0,0,0,0,0,0,0,0
1448,0,28,0,0,0,0,0,0,0,0,0,0
1449,0,0,0,0,0,26,0,0,0,19,935,0
1450,0,0,0,0,0,0,0,0,0,22,248,1
1451,48,87,24,0,0,0,0,0,0,0,0,0
1452,0,0,0,12,58,607,0,0,0,0,0,0
1453,0,0,0,2,13,136,0,0,0,0,0,0
1454,0,0,0,0,0,1,0,0,0,49,265,4
1455,0,0,0,6,8,156,0,0,0,0,0,0
1456,0,0,0,4,74,140,0,0,0,0,1,0
1457,0,0,0,0,0,6,0,0,0,10,2991,11
1458,0,0,0,0,2,0,294,255,3,0,0,0
1459,0,0,0,0,0,24,0,0,0,0,0,0
1460,0,13,0,0,0,0,0,0,0,0,0,0
1461,2,661,71,0,0,0,1,0,0,0,0,0
1462,0,0,0,0,1,0,108,251,4,0,0,0
1463,0,7,0,0,0,0,951,274,4,0,0,0
1464,0,2,0,0,0,0,643,23,2,0,0,0
1465,0,0,0,2,3,170,0,0,0,0,0,0
1466,0,0,0,0,0,0,122,77,1,0,0,0
1467,0,0,0,0,0,0,66,98,0,0,0,0
1468,0,0,0,2,15,403,0,0,0,0,0,0
1469,0,0,0,0,0,0,0,0,0,19,781,2
1470,0,0,0,0,0,0,176,21,3,0,0,0
1471,0,0,0,0,0,8,0,0,0,15,2957,5
1472,7,627,1,0,0,0,1,0,0,0,0,0
1473,0,0,1,0,0,96,0,0,0,71,11757,1
1474,0,0,0,4,1,349,0,0,0,0,1,0
1475,1,383,31,0,0,0,0,0,0,0,0,0
1476,0,0,0,4,9,160,0,0,0,0,5,0
1477,0,0,0,104,14,54,0,0,0,0,0,0
1478,0,0,0,0,1,0,65,45,1,0,0,0
1479,0,0,0,0,0,2,0,0,0,77,380,0
1480,0,0,0,0,0,0,0,0,0,283,449,1
1481,0,0,0,12,21,43,0,0,0,0,0,0
1482,2,0,0,486,178,21,0,0,0,0,0,0
1483,0,0,0,110,5,123,0,0,0,0,2,0
1484,0,0,0,0,0,0,1,2,2,0,0,0
1485,0,0,0,0,0,0,2,4,1,0,0,0
1486,9,76,77,0,0,0,1,0,0,1,0,0
1487,0,0,0,0,0,0,123,35,0,0,0,0
1488,0,0,0,0,0,0,1,1,0,0,0,0
1489,0,0,0,0,0,0,0,0,0,22,907,5
1490,0,0,0,11,2,0,0,0,0,0,0,0
1491,0,0,0,0,0,0,0,3,3,0,0,0
1492,0,0,0,0,0,72,0,0,0,0,0,0
1493,0,0,0,0,0,0,70,19,4,0,0,0
1494,0,0,0,0,0,430,0,0,0,0,2,0
1495,0,1,0,0,1,0,357,1269,9,0,0,0
1496,0,0,0,0,0,30,0,0,0,0,0,0
1497,0,0,0,5,0,0,0,0,0,0,0,0
1498,0,0,0,0,0,21,0,0,0,14,2604,0
1499,0,0,0,2,666,0,0,0,0,0,0,0
1500,0,0,0,0,0,0,0,0,0,22,65,0
1501,0,0,0,85,86,205,0,4,0,0,0,0
1502,0,0,0,0,1,16,0,0,0,0,0,0
1503,13,5,0,0,0,0,0,0,0,0,0,0
1504,0,0,0,1,0,194,0,0,0,0,1,0
1505,0,0,0,0,0,0,63,3,0,0,0,0
1506,0,0,0,0,7,39,0,0,0,0,0,0
1507,0,0,0,35,15,143,0,0,0,0,0,0
1508,0,0,0,0,0,0,158,98,0,0,0,0
1509,0,1,0,0,0,0,103,11,1,0,0,0
1510,0,0,0,0,1,84,0,0,0,0,0,0
1511,0,0,0,1,0,2,0,0,0,0,0,0
1512,0,0,0,0,0,0,0,3,1,0,0,0
1513,0,0,0,0,0,12,0,0,0,0,4145,0
1514,0,0,0,0,0,16,0,0,2,27,3689,25
1515,9,581,12,0,0,0,1,0,0,2,0,0
1516,0,0,0,7,0,568,0,0,0,0,3,0
1517,5,51,3,0,0,0,0,0,0,0,0,0
1518,0,83,2,0,0,0,0,0,0,0,0,0
1519,0,0,0,0,0,10,0,0,0,21,1324,3
1520,0,99,4,0,0,0,1,0,0,0,0,0
1521,2,204,20,0,0,0,0,0,0,0,0,0
1522,0,3,0,0,0,0,155,354,0,0,0,0
1523,0,0,0,2,4,68,0,0,0,0,0,0
1524,0,1,0,0,0,0,250,53,0,0,0,0
1525,0,0,0,0,4,36,0,0,0,0,0,0
1526,0,0,0,0,0,0,4,16,0,0,0,0
1527,0,0,0,0,0,0,0,0,0,3,7,1
1528,0,0,1,0,0,0,0,0,0,217,619,1
1529,0,0,0,1,0,51,0,0,0,0,0,0
1530,8,36,1,0,0,0,0,0,0,0,0,0
1531,0,0,0,0,0,292,0,0,0,0,0,0
1532,0,0,0,0,1,0,0,0,0,0,0,0
1533,0,0,0,0,0,0,0,7,0,0,0,0
1534,0,0,0,0,0,0,0,5,1,0,0,0
1535,0,0,0,0,0,0,237,14,0,0,0,0
1536,0,0,0,0,0,64,0,0,0,0,0,0
1537,0,0,0,28,62,297,0,0,0,0,0,0
1538,0,0,0,0,0,0,0,0,0,1,25,0
1539,0,0,0,0,0,0,0,0,0,1,5,0
1540,2,71,24,0,0,0,0,0,0,0,0,0
1541,0,0,0,0,0,0,0,0,0,8,121,1
1542,0,0,0,0,3,0,161,163,6,0,0,0
1543,0,0,0,13,0,68,0,0,0,0,0,0
1544,0,0,0,0,0,0,175,477,1,0,0,0
1545,0,0,0,0,0,7,0,0,0,1,586,5
1546,0,0,0,8,4,132,0,0,0,0,0,0
1547,8,881,94,0,0,0,2,0,0,1,0,0
1548,0,0,0,0,2,0,198,655,1,0,0,0
1549,0,0,0,0,0,2,0,0,0,48,772,2
1550,0,0,0,0,1,0,239,88,0,0,0,0
1551,0,0,0,0,0,0,0,0,0,0,282,0
1552,0,0,0,6,0,124,0,0,0,0,0,0
1553,60,42,4,1,0,0,0,0,0,0,0,0
1554,0,78,10,0,0,0,0,0,0,0,0,0
1555,0,0,0,0,0,0,0,0,0,6,401,0
1556,11,85,17,0,0,0,0,0,0,0,0,0
1557,0,0,0,1,0,28,0,0,0,0,0,0
1558,53,1017,2,3,0,0,3,0,0,0,0,0
1559,0,12,0,0,0,0,445,380,0,0,0,0
1560,0,0,0,0,0,0,11,48,0,0,0,0
1561,0,0,0,0,24,22,0,0,0,0,0,0
1562,0,0,0,14,0,267,0,0,0,0,1,0
1563,0,4,0,0,0,0,625,39,8,0,0,0
1564,0,0,0,0,0,61,0,0,0,0,0,0
1565,2,130,0,0,0,0,0,0,0,0,0,0
1566,0,73,0,0,0,0,1,0,0,0,0,0
1567,0,0,0,0,0,8,0,0,0,134,1637,0
1568,0,0,0,0,0,0,0,0,0,21,362,0
1569,1,3,0,0,0,0,0,0,0,0,0,0
1570,0,0,0,16,2,429,0,0,0,0,0,0
1571,5,29,66,0,0,0,0,0,0,0,0,0
1572,0,0,0,0,0,14,0,0,0,1,1509,0
1573,39,258,182,0,0,0,0,0,0,0,0,0
1574,0,0,0,0,0,0,40,8,0,0,0,0
1575,0,0,0,0,0,0,1,2,0,0,0,0
1576,0,0,0,3,1,136,0,0,0,0,7,0
1577,0,3,0,0,0,0,207,21,3,0,0,0
1578,0,0,0,0,2,1769,0,0,0,0,88,0
1579,0,0,0,31,1,85,0,0,0,0,0,0
1580,0,1,0,0,1,0,337,250,3,0,0,0
1581,0,0,0,1,8,99,0,0,0,0,4,0
1582,1,0,0,82,4,100,0,0,0,0,0,0
1583,0,3,0,0,0,0,270,0,0,0,0,0
1584,0,0,0,0,0,0,83,7,1,0,0,0
1585,34,54,59,0,0,0,0,0,0,1,0,0
1586,0,0,0,0,0,0,94,2,0,0,0,0
1587,8,95,25,0,0,0,1,0,0,0,0,0
1588,28,1704,42,0,0,0,30,0,0,1,0,0
1589,0,42,0,0,1,0,849,273,6,0,0,0
1590,0,29,0,0,2,0,506,187,4,0,0,0
1591,0,0,0,0,4,101,0,0,0,0,3,0
1592,5,0,0,93,76,792,0,4,0,0,15,0
1593,0,1,4,0,0,53,0,0,0,294,8454,32
1594,0,0,4,0,0,81,0,0,0,249,9080,5
1595,0,0,0,0,0,0,243,1,5,0,0,0
1596,11,98,107,0,0,0,0,0,0,0,0,0
1597,21,117,46,0,0,0,0,0,0,0,0,0
1598,0,3,0,0,0,0,719,208,10,0,0,0
1599,0,0,0,0,3,0,144,1474,1,0,0,0
1600,0,0,0,1,0,108,0,0,0,0,0,0
1601,0,0,0,0,0,1,0,0,0,21,1135,1
1602,0,0,0,2,53,153,0,0,0,0,0,0
1603,0,0,0,56,1,107,0,0,0,0,0,0
1604,3,73,1,0,0,0,0,0,0,0,0,0
1605,3,179,17,0,0,0,0,0,0,0,0,0
1606,0,0,0,20,30,373,0,0,0,0,0,0
1607,0,0,0,0,0,0,46,13,0,0,0,0
1608,3,121,19,0,0,0,0,0,0,0,0,0
1609,0,0,0,0,0,1,0,0,0,30,1006,0
1610,16,309,1,1,0,0,1,2,0,0,0,0
1611,0,59,0,0,0,0,0,0,0,0,0,0
1612,0,0,0,0,0,67,0,0,0,25,844,0
1613,0,0,1,0,0,0,0,0,0,391,549,1
1614,0,0,0,7,9,46,0,0,0,0,0,0
1615,0,0,0,15,40,202,0,0,0,0,0,0
1616,0,0,3,0,0,2,0,0,0,488,747,4
1617,0,0,0,3,10,72,0,0,0,0,13,0
1618,0,0,0,53,11,84,0,0,0,0,0,0
1619,0,7,0,0,0,0,241,0,0,0,0,0
1620,3,191,63,0,0,0,0,0,0,0,0,0
1621,20,46,5,0,0,0,0,0,0,0,0,0
1622,10,154,14,0,0,0,0,0,0,0,0,0
1623,0,0,0,33,2,1601,0,0,0,0,7,0
1624,0,58,5,0,0,0,0,0,0,0,0,0
1625,0,0,1,0,0,1,0,0,0,239,1254,1
1626,0,0,0,22,14,4,0,0,0,0,0,0
1627,0,0,0,0,0,6,0,0,0,44,2733,10
1628,0,0,1,0,0,0,0,0,0,263,3,2
1629,197,58,18,0,0,0,0,0,0,0,0,0
1630,11,49,116,0,0,0,0,0,0,0,0,0
1631,0,74,11,0,0,0,1,0,0,0,0,0
1632,3,134,6,0,0,0,0,0,0,0,0,0
1633,23,156,10,0,0,0,3,0,0,0,0,0
1634,0,0,0,0,0,0,63,1,3,0,0,0
1635,15,40,453,0,0,0,0,0,0,1,0,0
1636,0,0,0,0,1,0,191,246,4,0,0,0
1637,0,21,27,0,0,0,0,0,0,0,0,0
1638,3,114,6,0,0,0,1,0,0,0,0,0
1639,6,111,646,0,0,0,0,0,0,1,0,0
1640,0,0,0,0,0,0,127,117,1,0,0,0
1641,0,0,0,1,7,146,0,0,0,0,0,0
1642,0,0,0,0,0,2,0,0,0,1,386,2
1643,5984,134,20,90,0,0,0,0,0,1,0,0
1644,0,51,57,0,0,0,0,0,0,0,0,0
1645,0,0,0,0,0,1,0,0,0,1,301,1
1646,9,79,4,0,0,0,0,0,0,0,0,0
1647,0,0,0,1,1,24,0,0,0,0,0,0
1648,0,0,0,0,0,19,0,0,0,3,792,0
1649,1,4,0,0,0,0,0,0,0,0,0,0
1650,1,19,21,0,0,0,0,0,0,0,0,0
1651,0,0,0,1,0,189,0,0,0,0,0,0
1652,3,208,0,0,0,0,1,0,0,0,0,0
1653,0,0,0,0,2,13,0,0,0,0,0,0
1654,0,0,0,19,19,33,0,0,0,0,0,0
1655,0,0,0,0,0,0,514,62,1,0,0,0
1656,0,0,0,2,1,37,0,0,0,0,1,0
1657,0,0,0,8,2,160,0,0,0,0,0,0
1658,0,1,0,0,0,0,261,19,0,0,0,0
1659,0,0,0,0,0,0,82,1220,30,0,0,0
1660,0,0,0,1,0,62,0,0,0,0,0,0
1661,0,0,0,0,0,0,231,237,0,0,0,0
1662,4,106,27,0,0,0,0,0,0,0,0,0
1663,0,0,0,0,0,0,0,0,0,102,436,1
1664,0,0,0,12,11,22,0,0,0,0,0,0
1665,0,0,0,5,0,19,0,0,0,0,0,0
1666,0,0,0,2,2,78,0,0,0,0,4,0
1667,4,150,0,0,0,0,0,0,0,0,0,0
1668,2,150,13,0,0,0,0,0,0,0,0,0
1669,2,43,38,0,0,0,0,0,0,0,0,0
1670,0,0,0,0,0,0,0,0,0,22,1317,0
1671,0,0,0,2,4,18,0,0,0,0,0,0
1672,0,0,0,1,0,51,0,0,0,0,0,0
1673,4,216,0,0,0,0,0,0,0,0,0,0
1674,2,84,14,0,0,0,0,0,0,1,0,0
1675,0,0,0,12,0,252,0,0,0,0,0,0
1676,0,0,0,0,0,0,226,3,1,0,0,0
1677,8,92,62,0,0,0,0,0,0,0,0,0
1678,82,70,47,0,0,0,0,0,0,0,0,0
1679,0,0,0,0,0,0,46,11,2,0,0,0
1680,2,40,37,0,0,0,1,0,0,0,0,0
1681,0,8,0,0,1,0,1508,510,0,0,0,0
1682,0,636,16,0,0,0,1,0,0,0,0,0
1683,0,0,0,1,32,499,0,2,0,0,0,0
1684,0,0,0,2,0,334,0,0,0,30,25675,9
1685,0,0,0,0,0,0,364,254,4,0,0,0
1686,0,0,0,0,0,0,0,0,0,0,284,0
1687,0,0,0,0,0,1,0,0,0,23,274,0
1688,1,208,13,0,0,0,0,0,0,0,0,0
1689,0,0,0,0,3,75,0,0,0,0,0,0
1690,0,0,0,5,0,134,0,0,0,0,0,0
1691,0,468,0,0,0,0,2,0,0,0,0,0
1692,0,0,0,1,2,93,0,0,0,0,0,0
1693,0,0,0,15,6,53,0,0,0,0,2,0
1694,0,0,0,3,8,18,0,0,0,0,0,0
1695,0,0,0,0,3,9,0,0,0,0,0,0
1696,0,2,0,0,0,0,109,114,3,0,0,0
1697,0,0,0,0,0,0,59,19,1,0,0,0
1698,0,0,0,0,0,0,0,0,0,0,29,1
1699,33,265,12,0,0,0,0,0,0,0,0,0
1700,0,0,0,7,17,90,0,0,0,0,0,0
1701,0,0,0,0,0,0,0,0,0,75,195,0
1702,0,0,0,1,8,287,0,0,0,0,1,0
1703,0,0,0,4,6,173,0,0,0,0,0,0
1704,0,0,0,13,5,52,0,0,0,0,0,0
1705,0,0,0,3,1,84,0,0,0,0,0,0
1706,0,0,0,15,3,5,0,0,0,0,0,0
1707,0,0,0,0,0,0,0,0,0,0,0,0
1708,0,0,0,34,26,152,0,0,0,0,0,0
1709,0,0,0,0,0,0,20,78,2,0,0,0
1710,0,0,0,0,0,2,0,0,0,19,1459,2
1711,0,0,0,24,19,63,0,1,0,0,0,0
1712,0,0,0,3,15,25,0,2,0,0,0,0
1713,0,0,0,0,0,1,0,0,0,11,77,0
1714,0,0,0,0,0,2,0,0,0,25,282,0
1715,1,670,18,0,0,0,21,0,0,0,0,0
1716,0,0,0,0,0,2,0,0,0,21,582,0
1717,9,250,3,0,0,0,2,0,0,0,0,0
1718,5,86,11,0,0,0,0,0,0,0,0,0
1719,0,1,0,0,0,0,139,62,4,0,0,0
1720,0,0,0,23,10,43,0,0,0,0,0,0
1721,0,0,0,0,0,0,112,100,2,0,0,0
1722,0,0,0,0,0,10,0,0,0,7,2964,2
1723,0,0,0,182,86,261,0,0,0,0,0,0
1724,0,0,0,2,13,65,0,0,0,0,0,0
1725,0,0,0,6,5,5,0,0,0,0,0,0
1726,0,0,0,33,16,71,0,0,0,0,0,0
1727,0,0,0,0,0,0,219,86,0,0,0,0
1728,0,0,0,4,2,113,0,0,0,0,2,0
1729,0,26,0,0,0,0,9291,89,0,0,0,0
1730,0,0,0,0,0,0,357,0,6,0,0,0
1731,3,62,80,0,0,0,0,0,0,0,0,0
1732,4,3192,37,0,0,0,2,0,0,0,0,0
1733,1,25,0,0,0,0,0,0,0,0,0,0
1734,0,0,0,0,0,1,0,0,0,6,204,2
1735,0,0,0,38,19,110,0,0,0,0,0,0
1736,0,2,0,0,0,0,121,10,2,0,0,0
1737,0,0,0,0,0,70,0,0,0,0,0,0
1738,0,0,0,0,52,0,204,9442,623,0,0,2
1739,0,19,21,0,0,0,0,0,0,0,0,0
1740,4,307,18,0,0,0,0,0,0,0,0,0
1741,24,18104,11,0,0,0,77,2,0,0,0,0
1742,0,0,0,0,1,0,333,125,7,0,0,0
1743,0,1,0,0,0,0,169,38,2,0,0,0
1744,0,0,0,0,1,74,0,0,0,0,0,0
1745,0,0,0,2,14,92,0,0,0,0,0,0
1746,0,0,0,0,3,168,0,0,0,0,1,0
1747,0,1,0,0,0,0,563,201,0,0,0,0
1748,0,1,0,0,1,0,106,15,2,0,0,0
1749,0,76,9,0,0,0,0,0,0,0,0,0
1750,0,0,0,0,7,64,0,0,0,0,0,0
1751,0,0,0,4,5,41,0,0,0,0,0,0
1752,5,160,4,0,0,0,0,0,0,0,0,0
1753,0,0,0,0,0,430,0,0,0,0,0,0
1754,1,37,0,0,0,0,1,0,0,0,0,0
1755,3,63,46,0,0,0,0,0,0,0,0,0
1756,4,95,47,0,0,0,0,0,0,2,0,0
1757,0,1,0,0,0,0,371,104,6,0,0,0
1758,0,0,0,0,0,41,0,0,0,10,11014,1
1759,39,92,19,0,0,0,0,0,0,0,0,0
1760,0,0,0,0,26,65,0,0,0,0,0,0
1761,0,0,0,3,10,10,0,0,0,0,0,0
1762,0,0,0,0,0,4,0,0,0,3,380,1
1763,0,95,26,0,0,0,0,0,0,0,0,0
1764,4,24,17,0,0,0,0,0,0,0,0,0
1765,0,40,13,0,0,0,0,0,0,0,0,0
1766,0,0,1,0,0,0,0,0,0,157,0,0
1767,13,33,0,0,0,0,0,0,0,0,0,0
1768,1,158,11,0,0,0,0,0,0,0,0,0
1769,3,123,18,0,0,0,1,0,0,0,0,0
1770,0,0,0,1,7,27,0,0,0,0,0,0
1771,0,0,0,48,4,95,0,0,0,0,11,0
1772,0,0,0,0,0,0,238,134,29,0,0,0
1773,0,0,0,0,1,15,0,0,0,0,0,0
1774,0,0,0,29,4,37,0,0,0,0,0,0
1775,0,0,0,0,0,0,19,2,8,0,0,0
1776,1,21,12,0,0,0,0,0,0,0,0,0
1777,3,753,17,0,0,0,5,0,0,0,0,0
1778,0,0,0,3,8,250,0,0,0,0,0,0
1779,0,0,0,0,0,3,0,0,0,16,519,0
1780,0,0,0,0,0,2,0,0,0,44,746,4
1781,0,0,0,3,1,10,0,0,0,0,0,0
1782,0,0,0,0,0,0,116,58,0,0,0,0
1783,0,0,0,0,0,129,0,0,0,0,1,0
1784,0,0,0,0,0,0,89,28,2,0,0,0
1785,0,0,0,0,0,0,47,51,1,0,0,0
1786,0,0,0,0,0,45,0,0,0,0,0,0
1787,4,44,0,0,0,0,0,0,0,0,0,0
1788,2,70,6,0,0,0,0,0,0,0,0,0
1789,0,0,0,1,2,66,0,0,0,0,0,0
1790,0,0,0,0,2,7,0,0,0,0,0,0
1791,0,0,0,1,2,81,0,0,0,0,0,0
1792,0,0,0,1,1,65,0,0,0,0,0,0
1793,4,21,0,0,0,0,0,0,0,0,0,0
1794,2,32,17,0,0,0,0,0,0,0,0,0
1795,14,63,36,0,0,0,0,0,0,0,0,0
1796,0,0,0,0,0,0,72,22,0,0,0,0
1797,0,0,0,0,0,4,0,0,0,0,0,0
1798,0,0,0,12,0,105,0,0,0,0,0,0
1799,0,71,0,0,0,0,0,0,0,0,0,0
1800,0,0,0,0,0,1,0,0,0,63,200,24
1801,21,39,53,1,0,0,0,0,0,0,0,0
1802,1,33,7,0,0,0,0,0,0,0,0,0
1803,12,163,19,0,0,0,0,0,0,0,0,0
1804,7,74,8,0,0,0,0,0,0,0,0,0
1805,0,1,0,0,0,0,157,0,1,0,0,0
1806,0,1,0,0,0,0,175,42,0,0,0,0
1807,11,2085,39,0,0,0,19,0,0,0,0,0
1808,0,261,686,0,0,0,2,0,0,1,0,0
1809,4,136,39,0,0,0,0,0,0,0,0,0
1810,11,371,128,0,0,0,1,0,0,0,1,0
1811,0,1,0,0,0,0,215,85,4,0,0,0
1812,0,0,0,0,0,8,0,0,0,14,2145,24
1813,5,0,0,416,0,72,0,0,0,0,0,0
1814,0,13,1,0,0,0,0,0,0,0,0,0
1815,13,72,15,0,0,0,0,0,0,0,0,0
1816,78,38,11,0,0,0,0,0,0,0,0,0
1817,0,42,11,0,0,0,0,0,0,0,0,0
1818,8,61,18,0,0,0,0,0,0,0,0,0
1819,9,224,29,0,0,0,0,0,0,0,0,0
1820,0,661,0,0,0,0,26800,243,0,0,0,0
1821,0,5,0,0,0,0,440,77,0,0,0,0
1822,0,0,0,18,5,80,0,0,0,0,0,0
1823,0,0,0,0,0,0,112,75,2,0,0,0
1824,0,0,0,0,0,2,0,0,0,37,1514,1
1825,0,0,1,0,0,0,0,0,0,275,1382,0
1826,0,0,0,1,0,6,0,0,0,0,0,0
1827,0,0,0,0,0,0,0,27,0,0,0,0
1828,0,0,0,0,0,0,1,27,0,0,0,0
1829,2,155,25,0,0,0,2,0,0,0,0,0
1830,6,90,387,0,0,0,0,0,0,8,0,0
1831,0,0,0,1,0,164,0,0,0,0,0,0
1832,0,545,2,0,0,0,0,0,0,0,0,0
1833,0,0,0,0,13,53,0,0,0,0,0,0
1834,0,0,0,53,4,76,0,0,0,0,0,0
1835,0,0,0,0,0,0,112,26,0,0,0,0
1836,0,0,0,0,0,0,91,144,0,0,0,0
1837,0,0,0,1,1,160,0,0,0,0,5,0
1838,0,0,0,0,0,0,43,2,2,0,0,0
1839,5,53,55,0,0,0,0,0,0,1,0,0
1840,0,93,8,0,0,0,0,0,0,0,0,0
1841,0,0,0,0,0,0,0,0,0,13,1,18
1842,7,129,3,0,0,0,0,0,0,1,0,0
1843,0,0,0,0,3,0,66,641,5,0,0,0
1844,1,129,25,0,0,0,1,0,0,0,0,0
1845,0,126,6,0,0,0,3,0,0,0,0,0
1846,23,593,70,0,0,0,1,0,0,0,0,0
1847,0,0,0,0,35,340,0,0,0,0,1,0
1848,0,0,0,0,0,1,0,0,0,1,688,0
1849,12,46,29,0,0,0,0,0,0,0,0,0
1850,1,33,42,0,0,0,0,0,0,0,0,0
1851,0,0,0,3,0,913,0,0,0,0,5,0
1852,1,45,0,0,0,0,0,0,0,0,0,0
1853,0,0,0,0,0,1,0,0,0,73,679,18
1854,0,0,0,28,5,127,0,0,0,0,0,0
1855,0,1,0,0,0,0,88,184,2,0,0,0
1856,112,136,64,0,0,0,0,0,0,0,0,0
1857,0,4,0,0,0,0,350,210,5,0,0,0
1858,0,0,0,0,8,86,0,0,0,0,0,0
1859,0,1,0,0,0,0,0,0,0,27,175,1
1860,0,0,0,0,0,0,0,0,0,72,133,0
1861,0,0,0,3,54,33,0,0,0,0,0,0
1862,0,0,0,0,0,0,0,0,0,43,533,1
1863,0,0,0,8,10,43,0,0,0,0,0,0
1864,0,0,0,5,8,393,0,0,0,0,1,0
1865,0,0,0,2,1,19,0,0,0,0,0,0
1866,1,277,3,0,0,0,3,0,0,0,0,0
1867,0,0,0,0,0,478,0,0,0,0,2,0
1868,0,1,0,0,0,0,126,9,0,0,0,0
1869,0,0,0,0,0,0,0,0,0,5,246,10
1870,25,375,18,0,0,0,2,0,0,0,0,0
1871,0,0,0,11,759,810,0,16,0,0,5,1
1872,0,0,0,3,26,12,0,0,0,0,0,0
1873,1,0,0,157,13,90,0,0,0,0,1,0
1874,0,4,0,0,5,0,111,879,1,0,0,0
1875,0,0,0,0,0,0,0,0,0,7,487,0
1876,76,334,6,0,0,0,0,0,0,0,0,0
1877,0,0,0,7,5548,523,0,159,0,0,5,0
1878,0,0,0,0,0,12,0,0,0,12,1458,0
1879,37,379,4,0,0,0,1,0,0,0,0,0
1880,0,0,0,0,0,0,118,5,2,0,0,0
1881,20,92,39,0,0,0,0,0,0,0,0,0
1882,0,3,0,0,9,0,264,843,12,0,0,0
1883,0,0,0,0,0,0,87,169,0,0,0,0
1884,0,0,0,0,0,168,0,0,0,6,3851,1
1885,5,0,0,172,97,346,0,0,0,0,8,0
1886,0,3,0,0,0,0,185,59,3,0,0,0
1887,0,0,1,0,0,52,0,0,0,7,1008,1
1888,0,0,0,2,25,229,0,2,0,0,19,0
1889,0,0,0,0,0,35,0,0,0,19,1237,2
1890,0,1,0,0,1,0,524,317,1,0,0,0
1891,0,0,0,2,3,146,0,0,0,0,8,0
1892,0,451,0,0,0,0,1011,20,0,0,0,0
1893,0,0,0,3,31,59,0,0,0,0,1,0
1894,0,0,0,4,8,67,0,0,0,0,0,0
1895,0,0,0,0,0,0,0,0,0,0,0,0
1896,0,0,0,0,0,82,0,0,0,0,1,0
1897,0,902,0,0,0,0,1,0,0,0,0,0
1898,0,0,0,0,0,0,0,0,0,44,6,13
1899,0,0,0,0,0,0,156,35,0,0,0,0
1900,3,224,531,0,0,0,2,0,0,1,0,0
1901,0,0,0,3,10,182,0,0,0,0,0,0
1902,0,0,0,0,0,0,0,0,0,1,105,0
1903,94,50,8,0,0,0,0,0,0,0,0,0
1904,1,483,67,0,0,0,2,0,0,0,0,0
1905,0,0,0,10,20,123,0,0,0,0,0,0
1906,0,0,0,5,58,58,0,0,0,0,0,0
1907,0,0,0,2,9,34,0,0,0,0,0,0
1908,0,0,0,12,48,124,0,0,0,0,0,0
1909,0,0,0,0,1,15,0,0,0,223,2773,0
1910,1,0,0,737,34,11,0,0,0,0,0,0
1911,0,0,0,0,0,8,0,0,0,19,1587,1
1912,0,0,0,0,1,59,0,0,0,156,13400,13
1913,0,0,0,0,0,2,0,0,0,408,1081,2
1914,0,0,0,0,0,0,866,5,1,0,0,0
1915,0,0,1,0,0,0,0,0,0,94,627,2
1916,100,67,6,0,0,0,1,0,0,0,0,0
1917,0,0,0,0,0,5,0,0,0,79,803,0
1918,0,0,0,14,23,235,0,0,0,0,1,0
1919,0,0,0,0,0,2,0,0,0,132,1139,2
1920,2,0,0,54,2,85,0,0,0,0,0,0
1921,0,0,0,45,5,279,0,0,0,0,1,0
1922,0,0,0,0,0,0,52,2,0,0,0,0
1923,44,92,25,0,0,0,0,0,0,0,0,0
1924,12,44,7,0,0,0,0,0,0,0,0,0
1925,0,41,6,0,0,0,0,0,0,0,0,0
1926,0,0,1,0,0,3,0,0,0,113,946,0
1927,1,0,0,662,49,8157,0,0,0,1,40,1
1928,0,0,0,0,0,0,60,18,6,0,0,0
1929,0,0,0,0,0,17,0,0,0,55,3414,3
1930,0,0,0,4,28,202,0,0,0,0,0,0
1931,0,0,3,0,0,0,0,0,0,1219,67,0
1932,160,135,15,0,0,0,3,0,0,0,0,0
1933,2,39,3,0,0,0,0,0,0,0,0,0
1934,4,18,5,0,0,0,0,0,0,0,0,0
1935,6,118,14,0,0,0,0,0,0,0,0,0
1936,0,0,0,11,57,630,0,0,0,0,1,0
1937,0,0,0,3,52,218,0,0,0,0,0,0
1938,0,0,0,0,0,10,0,0,0,27,1480,19
1939,0,0,0,14,23,57,0,0,0,0,0,0
1940,0,0,0,0,0,0,262,30,1,0,0,0
1941,0,0,0,175,64,99,0,0,0,0,0,0
1942,0,3,0,0,8,0,271,2046,4,0,0,0
1943,0,0,0,0,0,4,0,0,0,22,1208,1
1944,0,3,0,0,0,0,328,107,5,0,0,0
1945,1,0,0,43,79,653,0,2,0,0,0,0
1946,0,4,0,0,15,0,264,750,1,0,0,0
1947,0,0,0,1,42,1820,0,0,0,0,28,0
1948,0,0,0,6,13,76,0,0,0,0,3,0
1949,0,0,0,1,6,20,0,0,0,0,0,0
1950,0,0,0,0,0,50,0,0,0,0,2,0
1951,3,98,0,0,0,0,0,0,0,0,0,0
1952,0,0,5,0,0,0,0,0,0,1482,0,3
1953,5,135,1,0,0,0,0,0,0,0,0,0
1954,0,0,0,0,1,0,123,353,2,0,0,0
1955,0,164,61,0,0,0,1,0,0,0,0,0
1956,10,190,50,0,0,0,0,0,0,3,0,0
1957,0,23,0,0,2,0,2102,445,16,0,0,0
1958,0,0,0,0,0,0,311,194,0,0,0,0
1959,0,0,0,0,0,2,0,0,0,11,624,1
1960,0,0,0,0,0,6,0,0,0,122,1441,2
1961,0,1,0,0,0,0,186,107,0,0,0,0
1962,0,0,0,0,0,3,0,0,0,1,645,3
1963,0,0,0,6,5,82,0,0,0,0,0,0
1964,15,2708,8,1,0,0,10,0,0,0,0,0
1965,0,0,0,0,20,179,0,0,0,0,0,0
1966,9,97,0,0,0,0,0,0,0,0,0,0
1967,0,48,5,0,0,0,0,0,0,0,0,0
1968,0,0,0,0,0,4,0,0,0,5,2564,4
1969,11,20,4,0,0,0,0,0,0,0,0,0
1970,1,26,22,0,0,0,0,0,0,0,0,0
1971,0,0,0,1,0,794,0,0,0,0,53,0
1972,0,37,0,0,0,0,0,0,0,0,0,0
1973,0,0,0,0,0,10,0,0,0,20,2012,0
1974,0,0,0,0,0,1,0,0,0,0,0,0
1975,8,351,4,0,0,0,2,0,0,0,0,0
1976,0,0,0,0,1,0,64,191,1,0,0,0
1977,0,288,51,0,0,0,0,0,0,0,0,0
1978,1,0,0,135,113,123,0,0,0,0,0,0
1979,0,1,0,0,0,0,235,1,4,0,0,0
1980,0,3,0,0,0,0,241,59,7,0,0,0
1981,6,101,112,0,0,0,0,0,0,1,0,0
1982,1,182,22,0,0,0,0,0,0,0,0,0
1983,0,0,0,1,3,132,0,0,0,0,2,0
1984,0,0,0,1,3,30,0,0,0,0,0,0
1985,0,0,0,1,96,1,0,0,0,0,0,0
1986,0,0,0,0,0,0,0,0,0,0,1,0
1987,0,2524,2,0,0,0,0,0,0,0,0,0
1988,0,0,0,0,0,0,0,0,0,13,4,0
1989,5,682,4,0,0,0,72,0,0,0,0,0
1990,0,0,0,0,0,0,95,99,0,0,0,0
1991,0,0,0,0,0,67,0,0,0,0,0,0
1992,6,938,1,0,0,0,3,0,0,0,0,0
1993,0,0,0,0,0,377,0,0,0,0,0,0
1994,1,0,0,105,11,0,0,0,0,0,0,0
1995,0,0,0,0,0,0,0,0,0,0,2,0
1996,1,66,10,0,0,0,0,0,0,0,0,0
1997,0,0,1,0,0,0,0,0,0,143,715,0
1998,0,0,0,39,14,31,0,0,0,0,0,0
1999,0,0,0,0,0,0,39,189,1,0,0,0
2000,0,53,79,0,0,0,0,0,0,0,0,0
2001,0,0,0,0,1,0,110,148,11,0,0,1
2002,4,70,19,0,0,0,0,0,0,0,0,0
2003,0,0,0,0,0,2,0,0,0,123,2212,2
2004,0,0,0,0,0,2,0,0,0,0,0,0
2005,0,0,0,0,0,3,0,0,0,14,1003,0
2006,2,213,34,0,0,0,0,0,0,0,0,0
2007,0,0,0,0,0,31,0,0,0,0,0,0
2008,0,0,0,32,1,56,0,0,0,0,0,0
2009,0,0,0,0,0,0,141,8,0,0,0,0
2010,0,191,18,0,0,0,3,0,0,0,0,0
2011,0,0,0,19,21,94,0,0,0,0,3,0
2012,0,0,0,0,0,0,118,9,1,0,0,0
2013,0,0,0,0,0,1,0,0,0,5,416,2
2014,0,0,0,3,2,90,0,0,0,0,0,0
2015,2,1178,0,0,0,0,7,0,0,0,0,0
2016,0,0,0,0,0,27,0,0,0,0,0,0
2017,0,0,0,0,0,0,16,4,3,0,0,0
2018,2,704,109,0,0,0,2,0,0,0,0,0
2019,0,0,0,6,1,138,0,0,0,0,1,0
2020,0,3,0,0,0,1,902,48,3,0,0,0
2021,0,0,0,0,0,152,0,0,0,0,1,0
2022,0,0,0,6,10,36,0,0,0,0,0,0
2023,0,0,0,0,0,1,0,0,0,8,497,4
2024,2,96,1,0,0,0,0,0,0,0,0,0
2025,0,0,0,0,0,0,0,0,0,43,256,3
2026,15,341,4,0,0,0,2,0,0,0,0,0
2027,0,0,0,1,15,54,0,0,0,0,0,0
2028,0,0,0,0,0,0,0,0,0,42,111,3
2029,0,0,0,29,11,162,0,0,0,0,0,0
2030,0,0,0,0,2,0,57,162,1,0,0,0
2031,16,1452,183,0,0,0,11,1,0,0,0,0
2032,0,0,0,2,14,148,0,0,0,0,0,0
2033,0,0,0,3,5,7,0,0,0,0,0,0
2034,0,0,0,0,2,24,0,0,0,0,0,0
2035,0,0,0,0,3,0,268,2381,9,0,0,0
2036,0,0,0,0,0,0,123,137,3,0,0,0
2037,0,0,0,0,0,11,0,0,0,8,4714,2
2038,0,0,0,4,0,254,0,0,0,0,0,0
2039,0,39,4,0,0,0,0,0,0,0,0,0
2040,0,0,0,0,0,9,0,0,0,35,1892,1
2041,0,0,0,1,8,42,0,0,0,0,0,0
2042,1,51,1,0,0,0,0,0,0,0,0,0
2043,1,69,66,0,0,0,0,0,0,0,0,0
2044,0,0,0,0,0,0,0,0,0,8,762,1
2045,1,270,5,0,0,0,0,0,0,0,0,0
2046,0,83,36,0,0,0,0,0,0,0,0,0
2047,0,0,0,0,73,1784,0,0,0,0,1,0
2048,0,0,0,0,0,3,0,0,0,28,708,5
2049,0,0,0,1,0,17,0,0,0,0,0,0
2050,3,63,8,0,0,0,0,0,0,0,0,0
2051,0,3,0,0,0,0,133,38,3,0,0,0
2052,0,0,0,0,7,11,0,0,0,0,0,0
2053,0,0,0,60,3,583,0,0,0,0,3,0
2054,0,2,0,0,0,0,363,30,0,0,0,0
2055,0,0,0,0,0,14,0,0,0,0,0,0
2056,1,80,6,0,0,0,0,0,0,0,0,0
2057,1,273,18,0,0,0,0,0,0,0,0,0
2058,0,0,0,7,28,544,0,1,0,0,1,0
2059,0,0,0,0,0,0,210,17,1,0,0,0
2060,0,0,0,0,0,0,137,30,0,0,0,0
2061,0,0,0,0,0,123,0,0,0,2,19059,0
2062,0,0,0,0,0,16,0,0,0,101,4709,9
2063,0,0,0,0,0,140,0,0,0,0,0,0
2064,7,36,14,0,0,0,0,0,0,0,0,0
2065,0,0,0,0,0,9,0,0,0,0,1261,0
2066,0,172,32,0,0,0,0,0,0,0,0,0
2067,0,0,0,0,117,45,0,0,0,0,0,0
2068,0,0,0,2,2,48,0,0,0,0,0,0
2069,116,446,0,2,0,0,0,0,0,0,0,0
2070,0,0,0,0,0,0,0,0,0,2,418,0
2071,143,178,38,0,0,0,1,0,0,0,0,0
2072,0,1,0,0,0,0,293,46,1,0,0,0
2073,0,1,0,0,0,0,66,14,2,0,0,0
2074,1,0,0,104,1,84,0,0,0,0,2,0
2075,0,0,0,0,1,0,265,391,1,0,0,0
2076,0,0,0,0,0,0,262,49,1,0,0,0
2077,0,0,0,0,2,53,0,0,0,0,0,0
2078,0,0,0,0,0,0,211,135,28,0,0,0
2079,0,0,0,0,4,25,0,0,0,0,0,0
2080,0,0,0,13,356,317,0,3,0,0,10,0
2081,0,4,0,0,0,0,235,60,3,0,0,0
2082,0,0,0,3,6,15,0,0,0,0,0,0
2083,0,0,0,72,32,12489,0,0,0,0,184,0
2084,0,0,0,0,0,0,0,0,0,3,5,5
2085,50,56,2,0,0,0,0,0,0,0,0,0
2086,0,0,0,0,10,0,275,1896,9,0,0,0
2087,0,0,0,2,16,71,0,1,0,0,0,0
2088,0,0,0,0,53,59,0,0,0,0,0,0
2089,0,0,0,0,0,0,141,101,45,0,0,0
2090,4,50,1,0,0,0,0,0,0,0,0,0
2091,0,0,0,0,0,0,0,0,0,0,0,0
2092,0,0,0,19,294,85,0,2,0,0,0,0
2093,0,0,0,25,74,6,0,0,0,0,0,0
2094,0,0,0,0,0,0,0,0,0,0,0,0
2095,0,14,0,0,2,0,1196,656,2,0,0,0
2096,0,0,0,0,0,0,0,0,0,15,1,0
2097,43,37,1,0,0,0,0,0,0,0,0,0
2098,0,1,0,0,0,0,204,242,1,0,0,0
2099,0,0,0,0,1,4,0,0,0,0,0,0
2100,0,0,0,0,0,0,0,190,0,0,0,0
2101,0,0,0,0,0,0,0,40,4,0,0,0
2102,0,0,0,0,0,7,0,0,0,47,1431,1
2103,0,0,0,0,0,2,0,0,0,0,0,0
2104,88,149,0,2,0,0,1,0,0,0,0,0
2105,0,56,2,0,0,0,0,0,0,0,0,0
2106,0,0,0,0,0,3,0,0,0,48,2110,2
2107,0,0,0,6,0,47,0,0,0,0,0,0
2108,0,49,2,0,0,0,0,0,0,0,0,0
2109,0,40,10,0,0,0,0,0,0,0,0,0
2110,1,0,0,0,0,402,0,0,0,49,66400,2
2111,3,259,1,0,0,0,0,0,0,0,0,0
2112,0,0,0,0,3,173,0,0,0,0,0,0
2113,0,0,0,0,0,36,0,0,0,63,3884,2
2114,0,0,0,11,26,46,0,0,0,0,0,0
2115,0,0,0,0,5,0,0,0,0,0,0,0
2116,2,0,0,188,6,70,0,0,0,0,0,0
2117,0,0,0,0,0,0,163,206,1,0,0,0
2118,0,2,0,0,0,0,146,29,6,0,0,0
2119,0,0,0,0,0,9,0,0,0,29,2620,1
2120,1,128,3,0,0,0,1,0,0,0,0,0
2121,0,0,0,0,0,0,0,0,0,43,189,2
2122,0,0,0,8,11,57,0,0,0,0,0,0
2123,0,0,0,0,0,0,520,85,1,0,0,0
2124,0,0,0,3,7,39,0,0,0,0,0,0
2125,0,0,0,7,5,208,0,0,0,0,2,0
2126,0,0,0,3,0,38,0,0,0,0,0,0
2127,4,838,5,0,0,0,7,0,0,0,0,0
2128,0,0,0,2,0,150,0,0,0,0,0,0
2129,0,0,0,0,0,0,66,0,1,0,0,0
2130,18,179,68,0,0,0,0,0,0,0,0,0
2131,4,34,25,0,0,0,0,0,0,1,0,0
2132,0,15,87,0,0,0,1,0,0,0,0,0
2133,0,71,26,0,0,0,0,0,0,0,0,0
2134,0,71,11,0,0,0,0,0,0,0,0,0
2135,0,0,0,0,0,2,0,0,0,62,409,1
2136,0,0,0,4,0,27,0,0,0,0,0,0
2137,0,0,5,0,0,0,0,0,0,745,969,2
2138,1,72,12,0,0,0,0,0,0,0,0,0
2139,2,84,7,0,0,0,0,0,0,0,0,0
2140,0,68,1,0,0,0,0,0,0,0,0,0
2141,0,0,0,0,0,2,0,0,0,79,364,0
2142,0,0,0,0,0,1,0,0,0,42,605,2
2143,0,0,0,0,0,21,0,0,0,108,2622,2
2144,0,1,0,0,3,0,1044,1551,55,0,0,0
2145,0,0,0,0,1,47,0,0,0,0,0,0
2146,0,0,0,0,0,1,0,0,0,40,641,0
2147,0,0,0,0,0,1,0,0,0,158,1247,0
2148,0,0,0,3,6,72,0,0,0,0,0,0
2149,0,0,0,27,4,287,0,0,0,0,1,0
2150,0,0,0,0,0,0,390,63,1,0,0,0
2151,37,312,186,0,0,0,1,0,0,0,0,0
2152,0,0,0,5,227,85,0,1,0,0,0,0
2153,0,0,0,50,9,139,0,0,0,0,2,0
2154,0,0,0,0,0,0,0,33,5,0,0,0
2155,0,0,0,0,2,0,0,1432,18,0,0,0
2156,0,0,0,0,0,1,0,0,0,14,2328,1
2157,0,0,0,6,0,1,0,0,0,0,0,0
2158,0,0,0,49,3,230,0,0,0,0,0,0
2159,0,1,0,0,0,0,185,2,4,0,0,0
2160,11,41,30,0,0,0,0,0,0,0,0,0
2161,17,242,43,0,0,0,1,0,0,0,0,0
2162,0,0,0,0,0,0,45,1,3,0,0,0
2163,25,74,43,0,0,0,0,0,0,0,0,0
2164,0,0,0,0,0,0,245,1164,82,0,0,2
2165,0,678,362,0,0,0,0,0,0,1,0,0
2166,7,157,8,0,0,0,0,0,0,0,0,0
2167,0,0,0,0,1,0,71,519,1,0,0,0
2168,0,0,0,1,5,94,0,0,0,0,0,0
2169,0,0,0,1,49,51,0,0,0,0,0,0
2170,0,0,0,3,1,38,0,0,0,0,0,0
2171,0,41,0,0,0,0,0,0,0,0,0,0
2172,4,454,107,0,0,0,0,0,0,0,0,0
2173,0,0,0,0,1,0,210,473,3,0,0,0
2174,0,0,0,0,0,0,152,0,0,0,0,0
2175,4,23,26,0,0,0,0,0,0,0,0,0
2176,32,385,62,0,0,0,0,0,0,0,0,0
2177,0,0,0,0,0,0,101,97,1,0,0,0
2178,0,0,0,0,0,0,81,14,0,0,0,0
2179,0,0,0,1,2,66,0,0,0,0,1,0
2180,0,0,0,0,0,0,788,36,5,0,0,0
2181,0,0,0,9,1,9,0,0,0,0,0,0
2182,28,401,2,0,0,0,0,0,0,0,0,0
2183,0,0,0,0,0,0,43,2,2,0,0,0
2184,3,113,92,0,0,0,0,0,0,0,0,0
2185,0,1,0,0,11,0,142,1374,1,0,0,0
2186,0,0,0,0,1,17,0,0,0,0,0,0
2187,0,0,0,3,16,12,0,0,0,0,0,0
2188,0,0,0,1,2,65,0,0,0,0,0,0
2189,0,0,0,0,0,9,0,0,0,191,2712,3
2190,0,0,0,0,1,1,0,0,0,0,0,0
2191,0,0,0,65,0,53,0,0,0,0,0,0
2192,0,63,2,0,0,0,0,0,0,0,0,0
2193,0,0,0,0,0,0,81,157,4,0,0,0
2194,24,113,54,1,0,0,0,0,0,0,0,0
2195,0,1,0,0,0,0,90,69,4,0,0,0
2196,1,150,10,0,0,0,1,0,0,0,0,0
2197,0,0,0,0,0,10,0,0,0,16,1549,0
2198,0,0,0,0,0,0,0,0,0,0,0,0
2199,0,0,0,0,0,0,2,5,0,0,0,0
2200,0,0,0,0,1,60,0,0,0,0,1,0
2201,7,1,0,1574,60,58,0,0,0,0,0,0
2202,0,0,0,0,65,0,0,7390,0,0,0,0
2203,0,0,0,0,0,0,2,272,3,0,0,0
2204,0,0,0,0,0,0,138,0,0,0,0,0
2205,1,60,42,0,0,0,0,0,0,0,0,0
2206,7,36,45,0,0,0,0,0,0,0,0,0
2207,5,173,865,0,0,0,0,0,0,1,0,0
2208,0,0,0,1,0,13,0,0,0,0,0,0
2209,0,0,0,2,1,78,0,0,0,0,0,0
2210,0,0,0,0,1,0,98,737,21,0,0,0
2211,0,0,0,0,2,17,0,0,0,0,0,0
2212,0,0,0,10,1,133,0,0,0,0,9,0
2213,0,168,0,0,0,0,0,0,0,0,0,0
2214,1,13,1,0,0,0,0,0,0,0,0,0
2215,6,367,12,0,0,0,0,0,0,0,0,0
2216,0,0,0,4,26,262,0,0,0,0,0,0
2217,0,0,0,4,6,16,0,0,0,0,0,0
2218,0,0,0,3,6,137,0,0,0,0,7,0
2219,2,234,0,0,0,0,0,0,0,0,0,0
2220,0,0,0,0,7,272,0,0,0,0,0,0
2221,0,0,0,0,0,1,0,0,0,121,504,4
2222,0,0,0,3,60,83,0,0,0,0,0,0
2223,0,0,0,0,0,1,0,0,0,1,384,0
2224,79,70,13,0,0,0,0,0,0,0,0,0
2225,2,29,0,0,0,0,0,0,0,0,0,0
2226,0,0,0,0,0,1,0,0,0,19,455,4
2227,0,0,0,0,0,0,0,0,0,71,406,1
2228,0,0,0,13,10,150,0,0,0,0,1,0
2229,0,3,0,0,0,0,746,71,14,0,0,0
2230,0,0,0,0,9,119,0,0,0,0,0,0
2231,0,1,0,0,13,0,104,1410,3,0,0,0
2232,0,0,0,0,0,16,0,0,0,26,3211,41
2233,0,0,0,12,27,174,0,0,0,0,1,0
2234,0,0,0,38,2,4,0,0,0,0,0,0
2235,0,0,0,0,0,0,529,38,2,0,0,0
2236,0,0,0,0,3,32,0,0,0,0,0,0
2237,0,0,0,0,0,0,33,1,0,0,0,0
2238,47,76,12,0,0,0,0,0,0,0,0,0
2239,5,160,31,0,0,0,0,0,0,0,0,0
2240,7,315,327,0,0,0,0,0,0,4,0,0
2241,0,0,0,0,4,59,0,0,0,0,0,0
2242,1,0,0,178,36,86,0,0,0,0,0,0
2243,0,1,0,0,0,0,115,13,2,0,0,0
2244,0,0,0,4,24,86,0,0,0,0,0,0
2245,0,0,0,0,0,8,0,0,0,85,865,0
2246,0,8,0,0,0,0,7513,152,1,0,0,0
2247,0,0,0,0,0,0,43,24,0,0,0,0
2248,0,0,0,2,0,74,0,0,0,0,0,0
2249,0,0,0,0,0,0,232,0,6,0,0,0
2250,0,0,0,0,0,0,6,25,3,0,0,0
2251,0,237,48,0,0,0,11,0,0,0,0,0
2252,0,0,19,0,0,0,0,0,0,439,0,2
2253,1,122,0,0,0,0,0,0,0,0,0,0
2254,1,130,15,0,0,0,1,0,0,0,0,0
2255,12,134,52,0,0,0,3,0,0,0,0,0
2256,0,0,0,2,1,9,0,0,0,0,0,0
2257,0,0,0,10,2,93,0,0,0,0,0,0
2258,0,444,0,0,1,0,9397,49,6,0,0,0
2259,0,0,0,0,117,168,0,0,0,0,1,0
2260,0,0,0,0,0,1,0,0,0,32,242,0
2261,1,56,3,0,0,0,0,0,0,0,0,0
2262,0,0,0,0,0,0,0,0,0,108,369,0
2263,0,0,4,0,0,2,0,0,0,156,362,1
2264,0,0,0,74,59,42,0,3,0,0,0,0
2265,0,16,0,0,0,0,420,51,2,0,0,0
2266,0,0,0,0,56,101,0,0,0,0,0,0
2267,0,0,0,0,0,0,100,36,2,0,0,0
2268,0,0,2,0,0,4,0,0,0,126,958,1
2269,22,73,10,0,0,0,0,0,0,0,0,0
2270,0,928,20,0,0,0,8,0,0,0,0,0
2271,3,94,164,0,0,0,0,0,0,1,0,0
2272,0,4,0,0,9,3,1775,2427,987,0,0,17
2273,0,1,0,0,0,0,306,1,8,0,0,0
2274,2,30,28,0,0,0,0,0,0,0,0,0
2275,25,58,24,0,0,0,0,0,0,0,0,0
2276,37,5000,25,0,0,0,28,1,0,0,0,0
2277,0,0,0,13,14,2127,0,0,0,0,14,0
2278,0,0,0,2,0,49,0,0,0,0,0,0
2279,0,31,1,0,0,0,0,0,0,0,0,0
2280,5,94,8,0,0,0,0,0,0,0,0,0
2281,0,4,0,0,4,0,895,330,2,0,0,0
2282,0,3,0,0,0,0,942,0,2,0,0,0
2283,5,79,41,0,0,0,1,0,0,0,0,0
2284,0,0,0,0,3,0,156,378,2,0,0,0
2285,54,436,17,0,0,0,2,0,0,0,0,0
2286,0,5,0,0,1,0,151,161,2,0,0,0
2287,0,0,0,1,2,34,0,0,0,0,0,0
2288,0,0,0,0,0,0,88,39,2,0,0,0
2289,0,0,0,0,2,106,0,0,0,0,0,0
2290,0,0,0,2,40,357,0,0,0,0,1,0
2291,0,0,0,0,0,0,0,0,0,2,12,5
2292,8,81,313,0,0,0,0,0,0,2,0,0
2293,0,0,0,0,0,0,82,483,9,0,0,0
2294,0,90,12,0,0,0,0,0,0,0,0,0
2295,0,0,0,0,0,1,0,0,0,24,356,0
2296,3,911,9,0,0,0,2,0,0,0,0,0
2297,0,0,0,10,7,85,0,0,0,0,0,0
2298,0,0,0,1,0,3,0,0,0,0,0,0
2299,0,0,0,0,0,4,0,0,0,30,1464,0
2300,0,0,0,0,9,113,0,0,0,0,0,0
2301,0,0,0,7,2,27,0,0,0,0,0,0
2302,0,0,0,1,0,88,0,0,0,0,0,0
2303,0,154,1,0,0,0,0,0,0,0,0,0
2304,9,98,39,0,0,0,0,0,0,0,0,0
2305,0,0,0,0,5,0,159,2954,7,0,0,0
2306,0,0,0,0,0,11,0,0,0,15,3981,3
2307,0,0,0,1,4,3,0,0,0,0,0,0
2308,0,0,0,4,2,2698,0,0,0,0,0,0
2309,0,1,0,0,0,0,380,55,1,0,0,0
2310,0,0,0,0,1,20,0,0,0,0,0,0
2311,2,150,0,0,0,0,1,0,0,0,0,0
2312,0,2,16,0,0,0,0,0,0,0,0,0
2313,0,25,3,0,0,0,0,0,0,0,0,0
2314,0,0,0,2,0,191,0,0,0,0,1,0
2315,0,41,0,0,0,0,0,0,0,0,0,0
2316,1,28,4,0,0,0,0,0,0,0,0,0
2317,202,1358,49,0,0,0,0,0,0,0,0,0
2318,4,0,0,367,16,280,0,0,0,0,0,0
2319,0,0,0,5,40,345,0,0,0,0,7,0
2320,0,0,0,8,9,38,0,0,0,0,0,0
2321,0,0,0,1,1,98,0,0,0,0,0,0
2322,0,0,0,0,0,2,0,0,0,0,0,0
2323,2,9,0,0,0,0,727,27,2,0,0,0
2324,0,3,0,0,0,0,755,155,0,0,0,0
2325,0,0,0,0,0,2,0,0,0,55,499,1
2326,0,0,0,4,30,59,0,0,0,0,0,0
2327,0,0,0,2,9,71,0,0,0,0,0,0
2328,0,0,0,0,4,56,0,0,0,0,0,0
2329,0,0,0,0,0,0,175,155,79,0,0,1
2330,0,0,0,0,38,11,0,0,0,0,0,0
2331,0,0,0,0,1,0,51,25,1,0,0,0
2332,0,0,0,0,2,41,0,0,0,0,0,0
2333,0,1,0,0,0,0,369,35,0,0,0,0
2334,0,0,0,0,0,8,0,0,0,12,4137,7
2335,0,0,0,47,91,117,0,0,0,0,1,0
2336,0,56,0,0,0,0,10469,24,0,0,0,0
2337,11,72,11,0,0,0,1,0,0,0,0,0
2338,0,0,0,0,0,1,0,0,0,95,277,0
2339,0,0,0,19,74,11,0,0,0,0,0,0
2340,0,0,0,0,0,1,0,0,0,5,424,0
2341,0,0,0,2,4,61,0,0,0,0,0,0
2342,0,1435,26,0,0,0,3,0,0,0,0,0
2343,0,0,0,0,7,212,0,0,0,0,1,0
2344,0,0,0,0,0,0,0,0,0,2,222,2
2345,51,74,3,0,0,0,0,0,0,0,0,0
2346,0,0,0,1,18,2210,0,0,0,1,142,0
2347,0,0,0,3,1,61,0,0,0,0,0,0
2348,1,1970,4,0,0,0,1,0,0,0,0,0
2349,0,0,0,0,2,3,0,0,0,0,0,0
2350,3,0,0,158,1,27,0,0,0,0,0,0
2351,0,0,0,0,0,0,13,7,1,0,0,0
2352,0,0,0,0,0,0,2,0,7,0,0,0
2353,0,0,0,20,1,36,0,0,0,0,0,0
2354,0,0,0,0,0,0,216,2,0,0,0,0
2355,0,0,0,0,0,0,34,0,0,0,0,0
2356,66,159,102,0,0,0,0,0,0,1,0,0
2357,0,0,0,0,0,0,48,49,0,0,0,0
2358,0,0,0,0,0,3,0,0,0,1,809,0
2359,0,0,0,12,2,130,0,0,0,0,0,0
2360,0,133,0,0,0,0,0,0,0,0,0,0
2361,0,109,6,0,0,0,0,0,0,0,0,0
2362,0,39,18,0,0,0,0,0,0,0,0,0
2363,0,0,0,0,0,0,0,0,0,16,95,0
2364,0,0,0,2,0,1,0,0,0,0,0,0
2365,0,0,0,3,26,129,0,0,0,0,1,0
2366,1,4,0,0,0,0,0,0,0,0,0,0
2367,2,57,2,0,0,0,0,0,0,0,0,0
2368,15,110,39,0,0,0,0,0,0,0,0,0
2369,0,98,0,0,2,0,506,263,2,0,0,0
2370,0,0,0,0,0,4,0,0,0,1,119,1
2371,0,0,0,0,0,0,0,0,0,86,290,0
2372,0,0,0,7,11,85,0,0,0,0,0,0
2373,0,0,0,1,0,2,0,0,0,0,0,0
2374,0,0,0,0,0,0,58,0,1,0,0,0
2375,7,67,199,0,0,0,0,0,0,0,0,0
2376,2,79,126,0,0,0,0,0,0,0,0,0
2377,0,0,0,6,9,74,0,0,0,0,0,0
2378,0,0,0,0,5,52,0,0,0,0,0,0
2379,0,0,0,0,0,2,0,0,0,0,0,0
2380,3,157,4,0,0,0,0,0,0,0,0,0
2381,0,0,0,0,0,0,29,266,1,0,0,0
2382,0,0,0,0,0,0,41,8,0,0,0,0
2383,0,0,0,8,7,96,0,0,0,0,1,0
2384,0,0,0,0,0,0,27,1,8,0,0,0
2385,15,28,31,0,0,0,0,0,0,0,0,0
2386,17,53,54,0,0,0,0,0,0,0,0,0
2387,3,58,1,0,0,0,0,0,0,0,0,0
2388,0,0,0,0,0,67,0,0,0,4,4416,185
2389,5,293,18,0,0,0,1,0,0,0,0,0
2390,0,0,0,5,21,154,0,0,0,0,1,0
2391,0,0,0,2,0,6,0,0,0,0,0,0
2392,0,0,0,9,5,29,0,0,0,0,0,0
2393,0,0,0,0,0,0,192,10,5,0,0,0
2394,0,0,0,0,0,51,0,0,0,0,0,0
2395,0,0,0,1,0,149,0,0,0,63,26683,1
2396,1,2086,1,0,0,0,12,0,0,0,0,0
2397,0,0,0,0,0,0,0,0,0,1,56,0
2398,0,2,0,0,0,0,1303,124,6,0,0,0
2399,0,0,0,0,0,1,0,0,0,1,218,0
2400,8,0,2,0,0,0,0,0,0,0,0,0
2401,0,0,1,0,0,6,0,0,0,283,842,5
2402,0,0,0,62,21,3,1,0,0,0,0,0
2403,0,0,0,0,0,0,0,0,0,1,14,0
2404,376,124,33,301,0,0,0,0,0,3,0,0
2405,0,6,6,0,0,0,0,0,0,0,0,0
2406,11,744,37,0,0,0,4,0,0,0,0,0
2407,0,4,0,0,0,0,1296,221,7,0,0,0
2408,0,0,0,0,0,0,6,1,0,0,0,0
2409,0,0,0,0,0,0,2,3,3,0,0,0
2410,6,579,38,0,0,0,10,0,0,0,0,0
2411,0,0,0,1,12,78,0,0,0,0,0,0
2412,0,0,0,0,2,3,0,0,0,0,0,0
2413,0,2,0,0,0,0,477,40,6,0,0,0
2414,0,0,0,1,1,3,0,0,0,0,0,0
2415,2,0,0,0,0,0,0,0,0,0,0,0
2416,0,0,0,0,0,16,0,0,0,1,4116,0
2417,1,2,5,0,0,0,0,0,0,0,0,0
2418,0,0,0,0,0,0,90,18,1,0,0,0
2419,14,192,5,0,0,0,2,0,0,0,0,0
2420,0,7,3,0,0,0,0,0,0,0,0,0
2421,5,89,17,0,0,0,0,0,0,0,0,0
2422,0,0,0,0,0,0,29,13,4,0,0,0
2423,0,0,0,3,0,41,0,0,0,0,0,0
2424,0,0,0,0,0,0,89,81,6,0,0,0
2425,0,0,0,1,0,296,0,0,0,0,1,0
2426,0,2,0,0,0,0,373,43,2,0,0,0
2427,0,0,0,3,1,58,0,0,0,0,0,0
2428,0,0,0,13,0,72,0,0,0,0,0,0
2429,0,5,0,0,0,0,0,0,0,0,0,0
2430,2,66,80,0,0,0,0,0,0,0,0,0
2431,0,496,2,0,0,0,0,0,0,0,0,0
2432,0,0,0,3,113,825,0,0,0,0,14,0
2433,0,0,0,0,0,1,0,0,0,100,705,0
2434,0,0,3,0,0,3,0,0,0,65,1204,0
2435,0,116,21,0,0,0,0,0,0,0,0,0
2436,0,0,0,0,0,0,119,125,4,0,0,0
2437,31,132,146,0,0,0,1,0,0,2,0,0
2438,0,0,0,0,0,0,119,2,6,0,0,0
2439,14,105,66,0,0,0,0,0,0,0,0,0
2440,37,174,48,0,0,0,0,0,0,0,0,0
2441,0,0,0,0,0,0,198,24,6,0,0,0
2442,3,76,63,0,0,0,0,0,0,0,0,0
2443,2,79,135,0,0,0,10,0,0,0,0,0
2444,1,200,1,0,0,0,1,0,0,0,0,0
2445,0,0,0,0,0,18,0,0,0,33,4608,2
2446,0,0,0,115,9,147,0,0,0,0,0,0
2447,0,0,0,2,3,0,244,1500,7,0,0,0
2448,0,1,0,0,0,0,197,124,0,0,0,0
2449,0,0,0,0,0,0,0,0,0,177,905,15
2450,0,0,1,0,0,1,0,0,0,138,1103,1
2451,0,0,0,0,0,2,0,0,0,0,0,0
2452,105,50,1,0,0,0,0,0,0,0,0,0
2453,0,0,0,0,0,126,0,0,0,31,25424,6
2454,0,0,0,8,26,82,0,0,0,0,0,0
2455,0,0,1,0,0,6,0,0,0,115,4029,3
2456,53,58,55,0,0,0,0,0,0,1,0,0
2457,0,0,0,0,0,16,0,0,0,0,0,0
2458,0,0,0,0,2,0,64,1238,42,0,0,0
2459,0,0,0,0,0,1,0,0,0,29,721,1
2460,0,0,0,0,0,0,0,0,0,58,42,1
2461,0,0,0,18,19,87,0,0,0,0,1,0
2462,0,0,0,0,0,2,0,0,0,72,1957,0
2463,0,0,0,51,4,12,0,0,0,0,0,0
2464,2,32,2,0,0,0,2,0,0,0,0,0
2465,0,90,28,0,0,0,0,0,0,0,0,0
2466,7,95,24,0,0,0,0,0,0,0,0,0
2467,14,116,89,0,0,0,0,0,0,5,0,0
2468,0,0,0,0,0,0,198,130,7,0,0,0
2469,0,0,0,0,0,5,0,0,0,1,1327,1
2470,0,0,1,0,0,23,0,0,0,35,8921,0
2471,0,0,0,0,0,1,0,0,0,7,43,1
2472,0,0,0,0,0,0,0,0,0,7,43,0
2473,27,455,30,0,0,0,2,0,0,0,0,0
2474,0,35,63,0,0,0,0,0,0,0,0,0
2475,7,85,14,0,0,0,0,0,0,0,0,0
2476,10,56,12,0,0,0,0,0,0,0,0,0
2477,0,0,0,0,0,0,146,0,29,0,0,0
2478,4,12,18,0,0,0,0,0,0,0,0,0
2479,6,39,5,0,0,0,0,0,0,0,0,0
2480,5,1302,26,0,0,0,17,0,0,0,0,0
2481,0,0,0,2,1,13,0,0,0,0,0,0
2482,0,0,0,5,5,169,0,0,0,0,0,0
2483,2,259,1,0,0,0,0,0,0,0,0,0
2484,0,0,0,6,1,131,0,0,0,0,0,0
2485,0,0,0,0,0,26,0,0,0,215,6488,1
2486,0,0,0,0,0,7,0,0,0,0,0,0
2487,1,0,0,177,0,2,0,0,0,0,0,0
2488,0,0,0,0,0,16,0,0,0,0,1600,0
2489,0,0,0,0,1,662,0,0,0,0,5,0
2490,0,0,0,0,0,3,0,0,0,0,0,0
2491,6,69,2,0,0,0,0,0,0,0,0,0
2492,0,2,0,0,0,0,116,1,3,0,0,0
2493,66,22,75,0,0,0,0,0,0,0,0,0
2494,0,0,0,0,6,0,321,1850,5,0,0,0
2495,0,0,0,0,0,0,2,0,0,0,0,0
2496,0,0,0,0,0,0,3,4,0,0,0,0
2497,159,538,33,0,0,0,2,0,0,0,0,0
2498,0,0,0,0,0,0,81,0,1,0,0,0
2499,94,93,98,0,0,0,0,0,0,0,0,0
2500,16,96,33,0,0,0,0,0,0,0,0,0
2501,0,44,0,0,0,0,0,0,0,0,0,0
2502,0,0,0,0,0,1,0,0,0,2,120,0
2503,2,47,4,0,0,0,0,0,0,0,0,0
2504,0,0,0,0,0,5,0,0,0,34,681,0
2505,0,0,0,10,0,3,0,0,0,0,0,0
2506,0,0,0,11,28,85,0,0,0,0,0,0
2507,0,0,0,0,0,0,0,0,0,13,203,0
2508,0,0,0,0,0,7,0,0,0,111,2777,9
2509,0,0,0,0,0,61,0,0,2,19,8483,336
2510,280,234,1,22,0,0,1,0,0,0,0,0
2511,0,0,0,0,0,0,0,0,0,0,70,19
2512,584,246,19,4,0,0,3,0,0,0,0,0
2513,0,0,0,0,0,0,63,0,2,0,0,0
2514,5,43,77,0,0,0,0,0,0,0,0,0
2515,61,68,29,2,0,0,0,0,0,0,0,0
2516,0,0,0,0,17,0,655,3407,1,0,0,0
2517,0,0,0,2,0,2,0,0,0,0,0,0
2518,0,0,0,0,84,6,240,12449,6,0,0,0
2519,0,0,0,0,1,28,0,0,0,0,1,0
2520,0,0,0,0,0,4,0,0,0,0,0,0
2521,2,168,0,0,0,0,0,0,0,0,0,0
2522,1,156,2,0,0,0,0,0,0,0,0,0
2523,0,0,0,0,0,17,0,0,0,20,2447,1
2524,13,166,5,0,0,0,0,0,0,0,0,0
2525,0,1,0,0,0,0,423,3,1,0,0,0
2526,22,199,50,0,0,0,4,0,0,0,0,0
2527,0,7,0,0,2,0,774,1399,3,0,0,0
2528,0,0,0,0,0,0,198,0,2,0,0,0
2529,12,21,18,0,0,0,0,0,0,0,0,0
2530,33,546,30,0,0,0,0,0,0,0,0,0
2531,0,0,0,0,0,0,120,138,2,0,0,0
2532,0,0,0,0,3,21,0,0,0,0,1,0
2533,0,0,0,39,33,762,0,0,0,0,0,0
2534,0,0,0,0,2,0,237,435,8,0,0,0
2535,0,0,0,1,18,155,0,0,0,0,1,0
2536,0,0,0,0,0,21,0,0,0,30,4074,2
2537,0,0,0,9,154,233,0,1,0,0,0,0
2538,0,0,0,0,1,19,0,0,0,0,0,0
2539,0,0,0,0,0,0,276,24,30,0,0,0
2540,0,13,9,0,0,0,0,0,0,0,0,0
2541,3,68,3,0,0,0,0,0,0,0,0,0
2542,0,35,0,0,0,0,0,0,0,0,0,0
2543,5,72,7,0,0,0,0,0,0,0,0,0
2544,0,0,453,0,0,2,0,0,0,1040,1517,0
2545,0,0,0,32,57,160,0,0,0,0,0,0
2546,0,0,0,0,0,0,13,4,2,0,0,0
2547,0,0,0,0,2,0,16,19,0,0,0,0
2548,0,0,0,5,2,390,0,0,0,0,3,0
2549,0,0,0,0,0,0,57,30,4,0,0,0
2550,74,570,47,0,0,0,2,0,0,0,0,0
2551,0,0,0,3,12,227,0,0,0,0,0,0
2552,0,0,0,3,1,61,0,0,0,0,0,0
2553,0,0,0,0,0,3,0,0,0,0,0,0
2554,0,187,0,0,0,0,1,0,0,0,0,0
2555,0,0,0,0,0,0,0,0,0,4,2,9
2556,32,50,0,0,0,0,0,0,0,0,0,0
2557,0,53,6,0,0,0,0,0,0,0,0,0
2558,0,0,0,0,0,5,0,0,0,6,1394,2
2559,0,0,0,0,0,0,0,0,0,1,95,0
2560,32,4257,15,0,0,0,29,0,0,0,0,0
2561,0,0,0,1,22,171,0,0,0,0,0,0
2562,0,0,0,1,0,34,0,0,0,0,0,0
2563,5,293,1,0,0,0,0,0,0,0,0,0
2564,0,174,0,0,0,0,15965,0,15,0,0,0
2565,13,80,22,0,0,0,0,0,0,0,0,0
2566,1,59,4,0,0,0,0,0,0,0,0,0
2567,0,0,0,0,0,0,0,0,0,11,3,1
2568,29,76,1,0,0,0,0,0,0,0,0,0
2569,0,18,4,0,0,0,0,0,0,0,0,0
2570,0,0,0,0,0,11,0,0,0,21,2209,1
2571,0,0,1,0,0,0,0,0,0,163,83,2
2572,0,0,0,35,25,121,0,0,0,0,3,0
2573,2,46,3,0,0,0,1,0,0,0,0,0
2574,0,0,0,0,0,7,0,0,0,3,951,1
2575,0,0,0,28,6,19,0,0,0,0,0,0
2576,171,25,1,1,0,0,0,0,0,0,0,0
2577,0,0,0,0,0,0,136,99,3,0,0,0
2578,0,0,0,1,75,102,0,2,0,0,0,0
2579,0,0,0,0,0,0,41,1,21,0,0,0
2580,8,64,39,0,0,0,1,0,0,0,0,0
2581,1,92,111,0,0,0,0,0,0,0,0,0
2582,0,0,0,0,0,0,96,26,1,0,0,0
2583,0,0,0,0,0,0,0,0,0,5,210,0
2584,15,0,0,756,6,58,0,0,0,0,0,0
2585,0,1,0,0,7,0,367,395,0,0,0,0
2586,0,0,0,2,1,12,0,0,0,0,0,0
2587,0,0,0,34,2,218,0,0,0,0,0,0
2588,0,2,0,0,0,0,349,0,2,0,0,0
2589,36,197,80,0,0,0,0,0,0,3,0,0
2590,24,143,66,0,0,0,0,0,0,0,0,0
2591,0,0,0,0,0,0,400,160,21,0,0,0
2592,0,0,0,0,0,0,0,0,0,63,213,0
2593,1,0,0,96,23,248,0,0,0,0,1,0
2594,0,0,0,0,0,0,0,0,0,13,609,11
2595,0,0,0,0,0,0,0,0,0,19,294,0
2596,6,1358,55,0,0,0,32,0,0,0,0,0
2597,0,0,0,1,70,20302,0,0,0,1,407,0
2598,0,0,0,0,2,2,0,0,0,0,0,0
2599,0,0,0,0,0,0,116,166,17,0,0,0
2600,0,0,0,0,0,0,259,189,0,0,0,0
2601,0,0,0,0,2,29,0,0,0,0,0,0
2602,0,0,0,17,7,71,0,0,0,0,0,0
2603,0,0,0,0,0,0,2,2,0,0,0,0
2604,0,0,0,0,0,0,0,0,0,0,0,0
2605,0,0,0,0,0,156,0,0,0,0,1,0
2606,1,64,5,0,0,0,1,0,0,0,0,0
2607,0,0,1,0,0,2,0,0,0,108,937,5
2608,1,39,10,0,0,0,0,0,0,0,0,0
2609,0,0,0,0,0,0,0,0,0,8,15,1
2610,0,0,0,0,0,2,0,0,0,1,394,0
2611,21,81,10,0,0,0,0,0,0,0,0,0
2612,0,0,0,0,0,0,33,42,0,0,0,0
2613,0,0,0,0,0,15,0,0,0,0,0,0
2614,0,0,0,1,203,35,0,3,0,0,0,0
2615,0,0,0,1,0,2,0,0,0,0,0,0
2616,0,0,0,0,0,0,5,1,0,0,0,0
2617,0,0,0,0,0,32,0,0,0,0,0,0
2618,0,716,0,0,0,0,2,0,0,0,0,0
2619,0,0,0,0,0,20,0,0,0,0,0,0
2620,0,0,0,17,0,48,0,0,0,0,0,0
2621,2,41,0,0,0,0,1,0,0,0,0,0
2622,1,37,0,0,0,0,0,0,0,0,0,0
2623,0,0,0,0,0,4,0,0,0,45,2100,1
2624,0,1,0,0,0,0,64,10,0,0,0,0
2625,0,0,0,0,0,0,46,1,0,0,0,0
2626,0,0,0,0,0,0,244,884,0,0,0,0
2627,0,0,0,0,0,1,0,0,0,5,564,0
2628,0,0,0,0,0,0,0,0,0,0,0,0
2629,0,0,0,13,0,82,0,0,0,0,3,0
2630,4,30,5,0,0,0,0,0,0,0,0,0
2631,0,0,0,1,1,2,0,0,0,0,0,0
2632,0,0,0,0,0,0,66,527,10,0,0,0
2633,0,0,0,0,25,136,0,0,0,0,0,0
2634,0,0,0,0,0,3,0,0,0,0,0,0
2635,0,0,0,0,0,0,111,24,3,0,0,0
2636,0,0,0,0,0,0,0,0,0,24,10,1
2637,0,0,0,0,1,2,0,0,0,0,0,0
2638,0,0,0,0,0,12,0,0,0,49,754,2
2639,0,0,0,0,0,0,412,0,8,0,0,0
2640,9,43,22,0,0,0,0,0,0,0,0,0
2641,8,114,12,0,0,0,0,0,0,0,0,0
2642,3,342,25,0,0,0,0,0,0,0,0,0
2643,0,0,0,0,1,5,0,0,0,0,0,0
2644,0,0,0,0,0,5,0,0,0,220,2189,1
2645,1,71,35,0,0,0,1,0,0,0,0,0
2646,3,49,4,0,0,0,0,0,0,0,0,0
2647,7,1076,23,0,0,0,0,0,0,0,0,0
2648,0,5,0,0,1,0,427,63,5,0,0,0
2649,0,90,4,0,0,0,0,0,0,0,0,0
2650,0,0,0,0,0,2,0,0,0,10,761,2
2651,20,88,0,0,0,0,0,0,0,0,0,0
2652,0,0,0,0,0,0,0,0,0,5,348,0
2653,153,239,79,0,0,0,0,0,0,0,0,0
2654,0,0,0,0,0,0,48,1,1,0,0,0
2655,11,83,41,0,0,0,0,0,0,0,0,0
2656,5,219,12,0,0,0,0,0,0,0,0,0
2657,0,17,27,0,0,0,0,0,0,0,0,0
2658,39,104,22,0,0,0,0,0,0,0,0,0
2659,0,28,0,0,25,0,2469,1761,60,0,0,0
2660,0,0,0,0,0,3,0,0,0,0,0,0
2661,1,10,0,0,0,0,0,0,0,0,0,0
2662,0,0,0,0,0,3,0,0,0,0,637,0
2663,0,0,0,3,6,7,0,0,0,0,0,0
2664,0,0,0,0,0,0,103,21,3,0,0,0
2665,0,0,0,1,1,98,0,0,0,0,0,0
2666,0,0,0,0,0,0,3,6,2,0,0,0
2667,0,0,0,0,0,63,0,0,0,0,466,1
2668,0,0,0,0,0,6,0,0,0,47,980,4
2669,0,0,0,0,0,0,0,0,0,22,305,2
2670,0,0,0,0,0,5,0,0,0,0,0,0
2671,0,0,0,93,11,75,0,0,0,0,0,0
2672,0,0,0,0,1,0,33,219,1,0,0,0
2673,0,0,0,0,0,2,0,0,0,0,24,7
2674,1,31,1,0,0,0,0,0,0,0,0,0
2675,0,0,0,0,0,7,0,0,0,23,2641,3
2676,0,0,0,0,0,0,0,0,0,27,867,1
2677,0,0,0,3,0,21,0,0,0,0,0,0
2678,1,20,0,0,0,0,0,0,0,0,0,0
2679,2,91,141,0,0,0,0,0,0,0,0,0
2680,0,0,0,2,1,196,0,0,0,0,0,0
2681,1,41,21,0,0,0,0,0,0,0,0,0
2682,0,0,0,22,3,32,0,0,0,0,0,0
2683,0,0,0,0,0,0,46,49,0,0,0,0
2684,3,14,22,0,0,0,0,0,0,0,0,0
2685,0,0,0,8,9,51,0,0,0,0,0,0
2686,0,0,0,0,0,0,3,4,0,0,0,0
2687,0,0,0,0,0,0,93,4,0,0,0,0
2688,1,0,0,73,1,120,0,0,0,0,0,0
2689,36,91,9,0,0,0,1,0,0,0,0,0
2690,3,1,0,0,0,0,0,0,0,0,0,0
2691,0,0,0,0,0,0,0,0,0,0,32,0
2692,5411,48,2,5284,0,0,0,0,0,0,0,0
2693,28,4,44,1,0,0,0,0,0,0,0,0
2694,0,18,5,0,0,0,0,0,0,0,0,0
2695,0,0,0,0,0,9,0,0,0,1,3553,0
2696,7,0,0,0,0,0,0,0,0,0,0,0
2697,7,23,80,0,0,0,0,0,0,0,0,0
2698,0,0,0,66,0,2854,0,0,0,0,86,0
2699,0,54,0,0,0,0,0,0,0,0,0,0
2700,0,0,0,0,0,2,0,0,0,1,456,0
2701,0,0,1,0,0,4,0,0,0,635,679,2
2702,0,0,0,1,3,5,0,0,0,0,0,0
2703,0,0,0,1,0,0,0,0,0,0,0,0
2704,0,0,0,0,0,6,0,0,0,4,1458,0
2705,4,38,1,0,0,0,0,0,0,0,0,0
2706,0,0,0,0,0,31,0,0,0,26,10462,1
2707,9,106,33,0,0,0,0,0,0,1,0,0
2708,0,0,0,0,0,15,0,0,0,85,497,2
2709,0,0,0,0,0,3,0,0,0,0,0,0
2710,0,0,0,0,0,13,0,0,3,86,2980,91
2711,0,28,58,0,0,0,0,0,0,0,0,0
2712,3,149,18,0,0,0,2,0,0,0,0,0
2713,60,104,119,0,0,0,0,0,0,4,0,0
2714,0,0,0,0,0,0,2,8,1,0,0,0
2715,0,0,0,0,0,0,0,0,3,0,0,0
2716,0,0,0,0,0,2,0,0,0,68,848,3
2717,0,0,0,0,0,0,5,0,0,0,0,0
2718,0,0,0,0,0,0,1,6,0,0,0,0
2719,0,0,0,3,2,50,0,0,0,0,0,0
2720,0,0,0,0,0,0,329,50,1,0,0,0
2721,0,0,0,0,0,0,0,0,0,9,368,0
2722,2,269,0,0,0,0,17,0,0,0,0,0
2723,0,0,0,0,0,0,0,0,0,9,123,0
2724,0,0,0,0,0,2,0,0,0,37,617,0
2725,45,166,1,0,0,0,2,0,0,0,0,0
2726,1,203,14,0,0,0,2,0,0,0,0,0
2727,0,0,0,0,0,1,0,0,0,8,694,0
2728,17,71,0,0,0,0,0,0,0,0,0,0
2729,0,27,12,0,0,0,0,0,0,0,0,0
2730,10,208,31,0,0,0,1,0,0,0,0,0
2731,0,1,0,0,16,0,462,322,17,0,0,0
2732,0,0,0,0,0,0,118,14,8,0,0,0
2733,0,0,0,1,0,2,0,0,0,0,0,0
2734,0,0,0,16,1,558,0,0,0,0,4,0
2735,2,54,0,0,0,0,0,0,0,0,0,0
2736,0,0,0,0,0,3,0,0,0,22,297,4
2737,0,0,0,3,9,77,0,0,0,0,0,0
2738,0,0,0,0,0,1,0,0,0,0,0,0
2739,0,0,0,0,0,1,0,0,0,0,0,0
2740,0,0,0,0,0,42,0,0,0,0,2,0
2741,0,0,0,0,0,0,41,48,1,0,0,0
2742,0,0,0,0,0,0,11,48,1,0,0,0
2743,0,0,0,1,2,89,0,0,0,0,1,0
2744,0,0,0,0,0,0,24,32,0,0,0,0
2745,21,410,55,0,0,0,9,0,0,0,0,0
2746,0,0,0,7,35,5884,0,0,0,0,68,0
2747,0,13,0,0,1,0,317,517,0,0,0,0
2748,9,93,18,0,0,0,2,0,0,0,0,0
2749,0,0,0,0,0,533,0,0,0,14,21064,0
2750,1,11,0,0,0,0,0,0,0,0,0,0
2751,0,0,1,0,0,1,0,0,0,35,134,1
2752,0,0,0,63,12,294,0,0,0,0,1,0
2753,0,0,0,0,0,0,51,17,1,0,0,0
2754,0,0,0,0,1,7,0,0,0,0,0,0
2755,0,0,0,0,0,0,30,1344,22,0,0,0
2756,3,375,19,0,0,0,3,0,0,0,0,0
2757,0,0,0,1,0,13,0,0,0,0,0,0
2758,4,26,0,0,0,0,0,0,0,0,0,0
2759,0,0,0,0,0,0,35,1,2,0,0,0
2760,4,13,17,0,0,0,0,0,0,1,0,0
2761,4,110,21,0,0,0,3,0,0,0,0,0
2762,0,0,0,0,0,0,11,24,1,0,0,0
2763,0,0,0,0,1,0,0,0,0,0,0,0
2764,0,0,0,0,3,0,54,1032,22,0,0,0
2765,0,0,0,0,0,0,0,0,0,6,1,1
2766,10,29,4,0,0,0,1,0,0,0,0,0
2767,2,88,11,0,0,0,0,0,0,0,0,0
2768,0,0,0,0,1,0,37,72,0,0,0,0
2769,0,0,0,0,0,0,3,30,1,0,0,0
2770,0,0,0,0,6,162,0,0,0,0,1,0
2771,0,0,0,5,0,63,0,0,0,0,0,0
2772,1,45,0,0,0,0,0,0,0,0,0,0
2773,0,0,0,0,0,18,0,0,0,1,1144,0
2774,0,8,3,0,0,0,0,0,0,0,0,0
2775,10,256,39,0,0,0,0,0,0,0,0,0
2776,0,0,0,0,0,0,29,101,0,0,0,0
2777,20,24,7,0,0,0,0,0,0,0,0,0
2778,0,1,0,0,0,0,84,60,2,0,0,0
2779,0,0,0,2,4,111,0,0,0,0,0,0
2780,0,6,0,0,0,0,325,26,5,0,0,0
2781,0,0,0,1,1,40,0,0,0,0,0,0
2782,0,0,0,0,22,0,71,3916,371,0,0,4
2783,3,51,16,0,0,0,1,0,0,0,1,0
2784,11,211,27,0,0,0,0,0,0,0,0,0
2785,0,0,0,3,2,518,0,0,0,0,1,0
2786,0,2298,0,0,0,0,4,0,0,0,0,0
2787,0,0,0,0,0,33,0,0,0,0,0,0
2788,0,0,0,0,0,2,0,0,0,41,486,0
2789,0,46,0,0,0,0,0,0,0,0,0,0
2790,0,0,0,0,0,1,0,0,0,134,417,1
2791,0,0,0,3,207,210,0,3,0,0,0,0
2792,0,0,0,0,0,4,0,0,0,0,0,0
2793,0,0,0,10,1,0,0,0,0,0,0,0
2794,0,0,0,0,0,24,0,0,0,0,0,0
2795,0,1,0,0,0,0,53,2,0,0,0,0
2796,4,65,40,0,0,0,0,0,0,0,0,0
2797,1,13,37,0,0,0,0,0,0,1,0,0
2798,0,0,1,0,0,0,0,0,0,53,95,3
2799,0,0,0,0,0,1,0,0,0,0,0,0
2800,0,0,0,291,2,118,0,0,0,0,0,0
2801,0,0,0,0,0,0,94,89,1,0,0,0
2802,0,6,8,0,0,0,0,0,0,0,0,0
2803,0,0,0,35,5,408,0,0,0,0,0,0
2804,0,0,0,0,0,0,85,1,65,0,0,0
2805,7,32,22,0,0,0,0,0,0,0,0,0
2806,4,279,160,0,0,0,1,0,0,8,0,0
2807,1,22,28,0,0,0,0,0,0,0,0,0
2808,0,0,0,0,0,0,134,85,3,0,0,0
2809,0,0,0,0,0,0,247,306,20,0,0,0
2810,2,415,50,0,0,0,1,0,0,0,0,0
2811,0,0,0,1,0,14,0,0,0,0,0,0
2812,0,0,0,9,4,11,0,0,0,0,0,0
2813,0,1,0,0,0,0,184,1,1,0,0,0
2814,0,1,1,0,0,0,0,0,0,0,0,0
2815,0,0,0,0,0,581,0,0,0,0,3,0
2816,0,109,4,0,0,0,1,0,0,0,0,0
2817,4,169,27,0,0,0,5,0,0,0,0,0
2818,3,32,84,0,0,0,0,0,0,0,0,0
2819,0,0,0,0,0,0,26,52,0,0,0,0
2820,0,0,0,0,0,44,0,0,0,0,1,0
2821,1,37,1,0,0,0,0,0,0,0,0,0
2822,0,0,6,0,0,3,0,0,0,555,230,0
2823,0,0,0,0,0,0,0,0,0,0,0,0
2824,0,0,0,0,0,49,0,0,0,0,0,0
2825,7,50,2,0,0,0,0,0,0,0,0,0
2826,5,62,25,1,0,0,0,0,0,0,0,0
2827,0,0,0,13,21,1521,0,0,0,0,16,0
2828,0,1,0,0,0,0,33,2,5,0,0,0
2829,8,49,38,0,0,0,0,0,0,0,0,0
2830,0,0,0,0,3,0,52,281,11,0,0,0
2831,0,12,6,0,0,0,0,0,0,0,0,0
2832,13,50546,4,0,0,0,483,2,0,0,0,0
2833,0,7,0,0,0,0,386,66,0,0,0,0
2834,0,0,0,1,0,2,0,0,0,0,0,0
2835,0,0,0,0,0,0,0,4,2,0,0,0
2836,0,0,0,0,0,8,0,0,0,0,946,0
2837,0,0,0,1,46,22,0,1,0,0,0,0
2838,0,0,1,0,0,7,0,0,0,558,1219,0
2839,0,0,0,10,12,72,0,0,0,0,1,0
2840,0,6,0,0,1,0,311,52,2,0,0,0
2841,0,0,0,0,0,71,0,0,0,13,3668,6
2842,0,0,0,0,0,32,0,0,0,79,2730,6
2843,0,0,0,1,0,8,0,0,0,0,0,0
2844,2,7,0,0,0,0,0,0,0,0,0,0
2845,0,0,0,0,0,880,0,0,0,0,30,0
2846,0,22,0,0,0,0,0,0,0,0,0,0
2847,0,0,0,0,0,29,0,0,0,2,1618,0
2848,1,151,14,0,0,0,0,0,0,0,0,0
2849,0,0,0,0,0,0,107,39,3,0,0,0
2850,0,0,0,0,1,11,0,0,0,0,0,0
2851,0,0,0,25,8,310,0,0,0,0,2,0
2852,0,0,0,0,0,0,11,0,0,0,0,0
2853,0,30,8,0,0,0,0,0,0,0,0,0
2854,0,313,0,0,0,0,1,0,0,0,0,0
2855,0,0,0,0,0,0,0,0,0,65,305,3
2856,0,0,0,6,18,14,0,0,0,0,0,0
2857,0,0,0,0,0,2,0,0,0,53,780,1
2858,0,0,0,0,0,0,114,126,0,0,0,0
2859,0,0,0,0,0,0,54,37,2,0,0,0
2860,0,0,0,0,0,47,0,0,0,0,0,0
2861,1,265,1,0,0,0,0,0,0,0,0,0
2862,0,0,0,0,0,7,0,0,0,8,1892,0
2863,70,183,9,0,0,0,0,0,0,0,0,0
2864,0,0,0,0,0,0,36,4,3,0,0,0
2865,7,48,29,0,0,0,0,0,0,0,0,0
2866,9,98,67,0,0,0,1,0,0,0,0,0
2867,0,0,0,0,6,0,88,1163,0,0,0,0
2868,0,0,0,1,2,45,0,0,0,0,0,0
2869,22,406,2,0,0,0,6,0,0,0,0,0
2870,15,45,55,0,0,0,0,0,0,1,0,0
2871,3,256,37,0,0,0,0,0,0,0,0,0
2872,6,0,0,812,5,194,0,0,0,0,0,0
2873,0,0,0,0,0,0,35,1,1,0,0,0
2874,20,39,65,0,0,0,0,0,0,0,0,0
2875,0,1,0,0,1,0,490,230,17,0,0,0
2876,0,0,0,0,13,40,0,0,0,0,0,0
2877,0,0,0,0,6,0,0,0,0,0,0,0
2878,0,0,0,0,0,6,0,0,0,53,1937,2
2879,0,1,0,0,0,0,380,46,1,0,0,0
2880,0,0,0,0,0,0,0,0,0,4,544,2
2881,0,0,1,0,0,1,0,0,0,252,563,2
2882,0,0,0,0,7,183,0,0,0,0,0,0
2883,0,6,0,0,0,0,1055,32,0,0,0,0
2884,0,0,0,0,1,194,0,0,0,0,4,0
2885,0,3,0,0,2,0,141,369,8,0,0,0
2886,0,0,0,1,0,51,0,0,0,0,0,0
2887,0,0,0,7,3,47,0,0,0,0,0,0
2888,0,0,0,0,1,0,21,36,1,0,0,0
2889,0,0,0,1,1,11,0,0,0,0,0,0
2890,0,1,0,0,0,0,334,349,23,0,0,0
2891,0,7,0,0,2,0,986,208,0,0,0,0
2892,0,0,0,0,0,1,0,0,0,3,179,0
2893,131,162,18,2,0,0,1,0,0,0,0,0
2894,0,1,0,0,0,0,99,52,0,0,0,0
2895,14,303,46,0,0,0,0,0,0,0,0,0
2896,0,0,0,22,4,133,0,0,0,0,0,0
2897,0,0,0,0,0,0,64,51,1,0,0,0
2898,0,0,0,0,0,1,0,0,0,16,438,2
2899,2,0,0,46,23,349,0,1,0,0,4,0
2900,0,19,0,0,0,0,870,6,0,0,0,0
2901,0,0,0,0,8,36,0,0,0,0,0,0
2902,0,0,0,0,0,8,0,0,0,6,5150,0
2903,30,2051,124,0,0,0,27,0,0,0,0,0
2904,0,0,0,24,0,195,0,0,0,0,0,0
2905,7,40,2,0,0,0,0,0,0,0,0,0
2906,0,254,1,0,0,0,1,0,0,0,0,0
2907,0,115,0,0,0,0,0,0,0,0,0,0
2908,2,2618,12,0,0,0,14,0,0,0,0,0
2909,0,29,1,0,0,0,0,0,0,0,0,0
2910,0,0,0,0,0,9,0,0,0,51,2861,5
2911,0,0,0,13,16008,75,19,243,0,0,0,0
2912,0,0,0,2,6,89,0,0,0,0,0,0
2913,0,0,0,0,1,3,0,0,0,0,0,0
2914,0,1,0,0,0,0,231,30,5,0,0,0
2915,0,0,0,0,0,0,0,0,0,14,5,5
2916,21,56,0,0,0,0,0,0,0,0,0,0
2917,3,120,36,0,0,0,0,0,0,0,0,0
2918,0,0,0,0,0,0,0,0,0,31,729,9
2919,0,0,0,0,0,2,0,0,0,9,1430,0
2920,47,187,54,0,0,0,1,0,0,0,0,0
2921,0,1,0,0,1,0,155,96,0,0,0,0
2922,0,0,0,0,3,64,0,0,0,0,0,0
2923,4,443,9,0,0,0,0,0,0,0,0,0
2924,0,0,0,7,187,55,0,0,0,0,0,0
2925,0,0,0,0,0,0,0,0,0,45,552,14
2926,0,0,0,39,7,89,0,0,0,0,0,0
2927,0,0,0,0,0,0,36,2,2,0,0,0
2928,12,53,28,0,0,0,0,0,0,0,0,0
2929,4,378,42,0,0,0,0,0,0,1,0,0
2930,0,0,0,5,4,95,0,0,0,0,0,0
2931,0,0,0,1,0,38,0,0,0,0,0,0
2932,3,62,1,0,0,0,0,0,0,0,0,0
2933,0,0,0,0,0,3,0,0,0,57,985,0
2934,0,0,0,1,0,2,0,0,0,0,0,0
2935,0,0,0,15,4,404,0,0,0,0,0,0
2936,0,139,2,0,0,0,2,0,0,0,0,0
2937,0,0,0,0,1,7,0,0,0,25,2014,2
2938,4,53,2,0,0,0,0,0,0,0,0,0
2939,0,0,0,0,1,17,0,0,0,80,2377,10
2940,0,0,0,0,0,1,0,0,0,33,399,2
2941,3,155,9,0,0,0,0,0,0,0,0,0
2942,0,0,0,0,0,16,0,0,0,247,2154,1
2943,0,0,0,164,11,31,0,0,0,0,0,0
2944,0,16,0,0,0,0,5458,118,1,0,0,0
2945,0,3,0,0,1,0,418,630,1,0,0,0
2946,0,11,0,0,0,0,1318,29,1,0,0,0
2947,0,0,0,0,0,1,0,0,0,3,511,1
2948,54,381,9,0,0,0,0,1,0,0,0,0
2949,0,0,0,0,2,6,0,0,0,0,0,0
2950,0,0,0,45,3,165,0,0,0,0,1,0
2951,0,0,0,0,0,0,5,7,0,0,0,0
2952,5,37,11,0,0,0,0,0,0,0,0,0
2953,0,0,0,0,17,175,0,0,0,0,0,0
2954,0,0,0,4,34,84,0,0,0,0,0,0
2955,0,0,0,0,0,1,0,0,0,0,0,0
2956,4,55,0,0,0,0,0,0,0,0,0,0
2957,0,0,0,0,0,0,40,27,0,0,0,0
2958,3,49,20,0,0,0,0,0,0,0,0,0
2959,0,0,0,16,115,224,0,0,0,0,1,0
2960,0,0,0,0,0,0,8,2,1,0,0,0
2961,4,26,4,0,0,0,0,0,0,0,0,0
2962,0,0,0,0,1,0,91,229,0,0,0,0
2963,0,0,0,0,0,2,0,0,0,0,0,0
2964,0,0,0,0,5,0,0,277,1,0,0,0
2965,0,0,0,0,0,0,0,14,9,0,0,0
2966,14,62,17,0,0,0,0,0,0,0,0,0
2967,0,0,0,0,1,0,58,584,2,0,0,0
2968,0,0,0,0,0,144,0,0,0,0,0,0
2969,0,964,1,0,0,0,3,0,0,0,0,0
2970,0,0,0,8,4,49,0,0,0,0,0,0
2971,0,0,0,0,1,0,82,125,1,0,0,0
2972,0,0,0,0,0,0,359,86,3,0,0,0
2973,0,0,0,0,0,182,0,0,0,7,6169,5
2974,0,0,0,5,0,6652,0,0,0,0,51,0
2975,1,81,0,0,0,0,0,0,0,0,0,0
2976,0,0,0,0,0,0,0,0,0,6,412,1
2977,6,116,6,0,0,0,0,0,0,0,0,0
2978,0,0,0,1,0,139,0,0,0,0,0,0
2979,0,86,0,0,0,0,1,0,0,0,0,0
2980,0,0,0,0,0,1,0,0,0,0,318,0
2981,0,0,0,6,0,220,0,0,0,0,0,0
2982,0,26,0,0,0,0,0,0,0,0,0,0
2983,0,0,0,0,0,2,0,0,0,0,499,0
2984,0,0,0,5,3,41,0,0,0,0,0,0
2985,0,0,0,0,0,2,0,0,0,0,0,0
2986,0,384,48,0,0,0,2,0,0,0,0,0
2987,0,0,0,4,77,67,0,0,0,0,0,0
2988,0,0,0,10,10,15,0,0,0,0,0,0
2989,0,0,0,6,1,183,0,0,0,0,5,0
2990,0,0,0,0,0,0,75,1,1,0,0,0
2991,0,111,27,0,0,0,0,0,0,0,0,0
2992,0,0,0,79,14,389,0,0,0,0,0,0
2993,0,1,0,0,0,0,132,1,0,0,0,0
2994,10,96,24,0,0,0,0,0,0,0,0,0
2995,0,0,0,0,1,0,72,348,2,0,0,0
2996,0,0,0,0,225,15,0,0,0,0,0,0
2997,0,0,0,0,0,2,0,0,0,83,995,1
2998,0,0,0,18,23,191,0,0,0,0,3,0
2999,0,0,0,0,0,0,142,45,0,0,0,0
3000,0,1,0,0,0,0,78,22,1,0,0,0
3001,0,0,0,4,4,133,0,0,0,0,0,0
3002,0,0,0,0,0,0,69,1,2,0,0,0
3003,30,290,32,0,0,0,0,0,0,0,0,0
3004,0,0,0,0,197,0,698,7524,21,0,0,0
3005,0,0,0,0,3,20,0,0,0,0,0,0
3006,0,0,0,2,13,27,0,0,0,0,0,0
3007,0,0,0,8,0,36,0,0,0,0,0,0
3008,1,56,2,0,0,0,0,0,0,0,0,0
3009,2,36,2,0,0,0,0,0,0,0,0,0
3010,2,338,4,0,0,0,0,0,0,0,0,0
3011,0,0,0,6,19,540,0,0,0,0,2,0
3012,0,0,0,0,3,8,0,0,0,0,0,0
3013,0,0,0,0,0,0,330,31,11,0,0,0
3014,0,3,0,0,0,0,326,87,3,0,0,0
3015,0,0,0,0,0,1,0,0,0,35,312,0
3016,0,0,0,91,33,273,0,0,0,0,0,0
3017,0,0,0,3,31,223,0,1,0,0,2,0
3018,0,0,0,0,0,0,0,0,0,0,79,0
3019,2,264,7,0,0,0,0,0,0,0,0,0
3020,0,0,0,0,0,0,0,0,0,42,256,1
3021,198,154,1,0,0,0,1,0,0,0,0,0
3022,0,0,0,1,0,161,0,0,0,0,0,0
3023,9,29,0,0,0,0,0,0,0,0,0,0
3024,0,0,0,0,0,2,0,0,0,0,0,0
3025,0,2,0,0,2,0,268,573,11,0,0,0
3026,0,0,0,2,0,74,0,0,0,0,0,0
3027,8,330,1,0,0,0,0,0,0,0,0,0
3028,0,0,0,0,0,251,0,0,0,0,0,0
3029,0,0,0,2,1,2,0,0,0,0,0,0
3030,0,0,0,0,0,0,98,40,2,0,0,0
3031,0,0,0,0,0,211,0,0,0,0,0,0
3032,0,0,0,2,12,1,0,0,0,0,0,0
3033,0,0,0,0,0,0,0,0,0,24,177,3
3034,0,0,0,1,5,313,0,0,0,0,14,0
3035,0,0,0,0,1,59,0,0,0,0,0,0
3036,0,0,0,2,13,11,0,0,0,0,0,0
3037,0,0,0,5,4,9158,0,0,0,0,2117838,0
3038,0,0,0,18,0,95,0,0,0,0,0,0
3039,0,49,1,0,0,0,0,0,0,0,0,0
3040,0,0,0,0,0,3,0,0,0,0,1396,0
3041,0,0,0,0,0,0,0,0,0,80,728,49
3042,0,0,0,0,0,1,0,0,0,175,292,2
3043,0,0,0,42,40,179,0,0,0,0,0,0
3044,0,0,0,0,0,0,0,0,0,34,292,31
3045,0,0,1,0,0,148,0,0,0,23,4250,14
3046,151,479,98,1,0,0,2,0,0,2,0,0
3047,0,0,0,0,4,0,151,1805,12,0,0,0
3048,5,298,78,0,0,0,0,0,0,0,0,0
3049,1,0,0,180,389,893,0,1,0,0,0,0
3050,0,0,0,0,0,0,44,3,0,0,0,0
3051,53,221,28,0,0,0,1,0,0,0,0,0
3052,0,0,0,0,0,0,369,916,1,0,0,0
3053,0,0,0,0,2,0,123,633,1,0,0,0
3054,0,348,25,0,0,0,0,0,0,0,0,0
3055,0,0,0,40,11,1793,0,0,0,0,9,0
3056,0,0,0,0,0,0,46,1,0,0,0,0
3057,3,52,23,0,0,0,0,0,0,0,0,0
3058,8,284,54,0,0,0,0,0,0,0,0,0
3059,0,1,0,0,0,0,116,0,1,0,0,0
3060,10,26,12,0,0,0,0,0,0,0,0,0
3061,2,556,101,0,0,0,0,0,0,0,0,0
3062,0,1,0,0,0,0,217,0,1,0,0,0
3063,8,78,24,0,0,0,0,0,0,0,0,0
3064,4,116,36,0,0,0,0,0,0,0,0,0
3065,0,0,0,0,0,0,331,533,3,0,0,0
3066,0,1,0,0,0,0,186,109,0,0,0,0
3067,0,0,0,0,3,232,0,0,0,0,1,0
3068,0,0,0,0,0,0,67,79,2,0,0,0
3069,28,746,30,0,0,0,2,0,0,0,0,0
3070,0,0,0,2,121,76,0,0,0,0,0,0
3071,0,0,0,62,6,60,0,0,0,0,0,0
3072,0,12,0,0,0,0,192,37,3,0,0,0
3073,0,0,0,0,9,77,0,0,0,0,3,0
3074,0,0,0,0,0,0,41,1,0,0,0,0
3075,29,148,42,1,0,0,1,0,0,0,0,0
3076,14,2314,28,0,0,0,3,0,0,0,0,0
3077,0,2,0,0,0,0,89,1,3,0,0,0
3078,12,77,91,0,0,0,1,0,0,0,0,0
3079,21,120,41,0,0,0,0,0,0,0,0,0
3080,0,1,0,0,0,0,104,0,3,0,0,0
3081,24,73,29,0,0,0,0,0,0,0,0,0
3082,23,180,74,0,0,0,0,0,0,2,0,0
3083,0,0,0,0,0,0,101,2,7,0,0,0
3084,33,181,120,0,0,0,0,0,0,0,0,0
3085,0,0,0,0,0,0,115,729,49,0,0,0
3086,0,0,0,2,11,535,0,0,0,0,2,0
3087,0,0,0,13,9,48,0,0,0,0,0,0
3088,0,0,0,96,4,134,0,0,0,0,0,0
3089,0,0,0,0,0,0,80,1,0,0,0,0
3090,56,364,26,0,0,0,4,0,0,0,0,0
3091,0,0,0,0,0,0,306,68,6,0,0,0
3092,0,0,0,0,0,6,0,0,0,15,1186,0
3093,0,0,0,0,0,0,0,0,2,16,772,41
3094,580,288,9,3,0,0,1,0,0,0,0,0
3095,0,0,0,13,18,355,0,0,0,0,2,0
3096,0,0,0,0,0,259,0,0,0,1,12589,1
3097,93,46,57,0,0,0,1,0,0,4,0,0
3098,3,30,8,0,0,0,0,0,0,0,0,0
3099,0,0,0,0,1,0,0,0,0,265,1018,2
3100,0,0,0,14,156,96,0,0,0,0,0,0
3101,0,0,0,0,0,0,0,0,0,8,2,3
3102,34,104,9,0,0,0,0,0,0,0,0,0
3103,2,46,26,0,0,0,0,0,0,0,0,0
3104,0,0,0,17,0,944,0,0,0,0,2,0
3105,15,124,1,0,0,0,0,0,0,0,0,0
3106,0,0,0,1,1,573,0,0,0,0,3,0
3107,0,0,0,0,0,0,13,1,2,0,0,0
3108,13,58,20,0,0,0,0,0,0,0,0,0
3109,0,0,0,0,0,0,37,320,1,0,0,0
3110,0,0,0,0,6,9,0,0,0,0,0,0
3111,6,169,0,0,0,0,0,0,0,0,0,0
3112,0,0,0,0,0,142,0,0,0,0,0,0
3113,0,0,0,0,0,0,79,3,11,0,0,0
3114,0,0,0,0,0,0,169,186,2,0,0,0
3115,0,0,0,0,0,110,0,0,0,0,0,0
3116,5,291,1,0,0,0,0,0,0,0,0,0
3117,0,0,0,0,0,4,0,0,0,96,2337,2
3118,0,0,0,2,11,111,0,0,0,0,2,0
3119,0,0,0,0,0,0,50,1,812,0,0,30
3120,49,123,42,0,0,0,0,0,0,0,0,0
3121,6,83,224,0,0,0,1,0,0,1,0,0
3122,0,1,0,0,3,0,240,1761,5,0,0,0
3123,22,105,102,0,0,0,0,0,0,0,0,0
3124,0,0,0,4,0,478,0,0,0,0,0,0
3125,0,0,0,0,0,0,28,78,12,0,0,0
3126,7,333,15,0,0,0,0,0,0,0,0,0
3127,0,0,0,2,36,165,0,0,0,0,1,0
3128,0,0,0,3,1,32,0,0,0,0,0,0
3129,1,21,1,0,0,0,0,0,0,0,0,0
3130,0,0,0,0,0,1,0,0,0,0,473,0
3131,0,0,0,0,0,0,0,0,0,32,2,1
3132,4,55,2,0,0,0,0,0,0,0,0,0
3133,2,52,20,0,0,0,0,0,0,0,0,0
3134,0,0,0,0,0,0,44,37,1,0,0,0
3135,0,0,0,0,0,0,48,23,0,0,0,0
3136,0,0,0,0,0,73,0,0,0,0,0,0
3137,0,104,0,0,0,0,0,0,0,0,0,0
3138,21,75,4,0,0,0,1,0,0,0,0,0
3139,1,48,128,0,0,0,0,0,0,0,0,0
3140,0,0,1,0,0,7938,0,0,0,140,11683,13
3141,0,0,0,0,0,0,0,0,0,49,354,1
3142,0,0,0,9,14,51,0,0,0,0,0,0
3143,0,0,0,6,14,164,0,0,0,0,6,0
3144,0,0,0,1,32,16,0,1,0,0,0,0
3145,0,0,0,0,0,0,0,0,0,0,0,0
3146,0,0,0,0,0,0,55,0,6,0,0,0
3147,24,25,10,0,0,0,0,0,0,0,0,0
3148,13,370,9,0,0,0,2,0,0,0,0,0
3149,0,0,0,3,8,88,0,0,0,0,0,0
3150,0,0,0,4,1,15,0,0,0,0,0,0
3151,0,0,0,2,1,69,0,0,0,0,0,0
3152,0,3,0,0,4,0,459,2658,29,0,0,0
3153,0,0,0,0,0,0,197,139,0,0,0,0
3154,0,0,0,6,2,142,0,0,0,0,5,0
3155,0,0,0,0,3,0,65,359,3,0,0,0
3156,0,0,0,0,0,8,0,0,0,37,1482,2
3157,0,0,0,0,0,0,0,0,0,92,584,0
3158,18,67,20,0,0,0,0,0,0,0,0,0
3159,0,0,0,0,0,0,0,0,0,111,397,1
3160,0,0,0,23,125,163,0,4,0,0,0,0
3161,0,0,0,11,49,221,0,0,0,0,1,0
3162,0,0,0,0,0,3,0,0,0,23,485,2
3163,0,0,0,73,31,191,0,0,0,0,1,0
3164,0,5,0,0,100,1,416,331,11,0,0,0
3165,0,0,0,0,0,4,0,0,0,128,1370,3
3166,0,0,0,55,23,243,0,0,0,0,0,0
3167,0,1,0,0,1,0,395,40,6,0,0,0
3168,0,0,0,0,0,39,0,0,0,207,428,4
3169,0,0,0,10,135,120,0,1,0,0,0,0
3170,0,0,0,0,0,0,0,0,0,47,212,6
3171,0,0,0,9,15,195,0,0,0,0,0,0
3172,0,0,0,3,25,433,0,0,0,0,1,0
3173,0,0,2,0,0,0,0,0,0,140,0,0
3174,49,122,16,0,0,0,0,0,0,0,0,0
3175,2,141,6,0,0,0,0,0,0,0,0,0
3176,0,0,0,0,0,169,0,0,0,33,2913,6
3177,0,0,0,0,0,173,0,0,0,148,13678,17
3178,0,0,0,29,19,208,0,0,0,0,0,0
3179,0,0,0,0,0,0,237,1,4,0,0,0
3180,28,76,58,0,0,0,1,0,0,0,0,0
3181,23,35,36,0,0,0,0,0,0,0,0,0
3182,0,0,0,0,0,0,240,1,12,0,0,0
3183,18,206,39,0,0,0,0,0,0,0,0,0
3184,28,305,116,0,0,0,1,0,0,0,0,0
3185,0,0,0,0,0,0,145,1,1,0,0,0
3186,8,88,28,0,0,0,0,0,0,0,0,0
3187,0,0,0,0,0,0,93,242,9,0,0,0
3188,0,0,0,0,0,0,0,0,0,9,0,2
3189,65,44,9,0,0,0,0,0,0,0,0,0
3190,3,133,15,0,0,0,0,0,0,0,0,0
3191,0,0,0,0,0,0,17,1,0,0,0,0
3192,3,27,10,0,0,0,2,0,0,0,0,0
3193,89,237,147,0,0,0,0,0,0,0,0,0
3194,0,0,0,0,0,0,84,0,2,0,0,0
3195,5,20,17,0,0,0,0,0,0,0,0,0
3196,22,380,47,0,0,0,0,0,0,0,0,0
3197,0,0,0,0,0,0,15,22,0,0,0,0
3198,2,71,1,0,0,0,1,0,0,0,0,0
3199,0,0,0,1,12,110,0,0,0,0,0,0
3200,0,0,0,3,0,6,0,0,0,0,0,0
3201,0,0,0,0,0,0,1,9,1,0,0,0
3202,0,0,0,0,0,0,1,10,0,0,0,0
3203,0,0,0,0,0,29,0,0,0,0,0,0
3204,0,0,0,0,0,5,0,0,0,0,0,0
3205,3,148,2,0,0,0,1,0,0,0,0,0
3206,0,0,0,0,0,0,42,1208,2,0,0,0
3207,3,417,62,0,0,0,2,0,0,0,0,0
3208,0,0,0,13,289,184,0,0,0,0,1,0
3209,0,0,0,0,1,0,33,26,2,0,0,0
3210,27,442,118,0,0,0,1,0,0,1,0,0
3211,0,0,0,18,17,124,0,0,0,0,0,0
3212,0,0,0,0,5,0,82,56,1,0,0,0
3213,6,586,48,0,0,0,0,0,0,0,0,0
3214,0,0,0,3,8,100,0,0,0,0,0,0
3215,6,179,6,0,0,0,0,0,0,0,0,0
3216,0,0,0,0,0,0,540,266,1,0,0,0
3217,0,0,0,0,7,80,0,0,0,0,0,0
3218,0,0,0,0,0,0,0,0,0,132,2,0
3219,30,103,4,0,0,0,0,0,0,0,0,0
3220,8,33,5,0,0,0,1,0,0,0,0,0
3221,0,0,1,0,0,0,0,0,0,91,0,5
3222,29,101,3,0,0,0,0,0,0,0,0,0
3223,2,33,15,0,0,0,1,0,0,0,0,0
3224,1,58,5,0,0,0,0,0,0,0,0,0
3225,0,0,0,0,0,1,0,0,0,69,587,12
3226,0,0,0,21,1,257,0,0,0,0,0,0
3227,0,0,0,0,0,0,190,13,0,0,0,0
3228,0,0,0,0,23,138,0,0,0,0,1,0
3229,0,0,0,54,0,755,0,0,0,0,2,0
3230,0,1,0,0,1,0,284,139,19,0,0,0
3231,0,1,0,0,9,0,302,2471,11,0,0,0
3232,0,0,0,6,0,132,0,0,0,0,1,0
3233,0,0,0,0,0,0,0,0,0,9,1,1
3234,266,78,13,1,0,0,0,0,0,0,0,0
3235,4,41,14,0,0,0,0,0,0,0,0,0
3236,0,0,0,0,0,0,0,0,0,21,4,5
3237,52,614,16,0,0,0,4,0,0,0,0,0
3238,50,91,23,0,0,0,0,0,0,0,0,0
3239,0,3,0,0,1,0,220,651,7,0,0,0
3240,0,148,78,0,0,0,0,0,0,0,0,0
3241,0,0,0,0,0,0,0,0,0,31,2837,2
3242,0,0,0,0,2,0,1315,320,0,0,0,0
3243,0,1,0,0,2,0,569,312,0,0,0,0
3244,0,0,0,0,0,1,0,0,0,12,1453,1
3245,161,116,6,0,0,0,0,0,0,0,0,0
3246,0,0,0,0,10,0,95,217,10,0,0,0
3247,0,0,0,2,8,61,0,0,0,0,0,0
3248,0,1,0,0,0,0,2130,1,4,0,0,0
3249,16,225,124,0,0,0,0,0,0,0,0,0
3250,0,0,0,1,9,0,177,3287,30,0,0,0
3251,0,0,0,0,2,0,370,1045,2,0,0,0
3252,3,201,5,0,0,0,3,0,0,0,0,0
3253,0,0,0,0,0,1,0,0,0,22,581,1
3254,38,81,14,0,0,0,0,0,0,0,0,0
3255,3,213,33,0,0,0,2,0,0,0,0,0
3256,0,0,0,16,48,2143,0,0,0,0,6,0
3257,0,0,0,0,0,0,0,0,0,4,4,3
3258,15,45,12,0,0,0,0,0,0,0,0,0
3259,0,0,0,0,34,0,164,4663,26,0,0,0
3260,1,63,17,0,0,0,0,0,0,0,0,0
3261,0,0,0,0,0,13,0,0,0,25,4237,3
3262,12,319,2,0,0,0,0,0,0,0,0,0
3263,1,27,18,0,0,0,0,0,0,0,0,0
3264,0,0,0,0,0,1,0,0,0,111,2645,3
3265,0,0,0,14,1,365,0,0,0,0,3,0
3266,0,19,5,0,0,0,0,0,0,0,0,0
3267,0,0,0,0,2,832,0,0,0,20,316178,1
3268,0,0,0,4,0,800,0,0,0,0,105,0
3269,4,63,174,0,0,0,0,0,0,1,0,0
3270,0,0,0,5,95,219,0,0,0,0,0,0
3271,0,0,0,6,6,296,0,0,0,0,0,0
3272,0,0,0,0,0,0,0,0,0,21,1,22
3273,157,41,105,0,0,0,0,0,0,1,0,0
3274,17,20,13,0,0,0,0,0,0,0,0,0
3275,1,420,113,0,0,0,26,0,0,2,0,0
3276,0,0,0,0,0,1,0,0,0,98,735,0
3277,32,141,13,0,0,0,0,0,0,0,0,0
3278,5,260,57,0,0,0,2,0,0,0,0,0
3279,0,0,0,2,19,113,0,0,0,0,1,0
3280,0,0,0,8,0,46,0,0,0,0,0,0
3281,0,0,0,0,0,0,90,43,2,0,0,0
3282,0,0,0,0,3,41,0,0,0,0,0,0
3283,0,0,0,26,0,180,0,0,0,0,1,0
3284,0,1,0,0,0,0,74,2,3,0,0,0
3285,7,45,48,0,0,0,1,0,0,0,0,0
3286,0,1,0,0,4,0,338,572,3,0,0,0
3287,0,5,0,0,1,0,320,138,1,0,0,0
3288,0,0,0,0,2,941,0,0,0,0,0,0
3289,0,0,0,10,124,75,0,0,0,0,0,0
3290,0,0,0,0,0,0,0,0,0,33,0,1
3291,176,530,7,0,0,0,0,0,0,0,0,0
3292,0,23,0,0,0,0,0,0,0,0,0,0
3293,0,0,0,0,0,0,0,0,0,59,715,1
3294,0,0,0,0,0,0,0,0,0,132,540,8
3295,0,0,0,2,21,75,0,0,0,0,0,0
3296,0,0,0,0,0,0,0,0,0,2,0,1
3297,26,322,20,0,0,0,0,0,0,0,0,0
3298,6,71,42,0,0,0,1,0,0,0,0,0
3299,0,0,0,2,7,64,0,0,0,0,0,0
3300,0,0,0,0,4,30,0,0,0,0,0,0
3301,0,109,2,0,0,0,0,0,0,0,0,0
3302,0,1,0,0,0,0,659,1,16,0,0,0
3303,2,27,9,0,0,0,0,0,0,0,0,0
3304,0,0,0,0,37,0,108,4559,8,0,0,0
3305,1,169,194,0,0,0,0,0,0,1,0,0
3306,0,0,0,16,3,306,0,0,0,0,2,0
3307,0,1,0,0,0,0,269,509,11,0,0,0
3308,0,7,0,0,0,0,1256,1,0,0,0,0
3309,0,122,56,0,0,0,0,0,0,0,0,0
3310,0,85,2,0,0,0,0,0,0,0,0,0
3311,0,0,0,0,0,0,0,0,0,75,531,4
3312,0,0,0,6,51,61,0,0,0,0,0,0
3313,0,0,0,11,3,101,0,0,0,0,0,0
3314,2,74,1,0,0,0,0,0,0,0,0,0
3315,0,0,0,0,0,0,0,0,0,84,579,0
3316,1,150,1,0,0,0,0,0,0,0,0,0
3317,0,0,0,0,0,0,0,0,0,80,524,1
3318,0,0,0,0,0,5,0,0,0,22,1414,1
3319,61,47,8,0,0,0,0,0,0,0,0,0
3320,0,0,0,0,1,0,71,340,1,0,0,0
3321,0,0,0,0,12,47,0,0,0,0,0,0
3322,0,0,0,5,3,46,0,0,0,0,0,0
3323,0,2,0,0,0,0,542,319,2,0,0,0
3324,0,0,0,1,2,21,0,0,0,0,0,0
3325,0,0,0,3,27,86,0,0,0,0,0,0
3326,0,0,0,0,0,0,0,0,0,36,1,11
3327,118,412,23,0,0,0,0,0,0,0,0,0
3328,0,1,0,0,4,0,124,1093,6,0,0,0
3329,0,134,369,0,0,0,0,0,0,4,0,0
3330,0,0,0,0,0,6,0,0,0,33,1952,2
3331,0,0,0,10,0,165,0,0,0,0,0,0
3332,0,83,1,0,0,0,0,0,0,0,0,0
3333,0,0,0,3,16,61,0,0,0,0,0,0
3334,0,0,0,27,20,93,0,0,0,0,0,0
3335,0,0,0,0,0,0,83,0,1,0,0,0
3336,6,97,25,0,0,0,0,0,0,0,0,0
3337,50,87,71,0,0,0,1,0,0,0,0,0
3338,0,0,0,0,5,0,83,544,2,0,0,0
3339,5,0,0,7,8,45,0,0,0,0,1,0
3340,0,0,0,0,7,0,72,2573,40,0,0,0
3341,6,118,230,0,0,0,0,0,0,1,0,0
3342,3,82,604,0,0,0,0,0,0,0,0,0
3343,0,0,0,3,2,44,0,0,0,0,0,0
3344,5,153,2,0,0,0,0,0,0,0,0,0
3345,0,1,0,0,2,0,100,94,0,0,0,0
3346,0,0,0,0,20,559,0,1,0,0,0,0
3347,0,0,0,3,2,9,0,0,0,0,0,0
3348,0,0,0,2,10,8,0,0,0,0,0,0
3349,0,0,0,4,2,15,0,0,0,0,0,0
3350,14,2989,0,0,0,0,15,0,0,0,0,0
3351,0,0,0,0,0,0,244,88,4,0,0,0
3352,0,0,0,13,7,31,0,0,0,0,0,0
3353,0,1,0,0,6,0,80,41,0,0,0,0
3354,0,0,0,0,0,0,66,27,3,0,0,0
3355,0,0,0,1,0,25,0,0,0,0,0,0
3356,0,0,0,0,1,3,0,0,0,0,0,0
3357,20,5,1,0,0,0,0,0,0,0,0,0
3358,0,0,0,0,0,87,0,0,0,0,0,0
3359,0,0,0,2,2,48,0,0,0,0,0,0
3360,0,0,0,0,0,9,0,0,0,0,0,0
3361,2,29,0,0,0,0,0,0,0,0,0,0
3362,1,13,10,0,0,0,0,0,0,0,0,0
3363,0,33,4,0,0,0,0,0,0,0,0,0
3364,0,201,39,0,0,0,0,0,0,0,0,0
3365,0,0,0,0,0,0,0,0,0,41,785,1
3366,0,0,0,0,0,3,0,0,0,0,0,0
3367,0,0,0,55,0,71,0,0,0,0,0,0
3368,0,44,0,0,0,0,0,0,0,0,0,0
3369,0,0,0,0,0,1,0,0,0,16,1049,0
3370,0,0,0,4,44,57,0,0,0,0,0,0
3371,0,0,0,0,0,0,134,67,2,0,0,0
3372,0,371,186,0,0,0,0,0,0,1,0,0
3373,0,0,3,0,0,1,0,0,0,639,268,13
3374,55,25,5,0,0,0,0,0,0,0,0,0
3375,0,81,78,0,0,0,0,0,0,0,0,0
3376,0,0,0,28,6,43,0,0,0,0,0,0
3377,0,0,0,0,0,0,37,6,0,0,0,0
3378,0,0,0,0,0,39,0,0,0,0,0,0
3379,0,450,21,0,0,0,0,0,0,0,0,0
3380,0,0,0,5,0,392,0,0,0,0,3,0
3381,0,59,2,0,0,0,0,0,0,0,0,0
3382,0,0,0,0,0,0,0,0,0,3,288,0
3383,5,53,54,0,0,0,0,0,0,0,0,0
3384,0,0,0,1,0,0,0,0,0,0,0,0
3385,0,0,0,9,0,14,0,0,0,0,0,0
3386,0,1,0,0,0,0,0,0,0,0,0,0
3387,1,111,4,0,0,0,0,0,0,0,0,0
3388,1,23,4,0,0,0,0,0,0,0,0,0
3389,20,10,15,0,0,0,0,0,0,0,0,0
3390,17,86,30,0,0,0,0,0,0,0,0,0
3391,0,0,0,3,15,161,0,0,0,0,0,0
3392,0,2,0,0,0,0,286,61,0,0,0,0
3393,0,0,0,0,0,1,0,0,0,60,1037,0
3394,268,86,26,0,0,0,0,0,0,0,0,0
3395,0,3,0,0,2,0,146,512,3,0,0,0
3396,0,24,27,0,0,0,0,0,0,0,0,0
3397,0,0,0,0,0,16,0,0,0,25,373,0
3398,3,243,12,0,0,0,2,0,0,0,0,0
3399,0,0,0,1,0,1,0,0,0,0,0,0
3400,0,0,0,4,0,48,0,0,0,0,0,0
3401,0,4,0,0,0,0,1440,23,1,0,0,0
3402,0,0,0,3,5,73,0,0,0,0,0,0
3403,0,0,0,0,20,0,270,3057,35,0,0,0
3404,0,1,0,0,0,0,268,2,3,0,0,0
3405,22,723,27,0,0,0,0,0,0,0,0,0
3406,18,267,54,0,0,0,0,0,0,0,0,0
3407,0,0,0,0,0,0,3,0,5,0,0,0
3408,0,1,0,0,0,0,0,0,0,0,0,0
3409,4,77,7,0,0,0,0,0,0,0,0,0
3410,0,0,0,0,0,0,118,225,0,0,0,0
3411,0,0,0,0,0,10,0,0,0,0,4078,1
3412,0,0,0,55,0,48,0,0,0,0,0,0
3413,1,11,1,0,0,0,0,0,0,0,0,0
3414,0,28,22,0,0,0,0,0,0,0,0,0
3415,2,26,4,0,0,0,0,0,0,0,0,0
3416,0,98,2,0,0,0,0,0,0,0,0,0
3417,1,64,21,0,0,0,0,0,0,0,0,0
3418,0,7,0,0,8,0,409,591,1,0,0,0
3419,0,2,0,0,0,0,176,59,0,0,0,0
3420,0,0,0,1,1,172,0,0,0,0,1,0
3421,23,202,1,0,0,0,0,0,0,0,0,0
3422,0,36,32,0,0,0,0,0,0,0,0,0
3423,3,73,48,0,0,0,0,0,0,0,0,0
3424,1,25,32,0,0,0,0,0,0,0,0,0
3425,0,0,0,0,0,1,0,0,0,30,710,24
3426,0,0,0,0,0,5,0,0,0,1,1762,1
3427,170,69,10,2,0,0,0,0,0,0,0,0
3428,4,4146,36,0,0,0,18,0,0,0,0,0
3429,0,0,0,0,0,15,0,0,0,36,1776,3
3430,14,132,8,0,0,0,0,0,0,0,0,0
3431,0,0,0,0,12,0,354,2796,40,0,0,0
3432,0,0,0,0,2,26,0,0,0,0,0,0
3433,0,3,0,0,17,0,191,5653,1,0,0,0
3434,0,1,0,0,0,0,166,83,1,0,0,0
3435,0,0,0,0,0,8,0,0,0,0,0,0
3436,0,0,0,5,1,60,0,0,0,0,0,0
3437,0,0,0,0,0,0,102,1,0,0,0,0
3438,0,0,0,0,2,50,0,0,0,0,0,0
3439,0,0,0,6,0,62,0,0,0,0,0,0
3440,0,5,0,0,0,0,0,0,0,0,0,0
3441,1,49,6,0,0,0,0,0,0,0,0,0
3442,0,0,0,1,0,779,0,0,0,0,5,0
3443,0,0,0,0,0,0,80,79,0,0,0,0
3444,0,0,0,0,0,0,0,0,0,3,261,0
3445,39,43,0,0,0,0,0,0,0,0,0,0
3446,0,0,0,0,0,0,265,95,0,0,0,0
3447,0,0,0,0,0,0,0,0,0,0,180,1
3448,0,0,0,0,0,1,0,0,0,36,581,0
3449,0,19,3,0,0,0,0,0,0,0,0,0
3450,0,582,30,0,0,0,1,0,0,0,0,0
3451,0,0,0,0,0,180,0,0,0,0,0,0
3452,0,1,0,0,0,0,337,99,0,0,0,0
3453,0,0,0,0,489,134,0,1,0,0,1,0
3454,0,0,0,83,6,57,0,0,0,0,0,0
3455,0,0,0,19,0,86,0,0,0,0,0,0
3456,1,319,0,0,0,0,1,0,0,0,0,0
3457,0,0,0,0,0,3,0,0,0,0,1155,0
3458,0,0,0,0,0,0,0,0,0,4,21,0
3459,0,0,0,0,0,13,0,0,0,0,0,0
3460,0,0,0,12,0,33,0,0,0,0,0,0
3461,0,164,0,0,0,0,0,0,0,0,0,0
3462,1,202,1,0,0,0,0,0,0,0,0,0
3463,1,25,8,0,0,0,0,0,0,0,0,0
3464,0,0,0,0,0,0,0,0,0,6,366,2
3465,1,4,0,0,0,0,0,0,0,0,0,0
3466,0,0,0,112,38,441,0,1,0,0,2,0
3467,0,0,0,0,0,0,264,1,2,0,0,0
3468,0,0,0,0,0,0,184,93,2,0,0,0
3469,30,41,155,0,0,0,0,0,0,0,0,0
3470,0,1,0,0,0,0,374,1,2,0,0,0
3471,0,1,0,0,0,0,377,57,0,0,0,0
3472,35,219,65,0,0,0,2,0,0,0,0,0
3473,0,0,0,0,0,0,201,180,2,0,0,0
3474,0,0,0,0,0,0,87,19,0,0,0,0
3475,0,0,0,17,1,332,0,0,0,0,10,0
3476,0,26,0,0,0,0,1229,58,1,0,0,0
3477,0,0,0,3,3,533,0,0,0,0,2,0
3478,1,0,0,705,24,279,0,0,0,0,1,0
3479,0,0,0,0,0,0,24,25,0,0,0,0
3480,0,0,0,0,0,1,0,0,0,0,25,6
3481,241,506,16,1,0,0,2,0,0,0,0,0
3482,0,3,0,0,0,0,705,2,9,0,0,0
3483,0,0,0,0,2,0,334,991,10,0,0,0
3484,13,251,27,0,0,0,0,0,0,0,0,0
3485,0,2,0,0,1,0,1115,163,1,0,0,0
3486,0,0,0,0,0,16,0,0,0,68,1607,0
3487,0,0,3,0,0,3,0,0,0,141,587,2
3488,0,0,0,59,16,116,0,0,0,0,0,0
3489,0,0,0,0,0,3,0,0,0,0,0,0
3490,14,185,0,0,0,0,3,0,0,0,0,0
3491,0,40,1,0,0,0,0,0,0,0,0,0
3492,1,125,12,0,0,0,0,0,0,0,0,0
3493,0,0,0,3,0,2085,0,0,0,0,3,0
3494,0,39,0,0,0,0,0,0,0,0,0,0
3495,12,116,11,0,0,0,0,0,0,0,0,0
3496,0,1,0,0,0,0,393,262,1,0,0,0
3497,0,0,0,0,0,0,250,21,0,0,0,0
3498,0,0,0,0,0,10,0,0,0,31,235,3
3499,0,0,0,10,0,143,0,0,0,0,0,0
3500,1,53,3,0,0,0,0,0,0,0,0,0
3501,0,0,0,0,0,0,0,0,0,1,6,3
3502,0,0,0,2,13,72,0,0,0,0,0,0
3503,9,86,4,0,0,0,0,0,0,0,0,0
3504,2,42,22,0,0,0,0,0,0,0,0,0
3505,0,0,0,0,0,3,0,0,0,30,847,0
3506,4,65,4,0,0,0,0,0,0,0,0,0
3507,1,173,69,0,0,0,0,0,0,0,0,0
3508,0,0,0,76,28,134,0,0,0,0,6,0
3509,0,1,0,0,0,0,341,9,3,0,0,0
3510,0,0,0,0,0,6,0,0,0,62,919,3
3511,0,0,1,0,0,4,0,0,0,45,786,0
3512,36,97,12,0,0,0,1,0,0,0,0,0
3513,0,0,0,0,2,2,0,0,0,0,0,0
3514,0,0,0,0,7,0,132,837,4,0,0,0
3515,0,0,1,0,0,0,0,0,0,19,1,0
3516,1,15,0,0,0,0,0,0,0,0,0,0
3517,0,266,2,0,0,0,0,0,0,0,0,0
3518,0,3,0,0,0,0,183,580,0,0,0,0
3519,0,0,0,1,4,21,0,0,0,0,0,0
3520,0,0,0,44,6,93,0,0,0,0,0,0
3521,0,0,0,0,0,0,5,2,4,0,0,0
3522,13,95,11,0,0,0,1,0,0,0,0,0
3523,3,405,1095,0,0,0,0,0,0,17,0,0
3524,0,0,0,3,8,3,0,0,0,0,0,0
3525,0,0,0,0,0,0,0,0,0,0,15,3
3526,0,0,0,138,9,237,0,0,0,0,1,0
3527,0,5,0,0,0,0,654,48,0,0,0,0
3528,14,174,62,0,0,0,0,0,0,0,0,0
3529,0,0,0,6,10,282,0,0,0,0,2,0
3530,0,0,0,0,1,0,61,39,3,0,0,0
3531,5,283,31,0,0,0,2,0,0,0,0,0
3532,0,0,0,10,22,82,0,0,0,0,0,0
3533,0,0,0,1,0,189,0,0,0,0,1,0
3534,1,18,0,0,0,0,0,0,0,0,0,0
3535,0,0,0,0,0,1,0,0,0,0,643,1
3536,9,4629,3,0,0,0,15,0,0,0,0,0
3537,0,0,0,1,0,105,0,0,0,0,0,0
3538,2,96,3,0,0,0,0,0,0,0,0,0
3539,0,12,0,0,1,0,155,40,2,0,0,0
3540,0,0,0,0,0,1,0,0,0,11,411,0
3541,0,0,0,9,3,161,0,0,0,0,0,0
3542,0,596,0,0,0,0,2,0,0,0,0,0
3543,0,0,2,0,0,0,0,0,0,129,418,2
3544,0,0,0,3,4,82,0,0,0,0,0,0
3545,4,21,1,0,0,0,0,0,0,0,0,0
3546,105,206,14,3,0,0,0,0,0,0,0,0
3547,0,0,0,53,33,402,0,0,0,0,1,0
3548,0,0,0,0,0,0,215,2,26,0,0,0
3549,0,0,0,0,0,0,170,21,15,0,0,0
3550,5,73,2,0,0,0,0,0,0,0,0,0
3551,0,0,0,0,0,2,0,0,0,54,1192,2
3552,0,0,0,0,0,1,0,0,0,20,257,1
3553,1,71,139,0,0,0,0,0,0,0,0,0
3554,0,0,0,0,0,0,0,0,0,86,9,6
3555,0,0,0,0,2,1,0,0,0,0,0,0
3556,0,0,0,5,1,344,0,0,0,0,2,0
3557,1,43,6,0,0,0,0,0,0,0,0,0
3558,2,92,98,0,0,0,0,0,0,0,1,0
3559,24,372,3459,0,0,0,0,0,0,28,10,0
3560,0,1,0,0,0,0,141,81,4,0,0,0
3561,0,0,0,2,0,62,0,0,0,0,0,0
3562,0,5,0,0,26,0,492,256,5,0,0,0
3563,0,1,0,0,2,0,737,210,2,0,0,0
3564,0,0,0,0,0,0,0,0,0,0,0,0
3565,0,0,0,55,0,76,0,0,0,0,0,0
3566,0,0,0,0,0,0,216,70,2,0,0,0
3567,0,1,0,0,0,0,332,99,0,0,0,0
3568,0,0,0,1,0,20,0,0,0,0,0,0
3569,48,818,5,0,0,0,12,0,0,0,0,0
3570,0,0,0,0,0,0,119,9,0,0,0,0
3571,0,0,0,0,23,56,0,0,0,0,0,0
3572,0,0,0,4,2,23,0,0,0,0,0,0
3573,0,0,0,0,0,0,45,7,1,0,0,0
3574,0,0,0,0,1,282,0,0,0,0,0,0
3575,0,0,0,0,0,0,142,73,0,0,0,0
3576,0,0,0,2,20,45,0,0,0,0,0,0
3577,0,0,0,10,2,36,0,0,0,0,0,0
3578,0,0,0,3,0,88,0,0,0,0,0,0
3579,0,0,0,0,0,10,0,0,0,0,0,0
3580,0,80,0,0,0,0,0,0,0,0,0,0
3581,6,87,12,0,0,0,0,0,0,0,0,0
3582,0,0,0,0,0,0,242,49,7,0,0,0
3583,0,0,0,0,0,1,0,0,0,49,856,1
3584,0,0,0,0,0,0,9,2,0,0,0,0
3585,0,0,0,0,0,0,3,1,1,0,0,0
3586,6,165,6,0,0,0,1,0,0,0,0,0
3587,0,0,0,0,0,16,0,0,0,10,2704,0
3588,0,11,0,0,0,0,0,0,0,0,0,0
3589,0,0,0,0,0,3,0,0,0,20,1641,1
3590,7,79,24,0,0,0,0,0,0,0,0,0
3591,7,69,35,0,0,0,0,0,0,0,0,0
3592,0,0,0,2,32,1052,0,0,0,0,6,0
3593,0,0,0,0,0,0,0,0,0,18,498,2
3594,0,0,0,3,6,1,0,0,0,0,0,0
3595,0,0,0,16,7,31,0,0,0,0,0,0
3596,0,0,0,0,0,0,78,16,3,0,0,0
3597,0,0,0,0,0,0,0,0,0,1,31,1
3598,0,0,0,7,0,198,0,0,0,0,0,0
3599,0,22,0,0,0,0,0,0,0,0,0,0
3600,4,144,4,0,0,0,1,0,0,0,0,0
3601,3,131,7,0,0,0,0,0,0,0,0,0
3602,0,0,0,0,0,41,0,0,0,11,5977,8
3603,0,73,0,0,0,0,0,0,0,0,0,0
3604,0,0,0,0,0,0,0,0,0,64,624,2
3605,0,0,0,15,1,4,0,0,0,0,0,0
3606,0,0,0,0,1,0,8,682,6,0,0,0
3607,0,0,0,0,1,71,0,0,0,0,0,0
3608,0,0,0,0,0,2,0,0,0,62,338,5
3609,0,0,0,17,8,4,0,0,0,0,0,0
3610,0,0,0,5,12,295,0,0,0,0,3,0
3611,0,0,0,0,0,0,0,0,0,5,100,1
3612,0,3,0,0,0,0,0,0,0,0,0,0
3613,0,0,0,8,1,87,0,0,0,0,0,0
3614,0,0,0,0,0,0,164,2,0,0,0,0
3615,0,0,0,0,0,21,0,0,0,0,0,0
3616,0,0,0,23,7,26,0,0,0,0,0,0
3617,0,0,0,0,0,0,274,5,3,0,0,0
3618,0,0,0,0,1,194,0,0,0,0,6,0
3619,0,0,1,0,0,14,0,0,0,402,3863,4
3620,0,0,0,0,0,0,897,248,2,0,0,0
3621,0,0,0,0,0,0,68,20,2,0,0,0
3622,0,0,0,0,0,0,0,0,0,87,579,1
3623,0,0,0,0,0,0,0,0,0,9,119,3
3624,0,0,0,0,0,0,0,0,0,10,63,0
3625,80,649,14,0,0,0,1,0,0,0,0,0
3626,8,93,56,0,0,0,0,0,0,0,0,0
3627,3,168,56,0,0,0,0,0,0,1,0,0
3628,0,0,0,2,433,150,0,1,0,0,0,0
3629,0,0,0,0,0,0,115,52,0,0,0,0
3630,0,0,0,1,4,56,0,0,0,0,0,0
3631,0,0,0,4,0,72,0,0,0,0,0,0
3632,5,87,1,0,0,0,0,0,0,0,0,0
3633,2,144,24,0,0,0,0,0,0,0,0,0
3634,0,0,1,0,0,10,0,0,0,347,1447,0
3635,0,79,3,0,0,0,0,0,0,0,0,0
3636,1,74,30,0,0,0,1,0,0,0,0,0
3637,3,65,16,0,0,0,0,0,0,0,0,0
3638,0,0,0,0,5,0,443,3628,10,0,0,0
3639,0,0,0,0,0,0,0,0,0,0,0,0
3640,0,0,0,0,17,40,0,0,0,0,0,0
3641,0,0,0,0,0,0,18,3,9,0,0,0
3642,4,21,23,0,0,0,0,0,0,0,0,0
3643,12,113,54,0,0,0,0,0,0,0,0,0
3644,0,1,0,0,57,0,120,8472,1,0,0,0
3645,2,57,23,0,0,0,0,0,0,0,0,0
3646,0,0,0,0,0,4,0,0,0,4,882,3
3647,19,121,91,0,0,0,0,0,0,0,0,0
3648,0,0,0,2,151,434,0,2,0,0,0,0
3649,0,0,0,12,59,112,0,0,0,0,0,0
3650,0,0,0,0,0,0,0,0,0,7,3,20
3651,11,108,1,0,0,0,6,0,0,0,0,0
3652,0,46,7,0,0,0,0,0,0,0,0,0
3653,0,0,0,0,0,11,0,0,0,137,3364,6
3654,0,0,0,8,17,11,0,0,0,0,0,0
3655,0,0,0,7,12,94,0,0,0,0,1,0
3656,0,0,0,0,0,0,0,0,0,33,455,7
3657,0,0,0,0,1,2,0,0,0,0,0,0
3658,0,0,0,22,1,47,0,0,0,0,0,0
3659,0,96,0,0,0,0,0,0,0,0,0,0
3660,12,271,9,0,0,0,1,0,0,0,0,0
3661,0,0,0,0,0,0,46,112,1,0,0,0
3662,5,57,26,0,0,0,0,0,0,0,0,0
3663,0,0,0,0,2,0,47,152,2,0,0,0
3664,0,0,0,1,63,51,0,1,0,0,0,0
3665,0,0,0,0,0,0,34,13,1,0,0,0
3666,0,0,0,0,0,0,0,0,0,0,118,0
3667,0,0,0,7,6,55,0,0,0,0,0,0
3668,0,0,0,0,0,1,0,0,0,0,0,0
3669,0,3,0,0,0,0,0,0,0,0,0,0
3670,0,0,0,0,0,107,0,0,0,0,0,0
3671,0,0,0,0,0,0,206,1,1,0,0,0
3672,6,41,71,0,0,0,0,0,0,0,0,0
3673,4,25,6,0,0,0,0,0,0,0,0,0
3674,2,316,24,0,0,0,1,0,0,0,0,0
3675,3,127,118,0,0,0,0,0,0,1,1,0
3676,0,0,0,1,3,207,0,0,0,0,0,0
3677,0,0,0,2,0,22,0,0,0,0,0,0
3678,0,0,0,1,0,3,0,0,0,0,0,0
3679,0,0,0,0,0,46,0,0,0,0,0,0
3680,3,35,0,0,0,0,0,0,0,0,0,0
3681,0,76,2,0,0,0,0,0,0,0,0,0
3682,0,0,0,1,5,459,0,0,0,0,2,0
3683,0,0,0,0,0,0,0,0,0,14,5,7
3684,78,237,5,0,0,0,2,0,0,0,0,0
3685,0,0,0,0,2,0,545,607,0,0,0,0
3686,0,0,0,0,0,1,0,0,0,177,460,0
3687,0,118,0,0,0,0,1,0,0,0,0,0
3688,0,0,0,0,0,12,0,0,0,104,2756,6
3689,0,1,0,0,0,0,201,4,4,0,0,0
3690,8,143,42,0,0,0,1,0,0,0,0,0
3691,10,75,160,0,0,0,0,0,0,2,0,0
3692,0,0,0,0,6,0,124,3612,20,0,0,0
3693,0,0,0,0,1,48,0,0,0,0,0,0
3694,0,0,0,18,11,84,0,1,0,0,0,0
3695,0,0,0,0,0,13,0,0,0,63,4188,2
3696,0,0,0,5,0,6,0,0,0,0,0,0
3697,3,88,0,0,0,0,0,0,0,0,0,0
3698,0,0,0,0,0,0,0,0,0,67,235,2
3699,0,0,0,1,1,2,0,0,0,0,0,0
3700,0,0,0,361,36,62,0,0,0,0,0,0
3701,0,6,0,0,2,0,1456,77,2,0,0,0
3702,0,0,0,0,0,1,0,0,0,1,154,1
3703,7,180,2,0,0,0,1,0,0,0,0,0
3704,0,0,0,0,0,0,0,0,0,21,229,0
3705,0,0,0,0,0,0,0,0,0,2,6,0
3706,64,155,3,0,0,0,0,0,0,0,0,0
3707,0,0,0,11,9,145,0,0,0,0,0,0
3708,0,0,0,0,1,9,0,0,0,0,0,0
3709,0,430,1,0,0,0,1,0,0,0,0,0
3710,0,0,0,4,13,81,0,0,0,0,0,0
3711,0,0,0,1,0,0,0,0,0,0,0,0
3712,1,370,1,0,0,0,1,0,0,0,0,0
3713,0,0,0,17,94,62,0,0,0,0,0,0
3714,0,0,0,0,0,0,0,0,0,0,176,0
3715,11,154,78,0,0,0,0,0,0,0,0,0
3716,0,1,0,0,0,0,261,123,3,0,0,0
3717,0,0,0,0,0,0,0,0,0,37,1412,6
3718,0,0,0,149,6,90,0,0,0,0,0,0
3719,0,1,0,0,0,0,248,32,2,0,0,0
3720,0,0,0,0,0,0,182,27,1,0,0,0
3721,0,0,0,0,3,32,0,0,0,0,0,0
3722,5,1407,0,0,0,0,13,0,0,0,0,0
3723,0,0,0,2,4,25,0,0,0,0,0,0
3724,0,0,0,30,3,27,0,0,0,0,0,0
3725,0,0,0,0,46,3,0,0,0,0,0,0
3726,0,0,0,6,10,5,0,0,0,0,0,0
3727,0,0,0,6,2,55,0,0,0,0,0,0
3728,0,0,0,0,2,0,352,2228,0,0,0,0
3729,0,1,0,0,1,0,180,78,1,0,0,0
3730,0,0,0,6,0,38,0,0,0,0,0,0
3731,0,0,0,0,0,0,126,23,3,0,0,0
3732,0,0,3,0,0,5,0,0,0,505,459,3
3733,0,0,0,89,18,522,0,0,0,0,4,0
3734,0,0,0,0,0,0,352,39,4,0,0,0
3735,8,120,3,0,0,0,0,0,0,0,0,0
3736,0,0,0,0,0,2,0,0,0,36,1784,0
3737,0,0,0,1,0,5,0,0,0,93,2860,4
3738,0,0,0,0,0,10,0,0,0,61,3336,3
3739,0,0,0,0,0,63,0,0,0,0,1,0
3740,6,194,1,0,0,0,0,0,0,0,0,0
3741,0,0,0,3,24,354,0,0,0,0,8,0
3742,2,32,1,0,0,0,0,0,0,0,0,0
3743,0,0,0,0,0,5,0,0,0,7,3276,8
3744,3,113,2,0,0,0,0,0,0,0,0,0
3745,0,0,0,20,17,403,0,0,0,0,1,0
3746,0,0,0,0,19,6,0,0,0,0,0,0
3747,0,0,0,0,0,0,0,0,0,2,44,2
3748,0,0,0,23,16,60,0,0,0,0,0,0
3749,0,0,0,1,9,193,0,0,0,0,1,0
3750,0,0,0,0,0,10,0,0,0,0,0,0
3751,4,97,1,0,0,0,0,0,0,0,0,0
3752,0,231,18,0,0,0,1,0,0,0,0,0
3753,0,7,0,0,0,0,496,64,2,0,0,0
3754,27,104,25,0,0,0,0,0,0,0,0,0
3755,0,0,0,0,0,0,54,214,1,0,0,0
3756,0,0,0,1,3,55,0,0,0,0,0,0
3757,0,0,0,3,11,8,0,0,0,0,0,0
3758,0,0,0,0,2,2,0,0,0,0,0,0
3759,0,0,0,0,0,0,1,35,0,0,0,0
3760,0,0,0,0,0,38,0,0,0,0,0,0
3761,0,0,0,0,1,0,45,52,0,0,0,0
3762,0,0,0,1,0,17,0,0,0,0,0,0
3763,17,165,1,0,0,0,3,0,0,0,0,0
3764,0,0,0,0,0,0,270,174,1,0,0,0
3765,2,248,165,0,0,0,0,0,0,3,1,0
3766,0,0,0,10,0,1197,0,0,0,0,25,0
3767,1,91,0,0,0,0,1,0,0,0,0,0
3768,0,0,0,0,0,20,0,0,0,462,3955,7
3769,0,0,0,39,15,147,0,0,0,0,2,0
3770,0,0,0,0,0,0,290,15,6,0,0,0
3771,0,0,0,0,0,37,0,0,0,0,2,0
3772,0,0,0,8,47,95,0,0,0,0,0,0
3773,0,0,0,0,0,10,0,0,0,10,2015,3
3774,0,1,0,0,0,0,697,46,1,0,0,0
3775,0,0,0,0,0,3,0,0,0,26,711,0
3776,4,408,5,0,0,0,13,0,0,0,0,0
3777,0,0,1,0,0,7,0,0,0,224,717,4
3778,0,0,0,0,0,0,0,0,0,0,0,0
3779,3,81,52,0,0,0,0,0,0,0,0,0
3780,3,92,73,0,0,0,0,0,0,0,0,0
3781,0,0,0,3,0,86,0,0,0,0,1,0
3782,0,0,0,0,0,0,258,5,11,0,0,0
3783,33,0,0,33,0,40,0,0,0,0,3,0
3784,0,0,1,0,0,67,0,0,0,31,3626,3
3785,0,0,0,0,0,260,0,0,0,0,5,0
3786,1,36,0,0,0,0,0,0,0,0,0,0
3787,0,0,0,0,0,104,0,0,0,0,3802,0
3788,0,0,0,39,6,190,0,0,0,0,11,0
3789,0,0,0,0,0,1,0,0,0,0,0,0
3790,493,215,1,36,0,0,4,0,0,0,0,0
3791,0,0,0,0,0,0,100,28,1,0,0,0
3792,0,0,0,0,0,1,0,0,0,21,661,23
3793,2,0,0,32,4,236,0,0,0,0,1,0
3794,0,5,0,0,0,0,278,125,1,0,0,0
3795,0,0,0,0,8,57,0,0,0,0,0,0
3796,0,0,0,0,0,8,0,0,0,13,1464,0
3797,0,0,0,3,4,22,0,0,0,0,0,0
3798,0,0,0,3,10,26,0,0,0,0,0,0
3799,0,0,0,2,1,178,0,0,0,0,0,0
3800,0,0,0,0,0,0,96,91,2,0,0,0
3801,1,190,34,0,0,0,0,0,0,0,0,0
3802,0,0,0,582,0,367,0,0,0,0,54,0
3803,0,15,1,0,0,0,0,0,0,0,0,0
3804,3,14,4,0,0,0,0,0,0,0,0,0
3805,10,53,11,0,0,0,0,0,0,0,0,0
3806,12,27,3,0,0,0,0,0,0,0,0,0
3807,2,333,13,0,0,0,0,0,0,0,0,0
3808,0,0,0,2,24,205,0,0,0,0,5,0
3809,0,0,0,0,0,1,0,0,0,108,1281,8
3810,0,0,0,1,76,42,0,10,0,0,0,0
3811,0,0,0,0,0,17,0,0,0,26,9115,0
3812,0,0,0,0,0,177,0,0,0,0,0,0
3813,6,137,2,0,0,0,0,0,0,0,0,0
3814,0,0,0,0,0,143,0,0,0,0,1,0
3815,0,0,0,0,0,0,92,10,1,0,0,0
3816,0,208,9,0,0,0,0,0,0,0,0,0
3817,0,0,3,0,0,16,0,0,0,516,6831,1
3818,0,24,24,0,0,0,0,0,0,0,0,0
3819,0,25,6,0,0,0,0,0,0,0,0,0
3820,0,22,2,0,0,0,0,0,0,0,0,0
3821,0,0,0,0,0,0,0,0,0,180,139,0
3822,0,0,0,0,1,0,0,0,0,0,0,0
3823,1,0,0,73,0,21,0,0,0,0,0,0
3824,0,0,0,0,0,0,120,9,0,0,0,0
3825,0,0,0,0,3,5,0,0,0,0,0,0
3826,0,0,0,0,22,31,0,0,0,0,0,0
3827,0,0,0,7,14,101,0,0,0,0,2,0
3828,0,0,0,0,0,384,0,0,0,0,23072,0
3829,19,73,48,0,0,0,0,0,0,7,0,0
3830,1,224,13,0,0,0,0,0,0,0,0,0
3831,0,0,0,0,0,0,115,49,6,0,0,0
3832,0,0,0,0,0,1,0,0,0,35,381,0
3833,0,0,0,0,24,87,0,0,0,0,1,0
3834,0,0,0,1,4,23,0,0,0,0,0,0
3835,0,0,0,2,18,150,0,0,0,0,0,0
3836,0,0,0,18,21,10,0,0,0,0,0,0
3837,0,0,0,0,23,35,0,0,0,0,0,0
3838,0,0,0,0,0,0,294,394,8,0,0,0
3839,0,3,0,0,0,0,158,2,0,0,0,0
3840,35,94,71,0,0,0,0,0,0,0,0,0
3841,25,44,20,0,0,0,0,0,0,0,0,0
3842,4,106,36,0,0,0,0,0,0,1,0,0
3843,0,0,0,3,20,141,0,0,0,0,0,0
3844,0,0,0,0,0,0,56,119,4,0,0,0
3845,0,116,109,0,0,0,0,0,0,30,0,0
3846,5,50,29,0,0,0,0,0,0,0,0,0
3847,0,0,0,0,0,0,48,12,0,0,0,0
3848,4,38,89,0,0,0,0,0,0,1,0,0
3849,0,0,0,0,0,0,52,316,4,0,0,0
3850,0,0,0,0,1,54,0,0,0,0,1,0
3851,0,0,0,0,0,0,53,0,2,0,0,0
3852,1638,110,35,171,0,0,0,0,0,0,0,0
3853,36,343,42,1,0,0,2,0,0,0,0,0
3854,0,59,8,0,0,0,0,0,0,0,0,0
3855,40,130,9,0,0,0,12,0,0,0,0,0
3856,0,0,0,0,0,0,85,100,0,0,0,0
3857,0,0,0,0,0,0,0,0,0,9,1,0
3858,68,74,6,0,0,0,0,0,0,0,0,0
3859,4,70,38,0,0,0,0,0,0,0,0,0
3860,0,1,0,0,0,0,251,208,0,0,0,0
3861,0,0,0,1,5,69,0,0,0,0,0,0
3862,0,0,0,40,8,111,0,0,0,0,0,0
3863,0,0,0,0,0,0,60,0,4,0,0,0
3864,12,62,148,0,0,0,0,0,0,0,0,0
3865,6,48,4,1,0,0,0,0,0,0,0,0
3866,0,0,0,0,0,0,0,0,0,295,0,3
3867,30,30,1,0,0,0,0,0,0,0,0,0
3868,47,49,10,1,0,0,1,0,0,0,0,0
3869,0,216,31,0,0,0,7,0,0,1,0,0
3870,12,166,44,0,0,0,1,0,0,0,0,0
3871,0,1,0,0,22,5,229,8280,88,0,0,2
3872,3,403,75,0,0,0,0,0,0,0,0,0
3873,0,0,0,8,33,426,0,0,0,0,0,0
3874,0,0,0,0,0,11,0,0,0,124,4321,3
3875,0,0,0,0,0,0,427,151,1,0,0,0
3876,0,0,0,0,0,1,0,0,0,43,733,3
3877,0,0,0,45,148,212,0,0,0,0,1,0
3878,0,0,0,0,0,0,68,2,1,0,0,0
3879,12,166,220,0,0,0,0,0,0,5,0,0
3880,0,3,0,0,0,0,747,593,31,0,0,0
3881,23,200,26,2,0,0,3,0,0,0,0,0
3882,0,0,0,2,51,3735,0,0,0,0,19,0
3883,0,0,0,3,16,66,0,0,0,0,0,0
3884,0,0,0,0,0,16,0,0,0,46,2424,2
3885,0,0,0,0,0,4,0,0,0,1294,1487,7
3886,0,0,0,35,1,37,0,0,0,0,0,0
3887,0,33,2,0,0,0,0,0,0,0,0,0
3888,59,113,3,2,0,0,0,0,0,0,0,0
3889,6,377,12,0,0,0,0,0,0,0,0,0
3890,0,1,0,0,0,0,311,2,31,0,0,0
3891,5,223,0,0,0,0,2,0,0,0,0,0
3892,0,0,0,0,3,0,315,723,1,0,0,0
3893,0,1,0,0,0,0,256,0,0,0,0,0
3894,12,105,8,0,0,0,0,0,0,0,0,0
3895,7,189,58,0,0,0,0,0,0,0,0,0
3896,0,1,0,0,25,0,1236,1301,1,0,0,0
3897,0,0,0,2,3,60,0,0,0,0,1,0
3898,0,0,0,0,3,224,0,0,0,0,0,0
3899,0,103,7,0,0,0,0,0,0,0,0,0
3900,0,71,12,0,0,0,0,0,0,0,0,0
3901,0,0,0,0,0,0,193,242,2,0,0,0
3902,0,0,0,0,0,1,0,0,0,74,801,0
3903,0,0,0,0,0,9,0,0,0,21,1995,1
3904,135,329,80,0,0,0,0,0,0,0,0,0
3905,0,0,0,13,10,75,0,0,0,0,0,0
3906,0,0,0,1,0,134,0,0,0,0,4,0
3907,0,0,0,0,3,36,0,0,0,0,0,0
3908,1,255,1,0,0,0,1,0,0,0,0,0
3909,0,0,0,0,9,732,0,0,0,0,14,0
3910,2,31,0,0,0,0,0,0,0,0,0,0
3911,0,47,7,0,0,0,0,0,0,0,0,0
3912,0,0,3,0,0,0,0,0,0,178,327,0
3913,0,0,0,27,6,228,0,0,0,0,0,0
3914,0,0,0,0,0,0,36,0,1,0,0,0
3915,3,55,36,0,0,0,0,0,0,1,0,0
3916,1,85,28,0,0,0,1,0,0,0,0,0
3917,1,413,20,0,0,0,2,0,0,0,0,0
3918,0,0,0,0,0,0,81,55,1,0,0,0
3919,0,0,0,0,0,66,0,0,0,0,0,0
3920,0,932,2,0,0,0,0,0,0,0,0,0
3921,5,62,25,0,0,0,0,0,0,0,0,0
3922,0,76,1,0,0,0,0,0,0,0,0,0
3923,0,0,0,0,0,6,0,0,0,75,2479,1
3924,0,0,5,0,0,1,0,0,0,944,2138,435
3925,0,0,0,17,20,36,0,0,0,0,0,0
3926,0,0,0,9,15,204,0,0,0,0,0,0
3927,0,0,0,0,0,0,0,0,0,0,397,1
3928,43,233,19,0,0,0,0,0,0,0,0,0
3929,0,0,0,0,0,0,151,198,0,0,0,0
3930,0,0,0,9,14,85,0,1,0,0,0,0
3931,0,0,0,9,2,1210,0,0,0,0,7,0
3932,0,0,0,0,0,0,96,1,6,0,0,0
3933,8,65,3014,0,0,0,1,0,0,13,0,0
3934,6,56,9,0,0,0,0,0,0,0,0,0
3935,0,0,0,0,0,0,0,0,0,49,1,6
3936,5,267,26,0,0,0,1,0,0,0,0,0
3937,0,0,0,0,0,0,131,71,17,0,0,0
3938,0,186,50,0,0,0,0,0,0,0,0,0
3939,0,6,0,0,0,0,388,203,1,0,0,0
3940,63,213,48,1,0,0,1,0,0,0,0,0
3941,0,46,23,0,0,0,1,0,0,0,0,0
3942,19,207,34,0,0,0,0,0,0,0,0,0
3943,0,19,134,0,0,0,0,0,0,1,0,0
3944,0,0,0,0,0,0,0,0,0,64,1,1
3945,5,86,4,0,0,0,4,0,0,0,0,0
3946,0,45,14,0,0,0,0,0,0,0,0,0
3947,0,0,0,0,0,0,74,380,1,0,0,0
3948,18,32125,37,1,0,0,637,1,0,0,0,0
3949,0,0,0,6,15,146,0,0,0,0,0,0
3950,0,2,0,0,0,0,1686,45,7,0,0,0
3951,14,169,48,0,0,0,0,1,0,0,0,0
3952,0,0,0,25,0,339,0,0,0,0,1,0
3953,0,26,8,0,0,0,0,0,0,0,0,0
3954,5,153,30,0,0,0,0,0,0,0,0,0
3955,0,0,0,0,2,0,205,1490,26,0,0,0
3956,0,20,5,0,0,0,0,0,0,0,0,0
3957,0,20,68,0,0,0,1,0,0,0,0,0
3958,3,21,136,0,0,0,0,0,0,0,0,0
3959,3,282,13,0,0,0,0,0,0,0,0,0
3960,0,0,0,5,29,673,0,0,0,0,1,0
3961,0,0,0,0,0,5,0,0,0,141,3077,6
3962,1,56,83,0,0,0,0,0,0,1,0,0
3963,6,181,15,0,0,0,1,0,0,0,0,0
3964,49,1036,37,0,0,0,0,1,0,0,0,0
3965,0,0,0,0,0,0,48,97,22,0,0,0
3966,0,0,0,0,0,4,0,0,0,50,792,8
3967,0,0,0,4,38,142,0,0,0,0,0,0
3968,0,0,0,14,7,28,0,0,0,0,0,0
3969,0,0,0,0,0,0,172,11,0,0,0,0
3970,0,0,0,0,1,26,0,0,0,0,0,0
3971,0,0,0,0,7,0,174,980,1,0,0,0
3972,0,0,0,0,1,40,0,0,0,0,0,0
3973,0,0,0,13,3,35,0,0,0,0,0,0
3974,0,0,0,0,0,0,91,4,4,0,0,0
3975,6,86,29,0,0,0,0,0,0,0,0,0
3976,4,43,22,0,0,0,0,0,0,0,0,0
3977,0,0,0,0,0,0,45,3,3,0,0,0
3978,1,3,5,0,0,0,0,0,0,0,0,0
3979,9,340,37,0,0,0,0,0,0,0,0,0
3980,0,0,0,0,0,0,60,95,1,0,0,0
3981,0,0,0,0,1,17,0,0,0,0,0,0
3982,0,0,0,49,0,194,0,0,0,0,0,0
3983,11,97,2,0,0,0,1,0,0,0,0,0
3984,0,0,0,0,0,0,0,0,0,11,569,0
3985,100,31,5,0,0,0,0,0,0,0,0,0
3986,1,28,16,0,0,0,0,0,0,0,0,0
3987,0,0,0,0,0,4,0,0,0,26,1446,2
3988,42,87,2,0,0,0,1,0,0,0,0,0
3989,0,37,12,0,0,0,0,0,0,0,0,0
3990,0,0,0,0,0,6,0,0,0,205,1255,1
3991,0,0,0,4,31,64,0,0,0,0,0,0
3992,0,0,0,0,0,2,0,0,0,71,702,7
3993,0,0,0,100,12,58,0,0,0,0,0,0
3994,0,1,0,0,20,1,997,1390,3,0,0,0
3995,0,1,0,0,0,0,223,1,1,0,0,0
3996,8,74,130,0,0,0,0,0,0,0,0,0
3997,75,139,46,0,0,0,1,0,0,1,0,0
3998,0,1,0,0,0,0,196,0,10,0,0,0
3999,2,28,31,0,0,0,0,0,0,0,0,0
4000,1,148,60,0,0,0,0,0,0,0,0,0
4001,0,35,1,0,0,0,0,0,0,0,0,0
4002,0,0,0,0,0,51,0,0,0,46,6618,2
4003,0,0,0,0,1,93,0,0,0,0,0,0
4004,0,12,0,0,0,0,0,0,0,0,0,0
4005,4,56,12,0,0,0,0,0,0,0,0,0
4006,0,0,0,0,56,0,230,1282,23,0,0,0
4007,0,0,0,1,3,17,0,0,0,0,0,0
4008,0,0,0,1,6,575,0,0,0,0,12,0
4009,0,0,0,0,16,7,0,0,0,11,1739,1
4010,0,0,0,0,0,1,0,0,0,57,923,1
4011,0,0,0,43,68,57,0,0,0,0,0,0
4012,0,0,0,0,0,31,0,0,0,12,3962,0
4013,1,168,1,0,0,0,1,0,0,0,0,0
4014,0,0,0,0,0,2,0,0,0,0,494,0
4015,9,293,26,0,0,0,1,0,0,0,0,0
4016,0,0,0,0,0,0,68,0,6,0,0,0
4017,1,203,30,0,0,0,1,0,0,0,0,0
4018,3,159,13,0,0,0,0,0,0,0,0,0
4019,0,0,33,0,0,0,0,0,0,2,0,0
4020,1,20,6,0,0,0,0,0,0,0,0,0
4021,0,0,0,0,0,17,0,0,0,62,2106,11
4022,0,0,0,1,15,49,0,0,0,0,0,0
4023,0,0,0,0,0,3,0,0,0,0,0,0
4024,0,2,0,0,0,0,324,18,1,0,0,0
4025,0,0,0,0,0,35,0,0,0,0,0,0
4026,0,0,0,0,0,0,0,0,0,0,0,0
4027,0,36,1,0,0,0,0,0,0,0,0,0
4028,0,0,0,0,0,0,0,0,0,53,22,3
4029,0,0,0,0,0,4,0,0,0,0,0,0
4030,0,0,0,1,19,23,0,1,0,0,0,0
4031,0,0,0,0,0,0,0,0,0,0,0,0
4032,1,0,1,0,0,0,0,0,0,0,0,0
4033,0,0,0,0,0,162,0,0,0,0,1,0
4034,0,773,19,0,0,0,0,0,0,0,0,0
4035,0,0,0,0,40,22,0,0,0,0,0,0
4036,0,0,0,10,3,31,0,0,0,0,0,0
4037,0,0,0,0,0,0,10,2,0,0,0,0
4038,0,3,0,0,0,0,0,0,0,0,0,0
4039,0,0,0,0,0,4,0,0,0,0,612,0
4040,4,432,66,0,0,0,4,0,0,0,0,0
4041,0,0,0,3,193,53,0,0,0,0,0,0
4042,0,0,0,2,2,24,0,0,0,0,0,0
4043,0,35,1,0,0,0,0,0,0,0,0,0
4044,3,73,23,0,0,0,0,0,0,1,0,0
4045,0,0,0,4,33,272,0,0,0,0,2,0
4046,0,0,0,0,0,0,5,6,0,0,0,0
4047,0,0,0,0,0,0,1,3,2,0,0,0
4048,0,0,0,0,0,1,0,0,0,5,599,0
4049,35,78,17,0,0,0,0,0,0,0,0,0
4050,0,0,0,0,0,0,0,0,0,0,0,0
4051,0,0,0,3,27,376,0,0,0,0,2,0
4052,0,0,0,0,0,0,0,0,0,27,5,13
4053,0,0,0,0,0,15,0,0,0,0,0,0
4054,0,0,0,5,95,600,0,0,0,0,0,0
4055,0,0,0,0,0,1,0,0,0,4,197,2
4056,1,3,2,0,0,0,0,0,0,0,0,0
4057,0,0,0,4,9,1242,0,0,0,0,9,0
4058,0,0,0,0,0,0,0,0,0,18,552,2
4059,0,0,0,0,0,0,0,0,0,7,200,0
4060,241,134,13,2,0,0,1,0,0,0,0,0
4061,0,0,0,0,0,0,4,4,0,0,0,0
4062,1,1,1,0,0,0,0,0,0,0,0,0
4063,0,0,0,0,0,197,0,0,0,0,2,0
4064,0,0,0,0,0,0,0,0,0,0,0,0
4065,0,0,0,0,0,0,0,0,0,2,18,2
4066,46,0,0,788,9,79,0,0,0,0,0,0
4067,0,1,0,0,0,0,212,19,1,0,0,0
4068,0,0,0,0,0,5,0,0,0,20,727,4
4069,0,0,1,0,0,0,0,0,0,41,1361,0
4070,2,239,1,0,0,0,0,0,0,0,0,0
4071,0,0,0,0,0,6,0,0,0,101,743,1
4072,0,0,0,38,13,101,0,0,0,0,0,0
4073,0,0,0,0,0,2,0,0,0,105,500,0
4074,0,0,0,0,0,1,0,0,0,0,0,0
4075,0,0,0,13,1,81,0,0,0,0,3,0
4076,0,1,0,0,0,0,226,36,2,0,0,0
4077,0,0,0,0,0,70,0,0,0,0,0,0
4078,0,0,0,8,2,9,0,0,0,0,0,0
4079,100,227,1,0,0,0,2,0,0,0,0,0
4080,0,1,0,0,2,0,84,173,53,0,0,0
4081,10,0,0,703,7,90,0,0,0,0,2,0
4082,0,0,0,0,0,0,53,54,3,0,0,0
4083,4,112,31,0,0,0,0,0,0,0,0,0
4084,0,0,0,0,0,24,0,0,0,13,5584,0
4085,14,97,6,0,0,0,0,0,0,0,0,0
4086,0,0,0,0,43,69,0,0,0,0,0,0
4087,0,0,0,79,16,159,0,1,0,0,0,0
4088,0,0,0,0,0,0,94,7,1,0,0,0
4089,0,17,11,0,0,0,0,0,0,0,0,0
4090,0,0,0,0,0,4,0,0,0,10,413,1
4091,19,89,3,0,0,0,0,0,0,0,0,0
4092,0,0,0,3,36,1086,0,0,0,0,5,0
4093,0,0,0,0,0,3,0,0,0,7,734,1
4094,2,268,7,0,0,0,0,0,0,0,0,0
4095,0,0,0,0,0,0,0,0,0,45,293,0
4096,0,0,0,41,58,101,0,0,0,0,0,0
4097,0,6,0,13,10,16,0,0,0,0,0,0
4098,0,0,0,3,46,22,0,0,0,0,0,0
4099,0,0,0,0,0,2,0,0,0,7,789,2
4100,0,0,0,4,6,896,0,0,0,0,1,0
4101,0,0,0,0,0,1,0,0,0,0,0,0
4102,8,109,1,0,0,0,0,0,0,0,0,0
4103,0,20,2,0,0,0,0,0,0,0,0,0
4104,6,96,131,0,0,0,0,0,0,0,0,0
4105,0,0,0,0,1,0,107,1458,42,0,0,0
4106,0,73,681,0,0,0,0,0,0,2,0,0
4107,1,69,59,0,0,0,0,0,0,0,0,0
4108,5,91,27,0,0,0,0,0,0,0,0,0
4109,0,0,0,0,0,0,74,377,0,0,0,0
4110,1,199,31,0,0,0,0,0,0,0,0,0
4111,0,0,0,21,19,308,0,0,0,0,0,0
4112,0,0,0,0,0,0,95,41,1,0,0,0
4113,0,0,0,0,0,19,0,0,0,9,4740,4
4114,0,0,0,1,21,162,0,0,0,0,0,0
4115,0,0,0,0,0,0,0,0,0,26,514,1
4116,0,0,0,0,0,0,0,0,0,1,129,1
4117,17,547,11,0,0,0,3,0,0,0,0,0
4118,0,0,0,0,0,247,0,0,0,0,0,0
4119,4,1,0,0,0,0,0,0,0,0,0,0
4120,0,0,0,1,0,306,0,0,0,0,0,0
4121,0,140,0,0,0,0,0,0,0,0,0,0
4122,0,0,0,2,4,55,0,0,0,0,0,0
4123,0,96,3,0,0,0,0,0,0,0,0,0
4124,0,0,0,0,0,0,227,92,2,0,0,0
4125,0,0,0,11,0,275,0,0,0,0,1,0
4126,0,0,0,0,0,0,122,152,20,0,0,0
4127,0,0,0,0,0,0,118,14,0,0,0,0
4128,0,0,0,0,0,0,0,0,1,0,0,0
4129,0,0,0,4,0,36,0,0,0,0,0,0
4130,0,1,0,0,0,0,68,2,1,0,0,0
4131,1,12,12,0,0,0,0,0,0,0,0,0
4132,0,0,0,3,1,86,0,0,0,0,0,0
4133,0,0,0,0,0,0,94,115,0,0,0,0
4134,0,0,0,2,0,4,0,0,0,0,0,0
4135,0,0,0,14,11,70,0,0,0,0,1,0
4136,0,0,0,0,18,0,279,4344,6,0,0,0
4137,0,0,0,0,2,127,0,0,0,0,4,0
4138,0,0,0,4,60,233,0,0,0,0,0,0
4139,0,0,0,0,0,0,0,0,0,17,1,0
4140,10,92,0,0,0,0,0,0,0,0,0,0
4141,10,230,63,0,0,0,0,0,0,0,0,0
4142,0,0,0,0,0,0,100,3,0,0,0,0
4143,1,141,21,0,0,0,0,0,0,0,0,0
4144,0,0,0,0,1,0,165,305,2,0,0,0
4145,0,2,0,0,0,0,297,26,2,0,0,0
4146,0,0,0,0,0,0,60,15,0,0,0,0
4147,0,0,0,0,4,147,0,0,0,0,0,0
4148,0,10,0,0,24,0,511,1774,4,0,0,0
4149,1,0,0,41,47,86,0,0,0,0,0,0
4150,0,0,0,1,21,371,0,0,0,0,1,0
4151,0,0,0,5,5,537,0,0,0,0,5,0
4152,0,0,0,0,0,68,0,0,0,0,1,0
4153,2,58,0,0,0,0,0,0,0,0,0,0
4154,1,1,0,0,0,0,0,0,0,0,0,0
4155,0,0,0,0,0,2,0,0,0,7,613,0
4156,0,0,0,65,30,125,0,0,0,0,0,0
4157,0,0,0,0,0,0,19,13,1,0,0,0
4158,0,0,0,0,0,16,0,0,0,0,7018,2
4159,0,0,0,9,26,121,0,0,0,0,2,0
4160,0,0,0,0,5,0,2,641,5,0,0,0
4161,0,0,0,0,0,18,0,0,0,0,0,0
4162,0,0,0,0,62,0,116,2063,31,0,0,0
4163,0,0,0,0,0,0,2,4,15,0,0,0
4164,0,0,0,1,0,71,0,0,0,0,0,0
4165,0,0,0,12,0,347,0,0,0,0,2,0
4166,8,761,7,0,0,0,2,0,0,0,0,0
4167,0,0,0,0,0,72,0,0,0,0,1,0
4168,0,4,0,0,0,0,0,0,0,0,0,0
4169,0,0,0,0,0,0,0,0,0,0,26,0
4170,0,0,0,0,0,0,0,0,0,2,7,0
4171,0,0,0,18,0,563,0,0,0,0,1,0
4172,0,29,3,0,0,0,0,0,0,0,0,0
4173,0,0,0,0,0,2,0,0,0,7,560,2
4174,0,0,0,17,1,92,0,0,0,0,1,0
4175,1,3,0,0,0,0,0,0,0,0,0,0
4176,3,6,0,0,0,0,0,0,0,0,0,0
4177,1,59,0,0,0,0,0,0,0,0,0,0
4178,0,5,3,0,0,0,0,0,0,0,0,0
4179,6,87,10,0,0,0,0,0,0,0,0,0
4180,0,0,0,0,4,0,262,1161,5,0,0,0
4181,0,0,0,0,3302,7,255,1281645,2,0,0,1
4182,0,0,0,0,0,1,0,0,0,93,276,1
4183,0,0,0,35,3,3443,0,0,0,0,6,0
4184,0,0,0,0,0,0,377,46,0,0,0,0
4185,0,0,0,0,0,0,65,63,29,0,0,0
4186,0,0,0,1,2,101,0,0,0,0,0,0
4187,0,2,0,0,0,0,106,88,0,0,0,0
4188,0,0,0,0,0,0,22,6,2,0,0,0
4189,0,0,0,0,0,0,0,0,0,13,436,5
4190,1,1,0,0,0,0,0,0,0,0,0,0
4191,0,0,0,0,0,0,0,0,0,15,1,5
4192,0,0,0,33,9,1055,0,0,0,0,0,0
4193,0,2,0,0,0,0,0,0,0,0,0,0
4194,0,0,0,0,0,0,0,0,0,0,473,0
4195,0,0,0,211,8,131,0,0,0,0,0,0
4196,0,0,0,0,0,0,42,0,2,0,0,0
4197,0,357,184,0,0,0,2,0,0,1,0,0
4198,1,31,17,0,0,0,0,0,0,0,0,0
4199,1,83,59,0,0,0,0,0,0,0,0,0
4200,0,0,0,11,6,28,0,0,0,0,0,0
4201,0,1,0,0,2,0,106,1482,28,0,0,0
4202,0,0,0,0,0,5,0,0,0,8,1636,0
4203,0,0,0,0,1,0,0,0,0,0,0,0
4204,15,51,0,0,0,0,0,0,0,0,0,0
4205,0,0,0,0,5,0,688,181,1,0,0,0
4206,0,0,0,0,0,18,0,0,0,9,3630,0
4207,0,0,0,0,7,0,253,2216,53,0,0,0
4208,0,13,29,0,0,0,0,0,0,0,0,0
4209,6,88,52,0,0,0,0,0,0,0,0,0
4210,1,91,7,0,0,0,0,0,0,0,0,0
4211,0,0,0,0,0,0,30,128,2,0,0,0
4212,0,0,0,0,0,0,0,0,0,0,161,0
4213,0,0,0,16,64,232,0,0,0,0,0,0
4214,0,0,0,0,9,52,0,0,0,0,0,0
4215,0,0,0,0,0,1,0,0,0,0,0,0
4216,0,0,0,0,0,0,100,140,2,0,0,0
4217,0,104,39,0,0,0,0,0,0,0,0,0
4218,0,0,0,0,0,0,108,47,4,0,0,0
4219,2,44,19,0,0,0,0,0,0,0,0,0
4220,1,284,13,0,0,0,0,0,0,0,0,0
4221,0,0,0,0,0,0,0,0,0,0,0,0
4222,6,31,38,0,0,0,0,0,0,0,0,0
4223,0,0,0,0,1,0,9,231,0,0,0,0
4224,0,0,0,0,0,22,0,0,0,0,0,0
4225,0,0,0,0,0,0,100,122,11,0,0,0
4226,0,0,0,0,0,1,0,0,0,36,670,2
4227,0,0,0,0,0,0,0,0,0,9,14,0
4228,66,350,12,0,0,0,1,0,0,0,0,0
4229,0,187,44,0,0,0,0,0,0,0,0,0
4230,0,0,0,0,0,0,0,0,0,9,680,18
4231,28,97,199,0,0,0,0,0,0,0,0,0
4232,0,0,0,0,0,0,192,165,0,0,0,0
4233,0,249,55,0,0,0,0,0,0,0,0,0
4234,0,0,0,0,0,2,0,0,0,42,613,0
4235,78,48,8,0,0,0,0,0,0,0,0,0
4236,4,49,27,0,0,0,0,0,0,0,0,0
4237,0,0,0,180,14,39306,0,0,0,0,431,0
4238,0,0,0,0,1,2,0,0,0,0,0,0
4239,16,1,0,1,0,0,0,0,0,0,0,0
4240,0,0,0,0,0,1719,0,0,0,0,2,0
4241,1,161,2,0,0,0,0,0,0,0,0,0
4242,0,0,0,1,4,105,0,0,0,0,0,0
4243,4,19,3,0,0,0,0,0,0,0,0,0
4244,0,5,0,0,0,0,0,0,0,0,0,0
4245,0,0,0,0,0,0,0,0,0,1,2,1
4246,0,0,0,0,0,7,0,0,0,38,1441,1
4247,0,0,0,0,0,0,0,0,0,0,0,0
4248,0,0,0,0,0,0,0,0,0,49,3,0
4249,2,0,0,111,29,171,0,0,0,0,1,0
4250,0,0,0,2,0,25,0,0,0,0,0,0
4251,1,2,1,0,0,0,0,0,0,0,0,0
4252,0,0,0,0,0,1,0,0,0,1,502,0
4253,0,0,0,0,0,0,0,0,0,3,2,0
4254,0,0,0,0,0,0,0,0,0,0,5,0
4255,0,56,0,0,0,0,10326,685,39,0,3,0
4256,0,0,0,0,0,0,7,7,1,0,0,0
4257,0,0,0,0,0,0,1,5,2,0,0,0
4258,0,0,0,1,12,306,0,0,0,0,1,0
4259,0,0,0,0,0,0,0,0,0,0,3,1
4260,0,4,0,0,0,0,0,0,0,0,0,0
4261,0,28,0,0,0,0,542,20,0,0,0,0
4262,0,0,0,0,0,0,10,1,0,0,0,0
4263,0,0,0,0,0,0,1,11,0,0,0,0
4264,0,0,0,0,2,58,0,0,0,0,0,0
4265,0,0,0,4,3,38,0,0,0,0,0,0
4266,0,0,0,0,0,24,0,0,0,0,1,0
4267,3,108,3,0,0,0,0,0,0,0,0,0
4268,4,20,18,0,0,0,0,0,0,1,0,0
4269,3,408,241,0,0,0,1,0,0,2,0,0
4270,0,0,0,1,0,374,0,0,0,0,0,0
4271,0,0,0,0,0,0,10,4,0,0,0,0
4272,0,0,0,0,0,0,5,4,0,0,0,0
4273,0,0,0,1,3,45,0,0,0,0,0,0
4274,0,0,0,1,1,2,0,0,0,0,0,0
4275,1,0,2,0,0,0,0,0,0,0,0,0
4276,0,0,0,0,0,26,0,0,0,0,5739,0
4277,0,3,0,0,0,0,0,0,0,0,0,0
4278,0,0,0,0,0,0,0,0,0,16,62,0
4279,0,0,0,35,30,47,0,3,0,0,0,0
4280,0,0,0,0,0,0,299,33,24,0,0,0
4281,0,0,0,1,0,5,0,0,0,0,0,0
4282,13,367,3,0,0,0,1,0,0,0,0,0
4283,0,1,0,0,0,0,97,1,6,0,0,0
4284,6,120,35,0,0,0,0,0,0,0,0,0
4285,0,1,0,0,7,0,824,1181,5,0,0,0
4286,0,0,0,0,0,0,1,4,1,0,0,0
4287,0,2,1,0,0,0,0,0,0,0,0,0
4288,0,0,0,0,2,0,617,1015,10,0,0,0
4289,0,0,0,0,0,0,13,111,0,0,0,0
4290,0,0,0,0,0,0,0,0,0,4,72,0
4291,613,89,7,0,0,0,0,0,0,0,0,0
4292,0,16,71,0,0,0,0,0,0,0,0,0
4293,40,681,8,0,0,0,2,0,0,0,0,0
4294,0,0,0,0,0,0,202,38,0,0,0,0
4295,3,92,1,0,0,0,0,0,0,0,0,0
4296,0,0,0,0,0,2,0,0,1,5,1653,322
4297,11,182,13,0,0,0,0,0,0,0,0,0
4298,0,0,0,0,0,0,30,88,1,0,0,0
4299,0,0,0,1,4,81,0,0,0,0,0,0
4300,0,0,0,0,58,1,48,5719,627,0,0,0
4301,0,0,0,0,0,0,0,0,0,4,338,1
4302,0,0,0,3,0,0,0,0,0,0,0,0
4303,0,0,0,26,3,150,0,0,0,0,0,0
4304,0,5,1,0,0,0,0,0,0,0,0,0
4305,1,58,2,0,0,0,0,0,0,0,0,0
4306,0,126,1,0,0,0,1,0,0,0,0,0
4307,0,27,48,0,0,0,0,0,0,1,0,0
4308,2,146,9,0,0,0,0,0,0,0,0,0
4309,0,0,0,0,1,0,71,264,0,0,0,0
4310,0,0,0,5,1,3,0,0,0,0,0,0
4311,0,0,0,0,0,0,100,17,27,0,0,0
4312,0,0,0,0,2,24,0,0,0,0,0,0
4313,3,64,1,0,0,0,0,0,0,0,0,0
4314,8,22,1,0,0,0,0,0,0,0,0,0
4315,1,56,26,0,0,0,0,0,0,0,0,0
4316,11,70,1,0,0,0,0,0,0,0,0,0
4317,0,0,0,0,0,0,43,6,3,0,0,0
4318,0,0,0,1,7,41,0,0,0,0,0,0
4319,0,1,0,0,0,0,555,91,13,0,0,0
4320,0,0,1,0,0,8,0,0,0,30,5882,5
4321,0,0,0,0,0,96,0,0,0,315,14908,2
4322,0,0,0,2,0,30,0,0,0,0,0,0
4323,0,0,0,6,1,2,0,0,0,0,0,0
4324,0,0,0,5,12,71,0,0,0,0,0,0
4325,0,0,0,0,0,89,0,0,0,0,0,0
4326,0,34,0,0,0,0,0,0,0,0,0,0
4327,0,0,0,0,0,3,0,0,0,0,804,1
4328,0,73,3,0,0,0,0,0,0,0,0,0
4329,0,0,0,0,0,6,0,0,0,0,0,0
4330,0,0,0,33,3,167,0,0,0,0,0,0
4331,0,0,0,0,0,18,0,0,0,3,5964,9
4332,0,0,0,8,0,4,0,0,0,0,0,0
4333,2,5520,1,0,0,0,3,0,1,0,0,0
4334,0,0,0,0,0,0,0,0,0,2,190,5
4335,0,0,0,0,0,0,0,0,0,1,26,1
4336,135,201,17,0,0,0,1,0,0,0,0,0
4337,0,0,0,1,12,4,0,0,0,0,0,0
4338,0,0,0,0,0,0,0,0,0,2,28,1
4339,0,0,0,4,0,242,0,0,0,0,0,0
4340,1,243,6,0,0,0,0,0,0,0,0,0
4341,0,0,0,2,0,30,0,0,0,0,0,0
4342,0,0,0,9,1,42,0,0,0,0,0,0
4343,4,86,7,0,0,0,0,0,0,0,0,0
4344,0,0,0,1,33,162,0,0,0,0,0,0
4345,0,0,0,0,0,1,0,0,0,34,615,4
4346,0,0,0,5,32,389,0,0,0,0,0,0
4347,0,0,0,0,0,0,0,0,0,8,459,4
4348,0,0,0,6,24,63,0,0,0,0,0,0
4349,0,0,0,0,0,0,0,0,0,0,0,0
4350,1,0,1,0,0,0,0,0,0,0,0,0
4351,0,0,0,0,0,659,0,0,0,0,0,0
4352,0,0,0,0,0,0,30,0,5,0,0,0
4353,6,312,211,0,0,0,0,0,0,1,0,0
4354,0,0,0,0,0,0,172,126,2,0,0,0
4355,0,3,2,0,0,0,0,0,0,0,0,0
4356,2,40,0,0,0,0,0,0,0,0,0,0
4357,0,0,0,0,0,0,90,209,6,0,0,0
4358,0,0,0,0,0,0,0,0,0,4,1,2
4359,55,50,5,0,0,0,0,0,0,0,0,0
4360,6,53,5,0,0,0,0,0,0,0,0,0
4361,0,0,0,0,0,0,5,1,0,0,0,0
4362,0,5,6,0,0,0,0,0,0,0,0,0
4363,1,25,1,0,0,0,0,0,0,0,0,0
4364,0,65,32,0,0,0,0,0,0,0,0,0
4365,0,0,0,0,0,2,0,0,0,0,0,0
4366,0,0,0,6,3,38,0,0,0,0,0,0
4367,0,0,0,0,0,0,0,0,0,53,32,2
4368,0,0,0,0,2,3,0,0,0,0,0,0
4369,0,0,0,117,12,120,0,0,0,0,0,0
4370,0,0,0,0,0,0,101,0,0,0,0,0
4371,0,0,0,0,0,0,7,2,1,0,0,0
4372,5,140,30,0,0,0,7,0,0,0,0,0
4373,0,0,0,0,0,0,0,0,0,0,0,0
4374,0,0,0,0,0,0,0,0,0,0,16,1
4375,0,0,0,11,7,61,0,0,0,0,0,0
4376,0,0,0,0,0,0,21,3,0,0,0,0
4377,0,0,0,0,0,1,0,0,0,0,0,0
4378,0,0,0,22,18,37,0,0,0,0,0,0
4379,0,0,0,3,25,4,0,0,0,0,0,0
4380,0,0,0,0,1,0,0,0,0,1,21,4
4381,0,0,0,15,75,214,0,0,0,0,0,0
4382,0,0,0,0,1,0,0,0,0,0,0,0
4383,0,0,0,0,0,0,0,3,0,0,0,0
4384,0,0,0,0,0,0,0,1,0,0,0,0
4385,0,13,365,0,0,0,0,0,0,0,0,0
4386,3,184,25,0,0,0,0,0,0,0,0,0
4387,0,0,0,3,3,83,0,0,0,0,0,0
4388,0,0,0,1,126,8,0,0,0,0,0,0
4389,0,0,0,0,16,6,0,0,0,0,0,0
4390,0,1,0,0,2,0,174,247,2,0,0,0
4391,0,0,0,0,0,0,0,0,0,239,2,2
4392,0,0,0,0,0,0,107,14,0,0,0,0
4393,6,95,212,0,0,0,0,0,0,1,0,0
4394,0,0,0,0,0,0,7,1,0,0,0,0
4395,2,2,4,0,0,0,0,0,0,0,0,0
4396,7,117,0,0,0,0,0,0,0,0,0,0
4397,2,61,17,0,0,0,0,0,0,0,0,0
4398,0,0,0,0,0,8,0,0,0,0,0,0
4399,0,0,0,0,5,0,22,2364,56,0,0,0
4400,0,0,0,0,0,0,0,0,0,23,114,0
4401,0,0,0,1,1,0,0,0,0,0,0,0
4402,0,0,0,71,2,247,0,0,0,0,2,0
4403,0,12,0,0,0,0,541,16,2,0,0,0
4404,0,0,0,0,0,0,0,0,0,39,288,2
4405,25,55,12,0,0,0,0,0,0,0,0,0
4406,0,0,0,0,0,1,0,0,0,6,465,0
4407,0,1,0,0,0,0,0,0,0,0,0,0
4408,0,0,0,0,0,342,0,0,0,0,1,0
4409,0,0,0,0,0,0,62,34,9,0,0,0
4410,0,0,0,0,0,4,0,0,0,13,474,1
4411,67,137,10,0,0,0,1,0,0,0,0,0
4412,0,0,0,0,0,0,87,4,7,0,0,0
4413,2,3,44,0,0,0,0,0,0,0,0,0
4414,6,133,16,0,0,0,2,0,0,0,0,0
4415,0,0,0,0,0,0,51,2,18,0,0,0
4416,2,11,6,0,0,0,0,0,0,0,0,0
4417,2,82,16,0,0,0,0,0,0,0,0,0
4418,0,18,1,0,0,0,0,0,0,0,0,0
4419,0,0,0,0,0,0,0,0,0,11,4,4
4420,4,263,2,0,0,0,1,0,0,0,0,0
4421,0,0,0,0,0,2,0,0,0,134,536,5
4422,0,1,0,0,0,0,632,1,1,0,0,0
4423,0,0,0,0,0,7,0,0,0,54,2874,5
4424,0,7,34,0,0,0,0,0,0,0,0,0
4425,1,9,9,0,0,0,0,0,0,0,0,0
4426,11,645,25,0,0,0,0,0,0,0,0,0
4427,0,0,0,7,86,232,0,0,0,0,1,0
4428,0,0,0,0,1,17,0,0,0,0,1,0
4429,0,33,1,0,0,0,0,0,0,0,0,0
4430,3,41,10,0,0,0,0,0,0,0,0,0
4431,0,0,0,1,0,4,0,0,0,0,0,0
4432,0,0,0,0,0,0,22,73,6,0,0,0
4433,0,0,0,0,0,0,0,0,0,3,3,0
4434,0,0,0,0,0,0,0,0,0,0,12,0
4435,0,0,0,35,16,76,0,0,0,0,0,0
4436,0,1,0,0,0,0,188,1,0,0,0,0
4437,0,0,0,0,0,34,0,0,0,0,0,0
4438,0,0,0,0,0,2,0,0,0,101,1110,2
4439,0,0,0,0,0,2,0,0,0,0,0,0
4440,0,0,0,0,0,0,6,6,2,0,0,0
4441,0,0,0,0,0,45,0,0,0,0,0,0
4442,0,0,0,0,0,0,124,224,2,0,0,0
4443,0,0,0,0,0,34,0,0,0,0,0,0
4444,0,0,0,0,4,0,172,1911,23,0,0,0
4445,0,0,0,0,0,0,7,0,1,0,0,0
4446,0,53,35,0,0,0,0,0,0,0,0,0
4447,10,27,10,0,0,0,0,0,0,0,0,0
4448,1,2057,0,0,0,0,2,0,0,0,0,0
4449,0,0,0,0,0,0,0,0,0,38,185,1
4450,0,0,0,12,0,89,0,0,0,0,0,0
4451,0,6,0,0,0,0,0,0,0,0,0,0
4452,0,119,192,0,0,0,0,0,0,1,0,0
4453,21,175,58,0,0,0,0,0,0,0,0,0
4454,0,0,0,0,0,0,261,62,9,0,0,0
4455,0,0,0,0,0,43,0,0,0,6,6695,1
4456,0,0,0,0,0,50,0,0,0,18,10286,3
4457,64,536,10,0,0,0,4,0,0,0,0,0
4458,0,0,0,0,0,43,0,0,0,0,0,0
4459,4,97,3,0,0,0,0,0,0,0,0,0
4460,0,0,0,0,0,0,120,4,0,0,0,0
4461,0,0,0,0,1,4,0,0,0,0,0,0
4462,0,0,0,26,20,42,0,0,0,0,1,0
4463,0,0,0,21,32,3,0,0,0,0,0,0
4464,0,0,0,0,0,2,0,0,0,0,645,0
4465,36,50,9,0,0,0,0,0,0,0,0,0
4466,2,38,1,0,0,0,0,0,0,0,0,0
4467,0,0,0,0,0,2,0,0,0,36,498,2
4468,0,0,0,2,4,101,0,0,0,0,0,0
4469,5,50,0,0,0,0,0,0,0,0,0,0
4470,0,0,0,0,0,1,0,0,0,0,0,0
4471,1,0,0,0,0,0,0,0,0,0,0,0
4472,0,0,0,0,0,0,0,0,0,4,1,1
4473,4,42,0,0,0,0,0,0,0,0,0,0
4474,0,12,0,0,0,0,96,98,0,0,0,0
4475,0,0,0,0,0,0,0,0,0,4,1306,0
4476,0,0,0,0,0,0,271,15,0,0,0,0
4477,0,0,0,2,0,64,0,0,0,0,0,0
4478,0,26,2,0,0,0,0,0,0,0,0,0
4479,5,19,26,0,0,0,0,0,0,0,0,0
4480,1,114,56,0,0,0,0,0,0,0,0,0
4481,0,0,0,4,0,14,0,0,0,0,0,0
4482,1,1,0,0,0,0,0,0,0,0,0,0
4483,0,0,0,0,0,123,0,0,0,0,0,0
4484,1,59,1,0,0,0,0,0,0,0,0,0
4485,0,337,3,0,0,0,0,0,0,0,0,0
4486,0,0,0,0,0,0,179,332,8,0,0,0
4487,0,0,0,0,0,0,112,7,0,0,0,0
4488,0,0,0,0,0,0,65,0,1,0,0,0
4489,0,0,0,0,1,25,0,0,0,0,0,0
4490,0,167,3,0,0,0,0,0,0,0,0,0
4491,0,0,0,2,2,3,0,0,0,0,0,0
4492,0,0,0,9,0,355,0,0,0,0,1,0
4493,5,22,5,0,0,0,0,0,0,0,0,0
4494,6,40,5,0,0,0,0,0,0,0,0,0
4495,4,25,2,0,0,0,0,0,0,0,0,0
4496,26,146,2,0,0,0,0,0,0,0,0,0
4497,0,0,0,1,3,8,0,0,0,0,0,0
4498,20,27,0,0,0,0,0,0,0,0,0,0
4499,0,0,0,0,0,0,0,0,0,12,2,9
4500,21,28,4,0,0,0,0,0,0,0,0,0
4501,11,246,95,0,0,0,0,0,0,0,0,0
4502,0,0,0,0,0,0,184,3,6,0,0,0
4503,115,28,61,4,0,0,0,0,0,0,0,0
4504,0,3,0,1,7,0,634,2570,9,0,0,0
4505,0,0,0,0,0,0,4,13,2,0,0,0
4506,1,0,0,0,0,0,6,2,3,0,0,0
4507,0,0,0,4,3,40,0,0,0,0,0,0
4508,0,0,0,0,0,0,220,133,5,0,1,0
4509,0,0,0,4,5,25,0,0,0,0,0,0
4510,2,1,1,0,5,0,394,2542,32,0,0,0
4511,0,5,0,0,0,0,161,36,0,0,0,0
4512,0,0,0,5,1,10,0,0,0,0,0,0
4513,0,0,1,34,10,164,0,0,0,0,0,0
4514,0,0,0,0,0,0,111,2,0,0,0,0
4515,2,2,5,0,0,0,0,0,0,0,0,0
4516,0,0,0,5,25,566,0,0,0,0,1,0
4517,0,0,0,2,0,14,0,0,0,0,0,0
4518,5,184,3,0,0,0,0,0,0,0,0,0
4519,0,0,0,0,0,145,0,0,0,0,1,0
4520,0,0,0,0,0,0,5,55,0,0,0,0
4521,0,0,0,0,0,0,10,22,0,0,0,0
4522,0,0,0,1,1,18,0,0,0,0,0,0
4523,0,0,0,0,0,0,78,44,20,0,0,0
4524,0,0,0,0,0,2,0,0,0,0,606,3
4525,0,0,0,1,4,74,0,0,0,0,0,0
4526,0,1,0,0,0,0,0,0,0,0,0,0
4527,0,0,0,0,0,0,57,0,0,0,0,0
4528,0,408,0,0,0,0,0,0,0,0,0,0
4529,0,0,0,2,0,3,0,0,0,0,0,0
4530,0,0,0,0,1,2,0,0,0,0,0,0
4531,0,0,0,0,0,49,0,0,0,0,0,0
4532,0,0,0,0,0,2,0,0,0,0,0,0
4533,7,14,0,0,0,0,0,0,0,0,0,0
4534,0,0,0,0,0,4,0,0,0,0,1426,0
4535,0,0,0,0,0,4,0,0,0,0,0,0
4536,0,0,0,0,0,4,0,0,0,0,0,0
4537,0,0,0,0,0,58,0,0,0,0,0,0
4538,0,0,0,1,0,3,0,0,0,0,0,0
4539,0,1,0,0,0,0,0,0,0,0,0,0
4540,0,0,0,0,0,6,0,0,0,0,2553,0
4541,0,6,0,0,0,0,0,0,0,0,0,0
4542,0,0,0,0,0,0,0,0,0,75,12,3
4543,0,0,1,0,0,93,0,0,0,223,15254,2
4544,43,59,4,0,0,0,0,0,0,0,0,0
4545,0,1,0,0,0,0,113,75,1,0,0,0
4546,0,0,0,0,1,71,0,0,0,0,0,0
4547,0,644,0,0,0,0,1,0,0,0,0,0
4548,0,647,9,0,0,0,0,0,0,0,0,0
4549,4,316,13,0,0,0,1,0,0,0,0,0
4550,1,102,2,0,0,0,0,0,0,0,0,0
4551,0,0,1,0,0,7,0,0,0,464,4332,1
4552,14,54,2,0,0,0,0,0,0,0,0,0
4553,1,45,25,0,0,0,0,0,0,0,0,0
4554,0,0,2,0,0,0,0,0,0,116,130,7
4555,0,0,0,13,15,104,0,0,0,0,0,0
4556,0,0,0,0,0,0,267,17,5,0,0,0
4557,0,0,0,0,0,3,0,0,0,0,0,0
4558,5,178,6,0,0,0,1,0,0,0,0,0
4559,0,1,0,0,0,0,138,19,1,0,0,0
4560,0,0,0,0,0,4,0,0,0,118,682,0
4561,0,0,0,0,0,0,496,32,5,0,0,0
4562,0,0,0,13,16,0,0,0,0,0,0,0
4563,0,0,0,0,0,0,0,0,0,1,369,0
4564,2,155,64,0,0,0,0,0,0,1,0,0
4565,0,0,0,0,0,0,0,0,0,74,7,3
4566,0,0,0,0,0,0,0,0,0,0,0,0
4567,0,0,0,16,0,53,0,0,0,0,0,0
4568,0,323,1,0,0,0,1,0,0,0,0,0
4569,0,0,0,0,0,0,0,0,0,0,0,0
4570,0,0,0,0,0,2,0,0,0,37,838,1
4571,15,219,5,0,0,0,1,0,0,0,0,0
4572,0,144,72,0,0,0,0,0,0,0,0,0
4573,0,0,0,0,0,3,0,0,0,27,1654,1
4574,1,22,4,0,0,0,0,0,0,0,0,0
4575,0,0,0,0,0,0,0,0,0,47,293,0
4576,2236,133,8,2,0,1,1,0,0,0,0,0
4577,0,0,0,0,0,0,0,0,0,31,693,1
4578,0,0,0,0,0,0,0,0,0,0,0,0
4579,7,0,0,3814,1,126,0,0,0,0,0,0
4580,1,0,1,0,0,0,0,0,0,0,0,0
4581,0,5,0,0,0,0,0,0,0,0,0,0
4582,0,0,0,0,0,26,0,0,0,0,7426,0
4583,0,0,0,0,0,0,394,30,7,0,0,0
4584,3,107,89,0,0,0,2,0,0,1,0,0
4585,0,0,0,94,13,140,0,0,0,0,0,0
4586,0,0,0,0,0,26,0,0,0,15,3816,1
4587,0,0,0,3,0,0,0,0,0,0,0,0
4588,4,38,4,0,0,0,0,0,0,0,0,0
4589,0,28,119,0,0,0,0,0,0,1,0,0
4590,0,65,2,0,0,0,0,0,0,0,0,0
4591,0,0,0,10,58,96,0,0,0,0,0,0
4592,0,0,0,0,0,0,6,8,2,0,0,0
4593,2,0,5,0,0,0,0,0,0,0,0,0
4594,2,32,10,0,0,0,0,0,0,0,0,0
4595,1,504,31,0,0,0,0,0,0,0,0,0
4596,0,0,1,0,0,1,0,0,0,346,318,5
4597,0,0,0,16,44,614,0,0,0,0,7,0
4598,0,0,0,0,0,0,0,0,0,30,3,3
4599,0,0,0,0,0,0,0,0,0,0,0,0
4600,0,0,0,55,0,68,0,0,0,0,0,0
4601,0,0,0,0,0,0,251,1,0,0,0,0
4602,0,0,0,0,0,2,0,0,0,0,0,0
4603,0,0,0,1,1,53,0,0,0,0,0,0
4604,0,37,0,0,0,0,0,0,0,0,0,0
4605,0,0,0,0,0,0,0,0,0,4,11,0
4606,10,33,1,0,0,0,1,0,0,0,0,0
4607,4,58,4,0,0,0,0,0,0,0,0,0
4608,0,0,0,8,4,219,0,0,0,0,0,0
4609,0,0,0,0,0,0,30,40,1,0,0,0
4610,0,0,0,0,0,0,0,0,0,0,2,0
4611,0,0,0,0,0,0,0,0,0,1,2,1
4612,3,45,25,0,0,0,0,0,0,0,0,0
4613,0,0,0,0,0,0,0,0,0,62,52,0
4614,3,0,0,51,0,1,0,0,0,0,0,0
4615,0,0,0,49,24,195,0,0,0,0,0,0
4616,0,0,0,0,0,0,0,0,0,0,0,0
4617,0,0,0,0,0,0,1,1,0,0,0,0
4618,0,0,0,0,0,0,0,0,0,30,571,0
4619,0,0,0,0,1,29,0,0,0,0,0,0
4620,2,1,0,0,0,0,0,0,0,0,0,0
4621,0,0,0,0,2,199,0,0,0,0,0,0
4622,0,2,0,0,0,0,109,18,0,0,0,0
4623,0,0,0,0,0,12,0,0,0,0,0,0
4624,12,165,0,0,0,0,1,0,0,0,0,0
4625,1,2,0,0,0,0,0,0,0,0,0,0
4626,0,0,0,0,0,0,0,0,0,0,1,0
4627,1,59,3,0,0,0,0,0,0,0,0,0
4628,0,0,0,0,0,0,0,0,0,0,5,0
4629,0,0,0,0,0,0,0,0,0,0,0,0
4630,0,0,0,0,0,381,0,0,0,0,1,0
4631,0,2,0,0,0,0,78,27,1,0,0,0
4632,0,1,0,0,0,0,66,2,0,0,0,0
4633,0,0,0,0,0,8,0,0,0,20,1813,0
4634,0,0,0,1,0,202,0,0,0,0,0,0
4635,0,0,0,1,0,2,0,0,0,0,0,0
4636,6,372,12,0,0,0,1,0,0,0,0,0
4637,0,33,1,0,0,0,0,0,0,0,0,0
4638,4,91,48,0,0,0,0,0,0,0,0,0
4639,0,0,0,3,22,74,0,0,0,0,0,0
4640,0,0,0,0,2,253,0,0,0,0,1,0
4641,0,0,0,0,1,0,0,0,0,0,0,0
4642,0,1,0,0,0,0,299,54,1,0,0,0
4643,0,0,0,0,0,0,82,1,0,0,0,0
4644,0,42,28,0,0,0,0,0,0,0,0,0
4645,6,66,65,0,0,0,0,0,0,4,0,0
4646,0,0,0,0,0,0,13,0,1,0,0,0
4647,0,27,12,0,0,0,0,0,0,1,0,0
4648,15,120,31,0,0,0,0,0,0,0,0,0
4649,0,0,0,0,0,0,104,464,0,0,0,0
4650,0,0,0,0,0,0,0,0,0,1,4,0
4651,0,0,0,26,22,231,0,0,0,0,15,0
4652,0,0,0,0,0,0,9,34,0,0,0,0
4653,0,0,0,0,0,0,0,0,0,0,34,1
4654,0,0,0,30,23,228,0,0,0,0,0,0
4655,0,0,0,0,0,58,0,0,0,104,1296,10
4656,0,4,0,0,0,0,800,52,0,0,0,0
4657,0,12,0,0,1,0,432,81,1,0,0,0
4658,0,0,0,1,0,28,0,0,0,0,0,0
4659,10,661,5,0,0,0,1,0,0,0,0,0
4660,0,0,0,0,0,485,0,0,0,0,40,0
4661,0,0,1,0,0,0,0,0,0,0,0,0
4662,0,0,0,0,0,2,0,0,0,0,0,0
4663,0,0,0,0,0,0,1,0,0,0,0,0
4664,0,4,17,0,0,0,0,0,0,0,0,0
4665,0,2,0,0,0,0,340,7,1,0,0,0
4666,1,431,1,0,0,0,2,0,0,0,0,0
4667,0,0,0,32,23,2,0,0,0,0,0,0
4668,0,0,0,0,0,9,0,0,0,20,1464,5
4669,0,0,0,3,21,61,0,0,0,0,0,0
4670,0,0,0,0,0,0,0,0,0,28,3,0
4671,0,0,0,0,0,1,0,0,0,0,0,0
4672,0,0,0,0,0,3,0,0,0,31,656,0
4673,0,4,1,0,0,0,0,0,0,0,0,0
4674,5,57,7,0,0,0,1,0,0,0,0,0
4675,1,90,4,0,0,0,1,0,0,0,0,0
4676,0,0,0,0,0,0,11,27,3,0,0,0
4677,0,0,0,0,0,6,0,0,0,0,0,0
4678,0,4,0,0,3,0,147,197,3,0,0,0
4679,0,0,0,0,0,8,0,0,0,12,424,0
4680,0,0,0,0,0,2,0,0,0,18,167,4
4681,77,234,22,1,0,0,3,0,0,0,0,0
4682,0,2,0,0,1,0,216,42,0,0,0,0
4683,0,0,0,0,0,39,0,0,0,2,4113,0
4684,0,0,0,15,3,617,0,0,0,0,5,0
4685,0,5,0,0,0,0,0,0,0,0,0,0
4686,0,0,0,0,0,3,0,0,0,0,1795,0
4687,42,202,25,0,0,0,1,0,0,0,0,0
4688,0,2,0,0,0,0,45,0,0,0,0,0
4689,0,0,0,0,0,0,0,0,0,0,0,0
4690,0,0,0,13,8,57,0,0,0,0,0,0
4691,0,0,0,14,20,2,0,0,0,0,0,0
4692,0,0,0,0,0,0,0,0,0,0,11,1
4693,0,0,0,67,8,127,0,0,0,0,3,0
4694,0,0,0,0,0,0,129,10,8,0,0,0
4695,0,0,0,0,0,5,0,0,0,0,0,0
4696,0,0,0,4,14,88,0,0,0,0,0,0
4697,0,0,0,5,20,14,0,0,0,0,0,0
4698,0,0,0,0,0,1,0,0,0,121,950,0
4699,0,0,0,2,77,152,0,0,0,0,0,0
4700,0,0,0,11,10,20,0,0,0,0,0,0
4701,0,0,0,0,0,0,0,0,0,0,50,0
4702,3,83,1,0,0,0,1,0,0,0,0,0
4703,0,0,0,0,0,1,0,0,0,57,147,0
4704,0,0,0,0,0,0,0,0,0,21,458,0
4705,0,0,0,77,21,61,0,0,0,0,1,0
4706,0,18,0,0,2,0,49,91,0,0,0,0
4707,28,92,27,0,0,0,0,0,0,0,0,0
4708,0,0,0,25,5,112,0,0,0,0,1,0
4709,0,0,0,0,0,0,89,11,0,0,0,0
4710,0,0,0,0,0,3,0,0,0,5,395,1
4711,0,0,0,35,9,173,0,0,0,0,0,0
4712,0,0,0,0,0,0,225,7,10,0,0,0
4713,0,0,0,0,2,55,0,0,0,0,0,0
4714,0,0,0,4,1,453,0,0,0,0,0,0
4715,0,4,0,0,0,0,0,0,0,0,0,0
4716,0,0,0,0,0,0,0,0,0,0,101,0
4717,115,99,11,0,0,0,0,0,0,0,0,0
4718,0,0,0,0,0,0,65,15,0,0,0,0
4719,0,0,0,0,0,3,0,0,0,14,400,1
4720,0,1,0,0,16,0,725,1659,14,0,0,0
4721,0,0,0,1,0,2,0,0,0,0,0,0
4722,0,0,0,0,0,0,0,0,0,0,0,0
4723,0,0,0,0,0,265,0,0,0,0,0,0
4724,0,1,0,0,0,0,0,0,0,0,0,0
4725,0,2,0,0,0,0,0,0,0,0,0,0
4726,0,0,0,0,2,136,0,0,0,0,0,0
4727,0,0,0,0,0,0,172,29,3,0,0,0
4728,0,0,0,0,0,0,9,4,1,0,0,0
4729,0,0,0,0,1,34,0,0,0,0,0,0
4730,0,0,0,0,0,55,0,0,0,0,0,0
4731,2,107,0,0,0,0,0,0,0,0,0,0
4732,0,0,0,0,0,530,0,0,0,0,0,0
4733,0,0,0,0,0,0,0,0,0,25,134,33
4734,0,0,0,0,1,0,0,0,0,0,0,0
4735,0,0,0,19,0,123,0,0,0,0,0,0
4736,0,3,0,0,0,0,0,0,0,0,0,0
4737,0,0,0,0,0,0,0,0,0,4,23,0
4738,0,0,0,1,780,37,0,5,0,0,0,0
4739,0,0,0,3,3,1,0,0,0,0,0,0
4740,0,0,0,0,0,0,0,0,0,2,8,0
4741,0,0,0,3,12,57,0,0,0,0,0,0
4742,0,0,0,6,11,9,0,1,0,0,0,0
4743,0,0,0,0,0,0,0,0,0,2,7,0
4744,0,0,0,2,23,197,0,0,0,0,0,0
4745,0,0,0,0,18,1,0,1,0,0,0,0
4746,0,0,0,0,0,0,0,0,0,1,78,0
4747,0,0,0,2,2,66,0,0,0,0,0,0
4748,1,10,2,0,0,0,0,0,0,0,0,0
4749,5,22,13,0,0,0,0,0,0,0,0,0
4750,1,216,1,0,0,0,1,0,0,0,0,0
4751,0,110,0,0,0,0,1,0,0,0,0,0
4752,0,0,0,0,0,11,0,0,0,34,3156,3
4753,3,56,2,0,0,0,0,0,0,0,0,0
4754,0,0,0,0,0,6,0,0,0,84,1407,0
4755,0,0,0,0,0,5,0,0,0,169,1799,2
4756,0,0,0,12,6,138,0,0,0,0,0,0
4757,0,2,0,0,0,0,53,0,0,0,0,0
4758,5,52,108,0,0,0,0,0,0,0,0,0
4759,10,443,38,0,0,0,2,0,0,0,0,0
4760,0,0,0,0,0,0,9,1,1,0,0,0
4761,2,42,14,0,0,0,0,0,0,0,0,0
4762,0,87,5,0,0,0,1,0,0,1,0,0
4763,0,0,0,0,0,2,0,0,0,6,1318,1
4764,2,180,0,0,0,0,0,0,0,0,0,0
4765,0,0,0,6,9,40,0,0,0,0,0,0
4766,0,0,0,1,0,16,0,0,0,0,0,0
4767,0,0,0,5,3,1,0,0,0,0,0,0
4768,0,0,0,0,0,46,0,0,0,0,0,0
4769,0,319,20,0,0,0,0,0,0,0,0,0
4770,0,0,0,0,1,41,0,0,0,0,0,0
4771,0,0,0,43,5,34,0,0,0,0,0,0
4772,0,0,0,0,0,0,6,1,1,0,0,0
4773,0,3,1,0,0,0,0,0,0,0,0,0
4774,1,29,0,0,0,0,0,0,0,0,0,0
4775,0,34,0,0,0,0,0,0,0,0,0,0
4776,0,0,0,0,0,0,0,0,0,138,394,2
4777,0,0,0,0,0,0,0,0,0,33,449,2
4778,5,250,51,0,0,0,1,0,0,0,0,0
4779,0,0,0,0,54,206,0,0,0,0,0,0
4780,0,0,0,0,0,1,0,0,0,99,932,7
4781,0,0,0,0,23,2,0,0,0,0,0,0
4782,0,0,0,0,0,1,0,0,0,2,893,0
4783,16,266,23,0,0,0,1,0,0,0,0,0
4784,0,0,3,0,0,7,0,0,0,239,2931,6
4785,0,0,0,4,0,2,0,0,0,0,0,0
4786,0,0,0,30,26,81,0,0,0,0,0,0
4787,0,0,0,0,0,0,46,29,0,0,0,0
4788,0,0,0,0,0,2,0,0,0,31,737,1
4789,0,0,0,37,22,768,0,0,0,0,1,0
4790,0,0,0,0,0,0,109,24,0,0,0,0
4791,0,0,0,0,0,0,31,24,1,0,0,0
4792,0,0,0,2,3,592,0,0,0,0,1,0
4793,0,0,0,2,13,1,0,0,0,0,0,0
4794,0,0,0,0,0,1,0,0,0,23,1881,2
4795,0,0,0,0,0,9,0,0,0,88,4958,2
4796,0,0,0,1,0,23,0,0,0,0,0,0
4797,22,30,2,0,0,0,0,0,0,0,0,0
4798,0,0,0,0,0,120,0,0,0,0,1,0
4799,0,5,0,0,0,0,0,0,0,0,0,0
4800,11,50,2,0,0,0,0,0,0,0,0,0
4801,11,55,28,0,0,0,1,0,0,0,0,0
4802,0,0,0,0,0,0,196,39,0,0,0,0
4803,1,74,27,0,0,0,0,0,0,0,0,0
4804,0,0,0,2,14,154,0,0,0,0,0,0
4805,0,0,0,0,1,1,0,0,0,0,0,0
4806,0,0,0,0,0,0,1,1,1,0,0,0
4807,0,0,0,0,0,0,1,31,0,0,0,0
4808,0,0,0,0,0,19,0,0,0,0,0,0
4809,0,0,0,0,0,0,0,0,0,11,473,0
4810,0,0,0,0,0,1,0,0,0,45,431,0
4811,0,0,0,0,0,114,0,0,0,0,0,0
4812,6,28,0,0,0,0,0,0,0,0,0,0
4813,0,0,0,0,0,199,0,0,0,0,0,0
4814,0,0,0,8,10,3,0,0,0,0,0,0
4815,0,0,0,0,0,0,0,0,0,11,1307,4
4816,0,0,0,41,5,1425,0,0,0,0,7,0
4817,0,0,0,0,0,0,30,1,1,0,0,0
4818,0,0,0,0,0,0,29,1,0,0,0,0
4819,2,73,29,0,0,0,0,0,0,0,0,0
4820,0,0,0,0,0,0,0,0,0,4,0,0
4821,30,512,0,0,0,0,2,0,0,0,0,0
4822,3,89,28,0,0,0,0,0,0,0,0,0
4823,0,0,0,4,34,132,0,0,0,0,0,0
4824,0,0,0,0,0,7,0,0,0,102,1224,2
4825,0,0,0,9,2,51,0,0,0,0,0,0
4826,1,12,0,0,0,0,1,0,0,0,0,0
4827,0,0,0,0,0,3,0,0,0,11,1330,0
4828,2,77,10,0,0,0,0,0,0,0,0,0
4829,0,0,0,0,0,0,0,0,0,36,3,30
4830,7,105,48,0,0,0,0,0,0,0,0,0
4831,2,51,10,0,0,0,0,0,0,0,0,0
4832,0,0,0,0,0,14,0,0,0,34,4053,3
4833,0,0,0,6,0,53,0,0,0,0,0,0
4834,50,50,1,0,0,0,1,0,0,0,0,0
4835,0,0,0,0,0,0,14,20,0,0,0,0
4836,0,0,0,0,0,0,3,1,1,0,0,0
4837,0,0,0,1,0,38,0,0,0,0,0,0
4838,19,706,6,0,0,0,1,0,0,0,0,0
4839,0,0,0,6,2,87,0,0,0,0,0,0
4840,9,96,6,0,0,0,0,0,0,0,0,0
4841,0,0,0,0,0,0,173,2,7,0,0,0
4842,7,6,54,0,0,0,0,0,0,0,0,0
4843,2,107,4,0,0,0,0,0,0,0,0,0
4844,0,0,0,7,8,413,0,0,0,0,0,0
4845,0,0,0,1,2,0,0,0,0,0,0,0
4846,0,0,0,4,38,28,0,0,0,0,0,0
4847,0,0,0,0,0,0,0,0,0,11,17,7
4848,0,0,0,0,0,1,0,0,0,0,0,0
4849,0,0,0,36,2,23,0,0,0,0,0,0
4850,0,5,0,0,0,0,0,0,0,0,0,0
4851,20,151,13,0,0,0,0,0,0,0,0,0
4852,0,0,0,0,0,0,34,28,6,0,0,0
4853,0,2,16,0,0,0,0,0,0,0,0,0
4854,0,0,0,0,0,0,28,5,0,0,0,0
4855,6,137,11,0,0,0,0,0,0,0,0,0
4856,0,0,0,0,8,0,184,341,2,0,0,0
4857,0,0,0,0,0,0,34,21,0,0,0,0
4858,0,0,0,0,0,49,0,0,0,0,0,0
4859,0,0,0,0,0,0,151,23,0,0,0,0
4860,40,478,160,1,0,0,0,0,0,0,0,0
4861,0,0,0,3,0,518,0,0,0,0,0,0
4862,0,19,0,0,0,0,0,0,0,0,0,0
4863,3,34,5,0,0,0,0,0,0,0,0,0
4864,0,204,11,0,0,0,3,0,0,0,0,0
4865,26,20,17,0,0,0,0,0,0,0,0,0
4866,0,0,0,0,0,0,22,148,3,0,0,0
4867,0,0,0,4,2,16,0,0,0,0,0,0
4868,0,0,0,0,0,0,109,26,0,0,0,0
4869,0,0,0,0,0,1,0,0,0,0,0,0
4870,12,838,5,0,0,0,0,0,0,0,0,0
4871,0,0,0,0,1,351,0,0,0,0,3,0
4872,0,293,0,0,0,0,5,0,0,0,0,0
4873,0,0,0,0,0,150,0,0,0,0,0,0
4874,0,0,0,0,0,34,0,0,0,0,0,0
4875,0,36,0,0,0,0,0,0,0,0,0,0
4876,0,0,0,0,0,5,0,0,0,1,482,0
4877,1,6,0,0,0,0,0,0,0,0,0,0
4878,0,0,0,0,0,45,0,0,0,87,4954,1
4879,0,0,0,5,32,20,0,0,0,0,0,0
4880,6,22,6,0,0,0,0,0,0,0,0,0
4881,0,0,0,0,0,0,82,81,6,0,0,0
4882,0,0,0,0,2,231,0,0,0,0,1,0
4883,18,22,1,0,0,0,0,0,0,0,0,0
4884,4,222,28,0,0,0,0,0,0,0,0,0
4885,0,0,0,0,31,471,0,0,0,0,1,0
4886,0,0,0,0,0,2,0,0,0,13,894,3
4887,0,0,0,0,0,0,0,0,0,20,364,1
4888,0,0,0,120,15,227,0,0,0,0,0,0
4889,0,25,2,0,0,0,0,0,0,0,0,0
4890,0,0,0,0,0,14,0,0,0,200,3929,1
4891,0,0,0,0,0,52,0,0,0,30,9410,0
4892,3,97,2,0,0,0,0,0,0,0,0,0
4893,0,0,0,0,0,81,0,0,0,87,3512,1
4894,28,70,9,0,0,0,0,0,0,0,0,0
4895,0,0,0,0,1,41,0,0,0,0,0,0
4896,0,0,0,8,1,2,0,0,0,0,0,0
4897,0,0,0,0,0,10,0,0,0,5,2993,0
4898,0,0,0,0,0,3,0,0,0,110,1046,5
4899,9,58,0,0,0,0,0,0,0,0,0,0
4900,0,0,0,0,0,64,0,0,0,88,8242,2
4901,0,0,0,0,0,0,0,0,0,114,838,0
4902,0,0,0,8,1,2,0,0,0,0,0,0
4903,809,64,6,1,0,0,0,0,0,0,0,0
4904,0,0,0,0,2,0,217,1396,9,0,0,0
4905,3,156,21,0,0,0,0,0,0,0,0,0
4906,0,0,0,18,77,304,0,0,0,0,0,0
4907,0,0,0,0,0,0,176,59,3,0,0,0
4908,0,0,0,0,0,0,187,9,0,0,0,0
4909,0,0,0,1,1,118,0,0,0,0,0,0
4910,0,0,0,0,0,0,67,0,2,0,0,0
4911,11,183,26,0,0,0,3,0,0,0,0,0
4912,26,51,61,0,0,0,0,0,0,0,0,0
4913,0,1,0,0,0,0,233,362,2,0,0,0
4914,0,0,0,1,1,23,0,0,0,0,0,0
4915,0,0,0,3,1,26,0,0,0,0,0,0
4916,0,454,6,0,0,0,4,0,0,0,0,0
4917,0,0,0,0,21,441,0,0,0,0,0,0
4918,0,0,0,0,0,0,0,0,0,50,457,0
4919,0,55,5,0,0,0,0,0,0,0,0,0
4920,0,0,0,0,0,0,0,0,3,40,513,265
4921,0,0,0,0,0,0,0,0,0,96,371,1
4922,0,0,0,5,13,114,0,0,0,0,0,0
4923,0,0,0,2,2,30,0,0,0,0,0,0
4924,0,0,0,130,2,91,0,0,0,0,0,0
4925,0,0,0,0,1,0,105,501,5,0,0,0
4926,0,103,132,0,0,0,0,0,0,0,0,0
4927,0,0,0,0,0,64,0,0,0,20,6986,39
4928,17,1798,1,0,0,0,1,0,0,0,0,0
4929,1,54,69,0,0,0,0,0,0,1,0,0
4930,0,0,0,0,14,766,0,0,0,0,0,0
4931,0,0,0,0,0,0,0,0,0,49,521,17
4932,0,0,0,0,0,4,0,0,0,0,0,0
4933,0,0,0,1,0,69,0,0,0,0,0,0
4934,0,13,2,0,0,0,0,0,0,0,0,0
4935,4,52,11,0,0,0,0,0,0,0,0,0
4936,0,0,0,0,1,0,162,333,4,0,0,0
4937,5,47,1,0,0,0,0,0,0,0,0,0
4938,0,0,0,0,0,6,0,0,0,63,375,0
4939,2,59,24,0,0,0,0,0,0,0,0,0
4940,0,0,0,0,0,0,0,0,0,163,1328,0
4941,0,0,0,7,108,2,0,0,0,0,0,0
4942,0,0,0,5,26,79,0,0,0,0,0,0
4943,0,0,0,0,0,0,0,0,0,6,76,1
4944,0,0,0,1,0,3,0,0,0,0,0,0
4945,0,0,0,5,11,50,0,0,0,0,0,0
4946,0,0,0,6,131,39,0,0,0,0,0,0
4947,0,0,0,0,0,0,0,0,0,16,128,177
4948,0,0,0,0,19,88,0,0,0,0,0,0
4949,0,0,0,0,13,113,0,0,0,0,1,0
4950,0,0,0,0,1,261,0,0,0,0,0,0
4951,0,0,0,0,0,0,217,60,11,0,0,0
4952,0,83,25,0,0,0,0,0,0,0,0,0
4953,0,0,0,0,0,0,42,32,4,0,0,0
4954,6,124,45,0,0,0,1,0,0,1,0,0
4955,0,1,0,0,0,0,110,2,5,0,0,0
4956,24,32,520,0,0,0,0,0,0,1,0,0
4957,9,89,107,0,0,0,0,0,0,1,0,0
4958,0,0,0,0,0,0,50,369,0,0,0,0
4959,0,0,0,0,0,841,0,0,0,0,14,0
4960,0,0,0,0,20,0,101,2060,78,0,0,0
4961,1,19,43,0,0,0,0,0,0,0,0,0
4962,0,0,0,0,0,0,77,109,1,0,0,0
4963,0,0,0,0,2,0,113,501,7,0,0,0
4964,1,1946,1,0,0,0,9,0,0,0,0,0
4965,0,0,0,0,0,20,0,0,0,28,3672,1
4966,0,0,0,1,1,181,0,0,0,0,1,0
4967,1,378,1,0,0,0,0,0,0,0,0,0
4968,0,0,0,78,5,126,0,0,0,0,0,0
4969,0,0,0,86,0,20,0,0,0,0,0,0
4970,0,1,0,0,0,0,0,0,0,0,0,0
4971,1,20,0,0,0,0,0,0,0,0,0,0
4972,0,0,0,0,0,0,28,54,0,0,0,0
4973,0,0,0,0,0,0,68,132,5,0,0,0
4974,0,0,0,0,1,12,0,0,0,0,0,0
4975,0,4,0,0,0,0,3593,600,1,0,0,0
4976,0,0,0,0,1,174,0,0,0,0,2,0
4977,0,0,0,6,4,19,0,0,0,0,0,0
4978,0,0,0,21,1,74,0,0,0,0,0,0
4979,1,51,0,0,0,0,0,0,0,0,0,0
4980,0,0,0,0,0,0,0,0,0,14,737,0
4981,36,172,4,0,0,0,0,0,0,0,0,0
4982,1,2,0,0,0,0,0,0,0,0,0,0
4983,0,0,0,0,0,0,0,0,0,0,6,0
4984,57,112,32,0,0,0,0,0,0,0,0,0
4985,0,0,0,0,0,0,24,10,0,0,0,0
4986,0,0,0,0,0,6,0,0,0,0,0,0
4987,25,137,3,0,0,0,0,0,0,0,0,0
4988,0,0,0,0,0,0,2,1,39,0,0,2
4989,0,1,1,0,0,0,0,0,0,0,0,0
4990,0,0,0,0,0,1,0,0,0,22,555,1
4991,440,4,95,5,0,0,0,0,0,0,0,0
4992,0,90,53,0,0,0,0,0,0,0,0,0
4993,0,0,0,0,0,3,0,0,0,2,1092,0
4994,11,104,107,0,0,0,0,0,0,0,0,0
4995,0,0,0,1,11,61,0,0,0,0,0,0
4996,0,0,0,16,1,222,0,0,0,0,0,0
4997,0,0,1,0,0,0,0,0,0,0,0,0
4998,0,5,0,0,0,0,0,0,0,0,0,0
4999,0,0,0,0,0,81,0,0,0,2,4991,0
5000,0,0,0,0,0,4,0,0,0,67,492,4
5001,0,0,0,45,7,2,0,0,0,0,0,0
5002,0,0,0,0,0,48,0,0,0,26,526,2
5003,0,0,0,0,0,1,0,0,0,0,50,1
5004,0,24,2,0,0,0,0,0,0,0,0,0
5005,0,0,0,0,0,8,0,0,0,0,239,0
5006,4,120,1,0,0,0,0,0,0,0,0,0
5007,0,0,0,0,0,9,0,0,0,13,430,0
5008,0,0,0,0,13,0,228,1960,46,0,0,0
5009,0,0,2,0,0,0,0,0,0,78,7,2
5010,122,175,1,7,0,0,0,0,0,0,0,0
5011,0,0,0,0,0,0,0,0,0,0,0,0
5012,0,4,0,0,22,0,255,1418,15,0,0,0
5013,0,0,0,0,14,142,0,0,0,0,5,0
5014,0,0,0,8,4,572,0,0,0,0,19,0
5015,0,5,0,0,0,0,974,48,0,0,0,0
5016,0,0,0,0,6,64,0,0,0,0,0,0
5017,0,6,0,0,0,0,722,81,10,0,0,2
5018,0,2,0,0,1,0,166,141,0,0,0,0
5019,0,46,21,0,0,0,0,0,0,0,0,0
5020,0,0,0,0,0,4,0,0,0,9,1001,3
5021,7,160,25,0,0,0,0,0,0,0,0,0
5022,0,0,0,7,2,45,0,0,0,0,0,0
5023,0,35,0,0,2,0,2577,2092,40,0,0,0
5024,0,0,0,5,15,16,0,0,0,0,0,0
5025,0,0,0,0,0,2,0,0,0,3,2144,0
5026,115,129,15,1,0,0,0,0,0,0,0,0
5027,4,51,20,0,0,0,0,0,0,0,0,0
5028,0,0,0,99,33,202,0,0,0,0,1,0
5029,0,0,0,0,0,0,59,239,44,0,0,0
5030,4,59,26,0,0,0,0,0,0,0,0,0
5031,0,0,0,0,0,3,0,0,0,17,1607,2
5032,25,96,34,0,0,0,0,0,0,1,0,0
5033,0,0,0,0,0,5,0,0,0,0,0,0
5034,3,21,1,0,0,0,0,0,0,0,0,0
5035,0,0,0,0,0,184,0,0,0,0,1,0
5036,0,0,0,0,0,0,191,1,11,0,0,0
5037,0,2,0,0,0,0,298,38,2,0,0,0
5038,1,59,29,0,0,0,0,0,0,0,0,0
5039,0,0,1,0,0,0,0,0,0,54,1,0
5040,44,731,1,0,0,0,2,0,0,0,0,0
5041,3,831,15,0,0,0,8,0,0,0,0,0
5042,0,0,0,0,0,0,0,0,0,6,1,2
5043,9,71,1,0,0,0,1,0,0,0,0,0
5044,0,0,0,0,0,0,316,43,0,0,0,0
5045,0,0,0,1,5,31,0,0,0,0,0,0
5046,0,0,0,3,12,66,0,0,0,0,0,0
5047,0,0,0,28,5,181,0,0,0,0,2,0
5048,0,0,0,0,0,0,99,111,4,0,0,0
5049,0,0,0,0,0,0,101,4,1,0,0,0
5050,0,0,0,0,1,189,0,0,0,0,0,0
5051,0,0,0,0,0,5,0,0,0,1,778,3
5052,0,0,1,0,0,0,0,0,0,29,438,3
5053,49,118,8,0,0,0,0,0,0,0,0,0
5054,2,16,1,0,0,0,0,0,0,0,0,0
5055,0,0,0,0,0,5,0,0,0,3,3149,0
5056,0,0,0,6,6,52,0,0,0,0,0,0
5057,0,0,0,0,1,0,0,0,0,0,0,0
5058,4,48,0,0,0,0,0,0,0,0,0,0
5059,0,0,0,0,0,71,0,0,0,0,0,0
5060,0,0,0,5,3,17,0,0,0,0,0,0
5061,0,0,0,0,2,80,0,0,0,0,0,0
5062,0,1,0,0,0,0,354,92,1,0,0,0
5063,0,1,0,0,0,0,603,40,1,0,0,0
5064,1,154,14,0,0,0,0,0,0,0,0,0
5065,0,0,0,35,39,194,0,0,0,0,2,0
5066,0,0,0,0,0,0,1,1,0,0,0,0
5067,0,0,0,0,0,0,3,2,1,0,0,0
5068,5,172,124,0,0,0,2,0,0,3,0,0
5069,0,0,0,0,0,0,2,67,0,0,0,0
5070,0,0,0,0,0,0,0,0,0,1,1,16
5071,1,0,0,54,3,462,0,0,0,0,2,0
5072,0,0,0,0,0,0,23,4,0,0,0,0
5073,17,14,142,0,0,0,0,0,0,0,0,0
5074,0,0,0,4,3,175,0,0,0,0,1,0
5075,0,0,0,0,0,0,34,20,7,0,0,0
5076,0,0,0,0,1,104,0,0,0,0,0,0
5077,0,0,0,6,0,1127,0,0,0,0,3,0
5078,21,8,0,0,0,0,0,0,0,0,0,0
5079,0,0,0,0,0,0,0,0,0,4,933,0
5080,0,0,0,54,4,114,0,0,0,0,1,0
5081,0,4,1,0,0,0,0,0,0,0,0,0
5082,0,47,3,0,0,0,0,0,0,0,0,0
5083,0,79,3,0,0,0,0,0,0,0,0,0
5084,2,113,20,0,0,0,0,0,0,0,0,0
5085,0,0,0,2,0,328,0,0,0,0,0,0
5086,2,10,0,0,0,0,0,0,0,0,0,0
5087,0,3,1,0,0,0,0,0,0,0,0,0
5088,0,33,4,0,0,0,0,0,0,0,0,0
5089,1,62,1,0,0,0,0,0,0,0,0,0
5090,0,0,0,0,0,0,0,0,0,2,161,0
5091,0,0,0,0,0,0,0,0,0,2,13,0
5092,0,0,0,3,49,140,0,0,0,0,0,0
5093,0,0,0,0,0,0,0,0,0,6,703,1
5094,45,199,1,1,0,0,0,0,0,0,0,0
5095,0,0,0,7,0,257,0,0,0,0,3,0
5096,2,38,3,0,0,0,0,0,0,0,0,0
5097,6,350,66,0,0,0,1,0,0,0,1,0
5098,0,0,0,5,54,231,0,0,0,0,0,0
5099,0,0,0,4,14,32,0,0,0,0,0,0
5100,0,0,0,0,0,6,0,0,0,0,1882,0
5101,6,338,10,0,0,0,1,0,0,0,0,0
5102,0,0,0,0,0,0,0,0,0,37,546,1
5103,38,16,0,0,0,0,0,0,0,0,0,0
5104,0,0,0,11,8,168,0,0,0,0,1,0
5105,0,0,0,0,0,0,48,4,9,0,0,0
5106,4,279,59,0,0,0,1,0,0,0,0,0
5107,1,48,285,0,0,0,0,0,0,2,0,0
5108,0,0,0,0,0,0,22,244,1,0,0,0
5109,0,0,0,0,0,0,18,19,0,0,0,0
5110,0,0,0,1,0,33,0,0,0,0,0,0
5111,0,12,0,0,0,0,0,0,0,0,0,0
5112,0,187,0,0,0,0,0,0,0,0,0,0
5113,0,40,2,0,0,0,0,0,0,0,0,0
5114,0,1302,1,0,0,0,3,0,0,0,0,0
5115,0,0,0,0,0,0,0,0,0,0,186,0
5116,7,115,3,0,0,0,1,0,0,0,0,0
5117,0,0,0,4,5,31,0,0,0,0,0,0
5118,0,0,0,5,2,3,0,0,0,0,0,0
5119,0,0,0,4,1,43,0,0,0,0,0,0
5120,0,0,0,3,0,2,0,0,0,0,0,0
5121,2,2,0,0,0,0,0,0,0,0,0,0
5122,0,0,0,0,1,228,0,0,0,0,0,0
5123,0,0,0,0,0,0,66,6,0,0,0,0
5124,0,0,0,0,23,26,0,0,0,0,1,0
5125,2,0,0,328,21,126,0,0,0,0,1,0
5126,0,0,0,0,1,841,0,0,0,0,5,0
5127,0,0,0,0,0,6,0,0,0,0,0,0
5128,1,373,0,0,0,0,0,0,0,0,0,0
5129,0,0,0,0,0,0,0,0,0,8,87,0
5130,0,0,0,0,0,0,0,0,0,7,13,0
5131,0,0,0,1,2,75,0,0,0,0,0,0
5132,8,6,1,0,0,0,0,0,0,0,0,0
5133,14,50,41,0,0,0,0,0,0,0,0,0
5134,0,0,0,1,8,63,0,0,0,0,0,0
5135,0,0,0,0,0,0,1,1,0,0,0,0
5136,1,220,22,0,0,0,1,0,0,0,0,0
5137,0,0,0,5,4,147,0,0,0,0,0,0
5138,0,0,0,0,1,0,44,301,5,0,0,0
5139,0,43,19,0,0,0,2,0,0,0,0,0
5140,0,0,6,0,0,3,0,0,0,893,811,0
5141,3,39,3,0,0,0,0,0,0,0,0,0
5142,0,0,0,0,0,0,0,0,0,17,385,0
5143,0,0,0,18,44,124,0,0,0,0,0,0
5144,0,0,0,0,0,27,0,0,0,18,7515,7
5145,0,0,0,7,0,20,0,0,0,0,0,0
5146,0,653,6,0,0,0,0,0,0,0,0,0
5147,0,0,0,0,0,0,0,0,0,16,692,18
5148,0,0,0,0,1,0,205,155,4,0,0,0
5149,0,0,0,0,9,37,0,0,0,0,0,0
5150,0,1,0,0,0,0,363,212,2,0,0,0
5151,0,0,0,0,8,93,0,0,0,0,0,0
5152,0,0,0,30,9,182,0,0,0,0,1,0
5153,0,0,0,0,0,0,0,0,0,0,0,0
5154,0,1,0,0,0,0,0,0,0,0,0,0
5155,0,1,0,0,0,0,257,56,1,0,0,0
5156,0,0,0,0,292,0,38,376,1,0,0,0
5157,0,0,0,0,0,0,0,0,0,0,420,0
5158,0,0,0,39,19,313,0,0,0,0,1,0
5159,0,0,0,5,12,72,0,0,0,0,0,0
5160,0,0,0,4,0,30,0,0,0,0,0,0
5161,0,0,0,33,1,52,0,0,0,0,1,0
5162,0,0,0,0,1,0,53,62,0,0,0,0
5163,7,96,43,0,0,0,0,0,0,0,0,0
5164,0,2,0,0,249,0,237,19292,1,0,0,0
5165,0,0,0,0,0,45,0,0,0,0,0,0
5166,0,3,3,0,0,0,0,0,0,0,0,0
5167,0,0,0,0,0,1,0,0,0,0,471,0
5168,0,0,0,0,0,21,0,0,0,0,0,0
5169,1,0,0,0,0,0,0,0,0,0,0,0
5170,0,0,0,0,0,7,0,0,0,0,3251,1
5171,0,0,0,0,0,1,0,0,0,18,196,2
5172,1,13,0,0,0,0,0,0,0,0,0,0
5173,0,0,0,0,0,13,0,0,0,15,2264,0
5174,2,48,0,0,0,0,0,0,0,0,0,0
5175,0,0,0,0,0,15,0,0,0,8,2403,1
5176,6,59,7,0,0,0,0,0,0,0,0,0
5177,1,36,19,0,0,0,0,0,0,0,0,0
5178,8,0,0,0,0,16,0,0,0,147,1095,1
5179,0,0,0,70,51,336,0,0,0,0,1,0
5180,0,26,0,0,0,0,1381,5,8,0,0,0
5181,5,5,12,0,0,0,0,0,0,0,0,0
5182,1,0,0,23,11,805,0,0,0,0,1,0
5183,0,0,0,0,0,20,0,0,0,20,5185,0
5184,0,0,2,1,3,1331,0,0,1,468,110141,4
5185,0,0,0,8,1,46,0,0,0,0,0,0
5186,0,232,0,0,0,0,0,0,0,0,0,0
5187,0,0,0,0,0,0,1,1,2,0,0,0
5188,0,0,0,1,0,46,0,0,0,0,0,0
5189,0,0,0,0,1,2,0,0,0,0,0,0
5190,0,0,0,0,0,2,0,0,0,0,0,0
5191,0,0,0,0,1,30,0,0,0,0,0,0
5192,0,0,0,0,0,47,0,0,0,68,4243,0
5193,0,0,0,32,2,0,0,0,0,0,0,0
5194,0,0,0,0,12,0,390,1189,4,0,0,0
5195,0,0,0,0,0,0,1,47,0,0,0,0
5196,0,0,0,0,0,0,0,4,0,0,0,0
5197,0,0,0,0,0,202,0,0,0,0,0,0
5198,0,0,1,0,0,0,0,0,0,0,0,0
5199,0,0,0,0,0,0,5,2,0,0,0,0
5200,0,2,0,0,0,0,305,5,0,0,0,0
5201,0,0,0,0,0,5,0,0,0,0,0,0
5202,0,12,0,0,0,0,0,0,0,0,0,0
5203,0,0,0,0,0,6,0,0,0,0,1699,0
5204,0,58,2,0,0,0,0,0,0,0,0,0
5205,0,0,0,0,0,43,0,0,0,0,0,0
5206,0,0,0,0,4,0,222,790,71,0,2,0
5207,0,0,0,0,0,1,0,0,0,0,0,0
5208,0,0,0,0,0,0,0,0,0,1,4,0
5209,44,130,18,0,0,0,0,0,0,0,0,0
5210,0,1,0,0,0,0,160,120,0,0,0,0
5211,0,0,0,0,0,0,0,0,0,1,155,0
5212,39,286,15,0,0,0,1,0,0,0,0,0
5213,0,0,0,0,0,262,0,0,0,0,2,0
5214,0,0,0,0,0,5,0,0,0,0,0,0
5215,1,33,0,0,0,0,0,0,0,0,0,0
5216,0,0,5,0,0,0,0,0,0,0,0,0
5217,3,79,10,0,0,0,0,0,0,0,0,0
5218,0,0,0,9,38,883,0,1,0,0,69,0
5219,0,0,0,0,0,0,0,0,0,14,135,2
5220,22,90,1,0,0,0,0,0,0,0,0,0
5221,0,0,0,0,0,9,0,0,0,32,2595,2
5222,2,15,2,0,0,0,0,0,0,0,0,0
5223,0,0,0,0,0,0,0,0,0,1,268,0
5224,0,0,0,9,2,244,0,0,0,0,0,0
5225,2,13,2,0,0,0,0,0,0,0,0,0
5226,7,31,33,0,0,0,0,0,0,0,0,0
5227,4,81,8,0,0,0,0,0,0,0,0,0
5228,0,4,12,0,0,0,0,0,0,0,0,0
5229,17,101,6,0,0,0,1,0,0,0,0,0
5230,0,8,0,0,144,1,287,8308,82,0,0,0
5231,0,0,0,0,1,2,0,0,0,0,0,0
5232,0,0,0,0,0,0,0,3,0,0,0,0
5233,0,0,0,0,0,0,0,3,0,0,0,0
5234,1,974,50,0,0,0,6,0,0,0,0,0
5235,5,575,25,0,0,0,19,0,0,0,0,0
5236,3,368,19,0,0,0,0,0,0,0,0,0
5237,0,0,0,1,0,1,0,0,0,0,0,0
5238,0,2,1,0,0,0,0,0,0,0,0,0
5239,0,0,0,0,0,34,0,0,0,1,4274,0
5240,0,0,0,0,0,1,0,0,0,33,430,11
5241,0,0,0,0,0,10,0,0,0,5,1574,1
5242,18,76,8,0,0,0,1,0,0,0,0,0
5243,0,0,0,0,0,0,0,0,0,0,2,1
5244,81,6,0,0,0,0,0,0,0,0,0,0
5245,2,36,41,0,0,0,0,0,0,0,0,0
5246,0,0,0,0,0,0,75,3,0,0,0,0
5247,0,0,0,0,3,4,0,0,0,0,0,0
5248,0,0,0,6,0,470,0,0,0,0,0,0
5249,5,32,0,0,0,0,0,0,0,0,0,0
5250,1,1317,74,0,0,0,18,0,0,1,0,0
5251,0,0,0,0,1,132,0,0,0,0,0,0
5252,0,1,0,0,0,0,48,34,4,0,0,0
5253,0,0,0,0,0,0,105,2,1,0,0,0
5254,0,0,0,0,3,10,0,0,0,0,0,0
5255,0,0,0,1,1,137,0,0,0,0,3,0
5256,0,0,0,0,0,1,0,0,0,0,0,0
5257,0,0,0,0,0,0,0,0,0,0,0,0
5258,2,6,0,0,0,0,0,0,0,0,0,0
5259,0,0,0,0,0,11,0,0,0,1,904,0
5260,14,0,0,1394,7,30,0,0,0,0,0,0
5261,0,0,0,1,13,3,0,0,0,0,0,0
5262,0,0,0,0,0,0,0,0,0,2,6,5
5263,0,0,0,4,4,104,0,0,0,0,0,0
5264,1,216,3,0,0,0,1,0,0,0,0,0
5265,0,0,0,0,0,0,0,0,0,0,0,0
5266,0,0,0,22,0,73,0,0,0,0,0,0
5267,1,14,0,0,0,0,0,0,0,0,0,0
5268,18,72,11,1,0,0,0,0,0,0,0,0
5269,11,137,201,0,0,0,1,0,0,2,0,0
5270,0,0,0,0,3,2,0,0,0,0,0,0
5271,0,2,0,0,0,0,3,4,2,0,0,0
5272,0,0,0,0,0,0,2,16,1,0,0,0
5273,0,4,0,0,1,0,399,67,9,0,0,0
5274,0,0,0,0,0,2,0,0,0,47,757,1
5275,177,94,30,1,0,0,0,0,0,0,0,0
5276,0,0,0,0,1,0,37,96,2,0,0,0
5277,1,147,241,0,0,0,0,0,0,8,0,0
5278,0,0,0,2,3,1027,0,0,0,0,47,0
5279,0,31,0,0,0,0,0,0,0,0,0,0
5280,0,36,1,0,0,0,0,0,0,0,0,0
5281,0,0,0,0,0,2,0,0,0,0,1962,0
5282,0,2,0,0,0,0,0,0,0,0,0,0
5283,0,6,0,0,0,0,0,0,0,0,0,0
5284,0,0,0,0,0,69,0,0,0,0,6463,0
5285,0,0,0,0,1,2,0,0,0,0,0,0
5286,0,0,0,0,0,0,1,3,0,0,0,0
5287,0,0,0,0,0,78,0,0,0,0,0,0
5288,0,0,0,0,0,19,0,0,0,0,0,0
5289,2,49,0,0,0,0,0,0,0,0,0,0
5290,0,0,0,0,0,362,0,0,0,0,1,0
5291,0,0,4,0,0,0,0,0,0,51,4,4
5292,0,0,0,0,0,1,0,0,0,0,0,0
5293,5,0,0,117,1,233,0,0,0,0,4,0
5294,0,2,0,0,0,0,108,29,2,0,0,0
5295,0,0,0,0,0,0,0,0,0,1,14,0
5296,0,0,0,0,0,0,0,0,0,100,523,0
5297,0,128,0,0,0,0,0,0,0,0,0,0
5298,0,0,0,0,2,1,0,0,0,78,422,9
5299,0,0,0,20,7,114,0,0,0,0,0,0
5300,0,0,0,0,44,0,94,4613,1,0,0,0
5301,0,0,0,0,0,18,0,0,0,1,2813,0
5302,90,536,19,0,0,0,0,0,0,0,0,0
5303,0,0,0,3,19,87,0,0,0,0,1,0
5304,0,0,0,0,15,0,0,0,0,0,0,0
5305,0,9,0,0,0,0,1347,533,335,0,1,0
5306,0,0,0,1,0,121,0,0,0,0,0,0
5307,0,0,0,0,0,0,0,0,0,0,0,0
5308,0,150,0,0,0,0,0,0,0,0,0,0
5309,0,109,0,0,0,0,0,0,0,0,0,0
5310,0,0,0,0,0,20,0,0,0,5,4050,0
5311,4,94,2,0,0,0,1,0,0,0,0,0
5312,0,0,14,0,0,0,0,0,0,918,245,2
5313,0,0,0,0,1,3,0,0,0,0,0,0
5314,0,0,0,0,0,4,0,0,0,44,813,1
5315,0,0,0,0,0,0,0,0,0,0,1,0
5316,3,1,0,0,0,0,0,0,0,0,0,0
5317,0,61,0,0,0,0,0,0,0,0,0,0
5318,0,0,0,0,0,0,0,0,0,0,2,0
5319,1,1,0,0,0,0,0,0,0,0,0,0
5320,0,189,4,0,0,0,0,0,0,0,0,0
5321,4,95,40,0,0,0,1,0,0,1,0,0
5322,1,0,0,24,0,5,0,0,0,0,0,0
5323,8,29,25,0,0,0,0,0,0,0,0,0
5324,0,0,0,0,0,0,7,3,1,0,0,0
5325,2,14,11,0,0,0,0,0,0,0,0,0
5326,0,0,0,0,0,1,165,584,1,0,0,0
5327,0,0,0,1,9,65,0,0,0,0,0,0
5328,0,0,0,0,1,3,0,0,0,0,0,0
5329,0,0,0,0,0,0,77,36,1,0,0,0
5330,0,0,44,0,0,0,0,0,0,21,0,0
5331,0,57,1,0,0,0,0,0,0,0,0,0
5332,0,0,0,0,0,0,110,9,1,0,0,0
5333,0,0,0,0,0,24,0,0,0,0,0,0
5334,0,0,0,2,0,0,0,0,0,0,0,0
5335,0,0,0,14,0,92,0,0,0,0,0,0
5336,17,39,2,0,0,0,2,0,0,0,0,0
5337,2,140,24,0,0,0,1,0,0,0,0,0
5338,0,0,0,16,21,602,0,0,0,0,2,0
5339,0,0,2,0,0,4,0,0,0,100,2264,3
5340,0,0,0,0,0,0,0,0,0,8,91,0
5341,4,40,4,0,0,0,0,0,0,0,0,0
5342,0,0,0,0,0,0,0,0,0,7,71,0
5343,0,0,1,0,0,0,0,0,0,39,183,0
5344,0,0,0,42,42,154,0,0,0,0,1,0
5345,0,0,0,0,0,0,4,85,2,0,0,0
5346,0,0,0,0,0,0,0,0,0,0,43,0
5347,0,0,0,8,79,159,0,0,0,0,0,0
5348,0,0,0,0,0,1,0,0,0,30,788,0
5349,0,0,0,0,0,0,0,0,0,0,0,0
5350,0,156,4,0,0,0,1,0,0,0,0,0
5351,0,0,0,0,0,0,0,0,0,0,2,0
5352,4,3,0,0,0,0,0,0,0,0,0,0
5353,0,385,0,0,0,0,1,0,0,0,0,0
5354,0,0,0,0,0,0,0,5,1,0,0,0
5355,0,2,0,0,0,0,0,0,0,0,0,0
5356,0,0,0,29,7,347,0,0,0,0,0,0
5357,0,0,0,0,0,0,3,87,1,0,0,0
5358,0,0,0,0,0,0,0,0,0,0,26,0
5359,0,0,0,1,401,74,0,0,0,0,0,0
5360,0,0,0,0,0,2,0,0,0,0,0,0
5361,1,4,0,0,0,0,0,0,0,0,0,0
5362,0,0,0,0,0,104,0,0,0,0,0,0
5363,0,0,0,0,0,1,0,0,0,0,0,0
5364,0,0,0,0,0,0,0,0,0,0,0,0
5365,0,0,0,0,0,35,0,0,0,0,4841,0
5366,0,99,10,0,0,0,0,0,0,0,0,0
5367,0,0,0,0,0,0,25,8,0,0,0,0
5368,16,123,51,0,0,0,0,0,0,0,0,0
5369,0,0,0,0,0,0,1,79,0,0,0,0
5370,0,0,0,0,0,0,0,0,0,0,2,0
5371,1482,95,2,9,0,0,0,0,0,0,0,0
5372,0,0,57,0,0,0,0,0,0,0,0,0
5373,0,0,0,0,0,0,31,2,0,0,0,0
5374,0,4,0,0,0,0,460,0,0,0,0,0
5375,0,0,0,0,0,0,0,5,0,0,0,0
5376,0,0,0,0,0,0,0,0,0,0,63,5
5377,0,0,0,59,2,58,0,0,0,0,0,0
5378,0,0,0,0,0,0,181,65,0,0,0,0
5379,0,0,0,0,0,0,1,0,10,0,0,0
5380,0,0,0,6,1,133,0,0,0,0,0,0
5381,0,0,0,0,0,0,8,0,1,0,0,0
5382,4,0,9,0,0,0,0,0,0,0,0,0
5383,79,113,44,0,0,0,0,0,0,0,0,0
5384,0,0,0,0,0,0,21,33,1,0,0,0
5385,0,0,0,0,0,0,0,0,0,0,54,45
5386,2,0,0,98,50014,266,8,26,0,0,0,0
5387,0,0,0,0,0,0,95,218,5,0,0,0
5388,0,13,1012,0,0,0,0,0,0,315013,198,15
5389,0,0,0,7,2,114,0,0,0,0,0,0
5390,0,40,1,0,0,0,0,0,0,0,0,0
5391,0,68,7,0,0,0,0,0,0,0,0,0
5392,0,0,0,0,0,27,0,0,0,19,7705,1
5393,0,0,0,4,4,113,0,0,0,0,0,0
5394,0,0,0,1,2,2,0,0,0,0,0,0
5395,0,0,0,2,23,54,0,0,0,0,0,0
5396,0,0,0,11,0,1,0,0,0,0,0,0
5397,0,0,0,0,0,0,0,2,0,0,0,0
5398,0,0,0,0,0,47,0,0,0,0,0,0
5399,0,0,0,0,0,0,1,5,2,0,0,0
5400,0,0,0,0,0,0,0,0,0,0,3,0
5401,6,18,171,0,0,0,0,0,0,0,0,0
5402,0,0,0,0,0,0,0,0,0,25,26,0
5403,0,0,0,0,1,1,0,0,0,0,0,0
5404,0,0,0,8,39,66,0,0,0,0,0,0
5405,1,340,13,0,0,0,1,0,0,0,0,0
5406,0,0,0,0,5,58,0,0,0,0,0,0
5407,0,0,0,0,0,2,0,0,0,54,603,0
5408,0,0,0,18,29,72,0,0,0,0,1,0
5409,0,0,0,0,0,1,0,0,0,0,0,0
5410,83,111,2,0,0,0,0,0,0,0,0,0
5411,0,0,0,0,0,0,108,132,3,0,0,0
5412,0,0,0,0,0,0,0,0,0,2,95,0
5413,0,0,0,0,0,2,0,0,0,81,314,13
5414,0,0,0,0,0,27,0,0,0,0,0,0
5415,2,1,0,0,0,0,0,0,0,0,0,0
5416,0,0,0,0,0,0,0,0,0,0,256,0
5417,0,0,0,8,2,1,0,0,0,0,0,0
5418,0,0,0,0,0,0,68,1,0,0,0,0
5419,0,0,0,0,0,31,0,0,0,0,0,0
5420,6,30,1,0,0,0,0,0,0,0,0,0
5421,1,123,53,0,0,0,2,0,0,0,0,0
5422,0,0,0,3,363,1632,0,2,0,0,2,0
5423,0,1,0,0,0,0,0,0,0,0,0,0
5424,4,62,4,0,0,0,1,0,0,0,0,0
5425,0,0,0,0,0,0,70,887,22,0,0,0
5426,0,36,67,0,0,0,0,0,0,0,0,0
5427,0,0,0,0,0,2,0,0,0,8,612,1
5428,29,150,11,0,0,0,1,0,0,0,0,0
5429,0,0,0,0,0,0,263,15,0,0,0,0
5430,0,0,0,0,0,0,0,0,0,0,0,0
5431,9,716,4,0,0,0,3,0,0,0,0,0
5432,0,0,0,0,1,0,65,63,0,0,0,0
5433,0,0,0,0,0,0,12,3,2,0,0,0
5434,0,0,0,2,6,80,0,0,0,0,0,0
5435,0,0,0,0,0,0,19,1,2,0,0,0
5436,43,118,202,0,0,0,0,0,0,1,0,0
5437,0,0,0,0,33,0,57,9734,0,0,0,0
5438,0,0,0,1,7,47,0,0,0,0,0,0
5439,0,0,0,0,0,20,0,0,0,0,0,0
5440,14,167,3,0,0,0,0,0,0,0,0,0
5441,0,1,0,0,11,0,127,180,0,0,0,0
5442,0,0,0,0,0,0,0,1,1,0,0,0
5443,0,0,0,3,2,36,0,0,0,0,0,0
5444,0,0,0,0,0,0,2,2,0,0,0,0
5445,1,8,5,0,0,0,0,0,0,0,0,0
5446,0,0,0,5,1,143,0,0,0,0,0,0
5447,0,0,0,0,0,0,184,15,1,0,0,0
5448,0,0,0,1,0,70,0,0,0,0,0,0
5449,0,0,0,40,0,250,0,0,0,0,0,0
5450,1,0,10,0,0,0,0,0,0,0,0,0
5451,0,0,0,0,0,0,17,0,0,0,0,0
5452,0,406,0,0,0,0,1,0,0,0,0,0
5453,0,2,0,0,0,0,7,0,3,0,0,0
5454,4,14,20,0,0,0,0,0,0,0,0,0
5455,5,37,10,0,0,0,0,0,0,1,0,0
5456,0,36,0,0,0,0,0,0,0,0,0,0
5457,0,0,0,0,0,1,0,0,0,0,307,0
5458,11,18,12,0,0,0,0,0,0,0,0,0
5459,1,12,31,0,0,0,0,0,0,0,0,0
5460,0,0,0,0,0,4,0,0,0,0,0,0
5461,0,0,0,0,0,0,32,274,45,0,0,0
5462,60,305,698,0,0,0,2,0,0,3,0,0
5463,0,0,0,0,0,0,56,263,10,0,0,0
5464,0,0,0,1,4,20,0,0,0,0,0,0
5465,0,0,0,7,0,196,0,0,0,0,0,0
5466,26,107,0,0,0,0,0,0,0,0,0,0
5467,0,0,0,0,0,2,0,0,0,0,1699,0
5468,0,0,0,0,100,89,0,0,0,0,0,0
5469,0,0,0,0,0,1,0,0,0,0,0,0
5470,0,1,0,0,0,0,260,3,0,0,0,0
5471,0,0,0,0,1,117,0,0,0,0,0,0
5472,0,0,0,3,6,3,0,0,0,0,0,0
5473,0,0,0,5,48,244,0,0,0,0,0,0
5474,0,0,0,0,0,0,0,0,0,34,2,2
5475,25,168,6,0,0,0,0,0,0,0,0,0
5476,1,70,21,0,0,0,1,0,0,0,0,0
5477,0,0,0,0,0,1,0,0,0,1,597,0
5478,2,161,0,0,0,0,0,0,0,0,0,0
5479,0,0,0,14,15,193,0,0,0,0,2,0
5480,0,0,0,0,0,0,161,14,0,0,0,0
5481,0,0,0,0,0,0,0,0,0,3,118,0
5482,0,0,0,0,0,1,0,0,0,30,485,2
5483,20,24,16,0,0,0,0,0,0,0,0,0
5484,3,101,39,0,0,0,0,0,0,0,0,0
5485,0,0,0,12,13,165,0,0,0,0,3,0
5486,0,0,0,5,71,16,0,0,0,0,0,0
5487,0,0,0,0,0,3,0,0,0,0,0,0
5488,1,1108,0,0,0,0,6,0,0,0,0,0
5489,0,0,0,0,0,0,105,34,1,0,0,0
5490,2,112,8,0,0,0,0,0,0,0,0,0
5491,0,0,0,1,82,199,0,0,0,0,1,0
5492,0,0,0,2,29,25,0,0,0,0,0,0
5493,0,0,0,0,0,0,0,0,0,7,216,2
5494,0,0,0,2,4,110,0,0,0,0,0,0
5495,0,0,0,13,0,0,0,0,0,0,0,0
5496,0,0,0,0,1,0,247,104,1,0,0,0
5497,0,0,0,0,0,44,0,0,0,1,7858,2
5498,0,17,1,0,0,0,0,0,0,0,0,0
5499,64,48,30,0,0,0,0,0,0,0,0,0
5500,1,41,2,0,0,0,1,0,0,0,0,0
5501,0,82,26,0,0,0,0,0,0,0,0,0
5502,0,0,0,0,0,0,3,0,0,0,0,0
5503,9,62,56,0,0,0,0,0,0,0,0,0
5504,0,1,0,0,0,0,321,10,0,0,0,0
5505,0,0,0,0,0,14,0,0,0,0,0,0
5506,0,0,0,0,0,1,0,0,0,16,366,1
5507,0,0,0,343,52,134,0,1,0,0,1,0
5508,0,0,0,0,49,47,0,0,0,0,0,0
5509,1,0,0,0,0,0,806,85,8,0,0,0
5510,1,27,3,0,0,0,0,0,0,0,0,0
5511,0,162,9,0,0,0,1,0,0,0,0,0
5512,0,0,1,0,0,35,0,0,0,56,11851,0
5513,0,0,0,0,0,0,573,78,16,0,0,0
5514,0,0,0,3,0,906,0,0,0,0,7,0
5515,0,0,0,0,3,0,133,7091,0,0,0,0
5516,0,0,0,0,0,0,39,89,0,0,0,0
5517,0,0,0,0,1,14,0,0,0,0,0,0
5518,0,1,0,0,1,0,197,208,3,0,0,0
5519,0,0,0,0,0,3,0,0,0,0,0,0
5520,0,0,0,0,0,0,0,1,0,0,0,0
5521,0,0,0,0,0,69,0,0,0,0,0,0
5522,0,20,0,0,0,0,0,0,0,0,0,0
5523,102,48,9,1,0,0,0,0,0,0,0,0
5524,0,85,2,0,0,0,0,0,0,0,0,0
5525,2,82,0,0,0,0,0,0,0,0,0,0
5526,0,0,14,0,0,15,0,0,0,1263,4490,2
5527,0,0,0,28,330,82,0,1,0,0,0,0
5528,0,0,0,1,0,2,0,0,0,0,0,0
5529,0,0,0,0,0,0,0,1,0,0,0,0
5530,0,0,0,0,0,88,0,0,0,0,0,0
5531,0,0,0,0,0,0,25,2,2,0,0,0
5532,0,0,0,0,0,0,2,20,0,0,0,0
5533,21,299,45,0,0,0,0,0,0,0,0,0
5534,0,0,1,0,0,0,0,0,0,8,0,6
5535,257,61,15,0,0,0,0,0,0,0,0,0
5536,2,296,5,0,0,0,0,0,0,0,0,0
5537,0,0,0,0,0,0,0,0,0,68,0,9
5538,19,102,0,0,0,0,0,0,0,0,0,0
5539,0,7,0,0,20,0,1399,1833,1,0,0,0
5540,0,0,0,0,0,0,0,0,0,11,0,0
5541,328,91,32,0,0,0,0,0,0,3,0,0
5542,0,3,0,0,1,0,138,296,37,0,0,0
5543,2,58,0,0,0,0,0,0,0,0,0,0
5544,0,0,0,0,0,1,0,0,0,62,2140,1
5545,245,56,5,2,0,0,0,0,0,0,0,0
5546,0,56,1,0,0,0,0,0,0,0,0,0
5547,0,0,0,0,0,1,0,0,0,26,637,3
5548,0,0,0,0,0,4,0,0,0,45,1160,0
5549,0,0,0,0,0,0,0,0,0,75,277,4
5550,0,0,0,4,10,1,0,0,0,0,0,0
5551,0,0,0,13,0,87,0,0,0,0,1,0
5552,0,15,0,0,0,0,0,0,0,0,0,0
5553,21,642,63,0,0,0,1,0,0,0,0,0
5554,0,0,0,0,10,0,236,1318,2,0,0,0
5555,0,2,0,0,0,0,180,54,0,0,0,0
5556,0,0,0,0,0,0,45,1,0,0,0,0
5557,0,0,0,0,0,106,0,0,0,0,1,0
5558,0,0,0,0,0,0,484,44,0,0,0,0
5559,0,0,0,0,7,18,0,0,0,0,0,0
5560,90,252,8,1,0,0,1,0,0,0,0,0
5561,0,0,0,0,0,0,91,0,2,0,0,0
5562,0,62,99,0,0,0,0,0,0,0,0,0
5563,69,124,25,2,0,0,1,0,0,0,0,0
5564,0,0,0,0,0,0,21,53,1,0,0,0
5565,0,0,0,0,0,0,0,0,0,1,10,1
5566,3,0,0,513,40,767,0,2,0,0,3,0
5567,0,1,0,0,0,0,409,1,1,0,0,0
5568,0,0,0,0,0,0,0,0,0,0,0,0
5569,0,0,0,0,2,78,0,0,0,0,0,0
5570,9,879,0,0,0,0,4,0,0,0,0,0
5571,0,0,0,5,0,51,0,0,0,0,1,0
5572,0,22,0,0,22,0,274,1440,3,0,0,0
5573,0,0,0,20,0,169,0,0,0,0,13,0
5574,4,41,8,0,0,0,0,0,0,0,0,0
5575,0,0,0,0,0,14,0,0,0,2,2547,1
5576,5,99,6,0,0,0,1,0,0,0,0,0
5577,0,0,0,5,3,624,0,0,0,0,17,0
5578,0,3,0,0,0,0,250,136,8,0,0,0
5579,0,0,0,0,0,0,13,1,1,0,0,0
5580,0,0,0,0,0,0,20,2,1,0,0,0
5581,0,0,0,0,0,125,0,0,0,121,6461,14
5582,21,134,4,0,0,0,2,0,0,0,0,0
5583,0,0,0,0,0,1,0,0,0,5,345,0
5584,1,107819,10,6,0,0,31477,1155,15,1,0,0
5585,0,0,0,0,0,0,0,0,0,142,8,1
5586,0,0,0,3,13,44,0,0,0,0,0,0
5587,0,0,0,5,1,36,0,0,0,0,0,0
5588,0,0,0,0,10,0,0,0,0,0,0,0
5589,0,0,0,0,0,0,0,0,0,0,11,1
5590,0,0,0,5,4,106,0,0,0,0,0,0
5591,0,0,0,0,0,8,0,0,0,0,0,0
5592,1,0,0,0,0,0,0,0,0,0,0,0
5593,0,0,0,0,0,147,0,0,0,0,0,0
5594,0,0,0,0,0,0,37,1,0,0,0,0
5595,5,144,53,0,0,0,0,0,0,0,0,0
5596,0,49,8,0,0,0,0,0,0,0,0,0
5597,0,0,0,0,0,0,0,0,0,8,2,5
5598,5,27,0,1,0,0,0,0,0,0,0,0
5599,6,65,17,0,0,0,0,0,0,0,0,0
5600,0,0,0,3,17,148,0,0,0,0,1,0
5601,0,0,0,2,1,1,0,0,0,0,0,0
5602,0,0,0,11,0,176,0,0,0,0,1,0
5603,1,0,2,0,0,0,0,0,0,0,0,0
5604,1,96,0,0,0,0,0,0,0,0,0,0
5605,0,0,0,0,0,0,88,0,0,0,0,0
5606,0,19,23,0,0,0,0,0,0,1,0,0
5607,5,521,9,0,0,0,15,0,0,0,0,0
5608,28,862,38,0,0,0,3,0,0,0,0,0
5609,0,0,0,0,0,0,10,5,0,0,0,0
5610,0,0,0,0,0,0,0,0,0,0,0,0
5611,0,0,0,0,0,29,0,0,0,0,0,0
5612,0,1,0,0,2,0,338,2008,0,0,0,0
5613,0,0,0,1,0,11,0,0,0,0,0,0
5614,0,0,0,22,17,122,0,0,0,0,0,0
5615,0,0,0,0,0,0,0,0,0,8,3,0
5616,3,95,0,0,0,0,0,0,0,0,0,0
5617,0,0,0,0,0,0,100,167,1,0,0,0
5618,25,157,20,0,0,0,0,0,0,0,0,0
5619,0,0,0,4,0,886,0,0,0,0,6,0
5620,1,94,3,0,0,0,0,0,0,0,0,0
5621,0,0,0,0,0,9,0,0,0,61,1688,0
5622,0,0,0,0,0,20,0,0,0,97,5315,0
5623,0,0,0,5,8,48,0,0,0,0,0,0
5624,0,0,0,0,0,0,0,0,0,0,0,0
5625,0,0,0,0,0,0,0,0,0,0,0,0
5626,0,0,0,0,0,33,0,0,0,0,0,0
5627,2,60,4,0,0,0,0,0,0,0,0,0
5628,0,0,0,0,0,39,0,0,0,24,2819,1
5629,0,1,0,0,10052,0,355,12126,7,0,0,0
5630,0,0,0,0,0,3,0,0,0,0,0,0
5631,0,0,0,0,0,0,0,2,0,0,0,0
5632,0,0,0,0,0,62,0,0,0,0,0,0
5633,0,0,0,0,0,0,33,2,1,0,0,0
5634,0,0,0,0,0,0,7,2,0,0,0,0
5635,0,0,0,1,0,56,0,0,0,0,1,0
5636,1,38,0,0,0,0,0,0,0,0,0,0
5637,1,55,21,0,0,0,0,0,0,0,0,0
5638,0,3888,2,0,0,0,19,2,0,0,0,0
5639,0,0,0,0,0,0,0,0,0,18,0,1
5640,8,114,12,0,0,0,1,0,0,0,0,0
5641,7,73,147,0,0,0,1,0,0,0,0,0
5642,0,0,0,0,0,0,3,22,1,0,0,0
5643,0,0,0,0,0,0,0,0,0,0,158,0
5644,0,0,0,4,1,1043,0,0,0,0,34,0
5645,1,15,2,0,0,0,0,0,0,0,0,0
5646,0,0,0,0,0,5,0,0,0,44,1092,10
5647,8,65,1,0,0,0,0,0,0,0,0,0
5648,0,18,19662,0,0,0,0,0,0,104,0,0
5649,9,19,222,0,0,0,0,0,0,1,1,0
5650,39,500,11,0,0,0,1,0,0,0,0,0
5651,0,0,0,1,0,3,0,0,0,0,0,0
5652,0,0,0,0,0,0,0,0,0,0,0,0
5653,0,0,0,0,0,2100,0,0,0,0,7,0
5654,0,0,0,1,0,9,0,0,0,19,3239,6
5655,0,0,0,0,0,1,0,0,0,0,0,0
5656,1,22,0,0,0,0,0,0,0,0,0,0
5657,0,2,0,0,0,0,179,307,2,0,0,0
5658,0,0,0,5,1,76,0,0,0,0,0,0
5659,1,45,2,0,0,0,0,0,0,0,0,0
5660,0,0,0,0,0,0,0,0,0,16,0,1
5661,217,291,0,2,0,0,0,0,0,0,0,0
5662,0,42,2,0,0,0,0,0,0,0,0,0
5663,0,0,0,0,0,0,0,0,0,0,1,0
5664,0,2,0,0,0,0,0,0,0,0,0,0
5665,0,0,0,0,0,0,242,0,0,0,0,0
5666,0,0,0,0,0,0,64,0,0,0,0,0
5667,11,62,17,0,0,0,1,0,0,0,0,0
5668,0,0,0,0,0,0,254,278,4,0,0,0
5669,0,0,0,0,6,0,0,0,0,0,0,0
5670,0,0,0,0,0,0,0,0,0,1,5,0
5671,18,150,23,0,0,0,2,0,0,0,0,0
5672,0,0,0,0,0,3,0,0,0,94,2500,8
5673,0,0,1,0,0,0,0,0,0,94,567,1
5674,0,0,0,3,10,98,0,0,0,0,8,0
5675,0,0,0,0,3,1,0,0,0,0,0,0
5676,0,0,0,0,0,2,0,0,0,0,0,0
5677,0,0,0,0,0,31,0,0,0,0,3,0
5678,0,0,0,0,0,0,158,4,2,0,0,0
5679,0,0,0,0,0,14,0,0,0,0,0,0
5680,0,0,0,11,1,41,0,0,0,0,0,0
5681,2,188,27,0,0,0,0,0,0,0,0,0
5682,0,0,0,2,1,1,0,0,0,0,0,0
5683,0,0,0,0,0,0,28,50,2,0,0,0
5684,8,1,61,0,0,0,0,0,0,0,0,0
5685,0,0,0,0,0,0,0,0,0,0,0,0
5686,0,0,0,0,0,0,2,1,1,0,0,0
5687,0,0,0,1,0,1,0,0,0,0,0,0
5688,0,0,0,0,0,0,0,0,0,0,2,0
5689,171,607,20,0,0,0,7,0,0,0,0,0
5690,0,6,0,0,0,0,927,61,1,0,0,0
5691,0,0,0,0,0,2,0,0,0,16,518,4
5692,3,60,1,0,0,0,0,0,0,0,0,0
5693,0,0,0,0,0,9,0,0,0,115,757,0
5694,0,0,1,0,0,4,0,0,0,14,1159,1
5695,2,122,3,0,0,0,1,0,0,0,0,0
5696,0,0,0,0,0,0,0,0,0,1,116,0
5697,0,0,0,0,0,0,0,0,0,6,131,0
5698,0,0,0,69,16,145,0,0,0,0,1,0
5699,0,0,0,0,0,0,150,119,1,0,0,0
5700,0,0,4,0,0,1,0,0,0,311,798,1
5701,0,0,0,33,45,158,0,0,0,0,0,0
5702,0,0,0,0,0,0,0,0,0,11,0,7
5703,265,73,47,1,0,0,1,0,0,0,0,0
5704,0,0,0,0,3,0,316,802,86,0,0,1
5705,0,0,0,35,0,16,0,0,0,0,0,0
5706,0,350,4,0,0,0,0,0,0,0,0,0
5707,0,0,0,0,0,621,0,0,0,0,1,0
5708,0,0,0,0,0,0,41,1,13,0,0,0
5709,4,28,26,0,0,0,0,0,0,0,0,0
5710,1,45,1,0,0,0,0,0,0,0,0,0
5711,0,0,0,0,0,0,0,0,0,17,20,1
5712,0,0,0,0,0,0,0,0,0,0,0,0
5713,0,0,0,2,0,457,0,0,0,0,0,0
5714,0,24,3,0,0,0,0,0,0,0,0,0
5715,3,132,24,0,0,0,0,0,0,0,0,0
5716,0,2,0,0,1,0,225,368,0,0,0,0
5717,0,0,0,0,0,5,0,0,0,4,854,1
5718,34,169,16,0,0,0,0,0,0,0,0,0
5719,0,0,0,46,13,111,0,0,0,0,0,0
5720,0,0,0,0,0,0,65,11,0,0,0,0
5721,0,0,0,0,0,0,102,5,1,0,0,0
5722,0,0,0,0,0,85,0,0,0,0,0,0
5723,2,82,0,0,0,0,0,0,0,0,0,0
5724,0,0,0,0,0,5,0,0,0,1,1414,7
5725,12,136,28,0,0,0,0,0,0,0,0,0
5726,0,0,0,1,0,1,0,0,0,0,0,0
5727,0,0,0,0,0,1,0,0,0,0,0,0
5728,0,0,0,0,0,110,0,0,0,0,0,0
5729,0,32,0,0,0,0,1,0,0,0,0,0
5730,0,0,2,0,0,15,0,0,0,107,5832,3
5731,0,0,0,4,427,205,0,0,0,0,0,0
5732,0,0,0,1,0,0,0,0,0,0,0,0
5733,0,0,0,0,0,0,0,1,0,0,0,0
5734,0,0,0,0,0,82,0,0,0,0,0,0
5735,0,0,0,0,0,0,0,7,1,0,0,0
5736,0,0,0,0,0,0,0,0,0,0,0,0
5737,0,0,0,1,1,29,0,0,0,0,1,0
5738,108,0,0,0,0,0,0,0,0,0,0,0
5739,0,0,0,0,0,0,74,62,0,0,0,0
5740,0,0,0,0,0,49,0,0,0,0,0,0
5741,0,0,0,0,0,0,0,2,0,0,0,0
5742,22,68,127,0,0,0,0,0,0,3,0,0
5743,0,0,0,0,0,0,0,0,0,0,0,0
5744,0,0,0,0,0,0,0,0,0,0,0,0
5745,0,1,0,0,0,0,0,0,0,0,0,0
5746,0,0,0,0,0,2,0,0,0,0,2895,0
5747,0,583,0,0,0,0,2,0,0,0,0,0
5748,0,0,1,0,0,0,0,0,0,209,272,0
5749,0,0,0,16,6,287,0,0,0,0,6,0
5750,0,0,0,0,0,0,2,0,1,0,0,0
5751,0,0,0,0,0,0,29,2,0,0,0,0
5752,0,0,0,0,0,43,0,0,0,0,0,0
5753,4,96,0,0,0,0,0,0,0,0,0,0
5754,7,56,27,0,0,0,0,0,0,0,0,0
5755,0,0,0,0,31,126,0,0,0,0,1,0
5756,0,0,0,4,0,66,0,0,0,0,0,0
5757,2,41,0,0,0,0,0,0,0,0,0,0
5758,0,0,0,0,0,3,0,0,0,0,650,0
5759,0,0,0,0,0,0,0,0,0,65,0,1
5760,27,98,0,0,0,0,0,0,0,0,0,0
5761,0,0,0,0,0,0,32,0,0,0,0,0
5762,0,0,0,4,5,277,0,0,0,0,3,0
5763,0,1,0,0,0,0,350,13,1,0,0,0
5764,0,0,0,0,3,80,0,0,0,0,1,0
5765,0,0,0,0,0,0,16,0,0,0,0,0
5766,0,0,0,0,0,0,0,1,17,0,0,0
5767,0,0,0,0,2,220,0,0,0,0,4,0
5768,0,0,0,0,0,0,0,0,0,0,0,0
5769,0,0,0,0,0,0,0,0,0,0,0,0
5770,0,0,0,0,0,0,0,0,0,1,201,0
5771,0,0,0,0,0,0,0,0,0,0,0,0
5772,2,0,0,0,0,0,0,0,0,0,0,0
5773,0,0,0,0,0,284,0,0,0,0,1,0
5774,0,1,1,0,0,0,0,0,0,0,0,0
5775,17,34,2,0,0,0,0,0,0,0,0,0
5776,0,16,2,0,0,0,0,0,0,0,0,0
5777,0,0,0,0,0,0,0,0,0,1,569,0
5778,1,0,0,0,0,0,0,0,0,0,0,0
5779,0,0,0,0,0,282,0,0,0,0,0,0
5780,2,655,0,0,0,0,1,0,0,0,0,0
5781,0,0,0,0,0,1,0,0,0,0,0,0
5782,4,6,1,0,0,0,0,0,0,0,0,0
5783,1,20,1,0,0,0,0,0,0,0,0,0
5784,0,0,0,0,0,40,0,0,0,40,7574,1
5785,0,0,0,10,15,66,0,0,0,0,1,0
5786,0,0,0,0,5,2,0,0,0,0,0,0
5787,0,0,0,0,0,2,0,0,0,2,440,3
5788,0,0,0,27,3,27,0,0,0,0,0,0
5789,0,15,0,0,0,0,0,0,0,0,0,0
5790,1,55,6,0,0,0,0,0,0,0,0,0
5791,3,43,46,0,0,0,0,0,0,0,0,0
5792,0,0,0,0,0,0,43,1,1,0,0,0
5793,1,13,10,0,0,0,0,0,0,0,0,0
5794,18,14,53,0,0,0,0,0,0,0,0,0
5795,0,127,0,0,0,0,0,0,0,0,0,0
5796,0,0,0,0,0,0,0,0,0,53,276,1
5797,0,0,0,17,26,62,0,0,0,0,0,0
5798,0,0,0,0,10,31,0,0,0,0,0,0
5799,0,0,0,0,0,0,0,0,0,0,0,0
5800,0,0,0,0,0,0,124,59,0,0,0,0
5801,0,0,0,1,0,32,0,0,0,0,0,0
5802,0,336,6,0,0,0,1,0,0,0,0,0
5803,0,0,0,0,0,64,0,0,0,0,1,0
5804,0,0,0,20,1,760,0,0,0,0,3,0
5805,0,0,0,0,2,0,24,124,2,0,0,0
5806,0,0,0,0,0,12,0,0,0,0,2981,1
5807,8,80,4,0,0,0,0,0,0,0,0,0
5808,0,0,0,0,0,8,0,0,0,0,0,0
5809,7,20,13,0,0,0,0,0,0,0,0,0
5810,0,0,0,0,0,0,200,1,1,0,0,0
5811,0,0,0,0,0,0,0,0,0,0,0,0
5812,0,0,0,0,0,207,0,0,0,20,15201,3
5813,0,0,0,0,0,0,6,59,0,0,0,0
5814,0,0,0,0,0,0,6,1,1,0,0,0
5815,0,0,0,2,0,133,0,0,0,0,0,0
5816,0,6,0,0,0,0,477,46,1,0,0,0
5817,0,0,0,0,0,0,0,0,0,48,637,4
5818,0,0,0,19,15,483,0,0,0,0,0,0
5819,0,0,0,5,22,17,0,1,0,0,0,0
5820,0,0,0,3,0,71,0,0,0,0,0,0
5821,6,54,1,0,0,0,0,0,0,0,0,0
5822,0,0,0,0,0,9,0,0,0,247,2984,0
5823,0,0,0,7,19,4,0,0,0,0,0,0
5824,0,0,0,4,0,177,0,0,0,0,0,0
5825,1,62,1,0,0,0,0,0,0,0,0,0
5826,0,0,0,0,0,20,0,0,0,38,3925,4
5827,10,23,1,0,0,0,0,0,0,0,0,0
5828,0,38,6,0,0,0,0,0,0,0,0,0
5829,15,133,154,0,0,0,0,0,0,8,0,0
5830,0,1,0,0,0,0,687,136,0,0,0,0
5831,0,0,0,0,7,42,0,0,0,0,0,0
5832,0,0,0,0,0,1,0,0,0,51,436,1
5833,0,0,0,0,0,1,0,0,0,123,732,12
5834,0,0,0,9,77,198,0,1,0,0,0,0
5835,0,0,0,0,0,1,0,0,0,0,1050,0
5836,34,237,36,0,0,0,0,0,0,0,0,0
5837,0,0,0,0,0,0,42,0,2,0,0,0
5838,39,18,93,0,0,0,0,0,0,0,0,0
5839,3,146,19,0,0,0,0,0,0,0,0,0
5840,0,0,0,0,0,390,0,0,0,0,1,0
5841,0,26,0,0,0,0,0,0,0,0,0,0
5842,0,0,0,0,0,0,0,0,0,1,415,0
5843,0,108,1,0,0,0,2,0,0,0,0,0
5844,4,53,31,0,0,0,0,0,0,0,0,0
5845,12,75,41,0,0,0,0,0,0,0,0,0
5846,0,0,0,0,0,0,12,5,13,0,0,0
5847,0,0,0,0,0,0,0,22,16,0,0,0
5848,0,0,0,1,2,28,0,0,0,0,0,0
5849,0,0,0,0,0,5,0,0,0,69,2740,0
5850,0,0,0,0,0,7,0,0,0,257,2172,10
5851,0,0,0,18,0,35,0,0,0,0,0,0
5852,1,710,8,0,0,0,9,0,0,0,0,0
5853,0,0,0,0,0,2,0,0,0,0,0,0
5854,0,0,0,9,0,62,0,0,0,0,0,0
5855,1,35,0,0,0,0,0,0,0,0,0,0
5856,0,0,0,0,0,0,0,0,0,1,6,0
5857,0,0,0,0,2,0,306,175,1,0,0,0
5858,0,0,0,0,0,0,55,1,0,0,0,0
5859,0,0,0,0,0,0,0,0,0,0,0,0
5860,0,0,0,0,1,145,0,0,0,0,6,0
5861,0,2,0,0,0,0,307,3,1,0,0,0
5862,0,0,0,0,1,15,0,0,0,0,0,0
5863,0,0,0,16,16,172,0,0,0,0,1,0
5864,0,0,0,39,6,15,0,0,0,0,0,0
5865,0,0,0,2,9,3,0,0,0,0,0,0
5866,0,0,0,0,0,1,0,0,0,29,674,1
5867,0,0,0,3,0,44,0,0,0,0,0,0
5868,0,1,0,0,0,0,0,0,0,0,0,0
5869,0,0,0,0,0,81,0,0,0,1,11107,0
5870,0,41,1,0,0,0,0,0,0,0,0,0
5871,2,72,9,0,0,0,0,0,0,0,0,0
5872,11,93,8,0,0,0,2,0,0,0,0,0
5873,0,0,0,0,0,0,3,0,0,0,0,0
5874,0,25,10,0,0,0,1,0,0,0,0,0
5875,0,28,38,0,0,0,0,0,0,0,0,0
5876,1,68,5,0,0,0,0,0,0,0,0,0
5877,1,927,15,0,0,0,24,0,0,0,0,0
5878,0,0,0,0,0,1,0,0,0,60,502,1
5879,19,79,9,0,0,0,0,0,0,0,0,0
5880,0,9,0,0,0,0,1463,178,14,0,0,0
5881,0,0,0,0,16,54,0,0,0,0,0,0
5882,0,0,0,0,0,5,0,0,0,0,0,0
5883,1,0,0,0,0,0,0,0,0,0,0,0
5884,0,0,0,0,0,31,0,0,0,1,4554,0
5885,2,81,0,0,0,0,1,0,0,0,0,0
5886,0,0,0,0,0,7,0,0,0,15,2340,0
5887,20,297,0,0,0,0,1,0,0,0,0,0
5888,0,4,1,0,0,0,0,0,0,0,0,0
5889,0,0,0,0,0,0,0,0,0,0,7,0
5890,17,75,1,0,0,0,0,0,0,0,0,0
5891,1,221,3,0,0,0,3,0,0,0,0,0
5892,0,0,2,0,0,0,0,0,0,431,251,0
5893,0,0,0,0,0,4,0,0,0,11,623,1
5894,13,133,11,0,0,0,1,0,0,0,0,0
5895,0,0,0,8,1,117,0,0,0,0,1,0
5896,18,17,1,0,0,0,0,0,0,0,0,0
5897,0,14,4,0,0,0,0,0,0,0,0,0
5898,1,74,5,0,0,0,0,0,0,0,0,0
5899,0,135,1,0,0,0,0,0,0,0,0,0
5900,0,0,0,0,0,0,0,0,0,14,51,9
5901,0,0,0,0,0,0,0,0,0,1,126,0
5902,7,58,13,0,0,0,1,0,0,0,0,0
5903,0,0,0,0,0,0,65,161,1,0,0,0
5904,0,0,0,0,1,27,0,0,0,0,0,0
5905,0,0,0,7,0,60,0,0,0,0,0,0
5906,0,43,0,0,0,0,0,0,0,0,0,0
5907,0,0,0,0,0,17,0,0,0,7,3237,0
5908,0,0,0,1,9,108,0,0,0,0,0,0
5909,0,0,0,0,0,2,0,0,0,0,0,0
5910,2,3,0,0,0,0,0,0,0,0,0,0
5911,0,0,0,0,0,138,0,0,0,0,0,0
5912,0,2,0,0,0,0,0,0,0,0,0,0
5913,61,24,0,0,0,0,0,0,0,0,0,0
5914,14,59,2,0,0,0,0,0,0,0,0,0
5915,0,0,0,6,4,72,0,0,0,0,0,0
5916,0,0,0,0,0,2,0,0,0,0,0,0
5917,0,11,0,0,0,0,177,3,1,0,0,0
5918,0,0,0,0,0,0,139,21,1,0,0,0
5919,1,7,0,0,0,0,0,0,0,0,0,0
5920,0,0,0,3,3,99,0,0,0,0,0,0
5921,0,0,0,0,0,0,2,1,0,0,0,0
5922,0,0,0,0,0,0,1,1,0,0,0,0
5923,0,0,0,0,2,47,0,0,0,0,0,0
5924,0,14,0,0,0,0,4835,60,0,0,0,0
5925,0,0,0,0,0,45,0,0,0,0,0,0
5926,0,0,0,6,6,147,0,0,0,0,0,0
5927,0,0,0,0,0,0,214,87,0,0,0,0
5928,0,0,0,0,0,25,0,0,0,0,0,0
5929,0,0,0,4,5,32,0,0,0,0,0,0
5930,0,0,0,1,0,16,0,0,0,0,0,0
5931,0,1,0,0,0,0,402,166,1,0,0,0
5932,0,0,0,2,2,114,0,0,0,0,0,0
5933,2,17,0,0,0,0,0,0,0,0,0,0
5934,0,0,0,0,0,15,0,0,0,1,1374,0
5935,5,64,3,0,0,0,1,0,0,0,0,0
5936,0,2,0,0,0,0,17,1,0,0,0,0
5937,2,62,4,0,0,0,0,0,0,0,0,0
5938,0,10,12,0,0,0,0,0,0,0,0,0
5939,5,290,26,0,0,0,34,0,0,4,0,0
5940,0,0,0,0,1,7,0,0,0,0,0,0
5941,1,0,0,41,13,154,0,0,0,0,1,0
5942,0,0,0,0,0,0,414,28,2,0,0,0
5943,10,47,6,0,0,0,1,0,0,0,0,0
5944,0,0,0,0,0,3227,0,0,0,43,26671,0
5945,0,0,0,0,0,0,0,0,0,6,41,1
5946,0,0,0,0,0,0,0,0,0,7,16,1
5947,0,0,0,11,1,42,0,0,0,0,0,0
5948,0,27,1,0,0,0,0,0,0,0,0,0
5949,6,155,13,0,0,0,3,0,0,0,0,0
5950,0,1,0,0,50,0,361,1548,45,0,0,1
5951,0,0,0,1,2,26,0,0,0,0,0,0
5952,0,0,0,0,293,9,0,2,0,0,0,0
5953,0,0,0,0,0,0,303,461,1,0,0,0
5954,0,1,0,0,0,0,48,45,11,0,0,0
5955,3,23,6,0,0,0,0,0,0,0,0,0
5956,0,0,0,0,0,1,0,0,0,1,489,1
5957,51,83,18,0,0,0,1,0,0,0,0,0
5958,21,171,82,0,0,0,0,0,0,1,0,0
5959,0,0,0,0,36,149,0,0,0,0,0,0
5960,0,0,0,0,0,2,0,0,0,0,0,0
5961,1,14,1,0,0,0,0,0,0,0,0,0
5962,0,0,0,0,0,69,0,0,0,0,0,0
5963,0,0,0,2,0,4,0,0,0,0,0,0
5964,2,2,0,0,0,0,0,0,0,0,0,0
5965,0,0,0,0,0,274,0,0,0,0,2,0
5966,0,3,0,0,0,0,0,0,0,0,0,0
5967,5,249,2,0,0,0,2,0,0,0,0,0
5968,0,0,0,0,0,0,83,6,0,0,0,0
5969,0,1,0,0,0,0,0,0,0,0,0,0
5970,0,7,0,0,0,0,0,0,0,0,0,0
5971,0,41,0,0,0,0,0,0,0,0,0,0
5972,0,0,0,0,0,0,54,196,2,0,0,0
5973,1,15,13,0,0,0,0,0,0,0,0,0
5974,0,0,0,0,0,4,0,0,0,1,2132,0
5975,35,4,8,0,0,0,0,0,0,0,0,0
5976,1,39,11,0,0,0,0,0,0,0,0,0
5977,0,0,0,5,4,68,0,0,0,0,1,0
5978,0,0,0,0,11,5,0,0,0,0,0,0
5979,0,0,0,0,0,2,0,0,0,37,1128,3
5980,1,0,0,8,27,84,0,11,0,0,1,0
5981,0,0,0,7,0,179,0,0,0,0,0,0
5982,0,34,0,0,0,0,0,0,0,0,0,0
5983,0,0,0,0,0,178,0,0,0,0,2,0
5984,0,0,0,1,2,2,0,0,0,0,0,0
5985,0,0,0,1,1,5,0,0,0,0,0,0
5986,0,0,0,1,0,1902,0,0,0,1,316986,0
5987,12,5,0,0,0,0,0,0,0,0,0,0
5988,0,0,0,0,0,0,0,0,0,6,165,3
5989,15,67,15,0,0,0,0,0,0,0,0,0
5990,0,0,0,0,0,0,48,1,3,0,0,0
5991,12,50,4744,0,0,0,0,0,0,2,4,0
5992,0,0,0,0,0,0,402,107,7,0,0,0
5993,0,0,0,0,0,0,0,0,0,0,0,0
5994,1,0,0,0,0,0,0,0,0,0,0,0
5995,0,587,0,0,0,0,3,0,0,0,0,0
5996,0,0,0,0,0,0,0,0,0,4,15,1
5997,0,0,0,0,0,0,0,0,0,2,15,1
5998,18,103,3,0,0,0,0,0,0,0,0,0
5999,5,1319,0,0,0,0,19,0,0,0,0,0
6000,0,0,0,0,5,88,0,0,0,0,0,0
6001,0,0,0,14,0,50,0,0,0,0,0,0
6002,0,0,0,0,0,0,2,1,0,0,0,0
6003,0,119,0,0,0,0,0,0,0,0,0,0
6004,0,0,0,0,1,598,0,0,0,0,1,0
6005,0,0,0,0,0,0,0,0,0,93,9,0
6006,0,0,0,0,0,2,0,0,0,0,0,0
6007,0,0,0,17,6,152,0,0,0,0,0,0
6008,0,1,0,0,0,0,159,43,11,0,0,0
6009,0,0,0,0,1,12,0,0,0,0,0,0
6010,1,120,0,0,0,0,0,0,0,0,0,0
6011,0,0,0,0,0,1,0,0,0,4,201,3
6012,0,0,0,0,0,0,0,0,0,52,49,5
6013,101,1441,19,1,0,0,1,0,0,0,0,0
6014,3,23,24,0,0,0,0,0,0,0,0,0
6015,0,54,2,0,0,0,0,0,0,0,0,0
6016,0,0,0,0,0,4,0,0,0,27,597,1
6017,0,0,0,0,0,0,0,0,0,41,0,10
6018,161,47,1,1,0,0,0,0,0,0,0,0
6019,0,22,0,0,0,0,0,0,0,0,0,0
6020,0,0,0,0,0,0,0,0,0,4,76,0
6021,0,0,0,0,0,0,0,0,0,3,21,0
6022,26,2065,5,0,0,0,14,0,0,0,0,0
6023,0,0,0,49,1,1204,0,0,0,0,5,0
6024,0,286,26,0,0,0,7,0,0,0,0,0
6025,0,0,0,0,0,968,0,0,0,0,9,0
6026,0,0,2,0,0,38,0,0,0,770,5574,23
6027,0,0,59,0,0,6,0,0,0,5920,4056,1
6028,18,193,64,0,0,0,1,0,0,0,0,0
6029,18,30,12,0,0,0,0,0,0,0,0,0
6030,1,137,3,0,0,0,1,0,0,0,0,0
6031,0,0,0,0,0,21,0,0,0,205,3436,1
6032,0,0,0,0,0,0,1082,19,4,0,0,0
6033,0,0,0,0,0,0,0,0,0,6,815,0
6034,39,54,5,0,0,0,0,0,0,0,0,0
6035,26,243,40,0,0,0,0,0,0,0,0,0
6036,0,0,0,0,0,0,236,227,0,0,0,0
6037,0,0,0,0,0,49,0,0,0,54,6972,0
6038,0,0,0,0,20,31,0,0,0,0,0,0
6039,0,0,0,9,28,25,0,0,0,0,1,0
6040,0,0,0,0,1,2091,0,0,0,18,122449,2
6041,0,0,0,0,0,0,62,35,5,0,0,0
6042,15,207,14,0,0,0,2,0,0,0,0,0
6043,0,0,0,0,4,202,0,0,0,0,0,0
6044,0,8,1,0,0,0,0,0,0,0,0,0
6045,1,30,1,0,0,0,0,0,0,0,0,0
6046,0,0,0,0,0,286,0,0,0,0,1,0
6047,0,0,0,2,1,7,0,0,0,0,0,0
6048,0,0,0,0,0,4,0,0,0,0,0,0
6049,0,0,0,2,0,33,0,0,0,0,0,0
6050,1,7,0,0,0,0,0,0,0,0,0,0
6051,2,88,8,0,0,0,0,0,0,0,0,0
6052,0,27,0,0,0,0,827,87,0,0,0,0
6053,0,0,0,0,1,6,0,0,0,0,0,0
6054,0,0,0,1,0,2,0,0,0,0,0,0
6055,0,0,0,6,1,45,0,0,0,0,0,0
6056,0,0,0,0,0,0,92,120,0,0,0,0
6057,0,0,0,0,0,9,0,0,0,0,0,0
6058,1,191,203,0,0,0,0,0,0,0,0,0
6059,0,0,0,1,5,1,0,0,0,0,0,0
6060,0,0,0,0,0,0,1,0,1,0,0,0
6061,0,0,0,0,0,54,0,0,0,0,0,0
6062,0,1,0,0,0,0,220,9,0,0,0,0
6063,16,328,43,0,0,0,2,0,0,0,0,0
6064,0,0,0,1,0,74,0,0,0,0,0,0
6065,3,51,0,0,0,0,0,0,0,0,0,0
6066,0,226,6,0,0,0,0,0,0,0,0,0
6067,0,0,0,1,2,930,0,0,0,0,4,0
6068,0,529,0,0,0,0,1,0,0,0,0,0
6069,0,0,0,4,24,303,0,0,0,0,1,0
6070,0,0,0,0,0,60,0,0,0,69,4273,5
6071,0,15,0,0,0,0,0,0,0,0,0,0
6072,1,31,6,0,0,0,0,0,0,0,0,0
6073,3,105,23,0,0,0,0,0,0,0,0,0
6074,0,0,0,4,0,15,0,0,0,0,0,0
6075,0,0,0,2,1,1,0,0,0,0,0,0
6076,0,0,0,1,4,72,0,0,0,0,0,0
6077,0,0,0,0,0,0,9,339,0,0,0,0
6078,0,0,0,0,0,0,0,0,0,0,97,0
6079,0,0,0,11,11,124,0,1,0,0,1,0
6080,0,1,0,0,0,0,495,215,16,0,0,0
6081,16,454,49,0,0,0,0,0,0,0,0,0
6082,0,0,0,20,0,316,0,0,0,0,0,0
6083,0,0,0,0,0,0,43,28,19,0,0,0
6084,5,357,29,0,0,0,0,0,0,1,0,0
6085,0,0,0,2,9,163,0,0,0,0,0,0
6086,0,0,0,1,1,24,0,0,0,0,0,0
6087,0,0,0,2,0,0,0,0,0,0,0,0
6088,2,60,0,0,0,0,3,0,0,0,0,0
6089,0,5,0,0,0,0,0,0,0,0,0,0
6090,1,1,0,0,0,0,0,0,0,0,0,0
6091,0,0,0,0,0,6,0,0,0,0,1353,0
6092,0,0,0,0,0,0,0,0,0,77,0,0
6093,123,44,0,1,0,0,0,0,0,0,0,0
6094,0,0,0,0,1,0,64,345,5,0,0,0
6095,0,0,0,0,40,27,0,0,0,0,0,0
6096,0,0,0,0,0,38,0,0,0,0,0,0
6097,0,131,0,0,0,0,0,0,0,0,0,0
6098,1,126,0,0,0,0,0,0,0,0,0,0
6099,0,0,0,0,0,1,0,0,0,61,333,3
6100,0,0,0,7,13,21,0,0,0,0,0,0
6101,0,94,0,0,0,0,7611,18,0,0,0,0
6102,0,0,0,0,0,0,85,36,6,0,0,0
6103,0,0,0,0,0,55,0,0,0,0,0,0
6104,0,0,0,0,0,20,0,0,0,0,1,0
6105,4,234,1,0,0,0,0,0,0,0,0,0
6106,0,0,0,1,0,90,0,0,0,0,0,0
6107,0,10,1,0,0,0,0,0,0,0,0,0
6108,8,66,6,0,0,0,0,0,0,0,0,0
6109,0,0,0,0,3,0,112,59,0,0,0,0
6110,0,6,3,0,0,0,0,0,0,0,0,0
6111,0,57,6,0,0,0,0,0,0,0,0,0
6112,0,97,2,0,0,0,0,0,0,0,0,0
6113,0,0,0,0,0,1,0,0,0,32,774,1
6114,0,0,0,0,0,2,0,0,0,103,548,1
6115,0,0,0,82,6,172,0,0,0,0,1,0
6116,0,0,0,0,0,0,31,43,3,0,0,0
6117,0,0,0,0,0,1,0,0,0,2,195,4
6118,0,0,0,19,29,38,0,0,0,0,0,0
6119,0,0,0,2,6,136,0,0,0,0,0,0
6120,0,0,0,0,0,6,0,0,0,0,1127,0
6121,36,243,16,0,0,0,0,0,0,0,0,0
6122,0,36,11,0,0,0,0,0,0,0,0,0
6123,0,0,0,0,0,0,60,8,6,0,0,1
6124,1,117,7,0,0,0,0,0,0,0,0,0
6125,0,2,0,0,0,0,162,2,1,0,0,0
6126,0,24,1,0,0,0,2,0,0,0,0,0
6127,0,1,0,0,0,0,152,94,0,0,0,0
6128,0,0,0,0,0,1,0,0,0,11,472,0
6129,0,0,0,2,3,0,0,0,0,0,0,0
6130,0,0,0,2,7,62,0,1,0,0,0,0
6131,1,51,0,0,0,0,0,0,0,0,0,0
6132,0,43,19,0,0,0,0,0,0,0,0,0
6133,15,53,35,0,0,0,0,0,0,0,0,0
6134,0,1,0,0,0,0,140,2,2,0,0,0
6135,0,0,0,1,0,0,0,0,0,0,0,0
6136,0,0,0,4,1,112,0,0,0,0,1,0
6137,0,80,0,0,0,0,0,0,0,0,0,0
6138,0,0,0,0,0,0,0,0,0,2,24,0
6139,0,540,1,0,0,0,0,0,0,0,0,0
6140,0,0,0,4,16,21,0,0,0,0,0,0
6141,0,0,0,12,0,0,0,0,0,0,0,0
6142,0,0,0,8,5,137,0,0,0,0,0,0
6143,0,0,0,0,1,18,0,0,0,0,0,0
6144,0,0,0,19,13,9,0,0,0,0,0,0
6145,0,0,0,0,0,8,0,0,0,29,2841,0
6146,0,0,0,0,0,0,0,0,0,0,2,0
6147,0,0,0,0,0,0,0,0,0,3,0,0
6148,0,0,0,30,13,1197,0,0,0,0,0,0
6149,0,1,0,0,0,0,83,19,3,0,0,3
6150,8,0,23,0,0,0,0,0,0,0,0,0
6151,0,0,0,0,0,1,0,0,0,42,570,1
6152,0,0,0,0,0,25,0,0,0,0,0,0
6153,0,0,0,0,1,1,0,0,0,0,0,0
6154,4,84,0,0,0,0,0,0,0,0,0,0
6155,1,50,0,0,0,0,0,0,0,0,0,0
6156,11,34,22,0,0,0,0,0,0,0,0,0
6157,0,0,0,4,1,234,0,0,0,0,1,0
6158,0,0,0,0,0,0,15,30,1,0,0,0
6159,0,0,0,0,0,0,4,1,4,0,0,0
6160,0,0,0,0,3,39,0,0,0,0,0,0
6161,0,0,0,0,0,0,23,2,1,0,0,0
6162,1,8,17,0,0,0,0,0,0,0,0,0
6163,0,0,0,9,4,61,0,0,0,0,0,0
6164,0,0,0,0,0,0,2,17,0,0,0,0
6165,0,0,0,1,0,16,0,0,0,0,0,0
6166,0,28,0,0,0,0,1642,109,2,0,0,0
6167,0,0,0,0,0,0,0,0,0,0,0,0
6168,0,0,0,0,0,20,0,0,0,0,0,0
6169,0,0,0,0,1,0,214,340,0,0,0,0
6170,0,0,0,0,2,0,2,155,2,0,0,0
6171,0,0,0,0,2,1,0,0,0,0,53,18
6172,0,0,0,2,2,108,0,0,0,0,0,0
6173,0,35,7,0,0,0,0,0,0,0,0,0
6174,0,0,0,1,76,11,0,0,0,0,1,0
6175,0,0,0,31,2,34,0,0,0,0,0,0
6176,0,1,0,0,0,0,43,2,1,0,0,0
6177,1,22,29,0,0,0,0,0,0,0,0,0
6178,0,0,0,0,4,157,0,0,0,0,6,0
6179,0,0,0,1,1,31,0,0,0,0,1,0
6180,13,10,5,0,0,0,0,0,0,0,0,0
6181,0,0,0,0,0,157,0,0,0,0,3,0
6182,0,4,22,0,0,0,0,0,0,0,0,0
6183,1,85,32,0,0,0,0,0,0,0,0,0
6184,8,133,10,0,0,0,2,0,0,0,0,0
6185,0,0,0,0,0,44,0,0,0,13,676,8
6186,1,3,0,0,0,0,0,0,0,0,0,0
6187,0,0,0,0,0,3,0,0,0,13,215,1
6188,0,0,0,0,0,31,0,0,0,0,0,0
6189,0,3,0,0,0,0,0,0,0,0,0,0
6190,0,0,0,0,0,2,0,0,0,0,386,0
6191,4,71,1,0,0,0,0,0,0,0,0,0
6192,0,0,0,0,0,6,0,0,0,11,112,0
6193,8,109,11,0,0,0,10,0,0,0,0,0
6194,0,0,2,0,0,1,0,0,0,63,170,0
6195,0,0,6,0,0,58,0,0,0,204,2725,0
6196,0,0,1,0,0,139,0,0,0,143,8220,1
6197,0,0,0,18,43,74,0,0,0,0,0,0
6198,0,0,0,0,0,5,0,0,0,20,913,2
6199,0,0,0,5,7,130,0,0,0,0,0,0
6200,0,0,0,0,1,18,0,0,0,0,0,0
6201,0,0,0,174,1,4,0,0,0,0,0,0
6202,0,0,0,0,0,50,0,0,0,0,0,0
6203,0,5,0,0,0,0,0,0,0,0,0,0
6204,1,87,5,0,0,0,0,0,0,0,0,0
6205,0,0,0,0,0,0,72,14,0,0,0,0
6206,0,3,5,0,0,0,0,0,0,0,0,0
6207,1,64,7,0,0,0,0,0,0,0,0,0
6208,3,118,6,0,0,0,1,0,0,0,0,0
6209,0,0,0,0,0,0,1,1,0,0,0,0
6210,0,0,0,0,0,0,0,0,1,0,0,0
6211,21,272,339,0,0,0,0,0,0,0,0,0
6212,0,0,0,0,0,0,1,14,3,0,0,0
6213,0,0,0,0,0,0,0,0,0,0,451,7
6214,0,0,0,3,1,116,0,0,0,0,1,0
6215,0,0,0,0,0,0,0,0,0,0,0,0
6216,0,42,0,0,0,0,0,0,0,0,0,0
6217,18,98,11,0,0,0,0,0,0,0,0,0
6218,0,0,0,1,0,83,0,0,0,0,21,0
6219,0,0,0,0,1,1,0,0,0,0,0,0
6220,0,1,0,0,0,0,172,1,0,0,0,0
6221,0,0,0,0,8,43,0,0,0,0,0,0
6222,0,0,0,0,1,1,0,0,0,0,0,0
6223,0,180,0,0,0,0,0,0,0,0,0,0
6224,0,0,0,0,0,0,0,0,0,1,143,0
6225,3,2,0,0,0,0,0,0,0,0,0,0
6226,0,0,0,0,0,304,0,0,0,0,20,0
6227,0,0,0,0,0,0,0,0,0,0,0,0
6228,0,69,0,0,0,0,0,0,0,0,0,0
6229,0,1473,1,0,0,0,14,0,0,0,0,0
6230,0,0,0,0,0,3,0,0,0,2,596,0
6231,0,0,1,0,0,0,0,0,0,125,25,2
6232,0,0,0,2,6,47,0,0,0,0,0,0
6233,0,152,0,0,0,0,0,0,0,0,0,0
6234,0,0,0,1,0,9,0,0,0,0,0,0
6235,0,0,0,11,2,86,0,0,0,0,0,0
6236,0,1,0,0,0,0,391,27,276,0,0,1
6237,0,0,0,0,1,1,0,0,0,0,0,0
6238,0,0,0,19,19,247,0,0,0,0,0,0
6239,0,0,0,0,0,2,0,0,0,0,0,0
6240,0,0,0,0,0,0,3,3,0,0,0,0
6241,0,0,0,0,0,0,1,6,1,0,0,0
6242,0,0,0,0,0,0,0,0,0,0,23,0
6243,2,4,0,0,0,0,0,0,0,0,0,0
6244,0,0,0,0,0,41,0,0,0,0,0,0
6245,0,3,0,0,0,0,279,39,10,0,0,0
6246,0,0,0,1,1,51,0,0,0,0,0,0
6247,0,0,0,17,0,448,0,0,0,0,2,0
6248,19,214,83,0,0,0,0,0,0,0,0,0
6249,0,37,43,0,0,0,0,0,0,0,0,0
6250,0,0,0,0,0,9,0,0,0,1,839,0
6251,10,16,1,0,0,0,0,0,0,0,0,0
6252,1,29,23,0,0,0,0,0,0,0,0,0
6253,3,0,0,135,2,118,0,0,0,0,0,0
6254,0,0,0,0,0,0,240,53,4,0,0,0
6255,0,0,0,0,0,0,0,0,0,0,0,0
6256,127,165,21,0,0,0,0,0,0,0,0,0
6257,0,12,0,0,0,0,0,0,0,0,0,0
6258,0,0,1,0,0,7,0,0,0,29,1160,0
6259,0,0,0,2,1,31,0,0,0,0,0,0
6260,1,390,0,0,0,0,2,0,0,0,0,0
6261,2,95,15,0,0,0,2,0,0,0,0,0
6262,0,0,0,1,11,451,0,0,0,0,2,0
6263,0,3,0,0,0,0,0,0,0,0,0,0
6264,2,52,1,0,0,0,0,0,0,0,0,0
6265,3,132,9,0,0,0,1,0,0,0,0,0
6266,0,3,0,0,0,0,845,46,5,0,0,0
6267,0,0,2,0,0,2,0,0,0,209,406,1
6268,0,0,0,0,0,1,0,0,0,276,589,0
6269,0,15,0,0,0,0,0,0,0,0,0,0
6270,0,0,0,0,0,1,0,0,0,0,403,0
6271,0,1,0,0,0,0,283,159,17,0,0,0
6272,3,0,0,866,1,48,0,0,0,0,0,0
6273,25,551,0,0,0,0,0,0,0,0,0,0
6274,0,0,0,1,1,866,0,0,0,0,3,0
6275,0,13,0,0,0,0,0,0,0,0,0,0
6276,5,297,7,0,0,0,0,0,0,0,0,0
6277,1,51,0,0,0,0,0,0,0,0,0,0
6278,0,0,0,0,0,0,0,0,0,16,209,2
6279,0,0,1,0,0,1,0,0,0,136,372,0
6280,11,25,5,0,0,0,0,0,0,0,0,0
6281,0,1,1,0,0,0,0,0,0,0,0,0
6282,0,3,1,0,0,0,0,0,0,0,0,0
6283,0,0,0,0,1,884,0,0,0,0,2,0
6284,0,223,0,0,0,0,0,0,0,0,0,0
6285,0,0,0,0,0,57,0,0,0,59,8194,0
6286,0,0,1,0,0,413,0,0,0,217,50270,16
6287,0,0,0,0,0,3,0,0,0,0,0,0
6288,0,0,0,0,0,0,0,25,0,0,0,0
6289,0,0,0,0,0,0,0,18,0,0,0,0
6290,0,0,0,1,4,1,0,0,0,0,0,0
6291,0,0,0,0,0,0,1,2,39,0,0,0
6292,0,0,0,0,0,31,0,0,0,0,0,0
6293,3,450,0,0,0,0,1,0,0,0,0,0
6294,0,0,0,0,0,788,0,0,0,0,6,0
6295,0,187,0,0,0,0,0,0,0,0,0,0
6296,0,0,0,0,0,0,0,0,0,6,63,0
6297,0,0,0,0,0,0,82,3,0,0,0,0
6298,0,0,0,4,10,37,0,0,0,0,0,0
6299,0,0,0,10,0,4,0,0,0,0,0,0
6300,0,0,0,0,0,0,12,1,2,0,0,0
6301,0,0,0,0,0,62,0,0,0,0,0,0
6302,0,0,0,0,0,0,0,0,0,30,30,0
6303,0,0,0,0,0,5,0,0,0,0,0,0
6304,0,0,0,7,15,40,0,1,0,0,3,0
6305,1,0,0,58,6,50,0,0,0,0,0,0
6306,0,0,0,0,1,0,0,87,3,0,0,0
6307,0,0,0,0,0,0,0,72,14,0,0,0
6308,23,271,46,0,0,0,0,0,0,0,0,0
6309,0,3,0,0,0,0,304,585,47,0,0,0
6310,0,0,0,0,0,75,0,0,0,49,11256,5
6311,13,50,24,0,0,0,0,0,0,0,0,0
6312,0,0,7,0,0,18,0,0,0,620,3440,3
6313,21,87,3,0,0,0,0,0,0,0,0,0
6314,1,19,14,0,0,0,0,0,0,0,0,0
6315,5,49,21,0,0,0,0,0,0,0,0,0
6316,2,76,3,0,0,0,0,0,0,0,0,0
6317,0,0,0,0,0,40,0,0,0,107,3222,3
6318,0,0,1,0,0,2,0,0,0,43,1325,0
6319,27,19593,10,0,0,0,158,15,0,0,0,0
6320,0,5,0,0,7,0,417,1301,0,0,0,0
6321,0,0,0,2,6,74,0,0,0,0,0,0
6322,0,0,0,138,9,139,0,0,0,0,1,0
6323,0,0,0,0,0,0,30,0,214,0,0,0
6324,20,70,19,0,0,0,0,0,0,0,0,0
6325,4,175,4,0,0,0,2,0,0,0,0,0
6326,1,30,3,0,0,0,1,0,0,0,0,0
6327,0,0,0,0,0,1,0,0,0,6,415,0
6328,4,173,2,0,0,0,1,0,0,0,0,0
6329,0,0,0,3,8,444,0,0,0,0,0,0
6330,0,0,0,0,0,9,0,0,0,0,552,0
6331,5,20,2,0,0,0,0,0,0,0,0,0
6332,0,19,2,0,0,0,0,0,0,0,0,0
6333,1,59,29,0,0,0,1,0,0,0,0,0
6334,0,0,0,3,27,366,0,0,0,0,0,0
6335,0,0,0,55,186,41,0,0,0,0,0,0
6336,0,0,0,0,0,10,0,0,0,0,3601,0
6337,0,77,0,0,2,0,716,686,23,0,0,0
6338,0,0,0,0,2,128,0,0,0,0,0,0
6339,0,0,0,2,9,42,0,0,0,0,0,0
6340,0,0,0,46,7,43,0,0,0,0,0,0
6341,0,0,0,0,0,0,296,58,0,0,0,0
6342,15,515,33,0,0,0,0,0,0,0,0,0
6343,0,0,0,11,8,206,0,0,0,0,0,0
6344,0,1,0,0,0,0,400,120,2,0,0,0
6345,0,0,0,0,20,202,0,0,0,0,3,0
6346,2,56,0,0,0,0,0,0,0,0,0,0
6347,0,0,0,0,0,5,0,0,0,18,1682,3
6348,0,0,0,16,3,21,0,0,0,0,0,0
6349,0,0,0,0,4,0,300,1730,20,0,0,0
6350,0,69,36,0,0,0,0,0,0,1,0,0
6351,31,69,28,0,0,0,1,0,0,0,0,0
6352,0,7,0,0,19,0,2935,2351,15,0,0,0
6353,0,0,0,7,104,398,0,1,0,0,16,0
6354,0,0,0,0,0,12,0,0,0,0,2868,0
6355,374,232,22,2,0,0,1,0,0,0,0,0
6356,0,0,0,0,0,0,101,3,2,0,0,0
6357,29,59,75,0,0,0,0,0,0,0,0,0
6358,0,2,1,0,0,0,536,337,1,0,0,0
6359,0,0,0,0,0,0,270,110,1,0,0,0
6360,4,109,5,0,0,0,0,0,0,0,0,0
6361,0,0,0,0,0,2,0,0,0,11,1747,0
6362,0,30,0,0,1,0,997,96,3,0,0,0
6363,0,0,0,0,0,6,0,0,0,45,1143,0
6364,0,1,0,0,0,0,605,220,1,0,0,0
6365,0,0,1,0,0,0,0,0,0,73,3,1
6366,240,262,5,8,0,0,1,0,0,0,0,0
6367,0,0,0,0,1,0,111,698,1,0,0,0
6368,0,1,0,0,0,0,641,1,0,0,0,0
6369,0,1,0,0,0,0,89,16,1,0,0,0
6370,4,64,8,0,0,0,0,0,0,0,0,0
6371,3,367,37,0,0,0,0,0,0,0,1,0
6372,0,0,0,18,1,86,0,0,0,0,1,0
6373,0,5,0,0,48,0,404,517,4,0,0,0
6374,0,0,0,0,1,0,136,165,5,0,0,0
6375,3,190,25,0,0,0,0,0,0,0,0,0
6376,0,0,0,5,73,858,0,0,0,0,11,0
6377,3,39,1,0,0,0,0,0,0,0,0,0
6378,6,89,8,0,0,0,0,0,0,0,0,0
6379,0,0,0,11,96,862,0,1,0,0,27,0
6380,0,0,0,0,0,2,0,0,0,13,787,0
6381,0,0,0,11,82,15,0,0,0,0,0,0
6382,0,0,0,106,7,44,0,0,0,0,0,0
6383,0,0,0,0,0,0,72,13,2,0,0,0
6384,0,0,0,0,0,1,0,0,0,5,339,1
6385,0,0,0,0,0,3,0,0,0,59,433,3
6386,0,0,0,53,17,49,0,0,0,0,0,0
6387,0,0,0,0,0,0,262,8,2,0,0,0
6388,0,0,0,0,0,21,0,0,0,2,1686,1
6389,0,11,0,0,0,0,241,2,0,0,0,0
6390,12,72,42,0,0,0,0,0,0,0,0,0
6391,12,147,109,0,0,0,4,0,0,0,0,0
6392,0,1,0,0,5,0,343,107,5,0,0,0
6393,3,227,28,0,0,0,1,0,0,0,0,0
6394,0,0,0,22,17,805,0,0,0,0,0,0
6395,0,0,0,0,0,9,0,0,0,22,1804,3
6396,0,0,0,48,2,119,0,0,0,0,0,0
6397,18,17,3,0,0,0,1,0,0,0,0,0
6398,1,39,98,0,0,0,0,0,0,0,0,0
6399,12,91,11,0,0,0,1,0,0,0,0,0
6400,1,40,0,0,0,0,1,0,0,0,0,0
6401,0,0,1,0,0,20,0,0,0,65,3839,3
6402,0,0,0,4,18,1280271,0,0,0,5,1283930,93
6403,53,73,8,0,0,0,0,0,0,0,0,0
6404,0,0,0,0,10,0,147,3073,7,0,0,0
6405,0,0,0,0,5,22,0,0,0,0,0,0
6406,0,0,1,0,0,0,0,0,0,140,378,1
6407,1,0,0,179,200,103,0,1,0,0,2,0
6408,0,0,0,0,0,83,0,0,0,158,19468,1
6409,0,0,0,37,12,753,0,0,0,0,6,0
6410,0,3,0,0,0,0,1445,1,1,0,0,0
6411,478,136,34,0,0,0,3,0,0,0,0,0
6412,22,155,52,2,0,0,1,0,0,0,0,0
6413,0,1,0,0,0,0,125,0,3,0,0,0
6414,1,94,15,0,0,0,1,0,0,0,0,0
6415,20,107,139,0,0,0,1,0,0,0,2,0
6416,0,0,0,0,2,0,59,181,4,0,0,0
6417,0,0,0,5,4,102,0,0,0,0,0,0
6418,181,69,1,1,0,0,0,0,0,0,0,0
6419,0,8,0,0,2,0,1045,137,5,0,0,0
6420,0,0,0,4,2,24,0,0,0,0,0,0
6421,0,0,0,0,52,0,103,4268,13,0,0,0
6422,0,1,0,0,0,0,192,0,1,0,0,0
6423,3,37,4,0,0,0,0,0,0,0,0,0
6424,10,369,202,0,0,0,1,0,0,0,0,0
6425,68,729,5,0,0,0,0,0,0,0,0,0
6426,43,242,45,0,0,0,0,0,0,0,0,0
6427,0,0,0,2,7,394,0,0,0,0,0,0
6428,0,0,0,0,0,8,0,0,0,24,1172,37
6429,0,0,1,0,0,0,0,0,0,76,302,1
6430,0,0,0,15,2,273,0,0,0,0,7,0
6431,1,17,1,0,0,0,0,0,0,0,0,0
6432,0,0,0,0,0,3,0,0,0,27,650,1
6433,0,0,0,0,0,0,0,0,0,21,577,2
6434,110,78,4,2,0,0,0,0,0,0,0,0
6435,0,0,0,5,1,386,0,0,0,0,2,0
6436,0,86,0,0,0,0,0,0,0,0,0,0
6437,0,0,0,0,0,0,0,0,0,25,1,2
6438,4,62,4,0,0,0,0,0,0,0,0,0
6439,0,0,0,0,1,0,108,166,275,0,0,4
6440,1,21,15,0,0,0,0,0,0,0,0,0
6441,2,3414,13,0,0,0,26,0,0,0,0,0
6442,4,166,219,0,0,0,0,0,0,0,0,0
6443,0,0,0,0,2,0,165,603,4,0,0,0
6444,1,140,8,0,0,0,1,0,0,0,0,0
6445,0,0,2,0,0,101,0,0,0,66,2111,4
6446,0,2,0,0,4,0,832,1792,8,0,0,0
6447,0,0,0,0,14,51,0,0,0,0,0,0
6448,0,0,0,11,23,60,0,0,0,0,0,0
6449,0,0,0,0,0,62,0,0,1,80,3709,7
6450,0,0,0,3,10,40,0,0,0,0,0,0
6451,0,0,0,28,0,93,0,0,0,0,0,0
6452,0,0,0,0,0,0,33,0,1,0,0,0
6453,125,148,19,2,0,0,1,0,0,0,0,0
6454,0,0,0,0,4,0,43,118,1,0,0,0
6455,0,0,0,1,2,45,0,0,0,0,0,0
6456,0,0,0,0,0,0,83,9,0,0,0,0
6457,0,0,0,0,2,89,0,0,0,0,0,0
6458,0,58,1,0,0,0,0,0,0,0,0,0
6459,0,487,40,0,0,0,2,0,0,0,0,0
6460,0,0,0,3,0,41,0,0,0,0,0,0
6461,0,0,0,0,0,0,266,252,1,0,0,0
6462,0,0,0,0,1,25,0,0,0,0,0,0
6463,0,0,0,0,5,0,30,1170,115,0,0,1
6464,0,73,25,0,0,0,1,0,0,0,0,0
6465,6,43,5,0,0,0,0,0,0,0,0,0
6466,10,117,5,0,0,0,1,0,0,0,0,0
6467,1,38,73,0,0,0,1,0,0,0,0,0
6468,0,0,0,0,0,8,0,0,0,257,1323,14
6469,0,0,0,2,2,306,0,0,0,0,0,0
6470,0,17,86,0,0,0,0,0,0,0,0,0
6471,0,0,0,0,0,2,0,0,0,98,826,1
6472,0,0,1,0,0,6,0,0,0,149,909,0
6473,0,0,0,0,0,0,682,1,6,0,0,0
6474,15,161,181,0,0,0,1,0,0,0,0,0
6475,18,39,100,0,0,0,0,0,0,0,0,0
6476,0,0,0,0,5,0,87,977,0,0,0,0
6477,0,0,0,1,20,178,0,0,0,0,2,0
6478,0,0,0,14,0,2192,0,0,0,0,35,0
6479,0,0,0,0,1,0,226,118,0,0,0,0
6480,0,0,0,0,3,14,0,0,0,0,0,0
6481,6,43,0,0,0,0,0,0,0,0,0,0
6482,0,0,0,0,0,0,134,1,7,0,0,0
6483,0,0,0,0,2,0,43,115,0,0,0,0
6484,70,142,21,1,0,0,0,0,0,0,0,0
6485,0,3,0,0,0,0,264,112,0,0,0,0
6486,0,125,4,0,0,0,2,0,0,0,0,0
6487,0,0,0,0,0,7,0,0,0,2,717,3
6488,8,148,9,0,0,0,0,0,0,0,0,0
6489,0,0,0,3,10,146,0,0,0,0,0,0
6490,0,0,0,10,2,15,0,0,0,0,0,0
6491,0,205,0,0,0,0,2,0,0,0,0,0
6492,0,0,0,5,4,995,0,0,0,0,30,0
6493,2,11,1,0,0,0,0,0,0,0,0,0
6494,0,0,0,0,0,0,0,0,0,52,287,9
6495,0,0,0,19,4,41,0,0,0,0,0,0
6496,0,0,0,15,1,85,0,0,0,0,1,0
6497,0,369,1,0,0,0,0,0,0,0,0,0
6498,38,58,7,0,0,0,0,0,0,0,0,0
6499,2,27,0,0,0,0,0,0,0,0,0,0
6500,0,0,0,0,0,14,0,0,0,31,2129,0
6501,0,0,0,0,0,11,0,0,0,52,889,3
6502,87,105,26,1,0,0,0,0,0,0,0,0
6503,0,0,0,0,1,0,350,180,32,0,0,0
6504,0,0,0,0,0,0,0,0,0,36,501,1
6505,70,90,8,0,0,0,0,0,0,0,0,0
6506,2,33,48,0,0,0,0,0,0,1,0,0
6507,9,106,27,0,0,0,1,0,0,0,0,0
6508,0,0,0,0,6,70,0,0,0,0,0,0
6509,1,45,2,0,0,0,0,0,0,0,0,0
6510,6,43,13,0,0,0,0,0,0,0,0,0
6511,0,0,0,4,1,188,0,0,0,0,0,0
6512,4,30,51,0,0,0,2,0,0,0,0,0
6513,0,0,0,0,1,0,291,131,6,0,0,0
6514,0,0,0,1,51,18,0,0,0,0,0,0
6515,0,0,0,10,2,31,0,0,0,0,1,0
6516,0,0,0,1,0,18,0,0,0,0,0,0
6517,172,37,1,0,0,0,0,0,0,0,0,0
6518,1,33,12,0,0,0,0,0,0,0,0,0
6519,2,37,32,0,0,0,0,0,0,0,0,0
6520,4,519,3,0,0,0,0,0,0,0,0,0
6521,6,240,24,0,0,0,0,0,0,0,0,0
6522,1,0,0,282,13,60,0,0,0,0,3,0
6523,0,0,0,18,1,73,0,0,0,0,0,0
6524,1,42,3,0,0,0,0,0,0,0,0,0
6525,0,0,0,0,0,17,0,0,0,16,4759,1
6526,25,109,10,0,0,0,1,0,0,0,0,0
6527,0,0,0,0,0,0,80,3,89,0,0,0
6528,0,736,83,0,0,0,1,0,0,0,0,0
6529,6,140,31,0,0,0,0,0,0,0,0,0
6530,0,1,0,0,0,0,151,3,6,0,0,0
6531,26,178,36,0,0,0,4,0,0,0,0,0
6532,0,8,0,0,26,0,189,1004,9,0,0,0
6533,0,3,0,0,1,0,230,171,2,0,0,0
6534,0,0,0,0,1,21,0,0,0,0,0,0
6535,0,0,0,53,15,78,0,0,0,0,1,0
6536,0,19,0,0,34,0,284,581,2,0,0,0
6537,0,0,0,0,8,0,120,209,2,0,0,0
6538,0,0,0,0,0,23,0,0,1,41,1685,36
6539,0,0,1,0,0,247,0,0,0,94,7548,10
6540,43,61,39,1,0,0,0,0,0,0,0,0
6541,0,0,0,0,0,129,0,0,0,12,5531,1
6542,4,116,9,0,0,0,1,0,0,0,0,0
6543,0,0,0,0,0,22,0,0,0,0,2383,6
6544,2,64,12,0,0,0,0,0,0,0,0,0
6545,0,2,0,0,0,0,147,24,0,0,0,0
6546,1,366,55,0,0,0,3,0,0,0,0,0
6547,0,0,0,3,17,605,0,1,0,0,17,0
6548,0,0,0,0,0,1,0,0,0,355,717,2
6549,0,0,0,3,0,35,0,0,0,0,0,0
6550,3,83,7,0,0,0,0,0,0,0,0,0
6551,9,330,14,0,0,0,3,0,0,0,0,0
6552,0,0,0,45,20,236,0,0,0,0,3,0
6553,0,0,0,0,0,0,250,149,1,0,0,0
6554,0,0,0,0,4,0,823,531,1,0,0,0
6555,0,0,0,0,0,6,0,0,0,14,1152,2
6556,0,0,0,18,12,170,0,0,0,0,0,0
6557,0,0,0,0,0,0,56,22,0,0,0,0
6558,0,0,0,0,0,0,0,0,0,15,410,1
6559,0,0,0,18,381,132,0,2,0,0,0,0
6560,0,0,0,0,2,36,0,0,0,0,0,0
6561,1,313,11,0,0,0,0,0,0,0,0,0
6562,0,0,0,0,0,47,0,0,0,0,0,0
6563,0,0,0,0,0,0,59,29,3,0,0,0
6564,0,0,0,2,0,20,0,0,0,0,0,0
6565,2,100,15,0,0,0,0,0,0,0,0,0
6566,0,8,0,0,12,0,174,844,0,0,0,0
6567,18,73,8,0,0,0,0,0,0,0,0,0
6568,0,0,0,1,0,29,0,0,0,45,3865,1
6569,2,34,2,0,0,0,0,0,0,0,0,0
6570,2,71,38,0,0,0,0,0,0,0,0,0
6571,0,0,0,2,14,219,0,0,0,0,0,0
6572,0,0,0,5,42,42,0,0,0,0,0,0
6573,0,0,0,0,0,98,0,0,0,75,6490,2
6574,0,0,0,7,2,41,0,0,0,0,0,0
6575,46,56,0,0,0,0,0,0,0,0,0,0
6576,0,0,0,0,0,0,50,274,2,0,0,0
6577,0,0,0,0,7,37,0,0,0,0,0,0
6578,0,0,0,0,0,1,0,0,0,25,1550,8
6579,0,0,0,6,100,1473,0,0,0,0,3,0
6580,0,0,0,2,2,232,0,0,0,0,0,0
6581,2,22,3,0,0,0,0,0,0,0,0,0
6582,0,0,0,0,0,5,0,0,2,15,2909,102
6583,0,0,0,5,2,51,0,0,0,0,0,0
6584,2,109,20,0,0,0,0,0,0,0,0,0
6585,0,0,0,2,18,142,0,0,0,0,89,0
6586,0,0,0,356,2,39,0,0,0,0,0,0
6587,0,28,321,0,0,0,0,0,0,0,0,0
6588,0,68,154,0,0,0,0,0,0,1,0,0
6589,0,3,0,0,0,0,210,421,10,0,0,0
6590,1,1157,60,0,0,0,0,0,0,0,0,0
6591,15,28,4,0,0,0,0,0,0,0,0,0
6592,0,100,4,0,0,0,0,0,0,0,0,0
6593,0,0,0,0,0,4,0,0,0,50,486,6
6594,0,0,0,0,0,2,0,0,0,41,387,3
6595,0,0,0,1,1,25,0,0,0,0,0,0
6596,2,25,0,0,0,0,0,0,0,0,0,0
6597,0,182,45,0,0,0,3,0,0,0,0,0
6598,0,0,0,17,1,193,0,0,0,0,0,0
6599,0,0,0,0,0,0,16,0,1,0,0,0
6600,4,195,17,0,0,0,0,0,0,0,0,0
6601,2,178,70,0,0,0,0,0,0,1,0,0
6602,0,0,0,0,24,137,0,0,0,0,3,0
6603,0,0,0,0,0,17,0,0,0,0,0,0
6604,1,877,1,0,0,0,0,0,0,0,0,0
6605,0,0,0,1,35,65,0,0,0,0,0,0
6606,0,0,0,0,0,11,0,0,0,12,2968,75
6607,0,0,0,53,0,53,0,0,0,0,0,0
6608,1,96,6,0,0,0,0,0,0,0,0,0
6609,0,1,0,0,5,0,42,364,1,0,0,0
6610,54,301,85,0,0,0,1,0,0,0,0,0
6611,0,0,0,0,3,0,30,172,2,0,0,0
6612,0,0,0,0,1,29,0,0,0,0,0,0
6613,1,20274,0,0,0,0,218,3,0,0,0,0
6614,0,0,0,4,2,355,0,0,0,0,2,0
6615,0,0,0,0,0,6,0,0,0,0,0,0
6616,1,2084,0,0,0,0,9,0,0,0,0,0
6617,0,0,0,0,0,0,214,225,3,0,0,0
6618,0,38,0,0,0,0,2328,44,0,0,0,0
6619,0,0,0,1,4,30,0,0,0,0,0,0
6620,0,0,0,37,2,23,0,0,0,0,0,0
6621,0,0,0,0,2,11,0,0,0,0,0,0
6622,0,17,0,0,0,0,3897,151,801,0,0,4
6623,0,148,9,0,0,0,2,0,0,0,0,0
6624,1,59,57,0,0,0,0,0,0,1,0,0
6625,10,86,63,0,0,0,0,0,0,1,0,0
6626,0,99,1,0,0,0,0,0,0,0,0,0
6627,0,0,0,0,0,85,0,0,0,40,3129,2
6628,0,0,0,0,0,20,0,0,0,47,2572,9
6629,0,0,2,0,0,6,0,0,0,50,2691,5
6630,0,0,0,0,4,30,0,0,0,0,0,0
6631,0,0,0,21,6,89,0,0,0,0,0,0
6632,0,0,0,0,1,0,66,77,2,0,0,0
6633,0,0,0,0,0,24,0,0,0,92,5468,4
6634,0,0,0,9,2,532,0,0,0,0,2,0
6635,4,33,3,0,0,0,0,0,0,0,0,0
6636,0,0,0,0,0,10,0,0,0,99,4153,6
6637,0,0,0,72,88,197,0,1,0,0,0,0
6638,0,0,0,0,0,502,0,0,0,49,56786,31
6639,6,135,2,0,0,0,2,0,0,0,0,0
6640,0,0,0,132,61,211,0,0,0,0,4,0
6641,0,0,0,0,0,0,45,106,0,0,0,0
6642,0,0,0,0,2,0,58,88,0,0,0,0
6643,0,0,0,2,7,106,0,0,0,0,1,0
6644,0,0,0,5,20,29,0,0,0,0,0,0
6645,0,0,0,0,0,29,0,0,0,0,0,0
6646,7,589,0,0,0,0,2,0,0,0,0,0
6647,0,1,0,0,0,0,252,49,0,0,0,0
6648,0,0,1,0,0,2,0,0,0,39,457,1
6649,0,0,0,64,21,92,0,0,0,0,0,0
6650,0,0,0,0,0,0,114,47,3,0,0,0
6651,0,0,0,0,0,16,0,0,0,11,1765,8
6652,0,0,0,14,6,236,0,0,0,0,2,0
6653,0,1,0,0,1,0,357,250,0,0,0,0
6654,0,0,0,9,4,544,0,0,0,0,0,0
6655,0,0,0,2,10,19,0,0,0,0,0,0
6656,0,46,0,0,0,0,0,0,0,0,0,0
6657,0,113,22,0,0,0,0,0,0,0,0,0
6658,0,0,0,14,2,422,0,0,0,0,2,0
6659,4,1233,2,0,0,0,5,0,0,0,0,0
6660,0,0,0,0,0,0,72,95,1,0,0,0
6661,0,0,0,3,22,13326,0,0,0,0,132,0
6662,0,0,0,0,0,0,863,25,31,0,0,0
6663,0,0,0,2,1,91,0,0,0,0,0,0
6664,0,0,0,0,0,1,0,0,0,10,568,27
6665,0,0,0,0,0,3,0,0,0,18,488,3
6666,0,0,0,0,0,1,0,0,0,67,486,1
6667,0,0,0,6,56,112,0,0,0,0,0,0
6668,0,0,0,31,2,141,0,0,0,0,2,0
6669,0,0,0,0,0,0,0,44,2,0,0,0
6670,0,0,0,0,0,0,2,41,0,0,0,0
6671,0,2,0,0,0,0,593,34,1,0,0,0
6672,7,468,44,0,0,0,0,0,0,8,0,0
6673,0,0,0,6,1,858,0,0,0,0,3,0
6674,0,70,0,0,0,0,0,0,0,0,0,0
6675,0,0,0,0,0,2,0,0,0,35,674,1
6676,0,0,0,3,0,28,0,0,0,0,0,0
6677,0,402,1,0,0,0,0,0,0,0,0,0
6678,0,0,0,0,0,20,0,0,0,0,0,0
6679,21,234,1,0,0,0,0,0,0,0,0,0
6680,0,0,0,0,0,0,50,41,1,0,0,0
6681,0,0,0,0,0,7,0,0,0,1,1035,0
6682,0,0,0,2,0,109,0,0,0,0,0,0
6683,7,265,3,0,0,0,0,0,0,0,0,0
6684,5,77,65,0,0,0,0,0,0,1,0,0
6685,0,0,0,2,26,166,0,0,0,0,0,0
6686,0,0,0,2,22,23,0,7,0,0,0,0
6687,1,86,2,0,0,0,1,0,0,0,0,0
6688,0,0,0,0,0,54,0,0,0,0,0,0
6689,0,0,0,0,0,0,43,24,1,0,0,0
6690,0,0,0,0,0,3,0,0,0,2,540,1
6691,0,0,0,43,0,95,0,0,0,0,0,0
6692,0,63,0,0,0,0,1,0,0,0,0,0
6693,2,407,10,0,0,0,2,0,0,0,0,0
6694,0,3,0,0,3,0,1135,221,6,0,0,0
6695,0,0,0,0,0,16,0,0,0,33,734,1
6696,0,0,0,0,0,6,0,0,0,54,717,1
6697,0,0,0,7,9,62,0,0,0,0,0,0
6698,0,0,0,4,5,71,0,0,0,0,1,0
6699,0,0,0,1,7,112,0,0,0,0,2,0
6700,0,0,0,7,5,32,0,0,0,0,0,0
6701,0,0,0,0,0,12,0,0,0,35,2717,6
6702,0,0,0,3,6,52,0,0,0,0,0,0
6703,0,0,0,9,0,62,0,0,0,0,1,0
6704,32,1223,1,0,0,0,9,0,0,0,0,0
6705,2,457,37,0,0,0,0,0,0,0,0,0
6706,0,0,0,0,0,38,0,0,0,46,7885,1
6707,0,76,5,0,0,0,1,0,0,0,0,0
6708,21,179,124,0,0,0,0,0,0,7,0,0
6709,28,76,445,0,0,0,0,0,0,59,0,0
6710,0,1,0,0,0,0,118,383,0,0,0,0
6711,0,0,0,1,1,36,0,0,0,0,0,0
6712,0,0,0,8,6,39,0,0,0,0,0,0
6713,0,0,0,0,0,0,219,201,2,0,0,0
6714,0,0,0,0,4,36,0,0,0,0,0,0
6715,0,0,0,2,0,28,0,0,0,0,0,0
6716,14,836,0,0,0,0,7,0,0,0,0,0
6717,0,0,0,0,11,0,91,572,7,0,0,0
6718,0,0,0,2,0,48,0,0,0,0,0,0
6719,0,171,0,0,0,0,0,0,0,0,0,0
6720,0,0,0,0,0,7,0,0,0,10,1875,0
6721,8,63,4,0,0,0,0,0,0,0,0,0
6722,1,11,0,0,0,0,0,0,0,0,0,0
6723,0,0,0,0,0,4,0,0,0,3,1862,2
6724,0,0,0,3,0,170,0,0,0,0,0,0
6725,1,17,1,0,0,0,0,0,0,0,0,0
6726,0,0,0,0,0,28,0,0,0,15,3419,1
6727,0,0,0,0,0,39,0,0,0,0,0,0
6728,0,67,0,0,0,0,0,0,0,0,0,0
6729,0,119,13,0,0,0,0,0,0,0,0,0
6730,0,0,0,0,0,210,0,0,0,3,12475,0
6731,57,53,7,0,0,0,2,0,0,0,0,0
6732,0,0,0,3,1,43,0,0,0,0,1,0
6733,6,120,12,0,0,0,0,0,0,0,0,0
6734,0,0,0,0,0,0,256,56,1,0,0,0
6735,0,0,0,0,16,44,0,0,0,0,2,0
6736,0,0,0,19,1,298,0,0,0,0,2,0
6737,0,62,1,0,0,0,1,0,0,0,0,0
6738,0,0,0,0,0,1,0,0,0,26,330,1
6739,0,110,11,0,0,0,0,0,0,0,0,0
6740,0,0,0,0,0,2,0,0,0,7,553,2
6741,0,1,0,0,0,0,398,51,1,0,0,0
6742,0,0,0,0,0,0,51,35,0,0,0,0
6743,0,0,0,1,3,5,0,0,0,0,0,0
6744,0,0,0,0,0,0,74,125,4,0,0,0
6745,0,0,0,0,3,104,0,0,0,0,0,0
6746,0,0,0,12,6,53,0,0,0,0,0,0
6747,0,0,0,1,0,24,0,0,0,0,0,0
6748,11,68,0,0,0,0,0,0,0,0,0,0
6749,2,30,6,0,0,0,0,0,0,0,0,0
6750,0,91,0,0,0,0,1,0,0,0,0,0
6751,0,0,0,0,0,0,0,0,0,43,597,0
6752,0,0,0,0,0,51,0,0,0,144,681,0
6753,0,1,0,0,0,0,272,18,1,0,0,0
6754,0,0,0,1,7,207,0,0,0,0,1,0
6755,0,0,0,0,0,0,70,20,1,0,0,0
6756,0,0,0,0,0,61,0,0,0,0,0,0
6757,0,0,0,0,2,30,0,0,0,0,0,0
6758,0,0,0,4,2,7,0,0,0,0,0,0
6759,0,0,0,0,5,0,142,890,1,0,0,0
6760,0,0,0,0,2223,36,0,8,0,0,0,0
6761,0,51,0,0,0,0,0,0,0,0,0,0
6762,0,0,0,0,0,13,0,0,0,10,2992,0
6763,0,0,0,6,3,494,0,0,0,0,1,0
6764,1,79,0,0,0,0,0,0,0,0,0,0
6765,0,36,37,0,0,0,0,0,0,0,0,0
6766,0,0,0,27,2,38,0,0,0,0,0,0
6767,0,0,0,2,3,40,0,0,0,0,0,0
6768,1,128,0,0,0,0,0,0,0,0,0,0
6769,0,0,0,0,1,329,0,0,0,0,0,0
6770,5,93,3,0,0,0,1,0,0,0,0,0
6771,0,0,0,21,3,65,0,0,0,0,0,0
6772,0,0,0,0,0,0,64,15,2,0,0,0
6773,0,0,0,0,0,0,0,0,0,0,35,1
6774,0,0,0,0,0,0,0,0,0,1,10,0
6775,0,0,0,9,80,41,0,0,0,0,0,0
6776,0,0,0,0,0,3,0,0,0,0,0,0
6777,59,62,0,0,0,0,0,0,0,0,0,0
6778,0,0,0,0,1,228,0,0,0,0,0,0
6779,0,0,0,5,2,49,0,0,0,0,1,0
6780,0,0,0,1,6,23,0,0,0,0,0,0
6781,0,0,0,0,0,10,0,0,0,23,3494,4
6782,0,0,0,11,56,93,0,0,0,0,0,0
6783,0,0,0,0,3,6,0,0,0,0,0,0
6784,0,0,0,5,0,74,0,0,0,0,0,0
6785,0,21,0,0,0,0,0,0,0,0,0,0
6786,0,0,0,0,0,4,0,0,0,1,911,2
6787,0,0,0,4,8,22,0,0,0,0,0,0
6788,0,0,0,9,1,12,0,0,0,0,0,0
6789,0,0,0,8,0,2,0,0,0,0,0,0
6790,2,1419,0,0,0,0,2,0,0,0,0,0
6791,0,0,0,54,74,26,0,1,0,0,0,0
6792,0,0,0,0,3,34,0,0,0,0,0,0
6793,0,0,0,0,0,0,59,74,8,0,0,0
6794,0,0,0,0,0,2,0,0,0,6,747,3
6795,0,0,0,4,1,7,0,0,0,0,0,0
6796,1,4799,1,0,0,0,37,0,0,0,0,0
6797,0,0,0,0,0,0,0,0,0,2,0,2
6798,9,39,0,0,0,0,10,0,0,0,0,0
6799,6,53,71,0,0,0,0,0,0,0,0,0
6800,0,0,0,5,6,103,0,0,0,0,1,0
6801,0,0,0,0,1,8,0,0,0,0,0,0
6802,0,0,0,0,0,0,155,266,50,0,0,0
6803,0,0,0,3,8,36,0,0,0,0,0,0
6804,0,0,0,0,0,0,51,85,0,0,0,0
6805,0,0,0,0,1,86,0,0,0,0,0,0
6806,0,203,0,0,0,0,0,0,0,0,0,0
6807,0,0,0,0,0,6,0,0,0,103,1976,2
6808,0,0,0,1,114,58,0,0,0,0,0,0
6809,0,0,0,3,15,21,0,0,0,0,0,0
6810,0,0,0,3,7,93,0,0,0,0,0,0
6811,0,0,0,2,1,39,0,0,0,0,0,0
6812,2,216,0,0,0,0,0,0,0,0,0,0
6813,0,0,0,0,0,21,0,0,0,4,2505,4
6814,0,0,0,5,46,52,0,0,0,0,0,0
6815,0,53,0,0,0,0,0,0,0,0,0,0
6816,0,0,0,0,0,0,845,20,1,0,0,0
6817,2,24,11,0,0,0,0,0,0,0,0,0
6818,0,19,23,0,0,0,1,0,0,0,0,0
6819,0,0,0,0,0,0,46,223,2,0,0,0
6820,0,0,0,0,16,27,0,0,0,0,0,0
6821,0,413,0,0,0,0,0,0,0,0,0,0
6822,0,0,0,0,0,0,0,0,0,82,149,0
6823,7,118,3,0,0,0,1,0,0,0,0,0
6824,1,7,12,0,0,0,0,0,0,0,0,0
6825,0,107,48,0,0,0,0,0,0,0,0,0
6826,0,0,0,1,4,80,0,0,0,0,1,0
6827,0,0,0,0,1,21,0,0,0,0,0,0
6828,0,0,1,0,0,8,0,0,0,36,869,3
6829,0,0,0,11,0,29,0,0,0,0,0,0
6830,0,13,0,0,0,0,0,0,0,0,0,0
6831,0,0,0,0,0,0,73,25,0,0,0,0
6832,2,86,16,0,0,0,0,0,0,0,0,0
6833,6,91,4,0,0,0,0,0,0,0,0,0
6834,0,0,0,0,0,13,0,0,0,0,0,0
6835,0,0,0,11,1,67,0,0,0,0,0,0
6836,1,8,1,0,0,0,0,0,0,0,0,0
6837,1,635,24,0,0,0,1,0,0,0,1,0
6838,2,142,15,0,0,0,1,0,0,0,0,0
6839,0,1,0,0,0,0,46,13,1,0,0,0
6840,0,0,0,0,0,1,0,0,0,54,1883,1
6841,26,95,7,0,0,0,0,0,0,0,0,0
6842,0,0,0,24,36,147,0,0,0,0,0,0
6843,0,0,0,0,0,10,0,0,0,67,2096,18
6844,0,0,0,5,1,148,0,0,0,0,2,0
6845,13,38,5,0,0,0,0,0,0,0,0,0
6846,0,0,0,2,1,20,0,0,0,0,0,0
6847,0,0,0,0,0,0,86,167,8,0,0,0
6848,0,0,0,0,0,0,0,0,0,78,335,0
6849,0,0,2,0,0,0,0,0,0,221,34,0
6850,0,6,0,0,0,0,350,236,88,0,0,0
6851,0,23,3519,0,0,0,0,0,0,1497,1,0
6852,0,0,1,0,0,0,0,0,0,437,80,3
6853,0,0,0,2,8,519,0,0,0,0,4,0
6854,0,28,2,0,0,0,0,0,0,0,0,0
6855,0,0,1,0,0,2,0,0,0,116,688,4
6856,0,0,0,2,0,75,0,0,0,0,0,0
6857,2,15,1,0,0,0,0,0,0,0,0,0
6858,0,0,0,2,0,14,0,0,0,0,0,0
6859,130,96,0,6,0,0,0,0,0,0,0,0
6860,0,1,0,0,0,0,170,14,1,0,0,0
6861,0,0,0,0,0,7,0,0,0,11,416,1
6862,16,76,4,0,0,0,6,0,0,0,0,0
6863,3,30,4,0,0,0,0,0,0,0,0,0
6864,1,57,14,0,0,0,0,0,0,0,0,0
6865,0,0,0,0,34,0,119,3440,29,0,0,4
6866,30,1,24,0,0,0,0,0,0,0,0,0
6867,2,42,6,0,0,0,0,0,0,0,0,0
6868,0,0,0,3,1,893,0,0,0,0,13,0
6869,0,0,0,0,0,0,0,0,0,0,0,0
6870,0,0,0,0,0,0,0,0,0,14,89,13
6871,0,0,0,5,9,64,0,0,0,0,1,0
6872,0,2,0,0,0,0,135,27,29,0,0,2
6873,0,0,0,1,16,52,0,0,0,0,2,0
6874,0,0,0,0,0,0,0,0,0,0,0,0
6875,1,53,26,0,0,0,3,0,0,1,0,0
6876,3,39,15,0,0,0,0,0,0,1,0,0
6877,0,0,0,0,3,0,101,274,6,0,0,0
6878,0,71,1,0,0,0,0,0,0,0,0,0
6879,0,0,0,0,0,0,29,24,25,0,0,0
6880,0,0,0,0,1,42,0,0,0,0,0,0
6881,0,1,0,0,0,0,236,7,2,0,0,0
6882,0,0,0,0,3,42,0,0,0,0,0,0
6883,0,0,0,0,0,57,0,0,0,19,3497,0
6884,0,1,0,0,2,0,769,207,0,0,0,0
6885,0,0,0,0,0,0,2,114,11,0,0,0
6886,0,0,0,2,0,414,0,0,0,0,8,0
6887,1,144,3,0,0,0,0,0,0,0,0,0
6888,10,21,18,0,0,0,0,0,0,0,0,0
6889,52,137,32,0,0,0,1,0,0,0,0,0
6890,0,0,0,3,15,89,0,0,0,0,0,0
6891,0,0,0,2,4,9,0,0,0,0,0,0
6892,0,0,0,2,37,35,0,2,0,0,0,0
6893,0,0,0,1,0,1,0,0,0,0,0,0
6894,0,1,0,0,4,0,121,1718,1,0,0,0
6895,0,0,0,13,5,69,0,0,0,0,0,0
6896,0,0,0,0,0,46,0,0,0,31,5723,2
6897,0,0,0,11,1,0,0,0,0,0,0,0
6898,3,49,2,0,0,0,0,0,0,0,0,0
6899,0,0,0,0,0,0,8,2,1,0,0,0
6900,1,41,4,0,0,0,0,0,0,0,0,0
6901,0,0,0,0,0,0,222,83,3,0,0,0
6902,0,0,0,0,0,0,41,36,0,0,0,0
6903,0,0,0,0,0,0,0,0,0,2,129,1
6904,1,0,0,21,100,113,0,0,0,0,0,0
6905,0,0,0,5,213,5,0,3,0,0,0,0
6906,0,0,0,0,0,1,0,0,0,1,397,0
6907,45,204,976,1,0,0,0,0,0,11,0,0
6908,0,0,0,2,18,274,0,0,0,0,1,0
6909,0,0,0,12,4,20,0,0,0,0,0,0
6910,0,0,0,2,0,269,0,0,0,0,1,0
6911,1,71,0,0,0,0,1,0,0,0,0,0
6912,1,59,4,0,0,0,0,0,0,0,0,0
6913,0,0,0,0,4,34,0,0,0,0,0,0
6914,0,0,0,1,0,6,0,0,0,0,0,0
6915,1,7,0,0,0,0,0,0,0,0,0,0
6916,0,0,0,0,0,105,0,0,0,0,0,0
6917,0,0,0,2,2,13,0,0,0,0,0,0
6918,0,0,0,0,1,1,0,0,0,0,0,0
6919,0,4,0,0,0,0,165,237,0,0,0,0
6920,0,9,31,0,0,0,0,0,0,1,0,0
6921,5,126,21,0,0,0,1,0,0,0,0,0
6922,0,1,0,0,0,0,375,30,3,0,0,0
6923,0,0,0,1,1,4,0,0,0,0,0,0
6924,0,0,0,0,0,0,0,0,0,0,28,0
6925,2,80,0,0,0,0,0,0,0,0,0,0
6926,0,0,0,0,0,3,0,0,0,30,1373,0
6927,0,0,0,0,0,6,0,0,1,63,590,27
6928,0,0,0,0,0,23,0,0,0,0,0,0
6929,0,1,0,0,0,0,0,0,0,0,0,0
6930,2,40,5,0,0,0,0,0,0,0,0,0
6931,0,0,0,6,14,94,0,0,0,0,1,0
6932,0,0,0,2,0,21,0,0,0,0,1,0
6933,0,0,0,0,43,2,0,2,0,0,0,0
6934,0,0,0,1,2,328,0,0,0,0,5,0
6935,0,0,0,0,5,515,0,0,0,0,0,0
6936,0,0,0,0,0,138,0,0,0,9,4657,0
6937,0,0,0,14,0,137,0,0,0,0,0,0
6938,0,17,1,0,0,0,0,0,0,0,0,0
6939,1,23,3,0,0,0,0,0,0,0,0,0
6940,0,28,1,0,0,0,0,0,0,0,0,0
6941,0,0,0,0,0,26,0,0,0,123,3395,3
6942,0,0,0,3,0,2,0,0,0,0,0,0
6943,0,0,0,0,1,0,31,693,29,0,0,0
6944,1,549,33,0,0,0,3,0,0,0,0,0
6945,0,0,0,2,0,173,0,0,0,0,3,0
6946,1,16,0,0,0,0,0,0,0,0,0,0
6947,0,15,2,0,0,0,0,0,0,0,0,0
6948,1,332,35,0,0,0,0,0,0,0,0,0
6949,0,0,0,4,1,1021,0,0,0,0,1,0
6950,28,195,0,0,0,0,2,0,0,0,0,0
6951,0,0,0,1,7,43,0,0,0,0,0,0
6952,0,0,0,3,5,80,0,0,0,0,1,0
6953,11,59,1,1,0,0,0,0,0,0,0,0
6954,0,0,0,0,1,314684,0,0,0,1,2850,0
6955,4,42,9,0,0,0,0,0,0,0,0,0
6956,40,18,11,1,0,0,0,0,0,0,0,0
6957,0,0,0,4,29,32,0,0,0,0,0,0
6958,0,0,0,3,8,155,0,0,0,0,1,0
6959,0,0,0,1,1,22,0,0,0,0,0,0
6960,10,0,0,0,1,0,11,93,1,0,0,0
6961,0,0,0,0,10,0,15,389,95,0,0,0
6962,0,0,0,0,27,19,0,0,0,0,0,0
6963,0,0,0,1,0,20,0,0,0,0,0,0
6964,0,0,0,0,1,215,0,0,0,0,2,0
6965,0,0,0,1,5,25,0,0,0,0,0,0
6966,0,0,0,1,0,19,0,0,0,0,0,0
6967,2,672,1,0,0,0,22,1,0,0,0,0
6968,0,0,0,0,0,374,0,0,0,13,6437,1
6969,0,0,0,0,0,41,0,0,0,0,0,0
6970,3,113,3,0,0,0,0,0,0,0,0,0
6971,0,0,0,0,3,373,0,0,0,0,4,0
6972,0,0,0,0,0,28,0,0,0,0,0,0
6973,12,66,1,0,0,0,0,0,0,0,0,0
6974,1,10,9,0,0,0,0,0,0,0,0,0
6975,0,0,0,0,1,0,1,315,1,0,0,0
6976,0,0,0,0,0,28,0,0,0,0,1,0
6977,0,0,0,0,0,0,384,39,1,0,0,0
6978,0,0,0,0,8,78,0,0,0,0,2,0
6979,0,0,0,159,21,30,0,0,0,0,0,0
6980,1,0,0,114,1,2,0,0,0,0,0,0
6981,0,1,0,0,1,0,165,157,2,0,0,0
6982,0,0,0,0,0,26,0,0,0,0,3083,0
6983,0,0,0,0,0,2,0,0,0,181,516,0
6984,0,0,0,0,1,4,0,0,0,0,0,0
6985,405,23,3,4,0,0,0,0,0,0,0,0
6986,0,0,0,0,0,0,135,236,1,0,0,0
6987,0,0,0,0,0,0,0,141,6,0,0,0
6988,0,0,0,0,1,134,0,0,0,0,6,0
6989,0,0,0,19,38,52,0,0,0,0,1,0
6990,0,0,0,0,0,65,0,0,2,75,5441,117
6991,0,0,0,3,7,102,0,0,0,0,1,0
6992,0,0,0,4,5,27,0,0,0,0,0,0
6993,0,0,0,0,0,45,0,0,0,0,0,0
6994,14,34,0,0,0,0,1,0,0,0,0,0
6995,1,21,47,0,0,0,0,0,0,0,0,0
6996,0,0,0,1,22,289,0,0,0,0,2,0
6997,0,0,0,0,0,32,0,0,0,36,1095,0
6998,0,0,0,2,0,210,0,0,0,0,0,0
6999,11,18,0,1,0,0,0,0,0,0,0,0
7000,0,0,0,0,0,7,0,0,0,0,669,0
7001,0,0,0,26,32,41,0,0,0,0,0,0
7002,0,0,0,0,0,6,0,0,0,0,751,0
7003,15,74,4,0,0,0,0,0,0,0,0,0
7004,1,46,4,0,0,0,0,0,0,1,0,0
7005,0,0,0,0,0,3,0,0,0,141,369,0
7006,0,0,1,0,0,4,0,0,0,57,1064,26
7007,0,0,0,0,0,0,137,56,0,0,0,0
7008,0,0,0,0,0,63,0,0,0,5,274,0
7009,1,0,0,113,7,90,0,0,0,0,1,0
7010,0,1,0,0,1,0,97,45,1,0,0,0
7011,0,0,0,0,0,12,0,0,0,17,2338,3
7012,0,0,0,36,16,67,0,0,0,0,0,0
7013,0,0,0,1,1,322,0,0,0,0,2,0
7014,0,0,0,1,0,22,0,0,0,0,0,0
7015,2,41,181,0,0,0,0,0,0,0,0,0
7016,0,5,0,0,0,0,81,230,4,0,0,0
7017,0,5,0,0,1,0,120,24,1,0,0,0
7018,0,0,0,2,3,43,0,0,0,0,0,0
7019,0,0,0,0,3,0,101,168,1,0,0,0
7020,0,0,0,1,133,40,0,0,0,0,0,0
7021,0,0,0,0,10,107,0,0,0,0,5,0
7022,0,0,0,8,4,181,0,0,0,0,3,0
7023,0,0,0,0,0,22,0,0,0,0,0,0
7024,61,85,1,0,0,0,0,0,0,0,0,0
7025,3,176,13,0,0,0,0,0,0,0,0,0
7026,0,0,0,4,1,178,0,0,0,0,0,0
7027,0,0,0,0,1,0,74,312,2,0,0,0
7028,0,0,0,1,11,20,0,0,0,0,0,0
7029,0,0,0,0,0,17,0,0,0,262,2279,2
7030,0,0,0,19,3,82,0,0,0,0,0,0
7031,4,95,0,0,0,0,0,0,0,0,0,0
7032,19,76,11,0,0,0,0,0,0,0,0,0
7033,0,0,0,5,10,132,0,0,0,0,1,0
7034,0,0,0,42,89,56,0,0,0,0,0,0
7035,0,0,0,13,0,44,0,0,0,0,1,0
7036,10,48,2,0,0,0,1,0,0,0,0,0
7037,0,0,0,0,2,0,161,510,4,0,0,0
7038,0,4,0,0,1,0,285,63,0,0,0,0
7039,0,0,0,0,0,3,0,0,0,57,766,1
7040,47,132,18,0,0,0,0,0,0,0,0,0
7041,0,0,0,32,12,143,0,0,0,0,1,0
7042,0,0,0,0,559,0,163,29815,2,0,0,0
7043,0,0,0,0,0,2,0,0,0,13,378,1
7044,0,0,1,0,0,6,0,0,0,98,700,3
7045,0,0,0,0,90,352,0,5,0,0,3,0
7046,0,0,0,1,13,5,0,0,0,0,0,0
7047,0,0,0,0,0,10,0,0,0,11,555,0
7048,0,0,0,5,8,118,0,0,0,0,4,0
7049,0,0,0,0,1,545,0,0,0,0,3,0
7050,0,128,11,0,0,0,2,0,0,1,0,0
7051,0,0,0,0,0,4,0,0,0,0,524,0
7052,0,0,0,2,10,2,0,0,0,0,0,0
7053,0,0,0,0,0,0,2,0,0,0,0,0
7054,0,0,0,0,0,32,0,0,0,0,0,0
7055,0,39,2,0,0,0,0,0,0,0,0,0
7056,0,0,7,0,0,15,0,0,0,100,1144,0
7057,0,0,0,34,158,279,0,0,0,0,5,0
7058,0,0,0,0,2,0,705,228,3,0,0,0
7059,0,5,0,0,1,0,425,247,2,0,0,0
7060,0,0,0,0,3,96,0,0,0,0,1,0
7061,0,0,0,7,0,265,0,0,0,0,2,0
7062,2,55,1,0,0,0,0,0,0,0,0,0
7063,0,0,0,0,0,10,0,0,0,1,685,1
7064,1,156,14,0,0,0,0,0,0,0,0,0
7065,0,0,0,0,0,0,48,54,8,0,0,0
7066,3,285,30,0,0,0,0,0,0,0,0,0
7067,0,2,0,0,0,0,199,6,14,0,0,0
7068,7,186,202,0,0,0,5,0,0,3,0,0
7069,54,106,40,0,0,0,0,0,0,0,0,0
7070,0,0,0,0,0,0,62,312,9,0,0,0
7071,0,0,0,0,0,0,69,249,13,0,0,0
7072,0,0,0,0,0,0,0,0,0,16,559,1
7073,0,0,0,0,0,1,0,0,0,0,0,0
7074,1,6,0,0,0,0,0,0,0,0,0,0
7075,0,0,0,0,0,108,0,0,0,0,1,0
7076,0,0,0,4,5,67,0,0,0,0,0,0
7077,0,0,0,0,1,53,0,0,0,0,0,0
7078,0,2,0,0,3,0,106,268,2,0,0,0
7079,16,44,63,0,0,0,0,0,0,14,0,0
7080,3,35,19,0,0,0,0,0,0,0,0,0
7081,0,0,0,0,0,8,0,0,0,32,1804,8
7082,0,0,0,2,84,45,0,0,0,0,0,0
7083,0,0,0,0,0,9,0,0,0,45,1325,3
7084,0,0,0,4,5,133,0,0,0,0,0,0
7085,15,25,6,0,0,0,0,0,0,0,0,0
7086,0,0,0,0,0,35,0,0,0,31,4825,2
7087,0,0,0,14,0,55,0,0,0,0,0,0
7088,39,27,0,0,0,0,0,0,0,0,0,0
7089,1,129,28,0,0,0,2,0,0,0,0,0
7090,0,0,0,4,4,167,0,0,0,0,0,0
7091,0,1,0,0,0,0,85,102,72,0,0,1
7092,0,0,0,3,16,231,0,0,0,0,4,0
7093,0,0,0,0,0,10,0,0,0,3,1013,0
7094,0,50,0,0,0,0,0,0,0,0,0,0
7095,0,0,0,0,0,3,0,0,0,10,306,0
7096,0,0,0,10,2,75,0,0,0,0,0,0
7097,0,922,0,0,0,0,15,0,0,0,0,0
7098,0,0,0,0,15,38,0,0,0,0,0,0
7099,0,0,0,17,4,30,0,1,0,0,1,0
7100,0,13,0,0,0,0,871,19,8,0,0,0
7101,0,0,0,0,0,51,0,0,0,46,1716,1
7102,8,146,63,2,0,0,0,0,0,2,0,0
7103,0,76,2,0,0,0,2,0,0,0,0,0
7104,0,0,0,0,0,15,0,0,0,18,857,2
7105,0,0,9,0,0,110,0,0,0,188,1690,4
7106,0,0,0,0,1,383,0,0,0,0,6,0
7107,0,10,1,0,0,0,0,0,0,0,0,0
7108,0,0,0,0,0,23,0,0,0,0,830,0
7109,0,0,0,26,2,0,0,0,0,0,0,0
7110,0,0,0,0,0,0,2,4,4,0,0,0
7111,0,0,0,0,0,77,0,0,0,0,0,0
7112,0,82,0,0,0,0,3,0,0,0,0,0
7113,0,0,0,0,0,28,0,0,0,11,3689,3
7114,0,0,0,48,7,89,0,0,0,0,0,0
7115,0,1,0,0,0,0,91,6,2,0,0,0
7116,0,2,0,0,4,0,86,147,16,0,0,2
7117,0,0,0,0,0,126,0,0,0,0,3,0
7118,2,0,0,86,24,13,0,6,0,0,1,0
7119,0,0,0,0,0,46,0,0,0,19,2715,1
7120,0,0,0,2,6,147,0,0,0,0,1,0
7121,23,647,3,0,0,0,8,0,0,0,0,0
7122,0,0,0,1,24,321,0,2,0,0,1,0
7123,0,123,8,0,0,0,2,0,0,0,0,0
7124,0,0,0,3,11,18843,0,0,0,21,1284687,0
7125,0,0,0,0,0,11,0,0,0,87,811,3
7126,0,0,0,1,295,79,0,0,0,0,0,0
7127,0,0,0,0,1,7,0,0,0,0,0,0
7128,0,0,0,0,0,0,6,3,2,0,0,0
7129,0,0,0,0,0,13,0,0,0,0,0,0
7130,9,83,2,0,0,0,3,0,0,0,0,0
7131,0,0,0,0,0,0,0,59,13,0,0,3
7132,0,0,0,1,2,37,0,0,0,0,0,0
7133,0,1,0,0,0,0,125,64,1,0,0,0
7134,0,0,0,0,3,42,0,0,0,0,0,0
7135,0,0,0,5,11,400,0,0,0,0,6,0
7136,0,0,0,25,2,1,0,0,0,0,0,0
7137,0,0,0,0,0,0,9,12,0,0,0,0
7138,0,0,0,0,1,46,0,0,0,0,0,0
7139,0,0,0,0,0,0,0,0,0,16,7,1
7140,0,0,0,2,0,0,0,0,0,0,0,0
7141,0,0,0,13,1,9,0,0,0,0,0,0
7142,21,1691,4,0,0,0,40,0,0,0,0,0
7143,0,0,0,0,11,0,77,275,1,0,0,0
7144,0,0,0,12,1,31,0,0,0,0,0,0
7145,0,12,0,0,0,0,257,46,0,0,0,0
7146,0,0,0,0,0,0,103,64,0,0,0,0
7147,0,0,0,0,1,55,0,0,0,0,0,0
7148,0,0,0,3,2,52,0,0,0,0,0,0
7149,0,0,0,0,1,15,0,0,0,0,0,0
7150,6,345,7,0,0,0,8,0,0,0,0,0
7151,0,0,0,0,0,0,0,3,0,0,0,0
7152,0,0,0,0,0,0,0,0,0,0,0,0
7153,0,0,0,7,8,116,0,0,0,0,1,0
7154,0,0,0,1,13,2,0,1,0,0,0,0
7155,0,0,0,0,0,0,0,0,0,0,5,0
7156,6,0,0,291,9,83,0,0,0,0,0,0
7157,0,0,0,13,2,221,0,0,0,0,28,0
7158,0,0,0,1,0,8,0,0,0,0,0,0
7159,0,25,1,0,0,0,0,0,0,0,0,0
7160,0,2,0,0,0,0,349,69,80,0,0,0
7161,2,86,10,0,0,0,1,0,0,0,0,0
7162,0,0,1,0,0,11,0,0,0,666,2506,15
7163,2,282,0,0,0,0,3,0,0,0,0,0
7164,0,0,0,0,0,12,0,0,0,59,2469,2
7165,0,0,0,0,0,11,0,0,0,268,3010,116
7166,0,0,0,2,0,3,0,0,0,0,0,0
7167,3,0,1,0,0,0,0,0,0,0,0,0
7168,0,0,0,1,0,757,0,0,0,0,9,0
7169,0,0,0,0,0,4,0,0,0,1,480,2
7170,0,0,0,0,0,7,0,0,0,5,123,1
7171,0,0,0,8,95,193,0,3,0,0,3,0
7172,0,0,0,0,28,5,0,0,0,0,0,0
7173,0,0,0,0,0,12,0,0,0,41,1553,1
7174,0,0,0,2,6,49,0,0,0,0,0,0
7175,0,0,0,4,4,56,0,0,0,0,0,0
7176,0,0,0,1,0,8,0,0,0,0,0,0
7177,0,66,0,0,0,0,1,0,0,0,0,0
7178,0,2,0,0,0,0,106,1,11,0,0,0
7179,5,4,16,0,0,0,0,0,0,0,0,0
7180,1,23,7,0,0,0,0,0,0,0,0,0
7181,0,13,0,0,0,0,0,0,0,0,0,0
7182,0,0,0,0,0,2,0,0,0,10,468,1
7183,0,0,0,1,0,35,0,0,0,0,0,0
7184,4,75,13,0,0,0,1,0,0,0,0,0
7185,0,0,0,36,2,210,0,0,0,0,3,0
7186,1,67,1,0,0,0,0,0,0,0,0,0
7187,0,0,0,0,0,0,0,0,0,1,3,0
7188,0,2,0,0,0,0,0,0,0,0,0,0
7189,0,65,0,0,0,0,0,0,0,0,0,0
7190,1,1036,0,0,0,0,4,1,0,0,0,0
7191,0,0,0,0,0,20,0,0,0,0,0,0
7192,0,0,0,4,9,89,0,2,0,0,1,0
7193,0,16,1,0,0,0,1,0,0,0,0,0
7194,0,0,0,0,0,9,0,0,0,40,424,0
7195,0,0,0,0,0,9,0,0,0,13,1409,1
7196,2,155,1,0,0,0,0,0,0,0,0,0
7197,0,0,0,2,0,1,0,0,0,0,0,0
7198,0,0,0,1,1,44,0,0,0,0,0,0
7199,0,0,0,1,22,13,0,0,0,0,0,0
7200,0,0,0,0,0,3,0,0,0,0,731,1
7201,7,8191,9,0,0,0,149,10,9,0,0,0
7202,0,0,0,0,21,41,0,0,0,0,0,0
7203,0,0,0,0,0,12,0,0,0,15,589,13
7204,0,0,0,38,2,133,0,0,0,0,3,0
7205,0,0,0,1,4,84,0,0,0,0,0,0
7206,0,0,0,0,1,4,0,0,0,0,0,0
7207,0,0,0,5,0,37,0,0,0,0,0,0
7208,0,2,0,0,0,0,0,0,0,0,0,0
7209,0,33,17,0,0,0,0,0,0,0,0,0
7210,1,51,31,0,0,0,0,0,0,0,0,0
7211,0,0,0,18,5,86,0,0,0,0,1,0
7212,0,0,0,0,0,0,0,11,1,0,0,0
7213,0,0,0,0,3,0,1,234,1,0,0,0
7214,0,2,0,0,0,0,136,17,1,0,0,0
7215,0,1,1,0,0,0,0,0,0,0,0,0
7216,0,0,0,1,0,179,0,0,0,0,1,0
7217,0,0,0,0,5,71,0,0,0,0,0,0
7218,0,0,0,0,0,36,0,0,0,0,0,0
7219,2,92,0,0,0,0,1,0,0,0,0,0
7220,2,5,0,0,0,0,0,0,0,0,0,0
7221,0,0,0,0,0,0,0,0,0,32,10,56
7222,1,0,0,86,24,58,0,0,0,0,0,0
7223,0,1,0,0,0,0,132,54,2,0,0,0
7224,0,0,0,0,0,8,0,0,0,69,1279,0
7225,0,0,0,8,23,59,0,0,0,0,0,0
7226,0,0,0,15,3,26,0,0,0,0,0,0
7227,0,0,0,29,14,7,0,1,0,0,0,0
7228,0,0,0,33,5,89,0,0,0,0,1,0
7229,0,2,0,0,0,0,40,219,0,0,0,0
7230,0,0,0,0,0,0,4,9,0,0,0,0
7231,0,0,0,0,0,8,0,0,0,68,527,0
7232,0,0,0,10,14,35,0,0,0,0,0,0
7233,0,0,0,2,1,16,0,0,0,0,0,0
7234,1,68,1,0,0,0,0,0,0,0,0,0
7235,0,0,0,0,2,0,78,392,2,0,0,0
7236,0,0,0,0,101,41,0,2,0,0,1,0
7237,0,0,0,37,6,102,0,0,0,0,0,0
7238,0,0,0,0,0,0,85,19,1,0,0,0
7239,0,0,0,0,0,3,0,0,0,0,457,18
7240,147,106,69,1,0,0,0,0,0,0,0,0
7241,0,0,0,0,0,0,0,3,1,0,0,0
7242,1,0,0,0,0,0,0,0,0,0,0,0
7243,0,1,0,0,0,0,124,1,0,0,0,0
7244,0,0,0,1,3,1,0,0,0,0,0,0
7245,0,0,0,0,0,0,0,10,2,0,0,0
7246,0,0,0,0,131,0,0,2653,0,0,0,0
7247,0,0,0,0,71,42,0,0,0,0,0,0
7248,0,0,0,1,79,12,0,0,0,0,0,0
7249,0,0,0,0,9,211,0,0,0,0,3,0
7250,0,0,0,4,405,16,0,0,0,0,0,0
7251,0,0,0,0,2,10,0,0,0,0,0,0
7252,0,1,0,0,9,0,706,720,1,0,0,0
7253,0,0,0,0,1,0,2,176,1,0,0,0
7254,0,0,0,0,0,0,0,0,10,0,2,92
7255,16,104,4,0,0,0,0,0,0,0,0,0
7256,0,0,0,0,0,36,0,0,0,0,0,0
7257,30,14,1,0,0,0,0,0,0,0,0,0
7258,0,0,0,0,0,404,0,0,0,0,4,1
7259,1,1289,11,0,0,0,4,0,0,0,0,0
7260,0,0,0,0,8,92,0,0,0,0,1,0
7261,0,0,0,64,3,25,0,0,0,0,0,0
7262,0,0,0,0,0,2,0,0,0,62,857,2
7263,0,0,0,2,0,13,0,0,0,0,0,0
7264,0,0,0,4,7,278,0,0,0,0,5,0
7265,0,0,0,0,2,174,0,0,0,0,1,0
7266,0,0,0,27,20,33,0,0,0,0,0,0
7267,0,0,0,0,0,9,0,0,0,7,4331,1
7268,1,6,0,0,0,0,0,0,0,0,0,0
7269,0,0,0,0,0,0,0,0,0,9,12,0
7270,0,0,0,6,0,38,0,0,0,0,0,0
7271,3,19,5,0,0,0,0,0,0,0,0,0
7272,0,26,0,0,0,0,2095,10,0,0,0,0
7273,0,0,0,0,0,0,287,83,7,0,0,0
7274,0,0,0,2,114,15,0,0,0,0,0,0
7275,0,0,0,2,5,33,0,0,0,0,0,0
7276,0,0,0,3,2,37,0,0,0,0,0,0
7277,0,0,0,2,0,59,0,0,0,0,1,0
7278,1,0,0,20,1,4,0,0,0,0,0,0
7279,0,0,0,0,0,39,0,0,0,24,3934,3
7280,0,0,0,1,0,19,0,0,0,0,0,0
7281,2,68,2,0,0,0,0,0,0,0,0,0
7282,0,0,0,0,0,257,0,0,0,0,0,0
7283,0,1,0,0,0,0,89,11,3,0,0,0
7284,0,0,0,0,1,296,0,0,0,0,2,0
7285,0,88,1,0,0,0,1,0,0,0,0,0
7286,0,0,0,0,0,0,0,0,0,54,7,0
7287,0,0,0,0,1,1,0,0,0,0,0,0
7288,4,0,0,204,50,457,0,1,0,0,4,0
7289,0,0,0,0,0,0,1,1,0,0,0,0
7290,0,0,0,0,1,0,246,90,2,0,0,0
7291,1,320,26,0,0,0,1,0,0,0,0,0
7292,0,0,0,31,27,1048,0,0,0,0,11,0
7293,0,0,0,0,18,40,0,0,0,0,0,0
7294,0,3,0,0,0,0,312,70,0,0,0,0
7295,0,22,0,0,2,0,1044,339,2,0,0,0
7296,0,0,0,0,0,17,0,0,0,1,743,0
7297,0,0,0,18,8,163,0,0,0,0,2,0
7298,0,0,0,0,0,0,61,39,1,0,0,0
7299,0,0,0,1,0,120,0,0,0,3,10071,0
7300,41,115,2,0,0,0,0,0,0,0,0,0
7301,2,306,12,0,0,0,4,0,0,0,0,0
7302,0,0,0,1,11,268,0,0,0,0,3,0
7303,0,0,0,0,0,19,0,0,0,27,2604,2
7304,33,20,8,0,0,0,0,0,0,0,0,0
7305,0,0,0,2,69,78,0,7,0,0,0,0
7306,0,0,0,0,12,0,60,926,10,0,0,0
7307,0,0,0,0,0,0,0,0,0,10,4,2
7308,0,37,0,0,0,0,0,0,0,0,0,0
7309,2,104,2,0,0,0,0,0,0,0,0,0
7310,0,0,0,7,55,89,0,1,0,0,1,0
7311,0,0,0,2,2,13,0,0,0,0,0,0
7312,0,2,0,0,7,1,147,197,6,0,0,0
7313,0,0,0,1,4,3,0,0,0,0,0,0
7314,0,0,0,2,2,2,0,0,0,0,0,0
7315,0,0,0,1,1,50,0,0,0,0,1,0
7316,0,0,0,2,5,21,0,0,0,0,0,0
7317,0,0,0,11,31,138,0,2,0,0,0,0
7318,0,0,0,0,0,16,0,0,0,24,982,0
7319,6,77,9,0,0,0,0,0,0,1,0,0
7320,0,3,0,0,2,0,120,49,38,0,2,2
7321,0,0,3,0,0,14,0,0,0,30,515,3
7322,24,0,0,142,1,76,0,0,0,0,0,0
7323,2,122,1,0,0,0,2,0,0,0,0,0
7324,0,0,0,1,0,151,0,0,0,0,1,0
7325,0,0,0,1,1,2,0,0,0,0,0,0
7326,0,0,0,4,0,4,0,0,0,0,0,0
7327,0,0,0,1,0,247,0,0,0,0,7,0
7328,0,0,0,0,3380,0,70,20161,0,0,0,0
7329,0,0,1,0,0,0,0,0,0,12,130,0
7330,21,57,6,0,0,0,0,0,0,0,0,0
7331,0,2,0,0,0,0,97,37,4,0,0,0
7332,0,0,0,0,0,66,0,0,0,0,0,0
7333,1,77,3,0,0,0,1,0,0,0,0,0
7334,0,0,0,0,0,2,0,0,0,5,838,0
7335,0,33,0,0,0,0,0,0,0,0,0,0
7336,0,0,0,1,32,57,0,0,0,0,0,0
7337,0,0,0,6,9,52,0,0,0,0,0,0
7338,0,0,0,1,0,2,0,0,0,0,0,0
7339,0,0,0,1,1,9,0,0,0,0,0,0
7340,1,355,0,0,0,0,1,0,0,0,0,0
7341,0,0,0,2,23,139,0,0,0,0,0,0
7342,0,0,0,0,1,43,0,0,0,0,0,0
7343,15,76,1,0,0,0,0,0,0,0,0,0
7344,0,0,0,0,0,0,92,22,0,0,0,0
7345,0,0,0,1,0,34,0,0,0,0,0,0
7346,0,1,1,0,0,0,0,0,0,0,0,0
7347,0,55,13,0,0,0,0,0,0,0,0,0
7348,26,0,0,3183,152,99,0,1,0,0,0,0
7349,0,0,0,1,1,2,0,0,0,0,0,0
7350,0,0,0,0,0,0,0,0,0,20,7,0
7351,0,0,0,4,25,42,0,0,0,0,0,0
7352,0,0,0,1,0,0,0,0,0,0,0,0
7353,0,0,0,0,23,0,0,498,0,0,0,0
7354,0,0,0,0,0,0,0,12,1,0,0,0
7355,0,0,0,0,0,0,0,0,0,46,223,2
7356,0,0,0,0,0,0,0,0,0,0,0,0
7357,0,0,0,0,29,84,0,0,0,0,0,0
7358,1,361,4,0,0,0,0,0,0,0,0,0
7359,0,0,0,1,1,53,0,0,0,0,0,0
7360,0,0,0,0,2,0,133,1760,13,0,0,0
7361,0,0,0,0,0,4,0,0,0,0,0,0
7362,0,0,0,0,0,0,0,7,0,0,0,0
7363,0,0,0,0,0,0,0,3,0,0,0,0
7364,0,0,0,0,0,66,0,0,0,0,0,0
7365,0,0,0,0,0,5,0,0,0,0,0,0
7366,2,86,1,0,0,0,1,0,0,0,0,0
7367,0,89,57,0,0,0,0,0,0,0,0,0
7368,0,0,0,0,0,65,0,0,0,0,0,0
7369,3,20,0,0,0,0,0,0,0,0,0,0
7370,0,30,0,0,0,0,0,0,0,0,0,0
7371,0,0,0,1,0,0,0,0,0,0,0,0
7372,0,0,0,1,0,761,0,0,0,0,4,0
7373,2,1,0,0,0,0,0,0,0,0,0,0
7374,0,48,7,0,0,0,0,0,0,0,0,0
7375,0,0,0,2,57,234,0,0,0,0,0,0
7376,0,0,7,0,0,2,0,0,0,26,380,3
7377,0,0,0,0,0,1,0,0,0,0,0,0
7378,0,0,0,16,0,47,0,0,0,0,0,0
7379,0,0,0,0,0,0,86,79,2,0,0,0
7380,0,0,0,0,0,11,0,0,0,0,0,0
7381,2,73,1,0,0,0,1,0,0,0,0,0
7382,0,0,0,0,0,0,0,0,0,140,1,0
7383,15,17,0,0,0,0,0,0,0,0,0,0
7384,4,39,1,0,0,0,0,0,0,0,0,0
7385,37,82,37,0,0,0,0,0,0,1,0,0
7386,2,0,0,885,3,193,0,0,0,0,0,0
7387,0,6,0,0,0,0,495,43,7,0,0,0
7388,0,61,0,0,0,0,563,9,2,0,0,0
7389,0,0,0,0,0,2,0,0,0,1,451,0
7390,0,0,1,0,0,4,0,0,0,46,1389,2
7391,0,0,0,0,0,0,0,0,0,2,81,1
7392,0,0,0,0,0,0,0,0,0,27,62,0
7393,0,3,0,0,102,0,639,14265,62,0,0,0
7394,2,108,22,0,0,0,1,0,0,0,0,0
7395,0,0,0,2,1,131,0,0,0,0,0,0
7396,0,0,0,3,12,52,0,0,0,0,0,0
7397,0,0,0,2,44,395,0,0,0,0,4,0
7398,0,0,0,0,0,0,0,0,0,0,172,0
7399,10,2863,39,0,0,0,24,0,0,0,0,0
7400,0,0,0,0,0,0,56,17,0,0,0,0
7401,0,0,0,0,0,2,0,0,0,0,729,1
7402,0,0,0,5,3,125,0,0,0,0,2,0
7403,2,24,2,0,0,0,0,0,0,0,0,0
7404,0,0,0,2,0,15,0,0,0,0,0,0
7405,0,0,0,0,3,0,67,815,2,0,0,0
7406,0,3,0,0,0,0,51,34,1,0,0,0
7407,0,0,0,1,5,5,0,0,0,0,0,0
7408,0,0,0,0,0,16,0,0,0,0,0,0
7409,0,0,3,0,0,0,0,0,0,0,0,0
7410,0,0,0,0,0,0,1,3,0,0,0,0
7411,0,87,1,0,0,0,0,0,0,0,0,0
7412,1,0,1,0,0,0,0,0,0,0,0,0
7413,0,0,0,0,0,1,0,0,0,0,0,0
7414,0,0,0,0,0,0,2,0,0,0,0,0
7415,0,0,0,0,0,7,0,0,0,0,0,0
7416,4,0,0,0,0,0,0,0,0,0,0,0
7417,0,0,0,0,0,0,0,0,1,0,762,40
7418,1,468,2,0,0,0,3,0,0,0,0,0
7419,0,0,0,0,0,66,0,0,0,0,0,0
7420,0,0,0,0,0,94,0,0,0,127,11096,1
7421,0,0,0,0,0,3,0,0,0,0,0,0
7422,0,0,0,0,2,4,0,0,0,0,0,0
7423,0,0,0,0,0,2,0,0,0,0,1034,0
7424,0,0,0,2,1734,72,0,15,0,0,0,0
7425,0,0,0,7,20,13,0,0,0,0,0,0
7426,0,0,0,60,8,39,0,0,0,0,0,0
7427,0,2,0,0,0,0,214,41,2,0,0,0
7428,0,0,0,0,0,0,0,0,0,0,448,0
7429,94,158,9,0,0,0,0,0,0,0,0,0
7430,0,0,0,1,24,1,0,0,0,0,0,0
7431,0,0,0,0,0,0,0,0,0,1,647,0
7432,15,255,6,0,0,0,11,0,0,0,0,0
7433,0,0,0,1,12,31,0,0,0,0,0,0
7434,0,0,0,46,0,4,0,0,0,0,0,0
7435,0,0,0,0,1,110,0,0,0,0,0,0
7436,0,0,0,0,0,32,0,0,0,0,0,0
7437,12,52,0,0,0,0,0,0,0,0,0,0
7438,0,0,0,0,0,597,0,0,0,0,0,0
7439,0,0,0,0,0,10,0,0,0,0,0,0
7440,0,131,0,0,0,0,0,0,0,0,0,0
7441,0,0,0,0,0,134,0,0,0,0,2,0
7442,0,0,0,0,0,0,29,17,1,0,0,0
7443,0,0,0,2,0,51,0,0,0,0,0,0
7444,5,288,10,0,0,0,0,0,0,0,0,0
7445,0,0,0,18,33,25,0,0,0,0,0,0
7446,0,0,0,0,0,0,0,2,1,0,0,0
7447,0,0,0,0,0,0,4,26,0,0,0,0
7448,0,94,7,0,0,0,0,0,0,0,0,0
7449,3,71,7,0,0,0,0,0,0,0,0,0
7450,14,55,8,0,0,0,0,0,0,0,0,0
7451,15,278,0,0,0,0,1,0,0,0,0,0
7452,0,0,0,0,9,0,42,3092,3,0,0,0
7453,0,0,0,0,0,405,0,0,0,0,3,0
7454,0,0,0,0,0,5,0,0,0,0,0,0
7455,2,112,0,0,0,0,0,0,0,0,0,0
7456,0,0,0,0,1,108,0,0,0,0,0,0
7457,0,0,0,0,0,0,36,10,0,0,0,0
7458,0,0,0,6,5,14,0,0,0,0,0,0
7459,0,2,0,0,2,0,126,299,0,0,0,0
7460,0,0,0,0,0,0,0,0,0,1,4,0
7461,0,0,0,0,0,0,0,0,0,0,0,0
7462,0,0,0,0,1,284,0,0,0,0,0,0
7463,0,0,0,0,0,0,36,87,1,0,0,0
7464,0,0,0,0,0,35,0,0,0,0,0,0
7465,0,0,0,8,2,40,0,0,0,0,0,0
7466,0,1,0,0,0,0,92,89,4,0,0,0
7467,0,0,0,0,0,7,0,0,0,0,0,0
7468,141,127,0,0,0,0,0,0,0,0,0,0
7469,0,1,0,0,0,0,50,86,10,0,0,0
7470,0,20,33,0,0,0,0,0,0,0,0,0
7471,0,0,0,0,0,1,0,0,0,45,810,0
7472,0,0,0,0,0,0,2,4,0,0,0,0
7473,0,0,0,0,0,0,1,8,1,0,0,0
7474,0,0,0,0,3,19,0,0,0,0,0,0
7475,0,0,0,0,0,0,0,0,0,0,0,0
7476,0,0,0,0,0,0,0,0,0,0,0,0
7477,0,0,0,0,0,72,0,0,0,0,0,0
7478,0,70,2,0,0,0,0,0,0,0,0,0
7479,10,716,73,0,0,0,1,0,0,0,0,0
7480,0,0,0,12,21,150,0,0,0,0,0,0
7481,0,0,0,8,19,2,0,0,0,0,0,0
7482,0,0,0,0,0,0,0,0,0,0,875,1
7483,12,250,10,0,0,0,0,0,0,0,0,0
7484,0,0,0,3,46,828,0,0,0,0,5,0
7485,0,0,0,0,0,1,0,0,0,0,121,0
7486,6,19,1,0,0,0,0,0,0,0,0,0
7487,1,15,3,0,0,0,0,0,0,0,0,0
7488,0,0,0,0,0,7,0,0,0,52,2549,0
7489,0,0,0,4,34,141,0,0,0,0,0,0
7490,0,0,0,0,0,1,0,0,0,0,0,0
7491,0,0,0,0,0,0,0,4,2,0,0,0
7492,0,0,0,0,0,26,0,0,0,0,0,0
7493,2,275,0,0,0,0,0,0,0,0,0,0
7494,0,0,0,3,0,28,0,0,0,0,0,0
7495,0,0,0,0,0,0,13,73,4,0,0,0
7496,3,18,34,0,0,0,0,0,0,0,0,0
7497,0,0,0,0,1,2,0,0,0,0,0,0
7498,0,0,0,0,0,0,9,14,0,0,0,0
7499,0,0,0,0,2,1,0,0,0,0,0,0
7500,0,0,0,0,0,0,0,1,0,0,0,0
7501,0,0,0,0,0,14,0,0,0,0,0,0
7502,0,0,0,0,0,0,0,0,0,0,0,0
7503,0,91,0,0,0,0,0,0,0,0,0,0
7504,0,0,0,0,0,1,0,0,0,3,867,0
7505,0,0,0,0,0,0,0,0,0,0,0,0
7506,0,52,0,0,0,0,0,0,0,0,0,0
7507,0,28,8,0,0,0,0,0,0,0,0,0
7508,0,0,0,0,0,0,0,0,0,0,27,0
7509,0,0,0,0,0,0,7,5,0,0,0,0
7510,0,0,0,0,0,17,0,0,0,0,0,0
7511,0,1,1,0,0,0,0,0,0,0,0,0
7512,1,31,0,0,0,0,0,0,0,0,0,0
7513,0,0,0,0,0,193,0,0,0,0,2,0
7514,1,0,0,0,0,0,0,0,0,0,0,0
7515,0,0,0,0,0,0,0,5,1,0,0,0
7516,1,302,0,0,0,0,0,0,0,0,0,0
7517,0,0,0,0,0,0,28,11,1,0,0,0
7518,0,0,0,0,0,0,0,0,0,1,216,0
7519,54,125,373,0,0,0,0,0,0,0,0,0
7520,0,4,0,0,0,0,0,0,0,0,0,0
7521,0,0,0,0,0,1,0,0,0,3,517,0
7522,10,128,1,0,0,0,0,0,0,0,0,0
7523,1,1,44,0,0,0,0,0,0,0,0,0
7524,0,0,0,0,0,0,0,2,4,0,0,0
7525,0,104,0,0,0,0,0,0,0,0,0,0
7526,0,0,0,0,0,0,308,20,0,0,0,0
7527,0,0,0,0,1,11,0,0,0,0,0,0
7528,0,0,1,0,0,42,0,0,0,112,7427,2
7529,0,0,0,0,0,0,4,0,0,0,0,0
7530,0,8,4,0,0,0,0,0,0,0,0,0
7531,16,110,10,0,0,0,0,0,0,0,0,0
7532,0,0,0,1,0,4,0,0,0,0,0,0
7533,0,0,0,0,0,0,0,0,1,0,0,0
7534,0,0,0,1,0,297,0,0,0,0,1,0
7535,2,81,0,0,0,0,0,0,0,0,0,0
7536,0,0,0,0,0,0,0,0,0,9,452,0
7537,4,82,4,0,0,0,0,0,0,0,0,0
7538,1,1,0,0,0,0,0,0,0,0,0,0
7539,0,0,0,0,0,0,0,0,0,0,4,0
7540,0,0,0,1,0,3067,0,0,0,0,1,0
7541,0,8,0,0,0,0,0,0,0,0,0,0
7542,0,0,0,1,1,0,0,0,0,0,0,0
7543,0,0,0,2,0,234,0,0,0,0,0,0
7544,0,0,0,0,0,0,43,110,1,0,0,0
7545,0,0,0,0,0,11,0,0,0,0,0,0
7546,0,0,0,7,0,49,0,0,0,0,0,0
7547,0,1,2,0,0,0,0,0,0,0,0,0
7548,0,285,8,0,0,0,1,0,0,0,0,0
7549,0,0,0,3,13,111,0,0,0,0,0,0
7550,0,0,0,0,0,0,6,3,2,0,0,0
7551,0,0,0,0,1,0,0,3,1,0,0,0
7552,0,0,0,0,3,32,0,0,0,0,0,0
7553,0,0,0,0,1,0,145,112,4,0,0,0
7554,0,0,0,0,1,190,0,0,0,0,1,0
7555,0,0,0,2,0,29,0,0,0,0,0,0
7556,0,0,0,0,0,0,0,0,0,0,0,0
7557,0,1,0,0,0,0,121,2,0,0,0,0
7558,0,81,1,0,0,0,1,0,0,0,0,0
7559,0,0,34,0,0,0,0,0,0,0,0,0
7560,0,9,0,0,0,0,514,0,1,0,0,0
7561,0,1,0,0,0,0,453,5,0,0,0,0
7562,0,0,0,0,7,84,0,0,0,0,0,0
7563,0,0,0,0,0,0,0,0,0,1,7,14
7564,0,0,0,0,0,13,0,0,0,115,4523,6
7565,0,0,0,0,0,9,0,0,0,0,0,0
7566,0,0,0,1,0,4,0,0,0,0,0,0
7567,0,0,0,0,0,37,0,0,0,0,0,0
7568,0,0,0,1,0,0,0,0,0,0,0,0
7569,0,1,0,0,0,0,0,0,0,0,0,0
7570,0,0,0,0,0,68,0,0,0,0,0,0
7571,0,0,0,0,0,0,39,2,2,0,0,0
7572,0,0,0,0,0,7,0,0,0,0,0,0
7573,0,0,0,0,0,1,0,0,0,71,579,25
7574,0,0,0,1,1,64,0,0,0,0,1,0
7575,1,12,4,0,0,0,0,0,0,0,0,0
7576,0,0,0,0,0,262,0,0,0,0,0,0
7577,0,0,0,0,0,0,3,16,0,0,0,0
7578,0,0,0,0,0,0,0,0,0,2,15,0
7579,0,0,0,9,1,74,0,0,0,0,0,0
7580,0,3,0,0,0,0,0,0,0,0,0,0
7581,2,35,0,0,0,0,0,0,0,0,0,0
7582,0,0,0,1,1,328,0,0,0,0,13,0
7583,0,0,0,0,0,0,0,0,0,0,0,0
7584,0,0,0,0,0,0,2,2,0,0,0,0
7585,7,59,169,0,0,0,0,0,0,0,0,0
7586,0,0,0,0,0,0,0,1,1,0,0,0
7587,0,0,0,0,0,0,0,1,1,0,0,0
7588,0,0,0,0,2,31,0,0,0,0,0,0
7589,0,73,4,0,0,0,1,0,0,0,0,0
7590,11,99,13,0,0,0,0,0,0,0,0,0
7591,0,197,77,0,0,0,1,0,0,1,0,0
7592,0,0,0,0,0,0,33,76,0,0,0,0
7593,0,0,0,0,0,0,6,1,3,0,0,0
7594,0,0,0,0,0,0,0,0,0,10,461,1
7595,0,0,0,0,1,19,0,0,0,0,0,0
7596,0,0,0,5,1,3,0,0,0,0,0,0
7597,0,0,0,0,0,28,0,0,0,0,0,0
7598,0,0,0,0,0,1,0,0,0,0,0,0
7599,0,0,0,0,0,0,0,3,1,0,0,0
7600,0,0,0,0,0,52,0,0,0,1,5336,0
7601,0,11,3,0,0,0,0,0,0,0,0,0
7602,1,70,3,0,0,0,0,0,0,0,0,0
7603,2,258,2,0,0,0,3,0,0,0,0,0
7604,0,0,0,0,0,10,0,0,0,101,1455,3
7605,0,0,0,6,0,65,0,0,0,0,1,0
7606,11,19,0,0,0,0,0,0,0,0,0,0
7607,0,0,0,0,0,0,0,0,0,0,5,0
7608,1,4,0,0,0,0,0,0,0,0,0,0
7609,0,0,0,0,0,5,0,0,0,1,1554,0
7610,13,5,4,0,0,0,0,0,0,0,0,0
7611,1,47,0,0,0,0,0,0,0,0,0,0
7612,0,0,0,0,5,114,0,0,0,0,0,0
7613,0,0,0,0,0,0,0,0,0,0,0,0
7614,0,0,0,0,0,0,0,0,0,0,0,0
7615,0,0,0,0,0,0,2,1,1,0,0,0
7616,0,2,0,0,0,0,0,0,0,0,0,0
7617,0,2,1,0,0,0,0,0,0,0,0,0
7618,0,0,0,1,1,109,0,0,0,0,0,0
7619,0,0,0,0,1,1,0,0,0,0,0,0
7620,0,0,0,0,0,0,0,0,0,0,0,0
7621,0,0,0,0,2,32,0,0,0,0,0,0
7622,0,3,0,0,1,0,206,126,1,0,0,0
7623,0,0,0,0,64,24,0,0,0,0,0,0
7624,0,0,0,3,1,396,0,0,0,0,0,0
7625,0,38,0,0,0,0,0,0,0,0,0,0
7626,34,181,11,1,0,0,0,0,0,0,0,0
7627,0,0,0,0,4,56,0,0,0,0,0,0
7628,0,0,0,1,1,3,0,0,0,0,0,0
7629,0,0,0,0,0,0,1,3,0,0,0,0
7630,0,0,0,1,0,136,0,0,0,0,0,0
7631,0,0,0,0,0,0,135,8,2,0,0,0
7632,2,18,26,0,0,0,0,0,0,0,0,0
7633,0,0,0,2,9,1330,0,0,0,0,11,0
7634,3,6,1,0,0,0,0,0,0,0,0,0
7635,0,0,0,0,0,6,0,0,0,3,255,1
7636,5,140,4,0,0,0,2,0,0,0,0,0
7637,0,0,0,6,19,5,0,0,0,0,0,0
7638,0,0,0,11,3,26,0,0,0,0,0,0
7639,0,0,0,0,0,4,0,0,0,3,1199,0
7640,0,0,0,3,3,8,0,0,0,0,0,0
7641,0,0,0,0,0,0,194,110,4,0,0,0
7642,0,0,0,0,5,340,0,0,0,0,1,0
7643,0,0,0,0,3,0,23,139,0,0,0,0
7644,0,0,0,0,0,4,0,0,0,0,1476,44
7645,0,0,0,10,15,83,0,0,0,0,1,0
7646,0,0,0,0,0,0,137,58,2,0,0,0
7647,0,0,0,0,0,0,109,22,24,0,0,0
7648,0,0,0,0,0,39,0,0,0,0,0,0
7649,2,141,0,0,0,0,0,0,0,0,0,0
7650,0,0,0,0,0,0,17,0,0,0,0,0
7651,0,0,0,1,1,53,0,0,0,0,0,0
7652,0,0,0,0,0,0,0,0,0,0,0,0
7653,0,0,0,0,0,0,0,0,0,1,2,0
7654,6,58,7,0,0,0,0,0,0,0,0,0
7655,0,0,0,1,0,0,0,0,0,0,0,0
7656,0,0,0,66,0,3,0,0,0,0,0,0
7657,0,0,0,0,0,12,0,0,0,0,0,0
7658,1,7,0,0,0,0,0,0,0,0,0,0
7659,0,0,0,0,0,0,0,0,0,0,0,0
7660,0,0,0,2,2,7,0,0,0,0,0,0
7661,1,45,1,0,0,0,0,0,0,0,0,0
7662,0,0,0,0,0,0,7,1,0,0,0,0
7663,0,0,0,0,1,36,0,0,0,0,0,0
7664,0,0,0,0,0,0,2,2,0,0,0,0
7665,1,4,0,0,0,0,0,0,0,0,0,0
7666,0,0,0,0,4,248,0,0,0,0,1,0
7667,0,0,0,0,0,0,0,2,0,0,0,0
7668,0,1,0,0,0,0,0,0,0,0,0,0
7669,22,80,25,0,0,0,0,0,0,0,0,0
7670,0,0,0,0,0,0,16,2,0,0,0,0
7671,0,0,0,0,2,5,0,0,0,0,0,0
7672,0,0,0,119,7,81,0,0,0,0,0,0
7673,0,0,0,0,0,0,0,42,3,0,0,0
7674,0,0,0,0,0,0,0,0,0,1,1,0
7675,0,0,0,0,41,0,220,3311,757,0,1,2
7676,0,52,34,0,0,0,0,0,0,0,0,0
7677,0,0,0,0,0,0,10,17,7,0,0,0
7678,7,138,15,0,0,0,1,0,0,0,0,0
7679,0,0,0,0,0,0,1,1,0,0,0,0
7680,0,0,0,0,0,0,0,0,0,0,0,0
7681,0,0,1,0,0,6,0,0,0,45,418,0
7682,0,0,0,0,1,111,0,0,0,0,0,0
7683,0,0,0,0,1,1,0,0,0,0,0,0
7684,0,0,0,0,0,0,150,7,1,0,0,0
7685,0,0,0,1,548,0,0,15,0,0,0,0
7686,0,0,0,0,0,0,0,0,0,0,3,0
7687,2,52,11,0,0,0,0,0,0,0,0,0
7688,0,0,0,0,0,5,0,0,0,36,684,2
7689,0,0,0,3,0,0,0,0,0,0,0,0
7690,1,30,1,0,0,0,1,0,0,0,0,0
7691,0,0,0,0,0,0,0,0,0,1,5,1
7692,5,5,0,0,0,0,0,0,0,0,0,0
7693,0,0,0,0,3,0,77,916,2,0,0,0
7694,0,0,0,2,9,8,0,0,0,0,0,0
7695,0,0,0,6,0,12,0,0,0,0,0,0
7696,0,0,0,0,0,69,0,0,0,0,0,0
7697,2,0,0,0,0,0,0,0,0,0,0,0
7698,1,25,0,0,0,0,0,0,0,0,0,0
7699,2,78,0,0,0,0,0,0,0,0,0,0
7700,0,3,18,0,0,0,0,0,0,0,0,0
7701,0,0,0,0,0,0,7,3,0,0,0,0
7702,0,340,0,0,0,0,3,0,0,0,0,0
7703,0,0,0,0,0,0,0,0,0,105,664,1
7704,0,0,0,0,0,0,0,0,0,4,44,0
7705,521,158,12,1,0,0,6,0,0,0,0,0
7706,1,91,1,0,0,0,0,0,0,0,0,0
7707,0,0,0,2,0,0,0,0,0,0,0,0
7708,2,0,0,0,0,0,0,0,0,0,0,0
7709,3,16,3,0,0,0,0,0,0,0,0,0
7710,7,52,95,0,0,0,0,0,0,0,0,0
7711,0,0,0,2,1,324,0,0,0,0,0,0
7712,0,0,0,0,0,7,0,0,0,1,2012,0
7713,0,0,0,0,0,1,0,0,0,28,496,1
7714,0,0,0,2,3,84,0,0,0,0,0,0
7715,0,1,0,0,0,0,0,0,0,0,0,0
7716,0,0,0,0,0,0,0,0,0,1,286,2
7717,0,0,0,17,15,100,0,0,0,0,1,0
7718,0,0,0,0,0,0,2,1,0,0,0,0
7719,1,0,0,0,0,0,0,0,0,0,0,0
7720,0,0,0,0,0,0,0,0,0,11,441,1
7721,0,0,0,0,0,0,0,0,0,4,1,1
7722,10,12,8,0,0,0,0,0,0,0,0,0
7723,0,0,0,0,0,0,89,102,2,0,0,0
7724,0,0,0,0,3,11,0,0,0,0,0,0
7725,0,0,0,0,0,0,0,0,0,0,5,0
7726,0,0,0,4,27,76,0,0,0,0,2,0
7727,0,0,0,5,21,2,0,0,0,0,0,0
7728,2,0,0,0,0,8,0,0,0,18,2989,2
7729,0,0,0,1,12,28,0,0,0,0,0,0
7730,0,0,0,0,0,123,0,0,0,0,2,0
7731,1,22,0,0,0,0,0,0,0,0,0,0
7732,0,0,0,0,0,310,0,0,0,0,3373,0
7733,1,107,8,0,0,0,0,0,0,0,0,0
7734,0,0,0,11,57,181,0,0,0,0,0,0
7735,0,0,0,0,0,83,0,0,0,23,6125,4
7736,0,1,0,0,0,0,608,3,1,0,0,0
7737,0,0,0,0,0,11,0,0,0,0,0,0
7738,0,0,0,17,2,133,0,0,0,0,0,0
7739,0,1,0,0,0,0,347,13,0,0,0,0
7740,23,198,19,0,0,0,0,0,0,0,0,0
7741,0,0,0,2,1,58,0,0,0,0,0,0
7742,10,171,1,0,0,0,0,0,0,0,0,0
7743,0,0,0,0,0,0,21,1623,2,0,0,0
7744,0,0,0,2,36,85,0,0,0,0,1,0
7745,0,3,0,0,0,0,501,19,1,0,0,0
7746,0,0,0,1,3,120,0,0,0,0,3,0
7747,0,0,0,12,86,409,0,1,0,0,0,0
7748,0,50,0,0,0,0,0,0,0,0,0,0
7749,0,0,0,0,0,10,0,0,0,4,3439,5
7750,14,97,8,0,0,0,1,0,0,0,0,0
7751,0,0,0,0,0,0,26,172,0,0,0,0
7752,0,0,0,1,6,1686,0,0,0,0,1,0
7753,0,0,0,0,0,0,37,177,0,0,0,0
7754,3,58,31,0,0,0,0,0,0,0,0,0
7755,4,574,154,0,0,0,2,0,0,0,0,0
7756,0,0,0,0,36,0,54,1603,11,0,0,0
7757,2,43,905,0,0,0,0,0,0,0,0,0
7758,3,110,25,0,0,0,0,0,0,0,0,0
7759,0,0,0,41,9,144,0,0,0,0,4,0
7760,0,0,0,0,0,0,140,23,0,0,0,0
7761,0,0,0,0,1,0,155,52,0,0,0,0
7762,0,0,0,1,0,68,0,0,0,0,1,0
7763,0,0,0,6,21,4,0,0,0,0,0,0
7764,0,0,0,0,0,19,0,0,0,23,6584,2
7765,0,0,0,0,0,15,0,0,0,55,5185,6
7766,6,237,29,0,0,0,0,0,0,0,0,0
7767,0,0,0,0,2,6217,0,0,0,0,66,0
7768,0,0,0,0,6,29,0,0,0,14,8118,1
7769,0,0,0,0,0,0,0,0,0,16,116,10
7770,7,297,0,0,0,0,0,0,0,0,0,0
7771,0,0,0,4,20,470,0,0,0,0,1,0
7772,0,0,0,0,0,3,0,0,0,21,496,2
7773,0,0,0,0,0,3,0,0,0,0,0,0
7774,0,0,0,7,23,16,0,0,0,0,0,0
7775,0,0,0,0,0,55,0,0,0,0,0,0
7776,0,22,0,0,0,0,0,0,0,0,0,0
7777,0,0,0,0,0,1,0,0,0,0,351,0
7778,0,0,0,0,10,7,0,0,0,0,0,0
7779,0,0,0,1,3,1,0,0,0,0,0,0
7780,0,0,0,3,0,67,0,0,0,0,0,0
7781,0,0,0,0,0,0,62,18,0,0,0,0
7782,14,247,25,0,0,0,0,0,0,0,0,0
7783,0,0,0,5,0,430,0,0,0,0,0,0
7784,0,3,0,0,0,0,0,0,0,0,0,0
7785,13,190,5,0,0,0,0,0,0,0,0,0
7786,1,152,18,0,0,0,0,0,0,0,0,0
7787,0,4,0,0,0,0,503,17,2,0,0,0
7788,0,0,2,0,0,0,0,0,0,231,481,1
7789,0,0,0,80,3,425,0,0,0,0,0,0
7790,0,2,0,0,0,0,226,46,4,0,0,0
7791,0,0,0,0,0,0,163,33,0,0,0,0
7792,0,0,0,1,0,73,0,0,0,0,0,0
7793,0,0,2,0,0,0,0,0,0,294,0,0
7794,88,120,272,0,0,0,0,0,0,0,0,0
7795,2,43,8,0,0,0,0,0,0,0,0,0
7796,0,24,232,0,0,0,0,0,0,2,0,0
7797,2,282,46,0,0,0,0,0,0,0,0,0
7798,0,0,0,0,32,0,126,4604,24,0,0,0
7799,2,19,5,0,0,0,0,0,0,0,0,0
7800,0,0,0,0,0,0,0,0,0,28,1380,4
7801,0,0,0,4,7,43,0,0,0,0,0,0
7802,0,0,0,0,0,9,0,0,0,0,0,0
7803,1,21,7,0,0,0,0,0,0,0,0,0
7804,0,0,0,0,1,110,0,0,0,0,0,0
7805,0,0,0,0,0,0,1,0,1,0,0,0
7806,1,25,10,0,0,0,0,0,0,0,0,0
7807,1,71,5,0,0,0,1,0,0,0,0,0
7808,2,13,6,0,0,0,0,0,0,0,0,0
7809,0,0,0,0,0,0,35,23,26,0,0,4
7810,2,54,32,0,0,0,1,0,0,0,0,0
7811,0,0,0,0,0,1,0,0,0,6,393,0
7812,45,72,0,0,0,0,1,0,0,0,0,0
7813,0,0,0,0,48,1077,0,1,0,0,13,0
7814,0,0,0,1,97,564,0,0,0,0,0,0
7815,0,0,0,0,0,5,0,0,0,4,647,1
7816,0,0,0,11,50,568,0,0,0,0,0,0
7817,0,0,0,0,0,1,0,0,0,33,425,5
7818,0,0,0,0,34,33,0,0,0,0,0,0
7819,0,0,0,0,0,3,0,0,0,26,528,4
7820,0,0,0,5,21,194,0,0,0,0,1,0
7821,0,0,0,0,0,0,0,0,0,1,368,3
7822,0,0,0,14,27,175,0,0,0,0,0,0
7823,0,0,0,0,0,9,0,0,0,19,300,1
7824,144,69,12,0,0,0,0,0,0,0,0,0
7825,0,0,0,4,8,68,0,0,0,0,2,0
7826,0,0,0,2,1,49,0,0,0,0,0,0
7827,0,0,0,0,0,1,0,0,0,0,0,0
7828,0,0,0,4,0,91,0,0,0,0,0,0
7829,0,6,0,0,0,0,432,389,23,0,0,0
7830,0,0,0,125,2,372,0,0,0,0,1,0
7831,3,0,0,102,2,130,0,0,0,0,1,0
7832,126,11,0,0,0,0,0,0,0,0,0,0
7833,1,51,1596,0,0,0,0,0,0,3,1,0
7834,0,0,0,0,0,38,0,0,0,33,5156,2
7835,0,0,0,4,18,114,0,0,0,0,1,0
7836,0,0,0,0,0,9,0,0,0,0,0,0
7837,9,112,335,0,0,0,0,0,0,0,0,0
7838,0,0,0,0,8,0,54,172,4,0,0,0
7839,0,13,16,0,0,0,0,0,0,0,0,0
7840,0,0,0,0,0,4,0,0,0,22,1250,0
7841,81,32,7,0,0,0,1,0,0,0,0,0
7842,0,98,2,0,0,0,0,0,0,0,0,0
7843,0,0,0,0,0,5,0,0,0,35,1905,0
7844,0,0,0,0,0,9,0,0,0,207,1372,5
7845,0,0,0,0,0,1,0,0,0,0,0,0
7846,0,1,0,0,0,0,174,227,1,0,0,0
7847,0,3,283,0,0,0,0,0,0,0,0,0
7848,0,1,0,0,0,0,132,15,0,0,0,0
7849,1,77,5,0,0,0,0,0,0,0,0,0
7850,0,0,0,0,0,0,132,129,5,0,0,0
7851,0,0,0,0,0,486,0,0,0,1,439735,0
7852,0,0,0,3,1,31,0,0,0,0,0,0
7853,5,1,4,0,0,0,0,0,0,0,0,0
7854,0,64,19,0,0,0,1,0,0,0,0,0
7855,0,0,0,0,0,476,0,0,0,0,0,0
7856,1,15,0,0,0,0,0,0,0,0,0,0
7857,0,638,4,0,0,0,0,0,0,0,0,0
7858,0,0,0,0,0,0,0,0,0,3,615,0
7859,1,62,17,0,0,0,0,0,0,0,0,0
7860,0,0,0,0,0,3,0,0,0,28,719,1
7861,0,0,0,27,0,58,0,0,0,0,0,0
7862,0,0,0,0,0,0,0,0,0,0,0,0
7863,0,1160,0,0,0,0,10,0,0,0,0,0
7864,0,89,3,0,0,0,0,0,0,0,0,0
7865,0,1,0,0,0,0,159,253,0,0,0,0
7866,0,0,0,0,0,0,1,57,1,0,0,0
7867,0,0,0,1,2,35,0,0,0,0,0,0
7868,0,0,0,7,9,17,0,0,0,0,0,0
7869,0,0,0,0,0,11,0,0,0,0,3909,0
7870,18,587,11,0,0,0,1,0,0,0,0,0
7871,0,0,0,4,32,56,0,0,0,0,0,0
7872,0,0,0,0,2,7,0,0,0,0,0,0
7873,0,0,0,0,0,0,48,188,2,0,0,0
7874,0,0,0,0,0,0,0,0,0,21,333,1
7875,0,0,0,0,0,0,0,0,0,29,189,0
7876,0,0,0,3,0,53,0,0,0,0,0,0
7877,2,267,1,0,0,0,0,0,0,0,0,0
7878,0,0,0,0,17,33,0,0,0,0,0,0
7879,0,0,0,0,0,23,0,0,0,0,0,0
7880,0,181,0,0,0,0,1,0,0,0,0,0
7881,0,750,0,0,0,0,5,0,0,0,0,0
7882,0,0,0,0,0,115,0,0,0,0,0,0
7883,0,4,0,0,0,0,252,1,0,0,0,0
7884,0,0,0,1,0,10,0,0,0,0,0,0
7885,0,0,0,0,1,28,0,0,0,0,0,0
7886,0,460,1,0,0,0,3,0,0,0,0,0
7887,0,0,0,0,0,3,0,0,0,0,0,0
7888,3,109,1,0,0,0,0,0,0,0,0,0
7889,0,0,0,0,0,0,62,8,3,0,0,0
7890,0,0,0,0,0,17,0,0,0,0,0,0
7891,0,0,0,5,16,18,0,1,0,0,0,0
7892,0,0,0,0,1,70,0,0,0,0,2,0
7893,0,0,0,0,0,9,0,0,0,0,0,0
7894,0,0,0,4,2,14,0,0,0,0,0,0
7895,0,0,0,0,0,0,28,2,1,0,0,0
7896,1,10,16,0,0,0,0,0,0,0,0,0
7897,0,0,0,5,2,220,0,0,0,0,0,0
7898,0,0,0,0,0,0,48,26,0,0,0,0
7899,0,0,0,0,0,0,19,103,1,0,0,0
7900,0,0,0,0,0,110,0,0,0,0,0,0
7901,0,15,5,0,0,0,0,0,0,0,0,0
7902,1,100,4,0,0,0,1,0,0,0,0,0
7903,0,422,17,0,0,0,0,0,0,0,0,0
7904,0,0,0,1,14,1,0,0,0,0,0,0
7905,0,0,0,0,0,0,0,0,0,0,539,0
7906,77,29,2,0,0,0,0,0,0,0,0,0
7907,0,0,0,0,0,0,0,0,0,0,0,0
7908,0,10,0,0,0,0,0,0,0,0,0,0
7909,0,1612,1,0,0,0,9,0,0,0,0,0
7910,0,0,0,3,2,0,0,0,0,0,0,0
7911,0,0,0,0,0,0,32,188,5,0,0,0
7912,0,0,0,0,0,131,0,0,0,0,0,0
7913,0,0,0,0,0,0,0,1,0,0,0,0
7914,1,0,9,0,0,0,0,0,0,0,0,0
7915,3,212,41,0,0,0,0,0,0,0,0,0
7916,0,0,0,0,0,0,4,2,3,0,0,0
7917,1,30,24,0,0,0,0,0,0,0,0,0
7918,4,146,29,0,0,0,0,0,0,0,0,0
7919,0,0,0,3,114,525,0,1,0,0,2,0
7920,0,0,0,0,0,0,0,0,0,0,8,0
7921,10,228,11,0,0,0,0,0,0,0,0,0
7922,0,0,0,3,23,2,0,0,0,0,0,0
7923,0,0,0,0,0,0,0,0,0,2,551,5
7924,0,0,0,8,7,113,0,0,0,0,0,0
7925,0,0,0,0,1,0,235,182,0,0,0,0
7926,0,0,0,0,0,932,0,0,0,5,107238,0
7927,6,38,3,0,0,0,0,0,0,0,0,0
7928,0,1,1,0,0,0,0,0,0,0,0,0
7929,1,143,5,0,0,0,0,0,0,0,0,0
7930,6,108,5,0,0,0,0,0,0,0,0,0
7931,0,0,0,11,51,28,0,0,0,0,1,0
7932,0,0,0,0,0,5,0,0,0,0,1028,0
7933,3,696,36,0,0,0,5,0,0,0,0,0
7934,0,0,0,0,0,0,102,45,0,0,0,0
7935,0,0,0,0,0,1,0,0,0,0,214,18
7936,0,1,0,0,40,0,424,4817,126,0,0,0
7937,0,0,0,0,7,2,0,0,0,0,0,0
7938,0,0,0,0,0,0,0,0,0,0,1,2
7939,0,0,0,3,3,214,0,0,0,0,2,0
7940,0,0,0,0,0,0,199,0,1,0,0,0
7941,0,0,0,0,0,3,0,0,0,0,0,0
7942,0,0,0,21,11,751,0,0,0,0,7,0
7943,0,0,0,13,1,2,0,0,0,0,0,0
7944,0,1,0,0,0,0,0,0,0,0,0,0
7945,0,0,0,0,0,28,0,0,0,0,4377,0
7946,0,0,0,0,1,7,0,0,0,0,0,0
7947,0,7,0,0,0,0,0,0,0,0,0,0
7948,0,0,0,0,0,2,0,0,0,0,916,0
7949,3,26,0,0,0,0,0,0,0,0,0,0
7950,0,0,0,0,0,0,0,2,1,0,0,0
7951,0,0,0,0,0,50,0,0,0,0,0,0
7952,0,0,0,0,0,0,0,0,0,0,1,0
7953,0,0,0,0,0,0,0,0,0,0,0,0
7954,0,1,0,0,0,0,148,573,3,0,0,0
7955,0,0,0,0,0,1,0,0,0,18,398,9
7956,0,0,0,2,1,1,0,0,0,0,0,0
7957,0,0,0,13,11,31,0,0,0,0,0,0
7958,0,390,0,0,0,0,2,0,0,0,0,0
7959,0,0,0,0,1,18,0,0,0,0,0,0
7960,0,0,0,0,4,0,25,491,8,0,0,0
7961,0,0,0,0,1,1,0,0,0,0,0,0
7962,0,0,0,0,0,0,14,5,18,0,0,0
7963,0,0,0,0,0,89,0,0,0,0,0,0
7964,0,0,0,0,0,0,0,0,0,2,2,0
7965,5,15,0,0,0,0,0,0,0,0,0,0
7966,0,362,0,0,0,0,1,0,0,0,0,0
7967,0,0,0,0,0,0,0,0,0,45,683,0
7968,0,0,0,0,0,0,0,0,0,6,2,0
7969,0,0,0,3,3,66,0,0,0,0,0,0
7970,5,39,4,0,0,0,0,0,0,0,0,0
7971,0,0,0,0,0,45,0,0,0,0,0,0
7972,0,275,8,0,0,0,0,0,0,0,0,0
7973,0,0,0,0,0,0,0,0,0,22,309,0
7974,0,0,0,3,0,0,0,0,0,0,0,0
7975,0,0,0,0,0,0,155,179,1,0,0,0
7976,0,0,0,0,8,59,0,0,0,0,1,0
7977,0,0,0,1,0,0,0,0,0,0,0,0
7978,0,675,1,0,0,0,4,0,0,0,0,0
7979,0,0,0,0,0,0,0,0,0,119,350,0
7980,0,0,0,0,0,1,0,0,0,0,0,0
7981,2,484,0,0,0,0,0,0,0,0,0,0
7982,0,0,0,0,0,0,64,1,5,0,0,0
7983,0,20,1,0,0,0,0,0,0,0,0,0
7984,0,0,0,10,58,13481,0,0,0,0,88,0
7985,0,0,0,0,0,0,0,0,2,18,1,227
7986,7,145,0,0,0,0,0,0,0,0,0,0
7987,0,1,0,0,1,0,515,833,10,0,0,0
7988,0,0,0,0,0,0,293,16,0,0,0,0
7989,0,0,0,0,0,1,0,0,0,0,169,0
7990,40,209,15,0,0,0,0,0,0,0,0,0
7991,0,0,0,1,5,85,0,0,0,0,0,0
7992,0,0,0,1,0,1,0,0,0,0,0,0
7993,20,53,9,0,0,0,0,0,0,0,0,0
7994,0,0,0,0,0,0,52,158,1,0,0,0
7995,0,0,0,1,10,32,0,0,0,0,0,0
7996,1,0,0,0,0,0,190,218,1,0,0,0
7997,0,0,0,2,26,3,0,0,0,0,0,0
7998,0,0,0,0,0,0,0,0,0,23,130,1
7999,0,0,0,38,8,337,0,0,0,0,1,0
8000,0,0,0,0,0,0,38,11,6,0,0,0
8001,8,235,36,0,0,0,0,0,0,0,0,0
8002,0,0,0,2,3,50,0,0,0,0,0,0
8003,0,0,0,0,6,0,198,474,1,0,0,0
8004,0,0,0,2,24,27,0,0,0,0,0,0
8005,0,0,0,10,7,116,0,0,0,0,2,0
8006,0,1,0,0,0,0,82,45,1,0,0,0
8007,0,0,0,0,0,0,28,3,0,0,0,0
8008,1,0,0,103,11,27,0,0,0,0,0,0
8009,0,0,0,0,0,0,85,5,0,0,0,0
8010,35,292,77,0,0,0,9,0,0,0,0,0
8011,0,0,0,3,2,166,0,0,0,0,1,0
8012,42,37,1,0,0,0,0,0,0,0,0,0
8013,0,0,0,0,0,0,41,19,9,0,1,0
8014,0,0,0,10,4,153,0,0,0,0,1,0
8015,0,4,0,0,0,0,201,14,6,0,0,2
8016,0,0,0,0,0,16,0,0,0,46,3358,0
8017,0,1,0,0,11,0,351,3085,6,0,0,0
8018,0,1,0,0,0,0,319,4,0,0,0,0
8019,9,85,89,0,0,0,0,0,0,1,0,0
8020,21,536,48,0,0,0,0,1,0,0,0,0
8021,0,0,0,0,0,0,68,93,2,0,0,0
8022,0,0,0,0,0,0,0,0,0,0,0,0
8023,0,0,0,18,14,354,0,0,0,0,0,0
8024,0,3,0,0,0,0,166,46,1,0,0,0
8025,0,0,0,0,0,7,0,0,0,0,2124,0
8026,0,0,0,0,0,0,0,0,0,0,0,0
8027,0,0,0,0,0,0,61,509,1,0,0,0
8028,0,0,0,0,2,26,0,0,0,0,0,0
8029,0,0,0,5,0,25,0,0,0,0,0,0
8030,2,0,0,0,0,0,0,0,0,0,0,0
8031,1,1811,0,0,0,0,5,0,0,0,0,0
8032,0,328,0,0,0,0,0,0,0,0,0,0
8033,6,6,5,0,0,0,0,0,0,0,0,0
8034,0,0,0,0,1,9,0,0,0,0,0,0
8035,0,0,0,0,1,0,10,153,3,0,0,0
8036,0,0,0,0,0,32,0,0,0,0,0,0
8037,0,0,0,0,0,3,0,0,0,0,0,0
8038,0,0,0,9,18,70,0,0,0,0,0,0
8039,0,4,0,0,0,0,262,339,2,0,0,0
8040,29,197,44,0,0,0,0,0,0,0,0,0
8041,0,0,0,10,10,863,0,0,0,0,2,0
8042,0,0,0,0,0,0,113,7,1,0,0,0
8043,0,0,0,0,0,1,0,0,0,2,655,0
8044,0,0,0,1,6,48,0,0,0,0,0,0
8045,0,0,0,0,0,23,0,0,0,0,1,0
8046,0,0,0,0,0,0,0,0,0,0,0,0
8047,0,0,0,0,0,68,0,0,0,1,5844,1
8048,0,1,0,0,0,0,406,36,1,0,0,0
8049,0,0,0,1,0,120,0,0,0,0,0,0
8050,0,0,0,0,0,55,0,0,0,0,1,0
8051,1,212,1,0,0,0,1,0,0,0,0,0
8052,9,522,13,0,0,0,0,0,0,0,0,0
8053,0,0,0,8,19,703,0,0,0,0,0,0
8054,1,57,0,0,0,0,0,0,0,0,0,0
8055,0,0,0,0,0,1,0,0,0,7,135,0
8056,0,3,0,0,0,0,600,179,0,0,0,0
8057,0,0,0,0,0,27,0,0,0,0,0,0
8058,0,0,0,4,0,1,0,0,0,0,0,0
8059,0,0,0,0,1,70,0,0,0,0,2,0
8060,0,0,0,3,213,1,0,0,0,0,0,0
8061,0,0,0,0,0,0,0,0,0,0,13,0
8062,7,1484,4,0,0,0,9,0,0,0,0,0
8063,0,0,0,9,25,4,0,0,0,0,0,0
8064,0,0,0,0,0,0,0,0,0,1,238,0
8065,10,22,1,0,0,0,0,0,0,0,0,0
8066,1,9,0,0,0,0,0,0,0,0,0,0
8067,0,0,0,0,0,0,0,0,0,4,214,4
8068,0,0,0,0,7,78,0,0,0,0,0,0
8069,0,0,0,0,2,9,0,0,0,0,0,0
8070,0,0,0,0,0,0,0,0,0,0,0,0
8071,0,0,0,0,0,321,0,0,0,0,0,0
8072,10,262,1,0,0,0,0,0,0,0,0,0
8073,1,639,0,0,0,0,1,0,0,0,0,0
8074,0,0,0,0,0,2,0,0,0,2,675,0
8075,0,0,0,0,0,0,292,36,5,0,0,0
8076,0,0,0,0,0,155,0,0,0,0,0,0
8077,0,68,1,0,0,0,0,0,0,0,0,0
8078,0,0,0,0,0,2,0,0,0,8,1346,3
8079,0,0,0,0,0,0,0,0,0,23,6,0
8080,99,107,7,0,0,0,0,0,0,0,0,0
8081,2,172,17,0,0,0,0,0,0,0,0,0
8082,0,0,0,2,15,201,0,0,0,0,0,0
8083,0,131,0,0,1,0,25424,264,10,0,0,0
8084,0,1,0,0,0,0,908,0,1,0,0,0
8085,1,20,216,0,0,0,0,0,0,0,0,0
8086,9,103,25,0,0,0,0,0,0,0,0,0
8087,1,5,10,0,0,0,0,0,0,0,0,0
8088,7,210,6,0,0,0,0,0,0,0,0,0
8089,0,36,15,0,0,0,0,0,0,0,0,0
8090,0,0,0,0,0,2,0,0,0,124,2742,14
8091,0,0,0,18,1,0,0,0,0,0,0,0
8092,0,0,0,0,0,6,0,0,0,102,3799,22
8093,1,3,2,0,0,0,0,0,0,0,0,0
8094,1,14,4,0,0,0,0,0,0,0,0,0
8095,2,61,7,1,0,0,0,0,0,0,0,0
8096,0,56,18,0,0,0,0,0,0,0,0,0
8097,0,0,0,0,0,0,0,0,0,7,485,0
8098,0,27,1,0,0,0,0,0,0,0,0,0
8099,0,0,0,0,0,0,0,0,0,51,499,0
8100,0,0,0,1,0,1,0,0,0,0,0,0
8101,2,125,0,0,0,0,1,0,0,0,0,0
8102,0,0,0,0,0,0,68,1368,18,0,0,0
8103,0,0,0,0,0,9,0,0,0,0,0,0
8104,0,0,0,57,0,33,0,0,0,0,0,0
8105,0,0,0,0,0,0,85,23,1,0,0,0
8106,0,0,0,0,0,3,0,0,0,1,2237,0
8107,23,141,43,1,0,0,1,0,0,4,0,0
8108,0,17,0,0,0,0,0,0,0,0,0,0
8109,0,0,0,0,0,3,0,0,0,46,1252,7
8110,0,0,0,65,9,2752,0,0,0,0,2,0
8111,0,0,0,0,0,0,62,44,0,0,0,0
8112,0,0,0,0,0,21,0,0,0,2,3136,8
8113,307,274,19,0,0,0,1,0,0,0,0,0
8114,0,0,0,0,0,0,65,2,6,0,0,0
8115,10,60,14,0,0,0,0,0,0,0,0,0
8116,7,58,31,0,0,0,0,0,0,0,0,0
8117,0,1,0,0,0,0,59,262,1,0,0,0
8118,0,0,0,0,0,0,0,0,0,19,1057,0
8119,0,0,0,20,31,218,0,0,0,0,0,0
8120,0,0,0,0,0,0,48,0,73,0,0,0
8121,2,321,245,0,0,0,2,0,0,1,0,0
8122,3,42,14,0,0,0,0,0,0,0,0,0
8123,0,0,0,0,0,1,0,0,0,29,1810,4
8124,0,0,0,0,0,3,0,0,0,0,0,0
8125,0,0,0,14,5,95,0,0,0,0,0,0
8126,0,0,0,0,0,0,58,84,2,0,0,0
8127,0,0,0,0,0,0,0,0,0,24,299,0
8128,34,118,2,0,0,0,0,0,0,0,0,0
8129,0,8,2,0,0,0,0,0,0,0,0,0
8130,1,83,6,0,0,0,0,0,0,0,0,0
8131,0,0,0,0,3,0,186,2686,19,0,0,0
8132,9,78,17,0,0,0,0,0,0,0,0,0
8133,0,72,39,0,0,0,0,0,0,0,0,0
8134,0,0,0,2,2,1096,0,0,0,0,27,0
8135,0,0,0,0,0,0,284,21,1,0,0,0
8136,0,0,0,3,2,32,0,0,0,0,0,0
8137,0,0,0,0,0,0,157,697,8,0,0,0
8138,0,0,0,1,45,37,0,0,0,0,0,0
8139,0,0,0,0,0,38,0,0,0,109,2666,1
8140,0,0,0,0,1,44,0,0,0,100,9822,5
8141,0,0,0,1,49,89,0,0,0,0,0,0
8142,0,0,0,0,0,39,0,0,0,0,0,0
8143,12,49,2,0,0,0,0,0,0,0,0,0
8144,0,0,0,0,0,0,91,84,14,0,0,0
8145,0,33,4,0,0,0,0,0,0,0,0,0
8146,0,0,0,0,0,2,0,0,0,23,664,0
8147,11,29,58,0,0,0,0,0,0,1,0,0
8148,4,50,5,0,0,0,0,0,0,0,0,0
8149,3,0,0,75,10,357,0,0,0,0,3,0
8150,0,4,0,0,0,0,384,2,1,0,0,0
8151,0,0,0,0,0,54,0,0,0,0,0,0
8152,0,0,0,0,0,1,0,0,0,18,476,0
8153,0,0,0,19,36,41,0,0,0,0,0,0
8154,0,0,0,2,0,4,0,0,0,0,0,0
8155,2,367,4,0,0,0,1,0,0,0,0,0
8156,0,0,0,0,152,317,0,1,0,0,1,0
8157,0,0,0,0,0,4,0,0,0,11,319,11
8158,0,0,0,6,19,235,0,0,0,0,0,0
8159,0,84,0,0,0,0,0,0,0,0,0,0
8160,0,0,0,0,0,1,0,0,0,62,276,4
8161,0,0,0,2,7,62,0,0,0,0,0,0
8162,0,0,0,0,2,27,0,0,0,0,0,0
8163,0,0,0,0,2,0,0,0,0,0,0,0
8164,0,0,0,5,1,111,0,0,0,0,0,0
8165,4,154,0,0,0,0,1,0,0,0,0,0
8166,0,0,0,0,0,47,0,0,0,0,0,0
8167,0,0,0,7,3,75,0,0,0,0,0,0
8168,0,0,0,14,33,16,0,0,0,0,0,0
8169,0,0,0,0,1,0,0,0,0,0,223,0
8170,15,820,14,0,0,0,3,0,0,0,0,0
8171,0,11,0,0,0,0,405,11,0,0,0,0
8172,0,0,0,0,0,1,0,0,0,0,288,0
8173,20,96,9,0,0,0,0,0,0,0,0,0
8174,0,0,0,0,0,0,507,41,0,0,0,0
8175,0,0,0,0,0,1,0,0,0,2,584,2
8176,0,0,0,11,34,105,0,0,0,0,0,0
8177,0,0,0,0,0,0,0,0,0,135,3,4
8178,0,0,0,0,0,0,155,0,0,0,0,0
8179,0,1,0,0,3,0,730,4782,42,0,0,0
8180,0,0,0,0,0,0,0,0,0,19,2,2
8181,35,255,7,0,0,0,0,0,0,0,0,0
8182,12,272,39,0,0,0,1,0,0,0,0,0
8183,0,0,0,0,0,0,45,24,1,0,0,0
8184,0,1,0,0,0,0,427,4,1,0,0,0
8185,0,0,0,0,1,0,90,256,1,0,0,0
8186,0,0,0,0,1,44,0,0,0,0,0,0
8187,0,0,0,0,5,39,0,0,0,0,1,0
8188,0,0,0,521,0,46,0,0,0,0,0,0
8189,0,10,0,0,0,0,1381,47,0,0,0,0
8190,0,0,0,0,0,2,0,0,0,0,0,0
8191,0,0,0,9,2,61,0,0,0,0,0,0
8192,0,0,0,0,0,0,1,1,0,0,0,0
8193,1,5,0,0,0,0,0,0,0,0,0,0
8194,0,0,0,0,8,484,0,0,0,0,0,0
8195,0,0,0,4,0,0,0,0,0,0,0,0
8196,0,0,0,0,0,0,0,0,0,0,9,0
8197,13,141,12,0,0,0,0,0,0,0,0,0
8198,0,0,0,0,0,0,0,1,1,0,0,0
8199,0,0,0,0,0,0,0,0,0,0,0,0
8200,0,0,0,0,0,246,0,0,0,0,0,0
8201,0,18,0,0,0,0,110,42,1,0,0,0
8202,0,0,0,0,0,36,0,0,0,0,0,0
8203,8,314,3,0,0,0,3,0,0,0,0,0
8204,0,0,0,0,0,0,2,1,2,0,0,0
8205,0,7,1,0,0,0,0,0,0,0,0,0
8206,94,22,71,2,0,0,0,0,0,0,0,0
8207,0,47,2,0,0,0,1,0,0,0,0,0
8208,0,0,0,0,0,9,0,0,0,41,4299,1
8209,0,0,0,3,0,162,0,0,0,0,0,0
8210,0,0,0,0,0,0,0,0,0,0,0,0
8211,0,31,1,0,0,0,0,0,0,0,0,0
8212,2,68,11,0,0,0,0,0,0,0,0,0
8213,0,0,0,0,0,0,68,43,1,0,0,0
8214,1,37,29,0,0,0,0,0,0,0,0,0
8215,0,0,0,3,3,138,0,0,0,0,0,0
8216,0,0,0,0,0,0,206,46,0,0,0,0
8217,0,0,0,2,0,1,0,0,0,0,0,0
8218,0,0,0,5,3,37,0,0,0,0,0,0
8219,0,1,0,0,1,0,309,119,2,0,0,0
8220,0,0,0,0,1,27,0,0,0,0,0,0
8221,0,0,0,3,1,66,0,0,0,0,0,0
8222,0,0,0,0,0,0,10,0,1,0,0,0
8223,2,75,24,0,0,0,0,0,0,0,0,0
8224,4,57,22,0,0,0,0,0,0,0,0,0
8225,0,0,0,0,0,1,0,0,0,0,0,0
8226,0,0,0,0,0,0,0,0,0,0,0,0
8227,0,0,0,0,15,113,0,0,0,0,3,0
8228,0,0,0,0,0,2,0,0,0,10,407,0
8229,0,0,0,0,0,1,0,0,0,0,0,0
8230,0,0,0,1,0,43,0,0,0,0,0,0
8231,0,2,0,0,0,0,0,0,0,0,0,0
8232,0,45,0,0,0,0,0,0,0,0,0,0
8233,4,61,0,0,0,0,0,0,0,0,0,0
8234,0,0,0,1,6,75,0,0,0,0,0,0
8235,0,0,0,0,1,90,0,0,0,0,0,0
8236,0,0,0,0,0,0,78,32,16,0,0,0
8237,0,0,0,1,3,0,0,0,0,0,0,0
8238,0,0,0,0,0,0,0,0,0,0,1,0
8239,4,103,3,0,0,0,0,0,0,0,0,0
8240,0,0,0,0,0,6,0,0,0,4,1956,0
8241,4,38,0,0,0,0,0,0,0,0,0,0
8242,0,0,0,13,19,242,0,0,0,0,0,0
8243,0,0,0,0,0,0,0,0,0,9,9,0
8244,31,64,0,0,0,0,0,0,0,0,0,0
8245,422,100,42,0,0,0,1,0,0,0,0,0
8246,0,0,0,1,53,3,0,1,0,0,0,0
8247,0,0,0,0,0,103,0,0,0,8,1820,2
8248,0,0,0,86,15,278,0,0,0,0,1,0
8249,0,0,0,0,0,0,5,9,0,0,0,0
8250,0,38,8,0,0,0,1,0,0,0,0,0
8251,0,0,0,0,0,3,0,0,0,5,1192,7
8252,24,242,8,0,0,0,0,0,0,0,0,0
8253,0,0,0,0,1,12,0,0,0,0,0,0
8254,3,136,4,0,0,0,0,0,0,0,0,0
8255,0,0,0,0,0,0,2,0,2,0,0,0
8256,1,17,4,0,0,0,0,0,0,0,0,0
8257,19,24,720,0,0,0,0,0,0,5,0,0
8258,0,0,0,0,1,0,107,393,2,0,0,0
8259,0,0,0,0,0,19,0,0,0,0,0,0
8260,0,0,0,13,0,133,0,0,0,0,1,0
8261,0,0,0,0,0,0,0,0,0,0,0,0
8262,0,0,0,0,0,0,0,0,0,0,40,1
8263,5,0,0,159,35,182,0,0,0,0,0,0
8264,0,0,0,0,15,0,186,2788,1,0,0,0
8265,0,0,0,0,0,0,33,179,0,0,0,0
8266,0,0,0,0,0,3,0,0,0,11,3828,4
8267,0,0,0,0,0,0,3,1,1,0,0,0
8268,0,0,0,0,0,0,0,0,0,0,0,0
8269,0,0,0,0,0,194,0,0,0,0,1,0
8270,1,2,1,0,0,0,0,0,0,0,0,0
8271,0,0,0,0,0,0,0,0,0,0,0,0
8272,0,0,0,0,0,43,0,0,0,0,0,0
8273,0,0,0,3,0,6,0,0,0,0,0,0
8274,0,0,0,0,0,0,45,10,0,0,0,0
8275,0,0,0,1,1,18,0,0,0,0,0,0
8276,2,0,3,0,0,0,0,0,0,0,0,0
8277,0,3,0,0,0,0,0,0,0,0,0,0
8278,0,0,0,0,0,622,0,0,0,0,6,0
8279,1,13,0,0,0,0,0,0,0,0,0,0
8280,0,0,0,0,0,0,0,0,0,0,0,0
8281,0,0,0,0,0,1,0,0,0,0,380,0
8282,0,0,0,0,0,1,0,0,0,0,0,0
8283,0,0,0,0,0,0,0,0,0,0,0,0
8284,0,0,0,0,0,790,0,0,0,0,6,0
8285,2,129,1,0,0,0,0,0,0,0,0,0
8286,0,0,0,0,0,0,0,0,0,0,0,0
8287,0,0,0,0,3,0,24,562,1,0,0,0
8288,0,0,0,0,0,0,0,0,0,4,9,0
8289,0,0,0,0,0,32,0,0,0,0,0,0
8290,0,0,0,0,0,16,0,0,0,60,3950,7
8291,0,0,0,0,0,0,0,0,0,0,0,0
8292,0,0,0,0,0,0,0,0,0,0,1,0
8293,0,0,0,0,0,1,0,0,0,53,3646,10
8294,0,0,0,0,0,1,0,0,0,0,0,0
8295,1,0,0,0,0,0,0,0,0,0,0,0
8296,0,0,0,0,0,501,0,0,0,0,1,0
8297,0,1,3,0,0,0,0,0,0,0,0,0
8298,0,1,2,0,0,0,0,0,0,0,0,0
8299,0,0,0,0,0,8,0,0,0,1,6658,0
8300,1,1,0,0,0,0,0,0,0,0,0,0
8301,0,15,1,0,0,0,0,0,0,0,0,0
8302,0,141,0,0,0,0,0,0,0,0,0,0
8303,0,5,0,0,0,0,836,7,3,0,1,0
8304,0,0,0,0,0,3,0,0,0,0,0,0
8305,0,0,0,61,5,143,0,0,0,0,0,0
8306,0,0,0,0,0,0,5,0,5,0,0,0
8307,2,80,8,0,0,0,1,0,0,0,0,0
8308,10,54,35,0,0,0,0,0,0,0,0,0
8309,8,1,82,0,0,0,0,0,0,0,0,0
8310,1,20,8,0,0,0,0,0,0,0,0,0
8311,0,0,0,0,0,2,0,0,0,46,1019,1
8312,5,1,1,0,0,0,0,0,0,0,0,0
8313,0,0,0,1,1,1,0,0,0,0,0,0
8314,0,1,0,0,0,0,35,11,9,0,0,0
8315,0,264,2,0,0,0,0,0,0,0,0,0
8316,0,0,0,0,0,1,0,0,0,8,811,0
8317,2,52,3,0,0,0,1,0,0,0,0,0
8318,0,0,17,0,0,1,0,0,0,2642,589,4
8319,0,0,0,0,0,0,0,0,0,1,12,0
8320,0,0,0,0,0,1,0,0,0,59,1535,28
8321,0,0,0,0,0,0,0,0,0,1,1,2
8322,0,7,0,0,0,0,492,4,100,0,0,5
8323,0,0,0,6,37,643,0,2,0,0,41,0
8324,0,0,0,0,0,0,0,2,0,0,0,0
8325,0,0,0,0,0,0,0,0,0,0,0,0
8326,0,0,0,0,0,575,0,0,0,0,9578,0
8327,0,0,3,0,0,9,0,0,0,187,972,3
8328,0,0,0,0,0,0,0,0,0,0,0,0
8329,0,0,0,72,7,549,0,0,0,0,0,0
8330,0,0,0,0,0,0,0,1,0,0,0,0
8331,0,0,0,0,0,0,1,0,1,0,0,0
8332,0,0,0,2,0,21,0,0,0,0,0,0
8333,0,0,0,0,0,0,1,1,1,0,0,0
8334,0,0,0,0,0,6,0,0,0,0,1060,0
8335,0,0,0,5,36,121,0,0,0,0,0,0
8336,0,0,0,4,2,4,0,0,0,0,0,0
8337,0,1,0,0,0,0,3,1,1,0,0,0
8338,0,0,0,0,0,38,0,0,0,0,0,0
8339,2,5,2,0,0,0,0,0,0,0,0,0
8340,0,0,0,0,1,5,0,0,0,0,0,0
8341,4,0,0,109,3,520,0,0,0,0,2,0
8342,0,0,0,0,0,0,21,20,3,0,0,0
8343,9,2,13,0,0,0,0,0,0,0,0,0
8344,0,0,0,0,0,8,0,0,0,3,2216,3
8345,0,0,0,15,1,2,0,0,0,0,0,0
8346,0,0,0,0,0,0,2,4,1,0,0,0
8347,0,0,0,0,0,57,0,0,0,0,0,0
8348,6,107,4,0,0,0,0,0,0,0,0,0
8349,0,67,0,0,0,0,4962,30,4,0,0,0
8350,0,0,0,2,6,55,0,0,0,0,0,0
8351,0,0,0,0,0,0,2,23,0,0,0,0
8352,0,0,0,0,0,3,0,0,0,1,424,0
8353,0,7,0,0,0,0,604,210,0,0,0,0
8354,0,0,0,0,0,0,0,0,1,1,3,63
8355,0,0,0,0,0,0,1,0,0,0,0,0
8356,0,0,0,0,56,210,0,0,0,0,0,0
8357,0,0,0,0,0,1,0,0,0,1,565,1
8358,7,422,0,0,0,0,0,0,0,0,0,0
8359,0,0,0,1,0,132,0,0,0,0,0,0
8360,1,527,0,0,0,0,1,0,0,0,0,0
8361,0,0,0,2,0,0,0,0,0,0,0,0
8362,0,0,0,36,1,58,0,0,0,0,0,0
8363,3,0,10,0,0,0,0,0,0,0,0,0
8364,0,1,0,0,0,0,0,0,0,0,0,0
8365,0,0,0,0,0,118,0,0,0,0,0,0
8366,0,0,0,0,0,0,52,36,1,0,0,0
8367,0,0,0,0,0,4,0,0,0,0,319,1
8368,0,5,0,0,0,0,344,187,3,0,0,0
8369,0,0,0,0,0,0,0,0,0,1,3,0
8370,3,1,1,0,0,0,0,0,0,0,0,0
8371,0,0,0,0,2,3,183,2127,7,0,0,0
8372,0,0,0,0,0,0,162,45,5,0,0,0
8373,0,0,0,0,0,4,0,0,0,0,0,0
8374,37,428,9,0,0,0,3,0,0,0,0,0
8375,0,0,0,0,0,0,2,3,1,0,0,0
8376,0,0,0,0,0,0,0,0,0,0,1,0
8377,9,19,6,0,0,0,0,0,0,0,0,0
8378,0,0,0,0,0,0,0,0,0,0,0,0
8379,0,193,0,0,0,0,0,0,0,0,0,0
8380,0,296,1,0,0,0,2,0,0,0,0,0
8381,2,99,0,0,0,0,0,0,0,0,0,0
8382,0,0,0,0,0,0,2,61,0,0,0,0
8383,0,0,0,0,1,275,0,0,0,0,1,0
8384,0,0,0,0,0,0,0,0,0,4,3,0
8385,0,0,0,0,0,0,0,0,0,0,0,0
8386,0,0,0,0,0,6,0,0,0,0,1719,0
8387,3,14,1,0,0,0,0,0,0,0,0,0
8388,1,21,1,0,0,0,0,0,0,0,0,0
8389,0,0,0,0,0,28,0,0,0,2,3943,0
8390,0,83,6,0,0,0,1,0,0,0,0,0
8391,0,0,0,0,0,15,0,0,0,0,0,0
8392,1,0,0,120,12,284,0,0,0,0,2,0
8393,0,31,0,0,0,0,50142,27,1,0,0,0
8394,0,0,0,0,0,0,0,0,0,1,430,0
8395,0,0,0,6,137,145,0,0,0,0,0,0
8396,0,0,0,2,0,14,0,0,0,0,0,0
8397,0,0,0,0,0,3,0,0,0,0,0,0
8398,0,0,0,0,0,0,124,3,0,0,0,0
8399,0,173,0,0,0,0,0,0,0,0,0,0
8400,0,0,0,0,3,113,0,0,0,0,0,0
8401,12,0,2,0,0,0,0,0,0,0,0,0
8402,0,0,0,0,0,1,0,0,0,0,0,0
8403,0,0,0,0,0,0,0,3,2,0,0,0
8404,0,0,0,0,0,0,0,2,0,0,0,0
8405,4,1,30,0,0,0,0,0,0,0,0,0
8406,0,6,0,0,0,0,0,0,0,0,0,0
8407,0,0,0,0,0,11,0,0,0,3,3045,0
8408,0,1,0,0,0,0,360,84,1,0,0,0
8409,0,0,0,0,1,31,0,0,0,0,0,0
8410,0,0,0,6,26,184,0,14,0,0,0,0
8411,1,1,0,0,0,0,0,0,0,0,0,0
8412,5,59,0,0,0,0,0,0,0,0,0,0
8413,7,135,7,0,0,0,0,0,0,0,0,0
8414,0,1,0,0,0,0,66,3,4,0,0,0
8415,2,2,15,0,0,0,0,0,0,0,0,0
8416,0,0,0,1,0,117,0,0,0,0,1,0
8417,0,0,0,0,0,2,0,0,0,0,0,0
8418,0,0,0,1,0,2,0,0,0,0,0,0
8419,0,0,0,0,0,63,0,0,0,3,390,0
8420,12,217,8,0,0,0,1,0,0,0,0,0
8421,0,0,0,2,26,41,0,0,0,0,0,0
8422,0,0,0,0,0,0,70,10,0,0,0,0
8423,0,0,0,1,38,2,0,0,0,0,0,0
8424,0,0,0,0,0,0,0,0,0,1,4,0
8425,48,252,25,0,0,0,1,0,0,0,0,0
8426,0,0,0,4,4,67,0,0,0,0,0,0
8427,0,0,0,0,0,1,0,0,0,0,0,0
8428,0,0,0,0,0,0,148,4,2,0,0,0
8429,0,0,0,0,0,0,0,0,0,0,0,0
8430,0,0,0,0,0,0,0,0,0,1,7,0
8431,0,0,0,20,9,137,0,0,0,0,1,0
8432,0,0,0,0,0,0,3,1,1,0,0,0
8433,0,1,0,0,0,0,0,0,0,0,0,0
8434,1,107,1,0,0,0,0,0,0,0,0,0
8435,0,0,0,0,0,0,0,0,0,23,2,0
8436,11,53,0,0,0,0,0,0,0,0,0,0
8437,2,41,7,0,0,0,0,0,0,0,0,0
8438,0,0,0,0,0,0,0,0,0,1,244,0
8439,0,0,0,2,0,0,0,0,0,0,0,0
8440,1,122,1,0,0,0,0,0,0,0,0,0
8441,0,0,0,0,0,0,0,0,0,56,0,0
8442,0,0,0,0,0,0,100,2,0,0,0,0
8443,1,55,44,0,0,0,0,0,0,0,0,0
8444,0,0,0,0,0,0,0,0,0,0,0,0
8445,0,23,0,0,0,0,0,0,0,0,0,0
8446,0,89,0,0,0,0,3,0,0,0,0,0
8447,0,0,0,0,0,0,0,0,0,50,4,0
8448,1,17,0,0,0,0,0,0,0,0,0,0
8449,0,60,21,0,0,0,0,0,0,1,0,0
8450,0,289,11,0,0,0,2,0,0,0,0,0
8451,0,0,0,2,0,0,0,0,0,0,0,0
8452,0,38,2,0,0,0,0,0,0,0,0,0
8453,0,0,0,0,0,0,0,0,0,3,114,0
8454,0,0,0,0,0,0,187,1,0,0,0,0
8455,0,0,0,1,0,13,0,0,0,0,0,0
8456,14,825,45,0,0,0,1,0,0,0,0,0
8457,0,0,0,0,0,0,51,57,1,0,0,0
8458,0,0,0,3,5,140,0,0,0,0,1,0
8459,0,0,0,0,0,0,1,25,3,0,0,0
8460,0,0,0,0,0,0,0,0,0,13,8,0
8461,0,0,0,5,1,55,0,0,0,0,0,0
8462,0,0,0,0,0,0,2,24,2,0,0,0
8463,0,0,0,0,0,0,0,0,0,1,4,1
8464,0,0,0,15,0,220,0,0,0,0,1,0
8465,1,0,0,0,0,0,0,0,0,0,0,0
8466,1,38,0,0,0,0,0,0,0,0,0,0
8467,7,38,1,0,0,0,0,0,0,0,0,0
8468,0,0,0,0,0,0,0,0,0,0,0,0
8469,0,18,0,0,0,0,0,0,0,0,0,0
8470,0,0,0,0,0,0,40,1,0,0,0,0
8471,5,2,16,0,0,0,0,0,0,0,0,0
8472,0,52,7,0,0,0,0,0,0,0,0,0
8473,0,0,0,0,0,890,0,0,0,0,2,0
8474,1,0,0,0,0,0,0,0,0,0,0,0
8475,0,57,19,0,0,0,0,0,0,0,0,0
8476,0,0,0,0,0,5,0,0,0,8,573,0
8477,0,0,0,6,32,44,0,0,0,0,0,0
8478,0,0,0,1,0,2,0,0,0,0,0,0
8479,1,199,0,0,0,0,3,0,0,0,0,0
8480,0,0,0,0,0,3,0,0,0,50,1490,0
8481,0,0,0,0,0,2,0,0,0,47,726,0
8482,0,0,0,1,39,62,0,0,0,0,0,0
8483,0,0,0,10,0,67,0,0,0,0,0,0
8484,0,0,0,0,0,1,0,0,0,0,0,0
8485,0,0,0,1,0,77,0,0,0,0,0,0
8486,2,27,0,0,0,0,0,0,0,0,0,0
8487,1,35,0,0,0,0,0,0,0,0,0,0
8488,0,0,0,0,0,0,1293,7,0,0,0,0
8489,0,0,0,0,3,8,0,0,0,0,0,0
8490,0,0,0,0,0,3,0,0,0,0,0,0
8491,0,1,0,0,0,0,114,1,0,0,0,0
8492,0,0,0,0,0,0,0,0,0,0,0,0
8493,0,0,0,0,0,0,0,0,0,1,3,0
8494,9,113,8,0,0,0,3,0,0,0,0,0
8495,0,0,0,3,152,2,0,2,0,0,0,0
8496,0,0,0,0,0,0,0,2,0,0,0,0
8497,0,0,0,0,0,96,0,0,0,0,0,0
8498,0,0,0,0,2,0,170,11,0,0,0,0
8499,0,0,0,0,0,0,0,0,0,1,482,1
8500,35,108,13,0,0,0,0,0,0,0,0,0
8501,0,162,8,0,0,0,0,0,0,0,0,0
8502,0,0,0,0,0,0,0,0,2,27,636,316
8503,0,0,0,2,0,136,0,0,0,0,1,0
8504,0,0,0,0,0,0,0,0,0,0,0,0
8505,0,0,0,0,0,0,0,0,0,3,16,0
8506,0,0,0,0,0,33,0,0,0,0,0,0
8507,0,0,9,0,0,0,0,0,0,0,0,0
8508,0,0,0,0,0,0,38,1,1,0,0,0
8509,1,48,0,0,0,0,0,0,0,0,0,0
8510,0,0,0,0,0,0,0,0,0,1,2,1
8511,0,0,0,0,0,0,0,0,0,0,0,0
8512,2,1608,0,0,0,0,4,0,0,0,0,0
8513,0,0,0,0,0,0,214,73,44,0,0,0
8514,0,0,0,0,0,1,0,0,0,0,0,0
8515,0,0,0,1,3,27,0,0,0,0,0,0
8516,0,0,0,0,0,0,130,146,0,0,0,0
8517,0,0,0,0,0,4,0,0,0,0,0,0
8518,0,0,0,0,0,17,0,0,0,0,0,0
8519,6,37,0,0,0,0,0,0,0,0,0,0
8520,2,190,12,0,0,0,2,0,0,0,0,0
8521,0,0,0,0,0,213,0,0,0,0,3,0
8522,0,0,0,0,0,0,43,3,0,0,0,0
8523,0,0,0,0,0,5,0,0,0,0,0,0
8524,0,0,0,13,0,78,0,0,0,0,0,0
8525,0,0,0,0,0,0,267,84,2,0,0,0
8526,0,0,0,0,0,3,0,0,0,0,0,0
8527,22,137,0,0,0,0,1,0,0,0,0,0
8528,1,113,1,0,0,0,1,0,0,0,0,0
8529,0,0,0,0,0,0,0,0,0,2,1,1
8530,9,97,0,0,0,0,0,0,0,0,0,0
8531,0,106,0,0,0,0,0,0,0,0,0,0
8532,0,0,0,0,0,0,0,0,0,0,34,0
8533,6,177,1,0,0,0,2,0,0,0,0,0
8534,1,0,2,0,0,0,0,0,0,0,0,0
8535,2,37,2,0,0,0,0,0,0,0,0,0
8536,0,0,0,0,0,0,141,15,1,0,0,0
8537,2,155,53,0,0,0,0,0,0,0,0,0
8538,0,0,0,1,0,1,0,0,0,0,0,0
8539,4,37,1,0,0,0,0,0,0,0,0,0
8540,0,0,0,0,0,0,516,43,3,0,0,0
8541,0,0,0,0,0,2,0,0,0,2,903,0
8542,6,104,51,0,0,0,0,0,0,1,0,0
8543,0,0,0,0,0,3,0,0,0,1,88,0
8544,0,0,0,1,0,0,0,0,0,0,0,0
8545,0,0,0,13,1,39,0,0,0,0,0,0
8546,1,2,0,0,0,0,0,0,0,0,0,0
8547,63,284,3,1,0,0,1,0,0,0,0,0
8548,0,2,0,0,2,0,349,474,3,0,0,0
8549,0,0,0,0,0,0,5,2,0,0,0,0
8550,0,0,0,0,0,0,0,3,0,0,0,0
8551,0,0,0,11,10,127,0,0,0,0,0,0
8552,0,0,0,0,0,0,0,3,1,0,0,0
8553,0,0,0,0,0,0,1,3,0,0,0,0
8554,0,0,0,2,0,40,0,0,0,0,0,0
8555,0,8,0,0,0,0,0,0,0,0,0,0
8556,1,24,11,0,0,0,0,0,0,0,0,0
8557,3,47,30,0,0,0,0,0,0,0,0,0
8558,25,147,18,0,0,0,3,0,0,1,0,0
8559,0,0,0,39,48,23,0,0,0,0,0,0
8560,0,0,0,4,2,33,0,0,0,0,0,0
8561,0,0,0,0,3,1,313,8148,1,0,0,0
8562,0,0,0,1,12,68,0,0,0,0,0,0
8563,0,0,0,0,0,14,0,0,0,0,0,0
8564,2,85,2,0,0,0,2,0,0,0,0,0
8565,5,63,7,0,0,0,1,0,0,0,0,0
8566,0,0,0,1,4,2279,0,0,0,0,6,0
8567,40,58,0,0,0,0,0,0,0,0,0,0
8568,2,56,45,0,0,0,0,0,0,0,0,0
8569,0,0,0,5,23,44,0,0,0,0,0,0
8570,0,0,0,32,3,15,0,0,0,0,0,0
8571,0,0,0,0,0,0,2,22,0,0,0,0
8572,0,0,0,0,5,0,0,2012,5,0,0,0
8573,0,0,0,3,0,13,0,0,0,0,0,0
8574,0,0,0,0,2,44,0,0,0,0,0,0
8575,0,0,0,0,0,0,43,18,2,0,0,0
8576,0,66,210,0,0,0,1,0,0,0,0,0
8577,4,33,110,0,0,0,0,0,0,1,0,0
8578,0,1,0,0,0,0,307,475,1,0,0,0
8579,0,0,0,0,0,0,0,0,0,4,1,1
8580,15,53,12,0,0,0,0,0,0,0,0,0
8581,0,0,0,0,0,0,39,102,0,0,0,0
8582,0,0,0,0,0,117,0,0,0,0,0,0
8583,0,0,0,2,0,25,0,0,0,0,0,0
8584,1,189,1,0,0,0,3,0,0,0,0,0
8585,4,44,10,0,0,0,0,0,0,0,0,0
8586,0,0,0,0,6,23,0,0,0,0,0,0
8587,0,0,0,0,0,32,0,0,0,0,0,0
8588,2,156,1,0,0,0,0,0,0,0,0,0
8589,2,10,1,0,0,0,0,0,0,0,0,0
8590,3,600,7,0,0,0,1,0,0,0,0,0
8591,0,1,0,0,6,0,243,624,1,0,0,0
8592,0,0,0,0,16,38,0,0,0,0,0,0
8593,0,0,0,0,0,2365,0,0,0,0,30,0
8594,0,112,1,0,0,0,0,0,0,0,0,0
8595,0,0,0,0,0,5,0,0,0,16,1014,0
8596,2,39,4,0,0,0,0,0,0,0,0,0
8597,0,1,12,0,0,3,0,0,0,874,697,2
8598,0,0,0,0,5,9,0,0,0,0,0,0
8599,0,0,0,11,1,139,0,0,0,0,0,0
8600,0,0,0,0,1,0,259,407,3,0,0,0
8601,0,0,0,5,7,91,0,0,0,0,0,0
8602,0,0,0,0,0,0,158,314,35,0,0,0
8603,0,0,0,16,5,16087,0,0,0,0,325,0
8604,0,0,0,3,10,1569,0,0,0,0,10,0
8605,0,0,0,0,0,4,0,0,0,29,702,0
8606,0,0,0,0,0,3,0,0,0,61,535,4
8607,0,0,0,1,0,50,0,0,0,0,0,0
8608,0,0,0,9,15,371,0,0,0,0,2,0
8609,0,0,0,3,6,45,0,0,0,0,0,0
8610,0,0,0,0,26,58,0,0,0,0,0,0
8611,0,0,0,9,0,25,0,0,0,0,0,0
8612,0,0,0,0,14,0,107,955,1,0,0,0
8613,0,0,0,0,25,23,0,0,0,0,0,0
8614,2,0,0,33,6,129,0,0,0,0,1,0
8615,0,0,0,0,1,0,206,103,1,0,0,0
8616,0,0,0,0,0,0,0,0,0,3,304,1
8617,2,0,0,96,1,84,0,0,0,0,0,0
8618,0,3,0,0,0,0,410,62,0,0,0,0
8619,0,0,0,0,0,3,0,0,0,3,1880,8
8620,0,0,0,5,10,76,0,0,0,0,0,0
8621,7,400,2,0,0,0,0,0,0,0,0,0
8622,0,0,0,0,7,597,0,0,0,0,2,0
8623,0,0,0,6,0,63,0,0,0,0,0,0
8624,0,0,0,4,9,24,0,0,0,0,0,0
8625,0,0,0,4,11,28,0,0,0,0,0,0
8626,0,0,0,0,0,9,0,0,0,35,2218,2
8627,0,0,0,0,0,20,0,0,0,0,0,0
8628,1,47,5,0,0,0,0,0,0,0,0,0
8629,0,0,0,0,0,138,0,0,0,0,0,0
8630,0,0,0,0,8,13,0,0,0,0,0,0
8631,0,0,0,9,0,7,0,0,0,0,0,0
8632,5,92,9,0,0,0,0,0,0,0,0,0
8633,3,64,157,0,0,0,0,0,0,0,0,0
8634,0,0,0,1,0,881,0,0,0,0,2,0
8635,1,32,2,0,0,0,0,0,0,0,0,0
8636,3,227,6,0,0,0,0,0,0,0,0,0
8637,0,0,0,0,0,4,0,0,0,28,692,1
8638,2,24,0,0,0,0,0,0,0,0,0,0
8639,0,0,0,0,0,4,0,0,0,35,405,0
8640,0,0,0,0,0,2,0,0,0,92,208,0
8641,0,0,0,302,36,112,0,1,0,0,2,0
8642,0,1,0,0,0,0,273,53,1,0,0,0
8643,0,0,0,0,6,104,0,0,0,0,2,0
8644,0,0,0,23,12,228,0,0,0,0,9,0
8645,0,0,0,0,0,8,0,0,0,15,1036,1
8646,1,5,1,0,0,0,0,0,0,0,0,0
8647,0,0,0,4,3,216,0,0,0,0,4,0
8648,0,0,0,0,0,0,67,35,1,0,0,0
8649,0,0,0,4,28,162,0,0,0,0,0,0
8650,0,0,0,0,0,2,0,0,0,34,454,0
8651,13,506,106,0,0,0,4,0,0,10,0,0
8652,0,0,0,3,3,114,0,0,0,0,1,0
8653,0,0,0,0,3,0,200,1507,304,0,0,1
8654,0,0,0,0,3,8,0,0,0,0,0,0
8655,0,0,0,0,0,65,0,0,0,19,5626,1
8656,0,0,0,4,1,743,0,0,0,0,16,0
8657,1,14,3,0,0,0,0,0,0,0,0,0
8658,5,1416,5,0,0,0,268,0,0,0,0,0
8659,2,174,11,0,0,0,1,0,0,0,0,0
8660,0,0,0,0,0,10,0,0,0,14,2971,7
8661,2,48,2,0,0,0,0,0,0,0,0,0
8662,5,0,0,37,0,299,0,0,0,0,0,0
8663,4,17,1,0,0,0,0,0,0,0,0,0
8664,0,0,0,0,0,4,0,0,0,65,1621,3
8665,0,0,0,19,47,100,0,0,0,0,1,0
8666,0,0,0,0,0,0,43,5,1,0,0,0
8667,0,55,37,0,0,0,0,0,0,0,0,0
8668,0,0,1,0,0,2,0,0,0,81,741,3
8669,0,0,0,117,16,83,0,0,0,0,0,0
8670,0,0,0,5,1,37,0,0,0,0,0,0
8671,0,0,0,37,8,33,0,0,0,0,0,0
8672,0,0,0,2,60,60,0,0,0,0,0,0
8673,0,0,0,0,0,1,0,0,0,0,705,0
8674,12,31,89,0,0,0,0,0,0,0,0,0
8675,2,33,100,0,0,0,0,0,0,0,0,0
8676,0,0,0,0,0,0,22,130,5,0,0,0
8677,0,0,0,0,6,354,0,0,0,0,0,0
8678,0,0,0,0,0,0,3,2,0,0,0,0
8679,50,51,43,1,0,0,1,0,0,0,0,0
8680,1,65,34,0,0,0,0,0,0,0,0,0
8681,6,288,14,0,0,0,3,0,0,0,0,0
8682,0,0,0,3,5,237,0,0,0,0,0,0
8683,0,0,0,0,0,5,0,0,0,4,4049,0
8684,5,146,13,0,0,0,9,0,0,0,0,0
8685,0,0,0,0,0,9,0,0,0,0,0,0
8686,2,22,2,0,0,0,0,0,0,0,0,0
8687,0,0,0,0,0,0,19,0,1,0,0,0
8688,0,0,0,0,0,0,34,29,0,0,0,0
8689,3,356,29,0,0,0,0,0,0,1,0,0
8690,0,0,0,0,0,2,0,0,0,0,0,0
8691,11,0,0,0,0,0,0,0,0,0,0,0
8692,0,0,0,0,0,8,0,0,0,0,589,1
8693,2,0,1,0,0,0,0,0,0,0,0,0
8694,5,110,0,0,0,0,0,0,0,0,0,0
8695,0,2,0,0,0,0,181,17,0,0,0,0
8696,0,2,0,0,0,0,81,13,0,0,0,0
8697,0,0,0,0,0,2,0,0,0,0,668,1
8698,0,0,0,4,0,62,0,0,0,0,0,0
8699,16,259,0,0,0,0,0,0,0,0,0,0
8700,0,0,0,1,0,4,0,0,0,0,0,0
8701,0,0,0,71,1,143,0,0,0,0,0,0
8702,0,0,0,0,0,0,4,5,0,0,0,0
8703,14,32,124,0,0,0,0,0,0,0,0,0
8704,0,0,0,27,6,1504,0,0,0,0,39,0
8705,0,0,0,0,0,0,211,15,1,0,0,0
8706,0,0,0,0,0,0,35,4,4,0,0,0
8707,0,0,0,1,1,557,0,0,0,0,6,0
8708,0,0,0,0,0,0,4,46,1,0,0,0
8709,0,0,0,0,0,0,1,4,1,0,0,0
8710,0,0,0,0,0,81,0,0,0,0,0,0
8711,0,5,0,0,0,0,194,58,0,0,0,0
8712,0,0,0,0,0,107,0,0,0,0,1,0
8713,0,0,0,0,0,2,0,0,0,13,459,8
8714,1,4,1,0,0,0,0,0,0,0,0,0
8715,0,0,0,0,0,1,0,0,0,1,250,0
8716,0,0,0,4,22,96,0,1,0,0,0,0
8717,0,0,0,0,0,0,0,0,0,10,237,0
8718,0,0,0,0,0,0,110,46,1,0,0,0
8719,0,0,0,3,13,133,0,0,0,0,0,0
8720,0,0,0,0,0,0,95,17,0,0,0,0
8721,0,17,1,0,0,0,0,0,0,0,0,0
8722,0,0,0,0,0,6,0,0,0,13,499,0
8723,2,162,6,0,0,0,2,0,0,0,0,0
8724,0,0,0,0,0,6,0,0,0,0,0,0
8725,5,14,2,0,0,0,0,0,0,0,0,0
8726,0,2,0,0,0,0,187,29,0,0,0,0
8727,0,0,0,0,0,0,0,0,0,42,333,0
8728,26,153,37,1,0,0,1,0,0,0,0,0
8729,0,0,0,7,198,286,0,1,0,0,2,0
8730,0,0,0,0,0,0,0,0,0,13,470,1
8731,0,0,0,145,1,142,0,0,0,0,0,0
8732,3,20,0,0,0,0,0,0,0,0,0,0
8733,0,0,0,0,0,9,0,0,0,16,2364,0
8734,6,194,0,0,0,0,3,0,0,0,0,0
8735,0,0,0,0,0,0,15,3,0,0,0,0
8736,0,17,18,0,0,0,0,0,0,0,0,0
8737,0,0,0,0,8,2152,0,0,0,0,10,0
8738,1,99,0,0,0,0,0,0,0,0,0,0
8739,0,0,0,0,0,4,0,0,0,39,493,3
8740,0,0,0,4,28,16,0,0,0,0,0,0
8741,0,0,0,1,0,2,0,0,0,0,0,0
8742,0,0,0,0,0,0,0,0,0,0,0,0
8743,0,0,0,0,3,180,0,0,0,0,0,0
8744,0,0,0,1,0,42,0,0,0,0,0,0
8745,0,0,0,0,0,1,0,0,0,0,0,0
8746,1,0,0,18,1,46,0,0,0,0,0,0
8747,0,3,0,0,1,0,448,354,2,0,0,0
8748,0,0,0,0,0,1,0,0,0,3,1125,0
8749,0,0,0,4,114,83,0,0,0,0,0,0
8750,1,5,0,0,0,0,0,0,0,0,0,0
8751,10,31,2,0,0,0,0,0,0,0,0,0
8752,0,0,0,0,0,79,0,0,0,1,7612,0
8753,0,0,0,0,0,0,0,0,0,0,0,0
8754,0,1,1,0,0,0,0,0,0,0,0,0
8755,0,65,0,0,0,0,0,0,0,0,0,0
8756,0,0,0,0,0,1,0,0,0,13,1158,1
8757,25,85,0,0,0,0,1,0,0,0,0,0
8758,0,0,0,5,3,273,0,0,0,0,0,0
8759,0,1,0,0,1,0,116,423,1,0,0,0
8760,0,0,0,0,0,4,0,0,0,48,937,0
8761,1,0,0,60,143,48,0,2,0,0,1,0
8762,0,3,0,0,0,0,440,19,4,0,0,0
8763,2,467,36,0,0,0,2,0,0,0,0,0
8764,0,0,0,5,15,386,0,0,0,0,3,0
8765,0,0,0,0,3,1,0,0,0,0,0,0
8766,0,0,0,1,1,2,0,0,0,0,0,0
8767,0,0,0,1,0,178,0,0,0,0,1,0
8768,0,0,0,0,1,0,21,572,1,0,0,0
8769,2,33,13,0,0,0,0,0,0,0,0,0
8770,0,0,0,0,0,2,0,0,0,7,933,1
8771,2,84,12,0,0,0,0,0,0,0,0,0
8772,0,0,0,0,0,14,0,0,0,10,3306,2
8773,19,219,12,0,0,0,2,0,0,0,0,0
8774,0,0,0,1,3,6,0,0,0,0,0,0
8775,0,0,0,0,0,0,2,8,0,0,0,0
8776,0,0,0,0,0,0,1,3,0,0,0,0
8777,0,0,0,1,1,51,0,0,0,0,0,0
8778,0,0,0,3,0,5,0,0,0,0,0,0
8779,0,0,0,2,1,30,0,0,0,0,0,0
8780,1,140,34,0,0,0,0,0,0,0,0,0
8781,0,18,0,0,0,0,2315,11,6,0,0,0
8782,0,0,0,0,0,50,0,0,0,9,5872,0
8783,0,0,0,0,0,0,0,0,0,24,0,3
8784,14,131,0,1,0,0,0,0,0,0,0,0
8785,0,0,0,0,1,0,153,55,2,0,0,0
8786,0,0,0,0,0,0,0,0,0,22,94,0
8787,0,0,0,0,0,0,285,23,0,0,0,0
8788,0,0,0,11,7,190,0,0,0,0,1,0
8789,0,0,0,0,0,0,30,6,0,0,0,0
8790,0,0,0,0,0,0,0,0,0,0,0,0
8791,0,0,0,74,4,48,0,0,0,0,0,0
8792,0,0,0,0,0,0,51,20,0,0,0,0
8793,0,0,0,0,1,0,5,146,0,0,0,0
8794,0,0,0,0,1,33,0,0,0,0,0,0
8795,45,583,0,0,0,0,0,0,0,0,0,0
8796,0,0,0,0,1,0,0,397,1,0,0,0
8797,0,0,0,0,1,8,0,0,0,0,0,0
8798,0,0,0,0,0,10,0,0,0,0,0,0
8799,3,32,0,0,0,0,0,0,0,0,0,0
8800,0,0,0,0,0,558,0,0,0,0,6,0
8801,1,78,0,0,0,0,0,0,0,0,0,0
8802,0,0,0,0,0,36,0,0,0,11,3446,1
8803,0,0,0,0,0,78,0,0,0,0,0,0
8804,3,19,0,0,0,0,0,0,0,0,0,0
8805,0,193,46,0,0,0,29,0,0,0,0,0
8806,0,0,0,6,2,395,0,0,0,0,2,0
8807,0,0,0,0,0,0,42,3,3,0,0,0
8808,3,74,30,0,0,0,0,0,0,0,0,0
8809,0,0,0,0,0,94,0,0,0,147,7950,0
8810,0,136,1,0,0,0,3,0,0,0,0,0
8811,5,124,0,0,0,0,0,0,0,0,0,0
8812,16,468,17,1,0,0,1,0,0,0,0,0
8813,0,1,0,0,1,0,78,289,3,0,0,0
8814,0,0,1,0,0,0,0,0,0,60,875,5
8815,0,0,0,9,45,110,0,0,0,0,0,0
8816,0,0,0,1,2,0,0,0,0,0,0,0
8817,0,0,0,0,0,0,0,3,6,0,0,0
8818,0,0,0,0,0,18,0,0,0,0,1810,0
8819,0,0,0,0,0,2,0,0,0,4,336,4
8820,0,0,0,0,0,0,0,0,0,0,9,0
8821,149,673,42,0,0,0,5,1,0,0,0,0
8822,0,0,0,0,17,182,0,0,0,0,0,0
8823,0,0,0,0,0,26,0,0,0,0,0,0
8824,0,0,0,0,0,0,53,2,1,0,0,0
8825,1,474,30,0,0,0,3,0,0,0,0,0
8826,0,0,0,1,2,36,0,0,0,0,0,0
8827,0,0,0,0,0,0,0,0,0,0,0,0
8828,0,0,0,0,0,0,0,0,0,0,0,0
8829,0,0,0,0,0,186,0,0,1,407,21955,12
8830,1,0,0,131,6,132,0,0,0,0,0,0
8831,0,0,0,0,0,0,22,23,4,0,0,0
8832,0,0,0,0,0,0,0,0,0,0,863,0
8833,116,59,283,9,0,0,0,0,0,11,0,0
8834,0,1,0,0,0,0,116,62,7,0,0,0
8835,0,0,0,0,0,0,0,0,0,0,0,0
8836,0,0,0,0,0,4,0,0,0,2,926,3
8837,5,165,11,0,0,0,1,0,0,0,0,0
8838,0,0,0,3,0,347,0,0,0,0,0,0
8839,20,30,0,0,0,0,1,0,0,0,0,0
8840,9,70,0,0,0,0,0,0,0,0,0,0
8841,0,0,0,0,0,6,0,0,0,0,1377,0
8842,10,176,46,0,0,0,5,0,0,0,0,0
8843,0,101,189,0,0,0,0,0,0,2,0,0
8844,0,0,0,0,0,0,73,195,12,0,0,0
8845,10,273,25,0,0,0,1,0,0,0,0,0
8846,0,1,0,0,0,0,80,1,2,0,0,0
8847,0,1,1,0,0,0,0,0,0,0,0,0
8848,139,220,17,2,0,0,1,0,0,0,0,0
8849,0,7,0,0,6,0,649,218,5,0,0,0
8850,0,0,0,4,7,53,0,0,0,0,0,0
8851,0,0,0,0,0,0,156,181,0,0,0,0
8852,0,0,0,0,0,0,33,0,0,0,0,0
8853,0,0,0,0,0,0,42,12,0,0,0,0
8854,0,0,0,2,8,285,0,0,0,0,1,0
8855,0,0,0,17,7,260,0,0,0,0,0,0
8856,1,0,0,21,12,33,0,0,0,0,1,0
8857,0,0,0,20,3,48,0,0,0,0,0,0
8858,0,0,0,0,0,0,226,12,0,0,0,0
8859,0,0,0,0,0,6,0,0,0,0,0,0
8860,0,0,0,0,0,48,0,0,0,58,764,0
8861,0,5,0,0,0,0,1215,121,0,0,0,0
8862,0,0,0,4,1,50,0,0,0,0,0,0
8863,0,5,0,0,1,0,575,213,2,0,0,0
8864,0,0,0,0,0,0,0,0,0,3,2,5
8865,0,0,0,0,0,0,0,0,0,1,0,1
8866,0,0,0,48,6,211,0,0,0,0,0,0
8867,0,1,0,0,0,0,651,24,0,0,0,0
8868,0,0,0,0,0,0,26,3,0,0,0,0
8869,0,0,0,2,4,366,0,0,0,0,1,0
8870,0,0,0,8,9,117,0,0,0,0,0,0
8871,0,0,0,1,11,29,0,0,0,0,0,0
8872,0,1,0,0,5,0,127,472,19,0,0,0
8873,0,0,0,0,0,0,0,0,0,15,48,3
8874,0,0,0,0,0,0,0,0,0,0,4,0
8875,1,0,0,337,21,74,0,0,0,0,0,0
8876,0,0,0,0,0,0,80,56,3,0,0,0
8877,0,0,0,0,0,0,0,67,1,0,0,0
8878,0,0,0,0,0,3,0,0,0,36,2161,1
8879,14,188,2,0,0,0,2,0,0,0,0,0
8880,0,0,0,0,0,6,0,0,0,12,1876,0
8881,0,5,0,0,1,0,358,60,0,0,0,0
8882,7,138,82,0,0,0,3,0,0,1,0,0
8883,0,0,0,0,0,105,0,0,0,0,0,0
8884,6,566,6,0,0,0,0,0,0,0,0,0
8885,0,0,0,19,10,630,0,0,0,0,2,0
8886,0,0,0,0,0,0,0,0,0,0,0,0
8887,0,0,0,0,0,0,0,0,0,0,0,0
8888,0,0,0,0,0,1,0,0,0,40,111,33
8889,0,0,0,0,0,0,489,8,2,0,0,0
8890,0,0,0,0,0,29,0,0,0,4,1323,5
8891,4,40,12,0,0,0,0,0,0,0,0,0
8892,0,0,0,0,0,0,0,0,0,43,342,0
8893,63,1105,5,0,0,0,14,0,0,0,0,0
8894,2,24,14,0,0,0,0,0,0,1,0,0
8895,0,0,0,0,0,46,0,0,0,33,2762,0
8896,0,0,0,3,0,59,0,0,0,0,2,0
8897,1,26,1,0,0,0,0,0,0,0,0,0
8898,3,266,14,0,0,0,3,0,0,0,0,0
8899,0,0,0,12,3,141,0,0,0,0,5,0
8900,0,3,0,0,0,0,292,8,12,0,0,0
8901,0,0,0,0,0,0,2,6,5,0,0,0
8902,1,0,0,16,1,62,0,0,0,0,4,0
8903,0,0,0,0,0,0,84,1,0,0,0,0
8904,0,33,53,0,0,0,3,0,0,2,0,0
8905,0,0,0,0,0,12,0,0,0,48,701,1
8906,0,0,0,3,112,153,0,1,0,0,10,0
8907,0,0,0,3,6,10,0,1,0,0,0,0
8908,0,0,0,3,13,136,0,1,0,0,2,0
8909,0,0,0,0,51,49,0,0,0,0,1,0
8910,0,0,0,0,2,15,0,0,0,0,0,0
8911,0,11,0,0,0,0,209,167,12,0,0,0
8912,0,0,0,0,0,0,0,0,0,17,76,0
8913,12,1,5,0,0,0,0,0,0,0,0,0
8914,0,0,0,6,9,416,0,0,0,0,1,0
8915,1,0,0,84,5,72,0,0,0,0,0,0
8916,0,0,0,1,3,1,0,0,0,0,0,0
8917,0,0,0,0,0,42,0,0,0,113,6333,2
8918,0,0,0,1,1,222,0,0,0,0,2,0
8919,0,0,0,0,0,3,0,0,0,0,0,0
8920,0,110,0,0,0,0,0,0,0,0,0,0
8921,0,0,0,0,0,0,0,0,0,15,151,2
8922,0,0,0,0,0,1,0,0,0,0,40,0
8923,0,0,0,5,3,25,0,0,0,0,0,0
8924,3,2,6,0,0,0,0,0,0,0,0,0
8925,0,0,0,0,0,0,1,4,1,0,0,0
8926,1,160,2,0,0,0,0,0,0,0,0,0
8927,0,0,0,0,0,0,40,381,13,0,0,0
8928,0,0,0,1,8,8,0,0,0,0,0,0
8929,0,0,0,0,13,132,0,0,0,0,1,0
8930,0,0,0,0,0,9,0,0,0,0,0,0
8931,0,0,0,1,0,2,0,0,0,0,0,0
8932,0,0,0,2,0,9,0,0,0,0,0,0
8933,2,32,0,0,0,0,0,0,0,0,0,0
8934,0,0,0,0,0,0,29,4,2,0,0,0
8935,0,0,0,0,1,245,0,0,0,0,0,0
8936,0,3,0,0,0,0,540,20,5,0,0,0
8937,0,0,0,0,0,0,0,0,0,2,967,2
8938,8,76,7,0,0,0,0,0,0,0,0,0
8939,0,2,0,0,6,0,238,1314,1,0,0,0
8940,0,0,0,0,3,17,0,0,0,0,0,0
8941,0,0,0,8,8,104,0,0,0,0,1,0
8942,0,3,0,0,0,0,342,17,7,0,0,0
8943,0,0,0,0,0,0,5,171,2,0,0,0
8944,0,0,0,25,0,120,0,0,0,0,0,0
8945,5,82,87,0,0,0,0,0,0,2,0,0
8946,0,136,2,0,0,0,1,0,0,0,0,0
8947,0,0,0,0,0,151,0,0,0,1,20366,1
8948,5,72,23,0,0,0,12,0,0,0,0,0
8949,0,0,0,1,1,88,0,0,0,0,0,0
8950,0,1,1,0,0,33,0,0,0,118,7526,6
8951,0,0,0,2,0,4,0,0,0,0,0,0
8952,0,0,0,0,0,0,2,4,1,0,0,0
8953,0,0,0,0,2,224,0,0,0,0,0,0
8954,0,0,0,0,1,8,0,0,0,0,0,0
8955,1,0,0,0,0,0,0,0,0,0,0,0
8956,0,0,0,0,0,80,0,0,0,0,10917,0
8957,0,15,0,0,0,0,0,0,0,0,0,0
8958,0,0,0,0,0,0,0,0,0,0,157,1
8959,0,87,0,0,0,0,0,0,0,0,0,0
8960,0,0,0,0,0,0,0,0,0,2,141,2
8961,0,0,0,0,0,0,0,0,0,5,93,0
8962,6,105,8,0,0,0,0,0,0,0,0,0
8963,0,0,0,14,11,83,0,0,0,0,0,0
8964,0,0,0,0,0,30,0,0,0,1,8235,0
8965,4,787,1,0,0,0,21,0,0,0,0,0
8966,0,35,8,0,0,0,0,0,0,0,0,0
8967,0,157,18,0,0,0,0,0,0,0,0,0
8968,1,69,29,0,0,0,0,0,0,0,0,0
8969,0,0,0,0,0,0,0,0,0,33,27,0
8970,0,0,0,22,0,66,0,0,0,0,1,0
8971,0,0,0,0,0,55,0,0,0,0,0,0
8972,0,598,0,0,0,0,16,0,0,0,0,0
8973,0,0,0,2,2,45,0,0,0,0,0,0
8974,39,27,147,1,0,0,0,0,0,2,0,0
8975,0,0,0,0,0,0,18,5,0,0,0,0
8976,7,149,61,0,0,0,1,0,0,7,0,0
8977,0,0,0,0,0,0,138,104,7,0,0,0
8978,0,0,0,0,0,1,0,0,0,0,0,0
8979,0,0,0,0,0,0,0,0,0,0,0,0
8980,0,0,0,0,0,6,0,0,0,0,1048,0
8981,2,75,3,0,0,0,1,0,0,0,0,0
8982,0,0,0,0,0,4,0,0,0,77,2001,1
8983,0,0,0,95,1126,87,0,113,0,0,0,0
8984,0,2,0,0,0,0,391,11,3,0,0,0
8985,2,68,10,0,0,0,0,0,0,0,0,0
8986,0,0,0,33,26,3424,0,0,0,10,1282035,0
8987,0,0,0,0,0,3,0,0,0,0,0,0
8988,0,0,0,0,0,1,0,0,0,0,0,0
8989,0,0,0,0,1,67,0,0,0,0,1,0
8990,0,0,0,0,0,0,121,970,1,0,0,0
8991,0,0,0,0,0,11,0,0,0,10,3091,1
8992,34,87,2,0,0,0,0,0,0,0,0,0
8993,0,60,0,0,0,0,1,0,0,0,0,0
8994,0,0,0,0,0,4,0,0,0,15,818,0
8995,4,123,2,0,0,0,0,0,0,0,0,0
8996,0,0,0,8,65,84,0,0,0,0,0,0
8997,0,0,0,0,0,0,0,0,0,0,44,0
8998,2,193,12,0,0,0,1,0,0,0,0,0
8999,0,0,0,0,0,0,17,19,23,0,0,1
9000,0,0,0,0,0,0,0,0,0,0,18,1
9001,0,0,0,2,23,89,0,0,0,0,0,0
9002,0,0,0,0,1,1,0,0,0,0,0,0
9003,0,0,0,0,0,0,0,3,0,0,0,0
9004,0,0,0,0,1,295,0,0,0,0,0,0
9005,0,9,0,0,0,0,22,3,3,0,0,0
9006,0,0,0,0,2,41,0,0,0,0,0,0
9007,0,0,0,1,26,231,0,0,0,0,0,0
9008,0,0,0,31,14,35,0,0,0,0,0,0
9009,0,0,0,0,1,1,0,0,0,0,0,0
9010,0,0,0,0,0,0,142,32,12,0,0,0
9011,0,0,0,0,0,0,2,23,0,0,0,0
9012,0,0,0,0,0,3,0,0,0,1,12,0
9013,0,0,0,68,27,96,0,0,0,0,0,0
9014,0,0,0,0,0,0,4,25,0,0,0,0
9015,0,0,0,0,0,0,0,0,0,1,9,0
9016,0,0,0,11,8,1140,0,0,0,0,2,0
9017,0,0,0,0,0,0,8,0,1,0,0,0
9018,152,28,28,1,0,0,0,0,0,0,0,0
9019,2,226,2,0,0,0,1,0,0,0,0,0
9020,0,0,0,0,0,1,0,0,0,0,0,0
9021,0,0,0,0,0,0,2,3,1,0,0,0
9022,0,0,0,0,0,77,0,0,0,0,0,0
9023,0,53,2,0,0,0,0,0,0,0,0,0
9024,0,0,0,0,0,3,0,0,0,0,123,0
9025,14,58,2,0,0,0,0,0,0,0,0,0
9026,34,35,9,0,0,0,0,0,0,0,0,0
9027,0,0,0,6,0,133,0,0,0,0,0,0
9028,0,0,0,7,4,36,0,0,0,0,0,0
9029,0,0,0,0,0,13,0,0,0,0,0,0
9030,0,0,0,0,0,6,0,0,0,0,0,0
9031,0,0,0,3,0,28,0,0,0,0,0,0
9032,4,6,0,0,0,0,0,0,0,0,0,0
9033,0,50,12,0,0,0,0,0,0,0,0,0
9034,2,97,6,0,0,0,1,0,0,0,0,0
9035,0,0,0,0,0,0,26,12,1,0,0,0
9036,0,80,39,0,0,0,0,0,0,0,0,0
9037,0,0,0,31,20,469,0,0,0,0,0,0
9038,0,0,0,0,0,0,20,21,0,0,0,0
9039,0,0,0,0,0,0,0,0,0,0,0,0
9040,0,0,0,21,7,104,0,0,0,0,0,0
9041,0,0,0,4,48,5,0,0,0,0,0,0
9042,0,0,0,0,0,4,0,0,0,36,869,0
9043,0,0,0,10,2,47,0,0,0,0,0,0
9044,0,0,0,0,0,0,50,2,0,0,0,0
9045,0,0,0,0,0,0,34,3,1,0,0,0
9046,0,0,0,0,0,30,0,0,0,0,0,0
9047,0,153,0,0,0,0,7,0,0,0,0,0
9048,3,141,7,0,0,0,0,0,0,0,0,0
9049,0,0,0,0,6,0,380,1502,24,0,0,0
9050,0,0,0,0,0,6,0,0,0,8,1019,0
9051,0,0,0,0,0,3,0,0,0,4,834,0
9052,19,206,23,0,0,0,0,0,0,0,0,0
9053,0,0,0,0,10103,48,10,1281116,1,0,0,0
9054,0,0,0,1,0,31,0,0,0,0,0,0
9055,2,141,1,0,0,0,0,0,0,0,0,0
9056,0,0,0,0,0,1,0,0,0,3,342,0
9057,0,0,0,0,0,0,0,0,0,2,64,0
9058,106,157,11,2,0,0,0,0,0,0,0,0
9059,0,0,0,0,0,8,0,0,0,0,0,0
9060,6,10,1,0,0,0,0,0,0,0,0,0
9061,0,0,0,0,0,77,0,0,0,0,0,0
9062,0,0,0,2,0,4,0,0,0,0,0,0
9063,0,0,0,0,0,0,2,9,2,0,0,0
9064,0,0,0,0,0,96,0,0,0,0,0,0
9065,0,0,0,0,0,27,0,0,0,0,0,0
9066,3,8,0,0,0,0,0,0,0,0,0,0
9067,0,0,0,0,0,99,0,0,0,0,0,0
9068,0,0,0,0,0,0,6,4,1,0,0,0
9069,4,5,2,0,0,0,0,0,0,0,0,0
9070,0,0,0,0,0,1249,0,0,0,0,0,0
9071,0,41,0,0,0,0,0,0,0,0,0,0
9072,0,0,0,0,0,13,0,0,0,27,2373,2
9073,0,0,0,0,0,10,0,0,1,22,4114,8
9074,3,0,8,0,0,0,0,0,0,0,0,0
9075,1,2,1,0,0,0,0,0,0,0,0,0
9076,0,0,0,0,0,134,0,0,0,0,0,0
9077,0,0,0,0,0,0,231,60,2,0,0,0
9078,0,0,0,0,0,51,0,0,0,0,0,0
9079,1,105,0,0,0,0,1,0,0,0,0,0
9080,0,0,1,0,0,2,0,0,0,152,708,0
9081,0,0,0,0,0,2,0,0,0,0,0,0
9082,2,77,1,0,0,0,0,0,0,0,0,0
9083,0,0,0,0,0,0,85,1,1,0,0,0
9084,2,34,29,0,0,0,0,0,0,0,0,0
9085,1,3815,18,0,0,0,32,0,0,0,0,0
9086,0,2,0,0,0,0,509,14,1,0,0,0
9087,0,0,0,0,0,0,123,11,4,0,0,0
9088,0,0,0,1,0,26,0,0,0,0,0,0
9089,0,0,0,0,13,2,0,0,0,0,0,0
9090,0,0,0,0,0,0,0,0,0,1,6,0
9091,0,0,0,4,2,123,0,0,0,0,0,0
9092,0,0,0,0,4,0,339,509,3,0,0,0
9093,0,0,0,0,1,66,0,0,0,0,0,0
9094,0,0,0,18,23,49,0,0,0,0,1,0
9095,0,0,0,0,1,0,114,52,3,0,0,0
9096,0,0,0,0,0,1,0,0,0,7,535,1
9097,0,0,0,1,81,47,0,5,0,0,0,0
9098,0,0,0,0,0,1,0,0,0,0,0,0
9099,0,0,0,0,0,0,0,0,0,0,0,0
9100,0,0,0,0,0,450,0,0,0,0,4,0
9101,0,0,0,0,0,0,33,0,2,0,0,0
9102,3,24,21,0,0,0,0,0,0,0,0,0
9103,31,66,102,0,0,0,0,0,0,1,0,0
9104,22,539,20,0,0,0,0,0,0,0,0,0
9105,0,3,0,0,0,0,456,31,2,0,0,0
9106,0,0,0,0,3,78,0,0,0,0,1,0
9107,0,0,0,2,0,106,0,0,0,0,0,0
9108,0,0,0,0,0,1,0,0,0,0,0,0
9109,1,49,0,0,0,0,0,0,0,0,0,0
9110,0,0,0,0,0,0,0,0,0,1,286,3
9111,0,0,0,0,0,0,199,15,4,0,0,0
9112,0,0,0,0,0,2,0,0,0,32,2688,0
9113,0,0,0,0,0,0,0,0,0,13,406,1
9114,0,0,1,0,0,0,0,0,0,110,12,0
9115,0,0,0,46,11,402,0,0,0,0,0,0
9116,0,0,0,0,0,0,405,5,0,0,0,0
9117,0,14,2,0,0,0,0,0,0,0,0,0
9118,0,0,0,0,0,9,0,0,0,12,1297,3
9119,0,23,0,0,0,0,0,0,0,0,0,0
9120,0,0,0,0,0,34,0,0,0,4,3137,1
9121,2,120,13,0,0,0,0,0,0,0,0,0
9122,0,0,0,0,0,0,0,0,0,0,5,2
9123,0,0,0,0,0,0,58,25,0,0,0,0
9124,0,0,0,0,10,330,0,0,0,0,0,0
9125,0,0,0,0,0,3,0,0,0,0,0,0
9126,5,0,1,0,0,0,0,0,0,0,0,0
9127,0,0,0,0,0,1227,0,0,0,0,109,0
9128,0,0,0,0,0,0,50,39,3,0,0,0
9129,0,0,0,0,2,28,0,0,0,0,0,0
9130,0,0,0,0,20,0,71,3316,8,0,0,0
9131,0,0,0,0,0,0,0,0,0,55,158,13
9132,0,0,0,0,4,8,0,0,0,0,0,0
9133,0,0,5,0,0,0,0,0,0,463,805,1
9134,9,79,10,0,0,0,0,0,0,0,0,0
9135,0,0,0,3,0,75,0,0,0,0,0,0
9136,0,0,0,0,0,0,152,168,1,0,0,0
9137,0,0,0,0,0,0,0,9,1,0,0,0
9138,2,38,7,0,0,0,0,0,0,0,0,0
9139,0,0,0,5,6,618,0,0,0,0,1,0
9140,0,1,0,0,0,0,231,17,0,0,0,0
9141,0,3,0,0,0,0,389,10,0,0,0,0
9142,0,0,0,0,0,10,0,0,0,36,1256,0
9143,0,0,0,10,20,29,0,0,0,0,0,0
9144,0,0,0,0,0,3,0,0,0,4,472,0
9145,0,0,0,1,2,102,0,0,0,0,0,0
9146,4,60,1,0,0,0,0,0,0,0,0,0
9147,0,0,0,0,13,50,0,0,0,0,0,0
9148,0,0,0,5,2,55,0,0,0,0,0,0
9149,2,35,1,0,0,0,0,0,0,0,0,0
9150,0,0,0,0,1,4,0,0,0,0,0,0
9151,8,0,0,382,6,355,0,0,0,0,2,0
9152,0,0,0,0,0,0,0,0,0,8,2,0
9153,87,619,0,0,0,0,0,0,0,0,0,0
9154,23,124,14,0,0,0,7,0,0,0,0,0
9155,0,0,0,3,1,3,0,0,0,0,0,0
9156,0,0,0,5,0,1,0,0,0,0,0,0
9157,0,0,0,1,0,238,0,0,0,0,1,0
9158,0,0,0,0,0,0,0,0,0,18,135,2
9159,0,0,0,0,0,0,0,0,0,0,11,0
9160,0,0,0,2,0,93,0,0,0,0,0,0
9161,1,19,46,0,0,0,0,0,0,0,0,0
9162,0,913,7,0,0,0,2,0,0,0,0,0
9163,0,0,1,0,0,0,0,0,0,510,652,0
9164,0,29,1,0,0,0,0,0,0,0,0,0
9165,0,0,0,0,0,87,0,0,0,140,11379,1
9166,0,0,0,0,0,6,0,0,0,188,2312,10
9167,0,0,0,8,3,446,0,0,0,0,1,0
9168,1,9,1,0,0,0,0,0,0,0,0,0
9169,0,0,0,0,0,0,0,0,0,0,527,0
9170,0,0,0,0,0,0,0,0,0,157,565,0
9171,1,0,0,18,16,15,0,0,0,0,0,0
9172,0,0,0,12,7,765,0,0,0,0,15,0
9173,0,0,0,0,0,0,1,3,1,0,0,0
9174,11,38,13,0,0,0,7,0,0,0,0,0
9175,3,139,49,0,0,0,0,0,0,0,0,0
9176,0,1,0,0,0,0,98,7,0,0,0,0
9177,0,0,0,0,0,0,25,10,3,0,0,0
9178,0,0,0,0,1,16,0,0,0,0,0,0
9179,0,0,0,8,19,370,0,0,0,0,2,0
9180,0,0,0,0,0,50,0,0,0,40,7737,6
9181,0,0,0,4,9,149,0,0,0,0,0,0
9182,0,0,0,0,0,0,86,10,0,0,0,0
9183,0,0,0,0,2,28,0,0,0,0,0,0
9184,0,0,0,2,0,8,0,0,0,0,0,0
9185,0,14,0,0,0,0,0,0,0,0,0,0
9186,0,0,0,0,0,0,4,6,3,0,0,0
9187,15,101,1,0,0,0,0,0,0,0,0,0
9188,0,0,0,0,0,0,45,174,2,0,0,0
9189,0,0,0,0,1,52,0,0,0,0,0,0
9190,0,2,0,0,7,0,333,4360,28,0,0,0
9191,0,1,0,0,0,0,153,202,1,0,0,0
9192,0,0,0,0,0,15,0,0,0,0,0,0
9193,30,93,2,0,0,0,0,0,0,0,0,0
9194,1,325,4,0,0,0,0,0,0,0,0,0
9195,0,0,0,0,0,2,0,0,0,17,1620,2
9196,11,140,1,0,0,0,1,0,0,0,0,0
9197,1,42,1,0,0,0,0,0,0,0,0,0
9198,0,0,0,0,0,3,0,0,0,42,243,4
9199,0,0,0,9,13,54,0,0,0,0,0,0
9200,1,0,0,54,0,19,0,0,0,0,0,0
9201,0,0,0,0,0,4,0,0,0,0,0,0
9202,0,0,0,27,5,79,0,0,0,0,0,0
9203,0,70,0,0,5,0,7934,106,129,0,0,0
9204,6,3749,223,0,0,0,25,0,0,0,0,0
9205,0,0,0,5,14,468,0,0,0,0,3,0
9206,0,0,0,4,80,3,0,0,0,0,0,0
9207,0,0,0,0,0,68,0,0,0,14,2186,0
9208,0,0,0,115,17,97,0,0,0,0,0,0
9209,0,0,0,0,0,0,68,2,9,0,0,0
9210,9,11,150,0,0,0,0,0,0,1,0,0
9211,0,1,0,0,1,0,188,422,5,0,0,0
9212,0,0,0,0,0,0,0,0,0,0,0,0
9213,0,1,0,0,0,0,0,0,0,0,0,0
9214,0,0,0,0,0,10,0,0,0,0,1223,0
9215,0,0,0,2,0,1,0,0,0,0,0,0
9216,0,0,0,0,0,0,1,3,2,0,0,0
9217,0,0,0,0,0,242,0,0,0,0,0,0
9218,2,1,30,0,0,0,0,0,0,1,0,0
9219,0,1,0,0,0,0,105,2,1,0,0,0
9220,0,51,0,0,0,0,2525,4,2,0,0,0
9221,0,0,0,0,0,0,0,0,0,1,106,0
9222,1,2,0,0,0,0,0,0,0,0,0,0
9223,0,0,0,0,0,10,0,0,0,112,2463,0
9224,0,1,0,0,0,0,196,10,0,0,0,0
9225,0,0,0,0,0,0,1,40,1,0,0,0
9226,0,0,0,0,0,86,0,0,0,9,951,1
9227,33,45,0,0,0,0,0,0,0,0,0,0
9228,0,0,0,0,0,1,0,0,0,0,325,1
9229,0,0,0,7,12,240,0,0,0,0,1,0
9230,0,0,0,1,0,3,0,0,0,0,0,0
9231,0,0,0,0,0,0,1,1,3,0,0,0
9232,0,0,0,0,0,61,0,0,0,0,0,0
9233,0,0,0,0,0,0,3,0,2,0,0,0
9234,0,5,1,0,0,0,0,0,0,0,0,0
9235,22,187,4,0,0,0,1,0,0,0,0,0
9236,1,39,24,0,0,0,0,0,0,0,0,0
9237,0,4,0,0,0,0,921,22,5,0,0,0
9238,0,677,13,0,0,0,6,0,0,0,0,0
9239,0,0,0,0,27,1,0,0,0,0,0,0
9240,0,0,0,0,0,0,0,0,0,0,10,0
9241,146,424,36,0,0,0,1,0,0,0,0,0
9242,0,0,0,0,0,0,184,10,0,0,0,0
9243,1,32,11,0,0,0,0,0,0,0,0,0
9244,31,111,47,0,0,0,0,0,0,0,0,0
9245,0,0,0,0,13,0,64,347,4,0,0,0
9246,0,0,0,0,0,30,0,0,0,15,4382,2
9247,0,0,0,19,7,160,0,0,0,0,0,0
9248,0,0,0,0,0,0,2,0,0,0,0,0
9249,0,0,0,0,0,0,1,14,0,0,0,0
9250,0,0,0,1,0,54,0,0,0,0,0,0
9251,0,5,0,0,2,0,1409,267,0,0,0,0
9252,0,0,0,2,0,12,0,0,0,0,3,0
9253,0,0,0,19,7,180,0,0,0,0,8,0
9254,0,0,0,0,0,0,0,0,0,0,0,0
9255,0,0,0,0,0,0,1,2,0,0,0,0
9256,0,0,0,0,0,22,0,0,0,0,0,0
9257,0,1,0,0,0,0,196,23,0,0,0,0
9258,0,0,0,0,0,45,0,0,0,0,0,0
9259,3,624,5,0,0,0,13,0,0,0,0,0
9260,0,0,0,15,29,3,0,0,0,0,0,0
9261,0,0,0,0,0,0,0,0,0,8,17,0
9262,0,0,0,10,0,209,0,0,0,0,60,0
9263,6,15,0,0,0,0,0,0,0,0,0,0
9264,0,0,1,0,0,2,0,0,0,27,328,1
9265,1,0,0,37,6,31,0,0,0,0,0,0
9266,2,810,2,0,0,0,4,0,0,0,0,0
9267,0,2,0,0,0,0,116,33,15,0,0,0
9268,0,0,0,0,78,30,0,2,0,0,1,0
9269,0,0,0,0,0,0,51,7,1,0,0,0
9270,0,0,0,0,0,0,56,19,16,0,0,0
9271,0,0,0,0,0,22,0,0,0,0,0,0
9272,9,101,9,0,0,0,0,0,0,0,0,0
9273,0,2,0,0,0,0,62,16,0,0,0,0
9274,3,383,8,0,0,0,0,0,0,0,0,0
9275,0,0,0,0,1,1,0,0,0,0,0,0
9276,0,0,0,0,0,0,1,1,161,0,0,12
9277,0,0,0,0,0,0,1,3,1,0,0,0
9278,0,2,0,0,1,0,103,89,0,0,0,0
9279,0,0,0,2,0,49,0,0,0,0,0,0
9280,12,512,1,0,0,0,3,0,0,0,0,0
9281,0,0,0,0,0,0,0,0,0,8,23,2
9282,0,0,0,0,0,2,0,0,0,0,0,0
9283,0,0,0,5,13,347,0,0,0,0,3,0
9284,2,13,3,0,0,0,0,0,0,0,0,0
9285,0,12,1,0,0,0,0,0,0,0,0,0
9286,0,0,0,0,0,17,0,0,0,42,4274,2
9287,1,1,19,0,0,0,0,0,0,0,0,0
9288,3,8,12,0,0,0,0,0,0,0,0,0
9289,0,0,0,0,1,512,0,0,0,0,6,0
9290,0,0,0,0,0,0,33,35,1,0,0,0
9291,23,243,31,1,0,0,0,0,0,0,0,0
9292,0,0,0,4,12,244,0,0,0,0,2,0
9293,0,0,0,16,0,53,0,0,0,0,0,0
9294,265,7,0,1,0,0,0,0,0,0,0,0
9295,0,0,0,0,0,181,0,0,0,0,0,0
9296,0,0,0,0,0,27,0,0,0,0,0,0
9297,0,1,0,0,0,0,0,0,0,0,0,0
9298,0,0,0,0,0,0,0,0,0,0,647,0
9299,0,5,5,0,0,0,0,0,0,0,0,0
9300,0,2,0,0,0,0,1431,6,0,0,0,0
9301,0,133,6,0,0,0,0,0,0,0,0,0
9302,0,0,0,0,17,26,0,0,0,0,0,0
9303,0,0,0,0,0,2,0,0,0,4,317,0
9304,0,0,0,3,31,69,0,0,0,0,0,0
9305,0,0,0,3,2,108,0,0,0,0,1,0
9306,0,0,0,0,0,74,0,0,0,0,1,0
9307,0,53,1,0,0,0,0,0,0,0,0,0
9308,0,0,0,0,0,1,0,0,0,20,214,0
9309,0,0,0,0,0,0,0,0,0,23,30,3
9310,28,147,9,1,0,0,0,0,0,0,0,0
9311,0,0,0,0,0,0,2,2,2,0,0,0
9312,0,0,0,0,0,0,0,4,0,0,0,0
9313,12,141,50,0,0,0,0,0,0,1,0,0
9314,0,0,0,0,0,0,93,207,0,0,0,0
9315,0,0,0,0,1,4,0,0,0,0,0,0
9316,0,0,0,1,6,334,0,0,0,0,0,0
9317,0,0,0,3,1,27,0,0,0,0,0,0
9318,0,0,0,0,3,11,0,0,0,0,0,0
9319,0,0,0,0,0,16,0,0,0,35,2682,0
9320,0,0,0,0,0,3,0,0,0,0,0,0
9321,0,0,0,0,0,0,1,4,2,0,0,0
9322,0,0,0,0,0,177,0,0,0,0,2,0
9323,0,0,0,0,0,0,9,1,0,0,0,0
9324,0,0,0,0,0,0,1,0,0,0,0,0
9325,0,0,0,0,0,84,0,0,0,0,1,0
9326,0,12,0,0,0,0,368,25,0,0,0,0
9327,0,0,0,0,0,52,0,0,0,0,0,0
9328,8,331,3,0,0,0,3,0,0,0,0,0
9329,0,1,0,0,0,0,237,5,0,0,0,0
9330,1,75,2,0,0,0,0,0,0,0,0,0
9331,0,0,0,4,2,84,0,0,0,0,0,0
9332,0,0,0,0,0,0,318,36,11,0,0,0
9333,0,0,0,0,0,2,0,0,0,3,1062,3
9334,0,0,0,7,11,111,0,0,0,0,0,0
9335,0,9,0,0,0,0,255,29,88,0,0,0
9336,0,0,0,0,0,36,0,0,0,0,0,0
9337,3,208,2,0,0,0,0,0,0,0,0,0
9338,1,14,5,0,0,0,0,0,0,0,0,0
9339,0,362,5,0,0,0,3,0,0,0,0,0
9340,0,0,0,2,2,646,0,0,0,0,14,0
9341,0,0,0,2,19,20,0,0,0,0,0,0
9342,0,0,0,1,0,4,0,0,0,0,0,0
9343,2,35,0,0,0,0,0,0,0,0,0,0
9344,0,0,0,0,0,13,0,0,0,46,2846,6
9345,0,0,0,3,0,0,0,0,0,0,0,0
9346,0,0,0,5,0,164,0,0,0,0,0,0
9347,1,91,0,0,0,0,0,0,0,0,0,0
9348,0,0,0,0,0,1,0,0,0,38,395,1
9349,0,0,0,3,1,62,0,0,0,0,0,0
9350,0,14,0,0,0,0,0,0,0,0,0,0
9351,1,20,47,0,0,0,0,0,0,1,0,0
9352,0,0,0,4,3,264,0,0,0,0,2,0
9353,0,524,0,0,0,0,3,0,0,0,0,0
9354,0,0,0,0,0,28,0,0,0,0,0,0
9355,0,1,0,0,0,0,207,135,10,0,0,0
9356,0,0,0,0,2,41,0,0,0,0,1,0
9357,0,0,0,0,1,4,0,0,0,0,0,0
9358,0,0,0,7,1,165,0,0,0,0,0,0
9359,0,65,0,0,0,0,0,0,0,0,0,0
9360,0,0,0,0,0,4,0,0,0,51,1214,0
9361,3,34,2,0,0,0,0,0,0,0,0,0
9362,0,0,0,0,0,0,0,0,0,0,2,1
9363,0,0,0,0,0,2,0,0,0,1,298,0
9364,3,22,4,0,0,0,0,0,0,0,0,0
9365,0,0,0,0,0,2,0,0,0,56,534,1
9366,0,0,0,1,0,0,0,0,0,0,0,0
9367,7,6,2,0,0,0,0,0,0,0,0,0
9368,13,108,221,0,0,0,0,0,0,1,0,0
9369,0,0,0,0,0,81,0,0,0,0,0,0
9370,0,0,0,11,8,123,0,0,0,0,0,0
9371,0,0,0,0,0,0,0,0,0,8,4,1
9372,5,79,0,0,0,0,0,0,0,0,0,0
9373,0,56,1,0,0,0,0,0,0,0,0,0
9374,0,0,0,0,0,0,0,0,0,0,4,0
9375,0,0,0,0,0,0,0,0,0,0,3,0
9376,0,0,0,2,0,102,0,0,0,0,0,0
9377,6,119,2,0,0,0,0,1,0,0,0,0
9378,0,0,0,0,0,7,0,0,0,0,0,0
9379,0,0,0,50,7,246,0,0,0,0,0,0
9380,0,0,0,0,0,0,1,4,0,0,0,0
9381,0,0,0,0,0,0,15,2,1,0,0,0
9382,0,0,0,4,2,76,0,0,0,0,0,0
9383,0,0,0,0,0,0,68,73,0,0,0,0
9384,0,0,0,0,0,1,0,0,0,3,585,2
9385,0,0,0,2,36,130,0,0,0,0,0,0
9386,0,0,0,5,11,25,0,0,0,0,0,0
9387,0,0,0,0,0,30,0,0,0,0,0,0
9388,0,1,0,0,12,0,243,138,1,0,0,0
9389,0,23,0,0,0,0,1131,1,2,0,0,0
9390,0,33,1,0,0,0,0,0,0,0,0,0
9391,0,0,0,0,0,8,0,0,0,1,1471,0
9392,0,139,2,0,0,0,0,0,0,0,0,0
9393,0,0,0,2,0,7,0,0,0,0,0,0
9394,10,45,2,0,0,0,0,0,0,0,0,0
9395,0,0,0,13,1,12,0,0,0,0,0,0
9396,0,0,0,0,0,1,0,0,0,1,8,0
9397,28,323,0,0,0,0,2,0,0,0,0,0
9398,0,0,0,0,1,0,122,45,1,0,0,0
9399,0,0,0,0,0,0,0,0,0,5,219,0
9400,9,110,15,0,0,0,1,0,0,0,0,0
9401,0,0,0,0,1,0,0,0,0,0,0,0
9402,0,0,0,0,0,0,0,0,0,1,2,3
9403,0,0,0,3,0,68,0,0,0,0,0,0
9404,1,106,0,0,0,0,0,0,0,0,0,0
9405,0,0,0,0,0,4,0,0,0,0,0,0
9406,6,6,0,0,0,0,0,0,0,0,0,0
9407,0,0,0,0,0,0,82,127,3,0,0,0
9408,0,0,0,3,4,39,0,0,0,0,0,0
9409,2,1384,0,0,0,0,6,0,0,0,0,0
9410,0,0,0,0,0,0,61,14,1,0,0,0
9411,0,0,0,0,0,23,0,0,0,1,438,2
9412,0,0,0,55,2,247,0,0,0,0,0,0
9413,0,0,0,0,0,0,0,1,1,0,0,0
9414,0,0,0,0,0,0,1,3,1,0,0,0
9415,0,0,0,9,0,87,0,0,0,0,2,0
9416,0,0,0,0,7,0,131,595,1,0,0,0
9417,0,0,0,0,0,0,0,33,2,0,0,0
9418,0,0,0,0,4,902,0,0,0,0,4,0
9419,6,771,0,0,0,0,2,0,0,0,0,0
9420,0,0,0,0,24,26,0,0,0,0,0,0
9421,0,0,0,16,3,128,0,0,0,0,2,0
9422,0,0,0,0,0,0,133,10,1,0,0,0
9423,0,0,0,1,0,5,0,0,0,0,0,0
9424,103,217,6,1,0,0,0,0,0,0,0,0
9425,0,3,0,0,0,0,233,40,1,0,0,0
9426,0,0,0,0,0,0,0,0,0,0,16,1
9427,0,0,0,21,5,133,0,0,0,0,0,0
9428,7,334,0,0,0,0,1,0,0,0,0,0
9429,0,0,0,1,20,552,0,0,0,0,1,0
9430,0,0,0,0,0,54,0,0,0,36,12578,3
9431,1,33,0,0,2,0,1225,164,6,0,0,0
9432,0,0,0,0,2,37,0,0,0,0,0,0
9433,401,98,9,0,0,0,0,0,0,0,0,0
9434,0,2,0,0,1,0,95,267,1,0,0,0
9435,0,0,0,0,0,639,0,0,0,0,8,0
9436,11,252,0,1,0,0,0,0,0,0,0,0
9437,6,280,0,0,0,0,1,0,0,0,0,0
9438,0,0,0,0,0,29,0,0,0,1,5023,0
9439,7,172,12,0,0,0,0,0,0,0,0,0
9440,0,0,0,131,165,1,0,6,0,0,0,0
9441,0,1,0,0,43,0,52,5708,8,0,0,0
9442,0,0,0,0,0,6,0,0,0,3,1342,7
9443,0,0,0,0,0,0,0,0,0,101,531,23
9444,0,0,0,10,4,7,0,0,0,0,0,0
9445,3,0,0,36,7,296,0,0,0,0,1,0
9446,0,1,0,0,0,0,106,381,0,0,0,0
9447,0,0,0,0,0,0,0,0,0,7,534,3
9448,0,0,0,0,0,2,0,0,0,27,664,5
9449,0,0,0,0,2,11,0,0,0,0,0,0
9450,3,0,2,0,0,0,0,0,0,0,0,0
9451,0,0,0,0,0,5,0,0,0,0,936,0
9452,0,0,0,7,0,29,0,0,0,0,0,0
9453,0,40,139,0,0,0,0,0,0,1,0,0
9454,0,0,0,1,0,1718,0,0,0,0,3,0
9455,0,0,0,5,79,135,0,0,0,0,2,0
9456,0,0,0,2,77,42,0,1,0,0,0,0
9457,0,0,0,3,1,16,0,0,0,0,0,0
9458,5,3,3,0,0,0,0,0,0,0,0,0
9459,0,0,0,1,0,3,0,0,0,0,0,0
9460,0,0,0,0,0,0,13,51,5,0,0,0
9461,1,2,68,0,0,0,0,0,0,0,0,0
9462,0,1,0,0,0,0,40,10,1,0,0,0
9463,0,1,0,0,0,0,136,34,0,0,0,0
9464,0,0,0,1,2,0,0,0,0,0,0,0
9465,0,0,0,2,0,0,0,0,0,0,0,0
9466,0,0,0,1,0,5,0,0,0,0,0,0
9467,1,1,1,0,0,0,0,0,0,0,0,0
9468,0,2,0,0,0,0,188,4,1,0,0,0
9469,0,43,4,0,0,0,0,0,0,0,0,0
9470,0,0,193,0,0,0,0,0,0,2,0,0
9471,0,0,0,0,0,0,11,0,1,0,0,0
9472,1,128,0,0,0,0,0,0,0,0,0,0
9473,0,2,0,0,0,0,530,71,2,0,0,0
9474,0,0,0,0,0,117,0,0,0,5,5732,0
9475,0,0,0,5,9,39,0,0,0,0,0,0
9476,0,0,0,2,0,10,0,0,0,0,0,0
9477,13,0,0,1133,0,6,0,0,0,0,0,0
9478,0,0,0,3,69,9,0,0,0,0,0,0
9479,0,0,0,0,13,0,94,2003,4,0,0,0
9480,0,0,0,0,0,0,2,9,2,0,0,0
9481,0,0,0,0,0,80,0,0,0,0,0,0
9482,0,0,0,0,0,0,3,2,0,0,0,0
9483,11,155,96,0,0,0,0,0,0,1,0,0
9484,13,331,199,0,0,0,0,0,0,15,0,0
9485,0,0,0,1,0,175,0,0,0,0,0,0
9486,0,54,0,0,0,0,0,0,0,0,0,0
9487,0,0,0,0,0,3,0,0,0,0,817,0
9488,1,34,3,0,0,0,0,0,0,0,0,0
9489,0,4,0,0,0,0,112,30,0,0,0,0
9490,0,0,0,3,1,45,0,0,0,0,0,0
9491,0,0,0,0,0,60,0,0,0,4,5769,0
9492,3,85,121,0,0,0,0,0,0,3,0,0
9493,0,0,0,10,4,75,0,0,0,0,4,0
9494,0,10,0,0,1,0,395,9,0,0,0,0
9495,0,0,0,1,3,147,0,0,0,0,1,0
9496,4,389,3,0,0,0,14,0,0,0,0,0
9497,0,0,0,0,0,0,143,25,13,0,0,0
9498,0,0,0,0,0,13,0,0,0,0,0,0
9499,0,0,0,34,12,68,0,0,0,0,0,0
9500,0,1,0,0,0,0,101,29,1,0,0,0
9501,0,0,0,0,0,0,0,0,0,0,472,0
9502,0,0,0,0,0,11,0,0,0,61,380,0
9503,0,0,0,3,6,71,0,0,0,0,0,0
9504,0,0,0,1,38,70,0,1,0,0,0,0
9505,0,0,0,0,0,28,0,0,0,0,0,0
9506,0,0,0,0,0,0,0,0,0,0,0,0
9507,0,107,3,0,0,0,0,0,0,0,0,0
9508,0,0,0,0,0,1844,0,0,0,0,356,0
9509,2,155,0,0,0,0,1,0,0,0,0,0
9510,0,0,0,0,0,1,0,0,0,0,315,1
9511,0,0,0,7,17,47,0,0,0,0,0,0
9512,0,0,0,1,4,24,0,0,0,0,0,0
9513,0,0,0,0,0,57,0,0,0,0,0,0
9514,1,56,0,0,0,0,0,0,0,0,0,0
9515,0,0,0,0,0,1,0,0,0,140,652,0
9516,0,0,0,2,0,2,0,0,0,0,0,0
9517,1,70,2,0,0,0,0,0,0,0,0,0
9518,0,0,0,5,94,180,0,0,0,0,0,0
9519,0,0,0,9,309,145,0,0,0,0,1,0
9520,0,0,0,0,0,0,0,0,0,34,1281,0
9521,0,0,0,0,0,10,0,0,0,442,4416,0
9522,0,0,0,1,0,0,0,0,0,0,0,0
9523,0,0,0,9,0,25,0,0,0,0,0,0
9524,0,191,0,0,0,0,1,0,0,0,0,0
9525,0,0,0,1,1,69,0,0,0,0,0,0
9526,0,0,0,0,202,0,67,12058,63,0,0,0
9527,0,0,0,0,0,3,0,0,0,0,0,0
9528,0,0,0,0,0,0,0,0,0,0,0,1
9529,13,2099,6,0,0,0,16,0,0,0,0,0
9530,0,0,0,1,55,217,0,0,0,0,0,0
9531,0,0,0,0,97,73,0,0,0,0,0,0
9532,0,0,0,0,0,7,0,0,0,18,2476,0
9533,0,34,1,0,0,0,0,0,0,0,0,0
9534,0,0,0,0,0,0,0,0,0,86,926,0
9535,1,0,0,29,20,422,0,0,0,0,1,0
9536,0,1,0,0,0,0,176,7,4,0,0,0
9537,0,0,0,0,0,45,0,0,0,0,0,0
9538,2,35,8,0,0,0,0,0,0,0,0,0
9539,0,0,0,0,0,0,0,0,0,16,6,0
9540,0,0,0,0,1,0,0,0,0,0,0,0
9541,0,0,0,0,0,19,0,0,0,62,1303,19
9542,0,0,0,6,8,1,0,0,0,0,0,0
9543,0,0,0,0,0,0,0,19,3,0,0,0
9544,0,0,0,0,0,73,0,0,0,0,0,0
9545,0,0,0,1,3,123,0,0,0,0,0,0
9546,0,0,0,0,0,114,0,0,0,0,0,0
9547,0,54,0,0,0,0,0,0,0,0,0,0
9548,1,25,0,0,0,0,0,0,0,0,0,0
9549,0,0,0,0,0,1,0,0,0,2,149,0
9550,2,106,0,0,0,0,0,0,0,0,0,0
9551,0,0,0,0,0,0,0,0,0,22,7,2
9552,0,0,0,0,0,0,0,0,0,2,2,0
9553,7,76,6,0,0,0,0,0,0,0,0,0
9554,0,0,0,0,0,0,281,27,4,0,0,0
9555,0,0,0,5,4,16,0,0,0,0,0,0
9556,0,0,0,1,6,38,0,0,0,0,0,0
9557,0,0,0,2,0,43,0,0,0,0,0,0
9558,3,4,0,0,0,0,0,0,0,0,0,0
9559,0,0,0,0,0,447,0,0,0,1,45425,0
9560,0,0,0,13,10,17,0,0,0,0,0,0
9561,0,0,0,0,0,23,0,0,0,0,3511,0
9562,24,417,5,0,0,0,11,0,0,0,0,0
9563,0,0,0,0,3,38,0,0,0,0,0,0
9564,0,0,0,0,5,0,0,0,0,0,0,0
9565,0,0,0,0,0,2145,0,0,0,13,8494,0
9566,0,0,0,0,23,62,0,0,0,0,0,0
9567,0,0,0,0,0,152,0,0,0,0,0,0
9568,0,61,0,0,0,0,2,0,0,0,0,0
9569,0,0,0,0,0,0,0,0,0,5,409,0
9570,0,0,0,0,0,0,0,0,0,1,1,1
9571,1,0,0,109,11,56,0,0,0,0,0,0
9572,0,0,0,0,0,0,72,15,0,0,0,0
9573,0,0,0,0,0,0,0,15,10,0,0,0
9574,0,0,0,0,3,47,0,0,0,0,1,0
9575,0,0,0,0,0,0,109,31,0,0,0,0
9576,0,0,0,0,1,28,0,0,0,0,0,0
9577,0,0,0,1,17,90,0,1,0,0,0,0
9578,0,0,0,1,0,2,0,0,0,0,0,0
9579,2,0,0,0,0,0,0,0,0,0,0,0
9580,0,0,0,0,1,268,0,0,0,0,0,0
9581,0,0,0,0,12,1,0,0,0,0,0,0
9582,0,0,0,0,0,0,0,0,1,3,16,46
9583,0,0,0,5,18,273,0,0,0,0,7,0
9584,0,1,0,0,0,0,334,130,4,0,0,0
9585,0,0,0,0,64,60,0,0,0,0,1,0
9586,0,0,0,16,1,157,0,0,0,0,0,0
9587,2,401,6,0,0,0,0,0,0,0,0,0
9588,0,0,0,1,19,62,0,0,0,0,0,0
9589,0,0,0,3,20,20,0,0,0,0,0,0
9590,0,0,0,1,0,37,0,0,0,0,0,0
9591,1,2,2,0,0,0,0,0,0,0,0,0
9592,0,0,0,0,0,0,0,0,0,0,376,0
9593,0,0,0,0,27,31,0,0,0,0,0,0
9594,0,0,0,0,2,0,0,0,0,0,0,0
9595,0,0,0,0,0,0,163,3,1,0,0,0
9596,0,0,0,1,0,95,0,0,0,0,0,0
9597,1,0,0,0,0,0,0,0,0,0,0,0
9598,0,0,0,0,0,5,0,0,0,0,1567,0
9599,0,0,0,2,17,45,0,0,0,0,0,0
9600,0,0,0,0,4,134,0,0,0,0,2,0
9601,0,0,0,0,0,0,51,38,19,0,0,0
9602,6,20,0,0,0,0,0,0,0,0,0,0
9603,0,0,0,0,0,0,0,0,0,2,369,0
9604,6,64,6,0,0,0,0,0,0,0,0,0
9605,0,0,0,2,6,30,0,0,0,0,0,0
9606,0,0,0,0,21,8,0,0,0,0,0,0
9607,0,0,0,1,0,44,0,0,0,0,0,0
9608,0,0,0,0,0,140,0,0,0,0,0,0
9609,4,18,2,0,0,0,0,0,0,0,0,0
9610,0,0,0,1,0,64,0,0,0,0,0,0
9611,0,0,0,0,0,23,0,0,0,24,4223,3
9612,0,0,0,0,2,5,0,0,0,0,0,0
9613,0,0,0,0,1,50,0,0,0,0,0,0
9614,0,1735,0,0,0,0,7,0,0,0,0,0
9615,0,0,0,0,0,0,0,0,0,64,484,5
9616,0,0,0,2,0,230,0,0,0,0,0,0
9617,0,0,0,0,0,0,0,0,0,0,0,0
9618,0,42,3,0,0,0,0,0,0,0,0,0
9619,0,0,0,0,1,70,0,0,0,0,0,0
9620,0,0,0,0,0,0,3,5,0,0,0,0
9621,1,5,32,0,0,0,0,0,0,0,0,0
9622,0,0,0,1,3,241,0,0,0,0,0,0
9623,0,0,0,0,0,0,98,136,2,0,0,0
9624,0,0,0,3,0,12,0,0,0,0,0,0
9625,0,0,0,4,1,73,0,0,0,0,0,0
9626,0,0,0,0,14,5,0,0,0,0,0,0
9627,0,0,0,0,0,0,0,0,0,137,8,1
9628,0,0,0,4,21,85,0,0,0,0,0,0
9629,0,0,0,0,21,137,0,0,0,0,0,0
9630,0,0,0,5,6,38,0,0,0,0,0,0
9631,0,0,0,0,7,18,0,0,0,0,0,0
9632,0,0,0,0,2,8,0,0,0,0,0,0
9633,0,0,0,2,0,2,0,0,0,0,0,0
9634,217,228,16,0,0,0,1,0,0,0,0,0
9635,0,0,0,0,0,0,10,13,2,0,0,0
9636,0,0,0,0,0,0,0,0,0,0,106,0
9637,2,89,13,0,0,0,1,0,0,0,0,0
9638,0,0,0,0,0,0,0,0,0,14,352,0
9639,0,0,1,0,0,0,0,0,0,0,0,0
9640,0,0,0,0,0,309,0,0,0,0,0,0
9641,2,697,3,0,0,0,75,0,0,0,0,0
9642,0,0,0,1,33,163,0,0,0,0,0,0
9643,0,0,0,29,108,328,0,0,0,0,0,0
9644,0,0,0,0,0,0,0,0,0,2,3,0
9645,8,3,11,0,0,0,0,0,0,0,0,0
9646,0,0,0,0,0,0,143,254,2,0,0,0
9647,0,0,0,0,0,0,0,0,0,0,0,0
9648,0,0,0,0,0,0,1,1,0,0,0,0
9649,0,0,0,0,0,0,0,4,0,0,0,0
9650,6,628,22,0,0,0,1,0,0,0,0,0
9651,0,0,0,1,2,87,0,0,0,0,0,0
9652,0,0,0,0,11,0,203,2748,1,0,0,0
9653,0,1,0,0,1,0,147,151,3,0,0,0
9654,0,0,0,0,1,18,0,0,0,0,0,0
9655,0,0,0,8,0,44,0,0,0,0,2,0
9656,0,64,0,0,0,0,0,0,0,0,0,0
9657,0,0,0,0,2,83,0,0,0,0,0,0
9658,0,0,0,0,0,0,29,73,0,0,0,0
9659,0,0,0,1,0,9,0,0,0,0,0,0
9660,0,0,0,14,1,4,0,0,0,0,0,0
9661,0,0,0,0,0,3,0,0,0,2,1565,1
9662,2,17,9,0,0,0,0,0,0,0,0,0
9663,0,0,0,0,0,0,0,0,0,1,144,0
9664,0,65,1,0,0,0,0,0,0,0,0,0
9665,0,0,0,0,0,2,0,0,0,196,1020,0
9666,0,0,0,0,0,7,0,0,0,58,140,0
9667,0,0,0,7,14,58,0,0,0,0,0,0
9668,0,0,0,5,2,85,0,0,0,0,0,0
9669,0,0,0,0,1,2,0,0,0,0,0,0
9670,1,145,0,0,0,0,0,0,0,0,0,0
9671,0,0,0,0,0,0,69,44,6,0,0,0
9672,0,0,0,0,0,11,0,0,0,0,0,0
9673,0,39,0,0,0,0,0,0,0,0,0,0
9674,0,0,0,0,0,0,0,0,0,3,19,0
9675,0,0,0,0,0,0,0,0,0,1,1,0
9676,0,0,0,3,251,89,0,0,0,0,0,0
9677,0,0,0,0,0,16,0,0,0,0,0,0
9678,0,0,0,1,37,6976,0,0,0,0,61,0
9679,0,0,0,0,0,2,0,0,0,29,792,0
9680,0,0,0,0,0,1,0,0,0,0,0,0
9681,0,0,0,0,0,0,0,1,1,0,0,0
9682,0,0,0,0,0,0,0,0,0,0,0,0
9683,25,310,166,0,0,0,0,0,0,1,0,0
9684,0,0,0,1,0,912,0,0,0,0,2,0
9685,8,3094,3,0,0,0,1,0,0,0,0,0
9686,1,28,0,0,0,0,0,0,0,0,0,0
9687,0,0,0,0,0,0,0,0,0,0,18,0
9688,14,24,20,0,0,0,0,0,0,0,0,0
9689,1,44,724,0,0,0,0,0,0,1,0,0
9690,0,0,0,1,8,277,0,0,0,0,1,0
9691,0,0,0,31,2,44,0,0,0,0,0,0
9692,0,0,0,0,0,0,45,27,1,0,0,0
9693,0,0,0,0,0,138,0,0,0,3,7915,2
9694,0,0,0,1,21,72,0,0,0,0,1,0
9695,0,0,0,0,0,3,0,0,0,0,0,0
9696,0,4,0,0,0,0,0,0,0,0,0,0
9697,0,0,0,0,0,164,0,0,0,0,1,0
9698,4,253,1,0,0,0,1,0,0,0,0,0
9699,0,0,0,4,52,420,0,0,0,0,3,0
9700,0,0,0,0,0,6,0,0,0,32,1786,0
9701,18,87,20,0,0,0,0,0,0,0,0,0
9702,0,0,0,1,37,526,0,0,0,0,0,0
9703,0,0,0,3,5,15,0,0,0,0,0,0
9704,0,0,0,7,0,41,0,0,0,0,0,0
9705,0,0,0,0,0,0,8,297,0,0,0,0
9706,0,0,0,0,0,125,0,0,0,0,0,0
9707,1,2148,3,0,0,0,6,0,0,0,0,0
9708,0,0,0,1,0,80,0,0,0,0,0,0
9709,0,0,0,4,3,32,0,0,0,0,0,0
9710,0,0,0,2,57,168,0,0,0,0,1,0
9711,0,0,0,0,0,2,0,0,0,11,838,0
9712,0,0,0,0,0,0,0,0,0,134,1358,0
9713,2,175,0,0,0,0,0,0,0,0,0,0
9714,0,0,0,0,0,1,0,0,0,3,472,2
9715,6,206,1,0,0,0,0,0,0,0,0,0
9716,1,2,0,0,0,0,0,0,0,0,0,0
9717,0,52,33,0,0,0,0,0,0,0,0,0
9718,0,1,0,0,0,0,302,27,1,0,0,0
9719,0,0,0,0,0,0,0,0,0,13,1,0
9720,1,0,0,0,0,0,0,0,0,0,0,0
9721,0,0,0,35,43,157,0,0,0,0,0,0
9722,0,0,0,26,9,36,0,0,0,0,0,0
9723,0,0,0,6,24,61,0,0,0,0,0,0
9724,0,0,0,0,0,1,0,0,0,30,2274,0
9725,0,0,0,0,0,135,0,0,0,0,1,0
9726,2,38,0,0,0,0,0,0,0,0,0,0
9727,0,0,0,0,0,96,0,0,0,0,0,0
9728,0,0,0,0,0,0,0,0,0,0,0,0
9729,0,0,0,0,0,0,0,0,0,0,0,0
9730,0,0,0,0,0,0,0,0,0,0,0,0
9731,0,0,0,1,0,20,0,0,0,0,0,0
9732,0,0,0,0,8,6,0,0,0,0,0,0
9733,0,0,0,0,0,0,0,0,0,21,791,2
9734,0,0,0,2,9,65,0,0,0,0,1,0
9735,0,0,0,1,6,67,0,0,0,0,6,0
9736,0,0,0,3,0,24,0,0,0,0,0,0
9737,0,1163,2,0,0,0,1,0,0,0,0,0
9738,0,0,0,0,0,0,124,23,8250,1,3,16
9739,0,0,0,1,1,36,0,0,0,0,0,0
9740,1,1,26,0,0,0,0,0,0,0,0,0
9741,0,40,37,0,0,0,0,0,0,0,0,0
9742,0,0,0,0,0,290,0,0,0,0,3,0
9743,0,0,0,0,0,32,0,0,0,0,0,0
9744,0,41,0,0,0,0,0,0,0,0,0,0
9745,0,0,0,0,0,2,0,0,0,0,3602,0
9746,0,0,0,0,0,0,0,0,0,43,710,0
9747,0,0,0,1,0,3,0,0,0,0,0,0
9748,3,15,0,0,0,0,0,0,0,0,0,0
9749,0,7497,33,0,0,0,45,0,0,0,0,0
9750,1,453,5,0,0,0,3,0,0,0,0,0
9751,0,0,0,0,0,0,57,33,2,0,0,0
9752,1,12,141,0,0,0,0,0,0,0,0,0
9753,0,2,0,0,0,0,245,15,0,0,0,0
9754,1,103,1790,0,0,0,0,0,0,1636,0,0
9755,0,0,0,0,0,0,0,0,0,2,9,0
9756,0,3,0,0,0,0,700,30,0,0,0,0
9757,0,0,0,0,2,97,0,0,0,0,0,0
9758,0,1,0,0,0,0,400,71,8,0,0,0
9759,0,0,0,0,0,2,0,0,0,0,0,0
9760,19,143,5,0,0,0,6,0,0,0,0,0
9761,0,0,0,0,1,0,88,325,34,0,0,5
9762,0,0,0,0,4,89,0,0,0,0,0,0
9763,0,0,0,0,0,2,0,0,0,33,367,1
9764,0,0,0,1,0,3,0,0,0,0,0,0
9765,0,0,0,1,0,10,0,0,0,0,0,0
9766,0,0,0,6,0,55,0,0,0,0,0,0
9767,2,30,5,0,0,0,0,0,0,0,0,0
9768,0,48,5,0,0,0,1,0,0,0,0,0
9769,0,0,0,2,26,86,0,0,0,0,0,0
9770,0,0,0,0,0,0,16,1,0,0,0,0
9771,0,0,0,0,0,0,15,0,0,0,0,0
9772,0,0,0,1,1,42,0,0,0,0,0,0
9773,0,0,0,0,0,0,169,19,1,0,0,0
9774,0,0,0,2,3,38,0,0,0,0,0,0
9775,0,0,0,1,7,29,0,0,0,0,0,0
9776,0,0,0,4,16,1,0,0,0,0,0,0
9777,0,0,0,0,0,0,0,0,0,20,19,1
9778,0,0,0,0,0,7,0,0,0,33,1056,0
9779,0,0,0,31,26,105,0,0,0,0,0,0
9780,0,0,0,8,7,1,0,0,0,0,0,0
9781,0,0,0,0,1,10,0,0,0,0,0,0
9782,4,83,0,0,0,0,0,0,0,0,0,0
9783,0,0,0,0,0,0,663,17,3,0,0,0
9784,0,0,0,1,0,104,0,0,0,0,0,0
9785,0,7,0,0,0,0,0,0,0,0,0,0
9786,0,0,0,0,0,0,0,0,0,24,1,1
9787,0,0,0,1,104,100,0,0,0,0,0,0
9788,0,0,0,0,1,2,0,0,0,0,0,0
9789,0,0,0,1,0,2,0,0,0,0,0,0
9790,0,0,0,0,0,47,0,0,0,0,0,0
9791,0,0,0,0,0,0,8,2,1,0,0,0
9792,1,2,6,0,0,0,0,0,0,0,0,0
9793,15,62,6,0,0,0,1,0,0,0,0,0
9794,0,0,0,0,0,0,2,0,0,0,0,0
9795,0,7,2,0,0,0,0,0,0,0,0,0
9796,36,272,29,1,0,0,1,0,0,0,0,0
9797,0,0,0,0,0,0,1,6,0,0,0,0
9798,0,0,0,0,0,10,0,0,0,0,579,0
9799,0,0,0,32,10,100,0,0,0,0,0,0
9800,0,0,0,0,0,0,0,21,0,0,0,0
9801,0,0,0,0,0,0,0,0,0,1,0,0
9802,0,3,0,0,19,0,302,4400,21,0,0,0
9803,0,0,1,0,0,15,0,0,0,41,5943,6
9804,0,0,0,3,2,0,0,0,0,0,0,0
9805,0,0,0,0,3,0,188,3271,25,0,0,0
9806,0,0,0,1,7,26,0,0,0,0,0,0
9807,0,0,0,0,0,0,1,35,3,0,0,0
9808,0,0,0,0,0,3,0,0,0,1,626,0
9809,0,8,0,0,0,0,0,0,0,0,0,0
9810,0,0,0,0,0,0,0,0,0,6,307,0
9811,0,0,0,0,0,13,0,0,0,40,1686,0
9812,0,0,0,1,0,33,0,0,0,0,0,0
9813,0,0,0,0,0,3,0,0,0,0,0,0
9814,0,0,0,3,0,50,0,0,0,0,0,0
9815,0,0,0,0,0,108,0,0,0,0,0,0
9816,0,0,0,0,0,0,0,0,0,0,0,0
9817,0,0,0,0,0,0,311,10,70,0,0,0
9818,0,0,0,0,1,32,0,0,0,0,0,0
9819,0,0,0,0,1,2,0,0,0,0,0,0
9820,0,15,0,0,0,0,0,0,0,0,0,0
9821,0,0,1,0,0,0,0,0,0,0,0,0
9822,0,52,26,0,0,0,1,0,0,0,0,0
9823,0,0,0,0,0,168,0,0,0,0,0,0
9824,0,0,0,0,0,0,0,0,0,0,0,0
9825,0,7,0,0,0,0,0,0,0,0,0,0
9826,0,185,0,0,0,0,0,0,0,0,0,0
9827,0,0,0,0,0,0,16,0,1,0,0,0
9828,3,16,6,0,0,0,0,0,0,0,0,0
9829,1,111,3,0,0,0,0,0,0,0,0,0
9830,1,57,19,0,0,0,0,0,0,0,0,0
9831,0,0,0,1,0,67,0,0,0,0,0,0
9832,0,0,0,0,0,0,74,235,2,0,0,0
9833,0,0,0,0,0,3,0,0,0,0,0,0
9834,0,84,0,0,0,0,0,0,0,0,0,0
9835,0,0,0,0,0,87,0,0,0,0,0,0
9836,0,0,0,0,0,3,0,0,0,12,508,1
9837,0,0,0,1,0,12,0,0,0,0,0,0
9838,4,34,0,0,0,0,0,0,0,0,0,0
9839,0,0,0,0,0,0,0,0,0,0,0,0
9840,0,325,2,0,0,0,50,0,0,0,0,0
9841,0,0,0,0,0,0,39,13,4,0,0,0
9842,0,0,0,0,10,181,0,0,0,0,1,0
9843,0,0,0,2,0,0,0,0,0,0,0,0
9844,0,20,0,0,0,0,76,1,0,0,0,0
9845,0,0,0,0,0,0,0,0,0,1,0,0
9846,0,0,0,0,0,0,51,0,0,0,0,0
9847,0,0,0,0,0,2,0,0,0,0,0,0
9848,104,875,2,11,0,0,3,0,0,0,0,0
9849,0,0,0,0,0,0,51,3,1,0,0,0
9850,0,0,0,0,18,45,0,1,0,0,0,0
9851,0,0,0,0,0,0,20,6,1,0,0,0
9852,0,190,19,0,0,0,3,0,0,0,0,0
9853,0,0,0,9,6,189,0,0,0,0,1,0
9854,0,0,0,0,0,0,60,90,0,0,0,0
9855,0,0,0,0,1,14,0,0,0,0,0,0
9856,0,17,0,0,11,0,431,2147,91,0,0,0
9857,0,0,0,0,0,62,0,0,0,39,7391,1
9858,0,0,0,0,0,17,0,0,0,0,0,0
9859,9,169,7,1,0,0,0,0,0,0,0,0
9860,0,0,0,76,24,687,0,0,0,0,9,0
9861,0,0,0,3,2,82,0,0,0,0,0,0
9862,0,24,1,0,0,0,0,0,0,0,0,0
9863,0,0,0,0,0,0,0,0,0,0,55,0
9864,0,0,0,0,0,0,0,0,0,8,4,0
9865,0,0,0,7,32,198,0,0,0,0,0,0
9866,0,0,0,0,0,2,0,0,0,87,622,1
9867,1,0,0,22,10,30321,0,0,0,1,282,0
9868,0,0,0,3,0,236,0,0,0,0,18,0
9869,0,51,1,0,0,0,0,0,0,0,0,0
9870,0,0,0,0,0,21,0,0,0,27,1935,0
9871,0,0,0,0,0,0,189,94,1,0,0,0
9872,0,0,0,0,0,0,0,0,0,1,1,0
9873,43,18,0,0,0,0,0,0,0,0,0,0
9874,2,30,16,0,0,0,0,0,0,0,0,0
9875,1,0,0,20,0,411,0,0,0,0,3,0
9876,1,4,0,0,0,0,0,0,0,0,0,0
9877,0,0,0,26,0,362,0,0,0,0,3,0
9878,0,26,2,0,0,0,0,0,0,0,0,0
9879,1,2,2,0,0,0,0,0,0,0,0,0
9880,0,0,0,26,0,193,0,0,0,0,0,0
9881,0,0,1,0,0,0,0,0,0,0,0,0
9882,0,0,0,0,0,0,1,2,24,0,0,0
9883,0,110,0,0,0,0,0,0,0,0,0,0
9884,0,0,0,0,0,27,0,0,0,0,0,0
9885,1,1,23,0,0,0,0,0,0,0,0,0
9886,0,0,0,0,0,0,0,0,0,25,358,0
9887,0,0,0,1,0,37,0,0,0,0,0,0
9888,0,0,0,0,0,21,0,0,0,0,3,0
9889,0,461,0,0,0,0,3,0,0,0,0,0
9890,0,2,0,0,0,0,112,187,1,0,0,0
9891,0,0,0,1,0,28704,0,0,0,2,120516,6
9892,0,0,0,30,7,66,0,0,0,0,0,0
9893,0,0,1,0,0,6,0,0,0,34,1775,0
9894,0,0,0,1,26,3,0,0,0,0,0,0
9895,0,0,0,26,2,52,0,0,0,0,0,0
9896,0,0,0,1,0,0,0,0,0,0,0,0
9897,1,1,0,0,0,0,0,0,0,0,0,0
9898,1,0,0,21,0,70,0,0,0,0,0,0
9899,1,0,0,0,0,0,0,0,0,0,0,0
9900,2,76,28,0,0,0,1,0,0,1,0,0
9901,0,0,0,0,2,381,0,0,0,0,1,0
9902,0,1,0,0,0,0,0,0,0,0,0,0
9903,1,2,0,0,0,0,0,0,0,0,0,0
9904,0,13,0,0,0,0,70,0,0,0,0,0
9905,0,0,0,0,0,0,0,0,0,0,0,0
9906,1,2,0,0,0,0,0,0,0,0,0,0
9907,0,0,0,0,0,0,0,0,0,0,739,0
9908,0,2,0,0,0,0,0,0,0,0,0,0
9909,0,82,0,0,0,0,0,0,0,0,0,0
9910,0,0,0,0,0,0,42,0,0,0,0,0
9911,0,0,0,0,0,30,0,0,0,0,0,0
9912,4,10,0,0,0,0,0,0,0,0,0,0
9913,0,0,0,0,0,425,0,0,0,0,5,0
9914,0,0,0,1,0,4,0,0,0,0,0,0
9915,0,0,0,4,0,0,0,0,0,0,0,0
9916,0,0,0,0,0,2,0,0,0,0,0,0
9917,4,7,0,0,0,0,0,0,0,0,0,0
9918,0,0,0,0,0,0,113,33,0,0,0,0
9919,0,0,0,0,2,162,0,0,0,0,0,0
9920,0,0,0,0,0,0,2,1,2,0,0,0
9921,0,0,0,0,0,0,0,3,0,0,0,0
9922,50,266,59,0,0,0,0,0,0,0,0,0
9923,0,1,0,0,2,0,177,1828,5,0,0,0
9924,0,0,0,0,0,7,0,0,0,0,4817,10
9925,68,65,14,0,0,0,0,0,0,0,0,0
9926,2,16,14,0,0,0,0,0,0,0,0,0
9927,0,0,0,1,0,6,0,0,0,0,0,0
9928,0,1,0,0,32,0,52,4635,1,0,0,0
9929,0,55,0,0,0,0,1473,9,2,0,0,0
9930,0,104,73,0,0,0,0,0,0,0,0,0
9931,0,0,0,59,0,779,0,0,0,0,4,0
9932,1,4,0,0,0,0,0,0,0,0,0,0
9933,0,0,0,0,0,0,0,0,0,0,1,0
9934,23,55,1,0,0,0,0,0,0,0,0,0
9935,0,389,5,0,0,0,0,0,0,0,0,0
9936,0,0,1,0,0,0,0,0,0,568,311,1
9937,0,0,0,1,1,43,0,0,0,0,1,0
9938,1,9,0,0,0,0,0,0,0,0,0,0
9939,0,0,0,0,0,0,0,3,2,0,0,0
9940,0,0,0,0,0,0,0,0,0,0,583,0
9941,0,0,0,1,0,0,0,0,0,0,0,0
9942,0,0,0,0,0,0,0,0,0,0,0,0
9943,0,0,0,0,0,2,0,0,0,0,2908,0
9944,0,4,4,0,0,0,0,0,0,0,0,0
9945,0,0,0,0,0,0,85,6,4,0,0,0
9946,0,209,1,0,0,0,0,0,0,0,0,0
9947,0,0,0,0,0,0,0,2,2,0,0,0
9948,0,2,2,0,0,0,0,0,0,0,0,0
9949,1,163,6,0,0,0,0,0,0,0,0,0
9950,0,0,0,0,0,0,3,5,1,0,0,0
9951,0,0,0,0,0,0,0,0,0,1,235,2
9952,0,0,0,64,7,519,0,0,0,0,1,0
9953,0,0,0,0,0,0,0,11,0,0,0,0
9954,0,0,0,0,0,0,0,0,0,1,3,1
9955,0,0,0,0,85,61,0,0,0,0,0,0
9956,0,0,0,1,0,1,0,0,0,0,0,0
9957,0,0,0,0,0,0,6,1,8,0,0,0
9958,0,0,0,0,0,35,0,0,0,0,0,0
9959,0,0,0,9,0,2,0,0,0,0,0,0
9960,0,0,0,0,0,0,0,0,0,0,0,0
9961,0,0,0,0,0,151,0,0,0,0,0,0
9962,0,0,0,0,0,4,0,0,0,1,412,0
9963,1,2,0,0,0,0,0,0,0,0,0,0
9964,0,0,0,0,0,361,0,0,0,0,0,0
9965,0,0,0,0,0,0,0,0,0,1,6,0
9966,0,0,0,0,0,2,0,0,0,0,0,0
9967,0,0,0,0,0,5,0,0,0,25,4316,3
9968,0,1,0,0,0,0,191,264,1,0,0,0
9969,0,0,0,0,0,1,0,0,0,1,801,0
9970,44,203,0,0,0,0,0,0,0,0,0,0
9971,0,1,1,0,0,0,0,0,0,0,0,0
9972,1,254,1,0,0,0,3,0,0,0,0,0
9973,0,0,0,0,0,0,216,17,1,0,0,0
9974,0,0,0,0,0,0,10,16,2,0,0,0
9975,0,0,0,0,0,0,0,0,0,0,4,0
9976,0,0,0,9,11,267,0,0,0,0,3,0
9977,0,0,0,0,0,0,0,0,0,39,1,13
9978,0,0,0,0,0,1,0,0,0,0,0,0
9979,0,0,0,0,0,90,0,0,0,16,7215,6
9980,4,1,12,0,0,0,0,0,0,0,0,0
9981,0,65,0,0,0,0,0,0,0,0,0,0
9982,0,0,0,7,13,298,0,0,0,0,1,0
9983,0,0,0,0,0,0,37,4,1,0,0,0
9984,1,82,136,0,0,0,0,0,0,0,0,0
9985,0,0,0,0,0,4,0,0,0,33,1300,6
9986,0,0,0,1,0,2,0,0,0,0,0,0
9987,0,0,0,8,0,2,0,0,0,0,0,0
9988,0,0,0,0,0,2,0,0,0,0,1138,0
9989,1,42,5,0,0,0,0,0,0,0,0,0
9990,0,0,0,0,0,0,2,2,0,0,0,0
9991,0,0,0,0,4,521,0,0,0,0,2,1
9992,52,0,1,0,0,0,0,0,0,0,0,0
9993,0,13,2,0,0,0,0,0,0,0,0,0
9994,0,0,0,0,0,1,0,0,0,27,706,0
9995,0,0,0,19,69,0,0,0,0,0,0,0
9996,0,0,0,0,0,4,0,0,0,1,2835,0
9997,17,256,10,0,0,0,1,0,0,0,0,0
9998,0,0,0,0,0,0,2,4,1,0,0,0
9999,0,0,0,0,0,0,0,2,0,0,0,0
10000,0,0,0,0,1,86,0,0,0,0,0,0
10001,0,0,0,20,28,1,0,1,0,0,0,0
10002,0,0,0,0,0,0,0,0,0,11,250,9
10003,0,0,0,24,3,226,0,0,0,0,0,0
10004,0,0,0,0,0,0,0,3,1,0,0,0
10005,6,3,0,0,0,0,0,0,0,0,0,0
10006,0,0,0,55,3,321,0,0,0,0,0,0
10007,0,1,0,0,0,0,81,14,2,0,0,0
10008,0,0,0,1,0,8,0,0,0,0,0,0
10009,0,0,0,30,81,225,0,0,0,0,0,0
10010,0,0,0,0,0,0,0,0,0,36,3,17
10011,0,0,0,0,0,5,0,0,0,0,0,0
10012,0,0,0,52,11,223,0,0,0,0,3,0
10013,0,0,0,0,0,2,0,0,0,0,0,0
10014,1,0,0,0,0,0,0,0,0,0,0,0
10015,0,0,0,0,0,3,0,0,0,0,966,0
10016,0,0,0,0,0,0,0,0,0,1,2,0
10017,0,1,0,0,0,0,0,0,0,0,0,0
10018,1,79,0,0,0,0,0,0,0,0,0,0
10019,0,0,0,0,0,0,0,0,0,0,0,0
10020,0,0,0,0,0,0,0,0,0,0,0,1
10021,2,74,0,0,0,0,1,0,0,0,0,0
10022,0,0,0,0,0,0,0,0,0,1,0,0
10023,0,0,0,0,0,0,0,0,0,0,1,0
10024,24,109,5,0,0,0,0,0,0,0,0,0
10025,0,0,0,0,0,0,0,0,0,1,0,0
10026,43,0,0,0,0,0,0,0,0,0,0,0
10027,6,64,24,0,0,0,0,0,0,0,0,0
10028,1,169,1,0,0,0,0,0,0,0,0,0
10029,0,0,0,2,2,3940,0,0,0,0,1351223,0
10030,0,0,0,0,0,23,0,0,0,89,4091,3
10031,0,0,0,9,86,3,0,1,0,0,0,0
10032,0,0,0,0,0,2,0,0,0,1,8,0
10033,0,0,0,13,2,139,0,0,0,0,1,0
10034,1,564,2,0,0,0,0,0,0,0,0,0
10035,0,0,0,0,1,4,0,0,0,0,0,0
10036,0,0,0,0,0,8,0,0,0,55,1836,0
10037,1,67,0,0,0,0,0,0,0,0,0,0
10038,0,0,0,0,0,0,0,0,0,38,112,1
10039,0,0,0,0,0,8,0,0,0,283,2595,6
10040,0,0,0,0,1,0,0,0,0,0,0,0
10041,0,0,0,0,0,1,0,0,0,0,63,0
10042,26,400,24,0,0,0,1,0,0,0,0,0
10043,0,0,0,0,0,0,1,7,0,0,0,0
10044,0,0,0,0,0,0,0,0,0,1,0,0
10045,0,0,0,12,9,107,0,0,0,0,0,0
10046,0,1,0,0,0,0,486,8,0,0,0,0
10047,0,0,0,0,5,3,0,0,0,0,0,0
10048,0,0,0,5,25,271,0,0,0,0,3,0
10049,0,0,0,3,0,46,0,0,0,0,0,0
10050,0,0,0,0,0,4,0,0,0,0,0,0
10051,0,41,0,0,0,0,268,11,1,0,0,0
10052,0,0,0,0,0,0,0,0,0,0,1,0
10053,1,0,0,0,0,0,0,0,0,0,0,0
10054,0,0,0,0,0,0,107,17,2,0,0,0
10055,13,215,9,0,0,0,0,0,0,0,0,0
10056,0,0,0,0,0,0,168,1,1,0,0,0
10057,0,0,0,0,2,92,0,0,0,0,1,0
10058,0,0,0,0,0,0,2,2,0,0,0,0
10059,0,0,0,0,0,0,0,3,0,0,0,0
10060,0,0,0,0,5,641,0,0,0,0,0,0
10061,0,0,0,0,107,2,0,0,0,0,0,0
10062,0,0,0,0,1,3,0,0,0,0,0,0
10063,0,0,0,1,0,255,0,0,0,0,0,0
10064,1,1,0,0,0,0,0,0,0,0,0,0
10065,0,1,0,0,0,0,347,7,0,0,0,0
10066,1,199,15,0,0,0,0,0,0,0,0,0
10067,0,26,10,0,0,0,0,0,0,0,0,0
10068,0,13,2,0,0,0,0,0,0,0,0,0
10069,2,49,4,0,0,0,0,0,0,0,0,0
10070,2,21,11,0,0,0,0,0,0,0,0,0
10071,0,0,0,0,0,12,0,0,0,0,0,0
10072,0,0,0,0,0,0,33,37,1,0,0,0
10073,0,3,0,0,0,0,518,43,2,0,0,0
10074,0,0,0,0,0,0,0,0,0,0,122,0
10075,44,4175,7,0,0,0,11,0,0,0,0,0
10076,0,0,0,5,4,353,0,0,0,0,1,0
10077,0,0,0,6,1,24,0,0,0,0,0,0
10078,0,0,19,0,0,34,0,0,0,130,4806,2
10079,0,0,0,0,0,0,0,0,0,0,0,0
10080,0,0,0,0,0,0,0,0,0,1,2,0
10081,17,319,56,0,0,0,0,0,0,0,0,0
10082,0,0,0,8,105,2,0,17,0,0,0,0
10083,0,0,0,0,0,0,0,0,0,0,9,1
10084,8,0,0,2692,183,229,0,3,0,0,0,0
10085,0,0,0,0,0,0,17,3,0,0,0,0
10086,0,0,0,0,0,0,3,2,1,0,0,0
10087,0,0,0,1,0,44,0,0,0,0,0,0
10088,0,1,1,0,0,0,0,0,0,0,0,0
10089,1,203,0,0,0,0,1,0,0,0,0,0
10090,1,87,2,0,0,0,0,0,0,0,0,0
10091,0,1,0,0,0,0,103,1,1,0,0,0
10092,0,0,0,0,1,22,0,0,0,0,0,0
10093,0,0,0,94,35,244,0,2,0,0,5,0
10094,0,0,0,0,0,0,0,1,0,0,0,0
10095,0,0,0,0,0,0,0,0,0,0,0,0
10096,0,3,0,0,0,0,388,9,0,0,0,0
10097,0,134,1,0,1,0,7154,137,0,0,0,0
10098,0,3,0,0,0,0,208,34,1,0,0,0
10099,0,0,0,0,0,43,0,0,0,0,0,0
10100,0,0,0,7,1,0,0,0,0,0,0,0
10101,0,0,0,0,0,0,0,1,0,0,0,0
10102,0,0,0,0,1,35,0,0,0,0,0,0
10103,1,410,0,0,0,0,0,0,0,0,0,0
10104,0,0,0,0,0,86,0,0,0,0,1,0
10105,0,0,0,0,0,0,119,843,4,0,0,0
10106,0,0,0,0,0,0,341,59,3,0,0,0
10107,0,0,0,0,0,93,0,0,0,0,2,0
10108,8,710,17,0,0,0,6,0,0,0,0,0
10109,0,0,0,0,0,0,0,0,0,5,0,1
10110,2,13,0,0,0,0,0,0,0,0,0,0
10111,19,55,19,0,0,0,0,0,0,0,0,0
10112,0,0,0,0,0,0,72,34,1,0,0,0
10113,0,0,0,0,0,61,0,0,0,0,0,0
10114,11,116,0,0,0,0,0,0,0,0,0,0
10115,0,53,1,0,0,0,0,0,0,0,0,0
10116,0,0,0,0,0,61,0,0,0,15,4234,2
10117,0,0,0,18,40,8,0,0,0,0,0,0
10118,0,0,0,2,1,5,0,0,0,0,0,0
10119,0,0,0,0,0,0,2,1,2,0,0,0
10120,0,0,0,0,0,54,0,0,0,0,0,0
10121,0,0,0,0,0,0,152,29,1,0,0,0
10122,0,0,0,0,0,0,19,63,1,0,0,0
10123,0,0,0,0,0,148,0,0,0,0,0,0
10124,3,417,0,0,0,0,5,0,0,0,0,0
10125,0,0,0,0,0,16,0,0,0,6,564,3
10126,3,86,3,0,0,0,0,0,0,0,0,0
10127,2,45,0,0,0,0,0,0,0,0,0,0
10128,0,0,0,0,0,0,0,0,0,6,252,0
10129,0,0,0,0,0,0,0,0,0,0,0,0
10130,5,38,1,0,0,0,0,1,0,0,0,0
10131,0,0,0,0,0,0,0,0,0,1,11,0
10132,35,37,17,0,0,0,0,0,0,15,0,0
10133,0,0,0,0,0,0,0,0,0,0,4,2
10134,0,0,0,1,0,1,0,0,0,0,0,0
10135,0,0,0,102,0,401,0,0,0,0,1,0
10136,1,1,0,0,0,0,0,0,0,0,0,0
10137,0,1,0,0,0,0,0,0,0,0,0,0
10138,0,0,0,0,0,47,0,0,0,1,6163,0
10139,0,0,0,0,0,0,2,0,0,0,0,0
10140,0,0,0,0,0,0,0,2,1,0,0,0
10141,0,0,0,2,8,53,0,0,0,0,0,0
10142,0,0,0,0,0,0,0,0,0,32,25,3
10143,0,0,0,0,0,4,0,0,0,0,0,0
10144,0,0,0,2,7,49,0,0,0,0,0,0
10145,0,0,0,0,0,3,0,0,0,0,0,0
10146,0,0,0,0,0,0,0,4,0,0,0,0
10147,0,0,0,0,0,0,0,6,2,0,0,0
10148,0,0,0,0,0,0,0,0,0,77,12,2
10149,0,0,0,0,0,3,0,0,0,0,0,0
10150,0,0,0,11,4,189,0,1,0,0,0,0
10151,0,0,0,0,0,0,27,59,2,0,0,0
10152,1,431,39,0,0,0,2,0,0,0,0,0
10153,0,0,0,22,2,471,0,0,0,0,2,0
10154,0,0,0,0,0,0,67,13,5,0,0,0
10155,0,57,10,0,0,0,0,0,0,0,0,0
10156,0,0,0,0,0,73,0,0,0,9,6629,2
10157,0,1,0,0,0,0,494,57,0,0,0,0
10158,0,0,0,0,0,20,0,0,0,0,0,0
10159,28,198,8,0,0,0,1,0,0,0,0,0
10160,0,2,0,0,0,0,84,0,1,0,0,0
10161,0,0,0,0,2,2,0,0,0,0,0,0
10162,0,0,0,0,3,26,0,0,0,0,0,0
10163,0,0,0,0,0,81,0,0,0,0,0,0
10164,2,56,1,0,0,0,0,0,0,0,0,0
10165,0,0,0,0,0,0,0,0,0,0,980,0
10166,0,0,0,16,36,0,0,0,0,0,0,0
10167,0,0,0,0,0,0,2,6,0,0,0,0
10168,0,0,0,0,1,83,0,0,0,0,2,0
10169,0,0,0,0,0,0,0,0,0,0,2,0
10170,0,0,0,0,0,0,0,0,0,0,6,0
10171,38,497,16,0,0,0,0,0,0,0,0,0
10172,1,0,29,0,0,0,0,0,0,0,0,0
10173,0,0,0,0,0,0,1,1,2,0,0,0
10174,1,26,1,0,0,0,0,0,0,0,0,0
10175,0,0,0,0,0,0,0,0,0,0,3,0
10176,0,0,0,0,0,0,0,0,0,0,0,0
10177,0,0,0,0,0,182,0,0,0,0,0,0
10178,0,0,0,0,0,0,1,111,2,0,0,0
10179,0,0,0,0,0,7,0,0,0,0,0,0
10180,0,0,0,0,21,0,280,2877,27,0,0,0
10181,1,225,253,0,0,0,0,0,0,1,0,0
10182,0,0,0,1,0,9,0,0,0,0,0,0
10183,0,0,0,0,0,1,0,0,0,66,931,0
10184,0,0,0,1,0,1,0,0,0,0,0,0
10185,0,0,0,0,0,0,1,1,2,0,0,0
10186,0,0,0,0,0,4,0,0,0,1,2747,0
10187,0,28,0,0,0,0,0,0,0,0,0,0
10188,0,0,0,0,0,6,0,0,0,238,928,3
10189,0,0,0,0,0,2,0,0,0,216,968,17
10190,0,0,0,3,102,208,0,0,0,0,0,0
10191,0,0,0,0,0,0,0,0,0,19,921,0
10192,0,0,0,34,15,127,0,0,0,0,0,0
10193,0,0,0,0,0,0,2579,2,4,0,0,0
10194,13,70,61,0,0,0,0,0,0,0,0,0
10195,2209,12564,19,1,0,0,56,11,0,0,0,0
10196,0,0,0,0,0,0,76,27,5,0,0,0
10197,0,28,3,0,0,0,0,0,0,0,0,0
10198,0,0,0,0,0,1,0,0,0,12,1370,0
10199,5,15,7,0,0,0,0,0,0,0,0,0
10200,0,0,0,2,0,23,0,0,0,0,0,0
10201,0,0,0,0,1,0,14,855,3,0,0,0
10202,0,0,0,0,0,10,0,0,0,8,1618,2
10203,0,0,0,1,8,4,0,0,0,0,0,0
10204,0,0,0,7,1,153,0,0,0,0,1,0
10205,2,7,1,0,0,0,0,0,0,0,0,0
10206,0,60,1,0,0,0,0,0,0,0,0,0
10207,0,0,0,0,0,2,0,0,0,14,1536,1
10208,0,0,0,0,0,0,0,0,0,0,15,0
10209,0,0,0,0,0,0,0,0,0,2,11,0
10210,0,0,0,2,0,36,0,0,0,0,0,0
10211,0,17,0,0,0,0,0,0,0,0,0,0
10212,0,16,1,0,0,0,0,0,0,0,0,0
10213,0,0,0,0,2,48,0,0,0,0,0,0
10214,0,0,0,0,0,0,0,0,0,0,0,0
10215,1,0,0,0,0,0,0,0,0,0,0,0
10216,0,0,0,0,0,227,0,0,0,0,0,0
10217,0,0,0,0,0,0,1,0,0,0,0,0
10218,0,1,1,0,0,0,0,0,0,0,0,0
10219,0,194,46,0,0,0,0,0,0,0,0,0
10220,0,0,0,0,0,0,25,5,0,0,0,0
10221,1,0,0,0,0,0,0,0,0,0,0,0
10222,0,0,0,0,1,101,0,0,0,0,0,0
10223,0,0,0,0,0,36,0,0,0,0,0,0
10224,0,0,0,0,0,16,0,0,0,0,0,0
10225,0,113,1,0,0,0,0,0,0,0,0,0
10226,0,0,0,0,0,0,0,0,0,8,192,0
10227,0,0,0,0,1,0,0,0,0,0,0,0
10228,0,0,1,0,0,23,0,0,0,31,3870,6
10229,1,76,8,0,0,0,0,0,0,0,0,0
10230,0,0,0,0,0,1,0,0,0,0,0,0
10231,0,0,0,2,4,84,0,0,0,0,0,0
10232,0,0,0,0,0,5,0,0,0,1,495,0
10233,0,0,0,0,0,0,1,96,0,0,0,0
10234,0,0,0,0,2,45,0,0,0,0,0,0
10235,0,0,0,0,0,0,0,0,0,0,0,0
10236,0,227,0,0,0,0,1,0,0,0,0,0
10237,0,0,0,0,0,0,47,1,0,0,0,0
10238,0,0,0,0,5,2,0,0,0,0,0,0
10239,0,0,0,0,0,0,0,0,0,0,0,0
10240,0,0,0,0,3,142,0,0,0,0,0,0
10241,0,1,0,0,0,0,0,0,0,0,0,0
10242,0,2,0,0,0,0,0,0,0,0,0,0
10243,0,0,0,0,0,331,0,0,0,0,1,0
10244,0,0,0,0,0,0,0,0,0,1,57,0
10245,0,0,0,0,0,0,0,0,0,0,0,0
10246,0,0,0,0,0,313,0,0,0,0,5,0
10247,2,0,1,0,0,0,0,0,0,0,0,0
10248,1,280,0,0,0,0,1,0,0,0,0,0
10249,0,0,0,1,0,418,0,0,0,0,2,0
10250,0,0,0,0,0,4,0,0,0,0,0,0
10251,0,0,0,0,0,1,0,0,0,0,0,0
10252,0,0,0,0,0,12,0,0,0,0,4874,0
10253,0,0,0,5,31,597,0,0,0,0,1,0
10254,0,0,0,0,2,56,0,0,0,0,0,0
10255,0,0,0,0,0,0,149,548,5,0,0,0
10256,0,0,0,0,0,0,131,36,0,0,0,0
10257,0,0,0,0,0,13,0,0,0,0,0,0
10258,1,191,3,0,0,0,1,0,0,0,0,0
10259,0,0,0,0,0,0,0,0,1,8,4,55
10260,3,106,0,0,0,0,0,0,0,0,0,0
10261,0,0,0,0,0,0,92,81,0,0,0,0
10262,0,2,0,0,0,0,266,117,2,0,0,0
10263,0,0,0,0,0,0,0,0,0,25,546,0
10264,1,0,0,86,26,94,0,0,0,0,1,0
10265,0,51,0,0,0,0,1567,57,4,0,0,0
10266,0,0,0,0,1,0,92,197,0,0,0,0
10267,0,0,0,0,0,48,0,0,0,0,0,0
10268,7,11,4,0,0,0,0,0,0,0,0,0
10269,2,193,18,0,0,0,0,0,0,0,0,0
10270,0,0,0,2,2,134,0,0,0,0,0,0
10271,0,39,0,0,0,0,4645,21,1,0,0,0
10272,0,0,0,0,0,11,0,0,0,0,0,0
10273,0,0,0,50,152,210,0,0,0,0,0,0
10274,0,0,0,0,0,0,0,0,0,4,3,3
10275,3,11,5,0,0,0,0,0,0,0,0,0
10276,3,36,8,0,0,0,0,0,0,0,0,0
10277,0,0,1,0,0,5,0,0,0,615,2908,11
10278,0,0,0,3,12,2,0,0,0,0,0,0
10279,0,0,0,0,0,52,0,0,0,18,8658,13
10280,0,0,44,0,0,0,0,0,0,0,0,0
10281,0,1,0,0,0,0,128,44,0,0,0,0
10282,0,0,0,0,0,0,200,23,2,0,0,0
10283,0,0,0,0,0,0,87,4,21,0,0,0
10284,0,0,0,0,0,23,0,0,0,0,0,0
10285,0,0,0,3,14,136,0,0,0,0,0,0
10286,3,653,20,0,0,0,1,0,0,0,0,0
10287,0,0,0,18,31,153,0,2,0,0,7,0
10288,0,0,0,35,4,240,0,0,0,0,1,0
10289,0,0,0,0,0,0,4,0,0,0,0,0
10290,0,0,0,0,0,0,1,0,0,0,0,0
10291,2,157,68,0,0,0,1,0,0,0,0,0
10292,0,0,0,0,0,1,0,0,0,34,52,0
10293,1,0,0,0,0,0,0,0,0,0,0,0
10294,0,0,0,1,13,37,0,0,0,0,0,0
10295,0,0,0,0,144,6,0,0,0,0,0,0
10296,0,0,0,0,0,4,0,0,0,23,540,3
10297,0,0,0,20,0,47,0,0,0,0,0,0
10298,0,13,0,0,0,0,0,0,0,0,0,0
10299,0,0,0,0,0,11,0,0,0,0,0,0
10300,0,0,0,0,0,0,49,252,1,0,0,0
10301,0,0,128,0,0,0,0,0,0,1046,1,1
10302,26,25,3,0,0,0,0,0,0,0,0,0
10303,649,129,26,1,0,0,0,0,0,0,0,0
10304,0,33,13,0,0,0,0,0,0,0,0,0
10305,8,120,1,0,0,0,0,0,0,0,0,0
10306,0,0,0,2,17,27,0,0,0,0,0,0
10307,0,0,0,2,1,4,0,0,0,0,0,0
10308,0,0,0,0,0,0,0,3,0,0,0,0
10309,0,0,0,0,1,194,0,0,0,0,0,0
10310,0,2,0,0,8,0,256,24,0,0,0,0
10311,0,0,0,3,0,118,0,0,0,0,0,0
10312,16,95,6,0,0,0,1,0,0,0,0,0
10313,0,0,0,0,0,0,0,0,0,49,168,0
10314,0,0,0,1,0,0,0,0,0,0,0,0
10315,0,0,0,4,1,190,0,0,0,0,1,0
10316,0,4,3,0,0,0,0,0,0,0,0,0
10317,2,7844,15,0,0,0,26,0,0,0,0,0
10318,0,0,0,0,0,0,259,131,3,0,0,0
10319,0,0,0,0,0,590,0,0,0,11,60660,0
10320,0,0,0,1,0,2,0,0,0,0,0,0
10321,0,0,0,3,4,41,0,0,0,0,0,0
10322,2,5,0,0,0,0,0,0,0,0,0,0
10323,2,40156,0,0,0,0,182,0,0,0,0,0
10324,0,0,0,0,0,0,149,158,0,0,0,0
10325,0,0,0,0,0,0,99,5,3,0,0,0
10326,0,0,0,0,1,11,0,0,0,0,0,0
10327,0,0,0,12,0,108,0,0,0,0,1,0
10328,0,0,0,0,0,0,123,34,0,0,0,0
10329,4,323,24,0,0,0,0,0,0,0,0,0
10330,0,0,0,21,3,591,0,0,0,0,1,0
10331,4,83,0,0,0,0,0,0,0,0,0,0
10332,0,0,0,0,0,1,0,0,0,17,1490,0
10333,30,104,9,0,0,0,0,0,0,0,0,0
10334,0,0,0,0,0,0,190,20,0,0,0,0
10335,0,0,0,0,0,1,0,0,0,1,812,1
10336,0,0,0,0,0,3,0,0,0,47,648,3
10337,0,0,2,0,0,0,0,0,0,0,0,0
10338,2,9,0,0,0,0,0,0,0,0,0,0
10339,0,0,0,0,1,494,0,0,0,0,5,0
10340,0,0,0,0,0,3,0,0,0,60,1988,0
10341,0,0,0,0,0,6,0,0,0,127,2386,2
10342,0,0,0,9,0,98,0,0,0,0,0,0
10343,0,0,0,0,0,0,0,0,0,0,0,0
10344,1,99,16,0,0,0,0,0,0,0,0,0
10345,0,1,0,0,0,0,240,6,2,0,0,0
10346,21,28,0,0,0,0,0,0,0,0,0,0
10347,0,0,0,0,0,0,0,0,0,1,7,1
10348,1,788,3,0,0,0,1,1,0,0,0,0
10349,0,0,0,0,0,0,0,0,0,8,37,0
10350,0,0,0,0,0,0,0,0,0,0,44,0
10351,0,0,0,2,1,74,0,0,0,0,0,0
10352,0,0,0,0,0,0,0,0,0,0,0,0
10353,1,131,169,0,0,0,0,0,0,0,0,0
10354,0,0,0,0,4,0,74,649,0,0,0,0
10355,0,0,0,0,0,73,0,0,0,0,0,0
10356,2,239,64,0,0,0,0,0,0,16,0,0
10357,0,0,0,0,1,177,0,0,0,0,0,0
10358,0,1,0,0,0,0,0,0,0,0,0,0
10359,2,233,1,0,0,0,1,0,0,0,0,0
10360,0,0,0,0,0,0,192,16,0,0,0,0
10361,0,0,0,3,3,5,0,0,0,0,0,0
10362,0,0,0,1,12,8,0,0,0,0,0,0
10363,0,0,0,19,30,67,0,0,0,0,0,0
10364,0,0,0,0,0,0,380,157,1,0,0,0
10365,0,0,0,0,6,13,0,0,0,0,0,0
10366,0,0,0,6,39,68,0,0,0,0,0,0
10367,0,0,0,0,0,0,0,0,0,4,9,0
10368,0,0,0,0,0,0,234,5,3,0,0,0
10369,0,0,0,0,0,82,0,0,0,25,10894,3
10370,15,101,6,0,0,0,0,0,0,0,0,0
10371,0,0,0,0,24,26,0,0,0,0,0,0
10372,0,0,0,8,12,296,0,0,0,0,0,0
10373,0,0,0,0,0,0,0,0,0,1,1,0
10374,3,37,1,0,0,0,0,0,0,0,0,0
10375,2,184,11,0,0,0,1,0,0,0,0,0
10376,0,0,0,0,0,79,0,0,0,59,4972,5
10377,0,0,0,0,0,29,0,0,0,33,1313,3
10378,16,98,11,0,0,0,0,0,0,0,0,0
10379,0,0,0,0,0,0,72,5,0,0,0,0
10380,0,0,0,0,0,0,0,4,0,0,0,0
10381,0,34,1,0,0,0,0,0,0,0,0,0
10382,0,0,0,0,0,0,0,0,0,17,0,0
10383,1,0,0,0,0,0,0,0,0,0,0,0
10384,0,0,0,0,0,0,236,40,37,0,0,0
10385,1,4,0,0,0,0,0,0,0,0,0,0
10386,0,0,0,0,0,0,0,0,0,20,6,7
10387,0,0,0,16,23,70,0,0,0,0,0,0
10388,0,0,0,3,1,135,0,0,0,0,1,0
10389,0,0,0,0,0,1,0,0,0,0,0,0
10390,0,0,0,0,3,13,0,0,0,0,0,0
10391,0,0,0,4,6,1,0,0,0,0,0,0
10392,0,0,0,0,0,0,0,0,0,0,6,0
10393,11,151,10,0,0,0,0,0,0,0,0,0
10394,0,0,0,0,0,0,25,84,1,0,0,0
10395,0,0,0,0,2,35,0,0,0,0,0,0
10396,0,0,0,0,33,1,69,7919,74,0,0,0
10397,0,0,0,0,2,25,0,0,0,0,0,0
10398,0,0,0,0,0,1,0,0,0,0,0,0
10399,0,925,0,0,0,0,4,0,0,0,0,0
10400,0,0,0,0,0,0,47,27,3,0,0,0
10401,0,0,0,0,0,0,0,0,0,0,618,0
10402,0,0,0,1,14,106,0,0,0,0,0,0
10403,0,0,0,6,1,0,0,0,0,0,0,0
10404,0,0,0,0,0,0,0,1,3,0,0,0
10405,0,0,0,0,0,109,0,0,0,0,0,0
10406,0,0,0,0,0,0,0,0,0,0,0,0
10407,0,0,0,0,0,0,0,0,0,0,0,0
10408,0,0,0,0,0,4,0,0,0,0,1859,0
10409,0,18,0,0,0,0,1,0,0,0,0,0
10410,1,89,66,0,0,0,0,0,0,0,0,0
10411,0,0,0,0,0,275,0,0,0,0,0,0
10412,0,0,0,0,0,0,11,2,0,0,0,0
10413,0,0,0,0,0,0,0,3,1,0,0,0
10414,0,0,0,0,1,28,0,0,0,0,1,0
10415,0,0,0,17,15,1,0,0,0,0,0,0
10416,0,0,0,0,0,1,0,0,0,0,526,0
10417,193,233,0,0,0,0,0,0,0,0,0,0
10418,0,0,0,0,0,0,0,0,0,0,84,0
10419,0,0,0,0,0,0,0,0,0,0,4,0
10420,18,470,3,0,0,0,0,0,0,0,0,0
10421,0,0,0,0,25,0,0,0,0,0,0,0
10422,0,0,0,0,0,0,0,0,1,2,84,17
10423,0,0,0,16,40,994,0,0,0,0,6,0
10424,0,0,0,0,0,0,2,6,0,0,0,0
10425,0,0,0,0,0,0,0,2,0,0,0,0
10426,0,0,0,0,1,22,0,0,0,0,0,0
10427,0,0,0,0,0,0,224,3,0,0,0,0
10428,0,0,0,0,1,0,0,0,0,0,0,0
10429,0,0,0,4,8,148,0,0,0,0,0,0
10430,0,0,0,0,0,1,0,0,0,0,0,0
10431,0,1,0,0,0,0,0,0,0,0,0,0
10432,0,0,0,0,0,0,0,0,0,1,518,1
10433,0,0,0,0,0,0,0,0,0,1,1,0
10434,0,2,1,0,0,0,0,0,0,0,0,0
10435,2,113,9,0,0,0,0,0,0,0,0,0
10436,1,0,0,50,0,1,0,0,0,0,0,0
10437,0,0,0,0,0,0,8,4,2,0,0,0
10438,0,0,0,0,1,30,0,0,0,0,0,0
10439,0,0,0,0,0,0,22,14,1,0,0,0
10440,0,0,0,0,0,9,0,0,0,0,3506,0
10441,0,0,0,7,3,36,0,0,0,0,0,0
10442,2,31,2,0,0,0,0,0,0,0,0,0
10443,0,0,0,0,3,1,0,0,0,0,0,0
10444,0,1,0,0,3,0,49,244,4,0,0,0
10445,0,2,58,0,0,0,0,0,0,1,0,0
10446,0,0,0,0,0,0,2,5,0,0,0,0
10447,0,2,0,0,0,0,640,3,1,0,0,0
10448,0,0,1,0,0,55,0,0,0,63,2948,15
10449,0,0,217,0,0,21,0,0,0,50168,3157,0
10450,0,0,0,0,0,68,0,0,0,35,5065,0
10451,0,0,0,0,0,0,0,0,0,0,0,0
10452,4,0,4,0,0,0,0,0,0,0,0,0
10453,0,0,0,2,0,310,0,0,0,0,3,0
10454,0,0,0,24,1,13,0,0,0,0,0,0
10455,0,0,0,3,36,35,0,0,0,0,0,0
10456,0,0,0,0,0,22,0,0,0,12,2841,1
10457,0,4,0,0,0,0,0,0,0,0,0,0
10458,0,0,0,0,0,8,0,0,0,1,227,5
10459,0,0,0,3,0,73,0,0,0,0,0,0
10460,7,53,0,0,0,0,0,0,0,0,0,0
10461,0,0,0,0,3,9,0,0,0,0,0,0
10462,0,0,0,0,0,21,0,0,0,0,0,0
10463,1,1,0,0,0,0,0,0,0,0,0,0
10464,0,1,0,0,0,0,0,0,0,0,0,0
10465,0,1,0,0,0,0,295,1,0,0,0,0
10466,0,0,0,0,0,0,6,1,1,0,0,0
10467,0,0,0,0,0,0,1,2,1,0,0,0
10468,0,0,0,7,0,71,0,0,0,0,1,0
10469,0,0,0,7,7,4,0,0,0,0,0,0
10470,0,0,0,0,0,0,0,0,0,0,10,0
10471,8,772,371,0,0,0,3,0,0,0,0,0
10472,0,0,0,1,0,4,0,0,0,0,0,0
10473,0,0,0,0,0,2,0,0,0,0,0,0
10474,0,0,0,0,0,3,0,0,0,3,810,0
10475,0,0,0,0,0,0,0,0,0,4,5,0
10476,0,0,0,0,0,3,0,0,0,0,0,0
10477,0,0,0,5,0,17,0,0,0,0,0,0
10478,0,32,5,0,0,0,0,0,0,0,0,0
10479,5,35,2,0,0,0,0,0,0,0,0,0
10480,0,0,0,3,0,421,0,0,0,0,0,0
10481,0,0,0,0,0,0,2,1,0,0,0,0
10482,0,0,0,0,0,0,0,0,0,0,0,0
10483,0,0,0,0,0,33,0,0,0,0,0,0
10484,0,0,0,0,5,0,0,0,0,0,0,0
10485,0,0,0,0,0,0,0,0,0,1,2,0
10486,3,343,30,0,0,0,3,0,0,0,0,0
10487,0,0,0,1,0,0,0,0,0,0,0,0
10488,0,0,0,0,0,0,1,1,2,0,0,0
10489,0,0,0,0,1,65,0,0,0,0,0,0
10490,0,0,0,0,0,0,3,1,0,0,0,0
10491,0,0,0,0,0,0,0,2,1,0,0,0
10492,0,0,0,0,1,13,0,0,0,0,0,0
10493,1,2,0,0,0,0,0,0,0,0,0,0
10494,0,0,0,0,0,0,1,3,1,0,0,0
10495,0,0,0,2,1,31,0,0,0,0,0,0
10496,0,1,0,0,0,0,107,1,2,0,0,0
10497,0,0,0,0,0,54,0,0,0,0,0,0
10498,0,0,0,7,3,74,0,0,0,0,0,0
10499,0,0,0,0,0,0,1,2,1,0,0,0
10500,0,0,0,0,0,0,0,6,0,0,0,0
10501,0,0,0,0,19,33,0,0,0,0,0,0
10502,0,0,0,0,1,2,0,0,0,0,0,0
10503,0,0,0,1,0,0,0,0,0,0,0,0
10504,0,0,0,1,0,79,0,0,0,0,0,0
10505,13,23,0,0,0,0,0,0,0,0,0,0
10506,6,21,3,0,0,0,0,0,0,0,0,0
10507,0,0,0,0,0,22,0,0,0,0,4772,0
10508,5,29,1,0,0,0,0,0,0,0,0,0
10509,0,0,0,0,0,42,0,0,0,0,0,0
10510,3,14,0,0,0,0,0,0,0,0,0,0
10511,0,0,0,0,0,0,7,7,2,0,0,0
10512,1,125,0,0,0,0,1,0,0,0,0,0
10513,0,0,0,0,9,133,0,0,0,0,0,0
10514,0,0,0,0,0,2,0,0,0,0,0,0
10515,1,6,0,0,0,0,0,0,0,0,0,0
10516,0,0,0,0,1,340,0,0,0,0,1,0
10517,0,0,0,0,0,0,62,9,9,0,0,0
10518,1,11,20,0,0,0,0,0,0,0,0,0
10519,0,0,0,0,0,0,0,0,0,26,806,5
10520,0,0,0,6,9,35,0,0,0,0,0,0
10521,0,2,0,0,0,0,397,200,2,0,0,0
10522,0,0,0,1,8,141,0,0,0,0,0,0
10523,0,0,0,0,0,0,90,44,2446,0,0,0
10524,0,0,0,0,0,10,0,0,0,0,0,0
10525,0,0,0,0,0,13,0,0,0,97,2254,5
10526,0,0,0,103,14,1,0,0,0,0,0,0
10527,0,0,0,0,0,0,0,0,0,2,45,0
10528,1,0,0,9,14,138,0,0,0,0,0,0
10529,0,0,0,5,3,185,0,0,0,0,0,0
10530,0,0,0,1,0,6,0,0,0,0,0,0
10531,0,0,0,0,9,18,0,0,0,0,0,0
10532,0,0,0,5,1,1,0,0,0,0,0,0
10533,0,0,0,0,1,0,215,490,4,0,0,0
10534,0,0,0,0,0,42,0,0,0,0,0,0
10535,0,0,0,0,0,1,0,0,0,0,0,0
10536,1,2,0,0,0,0,0,0,0,0,0,0
10537,0,0,0,0,0,9,0,0,0,0,3141,0
10538,2,42,5,0,0,0,0,0,0,0,0,0
10539,0,0,0,0,0,1,0,0,0,0,0,0
10540,0,0,0,0,4,0,80,639,9,0,0,0
10541,0,0,0,0,0,0,0,0,0,0,6,0
10542,0,0,0,0,0,0,0,0,0,0,0,0
10543,0,0,0,0,0,5,0,0,0,0,1378,1
10544,0,0,0,0,0,0,0,0,0,2,0,0
10545,1,3,0,0,0,0,0,0,0,0,0,0
10546,0,0,0,0,0,124,0,0,0,0,0,0
10547,0,4,4,0,0,0,0,0,0,0,0,0
10548,0,0,0,0,0,2,0,0,0,0,0,0
10549,0,0,0,0,0,0,13,27,1,0,0,0
10550,0,0,0,0,0,0,0,1,1,0,0,0
10551,1,4,1,0,0,0,0,0,0,0,0,0
10552,0,312,0,0,0,0,0,0,0,0,0,0
10553,0,0,0,1,0,112,0,0,0,0,0,0
10554,0,0,0,0,0,0,0,0,0,0,0,0
10555,0,31,2,0,0,0,0,0,0,0,0,0
10556,0,0,0,0,0,0,0,0,0,2,181,3
10557,0,0,0,0,0,0,0,0,0,0,6,1
10558,22,57,1,0,0,0,0,0,0,0,0,0
10559,0,23,3,0,0,0,0,0,0,0,0,0
10560,0,0,0,0,0,0,0,0,0,3,155,94
10561,0,0,0,26,13,120,0,0,0,0,0,0
10562,0,0,0,0,0,0,17,2,1,0,0,0
10563,0,0,0,0,0,0,0,26,9,0,0,0
10564,2,83,113,0,0,0,0,0,0,0,0,0
10565,0,0,0,0,0,0,51,9,9,0,0,0
10566,0,0,0,0,1,1,0,0,0,0,0,0
10567,0,0,0,9,176,218,0,0,0,0,0,0
10568,0,0,0,0,0,0,0,0,0,1,5,0
10569,1,0,0,0,0,0,0,0,0,0,0,0
10570,0,0,0,0,2,233,0,0,0,0,1,0
10571,0,0,0,0,0,0,35,26,5,0,0,0
10572,0,0,0,0,0,0,0,0,0,4,76,0
10573,3,0,0,153,116,131,0,0,0,0,0,0
10574,0,0,0,0,0,0,0,2,0,0,0,0
10575,0,0,0,0,0,0,2,2,0,0,0,0
10576,0,0,0,0,0,1,0,0,0,13,459,0
10577,4,4,1,0,0,0,0,0,0,0,0,0
10578,0,0,0,0,0,0,0,0,0,0,3,0
10579,59,82,17,1,0,0,0,0,0,0,0,0
10580,0,0,0,0,0,0,0,3,2,0,0,0
10581,0,2,0,0,0,0,1,0,0,0,0,0
10582,0,0,0,0,0,13,0,0,0,1,4041,0
10583,0,0,0,13,27,78,0,0,0,0,1,0
10584,0,0,0,0,0,4,0,0,0,0,0,0
10585,3,71,0,0,0,0,0,0,0,0,0,0
10586,0,0,0,0,0,0,1,1,1,0,0,0
10587,1,39,24,0,0,0,0,0,0,0,0,0
10588,3,85,25,0,0,0,0,0,0,0,0,0
10589,0,0,0,0,0,0,2,3,0,0,0,0
10590,0,0,0,0,0,0,0,2,0,0,0,0
10591,0,0,0,0,0,133,0,0,0,0,0,0
10592,5,90,2,0,0,0,0,0,0,0,0,0
10593,1,16,37,0,0,0,0,0,0,0,0,0
10594,0,0,0,0,0,2,0,0,0,33,1271,0
10595,0,0,0,0,1,15,0,0,0,0,0,0
10596,0,0,0,0,0,4,0,0,0,0,0,0
10597,0,0,0,0,0,27,0,0,0,0,0,0
10598,0,0,0,0,0,1,0,0,0,0,0,0
10599,1,0,0,0,0,0,0,0,0,0,0,0
10600,0,0,0,0,1,621,0,0,0,0,1,0
10601,0,0,0,0,0,0,0,4,0,0,0,0
10602,0,0,0,0,0,0,1,10,1,0,0,0
10603,2,83,2,0,0,0,0,0,0,0,0,0
10604,0,0,0,0,0,3,0,0,0,34,1100,0
10605,0,0,3,0,0,0,0,0,0,1474,894,1
10606,0,0,0,2,33,55,0,0,0,0,0,0
10607,0,0,0,1,0,1,0,0,0,0,0,0
10608,0,0,0,3,0,3,0,0,0,0,0,0
10609,0,0,0,0,0,100,0,0,0,0,0,0
10610,0,0,0,0,4,0,151,824,0,0,0,0
10611,0,0,0,0,0,20,0,0,0,0,0,0
10612,1,0,0,323,42,51,0,0,0,0,1,0
10613,0,0,0,0,0,0,1,12,1,0,0,0
10614,0,1,0,0,0,0,0,0,0,0,0,0
10615,0,0,0,0,0,4,0,0,0,2,3052,0
10616,0,3,49,0,0,0,0,0,0,8,0,0
10617,0,0,0,0,0,0,84,3,0,0,0,0
10618,0,0,0,0,0,0,396,29,0,0,0,0
10619,0,0,0,0,0,0,0,0,0,26,1,0
10620,2,3,1,0,0,0,0,0,0,0,0,0
10621,2,177,3,0,0,0,0,0,0,0,0,0
10622,1,26,0,0,0,0,0,0,0,0,0,0
10623,0,0,0,0,0,20,0,0,0,4,794,3
10624,3,165,6,0,0,0,0,0,0,0,0,0
10625,0,1,0,0,0,0,169,37,4,0,0,0
10626,0,0,0,0,0,6,0,0,1,1,3351,15
10627,13,101,3,0,0,0,0,0,0,0,0,0
10628,0,0,0,0,0,0,0,0,0,3,5,0
10629,1,1,1,0,0,0,0,0,0,0,0,0
10630,0,119,0,0,0,0,2,0,0,0,0,0
10631,0,3,0,0,0,0,536,99,2,0,0,0
10632,0,0,0,0,0,0,0,0,0,0,871,1
10633,35,102,15,0,0,0,0,0,0,0,0,0
10634,0,0,0,0,1,0,29,92,2,0,0,0
10635,0,0,0,0,0,2,0,0,0,1,90,0
10636,0,0,0,57,133,249,0,0,0,0,0,0
10637,0,2,0,0,0,0,134,6,0,0,0,0
10638,0,0,0,0,0,0,14,5,1,0,0,0
10639,0,0,0,13,1,70,0,0,0,0,0,0
10640,3,62,0,0,0,0,1,0,0,0,0,0
10641,0,0,0,0,0,17,0,0,0,0,3695,0
10642,0,0,0,0,28,0,538,6922,10,0,0,0
10643,0,0,0,0,0,0,119,10,1,0,0,0
10644,0,1,0,0,0,0,0,0,0,0,0,0
10645,0,0,0,0,0,0,0,0,0,16,606,3
10646,14,532,0,0,0,0,0,0,0,0,0,0
10647,0,0,0,0,0,71,0,0,0,8,482,1
10648,8,35,1,0,0,0,0,0,0,0,0,0
10649,0,141,4,0,0,0,0,0,0,0,0,0
10650,0,0,0,0,0,2,0,0,0,17,571,0
10651,0,0,0,1,0,76,0,0,0,0,0,0
10652,0,17,0,0,0,0,0,0,0,0,0,0
10653,0,0,0,0,0,1,0,0,0,0,0,0
10654,0,0,0,3,0,156,0,0,0,0,1,0
10655,0,20,0,0,0,0,0,0,0,0,0,0
10656,0,0,0,0,0,0,0,0,0,0,3,0
10657,11,412,27,0,0,0,0,0,0,0,0,0
10658,0,0,0,0,0,0,79,14,4,0,1,0
10659,0,0,0,0,0,10,0,0,0,0,0,0
10660,0,0,0,1,1,228,0,0,0,0,1,0
10661,1,0,0,0,0,0,0,0,0,0,0,0
10662,0,1,0,0,0,0,0,0,0,0,0,0
10663,0,0,0,0,0,195,0,0,0,0,0,0
10664,0,0,0,0,0,0,35,0,0,0,0,0
10665,0,0,0,0,2,846,0,0,0,0,1,0
10666,0,0,0,6,5,72,0,0,0,0,0,0
10667,0,0,0,4,1198,32,1,9,0,0,0,0
10668,0,0,0,1,0,1,0,0,0,0,0,0
10669,0,58,0,0,0,0,0,0,0,0,0,0
10670,0,0,0,0,0,0,1,26,3,0,0,0
10671,0,0,0,0,0,0,0,0,0,0,3,1
10672,0,0,0,2,16,32,0,0,0,0,0,0
10673,0,0,0,0,0,1,0,0,0,0,0,0
10674,0,0,0,0,0,0,0,1,3,0,0,0
10675,0,0,0,0,0,0,1,8,2,0,0,0
10676,0,0,0,0,1,37,0,0,0,0,0,0
10677,0,0,0,0,2,0,0,0,0,0,0,0
10678,0,1,0,0,0,0,144,6,1,0,0,0
10679,0,0,0,0,0,1,0,0,0,0,0,0
10680,0,0,0,0,0,0,0,0,0,0,0,0
10681,0,0,0,0,0,14,0,0,0,0,3408,1
10682,0,0,0,0,0,0,4,8,1,0,0,0
10683,0,0,0,0,0,0,0,0,0,0,12,2
10684,0,0,0,28,7,150,0,0,0,0,1,0
10685,0,0,0,0,0,0,1,15,1,0,0,0
10686,0,0,0,0,0,0,0,0,0,0,0,0
10687,0,0,0,14,1,231,0,0,0,0,0,0
10688,0,3,0,0,2,0,383,3239,0,0,0,0
10689,0,0,0,0,1,30,0,0,0,0,0,0
10690,0,0,0,0,1,20,0,0,0,0,0,0
10691,13,2950,5,0,0,0,15,0,0,0,0,0
10692,0,0,0,3,0,139,0,0,0,0,0,0
10693,2,55,5,0,0,0,0,0,0,0,0,0
10694,0,8,1,0,0,0,0,0,0,0,0,0
10695,3,4,12,0,0,0,0,0,0,0,0,0
10696,0,0,0,4,2,131,0,0,0,0,0,0
10697,0,0,0,0,0,0,122,6,1,0,0,0
10698,0,0,0,0,0,0,9,1,8,0,0,0
10699,11,130,50,0,0,0,1,0,0,0,0,0
10700,0,0,0,0,0,0,69,5,81,0,0,0
10701,2,1,1,0,0,0,0,0,0,0,0,0
10702,0,0,0,0,0,10,0,0,0,13,5406,5
10703,1,27,11,0,0,0,0,0,0,0,0,0
10704,0,0,0,0,0,0,36,52,1,0,0,0
10705,0,0,0,0,0,0,121,200,3,0,0,0
10706,0,0,0,0,4,10,0,0,0,0,0,0
10707,0,0,0,0,0,0,0,1,0,0,0,0
10708,0,0,0,0,0,0,0,12,0,0,0,0
10709,0,0,0,0,6,2,0,0,0,0,0,0
10710,0,0,0,0,0,0,0,0,0,0,0,0
10711,0,0,0,0,0,58,0,0,0,0,0,0
10712,0,0,0,0,0,17,0,0,0,106,3560,3
10713,0,0,0,2,12,2,0,0,0,0,0,0
10714,0,0,0,0,0,2,0,0,0,8,1824,45
10715,7,10,39,0,0,0,0,0,0,0,0,0
10716,0,0,0,0,0,0,0,0,0,0,0,0
10717,0,0,0,6,9,202,0,0,0,0,0,0
10718,0,0,0,0,0,0,0,0,0,79,8,2
10719,0,0,0,0,0,0,64,27,19,0,0,0
10720,4,163,66,0,0,0,0,0,0,0,0,0
10721,0,0,0,10,16,222,0,0,0,0,0,0
10722,0,0,0,5,6,151,0,0,0,0,3,0
10723,0,0,0,39,2,101,0,0,0,0,0,0
10724,0,53,0,0,0,0,0,0,0,0,0,0
10725,0,0,0,0,0,1,0,0,0,53,201,0
10726,0,0,0,0,0,2,0,0,0,78,729,3
10727,3,26,1,0,0,0,6,0,0,0,0,0
10728,0,0,0,0,0,1,0,0,0,0,1276,0
10729,8,338,11,0,0,0,1,0,0,0,0,0
10730,294,468,2,1,0,0,0,0,0,0,0,0
10731,0,0,0,0,0,0,0,0,0,35,42,0
10732,0,0,0,21,12,135,0,0,0,0,0,0
10733,0,0,0,0,0,0,0,0,0,40,415,0
10734,0,0,0,1,16,20,0,0,0,0,0,0
10735,0,0,0,4,0,90,0,0,0,0,0,0
10736,10,1,1,0,0,0,0,0,0,0,0,0
10737,0,170,10,0,0,0,1,0,0,0,0,0
10738,0,0,0,14,14,507,0,0,0,0,0,0
10739,0,0,0,0,0,0,4,1,1,0,0,0
10740,0,1,0,0,0,0,0,0,0,0,0,0
10741,0,0,1,0,0,45,0,0,0,58,5467,3
10742,0,0,0,4,0,3,0,0,0,0,0,0
10743,0,0,0,0,1,1,0,0,0,0,0,0
10744,0,0,0,1,0,734,0,0,0,0,6,0
10745,0,2,0,0,0,0,0,0,0,0,0,0
10746,0,1,0,0,0,0,0,0,0,0,0,0
10747,0,0,0,0,0,79,0,0,0,0,3475,0
10748,0,0,5,0,0,5,0,0,0,224,584,0
10749,0,0,0,0,1,5,0,0,0,0,0,0
10750,0,0,0,9,4,208,0,0,0,0,2,0
10751,0,0,0,0,0,0,279,33,0,0,0,0
10752,0,0,0,4,2,91,0,0,0,0,2,0
10753,0,0,0,0,0,0,135,679,0,0,0,0
10754,0,1,0,0,0,0,230,53,0,0,0,0
10755,0,0,0,0,0,14,0,0,0,0,2279,0
10756,0,0,0,4,4,26,0,0,0,0,0,0
10757,3,4,6,0,0,0,0,0,0,0,0,0
10758,0,0,0,0,0,1,0,0,0,0,0,0
10759,0,0,0,0,1,0,15,155,6,0,0,0
10760,0,3,0,0,0,0,0,0,0,0,0,0
10761,1,778,0,0,0,0,0,0,0,0,0,0
10762,0,0,0,0,0,0,46,18,1,0,0,0
10763,0,0,0,0,0,7,0,0,0,0,0,0
10764,12,53,0,0,0,0,0,0,0,0,0,0
10765,0,0,0,0,0,0,0,0,0,0,779,1
10766,2,0,0,0,0,0,0,0,0,0,0,0
10767,1,15,94,0,0,0,0,0,0,1,0,0
10768,0,0,0,0,14,52,0,0,0,0,0,0
10769,0,0,0,0,0,22,0,0,0,0,0,0
10770,0,382,4,0,0,0,0,0,0,0,0,0
10771,0,0,0,0,0,660,0,0,0,0,2,0
10772,0,0,0,0,0,0,1,2,0,0,0,0
10773,0,1,8,0,0,0,0,0,0,0,0,0
10774,0,41,1,0,0,0,0,0,0,0,0,0
10775,0,0,0,0,0,15,0,0,0,48,2154,0
10776,0,0,2,0,0,0,0,0,0,181,1038,7
10777,0,0,0,36,20,81,0,0,0,0,0,0
10778,0,0,0,0,0,0,0,0,0,13,400,1
10779,0,0,0,0,1,0,0,0,0,0,0,0
10780,4,57,1,0,0,0,0,0,0,0,0,0
10781,1,74,0,0,0,0,0,0,0,0,0,0
10782,0,0,0,0,0,0,0,0,0,7,386,0
10783,0,45,0,0,0,0,0,0,0,0,0,0
10784,0,0,0,0,0,0,0,0,0,3,0,1
10785,2,44,0,0,0,0,0,0,0,0,0,0
10786,2,162,9,0,0,0,0,0,0,0,0,0
10787,0,4,0,0,0,0,106,15,100,0,0,8
10788,2,29,6,0,0,0,0,0,0,0,0,0
10789,0,0,0,0,0,11,0,0,0,2,3711,2
10790,0,0,0,0,0,5,0,0,0,17,1474,28
10791,19,71,0,0,0,0,0,0,0,0,0,0
10792,0,0,0,11,2,96,0,0,0,0,0,0
10793,0,1,0,0,2,0,200,653,7,0,0,0
10794,0,0,0,0,0,25,0,0,0,0,0,0
10795,0,0,0,91,5,283,0,0,0,0,1,0
10796,0,0,0,0,0,0,10,15,4,0,0,0
10797,1,8,6,0,0,0,0,0,0,0,0,0
10798,1,0,0,0,0,4,0,0,0,279,1545,0
10799,1,147,9,0,0,0,0,0,0,0,0,0
10800,0,0,0,0,8,260,0,0,0,0,0,0
10801,0,6,2,0,0,0,0,0,0,0,0,0
10802,0,0,0,0,0,7,0,0,0,21,765,1
10803,0,0,0,0,0,1,0,0,0,0,0,0
10804,5,56,1,0,0,0,1,0,0,0,0,0
10805,0,0,0,0,0,0,109,0,1,0,0,0
10806,0,0,0,0,0,0,19,5,5,0,0,0
10807,0,28,3,0,0,0,0,0,0,0,0,0
10808,0,0,0,0,0,0,0,0,0,25,41,0
10809,0,0,0,0,0,0,0,0,0,4,128,0
10810,0,0,0,49,222,581,0,0,0,0,2,0
10811,0,0,0,0,0,1,0,0,0,5,89,19
10812,0,0,0,1,1,6,0,0,0,0,0,0
10813,0,0,0,12,36,34,0,2,0,0,1,0
10814,0,0,0,2,25,5,0,0,0,0,0,0
10815,0,0,0,0,0,2,0,0,0,7,664,1
10816,3,0,0,257,16,106,0,0,0,0,0,0
10817,0,0,0,0,0,0,9,3,1,0,0,0
10818,0,0,0,0,0,2,0,0,0,0,544,0
10819,0,0,0,14,39,208,0,0,0,0,0,0
10820,0,0,0,0,0,0,0,0,0,3,7,2
10821,3,3,0,0,0,0,0,0,0,0,0,0
10822,0,79,0,0,0,0,0,0,0,0,0,0
10823,3,41,0,0,0,0,0,0,0,0,0,0
10824,0,0,0,0,0,2,0,0,0,1,306,3
10825,0,0,0,79,16,164,0,0,0,0,1,0
10826,0,0,0,0,0,0,5,1,2,0,0,0
10827,0,0,0,0,0,0,7,1,0,0,0,0
10828,9,184,155,0,0,0,1,0,0,1,0,0
10829,2,113,4975,0,0,0,0,0,0,37,1,0
10830,0,0,0,0,0,95,0,0,0,0,0,0
10831,3,0,0,1210,6,225,0,0,0,0,0,0
10832,0,0,0,0,0,0,43,30,2,0,0,0
10833,0,0,0,0,0,28,0,0,0,10,8164,1
10834,0,0,0,0,0,5,0,0,0,65,3617,1
10835,0,0,0,0,0,0,422,106,1,0,0,0
10836,0,0,0,0,4,53,0,0,0,0,1,0
10837,0,0,0,1,24,45,0,0,0,0,0,0
10838,0,0,0,8,14,69,0,0,0,0,0,0
10839,0,0,0,0,0,7,0,0,0,0,0,0
10840,1,102,19,0,0,0,23,0,0,0,0,0
10841,0,0,0,0,0,0,86,23,2,0,0,0
10842,3,323,38,0,0,0,0,0,0,0,0,0
10843,0,0,0,1,16,239,0,0,0,0,0,0
10844,3,222,6,0,0,0,0,0,0,0,0,0
10845,0,0,0,0,1,3,0,0,0,0,0,0
10846,0,0,0,0,1,0,93,384,0,0,0,0
10847,0,0,0,0,1,1,0,0,0,0,0,0
10848,0,0,0,0,0,0,0,4,3,0,0,0
10849,0,0,0,0,0,49,0,0,0,0,0,0
10850,0,0,0,0,1,0,128,71,4,0,0,0
10851,0,0,0,0,0,0,0,0,0,4,253,2
10852,0,0,0,1,448,235,0,1,0,0,0,0
10853,0,0,0,1,13,1,0,0,0,0,0,0
10854,0,0,0,0,0,0,0,0,0,0,128,0
10855,14,362,41,0,0,0,0,0,0,0,0,0
10856,0,0,0,2,2,217,0,0,0,0,0,0
10857,0,0,0,0,0,0,0,0,0,0,0,0
10858,0,23,0,0,0,0,0,0,0,0,0,0
10859,0,0,0,0,0,0,0,0,0,0,0,0
10860,0,16,0,0,0,0,0,0,0,0,0,0
10861,0,149,0,0,0,0,2,0,0,0,0,0
10862,0,2,0,0,0,0,5,3,2,0,0,0
10863,15,50,33,0,0,0,0,0,0,0,0,0
10864,20,189,380,0,0,0,1,0,0,2,0,0
10865,0,0,0,1,6,101,0,0,0,0,0,0
10866,0,0,0,0,0,2,0,0,0,0,0,0
10867,0,33,0,0,0,0,0,0,0,0,0,0
10868,0,0,1,0,0,3,0,0,0,31,1703,8
10869,0,0,0,1,0,1,0,0,0,0,0,0
10870,0,1,0,0,66,0,271,18915,64,0,0,0
10871,0,0,1,0,0,0,0,0,0,265,2,0
10872,278,35,0,1,0,0,0,0,0,0,0,0
10873,0,69,42,0,0,0,0,0,0,0,0,0
10874,15,705,8,0,0,0,3,1,0,0,0,0
10875,2,729,14,0,0,0,1,0,0,0,0,0
10876,0,0,0,4,1,155,0,0,0,0,0,0
10877,0,0,0,0,0,0,82,2,0,0,0,0
10878,0,0,0,0,0,0,1,2,1,0,0,0
10879,0,0,0,0,0,93,0,0,0,0,0,0
10880,17,232,114,0,0,0,0,0,0,0,0,0
10881,0,0,0,0,2,232,0,0,0,0,1,0
10882,0,0,0,0,0,0,26,105,8,0,0,0
10883,5,74,41,0,0,0,2,0,0,0,0,0
10884,1,231,78,0,0,0,0,0,0,0,0,0
10885,0,0,0,52,9,322,0,0,0,0,1,0
10886,0,2,0,0,0,0,263,5,3,0,0,0
10887,0,1,0,0,0,0,32,4,0,0,0,0
10888,7,43,28,0,0,0,0,0,0,0,0,0
10889,0,0,0,0,0,0,0,0,0,22,567,0
10890,0,0,0,0,0,0,137,26,0,0,0,0
10891,0,0,0,0,25,78,0,0,0,0,0,0
10892,1,57,0,0,0,0,0,0,0,0,0,0
10893,0,0,2,0,0,2,0,0,0,171,197,0
10894,0,0,0,0,0,0,0,0,0,8,231,2
10895,1,121,6,0,0,0,0,0,0,0,0,0
10896,0,0,0,0,1,5,0,0,0,0,0,0
10897,25,9,1,0,0,0,0,0,0,0,0,0
10898,0,0,0,3,15,43,0,0,0,0,0,0
10899,0,0,0,0,0,5,0,0,0,0,0,0
10900,0,0,0,0,0,0,64,11,0,0,0,0
10901,0,0,0,0,1,0,260,168,94,0,0,0
10902,0,0,0,0,0,0,60,1,1,0,0,0
10903,0,0,0,0,0,49,0,0,0,0,0,0
10904,68,296,0,1,0,0,1,0,0,0,0,0
10905,0,0,0,0,0,0,37,85,4,0,0,0
10906,0,0,0,0,0,21,0,0,0,0,1,0
10907,0,0,0,0,0,0,36,22,5,0,0,0
10908,0,0,0,0,0,1,0,0,0,46,596,3
10909,0,0,0,5,6,33,0,0,0,0,0,0
10910,0,0,0,4,0,114,0,0,0,0,0,0
10911,0,0,0,0,0,1,0,0,0,0,0,0
10912,1,361,1,0,0,0,1,0,0,0,0,0
10913,0,0,0,2,11,117,0,0,0,0,0,0
10914,0,0,0,0,0,5,0,0,0,0,0,0
10915,4,61,0,0,0,0,0,0,0,0,0,0
10916,0,0,0,0,0,0,2,1,1,0,0,0
10917,1,2,0,0,0,0,0,0,0,0,0,0
10918,161,93,21,0,0,0,0,0,0,0,0,0
10919,0,0,0,0,0,0,0,1,1,0,0,0
10920,0,0,1,0,0,0,0,0,0,0,0,0
10921,0,0,0,0,0,190,0,0,0,0,1,0
10922,0,0,0,0,0,0,0,2,0,0,0,0
10923,0,0,0,0,0,0,0,0,0,0,0,0
10924,1,125,0,0,0,0,0,0,0,0,0,0
10925,0,0,0,2,0,1,0,0,0,0,0,0
10926,0,0,0,2,1,0,0,0,0,0,0,0
10927,0,0,0,0,0,52,0,0,0,0,0,0
10928,1,48,0,0,0,0,0,0,0,0,0,0
10929,0,0,0,0,0,0,0,0,0,0,2,0
10930,3,85,0,0,0,0,0,0,0,0,0,0
10931,0,0,0,0,0,0,0,0,0,1,141,1
10932,0,0,0,0,0,0,0,0,0,0,0,0
10933,0,0,0,4,15,76,0,0,0,0,1,0
10934,0,0,0,2,0,7,0,0,0,0,0,0
10935,0,0,0,0,0,3,0,0,0,0,0,0
10936,0,0,0,0,2,66,0,0,0,0,1,0
10937,0,0,0,0,0,0,2,1,0,0,0,0
10938,0,2,0,0,0,0,0,0,0,0,0,0
10939,0,0,0,2,0,74,0,0,0,0,0,0
10940,0,3,0,0,0,0,300,3,0,0,0,0
10941,0,0,0,0,1,78,0,0,0,0,1,0
10942,0,0,0,21,6,37,0,1,0,0,0,0
10943,0,14,0,0,0,0,518,3,0,0,0,0
10944,0,0,0,0,1,3,0,0,0,0,0,0
10945,0,0,0,1,0,67,0,0,0,0,5,0
10946,0,147,1,0,0,0,1,0,0,0,0,0
10947,0,0,0,0,0,0,171,23,6,0,0,0
10948,1,838,101,0,0,0,3,0,0,0,0,0
10949,0,0,0,0,0,0,0,0,0,0,0,0
10950,0,1,0,0,0,0,0,0,0,0,0,0
10951,0,97,0,0,0,0,1,0,0,0,0,0
10952,0,0,0,18,0,1,0,0,0,0,0,0
10953,0,0,0,0,0,0,0,2,2,0,0,0
10954,0,0,0,0,0,54,0,0,0,1,8896,0
10955,0,0,0,7,149,9,0,0,0,0,0,0
10956,0,0,0,0,1,0,0,0,0,1,212,0
10957,45,106,122,0,0,0,1,0,0,0,0,0
10958,0,0,0,0,0,0,8,24,1,0,0,0
10959,0,0,0,0,0,0,1,4,1,0,0,0
10960,0,0,0,0,1,262,0,0,0,0,0,0
10961,0,4,0,0,0,0,462,9,1,0,0,0
10962,0,0,0,0,0,0,0,0,0,0,0,0
10963,0,0,0,2,2,73,0,0,0,0,0,0
10964,0,7,0,0,0,0,0,0,0,0,0,0
10965,0,0,0,0,0,6,0,0,0,2,340,0
10966,0,0,0,6,28,296,0,0,0,0,0,0
10967,0,0,0,8,0,27,0,0,0,0,0,0
10968,0,0,0,0,3,30,0,0,0,0,0,0
10969,0,0,0,0,0,9,0,0,0,17,4114,0
10970,0,0,0,0,0,0,0,0,0,2,3,0
10971,0,0,2,0,0,0,0,0,0,0,0,0
10972,1,69,6,0,0,0,0,0,0,0,0,0
10973,10,247,0,0,0,0,3,0,0,0,0,0
10974,0,2,0,0,0,0,314,1,0,0,0,0
10975,0,0,0,1,0,63,0,0,0,0,0,0
10976,0,0,0,0,0,0,99,37,0,0,0,0
10977,36,1,1,20,16,299,1,0,1,52,19704,5
10978,513,218,6,1,0,0,0,0,0,0,0,0
10979,0,0,0,0,0,0,98,116,0,0,0,0
10980,0,0,0,2,3,17,0,0,0,0,1,0
10981,0,0,0,0,1,0,76,833,4,0,0,0
10982,0,470,62,0,0,0,2,0,0,0,0,0
10983,3,2792,13,0,0,0,67,0,0,0,0,0
10984,3,94,9,0,0,0,0,0,0,0,0,0
10985,0,189,14,0,0,0,0,0,0,0,0,0
10986,0,0,0,4,8,0,119,400,4,0,0,0
10987,3,11,67,1,0,0,0,0,0,0,0,0
10988,0,203,0,0,0,0,1,0,0,0,0,0
10989,0,0,0,0,0,0,0,0,0,3,249,0
10990,24,96,7,0,0,0,0,0,0,0,0,0
10991,4,44,15,0,0,0,0,0,0,0,0,0
10992,0,0,0,0,6,188,0,0,0,0,1,0
10993,0,0,0,0,0,11,0,0,0,15,4352,0
10994,0,333,8,0,0,0,0,0,0,0,0,0
10995,1,129,22,0,0,0,2,0,0,0,0,0
10996,0,1,0,0,2,0,165,1119,5,0,0,0
10997,0,4,0,0,0,0,423,90,0,0,0,0
10998,0,0,0,0,0,0,139,21,1,0,0,0
10999,0,0,0,31,1,136,0,0,0,0,0,0
11000,15,138,0,0,0,0,0,0,0,0,0,0
11001,0,0,0,0,0,6,0,0,0,4,2361,0
11002,2,125,35,0,0,0,0,0,0,0,0,0
11003,0,0,0,0,0,6,0,0,0,37,2793,3
11004,1,3,1,0,0,0,0,0,0,0,0,0
11005,0,0,540,0,0,5,0,0,0,9556,253,3
11006,0,0,0,0,0,0,0,0,1,26,58,24
11007,2,2,0,0,0,0,0,0,0,0,0,0
11008,0,0,6,0,0,10,0,0,0,124,1273,1
11009,0,0,0,0,0,1,0,0,0,0,0,0
11010,0,0,0,0,0,0,0,3,0,0,0,0
11011,0,0,0,0,0,0,0,17,0,0,0,0
11012,0,0,0,0,0,19,0,0,0,0,0,0
11013,0,0,0,0,1,6,0,0,0,0,0,0
11014,0,28,0,0,0,0,539,58,0,0,0,0
11015,0,0,0,0,9,63,0,0,0,0,4,0
11016,0,0,0,0,0,2,0,0,0,0,0,0
11017,0,147,0,0,0,0,2,0,0,0,0,0
11018,0,0,0,0,0,0,0,0,0,12,6,0
11019,0,0,0,0,0,2,0,0,0,0,0,0
11020,0,0,0,0,0,12,0,0,0,81,6787,8
11021,0,5,0,0,0,0,0,0,0,0,0,0
11022,0,0,0,0,0,1,0,0,0,1,148,0
11023,9,1233,4,0,0,0,15,0,0,0,0,0
11024,0,52,22,0,0,0,1,0,0,0,0,0
11025,0,0,0,4,13,115,0,0,0,0,0,0
11026,0,0,0,8,4,66,0,0,0,0,0,0
11027,0,0,0,2,1,14,0,0,0,0,0,0
11028,0,0,0,0,0,43,0,0,0,0,0,0
11029,0,0,0,0,1,0,66,415,2,0,0,0
11030,0,34,0,0,0,0,0,0,0,0,0,0
11031,0,0,0,0,0,0,0,0,0,3,67,0
11032,0,0,0,19,60,50,0,0,0,0,0,0
11033,0,0,0,2,26,1,0,0,0,0,0,0
11034,0,0,0,0,0,0,0,0,0,1,44,0
11035,3,56,28,0,0,0,0,0,0,0,0,0
11036,0,0,1,0,0,0,0,0,0,47,282,0
11037,0,0,0,3,1,12,0,0,0,0,0,0
11038,0,0,0,19,9,75,0,0,0,0,1,0
11039,0,0,0,2,4,109,0,0,0,0,0,0
11040,0,0,0,0,0,2,0,0,0,0,0,0
11041,15,295,3,0,0,0,1,0,0,0,0,0
11042,35,0,0,0,6,0,423,1747,134,0,0,0
11043,0,0,0,0,9,13,0,0,0,0,0,0
11044,0,0,0,0,5,24,0,0,0,0,0,0
11045,0,0,0,3,12,131,0,0,0,0,0,0
11046,0,0,0,0,0,50,0,0,0,0,0,0
11047,9,92,0,0,0,0,0,0,0,0,0,0
11048,0,0,0,0,2,0,308,105,2,0,0,0
11049,0,0,0,0,1247,84,0,8,0,0,0,0
11050,0,0,0,0,0,5,0,0,0,45,1104,3
11051,0,0,0,0,0,0,0,0,0,47,4,5
11052,6,308,1,0,0,0,12,0,0,0,0,0
11053,0,0,0,0,0,0,51,36,0,0,0,0
11054,1,55,2,0,0,0,0,0,0,0,0,0
11055,0,0,0,0,0,0,13,52,3,0,0,0
11056,0,0,0,0,0,70,0,0,0,0,0,0
11057,0,77,2,0,0,0,0,0,0,0,0,0
11058,0,0,0,0,0,0,0,0,0,2,398,2
11059,0,0,0,4,29,53,0,0,0,0,0,0
11060,0,0,0,0,0,0,0,0,0,44,1,1
11061,2,112,1,0,0,0,0,0,0,0,0,0
11062,1,187,26,0,0,0,2,0,0,0,0,0
11063,0,0,0,0,0,0,0,0,0,0,0,0
11064,0,0,0,0,0,0,1,31,2,0,0,0
11065,0,0,0,0,0,0,0,41,3,0,0,0
11066,0,0,0,1,2,184,0,0,0,0,2,0
11067,0,0,0,0,0,0,0,0,0,17,129,4
11068,0,0,0,3,11,61,0,1,0,0,0,0
11069,0,0,0,10,41,68,0,0,0,0,0,0
11070,0,0,0,0,5,1,0,0,0,0,0,0
11071,0,0,0,0,0,0,795,213,347,0,0,0
11072,0,0,0,0,0,3,0,0,0,0,0,0
11073,0,0,0,0,0,10,0,0,0,0,0,0
11074,0,0,0,0,0,0,0,0,0,0,0,0
11075,0,0,0,21,9,582,0,0,0,0,2,0
11076,0,0,0,1,1,88,0,0,0,0,0,0
11077,0,0,0,0,12,50,0,0,0,0,0,0
11078,0,0,0,5,37,138,0,0,0,0,1,0
11079,0,0,0,7,1,2,0,0,0,0,0,0
11080,0,0,0,0,12,28,0,0,0,0,0,0
11081,0,0,0,10,6,58,0,0,0,0,0,0
11082,0,0,0,0,9,6,0,0,0,0,0,0
11083,0,0,0,0,0,0,0,0,0,0,0,0
11084,0,0,0,0,0,30,0,0,0,0,0,0
11085,193,144,2,1,0,0,0,0,0,0,0,0
11086,0,0,0,0,0,145,0,0,0,0,0,0
11087,0,2,0,0,0,0,289,2,24,0,0,0
11088,8,178,22,0,0,0,0,0,0,0,0,0
11089,12,58,144,0,0,0,0,0,0,1,0,0
11090,11,23,26,0,0,0,1,0,0,0,0,0
11091,2,78,12,0,0,0,0,0,0,0,0,0
11092,0,0,0,26,5,133,0,0,0,0,0,0
11093,0,1,0,0,0,0,95,39,6,0,0,0
11094,0,0,0,0,0,2,0,0,0,1,918,0
11095,0,0,0,0,0,13,0,0,0,122,3171,10
11096,0,0,0,0,18,34,0,0,0,0,0,0
11097,0,0,0,2,1,16,0,0,0,0,1,0
11098,0,0,0,1,2,585,0,0,0,0,1,0
11099,0,0,0,0,7,31,0,0,0,0,0,0
11100,0,0,0,0,0,59,0,0,0,0,1,0
11101,0,25,1,0,0,0,0,0,0,0,0,0
11102,0,0,0,0,0,5,0,0,0,24,1230,0
11103,0,0,0,0,0,0,0,0,0,146,383,3
11104,0,0,0,10,12,51,0,0,0,0,0,0
11105,0,0,0,2,11,157,0,0,0,0,0,0
11106,0,0,0,0,2,19,0,0,0,0,0,0
11107,0,0,0,43,1,37,0,0,0,0,0,0
11108,0,0,0,0,0,0,63,279,1,0,0,0
11109,0,0,0,0,0,357,0,0,0,0,4920,2
11110,0,0,0,2,19,78,0,0,0,0,6,0
11111,10,125,44,0,0,0,0,0,0,0,0,0
11112,0,0,0,0,2,190,0,0,0,0,2,0
11113,0,0,0,0,0,0,96,67,3,0,0,0
11114,0,3,0,0,1,0,845,258,1,0,0,0
11115,0,0,0,0,1,0,2,88,0,0,0,0
11116,0,0,0,0,1,15,0,0,0,0,0,0
11117,9,9794,1,0,0,0,89,0,0,0,0,0
11118,0,0,0,1,6,50,0,0,0,0,0,0
11119,0,0,0,0,0,37,0,0,0,0,0,0
11120,0,191,0,0,0,0,0,0,0,0,0,0
11121,0,0,0,0,3,85,0,0,0,0,0,0
11122,0,0,0,57,13,20,0,0,0,0,0,0
11123,0,0,0,0,0,0,85,24,1,0,0,0
11124,0,0,0,0,0,10,0,0,0,1,2143,0
11125,0,0,0,8,6,73,0,0,0,0,0,0
11126,1,52,0,0,0,0,0,0,0,0,0,0
11127,0,0,0,3,0,391,0,0,0,0,1,0
11128,0,0,0,0,0,0,74,131,3,0,0,0
11129,0,0,0,0,19,5,0,0,0,0,0,0
11130,0,0,0,0,0,0,0,0,0,1,39,2
11131,0,0,0,17,6,34,0,0,0,0,0,0
11132,0,0,0,0,17,0,11,2688,0,0,0,0
11133,0,0,0,0,0,0,0,0,0,1,18,3
11134,0,0,0,65,18,73,0,0,0,0,0,0
11135,0,0,0,1,6,54,0,0,0,0,0,0
11136,0,0,0,0,6,10,0,0,0,0,0,0
11137,0,0,0,202,18,74,0,0,0,0,0,0
11138,0,0,0,0,0,0,60,148,2,0,0,0
11139,0,0,0,0,0,0,0,0,0,1,640,0
11140,56,70,20,0,0,0,0,0,0,0,0,0
11141,1,43,1,0,0,0,0,0,0,0,0,0
11142,0,0,0,0,0,48,0,0,0,0,0,0
11143,0,0,0,0,0,0,17,31,2,0,0,0
11144,48,495,34,0,0,0,0,0,0,0,0,0
11145,0,0,0,0,0,35,0,0,0,0,0,0
11146,0,0,0,0,2,0,176,798,26,0,0,0
11147,0,0,0,1,10,12,0,0,0,0,0,0
11148,0,0,0,0,26,5,0,0,0,0,0,0
11149,0,0,0,6,7,73,0,0,0,0,0,0
11150,0,0,0,0,0,0,74,3,2,0,0,0
11151,0,0,0,1,0,1,0,0,0,0,0,0
11152,0,0,0,0,0,8,0,0,0,37,1832,1
11153,0,16,1,0,0,0,0,0,0,0,0,0
11154,0,152,0,0,0,0,0,0,0,0,0,0
11155,0,43,21,0,0,0,0,0,0,0,0,0
11156,0,0,0,0,0,0,0,0,0,1,4,1
11157,1,2,0,0,0,0,0,0,0,0,0,0
11158,0,0,0,1,4,207,0,0,0,0,0,0
11159,0,6,0,0,0,0,0,0,0,0,0,0
11160,0,435,2,0,0,0,22,0,0,0,0,0
11161,0,0,0,0,0,0,261,36,3,0,0,0
11162,0,0,0,0,0,0,0,0,0,1,10,1
11163,1,1,0,0,0,0,0,0,0,0,0,0
11164,0,0,0,2,6,107,0,0,0,0,0,0
11165,0,0,0,0,0,0,3,285,0,0,0,0
11166,0,0,0,0,0,0,0,0,0,0,10,0
11167,8,161,4,0,0,0,0,0,0,0,0,0
11168,0,0,0,0,1,56,0,0,0,0,0,0
11169,0,0,0,14,0,1,0,0,0,0,0,0
11170,0,0,0,0,11,136,0,0,0,0,0,0
11171,0,0,0,0,0,0,0,0,0,69,146,2
11172,0,0,0,0,0,1,0,0,0,0,0,0
11173,0,0,0,0,0,100,0,0,0,99,2970,2
11174,0,0,0,3,1,1,0,0,0,0,0,0
11175,0,0,0,0,0,0,1,3,3,0,0,0
11176,0,0,0,0,0,243,0,0,0,0,0,0
11177,0,0,0,0,2,19,0,0,0,0,0,0
11178,0,0,0,1,0,1,0,0,0,0,0,0
11179,0,0,0,0,0,0,121,4,3,0,0,0
11180,0,0,0,0,5,2,0,0,0,0,0,0
11181,0,0,0,6,1,0,0,0,0,0,0,0
11182,0,0,0,0,0,79,0,0,0,0,0,0
11183,0,0,0,0,3,106,0,0,0,0,1,0
11184,0,0,0,0,1,4,0,0,0,0,0,0
11185,0,0,0,0,0,0,140,5,49,0,0,0
11186,0,0,0,0,4,61,0,0,0,0,0,0
11187,0,0,0,0,0,48,0,0,0,0,0,0
11188,2,137,1,0,0,0,0,0,0,0,0,0
11189,0,0,0,0,0,0,0,0,0,0,3,2
11190,0,0,0,0,0,0,0,0,0,0,10,0
11191,0,0,0,11,23,82,0,0,0,0,0,0
11192,0,0,0,2,28,66,0,0,0,0,0,0
11193,0,0,0,0,0,0,0,0,0,0,54,4
11194,0,0,0,18,22,46,0,0,0,0,0,0
11195,0,0,0,0,0,13,0,0,0,70,2544,0
11196,0,0,0,0,59,4,0,0,0,0,0,0
11197,0,0,0,29,4,64,0,0,0,0,0,0
11198,0,2,0,0,0,0,1164,13,1,0,0,0
11199,0,0,0,0,0,4,0,0,0,2,1549,0
11200,0,0,0,0,0,4,0,0,0,38,3013,2
11201,0,1282130,1,0,0,0,2625,63,1,0,0,0
11202,0,0,0,0,0,0,0,0,0,32,160,2
11203,0,0,0,33,8,221,0,0,0,0,63,0
11204,0,0,0,0,0,0,298,59,4,0,0,0
11205,0,0,0,0,7,13,0,0,0,0,0,0
11206,14,189,3,0,0,0,0,0,0,0,0,0
11207,0,0,0,0,0,0,45,61,1,0,0,0
11208,0,0,0,0,0,3,0,0,0,0,515,1
11209,0,0,0,6,11,77,0,0,0,0,0,0
11210,0,0,0,1,0,33,0,0,0,0,0,0
11211,1,70,0,0,0,0,0,0,0,0,0,0
11212,0,0,0,0,0,95,0,0,0,0,0,0
11213,0,0,0,0,1,73,0,0,0,0,0,0
11214,0,0,0,1,4,7,0,0,0,0,0,0
11215,0,0,0,1,0,48,0,0,0,0,0,0
11216,0,33,0,0,0,0,1,0,0,0,0,0
11217,0,139,1,0,0,0,0,0,0,0,0,0
11218,0,0,0,2,0,382,0,0,0,0,5,0
11219,1,82,0,0,0,0,0,0,0,0,0,0
11220,0,0,0,1,0,96,0,0,0,0,0,0
11221,0,0,0,0,0,0,87,257,28,0,0,0
11222,0,0,0,0,11,0,207,904,7,0,0,0
11223,0,0,0,0,0,40,0,0,0,0,0,0
11224,0,0,0,0,0,7,0,0,0,13,2110,11
11225,0,0,0,0,0,37,0,0,0,0,0,0
11226,0,6,4,0,0,0,0,0,0,0,0,0
11227,0,0,0,0,0,605,0,0,0,0,3,0
11228,2,17,5,0,0,0,0,0,0,0,0,0
11229,0,0,0,0,0,1,0,0,0,0,0,0
11230,0,0,0,0,7,0,68,2403,2,0,0,0
11231,0,0,0,0,0,0,0,0,0,0,2,0
11232,0,0,0,0,0,0,0,0,0,2,3,0
11233,0,0,0,30,7,137,0,0,0,0,0,0
11234,0,0,0,0,0,0,39,8,3,0,0,0
11235,0,0,3,0,0,0,0,0,0,249,1116,0
11236,0,0,0,97,0,45,0,0,0,0,0,0
11237,2,35,0,0,0,0,1,0,0,0,0,0
11238,0,2,0,0,0,0,193,21,1,0,0,0
11239,0,0,0,2,4,330,0,0,0,0,14,0
11240,0,0,0,0,2,0,0,0,0,0,0,0
11241,0,0,0,0,0,0,1,30,0,0,0,0
11242,0,0,0,0,0,0,1,4,0,0,0,0
11243,0,0,0,0,2,0,147,1531,3,0,0,0
11244,0,0,0,0,0,33,0,0,0,0,0,0
11245,0,2,0,0,0,0,144,111,1,0,0,0
11246,159,1071,44,0,0,0,2,0,0,0,0,0
11247,0,0,0,9,8,57,0,0,0,0,1,0
11248,0,0,0,0,0,0,72,41,0,0,0,0
11249,0,0,0,0,0,0,0,0,0,6,257,0
11250,0,1,0,0,0,0,842,16,0,0,0,0
11251,0,0,0,0,1,32,0,0,0,0,0,0
11252,9,309,0,0,0,0,0,0,0,0,0,0
11253,0,0,0,0,0,1,0,0,0,0,0,0
11254,0,0,0,0,14,59,0,0,0,0,0,0
11255,0,109,0,0,0,0,0,0,0,0,0,0
11256,0,0,0,2,0,3,0,0,0,0,0,0
11257,0,0,0,0,0,0,40,10,1,0,0,0
11258,3,72,3,0,0,0,0,0,0,0,0,0
11259,0,0,0,0,0,4,0,0,0,9,208,1
11260,39,95,1,0,0,0,0,0,0,0,0,0
11261,0,0,0,0,1,3,0,0,0,0,0,0
11262,0,0,0,0,0,0,1,8,0,0,0,0
11263,0,0,0,0,0,0,1,48,1,0,0,0
11264,0,0,0,1,0,47,0,0,0,0,0,0
11265,0,0,0,0,5,4,0,1,0,0,0,0
11266,0,1,0,0,3,0,194,1055,46,0,0,0
11267,0,0,0,0,0,0,69,39,2,0,0,0
11268,0,177,43,0,0,0,0,0,0,2,0,0
11269,0,0,0,0,4,231,0,0,0,0,0,0
11270,9,491,0,0,0,0,0,0,0,0,0,0
11271,0,0,0,2,0,19,0,0,0,0,0,0
11272,0,0,0,0,2,0,75,202,18,0,0,0
11273,0,0,0,0,1,0,92,463,1,0,0,0
11274,0,0,0,5,1,19,0,0,0,0,0,0
11275,0,0,0,9,5,76,0,0,0,0,0,0
11276,0,0,0,0,0,0,63,7,0,0,0,0
11277,1,369,2,0,0,0,1,0,0,0,0,0
11278,0,0,0,0,2,452,0,0,0,0,4,0
11279,0,80,8,0,0,0,0,0,0,0,0,0
11280,0,0,0,0,0,1,0,0,0,48,668,2
11281,0,0,0,5,2,61,0,0,0,0,0,0
11282,4,31,1,0,0,0,7,0,0,0,0,0
11283,0,0,0,0,0,0,87,3,20,0,0,1
11284,0,0,0,0,28,62,0,0,0,0,0,0
11285,0,0,0,3,6,78,0,0,0,0,9,0
11286,0,0,0,0,5,11,0,0,0,0,0,0
11287,0,0,0,0,1,0,106,208,12,0,0,3
11288,223,0,0,3897,36,19,0,0,0,0,0,0
11289,0,0,198,0,0,0,0,0,0,234,307,0
11290,0,0,0,55,209,111,0,7,0,0,0,0
11291,0,820,0,0,1,0,10573,18,20,3,0,0
11292,0,0,0,0,9,0,62,253,0,0,0,0
11293,7,0,0,11,22,42,0,0,0,0,0,0
11294,7,0,0,15,8,33,0,0,0,0,0,0
11295,7,0,0,13,14,240,0,0,0,0,0,0
11296,0,3,0,17,18326,17,0,1177,0,0,0,0
11297,1,29,0,0,0,0,0,0,0,0,0,0
11298,1,235,3,0,0,0,0,0,0,0,0,0
11299,0,0,0,0,6,0,185,488,4,0,0,0
11300,0,0,0,0,0,32,0,0,0,23,1056,0
11301,0,0,0,5,0,125,0,0,0,0,111,0
11302,4,42,2,0,0,0,0,0,0,0,0,0
11303,0,16,25,0,0,0,0,0,0,0,0,0
11304,1,93,4,0,0,0,0,0,0,0,0,0
11305,18,94,5,0,0,0,0,0,0,0,0,0
11306,0,0,0,0,0,0,154,40,1,0,0,0
11307,2,44,8,0,0,0,29,0,0,0,0,0
11308,0,0,0,0,1,0,0,0,0,86,484,1
11309,0,0,0,6,7,0,0,0,0,0,0,0
11310,0,0,0,0,1,0,162,179,1,0,0,0
11311,0,0,0,2,1,69,0,0,0,0,0,0
11312,0,1,0,0,0,0,360,23,0,0,0,0
11313,0,0,0,0,7,45,0,0,0,0,1,0
11314,0,0,0,1,8,71,0,0,0,0,0,0
11315,0,184,0,0,0,0,1,0,0,0,0,0
11316,0,0,0,0,1,35,0,0,0,0,0,0
11317,0,0,0,0,0,0,82,33,1,0,0,0
11318,0,0,0,0,0,7,0,0,0,0,0,0
11319,2,464,0,0,0,0,8,0,0,0,0,0
11320,0,0,0,0,0,117,0,0,0,0,0,0
11321,0,0,0,0,0,0,100,9,0,0,0,0
11322,0,0,0,0,0,16,0,0,0,1,829,0
11323,9,246,4,0,0,0,1,0,0,0,0,0
11324,0,0,0,2,38,14,0,0,0,0,0,0
11325,0,0,0,0,0,30,0,0,0,0,1759,0
11326,41,135,14,0,0,0,0,0,0,0,0,0
11327,0,0,0,0,1,0,120,73,2,0,0,0
11328,0,0,0,0,0,5,0,0,0,0,280,1
11329,0,0,0,2,7,68,0,0,0,0,0,0
11330,0,0,0,0,0,0,235,271,34,0,0,0
11331,0,0,0,0,5,4,0,0,0,0,0,0
11332,11,1281487,0,2,5,0,2502,2651,1,0,0,0
11333,0,0,0,0,0,0,77,1233,3,0,0,0
11334,0,0,0,0,2,30,0,0,0,0,0,0
11335,0,10,0,0,9,0,728,3558,73,0,0,0
11336,0,0,0,0,4,41,0,0,0,0,0,0
11337,0,0,0,0,0,992,0,0,0,0,25,0
11338,0,80,5,0,0,0,0,0,0,0,0,0
11339,0,0,0,0,0,3,0,0,0,22,805,4
11340,0,0,0,1,0,2,0,0,0,0,0,0
11341,3,24,4,0,0,0,0,0,0,0,0,0
11342,7,73,13,0,0,0,0,0,0,0,0,0
11343,0,0,0,0,42,184,0,0,0,0,0,0
11344,0,0,0,0,0,7,0,0,0,48,810,8
11345,0,0,0,0,0,0,0,0,0,14,1620,0
11346,0,0,0,1,0,5,0,0,0,0,0,0
11347,0,0,0,35,0,57,0,0,0,0,0,0
11348,0,105,0,0,0,0,0,0,0,0,0,0
11349,0,0,0,0,0,94,0,0,0,0,1,0
11350,0,1,0,0,0,0,22,126,3,0,0,0
11351,0,47,0,0,0,0,0,0,0,0,0,0
11352,0,0,0,0,0,0,0,0,0,0,15,0
11353,6,65,23,0,0,0,0,0,0,0,0,0
11354,0,0,0,0,0,0,29,10,0,0,0,0
11355,0,0,0,0,0,0,0,0,0,2,1282,6
11356,148,104,11,0,0,0,0,0,0,0,0,0
11357,1,5,21,0,0,0,0,0,0,0,0,0
11358,0,2,0,0,0,0,296,1,0,0,0,0
11359,2,50,0,0,0,0,0,0,0,0,0,0
11360,0,1,2,0,0,0,0,0,0,0,0,0
11361,0,0,1,0,0,0,0,0,0,6,7,0
11362,0,0,0,8,3,387,0,0,0,0,0,0
11363,0,0,0,0,0,0,6,1,0,0,0,0
11364,0,0,0,0,0,7,0,0,0,0,1,0
11365,0,0,0,0,20,0,170,7152,58,0,0,0
11366,0,0,0,0,75,2,0,1,0,0,0,0
11367,75,9,0,2,0,0,0,0,0,0,0,0
11368,0,0,0,0,0,187,0,0,0,0,0,0
11369,0,0,0,0,0,0,1,3,0,0,0,0
11370,0,1,16,0,0,0,0,0,0,0,0,0
11371,0,0,0,0,0,136,0,0,0,0,0,0
11372,0,0,0,0,3,0,22,75,4,0,0,0
11373,2,3,22,0,0,0,0,0,0,0,0,0
11374,0,0,0,2,2,176,0,0,0,0,0,0
11375,0,4,0,0,0,0,574,35,0,0,0,0
11376,0,0,0,0,0,0,6,21,0,0,0,0
11377,0,0,0,19,2,166,0,0,0,0,0,0
11378,0,0,0,0,0,0,51,17,2,0,0,0
11379,0,0,0,0,0,140,0,0,0,1,2948,1
11380,0,0,0,7,2,106,0,0,0,0,24,0
11381,0,1,0,0,0,0,0,0,0,0,0,0
11382,0,0,0,0,0,0,0,1,0,0,0,0
11383,0,5,0,0,0,0,130,1,0,0,0,0
11384,0,0,18,0,0,0,0,0,0,0,0,0
11385,0,0,0,0,0,0,4,1,2,0,0,0
11386,0,361,0,0,0,0,3,0,0,0,0,0
11387,0,1,0,0,1,0,65,68,1,0,0,0
11388,0,0,0,0,6,28,0,0,0,0,0,0
11389,0,9,0,0,0,0,339,93,2,0,0,0
11390,0,0,0,0,0,0,0,0,0,0,0,0
11391,0,0,0,0,0,0,0,1,0,0,0,0
11392,0,0,0,0,0,0,0,1,0,0,0,0
11393,0,0,0,0,0,0,0,0,0,0,0,0
11394,0,0,0,0,0,1,0,0,0,0,95,0
11395,0,279,21,0,0,0,0,0,0,0,0,0
11396,0,0,0,0,0,15,0,0,0,142,3841,31
11397,0,0,0,1,0,2,0,0,0,0,0,0
11398,0,0,0,3,3,57,0,0,0,0,0,0
11399,2,206,0,0,0,0,0,0,0,0,0,0
11400,0,0,0,0,0,33,0,0,0,0,0,0
11401,0,0,0,0,17,0,26,2875,42,0,0,0
11402,0,1,0,0,0,0,0,0,0,0,0,0
11403,1,13,6,0,0,0,0,0,0,0,0,0
11404,0,0,0,0,0,72,0,0,0,0,0,0
11405,0,0,0,0,0,0,125,9,2,0,0,0
11406,0,0,0,0,0,97,0,0,0,0,0,0
11407,0,0,0,0,0,2,0,0,0,19,1023,3
11408,0,0,0,1,13,59,0,0,0,0,1,0
11409,0,0,0,1,0,25,0,0,0,0,0,0
11410,0,10,0,0,0,0,227,88,137,0,0,0
11411,0,203,0,0,0,0,0,0,0,0,0,0
11412,0,0,0,0,0,1,0,0,0,0,216,0
11413,1,123,6,0,0,0,1,0,0,0,0,0
11414,0,0,0,0,0,1,0,0,0,34,305,0
11415,0,0,0,0,0,1,0,0,0,0,0,0
11416,0,0,0,0,0,0,0,0,0,70,1120,1
11417,0,0,0,0,41,1,478,15771,3,0,0,0
11418,0,0,0,0,7,108349,0,0,0,0,28851,0
11419,0,0,0,0,13,93,0,1,0,0,0,0
11420,0,0,0,0,0,5,0,0,0,0,0,0
11421,3,72,0,0,0,0,0,0,0,0,0,0
11422,0,0,0,0,0,448,0,0,0,0,29,0
11423,0,0,0,0,0,0,0,0,0,0,0,0
11424,1,33,2,0,0,0,0,0,0,0,0,0
11425,1,26,10,0,0,0,0,0,0,0,0,0
11426,0,0,0,0,1,0,129,282,3,0,0,0
11427,0,0,0,1,5,80,0,0,0,0,0,0
11428,0,0,0,28,5,48,0,0,0,0,0,0
11429,0,0,0,0,1,14,0,0,0,0,0,0
11430,2,575,3,0,0,0,4,0,0,0,0,0
11431,0,0,0,0,1,45,0,0,0,0,0,0
11432,0,0,0,1,0,9,0,0,0,0,0,0
11433,1,111,2,0,0,0,0,0,0,0,0,0
11434,0,0,0,0,0,138,0,0,0,0,1,0
11435,0,0,0,0,0,0,13,3,1,0,0,0
11436,0,0,0,0,0,0,30,22,1,0,0,0
11437,0,0,0,1,0,26,0,0,0,0,0,0
11438,11,252,0,0,0,0,0,0,0,0,0,0
11439,1,489,30,0,0,0,0,0,0,0,0,0
11440,0,0,0,8,5,183,0,0,0,0,0,0
11441,0,0,0,0,0,0,39,12,1,0,0,0
11442,0,0,0,0,0,1,0,0,0,3,227,1
11443,0,0,0,2,10,58,0,1,0,0,0,0
11444,0,0,0,2,3,18,0,0,0,0,1,0
11445,0,0,0,0,0,10,0,0,0,0,0,0
11446,1,873,0,0,0,0,3,0,0,0,0,0
11447,0,0,0,0,0,0,160,22,1,0,0,0
11448,6,97,17,0,0,0,0,0,0,0,0,0
11449,0,0,0,0,12,871,0,0,0,0,0,0
11450,0,0,9,0,0,0,0,0,0,2110,3,0
11451,0,6738,0,0,0,0,183,0,0,0,0,0
11452,0,34,12,0,0,0,0,0,0,0,0,0
11453,0,0,0,0,0,0,111,41,2,0,0,0
11454,0,0,0,0,0,0,0,0,0,0,1114,2
11455,0,0,2,0,0,25,0,0,0,85,5991,8
11456,3,90015,29,0,0,0,1102,3,0,0,0,0
11457,0,0,0,1,14,138,0,0,0,0,3,0
11458,0,0,0,13,3,49,0,0,0,0,0,0
11459,0,0,0,3,217,11,0,1,0,0,0,0
11460,0,0,0,0,0,0,0,0,0,39,259,1
11461,0,0,0,0,0,1,0,0,0,15,610,0
11462,3,136,5,0,0,0,0,0,0,0,0,0
11463,0,0,0,20,1,56,0,0,0,0,0,0
11464,0,7,0,0,0,0,2020,29,4,0,0,0
11465,0,0,0,0,4,3,0,0,0,0,0,0
11466,0,0,0,0,0,0,1,16,0,0,0,0
11467,0,0,0,0,0,0,0,25,1,0,0,0
11468,0,0,0,0,1,0,3,19,0,0,0,0
11469,0,0,0,0,0,0,0,0,0,0,0,3
11470,0,0,0,6,16,615,0,0,0,0,0,0
11471,0,0,0,0,0,9,0,0,0,4,2103,0
11472,0,0,0,0,0,1,0,0,0,0,0,0
11473,0,0,0,0,9,83,0,0,0,0,0,0
11474,9,476,4,0,0,0,2,0,0,0,0,0
11475,0,0,0,0,1,391,0,0,0,0,0,0
11476,7,143,1,0,0,0,1,0,0,0,0,0
11477,1,39,12,0,0,0,0,0,0,0,0,0
11478,0,0,0,0,5,134,0,0,0,0,0,0
11479,0,0,0,0,0,1,0,0,0,73,463,0
11480,0,0,0,0,8,2,0,0,0,0,0,0
11481,0,0,0,0,0,0,0,0,0,1,1,0
11482,0,0,0,252,5,200,0,0,0,0,0,0
11483,0,0,0,0,0,0,174,16,3,0,0,0
11484,0,0,0,0,0,19,0,0,0,0,0,0
11485,0,0,0,19,4,309,0,0,0,0,1,0
11486,6,5,0,0,0,0,0,0,0,0,0,0
11487,0,0,0,0,0,0,0,0,0,3,8,2
11488,0,0,0,21,27,226,0,1,0,0,0,0
11489,0,0,0,0,0,1,0,0,0,0,0,0
11490,0,0,0,0,0,0,0,0,0,1,5,2
11491,0,0,0,0,0,96,0,0,0,0,0,0
11492,2,0,0,0,0,0,0,0,0,0,0,0
11493,1,1,1,0,0,0,0,0,0,0,0,0
11494,0,0,0,0,0,1,0,0,0,0,289,0
11495,0,0,0,0,0,4,0,0,0,0,0,0
11496,0,1,0,0,0,0,0,0,0,0,0,0
11497,0,0,0,0,0,120,0,0,0,0,11026,0
11498,0,0,0,4,0,0,0,0,0,0,0,0
11499,0,0,0,0,0,0,0,0,0,0,8,0
11500,46,141,5,0,0,0,6,0,0,0,0,0
11501,0,0,0,0,0,0,30,135,0,0,0,0
11502,0,0,0,0,0,0,0,5,3,0,0,0
11503,0,0,0,1,2,124,0,0,0,0,1,0
11504,0,0,0,0,0,0,141,52,1,0,0,0
11505,0,0,0,0,0,8,0,0,0,0,0,0
11506,61,432,3,0,0,0,0,0,0,0,0,0
11507,0,10,0,0,0,0,7764,1,0,0,0,0
11508,0,0,0,0,0,2,0,0,0,0,0,0
11509,0,0,0,31,2,144,0,0,0,0,0,0
11510,0,31,0,0,0,0,0,0,0,0,0,0
11511,0,0,0,0,0,0,0,0,0,1,677,2
11512,8,54,2,0,0,0,0,0,0,0,0,0
11513,1,100,6,0,0,0,1,0,0,0,0,0
11514,0,0,0,0,1,29007,0,0,2,0,113583,43
11515,0,0,0,8,10,72,0,0,0,0,0,0
11516,0,1,0,0,0,0,182,64,4,0,0,0
11517,0,0,0,1,6,30,0,0,0,0,0,0
11518,0,0,0,0,0,5,0,0,0,39,1133,2
11519,5,85,10,0,0,0,0,0,0,0,0,0
11520,0,0,0,1,0,7,0,0,0,0,0,0
11521,0,0,0,0,45,3,369,4094,26,0,0,0
11522,0,0,0,3,758,25,0,1,0,0,0,0
11523,0,0,0,2,31,1,0,0,0,0,0,0
11524,0,0,0,3,5,54,0,0,0,0,0,0
11525,0,0,0,3,17,41,0,0,0,0,0,0
11526,0,0,0,0,3,164,0,0,0,0,0,0
11527,0,2,0,0,1,0,357,980,7,0,0,0
11528,0,0,0,0,0,0,18,54,0,0,0,0
11529,0,0,0,0,0,0,0,0,0,0,6,0
11530,0,0,0,0,0,3,0,0,0,20,648,4
11531,0,10,8,0,0,0,0,0,0,0,0,0
11532,0,1,0,0,0,0,32,1,1,0,0,0
11533,1,2605,9,0,0,0,2,0,0,0,0,0
11534,0,2,0,0,0,0,298,254,0,0,0,0
11535,0,0,0,0,0,0,0,0,0,0,0,0
11536,0,0,0,0,90,30,0,0,0,0,0,0
11537,61,50847,23,0,0,0,21,2,0,0,0,0
11538,0,0,0,0,30,36,0,0,0,0,0,0
11539,0,0,0,13,9,90,0,4,0,0,0,0
11540,0,0,0,0,6,0,206,597,3,0,0,0
11541,0,0,0,0,196,14,0,0,0,0,0,0
11542,0,0,0,15,10,79,0,0,0,0,0,0
11543,0,0,0,1,7,46,0,0,0,0,0,0
11544,0,0,0,14,6,165,0,0,0,0,1,0
11545,0,0,0,2,0,14,0,0,0,0,0,0
11546,23,533,0,0,0,0,1,0,0,0,0,0
11547,0,0,0,8,9,169,0,0,0,0,0,0
11548,0,0,0,0,0,0,198,100,2,0,0,0
11549,0,0,0,1,2,54,0,0,0,0,1,0
11550,0,0,0,0,0,0,68,40,1,0,0,0
11551,0,0,0,0,1,101,0,0,0,0,0,0
11552,0,1,0,0,0,0,211,140,86,0,0,0
11553,0,0,0,1,1,16,0,0,0,0,0,0
11554,0,0,0,6,1,240,0,0,0,0,1,0
11555,0,0,0,0,0,0,34,2,0,0,0,0
11556,6,120,17,0,0,0,0,0,0,0,0,0
11557,0,0,0,0,6,0,71,1380,0,0,0,0
11558,0,0,0,0,5,36,0,0,0,0,0,0
11559,3,376,1,0,0,0,4,0,0,0,0,0
11560,0,0,0,0,0,98,0,0,0,0,0,0
11561,0,0,0,67,20,53,0,0,0,0,0,0
11562,0,0,0,0,728,0,98,37657,14,0,0,0
11563,0,0,0,0,0,12,0,0,0,10,2580,7
11564,0,0,1,0,0,1,0,0,0,216,1235,0
11565,0,0,0,0,0,10,0,0,0,27,1542,0
11566,4,0,0,109,9,38,0,0,0,0,0,0
11567,7,210,0,0,0,0,1,0,0,0,0,0
11568,0,0,0,2,3,63,0,0,0,0,0,0
11569,0,0,0,4,101,18,0,2,0,0,0,0
11570,0,0,0,3,47,50,0,0,0,0,0,0
11571,0,0,0,1,6,6,0,0,0,0,0,0
11572,0,0,0,0,0,147,0,0,0,42,11147,1
11573,0,0,0,13,652,47,0,21,0,0,0,0
11574,0,0,0,3,28,35,0,0,0,0,0,0
11575,0,0,0,0,0,40,0,0,0,13,4468,25
11576,943,470,19,2,0,0,1,0,0,0,0,0
11577,0,0,0,8,1,237,0,0,0,0,1,0
11578,1,65,2,0,0,0,1,0,0,0,0,0
11579,0,41,1,0,0,0,0,0,0,0,0,0
11580,0,0,0,0,0,0,0,0,0,44,143,4
11581,1,0,0,64,25,103,0,0,0,0,0,0
11582,0,0,0,0,0,0,118,1,0,0,0,0
11583,0,0,0,0,0,0,59,22,0,0,0,0
11584,0,0,0,1,0,48,0,0,0,0,0,0
11585,0,27,0,0,0,0,1,0,0,0,0,0
11586,7,101,10,0,0,0,1,0,0,0,0,0
11587,0,0,0,2,1,591,0,0,0,0,4,0
11588,1,73,1,0,0,0,0,0,0,0,0,0
11589,0,0,0,0,0,0,0,0,0,29,217,0
11590,4,37,16,0,0,0,0,0,0,0,0,0
11591,0,0,0,0,0,12,0,0,0,74,1460,1
11592,0,0,0,4,3,9,0,0,0,0,0,0
11593,0,0,0,182,22,89,0,0,0,0,0,0
11594,0,0,0,0,0,0,0,0,0,7,5,17
11595,2,5544,12,0,0,0,14,0,0,0,0,0
11596,0,0,0,0,3,0,44,1375,12,0,0,0
11597,0,0,0,2,5,9,0,0,0,0,0,0
11598,0,0,0,0,0,0,35,10,0,0,0,0
11599,0,0,0,1,0,44,0,0,0,0,0,0
11600,0,572,3,0,0,0,1,0,0,0,0,0
11601,0,0,0,1,1,414,0,0,0,0,2,0
11602,8,12,1,0,0,0,0,0,0,0,0,0
11603,2,27,155,0,0,0,0,0,0,0,0,0
11604,0,0,0,1,0,65,0,0,0,0,0,0
11605,0,0,0,0,0,0,23,125,2,0,0,0
11606,0,0,1,0,0,3,0,0,0,118,498,1
11607,0,0,0,0,0,10,0,0,0,0,0,0
11608,25,47,0,0,0,0,0,0,0,0,0,0
11609,0,1,0,0,0,0,143,162,1,0,0,0
11610,0,0,0,0,3,35,0,0,0,0,0,0
11611,0,0,0,0,6,44,0,0,0,0,0,0
11612,0,0,0,0,0,6,0,0,0,0,0,0
11613,1,0,0,0,0,0,0,0,0,0,0,0
11614,0,0,0,0,0,94,0,0,0,0,3,0
11615,0,0,0,2,5,0,0,0,0,0,0,0
11616,0,0,0,0,0,0,21,6,1,0,0,0
11617,0,0,0,0,1,103,0,0,0,0,0,0
11618,0,0,0,4,1,11,0,0,0,0,0,0
11619,0,0,0,0,246,272,0,2,0,0,0,0
11620,0,0,0,0,0,12,0,0,0,39,4942,17
11621,0,0,0,4,13,56,0,0,0,0,0,0
11622,0,0,0,0,0,12,0,0,0,0,0,0
11623,0,145,0,0,0,0,0,0,0,0,0,0
11624,0,0,0,0,0,0,0,0,0,0,0,0
11625,0,0,0,0,0,0,2,3,1,0,0,0
11626,0,0,0,0,0,3,0,0,0,43,859,4
11627,0,0,0,0,0,2,0,0,0,0,0,0
11628,4,4,0,0,0,0,0,0,0,0,0,0
11629,0,0,0,0,0,1576,0,0,0,0,19,0
11630,0,0,0,2,52,50,0,0,0,0,0,0
11631,0,0,0,0,101,5,0,0,0,0,0,0
11632,6,4,0,1247,8,21,0,0,0,0,0,0
11633,0,0,0,5,1,2,0,0,0,0,0,0
11634,0,0,0,0,6,0,11,2219,2,0,0,0
11635,0,0,0,0,0,204,0,0,0,0,2,0
11636,4,8,0,0,0,0,0,0,0,0,0,0
11637,0,0,0,0,0,0,0,0,0,41,4,0
11638,0,0,0,2,14,99,0,0,0,0,0,0
11639,0,0,0,6,1,0,0,0,0,0,0,0
11640,0,0,0,0,0,0,4,3,6,0,0,0
11641,0,0,0,0,1,41,0,0,0,0,0,0
11642,0,0,0,0,1,33,0,0,0,0,0,0
11643,3,4,1,0,0,0,0,0,0,0,0,0
11644,0,0,0,0,0,2,0,0,0,1,468,0
11645,0,0,0,2,2,24,0,0,0,0,0,0
11646,0,0,0,8,4,1,0,0,0,0,0,0
11647,0,0,0,88,8,152,0,0,0,0,0,0
11648,0,0,0,0,0,0,3,0,1,0,0,0
11649,0,0,0,0,0,0,3,3,2,0,0,0
11650,0,0,0,0,0,0,0,0,0,34,570,2
11651,0,0,0,0,0,0,0,0,0,89,672,1
11652,0,0,0,2,1,29,0,0,0,1,0,0
11653,1,1,0,0,0,32,0,0,0,33,4551,127
11654,0,0,0,1,1,24,0,0,0,0,0,0
11655,0,0,0,2,1,1,0,0,0,0,0,0
11656,0,0,0,3,1,87,0,0,0,0,0,0
11657,0,0,0,19,2,9,0,0,0,0,0,0
11658,0,0,0,0,0,0,17,7,8,0,0,0
11659,0,0,0,1,3,576,0,0,0,0,2,0
11660,0,0,0,49,40,62,0,0,0,0,0,0
11661,0,0,0,2,1,26,0,0,0,0,0,0
11662,41,36,6,0,0,0,0,0,0,0,0,0
11663,0,0,0,0,0,5,0,0,0,49,1221,3
11664,0,0,0,3,1,4,0,0,0,0,0,0
11665,0,0,0,0,0,2,0,0,0,43,674,4
11666,5,15,2,0,0,0,0,0,0,0,0,0
11667,0,24,0,0,0,0,0,0,0,0,0,0
11668,0,0,0,0,0,7,0,0,0,19,523,3
11669,0,0,2,0,0,1,0,0,0,317,654,21
11670,0,1,0,0,0,0,159,9,1,0,0,0
11671,0,0,2,0,0,1,0,0,0,59,664,6
11672,0,0,0,15,0,139,0,0,0,0,1,0
11673,5,35,2,0,0,0,0,0,0,0,0,0
11674,0,0,0,0,0,28,0,0,0,0,3937,0
11675,0,0,0,3,22,79,0,1,0,0,0,0
11676,0,0,0,3,17,50,0,0,0,0,0,0
11677,0,0,0,0,0,21,0,0,0,0,0,0
11678,0,20,0,0,0,0,0,0,0,0,0,0
11679,1,0,0,0,0,0,77,2,0,0,0,0
11680,2,42,2,0,0,0,0,0,0,0,0,0
11681,0,0,0,0,0,5,0,0,0,77,677,11
11682,0,0,0,5,0,2,0,0,0,0,0,0
11683,0,0,0,0,0,0,54,52,0,0,0,0
11684,3,8,13,0,0,0,0,0,0,0,0,0
11685,0,0,0,0,0,0,0,0,0,12,16,1
11686,0,0,0,3,59,380,0,0,0,0,0,0
11687,0,0,0,0,0,2,0,0,0,24,243,1
11688,0,0,0,0,0,1,0,0,0,0,0,0
11689,0,0,0,6,3,32,0,0,0,0,0,0
11690,0,0,0,0,0,0,5,2,0,0,0,0
11691,0,0,0,0,0,0,0,2,1,0,0,0
11692,0,0,0,0,0,33,0,0,0,0,0,0
11693,0,0,0,0,0,0,155,66,1,0,0,0
11694,0,0,0,1,1,21,0,0,0,0,0,0
11695,0,0,0,3,1,280,0,0,0,0,0,0
11696,0,0,0,1,3,1,0,0,0,0,0,0
11697,0,5,0,0,0,0,0,0,0,0,0,0
11698,0,0,0,0,1,185,0,0,0,0,4,0
11699,0,1,0,0,0,0,42,8,0,0,0,0
11700,2,23,3,0,0,0,0,0,0,0,0,0
11701,0,0,0,0,11,329,0,0,0,0,2,0
11702,0,0,0,0,1,0,0,0,0,0,0,0
11703,0,1,0,0,0,0,0,0,0,0,0,0
11704,0,0,0,0,0,17,0,0,0,0,3706,0
11705,0,0,0,2,4,48,0,0,0,0,0,0
11706,0,0,0,0,1,8,0,0,0,0,0,0
11707,1,147,1,0,0,0,1,0,0,0,0,0
11708,0,0,0,0,0,0,161,4,0,0,0,0
11709,0,0,0,0,0,3,0,0,0,0,0,0
11710,0,0,0,2,4,80,0,0,0,0,0,0
11711,0,0,0,1,1,2,0,0,0,0,0,0
11712,0,0,0,0,0,0,0,0,0,0,3,0
11713,0,0,0,2,2,129,0,0,0,0,0,0
11714,0,11,0,0,0,0,0,0,0,0,0,0
11715,0,0,0,0,0,0,0,0,0,0,5,0
11716,1,121,0,0,0,0,0,0,0,0,0,0
11717,0,0,0,0,0,0,0,0,0,0,2,0
11718,0,0,0,0,0,0,0,0,0,0,0,0
11719,0,1,0,0,0,0,328,55,0,0,0,0
11720,0,0,0,0,0,0,0,1,0,0,0,0
11721,0,1,0,0,0,0,0,0,0,0,0,0
11722,0,0,0,0,0,0,41,2,1,0,0,0
11723,0,0,0,0,0,2,0,0,0,0,0,0
11724,0,0,0,0,1,1,0,0,0,0,0,0
11725,0,0,0,0,0,18,0,0,0,0,0,0
11726,1,1,1,0,0,0,0,0,0,0,0,0
11727,0,0,0,0,0,0,36,4,2,0,0,0
11728,0,637,0,0,0,0,0,0,0,0,0,0
11729,0,0,0,0,3,0,0,0,0,0,0,0
11730,3,9,2,0,0,0,0,0,0,0,0,0
11731,0,0,0,1,0,2615,0,0,0,0,9,0
11732,13,0,16,1,0,0,0,0,0,0,0,0
11733,0,0,0,0,0,0,0,0,0,0,0,0
11734,0,0,0,0,0,0,6,3,0,0,0,0
11735,1,0,0,0,0,0,0,0,0,0,0,0
11736,0,444,4,0,0,0,1,0,0,0,0,0
11737,0,0,0,1,0,124,0,0,0,0,0,0
11738,0,0,0,12,0,0,0,0,0,0,0,0
11739,0,0,0,0,0,0,0,0,0,0,3,0
11740,20,460,14,0,0,0,3,1,0,0,0,0
11741,0,0,0,0,0,0,0,0,0,1,1,0
11742,36,28,0,0,0,0,0,0,0,0,0,0
11743,0,0,0,0,0,0,132,935,10,0,0,0
11744,0,0,0,0,0,0,75,1,3,0,0,0
11745,0,0,0,0,0,0,85,38,2,0,0,0
11746,6,227,95,0,0,0,0,0,0,1,0,0
11747,0,0,0,0,0,25,0,0,0,71,6904,2
11748,0,0,0,15,1,2,0,0,0,0,0,0
11749,6,271,14,0,0,0,0,0,0,0,0,0
11750,0,0,2,74,0,74,0,0,0,106,16028,22
11751,0,0,0,23,6,216,0,0,0,0,0,0
11752,0,0,0,0,0,5,0,0,0,71,1250,0
11753,0,0,0,0,0,0,0,0,0,2,22,1
11754,0,0,0,0,0,0,0,0,0,1,2,0
11755,38,101,1,1,0,0,0,0,0,0,0,0
11756,0,0,0,0,0,0,0,0,0,0,2,0
11757,0,0,0,0,0,0,0,0,0,2,4,0
11758,0,0,3,0,0,4,0,0,0,308,4329,2
11759,0,7,10,0,0,0,0,0,0,0,0,0
11760,4,78,626,0,0,0,0,0,0,0,2,0
11761,0,0,0,0,8,0,56,921,1,0,0,0
11762,1,10,4,0,0,0,0,0,0,0,0,0
11763,0,132,42,0,0,0,0,0,0,0,0,0
11764,0,0,0,2,2,362,0,0,0,0,6,0
11765,0,7,0,0,0,0,0,0,0,0,0,0
11766,0,0,0,0,0,0,0,0,0,0,0,0
11767,0,0,0,0,0,7,0,0,0,0,2814,0
11768,32,38,1,0,0,0,0,0,0,0,0,0
11769,0,0,0,1,0,85,0,0,0,0,0,0
11770,3,22,31,0,0,0,0,0,0,0,0,0
11771,0,0,0,0,0,0,125,2,0,0,0,0
11772,0,404,61,0,0,0,0,0,0,1,0,0
11773,0,0,0,135,30,144,0,0,0,0,0,0
11774,0,0,0,0,0,0,35,49,1,0,0,0
11775,0,0,0,0,0,0,0,0,0,1,154,0
11776,0,0,0,0,0,1,0,0,0,78,1189,0
11777,0,0,0,2,2,31,0,0,0,0,0,0
11778,0,0,0,20,21,4,0,0,0,0,0,0
11779,0,0,0,0,0,0,0,0,0,127,347,1
11780,0,23,2,0,0,0,0,0,0,0,0,0
11781,0,2392,6,0,0,0,3,0,0,0,0,0
11782,1,5849,2,0,0,0,14,0,0,0,0,0
11783,0,0,0,0,0,0,0,0,0,45,1,2
11784,0,0,0,0,0,1,0,0,0,0,0,0
11785,0,0,0,0,0,0,0,0,0,5,300,0
11786,0,0,0,0,0,0,0,0,0,0,0,0
11787,0,13,0,0,0,0,0,0,0,0,0,0
11788,0,0,0,0,0,0,0,0,0,1,367,0
11789,2,287,2,0,0,0,0,0,0,0,0,0
11790,0,0,0,0,1,397,0,0,0,0,2,0
11791,0,0,0,6,0,24,0,0,0,0,0,0
11792,0,2,0,0,0,0,0,0,0,0,0,0
11793,2,69,2,0,0,0,0,0,0,0,0,0
11794,4,143,26,0,0,0,0,0,0,0,0,0
11795,0,0,0,3,4,263,0,0,0,0,0,0
11796,0,0,0,0,0,0,0,0,0,0,0,0
11797,0,0,0,0,0,0,164,18,0,0,0,0
11798,0,0,0,1,39,40,0,0,0,0,1,0
11799,0,0,0,0,5,33,0,0,0,0,0,0
11800,0,2,0,0,10,0,777,264,1,0,0,0
11801,0,1,0,0,0,0,657,38,0,0,0,0
11802,0,0,0,0,0,0,0,14,2,0,0,0
11803,0,0,0,170,2,37,0,0,0,0,0,0
11804,0,86,0,0,0,0,7436,7,0,0,0,0
11805,0,0,0,0,1,1,0,0,0,0,0,0
11806,0,0,0,8,1,89,0,0,0,0,0,0
11807,0,0,0,0,0,0,29,2,1,0,0,0
11808,0,0,0,0,0,0,1,2,1,0,0,0
11809,0,0,0,19,2,276,0,0,0,0,1,0
11810,0,0,0,0,0,0,1,0,0,0,0,0
11811,0,0,0,0,0,0,2,2,0,0,0,0
11812,0,0,2,0,0,8,0,0,0,479,648,1
11813,0,7,0,0,0,0,0,0,0,0,0,0
11814,0,39,0,0,0,0,0,0,0,0,0,0
11815,0,48,0,0,0,0,0,0,0,0,0,0
11816,0,0,0,0,0,0,0,0,0,10,116,0
11817,0,0,0,0,0,0,0,0,0,8,63,0
11818,0,0,0,26,14,123,0,0,0,0,0,0
11819,1,0,0,34,0,0,0,0,0,0,0,0
11820,0,0,0,0,0,0,4,3,0,0,0,0
11821,0,0,0,0,0,20,0,0,0,0,0,0
11822,2,217,0,0,0,0,1,0,0,0,0,0
11823,0,0,0,1,0,1,0,0,0,0,0,0
11824,0,0,2,0,0,20,0,0,0,268,6545,0
11825,0,2,0,0,0,0,0,0,0,0,0,0
11826,0,12,0,0,0,0,0,0,0,0,0,0
11827,1,453,2,0,0,0,1,0,0,0,0,0
11828,0,0,0,0,0,0,162,27,1,0,0,0
11829,0,0,0,0,1,1,0,0,0,0,0,0
11830,6,619,0,0,0,0,0,0,0,0,0,0
11831,0,0,0,0,0,0,45,18,0,0,0,0
11832,0,0,0,0,0,0,0,0,0,0,133,4
11833,0,0,0,0,0,3,0,0,0,63,1247,1
11834,1,37,0,0,0,0,0,0,0,0,0,0
11835,0,0,0,0,0,2,0,0,0,57,686,11
11836,0,0,0,249,1,116,0,0,0,0,0,0
11837,0,0,0,0,1,0,239,442,4,0,0,0
11838,0,0,0,0,0,2,0,0,0,0,0,0
11839,0,202,0,0,0,0,3,0,0,0,0,0
11840,0,0,0,0,0,0,0,0,0,0,1,0
11841,2,0,0,0,0,0,0,0,0,0,0,0
11842,0,3,0,0,0,0,455,596,5,0,0,0
11843,0,0,0,1,1,1,0,0,0,0,0,0
11844,0,0,0,0,0,0,0,0,0,2,4,0
11845,0,0,0,25,3,93,0,0,0,0,0,0
11846,0,2,1,0,0,0,0,0,0,0,0,0
11847,6,103,6,0,0,0,2,0,0,0,0,0
11848,4,30,7,0,0,0,1,0,0,0,0,0
11849,2,36,59,0,0,0,0,0,0,1,0,0
11850,0,0,0,2,3,270,0,0,0,0,1,0
11851,0,0,0,0,6,0,73,1646,62,0,0,0
11852,0,0,0,9,8,4,0,0,0,0,0,0
11853,0,0,0,0,0,0,0,0,0,0,31,0
11854,10,170,27,0,0,0,0,0,0,0,0,0
11855,0,0,0,0,0,0,2,17,0,0,0,0
11856,0,3,14,0,0,0,0,0,0,0,0,0
11857,0,0,0,3,6,87,0,0,0,0,0,0
11858,0,0,0,0,0,0,179,62,4,0,0,0
11859,0,0,0,1,0,12,0,0,0,0,0,0
11860,29,176,1,0,0,0,0,0,0,0,0,0
11861,1,1,4,0,0,0,0,0,0,0,0,0
11862,0,109,0,0,0,0,0,0,0,0,0,0
11863,0,0,0,0,0,0,149,16,0,0,0,0
11864,0,0,0,0,0,1,0,0,0,0,0,0
11865,0,0,0,0,0,0,2,0,10,0,0,0
11866,0,0,0,0,0,88,0,0,0,0,2783,2
11867,6,128,0,0,0,0,0,0,0,0,0,0
11868,0,0,0,0,0,0,0,0,0,0,143,0
11869,196,145,47,0,0,0,0,0,0,0,0,0
11870,0,0,0,0,0,0,0,0,0,0,0,0
11871,0,0,0,0,0,0,0,0,0,0,3,1
11872,7,113,2,0,0,0,0,0,0,0,0,0
11873,0,0,0,0,0,0,19,1,0,0,0,0
11874,0,0,0,0,0,16,0,0,0,0,0,0
11875,129,128,0,4,0,0,0,0,0,0,0,0
11876,0,1,0,0,0,0,91,12,1,0,0,0
11877,0,0,0,0,0,1,0,0,0,0,0,0
11878,0,0,0,0,0,0,0,0,0,68,569,14
11879,0,0,0,10,1,34,0,0,0,0,0,0
11880,0,0,0,0,0,2,0,0,0,0,0,0
11881,0,73,0,0,0,0,0,0,0,0,0,0
11882,0,0,0,0,0,1,0,0,0,0,98,0
11883,0,0,0,1,0,2,0,0,0,0,0,0
11884,0,0,0,0,0,5,0,0,0,24,445,5
11885,0,0,0,7,67,1,0,0,0,0,0,0
11886,0,0,0,0,0,0,0,0,0,0,286,0
11887,13,122,35,0,0,0,1,0,0,0,0,0
11888,0,0,0,0,0,0,25,2,0,0,0,0
11889,0,0,0,0,2,6,0,0,0,0,0,0
11890,0,0,0,58,15,334,0,0,0,0,1,0
11891,0,0,0,0,0,37,0,0,0,0,1,0
11892,0,0,0,0,0,0,0,0,0,0,0,0
11893,0,0,0,0,0,0,238,139,8,0,0,0
11894,0,0,0,0,0,0,0,0,0,0,3,0
11895,10,1,0,0,0,0,0,0,0,0,0,0
11896,0,106,18,0,0,0,0,0,0,0,0,0
11897,0,0,0,0,0,0,0,0,0,48,2,1
11898,3,62,0,0,0,0,0,0,0,0,0,0
11899,0,35,20,0,0,0,0,0,0,0,0,0
11900,0,0,0,0,0,1,0,0,0,49,319,0
11901,0,0,0,8,0,0,0,0,0,0,0,0
11902,0,0,0,0,0,3,0,0,0,12,1159,1
11903,0,199,16,0,0,0,1,0,0,0,0,0
11904,0,0,0,0,0,0,27,2,0,0,0,0
11905,5,53,5,0,0,0,0,0,0,0,0,0
11906,0,0,0,0,0,0,104,175,21,0,0,0
11907,0,0,0,1,0,14,0,0,0,0,0,0
11908,26,224,0,0,0,0,1,0,0,0,0,0
11909,0,0,0,0,0,0,3,0,1,0,0,0
11910,2,2,3,0,0,0,0,0,0,0,0,0
11911,1,165,2,0,0,0,0,0,0,0,0,0
11912,0,0,0,9,27,2,0,0,0,0,0,0
11913,0,0,0,0,0,0,0,0,0,0,9,1
11914,5,133,31,0,0,0,1,0,0,0,0,0
11915,0,0,0,2,32,6,0,0,0,0,0,0
11916,0,0,0,0,0,4,0,0,0,0,3074,0
11917,1,113,8,0,0,0,0,0,0,0,0,0
11918,0,0,0,2,18,4,0,0,0,0,0,0
11919,0,0,0,0,0,3,0,0,0,20,2188,0
11920,0,0,0,4,1,42,0,0,0,0,0,0
11921,0,0,1,0,0,0,0,0,0,0,0,0
11922,13,69,3,0,0,0,0,0,0,0,0,0
11923,1,2440,21,0,0,0,14,0,0,0,0,0
11924,0,0,0,1,37,153,0,0,0,0,0,0
11925,0,0,0,0,0,90,0,0,0,0,0,0
11926,0,0,0,0,0,0,150,8,7,0,0,0
11927,0,0,0,0,0,1,0,0,0,0,0,0
11928,0,0,0,0,0,0,0,5,1,0,0,0
11929,0,0,0,0,0,0,0,2,1,0,0,0
11930,0,0,0,0,0,0,81,25,2,0,0,0
11931,0,0,0,0,0,3,0,0,0,20,685,0
11932,0,0,0,7,66,165,0,2,0,0,0,0
11933,0,0,0,0,0,0,0,0,0,7,1,3
11934,15,60,0,0,0,0,0,0,0,0,0,0
11935,2,130,38,0,0,0,0,0,0,0,0,0
11936,0,0,0,6,0,2,0,0,0,0,0,0
11937,0,0,0,0,0,0,2,2,0,0,0,0
11938,0,0,0,0,0,668,0,0,0,0,13,0
11939,0,4,0,0,4,0,895,141,3,0,0,0
11940,0,0,0,0,127,284,0,2,0,0,9,0
11941,0,0,0,0,0,27,0,0,0,242,3535,6
11942,0,0,13,0,0,0,0,0,0,231,0,7
11943,17,131,1,0,0,0,1,0,0,0,0,0
11944,0,0,0,0,0,0,94,117,21,0,0,0
11945,0,0,0,2,30,109,0,0,0,0,0,0
11946,0,0,0,0,0,5,0,0,0,0,0,0
11947,0,919,3,0,0,0,4,0,0,0,0,0
11948,0,0,0,0,0,0,0,0,0,0,29,0
11949,0,0,1,0,0,0,0,0,0,0,0,0
11950,0,0,0,0,0,2,0,0,0,5,3055,0
11951,0,1,0,0,0,0,0,0,0,0,0,0
11952,0,3,0,0,0,0,0,0,0,0,0,0
11953,0,0,0,0,0,95,0,0,0,0,3,0
11954,0,1,0,0,0,0,66,2,2,0,0,0
11955,0,39,79,0,0,0,0,0,0,2,0,0
11956,0,0,0,0,0,19,0,0,0,30,4351,1
11957,2,127,0,0,0,0,0,0,0,0,0,0
11958,0,0,0,1,1,89,0,0,0,0,1,0
11959,0,0,0,4,1,142,0,0,0,0,0,0
11960,0,0,5,0,0,0,0,0,0,208,95,19
11961,0,0,0,1,0,0,0,0,0,0,0,0
11962,0,0,0,0,0,14,0,0,0,71,3033,32
11963,0,0,0,0,14,150,0,0,0,0,0,0
11964,0,0,0,0,0,6,0,0,0,0,0,0
11965,2,124,1,0,0,0,0,0,0,0,0,0
11966,0,0,0,0,0,0,49,23,1,0,0,0
11967,0,0,0,0,0,1,0,0,0,6,267,2
11968,0,0,0,2,0,56,0,0,0,0,0,0
11969,0,1,0,0,0,0,0,0,0,0,0,0
11970,3,332,8,0,0,0,0,0,0,0,0,0
11971,2,30,10,0,0,0,0,0,0,0,0,0
11972,0,0,0,0,0,0,15,0,2,0,0,0
11973,0,119,454,0,0,0,0,0,0,3,0,0
11974,0,0,0,0,0,1105,0,0,0,0,34,0
11975,1,18,4,0,0,0,0,0,0,0,0,0
11976,0,0,0,0,0,1,0,0,0,22,748,1
11977,0,0,0,3,3,191,0,0,0,0,0,0
11978,2,38,1,0,0,0,0,0,0,0,0,0
11979,0,0,0,0,0,13,0,0,0,18,436,3
11980,0,0,0,5,2,86,0,0,0,0,0,0
11981,0,0,0,0,0,0,15,0,0,0,0,0
11982,10,50,23,0,0,0,0,0,0,0,0,0
11983,4,765,34,0,0,0,0,0,0,0,0,0
11984,0,0,0,0,0,0,24,14,0,0,0,0
11985,0,0,0,0,0,0,0,0,0,0,125,0
11986,0,0,0,0,0,0,0,0,0,64,303,0
11987,0,0,0,0,1,9,0,0,0,0,0,0
11988,0,0,0,4,0,0,0,0,0,0,0,0
11989,0,0,0,1,2,75,0,0,0,0,0,0
11990,0,0,0,0,0,0,57,0,1,0,0,0
11991,0,1170,0,0,0,0,6,0,0,0,0,0
11992,20,32,5,0,0,0,0,0,0,0,0,0
11993,0,1,8,0,0,0,0,0,0,0,0,0
11994,0,59,5,0,0,0,0,0,0,0,0,0
11995,1,47,5,0,0,0,0,0,0,0,0,0
11996,3,180,5,0,0,0,0,0,0,0,0,0
11997,0,0,0,1,0,126,0,0,0,0,0,0
11998,0,0,0,0,0,0,51,495,0,0,0,0
11999,0,0,0,0,0,0,10,5,0,0,0,0
12000,0,0,0,0,0,46,0,0,0,0,0,0
12001,0,0,0,7,18,47,0,0,0,0,0,0
12002,0,0,0,0,6,1,0,0,0,0,0,0
12003,0,0,0,0,0,0,0,0,0,0,119,0
12004,25,193,24,0,0,0,0,0,0,0,0,0
12005,0,0,0,0,0,1,0,0,0,6,525,1
12006,0,0,0,0,0,4,0,0,0,0,0,0
12007,3,46,2,0,0,0,0,0,0,0,0,0
12008,0,0,0,0,0,8,0,0,0,35,1693,5
12009,0,0,0,1,0,3,0,0,0,0,0,0
12010,0,0,0,6,104,76,0,0,0,0,1,0
12011,0,0,0,0,6,0,0,0,0,0,0,0
12012,0,0,0,0,0,0,0,0,0,1,16,0
12013,0,0,0,35,19,64,0,0,0,0,0,0
12014,0,0,0,0,0,0,515,105,3,0,0,0
12015,0,0,0,0,246,207,0,1,0,0,0,0
12016,0,0,0,13,14,98,0,0,0,0,0,0
12017,0,0,0,1,4,65,0,0,0,0,0,0
12018,0,0,0,0,0,0,0,0,0,0,0,0
12019,0,1,0,0,0,0,270,94,2,0,0,0
12020,0,0,0,0,0,1,0,0,0,49,1261,3
12021,0,0,0,0,1,3,0,0,0,0,0,0
12022,0,0,0,9,11,78,0,0,0,0,0,0
12023,0,0,0,0,20,3,0,0,0,0,0,0
12024,0,0,0,0,0,0,0,0,0,0,11,10
12025,0,0,0,0,0,32,0,0,0,10,6060,1
12026,109,61,21,0,0,0,0,0,0,0,0,0
12027,0,0,0,6,3,28,0,0,0,0,0,0
12028,0,0,0,0,0,0,58,251,0,0,0,0
12029,0,0,0,0,0,0,0,0,0,9,3,1
12030,1,816,9,0,0,0,5,0,0,0,0,0
12031,0,1,0,0,8,0,170,707,7,0,0,0
12032,0,0,0,0,0,0,26,47,289,0,0,0
12033,0,0,0,0,0,0,4,2,0,0,0,0
12034,0,0,0,2,1,153,0,0,0,0,2,0
12035,0,0,0,0,0,0,4,11,1,0,0,0
12036,0,0,0,0,0,1,0,0,0,0,432,7
12037,0,0,0,11,4,279,0,0,0,0,0,0
12038,0,1,0,0,0,0,951,11,79,0,0,0
12039,0,0,0,0,0,7,0,0,0,0,0,0
12040,3,247,5,0,0,0,1,0,0,0,0,0
12041,0,0,0,0,0,0,6,13,1,0,0,0
12042,0,14,5,0,0,0,0,0,0,0,0,0
12043,0,0,0,0,0,4,0,0,0,0,1113,0
12044,8,87,13,0,0,0,0,0,0,0,0,0
12045,0,0,0,3,2,207,0,0,0,0,0,0
12046,5,52,11,0,0,0,0,0,0,0,0,0
12047,5,6,5,0,0,0,0,0,0,0,0,0
12048,0,41,10,0,0,0,0,0,0,0,0,0
12049,0,0,0,0,0,275,0,0,0,17,24507,2
12050,0,0,0,0,0,0,0,0,0,0,0,0
12051,0,106,0,0,0,0,0,0,0,0,0,0
12052,0,0,0,0,2,0,118,380,14,0,0,0
12053,0,0,0,0,0,33,0,0,0,24,6046,2
12054,0,0,0,0,0,10,0,0,0,0,0,0
12055,0,0,0,4,17,370,0,0,0,0,0,0
12056,0,0,0,289,1,0,0,0,0,0,0,0
12057,0,0,0,0,0,0,9,4,15,0,0,0
12058,0,0,0,0,0,70,0,0,0,0,0,0
12059,0,0,0,0,0,0,10,1,0,0,0,0
12060,2,53,135,0,0,0,0,0,0,0,0,0
12061,14,145,87,0,0,0,0,0,0,0,0,0
12062,0,0,0,0,0,0,2,0,0,0,0,0
12063,0,0,0,0,0,0,0,0,0,0,0,0
12064,15,56,7,0,0,0,1,0,0,0,0,0
12065,2,138,27,0,0,0,0,0,0,0,0,0
12066,0,0,0,1,0,108,0,0,0,0,0,0
12067,0,0,0,0,7,0,112,3165,8,0,0,0
12068,0,0,4,0,0,14,0,0,0,229,2563,4
12069,0,0,0,9,0,0,0,0,0,0,0,0
12070,0,4,0,0,1,0,997,3753,17,0,0,0
12071,0,5,0,0,0,0,2788,133,3,0,0,0
12072,0,98,7,0,0,0,1,0,0,0,0,0
12073,0,0,0,0,0,26,0,0,0,6,8710,0
12074,14,27,5,0,0,0,0,0,0,0,0,0
12075,0,747,3,0,0,0,2,0,0,0,0,0
12076,0,0,0,0,0,13,0,0,0,4,4410,0
12077,2,28,8,0,0,0,0,0,0,0,0,0
12078,0,0,0,0,0,0,5,38,0,0,0,0
12079,0,0,0,0,0,0,283,5,1,0,0,0
12080,0,0,0,0,0,0,214,26,1,0,0,0
12081,0,0,0,0,0,0,0,0,0,0,681,0
12082,199,45,16,0,0,0,0,0,0,0,0,0
12083,3,37,0,0,0,0,0,0,0,0,0,0
12084,0,0,0,0,0,5,0,0,0,11,1776,0
12085,0,0,0,0,0,3,0,0,0,138,2851,3
12086,0,0,0,0,0,71,0,0,0,0,0,0
12087,0,0,0,1,0,1,0,0,0,0,0,0
12088,0,419,0,0,0,0,1,0,0,0,0,0
12089,0,0,0,0,0,0,0,0,0,0,1,0
12090,0,0,0,0,0,0,0,0,0,0,0,0
12091,9,193,21,0,0,0,1,0,0,0,0,0
12092,0,0,0,0,1,0,1,69,0,0,0,0
12093,0,0,0,0,0,0,0,0,0,0,2,0
12094,0,0,0,1,2,172,0,0,0,0,0,0
12095,3,120,4,0,0,0,0,0,0,0,0,0
12096,0,0,0,0,0,74,0,0,0,0,0,0
12097,9,779,2,0,0,0,4,0,0,0,0,0
12098,0,0,0,0,0,0,34,13,0,0,0,0
12099,0,0,0,0,0,0,0,0,0,0,147,0
12100,0,0,0,0,10,143,0,0,0,107,21100,0
12101,0,0,0,16,164,1,0,0,0,0,0,0
12102,0,0,0,0,0,1,0,0,0,0,293,0
12103,45,387,13,0,0,0,0,1,0,0,0,0
12104,0,0,0,0,0,0,0,1,0,0,0,0
12105,0,6,3,0,0,0,0,0,0,0,0,0
12106,0,1,0,0,0,0,144,86,2,0,0,0
12107,0,0,0,0,0,18,0,0,0,0,0,0
12108,0,0,0,4,0,1,0,0,0,0,0,0
12109,0,0,0,0,0,397,0,0,0,0,0,0
12110,17,124,0,0,0,0,0,0,0,0,0,0
12111,0,0,0,0,0,0,232,10,3,0,0,0
12112,0,0,0,0,0,71,0,0,0,0,0,0
12113,0,0,0,104,38,8,0,0,0,0,0,0
12114,0,0,0,0,0,1,0,0,0,8,523,3
12115,0,0,1,0,0,31,0,0,0,90,7008,19
12116,0,0,0,0,0,2,0,0,0,134,496,9
12117,0,0,0,0,1,2,0,0,0,0,0,0
12118,0,0,0,9,26,157,0,0,0,0,0,0
12119,0,0,0,0,0,30,0,0,0,9,3015,5
12120,0,0,0,0,0,0,0,0,0,2,226,0
12121,184,230,13,0,0,0,1,0,0,0,0,0
12122,0,0,0,96,18,2,0,0,0,0,0,0
12123,0,0,0,0,0,0,0,0,0,0,23,0
12124,62,1984,67,0,0,0,3,0,0,0,0,0
12125,0,0,0,0,0,9,0,0,0,0,0,0
12126,5,16,0,0,0,0,0,0,0,0,0,0
12127,0,0,0,0,0,123,0,0,0,0,1,0
12128,0,0,0,0,1,0,100,79,1,0,0,0
12129,0,0,0,0,0,0,0,0,0,97,98,0
12130,28,305,6,0,0,0,1,0,0,0,0,0
12131,0,3,0,0,0,0,1267,114,0,0,0,0
12132,0,0,0,0,0,10,0,0,0,8,736,1
12133,0,0,0,12,25,160,0,0,0,0,0,0
12134,0,0,0,4,16,82,0,0,0,0,1,0
12135,0,0,0,4,2,0,0,0,0,0,0,0
12136,0,0,0,21,4,128,0,0,0,0,0,0
12137,0,0,0,0,0,0,14,81,0,0,0,0
12138,0,0,0,0,0,83,0,0,0,0,258,0
12139,0,0,0,15,2,598,0,0,0,0,0,0
12140,2,27,0,0,0,0,0,0,0,0,0,0
12141,0,0,2,0,0,5,0,0,0,402,1098,0
12142,0,0,0,22,17,71,0,0,0,0,1,0
12143,0,0,0,0,0,0,20,17,0,0,0,0
12144,0,0,0,0,0,0,0,0,0,0,42,0
12145,0,0,0,22,53,669,0,0,0,0,2,0
12146,0,0,0,0,0,0,0,0,0,5,1,0
12147,9,1,0,0,0,0,0,0,0,0,0,0
12148,16,129,37,0,0,0,0,0,0,2,0,0
12149,0,0,0,0,0,0,51,0,8,0,0,0
12150,5,0,1,0,0,0,0,0,0,0,0,0
12151,4,111,28,0,0,0,0,0,0,0,0,0
12152,0,7,0,0,0,0,83,67,0,0,0,0
12153,0,0,0,0,0,1,0,0,0,0,1412,9
12154,0,0,0,11,29,85,0,0,0,0,7,0
12155,7,0,0,13,0,3,0,0,0,0,0,0
12156,1,1,1,0,0,0,0,0,0,0,0,0
12157,0,0,0,0,0,76,0,0,0,0,0,0
12158,0,0,0,0,0,0,12,1,2,0,0,0
12159,22,97,68,4,0,0,0,0,0,0,0,0
12160,0,4,0,0,0,0,207,37,0,0,0,0
12161,0,0,0,0,0,0,0,0,0,139,0,64
12162,31,25738,0,0,0,0,127,0,2,0,0,0
12163,0,5,0,0,5,0,607,646,2,0,0,0
12164,0,0,0,0,0,0,2,115,1,0,0,0
12165,0,0,0,0,0,0,0,0,0,1,14,0
12166,0,0,0,26,4,62,0,0,0,0,0,0
12167,0,0,0,0,0,0,171,155,18,0,0,0
12168,0,0,0,0,1,29,0,0,0,0,0,0
12169,0,0,0,92,4,21,0,0,0,0,0,0
12170,0,0,0,0,0,0,72,79,0,0,0,0
12171,0,0,0,0,0,0,0,0,0,44,1226,12
12172,0,0,0,12,0,241,0,0,0,1,1,0
12173,0,933,0,0,0,0,2,0,0,0,0,0
12174,0,74,23,0,0,0,0,0,0,0,0,0
12175,0,0,0,25,3,47,0,0,0,0,0,0
12176,0,0,0,0,0,0,70,7,1,0,0,0
12177,0,0,0,0,0,0,4,3,0,0,0,0
12178,0,0,0,2,0,82,0,0,0,0,1,0
12179,0,1,0,0,0,0,99,28,0,0,0,0
12180,8,211,46,0,0,0,0,0,0,0,0,0
12181,0,0,0,2,61,140,0,0,0,0,0,0
12182,0,0,0,15,142,63,0,4,0,0,0,0
12183,0,0,0,0,0,0,0,0,0,3,204,1
12184,0,0,0,13,0,151,0,0,0,0,0,0
12185,0,0,0,0,0,0,6,0,0,0,0,0
12186,5,18,11,0,0,0,0,0,0,0,0,0
12187,1,583,85,0,0,0,3,0,0,0,0,0
12188,0,0,0,0,1,0,116,802,8,0,0,0
12189,0,0,0,2,15,22,0,0,0,0,0,0
12190,0,0,0,8,48,122,0,0,0,0,0,0
12191,0,0,0,0,6,0,260,2554,3,0,0,0
12192,0,0,0,0,0,40,0,0,0,0,0,0
12193,0,0,0,0,10,176,0,0,0,0,0,0
12194,0,0,0,0,0,0,0,0,0,24,155,0
12195,0,0,0,0,3,0,0,0,0,0,0,0
12196,0,0,0,4,12,109,0,0,0,0,0,0
12197,2,0,56,0,0,0,0,0,0,0,0,0
12198,1,18,0,0,0,0,0,0,0,0,0,0
12199,4,118,2,0,0,0,0,0,0,0,0,0
12200,0,2,1,0,0,0,0,0,0,0,0,0
12201,19,47,1,0,0,0,0,0,0,0,0,0
12202,0,0,0,1,2,0,81,1573,7,0,0,0
12203,0,0,0,0,0,35,0,0,0,0,0,0
12204,0,0,0,0,0,1,0,0,0,0,0,0
12205,0,0,0,0,0,0,45,20,20,0,1,0
12206,0,0,1,0,0,0,0,0,0,0,0,0
12207,2,78,3,0,0,0,0,0,0,0,0,0
12208,0,3,0,0,0,0,218,1,0,0,0,0
12209,0,1,1,0,0,0,0,0,0,0,0,0
12210,0,420,3,0,0,0,4,0,0,0,0,0
12211,0,0,0,0,0,0,327,35,1,0,0,0
12212,0,0,0,0,33,4,0,0,0,0,0,0
12213,0,0,0,0,0,0,0,0,4,2,931,88
12214,0,0,0,6,11,77,0,0,0,0,0,0
12215,0,0,0,0,0,19,0,0,0,0,0,0
12216,0,0,0,0,0,2,0,0,0,0,0,0
12217,0,0,0,0,0,0,106,3,0,0,0,0
12218,0,0,12,0,0,0,0,0,0,0,0,0
12219,0,8,1,0,0,0,0,0,0,0,0,0
12220,0,0,0,0,0,128,0,0,0,0,0,0
12221,0,0,0,0,0,0,112,22,0,0,0,0
12222,0,0,0,0,3,102,0,0,0,0,0,0
12223,0,0,0,0,7,0,1101,916,2,0,0,0
12224,0,0,0,0,0,0,116,40,0,0,0,0
12225,0,0,0,0,0,1,0,0,0,0,629,0
12226,0,0,0,28,1,177,0,0,0,0,0,0
12227,0,0,0,0,0,0,0,0,0,0,0,0
12228,0,4,0,0,0,0,0,0,0,0,0,0
12229,0,92,0,0,0,0,0,0,0,0,0,0
12230,0,0,0,3,20,2,0,0,0,0,0,0
12231,0,0,0,0,0,0,0,0,0,11,185,0
12232,1,0,0,23,5,136,0,0,0,0,0,0
12233,0,0,0,0,0,0,2,0,0,0,0,0
12234,16,173,17,0,0,0,0,0,0,0,0,0
12235,19,226,68,0,0,0,0,0,0,0,0,0
12236,0,0,0,1,5,11,0,0,0,0,0,0
12237,0,0,0,0,0,2,0,0,0,0,0,0
12238,0,0,0,9,2,66,0,0,0,0,1,0
12239,0,0,0,0,0,0,18,1,0,0,0,0
12240,0,8,0,0,0,0,0,0,0,0,0,0
12241,0,0,0,0,0,5,0,0,0,11,676,0
12242,0,0,0,0,1,29,0,0,0,6,914,0
12243,0,2,0,0,19,0,568,550,0,0,0,0
12244,0,0,0,2,3,146,0,0,0,0,2,0
12245,0,0,0,0,0,0,30,0,0,0,0,0
12246,0,0,1,0,0,0,0,0,0,0,0,0
12247,0,0,0,0,2,200,0,0,0,0,1,0
12248,0,0,0,0,0,0,138,67,69,0,0,0
12249,0,0,0,0,0,8,0,0,0,1,519,1
12250,622,551,12,10,0,0,0,0,0,0,0,0
12251,0,0,0,0,0,0,36,16,63,0,0,0
12252,0,0,0,0,0,0,0,0,0,63,11,0
12253,0,0,0,0,0,3,0,0,0,25,378,62
12254,20,99,10,0,0,0,2,0,0,0,0,0
12255,0,0,0,1,0,70,0,0,0,0,0,0
12256,0,0,0,0,2,0,75,265,43,0,0,0
12257,0,0,0,0,0,0,0,0,0,9,0,7
12258,2,5,3,0,0,0,0,0,0,0,0,0
12259,0,88,11,0,0,0,0,0,0,0,0,0
12260,0,0,1,0,0,0,0,0,0,11,2,0
12261,0,0,0,0,0,0,62,479,0,0,0,0
12262,0,0,0,1,1,166,0,0,0,0,2,0
12263,0,67,2,0,0,0,0,0,0,0,0,0
12264,0,501,0,0,0,0,1,0,0,0,0,0
12265,0,0,0,0,0,0,36,4,3,0,0,0
12266,0,0,0,67,3,45,0,0,0,0,0,0
12267,0,0,0,0,1,3,0,0,0,0,0,0
12268,0,0,0,0,0,0,239,6,0,0,0,0
12269,0,0,0,0,0,0,5,0,2,0,0,0
12270,4,6,0,0,0,0,0,0,0,0,0,0
12271,0,92,40,0,0,0,0,0,0,0,0,0
12272,0,1,1,0,0,0,0,0,0,0,0,0
12273,5,92,3,0,0,0,0,0,0,0,0,0
12274,0,0,0,0,0,0,124,167,1,0,0,0
12275,2,0,13,0,0,0,0,0,0,0,0,0
12276,0,0,0,0,0,1,0,0,0,0,0,0
12277,0,0,0,0,0,0,2,1,0,0,0,0
12278,0,0,0,0,0,0,62,79,0,0,0,0
12279,0,0,0,0,0,0,0,0,0,1,11,1
12280,0,0,0,19,10,125,0,0,0,0,0,0
12281,0,0,0,0,0,0,14,2,0,0,0,0
12282,1,77,18,0,0,0,0,0,0,0,0,0
12283,0,0,0,1,9,392,0,0,0,0,0,0
12284,0,0,0,0,0,0,0,0,0,0,0,0
12285,94,3,1,0,0,0,0,0,0,0,0,0
12286,6,60,90,0,0,0,0,0,0,0,0,0
12287,0,0,0,0,0,0,2,8,0,0,0,0
12288,0,0,0,0,0,0,0,0,0,1,26,0
12289,0,0,0,2,1,235,0,0,0,0,0,0
12290,0,15,1,0,0,0,0,0,0,0,0,0
12291,0,0,0,3,1,8,0,0,0,0,0,0
12292,0,0,0,0,24,0,125,100,14,0,0,0
12293,2,73,0,0,0,0,0,0,0,0,0,0
12294,0,0,0,0,0,0,0,0,0,20,291,4
12295,0,0,1,0,0,3,0,0,0,156,1639,1
12296,0,0,0,0,0,0,0,0,0,36,0,0
12297,12,17,1,0,0,0,0,0,0,0,0,0
12298,5,55,4,0,0,0,0,0,0,0,0,0
12299,1,3,12,0,0,0,0,0,0,0,0,0
12300,0,0,0,0,1,1,0,0,0,0,0,0
12301,0,0,0,0,1,0,10,29,0,0,0,0
12302,0,0,0,1,0,2,0,0,0,0,0,0
12303,4,2,0,0,0,0,0,0,0,0,0,0
12304,0,0,0,1,0,464,0,0,0,0,0,0
12305,0,0,0,0,0,0,0,0,0,0,0,0
12306,0,131,0,0,0,0,0,0,0,0,0,0
12307,1,80,0,0,0,0,0,0,0,0,0,0
12308,0,0,2,0,0,0,0,0,0,319,3,0
12309,1,64,0,0,0,0,0,0,0,0,0,0
12310,0,0,0,0,0,0,181,167,3,0,0,0
12311,0,0,0,0,0,0,123,113,1,0,0,0
12312,0,0,0,0,0,2,0,0,0,0,909,0
12313,0,0,0,7,2,215,0,0,0,0,0,0
12314,1,0,2,0,0,0,0,0,0,0,0,0
12315,0,0,0,0,0,0,318,2,0,0,0,0
12316,0,478,0,0,0,0,0,0,0,0,0,0
12317,0,0,0,2,20,1,0,0,0,0,0,0
12318,0,0,0,0,0,0,0,0,0,21,364,9
12319,0,0,0,25,10,102,0,0,0,0,1,0
12320,0,0,0,0,0,0,2,0,3,0,0,0
12321,21,3,81,0,0,0,0,0,0,0,0,0
12322,0,0,0,0,0,0,414,192,3,0,0,0
12323,0,0,0,0,0,0,5,1,0,0,0,0
12324,0,0,0,0,0,0,0,0,0,0,0,0
12325,0,0,0,0,0,2,0,0,0,2,888,0
12326,0,0,0,0,0,0,0,0,0,0,0,0
12327,0,376,2,0,0,0,1,0,0,0,0,0
12328,0,0,0,0,0,0,393,3,0,0,0,0
12329,0,3,23,0,0,0,0,0,0,0,0,0
12330,0,0,0,0,6,0,5,47,0,0,0,0
12331,0,0,0,0,0,0,190,61,0,0,0,0
12332,0,1,0,0,0,0,128,122,0,0,0,0
12333,0,0,0,0,0,0,0,0,0,2,8,1
12334,511,64,9,5,0,0,0,0,0,0,0,0
12335,0,0,0,0,0,0,0,0,0,0,0,0
12336,0,27,0,0,0,0,0,0,0,0,0,0
12337,1,101,0,0,0,0,0,0,0,0,0,0
12338,0,0,0,0,0,0,85,3,2,0,0,0
12339,0,0,0,0,0,2,0,0,0,0,0,0
12340,0,0,0,7,5,35,0,0,0,0,0,0
12341,2,10,0,0,0,0,0,0,0,0,0,0
12342,0,0,0,0,0,0,0,0,0,4,235,2
12343,0,0,0,4,2,12,0,0,0,0,0,0
12344,0,17,0,0,0,0,0,0,0,0,0,0
12345,0,0,0,0,0,0,65,5,1,0,0,0
12346,0,0,0,2,0,31,0,0,0,0,0,0
12347,0,0,0,0,0,0,12,7,0,0,0,0
12348,0,0,0,0,0,0,0,0,0,0,166,0
12349,0,0,0,3,1,66,0,0,0,0,0,0
12350,1,1,0,0,0,0,0,0,0,0,0,0
12351,0,0,0,0,0,3,0,0,0,0,0,0
12352,0,0,0,0,0,0,3,1,0,0,0,0
12353,0,0,0,0,0,0,0,0,0,1,1,0
12354,1,2,0,0,0,0,0,0,0,0,0,0
12355,0,0,0,0,0,0,108,5,0,0,0,0
12356,0,74,0,0,0,0,0,0,0,0,0,0
12357,0,0,0,0,0,11,0,0,0,0,3205,0
12358,7,208,12,0,0,0,0,0,0,0,0,0
12359,0,4,1,0,0,0,0,0,0,0,0,0
12360,0,0,0,0,0,4,0,0,0,0,0,0
12361,0,0,0,0,0,0,3,38,7,0,0,0
12362,0,0,0,0,0,0,0,0,0,2,12,0
12363,0,0,0,0,0,2,0,0,0,0,0,0
12364,0,0,0,24,2,80,0,0,0,0,0,0
12365,0,0,0,0,0,3,0,0,0,0,0,0
12366,0,0,0,0,1,4,0,0,0,0,0,0
12367,0,0,0,0,0,0,0,0,0,0,513,0
12368,4,27,0,0,0,0,0,0,0,0,0,0
12369,0,0,0,0,0,1,0,0,0,70,398,0
12370,0,0,0,3,2,47,0,0,0,0,0,0
12371,2,0,6,0,0,0,0,0,0,0,0,0
12372,0,0,0,0,0,3,0,0,0,0,0,0
12373,0,0,0,0,0,0,1,14,0,0,0,0
12374,0,0,0,0,0,1,0,0,0,4,644,0
12375,0,0,0,0,0,0,0,0,0,0,0,0
12376,0,0,0,0,0,63,0,0,0,0,0,0
12377,0,0,1,0,0,0,0,0,0,0,0,0
12378,0,0,0,0,0,0,42,2,0,0,0,0
12379,1,27,0,0,0,0,0,0,0,0,0,0
12380,0,0,0,0,0,0,0,0,0,0,0,0
12381,0,168,0,0,0,0,1,0,0,0,0,0
12382,0,0,0,0,0,0,69,5,0,0,0,0
12383,0,0,0,0,35,18,0,0,0,0,0,0
12384,0,0,0,0,0,3,0,0,0,0,0,0
12385,0,0,0,0,0,0,185,80,1,0,0,0
12386,0,0,0,0,0,0,18,2,0,0,0,0
12387,0,101,3,0,0,0,0,0,0,0,0,0
12388,0,0,0,1,0,1249,0,0,0,0,1,0
12389,0,15,3,0,0,0,0,0,0,0,0,0
12390,1,238,15,0,0,0,0,0,0,0,0,0
12391,0,0,0,3,1,107,0,0,0,0,0,0
12392,0,0,0,0,0,0,14,0,0,0,0,0
12393,0,170,51,0,0,0,2,0,0,0,0,0
12394,0,0,0,3,2,195,0,0,0,0,0,0
12395,0,0,0,0,0,0,67,5,3,0,0,0
12396,0,0,0,0,0,0,0,0,0,0,348,2
12397,19,48,60,0,0,0,0,0,0,0,0,0
12398,0,0,0,0,0,1,0,0,0,29,7,1
12399,0,0,0,0,0,0,0,0,0,0,0,0
12400,120,0,0,0,0,9,0,0,0,541,4566,22
12401,286,11,4,1,0,0,0,0,0,0,0,0
12402,1,20,21,0,0,0,0,0,0,0,0,0
12403,0,0,0,0,0,8,0,0,0,0,796,0
12404,3,1,0,0,0,0,0,0,0,0,0,0
12405,0,18,0,0,0,0,0,0,0,0,0,0
12406,0,0,0,0,0,1,0,0,0,1,810,1
12407,2,91,1,0,0,0,0,0,0,0,0,0
12408,0,0,0,0,2,8,0,0,0,0,0,0
12409,0,0,0,1,0,12,0,0,0,0,0,0
12410,1,2256,1,0,0,0,5,0,0,0,0,0
12411,0,0,0,0,6,1,1,0,0,0,0,0
12412,0,0,0,0,0,6,0,0,0,60,1115,0
12413,197,31,2,0,0,0,0,0,0,0,0,0
12414,4,18,3,0,0,0,0,0,0,0,0,0
12415,0,0,0,0,0,1,0,0,0,2,536,1
12416,8,37,1,0,0,0,0,0,0,0,0,0
12417,15,193,9,0,0,0,0,0,0,0,0,0
12418,0,0,0,0,0,160,0,0,0,0,0,0
12419,0,0,0,0,0,0,0,45,1,0,0,0
12420,0,0,0,0,0,0,0,0,0,0,6,0
12421,129,63,13,0,0,0,0,0,0,0,0,0
12422,0,0,277,0,0,0,0,0,0,0,0,0
12423,0,0,0,0,0,0,30,8,0,0,0,0
12424,0,119,0,0,0,0,1,0,0,0,0,0
12425,0,0,0,0,0,0,1,1,1,0,0,0
12426,0,2,0,0,0,0,0,0,0,0,0,0
12427,0,0,0,5,2,111,0,0,0,0,0,0
12428,0,0,0,0,0,0,37,8,0,0,0,0
12429,0,0,0,0,0,0,14,3,0,0,0,0
12430,0,0,0,0,1,79,0,0,0,0,0,0
12431,0,0,0,0,0,1,0,0,0,0,0,0
12432,0,0,0,0,0,0,1,6,0,0,0,0
12433,0,0,0,0,0,94,0,0,0,0,1,0
12434,0,0,0,0,0,0,73,3,2,0,0,0
12435,0,0,0,0,0,0,0,0,0,0,0,0
12436,0,0,0,37,41,439,0,0,0,0,7,0
12437,0,0,0,0,0,0,0,0,0,0,9,0
12438,0,0,0,0,0,0,0,0,0,1,6,0
12439,0,0,25,0,0,47,0,0,0,161,7982,3
12440,0,0,0,4,11,68,0,0,0,0,0,0
12441,0,0,0,0,0,0,0,0,0,0,0,0
12442,0,0,0,0,0,0,48,1,1,0,0,0
12443,3,3,24,0,0,0,0,0,0,0,0,0
12444,1,32,1,0,0,0,0,0,0,0,0,0
12445,0,0,0,0,0,0,0,0,0,1,366,1
12446,1,241,210,0,0,0,1,0,0,2,0,0
12447,0,0,0,0,0,179,0,0,0,0,0,0
12448,25,108,0,0,0,0,0,0,0,0,0,0
12449,2,284,2,0,0,0,0,0,0,0,0,0
12450,0,0,0,0,0,2,0,0,0,0,0,0
12451,1050,1,0,3,0,0,0,0,0,0,0,0
12452,0,0,0,0,0,0,0,0,0,15,27,0
12453,0,0,0,0,0,1,0,0,0,0,7,0
12454,0,0,0,13,32,1003,0,0,0,0,1,0
12455,0,0,3,0,0,0,0,0,0,691,195,0
12456,0,0,0,2,0,0,0,0,0,0,0,0
12457,0,0,0,6,4,53,0,0,0,0,0,0
12458,0,227,0,0,0,0,1,0,0,0,0,0
12459,0,0,0,0,0,18,0,0,0,0,3646,1
12460,976,42,8,0,0,0,0,0,0,0,0,0
12461,0,25,0,0,0,0,0,0,0,0,0,0
12462,0,0,0,0,0,2,0,0,0,0,1416,0
12463,22,101,7,0,0,0,0,0,0,0,0,0
12464,0,0,0,0,0,0,104,13,0,0,0,0
12465,0,0,0,0,0,0,0,0,0,0,23,0
12466,112,2479,91,0,0,0,13,0,0,0,0,0
12467,0,0,0,0,0,0,74,17,1,0,0,0
12468,0,0,0,0,0,2,0,0,0,3,375,0
12469,0,0,2,0,0,35,0,0,0,289,1714,1
12470,0,0,1,0,0,0,0,0,0,0,0,0
12471,0,40,2,0,0,0,0,0,0,0,0,0
12472,0,106,0,0,0,0,1,0,0,0,0,0
12473,0,0,0,0,0,94,0,0,0,45,5661,9
12474,0,0,0,0,0,1,0,0,0,0,0,0
12475,0,102,1,0,0,0,1,0,0,0,0,0
12476,2,10,6,0,0,0,0,0,0,1,0,0
12477,0,0,0,3,2,3,0,0,0,0,0,0
12478,0,0,0,0,0,0,155,6,0,0,0,0
12479,0,3,0,0,0,0,607,10,0,0,0,0
12480,0,0,0,0,1,46,0,0,0,0,1,0
12481,0,0,0,6,1,56,0,0,0,0,0,0
12482,0,0,0,0,0,0,154,1,1,0,0,0
12483,0,0,0,0,0,2,0,0,0,0,0,0
12484,0,0,0,0,0,49,0,0,0,9,3822,2
12485,9,111,23,0,0,0,1,0,0,0,0,0
12486,0,0,0,0,0,265,0,0,0,0,0,0
12487,2,27,0,0,0,0,0,0,0,0,0,0
12488,0,0,0,0,0,6,0,0,0,0,1866,0
12489,0,0,0,0,0,0,0,0,0,0,1,0
12490,112,204,6,0,0,0,1,0,0,0,0,0
12491,0,0,0,0,0,0,277,2,0,0,0,0
12492,0,0,0,0,0,0,0,0,0,0,0,0
12493,0,0,0,0,0,0,0,0,0,90,442,23
12494,0,0,0,0,1,57,0,0,0,0,0,0
12495,1,68,1,0,0,0,0,0,0,0,0,0
12496,0,0,0,1,0,1076,0,0,0,0,28,0
12497,0,8,28,0,0,0,0,0,0,0,0,0
12498,6,104,5,0,0,0,0,0,0,0,0,0
12499,0,0,0,0,0,0,0,0,0,11,414,0
12500,0,10,0,0,0,0,0,0,0,0,0,0
12501,0,0,0,0,0,1,0,0,0,0,960,0
12502,18,66,3,0,0,0,0,0,0,0,0,0
12503,0,0,0,1,0,114,0,0,0,0,0,0
12504,2,95,0,0,0,0,0,0,0,0,0,0
12505,0,0,0,1,0,448,0,0,0,0,3,0
12506,0,1,2,0,0,0,0,0,0,0,0,0
12507,2,44,0,0,0,0,0,0,0,0,0,0
12508,2,22,6,0,0,0,0,0,0,0,0,0
12509,16,17,12,0,0,0,0,0,0,0,0,0
12510,4,104,8,0,0,0,0,0,0,0,0,0
12511,0,0,0,5,7,204,0,0,0,0,0,0
12512,0,96,0,0,0,0,1,0,0,0,0,0
12513,0,0,0,2,0,124,0,0,0,3,9780,0
12514,0,2,0,0,15,0,208,1754,4,0,0,0
12515,0,0,0,1,0,5,0,0,0,0,0,0
12516,0,0,0,0,0,0,7,8,0,0,0,0
12517,0,0,0,0,0,15,0,0,0,0,0,0
12518,0,0,0,0,0,0,46,40,1,0,0,0
12519,28,869,26,0,0,0,3,0,0,0,0,0
12520,0,0,0,2,2,76,0,0,0,0,0,0
12521,0,0,0,0,2,0,56,241,1,0,0,0
12522,0,0,0,0,0,0,9,89,0,0,0,0
12523,0,0,0,1,1,110,0,0,0,0,0,0
12524,2,102,3,0,0,0,0,0,0,0,0,0
12525,0,0,0,0,0,102,0,0,0,19,16307,2
12526,453,133,27,2,0,0,0,0,0,0,0,0
12527,0,57,3,0,0,0,0,0,0,0,0,0
12528,0,0,0,0,0,1,0,0,0,42,702,0
12529,30,411,9,0,0,0,1,0,0,0,0,0
12530,0,0,0,14,2,70,0,0,0,0,0,0
12531,0,0,0,0,7,1,0,0,0,0,0,0
12532,0,0,0,1,0,39,0,0,0,0,0,0
12533,1,262,0,0,0,0,1,0,0,0,0,0
12534,0,0,1,0,0,112,0,0,0,44,5096,0
12535,0,0,0,1,18,92,0,0,0,0,0,0
12536,0,0,0,0,0,2,0,0,0,0,0,0
12537,2,0,0,0,0,0,0,0,0,0,0,0
12538,0,0,0,0,1,543,0,0,0,0,2,0
12539,0,0,0,0,0,0,20,11,1,0,0,0
12540,0,0,0,0,0,0,0,0,0,0,252,0
12541,76,101,7,0,0,0,0,0,0,0,0,0
12542,0,0,0,0,38,1,0,0,0,0,0,0
12543,0,0,0,0,0,0,0,0,0,0,2,0
12544,98,272,8,4,0,0,0,0,0,0,0,0
12545,0,1,0,0,0,0,112,57,0,0,0,0
12546,0,0,0,0,0,0,0,0,0,1,188,0
12547,16,185,16,0,0,0,0,0,0,0,0,0
12548,0,0,0,1,11,36,0,1,0,0,0,0
12549,0,0,0,0,0,3,0,0,0,0,0,0
12550,0,0,0,0,0,0,126,1,0,0,0,0
12551,0,0,0,0,1,0,0,0,0,0,0,0
12552,0,0,0,0,0,0,0,0,0,0,0,0
12553,0,0,0,0,0,0,1,2,1,0,0,0
12554,0,0,0,0,0,0,102,0,31,0,0,0
12555,83,158,48,0,0,0,1,0,0,0,0,0
12556,15,83,35,0,0,0,0,0,0,0,0,0
12557,5,417,30,0,0,0,1,0,0,0,0,0
12558,0,0,0,1,3,169,0,0,0,0,0,0
12559,0,0,0,0,0,2,0,0,0,39,1364,2
12560,0,0,0,0,0,0,0,0,0,2,1,0
12561,41,1,0,0,0,0,0,0,0,0,0,0
12562,2,55,15,0,0,0,0,0,0,0,0,0
12563,0,0,0,0,0,0,0,0,0,0,1,0
12564,3,21,0,0,0,0,0,0,0,0,0,0
12565,0,0,0,0,7,0,158,1135,10,0,0,0
12566,0,0,0,0,0,0,50,382,1,0,0,0
12567,0,0,0,1,0,6,0,0,0,0,0,0
12568,0,0,0,0,2,141,0,0,0,0,1,0
12569,0,0,0,0,0,0,359,81,1,0,0,0
12570,0,0,0,0,1,12,0,0,0,0,0,0
12571,20,150,0,0,0,0,0,0,0,0,0,0
12572,0,0,0,0,0,0,33,8,0,0,0,0
12573,1,18,0,0,0,0,0,0,0,0,0,0
12574,0,0,0,2,2,148,0,0,0,0,5,0
12575,0,0,0,0,0,0,38,21,0,0,0,0
12576,0,0,0,0,0,0,0,0,0,0,31,0
12577,55,47,21,0,0,0,0,0,0,0,0,0
12578,0,0,0,0,0,0,4,17,1,0,0,0
12579,1,4,1,0,0,0,0,0,0,0,0,0
12580,0,0,0,0,0,112,0,0,0,0,0,0
12581,7,13,0,0,0,0,0,0,0,0,0,0
12582,0,0,0,0,0,0,6,10,0,0,0,0
12583,0,0,0,16,0,27,0,0,0,0,0,0
12584,1,0,0,0,0,0,0,0,0,0,0,0
12585,0,31,2,0,0,0,0,0,0,0,0,0
12586,1,20,5,0,0,0,0,0,0,0,0,0
12587,1,136,13,0,0,0,0,0,0,0,0,0
12588,0,0,0,0,33,34,0,0,0,0,0,0
12589,0,0,0,5,2,79,0,0,0,0,1,0
12590,0,1,0,0,0,0,59,6,0,0,0,0
12591,0,0,0,0,1,298,0,0,0,0,1,0
12592,0,0,0,2,25,70,0,0,0,0,0,0
12593,0,0,0,0,0,0,0,0,0,16,0,0
12594,5,258,12,0,0,0,0,0,0,0,0,0
12595,0,22,14,0,0,0,0,0,0,0,0,0
12596,0,0,2,0,0,1,0,0,0,65,344,0
12597,0,0,0,4,0,38,0,0,0,0,0,0
12598,0,0,0,2,1,113,0,0,0,0,0,0
12599,289,133,5,6,0,0,0,0,0,0,0,0
12600,0,0,0,0,0,0,49,84,1,0,0,0
12601,0,0,0,3,23,74,0,0,0,0,0,0
12602,0,0,0,0,0,0,4,0,26,0,0,0
12603,9,10,32,0,0,0,0,0,0,0,0,0
12604,6,39,52,0,0,0,0,0,0,1,0,0
12605,2,152,5,0,0,0,0,0,0,0,0,0
12606,0,0,0,0,0,3,0,0,0,0,0,0
12607,0,0,0,11,2,17,0,0,0,0,0,0
12608,1,34,1,0,0,0,0,0,0,0,0,0
12609,0,0,0,0,0,0,28,69,0,0,0,0
12610,0,0,0,1,0,15,0,0,0,0,0,0
12611,1,251,3,0,0,0,2,0,0,0,0,0
12612,0,0,0,78,3,155,0,0,0,0,1,0
12613,0,1,0,0,1,0,114,31,0,0,0,0
12614,0,0,0,0,0,0,131,26,0,0,0,0
12615,1,88,13,0,0,0,0,0,0,0,0,0
12616,0,0,0,0,0,1,0,0,0,1,595,1
12617,10,53,14,0,0,0,0,0,0,0,0,0
12618,0,42,12,0,0,0,0,0,0,0,0,0
12619,0,0,0,0,8,89,0,0,0,0,2,0
12620,0,0,0,11,38,9,0,3,0,0,0,0
12621,0,0,0,0,0,4,0,0,0,0,234,0
12622,2,268,2,0,0,0,50,0,0,0,0,0
12623,0,0,0,0,0,0,0,0,0,21,681,0
12624,0,0,6,0,0,3,0,0,0,711,412,0
12625,0,0,0,0,1,21,0,0,0,0,0,0
12626,4,19,1,0,0,0,0,0,0,0,0,0
12627,3,39,14,0,0,0,0,0,0,0,0,0
12628,0,0,0,0,1,3068,0,0,0,0,22,0
12629,0,0,0,1,3,13,0,0,0,0,0,0
12630,0,0,0,0,0,4,0,0,0,0,0,0
12631,9,368,0,0,0,0,1,0,0,0,0,0
12632,0,0,0,0,0,0,21,21,1,0,0,0
12633,0,0,0,0,0,0,0,0,0,1,107,0
12634,8,490,13,0,0,0,0,0,0,0,0,0
12635,0,0,0,0,0,3,0,0,0,0,0,0
12636,0,0,0,0,0,0,0,2,1,0,0,0
12637,0,0,0,0,0,0,1,1,1,0,0,0
12638,0,0,0,0,0,0,0,0,0,0,2,0
12639,0,0,0,0,0,0,0,0,0,0,2,0
12640,0,0,0,2,14,1205,0,0,0,1,2,0
12641,0,0,0,0,0,2,0,0,0,39,391,19
12642,0,0,0,0,12,1,0,0,0,0,0,0
12643,0,0,0,3,0,28,0,0,0,0,0,0
12644,0,898,3,0,0,0,3,0,0,0,0,0
12645,0,0,0,0,5,49,0,0,0,0,0,0
12646,0,0,0,6,5,28,0,0,0,0,0,0
12647,0,0,0,0,0,0,95,6,1,0,0,0
12648,0,0,0,0,0,18,0,0,0,0,0,0
12649,6,124,5,0,0,0,0,0,0,0,0,0
12650,2,50,0,0,0,0,0,0,0,0,0,0
12651,0,0,0,0,0,5,0,0,0,3,3555,2
12652,9,111,6,0,0,0,1,0,0,0,0,0
12653,0,0,0,0,0,0,9,24,0,0,0,0
12654,0,0,0,0,0,0,0,0,0,0,18,0
12655,0,0,0,6,12,114,0,0,0,0,0,0
12656,0,0,0,14,22,24,0,0,0,0,0,0
12657,0,0,0,0,0,18,0,0,0,0,0,0
12658,0,36,1,0,0,0,0,0,0,0,0,0
12659,0,0,17,0,0,0,0,0,0,0,0,0
12660,0,0,0,0,0,0,17,0,0,0,0,0
12661,0,0,0,0,0,0,375,1,0,0,0,0
12662,0,0,0,0,0,0,156,26,0,0,0,0
12663,0,0,0,0,0,2,0,0,0,0,445,0
12664,0,0,0,0,0,0,0,0,0,31,446,1
12665,19,0,5,0,0,0,0,0,0,0,0,0
12666,4,319,4,0,0,0,2,0,0,0,0,0
12667,0,0,0,13,17,149,0,0,0,0,0,0
12668,0,0,0,12,14,2,0,0,0,0,0,0
12669,0,0,0,0,0,0,0,0,0,3,232,0
12670,3,0,0,1073,3,60,0,0,0,0,0,0
12671,0,0,0,0,0,0,0,20,0,0,0,0
12672,0,0,0,0,0,0,0,0,0,1,394,4
12673,0,0,0,13,1,99,0,0,0,0,0,0
12674,0,2,0,0,0,0,335,27,9,0,0,0
12675,0,0,0,0,0,20,0,0,0,0,0,0
12676,0,0,0,0,0,3,0,0,0,37,1387,0
12677,1,0,0,0,0,0,0,0,0,0,0,0
12678,1,13,0,0,0,0,0,0,0,0,0,0
12679,4,57,1,0,0,0,0,0,0,0,0,0
12680,0,0,5,6,1,104,0,0,0,0,1,0
12681,0,0,0,0,0,3,0,0,0,0,0,0
12682,2,45,0,0,0,0,0,0,0,0,0,0
12683,0,0,0,0,0,0,0,0,0,0,1,0
12684,6,1,0,0,0,0,0,0,0,0,0,0
12685,0,0,0,0,0,0,114,2647,8,0,0,0
12686,0,0,7,0,0,0,0,0,0,0,0,0
12687,1,11,2,0,0,0,0,0,0,0,0,0
12688,0,0,0,0,0,236,0,0,0,0,0,0
12689,0,1,0,0,0,0,0,0,0,0,0,0
12690,0,2,1,0,0,0,0,0,0,0,0,0
12691,0,0,0,0,0,153,0,0,0,0,0,0
12692,0,0,0,0,0,0,0,1,2,0,0,0
12693,28,0,2,0,0,0,0,0,0,0,0,0
12694,0,0,0,0,0,0,109,1,1,0,0,0
12695,0,0,0,0,0,0,0,0,0,12,12,2
12696,0,0,0,0,0,0,0,0,0,0,0,0
12697,0,0,0,13,2,33,0,0,0,0,0,0
12698,7,89,1,0,0,0,1,0,0,0,0,0
12699,0,0,0,0,0,0,87,61,2,0,0,0
12700,0,0,0,0,2,31,0,0,0,0,0,0
12701,0,0,0,0,0,0,0,0,0,4,2,0
12702,0,0,0,0,0,0,0,0,0,0,12,0
12703,0,0,0,3,17,135,0,0,0,0,0,0
12704,0,1,0,0,0,0,542,37,0,0,0,0
12705,0,0,0,1,4,54,0,0,0,0,0,0
12706,0,0,0,62,4,53,0,0,0,0,0,0
12707,0,0,0,0,0,0,64,19,1,0,0,0
12708,0,0,0,0,0,20,0,0,0,3,920,0
12709,16,66,19,1,0,0,0,0,0,0,0,0
12710,0,0,0,0,0,13,0,0,0,17,1063,1
12711,0,0,0,0,0,15,0,0,0,0,0,0
12712,2,15,0,0,0,0,0,0,0,0,0,0
12713,0,0,0,0,0,0,0,0,0,16,3,3
12714,0,0,0,0,0,0,14,0,0,0,0,0
12715,1,49,25,0,0,0,0,0,0,0,0,0
12716,0,0,0,0,0,0,0,0,0,0,0,0
12717,1,67,0,0,0,0,0,0,0,0,0,0
12718,0,0,0,0,25,0,185,4997,7,0,0,0
12719,3,230,32,0,0,0,3,0,0,1,0,0
12720,0,0,0,2,21,86,0,0,0,0,0,0
12721,0,3,0,0,1,0,143,275,2,0,0,0
12722,0,0,0,0,7,92,0,0,0,0,0,0
12723,0,0,0,0,0,3,0,0,0,20,185,2
12724,0,0,0,22,7,172,0,0,0,0,2,0
12725,0,0,0,5,0,1,0,0,0,0,0,0
12726,0,0,0,0,0,0,0,0,1,0,0,0
12727,0,0,0,0,0,91,0,0,0,0,5,0
12728,0,1,0,0,0,0,46,49,0,0,0,0
12729,0,0,0,0,0,0,0,0,0,4,79,2
12730,0,0,0,59,228,201,0,2,0,0,3,0
12731,0,0,0,0,0,0,80,6,0,0,0,0
12732,0,0,0,0,0,0,0,0,0,0,15,0
12733,0,0,0,0,0,3,0,0,0,97,1371,0
12734,0,0,0,0,0,0,422,19,1,0,0,0
12735,0,0,0,0,0,0,0,3,8,0,0,0
12736,0,0,0,1,1,65,0,0,0,0,0,0
12737,4,427,1,0,0,0,0,0,0,0,0,0
12738,0,0,0,0,0,3,0,0,0,29,848,5
12739,0,0,0,13,0,177,0,0,0,0,0,0
12740,3,24,1,0,0,0,0,0,0,0,0,0
12741,0,0,0,1,0,7,0,0,0,105,2461,0
12742,2,52,3,0,0,0,0,0,0,0,0,0
12743,0,0,0,0,0,0,0,0,0,148,2,2
12744,9,15,1,0,0,0,0,0,0,0,0,0
12745,7,28,12,0,0,0,0,0,0,0,0,0
12746,0,27,8,0,0,0,0,0,0,0,0,0
12747,0,0,0,0,0,23,0,0,0,209,4327,4
12748,1,0,0,188,8,268,0,0,0,0,0,0
12749,0,8,0,0,0,0,367,20,3,0,0,0
12750,0,0,0,0,0,26,0,0,0,2,822,3
12751,0,0,0,41,64,40,0,2,0,0,0,0
12752,0,0,0,14,1,2,0,0,0,0,0,0
12753,0,0,0,0,0,0,25,26,14,0,0,0
12754,0,0,0,0,0,0,0,0,0,0,2068,2
12755,1,290,3,0,0,0,3,0,0,0,0,0
12756,0,0,0,0,0,27,0,0,0,132,7210,3
12757,0,0,0,22,18,76,0,0,0,0,0,0
12758,0,0,0,0,0,0,126,23,1,0,0,0
12759,2,354,94,0,0,0,2,0,1,0,0,0
12760,0,0,0,7,1,258,0,0,0,0,0,0
12761,0,0,0,0,0,0,104,11,7,0,0,0
12762,0,67,10,0,0,0,0,0,0,0,0,0
12763,0,0,0,0,0,1,0,0,0,20,1591,4
12764,2,5,0,0,0,0,0,0,0,0,0,0
12765,1,110,9,0,0,0,0,0,0,0,0,0
12766,0,0,0,19,28,112,0,0,0,0,0,0
12767,0,0,0,0,0,0,30,12,0,0,0,0
12768,0,0,0,0,0,0,0,0,0,1,22,1
12769,0,4,0,0,2,0,553,1558,14,0,0,0
12770,0,0,0,0,3,33,0,0,0,0,0,0
12771,0,0,0,0,0,11,0,0,0,0,0,0
12772,6,5357,0,0,0,0,29,0,0,0,0,0
12773,0,0,0,0,0,0,1,3,0,0,0,0
12774,0,0,0,0,0,0,0,0,0,1,53,1
12775,0,0,0,11,11,598,0,2,0,0,1,0
12776,0,0,0,0,0,2,0,0,0,0,0,0
12777,1,0,0,0,0,0,0,0,0,0,0,0
12778,0,0,0,0,0,261,0,0,0,11,20633,0
12779,0,0,0,1,0,32,0,0,0,0,0,0
12780,1,11,1,0,0,0,0,0,0,0,0,0
12781,0,0,0,0,0,117,0,0,0,0,3106,0
12782,4,4,0,0,0,0,0,0,0,0,0,0
12783,2,22,161,0,0,0,0,0,0,0,0,0
12784,0,0,0,0,0,36,0,0,0,2,6680,3
12785,18,54,1,0,0,0,0,0,0,0,0,0
12786,0,0,0,0,0,5,0,0,0,6,1906,2
12787,16,129,6,0,0,0,0,0,0,0,0,0
12788,0,49,128,0,0,0,0,0,0,0,1,0
12789,0,0,0,0,0,180,0,0,0,60,12555,1
12790,11,154,4,0,0,0,0,0,0,0,0,0
12791,0,1,18,0,0,0,0,0,0,0,0,0
12792,2,389,17,0,0,0,1,0,0,0,0,0
12793,0,2,0,0,9,0,517,4203,13,0,0,0
12794,0,1,0,0,0,0,216,2,2,0,0,0
12795,0,0,0,0,0,0,125,21,0,0,0,0
12796,9,112,46,0,0,0,0,0,0,0,0,0
12797,0,0,0,0,0,0,211,545,8,0,0,0
12798,0,0,0,0,1,0,4,71,1,0,0,0
12799,0,0,0,0,0,7,0,0,0,0,0,0
12800,0,2,2,0,0,0,0,0,0,0,0,0
12801,0,72,0,0,0,0,21487,47,3,0,0,0
12802,0,1,0,0,0,0,559,9,0,0,0,0
12803,0,0,0,5,22,26,0,0,0,0,0,0
12804,0,0,0,2,1,3,0,0,0,0,0,0
12805,0,0,0,11,1,45,0,0,0,0,0,0
12806,0,0,0,0,0,0,149,2,0,0,0,0
12807,0,0,0,0,0,3,0,0,0,0,0,0
12808,0,56,0,0,0,0,2,0,0,0,0,0
12809,0,0,0,0,0,26,0,0,0,8,8881,3
12810,0,0,0,0,2,0,0,0,0,0,0,0
12811,65,0,0,785,7,113,0,0,0,0,1,0
12812,0,0,0,0,0,0,2,29,4,0,0,0
12813,0,0,0,0,0,0,0,0,0,1,3,0
12814,10,29,4,0,0,0,0,0,0,0,0,0
12815,0,0,0,0,0,8,0,0,0,49,1976,1
12816,0,0,0,0,0,1,0,0,0,0,0,0
12817,0,1,0,0,1,0,200,1235,5,0,0,0
12818,0,0,0,0,1,40,0,0,0,0,1,0
12819,0,0,0,0,0,6,0,0,0,0,0,0
12820,1,1557,0,0,0,0,5,0,0,0,0,0
12821,0,0,0,6,55,1,0,0,0,0,0,0
12822,0,0,0,0,0,0,0,0,0,2,2,0
12823,0,0,0,0,0,13,0,0,0,182,2678,9
12824,0,2,0,0,0,0,235,5,1,0,0,0
12825,1,74,4,0,0,0,0,0,0,0,0,0
12826,0,0,0,11,57,101,0,0,0,0,0,0
12827,0,0,0,1,7,17,0,0,0,0,0,0
12828,0,0,0,0,0,107,0,0,0,0,0,0
12829,0,82,0,0,0,0,0,0,0,0,0,0
12830,0,0,0,0,0,0,0,0,0,14,2,0
12831,209,7,11,1,0,0,0,0,0,0,0,0
12832,0,2,0,0,5,0,294,1474,11,0,0,0
12833,0,0,0,0,0,0,101,9,1,0,0,0
12834,1,152,18,0,0,0,1,0,0,0,0,0
12835,0,0,0,1,22,233,0,0,0,0,0,0
12836,0,0,0,8,4,70,0,0,0,0,0,0
12837,0,0,0,0,3,5,0,0,0,0,0,0
12838,0,0,0,0,0,0,67,98,58,0,0,0
12839,0,0,15,0,0,0,0,0,0,0,0,0
12840,1,20,1,0,0,0,0,0,0,0,0,0
12841,3,209,2,0,0,0,1,0,0,0,0,0
12842,0,0,0,3,0,2,0,0,0,0,0,0
12843,0,0,0,0,0,0,1,4,0,0,0,0
12844,0,0,0,0,0,0,0,79,0,0,0,0
12845,0,0,0,0,0,0,17,134,1,0,0,0
12846,0,0,0,0,0,0,0,0,0,0,199,1
12847,0,0,0,2,0,104,0,0,0,0,0,0
12848,0,4,157,0,0,0,0,0,0,0,0,0
12849,0,0,0,0,0,0,49,2,1,0,0,0
12850,1,1541,1,0,0,0,11,0,0,0,0,0
12851,0,0,0,0,0,2,0,0,0,0,0,0
12852,0,0,0,0,0,4,0,0,0,0,0,0
12853,0,0,0,0,0,0,0,0,0,1,466,0
12854,0,0,1,0,0,44,0,0,0,247,2527,1
12855,0,0,0,0,0,0,0,0,0,62,330,1
12856,0,0,0,5,3,47,0,0,0,0,0,0
12857,0,0,0,0,0,0,0,0,0,0,0,0
12858,2,79,0,0,0,0,0,0,0,0,0,0
12859,0,0,0,0,0,0,14,8,1,0,0,0
12860,1,32,11,0,0,0,0,0,0,0,0,0
12861,0,2,0,0,0,0,86,50,4,0,0,0
12862,0,0,0,17,2,183,0,0,0,0,0,0
12863,0,0,0,0,0,0,14,7,0,0,0,0
12864,4,102,9,0,0,0,0,0,0,0,0,0
12865,0,0,0,4,2,1089,0,0,0,0,1,0
12866,0,3,0,0,0,0,166,1,2,0,0,0
12867,0,0,0,0,0,0,27,2,0,0,0,0
12868,16,212,18,0,0,0,2,0,0,0,0,0
12869,1,82,3,0,0,0,0,0,0,0,0,0
12870,0,0,0,0,0,0,0,0,0,41,368,11
12871,0,0,0,11,111,52,0,0,0,0,0,0
12872,0,2,0,0,0,0,475,8,0,0,0,0
12873,0,0,0,0,0,0,2,8,0,0,0,0
12874,0,0,0,0,0,165,0,0,0,0,0,0
12875,1,286,2,0,0,0,0,0,0,0,0,0
12876,0,0,0,0,0,2,0,0,0,69,248,18
12877,0,0,0,0,4,112,0,0,0,0,0,0
12878,0,20487,4,0,0,0,159,0,0,0,0,0
12879,0,0,0,0,32,83,0,0,0,0,0,0
12880,0,0,0,0,0,53,0,0,0,39,6029,0
12881,0,0,0,3,0,81,0,0,0,0,0,0
12882,5,3,2,0,0,0,0,0,0,0,0,0
12883,0,0,0,0,0,293,0,0,0,0,0,0
12884,3,73,0,0,0,0,0,0,0,0,0,0
12885,0,0,0,0,0,80,0,0,0,1,2247,1
12886,19,102,9,0,0,0,1,0,0,0,0,0
12887,0,0,0,0,0,0,1,2,0,0,0,0
12888,0,0,16,0,0,0,0,0,0,0,0,0
12889,3,172,3,0,0,0,0,0,0,0,0,0
12890,0,0,0,0,0,1,0,0,0,16,514,2
12891,0,0,0,0,1,0,0,0,0,0,0,0
12892,0,0,0,0,0,0,385,117,2,0,0,0
12893,0,0,0,0,0,0,1,1,6,0,0,0
12894,2,1,1,0,0,0,0,0,0,0,0,0
12895,2,135,0,0,0,0,0,0,0,0,0,0
12896,0,0,0,0,0,0,0,0,0,69,656,4
12897,0,0,0,0,0,8,0,0,0,107,557,1
12898,2,71,15,0,0,0,0,0,0,0,0,0
12899,0,0,0,0,0,0,0,0,0,4,50,0
12900,0,0,0,0,0,0,0,0,0,0,0,0
12901,0,0,0,3,20,38,0,0,0,0,0,0
12902,0,0,0,0,0,1,0,0,0,0,0,0
12903,0,0,0,0,0,0,0,5,1,0,0,0
12904,0,0,0,0,0,121,0,0,0,0,1,0
12905,0,34,0,0,0,0,2,0,0,0,0,0
12906,0,0,0,0,0,0,17,12,0,0,0,0
12907,0,0,0,0,0,0,106,1,0,0,0,0
12908,0,0,0,9,2,8,0,0,0,0,0,0
12909,0,0,0,0,0,3,0,0,0,0,0,0
12910,0,0,0,42,1,33,0,0,0,0,0,0
12911,0,1,0,0,0,0,540,64,1,0,0,0
12912,0,0,0,0,1,3,0,0,0,0,0,0
12913,0,0,0,13,0,146,0,0,0,0,0,0
12914,0,14,0,0,0,0,0,0,0,0,0,0
12915,0,0,0,0,0,11,0,0,0,1,790,0
12916,29,232,4,0,0,0,0,0,0,0,0,0
12917,0,2,0,0,0,0,279,36,65,0,0,0
12918,2,19,1,0,0,0,0,0,0,0,0,0
12919,0,0,0,0,0,2,0,0,0,15,1140,0
12920,1,38,0,0,0,0,0,0,0,0,0,0
12921,0,0,0,0,0,0,0,0,0,1,51,0
12922,1,50,5,0,0,0,0,0,0,0,0,0
12923,0,0,0,0,0,2,0,0,0,8,849,0
12924,0,0,0,0,0,4,0,0,0,66,2064,0
12925,0,0,0,3,1,112,0,0,0,0,1,0
12926,0,1,1,0,0,0,0,0,0,0,0,0
12927,2,88,8,0,0,0,0,0,0,0,0,0
12928,3,197,5,0,0,0,2,0,0,0,0,0
12929,0,0,0,0,0,0,41,28,1,0,0,0
12930,0,0,0,0,0,0,10,4,1,0,0,0
12931,0,0,0,1,0,69,0,0,0,0,0,0
12932,0,0,0,0,0,0,0,0,0,9,308,0
12933,0,0,0,0,0,11,0,0,0,181,2392,12
12934,0,0,0,3,3,20,0,0,0,0,0,0
12935,3,3,0,0,0,0,0,0,0,0,0,0
12936,0,361,2,0,0,0,2,0,0,0,0,0
12937,0,80,0,0,0,0,0,0,0,0,0,0
12938,0,0,0,0,0,0,28,46,0,0,0,0
12939,0,0,0,1,0,2,0,0,0,0,0,0
12940,0,0,0,0,0,0,43,234,1,0,0,0
12941,0,0,3,0,0,0,0,0,0,0,0,0
12942,321,13,5,0,0,0,1,0,0,0,0,0
12943,0,0,0,0,0,0,46,139,0,0,0,0
12944,0,0,0,1,0,3,0,0,0,0,0,0
12945,54,63,1,0,0,0,0,0,0,0,0,0
12946,0,0,0,0,0,21819,0,0,0,0,97,0
12947,0,0,0,0,0,103,0,0,0,0,0,0
12948,0,0,0,0,0,2,0,0,0,0,0,0
12949,1,146,0,0,0,0,0,0,0,0,0,0
12950,0,0,0,4,0,10,0,0,0,0,0,0
12951,0,0,0,0,0,0,0,0,0,0,0,0
12952,0,0,0,0,0,2,0,0,0,0,327,0
12953,0,0,0,0,0,7,0,0,0,0,0,0
12954,0,0,0,0,0,2,0,0,0,0,0,0
12955,0,0,0,0,0,17,0,0,0,0,0,0
12956,0,64,0,0,0,0,0,0,0,0,0,0
12957,0,0,0,0,0,2,0,0,0,0,0,0
12958,0,0,0,0,2,203,0,0,0,0,4,0
12959,2,1,0,0,0,0,0,0,0,0,0,0
12960,0,76,0,0,0,0,0,0,0,0,0,0
12961,12,617,2,0,0,0,6,0,0,0,0,0
12962,0,0,0,0,0,0,27,1,0,0,0,0
12963,0,0,0,0,0,0,0,2,0,0,0,0
12964,18,1398,47,0,0,0,16,0,0,0,0,0
12965,0,0,0,0,0,187,0,0,0,0,1,0
12966,0,0,0,1,0,1,0,0,0,0,0,0
12967,0,110,0,0,0,0,0,0,0,0,0,0
12968,0,0,3,0,0,0,0,0,0,0,0,0
12969,0,36,0,0,0,0,0,0,0,0,0,0
12970,0,0,0,0,0,419,0,0,0,0,13378,0
12971,2,0,0,0,0,0,0,0,0,0,0,0
12972,1,12,0,0,0,0,0,0,0,0,0,0
12973,0,0,0,0,0,0,0,0,0,0,551,0
12974,0,0,0,0,0,2,0,0,0,51,1145,1
12975,0,0,0,0,0,6,0,0,0,0,0,0
12976,6,85,2,0,0,0,0,0,0,0,0,0
12977,0,0,2,0,0,0,0,0,0,0,0,0
12978,1,29,9,0,0,0,0,0,0,0,0,0
12979,0,0,0,1,0,113,0,0,0,0,0,0
12980,0,2,0,0,0,0,0,0,0,0,0,0
12981,0,0,0,0,0,0,18,7,0,0,0,0
12982,1,44,0,0,0,0,0,0,0,0,0,0
12983,0,0,0,0,0,0,5,1,0,0,0,0
12984,0,0,0,0,0,0,0,0,0,0,0,0
12985,0,0,0,0,0,20,0,0,0,0,0,0
12986,27,569,2,0,0,0,0,0,0,0,0,0
12987,9,0,0,48,3,265,0,0,0,0,2,0
12988,0,0,0,0,23,0,88,4551,11,0,0,0
12989,0,0,0,0,0,0,76,5,1,0,0,0
12990,0,0,0,0,0,11,0,0,0,0,0,0
12991,7,51,0,0,0,0,0,0,0,0,0,0
12992,0,0,0,0,0,0,0,0,0,55,6,0
12993,0,0,0,1,0,0,0,0,0,0,0,0
12994,0,0,0,48,2,27,0,0,0,0,0,0
12995,0,0,0,0,0,0,0,2,0,0,0,0
12996,0,0,0,0,0,0,0,0,0,0,0,0
12997,0,0,0,1,0,13,0,0,0,0,0,0
12998,29,136,0,0,0,0,0,0,0,0,0,0
12999,0,0,0,0,0,0,121,13,1,0,0,0
13000,0,0,0,0,4,92,0,0,0,0,1,0
13001,0,0,0,13,3,62,0,0,0,0,0,0
13002,0,0,0,0,0,2,0,0,0,0,0,0
13003,2,263,0,0,0,0,0,0,0,0,0,0
13004,0,0,0,0,1,0,80,51,3,0,0,0
13005,0,0,0,0,0,0,0,0,0,1,144,13
13006,0,0,0,46,6,468,0,0,0,0,0,0
13007,0,0,0,0,0,0,122,17,2,0,0,0
13008,0,0,0,0,0,2,0,0,0,1,156,1
13009,0,0,0,0,0,1,0,0,0,58,355,2
13010,1,2,1,0,0,0,0,0,0,0,0,0
13011,0,0,0,0,0,72,0,0,0,4,4990,0
13012,21,38,4,0,0,0,2,0,0,0,0,0
13013,0,2,0,0,0,0,140,20,0,0,0,0
13014,0,0,0,1,1,1,0,0,0,0,0,0
13015,0,97,0,0,0,0,0,0,0,0,0,0
13016,0,0,0,0,0,0,0,0,0,0,1,0
13017,0,0,0,0,0,0,1,6,2,0,0,0
13018,0,0,0,0,13,107,0,0,0,0,2,0
13019,0,0,0,0,0,37128,0,0,0,49,113524,1
13020,0,0,0,0,0,3,0,0,0,0,0,0
13021,0,61,11,0,0,0,2,0,0,0,0,0
13022,0,0,0,0,0,0,0,0,0,0,3,0
13023,1,0,0,0,0,0,0,0,0,0,0,0
13024,5,498,10,0,0,0,4,0,0,0,0,0
13025,0,1,0,0,0,0,31,14,1,0,0,0
13026,0,0,0,0,0,3,0,0,0,2,239,0
13027,1,0,0,95,33,126,0,0,0,0,1,0
13028,0,0,0,0,0,0,17,3,1,0,0,0
13029,0,0,0,0,0,0,1,12,0,0,0,0
13030,0,0,0,1,0,65,0,0,0,0,0,0
13031,8,15,3,0,0,0,0,0,0,0,0,0
13032,10,227,26,0,0,0,0,0,0,0,0,0
13033,0,0,0,36,32,340,0,0,0,0,167,0
13034,0,0,0,0,0,0,23,18,1,0,0,0
13035,0,0,0,0,0,3,0,0,0,0,300,0
13036,34,157,4,0,0,0,0,1,0,0,0,0
13037,1,8,0,0,0,0,0,0,0,0,0,0
13038,0,0,0,0,0,0,0,0,0,0,187,0
13039,31,101,6,0,0,0,0,0,0,0,0,0
13040,0,0,0,0,0,0,0,2,0,0,0,0
13041,0,0,0,0,0,0,0,0,0,0,0,0
13042,1,70,1,0,0,0,0,0,0,0,0,0
13043,0,0,0,0,0,0,34,121,2,0,0,0
13044,0,0,0,0,1,5,0,0,0,0,0,0
13045,0,0,0,0,0,0,229,616,2,0,0,0
13046,0,0,0,0,0,4,0,0,0,14,742,0
13047,0,0,0,0,0,0,0,0,0,50,188,0
13048,1,0,0,155,12,158,0,0,0,0,0,0
13049,0,0,0,0,0,0,30,14,0,0,0,0
13050,0,0,0,0,0,0,0,0,0,18,181,0
13051,0,0,0,0,0,1,0,0,0,12,763,1
13052,0,0,0,0,0,0,0,0,0,0,0,0
13053,0,1,1,0,0,0,0,0,0,0,0,0
13054,0,0,0,0,0,78,0,0,0,0,0,0
13055,0,0,0,0,12,0,0,0,0,0,0,0
13056,0,0,0,0,0,0,0,0,0,0,0,0
13057,3959,56,36,25,0,0,0,0,0,0,0,0
13058,0,20,0,0,0,0,0,0,0,0,0,0
13059,0,0,0,0,0,7,0,0,0,10,2602,17
13060,0,0,0,6,38,41,0,0,0,0,0,0
13061,0,0,0,0,0,0,74,1,0,0,0,0
13062,0,0,0,0,0,31,0,0,0,0,0,0
13063,1,344,5,0,0,0,0,0,0,0,0,0
13064,0,0,0,0,0,110,0,0,0,0,0,0
13065,0,0,0,0,0,3,0,0,0,0,0,0
13066,0,130,0,0,0,0,0,0,0,0,0,0
13067,0,0,0,2,0,0,0,0,0,0,0,0
13068,0,0,0,0,0,0,0,0,0,2,8,0
13069,0,0,0,7,44,281,0,0,0,0,0,0
13070,0,0,0,2,1,21,0,0,0,0,0,0
13071,0,0,0,0,0,0,0,0,0,0,0,0
13072,0,0,0,0,0,0,0,0,0,8,707,2
13073,0,0,0,0,1,0,0,0,0,0,0,0
13074,0,0,0,0,0,0,0,3,1,0,0,0
13075,0,0,0,0,0,157,0,0,0,0,1,0
13076,0,0,0,0,0,0,28,27,0,0,0,0
13077,0,0,0,0,0,0,0,0,0,0,79,0
13078,0,0,0,20,476,93,0,4,0,0,0,0
13079,0,0,0,0,1,1,0,0,0,0,0,0
13080,0,0,0,0,39,1,0,0,0,0,0,0
13081,0,0,0,0,0,107,0,0,0,0,0,0
13082,0,0,0,0,0,0,35,152,0,0,0,0
13083,0,0,0,0,0,0,0,0,0,0,29,0
13084,0,0,0,39,5,23,0,0,0,0,0,0
13085,0,0,0,0,0,0,83,1,0,0,0,0
13086,0,0,0,0,0,12,0,0,0,0,0,0
13087,7,178,0,0,0,0,0,0,0,0,0,0
13088,0,1,0,0,0,0,140,9,1,0,0,0
13089,0,2,0,0,0,0,0,0,0,0,0,0
13090,0,0,0,9,5,484,0,0,0,0,1,0
13091,0,0,0,0,0,0,64,45,4,0,0,0
13092,0,0,0,0,0,0,0,0,0,0,5,0
13093,0,0,0,97,3,58,0,0,0,0,0,0
13094,0,0,0,0,4,0,58,672,2,0,0,0
13095,0,0,0,0,0,0,0,0,0,1,154,3
13096,0,0,0,2,1,213,0,0,0,0,0,0
13097,14,0,0,0,0,0,0,0,0,0,0,0
13098,0,52,0,0,0,0,0,0,0,0,0,0
13099,1,271,3,0,0,0,0,0,0,0,0,0
13100,0,0,0,0,0,0,1,20,0,0,0,0
13101,0,0,0,0,0,0,0,0,0,0,5,9
13102,0,0,0,1,7,54,0,0,0,0,0,0
13103,0,0,0,0,1,0,0,0,0,0,0,0
13104,0,0,0,0,0,0,0,0,0,0,0,0
13105,0,0,0,0,0,1,0,0,0,0,2441,0
13106,0,0,0,0,0,0,0,0,0,0,0,0
13107,1,30,0,0,0,0,0,0,0,0,0,0
13108,0,61,1,0,0,0,0,0,0,0,0,0
13109,0,0,0,0,0,0,15,5,0,0,0,0
13110,1,10,53,0,0,0,0,0,0,0,0,0
13111,0,0,0,1,1,112,0,0,0,1,0,0
13112,0,0,0,1,0,3,0,0,0,0,0,0
13113,0,32,0,0,0,0,0,0,0,0,0,0
13114,0,0,0,0,0,351,0,0,0,0,0,0
13115,0,0,0,0,0,72,0,0,0,47,3927,5
13116,0,0,0,22,1,1,0,0,0,0,0,0
13117,0,0,0,0,0,0,0,0,0,0,0,0
13118,0,1,0,0,0,0,584,38,3,0,0,0
13119,0,0,0,0,0,24,0,0,0,1,3031,1
13120,0,0,0,1,1,180,0,0,0,0,3,0
13121,37,221,0,0,0,0,1,0,0,0,0,0
13122,0,2,0,0,0,0,1203,23,0,0,0,0
13123,0,0,0,2,1,40,0,0,0,0,0,0
13124,0,0,0,0,0,0,96,2,6,0,0,0
13125,0,0,0,0,0,0,21,56,2,0,0,0
13126,0,0,0,0,5,0,379,588,4,0,0,0
13127,0,0,0,0,0,0,49,2,1,0,0,0
13128,0,0,0,0,0,0,6,1,2,0,0,0
13129,7,133,40,0,0,0,0,0,0,0,0,0
13130,0,0,0,0,0,0,0,0,0,24,1,0
13131,4,86,12,0,0,0,0,0,0,0,0,0
13132,0,28,0,0,0,0,0,0,0,0,0,0
13133,0,0,0,0,0,3,0,0,0,7,231,1
13134,0,0,0,0,0,0,0,0,0,10,2,0
13135,56,45,3,0,0,3,0,0,0,0,0,0
13136,0,121,80,0,0,0,0,0,0,7,0,0
13137,0,0,0,0,0,3,0,0,0,0,0,0
13138,0,0,0,0,0,4,0,0,0,5,1985,1
13139,1,64,0,0,0,0,0,0,0,0,0,0
13140,0,0,0,0,0,2,0,0,0,57,568,1
13141,0,0,0,0,68,120,0,1,0,0,0,0
13142,0,1,0,0,0,0,0,0,0,0,0,0
13143,0,37,1,0,0,0,0,0,0,0,0,0
13144,0,0,0,2,3,94,0,0,0,0,0,0
13145,0,0,0,21,2,2,0,0,0,0,0,0
13146,0,0,0,0,0,0,17,17,1,0,0,0
13147,0,0,0,0,2,276,0,0,0,0,2,0
13148,0,0,0,0,0,0,46,3,2,0,0,0
13149,0,0,0,0,0,1,0,0,0,0,0,0
13150,0,0,0,0,0,70,0,0,0,0,0,0
13151,1,3,1,0,0,0,0,0,0,0,0,0
13152,1,51,0,0,0,0,0,0,0,0,0,0
13153,0,0,0,0,0,0,153,45,2,0,0,0
13154,0,3,2,0,0,0,0,0,0,0,0,0
13155,0,0,0,0,0,1,0,0,0,0,0,0
13156,0,0,0,0,0,0,2,5,1,0,0,0
13157,0,0,0,0,2,16,0,0,0,0,0,0
13158,0,0,0,0,1,2,0,0,0,0,0,0
13159,0,0,0,0,0,0,112,3,0,0,0,0
13160,0,0,0,0,0,2,0,0,0,0,0,0
13161,0,0,0,0,0,0,14,5,0,0,0,0
13162,0,0,0,1,0,119,0,0,0,0,0,0
13163,0,10,0,0,0,0,0,0,0,0,0,0
13164,0,0,0,0,0,2,0,0,0,0,151,1
13165,6,71,8,0,0,0,0,0,0,0,0,0
13166,0,0,0,0,0,0,0,0,0,1,321,0
13167,0,23,1,0,0,0,0,0,0,0,0,0
13168,0,0,0,0,0,93,0,0,0,0,9715,0
13169,4,62,0,0,0,0,0,0,0,0,0,0
13170,0,0,4,0,0,0,0,0,0,292,424,1
13171,0,0,0,54,137,89,0,0,0,0,0,0
13172,0,0,0,0,0,0,3,1,1,0,0,0
13173,0,0,0,0,0,0,1,1,0,0,0,0
13174,0,0,0,2,0,71,0,0,0,0,0,0
13175,2,47,0,0,0,0,0,0,0,0,0,0
13176,0,0,0,0,0,21,0,0,0,96,2576,6
13177,0,0,0,39,35,38,0,0,0,0,0,0
13178,0,0,0,0,0,0,18,4,0,0,0,0
13179,0,0,0,0,0,0,0,0,0,0,0,0
13180,0,0,0,1,11,407,0,0,0,0,0,0
13181,0,0,0,0,0,0,0,0,0,8,12,0
13182,56,23,0,3,0,0,0,0,0,0,0,0
13183,0,0,0,0,0,0,163,475,0,0,0,0
13184,0,0,0,0,0,0,1,39,0,0,0,0
13185,0,0,0,0,0,0,0,0,0,2,1,4
13186,191,55,12,0,0,0,0,0,0,0,0,0
13187,3,55,88,0,0,0,0,0,0,0,0,0
13188,0,0,0,1,1,1892,0,0,0,0,8,0
13189,6,32,0,0,0,0,0,0,0,0,0,0
13190,0,150,0,0,0,0,0,0,0,0,0,0
13191,0,0,0,0,0,0,0,0,0,1,3,0
13192,79,83,9,0,0,0,0,0,0,0,0,0
13193,0,0,0,0,0,0,68,23,4,0,0,0
13194,0,0,0,0,0,13,0,0,0,0,0,0
13195,0,0,0,54,1,50248,0,0,0,1,99,0
13196,0,79,0,0,0,0,0,0,0,0,0,0
13197,0,0,0,0,0,2,0,0,0,0,849,0
13198,1,91,0,0,0,0,0,0,0,0,0,0
13199,0,0,0,0,0,0,0,0,0,60,4,2
13200,0,0,0,0,0,0,0,0,0,2,1,0
13201,0,6,0,0,24,0,1314,3993,5,0,0,0
13202,0,0,0,0,0,0,4,2,1,0,0,0
13203,0,19,6,0,0,0,0,0,0,0,0,0
13204,70,168,28,1,0,0,1,0,0,0,0,0
13205,0,0,0,0,0,0,1,194,0,0,0,0
13206,0,0,0,0,0,0,0,0,0,0,0,0
13207,0,0,1,0,0,0,0,0,0,28,380,21
13208,7,2,11,0,0,0,0,0,0,0,0,0
13209,0,41,38,0,0,0,0,0,0,1,0,0
13210,0,0,0,1,0,5811,0,0,0,0,2,0
13211,0,131,1,0,0,0,1,0,0,0,0,0
13212,0,0,0,8,8,99,0,0,0,0,0,0
13213,0,0,0,0,2,0,56,35,0,0,0,0
13214,0,0,0,0,0,0,7,2,1,0,0,0
13215,0,9,0,0,0,0,0,0,0,0,0,0
13216,0,0,0,4,174,5387,0,1,0,1,14,0
13217,0,0,0,0,0,0,0,0,0,0,2,0
13218,17,2,0,0,0,0,0,0,0,0,0,0
13219,3,90,3,0,0,0,0,0,0,0,0,0
13220,0,0,0,0,0,0,10,0,0,0,0,0
13221,1,9,14,0,0,0,0,0,0,0,0,0
13222,5,364,28,0,0,0,2,0,0,0,0,0
13223,0,0,0,2,14,7,0,0,0,0,0,0
13224,0,0,0,0,0,0,0,0,0,1,2,1
13225,0,0,0,0,0,0,0,0,0,54,333,14
13226,0,0,0,2,0,8,0,0,0,0,0,0
13227,0,0,0,13,1,0,0,0,0,0,0,0
13228,0,0,0,1,0,46,0,0,0,0,0,0
13229,0,0,0,0,0,0,1,1,0,0,0,0
13230,0,0,0,0,0,0,0,1,0,0,0,0
13231,0,0,0,11,0,35,0,0,0,0,0,0
13232,0,0,0,0,0,0,2,3,1,0,0,0
13233,0,0,0,0,0,0,1,2,1,0,0,0
13234,0,0,0,13,54,142,0,0,0,0,0,0
13235,0,0,0,0,0,0,60,7,0,0,0,0
13236,0,0,0,0,0,0,0,0,0,0,3,0
13237,56,188,10,1,0,0,0,0,0,0,0,0
13238,0,0,0,1,0,0,0,0,0,0,0,0
13239,0,0,0,0,0,0,0,0,0,0,1,0
13240,0,1,0,0,0,0,457,334,3,0,0,0
13241,0,0,0,1,1,4,0,0,0,0,0,0
13242,0,0,0,0,0,0,1,2,41,0,0,0
13243,0,0,0,0,0,131,0,0,0,0,0,0
13244,0,0,0,0,0,2,0,0,0,0,0,0
13245,0,0,0,0,0,0,0,1,0,0,0,0
13246,0,0,0,0,0,88,0,0,0,0,0,0
13247,0,0,0,0,0,2,0,0,0,9,656,0
13248,0,0,0,0,1,0,0,0,0,0,0,0
13249,0,3,0,0,1,0,461,749,9,0,0,0
13250,0,0,0,0,0,28,0,0,0,0,0,0
13251,1,2,0,0,0,0,0,0,0,0,0,0
13252,0,0,0,0,0,0,0,0,0,1,388,0
13253,0,0,0,0,0,1,0,0,0,0,0,0
13254,0,0,0,0,0,0,1,2,0,0,0,0
13255,0,0,0,0,0,9,0,0,0,1,1152,0
13256,0,0,0,0,0,0,0,0,0,0,2,0
13257,0,0,0,0,0,0,0,6,0,0,0,0
13258,0,0,0,0,19,268,0,0,0,0,1,0
13259,0,0,0,72,2,1,0,0,0,0,0,0
13260,0,0,0,0,0,0,0,2,2,0,0,0
13261,0,0,0,0,0,0,0,0,0,0,810,0
13262,0,0,0,0,0,0,0,0,0,0,77,0
13263,1,0,0,0,0,0,0,0,0,0,0,0
13264,0,0,0,0,0,1,0,0,0,1,1019,0
13265,9,56,2,0,0,0,0,0,0,0,0,0
13266,0,0,0,0,0,791,0,0,0,0,3,0
13267,174,23,1,2,0,0,0,0,0,0,0,0
13268,0,0,0,0,0,0,98,21,2,0,0,0
13269,0,183,63,0,0,0,0,0,0,0,0,0
13270,0,0,0,3,64,983,0,0,0,0,6,0
13271,0,0,0,0,0,0,0,0,0,0,3,0
13272,0,2,0,0,0,0,0,0,0,0,0,0
13273,0,0,0,0,1,454,0,0,0,0,2,0
13274,0,0,0,0,0,1,0,0,0,6,1288,3
13275,0,0,0,0,0,0,0,0,0,153,771,1
13276,9,26,7,0,0,0,0,0,0,0,0,0
13277,2,6,8,0,0,0,0,0,0,0,0,0
13278,0,244,7,0,0,0,0,0,0,0,0,0
13279,0,0,0,0,16,244,0,0,0,0,1,0
13280,0,0,0,0,0,0,0,0,0,27,194,0
13281,0,0,0,0,0,0,0,0,0,14,23,0
13282,0,0,0,8,9,45,0,0,0,0,0,0
13283,0,1,0,0,0,0,0,0,0,0,0,0
13284,1,23,1,0,0,0,0,0,0,0,0,0
13285,33,625,11,0,0,0,5,0,0,0,0,0
13286,0,0,0,0,0,0,0,6,0,0,0,0
13287,0,0,0,0,0,0,10,1,0,0,0,0
13288,1,561,93,0,0,0,1,0,0,0,0,0
13289,0,0,0,2,7,111,0,0,0,0,0,0
13290,0,0,0,1,7,221,0,0,0,0,1,0
13291,0,0,0,0,236,7,0,0,0,0,0,0
13292,0,0,0,0,1,3,0,0,0,0,0,0
13293,0,0,0,0,0,0,1,3,1,0,0,0
13294,0,0,0,0,0,49,0,0,0,0,0,0
13295,0,0,0,0,0,0,139,32,0,0,0,0
13296,14,91,107,0,0,0,0,0,0,7,0,0
13297,0,0,0,0,0,31,0,0,0,42,3099,0
13298,0,0,0,10,10,41,0,0,0,0,1,0
13299,0,0,0,0,0,1,0,0,0,0,0,0
13300,156,132,0,0,0,0,0,0,0,0,0,0
13301,0,0,1,0,0,0,0,0,0,0,0,0
13302,0,13,0,0,0,0,0,0,0,0,0,0
13303,0,69,0,0,0,0,0,0,0,0,0,0
13304,0,0,0,0,0,0,47,60,0,0,0,0
13305,0,0,0,0,0,0,1,3,1,0,0,0
13306,0,0,0,0,0,26,0,0,0,0,0,0
13307,0,0,0,0,0,0,0,0,0,0,0,0
13308,7,771,3,0,0,0,1,0,0,0,0,0
13309,0,0,0,0,0,0,101,24,0,0,0,0
13310,0,0,0,1,0,2,0,0,0,0,0,0
13311,2,2,0,0,0,0,0,0,0,0,0,0
13312,0,0,0,1,0,98,0,0,0,0,0,0
13313,0,0,0,0,0,0,57,10,14,0,0,0
13314,0,0,0,0,1,120,0,0,0,0,0,0
13315,1,150,28,0,0,0,0,0,0,0,0,0
13316,0,0,0,0,0,0,0,0,0,1,1,0
13317,0,0,0,0,0,0,0,0,0,0,0,0
13318,0,20,0,0,0,0,0,0,0,0,0,0
13319,5,115,10,0,0,0,0,0,0,0,0,0
13320,0,0,0,0,0,1,0,0,0,0,0,0
13321,0,19,0,0,0,0,0,0,0,0,0,0
13322,0,0,0,0,0,0,0,0,0,0,8,1
13323,0,0,0,0,0,0,0,0,0,5,1,0
13324,0,0,0,4,2,166,0,0,0,0,1,0
13325,1,36,0,0,0,0,0,0,0,0,0,0
13326,0,0,0,0,0,19,0,0,0,3,3042,1
13327,1231,55,5,1,0,0,0,0,0,0,0,0
13328,2,76,9,0,0,0,0,0,0,0,0,0
13329,0,0,0,0,0,29,0,0,0,48,5429,5
13330,0,0,0,0,30,23,0,0,0,0,0,0
13331,0,0,0,9,2,80,0,0,0,0,0,0
13332,0,0,0,0,0,0,68,22,8,0,0,0
13333,0,0,0,0,4,90,0,0,0,0,1,0
13334,0,0,0,0,1,0,321,36,2,0,0,0
13335,0,0,0,0,0,8,0,0,0,20,2410,36
13336,0,0,0,0,0,89,0,0,0,0,0,0
13337,6,7,1,0,0,0,0,0,0,0,0,0
13338,2,107,12,0,0,0,0,0,0,0,0,0
13339,0,0,0,125,45,944,0,0,0,0,5,0
13340,0,0,0,0,0,0,4,3,2,0,0,0
13341,1,1,0,0,0,0,0,0,0,0,0,0
13342,0,0,0,0,0,0,0,0,0,0,378,0
13343,0,0,0,0,0,0,0,0,0,0,2,0
13344,0,0,2,0,0,0,0,0,0,27,3,0
13345,0,0,0,17,11,477,0,0,0,0,0,0
13346,0,0,0,0,0,0,23,16,1,0,0,0
13347,0,0,0,0,2,3,0,0,0,0,0,0
13348,0,0,0,0,3,0,118,1766,3,0,0,0
13349,0,0,0,0,0,0,19,30,0,0,0,0
13350,0,0,0,0,0,0,5,14,0,0,0,0
13351,0,0,0,1,1,211,0,0,0,0,0,0
13352,0,0,0,0,0,2,0,0,0,0,0,0
13353,0,0,0,0,2,2,0,0,0,0,0,0
13354,0,0,0,0,0,164,0,0,0,0,2,0
13355,5,19,0,0,0,0,0,0,0,0,0,0
13356,0,0,0,0,0,17,0,0,0,26,2154,0
13357,0,24,3,0,0,0,0,0,0,0,0,0
13358,0,0,0,0,0,0,0,0,0,149,81,0
13359,0,0,0,1,0,1,0,0,0,0,0,0
13360,0,0,0,6,2,58,0,0,0,0,0,0
13361,0,2,0,0,0,0,0,0,0,0,0,0
13362,3,19,0,0,0,0,0,0,0,0,0,0
13363,0,30,0,0,0,0,0,0,0,0,0,0
13364,1,0,2,0,0,0,0,0,0,0,0,0
13365,0,30,108,0,0,0,0,0,0,1,0,0
13366,0,0,0,0,0,28,0,0,0,8,2401,0
13367,2,62,1,0,0,0,2,0,0,0,0,0
13368,0,0,0,0,0,3,0,0,0,3,284,1
13369,19,122,26,0,0,0,19,0,0,0,0,0
13370,0,0,0,0,0,0,92,98,2,0,0,0
13371,0,0,0,0,50,47,0,2,0,0,1,0
13372,0,0,0,0,0,36,0,0,0,13,1386,0
13373,0,0,0,0,0,1,0,0,0,0,0,0
13374,0,0,0,0,0,0,2,10,11,0,0,0
13375,0,0,0,0,0,191,0,0,0,0,5,0
13376,1,53,1,0,0,0,2,0,0,0,0,0
13377,0,0,0,0,0,0,0,0,0,33,154,0
13378,0,0,1,0,0,17,0,0,0,116,1436,3
13379,0,4,0,0,0,0,555,9,3,0,0,0
13380,0,0,0,0,4,17,0,0,0,0,1,0
13381,0,0,2,0,0,16,0,0,0,56,847,3
13382,0,0,0,0,3,3,0,0,0,0,0,0
13383,0,0,0,0,0,0,5,1,6,0,0,0
13384,0,0,0,0,0,18,0,0,0,0,1246,1
13385,0,1,0,0,1,0,406,256,0,0,0,0
13386,0,0,0,0,0,0,7,29,5,0,0,0
13387,0,0,0,0,2,57,0,0,0,0,0,0
13388,22,137,8,0,0,0,2,0,0,0,0,0
13389,0,0,0,14,5,157,0,0,0,0,0,0
13390,0,0,0,0,1,0,39,399,37,0,0,0
13391,0,0,0,0,0,0,0,0,0,0,0,0
13392,0,0,0,0,0,0,0,1,0,0,0,0
13393,0,0,0,0,0,0,0,2,0,0,0,0
13394,0,25,17,0,0,0,0,0,0,0,0,0
13395,10,118,8,0,0,0,2,0,0,0,0,0
13396,4,131,20,0,0,0,1,0,0,0,0,0
13397,0,0,0,0,1,0,68,174,0,0,0,0
13398,0,0,0,0,0,0,15,20,0,0,0,0
13399,0,0,0,5,0,21,0,0,0,0,0,0
13400,0,0,0,0,1,4,0,0,0,0,0,0
13401,4,48,1,0,0,0,0,0,0,0,0,0
13402,0,0,0,0,0,0,0,0,0,0,0,0
13403,0,1,0,0,1,0,331,171,0,0,0,0
13404,0,0,0,0,0,0,8,3,3,0,0,0
13405,0,0,0,0,0,0,0,0,0,21,425,1
13406,0,0,0,0,0,0,0,0,0,0,0,0
13407,0,0,0,0,0,0,0,0,1,0,0,0
13408,0,0,0,0,0,0,0,0,0,0,0,0
13409,24,231,1,0,0,0,3,0,0,0,0,0
13410,0,0,0,0,0,0,108,169,1,0,0,0
13411,0,0,0,1,1,76,0,0,0,0,0,0
13412,0,0,0,0,1,1,0,0,0,0,0,0
13413,0,0,0,0,0,0,0,1,1,0,0,0
13414,0,0,0,0,0,39,0,0,0,0,0,0
13415,0,0,0,0,0,0,43,9,0,0,0,0
13416,3,259,11,0,0,0,0,0,0,0,0,0
13417,0,0,0,8,17,373,0,0,0,0,2,0
13418,0,0,0,0,0,0,0,0,0,15,3,0
13419,118,37,0,0,0,0,0,0,0,0,0,0
13420,2,372,12,0,0,0,0,0,0,0,0,0
13421,0,0,0,0,0,0,0,0,0,86,492,1
13422,0,0,0,18,19,4,0,0,0,0,0,0
13423,0,0,0,0,0,0,0,0,0,328,769,5
13424,0,0,0,1,0,3,0,0,0,966,2421,9
13425,0,0,0,0,0,0,594,28,1,0,0,0
13426,0,0,0,0,0,8,0,0,0,48,2214,4
13427,0,0,0,0,0,0,64,1,2,0,0,0
13428,15,43,7,0,0,0,0,0,0,0,0,0
13429,1,95,0,0,0,0,0,0,0,0,0,0
13430,0,0,0,0,0,1,0,0,0,179,403,0
13431,0,0,3,0,0,0,0,0,0,315,341,0
13432,0,0,0,0,0,1,0,0,0,28,1534,0
13433,35,187,44,0,0,0,0,0,0,0,0,0
13434,0,0,0,112,0,240,0,0,0,0,1,0
13435,0,0,0,0,0,0,204,147,37,0,0,3
13436,0,0,0,0,0,3,0,0,0,75,1250,0
13437,0,0,0,0,114,8,0,0,0,0,0,0
13438,0,0,0,8,48,519,0,0,0,0,0,0
13439,0,0,0,0,0,0,0,0,0,1,4,0
13440,12,12,0,0,0,0,0,0,0,0,0,0
13441,0,1,0,0,0,0,502,136,3,0,0,0
13442,0,0,0,1,16,4,0,0,0,0,0,0
13443,0,0,0,0,0,0,0,0,0,0,102,0
13444,9,228,121,0,0,0,1,0,0,7,0,0
13445,0,0,0,0,0,0,82,40,0,0,0,0
13446,0,0,0,0,0,3,0,0,0,33,842,0
13447,0,0,0,51,28,135,0,0,0,0,0,0
13448,0,0,0,0,0,0,21,8,1,0,0,0
13449,0,38,6,0,0,0,0,0,0,0,0,0
13450,0,0,0,5,3,114,0,0,0,0,0,0
13451,0,1,0,0,0,0,77,69,0,0,0,0
13452,0,0,0,0,0,9,0,0,0,24,1416,0
13453,3,151,4,0,0,0,1,0,0,0,0,0
13454,0,0,0,0,0,0,0,0,0,0,2,0
13455,8,34,4,0,0,0,0,0,0,0,0,0
13456,0,254,22,0,0,0,0,0,0,0,0,0
13457,0,0,0,1,18,102,0,0,0,0,1,0
13458,0,0,0,0,0,68,0,0,0,0,6243,0
13459,0,12,0,0,6,0,1284,2171,74,0,0,0
13460,0,0,0,0,2,14,0,0,0,0,0,0
13461,0,0,0,4,1,0,0,0,0,0,0,0
13462,0,0,0,2,4,0,0,0,0,0,0,0
13463,0,0,0,1,1,2,0,0,0,0,0,0
13464,0,0,0,0,0,1,0,0,0,0,0,0
13465,1,1,0,0,0,0,0,0,0,0,0,0
13466,1,0,0,0,0,0,0,0,0,0,0,0
13467,0,1,0,0,0,0,0,0,0,0,0,0
13468,0,0,0,0,0,0,0,0,0,2,5,1
13469,0,0,0,0,0,0,0,1,2,0,0,0
13470,0,0,0,0,0,0,0,1,0,0,0,0
13471,0,0,0,0,0,0,114,4,0,0,0,0
13472,0,0,0,0,2,63,0,0,0,0,0,0
13473,0,0,0,0,41,2,0,0,0,0,0,0
13474,1,0,0,86,3,227,0,0,0,0,3,0
13475,0,0,0,0,0,0,1,14,0,0,0,0
13476,0,0,0,0,0,0,0,0,0,0,0,0
13477,0,0,0,0,0,0,2,1,0,0,0,0
13478,0,0,0,0,0,0,0,1,5,0,0,0
13479,0,0,0,0,3,2,0,0,0,0,0,0
13480,0,0,0,0,0,0,1,4,1,0,0,0
13481,0,0,0,0,0,2,0,0,0,0,0,0
13482,0,5748,0,0,0,0,33,0,0,0,0,0
13483,0,38,0,0,0,0,0,0,0,0,0,0
13484,0,0,0,0,0,0,23,11,2,0,0,0
13485,0,0,0,35,3,4,0,0,0,0,0,0
13486,0,0,0,0,0,0,3,6,4,0,0,0
13487,0,0,0,0,0,9,0,0,0,64,2589,2
13488,13,636,2,0,0,0,2,0,0,0,0,0
13489,0,0,0,0,0,0,1,0,1,0,0,0
13490,0,0,0,0,0,0,0,0,0,0,5,0
13491,0,0,0,0,0,0,0,0,0,1,2,0
13492,0,0,0,0,0,0,0,0,0,2,0,3
13493,0,0,0,0,0,0,9,1,0,0,0,0
13494,0,0,0,0,37,16,0,0,0,0,0,0
13495,0,0,0,0,0,0,0,0,0,2,5,0
13496,0,0,0,0,0,2,0,0,0,0,0,0
13497,0,0,0,23,1,4,0,0,0,0,0,0
13498,0,849,0,0,0,0,0,0,0,0,0,0
13499,0,0,0,0,0,2,0,0,0,1,240,0
13500,20,63,0,0,0,0,2,0,0,0,0,0
13501,0,0,0,0,0,1,0,0,0,0,882,0
13502,0,0,0,0,0,0,0,0,0,0,41,0
13503,0,0,0,0,1,0,85,261,2,0,0,0
13504,0,0,0,66,0,25,0,0,0,0,0,0
13505,0,1,0,0,1,0,42,169,1,0,0,0
13506,0,0,0,0,0,0,0,0,0,0,488,1
13507,0,0,0,0,0,0,6,2,0,0,0,0
13508,0,0,0,0,0,0,8,1,1,0,0,0
13509,0,0,0,0,0,0,0,0,0,1,1,0
13510,17,53,0,0,0,0,0,0,0,0,0,0
13511,0,0,0,0,0,1,0,0,0,1,170,0
13512,13,87,13,0,0,0,0,0,0,0,0,0
13513,0,0,0,0,0,0,2,17,0,0,0,0
13514,0,1,0,0,0,0,223,157,10,0,0,0
13515,0,0,0,0,0,2,0,0,0,21,514,0
13516,1,66,0,0,0,0,1,0,0,0,0,0
13517,0,0,0,0,0,21,0,0,0,20,3505,5
13518,0,0,0,12,4,46,0,0,0,0,0,0
13519,7,49,0,0,0,0,0,0,0,0,0,0
13520,0,0,0,0,0,0,104,29,6,0,0,0
13521,0,0,0,0,12,130,0,0,0,0,0,0
13522,1,24,3,0,0,0,0,0,0,0,0,0
13523,0,0,0,0,0,0,0,0,0,0,11,0
13524,0,0,0,1,0,9,0,0,0,0,0,0
13525,0,0,0,0,0,0,2,4,0,0,0,0
13526,0,25,31,0,0,0,0,0,0,0,0,0
13527,0,0,0,11,1,199,0,0,0,0,1,0
13528,0,0,0,0,0,0,7,1,0,0,0,0
13529,0,0,0,0,1,9,0,0,0,0,0,0
13530,0,0,0,0,0,2,0,0,0,1,99,0
13531,0,0,0,0,0,0,13,4,0,0,0,0
13532,0,0,0,1,0,39,0,0,0,0,0,0
13533,6,1379,7,0,0,0,19,1,0,0,0,0
13534,0,0,0,3,0,223,0,0,0,0,1,0
13535,0,42,1,0,0,0,1,0,0,0,0,0
13536,0,0,0,0,0,67,0,0,0,0,10256,0
13537,1,3,0,0,0,0,0,0,0,0,0,0
13538,0,0,0,0,0,0,1,0,0,0,0,0
13539,0,0,0,0,0,0,0,2,0,0,0,0
13540,0,0,0,0,0,0,0,2,1,0,0,0
13541,0,0,0,0,0,0,0,0,0,0,8,1
13542,0,0,0,2,9,52,0,0,0,0,0,0
13543,0,0,0,3,4,50,0,0,0,0,0,0
13544,0,0,0,0,0,2,0,0,0,0,0,0
13545,0,0,0,8,0,54,0,0,0,0,0,0
13546,0,0,0,0,0,0,3,0,1,0,0,0
13547,0,0,0,0,0,0,0,0,0,0,0,0
13548,0,0,0,0,0,3,0,0,0,2,837,0
13549,0,50,1,0,0,0,0,0,0,0,0,0
13550,0,0,0,2,0,11,0,0,0,0,0,0
13551,0,0,0,0,0,9,0,0,0,66,2610,0
13552,0,0,0,0,0,12,0,0,0,0,0,0
13553,2,5,0,0,0,0,0,0,0,0,0,0
13554,0,0,0,0,0,6,0,0,0,0,1706,0
13555,0,0,0,0,0,0,0,0,0,0,0,0
13556,0,0,0,0,0,0,0,0,0,0,0,0
13557,0,0,0,2,1,219,0,0,0,0,0,0
13558,0,0,0,0,0,0,9,59,4,0,0,0
13559,1,89,16,0,0,0,0,0,0,0,0,0
13560,0,0,0,2,0,252,0,0,0,0,0,0
13561,0,2,0,0,0,0,0,0,0,0,0,0
13562,5,20,5,0,0,0,0,0,0,0,0,0
13563,0,96,4,0,0,0,0,0,0,0,0,0
13564,0,0,0,0,0,0,82,70,1,0,0,0
13565,0,0,0,0,0,1,0,0,0,0,0,0
13566,2,187,0,0,0,0,1,0,0,0,0,0
13567,0,0,0,0,1,0,8,115,1,0,0,0
13568,0,0,0,0,0,0,0,0,0,2,350,0
13569,0,0,0,22,3,36,0,0,0,0,0,0
13570,0,0,0,0,0,0,53,11,1,0,0,0
13571,0,0,0,0,0,0,0,0,0,0,0,0
13572,0,0,0,0,7,124,0,0,0,0,0,0
13573,0,0,0,1,0,1,0,0,0,0,0,0
13574,0,0,0,0,1,1,0,0,0,0,0,0
13575,0,0,0,1,0,152,0,0,0,0,0,0
13576,0,0,0,0,1,0,16,387,1,0,0,0
13577,0,0,0,0,0,0,0,0,0,1,33,174
13578,1,0,0,33,1,134,0,0,0,0,0,0
13579,0,0,2,0,0,0,0,0,0,0,0,0
13580,2,36,0,0,0,0,0,0,0,0,0,0
13581,0,114,1,0,0,0,0,0,0,0,0,0
13582,0,0,0,0,0,1,0,0,0,0,0,0
13583,0,0,0,2,0,2,0,0,0,0,0,0
13584,0,0,0,0,0,0,0,0,0,0,575,0
13585,0,0,0,0,0,1,0,0,0,19,1122,0
13586,0,0,0,2,0,8,0,0,0,0,0,0
13587,11,34,1,0,0,0,0,0,0,0,0,0
13588,0,1,0,0,0,0,0,0,0,0,0,0
13589,0,1,0,0,0,0,0,0,0,0,0,0
13590,1,79,0,0,0,0,0,0,0,0,0,0
13591,0,6,8,0,0,0,0,0,0,0,0,0
13592,0,0,0,0,0,0,0,0,0,36,280,1
13593,0,0,0,1,0,372,0,0,0,0,1,0
13594,0,2,0,0,0,0,0,0,0,0,0,0
13595,0,0,0,0,0,0,0,0,0,0,0,0
13596,0,0,0,2,0,91,0,0,0,0,0,0
13597,0,0,0,3,0,0,0,0,0,0,0,0
13598,0,0,0,0,0,0,0,1,1,0,0,0
13599,0,0,0,0,0,0,0,0,0,0,0,0
13600,0,0,0,3,5,0,0,0,0,0,0,0
13601,0,0,0,0,0,0,0,0,0,0,0,0
13602,0,0,0,0,1,44,0,0,0,0,0,0
13603,0,0,0,0,0,0,0,0,0,4,6,0
13604,0,0,0,0,0,0,3,2,3,0,0,0
13605,0,0,0,0,0,15,0,0,0,54,825,6
13606,0,0,0,1,0,12,0,0,0,0,0,0
13607,0,0,0,16,8,1,0,0,0,0,0,0
13608,0,0,0,0,0,64,0,0,0,5,1156,0
13609,0,0,0,0,0,0,0,0,0,6,2,6
13610,16,102,0,0,0,0,1,0,0,0,0,0
13611,11,106,41,0,0,0,2,0,0,0,0,0
13612,0,0,0,0,0,0,4,3,293,0,0,113
13613,4,2,3,0,0,0,0,0,0,0,0,0
13614,5,171,1,0,0,0,1,0,0,0,0,0
13615,0,546,7,0,0,0,12,0,0,0,0,0
13616,5,114,73,0,0,0,4,0,0,0,0,0
13617,0,896,0,0,51,0,4560,1275,20,0,0,0
13618,0,4,0,0,5,0,163,540,2,0,0,0
13619,0,19,5,0,0,0,0,0,0,0,0,0
13620,0,0,0,0,0,140,0,0,0,61,4496,2
13621,0,2,0,0,0,0,109,1,2,0,0,0
13622,23,65,43,0,0,0,0,0,0,1,0,0
13623,33,148,73,0,0,0,0,0,0,0,0,0
13624,0,0,0,0,0,0,2,716,7,0,0,0
13625,5,1281,28,0,0,0,5,0,0,0,0,0
13626,0,0,0,3,19,230,0,0,0,0,1,0
13627,0,0,0,0,1,0,133,398,1,0,0,0
13628,0,46,12,0,0,0,0,0,0,0,0,0
13629,0,0,0,0,0,0,0,0,0,31,388,0
13630,44,18,3,0,0,0,0,0,0,0,0,0
13631,6,30,13,0,0,0,0,0,0,0,0,0
13632,0,0,0,1,10,73,0,0,0,0,0,0
13633,0,0,0,2,0,33,0,0,0,0,0,0
13634,0,0,0,0,0,25,0,0,0,0,0,0
13635,4,40,0,0,0,0,0,0,0,0,0,0
13636,27,44,17,0,0,0,0,0,0,0,0,0
13637,0,0,0,1,14,108,0,0,0,0,0,0
13638,0,0,0,21,6,878,0,0,0,0,0,0
13639,0,0,0,0,2,0,35,32,2,0,0,0
13640,1,70,10,0,0,0,0,0,0,0,0,0
13641,0,0,0,0,26,121,0,0,0,0,0,0
13642,0,0,0,1,2,0,0,0,0,0,0,0
13643,0,0,0,0,0,0,0,0,0,6,313,3
13644,0,0,0,1,20,40,0,0,0,0,0,0
13645,0,0,0,0,0,11,0,0,0,0,0,0
13646,0,27,0,0,0,0,2,0,0,0,0,0
13647,0,0,0,0,0,9,0,0,0,1,834,0
13648,0,0,0,1,1,14,0,0,0,0,0,0
13649,0,0,0,2,2,36,0,0,0,0,0,0
13650,0,0,0,0,1,99,0,0,0,0,0,0
13651,0,0,0,0,0,0,108,18,0,0,0,0
13652,0,0,0,0,0,3,0,0,0,0,0,0
13653,2,704,0,0,0,0,2,0,0,0,0,0
13654,0,1,0,0,0,0,295,1,0,0,0,0
13655,0,0,0,0,1,12,0,0,0,0,0,0
13656,0,0,0,6,0,66,0,0,0,0,0,0
13657,0,1,0,0,0,0,0,0,0,0,0,0
13658,0,1,0,0,0,0,0,0,0,0,0,0
13659,0,0,0,0,0,0,166,0,21,0,0,0
13660,5,2,168,0,0,0,0,0,0,0,0,0
13661,0,0,0,0,0,0,436,5,1,0,0,0
13662,0,84,1,0,0,0,3,0,0,0,0,0
13663,0,0,0,0,0,41,0,0,0,54,387,1
13664,1,2,3,0,0,0,0,0,0,0,0,0
13665,0,0,0,0,0,56,0,0,0,10,6139,1
13666,5,57,1,0,0,0,0,0,0,0,0,0
13667,0,0,1,0,0,5,0,0,0,228,1375,0
13668,0,0,0,5,48,266,0,0,0,0,0,0
13669,0,0,0,2,34,70,0,0,0,0,0,0
13670,0,0,0,0,44,39,0,0,0,0,0,0
13671,0,0,0,0,0,26,0,0,0,43,450,1
13672,0,0,0,24,31,46,0,0,0,0,0,0
13673,0,0,0,0,0,1,0,0,0,46,236,0
13674,0,0,0,2,0,207,0,0,0,0,4,0
13675,1,1,0,0,0,0,0,0,0,0,0,0
13676,1,11,1,0,0,0,0,0,0,0,0,0
13677,0,0,0,0,0,1,0,0,0,14,264,0
13678,0,0,0,5,0,167,0,0,0,0,1,0
13679,0,8,0,0,0,0,0,0,0,0,0,0
13680,0,0,0,0,0,0,0,0,0,1,196,1
13681,0,0,0,0,0,0,0,0,0,26,0,74
13682,19,127,1,0,0,0,0,0,0,0,0,0
13683,0,65,5,0,0,0,0,0,0,0,0,0
13684,0,0,0,0,0,1,0,0,0,5,647,0
13685,6,124,0,0,0,0,1,0,0,0,0,0
13686,0,0,0,6,3,244,0,0,0,0,1,0
13687,0,0,0,0,0,0,0,0,0,0,0,0
13688,0,2,0,0,0,0,0,0,0,0,0,0
13689,0,157,0,0,0,0,1,0,0,0,0,0
13690,0,0,0,0,0,0,107,0,5,0,0,0
13691,5,15,37,0,0,0,0,0,0,0,0,0
13692,0,36,23,0,0,0,0,0,0,0,0,0
13693,53,106,1,0,0,0,0,0,0,0,0,0
13694,0,0,0,0,0,7,0,0,0,10,1966,2
13695,4,19,18,0,0,0,0,0,0,0,0,0
13696,1,162,22,0,0,0,3,0,0,0,0,0
13697,0,0,0,1,0,20,0,0,0,0,0,0
13698,0,0,0,0,0,66,0,0,0,0,1,0
13699,0,0,0,0,0,68,0,0,0,0,0,0
13700,3,13,2,0,0,0,0,0,0,0,0,0
13701,0,0,0,0,0,2751,0,0,0,0,7,0
13702,2,15,0,0,0,0,0,0,0,0,0,0
13703,1,98,4,0,0,0,1,0,0,0,0,0
13704,0,0,0,3,8,102,0,0,0,0,1,0
13705,0,0,0,7,6,29,0,0,0,0,1,0
13706,0,0,0,0,0,30,0,0,0,0,0,0
13707,0,56,0,0,0,0,0,0,0,0,0,0
13708,0,0,0,0,0,0,0,0,0,78,173,10
13709,0,0,0,0,0,3,0,0,0,0,0,0
13710,0,0,0,1,0,66,0,0,0,0,0,0
13711,1,1614,0,0,0,0,1,0,0,0,0,0
13712,8,5346,35,0,0,0,27,1,0,1,0,0
13713,0,48,0,0,1,0,8362,318,9,0,0,0
13714,0,0,0,0,0,0,184,17,26,0,0,2
13715,1,1481,34,0,0,0,0,0,0,0,0,0
13716,0,0,0,6,56,594,0,0,0,0,2,0
13717,0,0,0,22,0,2,0,0,0,0,0,0
13718,0,0,0,0,0,0,62,6,2,0,0,0
13719,0,0,0,0,0,126,0,0,0,0,0,0
13720,0,0,0,0,0,3,0,0,0,33,509,4
13721,0,0,0,0,0,34,0,0,0,26,1469,6
13722,66,103,20,0,0,0,0,0,0,0,0,0
13723,0,0,0,0,65,0,17,983,2,0,0,0
13724,0,0,0,0,0,5,0,0,0,0,935,1
13725,0,0,0,6,2,240,0,0,0,0,0,0
13726,0,0,0,0,0,3,607,45,19,0,0,0
13727,0,0,0,5,1,32,0,0,0,0,0,0
13728,0,0,0,10,2,97,0,0,0,0,0,0
13729,0,0,0,0,0,0,48,66,9,0,0,0
13730,0,0,0,0,0,42,0,0,0,0,3425,1
13731,0,0,0,2,2,123,0,0,0,0,0,0
13732,0,34,0,0,0,0,0,0,0,0,0,0
13733,6,88,1,0,0,0,0,0,0,0,0,0
13734,1,38,1,0,0,0,0,0,0,0,0,0
13735,0,0,0,0,0,0,0,0,0,1,2,0
13736,1,0,0,0,0,0,0,0,0,0,0,0
13737,0,0,0,1,0,257,0,0,0,0,0,0
13738,0,0,0,0,0,0,0,11,4,0,0,0
13739,0,1,0,0,0,0,0,0,0,0,0,0
13740,0,0,0,0,0,4,0,0,0,71,1344,0
13741,0,0,0,0,0,39,0,0,0,0,0,0
13742,0,0,0,0,85,2,0,0,0,0,0,0
13743,0,0,0,0,0,0,0,0,0,1,469,0
13744,0,0,0,0,0,3,0,0,0,0,0,0
13745,0,0,0,1,0,2,0,0,0,0,0,0
13746,0,0,0,0,0,28,0,0,0,0,0,0
13747,0,1,1,0,0,0,0,0,0,0,0,0
13748,0,1761,1,0,0,0,7,0,0,0,0,0
13749,0,0,0,0,0,0,408,70,0,0,0,0
13750,0,0,0,1,0,0,0,0,0,0,0,0
13751,0,0,0,1,0,0,0,0,0,0,0,0
13752,0,0,0,0,0,17,0,0,0,0,0,0
13753,2,37,1,0,0,0,0,0,0,0,0,0
13754,0,0,0,0,0,0,32,6,2,0,0,0
13755,1,273,3,0,0,0,5,0,0,0,0,0
13756,2,153,23,0,0,0,0,0,0,0,0,0
13757,0,0,0,1,2,42,0,0,0,0,0,0
13758,21,197,6,1,0,0,0,0,0,0,0,0
13759,0,0,0,0,0,0,121,83,3,0,0,0
13760,2,43,21,0,0,0,0,0,0,0,0,0
13761,0,0,0,0,0,2,0,0,0,16,536,0
13762,0,1,0,0,0,0,326,341,0,0,0,0
13763,0,0,0,0,0,0,97,333,19,0,0,0
13764,0,0,0,8,0,313,0,0,0,0,0,0
13765,0,0,0,0,4,0,36,697,0,0,0,0
13766,13,118,25,0,0,0,0,0,0,0,0,0
13767,0,0,0,0,0,5,0,0,0,26,333,1
13768,154,790,10,0,0,0,3,0,0,0,0,0
13769,0,0,0,10,10,14,0,0,0,0,0,0
13770,0,1,0,0,1,0,105,81,1,0,0,0
13771,0,0,0,0,0,0,138,111,0,0,0,0
13772,0,0,0,0,0,96,0,0,0,0,0,0
13773,9,328,0,0,0,0,1,0,0,0,0,0
13774,0,0,0,0,0,1,0,0,0,60,506,1
13775,0,0,0,0,0,0,0,0,0,0,8,0
13776,8,52,177,0,0,0,0,0,0,0,0,0
13777,0,0,0,0,0,0,0,0,0,2,18,0
13778,0,3,0,0,0,0,0,0,0,0,0,0
13779,0,0,0,0,0,382,0,0,0,0,4,0
13780,1,33,0,0,0,0,0,0,0,0,0,0
13781,0,0,0,1,2,33,0,0,0,0,0,0
13782,1,21,0,0,0,0,0,0,0,0,0,0
13783,0,0,0,2,37,2,0,0,0,0,0,0
13784,0,0,0,0,0,0,0,0,0,0,5,0
13785,18,204,0,0,0,0,3,0,0,0,0,0
13786,0,0,0,0,0,0,0,0,0,0,4,0
13787,0,0,0,0,2,0,2,33,0,0,0,0
13788,0,0,0,5,33,339,0,0,0,0,0,0
13789,0,0,0,0,0,0,0,0,0,11,0,0
13790,33,4,1,0,0,0,0,0,0,0,0,0
13791,2,74,57,0,0,0,0,0,0,0,0,0
13792,0,0,0,0,0,1,0,0,0,60,485,0
13793,0,0,0,0,0,0,194,18,0,0,0,0
13794,0,0,0,2,72,44,0,0,0,0,0,0
13795,0,0,0,0,0,0,0,0,0,7,0,1
13796,0,0,0,0,0,0,0,0,0,0,0,0
13797,0,0,0,0,0,76,0,0,0,0,0,0
13798,0,620,0,0,0,0,2,0,0,0,0,0
13799,0,0,0,0,0,0,0,0,0,0,5,3
13800,0,0,0,6,0,23,0,0,0,0,0,0
13801,0,5,0,0,0,0,0,0,0,0,0,0
13802,1,9,0,0,0,0,0,0,0,0,0,0
13803,2,84,0,0,0,0,0,0,0,0,0,0
13804,0,0,0,3,0,286,0,0,0,0,0,0
13805,1,9,0,0,0,0,0,0,0,0,0,0
13806,0,0,0,0,0,0,0,0,0,1,197,0
13807,0,4,1,0,0,0,0,0,0,0,0,0
13808,0,0,0,0,0,0,0,0,0,4,2,0
13809,48,125,2,1,0,0,0,0,0,0,0,0
13810,0,41,25,0,0,0,0,0,0,0,0,0
13811,0,0,0,0,0,4,0,0,0,0,0,0
13812,0,1,0,0,19,0,65,2145,19,0,0,0
13813,0,0,0,0,0,0,5,84,1,0,0,0
13814,0,0,0,0,0,0,0,0,0,1,7,4
13815,166,111,16,0,0,0,0,0,0,0,0,0
13816,0,0,0,0,0,0,2,4,2,0,0,0
13817,0,2,1,0,0,0,0,0,0,0,0,0
13818,0,0,0,0,0,1,0,0,0,2,1273,0
13819,0,0,0,0,0,0,0,0,0,44,139,3
13820,0,0,0,0,0,3,0,0,0,0,0,0
13821,0,0,0,0,0,8,0,0,0,36,1952,2
13822,0,0,0,0,0,0,385,1,3,0,0,0
13823,0,0,0,3,3,95,0,0,0,0,0,0
13824,0,0,0,0,0,0,0,0,0,39,349,2
13825,0,0,0,0,0,31,0,0,0,0,0,0
13826,4,5,0,0,0,0,0,0,0,0,0,0
13827,0,0,0,0,0,178,0,0,0,0,0,0
13828,0,0,0,0,0,0,67,10,0,0,0,0
13829,0,0,0,0,0,0,0,0,0,6,235,0
13830,0,0,0,5,10,81,0,0,0,0,0,0
13831,0,0,0,3,3,1629,0,0,0,0,1546,0
13832,0,0,0,0,10,917,0,0,0,0,1,0
13833,1,503,11,0,0,0,12,0,0,0,0,0
13834,1,3,12,0,0,0,0,0,0,0,0,0
13835,0,0,0,0,0,0,17,198,2,0,0,0
13836,0,2,0,0,0,0,98,10,1,0,0,0
13837,0,0,0,0,0,0,0,0,0,3,30,1
13838,12,4,0,0,0,0,0,0,0,0,0,0
13839,0,0,0,4,5,110,0,0,0,0,0,0
13840,0,0,0,1,1,1,0,0,0,0,0,0
13841,0,0,0,1,0,2,0,0,0,0,0,0
13842,0,0,0,3,0,107,0,0,0,0,0,0
13843,0,0,0,0,0,0,16,104,0,0,0,0
13844,0,35,21,0,0,0,0,0,0,0,0,0
13845,0,0,0,4,2,218,0,0,0,0,0,0
13846,0,0,0,0,0,0,2,2,1,0,0,0
13847,3,2,10,0,0,0,0,0,0,0,0,0
13848,8,153,40,0,0,0,0,0,0,0,0,0
13849,0,0,0,0,0,0,144,100,2,0,0,0
13850,0,0,0,0,2,0,33,607,0,0,0,0
13851,0,0,0,2,0,226,0,0,0,0,6,0
13852,5,48,7,0,0,0,0,0,0,0,0,0
13853,3,273,26,0,0,0,0,0,0,0,0,0
13854,0,0,0,2,24,420,0,0,0,0,1,0
13855,0,0,0,9,1,2,0,0,0,0,0,0
13856,0,2,0,0,0,0,78,2,0,0,0,0
13857,0,0,0,0,0,185,0,0,0,0,0,0
13858,0,0,0,0,0,0,79,1298,5,0,0,0
13859,2,165,46,0,0,0,0,0,0,0,0,0
13860,0,0,0,0,0,387,0,0,0,21,23010,2
13861,4,113,10,0,0,0,0,0,0,0,0,0
13862,0,0,0,0,0,1,0,0,0,0,2486,2
13863,4,98,3,0,0,0,0,0,0,0,0,0
13864,0,0,0,3,8,151,0,0,0,0,4,0
13865,0,0,0,1,0,0,0,0,0,0,0,0
13866,8,47,1,0,0,0,0,0,0,0,0,0
13867,0,54,76,0,0,0,0,0,0,0,0,0
13868,1,89,1,0,0,0,0,0,0,0,0,0
13869,2,149,7,0,0,0,0,0,0,0,0,0
13870,0,0,0,0,0,0,66,2,2,0,0,0
13871,1,14,11,0,0,0,0,0,0,0,0,0
13872,4,195,52,0,0,0,0,0,0,0,0,0
13873,5,157,18,0,0,0,0,0,0,0,0,0
13874,0,0,0,1,0,50,0,0,0,0,1,0
13875,0,55,2,0,0,0,0,0,0,0,0,0
13876,0,0,0,0,0,0,0,0,0,24,123,0
13877,0,0,0,0,0,1,0,0,0,0,0,0
13878,0,0,0,12,3,25,0,0,0,0,0,0
13879,0,0,0,0,0,0,249,7,0,0,0,0
13880,0,0,0,0,16,35,0,0,0,0,0,0
13881,0,0,0,0,0,0,0,0,0,3,89,0
13882,1,68,0,0,0,0,1,0,0,0,0,0
13883,0,0,0,0,0,0,0,0,0,4,203,0
13884,16,114,33,0,0,0,0,0,0,0,0,0
13885,0,0,0,35,2,229,0,0,0,0,1,0
13886,0,3,0,0,0,0,0,0,0,0,0,0
13887,0,0,0,0,0,17,0,0,0,0,3042,0
13888,8,30,14,0,0,0,0,0,0,0,0,0
13889,1,58,24,0,0,0,0,0,0,0,0,0
13890,0,0,0,1,209,184,0,3,0,0,1,0
13891,0,0,0,3,1,4,0,0,0,0,0,0
13892,0,0,0,0,0,0,252,12,0,0,0,0
13893,0,0,0,0,1,92,0,0,0,0,0,0
13894,0,0,0,5,1,0,0,0,0,0,0,0
13895,0,0,0,0,0,0,4,1,1,0,0,0
13896,0,0,0,0,0,14,0,0,0,0,0,0
13897,0,0,0,0,4,0,56,991,3,0,0,0
13898,32,366,56,0,0,0,1,0,0,0,0,0
13899,0,0,0,6,38,192,0,0,0,0,1,0
13900,0,0,0,0,0,0,42,93,0,0,0,0
13901,73,737,42,0,0,0,0,0,0,0,0,0
13902,0,0,0,4,4,170,0,0,0,0,0,0
13903,0,2,0,0,2,0,1322,37,0,0,0,0
13904,0,454,33,0,0,0,3,1,0,0,0,0
13905,0,0,0,35,4,163,0,0,0,0,0,0
13906,0,0,0,33,2,23,0,0,0,0,0,0
13907,7,136,35,0,0,0,0,0,0,0,0,0
13908,0,0,0,0,1,130,0,0,0,0,1,0
13909,0,0,0,0,35,11,0,0,0,0,0,0
13910,0,0,0,4,1,9,0,0,0,0,0,0
13911,0,0,0,0,0,1,0,0,0,3,799,0
13912,16,432,12,0,0,0,0,0,0,0,0,0
13913,1,130,23,0,0,0,0,0,0,0,0,0
13914,0,0,0,13,3,674,0,0,0,0,0,0
13915,0,11,0,0,0,0,0,0,0,0,0,0
13916,7,22,6,0,0,0,0,0,0,0,0,0
13917,3,24,64,0,0,0,0,0,0,0,1,0
13918,1,17,22,0,0,0,0,0,0,0,0,0
13919,5,125,21,0,0,0,0,0,0,0,0,0
13920,0,0,0,0,4,0,262,1218,8,0,0,0
13921,0,0,0,0,1,0,92,447,1,0,0,0
13922,4,20,11,0,0,0,0,0,0,0,0,0
13923,0,0,0,0,0,11,0,0,0,54,949,0
13924,0,0,0,39,6,0,0,0,0,0,0,0
13925,0,0,0,0,0,0,1,2,0,0,0,0
13926,0,0,0,0,0,0,0,123,1,0,0,0
13927,0,0,0,1,0,14,0,0,0,0,0,0
13928,8,478,1,0,0,0,4,0,0,0,0,0
13929,0,0,0,0,0,1841,0,0,0,0,13,0
13930,0,0,0,0,0,0,27,8,23,0,0,0
13931,0,61,9,0,0,0,0,0,0,0,0,0
13932,0,0,0,29,2,264,0,0,0,0,3,0
13933,0,0,0,1,1,22,0,0,0,0,4,0
13934,0,0,0,0,0,4,0,0,0,0,0,0
13935,0,0,0,0,0,169,0,0,0,0,0,0
13936,0,0,0,0,0,0,40,89,2,0,0,0
13937,0,0,0,0,0,13,0,0,0,0,0,0
13938,38,98,49,0,0,0,0,0,0,2,0,0
13939,0,0,0,0,0,0,7,0,2,0,0,0
13940,0,14,30,0,0,0,0,0,0,0,0,0
13941,2,20,3,0,0,0,0,0,0,0,0,0
13942,3,24,10,0,0,0,0,0,0,0,0,0
13943,0,51,0,0,0,0,0,0,0,0,0,0
13944,0,0,0,0,0,42,0,0,0,19,7437,0
13945,0,0,0,0,0,2,0,0,0,51,834,5
13946,0,0,0,0,0,0,0,0,0,2,88,0
13947,497,175,141,0,0,0,0,0,0,0,0,0
13948,0,0,0,0,0,0,71,269,4,0,0,0
13949,5,179,19,0,0,0,0,0,0,0,0,0
13950,0,0,0,4,0,632,0,0,0,0,2,0
13951,4,509,2,0,0,0,0,0,0,0,0,0
13952,0,0,0,1,0,29,0,0,0,0,0,0
13953,1,1908,3,0,0,0,1,1,0,0,0,0
13954,0,0,0,5,6,177,0,0,0,0,0,0
13955,0,0,0,0,0,13,0,0,0,0,0,0
13956,0,171,1,0,0,0,0,0,0,0,0,0
13957,0,0,0,0,0,2,0,0,0,25,1390,0
13958,0,0,0,0,1,0,119,36,0,0,0,0
13959,0,0,0,0,0,0,0,0,0,54,162,1
13960,0,1,0,0,0,0,973,10,1,0,0,0
13961,0,0,0,0,0,13,0,0,0,0,0,0
13962,3,869,1,0,0,0,1,0,0,0,0,0
13963,0,0,0,0,1,230,0,0,0,0,0,0
13964,0,0,0,0,0,0,0,0,0,0,0,0
13965,0,0,0,0,0,74,0,0,0,0,3898,0
13966,0,4,0,0,1,0,202,38,0,0,0,0
13967,0,0,0,0,0,1,0,0,0,9,160,0
13968,0,0,0,0,0,19,0,0,0,40,669,3
13969,12,32,4,0,0,0,0,0,0,0,0,0
13970,0,447,63,0,0,0,2,0,0,0,0,0
13971,0,0,1,0,0,139,0,0,0,50,1459,0
13972,0,0,0,3,211,29,0,10,0,0,0,0
13973,0,0,0,0,0,0,0,0,0,0,0,0
13974,10,73,1,0,0,0,0,0,0,0,0,0
13975,0,0,0,0,0,0,137,313,0,0,0,0
13976,0,0,0,0,0,0,82,2,2,0,0,0
13977,9,0,0,95,30,156,0,0,0,0,3,0
13978,0,0,0,0,0,0,5,1,4,0,0,0
13979,1,25,13,0,0,0,0,0,0,1,0,0
13980,1,43,4,0,0,0,0,0,0,0,0,0
13981,0,0,0,0,0,0,0,0,0,2,85,0
13982,0,0,0,0,0,0,84,23,1,0,0,0
13983,0,0,0,2,3,48,0,0,0,0,0,0
13984,0,0,0,0,0,0,109,21,6,0,0,0
13985,0,0,0,0,3,25,0,0,0,0,0,0
13986,0,152,0,0,0,0,1,0,0,0,0,0
13987,0,0,0,0,0,0,0,0,0,0,4,0
13988,0,0,0,0,0,0,5,0,0,0,0,0
13989,0,0,0,0,0,5,0,0,0,33,834,0
13990,0,0,0,0,0,0,0,0,0,23,3,1
13991,35,72,0,0,0,0,0,0,0,0,0,0
13992,26,57,13,0,0,0,0,1,0,0,0,0
13993,0,0,0,0,45,1,42,10656,1,0,0,0
13994,0,0,0,0,0,6,0,0,0,1,4272,0
13995,0,0,0,52,73,267,0,0,0,0,0,0
13996,0,0,0,1,77,36,0,0,0,0,0,0
13997,0,0,0,0,0,9,0,0,0,0,0,0
13998,0,0,0,0,0,0,181,18,3,0,0,0
13999,0,0,0,7,2,33,0,0,0,0,0,0
14000,0,0,0,0,0,25,0,0,0,0,0,0
14001,36,26,0,0,0,0,0,0,0,0,0,0
14002,0,0,2,0,0,0,0,0,0,0,0,0
14003,0,345,0,0,0,0,0,0,0,0,0,0
14004,53,222,15,0,0,0,0,0,0,0,0,0
14005,0,71,1,0,0,0,0,0,0,0,0,0
14006,0,0,0,0,0,0,0,0,0,3,2,0
14007,4,81,10,0,0,0,1,0,0,0,0,0
14008,0,0,0,0,0,0,275,829,0,0,0,0
14009,0,0,0,0,0,16,0,0,0,0,0,0
14010,1,317,0,0,0,0,0,0,0,0,0,0
14011,0,0,0,0,0,0,0,0,0,20,1,0
14012,26,108,0,0,0,0,0,0,0,0,0,0
14013,15,29,89,0,0,0,0,0,0,0,0,0
14014,0,0,0,2,115948,113,6,988,0,0,0,0
14015,0,0,0,6,2,1,0,0,0,0,0,0
14016,0,0,0,0,0,2,0,0,0,10,897,2
14017,0,0,0,15,8,0,0,0,0,0,0,0
14018,0,0,0,0,0,0,2,0,1,0,0,0
14019,0,0,0,0,0,130,0,0,0,0,0,0
14020,0,0,0,0,0,0,129,19,0,0,0,0
14021,0,176,7,0,0,0,0,0,0,0,0,0
14022,0,0,0,17,19,237,0,1,0,0,0,0
14023,0,0,0,0,0,0,120,9,0,0,0,0
14024,0,0,0,0,0,0,0,0,0,19,127,0
14025,0,0,0,0,0,1,0,0,0,9,273,22
14026,34,113,296,0,0,0,1,0,0,2,1,0
14027,0,0,0,0,0,2,0,0,0,0,0,0
14028,0,0,0,0,5,0,68,2183,1,0,0,0
14029,0,0,0,0,0,0,0,0,0,29,1,0
14030,0,23,0,0,0,0,9449,63,0,0,0,0
14031,19,34,59,0,0,0,0,0,0,0,0,0
14032,3,63,11,0,0,0,1,0,0,0,0,0
14033,47,431,80,0,0,0,8,0,0,0,0,0
14034,1,0,0,57,49,343,0,0,0,0,0,0
14035,0,0,0,0,1,0,76,69,2,0,0,0
14036,0,0,0,0,0,0,0,0,0,15,70,0
14037,0,0,0,76,5,207,0,0,0,0,0,0
14038,0,0,0,0,0,0,0,0,0,0,0,0
14039,0,0,0,0,0,0,0,2,0,0,0,0
14040,0,0,0,1,0,131,0,0,0,0,6,0
14041,6,661,7,0,0,0,0,0,0,0,0,0
14042,0,0,0,0,3,20,0,0,0,0,0,0
14043,0,0,0,4,1,24,0,0,0,0,0,0
14044,0,0,0,0,0,0,36,4,1,0,0,0
14045,0,0,0,0,1,25,0,0,0,0,0,0
14046,0,0,0,31,11,62,0,0,0,0,0,0
14047,0,0,0,0,0,0,0,8,0,0,0,0
14048,0,0,0,0,0,0,1,0,0,0,0,0
14049,0,0,0,11,3,45,0,0,0,0,0,0
14050,0,0,0,0,0,0,153,6,0,0,0,0
14051,0,0,0,0,0,5,0,0,0,0,0,0
14052,0,215,3,0,0,0,0,0,0,0,0,0
14053,0,0,0,0,0,4,0,0,0,10,466,0
14054,0,0,0,0,0,1,0,0,0,0,0,0
14055,0,0,0,0,11,3,254,2116,136,0,2,0
14056,1,36,0,0,0,0,0,0,0,0,0,0
14057,0,0,0,0,0,0,0,0,0,0,7,0
14058,3,110,3,0,0,0,0,0,0,0,0,0
14059,0,0,0,1,5,774,0,0,0,0,3,0
14060,0,0,0,0,0,3,0,0,0,0,0,0
14061,1,144,0,0,0,0,4,0,0,0,0,0
14062,0,0,0,0,0,0,0,2,1,0,0,0
14063,2,2,0,0,0,0,0,0,0,0,0,0
14064,0,0,0,0,0,853,0,0,0,0,3,0
14065,0,1,0,0,0,0,0,0,0,0,0,0
14066,0,0,0,0,0,0,0,0,0,0,0,0
14067,0,0,0,0,0,457,0,0,0,0,1,0
14068,0,0,0,0,0,0,0,0,0,0,1,0
14069,0,0,0,0,0,0,0,0,0,0,0,0
14070,0,200,0,0,0,0,0,0,0,0,0,0
14071,0,0,0,0,0,0,0,67,0,0,0,0
14072,0,0,1,0,0,0,0,0,0,0,0,0
14073,0,0,0,0,3,318,0,0,0,0,1,0
14074,0,0,1,0,0,0,0,0,0,83,113,0
14075,0,0,0,0,0,2,0,0,0,0,0,0
14076,0,0,0,0,0,1,0,0,0,69,198,0
14077,4,46,0,0,0,0,0,0,0,0,0,0
14078,0,41,5,0,0,0,0,0,0,0,0,0
14079,0,0,0,7,4,89,0,0,0,0,0,0
14080,0,2,0,0,0,0,22,2,0,0,0,0
14081,0,0,0,0,0,0,0,2,0,0,0,0
14082,0,0,0,0,0,87,0,0,0,0,0,0
14083,198,62,0,0,0,0,0,0,0,0,0,0
14084,3,91,8,0,0,0,0,0,0,0,0,0
14085,0,0,1,0,0,0,0,0,0,41,152,10
14086,0,0,0,0,0,2,0,0,0,0,0,0
14087,39,0,0,0,0,0,43,2,1,0,0,0
14088,0,0,0,0,0,0,0,44,1,0,0,0
14089,0,0,0,0,0,1,0,0,0,0,0,0
14090,1,67,0,0,0,0,0,0,0,0,0,0
14091,0,0,0,0,0,239,0,0,0,0,0,0
14092,0,0,0,0,0,0,0,1,1,0,0,0
14093,4,1,0,0,0,0,0,0,0,0,0,0
14094,0,0,0,0,0,250,0,0,0,0,1,0
14095,0,0,0,0,0,6,0,0,0,0,0,0
14096,0,0,0,1,3,1,0,0,0,0,0,0
14097,0,0,0,0,0,0,0,0,0,7,655,0
14098,0,0,0,0,0,0,1,5,1,0,0,0
14099,0,0,0,0,0,0,2,7,2,0,0,0
14100,0,0,0,8,0,184,0,0,0,0,0,0
14101,0,0,0,0,0,0,1,0,0,0,0,0
14102,0,0,0,0,0,0,0,0,0,0,0,0
14103,0,0,0,0,0,893,0,0,0,0,2,0
14104,0,0,0,0,1,41,0,0,0,0,0,0
14105,0,0,0,4,1,1,0,0,0,0,0,0
14106,0,0,0,0,0,0,0,0,0,10,265,0
14107,147,238,8,3,0,0,0,0,0,0,0,0
14108,0,0,0,0,0,15,0,0,0,0,0,0
14109,0,316,2,0,0,0,3,0,0,0,0,0
14110,0,0,3,0,0,0,0,0,0,90,0,1
14111,7,65,3,0,0,0,0,0,0,0,0,0
14112,20,55,6,0,0,0,0,0,0,0,0,0
14113,1,47,1,0,0,0,0,0,0,0,0,0
14114,0,0,0,0,0,1,0,0,0,30,327,0
14115,0,0,0,0,0,1,0,0,0,84,438,1
14116,0,190,8,0,0,0,1,0,0,0,0,0
14117,0,0,0,0,0,5,0,0,0,10,1069,43
14118,0,0,0,0,18,0,601,3374,2,0,0,0
14119,0,0,0,0,0,2,0,0,0,62,1326,26
14120,0,0,0,0,0,269,0,0,0,21,62112,3
14121,56,152,406,0,0,0,0,0,0,0,0,0
14122,0,0,0,0,4,0,240,293,5,0,0,0
14123,0,0,0,0,0,0,182,11,15,0,0,0
14124,0,0,0,1,0,19,0,0,0,0,0,0
14125,63,412,0,0,0,0,0,0,0,0,0,0
14126,0,29,0,0,0,0,618,130,3,0,0,0
14127,0,0,0,3,0,40,0,0,0,0,0,0
14128,0,0,0,0,0,0,0,0,1,0,0,0
14129,0,0,0,0,0,0,0,4,0,0,0,0
14130,35,117,88,0,0,0,0,0,0,0,0,0
14131,0,1,0,0,0,0,666,48,0,0,0,0
14132,0,0,0,0,0,1,0,0,0,0,0,0
14133,0,0,0,29,8,263,0,0,0,0,7,0
14134,0,0,0,0,0,1,0,0,0,6,334,1
14135,0,0,0,0,0,0,0,0,0,0,1,0
14136,0,0,0,5,13,123,0,0,0,0,6,0
14137,0,3,0,0,0,0,344,0,9,0,0,0
14138,0,0,0,0,0,3,0,0,0,0,0,0
14139,0,0,0,0,26,99,0,0,0,0,0,0
14140,0,1,0,0,0,0,82,178,13,0,0,1
14141,0,0,0,0,0,19,0,0,0,0,0,0
14142,14,153,2,1,0,0,0,0,0,0,0,0
14143,0,0,0,0,0,0,36,4,1,0,0,0
14144,1,18,0,0,0,0,0,0,0,0,0,0
14145,0,0,0,0,27,478,0,0,0,0,0,0
14146,0,0,0,1,2,2,0,0,0,0,0,0
14147,0,0,0,0,0,0,0,0,0,1,2,0
14148,0,0,0,0,2,44,0,0,0,0,1,0
14149,0,0,0,0,0,1,0,0,0,0,0,0
14150,2,0,0,0,0,0,0,0,0,0,0,0
14151,0,0,0,1,0,46,0,0,0,0,0,0
14152,0,0,0,0,0,7,0,0,0,0,0,0
14153,1,18,0,0,0,0,0,0,0,0,0,0
14154,0,0,0,0,0,169,0,0,0,0,0,0
14155,0,0,0,6,43,16,0,0,0,0,0,0
14156,0,0,0,0,0,0,0,0,0,0,4,0
14157,6,185,62,0,0,0,1,0,0,0,0,0
14158,0,0,0,2,10,21,0,0,0,0,0,0
14159,0,0,0,0,0,0,0,0,0,0,0,0
14160,0,0,0,0,0,0,52,41,3,0,0,0
14161,0,0,0,1,18,43,0,0,0,0,0,0
14162,0,0,0,0,0,8,0,0,0,0,0,0
14163,0,64,1,0,0,0,0,0,0,0,0,0
14164,6,1,30,0,0,0,0,0,0,0,0,0
14165,0,0,0,3,0,2,0,0,0,0,0,0
14166,0,0,0,0,0,0,2,4,3,0,0,0
14167,0,0,0,0,0,0,0,0,0,1,39,0
14168,0,0,0,0,0,0,0,0,0,0,0,0
14169,0,0,0,0,0,116,0,0,0,0,3,0
14170,3,540,1,0,0,0,0,0,0,0,0,0
14171,0,0,0,2,0,123,0,0,0,0,0,0
14172,84,150,6,0,0,0,0,0,0,0,0,0
14173,0,0,0,4,17,96,0,0,0,0,1,0
14174,0,0,0,0,3,6,0,0,0,0,0,0
14175,10,88,0,0,0,0,0,0,0,0,0,0
14176,2,5,0,0,0,0,0,0,0,0,0,0
14177,0,0,0,0,0,0,0,0,0,50,625,2
14178,0,0,0,0,0,9,0,0,0,97,3878,22
14179,0,0,0,1,90,50,0,0,0,0,0,0
14180,0,0,0,0,2,46,0,0,0,0,0,0
14181,0,0,0,0,1,0,82,105,81,0,0,0
14182,0,12,0,0,0,0,0,0,0,0,0,0
14183,0,0,0,0,0,4,0,0,0,1,1762,3
14184,0,0,0,0,0,20,0,0,0,57,4410,8
14185,106,1556,21,0,0,0,8,0,0,0,0,0
14186,0,0,0,0,26,2,325,7701,2,0,0,0
14187,0,31,0,0,0,0,7026,1316,1,0,0,0
14188,0,0,0,0,0,0,187,30,1,0,0,0
14189,0,0,0,0,0,0,0,0,0,0,668,2
14190,0,0,0,4,9,191,0,0,0,0,0,0
14191,0,0,0,3,1,1201,0,0,0,0,2,0
14192,0,0,0,0,0,1,0,0,0,0,0,0
14193,4,44,1,0,0,0,0,0,0,0,0,0
14194,0,18,2,0,0,0,0,0,0,0,0,0
14195,0,0,0,0,0,2,0,0,0,268,433,2
14196,6,0,0,81,1,105,0,0,0,0,0,0
14197,0,0,0,0,0,0,12,36,2,0,0,0
14198,0,0,0,0,0,0,0,0,0,1,35,2
14199,43,164,12,0,0,0,0,0,0,0,0,0
14200,0,0,0,0,0,0,0,0,0,0,0,0
14201,0,0,0,0,0,0,0,0,0,0,0,0
14202,0,0,0,0,2,0,293,1990,0,0,0,0
14203,0,0,0,2,13,0,0,0,0,0,0,0
14204,0,0,0,0,0,0,0,0,0,1,84,0
14205,5,123,16,0,0,0,0,0,0,0,0,0
14206,0,0,0,0,0,1,0,0,0,4,361,0
14207,6,224,5,0,0,0,4,0,0,0,0,0
14208,0,0,0,0,2,438,0,0,0,0,1,0
14209,0,0,0,0,7,0,130,2145,2,0,0,0
14210,0,0,0,0,1,454,0,0,0,0,3,0
14211,0,0,0,47,12,133,0,0,0,0,0,0
14212,0,0,0,0,1,0,77,101,0,0,0,0
14213,1,202,22,0,0,0,9,0,0,0,0,0
14214,0,0,17,0,0,3,0,0,0,60,271,0
14215,9,39,0,0,0,0,0,0,0,0,0,0
14216,0,0,0,0,0,1,0,0,0,205,1457,0
14217,0,0,0,83,36,112,0,0,0,0,0,0
14218,0,0,0,0,0,0,56,20,5,0,0,0
14219,1,2,21,0,0,0,0,0,0,0,0,0
14220,0,0,0,0,0,31,0,0,1,65,2855,24
14221,0,0,0,4,10,32,0,0,0,0,0,0
14222,0,0,0,0,0,0,0,0,0,0,0,0
14223,0,0,0,0,0,0,0,0,0,0,0,0
14224,4,149,0,0,0,0,7,0,0,0,0,0
14225,0,0,0,0,0,0,0,0,0,0,0,0
14226,18,60,2,0,0,0,1,0,0,0,0,0
14227,0,0,0,0,0,0,0,0,0,0,0,0
14228,1,128,2,0,0,0,1,0,0,0,0,0
14229,0,2,0,0,0,0,162,400,26,0,0,0
14230,0,0,0,0,0,2,0,0,0,403,739,41
14231,0,0,0,0,0,0,0,0,0,38,12,1
14232,0,0,0,0,0,121,0,0,0,0,0,0
14233,0,0,0,0,0,108,0,0,0,0,0,0
14234,3,66,2,0,0,0,0,0,0,0,0,0
14235,0,0,0,0,0,6,0,0,0,0,543,0
14236,3,274,3,0,0,0,1,0,0,0,0,0
14237,0,0,0,1,9,53,0,0,0,0,0,0
14238,0,0,0,7,1,610,0,0,0,0,2,0
14239,1,49,0,0,0,0,2,0,0,0,0,0
14240,0,133,0,0,0,0,61,0,0,0,0,0
14241,0,1,0,0,1,0,136,313,2,0,0,0
14242,0,0,0,0,0,10,0,0,0,0,0,0
14243,0,0,0,0,0,0,0,4,0,0,0,0
14244,0,0,0,0,0,0,1,41,0,0,0,0
14245,0,2,0,0,0,0,470,29,0,0,0,0
14246,5,1159,13,0,0,0,4,0,0,0,0,0
14247,0,0,0,0,6,174,0,0,0,0,0,0
14248,0,0,0,2,9,22,0,0,0,0,0,0
14249,0,0,0,0,4,7,0,0,0,0,0,0
14250,0,0,0,1,0,0,333,2882,2,0,0,0
14251,0,0,0,0,3,8,0,0,0,0,0,0
14252,0,0,0,0,0,29,0,0,0,0,0,0
14253,10,54,1,0,0,0,0,0,0,0,0,0
14254,1,3,1,0,0,0,0,0,0,0,0,0
14255,1,7,0,0,0,0,0,0,0,0,0,0
14256,0,207,0,0,0,0,0,0,0,0,0,0
14257,0,0,0,4,0,190,0,0,0,0,0,0
14258,0,338,0,0,0,0,0,0,0,0,0,0
14259,0,0,0,0,0,970,0,0,0,0,0,0
14260,0,0,0,0,0,0,10,3,1,0,0,0
14261,1,1,0,0,0,0,0,0,0,0,0,0
14262,0,0,0,0,0,0,0,0,0,16,1109,0
14263,0,0,0,0,0,0,0,0,0,0,0,0
14264,0,0,0,15,0,4,0,0,0,0,0,0
14265,0,0,0,0,0,2,0,0,0,0,962,0
14266,1,88,0,0,0,0,0,0,0,0,0,0
14267,0,0,0,0,0,2,0,0,0,6,1019,0
14268,0,0,0,0,0,0,393,174,2,0,0,0
14269,0,0,0,0,0,0,4,1,1,0,0,0
14270,2,24,17,0,0,0,0,0,0,0,0,0
14271,19,349,11,0,0,0,1,0,0,0,0,0
14272,0,0,0,0,0,0,2,0,1,0,0,0
14273,2,0,97,0,0,0,0,0,0,0,0,0
14274,0,0,0,0,1,0,134,115,3,0,0,0
14275,0,0,74,0,0,0,0,0,0,1,0,0
14276,0,0,0,0,0,0,76,0,0,0,0,0
14277,0,0,0,0,0,0,0,0,0,0,0,0
14278,0,0,0,1,0,31,0,0,0,0,0,0
14279,0,0,0,1,0,102,0,0,0,0,0,0
14280,61,100,51,0,0,0,2,0,0,0,0,0
14281,1,33,11,0,0,0,1,0,0,0,0,0
14282,3,17,1,0,0,0,0,0,0,0,0,0
14283,0,95,7,0,0,0,1,0,0,0,0,0
14284,0,0,0,0,0,3,0,0,0,34,135,0
14285,0,0,0,0,0,1,0,0,0,0,0,0
14286,0,0,0,0,0,0,0,0,0,23,140,1
14287,0,0,0,3,0,33,0,0,0,0,0,0
14288,0,0,0,2,5,39,0,0,0,0,0,0
14289,0,0,0,9,22,124,0,0,0,0,0,0
14290,0,7,0,0,0,0,202,474,11,0,0,0
14291,0,107,32,0,0,0,1,0,0,0,0,0
14292,0,0,0,0,0,14,0,0,0,230,195,0
14293,0,0,0,0,0,0,0,0,0,11,233,0
14294,0,1,0,0,0,0,539,29,0,0,0,0
14295,0,0,0,0,2,163,0,0,0,0,1,0
14296,0,0,0,0,0,0,0,0,0,0,0,0
14297,1,0,0,0,0,0,0,0,0,0,0,0
14298,0,0,0,0,0,121,0,0,0,0,1,0
14299,0,0,0,0,1,1,0,0,0,0,0,0
14300,0,0,0,1,0,0,0,0,0,0,0,0
14301,0,0,0,1,0,13,0,0,0,0,0,0
14302,3,2,1,0,0,0,0,0,0,0,0,0
14303,2,20,3,0,0,0,0,0,0,0,0,0
14304,0,68,7,0,0,0,1,0,0,0,0,0
14305,0,0,0,0,0,279,0,0,0,0,0,0
14306,13,39,0,0,0,0,0,0,0,0,0,0
14307,0,0,0,0,0,182,0,0,0,0,1,0
14308,0,0,0,0,0,2,0,0,0,0,0,0
14309,0,0,0,0,0,0,0,2,0,0,0,0
14310,0,0,0,0,0,0,1,65,0,0,0,0
14311,0,0,0,0,0,0,1,2,1,0,0,0
14312,0,5,0,0,0,0,0,0,0,0,0,0
14313,0,0,0,1,0,1337,0,0,0,0,19,0
14314,0,0,0,0,0,0,0,0,0,2,1,4
14315,3,2,0,0,0,0,0,0,0,0,0,0
14316,0,0,0,0,0,0,155,164,6,0,0,0
14317,8,44,27,0,0,0,0,0,0,0,0,0
14318,0,0,0,0,0,13,0,0,0,11,3956,1
14319,5,120,7,0,0,0,0,0,0,0,0,0
14320,0,0,0,1,0,1,0,0,0,0,0,0
14321,0,1,0,0,0,0,0,0,0,0,0,0
14322,0,0,0,0,0,2,0,0,0,0,2500,1
14323,0,0,0,0,0,0,0,0,0,0,118,0
14324,0,0,0,0,0,0,0,0,0,0,0,0
14325,0,0,0,0,0,0,0,0,0,0,247,0
14326,0,0,0,0,0,0,0,0,0,4,10,0
14327,0,0,0,0,0,0,0,0,0,2,1,0
14328,9,53,43,0,0,0,0,0,0,0,0,0
14329,0,2,0,0,0,0,0,0,0,0,0,0
14330,1,38,1,0,0,0,0,0,0,0,0,0
14331,0,0,0,0,0,75,0,0,0,0,0,0
14332,0,0,0,6,0,1,0,0,0,0,0,0
14333,0,0,0,0,0,0,1,2,0,0,0,0
14334,0,0,0,0,1,36,0,0,0,0,0,0
14335,0,0,0,0,0,0,33,690,1,0,0,0
14336,0,0,0,0,7,46,0,0,0,0,0,0
14337,0,0,0,1,1,93,0,0,0,0,1,0
14338,5,96,0,0,0,0,1,0,0,0,0,0
14339,6,110,0,0,0,0,1,0,0,0,0,0
14340,0,0,0,0,0,33,0,0,0,4,2223,0
14341,0,0,0,0,0,1,0,0,0,0,0,0
14342,0,0,0,0,0,0,0,1,0,0,0,0
14343,0,0,0,0,0,715,0,0,0,0,0,0
14344,0,0,0,18,8,33,0,0,0,0,0,0
14345,0,0,0,0,5,41,0,0,0,0,0,0
14346,0,1,0,0,0,0,172,156,0,0,0,0
14347,0,0,0,0,0,0,148,16,0,0,0,0
14348,0,429,30,0,0,0,0,0,0,0,0,0
14349,0,0,0,56,6,116,0,0,0,0,0,0
14350,0,0,0,0,0,0,14,220,3,0,0,0
14351,0,35,4,0,0,0,0,0,0,0,0,0
14352,0,0,0,0,0,1,0,0,0,1,212,0
14353,0,11,70,0,0,0,0,0,0,0,0,0
14354,0,0,0,0,0,0,51,3,4,0,0,0
14355,0,541,3,0,0,0,0,0,0,0,0,0
14356,0,0,0,0,0,2,0,0,0,0,0,0
14357,0,0,0,0,0,0,0,2,2,0,0,0
14358,0,0,0,0,0,4,0,0,0,1,1022,0
14359,3,206,2,0,0,0,0,0,0,0,0,0
14360,0,0,0,0,2,92,0,0,0,0,0,0
14361,0,0,0,4,21,2034,0,0,0,0,59,0
14362,0,0,0,0,0,116,0,0,0,16,684,5
14363,0,0,0,0,0,2,0,0,0,0,0,0
14364,0,15,0,0,0,0,206,139,20,0,0,0
14365,0,0,0,0,0,0,0,0,0,0,2,0
14366,1,5,0,0,0,0,0,0,0,0,0,0
14367,0,0,0,0,9,48,0,0,0,0,0,0
14368,0,0,0,0,0,0,0,0,0,0,0,0
14369,0,0,0,0,0,0,0,0,0,0,0,0
14370,0,0,0,0,0,57,0,0,0,0,0,0
14371,0,0,0,0,11,0,178,2329,1,0,0,0
14372,0,0,0,0,0,0,0,0,0,0,78,0
14373,27,126,30,0,0,0,0,0,0,0,0,0
14374,0,0,0,0,0,0,0,0,0,0,0,0
14375,0,0,0,0,0,0,0,0,0,0,0,0
14376,0,0,0,0,0,0,0,0,0,1,156,0
14377,0,0,0,0,0,8,0,0,0,0,0,0
14378,0,0,0,0,0,2,0,0,0,0,0,0
14379,0,0,0,2,0,26,0,0,0,0,0,0
14380,0,0,0,0,0,0,0,0,0,0,0,0
14381,0,0,0,0,0,0,0,0,0,0,0,0
14382,0,0,0,0,0,185,0,0,0,0,0,0
14383,0,0,0,0,0,0,23,11,0,0,0,0
14384,0,0,0,0,44,59,0,0,0,0,0,0
14385,0,0,0,5,707,70,0,2,0,0,0,0
14386,0,0,0,17,16,26,0,0,0,0,0,0
14387,0,0,0,0,0,1,0,0,0,0,0,0
14388,0,353,1,0,0,0,4,0,0,0,0,0
14389,0,0,0,3,0,40,0,0,0,0,0,0
14390,0,0,0,0,0,0,0,0,0,0,0,0
14391,0,0,0,0,0,0,0,0,0,9,198,0
14392,0,0,0,0,6,0,0,0,0,0,0,0
14393,0,0,0,0,0,0,0,0,0,1,1,0
14394,0,0,0,12,5,729,0,0,0,0,1,0
14395,3,435,0,0,0,0,3,0,0,0,0,0
14396,0,0,0,0,0,3,0,0,0,5,1436,1
14397,86,125,5,0,0,0,0,0,0,0,0,0
14398,0,0,0,0,0,0,12,873,1,0,0,0
14399,0,0,0,1,1,87,0,0,0,0,0,0
14400,0,0,0,0,6,0,442,623,25,0,0,1
14401,0,0,0,0,2,32,0,0,0,0,0,0
14402,0,0,0,4,5,2,0,0,0,0,0,0
14403,0,0,0,0,0,55,0,0,0,13,933,0
14404,0,0,0,0,0,0,0,0,0,0,4,1
14405,0,0,0,0,0,0,0,0,0,0,4,0
14406,3,104,127,0,0,0,0,0,0,1,0,0
14407,0,0,0,0,0,21,0,0,0,80,4373,13
14408,6,0,5,572,285,4910,0,0,0,0,2118855,0
14409,0,0,0,6,1,238,0,0,0,0,1,0
14410,1,1,0,0,0,0,0,0,0,0,0,0
14411,0,0,0,0,0,0,0,0,0,0,12,1
14412,19,80,3,0,0,0,0,0,0,0,0,0
14413,4,20,0,0,0,0,0,0,0,0,0,0
14414,0,0,0,0,3,0,0,1099,3,0,0,0
14415,0,0,0,0,1,96,0,0,0,0,0,0
14416,0,0,0,2,0,16,0,0,0,0,0,0
14417,0,0,0,17,0,1,0,0,0,0,0,0
14418,0,0,0,10,1,1225,0,0,0,0,2,0
14419,0,0,0,0,0,0,2,2,1,0,0,0
14420,0,0,0,0,0,0,0,2,1,0,0,0
14421,2,32,3,0,0,0,0,0,0,0,0,0
14422,0,0,0,0,0,0,0,0,0,16,99,1
14423,0,0,0,0,0,0,0,0,0,3,3,0
14424,3,37,16,0,0,0,0,0,0,0,0,0
14425,0,0,0,0,0,0,0,0,0,177,106,3
14426,0,0,0,2,0,2,0,0,0,0,0,0
14427,9,50,6,0,0,0,0,0,0,0,0,0
14428,0,0,0,0,0,0,2,1167,0,0,0,0
14429,0,0,0,1,0,57,0,0,0,0,0,0
14430,0,0,0,0,0,0,104,763,4,0,0,0
14431,0,0,37,0,0,0,0,0,0,0,0,0
14432,0,0,0,0,0,0,10,0,0,0,0,0
14433,1,56,2,0,0,0,0,0,0,0,0,0
14434,0,0,4,0,0,0,0,0,0,0,0,0
14435,0,29,3,0,0,0,0,0,0,0,0,0
14436,2,52,1,0,0,0,0,0,0,0,0,0
14437,0,52,2,0,0,0,0,0,0,0,0,0
14438,0,0,0,0,0,15,0,0,0,0,0,0
14439,2,37,3,0,0,0,0,0,0,0,0,0
14440,0,0,0,1,5,117,0,0,0,0,0,0
14441,0,0,0,2,54,9,0,0,0,0,0,0
14442,0,0,0,3,2,30,0,0,0,0,0,0
14443,0,0,0,0,2,0,101,189,0,0,0,0
14444,0,0,0,0,0,8,0,0,0,0,0,0
14445,0,0,0,23,11,24,0,0,0,0,0,0
14446,0,0,0,0,0,0,35,4,0,0,0,0
14447,2,6,0,0,0,0,0,0,0,0,0,0
14448,0,0,0,0,1,440,0,0,0,0,0,0
14449,0,1,0,0,0,0,35,27,4,0,0,0
14450,0,0,0,0,0,0,1,1,0,0,0,0
14451,0,0,0,3,1,222,0,0,0,0,2,0
14452,0,2,0,0,0,0,359,38,3,0,0,0
14453,0,0,0,0,0,3,0,0,0,0,0,0
14454,0,0,0,22,38,96,0,0,0,0,0,0
14455,0,0,0,0,0,0,0,0,0,0,5,0
14456,0,0,0,0,0,0,0,0,0,1,3,0
14457,73,1486,133,0,0,0,1,0,0,1,0,0
14458,0,0,0,1,5,9,0,0,0,0,0,0
14459,0,0,0,0,6,2,0,0,0,0,0,0
14460,0,0,0,4,0,246,0,0,0,0,1,0
14461,0,0,0,0,0,0,438,4,0,0,0,0
14462,0,0,0,0,0,32,0,0,0,0,0,0
14463,19,102,3,0,0,0,1,0,0,0,0,0
14464,0,0,0,0,0,0,77,15,9,0,0,0
14465,0,0,0,0,0,14,0,0,0,0,0,0
14466,0,0,0,3,29,181,0,0,0,0,0,0
14467,0,0,0,11,1,1,0,0,0,0,0,0
14468,0,0,0,0,0,0,0,0,0,1,2,0
14469,73,160,5,0,0,0,0,0,0,0,0,0
14470,5,12,0,0,0,0,0,0,0,0,0,0
14471,0,0,0,0,0,1,0,0,0,145,556,4
14472,0,0,0,136,18,68,0,0,0,0,0,0
14473,0,0,0,0,0,0,0,2,0,0,0,0
14474,0,0,0,0,0,0,0,1,0,0,0,0
14475,8,465,23,0,0,0,0,0,0,0,0,0
14476,0,0,0,0,0,139,0,0,0,0,0,0
14477,0,10,1,0,0,0,0,0,0,0,0,0
14478,0,0,0,0,0,3,0,0,0,0,3691,0
14479,0,0,0,0,0,0,0,0,0,46,0,1
14480,27,1,0,0,0,0,0,0,0,0,0,0
14481,0,0,0,0,0,0,0,0,0,2,239,1
14482,0,0,0,1,2,17,0,0,0,0,0,0
14483,0,0,0,29,7,6,0,0,0,0,0,0
14484,0,0,0,0,0,3,0,0,0,6,663,0
14485,1,32,7,0,0,0,0,0,0,0,0,0
14486,0,0,0,0,0,0,42,78,2,0,0,0
14487,107,1089,23,1,0,0,6,0,0,0,0,0
14488,0,0,0,0,0,0,2,2,0,0,0,0
14489,0,125,23,0,0,0,0,0,0,0,0,0
14490,0,0,0,0,0,0,113,13,1,0,0,0
14491,0,0,0,0,0,3,0,0,0,25,467,0
14492,0,0,0,0,0,2,0,0,0,0,0,0
14493,1,254,3,0,0,0,0,0,0,0,0,0
14494,0,0,0,0,0,0,0,0,0,0,0,0
14495,0,0,0,0,0,0,0,1,1,0,0,0
14496,0,0,0,0,3,18,0,0,0,0,0,0
14497,0,0,0,0,0,0,118,3,1,0,0,0
14498,0,0,0,1,2,4,0,0,0,0,0,0
14499,0,0,0,1,5,108,0,0,0,0,0,0
14500,0,0,0,0,10,0,56,1076,3,0,0,0
14501,0,0,0,0,1,40,0,0,0,0,0,0
14502,1,439,2,0,0,0,1,0,0,0,0,0
14503,0,0,0,0,0,2,0,0,0,8,208,0
14504,9,15,1,0,0,0,1,0,0,0,0,0
14505,0,0,0,0,0,401,0,0,0,0,0,0
14506,1,6,0,0,0,0,0,0,0,0,0,0
14507,0,8,0,0,0,0,0,0,0,0,0,0
14508,0,0,0,0,0,200,0,0,0,0,0,0
14509,0,0,0,0,0,0,0,0,0,0,8,26
14510,9,92,2,0,0,0,1,0,0,0,0,0
14511,0,1,0,0,52,0,158,2219,3820,0,4,24
14512,0,1,0,0,0,0,174,140,2,0,0,0
14513,0,147,160,0,0,0,3,0,0,1,0,0
14514,0,0,0,13,6,151,0,0,0,0,0,0
14515,0,0,0,0,0,0,45,18,0,0,0,0
14516,0,0,0,0,0,39,0,0,0,0,0,0
14517,0,100,1,0,0,0,0,0,0,0,0,0
14518,0,12,1,0,0,0,0,0,0,0,0,0
14519,0,5,0,0,0,0,0,0,0,0,0,0
14520,0,0,0,0,0,1,0,0,0,27,545,0
14521,0,0,0,0,4,21,0,0,0,0,0,0
14522,0,0,0,0,0,11,0,0,0,0,0,0
14523,0,26,0,0,0,0,0,0,0,0,0,0
14524,0,0,0,0,0,1,0,0,0,2,658,0
14525,1,5,1,0,0,0,0,0,0,0,0,0
14526,0,0,0,1,1,82,0,0,0,0,0,0
14527,0,233,2,0,0,0,0,0,0,0,0,0
14528,0,0,0,0,0,0,96,4,1,0,0,0
14529,0,0,0,0,0,0,0,0,0,32,251,0
14530,0,0,0,1,12,31,0,0,0,0,0,0
14531,0,0,1,0,0,0,0,0,0,440,239,0
14532,0,0,0,1,0,70,0,0,0,0,0,0
14533,1,2,61,0,0,0,0,0,0,0,0,0
14534,0,0,0,0,0,0,16,0,0,0,0,0
14535,0,18,0,0,0,0,0,0,0,0,0,0
14536,0,0,0,0,0,0,0,0,0,13,40,1
14537,0,0,0,0,0,1,0,0,0,0,0,0
14538,0,0,0,8,3,18,0,0,0,0,0,0
14539,1,4,0,0,0,0,0,0,0,0,0,0
14540,0,0,0,0,0,0,73,2,3,0,0,0
14541,0,0,0,1,56,12,0,0,0,0,0,0
14542,0,0,0,0,4,5,0,0,0,0,0,0
14543,0,0,0,1,0,0,0,0,0,0,0,0
14544,0,0,0,61,1,81,0,0,0,0,1,0
14545,4,3,1,0,0,0,0,0,0,0,0,0
14546,0,53,10,0,0,0,0,0,0,0,0,0
14547,0,0,0,0,0,0,427,93,1,0,0,0
14548,0,0,0,0,0,0,16,36,0,0,0,0
14549,0,1,5,0,0,0,0,0,0,0,0,0
14550,0,411,10,0,0,0,5,0,0,0,0,0
14551,0,0,0,0,1,76,0,0,0,0,0,0
14552,0,0,0,0,0,247,0,0,0,0,2,0
14553,0,299,11,0,0,0,0,0,0,0,0,0
14554,0,0,0,0,0,0,0,0,0,17,43,2
14555,0,0,0,0,1,2,0,0,0,0,0,0
14556,0,0,0,5,1,25,0,0,0,0,1,0
14557,0,0,0,0,1,0,3,176,0,0,0,0
14558,0,0,0,0,0,50,0,0,0,0,0,0
14559,0,78,0,0,4,0,1584,706,3,0,0,0
14560,0,0,0,0,0,10,0,0,0,0,0,0
14561,4,12,0,0,0,0,0,0,0,0,0,0
14562,0,0,0,0,0,175,0,0,0,0,1,0
14563,0,1,0,0,0,0,62,2,0,0,0,0
14564,0,0,0,0,0,0,0,0,0,0,0,1
14565,1,0,0,59,6,93,0,0,0,0,1,0
14566,0,0,0,0,0,0,0,6,0,0,0,0
14567,0,0,0,0,0,0,0,0,0,1,0,0
14568,0,0,0,110,41,248,0,0,0,0,2,0
14569,0,0,0,0,0,0,0,1,0,0,0,0
14570,0,0,0,0,0,0,0,0,0,0,0,0
14571,0,0,0,0,0,10,0,0,0,1,1771,0
14572,0,0,0,0,0,0,0,0,0,4,30,0
14573,0,0,0,0,0,0,0,0,0,1,4,0
14574,0,0,0,71,39,60,0,0,0,0,0,0
14575,0,23,0,0,21,0,150,387,1,0,0,0
14576,0,0,0,0,0,7,0,0,0,1,1091,2
14577,0,0,0,7,4,149,0,0,0,0,0,0
14578,6,112,3,0,0,0,4,0,0,0,0,0
14579,0,0,0,0,0,11,0,0,0,0,0,0
14580,0,0,0,0,5,0,186,1538,4,0,0,0
14581,0,0,0,0,0,0,0,0,0,1,56,0
14582,0,2,0,0,0,0,0,0,0,0,0,0
14583,0,0,0,0,0,2,0,0,0,1,1326,0
14584,0,4,0,0,0,0,694,39,0,0,0,0
14585,0,0,0,0,0,15,0,0,0,0,2687,2
14586,1,0,0,72,1,198,0,0,0,0,1,0
14587,0,0,0,0,0,0,33,229,1,0,0,0
14588,0,0,0,0,0,0,0,0,0,3,94,2
14589,0,0,0,141,25,160,0,0,0,0,0,0
14590,0,0,0,0,34,357,0,0,0,0,2,0
14591,0,0,0,0,0,0,0,0,0,35,3,0
14592,2,0,0,134,14,250,0,0,0,0,0,0
14593,0,0,0,0,0,0,104,11,0,0,0,0
14594,0,0,0,0,0,0,1,2,2,0,0,0
14595,0,0,0,0,0,38,0,0,0,0,0,0
14596,4,3,1,0,0,0,0,0,0,0,0,0
14597,1,116,6,0,0,0,0,0,0,0,0,0
14598,0,0,0,0,5,236,0,0,0,0,0,0
14599,0,0,0,0,0,201,0,0,0,18,9605,7
14600,0,0,0,1,0,29,0,0,0,0,1,0
14601,18,103,4,0,0,0,1,0,0,0,0,0
14602,0,0,0,7,6,125,0,0,0,0,0,0
14603,0,0,0,0,0,3,0,0,0,0,0,0
14604,0,602,1,0,0,0,0,0,0,0,0,0
14605,0,0,0,0,0,0,0,0,0,147,181,2
14606,0,0,0,4,1,1,0,0,0,0,0,0
14607,7,24,11,0,0,0,0,0,0,0,0,0
14608,0,0,0,0,0,0,0,1,0,0,0,0
14609,0,0,0,0,0,0,0,0,0,0,0,0
14610,0,0,0,1,0,317,0,0,0,0,0,0
14611,0,55,0,0,0,0,0,0,0,0,0,0
14612,0,92,0,0,0,0,0,0,0,0,0,0
14613,3,253,2,0,0,0,0,0,0,0,0,0
14614,0,0,0,0,0,0,0,0,0,0,25,0
14615,0,0,0,0,0,0,0,5,0,0,0,0
14616,0,0,0,0,0,0,0,0,0,16,745,0
14617,5,2,0,0,0,0,0,0,0,0,0,0
14618,0,0,0,0,0,0,0,0,0,3,88,9
14619,1,0,0,65,2,384,0,0,0,0,34,0
14620,2,66,1,0,0,0,13,0,0,0,0,0
14621,0,0,0,0,0,0,0,0,0,7,477,0
14622,0,26,0,0,4,0,454,283,2,0,0,0
14623,0,0,0,0,1,2,0,0,0,0,0,0
14624,0,0,0,0,0,0,1,1,1,0,0,0
14625,0,0,0,0,0,0,0,0,0,1,829,0
14626,0,0,0,0,0,15,0,0,0,0,0,0
14627,0,0,0,2,0,1,0,0,0,0,0,0
14628,0,0,0,3,4,145,0,0,0,0,0,0
14629,0,0,0,0,52,6,0,0,0,0,0,0
14630,0,0,0,0,0,0,0,0,0,2,2,0
14631,20,75,16,0,0,0,0,0,0,0,0,0
14632,0,0,0,0,0,0,94,2,1,0,0,0
14633,0,0,0,0,0,1,0,0,0,0,0,0
14634,4,456,0,0,0,0,2,0,0,0,0,0
14635,0,3,0,0,0,0,276,15,1,0,0,0
14636,0,0,0,0,0,0,0,0,0,1,32,0
14637,2,0,0,167,26,76,0,0,0,0,0,0
14638,0,0,0,0,0,0,141,179,0,0,0,0
14639,0,0,0,0,0,0,0,0,0,0,14,0
14640,2,21,3,0,0,0,0,0,0,0,0,0
14641,0,0,0,0,0,0,0,0,0,5,378,0
14642,0,0,0,1,2,2,0,0,0,0,0,0
14643,0,0,0,0,0,157,0,0,0,0,1,0
14644,1,45,0,0,0,0,0,0,0,0,0,0
14645,0,0,0,0,0,0,0,0,0,0,153,3
14646,0,0,0,222,78,64,0,0,0,0,0,0
14647,0,0,0,0,0,0,0,0,0,0,0,0
14648,0,26,0,0,0,0,0,0,0,0,0,0
14649,0,0,0,0,0,4,0,0,0,13,3225,0
14650,1,7,3,0,0,0,0,0,0,0,0,0
14651,2,42,1,0,0,0,0,0,0,0,0,0
14652,0,0,0,4,19,188,0,0,0,0,0,0
14653,0,0,0,0,2,0,172,434,3,0,0,0
14654,0,0,0,0,2,37,0,0,0,0,0,0
14655,0,0,0,16,5,158,0,0,0,0,1,0
14656,0,0,0,0,2,0,21,163,3,0,0,0
14657,0,0,0,0,1,5,0,0,0,44,1526,7
14658,1,0,0,101,40,67,0,0,0,0,0,0
14659,0,0,0,2,0,6,0,0,0,0,0,0
14660,0,0,0,4,4,4,0,0,0,0,0,0
14661,0,0,0,2,0,138,0,0,0,0,0,0
14662,0,0,0,0,0,0,0,0,0,0,2,1
14663,0,0,0,0,0,0,0,0,0,0,0,0
14664,0,14,0,0,0,0,0,0,0,0,0,0
14665,0,6,0,0,0,0,0,0,0,0,0,0
14666,0,0,0,0,0,0,0,0,0,2,74,0
14667,0,0,0,6,23,30,0,0,0,0,0,0
14668,0,0,0,0,5,0,73,12,0,0,0,0
14669,0,0,0,0,0,3,0,0,0,0,0,0
14670,0,0,0,0,0,0,0,0,0,434,746,0
14671,0,4,5,0,0,0,0,0,0,0,0,0
14672,0,272,1,0,0,0,0,0,0,0,0,0
14673,1,378,1,0,0,0,1,0,0,0,0,0
14674,0,0,1,0,0,0,0,0,0,47,509,3
14675,0,0,0,0,0,0,0,0,0,0,6,0
14676,0,0,0,11,1,1488,0,0,0,179,316510,109
14677,0,0,0,0,0,0,25,8,0,0,0,0
14678,0,0,0,0,0,0,0,2,3,0,0,0
14679,0,0,0,1,1,66,0,0,0,0,0,0
14680,3,6,0,0,0,0,0,0,0,0,0,0
14681,2,48,25,0,0,0,0,0,0,0,0,0
14682,0,0,0,1,0,114,0,0,0,0,1,0
14683,0,0,0,0,2,0,0,0,0,0,0,0
14684,0,0,0,1,1,1,0,0,0,0,0,0
14685,0,0,0,0,0,33,0,0,0,0,0,0
14686,0,1,2,0,0,0,0,0,0,0,0,0
14687,0,2,0,0,0,0,0,0,0,0,0,0
14688,0,0,0,0,0,4,0,0,0,2,1080,0
14689,0,18,0,0,0,0,0,0,0,0,0,0
14690,1,33,1,0,0,0,0,0,0,0,0,0
14691,4,254,6,0,0,0,7,0,0,0,0,0
14692,0,0,0,0,0,0,107,28,1,0,0,0
14693,3,39,10,0,0,0,0,0,0,0,0,0
14694,0,0,0,0,0,0,0,0,0,67,398,2
14695,0,0,0,1,0,0,0,0,0,0,0,0
14696,0,0,0,1,0,0,0,0,0,0,0,0
14697,0,0,0,0,0,6,0,0,0,1,1949,0
14698,0,0,0,0,0,6,0,0,0,0,0,0
14699,3,0,2,0,0,0,0,0,0,0,0,0
14700,0,0,0,0,0,261,0,0,0,0,1,0
14701,0,0,0,0,0,0,42,67,0,0,0,0
14702,0,9,8,0,0,0,0,0,0,0,0,0
14703,0,0,0,0,0,0,0,0,0,138,634,0
14704,0,0,0,0,1,6,0,0,0,0,0,0
14705,0,0,0,1,0,4,0,0,0,0,0,0
14706,0,0,0,0,0,57,0,0,0,0,0,0
14707,0,0,0,0,0,0,9,66,3,0,0,0
14708,0,0,0,0,0,6,0,0,0,0,3047,2
14709,0,0,0,7,2,166,0,0,0,0,0,0
14710,0,0,0,0,0,0,154,82,0,0,0,0
14711,0,0,0,0,0,23,0,0,0,0,0,0
14712,0,0,0,0,98,0,138,1694,9,0,0,0
14713,0,0,0,0,86,1,0,0,0,0,0,0
14714,0,0,0,0,0,0,0,0,0,4,17,0
14715,0,0,0,2,10,98,0,0,0,0,0,0
14716,1,0,0,0,0,0,0,0,0,0,0,0
14717,1,89,0,0,0,0,0,0,0,0,0,0
14718,0,1,0,0,0,0,315,35,2,0,0,0
14719,0,0,0,0,0,0,21,0,0,0,0,0
14720,0,0,0,0,0,0,1,3,0,0,0,0
14721,0,0,0,0,1,313,0,0,0,0,0,0
14722,0,0,0,2,0,5,0,0,0,0,0,0
14723,0,0,0,1,0,3,0,0,0,0,0,0
14724,0,0,0,0,0,42,0,0,0,0,10248,0
14725,0,0,0,1,0,33,0,0,0,0,0,0
14726,0,0,0,0,0,2,0,0,0,0,0,0
14727,0,0,0,0,0,74,0,0,0,0,0,0
14728,0,0,0,0,0,0,0,0,0,0,0,0
14729,5,135,3,0,0,0,11,0,0,0,0,0
14730,0,0,0,0,0,0,158,10,1,0,0,0
14731,0,0,0,0,0,0,3,1,0,0,0,0
14732,1,7,10,0,0,0,0,0,0,0,0,0
14733,2,158,1,0,0,0,0,0,0,0,0,0
14734,0,0,0,0,0,0,1,1,0,0,0,0
14735,0,0,0,0,0,0,4,3,0,0,0,0
14736,4,49,13,0,0,0,0,0,0,0,0,0
14737,21,38,3,0,0,0,0,0,0,0,0,0
14738,0,0,0,0,0,0,31,3,0,0,0,0
14739,0,0,0,0,0,75,0,0,0,0,0,0
14740,0,0,0,7,85,88,0,0,0,0,0,0
14741,0,0,0,0,0,1,0,0,0,199,424,4
14742,0,0,0,7,7,2101,0,0,0,0,0,0
14743,0,0,0,0,0,0,279,28,2,0,0,0
14744,0,0,0,0,0,8,0,0,0,0,0,0
14745,1,0,0,37,10,200,0,0,0,0,0,0
14746,0,0,0,0,0,0,52,1,1,0,0,0
14747,5,112,55,0,0,0,0,0,0,0,0,0
14748,4,407,23,0,0,0,1,0,0,0,0,0
14749,0,0,0,4,2,396,0,0,0,0,0,0
14750,0,0,0,0,0,2,0,0,0,0,0,0
14751,3,46,0,0,0,0,2,0,0,0,0,0
14752,1,2,1,0,0,0,0,0,0,0,0,0
14753,1,59,0,0,0,0,0,0,0,0,0,0
14754,1,38,0,0,0,0,0,0,0,0,0,0
14755,0,0,0,0,0,1,0,0,0,1,283,0
14756,2,1,1,0,0,0,0,0,0,0,0,0
14757,0,0,0,0,0,1,0,0,0,4,376,0
14758,0,0,0,0,3,1,0,0,0,0,0,0
14759,0,0,0,1,0,2,0,0,0,0,0,0
14760,0,0,0,0,0,0,0,0,0,2,256,0
14761,0,0,0,1,0,4,0,0,0,0,0,0
14762,0,0,0,4,0,2,0,0,0,0,0,0
14763,0,0,0,0,0,0,0,0,0,0,256,0
14764,0,0,0,0,0,6,0,0,0,0,0,0
14765,0,0,0,4,0,1,0,0,0,0,0,0
14766,0,0,0,1,1,92,0,0,0,0,0,0
14767,0,0,0,0,2,0,128,217,2,0,0,0
14768,0,0,0,0,0,3,0,0,0,0,642,0
14769,0,0,0,13,39,479,0,0,0,0,0,0
14770,0,0,0,0,0,0,0,0,0,16,5,4
14771,2,148,0,0,0,0,1,0,0,0,0,0
14772,0,0,0,0,0,0,240,179,5,0,0,0
14773,0,0,0,0,0,0,213,43,1,0,0,0
14774,1,177,4,0,0,0,0,0,0,0,0,0
14775,0,0,0,4,0,450,0,0,0,0,2,0
14776,0,0,0,0,0,0,22,124,0,0,0,0
14777,0,0,0,0,0,0,1,9,0,0,0,0
14778,0,0,0,2,2,1007,0,0,0,0,0,0
14779,0,13,0,0,0,0,0,0,0,0,0,0
14780,1,20,0,0,0,0,0,0,0,0,0,0
14781,0,0,0,2,1,350,0,0,0,0,0,0
14782,0,0,0,0,0,0,1,3,2,0,0,0
14783,0,0,0,0,0,0,0,0,0,0,9,0
14784,1,0,0,50,3,68,0,0,0,0,0,0
14785,0,1,0,0,19,0,117,211,1,0,0,0
14786,0,0,0,0,0,239,0,0,0,5,1970,3
14787,0,0,0,51,0,317,0,0,0,0,6,0
14788,0,115,0,0,0,0,0,0,0,0,0,0
14789,0,0,0,1,0,18,0,0,0,0,0,0
14790,0,0,0,0,0,9,0,0,0,12,3169,0
14791,117,12,4,0,0,0,0,0,0,0,0,0
14792,0,0,0,0,0,0,44,297,0,0,0,0
14793,0,0,0,0,0,0,0,0,0,88,747,1
14794,0,0,0,0,0,0,0,2,1,0,0,0
14795,1,0,0,0,0,0,0,0,0,0,0,0
14796,0,0,0,0,0,129,0,0,0,0,5,0
14797,0,0,0,0,0,0,0,0,0,0,0,0
14798,1,4,0,0,0,0,0,0,0,0,0,0
14799,0,0,0,0,1,151,0,0,0,0,0,0
14800,0,0,0,0,0,0,1,2,2,0,0,0
14801,0,29,947,0,0,0,0,0,0,1,0,0
14802,0,0,1,0,0,1,0,0,0,78,195,0
14803,0,0,0,0,2,2,0,0,0,0,0,0
14804,1,0,0,0,0,0,0,0,0,0,0,0
14805,0,0,0,0,0,283,0,0,0,0,34996,0
14806,0,0,0,0,0,1,0,0,0,0,0,0
14807,0,0,0,0,0,0,0,0,0,0,0,0
14808,0,0,0,0,0,467,0,0,0,0,0,0
14809,0,0,0,0,0,0,0,0,0,6,204,0
14810,0,0,0,0,0,0,37,1,1,0,0,0
14811,0,0,0,0,4,36,0,0,0,0,0,0
14812,0,0,0,0,0,0,0,0,0,0,0,0
14813,2,16,0,0,0,0,11,0,0,0,0,0
14814,0,0,0,0,0,239,0,0,0,0,1,0
14815,15,1,0,8,0,0,0,0,0,0,0,0
14816,0,2,0,0,0,0,0,0,0,0,0,0
14817,0,0,0,1,1,188,0,0,0,0,0,0
14818,0,0,0,0,0,1,0,0,0,6,361,0
14819,0,0,0,3,0,0,0,0,0,0,0,0
14820,0,41,0,0,0,0,9,0,0,0,0,0
14821,0,0,0,0,0,1,0,0,0,39,1006,2
14822,0,0,0,0,0,0,0,0,0,5,3,2
14823,28,13,7,0,0,0,0,0,0,0,0,0
14824,1,4,0,0,0,0,0,0,0,0,0,0
14825,0,0,0,0,0,0,0,0,0,0,5,0
14826,12,37,3,0,0,0,0,0,0,0,0,0
14827,0,108,8,0,0,0,0,0,0,0,0,0
14828,0,0,0,0,2,17,0,0,0,0,0,0
14829,0,0,0,0,4,0,91,4201,103,0,0,0
14830,0,0,0,7,0,1,0,0,0,0,0,0
14831,0,0,0,0,0,0,31,268,1,0,0,0
14832,0,0,0,0,0,63,0,0,0,0,0,0
14833,0,0,0,0,0,0,3,3,1,0,0,0
14834,0,0,0,0,0,0,0,0,0,0,0,0
14835,0,0,0,0,0,248,0,0,0,0,0,0
14836,1,1273,1,0,0,0,1,0,0,0,0,0
14837,0,0,0,0,6,128,0,0,0,0,0,0
14838,0,0,0,0,0,1,0,0,0,13,703,0
14839,0,2,0,0,0,0,0,0,0,0,0,0
14840,0,0,0,0,0,0,6,2,0,0,0,0
14841,5,60,15,0,0,0,0,0,0,0,0,0
14842,0,0,0,0,0,0,0,0,0,0,3,0
14843,0,0,0,0,0,0,0,0,0,0,0,0
14844,0,65,1,0,0,0,0,0,0,0,0,0
14845,0,0,0,0,0,0,0,0,0,37,60,1
14846,0,0,0,24,0,1,0,0,0,0,0,0
14847,0,64,1,0,0,0,0,0,0,0,0,0
14848,0,0,0,0,0,1,0,0,0,4,354,7
14849,0,0,0,0,0,1,0,0,0,0,0,0
14850,5,31,10,0,0,0,0,0,0,0,0,0
14851,0,0,0,0,0,0,0,0,0,0,0,0
14852,0,0,0,0,0,0,0,0,0,0,0,0
14853,0,0,0,2,2,211,0,0,0,0,1,0
14854,0,3,0,0,2,0,986,408,2,0,0,0
14855,0,0,0,0,0,60,0,0,0,0,0,0
14856,10,233,2,0,0,0,0,0,0,0,0,0
14857,0,0,0,0,1,0,180,1783,2,0,0,0
14858,1,0,0,15,4,34,0,0,0,0,0,0
14859,0,0,0,9,10,139,0,0,0,0,0,0
14860,0,0,0,0,0,0,1,0,1,0,0,0
14861,0,7,9,0,0,0,0,0,0,0,0,0
14862,2,25,1,0,0,0,0,0,0,0,0,0
14863,0,0,0,0,0,0,41,9,1,0,0,0
14864,0,0,0,0,3,15,0,0,0,0,0,0
14865,0,0,0,2,1,41,0,0,0,0,1,0
14866,0,0,0,0,0,0,32,3,10,0,0,0
14867,0,0,0,0,5,25,0,0,0,0,0,0
14868,0,0,0,7,4,30,0,0,0,0,0,0
14869,0,0,0,0,0,0,25,2,0,0,0,0
14870,0,66,13,0,0,0,0,0,0,0,0,0
14871,0,0,0,0,0,76,0,0,0,0,0,0
14872,0,8,0,0,0,0,0,0,0,0,0,0
14873,4,65,0,0,0,0,0,0,0,0,0,0
14874,0,0,0,0,15,0,99,2525,23,0,0,0
14875,0,0,0,2,10,39,0,0,0,0,0,0
14876,0,56,0,0,0,0,3,0,0,0,0,0
14877,0,0,0,0,0,5,0,0,0,0,2633,0
14878,0,0,0,3,3,9,0,0,0,0,0,0
14879,0,0,0,1,1,1,0,0,0,0,0,0
14880,0,0,0,2,0,26,0,0,0,0,0,0
14881,0,0,0,0,0,0,27,22,0,0,0,0
14882,3,111,1649,0,0,0,1,0,0,116,0,0
14883,0,0,0,0,4,304,0,0,0,0,0,0
14884,0,0,0,1,0,4,0,0,0,0,0,0
14885,0,1,0,0,0,0,111,13,0,0,0,0
14886,0,0,0,0,1,34,0,0,0,0,0,0
14887,0,0,0,0,0,0,0,0,0,0,0,0
14888,1,1,0,0,0,0,0,0,0,0,0,0
14889,0,0,0,0,0,6,0,0,0,0,1039,0
14890,0,0,0,0,0,0,95,24,2,0,0,0
14891,3,18,11,0,0,0,0,0,0,0,0,0
14892,0,0,0,14,6,140,0,0,0,0,0,0
14893,0,0,0,0,0,0,1,3,0,0,0,0
14894,0,0,0,0,0,0,0,3,0,0,0,0
14895,0,0,0,92,3,240,0,0,0,0,6,0
14896,0,0,0,0,1,0,3,10,0,0,0,0
14897,0,0,0,0,0,0,0,0,0,0,0,0
14898,0,0,1,0,0,9,0,0,0,64,1380,7
14899,0,0,0,1,0,2,0,0,0,0,0,0
14900,0,0,0,0,0,0,0,0,1,0,0,0
14901,0,0,0,0,0,15,0,0,0,0,0,0
14902,9,420,10,0,0,0,18,0,0,0,0,0
14903,0,0,0,1,18,36,0,0,0,0,0,0
14904,0,0,0,2,0,44,0,0,0,0,0,0
14905,1,2,1,0,0,0,0,0,0,0,0,0
14906,0,56,23,0,0,0,1,0,0,0,0,0
14907,0,0,0,8,3,185,0,0,0,0,5,0
14908,0,0,0,0,0,0,2,9,3,0,0,0
14909,0,0,0,0,0,0,0,0,0,0,6,6
14910,0,0,0,9,2,214,0,0,0,0,2,0
14911,4,17,2,0,0,0,1,0,0,0,0,0
14912,11,224,51,1,0,0,8,0,0,0,0,0
14913,0,0,0,0,0,11,0,0,0,70,1272,0
14914,0,0,0,0,0,0,0,0,0,2,0,0
14915,28,5,0,0,0,0,0,0,0,0,0,0
14916,43,114,38,3,0,0,2,0,0,0,0,0
14917,0,0,0,0,0,0,25,2,2,0,0,0
14918,0,0,0,0,0,1,0,0,0,0,0,0
14919,0,0,0,0,0,4,0,0,0,8,1773,5
14920,0,54,2,0,0,0,0,0,0,0,0,0
14921,0,0,0,0,1,213,0,0,0,0,0,0
14922,0,0,0,0,0,4,0,0,0,12,526,0
14923,0,1,0,0,0,0,465,1,2,0,0,0
14924,0,0,0,0,0,3,0,0,0,0,0,0
14925,0,0,0,1,0,188,0,0,0,48,17399,5
14926,4,0,1,0,0,0,0,0,0,0,0,0
14927,0,44,3,0,0,0,0,0,0,0,0,0
14928,0,0,0,0,0,3,0,0,0,6,530,6
14929,5,0,0,0,0,0,0,0,0,0,0,0
14930,1,16,0,0,0,0,0,0,0,0,0,0
14931,0,0,0,0,0,3,0,0,0,28,1834,0
14932,0,0,0,0,0,2,0,0,0,9,941,1
14933,0,0,0,14,0,3,0,0,0,0,0,0
14934,8,37,19,0,0,0,0,0,0,0,0,0
14935,0,2,0,0,0,0,32,14,1,0,0,0
14936,0,5,1,0,0,0,0,0,0,0,0,0
14937,0,0,0,0,0,2,0,0,0,39,2246,0
14938,0,0,0,0,0,0,0,0,0,0,0,0
14939,0,14,0,0,0,0,0,0,0,0,0,0
14940,0,367,0,0,0,0,1,0,0,0,0,0
14941,0,0,0,1,4,1,0,0,0,0,0,0
14942,0,0,0,0,0,0,0,0,0,0,3,0
14943,27,53,7,0,0,0,0,0,0,0,0,0
14944,0,0,0,0,0,0,0,25,9,0,0,0
14945,0,0,0,0,0,0,0,0,0,0,6,0
14946,0,0,0,7,3,39,0,0,0,0,0,0
14947,0,0,0,0,0,0,30,0,0,0,0,0
14948,0,0,0,0,0,0,0,8,0,0,0,0
14949,0,0,0,1,12,177,0,0,0,0,1,0
14950,0,0,0,0,1,3,0,0,0,0,0,0
14951,0,0,0,1,0,2,0,0,0,0,0,0
14952,0,0,0,0,0,113,0,0,0,0,0,0
14953,0,0,0,0,0,0,0,0,0,0,7,1
14954,0,0,0,0,0,0,0,0,0,0,1,0
14955,31,307,19,0,0,0,0,0,0,0,0,0
14956,0,0,0,1,0,36,0,0,0,0,0,0
14957,0,0,0,0,0,1,0,0,0,0,0,0
14958,0,0,0,2,0,51,0,0,0,0,0,0
14959,2,0,0,0,0,0,0,0,0,0,0,0
14960,392,1,1,4,0,0,0,0,0,0,0,0
14961,0,0,0,1,0,459,0,0,0,0,3,0
14962,1,0,0,0,0,0,0,0,0,0,0,0
14963,0,49,0,0,0,0,3,0,0,0,0,0
14964,2,116,0,0,0,0,0,0,0,0,0,0
14965,0,0,0,0,0,2,0,0,0,0,0,0
14966,0,0,0,0,0,0,0,6,0,0,0,0
14967,0,0,0,0,0,0,0,101,1,0,0,0
14968,0,0,0,0,0,0,0,3,0,0,0,0
14969,0,0,0,0,0,0,1,2,0,0,0,0
14970,0,0,0,0,0,34,0,0,0,0,0,0
14971,0,1,0,0,0,0,0,0,0,0,0,0
14972,4,21,1,0,0,0,0,0,0,0,0,0
14973,0,0,0,0,0,0,62,3,0,0,0,0
14974,0,0,0,0,0,0,1,37,0,0,0,0
14975,0,0,0,0,0,0,0,0,0,1,5,0
14976,0,0,0,6,7,576,0,0,0,0,4,0
14977,0,5,3,0,0,0,0,0,0,0,0,0
14978,0,0,0,0,0,0,1,3,2,0,0,0
14979,0,80,0,0,0,0,0,0,0,0,0,0
14980,0,0,0,0,0,0,0,0,0,38,574,3
14981,0,0,0,0,0,2,0,0,0,0,0,0
14982,0,0,0,0,1,76,0,0,0,0,0,0
14983,0,0,0,0,0,3,0,0,0,0,0,0
14984,1,25,0,0,0,0,0,0,0,0,0,0
14985,0,0,0,0,0,43,0,0,0,0,0,0
14986,0,0,0,0,0,0,0,0,0,0,0,0
14987,0,0,0,0,0,0,0,0,0,0,0,0
14988,0,0,0,0,0,423,0,0,0,0,2,0
14989,0,0,0,0,0,0,7,1,2,0,0,0
14990,0,99,7,0,0,0,0,0,0,0,0,0
14991,0,0,0,9,33,260,0,0,0,0,0,0
14992,0,0,0,1,6,2,0,0,0,0,0,0
14993,0,0,0,0,0,0,0,0,0,0,4,0
14994,24,60,17,0,0,0,0,0,0,0,0,0
14995,0,26,25,0,0,0,0,0,0,0,0,0
14996,0,0,0,5,0,31,0,0,0,0,0,0
14997,0,0,0,0,0,0,13,44,5,0,0,0
14998,110,139,25,0,0,0,1,0,0,0,0,0
14999,0,0,0,0,0,0,502,45,4,0,0,0
15000,0,0,0,2,4,68,0,0,0,0,0,0
15001,0,0,0,0,0,45,0,0,0,0,0,0
15002,15,1598,16,0,0,0,16,0,0,0,0,0
15003,0,0,0,0,0,146,0,0,0,0,0,0
15004,0,0,0,0,0,0,11,6,52,0,0,0
15005,4,169,11,0,0,0,0,0,0,0,0,0
15006,0,0,0,0,0,0,94,521,1,0,0,0
15007,0,9,0,0,0,0,656,21,0,0,0,0
15008,1,90,17,0,0,0,0,0,0,0,0,0
15009,0,0,0,0,0,974,0,0,0,0,1,0
15010,0,0,0,0,0,0,0,0,0,20,2,0
15011,5,0,0,0,0,0,0,0,0,0,0,0
15012,1,1967,1,0,0,0,18,0,0,0,0,0
15013,0,0,0,0,0,0,130,2,1,0,0,0
15014,1,3,0,0,0,0,0,0,0,0,0,0
15015,0,0,0,5,4,274,0,0,0,0,0,0
15016,0,0,0,0,1,0,26,790,1,0,0,0
15017,0,0,0,0,0,0,0,0,0,47,1207,0
15018,17,138,7,0,0,0,0,0,0,0,0,0
15019,0,0,0,0,0,0,0,0,0,49,147,5
15020,0,0,0,0,0,3,0,0,0,0,0,0
15021,0,0,0,35,11,345,0,0,0,0,2,0
15022,0,0,0,1,0,4,0,0,0,0,0,0
15023,1,0,0,6,1,3,0,0,0,0,0,0
15024,0,0,0,0,0,3,0,0,0,1,1791,0
15025,0,0,0,0,1,0,560,333,0,0,0,0
15026,0,0,0,0,0,116,0,0,0,2,6562,0
15027,77,257,17,0,0,0,0,0,0,0,0,0
15028,0,0,0,0,0,80,0,0,0,0,0,0
15029,23,43,1,0,0,0,0,0,0,0,0,0
15030,0,0,0,40,1,348,0,0,0,0,0,0
15031,0,7,0,0,0,0,0,0,0,0,0,0
15032,0,0,0,0,0,0,0,0,0,0,6,0
15033,11,35,4,0,0,0,0,0,0,0,0,0
15034,1,1,2,0,0,0,0,0,0,0,0,0
15035,0,2,0,0,0,0,0,0,0,0,0,0
15036,0,115,0,0,0,0,0,0,0,0,0,0
15037,0,0,0,0,0,1,0,0,0,3,367,0
15038,0,0,0,0,0,0,247,27,0,0,0,0
15039,0,0,0,2,0,112,0,0,0,0,0,0
15040,0,0,0,0,0,0,0,0,0,0,0,0
15041,1,7,0,0,0,0,0,0,0,0,0,0
15042,0,0,0,0,0,295,0,0,0,0,0,0
15043,0,0,0,0,0,0,45,0,0,0,0,0
15044,0,0,0,0,0,0,0,0,0,0,0,0
15045,0,0,0,0,0,0,0,0,0,99,1328,0
15046,12,268,12,0,0,0,0,0,0,0,0,0
15047,0,0,0,2,20,347,0,0,0,0,0,0
15048,0,0,0,0,0,0,0,0,0,17,419,2
15049,0,0,0,0,0,3,0,0,0,13,218,62
15050,0,0,0,0,0,0,0,0,0,0,1,0
15051,0,0,0,8,2,146,0,0,0,0,0,0
15052,1,1,1,0,0,0,0,0,0,0,0,0
15053,0,0,0,0,0,0,0,0,0,0,3,0
15054,0,0,0,0,4,95,0,0,0,0,0,0
15055,1,7,0,0,0,0,0,0,0,0,0,0
15056,0,0,0,0,0,156,0,0,0,0,0,0
15057,1,3,1,0,0,0,0,0,0,0,0,0
15058,0,0,0,0,0,0,0,0,0,0,0,0
15059,0,0,0,0,0,0,0,0,0,0,5,1
15060,1,0,0,23,54,84,0,0,0,0,0,0
15061,0,0,0,0,0,0,0,0,0,5,3,0
15062,0,0,0,0,0,0,0,0,0,0,0,0
15063,1,91,0,0,0,0,0,0,0,0,0,0
15064,11,0,15,0,0,0,0,0,0,1,0,0
15065,0,0,0,0,0,0,0,0,0,0,0,0
15066,0,0,0,0,0,0,1,4,0,0,0,0
15067,0,0,11,0,0,0,0,0,0,0,0,0
15068,0,0,0,0,0,0,0,0,0,0,0,0
15069,0,0,0,0,0,227,0,0,0,0,0,0
15070,0,0,0,0,0,0,0,0,0,4,5,3
15071,0,0,0,4,0,1,0,0,0,0,0,0
15072,0,0,0,0,1,19,0,0,0,0,0,0
15073,0,0,0,0,0,0,0,0,0,0,0,0
15074,0,2,0,0,0,0,0,0,0,0,0,0
15075,0,0,0,0,0,0,48,34,1,0,0,0
15076,0,0,0,0,0,21,0,0,0,0,0,0
15077,10,27,0,0,0,0,0,0,0,0,0,0
15078,0,0,0,1,0,143,0,0,0,0,0,0
15079,0,0,0,0,0,0,6,8,1,0,0,0
15080,0,0,0,0,0,0,0,0,0,1,80,1
15081,0,0,0,0,0,1,0,0,0,71,231,2
15082,0,118,9,0,0,0,5,0,0,0,0,0
15083,0,0,0,1,0,0,0,0,0,0,0,0
15084,0,0,0,14,1,24,0,0,0,0,0,0
15085,0,91,0,0,0,0,7,0,0,0,0,0
15086,0,0,0,0,0,0,34,1,0,0,0,0
15087,0,0,0,0,0,64,0,0,0,0,0,0
15088,0,8,0,0,0,0,16,18,3,0,0,0
15089,0,0,0,0,0,0,0,0,0,8,39,1
15090,60,60,5,0,0,0,0,0,0,0,0,0
15091,0,0,0,0,0,0,0,0,0,0,0,0
15092,0,4,0,0,0,0,0,0,0,0,0,0
15093,0,0,0,0,0,0,43,2,1,0,0,0
15094,0,6,0,0,0,0,0,0,0,0,0,0
15095,1,2,4,0,0,0,0,0,0,0,0,0
15096,0,0,0,2,0,59335,0,0,0,0,1202,0
15097,0,1,0,0,0,0,0,0,0,0,0,0
15098,0,0,0,0,0,0,1,1,0,0,0,0
15099,1,130,0,0,0,0,4,0,0,0,0,0
15100,0,0,0,0,0,0,135,147,3,0,0,0
15101,0,0,0,0,0,1,0,0,0,0,303,0
15102,0,0,0,36,72,134,0,0,0,0,1,0
15103,0,0,0,0,0,0,0,0,0,0,5,1
15104,0,0,0,0,0,0,0,2,0,0,0,0
15105,0,0,1,0,0,1,0,0,0,79,173,1
15106,0,0,0,0,0,0,0,0,0,0,0,0
15107,0,0,0,0,0,0,0,0,0,0,4,0
15108,0,0,0,0,0,1,0,0,0,101,844,3
15109,0,0,0,0,0,0,170,13,0,0,0,0
15110,0,0,0,0,0,0,0,0,0,0,0,0
15111,188,194,15,0,0,0,0,0,0,0,0,0
15112,0,0,0,0,0,0,1,40,1,0,0,0
15113,0,0,0,0,0,1,0,0,0,0,7,1
15114,0,0,0,79,9,949,0,0,0,0,4,0
15115,0,0,0,0,0,0,2,3,0,0,0,0
15116,0,0,0,0,0,0,0,0,1,0,0,0
15117,0,0,0,9,2,75,0,0,0,0,0,0
15118,0,0,0,0,0,0,1,3,0,0,0,0
15119,0,0,0,1,0,2,0,0,0,0,0,0
15120,0,0,0,0,0,0,0,0,0,20,507,0
15121,0,0,0,0,2,2,0,0,0,0,0,0
15122,0,0,0,0,0,0,0,0,0,0,0,0
15123,0,0,0,10,0,221,0,0,0,0,0,0
15124,1,307,13,0,0,0,3,0,0,0,0,0
15125,0,0,0,0,0,3,0,0,0,0,0,0
15126,0,0,0,0,0,0,0,0,0,19,212,0
15127,0,0,0,5,3,1,0,0,0,0,0,0
15128,0,0,0,0,0,0,2,14,1,0,0,0
15129,0,0,0,0,0,80,0,0,0,0,0,0
15130,0,1,0,0,0,0,0,0,0,0,0,0
15131,0,0,0,0,0,0,0,2,1,0,0,0
15132,0,0,0,0,0,82,0,0,0,0,0,0
15133,0,0,0,0,0,0,0,0,0,0,0,0
15134,0,0,0,0,0,2,0,0,0,2,12,0
15135,0,0,0,5,0,236,0,0,0,0,0,0
15136,1,7,2,0,0,0,0,0,0,0,0,0
15137,0,0,0,0,0,1,0,0,0,0,0,0
15138,0,0,0,0,3,0,34,167,4,0,0,0
15139,2,5,0,0,0,0,0,0,0,0,0,0
15140,0,0,0,0,0,0,0,0,0,0,10,0
15141,0,0,0,0,0,16,0,0,0,20,3584,14
15142,1,0,0,0,0,0,0,0,0,0,0,0
15143,0,3,4,0,0,0,0,0,0,0,0,0
15144,0,0,0,0,0,999,0,0,0,0,2,0
15145,0,2,2,0,0,0,0,0,0,0,0,0
15146,0,0,0,0,0,0,1,4,0,0,0,0
15147,0,55,0,0,0,0,0,0,0,0,0,0
15148,0,0,0,0,0,0,0,0,0,1,1,0
15149,10,2,0,0,0,0,0,0,0,0,0,0
15150,0,0,0,0,0,0,55,47,3,0,0,0
15151,0,0,0,0,5,0,0,0,0,0,0,0
15152,0,0,0,0,0,0,0,0,0,0,0,0
15153,0,0,0,0,0,62,0,0,0,0,0,0
15154,0,0,0,0,0,0,0,0,0,0,235,1
15155,0,0,0,0,0,0,0,0,0,0,0,0
15156,0,0,0,1,1,400,0,0,0,0,4,0
15157,0,0,0,0,0,0,0,0,0,102,1,0
15158,0,2,0,0,0,0,0,0,0,0,0,0
15159,0,25,0,0,0,0,0,0,0,0,0,0
15160,1,0,13,0,0,0,0,0,0,0,0,0
15161,0,11,0,0,0,0,0,0,0,0,0,0
15162,4,109,3,0,0,0,0,0,0,0,0,0
15163,0,0,0,5,0,120,0,0,0,0,0,0
15164,0,0,0,0,0,1,0,0,0,0,0,0
15165,0,372,0,0,0,0,0,0,0,0,0,0
15166,0,0,0,0,0,53,0,0,0,0,1,0
15167,0,0,0,1,1,2,0,0,0,0,0,0
15168,0,1,0,0,0,0,228,2,0,0,0,0
15169,0,2,0,0,0,0,0,0,0,0,0,0
15170,1,5,0,0,0,0,0,0,0,0,0,0
15171,2,215,0,0,0,0,0,0,0,0,0,0
15172,0,0,0,7,41,4,0,0,0,0,0,0
15173,0,0,0,0,0,0,0,0,0,4,15,0
15174,50,101,5,0,0,0,0,0,0,0,0,0
15175,1,73,9,0,0,0,0,0,0,0,0,0
15176,0,0,0,1,0,11,0,0,0,0,0,0
15177,0,52,5,0,0,0,0,0,0,0,0,0
15178,0,0,0,0,1,0,2,33,0,0,0,0
15179,0,0,0,0,0,0,0,0,0,0,3,0
15180,0,0,0,0,0,0,0,0,0,27,397,12
15181,0,25,0,0,12,0,619,413,0,0,0,0
15182,0,0,0,0,0,1,0,0,0,2,240,1
15183,0,0,0,0,0,1,0,0,0,162,192,0
15184,0,4,0,0,0,0,0,0,0,0,0,0
15185,0,0,0,0,0,2,0,0,0,19,166,0
15186,0,0,0,3,5,41,0,0,0,0,1,0
15187,1,383,3,0,0,0,51,0,0,0,0,0
15188,0,1,0,0,0,0,41,7,5,0,0,0
15189,1,112,11,0,0,0,7,0,0,0,0,0
15190,0,1,0,0,0,0,71,2,1,0,0,0
15191,0,0,0,0,0,0,27,8,0,0,0,0
15192,27,4404,46,0,0,0,2,1,0,0,0,0
15193,0,0,0,0,0,0,172,253,0,0,0,0
15194,0,0,0,0,0,9,0,0,0,3,1543,2
15195,0,0,0,6,1,278,0,0,0,0,0,0
15196,0,80,1,0,0,0,0,0,0,0,0,0
15197,0,0,0,0,0,0,0,0,0,1,154,1
15198,0,0,0,10,4,63,0,0,0,0,0,0
15199,0,0,0,0,0,0,69,202,1,0,0,0
15200,0,0,0,0,0,1,0,0,0,0,0,0
15201,49,139,3,0,0,0,0,0,0,0,0,0
15202,0,0,0,0,1,0,6,610,3,0,0,0
15203,0,0,0,1,0,6,0,0,0,0,0,0
15204,6,151,0,0,0,0,1,0,0,0,0,0
15205,2,26,2,0,0,0,0,0,0,0,0,0
15206,0,0,0,0,0,1,0,0,0,0,0,0
15207,0,0,0,123,1,82,0,0,0,0,0,0
15208,0,0,0,0,3,0,1,4,0,0,0,0
15209,0,0,0,0,0,0,0,2,2,0,0,0
15210,25,45,40,0,0,0,0,0,0,0,0,0
15211,0,44,0,0,0,0,0,0,0,0,0,0
15212,0,0,0,0,0,0,0,0,0,1,558,0
15213,101,162,11,0,0,0,0,0,0,0,0,0
15214,1,35,0,0,0,0,0,0,0,0,0,0
15215,0,0,0,0,0,0,5,0,1,0,0,0
15216,0,0,0,0,0,0,0,0,0,5,1028,0
15217,0,1,0,0,0,0,0,0,0,0,0,0
15218,3,5,0,0,0,0,0,0,0,0,0,0
15219,1,195,0,0,0,0,1,0,0,0,0,0
15220,0,0,0,0,3,13,0,0,0,0,0,0
15221,0,0,0,0,113,0,0,18,0,0,0,0
15222,0,0,0,0,0,5,0,0,0,5,1534,1
15223,0,0,0,0,0,6,0,0,0,0,0,0
15224,0,11,0,0,0,0,0,0,0,0,0,0
15225,0,0,0,1,0,382,0,0,0,0,1,0
15226,0,0,0,0,0,0,99,51,0,0,0,0
15227,0,0,0,0,0,0,17,4,0,0,0,0
15228,0,0,0,14,0,34,0,0,0,0,0,0
15229,0,1,0,0,1,0,138,12,0,0,0,0
15230,0,0,0,0,0,0,3,5,1,0,0,0
15231,0,0,0,0,3,75,0,0,0,0,1,0
15232,0,0,0,0,2,0,0,0,0,0,0,0
15233,0,0,0,0,0,0,1,6,0,0,0,0
15234,0,0,0,0,0,0,0,8,2,0,0,0
15235,0,0,0,0,0,2,0,0,0,19,111,0
15236,1,1,0,0,0,0,0,0,0,0,0,0
15237,0,0,0,0,0,66,0,0,0,63,11894,2
15238,6,36,23,0,0,0,5,0,0,0,0,0
15239,1,31,2,0,0,0,0,0,0,0,0,0
15240,0,0,0,2,0,530,0,0,0,38,109396,0
15241,5,14,1,0,0,0,1,0,0,0,0,0
15242,0,0,0,12,0,12,0,0,0,0,0,0
15243,0,0,0,0,20,0,188,4032,12,0,0,0
15244,0,0,0,2,1,19,0,0,0,0,0,0
15245,0,0,0,0,0,0,0,0,0,0,0,0
15246,4,53,0,0,0,0,1,0,0,0,0,0
15247,0,32,52,0,0,0,0,0,0,0,0,0
15248,0,69,3,0,0,0,0,0,0,0,0,0
15249,4,54,5,0,0,0,0,0,0,0,0,0
15250,0,98,1,0,0,0,0,0,0,0,0,0
15251,0,0,0,0,0,2,0,0,0,41,1057,24
15252,0,0,0,7,7,252,0,0,0,0,3,0
15253,0,16,0,0,0,0,1348,104,18,0,0,0
15254,0,0,0,0,555,94,0,0,0,0,0,0
15255,0,0,0,0,5,74,0,0,0,0,0,0
15256,0,0,0,0,0,15,0,0,0,0,0,0
15257,7,534,0,0,0,0,0,0,0,0,0,0
15258,0,0,0,0,0,406,0,0,0,0,0,0
15259,6,90,2,0,0,0,0,0,0,0,0,0
15260,0,0,0,0,0,0,169,469,1,0,0,0
15261,1,0,0,122,3,119,0,0,0,0,1,0
15262,0,0,0,0,0,0,47,48,1,0,0,0
15263,0,130,10,0,0,0,0,0,0,0,0,0
15264,0,0,0,2,0,8854,0,0,0,0,8,0
15265,0,1,0,0,0,0,203,5,2,0,0,0
15266,0,0,0,0,0,1,0,0,0,0,0,0
15267,140,177,4,0,0,0,0,0,0,0,0,0
15268,0,0,0,0,0,0,28,0,5,0,0,0
15269,13,71,129,0,0,0,1,0,0,25,0,0
15270,2,34,25,0,0,0,0,0,0,0,0,0
15271,1,17,7,0,0,0,0,0,0,0,0,0
15272,1,56,1,0,0,0,0,0,0,0,0,0
15273,0,0,0,0,0,2,0,0,0,21,1770,2
15274,0,0,0,0,0,0,0,0,0,1,134,0
15275,0,0,0,0,0,0,0,0,0,2,0,0
15276,452,0,0,1847,42,157,0,0,0,0,0,0
15277,0,0,0,0,0,62,0,0,0,7,13910,9
15278,2,215,1,0,0,0,1,0,0,0,0,0
15279,0,0,0,0,1,1393,0,0,0,138,315413,1
15280,0,0,0,0,0,5,0,0,0,123,1134,4
15281,0,0,0,0,0,2,0,0,0,0,0,0
15282,0,0,0,2,1,46,0,0,0,0,0,0
15283,1,83,0,0,0,0,0,0,0,0,0,0
15284,0,0,0,1,1,17,0,0,0,0,0,0
15285,0,0,0,0,0,0,31,868,15,0,0,0
15286,0,0,0,0,0,0,3,1,0,0,0,0
15287,0,0,0,0,0,0,1,3,0,0,0,0
15288,0,0,0,4,0,38,0,0,0,0,0,0
15289,0,0,0,0,1,0,0,0,0,0,0,0
15290,0,0,0,0,0,0,0,1,0,0,0,0
15291,0,0,0,0,0,0,0,1,0,0,0,0
15292,0,0,0,0,0,0,1,3,1,0,0,0
15293,0,0,0,0,0,0,0,0,0,0,0,0
15294,0,0,0,0,0,161,0,0,0,0,0,0
15295,0,0,0,0,0,1,0,0,0,0,0,0
15296,4,5,0,0,0,0,0,0,0,0,0,0
15297,0,0,0,0,0,528,0,0,0,0,1,0
15298,0,0,0,0,0,0,0,0,0,1,5,1
15299,0,0,0,0,0,0,0,0,0,1,2,0
15300,0,0,0,13,0,38,0,0,0,0,0,0
15301,0,1,0,0,0,0,0,0,0,0,0,0
15302,1,1,2,0,0,0,0,0,0,0,0,0
15303,1,69,0,0,0,0,0,0,0,0,0,0
15304,0,0,0,1,0,1,0,0,0,0,0,0
15305,0,0,0,0,0,0,0,1,0,0,0,0
15306,0,0,0,1,0,93,0,0,0,0,0,0
15307,0,0,0,0,0,0,0,2,0,0,0,0
15308,0,0,0,0,0,0,0,0,0,0,0,0
15309,0,0,0,0,0,164,0,0,0,0,0,0
15310,0,0,1,0,0,0,0,0,0,0,0,0
15311,0,0,0,0,0,0,0,0,0,0,0,0
15312,0,97,0,0,0,0,0,0,0,0,0,0
15313,0,0,0,0,0,0,123,39,0,0,0,0
15314,0,0,0,0,0,0,0,0,0,1,21,0
15315,0,0,0,0,0,0,0,0,0,381,1345,3
15316,0,3,45,0,0,0,0,0,0,0,0,0
15317,0,0,0,0,2,1,0,0,0,0,0,0
15318,0,0,0,0,1,0,4,94,1,0,0,0
15319,0,0,0,0,0,0,0,0,0,1,25,0
15320,0,0,0,0,0,0,0,0,0,1,6,0
15321,0,0,0,5,2,566,0,0,0,0,0,0
15322,1,1,1,0,0,0,0,0,0,0,0,0
15323,1,2,0,0,0,0,0,0,0,0,0,0
15324,0,0,0,0,0,60,0,0,0,0,6521,0
15325,2,45,8,0,0,0,0,0,0,0,0,0
15326,0,0,0,0,1,160,0,0,0,0,2,0
15327,0,0,0,0,29,0,31,2321,1,0,0,0
15328,0,0,0,0,0,0,0,0,0,261,443,1
15329,0,0,0,4,0,2,0,0,0,0,0,0
15330,0,0,0,9,1,28,0,0,0,0,0,0
15331,0,0,0,0,0,0,0,0,0,0,0,0
15332,0,0,0,0,0,0,0,1,1,0,0,0
15333,0,258,1,0,0,0,0,0,0,0,0,0
15334,0,126,24,0,0,0,0,0,0,0,0,0
15335,0,0,0,0,0,31,0,0,0,0,0,0
15336,0,0,0,0,1,99,0,0,0,0,0,0
15337,0,109,1,0,0,0,0,0,0,0,0,0
15338,0,0,0,1,0,532,0,0,0,0,1,0
15339,0,0,0,0,0,0,21,29,0,0,0,0
15340,0,0,0,0,0,0,8,2,0,0,0,0
15341,0,0,0,0,0,0,0,0,0,5,21,0
15342,0,0,1,0,0,16,0,0,0,183,1479,4
15343,0,0,0,1,1,1,0,0,0,0,0,0
15344,0,0,0,0,0,0,0,0,0,0,2,0
15345,7,16,11,0,0,0,0,0,0,0,0,0
15346,0,0,0,0,0,47,0,0,0,205,3345,4
15347,0,0,0,1,3,0,0,0,0,0,0,0
15348,0,0,0,37,2,68,0,0,0,0,3,0
15349,0,0,0,0,0,0,273,19,2,0,0,0
15350,0,0,0,0,2,42,0,0,0,0,0,0
15351,1,0,0,16,68,173,0,0,0,0,0,0
15352,0,0,0,0,0,6,0,0,0,0,2226,0
15353,0,0,0,0,0,1,0,0,0,0,0,0
15354,0,0,0,160,9,102,0,0,0,0,0,0
15355,0,0,0,0,0,0,8,61,0,0,0,0
15356,0,0,0,0,0,0,0,0,0,0,200,2
15357,0,0,0,14,34,92,0,0,0,0,0,0
15358,0,0,0,0,0,0,0,0,0,4,16,0
15359,0,0,0,0,0,0,27,1,0,0,0,0
15360,0,0,0,0,0,1,0,0,0,8,559,0
15361,0,2,3,0,0,0,0,0,0,0,0,0
15362,0,25,1,0,0,0,0,0,0,0,0,0
15363,0,84,5,0,0,0,0,0,0,0,0,0
15364,0,0,0,0,0,0,0,0,0,0,3,0
15365,0,0,0,0,0,0,0,0,0,0,0,0
15366,0,0,0,0,2,581,0,0,0,0,2,0
15367,1,61,0,0,0,0,1,0,0,0,0,0
15368,0,0,0,0,0,6,0,0,0,16,989,0
15369,10,34,2,0,0,0,0,0,0,0,0,0
15370,0,23,1,0,0,0,0,0,0,0,0,0
15371,0,0,0,0,0,0,0,0,0,16,1618,0
15372,0,0,0,0,4,0,443,2779,176,0,0,1
15373,0,0,0,0,1,1,0,0,0,0,0,0
15374,0,0,0,0,0,0,0,1,0,0,0,0
15375,0,0,0,0,0,37,0,0,0,0,0,0
15376,0,0,0,1,0,0,0,0,0,0,0,0
15377,0,0,0,0,0,0,0,1,1,0,0,0
15378,0,0,0,0,0,68,0,0,0,0,0,0
15379,4,164,1,0,0,0,0,0,0,0,0,0
15380,0,0,0,0,7,0,76,2421,5,0,0,0
15381,0,0,0,0,0,1,0,0,0,16,353,0
15382,0,0,0,1,43,21,0,0,0,0,0,0
15383,0,0,0,0,5,24,0,0,0,0,0,0
15384,0,1,0,0,1,0,318,178,0,0,0,0
15385,0,0,0,2,69,87,0,0,0,0,0,0
15386,0,0,0,0,0,2,0,0,0,0,176,0
15387,13,28,10,0,0,0,0,0,0,0,0,0
15388,0,0,0,0,0,0,0,0,0,17,37,0
15389,0,1,0,0,0,0,0,0,0,0,0,0
15390,0,0,0,0,0,1,0,0,0,30,119,1
15391,0,0,0,0,0,0,0,0,0,5,248,0
15392,0,0,0,0,0,0,5,28,0,0,0,0
15393,0,0,0,1,1,180,0,0,0,0,1,0
15394,0,0,0,1,0,31,0,0,0,0,0,0
15395,0,0,0,1,0,0,0,0,0,0,0,0
15396,0,0,0,0,0,1,0,0,0,6,392,0
15397,0,0,0,0,0,31,0,0,0,0,0,0
15398,15,0,1,0,0,0,0,0,0,0,0,0
15399,0,0,0,0,0,566,0,0,0,0,2,0
15400,0,0,1,0,0,0,0,0,0,0,0,0
15401,0,0,0,0,0,0,5,2,5,0,0,0
15402,0,176,0,0,0,0,17,0,0,0,0,0
15403,0,0,0,4,1,134,0,0,0,0,0,0
15404,0,0,0,0,0,0,0,0,0,0,0,0
15405,2,55,1,0,0,0,0,0,0,0,0,0
15406,0,0,0,0,3,0,52,2876,0,0,0,0
15407,0,0,0,0,0,2,0,0,0,1,1065,1
15408,0,0,0,1,1,50,0,0,0,0,1,0
15409,1,1,0,0,0,0,0,0,0,0,0,0
15410,0,0,3,0,0,0,0,0,0,0,0,0
15411,0,0,0,0,0,156,0,0,0,0,0,0
15412,0,0,0,0,0,0,0,1,1,0,0,0
15413,0,2,0,0,0,0,0,0,0,0,0,0
15414,0,0,0,0,0,0,45,9,1,0,0,0
15415,0,0,0,6,0,0,0,0,0,0,0,0
15416,0,0,0,0,0,0,0,1,0,0,0,0
15417,0,0,0,0,0,72,0,0,0,0,0,0
15418,0,0,0,0,0,0,1,152,0,0,0,0
15419,0,0,0,0,0,0,0,0,0,6,18,0
15420,0,0,0,36,54,102,0,0,0,0,0,0
15421,0,0,0,0,0,0,0,0,0,1,2,0
15422,0,0,1,0,0,0,0,0,0,0,0,0
15423,0,91,0,0,0,0,0,0,0,0,0,0
15424,0,0,0,0,0,0,0,5,0,0,0,0
15425,0,0,0,0,0,2,0,0,0,0,0,0
15426,3,951,3,0,0,0,2,0,0,0,0,0
15427,0,0,0,0,0,162,0,0,0,0,2,0
15428,0,0,0,1,1,0,0,0,0,0,0,0
15429,0,1,0,0,0,0,75,0,4,0,0,0
15430,1,4,0,0,0,0,0,0,0,0,0,0
15431,0,0,0,0,0,0,4,1,0,0,0,0
15432,0,0,0,0,0,164,0,0,0,0,1,0
15433,0,0,0,0,0,0,0,1,0,0,0,0
15434,0,0,0,0,0,0,0,0,0,0,0,0
15435,0,0,0,0,0,0,0,0,0,0,0,0
15436,13,739,9,0,0,0,53,0,0,0,0,0
15437,0,0,0,1,0,195,0,0,0,0,1,0
15438,0,0,0,0,1,0,164,1025,39,0,0,0
15439,0,11,0,0,0,0,873,0,3,0,0,0
15440,0,0,0,1,1,18,0,0,0,0,0,0
15441,0,0,0,0,0,1,0,0,0,2,333,0
15442,21,1,6,0,0,0,0,0,0,0,0,0
15443,0,0,0,0,1,2,0,0,0,0,0,0
15444,0,0,0,0,2,0,50,570,14,0,0,0
15445,0,0,0,0,1,1,0,0,0,0,0,0
15446,0,0,0,0,0,0,1,2,2,0,0,0
15447,0,0,0,1,0,55,0,0,0,0,0,0
15448,0,0,0,0,0,0,44,180,2,0,0,0
15449,0,0,0,0,0,0,1,33,5,0,0,0
15450,0,0,0,0,0,3,0,0,0,15,1392,2
15451,184,9084,2,0,0,0,1392046,44,1,0,0,0
15452,0,0,0,0,2,0,103,860,28,0,0,0
15453,0,0,0,0,0,199,0,0,0,0,0,0
15454,0,0,0,1,11,3,0,0,0,0,0,0
15455,0,0,0,0,0,0,0,0,0,0,29,0
15456,13,85,158,0,0,0,0,0,0,2,1,0
15457,0,0,0,0,0,3,0,0,0,34,351,0
15458,0,0,0,0,0,5,0,0,0,0,0,0
15459,3,96,0,0,0,0,1,0,0,0,0,0
15460,0,0,0,0,1,14,0,0,0,0,0,0
15461,8,1,0,0,0,0,0,0,0,0,0,0
15462,0,0,0,0,0,98,0,0,0,0,0,0
15463,0,0,0,0,0,0,201,188,3,0,0,0
15464,0,0,0,0,0,5,0,0,0,0,0,0
15465,0,0,0,4,2,54,0,0,0,0,0,0
15466,1,0,2,0,0,0,0,0,0,0,0,0
15467,0,1,0,0,0,0,0,0,0,0,0,0
15468,0,59,0,0,0,0,0,0,0,0,0,0
15469,0,0,0,0,0,0,0,0,0,0,17,1
15470,0,0,0,0,0,0,0,0,0,0,19,0
15471,41,67,12,0,0,0,0,0,0,0,0,0
15472,0,0,0,0,0,0,0,3,4,0,0,0
15473,0,0,0,0,0,0,1,2,0,0,0,0
15474,0,0,0,0,0,92,0,0,0,0,1,0
15475,0,0,0,0,0,0,1,0,0,0,0,0
15476,0,0,0,0,0,0,0,2,2,0,0,0
15477,453,144,65,0,0,0,2,0,0,0,0,0
15478,0,0,0,0,0,0,0,0,0,0,0,0
15479,0,0,0,0,0,2,0,0,0,0,15,0
15480,0,0,1,0,0,3,0,0,0,185,2545,2
15481,0,0,0,0,0,5,0,0,0,0,0,0
15482,0,0,0,0,0,0,0,0,0,1,0,0
15483,48,264,22,0,0,0,0,1,0,0,0,0
15484,0,0,0,0,0,1,0,0,0,0,0,0
15485,0,0,0,0,0,0,0,0,0,1,9,1
15486,88,164,6,0,0,0,2,0,0,0,0,0
15487,0,0,0,0,0,0,3,7,0,0,0,0
15488,0,0,0,0,0,0,0,7,2,0,0,0
15489,20,666,16,0,0,0,14,0,0,0,0,0
15490,0,0,0,0,0,0,2,4,3,0,0,0
15491,0,0,0,0,0,0,0,0,0,0,0,0
15492,0,0,0,0,1,172,0,0,0,0,5,0
15493,0,0,0,0,0,0,2,57,8,0,0,0
15494,0,0,0,0,0,0,0,0,0,0,3,26
15495,0,0,0,0,0,0,0,0,0,30,283,5
15496,0,1,1,0,0,0,0,0,0,0,0,0
15497,0,0,0,0,0,0,0,0,0,0,0,0
15498,23,45,7,0,0,0,0,0,0,0,0,0
15499,1,0,0,0,0,0,0,0,0,0,0,0
15500,0,0,0,0,0,0,0,0,0,0,0,1
15501,0,0,0,18,5,87,0,0,0,0,1,0
15502,0,0,0,0,0,0,2,7,4,0,0,0
15503,0,0,0,0,0,0,0,0,0,1,1,2
15504,0,0,0,6,7,16,0,0,0,0,0,0
15505,0,0,0,0,0,2,0,0,0,0,0,0
15506,0,0,0,0,0,0,0,0,0,0,0,0
15507,0,0,0,0,0,76,0,0,0,0,0,0
15508,0,0,0,0,0,0,1,7,6,0,0,0
15509,0,0,0,0,0,0,0,0,0,0,4,4
15510,0,0,0,4,5,422,0,0,0,0,0,0
15511,0,0,0,0,0,0,0,0,0,0,0,0
15512,0,1,0,0,0,0,0,0,0,0,0,0
15513,0,0,0,0,0,23,0,0,0,0,1,0
15514,0,6,0,0,0,0,0,0,0,0,0,0
15515,0,0,0,0,0,0,1,0,0,0,0,0
15516,0,0,0,0,1,35,0,0,0,0,0,0
15517,0,1,0,0,0,0,89,3,0,0,0,0
15518,0,0,0,0,4,17,0,0,0,0,0,0
15519,0,0,0,3,3,94,0,0,0,0,1,0
15520,0,0,0,0,0,0,0,0,0,0,0,0
15521,0,0,0,0,0,0,0,0,0,0,0,0
15522,0,0,0,0,0,108,0,0,0,0,0,0
15523,0,3,0,0,0,0,0,0,0,0,0,0
15524,0,0,0,0,0,0,0,0,0,0,0,0
15525,0,0,0,0,0,3,0,0,0,0,163,0
15526,1,54,1,0,0,0,0,0,0,0,0,0
15527,0,0,0,1,0,18,0,0,0,0,0,0
15528,0,0,0,4,3,66,0,0,0,0,0,0
15529,0,0,0,4,0,5,0,0,0,0,0,0
15530,0,0,0,0,1,0,36,1057,6,0,0,0
15531,0,0,0,0,0,91,0,0,0,0,1,0
15532,0,0,0,0,0,0,0,0,0,3,2,0
15533,0,0,0,0,0,0,0,0,0,0,0,0
15534,1,89,0,0,0,0,3,0,0,0,0,0
15535,0,0,0,0,5,0,59,829,3,0,0,0
15536,0,0,0,0,0,0,0,0,0,0,17,2
15537,0,0,0,28,29,170,0,0,0,0,0,0
15538,0,0,0,0,0,0,295,3,7,0,0,0
15539,0,0,0,0,0,516,0,0,0,0,0,0
15540,0,0,1,0,0,24,0,0,0,142,4471,3
15541,2,23,0,0,0,0,0,0,0,0,0,0
15542,0,0,0,0,0,0,0,0,0,0,27,1
15543,0,7,0,0,31,0,473,2714,3,0,0,0
15544,0,0,0,0,5,0,4,286,0,0,0,0
15545,0,0,0,0,0,0,0,0,0,1,2,0
15546,0,0,2,0,0,18,0,0,0,77,663,0
15547,0,2,0,0,0,0,0,0,0,0,0,0
15548,0,43,2,0,0,0,1,0,0,0,0,0
15549,0,0,0,0,2,127,0,0,0,0,1,0
15550,0,0,0,0,0,0,152,8,1,0,0,0
15551,0,0,0,1,1,91,0,0,0,0,0,0
15552,3,0,0,46,0,27,0,0,0,0,0,0
15553,0,141,0,0,0,0,0,0,0,0,0,0
15554,36,40,3,0,0,0,0,0,0,0,0,0
15555,0,0,0,1,3,121,0,0,0,0,2,0
15556,0,0,0,0,0,0,71,99,1,0,0,0
15557,0,0,0,0,0,6,0,0,0,0,72,0
15558,1,28,3,0,0,0,0,0,0,0,0,0
15559,0,0,0,0,0,0,0,0,0,45,41,1
15560,0,0,0,0,0,3,0,0,0,0,0,0
15561,0,0,0,2,4,49,0,0,0,0,0,0
15562,0,0,0,1,1,31,0,0,0,0,0,0
15563,0,0,0,0,0,20,0,0,0,0,0,0
15564,1,182,0,0,0,0,0,0,0,0,0,0
15565,0,0,0,0,37,2,0,0,0,0,0,0
15566,0,0,0,0,0,0,0,0,0,1,7,1
15567,0,0,0,0,2,109,0,0,0,0,0,0
15568,1,15,1,0,0,0,0,0,0,0,0,0
15569,0,0,0,0,2,0,0,0,0,57,5499,1
15570,0,0,0,13,1,92,0,0,0,0,0,0
15571,0,1,0,0,0,0,70,34,0,0,0,0
15572,0,98,8,0,0,0,0,0,0,0,0,0
15573,0,0,0,0,0,389,0,0,0,0,2,0
15574,0,0,0,0,0,0,1,6,0,0,0,0
15575,0,0,0,0,0,0,2,69,4,0,0,0
15576,0,0,0,0,0,319,0,0,0,0,1,0
15577,0,2,0,0,0,0,0,0,0,0,0,0
15578,0,1,1,0,0,0,0,0,0,0,0,0
15579,0,0,0,0,0,5,0,0,0,25,3642,0
15580,0,11,1,0,0,0,0,0,0,0,0,0
15581,0,28,0,0,0,0,0,0,0,0,0,0
15582,8,68,8,0,0,0,0,0,0,0,0,0
15583,1,118,22,0,0,0,1,0,0,0,0,0
15584,0,0,0,7,6,54,0,0,0,0,0,0
15585,0,0,0,46,13,113,0,0,0,0,0,0
15586,0,1,0,0,0,0,113,35,2,0,0,0
15587,0,0,0,0,0,2,0,0,0,4,158,0
15588,0,0,0,0,0,2,0,0,0,255,719,3
15589,0,0,0,0,0,0,403,70,0,0,0,0
15590,4,34,40,0,0,0,0,0,0,0,0,0
15591,0,0,0,1,2,383,0,0,0,0,0,0
15592,1,3,5,0,0,0,0,0,0,0,0,0
15593,8,79,12,0,0,0,0,0,0,0,0,0
15594,0,0,0,0,3,0,56,1014,25,0,0,0
15595,0,0,0,0,0,49,0,0,0,0,0,0
15596,275,2610,2,5,0,0,0,0,0,0,0,0
15597,0,0,0,0,0,1500,0,0,0,0,1,0
15598,0,22,0,0,1,0,3922,497,2,0,0,0
15599,0,0,0,0,30,157,0,0,0,0,1,0
15600,0,0,0,0,0,5,0,0,0,34,564,1
15601,0,0,0,0,0,1,0,0,0,14,251,33
15602,0,0,0,0,0,0,180,32,1,0,0,0
15603,0,0,0,0,0,1,0,0,0,3,735,1
15604,18,121,7,0,0,0,4,0,0,0,0,0
15605,1,26,38,0,0,0,0,0,0,0,0,0
15606,0,0,0,0,31,169,0,1,0,0,1,0
15607,0,0,0,1,1,15,0,0,0,0,0,0
15608,0,0,0,0,0,5,0,0,0,0,0,0
15609,5,103,3,0,0,0,1,0,0,0,0,0
15610,0,0,0,0,0,0,0,0,0,3,1,1
15611,55,4,1,0,0,0,0,0,0,0,0,0
15612,0,48,2,0,0,0,0,0,0,0,0,0
15613,0,0,0,0,0,1,0,0,0,9,514,0
15614,0,45,0,0,0,0,1,0,0,0,0,0
15615,0,0,0,0,0,1,0,0,0,3,455,0
15616,0,14,20,0,0,0,1,0,0,0,0,0
15617,0,1,0,0,0,0,90,5,1,0,0,0
15618,0,371,15,0,0,0,2,0,0,0,0,0
15619,0,0,0,0,0,0,0,0,0,27,6,2
15620,0,0,0,0,0,2,0,0,0,0,0,0
15621,0,0,0,38,3,36,0,0,0,0,0,0
15622,0,0,0,0,0,0,0,0,0,0,0,0
15623,1,0,0,0,0,0,0,0,0,0,0,0
15624,0,0,0,0,0,256,0,0,0,0,1,0
15625,0,0,0,0,0,0,4,2,0,0,0,0
15626,10,128,138,0,0,0,0,0,0,0,0,0
15627,0,5,0,0,1,0,46,347,2,0,0,0
15628,0,0,0,4,1,6001,0,0,0,0,32,0
15629,0,0,0,0,3,0,154,880,1,0,0,0
15630,0,0,0,0,3,41,0,0,0,0,0,0
15631,0,0,0,0,0,0,0,0,0,26,17,2
15632,0,0,0,2,1,2,0,0,0,0,0,0
15633,0,0,0,0,0,2,0,0,0,41,176,0
15634,0,0,0,0,0,0,0,0,0,0,0,0
15635,1,0,0,0,0,0,0,0,0,0,0,0
15636,0,0,0,0,0,107,0,0,0,0,0,0
15637,0,0,12,0,0,0,0,0,0,0,0,0
15638,0,0,0,0,0,0,9,3,0,0,0,0
15639,0,44,0,0,0,0,0,0,0,0,0,0
15640,31,137,3,0,0,0,0,0,0,0,0,0
15641,0,162,36,0,0,0,1,0,0,0,0,0
15642,0,0,0,1,1,513,0,0,0,0,1,0
15643,0,36,0,0,0,0,0,0,0,0,0,0
15644,0,0,0,0,0,0,2,11,1,0,0,0
15645,5,64,13,0,0,0,1,0,0,0,0,0
15646,0,1,0,0,0,0,149,72,0,0,0,0
15647,1,192,58,0,0,0,0,0,0,0,0,0
15648,0,0,0,6,15,78,0,0,0,0,0,0
15649,0,1,0,0,0,0,208,62,0,0,0,0
15650,0,0,0,0,2,110,0,0,0,0,0,0
15651,0,0,0,12,3,86,0,0,0,0,0,0
15652,0,0,0,0,8,0,53,1655,2,0,0,0
15653,1,30,11,0,0,0,0,0,0,0,0,0
15654,0,0,0,0,0,19,0,0,0,12,6925,1
15655,1,49,9,0,0,0,0,0,0,0,0,0
15656,0,0,0,0,0,3,0,0,0,8,3082,2
15657,6,217,8,0,0,0,0,0,0,0,0,0
15658,0,0,0,0,0,0,117,46,1,0,0,0
15659,0,66,37,0,0,0,0,0,0,0,0,0
15660,0,0,0,0,0,1,0,0,0,46,467,0
15661,0,0,0,3,25,62,0,0,0,0,0,0
15662,0,0,0,0,3,9,0,0,0,0,0,0
15663,0,0,0,38,9,45,0,0,0,0,0,0
15664,0,0,0,0,0,0,30,176,1,0,0,0
15665,0,0,0,1,8,66,0,0,0,0,0,0
15666,0,0,0,0,0,0,40,89,4,0,0,0
15667,13,101,873,0,0,0,0,0,0,5,0,0
15668,122,161,103,0,0,0,0,0,0,0,0,0
15669,0,0,0,27,4,229,0,0,0,0,0,0
15670,0,0,0,0,0,0,10,1,5,0,0,0
15671,15,93,28,0,0,0,0,0,0,0,0,0
15672,0,0,0,0,17,0,146,2780,28,0,0,0
15673,0,0,0,1,19,21,0,0,0,0,0,0
15674,0,0,0,0,0,0,0,0,0,0,0,0
15675,0,0,0,2,3,27,0,0,0,0,0,0
15676,0,0,0,2,1,86,0,0,0,0,0,0
15677,0,1339,0,0,0,0,1,0,0,0,0,0
15678,0,0,0,0,0,0,0,0,0,0,189,0
15679,0,0,0,0,0,0,105,32,0,0,0,0
15680,0,0,0,0,0,0,0,0,0,2,48,0
15681,11,109,3,0,0,0,0,0,0,0,0,0
15682,0,0,0,2,0,73,0,0,0,0,0,0
15683,68,1,0,0,0,0,0,0,0,0,0,0
15684,0,0,0,0,0,322,0,0,0,0,0,0
15685,0,0,0,8,0,30,0,0,0,0,0,0
15686,0,0,0,0,0,0,0,0,0,0,0,0
15687,0,0,0,0,0,0,122,1,0,0,0,0
15688,0,0,0,0,0,0,0,0,0,77,146,0
15689,0,1,0,0,0,0,247,46,0,0,0,0
15690,0,0,0,2,0,32,0,0,0,0,0,0
15691,0,0,0,0,0,0,0,0,0,0,0,0
15692,0,46,0,0,0,0,0,0,0,0,0,0
15693,0,32,0,0,0,0,0,0,0,0,0,0
15694,0,0,0,0,0,0,0,0,0,5,3,0
15695,1,0,0,0,0,0,0,0,0,0,0,0
15696,0,0,0,0,13,264,0,0,0,0,0,0
15697,0,0,0,0,0,2,0,0,0,0,0,0
15698,0,0,0,1,0,1,0,0,0,0,0,0
15699,0,0,0,0,0,1,0,0,0,1,469,0
15700,0,0,0,1,18,4,0,0,0,0,0,0
15701,0,0,0,0,0,0,0,0,0,0,20,0
15702,23,82,490,0,0,0,0,0,0,0,0,0
15703,4,0,31,0,0,0,0,0,0,0,0,0
15704,0,0,0,0,0,1,0,0,0,0,0,0
15705,0,0,0,0,0,0,8,120,0,0,0,0
15706,1,67,36,0,0,0,0,0,0,0,0,0
15707,0,0,0,0,0,13,0,0,0,0,0,0
15708,0,0,0,0,15,0,23,1370,34,0,0,0
15709,1,47,0,0,0,0,0,0,0,0,0,0
15710,0,0,0,0,0,27,0,0,0,0,0,0
15711,3,14,6,0,0,0,0,0,0,0,0,0
15712,0,0,0,0,0,0,0,0,0,25,21,8
15713,0,0,0,0,0,3,0,0,0,0,0,0
15714,0,0,0,0,0,59,0,0,0,53,2377,3
15715,0,0,0,1,0,1,0,0,0,0,0,0
15716,0,0,0,0,0,0,0,0,0,0,3,0
15717,0,0,0,96,8,68,0,0,0,0,0,0
15718,0,0,0,0,0,0,0,1,0,0,0,0
15719,1,0,0,0,0,0,0,0,0,0,0,0
15720,0,0,0,0,0,164,0,0,0,1,41451,1
15721,0,0,0,0,0,0,0,1,1,0,0,0
15722,0,0,0,0,0,0,0,0,0,0,0,0
15723,0,0,0,0,0,159,0,0,0,0,0,0
15724,0,0,0,0,0,0,16,7,0,0,0,0
15725,0,0,0,0,0,0,0,0,0,0,1,0
15726,0,0,0,126,7,126,0,0,0,0,0,0
15727,0,0,0,0,0,0,70,66,131,0,0,0
15728,0,0,0,0,0,20,0,0,0,0,0,0
15729,0,0,0,10,4,51,0,0,0,0,0,0
15730,0,0,0,0,0,0,0,5,0,0,0,0
15731,0,0,0,0,2,2,0,0,0,0,0,0
15732,0,0,0,0,1,0,165,632,0,0,0,0
15733,0,0,0,0,3,0,0,0,0,0,0,0
15734,0,0,0,0,0,0,1,9,2,0,0,0
15735,0,0,0,0,0,250,0,0,0,0,1,0
15736,0,0,0,2,41,4,0,0,0,0,0,0
15737,0,0,0,2,5,18,0,0,0,0,1,0
15738,0,0,0,0,0,35,0,0,0,1,9023,0
15739,1,26,1,0,0,0,0,0,0,0,0,0
15740,0,3,0,0,0,0,0,0,0,0,0,0
15741,0,0,0,0,0,1319,0,0,0,0,0,0
15742,12,58,1,0,0,0,0,0,0,0,0,0
15743,0,0,0,0,0,0,154,44,1,0,0,0
15744,0,0,0,0,0,0,0,0,0,7,164,5
15745,1,27,0,0,0,0,0,0,0,0,0,0
15746,0,0,0,0,0,0,0,0,0,61,126,4
15747,0,0,0,3,10,37,0,0,0,0,0,0
15748,0,0,0,0,0,21,0,0,0,0,0,0
15749,0,14,0,0,0,0,0,0,0,0,0,0
15750,0,0,0,0,0,830,0,0,0,0,1,0
15751,0,0,0,0,0,0,17,34,0,0,0,0
15752,0,0,0,0,0,0,0,0,0,7,270,0
15753,12,889,21,0,0,0,2,0,0,0,0,0
15754,0,0,0,4,47,14,0,0,0,0,0,0
15755,0,0,0,0,0,0,0,0,0,66,1584,1
15756,0,0,0,8,86,178,0,0,0,0,0,0
15757,0,0,0,0,0,0,0,0,0,66,0,1
15758,37,112,1,0,0,0,0,0,0,0,0,0
15759,5,44,22,0,0,0,0,0,0,0,0,0
15760,0,0,0,0,1,0,253,787,1,0,0,0
15761,0,0,0,0,0,0,5,3,1,0,0,0
15762,0,0,0,1,22,67,0,0,0,0,0,0
15763,0,0,0,0,0,7,0,0,0,51,3137,15
15764,0,0,0,132,2,2,0,0,0,0,0,0
15765,21,100,7,0,0,0,0,0,0,0,0,0
15766,0,0,0,0,126,1,1,13966,3,0,0,0
15767,0,0,0,1,0,4,0,0,0,0,0,0
15768,0,1,0,0,0,0,401,422,1,0,0,0
15769,0,0,0,0,0,0,1,30,0,0,0,0
15770,0,0,0,0,0,0,0,0,0,0,1,0
15771,0,0,0,5,4,55,0,0,0,0,0,0
15772,6,79,0,0,0,0,0,0,0,0,0,0
15773,0,0,0,0,0,0,269,21,1,0,0,0
15774,0,0,0,0,0,0,0,0,0,1,537,0
15775,22,390,10,0,0,0,0,0,0,0,0,0
15776,0,0,0,0,1,21,0,0,0,0,0,0
15777,0,87,7,0,0,0,0,0,0,0,0,0
15778,0,18,0,0,0,0,0,0,0,0,0,0
15779,1,724,95,0,0,0,0,0,0,1,0,0
15780,0,0,0,0,0,0,148,160,1,0,0,0
15781,0,5,3,0,0,0,0,0,0,0,0,0
15782,0,62,2,0,0,0,0,0,0,0,0,0
15783,0,0,0,0,0,0,0,0,0,6,276,19
15784,0,0,0,0,69,18,0,1,0,0,0,0
15785,0,0,0,0,2,2,0,0,0,0,0,0
15786,0,0,0,0,0,635,0,0,0,0,0,0
15787,0,1,0,0,0,0,0,0,0,0,0,0
15788,0,5,0,0,0,0,0,0,0,0,0,0
15789,0,0,0,0,0,0,64,82,1,0,0,0
15790,0,0,0,2,5,2,0,0,0,0,0,0
15791,0,0,0,0,0,0,0,0,0,0,4,0
15792,51,244,38,0,0,0,0,0,0,0,0,0
15793,0,0,0,0,0,0,10,1,0,0,0,0
15794,0,0,0,0,0,18,0,0,0,0,0,0
15795,0,0,0,4,4,20,0,0,0,0,0,0
15796,0,0,0,0,0,0,0,0,0,76,3,1
15797,0,0,0,0,1,3,0,0,0,0,0,0
15798,0,0,0,0,0,32,0,0,0,0,0,0
15799,0,0,0,0,0,0,0,0,0,0,0,0
15800,2,0,1,0,0,0,0,0,0,0,0,0
15801,0,0,0,0,0,92,0,0,0,0,0,0
15802,0,0,0,0,0,0,0,0,0,0,0,0
15803,0,1,0,0,0,0,0,0,0,0,0,0
15804,0,0,0,0,0,255,0,0,0,0,0,0
15805,0,0,0,0,0,0,0,0,0,0,1,0
15806,2,0,0,0,0,0,0,0,0,0,0,0
15807,0,48,0,0,0,0,0,0,0,0,0,0
15808,0,0,0,0,0,0,0,0,0,0,0,0
15809,0,0,0,0,0,0,0,0,0,0,0,0
15810,0,0,0,0,0,30,0,0,0,0,10830,0
15811,0,0,0,0,0,0,0,0,0,0,0,0
15812,1,48,4,0,0,0,0,0,0,0,0,0
15813,0,0,0,0,0,176,0,0,0,0,0,0
15814,0,0,0,0,0,0,45,7,4,0,0,0
15815,0,0,0,1,1,10,0,0,0,0,0,0
15816,0,0,0,1,4,38,0,0,0,0,0,0
15817,0,0,0,0,0,2,0,0,0,0,0,0
15818,0,0,0,4,7,0,0,0,0,0,0,0
15819,0,0,0,1,0,70,0,0,0,0,0,0
15820,0,21,0,0,0,0,0,0,0,0,0,0
15821,0,0,0,0,0,9,0,0,0,0,0,0
15822,0,0,0,0,0,0,11,25,0,0,0,0
15823,0,0,0,1,5,6,0,0,0,0,0,0
15824,0,0,0,0,0,5,0,0,0,9,815,16
15825,0,0,0,40,26,103,0,0,0,0,0,0
15826,0,0,0,0,0,0,40,1,1,0,0,0
15827,10,48,22,0,0,0,0,0,0,0,0,0
15828,3,66,41,0,0,0,0,0,0,0,0,0
15829,0,0,0,0,0,0,94,42,0,0,0,0
15830,0,0,1,0,0,1,0,0,0,72,180,0
15831,209,28,6,0,0,0,0,0,0,0,0,0
15832,0,0,0,0,0,0,0,0,0,0,0,0
15833,0,1,3,0,0,0,0,0,0,0,0,0
15834,0,272,0,0,0,0,0,0,0,0,0,0
15835,0,0,0,2,1,2,0,0,0,0,0,0
15836,0,0,0,0,0,0,6,45,0,0,0,0
15837,0,0,0,0,0,62,0,0,0,0,0,0
15838,0,0,0,0,0,3,0,0,0,0,0,0
15839,0,0,0,0,0,0,0,3,0,0,0,0
15840,0,0,0,0,0,0,0,4,4,0,0,0
15841,6,92,0,0,0,0,0,0,0,0,0,0
15842,0,0,0,0,0,1,0,0,0,39,562,14
15843,1,0,0,97,35,253,0,0,0,0,0,0
15844,0,0,0,0,0,0,13,0,0,0,0,0
15845,0,8,5,0,0,0,0,0,0,0,0,0
15846,0,1,0,0,1,0,130,90,13,0,0,0
15847,13,216,19,0,0,0,2,0,0,0,0,0
15848,0,0,15,0,0,71,0,0,0,219,3243,3
15849,0,0,0,29,61,2389,0,1,0,0,14,0
15850,0,0,0,0,1,0,95,254,4,0,0,0
15851,1,94,21,0,0,0,1,0,0,0,0,0
15852,0,0,0,0,0,2,0,0,0,46,384,1
15853,0,0,0,0,0,0,0,0,0,90,136,2
15854,0,0,0,10,85,36,0,2,0,0,0,0
15855,0,0,0,6,0,139,0,0,0,0,0,0
15856,2,52,1,0,0,0,1,0,0,0,0,0
15857,0,0,2,0,0,27,0,0,3,114,3030,85
15858,0,0,0,8,0,105,0,0,0,0,0,0
15859,0,24,1,0,0,0,0,0,0,0,0,0
15860,1,62,17,0,0,0,0,0,0,0,0,0
15861,4,103,64,0,0,0,0,0,0,0,0,0
15862,0,0,0,0,0,0,0,2,16,0,0,0
15863,0,0,0,0,0,0,0,6,1,0,0,0
15864,1,30,1,0,0,0,0,0,0,0,0,0
15865,0,0,0,0,0,1,0,0,0,0,14,0
15866,0,0,0,0,0,0,0,0,0,1,1,2
15867,0,0,0,21,54,122,0,0,0,0,1,0
15868,0,0,0,0,0,3,0,0,0,4,115,11
15869,9,35,1,0,0,0,0,0,0,0,0,0
15870,0,0,0,4,5,409,0,0,0,0,1,0
15871,0,0,0,0,0,0,3,1,1,0,0,0
15872,0,3,0,0,0,0,0,0,0,0,0,0
15873,3,208,12,0,0,0,2,0,0,0,0,0
15874,0,0,0,0,0,1,0,0,0,0,0,0
15875,0,0,0,0,0,1,0,0,0,0,0,0
15876,0,0,0,0,0,45,0,0,0,0,0,0
15877,0,0,0,0,1,2,0,0,0,0,0,0
15878,0,0,0,0,0,0,2,3,1,0,0,0
15879,0,0,0,0,0,26,0,0,0,0,689,0
15880,0,0,0,0,3,2,0,0,0,0,0,0
15881,0,0,0,0,0,0,0,0,0,0,7,0
15882,0,0,0,8,4640,104,0,57,6,0,0,0
15883,0,0,0,0,0,0,0,0,0,6,1,0
15884,4,7,0,0,0,0,0,0,0,0,0,0
15885,0,88,2,0,0,0,0,0,0,0,0,0
15886,0,0,0,0,0,0,0,0,0,1,132,0
15887,11,11,7,0,0,0,0,0,0,0,0,0
15888,0,0,0,1,4,851,0,0,0,0,0,0
15889,3,0,0,0,0,0,0,0,0,0,0,0
15890,0,0,0,0,0,0,0,0,0,3,22,0
15891,10,184,5,0,0,0,0,0,0,0,0,0
15892,9,329,55,0,0,0,2,0,0,1,0,0
15893,0,0,0,1,2,117,0,0,0,0,0,0
15894,0,0,0,0,0,0,35,645,2,0,0,0
15895,0,0,0,0,0,1,0,0,0,50,622,7
15896,0,0,0,0,0,1,0,0,0,0,0,0
15897,2,13,8,0,0,0,0,0,0,0,0,0
15898,0,0,0,0,0,0,85,74,0,0,0,0
15899,0,0,0,0,0,62,0,0,0,0,0,0
15900,0,0,0,6,0,49,0,0,0,0,7,0
15901,0,6,2,0,0,0,0,0,0,0,0,0
15902,1,83,8,0,0,0,0,0,0,0,0,0
15903,1,148,0,0,0,0,6,0,0,0,0,0
15904,0,0,0,0,0,0,0,0,0,13,9,176
15905,1112,187,0,1,0,0,1,0,3,0,0,0
15906,0,0,0,0,21,0,209,9434,84,0,0,0
15907,0,0,0,0,1439,0,287,3940,0,0,0,0
15908,0,0,0,0,2,1,207,577,1,0,0,0
15909,0,0,0,0,1,219,0,0,0,0,0,0
15910,0,0,0,0,10,4,54,2064,6,0,0,0
15911,4,482,54,0,0,0,0,0,0,0,0,0
15912,0,0,0,25,9,139,0,0,0,0,3,0
15913,0,0,0,0,0,0,23,70,3,0,0,0
15914,3,121,20,0,0,0,0,0,0,0,0,0
15915,0,0,0,0,46,175,0,1,0,0,3,0
15916,0,0,0,0,2,14,0,0,0,0,0,0
15917,13,25,0,0,0,0,0,0,0,0,0,0
15918,0,0,0,0,0,144,0,0,0,0,0,0
15919,0,0,0,0,0,0,225,173,1,0,0,0
15920,0,0,0,0,0,74,0,0,0,0,0,0
15921,0,1,0,0,1,0,280,1009,18,0,0,0
15922,0,0,0,0,0,0,0,0,0,0,0,0
15923,1,26,0,0,0,0,0,0,0,0,0,0
15924,0,0,0,0,0,9,0,0,0,0,2255,1
15925,1,0,0,0,0,4,0,0,0,22,3039,26
15926,0,0,0,6,0,2,0,0,0,0,0,0
15927,0,0,0,11,79,89,0,0,0,0,0,0
15928,0,0,0,0,0,1,0,0,0,2,944,0
15929,0,0,0,0,0,0,0,0,0,3,8,0
15930,0,0,0,14,11,516,0,0,0,0,2,0
15931,0,0,0,1,1,535,0,0,0,0,0,0
15932,0,11,1,0,0,0,0,0,0,0,0,0
15933,0,0,0,0,0,2,0,0,0,0,2113,0
15934,0,0,0,0,0,0,0,0,0,1,14,3
15935,0,0,0,0,0,0,0,0,0,0,25,0
15936,82,207,17,0,0,0,0,0,0,0,0,0
15937,0,0,0,0,0,0,93,8,12,0,0,0
15938,0,2,8,0,0,0,0,0,0,0,0,0
15939,0,0,0,3,7,1266,0,0,0,0,3,0
15940,0,0,0,0,0,8,0,0,0,3,120,1
15941,0,0,0,0,0,0,0,0,0,0,28,0
15942,315,655,35,0,0,0,0,0,0,0,0,0
15943,0,0,0,2,13,29,0,0,0,0,1,0
15944,0,0,0,0,0,0,0,0,0,1,18,0
15945,28,103,1,0,0,0,0,0,0,0,0,0
15946,0,1,18,0,0,0,0,0,0,0,0,0
15947,0,0,0,0,0,0,4,3,0,0,0,0
15948,0,57,0,0,0,0,0,0,0,0,0,0
15949,0,144,32,0,0,0,1,0,0,0,0,0
15950,0,0,0,0,2,47,0,0,0,0,0,0
15951,0,0,0,0,0,1,0,0,0,79,1524,0
15952,3,6,342,0,0,2,0,0,0,56633,2954,3
15953,0,0,0,1,0,0,0,0,0,0,0,0
15954,8,45,6,0,0,0,0,0,0,0,0,0
15955,0,0,0,0,0,0,0,2,1,0,0,0
15956,0,0,0,0,0,0,0,1,2,0,0,0
15957,0,0,0,0,1,0,595,1250,4,0,0,0
15958,0,0,0,0,0,0,15,122,2,0,0,0
15959,0,0,0,0,0,0,0,0,0,1,3,1
15960,0,0,0,0,0,23,0,0,0,102,6112,15
15961,0,1,0,0,0,0,180,2,0,0,0,0
15962,0,0,0,0,0,0,1,1,5,0,0,0
15963,0,0,0,0,0,10,0,0,0,12,952,0
15964,0,0,0,0,0,0,0,0,0,0,0,0
15965,0,0,0,0,0,0,0,9,0,0,0,0
15966,0,0,0,0,1,104,0,0,0,0,7,0
15967,0,0,0,0,0,3,0,0,0,0,0,0
15968,0,0,0,1,0,1,0,0,0,0,0,0
15969,0,0,0,0,0,298,0,0,0,0,0,0
15970,0,0,0,0,0,0,14,73,1,0,0,0
15971,0,0,0,1,0,5,0,0,0,0,0,0
15972,10,1104,2,1,0,0,8,0,0,0,0,0
15973,0,0,0,0,0,0,38,10,0,0,0,0
15974,0,0,3,0,0,0,0,0,0,0,0,0
15975,0,0,0,10,1,774,0,0,0,0,0,0
15976,0,0,0,0,0,0,32,27,5,0,0,0
15977,0,104,32,0,0,0,2,0,0,0,0,0
15978,0,0,0,0,2,499,0,0,0,0,0,0
15979,1,413,0,0,0,0,0,0,0,0,0,0
15980,0,0,0,0,0,4,0,0,0,0,0,0
15981,0,0,0,0,0,6,0,0,0,22,2382,0
15982,0,30,0,0,1,0,822,736,2,0,0,0
15983,0,0,0,2,0,6,0,0,0,0,0,0
15984,228,170,2,2,0,0,0,0,0,0,0,0
15985,0,1,0,0,0,0,0,0,0,0,0,0
15986,0,2,0,0,0,0,0,0,0,0,0,0
15987,1,36,0,0,0,0,0,0,0,0,0,0
15988,0,44,0,0,0,0,0,0,0,0,0,0
15989,0,0,0,0,0,0,0,0,0,2,32,0
15990,0,74,1,0,0,0,0,0,0,0,0,0
15991,0,0,0,0,0,0,1,1,1,0,0,0
15992,0,0,2,0,0,0,0,0,0,0,0,0
15993,0,0,0,1,0,142,0,0,0,0,0,0
15994,0,0,0,0,0,0,25,5,1,0,0,0
15995,0,0,0,0,0,0,0,2,0,0,0,0
15996,0,0,0,4,1,118,0,0,0,0,0,0
15997,0,1,0,0,0,0,0,0,0,0,0,0
15998,0,0,0,0,0,0,0,0,0,1,0,0
15999,2,69,1,0,0,0,0,0,0,0,0,0
16000,0,0,0,0,0,0,0,0,0,2,5,0
16001,0,0,0,0,0,1,0,0,0,0,0,0
16002,0,0,0,12,0,28,0,0,0,0,0,0
16003,1,56,0,0,0,0,0,0,0,0,0,0
16004,0,0,0,0,0,3,0,0,0,0,0,0
16005,0,0,0,0,0,0,6,83,2,0,0,0
16006,0,509,74,0,0,0,2,0,0,1,0,0
16007,0,0,0,0,0,45,0,0,0,0,0,0
16008,0,0,0,19,28,47,0,0,0,0,0,0
16009,0,0,0,0,0,0,0,2,1,0,0,0
16010,0,0,0,0,0,0,0,0,0,0,0,0
16011,1,251,0,0,0,0,0,0,0,0,0,0
16012,0,0,0,0,0,0,0,0,0,25,2,0
16013,0,0,0,0,0,0,0,1,0,0,0,0
16014,0,5,0,0,1,0,362,181,6,0,0,0
16015,0,0,0,0,0,0,0,0,0,0,0,0
16016,0,0,0,3,0,1,0,0,0,0,0,0
16017,0,0,0,0,0,8,0,0,0,1,774,0
16018,0,0,0,0,0,0,1,1,1,0,0,0
16019,0,0,0,0,1,0,0,0,0,0,0,0
16020,0,0,0,0,0,0,198,67,2,0,0,0
16021,0,0,0,0,2,2,0,0,0,0,0,0
16022,0,0,0,0,0,0,0,0,0,0,7,0
16023,0,0,0,33,8,82,0,0,0,0,0,0
16024,0,0,0,0,3,46,0,0,0,0,0,0
16025,0,0,0,0,0,1,0,0,0,0,0,0
16026,0,677,0,0,0,0,3,0,0,0,0,0
16027,0,0,0,0,0,0,17,12,0,0,0,0
16028,0,0,0,0,0,0,0,0,0,0,5,4
16029,0,0,0,0,0,131,0,0,0,0,0,0
16030,38,85,2,0,0,0,0,0,0,0,0,0
16031,0,0,0,0,5,4,0,0,0,0,0,0
16032,6,11,33,0,0,0,0,0,0,0,0,0
16033,0,0,0,0,0,0,6,4,0,0,0,0
16034,0,2,2,0,0,0,0,0,0,0,0,0
16035,0,0,0,0,1,147,0,0,0,0,1,0
16036,0,0,0,0,0,0,0,5,0,0,0,0
16037,0,0,0,0,0,0,0,0,0,0,4,0
16038,0,0,0,10,32,135,0,0,0,0,0,0
16039,0,0,0,0,0,4,0,0,0,0,0,0
16040,0,0,1,0,0,0,0,0,0,0,0,0
16041,0,0,0,0,0,0,0,0,0,0,401,0
16042,0,0,0,0,0,0,0,0,0,4,9,0
16043,0,0,0,0,0,0,0,0,0,1,3,0
16044,836,115,17,3,0,0,0,0,0,0,0,0
16045,0,0,0,0,0,0,0,0,0,0,558,0
16046,0,0,0,1,1,1,0,0,0,0,0,0
16047,0,0,0,3,2,75,0,0,0,0,0,0
16048,0,43,0,0,0,0,0,0,0,0,0,0
16049,0,0,0,0,0,39,0,0,0,0,3523,0
16050,0,0,0,1,10,88,0,0,0,0,0,0
16051,1,2,0,0,0,0,0,0,0,0,0,0
16052,0,30,1,0,0,0,1,0,0,0,0,0
16053,1,60,2,0,0,0,0,0,0,0,0,0
16054,0,0,0,0,0,2233,0,0,0,31,3174,0
16055,0,0,0,0,0,0,0,0,0,0,0,0
16056,1,0,0,0,4,2944,0,0,0,4,12,0
16057,0,0,0,0,0,1,0,0,0,5,200,2
16058,0,0,0,0,0,2,0,0,0,88,129,0
16059,0,0,0,6,1,112,0,0,0,0,0,0
16060,4,8,9,0,0,0,0,0,0,0,0,0
16061,1,276,46,0,0,0,0,0,0,0,0,0
16062,0,0,0,3,70,241,0,0,0,0,0,0
16063,0,0,0,0,0,0,0,0,0,90,5,15
16064,18,532,1,0,0,0,2,0,0,0,0,0
16065,0,0,0,0,1,0,295,216,2,0,0,0
16066,0,0,0,0,0,0,15,1,0,0,0,0
16067,6,15,31,0,0,0,0,0,0,0,0,0
16068,0,0,0,0,0,0,60,473,8,0,0,0
16069,0,0,0,0,0,7,0,0,0,0,0,0
16070,5,423,0,0,0,0,1,0,0,0,0,0
16071,0,0,0,1,1,88,0,0,0,0,0,0
16072,0,0,0,0,0,0,38,117,2,0,0,0
16073,0,0,0,0,0,3,0,0,0,1,1016,1
16074,0,0,0,9,1,123,0,0,0,0,35,0
16075,0,10,0,0,3,0,9551,3857,2,0,0,0
16076,6,512,25,0,0,0,0,0,0,0,0,0
16077,0,0,0,1,0,263,0,0,0,0,0,0
16078,0,0,0,0,0,0,110,1,6,0,0,0
16079,0,0,0,0,0,0,0,0,0,0,0,0
16080,0,0,0,0,0,0,0,0,0,128,339,7
16081,0,0,0,0,0,2,0,0,0,0,0,0
16082,0,0,0,1,0,0,0,0,0,0,0,0
16083,0,0,0,0,0,279,0,0,0,0,0,0
16084,0,0,0,0,0,0,0,0,0,3,234,0
16085,1,135,0,0,0,0,0,0,0,0,0,0
16086,0,0,0,5,8,129,0,0,0,0,0,0
16087,0,0,0,0,4,23,0,0,0,0,0,0
16088,0,0,0,0,0,2,0,0,0,0,0,0
16089,0,0,0,0,0,0,171,21,0,0,0,0
16090,0,0,0,0,0,4,0,0,0,0,0,0
16091,1,66,0,0,0,0,0,0,0,0,0,0
16092,0,0,0,0,0,18,0,0,0,0,5339,0
16093,0,0,0,14,162,36,0,0,0,0,0,0
16094,0,0,0,0,0,5,0,0,0,0,0,0
16095,0,318,1,0,0,0,2,0,0,0,0,0
16096,0,0,0,0,0,0,0,0,0,0,1,0
16097,0,3,0,0,0,0,0,0,0,0,0,0
16098,2,160,1,0,0,0,0,0,0,0,0,0
16099,0,0,0,0,0,1,0,0,0,0,0,0
16100,0,0,0,0,0,0,0,0,0,0,0,0
16101,0,0,0,0,0,0,0,0,0,0,275,0
16102,3,40,0,0,0,0,0,0,0,0,0,0
16103,0,0,0,1,0,7,0,0,0,0,0,0
16104,0,0,1,0,0,0,0,0,0,0,0,0
16105,0,2,15,0,0,0,0,0,0,0,0,0
16106,0,0,0,0,0,0,33,2,1,0,0,0
16107,0,17,0,0,0,0,0,0,0,0,0,0
16108,0,1,4,0,0,0,0,0,0,0,0,0
16109,0,37,0,0,0,0,0,0,0,0,0,0
16110,0,0,0,0,0,0,125,63,1,0,0,0
16111,0,0,0,0,0,23,0,0,0,36,5197,0
16112,0,0,0,0,0,2,0,0,0,0,0,0
16113,1,32,4,0,0,0,0,0,0,0,0,0
16114,0,0,0,0,0,1,0,0,0,6,257,1
16115,0,9,0,0,0,0,0,0,0,0,0,0
16116,0,0,0,2,2,84,0,0,0,0,0,0
16117,0,0,0,0,1,0,22,1234,6,0,0,0
16118,6,8,8,0,0,0,0,0,0,0,0,0
16119,0,0,0,7,0,85,0,0,0,0,0,0
16120,0,0,0,0,0,0,28,0,0,0,0,0
16121,9,5,5,0,0,0,0,0,0,0,0,0
16122,0,0,0,0,0,0,265,63,2,0,0,0
16123,0,0,0,0,0,47,0,0,0,0,0,0
16124,0,0,0,0,0,1,0,0,0,0,0,0
16125,4,220,0,0,0,0,0,0,0,0,0,0
16126,0,13,0,0,0,0,0,0,0,0,0,0
16127,0,0,0,0,0,0,0,0,0,8,116,0
16128,13,195,4,0,0,0,0,0,0,0,0,0
16129,0,0,0,0,0,0,0,0,0,0,0,0
16130,0,0,0,0,0,0,15,0,0,0,0,0
16131,0,162,1,0,0,0,0,0,0,0,0,0
16132,0,0,0,0,0,0,0,0,0,0,1,0
16133,1,4,0,0,0,0,0,0,0,0,0,0
16134,0,0,0,0,0,1,0,0,0,1,190,0
16135,6,257,23,0,0,0,0,0,0,0,0,0
16136,0,0,0,0,0,3,0,0,0,0,0,0
16137,0,0,0,0,0,0,219,198,1,0,0,0
16138,0,0,0,0,0,129,0,0,0,0,0,0
16139,0,0,0,0,0,1,0,0,0,0,0,0
16140,1,207,0,0,0,0,0,0,0,0,0,0
16141,0,0,0,0,0,0,7,42,1,0,0,0
16142,0,7,0,0,0,0,0,0,0,0,0,0
16143,0,0,0,0,0,0,0,0,0,4,117,0
16144,1,38,8,0,0,0,0,0,0,0,0,0
16145,0,0,0,0,2,35,0,0,0,0,0,0
16146,0,0,0,0,0,0,31,30,0,0,0,0
16147,0,0,0,0,0,2,0,0,0,0,0,0
16148,0,10,0,0,0,0,0,0,0,0,0,0
16149,0,0,0,0,0,81,0,0,0,0,0,0
16150,0,0,0,0,6,1,0,0,0,0,0,0
16151,0,0,0,0,0,0,0,0,0,0,0,0
16152,0,0,0,6,3,28,0,0,0,0,0,0
16153,0,0,0,0,0,0,178,2,0,0,0,0
16154,0,0,0,0,0,25,0,0,0,0,0,0
16155,0,0,0,4,8,145,0,0,0,0,0,0
16156,1,52,1,0,0,0,0,0,0,0,0,0
16157,0,0,0,1,0,2,0,0,0,0,0,0
16158,0,0,0,0,0,0,1,181,0,0,0,0
16159,0,0,0,0,0,0,0,0,0,0,3,0
16160,0,0,0,1,0,0,0,0,0,0,0,0
16161,0,0,0,1,1,58,0,0,0,0,0,0
16162,0,55,0,0,0,0,1,0,0,0,0,0
16163,0,0,0,0,0,2,0,0,0,19,1032,24
16164,0,0,0,17,2,73,0,0,0,0,0,0
16165,0,6,3,0,0,0,0,0,0,0,0,0
16166,2,91,17,0,0,0,0,0,0,0,0,0
16167,0,0,0,0,1,67,0,0,0,0,0,0
16168,0,0,0,0,0,0,19,21,1,0,0,0
16169,4,130,47,0,0,0,5,0,0,0,0,0
16170,0,0,0,1,1,1558,0,0,0,0,3,0
16171,5,33,0,0,0,0,0,0,0,0,0,0
16172,0,75,10,0,0,0,0,0,0,0,0,0
16173,0,0,0,0,0,13,0,0,0,98,3909,3
16174,0,11,1,0,0,0,0,0,0,0,0,0
16175,0,0,0,0,0,0,0,0,0,56,323,1
16176,0,0,0,4,26,314579,0,0,0,20,737,0
16177,0,0,0,8,14,2,0,0,0,0,0,0
16178,0,0,0,0,0,2,0,0,0,1,1429,1
16179,562,130,3,0,0,0,1,0,0,0,0,0
16180,0,2,16,0,0,0,0,0,0,0,0,0
16181,0,0,0,0,0,0,83,21,0,0,0,0
16182,0,0,0,0,0,0,98,25,0,0,0,0
16183,0,0,0,0,0,2,0,0,0,0,0,0
16184,0,26,0,0,0,0,0,0,0,0,0,0
16185,0,0,0,0,0,193,0,0,0,0,0,0
16186,0,0,0,0,0,2,0,0,0,0,0,0
16187,0,0,0,0,0,0,1,44,0,0,0,0
16188,0,0,0,0,0,0,0,139,3,0,0,0
16189,0,0,0,0,0,0,11,0,1,0,0,0
16190,3,0,6,0,0,0,0,0,0,0,0,0
16191,0,26,0,0,0,0,0,0,0,0,0,0
16192,0,0,0,0,0,35,0,0,0,63,1749,0
16193,0,0,0,0,0,8,0,0,0,249,559,1
16194,0,0,0,45,12,200,0,0,0,0,4,0
16195,0,0,0,0,0,0,3,0,0,0,0,0
16196,1,13,2,0,0,0,1,0,0,0,0,0
16197,0,0,0,0,7,0,40,528,0,0,0,0
16198,0,0,0,0,1,2,0,0,0,0,0,0
16199,0,0,0,0,0,1,0,0,0,0,0,0
16200,0,0,0,0,0,39,0,0,0,0,1,0
16201,0,0,0,0,0,0,0,0,0,0,0,0
16202,5,1,0,0,0,0,0,0,0,0,0,0
16203,0,0,0,0,1,538,0,0,0,0,9,0
16204,0,0,0,0,0,0,17,2,6,0,0,0
16205,5,7,6,0,0,0,0,0,0,0,0,0
16206,0,0,0,4,4,0,189,970,17,0,0,0
16207,0,0,0,0,0,0,236,336,1,0,0,0
16208,0,0,0,0,0,1,0,0,0,9,714,1
16209,0,0,0,8,2,323,0,0,0,0,2,0
16210,66,6,25,17,1,0,0,0,0,0,0,0
16211,0,0,0,1,16,10,0,0,0,0,0,0
16212,0,0,0,0,0,0,3,8,0,0,0,0
16213,0,0,0,1,0,111,0,0,0,0,1,0
16214,0,0,0,0,0,0,0,0,0,0,0,0
16215,0,0,0,0,0,3,0,0,0,0,542,0
16216,2,168,1,0,0,0,0,0,0,0,0,0
16217,0,0,0,0,0,0,0,0,0,5,201,1
16218,0,40,6,0,0,0,0,0,0,0,0,0
16219,0,0,0,0,0,0,0,0,0,9,124,1
16220,0,0,0,0,0,0,0,0,0,50,23,0
16221,0,6,0,0,0,0,639,204,14,0,0,0
16222,0,0,0,0,0,0,0,0,0,12,201,0
16223,609,12,5,1,0,0,0,0,0,0,0,0
16224,0,0,0,4,1,565,0,0,0,0,1,0
16225,0,102,0,0,0,0,0,0,0,0,0,0
16226,0,0,0,0,0,2,0,0,0,1,101,0
16227,4,100,61,0,0,0,0,0,0,0,0,0
16228,0,0,0,0,0,0,78,11,0,0,0,0
16229,0,0,0,1,0,7,0,0,0,0,0,0
16230,0,0,0,0,0,0,0,0,0,68,178,0
16231,0,0,0,0,0,101,0,0,0,0,0,0
16232,0,0,0,0,0,0,0,0,0,0,0,0
16233,1,63,0,0,0,0,0,0,0,0,0,0
16234,0,0,0,0,0,0,0,0,0,0,4,0
16235,0,1,0,0,0,0,0,0,0,0,0,0
16236,0,0,0,0,2,0,171,291,0,0,0,0
16237,0,0,0,0,0,0,1,23,0,0,0,0
16238,0,0,0,0,0,0,0,0,0,1,1,6
16239,0,0,0,42,5,1077,0,0,0,0,11,0
16240,0,0,0,0,0,0,8,1,0,0,0,0
16241,0,0,0,0,1,1,0,0,0,0,0,0
16242,2,0,0,316,4584,143,0,22,0,0,0,0
16243,0,0,0,0,0,0,1,14,0,0,0,0
16244,0,0,0,0,0,0,0,0,1,0,0,0
16245,0,0,0,0,0,0,336,393,1,0,0,0
16246,0,0,0,0,0,0,5,131,2,0,0,0
16247,0,0,0,0,0,0,0,0,0,0,698,1
16248,0,0,0,98,8,91,0,0,0,0,1,0
16249,0,0,0,0,0,0,0,0,0,0,0,0
16250,0,0,0,0,0,0,0,0,0,0,0,0
16251,0,0,0,0,0,84,0,0,0,0,1,0
16252,0,0,0,0,0,0,2,9,0,0,0,0
16253,0,0,0,0,0,1,0,0,0,0,0,0
16254,0,0,0,2,22,44,0,0,0,0,0,0
16255,0,0,0,0,0,0,0,0,0,4,4,0
16256,0,0,0,0,0,2,0,0,0,0,0,0
16257,0,0,0,1,3,41,0,0,0,0,2,0
16258,0,0,0,0,0,0,0,0,0,0,0,0
16259,0,0,0,0,0,0,1,0,1,0,0,0
16260,0,0,0,0,0,31,0,0,0,0,6382,0
16261,21,3,23,0,0,0,0,0,0,0,0,0
16262,0,61,47,0,0,0,0,0,0,0,0,0
16263,0,0,0,2,10,204,0,0,0,0,1,0
16264,0,0,0,0,17,3,0,0,0,0,0,0
16265,0,0,0,0,0,0,0,0,0,0,2,0
16266,11,139,2,0,0,0,0,0,0,0,0,0
16267,0,0,0,0,0,0,0,0,0,0,0,0
16268,0,11,0,0,0,0,0,0,0,0,0,0
16269,0,2,0,0,0,0,616,8,0,0,0,0
16270,8,0,0,0,0,0,0,0,0,0,0,0
16271,0,0,0,0,0,0,0,0,0,0,0,0
16272,0,0,0,36,53,131,0,0,0,0,0,0
16273,0,0,0,9,2,0,0,0,0,0,0,0
16274,0,0,0,0,0,0,0,0,0,0,158,0
16275,6,264,231,0,0,0,1,0,0,4,0,0
16276,0,0,0,0,0,60,0,0,0,0,0,0
16277,0,0,0,0,0,1,0,0,0,0,0,0
16278,0,33,0,0,0,0,0,0,0,0,0,0
16279,1,0,23,0,0,0,0,0,0,0,0,0
16280,0,0,0,0,0,0,31,1,1,0,0,0
16281,1,163,0,0,0,0,0,0,0,0,0,0
16282,0,0,0,0,0,1,0,0,0,0,0,0
16283,0,0,0,0,0,0,1,0,2,0,0,0
16284,0,0,0,0,0,26,0,0,0,0,0,0
16285,0,0,0,0,0,0,10,9,0,0,0,0
16286,0,0,0,0,0,0,0,0,0,0,0,0
16287,0,0,0,7,1,40,0,0,0,0,0,0
16288,0,0,0,0,0,0,150,58,1,0,0,0
16289,0,0,0,0,0,5,0,0,0,3,3698,0
16290,0,0,0,0,0,0,0,0,0,0,0,0
16291,0,0,0,0,1,1,0,0,0,0,0,0
16292,0,0,0,0,0,0,2,1,0,0,0,0
16293,0,0,0,0,0,35,0,0,0,1,8612,0
16294,0,1,1,0,0,0,0,0,0,0,0,0
16295,0,0,0,0,0,4,0,0,0,0,0,0
16296,7,14,1,0,0,0,0,0,0,0,0,0
16297,0,0,0,0,0,0,0,0,0,0,6,0
16298,0,0,0,0,0,0,0,6,1,0,0,0
16299,0,0,0,0,0,27,0,0,0,0,0,0
16300,0,0,2,0,0,0,0,0,0,0,0,0
16301,0,0,0,0,0,0,154,4,2,0,0,0
16302,0,61,1,0,0,0,0,0,0,0,0,0
16303,0,0,0,0,0,0,0,0,0,0,7,0
16304,0,0,0,0,0,0,0,0,0,0,2,0
16305,58,119,8,0,0,0,0,0,0,0,0,0
16306,0,0,0,0,0,50,0,0,0,0,0,0
16307,0,0,0,12,13,27,0,0,0,0,0,0
16308,0,0,0,0,0,32,0,0,0,9,5053,1
16309,0,0,0,5,0,48,0,0,0,0,0,0
16310,0,0,0,0,0,0,0,0,0,0,0,0
16311,4,691,1,0,0,0,5,0,0,0,0,0
16312,0,0,0,0,0,1,0,0,0,0,0,0
16313,0,0,0,0,0,0,0,4,0,0,0,0
16314,0,0,0,0,0,64,0,0,0,0,0,0
16315,0,0,0,3,1,2,0,0,0,0,0,0
16316,0,0,0,0,0,0,1,2,3,0,0,0
16317,0,0,0,0,0,463,0,0,0,0,2,0
16318,0,3,0,0,0,0,0,0,0,0,0,0
16319,0,11,15,0,0,0,0,0,0,0,0,0
16320,5,266,0,0,0,0,1,0,0,0,0,0
16321,0,0,0,5,0,0,0,0,0,0,0,0
16322,0,0,0,0,0,0,5,3,1,0,0,0
16323,0,0,0,0,0,7,0,0,0,1,3477,0
16324,0,0,0,2,0,1,0,0,0,0,0,0
16325,0,0,0,0,0,0,1,8,1,0,0,0
16326,0,0,0,0,0,77,0,0,0,0,0,0
16327,0,0,0,1,0,27,0,0,0,0,0,0
16328,2,8,0,0,0,0,0,0,0,0,0,0
16329,0,0,0,0,0,14,0,0,0,0,3190,0
16330,0,0,0,0,0,0,15,4,0,0,0,0
16331,0,8,1,0,0,0,0,0,0,0,0,0
16332,0,0,0,0,0,1,0,0,0,8,948,2
16333,0,0,0,0,0,0,0,0,0,0,7,0
16334,0,0,0,0,0,0,0,0,0,0,0,0
16335,0,0,0,1,0,403,0,0,0,0,3,0
16336,0,0,0,0,0,0,70,2,2,0,0,0
16337,0,0,0,0,0,19,0,0,0,0,0,0
16338,0,0,0,0,0,12,0,0,0,4,3903,5
16339,2,149,1,0,0,0,0,0,0,0,0,0
16340,0,0,0,0,0,77,0,0,0,0,0,0
16341,11,51,18,0,0,0,0,0,0,0,0,0
16342,0,0,0,15,26,73,0,0,0,0,0,0
16343,0,0,0,0,0,0,0,0,0,0,119,3
16344,9,123,3,0,0,0,1,0,0,0,0,0
16345,1,0,0,0,0,0,0,0,0,0,0,0
16346,0,0,0,0,0,0,0,0,0,0,2,0
16347,3,116,5,0,0,0,0,0,0,0,0,0
16348,0,0,0,3,8,166,0,0,0,0,1,0
16349,0,0,0,0,0,1,0,0,0,0,306,0
16350,0,21,26,0,0,0,0,0,0,0,0,0
16351,0,0,0,0,0,0,0,0,0,0,4,0
16352,0,0,1,0,0,0,0,0,0,0,0,0
16353,0,0,0,0,0,208,0,0,0,0,0,0
16354,0,2,0,0,0,0,0,0,0,0,0,0
16355,1,9,4,0,0,0,0,0,0,0,0,0
16356,1,226,10,0,0,0,0,0,0,0,0,0
16357,0,0,0,0,2,658,0,0,0,0,468,0
16358,0,0,0,0,1,5,0,0,0,0,0,0
16359,9,94,35,0,0,0,0,0,0,0,0,0
16360,0,0,0,0,0,0,17,2,1,0,0,0
16361,0,0,0,0,0,3,0,0,0,0,0,0
16362,0,0,3,0,0,4,0,0,0,55,2345,14
16363,0,0,0,1,7,36,0,0,0,0,0,0
16364,0,0,0,0,0,3,0,0,0,0,0,0
16365,0,0,0,8,21,0,138,930,11,0,0,0
16366,0,0,0,1,4,1,0,0,0,0,0,0
16367,0,0,0,0,0,0,0,0,0,2,3,0
16368,0,0,0,0,1,21,0,0,0,0,0,0
16369,0,0,0,0,0,0,19,2,0,0,0,0
16370,0,0,0,0,1,10,0,0,0,0,0,0
16371,0,0,0,1,0,328,0,0,0,0,3,0
16372,2,9,0,0,0,0,0,0,0,0,0,0
16373,1,124,62,0,0,0,1,0,0,0,0,0
16374,0,0,0,0,1,636,0,0,0,0,3,0
16375,0,0,0,0,0,2249,0,0,0,28,2634,10
16376,0,0,0,0,0,2,0,0,0,1,1139,0
16377,0,9,0,0,12,0,2811,1989,9,0,0,0
16378,0,0,0,1,0,4,0,0,0,0,0,0
16379,0,0,0,0,0,0,0,0,0,0,0,0
16380,0,0,0,0,0,83,0,0,0,0,0,0
16381,0,1,0,0,0,0,221,18,1,0,0,0
16382,0,0,0,0,0,19,0,0,0,0,0,0
16383,0,0,0,1,9,47,0,0,0,0,0,0
16384,0,0,0,0,0,0,0,0,0,0,0,0
16385,0,0,0,0,0,0,0,1,0,0,0,0
16386,0,0,0,0,0,1,0,0,0,1,1160,0
16387,17,5,7,0,0,0,0,0,0,0,0,0
16388,0,8,36,0,0,0,0,0,0,0,0,0
16389,0,0,0,11,0,272,0,0,0,0,0,0
16390,0,0,0,0,0,0,16,62,0,0,0,0
16391,0,0,0,0,0,1,0,0,0,36,1004,1
16392,0,0,0,77,58,254,0,0,0,0,0,0
16393,0,0,0,0,0,22,0,0,0,34,2548,6
16394,0,0,0,0,0,52,0,0,0,49,10750,0
16395,81,306,16,0,0,0,3,0,0,0,0,0
16396,0,0,0,0,0,0,333,243,0,0,0,0
16397,0,0,0,0,0,0,12,75,0,0,0,0
16398,0,0,0,0,10,250,0,0,0,0,2,0
16399,0,0,0,0,0,0,0,0,0,0,0,0
16400,0,0,0,0,0,0,1,1,2,0,0,0
16401,0,0,0,0,0,61,0,0,0,0,0,0
16402,0,0,0,0,0,0,1,76,6,0,0,0
16403,0,107,18,0,0,0,0,0,0,0,0,0
16404,0,0,0,0,2,378,0,0,0,0,2,0
16405,0,0,0,0,0,0,144,24,2,0,0,0
16406,0,0,0,0,35,33,0,0,0,0,0,0
16407,0,0,0,0,0,0,0,0,0,10,194,1
16408,0,36,0,0,0,0,0,0,0,0,0,0
16409,0,0,0,0,0,0,0,0,0,1,149,0
16410,90,90,7,1,0,0,0,0,0,0,0,0
16411,0,0,0,0,0,0,25,58,3,0,0,0
16412,9,1,2,1,0,0,0,0,0,0,0,0
16413,0,0,0,3,0,178,0,0,0,0,0,0
16414,0,0,0,0,0,0,0,20,0,0,0,0
16415,0,0,0,0,1,18,0,0,0,0,0,0
16416,0,0,0,0,1,0,98,307,42,0,0,0
16417,0,20,0,0,0,0,0,0,0,0,0,0
16418,0,0,0,0,0,0,0,0,0,29,19,1
16419,0,0,0,13,167,301,0,0,0,0,5,0
16420,0,0,0,0,0,0,0,0,0,16,1,0
16421,12,31,0,0,0,0,1,0,0,0,0,0
16422,0,96,4,0,0,0,0,0,0,0,0,0
16423,0,0,0,0,0,0,0,0,0,14,1,0
16424,0,0,0,1,0,3,0,0,0,0,0,0
16425,6,0,0,1028,337,47,0,9,0,0,0,0
16426,0,0,0,2,0,38,0,0,0,0,0,0
16427,0,8,2,0,0,0,0,0,0,0,0,0
16428,0,0,0,0,0,47,0,0,0,0,3566,0
16429,0,0,0,2,8,95,0,0,0,0,1,0
16430,0,0,0,0,0,0,0,0,0,0,0,0
16431,0,513,1,0,0,0,8,0,0,0,0,0
16432,0,0,0,0,0,0,0,1,0,0,0,0
16433,0,0,0,0,0,0,0,1,0,0,0,0
16434,10,83,57,0,0,0,5,0,0,0,0,0
16435,0,0,0,0,0,0,53,18,0,0,0,0
16436,0,0,0,0,0,0,2,7,0,0,0,0
16437,0,0,0,0,0,14,0,0,0,0,0,0
16438,0,41,1,0,0,0,0,0,0,0,0,0
16439,0,0,0,4,0,33,0,0,0,0,1,0
16440,0,0,0,0,0,0,1,35,0,0,0,0
16441,3,34,1,0,0,0,0,0,0,0,0,0
16442,0,0,0,0,0,0,44,2,6,0,0,0
16443,0,0,0,0,0,2,0,0,0,0,1274,0
16444,0,0,0,0,0,35,0,0,0,0,0,0
16445,7,0,0,0,0,0,0,0,0,0,0,0
16446,0,0,0,0,0,99,0,0,0,0,0,0
16447,0,0,0,2,3,21,0,2,0,0,0,0
16448,4,51,1,0,0,0,0,0,0,0,0,0
16449,0,0,0,0,0,91,0,0,0,0,0,0
16450,0,0,0,0,0,0,0,0,0,0,0,0
16451,0,0,0,0,0,0,1,0,0,0,0,0
16452,0,0,0,0,0,98,0,0,0,0,0,0
16453,0,19,1,0,0,0,0,0,0,0,0,0
16454,45,25,11,0,0,0,0,0,0,0,0,0
16455,2,184,121,0,0,0,0,0,0,0,0,0
16456,0,0,0,10,77,820,0,0,0,1,3,0
16457,0,0,0,0,0,2,0,0,0,0,1737,0
16458,1,44,25,0,0,0,0,0,0,0,0,0
16459,0,0,0,0,0,0,0,0,0,0,1,1
16460,0,1,0,0,0,0,0,0,0,0,0,0
16461,0,0,0,1,0,659,0,0,0,0,0,0
16462,0,0,0,0,0,0,0,0,0,0,0,0
16463,0,44,1,0,0,0,0,0,0,0,0,0
16464,0,20,1,0,0,0,0,0,0,0,0,0
16465,0,0,0,0,0,3,0,0,0,77,335,3
16466,0,0,0,300,0,10450,0,0,0,9,1392740,1
16467,0,188,1,0,0,0,1,0,0,0,0,0
16468,0,0,0,0,0,29,0,0,0,28,5332,0
16469,0,0,0,0,0,0,0,0,0,8,301,0
16470,0,0,0,0,0,1,0,0,0,12,417,0
16471,0,2794,8,0,0,0,0,0,0,0,0,0
16472,0,0,0,0,0,5,0,0,0,0,0,0
16473,0,0,0,6,0,245,0,0,0,0,2,0
16474,1,1944,0,0,0,0,5,0,0,0,0,0
16475,0,0,0,0,0,0,42,5,2,0,0,0
16476,0,0,0,1,0,68,0,0,0,0,0,0
16477,0,0,0,1,0,18,0,0,0,0,0,0
16478,0,0,0,0,0,0,0,0,0,0,0,0
16479,0,0,0,2,2,253,0,0,0,0,1,0
16480,0,0,0,0,0,0,0,0,0,17,117,0
16481,0,0,0,0,0,0,0,0,0,1,11,0
16482,69,391,25,0,0,0,0,0,0,0,0,0
16483,0,0,0,2,0,117,0,0,0,0,0,0
16484,0,0,0,0,9,2,0,0,0,0,0,0
16485,0,0,0,0,0,0,184,17,0,0,0,0
16486,0,0,0,0,0,1,0,0,0,0,0,0
16487,0,0,0,0,0,0,5,64,3,0,0,0
16488,0,0,0,0,1,54,0,0,0,0,0,0
16489,0,0,0,0,0,0,30,16,1,0,0,0
16490,0,0,0,0,0,0,0,0,0,0,60,1
16491,0,0,0,3,0,48,0,0,0,0,0,0
16492,0,1,0,0,0,0,0,0,0,0,0,0
16493,0,86,16,0,0,0,1,0,0,0,0,0
16494,0,0,0,0,0,236,0,0,0,0,1,0
16495,0,0,0,0,0,0,2,0,0,0,0,0
16496,0,0,0,0,0,0,91,10,0,0,0,0
16497,1,105,10,0,0,0,0,0,0,0,0,0
16498,0,0,0,0,0,0,0,0,0,2,15,0
16499,34,19,0,0,0,0,0,0,0,0,0,0
16500,5,64,21112,0,0,0,0,0,0,244,26,0
16501,0,0,0,0,0,0,119,2,0,0,0,0
16502,0,0,0,0,0,1,0,0,0,0,0,0
16503,0,0,0,8,9,311,0,0,0,0,1,0
16504,0,0,0,0,0,0,0,0,0,0,0,0
16505,0,0,0,0,0,0,0,0,0,0,0,0
16506,0,0,0,1,1,201,0,0,0,0,0,0
16507,0,0,0,0,0,0,0,4,0,0,0,0
16508,0,0,0,0,0,0,0,30,0,0,0,0
16509,0,0,0,0,4,231,0,0,0,0,0,0
16510,0,0,0,20,0,33,0,0,0,0,0,0
16511,0,0,0,2,0,3,0,0,0,0,0,0
16512,8,2209,0,0,0,0,16,0,0,0,0,0
16513,0,0,0,0,0,5,0,0,0,0,0,0
16514,1,27,0,0,0,0,0,0,0,0,0,0
16515,0,0,0,2,0,112,0,0,0,0,1,0
16516,0,0,0,0,0,0,0,0,0,0,0,0
16517,1,16,1,0,0,0,5,0,0,0,0,0
16518,0,26,4,0,0,0,0,0,0,0,0,0
16519,5,0,1,0,0,0,0,0,0,0,0,0
16520,1,11,3,0,0,0,0,0,0,0,0,0
16521,0,0,0,7,4,349,0,0,0,0,0,0
16522,1,123,0,0,0,0,0,0,0,0,0,0
16523,0,0,0,0,0,1,0,0,0,7,606,0
16524,1,101,2,0,0,0,0,0,0,0,0,0
16525,0,0,0,2,0,1,0,0,0,0,0,0
16526,0,0,0,0,0,0,1,4,1,0,0,0
16527,0,0,0,0,0,61,0,0,0,0,0,0
16528,0,0,0,0,2,0,250,908,0,0,0,0
16529,0,0,0,0,1,35,0,0,0,0,0,0
16530,0,0,0,19,6,187,0,0,0,0,0,0
16531,0,0,0,0,0,0,1,0,0,0,0,0
16532,0,0,0,0,0,0,0,1,0,0,0,0
16533,0,0,0,2,0,42,0,0,0,0,0,0
16534,6,702,1,0,0,0,2,0,0,0,0,0
16535,0,0,0,0,0,0,40,5,7,0,0,0
16536,0,0,0,0,0,3,0,0,0,0,718,0
16537,0,0,0,0,1,0,88,105,5,0,0,0
16538,44,376,25,0,0,0,1,0,0,0,0,0
16539,0,0,0,1,0,357,0,0,0,0,1,0
16540,4,37,0,0,0,0,0,0,0,0,0,0
16541,3,1013,171,0,0,0,3,0,0,1,0,0
16542,0,0,0,2,2,237,0,0,0,0,0,0
16543,0,1,0,0,0,0,125,101,0,0,0,0
16544,0,0,0,0,6,8,0,0,0,0,0,0
16545,0,0,0,1,0,52,0,0,0,0,0,0
16546,0,18,0,0,0,0,0,0,0,0,0,0
16547,0,0,0,0,0,0,0,0,0,11,148,0
16548,0,0,0,57,15,445,0,0,0,0,0,0
16549,0,0,0,0,44,0,62,779,0,0,0,0
16550,0,80,22,0,0,0,0,0,0,0,0,0
16551,0,0,0,0,0,0,0,0,0,15,363,3
16552,0,0,0,0,0,5,0,0,0,0,0,0
16553,0,0,0,0,0,1,0,0,0,0,0,0
16554,0,0,0,0,0,63,0,0,0,0,0,0
16555,76,1,0,2,0,0,0,0,0,0,0,0
16556,0,1,0,0,0,0,0,0,0,0,0,0
16557,0,0,0,0,0,137,0,0,0,0,0,0
16558,0,0,0,0,0,0,42,175,3,0,0,0
16559,0,0,0,0,0,0,0,0,0,8,166,0
16560,52,199,3,0,0,0,3,0,0,0,0,0
16561,6,25,4,0,0,0,0,0,0,0,0,0
16562,0,0,0,0,0,0,0,0,0,0,0,0
16563,0,0,0,106,1,335,0,0,0,0,1,0
16564,0,0,0,0,0,0,51,272,1,0,0,0
16565,0,0,0,0,0,0,0,0,0,0,5,1
16566,36,147,17,0,0,0,0,0,0,0,0,0
16567,1,5,0,0,0,0,0,0,0,0,0,0
16568,0,0,0,0,0,0,0,0,0,0,153,0
16569,3,694,6,0,0,0,3,0,0,0,0,0
16570,0,0,0,9,0,3,0,0,0,0,0,0
16571,0,0,0,0,0,0,1,10,6,0,0,0
16572,0,0,0,0,0,97,0,0,0,0,0,0
16573,0,0,0,0,0,0,5,22,1,0,0,0
16574,0,2,1,0,0,0,0,0,0,0,0,0
16575,0,0,0,0,0,23,0,0,0,8,4373,0
16576,0,0,0,0,1,0,0,0,0,0,0,0
16577,0,0,0,0,0,0,2,2,1,0,0,0
16578,0,0,0,0,0,0,2,5,1,0,0,0
16579,1,56,0,0,0,0,0,0,0,0,0,0
16580,0,0,0,0,0,0,0,0,0,29,507,1
16581,51,49,0,0,0,0,0,0,0,0,0,0
16582,9,12,9,0,0,0,0,0,0,0,0,0
16583,2,236,63,0,0,0,0,0,0,0,0,0
16584,0,0,0,8,1,73,0,0,0,0,0,0
16585,0,1,0,0,0,0,435,12,7,0,0,0
16586,0,0,0,0,0,0,0,0,0,0,88,1
16587,0,0,0,22,2,67,0,0,0,0,0,0
16588,0,0,0,0,2,0,111,213,0,0,0,0
16589,0,0,0,0,0,0,4,19,0,0,0,0
16590,0,0,0,0,0,118,0,0,0,0,0,0
16591,0,0,0,0,0,0,4,26,1,0,0,0
16592,0,27,3,0,0,0,0,0,0,0,0,0
16593,0,0,0,0,1,233,0,0,0,0,0,0
16594,0,0,0,0,0,2,0,0,0,0,0,0
16595,1,0,0,0,0,0,0,0,0,0,0,0
16596,0,0,0,0,0,2,0,0,0,0,1535,0
16597,2,22,0,0,0,0,0,0,0,0,0,0
16598,0,0,0,0,0,0,0,0,0,0,0,0
16599,0,0,0,2,1,118,0,0,0,0,0,0
16600,0,0,0,1,0,17,0,0,0,0,0,0
16601,0,0,0,1,0,7,0,0,0,0,0,0
16602,2,514,0,0,0,0,2,0,0,0,0,0
16603,0,0,0,0,0,0,4,27,4,0,0,0
16604,0,0,0,0,0,0,0,0,0,0,16,0
16605,0,0,0,111,11,95,0,0,0,0,0,0
16606,0,15,0,0,0,0,0,0,0,0,0,0
16607,6,93,5,0,0,0,0,0,0,0,0,0
16608,0,0,0,0,0,8,0,0,0,0,908,0
16609,0,801,0,0,0,0,2,0,0,0,0,0
16610,0,0,0,0,0,1,0,0,0,57,103,0
16611,0,0,1,0,0,2,0,0,0,257,458,0
16612,0,0,0,4,1,9,0,0,0,0,0,0
16613,0,0,0,0,0,0,3,0,1,0,0,0
16614,0,0,0,0,0,125,0,0,0,0,1,0
16615,1,20,1,0,0,0,0,0,0,0,0,0
16616,0,0,0,0,0,5,0,0,0,798,2644,3
16617,0,0,0,44,3,90,0,0,0,0,0,0
16618,0,0,0,0,0,0,3,1,1,0,0,0
16619,0,4,5,0,0,0,0,0,0,0,0,0
16620,0,85,1,0,0,0,0,0,0,0,0,0
16621,0,10,26,0,0,0,0,0,0,0,0,0
16622,2,13,0,0,0,0,1825,2,2,0,0,0
16623,0,34,3,0,0,0,4,0,0,0,0,0
16624,0,0,0,0,0,0,0,0,0,38,10,0
16625,0,0,0,0,0,0,0,0,0,0,0,0
16626,0,0,0,0,0,1,0,0,0,6,428,0
16627,0,0,0,0,0,0,0,0,0,0,0,0
16628,0,16,2,0,0,0,0,0,0,0,0,0
16629,0,2,0,0,0,0,82,6,0,0,0,0
16630,0,0,0,0,0,0,0,0,0,2,1,0
16631,0,0,0,0,0,13,0,0,0,0,0,0
16632,0,0,0,3,17,180,0,0,0,0,0,0
16633,0,0,0,0,0,1,0,0,0,0,0,0
16634,0,0,0,0,0,2,0,0,0,0,0,0
16635,0,0,0,0,0,128,0,0,0,0,0,0
16636,0,0,0,0,0,0,0,83,0,0,0,0
16637,0,0,0,0,0,0,0,0,0,0,4,1
16638,38,391,9,0,0,0,3,0,0,0,0,0
16639,0,0,0,0,0,0,0,142,0,0,0,0
16640,0,0,0,0,0,0,0,0,0,2,13,0
16641,75,108,13,0,0,0,0,0,0,0,0,0
16642,0,0,0,0,0,0,2,1,0,0,0,0
16643,0,0,0,0,0,0,0,0,0,0,0,0
16644,1,2429,0,0,0,0,13,0,0,0,0,0
16645,1,2,0,0,0,0,0,0,0,0,0,0
16646,0,0,0,0,0,0,0,0,0,1,70,0
16647,0,2,0,0,1,0,552,5282,74,0,0,0
16648,0,0,0,0,0,0,0,0,0,10,2,20
16649,0,0,0,0,2,1,0,0,0,0,0,0
16650,0,0,0,0,0,0,0,0,0,57,327,2
16651,0,0,0,0,0,0,0,0,0,0,0,0
16652,0,15,0,0,0,0,0,0,0,0,0,0
16653,0,140,0,0,0,0,0,0,0,0,0,0
16654,0,0,0,0,0,0,9,170,0,0,0,0
16655,0,0,0,0,0,0,0,0,0,0,28,0
16656,0,0,0,4,2,246,0,0,0,0,1,0
16657,1,1,0,0,0,0,0,0,0,0,0,0
16658,0,0,0,0,0,2,0,0,0,85,467,9
16659,0,0,0,62,8,121,0,0,0,0,0,0
16660,0,0,0,0,0,0,1,1,0,0,0,0
16661,1,0,1,0,0,0,0,0,0,0,0,0
16662,0,0,0,0,0,0,373,2,1,0,0,0
16663,0,0,0,0,0,0,2,0,0,0,0,0
16664,0,1,0,0,0,0,0,0,0,0,0,0
16665,0,0,0,0,0,0,172,3,3,0,0,0
16666,0,2,0,0,0,0,0,0,0,0,0,0
16667,0,0,0,0,0,0,0,0,0,1,187,0
16668,7,308,8,0,0,0,0,0,0,0,0,0
16669,0,0,0,2,5,21,0,0,0,0,0,0
16670,0,0,0,0,0,4,0,0,0,0,0,0
16671,0,0,0,1,0,144,0,0,0,0,1,0
16672,0,0,15,0,0,0,0,0,0,0,0,0
16673,0,3,0,0,0,0,0,0,0,0,0,0
16674,1,69,0,0,0,0,0,0,0,0,0,0
16675,0,0,0,0,0,0,0,0,0,32,341,0
16676,0,0,0,0,3,2,0,0,0,0,0,0
16677,0,0,0,0,0,0,129,76,1,0,0,0
16678,0,0,0,2,1,1,0,0,0,0,0,0
16679,0,0,0,0,0,0,0,0,0,2,15,0
16680,0,0,0,4,29,66,0,0,0,0,2,0
16681,0,0,0,0,0,14,0,0,0,0,0,0
16682,11,27,0,0,0,0,0,0,0,0,0,0
16683,0,0,0,0,0,490,0,0,0,0,0,0
16684,0,0,0,0,0,0,37,0,2,0,0,0
16685,0,0,0,0,0,0,0,1,0,0,0,0
16686,0,0,0,0,0,24,0,0,0,0,0,0
16687,2,1203,9,0,0,0,1,0,0,0,0,0
16688,0,0,0,1,164,13,0,0,0,0,0,0
16689,0,0,0,69,0,64,0,0,0,0,0,0
16690,0,0,0,0,0,0,2,48,2,0,0,0
16691,0,0,0,0,0,0,0,0,0,0,17,2
16692,0,0,0,4,4,1137,0,0,0,0,2,0
16693,0,40,1,0,0,0,0,0,0,0,0,0
16694,0,0,0,0,0,18,0,0,0,31,1640,2
16695,0,0,0,9,51,74,0,0,0,0,0,0
16696,0,0,0,0,16,0,41,436,1,0,0,0
16697,0,0,0,0,0,79,0,0,0,0,0,0
16698,0,81,1,0,0,0,1,0,0,0,0,0
16699,0,0,0,0,0,0,0,0,0,111,568,14
16700,0,1,0,0,0,0,279,174,1,0,0,0
16701,0,0,0,0,3,120,0,0,0,0,0,0
16702,0,0,0,0,0,0,1,1,0,0,0,0
16703,1,4,0,0,0,0,0,0,0,0,0,0
16704,33,113,63,6,0,0,0,0,0,0,0,0
16705,0,0,0,0,107,0,149,479,1,0,0,0
16706,0,0,0,0,1,13,0,0,0,0,0,0
16707,0,0,0,0,1,0,38,119,16,0,0,0
16708,0,0,0,0,0,6,0,0,0,28,843,42
16709,0,0,0,1,0,4,0,0,0,0,0,0
16710,0,1,0,0,0,0,374,123,0,0,0,0
16711,0,0,0,1,34,1,0,1,0,0,0,0
16712,0,0,0,0,0,0,0,0,0,3,20,0
16713,0,0,0,122,7,30,0,0,0,0,0,0
16714,0,0,0,0,0,0,0,0,0,0,0,0
16715,0,3,1,0,0,0,0,0,0,0,0,0
16716,0,0,0,0,0,2,0,0,1,15,663,580
16717,0,2,8,0,0,0,0,0,0,0,0,0
16718,0,0,0,0,0,0,140,1,0,0,0,0
16719,0,91,2,0,0,0,1,0,0,0,0,0
16720,0,0,0,0,0,0,57,2,2,0,0,0
16721,0,0,9,0,0,0,0,0,0,0,0,0
16722,2,178,42,0,0,0,0,0,0,0,0,0
16723,0,0,0,0,0,111,0,0,0,0,0,0
16724,0,0,0,0,0,8,0,0,0,0,0,0
16725,5,196,0,0,0,0,0,0,0,0,0,0
16726,0,0,0,0,0,675,0,0,0,5,71848,62
16727,1,11,0,0,0,0,0,0,0,0,0,0
16728,0,0,0,5,4,324,0,0,0,0,1,0
16729,0,0,0,0,0,0,0,0,0,45,31,2
16730,0,0,0,0,0,2,0,0,0,0,0,0
16731,0,0,0,9,49,269,0,0,0,0,0,0
16732,0,0,0,1,19,0,0,0,0,0,0,0
16733,0,0,0,0,0,11,0,0,0,1,2983,1
16734,40,424,10,0,0,0,23,0,0,0,0,0
16735,0,0,0,0,1,2,0,0,0,0,0,0
16736,0,0,0,0,0,0,0,2,0,0,0,0
16737,0,0,0,0,0,0,0,1,1,0,0,0
16738,0,0,0,0,0,0,0,2,9,0,0,0
16739,1,2,46,0,0,0,0,0,0,0,0,0
16740,93,155,21,0,0,0,1,0,0,0,0,0
16741,0,0,0,0,7,0,467,2696,11,0,0,2
16742,0,0,0,2,964,16,0,2,0,0,0,0
16743,0,0,0,40,1,525,0,0,0,0,4,0
16744,0,0,0,0,0,0,866,73,0,0,0,0
16745,0,0,0,0,0,0,110,24,3,0,0,0
16746,0,0,0,1,0,208,0,0,0,0,0,0
16747,0,1,0,0,0,0,0,0,0,0,0,0
16748,0,1094,1,0,0,0,1,0,0,0,0,0
16749,0,130,2,0,0,0,0,0,0,0,0,0
16750,0,0,0,0,0,13,0,0,0,18,2754,2
16751,0,0,2,0,0,0,0,0,0,465,51,3
16752,0,0,0,4,5,119,0,0,0,0,0,0
16753,1,0,2,0,0,0,0,0,0,0,0,0
16754,0,0,0,0,0,0,27,4,2,0,0,0
16755,0,85,0,0,0,0,0,0,0,0,0,0
16756,0,0,0,0,0,0,0,0,0,1,218,0
16757,0,0,0,0,0,0,0,0,0,1,9,0
16758,3,34,0,0,0,0,1,0,0,0,0,0
16759,0,0,0,0,0,0,0,0,0,3,91,1
16760,0,0,0,0,0,0,0,0,0,1,7,0
16761,10,95,20,0,0,0,0,0,0,1,0,0
16762,0,0,0,0,0,9,0,0,2,0,1244,7
16763,0,0,0,1,0,0,0,0,0,0,0,0
16764,0,0,0,6,0,335,0,0,0,0,2,0
16765,0,0,0,0,0,0,0,0,0,0,0,0
16766,0,19,1,0,0,0,0,0,0,0,0,0
16767,0,0,0,0,0,7,0,0,0,0,1218,0
16768,0,0,0,0,0,3,0,0,0,68,12,0
16769,0,0,0,0,0,0,1,1,1,0,0,0
16770,7,69,43,0,0,0,0,0,0,0,1,0
16771,0,1,0,0,0,0,0,0,0,0,0,0
16772,0,0,0,0,0,0,0,0,0,0,0,0
16773,0,0,0,0,0,284,0,0,0,0,4,0
16774,0,0,0,0,0,1,0,0,0,0,0,0
16775,0,131,0,0,0,0,0,0,0,0,0,0
16776,0,0,0,0,0,97,0,0,0,0,0,0
16777,0,0,0,0,0,0,1,45,0,0,0,0
16778,0,0,0,0,5,1,0,0,0,0,0,0
16779,0,0,0,0,0,1,0,0,0,32,126,0
16780,0,0,0,0,0,3,0,0,0,0,0,0
16781,0,0,0,0,0,0,0,0,0,0,0,0
16782,0,0,0,2,0,76,0,0,0,0,0,0
16783,0,2,0,0,0,0,0,0,0,0,0,0
16784,0,0,0,0,0,0,0,0,0,0,0,0
16785,0,0,0,58,19,133,0,0,0,0,0,0
16786,0,0,0,0,0,0,4,17,0,0,0,0
16787,0,0,0,0,0,0,1,10,27,0,0,1
16788,0,0,0,0,4,51,0,0,0,0,0,0
16789,0,0,0,0,0,1,0,0,0,0,0,0
16790,13,15,0,0,0,0,0,0,0,0,0,0
16791,0,0,0,0,0,265,0,0,0,0,1,0
16792,0,0,0,0,0,0,0,0,0,1,64,0
16793,0,0,0,0,0,0,103,4,0,0,0,0
16794,0,0,0,1,3,291,0,0,0,0,2,0
16795,0,0,0,0,2,0,42,2022,21,0,0,0
16796,0,0,0,0,0,39,0,0,0,0,0,0
16797,5,1333,35,0,0,0,2,0,0,0,0,0
16798,1,67,1,0,0,0,0,0,0,0,0,0
16799,0,0,0,0,0,0,0,0,0,31,2,0
16800,0,0,0,4,1,966,0,0,0,0,1,0
16801,0,0,0,0,0,0,0,0,0,0,0,0
16802,0,29,0,0,0,0,0,0,0,0,0,0
16803,0,26,0,0,0,0,0,0,0,0,0,0
16804,0,6,0,0,0,0,0,0,0,0,0,0
16805,0,1,2,0,0,0,0,0,0,0,0,0
16806,0,0,0,0,0,0,0,0,0,0,275,0
16807,0,1,2,0,0,0,0,0,0,0,0,0
16808,0,0,0,0,0,0,47,0,0,0,0,0
16809,0,0,0,0,0,109,0,0,0,0,1,0
16810,0,1,0,0,0,0,0,0,0,0,0,0
16811,0,5,0,0,0,0,0,0,0,0,0,0
16812,0,32,0,0,0,0,0,0,0,0,0,0
16813,0,1,0,0,0,0,123,437,1,0,0,0
16814,0,0,0,0,0,127,0,0,0,0,0,0
16815,1,51,4,0,0,0,0,0,0,0,0,0
16816,0,0,0,0,0,0,0,0,0,19,0,0
16817,0,0,0,0,0,0,0,0,0,0,0,0
16818,3,54,18,0,0,0,1,0,0,0,0,0
16819,4,81,6,0,0,0,0,0,0,0,0,0
16820,0,0,0,0,1,271,0,0,0,0,2,0
16821,6,18,1,0,0,0,1,0,0,0,0,0
16822,0,0,0,0,0,0,0,0,0,0,0,0
16823,0,0,0,0,0,0,0,1,3,0,0,0
16824,131,171,18,0,0,0,0,0,0,0,0,0
16825,0,0,0,0,0,0,0,0,0,0,0,0
16826,0,1,0,0,0,0,0,0,0,0,0,0
16827,0,3,0,0,0,0,534,14,0,0,0,0
16828,0,0,0,0,0,14,0,0,0,0,0,0
16829,1,131,0,0,0,0,1,0,0,0,0,0
16830,0,0,0,0,0,0,0,0,0,0,531,0
16831,1,17,0,0,0,0,0,0,0,0,0,0
16832,0,0,1,0,0,0,0,0,0,34,8,0
16833,0,0,0,0,0,0,0,0,0,52,195,0
16834,0,0,0,4,0,23,0,0,0,0,0,0
16835,0,0,0,0,0,0,0,0,0,0,0,0
16836,0,0,0,0,1,58,0,0,0,0,0,0
16837,0,0,0,0,0,0,5,1,6,0,0,0
16838,0,39,10,0,0,0,0,0,0,1,0,0
16839,4,75,6,0,0,0,0,0,0,0,0,0
16840,0,0,106,0,0,0,0,0,0,1,0,0
16841,0,10,0,0,0,0,0,0,0,0,0,0
16842,2,64,1,0,0,0,0,0,0,0,0,0
16843,0,0,0,0,1,0,152,171,0,0,0,0
16844,0,0,0,0,0,0,9,10,0,0,0,0
16845,0,0,0,4,8,264,0,0,0,0,0,0
16846,0,0,0,0,0,0,6,705,0,0,0,0
16847,0,12,0,0,0,0,0,0,0,0,0,0
16848,0,0,0,0,0,2,0,0,0,18,210,0
16849,0,0,0,1,0,0,0,0,0,0,0,0
16850,0,6,0,0,0,0,0,0,0,0,0,0
16851,0,0,0,0,0,166,0,0,0,0,1,0
16852,0,0,0,0,1,0,149,1586,3,0,0,0
16853,0,0,0,0,2,0,115,1252,6,0,0,0
16854,6,0,0,551,2,55,0,0,0,0,0,0
16855,0,0,0,0,0,0,9,96,4,0,0,0
16856,0,134,7,0,0,0,0,0,0,0,0,0
16857,0,0,0,26,7,1090,0,0,0,0,9,0
16858,0,1,0,0,0,0,147,33,2,0,0,0
16859,0,0,0,0,0,1,0,0,0,3,696,0
16860,0,0,0,12,5,91,0,0,0,0,0,0
16861,0,2,0,0,0,0,185,164,0,0,0,0
16862,0,0,0,0,0,19,0,0,0,0,0,0
16863,0,0,0,5,5,257,0,0,0,0,0,0
16864,0,2,0,0,0,0,395,77,12,0,0,0
16865,0,0,0,0,1,2,0,0,0,0,0,0
16866,0,0,0,13,17,66,0,0,0,0,0,0
16867,0,0,0,0,0,21,0,0,0,0,0,0
16868,1,34,0,0,0,0,0,0,0,0,0,0
16869,0,0,0,0,0,1,0,0,0,0,2574,0
16870,0,0,3,0,0,0,0,0,0,246,0,0
16871,0,0,0,0,0,0,46,9,0,0,0,0
16872,30,115,33,0,0,0,0,0,0,0,0,0
16873,0,0,0,0,0,0,23,14,0,0,0,0
16874,0,0,0,0,0,0,2,2,0,0,0,0
16875,0,0,0,1,0,53,0,0,0,0,0,0
16876,1,66,0,0,0,0,0,0,0,0,0,0
16877,0,0,0,0,0,3,0,0,0,10,2646,2
16878,66,61,0,0,0,0,0,0,0,0,0,0
16879,0,47,93,0,0,0,0,0,0,1,0,0
16880,0,0,0,0,0,0,0,0,0,2,20,0
16881,3,169,0,0,0,0,0,0,0,0,0,0
16882,0,19,18,0,0,0,0,0,0,0,0,0
16883,0,0,1,0,0,0,0,0,0,50,59,2
16884,0,0,0,31,63,16,0,0,0,0,0,0
16885,0,0,0,42,0,94,0,0,0,0,0,0
16886,1,10,1,0,0,0,0,0,0,0,0,0
16887,0,0,0,0,0,0,0,0,0,0,0,0
16888,0,0,0,0,0,0,0,0,0,0,0,0
16889,0,10569,0,0,0,0,77,0,0,0,0,0
16890,1,286,0,0,0,0,0,0,0,0,0,0
16891,0,0,0,1,23,93,0,0,0,0,0,0
16892,0,0,0,1,0,8,0,0,0,0,0,0
16893,1,32,0,0,0,0,0,0,0,0,0,0
16894,1,3,5,0,0,0,0,0,0,0,0,0
16895,1,282,7,0,0,0,1,0,0,0,0,0
16896,0,0,0,1,1,1556,0,0,0,0,0,0
16897,0,2,0,0,1,0,572,170,10,0,0,0
16898,0,0,0,0,8,23,0,0,0,0,0,0
16899,0,0,0,16,11,62,0,0,0,0,0,0
16900,0,2,0,0,1,0,438,116,3,0,0,0
16901,0,0,0,0,0,0,96,0,0,0,0,0
16902,0,0,0,1,0,139,0,0,0,0,3,0
16903,0,0,0,0,0,0,1,1,0,0,0,0
16904,3,1,0,0,0,0,0,0,0,0,0,0
16905,0,0,0,0,0,148,0,0,0,0,0,0
16906,0,0,0,2,1,57,0,0,0,0,0,0
16907,3,213,0,0,0,0,0,0,0,0,0,0
16908,0,0,0,0,0,149,0,0,0,0,0,0
16909,0,0,0,0,0,68,0,0,0,0,0,0
16910,0,0,0,0,10,2,0,0,0,0,0,0
16911,0,0,0,4,1,67,0,0,0,0,0,0
16912,0,0,0,0,6,0,77,2180,4,0,0,0
16913,0,0,0,1,0,8,0,0,0,0,0,0
16914,0,1,0,0,24,0,80,3701,1,0,0,0
16915,0,0,0,0,0,28,0,0,0,5,7233,0
16916,0,0,0,0,0,2,0,0,0,0,0,0
16917,0,0,0,0,3,0,159,1708,27,0,0,0
16918,0,16,0,0,0,0,0,0,0,0,0,0
16919,0,0,0,0,0,0,0,0,0,0,1,0
16920,5,181,15,0,0,0,0,0,0,0,0,0
16921,0,0,0,0,0,1,0,0,0,0,0,0
16922,0,0,0,0,0,0,0,0,0,0,7,0
16923,6,58,9,0,0,0,1,0,0,0,0,0
16924,0,0,0,0,0,0,0,0,0,0,2,0
16925,3,16,0,0,0,0,0,0,0,0,0,0
16926,0,0,0,0,0,408,0,0,0,0,0,0
16927,0,88,0,0,0,0,0,0,0,0,0,0
16928,0,0,0,0,0,1,0,0,0,0,122,0
16929,19,563,39,0,0,0,0,0,0,0,0,0
16930,0,0,0,0,0,0,121,0,1,0,0,0
16931,0,0,0,2,0,1,0,0,0,0,0,0
16932,15,169,1,0,0,0,1,0,0,0,0,0
16933,3,47,2,0,0,0,0,0,0,0,0,0
16934,0,0,0,1,1,8,0,0,0,0,0,0
16935,0,0,0,0,5,0,56,2887,4,0,0,0
16936,0,0,0,0,0,0,0,0,0,1,71,1
16937,0,0,0,0,0,0,0,0,0,4,27,0
16938,61,257,15,0,0,0,0,0,0,0,0,0
16939,0,0,0,0,1,717,0,0,0,0,2,0
16940,0,0,0,0,0,0,0,0,0,0,0,0
16941,0,76,0,0,0,0,0,0,0,0,0,0
16942,2,29,4,0,0,0,0,0,0,0,0,0
16943,0,0,0,0,0,0,29,994,6,0,0,0
16944,0,0,0,1,2,62,0,0,0,0,0,0
16945,0,0,0,0,0,0,63,241,0,0,0,0
16946,0,0,0,0,0,0,0,0,0,0,152,0
16947,62,90,8,1,0,0,0,0,0,0,0,0
16948,0,0,0,0,0,1,0,0,0,10,478,0
16949,0,0,0,0,0,0,0,0,0,7,47,0
16950,0,0,0,43,9,233,0,0,0,0,1,0
16951,2,4,0,0,0,0,0,0,0,0,0,0
16952,0,0,0,0,0,2,0,0,0,0,1405,0
16953,1,29,14,0,0,0,0,0,0,0,0,0
16954,0,0,0,0,0,10,0,0,0,10,2649,2
16955,0,0,0,0,0,2,0,0,0,0,0,0
16956,3,127,3,0,0,0,0,0,0,0,0,0
16957,0,0,0,0,0,0,65,469,5,0,0,0
16958,0,0,0,77,1,41,0,0,0,0,0,0
16959,0,0,0,0,0,0,116,78,9,0,0,0
16960,0,0,0,0,0,0,0,0,0,42,46,0
16961,0,0,0,0,0,0,0,0,0,3,90,0
16962,5,213,15,0,0,0,0,0,0,0,0,0
16963,0,0,0,0,0,0,0,0,0,1,2,1
16964,0,0,0,0,0,0,0,0,0,0,0,0
16965,1,167,0,0,0,0,0,0,0,0,0,0
16966,0,0,0,0,0,0,20,5,3,0,0,0
16967,6,58,18,0,0,0,0,0,0,0,0,0
16968,0,1,0,0,3,0,571,666,1,0,0,0
16969,0,0,0,0,0,0,0,0,0,4,65,1
16970,2,54,0,0,0,0,0,0,0,0,0,0
16971,0,0,1,0,0,0,0,0,0,136,219,3
16972,0,0,0,3,0,31,0,0,0,0,0,0
16973,2,9,1,0,0,0,0,0,0,0,0,0
16974,0,0,0,0,0,57,0,0,0,0,0,0
16975,0,0,0,0,3,0,80,896,0,0,0,0
16976,0,0,0,1,3,56,0,0,0,0,0,0
16977,0,0,0,0,4,44,0,0,0,0,0,0
16978,0,37,3,0,0,0,0,0,0,0,0,0
16979,0,0,0,0,0,0,130,74,5,0,0,0
16980,1,124,69,0,0,0,0,0,0,0,0,0
16981,0,68,7,0,0,0,0,0,0,0,0,0
16982,0,0,0,0,1,13,0,0,0,0,0,0
16983,0,0,0,20,9,85,0,0,0,0,0,0
16984,1,40,0,0,0,0,0,0,0,0,0,0
16985,0,0,1,0,0,0,0,0,0,105,1559,1
16986,0,0,0,27,8,11182,0,0,0,0,90,0
16987,0,0,0,0,0,0,9,7,2,0,0,0
16988,0,0,0,0,0,0,10,7,0,0,0,0
16989,0,0,0,0,0,0,0,0,0,27,560,0
16990,0,0,0,9,26,89,0,0,0,0,0,0
16991,0,0,0,0,0,2,0,0,0,0,0,0
16992,0,297,0,0,0,0,0,0,0,0,0,0
16993,0,0,0,12,0,1430,0,0,0,0,4,0
16994,0,9,0,0,0,0,0,0,0,0,0,0
16995,0,0,0,0,0,0,0,0,0,0,757,0
16996,0,0,0,0,0,0,0,0,0,51,70,0
16997,0,0,0,0,0,0,0,0,0,11,329,0
16998,18,751,20,0,0,0,1,0,0,0,0,0
16999,5,28,0,0,0,0,0,0,0,0,0,0
17000,0,0,0,0,0,1,0,0,0,1,371,1
17001,2,56,8,0,0,0,0,0,0,0,0,0
17002,0,0,0,0,0,1,0,0,0,8,1033,1
17003,0,0,0,0,1,4,0,0,0,0,0,0
17004,0,0,0,0,0,15,0,0,0,47,5082,0
17005,12,2,36,0,0,0,0,0,0,1,0,0
17006,1,16,2,0,0,0,0,0,0,0,0,0
17007,0,0,0,0,0,687,0,0,0,0,1,0
17008,5,232,1,0,0,0,0,0,0,0,0,0
17009,0,0,0,2,34,203,0,0,0,0,0,0
17010,0,0,0,0,0,15,0,0,0,86,5246,12
17011,0,0,0,15,45,26,0,0,0,0,0,0
17012,0,0,0,0,0,34,0,0,0,0,4683,0
17013,35,149,18,0,0,0,0,0,0,0,0,0
17014,0,1,0,1,181,0,74,29592,51,0,0,0
17015,2,59,9,0,0,0,0,0,0,0,0,0
17016,0,0,0,13,10,298,0,0,0,0,1,0
17017,0,0,0,0,0,0,13,0,5,0,0,0
17018,15,138,34,0,0,0,0,0,0,0,0,0
17019,0,1,0,0,98,2,497,16984,131,0,0,0
17020,0,0,0,0,9,18,0,0,0,0,0,0
17021,0,0,0,2,5,13,0,0,0,0,0,0
17022,0,0,0,1,0,42,0,0,0,0,0,0
17023,0,0,0,12,1100,66,0,0,0,0,2,0
17024,0,0,0,0,0,0,0,0,0,2,232,1
17025,0,0,0,0,9,105,0,0,0,0,3,0
17026,7,46,0,0,0,0,0,0,0,0,0,0
17027,0,0,0,0,0,0,317,103,0,0,0,0
17028,0,0,0,0,0,1,0,0,0,3,347,0
17029,209,18,2,3,0,0,0,0,0,0,0,0
17030,1,114,14,0,0,0,0,0,0,0,0,0
17031,0,0,0,6,4,93,0,0,0,0,0,0
17032,0,0,0,0,0,0,84,79,0,0,0,0
17033,0,0,0,4,1,28,0,0,0,0,0,0
17034,0,0,0,138,5,222,0,0,0,0,0,0
17035,0,0,0,0,0,0,49,153,1,0,0,0
17036,0,0,0,0,0,0,0,0,0,0,343,0
17037,70,35,17,1,0,0,0,0,0,0,0,0
17038,0,63,20,0,0,0,0,0,0,1,0,0
17039,3,164,36,0,0,0,0,0,0,0,0,0
17040,0,0,0,27,17,209515,0,0,0,10,1975,0
17041,0,0,0,0,0,15,0,0,0,0,0,0
17042,2,255,0,0,0,0,0,0,0,0,0,0
17043,0,0,0,0,1,234,0,0,0,0,0,0
17044,0,0,0,0,0,0,0,0,0,0,2,0
17045,17,1,2,0,0,0,0,0,0,0,0,0
17046,3,43,0,0,0,0,0,0,0,0,0,0
17047,0,22,19,0,0,0,0,0,0,0,0,0
17048,1,63,7,0,0,0,0,0,0,0,0,0
17049,0,0,0,0,0,0,66,125,6,0,0,0
17050,0,0,0,0,0,0,232,30,2,0,0,0
17051,0,0,0,0,0,849,0,0,0,0,2,0
17052,0,0,0,54,6,35,0,0,0,0,0,0
17053,0,0,0,0,0,0,4,1,0,0,0,0
17054,0,0,0,0,0,0,0,2,0,0,0,0
17055,0,0,0,0,0,26,0,0,0,0,0,0
17056,3,331,3,0,0,0,2,0,0,0,0,0
17057,0,0,0,3,8,62,0,0,0,0,0,0
17058,0,0,0,0,8,0,89,2209,11,0,0,0
17059,0,0,0,0,0,0,0,0,0,10,0,0
17060,136,47,0,1,0,0,0,0,0,0,0,0
17061,0,86,3,0,0,0,0,0,0,0,0,0
17062,0,1,5,0,0,0,0,0,0,0,0,0
17063,3,174,1,0,0,0,0,0,0,0,0,0
17064,0,0,0,0,0,0,119,472,30,0,0,0
17065,0,0,0,10,2,112,0,0,0,0,1,0
17066,34,139,0,0,0,0,0,0,0,0,0,0
17067,0,0,0,0,0,196,0,0,0,0,1,0
17068,0,0,0,8,29,0,0,0,0,0,0,0
17069,0,0,0,0,0,0,0,0,0,5,54,0
17070,0,0,0,23,14,306,0,0,0,0,2,0
17071,1,20,0,0,0,0,0,0,0,0,0,0
17072,0,0,0,0,0,0,0,0,0,0,29,0
17073,0,30,4,0,0,0,1,0,0,0,0,0
17074,0,0,0,0,0,7,0,0,0,40,176,0
17075,0,0,0,4,0,1,0,0,0,0,0,0
17076,0,0,0,0,0,2,0,0,0,38,122,3
17077,0,0,0,0,0,0,0,0,0,5,2,4
17078,3,106,0,0,0,0,0,0,0,0,0,0
17079,0,52,0,0,0,0,1019,54,0,0,0,0
17080,0,0,0,0,0,0,0,0,0,0,0,0
17081,0,0,0,0,0,0,0,5,0,0,0,0
17082,4,508,3,0,0,0,44,1,0,0,0,0
17083,0,0,0,0,0,0,0,0,0,1,11,4
17084,0,0,0,0,0,0,0,0,0,0,5,0
17085,4,83,6,0,0,0,0,0,0,0,0,0
17086,0,0,0,0,0,0,0,0,0,1,1,0
17087,0,0,0,0,0,0,0,0,0,1,0,0
17088,0,0,0,77,23,42,0,0,0,0,0,0
17089,0,0,0,0,0,0,1,1,0,0,0,0
17090,0,0,0,0,0,0,0,0,0,0,0,0
17091,0,0,0,2,0,63,0,0,0,0,0,0
17092,0,0,1,0,0,0,0,0,0,0,0,0
17093,0,0,0,0,0,0,0,0,0,0,3,1
17094,0,0,0,10,48,66,0,0,0,0,0,0
17095,0,0,0,0,0,0,0,0,0,0,0,0
17096,0,0,0,0,0,0,0,20,0,0,0,0
17097,0,0,0,1,0,87,0,0,0,0,0,0
17098,0,0,0,0,0,0,0,0,0,0,0,0
17099,1,0,0,0,0,0,0,0,0,0,0,0
17100,0,1,0,0,0,0,56,0,1,0,0,0
17101,0,0,0,0,0,0,0,0,0,0,0,0
17102,0,0,0,0,0,0,0,0,1,0,0,0
17103,0,0,0,0,1,103,0,0,0,0,0,0
17104,0,0,0,0,0,41,0,0,0,1,6635,1
17105,7,19,0,0,0,0,0,0,0,0,0,0
17106,0,0,0,1,2,131,0,0,0,0,2,0
17107,0,0,0,5,4,3,0,0,0,0,0,0
17108,0,0,0,17,28,1,0,0,0,0,0,0
17109,0,0,0,1,1,30,0,0,0,0,0,0
17110,0,0,0,0,0,0,29,251,1,0,0,0
17111,0,0,0,0,0,0,0,0,0,0,33,0
17112,0,0,0,5,0,90,0,0,0,0,0,0
17113,1,121,0,0,0,0,1,0,0,0,0,0
17114,0,0,0,1,6,40,0,0,0,0,0,0
17115,0,0,0,74,4,352,0,0,0,0,0,0
17116,0,0,0,0,0,0,59,8,0,0,0,0
17117,0,0,0,0,0,0,6,1,0,0,0,0
17118,0,0,0,0,0,1,0,0,0,29,709,0
17119,0,0,8,0,0,21,0,0,0,1176,1136,1
17120,0,0,0,3,0,1,0,0,0,0,0,0
17121,116,69,6,3,0,0,0,0,0,0,0,0
17122,0,0,0,0,250,0,167,47542,8,0,0,0
17123,0,0,0,0,0,0,0,0,0,0,131,9
17124,0,0,0,4,71,267,0,0,0,0,0,0
17125,0,0,0,0,0,1,0,0,0,111,1652,239
17126,0,0,0,420,11,176,0,0,0,0,0,0
17127,0,0,0,0,0,6,0,0,0,58,1079,10
17128,0,0,0,0,0,15,0,0,0,0,0,0
17129,0,3,0,0,0,0,0,0,0,0,0,0
17130,0,0,0,0,0,0,0,0,0,0,250,0
17131,0,0,0,0,2,4,0,0,0,0,0,0
17132,0,8,0,0,0,0,0,0,0,0,0,0
17133,0,0,0,0,0,1,0,0,0,0,254,0
17134,0,0,0,0,0,0,0,0,0,21,356,0
17135,0,0,0,0,0,51,0,0,0,70,3587,4
17136,0,0,0,41,20,230,0,0,0,0,0,0
17137,0,0,0,50,2,97,0,0,0,0,0,0
17138,0,0,0,0,0,0,0,0,0,6,171,0
17139,1,0,0,184,17,113,0,0,0,0,0,0
17140,0,0,0,0,0,0,17,309,1,0,0,0
17141,0,0,0,0,0,0,0,0,0,27,49,6
17142,0,0,0,142,51,408,0,0,0,0,1,0
17143,0,0,0,0,0,0,0,0,0,3,39,0
17144,0,1,0,0,0,0,154,33,0,0,0,0
17145,0,0,0,0,0,2,0,0,0,2,201,2
17146,54,78,6,0,0,0,0,0,0,0,0,0
17147,0,0,0,0,0,30,0,0,0,0,0,0
17148,18,299,2,0,0,0,4,0,0,0,0,0
17149,0,0,0,0,0,0,41,53,0,0,0,0
17150,0,0,0,0,1,162,0,0,0,0,0,0
17151,0,0,0,0,0,0,264,34,0,0,0,0
17152,0,0,0,0,0,18,0,0,0,0,0,0
17153,15,147,0,0,0,0,1,0,0,0,0,0
17154,0,0,0,1,0,762,0,0,0,0,0,0
17155,0,32,0,0,0,0,0,0,0,0,0,0
17156,0,0,0,0,0,0,0,0,0,0,603,0
17157,5,68,3,0,0,0,0,0,0,0,0,0
17158,0,0,0,0,0,0,3,12,0,0,0,0
17159,0,0,0,0,0,0,0,0,0,0,2,0
17160,0,0,0,8,27,40,0,0,0,0,0,0
17161,0,0,0,0,1,1,0,0,0,0,0,0
17162,0,0,0,0,0,0,0,2,1,0,0,0
17163,0,0,0,0,0,0,0,0,0,0,224,0
17164,0,0,0,0,25,0,0,0,0,0,0,0
17165,0,0,0,0,0,0,0,0,0,0,2,0
17166,0,0,0,113,34,239,0,0,0,0,0,0
17167,0,0,0,0,0,0,0,0,0,0,11,0
17168,0,0,0,0,0,0,0,0,0,0,0,0
17169,0,0,0,0,0,355,0,0,0,0,1,0
17170,0,0,0,0,0,0,15,4,1,0,0,0
17171,0,0,0,0,0,0,0,0,0,0,1,0
17172,0,0,0,0,0,1,0,0,0,333,1753,2
17173,0,0,0,0,0,0,0,2,1,0,0,0
17174,0,0,0,0,0,0,0,0,0,40,0,0
17175,0,0,0,54,9,133,0,0,0,0,0,0
17176,0,0,0,0,0,0,3,0,37,0,0,0
17177,0,0,0,0,0,0,0,0,0,0,0,0
17178,0,0,0,0,0,0,0,0,0,0,0,0
17179,0,0,0,0,0,0,0,0,0,0,0,0
17180,0,0,0,0,0,0,0,0,0,0,0,0
17181,0,0,0,0,0,1327,0,0,0,0,3,0
17182,0,0,0,0,0,0,0,0,0,0,0,0
17183,0,0,0,0,0,0,0,0,0,1,0,0
17184,34,40,131,0,0,0,0,0,0,2,0,0
17185,0,0,1,0,0,0,0,0,0,44,43,0
17186,0,0,0,0,0,0,0,0,0,0,0,0
17187,3,430,0,0,0,0,1,0,0,0,0,0
17188,0,0,0,0,1,0,0,0,0,0,0,0
17189,0,0,0,0,0,0,0,0,0,0,0,0
17190,0,0,0,0,0,118,0,0,0,0,0,0
17191,0,0,0,0,0,0,14,0,0,0,0,0
17192,12,98,59,0,0,0,0,0,0,0,0,0
17193,0,4,0,0,4,0,124,3783,9,0,0,0
17194,0,0,0,0,0,0,0,0,0,0,0,0
17195,0,6,0,0,0,0,0,0,0,0,0,0
17196,0,0,0,0,0,0,98,0,0,0,0,0
17197,0,0,0,0,1,0,14,109,0,0,0,0
17198,0,0,0,0,0,0,0,0,0,0,0,0
17199,28,92,14,0,0,0,0,0,0,0,0,0
17200,0,0,0,3,55,64,0,0,0,0,1,0
17201,0,0,0,0,0,44,0,0,0,0,2,0
17202,0,77,0,0,0,0,0,0,0,0,0,0
17203,1,22,4,0,0,0,0,0,0,0,0,0
17204,2,101,9,0,0,0,0,0,0,0,0,0
17205,4,171,17,0,0,0,0,0,0,0,0,0
17206,0,0,0,2,1,196,0,0,0,0,1,0
17207,14,393,7,0,0,0,1,0,0,0,0,0
17208,0,0,0,0,0,225,0,0,0,0,3,0
17209,0,0,0,2,15,8,0,0,0,0,0,0
17210,0,0,0,0,0,1,0,0,0,0,0,0
17211,0,0,0,0,0,0,55,426,3,0,0,0
17212,0,0,0,0,0,0,0,0,0,12,12,0
17213,0,0,1,0,0,0,0,0,0,135,362,0
17214,0,0,0,1,23,1733,0,0,0,0,9,0
17215,5,57,3,0,0,0,0,0,0,0,0,0
17216,0,0,0,0,0,3,0,0,0,0,0,0
17217,47,18,1,0,0,0,0,0,0,0,0,0
17218,0,0,0,0,0,0,76,29,0,0,0,0
17219,3,50,78,0,0,0,0,0,0,0,0,0
17220,0,0,0,2,0,270,0,0,0,0,0,0
17221,0,1,1,0,0,0,0,0,0,0,0,0
17222,2,143,3,0,0,0,0,0,0,0,0,0
17223,1,74,1,0,0,0,0,0,0,0,0,0
17224,0,0,0,2,0,0,0,0,0,0,0,0
17225,0,0,0,0,0,0,0,0,0,0,0,0
17226,0,0,0,0,0,14,0,0,0,0,0,0
17227,1,1,1,0,0,0,0,0,0,0,0,0
17228,0,0,0,0,0,0,1,1,1,0,0,0
17229,0,0,0,0,0,22,0,0,0,0,0,0
17230,0,0,1,0,0,0,0,0,0,0,0,0
17231,0,0,0,0,0,0,0,0,0,0,0,0
17232,0,40,0,0,0,0,0,0,0,0,0,0
17233,1,188,34,0,0,0,0,0,0,0,0,0
17234,0,0,0,1,1,3,0,0,0,0,0,0
17235,0,0,0,11,0,140,0,0,0,0,0,0
17236,0,90667,0,0,0,0,488,0,0,0,0,0
17237,0,0,0,0,0,13,0,0,0,0,0,0
17238,1,2,0,0,0,0,0,0,0,0,0,0
17239,0,0,0,0,0,0,0,0,0,0,3,0
17240,0,0,0,0,0,0,0,0,0,0,0,0
17241,0,0,0,111,7,134,0,0,0,0,0,0
17242,0,0,0,0,0,0,310,21,0,0,0,0
17243,0,0,0,0,0,0,0,0,0,0,205,0
17244,0,212,5,0,0,0,1,0,0,0,0,0
17245,0,0,0,0,0,1,0,0,0,4,87,0
17246,0,0,0,0,0,0,15,20,0,0,0,0
17247,0,0,0,8,62,985,0,0,0,0,1,0
17248,0,0,0,0,0,0,33,28,1,0,0,0
17249,0,0,0,0,0,1,0,0,0,0,436,0
17250,0,0,0,5,77,184,0,0,0,0,0,0
17251,0,0,0,0,0,0,0,0,0,2,41,0
17252,0,0,0,0,0,0,126,71,0,0,0,0
17253,0,0,0,2,4,84,0,0,0,0,0,0
17254,0,0,0,0,0,0,62,20,1,0,0,0
17255,0,0,0,0,0,8,0,0,0,0,0,0
17256,30,161,8,0,0,0,0,0,0,0,0,0
17257,0,0,0,0,0,0,4,0,6,0,0,0
17258,4,3,51,0,0,0,0,0,0,0,0,0
17259,0,0,0,0,353,0,9,25564,14,0,0,0
17260,0,0,0,1,1,0,0,0,0,0,0,0
17261,0,0,0,0,0,0,32,22,0,0,0,0
17262,0,0,0,0,0,92,0,0,0,0,0,0
17263,0,0,0,0,0,0,0,0,0,0,0,0
17264,0,0,0,0,0,0,0,0,0,0,0,0
17265,0,0,0,0,0,24,0,0,0,0,0,0
17266,0,0,0,0,0,0,66,58,2,0,0,0
17267,5,421,14,0,0,0,0,0,0,0,0,0
17268,0,0,0,13,0,281,0,0,0,0,0,0
17269,0,2,5,0,0,0,0,0,0,0,0,0
17270,0,20,0,0,0,0,0,0,0,0,0,0
17271,0,86,0,0,0,0,0,0,0,0,0,0
17272,0,0,0,0,0,0,0,0,0,0,0,0
17273,0,0,0,0,0,1,0,0,0,0,0,0
17274,0,0,0,0,0,6,0,0,0,2,570,0
17275,0,2,3,0,0,0,0,0,0,0,0,0
17276,0,54,2,0,0,0,1,2,0,0,0,0
17277,7,58,17,0,0,0,0,0,0,0,0,0
17278,0,0,0,0,5,0,8,3407,33,0,0,0
17279,0,0,0,0,0,82,0,0,0,0,0,0
17280,0,0,0,0,0,0,37,2652,13,0,0,0
17281,0,0,0,0,0,0,0,0,0,0,0,0
17282,1,0,0,0,0,0,0,0,0,0,0,0
17283,0,0,0,0,0,122,0,0,0,0,0,0
17284,0,0,0,0,54,0,0,0,0,0,0,0
17285,0,0,0,0,0,14,0,0,0,0,2283,0
17286,92,52,2,0,0,0,1,0,0,0,0,0
17287,2,32,7,0,0,0,0,0,0,0,0,0
17288,0,0,0,0,0,6,0,0,0,3,2770,0
17289,1,58,2,0,0,0,0,0,0,0,0,0
17290,0,0,0,0,1,603,0,0,0,0,0,0
17291,0,0,0,0,0,3,0,0,0,0,0,0
17292,0,85,0,0,0,0,0,0,0,0,0,0
17293,0,0,0,0,0,0,4,1,0,0,0,0
17294,0,11,0,0,0,0,0,0,0,0,0,0
17295,0,32,1,0,0,0,0,0,0,0,0,0
17296,0,0,0,0,0,0,0,0,0,10,0,0
17297,2,39,1,0,0,0,0,0,0,0,0,0
17298,0,0,0,0,1,0,37,317,2,0,0,0
17299,0,0,0,0,0,21,0,0,0,0,0,0
17300,6,124,0,0,0,0,0,0,0,0,0,0
17301,0,0,0,0,0,148,0,0,0,0,0,0
17302,0,0,0,0,2,0,46,836,3,0,0,0
17303,0,0,0,1,1,35,0,0,0,0,0,0
17304,0,0,0,0,0,78,0,0,1,178,4540,169
17305,0,0,0,0,0,27,0,0,0,0,0,0
17306,0,0,0,0,0,4,0,0,0,0,0,0
17307,0,0,0,4,1,28,0,0,0,0,0,0
17308,0,0,0,7,0,0,0,0,0,0,0,0
17309,0,0,0,0,0,0,0,1,0,0,0,0
17310,0,0,0,0,0,320,0,0,0,0,0,0
17311,1,0,0,0,0,0,0,0,0,0,0,0
17312,0,0,0,0,0,0,0,0,0,0,1,1
17313,0,0,0,2,0,64,0,0,0,0,0,0
17314,0,0,0,0,0,0,26,13,0,0,0,0
17315,0,0,0,1,0,13,0,0,0,0,0,0
17316,5,107,5,0,0,0,0,0,0,0,0,0
17317,1,0,4,0,0,0,0,0,0,0,0,0
17318,1,0,0,0,0,0,0,0,0,0,0,0
17319,0,0,0,0,0,125,0,0,0,0,1,0
17320,0,0,0,0,0,0,67,414,0,0,0,0
17321,0,0,0,0,0,0,0,0,0,1,32,0
17322,28,127,9,0,0,0,0,0,0,0,0,0
17323,0,0,0,3,0,126,0,0,0,0,0,0
17324,0,0,0,0,0,2,0,0,0,0,0,0
17325,0,0,0,0,0,0,159,183,1,0,0,0
17326,0,0,0,0,0,1,0,0,0,0,262,1
17327,0,0,0,0,0,0,0,0,0,82,91,0
17328,0,0,0,51,17,338,0,0,0,0,0,0
17329,0,0,0,0,0,0,0,1,2,0,0,0
17330,1,5,1,0,0,0,0,0,0,0,0,0
17331,0,1,0,0,38,0,155,12139,120,0,0,1
17332,0,60,0,0,0,0,0,0,0,0,0,0
17333,0,0,0,0,0,0,0,0,0,0,274,0
17334,4,1,0,0,16,0,439,1309,14,0,0,0
17335,1,58,9,0,0,0,0,0,0,0,0,0
17336,0,0,0,0,0,17,0,0,0,3,2412,0
17337,4,3621,24,0,0,0,3,0,0,0,0,0
17338,0,0,0,0,6,0,435,1319,1,0,0,0
17339,0,0,0,0,0,19,0,0,0,2,3862,0
17340,48,71,3,0,0,0,0,0,0,0,0,0
17341,0,0,0,0,0,0,21,22,4,0,0,0
17342,0,110,32,0,0,0,0,0,0,0,0,0
17343,0,0,0,0,70,223,0,0,0,0,1,0
17344,5,1955,25,0,0,0,0,0,0,0,0,0
17345,0,0,0,1,0,12,0,0,0,0,0,0
17346,6,123,2,0,0,0,0,0,0,0,0,0
17347,0,0,0,0,0,0,34,354,1,0,0,0
17348,0,0,0,0,7,23,0,0,0,0,0,0
17349,0,0,0,7,31,20,0,0,0,0,0,0
17350,0,1,0,0,0,0,91,5,0,0,0,0
17351,0,0,0,0,0,18,0,0,0,0,0,0
17352,0,0,0,0,0,0,0,0,0,13,856,23
17353,0,0,0,1,16,155,0,0,0,0,0,0
17354,0,0,0,2,8,24,0,0,0,0,0,0
17355,0,0,0,16,1,41,0,0,0,0,0,0
17356,0,0,0,0,0,0,0,0,0,0,0,0
17357,1,2,0,0,0,0,0,0,0,0,0,0
17358,0,0,0,0,0,156,0,0,0,0,0,0
17359,0,0,0,0,0,0,2,0,0,0,0,0
17360,0,1,0,0,0,0,0,0,0,0,0,0
17361,0,59,0,0,0,0,0,0,0,0,0,0
17362,0,57,2,0,0,0,0,0,0,0,0,0
17363,0,0,0,0,2,386,0,0,0,0,0,0
17364,0,0,0,12,2,109,0,0,0,0,0,0
17365,0,0,0,0,0,0,0,0,0,0,0,0
17366,0,0,0,0,0,0,0,0,0,0,2,0
17367,89,113,1,1,0,0,0,0,0,0,0,0
17368,1,3,0,0,0,0,0,0,0,0,0,0
17369,0,0,0,0,1,1,0,0,0,0,0,0
17370,0,0,0,0,0,0,16,36,1,0,0,0
17371,0,0,0,0,1,0,77,497,0,0,0,0
17372,0,0,0,0,0,3,0,0,0,0,382,0
17373,0,0,0,0,0,18,0,0,0,57,2416,3
17374,1,1,0,0,0,0,0,0,0,0,0,0
17375,0,0,0,0,0,2,0,0,0,0,217,0
17376,9,60,9,0,0,0,0,0,0,0,0,0
17377,0,0,2,0,0,0,0,0,0,0,0,0
17378,1,0,0,0,0,0,0,0,0,0,0,0
17379,0,0,0,0,0,182,0,0,0,0,7,0
17380,0,0,0,0,0,5,0,0,0,0,0,0
17381,0,1,1,0,0,0,0,0,0,0,0,0
17382,0,0,0,0,0,167,0,0,0,0,0,0
17383,0,0,0,0,0,0,0,0,0,0,0,0
17384,2,0,0,0,0,0,0,0,0,0,0,0
17385,0,0,0,0,16,114,0,0,0,0,0,0
17386,0,0,0,1,0,7,0,0,0,0,0,0
17387,0,0,0,1,0,1,0,0,0,0,0,0
17388,0,0,0,0,0,0,30,9,0,0,0,0
17389,1,1,0,0,0,0,0,0,0,0,0,0
17390,0,0,0,0,0,0,0,0,0,0,0,0
17391,0,0,0,1,0,348,0,0,0,0,1,0
17392,0,0,0,0,0,0,12,6,7,0,0,0
17393,0,0,0,0,1,9,0,0,0,0,0,0
17394,2,0,0,89,5,62,0,0,0,0,0,0
17395,0,0,0,0,0,0,51,14,0,0,0,0
17396,0,0,0,0,0,12,0,0,0,0,0,0
17397,0,0,0,0,0,1,0,0,0,13,393,3
17398,4,0,8,0,0,0,0,0,0,0,0,0
17399,3,109,33,0,0,0,0,0,0,0,0,0
17400,0,0,0,0,0,318,0,0,0,0,2,0
17401,0,0,0,0,0,0,71,32,1,0,0,0
17402,0,0,0,0,0,1,0,0,0,26,284,0
17403,0,0,0,0,0,59,0,0,0,22,3804,6
17404,0,1,20,0,0,0,0,0,0,0,0,0
17405,0,0,0,0,0,0,12,1,0,0,0,0
17406,0,3055,0,0,0,0,8,0,0,0,0,0
17407,0,0,0,4,38,1274,0,0,0,0,4,0
17408,0,0,0,0,0,55,0,0,0,0,0,0
17409,0,193,0,0,0,0,0,0,0,0,0,0
17410,0,0,0,0,0,107,0,0,0,22,3935,18
17411,0,0,0,0,2,0,138,232,1,0,0,0
17412,0,0,0,45,4,82,0,0,0,0,1,0
17413,0,0,0,0,0,0,6,24,0,0,0,0
17414,0,0,0,0,0,0,0,0,0,0,24,2
17415,0,0,0,2,1,372,0,0,0,0,0,0
17416,0,0,0,0,0,0,0,0,0,0,0,0
17417,1,27,0,0,0,0,0,0,0,0,0,0
17418,0,0,0,0,0,0,220,34,0,0,0,0
17419,0,0,0,0,0,0,0,0,0,1,10,0
17420,0,17,0,0,0,0,0,0,0,0,0,0
17421,0,0,0,0,0,0,0,0,0,3,193,0
17422,0,0,0,0,0,27,0,0,0,0,0,0
17423,8,58,3,0,0,0,0,0,0,0,0,0
17424,0,0,0,0,0,263,0,0,0,0,0,0
17425,0,0,0,0,0,0,22,20,1,0,0,0
17426,0,0,0,0,0,94,0,0,0,0,0,0
17427,0,0,0,0,73,0,139,14997,12,0,0,0
17428,0,0,0,0,1,16,0,0,0,0,0,0
17429,1,104,0,0,0,0,2,0,0,0,0,0
17430,0,0,0,0,0,1,0,0,0,0,658,0
17431,0,482,3,0,0,0,3,0,0,0,0,0
17432,0,0,0,0,0,3,0,0,0,0,0,0
17433,0,0,0,42,0,99,0,0,0,0,0,0
17434,0,0,0,0,0,0,0,0,0,0,0,0
17435,0,0,0,0,0,0,0,0,0,0,0,0
17436,0,0,0,0,0,16,0,0,0,65,977,0
17437,0,0,0,0,0,0,0,0,0,0,0,0
17438,0,0,0,0,0,0,0,0,0,0,0,0
17439,0,0,0,0,0,15,0,0,0,1,1229,0
17440,0,0,0,0,0,5,0,0,0,2,474,4
17441,0,0,0,0,0,0,0,0,0,0,79,0
17442,0,0,0,95,43,787,0,0,0,0,3,0
17443,0,0,0,0,1,0,20,374,0,0,0,0
17444,0,0,0,0,0,0,0,0,0,41,226,0
17445,0,0,0,3,34,555,0,0,0,0,1,0
17446,0,0,0,0,0,0,0,0,0,1,2,1
17447,0,1,1,0,0,0,0,0,0,0,0,0
17448,0,192,0,0,0,0,0,0,0,0,0,0
17449,0,0,0,2,0,243,0,0,0,0,0,0
17450,0,0,0,0,0,1,0,0,0,0,0,0
17451,1,41,0,0,0,0,0,0,0,0,0,0
17452,0,0,0,0,0,0,0,0,0,0,4,0
17453,0,0,0,0,0,0,0,0,0,7,4,0
17454,0,0,0,103,22,259,0,0,0,0,5,0
17455,0,0,0,0,0,0,1,5,1,0,0,0
17456,0,0,0,0,0,0,0,0,0,0,37,1
17457,5,156,3,0,0,0,2,0,0,0,0,0
17458,0,0,0,0,0,0,0,0,0,12,3,0
17459,0,0,0,0,0,0,0,0,0,0,4,0
17460,20,519,8,0,0,0,5,1,0,0,0,0
17461,0,0,0,0,0,0,0,0,0,1,41,0
17462,0,0,0,0,0,0,18,1,3,0,0,0
17463,0,0,0,0,0,8,0,0,0,32,644,1
17464,0,3,0,0,0,0,0,0,0,0,0,0
17465,0,0,0,0,0,0,0,0,0,0,26,0
17466,3,196,16,0,0,0,0,0,0,0,0,0
17467,0,0,0,1,0,57,0,0,0,0,0,0
17468,0,0,0,0,1,0,0,0,0,0,0,0
17469,0,0,0,0,0,0,117,5,1,0,0,0
17470,0,0,0,0,0,2,0,0,0,11,904,0
17471,0,0,0,2,0,1,0,0,0,0,0,0
17472,11,37,0,0,0,0,0,0,0,0,0,0
17473,0,49,0,0,0,0,1,0,0,0,0,0
17474,0,0,0,0,0,1,0,0,0,27,2501,0
17475,0,0,0,169,73,154,0,0,0,0,0,0
17476,0,2,0,0,0,0,0,0,0,0,0,0
17477,2,173,5,0,0,0,1,0,0,0,0,0
17478,0,1,0,0,0,0,760,80,2,0,0,0
17479,0,2,0,0,0,0,589,47,2,0,0,0
17480,0,0,0,0,0,0,10,4,0,0,0,0
17481,0,0,0,0,0,0,0,0,0,20,169,0
17482,24,42,11,0,0,0,0,0,0,0,0,0
17483,0,0,0,0,0,2,0,0,0,1,803,0
17484,1,106,5,0,0,0,2,0,0,0,0,0
17485,0,0,0,0,0,1,0,0,0,2,550,1
17486,0,0,0,1,0,0,0,0,0,0,0,0
17487,15,345,2,0,0,0,0,0,0,0,0,0
17488,0,1,0,0,0,0,611,1,0,0,0,0
17489,0,4,9,0,0,0,0,0,0,0,0,0
17490,0,65,1,0,0,0,0,0,0,0,0,0
17491,0,0,0,0,0,26,0,0,0,1,4745,2
17492,0,0,0,0,0,0,0,0,0,3,4,0
17493,45,168,4,0,0,0,0,0,0,0,0,0
17494,0,0,0,0,0,0,15,1,5,0,0,0
17495,7,5,8,0,0,0,0,0,0,0,0,0
17496,1,7096,16,0,0,0,61,0,0,0,0,0
17497,0,0,0,1,0,597,0,0,0,0,0,0
17498,5,4,0,0,0,0,0,0,0,0,0,0
17499,0,0,0,0,0,165,0,0,0,0,0,0
17500,0,0,0,1,2,1,0,0,0,0,0,0
17501,0,0,0,0,1,4,0,0,0,0,0,0
17502,0,0,0,0,0,13,0,0,0,2,3115,0
17503,0,1,0,0,0,0,0,0,0,0,0,0
17504,1,0,0,0,0,0,0,0,0,0,0,0
17505,0,0,0,0,0,325,0,0,0,0,0,0
17506,0,0,0,8,24,1,0,0,0,0,0,0
17507,0,0,0,0,0,0,0,0,0,0,3,0
17508,103,126,32,0,0,0,0,0,0,0,0,0
17509,0,0,0,0,0,0,8,12,0,0,0,0
17510,0,0,0,1,1,28,0,0,0,0,0,0
17511,0,0,0,0,0,0,166,70,13,0,0,0
17512,0,0,0,0,1,0,0,0,0,0,0,0
17513,0,0,0,0,0,0,0,0,123,0,0,0
17514,0,0,0,0,1,35,0,0,0,0,0,0
17515,1,8,4,0,0,0,0,0,0,0,0,0
17516,0,0,0,0,0,0,49,11,2,0,0,0
17517,1,49,0,0,0,0,0,0,0,0,0,0
17518,0,0,0,0,0,4,0,0,0,28,1868,2
17519,0,0,0,1,0,1,0,0,0,0,0,0
17520,0,0,0,1,0,48,0,0,0,0,0,0
17521,0,82,0,0,0,0,0,0,0,0,0,0
17522,0,0,0,0,0,4,0,0,0,0,0,0
17523,0,0,0,0,3,0,29,1449,18,0,0,0
17524,0,13,31,0,0,0,0,0,0,0,0,0
17525,1,12,7,0,0,0,0,0,0,0,0,0
17526,4,53,2,0,0,0,0,0,0,0,0,0
17527,0,31,1,0,0,0,0,0,0,0,0,0
17528,0,0,0,0,0,5,0,0,0,73,1120,4
17529,0,0,0,1,1,53,0,0,0,0,0,0
17530,10,17,1,0,0,0,0,0,0,0,0,0
17531,0,0,0,0,0,38,0,0,0,0,0,0
17532,4,18,2,0,0,0,0,0,0,0,0,0
17533,0,0,0,0,0,0,60,99,3,0,0,0
17534,0,0,0,0,0,0,6,3,6,0,0,0
17535,0,0,0,0,0,116,0,0,0,0,0,0
17536,0,0,0,0,0,0,0,0,0,1,20,1
17537,0,0,0,0,0,0,0,0,0,1,8,0
17538,132,124,11,0,0,0,0,0,0,0,0,0
17539,0,0,0,0,0,0,45,15,6,0,0,0
17540,1,0,2,0,0,0,0,0,0,0,0,0
17541,0,0,0,0,0,0,0,0,0,1,196,0
17542,6,25,4,0,0,0,0,0,0,0,0,0
17543,0,0,0,2,2,49,0,0,0,0,0,0
17544,0,0,0,0,0,0,57,49,3,0,0,0
17545,0,0,0,0,2,12,0,0,0,0,0,0
17546,0,0,0,2,0,3,0,0,0,0,0,0
17547,0,0,0,0,0,0,0,0,0,2,138,0
17548,0,0,0,0,0,0,0,0,0,126,16,1
17549,0,0,0,0,2,1,0,0,0,0,0,0
17550,0,0,0,1,0,88,0,0,0,91,15058,6
17551,0,15,0,0,0,0,2200,1,1,0,0,0
17552,0,0,0,0,0,0,33,34,0,0,0,0
17553,7,177,76,0,0,0,12,0,0,0,0,0
17554,12,23,2,0,0,0,0,0,0,0,0,0
17555,0,0,0,0,0,0,0,0,0,15,352,1
17556,0,0,0,17,26,339,0,0,0,0,3,0
17557,0,0,0,17,3,0,0,0,0,0,0,0
17558,0,0,0,0,0,0,0,2,0,0,0,0
17559,0,0,0,0,0,93,0,0,0,0,0,0
17560,0,0,0,0,0,0,0,0,0,64,11,0
17561,0,4,0,0,0,0,825,34,0,0,0,0
17562,0,0,0,0,7,0,149,1947,64,0,0,0
17563,0,0,0,0,0,0,0,0,0,1,4,1
17564,0,0,0,0,0,0,0,4,1,0,0,0
17565,0,0,0,0,18,1298,0,0,0,0,2,0
17566,0,0,0,84,3,1,0,0,0,0,0,0
17567,0,0,0,0,0,0,0,0,0,0,0,0
17568,0,0,0,0,1,99,0,0,0,0,0,0
17569,0,0,0,0,0,0,0,0,0,1,157,0
17570,0,0,0,0,0,0,0,0,0,1,0,0
17571,0,0,0,52,493,71,0,1,0,0,0,0
17572,0,0,0,0,1,0,52,1095,3,0,0,0
17573,0,0,0,0,0,0,0,0,0,3,1403,8
17574,0,0,0,117,12,1512,0,0,0,0,3,0
17575,0,0,0,0,0,0,2,0,4,0,0,0
17576,0,0,1,0,0,0,0,0,0,0,0,0
17577,0,75,2,0,0,0,0,0,0,0,0,0
17578,1,4,0,0,0,0,0,0,0,0,0,0
17579,0,0,0,0,0,0,0,0,0,0,0,0
17580,0,0,0,9,0,34,0,0,0,0,0,0
17581,0,0,0,0,0,0,18,1,0,0,0,0
17582,0,0,0,0,1,0,0,0,0,0,0,0
17583,0,0,0,24,133,48,0,0,0,0,0,0
17584,0,0,0,0,0,0,61,116,5,0,0,0
17585,5,87,16,0,0,0,0,0,0,0,0,0
17586,0,0,0,0,0,6,0,0,0,20,992,31
17587,0,0,1,0,0,0,0,0,0,0,0,0
17588,0,0,0,0,0,0,0,0,0,0,2,0
17589,0,0,0,38,3,70,0,0,0,0,1,0
17590,0,0,0,0,1,0,14,240,1,0,0,0
17591,0,0,0,1,0,0,0,0,0,0,0,0
17592,0,1,0,0,0,0,332,246,3,0,0,0
17593,0,61,0,0,0,0,0,0,0,0,0,0
17594,0,0,0,0,0,0,10,2,1,0,0,0
17595,0,0,0,0,0,20,0,0,0,0,0,0
17596,0,0,0,0,0,0,86,10,0,0,0,0
17597,0,0,0,0,0,1,0,0,0,21,634,2
17598,0,0,0,2,23,42,0,0,0,0,0,0
17599,0,0,0,85,1,13,0,0,0,0,0,0
17600,0,0,0,0,1,4,0,0,0,0,0,0
17601,0,0,0,0,0,0,144,50,0,0,0,0
17602,0,0,0,0,0,0,92,1,0,0,0,0
17603,0,0,0,0,3,52,0,0,0,0,0,0
17604,0,0,0,2,11,40,0,0,0,0,0,0
17605,0,0,0,0,0,0,0,0,0,0,0,0
17606,0,0,0,0,0,0,0,0,0,0,0,0
17607,0,0,0,0,0,85,0,0,0,0,0,0
17608,0,1,0,0,0,0,37,88,1,0,0,0
17609,1,51,9,0,0,0,0,0,0,0,0,0
17610,0,0,0,0,0,182,0,0,0,0,1,0
17611,4,95,2,0,0,0,0,0,0,0,0,0
17612,1,64,13,0,0,0,0,0,0,0,0,0
17613,0,0,0,3,8,154,0,0,0,0,0,0
17614,0,37,1,0,0,0,0,0,0,0,0,0
17615,1,76182,2,0,0,0,388,2,0,0,0,0
17616,0,0,0,0,0,0,106,33,4,0,0,0
17617,0,0,0,0,0,0,0,0,0,3,1,0
17618,0,0,0,0,0,1,0,0,0,0,0,0
17619,0,0,0,5,2,201,0,0,0,0,0,0
17620,0,9,1,0,0,0,0,0,0,0,0,0
17621,2,68,1,0,0,0,0,0,0,0,0,0
17622,2,408,143,0,0,0,0,0,0,0,0,0
17623,0,0,0,0,1,0,133,120,0,0,0,0
17624,0,0,0,0,0,0,0,0,0,1,0,0
17625,0,16,12,0,0,0,0,0,0,0,0,0
17626,0,0,0,0,0,19,0,0,0,108,668,0
17627,1,74,0,0,0,0,0,0,0,0,0,0
17628,0,0,0,4,1,187,0,0,0,0,0,0
17629,1,12,0,0,0,0,0,0,0,0,0,0
17630,0,19,0,0,0,0,0,0,0,0,0,0
17631,4,82,556,0,0,0,0,0,0,0,0,0
17632,0,0,0,0,0,0,135,443,8,0,0,0
17633,0,62,25,0,0,0,0,0,0,0,0,0
17634,0,0,3,0,0,5,0,0,0,715,700,1
17635,0,28,28,0,0,0,0,0,0,0,0,0
17636,13,226,3,0,0,0,0,0,0,0,0,0
17637,0,1742,25,0,0,0,29,0,0,0,0,0
17638,0,0,0,27,3,1,0,0,0,0,0,0
17639,0,0,0,0,0,0,0,0,0,0,860,0
17640,1,109,29,0,0,0,0,0,0,0,0,0
17641,0,2,0,0,2,0,387,127,1,0,0,0
17642,0,0,0,0,0,1,0,0,0,36,343,1
17643,0,0,0,5,25,110,0,0,0,0,0,0
17644,0,0,0,0,0,0,0,0,0,10,2,17
17645,56,42,0,0,0,0,0,0,0,0,0,0
17646,3,267,7,0,0,0,0,0,0,0,0,0
17647,0,0,0,2,1,0,0,0,0,0,0,0
17648,0,0,0,0,0,0,0,0,0,0,0,0
17649,0,0,0,0,0,0,0,0,0,0,757,0
17650,0,0,0,1,0,9,0,0,0,0,0,0
17651,0,0,0,11,0,0,0,0,0,0,0,0
17652,0,0,0,1,0,216,0,0,0,0,0,0
17653,1,1,0,0,0,0,0,0,0,0,0,0
17654,0,32,1,0,0,0,0,0,0,0,0,0
17655,0,32,0,0,0,0,0,0,0,0,0,0
17656,2,41,2,0,0,0,1,0,0,0,0,0
17657,0,0,0,0,0,7,0,0,0,0,0,0
17658,0,1,0,0,8,0,161,3844,4,0,0,0
17659,0,0,0,0,51,89,0,0,0,0,0,0
17660,0,0,0,2,30,10,0,0,0,0,0,0
17661,0,0,0,2,3,30,0,0,0,0,0,0
17662,0,0,0,0,1,7,0,0,0,0,0,0
17663,0,117,0,0,0,0,0,0,0,0,0,0
17664,0,0,0,1,0,118,0,0,0,0,0,0
17665,0,1,0,0,0,0,0,0,0,0,0,0
17666,0,245,1,0,0,0,18,0,0,0,0,0
17667,0,1,0,0,0,0,725,23,0,0,0,0
17668,0,0,0,0,0,0,0,4,0,0,0,0
17669,0,0,0,0,0,0,0,2,2,0,0,0
17670,0,0,0,0,0,29,0,0,0,0,1,0
17671,0,0,0,0,0,0,296,29,1,0,0,0
17672,0,0,0,0,1,53,0,0,0,0,0,0
17673,0,0,0,12,15,121,0,0,0,0,1,0
17674,3,844,1,0,0,0,0,0,0,0,0,0
17675,0,0,0,2,0,9,0,0,0,0,0,0
17676,0,0,0,0,0,199,0,0,0,21,6589,12
17677,1,16,0,0,0,0,0,0,0,0,0,0
17678,0,0,0,0,0,9,0,0,0,2,3174,0
17679,0,1,0,0,4,0,247,2026,2,0,0,0
17680,0,0,0,0,0,0,0,0,0,12,3,0
17681,1,14,12,0,0,0,0,0,0,0,0,0
17682,0,0,0,12,0,181,0,0,0,0,2,0
17683,0,0,0,0,0,0,0,20,0,0,0,0
17684,0,0,1,0,0,0,0,0,0,0,0,0
17685,0,0,0,1,1,162,0,0,0,0,1,0
17686,0,0,0,0,0,0,157,489,1,0,0,0
17687,0,0,0,1,0,45,0,0,0,0,0,0
17688,0,0,0,3,9,372,0,0,0,0,3,0
17689,0,0,0,1,49,7,0,0,0,0,0,0
17690,0,0,0,0,0,2,0,0,0,1,618,0
17691,2,612,6,0,0,0,4,0,0,0,0,0
17692,0,0,0,1,0,1,0,0,0,0,0,0
17693,0,0,0,0,0,0,0,0,0,0,1,1
17694,0,0,0,10,637,879,0,1,0,0,9,0
17695,0,0,0,0,0,0,2,37,0,0,0,0
17696,0,0,0,0,0,0,0,0,0,0,0,0
17697,109,69,16,0,0,0,0,0,1,0,0,0
17698,4,4,9,0,0,0,0,0,0,0,0,0
17699,0,0,0,2,11,2,0,0,0,0,0,0
17700,0,0,0,3,0,305,0,0,0,0,8,0
17701,1,2,0,0,0,0,0,0,0,0,0,0
17702,0,3,0,0,0,0,0,0,0,0,0,0
17703,0,0,0,0,0,2,0,0,0,0,571,0
17704,1,1,4,0,0,0,0,0,0,0,0,0
17705,0,0,0,0,0,0,5,2,0,0,0,0
17706,0,0,0,0,0,0,303,18,1,0,0,0
17707,0,0,0,0,0,13,0,0,0,23,1443,2
17708,0,0,0,0,0,0,0,0,0,11,8,0
17709,20,576,46,0,0,0,1,0,0,0,0,0
17710,0,0,0,0,0,0,0,0,0,0,0,0
17711,0,1,0,0,0,0,0,0,0,0,0,0
17712,34,30,10,0,0,0,0,0,0,0,0,0
17713,6,201,57,0,0,0,1,0,0,0,0,0
17714,0,0,0,0,0,2,0,0,0,0,0,0
17715,50,16,5,0,0,0,0,0,0,0,0,0
17716,0,0,0,0,0,0,1,2,0,0,0,0
17717,0,0,0,0,0,0,0,1,0,0,0,0
17718,0,0,0,0,0,3,0,0,0,32,382,1
17719,0,0,0,0,0,0,14,5,0,0,0,0
17720,0,0,0,0,0,11,0,0,0,0,0,0
17721,0,0,0,0,11,1,259,4408,37,0,0,0
17722,0,0,0,0,0,0,69,276,1,0,0,0
17723,0,0,0,0,0,4,0,0,0,0,0,0
17724,15,111,1,0,0,0,0,0,0,0,0,0
17725,0,1,19,0,0,0,0,0,0,0,0,0
17726,0,0,0,0,0,0,0,0,0,0,0,0
17727,0,65,0,0,0,0,0,0,0,0,0,0
17728,0,0,0,0,0,0,2,1,1,0,0,0
17729,2,4,15,0,0,0,0,0,0,0,0,0
17730,0,112,0,0,0,0,0,0,0,0,0,0
17731,0,0,0,7,4,36,0,0,0,0,0,0
17732,0,0,0,1,2,0,0,0,0,0,0,0
17733,0,0,0,0,0,2,0,0,0,2,2518,0
17734,0,0,1,0,0,1,0,0,0,208,376,21
17735,0,0,0,3,1,27,0,0,0,0,0,0
17736,0,0,0,33,6,189,0,0,0,0,0,0
17737,0,101,0,0,0,0,0,0,0,0,0,0
17738,0,0,0,0,0,8,0,0,0,29,717,1
17739,4,83,11,0,0,0,1,0,0,0,0,0
17740,0,0,0,0,0,1,0,0,0,2,109,3
17741,0,0,0,0,0,0,258,11,0,0,0,0
17742,0,0,0,2,1,135,0,0,0,0,0,0
17743,199,86,3,12,0,0,3,0,0,0,0,0
17744,1,86,4,0,0,0,0,0,0,0,0,0
17745,0,0,5,0,0,52,0,0,0,151,2398,43
17746,0,0,0,0,0,39,0,0,0,173,3704,3
17747,0,0,1,0,0,32,0,0,0,260,3996,4
17748,4,0,0,546,32,278,0,0,0,0,2,0
17749,0,0,0,0,1,0,62,460,15,0,0,0
17750,0,0,0,0,0,14,0,0,0,13,1520,1
17751,0,0,0,182,446,91,0,6,0,0,0,0
17752,0,0,0,0,0,0,0,0,0,0,0,0
17753,0,0,0,0,0,0,2,7,0,0,0,0
17754,0,0,0,0,0,0,0,7,0,0,0,0
17755,0,25,51,0,0,0,0,0,0,1,0,0
17756,0,0,0,0,0,0,358,5,1,0,0,0
17757,3,60,13,0,0,0,0,0,0,0,0,0
17758,0,17,10,0,0,0,0,0,0,0,0,0
17759,1,146,6,0,0,0,1,0,0,0,0,0
17760,3,62,28,0,0,0,0,0,0,0,0,0
17761,0,0,0,0,2,0,30,141,11,0,0,0
17762,0,1,0,0,0,14,0,0,0,9,5036,11
17763,0,0,0,14,157,4040,0,0,0,0,4,0
17764,0,0,0,0,0,0,6,8,0,0,0,0
17765,0,0,0,0,0,4,0,0,0,0,0,0
17766,0,0,0,0,0,59,0,0,0,49,4523,8
17767,0,0,0,2,7,9,0,0,0,0,0,0
17768,0,0,0,0,1,2,0,0,0,0,0,0
17769,0,0,0,0,0,95,0,0,0,0,0,0
17770,0,36,0,0,0,0,0,0,0,0,0,0
17771,0,0,0,0,0,7,0,0,0,0,0,0
17772,0,0,0,6,1,136,0,0,0,0,0,0
17773,0,0,0,7,0,2,0,0,0,0,0,0
17774,0,0,0,0,0,0,0,0,0,0,5,0
17775,6,102,6,0,0,0,0,0,0,0,0,0
17776,0,0,0,0,0,0,0,0,0,0,2,0
17777,0,0,0,0,0,0,0,0,0,1,4,0
17778,0,0,0,15,9,28,0,0,0,0,0,0
17779,0,0,0,0,0,0,0,0,0,0,0,0
17780,0,1,0,0,0,0,0,0,0,0,0,0
17781,0,0,0,0,0,522,0,0,0,0,2,0
17782,0,0,0,0,0,0,0,0,0,0,0,0
17783,6,0,0,0,0,0,0,0,0,0,0,0
17784,0,0,0,0,2,319,0,0,0,0,0,0
17785,0,0,0,0,0,1,0,0,0,0,0,0
17786,0,0,0,0,0,0,0,0,0,0,3,0
17787,14,105,4,0,0,0,0,0,0,0,0,0
17788,0,0,0,0,0,0,0,0,0,0,1,1
17789,0,0,0,0,0,0,0,0,0,0,0,0
17790,0,0,0,0,35,0,112,2791,81,0,0,1
17791,0,1,1,0,0,0,0,0,0,0,0,0
17792,0,10,1,0,0,0,0,0,0,0,0,0
17793,0,0,0,0,1,248,0,0,0,0,2,0
17794,0,0,0,0,0,0,110,210,0,0,0,0
17795,0,0,0,0,0,5,0,0,1,1,944,1046
17796,0,0,0,5,28,137,0,0,0,0,1,0
17797,0,0,0,0,0,0,73,6,0,0,0,0
17798,0,0,0,0,1,33,0,0,0,0,0,0
17799,28,1719,1,1,0,0,149,0,0,0,0,0
17800,0,0,0,0,0,0,11,14,3,0,0,0
17801,0,0,0,0,0,0,0,0,0,0,26,0
17802,0,0,1,0,0,1,0,0,0,190,460,0
17803,0,0,0,4,752,1,0,7,0,0,0,0
17804,0,0,0,0,0,0,0,0,0,0,53,0
17805,70,328,89,0,0,0,0,0,0,1,0,0
17806,0,2,0,0,0,0,0,0,0,0,0,0
17807,0,18,0,0,0,0,0,0,0,0,0,0
17808,0,0,0,0,1,0,213,510,36,0,0,1
17809,2,38,29,0,0,0,0,0,0,0,0,0
17810,0,0,0,1,0,0,0,0,0,0,0,0
17811,0,0,0,4,1,68,0,0,0,0,1,0
17812,0,0,0,0,7,25,0,0,0,0,0,0
17813,0,0,0,1,2,3,0,0,0,0,0,0
17814,0,1,0,0,1,0,154,172,0,0,0,0
17815,0,1,0,0,0,0,374,1,1,0,0,0
17816,0,0,0,0,0,0,3,79,2,0,0,0
17817,1,49,642,0,0,0,0,0,0,2,0,0
17818,0,0,0,0,0,0,0,0,0,48,845,1
17819,0,0,0,0,0,2,0,0,0,0,0,0
17820,1,280,0,0,0,0,1,0,0,0,0,0
17821,0,0,0,0,0,0,0,0,0,11,136,3
17822,0,0,0,0,0,13,0,0,0,12,3221,2
17823,16,193,2,0,0,0,0,0,0,0,0,0
17824,0,5,0,0,0,0,0,0,0,0,0,0
17825,0,0,0,0,0,1,0,0,0,7,766,0
17826,0,0,0,7,64,284,0,0,0,0,1,0
17827,0,0,0,0,0,0,0,0,0,118,3,0
17828,4,15,1,0,0,0,0,0,0,0,0,0
17829,6,82,0,0,0,0,2,0,0,0,0,0
17830,0,1,0,0,0,0,0,0,0,0,0,0
17831,0,0,0,0,0,0,0,0,0,0,2,1
17832,0,0,0,9,6,56,0,0,0,0,0,0
17833,0,0,0,0,0,0,0,0,0,0,0,0
17834,0,0,0,0,1,3,0,0,0,0,0,0
17835,0,0,0,24,8,136,0,0,0,0,2,0
17836,0,0,0,0,0,0,1,3,1,0,0,0
17837,1,0,0,0,0,0,0,0,0,0,0,0
17838,0,0,0,0,0,251,0,0,0,0,0,0
17839,0,0,0,0,2,1,0,0,0,0,0,0
17840,0,0,0,0,0,0,0,0,0,0,7,0
17841,24,265,52,0,0,0,0,0,0,0,0,0
17842,0,0,0,0,2,1,0,0,0,0,0,0
17843,0,0,0,0,0,0,0,0,0,0,6,0
17844,43,217,33,0,0,0,1,0,0,0,0,0
17845,0,0,0,0,0,1,0,0,0,0,3,0
17846,0,0,1,0,0,0,0,0,0,0,0,0
17847,0,1,0,0,0,0,360,1,0,0,0,0
17848,0,0,0,0,0,0,1,5,0,0,0,0
17849,0,0,0,0,0,0,0,3,0,0,0,0
17850,0,0,0,0,0,11,0,0,0,70,3288,27
17851,0,0,0,2,2,1,0,0,0,0,0,0
17852,0,0,0,0,0,0,0,0,0,0,11,0
17853,873,205,76,13,0,0,1,0,0,0,0,0
17854,0,0,0,0,0,0,2,2,0,0,0,0
17855,0,1,0,0,0,0,0,0,0,0,0,0
17856,0,123,0,0,0,0,0,0,0,0,0,0
17857,0,0,0,5,0,4,0,0,0,0,0,0
17858,0,1652,0,0,0,0,6,0,0,0,0,0
17859,0,0,0,0,0,201,0,0,0,0,0,0
17860,0,0,0,0,0,0,113,38,1,0,0,0
17861,0,329,47,0,0,0,0,0,0,0,0,0
17862,0,0,0,0,0,1,0,0,0,26,353,4
17863,0,0,0,3,0,238,0,0,0,0,0,0
17864,1,24,1,0,0,0,0,0,0,0,0,0
17865,0,0,0,1,0,1451,0,0,0,0,4,0
17866,0,0,0,0,0,0,85,0,2,0,0,0
17867,0,0,0,1,1,9,0,0,0,0,0,0
17868,0,0,0,0,0,0,0,0,0,2,50,3
17869,1,227,0,0,0,0,1,0,0,0,0,0
17870,0,0,0,0,0,12,0,0,0,0,0,0
17871,3,32,2,0,0,0,0,0,0,0,0,0
17872,0,0,0,1,6,52,0,0,0,0,1,0
17873,0,0,0,53,0,1,0,0,0,0,0,0
17874,0,0,0,0,0,0,0,0,0,2,207,1
17875,0,72,0,0,0,0,0,0,0,0,0,0
17876,0,0,0,0,0,0,0,0,0,2,62,0
17877,0,0,0,4,9,213,0,0,0,0,26,0
17878,0,0,0,0,0,0,0,0,0,1,3,0
17879,2,0,1,0,0,0,0,0,0,0,0,0
17880,2,88,5,0,0,0,0,0,0,0,0,0
17881,1,22,0,0,0,0,0,0,0,0,0,0
17882,0,0,0,0,0,0,0,0,0,0,5,0
17883,0,0,0,0,0,0,0,0,0,26,734,1
17884,2,26,0,0,0,0,0,0,0,0,0,0
17885,0,0,0,0,0,0,0,0,0,0,4,0
17886,0,0,0,56,17,91,0,0,0,0,0,0
17887,0,0,0,0,0,0,9,1,1,0,0,0
17888,0,12,4,0,0,0,0,0,0,0,0,0
17889,5,40,9,0,0,0,1,0,0,0,0,0
17890,0,5,0,0,0,0,0,0,0,0,0,0
17891,0,0,0,0,0,0,0,0,0,1,3,1
17892,20,163,75,0,0,0,0,0,0,0,0,0
17893,0,0,0,0,0,0,72,531,2,0,0,0
17894,0,0,0,0,0,0,0,0,0,0,196,1
17895,0,0,0,42,41,349,0,0,0,0,1,0
17896,0,0,0,0,0,0,0,0,0,0,4,0
17897,0,0,0,0,0,0,0,0,0,0,0,0
17898,0,0,0,0,0,0,0,0,0,0,253,1
17899,0,0,0,0,1,1,0,0,0,0,0,0
17900,0,0,0,0,0,0,0,0,0,0,6,0
17901,0,0,0,12,33,354,0,0,0,0,1,0
17902,0,0,0,0,2,2,0,0,0,0,0,0
17903,0,0,0,0,0,0,1,1,0,0,0,0
17904,0,0,0,0,0,17,0,0,0,0,0,0
17905,0,2,0,0,0,0,0,0,0,0,0,0
17906,1,50,1,0,0,0,1,0,0,0,0,0
17907,0,0,0,0,0,209,0,0,0,0,0,0
17908,0,1,0,0,2,0,141,76,2,0,0,0
17909,0,0,0,0,6,4,0,0,0,0,0,0
17910,2,101,3,0,0,0,0,0,0,0,0,0
17911,0,0,1,0,0,0,0,0,0,0,0,0
17912,1,1,0,0,0,0,0,0,0,0,0,0
17913,0,0,0,0,0,0,0,0,0,1,818,0
17914,0,1,24,0,0,0,0,0,0,1,0,0
17915,0,0,0,0,0,0,0,4,0,0,0,0
17916,0,550,0,0,0,0,1,0,0,0,0,0
17917,0,0,0,0,0,1,0,0,0,0,0,0
17918,0,0,0,0,0,0,0,0,0,0,0,0
17919,0,0,0,0,0,73,0,0,0,0,0,0
17920,0,1,0,0,0,0,0,0,0,0,0,0
17921,0,0,0,0,0,0,0,0,0,0,0,0
17922,0,0,0,0,0,110,0,0,0,0,0,0
17923,0,0,0,0,0,0,0,28,0,0,0,0
17924,0,0,0,0,1,0,0,0,0,0,0,0
17925,4,0,0,331,0,33,0,0,0,0,0,0
17926,0,0,0,0,1,0,0,5,1,0,0,0
17927,0,0,0,0,0,0,0,0,0,0,5,0
17928,0,0,0,15,1,247,0,0,0,0,0,0
17929,0,117,0,0,0,0,0,0,0,0,0,0
17930,0,0,0,0,1,7,0,0,0,0,0,0
17931,0,0,0,7,0,100,0,0,0,0,0,0
17932,0,0,0,0,0,0,0,0,0,0,0,0
17933,0,0,0,0,0,0,0,0,0,0,0,1
17934,0,0,18,0,0,0,0,0,0,374,1219,0
17935,0,1,11,0,0,0,0,0,0,0,0,0
17936,0,0,0,0,0,0,0,3,0,0,0,0
17937,1,145,0,0,0,0,1,0,0,0,0,0
17938,0,1,0,0,0,0,109,26,0,0,0,0
17939,0,0,0,0,0,1,0,0,0,1,372,0
17940,54,375,2,14,0,0,0,0,0,0,0,0
17941,1,13,6,0,0,0,0,0,0,0,0,0
17942,1,21,2,0,0,0,0,0,0,0,0,0
17943,0,91,0,0,0,0,0,0,0,0,0,0
17944,0,0,0,0,2,0,116,1160,6,0,0,0
17945,0,0,0,1,0,13,0,0,0,0,0,0
17946,13,125,0,0,0,0,0,0,0,0,0,0
17947,0,0,0,0,0,0,1,0,1,0,0,0
17948,0,0,0,0,0,0,0,1,1,0,0,0
17949,0,0,0,0,0,0,0,0,0,3,322,0
17950,16,5,16,1,0,0,0,0,0,0,0,0
17951,0,0,0,0,0,15,0,0,0,0,0,0
17952,3,1,0,0,0,0,0,0,0,0,0,0
17953,0,0,0,0,0,0,0,0,0,3,20,0
17954,0,0,0,0,0,2,0,0,0,0,0,0
17955,0,0,0,1,6,38,0,0,0,0,0,0
17956,0,0,0,4,3,12,0,0,0,0,0,0
17957,0,0,0,0,0,0,1,13,0,0,0,0
17958,0,0,0,0,0,0,0,0,0,0,189,0
17959,8,186,2,0,0,0,1,0,0,0,0,0
17960,0,0,0,0,0,15,0,0,0,0,0,0
17961,0,177,0,0,0,0,0,0,0,0,0,0
17962,0,83,10,0,0,0,0,0,0,0,0,0
17963,0,0,0,0,0,272,0,0,0,0,0,0
17964,0,0,0,0,11,0,140,4154,19,0,0,0
17965,0,0,0,0,5,1,0,0,0,0,0,0
17966,0,0,0,0,0,0,0,0,0,1,18,0
17967,0,0,0,6,4,108,0,0,0,0,3,0
17968,0,0,0,0,0,0,4,9,0,0,0,0
17969,6,145,42,0,0,0,3,0,0,0,0,0
17970,0,0,0,11,1,242,0,0,0,0,15,0
17971,0,50,2,0,0,0,0,0,0,0,0,0
17972,0,0,0,0,0,0,117,62,10,0,0,0
17973,7,143,18,0,0,0,0,0,0,0,0,0
17974,0,0,0,0,1,0,24,71,0,0,0,0
17975,0,7,0,0,0,0,0,0,0,0,0,0
17976,0,0,1,0,0,3,0,0,0,107,736,0
17977,0,0,0,0,0,81,0,0,0,59,4813,20
17978,0,0,0,0,0,11,0,0,0,0,0,0
17979,0,0,0,1,22,149,0,1,0,0,5,0
17980,0,0,0,4,0,172,0,0,0,0,1,0
17981,1,2,4,0,0,0,0,0,0,0,0,0
17982,0,0,0,0,0,93,0,0,0,0,0,0
17983,0,2,0,0,0,0,28,16,1,0,0,0
17984,0,589,12,0,0,0,157,0,0,0,0,0
17985,0,0,0,0,0,2,0,0,0,25,772,0
17986,0,97,3,0,0,0,0,0,0,0,0,0
17987,3,26,3,0,0,0,0,0,0,0,0,0
17988,0,1,0,0,16,0,76,255,0,0,0,0
17989,0,0,0,0,1,7,0,0,0,0,0,0
17990,0,0,0,0,0,0,0,0,0,0,0,0
17991,0,4,0,0,0,0,261,3,2,0,0,0
17992,0,0,0,0,0,0,0,0,0,6,5,0
17993,93,275,0,0,0,0,2,0,0,0,0,0
17994,0,82,46,0,0,0,0,0,0,0,0,0
17995,0,0,0,0,2,111,0,0,0,0,0,0
17996,0,0,0,0,1,0,0,0,0,0,0,0
17997,0,0,0,0,0,212,0,0,0,0,0,0
17998,1,132,0,0,0,0,0,0,0,0,0,0
17999,0,0,0,0,0,34,0,0,0,14,3563,2
18000,4,52,4,0,0,0,0,0,0,0,0,0
18001,10,18,24,0,0,0,0,0,0,0,0,0
18002,0,0,0,0,0,0,61,76,180,0,0,0
18003,0,0,0,0,39,39,0,0,0,0,0,0
18004,0,0,0,0,0,0,0,0,0,7,78,0
18005,0,0,0,0,6,2,0,0,0,0,0,0
18006,0,0,0,8,4,100,0,0,0,0,0,0
18007,0,0,0,0,0,0,98,0,0,0,0,0
18008,2,224,26,0,0,0,1,0,0,0,0,0
18009,11,46,6,0,0,0,0,0,0,0,0,0
18010,1,234,3,0,0,0,0,0,0,0,0,0
18011,0,0,0,0,0,3,0,0,0,0,0,0
18012,0,0,0,83,1,279,0,0,0,0,0,0
18013,0,0,0,0,0,0,0,0,0,0,5,0
18014,0,0,0,0,0,0,0,0,0,2,6,0
18015,5,213,14,0,0,0,5,0,0,0,0,0
18016,0,0,0,0,0,0,0,0,0,2,16,0
18017,0,0,0,0,0,0,7,14,2,0,0,0
18018,0,0,0,1,5,3321,0,0,0,0,8,0
18019,6,27,36,0,0,0,0,0,0,0,0,0
18020,0,3,0,0,0,0,643,8,2,0,0,0
18021,0,0,0,0,0,0,425,272,1,0,0,0
18022,4,5,44,0,0,0,0,0,0,0,0,0
18023,1,90,10,0,0,0,0,0,0,0,0,0
18024,0,0,0,13,54,123,0,0,0,0,0,0
18025,0,1,0,0,0,0,102,32,0,0,0,0
18026,0,0,0,0,2,42,0,0,0,0,0,0
18027,0,0,0,0,1,0,42,536,3,0,0,0
18028,0,2,0,0,37,2,235,5335,0,0,0,0
18029,0,0,0,0,0,9,0,0,0,2,3742,0
18030,38,35,7,0,0,0,0,0,0,0,0,0
18031,0,19,1,0,0,0,0,0,0,0,0,0
18032,0,0,0,0,0,39,0,0,0,155,4389,3
18033,0,0,0,5,110,207,0,0,0,0,2,0
18034,0,0,0,0,1,25,0,0,0,0,0,0
18035,0,0,0,0,0,1,0,0,0,0,0,0
18036,0,31,0,0,0,0,0,0,0,0,0,0
18037,0,0,0,0,0,0,0,0,0,0,2,1
18038,3,1,0,0,0,0,0,0,0,0,0,0
18039,14,127,15,0,0,0,1,0,0,0,0,0
18040,0,0,0,0,6,0,33,1532,0,0,0,0
18041,0,0,0,0,0,0,0,0,0,0,25,37
18042,1,0,0,138,44,256,0,0,0,0,1,0
18043,0,0,0,0,0,0,4,3,29,0,0,0
18044,37,19,10,0,0,0,0,0,0,0,0,0
18045,4,19,11,0,0,0,0,0,0,0,0,0
18046,0,1,17,0,0,0,0,0,0,1,0,0
18047,0,63,9,0,0,0,0,0,0,0,0,0
18048,0,0,0,0,0,791,0,0,0,0,3,0
18049,0,3,0,0,0,0,103,33,30,0,0,0
18050,0,0,0,0,0,27,0,0,0,0,0,0
18051,15,123,8,0,0,0,0,0,0,0,0,0
18052,0,35,0,0,0,0,0,0,0,0,0,0
18053,0,0,0,0,0,2,0,0,0,1,367,0
18054,6,82,4,0,0,0,3,0,0,0,0,0
18055,0,0,0,0,0,0,146,0,3,0,0,0
18056,0,0,0,0,0,0,6,13,0,0,0,0
18057,1,51,240,0,0,0,0,0,0,8,0,0
18058,0,0,0,0,0,0,0,0,0,20,21,1
18059,0,0,0,0,0,0,0,0,0,0,0,0
18060,0,0,1,0,0,22,0,0,0,128,5866,10
18061,0,0,0,0,0,3,0,0,0,0,0,0
18062,0,0,0,1,0,2,0,0,0,0,0,0
18063,0,0,0,3,0,25,0,0,0,0,0,0
18064,1,0,0,0,0,0,0,0,0,0,0,0
18065,0,7,0,0,0,0,0,0,0,0,0,0
18066,0,96,0,0,0,0,0,0,0,0,0,0
18067,0,0,0,0,0,0,2,27,3,0,0,0
18068,1,0,0,0,0,0,0,0,0,0,0,0
18069,0,0,0,0,1,138,0,0,0,0,0,0
18070,0,0,0,3,0,13,0,0,0,0,0,0
18071,0,0,0,0,0,0,0,1,1,0,0,0
18072,0,0,0,0,3,97,0,0,0,0,1,0
18073,0,5,1,0,0,0,0,0,0,0,0,0
18074,0,0,0,0,0,0,3,0,2,0,0,0
18075,0,0,0,0,3,20,0,0,0,0,0,0
18076,1,0,1,0,0,0,0,0,0,0,0,0
18077,2,246,10,0,0,0,1,0,0,0,0,0
18078,0,0,0,0,0,0,89,224,6,0,0,0
18079,0,3,0,0,61,0,224,6748,1,0,0,0
18080,0,0,0,0,0,40,0,0,0,0,0,0
18081,26,182,1,0,0,0,0,0,0,0,0,0
18082,0,67,38,0,0,0,0,0,0,0,0,0
18083,0,0,0,8,9,1289,0,0,0,0,6,0
18084,0,0,0,0,0,0,0,0,0,7,510,1
18085,1,47,1,0,0,0,0,0,0,0,0,0
18086,0,0,0,0,0,27,0,0,0,79,14377,6
18087,0,0,0,42,400,222,0,0,0,0,2,0
18088,0,0,0,0,0,0,62,128,7,0,0,0
18089,0,0,0,0,0,0,6,7,4,0,0,0
18090,0,1,0,0,1,0,423,387,0,0,0,0
18091,0,0,0,0,1,76,0,0,0,0,0,0
18092,0,0,0,0,0,0,0,0,0,0,0,0
18093,5,385,10,0,0,0,1,0,0,0,0,0
18094,0,0,0,0,0,0,0,0,0,0,2,0
18095,0,1,2,0,0,0,0,0,0,0,0,0
18096,0,0,0,0,0,292,0,0,0,0,1,0
18097,0,0,0,0,0,0,0,0,0,1,3,0
18098,0,0,0,0,0,0,0,0,0,1,4,0
18099,0,0,0,16,24,282,0,0,0,0,0,0
18100,2,40,1,0,0,0,0,0,0,0,0,0
18101,0,0,0,0,0,0,0,0,0,0,7,0
18102,5,219,12,0,0,0,0,0,0,0,0,0
18103,0,0,0,0,0,0,0,0,0,0,3,0
18104,55,2,0,1,0,0,0,0,0,0,0,0
18105,0,1,0,0,0,0,352,1341,115,0,0,0
18106,0,0,0,0,1,0,2,779,4,0,0,0
18107,0,0,0,0,0,0,0,0,0,1,6,0
18108,741,112,14,100,0,0,2,0,0,0,0,0
18109,0,0,0,0,0,3,0,0,0,35,97,1
18110,0,0,0,0,0,0,0,0,0,4,91,0
18111,1,0,0,103,1,168,0,0,0,0,0,0
18112,0,1,0,0,0,0,0,0,0,0,0,0
18113,0,0,0,0,0,0,0,0,0,0,9,0
18114,15,88,2,0,0,0,2,0,0,0,0,0
18115,0,0,0,0,0,62,0,0,0,81,11985,2
18116,0,38,0,0,0,0,0,0,0,0,0,0
18117,0,0,0,0,0,1,0,0,0,44,466,1
18118,0,0,1,0,0,0,0,0,0,132,116,0
18119,1,0,0,100,27,5,0,0,0,0,0,0
18120,0,0,0,0,0,33,0,0,0,2,371,0
18121,26,227,40,0,0,0,0,0,0,0,0,0
18122,0,0,0,0,0,0,17,367,0,0,0,0
18123,0,0,0,3,1,98,0,0,0,0,0,0
18124,0,0,0,0,0,0,1,5,0,0,0,0
18125,0,0,0,0,0,11,0,0,0,0,0,0
18126,0,0,0,87,4,2269,0,0,0,0,2,0
18127,0,0,0,0,0,0,14,14,0,0,0,0
18128,0,34,6,0,0,0,1,0,0,0,0,0
18129,0,0,0,0,0,34,0,0,0,13,3942,1
18130,5,94,0,0,0,0,0,0,0,0,0,0
18131,0,0,0,0,0,42,0,0,0,34,8069,2
18132,0,0,0,14,1,533,0,0,0,0,5,0
18133,1,9,0,0,0,0,0,0,0,0,0,0
18134,1,54,6,0,0,0,0,0,0,0,0,0
18135,1,162,4,0,0,0,1,0,0,0,0,0
18136,0,0,0,0,1,17,0,0,0,0,0,0
18137,0,0,0,13,62,1,0,1,0,0,0,0
18138,0,0,0,0,0,4,0,0,0,10,997,0
18139,1,7,1,0,0,0,0,0,0,0,0,0
18140,4,21,0,0,0,0,0,0,0,0,0,0
18141,2,84,0,0,0,0,0,0,0,0,0,0
18142,2,13,1,0,0,0,0,0,0,0,0,0
18143,0,0,0,0,0,0,0,0,0,29,56,2
18144,0,0,0,32,13,218,0,0,0,0,1,0
18145,0,0,0,0,0,0,12,1,0,0,0,0
18146,17,49,117,0,0,0,0,0,0,0,0,0
18147,18,53,17,0,0,0,0,0,0,0,0,0
18148,0,0,0,0,1,0,169,329,3,0,0,0
18149,0,0,0,0,0,0,10,219,0,0,0,0
18150,0,0,0,2,1,187,0,0,0,0,0,0
18151,0,0,0,1,0,107,0,0,0,0,0,0
18152,0,0,0,0,0,1,0,0,0,0,0,0
18153,6,332,5,0,0,0,1,0,0,0,0,0
18154,0,0,0,2,0,0,0,0,0,0,0,0
18155,0,0,0,0,0,0,14,155,0,0,0,0
18156,0,0,0,2,1,70,0,0,0,0,0,0
18157,0,0,0,0,0,0,11,75,0,0,0,0
18158,0,0,0,0,2,20,0,0,0,0,0,0
18159,0,0,0,57,28,88,0,1,0,0,1,0
18160,0,0,0,0,0,0,42,19,1,0,0,0
18161,1,10,13,0,0,0,0,0,0,0,0,0
18162,0,0,0,0,0,0,0,0,0,2,610,0
18163,9,50085,23,0,0,0,64,0,0,0,0,0
18164,0,0,0,1,0,202,0,0,0,0,0,0
18165,1,6,4,0,0,0,0,0,0,0,0,0
18166,0,0,0,0,0,2,0,0,0,2,988,9
18167,0,0,1,0,0,36,0,0,0,217,3424,7
18168,1,0,0,31,12,179,0,0,0,0,0,0
18169,0,3,0,0,1,0,1387,493,6,0,0,0
18170,0,0,0,0,0,0,34,119,3,0,0,0
18171,0,0,0,0,0,23,0,0,0,10,3812,2
18172,29,110,3,0,0,0,0,0,0,0,0,0
18173,0,0,0,3,2,110,0,0,0,0,0,0
18174,2,43,0,0,0,0,0,0,0,0,0,0
18175,0,0,0,0,0,4,0,0,0,9,1318,0
18176,0,0,0,0,1,74,0,0,0,46,20198,0
18177,0,0,0,3,0,176,0,0,0,0,0,0
18178,1,7,1,0,0,0,0,0,0,0,0,0
18179,1,62,1,0,0,0,0,0,0,0,0,0
18180,0,1,0,0,1,0,451,134,0,0,0,0
18181,0,0,0,0,0,0,222,34,0,0,0,0
18182,3,40,2,0,0,0,0,0,0,0,0,0
18183,0,0,0,0,0,1,0,0,0,8,564,3
18184,13,143,14,0,0,0,0,0,0,0,0,0
18185,0,0,0,0,1,165,0,0,0,0,0,0
18186,0,0,0,0,9,0,98,1688,16,0,0,0
18187,9,27,0,0,0,0,0,0,0,0,0,0
18188,0,0,0,0,0,0,0,0,0,156,91,0
18189,0,0,0,0,0,5,0,0,0,67,1101,1
18190,0,0,0,0,0,0,0,0,0,0,0,0
18191,9,3,0,0,0,0,0,0,0,0,0,0
18192,0,0,0,1,0,70,0,0,0,0,0,0
18193,1,2,1,0,0,0,0,0,0,0,0,0
18194,0,0,0,0,0,0,72,6,7,0,0,0
18195,0,84,7,0,0,0,0,0,0,0,0,0
18196,1,0,14,0,0,0,0,0,0,0,0,0
18197,0,0,0,0,0,0,747,4,0,0,0,0
18198,0,17,0,0,0,0,0,0,0,0,0,0
18199,0,0,4,0,0,0,0,0,0,77,5,2
18200,0,0,0,0,0,0,0,0,0,0,0,0
18201,0,0,0,0,0,0,0,0,0,5,74,0
18202,11,139,0,0,0,0,0,0,0,0,0,0
18203,0,0,0,0,0,49,0,0,0,0,0,0
18204,0,0,0,0,0,0,0,0,0,131,91,1
18205,0,0,0,1,2,1,0,0,0,0,0,0
18206,0,0,0,0,0,0,0,0,0,0,9,0
18207,0,0,0,0,0,52,0,0,0,0,0,0
18208,4,87,3,0,0,0,0,0,0,0,0,0
18209,0,0,0,1,0,57,0,0,0,0,0,0
18210,0,0,0,0,305,0,41,1041,1,0,0,0
18211,4,21,8,0,0,0,0,0,0,0,0,0
18212,0,0,0,1,0,1,0,0,0,0,0,0
18213,0,1,0,0,1,0,278,402,5,0,0,0
18214,0,9,0,0,0,0,327,35,0,0,0,0
18215,0,0,0,0,0,0,3,4,1,0,0,0
18216,0,0,0,0,2,51,0,0,0,0,0,0
18217,0,0,0,1,1,19,0,0,0,0,0,0
18218,0,0,0,0,0,6,0,0,0,0,0,0
18219,0,0,0,0,0,6,0,0,0,0,0,0
18220,2,1,1,0,0,0,0,0,0,0,0,0
18221,2,52,3,0,0,0,1,0,0,0,0,0
18222,1,135,0,0,0,0,0,0,0,0,0,0
18223,6,71,24,0,0,0,0,0,0,0,0,0
18224,0,0,0,0,0,143,0,0,0,0,0,0
18225,0,0,0,0,1,0,33,1168,32,0,0,0
18226,2,17,39,0,0,0,0,0,0,0,0,0
18227,12,285,9,0,0,0,5,0,0,0,0,0
18228,0,0,0,8,3,102,0,0,0,0,0,0
18229,0,0,0,0,0,17,0,0,0,0,0,0
18230,2,44,0,0,0,0,0,0,0,0,0,0
18231,0,0,0,0,0,1117,0,0,0,0,0,0
18232,0,0,0,0,0,0,0,0,0,3,9,2
18233,15,46,1,1,0,0,2,0,0,0,0,0
18234,8,16,22,0,0,0,0,0,0,0,0,0
18235,0,0,0,0,0,0,19,1,0,0,0,0
18236,0,0,0,0,0,0,0,0,0,0,0,0
18237,0,0,0,6,0,101,0,0,0,0,0,0
18238,3,25,0,0,0,0,0,0,0,0,0,0
18239,1,92,13,0,0,0,0,0,0,0,0,0
18240,0,0,0,5,16,326,0,0,0,0,24,0
18241,0,0,0,0,0,0,249,10,0,0,0,0
18242,0,0,0,0,1,0,40,30,1,0,0,0
18243,0,0,0,0,9,35,0,0,0,0,0,0
18244,0,0,0,0,3,13,0,0,0,0,0,0
18245,0,2,2,0,0,0,0,0,0,0,0,0
18246,0,0,0,0,0,3,0,0,0,0,700,0
18247,0,0,0,0,0,0,0,0,0,10,377,2
18248,0,0,0,0,0,8,0,0,0,39,734,1
18249,0,0,0,29,18,62,0,0,0,0,0,0
18250,2,40,0,0,0,0,2,0,0,0,0,0
18251,0,117,13,0,0,0,1,0,0,0,0,0
18252,0,0,0,0,0,31,0,0,0,2,3621,3
18253,8,44,1,0,0,0,0,0,0,0,0,0
18254,0,0,0,0,0,65,0,0,0,0,0,0
18255,0,3,0,2,210,0,1220,14378,33,0,0,0
18256,0,0,0,1,0,8,0,0,0,0,0,0
18257,0,0,0,1,0,3,0,0,0,0,0,0
18258,0,0,0,1,0,163,0,0,0,0,2,0
18259,6,511,1,0,0,0,2,0,0,0,0,0
18260,0,0,0,5,22,366,0,0,0,0,3,0
18261,0,0,13,0,0,11,0,0,0,196,836,0
18262,27,95,1,1,0,1,1,0,0,0,0,0
18263,0,0,0,0,0,1,0,0,0,28,158,3
18264,0,0,1,0,0,16,0,0,0,145,6930,6
18265,0,0,0,0,0,0,0,0,0,61,269,3
18266,0,0,0,0,0,0,79,96,1,0,0,0
18267,0,0,0,0,0,2,0,0,0,65,1145,4
18268,0,0,0,0,0,0,9,4,2,0,0,0
18269,2,21,103,0,0,0,0,0,0,0,0,0
18270,36,87,117,0,0,0,0,0,0,1,0,0
18271,0,0,0,0,0,0,62,1,1,0,0,0
18272,1,32,8,0,0,0,0,0,0,0,0,0
18273,9,387,49,0,0,0,0,0,0,0,0,0
18274,0,0,0,0,0,0,32,53,1,0,0,0
18275,0,0,0,0,0,0,0,0,0,0,15,18
18276,0,0,0,2,0,131,0,0,0,0,0,0
18277,3,163,0,0,0,0,0,0,0,0,0,0
18278,0,0,0,1,0,102,0,0,0,0,0,0
18279,2,35,5,0,0,0,0,0,0,0,0,0
18280,0,40,16,0,0,0,0,0,0,0,0,0
18281,0,2,0,0,0,0,125,47,1,0,0,0
18282,0,42,13,0,0,0,0,0,0,0,0,0
18283,0,0,0,0,0,6,0,0,0,5,225,2
18284,1,253,0,0,0,0,0,0,0,0,0,0
18285,0,0,0,3,40,95,0,0,0,0,0,0
18286,0,0,0,0,0,0,86,31,1,0,0,0
18287,0,0,0,0,0,62,0,0,0,0,0,0
18288,0,64,4,0,0,0,0,0,0,0,0,0
18289,0,0,0,0,0,0,0,0,0,1,8,0
18290,0,0,0,0,0,0,0,1,4,0,0,0
18291,0,0,0,5,14,152,0,0,0,0,0,0
18292,0,0,0,0,2,0,9,2881,1,0,0,0
18293,0,0,0,0,0,0,0,0,0,1,5,0
18294,31,304,14,0,0,0,0,0,0,0,0,0
18295,0,0,0,0,0,0,0,0,0,0,0,0
18296,0,0,0,0,0,0,0,0,0,0,0,0
18297,0,0,0,0,0,0,0,3,1,0,0,0
18298,5,278,42,0,0,0,0,0,0,0,0,0
18299,0,0,0,0,0,38,0,0,0,0,0,0
18300,0,0,0,65,195,429,0,0,0,0,0,0
18301,0,0,0,0,0,0,10,1,0,0,0,0
18302,0,0,0,0,0,0,1,2,1,0,0,0
18303,0,0,0,0,0,1,0,0,0,96,574,0
18304,0,0,0,2,4,36,0,0,0,0,0,0
18305,0,0,0,1,23,13,0,0,0,0,0,0
18306,0,0,0,0,0,0,0,0,0,27,485,0
18307,0,0,0,0,0,0,0,5,0,0,0,0
18308,0,0,0,0,0,0,0,0,0,0,0,0
18309,0,0,0,0,0,429,0,0,0,0,0,0
18310,0,0,0,0,0,0,67,7,33,0,0,0
18311,0,0,0,0,4,83,0,0,0,0,0,0
18312,0,0,1,0,0,1,0,0,0,345,1872,2
18313,0,0,0,0,0,0,0,0,0,0,0,0
18314,1,3,0,0,0,0,0,0,0,0,0,0
18315,0,8,0,0,0,0,1214,2,1,0,0,0
18316,0,0,0,0,0,0,0,3,0,0,0,0
18317,0,0,0,0,0,0,2,0,3,0,0,0
18318,0,0,0,0,11,0,193,3316,56,0,0,0
18319,0,0,0,5,0,0,0,0,0,0,0,0
18320,0,0,0,0,0,0,1,10,0,0,0,0
18321,0,0,0,0,0,211,0,0,0,0,1,0
18322,0,0,0,0,0,0,0,0,0,2,710,0
18323,13,13,0,0,0,0,0,0,0,0,0,0
18324,0,0,0,6,8,138,0,0,0,0,0,0
18325,0,0,0,0,0,0,19,31,3,0,0,0
18326,0,0,0,0,0,6,0,0,0,0,1484,0
18327,0,0,0,8,2,312,0,0,0,0,0,0
18328,0,16,0,0,0,0,0,0,0,0,0,0
18329,0,0,0,0,0,0,0,0,0,61,848,1
18330,0,0,0,8,4,36,0,0,0,0,0,0
18331,0,16,2,0,0,0,0,0,0,0,0,0
18332,0,0,0,0,0,0,46,59,9,0,0,0
18333,6,98,7,0,0,0,0,0,0,0,0,0
18334,0,0,0,0,0,0,4,1,0,0,0,0
18335,3,42,11,0,0,0,0,0,0,0,0,0
18336,11,190,9,0,0,0,1,0,0,0,0,0
18337,0,0,0,0,6,0,15,2524,1,0,0,0
18338,0,0,0,0,0,0,0,0,0,10,38,11
18339,0,0,0,32,4,56,0,0,0,0,0,0
18340,0,0,0,0,0,0,411,29,0,0,0,0
18341,0,0,0,0,3,15,0,0,0,0,1,0
18342,0,0,0,10,4,103,0,0,0,0,13,0
18343,0,0,0,0,0,0,1,3,0,0,0,0
18344,0,0,0,0,0,0,1,0,0,0,0,0
18345,0,0,0,0,0,148,0,0,0,0,0,0
18346,2,14,0,0,0,0,0,0,0,0,0,0
18347,0,0,0,0,0,0,0,0,0,1,15,2
18348,0,0,0,0,0,25,0,0,0,68,6115,6
18349,0,0,6,0,0,0,0,0,0,0,0,0
18350,3,9,1,0,0,0,0,0,0,0,0,0
18351,0,0,0,0,0,249,0,0,0,0,0,0
18352,0,0,0,3,5,33,0,0,0,0,0,0
18353,0,0,0,0,0,3,0,0,0,0,0,0
18354,0,21,2,0,0,0,0,0,0,0,0,0
18355,0,0,0,0,0,0,0,0,0,0,5,0
18356,0,0,0,0,0,0,0,0,0,0,4,1
18357,0,0,0,4,22,74,0,0,0,0,0,0
18358,0,0,0,5,0,124,0,0,0,0,0,0
18359,0,0,0,0,0,6,0,0,0,0,0,0
18360,1,12424,0,0,0,0,71,1,0,0,0,0
18361,0,0,0,0,0,0,0,0,0,0,2,4
18362,0,0,0,0,0,0,0,0,0,0,0,0
18363,0,1,0,0,0,0,287,0,0,0,0,0
18364,0,0,0,0,0,0,0,0,3,22,192,4
18365,0,0,0,2,0,0,0,0,0,0,0,0
18366,4,1580,1,0,0,0,3,0,0,0,0,0
18367,0,0,0,0,0,0,3,0,0,0,0,0
18368,0,0,0,0,0,0,0,11,0,0,0,0
18369,0,0,0,6,306,46,0,0,0,0,0,0
18370,0,0,0,1,0,9,0,0,0,0,0,0
18371,0,0,0,2,0,3,0,0,0,0,0,0
18372,0,0,0,3,2,58,0,0,0,0,0,0
18373,0,0,0,1,9,3,0,0,0,0,0,0
18374,0,0,2,0,0,0,0,0,0,101,13,1
18375,0,0,0,14,2,159,0,0,0,0,0,0
18376,2,27,4,0,0,0,0,0,0,0,0,0
18377,0,0,0,0,0,4,0,0,0,2,4251,15
18378,10,116,9,0,0,0,0,0,0,0,0,0
18379,0,33,0,0,2,0,100,512,0,0,0,0
18380,0,0,0,0,0,0,9,56,0,0,0,0
18381,0,0,0,0,3,38,0,0,0,0,0,0
18382,0,1,0,0,2,0,334,225,0,0,0,0
18383,0,0,0,0,5,48,0,0,0,0,0,0
18384,0,0,0,6,2,156,0,0,0,0,7,0
18385,1,27,0,0,0,0,0,0,0,0,0,0
18386,0,24,0,0,0,0,0,0,0,0,0,0
18387,0,0,0,0,0,3,0,0,0,2,298,0
18388,0,0,1,0,0,2,0,0,0,251,253,0
18389,0,0,0,2,1,3,0,0,0,0,0,0
18390,14,224,0,0,0,0,1,0,0,0,0,0
18391,0,0,0,0,4,0,86,71,3,0,0,0
18392,0,0,0,0,3,13,0,0,0,0,0,0
18393,0,0,0,20,7,177,0,0,0,0,0,0
18394,0,0,0,0,5,0,48,1028,9,0,0,0
18395,0,0,0,0,0,12,0,0,0,0,8032,2
18396,0,0,0,9,6,237,0,0,0,0,1,0
18397,0,0,0,0,1,0,547,572,9,0,0,0
18398,0,0,0,0,0,162,0,0,0,0,0,0
18399,0,920,2,0,0,0,4,0,0,0,0,0
18400,0,0,0,0,0,0,0,0,0,2,238,2
18401,0,0,0,0,0,0,0,0,0,1,380,0
18402,0,0,0,50,4,664,0,0,0,0,1,0
18403,2,150,0,0,0,0,0,0,0,0,0,0
18404,0,0,0,0,0,0,0,0,0,0,29,0
18405,35,56,5,0,0,0,0,0,0,0,0,0
18406,0,0,0,0,0,0,1,2,26,0,0,1
18407,0,0,0,0,0,0,1,0,2,0,0,0
18408,0,0,0,0,0,89,0,0,0,0,0,0
18409,0,0,0,0,0,9,0,0,0,0,0,0
18410,3,271,1,0,0,0,2,0,0,0,0,0
18411,0,0,0,0,0,175,0,0,0,0,0,0
18412,0,2,0,0,4,0,1153,2105,8,0,0,0
18413,0,0,0,0,0,2,0,0,0,0,0,0
18414,0,0,0,15,32,46,0,0,0,0,0,0
18415,0,0,0,0,0,0,1,6,1,0,0,0
18416,1,0,0,0,0,0,0,0,0,0,0,0
18417,0,0,0,0,1,1942,0,0,0,0,19,0
18418,4,1,0,0,0,0,0,0,0,0,0,0
18419,0,0,1,0,0,1,0,0,0,28,6,0
18420,0,26,0,0,0,0,0,0,0,0,0,0
18421,0,0,0,0,0,0,0,0,0,2,176,0
18422,0,0,0,0,0,0,0,0,0,32,7,0
18423,0,0,0,7,114,107,0,0,0,0,0,0
18424,43,56705,2,0,0,0,274,8,0,0,0,0
18425,1,67,40,0,0,0,0,0,0,0,0,0
18426,0,0,0,1,0,377,0,0,0,0,3,0
18427,64,10,0,0,0,0,0,0,0,0,0,0
18428,1,54,164,0,0,0,0,0,0,0,0,0
18429,0,0,0,4,4,719,0,0,0,0,2,0
18430,0,1,0,0,0,0,0,0,0,0,0,0
18431,0,0,0,0,0,0,0,0,0,0,430,0
18432,5,167,7,0,0,0,0,0,0,0,0,0
18433,0,0,0,0,0,0,152,47,6,0,0,0
18434,2,50,18,0,0,0,0,0,0,0,0,0
18435,0,0,0,11,108,288,0,2,0,0,2,0
18436,0,0,0,4,12,33,0,0,0,0,0,0
18437,0,0,0,1,14,6,0,0,0,0,0,0
18438,0,0,0,11,11,83,0,0,0,0,0,0
18439,0,0,0,46,96,3,0,1,0,0,0,0
18440,0,0,0,0,0,0,0,0,0,22,194,0
18441,0,0,0,0,0,2,0,0,0,100,1743,0
18442,0,29,29,0,0,0,0,0,0,0,0,0
18443,0,0,0,0,0,0,133,49,0,0,0,0
18444,38,160,16,0,0,0,2,0,0,0,0,0
18445,0,0,0,0,0,0,398,124,3,0,0,0
18446,0,0,0,0,0,4,0,0,0,0,0,0
18447,0,0,0,5,7,105,0,0,0,0,0,0
18448,49,160,1,0,0,0,0,0,0,0,0,0
18449,0,0,0,0,7,0,35,2117,2,0,0,0
18450,0,0,0,3,2,78,0,0,0,0,0,0
18451,0,0,0,0,0,0,4,8,1,0,0,0
18452,0,0,0,0,0,2,0,0,0,1,1071,1
18453,0,0,0,29,0,262,0,0,0,1,0,0
18454,1,2,3,0,0,0,0,0,0,0,0,0
18455,3,31,0,0,0,0,0,0,0,0,0,0
18456,16,93,1,0,0,0,0,0,0,0,0,0
18457,0,0,0,0,0,9,0,0,0,323,2945,9
18458,0,0,0,0,0,0,0,0,0,9,203,2
18459,26,45,1,0,0,0,0,0,0,0,0,0
18460,0,0,0,0,0,0,0,0,0,0,8,2
18461,0,0,0,0,0,0,0,0,0,0,7,0
18462,0,0,0,0,3,0,672,343,1,0,0,0
18463,0,0,0,0,0,4,0,0,0,354,918,1
18464,0,0,2,0,0,0,0,0,0,1138,138,0
18465,0,0,0,27,21,375,0,0,0,0,3,0
18466,0,0,0,0,0,0,116,0,0,0,0,0
18467,0,0,0,0,0,0,48,6,0,0,0,0
18468,41,4157,180,0,0,0,33,0,0,0,0,0
18469,0,0,0,0,0,0,70,98,1,0,0,0
18470,5,246,17,0,0,0,0,0,0,0,0,0
18471,0,0,0,67,182,2269,0,0,0,0,6,0
18472,0,0,0,0,0,0,0,0,0,30,1,1
18473,37,32,4,0,0,0,0,0,0,0,0,0
18474,12,343,38,0,0,0,8,2,1,0,0,0
18475,0,0,0,0,0,16,0,0,0,0,0,0
18476,0,0,0,4,0,1,0,0,0,0,0,0
18477,0,0,0,0,0,179,0,0,0,0,5,0
18478,1,18,2,0,0,0,0,0,0,0,0,0
18479,33,80,14,0,0,0,0,0,0,0,0,0
18480,1,72,5,0,0,0,0,0,0,0,0,0
18481,0,0,0,0,0,0,0,0,0,13,153,1
18482,2,0,0,0,0,0,0,0,0,0,0,0
18483,0,0,0,0,0,0,0,0,0,8,1395,1
18484,0,0,0,0,0,0,0,0,0,24,10,0
18485,0,0,0,0,1,2,0,0,0,0,0,0
18486,0,0,0,0,0,28,0,0,0,12,10162,8
18487,25,138,5,0,0,0,0,0,0,0,0,0
18488,0,0,0,0,1,913,0,0,0,0,0,0
18489,0,24,2,0,0,0,0,0,0,0,0,0
18490,0,0,0,0,0,0,0,0,0,50,287,0
18491,0,0,1,0,0,4,0,0,0,88,235,0
18492,66,48,7,0,0,0,0,0,0,0,0,0
18493,0,0,1,0,0,0,0,0,0,49,136,0
18494,0,0,0,1,0,4,0,0,0,0,0,0
18495,0,0,0,6,12,51,0,0,0,0,0,0
18496,0,59,2,0,0,0,0,0,0,0,0,0
18497,0,0,0,1,2,8,0,0,0,0,0,0
18498,0,0,0,0,8,0,80,1418,6,0,0,0
18499,0,0,0,1,1,421,0,0,0,0,0,0
18500,1,56,1,0,0,0,0,0,0,0,0,0
18501,0,0,0,0,0,2,0,0,0,0,2065,0
18502,1,0,1,0,0,0,0,0,0,0,0,0
18503,1,70,2,0,0,0,0,0,0,0,0,0
18504,6,69,9,0,0,0,0,0,0,0,0,0
18505,0,0,0,0,0,0,2,2,0,0,0,0
18506,0,0,0,0,3,0,0,27,1,0,0,0
18507,1,112,31,0,0,0,0,0,0,0,0,0
18508,0,0,0,0,0,9,0,0,0,136,4339,51
18509,0,0,0,81,27,16,0,0,0,0,0,0
18510,0,0,0,2,11,275,0,0,0,0,1,0
18511,0,0,0,0,0,9,0,0,0,62,1045,2
18512,0,0,0,0,0,0,0,0,0,78,216,0
18513,0,0,0,71,44,91,0,0,0,0,0,0
18514,0,0,0,0,0,4,0,0,0,0,0,0
18515,0,0,0,0,0,0,2,3,1,0,0,0
18516,0,0,0,0,0,0,5,25,3,0,0,0
18517,9,9,59,0,0,0,0,0,0,0,0,0
18518,2,317,44,0,0,0,0,0,0,0,0,0
18519,0,0,0,1,3,202,0,0,0,0,1,0
18520,0,0,0,0,0,0,86,178,1,0,0,0
18521,0,0,0,0,0,6,0,0,0,0,0,0
18522,8,115,0,0,0,0,0,0,0,0,0,0
18523,0,0,0,0,2,0,21,337,0,0,0,0
18524,0,0,0,1,3,20,0,0,0,0,1,0
18525,0,0,0,0,2,0,101,1537,13,0,0,0
18526,0,0,0,0,0,2,0,0,0,3,1580,0
18527,0,0,0,0,0,0,48,20,3,0,0,0
18528,0,0,0,0,0,39,0,0,0,0,0,0
18529,8,315,10,0,0,0,0,0,0,0,0,0
18530,0,0,0,0,0,61,0,0,0,0,0,0
18531,14,43,2,0,0,0,0,0,0,0,0,0
18532,2,0,1,0,0,0,0,0,0,0,0,0
18533,2,202,7,0,0,0,3,0,0,0,0,0
18534,0,0,0,0,0,0,196,85,0,0,0,0
18535,1,402,102,0,0,0,0,0,0,0,0,0
18536,0,0,0,0,4,50,0,0,0,0,0,0
18537,0,0,0,169,3,96,0,0,0,0,1,0
18538,0,1,0,0,15,0,158,3116,8,0,0,0
18539,0,0,0,0,0,27,0,0,0,0,0,0
18540,0,72,11,0,0,0,0,0,0,0,0,0
18541,0,0,0,0,0,0,0,0,0,2,4,1
18542,2,8,0,0,0,0,0,0,0,0,0,0
18543,2,82,0,0,0,0,0,0,0,0,0,0
18544,0,46,1,0,0,0,0,0,0,0,0,0
18545,0,0,0,0,2,1380,0,0,0,0,0,0
18546,0,0,0,0,5,0,56,1076,2,0,0,0
18547,0,0,0,1,1,42,0,0,0,0,0,0
18548,0,0,0,0,0,1,0,0,0,0,0,0
18549,0,43,8,0,0,0,0,0,0,0,0,0
18550,3,1114,0,0,0,0,0,0,0,0,0,0
18551,0,0,0,0,0,0,1,3,1,0,0,0
18552,0,0,0,0,1,35,0,0,0,0,0,0
18553,0,0,0,0,0,0,1,2,1,0,0,0
18554,0,11,0,0,0,0,0,0,0,0,0,0
18555,0,0,0,0,0,27,0,0,0,3,10594,0
18556,4,43,0,0,0,0,0,0,0,0,0,0
18557,0,0,0,0,0,1,0,0,0,37,219,1
18558,0,19,7,0,0,0,0,0,0,0,0,0
18559,0,0,0,0,0,0,0,0,0,4,314,0
18560,0,0,0,2,2,0,0,0,0,0,0,0
18561,0,0,0,5,25,480,0,1,0,0,1,0
18562,0,81,0,0,0,0,2,0,0,0,0,0
18563,0,60,1,0,0,0,1,0,0,0,0,0
18564,2,29,6,0,0,0,0,0,0,0,0,0
18565,6,94,7,0,0,0,2,0,0,0,0,0
18566,1,98,40,0,0,0,0,0,0,1,2,0
18567,0,0,0,4,2,384,0,0,0,0,2,0
18568,0,0,0,0,0,7,0,0,0,37,3890,8
18569,0,0,0,1,0,6,0,0,0,0,0,0
18570,0,0,0,0,0,6,0,0,0,48,4146,18
18571,0,0,0,21,30,7,0,0,0,0,0,0
18572,0,0,0,0,0,0,0,0,0,2,28,3
18573,0,0,0,63,0,47,0,0,0,0,0,0
18574,0,0,0,0,0,0,78,9,0,0,0,0
18575,0,44,5,0,0,0,0,0,0,0,0,0
18576,0,0,0,0,0,0,0,0,0,19,1021,3
18577,0,23,15,0,0,0,0,0,0,0,0,0
18578,0,0,0,0,0,0,88,78,2,0,0,0
18579,2,41,14,0,0,0,0,0,0,0,0,0
18580,0,0,0,0,0,0,208,5,2,0,0,0
18581,0,0,0,0,1,41,0,0,0,0,0,0
18582,0,0,0,0,0,2,0,0,0,49,1015,0
18583,0,3,0,0,5,0,1584,1396,24,0,0,0
18584,0,0,0,0,0,67,0,0,0,0,0,0
18585,32,2587,2009,0,0,0,50,0,0,0,0,0
18586,0,0,0,1,28,97,0,0,0,0,0,0
18587,0,0,0,0,0,2,0,0,0,0,0,0
18588,0,0,0,7,4,71,0,0,0,0,0,0
18589,0,0,0,0,31,0,132,322,0,0,0,0
18590,0,0,0,0,0,18,0,0,0,0,0,0
18591,0,0,0,0,0,0,0,0,216,42,278,5604
18592,0,0,0,0,10,24,0,0,0,0,0,0
18593,0,0,0,0,0,42,0,0,0,0,0,0
18594,6,357,0,0,0,0,2,0,0,0,0,0
18595,0,0,0,0,2,1,0,0,0,0,0,0
18596,0,0,0,0,0,0,4,42,1,0,0,0
18597,0,0,0,0,0,0,0,7,1,0,0,0
18598,0,0,0,0,0,0,31,208,1,0,0,0
18599,0,0,0,0,0,1,0,0,0,1,115,6
18600,184,325,5,2,0,0,1,0,0,0,0,0
18601,0,0,0,0,0,1,0,0,0,1,337,2
18602,1,12,1,0,0,0,0,0,0,0,0,0
18603,0,0,0,26,18,322,0,0,0,0,4,0
18604,0,0,0,0,1,0,21,82,0,0,0,0
18605,0,0,0,0,0,0,0,12,0,0,0,0
18606,0,0,0,0,0,4,0,0,0,4,454,3
18607,0,0,0,0,86,10,0,11,0,0,0,0
18608,0,0,0,1,0,1,0,0,0,0,0,0
18609,0,0,0,5,0,50,0,0,0,0,0,0
18610,0,0,0,0,0,0,0,0,1,0,0,0
18611,0,4,0,0,0,0,0,0,0,0,0,0
18612,0,0,0,0,0,0,103,49,0,0,0,0
18613,0,0,0,1,3,10,0,0,0,0,0,0
18614,0,0,0,0,0,1,0,0,0,0,0,0
18615,0,0,0,0,0,0,94,29,5,0,0,0
18616,0,67,0,0,0,0,0,0,0,0,0,0
18617,0,0,0,0,0,0,0,0,0,1,3,0
18618,2,282,12,0,0,0,0,0,0,0,0,0
18619,0,0,0,1,37,3,0,0,0,0,0,0
18620,0,0,0,0,0,0,0,0,0,2,4,13
18621,0,0,0,0,3,43,0,0,0,0,0,0
18622,1,7,3,0,0,0,0,0,0,0,0,0
18623,0,0,0,15,0,443,0,0,0,0,1,0
18624,0,0,0,0,0,0,6,119,1,0,0,0
18625,0,0,2,0,0,0,0,0,0,0,0,0
18626,4,247,7,0,0,0,0,0,0,0,0,0
18627,0,0,0,0,0,0,33,49,0,0,0,0
18628,0,0,0,1,0,1,0,0,0,0,0,0
18629,1,51,2,0,0,0,0,0,0,0,0,0
18630,0,0,0,1,0,4516,0,0,0,0,18,0
18631,0,0,0,0,1,8,0,0,0,0,0,0
18632,0,0,0,7,88,0,0,0,0,0,0,0
18633,0,0,0,4,0,21,0,0,0,0,0,0
18634,0,0,0,0,19,0,66,449,6,0,0,0
18635,0,0,0,0,4,55,0,0,0,0,0,0
18636,0,1,0,0,1,0,437,551,1,0,0,0
18637,13,0,0,1,0,0,0,0,0,0,0,0
18638,0,108,1,0,0,0,1,0,0,0,0,0
18639,0,41,0,0,0,0,2,0,0,0,0,0
18640,2,54,205,0,0,0,0,0,0,8,0,0
18641,0,0,0,1,0,55,0,0,0,0,0,0
18642,15,105,1,0,0,0,1,0,0,0,0,0
18643,0,0,0,0,0,0,1,3,1,0,0,0
18644,0,0,0,0,0,0,0,2,1,0,0,0
18645,0,179,1,0,0,0,0,0,0,0,0,0
18646,0,0,0,0,0,0,0,0,0,41,1219,1
18647,1,0,0,0,2,15,0,0,0,157,5336,2
18648,0,0,0,101,142,121,0,0,0,0,0,0
18649,0,0,0,0,0,0,46,2,23,0,0,0
18650,23,56,48,0,0,0,0,0,0,1,0,0
18651,0,1,0,0,5,0,419,2735,116,0,0,2
18652,0,0,0,0,0,92,0,0,0,9,2996,0
18653,0,0,0,0,0,0,217,263,1,0,0,0
18654,0,0,0,0,0,10,0,0,0,58,885,2
18655,9,9,1,0,0,0,0,0,0,0,0,0
18656,0,0,0,0,2,1,0,0,0,16,121,1
18657,0,0,9,0,1,1006,0,0,0,290,12734,3
18658,0,0,0,1,1,2,0,0,0,0,0,0
18659,0,0,0,0,0,0,0,3,1,0,0,0
18660,0,0,0,0,0,147,0,0,0,0,1,0
18661,0,0,0,112,0,1,0,0,0,0,0,0
18662,0,0,0,0,0,0,0,7,169,0,0,0
18663,0,0,0,0,0,66,0,0,0,0,0,0
18664,0,0,0,0,0,9,0,0,0,6,354,3
18665,0,0,0,0,0,2,0,0,0,0,0,0
18666,2,76,3,0,0,0,0,0,0,0,0,0
18667,0,0,0,0,1,0,0,0,0,0,0,0
18668,0,0,0,0,0,0,1,3,1,0,0,0
18669,0,0,0,0,0,187,0,0,0,0,0,0
18670,0,0,0,0,2,0,66,121,10,0,0,0
18671,25,175,136,0,0,0,3,0,0,1,0,0
18672,0,0,0,1,5,243,0,0,0,0,1,0
18673,5,45,3,0,0,0,1,0,0,0,0,0
18674,0,2,0,0,0,0,415,43,2,0,0,0
18675,0,2628,19,0,0,0,3,0,0,0,0,0
18676,0,0,0,0,0,1,0,0,0,46,194,0
18677,0,0,0,0,0,0,123,360,3,0,0,0
18678,0,0,0,11,15,67,0,0,0,0,0,0
18679,0,0,0,0,0,0,60,46,3,0,0,0
18680,0,0,0,0,0,1,0,0,0,0,163,10
18681,0,0,0,0,0,1,0,0,0,17,1074,0
18682,4,84,1,0,0,0,0,0,0,0,0,0
18683,0,0,0,0,0,1,0,0,0,0,493,0
18684,8,120,7,0,0,0,1,0,0,0,0,0
18685,0,0,0,71,1,11,0,0,0,0,0,0
18686,0,0,0,0,0,0,0,236,3,0,0,0
18687,0,0,0,0,0,30,0,0,0,0,14062,0
18688,0,0,0,19,19,62,0,0,0,0,0,0
18689,0,0,0,23,44,34,0,3,0,0,0,0
18690,0,0,0,3,8,81,0,0,0,0,0,0
18691,0,0,0,5,79,1,0,0,0,0,0,0
18692,0,0,0,0,0,0,0,0,0,7,66,3
18693,0,0,0,0,0,20,0,0,0,80,1860,1
18694,4,60,20,0,0,0,0,0,0,0,0,0
18695,0,0,0,0,0,1,0,0,0,366,582,2
18696,0,0,0,161,33,151,0,0,0,0,0,0
18697,0,0,0,0,0,0,173,43,1,0,0,0
18698,0,0,0,0,0,19,0,0,0,4,3054,1
18699,0,0,0,9,323,452,0,0,0,0,0,0
18700,0,0,0,10,21,30,0,0,0,0,0,0
18701,0,0,0,0,0,1,0,0,0,0,47,0
18702,198,160,31,0,0,0,0,0,0,0,0,0
18703,0,1,0,0,0,0,72,360,0,0,0,0
18704,10,33,21,0,0,0,0,1,0,0,0,0
18705,0,0,0,0,0,2,0,0,0,13,776,1
18706,1,38,0,0,0,0,0,0,0,0,0,0
18707,0,0,0,0,0,0,0,0,0,112,10,0
18708,0,0,0,13,15,49,0,0,0,0,0,0
18709,0,0,0,7,0,36,0,0,0,0,0,0
18710,2,218,3,0,0,0,3,0,0,0,0,0
18711,0,0,0,0,0,334,0,0,0,0,0,0
18712,0,0,0,0,0,0,42,33,1,0,0,0
18713,0,0,0,0,0,17,0,0,0,1,1226,0
18714,0,0,0,0,0,4,0,0,0,110,569,0
18715,0,0,0,0,0,0,0,0,0,0,0,0
18716,0,0,0,0,0,0,0,0,0,0,0,0
18717,0,0,0,0,1,69,0,0,0,0,0,0
18718,0,0,0,0,4,2,0,0,0,0,0,0
18719,0,0,0,0,0,0,0,14,0,0,0,0
18720,0,0,0,0,0,0,2,0,1,0,0,0
18721,0,0,0,0,0,0,0,0,0,6,35,1
18722,14,97,0,0,0,0,1,0,0,0,0,0
18723,0,0,0,3,5,433,0,0,0,0,0,0
18724,0,0,0,0,0,0,0,0,0,0,0,0
18725,1,1,0,0,0,0,0,0,0,0,0,0
18726,0,0,0,0,0,60,0,0,0,0,0,0
18727,0,0,0,6,1,18,0,0,0,0,0,0
18728,0,0,0,0,0,0,0,0,0,1,4,0
18729,0,0,0,0,0,38,0,0,0,0,0,0
18730,7,85,1,0,0,0,0,0,0,0,0,0
18731,0,0,0,5,4,52,0,0,0,0,1,0
18732,0,0,0,25,4,165,0,0,0,0,0,0
18733,0,0,0,0,0,0,15,1,2,0,0,0
18734,0,0,0,0,0,0,22,26,0,0,0,0
18735,0,184,22,0,0,0,0,0,0,0,0,0
18736,0,0,0,1,0,396,0,0,0,0,0,0
18737,0,0,0,5,1,12,0,0,0,0,0,0
18738,0,0,0,3,3,60,0,0,0,0,0,0
18739,0,0,0,0,0,0,18,121,12,0,0,1
18740,0,254,9,0,0,0,1,0,0,0,0,0
18741,0,0,0,0,18,114,0,0,0,0,0,0
18742,0,0,0,7,0,85,0,0,0,0,0,0
18743,3,55,0,0,0,0,0,0,0,0,0,0
18744,0,0,0,0,0,278,0,0,0,0,47035,1
18745,0,1,0,0,0,0,94,278,31,0,0,0
18746,0,0,0,0,0,35,0,0,0,0,0,0
18747,0,0,0,0,0,121,0,0,0,100,4673,46
18748,0,0,0,0,0,26,0,0,0,0,0,0
18749,0,17,0,0,0,0,0,0,0,0,0,0
18750,0,0,0,0,0,901,0,0,0,0,0,0
18751,0,52,0,0,0,0,1,0,0,0,0,0
18752,0,25,0,0,0,0,0,0,0,0,0,0
18753,0,0,0,0,0,234,0,0,0,0,1,0
18754,0,0,0,0,0,0,0,0,0,3,122,1
18755,0,0,0,0,0,0,0,0,0,0,93,0
18756,0,0,0,0,6,0,499,2782,25,0,0,0
18757,0,0,0,0,3,104,0,0,0,0,1,0
18758,0,0,0,0,5,43,0,0,0,0,0,0
18759,0,0,0,1,0,55,0,0,0,0,0,0
18760,5,202,1,0,0,0,4,0,0,0,0,0
18761,0,0,0,0,0,79,0,0,0,0,0,0
18762,0,0,0,0,1,0,53,243,0,0,0,0
18763,3,128,10,0,0,0,0,0,0,0,0,0
18764,0,0,0,0,8,30,0,0,0,0,0,0
18765,1,0,0,76,2,25,0,0,0,0,0,0
18766,0,0,0,0,0,0,1,0,0,0,0,0
18767,0,0,0,0,0,0,0,0,0,0,0,0
18768,0,0,0,0,0,90,0,0,0,0,0,0
18769,0,0,0,0,0,0,81,7,0,0,0,0
18770,0,0,0,0,0,7,0,0,0,0,0,0
18771,0,0,0,8,10,84,0,0,0,0,0,0
18772,0,0,0,0,0,0,0,0,0,1,0,0
18773,4,5,0,0,0,0,0,0,0,0,0,0
18774,0,77,0,0,0,0,1,0,0,0,0,0
18775,0,0,0,0,0,0,0,0,0,3,1,1
18776,0,1,0,0,0,0,0,0,0,0,0,0
18777,3,227,3,0,0,0,1,0,0,0,0,0
18778,0,0,0,2,0,1,0,0,0,0,0,0
18779,0,0,0,0,0,0,2,6,0,0,0,0
18780,0,0,0,0,0,0,0,88,1,0,0,0
18781,0,0,0,0,0,0,135,205,0,0,0,0
18782,0,0,0,0,0,0,62,638,0,0,0,0
18783,0,0,0,0,4,42,0,0,0,0,0,0
18784,0,0,0,3,7,31,0,0,0,0,0,0
18785,0,0,0,3,5,15,0,0,0,0,0,0
18786,0,0,0,2,1,41,0,0,0,0,0,0
18787,1,43,0,0,0,0,0,0,0,0,0,0
18788,0,0,0,0,0,123,0,0,0,59,3963,0
18789,17,59,9,0,0,0,0,0,0,0,0,0
18790,0,0,0,0,0,0,74,18,0,0,0,0
18791,0,0,0,0,0,0,5,2,2,0,0,0
18792,0,0,0,3,1,109,0,0,0,0,0,0
18793,1,19,0,0,0,0,0,0,0,0,0,0
18794,0,43,3,0,0,0,0,0,0,0,0,0
18795,0,0,0,0,0,0,0,0,0,60,756,2
18796,0,0,0,0,0,1,0,0,0,2,630,0
18797,0,0,0,0,0,1,0,0,0,0,0,0
18798,8,151,22,0,0,0,4,0,0,0,0,0
18799,0,0,0,0,0,0,0,0,0,43,3,0
18800,23,13,2,0,0,0,0,0,0,0,0,0
18801,3,43,4,0,0,0,0,0,0,0,0,0
18802,40,78,18,0,0,0,0,0,0,0,0,0
18803,0,0,0,0,225,0,220,2321,1,0,0,0
18804,0,0,0,0,0,7,0,0,0,20,3466,0
18805,1,3,1,0,0,0,0,0,0,0,0,0
18806,0,29,0,0,0,0,0,0,0,0,0,0
18807,0,0,0,0,0,0,0,0,0,10,314,0
18808,0,0,0,0,0,0,0,0,0,0,2,0
18809,0,0,0,0,0,0,0,0,0,0,0,0
18810,0,0,0,0,1,175,0,0,0,0,0,0
18811,0,0,0,0,0,0,56,60,1,0,0,0
18812,0,192,589,0,0,0,2,0,0,2,0,0
18813,0,0,0,1,10,483,0,0,0,0,1,0
18814,0,0,0,0,0,10,0,0,0,32,2298,9
18815,0,0,0,3,2,87,0,0,0,0,0,0
18816,0,2,0,0,3,0,1298,2047,147,0,0,0
18817,0,0,0,34,1,127,0,0,0,0,1,0
18818,6,245,6,0,0,0,0,0,0,0,0,0
18819,0,0,0,0,0,91,0,0,0,0,0,0
18820,0,0,0,0,0,1,0,0,0,0,0,0
18821,0,0,0,0,0,0,2,3,1,0,0,0
18822,0,0,0,0,0,97,0,0,0,0,1,0
18823,0,0,0,0,0,0,0,0,0,0,3,3
18824,48,55,0,0,0,0,0,0,0,0,0,0
18825,2,79,58,0,0,0,0,0,0,0,0,0
18826,0,0,0,1,0,0,328,434,2,0,0,0
18827,0,0,0,0,5,43,0,0,0,0,0,0
18828,0,0,0,0,0,6,0,0,0,21,3139,6
18829,0,0,0,0,0,0,0,0,0,3,2,0
18830,1,0,0,0,0,0,0,0,0,0,0,0
18831,0,0,0,0,0,366,0,0,0,0,1,0
18832,0,1,0,0,0,0,183,75,1,0,0,0
18833,0,0,0,0,0,0,35,188,0,0,0,0
18834,0,0,0,1,0,56,0,0,0,0,0,0
18835,7,72,3,0,0,0,0,0,0,0,0,0
18836,1,138,22,0,0,0,0,0,0,0,0,0
18837,0,0,0,1,9,672,0,0,0,0,5,0
18838,0,0,0,0,1,0,5,42,1,0,0,0
18839,0,0,0,0,0,0,0,0,0,2,153,0
18840,2,120,5,0,0,0,1,0,0,0,0,0
18841,0,0,0,0,0,0,0,0,0,0,4,0
18842,0,1,1,0,0,0,0,0,0,0,0,0
18843,0,0,0,0,1,143,0,0,0,0,0,0
18844,0,1,0,0,0,0,280,14,2,0,0,0
18845,0,0,0,0,0,2,0,0,0,0,0,0
18846,221,153,5,0,0,0,0,0,0,0,0,0
18847,0,0,0,0,0,0,2,5,0,0,0,0
18848,0,0,0,0,0,0,0,0,0,0,6,0
18849,0,0,0,2,0,245,0,0,0,0,1,0
18850,0,11,0,0,0,0,0,0,0,0,0,0
18851,0,1,0,0,0,0,34,2,0,0,0,0
18852,0,0,0,2,0,263,0,0,0,0,0,0
18853,0,0,0,5,0,1,0,0,0,0,0,0
18854,0,0,0,0,0,0,81,81,1,0,0,0
18855,0,0,0,0,2,104,0,0,0,0,0,0
18856,0,0,0,0,0,0,0,1,0,0,0,0
18857,0,2,0,0,0,0,0,0,0,0,0,0
18858,0,0,0,0,0,176,0,0,0,0,0,0
18859,0,0,0,0,3,0,0,2214,3,0,0,0
18860,0,0,0,0,0,0,0,0,0,2,8,0
18861,36,179,17,0,0,0,0,0,0,1,0,0
18862,6,67,57,0,0,0,0,0,0,0,0,0
18863,0,0,0,1,3,290,0,0,0,0,2,0
18864,0,0,0,0,0,0,0,0,0,7,199,0
18865,1,2,7,0,0,0,0,0,0,0,0,0
18866,0,0,0,0,1,8,0,0,0,0,0,0
18867,0,0,0,0,0,0,12,14,0,0,0,0
18868,3,19,0,0,0,0,1,0,0,0,0,0
18869,0,0,0,0,0,0,0,0,0,10,2,1
18870,0,0,0,8,6,124,0,0,0,0,1,0
18871,0,1,1,0,0,0,0,0,0,0,0,0
18872,0,0,0,0,0,0,28,2,0,0,0,0
18873,0,0,0,0,0,0,189,12,0,0,0,0
18874,0,0,0,0,1,2,0,0,0,0,1,0
18875,0,0,0,0,0,0,3,1,1,0,0,0
18876,0,0,0,0,0,4691,0,0,0,0,12,0
18877,0,0,0,0,0,528,0,0,0,44,27491,1
18878,0,0,0,0,2,1,0,0,0,0,0,0
18879,15,100,1,0,0,0,0,0,0,0,0,0
18880,0,0,0,0,0,0,61,493,0,0,0,0
18881,0,0,0,0,0,0,0,0,0,1,249,16
18882,0,0,0,3,4,385,0,0,0,0,1,0
18883,0,0,0,0,0,0,171,3,0,0,0,0
18884,0,0,0,0,1,8,0,0,0,0,0,0
18885,0,0,0,0,0,1,0,0,0,88,491,0
18886,0,0,0,0,0,79,0,0,0,94,325,0
18887,0,158,0,0,0,0,0,0,0,0,0,0
18888,0,0,0,0,0,6,0,0,0,64,1170,5
18889,0,0,0,0,0,0,46,2,5,0,0,0
18890,6,17,12,0,0,0,0,0,0,0,0,0
18891,0,0,0,0,5,0,61,2944,0,0,0,0
18892,0,0,0,2,5,0,0,0,0,0,0,0
18893,0,0,0,0,0,0,2,12,3,0,0,0
18894,0,0,0,0,0,10,0,0,0,0,551,0
18895,0,0,0,0,0,9,0,0,0,0,0,0
18896,0,0,0,0,0,0,0,0,0,0,0,0
18897,0,0,0,0,5,102,0,0,0,0,0,0
18898,0,3,0,0,1,0,95,642,8,0,0,0
18899,0,0,0,0,6,23,0,0,0,0,0,0
18900,0,0,0,1,1,105,0,0,0,0,0,0
18901,0,13,0,0,0,0,0,0,0,0,0,0
18902,4,125,16,0,0,0,2,0,0,0,0,0
18903,0,2,0,0,0,0,336,33,0,0,0,0
18904,0,0,0,0,0,0,0,0,0,18,310,0
18905,0,84,0,0,1,0,6721,54,3,0,0,0
18906,0,0,0,2,3,110,0,0,0,0,3,0
18907,0,9,0,0,10,0,265,1321,3,0,0,0
18908,0,0,0,0,0,3,0,0,0,0,0,0
18909,0,0,0,20,2,121,0,0,0,0,0,0
18910,0,1,0,0,0,0,79,282,2,0,0,0
18911,1,10,3,0,0,0,0,0,0,0,0,0
18912,0,0,2,0,0,2,0,0,0,71,354,0
18913,0,0,0,0,1,2,0,0,0,0,0,0
18914,0,0,0,0,0,0,1,1,0,0,0,0
18915,0,0,0,0,0,0,0,3,0,0,0,0
18916,2,34,3,0,0,0,0,0,0,0,0,0
18917,0,0,0,0,0,0,0,0,0,40,285,1
18918,0,0,0,1,1,52,0,0,0,0,0,0
18919,17,153,1,0,0,0,0,0,0,0,0,0
18920,0,0,0,0,6,93,0,0,0,0,0,0
18921,0,0,0,6,6,100,0,0,0,0,0,0
18922,0,0,0,0,0,0,38,1,3,0,0,0
18923,2,16,6,0,0,0,0,0,0,0,0,0
18924,5,287,16,0,0,0,0,0,0,0,0,0
18925,0,0,0,0,0,7,0,0,0,0,0,0
18926,1,1,0,0,0,0,0,0,0,0,0,0
18927,0,0,0,0,0,1273,0,0,0,0,0,0
18928,0,0,0,0,0,4,0,0,0,14,1637,3
18929,0,0,0,0,0,0,0,0,0,22,268,0
18930,0,0,0,1,2,91,0,0,0,0,0,0
18931,14,283,36,0,0,0,0,1,0,1,0,0
18932,0,0,0,1,1,234,0,0,0,0,1,0
18933,10,23,6,0,0,0,0,0,0,0,0,0
18934,0,54,0,0,0,0,0,0,0,0,0,0
18935,0,0,0,0,2,1,0,0,0,0,0,0
18936,0,0,0,8,3,282,0,0,0,0,0,0
18937,0,0,0,0,2,0,111,1238,0,0,0,0
18938,0,0,0,0,0,0,46,10,0,0,0,0
18939,0,0,0,3,2,531,0,0,0,0,1,0
18940,0,0,0,0,0,0,30,23,0,0,0,0
18941,8,118,50,0,0,0,1,0,0,0,0,0
18942,0,0,0,12,32,430,0,0,0,0,0,0
18943,0,0,0,0,0,0,1,1,3,0,0,0
18944,0,9,0,0,0,0,0,0,0,0,0,0
18945,1,113,0,0,0,0,0,0,0,0,0,0
18946,0,0,0,0,0,1,0,0,0,49,554,2
18947,0,0,0,1,0,43,0,0,0,0,0,0
18948,0,0,0,0,5,0,26,2894,14,0,0,0
18949,0,384,35,0,0,0,0,0,0,0,0,0
18950,2,377,70,0,0,0,0,0,0,0,0,0
18951,0,0,0,0,0,0,47,499,11,0,0,0
18952,1,104,16,0,0,0,1,0,0,0,0,0
18953,0,0,0,0,0,20,0,0,0,0,0,0
18954,1,0,0,122,0,29,0,0,0,0,0,0
18955,0,2,0,0,0,0,0,0,0,0,0,0
18956,0,79,0,0,0,0,0,0,0,0,0,0
18957,0,0,0,1,1,125,0,0,0,0,0,0
18958,0,0,0,0,1,0,100,62,3,0,0,0
18959,0,0,0,0,0,1,0,0,0,15,290,0
18960,0,7,0,0,0,0,855,118,3,0,0,0
18961,0,0,0,0,0,0,22,69,1,0,0,0
18962,0,0,0,0,0,0,0,0,0,1,172,0
18963,0,0,0,4,873,390,0,3,0,0,3,0
18964,0,0,0,0,1,1,0,0,0,0,0,0
18965,0,0,0,0,0,0,0,1,0,0,0,0
18966,0,0,0,0,0,14,0,0,0,0,0,0
18967,1,2,6,0,0,0,0,0,0,0,0,0
18968,0,0,0,0,0,0,5,0,0,0,0,0
18969,0,188,0,0,0,0,3,0,0,0,0,0
18970,0,10,5,0,0,0,0,0,0,0,0,0
18971,23,45,6,0,0,0,0,0,0,0,0,0
18972,0,0,0,0,1,0,123,791,18,0,0,0
18973,0,1,0,0,0,0,169,280,3,0,0,0
18974,0,0,0,0,117,122,0,0,0,0,1,0
18975,0,0,0,5,14,184,0,0,0,0,1,0
18976,0,0,0,0,0,0,0,0,0,0,2,4
18977,2,1,0,0,0,0,0,0,0,0,0,0
18978,1,123,1,0,0,0,0,0,0,0,0,0
18979,0,0,0,0,0,13,0,0,0,16,973,0
18980,0,6,8,0,0,0,0,0,0,0,0,0
18981,0,0,0,0,0,6,0,0,0,10,3545,7
18982,35,32,5,1,0,0,0,0,0,0,0,0
18983,0,0,0,12,3,39,0,0,0,0,0,0
18984,0,0,0,0,0,0,56,899,10,0,0,0
18985,0,2,0,0,1,0,356,506,3,0,0,0
18986,0,0,0,0,0,124,0,0,0,0,0,0
18987,0,0,0,81,5,54,0,0,0,0,0,0
18988,0,0,0,0,0,0,155,1,0,0,0,0
18989,0,0,0,0,0,8,0,0,0,0,0,0
18990,0,0,0,11,0,113,0,0,0,0,0,0
18991,3,19,0,0,0,0,0,0,0,0,0,0
18992,0,149,3,0,0,0,0,0,0,0,0,0
18993,3,44,3,0,0,0,0,0,0,0,0,0
18994,0,0,0,0,0,0,53,85,1,0,0,0
18995,0,0,0,0,0,0,0,0,0,0,103,0
18996,0,0,0,24,6,60,0,0,0,0,0,0
18997,0,0,0,0,0,0,136,402,0,0,0,0
18998,0,0,0,0,0,1,0,0,0,0,841,0
18999,20,165,295,0,0,0,0,0,0,2,6,0
19000,0,0,0,2,11,928,0,0,0,0,4,0
19001,0,0,0,0,0,1,0,0,0,0,0,0
19002,2,588,2,0,0,0,5,0,0,0,0,0
19003,0,0,0,7,69,52,0,0,0,0,0,0
19004,0,0,0,3,0,22,0,0,0,0,0,0
19005,4,105,1,0,0,0,1,0,0,0,0,0
19006,0,0,0,0,135,0,83,22636,0,0,0,0
19007,0,0,0,0,0,1,0,0,0,1,504,2
19008,48,31,192,0,0,0,0,0,0,0,0,0
19009,0,3,0,0,3,0,2694,2581,4,0,0,0
19010,0,92,5,0,0,0,0,0,0,0,0,0
19011,0,0,0,0,0,12,0,0,0,477,3287,0
19012,1,1,3,0,0,0,0,0,0,0,0,0
19013,1,43,0,0,0,0,0,0,0,0,0,0
19014,16,421,0,0,0,0,3,0,0,0,0,0
19015,0,0,0,26,3,111,0,0,0,0,2,0
19016,0,0,0,20,2,33,0,0,0,0,0,0
19017,0,0,0,1,0,69,0,0,0,13,6029,0
19018,0,0,0,0,0,4,0,0,0,49,1513,2
19019,0,0,0,0,0,10,0,0,0,129,1191,0
19020,385,124,14,1,0,0,0,0,0,0,0,0
19021,0,0,0,0,0,0,333,128,1,0,0,0
19022,0,0,0,0,0,31,0,0,0,0,0,0
19023,0,0,0,2,35,98,0,2,0,0,0,0
19024,0,0,1,0,0,0,0,0,0,75,20,11
19025,0,0,0,0,0,1,0,0,0,0,0,0
19026,0,0,0,19,74,133,0,0,0,0,0,0
19027,0,0,0,0,0,0,0,0,0,8,174,0
19028,0,14,0,0,0,0,0,0,0,0,0,0
19029,0,0,0,0,0,12,0,0,0,1,2174,0
19030,0,0,0,0,0,0,0,4,2,0,0,0
19031,0,1,0,0,0,0,0,0,0,0,0,0
19032,0,0,0,0,0,31,0,0,0,2,3165,0
19033,19,137,4,0,0,0,0,0,0,0,0,0
19034,0,0,0,0,0,0,0,0,0,0,0,0
19035,0,0,0,33,1,4003,0,0,0,2,3936,0
19036,0,0,0,0,0,0,1,0,3,0,0,0
19037,0,0,0,0,0,0,1,3,0,0,0,0
19038,0,0,0,0,0,128,0,0,0,0,0,0
19039,0,4,0,0,0,0,0,0,0,0,0,0
19040,0,7,0,0,0,0,0,0,0,0,0,0
19041,0,0,0,0,0,0,0,0,0,1,443,1
19042,0,0,0,0,0,0,0,0,0,2,6,0
19043,0,0,0,0,0,0,0,0,0,3,3,0
19044,0,0,0,5,6,114,0,0,0,0,0,0
19045,0,1,0,0,0,0,0,0,0,0,0,0
19046,2,39,0,0,0,0,0,0,0,0,0,0
19047,2,84,5,0,0,0,0,0,0,0,0,0
19048,0,0,0,0,0,0,3,30,3,0,0,0
19049,0,0,0,0,0,0,0,0,0,0,16,7
19050,0,0,0,3,1,356,0,0,0,0,2,0
19051,0,112,75,0,0,0,0,0,0,0,0,0
19052,0,0,0,1,0,52,0,0,0,0,0,0
19053,0,0,0,3,4,352,0,0,0,0,0,0
19054,0,10,4,0,0,0,0,0,0,0,0,0
19055,7,290,7,0,0,0,0,0,0,0,0,0
19056,0,1,0,0,0,0,51,109,0,0,0,0
19057,0,0,0,5,0,2,0,0,0,0,0,0
19058,0,0,0,0,0,0,2,4,2,0,0,0
19059,0,0,0,0,0,165,0,0,0,0,0,0
19060,0,0,0,0,0,0,63,130,0,0,0,0
19061,0,0,0,0,0,73,0,0,0,0,0,0
19062,62,96,0,0,0,0,1,0,0,0,0,0
19063,0,0,0,0,0,1,0,0,0,21,247,3
19064,0,0,0,0,0,0,0,0,0,33,21,0
19065,0,0,0,14,73,182,0,0,0,0,0,0
19066,0,0,0,0,0,0,0,0,0,35,0,3
19067,56,33,0,0,0,0,1,0,0,0,0,0
19068,5,116,17,0,0,0,0,0,0,0,0,0
19069,0,0,0,0,0,0,33,404,0,0,0,0
19070,0,0,0,0,0,2,0,0,0,3,501,0
19071,0,0,0,35,16,167,0,0,0,0,0,0
19072,0,0,0,0,7,0,75,1662,1,0,0,0
19073,1,401,34,0,0,0,0,0,0,0,0,0
19074,0,0,0,1,5,203,0,0,0,0,0,0
19075,0,0,0,0,0,0,131,9,0,0,0,0
19076,0,0,0,0,0,24,0,0,0,0,0,0
19077,39,97,34,0,0,0,0,0,0,0,0,0
19078,0,0,0,0,0,0,64,2,3,0,0,0
19079,13,3936,49,0,0,0,4,0,0,3,0,0
19080,5,131,84,0,0,0,0,0,0,0,0,0
19081,0,0,0,1,0,0,0,0,0,0,0,0
19082,0,0,0,0,0,0,2,2,1,0,0,0
19083,0,0,0,0,0,0,1,14,0,0,0,0
19084,0,26,49,0,0,0,1,0,0,0,0,0
19085,11,275,11,0,0,0,0,0,0,0,0,0
19086,0,1,0,0,59,0,254,3856,59,0,0,0
19087,0,0,0,0,0,12,0,0,0,0,0,0
19088,0,0,0,2,3,15,0,0,0,0,2,0
19089,0,0,0,0,0,1,0,0,0,0,421,1
19090,0,0,0,0,0,3,0,0,0,0,0,0
19091,0,18,8,0,0,0,4,0,0,0,0,0
19092,0,0,0,0,0,288,0,0,0,0,2,0
19093,0,0,0,0,0,0,0,3,3,0,0,0
19094,0,0,0,0,0,0,0,0,0,0,0,0
19095,0,0,0,2,0,285,0,0,0,0,0,0
19096,0,0,0,0,0,0,212,324,2,0,0,0
19097,0,0,2,0,0,0,0,0,0,17,725,2
19098,7,67,4,0,0,0,0,0,0,0,0,0
19099,0,0,0,0,0,0,0,0,0,8,1,10
19100,4,93,0,0,0,0,0,0,0,0,0,0
19101,0,1,0,0,1,0,180,1263,122,0,0,0
19102,0,0,0,0,0,0,0,0,0,4,642,3
19103,0,0,0,0,0,0,0,0,0,0,74,1
19104,0,0,0,2,23,50,0,0,0,0,0,0
19105,0,0,0,7,0,21,0,0,0,0,0,0
19106,0,0,0,0,1,0,103,39,1,0,0,0
19107,0,0,0,0,1,56,0,0,0,0,0,0
19108,16,89,2,0,0,0,5,0,0,0,0,0
19109,0,0,0,0,0,0,112,582,5,0,0,0
19110,0,0,0,1,2,46,0,0,0,0,0,0
19111,0,0,0,0,0,0,51,51,3,0,0,0
19112,0,48,19,0,0,0,0,0,0,0,0,0
19113,0,0,0,0,0,2,0,0,0,56,536,2
19114,0,3,1,0,0,0,0,0,0,0,0,0
19115,0,83,5,0,0,0,0,0,0,0,0,0
19116,2,585,16,0,0,0,4,0,0,0,0,0
19117,0,0,0,0,0,0,91,1090,2,0,0,0
19118,0,0,0,0,0,3,0,0,0,6,2093,2
19119,0,0,0,2,13,114,0,0,0,0,0,0
19120,0,0,0,0,0,16,0,0,0,0,0,0
19121,4,173,2,0,0,0,0,0,0,0,0,0
19122,0,0,0,0,0,122,0,0,0,0,0,0
19123,0,2,0,0,0,0,0,0,0,0,0,0
19124,3,12,3,0,0,0,0,0,0,0,0,0
19125,1,54,13,0,0,0,0,0,0,0,0,0
19126,0,235,1,0,0,0,0,0,0,0,0,0
19127,0,0,0,0,0,28,0,0,0,0,0,0
19128,1,5,1,0,0,0,0,0,0,0,0,0
19129,0,0,0,0,0,0,61,0,0,0,0,0
19130,2,13,28,0,0,0,0,0,0,0,0,0
19131,0,247,19,0,0,0,0,0,0,0,0,0
19132,0,1,0,0,0,0,114,0,1,0,0,0
19133,0,15,24,0,0,0,0,0,0,0,0,0
19134,19,130,11,0,0,0,1,0,0,0,0,0
19135,0,0,0,3,3,250,0,0,0,0,0,0
19136,0,0,0,4,2,10,0,0,0,0,0,0
19137,118,348,7,0,0,0,1,4,0,0,0,0
19138,0,0,0,4,11,60,0,0,0,0,0,0
19139,0,0,0,4,6,80,0,0,0,0,0,0
19140,0,0,0,0,0,0,0,0,0,28,231,2
19141,0,0,0,0,0,0,0,0,0,0,0,0
19142,6,0,1,0,0,0,0,0,0,0,0,0
19143,0,0,0,0,1,89,0,0,0,0,1,0
19144,0,0,0,24,43,1,0,11,0,0,0,0
19145,0,0,0,0,0,0,0,0,0,2,837,5
19146,0,0,0,4,9,162,0,0,0,0,0,0
19147,0,0,0,1,0,22,0,0,0,0,2,0
19148,3,58,0,0,0,0,1,0,0,0,0,0
19149,0,0,0,0,0,170,0,0,0,0,0,0
19150,0,1,0,0,0,0,281,18,7,0,0,0
19151,0,0,0,0,0,2,0,0,0,9,1580,1
19152,0,0,0,0,0,3,0,0,0,145,812,0
19153,5,78,1,0,0,0,2,0,0,0,0,0
19154,0,0,0,0,0,6,0,0,0,9,978,1
19155,0,30,16,0,0,0,0,0,0,0,0,0
19156,0,0,0,0,0,0,0,0,0,26,682,3
19157,1,3,0,0,0,0,0,0,0,0,0,0
19158,0,0,0,3,14,513,0,0,0,0,1,0
19159,0,0,0,1,46,21,0,0,0,0,0,0
19160,0,0,0,0,0,92,0,0,0,13,14088,1
19161,0,0,0,14,8,210,0,0,0,0,2,0
19162,0,1,0,0,0,0,2628,406,11,0,0,0
19163,0,70,10,0,0,0,0,0,0,0,0,0
19164,0,0,0,0,0,26,0,0,0,160,6116,0
19165,1,48,1,0,0,0,0,0,0,0,0,0
19166,1,49,4,0,0,0,0,0,0,0,0,0
19167,3,2209,24,0,0,0,50,9,1,0,0,0
19168,0,0,0,0,1,67,0,0,0,0,0,0
19169,0,0,0,20,4,5,0,0,0,0,0,0
19170,0,0,0,0,0,35,0,0,0,9,5434,1
19171,10,63,13,0,0,0,0,0,0,0,0,0
19172,0,0,0,0,0,0,0,0,0,31,834,1
19173,1,32,1,0,0,0,0,0,0,0,0,0
19174,0,1,0,0,0,0,207,205,0,0,0,0
19175,6,318,247,0,0,0,0,0,0,2,0,0
19176,0,0,0,7,15,212,0,0,0,0,3,0
19177,0,0,0,0,0,0,5,15,1,0,0,0
19178,0,0,0,0,0,0,2,3,2,0,0,0
19179,0,0,0,2,3,112,0,0,0,0,1,0
19180,0,0,0,0,20,0,280,2008,2,0,0,0
19181,0,0,0,1,0,8,0,0,0,0,0,0
19182,23,775,13,0,0,0,3,0,0,0,0,0
19183,0,0,0,3,4,8,0,0,0,0,0,0
19184,0,0,0,0,0,0,0,27,4,0,0,0
19185,0,0,0,0,0,17,0,0,0,3,4685,0
19186,0,0,0,0,0,17,0,0,0,97,3692,0
19187,0,0,0,2,0,4,0,0,0,0,0,0
19188,6,131,4,0,0,0,0,0,0,0,0,0
19189,0,0,0,0,2,10,0,0,0,0,0,0
19190,0,0,0,0,0,1,0,0,0,0,0,0
19191,0,0,0,0,2,27,0,0,0,0,0,0
19192,0,0,0,0,0,1,0,0,0,0,0,0
19193,0,0,0,0,0,0,0,2,0,0,0,0
19194,0,0,0,0,0,0,0,1,0,0,0,0
19195,0,1,0,0,0,0,0,0,0,0,0,0
19196,0,2,0,0,0,0,0,0,0,0,0,0
19197,0,0,0,0,0,57,0,0,0,0,0,0
19198,0,0,0,6,0,0,0,0,0,0,0,0
19199,0,0,0,0,0,0,0,3,0,0,0,0
19200,0,0,0,0,0,0,0,0,0,0,316,0
19201,7,18,5,0,0,0,0,0,0,0,0,0
19202,0,14,2,0,0,0,0,0,0,0,0,0
19203,0,0,0,1,0,131,0,0,0,0,0,0
19204,0,0,0,0,0,0,92,7,0,0,0,0
19205,0,0,0,0,0,41,0,0,0,0,0,0
19206,0,0,0,0,0,2,0,0,0,15,565,0
19207,0,0,0,0,0,0,59,8,2,0,0,0
19208,0,51,3,0,0,0,0,0,0,0,0,0
19209,0,0,0,10,101,157,0,0,0,0,0,0
19210,1,104,0,0,0,0,0,0,0,0,0,0
19211,0,0,0,0,1,0,38,9,0,0,0,0
19212,0,305,2,0,0,0,0,0,0,0,0,0
19213,0,0,0,0,1,1,0,0,0,0,0,0
19214,1,95,0,0,0,0,0,0,0,0,0,0
19215,0,0,0,0,0,462,0,0,0,0,2,0
19216,0,0,0,0,0,0,0,0,0,0,40,1
19217,0,0,0,0,0,0,0,0,0,90,89,0
19218,0,0,0,10,0,23,0,0,0,0,0,0
19219,0,0,0,0,1,0,263,381,0,0,0,0
19220,0,0,0,4,4,4303,0,0,0,0,1282193,0
19221,0,0,0,2,3,76,0,0,0,0,0,0
19222,0,0,0,0,0,0,0,0,0,0,0,0
19223,1,3,2,0,0,0,0,0,0,0,0,0
19224,0,0,0,1,8,552,0,0,0,0,0,0
19225,0,0,0,0,67,1,0,1,0,0,0,0
19226,0,0,0,0,0,0,0,0,0,0,0,0
19227,0,0,0,0,0,0,0,0,0,3,224,1
19228,1,77,16,0,0,0,0,0,0,0,0,0
19229,0,0,0,0,0,1,0,0,0,0,0,0
19230,0,0,0,14,3,139,0,0,0,0,0,0
19231,0,0,0,0,0,0,41,3,0,0,0,0
19232,0,0,0,0,0,41,0,0,0,0,0,0
19233,0,0,0,0,2,39,0,0,0,0,0,0
19234,0,0,0,2,0,0,0,0,0,0,0,0
19235,0,0,0,0,0,0,0,5,0,0,0,0
19236,0,0,0,0,0,26,0,0,0,0,0,0
19237,1,7,1,0,0,0,0,0,0,0,0,0
19238,0,0,0,0,0,0,11,3,0,0,0,0
19239,1,304,1,0,0,0,0,0,0,0,0,0
19240,0,0,0,1,0,4,0,0,0,0,0,0
19241,0,0,0,0,0,0,0,0,0,0,0,0
19242,0,0,0,0,0,194,0,0,0,0,4,0
19243,0,0,0,0,0,0,3,3,0,0,0,0
19244,0,1,0,0,0,0,0,0,0,0,0,0
19245,0,0,0,0,0,7,0,0,0,0,2679,0
19246,0,10,5,0,0,0,0,0,0,0,0,0
19247,0,0,0,0,0,0,0,0,0,17,10,2
19248,0,0,0,0,1,83,0,0,0,0,0,0
19249,1,1,11,0,0,0,0,0,0,0,0,0
19250,0,1,0,0,0,0,60,1,1,0,0,0
19251,0,107,0,0,0,0,0,0,0,0,0,0
19252,0,0,0,0,0,0,12,108,3,0,0,0
19253,0,0,0,0,0,10,0,0,0,0,0,0
19254,0,0,0,0,0,0,92,365,6,0,0,0
19255,0,0,0,0,0,5,0,0,0,52,910,0
19256,0,0,0,1,0,0,0,0,0,0,0,0
19257,29,273,32,0,0,0,7,0,0,1,0,0
19258,0,0,0,3,6,2,0,0,0,0,0,0
19259,0,0,0,0,0,0,0,0,0,0,25,1
19260,0,0,0,10,1,164,0,0,0,0,2,0
19261,0,19,1,0,0,0,0,0,0,0,0,0
19262,1,28,11,0,0,0,0,0,0,0,0,0
19263,0,0,0,0,0,12,0,0,0,21,2700,0
19264,0,0,0,0,0,9,0,0,0,3,1651,0
19265,4,0,0,30,1,1,0,0,0,0,0,0
19266,0,0,0,1,1,228,0,0,0,0,1,0
19267,0,1,0,0,0,0,0,0,0,0,0,0
19268,0,33,0,0,0,0,0,0,0,0,0,0
19269,0,0,0,0,0,149,0,0,0,4,7744,1
19270,0,0,0,3,40,33,0,0,0,0,0,0
19271,0,0,0,0,0,1,0,0,0,0,0,0
19272,0,0,0,0,0,0,50,40,4,0,0,0
19273,0,0,2,0,0,14,0,0,0,210,1728,4
19274,0,0,13,0,0,2,0,0,0,2150,133,16
19275,5,0,0,169,8,91,0,0,0,0,2,0
19276,0,2,0,0,0,0,59,7,0,0,0,0
19277,0,0,0,0,0,0,1,1,1,0,0,0
19278,0,0,0,0,4,274,0,0,0,0,11,0
19279,0,0,0,6,0,0,0,0,0,0,0,0
19280,0,0,0,0,0,0,3,14,2,0,0,0
19281,0,0,0,0,1,67,0,0,0,0,7,0
19282,0,0,0,0,0,0,11,17,1,0,0,0
19283,1,54,6,0,0,0,2,0,0,0,0,0
19284,0,0,0,1,0,103,0,0,0,0,1,0
19285,0,0,0,0,0,0,28,3,0,0,0,0
19286,0,0,0,0,0,0,0,0,0,0,0,0
19287,0,0,0,11,8,81,0,0,0,0,0,0
19288,0,0,0,0,0,0,9,10,0,0,0,0
19289,0,0,0,0,0,0,1,1,1,0,0,0
19290,0,0,0,0,0,31,0,0,0,5,599,0
19291,83,140,3,2,0,0,3,0,0,0,0,0
19292,0,0,0,0,18,0,2,803,1,0,0,0
19293,0,0,0,0,0,122,0,0,0,0,0,0
19294,0,0,0,3,34,20,0,0,0,0,0,0
19295,0,0,0,0,19,1,0,0,0,0,0,0
19296,0,2,0,0,0,0,493,3,0,0,0,0
19297,0,0,0,2,4,1,0,0,0,0,0,0
19298,0,0,0,0,0,0,0,0,0,0,0,0
19299,0,0,0,0,0,0,0,0,0,0,0,0
19300,0,0,0,0,1,0,17,105,3,0,0,0
19301,0,0,0,1,10,25,0,5,0,0,0,0
19302,29,52,5,0,0,0,0,0,0,0,0,0
19303,0,3,0,0,0,0,0,0,0,0,0,0
19304,5,16,0,0,0,0,0,0,0,0,0,0
19305,0,0,0,1,0,470,0,0,0,0,7,0
19306,1,1,0,0,0,0,0,0,0,0,0,0
19307,1,53,5,0,0,0,1,0,0,0,0,0
19308,2,112,1,0,0,0,0,0,0,0,0,0
19309,0,0,0,0,0,0,0,0,0,2,5,23
19310,0,12,0,0,0,0,0,0,0,0,0,0
19311,0,0,0,0,0,266,0,0,0,0,8,0
19312,0,0,0,0,0,0,3,12,0,0,0,0
19313,0,0,0,0,0,1,0,0,0,1,60,1
19314,15,125,164,0,0,0,4,0,0,3,0,0
19315,0,0,0,0,0,2,0,0,0,0,0,0
19316,0,0,0,0,0,1,0,0,0,0,0,0
19317,0,0,0,0,0,2,0,0,0,1,149,3
19318,0,0,0,0,0,0,0,0,0,2,89,1
19319,18,0,1,0,0,0,0,0,0,0,0,0
19320,0,0,0,0,0,32,0,0,0,1,973,1
19321,0,17,1,0,0,0,1,0,0,0,0,0
19322,0,0,0,0,0,0,0,0,0,0,0,0
19323,0,86,1,0,0,0,1,0,0,0,0,0
19324,0,0,0,0,0,1,0,0,0,44,201,1
19325,0,0,0,0,0,0,0,0,0,8,43,0
19326,100,238,7,3,0,0,2,0,0,0,0,0
19327,0,6,0,0,11,0,69,149,1,0,0,0
19328,0,0,0,0,0,13,0,0,0,1,479,0
19329,0,0,0,7,8,106,0,0,0,0,0,0
19330,0,0,0,2,13,62,0,1,0,0,0,0
19331,0,0,0,0,0,1,0,0,0,0,0,0
19332,0,0,0,6,0,20,0,0,0,0,0,0
19333,0,0,0,0,0,0,18,21,1,0,0,0
19334,2,54,13,0,0,0,0,0,0,0,0,0
19335,0,0,0,11,4,248,0,0,0,0,3,0
19336,0,3,4,0,0,0,0,0,0,0,0,0
19337,1,17,1,0,0,0,0,0,0,0,0,0
19338,0,213,2,0,0,0,3,0,0,0,0,0
19339,6,136,4,0,0,0,2,0,0,0,0,0
19340,0,0,0,0,2,0,154,107,4,0,0,0
19341,0,0,0,1,4,37,0,0,0,0,1,0
19342,0,0,0,0,0,0,12,27,1,0,0,0
19343,0,0,0,0,0,2,0,0,0,8,517,1
19344,0,0,0,4,27,129,0,0,0,0,7,0
19345,0,0,0,8,2,34,0,0,0,0,0,0
19346,0,0,0,0,0,1,0,0,0,0,0,0
19347,0,0,0,2,0,22,0,0,0,0,0,0
19348,0,5,0,0,1,0,246,157,0,0,0,0
19349,0,0,0,0,2,66,0,0,0,0,0,0
19350,0,0,0,1,0,90,0,0,0,0,0,0
19351,1,9,1,0,0,0,0,0,0,0,0,0
19352,4,53,6,0,0,0,0,0,0,5,0,0
19353,0,0,0,0,5,70,0,0,0,0,0,0
19354,0,0,0,0,0,88,0,0,0,0,2,0
19355,0,0,0,0,1,3,0,0,0,0,0,0
19356,1,48,0,0,0,0,0,0,0,0,0,0
19357,0,4,12,0,0,0,0,0,0,0,0,0
19358,0,19,1,0,0,0,1,0,0,0,0,0
19359,1,32,13,0,0,0,0,0,0,0,0,0
19360,0,0,0,0,0,0,0,0,0,0,1,0
19361,9,54,3,0,0,0,0,0,0,0,0,0
19362,3,122,3,0,0,0,2,0,0,0,0,0
19363,0,0,0,1,12,830,0,0,0,0,344,0
19364,0,0,0,1,0,206,0,0,0,0,6,0
19365,0,22,0,0,0,0,0,0,0,0,0,0
19366,0,0,0,0,0,10,0,0,0,15,986,2
19367,0,0,1,0,0,0,0,0,0,10,208,17
19368,22,222,14,0,0,0,8,0,0,0,0,0
19369,0,0,0,42,0,5,0,0,0,0,0,0
19370,0,0,0,2,1,2,0,0,0,0,0,0
19371,0,0,0,1,0,105,0,0,0,0,3,0
19372,0,0,0,0,1,9,0,0,0,0,0,0
19373,0,0,0,0,6,0,0,0,0,0,0,0
19374,0,0,0,0,0,24,0,0,0,9,2904,0
19375,0,0,0,0,0,2,0,0,0,0,0,0
19376,0,1,1,0,0,0,0,0,0,0,0,0
19377,0,0,0,0,0,145,0,0,0,0,1,0
19378,0,0,0,2,0,198,0,0,0,0,6,0
19379,0,7,0,0,0,0,0,0,0,0,0,0
19380,0,0,0,0,0,19,0,0,0,1,777,0
19381,0,0,0,0,19,3,0,0,0,0,0,0
19382,0,0,0,0,0,0,0,0,0,0,1,1
19383,0,0,0,30,2,231,0,0,0,0,1,0
19384,0,2,0,0,6,0,100,25,2,0,0,0
19385,13,93,11,1,0,0,0,0,0,0,0,0
19386,0,0,0,0,0,5,0,0,0,5,561,0
19387,18,64,201,0,0,0,1,0,0,3,0,0
19388,0,9,0,0,1,0,243,163,3,0,0,0
19389,0,0,0,1,627,77,0,15,0,0,0,0
19390,0,0,0,0,0,188,0,0,0,11,17930,0
19391,0,0,0,0,0,2,0,0,0,8,392,1
19392,17,109,14,1,0,0,9,0,0,0,0,0
19393,0,0,0,0,1,1,0,0,0,0,0,0
19394,0,0,0,0,0,0,1,2,2,0,0,0
19395,0,0,0,0,0,173,0,0,0,0,4,0
19396,0,0,0,0,0,0,1,5,4,0,0,0
19397,12,2,29,0,0,0,0,0,0,0,0,0
19398,0,1,0,0,15,0,48,1202,14,0,0,0
19399,0,0,0,2,1,0,0,0,0,0,0,0
19400,0,0,0,0,0,0,0,0,0,1,3,0
19401,0,0,0,7,44,85,0,2,0,0,0,0
19402,0,0,0,0,0,22,0,0,0,4,2146,0
19403,14,149,3,0,0,0,1,0,0,0,0,0
19404,0,0,0,72,0,366,0,0,0,0,12,0
19405,0,0,0,0,0,0,0,3,1,0,0,0
19406,0,0,0,0,0,0,8,1,0,0,0,0
19407,0,101,48,0,0,0,1,0,0,2,0,0
19408,0,3,11,0,0,0,0,0,0,0,0,0
19409,1,97,0,0,0,0,1,0,0,0,0,0
19410,4,126,7,0,0,0,3,0,0,0,0,0
19411,0,0,0,0,0,0,0,0,0,0,1,0
19412,1,0,0,0,0,0,0,0,0,0,0,0
19413,0,94,0,0,0,0,0,0,0,0,0,0
19414,0,1,0,0,0,0,63,127,2,0,0,0
19415,0,0,0,0,0,2,0,0,0,0,0,0
19416,65,312,3,0,0,0,8,0,0,0,0,0
19417,0,0,0,0,0,0,0,87,3,0,0,0
19418,0,0,0,1,0,0,0,0,0,0,0,0
19419,0,5,0,0,2,0,1228,121,4,0,0,0
19420,0,0,0,2,19,9,0,0,0,0,0,0
19421,0,0,0,0,0,0,0,0,0,0,127,0
19422,18,359,11,1,0,0,15,0,0,0,0,0
19423,0,0,0,0,0,0,0,2,1,0,0,0
19424,1,0,2,0,0,0,0,0,0,0,0,0
19425,0,0,0,0,19,120,0,0,0,0,0,0
19426,3,66,0,0,0,0,0,0,0,0,0,0
19427,0,0,0,0,1,2,0,0,0,0,0,0
19428,16,0,1,1,0,0,0,0,0,0,0,0
19429,0,0,0,0,0,0,41,71,0,0,0,0
19430,0,0,11,0,0,0,0,0,0,0,0,0
19431,0,0,0,0,4,79,0,0,0,0,0,0
19432,0,0,0,0,0,1,0,0,0,0,0,0
19433,3,1,0,0,0,0,0,0,0,0,0,0
19434,0,0,0,0,0,110,0,0,0,0,1,0
19435,0,0,0,0,0,0,5,10,0,0,0,0
19436,0,0,0,1,0,1,0,0,0,0,0,0
19437,0,45,1,0,0,0,0,0,0,0,0,0
19438,0,0,0,0,0,0,0,0,0,1,3,0
19439,0,0,0,0,0,0,0,0,0,4,1,0
19440,9,62,8,0,0,0,2,0,0,0,0,0
19441,0,0,0,0,0,2,0,0,0,1,218,0
19442,0,0,0,2,1,0,0,0,0,0,0,0
19443,9,87,1,0,0,0,0,0,0,0,0,0
19444,1,1,3,0,0,0,0,0,0,0,0,0
19445,1,135,0,0,0,0,2,0,0,0,0,0
19446,0,1,0,0,0,0,118,3,2,0,0,1
19447,0,0,0,1,4,2,0,0,0,0,0,0
19448,0,0,0,0,0,0,0,0,0,0,4,0
19449,0,0,0,70,13,66,0,0,0,0,0,0
19450,0,0,0,0,0,0,43,8,1,0,0,0
19451,0,0,0,0,0,0,0,0,0,6,56,0
19452,175,0,0,1131,9,194,0,0,0,0,1,0
19453,0,20,1,0,0,0,0,0,0,0,0,0
19454,0,0,1,0,0,5,0,0,0,7,254,1
19455,0,7,0,0,1,0,121,198,0,0,0,0
19456,0,0,0,0,2,4,0,0,0,0,0,0
19457,0,0,0,0,0,0,0,2,1,0,0,0
19458,0,0,0,0,0,55,0,0,0,0,2,0
19459,4,260,11,0,0,0,0,0,0,0,0,0
19460,0,0,0,3,1,0,0,0,0,0,0,0
19461,20,1,3,0,0,0,0,0,0,0,0,0
19462,0,35,0,0,0,0,1,0,0,0,0,0
19463,0,0,0,0,0,0,0,0,0,1,2,0
19464,1,100,8,0,0,0,1,0,0,0,0,0
19465,0,0,0,0,0,1,0,0,0,2,6,0
19466,0,0,0,0,0,0,4,1,3,0,0,0
19467,0,0,0,2,23,255,0,0,0,0,7,0
19468,0,0,0,3,0,0,0,0,0,0,0,0
19469,0,0,0,0,0,0,2,0,1,0,0,0
19470,0,0,0,0,0,4,0,0,0,0,97,0
19471,0,0,0,0,0,0,0,0,0,0,0,0
19472,0,0,0,0,0,0,0,0,0,0,0,0
19473,0,0,0,0,1,363,0,0,0,0,5,0
19474,0,0,0,1,0,33,0,0,0,0,1,0
19475,0,0,0,0,0,0,0,0,0,0,0,0
19476,4,1520,0,0,0,0,29,0,0,0,0,0
19477,0,0,0,0,0,0,0,9,0,0,0,0
19478,0,0,0,0,0,0,0,3,2,0,0,0
19479,0,0,0,12,1,85,0,0,0,0,3,0
19480,0,0,0,0,6,0,89,872,1,0,0,0
19481,0,0,0,0,5,0,1,93,0,0,0,0
19482,0,0,0,0,1,50,0,0,0,0,0,0
19483,0,0,0,0,0,0,1,2,1,0,0,0
19484,0,0,0,0,0,0,0,0,0,0,0,0
19485,0,0,0,3,6,55,0,0,0,0,0,0
19486,0,0,0,0,0,0,6,3,0,0,0,0
19487,0,0,0,0,5,5,0,0,0,0,0,0
19488,0,0,0,0,0,49,0,0,0,83,2260,12
19489,0,0,0,0,0,1,0,0,0,0,0,0
19490,0,0,0,0,0,0,3,4,0,0,0,0
19491,0,0,0,0,1,25,0,0,0,0,0,0
19492,0,11,1,0,0,0,0,0,0,0,0,0
19493,0,0,0,0,0,0,26,25,2,0,0,0
19494,0,91,7,0,0,0,21,0,0,0,0,0
19495,0,0,0,0,0,9,0,0,0,0,755,0
19496,2,72,0,0,0,0,1,0,0,0,0,0
19497,0,0,0,1,4,185,0,0,0,0,1,0
19498,0,0,0,0,0,0,0,0,0,1,1,0
19499,0,0,0,0,0,0,0,0,0,0,0,0
19500,0,0,0,0,0,277,0,0,0,0,0,0
19501,0,0,0,0,0,0,2,1,4,0,0,0
19502,0,0,0,0,0,0,0,0,0,22,19,1
19503,0,0,0,10,0,65,0,0,0,0,0,0
19504,7,24,1,1,0,0,1,0,0,0,0,0
19505,1,345,6,0,0,0,10,0,0,0,0,0
19506,0,0,0,7,0,93,0,0,0,0,4,0
19507,0,0,0,0,0,0,5,1,1,0,0,0
19508,0,76,8,0,0,0,8,0,0,0,0,0
19509,0,7,0,0,22,0,605,739,2,0,0,0
19510,0,0,0,0,4,43,0,4,0,0,2,0
19511,0,9,0,0,0,0,5,0,0,0,0,0
19512,0,0,0,0,0,28,0,0,0,0,1978,0
19513,0,0,6,0,0,0,0,0,0,0,0,0
19514,0,0,0,0,0,0,3,2,0,0,0,0
19515,6,1567,0,2,0,0,28,0,0,0,0,0
19516,0,0,0,1,4,333,0,0,0,0,5,0
19517,0,0,0,0,10,35,0,0,0,0,1,0
19518,0,2,0,0,13,0,178,1606,74,0,0,0
19519,0,0,0,1,0,1345,0,0,0,0,39,0
19520,4,40,1,0,0,0,0,0,0,0,0,0
19521,0,0,0,0,0,774,0,0,0,0,7,0
19522,0,0,1,0,0,0,0,0,0,41,2,6
19523,0,0,0,0,0,1,0,0,0,0,0,0
19524,0,0,1,1,0,472,0,0,0,57,38661,13
19525,0,2,0,0,4,0,379,1214,11,0,0,0
19526,0,184,26,0,0,0,0,0,0,0,0,0
19527,1,0,0,44,9,101,0,0,0,0,1,0
19528,0,0,0,0,0,0,5,55,0,0,0,0
19529,0,0,0,0,0,2,0,0,0,4,39,0
19530,1,0,0,12,22,506,0,0,0,0,6,0
19531,0,0,0,0,1,13,0,0,0,0,0,0
19532,0,113,0,0,0,0,0,0,0,0,0,0
19533,0,0,0,0,0,210,0,0,0,0,0,0
19534,2,0,2,0,0,0,0,0,0,0,0,0
19535,0,1,0,0,0,0,0,0,0,0,0,0
19536,0,0,0,0,0,2,0,0,0,0,211,0
19537,20,63,3,0,0,0,3,0,0,0,0,0
19538,0,0,0,11,30,219,0,0,0,0,15,0
19539,0,0,0,0,0,0,13,50,1,0,0,0
19540,14,232,63,0,0,0,9,0,0,0,0,0
19541,0,0,0,1,0,724,0,0,0,0,18,0
19542,0,1,0,0,62,0,143,5214,36,0,0,0
19543,1,161,36,0,0,0,1,0,0,0,0,0
19544,0,0,0,1,5,63,0,0,0,0,0,0
19545,0,0,1,0,0,6,0,0,0,65,380,4
19546,0,0,0,16,40,3,0,0,0,0,0,0
19547,0,0,0,0,0,2,0,0,0,1,276,0
19548,0,0,0,0,0,0,0,0,0,0,0,0
19549,0,0,0,0,152,0,19,2960,1,0,0,0
19550,0,0,0,0,0,1,0,0,0,19,152,4
19551,2,0,0,34,3,115,0,0,0,0,0,0
19552,0,0,0,0,0,0,1,3,0,0,0,0
19553,0,0,0,0,0,0,3,1,2,0,0,0
19554,0,0,1,0,0,39,0,0,3,76,1756,21
19555,0,0,0,0,0,3,0,0,0,0,0,0
19556,0,0,0,2,0,1,0,0,0,0,0,0
19557,0,0,0,0,2,35,0,0,0,0,1,0
19558,0,54,0,0,0,0,0,0,0,0,0,0
19559,0,3,0,0,2,0,46,53,2,0,0,0
19560,0,0,0,0,0,116,0,0,0,14,1319,1
19561,0,0,0,0,3,12,0,0,0,0,0,0
19562,0,0,0,1,0,4,0,0,0,0,0,0
19563,0,2667,0,0,4,0,5721,1032,2,0,0,0
19564,0,0,0,0,0,6,0,0,0,0,0,0
19565,0,0,0,0,0,0,1,6,1,0,0,0
19566,0,0,0,0,0,0,0,6,0,0,0,0
19567,0,1,0,0,1,0,109,66,0,0,0,0
19568,0,0,0,0,2,13,0,0,0,0,0,0
19569,0,0,0,3,4,53,0,0,0,0,0,0
19570,0,0,0,0,0,6,0,0,0,0,0,0
19571,5,1,1,0,0,0,0,0,0,0,0,0
19572,0,0,0,0,0,33,0,0,0,0,3262,3
19573,2,2,2,0,0,0,0,0,0,0,0,0
19574,0,35,2,0,0,0,0,0,0,0,0,0
19575,3,65,2,0,0,0,0,0,0,0,0,0
19576,0,0,0,0,0,0,0,0,0,4,1,0
19577,1,14,32,0,0,0,0,0,0,0,0,0
19578,1,273,6,0,0,0,3,2,0,0,0,0
19579,0,0,0,1,0,23,0,0,0,0,0,0
19580,0,0,0,0,0,0,0,0,0,0,0,0
19581,0,0,0,3,2,71,0,0,0,0,0,0
19582,0,0,0,0,0,0,47,12,3,0,0,0
19583,0,79,7,0,0,0,0,0,0,0,0,0
19584,0,0,0,2,0,571,0,0,0,0,0,0
19585,0,25,0,0,0,0,0,0,0,0,0,0
19586,0,0,0,0,0,10,0,0,0,69,2357,3
19587,0,0,0,3,7,53,0,0,0,0,0,0
19588,0,0,0,0,2,3,0,0,0,0,0,0
19589,16,11,0,0,0,0,0,0,0,0,0,0
19590,0,0,0,1,0,747,0,0,0,0,1,0
19591,1,2,0,0,0,0,0,0,0,0,0,0
19592,0,3,0,0,0,0,0,0,0,0,0,0
19593,0,0,0,0,0,3,0,0,0,2,1941,0
19594,0,0,0,0,0,0,0,0,0,57,18,21
19595,0,0,0,68,2,6,0,0,0,0,0,0
19596,0,0,1,0,0,0,0,0,0,82,964,63
19597,0,0,0,0,0,0,0,0,0,0,0,0
19598,0,0,0,0,0,0,0,3,0,0,0,0
19599,0,0,0,0,0,0,0,11,1,0,0,0
19600,0,9,14,0,0,0,0,0,0,0,0,0
19601,0,45,3,0,0,0,0,0,0,0,0,0
19602,0,0,2,0,0,91,0,0,0,76,3918,0
19603,0,32,0,0,0,0,0,0,0,0,0,0
19604,0,0,0,0,0,0,0,0,0,4,18,9
19605,2,0,0,424,109,38,0,0,0,0,0,0
19606,0,0,0,0,0,1,0,0,0,0,0,0
19607,0,0,0,0,1,0,0,0,0,0,0,0
19608,0,0,0,1,0,39,0,0,0,0,0,0
19609,1,28,0,0,0,0,0,0,0,0,0,0
19610,0,0,0,0,0,13,0,0,0,1,1269,0
19611,15,101,1,0,0,0,0,0,0,0,0,0
19612,0,1,33,0,0,0,0,0,0,0,0,0
19613,0,0,0,0,0,0,308,17,2,0,0,0
19614,0,96,1,0,0,0,0,0,0,0,0,0
19615,0,0,0,0,0,0,0,0,0,0,5,0
19616,0,0,0,0,1,2,0,0,0,0,0,0
19617,0,0,0,9,37,88,0,0,0,0,0,0
19618,0,0,0,0,0,0,0,0,0,0,1,0
19619,1,1,0,0,0,0,0,0,0,0,0,0
19620,0,0,0,0,0,0,36,3,0,0,0,0
19621,6,283,0,0,0,0,2,0,0,0,0,0
19622,0,0,0,0,0,0,2,3,0,0,0,0
19623,0,0,0,0,1,29,0,0,0,0,0,0
19624,0,0,0,19,2,28,0,0,0,0,0,0
19625,0,0,0,0,0,0,0,0,0,0,0,0
19626,0,86,0,0,0,0,0,0,0,0,0,0
19627,0,0,0,0,0,0,23,1,3,0,0,0
19628,1,11,11,0,0,0,0,0,0,0,0,0
19629,7,75,1,0,0,0,1,0,0,0,0,0
19630,0,5,1,0,0,0,0,0,0,0,0,0
19631,3,95,10,0,0,0,0,0,0,0,0,0
19632,0,0,0,11,3,262,0,0,0,0,0,0
19633,0,0,0,0,0,0,40,55,0,0,0,0
19634,0,0,0,0,1,3,0,0,0,0,0,0
19635,0,0,0,0,0,0,47,110,3,0,0,0
19636,0,0,0,0,0,0,96,14,0,0,0,0
19637,0,0,0,0,0,1,0,0,0,0,327,0
19638,0,0,0,1,189,62,0,0,0,0,0,0
19639,0,0,0,0,0,20,0,0,0,0,0,0
19640,0,0,0,1,7,20,0,0,0,0,0,0
19641,0,0,0,2,0,71,0,0,0,0,0,0
19642,1,1,1,0,0,0,0,0,0,0,0,0
19643,0,35,0,0,0,0,0,0,0,0,0,0
19644,0,0,0,0,0,126,0,0,0,0,0,0
19645,0,0,0,0,0,0,55,1211,3,0,0,0
19646,0,0,0,0,0,9,0,0,0,0,0,0
19647,0,0,0,7,1,55,0,0,0,0,0,0
19648,0,0,0,0,1,0,91,1270,2,0,0,0
19649,0,0,0,4,0,14,0,0,0,0,0,0
19650,30,368,3,0,0,0,0,0,0,0,0,0
19651,3,36,3,0,0,0,0,0,0,0,0,0
19652,0,97,24,0,0,0,1,0,0,0,0,0
19653,0,0,0,2,1,203,0,0,0,0,0,0
19654,2,147,10,0,0,0,0,0,0,0,0,0
19655,4,1016,22,0,0,0,3,0,0,0,0,0
19656,0,0,0,1,38,0,288,2596,19,0,0,0
19657,0,0,0,0,0,0,179,3,2,0,0,0
19658,0,0,0,0,0,0,43,35,0,0,0,0
19659,1,104,10,0,0,0,2,0,0,0,0,0
19660,0,0,0,0,0,1,0,0,0,13,270,2
19661,0,33,1,0,0,0,0,0,0,0,0,0
19662,0,0,0,0,0,8,0,0,0,71,1809,1
19663,0,0,0,4,7,8,0,0,0,0,0,0
19664,0,0,0,5,6,7,0,0,0,0,0,0
19665,0,0,0,2,0,18,0,0,0,0,0,0
19666,0,0,0,0,0,0,71,234,2,0,0,0
19667,4,200,51,0,0,0,3,0,0,0,0,0
19668,0,0,0,67,5,155,0,0,0,0,2,0
19669,0,6,0,0,0,0,1618,1,1,0,0,0
19670,0,4,0,0,0,0,888,22,1,0,0,0
19671,230,51,17,0,0,0,0,0,0,0,0,0
19672,0,0,0,0,0,0,0,0,0,96,1,79
19673,31,153,1,0,0,0,0,0,0,0,0,0
19674,0,169,5,0,0,0,2,0,0,0,0,0
19675,0,0,0,0,0,0,0,0,0,18,1,24
19676,2,172,2,0,0,0,1,0,0,0,0,0
19677,0,0,0,0,21,0,209,4056,22,0,0,0
19678,0,0,0,0,0,0,22,19,2,0,0,0
19679,0,0,0,0,0,0,25,42,0,0,0,0
19680,0,0,0,23,2095,108,0,24,0,0,0,0
19681,0,0,0,0,0,0,50,0,10,0,0,0
19682,14,61,54,0,0,0,0,0,0,0,0,0
19683,21,302,169,0,0,0,0,0,0,1,0,0
19684,0,1,0,0,24,0,693,4079,8,0,0,0
19685,0,0,0,1,0,71,0,0,0,0,1,0
19686,7,118,3,0,0,0,0,0,0,0,0,0
19687,0,0,1,0,0,0,0,0,0,205,491,0
19688,0,0,0,0,0,0,0,0,0,19,243,0
19689,35,175,63,0,0,0,0,0,0,0,0,0
19690,0,0,0,0,1,0,273,205,10,0,0,0
19691,0,0,0,1,0,17,0,0,0,0,0,0
19692,0,0,0,17,7,21,0,0,0,0,0,0
19693,0,0,0,4,11,5,0,0,0,0,0,0
19694,0,0,0,0,0,3,0,0,0,5,335,1
19695,0,0,0,0,1,45,0,0,0,0,0,0
19696,1,236,5,0,0,0,0,0,0,0,0,0
19697,0,0,0,0,4,102,0,0,0,0,0,0
19698,0,0,0,0,0,1,0,0,0,1,308,0
19699,1,81,3,0,0,0,0,0,0,0,0,0
19700,0,0,0,0,10,30,0,0,0,0,0,0
19701,0,0,0,0,0,28,0,0,0,0,0,0
19702,2,29,1,0,0,0,2,0,0,0,0,0
19703,7,74,3,0,0,0,0,0,0,0,0,0
19704,0,0,0,2,0,298,0,0,0,0,3,0
19705,1,24,0,0,0,0,1,0,0,0,0,0
19706,0,48,5,0,0,0,0,0,0,0,0,0
19707,0,0,0,0,0,0,0,0,0,14,99,0
19708,2,30,0,0,0,0,0,0,0,0,0,0
19709,0,0,0,0,0,1,0,0,0,95,123,0
19710,0,0,0,3,11,163,0,0,0,0,1,0
19711,0,0,0,0,0,0,94,46,1,0,0,0
19712,0,0,0,0,2,7,0,0,0,0,0,0
19713,0,0,0,2,5,34,0,0,0,0,0,0
19714,0,0,0,1,0,46,0,0,0,0,0,0
19715,4,28,0,0,0,0,0,0,0,0,0,0
19716,0,0,0,0,0,0,0,0,0,1,191,1
19717,3,48,0,0,0,0,0,0,0,0,0,0
19718,0,0,0,0,0,13,0,0,0,2,5418,6
19719,17,64,4,0,0,0,0,0,0,0,0,0
19720,0,56,12,0,0,0,0,0,0,0,0,0
19721,9,25,7,0,0,0,0,0,0,0,0,0
19722,9,101,9,0,0,0,0,0,0,0,0,0
19723,0,0,0,0,38,0,86,1117,0,0,0,0
19724,0,0,0,1,1,30,0,0,0,0,0,0
19725,1,0,0,912,38,51,0,0,0,0,0,0
19726,0,0,0,0,0,0,35,72,2,0,0,0
19727,1,238,77,0,0,0,2,0,0,0,0,0
19728,0,0,0,18,8,166,0,0,0,0,2,0
19729,0,0,0,0,0,0,153,302,0,0,0,0
19730,0,2,0,0,0,0,101,20,0,0,0,0
19731,0,0,0,0,1,50,0,0,0,0,0,0
19732,0,2,0,0,2,0,121,573,0,0,0,0
19733,0,0,0,1,5,80,0,0,0,0,0,0
19734,0,0,0,27,17,82,0,0,0,0,0,0
19735,0,0,0,0,10,0,28,3658,26,0,0,0
19736,11,301,22,0,0,0,1,0,0,0,0,0
19737,0,0,0,4,4,303,0,0,0,0,1,0
19738,0,0,0,0,0,0,289,93,5,0,0,0
19739,0,0,0,0,0,20,0,0,0,0,0,0
19740,16,172,2,0,0,0,0,0,0,0,0,0
19741,0,0,0,0,0,0,118,0,5,0,0,0
19742,15,86,57,0,0,0,0,0,0,0,0,0
19743,5,634,21,0,0,0,3,0,0,0,0,0
19744,0,0,0,2,35,208,0,0,0,0,0,0
19745,0,0,0,0,0,1,0,0,0,0,0,0
19746,0,2,0,0,0,0,290,10,0,0,0,0
19747,0,0,0,0,0,2,0,0,0,0,0,0
19748,0,0,0,2,5,0,0,0,0,0,0,0
19749,0,0,0,0,0,42,0,0,0,0,0,0
19750,0,0,0,0,0,0,39,2,15,0,0,0
19751,125,132,43,31,0,0,1,0,0,2,3,0
19752,0,220,17,0,0,0,0,0,0,0,0,0
19753,8,1,0,0,0,0,0,0,0,0,0,0
19754,1,25,8,0,0,0,0,0,0,0,0,0
19755,0,0,0,0,0,232,0,0,0,0,2,0
19756,0,9,0,0,0,0,0,0,0,0,0,0
19757,0,18,38,0,0,0,0,0,0,0,0,0
19758,8,41,13,0,0,0,1,0,0,0,0,0
19759,0,4,0,0,0,0,0,0,0,0,0,0
19760,0,0,0,0,0,0,0,0,0,0,11,0
19761,9,46,0,0,0,0,0,0,0,0,0,0
19762,0,22,7,0,0,0,0,0,0,0,0,0
19763,0,0,0,0,0,5,0,0,0,5,2022,0
19764,57,133,5,0,0,0,0,2,0,0,0,0
19765,0,0,0,11,0,71,0,0,0,0,1,0
19766,0,0,0,1,0,9,0,0,0,0,0,0
19767,3,60,0,0,0,0,0,0,0,0,0,0
19768,0,0,0,0,0,3,0,0,0,0,110,1
19769,0,0,0,0,0,0,0,0,0,0,4,0
19770,0,0,0,0,4,197,0,0,0,0,3,0
19771,0,0,0,0,0,0,76,2,0,0,0,0
19772,0,0,0,0,1,133,0,0,0,0,0,0
19773,0,0,0,9,0,13,0,0,0,0,0,0
19774,0,1,0,0,0,0,0,0,0,0,0,0
19775,0,43,2,0,0,0,0,0,0,0,0,0
19776,0,0,0,0,0,428,0,0,0,0,0,0
19777,0,0,0,0,0,0,42,2,0,0,0,0
19778,0,0,0,0,1,3,0,0,0,0,0,0
19779,11,380,0,0,0,0,1,0,0,0,0,0
19780,0,0,0,0,0,0,54,275,0,0,0,0
19781,0,0,0,0,0,0,0,0,0,0,140,1
19782,40,98,4,0,0,0,0,0,0,0,0,0
19783,0,0,0,0,0,11,0,0,0,0,0,0
19784,0,0,0,0,1,0,0,0,0,0,0,0
19785,0,0,0,1,2,224,0,0,0,0,0,0
19786,0,0,0,0,0,0,0,4,0,0,0,0
19787,2,1,0,0,0,0,0,0,0,0,0,0
19788,0,0,0,0,1,0,179,513,2,0,0,0
19789,0,0,0,0,0,1,0,0,0,29,9,32
19790,0,0,0,2,0,6,0,0,0,0,0,0
19791,0,0,0,11,34,136,0,0,0,0,0,0
19792,0,0,0,0,1,0,0,0,0,0,0,0
19793,3,0,0,0,0,0,5,7,0,0,0,0
19794,0,0,0,0,0,0,0,14,1,0,0,0
19795,0,0,0,0,0,0,3,41,0,0,0,0
19796,0,0,0,0,0,0,0,0,0,0,7,7
19797,0,0,0,27,24,114,0,0,0,0,0,0
19798,0,0,4,0,0,0,0,0,0,0,0,0
19799,0,344,0,0,0,0,4,0,0,0,0,0
19800,0,0,0,0,0,0,170,794,6,0,0,0
19801,0,0,0,0,0,0,0,0,0,3,26,0
19802,0,0,0,0,0,0,9,3,2,0,0,0
19803,0,0,0,0,0,9,0,0,0,40,446,4
19804,2,44,5,0,0,0,0,0,0,0,0,0
19805,0,27,30,0,0,0,0,0,0,0,0,0
19806,0,0,0,0,0,6,0,0,0,4,3280,0
19807,4,101,3,0,0,0,0,0,0,0,0,0
19808,0,0,0,0,1,54,0,0,0,0,0,0
19809,0,0,0,7,0,86,0,0,0,0,0,0
19810,1,203,56,0,0,0,0,0,0,0,0,0
19811,0,49,6,0,0,0,0,0,0,0,0,0
19812,5,39,5,0,0,0,0,0,0,0,0,0
19813,0,0,0,0,0,16,0,0,0,25,2934,0
19814,0,0,0,0,0,0,0,0,0,0,189,0
19815,489,118,36,1,0,0,0,0,0,0,0,0
19816,0,0,0,1,23,0,223,3745,27,0,0,0
19817,0,0,0,1,0,75,0,0,0,0,0,0
19818,0,124,0,0,0,0,0,0,0,0,0,0
19819,0,0,0,0,0,0,0,0,0,2,206,0
19820,0,0,0,0,0,0,0,0,0,0,2,0
19821,90,405,18,0,0,0,1,0,0,0,0,0
19822,0,0,0,0,0,0,0,1,2,0,0,0
19823,0,2,1,0,0,0,0,0,0,0,0,0
19824,0,1,0,0,0,0,256,183,4,0,0,0
19825,0,0,0,0,0,0,120,267,1,0,0,0
19826,0,0,0,0,0,27,0,0,0,0,0,0
19827,0,1,0,0,2,0,65,469,10,0,0,0
19828,1,3,0,0,0,0,0,0,0,0,0,0
19829,0,50,2,0,0,0,1,0,0,0,0,0
19830,1,29,1,0,0,0,0,0,0,0,0,0
19831,3,133,12,0,0,0,0,0,0,0,0,0
19832,0,0,0,1,0,1,0,0,0,0,0,0
19833,1,80,10,0,0,0,0,0,0,0,0,0
19834,0,0,0,0,0,1,0,0,0,41,70,2
19835,0,0,0,2,0,0,0,0,0,0,0,0
19836,0,0,0,0,0,3,0,0,0,9,604,1
19837,16,59,13,0,0,0,1,0,0,0,0,0
19838,2,24,118,0,0,0,0,0,0,4,0,0
19839,0,0,0,0,1,17435,0,0,0,0,283,0
19840,0,0,0,0,0,0,0,0,0,0,0,0
19841,0,152,0,0,0,0,1,0,0,0,0,0
19842,0,0,0,1,0,251,0,0,0,0,0,0
19843,0,0,0,0,0,42,0,0,0,0,0,0
19844,0,0,0,0,12,6,0,0,0,0,0,0
19845,0,1,0,0,0,0,166,14,1,0,0,0
19846,0,5,0,0,0,0,1325,77,0,0,0,0
19847,0,0,0,0,0,0,59,24,0,0,0,0
19848,0,0,0,0,2,90,0,0,0,0,0,0
19849,0,0,0,0,0,0,40,2,0,0,0,0
19850,0,0,0,0,2,14,0,0,0,0,0,0
19851,0,0,0,0,4,0,156,155,20,0,0,0
19852,0,0,0,0,0,0,7,6,2,0,0,0
19853,0,3,0,0,0,0,0,0,0,0,0,0
19854,0,0,0,0,0,24,0,0,0,1,5673,0
19855,0,154,13,0,0,0,1,0,0,0,0,0
19856,0,0,0,1,0,3,0,0,0,0,0,0
19857,0,0,0,19,19,46,0,0,0,0,0,0
19858,0,0,0,0,0,0,36,75,4,0,0,0
19859,0,0,0,0,0,135,0,0,0,1,12264,2
19860,0,0,0,12,12,101,0,0,0,0,0,0
19861,0,0,0,0,0,0,110,69,1,0,0,0
19862,0,0,0,0,0,52,0,0,0,24,6113,1
19863,0,0,0,3,0,40,0,0,0,0,0,0
19864,2,28,2,0,0,0,0,0,0,0,0,0
19865,4,191,11,0,0,0,0,0,0,0,0,0
19866,0,0,0,8,0,486,0,0,0,0,18,0
19867,10,122,1,0,0,0,0,0,0,0,0,0
19868,0,0,0,0,0,0,0,0,0,87,645,6
19869,0,0,0,9,19,38,0,0,0,0,0,0
19870,0,0,0,0,0,0,54,179,48,0,0,0
19871,0,0,0,0,0,1,0,0,0,0,0,0
19872,0,0,0,0,15,0,192,4291,54,0,1,0
19873,9,512,31,0,0,0,5,0,0,0,0,0
19874,0,0,0,0,0,3,0,0,0,0,0,0
19875,0,0,3,0,0,2,0,0,0,357,1552,2
19876,0,0,0,1,0,1,0,0,0,0,0,0
19877,0,0,0,0,0,0,0,1,0,0,0,0
19878,0,0,0,0,0,0,0,1,0,0,0,0
19879,0,0,0,0,0,0,203,9,0,0,0,0
19880,0,0,0,0,0,0,0,0,0,0,0,0
19881,0,0,0,0,0,20,0,0,0,28,2417,0
19882,0,0,0,4,0,392,0,0,0,0,4,0
19883,0,18,1,0,0,0,0,0,0,0,0,0
19884,0,0,0,0,0,2,0,0,0,0,2923,0
19885,1,53,5,0,0,0,0,0,0,0,0,0
19886,4,100,3,0,0,0,1,0,0,0,0,0
19887,11,168,16,0,0,0,2,0,0,0,0,0
19888,0,47,31,0,0,0,0,0,0,0,0,0
19889,0,0,0,0,1,0,76,45,3,0,0,0
19890,22,283,37,0,0,0,0,0,0,0,0,0
19891,0,0,0,0,6,0,114,2517,12,0,0,0
19892,32,440,57,0,0,0,0,0,0,1,0,0
19893,0,0,0,42,12,918,0,0,0,0,1,0
19894,0,2,0,0,1,0,338,89,0,0,0,0
19895,0,0,0,0,0,0,0,0,0,1,1547,2
19896,0,0,0,71,55,694,0,0,0,0,4,0
19897,0,0,0,0,0,0,0,0,0,2,34,1
19898,0,0,0,0,0,0,0,0,0,0,2,0
19899,47,347,24,0,0,0,0,0,0,0,0,0
19900,0,0,0,0,0,0,181,181,0,0,0,0
19901,0,0,0,0,0,0,0,0,0,1,331,2
19902,1,93,0,0,0,0,0,0,0,0,0,0
19903,0,0,0,0,0,0,0,0,0,2,178,2
19904,4,23,0,0,0,0,0,0,0,0,0,0
19905,0,0,0,2,1,632,0,0,0,0,0,0
19906,0,266,0,0,0,0,2,0,0,0,0,0
19907,0,0,0,0,0,11,0,0,0,0,0,0
19908,4,417,5,0,0,0,3,0,0,0,0,0
19909,0,0,0,1,621,8,0,0,0,0,0,0
19910,0,0,0,0,0,1,0,0,0,10,394,3
19911,0,0,0,22,2,274,0,0,0,0,0,0
19912,8,0,0,0,0,0,0,0,0,0,0,0
19913,0,0,0,0,0,0,0,0,0,2,2,0
19914,0,0,0,6,3,109,0,0,0,0,2,0
19915,0,31,0,0,0,0,1,0,0,0,0,0
19916,0,0,0,1,0,2,0,0,0,0,0,0
19917,0,0,0,32,0,46,0,0,0,0,1,0
19918,0,1,0,0,0,0,103,40,0,0,0,0
19919,0,0,0,0,0,0,48,0,0,0,0,0
19920,0,0,0,0,2,102,0,0,0,0,1,0
19921,0,2,0,0,0,0,174,3,9,0,0,0
19922,0,0,0,0,0,126,0,0,0,0,2,0
19923,0,0,0,0,7,33,0,0,0,0,0,0
19924,1,0,0,7,0,0,0,0,0,0,0,0
19925,0,0,0,0,0,0,3,32,0,0,0,0
19926,0,0,0,0,1,111,0,0,0,0,2,0
19927,0,0,0,1,12,61,0,0,0,0,2,0
19928,0,0,0,0,0,2,0,0,0,8,118,0
19929,0,0,0,1,0,48,0,0,0,0,0,0
19930,0,7,2,0,0,0,0,0,0,0,0,0
19931,0,0,0,1,6,0,0,0,0,0,0,0
19932,0,0,0,0,0,0,1,14,1,0,0,0
19933,3,0,0,0,0,0,0,0,0,0,0,0
19934,0,0,0,0,0,1,0,0,0,1,178,1
19935,0,0,0,182,14,185,0,0,0,0,2,0
19936,0,0,0,0,0,0,15,6,1,0,0,0
19937,3,2,0,0,0,0,0,0,0,0,0,0
19938,0,0,0,0,0,1,0,0,0,1,374,1
19939,8,143,8,0,0,0,2,0,0,0,0,0
19940,0,0,0,20,1,38,0,0,0,0,0,0
19941,0,88,31,0,0,0,0,0,0,0,0,0
19942,0,1,0,0,0,0,57,19,0,0,0,0
19943,0,0,0,0,0,0,0,0,0,2,15,0
19944,0,0,0,0,0,46,0,0,0,55,485,0
19945,0,25,15,0,0,0,0,0,0,0,0,0
19946,13,44,14,0,0,0,0,0,0,0,0,0
19947,0,0,0,0,8,0,227,1392,101,0,0,0
19948,0,29,24,0,0,0,0,0,0,0,0,0
19949,3,52,2,0,0,0,0,0,0,0,0,0
19950,1,50,3,0,0,0,1,0,0,0,0,0
19951,0,0,0,0,0,29,0,0,0,122,1177,9
19952,0,0,0,0,0,0,0,0,0,1,50,1
19953,61,28,3,2,0,0,0,0,0,0,0,0
19954,17,14,1,0,0,0,0,0,0,0,0,0
19955,0,0,0,0,0,733,0,0,0,88,3759,1
19956,0,0,0,143,6,171,0,0,0,0,1,0
19957,0,0,0,0,0,0,47,2,259,0,0,0
19958,17,88,30,1,0,0,0,0,0,0,0,0
19959,21,42,35,0,0,0,0,0,0,0,0,0
19960,0,3481,4,0,0,0,17,0,0,0,0,0
19961,0,0,5,0,0,5,0,0,0,160,2139,1
19962,0,2,0,0,13,0,589,2132,87,0,0,5
19963,4,191,227,0,0,0,1,0,0,4,0,0
19964,0,0,0,8,35,167,0,0,0,0,0,0
19965,1,0,0,9,18,34,0,0,0,0,0,0
19966,0,0,0,1,0,3,0,0,0,0,0,0
19967,0,0,0,0,84,0,6,148,0,0,0,0
19968,0,0,0,1,0,38,0,0,0,0,0,0
19969,0,37,0,0,0,0,1464,113,2,0,0,0
19970,0,0,0,0,0,0,0,0,0,5,418,0
19971,0,78,0,0,0,0,0,0,0,0,0,0
19972,0,0,0,0,0,1,0,0,0,147,659,12
19973,0,0,0,0,0,1,0,0,0,67,194,0
19974,4,3095,126,0,0,0,38,1,0,0,0,0
19975,0,0,0,0,0,0,0,0,0,90,42,1
19976,0,0,0,0,1,1,0,0,0,0,0,0
19977,0,0,0,0,0,23,0,0,0,203,289,0
19978,1,30,0,0,0,0,0,0,0,0,0,0
19979,0,0,6,0,0,0,0,0,0,897,64,1
19980,0,0,0,20,14,80,0,0,0,0,0,0
19981,0,0,0,0,0,0,156,19,2,0,0,0
19982,0,0,0,0,0,14,0,0,0,0,0,0
19983,0,0,0,0,0,202,0,1,0,24,10836,3
19984,0,0,0,1,0,124,0,0,0,0,1,0
19985,0,0,0,0,1,11,0,0,0,0,0,0
19986,0,0,0,2,9,155,0,0,0,0,1,0
19987,0,0,0,1,1,10,0,0,0,0,0,0
19988,0,0,0,0,2,3,0,0,0,0,0,0
19989,0,0,0,8,3,557,0,0,0,0,0,0
19990,0,0,0,0,0,0,2,3,2,0,0,0
19991,0,1,1,0,0,0,0,0,0,0,0,0
19992,0,0,0,0,0,198,0,0,0,0,0,0
19993,0,0,0,0,0,0,78,1,0,0,0,0
19994,0,0,0,0,0,0,5,1,0,0,0,0
19995,0,0,0,0,0,72,0,0,0,0,0,0
19996,1,2,8,0,0,0,0,0,0,0,0,0
19997,0,0,0,0,0,0,23,2,3,0,0,0
19998,0,210,1,0,0,0,2,0,0,0,0,0
19999,0,0,0,0,8,0,89,3945,4,0,0,0
20000,0,0,0,0,1,35,0,0,0,0,0,0
20001,0,0,0,58,16,45,0,0,0,0,0,0
20002,0,0,0,0,3,0,58,1157,3,0,0,0
20003,0,614,95,0,0,0,5,0,0,0,0,0
20004,0,0,0,33,63,341,0,0,0,0,2,0
20005,0,1,0,0,0,0,132,49,2,0,0,0
20006,0,0,0,0,7,0,149,1310,7,0,0,0
20007,0,0,0,2,3,151,0,0,0,0,2,0
20008,0,0,0,0,0,0,0,0,0,6,0,2
20009,99,6,0,1,0,0,0,0,0,0,0,0
20010,20,200,68,0,0,0,1,0,0,0,0,0
20011,0,0,0,0,0,0,72,147,2,0,0,0
20012,0,0,0,1,1,40,0,0,0,0,1,0
20013,42,133,13,1,0,0,0,0,0,0,0,0
20014,0,1,0,0,2,0,281,2055,5,0,0,0
20015,1,41,75,0,0,0,0,0,0,0,0,0
20016,0,0,0,0,0,11,0,0,0,16,2429,5
20017,0,0,0,1,4,18,0,0,0,0,0,0
20018,0,0,0,0,0,39,0,0,0,0,0,0
20019,0,443,2,0,0,0,1,0,0,0,0,0
20020,0,0,0,1,0,0,0,0,0,0,0,0
20021,0,0,0,0,0,0,0,0,0,0,0,0
20022,0,0,0,0,2,26,0,0,0,0,0,0
20023,0,77,7,0,0,0,0,0,0,0,0,0
20024,0,0,0,0,0,0,61,12,3,0,0,0
20025,3,63,7,0,0,0,0,0,0,0,0,0
20026,0,0,0,0,0,0,0,0,0,0,0,0
20027,1,7,1,0,0,0,0,0,0,0,0,0
20028,0,0,0,7,4,652,0,0,0,0,2,0
20029,0,0,0,0,0,0,473,16,1,0,0,0
20030,0,0,0,0,0,0,0,0,0,1,182,0
20031,0,0,0,0,0,6,0,0,0,32,1142,0
20032,0,0,0,0,0,2,0,0,0,11,286,2
20033,0,4,0,0,0,0,300,137,1,0,0,0
20034,0,0,0,2,0,123,0,0,0,0,0,0
20035,7,5,1,0,0,0,0,0,0,0,0,0
20036,0,127,13,0,0,0,0,0,0,0,0,0
20037,0,0,0,1,3,327,0,0,0,0,8,0
20038,0,0,0,0,0,0,26,131,3,0,0,0
20039,0,0,0,0,0,0,0,0,0,0,0,0
20040,0,0,0,2,1,36,0,0,0,0,0,0
20041,0,0,0,0,0,0,166,51,13,0,0,0
20042,0,0,0,0,0,1,0,0,0,0,0,0
20043,0,0,0,0,2,85,0,0,0,0,1,0
20044,0,0,0,0,0,0,0,0,0,4,23,0
20045,0,0,0,0,1,3,0,0,0,0,0,0
20046,0,0,0,0,1,46,0,0,0,0,0,0
20047,1,166,2,0,0,0,0,0,0,0,0,0
20048,0,0,0,0,0,1,0,0,0,0,0,0
20049,0,0,0,7,0,418,0,0,0,0,6,0
20050,2,83,1,0,0,0,0,0,0,0,0,0
20051,0,0,0,0,0,0,0,0,0,2,81,0
20052,23,273,4,0,0,0,1,0,0,0,0,0
20053,0,0,0,0,0,0,14,1,2,0,0,0
20054,3,23,15,0,0,0,0,0,0,0,0,0
20055,15,3401,35,0,0,0,23,4,0,0,0,0
20056,0,0,0,0,0,0,0,0,0,0,0,0
20057,0,0,0,0,2,0,129,224,1,0,0,0
20058,0,0,0,0,1,33,0,0,0,0,0,0
20059,39,258,4,0,0,0,0,0,0,0,0,0
20060,0,0,0,0,8,0,19,2452,4,0,0,0
20061,0,0,0,2,5,43,0,0,0,0,0,0
20062,0,0,0,0,0,0,394,471,2,0,0,0
20063,0,0,0,0,0,29,0,0,0,0,0,0
20064,0,0,0,2,0,198,0,0,0,0,0,0
20065,5,47,1,0,0,0,0,0,0,0,0,0
20066,1,26,3,0,0,0,0,0,0,0,0,0
20067,971,46,21,1,0,0,1,0,0,0,0,0
20068,0,0,0,0,0,0,63,749,6,0,0,0
20069,0,1,0,0,1,0,70,253,4,0,0,0
20070,0,0,0,1,12,141,0,0,0,0,0,0
20071,0,0,0,1,3,16,0,0,0,0,0,0
20072,0,0,0,0,1,11,0,0,0,0,0,0
20073,1,85,4,0,0,0,0,0,0,0,0,0
20074,0,0,0,0,0,0,0,0,0,21,0,2
20075,17,33,0,0,0,0,0,0,0,0,0,0
20076,2,17,0,0,0,0,0,0,0,0,0,0
20077,0,0,0,0,0,0,0,0,0,28,169,4
20078,0,0,0,0,0,16,0,0,0,63,1591,0
20079,15,151,3,0,0,0,0,0,0,0,0,0
20080,0,0,0,8,41,4,0,0,0,0,0,0
20081,0,0,0,0,0,1,0,0,0,30,301,0
20082,0,0,0,6,4,188,0,0,0,0,1,0
20083,0,3,0,0,0,0,413,19,2,0,0,0
20084,0,0,0,3,1,44,0,0,0,0,0,0
20085,68,1078,3,0,0,0,12,1,0,0,0,0
20086,0,0,0,0,0,0,0,9,0,0,0,0
20087,0,0,0,0,0,0,1,5,5,0,0,0
20088,0,0,0,4,5,116,0,0,0,0,0,0
20089,0,0,0,0,0,0,0,0,0,0,5,0
20090,0,0,0,0,0,0,0,0,0,0,4,0
20091,0,0,0,0,0,4,0,0,0,30,718,0
20092,1,139,15,0,0,0,0,0,0,0,0,0
20093,1,159,15,0,0,0,1,0,0,0,0,0
20094,1,186,12,0,0,0,1,0,0,0,0,0
20095,0,0,0,0,0,0,0,0,0,2,3,0
20096,8,0,0,0,0,0,0,0,0,0,0,0
20097,43,82,43,0,0,0,1,0,0,0,0,0
20098,0,0,0,0,1,0,0,511,3,0,0,0
20099,0,0,0,0,0,0,0,0,0,0,523,3
20100,0,0,0,2,1,123,0,0,0,0,1,0
20101,11,8,19,0,0,0,0,0,0,0,0,0
20102,0,0,0,0,27,0,32,4802,8,0,0,0
20103,0,0,0,1,1,28,0,0,0,0,0,0
20104,0,0,0,0,0,22,0,0,0,45,3475,34
20105,0,0,0,5,14,1,0,0,0,0,0,0
20106,0,0,0,5,1,20,0,0,0,0,0,0
20107,4,69,0,0,0,0,2,0,0,0,0,0
20108,2,41,11,0,0,0,0,0,0,0,0,0
20109,0,0,0,21,15,193,0,0,0,0,0,0
20110,0,0,0,0,0,0,4,3,1,0,0,0
20111,0,0,0,0,0,0,5,2,0,0,0,0
20112,17,152,54,0,0,0,9,0,0,0,0,0
20113,0,1,0,0,1,0,150,373,1,0,0,0
20114,0,0,0,0,17,34,0,0,0,0,0,0
20115,0,0,0,0,0,0,0,0,0,5,439,0
20116,10,112,32,0,0,0,0,0,0,0,0,0
20117,0,0,0,0,0,5,0,0,0,0,359,1
20118,9,347,5,0,0,0,2,0,0,0,0,0
20119,0,0,0,2,12,37,0,0,0,0,0,0
20120,0,0,0,1,0,79,0,0,0,0,0,0
20121,3,47,1,0,0,0,0,0,0,0,0,0
20122,4,105,32,0,0,0,0,0,0,0,0,0
20123,0,0,0,0,0,0,0,0,0,0,0,0
20124,1,0,0,255,6,115,0,0,0,0,0,0
20125,0,1,0,0,0,0,333,3,6,0,0,0
20126,0,0,0,0,0,0,65,33,16,0,0,0
20127,5,123,162,0,0,0,0,0,0,0,0,0
20128,0,0,0,0,0,0,22,3,3,0,0,0
20129,0,99,49,0,0,0,0,0,0,0,0,0
20130,16,115,20,0,0,0,0,0,0,0,0,0
20131,0,0,0,0,13,1,251,2615,1,0,0,0
20132,0,0,0,0,0,11,0,0,0,22,4883,1
20133,0,0,1,0,0,12,0,0,0,31,2567,2
20134,0,1,0,0,6,0,589,2197,10,0,0,0
20135,0,0,0,1,0,20,0,0,0,0,0,0
20136,12,20,0,0,0,0,0,0,0,0,0,0
20137,0,15,13,0,0,0,0,0,0,1,0,0
20138,104,22,11,0,0,0,0,0,0,0,0,0
20139,12,80,0,0,0,0,1,0,0,0,0,0
20140,1,10,0,0,0,0,0,0,0,0,0,0
20141,0,0,0,0,0,0,0,0,0,0,18,1
20142,2,213,31,0,0,0,3,0,0,1,0,0
20143,0,0,0,0,0,0,0,0,3,2,1,34
20144,13,40,1,0,0,0,1,0,0,0,0,0
20145,0,0,0,0,0,0,65,122,3,0,0,0
20146,0,0,0,4,0,24,0,0,0,0,0,0
20147,0,0,0,3,1,19,0,0,0,0,0,0
20148,0,0,0,0,0,74,0,0,0,11,7570,13
20149,29,10,4,0,0,0,0,0,0,0,0,0
20150,1,26,13,0,0,0,0,0,0,0,0,0
20151,0,0,0,4,5,78,0,0,0,0,0,0
20152,0,0,0,0,8,2,0,0,0,0,0,0
20153,9,1,0,0,0,0,0,0,0,0,0,0
20154,0,0,0,0,0,207,0,0,0,0,0,0
20155,0,0,0,0,0,16,0,0,0,0,0,0
20156,2,38,0,0,0,0,0,0,0,0,0,0
20157,0,0,0,0,0,180,0,0,0,0,0,0
20158,0,0,0,0,0,0,0,0,0,0,0,0
20159,2,19,17,0,0,0,0,0,0,0,0,0
20160,0,0,0,0,1,0,40,119,0,0,0,0
20161,1,1,0,0,0,0,0,0,0,0,0,0
20162,0,115,3,0,0,0,0,0,0,0,0,0
20163,0,1319,1,0,0,0,16,0,0,0,0,0
20164,0,0,0,0,0,0,47,110,0,0,0,0
20165,0,0,0,0,2,22,0,0,0,0,0,0
20166,0,0,0,7,4,1174,0,0,0,0,16,0
20167,0,0,0,0,1,0,46,103,6,0,0,0
20168,1,131,23,0,0,0,0,0,0,0,0,0
20169,0,0,0,3,3,81,0,0,0,0,0,0
20170,0,0,0,0,0,0,146,14,0,0,0,0
20171,0,0,0,0,0,0,5,3,13,0,0,0
20172,0,0,0,0,16,30,0,0,0,0,0,0
20173,0,1,0,0,0,0,184,91,2,0,0,0
20174,0,0,0,0,0,29,0,0,0,0,0,0
20175,0,0,0,35,1,106,0,0,0,0,0,0
20176,0,0,0,0,6,0,117,508,6,0,0,0
20177,0,0,0,8,11,57,0,0,0,0,0,0
20178,0,0,0,0,0,48,0,0,0,272,6742,6
20179,0,0,0,0,0,0,0,0,0,16,6,5
20180,36,73,0,0,0,0,0,0,0,0,0,0
20181,5,71,17,0,0,0,1,0,0,0,0,0
20182,0,0,0,0,0,0,0,0,0,4,0,0
20183,13,25,2,0,0,0,0,0,0,0,0,0
20184,1,25,9,0,0,0,6,0,0,0,0,0
20185,0,0,0,0,0,131,0,0,0,0,1,0
20186,0,0,0,0,0,8,0,0,0,0,0,0
20187,1,63,0,0,0,0,1,0,0,0,0,0
20188,0,0,1,0,0,1,0,0,0,19,152,0
20189,0,0,0,0,0,0,0,0,0,13,47,0
20190,0,0,0,7,11,562,0,0,0,0,2,0
20191,0,0,0,0,0,0,3,1,6,0,0,0
20192,0,2,5,0,0,0,0,0,0,0,0,0
20193,1,36,23,0,0,0,0,0,0,0,0,0
20194,0,3,0,0,0,0,0,0,0,0,0,0
20195,0,0,0,0,0,0,0,0,0,0,1,3
20196,0,0,0,2,17,46,0,0,0,0,0,0
20197,0,0,0,10,0,74,0,0,0,0,4,0
20198,16,21,1,0,0,0,0,0,0,0,0,0
20199,0,0,0,0,0,128,0,0,0,0,8829,0
20200,0,0,0,0,0,5,0,0,0,0,0,0
20201,0,0,0,21,0,2,0,0,0,0,0,0
20202,0,0,0,2,0,65,0,0,0,0,0,0
20203,0,0,0,0,0,0,0,0,0,0,0,0
20204,0,0,0,0,0,0,0,0,0,0,8,1
20205,0,0,0,2,40,42,0,0,0,0,0,0
20206,0,0,0,0,0,0,0,0,0,2,2,18
20207,51,22,1,0,0,0,0,0,0,0,0,0
20208,0,0,0,0,0,0,89,771,1,0,0,0
20209,1,12,0,0,0,0,0,0,0,0,0,0
20210,0,0,0,0,0,0,1,0,1,0,0,0
20211,0,0,0,0,0,21,0,0,0,0,0,0
20212,0,7,3,0,0,0,0,0,0,0,0,0
20213,0,0,0,0,0,0,1,0,0,0,0,0
20214,0,36,0,0,0,0,0,0,0,0,0,0
20215,2,1355,14,0,0,0,10,0,0,0,0,0
20216,1,168,62,0,0,0,1,0,0,0,0,0
20217,0,0,0,5,13,84,0,0,0,0,0,0
20218,0,0,0,0,4,116,0,0,0,0,0,0
20219,0,0,0,0,0,38,0,0,0,0,0,0
20220,1,40,0,0,0,0,0,0,0,0,0,0
20221,0,0,0,0,0,0,0,0,0,114,0,1
20222,11,22,1,0,0,0,0,0,0,0,0,0
20223,14,103,14,0,0,0,0,0,0,0,0,0
20224,0,1,0,0,0,0,50,1,5,0,0,0
20225,1,30,7,0,0,0,0,0,0,1,0,0
20226,6,69,21,0,0,0,0,0,0,0,0,0
20227,0,0,0,1,4,70,0,0,0,0,2,0
20228,0,0,0,0,2,0,0,0,0,0,0,0
20229,0,0,0,1,0,61,0,0,0,0,0,0
20230,1,36,0,0,0,0,0,0,0,0,0,0
20231,3,42,3,0,0,0,1,0,0,0,0,0
20232,1,54,2,0,0,0,0,0,0,0,0,0
20233,0,0,0,0,0,18,0,0,0,35,5233,0
20234,0,0,0,0,0,12,0,0,0,102,1334,0
20235,0,0,0,0,0,3,0,0,0,39,1671,14
20236,65,93,55,0,0,0,0,0,0,0,0,0
20237,0,3,0,0,1,0,123,375,4,0,0,0
20238,0,2,0,0,3,0,202,1242,1,0,0,0
20239,8,272,7,0,0,0,1,0,0,0,0,0
20240,0,2,0,0,0,0,79,16,1,0,0,0
20241,0,0,0,0,4,55,0,0,0,0,0,0
20242,0,0,0,0,0,0,0,0,0,159,1,2
20243,20,251,17,0,0,0,2,0,0,0,0,0
20244,2,38,1,0,0,0,0,0,0,0,0,0
20245,2,144,70,0,0,0,0,0,0,0,0,0
20246,0,0,0,11,6,231,0,0,0,0,1,0
20247,0,0,0,0,12,0,65,1349,8,0,0,0
20248,0,0,0,0,0,0,8,1,1,0,0,0
20249,1,3,0,0,0,0,0,0,0,0,0,0
20250,0,146,2,0,0,0,0,0,0,0,0,0
20251,24,165,40,0,0,0,0,0,0,0,0,0
20252,0,0,0,3,45,26,0,0,0,0,0,0
20253,0,0,0,55,0,52,0,0,0,0,0,0
20254,0,0,0,0,0,0,21,9,1,0,0,0
20255,3,365,17,0,0,0,8,0,0,1,0,0
20256,0,0,0,26,92,249,0,2,0,0,2,0
20257,0,0,0,0,6,5,0,0,0,0,0,0
20258,0,0,0,0,0,5,0,0,0,0,0,0
20259,0,0,0,0,0,1,0,0,0,6,340,3
20260,0,0,0,1,0,28,0,0,0,0,0,0
20261,0,0,0,0,0,48,0,0,0,0,0,0
20262,0,46731,2,0,0,0,621,0,0,0,0,0
20263,0,1,0,0,0,0,70,0,3,0,0,0
20264,96,27,29,1,0,0,0,0,0,0,0,0
20265,68,329,33,0,0,0,0,0,0,0,0,0
20266,0,0,0,8,15,122,0,0,0,0,0,0
20267,0,0,0,0,0,95,0,0,0,0,3,0
20268,1,32645,3,0,0,0,309,9,0,0,0,0
20269,0,0,0,0,8,0,41,1360,2,0,0,0
20270,0,0,0,0,0,4,0,0,0,42,1074,1
20271,0,0,0,14,6,77,0,0,0,0,0,0
20272,8,171,4,0,0,0,1,0,0,0,0,0
20273,0,0,0,8,6,170,0,0,0,0,1,0
20274,0,0,0,0,2,0,71,1913,11,0,0,0
20275,0,2,0,2,14,0,151,4125,16,0,0,0
20276,3,159,75,0,0,0,1,0,0,0,0,0
20277,0,0,0,8,4,200,0,0,0,0,1,0
20278,0,0,0,0,0,0,12,1,5,0,0,0
20279,7,138,100,0,0,0,8,0,0,1,0,0
20280,3,180,172,0,0,0,1,0,0,0,0,0
20281,0,0,0,1,2,42,0,0,0,0,0,0
20282,0,0,0,2,3,1,0,0,0,0,0,0
20283,0,0,0,0,0,6,0,0,0,5,1232,7
20284,368,317,10,5,0,0,1,0,0,2,0,0
20285,2,0,0,67,23,393,0,0,0,0,5,0
20286,0,0,0,40,12,127,0,0,0,0,0,0
20287,0,1,0,0,0,0,151,4,1,0,0,0
20288,11,453,219,0,0,0,0,0,0,2,0,0
20289,1,88,20,0,0,0,0,0,0,0,0,0
20290,0,0,0,0,0,0,0,0,0,60,69,0
20291,0,0,0,0,0,0,18,3,0,0,0,0
20292,0,1,0,0,0,0,1286,63,0,0,0,0
20293,0,0,0,0,0,62,0,0,0,0,3,0
20294,32,430,3,0,0,0,1,0,0,0,0,0
20295,0,0,0,0,0,163,0,0,0,0,2,0
20296,0,9,0,0,0,0,0,0,0,0,0,0
20297,2,53,24,1,0,0,0,0,0,0,0,0
20298,0,271,20,0,0,0,1,0,0,0,0,0
20299,0,0,0,0,1,74,0,0,0,0,0,0
20300,0,0,0,0,0,1,0,0,0,0,0,0
20301,0,52,1,0,0,0,1,0,0,1,0,0
20302,0,0,0,0,0,0,372,3,4,0,0,0
20303,3,30,31,0,0,0,0,0,0,0,0,0
20304,1,179,64,0,0,0,3,0,0,0,0,0
20305,0,0,0,0,0,0,108,291,1,0,0,0
20306,0,0,0,0,0,0,48,50,0,0,0,0
20307,0,0,0,0,0,0,0,0,0,20,150,0
20308,1,0,0,6,0,44,0,0,0,0,0,0
20309,3,240,18,1,0,0,3,0,0,0,0,0
20310,1,0,0,1,0,1056,0,0,0,0,1,0
20311,0,0,0,0,1,0,8,11,6,0,0,0
20312,0,0,0,0,0,0,0,0,0,0,427,0
20313,0,0,0,0,0,3,0,0,0,117,308,1
20314,0,0,0,0,0,5,0,0,0,0,0,0
20315,0,0,0,6,0,3,0,0,0,0,0,0
20316,0,0,0,0,0,2,0,0,0,5,278,0
20317,0,0,0,0,0,0,123,1,64,0,0,0
20318,17,200,32,1,0,0,1,0,0,0,0,0
20319,1,18,9,0,0,0,0,0,0,0,0,0
20320,0,0,0,0,0,26,0,0,0,0,3670,0
20321,5,56,3,0,0,0,0,0,0,0,0,0
20322,0,0,0,0,0,192,0,0,0,0,0,0
20323,0,119,2,0,0,0,0,0,0,0,0,0
20324,0,0,0,0,0,103,0,0,0,0,2,0
20325,0,0,0,0,0,1,0,0,0,7,205,0
20326,0,9,0,0,0,0,1295,33,1,0,0,0
20327,0,0,0,0,0,33,0,0,0,0,0,0
20328,0,0,0,0,7,18,0,0,0,0,0,0
20329,0,0,0,5,0,11,0,0,0,0,0,0
20330,11,76,0,0,0,0,1,0,0,0,0,0
20331,0,0,0,0,0,266,0,0,0,0,4,0
20332,0,0,0,0,0,0,41,0,1,0,0,0
20333,0,1,0,0,0,0,55,3,3,0,0,0
20334,4,187,30,0,0,0,0,0,0,0,0,0
20335,0,0,0,0,0,0,28,0,2,0,0,0
20336,0,28,1,0,0,0,0,0,0,0,0,0
20337,0,0,0,1,1,92,0,0,0,0,0,0
20338,0,0,0,0,0,7,0,0,0,0,0,0
20339,0,0,0,0,1,6,0,0,0,0,0,0
20340,0,0,0,0,0,13,0,0,0,0,0,0
20341,14,57,0,0,0,0,0,0,0,0,0,0
20342,0,3,0,0,2,0,259,342,2,0,0,0
20343,0,0,0,4,18,130,0,0,0,0,4,0
20344,0,0,0,0,0,0,0,0,0,0,54,0
20345,3,162,3,0,0,0,2,0,0,0,0,0
20346,0,0,0,4,0,166,0,0,0,0,2,0
20347,5,195,13,0,0,0,1,0,0,0,0,0
20348,0,2,0,0,0,0,248,88,2,0,0,0
20349,0,0,0,18,451,54,0,5,0,0,0,0
20350,0,0,0,0,0,0,0,0,0,2,0,2
20351,2,223,1,0,0,0,0,0,0,0,0,0
20352,0,2,0,0,5,0,695,375,9,0,0,0
20353,0,0,0,0,10,59,0,0,0,0,0,0
20354,0,0,0,0,0,44,0,0,0,0,0,0
20355,3,451,0,0,0,0,1,0,0,0,0,0
20356,0,0,0,0,32,0,139,1164,1,0,0,0
20357,0,0,0,0,1,0,5,126,1,0,0,0
20358,0,0,0,9,15,285,0,0,0,0,5,0
20359,0,0,0,0,0,0,2,3,0,0,0,0
20360,0,0,0,0,0,0,2,1,0,0,0,0
20361,0,0,0,0,2,156,0,0,0,0,0,0
20362,0,0,0,0,0,22,0,0,0,0,0,0
20363,0,0,0,0,0,1,0,0,0,0,0,0
20364,0,123,0,0,0,0,0,0,0,0,0,0
20365,0,0,0,0,0,0,0,0,0,0,8,0
20366,0,33,0,0,0,0,0,0,0,0,0,0
20367,0,0,0,0,0,534,0,0,0,0,0,0
20368,0,0,0,0,0,6,0,0,0,77,417,0
20369,0,0,0,1,0,7,0,0,0,0,0,0
20370,0,46,3,0,0,0,1,0,0,0,0,0
20371,0,0,0,0,0,0,0,0,0,129,151,0
20372,0,0,0,18,1,4,0,0,0,0,0,0
20373,0,1,0,0,0,0,141,79,4,0,0,0
20374,2,509,751,0,0,0,2,0,0,0,0,0
20375,0,0,0,20,76,366,0,0,0,0,1,0
20376,1,0,0,291,2,419,0,0,0,0,3,0
20377,0,0,0,0,0,0,129,0,0,0,0,0
20378,0,0,0,0,0,0,7,71,0,0,0,0
20379,0,131,50,0,0,0,0,0,0,0,0,0
20380,0,0,1,0,0,0,0,0,0,74,461,6
20381,0,0,0,1,1,1,0,0,0,0,0,0
20382,13,159,1,0,0,0,1,0,0,0,0,0
20383,0,2,0,0,0,0,601,162,0,0,0,0
20384,0,0,0,0,0,43,0,0,0,3,3878,1
20385,0,0,0,5,2,154,0,0,0,0,0,0
20386,2,10,0,0,0,0,0,0,0,0,0,0
20387,1,82,2,0,0,0,0,0,0,0,0,0
20388,0,34,54,0,0,0,0,0,0,0,0,0
20389,0,0,0,0,0,9,0,0,0,59,1747,40
20390,0,1,0,0,19,0,50,231,2,0,0,0
20391,0,0,0,1,104,98,0,3,0,0,0,0
20392,0,0,0,7,4,18,0,0,0,0,0,0
20393,0,0,0,2,3,28,0,0,0,0,0,0
20394,0,0,0,1,0,223,0,0,0,0,0,0
20395,0,72,1,0,0,0,0,0,0,0,0,0
20396,2,8318,4,0,0,0,100,0,0,0,0,0
20397,0,3,0,0,0,0,786,341,0,0,0,0
20398,0,1,0,0,0,0,1111,0,1,0,0,0
20399,2,63,159,0,0,0,0,0,0,0,0,0
20400,1,247,76,0,0,0,0,0,0,2,0,0
20401,0,0,0,86,596,291,0,0,0,0,0,0
20402,0,0,0,0,0,10,0,0,0,1,2522,0
20403,1,74,1,0,0,0,0,0,0,0,0,0
20404,0,0,0,0,0,41,0,0,0,144,6142,4
20405,0,0,1,0,0,8,0,0,0,381,1342,0
20406,0,0,0,9,12,72,0,0,0,0,5,0
20407,0,0,0,12,42,177,0,0,0,0,0,1
20408,0,0,0,6,57,27,0,0,0,0,0,0
20409,0,0,0,238,6,463,0,0,0,0,0,0
20410,0,0,0,0,0,0,117,0,3,0,0,0
20411,294,27,52,1,0,0,0,0,0,0,0,0
20412,7,214,32,0,0,0,0,0,0,0,0,0
20413,0,0,0,32,5,48,0,0,0,0,0,0
20414,0,0,0,0,0,19,0,0,0,0,0,0
20415,130,54,0,1,0,0,0,0,0,0,0,0
20416,0,0,0,0,0,0,33,2,32,0,0,0
20417,3,158,8,0,0,0,2,0,0,0,0,0
20418,135,2054,12,0,0,0,0,0,0,0,0,0
20419,0,0,0,0,0,0,137,103,1,0,0,0
20420,37,257,15,0,0,0,1,0,0,0,0,0
20421,0,0,0,20,144,209,0,1,0,0,0,0
20422,0,0,0,5,0,14,0,0,0,0,0,0
20423,0,0,0,0,1,2,0,0,0,0,0,0
20424,0,0,0,2,2,79,0,0,0,0,0,0
20425,4,284,6,0,0,0,0,0,0,0,0,0
20426,0,0,0,6,11,233,0,0,0,0,3,0
20427,0,0,0,26,28,52,0,0,0,0,0,0
20428,0,0,0,0,0,1,0,0,0,33,656,0
20429,0,0,0,0,0,7,0,0,0,30,1943,4
20430,0,0,0,4,3,119,0,0,0,0,0,0
20431,6,163,1,0,0,0,1,0,0,0,0,0
20432,0,0,0,61,2,133,0,0,0,0,1,0
20433,0,1,0,0,2,0,517,727,10,0,0,0
20434,0,1,0,0,6,0,362,227,2,0,0,0
20435,1,4,8,0,0,0,0,0,0,0,0,0
20436,0,0,0,0,0,22,0,0,0,10,3054,5
20437,10,1088,0,0,0,0,10,0,0,0,0,0
20438,0,0,0,0,1,0,87,1109,5,0,0,0
20439,0,0,0,0,0,75,0,0,0,0,0,0
20440,2,6,0,0,0,0,0,0,0,0,0,0
20441,0,0,0,0,0,0,0,0,0,0,30,0
20442,5,42,0,0,0,0,0,0,0,0,0,0
20443,0,1,0,0,1,0,201,93,13,0,0,0
20444,0,0,0,0,0,6,0,0,0,0,0,0
20445,0,0,0,14,0,148,0,0,0,0,1,0
20446,0,47,2,0,0,0,0,0,0,0,0,0
20447,2,145,7,0,0,0,0,0,0,0,0,0
20448,1,36,6,0,0,0,0,0,0,0,0,0
20449,7,15,0,0,0,0,0,0,0,0,0,0
20450,1,84,56,0,0,0,0,0,0,0,0,0
20451,0,0,2,0,0,52,0,0,0,20,13467,0
20452,0,0,0,3,0,200,0,0,0,0,0,0
20453,1,71,0,0,0,0,0,0,0,0,0,0
20454,0,0,0,0,0,212,0,0,0,0,0,0
20455,0,0,0,7,30,43,0,0,0,0,0,0
20456,0,0,0,18,21,30,0,3,0,0,0,0
20457,0,0,0,0,0,1,0,0,0,33,345,1
20458,23,239,7,0,0,0,1,0,0,0,0,0
20459,0,0,0,0,0,69,0,0,0,0,1,0
20460,2,22,21,0,0,0,0,0,0,0,0,0
20461,1,212,1,0,0,0,2,0,0,0,0,0
20462,0,0,0,0,0,0,0,0,0,10,142,0
20463,6,217,72,0,0,0,0,0,0,0,0,0
20464,0,0,0,0,3,0,279,695,5,0,0,0
20465,0,0,0,0,0,0,0,0,0,0,0,0
20466,0,0,0,63,12,477,0,0,0,0,0,0
20467,0,0,0,0,0,0,118,32,1,0,0,0
20468,0,0,0,0,0,0,0,0,0,404,372,1
20469,0,1,0,0,0,0,381,15,2,0,0,0
20470,0,0,8,0,0,0,0,0,0,659,4,0
20471,13,48,1,0,0,0,0,0,0,0,0,0
20472,98,50,46,7,0,0,0,0,0,0,0,0
20473,6,225,6,0,0,0,1,0,0,0,0,0
20474,0,0,0,0,0,0,0,0,0,63,420,1
20475,0,142,1,0,0,0,0,0,0,0,0,0
20476,0,35,0,0,0,0,359,175,2,0,0,0
20477,0,0,0,0,6,0,117,884,1,0,0,0
20478,0,0,0,0,0,234,0,0,0,0,13,0
20479,0,0,0,12,19,57,0,0,0,0,0,0
20480,0,0,0,0,0,14,0,0,0,2,2759,2
20481,4,706,11,0,0,0,17,0,0,0,0,0
20482,0,0,0,0,59,87,0,0,0,0,0,0
20483,0,0,0,0,0,83,0,0,0,22,1547,1
20484,0,0,0,7,41,105,0,1,0,0,0,0
20485,0,27,1,0,0,0,0,0,0,0,0,0
20486,3,110,19,0,0,0,0,0,0,0,0,0
20487,0,0,0,0,2,0,75,644,9,0,0,0
20488,0,0,0,1,8,2,0,0,0,0,0,0
20489,0,1,0,0,24,0,151,898,10,0,0,1
20490,0,0,0,0,6,44,0,0,0,0,0,0
20491,0,0,0,0,5,0,28,469,4,0,0,0
20492,0,0,0,0,2,74,0,0,0,0,1,0
20493,0,1,0,0,4,0,171,138,6,0,0,0
20494,0,0,0,1,1,0,0,0,0,0,0,0
20495,0,0,0,0,0,0,0,6,3,0,0,0
20496,0,0,0,0,0,92,0,0,0,0,0,0
20497,0,0,0,6,205,3,0,0,0,0,0,0
20498,0,0,0,0,0,0,0,0,0,2,14,0
20499,0,0,0,1,1,25,0,0,0,0,0,0
20500,0,0,0,0,0,0,673,1,1,0,0,0
20501,0,0,0,0,7,1396,0,0,0,0,13,0
20502,0,0,0,4,0,91,0,0,0,0,0,0
20503,0,230,1,0,0,0,1,0,0,0,0,0
20504,0,0,0,0,29,83,0,0,0,0,0,0
20505,0,0,0,22,6,750,0,0,0,0,6,0
20506,0,0,0,0,0,0,0,0,0,0,0,0
20507,1,0,0,0,0,0,0,0,0,0,0,0
20508,0,0,0,0,0,98,0,0,0,0,0,0
20509,0,0,0,3,17,31,0,0,0,0,0,0
20510,0,0,0,0,0,2,0,0,0,0,0,0
20511,0,307,0,0,0,0,1,0,0,0,0,0
20512,0,0,0,3,186,157,0,2,0,0,0,0
20513,0,0,0,0,8,68,0,0,0,0,1,0
20514,0,38,0,0,0,0,2,0,0,0,0,0
20515,0,0,0,0,0,0,0,0,1,40,12,186
20516,0,0,0,0,0,1,0,0,0,0,0,0
20517,0,0,0,14,7,57,0,0,0,0,0,0
20518,0,0,0,0,0,0,24,104,12,0,0,0
20519,7,203,15,0,0,0,0,0,0,0,0,0
20520,0,0,0,5,2,528,0,0,0,0,1,0
20521,0,0,0,0,0,0,26,1,1,0,0,0
20522,1,54,21,0,0,0,0,0,0,0,0,0
20523,0,0,0,4,4,395,0,0,0,0,3,0
20524,0,0,0,0,2,7,0,0,0,0,0,0
20525,0,0,0,0,5,9,0,0,0,0,0,0
20526,0,0,0,2,17,67,0,1,0,0,0,0
20527,0,0,0,0,1,0,217,475,18,0,0,0
20528,0,0,0,0,9,13,0,0,0,0,0,0
20529,2,0,0,187,29,56,0,1,0,0,0,0
20530,0,0,0,0,0,0,51,0,42,0,0,0
20531,14,100,21,0,0,0,0,0,0,0,0,0
20532,30,6037,21,0,0,0,60,0,0,0,0,0
20533,1,2527,10,0,0,0,30,0,0,0,0,0
20534,0,0,0,1,0,60,0,0,0,0,0,0
20535,2,345,2,0,0,0,0,0,0,0,0,0
20536,1,186,3,0,0,0,0,0,0,0,0,0
20537,0,0,0,1,0,84,0,0,0,0,0,0
20538,1,22,0,0,0,0,0,0,0,0,0,0
20539,0,13,38,0,0,0,3,0,0,0,0,0
20540,6,100,5,0,0,0,0,0,0,0,0,0
20541,2,150,1,0,0,0,0,0,0,0,0,0
20542,0,0,0,11,15,3,0,0,0,0,0,0
20543,0,0,0,0,0,0,0,0,0,9,227,0
20544,0,0,0,0,0,2,0,0,0,134,2113,2
20545,0,0,0,0,0,0,0,0,0,48,1,19
20546,27,41,2,0,0,0,0,0,0,0,0,0
20547,69,51,259,0,0,0,0,0,0,0,1,0
20548,0,0,0,0,1,0,95,62,2,0,0,0
20549,3,111,19,0,0,0,0,0,0,0,0,0
20550,0,0,0,10,60,138,0,0,0,0,0,0
20551,0,0,0,8,0,15,0,0,0,0,0,0
20552,0,0,0,0,2,1,0,0,0,0,0,0
20553,2,495,0,0,0,0,6,0,0,0,0,0
20554,0,0,0,0,16,2,0,0,0,0,0,0
20555,0,0,0,0,0,1,0,0,0,43,1917,7
20556,0,0,0,21,1,20,0,0,0,0,0,0
20557,0,0,0,0,0,0,59,75,2,0,0,0
20558,0,0,0,0,3,28,0,0,0,0,0,0
20559,11,214,4,0,0,0,0,0,0,0,0,0
20560,0,0,0,0,0,0,179,244,1,0,0,0
20561,0,0,0,1,4,68,0,0,0,0,0,0
20562,0,0,0,24,11,50,0,0,0,0,0,0
20563,0,0,0,2,1,3,0,0,0,0,0,0
20564,0,0,0,0,0,0,0,0,0,1,3,0
20565,0,0,0,1,1,138,0,0,0,0,1,0
20566,0,45,0,0,0,0,0,0,0,0,0,0
20567,5,1592,27,0,0,0,2,0,0,0,0,0
20568,0,2,0,0,0,0,393,498,262,0,0,0
20569,0,0,0,0,0,0,207,718,3,0,0,0
20570,0,0,0,0,2,17,0,0,0,0,0,0
20571,0,0,0,13,0,46,0,0,0,0,0,0
20572,0,0,0,0,0,0,191,126,0,0,0,0
20573,14,0,0,51,4,52,0,0,0,0,0,0
20574,0,0,0,0,0,5,0,0,0,96,274,1
20575,4,11,5,0,0,0,0,0,0,0,0,0
20576,1,3,4,0,0,0,0,0,0,0,0,0
20577,7,120,35,0,0,0,4,0,0,0,0,0
20578,1,51,0,0,23,0,1679,4168,11,0,0,0
20579,0,0,0,8,0,14,0,0,0,0,0,0
20580,0,0,0,0,4,0,722,1483,72,0,0,0
20581,2,8,2,0,0,0,0,0,0,0,0,0
20582,0,0,0,0,0,0,0,0,0,12,98,0
20583,0,0,0,0,3,114,0,0,0,0,0,0
20584,2,67,1,0,0,0,0,0,0,0,0,0
20585,0,0,0,0,0,25,0,0,0,0,0,0
20586,0,0,0,17,0,11,0,0,0,0,0,0
20587,0,0,0,0,0,0,0,3,1,0,0,0
20588,1,0,0,0,0,0,0,0,0,0,0,0
20589,0,0,0,0,0,0,0,0,0,0,200,0
20590,0,0,0,0,0,9,0,0,0,0,0,0
20591,4,1,0,0,0,0,0,0,0,0,0,0
20592,0,0,0,0,0,1923,0,0,0,0,7,0
20593,0,35,0,0,0,0,1,0,0,0,0,0
20594,0,0,0,0,0,0,0,0,0,7,1888,1
20595,11,97,6,0,0,0,0,0,0,0,0,0
20596,0,0,0,0,0,0,0,1,0,0,0,0
20597,0,2,0,0,0,0,0,0,0,0,0,0
20598,1,1026,4,0,0,0,1,0,0,0,0,0
20599,0,96,446,0,0,0,0,0,0,0,0,0
20600,0,0,0,13,34,168,0,0,0,0,3,0
20601,0,0,0,1,19,54,0,0,0,0,0,0
20602,0,0,0,0,28,9,0,0,0,0,1,0
20603,0,0,0,0,0,2,0,0,0,0,890,0
20604,9,365,14,0,0,0,0,0,0,0,0,0
20605,0,0,0,0,23,66,0,0,0,0,0,0
20606,0,0,0,0,9,2,0,0,0,0,0,0
20607,0,0,0,2,0,26,0,0,0,0,0,0
20608,20,126,2,0,0,0,0,0,0,0,0,0
20609,0,0,0,28,2,749,0,0,0,0,1,0
20610,0,0,0,0,0,0,54,113,2,0,0,0
20611,0,0,0,0,0,6,0,0,0,18,1622,3
20612,0,0,0,1,0,6,0,0,0,0,0,0
20613,0,0,0,3,11,36,0,0,0,0,0,0
20614,0,0,0,11,0,20,0,0,0,0,0,0
20615,0,0,0,0,0,0,1,27,1,0,0,0
20616,0,0,0,0,0,0,0,881,3,0,0,0
20617,0,0,0,0,5,2,0,0,0,0,0,0
20618,0,0,0,0,0,0,51,2,1,0,0,0
20619,0,0,0,0,0,52,0,0,0,0,0,0
20620,0,71,0,0,0,0,0,0,0,0,0,0
20621,2,289,70,0,0,0,0,0,0,0,0,0
20622,398,90,26,0,0,0,0,0,0,0,0,0
20623,0,0,0,0,2,1,157,1311,3,0,0,0
20624,384,50,11,0,0,0,0,0,0,0,0,0
20625,0,0,0,5,2,550,0,0,0,0,1,0
20626,0,0,0,0,2,0,83,291,11,0,0,0
20627,0,0,0,0,0,0,53,74,1,0,0,0
20628,0,0,0,0,0,13,0,0,0,11,2513,8
20629,0,0,0,0,0,4,0,0,0,20,2273,128
20630,11,227,2,0,0,0,2,0,0,0,0,0
20631,0,0,0,6,4,247,0,0,0,0,1,0
20632,0,0,0,0,0,0,129,60,4,0,0,0
20633,0,0,0,1,0,26,0,0,0,0,0,0
20634,25,156,45,0,0,0,0,0,0,0,0,0
20635,0,0,0,0,0,0,130,0,248,0,0,0
20636,1,20,34,0,0,0,0,0,0,0,0,0
20637,30,44,15,3,0,0,0,0,0,0,0,0
20638,0,229,0,0,0,0,0,0,0,0,0,0
20639,0,0,0,0,0,0,0,0,0,1,43,0
20640,5,110,14,0,0,0,0,0,0,0,0,0
20641,0,0,0,2,7,34,0,0,0,0,0,0
20642,0,0,0,0,1,0,0,0,0,0,0,0
20643,0,0,0,1,1,9,0,0,0,0,0,0
20644,0,0,0,5,0,146,0,0,0,0,0,0
20645,1,32,2,0,0,0,0,0,0,0,0,0
20646,0,0,0,0,0,0,0,0,0,1,714,1
20647,0,0,0,0,0,0,0,0,0,27,233,0
20648,0,0,0,0,0,0,0,0,0,4,2,0
20649,179,65,5,0,0,0,0,0,0,0,0,0
20650,0,11,30,0,0,0,0,0,0,0,0,0
20651,0,23,11,0,0,0,1,0,0,0,0,0
20652,0,129,16,0,0,0,0,0,0,0,0,0
20653,0,0,0,0,0,59,0,0,0,0,0,0
20654,0,0,0,0,0,1,0,0,0,0,0,0
20655,1,33,1,0,0,0,0,0,0,0,0,0
20656,0,0,0,0,0,0,0,0,0,2,2,0
20657,0,1,0,0,0,0,0,0,0,0,0,0
20658,0,164,3,0,0,0,2,0,0,0,0,0
20659,0,0,0,0,44,2,0,0,0,0,0,0
20660,0,0,0,0,0,0,0,0,0,2,7,1
20661,0,0,0,2,2,2481,0,0,0,1,25,0
20662,17,26,0,0,0,0,0,0,0,0,0,0
20663,0,0,0,0,0,0,1716,293,15,0,0,0
20664,0,0,0,0,16,94,0,0,0,0,0,0
20665,0,0,0,0,0,0,0,0,0,5,2,0
20666,63,46,21,0,0,0,0,0,0,0,0,0
20667,1,74,14,0,0,0,0,0,0,0,0,0
20668,0,9,0,0,0,0,296,40,0,0,0,0
20669,0,0,0,0,0,0,0,0,0,42,131,0
20670,0,5,0,0,0,0,1089,51,9,0,0,0
20671,0,0,0,0,0,1,0,0,0,0,0,0
20672,0,0,0,0,0,0,0,0,0,0,0,0
20673,0,0,0,0,0,0,1,9,0,0,0,0
20674,0,0,1,0,0,0,0,0,0,91,0,0
20675,268,46,1,0,0,0,0,0,0,0,0,0
20676,0,254,2,0,0,0,5,0,0,0,0,0
20677,0,0,0,0,0,0,0,0,0,14,323,1
20678,0,0,0,0,0,0,0,0,0,8,6,0
20679,0,0,0,1,39,0,1270,5678,36,0,0,0
20680,0,0,0,0,0,0,4,2,1,0,0,0
20681,0,0,0,0,0,0,2,1,1,0,0,0
20682,0,0,0,4,0,361,0,0,0,0,2,0
20683,0,1,0,0,0,0,443,344,2,0,0,0
20684,0,0,0,3,0,73,0,0,0,0,1,0
20685,0,0,0,16,0,388,0,0,0,0,0,0
20686,0,0,0,0,1,0,295,21,1,0,0,0
20687,0,0,0,0,0,1,0,0,0,2,151,0
20688,0,0,0,2,10,316,0,0,0,0,0,0
20689,3,0,1,0,0,0,0,0,0,0,0,0
20690,0,0,0,0,0,0,0,0,0,0,0,0
20691,0,1,0,0,0,0,288,50,2,0,0,0
20692,0,0,0,0,0,2,0,0,0,14,414,0
20693,0,0,0,0,0,0,0,0,0,9,7,0
20694,0,0,0,9,0,281,0,0,0,0,0,0
20695,3,30,1,0,0,0,0,0,0,0,0,0
20696,1,128,14,0,0,0,2,0,0,0,0,0
20697,0,0,0,0,3,121,0,0,0,0,0,0
20698,0,0,0,0,0,1,0,0,0,26,631,0
20699,0,0,0,51,0,14,0,0,0,0,0,0
20700,0,0,0,0,4,83,0,0,0,0,5,0
20701,0,0,0,0,0,64,0,0,0,0,0,0
20702,0,3,0,0,0,0,0,0,0,0,0,0
20703,0,0,0,0,0,34,0,0,0,3,4530,0
20704,0,0,2,0,0,0,0,0,0,0,0,0
20705,0,6,0,0,0,0,0,0,0,0,0,0
20706,0,42,0,0,0,0,0,0,0,0,0,0
20707,7,73,33,0,0,0,0,0,0,2,0,0
20708,0,0,0,4,6,69,0,0,0,0,0,0
20709,0,3,0,0,4,0,150,1171,3,0,0,0
20710,0,0,0,0,0,0,0,0,0,21,3,0
20711,79,0,1,0,0,0,0,0,0,0,0,0
20712,1,212,0,0,0,0,0,0,0,0,0,0
20713,0,30,173,0,0,0,0,0,0,2,0,0
20714,0,0,0,0,0,0,26,76,2,0,0,0
20715,2,117,21,0,0,0,4,0,0,0,0,0
20716,10,29,59,0,0,0,0,0,0,0,0,0
20717,0,0,0,0,0,50,0,0,0,0,0,0
20718,0,0,0,0,47,0,67,6645,4,0,0,0
20719,0,0,0,0,0,3,0,0,0,10,2519,2
20720,0,0,0,0,1,1,0,0,0,0,0,0
20721,0,201,2,0,0,0,0,0,0,0,0,0
20722,0,0,0,1,4,63,0,1,0,0,0,0
20723,0,0,0,0,0,7,0,0,0,0,0,0
20724,63,2118,0,0,0,0,12,0,0,0,0,0
20725,0,0,0,0,0,0,16,46,2,0,0,0
20726,0,681,63,0,0,0,0,0,0,0,0,0
20727,4,51,15,0,0,0,0,0,0,0,0,0
20728,0,21,5,0,0,0,0,0,0,0,0,0
20729,7,48,7,0,0,0,0,0,0,0,0,0
20730,0,0,0,0,2,0,124,648,45,0,0,0
20731,0,0,0,4,1,0,0,0,0,0,0,0
20732,0,0,0,0,0,0,0,1,1,0,0,0
20733,0,0,0,0,1,222,0,0,0,0,0,0
20734,0,0,0,0,1,0,51,183,53,0,0,0
20735,0,106,15,0,0,0,0,0,0,0,0,0
20736,0,0,0,0,0,0,0,0,0,31,364,0
20737,0,0,0,0,0,0,0,0,0,100,50,0
20738,0,0,0,0,2,1,0,0,0,0,0,0
20739,0,0,0,14,16,165,0,0,0,0,0,0
20740,0,0,2,0,0,0,0,0,0,580,1,0
20741,72,92,14,0,0,0,0,0,0,0,0,0
20742,8,25,336,0,0,0,0,0,0,1,1,0
20743,1,0,14,0,0,0,0,0,0,0,0,0
20744,19,12,2,0,0,0,0,0,0,0,0,0
20745,0,0,0,0,7,81,0,0,0,0,0,0
20746,0,0,0,1,0,1,0,0,0,0,0,0
20747,0,1,0,0,0,0,0,0,0,0,0,0
20748,0,0,0,0,0,2512,0,0,0,0,2250,0
20749,0,0,0,0,0,0,39,20,0,0,0,0
20750,0,0,0,0,0,0,23,6,3,0,0,0
20751,0,0,0,64,2,20,0,0,0,0,0,0
20752,0,0,0,0,0,0,51,229,0,0,0,0
20753,12,1521,21,0,0,0,0,0,0,0,0,0
20754,0,0,0,10,12,83,0,0,0,0,0,0
20755,9,251,199,0,0,0,1,0,0,2,2,0
20756,0,1,0,0,1,0,109,847,2,0,0,0
20757,0,0,0,14,11,147,0,0,0,0,0,0
20758,0,0,0,0,1,0,26,245,2,0,0,0
20759,0,0,0,0,0,48,0,0,0,5,4018,0
20760,38,50,5,0,0,0,0,0,0,0,0,0
20761,0,31,39,0,0,0,0,0,0,0,0,0
20762,0,0,0,0,0,38,0,0,0,5,6114,10
20763,652,240,15,5,0,0,0,0,0,0,0,0
20764,0,0,0,0,11,83,0,0,0,0,0,0
20765,0,0,0,0,0,2,0,0,0,0,0,0
20766,5,265,1,0,0,0,0,0,0,0,0,0
20767,0,0,0,0,0,3,0,0,0,12,960,4
20768,0,0,0,0,0,0,0,0,0,9,44,0
20769,0,0,0,1,74,49,0,0,0,0,0,0
20770,2,7,2,0,0,0,0,0,0,0,0,0
20771,0,1167,6,0,0,0,8,0,0,0,0,0
20772,132,237,30,0,0,0,0,0,0,0,0,0
20773,0,0,0,0,1,0,92,103,0,0,0,0
20774,0,0,0,0,0,0,55,4,5,0,0,0
20775,0,0,1,0,0,11,0,0,0,5,560,0
20776,171,139,122,0,0,0,0,0,0,1,0,0
20777,0,0,0,2,0,182,0,0,0,0,0,0
20778,4,6,0,0,0,0,0,0,0,0,0,0
20779,1,4,22,0,0,0,0,0,0,4,0,0
20780,0,0,0,1,0,2,0,0,0,0,0,0
20781,0,0,0,0,0,0,9,44,3,0,0,0
20782,35,17,3,0,0,0,0,0,0,0,0,0
20783,0,0,0,2,1,9,0,0,0,0,0,0
20784,0,0,0,0,0,0,50,18,0,0,0,0
20785,1,3,0,0,0,0,0,0,0,0,0,0
20786,11,3,5,0,0,0,0,0,0,0,0,0
20787,0,0,0,0,0,233,0,0,0,0,1,0
20788,0,0,0,0,0,0,85,0,0,0,0,0
20789,0,0,0,0,0,3,0,0,0,0,0,0
20790,0,0,0,0,0,1,0,0,0,13,314,0
20791,0,0,0,0,0,0,9,21,1,0,0,0
20792,0,0,0,0,0,0,0,0,0,4,4,0
20793,88,29,14,0,0,0,0,0,0,0,0,0
20794,0,0,0,0,0,0,0,0,0,0,0,0
20795,0,0,1,0,0,0,0,0,0,0,0,0
20796,0,129,0,0,0,0,0,0,0,0,0,0
20797,0,0,0,6,0,0,0,0,0,0,0,0
20798,0,2,0,0,0,0,0,0,0,0,0,0
20799,0,0,0,0,0,894,0,0,0,0,18,0
20800,0,67,0,0,0,0,1,0,0,0,0,0
20801,0,0,0,0,0,0,0,0,0,2,724,0
20802,0,0,0,6,22,243,0,0,0,0,3,0
20803,0,0,0,0,0,0,0,0,0,0,4,0
20804,0,0,0,0,0,0,0,0,0,0,0,0
20805,0,27,0,0,0,0,0,0,0,0,0,0
20806,0,0,0,0,0,6,0,0,0,10,704,0
20807,0,0,0,0,0,2,0,0,0,0,0,0
20808,0,5,0,0,0,0,195,59,1,0,0,0
20809,0,0,0,0,0,0,0,0,0,0,0,0
20810,0,0,0,0,0,0,3,21,0,0,0,0
20811,0,0,0,0,0,115,0,0,0,0,0,0
20812,0,0,0,0,0,0,0,0,0,0,7,1
20813,1,0,0,0,0,0,0,0,0,0,0,0
20814,1,504,3,0,0,0,4,0,0,0,0,0
20815,0,0,0,0,0,21,0,0,0,0,0,0
20816,3,0,0,0,0,0,0,0,0,0,0,0
20817,0,0,0,0,0,60,0,0,0,0,0,0
20818,0,0,0,0,0,24,0,0,0,0,0,0
20819,0,0,0,1,0,1,0,0,0,0,0,0
20820,6,67,0,0,0,0,0,0,0,0,0,0
20821,1,8,2,0,0,0,0,0,0,0,0,0
20822,0,60,1,0,0,0,0,0,0,0,0,0
20823,0,0,0,0,0,9,0,0,0,15,3888,0
20824,0,65,0,0,0,0,0,0,0,0,0,0
20825,0,0,0,0,0,0,0,0,0,2,1403,7
20826,23,123,13,1,0,0,0,0,0,0,0,0
20827,0,0,0,1,9,90,0,0,0,0,0,0
20828,0,0,0,0,0,7,0,0,0,0,0,0
20829,0,37,0,0,0,0,0,0,0,0,0,0
20830,2,11,0,0,0,0,0,0,0,0,0,0
20831,0,0,0,0,0,0,0,0,0,8,80,0
20832,15,222,398,0,0,0,1,0,0,0,0,0
20833,0,0,0,1,11,75,0,0,0,0,1,0
20834,0,0,0,0,1,1,0,0,0,0,0,0
20835,0,143,0,0,0,0,0,0,0,0,0,0
20836,0,0,0,0,0,0,6,33,0,0,0,0
20837,0,0,0,0,0,0,0,0,0,0,8,1
20838,0,0,0,23,11,513,0,0,0,0,1,0
20839,1,1,0,0,0,0,257,1,0,0,0,0
20840,0,0,0,0,0,47,0,0,0,0,0,0
20841,2,92,0,0,0,0,0,0,0,0,0,0
20842,0,0,0,0,0,0,0,0,0,0,2,0
20843,0,0,0,0,0,0,0,0,0,1,0,0
20844,0,0,0,0,0,59,0,0,0,86,5442,1
20845,0,0,0,0,0,6,0,0,0,0,0,0
20846,12,69,2,0,0,0,1,0,0,0,0,0
20847,0,0,0,0,0,120,0,0,0,0,0,0
20848,1,7,2,0,0,0,0,0,0,0,0,0
20849,0,19,61,0,0,0,0,0,0,2,0,0
20850,0,0,0,1,0,226,0,0,0,0,0,0
20851,1,1,0,0,0,0,0,0,0,0,0,0
20852,0,0,0,0,3,7,0,0,0,0,0,0
20853,0,0,0,0,0,0,2,232,24,0,0,0
20854,0,2,27,0,0,0,0,0,0,0,0,0
20855,0,0,0,0,0,0,10,5,0,0,0,0
20856,1,45,0,0,0,0,0,0,0,0,0,0
20857,0,0,0,0,0,0,9,4,2,0,0,0
20858,0,0,0,0,0,14,0,0,0,0,0,0
20859,0,0,0,2,5,103,0,0,0,0,1,0
20860,9,564,3,0,0,0,20,0,0,0,0,0
20861,0,0,0,0,0,1,0,0,0,0,0,0
20862,6,26,1,0,0,0,0,0,0,0,0,0
20863,0,0,0,0,0,0,0,0,0,0,12,0
20864,1,1,0,0,0,0,0,0,0,0,0,0
20865,0,0,0,1,0,151,0,0,0,0,1,0
20866,0,0,0,0,0,17,0,0,0,0,0,0
20867,0,0,0,0,1,3,0,0,0,0,0,0
20868,0,0,0,9,1,28,0,0,0,0,0,0
20869,0,0,0,0,0,0,0,5,2,0,0,0
20870,0,0,0,0,0,0,0,0,0,0,0,0
20871,0,0,0,5,2,40,0,0,0,0,0,0
20872,0,0,0,0,0,0,1,2,0,0,0,0
20873,0,0,0,0,0,0,0,0,0,1,0,1
20874,0,0,0,155,4,165,0,0,0,0,1,0
20875,0,0,0,0,0,0,6,4,0,0,0,0
20876,0,0,0,0,0,0,4,10,9,0,0,0
20877,0,0,0,1,0,253,0,0,0,0,0,0
20878,0,0,0,0,0,4,0,0,0,0,0,0
20879,0,0,0,0,0,0,0,0,0,0,6,2
20880,29,0,0,359,14,132,0,0,0,0,1,0
20881,0,0,0,0,0,0,30,7,2,0,0,0
20882,3,36,8,0,0,0,0,0,0,0,0,0
20883,0,0,0,1,0,462,0,0,0,0,5,0
20884,0,0,3,0,0,0,0,0,0,0,0,0
20885,0,79,1,0,0,0,0,0,0,0,0,0
20886,0,339,3,0,0,0,1,0,0,0,0,0
20887,0,1,0,0,0,0,226,1,3,0,0,0
20888,0,0,0,0,0,0,55,2,0,0,0,0
20889,4,202,10,0,0,0,0,0,0,0,0,0
20890,0,0,0,0,0,0,132,6,5,0,0,0
20891,5,0,0,45,19,2,0,0,0,0,0,0
20892,0,0,0,34,5,54,0,0,0,0,0,0
20893,0,0,0,0,0,0,1,126,3,0,0,0
20894,0,0,0,0,0,0,0,0,0,0,2,0
20895,11,39,2,0,0,0,0,0,0,0,0,0
20896,0,0,0,0,0,0,1,0,0,2,5,11
20897,0,0,0,0,0,0,0,0,0,2,8,1
20898,75,147,16,1,0,0,0,0,0,0,0,0
20899,0,0,0,0,0,0,1,3,2,0,0,0
20900,0,0,0,0,0,0,2,2,1,0,0,0
20901,0,0,0,2,0,22,0,0,0,0,0,0
20902,3,2,0,0,0,0,0,0,0,0,0,0
20903,0,0,0,0,0,0,0,0,0,0,0,0
20904,31,111,27,0,0,0,0,0,0,0,0,0
20905,0,1,0,0,0,0,97,35,0,0,0,0
20906,0,0,0,0,0,0,0,0,0,5,0,0
20907,0,0,0,115,4,230,0,0,0,0,3,0
20908,0,0,0,0,0,0,7,2,1,0,0,0
20909,0,0,0,0,2,2,0,0,0,0,0,0
20910,0,0,0,2,8,64,0,0,0,0,0,0
20911,0,0,0,1,0,1191,0,0,0,0,14,0
20912,0,0,0,0,1,1,0,0,0,0,0,0
20913,1,32,0,0,0,0,0,0,0,0,0,0
20914,0,0,33,0,0,0,0,0,0,0,0,0
20915,0,0,0,0,0,0,190,1,0,0,0,0
20916,0,71,0,0,0,0,0,0,0,0,0,0
20917,0,0,0,0,0,0,0,0,0,1,0,3
20918,1,7,0,0,0,0,0,0,0,0,0,0
20919,0,0,0,0,0,0,248,86,0,0,0,0
20920,0,0,0,0,0,1,0,0,0,0,0,0
20921,0,0,0,0,0,0,2,0,0,0,0,0
20922,0,0,0,0,0,0,1,7,1,0,0,0
20923,0,0,0,0,2,36,0,0,0,0,0,0
20924,0,0,0,0,1,3,0,0,0,0,0,0
20925,0,0,0,0,0,0,139,49,2,0,0,0
20926,0,0,0,0,0,0,0,0,0,3,2,0
20927,0,0,0,0,0,0,0,0,0,5,0,0
20928,0,0,0,48,16,93,0,0,0,0,0,0
20929,15,45,2,0,0,0,0,0,0,0,0,0
20930,0,0,0,0,0,9,0,0,0,8,3609,1
20931,0,0,0,0,1,0,414,1450,3,0,0,0
20932,0,0,0,0,0,0,338,238,1,0,0,0
20933,0,0,0,0,0,0,79,4,1,0,0,0
20934,0,0,0,0,0,438,0,0,0,0,2,0
20935,4,975,0,0,0,0,1,0,0,0,0,0
20936,0,0,0,0,0,1,0,0,0,0,584,0
20937,0,0,0,0,57,0,345,15664,1,0,0,0
20938,0,0,1,0,0,0,0,0,0,83,73,0
20939,0,0,0,19,3,9,0,0,0,0,0,0
20940,0,0,0,0,1,0,64,277,2,0,0,0
20941,0,0,0,0,0,0,0,0,0,16,184,0
20942,0,0,0,0,0,0,0,0,0,0,0,0
20943,0,0,0,15,7,180,0,0,0,0,0,0
20944,0,0,0,0,0,0,143,267,71,0,0,0
20945,0,0,0,1,1,28,0,0,0,0,0,0
20946,0,0,0,0,0,9,0,0,0,80,2087,3
20947,0,0,0,0,0,0,2,0,0,0,0,0
20948,0,0,0,0,0,0,0,0,0,0,0,0
20949,0,0,0,0,0,113,0,0,0,0,0,0
20950,0,0,0,52,3,1,0,0,0,0,0,0
20951,0,0,0,0,0,1,0,0,0,0,692,0
20952,55,239,26,3,1,0,1,0,0,1,0,0
20953,0,0,0,0,0,0,10,22,1,0,0,0
20954,0,1,0,0,0,0,0,0,0,0,0,0
20955,0,0,0,0,0,298,0,0,0,0,0,0
20956,0,0,0,0,0,0,0,0,0,90,706,2
20957,0,0,0,3,3,1,0,0,0,0,0,0
20958,0,0,0,14,0,25,0,0,0,0,0,0
20959,22,27,1,0,0,0,0,0,0,0,0,0
20960,2,28,17,0,0,0,0,0,0,2,0,0
20961,0,0,0,5,10,288,0,0,0,0,0,0
20962,0,36,0,0,0,0,2565,238,1,0,0,0
20963,0,121,23,0,0,0,4,0,0,0,0,0
20964,0,0,0,0,0,0,0,0,0,41,357,1
20965,0,0,0,0,3,9,0,0,0,0,0,0
20966,0,0,0,1,7,0,0,0,0,0,0,0
20967,0,0,0,0,1,101,0,0,0,0,0,0
20968,0,11,0,0,0,0,2504,7,4,0,0,0
20969,0,0,0,0,1,87,0,0,0,0,0,0
20970,0,0,0,0,0,0,0,0,1,36,342,26
20971,0,0,0,0,0,0,0,0,0,0,0,0
20972,0,0,0,0,0,0,0,0,0,0,2,0
20973,1,0,0,80,2,98,0,0,0,0,0,0
20974,0,0,0,0,0,0,402,2,1,0,0,0
20975,2,1,5,0,0,0,0,0,0,0,0,0
20976,0,0,0,3,2,181,0,0,0,0,3,0
20977,0,0,0,0,0,0,1,41,3,0,0,0
20978,0,0,0,0,0,0,0,0,0,1,2,0
20979,43,217,2,0,0,0,0,0,0,0,0,0
20980,0,1,0,0,0,0,311,48,0,0,0,0
20981,0,23,11,0,0,0,0,0,0,0,0,0
20982,0,0,0,0,11,658,0,0,0,0,2,0
20983,0,0,0,1,9,1,0,0,0,0,0,0
20984,0,0,0,0,0,0,0,0,0,0,18,1
20985,7,222,3,0,0,0,0,0,0,0,0,0
20986,0,2,0,0,0,0,0,0,0,0,0,0
20987,0,0,0,0,0,1,0,0,0,5,877,4
20988,0,0,0,2,22,37,0,0,0,0,0,0
20989,0,0,0,2,6,32,0,0,0,0,0,0
20990,0,0,0,1,0,0,0,0,0,0,0,0
20991,0,0,0,0,1,0,69,1534,84,0,0,0
20992,7,203,19,0,0,0,2,0,0,0,0,0
20993,0,0,0,0,2,48,0,0,0,0,0,0
20994,0,0,0,24,5,78,0,0,0,0,0,0
20995,0,0,0,0,5,0,95,1338,1,0,0,0
20996,0,0,0,0,0,0,4,109,3,0,0,0
20997,0,0,0,2,1,169,0,0,0,0,1,0
20998,0,1,0,0,0,0,50,5,10,0,0,0
20999,0,62,2,0,0,0,0,0,0,0,0,0
21000,0,0,0,0,9,80,0,0,0,0,0,0
21001,0,0,0,3,0,2,0,0,0,0,0,0
21002,0,0,0,0,0,0,3,19,1,0,0,0
21003,0,0,0,0,3,111,0,0,0,0,0,0
21004,0,1,0,0,20,0,74,1557,8,0,0,0
21005,0,0,0,1,0,3,0,0,0,3,1419,27
21006,22,197,5,0,0,0,0,0,0,0,0,0
21007,0,12,0,0,0,0,0,0,0,0,0,0
21008,0,0,0,0,0,1,0,0,10,20,1471,23
21009,0,0,0,3,7,50,0,0,0,0,0,0
21010,0,0,0,0,7,0,121,550,0,0,0,0
21011,0,0,0,1,0,7,0,0,0,0,0,0
21012,1,124,6,0,0,0,0,0,0,0,0,0
21013,0,0,0,0,0,0,0,0,0,18,55,0
21014,4,94,0,0,0,0,0,0,0,0,0,0
21015,0,0,0,14,1,397,0,0,0,0,0,0
21016,0,15,0,0,0,0,0,0,0,0,0,0
21017,0,0,0,0,0,17,0,0,0,4,1028,0
21018,6,129,3,0,0,0,1,0,0,0,0,0
21019,0,0,0,0,0,0,52,85,0,0,0,0
21020,0,0,0,0,0,0,0,0,0,67,62,0
21021,0,0,0,2,0,112,0,0,0,0,0,0
21022,16,81,1,0,0,0,0,0,0,0,0,0
21023,1,82,21,0,0,0,0,0,0,0,0,0
21024,0,0,0,6,0,345,0,0,0,0,1,0
21025,0,19,0,0,0,0,1,0,0,0,0,0
21026,1,89,2,0,0,0,0,0,0,0,0,0
21027,22,148,3,0,0,0,0,0,0,0,0,0
21028,0,0,0,1,0,3,0,0,0,0,0,0
21029,0,0,0,0,34,0,0,95,1,0,0,0
21030,0,0,0,0,0,0,0,12,0,0,0,0
21031,0,0,0,0,0,0,0,15,1,0,0,0
21032,0,0,0,0,0,0,0,0,0,0,0,0
21033,0,0,0,0,0,281,0,0,0,0,0,0
21034,0,0,0,0,0,8,0,0,0,65,3073,12
21035,0,0,0,0,0,1,0,0,0,0,0,0
21036,0,0,0,0,0,0,0,0,0,31,446,2
21037,16,305,4,1,0,0,0,0,0,0,0,0
21038,0,0,0,0,0,0,0,0,0,0,0,0
21039,0,0,0,1,5,42,0,0,0,0,1,0
21040,15,373,1,0,0,0,3,0,0,0,0,0
21041,0,0,0,0,1,1,0,0,0,0,0,0
21042,0,0,0,1,28,43,0,0,0,0,0,0
21043,50,48,0,1,0,0,0,0,0,0,0,0
21044,0,0,0,0,0,0,0,10,26,0,0,0
21045,0,0,0,0,0,630,0,0,0,0,2,0
21046,0,0,0,0,0,0,0,23,1,0,0,0
21047,0,0,0,0,0,0,0,0,0,0,0,0
21048,0,0,0,0,6,212,0,0,0,0,0,0
21049,12,0,1,0,0,0,0,0,0,0,0,0
21050,0,0,0,0,0,0,0,0,0,0,0,0
21051,0,0,0,0,0,0,23,25,1,0,0,0
21052,0,0,0,1,0,1,0,0,0,0,0,0
21053,0,1,0,0,0,0,0,0,0,0,0,0
21054,0,0,0,0,0,1,0,0,0,1,530,0
21055,0,13,0,0,0,0,1566,5,2,0,0,0
21056,0,3,1,0,0,0,0,0,0,0,0,0
21057,0,0,0,0,0,105,0,0,0,15,9327,0
21058,0,0,0,0,0,16,0,0,0,2,5680,1
21059,0,0,0,0,0,0,0,0,0,19,210,8
21060,0,0,0,6,1,30,0,0,0,0,0,0
21061,0,2,0,0,0,0,0,0,0,0,0,0
21062,0,100,2,0,0,0,0,0,0,0,0,0
21063,0,1,0,0,0,0,68,80,1,0,0,0
21064,0,5,2,0,0,0,0,0,0,0,0,0
21065,0,0,0,0,0,0,0,0,0,37,80,9
21066,0,0,0,43,20,38,0,0,0,0,0,0
21067,0,0,0,0,0,0,0,0,0,0,0,0
21068,0,1,3,0,0,0,0,0,0,0,0,0
21069,1,107,0,0,0,0,0,0,0,0,0,0
21070,0,20,12,0,0,0,0,0,0,0,0,0
21071,13,120,23,0,0,0,0,0,0,0,0,0
21072,0,0,0,4,1,60,0,0,0,0,0,0
21073,0,0,0,0,19,0,124,146,0,0,0,0
21074,0,0,0,0,3,67,0,0,0,0,1,0
21075,2,0,0,61,3,143,0,0,0,0,0,0
21076,1,58,0,0,0,0,0,0,0,0,0,0
21077,0,0,0,0,23,37,0,0,0,148,5304,29
21078,22,122,21,0,0,0,6,0,0,0,0,0
21079,1,10,42,0,0,0,0,0,0,13,0,0
21080,0,441,39,0,0,0,2,0,0,0,0,0
21081,20,101,17,0,0,0,0,0,0,0,0,0
21082,0,0,0,0,0,0,27,1,227,0,0,5
21083,44,6,26,0,0,0,0,0,0,1,0,0
21084,27,18,30,0,0,0,0,0,0,0,0,0
21085,0,0,176,0,0,0,0,0,0,5,0,0
21086,0,1,0,0,0,0,0,0,0,0,0,0
21087,0,0,0,1,1,1627,0,0,0,0,64,0
21088,0,0,0,0,3,0,25,689,0,0,0,0
21089,2,28,16,0,0,0,0,0,0,0,0,0
21090,0,0,0,0,0,1,0,0,0,40,193,1
21091,0,0,0,7,5,57,0,0,0,0,0,0
21092,0,0,0,0,0,0,0,0,0,2,0,1
21093,0,0,0,3,0,278,0,0,0,0,1,0
21094,0,0,0,0,0,0,0,0,0,0,0,0
21095,0,2,0,0,0,0,0,0,0,0,0,0
21096,0,413,0,0,0,0,1,0,0,0,0,0
21097,0,0,0,0,0,0,4,2,23,0,0,1
21098,8,30,29,0,0,0,0,0,0,1,0,0
21099,0,0,0,0,2,0,54,527,5,0,1,0
21100,0,2,0,0,0,0,78,27,0,0,0,0
21101,0,0,0,0,2,0,21,71,0,0,0,0
21102,0,0,0,0,1,24,0,0,0,0,0,0
21103,0,0,0,1,17,54,0,0,0,0,0,0
21104,0,0,0,0,0,0,0,0,0,0,0,0
21105,0,0,0,2,0,31,0,0,0,0,0,0
21106,0,0,0,0,0,2,0,0,0,0,0,0
21107,0,0,0,1,0,1,0,0,0,0,0,0
21108,0,0,0,0,0,2,0,0,0,0,1055,0
21109,2,95,10,0,0,0,0,0,0,0,0,0
21110,0,0,0,0,0,17,0,0,0,23,3552,1
21111,0,0,0,24,47,127,0,0,0,0,0,0
21112,0,0,0,0,0,20,0,0,0,0,0,0
21113,0,12,0,0,0,0,0,0,0,0,0,0
21114,0,0,0,0,0,0,0,0,0,0,338,0
21115,1,97,9,0,0,0,0,0,0,0,0,0
21116,0,0,0,1,0,25,0,0,0,0,0,0
21117,0,0,0,9,240,38,0,1,0,0,0,0
21118,0,0,0,13,8,43,0,0,0,0,0,0
21119,0,0,0,0,1,0,32,365,3,0,0,0
21120,0,0,0,0,1,86,0,0,0,0,0,0
21121,0,0,0,0,0,0,54,8,0,0,0,0
21122,0,0,0,0,0,0,6,34,2,0,0,0
21123,0,0,0,0,17,0,146,5683,32,0,0,0
21124,0,0,0,0,5,28,0,0,0,0,0,0
21125,1,0,0,9,1,3,0,0,0,0,0,0
21126,0,0,0,0,1,147,0,0,0,0,0,0
21127,5,546,3,0,0,0,2,0,0,0,0,0
21128,0,0,0,0,0,230,0,0,0,0,0,0
21129,0,20,4,0,0,0,0,0,0,0,0,0
21130,0,0,0,0,0,0,0,0,0,15,1,4
21131,2,42,1,0,0,0,0,0,0,0,0,0
21132,0,36,8,0,0,0,0,0,0,0,0,0
21133,0,0,0,0,0,0,0,0,0,88,0,3
21134,7,26,0,0,0,0,2,0,0,0,0,0
21135,0,87,4,0,0,0,0,0,0,0,0,0
21136,0,37,4,0,0,0,0,0,0,0,0,0
21137,0,45032,1,0,0,0,607,0,0,0,0,0
21138,0,4,0,0,0,0,175,8,0,0,0,0
21139,0,0,0,0,0,2,0,0,0,23,849,0
21140,0,0,0,0,0,0,0,0,0,0,0,0
21141,5,619,8,0,0,0,1,0,0,0,0,0
21142,0,0,0,0,0,0,108,285,1,0,0,0
21143,0,0,0,0,0,0,0,0,0,0,105,0
21144,0,0,0,9,35,170,0,0,0,0,0,0
21145,0,0,0,0,1,8,0,0,0,37,1342,5
21146,0,0,0,23,45,39,0,0,0,0,0,0
21147,1,0,0,150,14,117,0,0,0,0,0,0
21148,0,0,0,0,0,0,0,0,0,0,0,0
21149,0,0,0,0,0,0,0,0,0,0,0,0
21150,26,166,26,0,0,0,3,0,0,1,0,0
21151,0,0,0,0,0,0,0,0,0,0,0,0
21152,0,0,0,0,0,0,0,2,1,0,0,0
21153,0,0,0,0,0,145,0,0,0,0,1,0
21154,0,0,0,6,100,1,0,10,0,0,0,0
21155,0,0,0,0,0,0,0,0,0,0,0,0
21156,0,0,13,0,0,140,0,0,0,83,1044,0
21157,0,28,0,0,0,0,810,45,0,0,0,0
21158,0,0,0,0,6,302,0,0,0,0,7,0
21159,0,54,0,0,10,0,709,220,0,0,0,0
21160,0,0,0,0,0,0,35,58,0,0,0,0
21161,0,0,0,0,0,88,0,0,0,1,1605,1
21162,0,0,0,2,2,149,0,0,0,0,2,0
21163,61,271,116,0,0,0,4,0,0,2,0,0
21164,0,0,0,0,1,38,0,0,0,0,0,0
21165,0,50,0,0,0,0,0,0,0,0,0,0
21166,5,3,1,4,0,0,0,0,0,0,0,0
21167,0,4,0,0,0,0,0,0,0,0,0,0
21168,0,0,0,0,0,0,65,3,1,0,0,0
21169,1,127,4,0,0,0,0,0,0,0,0,0
21170,0,0,0,12,1,28,0,0,0,0,0,0
21171,3,54,1,0,0,0,0,0,0,0,0,0
21172,0,0,0,0,0,0,0,0,0,0,0,0
21173,0,0,0,0,0,0,0,0,0,0,2,0
21174,5,85,2,0,0,0,0,0,0,0,0,0
21175,0,0,0,0,0,0,0,1,1,0,0,0
21176,0,1,3,0,0,0,0,0,0,0,0,0
21177,2,46,0,0,0,0,0,0,0,0,0,0
21178,0,0,0,0,0,7,0,0,0,10,868,1
21179,1,218,0,0,0,0,2,0,0,0,0,0
21180,0,0,0,1,20,117,0,0,0,0,0,0
21181,0,0,0,1,0,2,0,0,0,0,0,0
21182,0,0,0,0,0,0,0,0,0,2,0,0
21183,0,0,0,1,47,155,0,0,0,0,1,0
21184,0,0,0,0,0,3,0,0,0,0,0,0
21185,0,0,0,0,0,0,0,2,2,0,0,0
21186,0,0,0,0,0,0,0,1,2,0,0,0
21187,0,0,5,0,0,0,0,0,0,0,0,0
21188,0,226,5,0,0,0,0,0,0,0,0,0
21189,0,0,0,0,0,264,0,0,0,0,3,0
21190,0,0,0,0,2,0,37,71,0,0,0,0
21191,0,0,0,0,0,7,0,0,0,15,732,2
21192,0,0,0,10,75,208,0,0,0,0,2,0
21193,0,0,0,0,2,0,91,867,4,0,0,0
21194,2,6757,40,0,0,0,46,1,1,0,0,0
21195,0,0,0,0,19,220,0,0,0,0,5,0
21196,0,0,0,0,0,0,0,0,0,76,0,4
21197,0,0,0,0,0,2,0,0,0,0,0,0
21198,0,0,0,1,0,55,0,0,0,0,0,0
21199,0,0,0,0,0,0,0,0,0,0,0,0
21200,1,0,0,0,0,0,0,0,0,0,0,0
21201,0,0,0,0,0,137,0,0,0,0,0,0
21202,0,52,0,0,0,0,2,0,0,0,0,0
21203,5,824,5,0,0,0,9,0,0,0,0,0
21204,0,1,0,0,33,0,213,1969,10,0,0,0
21205,0,0,2,0,0,0,0,0,0,741,247,2
21206,0,0,0,9,20,3,0,0,0,0,0,0
21207,0,0,0,0,0,2,0,0,0,8,633,0
21208,10,6,11,0,0,0,0,0,0,0,0,0
21209,0,0,0,0,0,0,0,0,0,0,0,0
21210,0,0,0,0,5,0,63,138,1,0,0,0
21211,0,0,0,0,0,0,0,2,0,0,0,0
21212,0,0,0,0,0,0,0,0,0,0,0,0
21213,2,53,27,0,0,0,1,0,0,1,0,0
21214,0,0,2,0,0,4,0,0,1,25,579,15
21215,2,211,2,0,0,0,1,0,0,0,0,0
21216,0,0,0,0,0,4,0,0,0,269,652,1
21217,0,0,0,0,0,0,0,0,0,0,0,0
21218,0,0,0,9,6,1,0,0,0,0,0,0
21219,0,0,0,0,0,3,0,0,0,0,1062,0
21220,0,1,0,0,29,0,199,2997,0,0,0,0
21221,0,0,0,0,1,0,0,0,0,5,275,1
21222,1595,322,14,51,0,0,1,0,0,0,0,0
21223,0,0,0,4,1,13,0,0,0,0,0,0
21224,0,0,0,0,0,0,0,3,2,0,0,0
21225,0,0,0,0,0,0,0,60,4,0,0,0
21226,0,0,0,0,0,1,0,0,0,0,0,0
21227,0,0,0,0,0,0,1,1,0,0,0,0
21228,0,0,0,0,0,0,0,5,1,0,0,0
21229,1,7,0,0,0,0,0,0,0,0,0,0
21230,0,0,0,0,0,0,0,0,0,0,3,1
21231,17,247,16,0,0,0,7,0,0,0,0,0
21232,0,0,0,0,0,0,131,149,1,0,0,0
21233,0,0,0,0,0,0,0,0,0,1,500,0
21234,0,0,2,0,0,56,0,0,0,132,5092,4
21235,0,0,0,0,1,49,0,0,0,0,0,0
21236,0,0,0,4,0,2,0,0,0,0,0,0
21237,0,0,0,3,9,31,0,0,0,0,0,0
21238,0,6,0,0,0,0,333,5,0,0,0,0
21239,0,0,0,0,0,18,0,0,0,0,0,0
21240,0,0,0,2,0,192,0,0,0,0,4,0
21241,1,38,0,0,0,0,0,0,0,0,0,0
21242,0,0,0,0,0,0,0,0,0,4,340,2
21243,0,0,0,5,3,70,0,0,0,0,0,0
21244,1,3,0,0,0,0,0,0,0,0,0,0
21245,0,69,11,0,0,0,0,0,0,0,0,0
21246,0,0,0,1,0,73,0,0,0,0,0,0
21247,0,0,0,0,0,0,3,5,2,0,0,0
21248,0,0,0,0,1,216,0,0,0,0,1,0
21249,0,0,0,0,0,0,37,287,14,0,0,0
21250,0,0,4,0,0,0,0,0,0,0,0,0
21251,0,1,2,0,0,0,0,0,0,0,0,0
21252,0,0,0,0,0,108,0,0,0,0,0,0
21253,0,0,0,0,0,0,15,7,0,0,0,0
21254,0,0,0,0,0,7,0,0,0,0,85,0
21255,0,2,0,0,17,0,684,4258,50775,1,8,196
21256,0,0,0,3,0,0,0,0,0,0,0,0
21257,0,0,0,0,0,0,0,0,0,0,4,0
21258,7,282,117,0,0,0,0,0,0,0,0,0
21259,0,0,0,0,0,0,0,0,0,0,0,0
21260,0,0,0,0,0,0,0,0,0,0,8,0
21261,6,2227,73,0,0,0,28,0,0,0,0,0
21262,0,0,0,0,5,3,0,0,0,0,0,0
21263,0,0,0,0,0,0,0,0,0,0,1,0
21264,0,0,0,18,84,146,0,2,0,0,0,0
21265,0,0,0,0,0,0,0,1,0,0,0,0
21266,1,2,0,0,0,0,0,0,0,0,0,0
21267,0,69,0,0,0,0,0,0,0,0,0,0
21268,0,0,0,0,1,0,15,136,0,0,0,0
21269,0,0,0,0,0,0,0,0,0,2,0,0
21270,26,214,48,0,0,0,2,0,0,0,0,0
21271,0,0,0,1,1,0,0,0,0,0,0,0
21272,0,0,0,4,0,1,0,0,0,0,0,0
21273,0,0,0,0,0,30,0,0,0,0,0,0
21274,0,0,0,1,0,17,0,0,0,0,0,0
21275,0,0,0,0,0,0,0,0,0,0,0,0
21276,0,38,0,0,0,0,0,0,0,0,0,0
21277,0,64,5,0,0,0,1,0,0,0,0,0
21278,0,0,0,0,0,27,0,0,0,0,0,0
21279,0,0,0,165,4,53,0,0,0,0,0,0
21280,0,0,0,0,0,0,0,0,0,0,0,0
21281,0,0,0,0,0,0,0,1,130,0,0,1
21282,1,390,31,0,0,0,0,0,0,0,0,0
21283,0,0,0,10,0,4,0,0,0,0,0,0
21284,0,0,0,0,0,0,1,2,1,0,0,0
21285,0,0,0,0,0,27,0,0,0,0,0,0
21286,1,2,0,0,0,0,0,0,0,0,0,0
21287,0,38,1,0,0,0,0,0,0,0,0,0
21288,0,0,0,0,0,39,0,0,0,0,0,0
21289,0,0,0,5,0,78,0,0,0,0,0,0
21290,0,15,0,0,0,0,0,0,0,0,0,0
21291,0,0,0,0,0,422,0,0,0,0,4,0
21292,0,0,1,0,0,1,0,0,0,50,322,0
21293,0,0,0,2,8,0,0,0,0,0,0,0
21294,1,0,0,547,11,33,0,0,0,0,0,0
21295,0,18,0,0,1,0,906,196,2,0,0,0
21296,0,1,0,0,0,0,668,21,0,0,0,0
21297,0,0,0,0,0,1,0,0,0,66,163,1
21298,0,14,16,0,0,0,0,0,0,0,0,0
21299,1,72,15,0,0,0,1,0,0,0,0,0
21300,1,87,3,0,0,0,1,0,0,0,0,0
21301,0,0,9,0,0,3,0,0,0,1428,655,2
21302,0,0,0,0,0,42,0,0,0,205,6756,0
21303,1,106,5,0,0,0,0,0,0,0,0,0
21304,3,0,30,1049,0,1438,0,0,0,14917,58918,22
21305,0,32,0,0,0,0,14811,243,1,0,0,0
21306,0,0,0,0,0,116,0,0,0,23,10983,3
21307,0,0,0,0,0,0,72,1,22,0,0,0
21308,12,35,57,0,0,0,0,0,0,1,0,0
21309,1,88,5,0,0,0,1,0,0,0,0,0
21310,0,0,0,0,0,0,0,0,0,161,4,14
21311,7,78,9,0,0,0,1,0,0,0,0,0
21312,14,74,17,0,0,0,1,0,0,0,0,0
21313,8,94,26,0,0,0,0,0,0,0,0,0
21314,0,0,0,2,0,0,0,0,0,0,0,0
21315,34,41,2,1,0,0,0,0,0,0,0,0
21316,0,0,0,0,0,0,168,67,5,0,0,0
21317,1,9,11,0,0,0,0,0,0,0,0,0
21318,0,0,0,6,32,156,0,0,0,0,1,0
21319,0,0,0,0,0,0,1,1,0,0,0,0
21320,0,0,0,0,0,0,0,0,2,0,0,0
21321,0,0,0,1,1,114,0,0,0,0,1,0
21322,0,0,0,4,1,51,0,0,0,0,0,0
21323,4,436,0,0,0,0,1,0,0,0,0,0
21324,0,0,0,0,0,123,0,0,0,0,2,0
21325,0,0,0,0,0,0,65,14,0,0,0,0
21326,0,0,0,0,11,90,0,0,0,0,0,0
21327,0,0,0,0,0,1,0,0,0,5,136,0
21328,1,5,0,0,0,0,0,0,0,0,0,0
21329,0,0,0,1,1,5,0,0,0,0,0,0
21330,0,0,0,0,0,0,0,13,0,0,0,0
21331,0,0,0,0,0,0,0,0,0,0,4,0
21332,0,0,0,0,0,0,0,0,0,0,0,0
21333,0,0,0,1,0,127,0,0,0,0,0,0
21334,0,0,0,0,4,0,0,674,4,0,0,0
21335,0,0,0,0,0,0,0,0,0,4,8,1
21336,18,49,669,0,0,0,0,0,0,5,0,0
21337,0,0,0,0,0,0,0,0,0,0,0,0
21338,0,4,0,0,0,0,0,0,0,0,0,0
21339,0,0,0,0,10,50,0,0,0,0,0,0
21340,0,0,0,0,0,2,0,0,0,0,0,0
21341,1,0,0,0,0,0,0,0,0,0,0,0
21342,0,0,0,0,0,8,0,0,0,0,3088,0
21343,5,117,22,0,0,0,0,0,0,0,1,0
21344,0,0,0,0,0,18,0,0,0,0,0,0
21345,30,18,10,0,0,0,0,0,0,0,0,0
21346,0,0,0,0,1,29,0,0,0,0,0,0
21347,0,0,0,7,1,0,0,0,0,0,0,0
21348,0,0,0,0,2,30,0,0,0,0,0,0
21349,0,0,0,0,3,0,0,0,0,0,0,0
21350,0,0,0,0,0,0,0,1,0,0,0,0
21351,0,0,0,0,0,0,1,1,0,0,0,0
21352,0,3,48,0,0,0,0,0,0,1,0,0
21353,0,0,0,0,0,0,1,2,0,0,0,0
21354,0,4,0,0,0,0,444,1,0,0,0,0
21355,0,0,0,0,0,0,0,0,0,0,0,0
21356,29,120,63,0,0,0,1,0,0,0,0,0
21357,0,0,0,0,6,904,0,0,0,0,12,0
21358,0,108,0,0,0,0,1,0,0,0,0,0
21359,0,0,0,0,0,2,0,0,0,2,232,0
21360,9,32,0,0,0,0,0,0,0,0,0,0
21361,3,22,3,0,0,0,1,0,0,0,0,0
21362,6,105,27,0,0,0,0,0,0,0,0,0
21363,0,0,0,1,7,566,0,0,0,0,3,0
21364,0,0,0,0,0,45,0,0,0,32,5297,17
21365,0,0,0,0,0,7,0,0,0,109,1577,1
21366,56,677,29,0,0,0,7,0,0,0,0,0
21367,76,138,26,0,0,0,0,0,0,2,0,0
21368,0,0,0,10,14,112,0,0,0,0,2,0
21369,14,0,0,430,11,770,0,0,0,0,15,0
21370,0,0,0,0,0,1,0,0,13,5,81,838
21371,10,151,25,1,0,0,0,0,0,0,0,0
21372,0,0,0,0,918,0,179,33424,11,0,0,0
21373,0,0,0,2,6,32,0,0,0,0,1,0
21374,0,0,0,0,39,5,0,0,0,0,0,0
21375,0,7,0,0,0,0,358,34,0,0,0,0
21376,0,0,0,0,69,1,0,1,0,0,0,0
21377,0,0,0,0,0,0,0,0,0,16,8,0
21378,0,0,0,8,22,113,0,0,0,0,1,0
21379,1,0,0,25,8,39,0,0,0,0,0,0
21380,0,0,0,0,0,3,0,0,0,2,437,0
21381,0,0,1,0,0,3,0,0,0,139,349,0
21382,0,0,0,0,0,46,0,0,0,0,37,0
21383,0,9,0,0,0,0,0,0,0,0,0,0
21384,0,0,0,0,0,139,0,0,0,0,0,0
21385,0,0,0,0,1,1,0,0,0,0,0,0
21386,0,0,0,0,0,0,0,0,0,1,8,0
21387,0,0,0,2,29,61,0,0,0,0,0,0
21388,0,0,0,3,1,23,0,0,0,0,0,0
21389,0,0,0,0,0,2,0,0,0,0,0,0
21390,0,1343,6,0,0,0,8,3,0,0,0,0
21391,0,0,0,1,2,7,0,0,0,0,0,0
21392,0,0,0,1,2,3,0,0,0,0,0,0
21393,0,0,0,1,0,54,0,0,0,0,0,0
21394,0,0,0,0,0,0,2,12,2,0,0,0
21395,0,7,0,0,0,0,0,0,0,0,0,0
21396,0,0,0,0,0,21,0,0,0,3,287,0
21397,2,71,11,0,0,0,0,0,0,0,0,0
21398,0,0,0,0,0,15,0,0,0,0,0,0
21399,0,0,0,0,2,0,24,251,1,0,0,0
21400,14,64,6,0,0,0,0,0,0,0,0,0
21401,0,0,0,0,0,0,22,382,1,0,0,0
21402,0,0,0,0,1,76,0,0,0,0,0,0
21403,1,10,2,0,0,0,0,0,0,0,0,0
21404,3,68,5,0,0,0,0,0,0,0,0,0
21405,364,4427,11,1,0,0,61,0,0,0,0,0
21406,0,0,0,1,0,34,0,0,0,0,1,0
21407,0,0,0,1,0,2,0,0,0,0,0,0
21408,0,0,0,2,1,690,0,0,0,0,7,0
21409,0,0,0,0,0,1,0,0,0,27,278,1
21410,0,0,0,0,0,0,0,0,0,8,179,0
21411,0,0,0,0,0,7,0,0,0,25,746,0
21412,0,0,0,0,0,0,0,0,0,197,2,1
21413,0,0,0,0,0,3,0,0,0,0,0,0
21414,0,0,0,2,1,27,0,0,0,0,0,0
21415,1,1,0,0,0,0,0,0,0,0,0,0
21416,0,70,0,0,0,0,1,0,0,0,0,0
21417,2,88,3,0,0,0,0,0,0,0,0,0
21418,0,0,0,0,0,257,0,0,0,0,8,0
21419,0,0,0,0,0,3,0,0,0,0,0,0
21420,1,19,1,0,0,0,0,0,0,0,0,0
21421,1,5,9,0,0,0,0,0,0,0,0,0
21422,0,1,0,0,0,0,139,17,5,0,0,0
21423,0,0,0,0,0,0,187,94,0,0,0,0
21424,0,0,0,0,0,0,19,0,0,0,0,0
21425,0,0,0,0,0,0,0,0,0,0,0,0
21426,0,0,0,0,1,78,0,0,0,0,0,0
21427,8,132,0,0,0,0,0,0,0,0,0,0
21428,0,0,0,0,0,0,0,0,0,1,32,18
21429,2,0,0,665,1,57,0,0,0,0,1,0
21430,0,0,0,0,0,0,6,25,0,0,0,0
21431,0,0,0,0,0,5,0,0,0,1,769,8
21432,0,0,0,5,4,98,0,0,0,0,0,0
21433,0,10,0,0,0,0,566,5,10,0,0,0
21434,0,0,0,0,1,9,0,0,0,0,0,0
21435,0,0,0,1,0,79,0,0,0,0,1,0
21436,2,65,0,0,0,0,0,0,0,0,0,0
21437,0,0,0,0,0,1,0,0,0,0,0,0
21438,0,0,0,0,0,0,22,65,0,0,0,0
21439,0,0,0,0,15,19,0,3,0,0,0,0
21440,0,0,0,0,0,7,0,0,0,23,1238,0
21441,0,0,0,6,251,75,0,0,0,0,0,0
21442,0,0,0,0,4,46,0,0,0,0,0,0
21443,0,0,0,8,0,9,0,0,0,0,0,0
21444,33,131,1,0,0,0,10,0,0,0,0,0
21445,0,1,0,0,0,0,0,0,0,0,0,0
21446,0,24,231,0,0,0,0,0,0,2,0,0
21447,10,66,7,0,0,0,2,0,0,0,0,0
21448,0,1,0,0,0,0,86,0,2,0,0,0
21449,2,290,31,0,0,0,8,0,0,0,0,0
21450,9,73,130,0,0,0,0,0,0,0,0,0
21451,0,0,0,0,0,0,232,198,1,0,0,0
21452,0,0,0,0,3,0,68,452,6,0,0,0
21453,0,0,0,1,16,28,0,1,0,0,0,0
21454,0,0,0,0,0,0,0,0,0,14,2,1
21455,16,22,13,0,0,0,0,0,0,0,0,0
21456,4,17,13,0,0,0,0,0,0,0,0,0
21457,56,135,24,4,0,0,0,0,0,0,0,0
21458,0,0,0,0,41,125,0,0,0,0,0,0
21459,0,0,0,0,0,1,0,0,0,6,266,10
21460,0,7,1,0,0,0,0,0,0,0,0,0
21461,0,31,15,0,0,0,1,0,0,0,0,0
21462,1,0,0,261,4,297,0,0,0,0,3,0
21463,0,0,0,0,0,0,21,7,2,0,0,0
21464,3,113,21,0,0,0,2,0,0,0,0,0
21465,0,0,0,0,2172,259,0,22,0,0,0,0
21466,46,139,1,0,0,0,0,0,0,0,0,0
21467,0,0,0,1,1,86,0,0,0,0,1,0
21468,0,0,0,0,19,0,77,3506,2,0,0,0
21469,2,70,3,0,0,0,0,0,0,0,0,0
21470,0,0,0,1,1,16,0,0,0,0,0,0
21471,0,0,0,3,2,305,0,0,0,0,1,0
21472,0,0,0,7,0,13,0,0,0,0,0,0
21473,0,0,0,0,0,44,0,0,0,0,0,0
21474,3,204,12,0,0,0,0,0,0,0,0,0
21475,0,0,0,0,23,17,0,0,0,0,0,0
21476,0,0,0,0,0,0,0,0,0,11,25,1
21477,1,0,0,15,16,100,0,0,0,0,0,0
21478,0,0,0,0,0,0,0,0,0,46,13,3
21479,0,0,0,0,0,0,0,0,0,0,0,0
21480,0,0,0,5,6,54,0,0,0,0,0,0
21481,0,0,0,0,0,0,0,0,0,8,16,0
21482,0,0,0,0,0,5,0,0,0,0,0,0
21483,0,0,0,1,0,29,0,0,0,0,0,0
21484,11,55,1,0,0,0,0,0,0,0,0,0
21485,0,0,0,0,1,0,59,1249,2,0,0,0
21486,0,0,0,0,1,103,0,0,0,0,0,0
21487,0,3,9,0,0,0,0,0,0,0,0,0
21488,3,48,13,0,0,0,0,0,0,0,0,0
21489,24,566,65,0,0,0,21,0,0,0,0,0
21490,0,0,0,0,0,0,2,2,0,0,0,0
21491,0,0,0,0,0,0,0,7,1,0,0,0
21492,0,0,0,0,0,50,0,0,0,0,0,0
21493,0,38,3,0,0,0,0,0,0,0,0,0
21494,0,0,0,0,0,0,55,20,2,0,0,0
21495,0,105,4,0,0,0,0,0,0,0,0,0
21496,0,0,0,0,0,0,0,0,0,16,10,0
21497,0,0,0,0,0,2,0,0,0,0,0,0
21498,0,0,0,1,46,62,0,1,0,0,0,0
21499,8,287,1,0,0,0,1,0,0,0,0,0
21500,0,0,0,1,0,71,0,0,0,0,0,0
21501,2,10,1,0,0,0,0,0,0,0,0,0
21502,0,27,39,0,0,0,0,0,0,0,0,0
21503,0,0,0,0,1,0,0,0,0,0,0,0
21504,0,0,0,14,0,22,0,0,0,0,0,0
21505,0,1,2,0,0,0,0,0,0,0,0,0
21506,0,0,0,0,0,0,1,3,0,0,0,0
21507,0,85,0,0,0,0,0,0,0,0,0,0
21508,0,95,0,0,0,0,943,0,0,0,0,0
21509,0,230,30,0,0,0,3,0,0,0,0,0
21510,3,17,3,0,0,0,0,0,0,0,0,0
21511,0,20,3,0,0,0,0,0,0,0,0,0
21512,0,125,147,0,0,0,1,0,0,4,0,0
21513,0,0,0,0,0,5,0,0,0,1,481,0
21514,4,12,1,0,0,0,0,0,0,0,0,0
21515,0,22,5,0,0,0,0,0,0,1,0,0
21516,0,0,0,0,0,87,0,0,0,1,1826,0
21517,1,12,108,0,0,0,0,0,0,1,0,0
21518,0,0,0,0,17,0,183,899,14,0,0,0
21519,28,81,28,0,0,0,0,0,0,0,0,0
21520,0,6,0,0,3,0,55,1047,130,0,0,1
21521,0,0,0,0,1,15,0,0,0,0,0,0
21522,0,0,0,3,1,25,0,0,0,0,0,0
21523,0,1,0,0,2,0,179,373,0,0,0,0
21524,0,0,0,0,1,125,0,0,0,0,1,0
21525,0,0,0,1,109,63,0,0,0,0,0,0
21526,2,386,34,0,0,0,0,0,0,5,0,0
21527,0,0,0,0,10,88,0,0,0,0,0,0
21528,0,0,0,0,1,121,0,0,0,0,2,0
21529,0,0,0,2,9,26,0,0,0,0,0,0
21530,0,0,0,0,0,0,0,0,12,9,22,1743
21531,0,0,0,0,1,44,0,0,0,0,0,0
21532,108,222,1,1,0,0,1,0,0,0,0,0
21533,0,0,0,0,0,0,1,1,1,0,0,0
21534,11,0,0,1687,0,62,0,0,0,0,0,0
21535,0,1,0,0,12,0,103,1698,4,0,0,0
21536,5,102,1727,0,0,0,1,0,0,12,0,0
21537,1,0,0,105,0,113,0,0,0,0,16,0
21538,0,2,0,0,15,0,550,1609,52,0,0,0
21539,0,0,0,6,2,123,0,0,0,0,1,0
21540,0,0,0,7,10,48,0,0,0,0,0,0
21541,0,0,0,0,0,0,0,0,1,11,42,105
21542,0,0,0,1,0,1,0,0,0,0,0,0
21543,0,0,0,23,2,25,0,0,0,0,0,0
21544,0,0,0,0,0,0,65,30,114,0,0,1
21545,0,0,0,0,0,16,0,0,0,0,0,0
21546,1,0,0,63,58,39,0,0,0,0,0,0
21547,1,3,1,0,0,0,0,0,0,0,0,0
21548,2,20,5,0,0,0,0,0,0,0,0,0
21549,0,0,0,0,0,3,0,0,0,0,910,0
21550,0,0,0,0,0,0,0,0,0,0,0,0
21551,0,0,0,0,0,0,0,0,0,0,0,0
21552,0,0,0,0,0,6,0,0,0,85,782,0
21553,0,0,0,0,0,3,0,0,0,0,0,0
21554,0,13,1,0,0,0,1,0,0,0,0,0
21555,0,63,0,0,0,0,0,0,0,0,0,0
21556,2,236,2,0,0,0,15,0,0,0,0,0
21557,0,0,0,0,0,0,0,0,0,4,99,0
21558,0,0,0,0,0,0,0,4,0,0,0,0
21559,0,0,0,0,0,0,0,0,0,0,0,0
21560,1,1,0,0,0,0,0,0,0,0,0,0
21561,0,0,0,0,0,0,0,0,0,2,19,0
21562,37,65,20,0,0,0,1,0,0,0,0,0
21563,0,1,0,0,0,0,0,0,0,0,0,0
21564,0,0,0,0,0,1,0,0,0,0,0,0
21565,0,0,0,0,0,0,2,1,2,0,0,0
21566,0,0,0,0,6,36,0,0,0,0,0,0
21567,0,0,0,2,2,142,0,0,0,0,2,0
21568,2,0,0,234,13,0,0,0,0,0,0,0
21569,0,1,0,0,0,0,207,63,0,0,0,0
21570,0,0,0,0,641,46,0,4,0,0,0,0
21571,0,0,0,14,72,30,0,2,0,0,0,0
21572,0,0,0,17,3,17,0,0,0,0,0,0
21573,0,0,0,8,5,7,0,0,0,0,0,0
21574,0,0,0,4,3,51,0,0,0,0,0,0
21575,0,0,0,0,0,0,0,0,0,0,0,0
21576,0,0,0,0,3,6,0,0,0,0,0,0
21577,0,0,0,10,10,80,0,0,0,0,0,0
21578,0,0,0,0,7,7,255,2637,100,0,0,0
21579,0,0,0,0,4,501,0,0,0,0,1,0
21580,0,0,0,17,4,116,0,0,0,0,1,0
21581,0,0,0,35,1,33,0,0,0,0,0,0
21582,0,0,0,0,0,9,0,0,0,0,0,0
21583,25,266,10,0,0,0,0,0,0,0,0,0
21584,0,0,0,8,139,48,0,2,0,0,0,0
21585,0,0,0,0,11,5,0,0,0,0,0,0
21586,0,0,0,0,1,0,71,769,97,0,0,0
21587,0,0,0,0,0,0,0,0,0,38,495,0
21588,0,0,0,0,0,83,0,0,0,21,868,13
21589,4,203,25,0,0,0,2,0,0,0,0,0
21590,0,0,0,0,0,3,0,0,0,48,859,47
21591,0,0,0,5,0,2,0,0,0,0,0,0
21592,13,150,3,0,0,0,0,0,0,0,0,0
21593,0,1,0,0,0,0,306,114,17,0,0,0
21594,0,0,0,0,2,37,0,0,0,0,0,0
21595,0,0,0,0,0,13,0,0,0,74,5180,82
21596,0,0,0,1,11,52,0,0,0,0,1,0
21597,0,0,0,0,0,104,0,0,0,63,4968,122
21598,0,0,0,3,5,107,0,0,0,0,0,0
21599,37,85,0,0,0,0,0,0,0,0,0,0
21600,0,0,0,0,245,0,82,29000,2314,0,0,2
21601,0,0,0,1,1,67,0,0,0,0,0,0
21602,0,0,0,0,0,0,0,0,0,11,1,6
21603,97,317,1,0,0,0,4,0,0,0,0,0
21604,0,0,0,0,288,0,46,2182,181,0,0,2
21605,0,0,0,0,10,18,0,0,0,0,0,0
21606,0,0,0,0,0,0,21,300,12,0,0,0
21607,0,0,0,1,0,74,0,0,0,0,0,0
21608,0,0,0,0,4,0,150,2300,81,0,0,0
21609,0,0,0,0,7,131,0,0,0,0,1,0
21610,0,0,0,16,23,177,0,0,0,0,1,0
21611,14,43,1,0,0,0,0,0,0,0,0,0
21612,4,105,5,0,0,0,0,0,0,0,0,0
21613,0,0,0,83,73,157,0,0,0,0,0,0
21614,0,0,0,0,0,444,0,0,0,92,57374,54
21615,0,0,0,19,1774,85,0,16,1,0,0,0
21616,0,0,0,19,2,131,0,0,0,0,0,0
21617,13,137,7,0,0,0,0,0,0,0,0,0
21618,0,0,0,0,1,10,109,519,12314,105,664,1390085
21619,40,39,40,0,0,0,0,0,0,0,0,0
21620,5,158,86,0,0,0,0,0,0,0,0,0
21621,0,1,248,0,0,75,0,0,0,19458,3605,10
21622,0,0,1,0,0,160,0,0,0,586,15205,56
21623,16,138,46,0,0,0,0,0,0,0,0,0
21624,0,1,0,0,8,0,388,1975,2004,0,567,7
21625,50,693,73,0,0,0,3,1,0,0,0,0
21626,24,45,21,0,0,0,0,0,0,0,0,0
21627,0,0,0,0,0,12,0,0,0,136,4570,3
21628,1,0,0,31,36,193,0,0,0,0,0,0
21629,0,0,0,0,0,0,0,0,0,15,4,16
21630,83,174,270,0,0,0,0,0,0,0,0,0
21631,380,75,44,2,0,0,0,0,0,0,0,0
21632,0,0,0,16,17,206,0,0,0,0,0,0
21633,0,0,0,0,0,451,0,0,0,0,1,0
21634,12,59,58,0,0,0,0,0,0,0,0,0
21635,0,0,1,0,0,6,0,0,0,701,1226,9
21636,0,0,1,0,0,3,0,0,0,92,679,8
21637,0,0,0,0,0,92,0,0,0,48,4143,8
21638,0,0,0,0,0,158,0,0,0,28,24913,0
21639,0,0,1,0,0,9,0,0,0,230,2180,37
21640,0,0,0,13,6,145,0,0,0,0,0,0
21641,0,0,0,0,49,0,175,4365,23,0,0,0
21642,0,0,0,0,0,10,0,0,0,26,1753,19
21643,49,302,72,0,0,0,2,0,0,0,0,0
21644,0,0,0,19,10,514,0,0,0,0,1,0
21645,39,6,3,0,0,0,0,0,0,0,0,0
21646,0,0,0,0,0,20,0,0,0,0,2830,0
21647,77,4869,0,0,0,0,15,8,0,0,0,0
21648,0,0,0,0,0,16,0,0,0,1,3512,24
21649,0,0,0,29,3,732,0,0,0,0,3,0
21650,24,8,490,0,0,0,0,0,0,1,0,0
21651,68,72,10,0,0,0,2,0,0,0,0,0
21652,0,0,0,110,21,394,0,0,0,0,0,0
21653,0,0,0,2,5,2,0,0,0,0,0,0
21654,0,0,0,0,0,0,0,0,0,0,89,1
21655,0,0,0,19,7,74,0,0,0,0,2,0
21656,0,0,0,1,8,243,0,0,0,0,0,1
21657,0,0,0,76,5,35,0,0,0,0,0,0
21658,0,0,0,0,0,31,0,0,0,39,4436,25
21659,45,30,1,0,0,0,0,0,0,0,0,0
21660,0,0,0,0,0,8,0,0,0,40,1517,5
21661,20,79,4,0,0,0,0,0,0,0,0,0
21662,0,0,0,0,0,0,0,0,0,4,29,0
21663,0,0,0,0,0,0,22,87,370,0,0,39
21664,40,0,0,367,41,119,0,0,0,0,0,0
21665,0,0,0,0,0,0,27,63,337,0,0,47
21666,0,0,0,0,1,0,1,287,6,0,0,0
21667,0,0,0,0,3,18,0,0,0,0,0,0
21668,0,0,0,0,12,0,136,9037,4,0,0,0
21669,0,0,0,0,0,28,0,0,0,0,0,0
21670,0,0,0,0,18,25,0,0,0,0,0,0
21671,0,0,0,0,0,4,0,0,0,0,0,0
21672,2,3,0,0,0,0,0,0,0,0,0,0
21673,0,0,0,0,0,851,0,0,0,0,7,0
21674,0,0,0,1,0,5,0,0,0,0,0,0
21675,6,0,0,0,0,0,0,0,0,0,0,0
21676,0,0,0,0,0,5,0,0,0,0,748,0
21677,0,0,0,0,0,0,0,0,0,6,27,0
21678,0,0,0,0,0,0,0,0,0,5,7,0
21679,1,0,0,112,21,193,0,0,0,0,1,0
21680,0,0,0,0,0,0,4,5,1,0,0,0
21681,1,2,0,0,0,0,0,0,0,0,0,0
21682,0,0,0,0,0,8,0,0,0,2,1701,0
21683,1,13,18,0,0,0,0,0,0,0,0,0
21684,11,35,1,0,0,0,0,0,0,0,0,0
21685,45,112,17,0,0,0,0,0,0,0,0,0
21686,0,0,0,0,0,0,41,19,3,0,0,0
21687,0,0,0,0,2,1,0,0,0,0,0,0
21688,0,0,0,4,12,51,0,0,0,0,0,0
21689,0,0,0,0,0,1,0,0,0,0,0,0
21690,0,0,0,5,0,2,0,0,0,0,0,0
21691,0,0,0,0,0,9,0,0,0,2,2893,0
21692,0,3,5,0,0,0,0,0,0,0,0,0
21693,0,0,0,0,0,0,9,4,0,0,0,0
21694,1,156,0,0,0,0,0,0,0,0,0,0
21695,0,0,0,3,16,26,0,0,0,0,0,0
21696,0,0,0,0,0,1,0,0,0,17,126,0
21697,0,0,0,0,0,1,0,0,0,142,430,9
21698,0,0,0,2,39,128,0,0,0,0,0,0
21699,0,0,0,0,0,0,0,0,0,0,152,0
21700,30,120,11,0,0,0,0,0,0,0,0,0
21701,0,0,0,0,0,0,67,227,11,0,0,0
21702,0,0,0,1,2,18,0,0,0,0,0,0
21703,0,0,0,1,88,62,0,1,0,0,0,0
21704,0,0,0,3,0,69,0,0,0,0,0,0
21705,0,0,0,0,0,6,0,0,0,0,0,0
21706,3,46,2,0,0,0,0,0,0,0,0,0
21707,0,0,0,0,0,80,0,0,0,32,3866,1
21708,57,6,1,0,0,0,0,0,0,0,0,0
21709,0,0,0,1,6,228,0,0,0,0,1,0
21710,0,0,0,9,38,61,0,2,0,0,0,0
21711,0,0,0,0,0,2,0,0,0,0,303,0
21712,46,53,3,0,0,0,0,0,0,0,0,0
21713,10,22,0,0,0,0,0,0,0,0,0,0
21714,0,0,0,0,0,4,0,0,0,9,3198,3
21715,0,0,0,137,316,131,0,3,0,0,0,0
21716,0,0,3,0,0,0,0,0,0,84,3,21
21717,124,2315,5,0,0,0,98,0,0,0,0,0
21718,0,1,0,0,5,0,394,885,15,0,0,0
21719,0,0,0,0,0,0,224,5,1,0,0,0
21720,0,15,6,0,0,0,0,0,0,0,0,0
21721,0,0,0,0,0,659,0,0,0,67,6196,7
21722,0,0,0,0,7,368,0,0,0,0,19,0
21723,0,0,0,0,4,13,0,0,0,0,0,0
21724,0,4,0,0,42,0,749,3510,758,0,0,78
21725,0,0,0,2,0,5,0,0,0,0,0,0
21726,0,0,0,5,1,4,0,0,0,0,0,0
21727,0,0,0,0,0,227,0,0,0,3,4344,2
21728,0,0,0,0,3,285,0,0,0,0,4,0
21729,0,0,0,0,2,5,0,0,0,0,0,0
21730,2,80,2,0,0,0,1,0,0,0,0,0
21731,0,0,0,0,0,0,0,0,0,10,33,2
21732,0,0,0,0,0,0,0,0,0,2,19,0
21733,0,0,0,16,10,88,0,0,0,0,0,0
21734,0,0,0,2,25,15,0,0,0,0,0,0
21735,0,0,0,4,2,15,0,0,0,0,0,0
21736,0,0,0,0,0,53,0,0,0,4,3301,7
21737,0,0,0,1,3,125,0,0,0,0,0,0
21738,1,0,0,19,5,260,0,0,0,0,2,0
21739,0,0,0,6,15,176,0,0,0,0,2,0
21740,0,0,0,24,20,7,0,0,0,0,0,0
21741,0,0,0,0,0,0,0,0,0,3,33,23
21742,0,0,0,0,0,84,0,0,0,177,4713,26
21743,8,28,5,0,0,0,0,0,0,0,0,0
21744,10,19,5,0,0,0,0,0,0,0,0,0
21745,0,0,0,3,19,120,0,1,0,0,0,0
21746,0,2,0,0,0,0,225,40,289,0,0,1
21747,0,0,0,0,10,12,0,0,0,0,0,0
21748,0,0,0,8,2,215,0,0,0,0,1,0
21749,4,31,0,0,0,0,0,0,0,0,0,0
21750,0,0,0,0,0,0,0,0,0,33,65,5
21751,0,0,0,13,25,99,0,0,0,0,0,0
21752,11,0,0,401,13,127,0,0,0,0,0,0
21753,0,0,0,0,2,0,9,214,1,0,0,0
21754,0,0,0,0,0,0,0,173,1,0,0,0
21755,0,0,0,2,2,42,0,0,0,0,1,0
21756,0,0,0,6,9,23,0,0,0,0,0,0
21757,0,0,0,0,0,8,0,0,0,15,1029,2
21758,0,0,0,0,0,7,0,0,0,46,631,0
21759,13,261,41,0,0,0,15,0,0,1,0,0
21760,0,0,0,23,4,187,0,0,0,0,3,0
21761,0,0,0,0,141,0,51,2323,11,0,0,0
21762,0,0,79,0,1,352,0,0,0,190,58199,10
21763,0,0,0,17,1,448,0,0,0,0,9,0
21764,113,172,4,0,0,0,10,0,0,0,0,0
21765,21,0,0,40,12,664,0,0,0,0,12,0
21766,31,63,22280,0,0,0,2,0,0,857,11,0
21767,0,0,0,1,20,173,0,0,0,114,6759,15
21768,93,133,1326,26,0,0,1,0,0,609,0,1
21769,0,0,0,20,162,182,0,61,0,0,1,0
21770,0,870,1,0,170,0,28475,4714,387,0,0,1
21771,0,0,0,11,186,92,0,9,0,0,0,0
21772,0,0,1,0,0,48,0,0,0,106,2687,7
21773,0,0,0,33,41,202,0,0,0,0,1,0
21774,0,0,0,0,0,67,0,0,0,87,1045,6
21775,1,0,0,188,41,346,0,0,0,0,5,0
21776,0,6,0,0,0,0,587,163,19,0,0,0
21777,0,6,0,0,2,0,746,713,5,0,0,0
21778,0,2,0,0,1,0,319,98,4,0,0,0
21779,3,81,2,0,0,0,1,0,0,0,0,0
21780,0,0,0,0,0,3,0,0,0,39,281,4
21781,0,0,0,0,0,1,0,0,22,19,373,173
21782,159,41,9,2,0,0,0,0,0,0,0,0
21783,7,20,38,0,0,0,0,0,0,13,0,0
21784,0,0,0,41,4,137,0,0,0,0,1,0
21785,0,0,0,0,1,0,165,77,406,0,0,3
21786,1,1,0,0,24,0,283,4806,413,0,0,0
21787,0,0,0,0,0,196,0,0,0,0,2,0
21788,6,123,0,0,0,0,1,0,0,0,0,0
21789,0,0,0,0,0,16,0,0,0,213,2864,76
21790,0,0,0,7,3,110,0,0,0,0,0,0
21791,2,13,4,0,0,0,0,0,0,0,0,0
21792,18,42,7017,0,0,0,0,0,0,234,1,0
21793,0,33,0,0,0,0,935,283,92,0,0,0
21794,13,63,13,0,0,0,0,0,0,0,0,0
21795,0,0,0,0,3,0,218,509,6,0,0,0
21796,0,1,0,0,0,0,111,466,13,0,0,0
21797,0,0,0,2,4,257,0,0,0,0,1,0
21798,0,0,0,3,4,26,0,0,0,0,0,0
21799,0,0,0,14,2,64,0,0,0,0,0,0
21800,0,1,0,0,80,0,221,7409,133,0,0,1
21801,54,7506,5430,2,0,0,159,0,0,73,2,1
21802,0,0,0,13,12,1633,0,0,0,0,14,0
21803,35,9,2,0,0,0,0,0,0,0,0,0
21804,1,40,3,0,0,0,3,0,0,0,0,0
21805,0,0,0,0,0,4,0,0,0,21,277,0
21806,0,0,2,0,0,1,0,0,0,429,146,1
21807,0,1,3,0,0,0,0,0,0,94,144,15
21808,0,0,0,36,15,191,0,0,0,0,3,0
21809,0,5,0,0,2,0,525,689,147,0,0,4
21810,0,0,0,1,1,42,0,0,0,0,0,0
21811,0,0,42,0,0,42,0,0,5,2967,4434,241
21812,0,0,52,0,0,10,0,0,0,375,2647,9
21813,0,0,0,7,1,9,0,0,0,0,0,0
21814,1,44,3,0,0,0,1,0,0,0,0,0
21815,0,0,0,0,0,3,0,0,0,20,413,1
21816,0,0,0,0,0,0,0,0,0,10,79,5
21817,62,326,6,1,0,0,0,0,0,0,0,0
21818,0,0,0,6,4,65,0,0,0,0,0,0
21819,0,0,0,3,2,45,0,0,0,0,0,0
21820,0,0,1,6,44,272,19,0,0,0,0,0
21821,31,187,2,0,0,0,4,0,0,0,0,0
21822,71,34,18,2,0,0,0,0,0,0,0,0
21823,0,0,0,46,1,291,0,0,0,0,0,0
21824,0,0,0,0,1,0,49,198,290,0,0,3
21825,8,93,34,0,0,0,0,0,0,0,0,0
21826,0,0,0,17,18,294,0,0,0,0,4,19
21827,0,0,7,0,0,0,16,4,0,0,0,0
21828,0,0,0,4,0,0,7,13,4,0,0,0
21829,0,0,0,3,2,68,0,0,0,0,0,0
21830,0,4,0,0,1,0,238,757,61,0,0,0
21831,0,0,0,5,8,26,0,0,0,0,0,0
21832,0,1,0,15,9,43,0,0,0,0,0,0
21833,1,0,4,8,2,10,0,0,0,0,0,0
21834,11,6,2,0,0,0,0,0,0,0,0,0
21835,0,0,0,3,8,2650,0,1,0,0,10,0
21836,0,0,0,81,5,13,0,0,0,0,0,0
21837,0,0,0,4,7,19,0,0,0,0,1,0
21838,0,0,0,11,0,66,0,0,0,0,0,0
21839,0,0,0,0,0,0,7,357,3,0,0,0
21840,0,0,0,0,0,0,0,0,0,4,21,3
21841,0,0,0,6,41,180,0,0,0,0,16,0
21842,0,0,0,18,47,11,0,0,0,0,0,0
21843,0,0,0,0,0,19,0,0,0,14,1757,2
21844,0,0,1,0,0,18,0,0,0,54,400,3
21845,37,242,17,0,0,0,16,1,0,0,0,0
21846,0,0,0,0,2,636,0,0,0,193,626760,60
21847,0,0,0,30,23,122,0,0,0,0,3,0
21848,0,0,0,0,0,0,15,12,281,0,0,6
21849,629,179,63,3,0,0,1,0,0,0,0,0
21850,0,3,0,0,0,0,256,675,7,0,0,0
21851,0,4720,38,0,0,0,156,0,0,0,0,0
21852,6,132,26,0,0,0,0,0,0,0,0,0
21853,0,1,0,0,4,0,115,1411,2,0,0,0
21854,0,0,0,2,17,92,0,0,0,0,1,0
21855,0,0,0,0,1,44,0,0,0,13,11963,0
21856,0,0,0,0,2,59,0,0,0,0,0,0
21857,30,63,1,0,0,0,3,0,0,0,0,0
21858,4,40,2,0,0,0,0,0,0,0,0,0
21859,0,0,0,0,0,13,0,0,0,17,3287,1
21860,48,90,8,0,0,0,3,0,0,0,0,0
21861,0,0,0,5,1,290,0,0,0,0,2,0
21862,20,194,3,0,0,0,2,0,0,0,0,0
21863,10,150,12,0,0,0,3,0,0,0,0,0
21864,0,0,0,1,3,939,0,0,0,0,3,0
21865,20,31,2,0,0,0,0,0,0,0,0,0
21866,2,99,17,0,0,0,2,0,0,0,0,0
21867,0,0,0,0,2,0,54,519,12,0,0,0
21868,239,55,36,2,0,0,0,0,0,0,0,0
21869,0,0,0,0,0,0,10,17,1,0,0,0
21870,0,0,0,0,0,0,3,5,2,0,0,0
21871,0,0,1,0,0,3,0,0,0,22,182,1
21872,0,0,0,0,1,5,0,0,0,0,0,0
21873,0,0,0,0,0,0,0,24,1,0,0,0
21874,0,0,0,0,0,0,2,16,1,0,0,0
21875,10,449,15,0,0,0,9,0,0,0,0,0
21876,0,0,0,0,0,40,0,0,0,0,0,0
21877,0,0,0,2,0,13,0,0,0,0,0,0
21878,0,0,0,1,2,4,0,0,0,0,0,0
21879,0,0,0,2,0,2,0,0,0,0,0,0
21880,0,0,0,0,0,65,0,0,0,0,1,0
21881,0,0,0,0,0,0,2,6,2,0,0,0
21882,0,0,0,0,0,0,4,6,2,0,0,0
21883,0,0,0,1,0,327,0,0,0,0,1,0
21884,6,12,1,0,0,0,0,0,0,0,0,0
21885,0,0,0,0,0,0,0,0,0,18,45,120
21886,0,0,0,8,6,511,0,0,0,0,2,0
21887,7,373,0,0,0,0,0,0,0,0,0,0
21888,0,0,0,0,0,0,0,0,0,13,31,29
21889,0,0,0,2,2,146,0,0,0,0,0,0
21890,0,0,0,1,336,176,0,0,0,0,1,0
21891,0,0,0,0,0,3,0,0,0,0,0,0
21892,49,454,0,0,0,0,6,0,0,0,0,0
21893,0,6,0,0,0,0,792,4,57,0,0,0
21894,5,14,5,0,0,0,0,0,0,0,0,0
21895,0,0,0,1,16,1158,0,0,0,0,31,0
21896,0,0,0,23,96,105,0,0,0,0,0,0
21897,0,0,0,0,0,965,0,0,0,0,43278,4
21898,0,4,0,0,18,0,475,1027,21,0,0,0
21899,0,8,12,0,0,0,0,0,0,0,0,0
21900,9,75,22,0,0,0,0,0,0,0,0,0
21901,0,1,0,0,0,0,365,31,9,0,0,0
21902,3,33,0,0,0,0,0,0,0,0,0,0
21903,0,0,0,0,0,0,0,0,0,0,5,1
21904,0,0,0,0,0,10,0,0,0,38,463,3
21905,0,0,0,0,0,0,0,0,0,1,1,2
21906,10,7,2,0,0,0,0,0,0,0,0,0
21907,0,0,0,0,0,0,137,20,0,0,0,0
21908,0,0,0,0,1,9,0,0,0,0,3,0
21909,0,0,0,0,0,0,0,0,0,4,1,2
21910,0,0,2,0,0,160,0,0,0,116,4167,3
21911,0,0,0,0,0,5,0,0,0,42,544,0
21912,0,0,0,0,0,3,0,0,0,0,0,0
21913,103,120,1,2,0,0,2,0,0,0,0,0
21914,0,0,5,0,0,3,0,0,0,116,688,9
21915,0,0,0,1,1,6,0,0,0,0,0,0
21916,0,0,0,2,4,40,0,0,0,0,1,0
21917,2,100,0,0,0,0,2,0,0,0,0,0
21918,0,0,0,0,3,3,0,0,0,0,0,0
21919,0,0,0,4,3,94,0,0,0,0,2,0
21920,0,2,0,0,16,0,93,410,70,0,0,1
21921,0,0,0,0,0,40,0,0,0,0,0,0
21922,0,0,0,1,1,19,0,0,0,0,1,0
21923,3,36,2,0,0,0,0,0,0,0,0,0
21924,12,79,2,0,0,0,3,0,0,0,0,0
21925,0,0,0,6,0,303,0,0,0,0,13,0
21926,3,49,1,0,0,0,0,0,0,0,0,0
21927,1,28,2,0,0,0,0,0,0,0,0,0
21928,0,0,0,0,0,14,0,0,0,5,742,2
21929,0,4,0,0,3,0,46,126,3,0,0,0
21930,0,0,0,0,0,1,0,0,0,6,87,0
21931,0,0,0,3,4,178,0,0,0,0,2,0
21932,4,13,2,0,0,0,0,0,0,0,0,0
21933,0,0,0,0,0,0,0,0,0,31,219,72
21934,0,0,0,5,0,81,0,0,0,0,0,0
21935,1,16,19,0,0,0,0,0,0,0,0,0
21936,1,75,22,0,0,0,0,0,0,0,0,0
21937,0,0,0,3,3,117,0,0,0,0,2,0
21938,0,0,0,0,0,0,23,52,1,0,0,0
21939,0,0,0,0,7,194,0,0,0,0,0,0
21940,0,0,0,6,5,44,0,0,0,0,0,0
21941,0,0,0,0,1,0,65,443,3,0,0,0
21942,0,0,0,0,0,10,0,0,0,0,0,0
21943,0,0,0,1,0,10,0,0,0,0,0,0
21944,9,402,0,0,0,0,1,0,0,0,0,0
21945,0,0,0,0,0,6,0,0,0,0,0,0
21946,0,0,0,1,0,77,0,0,0,0,1,0
21947,2,3,0,0,0,0,0,0,0,0,0,0
21948,1,8,1,0,0,0,0,0,0,0,0,0
21949,3,65,6,0,0,0,1,0,0,0,0,0
21950,0,0,0,0,0,0,44,170,113,0,0,0
21951,0,0,0,0,2,10,0,0,0,0,0,0
21952,0,0,0,0,0,46,0,0,0,7,2865,43
21953,0,0,0,5,0,2,0,0,0,0,0,0
21954,0,0,0,0,0,0,4,7,4,0,0,0
21955,0,0,0,1,1,54,0,0,0,0,1,0
21956,0,0,0,0,0,0,11,0,150,0,0,0
21957,7,17,133,0,0,0,0,0,0,1,0,0
21958,258,73,54,2,0,0,0,0,0,2,0,0
21959,0,0,0,4,1,14,0,0,0,0,0,0
21960,0,0,0,2,0,12,0,0,0,0,0,0
21961,0,0,0,2,4,122,0,0,0,0,1,0
21962,0,0,0,0,0,0,0,0,0,11,17,35
21963,102,77,1,1,0,0,2,0,0,0,0,0
21964,21,124,139,0,0,0,4,0,0,0,0,0
21965,0,0,0,12,12,92,0,0,0,0,2,0
21966,0,0,0,2,2,5,0,0,0,0,0,0
21967,0,0,0,1,0,44,0,0,0,0,0,0
21968,0,0,0,0,0,0,0,0,0,0,0,0
21969,0,0,0,0,3,0,4,174,9,0,0,0
21970,0,0,0,1,1,62,0,0,0,0,1,0
21971,8,59,1,0,0,0,0,0,0,0,0,0
21972,3,154,32,0,0,0,3,0,0,0,0,0
21973,0,0,0,22,9,2086,0,0,0,0,175,0
21974,0,5,0,0,563,2,138,23476,16214,0,2,251
21975,153,197,277,38,0,0,3,0,0,2,0,0
21976,0,0,0,1,9,424,0,0,0,0,14,0
21977,0,0,0,0,0,0,0,0,0,4,74,1
21978,0,0,0,0,0,0,0,0,0,5,37,4
21979,370,444,14,1,0,0,26,0,0,0,0,0
21980,1,0,0,62,15,78,0,0,0,0,0,0
21981,0,0,0,6,1,21,0,0,0,0,0,0
21982,0,0,0,2,16,111,0,0,0,0,1,0
21983,0,0,0,0,165,24,0,1,0,0,0,0
21984,0,0,0,1,8,7,0,0,0,0,0,0
21985,0,1,0,0,165,0,98,1164,4,0,0,0
21986,0,4,0,0,7,0,481,206,13,0,0,0
21987,0,0,0,0,0,0,0,0,0,0,0,0
21988,0,0,0,6,21,109,0,7,0,0,1,0
21989,0,2,0,0,24,0,145,1067,11,0,0,0
21990,0,0,0,3,26,75,0,7,0,0,7,0
21991,16,0,0,16,150,19,0,8,0,0,0,0
21992,0,0,0,68,1790,80,0,421,0,0,2,0
21993,3943,14,6709,67,1,0,0,0,0,3959,54,0
21994,0,0,0,3,7,1862,0,0,0,0,372,0
21995,356,3,0,4022,67,59969,0,0,0,1,580,2
21996,29,3,127,24,0,0,0,0,0,112,0,0
21997,0,0,0,0,0,27,0,0,0,5,2296,0
21998,0,0,56,0,0,10,0,0,0,104,1873,9
21999,86,203,25,1,0,0,4,0,0,0,0,0
22000,0,0,0,0,0,59,0,0,0,538,6250,36
22001,1,107,9,0,0,0,0,0,0,0,0,0
22002,47,71,7,0,0,0,0,0,0,0,0,0
22003,79,39,23,0,0,0,0,0,0,0,0,0
22004,179,38,23,0,0,0,0,0,0,0,0,0
22005,2,603,1120,0,0,0,2,0,0,1,0,0
22006,0,0,0,0,0,3,0,0,0,46,1087,25
22007,26,21,6,0,0,0,0,0,0,0,0,0
22008,15,26,18,0,0,0,0,0,0,1,0,0
22009,0,0,0,0,0,2,0,0,0,20,573,9
22010,0,44,5,0,0,0,0,0,0,0,0,0
22011,76,91,730,0,0,0,0,0,0,11,0,0
22012,152,258,23,0,0,0,0,0,0,0,0,0
22013,3,152,9,0,0,0,2,0,0,0,0,0
22014,0,0,0,0,0,0,105,760,179,0,0,2
22015,0,0,0,3,6,57,0,0,0,0,0,0
22016,20,0,0,2483,51,1175,0,0,0,0,28,0
22017,0,2,0,0,64,0,14,3672,73,0,0,0
22018,0,0,0,0,634,1,12,28570,2,0,0,0
22019,11,362,19,0,0,0,6,0,0,0,0,0
22020,0,0,0,30,11,1310,0,0,0,0,24,0
22021,0,6,0,0,40,0,721,4313,84,0,0,0
22022,0,115,0,0,0,0,839,1,145,0,0,0
22023,8,283,319,0,0,0,1,0,0,6,1,0
22024,7,58,13,0,0,0,2,0,0,0,0,0
22025,5,352,855,0,0,0,0,0,0,18,0,0
22026,0,1,0,0,3,0,91,283,73,0,0,1
22027,0,0,0,6,86,42,0,0,0,0,1,0
22028,0,0,0,0,0,0,12,1,70,0,0,0
22029,36,114,45,0,0,0,0,0,0,0,0,0
22030,0,0,0,0,0,0,243,129,3,0,0,0
22031,0,0,0,91,4,31,0,0,0,0,0,0
22032,0,0,0,5,441,7535,0,16,0,0,102,0
22033,0,0,4,0,0,1,0,0,0,1156,1220,2
22034,2,3695,41,0,0,0,0,0,0,0,0,0
22035,0,69,0,0,8,0,101,138,4,0,0,0
22036,211,130,2037,108,0,0,1,0,0,194,0,0
22037,0,0,0,0,0,0,63,17,10,0,0,0
22038,0,0,0,2,2,44,0,0,0,0,0,0
22039,1,0,0,17,16,48,0,0,0,0,0,0
22040,22,0,0,23,1,12,0,0,0,0,0,0
22041,21,9,0,0,0,0,0,0,0,0,0,0
22042,0,0,0,1,0,396,0,0,0,0,4,0
22043,0,0,0,8,41,16,0,0,0,0,1,0
22044,0,0,0,0,0,1,0,0,0,109,72,0
22045,1,0,0,67,1,82,0,0,0,0,0,0
22046,4,20,1,0,0,0,0,0,0,0,0,0
22047,0,0,0,0,0,0,75,439,15,0,0,0
22048,0,0,0,6,12,42,0,1,0,0,0,0
22049,0,0,0,0,0,0,22,91,1,0,0,0
22050,0,0,0,0,0,1,0,0,0,28,378,3
22051,0,0,0,0,3,0,50,1778,8973,0,1,110
22052,54,13,104,0,0,0,0,0,0,0,1,0
22053,27,142,508,0,0,0,0,0,0,2,0,0
22054,0,0,0,1,6,596,0,0,0,0,17,0
22055,9,9,3,0,0,0,0,0,0,0,0,0
22056,4,5,1,0,0,0,0,0,0,0,0,0
22057,0,0,0,0,0,223,0,0,0,0,2,0
22058,0,0,0,2,0,1,0,0,0,0,0,0
22059,0,0,0,0,0,0,0,70,20,0,0,0
22060,0,0,0,0,0,0,0,0,0,0,81,0
22061,39,2,0,0,0,0,0,0,0,0,0,0
22062,0,0,0,0,0,0,0,0,0,3,20,29
22063,0,0,0,1,146,45,0,1,0,0,0,0
22064,0,0,0,0,2,149,0,0,0,0,1,0
22065,0,0,0,0,0,13,0,0,0,0,0,0
22066,0,0,0,4,0,47,0,0,0,0,2,0
22067,0,0,0,0,0,0,14,1,7,0,0,0
22068,2,4,5,0,0,0,0,0,0,0,0,0
22069,25,93,16,0,0,0,1,0,0,0,0,0
22070,0,0,0,3,0,166,0,0,0,0,0,0
22071,6,1,2,0,0,0,0,0,0,0,0,0
22072,0,0,0,0,0,474,0,0,0,0,2,0
22073,0,194,0,0,0,0,423,176,25,0,0,0
22074,0,0,0,1,0,43,0,0,0,0,0,0
22075,0,0,0,0,0,3,0,0,0,326,459,0
22076,0,0,0,15,289,3,0,2,0,0,0,0
22077,0,0,2,0,0,0,0,0,0,75,124,1
22078,0,0,0,12,99,248,0,0,0,0,1,0
22079,0,0,3,0,0,0,0,0,0,1250,6,60
22080,36,329,9,0,0,0,14,0,0,0,0,0
22081,0,4,0,0,26,0,272,2050,37,0,0,0
22082,0,0,0,0,0,12,0,0,0,20,2714,4
22083,0,0,0,0,0,0,0,0,0,37,161,10
22084,0,0,0,2,12,218,0,0,0,0,6,0
22085,0,0,0,11,4,229,0,0,0,0,4,0
22086,0,0,0,2,4,57,0,0,0,0,3,0
22087,0,0,0,3,18,68,0,1,0,0,0,0
22088,0,0,0,0,0,29,0,0,0,52,3596,11
22089,0,0,0,25,2,35,0,0,0,0,0,0
22090,0,0,0,0,1,69,0,0,0,0,0,0
22091,67,274,0,0,0,0,1,0,0,0,0,0
22092,0,0,0,63,17,262,0,0,0,0,2,0
22093,0,17,0,0,10,0,2872,1551,1092,0,0,5
22094,0,12,0,0,0,0,1551,253,2718,0,0,33
22095,15,247,0,0,0,0,1,0,0,0,0,0
22096,0,0,1,0,0,0,0,0,0,39,142,0
22097,0,0,0,0,0,0,0,0,0,141,474,1
22098,0,0,0,5,45,259,0,0,0,0,0,0
22099,0,0,0,20,1,142,0,0,0,0,0,0
22100,0,0,0,0,0,0,526,0,618,0,0,2
22101,2424,252,39,13,0,0,6,0,0,0,0,0
22102,83,146,22,0,0,0,0,0,0,0,0,0
22103,0,0,0,0,0,0,279,21,777,0,0,9
22104,0,5,0,0,47,0,817,8512,763,0,0,5
22105,71,70,50,0,0,0,0,0,0,1,0,0
22106,0,40,20,0,0,0,0,0,0,0,0,0
22107,27,126,141,0,0,0,1,0,0,1,0,0
22108,17,131,51,0,0,0,1,0,0,0,0,0
22109,0,0,0,0,0,0,0,0,0,47,40,20
22110,45,290,65,0,0,0,0,0,0,8,0,0
22111,0,0,0,0,2,0,265,440,2,0,0,0
22112,0,0,0,0,0,0,261,7,3,0,0,0
22113,0,0,0,0,2,0,88,273,2,0,0,0
22114,0,0,0,0,0,110,0,0,0,0,1,0
22115,29,998,3,0,0,0,4,0,0,0,0,0
22116,19,243,42,0,0,0,0,0,0,0,0,0
22117,0,0,0,9,7,105,0,0,0,0,0,0
22118,0,0,0,4,10,40,0,0,0,0,0,0
22119,0,0,0,1,2,240,0,0,0,0,5,0
22120,0,0,0,0,0,3,0,0,0,101,2537,7
22121,0,31,19,0,0,0,0,0,0,0,0,0
22122,33,17,7,0,0,0,0,0,0,0,0,0
22123,11,33,8,0,0,0,0,0,0,0,0,0
22124,29,19,6,0,0,0,0,0,0,0,0,0
22125,1,264,13,0,0,0,0,0,0,0,0,0
22126,0,0,0,4,26,191,0,0,0,0,4,0
22127,0,0,0,0,0,10,0,0,0,12,1502,0
22128,0,0,0,1,1,3,0,0,0,0,0,0
22129,0,0,0,7,13,20,0,0,0,0,0,0
22130,30,52,3,0,0,0,0,0,0,0,0,0
22131,0,0,0,0,2,0,278,254,4,0,0,0
22132,0,0,0,1,707,0,502,19545,4,0,0,0
22133,0,0,0,0,0,0,2,0,0,0,0,0
22134,0,1,0,0,0,0,0,0,0,0,0,0
22135,1,116,1,0,0,0,0,0,0,0,0,0
22136,0,0,0,5,1,22,0,0,0,0,0,0
22137,0,0,0,2,1,2,0,0,0,0,0,0
22138,0,0,0,4,1,60,0,0,0,0,0,0
22139,0,0,0,0,6,0,12,601,122,0,0,0
22140,0,0,0,0,1,6,0,0,0,0,0,0
22141,0,0,0,0,1,0,221,64,0,0,0,0
22142,0,0,0,0,1,5,0,0,0,0,0,0
22143,0,0,0,0,0,3,0,0,0,0,0,0
22144,0,0,0,0,0,43,0,0,0,0,0,0
22145,1,0,0,0,0,0,0,0,0,0,0,0
22146,2,2,2,0,0,0,0,0,0,0,0,0
22147,0,1,0,0,0,0,107,16,1,0,0,0
22148,6,3,6,0,0,0,0,0,0,0,0,0
22149,8,8,5,0,0,0,0,0,0,0,0,0
22150,0,0,0,2,5,122,0,0,0,0,4,0
22151,5,316,0,0,0,0,0,0,0,0,0,0
22152,0,0,0,10,21,51,0,0,0,0,0,0
22153,0,0,0,6,0,90,0,0,0,0,2,0
22154,0,0,0,0,2,0,3,193,74,0,0,0
22155,3,557,25,0,0,0,1,0,0,0,0,0
22156,0,0,0,6,0,274,0,0,0,0,2,0
22157,0,0,0,0,0,0,33,29,14,0,0,0
22158,0,0,0,0,0,0,17,53,11,0,0,0
22159,0,0,0,1,0,122,0,0,0,0,0,0
22160,0,0,0,0,0,69,0,0,0,0,0,0
22161,2,61,2,0,0,0,0,0,0,0,0,0
22162,0,0,0,1,0,2558,0,0,0,0,22,0
22163,0,0,0,2,1,80,0,0,0,0,0,0
22164,0,0,0,0,0,4,0,0,0,0,0,0
22165,0,0,0,0,0,56,0,0,0,0,0,0
22166,1,4,1,0,0,0,0,0,0,0,0,0
22167,2,18,39,0,0,0,0,0,0,1,0,0
22168,9,62,8,0,0,0,0,0,0,0,0,0
22169,90,63,91,0,0,0,0,0,0,0,0,0
22170,0,0,0,3,0,19,0,0,0,0,0,0
22171,41,84,5,0,0,0,0,0,0,0,0,0
22172,0,0,0,1,0,70,0,0,0,0,0,0
22173,70,7,0,0,0,0,0,0,0,0,0,0
22174,0,0,0,0,0,115,0,0,0,0,0,0
22175,0,0,0,6,4,4,0,0,0,0,0,0
22176,0,0,0,0,0,2,0,0,0,5,69,0
22177,0,0,0,0,20,39,0,0,0,0,0,0
22178,0,10,1,0,0,0,0,0,0,0,0,0
22179,4,30,3,0,0,0,0,0,0,0,0,0
22180,0,1,0,0,0,0,182,8,0,0,0,0
22181,0,0,0,0,0,0,0,0,0,22,110,2
22182,7,52,3,0,0,0,0,0,0,0,0,0
22183,0,0,0,0,0,1,0,0,0,60,62,3
22184,31,106,0,0,0,0,0,0,0,0,0,0
22185,0,0,0,0,0,2,0,0,0,16,730,1
22186,0,0,0,0,3,0,344,125,4,0,0,0
22187,0,0,0,0,0,0,0,0,0,13,84,1
22188,0,0,1,0,0,3,0,0,0,67,383,13
22189,0,0,0,2,1,43,0,0,0,0,0,0
22190,40,142,3,0,0,0,1,0,0,0,0,0
22191,3,0,0,12,2,247,0,0,0,0,0,0
22192,0,0,0,3,1,53,0,0,0,0,1,0
22193,58,55,5,1,0,0,0,0,0,0,0,0
22194,82,76,20,6,0,0,0,0,0,0,0,0
22195,0,0,0,34,56,442,0,1,0,0,1,0
22196,0,0,0,8,18,33,0,0,0,0,0,0
22197,0,0,0,2,0,104,0,0,0,0,0,0
22198,2,61,0,0,0,0,0,0,0,0,0,0
22199,0,4,0,0,5,0,393,1222,26,0,0,0
22200,0,0,0,12,30,301,0,0,0,0,3,0
22201,0,0,0,0,11,0,55,1629,11,0,0,0
22202,0,0,0,0,0,7,0,0,0,43,336,2
22203,0,34,0,0,17,0,3319,2020,15,0,0,0
22204,0,0,0,8,8,380,0,0,0,0,1,0
22205,0,0,0,0,14,0,59,3436,2342,0,1,9
22206,61,6109,49,0,0,0,206,0,0,0,0,0
22207,0,0,0,24,316,387,0,1,0,0,2,0
22208,0,0,0,0,0,68,0,0,0,21,2394,1
22209,0,0,0,3,0,23,0,0,0,0,0,0
22210,0,0,0,0,0,0,0,0,0,62,372,2
22211,0,0,0,0,0,48,0,0,0,9,403,1
22212,0,0,0,0,0,0,0,0,0,33,24,0
22213,0,0,0,24,85,377,0,1,0,0,1,0
22214,0,0,2,0,0,0,0,0,1,98,6,131
22215,169,103,23,2,0,0,0,0,0,0,0,0
22216,0,1,0,0,7,0,140,421,3,0,0,0
22217,0,2,0,0,0,0,530,55,0,0,0,0
22218,0,1,0,0,1,0,192,60,0,0,0,0
22219,0,0,0,1,9,123,0,0,0,0,3,0
22220,0,0,0,107,10,115,0,0,0,0,1,0
22221,0,0,0,2,3,3,0,1,0,0,0,0
22222,0,0,0,2,9,189,0,0,0,0,0,0
22223,0,0,0,4,91,5,0,0,0,0,0,0
22224,0,0,0,0,0,39,0,0,0,0,5538,14
22225,0,2,0,0,38,0,675,5297,327,0,0,0
22226,0,0,0,0,18,0,93,2140,60,0,0,0
22227,0,0,0,3,0,29484,0,0,0,3,217872,0
22228,0,0,0,29,17,118,0,0,0,0,1,0
22229,0,0,0,3,0,78,0,0,0,0,0,0
22230,0,0,0,3,0,2,0,0,0,0,0,0
22231,1,70,0,0,0,0,0,0,0,0,0,0
22232,0,0,0,0,0,0,16,0,392,0,0,0
22233,23,17,7,0,0,0,0,0,0,0,0,0
22234,2,177,1,0,0,0,0,0,0,0,0,0
22235,0,0,0,0,0,0,0,0,0,2,3,1
22236,0,0,0,0,0,0,0,0,0,1,11,0
22237,108,103,10,0,0,0,0,0,0,0,0,0
22238,0,0,0,1,67,91,0,5,0,0,0,0
22239,0,0,0,0,2,38,0,0,0,0,0,0
22240,0,1,0,0,0,0,98,64,0,0,0,0
22241,0,0,0,0,1,0,331,444,0,0,0,0
22242,0,0,0,1,1,51,0,0,0,0,0,0
22243,19,362,9,0,0,0,0,0,0,0,0,0
22244,0,0,0,0,0,0,24,285,542,0,0,1
22245,11,93,19,0,0,0,1,0,0,0,0,0
22246,0,0,0,4,33,240,0,0,0,0,2,0
22247,0,0,0,1,5,53,0,0,0,0,0,0
22248,0,0,0,0,0,7,0,0,0,0,0,0
22249,0,0,0,0,0,0,95,349,7,0,0,0
22250,0,0,0,0,0,0,0,0,0,4,17,0
22251,0,0,0,0,0,0,0,0,0,3,36,2
22252,138,50,27,0,0,0,0,0,0,0,0,0
22253,8,34,3,0,0,0,0,0,0,0,0,0
22254,0,0,0,0,0,45,0,0,0,0,0,0
22255,8228,44,3,65,0,0,0,0,0,0,0,0
22256,0,0,0,0,0,0,24,256,2,0,0,0
22257,0,0,0,0,3,0,4,114,17,0,0,0
22258,0,0,0,0,0,37,0,0,0,0,0,0
22259,0,456,1,0,0,0,2,0,0,0,0,0
22260,0,0,0,0,2,11,0,0,0,0,0,0
22261,0,0,0,2,1,309,0,0,0,0,1,0
22262,27,2,0,0,0,0,0,0,0,0,0,0
22263,0,2,0,0,0,0,0,0,0,0,0,0
22264,0,0,0,0,0,47,0,0,0,34,3873,1
22265,4,54,0,0,0,0,0,0,0,0,0,0
22266,0,0,0,2,0,47,0,0,0,0,0,0
22267,0,0,0,0,0,1,0,0,0,10,165,0
22268,24,1,0,0,0,0,0,0,0,0,0,0
22269,0,0,0,0,0,0,0,0,0,2,0,2
22270,0,0,0,61,6,109,0,0,0,0,0,0
22271,0,16,6,0,0,0,0,0,0,0,0,0
22272,0,1,0,0,1,0,229,110,1,0,0,0
22273,0,6,0,0,3,0,343,190,1,0,0,0
22274,0,0,0,0,6,4,0,0,0,0,0,0
22275,0,0,0,0,0,1,0,0,0,0,0,0
22276,0,0,0,12,0,74,0,0,0,0,1,0
22277,0,0,0,0,0,0,0,0,1,23,1,24
22278,57,129,0,0,0,0,2,0,0,0,0,0
22279,4,75,12,0,0,0,2,0,0,0,0,0
22280,20,22,2,0,0,0,0,0,0,0,0,0
22281,0,0,0,0,0,5,0,0,0,17,1565,7
22282,0,0,0,23,142,305,0,6,0,0,43,0
22283,0,0,0,4,9,237,0,0,0,0,3,0
22284,0,0,0,0,0,9,0,0,0,0,0,0
22285,7,114,0,0,0,0,2,0,0,0,0,0
22286,0,0,0,0,0,4,0,0,0,55,469,2
22287,18,0,0,110,11,37,0,0,0,0,3,0
22288,32,0,0,59,14,129,0,0,0,0,0,0
22289,0,42,0,0,2,0,153,1123,24,0,0,0
22290,0,0,0,0,0,8,0,0,0,6,479,12
22291,0,0,0,5,14,200,0,0,0,0,14,0
22292,0,0,0,4,14,186,0,0,0,0,0,0
22293,0,0,0,0,0,342,0,0,0,0,0,0
22294,19,105,12,0,0,0,0,0,0,0,0,0
22295,0,0,0,0,0,3,0,0,0,26,1738,25
22296,0,193,22,0,0,0,0,0,0,0,0,0
22297,0,0,0,0,0,386,0,0,0,0,3,0
22298,0,129,1,0,0,0,2,0,0,0,0,0
22299,0,2,0,0,1,0,227,393,145,0,0,0
22300,34,57,48,0,0,0,0,0,0,0,0,0
22301,12,85,20,0,0,0,0,0,0,0,0,0
22302,0,0,1,0,0,0,200,123,11,0,0,0
22303,0,0,0,2,33,44,0,0,0,0,0,0
22304,0,0,0,3,1,1442,0,0,0,0,5,0
22305,9,97,75,0,0,0,0,0,0,1,0,0
22306,0,0,0,0,0,136,0,0,0,0,0,0
22307,0,0,0,0,52,84,0,1,0,0,0,0
22308,0,0,0,0,5,175,0,0,0,0,1,0
22309,0,0,0,0,0,0,126,197,0,0,0,0
22310,270,65,14,2,0,0,0,0,0,0,0,0
22311,5,0,0,0,0,37,0,0,0,463,5458,11
22312,1,0,0,41,19,188,0,0,0,0,1,0
22313,0,0,0,0,0,8,0,0,0,117,519,1
22314,0,0,1,0,0,52,0,0,0,515,9286,6
22315,0,0,0,16,8,192,0,0,0,0,0,0
22316,0,0,0,0,0,0,206,2,11,0,0,0
22317,0,1,0,0,3,0,287,554,4,0,0,0
22318,1,0,0,6,0,72,0,0,0,0,1,0
22319,0,1,0,0,0,0,156,224,4,0,0,0
22320,87,23430,566,0,0,0,239,3,0,2,0,0
22321,0,0,0,0,19,457,0,0,0,0,0,0
22322,0,0,0,9,4,41,0,0,0,0,0,0
22323,0,0,1,0,0,24,0,0,0,158,3159,2
22324,1,0,0,15,84,339,0,2,0,0,2,0
22325,0,0,0,18,8,60,0,0,0,0,0,0
22326,0,0,0,0,0,42,0,0,0,59,3996,1
22327,0,0,0,107,18,73,0,0,0,0,1,0
22328,0,0,0,12,141,115,0,44,0,0,4,0
22329,0,0,0,0,0,163,0,0,0,0,2491,0
22330,83,120,165,1,0,0,6,0,0,14,0,0
22331,0,24,0,0,0,0,918,77,28,0,0,1
22332,0,14,0,0,14,0,408,336,0,0,0,0
22333,0,0,0,1,5,291,0,0,0,0,8,0
22334,0,0,0,101,10,1358,0,0,0,0,65,0
22335,0,0,0,0,0,0,0,0,0,0,0,0
22336,0,0,0,0,0,0,1,255,15,0,0,0
22337,84,127,54,0,0,0,4,0,0,2,0,0
22338,0,0,0,0,0,11,0,0,2,74,537,21
22339,34,73,8,0,0,0,0,0,0,0,0,0
22340,0,5,0,0,1,0,315,230,18,0,0,0
22341,0,0,0,0,0,1,0,0,0,97,219,4
22342,1,0,0,1030,5,134,0,0,0,0,1,0
22343,0,0,0,0,0,0,222,229,284,0,0,2
22344,0,4,0,0,3,0,178,1224,78,0,0,0
22345,0,0,0,3,3,95,0,0,0,0,1,0
22346,0,1,0,0,187,0,103,6547,106,0,0,0
22347,0,0,0,0,0,0,0,0,3,59,475,49
22348,0,0,0,66,89,137,0,0,0,0,3,0
22349,0,4,0,0,5,0,216,460,6,0,0,0
22350,0,0,0,0,0,6,0,0,0,7,491,3
22351,36,213,121,0,0,0,2,0,0,5,0,0
22352,0,0,0,0,1,0,42,176,1,0,0,0
22353,0,0,0,0,0,7,0,0,0,13,337,1
22354,0,0,0,2,7,147,0,0,0,0,0,0
22355,0,0,0,1,0,7,0,0,0,0,0,0
22356,6,254,7,0,0,0,2,0,0,0,0,0
22357,0,0,0,0,0,1123,0,0,0,0,27,0
22358,0,0,0,1,0,24,0,0,0,0,0,0
22359,9,122,3,0,0,0,1,0,0,0,0,0
22360,0,0,0,1,2,129,0,0,0,0,0,0
22361,0,0,0,0,4,0,12,302,33,0,0,0
22362,0,0,0,0,1,4,0,0,0,0,0,0
22363,0,1,0,0,5,0,100,875,5,0,0,0
22364,0,0,0,0,0,0,85,1,0,0,0,0
22365,0,0,0,0,1,0,2,5,1,0,0,0
22366,0,0,0,0,0,23,0,0,0,0,0,0
22367,0,0,0,4,0,101,0,0,0,0,0,0
22368,8,19,0,0,0,0,0,0,0,0,0,0
22369,0,0,0,0,0,176,0,0,0,0,0,0
22370,0,0,0,0,0,0,0,0,0,21,7,3
22371,0,0,0,0,0,2,0,0,0,0,0,0
22372,0,0,0,19,31,109,0,0,0,0,0,0
22373,0,0,0,0,0,0,0,0,0,52,3,38
22374,34,31,0,0,0,0,0,0,0,0,0,0
22375,1,63,1,0,0,0,0,0,0,0,0,0
22376,0,0,0,0,0,1,0,0,0,51,351,1
22377,0,0,1,0,0,19,0,0,0,119,2646,2
22378,0,0,0,12,1,48,0,0,0,0,0,0
22379,0,6,5,0,0,0,0,0,0,0,0,0
22380,0,1,0,0,0,0,71,123,63,0,0,0
22381,1,0,0,0,1,0,615,830,26,0,0,0
22382,1,9,0,0,0,0,0,0,0,0,0,0
22383,0,0,0,0,0,12,0,0,1,29,670,9
22384,21,0,0,889,10,143,0,0,0,0,0,0
22385,0,0,0,0,1,33,0,0,0,0,1,0
22386,0,0,0,0,5,1,0,0,0,0,0,0
22387,0,0,0,2,5,42,0,0,0,0,0,0
22388,0,0,0,0,0,50,0,0,0,20,5332,4
22389,0,0,0,0,0,4,0,0,0,0,0,0
22390,29,154,5,0,0,0,7,0,0,0,0,0
22391,0,0,0,1,0,191,0,0,0,0,0,0
22392,0,0,0,2,0,2,0,0,0,0,0,0
22393,6,36,1,0,0,0,0,0,0,0,0,0
22394,0,50,8,0,0,0,0,0,0,0,0,0
22395,3,55,0,0,0,0,1,0,0,0,0,0
22396,13,153,32,0,0,0,1,0,0,0,0,0
22397,0,0,0,5,0,5,0,0,0,0,0,0
22398,55,1,0,0,0,0,0,0,0,0,0,0
22399,0,0,0,0,0,200,0,0,0,0,1,0
22400,7,68,1,0,0,0,0,0,0,0,0,0
22401,1,38,3,0,0,0,0,0,0,0,0,0
22402,0,0,0,0,0,313,0,0,0,0,1,0
22403,0,1,0,0,0,0,66,2,1464,0,1,21
22404,36,55,31,0,0,0,0,0,0,0,0,0
22405,8,36,8,0,0,0,2,0,0,0,0,0
22406,9,10,7,0,0,0,0,0,0,2,0,0
22407,16,58,10,0,0,0,0,0,0,0,0,0
22408,0,0,0,55,38,252,0,0,0,0,3,0
22409,0,0,0,0,0,0,1,0,0,0,0,0
22410,0,0,0,0,0,0,2,3,7,0,0,0
22411,18,215,63,0,0,0,0,0,0,0,0,0
22412,3,12,4,0,0,0,0,0,0,0,0,0
22413,0,0,0,0,0,2,0,0,0,18,394,0
22414,0,0,0,0,0,0,0,0,0,5,518,2
22415,0,33,6,0,0,0,1,0,0,0,0,0
22416,0,0,0,0,2,5,0,0,0,0,0,0
22417,0,0,0,190,0,58,0,0,0,0,0,0
22418,2,15,0,0,0,0,0,0,0,0,0,0
22419,0,0,0,0,0,0,0,0,0,3,330,2
22420,107,95,2,0,0,0,1,0,0,0,0,0
22421,0,0,0,0,0,0,116,14,209,0,0,2
22422,12,89,12,0,0,0,1,0,0,0,0,0
22423,1,0,0,12,9,163,0,0,0,0,1,0
22424,0,0,0,0,0,0,7,213,2,0,0,0
22425,0,0,0,0,0,1,0,0,0,0,253,3
22426,0,0,0,1,2,117,0,0,0,0,1,0
22427,0,1038,0,0,1,0,19678,532,87,0,0,0
22428,0,0,0,0,1,11,0,0,0,0,0,0
22429,27,185,4,0,0,0,1,0,0,0,0,0
22430,0,0,0,0,0,0,0,4,3,0,0,0
22431,2,1,0,0,0,0,0,0,0,0,0,0
22432,0,0,0,0,0,32,0,0,0,1,3566,12
22433,0,0,0,5,0,1,0,0,0,0,0,0
22434,0,0,0,0,0,0,1,1,1,0,0,0
22435,0,0,0,1,0,315,0,0,0,0,5,0
22436,0,0,0,0,4,0,59,328,0,0,0,0
22437,0,0,0,0,0,0,0,0,0,1,1,29
22438,10,270,6,0,0,0,3,0,0,0,0,0
22439,0,0,0,0,0,2,0,0,0,6,128,3
22440,0,0,0,6,1,4,0,0,0,0,0,0
22441,2,0,0,54,9,193,0,0,0,0,3,0
22442,0,0,0,0,0,0,22,4,0,0,0,0
22443,1,24,2,0,0,0,0,0,0,0,0,0
22444,0,0,0,0,0,47,0,0,0,5,5905,1
22445,0,0,0,0,0,0,0,0,0,0,7,0
22446,0,0,0,0,0,0,0,0,0,1,6,0
22447,5,0,0,107,148,307,0,0,0,0,8,0
22448,0,0,0,0,0,0,0,0,0,15,5,2
22449,0,0,0,1,0,1,0,0,0,0,0,0
22450,0,0,2,0,0,44,0,0,0,162,6464,101
22451,0,0,0,0,5,3,0,0,0,0,0,0
22452,0,0,0,0,0,0,0,0,0,0,50,0
22453,268,84,22,7,0,0,0,0,0,0,0,0
22454,0,0,0,0,0,0,5,3,6,0,0,0
22455,2,2,1,0,0,0,0,0,0,0,0,0
22456,0,287,0,0,0,0,3,0,0,0,0,0
22457,0,115,1,0,0,0,0,0,0,0,0,0
22458,0,0,0,0,0,32,0,0,0,2,3384,1
22459,159,104,19,1,0,0,1,0,0,0,0,0
22460,0,1,5,0,0,0,0,0,0,0,0,0
22461,10,32,0,0,0,0,0,0,0,0,0,0
22462,0,0,0,0,0,0,49,1,0,0,0,0
22463,0,0,0,1,0,1,0,0,0,0,0,0
22464,0,0,0,0,0,0,1,2,0,0,0,0
22465,0,0,0,0,0,391,0,0,0,0,1,0
22466,2,0,0,0,0,0,0,0,0,0,0,0
22467,0,0,0,0,0,0,0,0,0,2,7,0
22468,0,4,0,0,52,0,431,4495,207,0,0,0
22469,0,0,0,0,0,67,0,0,0,0,1,0
22470,0,0,0,0,0,1,0,0,0,0,0,0
22471,0,1,0,0,0,0,145,223,55,0,0,0
22472,0,4,5,0,0,0,0,0,0,0,0,0
22473,0,35,3,0,0,0,0,0,0,0,0,0
22474,6,245,11,0,0,0,1,0,0,0,0,0
22475,0,0,0,2,22,1,0,0,0,0,0,0
22476,0,0,0,0,0,0,0,0,0,2,3,0
22477,0,0,1,0,0,5,0,0,0,63,737,4
22478,0,0,0,3,10,255,0,0,0,0,4,0
22479,0,0,0,1,2,6,0,0,0,0,0,0
22480,0,0,0,4,0,52,0,0,0,52,4298,68
22481,12,67,1,0,0,0,0,0,0,0,0,0
22482,0,0,0,0,0,21,0,0,0,25,1821,21
22483,0,0,0,11,2,226,0,0,0,0,1,0
22484,0,0,0,0,189,0,388,2119,333,0,6,3
22485,0,0,0,1,2,3,0,0,0,0,0,0
22486,311,130,17,8,0,1,1,0,0,0,0,0
22487,0,0,0,0,0,0,105,0,886,0,0,5
22488,11,41,41,0,0,0,0,0,0,0,0,0
22489,5,36,9,0,0,0,0,0,0,0,0,0
22490,1,2,0,0,0,0,0,0,0,0,0,0
22491,0,59,1,0,0,0,0,0,0,0,0,0
22492,2,206,0,0,0,0,4,0,0,0,0,0
22493,0,0,0,0,0,0,1,1,0,0,0,0
22494,0,0,0,0,0,0,0,2,0,0,0,0
22495,76,53,14,0,0,0,0,0,0,0,0,0
22496,1,131,14,0,0,0,0,0,0,0,0,0
22497,0,0,0,0,0,4,0,0,0,0,0,0
22498,0,0,0,1,0,108,0,0,0,56,8027,3
22499,0,0,0,0,0,4,0,0,0,0,0,0
22500,7,0,0,1,0,0,0,0,0,0,0,0
22501,0,0,0,1,0,569,0,0,0,0,6,0
22502,0,0,1,0,0,0,0,0,0,410,0,1
22503,11,19,0,0,0,0,0,0,0,0,0,0
22504,9,41,8,0,0,0,0,0,0,0,0,0
22505,2,2,1,0,0,0,0,0,0,0,0,0
22506,0,0,0,0,0,0,0,0,0,4,45,2
22507,0,0,0,25,2,70,0,0,0,0,1,0
22508,0,0,0,4,13,1,0,1,0,0,0,0
22509,0,0,0,0,0,0,0,0,0,4,11,1
22510,0,0,0,0,0,1547,0,0,0,0,103,0
22511,2,4,0,0,0,0,1,0,0,0,0,0
22512,1,107,1,0,0,0,0,0,0,0,0,0
22513,0,0,0,0,0,1,0,0,0,0,169,0
22514,0,0,0,1,0,4,0,0,0,0,0,0
22515,0,0,0,3,4,24,0,0,0,0,0,0
22516,0,0,0,0,0,0,0,0,0,0,0,0
22517,0,0,0,0,0,0,0,0,0,0,0,0
22518,0,0,0,0,0,0,1,2,4,0,0,1
22519,0,41,1,0,0,0,1,0,0,0,0,0
22520,0,0,0,0,1,0,54,253,17,0,0,0
22521,0,0,0,0,0,0,0,0,0,0,0,0
22522,0,0,0,0,0,14,0,0,0,52,992,11
22523,0,0,0,0,0,0,0,0,0,31,2,16
22524,304,35,10,2,0,0,0,0,0,0,0,0
22525,3,1820,1,0,0,0,165,2,0,0,0,0
22526,0,0,0,0,0,0,0,0,0,3,178,9
22527,0,0,0,0,0,0,0,0,0,2,11,3
22528,44,62,28,0,0,0,0,0,0,0,0,0
22529,10,43,1,0,0,0,1,0,0,0,0,0
22530,0,0,59,0,0,147,0,0,0,549,2385,30
22531,58,104,9,6,0,0,0,0,0,0,0,0
22532,0,1,0,0,0,0,54,1,167,0,0,1
22533,17,12,15,3,0,0,0,0,0,0,0,0
22534,2,313,48,0,0,0,33,0,0,4,0,0
22535,0,0,0,0,9,3,0,0,0,0,0,0
22536,0,0,0,0,0,0,0,0,0,68,64,0
22537,0,0,0,1,18,376,0,2,0,0,132,0
22538,0,42,0,0,0,0,0,0,0,0,0,0
22539,0,0,0,0,0,2,0,0,0,0,0,0
22540,0,0,0,8,0,21,0,0,0,0,0,0
22541,0,40,0,0,0,0,995,7,2,0,0,0
22542,0,0,0,0,0,1,0,0,0,0,0,0
22543,0,0,0,1,0,223,0,0,0,0,0,0
22544,0,1,0,0,0,0,0,0,0,0,0,0
22545,0,0,0,0,0,0,0,1,0,0,0,0
22546,0,224,0,0,0,0,0,0,0,0,0,0
22547,0,0,0,0,3,16,0,0,0,0,0,0
22548,0,0,0,0,0,1,0,0,0,0,0,0
22549,0,0,0,0,3,91,0,0,0,0,0,0
22550,0,0,0,0,0,2,0,0,0,17,977,12
22551,0,0,0,0,0,0,0,0,0,4,208,1
22552,0,0,0,1,3,217,0,0,0,0,1,0
22553,3,2,16,0,0,0,0,0,0,0,0,0
22554,2,134,13,0,0,0,0,0,0,0,0,0
22555,0,0,0,2,0,254,0,0,0,0,0,0
22556,1,8,0,0,0,0,0,0,0,0,0,0
22557,0,0,0,0,1,4,0,0,0,0,0,0
22558,0,0,0,20,0,132,0,0,0,0,2,0
22559,3,10,0,0,0,0,0,0,0,0,0,0
22560,0,0,0,0,0,0,0,0,0,17,89,0
22561,81,106,1,0,0,0,0,0,0,0,0,0
22562,20,2,0,0,0,0,0,0,0,0,0,0
22563,0,14,3,0,0,0,0,0,0,0,0,0
22564,0,0,0,0,0,0,0,0,0,18,267,0
22565,0,0,0,1,20,35,0,0,0,0,0,0
22566,0,0,0,0,0,15,0,0,0,0,0,0
22567,0,0,0,0,0,0,163,159,10,0,0,0
22568,0,0,0,1,0,0,0,0,0,0,0,0
22569,0,0,0,0,0,0,0,1,1,0,0,0
22570,0,0,0,0,0,1,0,0,0,1,486,0
22571,0,0,0,0,0,5,0,0,0,61,117,0
22572,0,1,0,0,0,0,0,0,0,25,120,6
22573,0,0,0,8,11,116,0,0,0,0,1,0
22574,0,0,0,4,1,72,0,0,0,0,0,0
22575,0,0,0,4,0,1,0,0,0,0,0,0
22576,1,0,0,412,1,211,0,0,0,0,0,0
22577,0,0,0,0,0,0,191,37,2,0,0,0
22578,0,83,0,0,0,0,50241,37,1,0,0,0
22579,0,0,0,1,0,160,0,0,0,0,0,0
22580,0,1,0,0,0,0,104,1,13,0,0,0
22581,52,22,59,0,0,0,0,0,0,0,0,0
22582,10,63,63,0,0,0,0,0,0,0,0,0
22583,0,0,0,0,0,0,96,5,1,0,0,0
22584,0,0,0,0,3,2,0,0,0,0,0,0
22585,0,0,0,0,3,279,0,0,0,0,0,0
22586,0,0,0,3,2,34,0,0,0,0,0,0
22587,0,0,0,0,0,1,0,0,0,0,0,0
22588,0,0,0,1,0,221,0,0,0,0,1,0
22589,1,4,0,0,0,0,0,0,0,0,0,0
22590,0,0,0,0,0,0,0,0,0,0,0,0
22591,0,0,0,0,0,7,0,0,0,3,3157,0
22592,0,0,0,0,0,0,152,812,5,0,0,0
22593,0,0,0,0,0,0,0,0,0,20,74,15
22594,0,0,0,0,0,0,0,0,0,383,478,29
22595,238,0,0,1,0,0,0,0,0,0,0,0
22596,0,0,0,0,0,0,0,0,0,0,8,0
22597,0,0,0,0,0,21,0,0,0,83,5296,1
22598,2,164,9,0,0,0,0,0,0,0,0,0
22599,0,27,0,0,3,0,12682,593,89,0,0,0
22600,84,149,876,0,0,0,0,0,0,15,0,0
22601,0,0,0,1,3,4,0,0,0,0,0,0
22602,0,0,0,1,2,3,0,0,0,0,2,0
22603,0,0,0,0,1,38,0,0,0,0,0,0
22604,0,0,0,0,8,0,115,968,6,0,0,0
22605,0,0,0,0,0,0,0,0,0,32,58,3
22606,77,99,12,0,0,0,0,0,0,0,0,0
22607,0,0,0,0,21,135,0,1,0,0,0,0
22608,0,0,0,0,0,0,0,0,0,1,7,0
22609,0,0,0,28,15,112,0,0,0,0,0,0
22610,0,0,0,0,0,0,20,2,0,0,0,0
22611,0,0,0,0,1,8,0,0,0,0,0,0
22612,0,0,0,2,5,48,0,0,0,0,0,0
22613,0,0,0,1,0,15,0,0,0,0,0,0
22614,29,2,0,0,0,0,0,0,0,0,0,0
22615,0,0,0,0,0,261,0,0,0,0,0,0
22616,0,0,0,0,0,0,27,541,1,0,0,0
22617,0,0,0,0,0,0,0,0,0,14,229,6
22618,0,0,0,49,11,95,0,0,0,0,0,0
22619,0,0,0,1,0,1,0,0,0,0,0,0
22620,0,0,0,0,0,0,1,14,4,0,0,0
22621,0,0,0,0,0,0,2,4,9,0,0,0
22622,13,231,61,0,0,0,1,0,0,0,0,0
22623,0,122,507,0,0,0,0,0,0,2,0,0
22624,0,0,1,0,0,67,0,0,0,810,11168,9
22625,0,2,18,0,0,0,0,0,0,0,0,0
22626,0,0,0,0,0,0,2,0,0,0,0,0
22627,0,1,0,0,0,0,443,9,2,0,0,0
22628,1,72,68,0,0,0,0,0,0,0,0,0
22629,18,951,14,0,0,0,3,0,1,0,0,0
22630,0,3,0,0,1,0,405,124,7,0,0,0
22631,1,1,23,0,0,0,0,0,0,0,0,0
22632,0,1,0,0,0,0,139,19,8,0,0,0
22633,1,84,0,0,0,0,0,0,0,0,0,0
22634,3,75,8,0,0,0,0,0,0,0,0,0
22635,0,0,0,0,0,3,0,0,0,0,0,0
22636,0,0,0,0,0,2,0,0,0,15,481,0
22637,2,79,76,0,0,0,0,0,0,0,0,0
22638,0,0,0,0,1,0,206,33,4,0,0,0
22639,0,0,0,0,0,214,1,0,8,59,1929,14
22640,9,10,0,0,0,0,0,0,0,0,0,0
22641,0,9,1,0,0,0,0,0,0,0,0,0
22642,0,0,0,0,0,1,0,0,0,15,430,1
22643,0,0,0,4,0,2,0,0,0,0,0,0
22644,0,0,0,0,0,0,1,2,8,0,0,0
22645,0,0,0,6,0,116,0,0,0,0,1,0
22646,0,0,0,0,0,0,28,293,54,0,0,0
22647,0,0,0,1,0,5,0,0,0,0,0,0
22648,0,0,0,56,6,68,0,0,0,0,0,0
22649,0,0,0,0,0,0,7,13,1,0,0,0
22650,0,0,0,0,0,0,0,0,0,0,90,0
22651,0,0,0,0,0,0,0,0,0,0,0,0
22652,0,0,0,0,0,0,14,2,0,0,0,0
22653,1,3,1,0,0,0,0,0,0,0,0,0
22654,0,0,0,0,1,97,0,0,0,0,0,0
22655,0,0,0,0,0,1,0,0,0,0,0,0
22656,0,4,0,0,0,0,0,0,0,0,0,0
22657,0,0,0,0,0,306,0,0,0,0,3,0
22658,0,0,0,1,4,3,0,0,0,0,0,0
22659,0,0,0,0,0,0,0,0,0,5,13,0
22660,0,0,0,60,3,255,0,0,0,0,0,0
22661,0,0,0,0,0,0,0,0,0,0,0,0
22662,0,0,0,1,3,110,0,0,0,0,1,0
22663,0,0,0,0,0,6,0,0,0,9,487,0
22664,0,0,0,0,0,1,0,0,0,36,256,0
22665,0,0,0,0,0,1,0,0,0,0,0,0
22666,6,142,3,0,0,0,0,0,0,0,0,0
22667,0,0,0,0,0,33,0,0,0,0,0,0
22668,16,19,2,0,0,0,0,0,0,0,0,0
22669,0,0,0,0,0,642,0,0,0,0,3,0
22670,5,23,29,0,0,0,0,0,0,0,0,0
22671,3,297,4,0,0,0,1,0,0,0,0,0
22672,0,0,0,32,49,314,0,0,0,0,0,0
22673,0,0,0,49,23,49948,0,0,0,3,142,0
22674,0,0,0,0,0,71,0,0,0,3,49952,0
22675,0,0,0,0,0,10,0,0,0,131,1344,7
22676,0,0,0,0,0,0,26,26,47,0,0,0
22677,0,0,0,0,0,0,0,0,0,5,241,2
22678,65,103,9,0,0,0,0,0,0,0,0,0
22679,0,0,0,3,25,50117,0,0,0,0,47,0
22680,0,0,0,0,0,0,0,0,0,1,401,0
22681,89,516,35,0,0,0,0,1,0,0,0,0
22682,0,0,0,7,3,64,0,0,0,0,0,0
22683,0,0,0,3,0,11,0,0,0,0,0,0
22684,0,0,0,3,9,77,0,0,0,0,0,0
22685,0,0,0,9,18,30,0,0,0,0,0,0
22686,0,0,0,1,0,130,0,0,0,40,50082,0
22687,0,0,0,0,0,6,0,0,0,92,1610,41
22688,29,39,1,0,0,0,0,0,0,0,0,0
22689,0,0,0,0,0,2,0,0,0,39,889,27
22690,0,0,0,8,10,270,0,0,0,0,1,0
22691,0,0,0,0,0,68,0,0,0,0,0,0
22692,0,0,0,0,0,1,0,0,0,0,0,0
22693,0,0,0,1,0,337,0,0,0,0,3,0
22694,0,2,0,0,0,0,0,0,0,0,0,0
22695,50,30,1,0,0,0,0,0,0,0,0,0
22696,0,0,0,0,0,0,18,116,2,0,0,0
22697,0,0,0,0,0,0,0,0,0,0,0,0
22698,0,0,0,0,0,0,0,5,1,0,0,0
22699,0,0,0,0,0,55,0,0,0,0,0,0
22700,0,0,0,0,1,6,0,0,0,0,0,0
22701,40,1,0,0,0,0,0,0,0,0,0,0
22702,0,0,0,0,0,162,0,0,0,0,0,0
22703,0,0,0,0,0,0,35,1,1,0,0,0
22704,0,0,0,0,0,0,4,0,0,0,0,0
22705,15,165,25,0,0,0,1,0,0,0,0,0
22706,0,0,0,0,0,0,4,751,45,0,0,0
22707,0,0,0,2,0,5,0,0,0,0,0,0
22708,0,0,0,0,4,0,188,2133,199,0,0,0
22709,0,0,0,0,0,0,0,0,0,0,0,0
22710,0,0,0,0,0,0,0,0,0,2,12,0
22711,0,0,0,13,47,273,0,0,0,0,3,0
22712,0,0,1,0,0,0,0,0,0,9,522,20
22713,0,0,0,0,0,2,0,0,0,40,1483,11
22714,0,0,0,5,10,176,0,0,0,0,1,0
22715,1,11,1,0,0,0,0,0,0,0,0,0
22716,0,0,0,0,0,4,0,0,0,310,1084,4
22717,0,0,0,7,184,326,0,2,0,0,0,0
22718,0,0,0,0,0,0,0,0,0,0,0,0
22719,0,3,0,0,0,0,0,0,0,0,0,0
22720,0,78,0,0,0,0,0,0,0,0,0,0
22721,0,0,0,0,0,65,0,0,0,0,0,0
22722,0,0,0,0,0,1,0,0,0,0,0,0
22723,1,4,0,0,0,0,0,0,0,0,0,0
22724,0,1,0,0,0,0,0,0,0,0,0,0
22725,2,8,0,0,0,0,0,0,0,0,0,0
22726,0,0,0,0,2,148,0,0,0,0,0,0
22727,0,0,0,0,0,0,16,8,4,0,0,0
22728,2,46,17,0,0,0,0,0,0,0,0,0
22729,0,0,0,0,16,463,0,0,0,0,4,0
22730,0,0,0,0,0,0,0,0,0,6,69,0
22731,0,0,0,0,0,0,0,0,0,0,0,0
22732,0,0,0,0,0,0,0,0,0,64,51,5
22733,0,0,0,0,0,0,0,0,0,0,0,0
22734,0,0,0,0,0,0,0,0,0,0,0,0
22735,0,0,0,0,0,3,0,0,0,1,318,0
22736,0,0,0,0,3,7,0,0,0,0,0,0
22737,0,0,0,1,0,6,0,0,0,0,0,0
22738,0,0,0,0,0,245,0,0,0,0,1,0
22739,1,6,2,0,0,0,0,0,0,0,0,0
22740,0,0,0,0,0,0,0,0,0,1,41,5
22741,0,0,0,1,0,3178,0,0,0,0,21,0
22742,30,14,8,0,0,0,0,0,0,0,0,0
22743,13,130,13,0,0,0,0,0,0,0,0,0
22744,0,0,0,0,0,291,0,0,0,0,0,0
22745,0,0,0,0,0,0,10,25,11,0,0,0
22746,0,0,0,0,0,18,0,0,0,0,0,0
22747,0,0,1,0,0,6,0,0,0,390,1783,20
22748,0,0,0,2,0,16,0,0,0,0,0,0
22749,23,2,1,0,0,0,0,0,0,0,0,0
22750,0,0,0,0,0,184,0,0,0,0,0,0
22751,0,0,0,0,0,0,5,25,1,0,0,0
22752,0,0,0,0,0,0,0,0,0,0,77,0
22753,885,169,4,5,0,0,0,0,0,0,0,0
22754,0,0,0,0,0,0,1,0,0,0,0,0
22755,0,1,0,0,0,0,0,0,0,0,0,0
22756,0,0,0,0,1,110,0,0,0,0,0,0
22757,0,0,0,0,5,2,0,0,0,0,0,0
22758,0,0,0,0,0,0,0,0,0,1,3,0
22759,42,177,7,0,0,0,0,0,0,0,0,0
22760,0,0,0,0,0,5,0,0,0,0,0,0
22761,0,0,0,0,0,0,0,0,0,0,0,0
22762,0,0,0,0,0,136,0,0,0,0,0,0
22763,0,0,0,0,0,0,122,269,29,0,0,0
22764,0,0,0,0,0,4,0,0,0,0,0,0
22765,10,117,1,0,0,0,0,0,0,0,0,0
22766,4,67,13,0,0,0,0,0,0,0,0,0
22767,0,0,0,0,0,8,0,0,0,0,0,0
22768,0,0,0,1,0,40,0,0,0,0,0,0
22769,1,4,2,0,0,0,0,0,0,0,0,0
22770,0,0,0,0,0,0,93,25,23,0,0,0
22771,7,80,8,0,0,0,0,0,0,0,0,0
22772,0,0,0,0,0,0,11,49,12,0,0,0
22773,0,0,0,0,0,0,0,10,9,0,0,0
22774,0,0,0,1,0,40,0,0,0,0,0,0
22775,0,2,0,0,0,0,155,119,11,0,0,0
22776,8,66,7,0,0,0,0,0,0,0,0,0
22777,0,0,0,9,3,358,0,0,0,0,3,0
22778,0,0,0,0,0,0,1,2,167,0,0,0
22779,2,3,4,0,0,0,0,0,0,0,0,0
22780,15,43,26,0,0,0,0,0,0,0,0,0
22781,0,0,0,0,0,0,163,6,4,0,0,0
22782,0,0,0,0,0,10,0,0,0,0,0,0
22783,0,0,0,0,0,9,0,0,0,41,1947,0
22784,1,141,225,0,0,0,0,0,0,0,0,0
22785,0,0,0,0,2,0,126,497,18,0,0,0
22786,51,701,31,0,0,0,5,0,0,0,0,0
22787,0,0,0,0,0,0,0,0,0,9,2,9
22788,6,2,0,0,0,0,0,0,0,0,0,0
22789,3,70,2,0,0,0,0,0,0,0,0,0
22790,0,112,9,0,0,0,0,0,0,0,0,0
22791,0,0,0,0,1,3,0,0,0,0,0,0
22792,0,0,0,0,0,185,0,0,0,71,15546,0
22793,0,0,0,0,1,0,43,614,2,0,0,0
22794,0,0,0,0,0,0,0,0,0,8,120,2
22795,0,0,0,20,53,741,0,0,0,0,1,0
22796,0,0,0,0,0,0,0,0,0,1,4,0
22797,0,0,0,0,0,0,0,0,0,7,39,0
22798,134,292,22,0,0,0,0,0,0,0,0,0
22799,0,1,0,0,0,0,78,59,19,0,0,0
22800,0,0,0,0,0,0,24,67,21,0,0,0
22801,0,0,0,0,182,4,200,25993,87,0,0,0
22802,0,0,0,0,0,0,0,0,0,0,0,0
22803,73,780,1,0,0,0,6,0,0,0,0,0
22804,24,92,415,0,0,0,0,0,0,0,0,0
22805,5,78,8,0,0,0,0,0,0,0,0,0
22806,0,0,0,0,0,0,0,0,0,207,21,15
22807,0,0,0,25,5,184,0,0,0,0,0,0
22808,0,0,0,0,0,0,0,1,0,0,0,0
22809,0,0,0,0,0,0,4,1,0,0,0,0
22810,24,171,40,0,0,0,1,0,0,0,0,0
22811,0,24,0,0,0,0,0,0,0,0,0,0
22812,11,136,19476,0,0,0,0,0,0,19278,5,0
22813,0,1,0,0,807,1,120,58732,10,0,0,0
22814,0,45,0,0,0,0,0,0,0,0,0,0
22815,0,0,0,0,1,5,0,0,0,0,0,0
22816,0,0,0,17,0,414,0,0,0,0,3,0
22817,0,0,0,0,330,0,32,976,0,0,0,0
22818,0,0,0,0,0,0,0,0,0,0,28,0
22819,0,0,0,21,10,311,0,0,0,0,3,0
22820,0,0,0,0,0,0,29,16,2,0,0,0
22821,3,12,17,0,0,0,0,0,0,0,0,0
22822,0,0,0,1,2,72,0,0,0,0,0,0
22823,0,0,0,1,0,4,0,0,0,0,0,0
22824,33,6,0,0,0,0,0,0,0,0,0,0
22825,0,0,0,0,0,685,0,0,0,0,0,0
22826,0,0,0,0,0,0,0,0,0,0,0,0
22827,0,1,0,0,0,0,0,0,0,0,0,0
22828,0,0,0,0,0,52,0,0,0,0,0,0
22829,0,0,0,1,0,1,0,0,0,0,0,0
22830,1,1,0,0,0,0,0,0,0,0,0,0
22831,0,0,0,0,0,96,0,0,0,0,0,0
22832,0,0,0,0,0,0,0,0,0,0,0,0
22833,1,2,0,0,0,0,0,0,0,0,0,0
22834,5,657,2,0,0,0,4,0,0,0,0,0
22835,0,0,0,0,5,166,0,0,0,0,0,0
22836,0,0,0,0,0,0,0,0,0,0,0,0
22837,1,61,0,0,0,0,0,0,0,0,0,0
22838,0,0,0,0,0,0,0,0,0,1,98,2
22839,0,0,0,0,0,0,0,0,0,0,3,0
22840,51,172,15,0,0,0,0,0,0,0,0,0
22841,0,4,0,0,0,0,997,197,128,0,0,0
22842,623,298,180,0,0,0,1,0,0,0,0,0
22843,0,0,0,0,22,184,0,0,0,0,0,0
22844,0,0,0,0,0,0,0,38,10,0,0,0
22845,11,71,7,0,0,0,0,0,0,0,0,0
22846,0,0,0,52,159,396,0,0,0,0,0,0
22847,0,0,0,1,0,4,0,0,0,0,0,0
22848,0,0,0,0,0,3,0,0,0,0,0,0
22849,0,0,0,1,0,150,0,0,0,0,0,0
22850,1,11,0,0,0,0,0,0,0,0,0,0
22851,0,0,0,0,0,0,0,0,0,0,185,0
22852,40,133,3,0,0,0,0,0,0,0,0,0
22853,0,0,0,0,0,0,3,0,0,0,0,0
22854,0,0,0,0,0,0,0,0,0,0,0,0
22855,0,0,1,0,0,0,0,0,0,83,341,1
22856,0,0,0,0,0,0,0,0,0,0,0,0
22857,0,0,0,0,0,0,1,3,0,0,0,0
22858,0,0,0,0,0,8,0,0,0,0,5045,1
22859,0,0,0,0,0,0,248,2,3,0,0,0
22860,0,0,0,0,0,3,0,0,0,0,0,0
22861,0,0,0,0,2,141,0,0,0,0,1,0
22862,8,343,12,0,0,0,1,0,0,0,0,0
22863,0,0,0,0,0,42,0,0,0,0,0,0
22864,17,32,0,0,0,0,0,0,0,0,0,0
22865,0,0,0,0,0,0,28,202,0,0,0,0
22866,0,0,0,0,0,0,0,0,0,1,5,0
22867,0,0,0,19,27,43,0,0,0,0,0,0
22868,0,0,0,0,0,2,0,0,0,0,0,0
22869,0,0,0,0,0,0,1,27,0,0,0,0
22870,0,0,0,0,0,0,1,6,0,0,0,0
22871,0,1,0,0,0,0,0,0,0,0,0,0
22872,2,10,0,0,0,0,0,0,0,0,0,0
22873,0,0,0,0,0,88,0,0,0,0,1,0
22874,0,0,0,2,12,2,0,0,0,0,0,0
22875,0,0,0,0,0,0,0,0,0,0,6,0
22876,0,0,0,1,2,313,0,0,0,0,0,0
22877,4,2,1,0,0,0,0,0,0,0,0,0
22878,3,5,0,0,0,0,0,0,0,0,0,0
22879,0,0,106,0,0,0,0,0,2,5611,830,151
22880,132,15,1,1,0,0,0,0,0,0,0,0
22881,16,177,52,0,0,0,0,0,0,0,0,0
22882,264,0,0,1630,50797,336,0,363,0,0,20,0
22883,0,0,2,0,0,0,0,0,0,48,90,2
22884,0,0,0,1,100,11,0,11,0,0,0,0
22885,3,0,0,65,3,124,0,0,0,0,4,0
22886,0,0,0,0,0,0,0,7,1,0,0,0
22887,8,1,0,0,0,0,0,0,0,0,0,0
22888,0,0,0,1,2,218,0,0,0,0,7,0
22889,0,0,0,3,21,1,0,1,0,0,0,0
22890,0,0,0,0,0,0,0,0,4,1,19,8
22891,0,0,0,1,2,165,0,0,0,0,3,0
22892,1,10,0,0,0,0,0,0,0,0,0,0
22893,75,552,47,0,0,0,31,0,0,0,0,0
22894,0,4,0,0,3,0,387,517,16,0,0,0
22895,0,0,0,0,0,0,118,117,3,0,0,0
22896,0,0,0,0,7,102,0,0,0,0,0,0
22897,0,0,0,47,13,140,0,0,0,0,0,0
22898,0,94,0,0,0,0,50264,2,75,0,0,0
22899,0,0,0,0,132,0,54,5119,73,0,0,0
22900,0,0,0,4,0,57,0,0,0,0,0,0
22901,0,0,0,0,0,0,23,7,1,0,0,0
22902,0,0,0,0,0,0,12,56,0,0,0,0
22903,0,0,0,1,2,16,0,0,0,0,0,0
22904,24,24,1,0,0,0,0,0,0,0,0,0
22905,5,42,22,0,0,0,0,0,0,0,0,0
22906,4,0,0,9,4,71,0,0,0,0,0,0
22907,2,0,0,80,16,124,0,0,0,0,4,0
22908,3,0,205,0,0,0,0,0,0,0,0,0
22909,0,0,0,1,0,406,0,0,0,0,0,0
22910,2,61,0,0,0,0,0,0,0,0,0,0
22911,6,8,2,0,0,0,0,0,0,0,0,0
22912,0,0,0,6,390,355,0,12,0,0,2,0
22913,0,0,0,0,0,34,0,0,0,0,0,0
22914,0,1,0,0,0,0,0,0,0,0,0,0
22915,0,0,0,0,0,1,0,0,0,0,168,0
22916,0,0,1,0,0,0,0,0,0,401,209,1
22917,4,3,0,1752,1429578,1,229,10069,0,0,0,0
22918,0,0,0,0,11,0,171,1194,3,0,0,0
22919,0,0,0,0,1,21,0,0,0,0,0,0
22920,111,5,3,1,0,0,0,0,0,0,0,0
22921,0,0,0,0,0,167,0,0,0,0,0,0
22922,1,0,3,0,0,0,0,0,0,0,0,0
22923,0,0,0,0,0,0,1,6,0,0,0,0
22924,0,190,1,0,0,0,0,0,0,0,0,0
22925,0,0,0,1,2,48,0,0,0,0,0,0
22926,0,0,0,0,6,17,0,0,0,0,0,0
22927,0,1,0,0,3,0,181,984,18,0,0,0
22928,0,0,0,0,14,240,0,0,0,0,0,0
22929,0,0,0,2,2,2,0,0,0,0,0,0
22930,0,0,0,4,1,30,0,0,0,0,0,0
22931,0,3,5,0,0,0,0,0,0,0,0,0
22932,0,0,0,0,0,0,5,9,0,0,0,0
22933,0,0,0,0,0,0,141,30,0,0,0,0
22934,2,12,13,0,0,0,0,0,0,0,0,0
22935,5,89,14,0,0,0,1,0,0,0,0,0
22936,0,33,0,0,0,0,5371,145,3,0,0,0
22937,0,0,0,0,18,19,0,0,0,0,0,0
22938,0,0,0,0,0,6,0,0,0,85,1436,0
22939,0,0,0,0,0,205,0,0,0,0,0,0
22940,62,55,4,0,0,0,0,0,0,0,0,0
22941,62,568,25,0,0,0,0,0,0,0,0,0
22942,0,0,0,8,19,111,0,0,0,0,0,0
22943,0,0,0,0,0,0,0,0,0,23,4,1
22944,0,0,0,0,0,0,0,0,0,0,0,0
22945,0,0,0,0,0,72,0,0,0,46,2870,30
22946,0,12,14,0,0,0,0,0,0,0,0,0
22947,15,14,7,0,0,0,0,0,0,0,0,0
22948,0,38,1,0,0,0,0,0,0,0,0,0
22949,0,0,0,0,0,2,0,0,0,5,582,1
22950,0,0,0,0,0,0,0,0,0,6,11,3
22951,0,0,0,4,7,89,0,0,0,0,0,0
22952,0,0,0,0,0,131,0,0,0,0,2,0
22953,0,0,0,6,0,33,0,0,0,0,0,0
22954,0,0,0,4,0,78,0,0,0,0,0,0
22955,0,0,0,0,0,0,1,0,0,0,0,0
22956,0,43,14,0,0,0,0,0,0,0,0,0
22957,0,0,0,0,0,0,27,74,11,0,0,1
22958,0,0,234,0,0,0,0,0,0,5,0,0
22959,0,0,0,0,0,0,10,48,1,0,0,0
22960,4,143,2,0,0,0,0,0,0,0,0,0
22961,0,0,0,0,0,0,0,0,0,0,0,0
22962,1,0,0,0,0,0,0,0,0,0,0,0
22963,0,0,0,0,0,207,0,0,0,0,0,0
22964,9,103,4,0,0,0,0,0,0,0,0,0
22965,0,0,0,0,1,49,0,0,0,0,0,0
22966,0,0,0,0,8,42,0,0,0,0,1,0
22967,0,0,0,1,38,1,0,0,0,0,0,0
22968,0,0,0,0,0,0,0,0,0,1,15,0
22969,144,66,25,0,0,0,0,0,0,0,0,0
22970,2,19,2,0,0,0,0,0,0,0,0,0
22971,0,0,4,0,0,1,0,0,0,454,498,3
22972,0,0,0,152,41,366,0,0,0,0,5,0
22973,0,0,0,0,0,0,10,1,347,0,0,0
22974,22,32,23,0,0,0,0,0,0,0,0,0
22975,39,100,10,0,0,0,0,0,0,0,0,0
22976,13,55,16,0,0,0,0,0,0,0,0,0
22977,0,0,0,1,1,48,0,0,0,0,0,0
22978,0,0,0,0,0,2,0,0,0,34,562,1
22979,0,0,0,1,0,22,0,0,0,0,0,0
22980,14,2,0,0,0,0,0,0,0,0,0,0
22981,0,0,0,0,1,1388,0,0,0,0,11,0
22982,0,0,0,0,0,0,0,0,0,17,3,15
22983,1,23,2,0,0,0,0,0,0,0,0,0
22984,0,2,0,0,0,0,253,153,32,0,0,0
22985,0,0,0,0,1,0,55,202,4,0,0,0
22986,0,0,0,0,0,1,0,0,0,0,429,0
22987,0,0,3,0,0,35,0,0,0,170,3619,9
22988,0,3,0,0,0,0,769,2,1,0,0,0
22989,0,0,0,0,0,0,41,17,22,0,0,0
22990,0,0,0,2,0,37,0,0,0,0,0,0
22991,1,564,1,0,0,0,1,0,0,0,0,0
22992,1,440,0,20,19,0,73873,2963,56,0,0,0
22993,0,0,1,0,0,69,0,0,0,315,7896,32
22994,1,5,9,0,0,0,0,0,0,0,0,0
22995,20,83,7839,0,0,0,1,0,10,1447501,335,321
22996,3,24,10,0,0,0,0,0,0,0,0,0
22997,0,0,0,0,0,5,0,0,0,18,2157,16
22998,0,0,0,0,0,0,0,0,1,57,544,210
22999,0,0,0,4,77,89,0,2,0,0,1,0
23000,0,0,0,4,0,0,0,0,0,0,0,0
23001,0,0,0,0,0,0,1,1,0,0,0,0
23002,0,0,0,0,0,28,0,0,0,0,0,0
23003,15,47,5,0,0,0,1,0,0,0,0,0
23004,17,57,9,0,0,0,0,0,0,0,0,0
23005,0,0,0,38,24,505,0,0,0,0,3,0
23006,0,0,0,0,0,0,116,4,37,0,0,0
23007,0,0,0,0,0,0,57,93,2,0,0,0
23008,0,0,0,8,2,67,0,0,0,0,1,0
23009,0,0,0,0,0,0,267,1298,85,0,0,0
23010,0,0,0,0,12,169,0,0,0,0,0,0
23011,0,0,0,11,1,275,0,0,0,0,0,0
23012,0,1159,6,0,0,0,50637,3,4273,1,0,23
23013,123,129,50629,1,0,0,0,0,0,160,13,1
23014,64,174,86,0,0,0,3,0,0,0,0,0
23015,0,0,0,0,0,0,85,4,45,0,0,0
23016,0,0,0,0,0,0,17,105,69,0,0,0
23017,0,0,0,0,30,275,0,1,0,0,0,0
23018,0,0,0,9,3,18,0,0,0,0,0,0
23019,0,0,0,2,0,33,0,0,0,0,0,0
23020,0,0,0,0,2,233,0,0,0,0,1,0
23021,0,2,2,0,0,0,0,0,0,0,0,0
23022,0,3,2,0,0,0,0,0,0,0,0,0
23023,0,0,0,0,2,248,0,0,0,0,0,0
23024,0,0,0,1,0,2,0,0,0,0,0,0
23025,0,0,0,0,0,0,3,3,0,0,0,0
23026,0,0,0,0,0,189,0,0,0,0,0,0
23027,0,0,0,0,0,28,0,0,0,0,0,0
23028,2,1,1,0,0,0,0,0,0,0,0,0
23029,0,0,0,0,0,18,0,0,0,0,4720,0
23030,0,0,0,17,97,664,0,0,0,0,3,0
23031,0,0,0,36,0,3569,0,0,0,0,21,0
23032,0,0,0,38,63,529,0,0,0,0,3,0
23033,0,0,0,0,0,0,0,0,0,0,142,0
23034,0,0,0,0,0,0,0,0,0,1,5,0
23035,0,0,0,3,12,153,0,0,0,0,1,0
23036,0,0,0,2,1,211,0,0,0,0,2,0
23037,0,0,0,0,0,2,0,0,0,0,0,0
23038,0,38,3,0,0,0,0,0,0,0,0,0
23039,0,0,0,0,0,0,0,0,0,76,1,332
23040,112,50043,17,0,0,0,93,16,0,0,0,0
23041,18,61,66,1,0,0,0,0,0,0,0,0
23042,0,0,0,49,32,6949,0,0,0,0,63,1
23043,0,0,0,0,0,1,0,0,0,1,918,4
23044,58,134,58,0,0,0,0,0,0,0,0,0
23045,0,0,0,0,0,11,0,0,0,0,0,0
23046,3,2,0,0,0,0,0,0,0,0,0,0
23047,0,0,0,0,0,441,0,0,0,0,4,0
23048,0,49781,0,0,0,0,50123,6,5,0,0,0
23049,0,0,0,0,0,0,5,35,0,0,0,0
23050,0,0,0,0,2,76,0,0,0,0,1,0
23051,0,0,0,0,0,1,0,0,0,0,0,0
23052,0,0,0,1,1,0,0,0,0,0,0,0
23053,0,0,0,0,0,4,0,0,0,0,1012,0
23054,0,0,0,0,0,0,0,0,0,8,0,0
23055,2,49999,0,0,0,0,83,0,0,0,0,0
23056,2,60,3,0,0,0,1,0,0,0,0,0
23057,0,0,0,0,0,0,0,0,0,29,128,2
23058,0,0,0,0,0,0,0,0,2,52,136,190
23059,0,0,3,0,0,3,0,0,0,162,1129,6
23060,36,14,1,0,0,0,0,0,0,0,0,0
23061,0,0,0,0,0,0,0,0,0,4,8,14
23062,0,0,0,14,1,115,0,0,0,0,0,0
23063,396684,2,15,318941,3,4,0,0,0,0,0,0
23064,74,134,1865,1,0,0,0,0,0,8,2,0
23065,0,0,0,4,3,369,0,0,0,0,2,0
23066,0,0,0,0,0,0,9,10,2,0,0,0
23067,0,0,0,0,0,0,14,5,4,0,0,0
23068,0,0,0,2,7,83,0,0,0,0,1,0
23069,0,1,0,0,1,0,286,299,7,0,0,0
23070,0,0,0,4,18,50,0,0,0,0,0,0
23071,0,0,0,31,5,102,0,0,0,0,1,0
23072,0,0,0,0,0,0,124,11,3,0,0,0
23073,0,0,0,0,0,0,107,30,7,0,0,0
23074,0,0,0,7,9,46,0,0,0,0,0,0
23075,0,0,0,1,1,49955,0,0,0,0,303,0
23076,6,1,2,0,0,0,0,0,0,0,0,0
23077,0,0,0,0,0,10,0,0,0,1,426,0
23078,0,0,0,0,0,0,0,0,0,4,0,1
23079,1,3,2,0,0,0,0,0,0,0,0,0
23080,1,44,3,0,0,0,0,0,0,0,0,0
23081,0,0,0,0,0,0,0,0,0,1,99,11
23082,0,0,0,0,0,0,0,0,0,1,3,0
23083,94,85,29,0,0,0,1,0,0,0,0,0
23084,0,0,0,5,1,367,0,0,0,0,1,0
23085,2,39,0,0,0,0,0,0,0,0,0,0
23086,0,0,0,0,0,15,0,0,0,1,5096,0
23087,0,0,6,0,0,0,0,0,0,0,0,0
23088,0,0,0,0,0,0,3,2,1,0,0,0
23089,0,73,0,0,0,0,1,0,0,0,0,0
23090,0,0,0,0,0,0,35,34,3,0,0,0
23091,0,0,0,1,1,5,0,0,0,0,0,0
23092,35,80,1,0,0,0,0,0,0,0,0,0
23093,0,0,0,0,0,0,34,16,6,0,0,0
23094,0,0,0,0,0,1,0,0,0,0,0,0
23095,14,48,11,0,0,0,1,0,0,0,0,0
23096,0,0,0,0,0,0,37,4,0,0,0,0
23097,0,0,0,1,0,4,0,0,0,0,0,0
23098,9,70,5,1,0,0,0,0,0,0,0,0
23099,0,0,0,0,0,0,0,0,0,13,142,10
23100,0,0,0,0,0,8,0,0,0,0,0,0
23101,0,0,0,3,5,213,0,0,0,0,3,0
23102,0,0,0,57,9,1,0,0,0,0,0,0
23103,0,0,0,0,0,2,0,0,0,38,570,0
23104,0,0,0,5,11,283,0,0,0,0,2,0
23105,0,0,0,1,0,12,0,0,0,0,0,0
23106,0,0,0,2,1,6,0,0,0,0,0,0
23107,0,0,0,3,1,79,0,0,0,0,0,0
23108,0,0,0,0,0,0,13,3,514,0,0,0
23109,5,12,5,0,0,0,0,0,0,0,0,0
23110,3,75,1,0,0,0,0,0,0,0,0,0
23111,0,0,0,0,0,0,0,0,0,48,210,56
23112,0,0,0,5,1,5,0,0,0,0,0,0
23113,0,0,0,2,243,97,0,0,0,0,0,0
23114,0,0,0,0,0,5,0,0,0,92,1792,14
23115,0,0,0,3,0,14,0,0,0,0,0,0
23116,98,95,6,6,0,0,1,0,0,0,0,0
23117,0,0,0,0,0,0,0,0,0,4,65,3
23118,84,8,6,0,0,0,0,0,0,0,0,0
23119,1,0,0,13,3,380,0,0,0,0,2,0
23120,0,0,0,0,22,0,21,3737,14,0,0,1
23121,0,0,0,0,0,0,0,0,0,7,151,3
23122,18,141,127,1,0,0,0,0,0,3,0,0
23123,0,0,0,0,0,0,0,0,0,22,147,0
23124,0,0,0,0,0,0,0,0,5,12,83,54
23125,383,175,15,116,0,0,0,0,0,0,0,0
23126,0,0,0,0,58,0,18,2664,428,0,0,0
23127,0,0,0,0,0,79,0,0,0,14,3160,2
23128,98,49,6,3,0,0,0,0,0,0,0,0
23129,1,57,2,0,0,0,0,0,0,0,0,0
23130,0,0,0,0,0,1,0,0,0,31,62,5
23131,0,0,0,6,14,115,0,0,0,0,1,0
23132,0,0,0,0,0,0,8,5,1,0,0,0
23133,0,0,0,0,4,3,0,0,0,0,0,0
23134,3,0,0,14,61,33,0,5,0,0,0,0
23135,0,0,0,0,0,1,0,0,0,0,0,0
23136,0,0,0,0,0,0,0,7,0,0,0,0
23137,0,0,0,0,3,110,0,0,0,0,2,0
23138,0,0,0,0,0,0,2,0,0,0,0,0
23139,0,0,0,0,0,0,1,0,0,0,0,0
23140,0,49,3,0,0,0,0,0,0,1,0,0
23141,0,0,0,0,0,0,0,0,0,5,17,0
23142,0,0,0,0,0,0,0,0,0,0,3,0
23143,0,0,0,5,0,64,0,0,0,0,0,0
23144,0,10,3,0,0,0,0,0,0,0,0,0
23145,16,19,4,0,0,0,0,0,0,0,0,0
23146,2,64,1,0,0,0,0,0,0,0,0,0
23147,0,28,25,0,0,0,0,0,0,0,0,0
23148,14,121,23,0,0,0,1,0,0,0,0,0
23149,0,0,0,0,0,0,62,144,4,0,0,0
23150,0,0,0,3,0,4,0,0,0,0,0,0
23151,0,0,0,0,0,0,0,0,0,1,5,2
23152,0,0,0,10,2,124,0,0,0,0,0,0
23153,3,0,0,0,0,0,0,0,0,0,0,0
23154,0,0,0,0,0,0,0,0,0,4,1,0
23155,0,0,0,11,0,5073,0,0,0,0,13,0
23156,21,9,6,0,0,0,0,0,0,0,0,0
23157,29,308,2,0,0,0,0,0,0,0,0,0
23158,0,0,0,5,13,551,0,0,0,0,0,0
23159,0,0,0,1,11,148,0,0,0,0,1,0
23160,0,0,0,0,1,0,0,0,0,0,0,0
23161,0,0,0,0,0,0,39,10,3,0,0,0
23162,0,0,0,0,0,0,75,73,35,0,0,0
23163,0,0,0,0,0,27,0,0,0,0,0,0
23164,1,0,0,41,0,73,0,0,0,0,0,0
23165,2,2,1,0,0,0,0,0,0,0,0,0
23166,2,13,14,0,0,0,0,0,0,0,0,0
23167,0,884,0,0,0,0,4,0,0,0,0,0
23168,11,9,3,0,0,0,0,0,0,0,0,0
23169,0,16,1,0,0,0,0,0,0,0,0,0
23170,0,0,0,0,0,2,0,0,0,34,522,0
23171,0,2,1,0,0,0,0,0,0,0,0,0
23172,4,17,12,0,0,0,0,0,0,0,0,0
23173,0,72,9,0,0,0,0,0,0,0,0,0
23174,0,0,0,0,0,2,0,0,0,0,0,0
23175,0,0,0,0,0,0,1,2,0,0,0,0
23176,0,0,0,0,0,58,0,0,0,0,0,0
23177,0,0,0,0,0,0,94,1,8,0,0,0
23178,0,0,0,0,0,0,0,0,0,0,0,0
23179,0,0,2,0,0,0,0,0,0,90,246,3
23180,253,37,4,0,0,0,0,0,0,0,0,0
23181,7,111,13,0,0,0,0,0,0,0,0,0
23182,0,0,0,9,22,155,0,0,0,0,0,0
23183,0,0,0,1,0,1,0,0,0,0,0,0
23184,0,0,0,1,0,0,0,0,0,0,0,0
23185,0,0,0,0,0,1,0,0,0,1,1561,1
23186,0,10,1,0,0,0,0,0,0,0,0,0
23187,0,5,0,0,0,0,0,0,0,0,0,0
23188,0,0,0,0,0,4,0,0,0,1,733,0
23189,0,0,0,3,11,9,0,0,0,0,0,0
23190,0,0,0,0,0,2,0,0,0,0,0,0
23191,0,0,0,0,0,9,0,0,0,2,6339,6
23192,3,3,0,0,0,0,0,0,0,0,0,0
23193,3,6,0,0,0,0,0,0,0,0,0,0
23194,0,0,0,1,0,334,0,0,0,0,0,0
23195,0,0,0,0,0,0,4,4,0,0,0,0
23196,0,0,0,0,0,0,0,0,1,0,0,0
23197,0,0,0,0,1,36,0,0,0,0,0,0
23198,0,0,0,0,17,353,0,0,0,0,4,0
23199,0,0,0,0,0,0,0,0,0,0,0,0
23200,15,68,2,0,0,0,0,0,0,0,0,0
23201,2,59,0,0,0,0,4,0,0,0,0,0
23202,0,0,64,0,0,42,0,0,0,50234,3795,4
23203,17,240,2,0,0,0,4,0,0,0,0,0
23204,0,0,0,0,0,0,6,0,0,0,0,0
23205,0,0,0,0,0,0,2,4,0,0,0,0
23206,0,0,0,0,0,0,0,0,0,5,81,2
23207,121,84,0,0,0,0,0,0,0,0,0,0
23208,0,0,0,0,0,0,0,0,0,5,307,1
23209,29,217,33,0,0,0,0,0,0,0,0,0
23210,0,0,0,0,0,0,0,3,0,0,0,0
23211,0,0,0,0,0,0,1,1,1,0,0,0
23212,0,0,0,0,1,26,0,0,0,0,0,0
23213,0,0,0,0,0,0,110,264,2,0,0,0
23214,0,0,0,0,0,3,0,0,0,0,0,0
23215,0,0,0,12,18,26,0,0,0,0,0,0
23216,0,0,1,0,0,1,0,0,0,301,132,10
23217,0,0,0,0,0,1,0,0,0,0,0,0
23218,0,0,0,7,0,114,0,0,0,0,2,0
23219,1,23,0,0,0,0,0,0,0,0,0,0
23220,0,0,0,0,0,1,0,0,0,16,631,14
23221,0,0,0,47,12,163,0,0,0,0,0,0
23222,0,0,0,0,0,0,34,0,510,0,0,1
23223,24,1682,51,0,0,0,1,0,0,1,0,0
23224,0,1,0,0,0,0,169,254,4,0,0,0
23225,0,0,0,4,0,3,0,0,0,0,0,0
23226,0,0,0,0,0,0,0,0,0,4,2,0
23227,0,0,0,6,49,308,0,0,0,0,1,0
23228,6,22,1,0,0,0,0,0,0,0,0,0
23229,32,134,10,0,0,0,1,0,0,0,0,0
23230,0,0,1,0,0,6,0,0,0,532,1146,1
23231,0,0,3,0,0,0,0,0,0,0,0,0
23232,5,4,0,0,0,0,0,0,0,0,0,0
23233,1,57,3,0,0,0,0,0,0,0,0,0
23234,1,48,19,0,0,0,0,0,0,0,0,0
23235,78,128,3,0,0,0,0,0,0,0,0,0
23236,0,0,0,0,5,0,173,1840,6,0,0,0
23237,0,0,0,0,0,1,0,0,0,0,0,0
23238,0,0,0,0,0,0,0,0,0,0,0,0
23239,0,0,0,0,0,250,0,0,0,0,1,0
23240,0,0,0,0,0,0,0,0,0,6,276,0
23241,0,0,0,29,0,1,0,0,0,0,0,0
23242,0,0,0,0,0,0,144,55,2,0,0,0
23243,0,0,0,0,0,0,0,0,0,33,285,47
23244,0,0,0,0,0,0,0,0,0,204,68,2
23245,0,0,0,4,23,125,0,0,0,0,0,0
23246,0,0,0,0,1,1,0,0,0,0,0,0
23247,0,0,0,0,0,3,0,0,0,0,0,0
23248,0,0,0,0,0,261,0,0,0,0,5322,0
23249,0,0,0,0,0,0,0,0,0,0,2,0
23250,1,0,0,0,0,0,0,0,0,0,0,0
23251,0,42,3,0,0,0,0,0,0,0,0,0
23252,0,0,0,0,0,0,0,0,0,1,5,9
23253,49,0,1,0,0,0,0,0,0,0,0,0
23254,13,50,4,0,0,0,0,0,0,0,0,0
23255,0,0,0,5,22,309,0,0,0,0,0,0
23256,0,0,0,6,0,11,0,0,0,0,0,0
23257,0,0,0,66,2,194,0,0,0,0,1,0
23258,0,0,0,0,0,0,114,3,0,0,0,0
23259,0,0,0,0,0,0,0,0,1,0,0,0
23260,0,0,1,0,0,1,0,0,0,48,106,0
23261,1,3,61,0,0,0,0,0,0,0,0,0
23262,0,0,0,0,0,0,52,62,0,0,0,0
23263,6,68,9,0,0,0,0,0,0,0,0,0
23264,0,0,0,0,0,0,75,3,1,0,0,0
23265,0,31,1,0,0,0,0,0,0,0,0,0
23266,0,0,0,0,0,0,0,0,0,0,263,0
23267,140,141,19,0,0,0,0,0,0,0,0,0
23268,0,0,0,1,20,17,0,0,0,0,0,0
23269,0,0,0,22,1,147,0,0,0,0,0,0
23270,0,0,0,0,2,0,63,983,1,0,0,0
23271,5,11,1032,0,0,0,0,0,0,314454,431,32
23272,0,0,0,13,15,147,0,0,0,0,0,0
23273,0,0,0,0,0,0,2,20,2,0,0,0
23274,1,19,1,0,0,0,0,0,0,0,0,0
23275,0,0,0,0,0,0,0,0,0,18,642,11
23276,2,42,0,0,0,0,0,0,0,0,0,0
23277,0,0,0,0,0,20,0,0,0,91,7574,74
23278,0,0,0,11,2,1075,0,0,0,0,2,0
23279,1,8,4,0,0,0,0,0,0,0,0,0
23280,0,0,0,0,0,13,0,0,0,2,1725,0
23281,0,0,0,34,2,66,0,0,0,0,0,0
23282,0,0,0,0,0,0,269,2405,67,0,0,0
23283,34,9,0,0,0,0,0,0,0,0,0,0
23284,0,0,0,4,1,58369,0,0,0,0,426,0
23285,0,0,0,0,0,0,10,637,0,0,0,0
23286,0,0,0,0,0,0,0,0,0,0,17,16
23287,0,0,0,85,11,1831,0,0,0,0,14,0
23288,0,0,0,0,0,0,143,11,8,0,0,0
23289,0,0,0,0,0,8,0,0,0,0,0,0
23290,0,0,0,0,0,0,0,0,0,22,235,4
23291,0,0,0,0,0,0,0,0,0,3,49,0
23292,0,0,0,0,0,0,0,24,0,0,0,0
23293,0,0,0,15,2,221,0,0,0,0,0,0
23294,0,0,0,0,0,0,0,1,2,0,0,0
23295,0,1,0,0,0,0,0,0,0,0,0,0
23296,0,0,0,0,0,1137,0,0,0,0,2,0
23297,0,0,0,0,0,0,0,0,0,1,53,3
23298,0,0,0,0,0,0,0,0,0,0,7,2
23299,25,129,7,0,0,0,0,0,0,0,0,0
23300,0,0,0,0,0,0,0,0,0,24,3,13
23301,40,29,0,0,0,0,0,0,0,0,0,0
23302,0,0,0,0,0,0,84,168,5,0,0,0
23303,33,0,0,0,0,0,0,0,0,0,0,0
23304,0,0,0,0,0,0,0,0,0,1,4,0
23305,1,37,7,0,0,0,0,0,0,0,0,0
23306,0,0,0,0,0,0,0,0,0,0,94,0
23307,0,0,0,5,9,0,0,0,0,0,0,0
23308,0,0,0,121,2,143,0,0,0,0,0,0
23309,0,0,0,0,0,0,68,1,664,0,0,3
23310,3,12,75,0,0,0,0,0,0,1,0,0
23311,0,0,0,0,12,0,206,3583,1841,0,1,6
23312,1,287,5,0,0,0,1,0,0,0,0,0
23313,0,0,0,0,0,8,0,0,0,0,0,0
23314,0,0,0,13,0,76,0,0,0,0,0,0
23315,0,0,0,0,0,0,0,0,0,13,466,1
23316,0,0,0,0,0,1,0,0,0,0,0,0
23317,1,0,0,79,8,319,0,0,0,0,0,0
23318,0,0,0,0,0,0,59,3,4,0,0,0
23319,1,9,5,0,0,0,0,0,0,0,0,0
23320,0,0,0,0,0,1,0,0,0,10,603,2
23321,0,42,4,0,0,0,0,0,0,0,0,0
23322,0,0,0,0,0,1,0,0,0,0,0,0
23323,2,0,0,12,0,2169,0,0,0,0,9,0
23324,109,115,0,0,0,0,0,0,0,0,0,0
23325,0,0,0,0,0,0,0,0,0,20,224,21
23326,15,12,0,0,0,0,0,0,0,0,0,0
23327,0,0,0,0,0,0,0,0,0,0,58,0
23328,0,0,0,0,0,0,0,0,0,12,5,2
23329,22,306,11,0,0,0,6,0,0,0,0,0
23330,0,0,0,0,0,1,0,0,0,0,0,0
23331,0,0,0,0,0,0,0,5,2,0,0,0
23332,0,0,0,0,0,228,0,0,0,0,1,0
23333,0,0,0,3,20,15,0,3,0,0,2,0
23334,0,0,0,0,0,0,0,0,0,2,118,0
23335,0,0,0,23,14,249,0,0,0,0,0,0
23336,0,0,0,2,3,21,0,0,0,0,0,0
23337,0,0,0,0,1,55,0,0,0,0,0,0
23338,0,0,0,1,0,58,0,0,0,0,0,0
23339,0,0,0,0,0,0,8,13,0,0,0,0
23340,0,0,0,0,0,0,0,20,0,0,0,0
23341,0,0,0,3,0,113,0,0,0,0,2,0
23342,0,0,0,0,0,0,48,6,0,0,0,0
23343,0,0,0,0,0,0,11,15,0,0,0,0
23344,0,0,0,2,0,42,0,0,0,0,0,0
23345,0,0,0,0,0,0,274,1,0,0,0,0
23346,0,0,0,0,0,4,0,0,0,0,0,0
23347,0,0,0,0,0,1,0,0,0,9,350,2
23348,16,1,3,0,0,0,0,0,0,0,0,0
23349,0,0,0,0,0,0,22,101,13,0,0,0
23350,0,0,0,3,0,32,0,0,0,0,0,0
23351,0,0,0,0,0,0,29,2,0,0,0,0
23352,0,0,0,0,0,2,0,0,0,0,0,0
23353,0,0,0,23,5,218,0,0,0,0,0,0
23354,0,113,0,0,0,0,0,0,0,0,0,0
23355,0,0,0,0,0,1,0,0,0,0,0,0
23356,35,1,1,0,0,0,0,0,0,0,0,0
23357,1,0,0,0,0,0,0,0,0,0,0,0
23358,0,0,0,0,0,0,0,0,0,0,13,0
23359,8,41,0,0,0,0,0,0,0,0,0,0
23360,0,0,0,0,0,0,0,0,0,2,6,0
23361,0,0,0,0,0,0,0,0,0,0,17,0
23362,1062,174,10,3,0,0,1,0,0,0,0,0
23363,0,0,0,0,0,0,0,0,0,0,0,0
23364,0,0,0,0,0,0,0,3,0,0,0,0
23365,27,84,20,0,0,0,0,0,0,0,0,0
23366,4,1,0,0,0,0,0,0,0,0,0,0
23367,0,0,0,0,0,0,0,0,0,0,3,0
23368,1584,100,6,0,0,0,0,0,0,0,0,0
23369,4,11,14,0,0,0,0,0,0,0,0,0
23370,17,42,12,0,0,0,0,0,0,0,0,0
23371,0,0,0,20,2,1182,0,0,0,0,3,0
23372,7,115,0,0,0,0,1,0,0,0,0,0
23373,0,0,0,0,0,0,0,0,0,65,846,0
23374,0,0,0,13,26,72,0,0,0,0,0,0
23375,0,0,0,2,5,2,0,0,0,0,0,0
23376,0,0,0,0,0,0,0,0,0,3,7,3
23377,0,0,0,11,1,140,0,0,0,0,0,0
23378,19,50,18,0,0,0,0,0,0,0,0,0
23379,0,40,2,0,0,0,0,0,0,0,0,0
23380,0,0,0,0,0,1,0,0,0,42,1789,1
23381,0,0,0,0,0,0,0,0,0,96,1,5
23382,78,92,0,0,0,0,0,0,0,0,0,0
23383,0,0,0,0,1,0,149,230,22,0,0,0
23384,0,0,0,0,0,0,216,41,0,0,0,0
23385,0,0,0,0,0,1,0,0,0,0,0,0
23386,0,0,0,77,4,120,0,0,0,0,0,0
23387,0,0,0,0,0,0,0,11,0,0,0,0
23388,0,0,0,0,0,0,0,0,0,0,5,0
23389,0,0,0,14,20,217,0,0,0,0,1,0
23390,0,0,0,0,0,0,29,2,0,0,0,0
23391,0,0,0,0,0,2,0,0,0,0,0,0
23392,0,0,0,0,9,36,0,0,0,0,0,0
23393,0,0,0,0,0,0,0,0,0,3,35,0
23394,0,0,0,0,0,5,0,0,0,0,0,0
23395,0,0,0,27,5,137,0,0,0,0,0,0
23396,0,0,0,0,0,1,0,0,0,0,0,0
23397,36,0,0,0,0,0,0,0,0,0,0,0
23398,0,0,0,0,0,699,0,0,0,0,0,0
23399,0,0,0,0,0,0,0,0,0,33,10,80
23400,19,32,0,0,0,0,0,0,0,0,0,0
23401,0,0,0,0,19,0,3205,10531,91,0,0,0
23402,0,0,0,0,0,0,155,3,0,0,0,0
23403,0,2119243,2,0,0,0,2764,7,10,0,0,0
23404,0,0,0,0,0,49,0,0,0,0,0,0
23405,0,1,0,0,0,0,296,249,87,0,0,0
23406,0,0,0,0,0,84,0,0,0,0,39,0
23407,0,0,0,55,2,259,0,0,0,0,2,0
23408,2,25,1,0,0,0,0,0,0,0,0,0
23409,0,304,1,0,0,0,1,0,0,0,0,0
23410,0,0,0,0,0,2,0,0,0,83,578,4
23411,0,0,0,0,0,3,0,0,0,0,0,0
23412,0,0,0,0,0,0,1,3,2,0,0,0
23413,0,0,0,0,0,1,0,0,0,1,338,0
23414,48,106,2,0,0,0,1,0,0,0,0,0
23415,0,0,0,0,0,0,0,0,0,9,686,13
23416,2025,384,11,3,0,0,0,0,0,0,0,0
23417,0,0,0,0,0,0,65,1,204,0,0,0
23418,16,7,7,0,0,0,0,0,0,0,0,0
23419,34,157,62,0,0,0,0,0,0,0,0,0
23420,0,0,0,0,0,0,21,28,9,0,0,0
23421,0,0,0,0,0,3,0,0,0,0,0,0
23422,0,0,0,0,0,6,0,0,0,40,1816,5
23423,0,0,0,0,0,0,0,0,0,7,543,33
23424,0,0,0,0,0,0,0,0,0,18,92,9
23425,0,0,0,12,13,228,0,0,0,0,0,0
23426,0,1,0,0,6,0,563,3479,117,0,0,0
23427,0,0,0,0,49,262,0,0,0,0,0,0
23428,2,0,0,75,6,139,0,0,0,0,0,0
23429,0,0,0,0,25,0,45,972,0,0,0,0
23430,0,0,0,0,0,0,0,0,0,2,1181,2
23431,0,0,0,1,4,470,0,0,0,0,1,0
23432,5,44,11,0,0,0,0,0,0,0,0,0
23433,0,0,0,0,0,6,0,0,0,0,0,0
23434,0,0,0,10,26,98,0,0,0,0,0,0
23435,0,0,0,0,0,0,0,0,0,3,193,1
23436,10,115,1,0,0,0,0,0,0,0,0,0
23437,0,0,0,11,6,149,0,0,0,0,0,0
23438,0,0,0,0,1,0,73,755,0,0,0,0
23439,0,0,0,0,0,0,0,0,0,3,273,2
23440,70,158,3,0,0,0,0,0,0,0,0,0
23441,0,0,0,0,0,0,157,124,115,0,0,0
23442,0,231,51,0,0,0,0,0,0,0,0,0
23443,0,0,0,1,165,770,0,0,0,0,2,0
23444,0,0,2,0,0,0,0,0,0,293,4,42
23445,84,45,1,0,0,0,0,0,0,0,0,0
23446,0,32,7,0,0,0,0,0,0,0,0,0
23447,0,0,0,0,0,0,0,0,0,33,24,8
23448,0,0,0,0,0,0,0,0,0,0,0,0
23449,0,0,0,14,5,162,0,0,0,0,0,0
23450,16,35,1,0,0,0,0,0,0,0,0,0
23451,0,0,0,0,0,0,0,0,0,13,33,5
23452,1,0,0,25,77,234,0,0,0,0,3,0
23453,0,0,0,0,0,8,0,0,0,8,707,0
23454,0,0,1,0,0,0,0,0,0,49,63,5
23455,0,0,0,45,0,293,0,0,0,0,0,0
23456,13,47,1,0,0,0,2,0,0,0,0,0
23457,0,0,3,0,0,0,0,0,1,274,118,42
23458,0,0,0,20,45,26,0,0,0,0,0,0
23459,0,0,0,0,0,2,0,0,0,0,0,0
23460,0,0,0,0,0,0,1,1,0,0,0,0
23461,0,0,0,0,0,0,1,0,0,0,0,0
23462,0,0,0,0,0,0,0,0,0,0,2,0
23463,0,0,0,0,0,0,39,26,0,0,0,0
23464,0,0,0,0,1,50,0,0,0,0,0,0
23465,0,0,0,0,0,0,116,64,1,0,0,0
23466,0,0,0,0,2,16,0,0,0,0,0,0
23467,0,0,0,3,3,29,0,0,0,0,0,0
23468,0,0,0,0,0,2,0,0,0,0,0,0
23469,4,1,0,0,0,0,0,0,0,0,0,0
23470,0,0,0,1,0,175,0,0,0,0,0,0
23471,0,0,0,6,17,1,0,0,0,0,0,0
23472,0,0,0,0,0,0,0,0,0,2,34,30
23473,0,0,0,12,2,97,0,0,0,0,0,0
23474,15,52,0,0,0,0,0,0,0,0,0,0
23475,0,0,0,0,0,2,0,0,0,128,310,21
23476,221,246,62,0,0,0,1,0,0,0,0,0
23477,0,1,0,0,0,0,136,22,8,0,0,0
23478,0,0,0,0,0,0,9,64,17,0,0,0
23479,0,0,0,1,0,220,0,0,0,0,0,0
23480,0,0,0,8,17,62,0,0,0,0,0,0
23481,0,0,0,0,0,70,0,0,0,43,4177,15
23482,0,0,0,3,0,262,0,0,0,0,0,0
23483,13,20,14,0,0,0,0,0,0,0,0,0
23484,5,103,16,0,0,0,0,0,0,0,0,0
23485,0,0,0,21,6,413,0,0,0,0,0,0
23486,0,1,0,0,0,0,87,110,11,0,0,0
23487,0,0,0,1,165,35,0,0,0,0,0,0
23488,0,0,0,4,17,76,0,0,0,0,0,0
23489,0,0,0,2,0,127,0,0,0,0,0,0
23490,0,0,0,0,1,0,0,0,0,0,0,0
23491,0,0,0,3,23,96,0,0,0,0,0,0
23492,0,0,0,0,0,0,0,0,0,1,4,3
23493,11,1,0,0,0,0,0,0,0,0,0,0
23494,0,17,0,0,0,0,0,0,0,0,0,0
23495,0,1,1,0,0,0,0,0,0,0,0,0
23496,0,0,0,0,0,0,0,0,0,0,10,0
23497,4,203,0,0,0,0,1,0,0,0,0,0
23498,0,0,0,0,0,0,0,0,0,7,6,3
23499,0,0,0,0,0,0,231,266,8,0,0,0
23500,0,0,0,1,25,59,0,0,0,0,0,0
23501,0,0,0,0,1,0,30,1221,12,0,0,0
23502,0,0,0,0,0,2,0,0,0,0,138,1
23503,119,114,66,1,0,0,3,0,0,0,0,0
23504,0,0,0,0,0,0,0,1,0,0,0,0
23505,0,0,0,0,0,0,0,0,2,0,0,0
23506,0,0,0,0,0,219,0,0,0,24,2373,3
23507,0,0,0,0,81,0,0,0,0,0,0,0
23508,0,0,0,0,0,0,0,0,0,0,0,0
23509,0,0,0,0,0,184,0,0,0,0,0,0
23510,0,0,0,3,0,113,0,0,0,0,0,0
23511,0,0,0,0,1,0,0,0,0,0,0,0
23512,0,685,0,0,0,0,20,0,0,0,0,0
23513,1,111,1,0,0,0,0,0,0,0,0,0
23514,0,0,0,0,0,7,0,0,0,0,0,0
23515,11,1,1,0,0,0,0,0,0,0,0,0
23516,0,0,0,0,0,0,2,3,0,0,0,0
23517,0,0,0,0,0,0,0,1,96,0,0,0
23518,0,0,0,0,0,0,265,532,0,0,0,0
23519,0,0,0,0,0,0,3,48,0,0,0,0
23520,0,0,0,0,0,17,0,0,0,1,2472,0
23521,0,0,0,3,5,137,0,0,0,0,2,0
23522,0,1,0,0,0,0,370,0,613,0,0,10
23523,460,8,53,0,0,0,0,0,0,0,0,0
23524,6,159,88,0,0,0,2,0,0,0,0,0
23525,0,0,0,0,0,244,0,0,0,3,73223,0
23526,18,115,27,0,0,0,0,0,0,0,0,0
23527,0,0,0,1,3,668,0,0,0,0,1,0
23528,0,0,0,0,0,0,44,4,1,0,0,0
23529,0,0,0,0,0,15,0,0,0,0,0,0
23530,0,0,0,0,0,3,0,0,0,13,3345,1
23531,27,46,5,0,0,0,0,0,0,0,0,0
23532,3,84,4,0,0,0,0,0,0,0,0,0
23533,0,0,0,0,0,14,0,0,0,7,3532,30
23534,90,67,41,0,0,0,0,0,0,0,0,0
23535,4,26,15,0,0,0,0,0,0,0,0,0
23536,0,0,0,0,0,0,0,0,0,272,556,4
23537,0,0,0,35,11,12,0,0,0,0,0,0
23538,0,0,0,0,0,0,0,0,0,0,116,0
23539,296,251,39,0,0,0,1,0,0,0,0,0
23540,0,0,0,0,0,107,0,0,0,0,0,0
23541,332,5,0,6,0,0,0,0,0,0,0,0
23542,0,0,0,0,0,391,0,0,0,0,0,0
23543,0,0,0,0,0,0,8,0,6,0,0,0
23544,21,11,13,0,0,0,0,0,0,0,0,0
23545,0,0,0,0,18,0,69,3315,1,0,0,0
23546,0,0,0,1,1,0,0,0,0,0,0,0
23547,0,0,0,0,0,0,0,3,0,0,0,0
23548,0,0,0,0,0,126,0,0,0,0,0,0
23549,0,0,0,0,0,0,1,0,0,0,0,0
23550,0,1,0,0,0,0,0,0,0,0,0,0
23551,0,0,0,0,0,1,0,0,0,0,880,0
23552,4,7,0,0,0,0,0,0,0,0,0,0
23553,0,0,0,15,0,0,0,0,0,0,0,0
23554,2,2,0,0,0,0,0,0,0,0,0,0
23555,0,0,0,0,0,0,0,0,0,1,11,1
23556,0,0,0,0,0,0,0,0,0,2,2,0
23557,0,0,0,0,0,50,0,0,0,19,12522,47
23558,0,84,6,0,0,0,0,0,0,0,0,0
23559,0,3,0,30,10,2,0,2,0,0,0,0
23560,0,0,0,52,0,766,0,0,0,0,5,0
23561,0,0,0,0,0,0,12,7,0,0,0,0
23562,0,0,0,0,0,0,0,3,0,0,0,0
23563,0,0,0,12,9,89,0,0,0,0,0,0
23564,0,0,0,0,0,0,4,83,0,0,0,0
23565,0,0,0,0,0,0,0,0,0,1,32,59
23566,248,108,16,0,0,0,0,0,0,0,0,0
23567,0,0,0,0,0,0,1,2,0,0,0,0
23568,0,0,0,0,0,0,0,6,5,0,0,0
23569,0,0,0,0,17,588,0,0,0,0,0,0
23570,17,474,1,0,0,0,1,0,0,0,0,0
23571,0,0,0,1,0,19,0,0,0,0,0,0
23572,68,69,3,0,0,0,0,0,0,0,0,0
23573,0,0,0,0,0,0,0,0,0,0,0,0
23574,0,0,0,0,0,0,2,1,0,0,0,0
23575,0,0,0,0,0,114,0,0,0,0,1442,0
23576,0,0,0,0,0,0,24,24,1,0,0,0
23577,0,0,0,0,0,0,0,0,0,2,583,0
23578,0,0,0,8,2,75,0,0,0,0,0,0
23579,2,39,10,0,0,0,0,0,0,0,0,0
23580,0,0,0,0,0,0,0,38,774,0,0,6
23581,0,0,0,1,4,82,0,0,0,0,0,0
23582,0,0,0,0,0,14,0,0,0,0,0,0
23583,172,1,1,1,0,0,0,0,0,0,0,0
23584,0,0,0,3,0,306,0,0,0,0,0,0
23585,0,0,0,0,0,0,0,0,0,163,4,6
23586,37,1245,11,0,0,0,55,0,0,0,0,0
23587,0,2,0,0,130,0,502,2609,6807,0,1,12
23588,45,54,39,0,0,0,0,0,0,0,0,0
23589,0,0,0,0,0,2,0,0,0,46,1622,10
23590,0,0,0,35,80,380,0,0,0,0,0,0
23591,0,0,0,0,0,0,0,0,0,24,20,10
23592,78,307,2437,0,0,0,0,0,0,116,0,0
23593,0,0,0,0,96,3,178,12433,10798,0,11,68
23594,8,43,35,0,0,0,0,0,0,0,0,0
23595,0,0,0,0,0,3,0,0,0,48,2112,14
23596,0,0,0,3,4,132,0,0,0,0,0,0
23597,141,24,9,0,0,0,0,0,0,0,0,0
23598,147,182,53,1,0,0,0,0,0,0,0,0
23599,15,0,0,553,50818,257,0,42,0,0,0,0
23600,6,0,0,621,19,172,0,0,0,0,0,0
23601,0,0,0,0,0,225,0,0,0,94,2553,3
23602,0,0,0,18,42,327,0,0,0,0,2,0
23603,0,0,0,0,0,0,0,0,0,4,130,1
23604,4,580,1527,0,0,0,701,197,2190,391210,415,1391413
23605,0,0,0,30,40,424,0,0,0,0,0,0
23606,0,0,0,0,0,0,0,0,0,38,84,0
23607,0,0,0,0,0,0,21,93,5,0,0,0
23608,0,0,0,0,9,0,303,3182,164,0,0,0
23609,0,0,7,0,0,0,0,0,0,270,538,0
23610,0,0,0,0,0,0,342,518,17,0,0,0
23611,0,99,0,0,5,0,1342,2342,56,0,0,0
23612,0,0,0,0,0,0,246,391,33,0,0,0
23613,0,0,0,0,0,5,0,0,0,8,1762,1
23614,111,65,8,0,0,0,0,0,0,0,0,0
23615,0,0,0,0,0,0,0,0,0,2,4,0
23616,0,0,0,0,0,0,12,8,0,0,0,0
23617,0,0,0,1,1,15,0,0,0,0,0,0
23618,0,28,1,0,0,0,0,0,0,0,0,0
23619,0,0,0,0,0,0,13,7,0,0,0,0
23620,0,0,0,2,2,110,0,0,0,0,2,0
23621,0,4,0,0,0,0,417,294,2,0,0,0
23622,0,0,0,0,1,31,0,0,0,0,0,0
23623,25,601,0,0,0,0,10,2,0,0,0,0
23624,0,0,0,0,3,0,253,394,14,0,0,0
23625,0,0,0,0,0,144,0,0,0,30,8932,25
23626,0,0,0,6,1,56,0,0,0,0,1,0
23627,0,75,52,0,0,0,0,0,0,0,0,0
23628,0,0,0,0,2,0,163,1111,33,0,0,0
23629,0,0,0,4,50,99,0,0,0,0,0,0
23630,0,0,0,0,0,0,0,0,0,16,1,3
23631,61,177,7,0,0,0,3,0,0,0,0,0
23632,32,108,68,0,0,0,0,0,0,0,0,0
23633,0,0,0,9,49,169,0,0,0,0,2,0
23634,0,0,0,0,0,10,0,0,0,34,834,1
23635,0,0,0,0,0,55,0,0,0,43,4872,82
23636,19,16,9,0,0,0,0,0,0,0,0,0
23637,0,0,0,0,1,0,0,0,0,0,0,0
23638,0,0,0,0,0,878,0,0,0,56,6858,10
23639,22,48,3,0,0,0,0,0,0,0,0,0
23640,0,0,0,0,1,3,0,0,0,0,0,0
23641,0,0,0,80,3,30,0,0,0,0,0,0
23642,0,0,0,0,1,0,46,64,1,0,0,0
23643,0,0,0,0,0,1,0,0,0,1,978,1
23644,0,0,0,0,0,0,0,0,0,103,1036,1
23645,0,0,0,0,0,0,0,0,0,0,0,0
23646,0,0,0,0,0,0,0,0,0,0,0,0
23647,0,0,0,0,0,1,0,0,0,1,546,0
23648,2,18,2,0,0,0,0,0,0,0,0,0
23649,0,0,0,0,0,0,0,0,0,6,31,1
23650,0,0,0,6,0,49,0,0,0,0,0,0
23651,164,2,0,0,0,0,0,0,0,0,0,0
23652,0,0,0,0,0,5,0,0,0,0,0,0
23653,0,0,0,0,0,0,22,113,2,0,0,0
23654,0,0,0,0,59,3,0,0,0,0,0,0
23655,0,0,0,0,0,6,0,0,0,0,1236,0
23656,2,448,8,0,0,0,3,1,0,0,0,0
23657,0,0,1,0,0,0,0,0,0,89,17,4
23658,0,0,0,2,0,2,0,0,0,0,0,0
23659,0,0,0,38,18,255,0,0,0,0,2,0
23660,0,0,0,0,0,0,1,3,1,0,0,0
23661,0,0,0,0,0,0,1,6,3,0,0,0
23662,0,0,0,1,1,42,0,0,0,0,0,0
23663,0,0,0,0,2,0,123,472,27,0,0,0
23664,0,0,0,0,0,6754,0,0,0,11,32640,10
23665,81,84,8,0,0,0,2,0,0,0,0,0
23666,0,1,0,0,0,0,291,2,167,0,0,1
23667,148,5,8,0,0,0,0,0,0,0,0,0
23668,64,174,9,0,0,0,0,0,0,0,0,0
23669,52,48,17,0,0,0,0,0,0,0,0,0
23670,9,114,48,0,0,0,2,0,0,0,0,0
23671,0,0,0,12,6,393,0,0,0,0,2,0
23672,0,0,0,11,33,90,0,0,0,0,0,0
23673,0,0,0,0,0,69,0,0,0,0,2530,0
23674,81,137,8,0,0,0,0,0,0,0,0,0
23675,0,0,0,0,0,0,120,251,128,0,0,1
23676,0,0,0,1,0,10,0,0,0,0,0,0
23677,0,0,0,11,2,551,0,0,0,0,12,0
23678,0,0,0,0,0,0,4,284,109,0,0,0
23679,0,0,0,0,0,4,0,0,0,0,1050,11
23680,0,0,0,13,62,267,0,0,0,0,0,0
23681,0,0,0,0,0,4,0,0,0,0,0,0
23682,3,0,1,0,0,0,0,0,0,0,0,0
23683,0,0,0,0,0,46,0,0,0,0,10201,0
23684,0,0,0,23,11,2,0,0,0,0,0,0
23685,3,0,0,0,0,0,0,0,0,10,218,10
23686,0,0,0,1,0,36,0,0,0,0,0,0
23687,21,6,1,0,0,0,0,0,0,0,0,0
23688,5,81,44,0,0,0,0,0,0,0,0,0
23689,0,0,0,1,20,627,0,0,0,0,3,0
23690,4,206,7,0,0,0,0,0,0,0,0,0
23691,21,29,16,0,0,0,0,0,0,0,0,0
23692,0,0,0,0,0,0,0,0,0,19,243,0
23693,0,0,0,3,16,2,0,0,0,0,0,0
23694,0,0,0,0,0,0,0,0,0,1,65,1
23695,0,0,0,137,0,423,0,0,0,0,4,0
23696,6,201,2,0,0,0,0,0,0,0,0,0
23697,0,0,0,0,0,17,0,0,0,0,0,0
23698,0,0,0,85,1,21,0,0,0,0,0,0
23699,0,0,0,0,1,0,7,73,0,0,0,0
23700,0,0,0,0,0,0,0,0,0,16,15,8
23701,0,0,0,0,0,0,0,0,0,29,221,3
23702,40,84,7,0,0,0,0,0,0,0,0,0
23703,0,0,0,1,0,1,0,0,0,0,0,0
23704,4,9,0,0,0,0,0,0,0,0,0,0
23705,0,0,0,0,0,0,0,0,0,4,56,0
23706,0,0,0,0,0,0,0,0,0,1,5,0
23707,0,0,6,0,0,8,0,0,0,82,2220,14
23708,22,110,0,0,0,0,0,0,0,0,0,0
23709,0,0,0,0,0,1274,0,0,0,9,318623,5
23710,20,57,15,0,0,0,0,0,0,0,0,0
23711,5,14,7,0,0,0,0,0,0,0,0,0
23712,2,173,25,0,0,0,1,0,0,0,0,0
23713,0,0,0,10,5,122,0,0,0,0,1,0
23714,0,0,0,1,0,1,0,0,0,0,0,0
23715,0,0,0,0,1,1,0,0,0,0,0,0
23716,0,0,0,0,0,190,0,0,0,0,2,0
23717,8,13,0,0,0,0,0,2,0,0,0,0
23718,0,0,1,0,0,31,0,0,0,51,3179,43
23719,0,0,0,2,0,46,0,0,0,0,0,0
23720,0,83,9,0,0,0,0,0,0,0,0,0
23721,0,0,0,1,1,2,0,0,0,0,0,0
23722,0,0,0,6,0,16,0,0,0,0,0,0
23723,13,55,0,0,0,0,0,0,0,0,0,0
23724,0,0,0,0,0,0,0,32,0,0,0,0
23725,0,0,0,56,2,339,0,0,0,0,1,0
23726,0,2,0,0,0,0,196,5,2,0,0,0
23727,0,0,0,1,4,20,0,0,0,0,0,0
23728,0,0,0,20,1,705,0,0,0,0,0,0
23729,2,22,2,0,0,0,0,0,0,0,0,0
23730,0,0,0,0,0,0,0,0,0,12,528,0
23731,0,0,0,0,0,1786,0,0,0,29,8238,0
23732,61,198,0,0,0,0,1,0,0,0,0,0
23733,0,0,0,0,0,1,0,0,0,2,107,0
23734,94,743,4,1,0,0,0,0,0,0,0,0
23735,0,0,0,0,0,0,2,0,7,0,0,0
23736,1,1,0,0,0,0,0,0,0,0,0,0
23737,11,29,8,0,0,0,0,0,0,0,0,0
23738,1,77,1,0,0,0,0,0,0,0,0,0
23739,0,0,0,0,0,64,0,0,0,0,0,0
23740,0,0,0,1,1,85,0,0,0,0,0,0
23741,0,0,0,0,0,2,0,0,0,15,363,0
23742,0,0,0,7,1,2,0,0,0,0,0,0
23743,5,13,1,0,0,0,0,0,0,0,0,0
23744,0,0,0,0,0,0,0,0,0,7,55,0
23745,0,0,0,0,0,0,0,0,0,1,60,0
23746,117,222,21,0,0,0,1,0,0,0,0,0
23747,0,0,0,0,0,0,9,16,1,0,0,0
23748,0,0,0,3,0,4,0,0,0,0,0,0
23749,0,155,0,0,0,0,548,83,0,0,0,0
23750,0,0,0,1,28,6,0,0,0,0,0,0
23751,0,0,0,0,0,0,0,0,0,1,48,1
23752,0,0,0,44,1,35,0,0,0,0,0,0
23753,21,8,2,0,0,0,0,0,0,0,0,0
23754,0,0,0,0,0,16,0,0,0,0,0,0
23755,0,0,0,0,0,0,21,725,147,0,0,0
23756,720,10709,2,4,0,0,119,13,0,0,0,0
23757,0,0,0,0,0,0,0,0,0,1,837,13
23758,0,0,1,0,0,44,0,0,0,150,11923,16
23759,0,1,0,0,0,0,0,0,0,0,0,0
23760,0,6,0,0,0,0,0,0,0,0,0,0
23761,0,0,0,0,0,0,138,0,0,0,0,0
23762,2,17,0,0,0,0,0,0,0,0,0,0
23763,0,0,0,0,0,0,0,0,0,0,30,0
23764,145,79,19,1,0,0,0,0,0,0,0,0
23765,0,0,0,1,1977,1,0,31,0,0,0,0
23766,0,0,0,0,0,3,0,0,0,0,348,0
23767,132,77,15,0,0,0,0,0,0,0,0,0
23768,0,1,0,0,0,0,233,6,0,0,0,0
23769,0,0,0,0,1,0,0,0,0,0,0,0
23770,8,135,0,0,0,0,0,0,0,0,0,0
23771,0,0,0,0,0,0,1,33,0,0,0,0
23772,7,6,0,0,0,0,0,0,0,0,0,0
23773,0,0,0,0,16,73,0,0,0,0,0,0
23774,0,0,0,0,1,0,0,0,0,0,0,0
23775,0,0,0,0,0,0,0,9,0,0,0,0
23776,0,0,0,0,0,262,0,0,0,0,2,0
23777,2,67,0,0,0,0,0,0,0,0,0,0
23778,0,0,0,0,0,1,0,0,0,0,726,2
23779,228,98,17,0,0,0,0,0,0,0,0,0
23780,26,675,7,0,0,0,1,0,0,0,0,0
23781,0,0,0,3,1,118,0,0,0,0,0,0
23782,0,0,0,0,2,0,33,282,14,0,0,0
23783,0,0,0,1,0,0,0,0,0,0,0,0
23784,2,0,1,0,0,0,0,0,0,0,0,0
23785,0,0,0,0,0,1,0,0,0,1,292,0
23786,4,40,0,0,0,0,0,0,0,0,0,0
23787,0,0,0,0,1,5,0,0,0,0,0,0
23788,0,0,0,2,0,73,0,0,0,0,0,0
23789,0,2,0,16,10,2,2,0,0,0,0,0
23790,0,0,0,0,0,0,0,2,1,0,0,0
23791,0,0,0,0,0,89,0,0,0,0,0,0
23792,0,0,0,0,0,0,111,8,0,0,0,0
23793,0,0,0,0,0,0,54,1,2,0,0,0
23794,0,0,0,49,1,162,0,0,0,0,1,0
23795,0,0,0,0,0,0,0,6,3,0,0,0
23796,4,271,18,0,0,0,1,0,0,0,0,0
23797,0,0,0,6,12,1477,0,0,0,0,12,0
23798,0,0,0,4,2,2,0,0,0,0,0,0
23799,0,0,0,0,0,0,0,0,0,0,2,0
23800,83,85,6,0,0,0,1,0,1,0,0,0
23801,1,45,5,0,0,0,0,0,0,0,0,0
23802,0,0,15,0,0,1,0,0,0,221,1444,13
23803,4,0,0,146,10,37,0,0,0,0,0,0
23804,0,0,0,0,0,0,2,3,147,0,0,0
23805,14,1,4,0,0,0,0,0,0,0,0,0
23806,0,156,2,0,0,0,1,0,0,0,0,0
23807,0,0,0,0,0,0,0,0,0,0,0,0
23808,0,0,0,0,0,0,1,1,0,0,0,0
23809,0,0,0,0,0,0,0,0,0,0,224,0
23810,1,57,8,0,0,0,0,0,0,0,0,0
23811,0,0,0,0,0,0,45,24,4,0,0,0
23812,0,0,0,0,0,0,0,0,0,4,114,0
23813,28,128,4,0,0,0,0,0,0,0,0,0
23814,48,66,97,0,0,0,0,0,0,0,0,0
23815,0,0,0,1,46,369,0,0,0,0,0,0
23816,0,0,0,0,0,0,0,0,0,18,133,22
23817,0,0,0,0,0,16,0,0,0,0,0,0
23818,0,0,0,16,11,363,0,0,0,0,1,0
23819,0,0,0,0,2,106,0,0,0,0,0,0
23820,0,0,0,0,0,0,0,0,0,0,0,0
23821,0,0,0,0,0,0,177,4,0,0,0,0
23822,0,0,0,0,0,113,0,0,0,0,0,0
23823,0,0,0,0,3,13,0,0,0,0,0,0
23824,0,0,0,0,7,0,98,325,4,0,0,0
23825,0,0,0,0,0,0,0,0,0,0,1,0
23826,6,0,0,0,0,0,0,0,0,0,0,0
23827,1,39,1,0,0,0,0,0,0,0,0,0
23828,0,0,0,1,0,2,0,0,0,0,0,0
23829,2,1,0,0,0,0,0,0,0,0,0,0
23830,0,0,0,0,0,71,0,0,0,0,0,0
23831,0,0,0,0,0,0,3,2,0,0,0,0
23832,0,0,0,0,0,0,12,1,3,0,0,0
23833,0,0,0,0,0,21,0,0,0,2,744,0
23834,0,59,0,0,0,0,1,0,0,0,0,0
23835,0,0,0,0,0,0,0,39,6,0,0,0
23836,0,0,0,0,0,83,0,0,0,0,1,0
23837,0,0,0,0,0,4,0,0,0,0,0,0
23838,0,0,0,0,0,16,0,0,0,0,0,0
23839,0,0,0,1,0,33,0,0,0,0,0,0
23840,0,0,0,0,0,1,0,0,0,0,0,0
23841,0,0,0,0,0,0,0,2,0,0,0,0
23842,0,0,0,0,0,578,0,0,0,0,4,0
23843,6,116,2,0,0,0,0,0,0,0,0,0
23844,0,0,0,0,0,0,0,0,5,4,169,108
23845,190,28,1,0,0,0,0,0,0,0,0,0
23846,0,0,0,0,0,0,0,0,0,1,0,1
23847,12,1,1,0,0,0,0,0,0,0,0,0
23848,14,541,0,1,0,0,1,0,0,0,0,0
23849,0,0,0,2,3,435,0,0,0,0,2,0
23850,0,0,0,0,0,17,0,0,0,0,0,0
23851,13,95,1,0,0,0,0,0,0,0,0,0
23852,11,2,3,0,0,0,0,0,0,0,0,0
23853,0,4,1,0,0,0,0,0,0,0,0,0
23854,0,0,66,0,0,10,0,0,0,50067,2632,3
23855,0,0,0,0,0,13,0,0,0,30,561,14
23856,0,0,0,0,1,0,414,608,0,0,0,0
23857,0,0,0,2,9,136,0,0,0,0,1,0
23858,0,0,0,0,0,0,1,2,1,0,0,0
23859,0,0,0,0,0,2,0,0,0,1,13,1
23860,0,0,0,2,7,80,0,0,0,0,0,0
23861,0,0,0,1,0,53,0,0,0,0,0,0
23862,0,0,0,0,0,3,0,0,0,0,0,0
23863,0,37,0,0,0,0,0,0,0,0,0,0
23864,1,33,1,0,0,0,1,0,0,0,0,0
23865,0,0,0,0,0,0,0,0,0,53,79,20
23866,0,0,0,34,52,204,0,0,0,0,2,0
23867,0,0,1,0,0,0,149,3,21,0,0,0
23868,0,0,0,0,66,0,49,4508,177,0,0,1
23869,13,50,61,1,0,0,0,0,0,0,0,0
23870,0,116,3,0,0,0,0,0,0,0,0,0
23871,0,0,0,1,0,6,0,0,0,0,0,0
23872,100,9,1,0,0,0,0,0,0,0,0,0
23873,0,0,0,0,9,0,4,1444,0,0,0,0
23874,0,0,0,0,0,0,0,0,0,24,61,5
23875,0,0,0,1,49,68,0,0,0,0,0,0
23876,0,10,0,0,0,0,1433,21,0,0,0,0
23877,0,0,0,6,12,54,0,0,0,0,0,0
23878,2,0,0,63,7,161,0,0,0,0,1,0
23879,0,0,0,0,0,0,0,0,3,0,0,0
23880,1,3,1,0,0,0,0,0,0,0,0,0
23881,0,32,29,0,0,0,0,0,0,0,0,0
23882,0,0,0,0,0,0,0,0,0,0,2,1
23883,0,2,0,0,0,0,0,0,0,0,0,0
23884,1,128,0,0,0,0,1,0,0,0,0,0
23885,0,4,0,0,0,0,11,0,0,0,0,0
23886,0,2,0,0,0,0,0,0,0,0,0,0
23887,0,0,0,0,0,4,0,0,0,2,739,0
23888,0,5,1,0,0,0,0,0,0,0,0,0
23889,1,16,7,0,0,0,0,0,0,0,0,0
23890,0,29,0,0,0,0,0,0,0,0,0,0
23891,0,0,2,0,0,0,0,0,0,0,0,0
23892,0,53,0,0,0,0,1,0,0,0,0,0
23893,0,0,0,0,0,1,0,0,0,0,813,0
23894,19,53,0,0,0,0,0,0,0,0,0,0
23895,0,0,0,0,0,0,0,0,0,16,487,6
23896,0,0,0,0,0,8,0,0,0,55,3073,22
23897,0,0,2,0,0,0,0,0,1,194,2,287
23898,54,177,0,0,0,0,0,0,0,0,0,0
23899,7,48,68,0,0,0,0,0,0,0,0,0
23900,0,0,0,0,0,0,32,5,1268,0,0,5
23901,20,81,172,0,0,0,0,0,0,1,0,0
23902,120,73,247,0,0,0,0,0,0,0,18,0
23903,0,0,0,0,0,0,3,5,1,0,0,0
23904,0,0,0,1,7,5,0,0,0,0,0,0
23905,0,0,0,7,3,112,0,0,0,0,0,0
23906,0,0,0,0,0,4,0,0,0,0,0,0
23907,0,0,0,5,1,3,0,0,0,0,0,0
23908,0,0,0,0,0,721,0,0,0,0,0,0
23909,0,0,0,0,0,0,62,293,0,0,0,0
23910,0,0,0,0,0,0,0,0,0,21,263,12
23911,29,136,11,0,0,0,0,0,0,0,0,0
23912,0,0,0,0,0,0,0,0,0,4,1,1
23913,108,13,5,0,0,0,0,0,0,0,0,0
23914,13,66,18,0,0,0,0,0,0,0,0,0
23915,0,0,0,0,0,0,183,15,5,0,0,0
23916,0,0,0,2,7,314,0,0,0,0,0,0
23917,0,0,0,0,0,1,0,0,0,27,340,0
23918,0,38,12,0,0,0,0,0,0,0,0,0
23919,10,61,5,0,0,0,1,0,0,0,0,0
23920,28,175,10,0,0,0,1,0,0,0,0,0
23921,0,0,2,0,0,0,0,0,0,276,1,0
23922,39,29,0,0,0,0,0,0,0,0,0,0
23923,34,62,19,0,0,0,0,0,0,0,0,0
23924,2,136,103,0,0,0,0,0,0,0,0,0
23925,0,0,0,2,0,12,0,0,0,0,0,0
23926,0,0,0,2,11,168,0,0,0,0,1,0
23927,0,0,0,4,1,12,0,0,0,0,0,0
23928,0,2,0,0,0,0,0,0,0,0,0,0
23929,0,0,0,0,0,15,0,0,0,3,3302,0
23930,0,13,2,0,0,0,0,0,0,0,0,0
23931,14,30,23,0,0,0,0,0,0,0,0,0
23932,57,60,18,0,0,0,0,0,0,0,0,0
23933,2,47,43,0,0,0,1,0,0,0,0,0
23934,0,0,0,0,0,41,0,0,0,65,2228,1
23935,311,75,29,1,0,0,1,0,0,0,0,0
23936,0,0,2,0,0,0,0,0,0,103,103,3
23937,0,0,1,0,0,0,0,0,0,16,154,10
23938,5,50,1,0,0,0,0,0,0,0,0,0
23939,0,0,0,0,0,2,0,0,0,114,412,1
23940,0,0,0,0,0,0,0,0,0,27,245,12
23941,327,29,9,2,0,0,0,0,0,0,0,0
23942,13,87,126,0,0,0,0,0,0,1,0,0
23943,7,0,0,120,3,68,0,0,0,0,0,0
23944,0,0,0,0,0,110,0,0,0,0,0,0
23945,3,18,7,0,0,0,0,0,0,0,0,0
23946,26,109,5,0,0,0,0,0,0,0,0,0
23947,106,157,9,1,0,0,0,0,0,0,0,0
23948,0,4,0,0,73,0,131,51516,2031,0,40,24
23949,11,101,3,0,0,0,8,0,0,0,0,0
23950,0,0,0,8,4,317,0,0,0,0,3,0
23951,0,0,0,3,39,31,0,0,0,0,0,0
23952,0,0,0,2,10,11,0,0,0,0,0,0
23953,0,0,0,2,4,33,0,0,0,0,0,0
23954,0,1,0,0,0,0,90,15,0,0,0,0
23955,0,0,0,0,0,0,25,21,11,0,0,0
23956,0,0,0,1,3,63,0,0,0,0,0,0
23957,0,0,0,0,0,0,28,10,0,0,0,0
23958,0,0,0,0,0,0,33,55,1,0,0,0
23959,0,0,0,1,17,47,0,0,0,0,0,0
23960,0,0,0,0,2,0,0,0,0,0,0,0
23961,0,0,0,0,0,1,0,0,0,0,0,0
23962,0,0,0,0,0,238,0,0,0,0,9,0
23963,1,61,1,0,0,0,1,0,0,0,0,0
23964,2,2,0,0,0,0,0,0,0,0,0,0
23965,0,0,0,1,2,263,0,0,0,0,0,0
23966,0,0,0,1,0,10,0,0,0,0,0,0
23967,0,0,0,0,0,0,0,0,0,0,0,0
23968,0,0,0,1,4,29,0,0,0,0,0,0
23969,0,0,0,6,7,3,0,0,0,0,0,0
23970,0,0,0,0,0,0,0,0,0,0,45,1
23971,13,103,19,0,0,0,0,0,0,0,0,0
23972,0,0,0,0,0,0,0,0,0,30,0,1
23973,11,63,27,0,0,0,0,0,0,0,0,0
23974,37,33,8,1,0,0,0,0,0,0,0,0
23975,7,69,50,0,0,0,0,0,0,0,0,0
23976,0,0,0,3,0,1,0,0,0,0,0,0
23977,3,220,3,0,0,0,1,0,0,0,0,0
23978,0,0,0,0,16,309,0,0,0,0,0,0
23979,0,0,0,11,0,17,0,0,0,0,0,0
23980,8,42,0,0,0,0,0,0,0,0,0,0
23981,0,0,0,0,0,1,0,0,0,46,322,0
23982,0,0,0,0,0,0,0,0,0,39,157,1
23983,34,152,52,0,0,0,2,0,0,0,0,0
23984,0,0,0,0,0,0,131,39,69,0,0,0
23985,12,75,29,0,0,0,0,0,0,0,0,0
23986,0,0,0,4,81,1066,0,1,0,0,2,0
23987,0,0,0,0,2,77,0,0,0,79,9151,5
23988,0,0,0,0,0,1,0,0,0,140,672,19
23989,154,536,38,0,0,0,1,0,0,0,0,0
23990,0,0,0,5,31,7,0,0,0,0,0,0
23991,0,0,0,0,0,0,0,0,0,2,310,0
23992,117,40,22,1,0,0,0,1,0,0,0,0
23993,0,8,10,0,0,0,0,0,0,0,0,0
23994,53,28,7,0,0,0,0,0,0,0,0,0
23995,7,111,14,0,0,0,0,0,0,0,0,0
23996,0,0,0,0,0,5,0,0,0,124,2880,16
23997,0,0,0,0,0,15,0,0,0,31,3051,99
23998,231,124,6,3,0,0,1,0,0,0,0,0
23999,3,86,52,0,0,0,0,0,0,0,0,0
24000,0,5,0,0,1,0,225,1390,21,0,0,0
24001,0,0,0,0,0,2,0,0,0,5,576,1
24002,0,25,6,0,0,0,0,0,0,0,0,0
24003,45,106,34,0,0,0,0,0,0,0,0,0
24004,0,2,0,0,0,0,374,17,0,0,0,0
24005,2,0,134,0,0,0,0,0,0,1,0,0
24006,0,0,0,0,0,0,85,15,3,0,0,0
24007,0,3,0,0,0,0,618,20,2,0,0,0
24008,0,0,0,0,0,3,0,0,0,0,0,0
24009,0,0,0,0,0,0,0,0,0,0,0,0
24010,59,719,8,0,0,0,2,0,0,0,0,0
24011,0,0,0,1,3,48,0,0,0,0,0,0
24012,0,0,0,1,0,7,0,0,0,0,0,0
24013,0,0,0,2,0,144,0,0,0,0,0,0
24014,2,806,1,0,0,0,0,0,0,0,0,0
24015,0,0,0,1,0,5,0,0,0,0,0,0
24016,1,0,0,4,3,86,0,0,0,0,0,0
24017,0,0,0,0,0,0,0,1,2,0,0,0
24018,0,1,0,0,0,0,0,0,0,0,0,0
24019,0,210,0,0,0,0,0,0,0,0,0,0
24020,0,0,0,0,0,0,55,13,21,0,0,0
24021,2,19,2,0,0,0,0,0,0,0,0,0
24022,0,0,0,3,20,540,0,0,0,0,0,0
24023,0,0,0,0,0,27,0,0,0,82,7609,141
24024,0,0,0,0,0,4,0,0,0,0,0,0
24025,5,34,2,0,0,0,0,0,0,0,0,0
24026,0,0,0,0,0,6,0,0,0,62,1037,10
24027,0,0,0,0,0,5,0,0,0,0,0,0
24028,0,0,0,11,2,91,0,0,0,0,0,0
24029,0,0,0,0,0,2,0,0,0,0,0,0
24030,0,0,0,0,0,5,0,0,0,0,0,0
24031,0,0,0,0,0,6,0,0,0,2,609,1
24032,45,70,5,0,0,0,0,0,0,0,0,0
24033,4,35,1,0,0,0,0,0,0,0,0,0
24034,0,0,0,0,0,15,0,0,0,2,3483,2
24035,0,10,1,0,0,0,0,0,0,0,0,0
24036,2,39,1,0,0,0,0,0,0,0,0,0
24037,0,129,0,0,0,0,1,0,0,0,0,0
24038,0,0,0,0,4,0,33,337,23,0,0,0
24039,0,0,0,1,0,3,0,0,0,0,0,0
24040,0,0,0,0,3,0,48,1026,3,0,0,0
24041,21,38,0,0,0,0,0,0,0,0,0,0
24042,0,0,0,0,0,3,0,0,0,4,579,0
24043,46,73,45,0,0,0,0,0,0,6,0,0
24044,0,0,0,0,0,0,0,0,0,24,41,3
24045,0,0,0,0,0,0,0,0,0,0,0,0
24046,0,0,0,76,2,170,0,0,0,0,0,0
24047,0,2,0,0,0,0,504,99,0,0,0,0
24048,0,0,0,0,0,0,0,0,0,0,113,1
24049,77,115,16,0,0,0,0,0,0,0,0,0
24050,0,0,0,0,0,0,21,208,19,0,0,0
24051,5,69,5,0,0,0,0,0,0,0,0,0
24052,0,0,0,7,5,130,0,0,0,0,0,0
24053,0,0,0,0,7,0,36,651,0,0,0,0
24054,0,0,0,0,0,0,0,0,0,9,1092,1
24055,0,0,0,28,11,245,0,0,0,0,2,0
24056,0,0,0,0,0,0,46,8,8,0,0,0
24057,0,0,0,0,0,0,29,14,0,0,0,0
24058,0,0,0,0,0,0,0,0,0,79,180,16
24059,0,0,0,3,7,11,0,1,0,0,0,0
24060,0,0,0,3,0,14,0,0,0,0,0,0
24061,0,0,0,0,0,0,0,0,0,0,123,2
24062,61,1400,5,1,0,0,4,0,0,0,0,0
24063,0,0,0,7,37,608,0,0,0,0,2,0
24064,0,0,0,0,0,2,0,0,0,21,604,7
24065,0,23,3,0,0,0,0,0,0,0,0,0
24066,65,128,11,0,0,0,0,0,0,0,0,0
24067,20,35,3,0,0,0,0,0,0,0,0,0
24068,0,0,9,0,0,0,0,0,1,175,3,180
24069,353,163,8,2,0,0,3,0,0,0,0,0
24070,116,270,32,0,0,0,0,0,0,1,0,0
24071,0,0,0,0,1,221,0,0,0,0,0,0
24072,10,0,0,0,0,0,0,0,0,0,0,0
24073,0,0,0,0,0,244,0,0,0,0,0,0
24074,0,4,0,0,0,0,341,10,4,0,0,0
24075,0,0,0,0,0,0,60,35,1,0,0,0
24076,0,0,0,4,3,6302,0,0,0,0,111,0
24077,0,0,0,0,1,0,130,290,3,0,0,0
24078,141,37,29,0,0,0,0,0,0,0,0,0
24079,0,0,0,4,41,911,0,0,0,1,5,0
24080,0,0,0,0,2,2,0,0,0,0,0,0
24081,0,0,0,0,0,0,0,3,0,0,0,0
24082,0,0,0,0,0,1,0,0,0,1,1214,0
24083,0,0,0,0,0,2,0,0,0,66,103,0
24084,0,0,0,2,40,1,0,0,0,0,0,0
24085,0,0,0,47,18,846,0,0,0,0,0,0
24086,0,3,0,0,0,0,505,19,1,0,0,0
24087,0,0,0,0,2,0,125,166,1,0,0,0
24088,0,0,0,6,0,1380,0,0,0,0,14,0
24089,0,1,0,0,0,0,185,16,1,0,0,0
24090,6,115,35,0,0,0,0,0,0,1,0,0
24091,0,0,0,0,58,531,0,0,0,0,1,0
24092,5,181,1,0,0,0,1,0,0,0,0,0
24093,0,0,0,0,68,37,0,0,0,0,0,0
24094,0,0,0,67,11,22,0,0,0,0,0,0
24095,0,0,0,0,55,0,66,5853,7,0,0,0
24096,0,0,15,0,0,2,0,0,0,50,817,19
24097,0,0,0,39,7,351,0,0,0,0,8,0
24098,0,0,0,0,3,0,61,857,4,0,0,0
24099,0,0,0,0,0,4,0,0,0,5,1627,54
24100,0,0,0,30,4,62,0,0,0,0,0,0
24101,0,2,0,0,0,0,0,0,0,0,0,0
24102,0,0,0,0,0,0,190,51,143,0,0,0
24103,5,64,2,0,0,0,0,0,0,0,0,0
24104,0,0,0,0,0,0,1,3,0,0,0,0
24105,0,0,0,0,0,0,0,0,0,0,0,0
24106,0,0,0,0,0,4,0,0,0,12,1784,1
24107,0,0,0,0,0,0,0,0,0,45,158,2
24108,0,0,0,0,0,1,0,0,0,0,0,0
24109,0,0,0,0,0,2,0,0,0,52,1032,7
24110,38,132,11425,0,0,0,0,0,0,25,0,0
24111,0,0,0,2,5,60,0,0,0,0,0,0
24112,0,0,0,0,3,65,0,0,0,0,0,0
24113,0,0,0,0,0,2,0,0,0,0,0,0
24114,0,0,0,0,0,0,0,1,0,0,0,0
24115,0,0,0,0,1,180,0,0,0,0,0,0
24116,0,0,0,0,9,0,39,455,1,0,0,0
24117,0,0,0,0,0,0,0,0,0,7,198,5
24118,102,52,11,0,0,0,0,0,0,0,0,0
24119,0,0,0,0,0,0,0,0,0,38,0,0
24120,16,19,1,0,0,0,0,0,0,0,0,0
24121,22,48,2,0,0,0,0,0,0,0,0,0
24122,1,14,3,0,0,0,0,0,0,0,0,0
24123,2,77,11,0,0,0,1,0,0,0,0,0
24124,11,1,0,6,7,0,1601,2596,13,0,0,0
24125,0,0,0,0,1,44,0,0,0,0,0,0
24126,0,0,0,0,0,310,0,0,0,0,1,0
24127,0,0,0,5,0,134,0,0,0,0,0,0
24128,2,9,1,0,0,0,0,0,0,0,0,0
24129,4,297,3,0,0,0,2,0,0,0,0,0
24130,0,0,49858,2,0,150,0,0,0,50025,30136,11
24131,0,0,0,0,0,0,13,10,2,0,0,0
24132,0,0,0,0,0,0,3,9,2,0,0,0
24133,0,0,0,0,0,4,0,0,0,39,815,1
24134,0,0,0,0,0,0,0,0,0,68,192,22
24135,0,0,0,17,0,2,0,0,0,0,0,0
24136,0,0,0,11,1,316,0,0,0,0,0,0
24137,4,46,0,0,0,0,0,0,0,0,0,0
24138,0,1,113,0,0,2,0,0,0,9956,5343,26
24139,0,0,0,31,94,157,0,0,0,0,0,0
24140,0,0,0,0,0,0,192,77,131,0,0,1
24141,0,0,0,1,2,26,0,0,0,0,0,0
24142,0,0,0,16,24,112,0,0,0,0,0,0
24143,0,0,0,0,7,101,0,0,0,0,0,0
24144,0,0,0,0,0,12,0,0,0,0,0,0
24145,0,0,0,0,0,0,229,4,2,0,0,0
24146,0,0,0,0,0,0,0,0,0,3,113,22
24147,0,0,0,0,0,0,0,0,0,6,6,0
24148,13,52,3,0,0,0,3,0,0,0,0,0
24149,0,0,0,0,0,0,0,0,0,4,53,0
24150,0,0,0,0,0,0,0,0,0,1,9,0
24151,0,0,0,6,71,53,0,0,0,0,0,0
24152,0,0,0,1,5,43,0,0,0,0,0,0
24153,0,0,0,0,0,4,0,0,0,0,0,0
24154,0,0,0,0,0,0,140,25,2,0,0,0
24155,0,0,0,0,0,0,0,0,0,4,51,0
24156,0,0,0,0,0,7,0,0,0,0,0,0
24157,0,0,1,0,0,6,0,0,0,21,308,0
24158,11,0,1,0,0,0,0,0,0,0,0,0
24159,0,0,0,0,0,0,0,0,0,2,5,1
24160,131,61,7,0,0,0,0,0,0,0,0,0
24161,0,1,0,0,0,0,59,83,0,0,0,0
24162,8,104,21,0,0,0,0,0,0,0,0,0
24163,0,0,0,13,7,320,0,0,0,0,2,0
24164,0,0,0,0,0,0,16,1,0,0,0,0
24165,10,12,5,0,0,0,0,0,0,0,0,0
24166,13,92,16,0,0,0,0,0,0,0,0,0
24167,4,1,2,0,0,0,0,0,0,0,0,0
24168,0,0,0,0,3,1,0,0,0,0,0,0
24169,0,0,0,0,0,0,2,105,21,0,0,0
24170,2,595,3,0,0,0,3,0,0,0,0,0
24171,0,0,0,0,15,49,0,0,0,0,0,0
24172,0,0,0,115,1,267,0,0,0,0,1,0
24173,0,0,0,0,0,0,9,774,2,0,0,0
24174,0,0,0,0,0,0,0,0,0,1,531,8
24175,0,0,0,24,31,375,0,0,0,0,0,0
24176,0,0,0,0,0,0,0,0,0,3,1,1
24177,34,1,0,0,0,0,0,0,0,0,0,0
24178,0,167,4,0,0,0,0,0,0,0,0,0
24179,0,0,0,0,0,10,0,0,0,0,0,0
24180,1,0,0,0,0,0,0,0,0,0,0,0
24181,0,0,0,0,0,3,0,0,0,0,1098,0
24182,4,9,0,0,0,0,0,0,0,0,0,0
24183,0,0,0,0,0,0,0,0,0,23,131,1
24184,0,0,0,54,71,182,0,0,0,0,0,0
24185,0,0,0,3,24,2,0,0,0,0,0,0
24186,0,0,0,0,0,0,0,0,0,1,27,0
24187,1,0,0,56,8,84,0,0,0,0,0,0
24188,0,0,0,0,0,0,15,56,0,0,0,0
24189,0,0,0,0,0,0,0,0,0,0,9,0
24190,151,456,34,0,0,0,0,0,0,0,0,0
24191,0,0,0,0,0,0,0,0,0,28,104,1
24192,0,0,0,0,2,2,0,0,0,0,0,0
24193,0,3,0,0,5,0,285,1244,215,0,0,0
24194,0,0,0,1,3,349,0,0,0,0,1,0
24195,0,0,0,0,0,8,0,0,0,0,0,0
24196,1,150,0,0,0,0,0,0,0,0,0,0
24197,0,0,0,0,19,0,322,4597,4,0,0,0
24198,0,0,0,0,0,6,0,0,0,0,962,14
24199,0,4,0,0,4,0,1382,956,21,0,0,0
24200,0,0,0,0,0,0,3,3,0,0,0,0
24201,0,0,0,0,0,0,0,1,1,0,0,0
24202,0,0,0,31,0,299,0,0,0,0,1,0
24203,1,10,0,0,0,0,0,0,0,0,0,0
24204,0,0,0,0,0,0,0,0,0,0,21,0
24205,263,44,0,0,0,0,0,0,0,0,0,0
24206,4,94,1,0,0,0,6,0,0,0,0,0
24207,0,0,0,0,1,16,0,0,0,0,0,0
24208,0,0,0,0,1,539,0,0,0,13,87755,0
24209,13,17,0,0,0,0,0,0,0,0,0,0
24210,0,0,0,0,0,0,0,0,0,2,357,27
24211,0,0,0,6,95,86,0,0,0,0,0,0
24212,0,0,0,4,35,2,0,0,0,0,0,0
24213,0,0,0,0,0,0,0,0,0,4,525,32
24214,0,0,0,68,27,178,0,0,0,0,9,0
24215,0,0,0,0,0,0,12,15,1,0,0,0
24216,0,0,0,0,0,0,9,8,1,0,0,0
24217,0,0,0,1,2,84,0,0,0,0,1,0
24218,0,0,0,1,1,0,0,0,0,0,0,0
24219,0,0,0,0,0,0,50,135,0,0,0,0
24220,0,0,0,0,0,0,0,68,1,0,0,0
24221,1,34,0,0,0,0,0,0,0,0,0,0
24222,0,0,0,0,0,0,0,0,0,0,4,1
24223,0,0,0,0,0,2,0,0,0,456,556,4
24224,0,0,0,0,5,2048,0,0,0,0,28,0
24225,0,0,0,1,0,5,0,0,0,0,0,0
24226,0,0,0,20,2,72,0,0,0,0,1,0
24227,0,0,0,0,0,0,9,10,0,0,0,0
24228,0,0,0,0,0,0,0,10,0,0,0,0
24229,0,0,0,4,1,45,0,0,0,0,0,0
24230,0,0,0,0,0,0,51,32,1,0,0,0
24231,0,0,0,0,0,0,0,0,0,0,145,1
24232,103,362,51,0,0,0,0,0,0,0,0,0
24233,0,0,0,0,0,0,9,2,0,0,0,0
24234,0,0,0,0,0,0,139,4,0,0,0,0
24235,0,0,0,3,2,81,0,0,0,0,0,0
24236,0,0,0,0,2,0,5,620,1,0,0,0
24237,0,0,0,0,0,0,0,0,0,0,971,0
24238,0,0,0,41,7,100,0,0,0,0,0,0
24239,0,0,0,0,2,0,4,143,3,0,0,0
24240,0,0,0,0,0,0,0,0,0,1,247,3
24241,115,207,24,0,0,0,1,0,0,0,0,0
24242,0,0,0,0,1,161,0,0,0,0,0,0
24243,0,0,0,0,0,12,0,0,0,0,0,0
24244,3,152,0,0,0,0,0,0,0,0,0,0
24245,0,0,0,0,0,0,0,0,0,3,2,3
24246,3,0,0,0,0,0,0,0,0,0,0,0
24247,13,70,1,0,0,0,0,0,0,0,0,0
24248,12,26,8,0,0,0,0,0,0,0,0,0
24249,0,0,0,0,0,82,0,0,0,0,0,0
24250,1,11,0,0,0,0,0,0,0,0,0,0
24251,0,0,0,0,0,0,0,0,0,0,1,0
24252,0,0,0,0,0,0,0,0,0,0,1,0
24253,983,123,5,2,0,0,0,0,0,0,0,0
24254,0,0,0,0,0,2,0,0,0,0,0,0
24255,0,0,0,0,0,0,0,0,0,0,0,0
24256,0,0,0,0,0,107,0,0,0,0,0,0
24257,0,0,0,0,24,0,9,1751,2,0,0,0
24258,0,0,0,0,0,0,0,0,0,0,19,1
24259,0,0,0,7,1,302,0,0,0,0,30,0
24260,14,0,2,0,0,0,0,0,0,0,0,0
24261,0,0,0,4,0,2,0,0,0,0,0,0
24262,0,0,0,0,0,0,12,125,2,0,0,0
24263,0,0,0,0,0,0,0,0,0,0,1,0
24264,0,0,0,0,0,0,0,0,0,0,0,0
24265,0,16,0,0,0,0,0,0,0,0,0,0
24266,3,9,4,0,0,0,0,0,0,0,0,0
24267,0,0,0,0,0,2,0,0,0,0,0,0
24268,0,0,0,0,0,0,14,40,0,0,0,0
24269,0,0,0,0,0,0,1,125,1,0,0,0
24270,0,0,0,0,0,0,0,0,0,1,4,0
24271,0,0,0,2,2,118,0,0,0,0,2,0
24272,0,0,0,1,0,30,0,0,0,0,0,0
24273,17,0,4,0,0,0,0,0,0,0,0,0
24274,0,0,0,0,0,194,0,0,0,0,0,0
24275,0,1,18,0,0,0,0,0,0,1,0,0
24276,0,0,0,0,0,0,1,0,0,0,0,0
24277,0,0,0,0,0,0,73,2,1,0,0,0
24278,0,0,0,1,1,1,0,0,0,0,0,0
24279,0,0,0,1,0,0,0,0,0,0,0,0
24280,0,0,0,1,0,261,0,0,0,0,0,0
24281,1,0,0,0,0,0,0,0,0,0,0,0
24282,0,24,20,0,0,0,0,0,0,0,0,0
24283,0,0,0,0,0,296,0,0,0,0,4,0
24284,0,0,0,0,0,0,5,9,1,0,0,0
24285,0,0,0,0,0,0,0,3,0,0,0,0
24286,0,0,0,0,1,94,0,0,0,0,0,0
24287,1,503,0,0,0,0,0,0,0,0,0,0
24288,0,0,0,0,0,1,0,0,0,0,0,0
24289,0,0,0,42,2,505,0,0,0,0,1,0
24290,0,0,0,0,0,0,1,0,1,0,0,0
24291,0,0,0,0,0,0,2,1,3,0,0,0
24292,58,165,22,0,0,0,0,0,0,0,0,0
24293,0,0,0,0,0,0,151,5,2,0,0,0
24294,0,0,0,0,0,3,0,0,0,0,0,0
24295,0,0,0,5,1,99,0,0,0,0,0,0
24296,2,31,0,0,0,0,0,0,0,0,0,0
24297,0,0,0,0,0,0,0,0,0,6,69,1
24298,65,94,4,0,0,0,0,0,0,0,0,0
24299,0,0,0,0,0,0,0,0,0,2,5,6
24300,9,3,1,0,0,0,0,0,0,0,0,0
24301,0,0,1,0,0,0,98,204,29,0,0,0
24302,11,12,4,0,0,0,0,0,0,0,0,0
24303,4,26,1,0,0,0,0,0,0,0,0,0
24304,0,0,0,0,0,185,0,0,0,0,0,0
24305,0,0,0,0,0,0,133,21,5,0,0,0
24306,0,0,0,0,0,2,0,0,0,0,0,0
24307,0,0,0,1,186,26,0,0,0,0,0,0
24308,0,0,0,0,0,0,0,0,0,1,3,1
24309,0,0,0,0,0,0,0,0,0,0,0,0
24310,0,0,0,0,0,1,0,0,0,14,183,4
24311,0,0,0,0,0,8,0,0,0,0,0,0
24312,9,1,0,0,0,0,0,0,0,0,0,0
24313,0,0,0,0,0,204,0,0,0,0,0,0
24314,0,2,0,0,0,0,8,0,7,0,0,0
24315,8,9,9,0,0,0,0,0,0,0,0,0
24316,0,0,0,0,0,0,320,46,4,0,0,0
24317,1,1,3,0,0,0,0,0,0,0,0,0
24318,2,1,0,0,0,0,0,0,0,0,0,0
24319,0,0,0,0,0,3,0,0,0,0,981,0
24320,0,0,0,0,0,0,0,0,0,0,4,1
24321,0,1,1,0,0,0,0,0,0,0,0,0
24322,2,8,2,0,0,0,0,0,0,0,0,0
24323,1,3,6,0,0,0,0,0,0,0,0,0
24324,2,17,0,0,0,0,0,0,0,0,0,0
24325,3,122,8,0,0,0,1,0,0,0,0,0
24326,0,0,0,48,1,71,0,0,0,0,0,0
24327,0,0,0,0,0,28,0,0,0,0,0,0
24328,0,0,0,0,0,0,49,695,211,0,0,0
24329,2,14,14,0,0,0,0,0,0,0,0,0
24330,0,0,0,0,0,0,0,0,0,0,0,0
24331,0,0,0,371,3,100,0,0,0,0,0,0
24332,0,0,0,0,0,0,25,569,1,0,0,0
24333,0,0,0,0,0,0,0,0,0,1,169,2
24334,0,0,0,0,0,69,0,0,5,41,11307,302
24335,26,18,5,0,0,0,0,0,0,0,0,0
24336,8,30,1,0,0,0,0,0,0,0,0,0
24337,0,0,0,0,0,2,0,0,0,8,2987,0
24338,0,0,0,0,0,0,0,0,0,6,5,10
24339,20,6,0,0,0,0,0,0,0,0,0,0
24340,7,56,25,0,0,0,0,0,0,0,0,0
24341,0,0,0,0,1,3,0,0,0,0,0,0
24342,0,0,0,1,0,2,0,0,0,0,0,0
24343,0,0,0,0,0,35,0,0,0,0,0,0
24344,1,3,0,0,0,0,0,0,0,0,0,0
24345,1,0,1,0,0,0,0,0,0,0,0,0
24346,0,0,0,0,0,122,0,0,0,0,0,0
24347,6,42,2,0,0,0,0,0,0,0,0,0
24348,0,0,0,0,1,0,54,848,1445,0,0,4
24349,0,0,0,12,9,20368,0,0,0,0,270,0
24350,0,0,0,0,0,0,1,4,2,0,0,0
24351,0,0,0,0,0,0,0,0,0,2,97,3
24352,0,0,0,3,12,215,0,1,0,0,2,0
24353,2,121,3,0,0,0,0,0,0,0,0,0
24354,0,0,0,0,1,2,0,0,0,0,0,0
24355,0,0,0,50,8,92,0,0,0,0,0,0
24356,0,0,0,0,0,0,97,94,39,0,0,0
24357,0,0,0,0,1,0,58,220,3,0,0,0
24358,0,0,2,0,0,0,0,0,0,1060,157,0
24359,0,7,10,0,0,0,0,0,0,0,0,0
24360,8,23,1,0,0,0,0,0,0,0,0,0
24361,2,126,2,0,0,0,1,0,0,0,0,0
24362,1,78,24,0,0,0,1,0,0,0,0,0
24363,0,0,0,1,1,7,0,0,0,0,0,0
24364,0,0,0,49,37,636,0,0,0,0,1,0
24365,0,0,0,0,0,0,0,0,0,5,4,7
24366,9,15,0,0,0,0,0,0,0,0,0,0
24367,1,159,1,0,0,0,0,0,0,0,0,0
24368,0,7,0,0,10,0,725,3166,1044,0,0,3
24369,70,210,17,4,0,0,0,1,0,0,0,0
24370,0,0,0,0,0,13,0,0,0,61,3439,36
24371,0,0,0,78,103,0,0,0,0,0,0,0
24372,0,0,0,0,0,1,0,0,0,2,155,0
24373,29,418,35,0,0,0,5,0,0,0,0,0
24374,0,0,0,0,0,9,0,0,0,84,2818,4
24375,0,0,0,1,0,11,0,0,0,0,0,0
24376,0,0,0,6,9,308,0,0,0,0,2,0
24377,0,0,0,2,7,3,0,0,0,0,0,0
24378,0,0,0,0,0,84,0,0,0,96,6223,4
24379,0,0,0,31,37,102,0,0,0,0,0,0
24380,0,0,0,6,65,0,0,0,0,0,0,0
24381,0,0,0,0,0,1,0,0,0,34,1626,6
24382,0,0,3,0,0,48,0,0,0,579,4801,60
24383,61,100,0,0,0,0,0,0,0,0,0,0
24384,0,0,0,0,0,0,0,0,0,3,107,2
24385,363,139,9,1,0,0,0,0,0,0,0,0
24386,0,0,0,0,3,0,68,784,0,0,0,0
24387,0,0,0,0,0,0,0,0,0,1,154,0
24388,98,79,25,0,0,0,0,0,0,0,0,0
24389,0,0,0,0,0,0,0,0,0,0,0,0
24390,0,0,0,0,0,0,0,0,0,0,0,0
24391,0,0,0,53,22,30,0,0,0,0,0,0
24392,0,0,0,0,1,0,3,20,0,0,0,0
24393,0,0,0,0,0,0,0,0,0,0,12,0
24394,17,143,5,0,0,0,0,0,0,0,0,0
24395,0,0,0,0,0,0,0,0,0,15,73,0
24396,0,0,0,0,0,0,0,0,0,0,0,0
24397,1,0,0,318,19,78,0,0,0,0,0,0
24398,0,1,0,0,0,0,535,0,16,0,0,0
24399,0,0,0,0,2,0,63,373,41,0,0,0
24400,151,97,13,2,0,0,1,0,0,0,0,0
24401,0,6,2,0,0,0,0,0,0,0,0,0
24402,23,51,154,0,0,0,0,0,0,0,0,0
24403,2,25,5,0,0,0,0,0,0,0,0,0
24404,0,0,0,0,0,0,0,0,0,56,3,1
24405,0,0,0,0,0,2,0,0,0,0,0,0
24406,0,0,0,30,94,216,0,0,0,0,9,0
24407,0,0,0,0,0,0,0,0,0,11,1,16
24408,11,12,0,0,0,0,0,0,0,0,0,0
24409,0,43,0,0,0,0,0,0,0,0,0,0
24410,0,0,0,0,0,0,0,0,0,0,0,0
24411,11,39,14,0,0,0,0,0,0,0,0,0
24412,0,0,0,0,3,322,0,0,0,0,0,0
24413,0,0,0,0,0,0,2,14,0,0,0,0
24414,0,0,0,1,1,1,0,0,0,0,0,0
24415,0,3,0,0,15,0,363,1144,8,0,0,0
24416,0,0,0,0,0,0,58,42,1,0,0,0
24417,0,0,0,2,0,12,0,0,0,0,0,0
24418,0,0,34,0,0,1,0,0,0,110,1451,3
24419,1,0,0,0,0,0,0,0,0,0,0,0
24420,0,0,0,0,0,0,0,0,0,0,0,0
24421,0,0,0,0,0,0,0,0,0,0,424,1
24422,0,0,0,0,0,0,0,0,0,72,2,0
24423,69,15,1,0,0,0,0,0,0,0,0,0
24424,50175,90,4,38,1,1,0,0,0,0,0,0
24425,0,0,20,0,0,0,0,0,0,0,0,0
24426,3,1,3,0,0,0,0,0,0,0,0,0
24427,0,0,0,0,1,233,0,0,0,0,5,0
24428,0,0,0,0,0,0,0,13,1,0,0,0
24429,0,0,0,0,0,0,0,0,0,0,3,0
24430,88,106,8,0,0,0,1,0,0,0,0,0
24431,0,0,0,0,0,0,0,0,0,3,0,8
24432,555,6586,0,0,0,0,154,1,0,0,0,0
24433,9,60,13,0,0,0,0,0,0,0,0,0
24434,0,0,0,0,0,0,1,89,0,0,0,0
24435,0,0,0,0,0,0,0,0,0,0,9,0
24436,0,0,0,1,34,43,0,0,0,0,0,0
24437,0,0,0,0,2,102,0,0,0,0,0,0
24438,0,0,0,0,0,1,0,0,0,0,0,0
24439,4,43,0,0,0,0,0,0,0,0,0,0
24440,2,5,1,0,0,0,0,0,0,0,0,0
24441,0,8,1,0,0,0,0,0,0,0,0,0
24442,0,0,0,0,0,13,0,0,0,48,4065,7
24443,23,64,2,0,0,0,0,0,0,0,0,0
24444,0,0,0,0,0,0,0,0,0,0,485,0
24445,0,0,0,0,2,0,190,460,36,0,0,0
24446,0,0,0,0,0,0,0,0,0,0,1,0
24447,0,0,0,0,0,0,0,0,0,0,0,0
24448,0,0,0,7,0,159,0,0,0,0,1,0
24449,0,0,0,0,0,0,29,12,0,0,0,0
24450,0,0,0,0,1,10,0,0,0,0,0,0
24451,0,0,0,7,1,84,0,0,0,0,0,0
24452,1,3,0,0,0,0,0,0,0,0,0,0
24453,7,44,1,0,0,0,0,0,0,0,0,0
24454,3,18,4,0,0,0,0,0,0,0,0,0
24455,0,0,0,0,0,0,0,0,0,1,5,1
24456,0,0,0,0,0,0,0,0,0,0,0,0
24457,0,24,0,0,0,0,0,0,0,0,0,0
24458,0,0,0,0,0,0,0,0,0,3,3,0
24459,0,0,0,0,0,1,0,0,0,0,0,0
24460,0,0,0,2,2,307,0,0,0,0,0,0
24461,1,20,3,0,0,0,0,0,0,0,0,0
24462,0,0,0,0,0,0,14,14,41,0,0,0
24463,0,0,0,0,0,5,0,0,0,10,227,1
24464,0,0,0,0,1,0,0,0,0,0,0,0
24465,0,0,0,0,0,0,0,0,0,2,16,0
24466,0,0,0,0,0,2,0,0,0,23,388,9
24467,0,0,1,0,0,0,0,0,0,0,0,0
24468,2,42,7,0,0,0,0,0,0,0,0,0
24469,46,1,0,50210,20,301,0,0,0,0,1,0
24470,0,0,0,0,0,0,0,0,0,0,0,0
24471,0,0,0,1,0,1,0,0,0,0,0,0
24472,0,0,0,0,0,74,0,0,0,0,0,0
24473,0,0,0,0,0,0,0,4,1,0,0,0
24474,0,0,0,0,0,0,1,6,0,0,0,0
24475,0,0,0,9,74,46,0,0,0,0,1,0
24476,0,0,0,0,0,0,1,4,0,0,0,0
24477,0,0,0,0,0,0,0,0,0,1,3,0
24478,61,61,6,1,0,0,1,0,0,0,0,0
24479,4,0,0,0,0,0,0,0,0,0,0,0
24480,0,0,0,0,0,2,0,0,0,0,0,0
24481,0,0,0,1,1,115,0,0,0,0,0,0
24482,0,0,0,0,0,1,0,0,0,0,0,0
24483,0,0,0,0,0,0,0,0,0,0,4,0
24484,73,134,6,1,0,0,1,0,0,0,0,0
24485,0,1,0,0,0,0,0,0,0,0,0,0
24486,0,3,0,0,0,0,20,4,0,0,0,0
24487,0,0,0,0,0,29,0,0,0,0,0,0
24488,0,0,0,0,0,0,23,81,1,0,0,0
24489,0,0,0,0,2,15,0,0,0,0,0,0
24490,0,0,0,0,34,33,0,0,0,0,0,0
24491,0,0,0,0,0,181,0,0,0,0,0,0
24492,0,0,0,0,0,0,0,0,0,0,0,0
24493,3,42,0,0,0,0,0,0,0,0,0,0
24494,6,4,8,0,0,0,0,0,0,0,0,0
24495,1,673,3,0,0,0,0,0,0,0,0,0
24496,0,0,0,0,0,195,0,0,0,0,0,0
24497,0,0,0,0,0,0,2,70,28,0,0,0
24498,21,0,0,0,0,0,0,0,0,0,0,0
24499,0,0,0,394,7,1208,0,0,0,0,6,0
24500,0,3,0,0,0,0,0,0,0,0,0,0
24501,0,0,0,0,0,1,0,0,0,0,0,0
24502,0,0,0,0,0,0,0,0,0,168,570,0
24503,0,0,0,0,0,75,0,0,0,49,50155,0
24504,0,0,0,1,0,7,0,0,0,0,0,0
24505,0,0,0,14,11,80,0,0,0,0,1,0
24506,0,0,0,1,314797,2,1,1176,3,0,0,0
24507,0,0,0,0,0,0,0,0,0,0,139,0
24508,9,297,4,0,0,0,2,0,0,0,0,0
24509,0,0,0,0,0,1,0,0,0,0,5,0
24510,0,0,0,0,0,0,1,1,0,0,0,0
24511,0,0,0,1,15,251,0,0,0,0,0,0
24512,0,0,0,0,0,0,0,0,0,0,4,0
24513,0,0,0,0,2,2,0,0,0,0,0,0
24514,0,0,0,327,5,66,0,0,0,0,0,0
24515,0,0,0,0,0,0,17,1,1,0,0,0
24516,4,5,0,0,0,0,0,0,0,0,0,0
24517,0,0,0,0,0,2,0,0,0,4,503,0
24518,0,5,11,0,0,0,0,0,0,0,0,0
24519,2,37,4,0,0,0,0,0,0,0,0,0
24520,8,49,44,0,0,0,0,0,0,0,0,0
24521,0,0,0,0,0,0,9,54,9,0,0,0
24522,0,0,0,0,0,2,0,0,0,0,0,0
24523,0,0,0,23,18,94,0,0,0,0,0,0
24524,0,0,0,0,0,0,0,0,0,0,0,0
24525,2,2,3,0,0,0,0,0,0,0,0,0
24526,0,1,0,0,0,0,295,5,0,0,0,0
24527,0,0,0,0,0,0,1,8,0,0,0,0
24528,0,0,0,0,0,0,0,0,0,1,1,3
24529,0,0,0,7,10,114,0,0,0,0,0,0
24530,0,0,0,0,0,0,0,0,10,0,0,0
24531,0,2,11,0,0,0,0,0,0,0,0,0
24532,21,74,37,0,0,0,0,0,0,0,0,0
24533,0,0,0,0,0,0,0,8,2,0,0,0
24534,0,0,0,0,6,0,0,0,0,0,0,0
24535,0,0,0,1,3,0,95,1319,4,0,0,0
24536,0,0,0,0,0,0,0,0,0,0,3,0
24537,0,0,0,0,0,0,0,0,0,0,0,0
24538,1,138,2,0,0,0,2,0,0,0,0,0
24539,1,17,1,0,0,0,0,0,0,0,0,0
24540,0,0,0,1,0,0,0,0,0,0,0,0
24541,0,0,0,63,1,126,0,0,0,0,0,0
24542,0,0,0,0,0,0,3,2,0,0,0,0
24543,0,0,0,0,0,0,0,0,0,0,0,0
24544,0,0,0,0,0,156,0,0,0,0,0,0
24545,0,1,14,0,0,0,0,0,0,0,0,0
24546,0,0,0,0,0,0,1,3,1,0,0,0
24547,0,0,0,0,0,0,486,0,0,0,0,0
24548,0,0,0,0,0,22,0,0,0,0,0,0
24549,0,0,0,0,0,5,0,0,0,0,0,0
24550,0,0,0,0,0,0,127,0,0,0,0,0
24551,0,14,0,0,0,0,0,0,0,0,0,0
24552,0,0,0,0,0,0,0,0,0,0,0,0
24553,0,0,0,0,0,1,0,0,0,14,345,0
24554,3,7,0,0,0,0,0,0,0,0,0,0
24555,0,0,0,0,0,0,0,0,0,0,113,0
24556,34,79,10,0,0,0,0,0,0,0,0,0
24557,0,0,0,0,0,0,0,14,1,0,0,0
24558,0,0,0,0,0,0,0,3,3,0,0,0
24559,0,0,0,0,0,1,0,0,0,14,211,0
24560,0,0,85,0,0,0,0,0,0,0,0,0
24561,0,0,0,0,0,0,1,2,0,0,0,0
24562,1,18,0,0,0,0,0,0,0,0,0,0
24563,0,0,0,0,0,0,0,0,0,3,16,0
24564,0,0,0,0,0,1,0,0,0,0,0,0
24565,0,0,0,9,8,390,0,0,0,0,3,0
24566,0,0,0,0,0,0,0,0,0,3,5,7
24567,6,0,0,0,0,0,0,0,0,0,0,0
24568,8,83,6,0,0,0,0,0,0,0,0,0
24569,1,2,0,0,0,0,0,0,0,0,0,0
24570,0,0,0,0,0,0,0,7,0,0,0,0
24571,0,0,0,0,1,43,0,0,0,0,0,0
24572,0,0,0,0,0,67,0,0,0,0,0,0
24573,0,0,0,0,0,0,0,0,0,0,0,0
24574,0,0,0,0,0,0,146,11,2,0,0,0
24575,0,0,0,0,0,0,0,0,0,1,1,0
24576,11,1,0,0,0,0,0,0,0,0,0,0
24577,0,0,0,0,1,0,325,112,34,0,0,0
24578,9,44,0,0,0,0,0,0,0,0,0,0
24579,0,0,0,0,0,0,0,0,0,1,569,2
24580,22,320,14,0,0,0,2,0,0,0,0,0
24581,0,0,0,18,0,19,0,0,0,0,0,0
24582,3,2,16,0,0,0,0,0,0,0,0,0
24583,0,0,0,0,0,3372,0,0,0,0,16,0
24584,0,0,0,0,0,0,3,3,0,0,0,0
24585,0,0,0,0,0,32,0,0,0,0,0,0
24586,0,0,0,0,0,0,138,610,11,0,0,0
24587,9,32,0,0,0,0,0,0,0,0,0,0
24588,0,0,0,0,0,0,0,0,0,27,461,23
24589,0,0,0,83,17,299,0,0,0,0,1,0
24590,0,0,0,0,0,0,0,0,0,1,1,6
24591,45,4,0,0,0,0,0,0,0,0,0,0
24592,0,35,1,0,0,0,0,0,0,0,0,0
24593,0,0,0,0,0,0,0,0,0,0,4,0
24594,23,11,0,1,0,0,0,0,0,0,0,0
24595,14,304,13,0,0,0,1,0,0,0,0,0
24596,0,0,0,0,1,216,0,0,0,0,0,0
24597,0,0,0,0,0,14,0,0,0,0,0,0
24598,20,79,0,0,0,0,1,0,0,0,0,0
24599,0,2,24,0,0,0,0,0,0,0,0,0
24600,0,0,0,0,0,2,0,0,0,0,0,0
24601,0,0,0,12,0,114,0,0,0,0,1,0
24602,0,3,9,0,0,0,0,0,0,0,0,0
24603,0,1,0,0,0,0,129,21,98,0,0,0
24604,19,158,9,0,0,0,0,0,0,0,0,0
24605,0,0,0,0,0,0,2,39,0,0,0,0
24606,0,0,0,0,0,0,0,0,0,0,8,5
24607,0,0,0,7,1,59,0,0,0,0,1,0
24608,0,0,0,0,2,0,98,119,0,0,0,0
24609,0,0,0,0,0,0,0,0,0,2,214,0
24610,45,98,13,0,0,0,0,0,0,0,0,0
24611,0,0,0,0,0,0,1,1,0,0,0,0
24612,0,8,2,0,0,0,0,0,0,0,0,0
24613,10,61,3,0,0,0,0,0,0,0,0,0
24614,1,207,4,0,0,0,0,0,0,0,0,0
24615,0,0,0,0,0,6,0,0,0,0,0,0
24616,0,0,0,0,0,0,0,0,0,13,1360,14
24617,0,1,19,0,0,0,0,0,0,0,0,0
24618,0,0,0,0,0,0,0,4,5,0,0,0
24619,0,73,5,0,0,0,0,0,0,0,0,0
24620,0,0,0,0,22,0,67,4480,3,0,0,0
24621,0,0,0,0,0,0,0,0,0,21,1218,42
24622,0,0,0,0,0,0,0,0,0,0,0,0
24623,0,0,0,2,4,9,0,0,0,0,0,0
24624,0,0,0,0,0,1,0,0,0,11,166,1
24625,0,0,0,14,51,63,0,0,0,0,0,0
24626,0,0,0,0,0,0,1,146,0,0,0,0
24627,0,0,0,0,0,0,0,0,0,2,1,0
24628,0,0,0,2,2,186,0,0,0,0,2,0
24629,16,25,3,0,0,0,0,0,0,0,0,0
24630,10,107,18,0,0,0,0,0,0,0,0,0
24631,0,0,0,0,8,265,0,0,0,0,0,0
24632,0,0,0,0,0,0,0,0,0,44,172,5
24633,0,0,0,10,19,2,0,0,0,0,0,0
24634,0,0,0,24,3,73,0,0,0,0,2,0
24635,0,0,0,0,0,0,0,3,0,0,0,0
24636,0,0,0,0,0,0,0,0,2,0,1,168
24637,1,0,0,50,14,77,0,0,0,0,0,0
24638,0,0,0,0,0,0,9,329,1,0,0,0
24639,0,0,0,0,0,0,0,0,0,0,10,2
24640,0,0,0,6,3,106,0,0,0,0,0,0
24641,6,34,0,0,0,0,0,0,0,0,0,0
24642,0,0,0,0,0,513,0,0,1,29,23355,177
24643,0,0,0,10,1,35,0,0,0,0,0,0
24644,0,0,0,0,0,0,0,0,0,0,0,0
24645,1,4,0,0,0,0,0,0,0,0,0,0
24646,0,28,0,0,0,0,0,0,0,0,0,0
24647,0,18,0,0,0,0,0,0,0,0,0,0
24648,0,0,0,0,1,4,0,0,0,0,0,0
24649,0,0,0,0,0,0,3,40,1,0,0,0
24650,0,0,0,1,38,3,0,0,0,0,0,0
24651,0,0,0,0,0,0,0,0,0,2,55,0
24652,93,183,17,0,0,0,1,0,0,0,0,0
24653,0,0,0,0,0,0,0,0,3,0,0,0
24654,4,3,0,0,0,0,0,0,0,0,0,0
24655,0,0,0,0,0,0,40,16,0,0,0,0
24656,0,0,0,2,0,2,0,0,0,0,0,0
24657,0,0,0,0,0,0,1,2,0,0,0,0
24658,0,0,0,0,0,82,0,0,0,0,0,0
24659,0,0,0,0,0,0,7,8,1,0,0,0
24660,0,0,0,1,5,250,0,0,0,0,0,0
24661,2,96,6,0,0,0,0,0,0,0,0,0
24662,0,0,0,0,0,0,0,0,0,37,11,0
24663,0,0,0,0,5,0,0,0,0,0,0,0
24664,0,0,0,14,2,39,0,0,0,0,0,0
24665,0,0,0,0,0,0,1,0,1,0,0,0
24666,0,0,0,0,0,0,1,84,1,0,0,0
24667,1,74,23,0,0,0,2,0,0,0,0,0
24668,0,0,0,0,0,0,0,0,0,1,1,0
24669,1,0,0,0,0,0,0,0,0,0,0,0
24670,1,97,5,0,0,0,0,0,0,0,0,0
24671,0,0,0,1,1,0,0,0,0,0,0,0
24672,0,0,0,0,0,0,0,0,0,1,8,0
24673,38,1210,3,0,0,0,2,0,0,0,0,0
24674,0,5,5,0,0,0,0,0,0,0,0,0
24675,28,115,65,0,0,0,0,0,0,1,0,0
24676,4,32,55,0,0,0,0,0,0,0,0,0
24677,1,6,52,0,0,0,0,0,0,0,0,0
24678,0,0,0,0,0,0,4,3,1,0,0,0
24679,4,180,1,0,0,0,2,0,0,0,0,0
24680,0,0,0,0,4,0,30,275,1,0,0,0
24681,0,0,0,0,2,52,0,0,0,0,0,0
24682,0,0,0,49,7,122,0,0,0,0,0,0
24683,0,0,0,0,0,0,50,3,0,0,0,0
24684,0,40,2,0,0,0,0,0,0,0,0,0
24685,0,0,0,1,7,396,0,0,0,0,2,0
24686,0,0,0,3,2,61,0,0,0,0,0,0
24687,0,0,0,1,0,4,0,0,0,0,0,0
24688,0,0,0,1,1,260,0,0,0,0,0,0
24689,0,0,0,1,0,1,0,0,0,0,0,0
24690,0,0,0,0,0,0,0,4,1,0,0,0
24691,0,0,0,0,1,113,0,0,0,0,0,0
24692,0,0,0,0,0,0,0,1,1,0,0,0
24693,0,0,0,0,0,0,4,2,4,0,0,0
24694,224,125,48,0,0,0,0,0,0,0,0,0
24695,0,19,28,0,0,0,0,0,0,0,0,0
24696,38,228,23,0,0,0,2,3,0,0,0,0
24697,0,6,0,0,1,0,1029,251,1,0,0,0
24698,0,0,0,0,0,0,18,5,0,0,0,0
24699,0,0,0,0,0,0,41,0,1,0,0,0
24700,0,0,0,0,0,12,0,0,0,30,1915,2
24701,0,0,0,0,1,223,0,0,0,0,5,0
24702,21,22,0,0,0,0,0,0,0,0,0,0
24703,0,0,0,0,0,411,0,0,0,0,1,0
24704,0,0,0,0,0,0,0,0,0,0,11,0
24705,0,0,0,0,0,0,0,0,0,0,0,0
24706,0,0,0,0,0,476,0,0,0,0,11,0
24707,0,0,31,0,0,0,0,0,0,773,21,14
24708,0,0,0,1,0,1,0,0,0,0,0,0
24709,0,0,0,3,1,134,0,0,0,0,0,0
24710,24,41,4,0,0,0,0,0,0,0,0,0
24711,0,0,0,0,0,33,0,0,0,0,0,0
24712,0,0,0,0,2,0,98,272,19,0,0,0
24713,0,0,0,0,0,1,0,0,0,0,0,0
24714,0,0,0,0,0,0,0,0,0,0,1,0
24715,0,0,1,0,0,12,0,0,1,203,774,8
24716,0,0,0,21,7,135,0,0,0,0,4,0
24717,231,0,0,234,1,1,0,0,0,0,0,0
24718,0,0,0,0,0,3,0,0,0,53,559,0
24719,0,0,0,0,0,0,0,0,0,2,4,1
24720,0,0,0,0,0,0,0,0,0,0,4,0
24721,2,0,0,67,24,372,0,0,0,0,0,0
24722,0,0,0,0,0,0,0,0,0,1,2,0
24723,13,1,0,0,0,0,0,0,0,0,0,0
24724,0,1,0,0,0,0,268,1,1,0,0,0
24725,0,0,0,1,19,4,0,0,0,0,0,0
24726,0,0,0,0,0,0,0,0,0,0,64,0
24727,319,130,14,1,0,0,1,0,0,0,0,0
24728,0,0,0,0,0,0,3,2,1,0,0,0
24729,0,0,0,0,0,0,0,0,0,2,81,0
24730,11,179,6,0,0,0,0,0,0,0,0,0
24731,0,0,0,0,0,0,0,0,0,1,2,0
24732,0,0,0,0,0,0,0,0,0,0,9,1
24733,0,0,0,21,47,571,0,0,0,0,18,0
24734,0,0,0,0,0,0,0,0,0,18,596,0
24735,9,53,0,0,0,0,0,0,0,0,0,0
24736,0,0,0,3,2,150,0,0,0,0,0,0
24737,0,0,0,0,0,0,1,1,1,0,0,0
24738,0,0,0,0,0,0,0,1,0,0,0,0
24739,0,0,0,3,4,71,0,0,0,0,0,0
24740,0,0,0,0,0,0,71,54,2,0,0,0
24741,0,0,0,0,0,19,0,0,0,0,0,0
24742,139,195,16,0,0,0,1,0,0,0,0,0
24743,0,0,0,0,0,0,39,32,0,0,0,0
24744,0,0,0,0,0,13,0,0,0,0,0,0
24745,0,0,0,0,0,149,0,0,0,45,3513,9
24746,0,0,0,0,1,81,0,0,0,0,0,0
24747,0,0,0,4,0,2,0,0,0,0,0,0
24748,0,0,0,0,0,12,0,0,0,15,3214,4
24749,0,0,0,5,17,76,0,0,0,0,0,0
24750,0,0,0,0,0,1,0,0,0,0,0,0
24751,0,0,0,0,1,0,196,1485,21,0,0,0
24752,0,0,0,0,0,0,0,0,0,0,0,0
24753,0,0,0,0,0,0,0,0,0,0,0,0
24754,0,0,0,0,0,207,0,0,0,0,1,0
24755,0,0,0,0,0,0,34,287,6,0,0,0
24756,0,0,0,0,0,89,0,0,0,0,1,0
24757,0,0,0,0,1,0,72,1988,30,0,0,0
24758,12,17,0,0,0,0,0,0,0,0,0,0
24759,0,0,1,0,0,0,0,0,0,111,16,8
24760,0,0,0,3,182,231,0,0,0,0,0,0
24761,0,0,0,0,0,4,0,0,0,0,0,0
24762,27,4,1,0,0,0,0,0,0,0,0,0
24763,0,0,0,0,0,683,0,0,0,0,2,0
24764,0,2,0,0,1,0,169,419,16,0,0,0
24765,0,0,0,0,2,27,0,0,0,0,0,0
24766,0,0,0,0,0,0,0,0,0,12,542,2
24767,0,0,0,0,0,0,0,0,0,63,359,2
24768,0,0,0,0,0,0,0,0,0,25,9,0
24769,0,0,0,16,6,588,0,0,0,0,4,0
24770,0,0,0,0,6,0,109,1512,2,0,0,0
24771,0,0,0,0,0,29,0,0,0,16,1222,7
24772,12,168,10,0,0,0,6,0,0,3,0,0
24773,0,0,1,0,0,0,0,0,0,64,7,13
24774,341,60,5,7,0,0,0,0,0,0,0,0
24775,812,2189,25,71,0,0,5,0,0,0,0,0
24776,0,0,0,0,0,0,97,0,65,0,0,0
24777,10,8,21,0,0,0,0,0,0,0,0,0
24778,17,75,25,0,0,0,0,0,0,0,0,0
24779,0,162,14,0,0,0,1,0,0,0,0,0
24780,431,80,984,1,0,0,0,0,0,36,0,0
24781,0,9,0,0,4,0,420,2143,2327,0,0,5
24782,42,146,29,0,0,0,0,0,0,0,0,0
24783,16,7723,4,0,0,0,66,0,0,0,0,0
24784,0,0,0,0,0,3,0,0,0,43,656,9
24785,0,0,0,0,10,60,0,0,0,0,0,0
24786,0,0,0,11,6,4,0,0,0,0,0,0
24787,0,0,0,0,0,3,0,0,0,17,493,1
24788,177,25,3,1,0,0,0,0,0,0,0,0
24789,0,0,0,0,0,0,0,0,0,5,349,2
24790,42,791,67,0,0,0,1,2,1,1,0,0
24791,2,26,0,0,0,0,0,0,0,0,0,0
24792,0,0,0,0,0,0,0,0,0,2,102,20
24793,0,0,0,56,7,134,0,0,0,0,0,0
24794,0,1,0,0,22,0,412,10420,3,0,0,0
24795,0,0,0,0,0,1,0,0,0,4,539,1
24796,0,0,0,22,114,456,0,0,0,0,2,0
24797,0,0,0,0,0,0,0,0,0,138,630,4
24798,0,0,0,0,0,0,0,0,0,2,19,0
24799,2,0,0,97,17,172,0,0,0,0,0,0
24800,0,0,0,0,0,0,1,90,3,0,0,0
24801,0,0,0,0,0,0,0,0,0,2,6,2
24802,0,0,0,0,0,0,0,0,0,173,358,2
24803,37,109,19,0,0,0,0,0,0,0,0,0
24804,0,0,0,1,0,8,0,0,0,0,0,0
24805,0,0,0,21,10,53,0,0,0,0,0,0
24806,0,0,0,1,1,0,0,0,0,0,0,0
24807,0,0,0,0,0,0,0,2,0,0,0,0
24808,0,0,0,0,0,65,0,0,0,0,0,0
24809,0,0,0,0,0,2,0,0,0,18,1240,1
24810,3,21,0,0,0,0,0,0,0,0,0,0
24811,1,0,0,33,3,372,0,0,0,0,1,0
24812,0,0,0,0,4,0,41,1101,81,0,0,0
24813,63,256,23,0,0,0,3,1,0,0,0,0
24814,0,0,0,66,134,423,0,0,0,0,0,0
24815,0,3,0,0,0,0,337,11,39,0,0,0
24816,0,0,0,0,0,0,298,180,294,0,0,0
24817,18,85,37,0,0,0,0,0,0,0,0,0
24818,1,24,9,0,0,0,0,0,0,0,0,0
24819,37,59,12,0,0,0,0,0,0,0,0,0
24820,13,58,37,0,0,0,0,0,0,0,0,0
24821,0,0,0,0,2,0,27,2216,4,0,0,0
24822,0,0,0,0,0,0,0,0,0,0,79,62
24823,49,36,4,0,0,0,0,0,0,0,0,0
24824,0,0,0,0,0,0,0,0,0,3,123,0
24825,0,41,0,0,0,0,0,0,0,0,0,0
24826,0,0,0,0,0,2,0,0,0,7,230,0
24827,0,0,0,0,2,14,0,0,0,0,0,0
24828,0,0,0,38,0,0,0,0,0,0,0,0
24829,0,0,0,0,0,147,0,0,0,0,0,0
24830,0,0,0,0,0,0,0,0,0,8,47,0
24831,0,0,0,0,0,0,0,0,0,1,17,0
24832,2,0,0,60,19,274,0,0,0,0,0,0
24833,0,0,0,0,0,0,0,0,0,27,146,3
24834,0,2,0,0,2,0,924,429,1,0,0,0
24835,0,0,0,4,9,755,0,0,0,0,17,0
24836,0,1,0,0,0,0,89,0,120,0,0,0
24837,15,45,33,0,0,0,0,0,0,0,0,0
24838,12,133,36,0,0,0,0,0,0,0,0,0
24839,0,0,0,0,0,0,15,6,0,0,0,0
24840,0,0,0,0,0,0,2,0,0,0,0,0
24841,0,0,0,8,3,88,0,0,0,0,0,0
24842,0,1,0,0,0,0,223,63,2,0,0,0
24843,0,0,0,0,2,50,0,0,0,0,3,0
24844,0,0,0,0,0,27,0,0,0,80,1135,1
24845,0,0,0,0,0,40,0,0,0,0,0,0
24846,0,0,0,22,0,2,0,0,0,0,0,0
24847,0,0,0,14,5,54,0,0,0,0,0,0
24848,0,6,0,0,0,0,238,13,4,0,0,0
24849,0,0,0,0,0,30,0,0,0,0,0,0
24850,0,0,0,6,19,59,0,0,0,0,0,0
24851,0,0,0,15,16,0,0,0,0,0,0,0
24852,0,0,0,0,0,0,0,0,0,0,44,0
24853,21,43,1,0,0,0,0,0,0,0,0,0
24854,1,8,0,0,0,0,0,0,0,0,0,0
24855,3,13,8,0,0,0,0,0,0,0,0,0
24856,0,0,0,1,1,240,0,0,0,0,0,0
24857,0,2,0,0,0,0,169,8,1,0,0,0
24858,0,0,0,0,0,0,293,64,2,0,0,0
24859,0,0,0,0,0,1,0,0,0,4,135,1
24860,14,17,3,0,0,0,0,0,0,0,0,0
24861,0,0,0,0,0,0,0,0,0,29,121,0
24862,15,213,9,0,0,0,1,0,0,0,0,0
24863,0,0,0,0,0,9,0,5,2,52,4693,277
24864,9,42,0,0,0,0,0,0,0,0,0,0
24865,0,0,0,0,0,0,0,0,0,200,2981,34
24866,0,0,0,0,1,2,0,0,0,0,0,0
24867,0,0,0,0,1,0,1,249,24,0,0,0
24868,0,0,0,0,3,0,0,82,6,0,0,0
24869,0,0,0,0,6,77,0,0,0,0,3,0
24870,0,0,0,4,5,68,0,0,0,0,0,0
24871,0,0,0,98,1,35,0,0,0,0,0,0
24872,0,0,0,0,118,0,258,23636,280,0,0,0
24873,0,0,0,0,0,27,0,0,0,0,0,0
24874,7,639,82,0,0,0,11,0,0,0,0,0
24875,2,1,0,0,0,0,0,0,0,0,0,0
24876,0,0,0,0,0,0,0,0,0,3,2,0
24877,9,94,1,0,0,0,0,0,0,0,0,0
24878,0,0,0,0,0,0,0,0,0,1,1,4
24879,6,4,0,0,0,0,0,0,0,0,0,0
24880,6,47,1,0,0,0,0,0,0,0,0,0
24881,6,16,33,0,0,0,0,0,0,0,0,0
24882,0,1,0,0,0,0,116,28,5,0,0,0
24883,0,0,0,0,0,0,1165,210,3,0,0,0
24884,3,0,47,0,0,0,0,0,0,0,0,0
24885,7,67,16,0,0,0,0,0,0,0,0,0
24886,0,0,0,1,1,53,0,0,0,0,0,0
24887,1,0,0,42,1,53,0,0,0,0,0,0
24888,0,0,0,1,0,1,0,0,0,0,0,0
24889,0,0,0,0,0,37,0,0,0,0,0,0
24890,0,0,0,0,0,63,0,0,0,0,0,0
24891,11,2,0,0,0,0,0,0,0,0,0,0
24892,0,0,0,0,1,684,0,0,0,0,8,0
24893,0,28,0,0,0,0,1669,6,462,0,0,0
24894,27,34,26,0,0,0,0,0,0,0,0,0
24895,7,39,7,0,0,0,1,0,0,0,0,0
24896,0,0,0,0,0,0,0,0,0,15,188,4
24897,0,0,0,0,0,1,0,0,0,94,196,6
24898,20,114,4,0,0,0,0,0,0,0,0,0
24899,0,0,2,0,0,0,0,0,0,198,3,18
24900,155,79,0,0,0,0,0,0,0,0,0,0
24901,27,242,13,0,0,0,1,0,0,0,0,0
24902,36,388,58,0,0,0,0,0,0,0,0,0
24903,0,0,0,2,14,1390,0,0,0,0,0,0
24904,0,0,0,0,0,68,0,0,0,30,6820,5
24905,3,374,10,0,0,0,0,0,0,0,0,0
24906,0,0,0,1,1,88,0,0,0,0,0,0
24907,0,0,0,20,0,131,0,0,0,0,0,0
24908,1,18,0,0,0,0,0,0,0,0,0,0
24909,0,0,4,0,0,0,0,0,0,361,83,39
24910,0,0,0,12,3,4194,0,0,0,0,41,0
24911,4,12,0,0,0,0,0,0,0,0,0,0
24912,0,0,0,0,0,8,0,0,0,9,4108,8
24913,340,101,3,1,0,0,0,0,0,0,0,0
24914,0,0,0,0,9,0,0,672,315003,2,739,1589
24915,4,27,43,0,0,0,0,0,0,0,0,0
24916,0,0,0,0,0,1,0,0,0,15,403,7
24917,5,11,0,0,0,0,0,0,0,0,0,0
24918,29,32,15,0,0,0,0,0,0,0,0,0
24919,0,0,0,1,0,20,0,0,0,4,2773,1
24920,80,31,0,0,0,0,0,0,0,0,0,0
24921,0,0,0,0,0,2,0,0,0,0,478,0
24922,175,194,13,0,0,0,0,0,0,0,0,0
24923,0,0,0,2,6,122,0,0,0,0,0,0
24924,0,0,0,0,1,0,0,0,0,0,0,0
24925,0,0,0,9,0,203,0,0,0,0,1,0
24926,0,12,0,0,5,0,187,2379,10,0,0,0
24927,0,0,0,0,1,39,0,0,0,0,0,0
24928,0,0,0,0,57,0,66,23177,28,0,0,0
24929,0,0,0,2,18,2,0,0,0,0,0,0
24930,0,0,0,0,0,0,0,0,0,2,9,0
24931,0,0,0,57,6,61,0,0,0,0,0,0
24932,0,0,0,0,0,0,144,174,3,0,0,0
24933,0,0,0,0,0,0,0,0,0,0,0,0
24934,0,0,0,0,0,186,0,0,0,0,0,0
24935,30,80,15,0,0,0,0,0,0,0,0,0
24936,0,18,9,0,0,0,0,0,0,0,0,0
24937,0,0,0,0,0,0,0,0,0,50,243,3
24938,0,0,0,0,1,0,0,0,0,0,0,0
24939,0,0,0,0,0,0,0,1,1,0,0,0
24940,0,0,0,0,1,73,0,0,0,0,0,0
24941,0,0,0,0,0,0,20,82,6,0,0,0
24942,13,1629,30,0,0,0,1,0,0,0,0,0
24943,0,0,0,63,7,113,0,0,0,0,0,0
24944,0,1,0,0,0,0,221,70,15,0,0,3
24945,0,0,0,0,0,10,0,0,0,0,0,0
24946,0,0,0,5,5,51,0,0,0,0,5,0
24947,0,0,0,0,0,0,356,157,2,0,0,0
24948,0,0,0,0,1,14,0,0,0,0,0,0
24949,6,119,6,0,0,0,0,0,0,0,0,0
24950,30,110,61,0,0,0,0,0,0,0,0,0
24951,0,0,0,0,0,70,0,0,0,0,0,0
24952,77,201,3,2,0,0,0,0,0,0,0,0
24953,0,0,0,0,0,0,3,5,21,0,0,0
24954,0,0,0,0,0,0,14,5,188,0,0,0
24955,59,67,11,0,0,0,0,0,0,0,0,0
24956,9,868,7,0,0,0,0,0,0,0,0,0
24957,0,0,0,0,3,16,0,0,0,0,0,0
24958,0,0,0,1,0,358,0,0,0,0,2,0
24959,0,1,0,0,0,0,1251,452,78,0,0,1
24960,0,0,0,1,0,144,0,0,0,0,0,0
24961,0,0,1,0,0,0,0,0,0,59,252,1
24962,74,12,4,0,0,0,0,0,0,0,0,0
24963,1,22,1,0,0,0,0,0,0,0,0,0
24964,0,0,0,0,0,0,0,0,0,4,216,0
24965,18,19,91,0,0,0,0,0,0,0,0,0
24966,9,6,5,0,0,0,0,0,0,0,0,0
24967,0,0,0,0,0,0,0,0,0,6,358,7
24968,14,16,2,0,0,0,0,0,0,0,0,0
24969,0,0,0,0,0,0,0,0,0,56,155,3
24970,31,21,7,0,0,0,0,0,0,0,0,0
24971,0,0,0,0,0,0,75,16,0,0,0,0
24972,0,0,0,1,1,2,0,0,0,0,0,0
24973,0,0,0,4,4,67,0,0,0,0,0,0
24974,0,0,0,1,1,5,0,0,0,0,0,0
24975,3,6,0,0,0,0,0,0,0,0,0,0
24976,0,0,0,0,0,270,0,0,0,0,0,0
24977,0,1,0,0,0,0,295,383,524,0,2,0
24978,9,19,13,0,0,0,0,0,0,0,0,0
24979,0,0,0,2,9,735,0,0,0,0,0,0
24980,0,0,0,0,0,0,0,0,0,0,75,0
24981,0,0,0,0,0,0,0,0,0,0,9,0
24982,0,0,0,24,232,551,0,1,0,0,10,0
24983,0,0,0,5,2,34,0,0,0,0,0,0
24984,0,0,0,0,809,11,0,4,0,0,0,0
24985,0,0,0,0,10,0,111,6966,0,0,0,0
24986,0,0,0,0,0,0,0,0,0,0,1,0
24987,45,8,0,0,0,0,0,0,0,0,0,0
24988,2,46,1,0,0,0,0,0,0,0,0,0
24989,0,0,0,0,0,0,0,0,0,8,80,0
24990,0,0,0,0,0,0,0,0,0,4,262,2
24991,0,0,0,59,30,74,0,0,0,0,0,0
24992,0,0,0,0,0,0,16,0,271,0,0,1
24993,84,10,36,0,0,0,0,0,0,0,0,0
24994,16,67,23,0,0,0,0,0,0,0,0,0
24995,0,0,0,0,2,148,0,0,0,0,1,0
24996,0,0,0,0,0,3,0,0,0,0,0,0
24997,4,305,2,0,0,0,6,0,0,0,0,0
24998,0,0,0,0,0,0,38,387,253,0,0,0
24999,11,21,26,0,0,0,0,0,0,1,0,0
25000,0,0,1,0,0,271,0,0,0,70,53352,9
25001,0,0,0,0,19,1,0,0,0,0,0,0
25002,0,0,0,0,0,0,0,0,0,1,376,0
25003,188,15737,14,0,0,3,39,16,3,0,0,0
25004,0,0,0,0,0,3,0,0,0,0,0,0
25005,0,0,0,3,0,2,0,0,0,0,0,0
25006,0,0,0,0,0,14,0,0,0,0,4116,2
25007,0,3,10,0,0,0,0,0,0,0,0,0
25008,33,307,0,0,0,0,1,0,0,0,0,0
25009,0,3,0,0,0,0,598,44,10,0,0,0
25010,0,0,0,0,0,0,111,6,71,0,0,0
25011,14,40,19,0,0,0,0,0,0,0,0,0
25012,0,0,0,0,290,0,345,1903,154,0,0,0
25013,0,0,0,0,0,0,1,3,8,0,0,0
25014,3,3,5,0,0,0,0,0,0,0,0,0
25015,0,1,0,0,5,0,44,272,3,0,0,0
25016,0,0,0,0,1,137,0,0,0,0,0,0
25017,0,0,0,0,0,0,0,0,0,0,0,0
25018,11,291,2,0,0,0,0,0,0,0,0,0
25019,0,0,0,0,3,0,60,1877,56,0,0,0
25020,15,136,74,0,0,0,0,0,0,0,0,0
25021,0,0,0,6,0,233,0,0,0,0,0,0
25022,1,28,0,0,0,0,0,0,0,0,0,0
25023,66,16,32,0,0,0,0,0,0,2,0,0
25024,10,84,4,0,0,0,0,0,0,0,0,0
25025,0,0,0,1,0,89,0,0,0,0,0,0
25026,173,0,0,0,0,0,0,0,0,0,0,0
25027,0,0,0,1,0,143,0,0,0,0,2,0
25028,0,0,0,0,0,51,0,0,0,0,0,0
25029,0,0,0,0,0,1,0,0,0,0,0,0
25030,0,0,0,3,0,35,0,0,0,0,0,0
25031,0,33,2,0,0,0,0,0,0,0,0,0
25032,58,52,15,0,0,0,0,0,0,0,0,0
25033,0,0,0,0,0,0,80,291,25,0,0,0
25034,5,82,10,0,0,0,0,0,0,0,0,0
25035,5,35,12,0,0,0,0,0,0,0,0,0
25036,0,0,0,0,3,379,0,0,0,0,15,0
25037,0,0,0,0,0,0,0,0,0,6,160,0
25038,40,403,2,0,0,0,0,0,0,0,0,0
25039,0,0,0,5,0,676,0,0,0,0,1,0
25040,1,30,0,0,0,0,0,0,0,0,0,0
25041,0,0,0,0,0,0,0,0,0,5,53,7
25042,36,97,8,0,0,0,1,1,0,0,0,0
25043,0,0,0,1,5,17,0,0,0,0,0,0
25044,0,0,0,0,0,0,0,0,0,0,20,0
25045,4,102,0,0,0,0,0,0,0,0,0,0
25046,0,0,0,0,0,20,0,0,0,40,5521,80
25047,0,0,0,0,0,3,0,0,1,91,2680,207
25048,73,112,15,0,0,0,0,0,0,0,0,0
25049,0,0,0,0,9,0,194,3162,200,0,0,0
25050,48,192,85,0,0,0,1,0,0,0,0,0
25051,0,0,0,3,14,221,0,0,0,0,1,0
25052,0,0,0,0,0,0,145,94,0,0,0,0
25053,0,0,0,0,1,12,0,0,0,0,0,0
25054,0,0,0,31,8,195,0,0,0,0,0,0
25055,0,0,0,0,1,0,51,258,9,0,0,0
25056,9,174,22,0,0,0,2,0,0,0,0,0
25057,0,0,0,2,16,77,0,0,0,0,0,0
25058,0,0,0,0,1,18,0,0,0,0,0,0
25059,0,0,0,0,0,2,0,0,0,0,0,0
25060,15,50,0,0,0,0,0,0,0,0,0,0
25061,0,1,0,0,0,0,240,34,128,0,0,1
25062,0,0,0,0,44,0,229,3997,502,0,1,6
25063,0,0,0,2,1,42,0,0,0,0,0,0
25064,0,0,0,0,0,0,45,84,75,0,0,0
25065,12,444,11,0,0,0,7,0,0,0,0,0
25066,0,0,0,0,0,2,0,0,0,11,813,10
25067,88,261,20,0,0,0,4,0,0,0,0,0
25068,0,0,0,0,1,24,0,0,0,0,0,0
25069,0,0,1,0,0,2,0,0,0,103,776,1
25070,0,0,0,7,14,11,0,0,0,0,0,0
25071,0,0,0,0,0,0,0,0,0,14,115,0
25072,0,0,0,7,229,1460,0,1,0,0,37,0
25073,0,0,0,0,0,0,186,11,9,0,0,0
25074,0,0,0,0,2,0,53,362,42,0,0,0
25075,0,0,0,0,0,0,0,0,0,5,828,0
25076,17,113,1,0,0,0,0,0,0,0,0,0
25077,0,0,0,1,1,5,0,0,0,0,0,0
25078,0,0,0,2,0,123,0,0,0,0,0,0
25079,9,15,7,0,0,0,0,0,0,0,0,0
25080,2,42,5,0,0,0,0,0,0,0,0,0
25081,0,0,0,20,5,527,0,0,0,0,5,0
25082,0,0,0,0,0,0,18,93,2,0,0,0
25083,0,0,0,0,0,2,0,0,0,0,469,0
25084,0,0,0,6,53,245,0,0,0,0,5,0
25085,0,0,0,8,13,4,0,0,0,0,0,0
25086,0,0,0,0,0,0,0,0,0,0,34,0
25087,19,131,91,0,0,0,0,0,0,0,0,0
25088,0,0,0,0,540,0,27,24389,5,0,0,0
25089,0,0,0,0,0,4,0,0,0,0,0,0
25090,0,0,0,1,2,25,0,0,0,0,0,0
25091,0,10,0,0,0,0,1467,382,55,0,0,0
25092,0,0,0,1,2,14,0,1,0,0,0,0
25093,129,70,7,0,0,0,0,0,0,0,0,0
25094,6,19,40,0,0,0,0,0,0,0,0,0
25095,4,10,2,0,0,0,0,0,0,0,0,0
25096,0,0,0,0,0,9,0,0,0,4,6031,8
25097,3,597,7,0,0,0,0,0,0,0,0,0
25098,0,0,0,1,0,6,0,0,0,0,0,0
25099,0,0,0,4,0,102,0,0,0,0,0,0
25100,0,0,1,0,0,0,0,0,0,307,3,17
25101,19,78,0,0,0,0,0,0,0,0,0,0
25102,18,50,10,0,0,0,0,0,0,0,0,0
25103,0,64,92,0,0,0,0,0,0,0,0,0
25104,172,160,108,0,0,0,0,0,0,0,0,0
25105,186,608,56,1,0,0,4,0,0,0,0,0
25106,0,0,0,0,0,0,8,0,121,0,0,0
25107,0,1,2,0,0,0,0,0,0,0,0,0
25108,30,75,119,0,0,0,0,0,0,1,0,0
25109,0,134,27,0,0,0,0,0,0,0,0,0
25110,0,0,0,0,1,0,0,0,0,0,0,0
25111,0,0,0,146,3,141,0,0,0,0,1,0
25112,0,0,0,0,5,0,120,393,25,0,0,0
25113,4,62,2,0,0,0,0,0,0,0,0,0
25114,0,0,0,0,0,0,0,0,0,64,444,0
25115,0,0,0,0,0,0,0,0,0,43,112,0
25116,0,0,0,0,0,0,336,48,3,0,0,0
25117,0,0,0,0,0,2,0,0,0,11,438,3
25118,0,0,0,0,0,0,0,0,0,47,4,0
25119,0,0,0,0,0,2,0,0,0,0,0,0
25120,0,0,0,0,0,0,0,0,0,20,73,0
25121,334,58,155,0,0,0,0,0,0,1,0,0
25122,23,226,68,0,0,0,0,0,0,0,0,0
25123,0,0,0,12,8,3170,0,0,0,0,8,0
25124,0,0,0,0,0,0,33,2,11,0,0,0
25125,80,9,37,0,0,0,0,0,0,0,0,0
25126,0,0,0,0,3,0,441,324,0,0,0,0
25127,0,0,0,0,0,0,72,59,0,0,0,0
25128,0,0,0,0,0,52,0,0,0,0,0,0
25129,0,0,0,54,18,72,0,0,0,0,0,0
25130,0,0,0,0,0,0,18,91,1,0,0,0
25131,0,0,0,0,0,0,0,0,0,1,29,1
25132,0,0,0,0,0,8,0,0,1,9,560,100
25133,0,26,67,0,0,0,0,0,0,1,0,0
25134,14,38,17,0,0,0,0,0,0,0,0,0
25135,0,0,0,0,108,1,93,21188,80,0,0,0
25136,18,63,38,0,0,0,0,0,0,0,0,0
25137,12,75,44,0,0,0,0,0,0,0,0,0
25138,0,0,0,2,4,153,0,0,0,0,0,0
25139,0,0,0,0,0,501,0,0,0,1,1,0
25140,0,0,0,0,0,1,0,0,0,0,0,0
25141,4,29,2,0,0,0,0,0,0,0,0,0
25142,9,0,5,0,0,0,0,0,0,0,0,0
25143,1,32,11,0,0,0,0,0,0,0,0,0
25144,0,0,0,0,8,312,0,0,0,0,0,0
25145,0,0,0,0,0,0,79,1,196,0,0,0
25146,14,83,44,0,0,0,0,0,0,1,0,0
25147,3,198,83,0,0,0,0,0,0,0,0,0
25148,0,0,0,2,5,2,0,0,0,0,0,0
25149,0,0,0,0,0,0,0,0,0,14,31,0
25150,0,0,0,3,311,133,0,17,0,0,0,0
25151,0,0,0,0,0,0,0,0,0,22,78,0
25152,0,0,0,1,4,0,0,0,0,0,0,0
25153,0,0,0,0,0,0,0,0,0,26,228,5
25154,9,115,8,0,0,0,0,0,0,0,0,0
25155,0,0,0,0,1,9,0,0,0,0,0,0
25156,0,0,0,0,0,7,0,0,0,22,916,0
25157,0,0,0,0,0,0,294,266,88,0,0,0
25158,15,179,6,0,0,0,10,0,0,0,0,0
25159,0,0,0,0,14,1291,0,0,0,0,4,0
25160,0,0,0,0,0,0,0,0,0,37,419,18
25161,0,0,0,0,3,4,0,0,0,0,0,0
25162,0,0,1,0,0,2,0,0,0,1039,804,0
25163,0,0,1,0,0,0,0,0,0,1114,0,3
25164,130,101,1,0,0,0,1,0,0,0,0,0
25165,82,112,142,0,0,0,0,0,0,0,0,0
25166,0,0,0,0,0,0,109,9,2361,0,0,9
25167,30,52,16,0,0,0,0,0,0,0,0,0
25168,1,385,27,0,0,0,1,0,0,0,0,0
25169,0,0,0,0,0,0,0,0,0,32,700,3
25170,0,0,0,0,1,3,0,0,0,0,0,0
25171,0,0,0,17,6,1258,0,0,0,0,2,0
25172,0,0,0,0,0,0,11,0,1,0,0,0
25173,0,0,0,0,0,0,27,9,3,0,0,0
25174,9,120,59,0,0,0,2,0,0,0,0,0
25175,1,26,14,0,0,0,0,0,0,0,0,0
25176,9,96,24,1,0,0,0,0,0,0,0,0
25177,0,0,0,0,0,0,75,554,7,0,0,0
25178,0,0,0,0,0,19,0,0,0,0,0,0
25179,32,2,2,0,0,0,0,0,0,0,0,0
25180,0,0,0,0,1,386,0,0,0,0,2,0
25181,0,0,0,0,0,0,4,0,4,0,0,0
25182,10,28,8,0,0,0,0,0,0,0,0,0
25183,0,3,0,0,3,0,164,1737,21,0,0,0
25184,0,0,0,0,0,0,0,0,2,24,10,143
25185,19,23,0,0,0,0,0,0,0,0,0,0
25186,0,0,0,0,2,0,134,1436,10,0,0,0
25187,0,0,0,0,0,67,0,0,0,0,0,0
25188,10,3,0,0,0,0,0,0,0,0,0,0
25189,0,0,0,0,0,113,0,0,0,0,3,0
25190,12,283,0,0,0,0,0,0,0,0,0,0
25191,0,0,0,0,0,100,0,0,0,0,0,0
25192,12,8,0,0,0,0,0,0,0,0,0,0
25193,0,0,5,0,0,0,0,0,0,0,0,0
25194,0,6,1,0,0,0,0,0,0,0,0,0
25195,2,258,2,0,0,0,1,0,0,0,0,0
25196,0,0,0,1,0,4,0,0,0,0,0,0
25197,0,0,0,0,0,0,1,6,1,0,0,0
25198,0,0,0,0,0,0,0,4,0,0,0,0
25199,0,0,0,0,0,0,0,0,0,1,20,1
25200,0,0,0,0,0,0,0,0,0,5,2,1
25201,28,196,14,0,0,0,0,0,0,0,0,0
25202,0,0,0,0,0,0,0,0,0,0,0,0
25203,0,0,0,0,0,0,5,36,3,0,0,0
25204,0,0,0,0,0,0,0,30,7,0,0,0
25205,0,0,0,0,1,72,0,0,0,0,0,0
25206,5,0,0,0,0,0,0,0,0,0,0,0
25207,0,0,0,0,0,616,0,0,0,0,6421,0
25208,11,236,2,0,0,0,1,0,0,0,0,0
25209,0,0,0,4,44,216,0,0,0,0,5,0
25210,0,0,0,9,10,47,0,0,0,0,0,0
25211,0,0,0,0,0,1,0,0,0,0,0,0
25212,0,0,0,0,0,0,0,49,0,0,0,0
25213,0,0,0,0,0,0,1,1,0,0,0,0
25214,0,0,0,0,0,3,0,0,0,9,395,2
25215,0,0,0,0,0,6,0,0,0,0,0,0
25216,54,836,6,0,0,0,1,0,0,0,0,0
25217,0,0,0,0,6,0,129,3399,4,0,0,0
25218,0,0,0,0,960,0,5,4618,29,0,0,0
25219,0,0,0,0,21,132,0,0,0,0,0,0
25220,0,0,0,8,5,31,0,0,0,0,0,0
25221,0,0,0,1,1,0,0,0,0,0,0,0
25222,0,0,0,0,0,54,0,0,0,0,0,0
25223,24,351,2,0,0,0,1,0,0,0,0,0
25224,0,0,0,0,0,103,0,0,0,0,0,0
25225,37,25,1,0,0,0,0,0,0,0,0,0
25226,0,0,0,0,0,0,99,67,1,0,0,0
25227,0,0,0,0,0,0,0,0,0,1,42,0
25228,0,0,0,160,272,104,0,0,0,0,0,0
25229,0,0,0,0,0,0,136,37,0,0,0,0
25230,0,0,0,0,0,0,2,37,0,0,0,0
25231,0,0,0,0,0,0,0,0,0,28,305,2
25232,0,0,0,44,7,106,0,0,0,0,1,0
25233,0,0,0,0,0,115,0,0,0,0,0,0
25234,0,5,0,0,0,0,654,158,29,0,0,0
25235,70,330,12,0,0,0,0,0,0,0,0,0
25236,0,0,0,1,47,68,0,0,0,0,0,0
25237,0,0,0,43,185,97,0,1,0,0,0,0
25238,0,0,0,0,0,0,17,21,0,0,0,0
25239,0,0,0,0,0,0,0,0,0,0,78,2
25240,0,0,0,0,0,2,0,0,0,9,368,5
25241,35,165,3,0,0,0,1,0,0,0,0,0
25242,0,0,0,0,0,27,0,0,0,0,0,0
25243,6,135,7,0,0,0,0,0,0,0,0,0
25244,0,0,0,0,22,1,200,5313,444,0,0,0
25245,0,0,0,0,0,179,0,0,0,0,0,0
25246,39,78,5,0,0,0,0,0,0,0,0,0
25247,30,156,28,0,0,0,5,0,0,0,0,0
25248,0,0,0,3,0,397,0,0,0,0,1,0
25249,0,0,0,0,9,0,188,2658,88,0,0,0
25250,0,0,0,0,3,0,130,572,8,0,0,0
25251,0,0,0,1,1,43,0,0,0,0,0,0
25252,0,0,0,0,7,0,75,1832,44,0,0,0
25253,24,512,3,0,0,0,1,0,0,0,0,0
25254,0,0,0,0,0,0,0,0,0,0,194,0
25255,47,96,23,0,0,0,0,0,0,0,0,0
25256,47,103,16,0,0,0,0,0,0,0,0,0
25257,0,0,0,1,33,66,0,0,0,0,0,0
25258,0,0,0,0,0,81,0,0,0,0,0,0
25259,37,100,0,0,0,0,0,0,0,0,0,0
25260,0,0,0,1,0,258,0,0,0,0,6,0
25261,0,0,0,0,1,0,44,228,6,0,0,0
25262,0,0,0,0,0,0,0,0,0,44,120,0
25263,0,0,0,0,0,8,0,0,0,0,0,0
25264,0,0,0,5,32,126,0,0,0,0,0,0
25265,0,0,0,10,0,2,0,0,0,0,0,0
25266,0,0,0,0,4,0,1,2156,0,0,0,0
25267,0,0,0,0,0,0,0,0,0,0,643,0
25268,1,0,0,78,1,2,0,0,0,0,0,0
25269,0,1,0,0,23,0,44,862,346,0,0,0
25270,0,0,0,0,0,167,0,0,0,0,0,0
25271,80,463,3,0,0,0,1,0,0,0,0,0
25272,0,0,0,2,0,226,0,0,0,0,0,0
25273,0,0,0,0,12,0,61,3963,1071,0,2,11
25274,2,24,0,0,0,0,0,0,0,0,0,0
25275,0,0,0,0,0,1,0,0,0,83,446,6
25276,0,0,12,0,0,7,0,0,0,1965,3139,27
25277,4,47,4,0,0,0,0,0,0,0,0,0
25278,0,0,0,0,0,0,34,36,99,0,0,0
25279,0,0,0,1,1,983,0,0,0,0,6,0
25280,0,0,0,16,31,2,0,0,0,0,0,0
25281,0,0,0,0,2,0,26,75,0,0,0,0
25282,0,0,0,0,0,1,0,0,0,1,348,1
25283,0,0,0,6,5,7,0,0,0,0,0,0
25284,0,0,0,0,1,0,24,129,1,0,0,0
25285,0,0,0,0,0,71,0,0,0,0,7,0
25286,4,85,1,0,0,0,0,0,0,0,0,0
25287,0,1,0,0,1,0,71,455,51,0,0,0
25288,1,0,0,8,1,64,0,0,0,0,0,0
25289,0,0,0,54,11,24,0,0,0,0,0,0
25290,0,0,0,0,8,0,31,1341,38,0,0,0
25291,0,0,0,0,4,83,0,0,0,0,8,0
25292,0,0,0,0,0,0,0,0,1,46,204,34
25293,0,0,0,4,2,26,0,0,0,0,0,0
25294,0,0,0,0,0,0,0,0,0,88,324,2
25295,1,9,2,0,0,0,0,0,0,0,0,0
25296,15,120,21,0,0,0,2,0,0,1,0,0
25297,0,30,0,0,0,0,760,233,3,0,0,0
25298,0,0,0,0,0,0,146,111,2,0,0,0
25299,0,0,0,0,0,0,74,75,0,0,0,0
25300,0,0,0,0,0,5,0,0,0,17,504,2
25301,0,0,0,24,7,19,0,0,0,0,0,0
25302,0,0,0,0,1,0,242,1942,179,0,0,0
25303,0,0,0,0,8,122,0,0,0,0,0,0
25304,0,0,0,10,5,61,0,0,0,0,0,0
25305,0,0,0,0,2,0,118,898,45,0,0,0
25306,0,0,0,0,5,255,0,0,0,0,0,0
25307,0,0,0,6,14,42,0,0,0,0,0,0
25308,0,0,0,0,0,0,0,0,0,16,62,9
25309,0,0,0,2,7,26,0,0,0,0,0,0
25310,0,0,0,8,5,12,0,0,0,0,0,0
25311,0,0,0,0,0,0,127,1358,3,0,0,0
25312,0,0,0,0,25,102,0,0,0,0,0,0
25313,0,1,0,0,0,0,172,7,21,0,0,0
25314,0,0,0,0,4,0,120,763,217,0,0,0
25315,6,497,13,0,0,0,1,0,0,0,0,0
25316,0,0,0,8,28,648,0,0,0,0,5,0
25317,0,0,0,0,0,4,0,0,0,61,2010,98
25318,0,0,1,0,0,0,0,0,0,141,375,8
25319,0,0,0,6,12,2,0,0,0,0,0,0
25320,0,0,0,0,0,0,38,563,0,0,0,0
25321,0,0,0,0,0,0,0,0,0,0,577,0
25322,0,0,0,4,0,2,0,0,0,0,0,0
25323,0,0,0,0,30,0,20,310,2,0,0,0
25324,0,0,0,0,0,2,0,0,0,6,339,6
25325,0,11,2,0,0,0,0,0,0,0,0,0
25326,4,99,22,0,0,0,0,0,0,0,0,0
25327,25,201,21,0,0,0,1,0,0,0,0,0
25328,0,0,0,1,0,0,0,0,0,0,0,0
25329,0,0,0,1,0,3,0,0,0,0,0,0
25330,0,0,0,5,0,41,0,0,0,0,0,0
25331,0,0,0,0,0,0,0,4,3,0,0,0
25332,3,1,0,0,0,0,0,0,0,0,0,0
25333,0,0,0,16,35,770,0,0,0,0,12,0
25334,0,0,0,0,0,0,12,1,47,0,0,0
25335,39,8,16,0,0,0,0,0,0,0,0,0
25336,51,227,130,0,0,0,0,0,0,12,0,0
25337,0,0,0,0,66,0,16,2808,108,1,0,96
25338,22,1,2,0,0,0,0,0,0,0,0,0
25339,0,0,1,0,0,368,0,0,0,38,59306,3
25340,0,19,0,0,2,0,1094,1169,77,0,0,0
25341,3,78,53,0,0,0,2,0,0,0,0,0
25342,0,0,0,0,0,2,0,0,0,87,124,2
25343,0,0,0,3,12,116,0,0,0,0,0,0
25344,0,0,0,0,0,0,0,0,0,65,186,1
25345,0,0,0,370,10,1349,0,0,0,0,12,0
25346,0,0,0,0,0,0,39,9,2,0,0,0
25347,57,73,118,0,0,0,0,0,0,0,0,0
25348,0,1,0,0,0,0,254,212,1,0,0,0
25349,0,0,0,0,0,3,0,0,0,95,437,5
25350,0,0,0,0,0,104,0,0,7,138,3448,432
25351,57,93,115,0,0,0,0,0,0,1,0,0
25352,0,3,0,0,364,0,277,28080,11920,0,7,9
25353,0,0,0,6,6,150,0,0,0,0,0,0
25354,0,2,0,0,11,0,111,3197,56,0,0,0
25355,0,0,0,1,0,45,0,0,0,37,2489,9
25356,0,0,0,7,24,162,0,0,0,0,1,0
25357,0,0,0,0,0,0,0,0,0,40,66,0
25358,2,28,74,0,0,0,0,0,0,32,0,0
25359,2,529,16,0,0,0,1,0,0,0,0,0
25360,10,27,32,0,0,0,0,0,0,0,0,0
25361,0,2,0,0,0,0,264,10,1,0,0,0
25362,0,0,0,0,0,0,139,202,4,0,0,0
25363,16,49,18,0,0,0,1,0,0,0,0,0
25364,0,0,0,0,0,0,134,22,4,0,0,0
25365,0,0,0,1,17,43,0,0,0,0,0,0
25366,0,0,0,0,0,1,0,0,0,68,146,19
25367,3,4,0,0,0,0,0,0,0,0,0,0
25368,0,0,1,0,0,0,0,0,0,0,0,0
25369,1,197,0,0,0,0,2,0,0,0,0,0
25370,0,0,0,14,5,184,0,0,0,0,0,0
25371,0,0,0,0,0,11,0,0,0,0,0,0
25372,2,47,0,0,0,0,1,0,0,0,0,0
25373,0,0,0,0,0,0,0,0,0,5,44,3
25374,2,2,0,0,0,0,0,0,0,0,0,0
25375,0,0,0,0,0,83,0,0,0,0,0,0
25376,0,0,0,0,1,48,0,0,0,0,0,0
25377,0,1,0,0,0,0,0,0,0,0,0,0
25378,0,0,0,0,0,1,0,0,0,5,735,0
25379,25,30,1,0,0,0,0,0,0,0,0,0
25380,0,0,0,0,0,2,0,0,0,1,284,0
25381,0,0,0,0,0,0,0,0,0,0,0,0
25382,0,0,0,0,0,0,0,0,0,0,0,0
25383,0,777,0,0,0,0,15,0,0,0,0,0
25384,0,94,0,0,0,0,0,0,0,0,0,0
25385,8,97,3,0,0,0,0,0,0,0,0,0
25386,0,0,0,0,0,1,0,0,0,14,933,0
25387,0,0,0,0,0,0,10,1,3,0,0,0
25388,1,22,2,0,0,0,0,0,0,0,0,0
25389,0,72,1,0,0,0,0,0,0,0,0,0
25390,0,0,0,0,0,2,0,0,0,4,20,0
25391,0,0,0,4,5,30,0,0,0,0,0,0
25392,0,0,0,0,1,187,0,0,0,0,0,0
25393,6,57,1,0,0,0,0,0,0,0,0,0
25394,0,0,0,8,4,62,0,0,0,0,2,0
25395,0,0,0,0,0,0,23,168,20,0,0,0
25396,0,9,0,0,0,0,141,311,23,0,0,0
25397,6,67,19,0,0,0,0,0,0,0,0,0
25398,0,0,0,10,1,246,0,0,0,0,0,0
25399,0,0,0,1,4,53,0,0,0,0,0,0
25400,0,0,0,0,0,7,0,0,0,0,0,0
25401,0,0,0,0,1,0,48,327,0,0,0,0
25402,0,0,0,0,0,21,0,0,0,0,0,0
25403,0,0,0,0,0,9,0,0,0,0,0,0
25404,0,0,0,0,0,22,0,0,0,0,0,0
25405,11,78,1,0,0,0,0,0,0,0,0,0
25406,0,0,0,6,1,168,0,0,0,0,0,0
25407,0,0,0,0,0,0,54,439,12,0,0,0
25408,7,33,32,0,0,0,0,0,0,0,0,0
25409,0,0,0,0,0,0,94,136,70,0,0,0
25410,19,76,12,0,0,0,0,0,0,0,0,0
25411,54,165,27,0,0,0,0,0,0,0,0,0
25412,0,0,0,1,2,63,0,0,0,0,0,0
25413,0,0,0,0,0,77,0,0,0,44,15101,10
25414,0,0,0,4,2,66,0,0,0,0,0,0
25415,0,0,0,1,4,15,0,0,0,0,0,0
25416,0,0,0,0,0,1,0,0,0,7,2992,2
25417,32,48,11,0,0,0,0,0,0,0,0,0
25418,0,0,1,0,0,0,0,0,0,421,178,17
25419,53,64,8,0,0,0,12,0,0,0,0,0
25420,10,34,549,0,0,0,0,0,0,5,0,0
25421,0,0,0,2,24,92,0,0,0,0,0,0
25422,0,0,0,355,16,312,0,0,0,0,1,0
25423,0,0,0,0,0,0,99,31,285,0,0,0
25424,0,0,0,0,0,0,120,130,112,0,0,0
25425,23,60,23,0,0,0,0,0,0,0,0,0
25426,2,68,9,0,0,0,0,0,0,0,0,0
25427,0,0,0,0,0,8,0,0,0,29,1417,11
25428,0,0,0,3,6,62,0,0,0,0,0,0
25429,0,0,0,0,9,0,191,3194,366,0,0,1
25430,0,0,0,1,8,134,0,0,0,0,0,0
25431,53,94,8,0,0,0,0,1,0,0,0,0
25432,1,30,37,0,0,0,4,0,0,0,0,0
25433,0,0,0,0,0,22,0,0,0,39,1591,2
25434,0,0,0,9,22,41,0,0,0,0,0,0
25435,0,0,0,11,15,6816,0,0,0,0,7,0
25436,0,0,0,1,6,67,0,0,0,0,0,0
25437,0,2,0,0,93,0,55,15790,396,0,0,0
25438,3,151,15,0,0,0,0,0,0,0,0,0
25439,19,76,11473,0,0,0,0,0,0,30,4,1
25440,0,0,0,0,45,0,96,2717,74,0,0,0
25441,0,0,0,0,0,0,0,0,1,19,24,60
25442,140,103,30,0,0,0,2,0,0,0,0,0
25443,15,143,122,0,0,0,0,0,0,0,0,0
25444,0,0,0,0,1,0,232,515,53,0,0,0
25445,0,1,0,0,5,0,654,3313,527,0,0,0
25446,0,0,0,6,0,133,0,0,0,0,0,0
25447,0,0,0,0,0,0,146,18,79,0,0,0
25448,127,803,83,2,0,0,7,1,0,0,0,0
25449,108,57,41,10,0,0,0,0,0,0,0,0
25450,441,264,26,0,0,0,0,0,0,0,0,0
25451,0,0,0,2,38,387,0,0,0,0,2,0
25452,0,0,1,0,0,147,0,0,2,335,6488,674
25453,5,262,2,0,0,0,2,0,0,0,0,0
25454,43,61,19,0,0,0,0,0,0,0,0,0
25455,0,0,0,0,6,0,242,2500,330,0,0,1
25456,0,0,0,0,4,0,245,1525,76,0,0,0
25457,25,228,18,0,0,0,1,0,0,0,0,0
25458,0,0,0,18,6,486,0,0,0,0,2,0
25459,0,0,0,0,18,0,98,3224,33,0,0,0
25460,0,0,0,0,0,65,0,0,2,33,4233,1171
25461,0,0,0,130,8,974,0,0,0,0,3,0
25462,18,40,4,0,0,0,0,0,0,0,0,0
25463,0,0,0,0,0,20,0,0,0,222,4109,31
25464,0,0,0,10,139,180,0,1,0,0,0,0
25465,0,0,0,0,0,14,0,0,0,51,1637,4
25466,0,0,2,0,0,8,0,0,0,261,2632,4
25467,0,0,0,6,17,665,0,0,0,0,10,0
25468,0,0,0,8,57,151,0,0,0,0,1,0
25469,0,0,0,1,1,2430,0,0,0,0,1391477,0
25470,123,92,21,0,0,0,0,0,0,0,0,0
25471,0,0,0,0,50,1,67,9829,703,0,0,9
25472,207,297,82,0,0,0,1,1,0,0,0,0
25473,0,0,0,12,26,1241,0,0,0,0,9,0
25474,0,0,0,23,9,152,0,0,0,0,0,0
25475,0,0,0,7,75,102,0,3,0,0,0,0
25476,2,0,0,82,17,68,0,0,0,0,0,0
25477,0,0,0,0,2,0,245,661,67,0,0,2
25478,0,0,0,4,24,341,0,0,0,0,0,0
25479,0,0,0,33,62,79,0,0,0,0,0,0
25480,0,0,0,0,0,0,0,0,0,29,360,1
25481,0,2,0,0,0,0,591,1200,16,0,0,0
25482,0,0,0,0,0,12,0,0,0,39,1423,5
25483,0,5,0,0,1,0,1364,535,118,0,0,0
25484,0,0,0,0,0,0,0,0,0,41,309,3
25485,0,0,0,118,11,397,0,0,0,0,2,0
25486,11,93,1,0,0,0,0,0,0,0,0,0
25487,0,0,1,0,0,0,0,0,0,184,1506,63
25488,1,0,0,86,7,90,0,0,0,0,0,0
25489,0,2,0,0,10,0,184,10084,14,0,0,0
25490,0,0,0,0,0,1,0,0,0,146,205,0
25491,409,135,17,0,0,0,0,0,0,0,0,0
25492,9,294,10,0,0,0,2,0,0,0,0,0
25493,0,0,0,0,0,0,0,0,0,31,831,1
25494,0,0,0,0,11,0,525,4085,79,0,0,0
25495,50,425,42,0,0,0,0,0,0,0,0,0
25496,0,0,0,28,2,1602,0,0,0,0,4,0
25497,13,84,2,0,0,0,0,0,0,0,0,0
25498,0,0,0,0,0,0,0,0,0,21,108,5
25499,0,0,0,0,0,0,0,0,0,29,261,3
25500,0,0,0,0,54,0,790,3948,173,0,0,1
25501,82,584,27,0,0,0,0,0,0,0,0,0
25502,0,0,0,65,3,819,0,0,0,0,2,0
25503,149,144,2,0,0,0,3,0,0,0,0,0
25504,0,0,1,0,0,0,0,0,0,51,48,172
25505,1154,2645,158,11,0,0,26,0,0,0,0,0
25506,49,187,20,0,0,0,2,0,0,0,0,0
25507,0,0,0,0,0,0,714,298,2,0,0,0
25508,0,0,0,0,0,0,0,0,0,57,69,19
25509,0,0,0,0,0,2,0,0,0,199,1503,10
25510,0,0,0,47,70,414,0,0,0,0,1,0
25511,0,0,0,0,0,10,0,0,0,3,3498,2
25512,29,88,9,0,0,0,0,0,0,0,0,0
25513,0,0,1,0,0,11,0,0,0,373,5643,144
25514,0,0,0,97,581,345,0,4,0,0,0,0
25515,0,0,0,0,0,0,0,0,0,27,1034,1
25516,0,0,1,0,0,18,0,0,0,50,1070,10
25517,0,0,1,0,9,7452,0,0,0,381,33007,29
25518,1,0,0,29,154,4132,0,0,0,1,7,1
25519,0,0,0,14,117,730,0,0,0,0,1,0
25520,0,0,0,20,33,329,0,0,0,0,0,0
25521,0,0,0,0,0,35,0,0,1,133,11536,67
25522,0,11,0,0,0,0,1223,25,208,0,0,0
25523,0,7,0,0,1,0,429,749,6,0,0,0
25524,77,377,119,0,0,0,0,0,0,0,0,0
25525,2,0,0,39,29,358,0,0,0,0,0,0
25526,0,0,0,0,5,0,3,2896,4,0,0,0
25527,0,0,0,0,0,0,6,447,3,0,0,0
25528,0,0,4,0,0,227,0,0,0,102,1335,16
25529,0,0,0,27,1,18,0,0,0,0,0,0
25530,0,0,0,8,0,107,0,0,0,0,0,0
25531,26,1195,3,0,0,0,3,0,0,0,0,0
25532,0,0,0,6,20,250,0,0,0,0,0,0
25533,0,0,0,37,3,120,0,0,0,0,0,0
25534,0,0,0,0,1,0,130,1539,16,0,0,0
25535,0,0,0,0,28,50,0,0,0,0,0,0
25536,0,0,0,116,9,272,0,0,0,0,0,0
25537,0,1,0,0,0,0,282,740,4,0,0,0
25538,0,0,0,0,49,0,141,7619,10,0,0,0
25539,0,0,0,0,0,0,0,0,0,27,381,2
25540,0,4,0,0,0,0,2205,339,1,0,0,0
25541,0,0,0,0,14,221,0,0,0,0,5,0
25542,0,0,0,74,6,82,0,0,0,0,0,0
25543,0,0,0,0,0,0,106,237,1,0,0,0
25544,0,0,0,0,0,0,0,0,0,51,224,0
25545,17,42,10,0,0,0,0,0,0,0,0,0
25546,0,0,0,0,0,18,0,0,0,141,2561,63
25547,0,0,0,4,1,100,0,0,0,0,0,0
25548,0,0,0,264,107,98,0,0,0,0,0,0
25549,0,0,1,0,0,25,0,0,0,113,6021,43
25550,0,0,0,21,6,10,0,0,0,0,0,0
25551,0,0,0,411,4,129,0,0,0,0,0,0
25552,0,13,0,0,18,0,188,6086,28,0,0,0
25553,0,0,0,0,0,7,0,0,0,13,6675,14
25554,0,0,0,11,10,253,0,0,0,2,0,0
25555,0,0,0,0,9,0,223,2759,156,0,0,1
25556,0,0,0,2,735,267,0,0,0,0,1,0
25557,0,0,0,41,10,404,0,0,0,0,1,0
25558,0,0,0,9,26,104,0,0,0,0,3,0
25559,0,0,0,1,4,154,0,0,0,0,0,0
25560,0,0,0,33,14,99,0,0,0,0,0,0
25561,0,0,0,0,0,0,0,0,0,44,248,49
25562,267,1223,0,0,0,0,9,0,0,0,0,0
25563,0,1,0,33,1548,40,321,182624,675,0,0,14
25564,55,213,61,0,0,0,0,0,0,0,0,0
25565,0,15,0,0,0,0,1163,445,4,0,0,0
25566,0,0,0,0,0,0,0,0,0,57,560,0
25567,0,4,0,0,0,0,1515,790,1,0,0,0
25568,0,0,0,0,0,1,0,0,0,14,747,8
25569,1,0,0,192,17,70,0,0,0,0,0,0
25570,2,0,0,193,26,334,0,0,0,0,2,0
25571,0,0,0,0,0,7,0,0,0,316,2269,11
25572,0,0,1,0,0,6,0,0,0,322,2699,4
25573,7,305,479,0,0,0,0,0,0,0,3,0
25574,525,181,92,0,0,0,0,0,0,0,0,0
25575,70,123,70,1,0,0,0,0,0,0,0,0
25576,87,188,12,0,0,0,1,0,0,0,0,0
25577,0,0,0,5,52,1681,0,0,0,0,5,0
25578,0,0,0,0,0,7,0,0,0,10,2985,10
25579,62,101,11,0,0,0,0,0,0,0,0,0
25580,0,0,0,8,1,1877,0,0,0,0,3,0
25581,22,124,1,0,0,0,0,0,0,0,0,0
25582,79,102,1,0,0,0,0,0,0,0,0,0
25583,0,0,0,0,0,3,0,0,0,61,2373,7
25584,0,0,0,0,0,35,0,0,0,169,53374,34
25585,0,0,0,1,0,3,0,4,0,126,1410,139
25586,0,0,0,23,25,477,0,0,0,0,1,0
25587,0,0,2,2,0,22,0,0,0,1246,4915,24
25588,4,54,41,0,0,0,0,0,0,0,0,0
25589,224,71,16,2,0,0,0,0,0,0,0,0
25590,339,54,63,0,0,0,0,0,0,0,0,0
25591,2,163,30,0,0,0,1,0,0,0,0,0
25592,71,355,17,0,0,0,1,0,0,0,0,0
25593,0,7,0,1,26,0,697,2283,684,0,0,7
25594,3,45,37,0,0,0,0,0,0,0,0,0
25595,0,0,0,0,106,1,140,7111,941,0,0,0
25596,601,399,32,0,0,0,0,0,0,0,0,0
25597,0,0,0,15,9,168,0,0,0,0,0,0
25598,0,0,0,0,1,0,2,1586,93,0,0,0
25599,0,0,0,0,20,1,6,5146,91,0,0,48
25600,0,0,0,0,0,0,0,0,0,24,28,3
25601,216,62,385,0,0,0,0,0,0,1,0,0
25602,3,93,14,0,0,0,1,0,0,0,0,0
25603,0,0,0,0,0,27,0,0,1,185,4263,64
25604,0,0,0,15,6,45,0,0,0,0,0,0
25605,40,52,4,0,0,0,0,0,0,0,0,0
25606,0,2,0,0,22,0,987,2444,152,0,0,0
25607,0,0,0,0,0,3,0,0,0,1,231,2
25608,9,42,3,0,0,0,0,0,0,0,0,0
25609,1,0,4,0,0,6,0,0,0,653,660,30
25610,0,0,0,2,1,39,0,0,0,0,0,0
25611,0,0,0,0,0,6,0,0,0,271,1512,15
25612,0,0,0,17,100,69,0,1,0,0,0,0
25613,0,0,0,0,0,26,0,0,0,47,5499,32
25614,0,0,0,0,0,834,0,0,0,63,68037,54
25615,6,172,48,0,0,0,1,0,0,0,0,0
25616,35,189,48,0,0,0,0,0,0,3,0,0
25617,0,23,0,0,16,0,2223,2876,5,0,0,0
25618,0,11,0,0,0,0,538,8,0,0,0,0
25619,0,0,0,0,0,0,3,17,2,0,0,0
25620,0,0,0,0,5,162,0,0,0,0,0,0
25621,0,34,0,0,39,0,899,3898,32,0,0,0
25622,0,0,0,0,2,627,0,0,0,0,0,0
25623,0,0,0,17,24,527,0,0,0,0,0,0
25624,0,0,0,0,0,54,0,0,0,14,7930,54
25625,33,71,3,0,0,0,0,0,0,0,0,0
25626,0,0,0,0,0,11,0,0,0,118,5583,26
25627,0,0,0,43,37,283,0,2,0,0,0,0
25628,0,0,0,6,1,177,0,0,0,0,1,0
25629,0,0,0,3,1,131,0,0,0,0,2,0
25630,0,0,0,0,0,0,126,143,217,0,0,1
25631,0,0,0,0,11,257,0,0,0,0,1,0
25632,0,0,0,1,29,34,0,1,0,0,0,0
25633,0,0,0,18,41,27,0,1,0,0,0,0
25634,0,0,0,0,1,0,80,951,11,0,0,0
25635,0,0,0,0,0,0,0,0,0,0,564,30
25636,101,102,1,0,0,0,0,0,0,0,0,0
25637,2,32,11,0,0,0,0,0,0,0,0,0
25638,0,0,0,0,0,5,0,0,0,41,1503,5
25639,0,0,0,11,97,38,0,0,0,0,0,0
25640,0,0,0,0,17,44,0,0,0,0,0,0
25641,0,1,0,0,33,0,51,2855,19,0,0,0
25642,0,0,0,0,0,2,0,0,0,35,959,34
25643,0,0,0,7,1,22,0,0,0,0,0,0
25644,0,4,0,0,10,0,445,2911,92,0,0,0
25645,0,0,0,0,168,116,0,0,0,0,0,0
25646,0,0,0,0,7,40,0,0,0,0,0,0
25647,0,4,0,0,76,0,267,6302,104,0,0,0
25648,0,0,0,0,8,48,0,0,0,0,0,0
25649,0,0,0,0,3,30,0,0,0,0,0,0
25650,0,25,0,0,24,0,436,1937,25,0,0,0
25651,0,0,0,2,2,131,0,0,0,0,0,0
25652,0,0,0,2,5,36,0,0,0,0,0,0
25653,0,0,0,11,2,57,0,0,0,0,3,0
25654,0,1,0,0,88,0,186,2505,223,0,0,0
25655,0,0,0,8,6,186,0,0,0,0,3,0
25656,8,239,0,0,0,0,1,0,0,0,0,0
25657,7,65,47,0,0,0,6,0,0,0,0,26
25658,0,0,0,0,0,78,0,0,0,1,4665,1
25659,24,121,17,0,0,0,6,0,0,1,0,0
25660,0,2,0,0,56,0,112,4009,235,0,0,1
25661,0,0,0,1,7,59,0,0,0,0,0,0
25662,0,0,0,35,13,78,0,0,0,0,0,0
25663,0,0,0,6,1,354,0,0,0,0,2,0
25664,4,29,6,0,0,0,1,0,0,0,0,0
25665,0,0,0,0,0,36,0,0,0,0,3253,0
25666,0,0,0,18,49,305,0,0,0,0,4,0
25667,0,0,0,0,0,28,0,0,0,1,3375,1
25668,50,54,195,0,0,0,0,0,0,0,0,0
25669,0,0,0,0,0,11,0,0,0,36,3126,13
25670,14,31,1,0,0,0,0,0,0,0,0,0
25671,0,0,0,0,0,0,0,0,0,53,680,4
25672,0,0,0,0,0,12,0,1,2,271,2061,214
25673,0,0,0,84,41,743,0,0,0,0,1,0
25674,0,0,0,33,39,922,0,0,0,0,1,0
25675,0,0,0,13,41,104,0,0,0,0,0,0
25676,0,0,0,0,261,3094,0,26,0,0,15,0
25677,0,0,0,0,17,0,303,2727,11,0,0,0
25678,0,0,2,0,0,2,0,0,0,720,774,1
25679,0,0,0,15,29,608,0,0,0,0,4,0
25680,0,0,0,0,0,4,0,0,0,90,1233,5
25681,0,2,0,0,0,0,1092,380,71,0,0,0
25682,0,0,0,0,184,364,0,0,0,0,1,0
25683,0,0,0,93,20,89,0,0,0,0,0,0
25684,0,3,0,0,0,0,167,236,4,0,0,0
25685,0,0,0,0,0,7,0,0,0,78,575,27
25686,1,0,0,140,71,205,0,0,0,0,0,0
25687,0,4,0,0,236,0,1688,2697,171,0,0,0
25688,0,0,0,0,0,27,0,0,0,165,3448,32
25689,0,0,0,110,37,1024,0,0,0,0,5,0
25690,0,6,0,0,41,0,768,9451,51,0,6,0
25691,0,2,0,0,4,1,531,1479,3,0,0,0
25692,0,0,0,0,0,0,0,0,0,5,647,1
25693,0,0,6,0,0,3,0,0,0,2474,1453,2
25694,0,0,0,4,32,399,0,0,0,0,0,0
25695,0,0,0,66,10,350,0,0,0,0,3,0
25696,0,0,0,0,0,0,113,29,252,0,0,1
25697,900,167,181,6,0,0,0,0,0,1,0,0
25698,59,95,57,0,0,0,1,0,0,0,0,0
25699,2,8,1,0,8,1,2377,1315,79,0,0,0
25700,0,0,0,0,0,1,0,0,0,68,399,1
25701,0,0,0,0,0,0,0,0,0,62,405,3
25702,0,0,0,0,0,125,0,0,1,71,15412,72
25703,0,0,0,0,0,84,0,0,0,125,8462,36
25704,0,0,0,3,393,141,0,1,0,0,0,0
25705,0,0,0,5,14,309,1,0,0,0,1,0
25706,0,0,0,15,15,299,0,0,0,0,0,0
25707,0,0,0,4,35,134,0,0,0,0,0,0
25708,0,0,0,0,0,23,0,0,0,348,5620,175
25709,0,0,0,33,117,114,0,0,0,0,0,0
25710,0,0,0,0,0,10026,0,0,0,72,16948,88
25711,0,0,0,95,12,1615,0,0,0,0,3,0
25712,46,129,290,0,0,0,0,0,0,0,0,0
25713,0,0,0,1,0,508,0,0,0,0,1,0
25714,0,0,1,0,0,34,0,0,0,126,5583,31
25715,0,0,0,0,8,56,0,0,0,0,0,0
25716,0,0,0,5,4,124,0,0,0,0,0,0
25717,0,0,0,4,0,152,0,0,0,0,2,0
25718,176,633,1,3,0,0,4,0,0,0,0,0
25719,0,0,0,0,0,231,0,0,0,0,0,0
25720,0,43,0,0,47,0,3709,6767,9,0,0,0
25721,0,0,0,0,0,5,0,0,0,21,2620,12
25722,0,0,0,2,30,87,0,0,0,0,0,0
25723,0,0,0,17,7,1403,0,1,0,0,64,0
25724,0,0,0,0,1,85,0,0,0,0,0,0
25725,21,72,4,0,0,0,0,0,0,0,0,0
25726,0,0,0,0,22,0,106,4988,93,0,0,0
25727,0,0,0,1,32,421,0,0,0,0,4,0
25728,0,0,1,0,0,15,0,1,0,54,2972,70
25729,0,0,0,0,1,693,0,0,0,0,10,0
25730,0,13,1,0,0,0,0,0,0,0,0,0
25731,0,0,0,0,0,22,0,0,0,1,5123,0
25732,0,0,0,9,108,102,0,0,0,0,0,0
25733,0,0,0,6,26,78,0,1,0,0,0,0
25734,0,0,0,0,0,3,0,0,0,11,220,9
25735,0,0,0,3,12,23,0,0,0,0,0,0
25736,0,0,0,1,5,107,0,0,0,0,0,0
25737,0,0,0,0,0,0,101,97,2,0,0,0
25738,0,0,0,0,0,0,0,0,0,4,6,3
25739,84,22,22,0,0,0,0,0,0,0,0,0
25740,0,0,0,0,3,0,46,802,0,0,0,0
25741,31,27,1,0,0,0,0,0,0,0,0,0
25742,0,0,0,0,11,0,15,344,2,0,0,0
25743,0,0,0,1,0,17,0,0,0,0,0,0
25744,28,705,9,0,0,0,2,0,0,0,0,0
25745,0,0,0,1,0,452,0,0,0,0,2,0
25746,7,133,5,0,0,0,3,0,0,0,0,0
25747,327,54,61,0,0,0,0,0,0,2,4,0
25748,3,41,3,0,0,0,0,0,0,0,0,0
25749,0,0,0,0,0,2,0,0,0,9,176,2
25750,0,0,0,3,76,18,0,0,0,0,0,0
25751,0,0,0,0,103,24,0,0,0,0,0,0
25752,0,0,0,24,0,45,0,0,0,0,0,0
25753,0,0,0,0,1,0,64,141,0,0,0,0
25754,0,0,0,1,0,55,0,0,0,0,0,0
25755,6,335,2,0,0,0,1,0,0,0,0,0
25756,2,157,42,0,0,0,0,0,0,0,0,0
25757,0,0,0,0,1,0,24,1473,3,0,0,0
25758,31,22,11,0,0,0,0,0,0,0,0,0
25759,464,41,23,29,0,0,0,0,0,0,0,0
25760,0,0,0,0,0,424,0,0,0,0,8,0
25761,22,70,1,0,0,0,0,0,0,0,0,0
25762,26,65,20,0,0,0,0,0,0,0,0,0
25763,0,0,0,1,0,246,0,0,0,0,1,0
25764,4,20,2,0,0,0,0,0,0,0,0,0
25765,6,69,11,0,0,0,1,0,0,0,0,0
25766,0,0,0,23,3,369,0,0,0,0,0,0
25767,0,0,0,0,3,0,19,1833,77,0,0,1
25768,3,40,512,0,0,0,0,0,0,6,0,0
25769,0,0,0,0,2,0,117,861,9,0,0,0
25770,0,1,0,0,5,0,120,656,17,0,0,0
25771,0,0,0,0,0,1,0,0,0,250,1205,7
25772,0,0,0,0,0,4,0,0,0,0,0,0
25773,0,0,0,26,9,79,0,0,0,0,0,0
25774,0,0,0,16,6,162,0,0,0,0,0,0
25775,0,0,0,0,9,0,3,5015,9,0,0,0
25776,0,0,0,0,12,0,5,908,4,0,0,0
25777,0,0,0,0,2,5,0,0,0,116,1770,0
25778,0,0,0,1,2,1,0,0,0,0,0,0
25779,0,0,0,34,14,163,0,0,0,0,1,0
25780,1,0,0,98,10,1,0,0,0,0,0,0
25781,0,0,0,0,0,0,2,32,7,0,0,0
25782,0,0,0,0,0,9,0,0,0,0,2744,1
25783,0,0,0,129,14,340,0,0,0,0,1,0
25784,0,0,0,0,9,1,1,2425,469,0,0,0
25785,0,0,0,0,62,0,8,14873,1516,0,0,0
25786,3,21,88,0,0,0,0,0,0,0,0,0
25787,32,102,23,0,0,0,2,0,0,0,0,0
25788,15,373,8,0,0,0,1,0,0,0,0,0
25789,0,0,0,45,1,3,0,0,0,0,0,0
25790,0,0,0,0,0,0,3,29,14,0,0,0
25791,0,0,0,0,0,5,0,0,0,4,1437,0
25792,0,0,0,0,0,59,0,0,0,189,1721,14
25793,0,82,0,0,4,0,1531,1488,11,0,0,0
25794,0,0,0,8,60,103,0,1,0,0,0,0
25795,0,0,0,7,5,3,0,0,0,0,0,0
25796,0,0,0,0,0,0,0,0,0,1,5,3
25797,0,0,0,0,0,6,0,0,0,69,1327,9
25798,6,197,56,0,0,0,0,0,0,0,0,0
25799,83,36,23,0,0,0,0,0,0,0,0,0
25800,121,57,8,0,0,0,0,0,0,0,0,0
25801,80,32,7,0,0,0,0,0,0,0,0,0
25802,2,31,9,0,0,0,0,0,0,0,0,0
25803,0,0,0,0,0,2,0,0,0,87,594,0
25804,0,0,0,0,0,0,0,0,0,4,8,4
25805,0,0,0,0,0,0,0,0,0,1,9,0
25806,187,5986,25,0,0,0,47,4,0,0,0,0
25807,0,0,0,6,9,162,0,0,0,0,0,0
25808,0,0,0,1,0,3,0,0,0,0,0,0
25809,1,70,29,0,0,0,1,0,0,0,0,0
25810,0,0,1,0,0,4,0,0,0,98,2685,7
25811,0,0,0,0,5,4,0,0,0,0,0,0
25812,0,0,0,1,4,548,0,0,0,0,4,0
25813,0,0,0,3,0,18,0,0,0,0,0,0
25814,5,108,1,0,0,0,0,0,0,0,0,0
25815,0,0,0,1,1,177,0,0,0,0,0,0
25816,0,0,0,0,0,0,78,47,562,0,0,3
25817,5,1458,55,0,0,0,9,0,0,1,0,0
25818,0,0,0,25,27,281,0,0,0,0,0,0
25819,0,0,0,0,10,0,137,669,0,0,0,0
25820,0,0,0,0,0,0,0,0,0,30,304,0
25821,0,0,0,0,0,2,0,0,0,81,822,9
25822,136,61,61,1,0,0,0,0,0,0,0,0
25823,0,70,9,0,0,0,0,0,0,0,0,0
25824,0,0,0,0,0,7,0,0,0,293,700,12
25825,0,0,0,1,0,355,0,0,0,0,0,0
25826,195,64,4,0,0,0,0,0,0,0,0,0
25827,0,0,0,1,1,394,0,0,0,0,1,0
25828,0,0,0,2,0,7,0,0,0,0,0,0
25829,0,0,0,4,2,2,0,0,0,0,0,0
25830,0,0,0,2,2,75,0,0,0,0,0,0
25831,0,0,1,0,0,20,0,0,0,330,1538,113
25832,0,0,0,0,0,2,0,0,0,0,0,0
25833,0,0,0,6,1,53,0,0,0,0,0,0
25834,0,0,0,28,1,7,0,0,0,0,0,0
25835,0,0,0,0,0,0,23,70,2,0,0,0
25836,0,0,0,0,0,6,0,0,0,0,1504,2
25837,0,0,0,20,70,56,0,0,0,0,0,0
25838,0,0,0,0,1,0,2,175,1,0,0,0
25839,0,0,0,0,7,0,1,1018,0,0,0,0
25840,0,0,0,0,0,3,0,0,0,3,152,0
25841,141,214,8,0,0,0,0,0,0,0,0,0
25842,0,0,0,3,0,158,0,0,0,0,0,0
25843,3,113,45,0,0,0,0,0,0,0,0,0
25844,0,0,0,0,0,105,0,0,0,22,15068,78
25845,0,0,0,3,2,27,0,0,0,0,0,0
25846,19,52,12,0,0,0,0,0,0,0,0,0
25847,31,105,41,0,0,0,0,0,0,0,0,0
25848,0,0,0,1,34,91,0,0,0,0,5,0
25849,0,0,0,16,61,61,0,0,0,0,0,0
25850,0,2,0,0,0,0,210,200,2,0,0,0
25851,0,0,0,0,13,90,0,0,0,0,0,0
25852,0,0,0,47,5,62,0,0,0,0,0,0
25853,34,92,1,1,0,0,0,0,0,0,0,0
25854,0,0,0,0,0,2,0,0,0,0,844,0
25855,0,1,0,0,147,1,275,15707,1990,0,0,23
25856,28,219,55,0,0,0,0,0,0,0,0,0
25857,0,0,0,0,0,2,0,0,0,31,134,3
25858,0,0,0,11,0,146,0,0,0,0,0,0
25859,22,370,2,0,0,0,0,0,0,0,0,0
25860,0,0,0,0,1,277,0,0,0,0,0,0
25861,0,0,0,1,0,1,0,0,0,0,0,0
25862,0,0,0,0,0,0,0,2,10,0,0,0
25863,0,0,0,0,0,175,0,0,0,0,0,0
25864,28,231,2,0,0,0,2,0,0,0,0,0
25865,0,0,0,0,0,183,0,0,0,0,1,0
25866,12,51,8,0,0,0,0,0,0,0,0,0
25867,0,0,0,0,0,1,0,0,0,0,644,0
25868,0,0,0,0,0,0,0,0,0,0,56,1
25869,1,0,0,195,12,86,0,0,0,0,3,0
25870,0,0,0,0,0,175,0,0,0,0,4,0
25871,1,21,0,0,0,0,2,0,0,0,0,0
25872,0,0,0,0,0,388,0,0,0,2,6053,0
25873,72,10,1,0,0,0,0,0,0,0,0,0
25874,5,24,12,0,0,0,0,0,0,0,0,0
25875,0,0,0,11,0,176,0,0,0,0,0,0
25876,1,316,7,0,0,0,1,0,0,0,0,0
25877,0,0,0,0,0,0,39,56,24,0,0,0
25878,0,0,0,2,2,789,0,0,0,0,1,0
25879,0,1,0,0,0,0,761,581,32,0,0,0
25880,0,0,0,0,3,107,0,0,0,0,0,0
25881,884,56,3,1,0,0,0,0,0,0,0,0
25882,2,31,4,0,0,0,0,0,0,0,0,0
25883,0,0,0,0,0,0,0,0,0,23,8,6
25884,0,0,0,5,40,36,0,0,0,0,0,0
25885,0,0,0,4,37,71,0,0,0,0,0,0
25886,0,0,0,0,0,11,0,0,0,20,3438,10
25887,0,0,0,2,10,50,0,0,0,0,0,0
25888,0,0,0,12,5,87,0,0,0,0,0,0
25889,0,0,0,0,0,35,0,0,0,3,5218,0
25890,20,46,12,0,0,0,0,0,0,0,0,0
25891,1,57,15,0,0,0,0,0,0,0,0,0
25892,0,0,0,1,2,2,0,0,0,0,0,0
25893,0,0,0,25,6,39,0,0,0,0,0,0
25894,0,0,0,0,0,0,124,8,2,0,0,0
25895,0,0,0,0,0,50,0,0,0,0,0,0
25896,0,0,0,0,0,0,0,0,0,5,94,0
25897,42,348,14,0,0,0,2,0,0,0,0,0
25898,0,0,0,2,1,2,0,0,0,0,0,0
25899,0,0,0,41,1,368,0,0,0,0,0,0
25900,4,30,0,0,0,0,0,0,0,0,0,0
25901,0,0,0,0,0,2,0,0,0,14,108,18
25902,0,0,0,44,40,80,0,0,0,0,0,0
25903,0,0,0,30,402,27,0,4,0,0,0,0
25904,0,0,0,0,0,139,0,0,0,0,15034,1
25905,70,99,12,0,0,0,1,0,0,0,0,0
25906,0,1,0,0,57,0,167,7823,2819,1,8,143
25907,0,4,0,0,506,2,330,60074,4,0,0,0
25908,0,0,0,18,15,641,0,0,0,0,8,0
25909,0,4,0,0,0,0,348,113,35,0,0,0
25910,280,1733,102,9,0,0,13,0,0,0,0,0
25911,0,0,0,27,9,132,0,0,0,0,0,0
25912,0,4,0,0,24,0,544,1718,1,0,0,0
25913,0,52,0,0,43,0,2256,1705,14,0,0,0
25914,0,0,0,0,0,0,0,0,0,8,125,1
25915,30,121,6,0,0,0,0,0,0,0,0,0
25916,0,0,2,0,0,32,0,0,1,175,7859,101
25917,28,76,9,0,0,0,0,0,0,0,0,0
25918,1,31,16,0,0,0,0,0,0,0,0,0
25919,0,0,0,0,0,3,0,0,0,25,2744,7
25920,51,34,11,1,0,0,0,0,0,0,0,0
25921,7,46,21,0,0,0,0,0,0,0,0,0
25922,0,0,0,0,0,0,145,582,117,0,0,0
25923,0,0,0,4,4,30,0,0,0,0,0,0
25924,0,0,0,0,0,0,0,0,0,3,94,0
25925,0,0,0,0,0,1,0,0,0,16,271,2
25926,0,0,0,1,0,78,0,0,0,0,0,0
25927,30,641,2,0,0,0,0,0,0,0,0,0
25928,0,0,0,10,6,329,0,0,0,0,0,0
25929,0,0,0,7,22,7,0,0,0,0,0,0
25930,0,0,0,6,29,2736,0,0,0,0,24,0
25931,0,0,0,0,0,2,0,0,0,164,1047,1
25932,1,0,0,21,18,107,0,0,0,0,1,0
25933,0,0,0,0,0,0,109,12,150,0,0,0
25934,2091,828,54,14,0,0,3,0,0,0,0,0
25935,1,23,12,0,0,0,0,0,0,0,0,0
25936,0,0,0,0,0,0,0,0,0,8,797,2
25937,120,259,10,0,0,0,0,0,0,0,0,0
25938,0,0,0,14,6,285,0,0,0,0,1,0
25939,0,2,0,0,0,0,735,91,5,0,0,0
25940,7,95,6,0,0,0,0,0,0,0,0,0
25941,0,0,1,0,0,13,0,0,0,96,181,1
25942,0,0,0,82,1,448,0,0,0,0,2,0
25943,2,143,2,0,0,0,2,0,0,0,0,0
25944,0,0,0,0,0,2,0,0,0,2,211,0
25945,0,0,0,0,0,0,0,0,0,26,2,8
25946,30,81,49,0,0,0,0,0,0,0,0,0
25947,0,1,0,0,36,4,116,3682,3377,0,1,8
25948,105,277,45,0,0,0,1,0,0,1,0,0
25949,0,0,0,1,23,148,0,0,0,0,0,0
25950,0,0,0,9,1,42,0,0,0,0,0,0
25951,0,1,0,0,0,0,135,126,11,0,0,0
25952,0,0,0,0,0,0,63,8,0,0,0,0
25953,0,0,0,0,1,129,0,0,0,0,0,0
25954,0,0,0,0,10,0,89,2195,2,0,0,0
25955,0,0,0,0,2,0,63,138,0,0,0,0
25956,0,0,0,0,0,146,0,0,0,0,0,0
25957,0,0,0,2,1,73,0,0,0,0,0,0
25958,73,821,15,0,0,0,2,0,0,0,0,0
25959,0,0,0,1,0,4099,0,0,0,0,9,0
25960,1,32,0,0,0,0,0,0,0,0,0,0
25961,0,0,0,0,0,0,0,0,0,39,292,5
25962,1,0,0,13,6,108,0,0,0,0,2,0
25963,0,0,0,0,0,0,44,49,349,0,0,1
25964,326,93,39,3,0,0,0,0,0,0,0,0
25965,11,75,13,0,0,0,0,0,0,0,0,0
25966,1,88,45,0,0,0,0,0,0,0,0,0
25967,3,48,7,0,0,0,0,0,0,0,0,0
25968,33,6723,40,0,0,0,82,4,0,0,0,0
25969,0,0,0,73,290,616,0,11,0,0,6,0
25970,0,0,0,1,6,0,3,445,12,0,0,0
25971,0,1,0,0,1,0,188,452,65,0,0,0
25972,0,1,0,0,0,0,154,5,7,0,0,0
25973,63,129,16,1,0,0,1,0,0,0,0,0
25974,29,318,67,0,0,0,8,0,0,0,0,0
25975,0,0,0,1,10,262,0,0,0,0,3,0
25976,0,0,2,0,0,4,0,0,1,335,361,110
25977,0,0,0,5,21,145,0,1,0,0,3,0
25978,0,0,0,0,0,0,169,7,1,0,0,0
25979,0,0,0,0,897,0,117,1359,1,0,0,0
25980,37,133,184,0,0,0,3,0,0,3,0,0
25981,0,0,0,0,0,0,81,318,2,0,0,0
25982,0,0,0,3,0,75,0,0,0,0,1,0
25983,542,786,16,21,0,0,7,0,0,0,0,0
25984,3,40,51,0,0,0,1,0,0,0,0,0
25985,81,43,13,0,0,0,4,0,0,0,0,0
25986,81,69,84,1,0,0,0,0,0,0,0,0
25987,0,0,0,0,1,0,14,255,15,0,0,0
25988,0,17,4,0,0,0,0,0,0,0,0,0
25989,0,0,1,0,0,5,0,0,0,18,428,0
25990,0,0,0,3,2,98,0,0,0,0,0,0
25991,0,0,0,0,3,0,184,153,8,0,0,0
25992,0,0,0,0,2,122,0,0,0,0,0,0
25993,0,0,0,0,1,0,61,122,39,0,0,1
25994,0,0,0,0,0,125,0,0,0,0,0,0
25995,1,0,0,44,0,39,0,0,0,0,0,0
25996,0,7,0,2,144,3,611,14230,59,0,0,0
25997,0,0,0,1,1,212,0,0,0,0,0,0
25998,30,810,10,1,0,0,0,0,0,0,0,0
25999,0,0,0,4,5,172,0,0,0,0,1,0
26000,0,0,0,0,1,2,0,0,0,0,0,0
26001,0,18,0,0,0,0,0,0,0,0,0,0
26002,0,0,0,0,0,0,0,0,0,106,83,4
26003,217,50,0,1,0,0,0,0,0,0,0,0
26004,0,0,0,0,0,2,0,0,0,14,338,1
26005,28,106,0,0,0,0,66,0,0,0,0,0
26006,0,253,0,0,0,0,665,5,173,0,0,0
26007,0,0,0,0,3,94,0,0,0,0,0,0
26008,0,0,0,15,1,122,0,0,0,0,0,0
26009,1,76,2,0,0,0,1,0,0,0,0,0
26010,0,0,0,0,0,0,0,0,0,1,1325,0
26011,0,0,0,4,8,233,0,0,0,0,1,0
26012,0,0,0,7,13,156,0,0,0,0,0,0
26013,0,0,0,0,0,6,0,0,0,45,3007,21
26014,5,411,2,0,0,0,1,0,0,0,0,0
26015,0,0,0,0,0,1,0,0,0,233,98,3
26016,0,0,0,6,36,207,0,0,0,0,0,0
26017,0,0,0,6,40,16,0,0,0,0,1,0
26018,0,0,0,0,0,0,0,0,0,2,113,0
26019,81,219,25,0,0,0,1,0,0,0,0,0
26020,0,0,0,0,3,0,217,1006,6,0,0,0
26021,12,109,9564,0,0,0,0,0,0,94,4,0
26022,0,0,0,0,0,4,0,0,0,107,4063,21
26023,0,0,0,12,1,121,0,0,0,0,0,0
26024,93,112,54,0,0,0,0,0,0,1,0,0
26025,0,0,0,0,0,361,0,0,0,0,0,0
26026,0,0,0,0,0,0,0,0,0,0,0,0
26027,2,1,0,0,0,0,0,0,0,0,0,0
26028,0,0,0,0,0,7,0,0,0,1,2652,0
26029,0,0,2,0,0,0,0,0,0,1397,40,6
26030,143,37,3,1,0,0,0,0,0,0,0,0
26031,0,0,0,0,1,0,154,621,0,0,0,0
26032,0,0,0,0,0,0,0,0,0,44,78,0
26033,0,0,0,1,4,5,0,0,0,0,0,0
26034,0,0,0,0,0,0,308,122,1,0,0,0
26035,0,0,0,2,44,130,0,0,0,0,0,0
26036,0,85,5,0,0,0,0,0,0,0,0,0
26037,0,0,0,0,0,0,0,0,0,0,56,0
26038,0,0,0,52,26,152,0,0,0,0,0,0
26039,0,0,0,0,0,9,0,0,0,0,278,1
26040,56,67,19,0,0,0,0,0,0,0,0,0
26041,34,14,29,0,0,0,0,0,0,0,0,0
26042,0,0,0,0,0,14,0,0,0,121,2361,41
26043,0,0,0,16,29,321,0,0,0,0,1,0
26044,0,0,0,0,0,0,0,0,0,19,25,44
26045,106,137,9,0,0,0,2,0,0,0,0,0
26046,28,64,65,0,0,0,0,0,0,0,0,0
26047,0,0,0,1,56,153,0,0,0,0,0,0
26048,0,0,0,0,1,81,0,0,0,0,0,0
26049,0,0,0,0,4,0,147,1524,2,0,0,0
26050,123,154,75,0,0,0,0,0,0,3,0,0
26051,0,0,0,0,1,0,79,326,0,0,0,0
26052,0,0,0,0,11,322,0,0,0,0,0,0
26053,1,479,3,0,0,0,0,0,0,0,0,0
26054,0,0,9,0,0,0,0,0,0,4961,268,1
26055,35,44,25,0,0,0,0,0,0,0,0,0
26056,0,0,0,0,14,0,125,993,9,0,0,0
26057,2,355,91,0,0,0,3,0,0,0,0,0
26058,0,0,0,0,0,33,0,0,0,40,4522,4
26059,45,118,29,0,0,0,1,0,0,0,0,0
26060,0,0,0,0,0,90,0,0,0,380,17232,170
26061,1,0,0,90,5,178,0,0,0,0,0,0
26062,0,0,0,0,186,0,174,14142,374,0,0,0
26063,0,0,0,0,1,0,103,1157,81,0,0,0
26064,0,0,0,0,0,118,0,0,0,0,0,0
26065,0,6,0,0,43,0,283,4279,50,0,0,0
26066,0,0,0,8,62,550,0,0,0,0,3,0
26067,0,0,0,10,1,114,0,0,0,0,0,0
26068,0,0,0,0,0,0,232,5,19,0,0,0
26069,41,1352,38,0,0,0,3,0,0,0,0,0
26070,2,87,9,0,0,0,0,0,0,0,0,0
26071,0,0,0,0,0,0,0,0,0,1,103,0
26072,23,240,2,0,0,0,1,0,0,0,0,0
26073,0,0,0,5,5,18,0,0,0,0,0,0
26074,0,0,0,0,0,0,9,12,0,0,0,0
26075,0,0,0,11,23,144,0,0,0,0,0,0
26076,4,0,0,975,5,474,0,0,0,0,0,0
26077,302,98,1,0,0,0,0,0,0,0,0,0
26078,0,0,0,0,0,108,0,0,0,47,2434,40
26079,0,0,0,0,0,6,0,0,0,251,1500,20
26080,0,0,0,89,13,117,0,0,0,0,1,0
26081,0,0,0,4,32,4,0,0,0,0,0,0
26082,0,0,0,0,0,0,0,0,0,8,585,24
26083,0,0,0,3,9,76,0,0,0,0,0,0
26084,0,0,0,2,23,92,0,0,0,0,0,0
26085,0,0,0,0,0,0,0,0,0,6,234,3
26086,109,440,6,0,0,0,1,0,0,0,0,0
26087,0,0,0,0,0,146,0,0,0,0,0,0
26088,0,0,0,0,0,0,0,0,0,44,247,42
26089,0,0,0,1,0,9,0,0,0,0,0,0
26090,0,15,0,0,0,0,0,0,0,0,0,0
26091,0,0,0,0,0,0,0,0,0,1,168,0
26092,61,34,2,2,0,0,0,0,0,0,0,0
26093,38,27,29,0,0,0,0,0,0,0,0,0
26094,0,0,0,36,3,213,0,0,0,0,1,0
26095,1,35,21,0,0,0,0,0,0,0,0,0
26096,45,138,4295,0,0,0,1,0,0,16,18,0
26097,46,74,59,0,0,0,0,0,0,1,0,0
26098,44,353,31,0,0,0,2,0,0,0,0,0
26099,0,0,0,2,11,738,0,0,0,0,2,0
26100,0,0,0,6,3,186,0,0,0,0,1,0
26101,0,2,0,0,0,0,187,428,25,0,0,0
26102,0,0,0,1,6,176,0,0,0,0,1,0
26103,0,0,0,17,4,363,0,0,0,0,0,0
26104,0,0,0,0,28,0,52,4230,9,0,0,0
26105,19,110,20,0,0,0,0,0,0,0,0,0
26106,0,0,0,31,26,247,0,1,0,0,0,0
26107,0,17,0,0,0,1,188,52,99362,3,20,995
26108,82,220,39,0,0,0,1,0,0,3,0,0
26109,0,32,0,0,7,0,5730,2079,40,0,0,0
26110,0,0,0,0,0,206,0,0,0,50,8141,0
26111,0,0,1,0,0,14,0,0,0,507,4924,25
26112,0,0,0,16,8,372,0,0,0,0,2,0
26113,0,0,0,0,8,0,90,313,54,0,0,0
26114,76,67,21,1,0,0,0,0,0,0,0,0
26115,50,146,495,0,0,0,4,0,0,10,0,0
26116,0,0,0,0,5,0,45,197,54,0,0,0
26117,22,116,13,0,0,0,0,0,0,0,0,0
26118,3,547,8,0,0,0,0,0,0,0,0,0
26119,0,0,0,0,0,0,0,0,0,0,69,1
26120,10,108,0,0,0,0,0,0,0,0,0,0
26121,0,0,0,1,1,35,0,0,0,0,0,0
26122,0,0,0,0,1,0,259,255,0,0,0,0
26123,0,0,0,2,18,49,0,0,0,0,0,0
26124,0,0,0,0,0,1,0,0,0,267,668,1
26125,0,0,4,0,0,1,0,0,0,259,97,0
26126,77,39,12,0,0,0,0,0,0,0,0,0
26127,46,32,178,0,0,0,0,0,0,0,0,0
26128,17,321,27,0,0,0,1,1,0,0,0,0
26129,0,0,0,3,11,44,0,0,0,0,0,0
26130,0,0,0,15,18,144,0,0,0,0,0,0
26131,0,0,0,0,0,0,0,0,0,7,406,9
26132,5,45,4,0,0,0,0,0,0,0,0,0
26133,0,0,0,0,0,0,0,0,0,19,254,0
26134,3,47,0,0,0,0,0,0,0,0,0,0
26135,0,0,0,0,0,0,0,0,0,1,91,1
26136,3,8,0,0,0,0,0,0,0,0,0,0
26137,1,1,1,0,0,0,0,0,0,0,0,0
26138,0,0,0,1,0,65,0,0,0,0,0,0
26139,0,0,0,0,0,0,0,0,0,6,567,0
26140,0,0,0,0,0,0,14,14,2,0,0,0
26141,2,36,1,0,0,0,0,0,0,0,0,0
26142,0,0,0,0,0,2,0,0,0,1,115,0
26143,0,0,0,0,0,0,191,222,0,0,0,0
26144,0,2,0,0,7,0,486,2906,0,0,0,0
26145,0,0,0,0,4,62,0,0,0,0,0,0
26146,0,0,0,5,33,116,0,0,0,0,0,0
26147,0,0,0,0,0,2,0,0,0,23,279,4
26148,83,1756,32,0,0,0,7,0,0,0,0,0
26149,0,0,0,7,45,19920,0,0,0,1,204,0
26150,0,0,0,0,0,1,0,0,0,26,179,7
26151,0,0,1,0,0,15,0,0,0,781,5835,33
26152,0,1,0,0,21,0,702,1847,106,0,0,0
26153,0,0,0,0,55,0,83,1589,26,0,0,0
26154,7,104,60,1,0,0,0,0,0,0,0,0
26155,0,0,0,0,4,0,61,827,35,0,0,0
26156,0,0,0,1,4,645,0,0,0,0,4,0
26157,0,0,0,3,1,37,0,1,0,0,0,0
26158,0,7,0,0,13,0,925,1463,6,0,0,0
26159,0,0,0,2,74,116,0,2,0,0,0,0
26160,0,0,0,4,0,247,0,0,0,0,0,0
26161,435,514,37,3,0,97,0,0,0,1,0,0
26162,29,153,29,0,0,0,0,0,0,0,0,0
26163,0,0,0,4,297,1190,0,0,0,0,6,0
26164,0,0,0,0,0,1,0,0,1,27,227,3
26165,0,0,0,0,0,1,0,0,1,17,389,70
26166,149,67,2,0,0,0,1,0,0,0,0,0
26167,0,0,0,0,17,0,105,2505,125,0,0,0
26168,0,0,0,11,0,127,0,0,0,0,5,0
26169,9,82,13,0,0,0,0,0,0,1,0,0
26170,108,272,35,0,0,0,0,0,0,0,0,0
26171,14,0,0,738,6,1091,0,0,0,2,20,0
26172,0,3,0,0,2,0,841,1528,6,0,0,0
26173,0,0,0,0,2,0,162,479,10,0,0,0
26174,79,174,38,0,0,0,1,0,0,0,0,0
26175,0,77,0,0,0,0,0,0,0,0,0,0
26176,0,0,0,0,0,1,0,0,0,58,1183,0
26177,0,0,0,0,0,11,0,0,0,21,802,31
26178,241,78,17,0,0,0,0,0,0,0,0,0
26179,18,83,63,0,0,0,0,0,0,0,0,0
26180,0,0,0,62,309,90,0,1,0,0,2,0
26181,0,0,0,1,21,152,0,0,0,0,1,0
26182,0,0,0,57,4,358,0,0,0,0,3,0
26183,52,79,3,0,0,0,0,0,0,0,0,0
26184,0,0,0,185,7,149,0,0,0,0,0,0
26185,0,0,0,0,0,0,186,228,9,0,0,0
26186,33,103,28,0,0,0,0,0,0,0,0,0
26187,0,0,0,14,16,766,0,0,0,0,3,0
26188,0,1,0,0,0,0,1154,129,105,0,0,0
26189,28,85,20,0,0,0,0,0,0,0,0,0
26190,2,57,1,0,0,0,1,0,0,0,0,0
26191,0,0,0,0,0,0,0,0,0,15,696,3
26192,0,0,0,0,0,1,0,0,0,49,727,0
26193,0,0,0,0,0,0,18,35,0,0,0,0
26194,1,22,5,0,0,0,0,0,0,0,0,0
26195,0,0,0,0,0,10,0,0,0,21,2122,2
26196,0,0,0,0,0,0,91,290,40,0,0,0
26197,990,4,7,1,0,0,0,0,0,0,0,0
26198,0,0,0,0,0,18,0,0,0,29,1682,0
26199,0,0,0,0,4,0,212,1063,62,0,0,0
26200,14,0,3,0,0,0,0,0,0,0,0,0
26201,0,0,0,0,0,4,0,0,0,80,1456,1
26202,0,0,0,6,4,107,0,0,0,0,0,0
26203,9,81,7,0,0,0,1,0,0,0,0,0
26204,0,0,0,0,0,2,0,0,0,21,528,35
26205,0,0,0,5,1,17,0,0,0,0,0,0
26206,9,260,1,0,0,0,1,0,0,0,0,0
26207,0,0,0,0,1,0,7,154,24,0,0,1
26208,0,0,0,0,0,10,0,0,0,16,2180,5
26209,0,0,0,0,10,0,480,1049,261,0,0,0
26210,0,0,0,11,8,8,0,0,0,0,0,0
26211,0,0,0,0,21,0,62,1719,40,0,0,0
26212,0,0,0,0,0,4,0,0,0,0,231,0
26213,0,0,0,0,0,0,0,0,0,3,81,0
26214,0,0,0,28,28,156,0,0,0,0,1,0
26215,0,0,0,1,1,22,0,0,0,0,0,0
26216,0,0,0,16,11,78,0,0,0,0,0,0
26217,0,3,0,0,8,0,168,2268,86,0,0,1
26218,0,0,0,0,2,1,0,0,0,0,0,0
26219,1,34,0,0,0,0,0,0,0,0,0,0
26220,0,1,0,0,0,0,0,0,0,0,0,0
26221,0,0,0,0,0,0,27,11,1,0,0,0
26222,0,0,0,0,0,20,0,0,0,2,1933,0
26223,9,28,1,0,0,0,0,0,0,0,0,0
26224,0,0,0,0,0,0,0,0,0,20,331,0
26225,53,33,24,0,0,0,0,0,0,0,0,0
26226,23,26,34,0,0,0,0,0,0,0,0,0
26227,0,0,0,0,7,0,270,2251,1,0,0,0
26228,0,0,0,0,0,5,0,0,0,102,2021,7
26229,0,0,0,2,3,14,0,0,0,0,0,0
26230,0,0,0,0,2,0,156,815,52,0,0,0
26231,32,28,57,0,0,0,0,0,0,0,0,0
26232,1,0,0,82,38,205,0,0,0,0,0,0
26233,0,0,0,0,0,0,44,407,0,0,0,0
26234,25,185,74,0,0,0,1,0,0,0,0,0
26235,0,1,0,0,0,0,173,144,0,0,0,0
26236,0,0,0,136,8,37,0,0,0,0,0,0
26237,0,38,0,0,0,0,0,0,0,0,0,0
26238,0,0,0,0,0,0,0,0,0,0,3,0
26239,0,0,0,0,0,0,0,2,1,0,0,0
26240,2,0,0,0,0,0,0,0,0,0,0,0
26241,0,4,0,0,0,0,0,0,0,0,0,0
26242,0,0,0,0,0,0,0,0,0,1,7,0
26243,0,0,0,0,0,37,0,0,0,0,0,0
26244,0,0,0,1,0,9,0,0,0,0,0,0
26245,0,1,0,0,0,0,0,0,0,0,0,0
26246,0,0,0,0,0,0,0,0,0,0,0,0
26247,0,0,0,0,0,0,0,0,0,0,0,0
26248,0,0,0,0,0,14,0,0,0,0,0,0
26249,1,1,0,0,0,0,0,0,0,0,0,0
26250,0,0,0,0,0,0,0,0,0,1,85,0
26251,0,0,0,3,3,68,0,0,0,0,0,0
26252,0,0,0,0,0,0,0,0,0,0,100,0
26253,78,31,21,0,0,0,0,0,0,0,0,0
26254,0,0,0,1,0,87,0,0,0,0,2,0
26255,0,0,0,1,0,2,0,0,0,0,0,0
26256,0,0,1,0,0,22,0,0,0,23,5172,8
26257,0,1,0,0,0,0,511,38,43,0,0,0
26258,0,0,0,0,1,15,0,0,0,0,0,0
26259,0,0,0,25,9,38,0,0,0,0,0,0
26260,0,0,0,12,7,20,0,0,0,0,0,0
26261,0,0,0,0,0,0,0,0,0,2,26,0
26262,0,33,0,0,2,0,1267,858,59,0,0,0
26263,0,0,0,0,0,0,94,1,3,0,0,0
26264,5,2,0,0,0,0,0,0,0,0,0,0
26265,5,128,19,0,0,0,0,0,0,0,0,0
26266,0,0,0,0,0,0,19,0,4,0,0,0
26267,4,55,7,0,0,0,0,0,0,0,0,0
26268,0,0,0,0,1,0,169,279,56,0,0,0
26269,15,23,1,0,0,0,0,0,0,0,0,0
26270,0,0,0,0,0,96,0,0,0,1,52456,10
26271,103,106,37,0,0,0,0,0,0,0,0,0
26272,0,0,0,0,0,0,46,108,11,0,0,0
26273,0,0,0,0,0,0,1,18,4,0,0,0
26274,0,0,0,0,1,28,0,0,0,0,0,0
26275,3,45,0,0,0,0,0,0,0,0,0,0
26276,0,0,0,0,0,0,0,0,0,1,47,1
26277,0,0,0,0,0,0,262,66,4,0,0,0
26278,0,0,0,1,1,63,0,0,0,0,0,0
26279,0,0,0,0,0,1,0,0,0,0,0,0
26280,9,229,4,0,0,0,1,0,0,0,0,0
26281,11,52,16,0,0,0,0,0,0,0,0,0
26282,0,0,0,0,0,0,0,0,0,0,0,0
26283,4,20,7,0,0,0,0,1,0,0,0,0
26284,0,0,0,0,0,0,54,32,24,0,0,0
26285,0,0,0,6,0,43,0,0,0,0,0,0
26286,0,0,0,28,0,138,0,0,0,0,1,0
26287,0,10,0,0,0,0,0,0,0,0,0,0
26288,6,3,0,0,0,0,0,0,0,0,0,0
26289,0,0,0,0,0,187,0,0,0,0,0,0
26290,13,105,0,0,0,0,0,0,0,0,0,0
26291,0,0,0,0,0,0,121,55,11,0,0,0
26292,0,0,0,0,0,0,0,0,0,0,137,0
26293,0,0,0,0,0,0,5,8,1,0,0,0
26294,0,0,0,0,0,12,0,0,0,0,0,0
26295,77,36,2,0,0,0,0,0,0,0,0,0
26296,0,0,0,0,0,0,0,0,0,27,82,2
26297,0,0,0,0,0,2,0,0,0,0,0,0
26298,0,0,0,1,5,35,0,0,0,0,0,0
26299,0,0,0,0,0,0,0,0,0,27,166,128
26300,0,0,0,0,1,10,0,0,0,0,0,0
26301,0,0,0,27,16,133,0,0,0,0,0,0
26302,0,0,0,35,3,95,0,0,0,0,0,0
26303,0,0,0,0,0,17,0,0,0,0,0,0
26304,0,0,0,0,4,61,0,0,0,0,0,0
26305,0,0,0,0,0,116,0,0,6,215,3367,1247
26306,0,0,0,0,0,13,0,0,0,0,0,0
26307,5,0,0,422,29,58,0,0,0,0,0,0
26308,0,0,0,0,0,0,15,66,2,0,0,0
26309,0,0,0,0,0,0,0,0,0,0,111,4
26310,0,0,0,55,1,102,0,0,0,0,1,0
26311,0,0,0,8,2,38,0,0,0,0,0,0
26312,0,0,0,0,22,4,0,1,0,0,0,0
26313,0,0,0,0,0,168,0,0,0,54,3039,3
26314,0,1,0,0,3,0,582,313,87,0,0,0
26315,0,0,0,0,3,89,0,0,0,0,0,0
26316,0,0,0,0,0,0,8,67,1,0,0,0
26317,0,0,0,0,0,0,3,5,0,0,0,0
26318,0,0,0,0,0,25,0,0,0,0,0,0
26319,76,1845,2,0,0,0,65,0,0,0,0,0
26320,0,0,0,4,6,135,0,0,0,0,9,0
26321,0,0,0,0,3,17,0,0,0,0,0,0
26322,0,0,0,0,0,1,0,0,0,216,369,0
26323,0,0,0,0,0,48,0,0,0,0,0,0
26324,0,0,0,0,0,15,0,0,0,0,0,0
26325,0,1,0,0,0,0,869,70,2,0,0,0
26326,0,0,0,0,0,0,0,0,0,11,394,0
26327,0,0,0,0,0,5,0,0,0,0,0,0
26328,19,63,8,0,0,0,0,0,0,0,0,0
26329,0,0,0,0,0,0,5,15,0,0,0,0
26330,0,0,0,0,0,8,0,0,0,0,0,0
26331,0,0,0,2,1,573,0,0,0,0,0,0
26332,9,203,2,1,0,0,2,0,0,0,0,0
26333,0,0,0,0,0,0,0,0,0,2,407,2
26334,15,41,50,0,0,0,0,0,0,0,0,0
26335,0,0,0,0,0,1,0,0,0,8,342,3
26336,0,0,0,1,0,1,0,0,0,0,0,0
26337,0,17,1,0,0,0,0,0,0,0,0,0
26338,0,0,0,0,0,0,4,4,6,0,0,0
26339,0,0,0,0,0,0,0,0,0,1,17,1
26340,0,0,0,0,0,12,0,0,0,5,1486,2
26341,11,3,0,0,0,0,0,0,0,0,0,0
26342,0,0,0,0,1,157,0,0,0,0,8,0
26343,0,0,0,0,0,0,0,0,0,1,4,0
26344,0,0,0,0,0,0,0,0,0,0,14,0
26345,0,0,0,0,1,4,0,0,0,0,0,0
26346,0,0,0,0,0,1,0,0,0,0,0,0
26347,1,7,0,0,0,0,0,0,0,0,0,0
26348,0,0,0,0,0,0,0,0,0,2,1,0
26349,0,0,0,3,0,5,0,0,0,0,0,0
26350,0,0,0,0,0,0,23,10,1,0,0,0
26351,0,0,0,0,0,0,0,0,0,0,102,0
26352,0,0,0,0,0,0,27,36,3,0,0,0
26353,0,0,0,0,0,0,0,0,0,1,173,0
26354,0,0,0,11,2,2,0,0,0,0,0,0
26355,0,0,0,2,10,3,0,0,0,0,0,0
26356,0,0,0,0,0,0,0,0,0,5,2,1
26357,0,0,0,0,0,0,5,2,1,0,0,0
26358,3,1271,2,0,0,0,1,0,0,0,0,0
26359,0,0,0,1,2,7,0,0,0,0,0,0
26360,0,0,0,0,0,2,0,0,0,0,0,0
26361,0,0,0,0,0,0,1,1,1,0,0,0
26362,0,0,0,1,0,1,0,0,0,0,0,0
26363,0,0,0,0,0,0,0,40,1,0,0,0
26364,0,0,0,0,0,2,0,0,0,0,0,0
26365,0,0,0,0,2,0,40,300,1,0,0,0
26366,0,0,0,0,0,0,0,0,0,2,766,1
26367,0,0,0,0,3,0,32,314,51,0,0,0
26368,0,0,0,0,0,14,0,0,0,0,0,0
26369,4,17,3,0,0,0,0,0,0,0,0,0
26370,0,0,0,0,0,0,0,0,0,0,227,0
26371,0,0,0,2,0,5,0,0,0,0,0,0
26372,0,0,0,0,0,0,3,326,2,0,0,0
26373,0,0,0,0,0,0,0,0,0,0,55,1
26374,0,0,0,8,5,5,0,0,0,0,0,0
26375,0,0,0,0,0,0,20,113,2,0,0,0
26376,0,0,0,0,0,0,0,0,0,1,175,0
26377,9,15,0,0,0,0,0,0,0,0,0,0
26378,3,3,3,0,0,0,0,0,0,0,0,0
26379,0,0,0,3,0,12,0,0,0,0,0,0
26380,2,175,0,0,0,0,4,0,0,0,0,0
26381,0,0,0,0,0,1,0,0,0,0,0,0
26382,0,0,0,0,0,5,0,0,0,0,0,0
26383,0,0,0,0,0,0,3,48,17,0,0,0
26384,0,0,0,0,0,0,0,0,0,0,0,0
26385,0,0,0,19,0,52,0,0,0,0,0,0
26386,1,4,0,0,0,0,0,0,0,0,0,0
26387,0,19,0,0,0,0,0,0,0,0,0,0
26388,0,0,0,0,0,0,0,0,0,4,303,0
26389,0,0,0,0,4,0,71,1056,3,0,0,0
26390,0,0,0,6,2,20,0,0,0,0,0,0
26391,0,0,0,0,1,0,23,219,4,0,0,0
26392,32,68,0,0,0,0,0,0,0,0,0,0
26393,0,0,0,0,0,0,0,87,2,0,0,0
26394,0,0,0,0,0,20,0,0,0,0,0,0
26395,0,0,0,0,0,0,0,0,0,71,139,0
26396,0,0,0,0,1,1,0,0,0,0,0,0
26397,0,0,0,4,0,75,0,0,0,0,0,0
26398,0,1,0,0,1,0,169,330,13,0,0,0
26399,0,0,0,0,0,2,0,0,0,0,0,0
26400,152,30,1,0,0,0,0,0,0,0,0,0
26401,0,0,4,0,0,0,0,0,0,0,0,0
26402,3,274,0,0,0,0,8,0,0,0,0,0
26403,0,11,0,0,0,0,0,0,0,0,0,0
26404,0,0,0,0,0,0,0,0,0,2,16,0
26405,0,0,0,0,0,0,0,0,0,1,19,1
26406,0,0,0,10,21,82,0,0,0,0,0,0
26407,0,0,0,0,3,4,0,0,0,0,0,0
26408,0,0,0,0,0,2,0,0,0,30,1684,71
26409,0,0,0,3,35,267,0,0,0,0,0,0
26410,0,0,0,3,1,56,0,0,0,0,0,0
26411,0,0,0,1,2,11,0,0,0,0,0,0
26412,0,0,0,0,1,129,0,0,0,0,1,0
26413,0,0,0,1,0,1,0,0,0,0,0,0
26414,10,0,0,0,0,0,0,0,0,0,0,0
26415,0,0,0,0,0,0,0,0,0,0,224,0
26416,0,0,0,0,10,1,161,2458,252,0,0,1
26417,0,0,0,0,0,2,0,0,0,0,0,0
26418,0,0,0,6,7,98,0,0,0,0,0,0
26419,0,0,0,0,0,4,0,0,0,0,0,0
26420,0,9,0,0,0,0,0,0,0,0,0,0
26421,0,0,0,0,0,0,0,0,0,0,289,0
26422,0,0,0,9,33,2,0,0,0,0,0,0
26423,0,0,0,0,0,0,0,0,0,21,9,0
26424,0,0,0,6,25,2605,0,0,0,0,2,0
26425,0,0,0,0,0,0,0,0,0,2,45,0
26426,0,0,0,0,0,0,229,137,0,0,0,0
26427,0,0,0,147,8,68,0,0,0,0,0,0
26428,0,0,0,0,19,0,128,5337,38,0,0,0
26429,0,0,0,0,0,6,0,0,0,0,0,0
26430,0,0,0,0,0,122,0,0,0,0,0,0
26431,6,2,1,0,0,0,0,0,0,0,0,0
26432,3,24,0,0,0,0,0,0,0,0,0,0
26433,0,62,0,0,0,0,0,0,0,0,0,0
26434,7,5,2,0,0,0,0,0,0,0,0,0
26435,1,143,17,0,0,0,0,0,0,0,0,0
26436,0,0,0,4,9,143,0,0,0,0,1,0
26437,0,0,0,0,0,0,0,0,0,20,175,0
26438,0,0,0,5,5,10,0,0,0,0,0,0
26439,0,0,0,0,25,0,76,2268,29,0,0,0
26440,90,14,4,0,0,0,0,0,0,0,0,0
26441,13,68,32,0,0,0,0,0,0,0,1,0
26442,0,0,0,42,75,174,0,0,0,0,2,0
26443,0,0,0,1,8,92,0,0,0,0,0,0
26444,0,0,0,0,0,0,0,0,0,9,224,10
26445,0,0,0,4,13,126,0,0,0,0,0,0
26446,0,0,0,5,32,134,0,0,0,0,1,0
26447,0,0,0,1,0,7,0,0,0,93,2387,52
26448,0,0,0,1,20,452,0,0,0,0,1,0
26449,1,183,5,0,0,0,0,0,0,0,0,0
26450,0,0,0,0,1,0,52,348,17,0,0,0
26451,14,96,163,0,0,0,0,0,0,0,0,0
26452,0,1,0,0,0,0,312,166,12,0,0,0
26453,0,0,0,0,6,33,0,0,0,0,0,0
26454,0,0,0,1,6,47,0,0,0,0,0,0
26455,0,0,0,0,0,3,0,0,0,67,2047,7
26456,0,0,0,0,0,51,0,0,0,180,6479,169
26457,0,0,0,115,7,27,0,0,0,0,0,0
26458,0,0,0,0,0,0,113,394,17,0,0,0
26459,32,682,65,0,0,0,6,0,0,0,0,0
26460,0,0,0,0,27,76,0,0,0,0,0,0
26461,0,0,0,0,0,7,0,0,0,51,2946,109
26462,0,0,0,48,4,58,0,0,0,0,0,0
26463,0,0,0,2,172,46,0,3,0,0,0,0
26464,0,0,0,0,0,27,0,0,0,59,3853,27
26465,0,0,0,11,3,63,0,0,0,0,0,0
26466,0,0,0,0,0,0,138,219,14,0,0,0
26467,0,0,0,0,0,0,86,31,860,0,0,0
26468,0,0,0,1,1,30,0,0,0,0,0,0
26469,0,0,0,0,0,48,0,0,0,26,674,18
26470,0,0,0,0,0,2,0,0,0,0,0,0
26471,0,14,0,0,0,0,0,0,0,0,0,0
26472,0,32,0,0,0,0,5,0,0,0,0,0
26473,1,15,0,0,0,0,0,0,0,0,0,0
26474,0,0,1,0,0,0,0,0,0,48,5,0
26475,0,0,0,0,0,0,2,2,2,0,0,0
26476,0,0,1,0,0,0,0,0,0,0,0,0
26477,0,3,1,0,0,0,0,0,0,0,0,0
26478,0,0,0,0,0,0,0,0,0,0,5,0
26479,0,0,0,1,1,22,0,0,0,0,0,0
26480,9,11,0,0,0,0,0,0,0,0,0,0
26481,5,2,3,0,0,0,0,0,0,0,0,0
26482,0,70,0,0,0,0,1,0,0,0,0,0
26483,0,0,0,1,0,74,0,0,0,0,0,0
26484,34,5,1,0,0,0,0,0,0,0,0,0
26485,0,0,0,2,8,187,0,0,0,0,1,0
26486,0,0,0,117,0,91,0,0,0,0,0,0
26487,33,88,21,0,0,0,0,0,0,0,0,0
26488,0,0,0,2,72,378,0,0,0,0,0,0
26489,134,2,11,0,0,0,0,0,0,0,0,0
26490,0,0,0,5,12,120,0,0,0,0,1,0
26491,0,0,0,0,0,585,0,0,0,0,3,0
26492,4718,54,1,3932,0,0,0,0,1,0,0,0
26493,1,0,0,0,0,0,45,45,18,0,0,0
26494,0,0,0,26,189,30,0,0,0,0,0,0
26495,0,0,0,15,6,71,0,0,0,0,0,0
26496,0,0,0,3,41,55,0,0,0,0,0,0
26497,0,0,0,0,4,970,0,0,0,0,5,0
26498,0,0,0,0,12,21,0,0,0,0,0,0
26499,0,0,0,0,0,2,0,0,0,1,682,23
26500,0,0,0,0,0,51,0,0,0,0,0,0
26501,0,0,0,0,0,0,192,436,76,0,0,0
26502,0,0,0,14,0,21,0,0,0,0,0,0
26503,0,0,0,0,5,15,0,0,0,0,0,0
26504,0,0,0,85,6,352,0,0,0,0,2,0
26505,0,0,0,0,0,0,11,95,22,0,0,0
26506,0,0,0,0,0,0,111,292,1,0,0,0
26507,50,78,24,0,0,0,0,0,0,0,0,0
26508,3,30,2,0,0,0,0,0,0,0,0,0
26509,0,0,0,0,0,0,0,0,0,55,412,24
26510,0,0,0,7,18,48,0,0,0,0,0,0
26511,0,0,0,0,9,33,0,0,0,0,0,0
26512,0,0,0,0,0,54,0,0,0,0,0,0
26513,21,120,0,1,0,0,0,0,0,0,0,0
26514,32,68,9,0,0,0,0,0,0,0,0,0
26515,0,0,0,1,6,282,0,0,0,0,1,0
26516,0,0,0,0,8,47,0,0,0,0,0,0
26517,0,0,0,0,2,33,0,0,0,0,0,0
26518,0,0,0,2,2,16,0,0,0,0,0,0
26519,116,185,1,0,0,0,0,0,0,0,0,0
26520,0,0,0,0,4,0,231,1244,205,0,0,2
26521,0,0,0,0,0,0,0,0,0,11,284,1
26522,0,0,0,0,0,0,0,0,0,27,602,6
26523,2,4,4,0,0,0,0,0,0,0,0,0
26524,0,0,0,1,0,4,0,0,0,0,0,0
26525,0,0,0,0,0,0,0,0,0,0,0,0
26526,0,6,0,0,104,0,489,7584,77,0,0,0
26527,0,0,0,0,0,18,0,0,0,11,3701,3
26528,1467,562,36,10,0,0,2,0,0,0,0,0
26529,0,0,0,0,1,0,89,422,258,0,0,2
26530,39,50508,21,0,0,0,49856,3,0,0,0,0
26531,0,0,0,4,16,462,0,0,0,0,0,0
26532,0,0,0,5,64,32,0,0,0,0,0,0
26533,0,0,0,0,0,0,0,0,0,23,766,1
26534,0,0,2,0,0,6,0,0,0,57,1027,18
26535,40,17,3,0,0,0,0,0,0,0,0,0
26536,1,38,4,0,0,0,0,0,0,0,0,0
26537,0,0,0,0,0,11,0,0,0,6,1618,0
26538,0,1,0,0,0,0,206,82,0,0,0,0
26539,0,0,0,0,0,0,431,333,0,0,0,0
26540,0,0,0,0,0,116,0,0,0,0,0,0
26541,2,29,1,0,0,0,0,0,0,0,0,0
26542,0,0,0,0,0,1,0,0,0,33,758,6
26543,0,0,0,12,0,224,0,0,0,0,1,0
26544,15,126,4,0,0,0,0,0,0,0,0,0
26545,0,0,0,0,6,65,0,0,0,0,0,0
26546,0,0,0,23,1,678,0,0,0,0,1,0
26547,10,4,3,0,0,0,0,0,0,0,0,0
26548,0,0,0,0,0,0,0,0,0,17,13,0
26549,0,0,0,0,0,0,0,0,0,0,0,0
26550,0,0,0,0,0,0,307,53,0,0,0,0
26551,0,0,0,0,3,492,0,0,0,0,0,0
26552,0,0,0,61,9,207,0,0,0,0,0,0
26553,0,0,0,0,0,0,37,0,10,0,0,0
26554,32,62,33,0,0,0,0,0,0,0,0,0
26555,23,79,42,2,0,0,0,0,0,0,0,0
26556,0,0,0,0,0,0,7,1,8,0,0,0
26557,5,14,9,0,0,0,0,0,0,0,0,0
26558,0,0,0,0,0,0,360,214,0,0,0,0
26559,0,0,0,0,0,0,0,0,0,11,64,0
26560,0,0,0,0,0,3,0,0,0,0,0,0
26561,0,0,0,18,0,237,0,0,0,0,0,0
26562,7,61,7,0,0,0,0,0,0,0,0,0
26563,12,41,1,0,0,0,0,0,0,0,0,0
26564,4,109,1,0,0,0,0,0,0,0,0,0
26565,1,54,102,0,0,0,0,0,0,0,0,0
26566,11,159,8,0,0,0,1,0,0,0,0,0
26567,0,1,0,0,4,0,300,1411,3,0,0,0
26568,0,0,0,0,0,0,0,0,0,64,45,0
26569,0,0,0,0,1,0,0,0,0,0,0,0
26570,0,0,0,0,0,40,0,0,0,30,1076,9
26571,0,0,2,0,0,1,0,0,0,461,1189,10
26572,0,0,0,1,0,2,0,0,0,0,0,0
26573,0,0,0,24,18,270,0,0,0,0,0,0
26574,0,0,0,0,0,0,1,2,13,0,0,0
26575,1,2,2,0,0,0,0,0,0,0,0,0
26576,4,45,5,0,0,0,0,0,0,0,0,0
26577,0,0,0,0,0,0,0,0,374,16,4,49967
26578,0,103,1,0,0,0,0,0,0,0,0,0
26579,80,191,46,4,0,0,1,0,0,0,0,0
26580,0,0,0,0,0,0,0,0,0,0,0,0
26581,0,0,0,0,0,0,1,2,1,0,0,0
26582,0,0,0,0,0,0,0,11,1,0,0,0
26583,0,2,2,0,0,0,0,0,0,0,0,0
26584,0,0,1,0,0,0,0,0,0,0,0,0
26585,0,0,0,0,0,17,0,0,0,0,181,0
26586,0,0,0,0,0,2,0,0,0,37,1182,2
26587,0,0,0,0,0,2,0,0,0,0,0,0
26588,28,37,14,0,0,0,0,0,0,0,0,0
26589,0,5,0,0,2,0,186,1679,417,0,0,1
26590,0,0,0,0,1,71,0,0,0,0,0,0
26591,102,106,0,0,0,0,1,0,0,0,0,0
26592,39,105,12,2,0,0,0,0,0,0,0,0
26593,0,0,0,0,1,88,0,0,0,0,5,0
26594,72,15,1,0,0,0,0,0,0,0,0,0
26595,0,0,0,0,0,0,43,18,0,0,0,0
26596,0,0,0,0,0,0,0,10,8,0,0,0
26597,0,0,0,0,1,122,0,0,0,0,0,0
26598,0,0,0,4,7,50,0,0,0,0,0,0
26599,0,0,0,4,18,28,0,0,0,2,0,0
26600,0,0,0,0,0,1,0,0,0,36,390,2
26601,0,0,0,0,0,2,0,0,0,39,540,17
26602,0,0,0,0,0,3,0,0,0,0,0,0
26603,20,71,1,0,0,0,0,0,0,0,0,0
26604,0,0,0,0,2,3443,0,0,0,0,24,0
26605,0,0,0,1,2,6,0,0,0,0,0,0
26606,0,0,0,0,0,27,0,0,0,29,6235,4
26607,0,0,0,0,0,28,0,0,0,31,2588,11
26608,0,0,0,0,0,4,0,0,0,0,0,0
26609,0,0,0,7,1,1029,0,0,0,0,4,0
26610,8,21,0,0,0,0,0,0,0,0,0,0
26611,0,0,0,0,0,44,0,0,0,3,8205,0
26612,353,128,21,0,0,0,0,0,0,0,0,0
26613,0,0,0,1,5,2,0,0,0,0,0,0
26614,0,0,0,0,0,0,0,28,1,0,0,0
26615,0,0,0,0,0,0,0,178,1,0,0,0
26616,1,1,1,0,0,0,0,0,0,0,0,0
26617,0,0,0,0,0,0,0,0,0,0,0,0
26618,0,0,0,8,0,184,0,0,0,0,1,0
26619,1,0,0,93,3,2,0,0,0,0,0,0
26620,0,0,0,0,0,0,5,702,340,0,0,0
26621,0,0,0,0,0,260,0,0,0,0,0,0
26622,0,0,0,0,0,5,0,0,0,20,1206,3
26623,0,0,0,9,0,1,0,0,0,0,0,0
26624,0,0,0,2,25,54,0,0,0,0,0,0
26625,0,0,0,0,0,8,0,0,0,0,3620,0
26626,0,0,0,1,1,1,0,0,0,0,0,0
26627,1,24,1,0,0,0,0,0,0,0,0,0
26628,0,0,0,0,0,0,0,0,0,1,0,0
26629,0,6,1,0,0,0,0,0,0,0,0,0
26630,0,56,0,0,0,0,0,0,0,0,0,0
26631,0,0,0,2,0,1,0,0,0,0,0,0
26632,0,0,0,1,0,2,0,0,0,0,0,0
26633,0,0,0,0,0,141,0,0,0,0,0,0
26634,0,0,0,0,0,0,0,358,0,0,0,0
26635,0,0,0,0,0,0,0,0,0,1,2,0
26636,0,0,0,0,0,0,0,0,0,76,227,1
26637,0,0,0,0,1,1,0,0,0,0,0,0
26638,5,2,0,0,0,0,0,0,0,0,0,0
26639,0,0,0,0,0,136,0,0,0,0,0,0
26640,0,0,0,0,2,0,1,650,14,0,0,0
26641,0,0,0,0,0,0,0,0,0,0,32,0
26642,0,0,0,0,0,1,0,0,0,27,275,0
26643,0,2,0,0,0,0,0,0,0,0,0,0
26644,0,48,6,0,0,0,0,0,0,0,0,0
26645,0,0,0,0,0,15,0,0,0,0,7890,1
26646,3,0,8,0,0,0,0,0,0,0,0,0
26647,0,0,0,0,0,0,63,3,1,0,0,0
26648,0,0,0,0,0,0,56,9,1,0,0,0
26649,0,0,1,0,0,0,0,0,0,0,0,0
26650,3,137,0,0,0,0,0,0,0,0,0,0
26651,0,0,0,0,2,144,0,0,0,0,0,0
26652,1,2,11,0,0,0,0,0,0,0,0,0
26653,0,1,0,0,0,0,380,47,0,0,0,0
26654,0,4,0,0,1,0,103,129,2,0,0,0
26655,0,0,0,0,6,68,0,0,0,0,0,0
26656,0,0,0,1,0,0,0,0,0,0,0,0
26657,0,0,0,1,1,16,0,0,0,0,0,0
26658,0,0,0,1,0,19,0,0,0,0,0,0
26659,0,0,0,0,0,1,0,0,0,0,0,0
26660,0,3,0,0,5,0,86,1022,3,0,0,0
26661,0,0,0,1,0,6,0,0,0,0,0,0
26662,3,3,1,0,0,0,0,0,0,0,0,0
26663,0,0,0,0,0,243,0,0,0,0,0,0
26664,3,789,35,0,0,0,7,0,0,2,0,0
26665,0,0,0,2,0,149,0,0,0,0,2,0
26666,5,14,1,0,0,0,0,0,0,0,0,0
26667,8,79,4,0,0,0,0,0,0,0,0,0
26668,0,0,0,0,2,112,0,0,0,0,0,0
26669,0,0,0,1,1,105,0,0,0,0,1,0
26670,0,0,1,0,0,0,0,0,0,0,0,0
26671,0,0,0,0,0,0,0,0,0,0,0,0
26672,0,0,0,0,0,0,60,0,1,0,0,0
26673,0,0,0,2,3,34,0,0,0,0,0,0
26674,0,0,0,1,0,0,0,0,0,0,0,0
26675,4,58,0,0,0,0,0,0,0,0,0,0
26676,26,87,9,0,0,0,0,0,0,0,0,0
26677,0,0,0,0,3,1101,0,0,0,0,11,0
26678,8,0,0,14,3,140,0,0,0,0,0,0
26679,0,0,0,0,3,66,0,0,0,0,0,0
26680,0,0,0,3,0,88,0,0,0,0,0,0
26681,0,0,0,0,0,586,0,0,0,11,47578,0
26682,0,0,0,0,0,0,0,0,0,1,3,0
26683,0,0,0,0,0,1,0,0,0,0,0,0
26684,0,0,0,0,0,1,0,0,0,51,184,456
26685,0,0,0,0,2,0,0,0,0,0,0,0
26686,0,0,0,0,0,0,0,38,0,0,0,0
26687,0,0,0,0,0,0,0,42,1,0,0,0
26688,0,0,0,0,0,0,0,0,0,7,441,0
26689,0,0,0,2,0,1,0,0,0,0,0,0
26690,0,0,0,0,2,0,157,2094,31,0,0,0
26691,0,0,0,0,1,469,0,0,0,0,5,0
26692,0,0,0,0,0,80,0,0,0,0,0,0
26693,3,471,0,0,0,0,0,0,0,0,0,0
26694,0,0,0,0,0,0,0,0,0,0,0,0
26695,0,0,0,0,0,0,0,2,0,0,0,0
26696,0,0,0,0,0,0,0,0,0,0,0,0
26697,0,0,0,0,0,0,0,0,0,0,2,0
26698,0,0,0,0,0,0,0,0,0,0,2,0
26699,87,58,7,0,0,0,0,0,0,0,0,0
26700,0,0,0,0,0,0,101,265,0,0,0,0
26701,0,0,0,0,2,14,0,0,0,0,0,0
26702,6,275,13,0,0,0,0,1,0,0,0,0
26703,0,2,0,0,0,0,0,0,0,0,0,0
26704,0,0,0,0,0,0,0,0,0,1,5,2
26705,0,0,0,8,31,33,0,0,0,0,0,0
26706,0,0,0,3,2,119,0,0,0,0,0,0
26707,0,0,0,0,0,2,0,0,0,0,0,0
26708,2,78,0,0,0,0,0,0,0,0,0,0
26709,0,200,0,0,0,0,50136,637,0,0,0,0
26710,0,0,0,0,0,0,0,0,0,6,351,1
26711,0,0,0,69,24,107,0,0,0,2,0,0
26712,0,0,0,9,1,1,0,0,0,0,0,0
26713,0,0,0,0,0,0,9,363,120,0,0,0
26714,0,0,0,0,4,104,0,0,0,0,0,0
26715,0,0,0,1,5,5,0,0,0,0,0,0
26716,0,0,0,2,0,1,0,0,0,0,0,0
26717,0,0,0,0,1,65,0,0,0,0,0,0
26718,0,0,0,0,0,0,51,652,76,0,0,0
26719,0,0,0,0,5,86,0,0,0,0,0,0
26720,0,1,0,0,5,0,1899,1029,10,0,0,0
26721,0,0,0,0,0,0,0,0,0,16,154,1
26722,0,0,0,7,2,1,0,0,0,0,0,0
26723,0,0,0,25,7,74,0,0,0,0,0,0
26724,0,0,0,0,0,0,8,244,1,0,0,0
26725,0,0,0,0,0,0,0,0,0,4,8,4
26726,0,0,0,9,4,73,0,0,0,0,0,0
26727,0,0,0,0,1,0,62,1968,2,0,0,0
26728,0,0,0,0,0,0,0,0,0,1,523,26
26729,0,0,0,0,3,788,0,0,0,0,6,0
26730,0,0,0,0,6,0,344,2130,5636,0,1,72
26731,0,0,0,0,0,99,0,0,0,0,0,0
26732,0,0,0,0,4,694,0,0,0,0,2,0
26733,0,0,0,1,1,21,0,0,0,0,0,0
26734,3,33,1,0,0,0,0,0,0,0,0,0
26735,0,0,0,1,0,404,0,0,0,0,19901,0
26736,0,3,3,0,0,0,0,0,0,0,0,0
26737,0,0,0,0,0,0,41,11,22,0,0,0
26738,0,28,0,0,0,0,0,0,0,0,0,0
26739,21,66,225,0,0,0,0,0,0,2,0,0
26740,0,0,0,2,1,3,0,0,0,0,0,0
26741,61,98,6,0,0,0,0,0,0,0,0,0
26742,5,50,1,0,0,0,0,0,0,0,0,0
26743,0,65,145,0,0,0,0,0,0,1,0,0
26744,0,0,0,1,2,280,0,0,0,0,0,0
26745,0,0,0,22,3,18,0,0,0,0,0,0
26746,0,0,0,0,1,0,0,567,29,0,0,0
26747,0,0,0,0,0,0,1,4,2,0,0,0
26748,7,932,23,0,0,0,7,0,0,0,0,0
26749,0,0,0,0,7,435,0,0,0,0,0,0
26750,0,0,0,0,1,5,0,0,0,545,1481,7
26751,41,34,1,0,0,0,0,0,0,0,0,0
26752,0,0,0,0,0,0,0,0,0,15,168,2
26753,0,0,1,0,0,5,0,0,0,262,1242,3
26754,0,0,0,0,8,0,183,413,2,0,0,0
26755,0,0,0,0,0,0,10,28,2,0,0,0
26756,0,0,0,10,0,121,0,0,0,0,0,0
26757,0,0,0,0,0,0,0,2,1,0,0,0
26758,0,0,0,0,0,0,1,101,2,0,0,0
26759,54,6554,170,0,0,0,25,1,0,32,0,0
26760,98,296,21,1,0,0,0,0,0,0,0,0
26761,0,0,0,0,11,78,0,0,0,0,0,0
26762,0,0,0,20,24,95,0,0,0,0,0,0
26763,0,0,0,0,7,0,4,3386,2,0,0,0
26764,0,0,0,0,0,0,0,0,0,0,2,1
26765,0,0,0,23,12,501,0,0,0,0,2,0
26766,15,223,2262,0,0,0,1,0,0,16,0,1
26767,1,0,0,0,853,1397362,0,303,0,12,2346,0
26768,0,0,0,0,0,10,0,0,0,123,1582,1
26769,0,0,0,0,0,0,234,202,1,0,0,0
26770,0,0,0,0,0,0,0,0,0,0,62,0
26771,226,63,7,1,0,0,6,0,0,0,0,0
26772,136,105,19,0,0,0,0,0,0,0,0,0
26773,0,0,0,0,0,240,0,0,0,0,0,0
26774,0,0,0,0,0,0,63,302,4,0,0,0
26775,0,0,0,0,0,0,56,1307,1,0,0,0
26776,0,0,0,0,0,0,0,0,0,5,852,5
26777,0,0,0,4,15,226,0,0,0,0,0,0
26778,0,0,0,56,6,0,0,0,0,0,0,0
26779,0,0,0,0,1,0,4,684,27,0,0,0
26780,0,0,0,0,18,68,0,0,0,0,0,0
26781,0,0,0,0,0,3,0,0,0,34,702,6
26782,0,0,0,0,0,1,0,0,0,0,0,0
26783,0,0,0,14,0,80,0,0,0,0,0,0
26784,0,0,0,0,1,0,62,150,6,0,0,0
26785,0,0,0,0,0,0,0,0,0,0,0,0
26786,27,6548,1,0,0,0,27,2,0,0,0,0
26787,0,8,0,0,0,0,1681,114,2,0,0,0
26788,0,0,0,0,0,0,13,0,2,0,0,0
26789,0,0,0,0,0,0,0,0,0,85,273,0
26790,0,0,0,2,14,159,0,0,0,0,0,0
26791,0,0,0,0,0,29,0,0,0,0,0,0
26792,0,0,0,0,0,0,67,127,5,0,0,0
26793,24,62,91,0,0,0,0,0,0,0,0,0
26794,0,0,0,0,0,47,0,0,0,0,0,0
26795,0,0,0,0,0,0,8,34,1,0,0,0
26796,0,0,0,0,0,0,0,0,0,0,0,0
26797,0,0,0,0,0,0,0,2,1,0,0,0
26798,0,0,0,0,0,0,0,3,0,0,0,0
26799,0,0,0,0,0,0,0,0,0,31,229,0
26800,0,0,0,0,0,4,0,0,0,0,0,0
26801,0,0,1,0,3,70,1,1615,162,44,10123,47037
26802,56,1378,6,0,0,0,2,0,0,0,0,0
26803,0,0,0,0,0,0,23,169,152,0,0,0
26804,0,0,0,0,0,0,0,0,0,4,271,0
26805,0,0,0,0,0,2,0,0,0,0,0,0
26806,0,0,0,0,0,0,0,0,0,0,0,0
26807,0,0,0,0,0,2,0,0,0,0,241,0
26808,0,0,0,0,0,2,0,0,0,0,0,0
26809,0,0,0,2,0,1,0,0,0,0,0,0
26810,0,0,0,0,0,0,0,0,0,0,240,1
26811,72,147,1,0,0,0,0,0,0,0,0,0
26812,0,0,0,0,8,71,0,0,0,0,0,0
26813,0,0,0,48,11,69,0,0,0,0,0,0
26814,0,0,0,0,1,0,176,750,3,0,0,0
26815,0,0,0,0,0,0,0,0,0,8,165,3
26816,0,0,0,20,19,84,0,0,0,0,0,0
26817,0,0,0,2,3,0,0,0,0,0,0,0
26818,0,0,0,0,0,0,0,0,0,3,3,2
26819,1,0,0,35,28,404,0,0,0,0,1,0
26820,0,0,0,5,2,133,0,0,0,0,0,0
26821,0,0,0,1,43,38,0,0,0,0,0,0
26822,0,0,0,0,0,12,0,0,0,7,5143,19
26823,0,1,19,0,0,0,0,0,0,0,0,0
26824,0,0,0,0,0,0,207,0,1,0,0,0
26825,0,24,0,0,0,0,0,0,0,0,0,0
26826,0,0,0,0,0,0,0,0,0,0,372,0
26827,0,0,0,0,0,0,0,0,0,0,0,0
26828,1,2,0,0,26,1,793,7172,90,0,0,0
26829,0,0,0,0,0,28,0,0,0,0,0,0
26830,0,0,0,4,4,2,0,0,0,0,0,0
26831,0,0,0,15,1,44,0,0,0,0,0,0
26832,0,0,0,0,0,0,8,22,0,0,0,0
26833,0,0,0,0,0,4,0,0,0,0,758,1
26834,0,44,0,0,6,0,339,2448,14,0,0,0
26835,0,0,0,0,0,0,0,0,0,0,11,3
26836,0,0,0,0,0,0,2,4,0,0,0,0
26837,0,0,0,2,0,135,0,0,0,0,5,0
26838,0,0,0,0,0,0,0,0,0,0,0,0
26839,0,0,0,0,0,0,0,0,0,0,7,0
26840,0,1,0,0,8,0,239,1738,5,0,0,0
26841,0,0,0,0,0,0,0,0,0,9,11,0
26842,0,6,0,0,0,0,660,95,0,0,0,0
26843,0,0,0,1,3,98,0,0,0,0,0,0
26844,0,0,0,1,2,0,0,0,0,0,0,0
26845,0,0,0,0,0,0,0,0,0,0,1,0
26846,0,0,0,0,0,3,0,0,0,8,252,1
26847,222,177,11,19,0,0,1,0,0,0,0,0
26848,0,0,0,0,0,114,0,0,0,0,0,0
26849,0,0,0,0,13,0,100,1131,97,0,0,0
26850,0,0,0,0,0,3,0,0,0,0,0,0
26851,0,0,0,0,0,0,1,1,0,0,0,0
26852,0,0,0,0,0,0,0,1,0,0,0,0
26853,0,0,0,0,1,0,0,0,0,0,0,0
26854,0,0,0,0,0,0,0,0,0,1,0,0
26855,60,248,13,0,0,0,6,0,0,0,0,0
26856,0,0,0,0,0,7,0,0,0,0,0,0
26857,0,0,0,6,0,2,0,0,0,0,0,0
26858,0,0,0,0,0,14,0,0,0,28,4391,6
26859,0,0,0,0,0,0,0,0,0,0,0,0
26860,0,1,1,0,0,0,0,0,0,0,0,0
26861,0,0,0,2,1,2536,0,0,0,0,26,0
26862,0,0,0,0,0,0,0,0,0,1,29,0
26863,0,0,0,0,0,0,0,0,0,0,13,0
26864,3363,147,14,50,0,0,0,0,0,0,0,0
26865,0,0,0,0,0,0,3,2,0,0,0,0
26866,0,1,0,0,0,0,0,0,0,0,0,0
26867,4,182,3,0,0,0,1,0,0,0,0,0
26868,1,2,0,0,0,0,0,0,0,0,0,0
26869,0,0,0,0,0,0,0,0,0,0,7,8
26870,0,0,0,8,10,483,0,0,0,0,0,0
26871,3,21,3,0,0,0,0,0,0,0,0,0
26872,0,13,2,0,0,0,0,0,0,0,0,0
26873,0,0,0,0,0,33,0,0,0,23,5392,22
26874,1,30,1,0,0,0,0,0,0,0,0,0
26875,0,0,0,0,0,8,0,0,0,0,0,0
26876,0,0,0,19,0,10514,0,0,0,0,196,0
26877,0,0,0,0,0,0,0,0,0,2,3,4
26878,0,0,0,0,0,0,0,0,0,0,0,0
26879,0,0,0,111,29,369,0,0,0,0,1,0
26880,0,0,0,0,0,0,0,0,0,51,2,0
26881,0,0,0,0,0,0,0,0,0,0,0,0
26882,0,0,0,0,0,26,0,0,1,43,4640,204
26883,0,0,0,0,0,0,0,0,0,0,0,0
26884,2,22,2,0,0,0,0,0,0,0,0,0
26885,0,0,0,0,0,15,0,0,0,3,6264,1
26886,0,0,0,0,0,0,9,21,0,0,0,0
26887,0,0,0,0,1,12,0,0,0,0,0,0
26888,0,0,0,0,0,0,82,119,0,0,0,0
26889,0,0,0,0,0,0,0,0,0,15,143,0
26890,0,0,0,0,0,0,0,0,0,12,32,1
26891,162,536,61,0,0,0,0,0,0,0,0,0
26892,0,0,1,0,0,1,0,0,0,120,350,24
26893,0,0,0,0,1,1,0,0,0,0,0,0
26894,0,0,8,0,0,266,0,0,0,191,6535,74
26895,0,0,2,0,0,118,0,0,0,144,3981,17
26896,63,168,2,0,0,0,1,0,0,0,0,0
26897,0,0,0,18,17,280,0,0,0,0,6,0
26898,0,1,0,0,0,0,57,39,1,0,0,0
26899,0,0,0,0,0,0,99,1,0,0,0,0
26900,0,0,0,0,0,2,0,0,0,4,191,24
26901,15,34,0,0,0,0,0,0,0,0,0,0
26902,0,0,0,0,0,0,0,0,0,46,86,2
26903,0,0,0,27,1,172,0,0,0,0,2,0
26904,3,97,5,0,0,0,0,0,0,0,0,0
26905,0,0,0,0,5,88,0,0,0,0,1,0
26906,0,0,0,3,4,48,0,0,0,0,0,0
26907,0,0,0,0,0,30,0,0,0,57,3982,45
26908,0,0,0,32,1,14,0,0,0,0,0,0
26909,0,2,0,0,0,0,1109,284,171,0,0,0
26910,1,13,1,0,0,0,0,0,0,0,0,0
26911,0,0,0,0,0,0,0,0,0,1,26,1
26912,0,0,0,0,0,9,0,0,0,23,1788,10
26913,0,0,30,0,0,0,0,0,0,1,0,0
26914,0,0,0,0,0,0,15,130,8,0,0,0
26915,1,176,0,0,0,0,0,0,0,0,0,0
26916,0,0,1,0,0,0,0,0,0,5,82,0
26917,0,0,0,0,0,0,0,0,0,0,6,0
26918,0,1,0,1,2,0,248,2838,9,0,0,0
26919,0,0,0,0,0,0,0,0,0,15,1,21
26920,0,0,0,0,0,2,0,0,0,0,0,0
26921,0,0,0,16,16,111,0,0,0,0,0,0
26922,0,0,2,0,0,0,0,0,0,21,888,0
26923,0,0,0,0,0,1,0,0,0,0,0,0
26924,52,254,0,0,0,0,0,0,0,0,0,0
26925,0,0,0,0,0,0,1,0,0,0,0,0
26926,18,16,10,0,0,0,0,0,0,0,0,0
26927,21,3316,8,0,0,0,12,2,0,0,0,0
26928,15,102,1,0,0,0,1,0,0,0,0,0
26929,0,1,0,0,0,0,642,14,1,0,0,0
26930,0,0,0,1,0,102,0,0,0,0,0,0
26931,0,0,0,0,0,0,0,1,4,0,0,0
26932,0,0,0,0,0,0,0,0,0,0,0,0
26933,0,58,0,0,0,0,0,0,0,0,0,0
26934,0,0,0,0,0,0,0,0,0,47,11,2
26935,0,0,0,0,0,31,0,0,0,0,0,0
26936,0,0,0,0,0,19,0,0,0,169,3458,9
26937,0,1,0,0,0,0,144,10,0,0,0,0
26938,0,0,0,2,1,2,0,0,0,0,0,0
26939,20,48,0,0,0,0,1,0,0,0,0,0
26940,2,67,10,0,0,0,0,0,0,0,0,0
26941,0,0,0,0,0,0,0,0,0,0,0,0
26942,0,0,1,0,0,0,0,0,0,124,843,3
26943,0,0,0,0,0,0,0,1,0,0,0,0
26944,0,0,0,0,0,0,1,0,0,0,0,0
26945,40,180,77,0,0,0,1,0,0,0,0,0
26946,0,0,0,0,0,0,1,42,0,0,0,0
26947,0,0,0,0,0,3,0,0,0,0,532,3
26948,0,0,0,6,2,70,0,0,0,0,0,0
26949,0,0,0,0,0,0,4,59,3,0,0,0
26950,0,0,0,0,0,0,0,0,0,0,0,0
26951,0,0,0,0,13,0,117,5158,1469,0,0,3
26952,2,139,5,0,0,0,0,0,0,0,0,0
26953,0,0,0,0,0,35,0,0,0,0,0,0
26954,0,0,0,0,0,0,0,0,0,26,411,0
26955,0,0,0,0,0,1,0,0,0,1,76,3
26956,0,0,0,1,0,0,0,0,0,0,0,0
26957,0,0,0,27,30,277,0,0,0,0,1,0
26958,0,0,0,0,0,0,0,0,0,2,46,0
26959,0,2,0,0,0,0,542,49,2,0,0,0
26960,0,0,0,2,9,351,0,0,0,0,4,0
26961,0,0,0,0,0,0,16,0,0,0,0,0
26962,0,0,0,0,0,0,8,1,0,0,0,0
26963,5,249,18,0,0,0,4,0,0,0,0,0
26964,0,0,0,0,0,8,0,0,0,16,345,2
26965,10,101,0,0,0,0,0,0,0,0,0,0
26966,0,0,0,7,32,347,0,0,0,0,8,0
26967,0,0,0,0,0,0,0,0,0,5,13,0
26968,0,0,0,4,0,1,0,0,0,0,0,0
26969,0,0,0,7,34,29,0,3,0,0,0,0
26970,0,0,0,0,0,0,0,0,0,0,0,0
26971,0,0,0,0,0,0,1,3,0,0,0,0
26972,0,0,0,0,8,4197,0,0,0,0,37,1
26973,0,199,0,0,0,0,1,0,0,0,0,0
26974,0,0,0,1,0,2,0,0,0,0,0,0
26975,5,0,0,219,2,60,0,0,0,0,1,0
26976,0,0,0,0,0,0,2,45,2,0,0,0
26977,0,0,0,0,0,0,0,0,0,0,4,1
26978,3,0,0,69,14,178,0,0,0,0,0,0
26979,0,0,0,0,0,0,0,0,0,0,0,0
26980,0,0,0,0,0,0,0,3,3,0,0,0
26981,2,86,14,0,0,0,0,0,0,0,0,0
26982,0,0,0,0,0,0,0,0,0,2,26,0
26983,0,1,0,0,0,0,0,0,0,0,0,0
26984,0,0,0,0,0,2,0,0,0,15,336,1
26985,0,0,1,0,0,5,0,0,0,103,1350,3
26986,23,179,12,0,0,0,0,0,0,0,0,0
26987,0,0,0,0,3,459,0,0,0,0,1,0
26988,0,0,0,0,0,1,0,0,0,27,226,1
26989,0,0,0,0,0,3,0,0,0,0,0,0
26990,11,161,1,0,0,0,0,0,0,0,0,0
26991,0,0,0,0,0,0,0,0,0,0,0,0
26992,0,0,0,0,0,0,0,2,0,0,0,0
26993,6,80,25,0,0,0,0,0,0,0,0,0
26994,0,0,0,0,0,0,0,0,0,21,275,0
26995,0,0,0,0,1,0,133,392,4,0,0,0
26996,0,0,0,0,0,4,0,0,0,66,750,1
26997,0,0,0,3,1,1,0,0,0,0,0,0
26998,0,0,0,0,0,0,7,28,6,0,0,0
26999,0,0,0,0,0,201,0,0,0,0,1,0
27000,0,0,0,0,0,0,9,153,4,0,0,0
27001,2,15,12,0,0,0,0,0,0,0,0,0
27002,0,0,0,0,0,29,0,0,0,7,2885,13
27003,18,163,46,0,0,0,0,0,0,3,0,0
27004,0,0,0,0,0,11,0,0,0,0,0,0
27005,0,0,0,0,0,357,0,0,0,35,17083,13
27006,0,6,10,0,0,0,0,0,0,0,0,0
27007,15,24,9,1,0,0,0,0,0,0,0,0
27008,0,0,0,0,3,0,262,494,127,0,0,0
27009,0,0,0,0,0,0,73,7,5,0,0,0
27010,0,12,0,0,0,0,0,0,0,0,0,0
27011,0,0,0,0,0,1,0,0,0,17,344,1
27012,0,0,0,0,0,5,0,0,0,28,824,0
27013,0,0,0,0,1,1,0,0,0,0,0,0
27014,0,14,0,0,61,0,253,10024,27,0,0,0
27015,0,0,0,0,0,0,0,0,0,0,2,1
27016,0,0,0,0,0,0,0,0,0,1,6,0
27017,3,0,0,495,4,232,0,0,0,0,1,0
27018,1,1,0,0,0,0,0,0,0,0,0,0
27019,14,58,6,0,0,0,0,0,0,0,0,0
27020,27,46,6,0,0,0,0,0,0,0,0,0
27021,0,0,0,0,0,0,3,1,399,0,0,2
27022,7,10,1,0,0,0,0,0,0,0,0,0
27023,36,357,101,0,0,0,0,0,0,0,0,0
27024,19,111,77,0,0,0,0,0,0,0,0,0
27025,0,0,0,0,0,1,0,0,0,0,0,0
27026,0,0,0,0,0,2,0,0,0,45,196,1
27027,12,9,0,0,0,0,0,0,0,0,0,0
27028,0,0,0,0,0,0,0,0,0,3,15,2
27029,0,0,0,11,6,28,0,0,0,0,0,0
27030,0,0,0,0,0,0,48,6,17,0,0,0
27031,0,0,0,2,0,2,0,0,0,0,0,0
27032,0,0,0,36,4,65,0,0,0,0,0,0
27033,0,0,0,0,0,0,2,14,0,0,0,0
27034,0,0,0,0,0,0,0,0,0,1,0,0
27035,0,0,0,2,5,252,0,0,0,0,1,0
27036,1,4,0,0,0,0,0,0,0,0,0,0
27037,0,0,0,0,0,0,0,0,0,1,1,19
27038,282,174,0,0,0,0,1,0,0,0,0,0
27039,0,0,0,290,12,26,0,0,0,0,0,0
27040,0,0,0,0,0,0,0,0,0,358,3,0
27041,29,35,0,0,0,0,0,0,0,0,0,0
27042,0,0,0,0,0,0,0,0,0,36,1,1
27043,0,0,0,0,0,0,76,74,1,0,0,0
27044,17,10,11,0,0,0,0,0,0,0,0,0
27045,1,3,0,0,0,0,0,0,0,0,0,0
27046,0,0,0,0,0,21,0,0,0,37,1010,3
27047,0,8,0,0,0,0,1024,850,11,0,0,0
27048,0,0,0,0,0,0,0,0,0,0,6,0
27049,0,0,0,0,0,2,0,0,0,0,0,0
27050,0,0,0,0,10,131,0,0,0,0,2,0
27051,0,0,0,0,5,0,0,0,0,0,0,0
27052,0,0,0,0,0,0,0,0,0,0,1,2
27053,0,0,0,13,4,63,0,0,0,0,0,0
27054,0,0,0,2,0,1,0,0,0,0,0,0
27055,4,0,1,0,0,0,0,0,0,0,0,0
27056,0,0,0,2,0,239,0,0,0,0,0,0
27057,0,0,0,1,0,3,0,0,0,0,0,0
27058,0,0,0,0,0,0,0,0,0,0,0,0
27059,0,0,0,0,0,39,0,0,0,1,4580,0
27060,0,0,0,0,0,0,0,0,0,0,0,0
27061,0,451,0,0,0,0,1,0,0,0,0,0
27062,3,119,0,0,0,0,0,0,0,0,0,0
27063,0,0,0,0,0,110,0,0,0,0,0,0
27064,0,0,0,0,1,1,0,0,0,0,0,0
27065,0,1,0,0,0,0,330,26,1,0,0,0
27066,0,0,0,0,0,0,2,0,0,0,0,0
27067,0,0,0,0,0,0,1,6,0,0,0,0
27068,35,165,22,0,0,0,0,0,0,0,0,0
27069,0,0,0,0,0,0,0,3,1,0,0,0
27070,0,0,0,0,0,0,0,0,0,0,3,0
27071,0,0,0,44,50,1114,0,0,0,0,2,0
27072,0,0,0,0,10,0,0,0,0,0,0,0
27073,0,0,0,0,0,0,0,0,0,0,32,0
27074,0,0,0,1,17,1,362,2496,5,0,0,0
27075,0,0,0,0,0,0,0,0,0,3,3,0
27076,6,25,0,0,0,0,0,0,0,0,0,0
27077,0,0,0,0,0,0,106,902,13,0,0,0
27078,0,0,0,0,0,0,0,0,0,6,187,2
27079,0,0,0,0,0,0,38,10,2,0,0,0
27080,0,0,0,3,1,84,0,0,0,0,0,0
27081,0,0,0,0,0,0,16,8,0,0,0,0
27082,0,0,0,2,0,3,0,0,0,0,0,0
27083,5,201,2,0,0,0,0,0,0,0,0,0
27084,0,0,0,0,0,0,93,292,0,0,0,0
27085,0,0,0,0,0,2,0,0,0,0,26,1
27086,78,519,8,0,0,0,4,0,0,0,0,0
27087,0,0,0,0,0,0,24,59,12,0,0,2
27088,0,0,0,0,0,0,14,30,1,0,0,0
27089,0,0,0,11,3,91,0,0,0,0,1,0
27090,0,0,0,0,0,0,18,2,1,0,0,0
27091,0,2,6,0,0,0,0,0,0,0,0,0
27092,0,0,0,0,0,6,0,0,0,120,1850,5
27093,0,0,0,0,1,2,0,0,0,0,0,0
27094,0,0,0,0,0,0,0,0,0,0,7,0
27095,156,68,12,1,0,0,1,0,0,0,0,0
27096,0,0,0,0,0,0,0,5,0,0,0,0
27097,0,0,0,0,0,0,0,8,0,0,0,0
27098,0,0,0,0,13,17,0,0,0,0,0,0
27099,0,0,0,0,0,5,0,0,0,0,0,0
27100,0,0,0,1,1,1,0,0,0,0,0,0
27101,0,0,0,0,2,43,0,0,0,0,0,0
27102,0,0,0,0,0,0,3,44,1,0,0,0
27103,0,0,0,0,0,0,0,0,0,1,36,7
27104,0,0,0,1,23,194,0,0,0,0,1,0
27105,0,0,0,0,0,0,0,1,1,0,0,0
27106,0,0,0,0,0,0,0,0,0,2,5,0
27107,94,438,9,0,0,0,2,0,0,0,0,0
27108,0,0,0,0,0,1,0,0,0,0,0,0
27109,0,1,0,0,0,0,0,0,0,0,0,0
27110,0,0,0,0,0,1,0,0,0,0,792,0
27111,7,0,0,0,0,0,0,0,0,0,0,0
27112,0,160,0,0,0,0,9206,33,51,0,0,0
27113,0,0,0,0,2,172,0,0,0,0,1,0
27114,0,0,0,0,0,0,0,0,0,3,10,0
27115,0,0,0,0,0,0,3,3,1,0,0,0
27116,0,0,0,0,0,1,0,0,0,23,183,3
27117,0,0,0,1,0,17,0,0,0,0,0,0
27118,7,7,1,0,0,0,0,0,0,0,0,0
27119,0,0,0,0,0,0,0,0,0,0,403,0
27120,1,0,10,0,0,0,0,0,0,0,0,0
27121,0,0,0,0,0,0,13,8,0,0,0,0
27122,0,1,0,0,0,0,122,5,0,0,0,0
27123,0,440,3,0,0,0,1,0,0,0,0,0
27124,0,0,0,0,1,41,0,0,0,0,0,0
27125,0,0,0,65,1,164,0,0,0,0,0,0
27126,0,0,0,0,0,0,0,0,0,0,0,0
27127,0,0,0,0,0,0,1,5,0,0,0,0
27128,0,0,0,0,0,12,0,0,0,47,2211,1
27129,1,0,0,0,0,0,0,0,0,0,0,0
27130,0,1,1,0,0,0,0,0,0,0,0,0
27131,0,0,0,0,0,17,0,0,0,1,3835,1
27132,0,0,0,0,0,64,0,0,0,0,0,0
27133,17,2,0,0,0,0,0,0,0,0,0,0
27134,0,0,0,2,0,492,0,0,0,0,25,0
27135,0,1,0,0,0,0,0,0,0,0,0,0
27136,0,27,0,0,0,0,0,0,0,0,0,0
27137,0,146,0,0,0,0,0,0,0,0,0,0
27138,0,0,0,0,1,215,0,0,0,0,1,0
27139,0,0,0,2,0,3,0,0,0,0,0,0
27140,1,85,1,0,0,0,0,0,0,0,0,0
27141,12,17,7,0,0,0,0,0,0,0,0,0
27142,18,83,1,0,0,0,0,0,0,0,0,0
27143,0,0,0,0,0,60,0,0,0,65,8283,0
27144,21,18,5,0,0,0,0,0,0,0,0,0
27145,0,0,0,0,0,1,0,0,0,21,1135,24
27146,97,91,15,0,0,0,0,0,0,0,0,0
27147,0,2,0,0,16,2,172,2634,250,0,0,1
27148,11,74,3,0,0,0,1,0,0,0,0,0
27149,0,0,2,0,0,0,0,0,0,36,147,0
27150,0,0,0,0,0,0,0,0,0,9,42,1
27151,2,43,9,0,0,0,0,0,0,0,0,0
27152,0,0,0,2,4,190,0,0,0,0,17,0
27153,0,0,0,2,22,17,0,0,0,0,0,0
27154,0,0,0,0,0,0,0,0,0,7,29,3
27155,0,0,0,0,0,7,0,0,0,25,590,0
27156,81,834,11,2,0,0,4,0,0,0,0,0
27157,0,4,0,0,1,0,113,237,8,0,0,0
27158,0,0,0,0,3,46,0,0,0,0,1,0
27159,3,34,0,0,0,0,2,0,0,0,0,0
27160,0,0,0,0,0,0,20,20,2,0,0,0
27161,0,0,0,0,0,12,0,0,0,0,175,0
27162,22,33,4,0,0,0,0,0,0,0,0,0
27163,0,0,0,0,14,0,25,606,34,0,0,0
27164,0,0,0,0,19,50,0,2,0,0,0,0
27165,0,0,0,0,0,0,43,91,9,0,0,0
27166,0,16,4,0,0,0,2,0,0,0,0,0
27167,0,0,0,0,0,8,0,0,0,3,763,0
27168,3,12,0,0,0,0,0,0,0,0,0,0
27169,4,19,2,0,0,0,0,0,0,0,0,0
27170,0,0,0,0,0,13,0,0,0,0,0,0
27171,54,70,0,0,0,0,0,0,0,0,0,0
27172,0,0,0,55,0,0,0,0,0,0,0,0
27173,0,0,0,0,0,1,0,0,0,0,0,0
27174,0,0,0,0,0,0,1,7,0,0,0,0
27175,0,0,0,0,0,0,0,0,0,3,7,0
27176,0,0,0,14,9,24,0,0,0,0,0,0
27177,0,0,0,0,0,13,0,0,0,0,0,0
27178,0,0,0,0,0,0,0,0,0,0,0,0
27179,0,0,0,0,0,0,30,3,0,0,0,0
27180,0,0,0,0,0,0,0,0,0,0,0,0
27181,0,0,0,0,0,0,0,0,0,0,0,0
27182,0,0,0,2,40,69,0,0,0,0,0,0
27183,0,0,0,0,0,0,16,61,0,0,0,0
27184,0,0,0,5,0,1,0,0,0,0,0,0
27185,0,3,6,0,0,0,0,0,0,0,0,0
27186,0,0,0,0,0,0,0,0,0,0,6,22
27187,2,1,0,0,0,0,0,0,0,0,0,0
27188,0,0,0,0,0,0,0,19,1,0,0,0
27189,0,0,0,0,0,0,0,0,0,0,0,0
27190,5,1,0,0,0,0,0,0,0,0,0,0
27191,0,19,0,0,0,0,0,0,0,0,0,0
27192,0,0,0,0,0,0,2,9,8,0,0,0
27193,0,0,0,4,4,468,0,0,0,0,12,0
27194,0,0,0,0,0,0,0,41,18,0,0,0
27195,6,7,4,0,0,0,0,0,0,0,0,0
27196,0,0,0,0,0,0,0,0,0,8,190,0
27197,134,42,1,0,0,0,0,0,0,0,0,0
27198,54,180,1,0,0,0,0,9,0,0,0,0
27199,0,0,0,0,0,0,0,0,0,2,247,18
27200,16,12,0,1,0,0,0,0,0,0,0,0
27201,0,0,0,0,0,0,30,145,1,0,0,0
27202,143,38,5,1,0,0,0,0,0,0,0,0
27203,0,0,0,1,0,57,0,0,0,0,0,0
27204,0,0,0,0,17,0,25,565,48,0,0,0
27205,5,0,0,6,0,74,0,0,0,0,0,0
27206,0,0,0,10,8,264,0,0,0,0,5,0
27207,0,0,0,2,9,120,0,5,0,0,1,0
27208,0,0,0,0,0,1,0,0,1,1,546,40
27209,148,263,3,0,0,0,2,0,0,0,0,0
27210,0,0,0,6,23,424,0,0,0,0,0,0
27211,0,0,0,0,0,0,0,0,0,31,73,6
27212,1,0,0,96,28,122,0,0,0,0,0,0
27213,0,0,1,0,0,32,0,0,0,35,4919,11
27214,0,2,0,0,1,0,227,418,4,0,0,0
27215,0,0,0,6,4,18,0,0,0,0,0,0
27216,0,0,0,99,5,26,0,0,0,0,0,0
27217,0,0,0,0,0,0,114,378,9,0,0,0
27218,0,151,7,0,0,0,5,0,0,0,0,0
27219,0,0,2,0,0,0,0,0,0,418,558,19
27220,0,0,0,45,50,700,0,0,0,0,8,0
27221,1,0,0,171,18,32,0,0,0,0,0,0
27222,0,0,0,1,25,294,0,0,0,0,1,0
27223,0,0,0,0,0,0,0,0,3,15,361,129
27224,10,153,23,0,0,0,0,0,0,0,0,0
27225,0,0,0,0,0,0,72,152,11,0,0,0
27226,0,0,0,0,0,0,14,350,3,0,0,0
27227,0,0,0,1,1,39,0,0,0,0,0,0
27228,10,0,0,47,4,97,0,0,0,0,0,0
27229,5,17,0,0,0,0,0,0,0,0,0,0
27230,0,0,40,0,0,3,0,0,0,596,422,4
27231,0,0,0,19,2,433,0,0,0,0,0,0
27232,13,22,1,0,0,0,0,0,0,0,0,0
27233,0,0,0,15,5,99,0,0,0,0,0,0
27234,308,22,1,1,0,0,0,0,0,0,0,0
27235,0,0,0,0,0,0,47,12,2,0,0,0
27236,0,0,0,0,0,2,0,0,0,4,287,1
27237,26,509,10,0,0,0,2,0,0,0,0,0
27238,0,0,0,0,0,0,24,33,0,0,0,0
27239,18,30,42,0,0,0,0,0,0,0,0,0
27240,0,0,0,0,0,0,86,510,7,0,0,0
27241,13,568,1,0,0,0,0,0,0,0,0,0
27242,0,0,0,1,8,431,0,0,0,0,4,0
27243,27,81,12,0,0,0,0,0,0,0,0,0
27244,0,0,0,11,38,112,0,0,0,0,0,0
27245,0,0,0,7,0,33,0,0,0,0,0,0
27246,2,34,65,0,0,0,0,0,0,0,0,0
27247,0,0,1,0,0,8,0,0,0,52,3022,4
27248,0,0,0,3,0,34,0,0,0,0,0,0
27249,3,14,1,0,0,0,0,0,0,0,0,0
27250,16,51,158,0,0,0,2,0,0,0,0,0
27251,0,0,48,51,4,30,0,0,0,0,0,0
27252,0,0,0,4,0,36,0,0,0,0,0,0
27253,65,390,1,0,0,0,0,0,0,0,0,0
27254,0,0,0,4,35,22,0,0,0,0,0,0
27255,0,0,0,5,1,40,0,0,0,0,0,0
27256,5,255,6,0,0,0,0,0,0,0,0,0
27257,0,0,0,21,3,87,0,0,0,0,1,0
27258,0,1,0,0,0,0,65,253,3,0,0,0
27259,11,14,50071,0,0,0,0,0,0,36,1,0
27260,0,4,0,0,0,0,292,95,1,0,0,0
27261,0,0,0,0,10,0,189,2069,10,0,0,0
27262,1,1775,70,0,0,0,9,0,0,0,0,0
27263,0,0,0,0,0,3,0,0,0,41,2292,30
27264,0,0,0,12,43,226,0,0,0,0,0,0
27265,0,0,0,0,3,59,0,0,0,0,0,0
27266,0,0,0,24,3,89,0,0,0,0,0,0
27267,0,0,0,13,1,292,0,0,0,0,1,0
27268,1,16,10,0,0,0,0,0,0,0,0,0
27269,11,18,21,0,0,0,0,0,0,0,0,0
27270,5,29,25,0,0,0,0,0,0,0,0,0
27271,0,2,0,0,2,0,297,1222,22,0,0,0
27272,0,0,0,0,3,86,0,0,0,0,0,0
27273,0,0,0,12,3,178,0,0,0,0,4,0
27274,0,0,0,3,17,53,0,0,0,0,0,0
27275,0,0,0,0,0,0,0,0,0,15,86,3
27276,0,0,0,0,0,1,0,0,1,65,206,212
27277,11,466,13,0,0,0,1,0,0,0,0,0
27278,0,0,0,7,13,117,0,0,0,0,0,0
27279,0,0,0,5,47,111,0,0,0,0,0,0
27280,0,0,0,48,13,174,0,0,0,0,1,0
27281,0,0,0,0,5,0,45,2636,7,0,0,0
27282,0,0,0,0,0,0,31,87,2,0,0,0
27283,15,79,88,0,0,0,0,0,0,0,0,0
27284,2,5,0,0,0,0,0,0,0,0,0,0
27285,0,0,0,16,2,227,0,0,0,0,2,0
27286,0,0,0,0,0,0,0,0,0,30,323,2
27287,0,0,0,0,20,48,0,0,0,0,0,0
27288,0,0,0,7,1,42,0,0,0,0,0,0
27289,0,0,0,0,0,0,202,91,52,0,0,0
27290,8,14,27,0,0,0,0,0,0,0,0,0
27291,0,0,0,0,4,36740,0,0,0,0,468,0
27292,0,0,0,10,2,491,0,0,0,0,1,0
27293,110,50,3,0,0,0,0,0,0,0,0,0
27294,0,0,0,0,0,30,0,0,0,17,4838,16
27295,61,229,24,0,0,0,1,0,0,0,0,0
27296,0,0,0,3,6,268,0,0,0,0,0,0
27297,0,0,0,0,0,444,0,0,0,58,6145,5
27298,151,134,28,0,0,0,0,0,0,0,0,0
27299,0,0,0,4,0,1788,0,0,0,0,10,0
27300,57,75,13,0,0,0,0,1,0,0,0,0
27301,6,41,1,0,0,0,0,0,0,0,0,0
27302,7,115,2,0,0,0,0,0,0,0,0,0
27303,0,0,0,0,0,0,0,0,0,48,142,2
27304,0,0,0,0,0,0,0,0,0,38,100,0
27305,0,0,0,1,54,135,0,0,0,0,0,0
27306,0,0,0,0,0,0,0,0,0,0,35,0
27307,25,144,9,0,0,0,0,0,0,0,0,0
27308,0,0,0,1,0,107,0,0,0,0,0,0
27309,23,13,2,0,0,0,0,0,0,0,0,0
27310,6,215,7,0,0,0,1,0,0,0,0,0
27311,0,0,0,1,4,116,0,0,0,0,0,0
27312,0,0,0,5,0,73,0,0,0,0,0,0
27313,10,23,1,0,0,0,0,0,0,0,0,0
27314,42,23,0,0,0,0,0,0,0,0,0,0
27315,50,13,7,0,0,0,0,0,0,0,0,0
27316,13,44,8,0,0,0,1,0,0,0,0,0
27317,11,104,110,0,0,0,5,0,0,0,0,0
27318,0,0,0,10,24,293,0,0,0,0,1,0
27319,0,0,0,155,11,1112,0,0,0,0,18,0
27320,0,0,0,1,2,61,0,0,0,0,0,0
27321,57,384,3,0,0,0,1,0,0,0,0,0
27322,0,0,0,1,48,651,0,0,0,0,6,0
27323,0,0,0,0,0,0,0,0,0,7,562,13
27324,0,0,0,2,7,86,0,0,0,0,0,0
27325,10,35,0,0,0,0,0,0,0,0,0,0
27326,34,74,35,0,0,0,0,0,0,0,0,0
27327,0,0,0,0,8,0,109,909,78,0,0,1
27328,0,0,0,0,22,131,0,0,0,0,1,0
27329,0,0,0,0,0,0,0,0,0,35,17,0
27330,56,61,18,0,0,0,0,0,0,0,0,0
27331,0,0,0,0,0,0,0,0,0,47,152,3
27332,0,0,0,3,0,176,0,0,0,0,0,0
27333,1,13,2,0,0,0,0,0,0,0,0,0
27334,0,50,6,0,0,0,0,0,0,0,0,0
27335,0,0,0,0,0,0,0,0,0,117,350,3
27336,0,0,0,47,89,74,0,0,0,0,1,0
27337,0,0,0,0,0,0,16,33,0,0,0,0
27338,10553,66,120,50,0,0,0,0,0,0,0,0
27339,0,0,0,0,0,0,16,61,1,0,0,0
27340,29,188,14,0,0,0,1,0,0,0,0,0
27341,9,69,39,0,0,0,0,0,0,0,0,0
27342,0,0,0,12,1,263,0,0,0,0,1,0
27343,4,84,3,0,0,0,1,0,0,0,0,0
27344,12,25,7,0,0,0,0,0,0,0,0,0
27345,21083,105,23,115,0,0,0,0,0,0,0,0
27346,0,0,0,15,2,1632,0,0,0,0,0,0
27347,56,214,1,0,0,0,0,0,0,0,0,0
27348,0,0,0,17,15,202,0,0,0,0,0,0
27349,35,0,0,48,11,79,0,0,0,0,0,0
27350,0,0,1,0,0,1,0,0,0,85,192,0
27351,0,0,0,12,15,407,0,0,0,0,0,0
27352,0,0,0,0,0,0,0,0,0,0,46,8
27353,355,48,11,0,0,0,0,0,0,0,0,0
27354,11,360,38,0,0,0,0,0,0,0,0,0
27355,1,0,0,60,192,103,0,0,0,0,0,0
27356,0,0,0,1,1,33,0,0,0,0,0,0
27357,1,59,0,0,0,0,0,0,0,0,0,0
27358,0,0,0,0,0,0,28,675,42,0,0,0
27359,188,137,22,2,0,0,0,0,0,0,0,0
27360,0,0,0,4,19,520,0,0,0,0,1,0
27361,0,0,0,0,9,0,22,509,3,0,0,0
27362,12,27,39,0,0,0,0,0,0,0,0,0
27363,10,71,42,0,0,0,0,0,0,0,0,0
27364,0,0,0,0,0,0,26,517,275,0,0,2
27365,82,31,42,0,0,0,0,0,0,0,0,0
27366,0,0,0,0,4,0,103,585,904,0,0,21
27367,0,0,0,0,0,0,0,0,0,3,86,5
27368,105,1027,15,0,0,0,6,0,0,2,0,0
27369,1,59,4,0,0,0,0,0,0,0,0,0
27370,0,0,0,0,0,4,0,0,0,13,699,0
27371,0,0,0,0,0,57,0,0,0,34,3474,12
27372,142,45,12,1,0,0,0,0,0,0,0,0
27373,87,27,1628,0,0,0,0,0,0,101,0,0
27374,0,0,0,9,7,143,0,0,0,0,0,0
27375,0,0,0,0,0,0,98,133,3,0,0,0
27376,0,0,0,0,15,0,32,1192,7,0,0,0
27377,134,81,43,0,0,0,1,0,0,0,0,0
27378,0,0,0,0,4,0,114,488,39,0,0,0
27379,16,142,15,0,0,0,0,0,0,0,0,0
27380,0,0,0,49,7,84,0,0,0,0,0,0
27381,0,0,0,26,26,1331,0,0,0,0,14,0
27382,0,2,52,0,15,0,261,2008,3834,0,2,18
27383,3629,1278,13,20,2,0,12,3,0,0,0,0
27384,0,0,0,10,14,12778,0,0,0,0,210,0
27385,3,0,0,15,4,15,0,0,0,0,0,0
27386,34,124,12,4,0,0,3,0,0,0,0,0
27387,15,64,7,0,0,0,1,0,0,0,0,0
27388,218,512,36,8,0,0,39,1,0,0,0,0
27389,0,0,0,0,0,158,0,0,1,110,14108,460
27390,0,0,0,0,32,0,646,4711,899,0,1,2
27391,111,251,83,0,0,0,0,0,0,0,0,0
27392,7,111,21,0,0,0,0,0,0,0,0,0
27393,0,0,0,0,0,25,0,0,0,17,7797,2
27394,9,45,6,0,0,0,1,0,0,0,0,0
27395,0,0,0,29,4,42,0,0,0,0,0,0
27396,0,0,0,0,0,0,20,166,22,0,0,0
27397,32,806,150,0,0,0,3,0,0,4,0,0
27398,47,509,170,0,0,0,1,1,0,0,0,0
27399,17,241,25,0,0,0,0,0,0,1,0,0
27400,137,314,17,1,0,0,2,0,0,0,0,0
27401,0,0,0,4,45,548,0,0,0,0,0,0
27402,0,0,0,5,97,320,0,0,0,0,1,0
27403,146,413,55,0,0,0,0,0,0,0,0,0
27404,0,0,0,141,16,532,0,0,0,0,14,0
27405,0,0,0,22,51,125,0,0,0,0,0,0
27406,0,0,1,0,0,11,0,0,0,285,1162,78
27407,0,0,0,15,52,1797,0,0,0,0,5,0
27408,0,0,0,104,19,151,0,0,0,0,0,0
27409,1,0,0,34,21,2058,0,0,0,0,0,0
27410,0,0,0,17,41,68,0,0,0,0,0,0
27411,0,0,0,0,0,0,0,0,0,38,96,1
27412,0,0,0,8,23,40,0,0,0,0,0,0
27413,0,0,0,42,14,128,0,0,0,0,0,0
27414,0,0,0,0,0,0,137,48,2,0,0,0
27415,0,9,0,0,0,0,1359,170,2,0,0,0
27416,0,0,0,0,0,3,0,0,0,18,1405,2
27417,11,65,14,0,0,0,0,0,0,0,0,0
27418,0,0,0,0,0,7,0,0,0,252,440,4
27419,0,0,0,18,90,250,0,0,0,0,0,0
27420,0,4,0,0,0,0,932,42,9,0,0,0
27421,42,820,330,0,0,0,0,0,0,0,0,0
27422,0,0,0,10,1,289,0,0,0,0,0,0
27423,55,89,6,0,0,0,0,0,0,0,0,0
27424,68,162,14,0,0,0,1,0,0,0,0,0
27425,0,0,0,0,0,10,0,0,0,154,2279,21
27426,17,399,9,0,0,0,1,0,0,0,0,0
27427,0,0,0,0,0,0,0,0,0,66,439,16
27428,0,0,0,31,32,155,0,0,0,0,0,0
27429,0,0,0,0,0,0,0,0,0,14,329,1
27430,0,9,0,0,9,0,2251,90,0,0,0,0
27431,0,0,0,0,0,1,0,0,0,17,365,3
27432,0,0,0,39,3,429,0,0,0,0,6,0
27433,1,22,12,0,0,0,0,0,0,0,0,0
27434,0,0,0,0,0,32,0,0,0,167,7883,31
27435,0,0,0,2,30,85,0,0,0,0,0,0
27436,0,0,0,33,5,45,0,0,0,0,0,0
27437,0,0,0,0,0,0,30,106,8,0,0,0
27438,0,0,0,14,1,276,0,0,0,0,4,0
27439,0,0,0,0,0,0,33,130,1,0,0,0
27440,23,685,65,0,0,0,1,0,0,0,0,0
27441,0,0,0,0,1,0,164,361,17,0,0,0
27442,0,0,0,0,0,3,0,0,0,34,1483,2
27443,0,0,0,3,39,140,0,0,0,0,0,0
27444,0,0,0,0,1,353,0,0,0,0,0,0
27445,0,0,0,4,0,24,0,0,0,0,0,0
27446,12,83,0,0,0,0,0,0,0,0,0,0
27447,0,0,0,0,6,662,0,0,0,0,2,0
27448,0,0,0,0,0,0,0,0,0,7,23,0
27449,22,18,1,0,0,0,0,0,0,0,0,0
27450,0,0,0,0,0,2,0,0,0,61,168,2
27451,0,0,0,168,5,193,0,0,0,0,1,0
27452,42,91,5,0,0,0,0,0,0,0,0,0
27453,0,0,0,0,0,1,0,0,0,8,166,2
27454,0,0,0,0,0,0,0,0,0,20,116,1
27455,51,682,0,0,0,0,1,0,0,0,0,0
27456,10,437,141,0,0,0,1,0,0,0,0,0
27457,0,0,0,0,0,0,24,49,0,0,0,0
27458,22,27,8,0,0,0,0,0,0,0,0,0
27459,0,0,0,0,15,0,256,1593,5,0,0,0
27460,0,0,0,10,14,58,0,0,0,0,0,0
27461,0,0,0,0,5,0,105,1733,16,0,0,0
27462,0,0,0,7,1,4605,0,0,0,0,27,0
27463,0,1,0,0,31,0,228,5145,225,0,0,3
27464,0,0,0,3,13,72,0,0,0,0,0,0
27465,0,0,0,42,7,54,0,0,0,0,0,0
27466,25,85,3,0,0,0,0,0,0,0,0,0
27467,0,0,0,0,3,0,317,859,328,0,0,1
27468,32,493,65,0,0,0,0,0,0,0,0,0
27469,0,0,0,0,0,0,294,52,10,0,0,0
27470,0,0,0,0,1,0,140,46,3,0,0,0
27471,2,0,0,93,2,122,0,0,0,0,0,0
27472,40,126,9,0,0,0,1,0,0,0,0,0
27473,0,0,0,0,0,0,0,0,0,108,137,20
27474,69,214,7,0,0,0,1,0,0,0,0,0
27475,14,48,31,0,0,0,0,0,0,0,0,0
27476,0,0,0,0,0,64,0,0,2,17,5803,113
27477,91,90,8,0,0,0,1,0,0,0,0,0
27478,0,0,0,0,7,0,133,1366,21,0,0,0
27479,0,0,0,100,5,121,0,0,0,0,0,0
27480,3,44,25,1,0,0,0,0,0,0,0,0
27481,0,0,0,0,0,4,0,0,0,39,307,5
27482,0,0,0,76,92,54,0,2,0,0,0,0
27483,0,0,0,61,53,672,0,12,0,0,3,0
27484,0,0,0,6,4,2579,0,0,0,0,7,0
27485,0,0,0,6,9,33,0,0,0,0,0,0
27486,3,167,11,0,0,0,17,0,0,0,0,0
27487,9,109,108,0,0,0,0,0,0,0,0,0
27488,20,187,15,0,0,0,7,0,0,0,0,0
27489,322,1068,570,0,0,0,14,0,0,0,0,0
27490,0,1,0,0,0,0,151,178,113,0,0,0
27491,19,29,26,0,0,0,0,0,0,0,0,0
27492,6,196,12,0,0,0,0,0,0,0,0,0
27493,0,0,0,0,0,14,0,0,0,28,4449,4
27494,0,0,0,0,0,5,0,0,0,189,3843,65
27495,0,0,0,18,55,359,0,0,0,0,1,0
27496,0,0,0,70,2,55,0,0,0,0,0,0
27497,0,0,0,0,0,0,76,225,5,0,0,0
27498,0,0,16,0,0,0,0,0,0,293,1363,4
27499,0,0,0,28,53,508,0,0,0,0,1,0
27500,0,0,7,0,0,1,0,0,0,67,664,8
27501,0,0,0,71,29,549,0,0,0,1,2,0
27502,0,0,0,39,59,125,0,0,0,0,1,0
27503,0,0,0,0,0,4,0,0,0,130,1730,69
27504,0,0,0,210,12,352,0,0,0,0,8,0
27505,0,0,0,0,3,0,274,2245,895,0,2,10
27506,0,0,0,0,17,0,511,4022,507,0,0,7
27507,51,217,99569,1,0,0,1,0,0,1519,68,1
27508,74,84,34,2,0,0,12,0,0,0,0,0
27509,0,0,1,0,0,10,0,0,0,128,3990,47
27510,202,157,121,0,0,0,0,0,0,40,0,0
27511,0,0,0,35,18,551,0,0,0,0,5,0
27512,63,56,10,0,0,0,0,0,0,0,0,0
27513,0,0,0,0,0,117,0,0,0,106,9744,31
27514,0,3,0,0,36,0,120,1069,51,0,0,0
27515,77,66,53,0,0,0,4,0,0,1,0,0
27516,0,332,0,0,42,0,9061,2624,9,0,0,0
27517,2,35,0,0,3,0,688,191,0,0,0,0
27518,0,35,0,0,3,0,1004,121,15,0,0,0
27519,0,0,0,0,0,33,0,0,0,35,763,18
27520,294,72,22,12,0,0,1,0,0,1,0,0
27521,88,137,72,0,0,0,6,0,0,3,0,0
27522,0,0,0,32,94,207,0,4,0,0,3,0
27523,11,0,0,110,127,116,0,5,0,0,3,0
27524,3,0,0,0,0,15,0,0,0,77,577,29
27525,118,268,26,5,0,0,9,0,0,0,0,0
27526,0,0,0,0,1,124,0,0,0,65,6991,24
27527,1,0,1,5,0,3100,0,0,2,101,39858,64
27528,148,57,33,1,0,0,1,0,0,0,0,0
27529,0,0,0,110,31,949,0,1,0,0,9,0
27530,0,2,0,46,35,22,0,0,0,0,0,0
27531,6,0,0,63,43,134,0,0,0,0,1,0
27532,0,0,2,0,2,12,0,0,0,711,2616,37
27533,136,231,35,0,0,0,0,0,0,2,0,0
27534,0,0,0,20,32,1097,0,0,0,0,8,0
27535,0,0,0,0,0,9,0,0,3,94,861,167
27536,0,0,1,0,0,10,2,0,0,122,1645,16
27537,0,0,0,13,133,214,0,1,0,0,7,0
27538,0,0,0,0,0,16,0,0,0,223,1610,9
27539,0,0,1,27,6,5143,0,0,0,0,243,0
27540,55,106,8,0,0,0,0,0,0,0,1,0
27541,0,2,0,0,6,0,144,1557,19,0,0,0
27542,1,0,7,0,0,2,0,0,0,135,679,29
27543,0,0,0,15,39,116,1,0,0,0,3,1
27544,0,0,0,0,1,0,55,180,289,0,0,4
27545,44,234,47,1,0,0,1,0,0,0,0,0
27546,0,0,0,4,6,476,0,0,0,0,1,0
27547,16,94,230,0,0,0,0,0,0,0,0,0
27548,262,39,12,0,0,0,1,0,0,0,0,0
27549,0,0,1,1,0,44,0,0,3,308,3660,27
27550,178,490,14,3,0,0,25,0,0,0,0,0
27551,1001,71,16,207,0,0,0,0,0,0,0,0
27552,95,1103,548,0,0,0,72,0,0,0,1,0
27553,452,0,0,942,46,196,0,0,0,0,1,0
27554,0,0,0,26,285,101,0,9,0,0,17,0
27555,19,0,0,279,39,368,0,0,0,0,4,0
27556,1,8,1,2,20,0,475,2672,61,0,0,0
27557,0,0,0,0,0,0,0,0,1,34,295,3
27558,50,45,18,2,0,0,0,0,0,0,0,0
27559,0,0,6,1,0,4,0,0,0,103,536,31
27560,1,0,0,64,24,108,0,5,0,0,0,16
27561,0,0,16,0,18,0,179,2554,211,0,0,0
27562,21,70,59,2,0,0,0,0,0,0,0,0
27563,0,0,1,0,0,7,0,0,0,49,176,4
27564,0,0,1,10,129,30,0,45,0,0,0,0
27565,1,0,0,39,3,32,0,0,0,0,0,0
27566,0,0,0,0,108,0,44,5368,9,0,0,2
27567,0,0,0,0,0,2,0,0,0,20,184,1
27568,1,0,0,17,23,154,0,0,0,0,61,0
27569,6,0,0,124,5,97,0,0,0,0,0,0
27570,0,0,0,8,107,38,0,60,0,0,2,0
27571,63,31,12,1,0,0,0,0,0,0,0,0
27572,0,2,0,0,9,0,221,304,40,1,0,3
27573,0,0,2,0,0,18,0,0,0,31,818,0
27574,34,18,3,0,0,0,0,0,0,0,0,0
27575,0,0,1,0,0,34,0,0,0,238,2643,28
27576,0,0,0,19,42,1231,0,0,0,0,21,0
27577,0,0,1,1,0,144,0,0,0,89,11955,137
27578,280,586,6,2,0,0,1,0,0,0,0,0
27579,274,391,428,0,0,0,1,0,0,2,0,0
27580,0,0,0,46,73,620,0,0,0,0,3,0
27581,0,0,0,12,15,45,0,0,0,0,0,0
27582,3,0,0,61,8,57,0,0,0,0,1,0
27583,0,0,0,0,9,0,76,1230,6,0,0,0
27584,0,0,1,0,0,9,0,0,0,124,265,3
27585,0,0,0,23,122,86,0,3,0,0,0,0
27586,0,0,0,13,12,46,0,0,0,0,0,0
27587,0,0,0,20,9,24,0,0,0,0,1,0
27588,4,0,0,191,10,69,0,0,0,0,0,0
27589,0,1,0,0,8,0,245,532,8,0,0,0
27590,0,0,1,0,0,20,0,0,0,39,1031,9
27591,0,0,0,5,19,298,0,0,0,9,2,0
27592,0,0,0,33,15,77,0,0,0,0,0,0
27593,0,3,0,0,2,0,181,233,11,0,0,0
27594,0,0,0,16,17,129,0,0,0,0,3,0
27595,0,0,0,0,0,3,0,0,0,10,417,1
27596,0,0,0,0,0,2,0,0,0,202,453,35
27597,1,0,0,265,60,431,0,0,0,0,3,0
27598,0,0,0,0,7,0,159,865,110,6,0,0
27599,13,372,19,0,0,0,3,0,0,0,0,0
27600,0,0,2,0,0,47,0,0,0,350,4364,6
27601,0,1,0,0,10,0,316,1016,2,0,0,0
27602,0,1,0,0,0,0,156,188,2,0,0,0
27603,0,0,0,0,0,15,0,0,0,18,2783,0
27604,0,1485,1,0,2,0,32970,917,15,0,0,0
27605,0,0,0,10,2,125,0,0,0,0,3,0
27606,258,154,19,3,0,0,0,0,0,0,0,0
27607,69,81,57,13,0,0,0,0,0,0,0,0
27608,74,54,27,0,0,0,0,0,0,0,0,0
27609,31,64,235,0,0,0,0,0,0,5,0,0
27610,0,0,0,1,0,26,0,0,0,23,11491,15
27611,36,26,6,0,0,0,0,0,0,2,0,0
27612,0,0,0,0,0,21,0,0,0,22,1163,12
27613,0,2,0,0,0,0,366,361,17,0,0,0
27614,0,0,0,8,44,82,0,0,0,0,0,0
27615,0,0,0,0,0,20,0,0,1,22,1391,12
27616,2,0,0,11,62,680,0,0,0,0,402,0
27617,345,423,19,4,0,1,0,0,0,0,0,0
27618,0,0,0,42,83,601,0,1,0,0,7,0
27619,0,0,0,0,0,3,0,0,0,14,1117,22
27620,162,86,8,0,0,0,0,0,0,0,0,0
27621,0,7,0,0,74,0,768,1376,229,0,0,2
27622,5,0,0,53,15,98,0,0,0,0,1,0
27623,5,0,0,605,33,655,0,0,0,0,9,0
27624,394,84,33,4,0,0,0,0,0,2,0,0
27625,0,0,0,0,0,20,0,0,0,69,3127,29
27626,0,2,0,0,1,0,359,515,242,0,0,0
27627,11,0,0,60,14,288,0,0,0,0,2,0
27628,0,0,0,0,34,0,105,2367,9,0,0,0
27629,0,2,88,0,0,8,0,0,6,5329,504,46
27630,0,0,7,0,0,21,0,0,0,456,3484,35
27631,61,181,16,1,0,0,1,0,0,0,0,0
27632,0,19,0,0,30,0,729,3786,1237,0,0,2
27633,62,323,25,4,0,0,1,0,0,0,0,0
27634,0,0,0,5,43,678,0,0,0,0,4,0
27635,0,0,0,0,0,16,0,0,0,18,2335,20
27636,83,208,7,0,0,0,0,0,0,0,0,0
27637,0,0,0,0,8,0,447,988,55,0,0,0
27638,0,0,0,7,0,1390080,0,0,0,74,26750,24
27639,0,0,0,13,24,205,0,0,0,0,2,0
27640,0,1,0,43,96,151,0,0,0,0,0,0
27641,0,0,0,0,0,24,0,0,0,26,4917,32
27642,39,89,3,0,0,0,0,0,0,0,0,0
27643,0,0,0,0,0,17,0,0,0,126,4355,7
27644,0,0,1,0,0,6,0,0,0,225,2939,76
27645,0,0,0,43,3,1865,0,0,0,0,30,0
27646,249,33,46,2,0,0,0,0,0,1,0,0
27647,47,107,24,1,0,0,2,0,0,1,0,0
27648,5,118,52,0,0,0,0,0,0,0,0,0
27649,0,0,0,0,1,58,0,0,0,60,4768,61
27650,0,0,0,118,10,60,0,0,0,0,0,0
27651,0,0,0,0,3,0,282,958,197,0,0,1
27652,0,0,0,26,42,92,0,0,0,0,3,0
27653,0,0,0,28,111,58,0,0,0,0,0,0
27654,0,0,0,0,1,43,0,0,0,20,5406,20
27655,48,586,32,0,0,0,5,0,0,0,0,0
27656,1,0,0,119,65,1373,0,0,0,0,10,0
27657,0,0,0,0,0,7,0,0,0,11,1779,8
27658,0,0,0,0,0,0,0,0,0,0,0,0
27659,0,0,0,0,34,1,66,2638,196,0,0,1
27660,0,0,0,0,0,0,0,0,0,0,0,0
27661,0,0,0,0,0,34,0,0,0,22,2249,16
27662,91,163,19,2,0,0,1,0,0,0,0,0
27663,25,375,22,0,0,0,6,0,0,0,0,0
27664,0,1,0,0,1,1,52,417,6,0,0,0
27665,8,42,10,0,0,0,0,0,0,0,0,0
27666,0,2,0,0,4,0,261,502,7,0,0,0
27667,0,6,0,0,0,0,151,331,9,0,0,0
27668,47,983,11,0,0,0,323,0,0,0,0,0
27669,8,209,80,0,0,0,3,0,0,0,0,0
27670,0,3,0,0,60,0,1273,2684,71,0,0,0
27671,0,0,0,8,10,147,0,0,0,0,1,0
27672,0,0,0,135,963,359,0,77,0,0,8,0
27673,1,0,2,0,0,32,0,0,1,1709,1654,72
27674,2110,282,39,25,0,0,2,0,0,0,0,0
27675,957,74,664,22,0,0,0,0,0,1,3,0
27676,0,2,0,0,10,0,197,1645,424,0,0,6
27677,21,62,29,0,0,0,0,0,0,0,0,0
27678,1,87,16,0,0,0,1,0,0,0,0,0
27679,0,0,5,0,0,6,0,0,0,168,1205,5
27680,1,0,0,128,22,285,0,0,0,0,3,0
27681,0,0,0,1,23,98,0,0,0,0,0,0
27682,0,0,0,19,80,510,0,1,0,0,2,0
27683,11,310,12,0,0,0,7,0,0,0,0,0
27684,0,0,0,0,0,18,0,0,0,91,2164,17
27685,0,0,0,40,442,402,0,6,0,0,0,0
27686,0,0,2,0,0,0,0,0,0,112,1108,36
27687,0,0,0,15,73,1026,0,6,0,0,14,0
27688,0,0,1,0,0,53,0,0,0,41,3537,5
27689,0,0,4,0,0,24,0,0,0,231,4209,16
27690,174,81,24,0,0,0,3,0,0,0,0,0
27691,81,103,39,0,0,0,0,0,0,0,0,0
27692,0,0,0,19,21,168,0,0,0,0,0,0
27693,0,0,0,12,26,178,0,0,0,0,0,0
27694,1,0,0,58,27,162,0,0,0,0,0,0
27695,0,0,0,14,122,66,0,0,0,0,0,0
27696,0,0,0,22,273,49,0,3,0,0,0,0
27697,0,0,0,0,0,10,0,0,0,50,569,16
27698,0,0,0,10,13,273,0,0,0,0,0,0
27699,0,0,0,4,1,112,0,0,0,0,0,0
27700,65,141,13,1,0,0,0,0,0,1,0,0
27701,0,0,0,14,31,115,0,0,0,0,1,0
27702,0,0,0,14,15,101,0,0,0,0,0,0
27703,0,1,0,0,9,0,271,1341,63,0,0,10
27704,0,0,0,8,7,162,0,0,0,0,1,0
27705,0,0,0,45,7,193,0,0,0,0,5,0
27706,0,0,0,0,10,0,125,1478,2,0,0,0
27707,0,0,0,0,0,35,0,0,0,97,4182,15
27708,0,9,0,0,0,0,930,239,16,0,0,0
27709,0,0,0,0,3,0,304,567,0,0,0,0
27710,0,0,0,0,0,3,0,0,0,12,108,0
27711,380,56,18,22,0,0,2,0,0,0,0,0
27712,40,74,19,0,0,0,2,0,0,0,0,0
27713,0,0,0,2,2,225,0,0,0,0,20,0
27714,18,73,1,0,0,0,1,0,0,0,0,0
27715,0,0,0,0,0,0,30,155,3,0,0,0
27716,0,0,0,6,0,24,0,0,0,0,0,0
27717,0,5,0,0,1,0,81,136,0,0,0,0
27718,0,0,0,59,2,48,0,0,0,0,1,0
27719,0,0,0,13,35,33,0,1,0,0,0,0
27720,0,0,0,3,9,74,0,0,0,0,3,0
27721,22,732,11,0,0,0,24,1,0,0,0,0
27722,0,0,0,8,16,1990,0,0,0,0,16,0
27723,43,33,8,0,0,0,0,0,0,0,0,0
27724,16,41,4,1,0,0,0,0,0,0,0,0
27725,0,0,0,0,0,4,0,0,0,21,402,4
27726,4,59,1,0,0,0,0,0,0,0,0,0
27727,0,0,8,0,0,2,0,0,0,372,118,1
27728,0,0,0,4,19,66,0,0,0,0,1,0
27729,0,0,0,2,7,28,0,0,0,0,0,0
27730,0,0,0,27,2,70,0,0,0,0,0,0
27731,0,0,0,0,3,0,146,156,3,0,0,0
27732,0,0,3,0,0,36,0,0,0,140,836,1
27733,3,0,0,67,13,92,0,0,0,0,0,0
27734,0,0,0,24,63,99,0,1,0,0,0,0
27735,0,0,0,0,0,9,0,0,0,291,761,30
27736,85,65,6,2,0,0,1,0,0,0,0,0
27737,0,0,0,0,0,16,0,0,0,20,2990,14
27738,66,24,5,0,0,0,0,0,0,0,0,0
27739,0,0,0,0,0,925,0,0,1,92,30101,26
27740,0,0,0,37,56,112,0,1,0,0,0,0
27741,0,0,0,2,0,22,0,0,0,138,4595,27
27742,160,70,45,3,0,0,0,0,0,0,0,0
27743,352,30,16,2,0,0,0,0,0,0,0,0
27744,33,57,13,0,0,0,0,0,0,0,0,0
27745,361,6221,37,0,0,0,73,1,0,0,0,0
27746,0,1,0,0,0,0,85,547,35,0,0,0
27747,32,29,280,0,0,0,0,0,0,18,0,0
27748,9,36,4,0,0,0,0,0,0,0,0,0
27749,40,80,162,0,0,0,1,0,0,7,0,0
27750,0,1,0,0,14,0,78,1058,13,0,0,0
27751,19,484,25,0,0,0,5,0,0,0,0,0
27752,0,0,0,11,11,27170,0,0,0,4,1391573,27
27753,61,859,30,0,0,0,3,0,0,1,0,0
27754,0,0,0,0,24,0,115,2561,291,0,0,1
27755,486,158,82,2,0,0,1,0,0,1,0,0
27756,25,228,25,0,0,0,2,0,0,0,0,0
27757,0,0,0,6,16,99,0,0,0,0,0,0
27758,0,4,0,0,2,0,706,830,55,0,0,0
27759,58,137,24,0,0,0,0,0,0,0,0,0
27760,0,0,0,0,0,0,0,0,0,0,0,0
27761,0,0,0,0,0,0,0,0,0,0,0,0
27762,0,1,0,1,5,0,159,1049,163,0,1,1
27763,19,44,34,0,0,0,0,0,0,0,0,0
27764,0,28,3,0,0,0,0,0,0,0,0,0
27765,0,0,1,0,0,5,0,0,0,114,1107,2
27766,0,0,0,1,8,59,0,0,0,0,0,0
27767,0,0,0,2,98,30,0,0,0,0,0,0
27768,0,0,0,13,50,22,0,1,0,0,0,0
27769,0,0,5,0,0,33,0,0,0,47,5865,20
27770,188,291,9,0,0,0,0,0,0,0,0,0
27771,0,0,0,1,7,85,0,0,0,0,3,0
27772,0,0,0,1,1,38,0,0,0,0,1,0
27773,6,22,3,0,0,0,0,0,0,1,0,0
27774,9,43,15,0,0,0,0,0,0,2,0,0
27775,0,0,0,28,26,55,0,0,0,0,0,0
27776,1,0,0,18,18,231,0,0,0,0,1,0
27777,0,0,0,0,3,0,30,100,8,0,0,0
27778,4,128,78,0,0,0,2,0,0,1,0,0
27779,0,0,0,0,0,0,0,0,0,17,274,0
27780,0,0,0,3,4,23,0,0,0,0,0,0
27781,0,0,0,2,1,188,0,0,0,0,4,0
27782,0,0,0,0,0,1,0,0,0,5,129,7
27783,2,0,0,7,0,88,0,0,0,0,0,0
27784,0,0,0,0,0,0,0,0,0,0,0,0
27785,2,0,0,4,6,214,0,0,0,0,0,0
27786,0,0,0,2,11,30,0,2,0,0,0,0
27787,0,0,0,1,0,61,0,0,0,0,3,0
27788,0,1,0,0,3,0,58,456,2,0,0,0
27789,0,0,0,1,11,12,0,3,0,0,0,0
27790,0,8,0,0,1,0,160,604,4,0,0,0
27791,0,0,0,0,0,6,0,0,0,4,359,1
27792,0,0,0,8,19,374,0,1,0,0,19,0
27793,0,0,0,2,0,66,0,0,0,0,1,0
27794,0,0,0,11,2,331,0,0,0,0,23,0
27795,0,0,0,13,2,92,0,0,0,0,3,0
27796,0,0,0,1,4,487,0,0,0,0,15,0
27797,38,399,42,8,0,0,12,0,0,2,0,0
27798,0,1,0,0,100,0,111,2507,9,0,0,0
27799,0,0,0,0,0,1,0,0,0,21,154,2
27800,0,0,208,0,0,2,0,0,2,4402,558,424
27801,0,0,0,7,44,131,0,0,0,0,2,0
27802,0,0,0,2,41,232,0,3,0,0,18,0
27803,0,0,0,2,21,27,0,0,0,0,0,0
27804,0,0,0,0,0,60,0,0,0,53,2174,10
27805,3,0,0,20,1,46,0,0,0,0,1,0
27806,0,4,0,0,3,0,79,441,0,0,0,0
27807,0,0,0,0,0,115,0,0,0,17,50748,55
27808,0,0,0,117,1,60,0,0,0,0,0,0
27809,429,51,6,1,0,0,2,0,0,0,0,0
27810,0,0,0,12,28,807,0,0,0,0,7,0
27811,0,0,0,2,63,89,0,1,0,0,0,0
27812,0,0,8,0,0,2,0,0,0,34,316,0
27813,0,0,0,0,0,2,0,0,0,47,332,1
27814,0,0,0,0,4,21,0,0,0,0,0,0
27815,0,0,0,161,1,137,0,0,0,0,1,0
27816,0,0,0,0,0,0,453,211,1,0,0,0
27817,0,0,0,0,99,31,0,0,0,0,0,0
27818,0,0,0,1,7,92,0,0,0,0,0,0
27819,0,0,0,1,13,29,0,0,0,0,0,0
27820,0,0,0,0,1,32,0,0,0,0,0,0
27821,32,139,8,0,0,0,46,0,0,0,0,0
27822,8,111,20,0,0,0,0,0,0,0,0,0
27823,0,0,0,4,3,91,0,0,0,0,1,0
27824,1,0,0,23,4,62,0,0,0,0,0,0
27825,43,155,121,0,0,0,3,0,0,0,0,0
27826,0,0,0,39,2,99,0,0,0,0,1,0
27827,0,0,0,0,1,0,67,782,10,0,0,0
27828,0,0,0,0,0,3,0,0,0,63,739,11
27829,0,0,0,3,25,37,0,0,0,0,0,0
27830,0,0,0,8,1,19,0,0,0,0,0,0
27831,29,345,7,0,0,0,2,0,0,0,0,0
27832,0,0,0,9,7,177,0,0,0,0,0,0
27833,0,0,0,23,7,149,0,0,0,0,1,0
27834,44,102,15,1,0,0,0,0,0,0,0,0
27835,0,0,0,11,20,255,0,0,0,0,0,0
27836,0,0,0,0,0,1,0,0,0,191,111,2
27837,0,0,0,15,46,168,0,0,0,0,0,0
27838,0,0,0,6,5,22,0,0,0,0,0,0
27839,0,0,0,17,5,42,0,0,0,0,0,0
27840,0,0,0,36,4,29,0,0,0,0,0,0
27841,0,0,0,0,0,0,46,391,55,0,0,0
27842,0,0,0,0,0,0,167,454,7,0,0,0
27843,0,0,0,2,2,57,0,0,0,0,0,0
27844,0,0,0,5,13,208,0,0,0,0,2,0
27845,0,0,0,0,0,0,0,0,0,78,181,9
27846,0,0,0,12,31,97,0,0,0,0,0,0
27847,0,0,1,0,0,15,0,0,0,99,3327,87
27848,10,66,43,0,0,0,0,0,0,0,0,0
27849,0,0,0,1,0,13,0,0,0,81,2657,38
27850,0,0,0,12,13,49,0,0,0,0,0,0
27851,1,0,0,95,4,185,0,0,0,0,0,0
27852,0,0,0,0,23,0,78,716,11,0,0,0
27853,1502,316,41,8,0,0,7,0,0,0,0,0
27854,7,45,4,0,0,0,0,0,0,0,0,0
27855,0,0,1,0,0,0,0,0,0,514,104,5
27856,0,0,0,19,157,31,0,1,0,0,0,0
27857,0,0,0,0,0,0,77,87,3,0,0,0
27858,0,0,0,0,0,0,0,0,0,18,98,2
27859,134,42,4,0,0,0,0,0,0,0,0,0
27860,0,158,5,0,0,0,0,0,0,0,0,0
27861,0,0,0,0,0,0,53,122,0,0,0,0
27862,14,771,19,0,0,0,0,0,0,0,0,0
27863,0,0,0,3,51,476,0,0,0,0,0,0
27864,0,0,0,0,0,0,0,0,0,104,102,2
27865,687,150,10,0,0,0,0,0,0,0,0,0
27866,0,0,0,665,0,200,0,0,0,0,10,0
27867,11,96,6,0,0,0,0,0,0,0,0,0
27868,36,151,3,0,0,0,0,0,0,0,0,0
27869,0,0,0,4,175,661,0,2,0,0,68,0
27870,0,0,0,0,21,0,59,3599,219,0,0,0
27871,81,115,8,1,0,0,1,0,0,0,0,0
27872,61,52,28,0,0,0,0,0,0,0,0,0
27873,8,51,169,0,0,0,0,0,0,3,0,0
27874,0,0,0,19,34,4507,0,0,0,26,1283268,47
27875,0,0,0,13,16,1178,0,0,0,0,8,0
27876,0,0,1,134,87,43,0,0,0,0,0,0
27877,0,0,0,0,8,0,137,1822,104,0,0,0
27878,1,0,0,10,44,539,0,0,0,0,6,1
27879,0,0,0,0,0,12,0,0,0,83,2731,17
27880,293,351,120,27,11,2,2,0,1,0,0,0
27881,0,0,0,0,1,30,0,0,0,877,6314,4
27882,0,0,0,0,64,4,696,1144,1552,0,4,33
27883,0,0,0,1,2,34,0,0,0,62,3175,5
27884,0,0,0,0,0,0,0,0,0,37,301,1
27885,0,0,0,5,1,27,0,0,0,0,0,0
27886,43,41,0,1,0,0,1,0,0,0,0,0
27887,95,37,4,2,0,0,2,0,0,0,0,0
27888,67,11,59,4,0,0,0,0,0,0,39,0
27889,0,0,0,0,0,6,0,0,0,30,1866,19
27890,0,2,0,0,207,1,264,20449,40,0,0,0
27891,52,3,15,0,0,0,0,0,0,0,0,0
27892,1,682,24,0,0,0,12,0,0,0,0,0
27893,0,0,0,0,0,2,0,0,0,65,1172,0
27894,74,216,1,0,0,0,0,0,0,0,0,0
27895,0,0,0,4,3,38,0,0,0,0,0,0
27896,0,0,0,0,1,0,11,99,8,0,0,0
27897,72,24,42,0,0,0,0,0,0,3,0,0
27898,5,29,83,0,0,0,1,0,0,1,0,0
27899,17,102,7,0,0,0,2,0,0,0,0,0
27900,0,0,0,23,2,1555,0,0,0,0,1,0
27901,6,0,0,294,78,253,0,1,0,0,0,0
27902,0,0,0,5,16,67,0,0,0,0,0,0
27903,0,0,0,0,0,3,0,0,0,27,1385,5
27904,0,0,0,3,5800,1366,0,410,0,0,8,0
27905,0,0,0,34,6,248,0,0,0,0,63,0
27906,0,0,0,0,4,0,358,739,16,0,0,0
27907,0,0,0,1,76,1751,0,0,0,0,0,0
27908,0,0,0,7,3,11,0,0,0,0,0,0
27909,0,0,0,6,69,44,0,59,0,0,0,0
27910,0,0,0,103,5,53,0,0,0,0,0,0
27911,0,0,0,0,0,5,0,0,0,130,614,40
27912,0,0,0,13,24,178,0,0,0,0,0,0
27913,0,0,0,48,2,131,0,0,0,0,0,0
27914,64,429,15,0,0,0,0,0,0,0,0,0
27915,0,16,0,0,8,0,2126,738,29,0,0,0
27916,0,0,0,0,8,0,722,2058,51,0,0,0
27917,51,253,10,4,0,0,2,0,0,0,0,0
27918,167,125,20,4,0,0,0,0,0,0,0,0
27919,0,0,0,36,75,711,0,0,0,0,3,0
27920,0,0,0,0,0,49,0,0,0,57,5112,9
27921,37,667,5,0,0,0,10,1,1,0,0,0
27922,1,0,0,41,89,1019,0,0,0,0,1,0
27923,0,0,0,0,0,14,0,0,1,30,2485,23
27924,16,89,5,0,0,0,1,0,0,0,0,0
27925,1,0,42,1,0,1812,0,0,0,4208,31015,9
27926,9,77,1,0,0,0,1,0,0,0,0,0
27927,7,65,34,0,0,0,3,0,0,0,0,0
27928,0,0,3,0,0,0,0,0,0,173,103,0
27929,12,0,0,292,18,171,0,0,0,0,0,0
27930,0,0,0,0,0,0,208,32,3,0,0,0
27931,0,0,0,2,7,56,0,0,0,0,0,0
27932,7,294,12,0,0,0,1,0,0,1,0,0
27933,0,2,0,0,1,0,443,395,1,0,0,0
27934,0,0,0,0,0,0,0,0,0,21,54,0
27935,0,0,0,73,4,100,0,0,0,0,0,0
27936,0,2,0,0,0,0,446,36,11,0,0,0
27937,0,0,0,0,0,0,0,0,0,36,111,4
27938,55,162,5,0,0,0,0,0,0,0,0,0
27939,0,0,0,4,23,600,0,0,0,0,2,0
27940,0,0,0,1,13,379,0,0,0,0,0,0
27941,0,0,0,5,41,176,0,0,0,0,0,0
27942,0,0,0,0,0,4,0,0,1,12,1718,40
27943,35,57,1,0,0,0,0,0,0,0,0,0
27944,0,0,0,0,0,132,0,0,0,31,35240,53
27945,0,0,0,0,0,3,0,0,0,178,3386,48
27946,40,70,1,0,0,0,1,0,0,0,0,0
27947,174,76,35,1,0,0,0,0,0,0,0,0
27948,0,0,0,0,6,0,73,1782,292,0,0,0
27949,6,29,33,0,0,0,0,0,0,0,0,0
27950,25,237,59,0,0,0,1,0,0,0,0,0
27951,0,0,0,3,0,212,0,0,0,0,1,0
27952,0,0,0,0,0,0,214,63,0,0,0,0
27953,0,0,0,1,3,35,0,0,0,0,0,0
27954,5,85,1,0,0,0,0,0,0,0,0,0
27955,0,0,0,0,4,0,503,1087,5,0,0,0
27956,8,0,0,145,46,65,0,0,0,0,0,0
27957,0,0,0,9,7,134,0,0,0,0,0,0
27958,0,0,0,2,0,35,0,0,0,0,0,0
27959,0,107,1,0,0,0,0,0,0,0,0,0
27960,0,0,0,0,0,1,0,0,0,30,495,4
27961,32,92,6,0,0,0,0,0,0,0,0,0
27962,0,0,0,0,1,0,81,154,22,0,0,2
27963,0,0,0,0,9,80,0,0,0,0,0,0
27964,0,0,0,0,0,697,0,0,0,0,63785,0
27965,39,91,7,0,0,0,0,0,0,0,0,0
27966,0,0,0,3,2,41,0,0,0,0,0,0
27967,1,78,0,0,2,0,10126,1285,111,0,0,0
27968,0,0,0,13,1,35,0,0,0,0,0,0
27969,0,229,3,0,0,0,0,3,0,0,0,0
27970,0,0,1,0,0,1,0,0,0,62,1235,27
27971,0,0,0,11,4,87,0,0,0,0,0,0
27972,0,0,0,1,1,926,0,0,0,202,316151,3
27973,67,70,3,0,0,0,0,0,0,0,0,0
27974,5,45,1,0,0,0,0,0,0,0,0,0
27975,0,0,0,0,0,1,0,0,0,61,95,106
27976,63,68,1,0,0,0,0,0,0,0,0,0
27977,0,0,0,5,30,450,0,0,0,0,1,0
27978,0,0,0,0,0,0,0,0,0,12,152,1
27979,274,66,7,1,0,0,3,0,0,0,0,0
27980,0,17,22,0,0,0,0,0,0,0,0,0
27981,0,0,1,0,0,0,0,0,0,145,410,2
27982,0,0,1,0,0,14,0,0,0,301,1619,50
27983,60,355,41,0,0,0,0,0,0,0,0,0
27984,0,0,0,24,3,746,0,0,0,0,0,0
27985,21088,125,4,161,0,0,0,0,0,0,0,0
27986,0,0,0,15,20,258,0,0,0,0,1,0
27987,0,0,0,0,5,0,303,3175,960,0,0,27
27988,0,0,0,1,2,316,0,0,0,0,0,0
27989,24,161,3,0,0,0,1,0,0,0,0,0
27990,0,0,0,0,1,0,80,1479,9,0,0,0
27991,0,0,0,0,4,17,0,0,0,0,0,0
27992,0,0,0,9,6,47,0,0,0,0,0,0
27993,0,0,0,0,1,0,76,141,4,0,0,0
27994,82,255,63,0,0,0,0,0,0,1,0,0
27995,1,0,0,133,13,641,0,0,0,0,0,0
27996,0,0,0,0,10,1,180,2450,24,0,0,0
27997,16,92,7,0,0,0,0,0,0,0,0,0
27998,0,0,0,0,0,4,0,0,0,17,1596,0
27999,0,0,0,0,0,81,0,0,0,68,10677,3
28000,0,0,1,1,0,15,0,0,0,116,1974,6
28001,0,4,0,1,96,0,937,11449,286,0,0,0
28002,0,0,0,2,5,218,0,0,0,0,0,0
28003,0,0,0,0,3,0,65,1564,279,0,0,0
28004,0,0,0,4,12,51,0,0,0,0,0,0
28005,0,0,0,0,0,41,0,0,0,41,6154,4
28006,0,0,0,0,0,3,0,0,0,47,1870,21
28007,0,0,0,4,8,42316,0,0,0,8,545,0
28008,65,217,9,0,0,0,1,0,0,0,0,0
28009,0,0,0,7,35,868,0,0,0,0,6,0
28010,0,0,0,47,53,692,0,0,0,0,4,0
28011,0,0,0,0,0,1,0,0,0,73,1042,178
28012,11,49,3,0,0,0,0,0,0,0,0,0
28013,0,0,0,0,0,4,0,0,0,33,138,2
28014,0,0,0,3,265,24,0,0,0,0,0,0
28015,0,0,0,10,113,320,0,1,0,0,0,0
28016,0,0,0,0,0,1,0,0,0,21,159,1
28017,0,0,0,2,2,66,0,0,0,0,0,0
28018,27,107,14,0,0,0,0,0,0,0,0,0
28019,0,0,0,27,37,392,0,0,0,0,1,0
28020,2,0,0,13,94,45,0,3,0,0,0,0
28021,0,0,0,0,0,2,0,0,0,11,189,3
28022,0,0,0,5,1,79,0,0,0,0,0,0
28023,13,16,3,0,0,0,0,0,0,0,0,0
28024,5,69,6,0,0,0,1,0,0,0,0,0
28025,22,94,139,0,0,0,0,0,0,0,0,0
28026,0,0,0,43,10,628,0,0,0,0,3,0
28027,0,7,0,0,36,0,275,3513,771,0,0,1
28028,0,1,0,3,9,0,245,3928,197,0,0,1
28029,0,0,0,2,8,122,0,0,0,0,0,0
28030,15,416,1,0,0,0,1,0,0,0,0,0
28031,0,0,0,6,6,291,0,0,0,0,0,0
28032,34,842,5,0,0,0,0,0,0,0,0,0
28033,0,0,0,122,20,184,0,0,0,0,0,0
28034,0,0,0,3,1,83,0,0,0,0,0,0
28035,5,92,10,0,0,0,1,0,0,0,0,0
28036,0,0,0,0,1,0,25,68,0,0,0,0
28037,10,40,30,0,0,0,0,0,0,0,0,0
28038,0,0,0,0,0,0,78,170,7,0,0,0
28039,0,0,0,0,7,25,0,0,0,0,0,0
28040,281,157,8,0,0,0,0,0,0,0,0,0
28041,0,1,0,0,1,0,183,550,0,0,0,0
28042,0,1,0,0,0,0,286,142,2,0,0,0
28043,7,65,15,0,0,0,0,0,0,0,0,0
28044,0,0,0,0,68,0,342,7807,0,0,0,0
28045,0,0,0,0,0,8,0,0,0,74,4341,8
28046,0,0,0,4,1,211,0,0,0,0,0,0
28047,29,29,4,0,0,0,0,0,0,0,0,0
28048,53,136,0,50,1370,9,1949,317908,88,0,0,0
28049,58,36,14,0,0,0,0,0,0,0,0,0
28050,46,39,6,0,0,0,0,0,0,0,0,0
28051,26,73,15,0,0,0,0,0,0,0,0,0
28052,25,164,62,0,0,0,1,0,0,0,0,0
28053,3,0,0,65,75,765,0,0,0,0,4,0
28054,0,0,0,0,0,18,0,0,3,13,4235,164
28055,19,48,84,0,0,0,0,0,0,0,0,0
28056,0,18,0,0,0,0,533,41,7,0,0,0
28057,0,0,0,0,0,0,0,0,0,37,1945,12
28058,1,22,25,0,0,0,0,0,0,0,0,0
28059,0,0,0,0,0,2,0,0,0,25,291,0
28060,0,0,0,0,0,0,0,0,0,102,239,1
28061,0,0,0,7,9,49,0,0,0,0,10,0
28062,0,0,0,18,55,49,0,0,0,0,0,0
28063,0,0,0,2,1,185,0,0,0,0,5,0
28064,29,67,9,0,0,0,0,0,0,0,0,0
28065,87,269,45,0,0,0,0,0,0,1,0,0
28066,0,0,0,6,10,130,0,0,0,0,0,0
28067,0,0,0,41,9,70,0,0,0,0,0,0
28068,0,0,0,0,8,0,170,813,57,0,0,0
28069,19,99,32,0,0,0,0,0,0,0,0,0
28070,274,90,144,1,0,0,1,0,0,0,0,0
28071,0,0,0,41,17,361,0,0,0,0,0,0
28072,1,0,0,124,14,38,0,0,0,0,0,0
28073,0,1,0,0,196,7,396,54763,3,0,0,0
28074,0,0,0,0,4,52,0,0,0,0,0,0
28075,0,0,0,0,67,0,186,12898,20,0,0,0
28076,0,0,0,0,0,0,0,0,0,38,405,0
28077,0,2,0,0,123,0,656,8552,1428,1,0,4
28078,0,0,0,0,5,560,0,0,0,0,3,0
28079,0,0,0,0,9,0,222,4084,2,0,0,0
28080,0,2,0,0,2,0,485,766,1,0,0,0
28081,19,857,119,0,0,0,2,0,0,0,0,0
28082,0,0,0,145,6,226,0,0,0,0,4,0
28083,0,0,0,0,234,0,53,2642,18,0,0,0
28084,243,126,147,2,0,0,0,0,0,0,0,0
28085,0,0,0,0,5,0,75,1586,15,0,0,0
28086,0,5,0,1,222,0,292,14432,10,0,0,0
28087,0,0,0,0,0,172,0,0,0,105,13668,207
28088,1,0,0,205,8,185,0,0,0,0,0,0
28089,0,2,0,0,1,0,367,932,39,0,0,0
28090,0,2,0,0,8,0,340,782,17,0,0,0
28091,0,0,0,19,1,155,0,0,0,0,0,0
28092,0,0,0,26,42,48,0,0,0,0,0,0
28093,0,0,0,0,0,523,0,0,0,93,18349,38
28094,0,0,0,17,4,314,0,0,0,0,1,0
28095,129602,331,14,12582,1,18,10,0,0,0,0,0
28096,354,47,13,6,0,0,0,0,0,0,0,0
28097,74,176,675,1,0,0,3,0,0,41,0,0
28098,0,0,0,10,84,1016,0,3,0,0,18,0
28099,0,0,0,0,0,11,0,0,0,21,876,2
28100,23,130,2,1,0,0,1,0,0,0,0,0
28101,0,0,5,0,0,0,0,0,0,596,151,2
28102,0,0,0,0,0,3,0,0,0,47,675,1
28103,0,0,0,0,0,1,0,0,0,43,240,3
28104,163,137,35,0,0,0,1,0,0,0,0,0
28105,0,0,0,12,18,316,0,0,0,0,1,0
28106,0,0,0,16,41,121,0,0,0,0,0,0
28107,0,0,0,0,0,2,0,0,0,16,167,9
28108,339,132,39,5,0,0,0,0,0,0,0,0
28109,0,0,0,0,48,0,130,6429,131,0,0,0
28110,0,0,0,13,14,428,0,0,0,0,0,0
28111,12,314697,3,0,1,0,1450,41,1,0,0,0
28112,0,0,0,0,0,0,0,0,0,6,342,2
28113,46,181,34,0,0,0,0,0,0,0,0,0
28114,0,0,0,1,19,762,0,0,0,0,0,0
28115,0,0,0,0,0,5,0,0,0,30,873,5
28116,0,0,0,0,2,0,329,437,13,0,0,0
28117,42,312,94,0,0,0,4,0,0,0,0,0
28118,0,0,0,8,3,598,0,0,0,0,3,0
28119,27,251,3,0,0,0,0,0,0,0,0,0
28120,0,0,0,8,77,294,0,0,0,0,1,0
28121,0,0,0,0,0,4,0,0,0,45,579,4
28122,0,0,0,0,3,0,316,789,0,0,0,0
28123,0,0,0,0,0,0,59,86,0,0,0,0
28124,0,0,0,0,2,47,0,0,0,0,0,0
28125,0,35,0,0,0,0,0,0,0,0,0,0
28126,0,24,2,0,0,0,0,0,0,0,0,0
28127,0,0,0,1,2,32,0,0,0,0,0,0
28128,0,0,0,1,0,38,0,0,0,0,0,0
28129,15,232,0,0,0,0,1,0,0,0,0,0
28130,0,0,0,2,35,310,0,0,0,0,0,0
28131,39,379,0,0,0,0,0,0,0,0,0,0
28132,0,0,0,0,0,0,0,0,0,381,558,1
28133,1202,21,7,11,0,0,0,0,0,0,0,0
28134,0,0,0,0,0,0,219,221,20,0,0,0
28135,0,0,0,15,7,72,0,0,0,0,0,0
28136,0,0,0,11,11,109,0,0,0,0,1,0
28137,0,0,0,17,26,521,0,0,0,0,4,0
28138,0,0,0,0,0,0,0,0,0,6,75,0
28139,0,0,1,0,0,2,0,0,0,84,649,10
28140,0,0,0,16,80,88,0,0,0,0,0,0
28141,0,1,0,0,3,0,318,778,15,0,0,0
28142,0,0,0,3,45,236,0,0,0,0,0,0
28143,0,0,0,2,13,84,0,0,0,0,1,0
28144,0,0,0,5,0,4175,0,0,0,0,18,0
28145,3,259,2,0,0,0,1,0,0,0,0,0
28146,0,0,0,9,0,7,0,0,0,13,2178,5
28147,0,0,0,9,0,1,0,0,0,30,365,6
28148,0,0,0,6,13,28,0,0,0,0,0,0
28149,0,0,0,3,4,203,0,0,0,0,0,0
28150,0,0,0,2,1,133,0,0,0,0,0,0
28151,0,0,0,8,3,104,0,0,0,0,0,0
28152,14,21,0,9,0,0,0,0,0,0,0,0
28153,0,0,5,9,0,46,0,0,0,68,3104,23
28154,47,71,9,0,0,0,0,0,0,0,0,0
28155,123,60,16,0,0,0,0,0,0,0,0,0
28156,0,0,0,7,9,4814,0,0,0,7,34,0
28157,0,0,0,0,0,100,0,0,0,0,0,0
28158,20,24,0,0,0,0,0,0,0,0,0,0
28159,9,241,9,0,0,0,4,0,0,0,0,0
28160,0,0,0,3,263,175,0,2,0,0,0,0
28161,0,0,0,8,3,23,0,0,0,0,0,0
28162,0,35,0,4,2,0,185,345,29,0,0,0
28163,0,0,0,0,0,5,0,0,0,37,789,1
28164,0,0,5,0,0,4,0,0,0,236,506,6
28165,55,623,8,0,0,0,4,0,0,0,0,0
28166,0,1,0,0,0,0,360,68,32,0,0,0
28167,0,312,0,0,0,0,20061,91,0,0,0,0
28168,21,54,64,0,0,0,0,0,0,0,0,0
28169,4,2051,1,0,0,0,11,0,0,0,0,0
28170,0,0,0,0,0,1,0,0,0,76,1046,1
28171,0,0,0,0,0,1,0,0,0,108,664,2
28172,0,0,0,11,2,74,0,0,0,0,0,0
28173,86,30,3,0,0,0,0,0,0,0,0,0
28174,29,36,3,0,0,0,0,0,0,0,0,0
28175,14,176,20,0,0,0,0,0,0,0,0,0
28176,0,0,0,1,108,136,0,1,0,0,0,0
28177,0,0,0,202,7,194,0,0,0,0,0,0
28178,0,0,0,0,4,0,54,1078,183,0,0,0
28179,0,0,0,0,1,0,34,234,25,0,0,0
28180,0,0,0,0,0,0,35,170,6,0,0,0
28181,0,0,0,0,0,49,0,0,0,0,0,0
28182,25,766,1,0,0,0,2,0,0,0,0,0
28183,0,0,0,0,1,0,41,297,0,0,0,0
28184,0,0,0,0,0,0,0,0,0,0,0,0
28185,0,0,0,0,0,0,0,0,0,25,47,0
28186,0,0,0,4,9,14,0,0,0,0,0,0
28187,0,0,0,4,0,41,0,0,0,0,5,0
28188,0,3,0,0,0,0,209,179,8,0,0,0
28189,0,0,0,3,3,46,0,0,0,0,0,0
28190,26,93,2,0,0,0,0,0,0,0,0,0
28191,0,0,0,0,41,1,19,8933,3,0,0,0
28192,0,0,0,1,2,58,0,0,0,0,0,0
28193,0,0,0,0,3,0,40,153,1,0,0,0
28194,0,0,0,0,0,4,0,0,0,4,359,1
28195,0,1,1,0,4,0,604,959,16,0,0,0
28196,0,0,0,2,15,203,0,0,0,0,2,0
28197,0,0,0,18,13,523,0,0,0,0,0,0
28198,0,1,0,0,17,0,188,4236,244,0,0,0
28199,0,0,0,1,1,856,0,0,0,0,0,0
28200,0,0,0,8,15,110,0,0,0,0,0,0
28201,0,0,1,0,0,6,0,0,0,445,957,12
28202,0,15,0,0,0,0,1742,193,8,0,0,0
28203,0,0,0,0,4,79,0,0,0,0,0,0
28204,0,0,0,12,13,56,0,0,0,0,0,0
28205,0,0,0,0,0,0,0,0,0,11,34,1
28206,10,0,0,25,0,24,0,0,0,0,0,0
28207,56,178,1,1,0,0,1,0,0,0,0,0
28208,0,0,0,23,11,526,0,0,0,0,3,0
28209,0,1,0,0,49,0,55,10524,905,0,0,3
28210,201,45,13,0,0,0,0,0,0,0,0,0
28211,14,99,44,0,0,0,0,0,0,0,0,0
28212,0,9,0,0,0,0,67,69,1,0,0,0
28213,2,20,2,0,0,0,0,0,0,0,0,0
28214,0,0,0,0,0,0,0,0,0,99,359,1
28215,9,0,0,10,53,99,0,0,0,0,1,0
28216,9,0,0,10,1,94,0,0,0,0,0,0
28217,9,0,0,11,7,21,0,0,0,0,0,0
28218,0,0,0,6,5,190,0,0,0,0,6,0
28219,0,0,0,1,0,39,0,0,0,0,0,0
28220,18,238,1,0,0,0,0,0,0,0,0,0
28221,0,1,0,0,4,0,186,1057,457,0,0,0
28222,17,29,11,0,0,0,0,0,0,0,0,0
28223,0,0,2,0,0,0,16,135,53,0,0,0
28224,0,0,0,14,4,72,0,0,0,0,1,0
28225,109,337,6,1,0,0,1,0,0,0,0,0
28226,0,0,0,8,11,489,0,0,0,0,0,0
28227,0,0,0,0,0,5,0,0,0,68,478,1
28228,16,281,5,0,0,0,0,0,0,0,0,0
28229,0,0,0,4,4,178,0,0,0,0,0,0
28230,0,0,0,0,0,0,5,126,7,0,0,0
28231,30,26,8,0,0,0,0,0,0,0,0,0
28232,0,0,0,0,0,1,0,0,0,4,569,0
28233,0,0,0,0,11,0,443,389,26,0,0,0
28234,0,0,0,1,6,36,0,0,0,0,0,0
28235,0,0,0,3,28,160,0,1,0,0,0,0
28236,0,0,4,0,0,159,0,0,0,242,9687,1
28237,0,3,0,0,2,0,615,555,261,0,0,4
28238,1,0,0,35,1,81,0,0,0,0,0,0
28239,0,0,0,0,0,0,19,267,33,0,0,0
28240,0,0,0,3,2,137,0,0,0,0,1,0
28241,0,0,0,25,14,20,0,0,0,0,0,0
28242,0,0,0,0,1,0,92,152,1880,0,0,1615
28243,0,0,0,26,43,281,0,0,0,0,5,0
28244,0,0,0,38,55,49,0,0,0,0,0,0
28245,9,0,0,89,13390,797,0,6474,5,0,2,0
28246,0,0,0,0,16,117,0,0,0,0,0,0
28247,99,170,1,0,0,0,0,0,0,0,0,0
28248,0,28,0,0,0,0,5533,142,11,0,0,0
28249,3527,34,24,16,0,0,1,0,0,0,0,0
28250,0,0,0,6,118,41,0,0,0,0,0,0
28251,0,0,1,47,1675,8799,0,6,13,0,362,76
28252,0,0,0,27,24,124,0,1,0,0,0,0
28253,0,0,0,0,0,0,0,0,0,0,0,0
28254,184,39,13206,1,0,4,0,0,0,261,17,17
28255,0,0,13,47,10,319,0,0,0,0,4,0
28256,13,0,4,0,0,118,0,0,0,122,1710,18
28257,0,0,0,11,1,480,0,0,0,0,57,0
28258,50,65,17,0,0,0,0,0,0,0,0,0
28259,14,30,2,0,0,0,0,0,0,0,0,0
28260,0,5,4,0,0,0,0,0,0,0,0,0
28261,0,0,0,0,0,0,0,0,0,1,12,0
28262,0,1,0,0,0,0,123,6,0,0,0,0
28263,0,1,0,0,0,0,0,0,0,0,0,0
28264,1,1,1,0,0,0,0,0,0,0,0,0
28265,0,0,0,0,0,0,0,0,0,2,14,0
28266,53,53,22,1,0,0,0,0,0,0,0,0
28267,9,3,34,0,0,0,0,0,0,0,0,0
28268,1,24,11,0,0,0,0,0,0,0,0,0
28269,0,0,0,0,0,0,0,0,0,178,490,1
28270,0,0,0,24,0,88,0,0,0,0,0,0
28271,53650,1725,110,109,3,2,10,0,0,0,0,1
28272,35418,471,21,335,0,0,1,0,0,1,0,0
28273,588,37,13,85,0,0,0,0,0,0,0,0
28274,20,322,2,9,0,0,85,0,0,0,0,0
28275,0,0,0,0,12,0,0,9,0,0,0,0
28276,0,0,0,0,0,0,0,2,251,0,0,4
28277,0,0,0,0,3,201,0,0,0,0,3,0
28278,1,0,8,0,0,0,0,0,0,972,277,0
28279,0,0,0,9,3,48,0,0,0,0,0,0
28280,0,2,0,37,2,0,80,1210,314518,243,196,1983
28281,314314,234,19,2064,0,14,1,0,0,0,9,0
28282,2034,4,1,314514,1,308,0,0,0,0,0,0
28283,2,21,2,0,0,0,0,0,0,0,0,0
28284,4,14,1,0,0,0,0,0,0,0,0,0
28285,0,0,0,2,0,39,0,0,0,0,0,0
28286,0,0,0,0,0,0,31,2,5,0,0,0
28287,0,0,0,0,0,0,637,313,10,0,0,0
28288,1,14,3,0,0,0,0,0,0,0,0,0
28289,0,0,0,0,0,2,0,0,0,1080,494,0
28290,6,0,0,0,0,36,0,0,0,211,2717,1
28291,0,0,0,0,1,45,0,0,0,171,5110,1
28292,0,0,3,0,0,0,0,0,0,1324,0,3
28293,66,133,21,0,0,0,2,0,0,0,0,0
28294,145,61,71,0,0,0,0,0,0,0,0,0
28295,183,1520,245,3,0,0,3,0,0,1,0,0
28296,103,448,30,2,0,0,14,0,0,0,0,0
28297,0,0,0,68,9,927,0,0,0,0,7,0
28298,0,0,0,0,0,0,0,0,0,19,44,21
28299,56505,68,18,1631,0,0,0,0,0,0,0,0
28300,0,3,0,0,53,4,377,5971,519,0,0,0
28301,0,0,0,0,0,0,0,0,0,154,1,29
28302,0,0,0,0,0,0,267,79,335,0,1,1
28303,32,51,15,0,0,0,1,0,0,0,0,0
28304,53,49,73,0,0,0,0,0,0,0,0,0
28305,183,374,19,1,0,0,2,0,0,0,0,0
28306,0,0,0,7,13,226,0,0,0,0,0,0
28307,0,2,0,0,3,0,458,2702,15,0,0,0
28308,0,0,0,0,0,1,0,18,38,20,1157,2325
28309,35,216,5,0,0,0,3,0,0,0,0,0
28310,0,0,3,0,0,25,0,0,0,1695,2919,5
28311,0,0,0,0,1,311,0,0,0,106,61389,111
28312,0,0,0,0,0,14,0,0,0,553,4561,43
28313,0,0,0,0,0,10,0,0,0,59,3614,23
28314,0,5,0,0,0,0,547,964,53,0,0,0
28315,0,0,0,0,0,2,0,0,0,26,1172,5
28316,53,37,9,0,0,0,0,0,0,0,0,0
28317,0,0,0,0,3,82,0,0,0,0,1,0
28318,0,0,0,2,0,51,0,0,0,0,0,0
28319,23,491,1,0,0,0,2,0,0,0,0,0
28320,0,0,0,0,0,2,0,0,0,23,1041,2
28321,0,7,0,0,8,0,773,2032,5,0,0,0
28322,0,0,0,1,5,18,0,0,0,0,0,0
28323,0,0,0,6,3,15,0,0,0,0,0,0
28324,0,0,0,4,0,7,0,0,0,0,0,0
28325,0,1,0,0,0,0,519,1073,3,0,0,0
28326,0,0,0,0,451,0,27,22751,13,0,0,0
28327,0,0,0,2,0,16,0,0,0,0,0,0
28328,0,1,0,0,0,0,374,4,5,0,0,0
28329,0,4,0,0,0,0,291,72,14,0,0,0
28330,2,1818,2,0,0,0,19,0,0,0,0,0
28331,0,0,0,0,0,0,0,0,0,15,457,0
28332,0,0,0,0,0,5,0,0,0,145,1046,0
28333,0,0,1,0,0,5,0,0,0,180,2098,16
28334,0,0,0,82,17,622,0,1,0,0,4,0
28335,0,0,0,0,0,0,0,0,0,1,66,0
28336,355,449,5,0,0,0,2,0,0,0,0,0
28337,0,3,0,0,0,0,180,561,58,0,0,0
28338,38,365,158,0,0,0,1,0,0,1,0,0
28339,0,0,0,0,2,23,0,0,0,0,0,0
28340,0,0,0,19,10,933,0,0,0,0,0,0
28341,0,0,0,0,0,51,0,0,0,0,908,0
28342,132,40,0,0,0,0,0,0,0,0,0,0
28343,7,320,2,0,0,0,0,0,0,0,0,0
28344,0,0,0,0,0,199,0,0,0,283,2749,3
28345,0,0,0,3,0,4,0,0,0,0,0,0
28346,0,1,0,0,24,0,314,1005,88,0,0,2
28347,0,1,0,0,0,0,254,217,0,0,0,0
28348,0,0,0,0,0,25,0,0,0,0,946,0
28349,148,65,25,0,0,0,0,0,0,0,0,0
28350,0,0,0,0,0,0,210,649,37,0,0,1
28351,0,0,0,0,0,14,0,0,0,0,0,0
28352,45,60,3,0,0,0,0,0,0,0,0,0
28353,2,26,0,0,0,0,0,0,0,0,0,0
28354,0,0,0,0,0,2,0,0,0,75,442,0
28355,0,0,0,0,0,0,0,0,0,21,0,7
28356,4,200,5,0,0,0,0,0,0,0,0,0
28357,0,5,0,0,1,0,225,735,119,0,0,0
28358,207,172,38,1,0,0,0,0,0,0,0,0
28359,43,164,21,0,0,0,0,0,0,0,0,0
28360,0,0,0,30,3,367,0,0,0,0,0,0
28361,0,4,0,0,0,0,490,7,329,0,0,1
28362,0,0,0,0,0,0,97,116,312,0,1,0
28363,28,89,129,0,0,0,0,0,0,0,0,0
28364,0,0,0,0,0,0,8,2,95,0,0,0
28365,7,185,96,0,0,0,3,0,0,0,0,0
28366,3,696,36,0,0,0,3,0,0,0,0,0
28367,0,0,0,0,0,2,0,0,0,30,1320,1
28368,0,3,0,0,0,0,1061,106,2,0,0,0
28369,0,0,0,0,0,1,0,0,0,4,309,1
28370,133,129,2,0,0,0,0,0,0,0,0,0
28371,0,2,0,0,7,0,103,1520,22,0,0,0
28372,0,0,0,4,15,368,0,0,0,0,1,0
28373,0,0,0,0,5,0,92,1712,4,0,0,0
28374,0,3,0,0,0,0,922,216,4,0,0,0
28375,0,1,0,0,10,0,355,341,2,0,0,0
28376,0,2,0,0,11,0,1135,955,8,0,0,0
28377,0,0,0,1,0,5,0,0,0,29,1310,5
28378,0,13,0,0,60,2,2239,11401,1359,0,0,0
28379,0,0,0,0,0,0,0,0,0,23,1,1
28380,0,0,0,0,0,0,313,88,10,0,0,0
28381,85,523,537,0,0,0,0,0,0,3,0,0
28382,0,0,0,46,32,1205,0,0,0,0,4,0
28383,0,0,0,0,0,0,0,0,0,1,119,0
28384,560,218,6,0,0,0,0,0,0,0,0,0
28385,0,36,109,0,0,0,6,0,0,0,0,0
28386,98,670,5,1,0,0,0,3,0,0,0,0
28387,25,76,115,0,0,0,2,0,0,13,0,0
28388,0,0,0,0,0,0,0,0,0,48,2,17
28389,393,21,4,0,0,0,0,0,0,0,0,0
28390,14,347,8,0,0,0,0,0,0,0,0,0
28391,0,0,0,0,0,4,0,0,0,39,807,7
28392,0,4,0,0,1,0,451,696,19,0,0,0
28393,0,0,0,5,26,223,0,0,0,0,0,0
28394,0,0,0,0,0,0,1,0,2,109,168,99
28395,0,0,0,0,0,0,623,530,24,0,0,0
28396,0,221,0,0,6,0,9152,2780,23,0,0,0
28397,0,0,0,0,0,0,0,0,0,4,2,0
28398,0,0,0,0,0,0,0,0,0,1,2,1
28399,0,0,0,0,0,9,0,0,0,210,1400,14
28400,0,0,0,0,0,0,0,0,1,26,0,9
28401,14,107,1,0,0,0,1,0,0,0,0,0
28402,20,206,11,0,0,0,3,0,0,0,0,0
28403,0,0,0,0,0,0,36,375,1,0,0,0
28404,0,0,0,0,0,0,3,256,30,0,0,0
28405,0,0,0,1,3,160,0,0,0,0,4,0
28406,0,0,0,5,9,283,0,0,0,0,1,0
28407,0,0,0,0,0,8,0,0,0,0,0,0
28408,1,4,0,0,0,0,0,0,0,0,0,0
28409,0,0,0,0,0,33,0,0,0,0,1928,5
28410,0,0,0,0,0,0,0,0,0,2,139,0
28411,0,0,0,0,0,0,0,0,0,4,398,2
28412,50,15,13,1,0,0,0,0,0,0,0,0
28413,18,19,4,0,0,0,1,0,0,0,0,0
28414,0,0,0,0,1,24,0,0,0,0,0,0
28415,86,13,7,1,0,0,0,0,0,0,0,0
28416,71,59,7,0,0,0,2,0,0,0,0,0
28417,0,0,0,1,2,138,0,0,0,0,0,0
28418,0,88,0,0,0,0,0,0,0,0,0,0
28419,0,0,0,0,0,0,0,0,0,86,688,1
28420,0,0,0,6,0,8,0,0,0,0,0,0
28421,0,0,0,0,0,0,54,110,1,0,0,0
28422,0,0,0,0,0,0,0,0,0,0,268,0
28423,0,0,0,0,0,0,523,98,10,0,0,0
28424,0,0,0,0,0,2,0,0,0,0,0,0
28425,0,0,0,0,0,0,0,0,0,0,1,0
28426,0,0,0,28,6,72,0,0,0,0,0,0
28427,0,0,0,0,0,1,0,0,0,0,0,0
28428,0,0,0,0,0,0,0,18,0,0,0,0
28429,0,0,0,0,0,0,1,6,0,0,0,0
28430,0,0,0,0,0,0,0,0,0,0,0,0
28431,8,0,0,350,0,0,0,0,0,0,0,0
28432,0,0,0,0,0,147,0,0,0,0,25748,0
28433,36,8,0,0,0,0,0,0,0,0,0,0
28434,0,0,0,0,0,0,0,0,0,1,0,9
28435,0,0,0,0,0,6,0,0,0,111,1359,13
28436,0,0,0,0,2,0,6,1551,43,0,0,0
28437,0,0,0,0,0,0,0,0,0,0,2,0
28438,0,0,0,1,2,1343,0,0,0,0,16,0
28439,0,0,0,0,0,1,0,0,0,14,400,3
28440,0,0,0,0,1,1,0,0,0,0,0,0
28441,0,0,0,0,0,1,0,0,0,4,184,1
28442,3,1,0,0,0,0,0,0,0,0,0,0
28443,0,0,0,0,0,0,0,0,0,0,2,1
28444,0,0,0,7,5,16,0,0,0,0,0,0
28445,0,0,0,0,0,0,0,0,0,0,1,8
28446,0,0,1,0,0,0,0,0,0,0,0,0
28447,1,117,0,0,0,0,3,0,0,0,0,0
28448,0,0,0,0,0,1,0,0,0,0,31,0
28449,1,1,0,0,0,0,0,0,0,0,0,0
28450,0,0,0,0,1,14,0,0,0,0,0,0
28451,0,0,0,0,0,0,92,99,68,0,0,0
28452,0,0,0,0,0,0,5,15,3,0,0,0
28453,0,0,0,0,0,21,0,0,0,10,2102,7
28454,0,1,6,0,0,0,0,0,0,0,0,0
28455,1,25,8,0,0,0,0,0,0,0,0,0
28456,0,2,0,0,0,0,241,115,2,0,0,0
28457,0,0,0,0,0,0,31,0,2,0,0,0
28458,14,3,2,0,0,0,0,0,0,0,0,0
28459,12,113,7,0,0,0,9,0,0,0,0,0
28460,0,40,0,0,1,0,5940,381,63,0,0,0
28461,1,1389376,0,0,0,0,11916,1101,10,0,0,0
28462,0,0,0,0,0,2,0,0,0,19,413,0
28463,0,0,0,0,0,0,0,0,0,8,8,0
28464,0,0,0,0,1,7,0,0,0,0,0,0
28465,0,0,0,12,0,133,0,0,0,0,1,0
28466,2,23,7,0,0,0,0,0,0,0,0,0
28467,42,144,15,0,0,0,2,0,0,0,0,0
28468,32,264,103,0,0,0,3,0,0,0,1,0
28469,0,0,0,0,1,6,0,0,0,0,0,0
28470,0,0,0,0,0,3,0,0,0,0,0,0
28471,0,0,0,0,0,1,0,0,0,0,378,1
28472,0,0,0,1,0,530,0,0,0,97,59718,11
28473,0,0,0,0,0,7,0,0,0,311,1131,70
28474,1,0,0,177,35,551,0,0,0,0,1,0
28475,0,0,0,0,0,0,0,0,0,82,2,12
28476,0,0,0,0,3,1,63,119,56,0,0,0
28477,20,357,113,0,0,0,2,0,0,0,0,0
28478,0,0,0,0,0,0,2,6,0,0,0,0
28479,0,0,0,0,0,0,10,3,5,0,0,0
28480,82,80,15,0,0,0,0,0,0,0,0,0
28481,0,0,0,0,0,0,0,0,0,37,2,22
28482,8,248,2,0,0,0,1,0,0,0,0,0
28483,818,190,27,0,0,0,0,0,0,0,0,0
28484,0,0,0,0,0,0,2,0,0,0,0,0
28485,0,0,0,0,0,0,0,2,0,0,0,0
28486,0,0,0,0,0,0,0,0,0,80,349,2
28487,0,12,0,0,0,0,2365,2,230,0,0,0
28488,0,0,0,0,0,1,0,0,0,0,0,0
28489,0,0,0,20,3,26,0,0,0,0,0,0
28490,0,0,0,0,0,0,0,0,0,0,2,0
28491,0,0,0,0,0,0,0,0,0,0,0,0
28492,377,98,2,0,0,0,0,2,0,0,0,0
28493,1,101,77,0,0,0,0,0,0,0,0,0
28494,0,0,0,0,0,54,0,0,0,0,0,0
28495,0,0,0,1,0,26,0,0,0,0,0,0
28496,0,2,0,0,0,0,0,0,0,0,0,0
28497,0,2,1,0,0,0,0,0,0,0,0,0
28498,0,0,0,0,0,7,0,0,0,3,1899,0
28499,4,20,0,0,0,0,0,0,0,0,0,0
28500,0,0,0,0,0,0,0,0,0,3,96,0
28501,0,0,0,0,0,0,0,0,0,3,29,0
28502,2,6,1,0,0,0,0,0,0,0,0,0
28503,2,19,19,0,0,0,0,0,0,0,0,0
28504,0,0,0,0,0,12,0,0,0,0,0,0
28505,5,88,0,0,0,0,0,0,0,0,0,0
28506,0,0,0,0,0,0,20,17,4,0,0,0
28507,0,0,0,0,0,8,0,0,0,0,1767,1
28508,50,48,3,0,0,0,0,0,0,0,0,0
28509,0,1,0,0,0,0,375,192,27,0,0,0
28510,0,0,0,1,0,36,0,0,0,0,0,0
28511,0,0,0,0,0,17,0,0,0,44,770,436
28512,0,0,7,0,0,0,0,3,179,363,214,19590
28513,55,122,17,0,0,0,0,0,0,0,0,0
28514,0,0,0,0,0,0,47,392,376,0,0,0
28515,53,77,28,0,0,0,0,0,0,0,0,0
28516,0,0,0,1,1,478,0,0,0,0,1,0
28517,0,0,0,0,0,0,1,11,1,0,0,0
28518,0,0,0,0,0,0,0,0,0,0,0,0
28519,0,0,0,0,0,0,0,0,0,4,266,2
28520,0,0,0,0,0,0,0,0,0,132,1,5
28521,1,61,0,0,0,0,0,0,0,0,0,0
28522,5,763,23,0,0,0,2,5,0,0,0,0
28523,0,200,0,0,0,0,1,0,0,0,0,0
28524,0,0,0,0,0,3,0,0,0,0,0,0
28525,0,0,0,3,1,9,0,0,0,0,0,0
28526,0,0,0,0,0,0,2,1,0,0,0,0
28527,0,0,0,0,0,0,0,0,0,0,0,0
28528,0,0,0,0,0,4,0,0,0,10,925,0
28529,0,0,0,0,1,2,0,0,0,0,0,0
28530,0,1,0,0,0,0,0,0,0,0,0,0
28531,0,0,0,0,0,18,0,0,0,0,4085,0
28532,0,0,0,0,0,1,0,0,0,0,0,0
28533,4,0,0,0,0,0,0,0,0,0,0,0
28534,0,0,0,0,0,1,0,0,0,0,272,0
28535,0,0,0,0,0,0,0,0,0,78,0,0
28536,0,0,0,0,0,0,16,11,0,0,0,0
28537,4,51,26,0,0,0,0,0,0,1,0,0
28538,0,3,32,0,0,0,0,0,0,0,0,0
28539,0,0,0,0,0,1,36,160,217,0,0,4
28540,13,74,165,0,0,0,0,0,0,0,0,0
28541,0,0,0,0,19,0,307,4067,2,0,0,0
28542,0,0,0,0,0,0,0,0,0,1,324,1
28543,0,0,0,2,0,40,0,0,0,0,0,0
28544,14,97,0,0,0,0,1,0,0,0,0,0
28545,0,0,0,0,0,0,0,0,0,9,16,0
28546,0,0,0,0,0,0,0,0,0,3,54,0
28547,0,0,5,0,0,0,0,0,0,0,0,0
28548,0,0,0,0,0,0,24,6,2,0,0,0
28549,0,7,1,0,0,0,0,0,0,0,0,0
28550,0,0,0,0,0,0,0,0,0,216,3,1
28551,0,0,0,0,0,0,7,73,12,0,0,0
28552,6,4,2,0,0,0,0,0,0,0,0,0
28553,5,190,10,0,0,0,0,0,0,0,0,0
28554,0,0,0,1,1,6,0,0,0,0,0,0
28555,0,0,0,0,10,12,0,0,0,0,0,0
28556,0,0,0,0,0,0,0,0,0,2,195,1
28557,0,0,0,0,0,0,108,89,26,0,0,0
28558,0,0,0,0,2,13,0,0,0,0,0,0
28559,0,6,0,0,1,0,296,966,2,0,0,0
28560,0,0,0,0,0,0,58,169,4,0,0,0
28561,0,0,0,1,4,9,0,0,0,0,0,0
28562,0,1,0,0,0,0,804,56,0,0,0,0
28563,0,0,0,0,0,0,8,75,0,0,0,0
28564,0,0,0,1,0,3,0,0,0,0,0,0
28565,0,0,0,0,0,0,65,33,2,0,0,0
28566,0,69,3,0,0,0,0,0,0,0,0,0
28567,0,0,0,0,0,0,0,0,0,4,406,3
28568,0,1,0,0,0,0,114,59,1,0,0,0
28569,0,0,0,0,0,0,9,6,3,0,0,0
28570,0,0,0,23,0,29,0,0,0,0,0,0
28571,0,6,4,0,0,0,0,0,0,0,0,0
28572,2,34,8,0,0,0,0,0,0,0,0,0
28573,10,59,8,0,0,0,0,0,0,0,0,0
28574,29,73,6,0,0,0,0,0,0,0,0,0
28575,0,0,0,0,1,25,0,0,0,0,0,0
28576,0,0,0,0,0,0,130,170,172,0,0,0
28577,0,1,2,0,0,0,0,0,0,0,0,0
28578,7,92,3,0,0,0,0,0,0,0,0,0
28579,3,52,0,0,0,0,0,0,0,0,0,0
28580,0,2,0,0,7,0,308,1390,81,0,0,0
28581,32,181,26,0,0,0,0,0,0,0,0,0
28582,0,0,0,23,10,382,0,0,0,0,0,0
28583,0,0,0,0,0,0,0,0,0,54,5,1
28584,0,0,0,0,0,0,0,0,0,0,0,0
28585,0,0,0,0,0,12,0,0,0,13,203,9
28586,8,99,2,0,0,0,1,0,0,0,0,0
28587,0,0,0,0,0,0,77,6,0,0,0,0
28588,0,0,0,0,0,100,0,0,0,0,0,0
28589,0,0,0,0,0,0,0,0,0,0,69,0
28590,0,0,0,0,0,0,0,0,0,0,6,0
28591,128,125,6,1,0,0,0,0,0,0,0,0
28592,0,1,94,0,0,0,0,0,0,1,0,0
28593,0,0,0,0,0,0,6,1,0,0,0,0
28594,0,391,0,0,0,0,0,0,0,0,0,0
28595,0,0,0,0,1,1,0,0,0,0,0,0
28596,0,0,0,0,0,0,0,1,0,0,0,0
28597,0,0,0,0,0,0,0,1,0,0,0,0
28598,0,0,0,0,0,7,0,0,0,0,0,0
28599,74,0,0,0,0,0,0,0,0,0,0,0
28600,0,0,0,0,0,624,0,0,0,0,2,0
28601,0,0,0,0,0,1,0,0,0,0,0,0
28602,0,0,0,1,0,0,0,0,0,0,0,0
28603,0,0,0,0,0,196,0,0,0,0,9368,0
28604,0,0,0,0,0,1,0,0,0,0,0,0
28605,5,0,0,0,0,0,0,0,0,0,0,0
28606,0,0,0,0,0,7,0,0,0,0,3193,0
28607,0,0,0,0,0,1,0,0,0,0,0,0
28608,0,0,0,0,0,0,0,0,0,0,0,0
28609,0,0,0,0,0,0,0,0,0,0,401,0
28610,0,0,0,0,0,0,0,0,0,94,348,2
28611,0,0,0,3,1,0,0,0,0,0,0,0
28612,19,109,3,0,0,0,1,0,0,0,0,0
28613,0,0,0,0,0,0,0,1,0,0,0,0
28614,0,0,0,0,0,0,0,0,2,0,0,0
28615,15,80,312,0,0,0,0,0,0,0,0,0
28616,1,0,0,0,0,0,0,0,0,0,0,0
28617,0,0,0,0,0,0,0,0,0,0,0,0
28618,8,0,0,637,22,338,0,0,0,0,0,0
28619,0,0,0,0,0,0,2,2,0,0,0,0
28620,0,0,0,0,0,0,0,2,0,0,0,0
28621,0,0,0,0,1,0,670,342,2,0,0,0
28622,0,0,0,0,0,0,0,0,0,0,8,1
28623,0,0,0,0,0,0,0,0,0,0,7,0
28624,473,349,10,3,0,0,0,0,0,0,0,0
28625,0,0,0,0,0,0,1,2,65,0,0,1
28626,7,10,10,0,0,0,0,0,0,0,0,0
28627,20,77,11,1,0,0,0,0,0,0,0,0
28628,0,0,0,0,24,0,25,4848,644,0,9,30
28629,0,0,0,0,0,0,0,0,0,26,98,7
28630,0,0,0,29,23,155,0,0,0,0,0,0
28631,0,1,0,0,0,0,209,0,16,0,0,0
28632,0,0,0,0,3,0,190,564,236,0,0,1
28633,0,104,14,0,0,0,0,0,0,0,0,0
28634,0,0,0,0,0,0,0,0,0,82,15,1
28635,0,0,0,0,9,4,0,0,0,0,0,0
28636,0,0,0,2,40,62,0,0,0,0,0,0
28637,0,0,0,0,0,1,0,0,0,14,344,10
28638,0,0,0,0,0,12,0,0,0,273,1029,2
28639,0,0,0,0,0,0,0,0,0,85,212,2
28640,0,0,0,0,1,4,0,0,0,0,0,0
28641,14,0,0,0,0,0,0,0,0,0,0,0
28642,0,0,0,0,0,1217,0,0,0,0,4,0
28643,0,0,0,0,0,0,128,3,0,0,0,0
28644,0,0,0,0,0,0,58,0,0,0,0,0
28645,0,0,0,6,0,52,0,0,0,0,1,0
28646,0,0,0,0,0,0,90,111,0,0,0,0
28647,0,0,0,0,0,0,0,0,0,10,484,2
28648,0,0,0,5,2,92,0,0,0,0,0,0
28649,15,17,0,0,0,0,0,0,0,0,0,0
28650,9,128,28,0,0,0,0,0,0,0,0,0
28651,0,0,0,0,0,54,0,0,0,74,6330,7
28652,0,30,19,0,0,0,0,0,0,0,0,0
28653,27,110,7,0,0,0,0,0,0,0,0,0
28654,10,128,9,0,0,0,0,0,0,0,0,0
28655,0,0,0,0,2,0,189,670,213,0,0,2
28656,1,21,5,0,0,0,0,0,0,0,0,0
28657,0,0,0,0,0,106,0,0,0,61,11521,33
28658,0,0,0,0,0,0,140,14,0,0,0,0
28659,0,0,0,0,0,0,125,3,1,0,0,0
28660,0,0,0,0,0,0,0,0,0,10,205,2
28661,0,192,20,0,0,0,0,0,0,0,0,0
28662,0,0,0,0,0,103,0,0,0,0,0,0
28663,0,0,0,0,0,1,0,0,0,4,94,2
28664,77,209,6,0,0,0,0,0,0,0,0,0
28665,0,0,0,4,0,109,0,0,0,0,0,0
28666,176,281,2,0,0,0,0,0,0,0,0,0
28667,0,0,0,0,0,0,0,0,0,0,0,0
28668,0,0,0,0,0,0,1,2,0,0,0,0
28669,0,0,0,0,0,0,1,1,1,0,0,0
28670,0,0,0,0,0,0,1,1,0,0,0,0
28671,0,0,0,0,1,33,0,0,0,0,0,0
28672,0,0,0,80,0,34,0,0,0,0,0,0
28673,0,0,0,0,0,0,70,106,1,0,0,0
28674,0,0,0,0,0,0,0,0,0,7,1107,20
28675,72,64,3,0,0,0,0,0,0,0,0,0
28676,2,131,0,0,0,0,1,0,0,0,0,0
28677,0,0,0,0,0,44,0,0,0,235,9942,1
28678,0,0,0,104,9,108,0,0,0,0,0,0
28679,0,0,0,0,0,0,15,0,129,0,0,0
28680,12,76,180,0,0,0,0,0,0,79,0,0
28681,0,1,0,0,7,0,305,1844,4,0,0,0
28682,0,4,0,0,0,0,248,3,8,0,0,0
28683,0,0,0,0,0,0,49,128,6,0,0,0
28684,259,221,29,1,0,0,0,0,0,1,0,0
28685,0,0,0,0,2,0,0,559,0,0,0,0
28686,0,0,0,0,0,0,0,0,0,0,4,0
28687,0,0,3,0,0,2,0,0,0,212,1175,1
28688,0,0,0,5,25,493,0,0,0,0,3,0
28689,0,0,0,0,8,41,0,0,0,0,0,0
28690,0,0,0,0,24,0,159,4818,302,0,0,1
28691,22,21,23,0,0,0,0,0,0,0,0,0
28692,9,131,182,0,0,0,1,0,0,1,0,0
28693,0,0,0,4,1,1026,0,0,0,0,9,0
28694,5,57,0,0,0,0,0,0,0,0,0,0
28695,0,0,0,0,0,7,0,0,0,8,1761,20
28696,32,63,469,0,0,0,0,0,0,0,0,0
28697,0,0,0,0,0,3,0,0,0,73,2823,5
28698,0,0,0,0,0,0,0,0,0,95,224,18
28699,622,2054,69,0,0,0,18,2,0,0,0,0
28700,1,1,0,0,0,0,0,0,0,0,0,0
28701,0,0,0,0,0,0,0,0,0,0,0,0
28702,0,140,0,0,0,0,0,0,0,0,0,0
28703,0,1,0,0,1,0,327,1568,1572,0,2,4
28704,197,328,33,1,0,0,0,0,0,0,0,0
28705,0,0,0,12,15,903,0,0,0,0,7,0
28706,0,0,0,0,0,2,0,0,0,45,2945,0
28707,24,50,0,0,0,0,0,0,0,0,0,0
28708,0,0,0,0,0,75,0,0,0,93,11626,15
28709,5,12,0,0,0,0,0,0,0,0,0,0
28710,0,0,0,0,0,1,0,0,0,0,0,0
28711,0,0,0,107,0,88,0,0,0,0,0,0
28712,0,0,0,0,0,0,511,10,1,0,0,0
28713,0,0,0,0,0,0,74,5,9,0,0,0
28714,0,0,0,0,0,1,0,0,0,13,206,0
28715,145,147,0,0,0,0,0,0,0,0,0,0
28716,0,0,0,0,0,0,0,0,0,17,171,0
28717,0,0,0,0,0,2,0,0,0,68,791,11
28718,0,0,0,0,0,0,0,0,0,0,1,1
28719,0,0,0,0,0,0,1,4,1,0,0,0
28720,0,0,0,0,0,2,0,0,0,18,1650,5
28721,9,7,30,0,0,0,0,0,0,0,0,0
28722,12,81,16,0,0,0,0,0,0,0,0,0
28723,0,0,0,0,4,599,0,0,0,0,2,0
28724,0,0,0,0,0,217,0,0,0,22,2444,8
28725,0,0,0,0,0,4,0,0,0,74,3466,6
28726,1,0,0,194,9,99,0,0,0,0,0,0
28727,0,0,0,0,25,0,234,4875,20,0,9,0
28728,0,0,0,0,0,0,0,0,0,40,1273,18
28729,0,0,0,7,652,316,0,3,0,0,0,0
28730,2,8,1,0,0,0,5,0,0,0,0,0
28731,2,5,1,0,0,0,0,0,0,0,0,0
28732,0,0,0,0,0,0,0,0,0,2,1094,1
28733,15,114,1,0,0,0,0,0,0,0,0,0
28734,53,48,12,0,0,0,0,0,0,0,0,0
28735,0,0,0,2,1,973,0,0,0,0,3,0
28736,0,0,0,0,0,0,60,450,4,0,0,0
28737,0,0,0,0,0,15,0,0,0,24,1252,3
28738,0,0,0,138,6,146,0,0,0,0,3,0
28739,0,0,0,0,12,0,5,2643,4,0,0,0
28740,0,0,0,0,0,0,0,0,1,1,63,109
28741,260,105,59,0,0,0,0,0,0,0,0,0
28742,0,172,23,0,0,0,1,0,0,0,0,0
28743,0,0,0,0,2,203,0,0,0,0,1,0
28744,0,0,0,0,0,23,0,0,0,73,4050,2
28745,0,0,0,0,0,0,23,92,17,0,0,0
28746,0,0,0,0,1,9,0,0,0,0,0,0
28747,0,0,0,0,3,0,183,1043,79,0,0,0
28748,0,0,0,0,0,8,0,0,0,34,1585,68
28749,0,0,0,0,0,6,0,0,0,0,0,0
28750,22,49,18,0,0,0,0,0,0,0,0,0
28751,0,0,0,0,0,0,0,0,0,10,0,0
28752,25,24,0,0,0,0,0,0,0,0,0,0
28753,1,50,6,0,0,0,0,0,0,0,0,0
28754,0,0,0,0,0,1,0,0,0,112,1231,14
28755,0,0,0,7,0,4,0,0,0,0,0,0
28756,0,0,0,27,20,123,0,0,0,0,0,0
28757,0,0,0,0,0,1,0,0,0,12,331,6
28758,0,0,1,0,0,0,0,0,0,146,261,1
28759,0,0,0,150,94,1522,0,0,0,0,55,0
28760,0,0,0,0,0,0,0,0,1,115,1,69
28761,330,47,19,5,0,0,1,0,0,0,0,0
28762,37,121,102,0,0,0,1,0,0,0,0,0
28763,0,0,0,0,0,0,141,0,27,0,0,0
28764,0,1,0,0,0,0,105,312,15,0,0,0
28765,21,107,27,0,0,0,1,0,0,0,0,0
28766,3,466,1,0,0,0,2,0,0,0,0,0
28767,0,0,0,0,0,15,0,0,0,4,634,0
28768,151,200,14,0,0,0,2,0,0,0,0,0
28769,10,31,113,0,0,0,0,0,0,11,0,0
28770,0,0,0,0,0,35,0,0,0,9,1018,1
28771,135,124,3,2,0,0,3,0,0,0,0,0
28772,0,0,0,2,8,113,0,0,0,0,0,0
28773,0,0,0,0,6,16,0,0,0,0,0,0
28774,0,1,0,0,0,0,124,467,10,0,0,0
28775,0,0,0,0,0,13,0,0,0,40,1764,25
28776,0,0,3,0,0,0,0,0,0,322,85,7
28777,88,368,201,0,0,0,1,0,0,0,0,0
28778,1,0,2,0,0,0,0,0,0,0,0,0
28779,3,138,7,0,0,0,0,0,0,0,0,0
28780,1,111,6,0,0,0,0,0,0,0,0,0
28781,0,1,0,0,0,0,61,12,4,0,0,0
28782,0,0,0,0,0,0,7,5,6,0,0,0
28783,0,0,0,0,0,0,0,0,0,8,194,0
28784,0,0,0,29,8,37,0,0,0,0,0,0
28785,0,0,0,11,4,2,0,0,0,0,0,0
28786,0,0,0,0,0,0,0,0,0,11,100,0
28787,0,0,0,0,0,11,0,0,0,0,0,0
28788,3,1,0,0,0,0,0,0,0,0,0,0
28789,0,0,0,0,0,5,0,0,0,2,1263,0
28790,0,0,0,0,0,0,70,141,2,0,0,0
28791,0,0,0,0,0,0,0,0,0,1,1447,0
28792,1617,205,19,6,0,0,0,0,0,0,0,0
28793,0,0,0,0,0,0,0,2,4,0,0,0
28794,0,1,0,0,0,0,0,0,0,0,0,0
28795,0,855,0,0,0,0,0,0,0,0,0,0
28796,0,0,0,0,0,0,6,0,1,0,0,0
28797,0,0,0,0,0,0,0,2,0,0,0,0
28798,0,1,0,0,0,0,540,1350,1,0,0,0
28799,1,5,2,0,0,0,0,0,0,0,0,0
28800,0,0,0,0,0,0,6,6,1,0,0,0
28801,0,0,0,0,0,5,0,0,0,2,1096,0
28802,0,45,9,0,0,0,0,0,0,0,0,0
28803,0,3,0,0,0,0,63,26,0,0,0,0
28804,1,1422,4,0,0,0,7,0,0,0,0,0
28805,0,0,0,0,0,0,247,66,0,0,0,0
28806,0,0,0,0,0,0,333,274,4,0,0,0
28807,0,0,1,0,0,0,0,0,0,229,1386,2
28808,0,5,0,0,72,0,1668,263,9,0,0,0
28809,0,0,0,0,31,0,195,366,2,0,0,0
28810,0,0,0,0,0,0,0,0,0,27,359,5
28811,29,47,4,0,0,0,0,0,0,0,0,0
28812,0,0,0,0,3,0,65,747,197,0,0,0
28813,0,0,0,1,5,251,0,0,0,0,1,0
28814,0,0,0,0,0,0,0,0,0,24,16,38
28815,301,47,5,0,0,0,0,0,0,0,0,0
28816,36,232,39,0,0,0,1,0,0,2,0,0
28817,0,0,0,0,1,0,168,3198,52,0,0,0
28818,0,0,1,0,0,1,0,0,0,40,141,0
28819,0,0,0,0,0,1,0,0,0,204,187,7
28820,1,0,0,1254,125,86,0,0,0,0,0,0
28821,0,0,9,0,0,0,0,0,0,2566,40,3
28822,0,0,0,49,29,103,0,0,0,0,0,0
28823,0,0,0,1,3,27,0,0,0,0,0,0
28824,0,0,0,0,0,0,0,0,0,12,26,3
28825,0,0,0,9,69,116,0,0,0,0,0,0
28826,0,0,0,0,0,0,0,0,0,11,564,8
28827,0,0,0,0,1,0,89,115,118,0,0,0
28828,0,0,0,0,21,136,0,0,0,0,0,0
28829,0,0,0,8,13,79,0,0,0,0,0,0
28830,0,0,2,0,0,14,0,0,0,546,324,0
28831,0,0,4,0,0,4,0,0,0,227,632,4
28832,0,0,0,26,35,120,0,0,0,0,0,0
28833,0,0,0,0,0,31,0,0,0,0,3523,0
28834,71,194,6,0,0,0,4,0,0,0,0,0
28835,0,0,0,1,5,68,0,0,0,0,1,0
28836,0,0,0,0,0,3,0,0,0,1,505,0
28837,13,67,5,0,0,0,9,0,0,0,0,0
28838,0,0,0,0,0,1,0,0,0,43,131,1
28839,0,1,0,0,0,0,224,179,2,0,0,0
28840,0,0,0,1,1,40,0,0,0,0,0,0
28841,13,143,25,0,0,0,0,0,0,0,0,0
28842,0,0,0,0,11,0,272,2063,2,0,0,0
28843,0,0,0,2,416,94,0,1,0,0,2,0
28844,0,0,0,0,0,0,0,0,0,43,127,0
28845,0,6,0,0,2,0,552,253,4,0,0,0
28846,0,0,1,0,0,53,0,0,0,93,2590,10
28847,95,86,5,0,0,0,0,0,0,0,0,0
28848,3,37,6,0,0,0,0,0,0,0,0,0
28849,0,0,0,0,0,31,0,0,0,29,3546,65
28850,69,90,4,0,0,0,0,0,0,0,0,0
28851,0,0,0,0,14,0,291,4191,819,0,0,3
28852,0,0,0,0,86,123,0,0,0,0,0,0
28853,0,0,0,8,501,160,0,8,0,0,0,0
28854,0,0,0,0,0,198,0,0,0,0,34152,0
28855,163,305,17,0,0,0,1,0,0,0,0,0
28856,1,58,436,0,0,0,0,0,0,0,0,0
28857,0,14,0,0,9,0,764,2769,335,0,0,0
28858,75,275,78,0,0,0,0,0,0,0,0,0
28859,38,38,80,0,0,0,0,0,0,0,0,0
28860,187,345,24,0,0,0,3,0,0,0,0,0
28861,0,0,0,1,36,118,0,0,0,0,1,0
28862,4,0,0,242,12,230,0,0,0,0,2,0
28863,0,0,0,0,0,7,0,0,0,0,1834,0
28864,87,62,6,0,0,0,0,0,0,0,0,0
28865,0,29,8,0,0,0,0,0,0,0,0,0
28866,0,0,0,0,0,0,0,0,0,89,709,6
28867,0,0,0,87,73,213,0,1,0,0,0,0
28868,0,0,0,0,0,31,0,0,0,134,3238,2
28869,0,0,1,1,5,6875,0,0,0,184,80643,2
28870,221,332,36,0,0,0,1,0,0,0,0,0
28871,0,1,0,0,3,0,303,1450,1,0,0,0
28872,0,0,0,0,0,0,332,68,1,0,0,0
28873,0,0,0,0,0,0,0,0,0,283,310,10
28874,83,314,75,0,0,0,0,0,0,0,0,0
28875,0,0,0,0,1,0,234,111,0,0,0,0
28876,0,0,0,0,0,0,0,0,0,1,572,0
28877,27146,163,27,461,0,3,0,0,0,0,0,0
28878,0,14,0,0,10,0,1118,7692,26321,5,29,499
28879,2,0,0,139,6562,206,2,80,0,0,2,0
28880,28,6969,6,1,0,0,4637,0,0,0,0,0
28881,62,2347,7,501,8745,425,452622,1390488,7,0,1,3
28882,5,2815,2,0,2,0,452623,772,113,0,0,3
28883,0,0,0,0,0,0,644,0,452347,10,9,2707
28884,0,0,0,0,5,2,185,1108,26496,0,0,382
28885,14,200,43,0,0,0,1,0,0,0,0,0
28886,25,35,24,0,0,0,0,0,0,0,0,0
28887,0,0,1,0,1,628,0,0,0,200,56422,73
28888,0,0,0,15,21,808,0,0,0,0,15,1
28889,0,0,0,39,41,595,0,0,0,0,0,0
28890,0,0,0,0,0,13,0,0,0,43,2495,30
28891,0,0,0,29,284,276,0,1,0,0,0,0
28892,0,0,3,0,0,6,0,0,0,343,4863,7
28893,0,0,0,0,0,8,0,0,0,81,2274,46
28894,0,0,0,43,21,85,0,0,0,0,0,0
28895,0,0,0,0,230,0,123,13747,142,0,0,0
28896,0,0,1,0,0,5,0,0,39,79,1066,249
28897,0,0,0,2,3,252,0,0,0,0,0,0
28898,4,123,16,1,0,0,4,0,0,0,0,0
28899,0,0,0,0,38,0,526,2786,348,0,0,1
28900,85,217,43,0,0,0,1,0,0,0,0,0
28901,128,154,25,0,0,0,0,1,0,0,0,0
28902,0,0,0,55,12,304,0,0,0,0,1,0
28903,0,4,0,16,8,0,195,2523,77,0,0,2
28904,0,5,0,0,5,0,510,1142,8,0,0,0
28905,0,0,0,0,0,21,0,0,0,44,2374,3
28906,0,0,0,121,12,140,0,0,0,0,1,0
28907,0,0,0,0,2,0,216,669,13,0,0,0
28908,0,1,0,0,18,0,179,1772,2,0,0,0
28909,0,0,0,0,0,55,0,0,0,11,3902,0
28910,1850,57,10,15,0,0,0,0,0,0,0,0
28911,75,103,25,5,0,0,0,0,0,0,0,0
28912,0,0,0,10,2,245,0,0,0,0,0,0
28913,0,1,0,3,5,0,324,1807,52,0,0,3
28914,0,0,0,0,0,0,100,75,39,0,0,0
28915,0,0,2,0,0,174,0,0,0,33,2120,2
28916,0,0,0,28,11849,10,299,1282411,1,0,0,0
28917,0,172,0,0,28,0,387,392,558,0,0,1
28918,0,0,0,3,2,564,0,0,0,0,4,0
28919,0,0,0,0,0,0,18,28,18,0,0,0
28920,4,13,1,0,0,0,0,0,0,0,0,0
28921,0,0,0,756,5,488,0,0,0,0,2,0
28922,0,0,0,0,10,0,101,1482,89,0,0,0
28923,0,0,0,0,0,3,0,0,0,8,331,36
28924,0,0,0,47,32,375,0,1,0,0,2,0
28925,0,1,0,0,7,0,285,1318,14,0,0,0
28926,0,0,0,0,0,0,0,0,0,9,101,19
28927,0,0,0,12,27,124,0,0,0,0,1,0
28928,0,0,0,0,0,2,0,0,0,493,702,51
28929,0,0,0,0,0,3,0,0,0,0,0,0
28930,0,0,0,99,12,117,0,0,0,0,0,0
28931,0,0,0,0,0,0,107,279,2,0,0,0
28932,0,0,0,1,1,215,0,0,0,1,47313,17
28933,0,0,0,6,43,231,0,0,0,0,0,0
28934,0,0,0,4,18,196,0,0,0,0,0,0
28935,0,0,0,0,5,12,0,0,0,0,0,0
28936,0,0,0,0,19,0,169,572,5,0,0,0
28937,0,0,0,0,0,7,0,0,0,46,441,19
28938,0,0,0,5,1,3,0,0,0,0,0,0
28939,0,0,0,0,2,0,195,614,2,0,0,0
28940,0,0,1,0,0,0,0,0,0,83,279,1
28941,0,0,0,0,1,1,0,0,0,0,0,0
28942,0,1,0,0,0,0,91,105,11,0,0,0
28943,0,0,0,0,0,0,0,0,0,15,167,1
28944,0,0,0,1,0,1,0,0,0,0,0,0
28945,0,0,0,22,0,111,0,0,0,0,0,0
28946,0,0,0,0,0,0,13,23,12,0,0,0
28947,0,12,8,0,0,0,0,0,0,0,0,0
28948,0,0,0,0,0,30,0,0,0,14,5537,5
28949,2,1,8,0,0,0,0,0,0,0,0,0
28950,0,1,0,0,0,0,151,35,1,0,0,0
28951,1,504,2,0,0,0,1,0,0,0,0,0
28952,0,0,0,46,20,92,0,2,0,0,0,0
28953,0,0,0,0,0,1,0,0,0,0,0,0
28954,0,1,0,0,0,0,128,79,1,0,0,0
28955,7,5,25,0,0,0,0,0,0,0,0,0
28956,0,39,10,0,0,0,0,0,0,1,0,0
28957,0,0,3,0,0,11,0,0,0,447,3305,1
28958,0,0,0,0,0,0,0,0,0,47,3,8
28959,21,198,1,0,0,0,6,0,0,0,0,0
28960,0,0,0,0,22,0,61,3399,59,0,0,0
28961,0,0,0,0,0,31,0,0,0,125,4191,3
28962,0,0,0,0,0,1,0,0,0,0,0,0
28963,0,0,0,44,9,279,0,0,0,0,0,0
28964,0,0,0,0,0,0,4,51,2,0,0,0
28965,1,21,4,0,0,0,0,0,0,0,0,0
28966,0,0,0,0,0,0,343,349,4,0,0,0
28967,60,4257,11,0,0,0,11,0,0,0,0,0
28968,0,1,0,0,1,0,161,79,16,0,1,0
28969,0,0,0,0,0,3,0,0,0,157,817,1
28970,0,1,2,0,0,0,0,0,0,0,0,0
28971,14,24,6,0,0,0,1,0,0,0,0,0
28972,27,76,27,0,0,0,0,0,0,0,0,0
28973,48,273,35,0,0,0,3,0,0,1,0,0
28974,0,0,0,11,21,88,0,0,0,0,0,0
28975,1,20645,0,4,607,1,30045,16482,11131,1,53,197
28976,0,0,0,7,43,122,0,0,0,0,0,0
28977,0,0,1,3,6,1221,0,0,0,35,315784,2
28978,0,0,0,101,90,259,0,1,0,0,0,0
28979,0,1,0,0,0,0,284,323,3,0,0,0
28980,0,2,0,0,3,0,253,1078,41,0,0,0
28981,0,0,0,0,0,113,0,0,0,0,0,0
28982,0,6,1,0,0,0,0,0,0,0,0,0
28983,33,238,3,0,0,0,1,0,0,0,0,0
28984,30,73,15,0,0,0,0,0,0,0,0,0
28985,0,0,0,0,0,0,0,0,0,0,0,0
28986,0,0,0,0,1,0,132,292,4,0,0,0
28987,0,0,2,0,0,1,0,0,0,24,201,0
28988,0,0,0,0,0,0,0,0,0,63,0,2
28989,66,37,8,1,0,0,0,0,0,0,0,0
28990,384,29,11,3,0,0,0,0,0,0,0,0
28991,0,0,0,0,0,2,0,0,0,44,4,27
28992,31,91,2,2,0,0,9,0,0,0,0,0
28993,18,171,11,0,0,0,0,0,0,0,0,0
28994,0,0,3,0,0,0,0,0,0,121,3,10
28995,209,40,10,15,0,0,4,0,0,0,0,0
28996,37,93,10,2,0,0,3,0,0,0,0,0
28997,0,0,1,0,0,0,0,0,0,41,2,10
28998,134,159,24,2,0,0,18,0,0,0,0,0
28999,72,162,30,2,0,0,2,0,0,1,0,0
29000,0,8,0,0,138,0,459,3475,4,0,0,0
29001,0,0,0,0,5,0,82,242,0,0,0,0
29002,0,0,9,0,0,3,0,0,0,818,194,1
29003,0,0,3,0,0,0,0,0,0,124,0,6
29004,194,49,12,6,0,0,0,0,0,1,0,0
29005,143,50,106,8,0,0,1,0,0,0,0,0
29006,4,41,153,0,0,0,0,0,0,1,0,0
29007,0,0,0,0,0,1,0,0,0,31,371,2
29008,0,0,0,19,10,83,0,0,0,0,0,0
29009,0,0,0,0,0,0,266,21,1,0,0,0
29010,0,0,0,1,13,37,0,0,0,0,2,0
29011,0,0,0,0,0,0,0,0,0,161,354,1
29012,19,44,3,0,0,0,0,0,0,0,0,0
29013,0,0,0,0,0,5,0,0,187,29,1137,290
29014,0,0,0,51,0,163,0,0,0,0,2,0
29015,1,1,3,0,0,0,0,0,0,0,0,0
29016,17,57,3,0,0,0,0,0,0,0,0,0
29017,0,12,0,0,0,0,490,277,113,0,0,0
29018,0,1,11,0,0,0,0,0,0,0,0,0
29019,6,35,2,0,0,0,1,0,0,0,0,0
29020,3,158,4,0,0,0,0,0,0,0,0,0
29021,0,0,0,28,77,65,0,0,0,0,0,0
29022,0,0,0,0,0,0,0,0,0,45,231,3
29023,0,0,0,76,10,237,0,0,0,0,1,0
29024,0,0,0,0,1,0,44,1298,4,0,0,0
29025,0,0,0,0,0,2,0,0,0,7,1485,7
29026,0,0,0,21,4,1635,0,0,0,0,5,0
29027,0,0,0,0,2,0,143,1656,2,0,0,0
29028,0,0,0,0,0,1,0,0,0,9,1198,9
29029,1,0,0,190,9,202,0,0,0,0,0,0
29030,0,0,0,0,0,0,34,13,4,0,0,0
29031,43,45,38,0,0,0,0,0,0,0,0,0
29032,0,0,0,0,2,0,319,355,10,0,0,0
29033,0,0,0,0,0,0,140,374,14,0,0,0
29034,0,0,0,0,0,0,0,0,0,9,281,0
29035,0,0,0,7,20,125,0,0,0,0,0,0
29036,0,0,0,5,16,18,0,0,0,0,0,0
29037,0,0,0,0,0,0,0,0,0,0,0,0
29038,0,0,0,1,4,136,0,0,0,0,0,0
29039,0,0,0,0,0,0,0,0,0,0,0,0
29040,37,404,10,0,0,0,1,0,0,0,0,0
29041,0,0,0,0,0,0,181,257,153,0,0,0
29042,0,0,2,0,0,0,0,0,0,0,0,0
29043,0,107,0,0,0,0,0,0,0,0,0,0
29044,0,8,0,0,0,0,1556,1,0,0,0,0
29045,0,0,0,0,0,0,0,0,0,10,101,1
29046,0,0,0,0,0,1,0,0,0,54,285,0
29047,0,0,0,26,39,161,0,0,0,0,0,0
29048,0,0,0,0,0,0,0,0,0,26,42,0
29049,0,0,0,0,0,0,32,23,0,0,0,0
29050,1,674,7,0,11,0,90033,429,2,0,0,0
29051,0,0,0,0,0,0,0,0,0,1,0,1
29052,232,2,6,5,0,0,0,0,0,0,0,0
29053,48,68,42,2,0,0,0,0,0,0,0,0
29054,0,0,0,0,0,0,0,0,0,0,0,0
29055,0,3,0,0,0,0,0,0,0,0,0,0
29056,0,198,0,0,0,0,1,0,0,0,0,0
29057,0,0,0,0,0,0,0,0,0,0,4,0
29058,0,0,0,0,0,0,0,0,0,0,0,0
29059,0,0,0,3,1,85,0,0,0,0,0,0
29060,18,14,0,0,0,0,0,0,0,0,0,0
29061,0,0,1,0,0,1,0,0,0,66,105,7
29062,0,0,0,100,10,120,0,0,0,0,0,0
29063,0,0,0,0,0,0,4,52,0,0,0,0
29064,0,0,0,0,0,0,0,0,0,0,8,0
29065,0,0,0,0,0,1,0,0,0,31,235,1
29066,38,14,0,0,0,0,0,0,0,0,0,0
29067,0,0,0,0,0,5,0,0,0,28,1224,44
29068,0,0,0,0,333,137,0,2,0,0,0,0
29069,0,0,0,0,0,0,0,0,0,0,0,0
29070,20,63,1,0,0,0,0,0,0,0,0,0
29071,3,282,6,0,0,0,1,0,0,0,0,0
29072,0,0,0,0,3,0,128,635,1,0,0,0
29073,0,0,0,0,0,0,0,0,0,3,504,2
29074,131,322,7,0,0,0,2,0,0,0,0,0
29075,0,0,0,2,0,38,0,0,0,0,0,0
29076,7,5,0,0,0,0,0,0,0,0,0,0
29077,0,0,0,0,0,27,0,0,0,1,3658,0
29078,8,7,2,0,0,0,0,0,0,0,0,0
29079,3,58,86,0,0,0,0,0,0,0,0,0
29080,0,0,0,1,1,127,0,0,0,0,0,0
29081,0,0,0,0,225,1,294,6451,220,0,0,0
29082,0,0,0,0,0,0,0,0,0,0,0,0
29083,59,59,9,0,0,0,0,0,0,0,0,0
29084,8,52,0,0,0,0,1,0,0,0,0,0
29085,0,0,0,0,0,8,0,0,0,0,2772,0
29086,198,94,3,0,0,0,0,0,0,0,0,0
29087,0,0,0,0,0,0,0,0,0,5,4,3
29088,172,13,0,0,0,0,0,0,0,0,0,0
29089,27,75,6,0,0,0,0,0,0,0,0,0
29090,0,0,0,0,2,0,7,1388,0,0,0,0
29091,0,0,0,0,0,0,0,0,0,0,26,0
29092,0,0,0,9,61,154,0,0,0,0,0,0
29093,0,0,0,0,0,2,0,0,0,0,0,0
29094,0,0,0,6,0,0,0,0,0,0,0,0
29095,0,0,0,0,0,81,0,0,0,1,14170,0
29096,0,0,0,0,0,0,11,19,0,0,0,0
29097,0,0,0,0,0,0,3,3,1,0,0,0
29098,0,0,0,0,0,1,0,0,0,42,630,0
29099,0,28,24,0,0,0,1,0,0,0,0,0
29100,0,0,0,0,0,0,105,70,2,0,0,0
29101,1,95,10,0,0,0,0,0,0,0,0,0
29102,0,0,0,0,0,0,0,0,0,0,2,0
29103,0,0,0,0,0,0,0,0,0,0,0,0
29104,0,0,0,1,2,150,0,0,0,0,0,0
29105,0,0,0,0,0,0,0,1,0,0,0,0
29106,0,0,0,0,0,0,0,0,0,0,0,0
29107,0,0,0,9,2,170,0,0,0,0,1,0
29108,0,0,0,0,0,2,0,0,0,109,1768,2
29109,0,0,2,0,0,2,0,0,0,2195,394,5
29110,380,271,11,0,0,0,2,0,0,0,0,0
29111,0,0,0,0,0,0,2,2,11,0,0,0
29112,29,10,5,0,0,0,0,0,0,0,0,0
29113,13,381,13,0,0,0,4,0,0,0,0,0
29114,0,0,0,0,0,0,0,0,0,145,0,5
29115,270,19,2,0,0,0,0,0,0,0,0,0
29116,64,42,33,0,0,0,0,0,0,0,0,0
29117,210,25,0,0,0,0,0,0,0,0,0,0
29118,0,0,0,0,0,1,0,0,0,33,618,1
29119,0,0,0,0,0,9,0,0,0,155,3477,72
29120,0,0,0,0,0,0,0,0,0,15,1,6
29121,86,80,0,0,0,0,0,0,0,0,0,0
29122,18,69,19,0,0,0,0,0,0,0,0,0
29123,0,0,0,0,0,0,2,5,0,0,0,0
29124,0,0,0,0,0,0,1,0,4,0,0,0
29125,19,157,14,0,0,0,0,0,0,0,0,0
29126,0,0,1,0,0,0,0,0,0,0,0,0
29127,1,5,1,0,0,0,0,0,0,0,0,0
29128,0,0,0,0,1,188,0,0,0,0,0,0
29129,0,0,0,0,0,13,0,0,0,0,0,0
29130,0,0,0,0,0,23,0,0,0,0,0,0
29131,0,0,0,0,1,749,0,0,0,0,3,0
29132,0,0,0,0,0,0,0,1,28,0,0,0
29133,0,0,0,0,0,0,1,0,0,0,0,0
29134,0,1,0,0,0,0,705,235,5,0,0,0
29135,0,3,0,0,0,0,791,0,0,0,0,0
29136,0,1,0,0,0,0,0,0,0,0,0,0
29137,0,0,0,0,0,2,0,0,0,1,1065,0
29138,0,0,0,0,0,0,0,0,0,25,0,4
29139,352,52,24,0,0,0,0,0,0,0,0,0
29140,0,2,0,0,2,0,712,2304,323,0,0,1
29141,0,0,0,0,1,0,11,5,52,0,0,0
29142,28,13,13,0,0,0,0,0,0,0,0,0
29143,2,107,25,0,0,0,0,0,0,0,0,0
29144,0,0,0,0,0,4,0,0,0,5,3997,1
29145,0,0,0,3,0,0,0,0,0,0,0,0
29146,211,53,5,0,0,0,0,0,0,0,0,0
29147,0,125,44,0,0,0,0,0,0,0,0,0
29148,0,0,0,21,3,946,0,0,0,0,13,0
29149,0,0,0,0,0,3,0,0,0,20,2938,3
29150,0,10,7,0,0,0,0,0,0,0,0,0
29151,0,1,0,0,0,0,55,37,11,0,0,0
29152,7,45,10,0,0,0,0,0,0,0,0,0
29153,0,0,0,0,0,0,0,0,0,174,0,0
29154,88,117,1,0,0,0,0,0,0,0,0,0
29155,60,121,15,0,0,0,0,0,0,0,0,0
29156,0,0,0,0,0,0,0,0,0,0,0,0
29157,0,0,0,0,0,0,0,1,0,0,0,0
29158,11,38,33,0,0,0,0,0,0,0,0,0
29159,1,18,0,0,0,0,0,0,0,0,0,0
29160,0,0,0,0,0,6,0,0,0,7,1381,16
29161,0,0,0,0,7,61,0,0,0,0,0,0
29162,0,0,0,0,0,0,55,533,84,0,0,0
29163,2,138,31,0,0,0,0,0,0,1,0,0
29164,0,0,0,6,10,1091,0,0,0,0,3,0
29165,0,0,0,0,0,100,0,0,0,0,0,0
29166,7,2,0,0,0,0,0,0,0,0,0,0
29167,0,0,0,0,0,18,0,0,0,0,6724,0
29168,0,3,8,0,0,0,0,0,0,0,0,0
29169,17,64,6,0,0,0,0,0,0,0,0,0
29170,10,104,7,0,0,0,0,0,0,0,0,0
29171,0,0,0,0,0,86,0,0,0,14,4653,10
29172,41,413,8,0,0,0,0,0,0,0,0,0
29173,0,0,0,15,39,185,0,0,0,0,0,0
29174,0,0,0,0,0,1,0,0,0,0,0,0
29175,0,0,0,0,0,0,0,2,0,0,0,0
29176,0,0,0,0,0,0,0,1,1,0,0,0
29177,0,0,0,0,0,0,0,0,0,0,226,3
29178,0,0,0,0,0,0,0,0,0,4,1,2
29179,0,5,0,0,28,0,550,8133,90,0,0,3
29180,0,0,0,0,0,0,0,0,0,2,1,1
29181,88,16,1,0,0,0,0,0,0,0,0,0
29182,5,31,0,0,0,0,0,0,0,0,0,0
29183,1,161,17,0,0,0,0,0,0,0,0,0
29184,0,0,0,0,0,0,0,0,0,0,0,0
29185,0,0,0,426,1,92,0,0,0,0,0,0
29186,0,0,0,0,0,0,2,44,0,0,0,0
29187,0,0,0,0,0,0,0,0,0,0,13,0
29188,448,88,36,1,0,0,1,0,0,0,0,0
29189,0,0,0,0,0,0,0,0,0,15,1,2
29190,167,14,0,0,0,0,0,0,0,0,0,0
29191,40,70,36,0,0,0,0,0,0,0,0,0
29192,0,0,0,13,10,264,0,0,0,0,0,0
29193,0,0,0,11,9,0,0,0,0,0,0,0
29194,0,0,0,95,5,2609,0,0,0,0,140,0
29195,0,0,0,0,2,0,1,1393,0,0,0,0
29196,0,0,0,0,0,0,0,0,0,0,6,5
29197,0,0,0,0,0,112,0,0,0,123,8692,2
29198,0,0,0,0,0,0,0,0,0,1,2,1
29199,0,0,0,0,0,0,0,0,0,0,50,0
29200,0,0,0,0,0,21,0,0,0,61,5402,55
29201,96,127,0,0,0,0,0,0,0,0,0,0
29202,0,0,0,0,0,0,147,82,50,0,0,0
29203,0,0,0,0,0,7,0,0,0,1,1254,0
29204,0,0,0,0,1,0,182,172,18,0,0,0
29205,0,0,0,0,0,0,0,0,0,0,150,2
29206,0,0,0,76,50,145,0,0,0,0,0,0
29207,0,0,0,0,5,1,0,0,0,0,0,0
29208,0,0,0,0,0,0,0,0,0,0,6,0
29209,174,250,43,0,0,0,1,2,0,0,0,0
29210,0,0,0,0,0,0,0,257,0,0,0,0
29211,0,0,0,0,0,0,0,0,0,0,4,2
29212,0,4,0,0,5,0,1194,804,61,0,0,0
29213,0,0,0,0,0,1,0,0,0,0,0,0
29214,0,0,0,0,0,1,0,0,0,0,0,0
29215,0,0,0,0,0,1,0,0,0,0,553,0
29216,0,0,0,0,0,0,0,0,0,0,0,0
29217,0,0,0,2,0,0,0,0,0,0,0,0
29218,0,0,0,0,0,11,0,0,0,0,3571,0
29219,0,0,0,0,0,0,0,0,0,0,0,0
29220,0,0,0,0,0,0,7,3,1,0,0,0
29221,89,254,40,0,0,0,0,0,0,0,0,0
29222,34,97,20,0,0,0,0,0,0,0,0,0
29223,0,0,0,0,1,111,0,0,0,0,0,0
29224,0,0,0,0,0,0,127,259,4,0,0,0
29225,0,0,0,0,14,0,0,0,0,0,0,0
29226,0,0,0,0,0,0,0,0,0,1,2,0
29227,0,2,0,0,440,0,808,6144,15,0,0,0
29228,0,0,0,0,0,0,0,0,0,1,48,0
29229,0,2,0,0,0,0,830,9,0,0,0,0
29230,0,0,0,0,0,10,0,0,0,5,1240,3
29231,88,141,8,0,0,0,0,0,0,0,0,0
29232,0,0,0,0,0,3,0,0,0,0,0,0
29233,1,0,0,86,7,249,0,0,0,0,0,0
29234,0,1,0,0,0,0,181,116,6,0,0,0
29235,0,0,0,0,0,0,197,180,2,0,0,0
29236,0,0,0,0,1,3,0,0,0,15,1244,1
29237,74,408,9,0,0,0,1,0,0,0,0,0
29238,0,0,0,14,0,134,0,0,0,0,0,0
29239,0,0,0,0,1,0,299,507,55,0,1,0
29240,0,0,0,0,0,0,51,1,16,0,0,0
29241,6,16,19,0,0,0,0,0,0,0,0,0
29242,67,115,4,0,0,0,0,0,0,0,0,0
29243,0,1,0,0,0,0,125,46,4,0,0,0
29244,0,0,0,0,8,250,0,0,0,0,1,0
29245,0,0,0,0,0,0,0,0,0,20,192,1
29246,8,51,0,0,0,0,0,0,0,0,0,0
29247,0,0,2,0,0,4,0,0,0,35,1531,8
29248,21,77,6,0,0,0,0,0,0,0,0,0
29249,0,0,0,0,0,16,0,0,0,33,2763,1
29250,0,0,0,0,0,0,0,0,0,163,1450,63
29251,0,0,0,21,30,230,0,0,0,0,0,0
29252,0,0,0,4,36,9,0,0,0,0,0,0
29253,0,0,0,0,0,87,0,0,0,0,25255,13
29254,0,10,0,0,25,0,1484,9042,58,0,0,0
29255,0,0,0,0,0,0,25,3,3,0,0,0
29256,0,0,0,0,0,0,27,44,5,0,0,0
29257,115,98,297,0,0,0,1,0,0,0,0,0
29258,7,52,2,0,0,0,0,0,0,0,0,0
29259,0,0,0,0,0,0,0,0,0,3,88,1
29260,0,7,0,0,22,0,1632,3559,223,0,0,0
29261,0,0,0,0,0,11,0,0,0,0,0,0
29262,0,0,0,0,2,0,0,1244,0,0,0,0
29263,0,0,0,0,0,0,0,65,1,0,0,0
29264,0,0,0,0,0,64,0,0,0,0,0,0
29265,0,0,0,0,0,2,0,0,0,0,0,0
29266,0,13,0,0,1,0,3005,716,189,0,0,0
29267,15,33,2,0,0,0,0,0,0,0,0,0
29268,0,0,0,0,0,0,0,0,0,13,213,52
29269,0,0,1,0,0,1,0,0,0,1340,809,6
29270,0,0,0,0,0,14,0,0,0,0,0,0
29271,9,0,0,0,0,0,0,0,0,0,0,0
29272,0,0,0,0,0,35,0,0,0,0,8876,0
29273,48,175,0,0,0,0,0,0,0,0,0,0
29274,0,0,0,0,0,13,0,0,0,37,2739,76
29275,12,47,10,0,0,0,0,0,0,0,0,0
29276,0,0,0,0,0,0,1,1,0,0,0,0
29277,0,0,0,0,0,0,0,1,0,0,0,0
29278,0,0,0,2,28,32,0,0,0,0,0,0
29279,0,1,0,0,11,0,62,261,1,0,0,0
29280,0,0,0,0,0,0,0,0,0,15,666,0
29281,0,0,0,0,0,0,0,0,0,19,971,48
29282,191,199,13,0,0,0,1,0,0,0,0,0
29283,0,0,0,0,0,28,0,0,0,0,0,0
29284,0,0,0,0,0,8,0,0,0,161,3456,15
29285,0,1,0,0,0,0,0,0,0,0,0,0
29286,3,19,1,0,0,0,1,0,0,0,0,0
29287,3,105,1,0,0,0,0,0,0,0,0,0
29288,0,0,0,4,9,2349,0,0,0,0,12,0
29289,0,0,0,0,9,1,0,0,0,0,0,0
29290,0,0,0,0,1,0,246,188,2,0,0,0
29291,0,0,0,0,0,0,269,70,4,0,0,0
29292,11,66,19,0,0,0,0,0,0,0,0,0
29293,0,0,0,19,1,80,0,0,0,0,0,0
29294,0,0,0,0,0,0,35,91,86,0,0,6
29295,17,14,10,0,0,0,0,0,0,0,0,0
29296,0,0,0,0,0,18,0,0,0,22,6209,25
29297,1,3,4,0,0,0,0,0,0,0,0,0
29298,12,33,4,0,0,0,0,0,0,0,0,0
29299,55,210,70,0,0,0,1,0,0,0,0,0
29300,0,2,0,0,0,0,89,272,800,0,0,12
29301,20,315,12,0,0,0,1,0,0,0,0,0
29302,0,0,0,0,8,585,0,0,0,0,3,0
29303,0,0,0,0,0,2,0,0,0,52,647,1
29304,0,0,0,0,0,1,0,0,0,39,240,0
29305,257,70,9,0,0,0,0,0,0,0,0,0
29306,23,4,21,0,0,0,0,0,0,0,0,0
29307,18,986,89,0,0,0,1,3,0,0,0,0
29308,0,0,0,10,4,140,0,0,0,0,0,0
29309,0,0,0,0,0,10,0,0,0,0,0,0
29310,0,0,0,0,0,7,0,0,0,0,0,0
29311,0,0,0,0,0,59,0,0,0,4,8476,15
29312,0,5,2,0,0,0,0,0,0,0,0,0
29313,1,69,0,0,0,0,1,0,0,0,0,0
29314,13,56,17,0,0,0,0,0,0,0,0,0
29315,0,0,0,0,1,0,78,722,840,0,0,1
29316,10,99,5,0,0,0,0,0,0,0,0,0
29317,0,0,0,0,8,777,0,0,0,0,6,0
29318,0,0,0,0,0,0,0,0,0,12,0,11
29319,67,22,0,0,0,0,0,0,0,0,0,0
29320,12,42,56,0,0,0,0,0,0,1,0,0
29321,0,0,0,0,7,0,62,704,51,0,0,1
29322,0,0,0,2,9,30,0,0,0,0,0,0
29323,0,0,0,0,0,0,0,0,0,1,147,1
29324,24,196,19,0,0,0,0,0,0,0,0,0
29325,0,0,0,4,7,51,0,0,0,0,0,0
29326,0,0,0,9,12,74,0,0,0,0,0,0
29327,0,0,0,1,3,28,0,0,0,0,0,0
29328,0,0,0,0,0,5,0,0,0,0,0,0
29329,0,0,0,0,0,0,144,251,0,0,0,0
29330,0,0,0,0,0,3,0,0,0,39,154,2
29331,0,0,0,0,0,0,0,0,0,0,0,0
29332,0,0,0,0,16,0,74,3285,31,0,0,0
29333,10,29,44,0,0,0,0,0,0,0,0,0
29334,0,122,207,0,0,0,0,0,0,9,0,0
29335,0,0,0,0,0,346,0,0,0,0,0,0
29336,0,13,0,0,0,0,0,0,0,0,0,0
29337,72,24,3,0,0,0,0,0,0,0,0,0
29338,0,0,0,0,0,0,64,205,3,0,0,0
29339,0,0,0,0,0,0,0,0,0,2,0,0
29340,0,0,0,0,0,0,0,0,0,0,0,0
29341,0,0,0,0,0,361,0,0,0,0,0,0
29342,0,334,1,0,0,0,2,0,0,0,0,0
29343,0,0,0,0,0,7,0,0,0,0,0,0
29344,0,0,0,29,0,119,0,0,0,0,0,0
29345,0,0,0,0,0,0,225,1,1,0,0,0
29346,0,1,1,0,0,0,0,0,0,0,0,0
29347,0,0,0,0,0,2,0,0,0,10,1402,1
29348,0,0,0,0,4,0,195,2279,1,0,0,0
29349,0,0,0,0,0,0,0,0,0,1,71,10
29350,239,103,14,0,0,0,0,0,0,0,0,0
29351,0,0,0,0,0,61,0,0,0,0,0,0
29352,3,0,1,0,0,0,0,0,0,0,0,0
29353,0,0,4,0,0,18,0,0,0,40,4529,0
29354,3,7,2,0,0,0,0,0,0,0,0,0
29355,14,269,12,0,0,0,2,0,0,0,0,0
29356,31,25,7,0,0,0,0,0,0,0,0,0
29357,44,378,5,0,0,0,2,0,0,0,0,0
29358,0,0,2,0,0,271,0,0,0,350,7181,10
29359,84,79,16,2,0,0,0,0,0,0,0,0
29360,0,0,0,16,15,109,0,0,0,0,1,0
29361,0,0,0,7,4,35,0,0,0,0,0,0
29362,0,0,0,0,0,4335,0,0,0,30,30105,1
29363,0,0,0,0,0,63,0,0,0,34,1317,5
29364,0,0,1,0,0,164,0,0,0,61,2059,3
29365,23,52,4,0,0,0,1,0,0,0,0,0
29366,0,0,1,0,0,1008,0,0,0,70,5557,11
29367,0,0,0,1,0,247,0,0,7,122,6284,82
29368,209,121,15,1,0,0,0,1,0,0,0,0
29369,220,149,178,8,0,0,8,0,0,3,0,0
29370,0,0,0,0,0,554,0,0,0,11,7110,31
29371,38,782,12,0,0,0,23,0,0,0,0,0
29372,0,0,0,0,0,0,12,2,58,0,0,0
29373,14,53,14,0,0,0,0,0,0,0,0,0
29374,0,4,0,0,3,0,941,455,9,0,0,0
29375,0,0,4,0,0,2,0,0,0,214,464,1
29376,0,0,0,0,0,11,0,0,1,113,566,56
29377,62,0,46,2489,10,189,0,0,0,0,0,0
29378,0,40,20,0,0,0,0,0,0,0,0,0
29379,103,555,30,6,0,0,6,0,0,0,0,0
29380,228,192,37,2,0,0,1,0,0,0,0,0
29381,0,98,38,0,0,0,0,0,0,0,0,0
29382,45,83,39,0,0,0,0,0,0,0,0,0
29383,0,2,0,0,5,0,329,2156,108,0,0,0
29384,0,0,0,0,24,0,181,2073,0,0,0,0
29385,18,50,8,0,0,0,0,0,0,0,0,0
29386,0,0,0,3,0,16,0,0,0,468,2844,7
29387,0,45,3,0,0,0,0,0,0,0,0,0
29388,10,22,37,0,0,0,0,0,0,0,0,0
29389,71,97,23,0,0,0,0,0,0,0,0,0
29390,0,60,38,0,0,0,1,0,1,0,0,0
29391,42,215,28,0,0,0,0,0,0,0,0,0
29392,0,3,0,0,35,0,139,6311,283,0,0,1
29393,0,195,25,0,0,0,0,0,0,0,0,0
29394,123,73,25,3,0,0,4,0,0,0,0,0
29395,0,0,0,0,0,0,201,778,912,0,0,5
29396,0,28,35,0,0,0,0,0,0,1,0,0
29397,30,113,263,0,0,0,1,0,0,2,0,0
29398,0,0,0,0,10,0,175,411,0,0,0,0
29399,1,157,0,0,0,0,10417,299,2,0,0,0
29400,0,0,0,0,0,5,0,0,0,12,939,3
29401,2,0,0,154,3,571,0,0,0,0,1,0
29402,0,0,0,1,16728,43,19,1407259,11,0,0,0
29403,38,339,43,0,0,0,2,0,0,0,0,0
29404,0,0,0,5,1,226,0,0,0,0,0,0
29405,0,0,0,0,0,0,14,0,2328,0,0,17
29406,243,50,42,0,0,0,0,0,0,0,0,0
29407,81,118,13,4,0,0,0,0,0,0,0,0
29408,7,190,26,0,0,0,0,0,0,0,0,0
29409,0,0,0,0,0,58,0,0,0,242,5361,84
29410,0,0,0,14,378,276,0,0,0,0,0,0
29411,0,0,0,0,1,1,0,0,0,4,229,64
29412,620,55,8,2,0,0,0,0,0,0,0,0
29413,27,159,29,0,0,0,3,0,0,0,0,0
29414,0,0,0,0,0,0,570,484,1,0,0,0
29415,0,0,0,0,0,0,0,0,0,41,232,2
29416,0,0,0,0,0,10,0,0,0,90,473,1
29417,0,0,0,1,16,74,0,0,0,0,0,0
29418,0,0,0,0,0,177,0,0,0,0,0,0
29419,5,55,2,0,0,0,0,0,0,0,0,0
29420,0,0,0,0,0,17,0,0,2,45,3477,793
29421,0,0,0,0,0,19,0,0,0,98,4289,6
29422,1,37,0,0,35,0,2888,7209,129,0,0,0
29423,0,0,0,0,0,0,0,0,0,3,0,1
29424,110,18,38,0,0,0,0,0,0,1,0,0
29425,0,0,0,0,0,0,0,0,0,0,0,0
29426,0,34,147,0,0,0,0,0,0,0,0,0
29427,0,38,0,0,2,0,3869,760,44,0,0,0
29428,10,94,17,0,0,0,0,0,0,0,0,0
29429,0,0,0,0,0,0,0,0,0,2,10,33
29430,45,3,4,0,0,0,0,0,0,0,0,0
29431,0,1,0,0,2,0,412,506,18,0,0,0
29432,0,12,12,0,0,0,0,0,0,0,0,0
29433,64,989,12,0,0,0,3,0,0,0,0,0
29434,5,1,0,1,2,0,181,275,17,0,0,5
29435,1,14,22,0,0,0,0,0,0,0,0,0
29436,13,45,12,0,0,0,0,0,0,0,0,0
29437,2,124,10,0,0,0,0,0,0,0,0,0
29438,0,0,0,0,0,0,0,0,0,8,3,10
29439,2716,17,7,18,0,0,1,0,0,0,0,0
29440,0,26,0,0,9,0,1859,2743,94,0,0,0
29441,0,0,0,0,0,0,0,0,0,47,2,33
29442,167,12,13,9,0,0,0,0,0,0,0,0
29443,75,46,24,0,0,0,0,0,0,0,0,0
29444,5,71,4,0,0,0,0,0,0,0,0,0
29445,0,0,0,0,1,33,0,0,0,34,6976,5
29446,0,0,0,34,15,94,0,0,0,0,1,0
29447,0,0,0,0,0,0,49,451,16,0,0,0
29448,0,0,0,3,0,12,0,0,0,0,0,0
29449,0,0,0,0,55,0,54,5696,263,0,0,0
29450,6,9,4,0,0,0,0,0,0,0,0,0
29451,0,0,0,0,0,7,0,0,0,5,869,1
29452,0,0,0,6,19,98,0,0,0,0,1,0
29453,0,0,0,0,0,0,0,0,0,8,27,1
29454,0,0,0,0,0,1,0,0,0,0,0,0
29455,0,0,0,18,26,97,0,0,0,0,1,0
29456,0,0,0,0,0,0,0,0,0,7,257,3
29457,0,0,0,6,2,11,0,0,0,0,0,0
29458,0,0,0,1,22,120,0,0,0,0,0,0
29459,0,0,0,0,0,0,0,0,0,4,120,1
29460,0,0,0,0,0,0,0,0,0,10,1,4
29461,0,0,0,73,47,252,0,0,0,0,7,0
29462,0,0,0,0,1,0,14,214,10,0,0,0
29463,0,0,0,0,0,0,0,0,0,13,119,6
29464,0,0,0,21,5,336,0,0,0,0,2,0
29465,0,0,0,0,5,0,65,732,13,0,0,0
29466,0,0,0,0,0,33,0,0,0,3,6022,4
29467,122,86,96,1,0,0,0,0,0,0,0,0
29468,0,1,0,0,1,0,364,775,393,0,1,4
29469,36,11,45,0,0,0,0,0,0,0,0,0
29470,0,0,0,8,13,190,0,0,0,0,0,0
29471,0,0,0,10,7,183,0,0,0,0,1,0
29472,0,0,0,0,1,4,0,0,0,0,0,0
29473,0,0,0,0,0,0,686,38,42,0,0,0
29474,0,0,0,0,10,0,137,2727,69,0,0,0
29475,10,29,94,0,0,0,0,0,0,0,0,0
29476,0,0,0,6,2,91,0,0,0,0,0,0
29477,0,0,0,0,14,0,45,2611,299,0,0,0
29478,93,138,56,7,0,0,0,0,0,0,0,0
29479,0,0,0,10,71,388,0,0,0,0,0,0
29480,0,0,0,0,23,1,0,1,0,0,0,0
29481,0,0,0,0,0,0,0,0,0,0,0,0
29482,0,0,0,0,0,2,0,0,0,0,642,0
29483,0,0,0,2,64,0,0,1,0,0,0,0
29484,0,0,0,0,0,0,0,0,0,1,3,0
29485,0,0,0,0,0,1,0,0,0,6,653,4
29486,26,2,5,0,0,0,0,0,0,0,0,0
29487,28,127,4,0,0,0,0,0,0,0,0,0
29488,6,386,4,0,0,0,2,0,0,0,0,0
29489,0,0,0,0,0,0,0,0,0,26,1,3
29490,26,27,0,0,0,0,0,0,0,0,0,0
29491,3,159,10,0,0,0,0,0,0,0,0,0
29492,0,0,0,0,0,72,0,0,0,0,0,0
29493,0,0,0,0,0,2,0,0,0,0,0,0
29494,0,1,0,0,0,0,132,4,1,0,0,0
29495,0,0,0,0,0,0,0,0,0,1,2,0
29496,21,46,0,0,0,0,0,0,0,0,0,0
29497,2,95,0,0,0,0,0,0,0,0,0,0
29498,0,0,0,0,0,0,0,0,0,95,3,30
29499,415,521,0,5,0,0,2,2,0,0,0,0
29500,89,806,88,0,0,0,2,0,0,40,0,0
29501,0,0,0,2,379,0,0,0,0,0,0,0
29502,0,0,0,0,0,0,0,0,0,0,57,0
29503,0,0,1,0,0,2,0,0,0,17,646,91
29504,50,0,16,0,0,0,0,0,0,1,0,0
29505,0,0,0,0,0,1,0,0,0,0,0,0
29506,0,0,0,0,0,0,9,316,0,0,0,0
29507,12,69,172,0,0,0,0,0,0,4,0,0
29508,0,0,0,0,4,0,330,604,5,0,0,0
29509,0,0,0,0,0,1501,0,0,0,21,92133,13
29510,26,155,17,0,0,0,0,0,0,0,0,0
29511,0,0,0,0,13,0,102,3131,54,0,0,0
29512,0,0,0,29,1058,107,0,2,0,0,0,0
29513,0,0,0,0,19,0,146,1980,9,0,0,0
29514,0,0,0,0,0,3,0,0,0,17,569,5
29515,1,0,0,143,17,220,0,0,0,0,2,0
29516,0,1,0,0,0,0,106,1,46,0,0,0
29517,9,250,17,0,0,0,3,0,0,0,0,0
29518,0,0,0,0,0,18,0,0,5,51,2487,49
29519,0,0,0,26,46,39,0,1,0,0,0,0
29520,0,0,0,0,0,1,0,0,0,1,1300,5
29521,546,369,14,9,0,0,3,0,0,2,0,0
29522,8,40,3,0,0,0,0,0,0,0,0,0
29523,0,0,0,0,0,2,0,0,0,22,1498,4
29524,1,0,0,82,111,3732,0,0,0,0,18,0
29525,0,0,0,0,0,0,0,0,0,13,108,16
29526,288,138,31,0,0,0,0,0,0,0,0,0
29527,0,2,0,0,32,0,297,4731,53,0,0,0
29528,0,1,0,0,1,0,92,325,6,0,0,0
29529,0,0,0,0,0,0,0,0,0,1,21,0
29530,0,0,1,0,0,16,0,0,0,275,1685,12
29531,0,0,0,0,0,0,0,0,0,0,0,0
29532,0,51,0,0,0,0,0,0,0,0,0,0
29533,1,100,0,0,0,0,2,0,0,0,0,0
29534,8,71,12,0,0,0,0,0,0,0,0,0
29535,0,0,2,0,0,17,0,0,1,318,3233,56
29536,0,0,0,25,18,101,0,0,0,0,0,0
29537,0,0,0,0,0,3,0,0,0,9,1841,2
29538,260,120,46,0,0,0,0,0,0,0,0,0
29539,0,0,0,19,17,1044,0,1,0,0,7,0
29540,0,9,0,0,3,0,1445,492,11,0,0,0
29541,0,0,0,0,0,60,0,0,0,40,5250,14
29542,221,201,19,1,0,0,0,0,0,0,0,0
29543,0,2,0,0,222,1,266,11231,1339,0,1,5
29544,52,50,15,0,0,0,0,0,0,0,0,0
29545,0,0,0,0,0,10,0,0,0,382,2839,1
29546,0,0,1,0,0,11,0,0,0,298,2483,32
29547,29,186,16,0,0,0,56,0,0,0,0,0
29548,0,0,0,0,0,1,0,0,0,10,505,5
29549,29,148,11,0,0,0,0,0,0,0,0,0
29550,0,0,0,0,0,12,0,0,0,10,685,5
29551,78,82,55,0,0,0,0,0,0,1,0,0
29552,11,288,19,0,0,0,2,0,0,0,0,0
29553,0,0,0,0,0,0,0,0,0,0,0,0
29554,0,0,0,0,288,0,272,14698,48,0,0,2
29555,0,0,0,0,0,117,0,0,0,28,7577,3
29556,74,154,10,0,0,0,0,0,0,0,0,0
29557,0,0,0,0,44,1,48,7287,52,0,0,0
29558,158,270,128,0,0,0,2,24,0,1,0,0
29559,0,0,0,49,2,121,0,0,0,0,0,0
29560,0,0,0,0,0,0,252,372,3,0,0,0
29561,0,0,0,0,0,0,4,3,0,0,0,0
29562,0,2,0,0,2,0,141,53,3,0,0,0
29563,0,0,0,0,0,0,0,0,0,3,116,0
29564,0,0,0,2,1,376,0,0,0,0,0,0
29565,1,465,11,0,0,0,1,0,0,0,0,0
29566,2,0,0,30,12,502,0,0,0,0,0,0
29567,3,2430,82,0,0,0,8,0,0,0,0,0
29568,0,0,0,1,1,366,0,0,0,0,0,0
29569,8,59,0,0,0,0,0,0,0,0,0,0
29570,17,55,35,0,0,0,0,0,0,0,0,0
29571,57,67,2,0,0,0,0,0,0,0,0,0
29572,0,0,0,0,0,7,0,0,0,23,685,3
29573,0,0,0,0,0,0,246,107,5,0,0,0
29574,0,0,0,0,7,46,0,0,0,0,1,0
29575,0,0,0,81,20,57,0,0,0,0,0,0
29576,0,0,0,8,15,30,0,0,0,0,0,0
29577,0,0,0,5,18,34,0,0,0,0,0,0
29578,0,0,1,0,0,0,0,0,0,99,390,1
29579,0,3,0,0,26,0,192,1273,6,0,0,0
29580,0,0,0,0,0,17,0,0,0,93,4250,9
29581,0,0,0,4,10,185,0,1,0,0,81,0
29582,0,0,0,9,15,209,0,0,0,0,3,0
29583,0,0,0,2,12,185,0,0,0,0,0,0
29584,0,0,0,3,27,107,0,1,0,0,0,0
29585,0,0,0,0,0,10,0,0,0,29,4586,16
29586,0,0,0,0,0,21,0,0,1,17,2738,16
29587,0,3,0,0,0,0,1182,282,4,0,0,0
29588,0,0,0,0,4,129,0,0,0,0,0,0
29589,1,0,0,73,2,315,0,0,0,0,0,0
29590,0,0,0,69,1,26,0,0,0,0,0,0
29591,1,141,1,0,0,0,0,0,0,0,0,0
29592,0,0,0,0,0,6,0,0,0,10,1223,1
29593,0,0,0,0,121,0,138,9554,5,0,0,0
29594,0,0,0,0,0,0,0,0,0,0,0,0
29595,0,0,0,1,7,159,0,0,0,0,0,0
29596,18,360,5,0,0,0,0,0,0,0,0,0
29597,0,0,0,0,0,117,0,0,0,0,0,0
29598,18,140,1,0,0,0,1,0,0,0,0,0
29599,0,0,0,0,1,100,0,0,0,0,0,0
29600,10,275,1,0,0,0,2,0,0,0,0,0
29601,0,0,0,0,1,0,0,13,0,0,0,0
29602,0,0,0,1,0,41,0,0,0,0,0,0
29603,0,0,0,0,0,0,0,0,0,0,10,0
29604,0,0,0,0,2,5434,0,0,0,0,2,0
29605,3,4,0,0,0,0,0,0,0,0,0,0
29606,0,0,0,0,0,7,0,0,0,4,331,1
29607,0,0,0,1,1,113,0,0,0,0,0,0
29608,0,0,0,0,0,0,0,0,0,2,116,0
29609,0,0,0,1,1,87,0,0,0,0,1,0
29610,0,0,0,0,0,17,0,0,0,0,0,0
29611,0,0,0,0,0,0,33,44,0,0,0,0
29612,0,0,0,0,1,50,0,0,0,0,0,0
29613,0,0,0,0,0,0,14,35,4,0,0,0
29614,0,0,0,0,0,211,0,0,0,4,11662,4
29615,63,57,12,0,0,0,0,0,0,0,0,0
29616,0,0,0,0,0,0,41,704,327,0,0,0
29617,22,263,100,0,0,0,0,0,0,0,0,0
29618,21,171,9,0,0,0,1,0,0,0,0,0
29619,0,0,0,102,1,39,0,0,0,0,0,0
29620,0,0,0,0,0,0,7,360,153,0,0,0
29621,93,132,13,2,0,0,0,0,0,0,0,0
29622,49,296,43,0,0,0,0,0,0,0,0,0
29623,0,0,0,23,18,291,0,0,0,0,0,0
29624,0,0,0,20,2,1797,0,0,0,0,16,0
29625,0,0,0,0,0,71,0,0,0,2,2911,0
29626,0,0,0,0,18,57,0,0,0,0,0,0
29627,0,0,0,0,0,13,0,0,0,45,3764,69
29628,0,4,0,0,10,0,844,1858,210,0,5,1
29629,0,0,0,0,1,44,0,0,0,0,0,0
29630,22,333,2,0,0,0,2,0,0,0,0,0
29631,2,102,9,0,0,0,2,0,0,0,0,0
29632,0,0,0,0,0,12,0,0,0,72,14917,1
29633,0,0,0,2,10,150,0,0,0,0,0,0
29634,5,58,0,0,0,0,0,0,0,0,0,0
29635,0,0,0,0,0,3,0,0,0,14,1996,9
29636,49,82,1,0,0,0,0,0,0,0,0,0
29637,0,0,0,31,5,399,0,0,0,0,1,0
29638,14,43,3,0,0,0,0,0,0,0,0,0
29639,0,0,0,0,2,0,28,506,54,0,0,0
29640,0,0,0,0,0,7,0,0,0,3,2800,8
29641,31,77,1,0,0,0,2,0,0,0,0,0
29642,0,0,0,0,0,12,0,0,0,0,4659,4
29643,103,78,6,0,0,0,0,0,0,0,0,0
29644,20,115,44,0,0,0,0,0,0,0,0,0
29645,0,0,0,0,260,1,203,49889,206,0,0,0
29646,0,0,0,0,2,47,0,0,0,0,0,0
29647,14,187,1,0,0,0,1,0,0,0,0,0
29648,0,0,0,0,72,0,106,6510,131,0,0,0
29649,33,202,13,0,0,0,0,0,0,0,0,0
29650,0,0,0,0,2,127,0,0,0,0,0,0
29651,0,2,0,0,1,0,190,134,8,0,0,0
29652,0,0,0,0,0,20,0,0,0,0,0,0
29653,16,92,2,0,0,0,0,0,0,0,0,0
29654,0,0,0,0,0,0,178,229,5,0,0,0
29655,1,0,0,22,6,251,0,0,0,0,2,0
29656,0,0,0,4,16,76,0,0,0,0,0,0
29657,165,296,6,0,0,0,0,0,0,0,0,0
29658,18,15,32,0,0,0,0,0,0,0,0,0
29659,0,0,0,0,0,22,0,0,0,122,2081,19
29660,8,0,0,383,11,64,0,0,0,0,0,0
29661,0,0,0,6,14,222,0,0,0,0,1,0
29662,0,0,0,6,2,70,0,0,0,0,1,0
29663,48,51,3,0,0,0,1,0,0,0,0,0
29664,14,93,8,0,0,0,1,0,0,0,0,0
29665,0,0,0,6,48,224,0,0,0,0,4,0
29666,0,0,0,0,0,35,0,0,0,132,5532,8
29667,0,0,0,11,89,147,0,0,0,0,1,0
29668,0,0,0,0,0,4,0,0,0,4,898,2
29669,21,260,4,0,0,0,3,0,0,0,0,0
29670,0,0,0,0,0,22,0,0,0,4,3611,1
29671,37,138,5,0,0,0,2,0,0,0,0,0
29672,0,0,0,2,2,79,0,0,0,0,3,0
29673,41,57,1,2,0,0,1,0,0,0,0,0
29674,0,0,0,0,1,0,204,197,7,0,0,0
29675,0,0,0,0,0,9,0,0,0,12,1485,2
29676,96,55,4,3,0,0,0,0,0,0,0,0
29677,13,56,25,0,0,0,0,0,0,0,0,0
29678,0,0,0,11,8,210,0,0,0,0,2,0
29679,0,0,0,0,0,31,0,0,0,32,3989,9
29680,0,0,0,6,33,259,0,8,0,0,2,0
29681,0,0,0,15,51,143,0,1,0,0,1,0
29682,0,0,0,19,0,116,0,0,0,0,2,0
29683,169,28,1,0,0,0,0,0,0,0,0,0
29684,44,127,17,2,0,0,0,0,0,0,0,0
29685,0,0,0,51,551,764,0,14,0,0,3,0
29686,0,0,0,0,0,41,0,0,6,30,4464,632
29687,42,250,53,0,0,0,2,0,0,0,0,0
29688,0,0,0,0,58,0,68,4936,1128,0,3,8
29689,0,0,0,1,4,58,0,0,0,0,0,0
29690,0,2,0,0,35,0,208,4640,243,0,2,9
29691,0,0,0,8,6,84,0,0,0,0,0,0
29692,0,0,0,0,18,0,178,2438,175,0,0,2
29693,0,0,0,2,4,172,0,0,0,0,1,0
29694,67,184,9,7,0,0,1,0,0,0,0,0
29695,7,27,4,0,0,0,0,0,0,0,0,0
29696,0,0,0,0,0,7,0,0,0,46,2038,4
29697,38,145,7,0,0,0,2,0,0,0,0,0
29698,0,0,0,19,125,231,0,0,0,0,0,0
29699,0,0,0,19,0,34,0,0,0,0,0,0
29700,41,123332,9,0,0,0,3572,18,1,0,0,0
29701,0,1,0,0,14,0,376,1298,7,0,0,0
29702,0,24,0,0,1,0,1628,503,0,0,0,0
29703,0,0,0,0,7,0,98,698,2,0,0,0
29704,20,43,8,0,0,0,0,0,0,0,0,0
29705,0,0,0,0,7,0,18,2167,43,0,0,0
29706,0,63,0,0,404,0,900,10302,566,0,0,6
29707,2,114,50,0,0,0,5,0,0,0,0,0
29708,0,0,0,2,0,68,0,0,0,101,3767,32
29709,1,0,0,25,35,82,0,0,0,0,0,0
29710,2,0,0,232,77,3228,0,0,0,0,36,0
29711,0,19,0,0,27,0,818,4307,248,0,0,5
29712,75,166,140,1,0,0,0,0,0,2,0,0
29713,30,67,14,0,0,0,1,0,0,0,0,0
29714,64,8,82,2,0,0,0,0,0,0,0,0
29715,0,0,0,0,21,0,221,2034,54,0,0,0
29716,40,141,67,0,0,0,0,0,0,0,0,0
29717,0,3,0,0,4,0,1555,344,9,0,0,0
29718,0,0,1,0,0,3,0,0,0,476,807,1
29719,0,0,2,0,0,37,0,0,0,316,3492,15
29720,75,79,5,0,0,0,0,0,0,0,0,0
29721,0,0,1,0,0,26,0,0,0,74,2235,14
29722,0,0,1,0,0,22,0,0,0,63,2462,17
29723,181,89,386,2,0,0,0,0,0,0,0,0
29724,0,0,0,1,0,5,0,0,0,117,1572,6
29725,202,265,24,1,0,0,3,0,0,0,0,0
29726,0,0,0,40,22,439,0,0,0,0,0,0
29727,0,0,0,13,25,138,0,0,0,0,2,0
29728,1,0,0,307,325,170,0,32,0,0,2,0
29729,2,0,0,85,100,219,0,1,0,0,2,0
29730,0,0,0,0,0,9,0,0,1,164,1285,251
29731,107,220,11,3,0,0,0,0,0,0,0,0
29732,0,0,0,0,0,6,0,0,0,93,770,56
29733,0,0,1,0,0,82,0,0,1,471,7600,20
29734,1,6,0,0,82,0,1456,4892,6972,0,63,118
29735,202,644,1047,1,0,0,6,0,0,155,0,0
29736,0,24,0,0,50,0,940,4220,8138,0,12,17
29737,0,10,0,0,71,0,1087,6030,260,0,0,0
29738,0,0,383,0,0,164,0,0,0,10545,10879,66
29739,0,0,1,0,0,13,0,0,0,149,1727,38
29740,185,301,29,0,0,0,2,0,0,0,0,0
29741,2,0,1,0,0,40,0,0,4,465,1468,53
29742,0,68,0,90,14271,168,1597,1391993,131,0,0,1
29743,3,0,0,0,0,10,0,0,0,241,3084,17
29744,0,18,0,0,5,0,3199,1483,34,0,0,1
29745,0,4,0,0,7,0,389,1748,79,0,0,0
29746,68,92,179,0,0,0,1,0,0,0,0,0
29747,0,16,0,0,74,0,803,8334,133,0,0,6
29748,2,0,0,36,43,1129,0,10,0,0,17,0
29749,44,111,5,0,0,0,0,0,0,0,0,0
29750,0,0,2,0,0,235,0,0,2,85,12221,205
29751,0,3,0,0,42,3,861,5312,2457,0,1,21
29752,171,546,19,0,0,0,3,0,0,0,0,0
29753,0,0,0,18,265,872,0,1,0,0,3,0
29754,0,0,0,0,0,70,0,0,0,119,3649,112
29755,0,0,0,0,3,0,219,1113,214,0,0,1
29756,97,344,106,8,0,0,2,0,0,0,0,0
29757,0,0,0,0,11,0,177,915,6,0,0,0
29758,4,0,0,35,26,43,0,1,0,0,0,0
29759,0,0,0,0,5,0,307,1122,18,0,0,0
29760,0,0,0,163,102,948,0,0,0,0,4,0
29761,33,151,29,1,0,0,5,0,0,0,0,0
29762,0,0,1,0,0,22,0,0,0,44,2196,73
29763,56,251,20,0,0,0,2,0,0,0,0,0
29764,2,230,0,0,28,0,10600,2151,78,0,0,3
29765,1,0,0,60,26,193,0,0,0,0,2,0
29766,0,0,0,0,6,0,259,540,69,0,0,2
29767,79,228,211,1,0,0,0,0,0,1,0,0
29768,14,139,19,0,0,0,8,0,0,0,0,0
29769,0,0,7,0,0,149,0,0,0,1221,6812,13
29770,700,204,343,28,0,53,2,0,0,6,2,0
29771,911,2436,306,6,2,692,7,1,0,31,143,5
29772,0,0,1,72,44,1561,0,0,0,2,151,2
29773,66,1,115,0,34,2,267,2158,1057,333,16,9
29774,0,0,7,0,0,88,0,0,3,210,10359,264
29775,3,6,6,366,97,1295,6,3,50,73,5,232
29776,187,1106,559,3,0,0,34,0,474,25,2,65
29777,0,11,2,0,23,0,720,2315,375,37,3,12
29778,3,25,7,0,5,0,769,1542,125,1,0,1
29779,0,2,0,0,357,0,375,10376,240,1,0,7
29780,76,1221,92,0,0,0,57,8,21,1,0,0
29781,0,3,0,0,89,0,510,5997,464,4,0,5
29782,176,1283,782,2,0,0,29,3,14,19,0,0
29783,0,0,0,0,0,0,0,0,0,0,0,0
29784,0,0,0,0,0,26,0,0,0,63,2237,22
29785,1,0,0,648,26,257,0,0,0,0,0,0
29786,0,8,7,0,0,0,863,113,181,3,0,0
29787,0,0,0,0,0,1,0,0,0,28,67,9
29788,0,0,0,0,0,3,0,0,0,16,119,6
29789,0,0,0,179,24,953,0,0,0,64,3,3
29790,29,110,162,0,0,0,0,0,0,0,0,0
29791,0,0,0,38,775,903,0,1,111,1,3,1
29792,28,224,31,0,0,0,1,0,0,0,0,0
29793,5,0,0,429,31,1105,0,0,0,0,3,0
29794,0,0,0,0,0,0,45,45,64,0,0,0
29795,1,4,1,0,0,0,818,24,18,0,0,0
29796,9,21,784,0,0,0,0,0,0,2,0,0
29797,16,915,38,0,0,0,1,0,2,0,0,0
29798,0,10,3,0,2,0,899,166,41,0,0,0
29799,10,210,939,0,0,0,2,0,0,8,0,2
29800,0,12,0,0,2,0,616,176,109,1,0,0
29801,0,0,0,0,0,4,0,0,0,45,340,3
29802,0,0,0,0,0,2,0,0,0,20,375,0
29803,0,0,2,0,0,3,0,0,0,323,402,7
29804,0,0,0,0,0,0,0,0,0,0,0,0
29805,0,0,0,0,0,0,0,0,0,0,0,0
29806,0,0,0,0,0,0,0,0,0,0,0,0
29807,0,0,0,0,0,0,0,0,0,0,0,0
29808,0,0,0,0,0,0,0,0,0,0,0,0
29809,0,0,0,0,0,0,0,0,0,0,0,0
29810,0,0,0,0,0,0,0,0,0,0,0,0
29811,0,0,0,0,0,0,0,0,0,0,0,0
29812,0,0,0,0,0,0,0,0,0,0,0,0
29813,0,0,0,0,0,0,0,0,0,0,0,0
29814,0,0,0,0,0,0,0,0,0,0,0,0
29815,0,0,0,0,0,0,0,0,0,0,0,0
29816,0,0,0,0,0,0,0,0,0,0,0,0
29817,0,0,0,0,0,0,0,0,0,0,0,0
29818,0,0,0,0,0,0,0,0,0,0,0,0
29819,0,0,0,0,0,0,0,0,0,0,0,0
29820,0,0,0,0,0,0,0,0,0,0,0,0
29821,0,0,0,0,0,0,0,0,0,0,0,0
29822,0,0,0,0,0,0,0,0,0,0,0,0
29823,0,0,0,0,0,0,0,0,0,0,0,0
29824,0,0,0,0,0,0,0,0,0,0,0,0
29825,0,0,0,0,0,0,0,0,0,0,0,0
29826,0,0,0,0,0,0,0,0,0,0,0,0
29827,0,0,0,0,0,0,0,0,0,0,0,0
29828,0,0,0,0,0,0,0,0,0,0,0,0
29829,0,0,0,0,0,0,0,0,0,0,0,0
29830,0,0,0,0,0,0,0,0,0,0,0,0
29831,0,0,0,0,0,0,0,0,0,0,0,0
29832,0,0,0,0,0,0,0,0,0,0,0,0
29833,0,0,0,0,0,0,0,0,0,0,0,0
29834,0,0,0,0,0,0,0,0,0,0,0,0
29835,0,0,0,0,0,0,0,0,0,0,0,0
29836,0,0,0,0,0,0,0,0,0,0,0,0
29837,0,0,0,0,0,0,0,0,0,0,0,0
29838,0,0,0,0,0,0,0,0,0,0,0,0
29839,0,0,0,0,0,0,0,0,0,0,0,0
29840,0,0,0,0,0,0,0,0,0,0,0,0
29841,0,0,0,0,0,0,0,0,0,0,0,0
29842,0,0,0,0,0,0,0,0,0,0,0,0
29843,0,0,0,0,0,0,0,0,0,0,0,0
29844,0,0,0,0,0,0,0,0,0,0,0,0
29845,0,0,0,0,0,0,0,0,0,0,0,0
29846,0,0,0,0,0,0,0,0,0,0,0,0
29847,0,0,0,0,0,0,0,0,0,0,0,0
29848,0,0,0,0,0,0,0,0,0,0,0,0
29849,0,0,0,0,0,0,0,0,0,0,0,0
29850,0,0,0,0,0,0,0,0,0,0,0,0
29851,0,0,0,0,0,0,0,0,0,0,0,0
29852,0,0,0,0,0,0,0,0,0,0,0,0
29853,0,0,0,0,0,0,0,0,0,0,0,0
29854,0,0,0,0,0,0,0,0,0,0,0,0
29855,0,0,0,0,0,0,0,0,0,0,0,0
29856,0,0,0,0,0,0,0,0,0,0,0,0
29857,0,0,0,0,0,0,0,0,0,0,0,0
29858,0,0,0,0,0,0,0,0,0,0,0,0
29859,0,0,0,0,0,0,0,0,0,0,0,0
29860,0,0,0,0,0,0,0,0,0,0,0,0
29861,0,0,0,0,0,0,0,0,0,0,0,0
29862,0,0,0,0,0,0,0,0,0,0,0,0
29863,0,0,0,0,0,0,0,0,0,0,0,0
29864,0,0,0,0,0,0,0,0,0,0,0,0
29865,0,0,0,0,0,0,0,0,0,0,0,0
29866,0,0,0,0,0,0,0,0,0,0,0,0
29867,0,0,0,0,0,0,0,0,0,0,0,0
29868,0,0,0,0,0,0,0,0,0,0,0,0
29869,0,0,0,0,0,0,0,0,0,0,0,0
29870,0,0,0,0,0,0,0,0,0,0,0,0
29871,0,0,0,0,0,0,0,0,0,0,0,0
29872,0,0,0,0,0,0,0,0,0,0,0,0
29873,0,0,0,0,0,0,0,0,0,0,0,0
29874,0,0,0,0,0,0,0,0,0,0,0,0
29875,0,0,0,0,0,0,0,0,0,0,0,0
29876,0,0,0,0,0,0,0,0,0,0,0,0
29877,0,0,0,0,0,0,0,0,0,0,0,0
29878,0,0,0,0,0,0,0,0,0,0,0,0
29879,0,0,0,0,0,0,0,0,0,0,0,0
29880,0,0,0,0,0,0,0,0,0,0,0,0
29881,0,0,0,0,0,0,0,0,0,0,0,0
29882,0,0,0,0,0,0,0,0,0,0,0,0
29883,0,0,0,0,0,0,0,0,0,0,0,0
29884,0,0,0,0,0,0,0,0,0,0,0,0
29885,0,0,0,0,0,0,0,0,0,0,0,0
29886,0,0,0,0,0,0,0,0,0,0,0,0
29887,0,0,0,0,0,0,0,0,0,0,0,0
29888,0,0,0,0,0,0,0,0,0,0,0,0
29889,0,0,0,0,0,0,0,0,0,0,0,0
29890,0,0,0,0,0,0,0,0,0,0,0,0
29891,0,0,0,0,0,0,0,0,0,0,0,0
29892,0,0,0,0,0,0,0,0,0,0,0,0
29893,0,0,0,0,0,0,0,0,0,0,0,0
29894,0,0,0,0,0,0,0,0,0,0,0,0
29895,0,0,0,0,0,0,0,0,0,0,0,0
29896,0,0,0,0,0,0,0,0,0,0,0,0
29897,0,0,0,0,0,0,0,0,0,0,0,0
29898,0,0,0,0,0,0,0,0,0,0,0,0
29899,0,0,0,0,0,0,0,0,0,0,0,0
29900,0,0,0,0,0,0,0,0,0,0,0,0
29901,0,0,0,0,0,0,0,0,0,0,0,0
29902,0,0,0,0,0,0,0,0,0,0,0,0
29903,0,0,0,0,0,0,0,0,0,0,0,0
