position,A->T,A->G,A->C,T->A,T->G,T->C,G->A,G->T,G->C,C->A,C->T,C->G
1,0,0,0,0,0,0,0,0,0,0,0,0
2,0,0,0,0,0,0,0,0,0,0,0,0
3,0,0,0,0,0,0,0,0,0,0,0,0
4,0,0,0,0,0,0,0,0,0,0,0,0
5,0,0,0,0,0,0,0,0,0,0,0,0
6,0,0,0,0,0,0,0,0,0,0,0,0
7,0,0,0,0,0,0,0,0,0,0,0,0
8,0,0,0,0,0,0,0,0,0,0,0,0
9,0,0,0,0,0,0,0,0,0,0,0,0
10,0,0,0,0,0,0,0,0,0,0,0,0
11,0,0,0,0,0,0,0,0,0,0,0,0
12,0,0,0,0,0,0,0,0,0,0,0,0
13,0,0,0,0,0,0,0,0,0,0,0,0
14,0,0,0,0,0,0,0,0,0,0,0,0
15,0,0,0,0,0,0,0,0,0,0,0,0
16,0,0,0,0,0,0,0,0,0,0,0,0
17,0,0,0,0,0,0,0,0,0,0,0,0
18,0,0,0,0,0,0,0,0,0,0,0,0
19,0,0,0,0,0,0,0,0,0,0,0,0
20,0,0,0,0,0,0,0,0,0,0,0,0
21,0,0,0,0,0,0,0,0,0,0,0,0
22,0,0,0,0,0,0,0,0,0,0,0,0
23,0,0,0,0,0,0,0,0,0,0,0,0
24,0,0,0,0,0,0,0,0,0,0,0,0
25,0,0,0,0,0,0,0,0,0,0,0,0
26,0,0,0,0,0,0,0,0,0,0,0,0
27,0,0,0,0,0,0,0,0,0,0,0,0
28,0,0,0,0,0,0,0,0,0,0,0,0
29,0,0,0,0,0,0,0,0,0,0,0,0
30,0,0,0,0,0,0,0,0,0,0,0,0
31,0,0,0,0,0,0,0,0,0,0,0,0
32,0,0,0,0,0,0,0,0,0,0,0,0
33,0,0,0,0,0,0,0,0,0,0,0,0
34,0,0,0,0,0,0,0,0,0,0,0,0
35,0,0,0,0,0,0,0,0,0,0,0,0
36,0,0,0,0,0,0,0,0,0,0,0,0
37,0,0,0,0,0,0,0,0,0,0,0,0
38,0,0,0,0,0,0,0,0,0,0,0,0
39,0,0,0,0,0,0,0,0,0,0,0,0
40,0,0,0,0,0,0,0,0,0,0,0,0
41,0,0,0,0,0,0,0,0,0,0,0,0
42,0,0,0,0,0,0,0,0,0,0,0,0
43,0,0,0,0,0,0,0,0,0,0,0,0
44,0,0,0,0,0,0,0,0,0,0,0,0
45,0,0,0,0,0,0,0,0,0,0,0,0
46,0,0,0,0,0,0,0,0,0,0,0,0
47,0,0,0,0,0,0,0,0,0,0,0,0
48,0,0,0,0,0,0,0,0,0,0,0,0
49,0,0,0,0,0,0,0,0,0,0,0,0
50,0,0,0,0,0,0,0,0,0,0,0,0
51,0,0,0,0,0,0,0,0,0,0,0,0
52,0,0,0,0,0,0,0,0,0,0,0,0
53,0,0,0,0,0,0,0,0,0,0,0,0
54,0,0,0,0,0,0,0,0,0,0,0,0
55,0,0,0,0,0,0,0,0,0,0,0,0
56,0,0,0,0,0,0,1,12,2,0,0,0
57,4,264,13,0,0,0,4,0,0,0,0,0
58,0,0,0,2,13,30,0,0,0,0,0,0
59,0,0,0,0,0,6,0,0,0,2,237,1
60,0,0,0,3,2,132,0,0,0,0,2,0
61,0,89,0,0,66,0,395,2871,7,0,0,0
62,0,0,0,0,6,31,0,0,0,0,0,0
63,0,0,0,87,3,166,0,0,0,0,3,0
64,0,0,0,0,0,16,0,0,0,125,1438,4
65,0,0,0,8,16,112,0,1,0,0,0,0
66,0,0,2,0,1,58,0,0,0,151,5280,2
67,0,0,0,13,0,19,0,0,0,0,0,0
68,59,12,4,0,0,0,0,0,0,0,0,0
69,43,79,8,1,0,0,0,0,0,0,0,0
70,3,291,5,0,0,0,1,0,0,0,0,0
71,0,0,0,0,0,0,0,0,0,228,67,55
72,0,62,0,0,0,0,2968,5,2,0,0,0
73,2,22,2,0,0,0,1,0,0,0,0,0
74,1,22,4,0,0,0,1,0,0,0,0,0
75,0,0,0,0,0,0,0,0,0,1,89,0
76,9,0,0,261,6,11,0,0,0,0,0,0
77,12,0,0,99,4,49,0,0,0,0,0,0
78,1,0,0,116,159,31,0,0,0,0,0,0
79,38,31,6,0,0,0,0,0,0,0,0,0
80,58,35,4,13,2,0,1,0,0,0,0,0
81,42,46,34,3,0,0,4,0,0,0,0,0
82,25,138,7,2,0,0,0,0,0,0,0,0
83,0,0,0,16,33,212,0,0,0,0,1,0
84,2,0,0,0,0,8,0,0,0,27,425,8
85,0,0,0,6,7,40,0,0,0,0,0,0
86,0,0,0,0,0,0,72,36,8,0,0,0
87,0,0,0,11,22,98,0,0,0,0,0,0
88,0,0,0,0,3,0,42,272,4,0,0,0
89,0,0,0,2,12,22,0,1,0,0,2,0
90,0,0,0,0,0,0,121,43,0,0,0,0
91,0,30,0,0,5,0,272,484,12,0,0,0
92,0,0,0,0,0,5,0,0,0,39,948,2
93,0,0,0,16,1,71,0,0,0,0,3,0
94,0,0,0,0,23,0,205,746,8,0,0,0
95,0,0,0,8,58,163,0,0,0,0,1,0
96,0,0,1,0,0,6,0,0,0,23,588,10
97,25,148,24,0,0,0,0,0,0,0,0,0
98,0,0,0,0,0,9,0,0,0,18,540,12
99,0,0,0,6,29,625,0,0,0,0,4,0
100,0,0,0,0,0,23,0,0,0,38,3098,2
101,0,7,0,0,1,0,954,319,7,0,0,0
102,0,0,0,0,1,0,118,59,1,0,0,0
103,0,0,0,0,0,24,0,0,0,15,664,0
104,0,0,0,7,2,45,0,0,0,0,1,0
105,0,0,0,0,12,0,46,1669,18,0,0,0
106,0,0,0,0,0,75,0,0,0,18,7278,16
107,16,37,4,0,0,0,0,0,0,0,0,0
108,0,0,0,44,7,68,0,0,0,0,1,0
109,0,0,0,0,0,0,7,26,0,0,0,0
110,0,0,0,0,0,4,0,0,0,4,495,0
111,0,0,0,5,115,92,0,0,0,0,2,0
112,0,0,0,3,10,11,0,0,0,0,0,0
113,7,38,1,0,0,0,0,0,0,0,0,0
114,0,0,0,0,0,0,37,53,0,0,0,0
115,0,0,0,5,8,56,0,0,0,0,0,0
116,0,0,0,0,0,0,80,5,2,0,0,0
117,0,0,0,0,0,1,0,0,0,23,317,0
118,26,53,37,0,0,0,0,0,0,5,0,0
119,0,0,1,0,0,2,0,0,0,141,933,11
120,0,0,0,53,36,132,0,0,0,0,0,0
121,0,0,0,0,0,1,0,0,0,28,469,4
122,4,112,6,0,0,0,0,0,0,0,0,0
123,0,0,0,0,0,0,0,0,0,19,151,0
124,0,0,0,0,0,0,146,105,1,0,0,0
125,0,0,0,0,0,0,0,0,0,0,176,1
126,112,64,7,0,0,0,0,0,0,0,0,0
127,0,0,0,0,10,0,77,1300,3,0,0,0
128,0,0,0,0,9,51,0,0,0,0,0,0
129,4,319,4,0,0,0,2,0,0,0,0,0
130,0,0,0,1,0,156,0,0,0,0,1,0
131,1,5,0,0,0,0,0,0,0,0,0,0
132,1,78,13,0,0,0,0,0,0,0,0,0
133,0,0,0,1,7,62,0,0,0,0,1,0
134,0,0,0,0,0,68,0,0,0,0,0,0
135,1,81,0,0,0,0,0,0,0,0,0,0
136,3,45,76,0,0,0,0,0,0,0,0,0
137,0,0,0,4,1,308,0,0,0,0,0,0
138,16,9,3,0,0,0,0,0,0,0,0,0
139,1,87,13,0,0,0,1,0,0,0,0,0
140,0,0,0,0,0,29,0,0,2,50,6502,70
141,0,0,0,3,0,463,0,0,0,0,6,0
142,20,28,10,0,0,0,0,0,0,0,0,0
143,61,1013,59,2,0,0,1,0,0,1,0,0
144,0,0,0,9,32,161,0,0,0,0,2,0
145,0,0,0,20,0,243,0,0,0,0,0,0
146,0,67,1,0,0,0,0,0,0,0,0,0
147,0,0,0,0,0,8,0,0,0,35,1551,17
148,0,0,0,10,6,71,0,0,0,0,0,0
149,0,0,0,0,0,0,54,187,19,0,0,0
150,0,0,0,0,0,0,0,0,0,0,0,0
151,0,0,0,0,0,0,0,0,0,31,343,0
152,0,0,0,0,0,0,646,43,2,0,0,0
153,0,0,0,0,0,0,0,0,0,0,0,0
154,0,0,0,4,3,34,0,0,0,0,0,0
155,0,2,0,0,0,0,66,32,0,0,0,0
156,23,1245,54,0,0,0,8,0,0,0,0,0
157,0,0,0,0,0,1,0,0,0,10,421,0
158,62,254,5,0,0,0,0,0,0,0,0,0
159,0,0,0,0,0,0,129,6,3,0,0,0
160,0,0,0,0,3,0,365,944,11,0,0,0
161,4,145,2,0,0,0,2,0,0,0,0,0
162,0,0,0,0,0,4,0,0,0,26,920,6
163,24,60,12,0,0,0,0,0,0,0,0,0
164,0,0,0,0,0,0,0,0,0,0,12,2
165,0,0,0,0,0,0,203,146,5,0,0,0
166,8,18,3,0,0,0,0,0,0,0,0,0
167,0,0,0,0,1,0,67,518,31,0,0,0
168,0,0,0,13,3,535,0,0,0,0,3,0
169,51,180,2,0,0,0,1,0,0,0,0,0
170,12,87,33,0,0,0,0,0,0,4,0,0
171,0,0,0,0,0,1,0,0,0,57,414,11
172,0,0,0,7,10,206,0,0,0,0,0,0
173,0,0,0,0,0,1,0,0,0,15,668,2
174,0,18,0,0,37,0,2656,10716,712,0,2,0
175,0,0,0,2,56,171,0,0,0,0,1,0
176,0,0,0,0,0,6,0,0,0,13,750,1
177,0,0,0,218,11,1516,0,0,0,0,1,0
178,49,332,2,0,0,0,4,0,0,0,0,0
179,0,0,0,11,105,162,0,1,0,0,2,0
180,0,0,0,0,0,3,0,0,0,18,1170,0
181,0,0,0,52,25,106,0,0,0,0,0,0
182,0,0,0,2,18,88,0,0,0,0,0,0
183,0,0,0,0,0,2,0,0,0,5,502,10
184,0,0,0,25,26,47,0,0,0,0,0,0
185,0,0,0,0,3,0,73,759,6,0,0,0
186,0,0,0,0,0,50,0,0,0,81,8722,41
187,111,259,12,0,0,0,0,0,0,0,0,0
188,0,3,0,0,0,0,288,94,34,0,0,1
189,0,1,0,0,1,0,1069,241,0,0,0,0
190,0,0,0,0,0,2,0,0,0,4,724,7
191,1,0,0,237,11,158,0,0,0,0,0,0
192,0,1,0,0,1,0,314,1031,1,0,0,0
193,0,0,0,1,0,99,0,0,0,55,6403,50
194,0,0,0,19,11,79,0,0,0,0,0,0
195,0,0,0,10,5,117,0,0,0,0,1,0
196,3,69,2,0,0,0,1,0,0,0,0,0
197,0,0,0,0,0,0,0,0,0,30,213,13
198,0,0,0,0,0,0,268,347,2,0,0,0
199,0,1,0,1,18,0,181,1468,12,0,0,0
200,0,0,0,4,2,180,0,0,0,0,1,0
201,0,0,0,254,110,3480,0,0,0,0,27,0
202,0,0,0,11,36,226,0,0,0,0,0,0
203,0,0,0,0,0,151,0,0,0,60,24126,19
204,0,9,0,1,113,0,1611,31322,226,0,0,0
205,0,0,0,4,26,220,0,2,0,0,0,0
206,0,0,0,0,0,17,0,0,0,16,629,2
207,0,0,0,0,0,0,0,0,0,158,1070,0
208,0,6,0,0,49,0,2950,2508,4,0,0,0
209,0,0,0,2,187,4069,0,0,0,0,5,0
210,0,0,0,4,7009,110,78,1454198,13,0,0,0
211,0,0,0,1,1,109,0,0,0,0,0,0
212,0,0,0,59,2,121,0,0,0,0,1,0
213,0,2,0,0,6,0,1095,1612,14,0,0,0
214,0,0,0,0,0,5,0,0,0,28,659,2
215,48,304,51,0,0,0,0,0,0,1,0,0
216,0,0,0,0,1,0,410,154,9,0,0,0
217,0,0,0,0,0,2,0,0,0,34,399,3
218,0,0,0,0,0,1,0,0,0,21,793,30
219,0,2,0,0,10,0,717,2965,305,0,0,0
220,35,159,40,0,0,0,1,0,0,1,0,0
221,0,0,0,6,48,778,0,0,0,0,3,0
222,0,0,1,0,0,182,0,0,0,32,17878,35
223,288,371,26,0,0,0,0,0,0,0,1,0
224,0,0,0,14,322,890,0,1,0,0,3,0
225,0,0,0,0,0,0,0,0,0,6,457,0
226,18,5,4,0,0,0,0,0,0,0,0,0
227,0,1,0,0,0,0,95,21,4,0,0,0
228,0,0,0,0,0,1,0,0,0,6,397,0
229,28,62,9,3,0,0,0,0,0,0,0,0
230,0,0,0,0,0,1,0,0,0,7,282,6
231,18,118,15,0,0,0,0,0,0,0,0,0
232,0,0,0,4,46,432,0,0,0,0,22,0
233,0,0,0,0,0,0,0,0,0,76,1826,0
234,0,0,0,13,8,90,0,0,0,0,0,0
235,55,38,46,0,0,0,0,0,0,2,0,0
236,0,0,0,0,0,0,500,109,4,0,0,0
237,0,0,0,0,0,0,97,368,2,0,0,0
238,0,0,0,1,53,68,0,0,0,0,0,0
239,0,0,0,50,26,287,0,0,0,0,0,0
240,0,0,0,0,7,196,0,0,0,0,3,0
241,0,0,0,127,3,8309,0,0,0,0,2355542,0
242,0,3,0,0,6,0,939,791,278,0,0,1
243,0,0,0,16,15,182,0,0,0,0,0,0
244,0,0,0,0,0,1,0,0,0,27,341,1
245,0,0,0,0,0,5,0,0,0,46,1344,2
246,0,8,0,0,0,0,695,197,3,0,0,0
247,0,0,0,0,2,0,377,493,3,0,0,0
248,0,0,0,0,1,0,21,290,6,0,0,0
249,0,0,0,10,0,129,0,0,0,0,2,0
250,0,0,0,0,0,0,58,93,2,0,0,0
251,0,0,0,21,3,83,0,0,0,0,1,0
252,0,0,0,0,1,0,59,577,5,0,0,0
253,0,136,2,0,0,0,0,0,0,0,0,0
254,0,0,0,0,0,0,0,0,0,1,372,0
255,0,0,0,0,0,3,0,0,0,27,321,4
256,0,3,0,0,0,0,441,349,17,0,0,0
257,186,585,115,22,0,0,5,0,0,1,0,0
258,313,152,38,0,0,0,0,0,0,0,0,0
259,18,294,35,0,0,0,5,0,0,0,0,0
260,0,1,0,0,0,0,200,115,6,0,0,0
261,0,0,0,0,0,0,37,110,0,0,0,0
262,0,0,0,3,0,37,0,0,0,0,0,0
263,5,213,9,0,0,0,2,0,0,0,0,0
264,26,247,14,0,0,0,1,0,0,0,0,0
265,0,4,0,0,1,0,94,258,3,0,0,0
266,1,0,0,0,0,0,0,0,0,0,0,0
267,0,0,0,0,0,1,0,0,0,0,0,0
268,0,0,0,0,0,0,0,0,0,0,0,0
269,0,2,0,0,0,0,303,0,0,0,0,0
270,24,99,32,0,0,0,0,0,0,0,0,0
271,0,1,0,0,0,0,93,69,0,0,0,0
272,14,243,10,2,0,0,0,0,0,0,0,0
273,0,0,0,0,0,0,43,41,1,0,0,0
274,0,0,0,0,0,4,0,0,0,13,1418,0
275,0,0,0,0,0,14,0,0,0,55,1248,0
276,0,0,0,9,0,29,0,0,0,0,0,0
277,0,0,0,151,7,484,0,0,0,0,4,0
278,0,0,0,0,0,0,283,117,1,0,0,0
279,0,0,0,12,20,169,0,0,0,0,0,0
280,0,0,0,0,0,10,0,0,0,32,1218,1
281,0,0,0,0,0,0,0,0,0,42,130,1
282,0,0,0,0,0,3,0,0,0,37,362,0
283,0,0,0,44,6,123,0,0,0,0,0,0
284,0,19,0,0,2,0,972,121,4,0,0,0
285,0,0,0,0,1,0,154,131,1,0,0,0
286,0,0,0,3,3,174,0,0,0,0,0,0
287,1,0,0,31,22,121,0,0,0,0,0,0
288,0,0,0,28,22,87,0,0,0,0,0,0
289,0,0,0,0,0,3,0,0,0,79,425,1
290,10,22,3,0,0,0,0,0,0,0,0,0
291,9,176,8,0,0,0,0,0,0,0,0,0
292,0,0,0,0,0,20,0,0,0,12,2444,7
293,0,0,0,0,0,0,130,1,0,0,0,0
294,16,39,20,0,0,0,0,0,0,0,0,0
295,0,0,0,0,0,0,104,21,9,0,0,0
296,0,23,24,0,0,0,0,0,0,1,0,0
297,5,34,8,0,0,0,0,0,0,0,0,0
298,5,285,11,0,0,0,2,0,0,0,0,0
299,0,52,6,0,0,0,0,0,0,0,0,0
300,0,0,0,0,0,4,0,0,0,6,1098,0
301,0,111,19,0,0,0,40,0,0,0,0,0
302,0,0,0,0,0,2,0,0,0,7,69,2
303,2,36,2,0,0,0,0,0,0,0,0,0
304,0,0,0,0,0,0,0,0,0,9,494,0
305,0,2,0,0,0,0,201,17,2,0,0,0
306,0,0,0,0,7,64,0,0,0,0,0,0
307,0,0,0,0,0,4,0,0,0,19,777,0
308,0,0,1,0,0,0,0,0,0,52,0,0
309,60,239,3,0,0,0,0,0,0,0,0,0
310,7,67,10,0,0,0,1,0,0,0,0,0
311,0,0,1,0,0,0,0,0,0,40,588,2
312,0,0,0,17,33,34,0,0,0,0,0,0
313,0,0,0,0,0,49,0,0,0,13,6493,2
314,306,60,33,3,0,0,0,0,0,0,0,0
315,0,0,0,0,0,0,62,240,3,0,0,0
316,0,0,0,1,10,34,0,0,0,0,0,0
317,0,0,0,6,3,26,0,0,0,0,0,0
318,0,0,0,0,12,14,0,0,0,0,0,0
319,0,0,0,0,0,0,259,81,2,0,0,0
320,0,0,0,0,0,0,0,0,0,11,69,55
321,0,0,1,0,0,0,0,0,0,21,38,41
322,0,0,0,67,13,61,0,0,0,0,0,0
323,0,2,0,0,0,0,244,25,0,0,0,0
324,0,0,0,1,52,28,0,0,0,0,1,0
325,1,0,0,294,11,217,0,0,0,0,0,0
326,2,0,0,114,2,40,0,0,0,0,0,0
327,2,0,0,88,0,18,0,0,0,0,0,0
328,1,37,0,0,0,0,0,0,0,0,0,0
329,0,0,0,0,0,0,0,0,0,28,2,12
330,1,233,15,0,0,0,2,0,0,0,0,0
331,0,0,0,0,0,0,82,54,0,0,0,0
332,0,8,0,0,4,0,278,74,0,0,0,0
333,0,0,0,0,0,19,0,0,0,0,0,0
334,0,0,0,7,12,59,0,0,0,0,0,0
335,0,0,2,0,0,178,0,0,0,28,6928,8
336,0,2,0,0,1,0,169,42,0,0,0,0
337,0,0,1,0,0,103,0,0,1,18,7832,35
338,0,0,0,0,0,0,93,25,1,0,0,0
339,1,34,14,0,0,0,0,0,0,0,0,0
340,0,0,0,0,0,5,0,0,0,8,665,0
341,0,3,0,0,0,0,142,33,0,0,0,0
342,0,0,0,9,5,25,0,0,0,0,0,0
343,0,0,0,0,6,4,102,958,3,0,0,0
344,0,0,0,0,8,8,0,0,0,139,1521,1
345,0,0,0,51,17,36,0,0,0,0,0,0
346,0,0,0,0,0,217,0,0,0,27,7540,16
347,0,21,0,0,1,0,3432,94,18,0,0,0
348,0,0,0,7,0,155,0,0,0,0,1,0
349,3,117,23,0,0,0,0,0,0,0,0,0
350,0,0,0,0,0,5,0,0,0,40,440,3
351,0,1,0,0,0,0,211,50,2,0,0,0
352,0,0,0,48,8,175,0,0,0,0,0,0
353,0,0,0,0,0,0,211,80,0,0,0,0
354,0,1,0,0,0,0,249,127,52,0,0,0
355,0,0,0,0,0,6,0,0,0,39,1551,5
356,0,0,0,11,7,82,0,0,0,0,0,0
357,0,0,0,14,4,52,0,0,0,0,0,0
358,0,0,0,43,33,253,0,0,0,0,0,0
359,0,0,0,0,0,0,80,0,0,0,0,0
360,0,0,0,0,0,0,47,20,0,0,0,0
361,14,781,62,0,0,0,5,0,0,1,0,0
362,0,2,0,0,0,0,522,170,1,0,0,0
363,10,91,16,0,0,0,0,0,0,0,0,0
364,0,0,0,0,0,6,0,0,0,175,1303,1
365,0,0,0,85,31,59,0,0,0,0,0,0
366,0,0,0,0,0,0,0,0,0,35,272,0
367,0,0,0,0,0,2,0,0,1,116,879,27
368,0,0,0,0,1,0,276,263,0,0,0,0
369,0,0,0,18,10,34,0,0,0,0,0,0
370,0,0,0,0,5,0,329,2428,10,0,0,0
371,0,0,0,0,0,0,144,1,4,0,0,0
372,20,315,103,0,0,0,0,0,0,0,0,0
373,0,1,0,0,0,0,516,724,2,0,0,0
374,0,0,0,0,0,0,635,0,2,0,0,0
375,15,99,18,0,0,0,0,0,0,0,0,0
376,0,0,0,0,12,0,477,2277,15,0,0,0
377,0,0,0,0,1,0,75,318,1,0,0,0
378,0,0,0,0,0,287,0,0,0,0,2,0
379,0,0,0,0,0,0,0,0,0,512,661,5
380,0,0,0,14,17,59,0,0,0,0,0,0
381,0,0,0,4,0,22,0,0,0,0,0,0
382,8,5606,1,0,0,0,32,0,0,0,0,0
383,0,0,0,68,43,250,0,0,0,0,0,0
384,0,0,0,0,0,2,0,0,0,0,991,0
385,15,172,18,0,0,0,1,0,0,0,0,0
386,0,0,0,0,0,0,457,1,1,0,0,0
387,27,112,9,0,0,0,1,0,0,0,0,0
388,0,0,0,0,0,0,253,93,1,0,0,0
389,0,0,0,0,0,0,168,70,8,0,0,0
390,0,0,0,0,0,2,0,0,0,7,527,2
391,34,172,69,0,0,0,1,0,0,0,0,0
392,0,0,0,0,0,3,0,0,0,19,529,0
393,0,2,0,0,0,0,315,107,0,0,0,0
394,0,0,0,3,18,562,0,0,0,0,6,0
395,0,0,0,0,0,0,0,0,0,12,2,1
396,80,199,5,0,0,0,1,0,0,0,0,0
397,0,80,68,0,0,0,0,0,0,0,0,0
398,0,0,0,0,0,56,0,0,0,39,2389,8
399,4,175,2,0,0,0,0,0,0,0,0,0
400,0,0,0,8,76,1869,0,0,0,0,4,0
401,0,0,1,0,0,3,0,0,0,33,535,4
402,0,0,0,5,0,43,0,0,0,0,0,0
403,0,0,0,88,0,201,0,0,0,0,2,0
404,26,26,0,0,0,0,0,0,0,0,0,0
405,11,88,1,0,0,0,0,0,0,0,0,0
406,12,87,20,0,0,0,2,0,0,0,0,0
407,0,1,0,0,0,0,243,100,3,0,0,0
408,237,716,41,0,0,0,1,0,0,0,0,0
409,0,0,0,27,19,465,0,0,0,0,1,0
410,0,0,0,0,14,0,103,1998,28,0,0,0
411,0,0,0,0,0,0,270,33,3,0,0,0
412,0,0,0,0,0,0,0,0,0,25,396,0
413,2,41,5,0,0,0,0,0,0,0,0,0
414,0,0,0,0,0,0,0,0,0,100,234,1
415,0,0,0,11,20,52,0,0,0,0,0,0
416,0,0,0,15,2,10,0,0,0,0,0,0
417,0,0,0,0,0,0,67,8,10,0,0,0
418,0,0,0,0,2,236,0,0,0,0,0,0
419,0,0,0,0,0,0,104,340,0,0,0,0
420,0,0,0,0,0,0,36,18,1,0,0,0
421,0,0,0,0,0,7,0,0,0,64,1187,17
422,0,0,0,24,23,65,0,0,0,0,0,0
423,0,0,0,0,1,6,0,0,0,0,0,0
424,8,83,7,0,0,0,0,0,0,0,0,0
425,0,0,0,0,0,0,155,67,6,0,0,0
426,0,0,0,18,0,2,0,0,0,0,0,0
427,50,1978,20,0,0,0,12,0,0,0,0,0
428,0,1,0,0,0,0,408,1,3,0,0,0
429,19,100,122,0,0,0,0,0,0,1,0,0
430,24,231,69,0,0,0,1,0,0,0,0,0
431,0,4,0,0,0,0,162,84,3,0,0,0
432,0,0,0,0,1,27,0,0,0,0,1,0
433,0,0,0,60,0,95,0,0,0,0,0,0
434,0,0,0,0,0,0,277,0,1,0,0,0
435,3,188,84,0,0,0,0,0,0,1,0,0
436,3,35,4,0,0,0,0,0,0,0,0,0
437,0,26,11,0,0,0,0,0,0,0,0,0
438,13,183,14,0,0,0,0,0,0,0,0,0
439,15,3362,28,0,0,0,55,4,0,0,0,0
440,0,0,0,0,1,0,197,336,1,0,0,0
441,0,0,0,0,0,0,79,10,2,0,0,0
442,0,0,0,0,0,3,0,0,0,13,479,0
443,0,3,0,0,0,0,1074,214,13,0,0,0
444,0,0,0,0,36,516,0,0,0,0,0,0
445,0,0,0,23,19,47376,0,0,0,1,354,0
446,0,0,0,55,5,145,0,0,0,0,0,0
447,0,0,0,1,8,25,0,0,0,0,0,0
448,0,0,0,0,1,0,258,303,6,0,0,0
449,0,0,0,1,0,21,0,0,0,29,3240,6
450,0,0,1,0,0,0,0,0,0,103,343,0
451,0,0,0,23,80,216,0,0,0,0,0,0
452,0,0,0,0,0,0,0,0,0,135,2,1
453,117,184,4,0,0,0,0,0,0,0,0,0
454,9,189,6,0,0,0,0,0,0,0,0,0
455,0,0,0,0,0,1,0,0,0,10,190,2
456,0,0,0,1,4,8,0,0,0,0,0,0
457,0,0,0,33,1,80,0,0,0,0,0,0
458,0,0,0,0,0,0,123,0,1,0,0,0
459,2,56,16,0,0,0,0,0,0,0,0,0
460,6,66,5,0,0,0,0,0,0,0,0,0
461,0,0,0,0,0,0,0,0,0,26,2,0
462,13,58,7,0,0,0,1,0,0,0,0,0
463,0,5,0,0,0,0,873,191,1,0,0,0
464,0,0,0,0,0,0,0,0,0,3,75,0
465,0,0,0,0,0,0,0,0,0,11,86,0
466,0,0,0,0,0,2,0,0,0,73,941,11
467,0,0,0,5,1,21,0,0,0,0,0,0
468,3,49,3,0,0,0,0,0,0,0,0,0
469,0,0,0,1,0,472,0,0,0,0,13,0
470,0,0,0,0,4,0,115,27,0,0,0,0
471,0,0,0,6,2,12,0,0,0,0,0,0
472,0,0,0,0,0,0,575,115,2,0,0,0
473,0,0,0,6,10,113,0,0,0,0,0,0
474,0,0,0,9,6,77,0,0,0,0,0,0
475,0,0,0,0,0,3,0,0,0,2,912,0
476,15,270,33,0,0,0,0,0,0,0,0,0
477,0,0,0,1,8,72,0,0,0,0,0,0
478,0,0,0,0,0,3,0,0,0,107,764,0
479,0,18,19,0,0,0,0,0,0,0,0,0
480,5,161,11,0,0,0,0,0,0,0,0,0
481,3,200,10,0,0,0,1,0,0,0,0,0
482,0,0,1,0,0,1,0,0,0,26,356,0
483,0,2,0,0,0,0,423,17,3,0,0,0
484,1,0,0,23,35,402,0,0,0,0,0,0
485,0,0,0,16,9,62,0,0,0,0,0,0
486,0,0,0,0,0,4,0,0,0,0,687,1
487,0,21,0,0,5,0,1552,1122,5,0,0,0
488,0,0,0,0,0,0,390,108,5,0,0,0
489,23,733,23,0,0,0,1,0,0,0,0,0
490,8,0,0,757,13,560,0,0,0,1,7,0
491,0,0,0,0,0,0,69,143,13,0,0,0
492,0,0,0,0,0,0,0,0,0,23,205,2
493,0,0,0,44,29,385,0,0,0,0,0,0
494,0,0,0,0,0,0,0,0,0,75,3,1
495,0,0,0,0,0,0,295,71,8,0,0,0
496,12,75,24,0,0,0,0,0,0,0,0,0
497,2,630,5,0,0,0,6,0,0,0,0,0
498,0,0,0,0,0,2,0,0,0,49,266,2
499,0,0,0,22,19,60,0,0,0,0,0,0
500,0,3,0,0,0,0,163,44,3,0,0,0
501,0,0,0,0,0,4,0,0,0,10,317,0
502,4,110,1,0,0,0,0,0,0,0,0,0
503,0,0,1,0,0,2,0,0,0,108,1418,2
504,0,0,0,0,0,0,0,0,0,162,644,2
505,0,0,0,13,37,346,0,0,0,0,0,0
506,0,0,0,0,0,8,0,0,0,7,1635,25
507,32,170,15,0,0,0,1,0,0,0,0,0
508,0,0,0,63,5,218,0,0,0,0,0,0
509,0,0,0,0,0,0,371,39,0,0,0,0
510,0,0,0,0,1,0,291,107,6,0,0,0
511,0,0,0,4,11,203,0,0,0,0,0,0
512,0,0,0,0,0,8,0,0,0,13,1422,3
513,25,387,26,0,0,0,1,0,0,2,1,0
514,0,0,0,11,9,255,0,0,0,0,2,0
515,0,0,0,0,0,0,203,19,13,0,0,0
516,0,0,0,12,12,33,0,0,0,0,0,0
517,0,0,0,26,16,258,0,6,0,0,2,0
518,116,660,11,1,0,0,4,0,0,0,0,0
519,0,1,0,35,6,118,0,0,0,0,0,0
520,0,0,0,0,13,0,120,667,16,0,0,0
521,0,1,0,0,5,0,480,1092,6,0,0,0
522,6,0,0,26,3,21,0,0,0,0,0,0
523,0,0,0,163,189,117,0,1,0,0,0,0
524,0,0,0,0,0,0,63,0,3,0,0,0
525,1,39,24,0,0,0,0,0,0,0,0,0
526,0,0,0,0,72,0,335,26541,10,0,0,0
527,0,0,0,0,0,7,0,0,0,40,1999,10
528,0,0,0,10,1,19,0,0,0,0,0,0
529,0,3,0,0,7,0,607,2296,49,0,0,0
530,0,0,0,0,0,0,199,38,0,0,0,0
531,0,0,0,1,0,8,0,0,0,0,0,0
532,489,437,11,1,0,0,5,0,0,0,0,0
533,0,0,0,0,1,0,196,53,38,0,0,0
534,0,0,0,0,0,0,0,0,0,55,327,0
535,81,214,6,0,0,0,0,0,0,0,0,0
536,0,0,0,0,0,0,81,3,1,0,0,0
537,4,16,17,0,0,0,0,0,0,0,0,0
538,3,104,8,0,0,0,0,0,0,0,0,0
539,0,0,0,0,0,2,0,0,0,182,2391,1
540,0,0,0,17,55,63,0,0,0,0,0,0
541,0,0,0,0,0,5,0,0,0,32,830,5
542,0,0,0,0,0,0,234,0,1,0,0,0
543,2,120,37,0,0,0,3,0,0,0,0,0
544,73,122,287,0,0,0,0,0,0,0,1,0
545,0,0,0,0,0,0,200,757,0,0,0,0
546,0,1,0,0,0,0,187,22,50,0,0,0
547,0,0,0,0,0,0,0,0,0,8,365,3
548,20,336,3,0,0,0,2,0,0,0,0,0
549,0,0,0,4,13,220,0,0,0,0,1,0
550,0,0,0,9,26,214,0,0,0,0,0,0
551,0,0,0,0,0,0,0,0,0,0,0,0
552,15,67,9,0,0,0,0,0,0,0,0,0
553,0,0,0,0,1,0,245,165,5,0,0,0
554,0,0,0,2,0,21,0,0,0,0,0,0
555,2,42,2,0,0,0,0,0,0,0,0,0
556,0,0,0,0,0,6,0,0,0,0,3198,1
557,0,0,0,0,0,0,235,81,0,0,0,0
558,0,0,0,0,0,0,108,110,5,0,0,0
559,0,0,0,3,17,244,0,0,0,0,0,0
560,0,0,0,0,0,1,0,0,0,20,813,0
561,0,2,0,0,0,0,442,42,9,0,0,0
562,0,0,0,2,4,103,0,0,0,0,0,0
563,553,312,8,1,0,0,0,0,0,0,0,0
564,0,5,0,0,0,0,3511,44,6,0,0,0
565,0,0,0,13,2,296,0,0,0,0,1,0
566,0,0,0,0,0,0,36,44,0,0,0,0
567,0,0,0,0,0,0,119,47,0,0,0,0
568,0,0,0,16,2,967,0,0,0,0,7,0
569,0,10,0,0,0,0,1291,3,252,0,0,0
570,80,117,29,1,0,0,0,0,0,0,0,0
571,0,4,0,0,0,0,568,83,5,0,0,0
572,4,27,9,0,0,0,0,0,0,0,0,0
573,0,0,0,0,0,0,0,0,0,0,92,1
574,2,34,110,0,0,0,0,0,0,1,0,0
575,0,0,2,0,0,0,0,0,0,776,215,30
576,0,0,0,22,14,31,0,0,0,0,0,0
577,0,0,0,128,27,306,0,0,0,0,0,0
578,0,0,0,0,0,0,119,61,0,0,0,0
579,0,0,0,0,0,0,78,42,0,0,0,0
580,0,0,0,24,49,255,0,0,0,0,0,0
581,0,0,0,0,0,0,272,32,10,0,0,0
582,0,0,0,7,1,150,0,0,0,0,0,0
583,0,0,0,0,0,11,0,0,0,128,6061,2
584,0,0,0,0,0,5,0,0,0,169,610,2
585,0,0,0,3,15,23,0,0,0,0,0,0
586,1,0,0,168,9,212,0,0,0,0,0,0
587,0,0,0,0,0,0,326,64,3,0,0,0
588,0,0,0,4,6,43,0,0,0,0,5,0
589,0,0,0,0,0,5,0,0,0,37,1046,1
590,0,0,0,0,0,0,0,0,0,19,255,1
591,0,0,0,0,0,0,0,0,0,88,43,1
592,8,0,0,1133,52,647,0,0,0,0,2,0
593,0,0,0,0,0,35,0,0,0,17,6053,31
594,16,355,5,0,0,0,0,0,0,0,0,0
595,0,0,0,38,6,186,0,0,0,0,0,0
596,0,0,0,0,0,0,323,163,3,0,0,0
597,0,0,0,56,2,215,0,0,0,0,0,0
598,0,0,0,0,3,0,279,777,3,0,0,0
599,0,0,0,0,1,0,418,716,2,0,0,0
600,0,6,0,0,0,0,406,16,0,0,0,0
601,0,0,0,0,0,9,0,0,0,90,4993,0
602,0,0,0,0,0,0,154,0,54,0,0,1
603,6,62,24,0,0,0,0,0,0,0,0,0
604,7,183,20,0,0,0,0,0,0,0,0,0
605,16,775,49,0,0,0,4,0,0,0,0,0
606,0,0,0,11,7,1551,0,0,0,0,0,0
607,1,278,1,0,0,0,0,0,0,0,0,0
608,0,0,0,0,0,0,0,0,0,61,159,2
609,0,0,0,0,0,0,0,0,0,6,68,0
610,28,175,9,0,0,0,0,0,0,0,0,0
611,0,2,0,0,0,0,347,211,1,0,0,0
612,0,0,0,35,18,32,0,0,0,0,0,0
613,0,41,0,0,0,0,3603,76,1,0,0,0
614,0,0,0,0,0,0,181,317,27,0,0,0
615,0,0,0,0,0,0,0,0,0,37,323,8
616,0,0,0,4,45,279,0,3,0,0,1,0
617,0,0,0,16,1,378,0,0,0,0,0,0
618,0,74,0,0,0,0,0,0,0,0,0,0
619,0,0,0,0,0,0,0,0,0,0,482,0
620,0,0,0,0,0,3,0,0,0,8,635,1
621,0,2,0,0,0,0,613,24,3,0,0,0
622,0,0,0,0,0,8,0,0,0,16,957,4
623,0,34,2,0,0,0,0,0,0,0,0,0
624,10,69,30,0,0,0,1,0,0,0,0,0
625,0,0,0,0,10,0,133,2724,33,0,0,0
626,0,0,0,0,0,0,490,606,2,0,0,0
627,0,0,0,3,0,10,0,0,0,0,0,0
628,0,0,0,22,4,269,0,0,0,0,1,0
629,0,0,0,0,0,2,0,0,0,8,672,34
630,0,0,0,0,4,30,0,0,0,0,0,0
631,0,0,0,1,21,32,0,0,0,0,0,0
632,0,0,0,0,0,5,0,0,0,29,249,3
633,0,0,0,3,13,18,0,0,0,0,0,0
634,0,0,0,5,6,81,0,0,0,0,0,0
635,0,0,0,0,0,0,0,0,0,0,0,0
636,0,0,0,0,0,0,144,50,0,0,0,0
637,0,0,0,0,2,131,0,0,0,0,0,0
638,0,29,2,0,0,0,0,0,0,0,0,0
639,6,29,2,0,0,0,0,0,0,0,0,0
640,0,0,0,0,0,0,56,43,0,0,0,0
641,20,55,15,0,0,0,0,0,0,0,0,0
642,32,135,9,0,0,0,1,0,0,0,0,0
643,0,0,0,0,0,22,0,0,0,6,2036,0
644,0,0,0,0,0,0,137,50,4,0,0,0
645,0,0,0,0,0,0,39,40,2,0,0,0
646,0,0,0,0,0,40,0,0,0,0,0,0
647,22,57,3,0,0,0,0,0,0,0,0,0
648,7,57,23,0,0,0,3,0,0,0,0,0
649,0,0,0,1,1,192,0,0,0,0,0,0
650,2,18,1,0,0,0,0,0,0,0,0,0
651,4,32,3,0,0,0,0,0,0,0,0,0
652,9,663,8,0,0,0,5,0,0,0,0,0
653,0,1,0,0,0,0,132,2,3,0,0,0
654,0,3,0,0,0,0,64,19,0,0,0,0
655,153,282,12,0,0,0,2,0,0,0,0,0
656,0,0,0,0,0,0,72,83,9,0,0,0
657,0,0,0,0,0,1,0,0,0,54,1001,2
658,24,0,0,96,52,470,0,1,0,0,4,0
659,0,2,0,0,0,0,124,33,2,0,0,0
660,0,0,0,0,0,0,118,32,2,0,0,0
661,0,0,0,4,0,199,0,0,0,0,2,0
662,0,0,0,0,2,0,55,269,1,0,0,0
663,0,0,0,0,0,0,77,108,0,0,0,0
664,0,0,0,0,0,12,0,0,0,46,2719,7
665,0,0,0,0,0,0,0,0,0,7,204,2
666,20,67,6,0,0,0,0,0,0,0,0,0
667,0,0,0,1,10,274,0,0,0,0,0,0
668,19,55,7,0,0,0,0,0,0,0,0,0
669,0,0,0,0,0,0,239,45,20,0,0,0
670,0,0,0,0,448,88,0,39,0,0,3,0
671,0,0,0,15,0,62,0,0,0,0,0,0
672,1,59,1,0,0,0,0,0,0,0,0,0
673,0,0,0,0,0,21,0,0,0,0,2865,1
674,0,0,0,0,1,0,215,164,0,0,0,0
675,0,0,0,0,9,0,265,380,61,0,0,0
676,0,0,0,0,0,9,0,0,0,54,1086,1
677,0,0,0,0,0,0,997,36,3,0,0,0
678,0,0,0,0,0,3,0,0,0,27,2137,0
679,0,0,0,0,0,1,0,0,0,42,1210,1
680,0,2,0,0,0,0,992,54,1,0,0,0
681,8,213,129,0,0,0,0,0,0,0,0,0
682,0,0,0,1,157,565,0,0,0,0,1,0
683,0,0,0,0,0,38,0,0,0,24,7975,4
684,0,0,0,1,0,47,0,0,0,0,0,0
685,13,487,2,0,0,0,3,0,0,0,0,0
686,1,129,7,0,0,0,11,0,0,0,0,0
687,79,124,82,0,0,0,0,0,0,0,0,0
688,0,0,0,0,0,0,292,389,96,0,0,2
689,0,0,0,38,36,196,0,0,0,0,0,0
690,0,0,0,0,0,1,0,0,22,1,367,24
691,1288,1229,16,0,0,0,15,0,0,0,0,0
692,0,0,0,14,65,733,0,0,0,0,5,0
693,0,0,0,6,25,40,0,4,0,0,0,0
694,9,0,1,327,5,593,0,0,0,0,1,0
695,0,0,0,0,3,0,51,1609,2,0,0,0
696,7,177,1193,0,0,0,0,0,0,9,0,0
697,0,0,0,0,0,0,0,0,0,238,238,4
698,0,0,0,42,7,44,0,2,0,0,0,0
699,2,0,0,2,0,81,0,0,0,0,0,0
700,2,50,4,0,0,0,2,0,0,0,0,0
701,0,1,0,0,0,0,103,575,2,0,0,0
702,0,0,0,0,0,0,78,53,1,0,0,0
703,0,0,0,0,0,2,0,0,0,43,1637,1
704,0,0,0,0,0,0,504,134,2,0,0,0
705,2,505,70,0,0,0,4,0,0,0,0,0
706,0,0,0,0,0,5,0,0,0,22,1007,3
707,0,0,0,0,0,0,214,0,4,0,0,0
708,8,564,82,0,0,0,5,0,0,0,0,0
709,0,34,0,0,15,0,580,672,2,0,0,0
710,0,0,0,0,0,0,0,0,0,37,347,6
711,0,0,0,7,23,63,0,0,0,0,2,0
712,0,0,0,36,14,374,0,0,0,0,6,0
713,0,1,0,0,3,0,388,469,3,0,0,0
714,0,6,0,0,0,0,418,316,5,0,0,0
715,0,0,0,0,0,2,0,0,0,11,751,5
716,60,44,2,1,0,0,0,0,0,0,0,0
717,0,0,0,0,0,0,0,0,0,60,154,0
718,0,0,0,22,10,412,0,0,0,0,1,0
719,0,0,0,0,0,0,67,9,1,0,0,0
720,0,112,25,0,0,0,0,0,0,0,0,0
721,0,0,0,1,10,252,0,0,0,0,2,0
722,0,0,0,0,0,0,0,0,0,84,290,0
723,0,0,0,0,0,2,0,0,0,24,203,0
724,0,0,0,5,5,1217,0,0,0,0,7,0
725,0,0,0,2,0,10,0,0,0,0,0,0
726,9,64,0,0,0,0,0,0,0,0,0,0
727,0,0,0,4,0,106,0,0,0,0,0,0
728,0,0,0,0,0,0,9,1,5,0,0,0
729,10,82,32,0,0,0,0,0,0,0,0,0
730,3,109,95,0,0,0,0,0,0,0,0,0
731,0,0,0,0,0,0,252,64,15,0,0,0
732,2,87,23,0,0,0,0,0,0,0,0,0
733,0,0,0,15,34,19813,0,0,0,1,159,0
734,0,0,0,7,4,17,0,0,0,0,0,0
735,0,0,0,4,5,11,0,0,0,0,0,0
736,1,0,0,6,1,50,0,0,0,0,1,0
737,0,0,0,0,0,0,0,0,0,4,3,1
738,9,26,3,0,0,0,0,0,0,0,0,0
739,1,122,31,0,0,0,0,0,0,0,0,0
740,0,0,0,0,0,0,151,1,2,0,0,0
741,0,23,18,0,0,0,0,0,0,0,0,0
742,10,91,167,0,0,0,1,0,0,1,0,0
743,5,19,228,0,0,0,0,0,0,1,0,0
744,0,124,25,0,0,0,0,0,0,0,0,0
745,0,0,0,0,2,44,0,0,0,99,11792,3
746,0,0,0,15,4,105,0,0,0,0,1,0
747,0,0,0,0,0,0,0,20,1,0,0,0
748,0,0,0,0,0,0,0,37,10,0,0,0
749,2,326,37,0,0,0,0,0,0,0,0,0
750,0,17,0,0,0,0,0,0,0,0,0,0
751,0,0,0,0,0,0,0,0,0,8,1041,1
752,4,44,13,0,0,0,0,0,0,0,0,0
753,0,0,0,0,0,1,0,0,0,11,383,0
754,0,0,0,2,0,63,0,0,0,0,0,0
755,0,4,1,0,0,0,0,0,0,0,0,0
756,6,21,8,0,0,0,0,0,0,0,0,0
757,0,34,3,0,0,0,0,0,0,0,0,0
758,0,0,0,0,0,1,0,0,0,1,501,1
759,4,43,4,0,0,0,0,0,0,0,0,0
760,0,0,0,2,1,161,0,0,0,0,0,0
761,9,1739,23,0,0,0,7,0,0,0,0,0
762,0,4,0,0,0,0,97,4,2,0,0,0
763,0,0,0,0,0,1,0,0,0,17,446,1
764,22,97,20,0,0,0,0,0,0,0,0,0
765,0,0,0,0,0,0,58,30,2,0,0,0
766,0,0,0,2,2,52,0,0,0,0,0,0
767,0,0,0,0,0,0,42,269,0,0,0,0
768,0,0,0,0,0,0,48,49,0,0,0,0
769,0,0,0,0,0,132,0,0,0,0,2,0
770,0,0,0,0,0,0,116,44,0,0,0,0
771,0,0,0,2,3,126,0,0,0,0,0,0
772,1,0,0,291,3,877,0,0,0,0,8,0
773,1,84,3,0,0,0,0,0,0,0,0,0
774,0,0,0,0,0,1,0,0,0,83,556,1
775,0,0,1,0,0,0,0,0,0,71,576,2
776,0,0,0,0,0,0,0,0,0,22,205,0
777,0,0,0,0,0,0,314,41,1,0,0,0
778,0,0,0,15,29,246,0,0,0,0,5,0
779,0,0,0,0,0,0,77,0,6,0,0,0
780,4,57,136,0,0,0,0,0,0,1,0,0
781,1,154,12,0,0,0,0,0,0,0,0,0
782,0,0,0,0,0,0,0,0,0,28,145,0
783,0,0,0,9,17,35,0,0,0,0,0,0
784,0,0,0,0,0,0,0,0,0,2,310,0
785,46,66,7,0,0,0,0,0,0,0,0,0
786,0,0,0,81,4,39,0,0,0,0,0,0
787,0,0,0,0,0,0,30,308,76,0,0,0
788,0,0,0,0,0,2,0,0,0,27,817,4
789,0,9,0,0,0,0,192,33,0,0,0,0
790,0,0,0,6,11,451,0,0,0,0,3,0
791,0,0,0,0,0,0,43,1,2,0,0,0
792,27,99,155,0,0,0,0,0,0,0,0,0
793,0,0,0,0,0,0,158,377,10,0,0,0
794,0,0,0,0,0,2,0,0,0,16,392,5
795,0,0,0,0,5,7,0,0,0,0,0,0
796,0,0,0,38,1,431,0,0,0,0,0,0
797,1,19,8,0,0,0,0,0,0,0,0,0
798,1,274,5,0,0,0,1,0,0,0,0,0
799,0,0,0,1,0,1,0,0,0,24,2200,8
800,0,0,0,0,0,0,13,1,0,0,0,0
801,0,0,0,0,0,0,5,8,1,0,0,0
802,155,206,79,0,0,0,0,0,0,0,2,0
803,0,0,0,0,0,0,8,37,1,0,0,0
804,0,0,0,0,0,0,6,4,0,0,0,0
805,0,0,0,0,5,0,706,1312,0,0,0,0
806,0,4,0,0,0,0,1307,65,0,0,0,0
807,0,0,0,0,0,0,0,0,0,2,180,0
808,422,406,45,3,0,0,0,0,0,0,0,0
809,0,0,0,21,2,777,0,0,0,0,1,0
810,0,385,6,0,0,0,2,0,0,0,0,0
811,0,0,0,0,0,1,0,0,0,0,674,0
812,8,79,5,0,0,0,0,0,0,0,0,0
813,0,0,0,0,0,2,0,0,0,170,446,2
814,0,0,0,31,183,155,0,0,0,0,2,0
815,0,0,0,0,0,11,0,0,0,48,2963,5
816,0,0,0,0,0,0,421,70,3,0,0,0
817,0,0,0,0,0,0,0,0,0,22,361,3
818,0,0,0,3,0,61,0,0,0,0,0,0
819,2,148,11,0,0,0,0,0,0,0,0,0
820,0,0,0,0,0,2367,0,0,0,0,5,0
821,0,0,0,0,0,0,128,4,1,0,0,0
822,0,0,0,0,1,15,0,0,0,0,0,0
823,0,0,2,0,0,56,0,0,0,270,10002,43
824,0,0,0,0,0,0,1,1,0,0,0,0
825,1,5,1,0,0,0,0,0,0,0,0,0
826,0,0,0,0,2,10951,0,0,0,0,163,0
827,1,31,3,0,0,0,0,0,0,0,0,0
828,2,44,19,0,0,0,0,0,0,0,0,0
829,0,0,0,0,0,51,0,0,0,126,11617,1
830,44,4,1,0,0,0,0,0,0,0,0,0
831,0,111,18,0,0,0,0,0,0,0,0,0
832,0,0,0,0,0,15,0,0,0,60,3785,0
833,0,0,0,5,5,1107,0,0,0,0,8,0
834,1,0,0,63,20,43,0,0,0,0,0,0
835,0,0,0,0,0,60,0,0,0,69,9336,4
836,0,0,0,2,1,1,0,0,0,0,0,0
837,0,0,0,0,0,0,18,17,2,0,0,0
838,0,0,0,0,0,485,0,0,0,0,1,0
839,0,1,0,0,0,0,315,64,0,0,0,0
840,0,0,0,0,0,0,418,6,15,0,0,0
841,0,0,0,0,0,10,0,0,0,114,1021,2
842,0,0,0,0,0,3,0,0,0,35,704,1
843,0,0,0,0,2,56,0,0,0,105,1785,2
844,0,0,0,39,17,244,0,0,0,0,0,0
845,0,0,0,0,0,0,117,59,19,0,0,0
846,1,3,29,0,0,0,0,0,0,0,0,0
847,0,0,0,134,7,428,0,0,0,0,4,0
848,0,0,0,0,0,0,2,40,2,0,0,0
849,0,0,0,0,0,0,2,5,0,0,0,0
850,0,0,0,0,0,0,0,0,0,122,598,0
851,0,0,0,74,0,705,0,0,0,0,1,0
852,1,17,0,0,0,0,0,0,0,0,0,0
853,0,0,0,0,0,4,0,0,0,0,1606,0
854,0,0,0,0,0,2,0,0,0,11,1166,1
855,0,0,0,0,0,0,0,0,0,60,37,0
856,0,0,0,7,18,329,0,0,0,0,2,0
857,0,0,0,0,0,0,0,0,0,90,192,1
858,0,0,0,0,1,12,0,0,0,0,0,0
859,0,0,0,106,4,564,0,0,0,0,6,0
860,0,0,0,0,0,0,129,3,2,0,0,0
861,12,394,93,0,0,0,0,0,0,2,0,0
862,0,1,0,0,0,0,123,257,1,0,0,0
863,0,0,0,0,1,0,0,0,0,0,0,0
864,0,0,0,0,0,0,3,3,0,0,0,0
865,0,0,0,0,0,2,0,0,0,0,1890,0
866,17,190,12,0,0,0,0,0,0,0,0,0
867,0,0,0,1,0,6,0,0,0,0,0,0
868,1,0,0,10,1,77,0,0,0,0,0,0
869,0,34,3,0,0,0,0,0,0,0,0,0
870,8,173,28,0,0,0,0,0,0,1,0,0
871,18,244,15,0,0,0,1,0,0,0,0,0
872,0,8,0,0,1,0,1497,748,9,0,0,0
873,1,200,6,0,0,0,1,0,0,0,0,0
874,0,0,0,0,0,7,0,0,0,34,2369,0
875,0,0,1,0,0,4,0,0,0,153,1681,59
876,0,0,0,3,19,2,0,0,0,0,0,0
877,0,0,0,7,67,164,0,0,0,0,0,0
878,0,0,0,0,0,111,0,0,0,164,2568,1
879,0,0,0,0,0,5,0,0,0,0,0,0
880,6,80,10,0,0,0,0,0,0,0,0,0
881,0,0,0,0,1,0,383,159,0,0,0,0
882,0,0,0,0,0,3,0,0,0,28,1259,2
883,92,62,4,0,0,0,0,0,0,0,0,0
884,0,0,0,0,0,313832,0,0,0,29,318856,6
885,0,0,0,0,0,0,194,122,2,0,0,0
886,0,0,0,0,14,308,0,0,0,0,4,0
887,0,0,0,0,0,0,51,45,2,0,0,0
888,0,0,0,0,0,1,0,0,0,19,543,31
889,0,0,0,18,14,66,0,0,0,0,0,0
890,0,1,0,0,1,0,382,190,0,0,0,0
891,0,1,0,0,0,0,134,28,1,0,0,0
892,0,0,0,0,0,108,0,0,0,0,0,0
893,0,19,1,0,0,0,0,0,0,0,0,0
894,4,54,3,0,0,0,0,0,0,0,0,0
895,1,274,3,0,0,0,0,0,0,0,0,0
896,0,19,0,0,2,0,1050,221,2,0,0,0
897,0,0,0,0,0,6,0,0,0,35,969,0
898,2,0,0,249,25,173,0,0,0,0,0,0
899,0,0,0,4,27,62,0,0,0,0,0,0
900,0,0,0,0,0,6,0,0,0,2,1523,0
901,71,258,35,0,0,0,0,0,0,0,0,0
902,0,0,0,40,17,208,0,0,0,0,0,0
903,0,0,0,0,0,0,81,83,12,0,0,0
904,0,0,0,0,0,1,0,0,0,2,664,0
905,3,675,6,0,0,0,0,0,0,0,0,0
906,0,0,0,0,0,0,0,0,0,114,747,1
907,0,0,0,9,20,138,0,0,0,0,0,0
908,0,0,0,4,0,50,0,0,0,0,0,0
909,0,0,0,1,1,0,0,0,0,0,0,0
910,0,0,0,0,0,0,464,105,9,0,0,0
911,0,0,0,235,744,84,0,2,0,0,0,0
912,0,0,20,0,0,1,0,0,0,2321,1222,0
913,0,0,0,0,6,1379,0,0,0,37,316161,0
914,0,0,0,0,0,0,456,2,2,0,0,0
915,119,60,36,0,0,0,0,0,0,0,0,0
916,0,171,54,0,0,0,0,0,0,1,0,0
917,0,0,0,0,0,0,0,0,0,0,1,0
918,4,1,0,0,0,0,0,0,0,0,0,0
919,2,149,2,0,0,0,2,0,0,0,0,0
920,0,0,0,0,0,26,0,0,0,227,3155,7
921,0,0,0,42,4,3,0,0,0,0,0,0
922,0,0,0,0,12,0,688,845,20,0,0,0
923,0,0,0,0,1,0,517,643,1,0,0,0
924,0,33,15,0,0,0,0,0,0,0,0,0
925,0,0,0,0,0,13,0,0,0,48,2052,0
926,0,0,0,4,9,78,0,0,0,0,0,0
927,1,0,0,16,23,18,0,0,0,0,0,0
928,0,0,0,0,0,19,0,0,0,0,0,0
929,3,2378,1,0,0,0,17,0,0,0,0,0
930,0,0,0,0,1,6,0,0,0,0,0,0
931,0,0,0,106,8,126,0,0,0,0,0,0
932,0,0,0,0,0,0,79,343,29,0,0,0
933,2,57,13,0,0,0,0,0,0,0,0,0
934,0,0,0,0,0,11,0,0,0,21,5401,4
935,1,131,4,0,0,0,0,0,0,0,0,0
936,0,0,0,0,0,17,0,0,0,233,5498,1
937,0,0,0,30,1,112,0,0,0,0,0,0
938,0,13,2,0,0,0,0,0,0,0,0,0
939,2,279,24,0,0,0,1,0,0,0,0,0
940,0,4,0,0,0,0,342,77,2,0,0,0
941,18,94,36,0,0,0,0,0,0,0,0,0
942,0,7,0,0,5,0,1053,139,2,0,0,0
943,0,3,0,0,0,0,648,87,0,0,0,0
944,0,3,0,0,0,0,629,53,4,0,0,0
945,0,0,0,0,0,0,66,412,0,0,0,0
946,0,0,0,0,0,31,0,0,0,0,0,0
947,0,0,0,0,3,0,449,582,2,0,0,0
948,0,0,0,1,1,42,0,0,0,0,0,0
949,13,1073,2,0,0,0,1,0,0,0,0,0
950,0,0,0,3,1,266,0,0,0,0,1,0
951,1,169,1,0,0,0,12,0,0,0,0,0
952,0,0,0,0,0,1,0,0,0,0,648,0
953,0,0,0,17,4,12,0,0,0,0,0,0
954,0,0,0,0,0,0,43,82,2,0,0,0
955,0,0,0,0,0,0,0,0,0,0,354,0
956,0,0,0,39,1,28,0,0,0,0,0,0
957,0,2,0,0,0,0,61,8,3,0,0,0
958,0,0,0,0,0,1,0,0,0,0,863,0
959,0,0,0,0,0,0,0,0,0,79,410,0
960,0,3,0,0,0,0,870,60,0,0,0,0
961,0,0,0,2,13,362,0,0,0,0,4,0
962,0,1,0,0,0,0,83,1,1,0,0,0
963,27,166,62,0,0,0,0,0,0,0,0,0
964,1,182,10,0,0,0,0,0,0,0,0,0
965,0,0,0,0,0,0,0,0,0,0,18,0
966,1,3,1,0,0,0,0,0,0,0,0,0
967,0,0,0,1,0,431,0,0,0,0,0,0
968,0,1,0,0,0,0,29,2,0,0,0,0
969,23,113,31,0,0,0,0,0,0,0,0,0
970,0,0,0,0,0,0,322,143,1,0,0,0
971,0,0,0,0,0,0,0,0,0,0,10,0
972,0,0,0,0,0,0,0,0,0,0,0,0
973,0,0,0,2,0,3184,0,0,0,0,41,0
974,0,0,0,0,0,0,30,1,1,0,0,0
975,8,14,16,0,0,0,0,0,0,0,0,0
976,6,33,115,0,0,0,0,0,0,0,0,0
977,8,271,11,0,0,0,0,0,0,8,0,0
978,0,0,0,1,0,57,0,0,0,0,0,0
979,0,0,0,90,6,74,0,0,0,0,0,0
980,0,0,0,0,0,0,45,3,0,0,0,0
981,0,0,0,0,0,0,0,0,0,1,205,0
982,0,0,0,1,56,20,0,0,0,0,0,0
983,0,0,0,1,0,1,0,0,0,0,0,0
984,0,0,0,0,0,0,0,1,2,0,0,0
985,0,0,0,0,0,0,0,1,0,0,0,0
986,3,0,0,23,0,57,0,0,0,0,9,0
987,5,240,0,0,0,0,0,0,0,0,0,0
988,0,0,0,0,0,0,0,0,0,0,358,0
989,7,67,0,0,0,0,0,0,0,0,0,0
990,0,0,0,0,0,0,0,0,0,0,56,0
991,0,2,0,0,2,0,503,474,1,0,0,0
992,0,0,0,0,0,0,143,2,1,0,0,0
993,6,54,28,0,0,0,0,0,0,0,0,0
994,2,483,11,0,0,0,3,0,0,0,0,0
995,0,0,0,0,0,0,0,0,0,1,31,0
996,0,0,0,0,0,0,9,0,1,0,0,0
997,0,0,0,3,12,377,0,0,0,0,1,0
998,0,0,0,13,11,24,0,0,0,0,0,0
999,0,0,0,0,0,0,0,0,0,46,344,3
1000,2,0,0,237,64,303,2,0,0,0,2,0
1001,0,0,0,0,0,0,89,0,1,0,0,0
1002,4,227,22,0,0,0,1,0,0,0,0,0
1003,4,98,7,0,0,0,0,0,0,0,0,0
1004,16,57,14,0,0,0,0,0,0,0,0,0
1005,291,193,48,0,0,0,1,0,0,0,0,0
1006,0,0,0,0,2,0,94,436,0,0,0,0
1007,20,21,20,0,0,0,0,0,0,0,0,0
1008,0,0,0,0,0,0,57,102,1,0,0,0
1009,0,0,0,0,0,9,0,0,0,5,1641,1
1010,0,0,0,0,0,0,0,0,0,0,0,0
1011,0,2,0,0,0,0,0,0,0,0,0,0
1012,0,0,0,0,0,448,0,0,0,0,2,0
1013,0,0,0,0,0,0,28,0,4,0,0,0
1014,4,31,32,0,0,0,0,0,0,0,0,0
1015,2,288,77,0,0,0,1,0,0,0,0,0
1016,0,0,0,1,21,42,0,0,0,0,0,0
1017,0,0,0,0,10,21,0,0,0,0,0,0
1018,0,1,0,0,5,0,85,216,5,0,0,0
1019,0,0,0,0,0,0,0,0,0,0,2,0
1020,2,2,0,0,0,0,0,0,0,0,0,0
1021,0,0,0,0,0,0,96,32,0,0,0,0
1022,3,89,3,0,0,0,0,0,0,0,0,0
1023,0,0,0,0,0,0,0,0,0,1,20,0
1024,0,68,3,0,0,0,0,0,0,0,0,0
1025,0,0,0,0,0,0,0,0,0,2,43,0
1026,0,0,0,0,0,0,0,0,0,6,38,0
1027,0,0,0,1,24,75,0,0,0,0,0,0
1028,0,0,0,3,1,35,0,0,0,0,0,0
1029,0,0,0,6,3,7,0,0,0,0,0,0
1030,0,0,0,12,10,124,0,0,0,0,0,0
1031,0,0,0,0,0,0,7,0,2,0,0,0
1032,0,8,7,0,0,0,0,0,0,0,0,0
1033,4,231,29,0,0,0,1,0,0,0,0,0
1034,0,241,88,0,0,0,0,0,0,0,0,0
1035,0,0,0,1,0,73,0,0,0,0,0,0
1036,0,0,0,26,1,139,0,0,0,0,0,0
1037,0,27,1,0,0,0,0,0,0,0,0,0
1038,1,56,9,0,0,0,1,0,0,0,0,0
1039,5,85,20,0,0,0,0,0,0,0,0,0
1040,0,0,0,9,13,133,0,0,0,0,0,0
1041,0,0,0,0,6,46,0,0,0,0,0,0
1042,0,0,0,0,0,0,166,273,0,0,0,0
1043,0,15,0,0,0,0,922,308,2,0,0,0
1044,0,0,0,0,0,0,0,0,0,0,451,0
1045,1014,47,2,6,0,0,0,0,0,0,0,0
1046,0,25,15,0,0,0,0,0,0,0,0,0
1047,4,484,74,0,0,0,8,0,0,0,0,0
1048,0,0,0,1,458,8,102,51036,3,0,0,0
1049,14,22,29,0,0,0,0,0,0,0,0,0
1050,1,15,24,0,0,0,0,0,0,0,0,0
1051,1,124,21,0,0,0,0,0,0,0,0,0
1052,0,0,0,8,9,88,0,0,0,0,0,0
1053,0,0,0,0,1,24,0,0,0,0,0,0
1054,0,0,0,5,6,334,0,0,0,0,0,0
1055,0,0,0,0,1,0,59,175,9,0,0,0
1056,1,46,22,0,0,0,0,0,0,0,0,0
1057,0,0,0,0,0,0,0,0,0,60,1152,1
1058,16,101,8,0,0,0,0,0,0,0,0,0
1059,0,0,0,0,1,937,0,0,0,25,157567,0
1060,0,0,0,0,0,7,0,0,0,154,3038,18
1061,0,0,0,12,19,82,0,0,0,0,0,0
1062,0,0,0,1,40,26,0,0,0,0,0,0
1063,0,0,0,0,0,24,0,0,0,5,3647,3
1064,90,65,5,0,0,0,0,0,0,0,0,0
1065,2,115,7,0,0,0,1,0,0,0,0,0
1066,1,0,0,108,31,170,0,0,0,0,0,0
1067,0,1,0,0,0,0,210,47,18,0,0,0
1068,0,0,0,0,0,0,583,48,0,0,0,0
1069,0,0,0,0,0,0,300,160,0,0,0,0
1070,0,0,0,0,0,0,74,0,0,0,0,0
1071,10,155,30,0,0,0,0,0,0,0,0,0
1072,7,376,72,0,0,0,3,0,0,0,0,0
1073,0,0,0,6,94,67,0,0,0,0,0,0
1074,0,0,0,0,0,0,89,17,2,0,0,0
1075,0,0,0,0,6,536,0,0,0,0,3,0
1076,0,0,0,0,0,4,0,0,0,7,982,1
1077,0,0,0,0,0,54,0,0,1,92,2822,9
1078,7,143,5,0,0,0,0,0,0,0,0,0
1079,9,33,23,0,0,0,0,0,0,0,0,0
1080,5,348,18,0,0,0,4,0,0,0,0,0
1081,0,0,0,3,4,185,0,0,0,0,0,0
1082,0,0,0,0,2,21,0,0,0,0,0,0
1083,0,0,0,0,0,5,0,0,0,0,0,0
1084,0,0,0,0,1,106,0,0,0,0,0,0
1085,0,0,0,0,3,0,201,1223,3,0,0,0
1086,0,0,0,0,0,66,0,0,0,0,0,0
1087,2,620,0,0,0,0,7,0,0,0,0,0
1088,0,0,0,1,11,150,0,0,0,0,2,0
1089,0,0,0,10,1,0,0,0,0,0,0,0
1090,0,0,0,24,12,513,0,0,0,0,0,0
1091,0,0,0,0,0,14,0,0,0,7,1445,0
1092,0,0,0,0,0,0,0,0,0,3,5,0
1093,0,0,2,0,0,3,0,0,0,337,1086,2
1094,0,0,0,10,7,111,0,0,0,0,0,0
1095,0,0,0,0,0,41,0,0,0,0,0,0
1096,8,131,2,0,0,0,0,0,0,0,0,0
1097,6,30,9,0,0,0,0,0,0,0,0,0
1098,7,1833,244,0,0,0,11,0,0,0,0,0
1099,0,0,0,2,105,568,0,0,0,0,62,0
1100,0,0,0,18,29,10,0,0,0,0,0,0
1101,0,0,0,0,0,6,0,0,0,5,955,4
1102,0,0,0,0,0,11,0,0,0,38,3504,0
1103,361,245,12,1,0,0,0,0,0,0,0,0
1104,0,0,0,10,3,922,0,0,0,0,4,0
1105,9,32,3,0,0,0,0,0,0,0,0,0
1106,1,682,12,0,0,0,1,0,0,0,0,0
1107,0,0,0,1,9,234,0,0,0,0,0,0
1108,0,0,0,0,0,0,0,0,0,15,692,3
1109,2,94,38,0,0,0,1,0,0,0,0,0
1110,34,47,53,1,0,0,0,0,0,0,0,0
1111,0,0,0,0,0,0,317,126,0,0,0,0
1112,2,62,17,0,0,0,0,0,0,0,0,0
1113,0,0,6,0,0,0,0,0,0,44,564,1
1114,0,0,1,21,1,123,0,0,0,0,0,0
1115,4,67,0,0,0,0,0,0,0,0,0,0
1116,0,0,0,2,3,58,0,0,0,0,0,0
1117,0,0,0,1,26,149,0,0,0,0,0,0
1118,0,0,0,0,0,0,0,0,0,8,2,0
1119,22,32,3,0,0,0,0,0,0,0,0,0
1120,0,40,3,0,0,0,0,0,0,0,0,0
1121,0,0,0,0,0,0,0,0,0,125,755,2
1122,0,0,0,0,0,3,0,0,0,27,495,0
1123,79,249,12,0,0,0,1,0,0,0,0,0
1124,1,96,50,0,0,0,0,0,0,0,0,0
1125,0,0,0,0,0,0,1122,122,4,0,0,0
1126,0,6,0,0,0,0,1320,548,4,0,0,0
1127,0,0,0,0,0,0,190,72,0,0,0,0
1128,0,0,0,0,0,59,0,0,0,0,0,0
1129,0,0,0,29,5,77,0,0,0,0,0,0
1130,0,0,0,0,0,0,11,1,0,0,0,0
1131,6,101,88,0,0,0,0,0,0,1,0,0
1132,316,31,94,0,0,0,0,0,0,0,0,0
1133,0,17,5,0,0,0,0,0,0,0,0,0
1134,6,47,34,0,0,0,0,0,0,0,0,0
1135,0,0,0,0,1,0,31,380,1,0,0,0
1136,0,17,11,0,0,0,0,0,0,0,0,0
1137,2,343,26,0,0,0,3,0,0,0,0,0
1138,1,30,15,0,0,0,0,0,0,0,0,0
1139,0,22,362,0,0,0,0,0,0,0,0,0
1140,87,34,18,0,0,0,0,0,0,0,0,0
1141,0,0,0,0,4,0,91,1042,12,0,0,0
1142,0,0,0,0,0,1,0,0,0,31,530,17
1143,0,0,0,1,23,63,0,0,0,0,0,0
1144,0,0,0,19,3,170,0,0,0,0,0,0
1145,0,1,0,0,0,0,119,12,0,0,0,0
1146,7,451,43,0,0,0,0,0,0,0,0,0
1147,0,0,0,11,83,223,0,4,0,0,0,0
1148,0,0,0,0,4,0,235,1792,13,0,0,0
1149,0,0,0,0,9,0,92,319,3,0,0,0
1150,0,0,0,0,0,3,0,0,0,17,2197,5
1151,0,0,0,18,9,30,0,0,0,0,0,0
1152,0,0,0,0,9,18,0,1,0,0,0,0
1153,0,0,0,2,0,27,0,0,0,0,0,0
1154,13,348,7,0,0,0,1,0,0,0,0,0
1155,0,0,0,82,21,195,0,0,0,0,0,0
1156,0,0,0,0,0,0,89,135,0,0,0,0
1157,0,4,0,0,0,0,432,101,0,0,0,0
1158,0,1,0,0,0,0,174,69,0,0,0,0
1159,0,0,0,1,1,44,0,0,0,0,0,0
1160,1,24,4,0,0,0,0,0,0,0,0,0
1161,0,0,0,0,0,0,144,4,0,0,0,0
1162,0,176,4,0,0,0,1,0,0,0,0,0
1163,5435,287,139,9,0,0,6,0,0,0,0,0
1164,0,0,0,0,3,22,0,0,0,0,0,0
1165,1,0,0,56,31,179,0,0,0,0,0,0
1166,0,0,0,0,0,0,0,0,0,53,1,25
1167,0,0,0,0,0,0,154,44,3,0,0,0
1168,11,554,98,0,0,0,5,0,0,0,0,0
1169,0,0,0,7,14,161,0,0,0,0,0,0
1170,0,0,0,0,0,7,0,0,0,49,2875,0
1171,0,0,0,11,9,665,0,0,0,0,4,0
1172,0,0,0,0,0,0,507,28,1,0,0,0
1173,0,0,0,0,2,92,0,0,0,0,0,0
1174,0,0,0,0,0,1,0,0,0,51,605,0
1175,0,0,0,0,0,166,0,0,0,0,1,0
1176,3,32,1,0,0,0,0,0,0,0,0,0
1177,0,0,0,0,0,1124,0,0,0,0,1,0
1178,0,0,0,0,0,1,0,0,0,62,532,12
1179,0,0,0,0,0,2,0,0,0,16,523,2
1180,78,2623,38,0,0,0,119,3,0,0,0,0
1181,0,0,0,0,8,0,163,2945,3,0,0,0
1182,0,0,0,0,25,59,0,0,0,0,0,0
1183,0,0,0,58,36,82,0,0,0,0,1,0
1184,0,0,0,0,0,0,140,42,2,0,0,0
1185,0,0,0,0,0,5,0,0,0,8,1104,12
1186,0,2,0,0,0,0,733,329,73,0,0,1
1187,0,0,0,13,8,29,0,0,0,0,0,0
1188,0,0,0,0,0,3,0,0,0,0,429,0
1189,51,62,6,0,0,0,0,0,0,0,0,0
1190,0,0,12,0,0,14,0,0,0,161,5180,132
1191,0,0,3,0,0,325,0,0,0,1084,35542,0
1192,15,1116,12,0,0,0,1,0,0,0,0,0
1193,12,54,18,0,0,0,0,0,0,0,0,0
1194,1,252,465,0,0,0,0,0,0,0,1,0
1195,0,0,0,10,13,965,0,0,0,0,0,0
1196,0,0,0,0,0,0,25,1,6,0,0,0
1197,6,71,26,0,0,0,0,0,0,0,0,0
1198,11,95,46,0,0,0,0,0,0,0,0,0
1199,0,0,0,5,0,1,0,0,0,0,0,0
1200,0,0,0,0,0,0,41,26,1,0,0,0
1201,0,0,0,0,0,1,0,0,0,0,303,0
1202,29,48,22,0,0,0,0,0,0,0,0,0
1203,1,138,4,0,0,0,0,0,0,0,0,0
1204,0,0,1,0,0,0,0,0,0,93,609,1
1205,0,0,6,0,0,0,0,0,0,934,0,47
1206,30,164,9,0,0,0,1,0,0,0,0,0
1207,19,65,43,0,0,0,0,0,0,0,0,0
1208,1,212,24,0,0,0,0,0,0,0,0,0
1209,0,0,0,0,1,58,0,0,0,0,0,0
1210,0,0,0,0,3,0,341,1216,8,0,0,0
1211,0,0,0,29,176,48,0,0,0,0,0,0
1212,0,0,0,0,0,0,161,132,4,0,0,0
1213,0,0,0,0,0,4,0,0,0,1,619,1
1214,0,0,1,0,0,0,0,0,0,101,284,0
1215,0,0,0,3,0,21,0,0,0,0,0,0
1216,0,0,0,22,9,82,0,0,0,0,0,0
1217,0,0,0,12,14,2,0,0,0,0,0,0
1218,0,0,0,0,0,9,0,0,0,0,4770,1
1219,45,109,7,0,0,0,0,0,0,0,0,0
1220,9,74,0,0,0,0,1,0,0,0,0,0
1221,0,0,0,0,0,0,0,0,0,52,385,2
1222,0,0,0,107,132,78,0,0,0,0,0,0
1223,0,0,0,0,0,0,0,0,0,64,348,1
1224,0,0,0,9,40,3,0,0,0,0,0,0
1225,0,0,0,0,0,0,0,0,3,5,350,6
1226,24,221,262,0,0,0,1,0,0,1,0,0
1227,0,0,0,7,11,221,0,0,0,0,0,0
1228,0,0,0,0,0,0,55,35,0,0,0,0
1229,0,203,41,0,0,0,0,0,0,0,0,0
1230,13,1673,40,0,0,0,11,0,0,0,0,0
1231,0,0,0,0,8,0,49,426,1,0,0,0
1232,0,0,0,1,1,1,0,0,0,0,0,0
1233,0,0,0,0,0,0,0,6,0,0,0,0
1234,0,0,0,0,0,98,0,0,0,0,0,0
1235,0,0,0,0,1,0,61,47,3,0,0,0
1236,15,1045,27,0,0,0,4,2,0,0,0,0
1237,0,0,0,29,26,572,0,0,0,0,3,0
1238,0,0,0,0,0,1,0,0,0,7,411,0
1239,6,100,11,0,0,0,0,0,0,0,0,0
1240,0,0,0,4,33,65,0,0,0,0,0,0
1241,0,0,0,0,1,0,0,0,0,0,0,0
1242,0,5,1,0,0,0,133,21,1,0,0,0
1243,0,0,0,0,0,182,0,0,0,0,0,0
1244,0,1,0,0,0,0,124,37,4,0,0,0
1245,0,1,0,0,0,0,374,125,3,0,0,0
1246,2,0,0,48,1,73,0,0,0,0,0,0
1247,0,0,0,0,0,0,61,0,3,0,0,0
1248,29,44,34,0,0,0,0,0,0,0,0,0
1249,41,315,27,0,0,0,1,0,0,0,0,0
1250,0,53,5,0,0,0,0,0,0,0,0,0
1251,0,0,0,0,0,1,0,0,0,77,323,0
1252,0,0,0,2,32,33,0,0,0,0,0,0
1253,0,0,0,23,19,2,0,0,0,0,0,0
1254,0,0,0,0,0,12,0,0,0,0,249,0
1255,16,902,2,0,0,0,6,0,0,0,0,0
1256,0,0,0,1,0,3,0,0,0,0,0,0
1257,0,0,0,0,0,0,0,4,0,0,0,0
1258,0,0,0,0,0,0,1,18,0,0,0,0
1259,0,0,0,0,0,0,0,0,0,4,0,1
1260,267,1,0,5,0,0,0,0,0,0,0,0
1261,0,0,0,0,0,0,172,101,12,0,0,0
1262,2,395,134,0,0,0,1,0,0,1,0,0
1263,0,0,0,0,1,4,0,0,0,64,1917,1
1264,0,18,0,0,12,0,839,1191,0,0,0,0
1265,0,0,0,0,1,0,589,228,0,0,0,0
1266,0,0,0,0,0,0,16,45,3,0,0,0
1267,0,0,0,0,0,237,0,0,0,104,31325,19
1268,0,3,0,0,0,0,838,18,11,0,0,0
1269,4,930,47,0,0,0,2,0,0,0,0,0
1270,0,0,0,6,9,132,0,0,0,0,0,0
1271,0,0,0,1,0,53,0,0,0,0,0,0
1272,0,0,0,0,0,2,0,0,0,0,0,0
1273,0,0,0,13,0,85,0,0,0,0,1,0
1274,0,8,0,0,14,0,1281,3608,32,0,0,0
1275,0,0,0,0,3,66,0,0,0,0,0,0
1276,0,0,0,4,1,64,0,0,0,0,0,0
1277,2,14,1,0,0,0,0,0,0,0,0,0
1278,4,59,1,0,0,0,0,0,0,0,0,0
1279,6,120,4,0,0,0,0,0,0,0,0,0
1280,0,0,0,0,0,0,395,15,2,0,0,0
1281,0,0,0,0,0,5,0,0,0,16,5155,0
1282,0,0,0,0,0,1,0,0,0,21,400,1
1283,1,134,1,0,0,0,4,0,0,0,0,0
1284,0,0,0,0,0,1,0,0,0,42,844,1
1285,0,0,0,5,45,55,0,0,0,0,0,0
1286,0,0,0,0,0,2,0,0,0,0,0,0
1287,0,0,0,0,0,0,0,1,1,0,0,0
1288,0,0,0,0,0,10,0,0,0,0,6126,0
1289,0,0,0,0,0,0,31,2,4,0,0,0
1290,0,43,39,0,0,0,0,0,0,0,0,0
1291,9,213,163,0,0,0,0,0,0,0,0,0
1292,0,0,0,6,2,197,0,0,0,0,0,0
1293,0,0,0,2,13,21,0,0,0,0,0,0
1294,0,0,0,0,0,53,0,0,0,0,0,0
1295,0,0,0,0,0,3,0,0,0,0,0,0
1296,0,0,0,0,0,0,0,9,2,0,0,0
1297,0,0,0,0,1,85,0,0,0,0,1,0
1298,0,1,0,0,0,0,144,127,0,0,0,0
1299,0,3,0,0,0,0,431,64,1,0,0,0
1300,0,0,0,0,0,0,0,0,0,14,1111,3
1301,13,93,0,0,0,0,0,0,0,0,0,0
1302,0,0,0,0,0,10,0,0,0,154,1796,4
1303,0,0,0,110,19,188,0,0,0,0,0,0
1304,0,1,0,0,0,0,360,1,4,0,0,0
1305,28,140,40,0,0,0,0,0,0,0,0,0
1306,0,0,0,0,1,0,163,659,63,0,0,0
1307,1,159,21,0,0,0,0,0,0,0,0,0
1308,5,715,37,0,0,0,2,0,0,0,0,0
1309,0,0,0,19,244,257,0,0,0,0,4,0
1310,0,0,0,3,7,92,0,0,0,0,1,0
1311,0,0,0,0,10,152,0,0,0,0,0,0
1312,0,1,0,0,2,0,214,729,6,0,0,0
1313,1,453,29,0,0,0,2,0,0,0,0,0
1314,0,0,0,0,0,11,0,0,0,161,2451,0
1315,0,0,0,3,0,212,0,0,0,0,1,0
1316,0,37,1,0,0,0,0,0,0,0,0,0
1317,32,58,9,0,0,0,3,0,0,0,0,0
1318,10,62,52,0,0,0,0,0,0,0,0,0
1319,0,1,0,0,0,0,157,31,3,0,0,0
1320,11,49,30,0,0,0,1,0,0,0,0,0
1321,9,60,1122,0,0,0,1,0,0,6,0,0
1322,0,1,0,0,9,0,226,416,1,0,0,0
1323,0,0,0,0,0,0,124,37,0,0,0,0
1324,0,0,0,1,2,72,0,0,0,0,0,0
1325,0,0,0,0,0,0,74,164,0,0,0,0
1326,0,0,0,0,0,10,0,0,0,40,952,2
1327,0,0,0,0,0,4,0,0,0,20,1038,1
1328,17,73,1,0,0,0,0,0,0,0,0,0
1329,0,0,8,0,0,0,0,0,0,167,39,1
1330,0,0,0,67,1,136,0,0,0,0,1,0
1331,1,10,0,0,0,0,0,0,0,0,0,0
1332,0,0,1,0,0,0,0,0,0,29,130,3
1333,0,0,0,53,31,58,0,0,0,0,0,0
1334,0,0,0,86,7,3,0,0,0,0,0,0
1335,0,0,0,0,0,0,3,1,341,0,0,0
1336,0,0,0,3,0,80,0,0,0,0,1,0
1337,0,0,0,0,0,0,23,6,0,0,0,0
1338,0,0,0,0,0,0,2,3,1,0,0,0
1339,0,0,0,0,4,74,0,0,0,0,0,0
1340,0,0,0,56,0,160,0,0,0,0,0,0
1341,0,97,44,0,0,0,11,1,0,0,0,0
1342,0,0,0,0,0,2,0,0,0,0,2056,0
1343,0,0,0,3,43,209,0,1,0,0,0,0
1344,0,0,0,0,0,950,0,0,0,0,1,0
1345,0,23,22,0,0,0,0,0,0,2,0,0
1346,0,0,9,0,0,3,0,0,0,1067,1424,1
1347,0,0,0,0,0,8,0,0,0,41,2082,3
1348,0,0,1,0,0,29,0,0,0,78,3383,8
1349,0,0,2,0,0,0,0,0,0,201,1,4
1350,203,82,4,1,0,0,0,0,0,0,0,0
1351,0,26,10,0,0,0,0,0,0,0,0,0
1352,6,25,24,0,0,0,0,0,0,0,0,0
1353,2,101,5,0,0,0,1,0,0,0,0,0
1354,0,0,0,25,9,170,0,0,0,0,0,0
1355,0,0,0,0,1,0,2,57,1,0,0,0
1356,0,0,0,0,0,0,0,0,0,0,11,6
1357,0,0,0,8,24,86,0,0,0,0,0,0
1358,0,1,0,0,2,0,1368,118,9,0,0,0
1359,0,0,0,0,0,32,0,0,0,0,0,0
1360,0,0,0,8,11,73,0,0,0,0,0,0
1361,0,0,0,0,0,0,153,165,0,0,0,0
1362,0,0,0,0,1,109,0,0,0,0,0,0
1363,1,0,0,167,0,71,0,0,0,0,1,0
1364,0,15,1,0,0,0,0,0,0,0,0,0
1365,1,13,14,0,0,0,0,0,0,0,0,0
1366,2,39,2,0,0,0,0,0,0,0,0,0
1367,2,161,31,0,0,0,0,0,0,0,0,0
1368,0,0,0,1,7,103,0,0,0,0,0,0
1369,0,0,0,2,8,53,0,0,0,0,0,0
1370,0,0,0,1,0,91,0,0,0,0,0,0
1371,3,497,1,0,0,0,4,0,0,0,0,0
1372,0,0,0,0,0,712,0,0,0,0,1,0
1373,0,0,0,0,0,1,0,0,0,0,0,0
1374,0,0,0,0,0,0,1,4,0,0,0,0
1375,0,0,0,0,0,211,0,0,0,0,0,0
1376,0,0,0,0,0,6,0,0,0,36,1189,4
1377,0,0,0,0,0,4,0,0,0,16,825,1
1378,20,140,27,0,0,0,0,0,0,0,0,0
1379,0,21,0,0,0,0,1832,59,0,0,0,0
1380,0,0,0,0,0,8,0,0,0,3,2006,0
1381,91,300,31,2,0,0,0,0,0,0,0,0
1382,0,0,0,0,0,1,0,0,0,0,0,0
1383,0,0,0,0,0,0,0,4,0,0,0,0
1384,0,0,0,0,0,269,0,0,0,0,2,0
1385,0,0,0,0,0,32,0,0,0,12,3747,3
1386,25,322,4,0,0,0,0,0,0,0,0,0
1387,0,0,0,0,0,11,0,0,0,98,5191,9
1388,13,77,2,0,0,0,0,0,0,0,0,0
1389,3,190,18,0,0,0,0,0,0,0,0,0
1390,0,0,0,5,63,293,0,0,0,0,0,0
1391,0,0,0,17,45,500,0,0,0,0,2,0
1392,0,0,0,0,0,3,0,0,0,0,2061,0
1393,91,105,26,0,0,0,0,0,0,0,0,0
1394,0,4,0,0,0,0,191,2,2,0,0,0
1395,12,92,693,0,0,0,0,0,0,1,0,0
1396,108,66,15,0,0,0,0,0,0,0,0,0
1397,0,0,0,0,0,0,368,145,8,0,0,0
1398,0,0,0,3,2,38,0,0,0,0,0,0
1399,18,315,5,0,0,0,0,0,0,0,0,0
1400,0,0,0,0,0,0,480,0,3,0,0,0
1401,0,3,0,0,0,0,767,20,2,0,0,0
1402,0,40,5,0,0,0,0,0,0,0,0,0
1403,0,0,0,0,0,1,0,0,0,59,1568,0
1404,0,0,0,0,1,4,0,0,0,91,1957,1
1405,0,0,0,30,34,1270,0,0,0,0,2,0
1406,0,0,0,0,0,0,50,2,2,0,0,0
1407,129,243,92,0,0,0,0,0,0,0,0,0
1408,0,17,0,0,1,0,363,518,2,0,0,0
1409,0,0,0,0,0,0,0,0,0,2,45,0
1410,3,8,1,0,0,0,0,0,0,0,0,0
1411,0,0,0,1,1,355,0,0,0,0,2,0
1412,65,85,1,0,0,0,0,0,0,0,0,0
1413,0,0,0,0,0,0,94,28,4,0,0,0
1414,0,0,0,0,5,242,0,0,0,0,0,0
1415,0,0,0,0,0,1,0,0,0,46,521,4
1416,0,0,0,25,25,38,0,0,0,0,0,0
1417,0,0,0,62,2,124,0,0,0,0,1,0
1418,0,5,0,0,0,0,434,30,3,0,0,0
1419,0,0,0,0,0,4,0,0,0,18,1759,1
1420,0,0,0,0,0,26,0,0,0,78,7015,0
1421,0,0,0,0,0,0,76,1,2,0,0,0
1422,14,32,9,0,0,0,0,0,0,0,0,0
1423,9,139,81,0,0,0,0,0,0,0,0,0
1424,0,0,0,0,0,57,0,0,0,0,0,0
1425,0,11,0,0,0,0,1,0,0,0,0,0
1426,0,0,0,0,0,12,0,0,0,0,4193,0
1427,0,0,0,0,0,20,0,0,0,58,4202,1
1428,44,16,0,1,0,0,0,0,0,0,0,0
1429,0,0,0,0,0,243,0,0,0,0,0,0
1430,12,280,41,0,0,0,0,0,0,0,0,0
1431,95,121,22,2,0,0,0,0,0,0,0,0
1432,0,0,0,5,2,205,0,0,0,0,0,0
1433,0,0,0,0,0,0,62,0,4,0,0,0
1434,20,66,21,0,0,0,0,0,0,0,0,0
1435,6,130,52,0,0,0,0,0,0,0,0,0
1436,0,0,0,4,61,77,0,0,0,0,0,0
1437,0,0,0,0,0,11,0,0,0,7,2340,54
1438,0,0,0,76,90,412,0,0,0,0,2,0
1439,0,0,0,0,3,0,257,1191,2,0,0,0
1440,0,3,0,0,0,0,832,84,5,0,0,0
1441,0,0,0,0,0,129,0,0,0,55,3018,3
1442,0,0,0,15,14,309,0,0,0,0,0,0
1443,0,0,0,0,0,32,0,0,0,0,0,0
1444,0,1,0,0,2,0,1140,313,322,0,0,0
1445,0,86,44,0,0,0,0,0,0,0,0,0
1446,0,14,8,0,0,0,0,0,0,0,0,0
1447,1,24,171,0,0,0,0,0,0,0,0,0
1448,0,30,0,0,0,0,0,0,0,0,0,0
1449,0,0,0,0,0,26,0,0,0,41,972,0
1450,0,0,0,0,0,0,0,0,0,24,284,1
1451,48,89,24,0,0,0,0,0,0,0,0,0
1452,0,0,0,13,59,636,0,0,0,0,0,0
1453,0,0,0,2,13,139,0,0,0,0,0,0
1454,0,0,0,0,0,1,0,0,0,51,283,4
1455,0,0,0,7,8,161,0,0,0,0,0,0
1456,0,0,0,7,76,144,0,0,0,0,1,0
1457,0,0,0,0,0,6,0,0,0,10,3222,12
1458,0,0,0,0,3,0,315,264,3,0,0,0
1459,0,0,0,0,0,33,0,0,0,0,0,0
1460,0,21,0,0,0,0,0,0,0,0,0,0
1461,2,679,72,0,0,0,1,0,0,0,0,0
1462,0,0,0,0,1,0,114,258,4,0,0,0
1463,0,7,0,0,0,0,1022,287,4,0,0,0
1464,0,2,0,0,0,0,648,28,2,0,0,0
1465,0,0,0,2,3,180,0,0,0,0,0,0
1466,0,0,0,0,0,0,136,78,2,0,0,0
1467,0,0,0,0,0,0,73,99,0,0,0,0
1468,0,0,0,2,15,406,0,0,0,0,0,0
1469,0,0,0,0,0,0,0,0,0,19,845,2
1470,0,0,0,0,0,0,179,21,3,0,0,0
1471,0,0,0,0,0,8,0,0,0,15,3111,6
1472,7,640,2,0,0,0,1,0,0,0,0,0
1473,0,0,1,0,0,96,0,0,0,72,12008,1
1474,0,0,0,4,1,360,0,0,0,0,1,0
1475,1,413,31,0,0,0,0,0,0,0,0,0
1476,0,0,0,4,9,164,0,0,0,0,5,0
1477,0,0,0,109,15,57,0,0,0,0,0,0
1478,0,0,0,0,1,0,70,45,1,0,0,0
1479,0,0,0,0,0,2,0,0,0,77,442,0
1480,0,0,0,0,0,0,0,0,0,293,469,1
1481,0,0,0,13,24,44,0,0,0,0,0,0
1482,2,0,0,486,178,22,0,0,0,0,0,0
1483,0,0,0,129,5,126,0,0,0,0,2,0
1484,0,0,0,0,0,0,1,2,2,0,0,0
1485,0,0,0,0,0,0,2,4,1,0,0,0
1486,10,85,81,0,0,0,1,0,0,1,0,0
1487,0,0,0,0,0,0,134,39,0,0,0,0
1488,0,0,0,0,0,0,1,2,0,0,0,0
1489,0,0,0,0,0,0,0,0,0,25,933,5
1490,0,0,0,12,2,1,0,0,0,0,0,0
1491,0,0,0,0,0,0,0,5,3,0,0,0
1492,0,0,0,0,0,74,0,0,0,0,0,0
1493,0,0,0,0,0,0,77,20,4,0,0,0
1494,0,0,0,0,0,434,0,0,0,0,2,0
1495,0,1,0,0,1,0,375,1368,9,0,0,0
1496,0,0,0,0,0,31,0,0,0,0,0,0
1497,0,0,0,5,0,0,0,0,0,0,0,0
1498,0,0,0,0,0,21,0,0,0,15,2636,0
1499,0,0,0,2,668,0,0,0,0,0,0,0
1500,0,0,0,0,0,0,0,0,0,23,67,0
1501,0,0,0,87,102,211,0,4,0,0,0,0
1502,0,0,0,0,1,19,0,0,0,0,0,0
1503,14,5,0,0,0,0,0,0,0,0,0,0
1504,0,0,0,1,0,205,0,0,0,0,1,0
1505,0,0,0,0,0,0,63,3,0,0,0,0
1506,0,0,0,0,7,41,0,0,0,0,0,0
1507,0,0,0,36,16,149,0,0,0,0,0,0
1508,0,0,0,0,0,0,172,106,0,0,0,0
1509,0,1,0,0,0,0,111,15,1,0,0,0
1510,0,0,0,0,1,95,0,0,0,0,0,0
1511,0,0,0,1,0,2,0,0,0,0,0,0
1512,0,0,0,0,0,0,0,3,1,0,0,0
1513,0,0,0,0,0,12,0,0,0,0,4233,0
1514,0,0,0,0,0,16,0,0,2,37,3812,25
1515,16,672,12,0,0,0,1,0,0,2,0,0
1516,0,0,0,8,2,579,0,0,0,0,3,0
1517,5,59,5,0,0,0,0,0,0,0,0,0
1518,0,87,2,0,0,0,0,0,0,0,0,0
1519,0,0,0,0,0,10,0,0,0,24,1552,3
1520,0,102,4,0,0,0,1,0,0,0,0,0
1521,3,217,20,0,0,0,0,0,0,0,0,0
1522,0,3,0,0,0,0,157,362,1,0,0,0
1523,0,0,0,6,4,112,0,0,0,0,0,0
1524,0,1,0,0,0,0,270,55,0,0,0,0
1525,0,0,0,0,4,40,0,0,0,0,0,0
1526,0,0,0,0,0,0,4,16,0,0,0,0
1527,0,0,0,0,0,0,0,0,0,3,7,1
1528,0,0,1,0,0,0,0,0,0,222,698,1
1529,0,0,0,1,0,60,0,0,0,0,0,0
1530,8,38,1,0,0,0,0,0,0,0,0,0
1531,0,0,0,0,0,304,0,0,0,0,0,0
1532,0,0,0,0,1,0,0,0,0,0,0,0
1533,0,0,0,0,0,0,0,7,0,0,0,0
1534,0,0,0,0,0,0,0,5,1,0,0,0
1535,0,0,0,0,0,0,251,14,0,0,0,0
1536,0,0,0,0,0,71,0,0,0,0,0,0
1537,0,0,0,31,69,313,0,0,0,0,0,0
1538,0,0,0,0,0,0,0,0,0,1,25,0
1539,0,0,0,0,0,0,0,0,0,1,5,0
1540,2,76,24,0,0,0,0,0,0,0,0,0
1541,0,0,0,0,0,0,0,0,0,10,133,1
1542,0,0,0,0,4,0,180,186,6,0,0,0
1543,0,0,0,13,1,69,0,0,0,0,0,0
1544,0,0,0,0,0,0,179,477,1,0,0,0
1545,0,0,0,0,0,7,0,0,0,1,667,5
1546,0,0,0,8,4,139,0,0,0,0,0,0
1547,8,957,97,0,0,0,2,0,0,1,0,0
1548,0,0,0,0,2,0,213,700,1,0,0,0
1549,0,0,0,0,0,2,0,0,0,50,812,2
1550,0,0,0,0,1,0,262,88,0,0,0,0
1551,0,0,0,0,0,0,0,0,0,0,296,0
1552,0,0,0,7,0,125,0,0,0,0,0,0
1553,60,45,4,1,0,0,0,0,0,0,0,0
1554,0,81,11,0,0,0,0,0,0,0,0,0
1555,0,0,0,0,0,0,0,0,0,6,420,0
1556,11,93,17,0,0,0,0,0,0,0,0,0
1557,0,0,0,1,0,37,0,0,0,0,0,0
1558,60,1138,2,3,0,0,3,0,0,0,0,0
1559,0,12,0,0,0,0,460,397,0,0,0,0
1560,0,0,0,0,0,0,14,50,0,0,0,0
1561,0,0,0,0,24,24,0,0,0,0,0,0
1562,0,0,0,15,0,269,0,0,0,0,1,0
1563,0,5,0,0,0,0,738,40,8,0,0,0
1564,0,0,0,0,0,61,0,0,0,0,0,0
1565,3,146,0,0,0,0,0,0,0,0,0,0
1566,0,82,1,0,0,0,1,0,0,0,0,0
1567,0,0,0,0,0,8,0,0,0,141,1681,0
1568,0,0,0,0,0,0,0,0,0,21,394,0
1569,1,3,0,0,0,0,0,0,0,0,0,0
1570,0,0,0,16,2,463,0,0,0,0,0,0
1571,5,30,66,0,0,0,0,0,0,0,0,0
1572,0,0,0,0,0,14,0,0,0,1,1593,0
1573,39,265,253,0,0,0,1,0,0,0,0,0
1574,0,0,0,0,0,0,44,9,0,0,0,0
1575,0,0,0,0,0,0,3,2,0,0,0,0
1576,0,0,0,3,1,139,0,0,0,0,7,0
1577,0,3,0,0,0,0,223,22,3,0,0,0
1578,0,0,0,0,2,1790,0,0,0,0,92,0
1579,0,0,0,32,1,88,0,0,0,0,0,0
1580,0,1,0,0,1,0,353,261,3,0,0,0
1581,0,0,0,1,8,117,0,0,0,0,4,0
1582,1,0,0,97,5,111,0,0,0,0,0,0
1583,0,3,0,0,0,0,292,0,0,0,0,0
1584,0,0,0,0,0,0,91,8,1,0,0,0
1585,37,63,62,0,0,0,0,0,0,1,0,0
1586,0,0,0,0,0,0,101,2,0,0,0,0
1587,9,98,25,0,0,0,1,0,0,0,0,0
1588,30,1788,52,0,0,0,31,0,0,1,0,0
1589,0,42,0,0,1,0,891,296,6,0,0,0
1590,0,30,0,0,2,0,537,192,4,0,0,0
1591,0,0,0,0,4,128,0,0,0,0,5,0
1592,5,0,0,94,77,891,0,4,0,0,21,0
1593,0,1,4,0,0,59,0,0,0,298,8731,36
1594,0,0,5,0,0,81,0,0,0,259,9414,5
1595,0,0,0,0,0,0,257,1,5,0,0,0
1596,11,109,108,0,0,0,0,0,0,0,0,0
1597,25,127,48,0,0,0,0,0,0,0,0,0
1598,0,4,0,0,0,0,792,214,10,0,0,0
1599,0,0,0,0,3,0,151,1516,1,0,0,0
1600,0,0,0,1,0,114,0,0,0,0,0,0
1601,0,0,0,0,0,1,0,0,0,26,1188,1
1602,0,0,0,2,56,156,0,0,0,0,0,0
1603,0,0,0,58,1,119,0,0,0,0,0,0
1604,3,77,1,0,0,0,0,0,0,0,0,0
1605,3,331,18,0,0,0,0,0,0,0,0,0
1606,0,0,0,21,36,396,0,0,0,0,0,0
1607,0,0,0,0,0,0,49,14,0,0,0,0
1608,3,124,20,0,0,0,0,0,0,0,0,0
1609,0,0,0,0,0,1,0,0,0,36,1079,0
1610,18,312,1,1,0,0,1,2,0,0,0,0
1611,0,60,0,0,0,0,0,0,0,0,0,0
1612,0,0,0,0,0,68,0,0,0,25,893,2
1613,0,0,1,0,0,0,0,0,0,393,592,2
1614,0,0,0,9,9,46,0,0,0,0,0,0
1615,0,0,0,15,42,224,0,0,0,0,0,0
1616,0,0,3,0,0,2,0,0,0,509,815,4
1617,0,0,0,3,11,72,0,0,0,0,13,0
1618,0,0,0,54,11,89,0,0,0,0,0,0
1619,0,7,0,0,0,0,251,0,0,0,0,0
1620,4,196,66,0,0,0,0,0,0,0,0,0
1621,22,48,6,0,0,0,0,0,0,0,0,0
1622,10,157,16,0,0,0,0,0,0,0,0,0
1623,0,0,0,33,2,1654,0,0,0,0,7,0
1624,0,72,6,0,0,0,0,0,0,0,0,0
1625,0,0,1,0,0,1,0,0,0,243,1325,1
1626,0,0,0,25,15,6,0,0,0,0,0,0
1627,0,0,0,0,0,34,0,0,0,91,2981,12
1628,0,0,1,0,0,0,0,0,0,280,3,2
1629,204,62,18,0,0,0,0,0,0,0,0,0
1630,11,50,116,0,0,0,0,0,0,0,0,0
1631,0,77,11,0,0,0,1,0,0,0,0,0
1632,3,139,6,0,0,0,0,0,0,0,0,0
1633,25,165,10,0,0,0,3,0,0,0,0,0
1634,0,0,0,0,0,0,65,1,3,0,0,0
1635,18,42,456,0,0,0,0,0,0,1,0,0
1636,0,0,0,0,1,0,197,250,4,0,0,0
1637,0,22,27,0,0,0,0,0,0,0,0,0
1638,3,131,8,0,0,0,1,0,0,0,0,0
1639,8,114,652,0,0,0,0,0,0,1,0,0
1640,0,0,0,0,0,0,134,148,1,0,0,0
1641,0,0,0,1,7,146,0,0,0,0,0,0
1642,0,0,0,0,0,2,0,0,0,2,411,2
1643,5984,143,20,90,0,0,0,0,0,1,0,0
1644,0,53,85,0,0,0,0,0,0,0,0,0
1645,0,0,0,0,0,1,0,0,0,1,322,1
1646,9,88,7,0,0,0,0,0,0,0,0,0
1647,0,0,0,1,1,26,0,0,0,0,0,0
1648,0,0,0,0,0,19,0,0,0,4,830,0
1649,1,4,0,0,0,0,0,0,0,0,0,0
1650,1,19,22,0,0,0,0,0,0,0,0,0
1651,0,0,0,1,0,195,0,0,0,0,0,0
1652,3,225,0,0,0,0,1,0,0,0,0,0
1653,0,0,0,0,2,14,0,0,0,0,0,0
1654,0,0,0,21,19,37,0,0,0,0,0,0
1655,0,0,0,0,0,0,518,66,1,0,0,0
1656,0,0,0,2,1,38,0,0,0,0,2,0
1657,0,0,0,9,2,162,0,0,0,0,0,0
1658,0,1,0,0,0,0,268,26,0,0,0,0
1659,0,0,0,0,0,0,84,1256,30,0,0,0
1660,0,0,0,1,0,75,0,0,0,0,0,0
1661,0,0,0,0,0,0,238,240,0,0,0,0
1662,5,110,27,0,0,0,0,0,0,0,0,0
1663,0,0,0,0,0,0,0,0,0,103,458,1
1664,0,0,0,12,12,22,0,0,0,0,0,0
1665,0,0,0,5,1,19,0,0,0,0,0,0
1666,0,0,0,3,2,83,0,0,0,0,4,0
1667,4,154,0,0,0,0,0,0,0,0,0,0
1668,2,150,14,0,0,0,0,0,0,0,0,0
1669,2,57,39,0,0,0,0,0,0,0,0,0
1670,0,0,0,0,0,0,0,0,0,32,1392,1
1671,0,0,0,2,4,22,0,0,0,0,0,0
1672,0,0,0,1,0,62,0,0,0,0,0,0
1673,4,217,0,0,0,0,0,0,0,0,0,0
1674,2,88,15,0,0,0,0,0,0,1,0,0
1675,0,0,0,12,0,264,0,0,0,0,0,0
1676,0,0,0,0,0,0,229,3,2,0,0,0
1677,8,124,66,0,0,0,0,0,0,0,0,0
1678,84,78,48,0,0,0,0,0,0,0,0,0
1679,0,0,0,0,0,0,58,11,3,0,0,0
1680,3,45,44,0,0,0,1,0,0,0,0,0
1681,0,8,0,0,1,0,1530,524,2,0,0,0
1682,0,658,19,0,0,0,1,0,0,0,0,0
1683,0,0,0,2,32,525,0,2,0,0,0,0
1684,0,0,0,2,0,344,0,0,0,30,26052,9
1685,0,0,0,0,0,0,385,254,4,0,0,0
1686,0,0,0,0,0,0,0,0,0,0,311,0
1687,0,0,0,0,0,1,0,0,0,25,287,0
1688,1,217,14,0,0,0,0,0,0,0,0,0
1689,0,0,0,0,3,80,0,0,0,0,0,0
1690,0,0,0,5,0,154,0,0,0,0,0,0
1691,0,478,0,0,0,0,2,0,0,0,0,0
1692,0,0,0,1,5,98,0,0,0,0,0,0
1693,0,0,0,16,13,53,0,0,0,0,2,0
1694,0,0,0,3,9,18,0,0,0,0,0,0
1695,0,0,0,0,3,10,0,0,0,0,0,0
1696,0,2,0,0,0,0,126,124,4,0,0,0
1697,0,0,0,0,0,0,66,22,1,0,0,0
1698,0,0,0,0,0,0,0,0,0,0,34,1
1699,35,300,17,0,0,0,0,0,0,0,0,0
1700,0,0,0,7,18,113,0,0,0,0,0,0
1701,0,0,0,0,0,0,0,0,0,78,217,0
1702,0,0,0,1,9,293,0,0,0,0,1,0
1703,0,0,0,4,6,181,0,0,0,0,0,0
1704,0,0,0,13,5,60,0,0,0,0,0,0
1705,0,0,0,3,1,100,0,0,0,0,0,0
1706,0,0,0,28,4,6,0,0,0,0,0,0
1707,0,0,0,0,0,0,0,0,0,0,0,0
1708,0,0,0,36,26,170,0,0,0,0,0,0
1709,0,0,0,0,0,0,22,79,2,0,0,0
1710,0,0,0,0,0,2,0,0,0,19,1535,2
1711,0,0,0,57,23,64,0,1,0,0,0,0
1712,0,0,0,3,15,26,0,2,0,0,0,0
1713,0,0,0,0,0,1,0,0,0,12,83,0
1714,0,0,0,0,0,2,0,0,0,28,303,0
1715,2,674,19,0,0,0,21,0,0,0,0,0
1716,0,0,0,0,0,2,0,0,0,23,591,0
1717,9,261,4,0,0,0,2,0,0,0,0,0
1718,5,93,11,0,0,0,0,0,0,0,0,0
1719,0,1,0,0,0,0,145,65,5,0,0,0
1720,0,0,0,35,10,46,0,0,0,0,0,0
1721,0,0,0,0,0,0,118,120,2,0,0,0
1722,0,0,0,0,0,10,0,0,0,7,3101,2
1723,0,0,0,189,87,272,0,0,0,0,0,0
1724,0,0,0,2,13,76,0,0,0,0,0,0
1725,0,0,0,6,5,5,0,0,0,0,0,0
1726,0,0,0,33,16,75,0,0,0,0,0,0
1727,0,0,0,0,0,0,235,93,0,0,0,0
1728,0,0,0,4,2,135,0,0,0,0,3,0
1729,0,26,0,0,0,0,9456,98,0,0,0,0
1730,0,0,0,0,0,0,379,0,6,0,0,0
1731,3,64,80,0,0,0,0,0,0,0,0,0
1732,5,3220,38,0,0,0,2,0,0,0,0,0
1733,1,26,0,0,0,0,0,0,0,0,0,0
1734,0,0,0,0,0,1,0,0,0,8,248,2
1735,0,0,0,39,19,111,0,0,0,0,0,0
1736,0,2,0,0,0,0,134,11,3,0,0,0
1737,0,0,0,0,1,86,0,0,0,0,0,0
1738,0,0,0,0,52,0,218,9596,623,0,0,2
1739,0,20,25,0,0,0,0,0,0,0,0,0
1740,4,318,18,0,0,0,0,0,0,0,0,0
1741,26,18369,12,0,0,0,77,2,0,0,0,0
1742,0,0,0,0,1,0,358,130,7,0,0,0
1743,0,1,0,0,0,0,172,38,2,0,0,0
1744,0,0,0,0,1,75,0,0,0,0,0,0
1745,0,0,0,2,14,92,0,0,0,0,0,0
1746,0,0,0,0,3,169,0,0,0,0,1,0
1747,0,1,0,0,0,0,581,210,0,0,0,0
1748,0,1,0,0,1,0,112,16,2,0,0,0
1749,0,81,11,0,0,0,0,0,0,0,0,0
1750,0,0,0,0,7,68,0,0,0,0,0,0
1751,0,0,0,4,5,42,0,0,0,0,0,0
1752,6,164,6,0,0,0,0,0,0,0,0,0
1753,0,0,0,0,0,449,0,0,0,0,0,0
1754,1,39,0,0,0,0,1,0,0,0,0,0
1755,3,65,46,0,0,0,0,0,0,0,0,0
1756,4,103,47,0,0,0,0,0,0,2,0,0
1757,0,1,0,0,0,0,382,111,6,0,0,0
1758,0,0,0,0,0,42,0,0,0,10,11414,1
1759,47,93,23,0,0,0,0,0,0,0,0,0
1760,0,0,0,0,26,69,0,0,0,0,0,0
1761,0,0,0,3,10,11,0,0,0,0,0,0
1762,0,0,0,0,0,4,0,0,0,3,452,1
1763,0,97,26,0,0,0,0,0,0,0,0,0
1764,4,27,20,0,0,0,0,0,0,0,0,0
1765,0,40,13,0,0,0,0,0,0,0,0,0
1766,0,0,1,0,0,0,0,0,0,267,0,0
1767,13,38,0,0,0,0,0,0,0,0,0,0
1768,1,161,11,0,0,0,0,0,0,0,0,0
1769,3,133,23,0,0,0,1,0,0,0,0,0
1770,0,0,0,1,8,29,0,0,0,0,0,0
1771,0,0,0,48,5,96,0,0,0,0,11,0
1772,0,1,0,0,0,0,250,139,30,0,0,0
1773,0,0,0,0,1,16,0,0,0,0,0,0
1774,0,0,0,29,4,41,0,0,0,0,0,0
1775,0,0,0,0,0,0,20,2,8,0,0,0
1776,1,24,12,0,0,0,0,0,0,0,0,0
1777,3,765,20,0,0,0,5,0,0,0,0,0
1778,0,0,0,3,9,305,0,0,0,0,1,0
1779,0,0,0,0,0,3,0,0,0,20,578,0
1780,0,0,0,0,0,2,0,0,0,47,797,6
1781,0,0,0,3,1,10,0,0,0,0,0,0
1782,0,0,0,0,0,0,125,61,0,0,0,0
1783,0,0,0,0,0,134,0,0,0,0,1,0
1784,0,0,0,0,0,0,93,31,2,0,0,0
1785,0,0,0,0,0,0,50,52,1,0,0,0
1786,0,0,0,0,0,48,0,0,0,0,0,0
1787,4,48,0,0,0,0,0,0,0,0,0,0
1788,2,71,6,0,0,0,0,0,0,0,0,0
1789,0,0,0,1,3,75,0,0,0,0,0,0
1790,0,0,0,0,2,8,0,0,0,0,0,0
1791,0,0,0,1,2,90,0,0,0,0,0,0
1792,0,0,0,3,1,67,0,0,0,0,0,0
1793,4,25,0,0,0,0,0,0,0,0,0,0
1794,2,35,17,0,0,0,0,0,0,0,0,0
1795,14,75,45,0,0,0,0,0,0,0,0,0
1796,0,0,0,0,0,0,73,22,0,0,0,0
1797,0,0,0,0,0,4,0,0,0,0,0,0
1798,0,0,0,12,0,118,0,0,0,0,0,0
1799,0,76,0,0,0,0,0,0,0,0,0,0
1800,0,0,0,0,0,1,0,0,0,75,209,24
1801,21,43,53,1,0,0,0,0,0,0,0,0
1802,1,33,8,0,0,0,0,0,0,0,0,0
1803,12,174,22,0,0,0,0,0,0,0,0,0
1804,7,78,8,0,0,0,0,0,0,0,0,0
1805,0,1,0,0,0,0,183,0,4,0,0,0
1806,0,1,0,0,0,0,182,44,0,0,0,0
1807,11,2095,39,0,0,0,19,0,0,0,0,0
1808,0,288,696,0,0,0,2,0,0,1,0,0
1809,4,138,42,0,0,0,0,0,0,0,0,0
1810,11,374,131,0,0,0,1,0,0,0,1,0
1811,0,1,0,0,0,0,221,91,4,0,0,0
1812,0,0,0,0,0,8,0,0,0,16,2292,24
1813,6,0,0,437,0,72,0,0,0,0,0,0
1814,0,13,1,0,0,0,0,0,0,0,0,0
1815,13,75,15,0,0,0,0,0,0,0,0,0
1816,78,43,11,0,0,0,0,0,0,0,0,0
1817,0,49,11,0,0,0,0,0,0,0,0,0
1818,8,62,18,0,0,0,0,0,0,0,0,0
1819,9,236,32,0,0,0,0,0,0,0,0,0
1820,0,690,0,0,0,0,30099,248,0,0,0,0
1821,0,5,0,0,0,0,460,81,0,0,0,0
1822,0,0,0,18,5,80,0,0,0,0,0,0
1823,0,0,0,0,0,0,115,82,2,0,0,0
1824,0,0,0,0,0,2,0,0,0,39,1544,1
1825,0,0,1,0,0,0,0,0,0,287,1544,1
1826,0,0,0,1,0,6,0,0,0,0,0,0
1827,0,0,0,0,0,0,0,31,0,0,0,0
1828,0,0,0,0,0,0,1,28,0,0,0,0
1829,2,156,25,0,0,0,2,0,0,0,0,0
1830,7,96,397,0,0,0,0,0,0,8,0,0
1831,0,0,0,1,0,176,0,0,0,0,0,0
1832,0,582,2,0,0,0,0,0,0,0,0,0
1833,0,0,0,0,13,54,0,0,0,0,0,0
1834,0,0,0,53,5,77,0,0,0,0,0,0
1835,0,0,0,0,0,0,117,26,0,0,0,0
1836,0,0,0,0,0,0,99,149,0,0,0,0
1837,0,0,0,1,1,164,0,0,0,0,5,0
1838,0,0,0,0,0,0,43,2,2,0,0,0
1839,5,58,59,0,0,0,0,0,0,1,0,0
1840,1,95,11,0,0,0,0,0,0,0,0,0
1841,0,0,0,0,0,0,0,0,0,13,1,19
1842,10,140,3,0,0,0,0,0,0,1,0,0
1843,0,0,0,0,3,0,69,656,5,0,0,0
1844,1,131,26,0,0,0,1,0,0,0,0,0
1845,0,131,6,0,0,0,3,0,0,0,0,0
1846,23,604,72,0,0,0,1,0,0,0,0,0
1847,0,0,0,0,36,364,0,0,0,0,2,0
1848,0,0,0,0,0,1,0,0,0,1,711,0
1849,12,46,29,0,0,0,0,0,0,0,0,0
1850,1,42,42,0,0,0,0,0,0,0,0,0
1851,0,0,0,3,0,933,0,0,0,0,5,0
1852,1,45,0,0,0,0,0,0,0,0,0,0
1853,0,0,0,0,0,1,0,0,0,76,715,18
1854,0,0,0,32,5,130,0,0,0,0,0,0
1855,0,1,0,0,0,0,90,197,2,0,0,0
1856,114,144,65,0,0,0,0,0,0,0,0,0
1857,0,5,0,0,0,0,376,216,5,0,0,0
1858,0,0,0,0,8,106,0,0,0,0,0,0
1859,0,1,0,0,0,0,0,0,0,28,191,1
1860,0,0,0,0,0,0,0,0,0,73,137,0
1861,0,0,0,3,55,34,0,0,0,0,0,0
1862,0,0,0,0,0,0,0,0,0,43,556,1
1863,0,0,0,8,10,50,0,0,0,0,0,0
1864,0,0,0,5,8,399,0,0,0,0,1,0
1865,0,0,0,4,1,21,0,0,0,0,0,0
1866,1,286,3,0,0,0,3,0,0,0,0,0
1867,0,0,0,0,0,484,0,0,0,0,2,0
1868,0,1,0,0,0,0,129,9,0,0,0,0
1869,0,0,0,0,0,0,0,0,0,5,261,10
1870,27,387,19,0,0,0,2,0,0,0,0,0
1871,0,0,0,17,781,824,0,16,0,0,5,1
1872,0,0,0,3,28,13,0,0,0,0,0,0
1873,1,0,0,162,14,95,0,0,0,0,1,0
1874,0,4,0,0,6,0,119,892,1,0,0,0
1875,0,0,0,0,0,0,0,0,0,7,505,0
1876,80,349,6,0,0,0,1,0,0,0,0,0
1877,0,0,0,11,5563,642,0,159,0,0,5,0
1878,0,0,0,0,0,12,0,0,0,12,1545,0
1879,39,405,4,0,0,0,1,0,0,0,0,0
1880,0,0,0,0,0,0,118,5,2,0,0,0
1881,22,105,42,0,0,0,0,0,0,0,0,0
1882,0,3,0,0,9,0,280,862,12,0,0,0
1883,0,0,0,0,0,0,91,171,0,0,0,0
1884,0,0,0,0,0,172,0,0,0,6,4020,1
1885,5,0,0,176,97,376,0,0,0,0,8,0
1886,0,3,0,0,0,0,208,60,5,0,0,0
1887,0,0,1,0,0,52,0,0,0,7,1030,1
1888,0,0,0,2,25,230,0,2,0,0,19,0
1889,0,0,0,0,0,35,0,0,0,21,1270,2
1890,0,1,0,0,1,0,557,321,1,0,0,0
1891,0,0,0,2,3,149,0,0,0,0,8,0
1892,0,456,0,0,0,0,1033,20,0,0,0,0
1893,0,0,0,3,31,61,0,0,0,0,1,0
1894,0,0,0,4,8,70,0,0,0,0,0,0
1895,0,0,0,0,0,0,0,0,0,0,0,0
1896,0,0,0,0,0,90,0,0,0,0,1,0
1897,0,926,0,0,0,0,1,0,0,0,0,0
1898,0,0,0,0,0,0,0,0,0,47,6,15
1899,0,0,0,0,0,0,170,37,0,0,0,0
1900,3,262,558,0,0,0,3,0,0,1,0,0
1901,0,0,0,3,10,192,0,0,0,0,0,0
1902,0,0,0,0,0,0,0,0,0,1,108,0
1903,97,57,8,0,0,0,0,0,0,0,0,0
1904,1,493,68,0,0,0,2,0,0,0,0,0
1905,0,0,0,10,20,134,0,0,0,0,0,0
1906,0,0,0,5,60,62,0,0,0,0,0,0
1907,0,0,0,2,10,40,0,0,0,0,0,0
1908,0,0,0,15,48,135,0,0,0,0,0,0
1909,0,0,0,0,1,18,0,0,0,230,3044,0
1910,1,0,0,745,35,11,0,0,0,0,0,0
1911,0,0,0,0,0,8,0,0,0,29,1652,1
1912,0,0,0,0,1,70,0,0,0,166,14529,13
1913,0,0,0,0,0,2,0,0,0,419,1144,2
1914,0,0,0,0,0,0,908,5,1,0,0,0
1915,0,0,1,0,0,0,0,0,0,94,654,2
1916,100,69,6,0,0,0,1,0,0,0,0,0
1917,0,0,0,0,0,5,0,0,0,84,843,0
1918,0,0,0,14,23,238,0,0,0,0,1,0
1919,0,0,0,0,0,2,0,0,0,160,1204,2
1920,2,0,0,56,2,88,0,0,0,0,0,0
1921,0,0,0,47,7,292,0,0,0,0,1,0
1922,0,0,0,0,0,0,54,2,0,0,0,0
1923,46,97,31,0,0,0,0,0,0,0,0,0
1924,13,45,7,0,0,0,0,0,0,0,0,0
1925,0,51,6,0,0,0,0,0,0,0,0,0
1926,0,0,1,0,0,3,0,0,0,149,988,0
1927,1,0,0,671,50,8169,0,0,0,1,40,1
1928,0,0,0,0,0,0,61,19,6,0,0,0
1929,0,0,0,0,0,17,0,0,0,56,3495,3
1930,0,0,0,7,29,208,0,0,0,0,0,0
1931,0,0,8,0,0,0,0,0,0,1562,68,0
1932,161,145,16,0,0,0,3,0,0,0,0,0
1933,2,41,4,0,0,0,0,0,0,0,0,0
1934,4,22,5,0,0,0,0,0,0,0,0,0
1935,6,125,14,0,0,0,0,0,0,0,0,0
1936,0,0,0,12,59,641,0,0,0,0,1,0
1937,0,0,0,3,52,226,0,0,0,0,0,0
1938,0,0,0,0,0,10,0,0,0,29,1542,19
1939,0,0,0,15,23,64,0,0,0,0,0,0
1940,0,0,0,0,0,0,291,31,2,0,0,0
1941,0,0,0,177,64,102,0,0,0,0,0,0
1942,0,3,0,0,8,0,285,2062,4,0,0,0
1943,0,0,0,0,0,4,0,0,0,22,1388,1
1944,0,3,0,0,0,0,360,109,5,0,0,0
1945,2,0,0,72,79,674,0,2,0,0,0,0
1946,0,4,0,0,15,0,270,773,2,0,0,0
1947,0,0,0,1,43,1824,0,0,0,0,28,0
1948,0,0,0,6,15,77,0,0,0,0,3,0
1949,0,0,0,1,6,24,0,0,0,0,0,0
1950,0,0,0,0,0,58,0,0,0,0,2,0
1951,4,102,1,0,0,0,0,0,0,0,0,0
1952,0,0,5,0,0,0,0,0,0,1500,0,3
1953,5,141,1,0,0,0,0,0,0,0,0,0
1954,0,0,0,0,1,0,157,359,2,0,0,0
1955,0,170,63,0,0,0,1,0,0,0,0,0
1956,11,193,52,0,0,0,0,0,0,3,0,0
1957,0,23,0,0,2,0,2114,811,22,0,0,0
1958,0,0,0,0,0,0,316,196,0,0,0,0
1959,0,0,0,0,0,2,0,0,0,12,684,1
1960,0,0,1,0,0,6,0,0,0,192,1578,2
1961,0,1,0,0,0,0,190,119,0,0,0,0
1962,0,0,0,0,0,3,0,0,0,1,670,3
1963,0,0,0,6,5,86,0,0,0,0,0,0
1964,17,2723,8,1,0,0,11,0,0,0,0,0
1965,0,0,0,1,21,191,0,0,0,0,0,0
1966,9,99,0,0,0,0,0,0,0,0,0,0
1967,0,50,6,0,0,0,0,0,0,0,0,0
1968,0,0,0,0,0,4,0,0,0,6,2736,4
1969,11,21,4,0,0,0,0,0,0,0,0,0
1970,1,28,23,0,0,0,0,0,0,0,0,0
1971,0,0,0,1,0,816,0,0,0,0,53,0
1972,0,38,0,0,0,0,0,0,0,0,0,0
1973,0,0,0,0,0,11,0,0,0,22,2264,0
1974,0,0,0,0,0,1,0,0,0,0,0,0
1975,8,353,4,0,0,0,2,0,0,0,0,0
1976,0,0,0,0,1,0,68,210,1,0,0,0
1977,1,311,52,0,0,0,0,0,0,0,0,0
1978,1,0,0,135,116,134,0,0,0,0,0,0
1979,0,1,0,0,0,0,241,1,5,0,0,0
1980,0,3,0,0,0,0,264,59,8,0,0,0
1981,6,114,116,0,0,0,0,0,0,1,0,0
1982,1,192,22,0,0,0,0,0,0,0,0,0
1983,0,0,0,1,3,143,0,0,0,0,2,0
1984,0,0,0,1,4,31,0,0,0,0,0,0
1985,0,0,0,1,96,1,0,0,0,0,0,0
1986,0,0,0,0,0,0,0,0,0,0,1,0
1987,0,2528,2,0,0,0,0,0,0,0,0,0
1988,0,0,0,0,0,0,0,0,0,16,4,0
1989,5,740,4,0,0,0,72,0,0,0,0,0
1990,0,1,0,0,0,0,108,101,0,0,0,0
1991,0,0,0,0,0,72,0,0,0,0,0,0
1992,6,1039,1,0,0,0,3,0,0,0,0,0
1993,0,0,0,0,0,408,0,0,0,0,0,0
1994,1,0,0,105,11,0,0,0,0,0,0,0
1995,0,0,0,0,0,0,0,0,0,0,3,0
1996,1,72,10,0,0,0,0,0,0,0,0,0
1997,0,0,1,0,0,0,0,0,0,144,753,0
1998,0,0,0,41,16,37,0,0,0,0,0,0
1999,0,0,0,0,0,0,42,192,1,0,0,0
2000,0,57,84,0,0,0,0,0,0,0,0,0
2001,0,0,0,0,1,0,121,148,11,0,0,1
2002,5,71,20,0,0,0,0,0,0,0,0,0
2003,0,0,0,0,0,2,0,0,0,125,2408,2
2004,0,0,0,0,0,2,0,0,0,0,0,0
2005,0,0,0,0,0,3,0,0,0,14,1053,0
2006,2,250,36,0,0,0,0,0,0,0,0,0
2007,0,0,0,0,0,32,0,0,0,0,0,0
2008,0,0,0,33,1,60,0,0,0,0,0,0
2009,0,0,0,0,0,0,166,8,0,0,0,0
2010,0,224,19,0,0,0,3,0,0,0,0,0
2011,0,0,0,20,21,103,0,0,0,0,3,0
2012,0,0,0,0,0,0,128,9,1,0,0,0
2013,0,0,0,0,0,1,0,0,0,5,439,2
2014,0,0,0,3,2,94,0,0,0,0,0,0
2015,2,1244,0,0,0,0,7,0,0,0,0,0
2016,0,0,0,0,0,30,0,0,0,0,0,0
2017,0,0,0,0,0,0,17,5,3,0,0,0
2018,2,725,110,0,0,0,2,0,0,0,0,0
2019,0,0,0,7,4,190,0,0,0,0,1,0
2020,0,3,0,0,0,1,909,56,3,0,0,0
2021,0,0,0,0,0,152,0,0,0,0,1,0
2022,0,0,0,7,10,40,0,0,0,0,0,0
2023,0,0,0,0,0,1,0,0,0,20,530,4
2024,2,105,1,0,0,0,1,0,0,0,0,0
2025,0,0,0,0,0,0,0,0,0,55,262,3
2026,16,347,4,0,0,0,2,0,0,0,0,0
2027,0,0,0,1,17,61,0,0,0,0,0,0
2028,0,0,0,0,0,0,0,0,0,47,121,4
2029,0,0,0,29,11,168,0,0,0,0,0,0
2030,0,0,0,0,2,0,57,174,1,0,0,0
2031,16,1466,185,0,0,0,11,1,0,0,0,0
2032,0,0,0,2,16,155,0,0,0,0,0,0
2033,0,0,0,4,5,9,0,0,0,0,0,0
2034,0,0,0,0,2,25,0,0,0,0,0,0
2035,0,0,0,0,3,0,328,2459,9,0,0,0
2036,0,0,0,0,0,0,124,137,6,0,0,0
2037,0,0,0,0,0,11,0,0,0,10,4895,3
2038,0,0,0,4,0,265,0,0,0,0,0,0
2039,0,43,4,0,0,0,0,0,0,0,0,0
2040,0,0,0,0,0,10,0,0,0,36,2022,1
2041,0,0,0,1,8,45,0,0,0,0,0,0
2042,1,53,1,0,0,0,0,0,0,0,0,0
2043,1,89,67,0,0,0,0,0,0,0,0,0
2044,0,0,0,0,0,0,0,0,0,9,799,1
2045,1,273,5,0,0,0,0,0,0,0,0,0
2046,0,85,38,0,0,0,1,0,0,0,0,0
2047,0,0,0,0,76,1808,0,0,0,0,1,0
2048,0,0,0,0,0,3,0,0,0,29,744,5
2049,0,0,0,1,0,18,0,0,0,0,0,0
2050,4,63,8,0,0,0,0,0,0,0,0,0
2051,0,3,0,0,0,0,149,46,3,0,0,0
2052,0,0,0,0,7,11,0,0,0,0,0,0
2053,0,0,0,60,4,584,0,0,0,0,3,0
2054,0,2,0,0,0,0,382,31,0,0,0,0
2055,0,0,0,0,0,14,0,0,0,0,0,0
2056,1,90,6,0,0,0,0,0,0,0,0,0
2057,2,298,18,0,0,0,0,0,0,0,0,0
2058,0,0,0,10,38,557,0,1,0,0,1,0
2059,0,0,0,0,0,0,295,18,1,0,0,0
2060,0,0,0,0,0,0,140,31,0,0,0,0
2061,0,0,0,0,0,123,0,0,0,2,19233,0
2062,0,0,0,0,0,17,0,0,0,102,5006,9
2063,0,0,0,0,0,140,0,0,0,0,0,0
2064,7,40,14,0,0,0,0,0,0,0,0,0
2065,0,0,0,0,0,10,0,0,0,0,1538,0
2066,0,180,32,0,0,0,0,0,0,0,0,0
2067,0,0,0,0,117,54,0,0,0,0,0,0
2068,0,0,0,2,2,51,0,0,0,0,0,0
2069,193,465,0,3,0,0,0,0,0,0,0,0
2070,0,0,0,0,0,0,0,0,0,3,445,0
2071,144,194,39,0,0,0,1,0,0,0,0,0
2072,0,1,0,0,0,0,309,48,1,0,0,0
2073,0,1,0,0,0,0,70,14,2,0,0,0
2074,1,0,0,108,1,87,0,0,0,0,2,0
2075,0,0,0,0,1,0,311,401,1,0,0,0
2076,0,0,0,0,0,0,271,52,1,0,0,0
2077,0,0,0,0,2,66,0,0,0,0,0,0
2078,0,0,0,0,0,0,246,139,30,0,0,0
2079,0,0,0,0,4,27,0,0,0,0,0,0
2080,0,0,0,16,367,323,0,3,0,0,10,0
2081,0,4,0,0,0,0,247,61,4,0,0,0
2082,0,0,0,3,8,15,0,0,0,0,0,0
2083,0,0,0,73,47,12637,0,0,0,0,185,0
2084,0,0,0,0,0,0,0,0,0,3,5,6
2085,53,63,2,0,0,0,0,0,0,0,0,0
2086,0,0,0,0,10,0,285,1997,14,0,0,0
2087,0,0,0,2,16,73,0,1,0,0,0,0
2088,0,0,0,0,56,66,0,0,0,0,0,0
2089,0,0,0,0,0,0,159,102,47,0,0,0
2090,4,58,1,0,0,0,0,0,0,0,0,0
2091,0,0,0,0,0,0,0,0,0,0,0,0
2092,0,0,0,19,297,89,0,2,0,0,0,0
2093,0,0,0,26,78,8,0,0,0,0,0,0
2094,0,0,0,0,0,0,0,0,0,0,0,0
2095,0,18,0,0,2,0,1392,658,4,0,0,0
2096,0,0,0,0,0,0,0,0,0,16,1,0
2097,43,38,1,0,0,0,0,0,0,0,0,0
2098,0,1,0,0,0,0,220,247,1,0,0,0
2099,0,0,0,0,1,4,0,0,0,0,0,0
2100,0,0,0,0,0,0,0,212,0,0,0,0
2101,0,0,0,0,0,0,0,43,4,0,0,0
2102,0,0,1,0,0,7,0,0,0,57,1492,1
2103,0,0,0,0,0,2,0,0,0,0,0,0
2104,89,162,0,2,0,0,1,0,0,0,0,0
2105,0,69,2,0,0,0,0,0,0,0,0,0
2106,0,0,0,0,0,3,0,0,0,48,2250,2
2107,0,0,0,6,3,51,0,0,0,0,0,0
2108,0,51,2,0,0,0,0,0,0,0,0,0
2109,0,43,10,0,0,0,0,0,0,0,0,0
2110,1,0,0,0,0,402,0,0,0,49,66669,2
2111,3,268,1,0,0,0,0,0,0,0,0,0
2112,0,0,0,0,3,212,0,0,0,0,0,0
2113,0,0,0,0,0,36,0,0,0,65,4023,2
2114,0,0,0,11,32,50,0,0,0,0,0,0
2115,0,0,0,0,5,0,0,0,0,0,0,0
2116,2,0,0,198,7,76,0,0,0,0,0,0
2117,0,0,0,0,0,0,169,216,1,0,0,0
2118,0,2,0,0,0,0,150,29,6,0,0,0
2119,0,0,0,0,0,9,0,0,0,29,2711,1
2120,1,131,3,0,0,0,1,0,0,0,0,0
2121,0,0,0,0,0,0,0,0,0,51,207,2
2122,0,0,0,9,11,59,0,0,0,0,0,0
2123,0,0,0,0,0,0,544,88,1,0,0,0
2124,0,0,0,3,9,40,0,0,0,0,0,0
2125,0,0,0,7,5,346,0,0,0,0,2,0
2126,0,0,0,3,0,40,0,0,0,0,0,0
2127,4,851,7,0,0,0,7,0,0,0,0,0
2128,0,0,0,2,0,161,0,0,0,0,0,0
2129,0,0,0,0,0,0,73,0,1,0,0,0
2130,18,192,72,0,0,0,0,0,0,0,0,0
2131,5,38,32,0,0,0,0,0,0,1,0,0
2132,0,16,87,0,0,0,1,0,0,0,0,0
2133,0,74,27,0,0,0,0,0,0,0,0,0
2134,0,75,11,0,0,0,0,0,0,0,0,0
2135,0,0,0,0,0,2,0,0,0,68,431,1
2136,0,0,0,4,0,30,0,0,0,0,0,0
2137,0,0,5,0,0,0,0,0,0,800,1021,3
2138,1,76,12,0,0,0,0,0,0,0,0,0
2139,2,85,7,0,0,0,0,0,0,0,0,0
2140,0,71,1,0,0,0,0,0,0,0,0,0
2141,0,0,0,0,0,2,0,0,0,85,450,0
2142,0,0,0,0,0,1,0,0,0,43,645,2
2143,0,0,0,0,0,21,0,0,0,124,2720,2
2144,0,1,0,0,3,0,1091,1646,58,0,0,0
2145,0,0,0,0,1,50,0,0,0,0,0,0
2146,0,0,0,0,0,2,0,0,0,42,679,0
2147,0,0,0,0,0,1,0,0,0,163,1364,0
2148,0,0,0,3,8,81,0,0,0,0,0,0
2149,0,0,0,29,4,297,0,0,0,0,1,0
2150,0,0,0,0,0,0,402,64,1,0,0,0
2151,42,328,191,0,0,0,1,0,0,0,0,0
2152,0,0,0,5,227,92,0,1,0,0,0,0
2153,0,0,0,51,11,143,0,0,0,0,2,0
2154,0,0,0,0,0,0,0,34,5,0,0,0
2155,0,0,0,0,2,0,0,1496,18,0,0,0
2156,0,0,0,0,0,1,0,0,0,17,2393,3
2157,0,0,0,6,0,1,0,0,0,0,0,0
2158,0,0,0,61,3,251,0,0,0,0,0,0
2159,0,1,0,0,0,0,199,2,4,0,0,0
2160,11,46,32,0,0,0,0,0,0,0,0,0
2161,19,259,47,0,0,0,1,0,0,0,0,0
2162,0,0,0,0,0,0,46,1,3,0,0,0
2163,26,78,44,0,0,0,0,0,0,0,0,0
2164,0,0,0,0,0,0,265,1234,82,0,0,2
2165,0,690,368,0,0,0,0,0,0,1,0,0
2166,7,159,8,0,0,0,0,0,0,0,0,0
2167,0,0,0,0,1,0,76,588,1,0,0,0
2168,0,0,0,1,6,99,0,0,0,0,0,0
2169,0,0,0,1,49,57,0,0,0,0,0,0
2170,0,0,0,3,1,38,0,0,0,0,0,0
2171,0,45,0,0,0,0,0,0,0,0,0,0
2172,4,572,109,0,0,0,0,0,0,0,0,0
2173,0,0,0,0,2,0,229,484,3,0,0,0
2174,0,0,0,0,0,0,155,0,0,0,0,0
2175,5,23,26,0,0,0,0,0,0,0,0,0
2176,33,406,64,0,0,0,0,0,0,0,0,0
2177,0,0,0,0,0,0,111,100,1,0,0,0
2178,0,0,0,0,0,0,88,14,0,0,0,0
2179,0,0,0,1,2,70,0,0,0,0,1,0
2180,0,0,0,0,0,0,807,38,6,0,0,0
2181,0,0,0,9,1,10,0,0,0,0,0,0
2182,28,483,3,0,0,0,1,0,0,0,0,0
2183,0,0,0,0,0,0,45,2,2,0,0,0
2184,4,115,95,0,0,0,0,0,0,0,0,0
2185,0,1,0,0,11,0,146,1416,1,0,0,0
2186,0,0,0,0,1,17,0,0,0,0,0,0
2187,0,0,0,4,18,12,0,0,0,0,0,0
2188,0,0,0,1,2,70,0,0,0,0,0,0
2189,0,0,0,0,0,9,0,0,0,192,2914,3
2190,0,0,0,0,1,1,0,0,0,0,0,0
2191,0,0,0,65,0,56,0,0,0,0,0,0
2192,0,65,2,0,0,0,0,0,0,0,0,0
2193,0,0,0,0,0,0,82,167,6,0,0,0
2194,25,119,66,1,0,0,0,0,0,0,0,0
2195,0,1,0,0,0,0,95,72,4,0,0,0
2196,1,153,11,0,0,0,1,0,0,0,0,0
2197,0,0,0,0,0,10,0,0,0,16,1614,0
2198,0,0,0,0,0,0,0,0,0,0,0,0
2199,0,0,0,0,0,0,2,7,0,0,0,0
2200,0,0,0,0,1,63,0,0,0,0,1,0
2201,7,1,0,1576,61,74,0,0,0,0,0,0
2202,0,0,0,0,65,0,0,7492,0,0,0,0
2203,0,0,0,0,0,0,2,284,3,0,0,0
2204,0,0,0,0,0,0,141,0,0,0,0,0
2205,2,61,61,0,0,0,0,0,0,0,0,0
2206,8,42,46,0,0,0,0,0,0,0,0,0
2207,5,192,865,0,0,0,0,0,0,1,0,0
2208,0,0,0,1,0,13,0,0,0,0,0,0
2209,0,0,0,2,1,101,0,0,0,0,0,0
2210,0,0,0,0,1,0,103,753,21,0,0,0
2211,0,0,0,0,2,21,0,0,0,0,0,0
2212,0,0,0,11,1,136,0,0,0,0,9,0
2213,0,172,0,0,0,0,0,0,0,0,0,0
2214,3,15,1,0,0,0,0,0,0,0,0,0
2215,6,378,12,0,0,0,1,0,0,0,0,0
2216,0,0,0,4,30,270,0,0,0,0,0,0
2217,0,0,0,4,7,17,0,0,0,0,0,0
2218,0,0,0,4,6,170,0,0,0,0,8,0
2219,2,272,0,0,0,0,0,0,0,0,0,0
2220,0,0,0,0,7,280,0,0,0,0,0,0
2221,0,0,0,0,0,1,0,0,0,122,524,4
2222,0,0,0,3,61,83,0,0,0,0,0,0
2223,0,0,0,0,0,1,0,0,0,1,405,0
2224,81,74,13,0,0,0,0,0,0,0,0,0
2225,2,34,0,0,0,0,0,0,0,0,0,0
2226,0,0,0,0,0,1,0,0,0,21,489,4
2227,0,0,0,0,0,0,0,0,0,77,435,1
2228,0,0,0,13,10,153,0,0,0,0,2,0
2229,0,3,0,0,0,0,781,75,14,0,0,0
2230,0,0,0,0,10,129,0,0,0,0,0,0
2231,0,1,0,0,14,0,114,1437,4,0,0,0
2232,0,0,0,0,0,16,0,0,0,28,3381,59
2233,0,0,0,15,28,191,0,0,0,0,1,0
2234,0,0,0,38,2,4,0,0,0,0,0,0
2235,0,0,0,0,0,0,537,40,2,0,0,0
2236,0,0,0,0,3,48,0,0,0,0,0,0
2237,0,0,0,0,0,0,49,1,0,0,0,0
2238,47,83,12,0,0,0,0,0,0,0,0,0
2239,5,189,46,0,0,0,1,0,0,1,0,0
2240,7,325,338,0,0,0,0,0,0,4,0,0
2241,0,0,0,0,4,74,0,0,0,0,0,0
2242,3,0,0,267,36,87,0,0,0,0,0,0
2243,0,1,0,0,0,0,123,29,2,0,0,0
2244,0,0,0,4,32,93,0,0,0,0,0,0
2245,0,0,0,0,0,8,0,0,0,104,896,2
2246,0,11,0,0,0,0,7601,158,2,0,0,0
2247,0,0,0,0,0,0,45,26,0,0,0,0
2248,0,0,0,2,0,79,0,0,0,0,1,0
2249,0,0,0,0,0,0,234,0,6,0,0,0
2250,0,0,0,0,0,0,6,26,3,0,0,0
2251,0,249,50,0,0,0,11,0,0,0,0,0
2252,0,0,19,0,0,0,0,0,0,448,0,2
2253,1,125,0,0,0,0,0,0,0,0,0,0
2254,1,136,16,0,0,0,1,0,0,0,0,0
2255,12,140,53,0,0,0,3,0,0,0,0,0
2256,0,0,0,3,1,13,0,0,0,0,0,0
2257,0,0,0,10,3,100,0,0,0,0,0,0
2258,0,445,0,0,1,0,9528,59,6,0,0,0
2259,0,0,0,0,119,172,0,0,0,0,1,0
2260,0,0,0,0,0,1,0,0,0,32,264,1
2261,1,59,3,0,0,0,0,0,0,0,0,0
2262,0,0,0,0,0,0,0,0,0,111,374,0
2263,0,0,4,0,0,2,0,0,0,166,405,1
2264,0,0,0,78,61,44,0,3,0,0,0,0
2265,0,16,0,0,0,0,447,51,3,0,0,0
2266,0,0,0,0,74,106,0,0,0,0,0,0
2267,0,0,0,0,0,0,116,37,2,0,0,0
2268,0,0,2,0,0,4,0,0,0,141,985,1
2269,25,76,10,0,0,0,0,0,0,0,0,0
2270,0,944,20,0,0,0,8,0,0,0,0,0
2271,4,100,168,0,0,0,0,0,0,1,0,0
2272,0,4,0,0,9,3,1872,2509,987,0,0,17
2273,0,1,0,0,0,0,317,1,8,0,0,0
2274,2,31,31,0,0,0,0,0,0,0,0,0
2275,25,59,24,0,0,0,0,0,0,0,0,0
2276,38,5048,28,0,0,0,28,1,0,0,0,0
2277,0,0,0,14,14,2146,0,0,0,0,15,0
2278,0,0,0,2,1,49,0,0,0,0,0,0
2279,0,32,1,0,0,0,0,0,0,0,0,0
2280,6,107,8,0,0,0,0,0,0,0,0,0
2281,0,4,0,0,4,0,913,339,2,0,0,0
2282,0,3,0,0,0,0,964,1,2,0,0,0
2283,5,81,47,0,0,0,1,0,0,0,0,0
2284,0,0,0,0,3,0,160,390,4,0,0,0
2285,56,438,17,0,0,0,2,0,0,0,0,0
2286,0,5,0,0,1,0,152,169,2,0,0,0
2287,0,0,0,1,2,39,0,0,0,0,0,0
2288,0,0,0,0,0,0,97,45,3,0,0,0
2289,0,0,0,0,2,111,0,0,0,0,0,0
2290,0,0,0,2,41,363,0,0,0,0,2,0
2291,0,0,0,0,0,0,0,0,0,2,12,7
2292,9,88,313,0,0,0,0,0,0,2,0,0
2293,0,0,0,0,0,0,90,491,10,0,0,0
2294,0,101,12,0,0,0,0,0,0,0,0,0
2295,0,0,0,0,0,1,0,0,0,25,369,0
2296,3,922,10,0,0,0,2,0,0,0,0,0
2297,0,0,0,10,7,92,0,0,0,0,0,0
2298,0,0,0,1,0,3,0,0,0,0,0,0
2299,0,0,0,0,0,4,0,0,0,31,1490,0
2300,0,0,0,0,9,115,0,0,0,0,0,0
2301,0,0,0,7,2,30,0,0,0,0,0,0
2302,0,0,0,1,0,89,0,0,0,0,0,0
2303,0,161,1,0,0,0,0,0,0,0,0,0
2304,9,112,47,0,0,0,0,0,0,0,0,0
2305,0,0,0,0,5,0,168,3052,8,0,0,0
2306,0,0,0,0,0,12,0,0,0,17,4107,3
2307,0,0,0,1,4,3,0,0,0,0,0,0
2308,0,0,0,4,2,2713,0,0,0,0,0,0
2309,0,1,0,0,0,0,382,57,1,0,0,0
2310,0,0,0,0,1,23,0,0,0,0,0,0
2311,2,150,0,0,0,0,1,0,0,0,0,0
2312,0,2,16,0,0,0,0,0,0,0,0,0
2313,0,31,3,0,0,0,0,0,0,0,0,0
2314,0,0,0,2,0,197,0,0,0,0,1,0
2315,0,111,0,0,0,0,0,0,0,0,0,0
2316,2,30,4,0,0,0,0,0,0,0,0,0
2317,202,1389,54,0,0,0,0,0,0,0,0,0
2318,4,0,0,371,16,292,0,0,0,0,0,0
2319,0,0,0,5,42,347,0,0,0,0,7,0
2320,0,0,0,11,10,55,0,0,0,0,0,0
2321,0,0,0,1,1,98,0,0,0,0,0,0
2322,0,0,0,0,0,2,0,0,0,0,0,0
2323,2,9,0,0,0,0,741,27,3,0,0,0
2324,0,3,0,0,0,0,782,161,0,0,0,0
2325,0,0,0,0,0,2,0,0,0,56,522,1
2326,0,0,0,5,31,62,0,0,0,0,0,0
2327,0,0,0,7,9,71,0,0,0,0,0,0
2328,0,0,0,0,5,64,0,0,0,0,0,0
2329,0,0,0,0,0,0,182,163,82,0,0,1
2330,0,0,0,0,38,11,0,0,0,0,0,0
2331,0,0,0,0,1,0,54,25,1,0,0,0
2332,0,0,0,0,2,44,0,0,0,0,0,0
2333,0,1,0,0,0,0,374,37,0,0,0,0
2334,0,0,0,0,0,11,0,0,0,13,4391,7
2335,0,0,0,48,97,131,0,0,0,0,1,0
2336,0,56,0,0,0,0,10513,30,1,0,0,0
2337,11,75,12,0,0,0,1,0,0,0,0,0
2338,0,0,0,0,0,1,0,0,0,100,307,0
2339,0,0,0,20,77,13,0,0,0,0,0,0
2340,0,0,0,0,0,1,0,0,0,5,445,0
2341,0,0,0,10,4,62,0,0,0,0,0,0
2342,0,1458,28,0,0,0,3,0,0,0,0,0
2343,0,0,0,0,8,223,0,0,0,0,1,0
2344,0,0,0,0,0,0,0,0,0,2,242,2
2345,51,75,3,0,0,0,0,0,0,0,0,0
2346,0,0,0,1,18,2335,0,0,0,1,146,0
2347,0,0,0,4,1,65,0,0,0,0,0,0
2348,1,2002,4,0,0,0,1,0,0,0,0,0
2349,0,0,0,0,2,3,0,0,0,0,0,0
2350,3,0,0,159,1,27,0,0,0,0,0,0
2351,0,0,0,0,0,0,13,7,1,0,0,0
2352,0,0,0,0,0,0,2,0,7,0,0,0
2353,0,0,0,20,1,46,0,0,0,0,0,0
2354,0,0,0,0,0,0,378,3,0,0,0,0
2355,0,0,0,0,0,0,34,0,0,0,0,0
2356,69,174,105,0,0,0,0,0,0,1,0,0
2357,0,0,0,0,0,0,53,52,0,0,0,0
2358,0,0,0,0,0,3,0,0,0,1,844,0
2359,0,0,0,12,2,136,0,0,0,0,0,0
2360,0,133,0,0,0,0,0,0,0,0,0,0
2361,0,111,6,0,0,0,0,0,0,0,0,0
2362,1,40,18,0,0,0,0,0,0,0,0,0
2363,0,0,0,0,0,0,0,0,0,17,96,0
2364,0,0,0,2,0,1,0,0,0,0,0,0
2365,0,0,0,3,26,133,0,0,0,0,1,0
2366,1,4,0,0,0,0,0,0,0,0,0,0
2367,2,59,2,0,0,0,0,0,0,0,0,0
2368,16,114,42,0,0,0,0,0,0,0,0,0
2369,0,98,0,0,2,0,519,266,2,0,0,0
2370,0,0,0,0,0,4,0,0,0,2,128,1
2371,0,0,0,0,0,0,0,0,0,93,302,0
2372,0,0,0,8,12,89,0,0,0,0,0,0
2373,0,0,0,1,0,2,0,0,0,0,0,0
2374,0,0,0,0,0,0,58,0,1,0,0,0
2375,7,72,200,0,0,0,0,0,0,0,0,0
2376,2,87,132,0,0,0,0,0,0,0,0,0
2377,0,0,0,9,10,89,0,0,0,0,0,0
2378,0,0,0,0,6,54,0,0,0,0,0,0
2379,0,0,0,0,0,2,0,0,0,0,0,0
2380,3,177,4,0,0,0,0,0,0,0,0,0
2381,0,0,0,0,0,0,30,281,1,0,0,0
2382,0,0,0,0,0,0,42,9,0,0,0,0
2383,0,0,0,8,7,108,0,0,0,0,1,0
2384,0,0,0,0,0,0,31,1,11,0,0,0
2385,15,40,31,0,0,0,0,0,0,0,0,0
2386,17,56,55,0,0,0,0,0,0,0,0,0
2387,3,59,1,0,0,0,0,0,0,0,0,0
2388,0,0,0,0,0,67,0,0,0,4,4598,185
2389,5,300,18,0,0,0,1,0,0,0,0,0
2390,0,0,0,5,21,172,0,0,0,0,2,0
2391,0,0,0,2,0,6,0,0,0,0,0,0
2392,0,0,0,13,5,31,0,0,0,0,0,0
2393,0,0,0,0,0,0,207,10,6,0,0,0
2394,0,0,0,0,0,53,0,0,0,0,0,0
2395,0,0,0,1,0,149,0,0,0,72,26908,1
2396,1,2101,1,0,0,0,12,0,0,0,0,0
2397,0,0,0,0,0,0,0,0,0,1,78,1
2398,0,2,0,0,0,0,1648,129,6,0,0,0
2399,0,0,0,0,0,1,0,0,0,2,220,0
2400,11,1,2,0,0,0,0,0,0,0,0,0
2401,0,0,1,0,0,6,0,0,0,286,892,5
2402,0,0,0,65,21,3,1,0,0,0,0,0
2403,0,0,0,0,0,0,0,0,0,1,14,0
2404,382,153,34,302,0,0,0,0,0,3,0,0
2405,0,6,6,0,0,0,0,0,0,0,0,0
2406,12,752,37,0,0,0,4,0,0,0,0,0
2407,0,4,0,0,0,0,1346,227,9,0,0,0
2408,0,0,0,0,0,0,6,1,0,0,0,0
2409,0,0,0,0,0,0,2,3,3,0,0,0
2410,6,631,40,0,0,0,10,0,0,0,0,0
2411,0,0,0,2,12,79,0,0,0,0,0,0
2412,0,0,0,0,2,3,0,0,0,0,0,0
2413,0,2,0,0,0,0,496,43,6,0,0,0
2414,0,0,0,1,1,3,0,0,0,0,0,0
2415,2,0,0,0,0,0,0,0,0,0,0,0
2416,0,0,0,0,0,16,0,0,0,1,4199,0
2417,1,2,5,0,0,0,0,0,0,0,0,0
2418,0,0,0,0,0,0,94,18,1,0,0,0
2419,14,203,5,0,0,0,2,0,0,0,0,0
2420,0,7,3,0,0,0,0,0,0,0,0,0
2421,5,92,19,0,0,0,0,0,0,0,0,0
2422,0,0,0,0,0,0,34,17,5,0,0,0
2423,0,0,0,3,0,45,0,0,0,0,0,0
2424,0,0,0,0,0,0,93,82,6,0,0,0
2425,0,0,0,1,0,307,0,0,0,0,1,0
2426,0,2,0,0,0,0,383,45,3,0,0,0
2427,0,0,0,3,1,61,0,0,0,0,0,0
2428,0,0,0,14,0,76,0,0,0,0,0,0
2429,0,6,0,0,0,0,0,0,0,0,0,0
2430,2,73,81,0,0,0,0,0,0,0,0,0
2431,1,664,2,0,0,0,2,0,0,0,0,0
2432,0,0,0,3,114,861,0,0,0,0,14,0
2433,0,0,0,0,0,1,0,0,0,104,775,0
2434,0,0,3,0,0,3,0,0,0,68,1290,2
2435,0,126,21,0,0,0,0,0,0,0,0,0
2436,0,0,0,0,0,0,121,126,5,0,0,0
2437,31,137,152,0,0,0,1,0,0,2,0,0
2438,0,0,0,0,0,0,125,2,7,0,0,0
2439,15,109,69,0,0,0,0,0,0,0,0,0
2440,56,177,49,0,0,0,0,0,0,0,0,0
2441,0,0,0,0,0,0,210,43,6,0,0,0
2442,3,76,84,0,0,0,0,0,0,0,0,0
2443,2,88,139,0,0,0,10,0,0,0,0,0
2444,1,217,1,0,0,0,1,0,0,0,0,0
2445,0,0,0,0,0,18,0,0,0,39,4742,2
2446,0,0,0,116,10,163,0,0,0,0,0,0
2447,0,0,0,2,3,0,251,1558,8,0,0,0
2448,0,1,0,0,0,0,208,125,0,0,0,0
2449,0,0,0,0,0,0,0,0,0,178,936,15
2450,0,0,1,0,0,1,0,0,0,141,1151,1
2451,0,0,0,0,0,2,0,0,0,0,0,0
2452,105,53,2,0,0,0,0,0,0,0,0,0
2453,0,0,0,0,0,126,0,0,0,35,25651,6
2454,0,0,0,9,26,85,0,0,0,0,0,0
2455,0,0,1,0,0,6,0,0,0,117,4205,4
2456,56,60,55,0,0,0,0,0,0,1,0,0
2457,0,0,0,0,0,18,0,0,0,0,0,0
2458,0,0,0,0,2,0,65,1286,42,0,0,0
2459,0,0,0,0,0,1,0,0,0,29,755,1
2460,0,0,0,0,0,0,0,0,0,59,43,1
2461,0,0,0,18,20,92,0,0,0,0,1,0
2462,0,0,0,0,0,2,0,0,0,80,2236,0
2463,0,0,0,51,4,12,0,0,0,0,0,0
2464,3,33,2,0,0,0,2,0,0,0,0,0
2465,0,111,29,0,0,0,0,0,0,0,0,0
2466,8,103,26,0,0,0,0,0,0,0,0,0
2467,14,122,91,0,0,0,0,0,0,6,0,0
2468,0,0,0,0,0,0,204,136,7,0,0,0
2469,0,0,0,0,0,5,0,0,0,1,1365,1
2470,0,0,1,0,0,30,0,0,0,37,47184,2
2471,0,0,0,0,0,1,0,0,0,7,48,1
2472,0,0,0,0,0,0,0,0,0,8,45,0
2473,28,543,30,0,0,0,2,0,0,0,0,0
2474,0,40,64,0,0,0,0,0,0,0,0,0
2475,7,93,15,0,0,0,0,0,0,0,0,0
2476,10,61,13,0,0,0,0,0,0,0,0,0
2477,0,0,0,0,0,0,149,0,29,0,0,0
2478,4,12,18,0,0,0,0,0,0,0,0,0
2479,6,39,6,0,0,0,0,0,0,0,0,0
2480,5,1317,26,0,0,0,17,0,0,0,0,0
2481,0,0,0,2,1,13,0,0,0,0,0,0
2482,0,0,0,5,5,172,0,0,0,0,0,0
2483,2,281,1,0,0,0,0,0,0,0,0,0
2484,0,0,0,6,1,136,0,0,0,0,0,0
2485,0,0,0,0,0,27,0,0,0,220,6818,2
2486,0,0,0,0,0,7,0,0,0,0,0,0
2487,1,0,0,267,0,2,0,0,0,0,0,0
2488,0,0,0,0,0,16,0,0,0,0,1690,0
2489,0,0,0,0,1,670,0,0,0,0,5,0
2490,0,0,0,0,0,4,0,0,0,0,0,0
2491,6,70,2,0,0,0,0,0,0,0,0,0
2492,0,2,0,0,0,0,118,1,4,0,0,0
2493,79,22,80,0,0,0,0,0,0,0,0,0
2494,0,0,0,0,6,0,328,1896,5,0,0,0
2495,0,0,0,0,0,0,2,0,0,0,0,0
2496,0,0,0,0,0,0,3,4,0,0,0,0
2497,167,545,38,0,0,0,2,0,0,0,0,0
2498,0,0,0,0,0,0,82,0,1,0,0,0
2499,95,101,98,0,0,0,0,0,0,0,0,0
2500,17,101,33,0,0,0,0,0,0,0,0,0
2501,0,52,0,0,0,0,0,0,0,0,0,0
2502,0,0,0,0,0,1,0,0,0,2,127,0
2503,2,51,4,0,0,0,0,0,0,0,0,0
2504,0,0,0,0,0,5,0,0,0,37,692,0
2505,0,0,0,11,0,3,0,0,0,0,0,0
2506,0,0,0,19,31,89,0,0,0,0,0,0
2507,0,0,0,0,0,0,0,0,0,13,233,0
2508,0,0,0,0,0,7,0,0,0,114,2874,9
2509,0,0,0,0,0,61,0,0,2,23,8645,339
2510,282,248,1,22,0,0,1,0,0,0,0,0
2511,0,0,0,0,0,0,0,0,0,0,72,19
2512,585,270,19,4,0,0,3,0,0,0,0,0
2513,0,0,0,0,0,0,64,0,2,0,0,0
2514,6,43,78,0,0,0,0,0,0,0,0,0
2515,62,80,37,2,0,0,0,0,0,0,0,0
2516,0,0,0,0,17,0,660,3450,1,0,0,0
2517,0,0,0,2,0,3,0,0,0,0,0,0
2518,0,0,0,0,84,6,242,12662,6,0,0,0
2519,0,0,0,0,1,28,0,0,0,0,1,0
2520,0,0,0,0,0,4,0,0,0,0,0,0
2521,2,171,0,0,0,0,0,0,0,0,0,0
2522,1,163,3,0,0,0,0,0,0,0,0,0
2523,0,0,0,0,0,17,0,0,0,21,2696,1
2524,16,215,6,0,0,0,0,0,0,0,0,0
2525,0,1,0,0,0,0,430,3,2,0,0,0
2526,22,205,50,0,0,0,4,0,0,0,0,0
2527,0,7,0,0,2,0,795,1435,3,0,0,0
2528,0,0,0,0,0,0,206,0,2,0,0,0
2529,12,21,18,0,0,0,0,0,0,0,0,0
2530,35,582,32,0,0,0,1,0,0,0,0,0
2531,0,0,0,0,0,0,128,142,2,0,0,0
2532,0,0,0,0,3,21,0,0,0,0,1,0
2533,0,0,0,42,34,776,0,0,0,0,0,0
2534,0,0,0,0,2,0,251,473,9,0,0,0
2535,0,0,0,1,21,160,0,0,0,0,1,0
2536,0,0,0,0,0,21,0,0,0,33,4298,2
2537,0,0,0,10,154,236,0,1,0,0,0,0
2538,0,0,0,0,1,19,0,0,0,0,0,0
2539,0,0,0,0,0,0,282,30,30,0,0,0
2540,0,13,9,0,0,0,0,0,0,0,0,0
2541,3,72,3,0,0,0,0,0,0,0,0,0
2542,0,36,0,0,0,0,0,0,0,0,0,0
2543,5,76,7,0,0,0,0,0,0,0,0,0
2544,0,0,457,0,0,2,0,0,0,1061,1536,0
2545,0,0,0,33,58,164,0,0,0,0,0,0
2546,0,0,0,0,0,0,13,6,2,0,0,0
2547,0,0,0,0,2,0,16,19,1,0,0,0
2548,0,0,0,6,2,393,0,0,0,0,3,0
2549,0,0,0,0,0,0,72,32,5,0,0,0
2550,80,578,48,0,0,0,2,0,0,0,0,0
2551,0,0,0,3,12,229,0,0,0,0,0,0
2552,0,0,0,3,1,67,0,0,0,0,0,0
2553,0,0,0,0,0,3,0,0,0,0,0,0
2554,0,190,0,0,0,0,1,0,0,0,0,0
2555,0,0,0,0,0,0,0,0,0,4,2,9
2556,34,52,1,0,0,0,0,0,0,0,0,0
2557,0,54,6,0,0,0,0,0,0,0,0,0
2558,0,0,0,0,0,5,0,0,0,6,1406,2
2559,0,0,0,0,0,0,0,0,0,1,97,0
2560,32,4310,15,0,0,0,29,0,0,0,0,0
2561,0,0,0,2,22,174,0,0,0,0,0,0
2562,0,0,0,1,0,36,0,0,0,0,0,0
2563,5,297,1,0,0,0,0,0,0,0,0,0
2564,0,176,0,0,0,0,16207,0,16,0,0,0
2565,13,88,22,0,0,0,0,0,0,0,0,0
2566,1,66,4,0,0,0,0,0,0,0,0,0
2567,0,0,0,0,0,0,0,0,0,12,3,1
2568,32,85,1,0,0,0,0,0,0,0,0,0
2569,0,22,4,0,0,0,0,0,0,0,0,0
2570,0,0,0,0,0,11,0,0,0,24,2259,1
2571,0,0,1,0,0,0,0,0,0,164,84,2
2572,0,0,0,35,26,142,0,0,0,0,3,0
2573,2,50,3,0,0,0,1,0,0,0,0,0
2574,0,0,0,0,0,7,0,0,0,3,999,1
2575,0,0,0,28,6,21,0,0,0,0,0,0
2576,172,25,1,1,0,0,0,0,0,0,0,0
2577,0,0,0,0,0,0,143,105,3,0,0,0
2578,0,0,0,1,77,106,0,2,0,0,1,0
2579,0,0,0,0,0,0,46,1,21,0,0,0
2580,8,66,40,0,0,0,1,0,0,0,0,0
2581,2,97,114,0,0,0,0,0,0,0,0,0
2582,0,0,0,0,0,0,107,28,1,0,0,0
2583,0,0,0,0,0,0,0,0,0,5,224,0
2584,15,0,0,756,6,61,0,0,0,0,0,0
2585,0,1,0,0,7,0,377,401,0,0,0,0
2586,0,0,0,2,1,12,0,0,0,0,0,0
2587,0,0,0,36,2,228,0,0,0,0,0,0
2588,0,2,0,0,0,0,353,1,2,0,0,0
2589,36,220,84,0,0,0,0,0,0,3,0,0
2590,27,149,75,0,0,0,0,0,0,0,0,0
2591,0,0,0,0,0,0,436,169,22,0,0,0
2592,0,0,0,0,0,0,0,0,0,66,227,0
2593,1,0,0,96,24,261,0,0,0,0,1,0
2594,0,0,0,0,0,0,0,0,0,13,624,11
2595,0,0,0,0,0,0,0,0,0,19,315,0
2596,9,1388,56,0,0,0,32,0,0,0,0,0
2597,0,0,0,1,70,20304,0,0,0,1,407,0
2598,0,0,0,0,2,2,0,0,0,0,0,0
2599,0,0,0,0,0,0,124,174,17,0,0,0
2600,0,0,0,0,0,0,264,197,0,0,0,0
2601,0,0,0,0,2,74,0,0,0,0,0,0
2602,0,0,0,26,7,76,0,0,0,0,0,0
2603,0,0,0,0,0,0,2,2,0,0,0,0
2604,0,0,0,0,0,0,0,0,0,0,0,0
2605,0,0,0,1,0,168,0,0,0,0,1,0
2606,1,66,5,0,0,0,1,0,0,0,0,0
2607,0,0,1,0,0,2,0,0,0,108,979,5
2608,1,44,10,0,0,0,0,0,0,0,0,0
2609,0,0,0,0,0,0,0,0,0,8,16,1
2610,0,0,0,0,0,2,0,0,0,1,406,0
2611,23,92,11,0,0,0,0,0,0,0,0,0
2612,0,0,0,0,0,0,33,54,0,0,0,0
2613,0,0,0,0,0,15,0,0,0,0,0,0
2614,0,0,0,1,203,38,0,3,0,0,0,0
2615,0,0,0,1,0,2,0,0,0,0,0,0
2616,0,0,0,0,0,0,5,2,0,0,0,0
2617,0,0,0,0,0,34,0,0,0,0,0,0
2618,0,747,0,0,0,0,2,0,0,0,0,0
2619,0,0,0,0,0,20,0,0,0,0,0,0
2620,0,0,0,21,0,56,0,0,0,0,0,0
2621,2,45,0,0,0,0,1,0,0,0,0,0
2622,1,38,0,0,0,0,0,0,0,0,0,0
2623,0,0,0,0,0,4,0,0,0,48,2216,1
2624,0,18,0,0,0,0,90,10,0,0,0,0
2625,0,0,0,0,0,0,48,1,0,0,0,0
2626,0,0,0,0,0,0,246,893,0,0,0,0
2627,0,0,0,0,0,1,0,0,0,5,580,0
2628,0,0,0,0,0,0,0,0,0,0,0,0
2629,0,0,0,14,0,99,0,0,0,0,3,0
2630,4,30,6,0,0,0,0,0,0,0,0,0
2631,0,0,0,1,1,2,0,0,0,0,0,0
2632,0,0,0,0,0,0,67,542,10,0,0,0
2633,0,0,0,0,25,139,0,0,0,0,0,0
2634,0,0,0,0,0,3,0,0,0,0,0,0
2635,0,0,0,0,0,0,116,25,3,0,0,0
2636,0,0,0,0,0,0,0,0,0,25,11,1
2637,0,0,0,0,1,3,0,0,0,0,0,0
2638,0,0,0,0,0,12,0,0,0,58,788,2
2639,0,0,0,0,0,0,427,0,8,0,0,0
2640,9,44,24,0,0,0,0,0,0,0,0,0
2641,8,117,12,0,0,0,0,0,0,0,0,0
2642,3,356,26,0,0,0,0,0,0,0,0,0
2643,0,0,0,0,1,5,0,0,0,0,0,0
2644,0,0,0,0,0,5,0,0,0,220,2367,1
2645,1,76,36,0,0,0,1,0,0,0,0,0
2646,3,50,4,0,0,0,0,0,0,0,0,0
2647,8,1212,23,0,0,0,0,0,0,0,0,0
2648,0,5,0,0,1,0,449,66,5,0,0,0
2649,0,93,4,0,0,0,0,0,0,0,0,0
2650,0,0,0,0,0,4,0,0,0,10,902,2
2651,20,90,0,0,0,0,0,0,0,0,0,0
2652,0,0,0,0,0,0,0,0,0,5,360,0
2653,155,261,79,0,0,0,0,0,0,0,0,0
2654,0,0,0,0,0,0,54,1,1,0,0,0
2655,11,88,43,0,0,0,0,0,0,0,0,0
2656,5,224,12,0,0,0,0,0,0,0,0,0
2657,0,17,31,0,0,0,0,0,0,0,0,0
2658,39,107,27,0,0,0,0,0,0,0,0,0
2659,0,28,0,0,25,0,2478,1803,64,0,0,0
2660,0,0,0,0,0,4,0,0,0,0,0,0
2661,2,11,0,0,0,0,0,0,0,0,0,0
2662,0,0,0,0,0,3,0,0,0,0,706,0
2663,0,0,0,3,6,8,0,0,0,0,0,0
2664,0,0,0,0,0,0,131,21,3,0,0,0
2665,0,0,0,1,1,107,0,0,0,0,0,0
2666,0,0,0,0,0,0,3,9,2,0,0,0
2667,0,0,0,0,0,63,0,0,0,0,494,1
2668,0,0,0,0,0,6,0,0,0,52,1010,4
2669,0,0,0,0,0,0,0,0,0,22,318,2
2670,0,0,0,0,0,5,0,0,0,0,0,0
2671,0,0,0,95,13,82,0,0,0,0,0,0
2672,0,0,0,0,2,0,33,224,1,0,0,0
2673,0,0,0,0,0,2,0,0,0,0,25,7
2674,1,44,1,0,0,0,0,0,0,0,0,0
2675,0,0,0,0,0,7,0,0,0,24,2744,4
2676,0,0,0,0,0,0,0,0,0,29,934,1
2677,0,0,0,3,0,23,0,0,0,0,0,0
2678,1,20,0,0,0,0,0,0,0,0,0,0
2679,2,93,143,0,0,0,0,0,0,0,0,0
2680,0,0,0,4,1,202,0,0,0,0,0,0
2681,1,42,25,0,0,0,0,0,0,0,0,0
2682,0,0,0,22,3,32,0,0,0,0,0,0
2683,0,1,0,0,0,0,58,50,0,0,0,0
2684,3,14,22,0,0,0,0,0,0,0,0,0
2685,0,0,0,9,10,51,0,0,0,0,0,0
2686,0,0,0,0,0,0,3,4,0,0,0,0
2687,0,0,0,0,0,0,114,5,0,0,0,0
2688,1,0,0,73,1,122,0,0,0,0,0,0
2689,40,102,9,0,0,0,1,0,0,0,0,0
2690,3,1,0,0,0,0,0,0,0,0,0,0
2691,0,0,0,0,0,0,0,0,0,0,33,0
2692,5440,51,2,5286,0,0,0,0,0,0,0,0
2693,29,4,44,1,0,0,0,0,0,0,0,0
2694,0,19,5,0,0,0,0,0,0,0,0,0
2695,0,0,0,0,0,9,0,0,0,1,3734,0
2696,7,0,0,0,0,0,0,0,0,0,0,0
2697,7,25,80,0,0,0,0,0,0,0,0,0
2698,0,0,0,66,0,2924,0,0,0,0,86,0
2699,0,61,0,0,0,0,0,0,0,0,0,0
2700,0,0,0,0,0,2,0,0,0,1,500,0
2701,0,0,1,0,0,8,0,0,0,652,728,2
2702,0,0,0,1,3,6,0,0,0,0,0,0
2703,0,0,0,1,0,0,0,0,0,0,0,0
2704,0,0,0,0,0,7,0,0,0,4,1719,0
2705,4,39,1,0,0,0,0,0,0,0,0,0
2706,0,0,0,0,0,31,0,0,0,26,10643,1
2707,9,111,33,0,0,0,0,0,0,1,0,0
2708,0,0,0,0,0,15,0,0,0,85,513,2
2709,0,0,0,0,0,4,0,0,0,0,0,0
2710,0,0,0,0,0,13,0,0,3,90,3120,92
2711,0,36,62,0,0,0,0,0,0,0,0,0
2712,3,154,18,0,0,0,2,0,0,0,0,0
2713,74,119,154,0,0,0,0,0,0,4,0,0
2714,0,0,0,0,0,0,2,8,1,0,0,0
2715,0,0,0,0,0,0,0,0,3,0,0,0
2716,0,0,0,0,0,2,0,0,0,74,902,3
2717,0,0,0,0,0,0,5,0,0,0,0,0
2718,0,0,0,0,0,0,1,6,0,0,0,0
2719,0,0,0,3,2,57,0,0,0,0,0,0
2720,0,0,0,0,0,0,345,51,1,0,0,0
2721,0,0,0,0,0,0,0,0,0,9,386,0
2722,2,271,0,0,0,0,17,0,0,0,0,0
2723,0,0,0,0,0,0,0,0,0,9,131,0
2724,0,0,0,0,0,2,0,0,0,38,636,0
2725,50,175,1,0,0,0,2,0,0,0,0,0
2726,1,209,14,0,0,0,2,0,0,0,0,0
2727,0,0,0,0,0,1,0,0,0,8,737,0
2728,17,78,0,0,0,0,0,0,0,0,0,0
2729,0,28,12,0,0,0,0,0,0,0,0,0
2730,10,256,32,0,0,0,1,0,0,0,0,0
2731,0,1,0,0,16,0,478,342,17,0,0,0
2732,0,0,0,0,0,0,132,14,9,0,0,0
2733,0,0,0,1,0,2,0,0,0,0,0,0
2734,0,0,0,16,1,669,0,0,0,0,4,0
2735,2,57,0,0,0,0,0,0,0,0,0,0
2736,0,0,0,0,0,3,0,0,0,24,316,4
2737,0,0,0,3,9,90,0,0,0,0,0,0
2738,0,0,0,0,0,1,0,0,0,0,0,0
2739,0,0,0,0,0,1,0,0,0,0,0,0
2740,0,0,0,0,0,45,0,0,0,0,2,0
2741,0,0,0,0,0,0,43,49,2,0,0,0
2742,0,0,0,0,0,0,12,49,1,0,0,0
2743,0,0,0,1,2,96,0,0,0,0,1,0
2744,0,0,0,0,0,0,27,39,0,0,0,0
2745,23,434,60,0,0,0,9,0,0,0,0,0
2746,0,0,0,7,37,6119,0,0,0,0,68,0
2747,0,13,0,0,1,0,319,529,0,0,0,0
2748,9,99,18,0,0,0,2,0,0,0,0,0
2749,0,0,0,0,0,533,0,0,0,14,21100,0
2750,2,12,0,0,0,0,0,0,0,0,0,0
2751,0,0,1,0,0,1,0,0,0,38,138,1
2752,0,0,0,67,13,297,0,0,0,0,1,0
2753,0,0,0,0,0,0,53,19,1,0,0,0
2754,0,0,0,0,1,7,0,0,0,0,0,0
2755,0,0,0,0,0,0,33,1393,24,0,0,0
2756,3,383,21,0,0,0,3,0,0,0,0,0
2757,0,0,0,1,0,15,0,0,0,0,0,0
2758,4,32,0,0,0,0,0,0,0,0,0,0
2759,0,0,0,0,0,0,45,1,4,0,0,0
2760,6,17,18,0,0,0,0,0,0,1,0,0
2761,4,114,22,0,0,0,3,0,0,0,0,0
2762,0,0,0,0,0,0,11,24,2,0,0,0
2763,0,0,0,0,1,0,0,0,0,0,0,0
2764,0,0,0,0,4,0,59,1093,22,0,0,0
2765,0,0,0,0,0,0,0,0,0,7,1,1
2766,11,31,4,0,0,0,1,0,0,0,0,0
2767,2,98,12,0,0,0,0,0,0,0,0,0
2768,0,0,0,0,1,0,37,76,0,0,0,0
2769,0,0,0,0,0,0,4,35,1,0,0,0
2770,0,0,0,0,6,167,0,0,0,0,1,0
2771,0,0,0,5,0,66,0,0,0,0,0,0
2772,1,47,0,0,0,0,0,0,0,0,0,0
2773,0,0,0,0,0,18,0,0,0,1,1225,0
2774,0,9,3,0,0,0,0,0,0,0,0,0
2775,11,274,41,0,0,0,0,0,0,0,0,0
2776,0,0,0,0,0,0,30,116,0,0,0,0
2777,20,29,7,0,0,0,0,0,0,0,0,0
2778,0,1,0,0,0,0,88,64,2,0,0,0
2779,0,0,0,2,5,121,0,0,0,0,0,0
2780,0,6,0,0,0,0,326,27,6,0,0,0
2781,0,0,0,1,1,52,0,0,0,0,0,0
2782,0,0,0,0,22,0,95,3983,377,0,0,4
2783,3,56,20,0,0,0,1,0,0,0,1,0
2784,11,219,30,0,0,0,0,0,0,0,0,0
2785,0,0,0,4,2,533,0,0,0,0,1,0
2786,0,2324,22,0,0,0,4,0,0,0,0,0
2787,0,0,0,0,0,35,0,0,0,0,0,0
2788,0,0,0,0,0,2,0,0,0,41,548,0
2789,0,47,0,0,0,0,0,0,0,0,0,0
2790,0,0,0,0,0,127,0,0,0,136,698,1
2791,0,0,0,3,210,213,0,3,0,0,0,0
2792,0,0,0,0,0,5,0,0,0,0,0,0
2793,0,0,0,10,1,0,0,0,0,0,0,0
2794,0,0,0,0,0,26,0,0,0,0,0,0
2795,0,1,0,0,0,0,58,2,0,0,0,0
2796,4,67,40,0,0,0,0,0,0,0,0,0
2797,1,13,41,0,0,0,0,0,0,1,0,0
2798,0,0,1,0,0,0,0,0,0,59,109,3
2799,0,0,0,0,0,1,0,0,0,0,0,0
2800,0,0,0,303,2,125,0,0,0,0,0,0
2801,0,0,0,0,0,0,95,93,1,0,0,0
2802,0,6,9,0,0,0,0,0,0,0,0,0
2803,0,0,0,38,11,419,0,0,0,0,0,0
2804,0,0,0,0,0,0,91,1,65,0,0,0
2805,8,34,24,0,0,0,0,0,0,0,0,0
2806,4,285,161,0,0,0,1,0,0,8,0,0
2807,1,23,28,0,0,0,0,0,0,0,0,0
2808,0,0,0,0,0,0,140,86,3,0,0,0
2809,0,0,0,0,0,0,249,319,20,0,0,0
2810,2,476,52,0,0,0,1,0,0,0,0,0
2811,0,0,0,1,0,15,0,0,0,0,0,0
2812,0,0,0,10,4,12,0,0,0,0,0,0
2813,0,1,0,0,0,0,204,1,1,0,0,0
2814,0,1,1,0,0,0,0,0,0,0,0,0
2815,0,0,0,0,0,590,0,0,0,0,3,0
2816,0,112,4,0,0,0,1,0,0,0,0,0
2817,5,172,27,0,0,0,5,0,0,0,0,0
2818,5,38,93,0,0,0,0,0,0,0,0,0
2819,0,0,0,0,0,0,32,56,0,0,0,0
2820,0,0,0,0,0,46,0,0,0,0,1,0
2821,2,40,1,0,0,0,0,0,0,0,0,0
2822,0,0,6,0,0,3,0,0,0,566,247,0
2823,0,0,0,1,0,0,0,0,0,0,0,0
2824,0,0,0,0,0,55,0,0,0,0,0,0
2825,7,51,2,0,0,0,0,0,0,0,0,0
2826,6,64,31,1,0,0,0,0,0,0,0,0
2827,0,0,0,13,21,2184,0,0,0,0,25,0
2828,0,1,0,0,0,0,37,2,5,0,0,0
2829,14,60,39,0,0,0,0,0,0,0,0,0
2830,0,0,0,0,3,0,61,289,12,0,0,0
2831,0,13,10,0,0,0,0,0,0,0,0,0
2832,13,227497,4,0,0,0,915,4,0,0,0,0
2833,0,7,0,0,0,0,391,66,0,0,0,0
2834,0,0,0,1,0,2,0,0,0,0,0,0
2835,0,0,0,0,0,0,0,5,2,0,0,0
2836,0,0,0,0,0,9,0,0,0,0,997,0
2837,0,0,0,1,46,26,0,1,0,0,0,0
2838,0,0,1,0,0,7,0,0,0,575,1260,0
2839,0,0,0,13,12,76,0,0,0,0,1,0
2840,0,7,0,0,1,0,323,52,2,0,0,0
2841,0,0,0,0,0,71,0,0,0,13,3735,6
2842,0,0,0,0,0,34,0,0,0,83,2828,8
2843,0,0,0,1,0,10,0,0,0,0,0,0
2844,2,8,0,0,0,0,0,0,0,0,0,0
2845,0,0,0,0,1,1146,0,0,0,0,36,0
2846,0,27,0,0,0,0,0,0,0,0,0,0
2847,0,0,0,0,0,29,0,0,0,3,1663,0
2848,1,164,14,0,0,0,0,0,0,0,0,0
2849,0,0,0,0,0,0,110,42,3,0,0,0
2850,0,0,0,0,1,14,0,0,0,0,0,0
2851,0,0,0,35,8,318,0,0,0,0,2,0
2852,0,0,0,0,0,0,12,0,0,0,0,0
2853,0,31,10,0,0,0,0,0,0,0,0,0
2854,0,333,0,0,0,0,1,0,0,0,0,0
2855,0,0,0,0,0,0,0,0,0,76,317,3
2856,0,0,0,7,19,14,0,0,0,0,0,0
2857,0,0,0,0,0,2,0,0,0,60,827,1
2858,0,0,0,0,0,0,122,134,0,0,0,0
2859,0,0,0,0,0,0,57,37,2,0,0,0
2860,0,0,0,0,0,58,0,0,0,0,0,0
2861,1,271,1,0,0,0,0,0,0,0,0,0
2862,0,0,0,0,0,7,0,0,0,8,1944,0
2863,70,189,9,0,0,0,0,0,0,0,0,0
2864,0,0,0,0,0,0,38,4,4,0,0,0
2865,8,50,36,0,0,0,0,0,0,0,0,0
2866,9,105,68,0,0,0,1,0,0,0,0,0
2867,0,0,0,0,7,0,89,1189,1,0,0,0
2868,0,0,0,1,2,47,0,0,0,0,0,0
2869,23,411,2,0,0,0,6,0,0,0,0,0
2870,15,46,69,0,0,0,0,0,0,1,0,0
2871,4,263,38,0,0,0,0,0,0,0,0,0
2872,6,0,0,813,5,217,0,0,0,0,0,0
2873,0,0,0,0,0,0,38,1,1,0,0,0
2874,20,40,66,0,0,0,0,0,0,0,0,0
2875,0,1,0,0,1,0,510,246,17,0,0,0
2876,0,0,0,0,19,40,0,0,0,0,0,0
2877,0,0,0,1,6,0,0,0,0,0,0,0
2878,0,0,0,0,0,6,0,0,0,55,1975,2
2879,0,1,0,0,0,0,422,63,1,0,0,0
2880,0,0,0,0,0,0,0,0,0,4,582,2
2881,0,0,1,0,0,1,0,0,0,258,591,2
2882,0,0,0,0,7,190,0,0,0,0,0,0
2883,0,7,0,0,0,0,1072,32,0,0,0,0
2884,0,0,0,0,1,218,0,0,0,0,4,0
2885,0,3,0,0,2,0,147,380,8,0,0,0
2886,0,0,0,1,0,56,0,0,0,0,0,0
2887,0,0,0,9,3,47,0,0,0,0,0,0
2888,0,0,0,0,1,0,26,36,1,0,0,0
2889,0,0,0,1,1,11,0,0,0,0,0,0
2890,0,1,0,0,0,0,341,359,24,0,0,0
2891,0,7,0,0,2,0,1024,211,0,0,0,0
2892,0,0,0,0,0,2,0,0,0,3,188,1
2893,145,168,20,2,0,0,1,0,0,0,0,0
2894,0,1,0,0,0,0,104,55,0,0,0,0
2895,15,329,59,0,0,0,1,0,0,0,0,0
2896,0,0,0,24,5,146,0,0,0,0,0,0
2897,0,0,0,0,0,0,65,60,1,0,0,0
2898,0,0,0,0,0,1,0,0,0,17,464,2
2899,2,0,0,49,23,353,0,1,0,0,4,0
2900,0,19,0,0,0,0,884,7,0,0,0,0
2901,0,0,0,0,8,39,0,0,0,0,0,0
2902,0,0,0,0,0,12,0,0,0,7,12830,0
2903,31,2143,125,0,0,0,28,0,0,0,0,0
2904,0,0,0,25,1,221,0,0,0,0,0,0
2905,7,44,2,0,0,0,0,0,0,0,0,0
2906,0,281,1,0,0,0,1,0,0,0,0,0
2907,0,117,0,0,0,0,0,0,0,0,0,0
2908,2,2686,13,0,0,0,14,0,0,0,0,0
2909,1,31,1,0,0,0,0,0,0,0,0,0
2910,0,0,0,0,0,9,0,0,0,53,3037,6
2911,0,0,0,13,16063,78,19,244,0,0,0,0
2912,0,0,0,2,6,89,0,0,0,0,0,0
2913,0,0,0,0,2,4,0,0,0,0,0,0
2914,0,1,0,0,0,0,243,33,5,0,0,0
2915,0,0,0,0,0,0,0,0,0,14,5,5
2916,21,58,0,0,0,0,0,0,0,0,0,0
2917,3,123,36,0,0,0,0,0,0,0,0,0
2918,0,0,0,0,0,0,0,0,0,32,751,9
2919,0,0,0,0,0,2,0,0,0,9,1480,0
2920,48,194,70,0,0,0,1,0,0,1,0,0
2921,0,1,0,0,1,0,162,100,0,0,0,0
2922,0,0,0,0,3,69,0,0,0,0,0,0
2923,4,481,10,0,0,0,0,0,0,0,0,0
2924,0,0,0,8,192,60,0,0,0,0,0,0
2925,0,0,0,0,0,0,0,0,0,49,579,14
2926,0,0,0,39,7,89,0,0,0,0,0,0
2927,0,0,0,0,0,0,37,2,2,0,0,0
2928,12,54,29,0,0,0,0,0,0,0,0,0
2929,4,389,45,0,0,0,0,0,0,1,0,0
2930,0,0,0,5,5,108,0,0,0,0,0,0
2931,0,0,0,1,0,43,0,0,0,0,0,0
2932,4,66,1,0,0,0,0,0,0,0,0,0
2933,0,0,0,0,0,3,0,0,0,72,1031,0
2934,0,0,0,1,0,2,0,0,0,0,0,0
2935,0,0,0,15,4,433,0,0,0,0,0,0
2936,0,140,2,0,0,0,2,0,0,0,0,0
2937,0,0,0,0,1,7,0,0,0,26,2098,3
2938,4,53,2,0,0,0,0,0,0,0,0,0
2939,0,0,0,0,1,17,0,0,0,85,2559,10
2940,0,0,0,0,0,1,0,0,0,33,423,2
2941,3,167,10,0,0,0,0,0,0,0,0,0
2942,0,0,0,0,0,19,0,0,0,564,2229,3
2943,0,0,0,170,11,32,0,0,0,0,0,0
2944,0,16,0,0,0,0,5504,121,1,0,0,0
2945,0,3,0,0,1,0,447,646,1,0,0,0
2946,0,11,0,0,0,0,1351,38,2,0,0,0
2947,0,0,0,0,0,1,0,0,0,3,527,1
2948,55,386,10,0,0,0,0,1,0,0,0,0
2949,0,0,0,0,2,6,0,0,0,0,0,0
2950,0,0,0,46,5,169,0,0,0,0,1,0
2951,0,0,0,0,0,0,7,7,0,0,0,0
2952,6,37,12,0,0,0,0,0,0,0,0,0
2953,0,0,0,0,20,178,0,0,0,0,0,0
2954,0,0,0,4,34,107,0,0,0,0,2,0
2955,0,0,0,0,0,1,0,0,0,0,0,0
2956,4,59,0,0,0,0,0,0,0,0,0,0
2957,0,0,0,0,0,0,41,27,0,0,0,0
2958,3,53,20,0,0,0,0,0,0,0,0,0
2959,0,0,0,17,115,231,0,0,0,0,1,0
2960,0,0,0,0,0,0,8,2,1,0,0,0
2961,4,28,5,0,0,0,0,0,0,0,0,0
2962,0,0,0,0,1,0,98,237,0,0,0,0
2963,0,0,0,0,0,2,0,0,0,0,0,0
2964,0,0,0,0,5,0,0,280,1,0,0,0
2965,0,0,0,0,0,0,0,15,9,0,0,0
2966,14,62,19,0,0,0,0,0,0,0,0,0
2967,0,0,0,0,1,0,62,599,3,0,0,0
2968,0,0,0,0,0,146,0,0,0,0,0,0
2969,0,1004,1,0,0,0,3,0,0,0,0,0
2970,0,0,0,8,4,57,0,0,0,0,0,0
2971,0,0,0,0,1,0,85,128,1,0,0,0
2972,0,0,0,0,0,0,379,88,4,0,0,0
2973,0,0,0,0,0,183,0,0,0,8,6395,5
2974,0,0,0,6,0,6701,0,0,0,0,51,0
2975,1,83,0,0,0,0,0,0,0,0,0,0
2976,0,0,0,0,0,0,0,0,0,6,441,1
2977,7,139,6,0,0,0,0,0,0,0,0,0
2978,0,0,0,1,0,151,0,0,0,0,0,0
2979,0,88,0,0,0,0,1,0,0,0,0,0
2980,0,0,0,0,0,1,0,0,0,0,344,0
2981,0,0,0,9,0,328,0,0,0,0,0,0
2982,0,26,0,0,0,0,0,0,0,0,0,0
2983,0,0,0,0,0,2,0,0,0,0,521,0
2984,0,0,0,5,3,41,0,0,0,0,0,0
2985,0,0,0,0,0,2,0,0,0,0,0,0
2986,0,398,48,0,0,0,2,0,0,0,0,0
2987,0,0,0,4,78,70,0,0,0,0,0,0
2988,0,0,0,10,10,15,0,0,0,0,0,0
2989,0,0,0,6,1,187,0,0,0,0,5,0
2990,0,0,0,0,0,0,81,2,1,0,0,0
2991,0,123,29,0,0,0,0,0,0,0,0,0
2992,0,0,0,82,14,462,0,0,0,0,0,0
2993,0,1,0,0,0,0,133,1,0,0,0,0
2994,10,103,25,0,0,0,0,0,0,0,0,0
2995,0,0,0,0,1,0,74,354,2,0,0,0
2996,0,0,0,0,227,26,0,0,0,0,0,0
2997,0,0,0,1,0,2,0,0,0,88,1044,1
2998,0,0,0,19,25,197,0,0,0,0,4,0
2999,0,0,0,0,0,0,153,50,0,0,0,0
3000,0,1,0,0,0,0,80,22,1,0,0,0
3001,0,0,0,5,4,150,0,0,0,0,0,0
3002,0,0,0,0,0,0,71,1,2,0,0,0
3003,32,668,35,0,0,0,0,0,0,0,0,0
3004,0,3,0,0,198,0,992,7584,22,0,0,0
3005,0,0,0,0,3,20,0,0,0,0,0,0
3006,0,0,0,2,13,29,0,0,0,0,0,0
3007,0,0,0,9,0,38,0,0,0,0,0,0
3008,1,56,2,0,0,0,0,0,0,0,0,0
3009,3,44,2,0,0,0,0,0,0,0,0,0
3010,2,344,5,0,0,0,0,0,0,0,0,0
3011,0,0,0,6,19,541,0,0,0,0,2,0
3012,0,0,0,0,3,8,0,0,0,0,0,0
3013,0,0,0,0,0,0,338,33,12,0,0,0
3014,0,4,0,0,0,0,374,89,4,0,0,0
3015,0,0,0,0,0,1,0,0,0,36,331,0
3016,0,0,0,91,34,279,0,0,0,0,0,0
3017,0,0,0,3,31,232,0,1,0,0,2,0
3018,0,0,0,0,0,0,0,0,0,0,89,0
3019,2,286,10,0,0,0,0,0,0,0,0,0
3020,0,0,1,0,0,0,0,0,0,44,287,1
3021,198,160,1,0,0,0,1,0,0,0,0,0
3022,0,0,0,1,0,174,0,0,0,0,0,0
3023,9,31,0,0,0,0,0,0,0,0,0,0
3024,0,0,0,0,0,2,0,0,0,0,0,0
3025,0,2,0,0,2,0,271,581,11,0,0,0
3026,0,0,0,2,0,80,0,0,0,0,0,0
3027,8,358,1,0,0,0,0,0,0,0,0,0
3028,0,0,0,0,0,253,0,0,0,0,0,0
3029,0,0,0,2,1,2,0,0,0,0,0,0
3030,0,0,0,0,0,0,102,45,2,0,0,0
3031,0,0,0,0,0,221,0,0,0,0,0,0
3032,0,0,0,2,12,1,0,0,0,0,0,0
3033,0,0,0,0,0,0,0,0,0,24,181,3
3034,0,0,0,1,7,338,0,0,0,0,24,0
3035,0,0,0,0,1,63,0,0,0,0,0,0
3036,0,0,0,2,13,11,0,0,0,0,0,0
3037,0,0,0,5,5,9902,0,0,0,0,2355720,0
3038,0,0,0,18,0,102,0,0,0,0,0,0
3039,0,50,1,0,0,0,0,0,0,0,0,0
3040,0,0,0,0,0,3,0,0,0,0,1602,0
3041,0,0,0,0,0,0,0,0,0,81,741,50
3042,0,0,0,0,0,1,0,0,0,179,302,2
3043,0,0,0,44,41,202,0,0,0,0,0,0
3044,0,0,0,0,0,0,0,0,0,37,324,32
3045,0,0,1,0,0,153,0,0,0,23,4543,15
3046,160,652,100,1,0,0,3,0,0,2,0,0
3047,0,0,0,0,4,0,152,1833,14,0,0,0
3048,6,322,82,0,0,0,0,0,0,0,0,0
3049,1,0,0,180,390,938,0,1,0,0,0,0
3050,0,0,0,0,0,0,44,3,0,0,0,0
3051,54,225,32,0,0,0,1,0,0,0,0,0
3052,0,0,0,0,0,0,387,980,1,0,0,0
3053,0,0,0,0,2,0,131,651,1,0,0,0
3054,0,359,25,0,0,0,0,0,0,0,0,0
3055,0,0,0,43,12,1816,0,0,0,0,9,0
3056,0,0,0,0,0,0,50,1,0,0,0,0
3057,3,58,23,0,0,0,0,0,0,0,0,0
3058,8,299,55,0,0,0,0,0,0,0,0,0
3059,0,1,0,0,0,0,122,0,1,0,0,0
3060,10,42,14,0,0,0,0,0,0,0,0,0
3061,2,578,104,0,0,0,1,0,0,0,0,0
3062,0,1,0,0,0,0,231,0,1,0,0,0
3063,8,92,24,0,0,0,0,0,0,0,0,0
3064,6,122,40,0,0,0,0,0,0,0,0,0
3065,0,0,0,0,0,0,342,564,4,0,0,0
3066,0,1,0,0,0,0,190,123,0,0,0,0
3067,0,0,0,0,3,236,0,0,0,0,1,0
3068,0,0,0,0,0,0,71,80,2,0,0,0
3069,29,778,32,0,0,0,2,0,0,0,0,0
3070,0,0,0,2,122,78,0,0,0,0,0,0
3071,0,0,0,77,7,67,0,0,0,0,0,0
3072,0,13,0,0,0,0,196,37,3,0,0,0
3073,0,0,0,0,9,80,0,0,0,0,3,0
3074,0,0,0,0,0,0,45,2,0,0,0,0
3075,29,153,42,1,0,0,1,0,0,0,0,0
3076,15,2486,28,0,0,0,3,0,0,0,0,0
3077,0,2,0,0,0,0,97,1,3,0,0,0
3078,12,80,92,0,0,0,1,0,0,0,0,0
3079,22,123,41,0,0,0,0,0,0,0,0,0
3080,0,1,0,0,0,0,109,0,3,0,0,0
3081,24,77,31,0,0,0,0,0,0,0,0,0
3082,28,201,83,0,0,0,0,0,0,2,0,0
3083,0,0,0,0,0,0,107,2,7,0,0,0
3084,34,203,120,0,0,0,0,0,0,0,0,0
3085,0,0,0,0,0,0,121,771,57,0,1,0
3086,0,0,0,2,11,537,0,0,0,0,2,0
3087,0,0,0,13,9,52,0,0,0,0,0,0
3088,0,0,0,98,4,139,0,0,0,0,0,0
3089,0,0,0,0,0,0,86,1,0,0,0,0
3090,58,370,28,0,0,0,4,0,0,0,0,0
3091,0,0,0,0,0,0,313,70,7,0,0,0
3092,0,0,0,0,0,6,0,0,0,16,1246,0
3093,0,0,0,0,0,0,0,0,2,18,827,41
3094,581,299,9,3,0,0,1,0,0,0,0,0
3095,0,0,0,13,19,377,0,0,0,0,2,0
3096,0,0,0,0,0,265,0,0,0,1,13877,1
3097,94,53,57,0,0,0,1,0,0,4,0,0
3098,3,30,9,0,0,0,0,0,0,0,0,0
3099,0,0,0,0,1,0,0,0,0,271,1041,2
3100,0,0,0,14,159,99,0,0,0,0,0,0
3101,0,0,0,0,0,0,0,0,0,8,2,3
3102,34,107,11,0,0,0,0,0,0,0,0,0
3103,2,56,26,0,0,0,0,0,0,0,0,0
3104,0,0,0,17,0,2525,0,0,0,0,2,0
3105,15,126,1,0,0,0,0,0,0,0,0,0
3106,0,0,0,1,1,598,0,0,0,0,3,0
3107,0,0,0,0,0,0,13,1,2,0,0,0
3108,13,59,20,0,0,0,0,0,0,0,0,0
3109,0,0,0,0,0,0,38,332,1,0,0,0
3110,0,0,0,0,6,9,0,0,0,0,0,0
3111,6,173,0,0,0,0,0,0,0,0,0,0
3112,0,0,0,0,0,151,0,0,0,0,0,0
3113,0,0,0,0,0,0,84,3,12,0,0,0
3114,0,0,0,0,0,0,173,187,2,0,0,0
3115,0,0,0,0,0,138,0,0,0,0,0,0
3116,5,307,1,0,0,0,0,0,0,0,0,0
3117,0,0,0,0,0,4,0,0,0,96,2418,2
3118,0,0,0,3,11,118,0,0,0,0,2,0
3119,0,0,0,0,0,0,55,1,826,0,0,30
3120,51,130,47,0,0,0,0,0,0,0,0,0
3121,8,87,235,0,0,0,1,0,0,1,0,0
3122,0,1,0,0,3,0,246,1812,6,0,0,0
3123,23,109,103,0,0,0,0,0,0,0,0,0
3124,0,0,0,5,0,491,0,0,0,0,0,0
3125,0,0,0,0,0,0,30,80,12,0,0,0
3126,9,340,18,0,0,0,0,0,0,0,0,0
3127,0,0,0,2,36,172,0,0,0,0,1,0
3128,0,0,0,3,1,33,0,0,0,0,0,0
3129,1,23,1,0,0,0,0,0,0,0,0,0
3130,0,0,0,0,0,1,0,0,0,0,486,1
3131,0,0,0,0,0,0,0,0,0,32,2,1
3132,4,63,3,0,0,0,0,0,0,0,0,0
3133,2,54,21,0,0,0,0,0,0,0,0,0
3134,0,0,0,0,0,0,46,37,1,0,0,0
3135,0,0,0,0,0,0,63,25,0,0,0,0
3136,0,0,0,0,0,81,0,0,0,0,0,0
3137,0,107,0,0,0,0,0,0,0,0,0,0
3138,22,82,4,0,0,0,1,0,0,0,0,0
3139,1,52,128,0,0,0,0,0,0,0,0,0
3140,0,0,1,0,0,7940,0,0,0,169,11863,13
3141,0,0,0,0,0,0,0,0,0,50,372,1
3142,0,0,0,11,14,70,0,0,0,0,0,0
3143,0,0,0,7,17,170,0,0,0,0,6,0
3144,0,0,0,1,32,16,0,1,0,0,0,0
3145,0,0,0,0,0,0,0,0,0,0,0,0
3146,0,0,0,0,0,0,59,0,6,0,0,0
3147,29,25,11,0,0,0,0,0,0,0,0,0
3148,13,386,11,0,0,0,2,0,0,0,0,0
3149,0,0,0,3,8,90,0,0,0,0,0,0
3150,0,0,0,4,1,15,0,0,0,0,0,0
3151,0,0,0,3,1,74,0,0,0,0,0,0
3152,0,3,0,0,4,0,501,2769,29,0,0,0
3153,0,0,0,0,0,0,249,143,0,0,0,0
3154,0,0,0,6,2,144,0,0,0,0,5,0
3155,0,0,0,0,3,0,70,368,3,0,0,0
3156,0,0,0,0,0,8,0,0,0,39,1608,3
3157,0,0,0,0,0,0,0,0,0,93,616,0
3158,18,76,20,0,0,0,0,0,0,0,0,0
3159,0,0,0,0,0,0,0,0,0,133,422,2
3160,0,0,0,24,130,179,0,8,0,0,0,0
3161,0,0,0,11,49,229,0,0,0,0,1,0
3162,0,0,0,0,0,3,0,0,0,23,511,3
3163,0,0,0,80,32,249,0,0,0,0,1,0
3164,0,5,0,0,100,1,443,377,11,0,0,0
3165,0,0,0,0,0,4,0,0,0,130,1435,5
3166,0,0,0,61,25,249,0,0,0,0,0,0
3167,0,1,0,0,2,0,407,44,8,0,0,0
3168,0,0,0,0,0,39,0,0,0,211,460,4
3169,0,0,0,11,138,125,0,1,0,0,0,0
3170,0,0,0,0,0,0,0,0,0,63,278,6
3171,0,0,0,9,17,199,0,0,0,0,0,0
3172,0,0,0,4,27,442,0,0,0,0,1,0
3173,0,0,2,0,0,0,0,0,0,141,0,0
3174,61,126,16,0,0,0,0,0,0,0,0,0
3175,3,146,6,0,0,0,0,0,0,0,0,0
3176,0,0,0,0,0,169,0,0,0,37,3226,8
3177,0,0,0,0,0,176,0,0,0,157,13958,17
3178,0,0,0,31,21,222,0,0,0,0,0,0
3179,0,0,0,0,0,0,243,1,4,0,0,0
3180,28,86,64,0,0,0,1,0,0,0,0,0
3181,30,38,40,0,0,0,0,0,0,0,0,0
3182,0,0,0,0,0,0,261,2,12,0,0,0
3183,26,218,40,0,0,0,0,0,0,0,0,0
3184,29,324,120,0,0,0,1,0,0,0,0,0
3185,0,0,0,0,0,0,148,1,1,0,0,0
3186,9,94,32,0,0,0,0,0,0,0,0,0
3187,0,0,0,0,0,0,101,262,10,0,0,0
3188,0,0,0,0,0,0,0,0,0,9,0,2
3189,69,51,9,0,0,0,0,0,0,0,0,0
3190,6,141,16,0,0,0,0,0,0,0,0,0
3191,0,0,0,0,0,0,18,1,1,0,0,0
3192,3,28,10,0,0,0,2,0,0,0,0,0
3193,89,250,148,0,0,0,0,0,0,0,0,0
3194,0,0,0,0,0,0,101,0,2,0,0,0
3195,5,20,19,0,0,0,0,0,0,0,0,0
3196,23,395,74,0,0,0,0,0,0,0,0,0
3197,0,0,0,0,0,0,17,28,0,0,0,0
3198,2,72,1,0,0,0,1,0,0,0,0,0
3199,0,0,0,1,12,124,0,0,0,0,0,0
3200,0,0,0,7,0,7,0,0,0,0,0,0
3201,0,0,0,0,0,0,1,9,1,0,0,0
3202,0,0,0,0,0,0,1,13,0,0,0,0
3203,0,0,0,0,1,30,0,0,0,0,0,0
3204,0,0,0,0,0,6,0,0,0,0,0,0
3205,3,160,2,0,0,0,1,0,0,0,0,0
3206,0,0,0,0,0,0,48,1228,2,0,0,0
3207,3,440,71,0,0,0,2,0,0,0,0,0
3208,0,0,0,14,290,186,0,0,0,0,1,0
3209,0,0,0,0,1,0,40,31,2,0,0,0
3210,28,461,123,0,0,0,1,0,0,1,0,0
3211,0,0,0,18,26,133,0,0,0,0,0,0
3212,0,0,0,0,5,0,134,57,1,0,0,0
3213,6,625,49,0,0,0,0,0,0,0,0,0
3214,0,0,0,4,8,111,0,0,0,0,0,0
3215,6,190,6,0,0,0,0,0,0,0,0,0
3216,0,0,0,0,0,0,649,270,1,0,0,0
3217,0,0,0,0,10,89,0,0,0,0,0,0
3218,0,0,0,0,0,0,0,0,0,151,2,1
3219,147,106,4,0,0,0,0,0,0,0,0,0
3220,8,34,5,0,0,0,1,0,0,0,0,0
3221,0,0,1,0,0,0,0,0,0,97,0,5
3222,30,105,3,0,0,0,0,0,0,0,0,0
3223,2,33,15,0,0,0,1,0,0,0,0,0
3224,1,63,5,0,0,0,0,0,0,0,0,0
3225,0,0,0,0,0,1,0,0,0,70,601,23
3226,0,0,0,22,2,271,0,0,0,0,0,0
3227,0,0,0,0,0,0,195,15,0,0,0,0
3228,0,0,0,0,23,139,0,0,0,0,1,0
3229,0,0,0,61,0,789,0,0,0,0,2,0
3230,0,1,0,0,1,0,305,141,19,0,0,0
3231,0,1,0,0,9,0,319,2492,12,0,0,0
3232,0,0,0,7,0,141,0,0,0,0,1,0
3233,0,0,0,0,0,0,0,0,0,11,1,1
3234,272,81,13,1,0,0,0,0,0,0,0,0
3235,4,42,15,0,0,0,0,0,0,0,0,0
3236,0,0,0,0,0,0,0,0,0,22,4,5
3237,53,633,16,0,0,0,5,0,0,0,0,0
3238,51,101,23,0,0,0,0,0,0,0,0,0
3239,0,3,0,0,1,0,238,670,7,0,0,0
3240,0,154,82,0,0,0,0,0,0,0,0,0
3241,0,0,0,0,0,0,0,0,0,31,4259,2
3242,0,0,0,0,2,0,1335,334,0,0,0,0
3243,0,1,0,0,2,0,589,318,0,0,0,0
3244,0,0,0,0,0,1,0,0,0,27,1496,1
3245,165,134,10,0,0,0,1,0,0,0,0,0
3246,0,0,0,0,10,0,108,223,10,0,0,0
3247,0,0,0,2,8,71,0,0,0,0,0,0
3248,0,1,0,0,0,0,2143,1,4,0,0,0
3249,17,233,126,0,0,0,0,0,0,0,0,0
3250,0,0,0,1,9,0,188,3335,31,0,0,0
3251,0,0,0,0,2,0,382,1067,2,0,0,0
3252,3,224,5,0,0,0,3,0,0,0,0,0
3253,0,0,0,0,0,1,0,0,0,23,601,1
3254,44,86,16,0,0,0,0,0,0,0,0,0
3255,3,217,35,0,0,0,2,0,0,0,0,0
3256,0,0,0,17,48,2151,0,0,0,0,6,0
3257,0,0,0,0,0,0,0,0,0,5,4,3
3258,15,50,14,0,0,0,0,0,0,0,0,0
3259,0,0,0,0,35,0,171,4813,27,0,0,0
3260,1,64,20,0,0,0,0,0,0,0,0,0
3261,0,0,0,0,0,17,0,0,0,25,5251,4
3262,14,374,2,0,0,0,0,0,0,0,0,0
3263,1,27,18,0,0,0,0,0,0,0,0,0
3264,0,0,0,0,0,1,0,0,0,114,2825,3
3265,0,0,0,15,1,382,0,0,0,0,3,0
3266,0,23,5,0,0,0,0,0,0,0,0,0
3267,0,0,0,0,2,833,0,0,0,22,316312,2
3268,0,0,0,5,0,811,0,0,0,0,105,0
3269,4,65,181,0,0,0,0,0,0,1,0,0
3270,0,0,0,5,107,231,0,0,0,0,0,0
3271,0,0,0,8,8,300,0,0,0,0,0,0
3272,0,0,0,0,0,0,0,0,0,22,1,23
3273,214,41,105,0,0,0,0,0,0,1,0,0
3274,17,23,13,0,0,0,0,0,0,0,0,0
3275,1,426,115,0,0,0,26,0,0,2,0,0
3276,0,0,0,0,0,1,0,0,0,105,796,0
3277,34,150,13,0,0,0,0,0,0,0,0,0
3278,6,265,60,0,0,0,2,0,0,0,0,0
3279,0,0,0,2,23,129,0,0,0,0,1,0
3280,0,0,0,9,0,47,0,0,0,0,0,0
3281,0,0,0,0,0,0,103,47,2,0,0,0
3282,0,0,0,0,4,43,0,0,0,0,0,0
3283,0,0,0,26,0,186,0,0,0,0,1,0
3284,0,1,0,0,0,0,76,2,3,0,0,0
3285,7,46,51,0,0,0,1,0,0,0,0,0
3286,0,1,0,0,4,0,344,597,3,0,0,0
3287,0,5,0,0,1,0,324,142,1,0,0,0
3288,0,0,0,0,2,957,0,0,0,0,0,0
3289,0,0,0,10,127,88,0,0,0,0,0,0
3290,0,0,0,0,0,0,0,0,0,36,0,1
3291,178,550,11,0,0,0,0,0,0,0,0,0
3292,0,24,0,0,0,0,0,0,0,0,0,0
3293,0,0,0,0,0,0,0,0,0,62,750,1
3294,0,0,0,0,0,0,0,0,0,134,554,8
3295,0,0,0,3,21,76,0,0,0,0,0,0
3296,0,0,0,0,0,0,0,0,0,2,0,1
3297,28,329,20,0,0,0,0,0,0,0,0,0
3298,6,73,47,0,0,0,1,0,0,0,0,0
3299,0,0,0,3,7,64,0,0,0,0,0,0
3300,0,0,0,0,4,31,0,0,0,0,0,0
3301,0,118,3,0,0,0,0,0,0,0,0,0
3302,0,1,0,0,0,0,661,2,16,0,0,0
3303,2,29,10,0,0,0,0,0,0,0,0,0
3304,0,0,0,0,39,0,114,4619,8,0,0,0
3305,1,172,200,0,0,0,0,0,0,1,0,0
3306,0,0,0,17,3,335,0,0,0,0,2,0
3307,0,1,0,0,1,0,301,538,11,0,0,0
3308,0,8,0,0,0,0,1302,1,1,0,0,0
3309,0,128,61,0,0,0,0,0,0,0,0,0
3310,0,89,2,0,0,0,0,0,0,0,0,0
3311,0,0,0,0,0,0,0,0,0,78,566,4
3312,0,0,0,6,53,62,0,0,0,0,0,0
3313,0,0,0,11,3,104,0,0,0,0,0,0
3314,2,78,1,0,0,0,0,0,0,0,0,0
3315,0,0,0,0,0,0,0,0,0,85,613,0
3316,1,221,1,0,0,0,0,0,0,0,0,0
3317,0,0,0,0,0,21,0,0,0,82,581,1
3318,0,0,0,0,0,5,0,0,0,23,1539,1
3319,61,48,8,0,0,0,0,0,0,0,0,0
3320,0,0,0,0,1,0,79,357,1,0,0,0
3321,0,0,0,0,12,53,0,0,0,0,0,0
3322,0,0,0,6,3,46,0,0,0,0,0,0
3323,0,2,0,0,0,0,569,330,2,0,0,0
3324,0,0,0,1,2,27,0,0,0,0,0,0
3325,0,0,0,3,32,88,0,0,0,0,0,0
3326,0,0,0,0,0,0,0,0,0,37,1,11
3327,119,428,25,0,0,0,0,0,0,0,0,0
3328,0,1,0,0,4,0,133,1142,6,0,0,0
3329,0,138,377,0,0,0,0,0,0,4,0,0
3330,0,0,0,0,0,6,0,0,0,33,2055,2
3331,0,0,0,10,1,176,0,0,0,0,0,0
3332,0,92,1,0,0,0,0,0,0,0,0,0
3333,0,0,0,3,19,63,0,0,0,0,0,0
3334,0,0,0,28,20,94,0,0,0,0,0,0
3335,0,0,0,0,0,0,91,0,1,0,0,0
3336,6,99,27,0,0,0,0,0,0,0,0,0
3337,53,90,72,0,0,0,1,0,0,0,0,0
3338,0,0,0,0,5,0,90,575,2,0,0,0
3339,5,0,0,7,8,46,0,0,0,0,1,0
3340,0,0,0,0,9,0,73,2703,40,0,0,0
3341,6,124,232,0,0,0,0,0,0,1,0,0
3342,3,89,606,0,0,0,0,0,0,0,0,0
3343,0,0,0,3,2,47,0,0,0,0,0,0
3344,5,161,2,0,0,0,0,0,0,0,0,0
3345,0,1,0,0,2,0,103,101,0,0,0,0
3346,0,0,0,0,21,561,0,1,0,0,0,0
3347,0,0,0,3,2,9,0,0,0,0,0,0
3348,0,0,0,2,11,8,0,0,0,0,0,0
3349,0,0,0,5,2,16,0,0,0,0,0,0
3350,15,3060,0,0,0,0,16,0,0,0,0,0
3351,0,0,0,0,0,0,247,90,4,0,0,0
3352,0,0,0,13,7,31,0,0,0,0,0,0
3353,0,1,0,0,6,0,82,45,0,0,0,0
3354,0,0,0,0,0,0,95,30,3,0,0,0
3355,0,0,0,1,0,30,0,0,0,0,0,0
3356,0,0,0,0,1,3,0,0,0,0,0,0
3357,29,5,1,0,0,0,0,0,0,0,0,0
3358,0,0,0,1,0,105,0,0,0,0,0,0
3359,0,0,0,2,2,58,0,0,0,0,0,0
3360,0,0,0,0,0,10,0,0,0,0,0,0
3361,2,29,0,0,0,0,0,0,0,0,0,0
3362,1,14,10,0,0,0,0,0,0,0,0,0
3363,0,33,4,0,0,0,0,0,0,0,0,0
3364,0,209,40,0,0,0,0,0,0,0,0,0
3365,0,0,0,0,0,0,0,0,0,47,971,2
3366,0,0,0,0,0,3,0,0,0,0,0,0
3367,0,0,0,56,0,78,0,0,0,0,0,0
3368,0,47,0,0,0,0,0,0,0,0,0,0
3369,0,0,0,0,0,1,0,0,0,17,1121,0
3370,0,0,0,4,46,64,0,0,0,0,0,0
3371,0,0,0,0,0,0,138,71,2,0,0,0
3372,0,387,186,0,0,0,0,0,0,1,0,0
3373,0,0,3,0,0,1,0,0,0,640,303,13
3374,62,29,5,0,0,0,0,0,0,0,0,0
3375,0,86,99,0,0,0,0,0,0,0,0,0
3376,0,0,0,29,6,46,0,0,0,0,0,0
3377,0,0,0,0,0,0,38,6,0,0,0,0
3378,0,0,0,0,0,39,0,0,0,0,0,0
3379,0,470,22,0,0,0,0,0,0,0,0,0
3380,0,0,0,5,0,398,0,0,0,0,3,0
3381,0,62,2,0,0,0,0,0,0,0,0,0
3382,0,0,0,0,0,0,0,0,0,3,306,0
3383,5,56,54,0,0,0,0,0,0,0,0,0
3384,0,0,0,1,0,1,0,0,0,0,0,0
3385,0,0,0,9,0,14,0,0,0,0,0,0
3386,0,1,0,0,0,0,0,0,0,0,0,0
3387,1,111,5,0,0,0,0,0,0,0,0,0
3388,1,25,4,0,0,0,0,0,0,0,0,0
3389,21,12,15,0,0,0,0,0,0,0,0,0
3390,17,89,31,0,0,0,0,0,0,0,0,0
3391,0,0,0,4,15,167,0,0,0,0,0,0
3392,0,2,0,0,0,0,352,63,0,0,0,0
3393,0,0,0,0,0,1,0,0,0,71,1085,0
3394,288,89,56,0,0,0,0,0,0,0,0,0
3395,0,3,0,0,2,0,153,545,3,0,0,0
3396,0,26,29,0,0,0,0,0,0,0,0,0
3397,0,0,0,0,0,16,0,0,0,25,393,0
3398,4,270,14,0,0,0,2,0,0,0,0,0
3399,0,0,0,1,0,1,0,0,0,0,0,0
3400,0,0,0,4,0,49,0,0,0,0,0,0
3401,0,4,0,0,0,0,1452,23,1,0,0,0
3402,0,0,0,7,5,76,0,0,0,0,0,0
3403,0,0,0,0,22,0,281,3148,36,0,0,0
3404,0,1,0,0,0,0,282,2,3,0,0,0
3405,22,726,29,0,0,0,0,0,0,0,0,0
3406,19,288,57,0,0,0,0,0,0,0,0,0
3407,0,0,0,0,0,0,3,0,6,0,0,0
3408,0,1,2,0,0,0,0,0,0,0,0,0
3409,4,80,7,0,0,0,0,0,0,0,0,0
3410,0,0,0,0,0,0,119,234,0,0,0,0
3411,0,0,0,0,0,10,0,0,0,0,4204,1
3412,0,0,0,56,0,53,0,0,0,0,0,0
3413,1,13,1,0,0,0,0,0,0,0,0,0
3414,0,29,22,0,0,0,0,0,0,0,0,0
3415,3,29,4,0,0,0,0,0,0,0,0,0
3416,0,102,2,0,0,0,0,0,0,0,0,0
3417,1,64,22,0,0,0,0,0,0,0,0,0
3418,0,7,0,0,8,0,423,619,1,0,0,0
3419,0,2,0,0,0,0,264,75,0,0,0,0
3420,0,0,0,1,1,258,0,0,0,0,2,0
3421,24,209,1,0,0,0,0,0,0,0,0,0
3422,0,48,33,0,0,0,0,0,0,0,0,0
3423,4,76,52,0,0,0,0,0,0,0,0,0
3424,1,25,32,0,0,0,0,0,0,0,0,0
3425,0,0,0,0,0,1,0,0,0,31,752,24
3426,0,0,0,0,0,6,0,0,0,1,1956,1
3427,174,70,11,2,0,0,0,0,0,0,0,0
3428,4,4155,38,0,0,0,18,0,0,0,0,0
3429,0,0,0,0,0,15,0,0,0,37,1913,3
3430,14,139,8,0,0,0,0,0,0,0,0,0
3431,0,0,0,0,15,0,398,3223,44,0,0,0
3432,0,0,0,0,3,28,0,0,0,0,0,0
3433,0,3,0,0,17,0,200,5706,1,0,0,0
3434,0,1,0,0,0,0,179,87,1,0,0,0
3435,0,0,0,0,0,9,0,0,0,0,0,0
3436,0,0,0,5,1,66,0,0,0,0,0,0
3437,0,0,0,0,0,0,114,1,0,0,0,0
3438,0,0,0,0,2,53,0,0,0,0,0,0
3439,0,0,0,6,0,67,0,0,0,0,0,0
3440,0,6,0,0,0,0,0,0,0,0,0,0
3441,1,50,6,0,0,0,0,0,0,0,0,0
3442,0,0,0,2,0,848,0,0,0,0,5,0
3443,0,0,0,0,0,0,103,84,0,0,0,0
3444,0,0,0,0,0,0,0,0,0,3,279,0
3445,43,45,1,0,0,0,0,0,0,0,0,0
3446,0,0,0,0,0,0,280,95,0,0,0,0
3447,0,0,0,0,0,0,0,0,0,0,190,1
3448,0,0,0,0,0,2,0,0,0,68,611,0
3449,0,19,3,0,0,0,0,0,0,0,0,0
3450,1,591,44,0,0,0,1,0,0,0,0,0
3451,0,0,0,0,0,189,0,0,0,0,0,0
3452,0,1,0,0,1,0,366,121,0,0,0,0
3453,0,0,0,0,490,169,0,1,0,0,1,0
3454,0,0,0,83,6,59,0,0,0,0,0,0
3455,0,0,0,21,2,90,0,0,0,0,0,0
3456,1,329,0,0,0,0,1,0,0,0,0,0
3457,0,0,0,0,0,3,0,0,0,0,1181,0
3458,0,0,0,0,0,0,0,0,0,4,24,0
3459,0,0,0,0,0,13,0,0,0,0,0,0
3460,0,0,0,12,0,55,0,0,0,0,1,0
3461,0,164,0,0,0,0,0,0,0,0,0,0
3462,1,203,1,0,0,0,0,0,0,0,0,0
3463,1,26,8,0,0,0,0,0,0,0,0,0
3464,0,0,0,0,0,0,0,0,0,7,409,2
3465,1,5,0,0,0,0,0,0,0,0,0,0
3466,0,0,0,126,39,459,0,1,0,0,4,0
3467,0,0,0,0,0,0,303,1,2,0,0,0
3468,0,0,0,0,0,0,197,97,2,0,0,0
3469,30,41,155,0,0,0,0,0,0,0,0,0
3470,0,1,0,0,0,0,411,1,2,0,0,0
3471,0,1,0,0,0,0,384,62,0,0,0,0
3472,39,226,69,0,0,0,2,0,0,0,0,0
3473,0,0,0,0,0,0,203,193,2,0,0,0
3474,0,0,0,0,0,0,91,20,0,0,0,0
3475,0,0,0,17,1,341,0,0,0,0,10,0
3476,0,26,0,0,0,0,1271,64,1,0,0,0
3477,0,0,0,3,4,552,0,0,0,0,2,0
3478,1,0,0,713,25,294,0,0,0,0,1,0
3479,0,0,0,0,0,0,26,29,0,0,0,0
3480,0,0,0,0,0,1,0,0,0,0,30,6
3481,250,537,18,1,0,0,2,0,0,0,0,0
3482,0,3,0,0,0,0,738,2,9,0,0,0
3483,0,0,0,0,2,0,373,1030,12,0,0,0
3484,13,267,28,0,0,0,0,0,0,0,0,0
3485,0,2,0,0,1,0,1146,166,1,0,0,0
3486,0,0,0,0,0,16,0,0,0,77,1629,0
3487,0,0,3,0,0,3,0,0,0,148,614,2
3488,0,0,0,62,18,141,0,0,0,0,0,0
3489,0,0,0,0,0,4,0,0,0,0,0,0
3490,14,189,0,0,0,0,3,0,0,0,0,0
3491,0,46,2,0,0,0,0,0,0,0,0,0
3492,1,148,12,0,0,0,0,0,0,0,0,0
3493,0,0,0,3,0,2126,0,0,0,0,3,0
3494,0,51,0,0,0,0,0,0,0,0,0,0
3495,13,119,12,0,0,0,0,0,0,0,0,0
3496,0,1,0,0,0,0,402,276,1,0,0,0
3497,0,0,0,0,0,0,265,23,0,0,0,0
3498,0,0,0,0,0,10,0,0,0,31,248,3
3499,0,0,0,12,0,186,0,0,0,0,0,0
3500,1,55,3,0,0,0,0,0,0,0,0,0
3501,0,0,0,0,0,0,0,0,0,1,9,3
3502,0,0,0,2,13,94,0,0,0,0,0,0
3503,9,89,4,0,0,0,0,0,0,0,0,0
3504,2,47,22,0,0,0,0,0,0,0,0,0
3505,0,0,0,0,0,3,0,0,0,31,905,0
3506,4,69,4,0,0,0,0,0,0,0,0,0
3507,1,183,72,0,0,0,0,0,0,0,0,0
3508,0,0,0,78,28,148,0,0,0,0,6,0
3509,0,1,0,0,0,0,348,10,3,0,0,0
3510,0,0,0,0,0,7,0,0,0,64,958,3
3511,0,0,1,0,0,4,0,0,0,45,849,0
3512,37,98,12,0,0,0,1,0,0,0,0,0
3513,0,0,0,0,2,3,0,0,0,0,0,0
3514,0,0,0,0,7,0,137,890,4,0,0,0
3515,0,0,1,0,0,0,0,0,0,20,2,0
3516,1,16,0,0,0,0,0,0,0,0,0,0
3517,0,272,2,0,0,0,0,0,0,0,0,0
3518,0,3,0,0,0,0,200,589,0,0,0,0
3519,0,0,0,1,4,23,0,0,0,0,0,0
3520,0,0,0,49,6,96,0,0,0,0,0,0
3521,0,0,0,0,0,0,6,2,4,0,0,0
3522,13,97,11,0,0,0,1,0,0,0,0,0
3523,3,423,1103,0,0,0,0,0,0,17,0,0
3524,0,0,0,3,8,4,0,0,0,0,0,0
3525,0,0,0,0,0,0,0,0,0,0,19,3
3526,0,0,0,139,9,266,0,0,0,0,1,0
3527,0,5,0,0,0,0,655,51,0,0,0,0
3528,15,182,69,0,0,0,0,0,0,0,0,0
3529,0,0,0,7,10,292,0,0,0,0,2,0
3530,0,0,0,0,1,0,64,44,3,0,0,0
3531,10,298,31,0,0,0,2,0,0,0,0,0
3532,0,0,0,10,25,82,0,0,0,0,0,0
3533,0,0,0,1,0,199,0,0,0,0,2,0
3534,2,20,0,0,0,0,0,0,0,0,0,0
3535,0,0,0,0,0,1,0,0,0,0,669,1
3536,10,4689,3,0,0,0,15,0,0,0,0,0
3537,0,0,0,1,0,117,0,0,0,0,0,0
3538,2,103,3,0,0,0,0,0,0,0,0,0
3539,0,12,0,0,1,0,165,41,2,0,0,0
3540,0,0,0,0,0,1,0,0,0,11,440,0
3541,0,0,0,9,3,173,0,0,0,0,0,0
3542,0,619,0,0,0,0,2,0,0,0,0,0
3543,0,0,2,0,0,0,0,0,0,144,472,2
3544,0,0,0,4,4,85,0,0,0,0,0,0
3545,4,29,1,0,0,0,0,0,0,0,0,0
3546,106,217,14,3,0,0,0,0,0,0,0,0
3547,0,0,0,57,45,422,0,0,0,0,1,0
3548,0,0,0,0,0,0,227,2,26,0,0,0
3549,0,0,0,0,0,0,185,22,17,0,0,0
3550,5,78,2,0,0,0,0,0,0,0,0,0
3551,0,0,0,0,0,3,0,0,0,73,1323,2
3552,0,0,0,0,0,1,0,0,0,21,277,1
3553,1,76,144,0,0,0,0,0,0,0,0,0
3554,0,0,0,0,0,0,0,0,0,90,9,7
3555,0,0,0,0,2,1,0,0,0,0,0,0
3556,0,0,0,5,1,352,0,0,0,0,2,0
3557,1,46,6,0,0,0,0,0,0,0,0,0
3558,2,99,103,0,0,0,0,0,0,0,1,0
3559,25,388,3512,0,0,0,0,0,0,28,11,0
3560,0,1,0,0,0,0,174,87,4,0,0,0
3561,0,0,0,3,1,70,0,0,0,0,0,0
3562,0,5,0,0,26,0,964,260,5,0,0,0
3563,0,2,0,0,2,0,786,237,2,0,0,0
3564,0,0,0,0,0,0,0,0,0,0,0,0
3565,0,0,0,57,0,79,0,0,0,0,0,0
3566,0,0,0,0,0,0,227,79,2,0,0,0
3567,0,1,0,0,1,0,345,137,0,0,0,0
3568,0,0,0,1,0,21,0,0,0,0,0,0
3569,59,847,5,0,0,0,12,0,0,0,0,0
3570,0,0,0,0,0,0,124,11,0,0,0,0
3571,0,0,0,0,23,59,0,0,0,0,0,0
3572,0,0,0,4,3,24,0,0,0,0,0,0
3573,0,0,0,0,0,0,49,7,1,0,0,0
3574,0,0,0,0,1,286,0,0,0,0,0,0
3575,0,0,0,0,0,0,165,80,0,0,0,0
3576,0,0,0,3,20,46,0,0,0,0,0,0
3577,0,0,0,10,2,44,0,0,0,0,0,0
3578,0,0,0,3,0,113,0,0,0,0,0,0
3579,0,0,0,0,0,11,0,0,0,0,0,0
3580,0,88,0,0,0,0,0,0,0,0,0,0
3581,6,97,12,0,0,0,0,0,0,0,0,0
3582,0,1,0,0,0,0,281,51,8,0,0,0
3583,0,0,0,0,0,1,0,0,0,58,923,1
3584,0,0,0,0,0,0,9,2,0,0,0,0
3585,0,0,0,0,0,0,3,1,1,0,0,0
3586,7,169,7,0,0,0,1,0,0,0,0,0
3587,0,0,0,0,0,17,0,0,0,10,2898,0
3588,0,11,0,0,0,0,0,0,0,0,0,0
3589,0,0,0,0,0,3,0,0,0,22,1735,1
3590,7,82,24,0,0,0,0,0,0,0,0,0
3591,7,71,38,0,0,0,0,0,0,0,0,0
3592,0,0,0,2,32,1079,0,0,0,0,7,0
3593,0,0,0,0,0,0,0,0,0,18,547,2
3594,0,0,0,3,6,1,0,0,0,0,0,0
3595,0,0,0,17,9,31,0,0,0,0,0,0
3596,0,0,0,0,0,0,80,17,3,0,0,0
3597,0,0,0,0,0,0,0,0,0,3,36,1
3598,0,0,0,7,0,216,0,0,0,0,1,0
3599,0,22,0,0,0,0,0,0,0,0,0,0
3600,4,146,4,0,0,0,1,0,0,0,0,0
3601,3,142,12,0,0,0,0,0,0,0,0,0
3602,0,0,0,0,0,42,0,0,0,12,6327,10
3603,0,82,0,0,0,0,0,0,0,0,0,0
3604,0,0,0,0,0,0,0,0,0,68,657,2
3605,0,0,0,24,1,5,0,0,0,0,0,0
3606,0,0,0,0,1,0,8,730,6,0,0,0
3607,0,0,0,0,1,91,0,0,0,0,0,0
3608,0,0,0,0,0,2,0,0,0,67,355,5
3609,0,0,0,18,8,4,0,0,0,0,0,0
3610,0,0,0,6,14,300,0,0,0,0,3,0
3611,0,0,0,0,0,0,0,0,0,5,112,1
3612,0,3,0,0,0,0,0,0,0,0,0,0
3613,0,0,0,8,1,93,0,0,0,0,0,0
3614,0,0,0,0,0,0,177,2,0,0,0,0
3615,0,0,0,0,0,22,0,0,0,0,0,0
3616,0,0,0,29,8,30,0,0,0,0,0,0
3617,0,0,0,0,0,0,288,5,3,0,0,0
3618,0,0,0,1,1,209,0,0,0,0,6,0
3619,0,0,1,0,0,15,0,0,0,404,4162,4
3620,0,0,0,0,0,0,949,264,2,0,0,0
3621,0,0,0,0,0,0,70,20,2,0,0,0
3622,0,0,0,0,0,0,0,0,0,94,610,1
3623,0,0,0,0,0,0,0,0,0,10,128,4
3624,0,0,0,0,0,0,0,0,0,10,70,0
3625,86,666,20,0,0,0,1,0,0,0,0,0
3626,8,98,58,0,0,0,0,0,0,0,0,0
3627,4,173,59,0,0,0,0,0,0,1,0,0
3628,0,0,0,3,433,161,0,1,0,0,0,0
3629,0,0,0,0,0,0,122,58,0,0,0,0
3630,0,0,0,1,4,58,0,0,0,0,0,0
3631,0,0,0,4,0,75,0,0,0,0,0,0
3632,5,96,1,0,0,0,0,0,0,0,0,0
3633,3,151,24,0,0,0,0,0,0,0,0,0
3634,0,0,2,0,0,11,0,0,0,379,1483,0
3635,0,80,3,0,0,0,0,0,0,0,0,0
3636,1,77,30,0,0,0,1,0,0,0,0,0
3637,3,70,17,0,0,0,0,0,0,0,0,0
3638,0,0,0,0,5,0,471,3800,10,0,0,0
3639,0,0,0,0,0,0,0,0,0,0,0,0
3640,0,0,0,0,17,42,0,0,0,0,0,0
3641,0,0,0,0,0,0,18,3,10,0,0,0
3642,4,23,46,0,0,0,0,0,0,0,0,0
3643,13,137,56,0,0,0,0,0,0,0,0,0
3644,0,1,0,0,57,0,126,8508,1,0,0,0
3645,2,61,25,0,0,0,0,0,0,0,0,0
3646,0,0,0,0,0,4,0,0,0,4,912,3
3647,24,127,91,0,0,0,0,0,0,0,0,0
3648,0,0,0,2,154,437,0,2,0,0,0,0
3649,0,0,0,12,59,117,0,0,0,0,0,0
3650,0,0,0,0,0,0,0,0,0,7,3,20
3651,12,110,1,0,0,0,6,0,0,0,0,0
3652,1,50,10,0,0,0,0,0,0,0,0,0
3653,0,0,0,0,0,12,0,0,0,146,3682,6
3654,0,0,0,8,17,12,0,0,0,0,0,0
3655,0,0,0,7,12,95,0,0,0,0,1,0
3656,0,0,0,0,0,0,0,0,0,36,488,14
3657,0,0,0,0,1,2,0,0,0,0,0,0
3658,0,0,0,23,1,48,0,0,0,0,0,0
3659,0,98,0,0,0,0,0,0,0,0,0,0
3660,17,284,10,0,0,0,1,0,0,0,0,0
3661,0,0,0,0,0,0,49,116,1,0,0,0
3662,6,59,27,0,0,0,0,0,0,0,0,0
3663,0,0,0,0,2,0,51,169,2,0,0,0
3664,0,0,0,2,63,53,0,1,0,0,0,0
3665,0,0,0,0,0,0,35,14,1,0,0,0
3666,0,0,0,0,0,0,0,0,0,0,138,0
3667,0,0,0,7,6,58,0,0,0,0,0,0
3668,0,0,0,0,0,1,0,0,0,0,0,0
3669,0,3,0,0,0,0,0,0,0,0,0,0
3670,0,0,0,0,0,120,0,0,0,0,0,0
3671,0,0,0,0,0,0,209,1,1,0,0,0
3672,6,41,73,0,0,0,0,0,0,0,0,0
3673,4,26,6,0,0,0,0,0,0,0,0,0
3674,2,320,25,0,0,0,1,0,0,0,0,0
3675,3,135,121,0,0,0,0,0,0,1,1,0
3676,0,0,0,1,3,229,0,0,0,0,1,0
3677,0,0,0,2,0,23,0,0,0,0,0,0
3678,0,0,0,1,0,3,0,0,0,0,0,0
3679,0,0,0,0,0,46,0,0,0,0,0,0
3680,3,38,0,0,0,0,0,0,0,0,0,0
3681,0,80,2,0,0,0,0,0,0,0,0,0
3682,0,0,0,1,5,469,0,0,0,0,2,0
3683,0,0,0,0,0,0,0,0,0,14,5,7
3684,93,240,5,0,0,0,2,0,0,0,0,0
3685,0,0,0,0,2,0,573,628,0,0,0,0
3686,0,0,0,0,0,1,0,0,0,199,488,0
3687,0,135,0,0,0,0,1,0,0,0,0,0
3688,0,0,0,0,0,12,0,0,0,106,2865,6
3689,0,1,0,0,0,0,213,5,6,0,0,0
3690,9,145,43,0,0,0,1,0,0,0,0,0
3691,10,81,162,0,0,0,0,0,0,2,0,0
3692,0,0,0,0,6,0,157,3766,20,0,0,0
3693,0,0,0,0,1,48,0,0,0,0,0,0
3694,0,0,0,18,11,87,0,1,0,0,0,0
3695,0,0,0,0,0,13,0,0,0,65,4493,2
3696,0,0,0,6,0,6,0,0,0,0,0,0
3697,3,90,0,0,0,0,0,0,0,0,0,0
3698,0,0,0,0,0,0,0,0,0,71,259,2
3699,0,0,0,1,1,2,0,0,0,0,0,0
3700,0,0,0,372,36,78,0,0,0,0,0,0
3701,0,6,0,0,2,0,1479,81,3,0,0,0
3702,0,0,0,0,0,1,0,0,0,1,168,1
3703,7,218,2,0,0,0,2,0,0,0,0,0
3704,0,0,0,0,0,0,0,0,0,23,246,0
3705,0,0,0,0,0,0,0,0,0,2,7,0
3706,65,172,3,0,0,0,0,0,0,0,0,0
3707,0,0,0,13,10,156,0,0,0,0,0,0
3708,0,0,0,0,1,9,0,0,0,0,0,0
3709,0,445,1,0,0,0,1,0,0,0,0,0
3710,0,0,0,8,15,85,0,0,0,0,0,0
3711,0,0,0,1,0,0,0,0,0,0,0,0
3712,1,381,1,0,0,0,1,0,0,0,0,0
3713,0,0,0,17,98,80,0,0,0,0,0,0
3714,0,0,0,0,0,0,0,0,0,0,197,0
3715,14,166,78,0,0,0,0,0,0,0,0,0
3716,0,1,0,0,0,0,265,126,3,0,0,0
3717,0,0,0,0,0,0,0,0,0,42,1504,7
3718,0,0,0,160,13,95,0,0,0,0,0,0
3719,0,1,0,0,0,0,352,34,3,0,0,0
3720,0,0,0,0,0,0,222,29,1,0,0,0
3721,0,0,0,0,4,35,0,0,0,0,0,0
3722,5,1475,0,0,0,0,13,0,0,0,0,0
3723,0,0,0,3,4,25,0,0,0,0,0,0
3724,0,0,0,30,4,28,0,0,0,0,0,0
3725,0,0,0,0,46,4,0,0,0,0,0,0
3726,0,0,0,7,10,5,0,0,0,0,0,0
3727,0,0,0,6,2,55,0,0,0,0,0,0
3728,0,0,0,0,2,0,362,2326,0,0,0,0
3729,0,1,0,0,1,0,193,81,1,0,0,0
3730,0,0,0,6,0,39,0,0,0,0,0,0
3731,0,0,0,0,0,0,133,26,3,0,0,0
3732,0,0,3,0,0,5,0,0,0,506,499,4
3733,0,0,0,94,20,544,0,0,0,0,4,0
3734,0,0,0,0,0,0,360,39,4,0,0,0
3735,8,127,3,0,0,0,0,0,0,0,0,0
3736,0,0,0,0,0,2,0,0,0,36,1858,0
3737,0,0,0,1,0,5,0,0,0,104,3055,4
3738,0,0,0,0,0,10,0,0,0,66,3442,3
3739,0,0,0,0,0,65,0,0,0,0,1,0
3740,6,197,1,0,0,0,0,0,0,0,0,0
3741,0,0,0,3,26,384,0,0,0,0,8,0
3742,3,33,1,0,0,0,0,0,0,0,0,0
3743,0,0,0,0,0,6,0,0,0,7,3668,10
3744,3,121,2,0,0,0,0,0,0,0,0,0
3745,0,0,0,20,22,409,0,0,0,0,1,0
3746,0,0,0,0,21,6,0,0,0,0,0,0
3747,0,0,0,0,0,0,0,0,0,2,49,2
3748,0,0,0,23,16,61,0,0,0,0,0,0
3749,0,0,0,1,10,200,0,0,0,0,1,0
3750,0,0,0,0,0,11,0,0,0,0,0,0
3751,4,102,2,0,0,0,0,0,0,0,0,0
3752,0,243,40,0,0,0,1,0,0,0,0,0
3753,0,7,0,0,0,0,496,64,2,0,0,0
3754,28,111,25,0,0,0,0,0,0,0,0,0
3755,0,0,0,0,0,0,57,222,1,0,0,0
3756,0,0,0,1,3,58,0,0,0,0,0,0
3757,0,0,0,3,12,9,0,0,0,0,0,0
3758,0,0,0,0,2,2,0,0,0,0,0,0
3759,0,0,0,0,0,0,1,39,0,0,0,0
3760,0,0,0,0,0,38,0,0,0,0,0,0
3761,0,0,0,0,1,0,49,56,0,0,0,0
3762,0,0,0,1,0,18,0,0,0,0,0,0
3763,17,174,1,0,0,0,3,0,0,0,0,0
3764,0,0,0,0,0,0,297,187,1,0,0,0
3765,2,259,170,0,0,0,0,0,0,3,1,0
3766,0,0,0,10,0,1242,0,0,0,0,25,0
3767,1,96,0,0,0,0,1,0,0,0,0,0
3768,0,0,0,0,0,22,0,0,0,468,4146,7
3769,0,0,0,41,15,153,0,0,0,0,2,0
3770,0,0,0,0,0,0,318,17,6,0,0,0
3771,0,0,0,0,0,44,0,0,0,0,2,0
3772,0,0,0,9,52,98,0,0,0,0,0,0
3773,0,0,0,0,0,10,0,0,0,12,2253,3
3774,0,4,0,0,0,0,818,70,3,0,0,0
3775,0,0,0,0,0,3,0,0,0,27,770,0
3776,5,431,5,0,0,0,14,0,0,0,0,0
3777,0,0,2,0,0,8,0,0,0,242,782,4
3778,0,0,0,0,0,0,0,0,0,0,0,0
3779,3,102,52,0,0,0,0,0,0,0,0,0
3780,3,116,77,0,0,0,2,0,0,0,0,0
3781,0,0,0,5,0,95,0,0,0,0,1,0
3782,0,0,0,0,0,0,261,10,11,0,0,0
3783,33,0,0,33,0,43,0,0,0,0,3,0
3784,0,0,1,0,0,69,0,0,0,32,3812,3
3785,0,0,0,0,0,271,0,0,0,0,5,0
3786,1,36,0,0,0,0,0,0,0,0,0,0
3787,0,0,0,0,0,109,0,0,0,0,4113,0
3788,0,0,0,40,6,193,0,0,0,0,11,0
3789,0,0,0,0,0,1,0,0,0,0,0,0
3790,493,224,1,36,0,0,4,0,0,0,0,0
3791,0,0,0,0,0,0,109,28,1,0,0,0
3792,0,0,0,0,0,1,0,0,0,28,691,23
3793,2,0,0,33,5,241,0,0,0,0,1,0
3794,0,5,0,0,0,0,287,128,1,0,0,0
3795,0,0,0,0,8,58,0,0,0,0,0,0
3796,0,0,0,0,0,8,0,0,0,19,1526,0
3797,0,0,0,3,4,23,0,0,0,0,0,0
3798,0,0,0,3,10,27,0,0,0,0,0,0
3799,0,0,0,2,1,189,0,0,0,0,1,0
3800,0,0,0,0,0,0,108,100,2,0,0,0
3801,1,198,35,0,0,0,0,0,0,0,0,0
3802,0,0,0,583,0,376,0,0,0,0,54,0
3803,0,17,1,0,0,0,0,0,0,0,0,0
3804,3,18,4,0,0,0,0,0,0,0,0,0
3805,17,53,11,0,0,0,0,0,0,0,0,0
3806,12,40,3,0,0,0,0,0,0,0,0,0
3807,2,337,14,0,0,0,0,0,0,0,0,0
3808,0,0,0,2,24,228,0,0,0,0,5,0
3809,0,0,0,0,0,1,0,0,0,114,1353,8
3810,0,0,0,5,81,52,0,10,0,0,0,0
3811,0,0,0,0,0,19,0,0,0,27,9279,0
3812,0,0,0,0,0,183,0,0,0,0,0,0
3813,6,142,2,0,0,0,0,0,0,0,0,0
3814,0,0,0,0,0,151,0,0,0,0,1,0
3815,0,0,0,0,0,0,104,10,1,0,0,0
3816,0,209,9,0,0,0,0,0,0,0,0,0
3817,0,0,3,0,0,16,0,0,0,532,6989,2
3818,0,24,24,0,0,0,0,0,0,0,0,0
3819,0,26,7,0,0,0,0,0,0,0,0,0
3820,0,23,2,0,0,0,0,0,0,0,0,0
3821,0,0,0,0,0,0,0,0,0,183,149,0
3822,0,0,0,0,1,1,0,0,0,0,0,0
3823,1,0,0,73,1,22,0,0,0,0,0,0
3824,0,0,0,0,0,0,126,10,0,0,0,0
3825,0,0,0,0,3,10,0,0,0,0,0,0
3826,0,0,0,0,22,33,0,0,0,0,0,0
3827,0,0,0,7,15,104,0,0,0,0,2,0
3828,0,0,0,0,0,386,0,0,0,0,23244,0
3829,19,83,49,0,0,0,0,0,0,7,0,0
3830,1,226,14,0,0,0,0,0,0,0,0,0
3831,0,0,0,0,0,0,127,50,6,0,0,0
3832,0,0,0,0,0,1,0,0,0,35,394,0
3833,0,0,0,0,25,96,0,0,0,0,1,0
3834,0,0,0,1,4,24,0,0,0,0,0,0
3835,0,0,0,3,18,157,0,0,0,0,0,0
3836,0,0,0,19,27,10,0,0,0,0,0,0
3837,0,0,0,0,23,37,0,0,0,0,0,0
3838,0,0,0,0,0,0,312,424,8,0,0,0
3839,0,3,0,0,0,0,166,2,0,0,0,0
3840,35,108,78,0,0,0,0,0,0,0,0,0
3841,25,46,20,0,0,0,0,0,0,0,0,0
3842,6,125,40,0,0,0,0,0,0,1,0,0
3843,0,0,0,3,22,149,0,0,0,0,0,0
3844,0,0,0,0,0,0,58,124,4,0,0,0
3845,0,117,111,0,0,0,0,0,0,31,0,0
3846,6,52,30,0,0,0,0,0,0,0,0,0
3847,0,0,0,0,0,0,49,12,0,0,0,0
3848,4,42,131,0,0,0,0,0,0,1,0,0
3849,0,0,0,0,0,0,56,320,4,0,0,0
3850,0,0,0,0,1,63,0,0,0,0,1,0
3851,0,0,0,0,0,0,57,0,2,0,0,0
3852,1640,119,36,171,0,0,0,0,0,0,0,0
3853,37,345,45,1,0,0,2,0,0,0,0,0
3854,0,74,8,0,0,0,0,0,0,0,0,0
3855,40,131,9,0,0,0,12,0,0,0,0,0
3856,0,0,0,0,0,0,89,101,0,0,0,0
3857,0,0,0,0,0,0,0,0,0,9,1,0
3858,69,78,11,0,0,0,0,0,0,0,0,0
3859,4,77,39,0,0,0,0,0,0,0,0,0
3860,0,1,0,0,0,0,341,215,0,0,0,0
3861,0,0,0,2,5,70,0,0,0,0,0,0
3862,0,0,0,44,8,122,0,0,0,0,0,0
3863,0,0,0,0,0,0,62,0,4,0,0,0
3864,12,63,151,0,0,0,0,0,0,0,0,0
3865,7,51,4,1,0,0,0,0,0,0,0,0
3866,0,0,0,0,0,0,0,0,0,303,1,5
3867,31,32,1,0,0,0,0,0,0,0,0,0
3868,47,57,11,1,0,0,1,0,0,0,0,0
3869,0,218,31,0,0,0,7,0,0,1,0,0
3870,12,189,46,0,0,0,1,0,0,0,0,0
3871,0,1,0,0,22,5,237,8436,89,0,0,2
3872,3,420,105,0,0,0,0,0,0,0,0,0
3873,0,0,0,12,33,460,0,0,0,0,0,0
3874,0,0,0,0,0,11,0,0,0,127,4495,3
3875,0,0,0,0,0,0,460,168,1,0,0,0
3876,0,0,0,0,0,1,0,0,0,43,760,3
3877,0,0,0,58,158,218,0,0,0,0,1,0
3878,0,0,0,0,0,0,69,2,1,0,0,0
3879,12,174,224,0,0,0,0,0,0,5,0,0
3880,0,3,0,0,0,0,804,621,32,0,0,0
3881,23,209,28,2,0,0,3,0,0,0,0,0
3882,0,0,0,2,62,3778,0,0,0,0,19,0
3883,0,0,0,3,16,71,0,0,0,0,0,0
3884,0,0,0,0,0,16,0,0,0,49,2448,2
3885,0,0,0,0,0,4,0,0,0,1317,1534,7
3886,0,0,0,36,1,37,0,0,0,0,0,0
3887,0,34,2,0,0,0,0,0,0,0,0,0
3888,64,130,5,2,0,0,0,0,0,0,0,0
3889,6,413,13,0,0,0,0,0,0,0,0,0
3890,0,1,0,0,0,0,319,2,32,0,0,0
3891,5,226,0,0,0,0,2,0,0,0,0,0
3892,0,0,0,0,3,0,334,758,1,0,0,0
3893,0,1,0,0,0,0,267,0,0,0,0,0
3894,12,110,9,0,0,0,0,0,0,0,0,0
3895,8,194,62,0,0,0,0,0,0,0,0,0
3896,0,1,0,0,25,0,1262,1351,1,0,0,0
3897,0,0,0,2,3,61,0,0,0,0,1,0
3898,0,0,0,0,3,232,0,0,0,0,0,0
3899,0,105,7,0,0,0,0,0,0,0,0,0
3900,1,82,12,0,0,0,0,0,0,0,0,0
3901,0,0,0,0,0,0,195,250,2,0,0,0
3902,0,0,0,0,0,2,0,0,0,79,861,0
3903,0,0,0,0,0,9,0,0,0,21,2103,1
3904,136,349,81,0,0,0,0,0,0,0,0,0
3905,0,0,0,13,10,82,0,0,0,0,0,0
3906,0,0,0,1,0,134,0,0,0,0,4,0
3907,0,0,0,0,6,36,0,0,0,0,0,0
3908,2,265,1,0,0,0,1,0,0,0,0,0
3909,0,0,0,0,9,775,0,0,0,0,14,0
3910,2,32,0,0,0,0,0,0,0,0,0,0
3911,0,47,7,0,0,0,0,0,0,0,0,0
3912,0,0,3,0,0,0,0,0,0,181,334,0
3913,0,0,0,41,6,243,0,0,0,0,0,0
3914,0,0,0,0,0,0,40,0,1,0,0,0
3915,3,56,51,0,0,0,0,0,0,1,0,0
3916,1,86,29,0,0,0,1,0,0,0,0,0
3917,1,428,25,0,0,0,2,0,0,0,0,0
3918,0,0,0,0,0,0,90,61,1,0,0,0
3919,0,0,0,0,0,68,0,0,0,0,0,0
3920,0,940,2,0,0,0,0,0,0,0,0,0
3921,5,63,27,0,0,0,0,0,0,0,0,0
3922,0,77,4,0,0,0,0,0,0,0,0,0
3923,0,0,0,0,0,8,0,0,0,85,2804,1
3924,0,0,5,0,0,1,0,0,0,949,2204,435
3925,0,0,0,17,24,37,0,0,0,0,0,0
3926,0,0,0,9,17,213,0,0,0,0,0,0
3927,0,0,0,0,0,0,0,0,0,0,414,1
3928,43,237,20,0,0,0,0,0,0,0,0,0
3929,0,0,0,0,0,0,161,205,0,0,0,0
3930,0,0,0,11,16,96,0,1,0,0,0,0
3931,0,0,0,9,3,1211,0,0,0,0,7,0
3932,0,0,0,0,0,0,101,1,8,0,0,0
3933,8,71,3017,0,0,0,2,0,0,13,0,0
3934,7,57,9,0,0,0,0,0,0,0,0,0
3935,0,0,0,0,0,0,0,0,0,49,1,6
3936,30,275,26,0,0,0,1,0,0,0,0,0
3937,0,0,0,0,0,0,250,79,17,0,0,0
3938,0,381,52,0,0,0,0,0,0,0,0,0
3939,0,7,0,0,0,0,416,238,1,0,0,0
3940,65,222,50,1,0,0,1,0,0,0,0,0
3941,0,47,24,0,0,0,1,0,0,0,0,0
3942,19,230,34,0,0,0,0,0,0,0,0,0
3943,0,27,157,0,0,0,0,0,0,1,0,0
3944,0,0,0,0,0,0,0,0,0,64,1,1
3945,8,87,4,0,0,0,4,0,0,0,0,0
3946,0,50,16,0,0,0,0,0,0,0,0,0
3947,0,0,0,0,0,0,78,391,1,0,0,0
3948,19,32414,42,1,0,0,647,1,0,0,0,0
3949,0,0,0,7,15,153,0,0,0,0,0,0
3950,0,2,0,0,0,0,1691,45,7,0,0,0
3951,14,182,53,0,0,0,0,1,0,0,0,0
3952,0,0,0,27,0,376,0,0,0,0,1,0
3953,0,27,8,0,0,0,0,0,0,0,0,0
3954,5,166,30,0,0,0,0,0,0,0,0,0
3955,0,0,0,0,2,0,214,1564,26,0,0,0
3956,0,20,6,0,0,0,0,0,0,0,0,0
3957,0,22,68,0,0,0,1,0,0,0,0,0
3958,4,22,138,0,0,0,0,0,0,0,0,0
3959,3,303,15,0,0,0,0,0,0,0,0,0
3960,0,0,0,6,33,699,0,0,0,0,1,0
3961,0,0,0,0,0,5,0,0,0,142,3183,7
3962,1,57,87,0,0,0,0,0,0,1,0,0
3963,6,184,15,0,0,0,1,0,0,0,0,0
3964,50,1041,37,0,0,0,0,1,0,0,0,0
3965,0,0,0,0,0,0,50,105,22,0,0,0
3966,0,0,0,0,0,4,0,0,0,51,814,8
3967,0,0,0,4,44,143,0,0,0,0,0,0
3968,0,0,0,14,8,31,0,0,0,0,0,0
3969,0,0,0,0,0,0,180,11,0,0,0,0
3970,0,0,0,0,1,28,0,0,0,0,0,0
3971,0,0,0,0,7,0,187,1000,1,0,0,0
3972,0,0,0,0,1,45,0,0,0,0,0,0
3973,0,0,0,13,3,38,0,0,0,0,0,0
3974,0,0,0,0,0,0,91,4,4,0,0,0
3975,6,89,32,0,0,0,0,0,0,0,0,0
3976,4,47,24,0,0,0,0,0,0,0,0,0
3977,0,0,0,0,0,0,58,3,5,0,0,0
3978,1,3,6,0,0,0,0,0,0,0,0,0
3979,9,351,40,0,0,0,0,0,0,0,0,0
3980,0,0,0,0,0,0,65,104,1,0,0,0
3981,0,0,0,0,1,18,0,0,0,0,0,0
3982,0,0,0,49,0,223,0,0,0,0,1,0
3983,11,101,2,0,0,0,1,0,0,0,0,0
3984,0,0,0,0,0,0,0,0,0,12,625,0
3985,105,34,5,0,0,0,0,0,0,0,0,0
3986,1,30,16,0,0,0,0,0,0,0,0,0
3987,0,0,0,0,0,4,0,0,0,26,1530,2
3988,42,103,2,0,0,0,2,0,0,0,0,0
3989,0,38,14,0,0,0,0,0,0,0,0,0
3990,0,0,0,0,0,6,0,0,0,210,1395,1
3991,0,0,0,4,36,65,0,0,0,0,0,0
3992,0,0,0,0,0,2,0,0,0,75,732,7
3993,0,0,0,113,13,62,0,0,0,0,0,0
3994,0,2,0,0,20,1,1022,1407,3,0,0,0
3995,0,1,0,0,0,0,236,1,1,0,0,0
3996,8,78,175,0,0,0,0,0,0,0,0,0
3997,77,163,56,0,0,0,1,0,0,1,0,0
3998,0,1,0,0,0,0,200,0,10,0,0,0
3999,3,30,35,0,0,0,0,0,0,0,0,0
4000,2,149,77,0,0,0,0,0,0,0,0,0
4001,0,37,1,0,0,0,0,0,0,0,0,0
4002,0,0,0,0,0,52,0,0,0,48,6719,3
4003,0,0,0,2,1,99,0,0,0,0,0,0
4004,0,12,0,0,0,0,0,0,0,0,0,0
4005,7,61,12,0,0,0,0,0,0,0,0,0
4006,0,0,0,0,57,0,236,1281,24,0,0,0
4007,0,0,0,1,3,17,0,0,0,0,0,0
4008,0,0,0,1,6,580,0,0,0,0,12,0
4009,0,0,0,0,16,7,0,0,0,11,1790,1
4010,0,0,0,0,0,2,0,0,0,59,975,1
4011,0,0,0,48,69,60,0,0,0,0,0,0
4012,0,0,0,0,0,31,0,0,0,12,4112,0
4013,2,191,1,0,0,0,1,0,0,0,0,0
4014,0,0,0,0,0,2,0,0,0,0,511,0
4015,9,300,26,0,0,0,1,0,0,0,0,0
4016,0,0,0,0,0,0,73,0,6,0,0,0
4017,1,204,30,0,0,0,1,0,0,0,0,0
4018,3,163,13,0,0,0,0,0,0,0,0,0
4019,0,0,35,0,0,0,0,0,0,2,0,0
4020,2,21,7,0,0,0,0,0,0,0,0,0
4021,0,0,0,0,0,17,0,0,0,66,2167,11
4022,0,0,0,1,18,51,0,0,0,0,0,0
4023,0,0,0,0,0,4,0,0,0,0,0,0
4024,0,2,0,0,0,0,327,21,1,0,0,0
4025,0,0,0,0,0,40,0,0,0,0,0,0
4026,0,0,0,0,0,0,0,0,0,0,0,0
4027,0,38,1,0,0,0,0,0,0,0,0,0
4028,0,0,0,0,0,0,0,0,0,55,22,3
4029,0,0,0,0,0,4,0,0,0,0,0,0
4030,0,0,0,1,20,29,0,1,0,0,0,0
4031,0,0,0,0,0,0,0,0,0,0,0,0
4032,1,0,1,0,0,0,0,0,0,0,0,0
4033,0,0,0,0,0,168,0,0,0,0,1,0
4034,0,950,20,0,0,0,0,0,0,0,0,0
4035,0,0,0,0,48,22,0,0,0,0,0,0
4036,0,0,0,13,4,35,0,0,0,0,0,0
4037,0,0,0,0,0,0,10,2,0,0,0,0
4038,0,4,0,0,0,0,0,0,0,0,0,0
4039,0,0,0,0,0,4,0,0,0,0,643,0
4040,4,443,67,0,0,0,4,0,0,0,0,0
4041,0,0,0,3,195,56,0,0,0,0,0,0
4042,0,0,0,2,2,32,0,0,0,0,0,0
4043,0,38,1,0,0,0,0,0,0,0,0,0
4044,3,79,23,0,0,0,0,0,0,1,0,0
4045,0,0,0,5,34,281,0,0,0,0,2,0
4046,0,0,0,0,0,0,5,6,0,0,0,0
4047,0,0,0,0,0,0,1,3,2,0,0,0
4048,0,0,0,0,0,1,0,0,0,6,638,0
4049,38,80,17,0,0,0,0,0,0,0,0,0
4050,0,0,0,0,0,0,0,0,0,0,0,0
4051,0,0,0,4,28,384,0,0,0,0,2,0
4052,0,0,0,0,0,0,0,0,0,30,6,13
4053,0,0,0,0,0,19,0,0,0,0,0,0
4054,0,0,0,7,98,666,0,0,0,0,0,0
4055,0,0,0,0,0,1,0,0,0,4,202,2
4056,1,3,2,0,0,0,0,0,0,0,0,0
4057,0,0,0,4,10,1342,0,0,0,0,10,0
4058,0,0,0,0,0,0,0,0,0,19,612,2
4059,0,0,0,0,0,0,0,0,0,12,219,0
4060,247,217,13,2,0,0,1,0,0,0,0,0
4061,0,0,0,0,0,0,4,4,0,0,0,0
4062,1,1,1,0,0,0,0,0,0,0,0,0
4063,0,0,0,0,0,203,0,0,0,0,2,0
4064,0,0,0,0,0,0,0,0,0,0,0,0
4065,0,0,0,0,0,0,0,0,0,2,18,2
4066,48,0,0,827,9,83,0,0,0,0,0,0
4067,0,1,0,0,0,0,220,19,2,0,0,0
4068,0,0,0,0,0,5,0,0,0,21,778,4
4069,0,0,1,0,0,1,0,0,0,45,1421,0
4070,2,240,2,0,0,0,0,0,0,0,0,0
4071,0,0,0,0,0,6,0,0,0,104,777,1
4072,0,0,0,40,14,109,0,0,0,0,0,0
4073,0,0,0,0,0,2,0,0,0,117,537,0
4074,0,0,0,0,0,1,0,0,0,0,0,0
4075,0,0,0,13,1,86,0,0,0,0,4,0
4076,0,1,0,0,0,0,232,40,16,0,0,0
4077,0,0,0,0,0,71,0,0,0,0,0,0
4078,0,0,0,8,2,9,0,0,0,0,0,0
4079,103,244,1,0,0,0,2,0,0,0,0,0
4080,0,1,0,0,2,0,105,179,53,0,0,0
4081,10,0,0,719,7,95,0,0,0,0,2,0
4082,0,0,0,0,0,0,61,54,3,0,0,0
4083,4,118,31,0,0,0,0,0,0,0,0,0
4084,0,0,0,0,0,26,0,0,0,13,5960,0
4085,14,103,7,0,0,0,0,0,0,0,0,0
4086,0,0,0,0,43,75,0,0,0,0,0,0
4087,0,0,0,83,16,163,0,1,0,0,0,0
4088,0,0,0,0,0,0,97,7,1,0,0,0
4089,0,19,12,0,0,0,0,0,0,0,0,0
4090,0,0,0,0,0,4,0,0,0,11,443,1
4091,19,94,3,0,0,0,0,0,0,0,0,0
4092,0,0,0,3,39,1121,0,0,0,0,5,0
4093,0,0,0,0,0,3,0,0,0,10,766,1
4094,2,272,7,0,0,0,0,0,0,0,0,0
4095,0,0,0,0,0,0,0,0,0,52,304,0
4096,0,0,0,41,59,104,0,0,0,0,0,0
4097,0,6,0,13,16,18,0,0,0,0,0,0
4098,0,0,0,3,46,23,0,0,0,0,0,0
4099,0,0,0,0,0,2,0,0,0,7,822,3
4100,0,0,0,4,6,908,0,0,0,0,1,0
4101,0,0,0,0,0,1,0,0,0,0,0,0
4102,8,116,1,0,0,0,0,0,0,0,0,0
4103,0,21,2,0,0,0,0,0,0,0,0,0
4104,6,100,137,0,0,0,0,0,0,0,0,0
4105,0,0,0,0,1,0,109,1544,42,0,0,0
4106,0,73,682,0,0,0,0,0,0,2,0,0
4107,1,73,60,0,0,0,0,0,0,0,0,0
4108,5,94,28,0,0,0,0,0,0,0,0,0
4109,0,0,0,0,0,0,75,403,1,0,0,0
4110,1,235,34,0,0,0,1,0,0,0,0,0
4111,0,0,0,23,19,374,0,0,0,0,0,0
4112,0,0,0,0,0,0,101,72,2,0,0,0
4113,0,0,0,0,0,20,0,0,0,9,5036,4
4114,0,0,0,1,25,170,0,0,0,0,0,0
4115,0,0,0,0,0,0,0,0,0,27,575,1
4116,0,0,0,0,0,0,0,0,0,1,141,1
4117,21,568,12,0,0,0,3,0,0,0,0,0
4118,0,0,0,0,0,250,0,0,0,0,0,0
4119,4,1,0,0,0,0,0,0,0,0,0,0
4120,0,0,0,1,0,319,0,0,0,0,0,0
4121,0,145,0,0,0,0,0,0,0,0,0,0
4122,0,0,0,3,4,70,0,0,0,0,0,0
4123,1,103,3,0,0,0,0,0,0,0,0,0
4124,0,0,0,0,0,0,237,99,2,0,0,0
4125,0,0,0,14,0,280,0,0,0,0,1,0
4126,0,0,0,0,0,0,134,178,31,0,0,0
4127,0,0,0,0,0,0,127,14,0,0,0,0
4128,0,0,0,0,0,0,0,0,1,0,0,0
4129,0,0,0,4,0,39,0,0,0,0,0,0
4130,0,1,0,0,0,0,73,2,1,0,0,0
4131,1,13,12,0,0,0,0,0,0,0,0,0
4132,0,0,0,3,1,109,0,0,0,0,0,0
4133,0,0,0,0,0,0,101,120,0,0,0,0
4134,0,0,0,2,0,4,0,0,0,0,0,0
4135,0,0,0,14,11,76,0,0,0,0,1,0
4136,0,0,0,0,18,0,287,4372,6,0,0,0
4137,0,0,0,0,2,137,0,0,0,0,4,0
4138,0,0,0,5,61,253,0,0,0,0,0,0
4139,0,0,0,0,0,0,0,0,0,17,1,0
4140,10,96,0,0,0,0,0,0,0,0,0,0
4141,13,240,64,0,0,0,0,0,0,0,0,0
4142,0,0,0,0,0,0,106,3,2,0,0,0
4143,4,150,24,0,0,0,0,0,0,0,0,0
4144,0,0,0,0,1,0,175,315,2,0,0,0
4145,0,2,0,0,0,0,305,28,2,0,0,0
4146,0,0,0,0,0,0,71,15,0,0,0,0
4147,0,0,0,0,4,148,0,0,0,0,0,0
4148,0,10,0,0,25,0,531,1832,4,0,0,0
4149,1,0,0,41,47,92,0,0,0,0,0,0
4150,0,0,0,2,21,385,0,0,0,0,1,0
4151,0,0,0,5,5,780,0,0,0,0,10,0
4152,0,0,0,0,0,70,0,0,0,0,1,0
4153,2,60,0,0,0,0,0,0,0,0,0,0
4154,1,1,0,0,0,0,0,0,0,0,0,0
4155,0,0,0,0,0,2,0,0,0,7,638,0
4156,0,0,0,68,30,128,0,0,0,0,0,0
4157,0,0,0,0,0,0,19,14,1,0,0,0
4158,0,0,0,0,0,17,0,0,0,0,7304,2
4159,0,0,0,10,26,127,0,0,0,0,2,0
4160,0,0,0,0,6,0,2,669,5,0,0,0
4161,0,0,0,0,0,18,0,0,0,0,0,0
4162,0,0,0,0,64,0,124,2107,33,0,0,0
4163,0,0,0,0,0,0,2,4,15,0,0,0
4164,0,0,0,1,0,73,0,0,0,0,0,0
4165,0,0,0,12,0,355,0,0,0,0,2,0
4166,8,799,7,0,0,0,2,0,0,0,0,0
4167,0,0,0,0,0,78,0,0,0,0,1,0
4168,0,4,0,0,0,0,0,0,0,0,0,0
4169,0,0,0,0,0,0,0,0,0,0,26,0
4170,0,0,0,0,0,0,0,0,0,2,7,0
4171,0,0,0,19,2,582,0,0,0,0,1,0
4172,0,29,3,0,0,0,0,0,0,0,0,0
4173,0,0,0,0,0,2,0,0,0,8,586,2
4174,0,0,0,19,1,96,0,0,0,0,1,0
4175,1,3,0,0,0,0,0,0,0,0,0,0
4176,3,6,0,0,0,0,0,0,0,0,0,0
4177,1,67,0,0,0,0,0,0,0,0,0,0
4178,0,6,3,0,0,0,0,0,0,0,0,0
4179,6,93,11,0,0,0,0,0,0,0,0,0
4180,0,0,0,0,4,0,268,1181,5,0,0,0
4181,0,0,0,0,3605,7,271,1341332,3,0,0,1
4182,0,0,0,0,0,1,0,0,0,96,287,2
4183,0,0,0,43,3,3488,0,0,0,0,6,0
4184,0,32,0,0,0,0,659,48,0,0,0,0
4185,0,0,0,0,0,0,67,64,34,0,0,0
4186,0,0,0,1,3,110,0,0,0,0,0,0
4187,0,2,0,0,0,0,107,92,0,0,0,0
4188,0,0,0,0,0,0,25,6,2,0,0,0
4189,0,0,0,0,0,0,0,0,0,13,520,5
4190,1,1,0,0,0,0,0,0,0,0,0,0
4191,0,0,0,0,0,0,0,0,0,17,1,5
4192,0,0,0,34,10,1065,0,0,0,0,0,0
4193,0,2,0,0,0,0,0,0,0,0,0,0
4194,0,0,0,0,0,0,0,0,0,0,476,0
4195,0,0,0,212,10,135,0,0,0,0,0,0
4196,0,0,0,0,0,0,42,0,2,0,0,0
4197,0,358,186,0,0,0,2,0,0,1,0,0
4198,1,34,21,0,0,0,0,0,0,0,0,0
4199,1,92,60,0,0,0,0,0,0,0,0,0
4200,0,0,0,11,7,33,0,0,0,0,0,0
4201,0,1,0,0,2,0,115,1572,29,0,0,0
4202,0,0,0,0,0,5,0,0,0,9,1707,0
4203,0,0,0,0,1,0,0,0,0,0,0,0
4204,15,51,0,0,0,0,0,0,0,0,0,0
4205,0,0,0,0,5,0,717,192,3,0,0,0
4206,0,0,0,0,0,18,0,0,0,10,3831,1
4207,0,0,0,0,7,0,277,2315,56,0,0,0
4208,0,14,31,0,0,0,0,0,0,0,0,0
4209,6,105,53,0,0,0,0,0,0,0,0,0
4210,3,96,8,0,0,0,0,0,0,0,0,0
4211,0,0,0,0,0,0,32,129,2,0,0,0
4212,0,0,0,0,0,0,0,0,0,0,174,0
4213,0,0,0,16,64,236,0,0,0,0,0,0
4214,0,0,0,0,10,54,0,0,0,0,0,0
4215,0,0,0,0,0,1,0,0,0,0,0,0
4216,0,0,0,0,0,0,104,143,2,0,0,0
4217,0,113,40,0,0,0,0,0,0,0,0,0
4218,0,0,0,0,0,0,111,49,4,0,0,0
4219,2,48,20,0,0,0,0,0,0,0,0,0
4220,1,292,14,0,0,0,0,0,0,0,0,0
4221,0,0,0,0,0,0,0,0,0,0,0,0
4222,6,35,39,0,0,0,0,0,0,0,0,0
4223,0,0,0,0,1,0,9,235,0,0,0,0
4224,0,0,0,0,0,22,0,0,0,0,0,0
4225,0,0,0,0,0,0,104,124,11,0,0,0
4226,0,0,0,0,0,1,0,0,0,37,719,2
4227,0,0,0,0,0,0,0,0,0,10,15,0
4228,71,363,13,0,0,0,1,0,0,0,0,0
4229,0,194,45,0,0,0,0,0,0,0,0,0
4230,0,0,0,0,0,0,0,0,0,9,711,18
4231,28,99,202,0,0,0,0,0,0,0,0,0
4232,0,0,0,0,1,0,201,168,0,0,0,0
4233,0,257,58,0,0,0,0,0,0,0,0,0
4234,0,0,0,0,0,2,0,0,0,42,646,0
4235,79,50,8,0,0,0,0,0,0,0,0,0
4236,6,52,35,0,0,0,0,0,0,0,0,0
4237,0,0,0,182,14,39492,0,0,0,0,435,0
4238,0,0,0,0,1,2,0,0,0,0,0,0
4239,17,1,0,1,0,0,0,0,0,0,0,0
4240,0,0,0,0,0,1750,0,0,0,0,2,0
4241,1,170,2,0,0,0,0,0,0,0,0,0
4242,0,0,0,2,4,181,0,0,0,0,0,0
4243,4,20,3,0,0,0,0,0,0,0,0,0
4244,0,6,0,0,0,0,0,0,0,0,0,0
4245,0,0,0,0,0,0,0,0,0,1,2,1
4246,0,0,0,0,0,7,0,0,0,38,1457,1
4247,0,0,0,0,0,0,0,0,0,0,0,0
4248,0,0,0,0,0,0,0,0,0,55,3,0
4249,2,0,0,113,31,178,0,0,0,0,1,0
4250,0,0,0,2,0,26,0,0,0,0,0,0
4251,1,2,2,0,0,0,0,0,0,0,0,0
4252,0,0,0,0,0,1,0,0,0,1,528,0
4253,0,0,0,0,0,0,0,0,0,3,2,0
4254,0,0,0,0,0,0,0,0,0,0,5,0
4255,0,57,0,0,0,0,11111,712,42,0,3,0
4256,0,0,0,0,0,0,7,7,1,0,0,0
4257,0,0,0,0,0,0,1,5,2,0,0,0
4258,0,0,0,1,13,317,0,0,0,0,2,0
4259,0,0,0,0,0,0,0,0,0,0,3,1
4260,0,4,0,0,0,0,0,0,0,0,0,0
4261,0,28,0,0,0,0,551,24,0,0,0,0
4262,0,0,0,0,0,0,10,1,0,0,0,0
4263,0,0,0,0,0,0,1,11,0,0,0,0
4264,0,0,0,0,2,68,0,0,0,0,0,0
4265,0,0,0,4,3,38,0,0,0,0,0,0
4266,0,0,0,0,0,25,0,0,0,0,1,0
4267,3,115,3,0,0,0,0,0,0,0,0,0
4268,4,32,18,0,0,0,0,0,0,1,0,0
4269,3,452,268,0,0,0,1,0,0,2,0,0
4270,0,0,0,1,0,398,0,0,0,0,0,0
4271,0,0,0,0,0,0,11,4,0,0,0,0
4272,0,0,0,0,0,0,5,4,0,0,0,0
4273,0,0,0,1,3,45,0,0,0,0,0,0
4274,0,0,0,1,1,2,0,0,0,0,0,0
4275,1,0,2,0,0,0,0,0,0,0,0,0
4276,0,0,0,0,0,26,0,0,0,0,5991,0
4277,0,4,0,0,0,0,0,0,0,0,0,0
4278,0,0,0,0,0,0,0,0,0,16,68,0
4279,0,0,0,37,33,57,0,3,0,0,0,0
4280,0,0,0,0,0,0,315,34,25,0,0,0
4281,0,0,0,1,0,5,0,0,0,0,0,0
4282,16,372,4,0,0,0,1,0,0,0,0,0
4283,0,1,0,0,0,0,103,1,6,0,0,0
4284,6,124,39,0,0,0,0,0,0,0,0,0
4285,0,1,0,0,7,0,854,1243,5,0,0,0
4286,0,0,0,0,0,0,1,4,1,0,0,0
4287,0,2,1,0,0,0,0,0,0,0,0,0
4288,0,0,0,0,2,0,637,1030,10,0,0,0
4289,0,0,0,0,0,0,14,125,1,0,0,0
4290,0,0,0,0,0,0,0,0,0,4,76,0
4291,618,100,7,0,0,0,0,0,0,0,0,0
4292,0,16,71,0,0,0,0,0,0,0,0,0
4293,41,687,8,0,0,0,2,0,0,0,0,0
4294,0,0,0,0,0,0,210,44,0,0,0,0
4295,3,120,1,0,0,0,0,0,0,0,0,0
4296,0,0,0,0,0,2,0,0,1,5,1685,322
4297,12,189,13,0,0,0,0,0,0,0,0,0
4298,0,0,0,0,0,0,33,90,2,0,0,0
4299,0,0,0,1,5,88,0,0,0,0,0,0
4300,0,0,0,0,59,1,49,5875,636,0,0,0
4301,0,0,0,0,0,7,0,0,0,4,369,1
4302,0,0,0,3,0,0,0,0,0,0,0,0
4303,0,0,0,27,3,155,0,0,0,0,0,0
4304,0,6,1,0,0,0,0,0,0,0,0,0
4305,1,62,2,0,0,0,0,0,0,0,0,0
4306,0,135,1,0,0,0,1,0,0,0,0,0
4307,0,27,49,0,0,0,0,0,0,1,0,0
4308,2,156,9,0,0,0,1,0,0,0,0,0
4309,0,0,0,0,1,0,80,268,0,0,0,0
4310,0,0,0,7,2,4,0,0,0,0,0,0
4311,0,0,0,0,0,0,104,18,32,0,0,0
4312,0,0,0,0,2,24,0,0,0,0,0,0
4313,3,76,1,0,0,0,0,0,0,0,0,0
4314,8,26,1,0,0,0,0,0,0,0,0,0
4315,1,67,29,0,0,0,0,0,0,0,0,0
4316,11,76,1,0,0,0,0,0,0,0,0,0
4317,0,0,0,0,0,0,48,7,3,0,0,0
4318,0,0,0,1,7,42,0,0,0,0,0,0
4319,0,1,0,0,0,0,564,92,13,0,0,0
4320,0,0,1,0,0,8,0,0,0,32,6178,5
4321,0,0,0,0,0,137,0,0,0,317,15360,2
4322,0,0,0,2,0,32,0,0,0,0,0,0
4323,0,0,0,6,1,2,0,0,0,0,0,0
4324,0,0,0,5,12,72,0,0,0,0,0,0
4325,0,0,0,0,0,90,0,0,0,0,0,0
4326,0,38,0,0,0,0,0,0,0,0,0,0
4327,0,0,0,0,0,3,0,0,0,0,886,1
4328,0,79,3,0,0,0,0,0,0,0,0,0
4329,0,0,0,0,0,6,0,0,0,0,0,0
4330,0,0,0,35,3,176,0,0,0,0,0,0
4331,0,0,0,0,0,18,0,0,0,3,6240,10
4332,0,0,0,8,0,4,0,0,0,0,0,0
4333,3,5610,1,0,0,0,3,0,1,0,0,0
4334,0,0,0,0,0,0,0,0,0,2,203,6
4335,0,0,0,0,0,0,0,0,0,1,29,1
4336,136,236,18,0,0,0,1,0,0,0,0,0
4337,0,0,0,1,13,5,0,0,0,0,0,0
4338,0,0,0,0,0,0,0,0,0,2,28,1
4339,0,0,0,4,0,242,0,0,0,0,0,0
4340,1,254,6,0,0,0,0,0,0,0,0,0
4341,0,0,0,2,0,33,0,0,0,0,0,0
4342,0,0,0,13,1,48,0,0,0,0,0,0
4343,5,92,8,0,0,0,0,0,0,0,0,0
4344,0,0,0,1,33,180,0,0,0,0,0,0
4345,0,0,0,0,0,1,0,0,0,36,671,4
4346,0,0,0,6,33,399,0,0,0,0,0,0
4347,0,0,0,0,0,0,0,0,0,10,503,4
4348,0,0,0,6,24,67,0,0,0,0,0,0
4349,0,0,0,0,0,0,0,0,0,0,0,0
4350,1,0,1,0,0,0,0,0,0,0,0,0
4351,0,0,0,0,0,678,0,0,0,0,0,0
4352,0,0,0,0,0,0,33,0,5,0,0,0
4353,6,312,213,0,0,0,0,0,0,1,0,0
4354,0,0,0,0,0,0,173,132,2,0,0,0
4355,0,3,2,0,0,0,0,0,0,0,0,0
4356,2,46,0,0,0,0,0,0,0,0,0,0
4357,0,0,0,0,0,0,96,210,6,0,0,0
4358,0,0,0,0,0,0,0,0,0,5,1,2
4359,55,52,5,0,0,0,0,0,0,0,0,0
4360,6,53,5,0,0,0,0,0,0,0,0,0
4361,0,0,0,0,0,0,5,1,0,0,0,0
4362,0,6,8,0,0,0,0,0,0,0,0,0
4363,1,27,1,0,0,0,0,0,0,0,0,0
4364,0,70,35,0,0,0,0,0,0,0,0,0
4365,0,0,0,0,0,2,0,0,0,0,0,0
4366,0,0,0,7,4,44,0,0,0,0,0,0
4367,0,0,0,0,0,0,0,0,0,55,33,2
4368,0,0,0,0,2,4,0,0,0,0,0,0
4369,0,0,0,154,13,130,0,0,0,0,0,0
4370,0,0,0,0,0,0,102,0,0,0,0,0
4371,0,0,0,0,0,0,8,2,1,0,0,0
4372,5,157,36,0,0,0,7,0,0,0,0,0
4373,0,0,0,0,0,0,0,0,0,0,0,0
4374,0,0,0,0,0,0,0,0,0,0,16,2
4375,0,0,0,11,7,64,0,0,0,0,0,0
4376,0,0,0,0,0,0,22,4,0,0,0,0
4377,0,0,0,0,0,1,0,0,0,0,0,0
4378,0,0,0,22,20,45,0,0,0,0,0,0
4379,0,0,0,3,25,4,0,0,0,0,0,0
4380,0,0,0,0,1,0,0,0,0,1,23,4
4381,0,0,0,15,81,229,0,0,0,0,0,0
4382,0,0,0,0,1,0,0,0,0,0,0,0
4383,0,0,0,0,0,0,0,3,0,0,0,0
4384,0,0,0,0,0,0,0,1,0,0,0,0
4385,0,14,366,0,0,0,0,0,0,0,0,0
4386,3,186,31,0,0,0,0,0,0,0,0,0
4387,0,0,0,3,4,90,0,0,0,0,0,0
4388,0,0,0,1,127,9,0,0,0,0,0,0
4389,0,0,0,0,16,6,0,0,0,0,0,0
4390,0,1,0,0,2,0,192,253,2,0,0,0
4391,0,0,0,0,0,0,0,0,0,251,2,2
4392,0,0,0,0,0,0,116,14,0,0,0,0
4393,6,96,215,0,0,0,0,0,0,1,0,0
4394,0,0,0,0,0,0,7,1,0,0,0,0
4395,2,3,4,0,0,0,0,0,0,0,0,0
4396,7,122,0,0,0,0,0,0,0,0,0,0
4397,2,64,17,0,0,0,0,0,0,0,0,0
4398,0,0,0,0,0,8,0,0,0,0,0,0
4399,0,0,0,0,6,0,25,2438,59,0,0,0
4400,0,0,0,0,0,0,0,0,0,25,128,0
4401,0,0,0,1,1,0,0,0,0,0,0,0
4402,0,0,0,71,2,258,0,0,0,0,2,0
4403,0,12,0,0,0,0,549,18,2,0,0,0
4404,0,0,0,0,0,0,0,0,0,39,422,2
4405,27,58,12,0,0,0,0,0,0,0,0,0
4406,0,0,0,0,0,1,0,0,0,6,537,0
4407,0,1,0,0,0,0,0,0,0,0,0,0
4408,0,0,0,0,0,353,0,0,0,0,1,0
4409,0,0,0,0,0,0,66,35,11,0,0,0
4410,0,0,0,0,0,4,0,0,0,13,507,1
4411,71,140,17,0,0,0,1,0,0,0,0,0
4412,0,0,0,0,0,0,90,5,7,0,0,0
4413,2,4,45,0,0,0,0,0,0,0,0,0
4414,6,140,16,0,0,0,2,0,0,0,0,0
4415,0,0,0,0,0,0,53,2,18,0,0,0
4416,2,14,7,0,0,0,0,0,0,0,0,0
4417,2,86,18,0,0,0,0,0,0,0,0,0
4418,0,20,1,0,0,0,0,0,0,0,0,0
4419,0,0,0,0,0,0,0,0,0,12,4,4
4420,4,269,2,0,0,0,1,0,0,0,0,0
4421,0,0,0,0,0,3,0,0,0,143,624,7
4422,0,1,0,0,0,0,652,1,1,0,0,0
4423,0,0,0,0,0,7,0,0,0,61,2963,5
4424,0,7,34,0,0,0,0,0,0,0,0,0
4425,2,9,9,0,0,0,0,0,0,0,0,0
4426,11,659,29,0,0,0,0,0,0,0,0,0
4427,0,0,0,7,86,239,0,0,0,0,1,0
4428,0,0,0,0,1,17,0,0,0,0,1,0
4429,0,33,1,0,0,0,0,0,0,0,0,0
4430,3,61,12,0,0,0,0,0,0,0,0,0
4431,0,0,0,1,0,4,0,0,0,0,0,0
4432,0,0,0,0,0,0,22,77,6,0,0,0
4433,0,0,0,0,0,0,0,0,0,4,3,0
4434,0,0,0,0,0,0,0,0,0,0,14,0
4435,0,0,0,36,17,79,0,0,0,0,0,0
4436,0,1,0,0,0,0,202,1,0,0,0,0
4437,0,0,0,0,0,34,0,0,0,0,0,0
4438,0,0,0,0,0,2,0,0,0,106,1178,2
4439,0,0,0,0,0,2,0,0,0,0,0,0
4440,0,0,0,0,0,0,6,6,2,0,0,0
4441,0,0,0,0,0,50,0,0,0,0,0,0
4442,0,0,0,0,0,0,132,225,2,0,0,0
4443,0,0,0,0,0,35,0,0,0,0,0,0
4444,0,0,0,0,5,0,182,1960,29,0,0,0
4445,0,0,0,0,0,0,8,0,1,0,0,0
4446,0,56,41,0,0,0,0,0,0,0,0,0
4447,12,28,11,0,0,0,0,0,0,0,0,0
4448,1,2109,0,0,0,0,2,0,0,0,0,0
4449,0,0,0,0,0,0,0,0,0,41,189,1
4450,0,0,0,12,0,92,0,0,0,0,0,0
4451,0,6,0,0,0,0,0,0,0,0,0,0
4452,0,119,192,0,0,0,0,0,0,1,0,0
4453,22,177,58,0,0,0,0,0,0,0,0,0
4454,0,0,0,0,0,0,287,68,9,0,0,0
4455,0,0,0,0,0,43,0,0,0,6,6808,1
4456,0,0,0,0,0,51,0,0,0,18,10552,3
4457,70,542,12,0,0,0,4,0,0,0,0,0
4458,0,0,0,0,0,45,0,0,0,0,0,0
4459,4,108,3,0,0,0,0,0,0,0,0,0
4460,0,0,0,0,0,0,121,5,0,0,0,0
4461,0,0,0,0,1,4,0,0,0,0,0,0
4462,0,0,0,26,20,46,0,0,0,0,1,0
4463,0,0,0,24,32,4,0,0,0,0,0,0
4464,0,0,0,0,0,2,0,0,0,0,656,0
4465,42,51,9,0,0,0,0,0,0,0,0,0
4466,2,51,1,0,0,0,1,0,0,0,0,0
4467,0,0,0,0,0,2,0,0,0,41,513,2
4468,0,0,0,2,4,103,0,0,0,0,0,0
4469,6,52,0,0,0,0,0,0,0,0,0,0
4470,0,0,0,0,0,1,0,0,0,0,0,0
4471,1,0,0,0,0,0,0,0,0,0,0,0
4472,0,0,0,0,0,0,0,0,0,7,1,1
4473,6,42,0,0,0,0,0,0,0,0,0,0
4474,0,12,0,0,0,0,97,106,0,0,0,0
4475,0,0,0,0,0,0,0,0,0,5,1411,0
4476,0,0,0,0,0,0,282,15,0,0,0,0
4477,0,0,0,2,0,68,0,0,0,0,0,0
4478,0,28,2,0,0,0,0,0,0,0,0,0
4479,5,21,29,0,0,0,0,0,0,0,0,0
4480,1,120,57,0,0,0,0,0,0,0,0,0
4481,0,0,0,4,0,14,0,0,0,0,0,0
4482,1,1,0,0,0,0,0,0,0,0,0,0
4483,0,0,0,0,0,135,0,0,0,0,0,0
4484,1,59,1,0,0,0,0,0,0,0,0,0
4485,4,343,4,0,0,0,0,0,0,0,0,0
4486,0,0,0,0,0,0,185,360,8,0,0,0
4487,0,0,0,0,0,0,117,7,0,0,0,0
4488,0,0,0,0,0,0,68,0,1,0,0,0
4489,0,0,0,0,1,29,0,0,0,0,0,0
4490,0,185,3,0,0,0,0,0,0,0,0,0
4491,0,0,0,2,2,3,0,0,0,0,0,0
4492,0,0,0,9,0,362,0,0,0,0,1,0
4493,5,22,5,0,0,0,0,0,0,0,0,0
4494,6,43,5,0,0,0,0,0,0,0,0,0
4495,4,25,2,0,0,0,0,0,0,0,0,0
4496,26,152,2,0,0,0,0,0,0,0,0,0
4497,0,0,0,1,3,9,0,0,0,0,0,0
4498,20,28,0,0,0,0,0,0,0,0,0,0
4499,0,0,0,0,0,0,0,0,0,12,2,9
4500,21,29,4,0,0,0,0,0,0,0,0,0
4501,14,258,96,0,0,0,0,0,0,0,0,0
4502,0,0,0,0,0,0,185,3,6,0,0,0
4503,115,30,67,4,0,0,0,0,0,0,0,0
4504,0,3,0,1,7,0,646,2623,9,0,0,0
4505,0,0,0,0,0,0,4,13,2,0,0,0
4506,1,0,0,0,0,0,6,2,3,0,0,0
4507,0,0,0,4,3,42,0,0,0,0,0,0
4508,0,0,0,0,0,0,231,143,5,0,1,0
4509,0,0,0,4,5,25,0,0,0,0,0,0
4510,2,1,1,0,5,0,403,2636,32,0,0,0
4511,0,5,0,0,0,0,169,38,2,0,0,0
4512,0,0,0,5,1,10,0,0,0,0,0,0
4513,0,0,1,35,10,169,0,0,0,0,0,0
4514,0,0,0,0,0,0,112,2,0,0,0,0
4515,2,2,5,0,0,0,0,0,0,0,0,0
4516,0,0,0,5,27,577,0,0,0,0,1,0
4517,0,0,0,2,0,15,0,0,0,0,0,0
4518,5,190,3,0,0,0,0,0,0,0,0,0
4519,0,0,0,0,0,158,0,0,0,0,1,0
4520,0,0,0,0,0,0,5,56,0,0,0,0
4521,0,0,0,0,0,0,10,23,0,0,0,0
4522,0,0,0,2,1,21,0,0,0,0,0,0
4523,0,0,0,0,0,0,86,58,20,0,0,0
4524,0,0,0,0,0,3,0,0,0,0,658,3
4525,0,0,0,1,4,78,0,0,0,0,0,0
4526,0,1,0,0,0,0,0,0,0,0,0,0
4527,0,0,0,0,0,0,64,0,0,0,0,0
4528,0,438,0,0,0,0,0,0,0,0,0,0
4529,0,0,0,2,0,4,0,0,0,0,0,0
4530,0,0,0,0,1,2,0,0,0,0,0,0
4531,0,0,0,0,0,50,0,0,0,0,0,0
4532,0,0,0,0,0,2,0,0,0,0,0,0
4533,7,14,0,0,0,0,0,0,0,0,0,0
4534,0,0,0,0,0,4,0,0,0,0,1498,0
4535,0,0,0,0,0,4,0,0,0,0,0,0
4536,0,0,0,0,0,4,0,0,0,0,0,0
4537,0,0,0,0,0,60,0,0,0,0,0,0
4538,0,0,0,2,0,3,0,0,0,0,0,0
4539,0,1,0,0,0,0,0,0,0,0,0,0
4540,0,0,0,0,0,6,0,0,0,0,2728,0
4541,0,8,0,0,0,0,0,0,0,0,0,0
4542,0,0,0,0,0,0,0,0,0,79,13,3
4543,0,0,4,0,0,93,0,0,0,328,15495,2
4544,45,60,4,0,0,0,0,0,0,0,0,0
4545,0,1,0,0,0,0,121,83,1,0,0,0
4546,0,0,0,0,1,78,0,0,0,0,0,0
4547,0,669,0,0,0,0,1,0,0,0,0,0
4548,0,718,9,0,0,0,0,0,0,0,0,0
4549,4,343,13,0,0,0,1,0,0,0,0,0
4550,1,107,2,0,0,0,0,0,0,0,0,0
4551,0,0,1,0,0,7,0,0,0,466,4437,1
4552,15,55,2,0,0,0,0,0,0,0,0,0
4553,1,48,26,0,0,0,0,0,0,0,0,0
4554,0,0,2,0,0,0,0,0,0,119,136,7
4555,0,0,0,14,16,110,0,0,0,0,0,0
4556,0,1,0,0,0,0,286,17,5,0,0,0
4557,0,0,0,0,0,3,0,0,0,0,0,0
4558,5,189,6,0,0,0,1,0,0,0,0,0
4559,0,1,0,0,0,0,153,21,1,0,0,0
4560,0,0,0,0,0,4,0,0,0,118,710,0
4561,0,0,0,0,0,0,521,32,5,0,0,0
4562,0,0,0,13,17,0,0,0,0,0,0,0
4563,0,0,0,0,0,0,0,0,0,1,377,0
4564,4,173,64,0,0,0,0,0,0,1,0,0
4565,0,0,0,0,0,0,0,0,0,77,7,3
4566,0,0,0,0,0,0,0,0,0,0,0,0
4567,0,0,0,16,0,55,0,0,0,0,0,0
4568,0,351,2,0,0,0,1,0,0,0,0,0
4569,0,0,0,0,0,0,0,0,0,0,0,0
4570,0,0,0,0,0,2,0,0,0,61,871,1
4571,15,220,5,0,0,0,1,0,0,0,0,0
4572,0,163,74,0,0,0,0,0,0,0,0,0
4573,0,0,0,0,0,3,0,0,0,28,1674,1
4574,1,27,4,0,0,0,0,0,0,0,0,0
4575,0,0,0,0,0,0,0,0,0,48,317,0
4576,2310,135,9,2,0,1,1,0,0,0,0,0
4577,0,0,0,0,0,0,0,0,0,32,728,1
4578,0,0,0,0,0,0,0,0,0,0,0,0
4579,7,0,0,4612,1,136,0,0,0,0,0,0
4580,1,0,1,0,0,0,0,0,0,0,0,0
4581,0,5,0,0,0,0,0,0,0,0,0,0
4582,0,0,0,0,0,26,0,0,0,0,7894,0
4583,0,0,0,0,0,0,418,30,7,0,0,0
4584,3,114,90,0,0,0,2,0,0,1,0,0
4585,0,0,0,95,13,164,0,0,0,0,0,0
4586,0,0,0,0,0,26,0,0,0,16,3997,1
4587,0,0,0,3,0,0,0,0,0,0,0,0
4588,4,42,4,0,0,0,0,0,0,0,0,0
4589,0,29,130,0,0,0,0,0,0,1,0,0
4590,0,72,2,0,0,0,0,0,0,0,0,0
4591,0,0,0,10,58,105,0,0,0,0,0,0
4592,0,0,0,0,0,0,6,9,2,0,0,0
4593,4,0,5,0,0,0,0,0,0,0,0,0
4594,2,33,11,0,0,0,0,0,0,0,0,0
4595,1,520,34,0,0,0,0,0,0,0,0,0
4596,0,0,1,0,0,1,0,0,0,359,329,5
4597,0,0,0,16,44,625,0,0,0,0,7,0
4598,0,0,0,0,0,0,0,0,0,30,3,3
4599,0,0,0,0,0,0,0,0,0,0,0,0
4600,0,0,0,55,0,80,0,0,0,0,0,0
4601,0,0,0,0,0,0,261,1,0,0,0,0
4602,0,0,0,0,0,2,0,0,0,0,0,0
4603,0,0,0,1,1,56,0,0,0,0,0,0
4604,0,40,0,0,0,0,0,0,0,0,0,0
4605,0,0,0,0,0,0,0,0,0,4,13,0
4606,13,34,3,0,0,0,1,0,0,0,0,0
4607,4,62,4,0,0,0,0,0,0,0,0,0
4608,0,0,0,8,4,244,0,0,0,0,1,0
4609,0,0,0,0,0,0,34,40,1,0,0,0
4610,0,0,0,0,0,0,0,0,0,0,2,0
4611,0,0,0,0,0,0,0,0,0,1,2,1
4612,3,51,25,0,0,0,0,0,0,0,0,0
4613,0,0,0,0,0,0,0,0,0,67,57,0
4614,3,0,0,52,0,1,0,0,0,0,0,0
4615,0,0,0,54,24,214,0,0,0,0,0,0
4616,0,0,0,0,0,0,0,0,0,0,0,0
4617,0,0,0,0,0,0,1,1,0,0,0,0
4618,0,0,0,0,0,1,0,0,0,31,603,0
4619,0,0,0,0,1,29,0,0,0,0,0,0
4620,2,1,0,0,0,0,0,0,0,0,0,0
4621,0,0,0,0,2,206,0,0,0,0,0,0
4622,0,2,0,0,0,0,114,18,0,0,0,0
4623,0,0,0,0,0,15,0,0,0,0,0,0
4624,13,167,0,0,0,0,1,0,0,0,0,0
4625,1,2,0,0,0,0,0,0,0,0,0,0
4626,0,0,0,0,0,0,0,0,0,0,1,0
4627,1,63,3,0,0,0,0,0,0,0,0,0
4628,0,0,0,0,0,0,0,0,0,0,5,0
4629,0,0,0,0,0,0,0,0,0,0,0,0
4630,0,0,0,0,0,401,0,0,0,0,1,0
4631,0,2,0,0,0,0,85,30,1,0,0,0
4632,0,1,0,0,0,0,68,2,0,0,0,0
4633,0,0,0,0,0,9,0,0,0,20,1950,2
4634,0,0,0,1,0,211,0,0,0,0,0,0
4635,0,0,0,1,0,2,0,0,0,0,0,0
4636,8,375,13,0,0,0,1,0,0,0,0,0
4637,0,34,1,0,0,0,0,0,0,0,0,0
4638,4,93,51,0,0,0,0,0,0,0,0,0
4639,0,0,0,3,22,76,0,0,0,0,0,0
4640,0,0,0,0,2,257,0,0,0,0,1,0
4641,0,0,0,0,1,0,0,0,0,0,0,0
4642,0,1,0,0,0,0,327,57,1,0,0,0
4643,0,0,0,0,0,0,90,1,0,0,0,0
4644,0,44,32,0,0,0,0,0,0,0,0,0
4645,6,69,70,0,0,0,0,0,0,4,0,0
4646,0,0,0,0,0,0,15,0,1,0,0,0
4647,0,30,17,0,0,0,0,0,0,3,0,0
4648,15,123,33,0,0,0,0,0,0,0,0,0
4649,0,0,0,0,0,0,109,477,0,0,0,0
4650,0,0,0,0,0,0,0,0,0,1,4,0
4651,0,0,0,27,22,243,0,0,0,0,15,0
4652,0,0,0,0,0,0,9,34,0,0,0,0
4653,0,0,0,0,0,0,0,0,0,0,36,1
4654,0,0,0,33,26,235,0,0,0,0,0,0
4655,0,0,0,0,0,58,0,0,0,119,1360,10
4656,0,4,0,0,0,0,821,53,0,0,0,0
4657,0,12,0,0,1,0,436,84,1,0,0,0
4658,0,0,0,1,0,36,0,0,0,0,0,0
4659,10,703,5,0,0,0,1,0,0,0,0,0
4660,0,0,0,0,0,509,0,0,0,0,42,0
4661,0,0,1,0,0,0,0,0,0,0,0,0
4662,0,0,0,0,0,2,0,0,0,0,0,0
4663,0,0,0,0,0,0,1,0,0,0,0,0
4664,0,4,18,0,0,0,0,0,0,0,0,0
4665,0,2,0,0,0,0,350,7,1,0,0,0
4666,1,450,1,0,0,0,2,0,0,0,0,0
4667,0,0,0,34,23,4,0,0,0,0,0,0
4668,0,0,0,0,0,10,0,0,0,25,1526,5
4669,0,0,0,4,23,70,0,0,0,0,0,0
4670,0,0,0,0,0,0,0,0,0,31,3,0
4671,0,0,0,0,0,1,0,0,0,0,0,0
4672,0,0,0,0,0,3,0,0,0,33,691,0
4673,0,4,1,0,0,0,0,0,0,0,0,0
4674,5,58,8,0,0,0,1,0,0,0,0,0
4675,1,94,4,0,0,0,1,0,0,0,0,0
4676,0,0,0,0,0,0,11,29,3,0,0,0
4677,0,0,0,0,0,10,0,0,0,0,0,0
4678,0,4,0,0,3,0,168,201,3,0,0,0
4679,0,0,0,0,0,8,0,0,0,13,449,1
4680,0,0,0,0,0,2,0,0,0,18,196,4
4681,78,244,23,1,0,0,3,0,0,0,0,0
4682,0,2,0,0,1,0,225,42,0,0,0,0
4683,0,0,0,0,0,39,0,0,0,2,4247,0
4684,0,0,0,16,3,626,0,0,0,0,5,0
4685,0,6,0,0,0,0,0,0,0,0,0,0
4686,0,0,0,0,0,3,0,0,0,0,1888,0
4687,43,205,25,0,0,0,1,0,0,0,0,0
4688,0,2,0,0,0,0,46,0,0,0,0,0
4689,0,0,0,0,0,0,0,0,0,0,0,0
4690,0,0,0,14,11,60,0,0,0,0,0,0
4691,0,0,0,14,21,2,0,0,0,0,0,0
4692,0,0,0,0,0,0,0,0,0,0,14,1
4693,0,0,0,69,8,127,0,0,0,0,3,0
4694,0,0,0,0,0,0,133,10,9,0,0,0
4695,0,0,0,0,0,5,0,0,0,0,0,0
4696,0,0,0,4,14,90,0,0,0,0,0,0
4697,0,0,0,5,21,18,0,0,0,0,0,0
4698,0,0,0,0,0,1,0,0,0,129,980,1
4699,0,0,0,2,90,159,0,0,0,0,0,0
4700,0,0,0,12,13,20,0,0,0,0,0,0
4701,0,0,0,0,0,0,0,0,0,0,51,0
4702,3,92,1,0,0,0,2,0,0,0,0,0
4703,0,0,0,0,0,1,0,0,0,57,149,0
4704,0,0,0,0,0,0,0,0,0,21,472,0
4705,0,0,0,81,21,64,0,0,0,0,1,0
4706,0,18,0,0,2,0,49,92,1,0,0,0
4707,28,94,30,0,0,0,0,0,0,0,0,0
4708,0,0,0,25,6,120,0,0,0,0,1,0
4709,0,0,0,0,0,0,94,12,0,0,0,0
4710,0,0,0,0,0,4,0,0,0,5,455,1
4711,0,0,0,36,9,185,0,0,0,0,0,0
4712,0,0,0,0,0,0,233,7,10,0,0,0
4713,0,0,0,0,2,56,0,0,0,0,0,0
4714,0,0,0,4,1,487,0,0,0,0,0,0
4715,0,4,0,0,0,0,0,0,0,0,0,0
4716,0,0,0,0,0,0,0,0,0,0,110,0
4717,159,102,11,1,0,0,0,0,0,0,0,0
4718,0,0,0,0,0,0,65,15,0,0,0,0
4719,0,0,0,0,0,3,0,0,0,14,417,1
4720,0,1,0,0,16,0,750,1732,17,0,0,0
4721,0,0,0,1,0,2,0,0,0,0,0,0
4722,0,0,0,0,0,0,0,0,0,0,0,0
4723,0,0,0,0,0,276,0,0,0,0,0,0
4724,0,1,0,0,0,0,0,0,0,0,0,0
4725,0,2,0,0,0,0,0,0,0,0,0,0
4726,0,0,0,0,2,142,0,0,0,0,0,0
4727,0,0,0,0,0,0,173,29,3,0,0,0
4728,0,0,0,0,0,0,9,5,1,0,0,0
4729,0,0,0,0,1,39,0,0,0,0,0,0
4730,0,0,0,0,0,63,0,0,0,0,0,0
4731,2,114,0,0,0,0,0,0,0,0,0,0
4732,0,0,0,0,0,606,0,0,0,0,1,0
4733,0,0,0,0,0,0,0,0,0,27,138,36
4734,0,0,0,0,1,0,0,0,0,0,0,0
4735,0,0,0,20,0,131,0,0,0,0,0,0
4736,0,3,0,0,0,0,0,0,0,0,0,0
4737,0,0,0,0,0,0,0,0,0,4,23,0
4738,0,0,0,1,789,37,0,5,0,0,0,0
4739,0,0,0,3,3,1,0,0,0,0,0,0
4740,0,0,0,0,0,0,0,0,0,2,8,0
4741,0,0,0,4,13,61,0,0,0,0,0,0
4742,0,0,0,7,11,11,0,1,0,0,0,0
4743,0,0,0,0,0,0,0,0,0,2,7,0
4744,0,0,0,2,36,201,0,0,0,0,0,0
4745,0,0,0,0,24,1,0,1,0,0,0,0
4746,0,0,0,0,0,0,0,0,0,2,86,0
4747,0,0,0,2,2,71,0,0,0,0,0,0
4748,1,11,2,0,0,0,0,0,0,0,0,0
4749,5,22,14,0,0,0,0,0,0,0,0,0
4750,1,224,1,0,0,0,1,0,0,0,0,0
4751,0,113,0,0,0,0,1,0,0,0,0,0
4752,0,0,0,0,0,11,0,0,0,36,3329,4
4753,3,62,2,0,0,0,0,0,0,0,0,0
4754,0,0,0,0,0,6,0,0,0,97,1511,0
4755,0,0,0,0,0,5,0,0,0,174,1898,2
4756,0,0,0,13,6,146,0,0,0,0,0,0
4757,0,2,0,0,0,0,53,0,0,0,0,0
4758,6,54,111,0,0,0,0,0,0,0,0,0
4759,10,446,57,0,0,0,2,0,0,0,0,0
4760,0,0,0,0,0,0,9,1,1,0,0,0
4761,2,46,16,0,0,0,0,0,0,0,0,0
4762,0,91,15,0,0,0,1,0,0,2,0,0
4763,0,0,0,0,0,2,0,0,0,6,1385,1
4764,2,190,0,0,0,0,0,0,0,0,0,0
4765,0,0,0,7,11,42,0,0,0,0,0,0
4766,0,0,0,1,0,16,0,0,0,0,0,0
4767,0,0,0,5,3,1,0,0,0,0,0,0
4768,0,0,0,0,0,47,0,0,0,0,0,0
4769,0,334,20,0,0,0,0,0,0,0,0,0
4770,0,0,0,0,1,42,0,0,0,0,0,0
4771,0,0,0,44,5,52,0,0,0,0,0,0
4772,0,0,0,0,0,0,6,1,1,0,0,0
4773,0,3,2,0,0,0,0,0,0,0,0,0
4774,1,29,0,0,0,0,0,0,0,0,0,0
4775,0,34,0,0,0,0,0,0,0,0,0,0
4776,0,0,0,0,0,0,0,0,0,187,430,2
4777,0,0,0,0,0,0,0,0,0,35,471,2
4778,5,280,51,0,0,0,1,0,0,0,0,0
4779,0,0,0,0,55,223,0,0,0,0,0,0
4780,0,0,0,0,0,1,0,0,0,107,974,7
4781,0,0,0,0,23,2,0,0,0,0,0,0
4782,0,0,0,0,0,1,0,0,0,2,931,0
4783,16,275,27,0,0,0,1,0,0,0,0,0
4784,0,0,3,0,0,8,0,0,0,242,3112,6
4785,0,0,0,5,1,2,0,0,0,0,0,0
4786,0,0,0,35,27,82,0,0,0,0,0,0
4787,0,0,0,0,0,0,49,31,0,0,0,0
4788,0,0,0,0,0,2,0,0,0,32,770,1
4789,0,0,0,37,22,775,0,0,0,0,1,0
4790,0,0,0,0,0,0,121,24,0,0,0,0
4791,0,0,0,0,0,0,32,24,1,0,0,0
4792,0,0,0,2,3,596,0,0,0,0,1,0
4793,0,0,0,2,14,1,0,0,0,0,0,0
4794,0,0,0,0,0,1,0,0,0,23,2012,2
4795,0,0,0,0,0,11,0,0,0,96,5150,2
4796,0,0,0,1,0,24,0,0,0,0,0,0
4797,22,34,2,0,0,0,0,0,0,0,0,0
4798,0,0,0,0,0,132,0,0,0,0,1,0
4799,0,6,0,0,0,0,0,0,0,0,0,0
4800,11,54,2,0,0,0,1,0,0,0,0,0
4801,12,58,28,0,0,0,1,0,0,0,0,0
4802,0,0,0,0,0,0,224,39,0,0,0,0
4803,1,77,29,0,0,0,0,0,0,0,0,0
4804,0,0,0,2,15,160,0,0,0,0,0,0
4805,0,0,0,0,1,2,0,0,0,0,0,0
4806,0,0,0,0,0,0,1,1,1,0,0,0
4807,0,0,0,0,0,0,1,32,0,0,0,0
4808,0,0,0,0,0,20,0,0,0,0,0,0
4809,0,0,0,0,0,0,0,0,0,12,497,0
4810,0,0,0,0,0,1,0,0,0,48,482,0
4811,0,0,0,0,0,114,0,0,0,0,0,0
4812,6,31,0,0,0,0,0,0,0,0,0,0
4813,0,0,0,0,0,214,0,0,0,0,0,0
4814,0,0,0,9,11,3,0,0,0,0,0,0
4815,0,0,0,0,0,0,0,0,0,12,1390,4
4816,0,0,0,44,7,1447,0,0,0,0,7,0
4817,0,0,0,0,0,0,32,1,1,0,0,0
4818,0,0,0,0,0,0,33,1,0,0,0,0
4819,2,76,29,0,0,0,0,0,0,0,0,0
4820,0,0,0,0,0,0,0,0,0,4,0,0
4821,31,721,0,0,0,0,5,0,0,0,0,0
4822,3,93,30,0,0,0,0,0,0,0,0,0
4823,0,0,0,4,35,144,0,0,0,0,1,0
4824,0,0,0,0,0,7,0,0,0,106,1240,2
4825,0,0,0,9,2,55,0,0,0,0,0,0
4826,1,13,0,0,0,0,1,0,0,0,0,0
4827,0,0,0,0,0,3,0,0,0,12,1413,0
4828,2,82,10,0,0,0,0,0,0,0,0,0
4829,0,0,0,0,0,0,0,0,0,38,3,38
4830,7,105,48,0,0,0,0,0,0,0,0,0
4831,2,51,10,0,0,0,0,0,0,0,0,0
4832,0,0,0,0,0,14,0,0,0,34,4203,3
4833,0,0,0,7,0,55,0,0,0,0,0,0
4834,51,52,1,0,0,0,1,0,0,0,0,0
4835,0,0,0,0,0,0,14,20,0,0,0,0
4836,0,0,0,0,0,0,3,1,1,0,0,0
4837,0,0,0,1,0,38,0,0,0,0,0,0
4838,20,737,6,0,0,0,1,0,0,0,0,0
4839,0,0,0,6,2,93,0,0,0,0,0,0
4840,9,100,6,0,0,0,0,0,0,0,0,0
4841,0,0,0,0,0,0,175,2,7,0,0,0
4842,7,7,54,0,0,0,0,0,0,0,0,0
4843,2,113,4,0,0,0,0,0,0,0,0,0
4844,0,0,0,7,8,423,0,0,0,0,0,0
4845,0,0,0,1,2,0,0,0,0,0,0,0
4846,0,0,0,5,40,29,0,0,0,0,0,0
4847,0,0,0,0,0,0,0,0,0,11,17,7
4848,0,0,0,0,0,1,0,0,0,0,0,0
4849,1,0,0,38,2,28,0,0,0,0,0,0
4850,0,5,0,0,0,0,0,0,0,0,0,0
4851,20,164,14,0,0,0,0,0,0,0,0,0
4852,0,0,0,0,0,0,35,30,6,0,0,0
4853,0,2,16,0,0,0,0,0,0,0,0,0
4854,0,0,0,0,0,0,29,5,0,0,0,0
4855,6,140,27,0,0,0,0,0,0,0,0,0
4856,0,0,0,0,8,0,188,354,2,0,0,0
4857,0,0,0,0,0,0,38,22,0,0,0,0
4858,0,0,0,0,0,52,0,0,0,0,0,0
4859,0,0,0,0,0,0,155,27,0,0,0,0
4860,40,508,166,1,0,0,0,0,0,1,0,0
4861,0,0,0,3,0,523,0,0,0,0,0,0
4862,0,20,0,0,0,0,0,0,0,0,0,0
4863,3,37,5,0,0,0,0,0,0,0,0,0
4864,0,215,11,0,0,0,3,0,0,0,0,0
4865,26,24,18,0,0,0,0,0,0,0,0,0
4866,0,0,0,0,0,0,33,161,4,0,0,0
4867,0,0,0,4,2,23,0,0,0,0,0,0
4868,0,0,0,0,0,0,111,26,0,0,0,0
4869,0,0,0,0,0,2,0,0,0,0,0,0
4870,13,882,6,0,0,0,0,0,0,0,0,0
4871,0,0,0,0,1,353,0,0,0,0,3,0
4872,0,307,0,0,0,0,5,0,0,0,0,0
4873,0,0,0,0,0,154,0,0,0,0,0,0
4874,0,0,0,1,0,36,0,0,0,0,0,0
4875,0,37,0,0,0,0,0,0,0,0,0,0
4876,0,0,0,0,0,6,0,0,0,1,541,0
4877,1,7,0,0,0,0,0,0,0,0,0,0
4878,0,0,0,0,0,45,0,0,0,90,5040,1
4879,0,0,0,5,32,20,0,0,0,0,0,0
4880,8,23,6,0,0,0,0,0,0,0,0,0
4881,0,0,0,0,0,0,97,91,6,0,0,0
4882,0,0,0,0,2,279,0,0,0,0,1,0
4883,18,24,1,0,0,0,0,0,0,0,0,0
4884,4,247,30,0,0,0,0,0,0,0,0,0
4885,0,0,0,0,31,536,0,0,0,0,1,0
4886,0,0,0,0,0,2,0,0,0,17,976,3
4887,0,0,0,0,0,0,0,0,0,20,373,1
4888,0,0,0,121,15,243,0,0,0,0,0,0
4889,0,25,2,0,0,0,0,0,0,0,0,0
4890,0,0,0,0,0,15,0,0,0,204,4314,1
4891,0,0,0,0,0,52,0,0,0,30,9663,0
4892,3,101,2,0,0,0,0,0,0,0,0,0
4893,0,0,0,0,0,86,0,0,0,87,3643,1
4894,30,71,9,0,0,0,0,0,0,0,0,0
4895,0,0,0,0,1,42,0,0,0,0,0,0
4896,0,0,0,8,1,2,0,0,0,0,0,0
4897,0,0,0,0,0,10,0,0,0,5,3179,0
4898,0,0,0,0,0,3,0,0,0,118,1091,5
4899,10,69,0,0,0,0,0,0,0,0,0,0
4900,0,0,0,0,0,64,0,0,0,88,8300,2
4901,0,0,0,0,0,0,0,0,0,122,888,0
4902,0,0,0,8,1,2,0,0,0,0,0,0
4903,817,64,6,1,0,0,0,0,0,0,0,0
4904,0,0,0,0,2,0,232,1445,9,0,0,0
4905,3,164,21,0,0,0,0,0,0,0,0,0
4906,0,0,0,24,118,340,0,1,0,0,0,0
4907,0,0,0,0,0,0,189,59,3,0,0,0
4908,0,0,0,0,0,0,192,9,1,0,0,0
4909,0,0,0,1,1,122,0,0,0,0,0,0
4910,0,0,0,0,0,0,68,0,2,0,0,0
4911,12,191,26,0,0,0,3,0,0,0,0,0
4912,26,57,68,0,0,0,0,0,0,0,0,0
4913,0,1,0,0,0,0,239,375,2,0,0,0
4914,0,0,0,1,1,23,0,0,0,0,0,0
4915,0,0,0,3,1,33,0,0,0,0,0,0
4916,0,471,6,0,0,0,4,0,0,0,0,0
4917,0,0,0,0,28,460,0,0,0,0,0,0
4918,0,0,0,0,0,0,0,0,0,52,480,0
4919,0,60,5,0,0,0,0,0,0,0,0,0
4920,0,0,0,0,0,0,0,0,3,40,639,270
4921,0,0,0,0,0,0,0,0,0,98,379,1
4922,0,0,0,5,15,155,0,0,0,0,0,0
4923,0,0,0,3,2,31,0,0,0,0,0,0
4924,0,0,0,201,2,102,0,0,0,0,0,0
4925,0,0,0,0,1,0,121,537,5,0,0,0
4926,0,116,132,0,0,0,0,0,0,0,0,0
4927,0,0,0,0,0,64,0,0,0,20,7249,39
4928,17,1803,1,0,0,0,1,0,0,0,0,0
4929,1,55,71,0,0,0,0,0,0,1,0,0
4930,0,0,0,0,15,822,0,0,0,0,0,0
4931,0,0,0,0,0,0,0,0,0,51,573,20
4932,0,0,0,0,0,4,0,0,0,0,0,0
4933,0,0,0,1,0,76,0,0,0,0,0,0
4934,0,14,2,0,0,0,0,0,0,0,0,0
4935,4,60,12,0,0,0,0,0,0,0,0,0
4936,0,0,0,0,1,0,183,333,4,0,0,0
4937,5,48,2,0,0,0,0,0,0,0,0,0
4938,0,0,0,0,0,6,0,0,0,64,398,0
4939,2,61,24,0,0,0,0,0,0,0,0,0
4940,0,0,0,0,0,0,0,0,0,167,1365,0
4941,0,0,0,7,113,2,0,0,0,0,0,0
4942,0,0,0,5,26,81,0,0,0,0,0,0
4943,0,0,0,0,0,0,0,0,0,6,78,1
4944,0,0,0,1,0,3,0,0,0,0,0,0
4945,0,0,0,5,17,55,0,0,0,0,0,0
4946,0,0,0,7,164,40,0,0,0,0,0,0
4947,0,0,0,0,0,0,0,0,0,37,135,177
4948,0,0,0,0,19,101,0,0,0,0,1,0
4949,0,0,0,1,13,114,0,0,0,0,1,0
4950,0,0,0,0,2,263,0,0,0,0,0,0
4951,0,0,0,0,0,0,224,62,11,0,0,0
4952,0,83,30,0,0,0,0,0,0,0,0,0
4953,0,0,0,0,0,0,52,32,4,0,0,0
4954,6,126,47,0,0,0,1,0,0,1,0,0
4955,0,1,0,0,0,0,115,2,5,0,0,0
4956,29,32,525,0,0,0,0,0,0,1,0,0
4957,10,99,107,0,0,0,0,0,0,1,0,0
4958,0,0,0,0,0,0,55,406,0,0,0,0
4959,0,0,0,0,1,857,0,0,0,0,14,0
4960,0,0,0,0,20,0,103,2163,84,0,0,0
4961,1,20,43,0,0,0,0,0,0,0,0,0
4962,0,0,0,0,0,0,94,116,1,0,0,0
4963,0,0,0,0,2,0,117,511,7,0,0,0
4964,1,1950,1,0,0,0,9,0,0,0,0,0
4965,0,0,0,0,0,20,0,0,0,28,3790,1
4966,0,0,0,1,1,197,0,0,0,0,1,0
4967,1,401,2,0,0,0,0,0,0,0,0,0
4968,0,0,0,79,5,129,0,0,0,0,0,0
4969,0,0,0,88,0,20,0,0,0,0,0,0
4970,1,1,0,0,0,0,0,0,0,0,0,0
4971,1,22,0,0,0,0,0,0,0,0,0,0
4972,0,0,0,0,0,0,29,58,0,0,0,0
4973,0,0,0,0,0,0,70,133,5,0,0,0
4974,0,0,0,0,1,12,0,0,0,0,0,0
4975,0,4,0,0,0,0,3719,610,1,0,0,0
4976,0,0,0,0,1,242,0,0,0,0,3,0
4977,0,0,0,8,4,19,0,0,0,0,0,0
4978,0,0,0,22,1,75,0,0,0,0,0,0
4979,1,59,0,0,0,0,0,0,0,0,0,0
4980,0,0,0,0,0,0,0,0,0,16,759,0
4981,38,176,4,0,0,0,0,0,0,0,0,0
4982,1,2,0,0,0,0,0,0,0,0,0,0
4983,0,0,0,0,0,0,0,0,0,0,6,0
4984,59,118,33,0,0,0,0,0,0,0,0,0
4985,0,0,0,0,0,0,27,10,0,0,0,0
4986,0,0,0,0,0,6,0,0,0,0,0,0
4987,26,145,3,0,0,0,0,0,0,0,0,0
4988,0,0,0,0,0,0,2,1,39,0,0,2
4989,0,1,1,0,0,0,0,0,0,0,0,0
4990,0,0,0,0,0,1,0,0,0,24,579,1
4991,443,4,95,5,0,0,0,0,0,0,0,0
4992,0,90,53,0,0,0,0,0,0,0,0,0
4993,0,0,0,0,0,3,0,0,0,2,1142,0
4994,12,117,107,0,0,0,0,0,0,0,0,0
4995,0,0,0,1,12,65,0,0,0,0,0,0
4996,0,0,0,17,1,236,0,0,0,0,0,0
4997,0,0,1,0,0,0,0,0,0,0,0,0
4998,0,5,0,0,0,0,0,0,0,0,0,0
4999,0,0,0,0,0,82,0,0,0,2,5222,0
5000,0,0,0,0,0,5,0,0,0,70,508,4
5001,0,0,0,48,8,2,0,0,0,0,0,0
5002,0,0,0,0,0,49,0,0,0,28,552,2
5003,0,0,0,0,0,1,0,0,0,0,53,1
5004,0,26,2,0,0,0,0,0,0,0,0,0
5005,0,0,0,0,0,8,0,0,0,0,255,0
5006,4,154,1,0,0,0,0,0,0,0,0,0
5007,0,0,0,0,0,9,0,0,0,13,475,0
5008,0,0,0,0,13,0,251,2145,46,0,0,0
5009,0,0,2,0,0,0,0,0,0,85,7,2
5010,131,181,1,7,0,0,0,0,0,0,0,0
5011,0,0,0,0,0,0,0,0,0,0,0,0
5012,0,5,0,0,22,0,266,1457,15,0,0,0
5013,0,0,0,0,14,145,0,0,0,0,5,0
5014,0,0,0,9,4,577,0,0,0,0,19,0
5015,0,5,0,0,0,0,982,54,0,0,0,0
5016,0,0,0,0,6,74,0,0,0,0,0,0
5017,0,6,0,0,0,0,767,85,10,0,0,2
5018,0,2,0,0,1,0,187,143,0,0,0,0
5019,0,49,26,0,0,0,0,0,0,0,0,0
5020,0,0,0,0,0,4,0,0,0,9,1016,3
5021,8,172,25,0,0,0,0,0,0,0,0,0
5022,0,0,0,7,2,52,0,0,0,0,0,0
5023,0,35,0,0,2,0,2582,2130,40,0,0,0
5024,0,0,0,5,15,17,0,0,0,0,0,0
5025,0,0,0,0,0,2,0,0,0,3,2218,0
5026,117,134,17,1,0,0,0,0,0,0,0,0
5027,5,52,21,0,0,0,0,0,0,0,0,0
5028,0,0,0,105,33,207,0,0,0,0,1,0
5029,0,0,0,0,0,0,65,245,46,0,0,0
5030,4,63,26,0,0,0,0,0,0,0,0,0
5031,0,0,0,0,0,4,0,0,0,17,1669,2
5032,29,102,39,0,0,0,0,0,0,1,0,0
5033,0,0,0,0,0,6,0,0,0,0,0,0
5034,3,23,1,0,0,0,0,0,0,0,0,0
5035,0,0,0,0,0,192,0,0,0,0,1,0
5036,0,0,0,0,0,0,232,1,11,0,0,0
5037,0,2,0,0,0,0,310,40,2,0,0,0
5038,2,59,29,0,0,0,0,0,0,0,0,0
5039,0,0,1,0,0,0,0,0,0,54,1,0
5040,45,734,1,0,0,0,2,0,0,0,0,0
5041,3,832,15,0,0,0,8,0,0,0,0,0
5042,0,0,0,0,0,0,0,0,0,6,1,2
5043,9,72,1,0,0,0,1,0,0,0,0,0
5044,0,0,0,0,0,0,320,43,0,0,0,0
5045,0,0,0,1,5,36,0,0,0,0,0,0
5046,0,0,0,3,12,72,0,0,0,0,0,0
5047,0,0,0,37,5,189,0,0,0,0,2,0
5048,0,1,0,0,0,0,105,120,4,0,0,0
5049,0,0,0,0,0,0,106,5,1,0,0,0
5050,0,0,0,0,1,193,0,0,0,0,0,0
5051,0,0,0,0,0,6,0,0,0,3,830,3
5052,0,0,1,0,0,0,0,0,0,34,449,4
5053,53,131,8,0,0,0,0,0,0,0,0,0
5054,2,36,1,0,0,0,0,0,0,0,0,0
5055,0,0,0,0,0,5,0,0,0,3,3391,0
5056,0,0,0,7,8,54,0,0,0,0,0,0
5057,0,0,0,0,1,0,0,0,0,0,0,0
5058,5,49,0,0,0,0,0,0,0,0,0,0
5059,0,0,0,0,0,82,0,0,0,0,0,0
5060,0,0,0,5,3,41,0,0,0,0,0,0
5061,0,0,0,0,3,82,0,0,0,0,0,0
5062,0,1,0,0,0,0,386,96,1,0,0,0
5063,0,1,0,0,0,0,620,43,1,0,0,0
5064,1,163,14,0,0,0,0,0,0,0,0,0
5065,0,0,0,36,39,201,0,0,0,0,2,0
5066,0,0,0,0,0,0,1,1,0,0,0,0
5067,0,0,0,0,0,0,3,2,1,0,0,0
5068,5,184,130,0,0,0,2,0,0,3,0,0
5069,0,0,0,0,0,0,2,68,0,0,0,0
5070,0,0,0,0,0,0,0,0,0,1,1,20
5071,1,0,0,56,3,468,0,0,0,0,2,0
5072,0,0,0,0,0,0,23,4,0,0,0,0
5073,17,14,210,0,0,0,0,0,0,0,0,0
5074,0,0,0,4,3,192,0,0,0,0,1,0
5075,0,0,0,0,0,0,35,21,7,0,0,0
5076,0,0,0,0,1,111,0,0,0,0,0,0
5077,0,0,0,6,0,1179,0,0,0,0,3,0
5078,53,8,0,0,0,0,0,0,0,0,0,0
5079,0,0,0,0,0,0,0,0,0,4,1062,0
5080,0,0,0,57,4,116,0,0,0,0,1,0
5081,0,4,1,0,0,0,0,0,0,0,0,0
5082,0,49,3,0,0,0,0,0,0,0,0,0
5083,9,85,3,0,0,0,0,0,0,0,0,0
5084,2,115,20,0,0,0,0,0,0,0,0,0
5085,0,0,0,2,0,341,0,0,0,0,0,0
5086,9,10,0,0,0,0,0,0,0,0,0,0
5087,0,3,1,0,0,0,0,0,0,0,0,0
5088,0,34,4,0,0,0,0,0,0,0,0,0
5089,1,64,1,0,0,0,0,0,0,0,0,0
5090,0,0,0,0,0,0,0,0,0,2,177,0
5091,0,0,0,0,0,0,0,0,0,2,13,0
5092,0,0,0,4,50,147,0,0,0,0,0,0
5093,0,0,0,0,0,0,0,0,0,6,752,1
5094,45,210,1,1,0,0,0,0,0,0,0,0
5095,0,0,0,7,0,269,0,0,0,0,3,0
5096,2,38,3,0,0,0,0,0,0,0,0,0
5097,6,353,68,0,0,0,1,0,0,0,1,0
5098,0,0,0,5,56,237,0,0,0,0,0,0
5099,0,0,0,4,14,34,0,0,0,0,0,0
5100,0,0,0,0,0,6,0,0,0,0,1962,0
5101,6,348,10,0,0,0,1,0,0,0,0,0
5102,0,0,0,0,0,0,0,0,0,37,570,1
5103,39,18,0,0,0,0,0,0,0,0,0,0
5104,0,0,0,15,8,186,0,0,0,0,1,0
5105,0,0,0,0,0,0,49,4,10,0,0,0
5106,4,284,60,0,0,0,1,0,0,0,0,0
5107,1,55,297,0,0,0,0,0,0,2,0,0
5108,0,0,0,0,0,0,28,248,1,0,0,0
5109,0,0,0,0,0,0,18,22,0,0,0,0
5110,0,0,0,1,0,33,0,0,0,0,0,0
5111,0,12,0,0,0,0,0,0,0,0,0,0
5112,0,189,0,0,0,0,0,0,0,0,0,0
5113,0,41,2,0,0,0,0,0,0,0,0,0
5114,0,1366,1,0,0,0,3,0,0,0,0,0
5115,0,0,0,0,0,0,0,0,0,0,191,0
5116,7,121,3,0,0,0,1,0,0,0,0,0
5117,0,0,0,4,5,34,0,0,0,0,0,0
5118,0,0,0,5,2,3,0,0,0,0,0,0
5119,0,0,0,4,1,47,0,0,0,0,0,0
5120,0,0,0,3,0,2,0,0,0,0,0,0
5121,3,2,0,0,0,0,0,0,0,0,0,0
5122,0,0,0,0,1,230,0,0,0,0,0,0
5123,0,0,0,0,0,0,68,6,0,0,0,0
5124,0,0,0,0,24,26,0,0,0,0,1,0
5125,2,0,0,328,21,129,0,0,0,0,1,0
5126,0,0,0,0,1,842,0,0,0,0,5,0
5127,0,0,0,0,0,6,0,0,0,0,0,0
5128,1,410,0,0,0,0,0,0,0,0,0,0
5129,0,0,0,0,0,0,0,0,0,11,99,0
5130,0,0,0,0,0,0,0,0,0,7,13,0
5131,0,0,0,5,2,76,0,0,0,0,0,0
5132,10,6,1,0,0,0,0,0,0,0,0,0
5133,14,50,45,0,0,0,0,0,0,0,0,0
5134,0,0,0,1,8,65,0,0,0,0,0,0
5135,0,0,0,0,0,0,1,1,0,0,0,0
5136,1,227,22,0,0,0,1,0,0,0,0,0
5137,0,0,0,6,4,154,0,0,0,0,0,0
5138,0,0,0,0,1,0,45,306,5,0,0,0
5139,0,50,19,0,0,0,2,0,0,0,0,0
5140,0,0,6,0,0,3,0,0,0,893,878,0
5141,3,42,3,0,0,0,0,0,0,0,0,0
5142,0,0,0,0,0,0,0,0,0,20,400,0
5143,0,0,0,18,45,140,0,0,0,0,1,0
5144,0,0,0,0,0,27,0,0,0,25,7771,7
5145,0,0,0,7,0,20,0,0,0,0,0,0
5146,0,655,6,0,0,0,0,0,0,0,0,0
5147,0,0,0,0,0,0,0,0,0,19,743,20
5148,0,0,0,0,1,0,456,175,4,0,0,0
5149,0,0,0,0,10,39,0,0,0,0,0,0
5150,0,1,0,0,0,0,378,215,2,0,0,0
5151,0,0,0,1,8,98,0,0,0,0,0,0
5152,0,0,0,38,9,219,0,0,0,0,1,0
5153,0,0,0,0,0,0,0,0,0,0,0,0
5154,0,1,0,0,0,0,0,0,0,0,0,0
5155,0,1,0,0,0,0,280,58,1,0,0,0
5156,0,0,0,0,293,0,38,386,1,0,0,0
5157,0,0,0,0,0,0,0,0,0,0,455,0
5158,0,0,0,41,19,335,0,0,0,0,1,0
5159,0,0,0,5,12,74,0,0,0,0,0,0
5160,0,0,0,4,0,35,0,0,0,0,0,0
5161,0,0,0,41,2,60,0,0,0,0,1,0
5162,0,0,0,0,1,0,58,62,0,0,0,0
5163,7,120,45,0,0,0,0,0,0,0,0,0
5164,0,2,0,0,249,0,244,19338,1,0,0,0
5165,0,0,0,0,0,69,0,0,0,0,0,0
5166,0,3,3,0,0,0,0,0,0,0,0,0
5167,0,0,0,0,0,1,0,0,0,0,482,0
5168,0,0,0,0,0,26,0,0,0,0,0,0
5169,1,0,0,0,0,0,0,0,0,0,0,0
5170,0,0,0,0,0,7,0,0,0,0,3268,1
5171,0,0,0,0,0,1,0,0,0,19,204,2
5172,1,14,0,0,0,0,0,0,0,0,0,0
5173,0,0,0,0,0,14,0,0,0,16,2351,0
5174,2,54,0,0,0,0,0,0,0,0,0,0
5175,0,0,0,0,0,15,0,0,0,8,2472,1
5176,6,61,7,0,0,0,0,0,0,0,0,0
5177,1,41,22,0,0,0,0,0,0,0,0,0
5178,8,0,0,0,0,16,0,0,0,162,1209,1
5179,0,0,0,70,58,363,0,0,0,0,1,0
5180,0,26,0,0,0,0,1419,5,9,0,0,0
5181,6,5,13,0,0,0,0,0,0,0,0,0
5182,1,0,0,24,15,1005,0,0,0,0,4,0
5183,0,0,0,0,0,27,0,0,0,21,5694,0
5184,0,0,2,1,3,1339,0,0,1,473,110704,5
5185,0,0,0,8,1,49,0,0,0,0,0,0
5186,0,232,0,0,0,0,0,0,0,0,0,0
5187,0,0,0,0,0,0,1,1,3,0,0,0
5188,0,0,0,1,0,48,0,0,0,0,0,0
5189,0,0,0,0,1,2,0,0,0,0,0,0
5190,0,0,0,0,0,2,0,0,0,0,0,0
5191,0,0,0,0,1,36,0,0,0,0,0,0
5192,0,0,0,0,0,47,0,0,0,76,4427,0
5193,0,0,0,42,2,0,0,0,0,0,0,0
5194,0,0,0,0,12,0,406,1229,4,0,0,0
5195,0,0,0,0,0,0,1,50,0,0,0,0
5196,0,0,0,0,0,0,0,4,0,0,0,0
5197,0,0,0,0,0,221,0,0,0,0,0,0
5198,0,0,2,0,0,0,0,0,0,0,0,0
5199,0,0,0,0,0,0,5,3,0,0,0,0
5200,0,2,0,0,0,0,315,7,0,0,0,0
5201,0,0,0,0,0,8,0,0,0,0,0,0
5202,0,13,0,0,0,0,0,0,0,0,0,0
5203,0,0,0,0,0,6,0,0,0,0,1858,0
5204,0,59,3,0,0,0,0,0,0,0,0,0
5205,0,0,0,0,0,51,0,0,0,0,0,0
5206,0,0,0,0,4,0,229,825,73,0,2,0
5207,0,0,0,0,0,1,0,0,0,0,0,0
5208,0,0,0,0,0,0,0,0,0,1,4,0
5209,46,148,20,0,0,0,0,0,0,0,0,0
5210,0,1,0,0,0,0,177,126,0,0,0,0
5211,0,0,0,0,0,0,0,0,0,1,172,0
5212,39,305,15,0,0,0,1,0,0,0,0,0
5213,0,0,0,0,0,280,0,0,0,0,2,0
5214,0,0,0,0,0,5,0,0,0,0,0,0
5215,1,37,0,0,0,0,0,0,0,0,0,0
5216,0,0,5,0,0,0,0,0,0,0,0,0
5217,3,84,10,0,0,0,0,0,0,0,0,0
5218,0,0,0,9,43,919,0,1,0,0,70,0
5219,0,0,0,0,0,0,0,0,0,14,144,2
5220,24,94,1,0,0,0,0,0,0,0,0,0
5221,0,0,0,0,0,9,0,0,0,34,2721,2
5222,2,18,2,0,0,0,0,0,0,0,0,0
5223,0,0,0,0,0,0,0,0,0,1,296,0
5224,0,0,0,10,2,247,0,0,0,0,0,0
5225,2,14,2,0,0,0,0,0,0,0,0,0
5226,7,31,33,0,0,0,0,0,0,0,0,0
5227,4,86,8,0,0,0,0,0,0,0,0,0
5228,0,6,13,0,0,0,0,0,0,0,0,0
5229,17,106,9,0,0,0,1,0,0,0,0,0
5230,0,8,0,0,144,1,448,8438,82,0,0,0
5231,0,0,0,0,2,2,0,0,0,0,0,0
5232,0,0,0,0,0,0,0,3,0,0,0,0
5233,0,0,0,0,0,0,0,3,0,0,0,0
5234,1,979,52,0,0,0,6,0,0,0,0,0
5235,5,745,27,0,0,0,31,0,0,0,0,0
5236,4,379,19,0,0,0,0,0,0,0,0,0
5237,0,0,0,1,0,1,0,0,0,0,0,0
5238,0,2,1,0,0,0,0,0,0,0,0,0
5239,0,0,0,0,0,34,0,0,0,1,4523,0
5240,0,0,0,0,0,2,0,0,0,39,447,13
5241,0,0,0,0,0,10,0,0,0,6,1644,2
5242,18,80,8,0,0,0,1,0,0,0,0,0
5243,0,0,0,0,0,0,0,0,0,0,2,1
5244,81,7,0,0,0,0,0,0,0,0,0,0
5245,2,46,43,0,0,0,0,0,0,0,0,0
5246,0,0,0,0,0,0,86,3,0,0,0,0
5247,0,0,0,0,3,5,0,0,0,0,0,0
5248,0,0,0,6,0,496,0,0,0,0,0,0
5249,5,35,0,0,0,0,0,0,0,0,0,0
5250,1,1323,76,0,0,0,18,0,0,1,0,0
5251,0,0,0,0,2,138,0,0,0,0,0,0
5252,0,1,0,0,0,0,53,34,4,0,0,0
5253,0,0,0,0,0,0,113,2,2,0,0,0
5254,0,0,0,0,3,10,0,0,0,0,0,0
5255,0,0,0,1,1,138,0,0,0,0,3,0
5256,0,0,0,0,0,4,0,0,0,0,0,0
5257,0,0,0,0,0,0,0,0,0,0,0,0
5258,2,6,0,0,0,0,0,0,0,0,0,0
5259,0,0,0,0,0,11,0,0,0,1,950,0
5260,14,0,0,1443,7,31,0,0,0,0,0,0
5261,0,0,0,1,15,3,0,0,0,0,0,0
5262,0,0,0,0,0,0,0,0,0,2,6,7
5263,0,0,0,4,4,104,0,0,0,0,0,0
5264,1,226,3,0,0,0,2,0,0,0,0,0
5265,0,0,0,0,0,0,0,0,0,0,0,0
5266,0,0,0,25,0,75,0,0,0,0,0,0
5267,1,14,0,0,0,0,0,0,0,0,0,0
5268,18,74,12,1,0,0,0,0,0,0,0,0
5269,11,148,202,0,0,0,1,0,0,2,0,0
5270,0,0,0,0,3,2,0,0,0,0,0,0
5271,0,2,0,0,0,0,3,4,2,0,0,0
5272,0,0,0,0,0,0,2,16,1,0,0,0
5273,0,4,0,0,1,0,417,70,9,0,0,0
5274,0,0,0,0,0,2,0,0,0,47,772,1
5275,181,99,30,1,0,0,0,0,0,0,0,0
5276,0,0,0,0,1,0,40,104,2,0,0,0
5277,2,158,265,0,0,0,1,0,0,9,0,0
5278,0,0,0,2,3,1042,0,0,0,0,47,0
5279,0,36,0,0,0,0,0,0,0,0,0,0
5280,0,40,1,0,0,0,0,0,0,0,0,0
5281,0,0,0,0,0,2,0,0,0,0,2021,0
5282,0,2,0,0,0,0,0,0,0,0,0,0
5283,0,8,0,0,0,0,0,0,0,0,0,0
5284,0,0,0,0,0,72,0,0,0,0,6727,0
5285,0,0,0,0,1,2,0,0,0,0,0,0
5286,0,0,0,0,0,0,1,3,0,0,0,0
5287,0,0,0,0,0,79,0,0,0,0,0,0
5288,0,0,0,0,0,23,0,0,0,0,0,0
5289,2,49,0,0,0,0,0,0,0,0,0,0
5290,0,0,0,0,0,395,0,0,0,0,1,0
5291,0,0,4,0,0,0,0,0,0,52,4,4
5292,0,0,0,0,0,1,0,0,0,0,0,0
5293,5,0,0,123,1,240,0,0,0,0,4,0
5294,0,2,0,0,0,0,112,33,2,0,0,0
5295,0,0,0,0,0,0,0,0,0,1,16,0
5296,0,0,0,0,0,0,0,0,0,102,552,0
5297,0,128,0,0,0,0,0,0,0,0,0,0
5298,0,0,0,0,2,1,0,0,0,80,460,10
5299,0,0,0,27,8,127,0,0,0,0,0,0
5300,0,0,0,0,44,0,98,4623,1,0,0,0
5301,0,0,0,0,0,18,0,0,0,1,2926,0
5302,96,545,19,0,0,0,0,0,0,0,0,0
5303,0,0,0,3,24,91,0,0,0,0,1,0
5304,0,0,0,0,15,0,0,0,0,0,0,0
5305,0,31,0,0,0,0,1406,564,338,0,1,0
5306,0,0,0,1,0,128,0,0,0,0,0,0
5307,0,0,0,0,0,0,0,0,0,0,0,0
5308,0,153,0,0,0,0,0,0,0,0,0,0
5309,0,118,0,0,0,0,0,0,0,0,0,0
5310,0,0,0,0,0,22,0,0,0,5,4264,0
5311,4,94,2,0,0,0,1,0,0,0,0,0
5312,0,0,14,0,0,0,0,0,0,934,269,2
5313,0,0,0,0,1,3,0,0,0,0,0,0
5314,0,0,0,0,0,4,0,0,0,61,863,1
5315,0,0,0,0,0,0,0,0,0,0,1,0
5316,3,1,0,0,0,0,0,0,0,0,0,0
5317,0,66,0,0,0,0,0,0,0,0,0,0
5318,0,0,0,0,0,0,0,0,0,0,2,0
5319,1,1,0,0,0,0,0,0,0,0,0,0
5320,0,194,4,0,0,0,0,0,0,0,0,0
5321,4,103,51,0,0,0,1,0,0,1,0,0
5322,1,0,0,24,0,5,0,0,0,0,0,0
5323,11,32,41,0,0,0,0,0,0,0,0,0
5324,0,0,0,0,0,0,7,3,1,0,0,0
5325,2,15,11,0,0,0,0,0,0,0,0,0
5326,0,0,0,0,0,1,176,602,1,0,0,0
5327,0,0,0,2,9,67,0,0,0,0,0,0
5328,0,0,0,0,1,3,0,0,0,0,0,0
5329,0,0,0,0,0,0,82,37,1,0,0,0
5330,0,0,44,0,0,0,0,0,0,21,0,0
5331,0,59,2,0,0,0,0,0,0,0,0,0
5332,0,0,0,0,0,0,120,10,1,0,0,0
5333,0,0,0,0,0,27,0,0,0,0,0,0
5334,0,0,0,2,0,0,0,0,0,0,0,0
5335,0,0,0,14,0,97,0,0,0,0,0,0
5336,17,39,2,0,0,0,2,0,0,0,0,0
5337,2,160,26,0,0,0,1,0,0,0,0,0
5338,0,0,0,16,26,639,0,0,0,0,2,0
5339,0,0,2,0,0,4,0,0,0,131,2382,3
5340,0,0,0,0,0,0,0,0,0,8,100,0
5341,4,45,4,0,0,0,0,0,0,0,0,0
5342,0,0,0,0,0,0,0,0,0,9,74,0
5343,0,0,1,0,0,0,0,0,0,45,188,0
5344,0,0,0,47,42,157,0,0,0,0,1,0
5345,0,0,0,0,0,0,4,86,2,0,0,0
5346,0,0,0,0,0,0,0,0,0,0,48,0
5347,0,0,0,8,81,170,0,0,0,0,0,0
5348,0,0,0,0,0,1,0,0,0,39,833,0
5349,0,0,0,0,0,0,0,0,0,0,0,0
5350,0,169,4,0,0,0,1,0,0,0,0,0
5351,0,0,0,0,0,0,0,0,0,0,2,0
5352,4,3,0,0,0,0,0,0,0,0,0,0
5353,0,398,0,0,0,0,1,0,0,0,0,0
5354,0,0,0,0,0,0,0,5,1,0,0,0
5355,0,2,0,0,0,0,0,0,0,0,0,0
5356,0,0,0,30,8,372,0,0,0,0,2,0
5357,0,0,0,0,0,0,4,87,1,0,0,0
5358,0,0,0,0,0,0,0,0,0,0,26,0
5359,0,0,0,2,402,118,0,0,0,0,0,0
5360,0,0,0,0,0,2,0,0,0,0,0,0
5361,1,4,0,0,0,0,0,0,0,0,0,0
5362,0,0,0,0,0,108,0,0,0,0,0,0
5363,0,0,0,0,0,1,0,0,0,0,0,0
5364,2,0,0,0,0,0,0,0,0,0,0,0
5365,0,0,0,0,0,35,0,0,0,0,5079,0
5366,0,126,11,0,0,0,0,0,0,0,0,0
5367,0,0,0,0,0,0,25,10,0,0,0,0
5368,16,126,61,0,0,0,0,0,0,0,0,0
5369,0,0,0,0,0,0,2,81,0,0,0,0
5370,0,0,0,0,0,0,0,0,0,0,2,0
5371,1492,104,2,9,0,0,0,0,0,0,0,0
5372,0,0,57,0,0,0,0,0,0,0,0,0
5373,0,0,0,0,0,0,34,2,0,0,0,0
5374,0,4,0,0,0,0,481,0,0,0,0,0
5375,0,0,0,0,0,0,0,5,0,0,0,0
5376,0,0,0,0,0,0,0,0,0,0,74,5
5377,0,0,0,63,2,62,0,0,0,0,0,0
5378,0,0,0,0,0,0,192,68,0,0,0,0
5379,0,0,0,0,0,0,1,0,13,0,0,0
5380,0,0,0,8,1,145,0,0,0,0,0,0
5381,0,0,0,0,0,0,8,0,1,0,0,0
5382,4,0,11,0,0,0,0,0,0,0,0,0
5383,79,117,44,0,0,0,0,0,0,0,0,0
5384,0,0,0,0,0,0,22,34,1,0,0,0
5385,0,0,0,0,0,0,0,0,0,0,57,45
5386,2,0,0,122,226906,276,21,80,14,0,0,0
5387,0,0,0,0,0,0,109,221,5,0,0,0
5388,0,13,1013,0,0,0,0,0,0,315062,218,15
5389,0,0,0,9,3,122,0,0,0,0,0,0
5390,2,45,1,0,0,0,0,0,0,0,0,0
5391,0,78,9,0,0,0,0,0,0,0,0,0
5392,0,0,0,0,0,28,0,0,0,23,8099,1
5393,0,0,0,10,4,115,0,0,0,0,0,0
5394,0,0,0,1,2,2,0,0,0,0,0,0
5395,0,0,0,3,23,54,0,0,0,0,0,0
5396,0,0,0,11,0,1,0,0,0,0,0,0
5397,0,0,0,0,0,0,0,2,0,0,0,0
5398,0,0,0,0,0,49,0,0,0,0,0,0
5399,0,0,0,0,0,0,1,5,2,0,0,0
5400,0,0,0,0,0,0,0,0,0,0,4,0
5401,6,22,172,0,0,0,0,0,0,0,0,0
5402,0,0,0,0,0,0,0,0,0,29,27,0
5403,0,0,0,0,1,1,0,0,0,0,0,0
5404,0,0,0,8,39,75,0,0,0,0,0,0
5405,1,363,15,0,0,0,1,0,0,0,0,0
5406,0,0,0,0,6,71,0,0,0,0,0,0
5407,0,0,0,0,0,2,0,0,0,58,617,2
5408,0,0,0,19,29,76,0,0,0,0,1,0
5409,0,0,0,0,0,1,0,0,0,0,0,0
5410,84,119,2,0,0,0,0,0,0,0,0,0
5411,0,0,0,0,0,0,109,137,3,0,0,0
5412,0,0,0,0,0,0,0,0,0,2,99,0
5413,0,0,0,0,0,2,0,0,0,84,341,18
5414,0,0,0,0,0,27,0,0,0,0,0,0
5415,2,2,0,0,0,0,0,0,0,0,0,0
5416,0,0,0,0,0,0,0,0,0,0,269,0
5417,0,0,0,8,2,1,0,0,0,0,0,0
5418,0,0,0,0,0,0,69,1,0,0,0,0
5419,0,0,0,0,0,33,0,0,0,0,0,0
5420,7,30,1,0,0,0,0,0,0,0,0,0
5421,1,136,53,0,0,0,2,0,0,0,0,0
5422,0,0,0,4,376,1670,0,2,0,0,2,0
5423,0,1,0,0,0,0,0,0,0,0,0,0
5424,5,72,4,0,0,0,1,0,0,0,0,0
5425,0,0,0,0,0,0,73,926,22,0,0,0
5426,0,37,68,0,0,0,0,0,0,0,0,0
5427,0,0,0,0,0,2,0,0,0,8,644,1
5428,29,170,11,0,0,0,1,0,0,0,0,0
5429,0,0,0,0,0,0,269,16,0,0,0,0
5430,0,0,0,0,0,0,0,0,0,0,0,0
5431,9,740,4,0,0,0,3,0,0,0,0,0
5432,0,0,0,0,1,0,71,83,0,0,0,0
5433,0,0,0,0,0,0,12,3,2,0,0,0
5434,0,0,0,2,8,81,0,0,0,0,0,0
5435,0,0,0,0,0,0,20,1,2,0,0,0
5436,46,122,214,0,0,0,0,0,0,1,0,0
5437,0,0,0,0,33,0,59,9942,0,0,0,0
5438,0,0,0,1,7,51,0,0,0,0,0,0
5439,0,0,0,0,0,22,0,0,0,0,0,0
5440,16,179,4,0,0,0,0,0,0,0,0,0
5441,0,1,0,0,11,0,152,186,0,0,0,0
5442,0,0,0,0,0,0,0,1,1,0,0,0
5443,0,0,0,3,2,41,0,0,0,0,0,0
5444,0,0,0,0,0,0,2,2,0,0,0,0
5445,1,9,5,0,0,0,0,0,0,0,0,0
5446,0,0,0,6,2,311,0,0,0,0,0,0
5447,0,0,0,0,0,0,189,16,1,0,0,0
5448,0,0,0,1,0,74,0,0,0,0,0,0
5449,0,0,0,40,0,260,0,0,0,0,0,0
5450,1,0,14,0,0,0,0,0,0,0,0,0
5451,0,0,0,0,0,0,17,0,0,0,0,0
5452,0,435,0,0,0,0,1,0,0,0,0,0
5453,0,2,0,0,0,0,7,0,3,0,0,0
5454,4,14,20,0,0,0,0,0,0,0,0,0
5455,5,45,10,0,0,0,0,0,0,1,0,0
5456,0,40,0,0,0,0,0,0,0,0,0,0
5457,0,0,0,0,0,1,0,0,0,0,328,0
5458,12,19,17,0,0,0,0,0,0,0,0,0
5459,1,16,31,0,0,0,0,0,0,0,0,0
5460,0,0,0,0,0,5,0,0,0,0,0,0
5461,0,0,0,0,0,0,35,284,45,0,0,0
5462,63,307,712,0,0,0,2,0,0,4,0,0
5463,0,0,0,0,0,0,64,273,11,0,0,0
5464,0,0,0,1,4,22,0,0,0,0,0,0
5465,0,0,0,7,0,212,0,0,0,0,0,0
5466,26,113,0,0,0,0,0,0,0,0,0,0
5467,0,0,0,0,0,2,0,0,0,0,1793,0
5468,0,0,0,1,101,91,0,0,0,0,0,0
5469,0,0,0,0,0,1,0,0,0,0,0,0
5470,0,1,0,0,0,0,266,3,0,0,0,0
5471,0,0,0,0,1,118,0,0,0,0,0,0
5472,0,0,0,3,6,3,0,0,0,0,0,0
5473,0,0,0,7,48,247,0,0,0,0,0,0
5474,0,0,0,0,0,0,0,0,0,34,2,2
5475,33,173,6,0,0,0,0,0,0,0,0,0
5476,1,79,21,0,0,0,1,0,0,0,0,0
5477,0,0,0,0,0,1,0,0,0,1,628,0
5478,2,165,0,0,0,0,0,0,0,0,0,0
5479,0,0,0,14,15,203,0,0,0,0,2,0
5480,0,0,0,0,0,0,170,15,0,0,0,0
5481,0,0,0,0,0,0,0,0,0,3,134,0
5482,0,0,0,0,0,1,0,0,0,31,535,2
5483,21,25,18,0,0,0,0,0,0,0,0,0
5484,3,149,41,0,0,0,0,0,0,0,0,0
5485,0,0,0,15,14,180,0,0,0,0,4,0
5486,0,0,0,7,108,19,0,0,0,0,0,0
5487,0,0,0,0,0,3,0,0,0,0,0,0
5488,2,1122,0,0,0,0,6,0,0,0,0,0
5489,0,0,0,0,0,0,111,39,1,0,0,0
5490,2,118,8,0,0,0,0,0,0,0,0,0
5491,0,0,0,1,84,218,0,0,0,0,1,0
5492,0,0,0,5,30,28,0,0,0,0,0,0
5493,0,0,0,0,0,0,0,0,0,7,229,2
5494,0,0,0,2,11,122,0,0,0,0,0,0
5495,0,0,0,23,0,0,0,0,0,0,0,0
5496,0,0,0,0,1,0,251,105,1,0,0,0
5497,0,0,0,0,0,50,0,0,0,1,8795,8
5498,0,18,1,0,0,0,0,0,0,0,0,0
5499,64,49,30,0,0,0,0,0,0,0,0,0
5500,2,41,2,0,0,0,1,0,0,0,0,0
5501,0,85,26,0,0,0,0,0,0,0,0,0
5502,0,0,0,0,0,0,4,0,0,0,0,0
5503,9,67,59,0,0,0,0,0,0,0,0,0
5504,0,1,0,0,0,0,336,10,0,0,0,0
5505,0,0,0,0,0,15,0,0,0,0,0,0
5506,0,0,0,0,0,1,0,0,0,16,388,2
5507,0,0,0,343,52,149,0,1,0,0,1,0
5508,0,0,0,0,50,51,0,0,0,0,0,0
5509,1,0,0,0,0,0,814,86,9,0,0,0
5510,1,35,3,0,0,0,0,0,0,0,0,0
5511,0,166,9,0,0,0,1,0,0,0,0,0
5512,0,0,1,0,0,35,0,0,0,62,12561,0
5513,0,0,0,0,0,0,603,83,16,0,0,0
5514,0,0,0,3,0,937,0,0,0,0,7,0
5515,0,0,0,0,6,0,134,23664,0,0,0,0
5516,0,0,0,0,0,0,40,93,0,0,0,0
5517,0,0,0,0,1,14,0,0,0,0,0,0
5518,0,1,0,0,1,0,259,227,3,0,0,0
5519,0,0,0,0,0,3,0,0,0,0,0,0
5520,0,0,0,0,0,0,0,1,0,0,0,0
5521,0,0,0,0,0,72,0,0,0,0,0,0
5522,0,20,0,0,0,0,0,0,0,0,0,0
5523,104,51,9,1,0,0,0,0,0,0,0,0
5524,0,86,4,0,0,0,0,0,0,0,0,0
5525,3,91,0,0,0,0,0,0,0,0,0,0
5526,0,0,14,0,0,17,0,0,0,1268,4626,2
5527,0,0,0,30,332,84,0,1,0,0,0,0
5528,0,0,0,1,0,2,0,0,0,0,0,0
5529,0,0,0,0,0,0,0,1,0,0,0,0
5530,0,0,0,0,0,90,0,0,0,0,0,0
5531,0,0,0,0,0,0,28,3,2,0,0,0
5532,0,0,0,0,0,0,3,20,0,0,0,0
5533,29,305,47,0,0,0,0,0,0,0,0,0
5534,0,0,1,0,0,0,0,0,0,9,0,6
5535,261,65,16,0,0,0,0,0,0,0,0,0
5536,2,307,5,0,0,0,0,0,0,0,0,0
5537,0,0,0,0,0,0,0,0,0,71,0,9
5538,19,106,0,0,0,0,0,0,0,0,0,0
5539,0,7,0,0,20,0,1421,1841,1,0,0,0
5540,0,0,0,0,0,0,0,0,0,11,0,0
5541,332,99,33,0,0,0,0,0,0,3,0,0
5542,0,3,0,0,1,0,156,297,37,0,0,0
5543,2,60,0,0,0,0,0,0,0,0,0,0
5544,0,0,0,0,0,1,0,0,0,68,2234,1
5545,248,59,6,2,0,0,0,0,0,0,0,0
5546,0,63,1,0,0,0,0,0,0,0,0,0
5547,0,0,0,0,0,3,0,0,0,28,693,3
5548,0,0,0,0,0,4,0,0,0,50,1209,0
5549,0,0,0,0,0,0,0,0,0,86,295,4
5550,0,0,0,6,13,1,0,0,0,0,0,0
5551,0,0,0,13,0,87,0,0,0,0,1,0
5552,0,17,1,0,0,0,0,0,0,0,0,0
5553,22,660,65,0,0,0,1,0,0,0,0,0
5554,0,0,0,0,10,0,248,1337,2,0,0,0
5555,0,2,0,0,0,0,206,55,0,0,0,0
5556,0,0,0,0,0,0,51,1,0,0,0,0
5557,0,0,0,0,0,109,0,0,0,0,1,0
5558,0,0,0,0,0,0,536,44,0,0,0,0
5559,0,0,0,0,7,18,0,0,0,0,0,0
5560,123,285,8,1,0,0,1,0,0,0,0,0
5561,0,0,0,0,0,0,94,0,2,0,0,0
5562,0,74,102,0,0,0,0,0,0,0,0,0
5563,72,129,29,2,0,0,1,0,0,0,0,0
5564,0,0,0,0,0,0,21,55,1,0,0,0
5565,0,0,0,0,0,0,0,0,0,1,13,1
5566,3,0,0,518,41,777,0,2,0,0,3,0
5567,0,1,0,0,0,0,427,1,1,0,0,0
5568,0,0,0,0,0,0,0,0,0,0,0,0
5569,0,0,0,0,2,78,0,0,0,0,0,0
5570,9,928,0,0,0,0,5,0,0,0,0,0
5571,0,0,0,5,0,53,0,0,0,0,1,0
5572,0,22,0,0,23,0,282,1494,5,0,0,0
5573,0,0,0,20,0,175,0,0,0,0,13,0
5574,4,41,8,0,0,0,0,0,0,0,0,0
5575,0,0,0,0,0,14,0,0,0,2,2980,1
5576,5,113,7,0,0,0,1,0,0,0,0,0
5577,0,0,0,5,4,642,0,0,0,0,17,0
5578,0,3,0,0,0,0,255,144,8,0,0,0
5579,0,0,0,0,0,0,13,1,1,0,0,0
5580,0,0,0,0,0,0,23,2,1,0,0,0
5581,0,0,0,0,0,125,0,0,0,129,6498,14
5582,23,134,4,0,0,0,2,0,0,0,0,0
5583,0,0,0,0,0,1,0,0,0,5,380,0
5584,1,108272,10,6,0,0,31522,1278,15,1,0,0
5585,0,0,0,0,0,0,0,0,0,148,10,2
5586,0,0,0,3,13,46,0,0,0,0,0,0
5587,0,0,0,5,1,41,0,0,0,0,0,0
5588,0,0,0,0,10,0,0,0,0,0,0,0
5589,0,0,0,0,0,0,0,0,0,0,11,1
5590,0,0,0,5,5,107,0,0,0,0,0,0
5591,0,0,0,0,0,8,0,0,0,0,0,0
5592,1,0,0,0,0,0,0,0,0,0,0,0
5593,0,0,0,0,0,151,0,0,0,0,0,0
5594,0,0,0,0,0,0,38,1,0,0,0,0
5595,6,150,53,0,0,0,0,0,0,0,0,0
5596,0,58,9,0,0,0,0,0,0,0,0,0
5597,0,0,0,0,0,0,0,0,0,8,2,5
5598,5,28,0,1,0,0,0,0,0,0,0,0
5599,7,66,19,0,0,0,0,0,0,0,0,0
5600,0,0,0,3,17,153,0,0,0,0,1,0
5601,0,0,0,2,1,1,0,0,0,0,0,0
5602,0,0,0,11,0,181,0,0,0,0,1,0
5603,1,0,2,0,0,0,0,0,0,0,0,0
5604,1,110,0,0,0,0,0,0,0,0,0,0
5605,0,0,0,0,0,0,90,0,0,0,0,0
5606,0,21,25,0,0,0,0,0,0,1,0,0
5607,5,532,9,0,0,0,15,0,0,0,0,0
5608,30,924,38,0,0,0,3,0,0,0,0,0
5609,0,0,0,0,0,0,11,5,0,0,0,0
5610,0,0,0,0,0,0,0,0,0,0,0,0
5611,0,0,0,0,0,29,0,0,0,0,0,0
5612,0,1,0,0,2,0,350,2018,0,0,0,0
5613,0,0,0,1,0,13,0,0,0,0,0,0
5614,0,0,0,22,17,128,0,0,0,0,0,0
5615,0,0,0,0,0,0,0,0,0,9,3,0
5616,3,99,0,0,0,0,0,0,0,0,0,0
5617,0,0,0,0,0,0,107,179,1,0,0,0
5618,25,171,21,0,0,0,1,0,0,0,0,0
5619,0,0,0,4,0,959,0,0,0,0,6,0
5620,5,103,3,0,0,0,0,0,0,0,0,0
5621,0,0,0,0,0,9,0,0,0,62,1756,0
5622,0,0,0,0,0,20,0,0,0,99,5441,0
5623,0,0,0,5,9,49,0,0,0,0,0,0
5624,0,0,0,0,0,0,0,0,0,0,0,0
5625,0,0,0,0,0,0,0,0,0,0,0,0
5626,0,0,0,0,0,35,0,0,0,0,0,0
5627,2,63,4,0,0,0,0,0,0,0,0,0
5628,0,0,0,0,0,40,0,0,0,29,2953,1
5629,0,1,0,0,10052,0,363,12159,8,0,0,0
5630,0,0,0,0,0,4,0,0,0,0,0,0
5631,0,0,0,0,0,0,0,2,0,0,0,0
5632,0,0,0,0,0,66,0,0,0,0,0,0
5633,0,0,0,0,0,0,34,2,1,0,0,0
5634,0,0,0,0,0,0,9,2,0,0,0,0
5635,0,0,0,1,0,58,0,0,0,0,1,0
5636,1,45,0,0,0,0,0,0,0,0,0,0
5637,1,55,23,0,0,0,0,0,0,0,0,0
5638,0,3916,2,0,0,0,19,2,0,0,0,0
5639,0,0,0,0,0,0,0,0,0,24,0,1
5640,8,128,12,0,0,0,1,0,0,0,0,0
5641,7,76,149,0,0,0,1,0,0,0,0,0
5642,0,0,0,0,0,0,3,23,1,0,0,0
5643,0,0,0,0,0,0,0,0,0,0,166,0
5644,0,0,0,4,1,1054,0,0,0,0,34,0
5645,1,16,2,0,0,0,0,0,0,0,0,0
5646,0,0,0,0,0,8,0,0,0,59,1184,10
5647,8,74,1,0,0,0,0,0,0,0,0,0
5648,0,20,19676,0,0,0,0,0,0,105,0,0
5649,9,22,222,0,0,0,0,0,0,1,1,0
5650,40,509,11,0,0,0,1,0,0,0,0,0
5651,0,0,0,1,0,4,0,0,0,0,0,0
5652,0,0,0,0,0,0,0,0,0,0,0,0
5653,0,0,0,0,0,2142,0,0,0,0,7,0
5654,0,0,0,1,0,11,0,0,0,19,3463,6
5655,0,0,0,0,0,1,0,0,0,0,0,0
5656,1,26,0,0,0,0,0,0,0,0,0,0
5657,0,2,0,0,0,0,181,310,2,0,0,0
5658,0,0,0,5,1,82,0,0,0,0,0,0
5659,1,46,2,0,0,0,0,0,0,0,0,0
5660,0,0,0,0,0,0,0,0,0,16,0,1
5661,218,294,0,2,0,0,0,0,0,0,0,0
5662,0,47,2,0,0,0,0,0,0,0,0,0
5663,0,0,0,0,0,0,0,0,0,0,1,0
5664,0,2,0,0,0,0,0,0,0,0,0,0
5665,0,0,0,0,0,0,271,0,0,0,0,0
5666,0,0,0,0,0,0,70,0,0,0,0,0
5667,11,64,17,0,0,0,1,0,0,0,0,0
5668,0,0,0,0,0,0,262,295,5,0,0,0
5669,0,0,0,0,6,0,0,0,0,0,0,0
5670,0,0,0,0,0,0,0,0,0,1,5,0
5671,18,154,23,0,0,0,2,0,0,0,0,0
5672,0,0,0,0,0,3,0,0,0,99,4208,8
5673,0,0,1,0,0,1,0,0,0,106,599,1
5674,0,0,0,3,12,103,0,0,0,0,8,0
5675,0,0,0,0,3,1,0,0,0,0,0,0
5676,0,0,0,1,0,2,0,0,0,0,0,0
5677,0,0,0,0,0,40,0,0,0,0,3,0
5678,0,0,0,0,0,0,163,4,2,0,0,0
5679,0,0,0,0,0,15,0,0,0,0,0,0
5680,0,0,0,11,1,47,0,0,0,0,0,0
5681,2,199,27,0,0,0,0,0,0,0,0,0
5682,0,0,0,2,1,2,0,0,0,0,0,0
5683,0,0,0,0,0,0,30,61,2,0,0,0
5684,8,1,63,0,0,0,0,0,0,0,0,0
5685,0,0,0,0,0,0,0,0,0,0,0,0
5686,0,0,0,0,0,0,2,1,1,0,0,0
5687,0,0,0,1,0,1,0,0,0,0,0,0
5688,0,0,0,0,0,0,0,0,0,0,2,0
5689,177,645,21,0,0,0,7,0,0,0,0,0
5690,0,6,0,0,0,0,950,66,1,0,0,0
5691,0,0,0,0,0,2,0,0,0,16,551,5
5692,3,65,2,0,0,0,0,0,0,0,0,0
5693,0,0,0,0,0,9,0,0,0,141,805,0
5694,0,0,1,0,0,5,0,0,0,16,1174,1
5695,3,123,3,0,0,0,1,0,0,0,0,0
5696,0,0,0,0,0,0,0,0,0,1,126,0
5697,0,0,0,0,0,0,0,0,0,6,140,0
5698,0,0,0,72,24,153,0,0,0,0,1,0
5699,0,0,0,0,0,0,161,119,1,0,0,0
5700,0,0,4,0,0,1,0,0,0,320,833,1
5701,0,0,0,33,48,167,0,0,0,0,0,0
5702,0,0,0,0,0,0,0,0,0,11,0,8
5703,284,80,47,1,0,0,1,0,0,0,0,0
5704,0,0,0,0,4,0,341,872,86,0,0,1
5705,0,0,0,46,0,16,0,0,0,0,0,0
5706,0,376,4,0,0,0,0,0,0,0,0,0
5707,0,0,0,0,0,651,0,0,0,0,1,0
5708,0,0,0,0,0,0,47,1,13,0,0,0
5709,4,31,30,0,0,0,0,0,0,0,0,0
5710,1,47,2,0,0,0,0,0,0,0,0,0
5711,0,0,0,0,0,0,0,0,0,18,22,1
5712,0,0,0,0,0,0,0,0,0,0,0,0
5713,0,0,0,2,0,469,0,0,0,0,0,0
5714,0,25,3,0,0,0,0,0,0,0,0,0
5715,4,136,24,0,0,0,0,0,0,0,0,0
5716,0,2,0,0,1,0,231,377,1,0,0,0
5717,0,0,0,0,0,5,0,0,0,5,875,1
5718,34,175,17,0,0,0,0,0,0,0,0,0
5719,0,0,0,46,61,122,0,0,0,0,0,0
5720,0,0,0,0,0,0,66,11,0,0,0,0
5721,0,0,0,0,0,0,104,5,1,0,0,0
5722,0,0,0,0,0,94,0,0,0,0,0,0
5723,2,89,0,0,0,0,0,0,0,0,0,0
5724,0,0,0,0,0,5,0,0,0,1,1582,9
5725,12,154,28,0,0,0,0,0,0,0,0,0
5726,0,0,0,1,0,3,0,0,0,0,0,0
5727,0,0,0,0,0,1,0,0,0,0,0,0
5728,0,0,0,0,0,115,0,0,0,0,0,0
5729,0,35,0,0,0,0,1,0,0,0,0,0
5730,0,0,2,0,0,18,0,0,0,114,12215,3
5731,0,0,0,6,456,215,0,0,0,0,0,0
5732,0,0,0,1,0,0,0,0,0,0,0,0
5733,0,0,0,0,0,0,0,1,0,0,0,0
5734,0,0,0,0,0,84,0,0,0,0,0,0
5735,0,0,0,0,0,0,0,7,1,0,0,0
5736,0,0,0,0,0,0,0,0,0,0,0,0
5737,0,0,0,1,1,29,0,0,0,0,1,0
5738,109,0,0,0,0,0,0,0,0,0,0,0
5739,0,0,0,0,0,0,80,66,0,0,0,0
5740,0,0,0,0,0,52,0,0,0,0,0,0
5741,0,0,0,0,0,0,0,2,0,0,0,0
5742,22,70,129,0,0,0,0,0,0,3,0,0
5743,0,0,0,0,0,0,0,0,0,0,0,0
5744,0,0,0,0,0,0,0,0,0,0,0,0
5745,0,1,0,0,0,0,0,0,0,0,0,0
5746,0,0,0,0,0,2,0,0,0,0,2958,0
5747,0,587,0,0,0,0,2,0,0,0,0,0
5748,0,0,1,0,0,0,0,0,0,221,296,0
5749,0,0,0,19,6,287,0,0,0,0,6,0
5750,0,0,0,0,0,0,2,0,1,0,0,0
5751,0,0,0,0,0,0,29,2,0,0,0,0
5752,0,0,0,0,0,44,0,0,0,0,0,0
5753,20,114,0,0,0,0,0,0,0,0,0,0
5754,7,57,33,0,0,0,0,0,0,0,0,0
5755,0,0,0,0,34,153,0,0,0,0,1,0
5756,0,0,0,4,0,103,0,0,0,0,0,0
5757,2,53,0,0,0,0,0,0,0,0,0,0
5758,0,0,0,0,0,3,0,0,0,0,697,0
5759,0,0,0,0,0,0,0,0,0,66,0,1
5760,27,99,0,0,0,0,0,0,0,0,0,0
5761,0,0,0,0,0,0,32,0,0,0,0,0
5762,0,0,0,4,5,280,0,0,0,0,3,0
5763,0,1,0,0,0,0,423,13,2,0,0,0
5764,0,0,0,0,3,82,0,0,0,0,1,0
5765,0,0,0,0,0,0,16,0,0,0,0,0
5766,0,0,0,0,0,0,0,1,17,0,0,0
5767,0,0,0,0,2,227,0,0,0,0,4,0
5768,0,0,0,0,0,0,0,0,0,0,0,0
5769,0,0,0,0,0,0,0,0,0,0,0,0
5770,0,0,0,0,0,0,0,0,0,1,211,0
5771,0,0,0,0,0,0,0,0,0,0,0,0
5772,2,0,0,0,0,0,0,0,0,0,0,0
5773,0,0,0,0,0,293,0,0,0,0,1,0
5774,0,1,1,0,0,0,0,0,0,0,0,0
5775,17,35,2,0,0,0,0,0,0,0,0,0
5776,0,19,2,0,0,0,0,0,0,0,0,0
5777,0,0,0,0,0,0,0,0,0,1,604,0
5778,1,0,0,0,0,0,0,0,0,0,0,0
5779,0,0,0,0,0,293,0,0,0,0,0,0
5780,2,660,0,0,0,0,1,0,0,0,0,0
5781,0,0,0,0,0,1,0,0,0,0,0,0
5782,4,6,1,0,0,0,0,0,0,0,0,0
5783,1,21,1,0,0,0,0,0,0,0,0,0
5784,0,0,0,0,0,40,0,0,0,42,7790,1
5785,0,0,0,11,17,68,0,0,0,0,1,0
5786,0,0,0,0,6,2,0,0,0,0,0,0
5787,0,0,0,0,0,2,0,0,0,2,484,3
5788,0,0,0,30,3,29,0,0,0,0,0,0
5789,0,15,0,0,0,0,0,0,0,0,0,0
5790,2,56,8,0,0,0,0,0,0,0,0,0
5791,3,50,46,0,0,0,0,0,0,0,0,0
5792,0,0,0,0,0,0,45,1,1,0,0,0
5793,1,13,12,0,0,0,0,0,0,0,0,0
5794,18,20,54,0,0,0,0,0,0,0,0,0
5795,0,128,0,0,0,0,0,0,0,0,0,0
5796,0,0,0,0,0,0,0,0,0,61,298,1
5797,0,0,0,18,26,64,0,0,0,0,0,0
5798,0,0,0,0,10,31,0,0,0,0,0,0
5799,0,0,0,0,0,1,0,0,0,0,0,0
5800,0,0,0,0,0,0,131,61,0,0,0,0
5801,0,0,0,1,0,35,0,0,0,0,0,0
5802,0,352,6,0,0,0,1,0,0,0,0,0
5803,0,0,0,0,0,102,0,0,0,0,1,0
5804,0,0,0,20,1,764,0,0,0,0,3,0
5805,0,0,0,0,2,0,26,126,2,0,0,0
5806,0,0,0,0,0,12,0,0,0,0,3123,1
5807,8,87,6,0,0,0,0,0,0,0,0,0
5808,0,0,0,0,0,8,0,0,0,0,0,0
5809,9,21,13,0,0,0,0,0,0,0,0,0
5810,0,0,0,0,0,0,223,1,1,0,0,0
5811,0,0,0,0,0,0,0,0,0,0,0,0
5812,0,0,0,0,0,215,0,0,0,23,16459,3
5813,0,0,0,0,0,0,6,60,0,0,0,0
5814,0,0,0,0,0,0,6,1,1,0,0,0
5815,0,0,0,2,0,139,0,0,0,0,0,0
5816,0,8,0,0,0,0,570,57,1,0,0,0
5817,0,0,0,0,0,0,0,0,0,53,667,4
5818,0,0,0,25,16,490,0,0,0,0,0,0
5819,0,0,0,5,22,17,0,1,0,0,0,0
5820,0,0,0,3,0,75,0,0,0,0,0,0
5821,7,55,1,0,0,0,0,0,0,0,0,0
5822,0,0,0,0,0,9,0,0,0,248,3207,0
5823,0,0,0,7,20,5,0,0,0,0,0,0
5824,0,0,0,5,0,182,0,0,0,0,0,0
5825,1,65,1,0,0,0,0,0,0,0,0,0
5826,0,0,0,0,0,20,0,0,0,38,4209,4
5827,12,26,1,0,0,0,0,0,0,0,0,0
5828,0,52,6,0,0,0,0,0,0,0,0,0
5829,16,144,154,0,0,0,0,0,0,8,0,0
5830,0,1,0,0,0,0,710,144,0,0,0,0
5831,0,0,0,0,7,43,0,0,0,0,0,0
5832,0,0,0,0,0,2,0,0,0,53,507,1
5833,0,0,0,0,0,2,0,0,0,132,765,12
5834,0,0,0,10,93,211,0,1,0,0,0,0
5835,0,0,0,0,0,1,0,0,0,0,1117,0
5836,35,241,42,0,0,0,0,0,0,0,0,0
5837,0,0,0,0,0,0,45,0,2,0,0,0
5838,39,19,94,0,0,0,0,0,0,0,0,0
5839,3,157,19,0,0,0,0,0,0,0,0,0
5840,0,0,0,0,0,402,0,0,0,0,1,0
5841,0,27,0,0,0,0,0,0,0,0,0,0
5842,0,0,0,0,0,0,0,0,0,1,456,0
5843,0,112,1,0,0,0,2,0,0,0,0,0
5844,4,60,33,0,0,0,0,0,0,0,0,0
5845,12,82,41,0,0,0,0,0,0,0,0,0
5846,0,0,0,0,0,0,14,5,15,0,0,0
5847,0,0,0,0,0,0,0,24,18,0,0,0
5848,0,0,0,1,2,31,0,0,0,0,0,0
5849,0,0,0,0,0,5,0,0,0,70,2815,0
5850,0,0,1,0,0,7,0,0,0,267,2272,14
5851,0,0,0,18,0,39,0,0,0,0,0,0
5852,1,741,8,0,0,0,9,0,0,0,0,0
5853,0,0,0,0,0,2,0,0,0,0,0,0
5854,0,0,0,9,0,65,0,0,0,0,0,0
5855,1,38,0,0,0,0,0,0,0,0,0,0
5856,0,0,0,0,0,0,0,0,0,1,6,0
5857,0,0,0,0,2,0,314,177,1,0,0,0
5858,0,0,0,0,0,0,63,1,0,0,0,0
5859,1,0,0,0,0,0,0,0,0,0,0,0
5860,0,0,0,0,2,151,0,0,0,0,6,0
5861,0,2,0,0,0,0,328,3,1,0,0,0
5862,0,0,0,0,1,16,0,0,0,0,0,0
5863,0,0,0,16,21,175,0,0,0,0,1,0
5864,0,0,0,39,6,18,0,0,0,0,0,0
5865,0,0,0,2,9,3,0,0,0,0,0,0
5866,0,0,0,0,0,1,0,0,0,37,693,1
5867,0,0,0,3,0,51,0,0,0,0,0,0
5868,1,1,0,0,0,0,0,0,0,0,0,0
5869,0,0,0,1,0,83,0,0,0,1,11524,0
5870,0,48,1,0,0,0,0,0,0,0,0,0
5871,2,76,9,0,0,0,0,0,0,0,0,0
5872,12,103,8,0,0,0,2,0,0,0,0,0
5873,0,0,0,0,0,0,3,0,0,0,0,0
5874,0,32,11,0,0,0,1,0,0,0,0,0
5875,2,29,40,0,0,0,0,0,0,0,0,0
5876,1,71,5,0,0,0,0,0,0,0,0,0
5877,1,947,15,0,0,0,24,0,0,0,0,0
5878,0,0,0,0,0,1,0,0,0,62,605,1
5879,20,80,9,0,0,0,0,0,0,0,0,0
5880,0,9,0,0,0,0,1487,184,14,0,0,0
5881,0,0,0,0,17,69,0,0,0,0,0,0
5882,0,0,0,0,0,5,0,0,0,0,0,0
5883,1,0,0,0,0,0,0,0,0,0,0,0
5884,0,0,0,0,0,31,0,0,0,1,4868,0
5885,2,87,0,0,0,0,1,0,0,0,0,0
5886,0,0,0,0,0,7,0,0,0,18,2389,0
5887,21,311,0,0,0,0,1,0,0,0,0,0
5888,0,5,1,0,0,0,0,0,0,0,0,0
5889,0,0,0,0,0,0,0,0,0,0,7,0
5890,17,77,1,0,0,0,0,0,0,0,0,0
5891,2,222,3,0,0,0,3,0,0,0,0,0
5892,0,0,2,0,0,0,0,0,0,433,269,0
5893,0,0,0,0,0,4,0,0,0,11,663,1
5894,14,137,11,0,0,0,1,0,0,0,0,0
5895,0,0,0,8,1,125,0,0,0,0,1,0
5896,18,21,1,0,0,0,0,0,0,0,0,0
5897,0,14,4,0,0,0,0,0,0,0,0,0
5898,1,78,6,0,0,0,0,0,0,0,0,0
5899,0,140,1,0,0,0,0,0,0,0,0,0
5900,0,0,0,0,0,0,0,0,0,16,59,9
5901,0,0,0,0,0,0,0,0,0,1,144,0
5902,7,62,13,0,0,0,1,0,0,0,0,0
5903,0,0,0,0,0,0,77,168,1,0,0,0
5904,0,0,0,0,1,27,0,0,0,0,0,0
5905,0,0,0,7,0,63,0,0,0,0,0,0
5906,0,43,0,0,0,0,0,0,0,0,0,0
5907,0,0,0,0,0,17,0,0,0,7,3389,0
5908,0,0,0,1,9,113,0,0,0,0,0,0
5909,0,0,0,0,0,3,0,0,0,0,0,0
5910,2,3,0,0,0,0,0,0,0,0,0,0
5911,0,0,0,0,0,162,0,0,0,0,0,0
5912,0,2,0,0,0,0,0,0,0,0,0,0
5913,62,25,0,0,0,0,0,0,0,0,0,0
5914,14,61,2,0,0,0,0,0,0,0,0,0
5915,0,0,0,6,4,80,0,0,0,0,0,0
5916,0,0,0,0,0,2,0,0,0,0,0,0
5917,0,11,0,0,0,0,185,4,1,0,0,0
5918,0,0,0,0,0,0,147,22,2,0,0,0
5919,2,7,0,0,0,0,0,0,0,0,0,0
5920,0,0,0,3,3,105,0,0,0,0,0,0
5921,0,0,0,0,0,0,2,1,0,0,0,0
5922,0,0,0,0,0,0,1,1,0,0,0,0
5923,0,0,0,0,2,51,0,0,0,0,0,0
5924,0,32,0,0,0,0,13366,63,0,0,0,0
5925,0,0,0,0,0,47,0,0,0,0,0,0
5926,0,0,0,8,6,147,0,0,0,0,0,0
5927,0,0,0,0,0,0,220,90,0,0,0,0
5928,0,0,0,0,0,25,0,0,0,0,0,0
5929,0,0,0,4,5,35,0,0,0,0,0,0
5930,0,0,0,1,0,16,0,0,0,0,0,0
5931,0,1,0,0,0,0,404,195,1,0,0,0
5932,0,0,0,2,2,120,0,0,0,0,0,0
5933,2,17,0,0,0,0,0,0,0,0,0,0
5934,0,0,0,0,0,15,0,0,0,1,1451,0
5935,5,67,3,0,0,0,1,0,0,0,0,0
5936,0,2,0,0,0,0,18,1,0,0,0,0
5937,2,66,6,0,0,0,0,0,0,0,0,0
5938,0,10,12,0,0,0,0,0,0,0,0,0
5939,6,293,27,0,0,0,34,0,0,4,0,0
5940,0,0,0,0,1,8,0,0,0,0,0,0
5941,1,0,0,45,13,170,0,0,0,0,1,0
5942,0,0,0,0,0,0,435,28,4,0,0,0
5943,10,47,6,0,0,0,1,0,0,0,0,0
5944,0,0,0,0,0,3229,0,0,0,51,26729,0
5945,0,0,0,0,0,0,0,0,0,6,42,1
5946,0,0,0,0,0,0,0,0,0,7,23,1
5947,0,0,0,11,1,44,0,0,0,0,0,0
5948,1,29,1,0,0,0,0,0,0,0,0,0
5949,7,161,14,0,0,0,3,0,0,0,0,0
5950,0,1,0,0,50,0,368,1592,48,0,0,1
5951,0,0,0,3,3,33,0,0,0,0,0,0
5952,0,0,0,0,295,10,0,2,0,0,0,0
5953,0,0,0,0,0,0,318,467,2,0,0,0
5954,0,1,0,0,0,0,49,47,12,0,0,0
5955,3,23,6,0,0,0,0,0,0,0,0,0
5956,0,0,0,0,0,1,0,0,0,1,528,1
5957,53,119,18,0,0,0,1,0,0,0,0,0
5958,26,172,95,0,0,0,0,0,0,1,0,0
5959,0,0,0,0,39,150,0,0,0,0,0,0
5960,0,0,0,0,0,2,0,0,0,0,0,0
5961,1,16,1,0,0,0,0,0,0,0,0,0
5962,0,0,0,0,0,72,0,0,0,0,0,0
5963,0,0,0,2,0,4,0,0,0,0,0,0
5964,2,3,0,0,0,0,0,0,0,0,0,0
5965,0,0,0,0,0,295,0,0,0,0,2,0
5966,0,3,0,0,0,0,0,0,0,0,0,0
5967,5,252,3,0,0,0,2,0,0,0,0,0
5968,0,0,0,0,0,0,87,6,0,0,0,0
5969,0,1,0,0,0,0,0,0,0,0,0,0
5970,0,7,0,0,0,0,0,0,0,0,0,0
5971,0,46,0,0,0,0,0,0,0,0,0,0
5972,0,0,0,0,0,0,57,208,3,0,0,0
5973,1,16,13,0,0,0,0,0,0,0,0,0
5974,0,0,0,0,0,4,0,0,0,1,2431,0
5975,36,4,10,0,0,0,0,0,0,0,0,0
5976,2,39,12,0,0,0,0,0,0,0,0,0
5977,0,0,0,5,4,77,0,0,0,0,1,0
5978,0,0,0,1,11,5,0,0,0,0,0,0
5979,0,0,0,0,0,2,0,0,0,37,1185,4
5980,1,0,0,8,29,85,0,11,0,0,1,0
5981,0,0,0,7,1,208,0,0,0,0,0,0
5982,0,34,0,0,0,0,0,0,0,0,0,0
5983,0,0,0,0,0,183,0,0,0,0,2,0
5984,0,0,0,1,2,2,0,0,0,0,0,0
5985,0,0,0,2,1,7,0,0,0,0,0,0
5986,0,0,0,1,0,1904,0,0,0,1,317291,0
5987,12,9,0,0,0,0,0,0,0,0,0,0
5988,0,0,0,0,0,0,0,0,0,6,170,3
5989,15,78,15,0,0,0,0,0,0,0,0,0
5990,0,0,0,0,0,0,51,2,4,0,0,0
5991,12,52,4767,0,0,0,0,0,0,2,4,0
5992,0,0,0,0,0,0,414,113,8,0,0,0
5993,0,0,0,0,0,0,0,0,0,0,0,0
5994,1,0,0,0,0,0,0,0,0,0,0,0
5995,0,596,0,0,0,0,3,0,0,0,0,0
5996,0,0,0,0,0,0,0,0,0,4,15,1
5997,0,0,0,0,0,0,0,0,0,2,17,1
5998,19,108,3,0,0,0,0,0,0,0,0,0
5999,5,1327,0,0,0,0,19,0,0,0,0,0
6000,0,0,0,0,5,88,0,0,0,0,0,0
6001,0,0,0,15,0,53,0,0,0,0,0,0
6002,0,0,0,0,0,0,3,1,0,0,0,0
6003,0,136,0,0,0,0,0,0,0,0,0,0
6004,0,0,0,0,1,634,0,0,0,0,1,0
6005,0,0,0,0,0,0,0,0,0,104,10,0
6006,0,0,0,0,0,2,0,0,0,0,0,0
6007,0,0,0,17,9,171,0,0,0,0,1,0
6008,0,1,0,0,0,0,174,44,11,0,0,0
6009,0,0,0,2,1,14,0,0,0,0,0,0
6010,1,129,0,0,0,0,0,0,0,0,0,0
6011,0,0,0,0,0,1,0,0,0,4,216,3
6012,0,0,0,0,0,0,0,0,0,58,53,5
6013,102,1473,19,1,0,0,1,0,0,0,0,0
6014,3,24,24,0,0,0,0,0,0,0,0,0
6015,0,56,2,0,0,0,0,0,0,0,0,0
6016,0,0,0,0,0,4,0,0,0,28,715,1
6017,0,0,0,0,0,0,0,0,0,51,0,10
6018,166,74,2,1,0,0,0,0,0,0,0,0
6019,0,23,0,0,0,0,0,0,0,0,0,0
6020,0,0,0,0,0,0,0,0,0,4,79,0
6021,0,0,0,0,0,0,0,0,0,5,22,0
6022,26,3139,5,0,0,0,28,0,0,0,0,0
6023,0,0,0,49,1,1220,0,0,0,0,5,0
6024,0,297,31,0,0,0,7,0,0,0,0,0
6025,0,0,0,0,0,1001,0,0,0,0,9,0
6026,0,0,2,0,0,39,0,0,0,802,5893,23
6027,0,0,59,0,0,7,0,0,0,5927,4367,2
6028,19,207,65,0,0,0,1,0,0,0,0,0
6029,18,31,12,0,0,0,0,0,0,0,0,0
6030,2,144,3,0,0,0,1,0,0,0,0,0
6031,0,0,0,0,0,23,0,0,0,210,3739,1
6032,0,0,0,0,0,0,1120,20,4,0,0,0
6033,0,0,0,0,0,0,0,0,0,6,863,0
6034,41,56,5,0,0,0,0,0,0,0,0,0
6035,28,249,41,0,0,0,0,0,0,0,0,0
6036,0,0,0,0,0,0,247,232,0,0,0,0
6037,0,0,0,0,0,50,0,0,0,61,7208,0
6038,0,0,0,0,20,31,0,0,0,0,0,0
6039,0,0,0,9,29,27,0,0,0,0,1,0
6040,0,0,0,0,1,2121,0,0,0,27,123582,2
6041,0,0,0,0,0,0,64,37,6,0,0,0
6042,16,271,16,0,0,0,2,0,0,0,0,0
6043,0,0,0,0,4,217,0,0,0,0,0,0
6044,0,9,1,0,0,0,0,0,0,0,0,0
6045,1,31,1,0,0,0,0,0,0,0,0,0
6046,0,0,0,1,0,288,0,0,0,0,1,0
6047,0,0,0,2,1,7,0,0,0,0,0,0
6048,0,0,0,0,0,4,0,0,0,0,0,0
6049,0,0,0,2,0,52,0,0,0,0,0,0
6050,1,8,0,0,0,0,0,0,0,0,0,0
6051,2,90,8,0,0,0,0,0,0,0,0,0
6052,0,27,0,0,0,0,841,93,0,0,0,0
6053,0,0,0,0,1,9,0,0,0,0,0,0
6054,0,0,0,1,0,2,0,0,0,0,0,0
6055,0,0,0,6,2,46,0,0,0,0,0,0
6056,0,0,0,0,0,0,95,127,0,0,0,0
6057,0,0,0,0,0,11,0,0,0,0,0,0
6058,1,209,207,0,0,0,0,0,0,0,0,0
6059,0,0,0,1,6,2,0,0,0,0,0,0
6060,0,0,0,0,0,0,1,0,1,0,0,0
6061,0,0,0,0,0,54,0,0,0,0,0,0
6062,0,1,0,0,0,0,222,9,1,0,0,0
6063,16,340,75,0,0,0,2,0,0,0,0,0
6064,0,0,0,1,0,83,0,0,0,0,0,0
6065,3,54,0,0,0,0,0,0,0,0,0,0
6066,0,231,6,0,0,0,0,0,0,0,0,0
6067,0,0,0,1,2,938,0,0,0,0,4,0
6068,0,544,0,0,0,0,1,0,0,0,0,0
6069,0,0,0,4,25,318,0,0,0,0,1,0
6070,0,0,0,0,0,60,0,0,0,85,4489,5
6071,0,16,0,0,0,0,0,0,0,0,0,0
6072,1,35,6,0,0,0,0,0,0,0,0,0
6073,3,110,23,0,0,0,0,0,0,0,0,0
6074,0,0,0,4,0,16,0,0,0,0,0,0
6075,0,0,0,2,1,1,0,0,0,0,0,0
6076,0,0,0,2,4,76,0,0,0,0,0,0
6077,0,0,0,0,0,0,9,350,0,0,0,0
6078,0,0,0,0,0,0,0,0,0,0,106,0
6079,0,0,0,11,12,129,0,1,0,0,1,0
6080,0,1,0,0,0,0,523,217,16,0,0,0
6081,16,492,50,0,0,0,0,0,0,0,0,0
6082,0,0,0,25,2,326,0,0,0,0,0,0
6083,0,0,0,0,0,0,50,28,19,0,0,0
6084,5,379,29,0,0,0,0,0,0,1,0,0
6085,0,0,0,2,11,170,0,0,0,0,0,0
6086,0,0,0,1,1,26,0,0,0,0,0,0
6087,0,0,0,2,0,0,0,0,0,0,0,0
6088,2,72,0,0,0,0,3,0,0,0,0,0
6089,0,5,0,0,0,0,0,0,0,0,0,0
6090,1,2,0,0,0,0,0,0,0,0,0,0
6091,0,0,0,0,0,6,0,0,0,0,1395,0
6092,0,0,0,0,0,0,0,0,0,82,0,1
6093,128,44,0,1,0,0,0,0,0,0,0,0
6094,0,0,0,0,1,0,66,354,6,0,0,0
6095,0,0,0,0,40,29,0,0,0,0,0,0
6096,0,0,0,0,0,40,0,0,0,0,0,0
6097,0,169,0,0,0,0,0,0,0,0,0,0
6098,1,130,0,0,0,0,0,0,0,0,0,0
6099,0,0,0,0,0,1,0,0,0,63,356,3
6100,0,0,0,8,15,25,0,0,0,0,0,0
6101,0,94,0,0,0,0,7614,18,0,0,0,0
6102,0,0,0,0,0,0,88,40,6,0,0,0
6103,0,0,0,0,0,55,0,0,0,0,0,0
6104,0,0,0,0,0,20,0,0,0,0,1,0
6105,6,254,1,0,0,0,0,0,0,0,0,0
6106,0,0,0,1,0,99,0,0,0,0,0,0
6107,0,11,1,0,0,0,0,0,0,0,0,0
6108,9,68,9,0,0,0,0,0,0,0,0,0
6109,0,0,0,0,5,0,134,72,0,0,0,0
6110,0,6,3,0,0,0,0,0,0,0,0,0
6111,1,59,6,0,0,0,0,0,0,0,0,0
6112,0,99,2,0,0,0,0,0,0,0,0,0
6113,0,0,0,0,0,1,0,0,0,32,809,1
6114,0,0,0,0,0,2,0,0,0,107,592,1
6115,0,0,0,84,6,188,0,0,0,0,1,0
6116,0,0,0,0,0,0,33,46,4,0,0,0
6117,0,0,0,0,0,1,0,0,0,2,208,4
6118,0,0,0,19,29,38,0,0,0,0,0,0
6119,0,0,0,2,10,136,0,0,0,0,0,0
6120,0,0,0,0,0,6,0,0,0,0,1171,0
6121,40,247,16,0,0,0,0,0,0,0,0,0
6122,0,38,11,0,0,0,0,0,0,0,0,0
6123,0,0,0,0,0,0,67,9,6,0,0,1
6124,1,135,8,0,0,0,0,0,0,0,0,0
6125,0,2,0,0,0,0,219,3,1,0,0,0
6126,0,26,1,0,0,0,2,0,0,0,0,0
6127,0,1,0,0,0,0,153,104,0,0,0,0
6128,0,0,0,0,0,1,0,0,0,11,515,0
6129,0,0,0,2,3,0,0,0,0,0,0,0
6130,0,0,0,2,12,64,0,1,0,0,0,0
6131,2,56,0,0,0,0,0,0,0,0,0,0
6132,0,48,19,0,0,0,0,0,0,0,0,0
6133,15,66,35,0,0,0,0,0,0,0,0,0
6134,0,1,0,0,0,0,158,2,2,0,0,0
6135,0,0,0,1,0,0,0,0,0,0,0,0
6136,0,0,0,4,1,117,0,0,0,0,1,0
6137,0,80,0,0,0,0,0,0,0,0,0,0
6138,0,0,0,0,0,0,0,0,0,2,24,0
6139,0,550,1,0,0,0,0,0,0,0,0,0
6140,0,0,0,4,16,22,0,0,0,0,0,0
6141,0,0,0,25,0,0,0,0,0,0,0,0
6142,0,0,0,8,5,141,0,0,0,0,0,0
6143,0,0,0,0,1,20,0,0,0,0,0,0
6144,0,0,0,19,13,9,0,0,0,0,0,0
6145,0,0,0,0,0,9,0,0,0,29,3011,0
6146,0,0,0,0,0,0,0,0,0,0,2,0
6147,0,0,0,0,0,0,0,0,0,3,0,0
6148,0,0,0,45,13,1273,0,0,0,0,0,0
6149,0,1,0,0,0,0,91,19,4,0,0,3
6150,8,0,25,0,0,0,0,0,0,0,0,0
6151,0,0,0,0,0,1,0,0,0,46,591,1
6152,0,0,0,0,0,27,0,0,0,0,0,0
6153,0,0,0,0,1,2,0,0,0,0,0,0
6154,4,88,0,0,0,0,0,0,0,0,0,0
6155,1,54,0,0,0,0,0,0,0,0,0,0
6156,11,44,22,0,0,0,0,0,0,0,0,0
6157,0,0,0,4,1,251,0,0,0,0,1,0
6158,0,0,0,0,0,0,17,32,1,0,0,0
6159,0,0,0,0,0,0,4,1,5,0,0,0
6160,0,0,0,0,3,42,0,0,0,0,0,0
6161,0,0,0,0,0,0,26,2,1,0,0,0
6162,1,8,17,0,0,0,0,0,0,0,0,0
6163,0,0,0,9,4,65,0,0,0,0,0,0
6164,0,0,0,0,0,0,2,19,0,0,0,0
6165,0,0,0,1,0,16,0,0,0,0,0,0
6166,0,28,0,0,0,0,1653,115,2,0,0,0
6167,0,0,0,0,0,0,0,0,0,0,0,0
6168,0,0,0,0,0,20,0,0,0,0,0,0
6169,0,0,0,0,2,0,227,376,0,0,0,0
6170,0,0,0,0,3,0,2,164,2,0,0,0
6171,0,0,0,0,2,1,0,0,0,0,55,20
6172,0,0,0,2,3,110,0,0,0,0,0,0
6173,0,40,7,0,0,0,0,0,0,0,0,0
6174,0,0,0,1,78,11,0,0,0,0,1,0
6175,0,0,0,34,3,35,0,0,0,0,0,0
6176,0,1,0,0,0,0,44,2,1,0,0,0
6177,1,26,31,0,0,0,0,0,0,0,0,0
6178,0,0,0,0,4,176,0,0,0,0,6,0
6179,0,0,0,1,1,40,0,0,0,0,1,0
6180,13,10,7,0,0,0,0,0,0,0,0,0
6181,0,0,0,0,0,172,0,0,0,0,4,0
6182,0,4,27,0,0,0,0,0,0,0,0,0
6183,1,92,32,0,0,0,0,0,0,0,0,0
6184,8,138,10,0,0,0,2,0,0,0,0,0
6185,0,0,0,0,0,44,0,0,0,16,683,8
6186,1,3,0,0,0,0,0,0,0,0,0,0
6187,0,0,0,0,0,3,0,0,0,13,241,1
6188,0,0,0,0,0,39,0,0,0,0,0,0
6189,0,4,0,0,0,0,0,0,0,0,0,0
6190,0,0,0,0,0,2,0,0,0,0,409,0
6191,5,73,1,0,0,0,0,0,0,0,0,0
6192,0,0,0,0,0,6,0,0,0,11,121,0
6193,9,110,11,0,0,0,10,0,0,0,0,0
6194,0,0,2,0,0,1,0,0,0,63,186,0
6195,0,0,6,0,0,73,0,0,0,205,3303,0
6196,0,0,1,0,0,145,0,0,0,147,8554,1
6197,0,0,0,18,43,79,0,0,0,0,0,0
6198,0,0,0,0,0,6,0,0,0,21,977,2
6199,0,0,0,5,8,138,0,0,0,0,0,0
6200,0,0,0,0,1,19,0,0,0,0,0,0
6201,0,0,0,174,1,4,0,0,0,0,0,0
6202,0,0,0,0,0,53,0,0,0,0,0,0
6203,0,5,0,0,0,0,0,0,0,0,0,0
6204,1,92,5,0,0,0,0,0,0,0,0,0
6205,0,0,0,0,0,0,78,16,0,0,0,0
6206,0,3,5,0,0,0,0,0,0,0,0,0
6207,1,65,10,0,0,0,0,0,0,0,0,0
6208,3,131,7,0,0,0,1,0,0,0,0,0
6209,0,0,0,0,0,0,1,1,0,0,0,0
6210,0,0,0,0,0,0,0,0,1,0,0,0
6211,22,314,339,0,0,0,0,0,0,0,0,0
6212,0,0,0,0,0,0,1,15,3,0,0,0
6213,0,0,0,0,0,0,0,0,0,0,479,7
6214,0,0,0,3,1,123,0,0,0,0,1,0
6215,0,0,0,0,0,0,0,0,0,0,0,0
6216,0,48,1,0,0,0,0,0,0,0,0,0
6217,18,102,14,0,0,0,0,0,0,0,0,0
6218,0,0,0,1,0,84,0,0,0,0,21,0
6219,0,0,0,0,1,1,0,0,0,0,0,0
6220,0,1,0,0,0,0,181,1,0,0,0,0
6221,0,0,0,0,8,43,0,0,0,0,0,0
6222,0,0,0,0,1,1,0,0,0,0,0,0
6223,0,184,0,0,0,0,0,0,0,0,0,0
6224,0,0,0,0,0,0,0,0,0,1,155,0
6225,3,2,0,0,0,0,0,0,0,0,0,0
6226,0,0,0,0,0,340,0,0,0,0,22,0
6227,0,0,0,0,0,0,0,0,0,0,0,0
6228,0,69,0,0,0,0,0,0,0,0,0,0
6229,0,1520,1,0,0,0,14,0,0,0,0,0
6230,0,0,0,0,0,4,0,0,0,2,619,0
6231,0,0,1,0,0,0,0,0,0,133,26,2
6232,0,0,0,2,6,50,0,0,0,0,0,0
6233,0,155,0,0,0,0,0,0,0,0,0,0
6234,0,0,0,1,0,9,0,0,0,0,0,0
6235,0,0,0,11,2,91,0,0,0,0,0,0
6236,0,1,0,0,0,0,395,29,278,0,0,1
6237,0,0,0,0,1,1,0,0,0,0,0,0
6238,0,0,0,19,19,275,0,0,0,0,0,0
6239,0,0,0,0,0,2,0,0,0,0,0,0
6240,0,0,0,0,0,0,3,3,0,0,0,0
6241,0,0,0,0,0,0,1,6,1,0,0,0
6242,0,0,0,0,0,0,0,0,0,0,24,0
6243,2,4,0,0,0,0,0,0,0,0,0,0
6244,0,0,0,0,0,43,0,0,0,0,0,0
6245,0,3,0,0,0,0,298,40,12,0,0,0
6246,0,0,0,1,1,55,0,0,0,0,0,0
6247,0,0,0,19,0,458,0,0,0,0,3,0
6248,19,216,85,0,0,0,0,0,0,0,0,0
6249,0,38,44,0,0,0,0,0,0,0,0,0
6250,0,0,0,0,0,9,0,0,0,1,869,0
6251,10,16,1,0,0,0,0,0,0,0,0,0
6252,1,38,26,0,0,0,0,0,0,0,0,0
6253,3,0,0,142,2,127,0,0,0,0,0,0
6254,0,0,0,0,0,0,266,54,4,0,0,0
6255,0,0,0,0,0,0,0,0,0,0,0,0
6256,131,170,21,0,0,0,0,0,0,0,0,0
6257,0,12,0,0,0,0,0,0,0,0,0,0
6258,0,0,1,0,0,7,0,0,0,30,1233,0
6259,0,0,0,2,1,33,0,0,0,0,0,0
6260,1,413,0,0,0,0,2,0,0,0,0,0
6261,3,114,16,0,0,0,3,0,0,0,0,0
6262,0,0,0,1,11,463,0,0,0,0,2,0
6263,0,4,0,0,0,0,0,0,0,0,0,0
6264,2,57,1,0,0,0,0,0,0,0,0,0
6265,3,135,9,0,0,0,1,0,0,0,0,0
6266,0,3,0,0,0,0,880,47,6,0,0,0
6267,0,0,2,0,0,2,0,0,0,232,428,1
6268,0,0,0,0,0,1,0,0,0,293,612,0
6269,0,16,0,0,0,0,0,0,0,0,0,0
6270,0,0,0,0,0,1,0,0,0,0,424,0
6271,0,1,0,0,0,0,291,161,17,0,0,0
6272,3,0,0,907,1,50,0,0,0,0,0,0
6273,26,591,1,0,0,0,0,0,0,0,0,0
6274,0,0,0,1,1,881,0,0,0,0,3,0
6275,0,15,0,0,0,0,0,0,0,0,0,0
6276,5,310,7,0,0,0,0,0,0,0,0,0
6277,1,56,0,0,0,0,0,0,0,0,0,0
6278,0,0,0,0,0,1,0,0,0,18,233,2
6279,0,0,1,0,0,1,0,0,0,182,390,0
6280,12,27,5,0,0,0,0,0,0,0,0,0
6281,0,1,1,0,0,0,0,0,0,0,0,0
6282,0,3,1,0,0,0,0,0,0,0,0,0
6283,0,0,0,0,1,927,0,0,0,0,2,0
6284,0,225,0,0,0,0,0,0,0,0,0,0
6285,0,0,0,0,0,58,0,0,0,59,8436,0
6286,0,0,1,0,0,415,0,0,0,219,50488,16
6287,0,0,0,0,0,3,0,0,0,0,0,0
6288,0,0,0,0,0,0,0,25,0,0,0,0
6289,0,0,0,0,0,0,0,19,0,0,0,0
6290,0,0,0,1,4,1,0,0,0,0,0,0
6291,0,0,0,0,0,0,1,2,42,0,0,0
6292,0,0,0,0,0,32,0,0,0,0,0,0
6293,3,464,0,0,0,0,1,0,0,0,0,0
6294,0,0,0,0,0,1031,0,0,0,0,6,0
6295,0,196,0,0,0,0,0,0,0,0,0,0
6296,0,0,0,0,0,0,0,0,0,6,65,0
6297,0,0,0,0,0,0,86,3,0,0,0,0
6298,0,0,0,4,10,38,0,0,0,0,0,0
6299,0,0,0,12,0,4,0,0,0,0,0,0
6300,0,0,0,0,0,0,13,1,2,0,0,0
6301,0,0,0,0,0,68,0,0,0,0,0,0
6302,0,0,0,0,0,0,0,0,0,32,36,0
6303,0,0,0,0,0,5,0,0,0,0,0,0
6304,0,0,0,7,15,42,0,1,0,0,3,0
6305,1,0,0,59,6,53,0,0,0,0,0,0
6306,0,0,0,0,1,0,0,89,3,0,0,0
6307,0,0,0,0,0,0,0,88,15,0,0,0
6308,25,282,47,0,0,0,0,0,0,0,0,0
6309,0,3,0,0,1,0,329,601,53,0,0,0
6310,0,0,0,1,0,79,0,0,0,49,11688,6
6311,14,57,24,0,0,0,0,0,0,0,0,0
6312,0,0,7,0,0,18,0,0,0,644,3648,3
6313,22,110,6,0,0,0,0,0,0,0,0,0
6314,1,31,14,0,0,0,0,0,0,0,0,0
6315,5,53,21,0,0,0,0,0,0,0,0,0
6316,2,77,3,0,0,0,0,0,0,0,0,0
6317,0,0,0,0,0,40,0,0,0,111,3339,3
6318,0,0,1,0,0,2,0,0,0,43,1378,2
6319,27,19595,10,0,0,0,158,15,0,0,0,0
6320,0,5,0,0,8,0,432,1334,0,0,0,0
6321,0,0,0,2,6,74,0,0,0,0,0,0
6322,0,0,0,140,9,153,0,0,0,0,1,0
6323,0,0,0,0,0,0,33,0,216,0,0,0
6324,20,81,19,0,0,0,0,0,0,0,0,0
6325,4,176,7,0,0,0,2,0,0,0,0,0
6326,1,33,3,0,0,0,1,0,0,0,0,0
6327,0,0,0,0,0,1,0,0,0,6,423,0
6328,4,176,2,0,0,0,1,0,0,0,0,0
6329,0,0,0,3,11,481,0,0,0,0,0,0
6330,0,0,0,0,0,12,0,0,0,0,585,0
6331,5,24,2,0,0,0,0,0,0,0,0,0
6332,0,20,2,0,0,0,0,0,0,0,0,0
6333,1,64,35,0,0,0,1,0,0,0,0,0
6334,0,0,0,3,27,378,0,0,0,0,0,0
6335,0,0,0,55,189,44,0,0,0,0,0,0
6336,0,0,0,0,0,14,0,0,0,0,3817,0
6337,0,77,0,0,2,0,761,772,24,0,0,0
6338,0,0,0,0,2,132,0,0,0,0,0,0
6339,0,0,0,2,9,49,0,0,0,0,0,0
6340,0,0,0,47,7,44,0,0,0,0,0,0
6341,0,0,0,0,0,0,300,59,0,0,0,0
6342,16,550,33,0,0,0,0,0,0,0,0,0
6343,0,0,0,13,9,215,0,0,0,0,0,0
6344,0,1,0,0,0,0,413,124,2,0,0,0
6345,0,0,0,0,20,207,0,0,0,0,3,0
6346,2,64,1,0,0,0,0,0,0,0,0,0
6347,0,0,0,0,0,5,0,0,0,19,1728,3
6348,0,0,0,17,3,24,0,0,0,0,0,0
6349,0,0,0,0,5,0,308,1825,22,0,0,0
6350,0,72,39,0,0,0,0,0,0,1,0,0
6351,32,84,29,0,0,0,1,0,0,0,0,0
6352,0,10,0,0,19,0,2966,2515,15,0,0,0
6353,0,0,0,8,104,401,0,1,0,0,16,0
6354,0,0,0,0,0,12,0,0,0,0,3055,0
6355,388,248,23,2,0,0,1,0,0,0,0,0
6356,0,0,0,0,0,0,105,3,2,0,0,0
6357,32,63,76,0,0,0,0,0,0,0,0,0
6358,0,2,1,0,0,0,562,349,1,0,0,0
6359,0,0,0,0,0,0,277,113,1,0,0,0
6360,4,118,6,0,0,0,0,0,0,0,0,0
6361,0,0,0,0,0,2,0,0,0,11,1832,0
6362,0,30,0,0,1,0,1021,102,4,0,0,0
6363,0,0,0,0,0,6,0,0,0,45,1201,0
6364,0,1,0,0,0,0,631,227,2,0,0,0
6365,0,0,1,0,0,0,0,0,0,76,3,1
6366,241,277,5,8,0,0,1,0,0,0,0,0
6367,0,0,0,0,1,0,119,725,1,0,0,0
6368,0,1,0,0,0,0,665,1,0,0,0,0
6369,0,1,0,0,0,0,97,18,1,0,0,0
6370,5,67,8,0,0,0,0,0,0,0,0,0
6371,3,382,38,0,0,0,0,0,0,0,1,0
6372,0,0,0,18,1,89,0,0,0,0,1,0
6373,0,5,0,0,48,0,415,545,4,0,0,0
6374,0,0,0,0,1,0,140,165,5,0,0,0
6375,3,199,27,0,0,0,0,0,0,0,0,0
6376,0,0,0,5,73,907,0,0,0,0,12,0
6377,3,39,1,0,0,0,0,0,0,0,0,0
6378,6,96,9,0,0,0,0,0,0,0,0,0
6379,0,0,0,11,99,867,0,1,0,0,27,0
6380,0,0,0,0,0,2,0,0,0,15,807,0
6381,0,0,0,11,82,15,0,0,0,0,0,0
6382,0,0,0,107,8,52,0,0,0,0,0,0
6383,0,0,0,0,0,0,76,13,2,0,0,0
6384,0,0,0,0,0,1,0,0,0,5,367,1
6385,0,0,0,0,0,3,0,0,0,65,532,3
6386,0,0,0,56,17,53,0,0,0,0,0,0
6387,0,0,0,0,0,0,270,9,2,0,0,0
6388,0,0,0,0,0,21,0,0,0,3,1707,1
6389,0,11,0,0,0,0,248,2,0,0,0,0
6390,12,77,42,0,0,0,0,0,0,0,0,0
6391,12,147,116,0,0,0,4,0,0,0,0,0
6392,0,1,0,0,5,0,354,108,5,0,0,0
6393,3,240,31,0,0,0,1,0,0,0,0,0
6394,0,0,0,22,18,837,0,0,0,0,0,0
6395,0,0,0,0,0,9,0,0,0,28,1862,3
6396,0,0,0,49,2,122,0,0,0,0,0,0
6397,18,17,3,0,0,0,1,0,0,0,0,0
6398,1,39,100,0,0,0,0,0,0,0,0,0
6399,12,93,11,0,0,0,1,0,0,0,0,0
6400,1,42,2,0,0,0,1,0,0,0,0,0
6401,0,0,1,0,0,21,0,0,0,68,4085,4
6402,0,0,0,4,19,1339884,0,0,0,5,1343652,94
6403,59,82,11,0,0,0,0,0,0,0,0,0
6404,0,0,0,0,10,0,156,3130,7,0,0,0
6405,0,0,0,1,5,22,0,0,0,0,0,0
6406,0,0,1,0,0,0,0,0,0,140,407,1
6407,1,0,0,180,205,136,0,1,0,0,2,0
6408,0,0,0,0,0,88,0,0,0,159,20024,1
6409,0,0,0,68,13,765,0,0,0,0,6,0
6410,0,3,0,0,0,0,1478,1,1,0,0,0
6411,481,138,40,0,0,0,3,0,0,0,0,0
6412,22,164,55,2,0,0,1,0,0,0,0,0
6413,0,1,0,0,0,0,139,0,3,0,0,0
6414,1,95,16,0,0,0,1,0,0,0,0,0
6415,20,108,148,0,0,0,1,0,0,0,2,0
6416,0,0,0,0,2,0,61,195,4,0,0,0
6417,0,0,0,6,4,105,0,0,0,0,0,0
6418,181,77,1,1,0,0,0,0,0,0,0,0
6419,0,9,0,0,2,0,1053,146,5,0,0,0
6420,0,0,0,4,3,25,0,0,0,0,0,0
6421,0,0,0,0,84,0,108,5884,13,0,0,0
6422,0,1,0,0,0,0,202,0,1,0,0,0
6423,3,43,5,0,0,0,0,0,0,0,0,0
6424,12,373,203,0,0,0,1,0,0,0,0,0
6425,69,731,5,0,0,0,0,0,0,0,0,0
6426,44,259,47,0,0,0,0,0,0,0,0,0
6427,0,0,0,2,8,420,0,0,0,0,0,0
6428,0,0,0,0,0,8,0,0,0,24,1226,37
6429,0,0,1,0,0,0,0,0,0,82,316,1
6430,0,0,0,18,2,278,0,0,0,0,7,0
6431,1,18,1,0,0,0,0,0,0,0,0,0
6432,0,0,0,0,0,4,0,0,0,29,674,1
6433,0,0,0,0,0,0,0,0,0,21,613,2
6434,112,87,4,2,0,0,0,0,0,0,0,0
6435,0,0,0,5,1,400,0,0,0,0,2,0
6436,0,88,0,0,0,0,0,0,0,0,0,0
6437,0,0,0,0,0,0,0,0,0,26,1,2
6438,8,68,4,0,0,0,0,0,0,0,0,0
6439,0,0,0,0,1,0,113,171,408,0,0,8
6440,1,21,15,0,0,0,0,0,0,0,0,0
6441,2,3419,14,0,0,0,26,0,0,0,0,0
6442,4,173,226,0,0,0,0,0,0,0,0,0
6443,0,0,0,0,3,0,169,697,4,0,0,0
6444,1,143,8,0,0,0,1,0,0,0,0,0
6445,0,0,2,0,0,102,0,0,0,67,2198,4
6446,0,2,0,0,4,0,861,1867,8,0,0,0
6447,0,0,0,0,14,59,0,0,0,0,0,0
6448,0,0,0,11,24,71,0,0,0,0,0,0
6449,0,0,0,0,0,62,0,0,1,82,3886,7
6450,0,0,0,3,10,46,0,0,0,0,0,0
6451,0,0,0,35,1,123,0,0,0,0,0,0
6452,0,0,0,0,0,0,36,0,1,0,0,0
6453,126,152,20,2,0,0,1,0,0,0,0,0
6454,0,0,0,0,4,0,43,153,1,0,0,0
6455,0,0,0,1,2,51,0,0,0,0,0,0
6456,0,0,0,0,0,0,86,9,0,0,0,0
6457,0,0,0,0,2,94,0,0,0,0,0,0
6458,2,61,1,0,0,0,0,0,0,0,0,0
6459,0,508,43,0,0,0,2,0,0,0,0,0
6460,0,0,0,3,0,42,0,0,0,0,0,0
6461,0,0,0,0,0,0,269,266,1,0,0,0
6462,0,0,0,0,1,32,0,0,0,0,0,0
6463,0,0,0,0,5,0,33,1205,115,0,0,1
6464,0,75,25,0,0,0,1,0,0,0,0,0
6465,6,73,6,0,0,0,0,0,0,0,0,0
6466,10,124,6,0,0,0,1,0,0,0,0,0
6467,1,40,76,0,0,0,1,0,0,0,0,0
6468,0,0,0,0,0,8,0,0,0,266,1356,15
6469,0,0,0,4,2,356,0,0,0,0,2,0
6470,0,18,86,0,0,0,0,0,0,0,0,0
6471,0,0,0,0,0,2,0,0,0,122,854,1
6472,0,0,1,0,0,6,0,0,0,154,960,0
6473,0,0,0,0,0,0,702,1,6,0,0,0
6474,15,173,186,0,0,0,1,0,0,0,0,0
6475,18,40,103,0,0,0,0,0,0,0,0,0
6476,0,0,0,0,5,0,89,1006,0,0,0,0
6477,0,0,0,1,20,179,0,0,0,0,2,0
6478,0,0,0,14,0,2218,0,0,0,0,35,0
6479,0,0,0,0,1,0,238,118,0,0,0,0
6480,0,0,0,0,3,14,0,0,0,0,0,0
6481,6,46,0,0,0,0,0,0,0,0,0,0
6482,0,0,0,0,0,0,141,1,7,0,0,0
6483,0,0,0,0,2,0,48,118,0,0,0,0
6484,71,143,22,1,0,0,0,0,0,0,0,0
6485,0,3,0,0,0,0,264,116,0,0,0,0
6486,0,129,7,0,0,0,2,0,0,0,0,0
6487,0,0,0,0,0,7,0,0,0,3,737,3
6488,8,153,9,0,0,0,0,0,0,0,0,0
6489,0,0,0,3,11,151,0,0,0,0,0,0
6490,0,0,0,10,2,18,0,0,0,0,0,0
6491,0,218,0,0,0,0,2,0,0,0,0,0
6492,0,0,0,5,4,1054,0,0,0,0,30,0
6493,2,13,2,0,0,0,0,0,0,0,0,0
6494,0,0,0,0,0,0,0,0,0,52,300,9
6495,0,0,0,19,4,42,0,0,0,0,0,0
6496,0,0,0,15,1,90,0,0,0,0,1,0
6497,0,370,1,0,0,0,0,0,0,0,0,0
6498,38,58,7,0,0,0,0,0,0,0,0,0
6499,2,28,0,0,0,0,0,0,0,0,0,0
6500,0,0,0,0,0,14,0,0,0,31,2215,0
6501,0,0,0,0,0,11,0,0,0,53,937,3
6502,90,120,28,1,0,0,0,0,0,0,0,0
6503,0,0,0,0,2,0,367,238,33,0,0,0
6504,0,0,0,0,0,0,0,0,0,37,524,1
6505,73,95,8,0,0,0,0,0,0,0,0,0
6506,2,33,48,0,0,0,0,0,0,1,0,0
6507,9,110,27,0,0,0,1,0,0,0,0,0
6508,0,0,0,0,12,83,0,0,0,0,0,0
6509,2,47,2,0,0,0,0,0,0,0,0,0
6510,7,45,15,0,0,0,0,0,0,0,0,0
6511,0,0,0,5,1,195,0,0,0,0,0,0
6512,4,40,51,0,0,0,2,0,0,0,0,0
6513,0,0,0,0,1,0,300,139,8,0,0,0
6514,0,0,0,1,54,19,0,0,0,0,0,0
6515,0,0,0,13,2,33,0,0,0,0,1,0
6516,0,0,0,3,0,19,0,0,0,0,0,0
6517,185,42,2,0,0,0,0,0,0,0,0,0
6518,1,34,14,0,0,0,0,0,0,0,0,0
6519,3,38,33,0,0,0,0,0,0,0,0,0
6520,4,536,3,0,0,0,0,0,0,0,0,0
6521,6,247,24,0,0,0,0,0,0,0,0,0
6522,1,0,0,284,13,60,0,0,0,0,3,0
6523,0,0,0,29,1,80,0,0,0,0,0,0
6524,1,45,3,0,0,0,0,0,0,0,0,0
6525,0,0,0,0,0,17,0,0,0,16,4911,1
6526,25,117,10,0,0,0,1,0,0,0,0,0
6527,0,0,0,0,0,0,84,3,89,0,0,0
6528,0,751,87,0,0,0,1,0,0,0,0,0
6529,6,153,32,0,0,0,0,0,0,0,0,0
6530,0,1,0,0,0,0,163,3,8,0,0,0
6531,27,185,38,0,0,0,4,0,0,0,0,0
6532,0,8,0,0,26,0,198,1066,12,0,0,0
6533,0,3,0,0,2,0,233,186,2,0,0,0
6534,0,0,0,0,1,21,0,0,0,0,0,0
6535,0,0,0,54,16,91,0,0,0,0,1,0
6536,0,19,0,0,34,0,300,604,2,0,0,0
6537,0,0,0,0,8,0,128,214,2,0,0,0
6538,0,0,0,0,0,24,0,0,1,43,1740,37
6539,0,0,1,0,0,254,0,0,0,95,7817,10
6540,43,62,39,1,0,0,0,0,0,0,0,0
6541,0,0,0,0,0,140,0,0,0,12,5846,1
6542,4,160,9,0,0,0,2,0,0,0,0,0
6543,0,0,0,0,0,23,0,0,0,0,2507,6
6544,2,67,13,0,0,0,0,0,0,0,0,0
6545,0,2,0,0,0,0,157,25,0,0,0,0
6546,1,385,59,0,0,0,3,0,0,0,0,0
6547,0,0,0,3,19,640,0,1,0,0,17,0
6548,0,0,0,0,0,1,0,0,0,363,754,2
6549,0,0,0,8,0,38,0,0,0,0,0,0
6550,3,88,8,0,0,0,0,0,0,0,0,0
6551,9,333,15,0,0,0,3,0,0,0,0,0
6552,0,0,0,45,20,249,0,0,0,0,3,0
6553,0,0,0,0,0,0,255,157,1,0,0,0
6554,0,0,0,0,4,0,922,547,1,0,0,0
6555,0,0,0,0,0,6,0,0,0,14,1183,2
6556,0,0,0,20,13,179,0,0,0,0,0,0
6557,0,0,0,0,0,0,59,22,0,0,0,0
6558,0,0,0,0,0,0,0,0,0,16,430,1
6559,0,0,0,18,382,133,0,2,0,0,0,0
6560,0,0,0,0,2,37,0,0,0,0,0,0
6561,1,332,12,0,0,0,0,0,0,0,0,0
6562,0,0,0,0,0,49,0,0,0,0,0,0
6563,0,0,0,0,0,0,73,29,3,0,0,0
6564,0,0,0,2,0,20,0,0,0,0,0,0
6565,2,128,16,0,0,0,0,0,0,0,0,0
6566,0,8,0,0,12,0,224,864,0,0,0,0
6567,18,84,8,0,0,0,0,0,0,0,0,0
6568,0,0,0,1,0,29,0,0,0,45,3956,1
6569,2,35,3,0,0,0,0,0,0,0,0,0
6570,2,75,39,0,0,0,0,0,0,0,0,0
6571,0,0,0,2,15,223,0,0,0,0,0,0
6572,0,0,0,5,42,43,0,0,0,0,0,0
6573,0,0,0,0,0,100,0,0,0,77,6675,2
6574,0,0,0,7,4,44,0,0,0,0,0,0
6575,48,57,0,0,0,0,0,0,0,0,0,0
6576,0,0,0,0,0,0,58,310,3,0,0,0
6577,0,0,0,0,7,37,0,0,0,0,0,0
6578,0,0,0,0,0,2,0,0,0,31,1601,9
6579,0,0,0,7,100,1483,0,0,0,0,3,0
6580,0,0,0,2,2,252,0,0,0,0,0,0
6581,2,23,3,0,0,0,0,0,0,0,0,0
6582,0,0,0,0,0,7,0,0,2,17,3007,102
6583,0,0,0,6,2,54,0,0,0,0,0,0
6584,2,251,22,0,0,0,0,0,0,0,0,0
6585,0,0,0,2,19,143,0,0,0,0,89,0
6586,0,0,0,366,2,40,0,0,0,0,0,0
6587,0,36,323,0,0,0,0,0,0,0,0,0
6588,0,70,154,0,0,0,0,0,0,1,0,0
6589,0,3,0,0,0,0,215,426,10,0,0,0
6590,1,1168,63,0,0,0,0,0,0,0,0,0
6591,16,29,5,0,0,0,0,0,0,0,0,0
6592,0,102,4,0,0,0,0,0,0,0,0,0
6593,0,0,0,0,0,4,0,0,0,54,513,6
6594,0,0,0,0,0,2,0,0,0,46,406,3
6595,0,0,0,1,1,27,0,0,0,0,0,0
6596,2,26,0,0,0,0,0,0,0,0,0,0
6597,0,185,45,0,0,0,3,0,0,0,0,0
6598,0,0,0,18,1,197,0,0,0,0,0,0
6599,0,0,0,0,0,0,16,0,1,0,0,0
6600,4,199,18,0,0,0,0,0,0,0,0,0
6601,2,181,75,0,0,0,0,0,0,1,0,0
6602,0,0,0,0,29,147,0,0,0,0,3,0
6603,0,0,0,0,0,18,0,0,0,0,0,0
6604,1,900,1,0,0,0,0,0,0,0,0,0
6605,0,0,0,1,35,74,0,0,0,0,0,0
6606,0,0,0,0,0,11,0,0,0,16,3113,75
6607,0,0,0,53,0,58,0,0,0,0,0,0
6608,1,97,6,0,0,0,0,0,0,0,0,0
6609,0,1,0,0,5,0,43,367,1,0,0,0
6610,61,312,85,0,0,0,1,0,0,0,0,0
6611,0,0,0,0,3,0,32,178,2,0,0,0
6612,0,0,0,0,1,31,0,0,0,0,0,0
6613,1,20301,0,0,0,0,220,3,0,0,0,0
6614,0,0,0,4,2,358,0,0,0,0,2,0
6615,0,0,0,0,0,8,0,0,0,0,0,0
6616,1,2159,1,0,0,0,9,0,0,0,0,0
6617,0,0,0,0,0,0,221,238,6,0,0,0
6618,0,38,0,0,0,0,2346,47,0,0,0,0
6619,0,0,0,1,4,31,0,0,0,0,0,0
6620,0,0,0,37,2,23,0,0,0,0,0,0
6621,0,0,0,0,2,11,0,0,0,0,0,0
6622,0,20,0,0,0,0,4112,155,801,0,0,4
6623,0,150,9,0,0,0,2,0,0,0,0,0
6624,1,70,57,0,0,0,0,0,0,1,0,0
6625,11,91,64,0,0,0,0,0,0,1,0,0
6626,0,103,1,0,0,0,0,0,0,0,0,0
6627,0,0,0,0,0,87,0,0,0,59,3191,2
6628,0,0,0,0,0,20,0,0,0,50,2700,10
6629,0,0,2,0,0,6,0,0,0,56,2876,5
6630,0,0,0,0,4,31,0,0,0,0,0,0
6631,0,0,0,22,6,94,0,0,0,0,0,0
6632,0,0,0,0,1,0,81,80,3,0,0,0
6633,0,0,0,0,0,24,0,0,0,93,5688,4
6634,0,0,0,11,2,580,0,0,0,0,3,0
6635,4,33,3,0,0,0,0,0,0,0,0,0
6636,0,0,0,0,0,13,0,0,0,103,4562,6
6637,0,0,0,74,89,219,0,1,0,0,0,0
6638,0,0,0,0,0,513,0,0,0,49,57516,35
6639,6,144,3,0,0,0,2,0,0,0,0,0
6640,0,0,0,136,66,224,0,0,0,0,4,0
6641,0,0,0,0,0,0,49,107,0,0,0,0
6642,0,0,0,0,2,0,60,91,0,0,0,0
6643,0,0,0,2,8,108,0,0,0,0,1,0
6644,0,0,0,5,20,33,0,0,0,0,0,0
6645,0,0,0,0,0,29,0,0,0,0,0,0
6646,7,634,7,0,0,0,3,0,0,0,0,0
6647,0,1,0,0,0,0,264,83,0,0,0,0
6648,0,0,1,0,0,2,0,0,0,40,513,1
6649,0,0,0,73,22,95,0,0,0,0,0,0
6650,0,0,0,0,0,0,115,47,3,0,0,0
6651,0,0,0,0,0,18,0,0,0,11,1925,8
6652,0,0,0,17,6,254,0,0,0,0,2,0
6653,0,1,0,0,1,0,369,256,0,0,0,0
6654,0,0,0,9,4,549,0,0,0,0,0,0
6655,0,0,0,2,10,21,0,0,0,0,0,0
6656,0,47,0,0,0,0,0,0,0,0,0,0
6657,1,119,24,0,0,0,0,0,0,0,0,0
6658,0,0,0,17,2,442,0,0,0,0,2,0
6659,4,1288,3,0,0,0,5,0,0,0,0,0
6660,0,0,0,0,0,0,75,95,1,0,0,0
6661,0,0,0,3,23,19513,0,0,0,0,217,0
6662,0,0,0,0,0,0,874,25,32,0,0,0
6663,0,0,0,2,1,95,0,0,0,0,0,0
6664,0,0,0,0,0,1,0,0,0,12,665,27
6665,0,0,0,0,0,7,0,0,0,25,596,3
6666,0,0,0,0,0,1,0,0,0,71,529,2
6667,0,0,0,7,60,117,0,0,0,0,0,0
6668,0,0,0,34,3,144,0,0,0,0,2,0
6669,0,0,0,0,0,0,0,46,2,0,0,0
6670,0,0,0,0,0,0,2,48,0,0,0,0
6671,0,3,0,0,0,0,664,36,1,0,0,0
6672,7,492,47,0,0,0,0,0,0,8,0,0
6673,0,0,0,6,1,945,0,0,0,0,4,0
6674,0,78,0,0,0,0,0,0,0,0,0,0
6675,0,0,0,0,0,2,0,0,0,48,681,1
6676,0,0,0,3,0,34,0,0,0,0,0,0
6677,0,504,1,0,0,0,0,0,0,0,0,0
6678,0,0,0,0,0,20,0,0,0,0,0,0
6679,21,262,2,0,0,0,0,0,0,0,0,0
6680,0,0,0,0,0,0,51,43,1,0,0,0
6681,0,0,0,0,0,7,0,0,0,1,1090,0
6682,0,0,0,2,0,137,0,0,0,0,0,0
6683,7,266,4,0,0,0,0,0,0,0,0,0
6684,5,80,65,0,0,0,0,0,0,1,0,0
6685,0,0,0,3,26,174,0,0,0,0,0,0
6686,0,0,0,3,22,24,0,7,0,0,0,0
6687,1,89,2,0,0,0,1,0,0,0,0,0
6688,0,0,0,0,0,57,0,0,0,0,0,0
6689,0,0,0,0,0,0,47,24,1,0,0,0
6690,0,0,0,0,0,3,0,0,0,2,576,1
6691,0,0,0,44,0,107,0,0,0,0,0,0
6692,0,65,0,0,0,0,1,0,0,0,0,0
6693,2,430,11,0,0,0,2,0,0,0,0,0
6694,0,3,0,0,3,0,1160,221,6,0,0,0
6695,0,0,0,0,0,16,0,0,0,33,762,1
6696,0,0,0,0,0,6,0,0,0,55,754,1
6697,0,0,0,8,10,62,0,0,0,0,0,0
6698,0,0,0,4,5,77,0,0,0,0,1,0
6699,0,0,0,2,7,118,0,0,0,0,2,0
6700,0,0,0,9,5,38,0,0,0,0,0,0
6701,0,0,0,0,0,12,0,0,0,38,2870,8
6702,0,0,0,3,6,53,0,0,0,0,0,0
6703,0,0,0,9,0,72,0,0,0,0,1,0
6704,33,1225,1,0,0,0,9,0,0,0,0,0
6705,2,459,37,0,0,0,0,0,0,0,0,0
6706,0,0,0,0,0,39,0,0,0,48,8081,1
6707,0,86,6,0,0,0,1,0,0,0,0,0
6708,21,180,124,0,0,0,0,0,0,7,0,0
6709,28,87,450,0,0,0,0,0,0,59,0,0
6710,0,1,0,0,0,0,124,401,0,0,0,0
6711,0,0,0,1,1,37,0,0,0,0,0,0
6712,0,0,0,12,8,41,0,0,0,0,0,0
6713,0,0,0,0,0,0,241,203,2,0,0,0
6714,0,0,0,0,4,42,0,0,0,0,0,0
6715,0,0,0,2,0,29,0,0,0,0,0,0
6716,14,845,0,0,0,0,7,0,0,0,0,0
6717,0,0,0,0,11,0,95,574,11,0,0,0
6718,0,0,0,2,0,51,0,0,0,0,0,0
6719,0,183,0,0,0,0,0,0,0,0,0,0
6720,0,0,0,0,0,7,0,0,0,12,2080,0
6721,8,67,4,0,0,0,0,0,0,0,0,0
6722,1,11,0,0,0,0,0,0,0,0,0,0
6723,0,0,0,0,0,5,0,0,0,3,1924,2
6724,0,0,0,4,0,176,0,0,0,0,0,0
6725,1,17,1,0,0,0,0,0,0,0,0,0
6726,0,0,0,0,0,28,0,0,0,15,3564,1
6727,0,0,0,0,0,42,0,0,0,0,0,0
6728,0,69,0,0,0,0,0,0,0,0,0,0
6729,0,134,14,0,0,0,0,0,0,0,0,0
6730,0,0,0,0,0,210,0,0,0,5,12674,0
6731,64,55,7,0,0,0,2,0,0,0,0,0
6732,0,0,0,3,2,47,0,0,0,0,1,0
6733,6,122,12,0,0,0,0,0,0,0,0,0
6734,0,0,0,0,0,0,275,57,1,0,0,0
6735,0,0,0,0,16,44,0,0,0,0,2,0
6736,0,0,0,21,1,354,0,0,0,0,2,0
6737,0,79,1,0,0,0,1,0,0,0,0,0
6738,0,0,0,0,0,1,0,0,0,27,355,1
6739,0,117,33,0,0,0,0,0,0,0,0,0
6740,0,0,0,0,0,2,0,0,0,7,600,2
6741,0,1,0,0,0,0,419,51,1,0,0,0
6742,0,0,0,0,0,0,52,36,0,0,0,0
6743,0,0,0,8,4,5,0,0,0,0,0,0
6744,0,0,0,0,0,0,77,128,4,0,0,0
6745,0,0,0,0,3,136,0,0,0,0,0,0
6746,0,0,0,13,6,55,0,0,0,0,0,0
6747,0,0,0,1,0,26,0,0,0,0,0,0
6748,11,72,0,0,0,0,0,0,0,0,0,0
6749,2,32,6,0,0,0,0,0,0,0,0,0
6750,0,94,0,0,0,0,1,0,0,0,0,0
6751,0,0,0,0,0,0,0,0,0,43,636,0
6752,0,0,0,0,0,51,0,0,0,147,728,0
6753,0,1,0,0,0,0,295,20,1,0,0,0
6754,0,0,0,1,8,211,0,0,0,0,1,0
6755,0,0,0,0,0,0,81,22,1,0,0,0
6756,0,0,0,0,0,63,0,0,0,0,0,0
6757,0,0,0,0,2,32,0,0,0,0,0,0
6758,0,0,0,4,2,7,0,0,0,0,0,0
6759,0,0,0,0,5,0,161,928,1,0,0,0
6760,0,0,0,0,2225,40,0,8,0,0,0,0
6761,0,61,0,0,0,0,0,0,0,0,0,0
6762,0,0,0,0,0,14,0,0,0,10,3238,0
6763,0,0,0,6,3,524,0,0,0,0,1,0
6764,1,83,0,0,0,0,0,0,0,0,0,0
6765,0,45,37,0,0,0,0,0,0,0,0,0
6766,0,0,0,27,2,60,0,0,0,0,0,0
6767,0,0,0,2,5,40,0,0,0,0,0,0
6768,1,131,0,0,0,0,0,0,0,0,0,0
6769,0,0,0,0,1,397,0,0,0,0,0,0
6770,5,95,3,0,0,0,1,0,0,0,0,0
6771,0,0,0,24,3,71,0,0,0,0,0,0
6772,0,0,0,0,0,0,74,16,2,0,0,0
6773,0,0,0,0,0,0,0,0,0,0,39,1
6774,0,0,0,0,0,0,0,0,0,1,13,0
6775,0,0,0,9,121,42,0,0,0,0,0,0
6776,0,0,0,0,0,3,0,0,0,0,0,0
6777,62,63,0,0,0,0,0,0,0,0,0,0
6778,0,0,0,0,1,279,0,0,0,0,0,0
6779,0,0,0,5,2,74,0,0,0,0,1,0
6780,0,0,0,1,6,25,0,0,0,0,0,0
6781,0,0,0,0,0,10,0,0,0,23,3732,10
6782,0,0,0,11,57,100,0,0,0,0,0,0
6783,0,0,0,0,3,7,0,0,0,0,0,0
6784,0,0,0,5,0,77,0,0,0,0,0,0
6785,0,22,0,0,0,0,0,0,0,0,0,0
6786,0,0,0,0,0,4,0,0,0,1,934,2
6787,0,0,0,4,10,25,0,0,0,0,0,0
6788,0,0,0,9,1,12,0,0,0,0,0,0
6789,0,0,0,8,0,2,0,0,0,0,0,0
6790,2,1441,0,0,0,0,2,0,0,0,0,0
6791,0,0,0,62,75,27,0,1,0,0,0,0
6792,0,0,0,0,3,38,0,0,0,0,0,0
6793,0,0,0,0,0,0,61,75,8,0,0,0
6794,0,0,0,0,0,2,0,0,0,7,763,3
6795,0,0,0,4,1,8,0,0,0,0,0,0
6796,1,4825,1,0,0,0,37,0,0,0,0,0
6797,0,0,0,0,0,0,0,0,0,2,0,2
6798,9,41,0,0,0,0,10,0,0,0,0,0
6799,6,55,74,0,0,0,0,0,0,0,0,0
6800,0,0,0,5,6,106,0,0,0,0,1,0
6801,0,0,0,0,1,8,0,0,0,0,0,0
6802,0,0,0,0,1,0,157,274,50,0,0,0
6803,0,0,0,3,8,36,0,0,0,0,0,0
6804,0,0,0,0,0,0,53,97,0,0,0,0
6805,0,0,0,0,1,87,0,0,0,0,0,0
6806,0,234,0,0,0,0,1,0,0,0,0,0
6807,0,0,0,0,0,6,0,0,0,106,2032,2
6808,0,0,0,1,166,63,0,0,0,0,0,0
6809,0,0,0,3,15,21,0,0,0,0,0,0
6810,0,0,0,3,7,107,0,0,0,0,0,0
6811,0,0,0,2,1,46,0,0,0,0,0,0
6812,2,218,0,0,0,0,0,0,0,0,0,0
6813,0,0,0,0,0,21,0,0,0,4,2566,4
6814,0,0,0,5,77,55,0,0,0,0,0,0
6815,0,59,0,0,0,0,0,0,0,0,0,0
6816,0,0,0,0,0,0,862,20,1,0,0,0
6817,2,26,11,0,0,0,0,0,0,0,0,0
6818,1,21,24,0,0,0,1,0,0,0,0,0
6819,0,0,0,0,0,0,51,228,2,0,0,0
6820,0,0,0,0,19,35,0,0,0,0,0,0
6821,0,444,0,0,0,0,0,0,0,0,0,0
6822,0,0,0,0,0,0,0,0,0,84,151,0
6823,8,146,5,0,0,0,1,0,0,0,0,0
6824,1,8,12,0,0,0,0,0,0,0,0,0
6825,1,109,51,0,0,0,0,0,0,0,0,0
6826,0,0,0,1,4,89,0,0,0,0,1,0
6827,0,0,0,0,1,21,0,0,0,0,0,0
6828,0,0,1,0,0,8,0,0,0,36,896,3
6829,0,0,0,11,0,32,0,0,0,0,0,0
6830,0,17,0,0,0,0,0,0,0,0,0,0
6831,0,0,0,0,0,0,93,26,0,0,0,0
6832,2,89,16,0,0,0,0,0,0,0,0,0
6833,6,92,4,0,0,0,0,0,0,0,0,0
6834,0,0,0,0,0,13,0,0,0,0,0,0
6835,0,0,0,11,1,89,0,0,0,0,0,0
6836,1,14,1,0,0,0,0,0,0,0,0,0
6837,1,636,26,0,0,0,1,0,0,0,1,0
6838,2,145,16,0,0,0,1,0,0,0,0,0
6839,0,1,0,0,0,0,52,14,1,0,0,0
6840,0,0,0,0,0,2,0,0,0,54,1923,1
6841,28,114,7,0,0,0,0,0,0,0,0,0
6842,0,0,0,25,37,148,0,0,0,0,0,0
6843,0,0,0,0,0,10,0,0,0,68,2198,19
6844,0,0,0,5,1,149,0,0,0,0,2,0
6845,13,39,5,0,0,0,0,0,0,0,0,0
6846,0,0,0,2,1,22,0,0,0,0,0,0
6847,0,0,0,0,0,0,88,172,8,0,0,0
6848,0,0,0,0,0,0,0,0,0,79,355,0
6849,0,0,2,0,0,0,0,0,0,225,39,0
6850,0,6,0,0,0,0,369,245,88,0,0,0
6851,0,24,3521,0,0,0,0,0,0,1497,1,0
6852,0,0,1,0,0,0,0,0,0,443,86,3
6853,0,0,0,3,8,529,0,0,0,0,4,0
6854,0,31,2,0,0,0,0,0,0,0,0,0
6855,0,0,1,0,0,2,0,0,0,116,723,4
6856,0,0,0,2,0,86,0,0,0,0,0,0
6857,2,18,1,0,0,0,0,0,0,0,0,0
6858,0,0,0,2,0,15,0,0,0,0,0,0
6859,132,105,0,6,0,0,0,0,0,0,0,0
6860,0,1,0,0,0,0,175,16,2,0,0,0
6861,0,0,0,0,0,7,0,0,0,11,442,1
6862,17,79,5,0,0,0,6,0,0,0,0,0
6863,3,31,4,0,0,0,0,0,0,0,0,0
6864,1,60,15,0,0,0,0,0,0,0,0,0
6865,0,0,0,0,34,0,120,3522,31,0,0,4
6866,32,1,24,0,0,0,0,0,0,0,0,0
6867,2,42,6,0,0,0,0,0,0,0,0,0
6868,0,0,0,3,1,922,0,0,0,0,14,0
6869,0,0,0,0,0,0,0,0,0,0,0,0
6870,0,0,0,0,0,0,0,0,0,14,90,13
6871,0,0,0,5,10,69,0,0,0,0,1,0
6872,0,2,0,0,0,0,154,27,29,0,0,2
6873,0,0,0,1,16,55,0,0,0,0,2,0
6874,0,0,0,0,0,0,0,0,0,0,0,0
6875,1,59,26,0,0,0,3,0,0,1,0,0
6876,3,63,15,0,0,0,0,0,0,1,0,0
6877,0,0,0,0,3,0,105,291,6,0,0,0
6878,0,73,2,0,0,0,0,0,0,0,0,0
6879,0,0,0,0,0,0,30,24,25,0,0,0
6880,0,0,0,0,1,43,0,0,0,0,1,0
6881,0,1,0,0,0,0,244,7,3,0,0,0
6882,0,0,0,0,3,47,0,0,0,0,0,0
6883,0,0,0,0,0,63,0,0,0,20,3689,0
6884,0,1,0,0,2,0,806,216,0,0,0,0
6885,0,0,0,0,0,0,3,116,13,0,0,0
6886,0,0,0,2,0,425,0,0,0,0,8,0
6887,1,145,3,0,0,0,0,0,0,0,0,0
6888,11,21,19,0,0,0,0,0,0,0,0,0
6889,55,144,33,0,0,0,1,0,0,0,0,0
6890,0,0,0,3,15,93,0,0,0,0,0,0
6891,0,0,0,2,4,9,0,0,0,0,0,0
6892,0,0,0,2,38,36,0,2,0,0,0,0
6893,0,0,0,1,0,1,0,0,0,0,0,0
6894,0,1,0,0,4,0,122,1793,1,0,0,0
6895,0,0,0,13,5,74,0,0,0,0,0,0
6896,0,0,0,0,0,46,0,0,0,34,5944,2
6897,0,0,0,11,1,0,0,0,0,0,0,0
6898,3,49,2,0,0,0,0,0,0,0,0,0
6899,0,0,0,0,0,0,9,3,1,0,0,0
6900,2,41,4,0,0,0,0,0,0,0,0,0
6901,0,0,0,0,0,0,242,87,3,0,0,0
6902,0,1,0,0,0,0,49,38,0,0,0,0
6903,0,0,0,0,0,0,0,0,0,2,133,1
6904,1,0,0,21,101,115,0,0,0,0,0,0
6905,0,0,0,5,214,5,0,3,0,0,0,0
6906,0,0,0,0,0,1,0,0,0,1,412,0
6907,45,213,1339,1,0,0,0,0,0,18,0,0
6908,0,0,0,2,18,278,0,0,0,0,1,0
6909,0,0,0,12,4,20,0,0,0,0,0,0
6910,0,0,0,2,0,269,0,0,0,0,1,0
6911,1,74,1,0,0,0,1,0,0,0,0,0
6912,1,61,4,0,0,0,0,0,0,0,0,0
6913,0,0,0,0,4,36,0,0,0,0,0,0
6914,0,0,0,1,0,6,0,0,0,0,0,0
6915,1,8,0,0,0,0,0,0,0,0,0,0
6916,0,0,0,0,0,109,0,0,0,0,0,0
6917,0,0,0,2,2,19,0,0,0,0,0,0
6918,0,0,0,0,1,1,0,0,0,0,0,0
6919,0,4,0,0,0,0,171,244,0,0,0,0
6920,0,10,34,0,0,0,0,0,0,1,0,0
6921,5,131,21,0,0,0,1,0,0,0,0,0
6922,0,1,0,0,0,0,380,34,3,0,0,0
6923,0,0,0,1,1,4,0,0,0,0,0,0
6924,0,0,0,0,0,0,0,0,0,0,29,0
6925,2,88,0,0,0,0,0,0,0,0,0,0
6926,0,0,0,0,0,3,0,0,0,30,1437,0
6927,0,0,0,0,0,6,0,0,1,71,619,27
6928,0,0,0,0,0,24,0,0,0,0,0,0
6929,0,1,0,0,0,0,0,0,0,0,0,0
6930,2,43,5,0,0,0,0,0,0,0,0,0
6931,0,0,0,7,14,97,0,0,0,0,1,0
6932,0,0,0,2,0,22,0,0,0,0,1,0
6933,0,0,0,0,43,2,0,2,0,0,0,0
6934,0,0,0,1,2,347,0,0,0,0,5,0
6935,0,0,0,0,5,517,0,0,0,0,0,0
6936,0,0,0,0,0,138,0,0,0,10,4769,0
6937,0,0,0,14,0,142,0,0,0,0,0,0
6938,0,17,1,0,0,0,0,0,0,0,0,0
6939,1,23,3,0,0,0,0,0,0,0,0,0
6940,0,35,3,0,0,0,0,0,0,0,0,0
6941,0,0,0,0,0,26,0,0,0,123,3462,5
6942,0,0,0,3,0,4,0,0,0,0,0,0
6943,0,0,0,0,1,0,34,710,29,0,0,0
6944,7,617,34,0,0,0,3,0,0,0,0,0
6945,0,0,0,2,0,176,0,0,0,0,3,0
6946,1,18,0,0,0,0,0,0,0,0,0,0
6947,0,15,2,0,0,0,0,0,0,0,0,0
6948,1,340,35,0,0,0,0,0,0,0,0,0
6949,0,0,0,4,1,1146,0,0,0,0,3,0
6950,28,214,0,0,0,0,2,0,0,0,0,0
6951,0,0,0,1,7,50,0,0,0,0,0,0
6952,0,0,0,3,5,81,0,0,0,0,1,0
6953,12,63,1,1,0,0,0,0,0,0,0,0
6954,0,0,0,0,1,314735,0,0,0,1,2851,0
6955,4,48,9,0,0,0,0,0,0,0,0,0
6956,42,23,11,1,0,0,1,0,0,0,0,0
6957,0,0,0,4,29,39,0,0,0,0,0,0
6958,0,0,0,3,9,173,0,0,0,0,1,0
6959,0,0,0,1,1,22,0,0,0,0,0,0
6960,10,0,0,0,1,0,11,99,1,0,0,0
6961,0,0,0,0,10,0,15,393,101,0,0,0
6962,0,0,0,0,27,22,0,0,0,0,0,0
6963,0,0,0,1,0,20,0,0,0,0,0,0
6964,0,0,0,0,1,219,0,0,0,0,2,0
6965,0,0,0,1,5,27,0,0,0,0,0,0
6966,0,0,0,1,0,20,0,0,0,0,0,0
6967,2,692,1,0,0,0,22,1,0,0,0,0
6968,0,0,0,0,0,390,0,0,0,13,7021,1
6969,0,0,0,0,0,42,0,0,0,0,0,0
6970,3,119,3,0,0,0,0,0,0,0,0,0
6971,0,0,0,0,3,389,0,0,0,0,4,0
6972,0,0,0,0,0,36,0,0,0,0,0,0
6973,13,73,1,0,0,0,0,0,0,0,0,0
6974,1,10,9,0,0,0,0,0,0,0,0,0
6975,0,0,0,0,2,0,1,351,1,0,0,0
6976,0,0,0,0,0,28,0,0,0,0,1,0
6977,0,1,0,0,0,0,429,41,1,0,0,0
6978,0,0,0,0,8,104,0,0,0,0,3,0
6979,0,0,0,161,23,30,0,0,0,0,0,0
6980,1,0,0,115,1,2,0,0,0,0,0,0
6981,0,1,0,0,1,0,175,162,2,0,0,0
6982,0,0,0,0,0,26,0,0,0,0,3204,0
6983,0,0,0,0,0,2,0,0,0,184,544,0
6984,0,0,0,0,1,4,0,0,0,0,0,0
6985,405,24,3,4,0,0,0,0,0,0,0,0
6986,0,0,0,0,0,0,140,245,1,0,0,0
6987,0,0,0,0,0,0,0,143,6,0,0,0
6988,0,0,0,0,1,141,0,0,0,0,6,0
6989,0,0,0,19,39,61,0,0,0,0,1,0
6990,0,0,0,0,0,68,0,0,2,77,5650,119
6991,0,0,0,3,7,107,0,0,0,0,1,0
6992,0,0,0,5,5,28,0,0,0,0,0,0
6993,0,0,0,0,0,50,0,0,0,0,0,0
6994,14,36,0,0,0,0,1,0,0,0,0,0
6995,1,21,48,0,0,0,0,0,0,0,0,0
6996,0,0,0,2,22,318,0,0,0,0,2,0
6997,0,0,0,0,0,32,0,0,0,36,1120,2
6998,0,0,0,2,0,218,0,0,0,0,0,0
6999,11,18,0,1,0,0,0,0,0,0,0,0
7000,0,0,0,0,0,7,0,0,0,0,699,0
7001,0,0,0,26,35,45,0,0,0,0,0,0
7002,0,0,0,0,0,6,0,0,0,0,776,0
7003,15,86,5,0,0,0,0,0,0,0,0,0
7004,1,49,4,0,0,0,0,0,0,1,0,0
7005,0,0,0,0,0,3,0,0,0,147,391,0
7006,0,0,1,0,0,5,0,0,0,57,1173,26
7007,0,0,0,0,0,0,146,57,0,0,0,0
7008,0,0,0,0,0,63,0,0,0,5,277,0
7009,1,0,0,120,9,93,0,0,0,0,1,0
7010,0,1,0,0,1,0,101,48,1,0,0,0
7011,0,0,0,0,0,21,0,0,0,18,2499,4
7012,0,0,0,37,16,69,0,0,0,0,0,0
7013,0,0,0,1,1,325,0,0,0,0,2,0
7014,0,0,0,1,0,23,0,0,0,0,0,0
7015,2,42,182,0,0,0,0,0,0,0,0,0
7016,0,5,0,0,0,0,84,247,4,0,0,0
7017,0,5,0,0,1,0,123,24,1,0,0,0
7018,0,0,0,2,3,47,0,0,0,0,0,0
7019,0,0,0,0,3,0,113,175,1,0,0,0
7020,0,0,0,1,144,42,0,0,0,0,0,0
7021,0,0,0,0,10,146,0,0,0,0,9,0
7022,0,0,0,8,4,183,0,0,0,0,3,0
7023,0,0,0,0,0,23,0,0,0,0,0,0
7024,63,98,1,0,0,0,0,0,0,0,0,0
7025,3,190,13,0,0,0,0,0,0,0,0,0
7026,0,0,0,5,1,196,0,0,0,0,0,0
7027,0,0,0,0,1,0,87,324,2,0,0,0
7028,0,0,0,1,13,24,0,0,0,0,0,0
7029,0,0,0,0,0,17,0,0,0,265,2331,2
7030,0,0,0,19,3,85,0,0,0,0,0,0
7031,4,97,0,0,0,0,0,0,0,0,0,0
7032,19,83,15,0,0,0,0,0,0,0,0,0
7033,0,0,0,6,11,162,0,0,0,0,1,0
7034,0,0,0,51,91,58,0,0,0,0,0,0
7035,0,0,0,13,0,47,0,0,0,0,1,0
7036,10,51,6,0,0,0,1,0,0,0,0,0
7037,0,0,0,0,2,0,166,518,4,0,0,0
7038,0,4,0,0,1,0,291,66,0,0,0,0
7039,0,0,0,0,0,3,0,0,0,59,798,1
7040,56,146,18,0,0,0,0,0,0,0,0,0
7041,0,0,0,38,12,147,0,0,0,0,1,0
7042,0,0,0,0,562,0,169,29935,2,0,0,0
7043,0,0,0,0,0,2,0,0,0,13,393,1
7044,0,0,1,0,0,8,0,0,0,107,750,3
7045,0,0,0,1,102,361,0,5,0,0,3,0
7046,0,0,0,2,13,5,0,0,0,0,0,0
7047,0,0,0,0,0,10,0,0,0,11,564,0
7048,0,0,0,5,8,119,0,0,0,0,4,0
7049,0,0,0,0,1,553,0,0,0,0,4,0
7050,0,128,12,0,0,0,2,0,0,1,0,0
7051,0,0,0,0,0,4,0,0,0,0,549,0
7052,0,0,0,2,10,3,0,0,0,0,0,0
7053,0,0,0,0,0,0,2,0,0,0,0,0
7054,0,0,0,0,0,34,0,0,0,0,0,0
7055,0,42,2,0,0,0,0,0,0,0,0,0
7056,0,0,7,0,0,15,0,0,0,108,1198,0
7057,0,0,0,35,158,288,0,0,0,0,5,0
7058,0,0,0,0,4,0,731,263,3,0,0,0
7059,0,5,0,0,1,0,429,257,3,0,0,0
7060,0,0,0,0,4,112,0,0,0,0,1,0
7061,0,0,0,9,0,270,0,0,0,0,2,0
7062,2,56,1,0,0,0,0,0,0,0,0,0
7063,0,0,0,0,0,15,0,0,0,1,863,1
7064,1,158,14,0,0,0,0,0,0,0,0,0
7065,0,0,0,0,0,0,54,55,9,0,0,0
7066,3,297,31,0,0,0,0,0,0,0,0,0
7067,0,2,0,0,0,0,205,7,15,0,0,0
7068,8,190,213,0,0,0,5,0,0,3,0,0
7069,56,111,40,0,0,0,0,0,0,0,0,0
7070,0,0,0,0,0,0,67,332,10,0,0,0
7071,0,0,0,0,0,0,78,254,14,0,0,0
7072,0,0,0,0,0,0,0,0,0,16,577,1
7073,0,0,0,0,0,5,0,0,0,0,0,0
7074,1,7,0,0,0,0,0,0,0,0,0,0
7075,0,0,0,0,0,123,0,0,0,0,1,0
7076,0,0,0,7,5,73,0,0,0,0,0,0
7077,0,0,0,0,1,62,0,0,0,0,0,0
7078,0,2,0,0,6,0,110,322,3,0,0,0
7079,16,50,65,0,0,0,0,0,0,15,0,0
7080,3,35,24,0,0,0,0,0,0,0,0,0
7081,0,0,0,0,0,9,0,0,0,35,1909,9
7082,0,0,0,2,87,50,0,0,0,0,0,0
7083,0,0,0,0,0,9,0,0,0,51,1361,3
7084,0,0,0,5,5,145,0,0,0,0,0,0
7085,15,25,6,0,0,0,0,0,0,0,0,0
7086,0,0,0,0,0,43,0,0,0,33,5121,2
7087,0,0,0,14,0,55,0,0,0,0,0,0
7088,41,29,0,0,0,0,0,0,0,0,0,0
7089,2,132,30,0,0,0,2,0,0,0,0,0
7090,0,0,0,6,4,168,0,0,0,0,0,0
7091,0,1,0,0,0,0,88,108,72,0,0,1
7092,0,0,0,3,22,239,0,0,0,0,4,0
7093,0,0,0,0,0,12,0,0,0,3,1118,0
7094,0,51,0,0,0,0,0,0,0,0,0,0
7095,0,0,0,0,0,4,0,0,0,11,330,1
7096,0,0,0,10,2,78,0,0,0,0,0,0
7097,0,924,0,0,0,0,15,0,0,0,0,0
7098,0,0,0,0,15,41,0,0,0,0,0,0
7099,0,0,0,18,4,32,0,1,0,0,1,0
7100,0,13,0,0,0,0,887,19,8,0,0,0
7101,0,0,0,0,0,54,0,0,0,50,1768,1
7102,8,152,68,2,0,0,1,0,0,2,0,0
7103,0,77,3,0,0,0,2,0,0,0,0,0
7104,0,0,0,0,0,18,0,0,0,18,932,2
7105,0,0,9,0,0,121,0,0,0,195,1912,4
7106,0,0,0,0,1,414,0,0,0,0,6,0
7107,0,10,1,0,0,0,0,0,0,0,0,0
7108,0,0,0,0,0,23,0,0,0,0,860,0
7109,0,0,0,26,3,0,0,0,0,0,0,0
7110,0,0,0,0,0,0,3,4,4,0,0,0
7111,0,0,0,0,0,78,0,0,0,0,0,0
7112,0,84,0,0,0,0,3,0,0,0,0,0
7113,0,0,0,0,0,29,0,0,0,11,3801,3
7114,0,0,0,48,9,90,0,0,0,0,0,0
7115,0,1,0,0,0,0,96,7,3,0,0,1
7116,0,2,0,0,4,0,90,154,16,0,0,2
7117,0,0,0,0,0,126,0,0,0,0,3,0
7118,2,0,0,90,24,13,0,6,0,0,1,0
7119,0,0,0,0,0,46,0,0,0,20,2977,1
7120,0,0,0,2,8,153,0,0,0,0,1,0
7121,23,652,3,0,0,0,8,0,0,0,0,0
7122,0,0,0,1,24,343,0,2,0,0,1,0
7123,0,130,10,0,0,0,2,0,0,0,0,0
7124,0,0,0,3,11,20419,0,0,0,21,1344421,0
7125,0,0,0,0,0,11,0,0,0,97,840,3
7126,0,0,0,1,296,80,0,0,0,0,0,0
7127,0,0,0,0,1,7,0,0,0,0,0,0
7128,0,0,0,0,0,0,6,3,2,0,0,0
7129,0,0,0,0,0,17,0,0,0,0,0,0
7130,9,87,2,0,0,0,3,0,0,0,0,0
7131,0,0,0,0,0,0,0,66,13,0,0,3
7132,0,0,0,1,2,37,0,0,0,0,0,0
7133,0,1,0,0,0,0,144,66,1,0,0,0
7134,0,0,0,0,3,43,0,0,0,0,0,0
7135,0,0,0,5,12,404,0,0,0,0,6,0
7136,0,0,0,26,2,1,0,0,0,0,0,0
7137,0,0,0,0,0,0,9,14,0,0,0,0
7138,0,0,0,0,1,47,0,0,0,0,0,0
7139,0,0,0,0,0,0,0,0,0,16,7,1
7140,0,0,0,3,0,0,0,0,0,0,0,0
7141,0,0,0,13,1,9,0,0,0,0,0,0
7142,22,1691,4,0,0,0,40,0,0,0,0,0
7143,0,0,0,0,11,0,83,280,1,0,0,0
7144,0,0,0,14,2,31,0,0,0,0,0,0
7145,0,12,0,0,0,0,265,47,0,0,0,0
7146,0,0,0,0,1,0,107,68,0,0,0,0
7147,0,0,0,0,2,57,0,0,0,0,0,0
7148,0,0,0,3,2,56,0,0,0,0,0,0
7149,0,0,0,0,1,15,0,0,0,0,0,0
7150,6,353,7,0,0,0,8,0,0,0,0,0
7151,0,0,0,0,0,0,0,3,0,0,0,0
7152,0,0,0,0,0,0,0,0,0,0,0,0
7153,0,0,0,7,8,123,0,0,0,0,1,0
7154,0,0,0,1,14,3,0,1,0,0,0,0
7155,0,0,0,0,0,0,0,0,0,0,5,0
7156,6,0,0,293,11,86,0,0,0,0,0,0
7157,0,0,0,13,2,237,0,0,0,0,30,0
7158,0,0,0,1,0,10,0,0,0,0,0,0
7159,0,28,1,0,0,0,0,0,0,0,0,0
7160,0,2,0,0,0,0,366,72,80,0,0,0
7161,3,86,13,0,0,0,1,0,0,0,0,0
7162,0,0,1,0,0,11,0,0,0,709,2665,15
7163,2,287,0,0,0,0,3,0,0,0,0,0
7164,0,0,0,0,0,12,0,0,0,65,2588,4
7165,0,0,0,0,0,11,0,0,0,277,3186,116
7166,0,0,0,2,0,3,0,0,0,0,0,0
7167,3,0,1,0,0,0,0,0,0,0,0,0
7168,0,0,0,1,0,781,0,0,0,0,9,0
7169,0,0,0,0,0,5,0,0,0,1,512,2
7170,0,0,0,0,0,7,0,0,0,5,127,1
7171,0,0,0,9,96,196,0,3,0,0,3,0
7172,0,0,0,0,31,5,0,0,0,0,0,0
7173,0,0,0,0,0,12,0,0,0,42,1626,1
7174,0,0,0,2,7,50,0,0,0,0,0,0
7175,0,0,0,4,4,57,0,0,0,0,0,0
7176,0,0,0,1,0,8,0,0,0,0,0,0
7177,0,67,0,0,0,0,1,0,0,0,0,0
7178,0,3,0,0,0,0,113,1,13,0,0,0
7179,5,4,16,0,0,0,0,0,0,0,0,0
7180,3,25,7,0,0,0,0,0,0,0,0,0
7181,0,15,0,0,0,0,0,0,0,0,0,0
7182,0,0,0,0,0,2,0,0,0,11,491,1
7183,0,0,0,1,0,36,0,0,0,0,0,0
7184,4,80,13,0,0,0,1,0,0,0,0,0
7185,0,0,0,40,3,223,0,0,0,0,3,0
7186,1,69,1,0,0,0,0,0,0,0,0,0
7187,0,0,0,0,0,0,0,0,0,1,3,0
7188,0,2,0,0,0,0,0,0,0,0,0,0
7189,0,70,0,0,0,0,0,0,0,0,0,0
7190,1,1049,0,0,0,0,4,1,0,0,0,0
7191,0,0,0,0,0,21,0,0,0,0,0,0
7192,0,0,0,5,9,92,0,2,0,0,1,0
7193,0,16,1,0,0,0,1,0,0,0,0,0
7194,0,0,0,0,0,9,0,0,0,42,436,0
7195,0,0,0,0,0,9,0,0,0,13,1523,2
7196,2,158,1,0,0,0,0,0,0,0,0,0
7197,0,0,0,2,0,1,0,0,0,0,0,0
7198,0,0,0,2,2,49,0,0,0,0,0,0
7199,0,0,0,1,22,14,0,0,0,0,0,0
7200,0,0,0,0,0,3,0,0,0,0,749,1
7201,7,8260,11,0,0,0,149,10,9,0,0,0
7202,0,0,0,0,23,48,0,0,0,0,0,0
7203,0,0,0,0,0,12,0,0,0,17,616,14
7204,0,0,0,38,2,139,0,0,0,0,3,0
7205,0,0,0,1,4,85,0,0,0,0,0,0
7206,0,0,0,0,1,4,0,0,0,0,0,0
7207,0,0,0,5,0,43,0,0,0,0,0,0
7208,0,2,0,0,0,0,0,0,0,0,0,0
7209,0,33,18,0,0,0,0,0,0,0,0,0
7210,1,54,31,0,0,0,0,0,0,0,0,0
7211,0,0,0,18,5,98,0,0,0,0,1,0
7212,0,0,0,0,0,0,0,11,1,0,0,0
7213,0,0,0,0,3,0,1,242,1,0,0,0
7214,0,2,0,0,0,0,142,18,1,0,0,0
7215,0,1,1,0,0,0,0,0,0,0,0,0
7216,0,0,0,1,0,186,0,0,0,0,2,0
7217,0,0,0,0,5,75,0,0,0,0,0,0
7218,0,0,0,0,0,36,0,0,0,0,0,0
7219,2,95,0,0,0,0,1,0,0,0,0,0
7220,2,5,0,0,0,0,0,0,0,0,0,0
7221,0,0,0,0,0,0,0,0,0,32,10,56
7222,1,0,0,86,26,64,0,0,0,0,0,0
7223,0,1,0,0,0,0,134,54,2,0,0,0
7224,0,0,0,0,0,8,0,0,0,72,1311,0
7225,0,0,0,13,23,61,0,0,0,0,0,0
7226,0,0,0,15,8,30,0,0,0,0,0,0
7227,0,0,0,29,14,7,0,1,0,0,0,0
7228,0,0,0,36,5,96,0,0,0,0,1,0
7229,0,2,0,0,0,0,44,226,0,0,0,0
7230,0,0,0,0,0,0,4,10,0,0,0,0
7231,0,0,0,0,0,8,0,0,0,68,543,0
7232,0,0,0,10,14,39,0,0,0,0,0,0
7233,0,0,0,2,1,17,0,0,0,0,0,0
7234,2,71,1,0,0,0,0,0,0,0,0,0
7235,0,0,0,0,3,0,98,403,2,0,0,0
7236,0,0,0,0,103,49,0,2,0,0,1,0
7237,0,0,0,41,9,111,0,0,0,0,0,0
7238,0,0,0,0,0,0,102,19,1,0,0,0
7239,0,0,0,0,0,4,0,0,0,0,513,18
7240,159,115,70,1,0,0,0,0,0,0,0,0
7241,0,0,0,0,0,0,0,3,1,0,0,0
7242,1,0,0,0,0,0,0,0,0,0,0,0
7243,0,1,0,0,0,0,125,1,0,0,0,0
7244,0,0,0,1,3,1,0,0,0,0,0,0
7245,0,0,0,0,0,0,0,10,2,0,0,0
7246,0,0,0,0,131,0,0,2665,0,0,0,0
7247,0,0,0,0,73,43,0,0,0,0,0,0
7248,0,0,0,1,86,12,0,0,0,0,0,0
7249,0,0,0,0,10,214,0,0,0,0,3,0
7250,0,0,0,5,410,17,0,0,0,0,0,0
7251,0,0,0,0,2,10,0,0,0,0,0,0
7252,0,1,0,0,9,0,717,756,1,0,0,0
7253,0,0,0,0,1,0,2,178,1,0,0,0
7254,0,0,0,0,0,0,0,0,10,0,2,93
7255,17,115,4,0,0,0,0,0,0,0,0,0
7256,0,0,0,0,0,40,0,0,0,0,0,0
7257,30,15,1,0,0,0,0,0,0,0,0,0
7258,0,0,0,0,0,440,0,0,0,0,4,1
7259,1,1302,11,0,0,0,4,0,0,0,0,0
7260,0,0,0,0,8,93,0,0,0,0,1,0
7261,0,0,0,71,3,27,0,0,0,0,0,0
7262,0,0,0,0,0,3,0,0,0,63,911,2
7263,0,0,0,2,0,14,0,0,0,0,0,0
7264,0,0,0,4,7,282,0,0,0,0,5,0
7265,0,0,0,1,2,174,0,0,0,0,1,0
7266,0,0,0,28,24,33,0,0,0,0,0,0
7267,0,0,0,0,0,11,0,0,0,7,4570,1
7268,1,8,0,0,0,0,0,0,0,0,0,0
7269,0,0,0,0,0,0,0,0,0,9,13,0
7270,0,0,0,8,0,42,0,0,0,0,0,0
7271,3,19,5,0,0,0,0,0,0,0,0,0
7272,0,26,0,0,0,0,2102,11,0,0,0,0
7273,0,0,0,0,0,0,294,85,7,0,0,0
7274,0,0,0,2,120,18,0,0,0,0,0,0
7275,0,0,0,2,7,36,0,0,0,0,0,0
7276,0,0,0,3,2,38,0,0,0,0,0,0
7277,0,0,0,7,0,61,0,0,0,0,1,0
7278,1,0,0,21,1,4,0,0,0,0,0,0
7279,0,0,0,0,0,39,0,0,0,25,4113,3
7280,0,0,0,1,0,21,0,0,0,0,0,0
7281,2,83,2,0,0,0,0,0,0,0,0,0
7282,0,0,0,0,0,262,0,0,0,0,0,0
7283,0,1,0,0,0,0,95,11,3,0,0,0
7284,0,0,0,0,1,327,0,0,0,0,4,0
7285,0,97,1,0,0,0,1,0,0,0,0,0
7286,0,0,0,0,0,0,0,0,0,55,7,0
7287,0,0,0,0,1,1,0,0,0,0,0,0
7288,4,0,0,207,60,470,0,1,0,0,4,0
7289,0,0,0,0,0,0,1,1,0,0,0,0
7290,0,0,0,0,1,0,271,95,2,0,0,0
7291,1,337,29,0,0,0,1,0,0,0,0,0
7292,0,0,0,31,35,1052,0,0,0,0,11,0
7293,0,0,0,0,18,44,0,0,0,0,0,0
7294,0,3,0,0,0,0,319,79,0,0,0,0
7295,0,22,0,0,2,0,1047,350,2,0,0,0
7296,0,0,0,0,0,18,0,0,0,1,803,0
7297,0,0,0,23,8,169,0,0,0,0,2,0
7298,0,0,0,0,0,0,63,40,1,0,0,0
7299,0,0,0,1,0,120,0,0,0,3,10163,0
7300,41,121,2,0,0,0,0,0,0,0,0,0
7301,2,443,15,0,0,0,6,0,0,0,0,0
7302,0,0,0,1,11,284,0,0,0,0,3,0
7303,0,0,0,0,0,20,0,0,0,29,2704,2
7304,34,22,11,0,0,0,0,0,0,0,0,0
7305,0,0,0,2,70,79,0,7,0,0,0,0
7306,0,0,0,0,12,0,61,939,12,0,0,0
7307,0,0,0,0,0,0,0,0,0,10,5,2
7308,0,39,0,0,0,0,0,0,0,0,0,0
7309,2,109,2,0,0,0,0,0,0,0,0,0
7310,0,0,0,7,56,105,0,1,0,0,1,0
7311,0,0,0,2,2,13,0,0,0,0,0,0
7312,0,2,0,0,7,1,151,203,6,0,0,0
7313,0,0,0,1,4,3,0,0,0,0,0,0
7314,0,0,0,2,2,2,0,0,0,0,0,0
7315,0,0,0,1,1,66,0,0,0,0,1,0
7316,0,0,0,2,5,23,0,0,0,0,0,0
7317,0,0,0,12,32,140,0,2,0,0,0,0
7318,0,0,0,0,0,17,0,0,0,27,1034,0
7319,6,80,10,0,0,0,0,0,0,1,0,0
7320,0,5,0,0,2,0,132,50,38,0,2,2
7321,0,0,3,0,0,20,0,0,0,31,590,3
7322,24,0,0,143,1,79,0,0,0,0,0,0
7323,2,125,1,0,0,0,2,0,0,0,0,0
7324,0,0,0,1,0,155,0,0,0,0,1,0
7325,0,0,0,1,1,2,0,0,0,0,0,0
7326,0,0,0,4,0,4,0,0,0,0,0,0
7327,0,0,0,1,1,253,0,0,0,0,7,0
7328,0,0,0,0,3796,0,72,21610,0,0,0,0
7329,0,0,1,0,0,0,0,0,0,12,130,0
7330,22,63,6,0,0,0,0,0,0,0,0,0
7331,0,2,0,0,0,0,98,40,4,0,0,0
7332,0,0,0,0,0,66,0,0,0,0,0,0
7333,1,91,3,0,0,0,1,0,0,0,0,0
7334,0,0,0,0,0,2,0,0,0,5,912,0
7335,1,33,0,0,0,0,0,0,0,0,0,0
7336,0,0,0,1,32,62,0,0,0,0,0,0
7337,0,0,0,6,9,52,0,0,0,0,0,0
7338,0,0,0,1,0,2,0,0,0,0,0,0
7339,0,0,0,1,1,9,0,0,0,0,0,0
7340,1,399,0,0,0,0,1,0,0,0,0,0
7341,0,0,0,2,24,142,0,0,0,0,0,0
7342,0,0,0,0,1,43,0,0,0,0,0,0
7343,15,76,1,0,0,0,0,0,0,0,0,0
7344,0,0,0,0,0,0,97,23,0,0,0,0
7345,0,0,0,1,0,34,0,0,0,0,0,0
7346,0,1,1,0,0,0,0,0,0,0,0,0
7347,0,60,13,0,0,0,0,0,0,0,0,0
7348,26,0,0,3184,156,107,0,1,0,0,0,0
7349,0,0,0,1,1,2,0,0,0,0,0,0
7350,0,0,0,0,0,0,0,0,0,22,7,0
7351,0,0,0,5,26,51,0,0,0,0,1,0
7352,0,0,0,1,0,1,0,0,0,0,0,0
7353,0,0,0,0,23,0,0,550,0,0,0,0
7354,0,0,0,0,0,0,0,13,1,0,0,0
7355,0,0,0,0,0,0,0,0,0,46,251,2
7356,0,0,0,0,0,0,0,0,0,0,0,0
7357,0,0,0,0,29,88,0,0,0,0,0,0
7358,1,440,4,0,0,0,0,0,0,0,0,0
7359,0,0,0,1,1,55,0,0,0,0,0,0
7360,0,0,0,0,3,0,137,1793,17,0,0,0
7361,0,0,0,0,0,4,0,0,0,0,0,0
7362,0,0,0,0,0,0,0,7,0,0,0,0
7363,0,0,0,0,0,0,0,3,0,0,0,0
7364,0,0,0,0,0,68,0,0,0,0,0,0
7365,0,0,0,0,0,5,0,0,0,0,0,0
7366,2,89,1,0,0,0,1,0,0,0,0,0
7367,0,89,58,0,0,0,0,0,0,0,0,0
7368,0,0,0,0,0,71,0,0,0,0,0,0
7369,3,20,0,0,0,0,0,0,0,0,0,0
7370,0,30,0,0,0,0,0,0,0,0,0,0
7371,0,0,0,1,0,0,0,0,0,0,0,0
7372,0,0,0,1,0,780,0,0,0,0,4,0
7373,2,1,0,0,0,0,0,0,0,0,0,0
7374,0,51,7,0,0,0,0,0,0,0,0,0
7375,0,0,0,2,57,249,0,0,0,0,0,0
7376,0,0,7,0,0,2,0,0,0,26,452,4
7377,0,0,0,0,0,1,0,0,0,0,0,0
7378,0,0,0,16,0,51,0,0,0,0,0,0
7379,0,0,0,0,0,0,93,86,2,0,0,0
7380,0,0,0,0,0,13,0,0,0,0,0,0
7381,2,85,1,0,0,0,1,0,0,0,0,0
7382,0,0,0,0,0,0,0,0,0,148,1,0
7383,15,18,0,0,0,0,0,0,0,0,0,0
7384,4,40,2,0,0,0,0,0,0,0,0,0
7385,46,87,39,0,0,0,0,0,0,1,0,0
7386,2,0,0,900,3,222,0,0,0,0,0,0
7387,0,6,0,0,0,0,508,44,7,0,0,0
7388,0,61,0,0,0,0,575,10,2,0,0,0
7389,0,0,0,0,0,3,0,0,0,1,508,0
7390,0,0,1,0,0,6,0,0,0,48,1466,2
7391,0,0,0,0,0,0,0,0,0,2,82,1
7392,0,0,0,0,0,0,0,0,0,31,62,0
7393,0,3,0,0,103,0,779,14486,70,0,0,0
7394,2,120,26,0,0,0,1,0,0,0,0,0
7395,0,0,0,2,1,137,0,0,0,0,0,0
7396,0,0,0,3,14,54,0,0,0,0,0,0
7397,0,0,0,15,48,404,0,0,0,0,4,0
7398,0,0,0,0,0,0,0,0,0,0,178,0
7399,10,2879,39,0,0,0,25,0,0,0,0,0
7400,0,0,0,0,0,0,58,18,0,0,0,0
7401,0,0,0,0,0,2,0,0,0,0,759,1
7402,0,0,0,9,3,127,0,0,0,0,2,0
7403,2,24,2,0,0,0,0,0,0,0,0,0
7404,0,0,0,2,0,15,0,0,0,0,0,0
7405,0,0,0,0,3,0,73,858,2,0,0,0
7406,0,3,0,0,0,0,53,34,1,0,0,0
7407,0,0,0,1,5,5,0,0,0,0,0,0
7408,0,0,0,0,0,16,0,0,0,0,0,0
7409,0,0,3,0,0,0,0,0,0,0,0,0
7410,0,0,0,0,0,0,1,4,0,0,0,0
7411,0,87,1,0,0,0,0,0,0,0,0,0
7412,1,0,1,0,0,0,0,0,0,0,0,0
7413,0,0,0,0,0,1,0,0,0,0,0,0
7414,0,0,0,0,0,0,2,0,0,0,0,0
7415,0,0,0,0,0,7,0,0,0,0,0,0
7416,4,0,0,0,0,0,0,0,0,0,0,0
7417,0,0,0,0,0,0,0,0,1,0,796,40
7418,1,485,2,0,0,0,3,0,0,0,0,0
7419,0,0,0,0,0,72,0,0,0,0,0,0
7420,0,0,0,0,0,99,0,0,0,130,11728,1
7421,0,0,0,0,0,3,0,0,0,0,0,0
7422,0,0,0,0,2,4,0,0,0,0,0,0
7423,0,0,0,0,0,2,0,0,0,0,1103,0
7424,0,0,0,2,1735,78,0,15,0,0,0,0
7425,0,0,0,7,20,14,0,0,0,0,0,0
7426,0,0,0,63,8,46,0,0,0,0,0,0
7427,0,2,0,0,0,0,214,49,2,0,0,0
7428,0,0,0,0,0,0,0,0,0,0,461,0
7429,99,169,9,0,0,0,0,0,0,0,0,0
7430,0,0,0,1,25,2,0,0,0,0,0,0
7431,0,0,0,0,0,0,0,0,0,1,672,0
7432,15,264,6,0,0,0,11,0,0,0,0,0
7433,0,0,0,1,12,35,0,0,0,0,0,0
7434,0,0,0,46,0,4,0,0,0,0,0,0
7435,0,0,0,0,1,110,0,0,0,0,0,0
7436,0,0,0,0,0,33,0,0,0,0,0,0
7437,12,54,0,0,0,0,0,0,0,0,0,0
7438,0,0,0,0,0,613,0,0,0,0,0,0
7439,0,0,0,0,0,11,0,0,0,0,0,0
7440,0,144,0,0,0,0,0,0,0,0,0,0
7441,0,0,0,0,0,147,0,0,0,0,2,0
7442,0,0,0,0,0,0,31,30,1,0,0,0
7443,0,0,0,2,0,56,0,0,0,0,0,0
7444,5,292,10,0,0,0,0,0,0,0,0,0
7445,0,0,0,19,37,29,0,0,0,0,0,0
7446,0,0,0,0,0,0,0,2,1,0,0,0
7447,0,0,0,0,0,0,4,27,0,0,0,0
7448,0,94,7,0,0,0,0,0,0,0,0,0
7449,3,72,8,0,0,0,0,0,0,0,0,0
7450,14,58,8,0,0,0,0,0,0,0,0,0
7451,15,308,0,0,0,0,1,0,0,0,0,0
7452,0,0,0,0,9,0,42,3149,4,0,0,0
7453,0,0,0,0,0,406,0,0,0,0,3,0
7454,0,0,0,0,0,5,0,0,0,0,0,0
7455,2,117,0,0,0,0,0,0,0,0,0,0
7456,0,0,0,0,1,116,0,0,0,0,0,0
7457,0,0,0,0,0,0,36,10,0,0,0,0
7458,0,0,0,6,5,14,0,0,0,0,0,0
7459,0,2,0,0,2,0,138,310,0,0,0,0
7460,0,0,0,0,0,0,0,0,0,1,5,0
7461,0,0,0,0,0,0,0,0,0,0,0,0
7462,0,0,0,0,1,293,0,0,0,0,0,0
7463,0,0,0,0,0,0,40,88,1,0,0,0
7464,0,0,0,0,0,36,0,0,0,0,0,0
7465,0,0,0,8,2,46,0,0,0,0,0,0
7466,0,1,0,0,0,0,96,97,4,0,0,0
7467,0,0,0,0,0,8,0,0,0,0,0,0
7468,148,134,0,0,0,0,0,0,0,0,0,0
7469,0,1,0,0,0,0,50,88,14,0,0,1
7470,2,20,35,0,0,0,0,0,0,0,0,0
7471,0,0,0,0,0,1,0,0,0,45,877,0
7472,0,0,0,0,0,0,4,4,0,0,0,0
7473,0,0,0,0,0,0,1,8,1,0,0,0
7474,0,0,0,0,3,19,0,0,0,0,0,0
7475,0,0,0,0,0,1,0,0,0,0,0,0
7476,0,0,0,0,0,0,0,0,0,0,0,0
7477,0,0,0,0,0,76,0,0,0,0,0,0
7478,0,72,2,0,0,0,0,0,0,0,0,0
7479,11,743,77,0,0,0,2,0,0,0,0,0
7480,0,0,0,12,23,161,0,0,0,0,0,0
7481,0,0,0,9,20,2,0,0,0,0,0,0
7482,0,0,0,0,0,0,0,0,0,0,951,1
7483,12,274,14,0,0,0,0,0,0,0,0,0
7484,0,0,0,3,62,1122,0,0,0,0,10,0
7485,0,0,0,0,0,2,0,0,0,0,124,0
7486,6,20,2,0,0,0,0,0,0,0,0,0
7487,2,15,3,0,0,0,0,0,0,0,0,0
7488,0,0,0,0,0,7,0,0,0,53,2655,0
7489,0,0,0,5,35,149,0,0,0,0,0,0
7490,0,0,0,0,0,1,0,0,0,0,0,0
7491,0,0,0,0,0,0,0,4,2,0,0,0
7492,0,0,0,0,0,29,0,0,0,0,0,0
7493,2,285,0,0,0,0,0,0,0,0,0,0
7494,0,0,0,3,0,29,0,0,0,0,0,0
7495,0,0,0,0,0,0,15,73,4,0,0,0
7496,3,19,35,0,0,0,0,0,0,0,0,0
7497,0,0,0,0,1,2,0,0,0,0,0,0
7498,0,0,0,0,0,0,9,14,0,0,0,0
7499,0,0,0,0,2,1,0,0,0,0,0,0
7500,0,0,0,0,0,0,0,1,0,0,0,0
7501,0,0,0,0,0,17,0,0,0,0,0,0
7502,0,0,0,0,0,1,0,0,0,0,0,0
7503,0,94,0,0,0,0,0,0,0,0,0,0
7504,0,0,0,0,0,1,0,0,0,3,888,0
7505,0,0,0,0,0,0,0,0,0,0,0,0
7506,0,56,0,0,0,0,0,0,0,0,0,0
7507,0,50,8,0,0,0,0,0,0,0,0,0
7508,0,0,0,0,0,0,0,0,0,0,30,0
7509,0,0,0,0,0,0,8,5,0,0,0,0
7510,0,0,0,0,1,25,0,0,0,0,0,0
7511,0,1,1,0,0,0,0,0,0,0,0,0
7512,1,31,0,0,0,0,0,0,0,0,0,0
7513,0,0,0,0,0,201,0,0,0,0,2,0
7514,1,0,0,0,0,0,0,0,0,0,0,0
7515,0,0,0,0,0,0,0,5,1,0,0,0
7516,1,371,0,0,0,0,0,0,0,0,0,0
7517,0,0,0,0,0,0,28,13,1,0,0,0
7518,0,0,0,0,0,0,0,0,0,1,238,0
7519,54,137,380,0,0,0,0,0,0,0,0,0
7520,0,4,0,0,0,0,0,0,0,0,0,0
7521,0,0,0,0,0,1,0,0,0,3,555,0
7522,10,131,1,0,0,0,0,0,0,0,0,0
7523,1,1,44,0,0,0,0,0,0,0,0,0
7524,0,0,0,0,0,0,1,2,4,0,0,0
7525,0,198,0,0,0,0,0,0,0,0,0,0
7526,0,0,0,0,0,0,323,24,0,0,0,0
7527,0,0,0,0,1,11,0,0,0,0,0,0
7528,0,0,1,0,0,42,0,0,0,114,7819,2
7529,0,0,0,0,0,0,4,0,0,0,0,0
7530,0,8,4,0,0,0,0,0,0,0,0,0
7531,18,114,10,0,0,0,0,0,0,0,0,0
7532,0,0,0,1,0,4,0,0,0,0,0,0
7533,0,0,0,0,0,0,0,0,2,0,0,0
7534,0,0,0,1,0,304,0,0,0,0,1,0
7535,2,89,0,0,0,0,0,0,0,0,0,0
7536,0,0,0,0,0,0,0,0,0,10,473,0
7537,5,87,5,0,0,0,0,0,0,0,0,0
7538,1,1,0,0,0,0,0,0,0,0,0,0
7539,0,0,0,0,0,0,0,0,0,0,4,0
7540,0,0,0,1,0,3071,0,0,0,0,1,0
7541,0,9,0,0,0,0,0,0,0,0,0,0
7542,0,0,0,1,1,1,0,0,0,0,0,0
7543,0,0,0,2,0,237,0,0,0,0,0,0
7544,0,0,0,0,0,0,46,111,1,0,0,0
7545,0,0,0,0,0,12,0,0,0,0,0,0
7546,0,0,0,8,0,60,0,0,0,0,0,0
7547,0,1,2,0,0,0,0,0,0,0,0,0
7548,0,285,8,0,0,0,1,0,0,0,0,0
7549,0,0,0,3,13,121,0,0,0,0,0,0
7550,0,0,0,0,0,0,6,3,3,0,0,0
7551,0,0,0,0,1,0,1,3,1,0,0,0
7552,0,0,0,0,3,32,0,0,0,0,0,0
7553,0,0,0,0,2,0,181,120,5,0,0,0
7554,0,0,0,0,1,191,0,0,0,0,1,0
7555,0,0,0,2,0,32,0,0,0,0,0,0
7556,0,0,0,0,0,0,0,0,0,0,0,0
7557,0,1,0,0,0,0,124,2,0,0,0,0
7558,0,92,1,0,0,0,1,0,0,0,0,0
7559,0,0,34,0,0,0,0,0,0,0,0,0
7560,0,9,0,0,0,0,561,0,1,0,0,0
7561,0,1,0,0,0,0,486,5,0,0,0,0
7562,0,0,0,0,7,84,0,0,0,0,0,0
7563,0,0,0,0,0,0,0,0,0,1,7,14
7564,0,0,0,0,0,15,0,0,0,120,4692,6
7565,0,0,0,0,0,9,0,0,0,0,0,0
7566,0,0,0,1,0,4,0,0,0,0,0,0
7567,0,0,0,0,0,37,0,0,0,0,0,0
7568,0,0,0,1,0,0,0,0,0,0,0,0
7569,0,1,0,0,0,0,0,0,0,0,0,0
7570,0,0,0,0,0,75,0,0,0,0,0,0
7571,0,0,0,0,0,0,42,2,3,0,0,0
7572,0,0,0,0,0,7,0,0,0,0,0,0
7573,0,0,0,0,0,1,0,0,0,74,622,29
7574,0,0,0,2,1,66,0,0,0,0,1,0
7575,1,14,4,0,0,0,0,0,0,0,0,0
7576,0,0,0,0,0,281,0,0,0,0,0,0
7577,0,0,0,0,0,0,4,16,0,0,0,0
7578,0,0,0,0,0,0,0,0,0,2,17,0
7579,0,0,0,9,1,77,0,0,0,0,0,0
7580,0,3,0,0,0,0,0,0,0,0,0,0
7581,2,42,0,0,0,0,0,0,0,0,0,0
7582,0,0,0,1,1,337,0,0,0,0,13,0
7583,0,0,0,0,0,0,0,0,0,0,0,0
7584,0,0,0,0,0,0,2,3,0,0,0,0
7585,7,63,177,0,0,0,0,0,0,0,0,0
7586,0,0,0,0,0,0,0,1,1,0,0,0
7587,0,0,0,0,0,0,0,2,1,0,0,0
7588,0,0,0,0,2,32,0,0,0,0,0,0
7589,0,74,4,0,0,0,1,0,0,0,0,0
7590,11,101,13,0,0,0,0,0,0,0,0,0
7591,1,206,77,0,0,0,1,0,0,1,0,0
7592,0,0,0,0,0,0,34,85,0,0,0,0
7593,0,0,0,0,0,0,6,2,4,0,0,0
7594,0,0,0,0,0,0,0,0,0,10,506,1
7595,0,0,0,0,1,24,0,0,0,0,0,0
7596,0,0,0,5,1,3,0,0,0,0,0,0
7597,0,0,0,0,1,32,0,0,0,0,0,0
7598,0,0,0,0,0,1,0,0,0,0,0,0
7599,0,0,0,0,0,0,0,3,1,0,0,0
7600,0,0,0,0,0,54,0,0,0,1,5498,0
7601,0,11,6,0,0,0,0,0,0,0,0,0
7602,1,77,3,0,0,0,0,0,0,0,0,0
7603,2,266,2,0,0,0,3,0,0,0,0,0
7604,0,0,0,0,0,10,0,0,0,104,1537,3
7605,0,0,0,6,0,71,0,0,0,0,1,0
7606,12,19,0,0,0,0,0,0,0,0,0,0
7607,0,0,0,0,0,0,0,0,0,0,7,0
7608,1,4,0,0,0,0,0,0,0,0,0,0
7609,0,0,0,0,0,5,0,0,0,1,1609,0
7610,13,5,4,0,0,0,0,0,0,0,0,0
7611,1,54,0,0,0,0,0,0,0,0,0,0
7612,0,0,0,0,6,119,0,0,0,0,0,0
7613,0,0,0,0,0,0,0,0,0,0,0,0
7614,0,0,0,0,0,0,0,1,1,0,0,0
7615,0,0,0,0,0,0,2,1,1,0,0,0
7616,0,2,0,0,0,0,0,0,0,0,0,0
7617,0,2,1,0,0,0,0,0,0,0,0,0
7618,0,0,0,1,1,116,0,0,0,0,0,0
7619,0,0,0,0,1,1,0,0,0,0,0,0
7620,0,0,0,0,0,0,0,0,1,0,0,0
7621,0,0,0,0,2,35,0,0,0,0,0,0
7622,0,4,0,0,1,0,215,126,1,0,0,0
7623,0,0,0,0,64,26,0,0,0,0,0,0
7624,0,0,0,3,1,400,0,0,0,0,0,0
7625,0,42,0,0,0,0,0,0,0,0,0,0
7626,34,184,11,1,0,0,0,0,0,0,0,0
7627,0,0,0,0,7,56,0,0,0,0,0,0
7628,0,0,0,1,1,3,0,0,0,0,0,0
7629,0,0,0,0,0,0,1,3,1,0,0,0
7630,0,0,0,1,0,141,0,0,0,0,0,0
7631,0,0,0,0,0,0,136,8,2,0,0,0
7632,2,22,27,0,0,0,0,0,0,0,0,0
7633,0,0,0,3,10,1417,0,0,0,0,11,0
7634,3,6,1,0,0,0,0,0,0,0,0,0
7635,0,0,0,0,0,6,0,0,0,4,275,1
7636,5,153,5,0,0,0,3,0,0,0,0,0
7637,0,0,0,6,23,6,0,0,0,0,0,0
7638,0,0,0,14,3,27,0,0,0,0,0,0
7639,0,0,0,0,0,5,0,0,0,3,1242,0
7640,0,0,0,3,3,8,0,0,0,0,0,0
7641,0,0,0,0,0,0,202,111,4,0,0,0
7642,0,0,0,0,6,353,0,0,0,0,1,0
7643,0,0,0,0,3,0,23,142,0,0,0,0
7644,0,0,0,0,0,4,0,0,0,0,1558,46
7645,0,0,0,10,15,90,0,0,0,0,1,0
7646,0,0,0,0,0,0,141,66,2,0,0,0
7647,0,0,0,0,0,0,110,27,26,0,0,0
7648,0,0,0,0,0,46,0,0,0,0,0,0
7649,2,142,0,0,0,0,0,0,0,0,0,0
7650,0,0,0,0,0,0,17,0,0,0,0,0
7651,0,0,0,1,1,53,0,0,0,0,0,0
7652,0,0,0,0,0,0,0,0,0,0,0,0
7653,0,0,0,0,0,0,0,0,0,1,2,0
7654,6,60,7,0,0,0,0,0,0,0,0,0
7655,0,0,0,1,0,0,0,0,0,0,0,0
7656,0,0,0,66,0,3,0,0,0,0,0,0
7657,0,0,0,0,0,12,0,0,0,0,0,0
7658,1,7,0,0,0,0,0,0,0,0,0,0
7659,0,0,0,0,0,0,0,0,0,0,0,0
7660,0,0,0,2,2,7,0,0,0,0,0,0
7661,1,53,1,0,0,0,0,0,0,0,0,0
7662,0,0,0,0,0,0,7,1,0,0,0,0
7663,0,0,0,0,1,39,0,0,0,0,0,0
7664,0,0,0,0,0,0,2,2,0,0,0,0
7665,1,4,0,0,0,0,0,0,0,0,0,0
7666,0,0,0,0,4,335,0,0,0,0,1,0
7667,0,0,0,0,0,0,1,2,0,0,0,0
7668,0,1,0,0,0,0,0,0,0,0,0,0
7669,22,86,25,0,0,0,0,0,0,0,0,0
7670,0,0,0,0,0,0,17,2,0,0,0,0
7671,0,0,0,0,2,6,0,0,0,0,0,0
7672,0,0,0,125,7,87,0,0,0,0,0,0
7673,0,0,0,0,0,0,0,45,4,0,0,0
7674,0,0,0,0,0,0,0,0,0,1,1,1
7675,0,0,0,0,42,0,225,3405,774,0,1,2
7676,0,55,39,0,0,0,0,0,0,0,0,0
7677,0,0,0,0,0,0,10,17,7,0,0,0
7678,7,156,15,0,0,0,1,0,0,0,0,0
7679,0,0,0,0,0,0,1,2,0,0,0,0
7680,0,0,0,0,0,0,0,0,0,0,0,0
7681,0,0,1,0,0,6,0,0,0,46,440,0
7682,0,0,0,0,1,133,0,0,0,0,0,0
7683,0,0,0,0,1,1,0,0,0,0,0,0
7684,0,0,0,0,0,0,160,8,1,0,0,0
7685,0,0,0,1,548,0,0,15,0,0,0,0
7686,0,0,0,0,0,0,0,0,0,0,3,0
7687,2,55,11,0,0,0,0,0,0,0,0,0
7688,0,0,0,0,0,5,0,0,0,42,713,2
7689,0,0,0,3,0,0,0,0,0,0,0,0
7690,1,32,1,0,0,0,1,0,0,0,0,0
7691,0,0,0,0,0,0,0,0,0,1,5,1
7692,5,5,0,0,0,0,0,0,0,0,0,0
7693,0,0,0,0,5,0,80,958,2,0,0,0
7694,0,0,0,2,9,8,0,0,0,0,0,0
7695,0,0,0,7,0,17,0,0,0,0,0,0
7696,0,0,0,0,0,71,0,0,0,0,0,0
7697,2,0,0,0,0,0,0,0,0,0,0,0
7698,1,25,0,0,0,0,0,0,0,0,0,0
7699,2,83,0,0,0,0,0,0,0,0,0,0
7700,0,3,19,0,0,0,0,0,0,0,0,0
7701,0,0,0,0,0,0,8,3,0,0,0,0
7702,0,342,1,0,0,0,3,0,0,0,0,0
7703,0,0,0,0,0,0,0,0,0,112,705,1
7704,0,0,0,0,0,0,0,0,0,5,48,0
7705,533,165,12,1,0,0,6,0,0,0,0,0
7706,1,95,1,0,0,0,0,0,0,0,0,0
7707,0,0,0,4,0,0,0,0,0,0,0,0
7708,2,0,0,0,0,0,0,0,0,0,0,0
7709,3,16,3,0,0,0,0,0,0,0,0,0
7710,7,54,95,0,0,0,0,0,0,0,0,0
7711,0,0,0,2,1,348,0,0,0,0,0,0
7712,0,0,0,0,0,7,0,0,0,2,2136,0
7713,0,0,0,0,0,1,0,0,0,35,506,1
7714,0,0,0,2,3,87,0,0,0,0,0,0
7715,0,1,0,0,0,0,0,0,0,0,0,0
7716,0,0,0,0,0,0,0,0,0,2,295,2
7717,0,0,0,17,23,108,0,0,0,0,1,0
7718,0,0,0,0,0,0,4,1,1,0,0,0
7719,1,0,0,0,0,0,0,0,0,0,0,0
7720,0,0,0,0,0,0,0,0,0,13,457,1
7721,0,0,0,0,0,0,0,0,0,4,1,1
7722,11,12,8,0,0,0,0,0,0,0,0,0
7723,0,0,0,0,0,0,97,112,2,0,0,0
7724,0,0,0,0,3,12,0,0,0,0,0,0
7725,0,0,0,0,0,0,0,0,0,0,5,0
7726,0,0,0,4,27,78,0,0,0,0,2,0
7727,0,0,0,5,24,3,0,0,0,0,0,0
7728,2,0,0,0,0,8,0,0,0,18,3411,2
7729,0,0,0,2,12,31,0,0,0,0,0,0
7730,0,0,0,0,0,129,0,0,0,0,2,0
7731,1,24,1,0,0,0,0,0,0,0,0,0
7732,0,0,0,0,0,311,0,0,0,0,3500,0
7733,3,114,8,0,0,0,0,0,0,0,0,0
7734,0,0,0,12,57,202,0,0,0,0,0,0
7735,0,0,0,0,0,85,0,0,0,25,6429,4
7736,0,1,0,0,0,0,631,5,1,0,0,0
7737,0,0,0,0,0,12,0,0,0,0,0,0
7738,0,0,0,17,2,135,0,0,0,0,0,0
7739,0,1,0,0,0,0,349,13,2,0,0,0
7740,23,211,31,0,0,0,0,0,0,0,0,0
7741,0,0,0,2,1,62,0,0,0,0,0,0
7742,10,186,1,0,0,0,0,0,0,0,0,0
7743,0,0,0,0,0,0,25,1659,2,0,0,0
7744,0,0,0,2,36,87,0,0,0,0,1,0
7745,0,3,0,0,0,0,504,23,1,0,0,0
7746,0,0,0,1,3,127,0,0,0,0,3,0
7747,0,0,0,12,86,426,0,1,0,0,0,0
7748,0,53,0,0,0,0,0,0,0,0,0,0
7749,0,0,0,0,0,10,0,0,0,4,3599,5
7750,15,98,16,0,0,0,1,0,0,0,0,0
7751,0,0,0,0,0,0,29,176,0,0,0,0
7752,0,0,0,1,6,1713,0,0,0,0,1,0
7753,0,0,0,0,0,0,38,182,0,0,0,0
7754,3,59,31,0,0,0,0,0,0,0,0,0
7755,4,600,161,0,0,0,2,0,0,0,0,0
7756,0,0,0,0,36,0,60,1650,11,0,0,0
7757,2,47,920,0,0,0,0,0,0,0,0,0
7758,3,132,28,0,0,0,0,0,0,0,0,0
7759,0,0,0,41,10,155,0,0,0,0,4,0
7760,0,0,0,0,0,0,151,23,0,0,0,0
7761,0,0,0,0,1,0,163,53,0,0,0,0
7762,0,0,0,1,0,71,0,0,0,0,1,0
7763,0,0,0,6,22,4,0,0,0,0,0,0
7764,0,0,0,0,0,21,0,0,0,24,6888,2
7765,0,0,0,0,0,15,0,0,0,55,5498,6
7766,6,255,31,0,0,0,0,0,0,0,0,0
7767,0,0,0,0,3,6281,0,0,0,0,66,0
7768,0,0,0,0,6,29,0,0,0,15,8341,1
7769,0,0,0,0,0,0,0,0,0,16,119,10
7770,7,323,0,0,0,0,0,0,0,0,0,0
7771,0,0,0,4,22,499,0,0,0,0,1,0
7772,0,0,0,0,0,3,0,0,0,21,584,2
7773,0,0,0,1,0,3,0,0,0,0,0,0
7774,0,0,0,8,24,19,0,0,0,0,0,0
7775,0,0,0,0,0,57,0,0,0,0,0,0
7776,0,22,0,0,0,0,0,0,0,0,0,0
7777,0,0,0,0,0,1,0,0,0,0,363,0
7778,0,0,0,0,11,9,0,0,0,0,0,0
7779,0,0,0,1,3,1,0,0,0,0,0,0
7780,0,0,0,3,0,72,0,0,0,0,0,0
7781,0,0,0,0,0,0,68,19,0,0,0,0
7782,14,253,27,0,0,0,0,0,0,0,0,0
7783,0,0,0,5,0,456,0,0,0,0,0,0
7784,0,3,0,0,0,0,0,0,0,0,0,0
7785,14,195,5,0,0,0,0,0,0,0,0,0
7786,1,155,21,0,0,0,0,0,0,0,0,0
7787,0,4,0,0,0,0,515,19,2,0,0,0
7788,0,0,2,0,0,0,0,0,0,234,521,1
7789,0,0,0,82,4,431,0,0,0,0,0,0
7790,0,2,0,0,0,0,238,46,4,0,0,0
7791,0,0,0,0,0,0,170,33,0,0,0,0
7792,0,0,0,1,0,76,0,0,0,0,0,0
7793,0,0,2,0,0,0,0,0,0,295,0,0
7794,92,130,279,0,0,0,0,0,0,0,0,0
7795,2,45,9,0,0,0,0,0,0,0,0,0
7796,0,26,233,0,0,0,0,0,0,2,0,0
7797,3,302,52,0,0,0,0,0,0,0,0,0
7798,0,0,0,0,32,0,136,4743,28,0,0,0
7799,2,19,5,0,0,0,0,0,0,0,0,0
7800,0,0,0,0,0,0,0,0,0,28,1428,4
7801,0,0,0,4,8,48,0,0,0,0,0,0
7802,0,0,0,0,0,10,0,0,0,0,0,0
7803,1,22,7,0,0,0,0,0,0,0,0,0
7804,0,0,0,0,1,194,0,0,0,0,0,0
7805,0,0,0,0,0,0,1,0,1,0,0,0
7806,1,25,13,0,0,0,0,0,0,0,0,0
7807,1,72,5,0,0,0,1,0,0,0,0,0
7808,2,13,9,0,0,0,0,0,0,0,0,0
7809,0,0,0,0,0,0,39,25,27,0,0,4
7810,2,56,32,0,0,0,1,0,0,0,0,0
7811,0,0,0,0,0,1,0,0,0,7,408,0
7812,48,75,0,0,0,0,1,0,0,0,0,0
7813,0,0,0,0,51,1097,0,1,0,0,13,0
7814,0,0,0,1,98,570,0,0,0,0,0,0
7815,0,0,0,0,0,5,0,0,0,4,673,1
7816,0,0,0,11,58,623,0,0,0,0,0,0
7817,0,0,0,0,0,1,0,0,0,33,452,5
7818,0,0,0,0,34,33,0,0,0,0,0,0
7819,0,0,0,0,0,3,0,0,0,31,564,4
7820,0,0,0,6,21,195,0,0,0,0,1,0
7821,0,0,0,0,0,0,0,0,0,1,398,3
7822,0,0,0,15,31,179,0,0,0,0,0,0
7823,0,0,0,0,0,9,0,0,0,19,331,1
7824,145,74,13,0,0,0,0,0,0,0,0,0
7825,0,0,0,4,8,80,0,0,0,0,2,0
7826,0,0,0,2,1,49,0,0,0,0,0,0
7827,0,0,0,0,0,1,0,0,0,0,0,0
7828,0,0,0,4,0,117,0,0,0,0,0,0
7829,0,6,0,0,0,0,452,406,23,0,0,0
7830,0,0,0,129,2,372,0,0,0,0,1,0
7831,3,0,0,104,2,133,0,0,0,0,1,0
7832,130,14,0,0,0,0,0,0,0,0,0,0
7833,1,52,1601,0,0,0,0,0,0,3,1,0
7834,0,0,0,0,0,38,0,0,0,33,5473,2
7835,0,0,0,5,18,119,0,0,0,0,1,0
7836,0,0,0,0,0,10,0,0,0,0,0,0
7837,9,115,335,0,0,0,0,0,0,0,0,0
7838,0,0,0,0,8,0,55,175,4,0,0,0
7839,0,14,16,0,0,0,0,0,0,0,0,0
7840,0,0,0,0,0,5,0,0,0,22,1317,0
7841,85,32,7,0,0,0,1,0,0,0,0,0
7842,0,107,2,0,0,0,0,0,0,0,0,0
7843,0,0,0,0,0,5,0,0,0,38,2023,0
7844,0,0,0,0,0,9,0,0,0,211,1470,5
7845,0,0,0,0,0,1,0,0,0,0,0,0
7846,0,1,0,0,0,0,175,237,1,0,0,0
7847,0,3,286,0,0,0,0,0,0,0,0,0
7848,0,1,0,0,0,0,146,15,0,0,0,0
7849,1,79,5,0,0,0,0,0,0,0,0,0
7850,0,0,0,0,0,0,136,132,8,0,0,0
7851,0,0,0,0,0,514,0,0,0,1,443251,0
7852,0,0,0,3,1,33,0,0,0,0,0,0
7853,5,1,6,0,0,0,0,0,0,0,0,0
7854,0,67,21,0,0,0,1,0,0,0,0,0
7855,0,0,0,0,0,498,0,0,0,0,0,0
7856,1,15,0,0,0,0,0,0,0,0,0,0
7857,0,681,4,0,0,0,0,0,0,0,0,0
7858,0,0,0,0,0,0,0,0,0,3,634,0
7859,1,65,17,0,0,0,0,0,0,0,0,0
7860,0,0,0,0,0,3,0,0,0,30,749,1
7861,0,0,0,29,0,64,0,0,0,0,0,0
7862,0,0,0,0,0,0,0,0,0,0,0,0
7863,1,1174,0,0,0,0,10,0,0,0,0,0
7864,0,93,3,0,0,0,0,0,0,0,0,0
7865,0,1,0,0,0,0,176,262,0,0,0,0
7866,0,0,0,0,0,0,1,58,1,0,0,0
7867,0,0,0,1,3,37,0,0,0,0,0,0
7868,0,0,0,7,9,17,0,0,0,0,0,0
7869,0,0,0,0,0,11,0,0,0,1,4143,0
7870,19,710,11,0,0,0,1,0,0,0,0,0
7871,0,0,0,8,35,62,0,0,0,0,0,0
7872,0,0,0,0,2,7,0,0,0,0,0,0
7873,0,0,0,0,0,0,52,194,2,0,0,0
7874,0,0,0,0,0,0,0,0,0,22,350,1
7875,0,0,0,0,0,0,0,0,0,30,202,0
7876,0,0,0,3,0,53,0,0,0,0,0,0
7877,2,274,1,0,0,0,0,0,0,0,0,0
7878,0,0,0,0,17,34,0,0,0,0,0,0
7879,0,0,0,0,0,23,0,0,0,0,0,0
7880,0,191,0,0,0,0,1,0,0,0,0,0
7881,0,869,0,0,0,0,5,0,0,0,0,0
7882,0,0,0,0,1,119,0,0,0,0,0,0
7883,0,4,0,0,0,0,260,1,0,0,0,0
7884,0,0,0,1,0,13,0,0,0,0,0,0
7885,0,0,0,0,1,31,0,0,0,0,0,0
7886,0,499,1,0,0,0,3,0,0,0,0,0
7887,0,0,0,0,0,4,0,0,0,0,0,0
7888,3,112,1,0,0,0,0,0,0,0,0,0
7889,0,0,0,0,0,0,69,8,3,0,0,0
7890,0,0,0,0,0,17,0,0,0,0,0,0
7891,0,0,0,5,17,19,0,1,0,0,0,0
7892,0,0,0,0,1,78,0,0,0,0,2,0
7893,0,0,0,0,0,9,0,0,0,0,0,0
7894,0,0,0,4,2,14,0,0,0,0,0,0
7895,0,0,0,0,0,0,30,2,1,0,0,0
7896,1,12,17,0,0,0,0,0,0,0,0,0
7897,0,0,0,5,3,224,0,0,0,0,0,0
7898,0,0,0,0,0,0,50,26,0,0,0,0
7899,0,0,0,0,0,0,20,105,1,0,0,0
7900,0,0,0,0,0,122,0,0,0,0,0,0
7901,0,16,5,0,0,0,0,0,0,0,0,0
7902,1,101,4,0,0,0,1,0,0,0,0,0
7903,0,437,17,0,0,0,0,0,0,0,0,0
7904,0,0,0,1,15,2,0,0,0,0,0,0
7905,0,0,0,0,0,0,0,0,0,0,561,0
7906,77,30,4,0,0,0,0,0,0,0,0,0
7907,0,0,0,0,0,0,0,0,0,0,0,0
7908,0,11,0,0,0,0,0,0,0,0,0,0
7909,0,1708,1,0,0,0,9,0,0,0,0,0
7910,0,0,0,3,2,0,0,0,0,0,0,0
7911,0,0,0,0,0,0,32,191,5,0,0,0
7912,0,0,0,0,0,139,0,0,0,0,0,0
7913,0,0,0,0,0,0,0,1,0,0,0,0
7914,1,0,9,0,0,0,0,0,0,0,0,0
7915,3,214,45,0,0,0,0,0,0,0,0,0
7916,0,0,0,0,0,0,5,2,3,0,0,0
7917,1,33,25,0,0,0,0,0,0,0,0,0
7918,4,154,30,0,0,0,0,0,0,0,0,0
7919,0,0,0,3,120,622,0,1,0,0,2,0
7920,0,0,0,0,0,0,0,0,0,0,9,0
7921,10,240,11,0,0,0,0,0,0,0,0,0
7922,0,0,0,3,24,2,0,0,0,0,0,0
7923,0,0,0,0,0,0,0,0,0,2,571,5
7924,0,0,0,8,7,113,0,0,0,0,0,0
7925,0,0,0,0,1,0,251,222,0,0,0,0
7926,0,0,0,0,0,948,0,0,0,5,108267,0
7927,6,51,3,0,0,0,0,0,0,0,0,0
7928,0,1,1,0,0,0,0,0,0,0,0,0
7929,1,153,5,0,0,0,0,0,0,0,0,0
7930,6,111,6,0,0,0,0,0,0,0,0,0
7931,0,0,0,11,54,34,0,0,0,0,1,0
7932,0,0,0,0,0,5,0,0,0,0,1075,0
7933,4,710,38,0,0,0,5,0,0,0,0,0
7934,0,0,0,0,0,0,115,65,0,0,0,0
7935,0,0,0,0,0,1,0,0,0,0,226,18
7936,0,1,0,0,42,0,478,4997,143,0,0,0
7937,0,0,0,0,11,2,0,0,0,0,0,0
7938,0,0,0,0,0,0,0,0,0,0,1,2
7939,0,0,0,3,3,229,0,0,0,0,2,0
7940,0,0,0,0,0,0,205,0,1,0,0,0
7941,0,0,0,0,0,3,0,0,0,0,0,0
7942,0,0,0,21,11,820,0,0,0,0,7,0
7943,0,0,0,13,1,2,0,0,0,0,0,0
7944,0,1,0,0,0,0,0,0,0,0,0,0
7945,0,0,0,0,0,29,0,0,0,0,4614,0
7946,0,0,0,0,1,7,0,0,0,0,0,0
7947,0,7,0,0,0,0,0,0,0,0,0,0
7948,0,0,0,0,0,2,0,0,0,0,978,0
7949,3,28,0,0,0,0,0,0,0,0,0,0
7950,0,0,0,0,0,0,0,2,1,0,0,0
7951,0,0,0,0,0,62,0,0,0,0,0,0
7952,0,0,0,0,0,0,0,0,0,0,1,0
7953,0,0,0,0,0,0,0,0,0,0,0,0
7954,0,1,0,0,0,0,174,602,3,0,0,0
7955,0,0,0,0,0,1,0,0,0,20,425,9
7956,0,0,0,2,1,1,0,0,0,0,0,0
7957,0,0,0,13,11,32,0,0,0,0,0,0
7958,0,432,0,0,0,0,2,0,0,0,0,0
7959,0,0,0,0,1,19,0,0,0,0,0,0
7960,0,0,0,0,4,0,25,518,10,0,0,0
7961,0,0,0,0,3,1,0,0,0,0,0,0
7962,0,0,0,0,0,0,14,6,18,0,0,0
7963,0,0,0,0,0,94,0,0,0,0,0,0
7964,0,0,0,0,0,0,0,0,0,2,2,0
7965,5,15,0,0,0,0,0,0,0,0,0,0
7966,0,363,0,0,0,0,1,0,0,0,0,0
7967,0,0,0,0,0,0,0,0,0,55,727,0
7968,0,0,0,0,0,0,0,0,0,10,2,0
7969,0,0,0,3,3,77,0,0,0,0,0,0
7970,5,42,4,0,0,0,0,0,0,0,0,0
7971,0,0,0,0,0,54,0,0,0,0,0,0
7972,0,276,9,0,0,0,0,0,0,0,0,0
7973,0,0,0,0,0,0,0,0,0,24,319,0
7974,0,0,0,3,0,0,0,0,0,0,0,0
7975,0,0,0,0,0,0,162,188,25,0,0,0
7976,0,0,0,0,8,61,0,0,0,0,1,0
7977,0,0,0,1,0,0,0,0,0,0,0,0
7978,0,678,1,0,0,0,4,0,0,0,0,0
7979,0,0,0,0,0,0,0,0,0,124,366,0
7980,0,0,0,0,0,1,0,0,0,0,0,0
7981,2,541,0,0,0,0,0,0,0,0,0,0
7982,0,0,0,0,0,0,71,1,7,0,0,0
7983,0,20,1,0,0,0,0,0,0,0,0,0
7984,0,0,0,10,92,13544,0,0,0,0,88,0
7985,0,0,0,0,0,0,0,0,2,18,1,256
7986,12,167,0,0,0,0,0,0,0,0,0,0
7987,0,2,0,0,2,0,535,857,10,0,0,0
7988,0,0,0,0,0,0,297,17,0,0,0,0
7989,0,0,0,0,0,1,0,0,0,0,174,0
7990,41,228,16,0,0,0,0,0,0,0,0,0
7991,0,0,0,1,5,89,0,0,0,0,0,0
7992,0,0,0,1,0,1,0,0,0,0,0,0
7993,20,67,9,0,0,0,0,0,0,0,0,0
7994,0,0,0,0,0,0,56,166,1,0,0,0
7995,0,0,0,1,10,33,0,0,0,0,0,0
7996,1,0,0,0,0,0,204,225,1,0,0,0
7997,0,0,0,2,26,3,0,0,0,0,0,0
7998,0,0,0,0,0,0,0,0,0,23,155,1
7999,0,0,0,38,8,346,0,0,0,0,1,0
8000,0,0,0,0,0,0,40,11,6,0,0,0
8001,8,251,39,0,0,0,0,0,0,0,0,0
8002,0,0,0,2,3,52,0,0,0,0,0,0
8003,0,1,0,0,12,0,223,672,1,0,0,0
8004,0,0,0,2,24,32,0,0,0,0,0,0
8005,0,0,0,11,7,120,0,0,0,0,2,0
8006,0,1,0,0,0,0,86,50,1,0,0,0
8007,0,0,0,0,0,0,36,3,0,0,0,0
8008,1,0,0,294,12,30,0,0,0,0,0,0
8009,0,0,0,0,0,0,86,6,0,0,0,0
8010,35,319,77,0,0,0,9,0,0,0,0,0
8011,0,0,0,3,8,178,0,0,0,0,1,0
8012,42,39,1,0,0,0,0,0,0,0,0,0
8013,0,0,0,0,0,0,44,20,9,0,1,0
8014,0,0,0,10,5,162,0,0,0,0,1,0
8015,0,4,0,0,0,0,203,16,6,0,0,2
8016,0,0,0,0,0,16,0,0,0,48,3504,4
8017,0,1,0,0,11,0,364,3171,6,0,0,0
8018,0,1,0,0,0,0,326,4,0,0,0,0
8019,9,90,89,0,0,0,0,0,0,1,0,0
8020,22,538,51,0,0,0,0,1,0,0,0,0
8021,0,0,0,0,0,0,73,97,2,0,0,0
8022,0,0,0,0,0,0,0,0,0,0,0,0
8023,0,0,0,19,14,356,0,0,0,0,0,0
8024,0,4,0,0,0,0,180,51,1,0,0,0
8025,0,0,0,0,0,7,0,0,0,2,2171,0
8026,0,0,0,0,0,0,0,0,0,0,0,0
8027,0,0,0,0,0,0,63,516,2,0,0,0
8028,0,0,0,0,2,30,0,0,0,0,0,0
8029,0,0,0,5,0,25,0,0,0,0,0,0
8030,2,0,0,0,0,0,0,0,0,0,0,0
8031,1,1910,0,0,0,0,5,0,0,0,0,0
8032,0,359,0,0,0,0,0,0,0,0,0,0
8033,6,6,5,0,0,0,0,0,0,0,0,0
8034,0,0,0,1,1,9,0,0,0,0,0,0
8035,0,0,0,0,1,0,10,157,3,0,0,0
8036,0,0,0,0,0,34,0,0,0,0,0,0
8037,0,0,0,0,0,3,0,0,0,0,0,0
8038,0,0,0,15,18,77,0,0,0,0,0,0
8039,0,4,0,0,0,0,269,341,2,0,0,0
8040,29,217,48,0,0,0,0,0,0,0,0,0
8041,0,0,0,11,10,869,0,0,0,0,2,0
8042,0,0,0,0,0,0,126,7,1,0,0,0
8043,0,0,0,0,0,1,0,0,0,2,715,0
8044,0,0,0,1,6,50,0,0,0,0,0,0
8045,0,0,0,0,0,23,0,0,0,0,1,0
8046,0,0,0,0,0,0,0,0,0,0,0,0
8047,0,0,0,0,0,68,0,0,0,1,5869,1
8048,0,1,0,0,0,0,416,38,1,0,0,0
8049,0,0,0,1,0,122,0,0,0,0,0,0
8050,0,0,0,0,0,66,0,0,0,0,1,0
8051,2,229,1,0,0,0,1,0,0,0,0,0
8052,10,524,14,0,0,0,0,0,0,0,0,0
8053,0,0,0,10,19,799,0,0,0,0,1,0
8054,1,59,0,0,0,0,0,0,0,0,0,0
8055,0,0,0,0,0,1,0,0,0,7,138,0
8056,0,3,0,0,0,0,607,182,0,0,0,0
8057,0,0,0,0,0,28,0,0,0,0,0,0
8058,0,0,0,4,0,1,0,0,0,0,0,0
8059,0,0,0,0,1,73,0,0,0,0,2,0
8060,0,0,0,3,221,1,0,0,0,0,0,0
8061,0,0,0,0,0,0,0,0,0,0,16,0
8062,8,1504,4,0,0,0,9,0,0,0,0,0
8063,0,0,0,9,27,4,0,0,0,0,0,0
8064,0,0,0,0,0,0,0,0,0,1,247,0
8065,10,24,1,0,0,0,0,0,0,0,0,0
8066,1,9,0,0,0,0,0,0,0,0,0,0
8067,0,0,0,0,0,0,0,0,0,9,219,6
8068,0,0,0,0,7,83,0,0,0,0,0,0
8069,0,0,0,0,2,10,0,0,0,0,0,0
8070,0,0,0,0,0,0,0,0,0,0,0,0
8071,0,0,0,1,0,325,0,0,0,0,0,0
8072,10,264,1,0,0,0,0,0,0,0,0,0
8073,1,648,0,0,0,0,1,0,0,0,0,0
8074,0,0,0,0,0,2,0,0,0,2,707,0
8075,0,0,0,0,0,0,326,36,5,0,0,0
8076,0,0,0,0,0,160,0,0,0,0,0,0
8077,1,75,1,0,0,0,0,0,0,0,0,0
8078,0,0,0,0,0,2,0,0,0,8,1402,3
8079,0,0,0,0,0,0,0,0,0,24,7,0
8080,92,115,7,0,0,0,0,0,0,0,0,0
8081,2,176,19,0,0,0,0,0,0,0,0,0
8082,0,0,0,2,16,206,0,0,0,0,0,0
8083,0,131,0,0,1,0,25444,276,10,0,0,0
8084,0,1,0,0,0,0,910,0,2,0,0,0
8085,1,22,216,0,0,0,0,0,0,0,0,0
8086,10,107,47,0,0,0,0,0,0,0,0,0
8087,1,5,10,0,0,0,0,0,0,0,0,0
8088,7,211,6,0,0,0,0,0,0,0,0,0
8089,0,45,17,0,0,0,0,0,0,0,0,0
8090,0,0,0,0,0,2,0,0,0,134,2996,15
8091,0,0,0,18,1,0,0,0,0,0,0,0
8092,0,0,0,0,0,7,0,0,0,109,4095,24
8093,1,3,2,0,0,0,0,0,0,0,0,0
8094,1,15,4,0,0,0,0,0,0,0,0,0
8095,2,63,7,1,0,0,0,0,0,0,0,0
8096,0,60,18,0,0,0,0,0,0,0,0,0
8097,0,0,0,0,0,0,0,0,0,8,513,0
8098,0,28,1,0,0,0,0,0,0,0,0,0
8099,0,0,0,0,0,0,0,0,0,61,528,0
8100,0,0,0,2,0,1,0,0,0,0,0,0
8101,2,126,0,0,0,0,1,0,0,0,0,0
8102,0,0,0,0,0,0,71,1413,18,0,0,0
8103,0,0,0,0,0,10,0,0,0,0,0,0
8104,0,0,0,62,0,36,0,0,0,0,0,0
8105,0,0,0,0,0,0,96,28,2,0,0,0
8106,0,0,0,0,0,3,0,0,0,1,2294,0
8107,26,146,43,1,0,0,1,0,0,4,0,0
8108,0,18,0,0,0,0,0,0,0,0,0,0
8109,0,0,0,0,0,3,0,0,0,48,1426,7
8110,0,0,0,65,9,2780,0,0,0,0,2,0
8111,0,0,0,0,0,0,66,46,0,0,0,0
8112,0,0,0,0,0,21,0,0,0,3,3144,8
8113,307,280,20,0,0,0,1,0,0,0,0,0
8114,0,0,0,0,0,0,72,2,6,0,0,0
8115,10,66,20,0,0,0,0,0,0,0,0,0
8116,8,77,35,0,0,0,0,0,0,0,0,0
8117,0,1,0,0,0,0,64,266,1,0,0,0
8118,0,0,0,0,0,0,0,0,0,19,1085,0
8119,0,0,0,21,32,225,0,0,0,0,0,0
8120,0,0,0,0,0,0,51,0,75,0,0,0
8121,2,371,251,0,0,0,2,0,0,1,0,0
8122,3,42,14,0,0,0,0,0,0,0,0,0
8123,0,0,0,0,0,1,0,0,0,35,1851,4
8124,0,0,0,0,0,3,0,0,0,0,0,0
8125,0,0,0,18,5,98,0,0,0,0,0,0
8126,0,0,0,0,0,0,67,86,2,0,0,0
8127,0,0,0,0,0,0,0,0,0,31,324,0
8128,38,122,2,0,0,0,0,0,0,0,0,0
8129,0,8,2,0,0,0,0,0,0,0,0,0
8130,1,85,6,0,0,0,0,0,0,0,0,0
8131,0,0,0,0,3,0,193,2711,20,0,0,0
8132,9,78,18,0,0,0,0,0,0,0,0,0
8133,0,78,42,0,0,0,0,0,0,0,0,0
8134,0,0,0,2,3,1105,0,0,0,0,27,0
8135,0,0,0,0,0,0,295,22,1,0,0,0
8136,0,0,0,3,2,36,0,0,0,0,0,0
8137,0,0,0,0,0,0,168,764,8,0,0,0
8138,0,0,0,1,45,41,0,0,0,0,0,0
8139,0,0,0,0,0,38,0,0,0,110,2736,1
8140,0,0,0,0,1,44,0,0,0,103,10135,6
8141,0,0,0,1,49,95,0,0,0,0,0,0
8142,0,0,0,0,0,40,0,0,0,0,0,0
8143,13,58,2,0,0,0,0,0,0,0,0,0
8144,0,0,0,0,0,0,94,96,14,0,0,0
8145,0,33,4,0,0,0,0,0,0,0,0,0
8146,0,0,0,0,0,2,0,0,0,23,716,0
8147,11,32,58,0,0,0,0,0,0,1,0,0
8148,5,55,5,0,0,0,0,0,0,0,0,0
8149,3,0,0,81,11,364,0,0,0,0,3,0
8150,0,4,0,0,0,0,385,3,1,0,0,0
8151,0,0,0,0,0,57,0,0,0,0,0,0
8152,0,0,0,0,0,1,0,0,0,18,485,0
8153,0,0,0,19,37,43,0,0,0,0,0,0
8154,0,0,0,2,0,4,0,0,0,0,0,0
8155,2,384,6,0,0,0,1,0,0,0,0,0
8156,0,0,0,0,166,339,0,1,0,0,1,0
8157,0,0,0,0,0,4,0,0,0,12,333,11
8158,0,0,0,7,19,248,0,0,0,0,0,0
8159,0,85,0,0,0,0,0,0,0,0,0,0
8160,0,0,0,0,0,1,0,0,0,77,282,4
8161,0,0,0,2,8,68,0,0,0,0,0,0
8162,0,0,0,0,2,27,0,0,0,0,0,0
8163,0,0,0,0,2,0,0,0,0,0,0,0
8164,0,0,0,5,2,122,0,0,0,0,0,0
8165,4,169,0,0,0,0,1,0,0,0,0,0
8166,0,0,0,0,0,52,0,0,0,0,0,0
8167,0,0,0,7,3,80,0,0,0,0,0,0
8168,0,0,0,14,35,16,0,0,0,0,0,0
8169,0,0,0,0,1,0,0,0,0,0,248,0
8170,16,844,14,0,0,0,3,0,0,0,0,0
8171,0,11,0,0,0,0,414,13,0,0,0,0
8172,0,0,0,0,0,1,0,0,0,0,308,0
8173,20,98,10,0,0,0,0,0,0,0,0,0
8174,0,0,0,0,0,0,515,43,0,0,0,0
8175,0,0,0,0,0,1,0,0,0,2,630,2
8176,0,0,0,13,38,114,0,0,0,0,0,0
8177,0,0,0,0,0,0,0,0,0,143,3,4
8178,0,0,0,0,0,0,160,0,0,0,0,0
8179,0,1,0,0,3,0,766,4932,46,0,0,0
8180,0,0,0,0,0,0,0,0,0,20,2,2
8181,35,268,7,0,0,0,0,0,0,0,0,0
8182,12,286,84,0,0,0,1,0,0,0,0,0
8183,0,0,0,0,0,0,48,24,1,0,0,0
8184,0,1,0,0,0,0,462,4,1,0,0,0
8185,0,0,0,0,1,0,95,264,2,0,0,0
8186,0,0,0,0,1,47,0,0,0,0,0,0
8187,0,0,0,0,5,39,0,0,0,0,1,0
8188,0,0,0,527,0,47,0,0,0,0,0,0
8189,0,11,0,0,0,0,1507,52,0,0,0,0
8190,0,0,0,0,0,2,0,0,0,0,0,0
8191,0,0,0,10,2,65,0,0,0,0,0,0
8192,0,0,0,0,0,0,1,1,0,0,0,0
8193,1,5,0,0,0,0,0,0,0,0,0,0
8194,0,0,0,0,8,553,0,0,0,0,0,0
8195,0,0,0,4,0,0,0,0,0,0,0,0
8196,0,0,0,0,0,0,0,0,0,0,11,0
8197,13,148,12,0,0,0,0,0,0,0,0,0
8198,0,0,0,0,0,0,0,2,1,0,0,0
8199,0,0,0,0,0,0,0,0,0,0,0,0
8200,0,0,0,0,0,256,0,0,0,0,0,0
8201,0,18,0,0,0,0,111,45,2,0,0,0
8202,0,0,0,0,0,36,0,0,0,0,0,0
8203,10,337,3,0,0,0,3,0,0,0,0,0
8204,0,0,0,0,0,0,4,1,2,0,0,0
8205,0,8,1,0,0,0,0,0,0,0,0,0
8206,94,22,96,2,0,0,0,0,0,0,0,0
8207,0,48,2,0,0,0,1,0,0,0,0,0
8208,0,0,0,0,0,9,0,0,0,58,4419,1
8209,0,0,0,3,0,174,0,0,0,0,0,0
8210,0,0,0,0,0,0,0,0,0,0,0,0
8211,0,32,1,0,0,0,0,0,0,0,0,0
8212,2,70,11,0,0,0,0,0,0,0,0,0
8213,0,0,0,0,0,0,70,45,1,0,0,0
8214,1,37,30,0,0,0,0,0,0,0,0,0
8215,0,0,0,3,3,144,0,0,0,0,0,0
8216,0,0,0,0,0,0,209,47,0,0,0,0
8217,0,0,0,2,0,1,0,0,0,0,0,0
8218,0,0,0,5,3,38,0,0,0,0,0,0
8219,0,1,0,0,1,0,316,121,2,0,0,0
8220,0,0,0,0,1,27,0,0,0,0,0,0
8221,0,0,0,3,1,69,0,0,0,0,0,0
8222,0,0,0,0,0,0,14,0,1,0,0,0
8223,2,76,25,0,0,0,0,0,0,0,0,0
8224,4,62,25,0,0,0,0,0,0,0,0,0
8225,0,0,0,0,0,1,0,0,0,0,0,0
8226,0,0,0,0,0,0,1,0,0,0,0,0
8227,0,0,0,0,20,114,0,0,0,0,3,0
8228,0,0,0,0,0,2,0,0,0,11,424,0
8229,0,0,0,0,0,1,0,0,0,0,0,0
8230,0,0,0,1,0,44,0,0,0,0,0,0
8231,0,2,0,0,0,0,0,0,0,0,0,0
8232,1,45,0,0,0,0,0,0,0,0,0,0
8233,4,64,0,0,0,0,0,0,0,0,0,0
8234,0,0,0,1,6,78,0,0,0,0,0,0
8235,0,0,0,0,1,91,0,0,0,0,0,0
8236,0,0,0,0,0,0,79,33,16,0,0,0
8237,0,0,0,1,3,0,0,0,0,0,0,0
8238,0,0,0,0,0,0,0,0,0,0,1,0
8239,4,104,3,0,0,0,0,0,0,0,0,0
8240,0,0,0,0,0,6,0,0,0,5,2067,0
8241,5,55,0,0,0,0,0,0,0,0,0,0
8242,0,0,0,13,19,303,0,0,0,0,0,0
8243,0,0,0,0,0,0,0,0,0,9,9,1
8244,33,75,0,0,0,0,0,0,0,0,0,0
8245,428,101,47,0,0,0,1,0,0,0,0,0
8246,0,0,0,1,53,3,0,1,0,0,0,0
8247,0,0,0,0,0,103,0,0,0,8,1946,3
8248,0,0,0,87,47,286,0,0,0,0,1,0
8249,0,0,0,0,0,0,6,10,0,0,0,0
8250,0,40,8,0,0,0,1,0,0,0,0,0
8251,0,0,0,0,0,3,0,0,0,5,1251,7
8252,26,248,8,0,0,0,0,0,0,0,0,0
8253,0,0,0,0,1,13,0,0,0,0,0,0
8254,4,144,4,0,0,0,0,0,0,0,0,0
8255,0,0,0,0,0,0,2,0,2,0,0,0
8256,1,17,4,0,0,0,0,0,0,0,0,0
8257,19,24,721,0,0,0,0,0,0,5,0,0
8258,0,0,0,0,1,0,110,408,2,0,0,0
8259,0,0,0,0,0,23,0,0,0,0,0,0
8260,0,0,0,13,0,143,0,0,0,0,1,0
8261,0,0,0,0,0,0,0,0,0,0,0,0
8262,0,0,0,0,0,0,0,0,0,0,40,1
8263,5,0,0,165,36,191,0,0,0,0,0,0
8264,0,0,0,0,15,0,210,2802,1,0,0,0
8265,0,0,0,0,0,0,34,203,0,0,0,0
8266,0,0,0,0,0,3,0,0,0,16,3897,4
8267,0,0,0,0,0,0,3,1,1,0,0,0
8268,0,0,0,0,0,0,0,0,0,0,0,0
8269,0,0,0,0,0,198,0,0,0,0,1,0
8270,1,2,1,0,0,0,0,0,0,0,0,0
8271,0,0,0,0,0,0,0,0,0,0,0,0
8272,0,0,0,0,0,51,0,0,0,0,0,0
8273,0,0,0,4,0,6,0,0,0,0,0,0
8274,0,0,0,0,0,0,49,11,1,0,0,0
8275,0,0,0,1,1,21,0,0,0,0,0,0
8276,2,0,3,0,0,0,0,0,0,0,0,0
8277,0,3,0,0,0,0,0,0,0,0,0,0
8278,0,0,0,0,0,638,0,0,0,0,6,0
8279,1,13,0,0,0,0,0,0,0,0,0,0
8280,0,0,0,0,0,0,0,0,0,0,0,0
8281,0,0,0,0,0,1,0,0,0,0,416,0
8282,0,0,0,0,0,1,0,0,0,0,0,0
8283,1,2,0,0,0,0,0,0,0,0,0,0
8284,0,0,0,0,0,797,0,0,0,0,6,0
8285,2,132,2,0,0,0,0,0,0,0,0,0
8286,0,0,0,0,1,1,0,0,0,0,0,0
8287,0,0,0,0,3,0,27,575,2,0,0,0
8288,0,0,0,0,0,0,0,0,0,4,9,0
8289,0,0,0,0,0,37,0,0,0,0,0,0
8290,0,0,0,0,0,16,0,0,0,60,4263,7
8291,0,0,0,0,0,0,0,0,0,0,0,0
8292,0,0,0,0,0,0,0,0,0,0,1,0
8293,0,0,0,0,0,1,0,0,0,58,3865,11
8294,0,0,0,0,0,1,0,0,0,0,0,0
8295,1,0,0,0,0,0,0,0,0,0,0,0
8296,0,0,0,0,0,509,0,0,0,0,1,0
8297,0,1,3,0,0,0,0,0,0,0,0,0
8298,0,1,2,0,0,0,0,0,0,0,0,0
8299,0,0,0,0,0,8,0,0,0,1,6969,0
8300,1,1,0,0,0,0,0,0,0,0,0,0
8301,0,18,1,0,0,0,0,0,0,0,0,0
8302,0,162,0,0,0,0,0,0,0,0,0,0
8303,0,5,0,0,0,0,848,7,3,0,1,0
8304,0,0,0,0,0,3,0,0,0,0,0,0
8305,0,0,0,67,5,160,0,0,0,0,0,0
8306,0,0,0,0,0,0,6,0,5,0,0,0
8307,2,81,8,0,0,0,1,0,0,0,0,0
8308,11,62,35,0,0,0,0,0,0,0,0,0
8309,8,1,82,0,0,0,0,0,0,0,0,0
8310,1,74,8,0,0,0,0,0,0,0,0,0
8311,0,0,0,0,0,2,0,0,0,47,1107,1
8312,5,1,1,0,0,0,0,0,0,0,0,0
8313,0,0,0,1,1,1,0,0,0,0,0,0
8314,0,1,0,0,0,0,37,11,10,0,0,0
8315,0,268,2,0,0,0,0,0,0,0,0,0
8316,0,0,0,0,0,1,0,0,0,9,859,0
8317,2,55,3,0,0,0,1,0,0,0,0,0
8318,0,0,21,0,0,1,0,0,0,2809,611,4
8319,0,0,0,0,0,0,0,0,0,1,13,0
8320,0,0,0,0,0,1,0,0,0,60,1640,28
8321,0,0,0,0,0,0,0,0,0,1,1,2
8322,0,8,0,0,0,0,515,4,101,0,0,5
8323,0,0,0,6,39,656,0,2,0,0,41,0
8324,0,0,0,0,0,0,0,2,0,0,0,0
8325,0,0,0,0,0,0,0,0,0,0,0,0
8326,0,0,0,0,0,586,0,0,0,0,10046,0
8327,0,0,3,0,0,10,0,0,0,188,1025,3
8328,0,0,0,0,0,0,0,0,0,0,0,0
8329,0,0,0,76,7,568,0,0,0,0,1,0
8330,0,0,0,0,0,0,0,1,0,0,0,0
8331,0,0,0,0,0,0,1,0,1,0,0,0
8332,0,0,0,2,0,23,0,0,0,0,0,0
8333,0,0,0,0,0,0,1,1,1,0,0,0
8334,0,0,0,0,0,6,0,0,0,0,1132,0
8335,0,0,0,7,36,124,0,0,0,0,0,0
8336,0,0,0,4,2,4,0,0,0,0,0,0
8337,0,1,0,0,0,0,3,1,1,0,0,0
8338,0,0,0,0,0,46,0,0,0,0,0,0
8339,2,5,2,0,0,0,0,0,0,0,0,0
8340,0,0,0,0,1,6,0,0,0,0,0,0
8341,4,0,0,112,4,524,0,0,0,0,2,0
8342,0,0,0,0,0,0,21,20,4,0,0,0
8343,9,2,15,0,0,0,0,0,0,0,0,0
8344,0,0,0,0,0,8,0,0,0,3,2332,4
8345,0,0,0,16,1,2,0,0,0,0,0,0
8346,0,0,0,0,0,0,2,4,1,0,0,0
8347,0,0,0,0,0,62,0,0,0,0,0,0
8348,7,112,4,0,0,0,0,0,0,0,0,0
8349,0,123,0,0,0,0,7629,31,4,0,0,0
8350,0,0,0,2,6,56,0,0,0,0,0,0
8351,0,0,0,0,0,0,2,25,0,0,0,0
8352,0,0,0,0,0,3,0,0,0,1,447,0
8353,0,7,0,0,0,0,614,217,0,0,0,0
8354,0,0,0,0,0,0,0,0,1,1,3,82
8355,0,0,0,0,0,0,1,0,0,0,0,0
8356,0,0,0,0,56,217,0,0,0,0,0,0
8357,0,0,0,0,0,1,0,0,0,1,616,1
8358,7,430,0,0,0,0,0,0,0,0,0,0
8359,0,0,0,1,0,139,0,0,0,0,0,0
8360,1,534,0,0,0,0,1,0,0,0,0,0
8361,0,0,0,2,0,0,0,0,0,0,0,0
8362,0,0,0,36,1,61,0,0,0,0,0,0
8363,3,0,10,0,0,0,0,0,0,0,0,0
8364,0,1,0,0,0,0,0,0,0,0,0,0
8365,0,0,0,0,0,164,0,0,0,0,0,0
8366,0,0,0,0,0,0,53,36,1,0,0,0
8367,0,0,0,0,0,4,0,0,0,0,334,1
8368,0,5,0,0,0,0,361,191,4,0,0,0
8369,0,0,0,0,0,0,0,0,0,1,3,0
8370,3,1,1,0,0,0,0,0,0,0,0,0
8371,0,0,0,0,2,3,197,2196,7,0,0,0
8372,0,0,0,0,0,0,166,49,5,0,0,0
8373,0,0,0,0,0,4,0,0,0,0,0,0
8374,37,437,11,0,0,0,3,0,0,0,0,0
8375,0,0,0,0,0,0,2,3,1,0,0,0
8376,0,0,0,0,0,0,0,0,0,0,1,0
8377,9,20,9,0,0,0,0,0,0,0,0,0
8378,0,0,0,0,0,0,0,0,0,0,0,0
8379,0,201,0,0,0,0,0,0,0,0,0,0
8380,0,299,2,0,0,0,2,0,0,0,0,0
8381,2,108,0,0,0,0,0,0,0,0,0,0
8382,0,0,0,0,0,0,3,79,0,0,0,0
8383,0,0,0,0,1,282,0,0,0,0,1,0
8384,0,0,0,0,0,0,0,0,0,4,4,0
8385,0,0,0,0,0,0,0,0,0,0,0,0
8386,0,0,0,0,0,9,0,0,0,0,1865,0
8387,3,16,1,0,0,0,0,0,0,0,0,0
8388,1,33,1,0,0,0,0,0,0,0,0,0
8389,0,0,0,0,0,28,0,0,0,2,4093,0
8390,0,91,6,0,0,0,1,0,0,0,0,0
8391,0,0,0,0,0,15,0,0,0,0,0,0
8392,1,0,0,140,12,287,0,0,0,0,2,0
8393,0,116,1,0,0,0,227132,28,1,0,0,0
8394,0,0,0,0,0,0,0,0,0,1,455,0
8395,0,0,0,7,137,155,0,0,0,0,0,0
8396,0,0,0,2,0,14,0,0,0,0,0,0
8397,0,0,0,0,0,3,0,0,0,0,0,0
8398,0,0,0,0,0,0,125,3,0,0,0,0
8399,0,179,0,0,0,0,0,0,0,0,0,0
8400,0,0,0,0,3,118,0,0,0,0,0,0
8401,13,0,3,0,0,0,0,0,0,0,0,0
8402,0,0,0,0,0,1,0,0,0,0,0,0
8403,0,0,0,0,0,0,0,3,2,0,0,0
8404,0,0,0,0,0,0,0,2,0,0,0,0
8405,4,1,31,0,0,0,0,0,0,0,0,0
8406,0,6,0,0,0,0,0,0,0,0,0,0
8407,0,0,0,0,0,13,0,0,0,3,3119,0
8408,0,1,0,0,0,0,373,89,1,0,0,0
8409,0,0,0,0,1,32,0,0,0,0,0,0
8410,0,0,0,6,26,184,0,14,0,0,0,0
8411,1,1,0,0,0,0,0,0,0,0,0,0
8412,6,68,0,0,0,0,0,0,0,0,0,0
8413,7,137,7,0,0,0,0,0,0,0,0,0
8414,0,1,0,0,0,0,69,3,4,0,0,0
8415,2,2,15,0,0,0,0,0,0,0,0,0
8416,0,0,0,1,0,131,0,0,0,0,1,0
8417,0,0,0,0,0,2,0,0,0,0,0,0
8418,0,0,0,1,0,2,0,0,0,0,0,0
8419,0,0,0,0,0,65,0,0,0,3,407,0
8420,12,225,8,0,0,0,1,0,0,0,0,0
8421,0,0,0,2,28,41,0,0,0,0,0,0
8422,0,0,0,0,0,0,72,11,0,0,0,0
8423,0,0,0,1,40,2,0,0,0,0,0,0
8424,0,0,0,0,0,0,0,0,0,1,5,0
8425,51,260,25,0,0,0,1,0,0,0,0,0
8426,0,0,0,4,4,73,0,0,0,0,0,0
8427,0,0,0,0,0,1,0,0,0,0,0,0
8428,0,1,0,0,0,0,162,4,2,0,0,0
8429,0,0,0,0,0,0,0,0,0,0,0,0
8430,0,0,0,0,0,0,0,0,0,1,7,0
8431,0,0,0,21,9,144,0,0,0,0,1,0
8432,0,0,0,0,0,0,3,3,2,0,0,0
8433,0,2,0,0,0,0,0,0,0,0,0,0
8434,1,108,1,0,0,0,0,0,0,0,0,0
8435,0,0,0,0,0,0,0,0,0,30,2,0
8436,11,56,0,0,0,0,0,0,0,0,0,0
8437,2,43,11,0,0,0,0,0,0,0,0,0
8438,0,0,0,0,0,0,0,0,0,1,259,0
8439,0,0,0,2,0,0,0,0,0,0,0,0
8440,1,125,1,0,0,0,0,0,0,0,0,0
8441,0,0,0,0,0,0,0,0,0,57,0,0
8442,0,0,0,0,0,0,102,2,0,0,0,0
8443,1,64,46,0,0,0,0,0,0,0,0,0
8444,0,0,0,0,0,0,0,0,0,0,0,0
8445,0,24,0,0,0,0,0,0,0,0,0,0
8446,0,99,0,0,0,0,3,0,0,0,0,0
8447,0,0,0,0,0,0,0,0,0,52,4,0
8448,1,22,0,0,0,0,0,0,0,0,0,0
8449,0,61,21,0,0,0,0,0,0,1,0,0
8450,0,294,11,0,0,0,2,0,0,0,0,0
8451,0,0,0,2,0,0,0,0,0,0,0,0
8452,0,40,2,0,0,0,0,0,0,0,0,0
8453,0,0,0,0,0,0,0,0,0,3,122,0
8454,0,0,0,0,0,0,191,2,0,0,0,0
8455,0,0,0,1,0,13,0,0,0,0,0,0
8456,15,838,45,0,0,0,1,0,0,0,0,0
8457,0,0,0,0,0,0,53,63,1,0,0,0
8458,0,0,0,3,5,142,0,0,0,0,1,0
8459,0,0,0,0,0,0,1,26,3,0,0,0
8460,0,0,0,0,0,0,0,0,0,13,8,0
8461,0,0,0,7,1,65,0,0,0,0,0,0
8462,0,0,0,0,0,0,2,26,2,0,0,0
8463,0,0,0,0,0,0,0,0,0,1,5,1
8464,0,0,0,15,0,231,0,0,0,0,1,0
8465,1,0,0,0,0,0,0,0,0,0,0,0
8466,1,38,0,0,0,0,0,0,0,0,0,0
8467,7,43,1,0,0,0,0,0,0,0,0,0
8468,0,0,0,0,0,0,0,0,0,0,0,0
8469,0,23,0,0,0,0,0,0,0,0,0,0
8470,0,0,0,0,0,0,45,1,0,0,0,0
8471,6,2,17,0,0,0,0,0,0,0,0,0
8472,0,60,7,0,0,0,0,0,0,0,0,0
8473,0,0,0,0,0,923,0,0,0,0,2,0
8474,1,0,0,0,0,0,0,0,0,0,0,0
8475,0,57,24,0,0,0,0,0,0,0,0,0
8476,0,0,0,0,0,5,0,0,0,8,596,0
8477,0,0,0,6,35,46,0,0,0,0,0,0
8478,0,0,0,1,0,2,0,0,0,0,0,0
8479,2,206,0,0,0,0,3,0,0,0,0,0
8480,0,0,0,0,0,3,0,0,0,50,1526,0
8481,0,0,0,0,0,2,0,0,0,48,748,0
8482,0,0,0,1,39,64,0,0,0,0,0,0
8483,0,0,0,10,0,71,0,0,0,0,0,0
8484,0,0,0,0,0,1,0,0,0,0,0,0
8485,0,0,0,2,0,78,0,0,0,0,0,0
8486,2,29,0,0,0,0,0,0,0,0,0,0
8487,1,41,0,0,0,0,0,0,0,0,0,0
8488,0,0,0,0,0,0,1303,7,0,0,0,0
8489,0,0,0,0,3,11,0,0,0,0,0,0
8490,0,0,0,0,0,3,0,0,0,0,0,0
8491,0,1,0,0,0,0,118,1,0,0,0,0
8492,0,0,0,0,0,0,0,0,0,0,0,0
8493,0,0,0,0,0,0,0,0,0,1,3,0
8494,13,118,8,0,0,0,3,0,0,0,0,0
8495,0,0,0,4,152,2,0,2,0,0,0,0
8496,0,0,0,0,0,0,0,3,0,0,0,0
8497,0,0,0,0,0,120,0,0,0,0,0,0
8498,0,0,0,0,2,0,174,12,0,0,0,0
8499,0,0,0,0,0,0,0,0,0,1,492,1
8500,38,113,13,0,0,0,0,0,0,0,0,0
8501,0,171,8,0,0,0,0,0,0,0,0,0
8502,0,0,0,0,0,0,0,0,3,27,650,496
8503,0,0,0,2,0,144,0,0,0,0,1,0
8504,0,0,0,0,0,0,0,0,0,0,0,0
8505,0,0,0,0,0,0,0,0,0,3,16,0
8506,0,0,0,0,0,33,0,0,0,0,0,0
8507,0,0,9,0,0,0,0,0,0,0,0,0
8508,0,0,0,0,0,0,38,1,1,0,0,0
8509,1,51,0,0,0,0,0,0,0,0,0,0
8510,0,0,0,0,0,0,0,0,0,1,2,1
8511,0,0,0,0,0,0,0,0,0,0,0,0
8512,3,1616,0,0,0,0,4,0,0,0,0,0
8513,0,0,0,0,0,0,216,79,44,0,0,0
8514,0,0,0,0,0,1,0,0,0,0,0,0
8515,0,0,0,2,4,28,0,0,0,0,0,0
8516,0,0,0,0,0,0,147,148,0,0,0,0
8517,0,0,0,0,0,4,0,0,0,0,0,0
8518,0,0,0,0,0,31,0,0,0,0,0,0
8519,6,38,0,0,0,0,0,0,0,0,0,0
8520,2,191,18,0,0,0,2,0,0,0,0,0
8521,0,0,0,0,0,216,0,0,0,0,3,0
8522,0,0,0,0,0,0,52,3,0,0,0,0
8523,0,0,0,0,0,5,0,0,0,0,0,0
8524,0,0,0,13,0,79,0,0,0,0,0,0
8525,0,0,0,0,0,0,271,84,2,0,0,0
8526,0,0,0,0,0,3,0,0,0,0,0,0
8527,22,143,0,0,0,0,1,0,0,0,0,0
8528,1,125,1,0,0,0,1,0,0,0,0,0
8529,0,0,0,0,0,0,0,0,0,2,1,1
8530,9,98,0,0,0,0,0,0,0,0,0,0
8531,0,106,0,0,0,0,0,0,0,0,0,0
8532,0,0,0,0,0,0,0,0,0,0,35,0
8533,6,193,1,0,0,0,3,0,0,0,0,0
8534,1,0,2,0,0,0,0,0,0,0,0,0
8535,2,43,2,0,0,0,0,0,0,0,0,0
8536,0,0,0,0,0,0,144,15,1,0,0,0
8537,2,160,53,0,0,0,0,0,0,0,0,0
8538,0,0,0,1,0,1,0,0,0,0,0,0
8539,4,39,1,0,0,0,0,0,0,0,0,0
8540,0,0,0,0,0,0,530,46,3,0,0,0
8541,0,0,0,0,0,2,0,0,0,2,929,0
8542,6,105,51,0,0,0,0,0,0,1,0,0
8543,0,0,0,0,0,3,0,0,0,1,91,0
8544,0,0,0,1,0,0,0,0,0,0,0,0
8545,0,0,0,13,1,44,0,0,0,0,0,0
8546,1,2,0,0,0,0,0,0,0,0,0,0
8547,63,298,3,1,0,0,1,0,0,0,0,0
8548,0,2,0,0,2,0,376,485,3,0,0,0
8549,0,0,0,0,0,0,5,2,0,0,0,0
8550,0,0,0,0,0,0,0,3,0,0,0,0
8551,0,0,0,12,10,148,0,0,0,0,0,0
8552,0,0,0,0,0,0,0,3,2,0,0,0
8553,0,0,0,0,0,0,1,3,0,0,0,0
8554,0,0,0,2,0,40,0,0,0,0,0,0
8555,0,8,0,0,0,0,0,0,0,0,0,0
8556,1,24,11,0,0,0,0,0,0,0,0,0
8557,3,48,30,0,0,0,0,0,0,0,0,0
8558,25,150,20,0,0,0,3,0,0,1,0,0
8559,0,0,0,40,48,25,0,0,0,0,0,0
8560,0,0,0,4,2,39,0,0,0,0,0,0
8561,0,1,0,0,3,1,348,8205,1,0,0,0
8562,0,0,0,1,14,69,0,0,0,0,0,0
8563,0,0,0,0,0,17,0,0,0,0,0,0
8564,2,87,2,0,0,0,2,0,0,0,0,0
8565,5,64,9,0,0,0,1,0,0,0,0,0
8566,0,0,0,1,4,2338,0,0,0,0,6,0
8567,43,62,0,0,0,0,0,0,0,0,0,0
8568,3,62,48,0,0,0,0,0,0,0,0,0
8569,0,0,0,5,23,46,0,0,0,0,0,0
8570,0,0,0,32,4,19,0,0,0,0,0,0
8571,0,0,0,0,0,0,2,22,1,0,0,0
8572,0,0,0,0,5,0,0,2029,5,0,0,0
8573,0,0,0,3,0,14,0,0,0,0,0,0
8574,0,0,0,0,2,54,0,0,0,0,0,0
8575,0,0,0,0,0,0,45,18,2,0,0,0
8576,0,70,213,0,0,0,1,0,0,0,0,0
8577,4,36,120,0,0,0,0,0,0,1,0,0
8578,0,1,0,0,0,0,328,476,1,0,0,0
8579,0,0,0,0,0,0,0,0,0,4,1,1
8580,19,58,12,0,0,0,0,0,0,0,0,0
8581,0,0,0,0,0,0,40,112,0,0,0,0
8582,0,0,0,0,0,121,0,0,0,0,0,0
8583,0,0,0,2,0,27,0,0,0,0,0,0
8584,1,192,1,0,0,0,3,0,0,0,0,0
8585,4,46,10,0,0,0,0,0,0,0,0,0
8586,0,0,0,0,6,23,0,0,0,0,0,0
8587,0,0,0,0,0,34,0,0,0,0,0,0
8588,2,156,1,0,0,0,0,0,0,0,0,0
8589,4,10,1,0,0,0,0,0,0,0,0,0
8590,3,654,7,0,0,0,1,0,0,0,0,0
8591,0,1,0,0,6,0,258,636,1,0,0,0
8592,0,0,0,0,16,40,0,0,0,0,0,0
8593,0,0,0,0,0,2376,0,0,0,0,30,0
8594,0,113,2,0,0,0,0,0,0,0,0,0
8595,0,0,0,0,0,5,0,0,0,21,1043,0
8596,2,40,4,0,0,0,0,0,0,0,0,0
8597,0,1,12,0,0,3,0,0,0,888,748,2
8598,0,0,0,0,5,9,0,0,0,0,0,0
8599,0,0,0,11,1,148,0,0,0,0,0,0
8600,0,0,0,0,1,0,265,411,6,0,0,0
8601,0,0,0,5,7,94,0,0,0,0,0,0
8602,0,0,0,0,0,0,166,335,35,0,0,0
8603,0,0,0,16,5,16093,0,0,0,0,325,0
8604,0,0,0,3,10,1601,0,0,0,0,10,0
8605,0,0,0,0,0,4,0,0,0,30,733,0
8606,0,0,0,0,0,3,0,0,0,63,569,4
8607,0,0,0,2,0,53,0,0,0,0,0,0
8608,0,0,0,9,15,377,0,0,0,0,3,0
8609,0,0,0,3,6,46,0,0,0,0,0,0
8610,0,0,0,0,26,60,0,0,0,0,0,0
8611,0,0,0,10,0,26,0,0,0,0,0,0
8612,0,0,0,0,14,0,113,973,1,0,0,0
8613,0,0,0,0,25,25,0,0,0,0,1,0
8614,2,0,0,34,6,132,0,0,0,0,1,0
8615,0,0,0,0,1,0,210,103,1,0,0,0
8616,0,0,0,0,0,0,0,0,0,3,333,1
8617,2,0,0,107,3,85,0,0,0,0,0,0
8618,0,3,0,0,0,0,434,63,0,0,0,0
8619,0,0,0,0,0,3,0,0,0,3,1908,8
8620,0,0,0,5,10,78,0,0,0,0,0,0
8621,8,414,5,0,0,0,0,0,0,0,0,0
8622,0,0,0,0,8,600,0,0,0,0,2,0
8623,0,0,0,6,0,67,0,0,0,0,0,0
8624,0,0,0,4,9,25,0,0,0,0,0,0
8625,0,0,0,4,12,41,0,0,0,0,0,0
8626,0,0,0,0,0,10,0,0,0,35,2334,2
8627,0,0,0,0,0,22,0,0,0,0,0,0
8628,1,67,5,0,0,0,0,0,0,0,0,0
8629,0,0,0,0,0,144,0,0,0,0,0,0
8630,0,0,0,0,9,14,0,0,0,0,0,0
8631,0,0,0,9,0,7,0,0,0,0,0,0
8632,5,104,9,0,0,0,0,0,0,0,0,0
8633,3,74,161,0,0,0,0,0,0,0,0,0
8634,0,0,0,1,0,921,0,0,0,0,2,0
8635,1,38,2,0,0,0,0,0,0,0,0,0
8636,3,248,6,0,0,0,1,0,0,0,0,0
8637,0,0,0,0,0,5,0,0,0,29,774,1
8638,3,25,0,0,0,0,0,0,0,0,0,0
8639,0,0,0,0,0,4,0,0,0,44,468,0
8640,0,0,1,0,0,2,0,0,0,111,220,0
8641,0,0,0,306,36,124,0,1,0,0,2,0
8642,0,1,0,0,0,0,278,55,1,0,0,0
8643,0,0,0,0,6,109,0,0,0,0,2,0
8644,0,0,0,23,12,236,0,0,0,0,9,0
8645,0,0,0,0,0,15,0,0,0,15,1136,1
8646,1,5,1,0,0,0,0,0,0,0,0,0
8647,0,0,0,4,3,219,0,0,0,0,4,0
8648,0,0,0,0,0,0,70,35,1,0,0,0
8649,0,0,0,4,33,166,0,0,0,0,0,0
8650,0,0,0,0,0,3,0,0,0,35,485,0
8651,16,508,118,0,0,0,4,0,0,10,0,0
8652,0,0,0,3,3,265,0,0,0,0,1,0
8653,0,0,0,0,3,0,201,1528,376,0,0,1
8654,0,0,0,0,3,8,0,0,0,0,0,0
8655,0,0,0,0,0,73,0,0,0,20,5974,1
8656,0,0,0,4,1,769,0,0,0,0,16,0
8657,1,17,3,0,0,0,0,0,0,0,0,0
8658,5,1495,5,0,0,0,270,0,0,0,0,0
8659,2,181,11,0,0,0,2,0,0,0,0,0
8660,0,0,0,0,0,10,0,0,0,14,3036,9
8661,2,52,2,0,0,0,0,0,0,0,0,0
8662,5,0,0,37,0,331,0,0,0,0,0,0
8663,4,22,1,0,0,0,0,0,0,0,0,0
8664,0,0,0,0,0,4,0,0,0,67,1700,3
8665,0,0,0,20,47,101,0,0,0,0,1,0
8666,0,0,0,0,0,0,46,5,1,0,0,0
8667,0,67,43,0,0,0,0,0,0,0,0,0
8668,0,0,1,0,0,3,0,0,0,86,831,3
8669,0,0,0,119,20,93,0,0,0,0,0,0
8670,0,0,0,5,1,39,0,0,0,0,0,0
8671,0,0,0,37,8,39,0,0,0,0,0,0
8672,0,0,0,2,60,66,0,0,0,0,0,0
8673,0,0,0,0,0,1,0,0,0,0,729,0
8674,13,34,90,0,0,0,0,0,0,0,0,0
8675,2,35,102,0,0,0,0,0,0,0,0,0
8676,0,0,0,0,0,0,24,135,7,0,0,0
8677,0,0,0,0,6,387,0,0,0,0,0,0
8678,0,0,0,0,0,0,3,2,0,0,0,0
8679,50,52,45,1,0,0,1,0,0,0,0,0
8680,1,67,36,0,0,0,0,0,0,0,0,0
8681,6,293,14,0,0,0,3,0,0,0,0,0
8682,0,0,0,3,5,247,0,0,0,0,0,0
8683,0,0,0,0,0,5,0,0,0,4,4164,0
8684,5,150,16,0,0,0,9,0,0,0,0,0
8685,0,0,0,0,0,13,0,0,0,0,0,0
8686,2,22,2,0,0,0,0,0,0,0,0,0
8687,0,0,0,0,0,0,20,0,1,0,0,0
8688,0,0,0,0,0,0,36,29,0,0,0,0
8689,3,373,30,0,0,0,0,0,0,1,0,0
8690,0,0,0,0,1,2,0,0,0,0,0,0
8691,11,0,0,0,0,0,0,0,0,0,0,0
8692,0,0,0,0,0,8,0,0,0,0,624,1
8693,2,0,1,0,0,0,0,0,0,0,0,0
8694,5,114,0,0,0,0,0,0,0,0,0,0
8695,0,2,0,0,0,0,203,18,0,0,0,0
8696,0,2,0,0,0,0,84,13,0,0,0,0
8697,0,0,0,0,0,3,0,0,0,0,704,1
8698,0,0,0,4,0,77,0,0,0,0,0,0
8699,16,276,0,0,0,0,1,0,0,0,0,0
8700,0,0,0,1,0,4,0,0,0,0,0,0
8701,0,0,0,74,1,175,0,0,0,0,1,0
8702,0,0,0,0,0,0,4,6,0,0,0,0
8703,14,36,127,0,0,0,0,0,0,0,0,0
8704,0,0,0,29,7,1520,0,0,0,0,39,0
8705,0,0,0,0,0,0,222,16,1,0,0,0
8706,0,0,0,0,0,0,36,5,5,0,0,0
8707,0,0,0,1,1,613,0,0,0,0,6,0
8708,0,0,0,0,0,0,4,47,1,0,0,0
8709,0,0,0,0,0,0,2,4,1,0,0,0
8710,0,0,0,0,0,84,0,0,0,0,0,0
8711,0,7,0,0,0,0,220,68,0,0,0,0
8712,0,0,0,0,0,113,0,0,0,0,1,0
8713,0,0,0,0,0,2,0,0,0,14,474,8
8714,1,4,1,0,0,0,0,0,0,0,0,0
8715,0,0,0,0,0,1,0,0,0,1,260,0
8716,0,0,0,5,23,97,0,1,0,0,0,0
8717,0,0,0,0,0,0,0,0,0,10,254,0
8718,0,1,0,0,0,0,118,47,1,0,0,0
8719,0,0,0,3,14,135,0,0,0,0,0,0
8720,0,0,0,0,0,0,98,19,0,0,0,0
8721,0,17,1,0,0,0,0,0,0,0,0,0
8722,0,0,0,0,0,6,0,0,0,13,521,0
8723,2,170,8,0,0,0,2,0,0,0,0,0
8724,0,0,0,0,0,7,0,0,0,0,0,0
8725,5,16,2,0,0,0,0,0,0,0,0,0
8726,0,2,0,0,0,0,194,34,0,0,0,0
8727,0,0,0,0,0,0,0,0,0,42,356,0
8728,26,156,38,1,0,0,1,0,0,0,0,0
8729,0,0,0,8,200,294,0,1,0,0,2,0
8730,0,0,0,0,0,0,0,0,0,14,494,1
8731,0,0,0,145,1,148,0,0,0,0,0,0
8732,3,21,0,0,0,0,0,0,0,0,0,0
8733,0,0,0,0,0,12,0,0,0,16,2834,0
8734,6,201,0,0,0,0,3,0,0,0,0,0
8735,0,0,0,0,0,0,16,3,0,0,0,0
8736,0,21,25,0,0,0,0,0,0,0,0,0
8737,0,0,0,0,8,2215,0,0,0,0,11,0
8738,1,100,0,0,0,0,0,0,0,0,0,0
8739,0,0,0,0,0,4,0,0,0,42,517,3
8740,0,0,0,4,30,16,0,0,0,0,0,0
8741,0,0,0,1,0,2,0,0,0,0,0,0
8742,0,0,0,0,0,0,0,0,0,0,0,0
8743,0,0,0,0,3,358,0,0,0,0,0,0
8744,0,0,0,1,0,44,0,0,0,0,0,0
8745,0,0,0,0,0,1,0,0,0,0,0,0
8746,1,0,0,19,2,47,0,0,0,0,0,0
8747,0,7,0,0,1,0,657,366,2,0,0,0
8748,0,0,0,0,0,3,0,0,0,3,1206,0
8749,0,0,0,4,123,94,0,0,0,0,0,0
8750,1,5,0,0,0,0,0,0,0,0,0,0
8751,10,35,2,0,0,0,0,0,0,0,0,0
8752,0,0,0,0,0,81,0,0,0,1,7734,0
8753,0,0,0,0,0,0,0,0,0,0,0,0
8754,0,1,1,0,0,0,0,0,0,0,0,0
8755,0,65,0,0,0,0,0,0,0,0,0,0
8756,0,0,0,0,0,1,0,0,0,14,1205,1
8757,25,92,0,0,0,0,1,0,0,0,0,0
8758,0,0,0,5,3,287,0,0,0,0,0,0
8759,0,1,0,0,1,0,119,432,1,0,0,0
8760,0,0,0,0,0,4,0,0,0,48,975,0
8761,1,0,0,60,197,48,0,3,0,0,1,0
8762,0,3,0,0,0,0,457,21,4,0,0,0
8763,2,489,36,0,0,0,2,0,0,0,0,0
8764,0,0,0,6,16,392,0,0,0,0,3,0
8765,0,0,0,0,3,1,0,0,0,0,0,0
8766,0,0,0,1,1,2,0,0,0,0,0,0
8767,0,0,0,1,0,188,0,0,0,0,1,0
8768,0,0,0,0,1,0,21,586,1,0,0,0
8769,2,35,14,0,0,0,0,0,0,0,0,0
8770,0,0,0,0,0,3,0,0,0,7,989,1
8771,2,94,12,0,0,0,0,0,0,0,0,0
8772,0,0,0,0,0,14,0,0,0,12,3402,6
8773,19,227,14,0,0,0,2,0,0,0,0,0
8774,0,0,0,1,3,6,0,0,0,0,0,0
8775,0,0,0,0,0,0,2,8,0,0,0,0
8776,0,0,0,0,0,0,1,3,0,0,0,0
8777,0,0,0,1,1,52,0,0,0,0,0,0
8778,0,0,0,4,0,6,0,0,0,0,0,0
8779,0,0,0,2,1,39,0,0,0,0,0,0
8780,1,144,34,0,0,0,0,0,0,0,0,0
8781,0,18,0,0,0,0,2328,13,6,0,0,0
8782,0,0,0,0,0,50,0,0,0,11,5929,0
8783,0,0,0,0,0,0,0,0,0,33,0,3
8784,14,142,0,1,0,0,0,0,0,0,0,0
8785,0,0,0,0,1,0,183,55,2,0,0,0
8786,0,0,0,0,0,0,0,0,0,22,101,0
8787,0,0,0,0,0,0,312,26,0,0,0,0
8788,0,0,0,11,8,198,0,0,0,0,1,0
8789,0,0,0,0,0,0,32,6,0,0,0,0
8790,0,0,0,0,0,0,0,0,0,0,0,0
8791,0,0,0,76,4,52,0,0,0,0,0,0
8792,0,0,0,0,0,0,53,20,0,0,0,0
8793,0,0,0,0,1,0,5,154,0,0,0,0
8794,0,0,0,0,1,34,0,0,0,0,0,0
8795,46,607,0,0,0,0,0,0,0,0,0,0
8796,0,0,0,0,1,0,0,416,1,0,0,0
8797,0,0,0,0,1,8,0,0,0,0,0,0
8798,0,0,0,0,0,10,0,0,0,0,0,0
8799,3,36,0,0,0,0,0,0,0,0,0,0
8800,0,0,0,0,0,580,0,0,0,0,6,0
8801,1,84,0,0,0,0,0,0,0,0,0,0
8802,0,0,0,0,0,39,0,0,0,14,3644,1
8803,0,0,0,0,0,89,0,0,0,0,0,0
8804,3,21,0,0,0,0,0,0,0,0,0,0
8805,0,200,49,0,0,0,29,0,0,0,0,0
8806,0,0,0,6,2,400,0,0,0,0,2,0
8807,0,0,0,0,0,0,42,3,3,0,0,0
8808,3,80,30,0,0,0,0,0,0,0,0,0
8809,0,0,0,0,0,94,0,0,0,153,7990,0
8810,0,137,1,0,0,0,3,0,0,0,0,0
8811,5,125,0,0,0,0,0,0,0,0,0,0
8812,16,474,18,1,0,0,1,0,0,0,0,0
8813,0,1,0,0,1,0,88,299,3,0,0,0
8814,0,0,1,0,0,0,0,0,0,63,924,5
8815,0,0,0,9,55,116,0,0,0,0,0,0
8816,0,0,0,1,2,0,0,0,0,0,0,0
8817,0,0,0,0,0,0,0,4,6,0,0,0
8818,0,0,0,0,0,18,0,0,0,0,1901,0
8819,0,0,0,0,0,2,0,0,0,4,347,5
8820,0,0,0,0,0,0,0,0,0,0,11,0
8821,163,694,44,0,0,0,5,1,0,0,0,0
8822,0,0,0,0,17,187,0,0,0,0,0,0
8823,0,0,0,0,1,26,0,0,0,0,0,0
8824,0,0,0,0,0,0,66,2,2,0,0,0
8825,1,489,36,0,0,0,3,0,0,0,0,0
8826,0,0,0,1,3,41,0,0,0,0,0,0
8827,0,0,0,0,0,0,0,0,0,0,0,0
8828,0,0,0,0,0,0,0,0,0,0,0,0
8829,0,0,0,0,0,222,0,0,1,481,22260,12
8830,1,0,0,136,6,134,0,0,0,0,0,0
8831,0,0,0,0,0,0,23,24,4,0,0,0
8832,0,0,0,0,0,0,0,0,0,0,914,0
8833,126,63,283,9,0,0,0,0,0,11,0,0
8834,0,1,0,0,0,0,118,66,7,0,0,0
8835,0,0,0,0,0,0,0,0,0,0,0,0
8836,0,0,0,0,0,4,0,0,0,2,958,3
8837,6,170,15,0,0,0,1,0,0,0,0,0
8838,0,0,0,3,0,360,0,0,0,0,0,0
8839,20,30,0,0,0,0,1,0,0,0,0,0
8840,9,73,0,0,0,0,0,0,0,0,0,0
8841,0,0,0,0,0,6,0,0,0,0,1431,0
8842,11,183,46,0,0,0,5,0,0,0,0,0
8843,0,114,212,0,0,0,0,0,0,2,0,0
8844,0,0,0,0,1,0,78,198,12,0,0,0
8845,12,285,25,0,0,0,1,0,0,0,0,0
8846,0,1,0,0,0,0,87,1,2,0,0,0
8847,0,1,1,0,0,0,0,0,0,0,0,0
8848,142,226,17,3,0,0,1,0,0,0,0,0
8849,0,7,0,0,6,0,679,239,6,0,0,0
8850,0,0,0,4,7,57,0,0,0,0,0,0
8851,0,0,0,0,0,0,158,194,0,0,0,0
8852,0,0,0,0,0,0,33,0,0,0,0,0
8853,0,0,0,0,0,0,45,12,0,0,0,0
8854,0,0,0,2,8,292,0,0,0,0,1,0
8855,0,0,0,18,7,268,0,0,0,0,0,0
8856,1,0,0,21,13,35,0,0,0,0,1,0
8857,1,0,0,21,3,50,0,0,0,0,0,0
8858,0,0,0,0,0,0,232,12,0,0,0,0
8859,0,0,0,0,0,6,0,0,0,0,0,0
8860,0,0,0,0,0,48,0,0,0,61,791,0
8861,0,5,0,0,0,0,1271,126,0,0,0,0
8862,0,0,0,4,1,52,0,0,0,0,0,0
8863,0,5,0,0,1,0,584,217,2,0,0,0
8864,0,0,0,0,0,0,0,0,0,3,2,5
8865,0,0,0,0,0,0,0,0,0,1,0,1
8866,0,0,0,48,6,221,0,0,0,0,0,0
8867,0,1,0,0,0,0,664,29,2,0,0,0
8868,0,0,0,0,0,0,27,3,0,0,0,0
8869,0,0,0,2,4,412,0,0,0,0,1,0
8870,0,0,0,8,9,129,0,0,0,0,0,0
8871,0,0,0,1,11,31,0,0,0,0,0,0
8872,0,1,0,0,5,0,131,486,21,0,0,0
8873,0,0,0,0,0,0,0,0,0,15,48,3
8874,0,0,0,0,0,0,0,0,0,0,5,0
8875,1,0,0,346,22,78,0,0,0,0,0,0
8876,0,0,0,0,0,0,89,58,3,0,0,0
8877,0,0,0,0,0,0,0,68,1,0,0,0
8878,0,0,0,0,0,3,0,0,0,38,2225,2
8879,14,191,2,0,0,0,2,0,0,0,0,0
8880,0,0,0,0,0,6,0,0,0,13,1913,0
8881,0,5,0,0,1,0,398,63,0,0,0,0
8882,8,140,86,0,0,0,3,0,0,1,0,0
8883,0,0,0,0,0,111,0,0,0,0,0,0
8884,6,592,6,0,0,0,0,0,0,0,0,0
8885,0,0,0,21,10,636,0,0,0,0,2,0
8886,0,0,0,0,0,0,0,0,0,0,0,0
8887,0,0,0,0,0,0,0,0,0,0,0,0
8888,0,0,0,0,0,1,0,0,0,42,115,33
8889,0,0,0,0,0,0,529,9,2,0,0,0
8890,0,0,0,0,0,29,0,0,0,4,1348,6
8891,4,44,12,0,0,0,0,1,0,0,0,0
8892,0,0,0,0,0,0,0,0,0,43,369,0
8893,63,1119,5,0,0,0,14,0,0,0,0,0
8894,2,29,16,0,0,0,0,0,0,1,0,0
8895,0,0,0,0,0,49,0,0,0,35,3061,0
8896,0,0,0,3,0,64,0,0,0,0,2,0
8897,2,28,1,0,0,0,1,0,0,0,0,0
8898,3,271,14,0,0,0,3,0,0,0,0,0
8899,0,0,0,13,3,152,0,0,0,0,5,0
8900,0,3,0,0,0,0,312,8,12,0,0,0
8901,0,0,0,0,0,0,2,6,5,0,0,0
8902,1,0,0,16,1,64,0,0,0,0,4,0
8903,0,0,0,0,0,0,87,1,0,0,0,0
8904,0,34,55,0,0,0,3,0,0,2,0,0
8905,0,0,0,0,0,12,0,0,0,48,738,1
8906,0,0,0,3,178,155,0,1,0,0,10,0
8907,0,0,0,4,6,10,0,1,0,0,0,0
8908,0,0,0,3,15,139,0,1,0,0,2,0
8909,0,0,0,1,51,49,0,0,0,0,1,0
8910,0,0,0,0,2,17,0,0,0,0,0,0
8911,0,11,0,0,0,0,217,173,13,0,0,0
8912,0,0,0,0,0,0,0,0,0,19,85,0
8913,12,1,5,0,0,0,0,0,0,0,0,0
8914,0,0,0,6,9,445,0,0,0,0,1,0
8915,1,0,0,127,5,73,0,0,0,0,0,0
8916,0,0,0,1,3,1,0,0,0,0,0,0
8917,0,0,0,0,0,43,0,0,0,146,6589,2
8918,0,0,0,1,1,263,0,0,0,0,2,0
8919,0,0,0,0,0,3,0,0,0,0,0,0
8920,0,113,0,0,0,0,0,0,0,0,0,0
8921,0,0,0,0,0,0,0,0,0,15,176,2
8922,0,0,0,0,0,1,0,0,0,0,42,0
8923,0,0,0,5,3,26,0,0,0,0,0,0
8924,3,2,6,0,0,0,0,0,0,0,0,0
8925,0,0,0,0,0,0,1,4,1,0,0,0
8926,1,165,2,0,0,0,0,0,0,0,0,0
8927,0,0,0,0,0,0,40,394,13,0,0,0
8928,0,0,0,1,8,9,0,0,0,0,0,0
8929,0,0,0,0,13,138,0,0,0,0,1,0
8930,0,0,0,0,0,9,0,0,0,0,0,0
8931,0,0,0,1,0,2,0,0,0,0,0,0
8932,0,0,0,2,0,12,0,0,0,0,0,0
8933,2,39,0,0,0,0,0,0,0,0,0,0
8934,0,0,0,0,0,0,30,4,3,0,0,0
8935,0,0,0,0,1,256,0,0,0,0,0,0
8936,0,3,0,0,0,0,569,20,5,0,0,0
8937,0,0,0,0,0,0,0,0,0,2,1055,2
8938,9,92,8,0,0,0,0,0,0,0,0,0
8939,0,2,0,0,6,0,240,1361,1,0,0,0
8940,0,0,0,0,3,18,0,0,0,0,0,0
8941,0,0,0,8,9,139,0,0,0,0,1,0
8942,0,3,0,0,0,0,354,18,7,0,0,0
8943,0,0,0,0,0,0,5,174,2,0,0,0
8944,0,0,0,25,0,121,0,0,0,0,0,0
8945,5,99,90,0,0,0,0,0,0,2,0,0
8946,0,150,2,0,0,0,1,0,0,0,0,0
8947,0,0,0,0,0,151,0,0,0,1,20415,1
8948,5,79,23,0,0,0,12,0,0,0,0,0
8949,0,0,0,1,1,88,0,0,0,0,0,0
8950,0,1,1,0,0,33,0,0,0,120,7702,6
8951,0,0,0,2,0,4,0,0,0,0,0,0
8952,0,0,0,0,0,0,3,4,1,0,0,0
8953,0,0,0,0,2,274,0,0,0,0,0,0
8954,0,0,0,0,1,8,0,0,0,0,0,0
8955,1,0,0,0,0,0,0,0,0,0,0,0
8956,0,0,0,0,0,124,0,0,0,0,16024,0
8957,2,25,0,0,0,0,0,0,0,0,0,0
8958,0,0,0,0,0,0,0,0,0,0,172,1
8959,0,93,0,0,0,0,0,0,0,0,0,0
8960,0,0,0,0,0,0,0,0,0,2,149,2
8961,0,0,0,0,0,0,0,0,0,5,100,0
8962,6,109,8,0,0,0,0,0,0,0,0,0
8963,0,0,0,14,14,92,0,0,0,0,0,0
8964,0,0,0,0,0,33,0,0,0,1,8570,0
8965,10,819,1,0,0,0,21,0,0,0,0,0
8966,0,35,8,0,0,0,0,0,0,0,0,0
8967,0,218,18,0,0,0,0,0,0,0,0,0
8968,1,76,30,0,0,0,0,0,0,0,0,0
8969,0,0,0,0,0,0,0,0,0,33,27,0
8970,0,0,0,22,0,102,0,0,0,0,1,0
8971,0,0,0,0,0,65,0,0,0,0,0,0
8972,0,613,0,0,0,0,18,0,0,0,0,0
8973,0,0,0,2,2,50,0,0,0,0,0,0
8974,39,30,157,1,0,0,0,0,0,2,0,0
8975,0,0,0,0,0,0,19,5,1,0,0,0
8976,7,151,66,0,0,0,1,0,0,9,0,0
8977,0,0,0,0,0,0,145,119,7,0,0,0
8978,0,0,0,0,0,2,0,0,0,0,0,0
8979,0,0,0,0,0,0,0,0,0,0,0,0
8980,0,0,0,0,0,6,0,0,0,0,1109,0
8981,3,78,3,0,0,0,1,0,0,0,0,0
8982,0,0,0,0,0,4,0,0,0,81,2071,1
8983,0,0,0,99,1133,90,0,113,0,0,0,0
8984,0,2,0,0,0,0,412,11,3,0,0,0
8985,2,69,12,0,0,0,0,0,0,0,0,0
8986,0,0,0,33,26,3671,0,0,0,12,1341744,0
8987,0,0,0,0,0,3,0,0,0,0,0,0
8988,0,0,0,0,0,1,0,0,0,0,0,0
8989,0,0,0,0,1,72,0,0,0,0,1,0
8990,0,0,0,0,0,0,128,1014,1,0,0,0
8991,0,0,0,0,0,16,0,0,0,10,3240,1
8992,35,87,3,0,0,0,0,0,0,0,0,0
8993,0,67,1,0,0,0,1,0,0,0,0,0
8994,0,0,0,0,0,4,0,0,0,16,876,0
8995,4,126,2,0,0,0,0,0,0,0,0,0
8996,0,0,0,11,69,89,0,0,0,0,0,0
8997,0,0,0,0,0,0,0,0,0,0,48,0
8998,2,205,13,0,0,0,1,0,0,0,0,0
8999,0,0,0,0,0,0,17,19,24,0,0,1
9000,0,0,0,0,0,0,0,0,0,0,18,1
9001,0,0,0,2,23,93,0,0,0,0,0,0
9002,0,0,0,0,1,1,0,0,0,0,0,0
9003,0,0,0,0,0,0,0,3,0,0,0,0
9004,0,0,0,0,1,310,0,0,0,0,0,0
9005,0,9,0,0,0,0,23,3,3,0,0,0
9006,0,0,0,0,2,44,0,0,0,0,0,0
9007,0,0,0,1,26,293,0,0,0,0,0,0
9008,0,0,0,31,14,36,0,0,0,0,0,0
9009,0,0,0,0,1,1,0,0,0,0,0,0
9010,0,0,0,0,0,0,143,35,12,0,0,0
9011,0,0,0,0,0,0,2,25,1,0,0,0
9012,0,0,0,0,0,3,0,0,0,1,12,0
9013,0,0,0,68,27,98,0,0,0,0,0,0
9014,0,0,0,0,0,0,5,36,1,0,0,0
9015,0,0,0,0,0,0,0,0,0,1,9,0
9016,0,0,0,19,8,1149,0,0,0,0,2,0
9017,0,0,0,0,0,0,9,0,1,0,0,0
9018,153,28,29,1,0,0,0,0,0,0,0,0
9019,2,237,2,0,0,0,1,0,0,0,0,0
9020,0,0,0,0,0,1,0,0,0,0,0,0
9021,0,0,0,0,0,0,2,3,1,0,0,0
9022,0,0,0,0,0,87,0,0,0,0,0,0
9023,0,53,2,0,0,0,0,0,0,0,0,0
9024,0,0,0,0,0,3,0,0,0,1,131,0
9025,14,64,2,0,0,0,0,0,0,0,0,0
9026,39,37,11,0,0,0,0,0,0,0,0,0
9027,0,0,0,6,0,137,0,0,0,0,0,0
9028,0,0,0,8,4,41,0,0,0,0,0,0
9029,0,0,0,0,0,13,0,0,0,0,0,0
9030,0,0,0,0,0,6,0,0,0,0,0,0
9031,0,0,0,4,0,30,0,0,0,0,0,0
9032,4,8,0,0,0,0,0,0,0,0,0,0
9033,0,55,13,0,0,0,0,0,0,0,0,0
9034,11,101,6,0,0,0,1,0,0,0,0,0
9035,0,0,0,0,0,0,27,13,1,0,0,0
9036,0,81,39,0,0,0,0,0,0,0,0,0
9037,0,0,0,34,23,480,0,0,0,0,0,0
9038,0,0,0,0,0,0,21,23,0,0,0,0
9039,0,0,0,0,0,0,0,0,0,0,0,0
9040,0,0,0,21,10,109,0,0,0,0,0,0
9041,0,0,0,5,49,5,0,0,0,0,0,0
9042,0,0,0,0,0,4,0,0,0,38,902,0
9043,0,0,0,10,3,47,0,0,0,0,0,0
9044,0,0,0,0,0,0,52,2,0,0,0,0
9045,0,0,0,0,0,0,37,3,1,0,0,0
9046,0,0,0,0,0,41,0,0,0,0,0,0
9047,0,154,0,0,0,0,7,0,0,0,0,0
9048,3,145,7,0,0,0,0,0,0,0,0,0
9049,0,0,0,0,6,0,390,1562,24,0,0,0
9050,0,0,0,0,0,7,0,0,0,9,1059,0
9051,0,0,0,0,0,3,0,0,0,4,860,0
9052,22,209,23,0,0,0,0,0,0,0,0,0
9053,0,0,0,0,10714,49,11,1340780,1,0,0,0
9054,0,0,0,1,0,32,0,0,0,0,0,0
9055,2,147,1,0,0,0,0,0,0,0,0,0
9056,0,0,0,0,0,1,0,0,0,3,370,0
9057,0,0,0,0,0,0,0,0,0,2,64,0
9058,106,163,11,2,0,0,0,0,0,0,0,0
9059,0,0,0,0,0,8,0,0,0,0,0,0
9060,6,12,1,0,0,0,0,0,0,0,0,0
9061,0,0,0,0,0,80,0,0,0,0,0,0
9062,0,0,0,2,0,4,0,0,0,0,0,0
9063,0,0,0,0,0,0,2,10,2,0,0,0
9064,0,0,0,0,0,100,0,0,0,0,0,0
9065,0,0,0,0,0,29,0,0,0,0,0,0
9066,3,8,0,0,0,0,0,0,0,0,0,0
9067,0,0,0,0,0,111,0,0,0,0,0,0
9068,0,0,0,0,0,0,6,4,1,0,0,0
9069,4,5,2,0,0,0,0,0,0,0,0,0
9070,0,0,0,0,0,1306,0,0,0,0,0,0
9071,0,44,0,0,0,0,0,0,0,0,0,0
9072,0,0,0,0,0,13,0,0,0,29,2428,2
9073,0,0,0,0,0,12,0,0,1,24,4293,8
9074,3,0,8,0,0,0,0,0,0,0,0,0
9075,1,2,1,0,0,0,0,0,0,0,0,0
9076,0,0,0,0,0,135,0,0,0,0,0,0
9077,0,0,0,0,0,0,245,62,2,0,0,0
9078,0,0,0,0,0,64,0,0,0,0,0,0
9079,1,110,0,0,0,0,1,0,0,0,0,0
9080,0,0,1,0,0,2,0,0,0,152,748,0
9081,0,0,0,0,0,3,0,0,0,0,0,0
9082,2,78,1,0,0,0,0,0,0,0,0,0
9083,0,0,0,0,0,0,85,1,1,0,0,0
9084,2,34,30,0,0,0,0,0,0,0,0,0
9085,1,3838,19,0,0,0,32,0,0,0,0,0
9086,0,2,0,0,0,0,534,14,1,0,0,0
9087,0,0,0,0,0,0,131,13,4,0,0,0
9088,0,0,0,1,0,29,0,0,0,0,0,0
9089,0,0,0,0,14,2,0,0,0,0,0,0
9090,0,0,0,0,0,0,0,0,0,1,6,0
9091,0,0,0,4,2,125,0,0,0,0,0,0
9092,0,0,0,0,4,0,350,515,3,0,0,0
9093,0,0,0,0,1,66,0,0,0,0,0,0
9094,0,0,0,18,23,74,0,0,0,0,1,0
9095,0,0,0,0,1,0,114,67,3,0,0,0
9096,0,0,0,0,0,1,0,0,0,7,570,1
9097,0,0,0,2,81,48,0,5,0,0,0,0
9098,0,0,0,0,0,1,0,0,0,0,0,0
9099,0,0,0,0,0,0,0,0,0,0,0,0
9100,0,0,0,0,0,456,0,0,0,0,4,0
9101,0,0,0,0,0,0,33,0,2,0,0,0
9102,3,26,22,0,0,0,0,0,0,0,0,0
9103,36,73,104,0,0,0,0,0,0,1,0,0
9104,24,548,21,0,0,0,0,0,0,0,0,0
9105,0,3,0,0,0,0,466,32,2,0,0,0
9106,0,0,0,0,4,89,0,0,0,0,1,0
9107,0,0,0,2,0,106,0,0,0,0,0,0
9108,0,0,0,0,0,1,0,0,0,0,0,0
9109,1,51,0,0,0,0,0,0,0,0,0,0
9110,0,0,0,0,0,0,0,0,0,1,311,3
9111,0,0,0,0,0,0,221,15,4,0,0,0
9112,0,0,0,0,0,2,0,0,0,32,2772,0
9113,0,0,0,0,0,0,0,0,0,14,430,1
9114,0,0,1,0,0,0,0,0,0,116,13,0
9115,0,0,0,52,11,416,0,0,0,0,0,0
9116,0,0,0,0,0,0,421,5,0,0,0,0
9117,0,14,2,0,0,0,0,0,0,0,0,0
9118,0,0,0,0,0,9,0,0,0,14,1337,3
9119,0,31,0,0,0,0,0,0,0,0,0,0
9120,0,0,0,0,0,34,0,0,0,4,3198,1
9121,2,131,13,0,0,0,0,0,0,0,0,0
9122,0,0,0,0,0,0,0,0,0,0,6,2
9123,0,0,0,0,0,0,62,26,0,0,0,0
9124,0,0,0,0,10,344,0,0,0,0,0,0
9125,0,0,0,0,0,3,0,0,0,0,0,0
9126,5,0,1,0,0,0,0,0,0,0,0,0
9127,0,0,0,0,0,1251,0,0,0,0,110,0
9128,0,0,0,0,0,0,55,43,3,0,0,0
9129,0,0,0,0,2,29,0,0,0,0,0,0
9130,0,0,0,0,21,0,76,3488,8,0,0,0
9131,0,0,0,0,0,0,0,0,0,55,167,14
9132,0,0,0,0,5,9,0,0,0,0,0,0
9133,0,0,5,0,0,0,0,0,0,464,828,1
9134,9,126,10,0,0,0,0,0,0,0,0,0
9135,0,0,0,3,0,82,0,0,0,0,0,0
9136,0,0,0,0,0,0,199,173,1,0,0,0
9137,0,0,0,0,0,0,0,10,1,0,0,0
9138,2,42,10,0,0,0,0,0,0,0,0,0
9139,0,0,0,6,8,651,0,0,0,0,1,0
9140,0,1,0,0,0,0,237,21,1,0,0,0
9141,0,3,0,0,0,0,417,11,0,0,0,0
9142,0,0,0,0,0,13,0,0,0,64,1474,0
9143,0,0,0,11,23,33,0,0,0,0,0,0
9144,0,0,0,0,0,3,0,0,0,4,514,0
9145,0,0,0,1,2,107,0,0,0,0,0,0
9146,4,63,1,0,0,0,0,0,0,0,0,0
9147,0,0,0,0,14,50,0,0,0,0,0,0
9148,0,0,0,5,2,56,0,0,0,0,0,0
9149,2,38,1,0,0,0,0,0,0,0,0,0
9150,0,0,0,0,1,4,0,0,0,0,0,0
9151,8,0,0,386,6,360,0,0,0,0,2,0
9152,0,0,0,0,0,0,0,0,0,8,2,0
9153,89,629,0,0,0,0,0,0,0,0,0,0
9154,26,126,15,0,0,0,7,0,0,0,0,0
9155,0,0,0,3,1,3,0,0,0,0,0,0
9156,0,0,0,5,0,1,0,0,0,0,0,0
9157,0,0,0,1,0,290,0,0,0,0,1,0
9158,0,0,0,0,0,0,0,0,0,18,140,2
9159,0,0,0,0,0,0,0,0,0,0,13,0
9160,0,0,0,2,0,96,0,0,0,0,0,0
9161,1,22,46,0,0,0,0,0,0,0,0,0
9162,0,940,7,0,0,0,2,0,0,0,0,0
9163,0,0,2,0,0,0,0,0,0,514,677,0
9164,0,31,1,0,0,0,0,0,0,0,0,0
9165,0,0,0,0,0,94,0,0,0,146,11746,1
9166,0,0,0,0,0,6,0,0,0,198,2466,10
9167,0,0,0,8,3,483,0,0,0,0,1,0
9168,1,9,2,0,0,0,0,0,0,0,0,0
9169,0,0,0,0,0,0,0,0,0,0,563,0
9170,0,0,0,0,0,0,0,0,0,159,595,0
9171,1,0,0,18,17,15,0,0,0,0,0,0
9172,0,0,0,13,7,780,0,0,0,0,15,0
9173,0,0,0,0,0,0,1,3,1,0,0,0
9174,11,38,13,0,0,0,7,0,0,0,0,0
9175,3,140,52,0,0,0,0,0,0,0,0,0
9176,0,1,0,0,0,0,102,7,1,0,0,0
9177,0,0,0,0,0,0,26,11,5,0,0,0
9178,0,0,0,0,1,16,0,0,0,0,0,0
9179,0,0,0,8,22,396,0,0,0,0,2,0
9180,0,0,0,0,0,51,0,0,0,44,8034,6
9181,0,0,0,4,9,153,0,0,0,0,0,0
9182,0,0,0,0,0,0,98,10,0,0,0,0
9183,0,0,0,0,3,28,0,0,0,0,0,0
9184,0,0,0,2,0,9,0,0,0,0,0,0
9185,0,18,0,0,0,0,0,0,0,0,0,0
9186,0,0,0,0,0,0,4,6,3,0,0,0
9187,15,103,1,0,0,0,0,0,0,0,0,0
9188,0,0,0,0,0,0,50,179,2,0,0,0
9189,0,0,0,0,2,54,0,0,0,0,0,0
9190,0,2,0,0,10,0,348,4466,38,0,0,0
9191,0,1,0,0,0,0,160,205,2,0,0,0
9192,0,0,0,0,0,19,0,0,0,0,0,0
9193,34,111,2,0,0,0,0,0,0,0,0,0
9194,2,344,4,0,0,0,0,0,0,0,0,0
9195,0,0,0,0,0,2,0,0,0,22,1696,2
9196,11,143,1,0,0,0,1,0,0,0,0,0
9197,1,44,1,0,0,0,0,0,0,0,0,0
9198,0,0,0,0,0,3,0,0,0,42,259,4
9199,0,0,0,9,13,56,0,0,0,0,0,0
9200,1,0,0,54,1,19,0,0,0,0,0,0
9201,0,0,0,0,0,4,0,0,0,0,0,0
9202,0,0,0,28,5,86,0,0,0,0,0,0
9203,0,70,0,0,5,0,7945,107,130,0,0,0
9204,6,3781,224,0,0,0,25,0,0,0,0,0
9205,0,0,0,7,27,516,0,0,0,0,3,0
9206,0,0,0,6,80,3,0,0,0,0,0,0
9207,0,0,0,0,0,68,0,0,0,14,2225,0
9208,0,0,0,123,18,111,0,0,0,0,0,0
9209,0,0,0,0,0,0,71,2,9,0,0,0
9210,9,12,152,0,0,0,0,0,0,1,0,0
9211,0,1,0,0,1,0,206,431,5,0,0,0
9212,0,0,0,0,0,0,0,0,0,0,0,0
9213,0,1,0,0,0,0,0,0,0,0,0,0
9214,0,0,0,0,0,11,0,0,0,0,1338,0
9215,0,0,0,2,0,1,0,0,0,0,0,0
9216,0,0,0,0,0,0,1,3,2,0,0,0
9217,0,0,0,0,0,248,0,0,0,0,0,0
9218,2,1,30,0,0,0,0,0,0,1,0,0
9219,0,2,0,0,0,0,114,2,1,0,0,0
9220,0,54,0,0,0,0,2634,6,3,0,0,0
9221,0,0,0,0,0,0,0,0,0,1,118,0
9222,1,3,0,0,0,0,0,0,0,0,0,0
9223,0,0,0,0,0,10,0,0,0,118,2580,0
9224,0,1,0,0,0,0,224,11,0,0,0,0
9225,0,0,0,0,0,0,1,40,1,0,0,0
9226,0,0,0,0,0,86,0,0,0,9,1049,1
9227,33,45,0,0,0,0,0,0,0,0,0,0
9228,0,0,0,0,0,2,0,0,0,0,355,1
9229,0,0,0,7,12,242,0,0,0,0,1,0
9230,0,0,0,1,0,3,0,0,0,0,0,0
9231,0,0,0,0,0,0,1,1,3,0,0,0
9232,0,0,0,0,0,63,0,0,0,0,0,0
9233,0,0,0,0,0,0,3,0,2,0,0,0
9234,0,5,1,0,0,0,0,0,0,0,0,0
9235,23,188,4,0,0,0,1,0,0,0,0,0
9236,1,42,24,0,0,0,0,0,0,0,0,0
9237,0,4,0,0,0,0,929,22,8,0,0,0
9238,0,686,19,0,0,0,6,0,0,0,0,0
9239,0,0,0,0,27,1,0,0,0,0,0,0
9240,0,0,0,0,0,0,0,0,0,0,11,0
9241,148,432,37,0,0,0,1,0,0,0,0,0
9242,0,0,0,0,0,0,190,10,0,0,0,0
9243,2,34,12,0,0,0,0,0,0,0,0,0
9244,32,122,51,0,0,0,0,0,0,0,0,0
9245,0,0,0,0,13,0,69,356,4,0,0,0
9246,0,0,0,0,0,33,0,0,0,17,4679,3
9247,0,0,0,19,10,171,0,0,0,0,0,0
9248,0,0,0,0,0,0,3,1,0,0,0,0
9249,0,0,0,0,0,0,1,14,0,0,0,0
9250,0,0,0,1,0,59,0,0,0,0,0,0
9251,0,5,0,0,2,0,1434,284,0,0,0,0
9252,0,0,0,2,0,12,0,0,0,0,3,0
9253,0,0,0,19,8,200,0,0,0,0,8,0
9254,0,0,0,0,0,0,0,0,0,0,0,0
9255,0,0,0,0,0,0,1,2,0,0,0,0
9256,0,0,0,0,0,28,0,0,0,0,0,0
9257,0,1,0,0,0,0,209,23,0,0,0,0
9258,0,0,0,0,0,46,0,0,0,0,0,0
9259,3,653,5,0,0,0,13,0,0,0,0,0
9260,0,0,0,16,37,3,0,1,0,0,0,0
9261,0,0,0,0,0,0,0,0,0,8,18,0
9262,0,0,0,11,0,223,0,0,0,0,61,0
9263,6,17,0,0,0,0,0,0,0,0,0,0
9264,0,0,1,0,0,3,0,0,0,37,335,1
9265,1,0,0,48,6,32,0,0,0,0,0,0
9266,3,843,6,0,0,0,4,0,0,0,0,0
9267,0,2,0,0,0,0,125,34,15,0,0,0
9268,0,0,0,1,80,35,0,2,0,0,1,0
9269,0,0,0,0,0,0,55,7,1,0,0,0
9270,0,0,0,0,0,0,56,19,16,0,0,0
9271,0,0,0,0,0,26,0,0,0,0,0,0
9272,9,111,9,0,0,0,0,0,0,0,0,0
9273,0,2,0,0,0,0,64,17,0,0,0,0
9274,3,399,12,0,0,0,0,0,0,0,0,0
9275,0,0,0,0,1,1,0,0,0,0,0,0
9276,0,0,0,0,0,0,1,1,165,0,0,12
9277,0,0,0,0,0,0,1,4,1,0,0,0
9278,0,2,0,0,1,0,106,93,0,0,0,0
9279,0,0,0,2,0,50,0,0,0,0,0,0
9280,13,517,1,0,0,0,3,0,0,0,0,0
9281,0,0,0,0,0,0,0,0,0,8,26,2
9282,0,0,0,0,0,2,0,0,0,0,0,0
9283,0,0,0,6,13,359,0,0,0,0,3,0
9284,2,14,3,0,0,0,0,0,0,0,0,0
9285,0,13,1,0,0,0,0,0,0,0,0,0
9286,0,0,0,0,0,17,0,0,0,45,4451,2
9287,1,1,19,0,0,0,0,0,0,0,0,0
9288,3,9,12,0,0,0,0,0,0,0,0,0
9289,0,0,0,0,1,524,0,0,0,0,6,0
9290,0,0,0,0,0,0,36,37,1,0,0,0
9291,23,252,35,1,0,0,0,0,0,0,0,0
9292,0,0,0,6,12,248,0,0,0,0,2,0
9293,0,0,0,16,1,56,0,0,0,0,0,0
9294,267,10,0,1,0,0,0,0,0,0,0,0
9295,0,0,0,0,0,185,0,0,0,0,0,0
9296,0,0,0,0,0,29,0,0,0,0,0,0
9297,0,1,0,0,0,0,0,0,0,0,0,0
9298,0,0,0,0,0,0,0,0,0,0,670,0
9299,0,5,5,0,0,0,0,0,0,0,0,0
9300,0,2,0,0,0,0,1443,6,0,0,0,0
9301,0,140,6,0,0,0,0,0,0,0,0,0
9302,0,0,0,0,17,28,0,0,0,0,0,0
9303,0,0,0,0,0,2,0,0,0,4,322,0
9304,0,0,0,3,32,74,0,0,0,0,1,0
9305,0,0,0,3,2,117,0,0,0,0,1,0
9306,0,0,0,0,0,80,0,0,0,0,1,0
9307,0,68,1,0,0,0,0,0,0,0,0,0
9308,0,0,0,0,0,1,0,0,0,20,249,1
9309,0,0,0,0,0,0,0,0,0,24,30,3
9310,28,162,10,1,0,0,0,0,0,0,0,0
9311,0,0,0,0,0,0,2,2,2,0,0,0
9312,0,0,0,0,0,0,0,4,0,0,0,0
9313,12,145,50,0,0,0,0,0,0,1,0,0
9314,0,0,0,0,0,0,103,211,0,0,0,0
9315,0,0,0,0,1,4,0,0,0,0,0,0
9316,0,0,0,3,6,353,0,0,0,0,0,0
9317,0,0,0,3,1,27,0,0,0,0,0,0
9318,0,0,0,0,3,11,0,0,0,0,0,0
9319,0,0,0,0,0,16,0,0,0,38,2776,0
9320,0,0,0,0,0,3,0,0,0,0,0,0
9321,0,0,0,0,0,0,1,5,2,0,0,0
9322,0,0,0,0,0,191,0,0,0,0,2,0
9323,0,0,0,0,0,0,9,1,0,0,0,0
9324,0,0,0,0,0,0,1,0,0,0,0,0
9325,0,0,0,0,0,84,0,0,0,0,1,0
9326,0,12,0,0,0,0,385,27,0,0,0,0
9327,0,0,0,0,0,52,0,0,0,0,0,0
9328,8,379,5,0,0,0,3,0,0,0,0,0
9329,0,1,0,0,0,0,239,6,0,0,0,0
9330,1,85,2,0,0,0,0,0,0,0,0,0
9331,0,0,0,5,3,93,0,0,0,0,0,0
9332,0,0,0,0,0,0,356,36,11,0,0,0
9333,0,0,0,0,0,2,0,0,0,3,1179,3
9334,0,0,0,7,12,120,0,0,0,0,1,0
9335,0,9,0,0,0,0,270,29,122,0,0,0
9336,0,0,0,0,0,41,0,0,0,0,0,0
9337,3,218,2,0,0,0,0,0,0,0,0,0
9338,1,14,6,0,0,0,0,0,0,0,0,0
9339,0,368,7,0,0,0,3,0,0,0,0,0
9340,0,0,0,2,2,665,0,0,0,0,15,0
9341,0,0,0,2,21,23,0,0,0,0,0,0
9342,0,0,0,1,0,8,0,0,0,0,0,0
9343,2,46,0,0,0,0,0,0,0,0,0,0
9344,0,0,0,0,0,18,0,0,0,47,3099,6
9345,0,0,0,3,0,0,0,0,0,0,0,0
9346,0,0,0,6,0,169,0,0,0,0,0,0
9347,1,101,0,0,0,0,0,0,0,0,0,0
9348,0,0,0,0,0,1,0,0,0,38,437,1
9349,0,0,0,3,1,63,0,0,0,0,0,0
9350,0,14,0,0,0,0,0,0,0,0,0,0
9351,1,20,48,0,0,0,0,0,0,1,0,0
9352,0,0,0,4,3,275,0,0,0,0,2,0
9353,0,531,0,0,0,0,3,0,0,0,0,0
9354,0,0,0,0,0,30,0,0,0,0,0,0
9355,0,1,0,0,0,0,220,163,10,0,0,0
9356,0,0,0,0,2,43,0,0,0,0,1,0
9357,0,0,0,0,1,4,0,0,0,0,0,0
9358,0,0,0,7,1,174,0,0,0,0,0,0
9359,0,70,0,0,0,0,0,0,0,0,0,0
9360,0,0,0,0,0,4,0,0,0,51,1287,0
9361,3,38,2,0,0,0,0,0,0,0,0,0
9362,0,0,0,0,0,0,0,0,0,0,2,2
9363,0,0,0,0,0,2,0,0,0,1,316,0
9364,3,22,4,0,0,0,0,0,0,0,0,0
9365,0,0,0,0,0,3,0,0,0,57,573,1
9366,0,0,0,1,0,0,0,0,0,0,0,0
9367,7,6,2,0,0,0,0,0,0,0,0,0
9368,14,109,223,0,0,0,0,0,0,1,0,0
9369,0,0,0,0,0,86,0,0,0,0,0,0
9370,0,0,0,11,10,132,0,0,0,0,0,0
9371,0,0,0,0,0,0,0,0,0,8,6,1
9372,7,86,0,0,0,0,0,0,0,0,0,0
9373,0,61,1,0,0,0,0,0,0,0,0,0
9374,0,0,0,0,0,0,0,0,0,0,4,0
9375,0,0,0,0,0,0,0,0,0,0,5,0
9376,0,0,0,2,0,103,0,0,0,0,0,0
9377,6,122,2,0,0,0,0,1,0,0,0,0
9378,0,0,0,0,0,7,0,0,0,0,0,0
9379,0,0,0,142,8,248,0,0,0,0,0,0
9380,0,0,0,0,0,0,1,4,0,0,0,0
9381,0,0,0,0,0,0,15,2,1,0,0,0
9382,0,0,0,4,2,78,0,0,0,0,0,0
9383,0,0,0,0,0,0,81,75,0,0,0,0
9384,0,0,0,0,0,1,0,0,0,3,631,2
9385,0,0,0,2,41,133,0,0,0,0,0,0
9386,0,0,0,5,15,29,0,0,0,0,0,0
9387,0,0,0,0,0,30,0,0,0,0,0,0
9388,0,1,0,0,12,0,255,144,2,0,0,0
9389,0,23,0,0,0,0,1146,1,2,0,0,0
9390,0,34,1,0,0,0,0,0,0,0,0,0
9391,0,0,0,0,0,8,0,0,0,2,1506,0
9392,0,164,2,0,0,0,0,0,0,0,0,0
9393,0,0,0,2,0,7,0,0,0,0,0,0
9394,10,47,2,0,0,0,0,0,0,0,0,0
9395,0,0,0,13,1,12,0,0,0,0,0,0
9396,0,0,0,0,0,1,0,0,0,1,9,0
9397,28,334,1,0,0,0,3,0,0,0,0,0
9398,0,0,0,0,1,0,123,46,1,0,0,0
9399,0,0,0,0,0,0,0,0,0,6,229,0
9400,9,112,15,0,0,0,1,0,0,0,0,0
9401,0,0,0,0,1,0,0,0,0,0,0,0
9402,0,0,0,0,0,0,0,0,0,1,2,3
9403,0,0,0,3,0,79,0,0,0,0,0,0
9404,1,108,0,0,0,0,0,0,0,0,0,0
9405,0,0,0,0,0,4,0,0,0,0,0,0
9406,9,6,0,0,0,0,0,0,0,0,0,0
9407,0,0,0,0,0,0,91,129,3,0,0,0
9408,0,0,0,3,4,45,0,0,0,0,0,0
9409,2,1430,0,0,0,0,6,0,0,0,0,0
9410,0,0,0,0,0,0,64,18,1,0,0,0
9411,0,0,0,0,0,25,0,0,0,1,470,2
9412,0,0,0,55,2,253,0,0,0,0,0,0
9413,0,0,0,0,0,0,0,1,1,0,0,0
9414,0,0,0,0,0,0,1,3,1,0,0,0
9415,0,0,0,9,0,102,0,0,0,0,2,0
9416,0,0,0,0,10,0,132,619,1,0,0,0
9417,0,0,0,0,0,0,0,35,3,0,0,0
9418,0,0,0,0,4,911,0,0,0,0,4,0
9419,7,800,0,0,0,0,2,0,0,0,0,0
9420,0,0,0,0,24,27,0,0,0,0,0,0
9421,0,0,0,17,3,133,0,0,0,0,2,0
9422,0,0,0,0,0,0,135,10,1,0,0,0
9423,0,0,0,1,0,5,0,0,0,0,0,0
9424,104,277,6,1,0,0,0,0,0,0,0,0
9425,0,3,0,0,0,0,242,41,1,0,0,0
9426,0,0,0,0,0,0,0,0,0,0,19,1
9427,0,0,0,21,5,145,0,0,0,0,0,0
9428,7,337,0,0,0,0,1,0,0,0,0,0
9429,0,0,0,1,21,666,0,0,0,0,2,0
9430,0,0,0,0,0,66,0,0,0,43,13123,3
9431,1,33,0,0,2,0,1277,169,6,0,0,0
9432,0,0,0,0,2,44,0,0,0,0,0,0
9433,491,99,9,0,0,0,0,0,0,0,0,0
9434,0,2,0,0,1,0,103,274,1,0,0,0
9435,0,0,0,0,0,639,0,0,0,0,8,0
9436,11,261,0,1,0,0,0,0,0,0,0,0
9437,6,289,0,0,0,0,1,0,0,0,0,0
9438,0,0,0,0,0,35,0,0,0,1,5834,0
9439,7,174,12,0,0,0,0,0,0,0,0,0
9440,0,0,0,155,165,1,0,6,0,0,0,0
9441,0,1,0,0,43,0,56,5871,8,0,0,0
9442,0,0,0,0,0,6,0,0,0,3,1371,7
9443,0,0,0,0,0,0,0,0,0,104,596,23
9444,0,0,0,10,4,8,0,0,0,0,0,0
9445,3,0,0,37,8,342,0,0,0,0,1,0
9446,0,1,0,0,0,0,111,402,0,0,0,0
9447,0,0,0,0,0,0,0,0,0,7,609,3
9448,0,0,0,0,0,2,0,0,0,37,711,5
9449,0,0,0,0,2,11,0,0,0,0,0,0
9450,3,0,2,0,0,0,0,0,0,0,0,0
9451,0,0,0,0,0,5,0,0,0,0,1045,0
9452,0,0,0,7,0,37,0,0,0,0,0,0
9453,0,40,139,0,0,0,0,0,0,1,0,0
9454,0,0,0,1,0,1736,0,0,0,0,3,0
9455,0,0,0,5,79,139,0,0,0,0,2,0
9456,0,0,0,2,79,45,0,1,0,0,0,0
9457,0,0,0,3,1,18,0,0,0,0,0,0
9458,5,3,3,0,0,0,0,0,0,0,0,0
9459,0,0,0,1,0,3,0,0,0,0,0,0
9460,0,0,0,0,0,0,14,53,5,0,0,0
9461,1,2,82,0,0,0,0,0,0,0,0,0
9462,0,1,0,0,0,0,40,10,1,0,0,0
9463,0,1,0,0,0,0,143,34,0,0,0,0
9464,0,0,0,1,2,0,0,0,0,0,0,0
9465,0,0,0,2,0,0,0,0,0,0,0,0
9466,0,0,0,1,0,7,0,0,0,0,0,0
9467,1,1,6,0,0,0,0,0,0,0,0,0
9468,0,2,0,0,0,0,193,4,1,0,0,0
9469,0,46,4,0,0,0,0,0,0,0,0,0
9470,0,0,194,0,0,0,0,0,0,2,0,0
9471,0,0,0,0,0,0,11,0,1,0,0,0
9472,1,130,0,0,0,0,0,0,0,0,0,0
9473,0,2,0,0,0,0,551,73,2,0,0,0
9474,0,0,0,0,0,122,0,0,0,6,5967,0
9475,0,0,0,5,10,41,0,0,0,0,0,0
9476,0,0,0,3,0,10,0,0,0,0,0,0
9477,13,0,0,1133,0,7,0,0,0,0,0,0
9478,0,0,0,3,69,15,0,0,0,0,0,0
9479,0,0,0,0,13,0,98,2060,4,0,0,0
9480,0,0,0,0,0,0,2,9,2,0,0,0
9481,0,0,0,0,0,84,0,0,0,0,0,0
9482,0,0,0,0,0,0,3,2,0,0,0,0
9483,14,159,106,0,0,0,0,0,0,1,0,0
9484,13,337,202,0,0,0,0,0,0,15,0,0
9485,0,0,0,1,0,187,0,0,0,0,0,0
9486,0,58,0,0,0,0,0,0,0,0,0,0
9487,0,0,0,0,0,3,0,0,0,0,940,0
9488,1,36,3,0,0,0,0,0,0,0,0,0
9489,0,4,0,0,0,0,116,34,0,0,0,0
9490,0,0,0,3,4,45,0,0,0,0,0,0
9491,0,0,0,0,0,67,0,0,0,4,5971,0
9492,3,94,124,0,0,0,0,0,0,3,0,0
9493,0,0,0,10,4,107,0,0,0,0,10,0
9494,0,16,0,0,1,0,553,9,0,0,0,0
9495,0,0,0,1,3,154,0,0,0,0,1,0
9496,5,398,3,0,0,0,14,0,0,0,0,0
9497,0,0,0,0,0,0,152,29,13,0,0,0
9498,0,0,0,0,0,13,0,0,0,0,0,0
9499,0,0,0,36,12,80,0,0,0,0,0,0
9500,0,1,0,0,0,0,112,29,1,0,0,0
9501,0,0,0,0,0,0,0,0,0,0,502,0
9502,0,0,0,0,0,11,0,0,0,72,403,0
9503,0,0,0,3,6,72,0,0,0,0,0,0
9504,0,0,0,2,38,72,0,1,0,0,0,0
9505,0,0,0,2,0,28,0,0,0,0,0,0
9506,0,0,0,0,0,0,0,0,0,0,0,0
9507,0,109,3,0,0,0,0,0,0,0,0,0
9508,0,0,0,0,0,1903,0,0,0,0,356,0
9509,2,160,0,0,0,0,1,0,0,0,0,0
9510,0,0,0,0,0,1,0,0,0,0,333,1
9511,0,0,0,7,19,47,0,0,0,0,0,0
9512,0,0,0,1,5,24,0,0,0,0,0,0
9513,0,0,0,0,0,58,0,0,0,0,0,0
9514,1,57,0,0,0,0,0,0,0,0,0,0
9515,0,0,0,0,0,1,0,0,0,145,681,0
9516,0,0,0,2,0,2,0,0,0,0,0,0
9517,1,105,2,0,0,0,0,0,0,0,0,0
9518,0,0,0,5,96,191,0,0,0,0,0,0
9519,0,0,0,9,317,147,0,0,0,0,1,0
9520,0,0,0,0,0,0,0,0,0,35,1316,0
9521,0,0,0,0,0,10,0,0,0,445,4458,0
9522,0,0,0,1,0,0,0,0,0,0,0,0
9523,0,0,0,12,0,29,0,0,0,0,0,0
9524,0,211,0,0,0,0,1,0,0,0,0,0
9525,0,0,0,1,1,72,0,0,0,0,0,0
9526,0,0,0,0,202,0,69,12124,63,0,0,0
9527,0,0,0,0,0,3,0,0,0,0,0,0
9528,0,0,0,0,0,0,0,0,0,0,0,1
9529,14,2108,8,0,0,0,16,0,0,0,0,0
9530,0,0,0,1,60,235,0,0,0,0,0,0
9531,0,0,0,0,117,75,0,0,0,0,0,0
9532,0,0,0,0,0,7,0,0,0,20,2627,1
9533,0,36,1,0,0,0,0,0,0,0,0,0
9534,0,0,0,0,0,48,0,0,0,87,1408,0
9535,1,0,0,37,20,429,0,0,0,0,1,0
9536,0,1,0,0,0,0,191,7,4,0,0,0
9537,0,0,0,0,0,50,0,0,0,0,0,0
9538,2,42,8,0,0,0,0,0,0,0,0,0
9539,0,0,0,0,0,0,0,0,0,16,6,0
9540,0,0,0,0,1,0,0,0,0,0,0,0
9541,0,0,0,0,0,19,0,0,0,66,1361,19
9542,0,0,0,7,8,2,0,0,0,0,0,0
9543,0,0,0,0,0,0,0,20,16,0,0,0
9544,0,0,0,0,0,76,0,0,0,0,0,0
9545,0,0,0,1,3,127,0,0,0,0,0,0
9546,0,0,0,0,0,115,0,0,0,0,0,0
9547,0,54,0,0,0,0,0,0,0,0,0,0
9548,1,26,0,0,0,0,0,0,0,0,0,0
9549,0,0,0,0,0,2,0,0,0,2,152,0
9550,2,116,0,0,0,0,0,0,0,0,0,0
9551,0,0,0,0,0,0,0,0,0,23,7,2
9552,0,0,0,0,0,0,0,0,0,2,2,0
9553,9,81,6,0,0,0,0,0,0,0,0,0
9554,0,0,0,0,0,0,284,28,4,0,0,0
9555,0,0,0,5,4,24,0,0,0,0,0,0
9556,0,0,0,1,6,51,0,0,0,0,0,0
9557,0,0,0,2,0,43,0,0,0,0,0,0
9558,3,4,0,0,0,0,0,0,0,0,0,0
9559,0,0,0,0,0,458,0,0,0,1,45990,0
9560,0,0,0,14,10,20,0,0,0,0,0,0
9561,0,0,0,0,0,24,0,0,0,0,3663,0
9562,28,590,5,0,0,0,16,0,0,0,0,0
9563,0,0,0,0,3,39,0,0,0,0,0,0
9564,0,0,0,0,5,0,0,0,0,0,0,0
9565,0,0,0,0,0,2147,0,0,0,14,8825,0
9566,0,0,0,0,23,67,0,0,0,0,0,0
9567,0,0,0,0,0,155,0,0,0,0,0,0
9568,0,62,0,0,0,0,2,0,0,0,0,0
9569,0,0,0,0,0,0,0,0,0,6,418,1
9570,0,0,0,0,0,0,0,0,0,1,1,1
9571,1,0,0,109,11,58,0,0,0,0,0,0
9572,0,0,0,0,0,0,82,15,0,0,0,0
9573,0,0,0,0,0,0,0,15,11,0,0,0
9574,0,0,0,0,3,47,0,0,0,0,1,0
9575,0,0,0,0,0,0,117,33,0,0,0,0
9576,0,0,0,0,1,28,0,0,0,0,0,0
9577,0,0,0,1,17,94,0,1,0,0,0,0
9578,0,0,0,1,0,2,0,0,0,0,0,0
9579,4,0,0,0,0,0,0,0,0,0,0,0
9580,0,0,0,0,1,278,0,0,0,0,0,0
9581,0,0,0,1,12,1,0,0,0,0,0,0
9582,0,0,0,0,0,0,0,0,1,3,19,46
9583,0,0,0,14,24,283,0,0,0,0,7,0
9584,0,1,0,0,0,0,345,139,6,0,0,0
9585,0,0,0,0,64,62,0,0,0,0,1,0
9586,0,0,0,16,1,159,0,0,0,0,0,0
9587,2,427,6,0,0,0,0,0,0,0,0,0
9588,0,0,0,2,20,70,0,0,0,0,0,0
9589,0,0,0,3,20,21,0,0,0,0,0,0
9590,0,0,0,1,0,45,0,0,0,0,0,0
9591,1,2,2,0,0,0,0,0,0,0,0,0
9592,0,0,0,0,0,0,0,0,0,0,399,0
9593,0,0,0,0,28,32,0,0,0,0,0,0
9594,0,0,0,0,3,0,0,0,0,0,0,0
9595,0,0,0,0,0,0,168,3,1,0,0,0
9596,0,0,0,1,0,98,0,0,0,0,0,0
9597,1,0,0,0,0,0,0,0,0,0,0,0
9598,0,0,0,0,0,5,0,0,0,0,1587,0
9599,0,0,0,2,17,45,0,0,0,0,0,0
9600,0,0,0,0,4,135,0,0,0,0,2,0
9601,0,0,0,0,0,0,52,39,23,0,0,0
9602,6,21,0,0,0,0,0,0,0,0,0,0
9603,0,0,0,0,0,0,0,0,0,2,377,0
9604,6,69,7,0,0,0,0,0,0,0,0,0
9605,0,0,0,2,6,33,0,0,0,0,0,0
9606,0,0,0,0,22,8,0,0,0,0,0,0
9607,0,0,0,1,0,46,0,0,0,0,0,0
9608,0,0,0,0,0,145,0,0,0,0,0,0
9609,4,20,2,0,0,0,0,0,0,0,0,0
9610,0,0,0,1,0,67,0,0,0,0,0,0
9611,0,0,0,0,0,23,0,0,0,25,4378,3
9612,0,0,0,0,2,5,0,0,0,0,0,0
9613,0,0,0,0,1,59,0,0,0,0,0,0
9614,0,1740,0,0,0,0,7,0,0,0,0,0
9615,0,0,0,0,0,0,0,0,0,67,509,5
9616,0,0,0,2,0,273,0,0,0,0,0,0
9617,1,0,0,0,0,0,0,0,0,0,0,0
9618,0,47,3,0,0,0,0,0,0,0,0,0
9619,0,0,0,0,1,76,0,0,0,0,0,0
9620,0,0,0,0,0,0,4,5,0,0,0,0
9621,1,5,32,0,0,0,0,0,0,0,0,0
9622,0,0,0,1,3,271,0,0,0,0,1,0
9623,0,0,0,0,0,0,116,139,2,0,0,0
9624,0,0,0,3,0,12,0,0,0,0,0,0
9625,0,0,0,4,1,75,0,0,0,0,0,0
9626,0,0,0,0,14,5,0,0,0,0,0,0
9627,0,0,0,0,0,0,0,0,0,138,8,1
9628,0,0,0,4,22,90,0,0,0,0,0,0
9629,0,0,0,0,21,143,0,0,0,0,0,0
9630,0,0,0,5,6,38,0,0,0,0,0,0
9631,0,0,0,0,10,18,0,0,0,0,0,0
9632,0,0,0,0,3,9,0,0,0,0,0,0
9633,0,0,0,2,0,2,0,0,0,0,0,0
9634,217,229,16,0,0,0,1,0,0,0,0,0
9635,0,0,0,0,0,0,11,14,2,0,0,0
9636,0,0,0,0,0,0,0,0,0,0,111,0
9637,7,92,13,0,0,0,1,0,0,0,0,0
9638,0,0,0,0,0,0,0,0,0,14,386,0
9639,0,0,1,0,0,0,0,0,0,0,0,0
9640,0,0,0,0,0,333,0,0,0,0,0,0
9641,2,746,3,0,0,0,77,0,0,0,0,0
9642,0,0,0,1,35,185,0,0,0,0,0,0
9643,0,0,0,29,112,335,0,0,0,0,0,0
9644,0,0,0,0,0,0,0,0,0,2,3,0
9645,8,3,13,0,0,0,0,0,0,0,0,0
9646,0,0,0,0,0,0,152,261,2,0,0,0
9647,0,0,0,0,0,0,0,0,0,0,0,0
9648,0,0,0,0,0,0,1,1,0,0,0,0
9649,0,0,0,0,0,0,0,4,0,0,0,0
9650,6,673,28,0,0,0,1,0,0,0,0,0
9651,0,0,0,1,2,94,0,0,0,0,0,0
9652,0,0,0,0,11,0,214,2846,1,0,0,0
9653,0,1,0,0,1,0,156,161,3,0,0,0
9654,0,0,0,0,1,20,0,0,0,0,0,0
9655,0,0,0,8,2,49,0,0,0,0,2,0
9656,0,65,0,0,0,0,0,0,0,0,0,0
9657,0,0,0,0,2,86,0,0,0,0,0,0
9658,0,0,0,0,0,0,31,74,0,0,0,0
9659,0,0,0,1,0,9,0,0,0,0,0,0
9660,0,0,0,16,1,4,0,0,0,0,0,0
9661,0,0,0,0,0,3,0,0,0,2,1653,1
9662,2,17,9,0,0,0,0,0,0,0,0,0
9663,0,0,0,0,0,0,0,0,0,1,151,0
9664,0,69,1,0,0,0,0,0,0,0,0,0
9665,0,0,0,0,0,2,0,0,0,199,1073,0
9666,0,0,0,0,0,7,0,0,0,59,144,0
9667,0,0,0,7,15,60,0,0,0,0,0,0
9668,0,0,0,6,2,85,0,0,0,0,0,0
9669,0,0,0,0,1,2,0,0,0,0,0,0
9670,1,154,0,0,0,0,0,0,0,0,0,0
9671,0,0,0,0,0,0,74,47,6,0,0,0
9672,0,0,0,0,0,15,0,0,0,0,0,0
9673,0,41,0,0,0,0,0,0,0,0,0,0
9674,0,0,0,0,0,0,0,0,0,3,19,0
9675,0,0,0,0,0,0,0,0,0,1,1,0
9676,0,0,0,3,253,92,0,0,0,0,0,0
9677,0,0,0,0,0,16,0,0,0,0,0,0
9678,0,0,0,2,38,6980,0,0,0,0,61,0
9679,0,0,0,0,0,2,0,0,0,30,843,0
9680,0,0,0,0,0,1,0,0,0,0,0,0
9681,0,0,0,0,0,0,0,1,1,0,0,0
9682,0,0,0,0,0,0,0,0,0,0,0,0
9683,25,333,171,0,0,0,0,0,0,1,0,0
9684,0,0,0,1,0,936,0,0,0,0,2,0
9685,8,3128,3,0,0,0,1,0,0,0,0,0
9686,1,32,0,0,0,0,0,0,0,0,0,0
9687,0,0,0,0,0,0,0,0,0,0,18,0
9688,14,25,20,0,0,0,0,0,0,0,0,0
9689,1,45,727,0,0,0,0,0,0,1,0,0
9690,0,0,0,1,8,279,0,0,0,0,1,0
9691,0,0,0,31,2,46,0,0,0,0,0,0
9692,0,0,0,0,0,0,52,27,1,0,0,0
9693,0,0,0,0,0,138,0,0,0,3,8157,2
9694,0,0,0,1,21,78,0,0,0,0,1,0
9695,0,0,0,0,0,3,0,0,0,0,0,0
9696,0,4,0,0,0,0,0,0,0,0,0,0
9697,0,0,0,0,0,184,0,0,0,0,1,0
9698,4,286,3,0,0,0,2,0,0,0,0,0
9699,0,0,0,5,53,422,0,0,0,0,3,0
9700,0,0,0,0,0,8,0,0,0,32,1969,0
9701,21,103,20,0,0,0,0,0,0,0,0,0
9702,0,0,0,1,41,539,0,0,0,0,0,0
9703,0,0,0,6,5,17,0,0,0,0,0,0
9704,0,0,0,7,0,41,0,0,0,0,0,0
9705,0,0,0,0,0,0,10,299,0,0,0,0
9706,0,0,0,0,0,238,0,0,0,0,0,0
9707,1,2174,3,0,0,0,6,0,0,0,0,0
9708,0,0,0,1,0,83,0,0,0,0,0,0
9709,0,0,0,4,3,33,0,0,0,0,0,0
9710,0,0,0,3,58,170,0,0,0,0,1,0
9711,0,0,0,0,0,2,0,0,0,11,916,3
9712,0,0,0,0,0,0,0,0,0,143,1390,0
9713,2,177,0,0,0,0,0,0,0,0,0,0
9714,0,0,0,0,0,1,0,0,0,3,499,2
9715,8,206,5,0,0,0,0,0,0,0,0,0
9716,1,2,0,0,0,0,0,0,0,0,0,0
9717,0,55,33,0,0,0,0,0,0,0,0,0
9718,0,1,0,0,0,0,311,28,1,0,0,0
9719,0,0,0,0,0,0,0,0,0,13,1,0
9720,2,0,0,0,0,0,0,0,0,0,0,0
9721,0,0,0,48,50,177,0,0,0,0,0,0
9722,0,0,0,27,10,37,0,0,0,0,0,0
9723,0,0,0,6,26,62,0,0,0,0,0,0
9724,0,0,0,0,0,2,0,0,0,32,2451,0
9725,0,0,0,0,0,136,0,0,0,0,1,0
9726,2,39,0,0,0,0,0,0,0,0,0,0
9727,0,0,0,0,0,100,0,0,0,0,0,0
9728,0,0,0,0,0,0,0,0,0,0,0,0
9729,0,0,0,0,0,0,0,0,0,0,0,0
9730,0,0,0,0,0,0,0,0,0,0,0,0
9731,0,0,0,1,0,25,0,0,0,0,0,0
9732,0,0,0,0,8,6,0,0,0,0,0,0
9733,0,0,0,0,0,0,0,0,0,22,814,2
9734,0,0,0,2,9,80,0,0,0,0,1,0
9735,0,0,0,1,7,71,0,0,0,0,6,0
9736,0,0,0,3,0,25,0,0,0,0,0,0
9737,0,1207,2,0,0,0,2,0,0,0,0,0
9738,0,0,0,0,0,0,131,23,8250,1,3,16
9739,0,0,0,1,1,38,0,0,0,0,0,0
9740,1,1,27,0,0,0,0,0,0,0,0,0
9741,0,42,40,0,0,0,0,0,0,0,0,0
9742,0,0,0,0,0,359,0,0,0,0,4,0
9743,0,0,0,0,0,33,0,0,0,0,0,0
9744,0,41,0,0,0,0,0,0,0,0,0,0
9745,0,0,0,0,0,2,0,0,0,0,3632,0
9746,0,0,0,0,0,0,0,0,0,44,732,1
9747,0,0,0,1,0,4,0,0,0,0,0,0
9748,5,16,1,0,0,0,0,0,0,0,0,0
9749,0,7498,33,0,0,0,45,0,0,0,0,0
9750,1,466,5,0,0,0,3,0,0,0,0,0
9751,0,0,0,0,0,0,68,37,2,0,0,0
9752,1,12,145,0,0,0,0,0,0,0,0,0
9753,0,2,0,0,0,0,298,15,0,0,0,0
9754,1,103,1790,0,0,0,0,0,0,1636,0,0
9755,0,0,0,0,0,0,0,0,0,2,11,0
9756,0,3,0,0,0,0,704,36,0,0,0,0
9757,0,0,0,0,2,115,0,0,0,0,0,0
9758,0,1,0,0,0,0,410,72,8,0,0,0
9759,0,0,0,0,0,2,0,0,0,0,0,0
9760,20,153,5,0,0,0,6,0,0,0,0,0
9761,0,0,0,0,1,0,89,349,34,0,0,5
9762,0,0,0,0,4,103,0,0,0,0,0,0
9763,0,0,0,0,0,2,0,0,0,34,387,1
9764,0,0,0,1,1,4,0,0,0,0,0,0
9765,0,0,0,1,0,10,0,0,0,0,0,0
9766,0,0,0,6,0,56,0,0,0,0,0,0
9767,2,36,5,0,0,0,0,0,0,0,0,0
9768,0,56,5,0,0,0,2,0,0,0,0,0
9769,0,0,0,2,26,90,0,0,0,0,0,0
9770,0,0,0,0,0,0,16,1,0,0,0,0
9771,0,0,0,0,0,0,17,0,0,0,0,0
9772,0,0,0,1,1,44,0,0,0,0,0,0
9773,0,0,0,0,0,0,180,20,1,0,0,0
9774,0,0,0,2,3,39,0,0,0,0,0,0
9775,0,0,0,1,8,33,0,0,0,0,0,0
9776,0,0,0,4,17,1,0,0,0,0,0,0
9777,0,0,0,0,0,0,0,0,0,20,19,1
9778,0,0,0,0,0,7,0,0,0,35,1134,0
9779,0,0,0,32,32,115,0,0,0,0,0,0
9780,0,0,0,8,7,1,0,0,0,0,0,0
9781,0,0,0,1,1,12,0,0,0,0,0,0
9782,4,84,0,0,0,0,0,0,0,0,0,0
9783,0,0,0,0,0,0,673,18,3,0,0,0
9784,0,0,0,1,0,113,0,0,0,0,0,0
9785,0,10,0,0,0,0,0,0,0,0,0,0
9786,0,0,0,0,0,0,0,0,0,33,1,1
9787,0,0,0,1,111,101,0,0,0,0,0,0
9788,0,0,0,0,1,2,0,0,0,0,0,0
9789,0,0,0,1,0,2,0,0,0,0,0,0
9790,0,0,0,0,0,50,0,0,0,0,0,0
9791,0,0,0,0,0,0,8,2,1,0,0,0
9792,1,2,6,0,0,0,0,0,0,0,0,0
9793,16,66,6,0,0,0,1,0,0,0,0,0
9794,0,0,0,0,0,0,2,0,0,0,0,0
9795,0,8,2,0,0,0,0,0,0,0,0,0
9796,36,275,30,1,0,0,1,0,0,0,0,0
9797,0,0,0,0,0,0,1,6,0,0,0,0
9798,0,0,0,0,0,10,0,0,0,0,605,0
9799,0,0,0,33,10,104,0,0,0,0,0,0
9800,0,0,0,0,0,0,0,21,0,0,0,0
9801,0,0,0,0,0,0,0,0,0,1,0,0
9802,0,3,0,0,21,0,328,4514,23,0,0,0
9803,0,0,1,0,0,15,0,0,0,41,6148,6
9804,0,0,0,4,2,0,0,0,0,0,0,0
9805,0,0,0,0,3,0,204,3332,25,0,0,0
9806,0,0,0,1,8,31,0,0,0,0,0,0
9807,0,0,0,0,0,0,1,37,3,0,0,0
9808,0,0,0,0,0,3,0,0,0,1,655,0
9809,0,8,0,0,0,0,0,0,0,0,0,0
9810,0,0,0,0,0,0,0,0,0,7,350,0
9811,0,0,0,0,0,13,0,0,0,46,1729,0
9812,0,0,0,1,0,34,0,0,0,0,0,0
9813,0,0,0,0,0,3,0,0,0,0,0,0
9814,0,0,0,4,0,51,0,0,0,0,0,0
9815,0,0,0,0,0,112,0,0,0,0,0,0
9816,0,0,0,0,0,0,0,0,0,0,0,0
9817,0,0,0,0,0,0,321,11,70,0,0,0
9818,0,0,0,0,1,32,0,0,0,0,0,0
9819,0,0,0,0,1,3,0,0,0,0,0,0
9820,0,17,0,0,0,0,0,0,0,0,0,0
9821,0,0,1,0,0,0,0,0,0,0,0,0
9822,0,56,28,0,0,0,1,0,0,0,0,0
9823,0,0,0,0,0,174,0,0,0,0,0,0
9824,0,0,0,0,0,0,0,0,0,0,0,0
9825,0,7,0,0,0,0,0,0,0,0,0,0
9826,0,207,0,0,0,0,0,0,0,0,0,0
9827,0,0,0,0,0,0,18,0,1,0,0,0
9828,3,17,6,0,0,0,0,0,0,0,0,0
9829,1,112,3,0,0,0,0,0,0,0,0,0
9830,1,66,19,0,0,0,0,0,0,0,0,0
9831,0,0,0,1,0,72,0,0,0,0,0,0
9832,0,0,0,0,0,0,96,240,2,0,0,0
9833,0,0,0,0,0,3,0,0,0,0,0,0
9834,0,85,0,0,0,0,0,0,0,0,0,0
9835,0,0,0,1,0,100,0,0,0,0,0,0
9836,0,0,0,0,0,3,0,0,0,12,531,1
9837,0,0,0,1,0,12,0,0,0,0,0,0
9838,4,37,0,0,0,0,0,0,0,0,0,0
9839,0,1,0,0,0,0,0,0,0,0,0,0
9840,0,336,2,0,0,0,50,0,0,0,0,0
9841,0,0,0,0,0,0,45,14,5,0,0,0
9842,0,0,0,0,10,189,0,0,0,0,1,0
9843,0,0,0,2,0,0,0,0,0,0,0,0
9844,0,20,0,0,0,0,77,1,0,0,0,0
9845,0,0,0,0,0,0,0,0,0,1,0,0
9846,0,0,0,0,0,0,52,0,0,0,0,0
9847,0,0,0,0,0,2,0,0,0,0,0,0
9848,107,935,2,11,0,0,3,0,0,0,0,0
9849,0,0,0,0,0,0,55,3,1,0,0,0
9850,0,0,0,0,18,52,0,1,0,0,0,0
9851,0,0,0,0,0,0,21,6,1,0,0,0
9852,1,203,20,0,0,0,3,0,0,0,0,0
9853,0,0,0,9,6,220,0,0,0,0,1,0
9854,0,0,0,0,0,0,62,91,0,0,0,0
9855,0,0,0,0,1,15,0,0,0,0,0,0
9856,0,17,0,0,11,0,436,2212,91,0,0,0
9857,0,0,0,0,0,62,0,0,0,39,10370,1
9858,0,0,0,0,0,18,0,0,0,0,0,0
9859,10,177,10,1,0,0,0,0,0,0,0,0
9860,0,0,0,76,24,694,0,0,0,0,9,0
9861,0,0,0,3,2,91,0,0,0,0,0,0
9862,0,26,1,0,0,0,0,0,0,0,0,0
9863,0,0,0,0,0,0,0,0,0,0,60,0
9864,0,0,0,0,0,0,0,0,0,9,4,0
9865,0,0,0,7,34,213,0,0,0,0,2,0
9866,0,0,0,0,0,233,0,0,0,87,977,1
9867,1,0,0,23,11,30322,0,0,0,1,282,0
9868,0,0,0,3,0,381,0,0,0,0,21,0
9869,0,54,1,0,0,0,0,0,0,0,0,0
9870,0,0,0,0,0,21,0,0,0,29,1950,0
9871,0,0,0,0,0,0,213,95,1,0,0,0
9872,0,0,0,0,0,0,0,0,0,2,1,0
9873,43,20,0,0,0,0,0,0,0,0,0,0
9874,2,30,17,0,0,0,0,0,0,0,0,0
9875,1,0,0,20,0,412,0,0,0,0,3,0
9876,1,4,0,0,0,0,0,0,0,0,0,0
9877,0,0,0,26,0,420,0,0,0,0,3,0
9878,0,26,2,0,0,0,0,0,0,0,0,0
9879,1,2,2,0,0,0,0,0,0,0,0,0
9880,0,0,0,26,0,196,0,0,0,0,0,0
9881,0,0,1,0,0,0,0,0,0,0,0,0
9882,0,0,0,0,0,0,1,2,24,0,0,0
9883,0,112,0,0,0,0,0,0,0,0,0,0
9884,0,0,0,0,0,32,0,0,0,0,0,0
9885,1,1,23,0,0,0,0,0,0,0,0,0
9886,0,0,0,0,0,0,0,0,0,25,395,0
9887,0,0,0,1,0,41,0,0,0,0,0,0
9888,0,0,0,0,0,22,0,0,0,0,3,0
9889,0,627,0,0,0,0,3,0,0,0,0,0
9890,0,2,0,0,0,0,114,215,1,0,0,0
9891,0,0,0,1,0,28734,0,0,0,2,121047,6
9892,0,0,0,30,7,67,0,0,0,0,0,0
9893,0,0,1,0,0,6,0,0,0,38,1938,0
9894,0,0,0,1,26,4,0,0,0,0,0,0
9895,0,0,0,26,2,56,0,0,0,0,0,0
9896,0,0,0,1,0,0,0,0,0,0,0,0
9897,1,2,0,0,0,0,0,0,0,0,0,0
9898,1,0,0,21,0,72,0,0,0,0,0,0
9899,1,0,0,0,0,0,0,0,0,0,0,0
9900,2,80,28,0,0,0,1,0,0,1,0,0
9901,0,0,0,0,2,403,0,0,0,0,1,0
9902,0,1,0,0,0,0,0,0,0,0,0,0
9903,1,2,0,0,0,0,0,0,0,0,0,0
9904,0,13,0,0,0,0,70,0,0,0,0,0
9905,0,0,0,0,0,0,0,0,0,0,0,0
9906,1,2,0,0,0,0,0,0,0,0,0,0
9907,0,0,0,0,0,0,0,0,0,0,771,0
9908,0,2,0,0,0,0,0,0,0,0,0,0
9909,0,97,0,0,0,0,0,0,0,0,0,0
9910,0,0,0,0,0,0,45,0,0,0,0,0
9911,0,0,0,0,0,30,0,0,0,0,0,0
9912,5,10,0,0,0,0,0,0,0,0,0,0
9913,0,0,0,0,0,429,0,0,0,0,5,0
9914,0,0,0,1,0,5,0,0,0,0,0,0
9915,0,0,0,4,0,0,0,0,0,0,0,0
9916,0,0,0,0,0,2,0,0,0,0,0,0
9917,4,7,0,0,0,0,0,0,0,0,0,0
9918,0,0,0,0,0,0,130,34,0,0,0,0
9919,0,0,0,1,2,173,0,0,0,0,0,0
9920,0,0,0,0,0,0,2,1,2,0,0,0
9921,0,0,0,0,0,0,0,4,0,0,0,0
9922,51,298,64,0,0,0,0,0,0,0,0,0
9923,0,1,0,0,2,0,206,1828,5,0,0,0
9924,0,0,0,0,0,7,0,0,0,0,4966,10
9925,75,67,15,0,0,0,0,0,0,0,0,0
9926,2,16,14,0,0,0,0,0,0,0,0,0
9927,0,0,0,1,0,7,0,0,0,0,0,0
9928,0,1,0,0,32,0,52,4639,1,0,0,0
9929,0,55,0,0,0,0,1485,13,2,0,0,0
9930,0,123,75,0,0,0,0,0,0,0,0,0
9931,0,0,0,60,0,831,0,0,0,0,4,0
9932,1,4,0,0,0,0,0,0,0,0,0,0
9933,0,0,0,0,0,0,0,0,0,0,1,0
9934,24,60,1,0,0,0,0,0,0,0,0,0
9935,0,408,6,0,0,0,0,0,0,0,0,0
9936,0,0,1,0,0,0,0,0,0,575,330,1
9937,0,0,0,3,1,47,0,0,0,0,1,0
9938,1,9,0,0,0,0,0,0,0,0,0,0
9939,0,0,0,0,0,0,0,3,2,0,0,0
9940,0,0,0,0,0,0,0,0,0,0,622,0
9941,0,0,0,1,0,0,0,0,0,0,0,0
9942,0,0,0,0,0,0,0,0,0,0,0,0
9943,0,0,0,0,0,2,0,0,0,0,3072,0
9944,0,4,4,0,0,0,0,0,0,0,0,0
9945,0,0,0,0,0,0,85,7,5,0,0,0
9946,0,210,1,0,0,0,0,0,0,0,0,0
9947,0,0,0,0,0,0,0,2,3,0,0,0
9948,0,2,2,0,0,0,0,0,0,0,0,0
9949,1,170,10,0,0,0,0,0,0,0,0,0
9950,0,0,0,0,0,0,3,5,1,0,0,0
9951,0,0,0,0,0,0,0,0,0,1,259,2
9952,0,0,0,64,7,528,0,0,0,0,1,0
9953,0,0,0,0,0,0,0,13,0,0,0,0
9954,0,0,0,0,0,0,0,0,0,1,3,1
9955,0,0,0,0,88,63,0,0,0,0,0,0
9956,0,0,0,1,0,1,0,0,0,0,0,0
9957,0,0,0,0,0,0,7,1,8,0,0,0
9958,0,0,0,0,0,39,0,0,0,0,0,0
9959,0,0,0,9,0,2,0,0,0,0,0,0
9960,0,0,0,0,0,0,0,0,0,0,0,0
9961,0,0,0,0,0,160,0,0,0,0,0,0
9962,0,0,0,0,0,4,0,0,0,1,421,0
9963,1,2,0,0,0,0,0,0,0,0,0,0
9964,0,0,0,0,0,388,0,0,0,0,0,0
9965,0,0,0,0,0,0,0,0,0,1,6,0
9966,0,0,0,0,0,2,0,0,0,0,0,0
9967,0,0,0,0,0,5,0,0,0,28,4488,3
9968,0,1,0,0,0,0,199,285,1,0,0,0
9969,0,0,0,0,0,1,0,0,0,1,836,0
9970,58,206,0,0,0,0,0,0,0,0,0,0
9971,0,1,1,0,0,0,0,0,0,0,0,0
9972,1,266,1,0,0,0,3,0,0,0,0,0
9973,0,0,0,0,0,0,240,17,1,0,0,0
9974,0,0,0,0,0,0,13,17,2,0,0,0
9975,0,0,0,0,0,0,0,0,0,0,5,0
9976,0,0,0,9,11,275,0,0,0,0,3,0
9977,0,0,0,0,0,0,0,0,0,39,1,14
9978,0,0,0,0,0,1,0,0,0,0,0,0
9979,0,0,0,0,0,90,0,0,0,18,7441,6
9980,4,1,12,0,0,0,0,0,0,0,0,0
9981,0,65,0,0,0,0,0,0,0,0,0,0
9982,0,0,0,8,13,316,0,0,0,0,1,0
9983,0,0,0,0,0,0,54,4,1,0,0,0
9984,1,89,139,0,0,0,0,0,0,0,0,0
9985,0,0,0,0,0,4,0,0,0,35,1367,6
9986,0,0,0,1,0,2,0,0,0,0,0,0
9987,0,0,0,8,0,2,0,0,0,0,0,0
9988,0,0,0,0,0,2,0,0,0,0,1163,0
9989,1,45,5,0,0,0,0,0,0,0,0,0
9990,0,0,0,0,0,0,2,2,0,0,0,0
9991,0,0,0,0,6,527,0,0,0,0,2,1
9992,52,0,1,0,0,0,0,0,0,0,0,0
9993,0,13,2,0,0,0,0,0,0,0,0,0
9994,0,0,0,0,0,1,0,0,0,29,813,0
9995,0,0,0,22,76,0,0,0,0,0,0,0
9996,0,0,0,0,0,4,0,0,0,1,2970,0
9997,18,261,10,0,0,0,1,0,0,0,0,0
9998,0,0,0,0,0,0,2,4,1,0,0,0
9999,0,0,0,0,0,0,0,3,0,0,0,0
10000,0,0,0,0,1,96,0,0,0,0,0,0
10001,0,0,0,20,29,1,0,1,0,0,0,0
10002,0,0,0,0,0,0,0,0,0,11,260,9
10003,0,0,0,24,3,230,0,0,0,0,0,0
10004,0,0,0,0,0,0,0,3,1,0,0,0
10005,6,5,0,0,0,0,0,0,0,0,0,0
10006,0,0,0,55,3,331,0,0,0,0,0,0
10007,0,1,0,0,0,0,104,14,3,0,0,0
10008,0,0,0,1,0,8,0,0,0,0,0,0
10009,0,0,0,30,82,235,0,0,0,0,0,0
10010,0,0,0,0,0,0,0,0,0,36,3,18
10011,0,0,0,0,0,5,0,0,0,0,0,0
10012,0,0,0,53,11,235,0,0,0,0,3,0
10013,0,0,0,0,0,2,0,0,0,0,0,0
10014,1,0,0,0,0,0,0,0,0,0,0,0
10015,0,0,0,0,0,3,0,0,0,0,1022,0
10016,0,0,0,0,0,0,0,0,0,1,2,0
10017,0,1,0,0,0,0,0,0,0,0,0,0
10018,1,110,0,0,0,0,0,0,0,0,0,0
10019,0,0,0,0,0,0,0,0,0,0,0,0
10020,0,0,0,0,0,0,0,0,0,0,0,1
10021,2,77,0,0,0,0,1,0,0,0,0,0
10022,0,0,0,0,0,0,0,0,0,1,0,0
10023,0,0,0,0,0,0,0,0,0,0,2,0
10024,28,135,7,0,0,0,0,0,0,0,0,0
10025,0,0,0,0,0,0,0,0,0,1,1,0
10026,43,0,0,0,0,0,0,0,0,0,0,0
10027,8,67,26,0,0,0,0,0,0,0,0,0
10028,1,176,1,0,0,0,0,0,0,0,0,0
10029,0,0,0,3,2,4463,0,0,0,0,1588423,0
10030,0,0,0,0,0,23,0,0,0,91,4297,3
10031,0,0,0,10,89,3,0,1,0,0,0,0
10032,0,0,0,0,0,2,0,0,0,1,8,0
10033,0,0,0,13,2,152,0,0,0,0,1,0
10034,1,575,2,0,0,0,0,0,0,0,0,0
10035,0,0,0,0,1,4,0,0,0,0,0,0
10036,0,0,0,0,0,8,0,0,0,59,1925,0
10037,1,74,0,0,0,0,0,0,0,0,0,0
10038,0,0,0,0,0,0,0,0,0,40,112,1
10039,0,0,0,0,0,8,0,0,0,293,2697,7
10040,0,0,0,0,1,0,0,0,0,0,0,0
10041,0,0,0,0,0,1,0,0,0,0,81,0
10042,28,431,25,0,0,0,1,0,0,0,0,0
10043,0,0,0,0,0,0,1,7,0,0,0,0
10044,0,0,0,0,0,0,0,0,0,1,0,0
10045,0,0,0,12,9,119,0,0,0,0,0,0
10046,0,1,0,0,0,0,494,8,0,0,0,0
10047,0,0,0,0,6,3,0,0,0,0,0,0
10048,0,0,0,5,25,281,0,0,0,0,3,0
10049,0,0,0,3,0,46,0,0,0,0,0,0
10050,0,0,0,0,0,4,0,0,0,0,0,0
10051,0,41,0,0,0,0,272,11,1,0,0,0
10052,0,0,0,0,0,0,0,0,0,0,1,0
10053,1,3,0,0,0,0,0,0,0,0,0,0
10054,0,0,0,0,0,0,108,17,2,0,0,0
10055,13,217,10,0,0,0,0,0,0,0,0,0
10056,0,0,0,0,0,0,169,1,1,0,0,0
10057,0,0,0,0,2,119,0,0,0,0,1,0
10058,0,0,0,0,0,0,2,3,0,0,0,0
10059,0,0,0,0,0,0,0,3,0,0,0,0
10060,0,0,0,0,5,642,0,0,0,0,0,0
10061,0,0,0,0,107,3,0,0,0,0,0,0
10062,0,0,0,0,1,3,0,0,0,0,0,0
10063,0,0,0,1,0,258,0,0,0,0,0,0
10064,1,1,0,0,0,0,0,0,0,0,0,0
10065,0,1,0,0,0,0,362,7,0,0,0,0
10066,1,199,15,0,0,0,0,0,0,0,0,0
10067,0,26,10,0,0,0,0,0,0,0,0,0
10068,0,15,3,0,0,0,0,0,0,0,0,0
10069,2,52,4,0,0,0,0,0,0,0,0,0
10070,2,21,11,0,0,0,0,0,0,0,0,0
10071,0,0,0,0,0,15,0,0,0,0,0,0
10072,0,0,0,0,0,0,37,37,2,0,0,0
10073,0,3,0,0,0,0,548,46,2,0,0,0
10074,0,0,0,0,0,0,0,0,0,0,127,0
10075,46,4218,7,0,0,0,11,0,0,0,0,0
10076,0,0,0,5,5,372,0,0,0,0,1,0
10077,0,0,0,7,1,24,0,0,0,0,0,0
10078,0,0,19,0,0,35,0,0,0,134,4973,2
10079,0,0,0,0,0,0,0,0,0,0,0,0
10080,0,0,0,0,0,0,0,0,0,1,2,0
10081,17,328,56,0,0,0,0,0,0,0,0,0
10082,0,0,0,8,108,2,0,17,0,0,0,0
10083,0,0,0,0,0,0,0,0,0,0,10,1
10084,8,0,0,2756,183,267,0,3,0,0,0,0
10085,0,0,0,0,0,0,17,3,0,0,0,0
10086,0,0,0,0,0,0,3,2,1,0,0,0
10087,0,0,0,1,1,47,0,0,0,0,0,0
10088,0,1,1,0,0,0,0,0,0,0,0,0
10089,1,245,0,0,0,0,2,0,0,0,0,0
10090,1,91,2,0,0,0,0,0,0,0,0,0
10091,0,1,0,0,0,0,115,1,1,0,0,0
10092,0,0,0,0,1,23,0,0,0,0,0,0
10093,0,0,0,105,35,258,0,2,0,0,5,0
10094,0,0,0,0,0,0,0,2,0,0,0,0
10095,0,0,0,0,0,0,0,0,0,0,0,0
10096,0,3,0,0,0,0,398,10,0,0,0,0
10097,0,134,1,0,1,0,7251,160,0,0,0,0
10098,0,3,0,0,0,0,210,35,1,0,0,0
10099,0,0,0,0,0,44,0,0,0,0,0,0
10100,0,0,0,7,1,1,0,0,0,0,0,0
10101,0,0,0,0,0,0,0,1,0,0,0,0
10102,0,0,0,0,1,38,0,0,0,0,0,0
10103,1,438,0,0,0,0,0,0,0,0,0,0
10104,0,0,0,0,0,96,0,0,0,0,1,0
10105,0,0,0,0,0,0,122,866,6,0,0,0
10106,0,0,0,0,0,0,381,65,3,0,0,0
10107,0,0,0,0,0,93,0,0,0,0,2,0
10108,9,716,17,0,0,0,6,0,0,0,0,0
10109,0,0,0,0,0,0,0,0,0,11,1,1
10110,2,15,0,0,0,0,0,0,0,0,0,0
10111,20,59,20,0,0,0,0,0,0,0,0,0
10112,0,0,0,0,0,0,87,34,1,0,0,0
10113,0,0,0,0,0,62,0,0,0,0,0,0
10114,11,125,2,0,0,0,0,0,0,0,0,0
10115,0,54,1,0,0,0,0,0,0,0,0,0
10116,0,0,0,0,0,62,0,0,0,16,4385,2
10117,0,0,0,20,42,10,0,0,0,0,0,0
10118,0,0,0,2,1,5,0,0,0,0,0,0
10119,0,0,0,0,0,0,2,1,2,0,0,0
10120,0,0,0,0,0,57,0,0,0,0,0,0
10121,0,0,0,0,0,0,160,30,1,0,0,0
10122,0,0,0,0,0,0,26,68,1,0,0,0
10123,0,0,0,0,0,159,0,0,0,0,0,0
10124,3,420,0,0,0,0,5,0,0,0,0,0
10125,0,0,0,0,0,16,0,0,0,7,601,3
10126,3,89,3,0,0,0,0,0,0,0,0,0
10127,2,70,0,0,0,0,0,0,0,0,0,0
10128,0,0,0,0,0,0,0,0,0,6,262,0
10129,0,0,0,0,0,0,0,0,0,0,0,0
10130,8,39,1,0,0,0,0,1,0,0,0,0
10131,0,0,0,0,0,0,0,0,0,1,11,0
10132,46,38,17,0,0,0,0,0,0,15,0,0
10133,0,0,0,0,0,0,0,0,0,0,4,2
10134,0,0,0,1,0,1,0,0,0,0,0,0
10135,0,0,0,126,0,970,0,0,0,0,2,0
10136,1,1,0,0,0,0,0,0,0,0,0,0
10137,0,1,0,0,0,0,0,0,0,0,0,0
10138,0,0,0,0,0,47,0,0,0,1,6526,0
10139,0,0,0,0,0,0,3,0,0,0,0,0
10140,0,0,0,0,0,0,0,2,1,0,0,0
10141,0,0,0,2,10,66,0,0,0,0,0,0
10142,0,0,0,0,0,0,0,0,0,36,27,5
10143,0,0,0,0,0,4,0,0,0,0,0,0
10144,0,0,0,2,7,53,0,0,0,0,0,0
10145,0,0,0,0,0,3,0,0,0,0,0,0
10146,0,0,0,0,0,0,0,4,0,0,0,0
10147,0,0,0,0,0,0,0,7,2,0,0,0
10148,0,0,0,0,0,0,0,0,0,79,13,3
10149,0,0,0,0,0,3,0,0,0,0,0,0
10150,0,0,0,11,4,195,0,1,0,0,0,0
10151,0,0,0,0,0,0,28,59,2,0,0,0
10152,1,439,42,0,0,0,2,0,0,0,0,0
10153,0,0,0,22,2,505,0,0,0,0,2,0
10154,0,0,0,0,0,0,68,15,5,0,0,0
10155,0,65,11,0,0,0,0,0,0,0,0,0
10156,0,0,0,0,0,73,0,0,0,9,6848,2
10157,0,1,0,0,0,0,504,59,1,0,0,0
10158,0,0,0,0,1,20,0,0,0,0,0,0
10159,28,205,8,0,0,0,1,0,0,0,0,0
10160,0,2,0,0,0,0,88,0,1,0,0,0
10161,0,0,0,0,2,2,0,0,0,0,0,0
10162,0,0,0,1,3,30,0,0,0,0,0,0
10163,0,0,0,0,0,102,0,0,0,0,0,0
10164,2,57,1,0,0,0,0,0,0,0,0,0
10165,0,0,0,0,0,0,0,0,0,0,1031,0
10166,0,0,0,16,39,0,0,0,0,0,0,0
10167,0,0,0,0,0,0,3,6,0,0,0,0
10168,0,0,0,0,1,113,0,0,0,0,2,0
10169,0,0,0,0,0,0,0,0,0,0,2,0
10170,0,0,0,0,0,0,0,0,0,0,6,0
10171,40,508,17,0,0,0,0,0,0,0,0,0
10172,1,0,31,0,0,0,0,0,0,0,0,0
10173,0,0,0,0,0,0,1,1,2,0,0,0
10174,1,26,1,0,0,0,0,0,0,0,0,0
10175,0,0,0,0,0,0,0,0,0,0,3,0
10176,0,0,0,0,0,0,0,0,0,0,0,0
10177,0,0,0,0,0,196,0,0,0,0,0,0
10178,0,0,0,0,0,0,1,114,2,0,0,0
10179,0,0,0,0,0,7,0,0,0,0,0,0
10180,0,0,0,0,21,0,281,2906,31,0,0,0
10181,1,233,257,0,0,0,0,0,0,1,0,0
10182,0,0,0,1,0,11,0,0,0,0,0,0
10183,0,0,0,0,0,1,0,0,0,67,1057,0
10184,0,0,0,1,0,2,0,0,0,0,0,0
10185,0,0,0,0,0,0,1,1,2,0,0,0
10186,0,0,0,0,0,4,0,0,0,1,2805,0
10187,0,35,0,0,0,0,0,0,0,0,0,0
10188,0,0,0,0,0,6,0,0,0,241,957,3
10189,0,0,0,0,0,2,0,0,0,224,997,17
10190,0,0,0,4,105,280,0,0,0,0,0,0
10191,0,0,0,0,0,0,0,0,0,19,990,0
10192,0,0,0,34,16,128,0,0,0,0,0,0
10193,0,0,0,0,0,0,2579,2,4,0,0,0
10194,13,72,65,0,0,0,0,0,0,0,0,0
10195,2210,12571,25,1,0,0,56,11,0,0,0,0
10196,0,0,0,0,0,0,77,29,5,0,0,0
10197,0,29,3,0,0,0,0,0,0,0,0,0
10198,0,0,0,0,0,224,0,0,0,13,1829,0
10199,5,16,8,0,0,0,0,0,0,0,0,0
10200,0,0,0,2,0,25,0,0,0,0,0,0
10201,0,0,0,0,1,0,14,878,3,0,0,0
10202,0,0,0,0,0,10,0,0,0,9,1691,2
10203,0,0,0,1,9,4,0,0,0,0,0,0
10204,0,0,0,11,1,162,0,0,0,0,1,0
10205,2,7,1,0,0,0,0,0,0,0,0,0
10206,0,60,1,0,0,0,0,0,0,0,0,0
10207,0,0,0,0,0,3,0,0,0,14,1592,1
10208,0,0,0,0,0,0,0,0,0,0,16,0
10209,0,0,0,0,0,0,0,0,0,2,11,0
10210,0,0,0,2,0,42,0,0,0,0,0,0
10211,0,17,0,0,0,0,0,0,0,0,0,0
10212,0,16,1,0,0,0,0,0,0,0,0,0
10213,0,0,0,0,2,50,0,0,0,0,0,0
10214,0,0,0,0,0,0,0,0,0,0,0,0
10215,1,0,0,0,0,0,0,0,0,0,0,0
10216,0,0,0,0,0,248,0,0,0,0,0,0
10217,0,0,0,0,0,0,1,0,0,0,0,0
10218,0,1,1,0,0,0,0,0,0,0,0,0
10219,0,201,50,0,0,0,0,0,0,0,0,0
10220,0,0,0,0,0,0,28,5,0,0,0,0
10221,1,0,0,0,0,0,0,0,0,0,0,0
10222,0,0,0,0,1,106,0,0,0,0,0,0
10223,0,0,0,0,0,37,0,0,0,0,0,0
10224,0,0,0,0,0,17,0,0,0,0,0,0
10225,0,128,1,0,0,0,0,0,0,0,0,0
10226,0,0,0,0,0,0,0,0,0,8,214,0
10227,0,0,0,0,1,0,0,0,0,0,0,0
10228,0,0,1,0,0,23,0,0,0,31,4078,6
10229,1,77,8,0,0,0,0,0,0,0,0,0
10230,0,0,0,0,0,1,0,0,0,0,0,0
10231,0,0,0,2,4,92,0,0,0,0,0,0
10232,0,0,0,0,0,5,0,0,0,1,516,0
10233,0,0,0,0,0,0,1,101,0,0,0,0
10234,0,0,0,0,2,46,0,0,0,0,0,0
10235,0,0,0,0,0,0,0,0,0,0,0,0
10236,0,237,0,0,0,0,1,0,0,0,0,0
10237,0,0,0,0,0,0,49,1,0,0,0,0
10238,0,0,0,0,6,2,0,0,0,0,0,0
10239,0,0,0,0,0,0,0,0,0,0,0,0
10240,0,0,0,0,3,149,0,0,0,0,0,0
10241,0,1,0,0,0,0,0,0,0,0,0,0
10242,0,2,0,0,0,0,0,0,0,0,0,0
10243,0,0,0,0,0,338,0,0,0,0,1,0
10244,0,0,0,0,0,0,0,0,0,1,57,0
10245,0,0,0,0,0,0,0,0,0,0,0,0
10246,0,0,0,0,0,330,0,0,0,0,6,0
10247,2,0,1,0,0,0,0,0,0,0,0,0
10248,1,303,0,0,0,0,1,0,0,0,0,0
10249,0,0,0,1,0,456,0,0,0,0,2,0
10250,0,0,0,0,0,4,0,0,0,0,0,0
10251,0,0,0,0,0,1,0,0,0,0,0,0
10252,0,0,0,0,0,12,0,0,0,0,5187,0
10253,0,0,0,5,35,599,0,0,0,0,1,0
10254,0,0,0,0,2,60,0,0,0,0,0,0
10255,0,0,0,0,0,0,159,570,5,0,0,0
10256,0,0,0,0,0,0,136,39,0,0,0,0
10257,0,0,0,0,0,15,0,0,0,0,0,0
10258,1,208,3,0,0,0,1,0,0,0,0,0
10259,0,0,0,0,0,0,0,0,1,9,4,83
10260,4,108,0,0,0,0,0,0,0,0,0,0
10261,0,0,0,0,0,0,111,84,0,0,0,0
10262,0,2,0,0,0,0,272,124,2,0,0,0
10263,0,0,0,0,0,0,0,0,0,27,560,0
10264,1,0,0,86,26,102,0,0,0,0,1,0
10265,0,51,0,0,0,0,1572,58,4,0,0,0
10266,0,0,0,0,1,0,93,200,0,0,0,0
10267,0,0,0,0,0,51,0,0,0,0,0,0
10268,8,11,4,0,0,0,0,0,0,0,0,0
10269,2,195,18,0,0,0,0,0,0,0,0,0
10270,0,0,0,2,2,136,0,0,0,0,0,0
10271,0,39,0,0,0,0,4680,23,6,0,0,0
10272,0,0,0,0,0,12,0,0,0,0,0,0
10273,0,0,0,50,157,220,0,0,0,0,0,0
10274,0,0,0,0,0,0,0,0,0,4,3,3
10275,3,12,5,0,0,0,0,0,0,0,0,0
10276,3,37,8,0,0,0,0,0,0,0,0,0
10277,0,0,1,0,0,5,0,0,0,630,3002,15
10278,0,0,0,3,12,2,0,0,0,0,0,0
10279,0,0,0,0,0,52,0,0,0,18,8870,13
10280,0,0,44,0,0,0,0,0,0,0,0,0
10281,0,1,0,0,0,0,131,46,0,0,0,0
10282,0,0,0,0,0,0,218,24,3,0,0,0
10283,0,0,0,0,0,0,89,4,21,0,0,0
10284,0,0,0,0,0,33,0,0,0,0,0,0
10285,0,0,0,3,14,168,0,0,0,0,1,0
10286,3,672,22,0,0,0,1,0,0,0,0,0
10287,0,0,0,18,37,183,0,2,0,0,7,0
10288,0,0,0,39,5,245,0,0,0,0,1,0
10289,0,0,0,0,0,0,4,0,0,0,0,0
10290,0,0,0,0,0,0,1,0,0,0,0,0
10291,2,161,69,0,0,0,1,0,0,0,0,0
10292,0,0,0,0,0,1,0,0,0,34,52,0
10293,1,0,0,0,0,0,0,0,0,0,0,0
10294,0,0,0,1,15,43,0,0,0,0,0,0
10295,0,0,0,0,144,6,0,0,0,0,0,0
10296,0,0,0,0,0,4,0,0,0,24,585,3
10297,0,0,0,20,0,51,0,0,0,0,0,0
10298,0,13,0,0,0,0,0,0,0,0,0,0
10299,0,0,0,0,0,12,0,0,0,0,0,0
10300,0,0,0,0,0,0,50,261,1,0,0,0
10301,0,0,130,0,0,0,0,0,0,1106,1,1
10302,26,25,3,0,0,0,0,0,0,0,0,0
10303,652,132,26,1,0,0,0,0,0,0,0,0
10304,0,34,15,0,0,0,0,0,0,0,0,0
10305,8,123,1,0,0,0,0,0,0,0,0,0
10306,0,0,0,2,17,29,0,0,0,0,0,0
10307,0,0,0,2,1,4,0,0,0,0,0,0
10308,0,0,0,0,0,0,0,3,1,0,0,0
10309,0,0,0,0,1,194,0,0,0,0,0,0
10310,0,2,0,0,8,0,262,24,0,0,0,0
10311,0,0,0,4,0,123,0,0,0,0,0,0
10312,16,103,6,0,0,0,1,0,0,0,0,0
10313,0,0,0,0,0,0,0,0,0,51,173,1
10314,0,0,0,1,0,0,0,0,0,0,0,0
10315,0,0,0,4,1,198,0,0,0,0,1,0
10316,0,4,3,0,0,0,0,0,0,0,0,0
10317,2,7945,16,0,0,0,27,0,0,0,0,0
10318,0,0,0,0,0,0,262,139,3,0,0,0
10319,0,0,0,0,0,590,0,0,0,11,60728,0
10320,0,0,0,1,0,2,0,0,0,0,0,0
10321,0,0,0,4,4,43,0,0,0,0,0,0
10322,2,6,0,0,0,0,0,0,0,0,0,0
10323,2,41336,0,0,0,0,189,0,0,0,0,0
10324,0,0,0,0,0,0,153,163,0,0,0,0
10325,0,0,0,0,0,0,113,5,3,0,0,0
10326,0,0,0,0,1,11,0,0,0,0,0,0
10327,0,0,0,12,0,115,0,0,0,0,1,0
10328,0,0,0,0,0,0,126,37,1,0,0,0
10329,4,326,24,0,0,0,0,0,0,0,0,0
10330,0,0,0,21,3,629,0,0,0,0,2,0
10331,5,86,0,0,0,0,0,0,0,0,0,0
10332,0,0,0,0,0,4,0,0,0,17,1630,0
10333,30,109,9,0,0,0,0,0,0,0,0,0
10334,0,0,0,0,0,0,203,24,0,0,0,0
10335,0,0,0,0,0,1,0,0,0,1,838,1
10336,0,0,0,0,0,3,0,0,0,48,714,3
10337,0,0,2,0,0,0,0,0,0,0,0,0
10338,2,10,0,0,0,0,0,0,0,0,0,0
10339,0,0,0,0,1,511,0,0,0,0,5,0
10340,0,0,0,0,0,3,0,0,0,60,2081,0
10341,0,0,0,0,0,6,0,0,0,134,2432,2
10342,0,0,0,9,0,103,0,0,0,0,0,0
10343,0,0,0,0,0,0,0,0,0,0,0,0
10344,1,104,16,0,0,0,0,0,0,0,0,0
10345,0,1,0,0,0,0,258,6,2,0,0,0
10346,21,31,0,0,0,0,0,0,0,0,0,0
10347,0,0,0,0,0,0,0,0,0,1,7,1
10348,1,790,3,0,0,0,1,1,0,0,0,0
10349,0,0,0,0,0,0,0,0,0,8,40,0
10350,0,0,0,0,0,0,0,0,0,1,45,0
10351,0,0,0,2,1,78,0,0,0,0,0,0
10352,0,0,0,0,0,0,0,0,0,0,0,0
10353,1,133,170,0,0,0,0,0,0,0,0,0
10354,0,0,0,0,6,0,81,925,0,0,0,0
10355,0,0,0,0,0,78,0,0,0,0,0,0
10356,2,243,94,0,0,0,0,0,0,17,0,0
10357,0,0,0,0,1,191,0,0,0,0,0,0
10358,0,1,0,0,0,0,0,0,0,0,0,0
10359,2,241,1,0,0,0,1,0,0,0,0,0
10360,0,0,0,0,0,0,201,16,0,0,0,0
10361,0,0,0,3,3,5,0,0,0,0,0,0
10362,0,0,0,1,13,8,0,0,0,0,0,0
10363,0,0,0,19,30,74,0,0,0,0,0,0
10364,0,0,0,0,0,0,394,160,1,0,0,0
10365,0,0,0,0,6,14,0,0,0,0,0,0
10366,0,0,0,6,43,72,0,0,0,0,0,0
10367,0,0,0,0,0,0,0,0,0,4,9,0
10368,0,0,0,0,0,0,247,5,3,0,0,0
10369,0,0,0,0,0,84,0,0,0,26,11329,3
10370,15,105,6,0,0,0,0,0,0,0,0,0
10371,0,0,0,0,24,37,0,0,0,0,0,0
10372,0,0,0,8,12,299,0,0,0,0,0,0
10373,0,0,0,0,0,0,0,0,0,1,2,0
10374,3,40,2,0,0,0,0,0,0,0,0,0
10375,2,187,11,0,0,0,1,0,0,0,0,0
10376,0,0,0,0,0,80,0,0,0,61,5140,7
10377,0,0,0,0,0,29,0,0,0,36,1367,4
10378,18,114,11,0,0,0,0,0,0,0,0,0
10379,0,1,0,0,0,0,75,5,0,0,0,0
10380,0,0,0,0,0,0,0,4,1,0,0,0
10381,0,50,1,0,0,0,0,0,0,0,0,0
10382,0,0,0,0,0,0,0,0,0,17,0,0
10383,1,0,0,0,0,0,0,0,0,0,0,0
10384,0,0,0,0,0,0,247,42,40,0,0,0
10385,1,7,0,0,0,0,0,0,0,0,0,0
10386,0,0,0,0,0,0,0,0,0,20,6,7
10387,0,0,0,16,25,77,0,0,0,0,0,0
10388,0,0,0,3,1,135,0,0,0,0,1,0
10389,0,0,0,0,0,1,0,0,0,0,0,0
10390,0,0,0,0,3,16,0,0,0,0,0,0
10391,0,0,0,4,6,1,0,0,0,0,0,0
10392,0,0,0,0,0,0,0,0,0,0,7,0
10393,11,156,10,0,0,0,0,0,0,0,0,0
10394,0,0,0,0,0,0,30,88,1,0,0,0
10395,0,0,0,0,2,35,0,0,0,0,0,0
10396,0,0,0,0,33,1,73,8037,82,0,0,0
10397,0,0,0,0,2,27,0,0,0,0,0,0
10398,0,0,0,0,0,1,0,0,0,0,0,0
10399,0,933,0,0,0,0,4,0,0,0,0,0
10400,0,0,0,0,0,0,49,28,3,0,0,0
10401,0,0,0,0,0,0,0,0,0,0,650,0
10402,0,0,0,1,18,111,0,0,0,0,0,0
10403,0,0,0,7,1,1,0,0,0,0,0,0
10404,0,0,0,0,0,0,0,1,3,0,0,0
10405,0,0,0,0,0,113,0,0,0,0,0,0
10406,0,0,0,0,0,0,0,0,0,0,0,0
10407,0,0,0,0,0,0,0,0,0,0,0,0
10408,0,0,0,0,0,4,0,0,0,0,1902,0
10409,0,19,0,0,0,0,1,0,0,0,0,0
10410,2,93,68,0,0,0,0,0,0,0,0,0
10411,0,0,0,0,0,277,0,0,0,0,0,0
10412,0,0,0,0,0,0,11,2,0,0,0,0
10413,0,0,0,0,0,0,0,3,1,0,0,0
10414,0,0,0,0,1,29,0,0,0,0,1,0
10415,0,0,0,17,15,1,0,0,0,0,0,0
10416,0,0,0,0,0,1,0,0,0,0,552,0
10417,193,255,0,0,0,0,0,0,0,0,0,0
10418,0,0,0,0,0,0,0,0,0,0,87,0
10419,0,0,0,0,0,0,0,0,0,0,5,0
10420,24,479,3,0,0,0,0,0,0,0,0,0
10421,0,0,0,0,32,0,0,0,0,0,0,0
10422,0,0,0,0,0,0,0,0,1,2,87,18
10423,0,0,0,16,42,1006,0,0,0,0,6,0
10424,0,0,0,0,0,0,2,6,0,0,0,0
10425,0,0,0,0,0,0,0,3,0,0,0,0
10426,0,0,0,0,2,22,0,0,0,0,0,0
10427,0,0,0,0,0,0,234,4,0,0,0,0
10428,0,0,0,0,1,0,0,0,0,0,0,0
10429,0,0,0,4,8,153,0,0,0,0,0,0
10430,0,0,0,0,0,1,0,0,0,0,0,0
10431,0,1,0,0,0,0,0,0,0,0,0,0
10432,0,0,0,0,0,0,0,0,0,1,646,1
10433,0,0,0,0,0,0,0,0,0,1,1,0
10434,0,2,7,0,0,0,0,0,0,0,0,0
10435,2,128,11,0,0,0,0,0,0,0,0,0
10436,1,0,0,51,0,1,0,0,0,0,0,0
10437,0,0,0,0,0,0,8,4,2,0,0,0
10438,0,0,0,0,1,30,0,0,0,0,0,0
10439,0,0,0,0,0,0,25,14,2,0,0,0
10440,0,0,0,0,0,9,0,0,0,0,3711,0
10441,0,0,0,7,3,37,0,0,0,0,0,0
10442,2,31,2,0,0,0,0,0,0,0,0,0
10443,0,0,0,0,3,3,0,0,0,0,0,0
10444,0,1,0,0,3,0,51,244,7,0,0,0
10445,0,2,60,0,0,0,0,0,0,1,0,0
10446,0,0,0,0,0,0,2,5,0,0,0,0
10447,0,33,0,0,0,0,1201,4,1,0,0,0
10448,0,0,1,0,0,55,0,0,0,65,3095,15
10449,0,1,844,0,0,23,0,0,0,227692,3292,0
10450,0,0,0,0,0,69,0,0,0,37,5209,0
10451,0,0,0,0,0,0,0,0,0,0,0,0
10452,4,0,4,0,0,0,0,0,0,0,0,0
10453,0,0,0,2,0,317,0,0,0,0,3,0
10454,0,0,0,24,1,17,0,0,0,0,0,0
10455,0,0,0,3,36,42,0,0,0,0,0,0
10456,0,0,0,0,0,22,0,0,0,13,3118,1
10457,0,4,0,0,0,0,0,0,0,0,0,0
10458,0,0,0,0,0,8,0,0,0,1,232,6
10459,0,0,0,3,0,76,0,0,0,0,0,0
10460,7,53,0,0,0,0,0,0,0,0,0,0
10461,0,0,0,0,3,10,0,0,0,0,0,0
10462,0,0,0,1,0,24,0,0,0,0,0,0
10463,1,1,0,0,0,0,0,0,0,0,0,0
10464,0,2,0,0,0,0,0,0,0,0,0,0
10465,0,1,0,0,0,0,308,1,0,0,0,0
10466,0,0,0,0,0,0,6,1,1,0,0,0
10467,0,0,0,0,0,0,1,3,1,0,0,0
10468,0,0,0,7,0,79,0,0,0,0,1,0
10469,0,0,0,16,7,5,0,0,0,0,0,0
10470,0,0,0,0,0,0,0,0,0,1,10,0
10471,8,864,380,0,0,0,4,0,0,0,0,0
10472,0,0,0,1,0,4,0,0,0,0,0,0
10473,0,0,0,0,0,2,0,0,0,0,0,0
10474,0,0,0,0,0,3,0,0,0,3,833,0
10475,0,0,0,0,0,0,0,0,0,4,5,0
10476,0,0,0,0,0,3,0,0,0,0,0,0
10477,0,0,0,6,0,19,0,0,0,0,0,0
10478,1,40,5,0,0,0,0,0,0,0,0,0
10479,5,36,3,0,0,0,0,0,0,0,0,0
10480,0,0,0,3,0,451,0,0,0,0,0,0
10481,0,0,0,0,0,0,2,2,0,0,0,0
10482,0,0,0,0,0,0,0,0,0,0,0,0
10483,0,0,0,0,0,38,0,0,0,0,0,0
10484,0,0,0,0,5,2,0,0,0,0,0,0
10485,0,0,0,0,0,0,0,0,0,1,3,0
10486,4,359,36,0,0,0,3,0,0,0,0,0
10487,0,0,0,1,0,0,0,0,0,0,0,0
10488,0,0,0,0,0,0,1,1,2,0,0,0
10489,0,0,0,0,1,67,0,0,0,0,0,0
10490,0,0,0,0,0,0,3,1,0,0,0,0
10491,0,0,0,0,0,0,1,2,1,0,0,0
10492,0,0,0,0,1,13,0,0,0,0,0,0
10493,2,2,0,0,0,0,0,0,0,0,0,0
10494,0,0,0,0,0,0,1,3,1,0,0,0
10495,0,0,0,3,1,34,0,0,0,0,0,0
10496,0,1,0,0,0,0,120,1,2,0,0,0
10497,0,0,0,0,0,55,0,0,0,0,0,0
10498,0,0,0,9,3,74,0,0,0,0,0,0
10499,0,0,0,0,0,0,1,2,1,0,0,0
10500,0,0,0,0,0,0,0,6,0,0,0,0
10501,0,0,0,0,19,33,0,0,0,0,0,0
10502,0,0,0,0,1,2,0,0,0,0,0,0
10503,0,0,0,1,0,0,0,0,0,0,0,0
10504,0,0,0,1,0,81,0,0,0,0,0,0
10505,13,23,0,0,0,0,0,0,0,0,0,0
10506,6,21,3,0,0,0,0,0,0,0,0,0
10507,0,0,0,0,0,23,0,0,0,0,4998,0
10508,6,29,1,0,0,0,0,0,0,0,0,0
10509,0,0,0,0,0,42,0,0,0,0,0,0
10510,3,14,0,0,0,0,0,0,0,0,0,0
10511,0,0,0,0,0,0,7,8,2,0,0,0
10512,1,127,0,0,0,0,1,0,0,0,0,0
10513,0,0,0,0,9,137,0,0,0,0,0,0
10514,0,0,0,0,0,2,0,0,0,0,0,0
10515,1,6,0,0,0,0,0,0,0,0,0,0
10516,0,0,0,0,1,352,0,0,0,0,1,0
10517,0,0,0,0,0,0,63,9,9,0,0,0
10518,1,11,21,0,0,0,0,0,0,0,0,0
10519,0,0,0,0,0,0,0,0,0,30,845,5
10520,0,0,0,6,9,37,0,0,0,0,0,0
10521,0,2,0,0,0,0,418,204,2,0,0,0
10522,0,0,0,1,8,145,0,0,0,0,0,0
10523,0,0,0,0,0,0,95,45,2526,0,0,0
10524,0,0,0,0,0,10,0,0,0,0,0,0
10525,0,0,0,0,0,13,0,0,0,130,2323,5
10526,0,0,0,104,14,1,0,0,0,0,0,0
10527,0,0,0,0,0,0,0,0,0,2,45,0
10528,1,0,0,9,16,141,0,0,0,0,0,0
10529,0,0,0,6,3,218,0,0,0,0,0,0
10530,0,0,0,1,0,6,0,0,0,0,0,0
10531,0,0,0,0,9,19,0,0,0,0,0,0
10532,0,0,0,5,1,1,0,0,0,0,0,0
10533,0,0,0,0,1,0,219,495,4,0,0,0
10534,0,0,0,0,0,43,0,0,0,0,0,0
10535,0,0,0,0,0,1,0,0,0,0,0,0
10536,2,2,0,0,0,0,0,0,0,0,0,0
10537,0,0,0,0,0,9,0,0,0,0,3364,0
10538,3,47,12,0,0,0,0,0,0,0,0,0
10539,0,0,0,0,0,1,0,0,0,0,0,0
10540,0,0,0,0,5,0,81,708,9,0,0,0
10541,0,0,0,0,0,0,0,0,0,0,6,0
10542,0,0,0,0,0,0,0,0,0,0,0,0
10543,0,0,0,0,0,5,0,0,0,1,1448,1
10544,0,0,0,0,0,0,0,0,0,2,0,0
10545,1,3,0,0,0,0,0,0,0,0,0,0
10546,0,0,0,0,0,140,0,0,0,0,0,0
10547,0,4,5,0,0,0,0,0,0,0,0,0
10548,0,0,0,0,0,2,0,0,0,0,0,0
10549,0,0,0,0,0,0,13,27,1,0,0,0
10550,0,0,0,0,0,0,0,1,2,0,0,0
10551,1,5,2,0,0,0,0,0,0,0,0,0
10552,0,325,0,0,0,0,0,0,0,0,0,0
10553,0,0,0,1,0,131,0,0,0,0,0,0
10554,0,0,0,0,0,0,0,0,0,0,0,0
10555,0,34,2,0,0,0,0,0,0,0,0,0
10556,0,0,0,0,0,0,0,0,0,2,194,3
10557,0,0,0,0,0,0,0,0,0,1,6,1
10558,24,58,1,0,0,0,0,0,0,0,0,0
10559,0,25,3,0,0,0,0,0,0,0,0,0
10560,0,0,0,0,0,0,0,0,0,3,159,297
10561,0,0,0,27,13,131,0,0,0,0,0,0
10562,0,0,0,0,0,0,17,2,1,0,0,0
10563,0,0,0,0,0,0,0,27,9,0,0,0
10564,2,87,117,0,0,0,0,0,0,0,0,0
10565,0,0,0,0,0,0,64,9,9,0,0,0
10566,0,0,0,0,1,2,0,0,0,0,0,0
10567,0,0,0,9,178,222,0,0,0,0,0,0
10568,0,0,0,0,0,0,0,0,0,1,5,0
10569,1,0,0,0,0,0,0,0,0,0,0,0
10570,0,0,0,0,2,242,0,0,0,0,1,0
10571,0,0,0,0,0,0,37,26,5,0,0,0
10572,0,0,0,0,0,0,0,0,0,4,79,0
10573,3,0,0,155,119,141,0,0,0,0,0,0
10574,0,0,0,0,0,0,0,2,0,0,0,0
10575,0,0,0,0,0,0,2,2,0,0,0,0
10576,0,0,0,0,0,1,0,0,0,18,516,0
10577,4,4,1,0,0,0,0,0,0,0,0,0
10578,0,0,0,0,0,0,0,0,0,0,4,0
10579,84,87,17,1,0,0,0,0,0,0,0,0
10580,0,0,0,0,0,0,0,3,2,0,0,0
10581,0,2,0,0,0,0,1,0,0,0,0,0
10582,0,0,0,0,0,14,0,0,0,1,4232,0
10583,0,0,0,15,30,79,0,0,0,0,1,0
10584,0,0,0,0,0,4,0,0,0,0,0,0
10585,3,86,0,0,0,0,0,0,0,0,0,0
10586,0,0,0,0,0,0,1,1,1,0,0,0
10587,1,40,24,0,0,0,0,0,0,0,0,0
10588,3,102,25,0,0,0,0,0,0,0,0,0
10589,0,0,0,0,0,0,2,3,0,0,0,0
10590,0,0,0,0,0,0,0,2,0,0,0,0
10591,0,0,0,0,0,135,0,0,0,0,0,0
10592,5,95,2,0,0,0,0,0,0,0,0,0
10593,1,16,38,0,0,0,0,0,0,0,0,0
10594,0,0,0,0,0,2,0,0,0,35,1368,0
10595,0,0,0,0,1,18,0,0,0,0,0,0
10596,0,0,0,0,0,4,0,0,0,0,0,0
10597,0,0,0,0,0,31,0,0,0,0,0,0
10598,0,0,0,0,0,1,0,0,0,0,0,0
10599,1,0,0,0,0,0,0,0,0,0,0,0
10600,0,0,0,0,1,671,0,0,0,0,1,0
10601,0,0,0,0,0,0,0,4,0,0,0,0
10602,0,0,0,0,0,0,1,10,1,0,0,0
10603,2,87,2,0,0,0,0,0,0,0,0,0
10604,0,0,0,0,0,3,0,0,0,35,1146,0
10605,0,0,3,0,0,0,0,0,0,1484,931,1
10606,0,0,0,5,44,57,0,0,0,0,0,0
10607,0,0,0,1,0,2,0,0,0,0,0,0
10608,0,0,0,3,0,3,0,0,0,0,0,0
10609,0,0,0,0,0,125,0,0,0,0,0,0
10610,0,0,0,0,4,0,167,832,0,0,0,0
10611,0,0,0,0,0,23,0,0,0,0,0,0
10612,2,0,0,338,42,53,0,0,0,0,1,0
10613,0,0,0,0,0,0,1,13,1,0,0,0
10614,0,1,0,0,0,0,0,0,0,0,0,0
10615,0,0,0,0,0,5,0,0,0,2,3566,0
10616,0,3,51,0,0,0,0,0,0,8,0,0
10617,0,0,0,0,0,0,90,3,0,0,0,0
10618,0,0,0,0,0,0,411,30,0,0,0,0
10619,0,0,0,0,0,0,0,0,0,26,1,0
10620,2,3,1,0,0,0,0,0,0,0,0,0
10621,3,190,3,0,0,0,0,0,0,0,0,0
10622,1,27,0,0,0,0,0,0,0,0,0,0
10623,0,0,0,0,0,20,0,0,0,4,815,3
10624,3,172,13,0,0,0,0,0,0,0,0,0
10625,0,1,0,0,0,0,179,44,4,0,0,0
10626,0,0,0,0,0,6,0,0,1,1,3516,15
10627,13,111,3,0,0,0,0,0,0,0,0,0
10628,0,0,0,0,0,0,0,0,0,3,5,0
10629,1,1,7,0,0,0,0,0,0,0,0,0
10630,0,121,0,0,0,0,2,0,0,0,0,0
10631,0,3,0,0,0,0,558,108,2,0,0,0
10632,0,0,0,0,0,0,0,0,0,0,886,1
10633,37,106,16,0,0,0,0,0,0,0,0,0
10634,0,0,0,0,1,0,29,94,2,0,0,0
10635,0,0,0,0,0,2,0,0,0,1,105,0
10636,0,0,0,63,134,256,0,0,0,0,0,0
10637,0,2,0,0,0,0,141,6,0,0,0,0
10638,0,0,0,0,0,0,21,5,1,0,0,0
10639,0,0,0,13,1,78,0,0,0,0,0,0
10640,3,67,0,0,0,0,1,0,0,0,0,0
10641,0,0,0,0,0,18,0,0,0,0,3740,0
10642,0,1,0,0,29,0,587,7077,10,0,0,0
10643,0,0,0,0,0,0,121,10,1,0,0,0
10644,1,1,0,0,0,0,0,0,0,0,0,0
10645,0,0,0,0,0,0,0,0,0,16,748,3
10646,14,540,0,0,0,0,0,0,0,0,0,0
10647,0,0,0,0,0,71,0,0,0,8,535,1
10648,8,37,1,0,0,0,0,0,0,0,0,0
10649,0,146,4,0,0,0,0,0,0,0,0,0
10650,0,0,0,0,0,2,0,0,0,18,583,0
10651,0,0,0,1,0,76,0,0,0,0,0,0
10652,0,17,0,0,0,0,0,0,0,0,0,0
10653,0,0,0,0,0,1,0,0,0,0,0,0
10654,0,0,0,3,0,159,0,0,0,0,1,0
10655,0,20,0,0,0,0,0,0,0,0,0,0
10656,0,0,0,0,0,0,0,0,0,0,3,0
10657,11,413,28,0,0,0,0,0,0,0,0,0
10658,0,0,0,0,0,0,83,14,4,0,1,0
10659,0,0,0,0,0,10,0,0,0,0,0,0
10660,0,0,0,1,1,229,0,0,0,0,1,0
10661,2,0,0,0,0,0,0,0,0,0,0,0
10662,0,1,0,0,0,0,0,0,0,0,0,0
10663,0,0,0,0,0,203,0,0,0,0,0,0
10664,0,0,0,0,0,0,36,0,0,0,0,0
10665,0,0,0,0,2,866,0,0,0,0,1,0
10666,0,0,0,7,5,74,0,0,0,0,0,0
10667,0,0,0,4,1198,33,1,9,0,0,0,0
10668,0,0,0,1,0,1,0,0,0,0,0,0
10669,0,70,0,0,0,0,0,0,0,0,0,0
10670,0,0,0,0,0,0,2,27,3,0,0,0
10671,0,0,0,0,0,0,0,0,0,0,3,1
10672,0,0,0,2,16,35,0,0,0,0,0,0
10673,0,0,0,0,0,2,0,0,0,0,0,0
10674,0,0,0,0,0,0,0,1,3,0,0,0
10675,0,0,0,0,0,0,1,8,2,0,0,0
10676,0,0,0,0,2,40,0,0,0,0,0,0
10677,0,0,0,0,2,1,0,0,0,0,0,0
10678,0,1,0,0,0,0,152,6,1,0,0,0
10679,0,0,0,0,0,1,0,0,0,0,0,0
10680,0,0,0,0,0,0,0,0,0,0,0,0
10681,0,0,0,0,0,14,0,0,0,0,3486,1
10682,0,0,0,0,0,0,5,8,1,0,0,0
10683,0,0,0,0,0,0,0,0,0,0,12,2
10684,0,0,0,30,7,170,0,0,0,0,1,0
10685,0,0,0,0,0,0,1,16,1,0,0,0
10686,0,0,0,0,0,0,0,0,0,0,0,0
10687,0,0,0,15,1,235,0,0,0,0,0,0
10688,0,3,0,0,2,0,397,3256,0,0,0,0
10689,0,0,0,0,1,33,0,0,0,0,1,0
10690,0,0,0,0,1,20,0,0,0,0,0,0
10691,16,2965,5,0,0,0,15,0,0,0,0,0
10692,0,0,0,3,0,150,0,0,0,0,0,0
10693,2,57,5,0,0,0,0,0,0,0,0,0
10694,0,8,1,0,0,0,0,0,0,0,0,0
10695,5,4,12,0,0,0,0,0,0,0,0,0
10696,0,0,0,4,2,147,0,0,0,0,0,0
10697,0,0,0,0,0,0,125,6,1,0,0,0
10698,0,0,0,0,0,0,10,1,8,0,0,0
10699,13,134,52,0,0,0,1,0,0,0,0,0
10700,0,0,0,0,0,0,69,5,82,0,0,0
10701,2,1,1,0,0,0,0,0,0,0,0,0
10702,0,0,0,0,0,12,0,0,0,14,6019,6
10703,1,27,12,0,0,0,0,0,0,0,0,0
10704,0,0,0,0,0,0,38,53,1,0,0,0
10705,0,0,0,0,0,0,133,230,3,0,0,0
10706,0,0,0,0,4,11,0,0,0,0,0,0
10707,0,0,0,0,0,0,0,1,0,0,0,0
10708,0,0,0,0,0,0,0,12,0,0,0,0
10709,0,0,0,0,6,2,0,0,0,0,0,0
10710,0,0,0,0,0,0,0,0,0,0,0,0
10711,0,0,0,0,0,63,0,0,0,0,0,0
10712,0,0,0,0,0,17,0,0,0,106,3625,3
10713,0,0,0,4,12,2,0,0,0,0,0,0
10714,0,0,0,0,0,2,0,0,0,10,1895,45
10715,7,10,40,0,0,0,0,0,0,0,0,0
10716,0,0,0,0,0,0,0,0,0,0,0,0
10717,0,0,0,6,9,217,0,0,0,0,0,0
10718,0,0,0,0,0,0,0,0,0,85,8,2
10719,0,0,0,0,0,0,85,31,19,0,0,0
10720,4,165,67,0,0,0,0,0,0,0,0,0
10721,0,0,0,16,17,254,0,0,0,0,0,0
10722,0,0,0,7,6,151,0,0,0,0,3,0
10723,0,0,0,39,2,107,0,0,0,0,0,0
10724,0,61,0,0,0,0,0,0,0,0,0,0
10725,0,0,0,0,0,1,0,0,0,56,212,0
10726,0,0,0,0,0,2,0,0,0,91,766,4
10727,4,27,1,0,0,0,6,0,0,0,0,0
10728,0,0,0,0,0,1,0,0,0,0,1298,0
10729,8,347,13,0,0,0,1,0,0,0,0,0
10730,294,474,2,1,0,0,0,0,0,0,0,0
10731,0,0,0,0,0,0,0,0,0,36,44,0
10732,0,0,0,21,13,137,0,0,0,0,0,0
10733,0,0,0,0,0,0,0,0,0,40,443,0
10734,0,0,0,1,16,20,0,0,0,0,0,0
10735,0,0,0,8,0,93,0,0,0,0,0,0
10736,11,1,1,0,0,0,0,0,0,0,0,0
10737,0,172,11,0,0,0,1,0,0,0,0,0
10738,0,0,0,14,15,521,0,0,0,0,0,0
10739,0,0,0,0,0,0,4,1,1,0,0,0
10740,0,1,0,0,0,0,0,0,0,0,0,0
10741,0,0,1,0,0,46,0,0,0,59,5635,10
10742,0,0,0,4,0,4,0,0,0,0,0,0
10743,0,0,0,0,1,1,0,0,0,0,0,0
10744,0,0,0,1,0,754,0,0,0,0,6,0
10745,0,2,0,0,0,0,0,0,0,0,0,0
10746,0,1,0,0,0,0,0,0,0,0,0,0
10747,0,0,0,0,0,80,0,0,0,0,3588,0
10748,0,0,5,0,0,5,0,0,0,228,597,0
10749,0,0,0,0,1,5,0,0,0,0,0,0
10750,0,0,0,10,4,213,0,0,0,0,2,0
10751,0,0,0,0,0,0,284,34,0,0,0,0
10752,0,0,0,4,2,93,0,0,0,0,2,0
10753,0,0,0,0,0,0,139,683,0,0,0,0
10754,0,1,0,0,0,0,240,65,0,0,0,0
10755,0,0,0,0,0,15,0,0,0,0,2350,0
10756,0,0,0,5,4,42,0,0,0,0,0,0
10757,3,4,6,0,0,0,0,0,0,0,0,0
10758,0,0,0,0,0,1,0,0,0,0,0,0
10759,0,0,0,0,1,0,15,159,6,0,0,0
10760,0,3,0,0,0,0,0,0,0,0,0,0
10761,1,795,0,0,0,0,0,0,0,0,0,0
10762,0,0,0,0,0,0,53,18,1,0,0,0
10763,0,0,0,0,0,10,0,0,0,0,0,0
10764,12,60,0,0,0,0,0,0,0,0,0,0
10765,0,0,0,0,0,0,0,0,0,0,837,1
10766,2,0,0,0,0,0,0,0,0,0,0,0
10767,1,15,94,0,0,0,0,0,0,1,0,0
10768,0,0,0,0,14,62,0,0,0,0,0,0
10769,0,0,0,0,0,23,0,0,0,0,0,0
10770,0,395,4,0,0,0,0,0,0,0,0,0
10771,0,0,0,0,0,719,0,0,0,0,2,0
10772,0,0,0,0,0,0,1,2,0,0,0,0
10773,0,1,9,0,0,0,0,0,0,0,0,0
10774,0,43,1,0,0,0,0,0,0,0,0,0
10775,0,0,0,0,0,15,0,0,0,72,2176,0
10776,0,0,2,0,0,1,0,0,0,183,1090,7
10777,0,0,0,36,23,93,0,0,0,0,0,0
10778,0,0,0,0,0,0,0,0,0,13,423,1
10779,0,0,0,0,2,0,0,0,0,0,0,0
10780,4,73,1,0,0,0,0,0,0,0,0,0
10781,1,90,0,0,0,0,0,0,0,0,0,0
10782,0,0,0,0,0,0,0,0,0,7,424,0
10783,0,46,0,0,0,0,0,0,0,0,0,0
10784,0,0,0,0,0,0,0,0,0,3,0,1
10785,2,44,0,0,0,0,0,0,0,0,0,0
10786,2,167,9,0,0,0,0,0,0,0,0,0
10787,0,4,0,0,0,0,129,15,101,0,0,8
10788,2,29,6,0,0,0,0,0,0,0,0,0
10789,0,0,0,0,0,11,0,0,0,2,3902,2
10790,0,0,0,0,0,5,0,0,0,17,1511,28
10791,19,72,0,0,0,0,0,0,0,0,0,0
10792,0,0,0,15,3,101,0,0,0,0,0,0
10793,0,1,0,0,2,0,206,792,7,0,0,0
10794,0,0,0,0,0,26,0,0,0,0,0,0
10795,0,0,0,94,9,286,0,0,0,0,1,0
10796,0,0,0,0,0,0,10,16,4,0,0,0
10797,1,8,6,0,0,0,0,0,0,0,0,0
10798,1,0,0,0,0,4,0,0,0,279,1579,0
10799,1,157,9,0,0,0,0,0,0,0,0,0
10800,0,0,0,0,8,271,0,0,0,0,0,0
10801,3,6,2,0,0,0,0,0,0,0,0,0
10802,0,0,0,0,0,7,0,0,0,21,828,1
10803,0,0,0,0,0,1,0,0,0,0,0,0
10804,5,58,1,0,0,0,1,0,0,0,0,0
10805,0,1,0,0,0,0,117,0,1,0,0,0
10806,0,0,0,0,0,0,20,5,5,0,0,0
10807,0,30,3,0,0,0,0,0,0,0,0,0
10808,0,0,0,0,0,0,0,0,0,27,42,0
10809,0,0,0,0,0,0,0,0,0,5,133,0
10810,0,0,0,56,225,593,0,0,0,0,2,0
10811,0,0,0,0,0,1,0,0,0,5,93,19
10812,0,0,0,1,1,6,0,0,0,0,0,0
10813,0,0,0,12,36,36,0,2,0,0,1,0
10814,0,0,0,2,27,5,0,0,0,0,0,0
10815,0,0,0,0,0,2,0,0,0,7,696,3
10816,3,0,0,271,16,106,0,0,0,0,0,0
10817,0,0,0,0,0,0,9,3,2,0,0,0
10818,0,0,0,0,0,2,0,0,0,0,570,0
10819,0,0,0,15,43,214,0,0,0,0,0,0
10820,0,0,0,0,0,0,0,0,0,3,7,2
10821,3,3,0,0,0,0,0,0,0,0,0,0
10822,0,86,0,0,0,0,0,0,0,0,0,0
10823,3,41,0,0,0,0,0,0,0,0,0,0
10824,0,0,0,0,0,2,0,0,0,1,314,3
10825,0,0,0,88,16,171,0,0,0,0,1,0
10826,0,0,0,0,0,0,5,1,2,0,0,0
10827,0,0,0,0,0,0,7,1,0,0,0,0
10828,9,184,159,0,0,0,1,0,0,1,0,0
10829,2,123,5026,0,0,0,0,0,0,38,1,0
10830,0,0,0,0,0,97,0,0,0,0,0,0
10831,3,0,0,1213,6,230,0,0,0,0,0,0
10832,0,0,0,0,0,0,44,30,3,0,0,0
10833,0,0,0,0,0,29,0,0,0,10,8484,1
10834,0,0,0,0,0,5,0,0,0,72,3824,1
10835,0,0,0,0,0,0,447,112,1,0,0,0
10836,0,0,0,0,4,57,0,0,0,0,1,0
10837,0,0,0,1,29,46,0,0,0,0,0,0
10838,0,0,0,8,14,72,0,0,0,0,0,0
10839,0,0,0,0,0,7,0,0,0,0,0,0
10840,3,107,19,0,0,0,23,0,0,0,0,0
10841,0,0,0,0,0,0,86,25,2,0,0,0
10842,3,333,39,0,0,0,0,0,0,0,0,0
10843,0,0,0,1,17,253,0,0,0,0,0,0
10844,3,229,6,0,0,0,0,0,0,0,0,0
10845,0,0,0,0,1,3,0,0,0,0,0,0
10846,0,0,0,0,1,0,99,399,0,0,0,0
10847,0,0,0,0,1,1,0,0,0,0,0,0
10848,0,0,0,0,0,0,0,5,3,0,0,0
10849,0,0,0,0,0,50,0,0,0,0,0,0
10850,0,0,0,0,1,0,128,73,4,0,0,0
10851,0,0,0,0,0,0,0,0,0,4,256,2
10852,0,0,0,1,456,243,0,1,0,0,0,0
10853,0,0,0,2,13,1,0,0,0,0,0,0
10854,0,0,0,0,0,0,0,0,0,0,130,0
10855,27,375,42,0,0,0,0,0,0,0,0,0
10856,0,0,0,2,2,238,0,0,0,0,0,0
10857,0,0,0,0,0,0,0,0,0,0,0,0
10858,0,23,0,0,0,0,0,0,0,0,0,0
10859,0,0,0,0,0,0,0,0,0,0,0,0
10860,0,17,0,0,0,0,0,0,0,0,0,0
10861,0,159,0,0,0,0,2,0,0,0,0,0
10862,0,2,0,0,0,0,5,3,2,0,0,0
10863,16,50,35,0,0,0,0,0,0,0,0,0
10864,22,194,384,0,0,0,1,0,0,2,0,0
10865,0,0,0,1,7,109,0,0,0,0,0,0
10866,0,0,0,0,0,2,0,0,0,0,0,0
10867,0,38,0,0,0,0,0,0,0,0,0,0
10868,0,0,1,0,0,3,0,0,0,32,1743,8
10869,0,0,0,1,0,1,0,0,0,0,0,0
10870,0,1,0,0,66,0,280,19102,68,0,0,0
10871,0,0,1,0,0,0,0,0,0,266,2,0
10872,283,35,0,1,0,0,0,0,0,0,0,0
10873,0,71,48,0,0,0,0,0,0,0,0,0
10874,16,740,8,0,0,0,3,1,0,0,0,0
10875,2,767,15,0,0,0,1,0,0,0,0,0
10876,0,0,0,4,2,159,0,0,0,0,0,0
10877,0,0,0,0,0,0,82,2,0,0,0,0
10878,0,0,0,0,0,0,1,2,1,0,0,0
10879,0,0,0,0,0,103,0,0,0,0,0,0
10880,17,252,115,0,0,0,0,0,0,0,0,0
10881,0,0,0,0,2,237,0,0,0,0,1,0
10882,0,0,0,0,0,0,28,105,9,0,0,0
10883,6,76,42,0,0,0,2,0,0,0,0,0
10884,1,245,79,0,0,0,0,0,0,0,0,0
10885,0,0,0,54,9,357,0,0,0,0,1,0
10886,0,2,0,0,0,0,264,5,3,0,0,0
10887,0,1,0,0,0,0,33,4,0,0,0,0
10888,7,49,28,0,0,0,0,0,0,0,0,0
10889,0,0,0,0,0,0,0,0,0,25,581,0
10890,0,0,0,0,0,0,143,28,0,0,0,0
10891,0,0,0,0,25,83,0,0,0,0,0,0
10892,1,78,0,0,0,0,0,0,0,0,0,0
10893,0,0,2,0,0,2,0,0,0,173,204,0
10894,0,0,0,0,0,0,0,0,0,9,242,2
10895,1,128,6,0,0,0,0,0,0,0,0,0
10896,0,0,0,0,1,5,0,0,0,0,0,0
10897,25,10,1,0,0,0,0,0,0,0,0,0
10898,0,0,0,3,15,44,0,0,0,0,0,0
10899,0,0,0,0,0,5,0,0,0,0,0,0
10900,0,0,0,0,0,0,70,11,0,0,0,0
10901,0,0,0,0,1,0,278,171,95,0,0,0
10902,0,0,0,0,0,0,64,1,1,0,0,0
10903,0,0,0,0,0,52,0,0,0,0,0,0
10904,69,304,0,1,0,0,1,0,0,0,0,0
10905,0,0,0,0,0,0,38,88,4,0,0,0
10906,0,0,0,0,0,21,0,0,0,0,1,0
10907,0,0,0,0,0,0,50,23,5,0,0,0
10908,0,0,0,0,0,1,0,0,0,46,630,3
10909,0,0,0,5,6,47,0,0,0,0,0,0
10910,0,0,0,4,0,117,0,0,0,0,0,0
10911,0,0,0,0,0,1,0,0,0,0,0,0
10912,1,378,2,0,0,0,1,0,0,0,0,0
10913,0,0,0,2,11,122,0,0,0,0,0,0
10914,0,0,0,0,0,5,0,0,0,0,0,0
10915,5,64,0,0,0,0,0,0,0,0,0,0
10916,0,0,0,0,0,0,2,1,1,0,0,0
10917,1,2,0,0,0,0,0,0,0,0,0,0
10918,162,98,21,0,0,0,0,0,0,0,0,0
10919,0,0,0,0,0,0,0,1,1,0,0,0
10920,0,0,1,0,0,0,0,0,0,0,0,0
10921,0,0,0,0,0,209,0,0,0,0,1,0
10922,0,0,0,0,0,0,0,3,0,0,0,0
10923,0,0,0,0,0,0,0,0,0,0,0,0
10924,1,133,0,0,0,0,0,0,0,0,0,0
10925,0,0,0,2,0,1,0,0,0,0,0,0
10926,0,0,0,2,1,0,0,0,0,0,0,0
10927,0,0,0,0,0,62,0,0,0,0,0,0
10928,1,49,0,0,0,0,0,0,0,0,0,0
10929,0,0,0,0,0,0,0,0,0,0,2,0
10930,3,92,0,0,0,0,0,0,0,0,0,0
10931,0,0,0,0,0,0,0,0,0,1,142,1
10932,0,0,0,0,0,0,0,0,0,0,0,0
10933,0,0,0,4,16,80,0,0,0,0,1,0
10934,0,0,0,2,0,7,0,0,0,0,0,0
10935,0,0,0,0,0,4,0,0,0,0,0,0
10936,0,0,0,0,2,70,0,0,0,0,1,0
10937,0,0,0,0,0,0,2,1,0,0,0,0
10938,0,2,0,0,0,0,0,0,0,0,0,0
10939,0,0,0,2,0,77,0,0,0,0,0,0
10940,0,3,0,0,0,0,302,3,0,0,0,0
10941,0,0,0,0,1,81,0,0,0,0,1,0
10942,0,0,0,32,10,38,0,1,0,0,0,0
10943,0,15,0,0,0,0,532,3,0,0,0,0
10944,0,0,0,0,1,3,0,0,0,0,0,0
10945,0,0,0,1,0,71,0,0,0,0,5,0
10946,0,148,1,0,0,0,1,0,0,0,0,0
10947,0,0,0,0,0,0,175,24,6,0,0,0
10948,1,847,108,0,0,0,3,0,0,0,0,0
10949,0,0,0,0,0,0,0,0,0,0,0,0
10950,0,1,0,0,0,0,0,0,0,0,0,0
10951,0,100,0,0,0,0,1,0,0,0,0,0
10952,0,0,0,18,1,1,0,0,0,0,0,0
10953,0,0,0,0,0,0,0,2,2,0,0,0
10954,0,0,0,0,0,54,0,0,0,1,8917,0
10955,0,0,0,7,152,9,0,0,0,0,0,0
10956,0,0,0,0,1,0,0,0,0,1,215,0
10957,45,109,123,0,0,0,1,0,0,0,0,0
10958,0,0,0,0,0,0,9,25,1,0,0,0
10959,0,0,0,0,0,0,1,4,1,0,0,0
10960,0,0,0,0,1,284,0,0,0,0,0,0
10961,0,4,0,0,0,0,486,10,1,0,0,0
10962,0,0,0,0,0,0,0,0,0,0,0,0
10963,0,0,0,2,2,77,0,0,0,0,0,0
10964,0,8,0,0,0,0,0,0,0,0,0,0
10965,0,0,0,0,0,6,0,0,0,2,349,0
10966,0,0,0,6,32,301,0,0,0,0,0,0
10967,0,0,0,8,0,29,0,0,0,0,0,0
10968,0,0,0,0,3,35,0,0,0,0,0,0
10969,0,0,0,0,0,10,0,0,0,18,4391,0
10970,0,0,0,0,0,0,0,0,0,2,3,0
10971,0,1,2,0,0,0,0,0,0,0,0,0
10972,1,74,6,0,0,0,0,0,0,0,0,0
10973,10,252,0,0,0,0,3,0,0,0,0,0
10974,0,2,0,0,0,0,318,1,0,0,0,0
10975,0,0,0,1,0,65,0,0,0,0,0,0
10976,0,0,0,0,0,0,103,44,0,0,0,0
10977,37,1,1,22,17,317,1,0,1,54,20100,5
10978,527,229,6,1,0,0,0,0,0,0,0,0
10979,0,0,0,0,0,0,99,121,0,0,0,0
10980,0,0,0,2,3,17,0,0,0,0,1,0
10981,0,0,0,0,1,0,96,848,4,0,0,0
10982,0,473,69,0,0,0,2,0,0,0,0,0
10983,4,2794,15,0,0,0,67,0,0,0,0,0
10984,8,98,9,0,0,0,0,0,0,0,0,0
10985,0,208,16,0,0,0,0,0,0,0,0,0
10986,0,0,0,4,8,0,147,411,6,0,0,0
10987,3,12,70,1,0,0,0,0,0,0,0,0
10988,0,209,0,0,0,0,1,0,0,0,0,0
10989,0,0,0,0,0,0,0,0,0,3,260,0
10990,25,98,7,0,0,0,0,0,0,0,0,0
10991,7,47,15,0,0,0,0,0,0,0,0,0
10992,0,0,0,0,6,192,0,0,0,0,1,0
10993,0,0,0,0,0,13,0,0,0,15,4469,0
10994,0,359,8,0,0,0,0,0,0,0,0,0
10995,1,130,22,0,0,0,2,0,0,0,0,0
10996,0,1,0,0,2,0,171,1142,5,0,0,0
10997,0,4,0,0,1,0,444,125,0,0,0,0
10998,0,0,0,0,0,0,140,24,1,0,0,0
10999,0,0,0,31,1,151,0,0,0,0,0,0
11000,16,146,1,0,0,0,0,0,0,0,0,0
11001,0,0,0,0,0,6,0,0,0,4,2498,0
11002,4,137,35,0,0,0,0,0,0,0,0,0
11003,0,0,0,0,0,7,0,0,0,38,3066,4
11004,1,3,1,0,0,0,0,0,0,0,0,0
11005,0,0,541,0,0,5,0,0,0,9560,282,3
11006,0,0,0,0,0,0,0,0,1,40,65,24
11007,3,2,0,0,0,0,0,0,0,0,0,0
11008,0,0,6,0,0,10,0,0,0,149,1325,1
11009,0,0,0,0,0,2,0,0,0,0,0,0
11010,0,0,0,0,0,0,0,3,0,0,0,0
11011,0,0,0,0,0,0,0,18,0,0,0,0
11012,0,0,0,0,0,21,0,0,0,0,0,0
11013,0,0,0,0,1,6,0,0,0,0,0,0
11014,0,28,0,0,0,0,547,59,0,0,0,0
11015,0,0,0,0,9,63,0,0,0,0,4,0
11016,0,0,0,0,0,2,0,0,0,0,0,0
11017,0,160,0,0,0,0,3,0,0,0,0,0
11018,0,0,0,0,0,0,0,0,0,12,7,0
11019,0,0,0,0,0,2,0,0,0,0,0,0
11020,0,0,0,0,0,12,0,0,0,81,7325,8
11021,0,5,0,0,0,0,0,0,0,0,0,0
11022,0,0,0,0,0,1,0,0,0,2,156,0
11023,9,1245,5,0,0,0,16,0,0,0,0,0
11024,0,54,23,0,0,0,1,0,0,0,0,0
11025,0,0,0,4,15,118,0,0,0,0,0,0
11026,0,0,0,12,4,69,0,0,0,0,0,0
11027,0,0,0,2,2,30,0,0,0,0,0,0
11028,0,0,0,0,1,43,0,0,0,0,0,0
11029,0,0,0,0,1,0,67,446,2,0,0,0
11030,0,37,0,0,0,0,0,0,0,0,0,0
11031,0,0,0,0,0,0,0,0,0,3,69,0
11032,0,0,0,19,62,58,0,0,0,0,0,0
11033,0,0,0,4,29,2,0,0,0,0,0,0
11034,0,0,0,0,0,0,0,0,0,1,45,0
11035,3,58,28,0,0,0,0,0,0,0,0,0
11036,0,0,1,0,0,0,0,0,0,59,302,0
11037,0,0,0,3,1,13,0,0,0,0,0,0
11038,0,0,0,20,9,88,0,0,0,0,1,0
11039,0,0,0,2,5,111,0,0,0,0,0,0
11040,0,0,0,0,0,2,0,0,0,0,0,0
11041,16,298,3,0,0,0,1,0,0,0,0,0
11042,35,0,0,0,6,0,437,1772,180,0,0,0
11043,0,0,0,0,9,14,0,0,0,0,0,0
11044,0,0,0,0,5,28,0,0,0,0,0,0
11045,0,0,0,3,12,133,0,0,0,0,0,0
11046,0,0,0,0,0,51,0,0,0,0,0,0
11047,11,95,0,0,0,0,0,0,0,0,0,0
11048,0,0,0,0,2,0,419,107,2,0,0,0
11049,0,0,0,0,1247,264,0,8,0,0,0,0
11050,0,0,0,0,0,5,0,0,0,47,1206,3
11051,0,0,0,0,0,0,0,0,0,53,4,6
11052,6,312,1,0,0,0,12,0,0,0,0,0
11053,0,0,0,0,0,0,51,61,1,0,0,0
11054,1,61,2,0,0,0,0,0,0,0,0,0
11055,0,0,0,0,0,0,14,55,3,0,0,0
11056,0,0,0,0,0,70,0,0,0,0,0,0
11057,3,77,2,0,0,0,0,0,0,0,0,0
11058,0,0,0,0,0,0,0,0,0,2,418,2
11059,0,0,0,4,33,56,0,0,0,0,0,0
11060,0,0,0,0,0,0,0,0,0,47,2,1
11061,2,112,1,0,0,0,0,0,0,0,0,0
11062,1,188,26,0,0,0,2,0,0,0,0,0
11063,0,0,0,0,0,0,0,0,0,0,0,0
11064,0,0,0,0,0,0,1,32,2,0,0,0
11065,0,0,0,0,0,0,0,41,3,0,0,0
11066,0,0,0,1,3,198,0,0,0,0,2,0
11067,0,0,0,0,0,0,0,0,0,17,133,4
11068,0,0,0,3,11,70,0,1,0,0,0,0
11069,0,0,0,10,41,70,0,0,0,0,0,0
11070,0,0,0,0,5,1,0,0,0,0,0,0
11071,0,0,0,0,0,0,811,215,400,0,0,0
11072,0,0,0,0,0,3,0,0,0,0,0,0
11073,0,0,0,0,0,11,0,0,0,0,0,0
11074,0,0,0,0,0,0,0,0,0,0,0,0
11075,0,0,0,22,9,608,0,0,0,0,2,0
11076,0,0,0,1,1,93,0,0,0,0,0,0
11077,0,0,0,0,14,51,0,0,0,0,0,0
11078,0,0,0,8,37,141,0,0,0,0,1,0
11079,0,0,0,7,1,2,0,0,0,0,0,0
11080,0,0,0,0,13,30,0,0,0,0,0,0
11081,0,0,0,10,7,80,0,0,0,0,0,0
11082,0,0,0,0,9,7,0,0,0,0,0,0
11083,0,0,0,0,0,0,0,0,0,0,0,0
11084,0,0,0,0,0,32,0,0,0,0,0,0
11085,194,146,2,1,0,0,0,0,0,0,0,0
11086,0,0,0,0,0,153,0,0,0,0,0,0
11087,0,2,0,0,0,0,292,2,28,0,0,0
11088,8,178,23,0,0,0,0,0,0,0,0,0
11089,12,71,144,0,0,0,0,0,0,1,0,0
11090,11,23,28,0,0,0,1,0,0,0,0,0
11091,2,82,13,0,0,0,0,0,0,0,0,0
11092,0,0,0,28,6,139,0,0,0,0,0,0
11093,0,1,0,0,0,0,105,43,6,0,0,0
11094,0,0,0,0,0,2,0,0,0,1,973,0
11095,0,0,0,0,0,13,0,0,0,128,3229,10
11096,0,0,0,0,20,38,0,0,0,0,0,0
11097,0,0,0,2,1,17,0,0,0,0,1,0
11098,0,0,0,3,2,587,0,0,0,0,1,0
11099,0,0,0,0,8,31,0,0,0,0,0,0
11100,0,0,0,0,0,60,0,0,0,0,1,0
11101,0,27,1,0,0,0,0,0,0,0,0,0
11102,0,0,0,0,0,5,0,0,0,24,1262,0
11103,0,0,0,0,0,0,0,0,0,147,387,3
11104,0,0,0,10,15,51,0,0,0,0,0,0
11105,0,0,0,2,11,159,0,0,0,0,1,0
11106,0,0,0,0,2,19,0,0,0,0,0,0
11107,0,0,0,46,1,38,0,0,0,0,0,0
11108,0,0,0,0,0,0,70,289,1,0,0,0
11109,0,0,0,0,0,357,0,0,0,0,5249,2
11110,0,0,0,2,19,80,0,0,0,0,6,0
11111,10,132,44,0,0,0,0,0,0,0,0,0
11112,0,0,0,0,2,286,0,0,0,0,2,0
11113,0,0,0,0,0,0,104,68,5,0,0,0
11114,0,3,0,0,1,0,871,271,1,0,0,0
11115,0,0,0,0,1,0,3,90,0,0,0,0
11116,0,0,0,0,1,22,0,0,0,0,0,0
11117,10,9878,1,0,0,0,89,0,0,0,0,0
11118,0,0,0,1,6,61,0,0,0,0,0,0
11119,0,0,0,0,0,37,0,0,0,0,0,0
11120,1,209,0,0,0,0,0,0,0,0,0,0
11121,0,0,0,0,3,88,0,0,0,0,0,0
11122,0,0,0,57,13,24,0,0,0,0,0,0
11123,0,0,0,0,0,0,93,25,1,0,0,0
11124,0,0,0,0,0,10,0,0,0,1,2235,0
11125,0,0,0,9,6,85,0,0,0,0,0,0
11126,1,54,0,0,0,0,0,0,0,0,0,0
11127,0,0,0,5,0,418,0,0,0,0,1,0
11128,0,0,0,0,0,0,80,132,3,0,0,0
11129,0,0,0,0,19,5,0,0,0,0,0,0
11130,0,0,0,0,0,0,0,0,0,1,39,2
11131,0,0,0,18,8,36,0,0,0,0,0,0
11132,0,0,0,0,17,0,11,2679,0,0,0,0
11133,0,0,0,0,0,0,0,0,0,1,19,3
11134,0,0,0,66,18,78,0,0,0,0,0,0
11135,0,0,0,1,7,56,0,0,0,0,0,0
11136,0,0,0,0,6,11,0,0,0,0,0,0
11137,0,0,0,207,18,78,0,0,0,0,0,0
11138,0,0,0,0,0,0,61,158,2,0,0,0
11139,0,0,0,0,0,0,0,0,0,1,662,0
11140,59,74,21,0,0,0,0,0,0,0,0,0
11141,1,43,1,0,0,0,0,0,0,0,0,0
11142,0,0,0,0,0,54,0,0,0,0,0,0
11143,0,0,0,0,0,0,18,39,3,0,0,0
11144,49,503,38,0,0,0,0,0,0,0,0,0
11145,0,0,0,0,0,36,0,0,0,0,0,0
11146,0,0,0,0,2,0,188,809,29,0,0,0
11147,0,0,0,1,10,22,0,0,0,0,0,0
11148,0,0,0,0,26,5,0,0,0,0,0,0
11149,0,0,0,8,7,83,0,0,0,0,0,0
11150,0,0,0,0,0,0,77,4,3,0,0,0
11151,0,0,0,1,0,1,0,0,0,0,0,0
11152,0,0,0,0,0,8,0,0,0,40,1920,1
11153,0,16,1,0,0,0,0,0,0,0,0,0
11154,0,155,0,0,0,0,0,0,0,0,0,0
11155,0,48,21,0,0,0,0,0,0,0,0,0
11156,0,0,0,0,0,0,0,0,0,1,4,1
11157,1,2,0,0,0,0,0,0,0,0,0,0
11158,0,0,0,1,4,245,0,0,0,0,0,0
11159,0,6,0,0,0,0,0,0,0,0,0,0
11160,0,558,2,0,0,0,22,0,0,0,0,0
11161,0,0,0,0,0,0,276,36,3,0,0,0
11162,0,0,0,0,0,0,0,0,0,1,10,1
11163,1,1,0,0,0,0,0,0,0,0,0,0
11164,0,0,0,3,6,117,0,0,0,0,0,0
11165,0,0,0,0,0,0,3,286,0,0,0,0
11166,0,0,0,0,0,0,0,0,0,0,11,0
11167,8,165,4,0,0,0,0,0,0,0,0,0
11168,0,0,0,0,1,58,0,0,0,0,0,0
11169,0,0,0,14,0,1,0,0,0,0,0,0
11170,0,0,0,0,11,155,0,0,0,0,0,0
11171,0,0,0,0,0,0,0,0,0,69,146,3
11172,0,0,0,0,0,1,0,0,0,0,0,0
11173,0,0,0,0,0,100,0,0,0,105,3173,2
11174,0,0,0,3,1,1,0,0,0,0,0,0
11175,0,0,0,0,0,0,1,3,3,0,0,0
11176,0,0,0,0,0,246,0,0,0,0,0,0
11177,0,0,0,0,2,22,0,0,0,0,0,0
11178,0,0,0,1,0,1,0,0,0,0,0,0
11179,0,0,0,0,0,0,140,5,3,0,0,0
11180,0,0,0,0,5,2,0,0,0,0,0,0
11181,0,0,0,7,1,0,0,0,0,0,0,0
11182,0,0,0,0,0,81,0,0,0,0,0,0
11183,0,0,0,0,3,109,0,0,0,0,1,0
11184,0,0,0,0,1,4,0,0,0,0,0,0
11185,0,0,0,0,0,0,154,5,49,0,0,0
11186,0,0,0,0,4,71,0,0,0,0,0,0
11187,0,0,0,0,0,63,0,0,0,0,0,0
11188,2,142,1,0,0,0,0,0,0,0,0,0
11189,0,0,0,0,0,0,0,0,0,0,3,2
11190,0,0,0,0,0,0,0,0,0,0,10,0
11191,0,0,0,11,24,86,0,0,0,0,0,0
11192,0,0,0,2,29,70,0,0,0,0,0,0
11193,0,0,0,0,0,0,0,0,0,0,54,4
11194,0,0,0,20,22,57,0,0,0,0,0,0
11195,0,0,0,0,0,13,0,0,0,71,2645,0
11196,0,0,0,0,59,4,0,0,0,0,0,0
11197,0,0,0,31,4,70,0,0,0,0,0,0
11198,0,3,0,0,0,0,1175,13,1,0,0,0
11199,0,0,0,0,0,4,0,0,0,2,1625,0
11200,0,0,0,0,0,4,0,0,0,42,3313,2
11201,1,1341785,1,0,0,0,2827,63,1,0,0,0
11202,0,0,0,0,0,0,0,0,0,33,173,3
11203,0,0,0,33,10,232,0,0,0,0,63,0
11204,0,0,0,0,0,0,327,60,4,0,0,0
11205,0,0,0,0,7,15,0,0,0,0,0,0
11206,14,214,3,0,0,0,0,0,0,0,0,0
11207,0,0,0,0,0,0,45,63,1,0,0,0
11208,0,0,0,0,0,3,0,0,0,0,551,1
11209,0,0,0,6,11,77,0,0,0,0,0,0
11210,0,0,0,1,0,34,0,0,0,0,0,0
11211,1,70,0,0,0,0,0,0,0,0,0,0
11212,0,0,0,0,0,101,0,0,0,0,0,0
11213,0,0,0,0,1,74,0,0,0,0,0,0
11214,0,0,0,1,4,11,0,0,0,0,0,0
11215,0,0,0,1,0,52,0,0,0,0,0,0
11216,0,33,0,0,0,0,1,0,0,0,0,0
11217,0,139,1,0,0,0,0,0,0,0,0,0
11218,0,0,0,2,0,408,0,0,0,0,5,0
11219,1,86,0,0,0,0,0,0,0,0,0,0
11220,0,0,0,1,1,97,0,0,0,0,0,0
11221,0,0,0,0,0,0,89,263,28,0,0,0
11222,0,0,0,0,12,0,220,916,11,0,0,0
11223,0,0,0,0,0,41,0,0,0,0,0,0
11224,0,0,0,0,0,7,0,0,0,13,2229,11
11225,0,0,0,0,0,43,0,0,0,0,0,0
11226,0,7,4,0,0,0,0,0,0,0,0,0
11227,0,0,0,0,0,625,0,0,0,0,3,0
11228,2,18,5,0,0,0,0,0,0,0,0,0
11229,0,0,0,0,0,2,0,0,0,0,0,0
11230,0,0,0,0,7,0,71,2415,2,0,0,0
11231,0,0,0,0,0,0,0,0,0,0,2,0
11232,0,0,0,0,0,0,0,0,0,2,3,0
11233,0,0,0,30,7,152,0,0,0,0,0,0
11234,0,0,0,0,0,0,39,8,3,0,0,0
11235,0,0,3,0,0,0,0,0,0,252,1216,0
11236,0,0,0,98,0,46,0,0,0,0,0,0
11237,2,45,0,0,0,0,1,0,0,0,0,0
11238,0,2,0,0,0,0,217,23,1,0,0,0
11239,0,0,0,2,4,332,0,0,0,0,14,0
11240,0,0,0,0,2,0,0,0,0,0,0,0
11241,0,0,0,0,0,0,1,31,0,0,0,0
11242,0,0,0,0,0,0,1,4,0,0,0,0
11243,0,0,0,0,2,0,148,1547,3,0,0,0
11244,0,0,0,0,0,35,0,0,0,0,0,0
11245,0,2,0,0,0,0,150,126,1,0,0,0
11246,160,1115,44,0,0,0,2,0,0,0,0,0
11247,0,0,0,9,8,60,0,0,0,0,1,0
11248,0,0,0,0,0,0,76,43,0,0,0,0
11249,0,0,0,0,0,0,0,0,0,8,277,0
11250,0,1,0,0,0,0,849,16,0,0,0,0
11251,0,0,0,0,1,32,0,0,0,0,0,0
11252,9,324,0,0,0,0,0,0,0,0,0,0
11253,0,0,0,0,0,1,0,0,0,0,0,0
11254,0,0,0,0,14,64,0,0,0,0,0,0
11255,0,111,0,0,0,0,0,0,0,0,0,0
11256,0,0,0,2,0,3,0,0,0,0,0,0
11257,0,0,0,0,0,0,45,10,1,0,0,0
11258,4,73,3,0,0,0,0,0,0,0,0,0
11259,0,0,0,0,0,4,0,0,0,10,243,1
11260,39,104,1,0,0,0,0,0,0,0,0,0
11261,0,0,0,0,1,4,0,0,0,0,0,0
11262,0,0,0,0,0,0,1,9,0,0,0,0
11263,0,0,0,0,0,0,1,50,1,0,0,0
11264,0,0,0,1,0,48,0,0,0,0,0,0
11265,0,0,0,0,6,4,0,1,0,0,0,0
11266,0,1,0,0,3,0,206,1081,47,0,0,0
11267,0,0,0,0,0,0,74,40,2,0,0,0
11268,0,185,43,0,0,0,0,0,0,2,0,0
11269,0,0,0,0,6,241,0,0,0,0,0,0
11270,9,508,0,0,0,0,0,0,0,0,0,0
11271,0,0,0,3,0,21,0,0,0,0,0,0
11272,0,0,0,0,2,0,80,220,18,0,0,0
11273,0,0,0,0,1,0,115,472,1,0,0,0
11274,0,0,0,14,1,19,0,0,0,0,0,0
11275,0,0,0,9,5,80,0,0,0,0,0,0
11276,0,0,0,0,0,0,74,8,0,0,0,0
11277,1,422,2,0,0,0,1,0,0,0,0,0
11278,0,0,0,0,3,476,0,0,0,0,4,0
11279,0,80,8,0,0,0,0,0,0,0,0,0
11280,0,0,0,0,0,1,0,0,0,51,685,2
11281,0,0,0,5,2,61,0,0,0,0,0,0
11282,5,31,1,0,0,0,7,0,0,0,0,0
11283,0,0,0,0,0,0,89,3,20,0,0,1
11284,0,0,0,0,28,63,0,0,0,0,0,0
11285,0,0,0,3,7,79,0,0,0,0,9,0
11286,0,0,0,0,5,11,0,0,0,0,0,0
11287,0,0,0,0,1,0,107,212,12,0,0,3
11288,223,0,0,3898,39,19,0,0,0,0,0,0
11289,0,0,198,0,0,0,0,0,0,236,312,0
11290,0,0,0,56,211,115,0,7,0,0,0,0
11291,0,820,0,0,1,0,10628,18,20,3,0,0
11292,0,0,0,0,9,0,64,256,0,0,0,0
11293,7,0,0,11,22,44,0,0,0,0,0,0
11294,7,0,0,18,8,33,0,0,0,0,0,0
11295,7,0,0,13,14,273,0,0,0,0,0,0
11296,0,3,0,17,18326,19,0,1177,0,0,0,0
11297,1,71,0,0,0,0,0,0,0,0,0,0
11298,1,238,3,0,0,0,0,0,0,0,0,0
11299,0,0,0,0,6,0,192,495,4,0,0,0
11300,0,0,0,0,0,32,0,0,0,23,1106,0
11301,0,0,0,5,0,126,0,0,0,0,111,0
11302,5,43,2,0,0,0,0,0,0,0,0,0
11303,0,16,25,0,0,0,0,0,0,0,0,0
11304,1,99,4,0,0,0,0,0,0,0,0,0
11305,18,99,5,0,0,0,0,0,0,0,0,0
11306,0,0,0,0,0,0,157,41,1,0,0,0
11307,2,46,11,0,0,0,30,0,0,0,0,0
11308,0,0,0,0,1,0,0,0,0,86,509,1
11309,0,0,0,6,7,0,0,0,0,0,0,0
11310,0,0,0,0,1,0,163,180,1,0,0,0
11311,0,0,0,2,1,70,0,0,0,0,0,0
11312,0,1,0,0,0,0,360,24,0,0,0,0
11313,0,0,0,0,7,47,0,0,0,0,1,0
11314,0,0,0,1,8,73,0,0,0,0,0,0
11315,0,194,0,0,0,0,1,0,0,0,0,0
11316,0,0,0,0,1,40,0,0,0,0,0,0
11317,0,0,0,0,0,0,86,33,1,0,0,0
11318,0,0,0,0,0,9,0,0,0,0,0,0
11319,3,472,0,0,0,0,8,0,0,0,0,0
11320,0,0,0,0,1,118,0,0,0,0,0,0
11321,0,0,0,0,0,0,103,9,0,0,0,0
11322,0,0,0,0,0,17,0,0,0,1,874,0
11323,9,269,5,0,0,0,1,0,0,0,0,0
11324,0,0,0,2,39,14,0,0,0,0,0,0
11325,0,0,0,0,0,30,0,0,0,0,1822,0
11326,51,144,14,0,0,0,0,0,0,0,0,0
11327,0,0,0,0,1,0,138,78,2,0,0,0
11328,0,0,0,0,0,5,0,0,0,0,297,1
11329,0,0,0,2,7,71,0,0,0,0,0,0
11330,0,0,0,0,0,0,257,279,34,0,0,0
11331,0,0,0,0,5,6,0,0,0,0,0,0
11332,13,1341164,0,2,5,0,2710,2721,2,0,0,0
11333,0,0,0,0,0,0,81,1239,3,0,0,0
11334,0,0,0,0,2,32,0,0,0,0,0,0
11335,0,10,0,0,9,0,740,3659,73,0,0,0
11336,0,0,0,0,4,44,0,0,0,0,0,0
11337,0,0,0,0,0,995,0,0,0,0,25,0
11338,1,94,5,0,0,0,0,0,0,0,0,0
11339,0,0,0,0,0,3,0,0,0,24,881,4
11340,0,0,0,1,0,2,0,0,0,0,0,0
11341,3,24,4,0,0,0,0,0,0,0,0,0
11342,7,80,16,0,0,0,0,0,0,0,0,0
11343,0,0,0,0,43,188,0,0,0,0,0,0
11344,0,0,0,0,0,7,0,0,0,49,851,8
11345,0,0,0,0,0,0,0,0,0,14,1674,0
11346,0,0,0,1,0,5,0,0,0,0,0,0
11347,0,0,0,37,0,58,0,0,0,0,0,0
11348,0,106,0,0,0,0,0,0,0,0,0,0
11349,0,0,0,0,0,127,0,0,0,0,1,0
11350,0,1,0,0,0,0,22,128,3,0,0,0
11351,0,51,0,0,0,0,0,0,0,0,0,0
11352,0,0,0,0,0,0,0,0,0,0,15,0
11353,8,68,23,0,0,0,0,0,0,0,0,0
11354,0,0,0,0,0,0,31,15,0,0,0,0
11355,0,0,0,0,0,0,0,0,0,2,1321,6
11356,157,109,12,0,0,0,0,0,0,0,0,0
11357,1,5,22,0,0,0,0,0,0,0,0,0
11358,0,2,0,0,0,0,297,1,0,0,0,0
11359,2,55,0,0,0,0,0,0,0,0,0,0
11360,0,1,2,0,0,0,0,0,0,0,0,0
11361,0,0,1,0,0,0,0,0,0,9,7,0
11362,0,0,0,8,11,398,0,0,0,0,1,0
11363,0,0,0,0,0,0,6,1,0,0,0,0
11364,0,0,0,0,0,7,0,0,0,0,1,0
11365,0,0,0,0,20,0,190,7240,61,0,0,0
11366,0,0,0,0,75,2,0,1,0,0,0,0
11367,75,9,0,2,0,0,0,0,0,0,0,0
11368,0,0,0,0,0,188,0,0,0,0,0,0
11369,0,0,0,0,0,0,1,3,0,0,0,0
11370,0,1,17,0,0,0,0,0,0,0,0,0
11371,0,0,0,0,0,140,0,0,0,0,0,0
11372,0,0,0,0,3,0,22,76,4,0,0,0
11373,2,3,23,0,0,0,0,0,0,0,0,0
11374,0,0,0,2,2,195,0,0,0,0,0,0
11375,0,4,0,0,0,0,578,35,0,0,0,0
11376,0,0,0,0,0,0,6,22,0,0,0,0
11377,0,0,0,19,2,169,0,0,0,0,0,0
11378,0,0,0,0,0,0,52,19,2,0,0,0
11379,0,0,0,0,0,148,0,0,0,1,3007,1
11380,0,0,0,7,3,112,0,0,0,0,24,0
11381,0,1,0,0,0,0,0,0,0,0,0,0
11382,0,0,0,0,0,0,0,1,0,0,0,0
11383,0,5,0,0,0,0,138,1,0,0,0,0
11384,0,0,19,0,0,0,0,0,0,0,0,0
11385,0,0,0,0,0,0,4,1,2,0,0,0
11386,0,373,0,0,0,0,3,0,0,0,0,0
11387,0,1,0,0,1,0,81,73,1,0,0,0
11388,0,0,0,0,6,31,0,0,0,0,0,0
11389,0,9,0,0,0,0,355,101,2,0,0,0
11390,0,0,0,0,0,0,0,0,0,0,0,0
11391,0,0,0,0,0,0,0,1,0,0,0,0
11392,0,0,0,0,0,0,0,1,0,0,0,0
11393,0,0,0,0,0,0,0,0,0,0,0,0
11394,0,0,0,0,0,1,0,0,0,0,107,0
11395,0,287,21,0,0,0,0,0,0,0,0,0
11396,0,0,0,0,0,15,0,0,0,146,3867,31
11397,0,0,0,1,0,2,0,0,0,0,0,0
11398,0,0,0,3,3,60,0,0,0,0,0,0
11399,2,210,0,0,0,0,0,0,0,0,0,0
11400,0,0,0,0,0,37,0,0,0,0,0,0
11401,0,0,0,0,17,0,30,2881,42,0,0,0
11402,0,1,0,0,0,0,0,0,0,0,0,0
11403,1,13,6,0,0,0,0,0,0,0,0,0
11404,0,0,0,0,0,82,0,0,0,0,0,0
11405,0,0,0,0,0,0,130,9,2,0,0,0
11406,0,0,0,0,0,101,0,0,0,0,0,0
11407,0,0,0,0,0,2,0,0,0,20,1045,3
11408,0,0,0,2,13,62,0,0,0,0,1,0
11409,0,0,0,2,0,27,0,0,0,0,0,0
11410,0,10,0,0,0,0,231,112,139,0,0,0
11411,0,205,0,0,0,0,0,0,0,0,0,0
11412,0,0,0,0,0,1,0,0,0,0,222,0
11413,1,124,7,0,0,0,1,0,0,0,0,0
11414,0,0,0,0,0,1,0,0,0,34,313,0
11415,0,0,0,0,0,1,0,0,0,0,0,0
11416,0,0,0,0,0,0,0,0,0,70,1152,1
11417,0,0,0,0,45,1,505,16381,4,0,0,0
11418,0,0,0,0,7,108861,0,0,0,0,28930,0
11419,0,0,0,0,14,104,0,1,0,0,0,0
11420,0,0,0,0,0,5,0,0,0,0,0,0
11421,3,80,0,0,0,0,0,0,0,0,0,0
11422,0,0,0,0,0,1088,0,0,0,0,29,0
11423,0,0,0,0,0,0,0,0,0,0,0,0
11424,1,53,2,0,0,0,0,0,0,0,0,0
11425,1,29,11,0,0,0,0,0,0,0,0,0
11426,0,0,0,0,1,0,134,283,3,0,0,0
11427,0,0,0,1,6,81,0,0,0,0,0,0
11428,0,0,0,28,6,51,0,0,0,0,0,0
11429,0,0,0,0,1,14,0,0,0,0,0,0
11430,2,613,3,0,0,0,5,0,0,0,0,0
11431,0,0,0,0,1,50,0,0,0,0,0,0
11432,0,0,0,1,0,10,0,0,0,0,0,0
11433,1,128,2,0,0,0,0,0,0,0,0,0
11434,0,0,0,0,0,147,0,0,0,0,1,0
11435,0,0,0,0,0,0,15,3,1,0,0,0
11436,0,0,0,0,0,0,30,22,1,0,0,0
11437,0,0,0,1,0,30,0,0,0,0,0,0
11438,11,259,0,0,0,0,0,0,0,0,0,0
11439,1,506,32,0,0,0,0,0,0,0,0,0
11440,0,0,0,8,5,183,0,0,0,0,0,0
11441,0,0,0,0,0,0,41,12,1,0,0,0
11442,0,0,0,0,0,1,0,0,0,3,250,1
11443,0,0,0,2,13,58,0,1,0,0,0,0
11444,0,0,0,2,3,18,0,0,0,0,1,0
11445,0,0,0,0,0,12,0,0,0,0,0,0
11446,1,878,0,0,0,0,3,0,0,0,0,0
11447,0,0,0,0,0,0,160,22,1,0,0,0
11448,6,101,19,0,0,0,0,0,0,0,0,0
11449,0,0,0,0,13,1044,0,0,0,0,0,0
11450,0,0,9,0,0,0,0,0,0,2136,3,0
11451,0,6739,0,0,0,0,183,0,0,0,0,0
11452,0,35,14,0,0,0,0,0,0,0,0,0
11453,0,0,0,0,0,0,112,42,2,0,0,0
11454,0,0,0,0,0,0,0,0,0,0,1144,2
11455,0,0,2,0,0,27,0,0,0,116,6488,8
11456,4,90730,30,0,0,0,1120,3,0,0,0,0
11457,0,0,0,1,14,144,0,0,0,0,3,0
11458,0,0,0,18,3,53,0,0,0,0,0,0
11459,0,0,0,3,217,13,0,1,0,0,0,0
11460,0,0,0,0,0,0,0,0,0,41,264,1
11461,0,0,0,0,0,1,0,0,0,16,623,0
11462,3,150,6,0,0,0,0,0,0,0,0,0
11463,0,0,0,22,1,58,0,0,0,0,0,0
11464,0,7,0,0,0,0,2030,29,4,0,0,0
11465,0,0,0,0,4,3,0,0,0,0,0,0
11466,0,0,0,0,0,0,1,16,0,0,0,0
11467,0,0,0,0,0,0,0,25,1,0,0,0
11468,0,0,0,0,1,0,3,21,0,0,0,0
11469,0,0,0,0,0,0,0,0,0,0,0,3
11470,0,0,0,7,16,617,0,0,0,0,0,0
11471,0,0,0,0,0,9,0,0,0,4,2149,0
11472,0,0,0,0,0,1,0,0,0,0,0,0
11473,0,0,0,0,9,197,0,0,0,0,0,0
11474,10,484,4,0,0,0,2,0,0,0,0,0
11475,0,0,0,0,1,433,0,0,0,0,0,0
11476,7,179,1,0,0,0,1,0,0,0,0,0
11477,1,42,12,0,0,0,0,0,0,0,0,0
11478,0,0,0,0,5,138,0,0,0,0,0,0
11479,0,0,0,0,0,1,0,0,0,76,544,0
11480,0,0,0,0,9,2,0,0,0,0,0,0
11481,0,0,0,0,0,0,0,0,0,1,1,0
11482,0,0,0,253,5,206,0,0,0,0,0,0
11483,0,0,0,0,0,0,174,16,3,0,0,0
11484,0,0,0,0,0,19,0,0,0,0,0,0
11485,0,0,0,25,4,320,0,0,0,0,1,0
11486,6,5,0,0,0,0,0,0,0,0,0,0
11487,0,0,0,0,0,0,0,0,0,3,8,2
11488,0,0,0,23,27,246,0,1,0,0,0,0
11489,0,0,0,0,0,1,0,0,0,0,0,0
11490,0,0,0,0,0,0,0,0,0,1,5,2
11491,0,0,0,0,0,103,0,0,0,0,0,0
11492,2,0,0,0,0,0,0,0,0,0,0,0
11493,1,1,1,0,0,0,0,0,0,0,0,0
11494,0,0,0,0,0,1,0,0,0,0,304,0
11495,0,0,0,0,0,4,0,0,0,0,0,0
11496,0,1,0,0,0,0,0,0,0,0,0,0
11497,0,0,0,0,0,120,0,0,0,0,11054,0
11498,0,0,0,4,0,0,0,0,0,0,0,0
11499,0,0,0,0,0,0,0,0,0,0,8,0
11500,46,155,6,0,0,0,6,0,0,0,0,0
11501,0,0,0,0,0,0,32,145,0,0,0,0
11502,0,0,0,0,0,0,0,6,3,0,0,0
11503,0,0,0,1,2,125,0,0,0,0,1,0
11504,0,0,0,0,0,0,143,55,1,0,0,0
11505,0,0,0,0,0,8,0,0,0,0,0,0
11506,76,449,3,0,0,0,0,0,0,0,0,0
11507,0,10,0,0,0,0,7770,1,0,0,0,0
11508,0,0,0,0,0,3,0,0,0,0,0,0
11509,0,0,0,33,2,145,0,0,0,0,0,0
11510,0,36,0,0,0,0,0,0,0,0,0,0
11511,0,0,0,0,0,0,0,0,0,1,694,2
11512,24,60,2,0,0,0,0,0,0,0,0,0
11513,1,100,6,0,0,0,1,0,0,0,0,0
11514,0,0,0,0,1,29039,0,0,2,0,114172,46
11515,0,0,0,9,10,79,0,0,0,0,0,0
11516,0,1,0,0,0,0,192,67,4,0,0,0
11517,0,0,0,1,7,31,0,0,0,0,0,0
11518,0,0,0,0,0,5,0,0,0,39,1208,2
11519,5,86,10,0,0,0,0,0,0,0,0,0
11520,0,0,0,1,0,7,0,0,0,0,0,0
11521,0,0,0,0,45,3,384,4128,27,0,0,0
11522,0,0,0,3,809,31,0,1,0,0,0,0
11523,0,0,0,2,31,1,0,0,0,0,0,0
11524,0,0,0,3,5,238,0,0,0,0,0,0
11525,0,0,0,3,18,43,0,0,0,0,0,0
11526,0,0,0,0,3,174,0,0,0,0,0,0
11527,0,2,0,0,2,0,376,1018,7,0,0,0
11528,0,0,0,0,0,0,19,55,0,0,0,0
11529,0,0,0,0,0,0,0,0,0,0,6,0
11530,0,0,0,0,0,3,0,0,0,23,751,4
11531,0,10,8,0,0,0,0,0,0,0,0,0
11532,0,1,0,0,0,0,33,1,1,0,0,0
11533,1,2610,10,0,0,0,2,0,0,0,0,0
11534,0,2,0,0,0,0,314,266,0,0,0,0
11535,0,0,0,0,0,0,0,0,0,0,0,0
11536,0,0,0,0,92,31,0,0,0,0,0,0
11537,61,227872,23,0,0,0,82,10,1,0,0,0
11538,0,0,0,0,30,40,0,0,0,0,0,0
11539,0,0,0,13,9,92,0,4,0,0,0,0
11540,0,0,0,0,6,0,244,619,3,0,0,0
11541,0,0,0,0,202,16,0,0,0,0,0,0
11542,0,0,0,17,10,82,0,0,0,0,0,0
11543,0,0,0,1,9,49,0,0,0,0,0,0
11544,0,0,0,14,6,233,0,0,0,0,2,0
11545,0,0,0,3,0,14,0,0,0,0,0,0
11546,23,546,0,0,0,0,1,0,0,0,0,0
11547,0,0,0,8,9,179,0,0,0,0,0,0
11548,0,0,0,0,0,0,205,102,2,0,0,0
11549,0,0,0,1,2,54,0,0,0,0,1,0
11550,0,0,0,0,0,0,69,40,1,0,0,0
11551,0,0,0,0,1,106,0,0,0,0,0,0
11552,0,1,0,0,0,0,215,145,86,0,0,0
11553,0,0,0,1,1,17,0,0,0,0,0,0
11554,0,0,0,6,1,248,0,0,0,0,1,0
11555,0,0,0,0,0,0,34,2,0,0,0,0
11556,6,126,18,0,0,0,0,0,0,0,0,0
11557,0,0,0,0,6,0,78,1388,0,0,0,0
11558,0,0,0,0,5,37,0,0,0,0,0,0
11559,3,381,1,0,0,0,5,0,0,0,0,0
11560,0,0,0,0,0,111,0,0,0,0,0,0
11561,0,0,0,73,20,57,0,0,0,0,0,0
11562,0,0,0,0,732,0,105,37973,17,0,0,0
11563,0,0,0,0,0,12,0,0,0,11,2678,7
11564,0,0,1,0,0,1,0,0,0,220,1258,0
11565,0,0,0,0,0,10,0,0,0,29,1571,0
11566,4,0,0,109,9,38,0,0,0,0,0,0
11567,7,220,0,0,0,0,1,0,0,0,0,0
11568,0,0,0,2,3,68,0,0,0,0,0,0
11569,0,0,0,4,111,21,0,2,0,0,0,0
11570,0,0,0,3,51,52,0,0,0,0,0,0
11571,0,0,0,1,7,7,0,0,0,0,0,0
11572,0,0,0,0,0,213,0,0,0,47,14776,1
11573,0,0,0,13,652,48,0,21,0,0,0,0
11574,0,0,0,3,37,37,0,0,0,0,0,0
11575,0,0,0,0,0,40,0,0,0,13,4685,26
11576,948,476,20,2,0,0,1,0,0,0,0,0
11577,0,0,0,8,1,251,0,0,0,0,1,0
11578,1,68,2,0,0,0,1,0,0,0,0,0
11579,0,46,1,0,0,0,0,0,0,0,0,0
11580,0,0,0,0,0,0,0,0,0,47,149,4
11581,1,0,0,64,25,106,0,0,0,0,0,0
11582,0,0,0,0,0,0,121,2,0,0,0,0
11583,0,0,0,0,0,0,61,28,0,0,0,0
11584,0,0,0,1,0,49,0,0,0,0,0,0
11585,0,35,0,0,0,0,1,0,0,0,0,0
11586,7,102,11,0,0,0,1,0,0,0,0,0
11587,0,0,0,2,1,619,0,0,0,0,4,0
11588,1,77,1,0,0,0,0,0,0,0,0,0
11589,0,0,0,0,0,0,0,0,0,29,231,0
11590,4,40,16,0,0,0,0,0,0,0,0,0
11591,0,0,0,0,0,12,0,0,0,76,1467,1
11592,0,0,0,4,3,9,0,0,0,0,0,0
11593,0,0,0,185,23,113,0,0,0,0,0,0
11594,0,0,0,0,0,0,0,0,0,7,5,18
11595,2,5729,12,0,0,0,14,0,0,0,0,0
11596,0,0,0,0,3,0,44,1474,12,0,0,0
11597,0,0,0,2,5,9,0,0,0,0,0,0
11598,0,0,0,0,0,0,38,14,1,0,0,0
11599,0,0,0,1,0,47,0,0,0,0,0,0
11600,0,649,3,0,0,0,1,0,0,0,0,0
11601,0,0,0,1,1,423,0,0,0,0,2,0
11602,11,15,1,0,0,0,0,0,0,0,0,0
11603,4,27,161,0,0,0,0,0,0,0,0,0
11604,0,0,0,1,0,65,0,0,0,0,0,0
11605,0,0,0,0,0,0,23,133,2,0,0,0
11606,0,0,1,0,0,3,0,0,0,118,526,1
11607,0,0,0,0,0,10,0,0,0,0,0,0
11608,25,50,0,0,0,0,0,0,0,0,0,0
11609,0,1,0,0,0,0,239,169,2,0,0,0
11610,0,0,0,0,3,36,0,0,0,0,0,0
11611,0,0,0,0,6,44,0,0,0,0,0,0
11612,0,0,0,0,0,6,0,0,0,0,0,0
11613,1,0,0,0,0,0,0,0,0,0,0,0
11614,0,0,0,0,0,107,0,0,0,0,3,0
11615,0,0,0,2,5,0,0,0,0,0,0,0
11616,0,0,0,0,0,0,21,6,1,0,0,0
11617,0,0,0,0,1,113,0,0,0,0,0,0
11618,0,0,0,4,1,12,0,0,0,0,0,0
11619,0,0,0,0,246,296,0,2,0,0,0,0
11620,0,0,0,0,0,12,0,0,0,46,5098,17
11621,0,0,0,5,16,57,0,0,0,0,0,0
11622,0,0,0,0,0,13,0,0,0,0,0,0
11623,0,145,0,0,0,0,0,0,0,0,0,0
11624,0,0,0,0,0,0,0,0,0,0,0,0
11625,0,0,0,0,0,0,2,3,1,0,0,0
11626,0,0,0,0,0,4,0,0,0,43,898,4
11627,0,0,0,0,0,3,0,0,0,0,0,0
11628,4,4,0,0,0,0,0,0,0,0,0,0
11629,0,0,0,0,0,2267,0,0,0,0,29,0
11630,0,0,0,2,54,50,0,0,0,0,0,0
11631,0,0,0,0,104,5,0,0,0,0,0,0
11632,6,4,0,1248,8,22,0,0,0,0,0,0
11633,0,0,0,5,1,2,0,0,0,0,0,0
11634,0,0,0,0,6,0,11,2260,2,0,0,0
11635,0,0,0,0,0,217,0,0,0,0,2,0
11636,4,8,0,0,0,0,0,0,0,0,0,0
11637,0,0,0,0,0,0,0,0,0,41,4,0
11638,0,0,0,2,23,111,0,0,0,0,0,0
11639,0,0,0,6,1,0,0,0,0,0,0,0
11640,0,0,0,0,0,0,4,4,6,0,0,0
11641,0,0,0,0,1,43,0,0,0,0,0,0
11642,0,0,0,0,1,35,0,0,0,0,0,0
11643,3,4,1,0,0,0,0,0,0,0,0,0
11644,0,0,0,0,0,2,0,0,0,1,507,0
11645,0,0,0,2,3,26,0,0,0,0,0,0
11646,0,0,0,8,6,1,0,0,0,0,0,0
11647,0,0,0,101,8,163,0,0,0,0,0,0
11648,0,0,0,0,0,0,3,0,1,0,0,0
11649,0,0,0,0,0,0,3,3,2,0,0,0
11650,0,0,0,0,0,0,0,0,0,34,591,2
11651,0,0,0,0,0,0,0,0,0,107,689,1
11652,0,0,0,2,1,29,0,0,0,1,0,0
11653,1,1,0,0,0,32,0,0,0,38,4949,140
11654,0,0,0,1,1,25,0,0,0,0,0,0
11655,0,0,0,2,1,1,0,0,0,0,0,0
11656,0,0,0,3,1,87,0,0,0,0,0,0
11657,0,0,0,20,2,9,0,0,0,0,0,0
11658,0,0,0,0,0,0,18,7,8,0,0,0
11659,0,0,0,1,3,607,0,0,0,0,2,0
11660,0,0,0,50,44,63,0,0,0,0,0,0
11661,0,0,0,2,1,26,0,0,0,0,0,0
11662,42,39,6,0,0,0,0,0,0,0,0,0
11663,0,0,0,0,0,5,0,0,0,53,1662,3
11664,0,0,0,3,1,4,0,0,0,0,0,0
11665,0,0,0,0,0,2,0,0,0,45,754,4
11666,5,16,2,0,0,0,0,0,0,0,0,0
11667,0,24,0,0,0,0,0,0,0,0,0,0
11668,0,0,0,0,0,8,0,0,0,20,627,3
11669,0,0,3,0,0,1,0,0,0,337,710,21
11670,0,1,0,0,0,0,168,9,1,0,0,0
11671,0,0,2,0,0,1,0,0,0,59,681,6
11672,0,0,0,15,0,150,0,0,0,0,1,0
11673,5,35,2,0,0,0,0,0,0,0,0,0
11674,0,0,0,0,0,31,0,0,0,0,4172,0
11675,0,0,0,4,22,79,0,1,0,0,0,0
11676,0,0,0,3,17,51,0,0,0,0,0,0
11677,0,0,0,0,0,22,0,0,0,0,0,0
11678,0,23,0,0,0,0,0,0,0,0,0,0
11679,1,0,0,0,0,0,85,2,0,0,0,0
11680,2,45,2,0,0,0,0,0,0,0,0,0
11681,0,0,0,0,0,5,0,0,0,80,840,11
11682,0,0,0,5,0,2,0,0,0,0,0,0
11683,0,0,0,0,0,0,58,53,0,0,0,0
11684,3,9,15,0,0,0,0,0,0,0,0,0
11685,0,0,0,0,0,0,0,0,0,12,17,1
11686,0,0,0,3,59,382,0,0,0,0,0,0
11687,0,0,0,0,0,2,0,0,0,26,265,1
11688,0,0,0,0,0,1,0,0,0,0,0,0
11689,0,0,0,12,3,32,0,0,0,0,0,0
11690,0,0,0,0,0,0,8,2,0,0,0,0
11691,0,0,0,0,0,0,0,2,1,0,0,0
11692,0,0,0,0,0,36,0,0,0,0,0,0
11693,0,0,0,0,0,0,162,68,1,0,0,0
11694,0,0,0,2,1,21,0,0,0,0,0,0
11695,0,0,0,4,1,294,0,0,0,0,0,0
11696,0,0,0,1,3,2,0,0,0,0,0,0
11697,0,5,0,0,0,0,0,0,0,0,0,0
11698,0,0,0,0,1,194,0,0,0,0,4,0
11699,0,1,0,0,0,0,44,8,0,0,0,0
11700,2,24,3,0,0,0,0,0,0,0,0,0
11701,0,0,0,0,11,346,0,0,0,0,2,0
11702,0,0,0,0,1,1,0,0,0,0,0,0
11703,0,1,0,0,0,0,0,0,0,0,0,0
11704,0,0,0,0,0,17,0,0,0,0,3927,0
11705,0,0,0,2,7,49,0,0,0,0,0,0
11706,0,0,0,0,1,8,0,0,0,0,0,0
11707,1,159,1,0,0,0,1,0,0,0,0,0
11708,0,0,0,0,0,0,164,4,0,0,0,0
11709,0,0,0,0,0,3,0,0,0,0,0,0
11710,0,0,0,2,4,115,0,0,0,0,0,0
11711,0,0,0,1,1,2,0,0,0,0,0,0
11712,0,0,0,0,0,0,0,0,0,0,3,0
11713,0,0,0,2,2,134,0,0,0,0,0,0
11714,0,12,0,0,0,0,0,0,0,0,0,0
11715,0,0,0,0,0,0,0,0,0,0,6,0
11716,1,147,0,0,0,0,0,0,0,0,0,0
11717,0,0,0,0,0,0,0,0,0,0,2,0
11718,0,0,0,0,0,0,0,0,0,0,0,0
11719,0,1,0,0,0,0,335,62,0,0,0,0
11720,0,0,0,0,0,0,0,1,0,0,0,0
11721,0,1,0,0,0,0,0,0,0,0,0,0
11722,0,0,0,0,0,0,48,2,1,0,0,0
11723,0,0,0,0,0,2,0,0,0,0,0,0
11724,0,0,0,0,1,1,0,0,0,0,0,0
11725,0,0,0,0,0,20,0,0,0,0,0,0
11726,1,1,2,0,0,0,0,0,0,0,0,0
11727,0,0,0,0,0,0,36,4,2,0,0,0
11728,0,645,0,0,0,0,0,0,0,0,0,0
11729,0,0,0,0,3,0,0,0,0,0,0,0
11730,3,10,2,0,0,0,0,0,0,0,0,0
11731,0,0,0,1,0,2634,0,0,0,0,9,0
11732,13,0,16,1,0,0,0,0,0,0,0,0
11733,0,0,0,0,0,0,0,0,0,0,0,0
11734,0,0,0,0,0,0,6,3,0,0,0,0
11735,1,0,0,0,0,0,0,0,0,0,0,0
11736,0,453,7,0,0,0,1,0,0,0,0,0
11737,0,0,0,1,0,141,0,0,0,0,0,0
11738,0,0,0,12,0,0,0,0,0,0,0,0
11739,0,0,0,0,0,0,0,0,0,0,3,0
11740,20,474,17,0,0,0,3,1,0,0,0,0
11741,0,0,0,0,0,0,0,0,0,1,1,0
11742,36,28,0,0,0,0,0,0,0,0,0,0
11743,0,0,0,0,0,0,150,951,10,0,0,0
11744,0,0,0,0,0,0,79,1,3,0,0,0
11745,0,0,0,0,0,0,91,38,2,0,0,0
11746,8,245,97,0,0,0,0,0,0,1,0,0
11747,0,0,0,0,0,25,0,0,0,72,7157,2
11748,0,0,0,15,1,2,0,0,0,0,0,0
11749,9,315,14,0,0,0,0,0,0,0,0,0
11750,0,0,2,74,0,74,0,0,0,120,16434,22
11751,0,0,0,25,6,224,0,0,0,0,0,0
11752,0,0,0,0,0,5,0,0,0,79,1297,0
11753,0,0,0,0,0,0,0,0,0,2,24,1
11754,0,0,0,0,0,0,0,0,0,1,2,0
11755,39,105,1,1,0,0,0,0,0,0,0,0
11756,0,0,0,0,0,0,0,0,0,0,2,0
11757,0,0,0,0,0,0,0,0,0,2,4,0
11758,0,0,3,0,0,5,0,0,0,316,4620,2
11759,0,7,10,0,0,0,0,0,0,0,0,0
11760,4,80,627,0,0,0,0,0,0,0,2,0
11761,0,0,0,0,8,0,56,938,1,0,0,0
11762,1,11,5,0,0,0,0,0,0,0,0,0
11763,0,139,42,0,0,0,0,0,0,0,0,0
11764,0,0,0,2,2,366,0,0,0,0,6,0
11765,0,7,0,0,0,0,0,0,0,0,0,0
11766,0,0,0,0,0,0,0,0,0,0,0,0
11767,0,0,0,0,0,7,0,0,0,0,3043,0
11768,36,40,1,0,0,0,0,0,0,0,0,0
11769,0,0,0,1,0,93,0,0,0,0,0,0
11770,3,23,31,0,0,0,0,0,0,0,0,0
11771,0,0,0,0,0,0,128,2,0,0,0,0
11772,0,417,66,0,0,0,0,0,0,1,0,0
11773,0,0,0,175,31,151,0,0,0,0,0,0
11774,0,0,0,0,0,0,45,49,1,0,0,0
11775,0,0,0,0,0,0,0,0,0,1,183,0
11776,0,0,0,0,0,1,0,0,0,96,1207,0
11777,0,0,0,2,4,36,0,0,0,0,0,0
11778,0,0,0,21,22,4,0,0,0,0,0,0
11779,0,0,0,0,0,1,0,0,0,131,389,1
11780,0,31,2,0,0,0,0,0,0,0,0,0
11781,0,2439,6,0,0,0,3,0,0,0,0,0
11782,1,6175,2,0,0,0,14,0,0,0,0,0
11783,0,0,0,0,0,0,0,0,0,52,1,2
11784,0,0,0,0,0,2,0,0,0,0,0,0
11785,0,0,0,0,0,0,0,0,0,5,307,0
11786,0,0,0,0,0,0,0,0,0,0,0,0
11787,0,13,0,0,0,0,0,0,0,0,0,0
11788,0,0,0,0,0,0,0,0,0,1,376,0
11789,2,322,2,0,0,0,0,0,0,0,0,0
11790,0,0,0,0,1,455,0,0,0,0,2,0
11791,0,0,0,6,0,25,0,0,0,0,0,0
11792,0,2,0,0,0,0,0,0,0,0,0,0
11793,2,70,2,0,0,0,0,0,0,0,0,0
11794,4,153,27,0,0,0,0,0,0,0,0,0
11795,0,0,0,3,4,283,0,0,0,0,0,0
11796,0,0,0,0,0,0,0,0,0,0,0,0
11797,0,0,0,0,0,0,178,19,0,0,0,0
11798,0,0,0,1,39,43,0,0,0,0,1,0
11799,0,0,0,0,5,35,0,0,0,0,0,0
11800,0,2,0,0,10,0,804,274,1,0,0,0
11801,0,1,0,0,0,0,701,38,0,0,0,0
11802,0,0,0,0,0,0,0,16,2,0,0,0
11803,0,0,0,173,2,40,0,0,0,0,0,0
11804,0,86,0,0,0,0,7449,8,0,0,0,0
11805,0,0,0,0,1,1,0,0,0,0,0,0
11806,0,0,0,9,1,90,0,0,0,0,0,0
11807,0,0,0,0,0,0,32,2,1,0,0,0
11808,0,0,0,0,0,0,1,2,1,0,0,0
11809,0,0,0,19,2,277,0,0,0,0,1,0
11810,0,0,0,0,0,0,1,0,0,0,0,0
11811,0,0,0,0,0,0,3,2,0,0,0,0
11812,0,0,2,0,0,8,0,0,0,490,694,1
11813,0,8,0,0,0,0,0,0,0,0,0,0
11814,0,39,0,0,0,0,0,0,0,0,0,0
11815,0,53,0,0,0,0,0,0,0,0,0,0
11816,0,0,0,0,0,0,0,0,0,10,123,0
11817,0,0,0,0,0,0,0,0,0,8,64,0
11818,0,0,0,26,14,126,0,0,0,0,0,0
11819,1,0,0,34,0,0,0,0,0,0,0,0
11820,0,0,0,0,0,0,4,3,0,0,0,0
11821,0,0,0,0,0,26,0,0,0,0,0,0
11822,3,233,0,0,0,0,1,0,0,0,0,0
11823,0,0,0,1,0,1,0,0,0,0,0,0
11824,0,0,2,0,0,21,0,0,0,281,6828,0
11825,0,3,0,0,0,0,0,0,0,0,0,0
11826,0,12,0,0,0,0,0,0,0,0,0,0
11827,1,461,2,0,0,0,1,0,0,0,0,0
11828,0,0,0,0,0,0,170,27,1,0,0,0
11829,0,0,0,0,1,1,0,0,0,0,0,0
11830,7,656,0,0,0,0,0,0,0,0,0,0
11831,0,0,0,0,0,0,46,18,0,0,0,0
11832,0,0,0,0,0,0,0,0,0,0,135,4
11833,0,0,0,0,0,3,0,0,0,64,1312,1
11834,1,37,0,0,0,0,0,0,0,0,0,0
11835,0,0,0,0,0,2,0,0,0,65,691,11
11836,0,0,0,250,1,126,0,0,0,0,0,0
11837,0,0,0,0,1,0,247,463,5,0,0,0
11838,0,0,0,0,0,2,0,0,0,0,0,0
11839,0,210,0,0,0,0,3,0,0,0,0,0
11840,0,0,0,0,0,0,0,0,0,0,1,0
11841,2,0,0,0,0,0,0,0,0,0,0,0
11842,0,3,0,0,0,0,462,630,5,0,0,0
11843,0,0,0,1,1,1,0,0,0,0,0,0
11844,0,0,0,0,0,0,0,0,0,2,4,0
11845,0,0,0,30,3,95,0,0,0,0,0,0
11846,0,2,1,0,0,0,0,0,0,0,0,0
11847,6,104,6,0,0,0,2,0,0,0,0,0
11848,4,32,8,0,0,0,1,0,0,0,0,0
11849,2,43,59,0,0,0,0,0,0,1,0,0
11850,0,0,0,2,3,271,0,0,0,0,1,0
11851,0,0,0,0,7,0,77,1719,62,0,0,0
11852,0,0,0,9,8,4,0,0,0,0,0,0
11853,0,0,0,0,0,0,0,0,0,0,35,0
11854,11,181,29,0,0,0,0,0,0,0,0,0
11855,0,0,0,0,0,0,3,18,0,0,0,0
11856,0,3,14,0,0,0,0,0,0,0,0,0
11857,0,0,0,3,12,92,0,0,0,0,0,0
11858,0,0,0,0,0,0,209,62,4,0,0,0
11859,0,0,0,1,0,15,0,0,0,0,0,0
11860,29,181,1,0,0,0,0,0,0,0,0,0
11861,1,1,4,0,0,0,0,0,0,0,0,0
11862,0,114,0,0,0,0,0,0,0,0,0,0
11863,0,0,0,0,0,0,152,16,0,0,0,0
11864,0,0,0,0,0,1,0,0,0,0,0,0
11865,0,0,0,0,0,0,2,0,10,0,0,0
11866,0,0,0,0,0,90,0,0,0,0,2968,2
11867,6,130,0,0,0,0,0,0,0,0,0,0
11868,0,0,0,0,0,0,0,0,0,0,153,0
11869,198,152,48,0,0,0,0,0,0,1,0,0
11870,0,0,0,0,0,1,0,0,0,0,0,0
11871,0,0,0,0,0,0,0,0,0,0,3,1
11872,7,120,2,0,0,0,0,0,0,0,0,0
11873,0,0,0,0,0,0,19,1,0,0,0,0
11874,0,0,0,0,0,16,0,0,0,0,0,0
11875,133,134,0,4,0,0,0,0,0,0,0,0
11876,0,1,0,0,0,0,98,13,1,0,0,0
11877,0,0,0,0,0,1,0,0,0,0,0,0
11878,0,0,0,0,0,0,0,0,0,70,605,25
11879,0,0,0,10,1,43,0,0,0,0,0,0
11880,0,0,0,0,0,2,0,0,0,0,0,0
11881,0,78,0,0,0,0,0,0,0,0,0,0
11882,0,0,0,0,0,1,0,0,0,0,104,0
11883,0,0,0,1,0,2,0,0,0,0,0,0
11884,0,0,0,0,0,5,0,0,0,25,484,5
11885,0,0,0,7,68,1,0,0,0,0,0,0
11886,0,0,0,0,0,0,0,0,0,0,290,0
11887,13,123,35,0,0,0,1,0,0,0,0,0
11888,0,0,0,0,0,0,27,2,0,0,0,0
11889,0,0,0,0,2,6,0,0,0,0,0,0
11890,0,0,0,58,15,343,0,0,0,0,1,0
11891,0,0,0,0,0,38,0,0,0,0,1,0
11892,0,0,0,0,0,0,0,0,0,0,0,0
11893,0,0,0,0,0,0,247,140,8,0,0,0
11894,0,0,0,0,0,0,0,0,0,0,3,0
11895,10,1,0,0,0,0,0,0,0,0,0,0
11896,0,110,18,0,0,0,0,0,0,0,0,0
11897,0,0,0,0,0,0,0,0,0,56,2,1
11898,3,62,0,0,0,0,0,0,0,0,0,0
11899,0,37,20,0,0,0,0,0,0,0,0,0
11900,0,0,0,0,0,1,0,0,0,52,337,0
11901,0,0,0,8,0,0,0,0,0,0,0,0
11902,0,0,0,0,0,3,0,0,0,13,1228,1
11903,0,200,16,0,0,0,1,0,0,0,0,0
11904,0,0,0,0,0,0,27,2,0,0,0,0
11905,5,55,6,0,0,0,0,0,0,0,0,0
11906,0,0,0,0,0,0,107,179,21,0,0,0
11907,0,0,0,1,0,15,0,0,0,0,0,0
11908,27,246,0,0,0,0,1,0,0,0,0,0
11909,0,0,0,0,0,0,4,0,1,0,0,0
11910,2,2,3,0,0,0,0,0,0,0,0,0
11911,1,188,2,0,0,0,0,0,0,0,0,0
11912,0,0,0,9,28,2,0,0,0,0,0,0
11913,0,0,0,0,0,0,0,0,0,0,9,1
11914,5,145,31,0,0,0,1,0,0,0,0,0
11915,0,0,0,2,34,6,0,0,0,0,0,0
11916,0,0,0,0,0,4,0,0,0,0,3183,0
11917,6,123,8,0,0,0,0,0,0,0,0,0
11918,0,0,0,4,18,4,0,0,0,0,0,0
11919,0,0,0,0,0,3,0,0,0,20,2223,0
11920,0,0,0,4,1,50,0,0,0,0,0,0
11921,0,0,1,0,0,0,0,0,0,0,0,0
11922,13,75,3,0,0,0,0,0,0,0,0,0
11923,1,2456,23,0,0,0,14,0,0,0,0,0
11924,0,0,0,1,41,156,0,0,0,0,0,0
11925,0,0,0,0,0,91,0,0,0,0,0,0
11926,0,0,0,0,0,0,162,8,7,0,0,0
11927,0,0,0,0,0,1,0,0,0,0,0,0
11928,0,0,0,0,0,0,0,5,1,0,0,0
11929,0,0,0,0,0,0,0,2,1,0,0,0
11930,0,0,0,0,0,0,84,28,2,0,0,0
11931,0,0,0,0,0,3,0,0,0,20,737,0
11932,0,0,0,7,67,179,0,2,0,0,0,0
11933,0,0,0,0,0,0,0,0,0,12,1,3
11934,15,64,0,0,0,0,0,0,0,0,0,0
11935,2,169,39,0,0,0,0,0,0,0,0,0
11936,0,0,0,7,0,2,0,0,0,0,0,0
11937,0,0,0,0,0,0,2,2,0,0,0,0
11938,0,0,0,0,0,674,0,0,0,0,13,0
11939,0,4,0,0,4,0,938,141,3,0,0,0
11940,0,0,0,0,127,293,0,2,0,0,10,0
11941,0,0,0,0,0,28,0,0,0,245,3735,6
11942,0,0,13,0,0,0,0,0,0,255,0,12
11943,17,134,1,0,0,0,1,0,0,0,0,0
11944,0,0,0,0,0,0,97,125,22,0,0,0
11945,0,0,0,2,30,111,0,0,0,0,0,0
11946,0,0,0,0,0,5,0,0,0,0,0,0
11947,0,940,3,0,0,0,4,0,0,0,0,0
11948,0,0,0,0,0,0,0,0,0,0,30,0
11949,0,0,1,0,0,0,0,0,0,0,0,0
11950,0,0,0,0,0,2,0,0,0,5,7869,0
11951,0,1,0,0,0,0,0,0,0,0,0,0
11952,0,3,0,0,0,0,0,0,0,0,0,0
11953,0,0,0,0,0,114,0,0,0,0,4,0
11954,0,1,0,0,0,0,69,2,2,0,0,0
11955,0,43,80,0,0,0,0,0,0,2,0,0
11956,0,0,0,0,0,21,0,0,0,33,4517,1
11957,2,138,0,0,0,0,0,0,0,0,0,0
11958,0,0,0,1,1,91,0,0,0,0,1,0
11959,0,0,0,4,1,144,0,0,0,0,0,0
11960,0,0,5,0,0,0,0,0,0,208,102,19
11961,0,0,0,1,0,0,0,0,0,0,0,0
11962,0,0,0,0,0,14,0,0,0,80,3177,33
11963,0,0,0,0,15,157,0,0,0,0,0,0
11964,0,0,0,0,0,6,0,0,0,0,0,0
11965,2,127,1,0,0,0,0,0,0,0,0,0
11966,0,0,0,0,0,0,55,23,1,0,0,0
11967,0,0,0,0,0,1,0,0,0,6,278,3
11968,0,0,0,3,0,63,0,0,0,0,0,0
11969,0,1,0,0,0,0,0,0,0,0,0,0
11970,3,334,9,0,0,0,0,0,0,0,0,0
11971,3,37,10,0,0,0,0,0,0,0,0,0
11972,0,0,0,0,0,0,15,0,2,0,0,0
11973,0,119,669,0,0,0,0,0,0,4,0,0
11974,0,0,0,0,0,1139,0,0,0,0,34,0
11975,1,19,4,0,0,0,0,0,0,0,0,0
11976,0,0,0,0,0,1,0,0,0,22,773,1
11977,0,0,0,3,3,240,0,0,0,0,0,0
11978,3,39,1,0,0,0,0,0,0,0,0,0
11979,0,0,0,0,0,13,0,0,0,20,451,3
11980,0,0,0,7,2,101,0,0,0,0,0,0
11981,0,0,0,0,0,0,15,0,0,0,0,0
11982,11,50,30,0,0,0,0,0,0,0,0,0
11983,4,807,42,0,0,0,0,0,0,0,0,0
11984,0,0,0,0,0,0,25,14,0,0,0,0
11985,0,0,0,0,0,0,0,0,0,0,129,0
11986,0,0,0,0,0,0,0,0,0,87,319,6
11987,0,0,0,0,1,10,0,0,0,0,0,0
11988,0,0,0,4,0,0,0,0,0,0,0,0
11989,0,0,0,1,2,83,0,0,0,0,0,0
11990,0,0,0,0,0,0,60,0,1,0,0,0
11991,0,1203,0,0,0,0,6,0,0,0,0,0
11992,21,37,6,0,0,0,0,0,0,0,0,0
11993,0,2,8,0,0,0,0,0,0,0,0,0
11994,0,69,5,0,0,0,0,0,0,0,0,0
11995,2,52,5,0,0,0,0,0,0,0,0,0
11996,3,180,5,0,0,0,0,0,0,0,0,0
11997,0,0,0,1,0,134,0,0,0,0,0,0
11998,0,0,0,0,0,0,53,497,0,0,0,0
11999,0,0,0,0,0,0,11,5,0,0,0,0
12000,0,0,0,0,0,48,0,0,0,0,0,0
12001,0,0,0,8,20,49,0,0,0,0,0,0
12002,0,0,0,0,6,1,0,0,0,0,0,0
12003,0,0,0,0,0,0,0,0,0,0,128,0
12004,25,193,24,0,0,0,0,0,0,0,0,0
12005,0,0,0,0,0,1,0,0,0,6,553,1
12006,0,0,0,0,0,4,0,0,0,0,0,0
12007,3,46,2,0,0,0,0,0,0,0,0,0
12008,0,0,0,0,0,8,0,0,0,36,1725,6
12009,0,0,0,1,0,3,0,0,0,0,0,0
12010,0,0,0,7,108,91,0,0,0,0,1,0
12011,0,0,0,0,6,0,0,0,0,0,0,0
12012,0,0,0,0,0,0,0,0,0,1,17,0
12013,0,0,0,36,19,68,0,0,0,0,0,0
12014,0,0,0,0,0,0,1306,113,3,0,0,0
12015,0,0,0,0,254,209,0,1,0,0,0,0
12016,0,0,0,13,16,100,0,0,0,0,0,0
12017,0,0,0,1,4,68,0,0,0,0,0,0
12018,0,0,0,0,0,0,0,0,0,0,0,0
12019,0,1,0,0,0,0,275,94,3,0,0,0
12020,0,0,0,0,0,1,0,0,0,50,1332,3
12021,0,0,0,0,1,4,0,0,0,0,0,0
12022,0,0,0,9,11,82,0,0,0,0,0,0
12023,0,0,0,0,20,4,0,0,0,0,0,0
12024,0,0,0,0,0,0,0,0,0,0,11,10
12025,0,0,0,0,0,34,0,0,0,10,6289,1
12026,115,74,21,0,0,0,0,0,0,0,0,0
12027,0,0,0,8,3,29,0,0,0,0,0,0
12028,0,0,0,0,0,0,64,265,0,0,0,0
12029,0,0,0,0,0,0,0,0,0,10,3,1
12030,1,829,9,0,0,0,5,0,0,0,0,0
12031,0,1,0,0,8,0,177,719,8,0,0,0
12032,0,0,0,0,0,0,29,48,289,0,0,0
12033,0,0,0,0,0,0,9,2,0,0,0,0
12034,0,0,0,2,1,155,0,0,0,0,2,0
12035,0,0,0,0,0,0,4,11,1,0,0,0
12036,0,0,0,0,0,1,0,0,0,0,441,7
12037,0,0,0,11,4,287,0,0,0,0,0,0
12038,0,1,0,0,0,0,1000,13,92,0,0,0
12039,0,0,0,0,0,9,0,0,0,0,0,0
12040,5,253,5,0,0,0,1,0,0,0,0,0
12041,0,0,0,0,0,0,7,13,1,0,0,0
12042,0,16,5,0,0,0,0,0,0,0,0,0
12043,0,0,0,0,0,4,0,0,0,0,1162,0
12044,8,89,13,0,0,0,0,0,0,0,0,0
12045,0,0,0,3,2,212,0,0,0,0,0,0
12046,6,52,11,0,0,0,0,0,0,0,0,0
12047,5,6,5,0,0,0,0,0,0,0,0,0
12048,0,41,10,0,0,0,0,0,0,0,0,0
12049,0,0,0,0,0,275,0,0,0,17,24814,2
12050,0,0,0,0,0,0,0,0,0,0,0,0
12051,0,109,0,0,0,0,0,0,0,0,0,0
12052,0,0,0,0,2,0,121,387,16,0,0,0
12053,0,0,0,0,0,33,0,0,0,27,6321,2
12054,0,0,0,0,0,11,0,0,0,0,0,0
12055,0,0,0,4,20,373,0,0,0,0,0,0
12056,0,0,0,290,1,0,0,0,0,0,0,0
12057,0,0,0,0,0,0,9,4,15,0,0,0
12058,0,0,0,0,0,73,0,0,0,0,0,0
12059,0,0,0,0,0,0,10,1,0,0,0,0
12060,2,56,135,0,0,0,0,0,0,0,0,0
12061,14,162,97,0,0,0,0,0,0,0,0,0
12062,0,0,0,0,0,0,2,0,0,0,0,0
12063,0,0,0,0,0,0,0,0,0,0,0,0
12064,15,57,9,0,0,0,1,0,0,0,0,0
12065,3,147,28,0,0,0,0,0,0,0,0,0
12066,0,0,0,1,0,129,0,0,0,0,0,0
12067,0,0,0,0,7,0,115,3246,8,0,0,0
12068,0,0,4,0,0,18,0,0,0,231,2788,4
12069,0,0,0,10,0,0,0,0,0,0,0,0
12070,0,5,0,0,2,0,1237,3932,17,0,0,0
12071,0,6,0,0,0,0,2820,136,3,0,0,0
12072,0,99,7,0,0,0,1,0,0,0,0,0
12073,0,0,0,0,0,27,0,0,0,6,8951,0
12074,15,29,5,0,0,0,0,0,0,0,0,0
12075,0,846,3,0,0,0,2,0,0,0,0,0
12076,0,0,0,0,0,13,0,0,0,4,4578,0
12077,2,34,8,0,0,0,0,0,0,0,0,0
12078,0,0,0,0,0,0,5,40,0,0,0,0
12079,0,0,0,0,0,0,295,5,1,0,0,0
12080,0,0,0,0,0,0,223,27,1,0,0,0
12081,0,0,0,0,0,0,0,0,0,0,699,0
12082,202,48,22,0,0,0,0,0,0,0,0,0
12083,3,37,0,0,0,0,0,0,0,0,0,0
12084,0,0,0,0,0,5,0,0,0,13,1829,0
12085,0,0,0,0,0,4,0,0,0,145,3031,6
12086,0,0,0,0,0,75,0,0,0,0,0,0
12087,0,0,0,1,0,1,0,0,0,0,0,0
12088,0,426,0,0,0,0,1,0,0,0,0,0
12089,0,0,0,0,0,0,0,0,0,0,1,0
12090,0,0,0,0,0,0,0,0,0,0,0,0
12091,9,196,22,0,0,0,1,0,0,0,0,0
12092,0,0,0,0,1,0,1,74,0,0,0,0
12093,0,0,0,0,0,0,0,0,0,0,2,0
12094,0,0,0,1,2,176,0,0,0,0,0,0
12095,5,124,4,0,0,0,0,0,0,0,0,0
12096,0,0,0,0,0,83,0,0,0,0,0,0
12097,9,782,2,0,0,0,4,0,0,0,0,0
12098,0,0,0,0,0,0,39,15,0,0,0,0
12099,0,0,0,0,0,0,0,0,0,0,157,0
12100,0,0,0,0,10,143,0,0,0,114,21155,0
12101,0,0,0,16,165,1,0,0,0,0,0,0
12102,0,0,0,0,0,1,0,0,0,0,312,0
12103,47,391,13,0,0,0,0,1,0,0,0,0
12104,0,0,0,0,0,0,0,1,0,0,0,0
12105,0,6,3,0,0,0,0,0,0,0,0,0
12106,0,1,0,0,0,0,147,92,2,0,0,0
12107,0,0,0,0,0,19,0,0,0,0,0,0
12108,0,0,0,4,0,1,0,0,0,0,0,0
12109,0,0,0,0,0,428,0,0,0,0,0,0
12110,18,124,0,0,0,0,0,0,0,0,0,0
12111,0,0,0,0,0,0,245,10,3,0,0,0
12112,0,0,0,0,0,75,0,0,0,0,0,0
12113,0,0,0,107,38,9,0,0,0,0,0,0
12114,0,0,0,0,0,1,0,0,0,8,532,3
12115,0,0,1,0,0,32,0,0,0,94,7169,19
12116,0,0,1,0,0,2,0,0,0,161,519,9
12117,0,0,0,0,1,2,0,0,0,0,0,0
12118,0,0,0,9,27,163,0,0,0,0,0,0
12119,0,0,0,0,0,30,0,0,0,10,3112,5
12120,0,0,0,0,0,0,0,0,0,2,238,0
12121,195,249,14,0,0,0,1,0,0,0,0,0
12122,0,0,0,97,18,2,0,0,0,0,0,0
12123,0,0,0,0,0,0,0,0,0,0,24,0
12124,75,2017,67,0,0,0,4,0,0,0,0,0
12125,0,0,0,0,0,11,0,0,0,0,0,0
12126,5,16,0,0,0,0,0,0,0,0,0,0
12127,0,0,0,0,0,145,0,0,0,0,1,0
12128,0,0,0,0,1,0,112,79,1,0,0,0
12129,0,0,0,0,0,0,0,0,0,101,98,0
12130,29,310,6,0,0,0,1,0,0,0,0,0
12131,0,3,0,0,0,0,1300,115,0,0,0,0
12132,0,0,0,0,0,10,0,0,0,9,766,1
12133,0,0,0,12,25,165,0,0,0,0,0,0
12134,0,0,0,4,16,87,0,0,0,0,1,0
12135,0,0,0,4,2,0,0,0,0,0,0,0
12136,0,0,0,21,4,129,0,0,0,0,0,0
12137,0,0,0,0,0,0,14,87,0,0,0,0
12138,0,0,0,0,0,83,0,0,0,0,260,0
12139,0,0,0,15,2,671,0,0,0,0,0,0
12140,2,27,0,0,0,0,0,0,0,0,0,0
12141,0,0,2,0,0,6,0,0,0,406,1136,0
12142,0,0,0,22,24,77,0,0,0,0,1,0
12143,0,0,0,0,0,0,21,17,0,0,0,0
12144,0,0,0,0,0,0,0,0,0,0,46,0
12145,0,0,0,22,53,712,0,0,0,0,2,0
12146,0,0,0,0,0,0,0,0,0,5,2,0
12147,9,1,0,0,0,0,0,0,0,0,0,0
12148,16,135,38,0,0,0,0,0,0,2,0,0
12149,0,0,0,0,0,0,52,0,8,0,0,0
12150,5,0,1,0,0,0,0,0,0,0,0,0
12151,4,114,28,0,0,0,0,0,0,0,0,0
12152,0,7,0,0,0,0,89,68,0,0,0,0
12153,0,0,0,0,0,1,0,0,0,0,1517,9
12154,0,0,0,12,29,85,0,0,0,0,7,0
12155,7,0,0,13,0,3,0,0,0,0,0,0
12156,1,1,1,0,0,0,0,0,0,0,0,0
12157,0,0,0,0,0,130,0,0,0,0,0,0
12158,0,0,0,0,0,0,12,1,2,0,0,0
12159,23,100,69,4,0,0,0,0,0,0,0,0
12160,0,20,0,0,0,0,473,37,0,0,0,0
12161,0,0,0,0,0,0,0,0,0,140,0,64
12162,33,25745,0,0,0,0,127,0,2,0,0,0
12163,0,5,0,0,5,0,668,682,2,0,0,0
12164,0,0,0,0,0,0,3,116,1,0,0,0
12165,0,0,0,0,0,0,0,0,0,1,15,0
12166,0,0,0,27,4,69,0,0,0,0,0,0
12167,0,0,0,0,0,0,178,168,18,0,0,0
12168,0,0,0,0,1,37,0,0,0,0,0,0
12169,0,0,0,95,7,25,0,0,0,0,0,0
12170,0,0,0,0,0,0,81,90,0,0,0,0
12171,0,0,0,0,0,0,0,0,0,45,1268,12
12172,0,0,0,13,0,243,0,0,0,1,1,0
12173,0,934,0,0,0,0,2,0,0,0,0,0
12174,0,78,23,0,0,0,0,0,0,0,0,0
12175,0,0,0,26,8,70,0,0,0,0,0,0
12176,0,0,0,0,0,0,76,7,1,0,0,0
12177,0,0,0,0,0,0,4,3,0,0,0,0
12178,0,0,0,2,0,83,0,0,0,0,1,0
12179,0,1,0,0,0,0,106,28,0,0,0,0
12180,8,231,49,0,0,0,0,0,0,0,0,0
12181,0,0,0,2,61,164,0,0,0,0,0,0
12182,0,0,0,15,148,63,0,4,0,0,0,0
12183,0,0,0,0,0,0,0,0,0,3,208,1
12184,0,0,0,16,0,158,0,0,0,0,0,0
12185,0,0,0,0,0,0,7,0,0,0,0,0
12186,5,18,22,0,0,0,0,0,0,0,0,0
12187,1,593,88,0,0,0,3,0,0,0,0,0
12188,0,0,0,0,1,0,134,832,8,0,0,0
12189,0,0,0,2,16,22,0,0,0,0,0,0
12190,0,0,0,8,48,131,0,0,0,0,0,0
12191,0,0,0,0,6,0,277,2617,3,0,0,0
12192,0,0,0,0,0,40,0,0,0,0,0,0
12193,0,0,0,0,12,179,0,0,0,0,0,0
12194,0,0,0,0,0,0,0,0,0,25,156,0
12195,0,0,0,0,3,0,0,0,0,0,0,0
12196,0,0,0,4,12,110,0,0,0,0,0,0
12197,2,0,56,0,0,0,0,0,0,0,0,0
12198,1,18,0,0,0,0,0,0,0,0,0,0
12199,4,119,2,0,0,0,0,0,0,0,0,0
12200,0,2,1,0,0,0,0,0,0,0,0,0
12201,19,48,1,0,0,0,0,0,0,0,0,0
12202,0,0,0,1,3,0,85,1641,7,0,0,0
12203,0,0,0,0,0,42,0,0,0,0,0,0
12204,0,0,0,0,0,1,0,0,0,0,0,0
12205,0,0,0,0,0,0,46,20,20,0,1,0
12206,0,0,1,0,0,0,0,0,0,0,0,0
12207,2,82,3,0,0,0,0,0,0,0,0,0
12208,0,3,0,0,0,0,218,1,0,0,0,0
12209,0,1,1,0,0,0,0,0,0,0,0,0
12210,0,424,3,0,0,0,4,0,0,0,0,0
12211,0,0,0,0,0,0,333,35,1,0,0,0
12212,0,0,0,0,35,5,0,0,0,0,0,0
12213,0,0,0,0,0,0,0,0,4,2,996,88
12214,0,0,0,6,11,79,0,0,0,0,0,0
12215,0,0,0,0,0,20,0,0,0,0,0,0
12216,0,0,0,0,0,2,0,0,0,0,0,0
12217,0,0,0,0,0,0,114,4,0,0,0,0
12218,0,0,12,0,0,0,0,0,0,0,0,0
12219,0,8,1,0,0,0,0,0,0,0,0,0
12220,0,0,0,0,0,133,0,0,0,0,0,0
12221,0,0,0,0,0,0,114,22,0,0,0,0
12222,0,0,0,0,3,104,0,0,0,0,0,0
12223,0,0,0,0,7,0,1104,941,2,0,0,0
12224,0,0,0,0,0,0,119,47,0,0,0,0
12225,0,0,0,0,0,1,0,0,0,0,645,0
12226,0,0,0,29,1,183,0,0,0,0,0,0
12227,0,0,0,0,0,0,0,0,0,0,0,0
12228,0,4,0,0,0,0,0,0,0,0,0,0
12229,0,105,0,0,0,0,0,0,0,0,0,0
12230,0,0,0,3,22,2,0,0,0,0,0,0
12231,0,0,0,0,0,0,0,0,0,12,227,0
12232,1,0,0,23,6,141,0,0,0,0,0,0
12233,0,0,0,0,0,0,2,0,0,0,0,0
12234,16,181,17,0,0,0,0,0,0,0,0,0
12235,20,234,68,0,0,0,0,0,0,0,0,0
12236,0,0,0,3,5,11,0,0,0,0,0,0
12237,0,0,0,0,0,2,0,0,0,0,0,0
12238,0,0,0,9,2,70,0,0,0,0,1,0
12239,0,0,0,0,0,0,18,2,0,0,0,0
12240,0,8,0,0,0,0,0,0,0,0,0,0
12241,0,0,0,0,0,5,0,0,0,11,712,0
12242,0,0,0,0,1,29,0,0,0,6,969,0
12243,0,2,0,0,19,0,582,553,0,0,0,0
12244,0,0,0,2,3,151,0,0,0,0,2,0
12245,0,0,0,0,0,0,33,0,0,0,0,0
12246,0,0,1,0,0,0,0,0,0,0,0,0
12247,0,0,0,0,2,217,0,0,0,0,2,0
12248,0,0,0,0,0,0,141,68,69,0,0,0
12249,0,0,0,0,0,8,0,0,0,1,579,1
12250,624,563,18,10,0,0,0,0,0,0,0,0
12251,0,0,0,0,0,0,36,17,63,0,0,0
12252,0,0,0,0,0,0,0,0,0,63,11,0
12253,0,0,0,0,0,3,0,0,0,25,392,62
12254,21,99,11,0,0,0,2,0,0,0,0,0
12255,0,0,0,1,0,70,0,0,0,0,0,0
12256,0,0,0,0,2,0,82,287,44,0,0,0
12257,0,0,0,0,0,0,0,0,0,10,0,7
12258,2,5,3,0,0,0,0,0,0,0,0,0
12259,0,94,11,0,0,0,0,0,0,0,0,0
12260,0,0,1,0,0,0,0,0,0,11,2,0
12261,0,0,0,0,0,0,69,480,0,0,0,0
12262,0,0,0,1,1,170,0,0,0,0,2,0
12263,0,68,2,0,0,0,0,0,0,0,0,0
12264,0,513,0,0,0,0,1,0,0,0,0,0
12265,0,0,0,0,0,0,44,4,3,0,0,0
12266,0,0,0,67,4,49,0,0,0,0,0,0
12267,0,0,0,0,1,3,0,0,0,0,0,0
12268,0,0,0,0,0,0,251,6,0,0,0,0
12269,0,0,0,0,0,0,5,0,2,0,0,0
12270,4,6,0,0,0,0,0,0,0,0,0,0
12271,0,98,42,0,0,0,0,0,0,0,0,0
12272,0,1,1,0,0,0,0,0,0,0,0,0
12273,6,99,3,0,0,0,0,0,0,0,0,0
12274,0,0,0,0,0,0,135,185,1,0,0,0
12275,2,0,13,0,0,0,0,0,0,0,0,0
12276,0,0,0,0,0,1,0,0,0,0,0,0
12277,0,0,0,0,0,0,2,1,0,0,0,0
12278,0,0,0,0,0,0,64,94,0,0,0,0
12279,0,0,0,0,0,0,0,0,0,1,11,1
12280,0,0,0,21,10,129,0,0,0,0,0,0
12281,0,0,0,0,0,0,14,2,0,0,0,0
12282,1,80,19,0,0,0,0,0,0,0,0,0
12283,0,0,0,1,11,404,0,0,0,0,0,0
12284,0,0,0,0,0,0,0,0,0,0,0,0
12285,95,3,1,0,0,0,0,0,0,0,0,0
12286,6,62,90,0,0,0,0,0,0,0,0,0
12287,0,0,0,0,0,0,2,8,0,0,0,0
12288,0,0,0,0,0,0,0,0,0,1,28,0
12289,0,0,0,3,1,248,0,0,0,0,0,0
12290,0,15,1,0,0,0,0,0,0,0,0,0
12291,0,0,0,3,1,9,0,0,0,0,0,0
12292,0,0,0,0,25,0,131,103,14,0,0,0
12293,2,76,0,0,0,0,0,0,0,0,0,0
12294,0,0,0,0,0,0,0,0,0,24,302,4
12295,0,0,1,0,0,3,0,0,0,159,1684,1
12296,0,0,0,0,0,0,0,0,0,37,0,0
12297,13,17,1,0,0,0,0,0,0,0,0,0
12298,7,57,4,0,0,0,0,0,0,0,0,0
12299,1,3,13,0,0,0,0,0,0,0,0,0
12300,0,0,0,0,1,1,0,0,0,0,0,0
12301,0,0,0,0,1,0,12,32,0,0,0,0
12302,0,0,0,1,0,2,0,0,0,0,0,0
12303,4,2,0,0,0,0,0,0,0,0,0,0
12304,0,0,0,1,0,509,0,0,0,0,0,0
12305,0,0,0,0,0,0,0,0,0,0,0,0
12306,0,186,0,0,0,0,0,0,0,0,0,0
12307,1,96,0,0,0,0,0,0,0,0,0,0
12308,0,0,2,0,0,0,0,0,0,320,3,0
12309,1,64,0,0,0,0,0,0,0,0,0,0
12310,0,0,0,0,0,0,208,170,3,0,0,0
12311,0,0,0,0,0,0,126,117,1,0,0,0
12312,0,0,0,0,0,2,0,0,0,0,964,0
12313,0,0,0,9,2,221,0,0,0,0,0,0
12314,1,0,3,0,0,0,0,0,0,0,0,0
12315,0,0,0,0,0,0,351,2,0,0,0,0
12316,0,487,0,0,0,0,0,0,0,0,0,0
12317,0,0,0,2,21,1,0,0,0,0,0,0
12318,0,0,0,0,0,0,0,0,0,21,376,9
12319,0,0,0,31,10,121,0,0,0,0,1,0
12320,0,0,0,0,0,0,2,1,3,0,0,0
12321,21,4,83,0,0,0,0,0,0,0,0,0
12322,0,0,0,0,0,0,427,194,3,0,0,0
12323,0,0,0,0,0,0,5,1,0,0,0,0
12324,0,0,0,0,0,0,0,0,0,0,0,0
12325,0,0,0,0,0,2,0,0,0,2,981,0
12326,0,0,0,0,0,0,0,0,0,0,0,0
12327,0,385,2,0,0,0,1,0,0,0,0,0
12328,0,0,0,0,0,0,404,3,0,0,0,0
12329,0,3,23,0,0,0,0,0,0,0,0,0
12330,0,0,0,0,6,0,5,51,0,0,0,0
12331,0,0,0,0,0,0,249,65,0,0,0,0
12332,0,1,0,0,0,0,130,126,0,0,0,0
12333,0,0,0,0,0,0,0,0,0,2,9,1
12334,527,64,10,5,0,0,0,0,0,0,0,0
12335,0,0,0,0,0,0,0,0,0,0,0,0
12336,0,27,0,0,0,0,0,0,0,0,0,0
12337,1,105,0,0,0,0,0,0,0,0,0,0
12338,0,0,0,0,0,0,87,3,2,0,0,0
12339,0,0,0,0,0,2,0,0,0,0,0,0
12340,0,0,0,7,6,37,0,0,0,0,0,0
12341,2,10,0,0,0,0,0,0,0,0,0,0
12342,0,0,0,0,0,0,0,0,0,4,235,2
12343,0,0,0,4,2,13,0,0,0,0,0,0
12344,0,18,0,0,0,0,0,0,0,0,0,0
12345,0,0,0,0,0,0,71,5,1,0,0,0
12346,0,0,0,2,0,31,0,0,0,0,0,0
12347,0,0,0,0,0,0,12,7,0,0,0,0
12348,0,0,0,0,0,0,0,0,0,0,174,0
12349,0,0,0,3,2,67,0,0,0,0,0,0
12350,1,1,0,0,0,0,0,0,0,0,0,0
12351,0,0,0,0,0,3,0,0,0,0,0,0
12352,0,0,0,0,0,0,3,1,0,0,0,0
12353,0,0,0,0,0,0,0,0,0,1,1,0
12354,1,2,0,0,0,0,0,0,0,0,0,0
12355,0,0,0,0,0,0,112,5,0,0,0,0
12356,0,77,0,0,0,0,0,0,0,0,0,0
12357,0,0,0,0,0,11,0,0,0,0,3250,0
12358,10,214,12,0,0,0,0,0,0,0,0,0
12359,0,4,1,0,0,0,0,0,0,0,0,0
12360,0,0,0,0,0,4,0,0,0,0,0,0
12361,0,0,0,0,0,0,4,39,8,0,0,0
12362,0,0,0,0,0,0,0,0,0,2,13,0
12363,0,0,0,0,0,2,0,0,0,0,0,0
12364,0,0,0,24,3,95,0,0,0,0,0,0
12365,0,0,0,0,0,3,0,0,0,0,0,0
12366,0,0,0,2,2,4,0,0,0,0,0,0
12367,0,0,0,0,0,0,0,0,0,0,571,0
12368,4,31,0,0,0,0,0,0,0,0,0,0
12369,0,0,0,0,0,1,0,0,0,70,410,0
12370,0,0,0,4,2,57,0,0,0,0,0,0
12371,2,0,6,0,0,0,0,0,0,0,0,0
12372,0,0,0,0,0,3,0,0,0,0,0,0
12373,0,0,0,0,0,0,1,14,0,0,0,0
12374,0,0,0,0,0,1,0,0,0,4,672,0
12375,0,0,0,0,0,0,0,0,0,0,0,0
12376,0,0,0,0,0,65,0,0,0,0,0,0
12377,0,0,1,0,0,0,0,0,0,0,0,0
12378,0,0,0,0,0,0,50,2,0,0,0,0
12379,1,37,0,0,0,0,0,0,0,0,0,0
12380,0,0,0,0,0,0,0,0,0,0,0,0
12381,0,175,0,0,0,0,1,0,0,0,0,0
12382,0,0,0,0,0,0,79,5,0,0,0,0
12383,0,0,0,0,35,21,0,0,0,0,0,0
12384,0,0,0,0,0,3,0,0,0,0,0,0
12385,0,0,0,0,0,0,195,83,2,0,0,0
12386,0,0,0,0,0,0,19,2,0,0,0,0
12387,0,101,3,0,0,0,0,0,0,0,0,0
12388,0,0,0,1,0,1263,0,0,0,0,1,0
12389,0,15,3,0,0,0,0,0,0,0,0,0
12390,1,258,16,0,0,0,0,0,0,0,0,0
12391,0,0,0,3,1,146,0,0,0,0,1,0
12392,0,0,0,0,0,0,14,0,0,0,0,0
12393,0,172,53,0,0,0,2,0,0,0,0,0
12394,0,0,0,4,2,230,0,0,0,0,0,0
12395,0,0,0,0,0,0,67,5,3,0,0,0
12396,0,0,0,0,0,0,0,0,0,0,356,2
12397,19,51,60,0,0,0,0,0,0,0,0,0
12398,0,0,0,0,0,1,0,0,0,31,9,1
12399,0,0,0,0,0,0,0,0,0,0,0,0
12400,120,0,0,0,0,9,0,0,0,543,4783,22
12401,290,11,5,1,0,0,0,0,0,0,0,0
12402,1,20,21,0,0,0,0,0,0,0,0,0
12403,0,0,0,0,0,8,0,0,0,0,833,0
12404,3,1,0,0,0,0,0,0,0,0,0,0
12405,0,19,1,0,0,0,0,0,0,0,0,0
12406,0,0,0,0,0,1,0,0,0,1,848,1
12407,2,92,4,0,0,0,0,0,0,0,0,0
12408,0,0,0,0,2,8,0,0,0,0,0,0
12409,0,0,0,1,0,12,0,0,0,0,0,0
12410,1,2345,1,0,0,0,5,0,0,0,0,0
12411,0,0,0,0,6,2,1,0,0,0,0,0
12412,0,0,0,0,0,7,0,0,0,61,1158,0
12413,197,33,4,0,0,0,0,0,0,0,0,0
12414,4,19,3,0,0,0,0,0,0,0,0,0
12415,0,0,0,0,0,1,0,0,0,2,556,1
12416,8,38,1,0,0,0,0,0,0,0,0,0
12417,15,199,13,0,0,0,0,0,0,0,0,0
12418,0,0,0,0,0,221,0,0,0,0,0,0
12419,0,0,0,0,0,0,0,45,1,0,0,0
12420,0,0,0,0,0,0,0,0,0,0,8,0
12421,130,66,15,0,0,0,0,0,0,0,0,0
12422,0,0,365,0,0,0,0,0,0,0,0,0
12423,0,0,0,0,0,0,31,9,0,0,0,0
12424,0,134,0,0,0,0,1,0,0,0,0,0
12425,0,0,0,0,0,0,1,1,1,0,0,0
12426,0,2,0,0,0,0,0,0,0,0,0,0
12427,0,0,0,5,2,140,0,0,0,0,0,0
12428,0,0,0,0,0,0,38,8,0,0,0,0
12429,0,0,0,0,0,0,14,3,0,0,0,0
12430,0,0,0,0,1,84,0,0,0,0,0,0
12431,0,0,0,0,0,1,0,0,0,0,0,0
12432,0,0,0,0,0,0,1,6,0,0,0,0
12433,0,0,0,0,0,102,0,0,0,0,1,0
12434,0,0,0,0,0,0,79,3,2,0,0,0
12435,0,0,0,0,0,0,0,0,0,0,0,0
12436,0,0,0,37,48,472,0,0,0,0,7,0
12437,0,0,0,0,0,0,0,0,0,0,9,0
12438,0,0,0,0,0,0,0,0,0,1,6,0
12439,0,0,25,0,0,50,0,0,0,164,8568,3
12440,0,0,0,4,11,71,0,0,0,0,0,0
12441,0,0,0,0,0,0,0,0,0,0,0,0
12442,0,0,0,0,0,0,48,1,1,0,0,0
12443,4,3,27,0,0,0,0,0,0,0,0,0
12444,1,38,1,0,0,0,0,0,0,0,0,0
12445,0,0,0,0,0,0,0,0,0,1,383,1
12446,1,243,210,0,0,0,1,0,0,2,0,0
12447,0,0,0,0,0,186,0,0,0,0,0,0
12448,26,108,2,0,0,0,0,0,0,0,0,0
12449,2,395,2,0,0,0,0,0,0,0,0,0
12450,0,0,0,0,0,2,0,0,0,0,0,0
12451,1061,1,0,3,0,0,0,0,0,0,0,0
12452,0,0,0,0,0,0,0,0,0,17,29,0
12453,0,0,0,0,0,1,0,0,0,0,7,0
12454,0,0,0,14,32,1015,0,0,0,0,1,0
12455,0,0,3,0,0,0,0,0,0,692,220,0
12456,0,0,0,2,0,0,0,0,0,0,0,0
12457,0,0,0,6,4,58,0,0,0,0,0,0
12458,0,246,0,0,0,0,1,0,0,0,0,0
12459,0,0,0,0,0,19,0,0,0,0,3987,1
12460,983,47,8,0,0,0,0,0,0,0,0,0
12461,0,29,0,0,0,0,0,0,0,0,0,0
12462,0,0,0,0,0,2,0,0,0,0,1461,0
12463,23,102,7,0,0,0,0,0,0,0,0,0
12464,0,0,0,0,0,0,106,14,0,0,0,0
12465,0,0,0,0,0,0,0,0,0,0,24,0
12466,113,3765,92,0,0,0,28,0,0,0,0,0
12467,0,0,0,0,0,0,75,20,1,0,0,0
12468,0,0,0,0,0,2,0,0,0,3,393,0
12469,0,0,2,0,0,35,0,0,0,299,1748,1
12470,0,0,1,0,0,0,0,0,0,0,0,0
12471,0,43,2,0,0,0,0,0,0,0,0,0
12472,0,112,0,0,0,0,1,0,0,0,0,0
12473,0,0,0,0,0,97,0,0,0,47,6082,9
12474,0,0,0,0,0,1,0,0,0,0,0,0
12475,0,103,1,0,0,0,1,0,0,0,0,0
12476,2,10,7,0,0,0,0,0,0,1,0,0
12477,0,0,0,3,2,4,0,0,0,0,0,0
12478,0,0,0,0,0,0,156,6,0,0,0,0
12479,0,3,0,0,0,0,614,10,0,0,0,0
12480,0,0,0,0,1,56,0,0,0,0,1,0
12481,0,0,0,6,1,62,0,0,0,0,0,0
12482,0,0,0,0,0,0,177,2,1,0,0,0
12483,0,0,0,0,0,2,0,0,0,0,0,0
12484,0,0,0,0,0,49,0,0,0,9,3917,2
12485,10,120,24,0,0,0,1,0,0,0,0,0
12486,0,0,0,0,0,274,0,0,0,0,0,0
12487,2,29,0,0,0,0,0,0,0,0,0,0
12488,0,0,0,0,0,6,0,0,0,0,1916,0
12489,0,0,0,0,0,0,0,0,0,0,1,0
12490,125,211,6,0,0,0,1,0,0,0,0,0
12491,0,0,0,0,0,0,287,2,0,0,0,0
12492,0,0,0,0,0,0,0,0,0,0,0,0
12493,0,0,0,0,0,0,0,0,0,95,464,23
12494,0,0,0,0,1,60,0,0,0,0,0,0
12495,1,73,1,0,0,0,0,0,0,0,0,0
12496,0,0,0,1,0,1102,0,0,0,0,28,0
12497,0,8,28,0,0,0,0,0,0,0,0,0
12498,7,112,5,0,0,0,0,0,0,0,0,0
12499,0,0,0,0,0,0,0,0,0,13,472,0
12500,0,10,0,0,0,0,0,0,0,0,0,0
12501,0,0,0,0,0,1,0,0,0,0,974,0
12502,18,71,3,0,0,0,0,0,0,0,0,0
12503,0,0,0,1,0,139,0,0,0,0,0,0
12504,2,98,0,0,0,0,0,0,0,0,0,0
12505,0,0,0,1,0,484,0,0,0,0,3,0
12506,0,1,2,0,0,0,0,0,0,0,0,0
12507,2,48,0,0,0,0,0,0,0,0,0,0
12508,3,23,6,0,0,0,0,0,0,0,0,0
12509,16,18,14,0,0,0,0,0,0,0,0,0
12510,4,105,9,0,0,0,0,0,0,0,0,0
12511,0,0,0,5,7,217,0,0,0,0,0,0
12512,0,101,0,0,0,0,1,0,0,0,0,0
12513,0,0,0,2,0,127,0,0,0,3,10165,1
12514,0,2,0,0,16,0,221,1833,4,0,0,0
12515,0,0,0,1,0,5,0,0,0,0,0,0
12516,0,0,0,0,0,0,7,8,0,0,0,0
12517,0,0,0,0,0,16,0,0,0,0,0,0
12518,0,0,0,0,0,0,46,46,1,0,0,0
12519,28,875,27,0,0,0,3,0,0,0,0,0
12520,0,0,0,2,3,88,0,0,0,0,0,0
12521,0,0,0,0,2,0,56,241,1,0,0,0
12522,0,0,0,0,0,0,10,91,0,0,0,0
12523,0,0,0,1,1,114,0,0,0,0,0,0
12524,3,110,3,0,0,0,0,0,0,0,0,0
12525,0,0,0,0,0,103,0,0,0,19,16637,2
12526,466,140,28,2,0,0,0,0,0,0,0,0
12527,0,57,3,0,0,0,0,0,0,0,0,0
12528,0,0,0,0,0,1,0,0,0,42,763,0
12529,30,428,9,0,0,0,1,0,0,0,0,0
12530,0,0,0,14,3,90,0,0,0,0,0,0
12531,0,0,0,0,7,2,0,0,0,0,0,0
12532,0,0,0,1,0,41,0,0,0,0,0,0
12533,1,272,0,0,0,0,1,0,0,0,0,0
12534,0,0,1,0,0,112,0,0,0,44,5250,0
12535,0,0,0,2,21,95,0,0,0,0,0,0
12536,0,0,0,0,0,2,0,0,0,0,0,0
12537,2,0,0,0,0,0,0,0,0,0,0,0
12538,0,0,0,0,1,596,0,0,0,0,2,0
12539,0,0,0,0,0,0,20,11,1,0,0,0
12540,0,0,0,0,0,0,0,0,0,0,301,0
12541,76,104,8,0,0,0,0,0,0,0,0,0
12542,0,0,0,0,42,1,0,0,0,0,0,0
12543,0,0,0,0,0,0,0,0,0,0,2,0
12544,103,286,10,4,0,0,0,0,0,0,0,0
12545,0,1,0,0,0,0,115,66,0,0,0,0
12546,0,0,0,0,0,0,0,0,0,1,199,0
12547,17,195,16,0,0,0,0,0,0,0,0,0
12548,0,0,0,2,11,39,0,1,0,0,0,0
12549,0,0,0,0,0,3,0,0,0,0,0,0
12550,0,0,0,0,0,0,135,1,0,0,0,0
12551,0,0,0,0,1,0,0,0,0,0,0,0
12552,0,0,0,0,0,0,0,1,0,0,0,0
12553,0,0,0,0,0,0,1,2,1,0,0,0
12554,0,0,0,0,0,0,104,0,31,0,0,0
12555,84,160,50,0,0,0,1,0,0,0,0,0
12556,15,85,38,0,0,0,0,0,0,0,0,0
12557,5,441,31,0,0,0,1,0,0,0,0,0
12558,0,0,0,1,3,180,0,0,0,0,0,0
12559,0,0,0,0,0,2,0,0,0,39,1428,2
12560,0,0,0,0,0,0,0,0,0,2,1,0
12561,44,1,0,0,0,0,0,0,0,0,0,0
12562,2,59,16,0,0,0,0,0,0,0,0,0
12563,0,0,0,0,0,0,0,0,0,0,1,0
12564,3,23,0,0,0,0,0,0,0,0,0,0
12565,0,0,0,0,8,0,159,1471,10,0,0,0
12566,0,0,0,0,0,0,53,397,1,0,0,0
12567,0,0,0,1,0,6,0,0,0,0,0,0
12568,0,0,0,0,2,153,0,0,0,0,1,0
12569,0,0,0,0,0,0,417,86,1,0,0,0
12570,0,0,0,0,1,12,0,0,0,0,0,0
12571,20,154,0,0,0,0,0,0,0,0,0,0
12572,0,0,0,0,0,0,33,8,0,0,0,0
12573,1,19,0,0,0,0,0,0,0,0,0,0
12574,0,0,0,2,2,158,0,0,0,0,5,0
12575,0,0,0,0,0,0,51,21,0,0,0,0
12576,0,0,0,0,0,0,0,0,0,0,33,0
12577,56,51,22,0,0,0,0,0,0,0,0,0
12578,0,0,0,0,0,0,4,18,2,0,0,0
12579,1,5,1,0,0,0,0,0,0,0,0,0
12580,0,0,0,0,0,117,0,0,0,0,0,0
12581,7,14,0,0,0,0,0,0,0,0,0,0
12582,0,0,0,0,0,0,6,12,0,0,0,0
12583,0,0,0,16,0,28,0,0,0,0,0,0
12584,1,0,0,0,0,0,0,0,0,0,0,0
12585,0,34,2,0,0,0,0,0,0,0,0,0
12586,1,20,5,0,0,0,0,0,0,0,0,0
12587,1,138,14,0,0,0,0,0,0,0,0,0
12588,0,0,0,0,45,36,0,0,0,0,0,0
12589,0,0,0,5,2,85,0,0,0,0,1,0
12590,0,1,0,0,0,0,66,6,0,0,0,0
12591,0,0,0,0,1,298,0,0,0,0,1,0
12592,0,0,0,2,25,74,0,0,0,0,0,0
12593,0,0,0,0,0,0,0,0,0,16,0,0
12594,6,267,12,0,0,0,0,0,0,0,0,0
12595,0,23,14,0,0,0,0,0,0,0,0,0
12596,0,0,2,0,0,1,0,0,0,68,362,0
12597,0,0,0,4,0,39,0,0,0,0,0,0
12598,0,0,0,2,1,114,0,0,0,0,0,0
12599,295,148,5,6,0,0,0,0,0,0,0,0
12600,0,0,0,0,0,0,52,86,1,0,0,0
12601,0,0,0,3,23,77,0,0,0,0,0,0
12602,0,0,0,0,0,0,4,0,26,0,0,0
12603,9,10,32,0,0,0,0,0,0,0,0,0
12604,6,40,53,0,0,0,0,0,0,1,0,0
12605,2,156,5,0,0,0,0,0,0,0,0,0
12606,0,0,0,0,0,3,0,0,0,0,0,0
12607,0,0,0,11,2,19,0,0,0,0,0,0
12608,1,35,1,0,0,0,0,0,0,0,0,0
12609,0,0,0,0,0,0,29,70,0,0,0,0
12610,0,0,0,1,0,15,0,0,0,0,0,0
12611,1,269,4,0,0,0,2,0,0,0,0,0
12612,0,0,0,93,3,164,0,0,0,0,1,0
12613,0,1,0,0,1,0,116,32,0,0,0,0
12614,0,0,0,0,0,0,145,26,0,0,0,0
12615,1,90,15,0,0,0,0,0,0,0,0,0
12616,0,0,0,0,0,1,0,0,0,3,637,1
12617,14,53,17,0,0,0,0,0,0,0,0,0
12618,0,53,12,0,0,0,0,0,0,0,0,0
12619,0,0,0,0,9,97,0,0,0,0,2,0
12620,0,0,0,11,43,9,0,3,0,0,0,0
12621,0,0,0,0,0,4,0,0,0,0,240,0
12622,2,371,2,0,0,0,68,0,0,0,0,0
12623,0,0,0,0,0,0,0,0,0,32,711,0
12624,0,0,11,0,0,3,0,0,0,1022,458,0
12625,0,0,0,0,1,21,0,0,0,0,0,0
12626,5,19,1,0,0,0,0,0,0,0,0,0
12627,3,44,14,0,0,0,0,0,0,0,0,0
12628,0,0,0,0,1,3106,0,0,0,0,22,0
12629,0,0,0,1,3,14,0,0,0,0,0,0
12630,0,0,0,0,0,4,0,0,0,0,0,0
12631,9,369,0,0,0,0,1,0,0,0,0,0
12632,0,0,0,0,0,0,24,23,1,0,0,0
12633,0,0,0,0,0,0,0,0,0,1,111,0
12634,8,557,13,0,0,0,1,0,0,0,0,0
12635,0,0,0,0,0,3,0,0,0,0,0,0
12636,0,0,0,0,0,0,0,2,1,0,0,0
12637,0,0,0,0,0,0,1,1,1,0,0,0
12638,0,0,0,0,0,0,0,0,0,0,2,0
12639,0,0,0,0,0,0,0,0,0,0,2,0
12640,0,0,0,2,14,1255,0,0,0,1,2,0
12641,0,0,0,0,0,2,0,0,0,39,424,19
12642,0,0,0,0,12,1,0,0,0,0,0,0
12643,0,0,0,3,0,29,0,0,0,0,0,0
12644,0,921,3,0,0,0,3,0,0,0,0,0
12645,0,0,0,0,5,51,0,0,0,0,0,0
12646,0,0,0,7,7,36,0,0,0,0,0,0
12647,0,0,0,0,0,0,118,6,1,0,0,0
12648,0,0,0,0,0,20,0,0,0,0,0,0
12649,6,127,5,0,0,0,0,0,0,0,0,0
12650,2,52,0,0,0,0,0,0,0,0,0,0
12651,0,0,0,0,0,5,0,0,0,3,3703,2
12652,9,117,6,0,0,0,1,0,0,0,0,0
12653,0,0,0,0,0,0,11,29,0,0,0,0
12654,0,0,0,0,0,0,0,0,0,0,18,1
12655,0,0,0,6,13,127,0,0,0,0,0,0
12656,0,0,0,14,22,29,0,0,0,0,0,0
12657,0,0,0,0,0,23,0,0,0,0,0,0
12658,0,47,1,0,0,0,0,0,0,0,0,0
12659,0,0,17,0,0,0,0,0,0,0,0,0
12660,0,0,0,0,0,0,30,0,0,0,0,0
12661,0,0,0,0,0,0,393,1,0,0,0,0
12662,0,0,0,0,0,0,166,35,0,0,0,0
12663,0,0,0,0,0,2,0,0,0,0,460,1
12664,0,0,0,0,0,0,0,0,0,33,471,1
12665,20,0,5,0,0,0,0,0,0,0,0,0
12666,5,333,4,0,0,0,2,0,0,0,0,0
12667,0,0,0,14,17,155,0,0,0,0,0,0
12668,0,0,0,13,14,3,0,0,0,0,0,0
12669,0,0,0,0,0,0,0,0,0,3,260,0
12670,9,0,0,1637,3,61,0,0,0,0,0,0
12671,0,0,0,0,0,0,0,20,0,0,0,0
12672,0,0,0,0,0,0,0,0,0,1,404,5
12673,0,0,0,14,1,107,0,0,0,0,0,0
12674,0,2,0,0,0,0,349,27,11,0,0,0
12675,0,0,0,0,0,20,0,0,0,0,0,0
12676,0,0,0,0,0,3,0,0,0,41,1470,1
12677,1,0,0,0,0,0,0,0,0,0,0,0
12678,1,14,0,0,0,0,0,0,0,0,0,0
12679,5,65,1,0,0,0,0,0,0,0,0,0
12680,0,0,5,6,1,110,0,0,0,0,1,0
12681,0,0,0,0,0,3,0,0,0,0,0,0
12682,2,48,0,0,0,0,0,0,0,0,0,0
12683,0,0,0,0,0,0,0,0,0,0,1,0
12684,6,1,0,0,0,0,0,0,0,0,0,0
12685,0,0,0,0,0,0,117,2661,8,0,0,0
12686,0,0,7,0,0,0,0,0,0,0,0,0
12687,1,11,2,0,0,0,0,0,0,0,0,0
12688,0,0,0,0,0,247,0,0,0,0,0,0
12689,0,1,0,0,0,0,0,0,0,0,0,0
12690,0,2,1,0,0,0,0,0,0,0,0,0
12691,0,0,0,0,0,162,0,0,0,0,0,0
12692,0,0,0,0,0,0,0,1,2,0,0,0
12693,28,0,2,0,0,0,0,0,0,0,0,0
12694,0,0,0,0,0,0,116,1,1,0,0,0
12695,0,0,0,0,0,0,0,0,0,12,13,2
12696,0,0,0,0,0,0,0,0,0,0,0,0
12697,0,0,0,14,2,34,0,0,0,0,0,0
12698,8,90,1,0,0,0,1,0,0,0,0,0
12699,0,0,0,0,0,0,95,65,4,0,0,0
12700,0,0,0,2,2,32,0,0,0,0,0,0
12701,0,0,0,0,0,0,0,0,0,4,2,0
12702,0,0,0,0,0,0,0,0,0,0,14,0
12703,0,0,0,3,17,138,0,0,0,0,0,0
12704,0,2,0,0,0,0,567,52,0,0,0,0
12705,0,0,0,1,4,57,0,0,0,0,0,0
12706,0,0,0,64,4,57,0,0,0,0,0,0
12707,0,0,0,0,0,0,72,19,1,0,0,0
12708,0,0,0,0,0,20,0,0,0,5,926,0
12709,16,73,19,1,0,0,0,0,0,0,0,0
12710,0,0,0,0,0,13,0,0,0,18,1086,1
12711,0,0,0,0,0,15,0,0,0,0,0,0
12712,2,15,0,0,0,0,0,0,0,0,0,0
12713,0,0,0,0,0,0,0,0,0,17,3,3
12714,0,0,0,0,0,0,15,0,0,0,0,0
12715,3,58,27,0,0,0,0,0,0,0,0,0
12716,0,0,0,0,0,0,0,0,0,0,0,0
12717,1,71,0,0,0,0,0,0,0,0,0,0
12718,0,0,0,0,26,0,197,5034,7,0,0,0
12719,3,238,36,0,0,0,3,0,0,1,0,0
12720,0,0,0,2,21,88,0,0,0,0,0,0
12721,0,3,0,0,1,0,144,283,2,0,0,0
12722,0,0,0,0,8,97,0,0,0,0,0,0
12723,0,0,0,0,0,3,0,0,0,20,211,2
12724,0,0,0,22,7,188,0,0,0,0,2,0
12725,0,0,0,5,0,1,0,0,0,0,0,0
12726,0,0,0,0,0,0,0,0,1,0,0,0
12727,0,0,0,0,0,104,0,0,0,0,5,0
12728,0,1,0,0,0,0,47,49,0,0,0,0
12729,0,0,0,0,0,0,0,0,0,4,81,2
12730,0,0,0,64,231,226,0,2,0,0,3,0
12731,0,0,0,0,0,0,87,8,0,0,0,0
12732,0,0,0,0,0,0,0,0,0,0,15,0
12733,0,0,0,0,0,3,0,0,0,101,1484,0
12734,0,0,0,0,0,0,435,20,1,0,0,0
12735,0,0,0,0,0,0,2,3,8,0,0,0
12736,0,0,0,1,1,74,0,0,0,0,0,0
12737,4,436,1,0,0,0,0,0,0,0,0,0
12738,0,0,0,0,0,4,0,0,0,33,1190,6
12739,0,0,0,13,0,189,0,0,0,0,0,0
12740,3,25,1,0,0,0,0,0,0,0,0,0
12741,0,0,0,1,0,8,0,0,0,118,2560,0
12742,2,52,3,0,0,0,0,0,0,0,0,0
12743,0,0,0,0,0,0,0,0,0,150,2,2
12744,9,16,1,0,0,0,0,0,0,0,0,0
12745,7,30,13,0,0,0,0,0,0,0,0,0
12746,0,30,11,0,0,0,0,0,0,0,0,0
12747,0,0,0,0,0,23,0,0,0,232,4550,4
12748,1,0,0,195,9,271,0,0,0,0,0,0
12749,0,8,0,0,0,0,377,20,3,0,0,0
12750,0,0,0,0,0,26,0,0,0,2,843,3
12751,0,0,0,42,66,43,0,2,0,0,0,0
12752,0,0,0,16,1,2,0,0,0,0,0,0
12753,0,0,0,0,0,0,26,27,14,0,0,0
12754,0,0,0,0,0,0,0,0,0,0,2306,2
12755,1,293,4,0,0,0,3,0,0,0,0,0
12756,0,0,0,0,0,27,0,0,0,143,7330,3
12757,0,0,0,40,19,82,0,0,0,0,0,0
12758,0,0,0,0,0,0,136,24,1,0,0,0
12759,2,367,95,0,0,0,2,0,1,0,0,0
12760,0,0,0,8,2,274,0,0,0,0,0,0
12761,0,0,0,0,0,0,106,11,7,0,0,0
12762,0,70,10,0,0,0,0,0,0,0,0,0
12763,0,0,0,0,0,11,0,0,0,20,1747,4
12764,2,5,0,0,0,0,0,0,0,0,0,0
12765,1,115,9,0,0,0,0,0,0,0,0,0
12766,0,0,0,22,28,117,0,0,0,0,0,0
12767,0,0,0,0,0,0,31,12,0,0,0,0
12768,0,0,0,0,0,0,0,0,0,1,25,1
12769,0,4,0,0,2,0,656,1612,14,0,0,0
12770,0,0,0,0,3,36,0,0,0,0,0,0
12771,0,0,0,0,0,11,0,0,0,0,0,0
12772,6,5445,0,0,0,0,37,0,0,0,0,0
12773,0,0,0,0,0,0,1,3,1,0,0,0
12774,0,0,0,0,0,0,0,0,0,1,53,1
12775,0,0,0,11,11,605,0,2,0,0,1,0
12776,0,0,0,0,0,3,0,0,0,0,0,0
12777,1,0,0,0,0,0,0,0,0,0,0,0
12778,0,0,0,0,0,261,0,0,0,14,20700,0
12779,0,0,0,1,0,32,0,0,0,0,0,0
12780,1,11,1,0,0,0,0,0,0,0,0,0
12781,0,0,0,0,0,119,0,0,0,0,3444,0
12782,4,4,0,0,0,0,0,0,0,0,0,0
12783,2,24,163,0,0,0,0,0,0,0,0,0
12784,0,0,0,0,0,37,0,0,0,2,6853,3
12785,18,62,1,0,0,0,0,0,0,0,0,0
12786,0,0,0,0,0,16,0,0,0,6,3140,3
12787,16,136,6,0,0,0,0,0,0,0,0,0
12788,1,55,129,0,0,0,0,0,0,0,1,0
12789,0,0,0,0,0,180,0,0,0,60,12701,1
12790,13,161,4,0,0,0,0,0,0,0,0,0
12791,0,5,18,0,0,0,0,0,0,0,0,0
12792,2,412,17,0,0,0,1,0,0,0,0,0
12793,0,2,0,0,9,0,534,4290,13,0,0,0
12794,0,1,0,0,0,0,220,2,2,0,0,0
12795,0,0,0,0,0,0,135,22,0,0,0,0
12796,10,116,48,0,0,0,0,0,0,0,0,0
12797,0,0,0,0,0,0,226,620,9,0,0,0
12798,0,0,0,0,1,0,5,80,1,0,0,0
12799,0,0,0,0,0,10,0,0,0,0,0,0
12800,0,2,4,0,0,0,0,0,0,0,0,0
12801,0,72,0,0,0,0,21761,48,5,0,0,0
12802,0,1,0,0,0,0,566,9,0,0,0,0
12803,0,0,0,5,22,27,0,0,0,0,0,0
12804,0,0,0,2,1,4,0,0,0,0,0,0
12805,0,0,0,11,1,48,0,0,0,0,0,0
12806,0,0,0,0,0,0,154,2,0,0,0,0
12807,0,0,0,1,0,3,0,0,0,0,0,0
12808,0,59,0,0,0,0,2,0,0,0,0,0
12809,0,0,0,0,0,26,0,0,0,9,8984,3
12810,0,0,0,0,2,0,0,0,0,0,0,0
12811,65,0,0,785,7,128,0,0,0,0,1,0
12812,0,0,0,0,0,0,3,31,4,0,0,0
12813,0,0,0,0,0,0,0,0,0,1,3,0
12814,10,29,4,0,0,0,0,0,0,0,0,0
12815,0,0,0,0,0,8,0,0,0,50,2055,1
12816,0,0,0,0,0,1,0,0,0,0,0,0
12817,0,1,0,0,1,0,208,1275,6,0,0,0
12818,0,0,0,0,1,42,0,0,0,0,1,0
12819,0,0,0,0,0,6,0,0,0,0,0,0
12820,1,1630,0,0,0,0,5,0,0,0,0,0
12821,0,0,0,6,58,1,0,0,0,0,0,0
12822,0,0,0,0,0,0,0,0,0,2,2,0
12823,0,0,0,0,0,14,0,0,0,187,2755,10
12824,0,2,0,0,0,0,244,5,1,0,0,0
12825,1,79,5,0,0,0,0,0,0,0,0,0
12826,0,0,0,14,57,120,0,0,0,0,1,0
12827,0,0,0,1,8,18,0,0,0,0,0,0
12828,0,0,0,0,0,112,0,0,0,0,0,0
12829,0,84,0,0,0,0,0,0,0,0,0,0
12830,0,0,0,0,0,0,0,0,0,14,2,0
12831,209,8,12,1,0,0,0,0,0,0,0,0
12832,0,2,0,0,5,0,302,1508,12,0,0,0
12833,0,0,0,0,0,0,106,9,1,0,0,0
12834,1,164,18,0,0,0,1,0,0,0,0,0
12835,0,0,0,1,32,238,0,0,0,0,0,0
12836,0,0,0,8,4,74,0,0,0,0,0,0
12837,0,0,0,0,3,5,0,0,0,0,0,0
12838,0,0,0,0,0,0,72,106,82,0,0,0
12839,0,0,15,0,0,0,0,0,0,0,0,0
12840,1,21,1,0,0,0,0,0,0,0,0,0
12841,3,213,2,0,0,0,1,0,0,0,0,0
12842,0,0,0,3,0,2,0,0,0,0,0,0
12843,0,0,0,0,0,0,1,4,0,0,0,0
12844,0,0,0,0,0,0,0,84,0,0,0,0
12845,0,0,0,0,0,0,17,136,1,0,0,0
12846,0,0,0,0,0,0,0,0,0,0,232,1
12847,0,0,0,2,0,104,0,0,0,0,0,0
12848,0,4,157,0,0,0,0,0,0,0,0,0
12849,0,0,0,0,0,0,55,2,2,0,0,0
12850,1,1556,1,0,0,0,11,0,0,0,0,0
12851,0,0,0,0,0,2,0,0,0,0,0,0
12852,0,0,0,0,0,4,0,0,0,0,0,0
12853,0,0,0,0,0,0,0,0,0,1,481,0
12854,0,0,1,0,0,44,0,0,0,253,2570,1
12855,0,0,0,0,0,0,0,0,0,63,361,1
12856,0,0,0,5,3,47,0,0,0,0,0,0
12857,0,0,0,0,0,0,0,0,0,0,0,0
12858,2,84,0,0,0,0,0,0,0,0,0,0
12859,0,0,0,0,0,0,15,8,1,0,0,0
12860,1,40,12,0,0,0,0,0,0,0,0,0
12861,0,2,0,0,0,0,116,50,5,0,0,0
12862,0,0,0,17,3,203,0,0,0,0,0,0
12863,0,0,0,0,0,0,15,7,0,0,0,0
12864,5,107,9,0,0,0,0,0,0,0,0,0
12865,0,0,0,4,2,1117,0,0,0,0,1,0
12866,0,3,0,0,0,0,174,1,2,0,0,0
12867,0,0,0,0,0,0,31,2,0,0,0,0
12868,16,217,19,0,0,0,2,0,0,0,0,0
12869,1,82,3,0,0,0,0,0,0,0,0,0
12870,0,0,0,0,0,0,0,0,0,45,379,11
12871,0,0,0,12,112,54,0,0,0,0,0,0
12872,0,2,0,0,0,0,496,8,0,0,0,0
12873,0,0,0,0,0,0,2,8,0,0,0,0
12874,0,0,0,0,0,168,0,0,0,0,0,0
12875,1,288,2,0,0,0,0,0,0,0,0,0
12876,0,0,0,0,0,2,0,0,0,72,259,18
12877,0,0,0,0,6,123,0,0,0,0,0,0
12878,0,20537,4,0,0,0,159,0,0,0,0,0
12879,0,0,0,0,32,89,0,0,0,0,0,0
12880,0,0,0,0,0,83,0,0,0,39,6706,0
12881,0,0,0,3,0,91,0,0,0,0,0,0
12882,5,4,2,0,0,0,0,0,0,0,0,0
12883,0,0,0,0,0,311,0,0,0,0,0,0
12884,3,78,0,0,0,0,0,0,0,0,0,0
12885,0,0,0,0,0,80,0,0,0,1,2352,1
12886,19,114,9,0,0,0,1,0,0,0,0,0
12887,0,0,0,0,0,0,2,2,0,0,0,0
12888,0,0,16,0,0,0,0,0,0,0,0,0
12889,3,173,3,0,0,0,0,0,0,0,0,0
12890,0,0,0,0,0,1,0,0,0,17,544,2
12891,0,0,0,0,1,0,0,0,0,0,0,0
12892,0,0,0,0,0,0,454,122,2,0,0,0
12893,0,0,0,0,0,0,1,1,6,0,0,0
12894,2,1,1,0,0,0,0,0,0,0,0,0
12895,2,137,0,0,0,0,0,0,0,0,0,0
12896,0,0,0,0,0,0,0,0,0,70,689,4
12897,0,0,0,0,0,8,0,0,0,108,605,1
12898,2,74,15,0,0,0,0,0,0,0,0,0
12899,0,0,0,0,0,0,0,0,0,4,56,0
12900,0,0,0,0,0,0,0,0,0,0,0,0
12901,0,0,0,3,20,40,0,0,0,0,0,0
12902,0,0,0,0,0,1,0,0,0,0,0,0
12903,0,0,0,0,0,0,0,5,1,0,0,0
12904,0,0,0,0,0,124,0,0,0,0,1,0
12905,0,36,0,0,0,0,2,0,0,0,0,0
12906,0,0,0,0,0,0,18,12,0,0,0,0
12907,0,0,0,0,0,0,111,1,0,0,0,0
12908,0,0,0,9,2,16,0,0,0,0,0,0
12909,0,0,0,0,0,3,0,0,0,0,0,0
12910,0,0,0,43,1,44,0,0,0,0,0,0
12911,0,1,0,0,0,0,558,65,1,0,0,0
12912,0,0,0,0,1,3,0,0,0,0,0,0
12913,0,0,0,22,0,147,0,0,0,0,0,0
12914,0,16,0,0,0,0,0,0,0,0,0,0
12915,0,0,0,0,0,11,0,0,0,1,880,0
12916,30,239,4,0,0,0,0,0,0,0,0,0
12917,0,2,0,0,0,0,287,36,65,0,0,0
12918,2,19,3,0,0,0,0,0,0,0,0,0
12919,0,0,0,0,0,2,0,0,0,16,1182,0
12920,1,39,0,0,0,0,0,0,0,0,0,0
12921,0,0,0,0,0,0,0,0,0,1,51,0
12922,1,51,5,0,0,0,0,0,0,0,0,0
12923,0,0,0,0,0,2,0,0,0,11,889,0
12924,0,0,0,0,0,5,0,0,0,68,2146,0
12925,0,0,0,3,1,112,0,0,0,0,1,0
12926,0,1,1,0,0,0,0,0,0,0,0,0
12927,2,112,8,0,0,0,0,0,0,0,0,0
12928,3,205,5,0,0,0,2,0,0,0,0,0
12929,0,0,0,0,0,0,45,28,1,0,0,0
12930,0,0,0,0,0,0,11,4,1,0,0,0
12931,0,0,0,1,0,78,0,0,0,0,0,0
12932,0,0,0,0,0,0,0,0,0,10,319,0
12933,0,0,0,0,0,11,0,0,0,181,2421,12
12934,0,0,0,3,3,23,0,0,0,0,0,0
12935,3,3,0,0,0,0,0,0,0,0,0,0
12936,0,365,2,0,0,0,2,0,0,0,0,0
12937,0,85,0,0,0,0,0,0,0,0,0,0
12938,0,0,0,0,0,0,35,48,0,0,0,0
12939,0,0,0,1,0,4,0,0,0,0,0,0
12940,0,0,0,0,0,0,45,235,1,0,0,0
12941,0,0,3,0,0,0,0,0,0,0,0,0
12942,321,23,5,0,0,0,1,0,0,0,0,0
12943,0,0,0,0,0,0,47,139,0,0,0,0
12944,0,0,0,1,0,3,0,0,0,0,0,0
12945,54,68,1,0,0,0,0,0,0,0,0,0
12946,0,0,0,0,0,21852,0,0,0,0,98,0
12947,0,0,0,0,0,117,0,0,0,0,0,0
12948,0,0,0,0,0,2,0,0,0,0,0,0
12949,1,152,0,0,0,0,0,0,0,0,0,0
12950,0,0,0,4,0,10,0,0,0,0,0,0
12951,0,0,0,0,0,0,0,0,0,0,0,0
12952,0,0,0,0,0,2,0,0,0,0,340,0
12953,0,0,0,0,0,9,0,0,0,0,0,0
12954,0,0,0,0,0,2,0,0,0,0,0,0
12955,0,0,0,0,0,18,0,0,0,0,0,0
12956,0,64,0,0,0,0,0,0,0,0,0,0
12957,0,0,0,0,0,2,0,0,0,0,0,0
12958,0,0,0,0,2,204,0,0,0,0,4,0
12959,2,1,0,0,0,0,0,0,0,0,0,0
12960,0,76,0,0,0,0,0,0,0,0,0,0
12961,12,627,2,0,0,0,7,0,0,0,0,0
12962,0,0,0,0,0,0,29,1,0,0,0,0
12963,0,0,0,0,0,0,0,2,0,0,0,0
12964,18,1432,67,0,0,0,16,0,0,0,0,0
12965,0,0,0,0,0,238,0,0,0,0,1,0
12966,0,0,0,1,0,1,0,0,0,0,0,0
12967,1,120,0,0,0,0,0,0,0,0,0,0
12968,0,0,3,0,0,0,0,0,0,0,0,0
12969,0,36,0,0,0,0,0,0,0,0,0,0
12970,0,0,0,0,0,420,0,0,0,0,13832,0
12971,2,0,0,0,0,0,0,0,0,0,0,0
12972,1,12,0,0,0,0,0,0,0,0,0,0
12973,0,0,0,0,0,0,0,0,0,0,602,0
12974,0,0,0,0,0,2,0,0,0,56,1217,1
12975,0,0,0,0,0,6,0,0,0,0,0,0
12976,6,88,2,0,0,0,0,0,0,0,0,0
12977,0,0,5,0,0,0,0,0,0,0,0,0
12978,1,30,9,0,0,0,0,0,0,0,0,0
12979,0,0,0,1,0,128,0,0,0,0,0,0
12980,0,2,0,0,0,0,0,0,0,0,0,0
12981,0,0,0,0,0,0,19,7,0,0,0,0
12982,1,45,0,0,0,0,0,0,0,0,0,0
12983,0,0,0,0,0,0,5,1,0,0,0,0
12984,0,0,0,0,0,0,0,0,0,0,0,0
12985,0,0,0,0,0,21,0,0,0,0,0,0
12986,27,592,2,0,0,0,0,0,0,0,0,0
12987,9,0,0,69,4,267,0,0,0,0,2,0
12988,0,0,0,0,23,0,98,4559,12,0,0,0
12989,0,0,0,0,0,0,82,5,2,0,0,0
12990,0,0,0,0,0,11,0,0,0,0,0,0
12991,7,55,1,0,0,0,0,0,0,0,0,0
12992,0,0,0,0,0,0,0,0,0,55,6,0
12993,0,0,0,1,0,0,0,0,0,0,0,0
12994,0,0,0,52,2,33,0,0,0,0,0,0
12995,0,0,0,0,0,0,0,2,0,0,0,0
12996,0,0,0,0,0,0,0,0,0,0,0,0
12997,0,0,0,1,0,14,0,0,0,0,0,0
12998,29,151,0,0,0,0,0,0,0,0,0,0
12999,0,0,0,0,0,0,125,14,1,0,0,0
13000,0,0,0,0,4,93,0,0,0,0,1,0
13001,0,0,0,16,3,62,0,0,0,0,0,0
13002,0,0,0,0,0,2,0,0,0,0,0,0
13003,2,268,0,0,0,0,0,0,0,0,0,0
13004,0,0,0,0,1,0,90,60,4,0,0,0
13005,0,0,0,0,0,0,0,0,0,1,152,13
13006,0,0,0,57,6,495,0,0,0,0,0,0
13007,0,0,0,0,0,0,124,18,2,0,0,0
13008,0,0,0,0,0,2,0,0,0,1,157,1
13009,0,0,0,0,0,1,0,0,0,62,367,2
13010,1,2,1,0,0,0,0,0,0,0,0,0
13011,0,0,0,0,0,73,0,0,0,4,5259,0
13012,21,39,4,0,0,0,2,0,0,0,0,0
13013,0,2,0,0,0,0,148,22,0,0,0,0
13014,0,0,0,1,1,1,0,0,0,0,0,0
13015,0,105,0,0,0,0,0,0,0,0,0,0
13016,0,0,0,0,0,0,0,0,0,1,1,0
13017,0,0,0,0,0,0,1,6,2,0,0,0
13018,0,0,0,0,17,118,0,0,0,0,2,0
13019,0,0,0,0,0,37194,0,0,0,49,114169,1
13020,0,0,0,0,0,3,0,0,0,0,0,0
13021,0,66,11,0,0,0,2,0,0,0,0,0
13022,0,0,0,0,0,0,0,0,0,0,4,0
13023,1,0,0,0,0,0,0,0,0,0,0,0
13024,5,504,14,0,0,0,4,0,0,0,0,0
13025,0,1,0,0,0,0,34,18,1,0,0,0
13026,0,0,0,0,0,3,0,0,0,2,247,0
13027,1,0,0,97,33,129,0,0,0,0,1,0
13028,0,0,0,0,0,0,22,3,1,0,0,0
13029,0,0,0,0,0,0,1,12,0,0,0,0
13030,0,0,0,2,0,73,0,0,0,0,0,0
13031,41,15,3,0,0,0,0,0,0,0,0,0
13032,10,239,33,0,0,0,0,0,0,0,0,0
13033,0,0,0,37,32,349,0,0,0,0,168,0
13034,0,0,0,0,0,0,33,20,1,0,0,0
13035,0,0,0,0,0,3,0,0,0,0,324,0
13036,34,158,4,0,0,0,0,1,0,0,0,0
13037,1,9,0,0,0,0,0,0,0,0,0,0
13038,0,0,0,0,0,0,0,0,0,0,201,0
13039,31,105,6,0,0,0,0,0,0,0,0,0
13040,0,0,0,0,0,0,0,2,0,0,0,0
13041,0,0,0,0,0,0,0,0,0,0,0,0
13042,1,74,1,0,0,0,0,0,0,0,0,0
13043,0,0,0,0,0,0,39,126,5,0,0,0
13044,0,0,0,0,1,6,0,0,0,0,0,0
13045,0,0,0,0,0,0,243,652,3,0,0,0
13046,0,0,0,0,0,4,0,0,0,14,750,0
13047,0,0,0,0,0,0,0,0,0,50,195,0
13048,1,0,0,156,12,191,0,0,0,0,0,0
13049,0,0,0,0,0,0,34,14,0,0,0,0
13050,0,0,0,0,0,0,0,0,0,18,207,0
13051,0,0,0,0,0,1,0,0,0,15,819,1
13052,0,0,0,0,0,0,0,0,0,0,0,0
13053,0,1,1,0,0,0,0,0,0,0,0,0
13054,0,0,0,0,0,94,0,0,0,0,0,0
13055,0,0,0,0,13,0,0,0,0,0,0,0
13056,0,0,0,0,0,0,0,0,0,0,0,0
13057,3959,61,36,25,0,0,0,0,0,0,0,0
13058,0,21,0,0,0,0,0,0,0,0,0,0
13059,0,0,0,0,0,7,0,0,0,10,2703,18
13060,0,0,0,6,42,46,0,0,0,0,0,0
13061,0,0,0,0,0,0,91,1,0,0,0,0
13062,0,0,0,0,0,31,0,0,0,0,0,0
13063,1,380,6,0,0,0,0,0,0,0,0,0
13064,0,0,0,0,0,114,0,0,0,0,0,0
13065,0,0,0,0,0,3,0,0,0,0,0,0
13066,0,138,0,0,0,0,0,0,0,0,0,0
13067,0,0,0,2,0,0,0,0,0,0,0,0
13068,0,0,0,0,0,0,0,0,0,2,9,0
13069,0,0,0,10,48,285,0,0,0,0,0,0
13070,0,0,0,2,1,23,0,0,0,0,0,0
13071,0,0,0,0,0,0,0,0,0,0,0,0
13072,0,0,0,0,0,0,0,0,0,8,731,2
13073,0,0,0,0,2,0,0,0,0,0,0,0
13074,0,0,0,0,0,0,1,3,2,0,0,0
13075,0,0,0,0,0,210,0,0,0,0,1,0
13076,0,0,0,0,0,0,34,28,0,0,0,0
13077,0,0,0,0,0,0,0,0,0,0,87,0
13078,0,0,0,20,479,95,0,4,0,0,0,0
13079,0,0,0,0,1,2,0,0,0,0,0,0
13080,0,0,0,0,39,1,0,0,0,0,0,0
13081,0,0,0,0,0,109,0,0,0,0,0,0
13082,0,0,0,0,0,0,37,171,0,0,0,0
13083,0,0,0,0,0,0,0,0,0,0,29,0
13084,0,0,0,39,6,23,0,0,0,0,0,0
13085,0,0,0,0,0,0,108,1,0,0,0,0
13086,0,0,0,0,0,13,0,0,0,0,0,0
13087,8,185,0,0,0,0,0,0,0,0,0,0
13088,0,1,0,0,0,0,142,9,1,0,0,0
13089,0,2,0,0,0,0,0,0,0,0,0,0
13090,0,0,0,9,5,492,0,0,0,0,1,0
13091,0,0,0,0,0,0,67,47,5,0,0,0
13092,0,0,0,0,0,0,0,0,0,0,5,0
13093,0,0,0,97,3,62,0,0,0,0,0,0
13094,0,0,0,0,4,0,60,677,3,0,0,0
13095,0,0,0,0,0,0,0,0,0,1,187,3
13096,0,0,0,3,1,216,0,0,0,0,0,0
13097,14,0,0,0,0,0,0,0,0,0,0,0
13098,0,53,0,0,0,0,0,0,0,0,0,0
13099,1,276,3,0,0,0,0,0,0,0,0,0
13100,0,0,0,0,0,0,1,20,0,0,0,0
13101,0,0,0,0,0,0,0,0,0,0,5,9
13102,0,0,0,1,7,55,0,0,0,0,0,0
13103,0,0,0,0,1,0,0,0,0,0,0,0
13104,0,0,0,0,0,0,0,0,0,0,0,0
13105,0,0,0,0,0,1,0,0,0,0,2524,0
13106,0,0,1,0,0,0,0,0,0,0,0,0
13107,1,37,0,0,0,0,0,0,0,0,0,0
13108,0,67,1,0,0,0,0,0,0,0,0,0
13109,0,0,0,0,0,0,18,5,0,0,0,0
13110,1,11,53,0,0,0,0,0,0,0,0,0
13111,0,0,0,1,1,121,0,0,0,1,0,0
13112,0,0,0,1,0,3,0,0,0,0,0,0
13113,0,41,0,0,0,0,0,0,0,0,0,0
13114,0,0,0,0,0,364,0,0,0,0,0,0
13115,0,0,0,0,0,72,0,0,0,49,4117,5
13116,0,0,0,22,1,1,0,0,0,0,0,0
13117,0,0,0,0,0,0,0,0,0,0,0,0
13118,0,1,0,0,0,0,591,43,3,0,0,0
13119,0,0,0,0,0,24,0,0,0,1,3115,1
13120,0,0,0,1,1,184,0,0,0,0,3,0
13121,38,226,0,0,0,0,1,0,0,0,0,0
13122,0,3,0,0,0,0,1217,24,0,0,0,0
13123,0,0,0,3,1,44,0,0,0,0,0,0
13124,0,0,0,0,0,0,104,2,7,0,0,0
13125,0,0,0,0,0,0,21,58,3,0,0,0
13126,0,0,0,0,5,0,433,625,4,0,0,0
13127,0,0,0,0,0,0,50,2,1,0,0,0
13128,0,0,0,0,0,0,6,1,2,0,0,0
13129,7,136,42,0,0,0,0,0,0,0,0,0
13130,0,0,0,0,0,0,0,0,0,24,1,0
13131,4,87,12,0,0,0,0,0,0,0,0,0
13132,0,29,0,0,0,0,0,0,0,0,0,0
13133,0,0,0,0,0,3,0,0,0,7,274,1
13134,0,0,0,0,0,0,0,0,0,10,2,0
13135,56,46,3,0,0,3,0,0,0,0,0,0
13136,0,137,82,0,0,0,0,0,0,7,0,0
13137,0,0,0,0,0,3,0,0,0,0,0,0
13138,0,0,0,0,0,4,0,0,0,5,2015,1
13139,1,65,0,0,0,0,0,0,0,0,0,0
13140,0,0,0,0,0,2,0,0,0,57,599,1
13141,0,0,0,0,69,121,0,1,0,0,0,0
13142,0,1,0,0,0,0,0,0,0,0,0,0
13143,0,39,1,0,0,0,0,0,0,0,0,0
13144,0,0,0,2,3,105,0,0,0,0,0,0
13145,0,0,0,23,2,2,0,0,0,0,0,0
13146,0,0,0,0,0,0,17,19,2,0,0,0
13147,0,0,0,0,2,283,0,0,0,0,2,0
13148,0,0,0,0,0,0,51,3,3,0,0,0
13149,0,0,0,0,0,1,0,0,0,0,0,0
13150,0,0,0,0,0,101,0,0,0,0,0,0
13151,1,3,1,0,0,0,0,0,0,0,0,0
13152,1,54,0,0,0,0,0,0,0,0,0,0
13153,0,0,0,0,0,0,156,49,2,0,0,0
13154,0,5,2,0,0,0,0,0,0,0,0,0
13155,0,0,0,0,0,2,0,0,0,0,0,0
13156,0,0,0,0,0,0,2,5,1,0,0,0
13157,0,0,0,0,2,21,0,0,0,0,0,0
13158,0,0,0,0,1,2,0,0,0,0,0,0
13159,0,0,0,0,0,0,117,3,0,0,0,0
13160,0,0,0,2,0,2,0,0,0,0,0,0
13161,0,0,0,0,0,0,23,5,0,0,0,0
13162,0,0,0,1,0,146,0,0,0,0,0,0
13163,0,10,0,0,0,0,0,0,0,0,0,0
13164,0,0,0,0,0,2,0,0,0,0,159,1
13165,6,72,11,0,0,0,0,0,0,0,0,0
13166,0,0,0,0,0,0,0,0,0,2,332,0
13167,0,26,1,0,0,0,0,0,0,0,0,0
13168,0,0,0,0,0,98,0,0,0,0,10325,0
13169,4,63,0,0,0,0,0,0,0,0,0,0
13170,0,0,4,0,0,0,0,0,0,298,497,1
13171,0,0,0,58,137,92,0,0,0,0,0,0
13172,0,0,0,0,0,0,3,2,1,0,0,0
13173,0,0,0,0,0,0,1,1,0,0,0,0
13174,0,0,0,2,0,72,0,0,0,0,0,0
13175,2,47,0,0,0,0,0,0,0,0,0,0
13176,0,0,0,0,0,22,0,0,0,100,2709,6
13177,0,0,0,42,36,40,0,0,0,0,0,0
13178,0,0,0,0,0,0,21,4,0,0,0,0
13179,0,0,0,0,0,0,0,0,0,0,0,0
13180,0,0,0,2,14,422,0,0,0,0,0,0
13181,0,0,0,0,0,0,0,0,0,10,12,0
13182,59,24,0,3,0,0,0,0,0,0,0,0
13183,0,0,0,0,0,0,181,480,0,0,0,0
13184,0,0,0,0,0,0,1,41,0,0,0,0
13185,0,0,0,0,0,0,0,0,0,2,1,4
13186,195,56,12,0,0,0,0,0,0,0,0,0
13187,3,60,90,0,0,0,0,0,0,0,0,0
13188,0,0,0,1,3,1940,0,0,0,0,8,0
13189,6,34,0,0,0,0,0,0,0,0,0,0
13190,0,162,0,0,0,0,0,0,0,0,0,0
13191,0,0,0,0,0,0,0,0,0,1,3,0
13192,80,86,9,0,0,0,0,0,0,0,0,0
13193,0,0,0,0,0,0,70,23,4,0,0,0
13194,0,0,0,0,0,13,0,0,0,0,0,0
13195,0,0,0,54,1,227605,0,0,0,2,756,0
13196,0,88,0,0,0,0,0,0,0,0,0,0
13197,0,0,0,0,0,2,0,0,0,0,895,0
13198,1,95,0,0,0,0,0,0,0,0,0,0
13199,0,0,0,0,0,0,0,0,0,63,4,2
13200,0,0,0,0,0,0,0,0,0,2,2,0
13201,0,6,0,0,24,0,1395,4058,5,0,0,0
13202,0,0,0,0,0,0,4,3,1,0,0,0
13203,0,19,6,0,0,0,0,0,0,0,0,0
13204,72,196,29,1,0,0,1,0,0,0,0,0
13205,0,0,0,0,0,0,1,197,0,0,0,0
13206,0,0,0,0,0,0,0,0,0,0,0,0
13207,0,0,1,0,0,0,0,0,0,29,454,21
13208,8,2,12,0,0,0,0,0,0,0,0,0
13209,0,43,39,0,0,0,0,0,0,1,0,0
13210,0,0,0,1,0,5859,0,0,0,0,2,0
13211,0,178,1,0,0,0,2,0,0,0,0,0
13212,0,0,0,9,8,101,0,0,0,0,0,0
13213,0,0,0,0,2,0,68,35,0,0,0,0
13214,0,0,0,0,0,0,7,2,1,0,0,0
13215,0,9,0,0,0,0,0,0,0,0,0,0
13216,0,0,0,5,185,5465,0,1,0,1,14,0
13217,0,0,0,0,0,0,0,0,0,0,2,1
13218,24,2,0,0,0,0,0,0,0,0,0,0
13219,3,100,3,0,0,0,0,0,0,0,0,0
13220,0,0,0,0,0,0,11,0,0,0,0,0
13221,1,10,14,0,0,0,0,0,0,0,0,0
13222,5,451,30,0,0,0,3,0,0,0,0,0
13223,0,0,0,2,16,8,0,0,0,0,0,0
13224,0,0,0,0,0,0,0,0,0,1,2,1
13225,0,0,0,0,0,0,0,0,0,57,362,14
13226,0,0,0,2,0,9,0,0,0,0,0,0
13227,0,0,0,13,1,0,0,0,0,0,0,0
13228,0,0,0,1,0,48,0,0,0,0,0,0
13229,0,0,0,0,0,0,1,1,0,0,0,0
13230,0,0,0,0,0,0,0,1,0,0,0,0
13231,0,0,0,12,0,44,0,0,0,0,0,0
13232,0,0,0,0,0,0,2,3,1,0,0,0
13233,0,0,0,0,0,0,1,2,1,0,0,0
13234,0,0,0,14,55,189,0,0,0,0,0,0
13235,0,0,0,0,0,0,64,7,0,0,0,0
13236,0,0,0,0,0,0,0,0,0,0,4,0
13237,57,222,10,1,0,0,0,0,0,0,0,0
13238,0,0,0,1,0,0,0,0,0,0,0,0
13239,0,0,0,0,0,0,0,0,0,0,1,0
13240,0,1,0,0,0,0,503,348,5,0,0,0
13241,0,0,0,1,1,4,0,0,0,0,0,0
13242,0,0,0,0,0,0,1,2,41,0,0,0
13243,0,0,0,0,0,134,0,0,0,0,0,0
13244,0,0,0,0,0,2,0,0,0,0,0,0
13245,0,0,0,0,0,0,0,2,0,0,0,0
13246,0,0,0,0,0,100,0,0,0,0,0,0
13247,0,0,0,0,0,2,0,0,0,10,667,0
13248,0,0,0,0,1,1,0,0,0,0,0,0
13249,0,3,0,0,1,0,470,765,10,0,0,0
13250,0,0,0,0,0,34,0,0,0,0,0,0
13251,1,2,0,0,0,0,0,0,0,0,0,0
13252,0,0,0,0,0,0,0,0,0,1,411,0
13253,0,0,0,0,0,1,0,0,0,0,0,0
13254,0,0,0,0,0,0,1,2,0,0,0,0
13255,0,0,0,0,0,9,0,0,0,1,1192,0
13256,0,0,0,0,0,0,0,0,0,0,2,0
13257,0,0,0,0,0,0,0,6,0,0,0,0
13258,0,0,0,0,19,272,0,0,0,0,1,0
13259,0,0,0,72,2,1,0,0,0,0,0,0
13260,0,0,0,0,0,0,0,3,2,0,0,0
13261,0,0,0,0,0,0,0,0,0,0,844,0
13262,0,0,0,0,0,0,0,0,0,0,87,0
13263,1,0,0,0,0,0,0,0,0,0,0,0
13264,0,0,0,0,0,2,0,0,0,1,1091,0
13265,9,60,3,0,0,0,0,0,0,0,0,0
13266,0,0,0,0,0,796,0,0,0,0,3,0
13267,174,24,1,2,0,0,0,0,0,0,0,0
13268,0,0,0,0,0,0,114,22,2,0,0,0
13269,0,188,64,0,0,0,0,0,0,0,0,0
13270,0,0,0,3,66,1029,0,0,0,0,6,0
13271,0,0,0,0,0,0,0,0,0,0,4,1
13272,0,2,0,0,0,0,0,0,0,0,0,0
13273,0,0,0,0,1,473,0,0,0,0,2,0
13274,0,0,0,0,0,1,0,0,0,6,1374,3
13275,0,0,0,0,0,0,0,0,0,160,801,1
13276,12,30,7,0,0,0,0,0,0,0,0,0
13277,2,7,8,0,0,0,0,0,0,0,0,0
13278,0,248,8,0,0,0,0,0,0,0,0,0
13279,0,0,0,0,16,251,0,0,0,0,1,0
13280,0,0,0,0,0,0,0,0,0,33,196,0
13281,0,0,0,0,0,0,0,0,0,16,24,0
13282,0,0,0,8,9,46,0,0,0,0,0,0
13283,0,1,0,0,0,0,0,0,0,0,0,0
13284,1,24,1,0,0,0,0,0,0,0,0,0
13285,33,631,11,0,0,0,5,0,0,0,0,0
13286,0,0,0,0,0,0,0,7,0,0,0,0
13287,0,0,0,0,0,0,11,1,0,0,0,0
13288,1,583,93,0,0,0,1,0,0,0,0,0
13289,0,0,0,2,8,113,0,0,0,0,0,0
13290,0,0,0,1,7,223,0,0,0,0,1,0
13291,0,0,0,0,236,7,0,0,0,0,0,0
13292,0,0,0,0,1,3,0,0,0,0,0,0
13293,0,0,0,0,0,0,1,3,1,0,0,0
13294,0,0,0,0,0,52,0,0,0,0,0,0
13295,0,0,0,0,0,0,143,32,0,0,0,0
13296,14,95,110,0,0,0,0,0,0,7,0,0
13297,0,0,0,0,0,31,0,0,0,52,3227,0
13298,0,0,0,11,10,46,0,0,0,0,1,0
13299,0,0,0,0,0,2,0,0,0,0,0,0
13300,158,163,0,0,0,0,0,0,0,0,0,0
13301,0,0,1,0,0,0,0,0,0,0,0,0
13302,0,13,0,0,0,0,0,0,0,0,0,0
13303,0,76,0,0,0,0,0,0,0,0,0,0
13304,0,0,0,0,0,0,47,62,0,0,0,0
13305,0,0,0,0,0,0,1,3,1,0,0,0
13306,0,0,0,0,0,27,0,0,0,0,0,0
13307,0,0,0,0,0,0,0,0,0,0,0,0
13308,7,804,3,0,0,0,1,0,0,0,0,0
13309,0,1,0,0,0,0,114,25,0,0,0,0
13310,0,0,0,1,0,2,0,0,0,0,0,0
13311,2,2,0,0,0,0,0,0,0,0,0,0
13312,0,0,0,1,0,105,0,0,0,0,0,0
13313,0,0,0,0,0,0,57,10,14,0,0,0
13314,0,0,0,0,1,131,0,0,0,0,0,0
13315,1,160,30,0,0,0,0,0,0,0,0,0
13316,0,0,0,0,0,0,0,0,0,1,2,0
13317,0,0,0,0,0,0,0,0,0,0,0,0
13318,0,24,0,0,0,0,0,0,0,0,0,0
13319,5,118,10,0,0,0,0,0,0,0,0,0
13320,0,0,0,0,0,1,0,0,0,0,0,0
13321,0,25,0,0,0,0,0,0,0,0,0,0
13322,0,0,0,0,0,0,0,0,0,0,10,2
13323,0,0,0,0,0,0,0,0,0,5,1,0
13324,0,0,0,6,2,171,0,0,0,0,1,0
13325,1,36,0,0,0,0,0,0,0,0,0,0
13326,0,0,0,0,0,20,0,0,0,3,3125,1
13327,1273,62,5,1,0,0,0,0,0,0,0,0
13328,2,76,11,0,0,0,0,0,0,0,0,0
13329,0,0,0,0,0,29,0,0,0,52,5660,5
13330,0,0,0,1,32,26,0,0,0,0,0,0
13331,0,0,0,10,2,83,0,0,0,0,0,0
13332,0,0,0,0,0,0,72,27,9,0,0,0
13333,0,0,0,0,4,105,0,0,0,0,1,0
13334,0,0,0,0,1,0,328,40,2,0,0,0
13335,0,0,0,0,0,8,0,0,0,20,2530,36
13336,0,0,0,0,0,92,0,0,0,0,0,0
13337,6,7,1,0,0,0,0,0,0,0,0,0
13338,2,111,12,0,0,0,0,0,0,0,0,0
13339,0,0,0,128,45,1003,0,0,0,0,5,0
13340,0,0,0,0,0,0,5,4,2,0,0,0
13341,1,1,0,0,0,0,0,0,0,0,0,0
13342,0,0,0,0,0,0,0,0,0,0,391,0
13343,0,0,0,0,0,0,0,0,0,0,3,0
13344,0,0,2,0,0,0,0,0,0,30,3,0
13345,0,0,0,17,11,481,0,0,0,0,0,0
13346,0,0,0,0,0,0,26,16,1,0,0,0
13347,0,0,0,0,2,3,0,0,0,0,0,0
13348,0,0,0,0,6,0,142,1938,4,0,0,0
13349,0,0,0,0,0,0,19,31,0,0,0,0
13350,0,0,0,0,0,0,6,15,0,0,0,0
13351,0,0,0,2,1,213,0,0,0,0,0,0
13352,0,0,0,0,0,2,0,0,0,0,0,0
13353,0,0,0,0,2,3,0,0,0,0,0,0
13354,0,0,0,0,0,174,0,0,0,0,2,0
13355,5,21,0,0,0,0,0,0,0,0,0,0
13356,0,0,0,0,0,17,0,0,0,26,2313,0
13357,0,25,4,0,0,0,0,0,0,0,0,0
13358,0,0,0,0,0,0,0,0,0,150,86,0
13359,0,0,0,1,0,1,0,0,0,0,0,0
13360,0,0,0,6,2,59,0,0,0,0,0,0
13361,0,2,0,0,0,0,0,0,0,0,0,0
13362,3,22,0,0,0,0,0,0,0,0,0,0
13363,0,36,0,0,0,0,0,0,0,0,0,0
13364,1,0,2,0,0,0,0,0,0,0,0,0
13365,0,33,109,0,0,0,0,0,0,1,0,0
13366,0,0,0,0,0,28,0,0,0,8,2444,0
13367,3,66,1,0,0,0,2,0,0,0,0,0
13368,0,0,0,0,0,3,0,0,0,3,304,1
13369,20,125,28,0,0,0,19,0,0,0,0,0
13370,0,0,0,0,0,0,97,103,2,0,0,0
13371,0,0,0,0,51,53,0,2,0,0,1,0
13372,0,0,0,0,0,47,0,0,0,14,1447,0
13373,0,0,0,0,0,1,0,0,0,0,0,0
13374,0,0,0,0,0,0,2,57,12,0,0,0
13375,0,0,0,0,0,199,0,0,0,0,5,0
13376,1,64,1,0,0,0,3,0,0,0,0,0
13377,0,0,0,0,0,0,0,0,0,40,164,0
13378,0,0,1,0,0,17,0,0,0,126,1531,3
13379,0,4,0,0,0,0,587,9,3,0,0,0
13380,0,0,0,0,4,18,0,0,0,0,1,0
13381,0,0,2,0,0,19,0,0,0,57,982,4
13382,0,0,0,0,3,3,0,0,0,0,0,0
13383,0,0,0,0,0,0,5,1,6,0,0,0
13384,0,0,0,0,0,18,0,0,0,0,1339,1
13385,0,1,0,0,1,0,439,264,0,0,0,0
13386,0,0,0,0,0,0,7,31,8,0,0,0
13387,0,0,0,0,2,71,0,0,0,0,0,0
13388,22,145,8,0,0,0,2,0,0,0,0,0
13389,0,0,0,14,5,160,0,0,0,0,0,0
13390,0,0,0,0,1,0,42,400,54,0,0,0
13391,0,0,0,0,0,0,0,0,0,0,0,0
13392,0,0,0,0,0,0,0,1,0,0,0,0
13393,0,0,0,0,0,0,0,2,0,0,0,0
13394,0,27,17,0,0,0,0,0,0,0,0,0
13395,10,198,8,0,0,0,2,0,0,0,0,0
13396,4,134,20,0,0,0,1,0,0,0,0,0
13397,0,0,0,0,1,0,77,178,1,0,0,0
13398,0,0,0,0,0,0,20,20,0,0,0,0
13399,0,0,0,5,0,22,0,0,0,0,0,0
13400,0,0,0,0,1,4,0,0,0,0,0,0
13401,4,48,1,0,0,0,0,0,0,0,0,0
13402,0,0,0,0,0,0,0,0,0,0,0,0
13403,0,1,0,0,1,0,340,171,0,0,0,0
13404,0,0,0,0,0,0,9,3,3,0,0,0
13405,0,0,0,0,0,0,0,0,0,21,459,1
13406,0,0,0,0,0,0,0,0,0,0,0,0
13407,0,0,0,0,0,0,0,0,1,0,0,0
13408,0,0,0,0,0,0,0,0,0,0,0,0
13409,29,235,1,0,0,0,3,0,0,0,0,0
13410,0,0,0,0,0,0,111,171,1,0,0,0
13411,0,0,0,1,1,104,0,0,0,0,0,0
13412,0,0,0,0,1,1,0,0,0,0,0,0
13413,0,0,0,0,0,0,0,1,1,0,0,0
13414,0,0,0,0,0,44,0,0,0,0,0,0
13415,0,0,0,0,0,0,44,10,0,0,0,0
13416,4,267,11,0,0,0,0,0,0,0,0,0
13417,0,0,0,8,17,383,0,0,0,0,2,0
13418,0,0,0,0,0,0,0,0,0,15,3,0
13419,122,42,0,0,0,0,0,0,0,0,0,0
13420,2,388,12,0,0,0,0,0,0,0,0,0
13421,0,0,0,0,0,0,0,0,0,90,567,1
13422,0,0,0,18,19,4,0,0,0,0,0,0
13423,0,0,0,0,0,0,0,0,0,337,801,5
13424,0,0,0,1,0,3,0,0,0,1027,2479,9
13425,0,0,0,0,0,0,640,30,1,0,0,0
13426,0,0,0,0,0,8,0,0,0,52,2322,4
13427,0,0,0,0,0,0,70,1,2,0,0,0
13428,15,46,8,0,0,0,0,0,0,0,0,0
13429,1,98,0,0,0,0,0,0,0,0,0,0
13430,0,0,0,0,0,1,0,0,0,179,422,0
13431,0,0,3,0,0,0,0,0,0,317,371,0
13432,0,0,0,0,0,1,0,0,0,33,1587,0
13433,39,200,45,0,0,0,0,0,0,0,0,0
13434,0,0,0,113,0,256,0,0,0,0,1,0
13435,0,0,0,0,0,0,211,151,37,0,0,3
13436,0,0,0,0,0,3,0,0,0,77,1287,0
13437,0,0,0,0,115,8,0,0,0,0,0,0
13438,0,0,0,8,51,526,0,0,0,0,0,0
13439,0,0,0,0,0,0,0,0,0,1,4,0
13440,12,12,0,0,0,0,0,0,0,0,0,0
13441,0,1,0,0,0,0,507,142,3,0,0,0
13442,0,0,0,1,17,4,0,0,0,0,0,0
13443,0,0,0,0,0,0,0,0,0,0,109,0
13444,10,252,123,0,0,0,1,0,0,7,0,0
13445,0,0,0,0,0,0,93,47,0,0,0,0
13446,0,0,0,0,0,3,0,0,0,35,894,0
13447,0,0,0,51,29,140,0,0,0,0,0,0
13448,0,0,0,0,0,0,21,8,1,0,0,0
13449,0,40,6,0,0,0,0,0,0,0,0,0
13450,0,0,0,5,3,116,0,0,0,0,0,0
13451,0,1,0,0,0,0,85,80,0,0,0,0
13452,0,0,0,0,0,10,0,0,0,30,1504,0
13453,3,164,4,0,0,0,1,0,0,0,0,0
13454,0,0,0,0,0,0,0,0,0,0,2,0
13455,10,39,5,0,0,0,0,0,0,0,0,0
13456,0,257,22,0,0,0,0,0,0,0,0,0
13457,0,0,0,1,18,108,0,0,0,0,1,0
13458,0,0,0,0,0,68,0,0,0,0,6420,0
13459,0,12,0,0,6,0,1329,2236,83,0,0,0
13460,0,0,0,1,2,15,0,0,0,0,0,0
13461,0,0,0,4,1,0,0,0,0,0,0,0
13462,0,0,0,2,5,0,0,0,0,0,0,0
13463,0,0,0,1,1,2,0,0,0,0,0,0
13464,0,0,0,0,0,1,0,0,0,0,0,0
13465,1,1,0,0,0,0,0,0,0,0,0,0
13466,1,1,0,0,0,0,0,0,0,0,0,0
13467,0,1,0,0,0,0,0,0,0,0,0,0
13468,0,0,0,0,0,0,0,0,0,2,5,1
13469,0,0,0,0,0,0,0,1,2,0,0,0
13470,0,0,0,0,0,0,0,1,0,0,0,0
13471,0,2,0,0,0,0,136,4,0,0,0,0
13472,0,0,0,0,2,63,0,0,0,0,0,0
13473,0,0,0,0,42,2,0,0,0,0,0,0
13474,1,0,0,87,3,232,0,0,0,0,3,0
13475,0,0,0,0,0,0,1,15,0,0,0,0
13476,0,0,0,0,0,0,0,0,0,0,0,0
13477,0,0,0,0,0,0,2,1,0,0,0,0
13478,0,0,0,0,0,0,0,1,5,0,0,0
13479,0,0,0,0,3,2,0,0,0,0,0,0
13480,0,0,0,0,0,0,1,4,1,0,0,0
13481,0,0,0,0,0,4,0,0,0,0,0,0
13482,0,5792,0,0,0,0,33,0,0,0,0,0
13483,0,39,0,0,0,0,0,0,0,0,0,0
13484,0,0,0,0,0,0,23,12,2,0,0,0
13485,0,0,0,37,3,4,0,0,0,0,0,0
13486,0,0,0,0,0,0,3,6,4,0,0,0
13487,0,0,0,0,0,9,0,0,0,69,2754,2
13488,14,646,2,0,0,0,2,0,0,0,0,0
13489,0,0,0,0,0,0,1,0,1,0,0,0
13490,0,0,0,0,0,0,0,0,0,0,5,0
13491,0,0,0,0,0,0,0,0,0,1,2,0
13492,0,0,0,0,0,0,0,0,0,2,0,3
13493,0,0,0,0,0,0,10,2,0,0,0,0
13494,0,0,0,1,41,16,0,0,0,0,0,0
13495,0,0,0,0,0,0,0,0,0,2,5,0
13496,0,0,0,0,0,2,0,0,0,0,0,0
13497,0,0,0,23,2,4,0,0,0,0,0,0
13498,0,916,0,0,0,0,0,0,0,0,0,0
13499,0,0,0,0,0,2,0,0,0,1,268,0
13500,20,66,0,0,0,0,2,0,0,0,0,0
13501,0,0,0,0,0,1,0,0,0,0,911,0
13502,0,0,0,0,0,0,0,0,0,1,46,0
13503,0,0,0,0,1,0,100,276,2,0,0,0
13504,0,0,0,67,0,28,0,0,0,0,0,0
13505,0,1,0,0,1,0,53,173,1,0,0,0
13506,0,0,0,0,0,0,0,0,0,0,506,2
13507,0,0,0,0,0,0,6,2,0,0,0,0
13508,0,0,0,0,0,0,8,1,1,0,0,0
13509,0,0,0,0,0,0,0,0,0,1,1,0
13510,18,56,0,0,0,0,0,0,0,0,0,0
13511,0,0,0,0,0,1,0,0,0,1,183,0
13512,13,92,13,0,0,0,0,0,0,0,0,0
13513,0,0,0,0,0,0,2,17,0,0,0,0
13514,0,1,0,0,0,0,239,161,12,0,0,0
13515,0,0,0,0,0,2,0,0,0,25,531,1
13516,1,68,0,0,0,0,1,0,0,0,0,0
13517,0,0,0,0,0,21,0,0,0,21,3681,5
13518,0,0,0,12,5,48,0,0,0,0,0,0
13519,7,62,0,0,0,0,0,0,0,0,0,0
13520,0,0,0,0,0,0,108,31,6,0,0,0
13521,0,0,0,0,12,163,0,0,0,0,0,0
13522,1,26,3,0,0,0,0,0,0,0,0,0
13523,0,0,0,0,0,0,0,0,0,0,11,0
13524,0,0,0,1,0,10,0,0,0,0,0,0
13525,0,0,0,0,0,0,2,4,0,0,0,0
13526,0,27,32,0,0,0,0,0,0,0,0,0
13527,0,0,0,11,1,224,0,0,0,0,1,0
13528,0,0,0,0,0,0,7,1,0,0,0,0
13529,0,0,0,0,1,9,0,0,0,0,0,0
13530,0,0,0,0,0,2,0,0,0,1,107,0
13531,0,0,0,0,0,0,15,4,0,0,0,0
13532,0,0,0,1,0,40,0,0,0,0,0,0
13533,6,1390,7,0,0,0,19,1,0,0,0,0
13534,0,0,0,3,0,229,0,0,0,0,1,0
13535,0,46,2,0,0,0,1,0,0,0,0,0
13536,0,0,0,0,0,67,0,0,0,0,10443,0
13537,1,3,0,0,0,0,0,0,0,0,0,0
13538,0,0,0,0,0,0,1,0,0,0,0,0
13539,0,0,0,0,0,0,0,2,0,0,0,0
13540,0,0,0,0,0,0,0,2,1,0,0,0
13541,0,0,0,0,0,0,0,0,0,0,8,1
13542,0,0,0,3,10,57,0,0,0,0,0,0
13543,0,0,0,3,4,55,0,0,0,0,0,0
13544,0,0,0,0,0,2,0,0,0,0,0,0
13545,0,0,0,8,0,54,0,0,0,0,0,0
13546,0,0,0,0,0,0,3,0,1,0,0,0
13547,0,0,0,0,0,0,0,0,0,0,0,0
13548,0,0,0,0,0,3,0,0,0,2,871,0
13549,0,51,1,0,0,0,0,0,0,0,0,0
13550,0,0,0,2,0,12,0,0,0,0,0,0
13551,0,0,0,0,0,9,0,0,0,73,2707,0
13552,0,0,0,0,0,12,0,0,0,0,0,0
13553,2,5,0,0,0,0,0,0,0,0,0,0
13554,0,0,0,0,0,6,0,0,0,0,1766,0
13555,0,0,0,0,0,0,0,0,0,0,0,0
13556,0,0,0,0,0,0,0,0,0,0,0,0
13557,0,0,0,2,1,224,0,0,0,0,0,0
13558,0,0,0,0,1,0,13,81,6,0,0,0
13559,1,97,18,0,0,0,0,0,0,0,0,0
13560,0,0,0,2,0,264,0,0,0,0,0,0
13561,0,2,0,0,0,0,0,0,0,0,0,0
13562,5,20,5,0,0,0,0,0,0,0,0,0
13563,0,99,4,0,0,0,0,0,0,0,0,0
13564,0,0,0,0,0,0,86,72,1,0,0,0
13565,0,0,0,0,0,1,0,0,0,0,0,0
13566,2,204,0,0,0,0,1,0,0,0,0,0
13567,0,0,0,0,1,0,8,119,1,0,0,0
13568,0,0,0,0,0,0,0,0,0,3,355,0
13569,0,0,0,22,5,41,0,0,0,0,0,0
13570,0,0,0,0,0,0,139,11,2,0,0,0
13571,0,0,0,0,0,0,0,0,0,0,0,0
13572,0,0,0,0,8,136,0,0,0,0,0,0
13573,0,0,0,1,0,1,0,0,0,0,0,0
13574,0,0,0,0,1,1,0,0,0,0,0,0
13575,0,0,0,1,0,162,0,0,0,0,0,0
13576,0,0,0,0,1,0,17,395,1,0,0,0
13577,0,0,0,0,0,0,0,0,0,1,35,184
13578,1,0,0,35,1,149,0,0,0,0,0,0
13579,0,0,2,0,0,0,0,0,0,0,0,0
13580,2,37,0,0,0,0,0,0,0,0,0,0
13581,0,120,1,0,0,0,0,0,0,0,0,0
13582,0,0,0,0,0,1,0,0,0,0,0,0
13583,0,0,0,2,0,2,0,0,0,0,0,0
13584,0,0,0,0,0,0,0,0,0,0,600,0
13585,0,0,0,0,0,1,0,0,0,20,1153,0
13586,0,0,0,2,0,10,0,0,0,0,0,0
13587,11,45,1,0,0,0,0,0,0,0,0,0
13588,0,1,0,0,0,0,0,0,0,0,0,0
13589,0,1,0,0,0,0,0,0,0,0,0,0
13590,1,80,0,0,0,0,0,0,0,0,0,0
13591,0,8,8,0,0,0,0,0,0,0,0,0
13592,0,0,0,0,0,0,0,0,0,36,292,1
13593,0,0,0,4,0,377,0,0,0,0,1,0
13594,0,2,0,0,0,0,0,0,0,0,0,0
13595,0,0,0,0,0,0,0,0,0,0,0,0
13596,0,0,0,2,0,94,0,0,0,0,0,0
13597,0,0,0,3,0,0,0,0,0,0,0,0
13598,0,0,0,0,0,0,0,1,2,0,0,0
13599,0,0,0,0,0,0,0,0,0,0,0,0
13600,0,0,0,3,5,0,0,0,0,0,0,0
13601,0,0,0,0,0,0,0,0,0,0,0,0
13602,0,0,0,0,1,48,0,0,0,0,0,0
13603,0,0,0,0,0,0,0,0,0,4,7,0
13604,0,0,0,0,0,0,3,2,3,0,0,0
13605,0,0,0,0,0,15,0,0,0,58,848,7
13606,0,0,0,1,0,12,0,0,0,0,0,0
13607,0,0,0,17,8,1,0,0,0,0,0,0
13608,0,0,0,0,0,64,0,0,0,7,1181,0
13609,0,0,0,0,0,0,0,0,0,6,2,6
13610,17,106,0,0,0,0,1,0,0,0,0,0
13611,12,133,48,0,0,0,2,0,0,0,0,0
13612,0,0,0,0,0,0,5,3,294,0,0,113
13613,5,2,3,0,0,0,0,0,0,0,0,0
13614,5,174,1,0,0,0,1,0,0,0,0,0
13615,0,550,7,0,0,0,12,0,0,0,0,0
13616,5,116,73,0,0,0,4,0,0,0,0,0
13617,0,902,0,0,52,0,4609,1346,24,0,0,0
13618,0,4,0,0,6,0,170,564,2,0,0,0
13619,0,24,5,0,0,0,0,0,0,0,0,0
13620,0,0,0,0,0,141,0,0,0,68,4774,2
13621,0,2,0,0,0,0,236,1,2,0,0,0
13622,23,82,49,0,0,0,0,0,0,1,0,0
13623,33,161,74,0,0,0,0,0,0,0,0,0
13624,0,0,0,0,0,0,2,732,8,0,0,0
13625,5,1290,28,0,0,0,5,0,0,0,0,0
13626,0,0,0,3,19,240,0,0,0,0,1,0
13627,0,0,0,0,1,0,136,411,2,0,0,0
13628,0,46,12,0,0,0,0,0,0,0,0,0
13629,0,0,0,0,0,0,0,0,0,31,395,0
13630,48,19,3,0,0,0,0,0,0,0,0,0
13631,6,36,13,0,0,0,0,0,0,0,0,0
13632,0,0,0,1,10,74,0,0,0,0,0,0
13633,0,0,0,2,0,37,0,0,0,0,0,0
13634,0,0,0,0,0,26,0,0,0,0,0,0
13635,5,42,0,0,0,0,0,0,0,0,0,0
13636,27,45,17,0,0,0,0,0,0,0,0,0
13637,0,0,0,2,14,120,0,0,0,0,0,0
13638,0,0,0,25,6,883,0,0,0,0,0,0
13639,0,0,0,0,2,0,40,33,2,0,0,0
13640,1,74,11,0,0,0,0,0,0,0,0,0
13641,0,0,0,0,28,133,0,0,0,0,0,0
13642,0,0,0,1,2,0,0,0,0,0,0,0
13643,0,0,0,0,0,0,0,0,0,6,343,3
13644,0,0,0,1,20,48,0,0,0,0,0,0
13645,0,0,0,0,0,13,0,0,0,0,0,0
13646,0,29,0,0,0,0,2,0,0,0,0,0
13647,0,0,0,0,0,10,0,0,0,1,880,0
13648,0,0,0,1,1,15,0,0,0,0,0,0
13649,0,0,0,2,2,38,0,0,0,0,0,0
13650,0,0,0,0,1,111,0,0,0,0,0,0
13651,0,0,0,0,0,0,118,19,0,0,0,0
13652,0,0,0,0,0,3,0,0,0,0,0,0
13653,4,733,0,0,0,0,2,0,0,0,0,0
13654,0,1,0,0,0,0,302,1,0,0,0,0
13655,0,0,0,0,1,13,0,0,0,0,0,0
13656,0,0,0,6,0,77,0,0,0,0,0,0
13657,0,1,0,0,0,0,0,0,0,0,0,0
13658,0,1,0,0,0,0,0,0,0,0,0,0
13659,0,0,0,0,0,0,168,0,21,0,0,0
13660,5,2,229,0,0,0,0,0,0,0,0,0
13661,0,0,0,0,0,0,440,5,1,0,0,0
13662,0,87,1,0,0,0,3,0,0,0,0,0
13663,0,0,0,0,0,41,0,0,0,60,401,1
13664,1,2,3,0,0,0,0,0,0,0,0,0
13665,0,0,0,0,0,57,0,0,0,10,6402,1
13666,5,62,1,0,0,0,0,0,0,0,0,0
13667,0,0,1,0,0,5,0,0,0,231,1408,0
13668,0,0,0,5,53,275,0,0,0,0,0,0
13669,0,0,0,2,36,77,0,0,0,0,0,0
13670,0,0,0,0,45,39,0,0,0,0,0,0
13671,0,0,0,0,0,26,0,0,0,44,453,1
13672,0,0,0,24,32,52,0,0,0,0,0,0
13673,0,0,0,0,0,1,0,0,0,48,238,0
13674,0,0,0,2,0,220,0,0,0,0,4,0
13675,1,1,0,0,0,0,0,0,0,0,0,0
13676,1,11,1,0,0,0,0,0,0,0,0,0
13677,0,0,0,0,0,1,0,0,0,15,273,0
13678,0,0,0,5,0,181,0,0,0,0,1,0
13679,0,9,0,0,0,0,0,0,0,0,0,0
13680,0,0,0,0,0,0,0,0,0,1,213,1
13681,0,0,0,0,0,0,0,0,0,26,0,81
13682,19,129,1,0,0,0,0,0,0,0,0,0
13683,0,69,5,0,0,0,0,0,0,0,0,0
13684,0,0,0,0,0,1,0,0,0,7,674,0
13685,6,136,1,0,0,0,1,0,0,0,0,0
13686,0,0,0,12,3,253,0,0,0,0,1,0
13687,0,0,0,0,0,0,0,0,0,0,0,0
13688,0,2,0,0,0,0,0,0,0,0,0,0
13689,0,160,0,0,0,0,1,0,0,0,0,0
13690,0,0,0,0,0,0,115,0,5,0,0,0
13691,5,15,37,0,0,0,0,0,0,0,0,0
13692,0,49,26,0,0,0,0,0,0,0,0,0
13693,53,134,1,0,0,0,0,0,0,0,0,0
13694,0,0,0,0,0,7,0,0,0,10,2031,2
13695,4,22,18,0,0,0,0,0,0,0,0,0
13696,1,165,23,0,0,0,3,0,0,0,0,0
13697,0,0,0,1,0,24,0,0,0,0,1,0
13698,0,0,0,0,1,72,0,0,0,0,1,0
13699,0,0,0,0,0,68,0,0,0,0,0,0
13700,3,14,2,0,0,0,0,0,0,0,0,0
13701,0,0,0,0,0,2762,0,0,0,0,7,0
13702,2,19,1,0,0,0,0,0,0,0,0,0
13703,2,100,4,0,0,0,1,0,0,0,0,0
13704,0,0,0,3,8,114,0,0,0,0,1,0
13705,0,0,0,7,7,29,0,0,0,0,1,0
13706,0,0,0,0,0,35,0,0,0,0,0,0
13707,0,56,0,0,0,0,0,0,0,0,0,0
13708,0,0,0,0,0,0,0,0,0,87,181,10
13709,0,0,0,0,0,3,0,0,0,0,0,0
13710,0,0,0,1,0,68,0,0,0,0,0,0
13711,1,1687,0,0,0,0,1,0,0,0,0,0
13712,8,5595,36,0,0,0,27,1,0,1,0,0
13713,0,48,0,0,1,0,8385,315,10,0,0,0
13714,0,0,0,0,0,0,188,19,27,0,0,2
13715,2,1525,34,0,0,0,0,0,0,0,0,0
13716,0,0,0,6,65,615,0,0,0,0,2,0
13717,0,0,0,22,0,2,0,0,0,0,0,0
13718,0,0,0,0,0,0,67,6,2,0,0,0
13719,0,0,0,0,0,129,0,0,0,0,0,0
13720,0,0,0,0,0,3,0,0,0,33,552,5
13721,0,0,0,0,0,34,0,0,0,26,1653,6
13722,77,130,20,0,0,0,0,0,0,0,0,0
13723,0,0,0,0,65,0,19,1093,2,0,0,0
13724,0,0,0,0,0,5,0,0,0,0,971,1
13725,0,0,0,6,2,246,0,0,0,0,0,0
13726,0,0,0,0,0,3,648,46,23,0,0,0
13727,0,0,0,7,1,35,0,0,0,0,0,0
13728,0,0,0,10,2,107,0,0,0,0,0,0
13729,0,0,0,0,0,0,49,76,11,0,0,0
13730,0,0,0,0,0,42,0,0,0,0,3603,1
13731,0,0,0,3,2,127,0,0,0,0,0,0
13732,0,34,0,0,0,0,0,0,0,0,0,0
13733,8,89,1,0,0,0,0,0,0,0,0,0
13734,1,59,1,0,0,0,0,0,0,0,0,0
13735,0,0,0,0,0,0,0,0,0,1,2,0
13736,1,0,0,0,0,0,0,0,0,0,0,0
13737,0,0,0,1,0,288,0,0,0,0,0,0
13738,0,0,0,0,0,0,0,11,4,0,0,0
13739,0,1,0,0,0,0,0,0,0,0,0,0
13740,0,0,0,0,0,5,0,0,0,73,1362,0
13741,0,0,0,0,0,40,0,0,0,0,0,0
13742,0,0,0,0,85,2,0,0,0,0,0,0
13743,0,0,0,0,0,0,0,0,0,1,493,0
13744,0,0,0,0,0,3,0,0,0,0,0,0
13745,0,0,0,1,0,2,0,0,0,0,0,0
13746,0,0,0,0,0,29,0,0,0,0,0,0
13747,0,1,1,0,0,0,0,0,0,0,0,0
13748,0,1815,1,0,0,0,8,0,0,0,0,0
13749,0,0,0,0,0,0,428,70,0,0,0,0
13750,0,0,0,1,0,0,0,0,0,0,0,0
13751,0,0,0,2,0,0,0,0,0,0,0,0
13752,0,0,0,0,0,17,0,0,0,0,0,0
13753,2,40,1,0,0,0,0,0,0,0,0,0
13754,0,0,0,0,0,0,32,6,2,0,0,0
13755,1,275,3,0,0,0,5,0,0,0,0,0
13756,2,284,24,0,0,0,0,0,0,0,0,0
13757,0,0,0,3,3,44,0,0,0,0,0,0
13758,21,205,6,1,0,0,0,0,0,0,0,0
13759,0,0,0,0,0,0,129,90,3,0,0,0
13760,2,45,22,0,0,0,0,0,0,0,0,0
13761,0,0,0,0,0,2,0,0,0,17,572,0
13762,0,1,0,0,0,0,346,345,0,0,0,0
13763,0,0,0,0,0,0,98,356,24,0,0,0
13764,0,0,0,8,0,324,0,0,0,0,0,0
13765,0,0,0,0,4,0,39,704,0,0,0,0
13766,13,124,25,0,0,0,0,0,0,0,0,0
13767,0,0,0,0,0,5,0,0,0,29,379,1
13768,154,847,10,0,0,0,3,0,0,0,0,0
13769,0,0,0,10,10,15,0,0,0,0,0,0
13770,0,1,0,0,1,0,108,82,1,0,0,0
13771,0,0,0,0,0,0,155,120,0,0,0,0
13772,0,0,0,0,0,112,0,0,0,0,0,0
13773,9,329,0,0,0,0,1,0,0,0,0,0
13774,0,0,0,0,0,1,0,0,0,60,530,1
13775,0,0,0,0,0,0,0,0,0,0,8,0
13776,9,52,219,0,0,0,0,0,0,0,0,0
13777,0,0,0,0,0,0,0,0,0,2,20,0
13778,0,3,0,0,0,0,0,0,0,0,0,0
13779,0,0,0,0,0,397,0,0,0,0,4,0
13780,1,34,0,0,0,0,0,0,0,0,0,0
13781,0,0,0,1,2,39,0,0,0,0,0,0
13782,1,22,0,0,0,0,0,0,0,0,0,0
13783,0,0,0,2,38,2,0,0,0,0,0,0
13784,0,0,0,0,0,0,0,0,0,0,5,0
13785,18,208,0,0,0,0,3,0,0,0,0,0
13786,0,0,0,0,0,0,0,0,0,0,5,0
13787,0,0,0,0,2,0,2,33,0,0,0,0
13788,0,0,0,5,33,347,0,0,0,0,0,0
13789,0,0,0,0,0,0,0,0,0,11,0,0
13790,34,4,1,0,0,0,0,0,0,0,0,0
13791,2,76,81,0,0,0,0,0,0,0,0,0
13792,0,0,0,0,0,1,0,0,0,66,516,0
13793,0,0,0,0,0,0,215,19,0,0,0,0
13794,0,0,0,2,72,47,0,0,0,0,0,0
13795,0,0,0,0,0,0,0,0,0,7,0,1
13796,0,0,0,0,0,1,0,0,0,0,0,0
13797,0,0,0,0,0,81,0,0,0,0,0,0
13798,0,639,0,0,0,0,2,0,0,0,0,0
13799,0,0,0,0,0,0,0,0,0,1,5,3
13800,0,0,0,8,0,24,0,0,0,0,0,0
13801,0,5,0,0,0,0,0,0,0,0,0,0
13802,1,10,0,0,0,0,0,0,0,0,0,0
13803,2,91,0,0,0,0,0,0,0,0,0,0
13804,0,0,0,3,0,301,0,0,0,0,0,0
13805,1,13,0,0,0,0,0,0,0,0,0,0
13806,0,0,0,0,0,0,0,0,0,1,210,0
13807,0,4,1,0,0,0,0,0,0,0,0,0
13808,0,0,0,0,0,0,0,0,0,4,2,0
13809,50,132,2,1,0,0,0,0,0,0,0,0
13810,0,41,25,0,0,0,0,0,0,0,0,0
13811,0,0,0,0,0,4,0,0,0,0,0,0
13812,0,1,0,0,19,0,76,2216,19,0,0,0
13813,0,0,0,0,0,0,5,88,1,0,0,0
13814,0,0,0,0,0,0,0,0,0,1,9,5
13815,171,115,18,0,0,0,0,0,0,0,0,0
13816,0,0,0,0,0,0,2,4,2,0,0,0
13817,0,2,1,0,0,0,0,0,0,0,0,0
13818,0,0,0,0,0,2,0,0,0,3,1358,0
13819,0,0,0,0,0,0,0,0,0,49,155,3
13820,0,0,0,0,0,3,0,0,0,0,0,0
13821,0,0,0,0,0,8,0,0,0,48,2016,2
13822,0,0,0,0,0,0,421,1,3,0,0,0
13823,0,0,0,3,3,98,0,0,0,0,0,0
13824,0,0,0,0,0,0,0,0,0,39,356,2
13825,0,0,0,0,0,32,0,0,0,0,0,0
13826,4,5,0,0,0,0,0,0,0,0,0,0
13827,0,0,0,0,0,187,0,0,0,0,0,0
13828,0,0,0,0,0,0,71,10,0,0,0,0
13829,0,0,0,0,0,0,0,0,0,6,255,0
13830,0,0,0,6,10,86,0,0,0,0,0,0
13831,0,0,0,3,3,1639,0,0,0,0,1553,0
13832,0,0,0,0,10,918,0,0,0,0,1,0
13833,1,506,11,0,0,0,12,0,0,0,0,0
13834,1,3,12,0,0,0,0,0,0,0,0,0
13835,0,0,0,0,0,0,18,201,4,0,0,0
13836,0,2,0,0,0,0,113,11,1,0,0,0
13837,0,0,0,0,0,0,0,0,0,3,32,1
13838,12,4,0,0,0,0,0,0,0,0,0,0
13839,0,0,0,4,5,119,0,0,0,0,0,0
13840,0,0,0,1,1,1,0,0,0,0,0,0
13841,0,0,0,1,0,2,0,0,0,0,0,0
13842,0,0,0,3,0,109,0,0,0,0,0,0
13843,0,0,0,0,0,0,16,109,0,0,0,0
13844,0,36,21,0,0,0,0,0,0,0,0,0
13845,0,0,0,6,2,248,0,0,0,0,0,0
13846,0,0,0,0,0,0,2,2,1,0,0,0
13847,3,3,11,0,0,0,0,0,0,0,0,0
13848,8,155,40,0,0,0,0,0,0,0,0,0
13849,0,0,0,0,0,0,160,103,2,0,0,0
13850,0,0,0,0,2,0,35,619,0,0,0,0
13851,0,0,0,2,0,232,0,0,0,0,6,0
13852,5,48,7,0,0,0,0,0,0,0,0,0
13853,3,280,26,0,0,0,0,0,0,0,0,0
13854,0,0,0,2,24,433,0,0,0,0,1,0
13855,0,0,0,14,1,2,0,0,0,0,0,0
13856,0,2,0,0,0,0,81,2,0,0,0,0
13857,0,0,0,0,0,190,0,0,0,0,0,0
13858,0,0,0,0,1,0,88,1338,5,0,0,0
13859,2,191,47,0,0,0,0,0,0,0,0,0
13860,0,0,0,0,0,390,0,0,0,21,23273,2
13861,4,124,10,0,0,0,0,0,0,0,0,0
13862,0,0,0,0,0,1,0,0,0,0,2599,2
13863,4,98,4,0,0,0,0,0,0,0,0,0
13864,0,0,0,3,8,154,0,0,0,0,4,0
13865,0,0,0,1,0,0,0,0,0,0,0,0
13866,9,53,1,0,0,0,0,0,0,0,0,0
13867,0,55,76,0,0,0,0,0,0,0,0,0
13868,1,105,1,0,0,0,0,0,0,0,0,0
13869,3,157,7,0,0,0,0,0,0,0,0,0
13870,0,0,0,0,0,0,69,2,3,0,0,0
13871,1,16,13,0,0,0,0,0,0,0,0,0
13872,4,200,52,0,0,0,0,0,0,0,0,0
13873,5,162,18,0,0,0,0,0,0,0,0,0
13874,0,0,0,1,0,57,0,0,0,0,1,0
13875,1,56,2,0,0,0,0,0,0,0,0,0
13876,0,0,0,0,0,0,0,0,0,25,127,0
13877,0,0,0,0,0,1,0,0,0,0,0,0
13878,0,0,0,13,3,25,0,0,0,0,0,0
13879,0,0,0,0,0,0,264,8,0,0,0,0
13880,0,0,0,0,16,36,0,0,0,0,0,0
13881,0,0,0,0,0,0,0,0,0,3,94,0
13882,1,78,0,0,0,0,1,0,0,0,0,0
13883,0,0,0,0,0,0,0,0,0,4,206,0
13884,18,117,37,0,0,0,0,0,0,0,0,0
13885,0,0,0,38,2,244,0,0,0,0,1,0
13886,0,4,0,0,0,0,0,0,0,0,0,0
13887,0,0,0,0,0,18,0,0,0,0,3134,0
13888,8,30,18,0,0,0,0,0,0,0,0,0
13889,2,63,25,0,0,0,0,0,0,0,0,0
13890,0,0,0,2,211,185,0,3,0,0,1,0
13891,0,0,0,3,1,6,0,0,0,0,0,0
13892,0,0,0,0,0,0,260,16,0,0,0,0
13893,0,0,0,0,1,96,0,0,0,0,0,0
13894,0,0,0,6,1,0,0,0,0,0,0,0
13895,0,0,0,0,0,0,4,2,1,0,0,0
13896,0,0,0,0,0,15,0,0,0,0,0,0
13897,0,0,0,0,4,0,60,1031,3,0,0,0
13898,32,376,59,0,0,0,1,0,0,0,0,0
13899,0,0,0,6,38,241,0,0,0,0,1,0
13900,0,0,0,0,0,0,63,94,0,0,0,0
13901,74,750,44,0,0,0,0,0,0,0,0,0
13902,0,0,0,4,4,175,0,0,0,0,0,0
13903,0,2,0,0,2,0,1333,39,0,0,0,0
13904,1,464,35,0,0,0,3,1,0,0,0,0
13905,0,0,0,35,5,166,0,0,0,0,0,0
13906,0,0,0,33,2,23,0,0,0,0,0,0
13907,7,149,36,0,0,0,0,0,0,0,0,0
13908,0,0,0,0,1,143,0,0,0,0,1,0
13909,0,0,0,0,35,13,0,0,0,0,0,0
13910,0,0,0,4,2,10,0,0,0,0,0,0
13911,0,0,0,0,0,1,0,0,0,3,822,0
13912,17,439,12,0,0,0,0,0,0,0,0,0
13913,1,133,25,0,0,0,0,0,0,0,0,0
13914,0,0,0,13,3,884,0,0,0,0,0,0
13915,0,11,0,0,0,0,0,0,0,0,0,0
13916,7,33,6,0,0,0,0,0,0,0,0,0
13917,3,28,64,0,0,0,0,0,0,0,1,0
13918,2,18,22,0,0,0,0,0,0,0,0,0
13919,5,128,22,0,0,0,0,0,0,0,0,0
13920,0,0,0,0,6,0,276,1314,10,0,0,0
13921,0,0,0,0,1,0,96,478,1,0,0,0
13922,4,25,11,0,0,0,0,0,0,0,0,0
13923,0,0,0,0,0,11,0,0,0,55,978,0
13924,0,0,0,41,6,0,0,0,0,0,0,0
13925,0,0,0,0,0,0,1,2,0,0,0,0
13926,0,0,0,0,0,0,0,127,2,0,0,0
13927,0,0,0,1,0,14,0,0,0,0,0,0
13928,12,503,1,0,0,0,4,0,0,0,0,0
13929,0,0,0,0,0,1869,0,0,0,0,13,0
13930,0,0,0,0,0,0,28,8,23,0,0,0
13931,0,63,9,0,0,0,0,0,0,0,0,0
13932,0,0,0,45,2,267,0,0,0,0,3,0
13933,0,0,0,1,2,22,0,0,0,0,4,0
13934,0,0,0,0,0,4,0,0,0,0,0,0
13935,0,0,0,0,0,182,0,0,0,0,0,0
13936,0,0,0,0,0,0,42,91,2,0,0,0
13937,0,0,0,0,0,13,0,0,0,0,0,0
13938,38,105,49,0,0,0,0,0,0,2,0,0
13939,0,0,0,0,0,0,7,0,2,0,0,0
13940,0,14,30,0,0,0,0,0,0,0,0,0
13941,2,23,3,0,0,0,0,0,0,0,0,0
13942,3,25,10,0,0,0,0,0,0,0,0,0
13943,0,53,0,0,0,0,0,0,0,0,0,0
13944,0,0,0,0,0,43,0,0,0,21,7649,0
13945,0,0,0,0,0,2,0,0,0,52,873,8
13946,0,0,0,0,0,0,0,0,0,2,92,0
13947,516,181,142,0,0,0,0,0,0,0,0,0
13948,0,0,0,0,0,0,73,279,4,0,0,0
13949,5,198,27,0,0,0,0,0,0,0,0,0
13950,0,0,0,4,0,646,0,0,0,0,2,0
13951,5,540,2,0,0,0,0,0,0,0,0,0
13952,0,0,0,1,0,31,0,0,0,0,0,0
13953,2,1991,3,0,0,0,1,1,0,0,0,0
13954,0,0,0,5,6,185,0,0,0,0,0,0
13955,0,0,0,0,0,14,0,0,0,0,0,0
13956,0,177,1,0,0,0,0,0,0,0,0,0
13957,0,0,0,0,0,2,0,0,0,25,1458,0
13958,0,0,0,0,1,0,125,36,0,0,0,0
13959,0,0,0,0,0,0,0,0,0,57,175,1
13960,0,1,0,0,0,0,991,10,1,0,0,0
13961,0,0,0,0,0,13,0,0,0,0,0,0
13962,3,900,11,0,0,0,1,0,0,0,0,0
13963,0,0,0,0,1,247,0,0,0,0,0,0
13964,0,0,0,0,0,0,0,0,0,0,0,0
13965,0,0,0,0,0,74,0,0,0,0,3983,0
13966,0,4,0,0,1,0,212,40,0,0,0,0
13967,0,0,0,0,0,1,0,0,0,12,169,0
13968,0,0,0,0,0,19,0,0,0,43,718,3
13969,12,34,4,0,0,0,0,0,0,0,0,0
13970,0,453,66,0,0,0,2,0,0,0,0,0
13971,0,0,1,0,0,144,0,0,0,57,1501,0
13972,0,0,0,3,212,32,0,10,0,0,0,0
13973,0,0,0,0,0,0,0,0,0,0,0,0
13974,11,76,2,0,0,0,0,0,0,0,0,0
13975,0,0,0,0,0,0,137,331,0,0,0,0
13976,0,0,0,0,0,0,82,2,2,0,0,0
13977,9,0,0,95,30,161,0,0,0,0,3,0
13978,0,0,0,0,0,0,5,1,4,0,0,0
13979,1,26,13,0,0,0,0,0,0,1,0,0
13980,1,43,4,0,0,0,0,0,0,0,0,0
13981,0,0,0,0,0,0,0,0,0,2,90,0
13982,0,0,0,0,0,0,87,26,1,0,0,0
13983,0,0,0,2,4,54,0,0,0,0,0,0
13984,0,0,0,0,0,0,114,21,6,0,0,0
13985,0,0,0,0,3,26,0,0,0,0,0,0
13986,0,165,0,0,0,0,1,0,0,0,0,0
13987,0,0,0,0,0,0,0,0,0,0,4,0
13988,0,0,0,0,0,0,5,0,0,0,0,0
13989,0,0,0,0,0,5,0,0,0,36,849,0
13990,0,0,0,0,0,0,0,0,0,25,3,1
13991,36,72,0,0,0,0,0,0,0,0,0,0
13992,27,65,18,0,0,0,0,1,0,0,0,0
13993,0,0,0,0,45,1,49,10679,1,0,0,0
13994,0,0,0,0,0,6,0,0,0,1,4473,1
13995,0,0,0,52,83,287,0,0,0,0,0,0
13996,0,0,0,1,77,39,0,0,0,0,0,0
13997,0,0,0,0,0,9,0,0,0,0,0,0
13998,0,0,0,0,0,0,185,18,3,0,0,0
13999,0,0,0,7,2,39,0,0,0,0,0,0
14000,0,0,0,0,0,25,0,0,0,0,0,0
14001,36,27,0,0,0,0,0,0,0,0,0,0
14002,0,0,2,0,0,0,0,0,0,0,0,0
14003,0,512,0,0,0,0,1,0,0,0,0,0
14004,53,235,15,0,0,0,0,0,0,0,0,0
14005,0,73,1,0,0,0,0,0,0,0,0,0
14006,0,0,0,0,0,0,0,0,0,3,2,0
14007,5,83,10,0,0,0,1,0,0,0,0,0
14008,0,0,0,0,0,0,278,830,0,0,0,0
14009,0,0,0,0,1,18,0,0,0,0,0,0
14010,1,333,0,0,0,0,0,0,0,0,0,0
14011,0,0,0,0,0,0,0,0,0,26,1,6
14012,34,112,0,0,0,0,0,0,0,0,0,0
14013,15,37,94,0,0,0,0,0,0,0,0,0
14014,0,0,0,2,116742,119,6,1002,0,0,0,0
14015,0,0,0,7,2,1,0,0,0,0,0,0
14016,0,0,0,0,0,2,0,0,0,10,926,2
14017,0,0,0,16,8,0,0,0,0,0,0,0
14018,0,0,0,0,0,0,2,0,1,0,0,0
14019,0,0,0,0,0,135,0,0,0,0,0,0
14020,0,0,0,0,0,0,130,20,0,0,0,0
14021,0,186,7,0,0,0,0,0,0,0,0,0
14022,0,0,0,17,30,256,0,3,0,0,0,0
14023,0,0,0,0,0,0,122,9,0,0,0,0
14024,0,0,0,0,0,0,0,0,0,19,136,0
14025,0,0,0,0,0,1,0,0,0,9,279,23
14026,35,119,298,0,0,0,1,0,0,2,1,0
14027,0,0,0,0,0,2,0,0,0,0,0,0
14028,0,0,0,0,5,0,81,2229,1,0,0,0
14029,0,0,0,0,0,0,0,0,0,31,1,0
14030,0,23,0,0,1,0,9599,66,0,0,0,0
14031,22,38,59,0,0,0,0,0,0,0,0,0
14032,3,70,13,0,0,0,1,0,0,0,0,0
14033,48,448,85,0,0,0,8,0,0,0,0,0
14034,1,0,0,65,75,360,0,0,0,0,0,0
14035,0,0,0,0,1,0,86,77,2,0,0,0
14036,0,0,0,0,0,0,0,0,0,17,74,0
14037,0,0,0,76,5,214,0,0,0,0,0,0
14038,0,0,0,0,0,0,0,0,0,0,0,0
14039,0,0,0,0,0,0,0,2,0,0,0,0
14040,0,0,0,1,0,347,0,0,0,0,7,0
14041,6,705,7,0,0,0,0,0,0,0,0,0
14042,0,0,0,0,4,26,0,0,0,0,0,0
14043,0,0,0,5,1,26,0,0,0,0,0,0
14044,0,0,0,0,0,0,39,4,1,0,0,0
14045,0,0,0,0,1,25,0,0,0,0,0,0
14046,0,0,0,33,11,63,0,0,0,0,0,0
14047,0,0,0,0,0,0,0,8,0,0,0,0
14048,0,0,0,0,0,0,1,0,0,0,0,0
14049,0,0,0,11,3,54,0,0,0,0,0,0
14050,0,0,0,0,0,0,159,6,0,0,0,0
14051,0,0,0,0,0,5,0,0,0,0,0,0
14052,1,221,3,0,0,0,0,0,0,0,0,0
14053,0,0,0,0,0,4,0,0,0,10,474,0
14054,0,0,0,0,0,1,0,0,0,0,0,0
14055,0,0,0,0,11,3,268,2174,198,0,2,0
14056,1,37,0,0,0,0,0,0,0,0,0,0
14057,0,0,0,0,0,0,0,0,0,0,7,0
14058,5,120,8,0,0,0,0,0,0,0,0,0
14059,0,0,0,2,6,1219,0,0,0,0,5,0
14060,0,0,0,0,0,3,0,0,0,0,0,0
14061,1,153,0,0,0,0,4,0,0,0,0,0
14062,0,0,0,0,0,0,0,3,1,0,0,0
14063,2,2,0,0,0,0,0,0,0,0,0,0
14064,0,0,0,0,0,877,0,0,0,0,3,0
14065,0,1,0,0,0,0,0,0,0,0,0,0
14066,0,0,0,0,0,0,0,0,0,0,0,0
14067,0,0,0,0,0,476,0,0,0,0,1,0
14068,0,0,0,0,0,0,0,0,0,0,1,0
14069,0,0,0,0,0,0,0,0,0,0,0,0
14070,0,203,0,0,0,0,0,0,0,0,0,0
14071,0,0,0,0,0,0,0,68,0,0,0,0
14072,0,0,1,0,0,0,0,0,0,0,0,0
14073,0,0,0,0,3,337,0,0,0,0,1,0
14074,0,0,1,0,0,0,0,0,0,84,130,1
14075,0,0,0,0,0,2,0,0,0,0,0,0
14076,0,0,0,0,0,1,0,0,0,73,219,0
14077,6,49,0,0,0,0,0,0,0,0,0,0
14078,0,49,5,0,0,0,0,0,0,0,0,0
14079,0,0,0,7,5,100,0,0,0,0,0,0
14080,0,2,0,0,0,0,22,2,1,0,0,0
14081,0,0,0,0,0,0,0,2,0,0,0,0
14082,0,0,0,0,0,100,0,0,0,0,0,0
14083,199,76,0,0,0,0,0,0,0,0,0,0
14084,3,91,8,0,0,0,0,0,0,0,0,0
14085,0,0,1,0,0,0,0,0,0,47,159,10
14086,0,0,0,0,0,2,0,0,0,0,0,0
14087,39,0,0,0,0,0,43,2,1,0,0,0
14088,0,0,0,0,0,0,0,45,1,0,0,0
14089,0,0,0,0,0,1,0,0,0,0,0,0
14090,1,69,0,0,0,0,0,0,0,0,0,0
14091,0,0,0,0,0,244,0,0,0,0,0,0
14092,0,0,0,0,0,0,0,1,1,0,0,0
14093,4,1,0,0,0,0,0,0,0,0,0,0
14094,0,0,0,0,0,263,0,0,0,0,1,0
14095,0,0,0,0,0,6,0,0,0,0,0,0
14096,0,0,0,2,3,2,0,0,0,0,0,0
14097,0,0,0,0,0,0,0,0,0,7,689,0
14098,0,0,0,0,0,0,1,7,2,0,0,0
14099,0,0,0,0,0,0,2,7,3,0,0,0
14100,0,0,0,8,0,194,0,0,0,0,0,0
14101,0,0,0,0,0,0,1,0,0,0,0,0
14102,0,0,0,0,0,0,0,0,0,0,0,0
14103,0,0,0,0,0,925,0,0,0,0,2,0
14104,0,0,0,0,1,47,0,0,0,0,0,0
14105,0,0,0,5,1,2,0,0,0,0,0,0
14106,0,0,0,0,0,0,0,0,0,12,271,0
14107,148,444,8,3,0,0,0,0,0,0,0,0
14108,0,0,0,0,0,15,0,0,0,0,0,0
14109,0,329,2,0,0,0,3,0,0,0,0,0
14110,0,0,3,0,0,0,0,0,0,105,0,1
14111,7,67,3,0,0,0,0,0,0,0,0,0
14112,34,62,6,0,0,0,0,0,0,0,0,0
14113,1,59,1,0,0,0,0,0,0,0,0,0
14114,0,0,0,0,0,1,0,0,0,30,354,0
14115,0,0,0,0,0,1,0,0,0,88,486,1
14116,0,230,11,0,0,0,1,0,0,0,0,0
14117,0,0,0,0,0,5,0,0,0,11,1119,43
14118,0,0,0,0,18,0,634,3413,2,0,0,0
14119,0,0,0,0,0,2,0,0,0,67,1360,36
14120,0,0,0,0,0,269,0,0,0,21,62697,5
14121,62,177,418,0,0,0,0,0,0,0,0,0
14122,0,0,0,0,4,0,248,315,5,0,0,0
14123,0,0,0,0,0,0,188,13,15,0,0,0
14124,0,0,0,1,0,20,0,0,0,0,0,0
14125,65,426,0,0,0,0,0,0,0,0,0,0
14126,0,30,0,0,0,0,637,133,3,0,0,0
14127,0,0,0,3,0,43,0,0,0,0,0,0
14128,0,0,0,0,0,0,0,0,1,0,0,0
14129,0,0,0,0,0,0,0,4,0,0,0,0
14130,35,120,89,0,0,0,0,0,0,0,0,0
14131,0,1,0,0,0,0,691,49,0,0,0,0
14132,0,0,0,0,0,1,0,0,0,0,0,0
14133,0,0,0,29,8,268,0,0,0,0,7,0
14134,0,0,0,0,0,1,0,0,0,9,342,1
14135,0,0,0,0,0,0,0,0,0,0,1,0
14136,0,0,0,8,14,129,0,0,0,0,6,0
14137,0,3,0,0,0,0,387,0,11,0,0,0
14138,0,0,0,0,0,3,0,0,0,0,0,0
14139,0,0,0,0,28,100,0,0,0,0,0,0
14140,0,1,0,0,0,0,85,183,13,0,0,1
14141,0,0,0,0,0,20,0,0,0,0,0,0
14142,14,157,2,1,0,0,0,0,0,0,0,0
14143,0,0,0,0,0,0,36,4,1,0,0,0
14144,1,18,0,0,0,0,0,0,0,0,0,0
14145,0,0,0,0,27,502,0,0,0,0,0,0
14146,0,0,0,1,2,2,0,0,0,0,0,0
14147,0,0,0,0,0,0,0,0,0,1,2,0
14148,0,0,0,0,3,47,0,0,0,0,1,0
14149,0,0,0,0,0,1,0,0,0,0,0,0
14150,2,0,0,0,0,0,0,0,0,0,0,0
14151,0,0,0,1,0,49,0,0,0,0,0,0
14152,0,0,0,0,0,8,0,0,0,0,0,0
14153,2,18,0,0,0,0,0,0,0,0,0,0
14154,0,0,0,0,0,193,0,0,0,0,0,0
14155,0,0,0,6,43,16,0,0,0,0,0,0
14156,0,0,0,0,0,0,0,0,0,0,4,0
14157,6,210,73,0,0,0,1,0,0,0,0,0
14158,0,0,0,2,11,24,0,0,0,0,0,0
14159,0,0,0,0,0,0,0,0,0,0,0,0
14160,0,0,0,0,0,0,56,43,3,0,0,0
14161,0,0,0,1,18,44,0,0,0,0,0,0
14162,0,0,0,0,0,8,0,0,0,0,0,0
14163,0,66,1,0,0,0,0,0,0,0,0,0
14164,6,1,31,0,0,0,0,0,0,0,0,0
14165,0,0,0,3,0,2,0,0,0,0,0,0
14166,0,0,0,0,0,0,2,4,3,0,0,0
14167,0,0,0,0,0,0,0,0,0,1,43,0
14168,0,0,0,0,0,0,0,0,0,0,0,0
14169,0,0,0,0,0,120,0,0,0,0,3,0
14170,3,540,1,0,0,0,0,0,0,0,0,0
14171,0,0,0,2,0,127,0,0,0,0,0,0
14172,85,167,6,0,0,0,0,0,0,0,0,0
14173,0,0,0,4,18,112,0,0,0,0,1,0
14174,0,0,0,0,3,7,0,0,0,0,0,0
14175,10,94,0,0,0,0,0,0,0,0,0,0
14176,2,5,0,0,0,0,0,0,0,0,0,0
14177,0,0,0,0,0,0,0,0,0,75,668,2
14178,0,0,0,0,0,9,0,0,0,112,4141,22
14179,0,0,0,2,91,59,0,0,0,0,0,0
14180,0,0,0,0,2,54,0,0,0,0,0,0
14181,0,0,0,0,1,0,92,112,99,0,0,0
14182,0,14,0,0,0,0,0,0,0,0,0,0
14183,0,0,0,0,0,4,0,0,0,1,1892,3
14184,0,0,0,0,0,20,0,0,0,62,4624,9
14185,107,1622,21,0,0,0,8,0,0,0,0,0
14186,0,0,0,0,26,2,340,7806,2,0,0,0
14187,0,31,0,0,0,0,7085,1419,1,0,0,0
14188,0,0,0,0,0,0,196,30,2,0,0,0
14189,0,0,0,0,0,0,0,0,0,0,718,2
14190,0,0,0,4,9,193,0,0,0,0,0,0
14191,0,0,0,3,1,1201,0,0,0,0,2,0
14192,0,0,0,0,0,1,0,0,0,0,0,0
14193,7,49,1,0,0,0,0,0,0,0,0,0
14194,0,20,2,0,0,0,0,0,0,0,0,0
14195,0,0,0,0,0,2,0,0,0,279,449,2
14196,6,0,0,82,1,106,0,0,0,0,0,0
14197,0,0,0,0,0,0,16,39,2,0,0,0
14198,0,0,0,0,0,0,0,0,0,1,37,2
14199,49,166,13,0,0,0,0,0,0,0,0,0
14200,0,0,0,0,0,0,0,0,0,0,0,0
14201,0,0,0,0,0,0,0,0,0,0,0,0
14202,0,0,0,0,2,0,330,2018,1,0,0,0
14203,0,0,0,2,15,0,0,0,0,0,0,0
14204,0,0,0,0,0,0,0,0,0,1,90,0
14205,5,126,18,0,0,0,0,0,0,0,0,0
14206,0,0,0,0,0,1,0,0,0,4,406,0
14207,6,225,5,0,0,0,4,0,0,0,0,0
14208,0,0,0,0,2,441,0,0,0,0,1,0
14209,0,0,0,0,7,0,134,2199,2,0,0,0
14210,0,0,0,0,1,457,0,0,0,0,3,0
14211,0,0,0,52,14,139,0,0,0,0,0,0
14212,0,0,0,0,1,0,91,107,0,0,0,0
14213,1,210,22,0,0,0,9,0,0,0,0,0
14214,0,0,17,0,0,3,0,0,0,64,278,0
14215,10,44,0,0,0,0,0,0,0,0,0,0
14216,0,0,0,0,0,1,0,0,0,208,1472,0
14217,0,0,0,87,38,115,0,0,0,0,0,0
14218,0,0,0,0,0,0,63,20,5,0,0,0
14219,1,2,24,0,0,0,0,0,0,0,0,0
14220,0,0,0,0,0,31,0,0,1,68,2975,24
14221,0,0,0,4,10,34,0,0,0,0,0,0
14222,0,0,0,0,0,0,0,0,0,0,0,0
14223,0,0,0,0,0,0,0,0,0,0,0,0
14224,4,175,0,0,0,0,7,0,0,0,0,0
14225,0,0,0,0,0,0,0,0,0,0,0,0
14226,18,63,2,0,0,0,1,0,0,0,0,0
14227,0,0,2,0,0,0,0,0,0,0,0,0
14228,1,141,3,0,0,0,1,0,0,0,0,0
14229,0,2,0,0,0,0,182,415,26,0,0,0
14230,0,0,0,0,0,2,0,0,0,405,785,41
14231,0,0,0,0,0,0,0,0,0,40,14,1
14232,0,0,0,0,0,129,0,0,0,0,0,0
14233,0,0,0,0,0,127,0,0,0,0,0,0
14234,3,71,2,0,0,0,0,0,0,0,0,0
14235,0,0,0,0,0,6,0,0,0,0,552,0
14236,3,289,3,0,0,0,1,0,0,0,0,0
14237,0,0,0,1,9,60,0,0,0,0,0,0
14238,0,0,0,7,1,626,0,0,0,0,2,0
14239,1,49,0,0,0,0,2,0,0,0,0,0
14240,0,136,0,0,0,0,63,0,0,0,0,0
14241,0,1,0,0,1,0,143,327,4,0,0,0
14242,0,0,0,0,0,10,0,0,0,0,0,0
14243,0,0,0,0,0,0,0,4,0,0,0,0
14244,0,0,0,0,0,0,1,42,0,0,0,0
14245,0,2,0,0,0,0,475,29,0,0,0,0
14246,5,1175,14,0,0,0,4,0,0,0,0,0
14247,0,0,0,0,10,183,0,0,0,0,0,0
14248,0,0,0,2,9,24,0,0,0,0,0,0
14249,0,0,0,0,4,8,0,0,0,0,0,0
14250,0,0,0,1,0,0,336,2924,2,0,0,0
14251,0,0,0,0,3,8,0,0,0,0,0,0
14252,0,0,0,0,0,30,0,0,0,0,0,0
14253,11,55,1,0,0,0,0,0,0,0,0,0
14254,1,3,1,0,0,0,0,0,0,0,0,0
14255,1,7,0,0,0,0,0,0,0,0,0,0
14256,0,211,0,0,0,0,0,0,0,0,0,0
14257,0,0,0,5,0,197,0,0,0,0,0,0
14258,0,341,0,0,0,0,0,0,0,0,0,0
14259,0,0,0,0,0,1004,0,0,0,0,1,0
14260,0,0,0,0,0,0,11,3,1,0,0,0
14261,1,1,0,0,0,0,0,0,0,0,0,0
14262,0,0,0,0,0,0,0,0,0,16,1166,0
14263,0,0,0,0,0,0,0,0,0,0,0,0
14264,0,0,0,16,0,4,0,0,0,0,0,0
14265,0,0,0,0,0,2,0,0,0,0,993,0
14266,1,95,0,0,0,0,0,0,0,0,0,0
14267,0,0,0,0,0,2,0,0,0,6,1103,0
14268,0,0,0,0,0,0,453,181,2,0,0,0
14269,0,0,0,0,0,0,4,1,1,0,0,0
14270,2,28,17,0,0,0,0,0,0,0,0,0
14271,19,367,15,0,0,0,1,0,0,0,0,0
14272,0,0,0,0,0,0,2,0,1,0,0,0
14273,2,0,97,0,0,0,0,0,0,0,0,0
14274,0,0,0,0,1,0,136,137,3,0,0,0
14275,0,0,75,0,0,0,0,0,0,1,0,0
14276,0,0,0,0,0,0,76,0,0,0,0,0
14277,0,0,0,0,0,0,0,0,0,0,0,0
14278,0,0,0,1,0,31,0,0,0,0,0,0
14279,0,0,0,1,0,102,0,0,0,0,0,0
14280,61,105,70,0,0,0,2,0,0,0,0,0
14281,1,36,12,0,0,0,1,0,0,0,0,0
14282,3,21,2,0,0,0,0,0,0,0,0,0
14283,0,106,7,0,0,0,1,0,0,0,0,0
14284,0,0,0,0,0,3,0,0,0,36,139,0
14285,0,0,0,0,0,1,0,0,0,0,0,0
14286,0,0,0,0,0,0,0,0,0,24,144,1
14287,0,0,0,3,0,36,0,0,0,0,0,0
14288,0,0,0,2,6,53,0,0,0,0,0,0
14289,0,0,0,10,22,135,0,0,0,0,0,0
14290,0,7,0,0,0,0,211,486,11,0,0,0
14291,0,119,33,0,0,0,1,0,0,0,0,0
14292,0,0,0,0,0,18,0,0,0,234,228,0
14293,0,0,0,0,0,0,0,0,0,11,247,0
14294,0,1,0,0,0,0,554,31,0,0,0,0
14295,0,0,0,0,4,165,0,0,0,0,1,0
14296,0,0,0,0,0,0,0,0,0,0,0,0
14297,2,0,0,0,0,0,0,0,0,0,0,0
14298,0,0,0,0,0,125,0,0,0,0,1,0
14299,0,0,0,0,1,1,0,0,0,0,0,0
14300,0,0,0,1,0,0,0,0,0,0,0,0
14301,0,0,0,1,0,13,0,0,0,0,0,0
14302,3,4,1,0,0,0,0,0,0,0,0,0
14303,2,21,3,0,0,0,0,0,0,0,0,0
14304,0,71,8,0,0,0,1,0,0,0,0,0
14305,0,0,0,0,0,304,0,0,0,0,0,0
14306,13,42,0,0,0,0,0,0,0,0,0,0
14307,0,0,0,0,0,187,0,0,0,0,1,0
14308,0,0,0,0,0,2,0,0,0,0,0,0
14309,0,0,0,0,0,0,0,2,0,0,0,0
14310,0,0,0,0,0,0,1,68,0,0,0,0
14311,0,0,0,0,0,0,1,2,1,0,0,0
14312,0,5,0,0,0,0,0,0,0,0,0,0
14313,0,0,0,1,0,1375,0,0,0,0,19,0
14314,0,0,0,0,0,0,0,0,0,2,1,4
14315,3,2,0,0,0,0,0,0,0,0,0,0
14316,0,0,0,0,0,0,159,165,6,0,0,0
14317,8,44,27,0,0,0,0,0,0,0,0,0
14318,0,0,0,0,0,13,0,0,0,16,4136,1
14319,5,133,8,0,0,0,0,0,0,0,0,0
14320,0,0,0,1,0,1,0,0,0,0,0,0
14321,0,1,0,0,0,0,0,0,0,0,0,0
14322,0,0,0,0,0,2,0,0,0,0,2642,1
14323,0,0,0,0,0,0,0,0,0,0,142,0
14324,0,0,1,0,0,0,0,0,0,0,0,0
14325,0,0,0,0,0,0,0,0,0,0,271,0
14326,0,0,0,0,0,0,0,0,0,6,11,1
14327,0,0,0,0,0,0,0,0,0,2,1,0
14328,9,55,49,0,0,0,0,0,0,0,0,0
14329,0,3,0,0,0,0,0,0,0,0,0,0
14330,1,41,1,0,0,0,0,0,0,0,0,0
14331,0,0,0,0,0,80,0,0,0,0,0,0
14332,0,0,0,8,0,1,0,0,0,0,0,0
14333,0,0,0,0,0,0,1,3,0,0,0,0
14334,0,0,0,0,1,40,0,0,0,0,0,0
14335,0,0,0,0,0,0,33,720,1,0,0,0
14336,0,0,0,0,10,48,0,0,0,0,0,0
14337,0,0,0,1,1,95,0,0,0,0,1,0
14338,5,99,0,0,0,0,1,0,0,0,0,0
14339,6,159,0,0,0,0,1,0,0,0,0,0
14340,0,0,0,0,0,33,0,0,0,4,2232,0
14341,0,0,0,0,0,1,0,0,0,0,0,0
14342,0,0,0,0,0,0,0,2,0,0,0,0
14343,0,0,0,0,0,724,0,0,0,0,0,0
14344,0,0,0,19,9,38,0,0,0,0,0,0
14345,0,0,0,0,5,48,0,0,0,0,0,0
14346,0,1,0,0,0,0,172,171,0,0,0,0
14347,0,0,0,0,0,0,157,17,0,0,0,0
14348,0,436,31,0,0,0,0,0,0,0,0,0
14349,0,0,0,56,6,122,0,0,0,0,0,0
14350,0,0,0,0,0,0,15,224,3,0,0,0
14351,0,36,5,0,0,0,0,0,0,0,0,0
14352,0,0,0,0,0,1,0,0,0,1,230,0
14353,0,11,71,0,0,0,0,0,0,0,0,0
14354,0,0,0,0,0,0,52,3,5,0,0,0
14355,0,556,4,0,0,0,0,0,0,0,0,0
14356,0,0,0,0,0,2,0,0,0,0,0,0
14357,0,0,0,0,0,0,0,2,2,0,0,0
14358,0,0,0,0,0,5,0,0,0,1,1120,1
14359,3,215,2,0,0,0,0,0,0,0,0,0
14360,0,0,0,0,2,96,0,0,0,0,0,0
14361,0,0,0,4,22,2038,0,0,0,0,59,0
14362,0,0,0,0,0,117,0,0,0,17,703,5
14363,0,0,0,0,0,2,0,0,0,0,0,0
14364,0,15,0,0,0,0,213,139,20,0,0,0
14365,0,0,0,0,0,0,0,0,0,0,2,0
14366,1,5,0,0,0,0,0,0,0,0,0,0
14367,0,0,0,0,9,49,0,0,0,0,0,0
14368,0,0,0,0,0,0,0,0,0,0,0,0
14369,0,0,0,0,0,0,0,0,0,0,0,0
14370,0,0,0,0,0,57,0,0,0,0,0,0
14371,0,0,0,0,11,0,197,2377,1,0,0,0
14372,0,0,0,0,0,0,0,0,0,0,82,0
14373,27,128,30,0,0,0,0,0,0,0,0,0
14374,0,1,0,0,0,0,0,0,0,0,0,0
14375,0,0,0,0,0,0,0,0,0,0,0,0
14376,0,0,0,0,0,0,0,0,0,1,167,0
14377,0,0,0,0,0,8,0,0,0,0,0,0
14378,0,0,0,0,0,2,0,0,0,0,0,0
14379,0,0,0,2,0,29,0,0,0,0,0,0
14380,0,0,0,0,0,0,0,0,0,0,0,0
14381,0,0,0,0,0,0,0,0,0,0,0,0
14382,0,0,0,0,0,217,0,0,0,0,0,0
14383,0,0,0,0,0,0,23,14,0,0,0,0
14384,0,0,0,0,46,73,0,0,0,0,0,0
14385,0,0,0,5,713,80,0,2,0,0,0,0
14386,0,0,0,31,18,27,0,0,0,0,0,0
14387,0,0,0,0,0,2,0,0,0,0,0,0
14388,0,356,1,0,0,0,4,0,0,0,0,0
14389,0,0,0,3,0,40,0,0,0,0,0,0
14390,0,0,0,0,0,0,0,0,0,0,0,0
14391,0,0,0,0,0,0,0,0,0,10,210,0
14392,0,0,0,0,6,0,0,0,0,0,0,0
14393,0,0,0,0,0,0,0,0,0,1,1,0
14394,0,0,0,14,5,770,0,0,0,0,2,0
14395,3,442,0,0,0,0,3,0,0,0,0,0
14396,0,0,0,0,0,3,0,0,0,5,1506,1
14397,87,130,5,0,0,0,0,0,0,0,0,0
14398,0,0,0,0,0,0,12,917,1,0,0,0
14399,0,0,0,1,2,89,0,0,0,0,0,0
14400,0,0,0,0,6,0,605,640,26,0,0,1
14401,0,0,0,0,2,34,0,0,0,0,0,0
14402,0,0,0,5,6,3,0,0,0,0,0,0
14403,0,0,0,0,0,82,0,0,0,14,1085,0
14404,0,0,0,0,0,0,0,0,0,0,4,1
14405,0,0,0,0,0,0,0,0,0,0,4,0
14406,5,106,137,0,0,0,0,0,0,1,0,0
14407,0,0,0,0,0,21,0,0,0,85,4492,15
14408,6,0,5,572,287,5234,0,0,0,0,2356719,0
14409,0,0,0,6,1,259,0,0,0,0,1,0
14410,1,1,0,0,0,0,0,0,0,0,0,0
14411,0,0,0,0,0,0,0,0,0,0,12,1
14412,20,84,3,0,0,0,0,0,0,0,0,0
14413,4,20,0,0,0,0,0,0,0,0,0,0
14414,0,0,0,0,3,0,0,1119,3,0,0,0
14415,0,0,0,0,1,96,0,0,0,0,0,0
14416,0,0,0,2,0,16,0,0,0,0,0,0
14417,0,0,0,18,0,1,0,0,0,0,0,0
14418,0,0,0,11,1,1236,0,0,0,0,2,0
14419,0,0,0,0,0,0,2,2,1,0,0,0
14420,0,0,0,0,0,0,0,3,1,0,0,0
14421,2,35,5,0,0,0,0,0,0,0,0,0
14422,0,0,0,0,0,0,0,0,0,16,105,1
14423,0,0,0,0,0,0,0,0,0,3,4,0
14424,4,40,18,0,0,0,0,0,0,0,0,0
14425,0,0,0,0,0,0,0,0,0,191,116,3
14426,0,0,0,2,0,2,0,0,0,0,0,0
14427,10,52,8,0,0,0,0,0,0,0,0,0
14428,0,0,0,0,0,0,5,1182,0,0,0,0
14429,0,0,0,1,0,62,0,0,0,0,0,0
14430,0,0,0,0,0,0,114,780,4,0,0,0
14431,0,0,38,0,0,0,0,0,0,0,0,0
14432,0,0,0,0,0,0,10,0,0,0,0,0
14433,1,57,2,0,0,0,0,0,0,0,0,0
14434,0,0,4,0,0,0,0,0,0,0,0,0
14435,0,31,3,0,0,0,0,0,0,0,0,0
14436,2,54,1,0,0,0,0,0,0,0,0,0
14437,0,57,2,0,0,0,0,0,0,0,0,0
14438,0,0,0,0,0,15,0,0,0,0,0,0
14439,2,39,3,0,0,0,0,0,0,0,0,0
14440,0,0,0,1,6,120,0,0,0,0,0,0
14441,0,0,0,2,55,10,0,0,0,0,0,0
14442,0,0,0,4,2,32,0,0,0,0,0,0
14443,0,0,0,0,2,0,102,191,0,0,0,0
14444,0,0,0,0,0,8,0,0,0,0,0,0
14445,0,0,0,26,11,26,0,0,0,0,0,0
14446,0,0,0,0,0,0,38,4,0,0,0,0
14447,2,6,0,0,0,0,0,0,0,0,0,0
14448,0,0,0,1,1,605,0,0,0,0,1,0
14449,0,1,0,0,0,0,35,28,4,0,0,0
14450,0,0,0,0,0,0,1,1,0,0,0,0
14451,0,0,0,3,1,222,0,0,0,0,2,0
14452,0,2,0,0,0,0,378,40,3,0,0,0
14453,0,0,0,0,0,3,0,0,0,0,0,0
14454,0,0,0,26,41,113,0,0,0,0,0,0
14455,0,0,0,0,0,0,0,0,0,0,5,0
14456,0,0,0,0,0,0,0,0,0,1,3,0
14457,74,1512,136,0,0,0,1,0,0,1,0,0
14458,0,0,0,1,5,10,0,0,0,0,0,0
14459,0,0,0,0,6,2,0,0,0,0,0,0
14460,0,0,0,4,0,252,0,0,0,0,1,0
14461,0,0,0,0,0,0,443,4,0,0,0,0
14462,0,0,0,0,0,33,0,0,0,0,0,0
14463,19,111,3,0,0,0,1,0,0,0,0,0
14464,0,0,0,0,0,0,84,15,9,0,0,0
14465,0,0,0,0,0,14,0,0,0,0,0,0
14466,0,0,0,3,29,212,0,0,0,0,0,0
14467,0,0,0,12,1,1,0,0,0,0,0,0
14468,0,0,0,0,0,0,0,0,0,1,2,0
14469,74,163,5,0,0,0,0,0,0,0,0,0
14470,5,15,0,0,0,0,0,0,0,0,0,0
14471,0,0,0,0,0,1,0,0,0,157,572,4
14472,0,0,0,137,18,74,0,0,0,0,0,0
14473,0,0,0,0,0,0,0,2,0,0,0,0
14474,0,0,0,0,0,0,0,1,0,0,0,0
14475,8,486,24,0,0,0,0,0,0,0,0,0
14476,0,0,0,0,0,143,0,0,0,0,0,0
14477,0,10,1,0,0,0,0,0,0,0,0,0
14478,0,0,0,0,0,3,0,0,0,0,3736,0
14479,0,0,0,0,0,0,0,0,0,47,0,1
14480,27,1,0,0,0,0,0,0,0,0,0,0
14481,0,0,0,0,0,0,0,0,0,2,254,1
14482,0,0,0,1,2,20,0,0,0,0,0,0
14483,0,0,0,38,7,6,0,0,0,0,0,0
14484,0,0,0,0,0,3,0,0,0,6,690,0
14485,1,36,7,0,0,0,0,0,0,0,0,0
14486,0,0,0,0,0,0,47,94,2,0,0,0
14487,110,1096,23,1,0,0,6,0,0,0,0,0
14488,0,0,0,0,0,0,2,2,0,0,0,0
14489,0,126,24,0,0,0,0,0,0,0,0,0
14490,0,0,0,0,0,0,115,14,2,0,0,0
14491,0,0,0,0,0,3,0,0,0,25,491,0
14492,0,0,0,0,0,3,0,0,0,0,0,0
14493,1,260,3,0,0,0,0,0,0,0,0,0
14494,0,0,0,0,0,0,0,0,1,0,0,0
14495,0,0,0,0,0,0,0,3,1,0,0,0
14496,0,0,0,0,3,25,0,0,0,0,0,0
14497,0,0,0,0,0,0,122,4,1,0,0,0
14498,0,0,0,1,2,4,0,0,0,0,0,0
14499,0,0,0,1,5,114,0,0,0,0,0,0
14500,0,0,0,0,10,0,56,1104,3,0,0,0
14501,0,0,0,0,1,46,0,0,0,0,0,0
14502,1,447,2,0,0,0,1,0,0,0,0,0
14503,0,0,0,0,0,2,0,0,0,10,215,0
14504,9,15,1,0,0,0,1,0,0,0,0,0
14505,0,0,0,0,0,435,0,0,0,0,0,0
14506,1,7,0,0,0,0,0,0,0,0,0,0
14507,0,9,0,0,0,0,0,0,0,0,0,0
14508,0,0,0,0,0,273,0,0,0,0,0,0
14509,0,0,0,0,0,0,0,0,0,0,8,26
14510,9,92,2,0,0,0,1,0,0,0,0,0
14511,0,1,0,0,52,0,169,2247,4032,0,4,26
14512,0,1,0,0,0,0,185,146,2,0,0,0
14513,0,152,161,0,0,0,3,0,0,1,0,0
14514,0,0,0,14,6,156,0,0,0,0,0,0
14515,0,0,0,0,0,0,47,18,0,0,0,0
14516,0,0,0,0,0,49,0,0,0,0,0,0
14517,0,108,1,0,0,0,0,0,0,0,0,0
14518,0,14,1,0,0,0,0,0,0,0,0,0
14519,0,7,0,0,0,0,0,0,0,0,0,0
14520,0,0,0,0,0,1,0,0,0,28,587,0
14521,0,0,0,0,4,22,0,0,0,0,0,0
14522,0,0,0,0,0,11,0,0,0,0,0,0
14523,0,28,0,0,0,0,0,0,0,0,0,0
14524,0,0,0,0,0,1,0,0,0,2,672,0
14525,1,5,1,0,0,0,0,0,0,0,0,0
14526,0,0,0,1,1,95,0,0,0,0,0,0
14527,0,238,2,0,0,0,0,0,0,0,0,0
14528,0,0,0,0,0,0,97,4,1,0,0,0
14529,0,0,0,0,0,0,0,0,0,32,268,0
14530,0,0,0,1,12,34,0,0,0,0,0,0
14531,0,0,1,0,0,0,0,0,0,442,241,0
14532,0,0,0,1,0,75,0,0,0,0,0,0
14533,1,2,62,0,0,0,0,0,0,0,0,0
14534,0,0,0,0,0,0,16,0,0,0,0,0
14535,0,22,0,0,0,0,0,0,0,0,0,0
14536,0,0,0,0,0,0,0,0,0,13,41,1
14537,0,0,0,0,0,1,0,0,0,0,0,0
14538,0,0,0,8,3,18,0,0,0,0,0,0
14539,1,4,0,0,0,0,0,0,0,0,0,0
14540,0,0,0,0,0,0,80,2,3,0,0,0
14541,0,0,0,1,60,13,0,0,0,0,0,0
14542,0,0,0,0,4,5,0,0,0,0,0,0
14543,0,0,0,1,0,0,0,0,0,0,0,0
14544,0,0,0,62,1,91,0,0,0,0,1,0
14545,4,3,1,0,0,0,0,0,0,0,0,0
14546,0,57,12,0,0,0,0,0,0,0,0,0
14547,0,0,0,0,0,0,434,95,1,0,0,0
14548,0,0,0,0,0,0,19,36,0,0,0,0
14549,0,1,5,0,0,0,0,0,0,0,0,0
14550,1,417,10,0,0,0,5,0,0,0,0,0
14551,0,0,0,0,1,84,0,0,0,0,0,0
14552,0,0,0,0,0,247,0,0,0,0,2,0
14553,0,301,11,0,0,0,0,0,0,0,0,0
14554,0,0,0,0,0,0,0,0,0,17,46,2
14555,0,0,0,0,1,2,0,0,0,0,0,0
14556,0,0,0,5,1,25,0,0,0,0,1,0
14557,0,0,0,0,1,0,3,190,0,0,0,0
14558,0,0,0,0,0,52,0,0,0,0,0,0
14559,0,78,0,0,4,0,1593,715,5,0,0,0
14560,0,0,0,0,0,12,0,0,0,0,0,0
14561,4,12,0,0,0,0,0,0,0,0,0,0
14562,0,0,0,0,0,181,0,0,0,0,1,0
14563,0,1,0,0,0,0,63,3,0,0,0,0
14564,0,0,0,0,0,0,0,0,0,0,0,1
14565,1,0,0,62,6,104,0,0,0,0,1,0
14566,0,0,0,0,0,0,0,6,0,0,0,0
14567,0,0,0,0,0,0,0,0,0,1,0,0
14568,0,0,0,122,41,269,0,0,0,0,2,0
14569,0,0,0,0,0,0,0,1,0,0,0,0
14570,0,0,0,0,0,0,0,0,0,0,0,0
14571,0,0,0,0,0,10,0,0,0,1,1856,0
14572,0,0,0,0,0,0,0,0,0,4,31,0
14573,0,0,0,0,0,0,0,0,0,1,4,0
14574,0,0,0,74,40,65,0,0,0,0,0,0
14575,0,23,0,0,22,0,160,411,1,0,0,0
14576,0,0,0,0,0,7,0,0,0,1,1152,2
14577,0,0,0,7,4,153,0,0,0,0,0,0
14578,6,114,4,0,0,0,4,0,0,0,0,0
14579,0,0,0,0,0,11,0,0,0,0,0,0
14580,0,0,0,0,5,0,188,1581,5,0,0,0
14581,0,0,0,0,0,0,0,0,0,2,60,0
14582,0,2,0,0,0,0,0,0,0,0,0,0
14583,0,0,0,0,0,2,0,0,0,1,1456,0
14584,0,5,0,0,0,0,819,44,0,0,0,0
14585,0,0,0,0,0,15,0,0,0,0,2779,2
14586,1,0,0,78,1,211,0,0,0,0,1,0
14587,0,0,0,0,0,0,34,248,1,0,0,0
14588,0,0,0,0,0,2,0,0,0,3,109,2
14589,0,0,0,142,26,169,0,0,0,0,0,0
14590,0,0,0,0,35,359,0,0,0,0,2,0
14591,0,0,0,0,0,0,0,0,0,49,3,0
14592,2,0,0,139,26,255,0,0,0,0,0,0
14593,0,0,0,0,0,0,108,14,0,0,0,0
14594,0,0,0,0,0,0,1,2,2,0,0,0
14595,0,0,0,0,0,40,0,0,0,0,0,0
14596,4,3,1,0,0,0,0,0,0,0,0,0
14597,1,118,7,0,0,0,0,0,0,0,0,0
14598,0,0,0,0,5,249,0,0,0,0,0,0
14599,0,0,0,0,0,203,0,0,0,19,10032,10
14600,0,0,0,1,0,29,0,0,0,0,1,0
14601,18,110,5,0,0,0,1,0,0,0,0,0
14602,0,0,0,9,6,146,0,0,0,0,0,0
14603,0,0,0,0,0,4,0,0,0,0,0,0
14604,0,630,1,0,0,0,0,0,0,0,0,0
14605,0,0,1,0,0,0,0,0,0,159,184,2
14606,0,0,0,4,1,1,0,0,0,0,0,0
14607,7,29,11,0,0,0,0,0,0,0,0,0
14608,0,0,0,0,0,0,0,1,0,0,0,0
14609,0,0,0,0,0,0,0,0,0,0,0,0
14610,0,0,0,1,0,341,0,0,0,0,0,0
14611,0,56,0,0,0,0,0,0,0,0,0,0
14612,0,104,1,0,0,0,0,0,0,0,0,0
14613,3,266,2,0,0,0,0,0,0,0,0,0
14614,0,0,0,0,0,0,0,0,0,0,28,0
14615,0,0,0,0,0,0,0,5,0,0,0,0
14616,0,0,0,0,0,0,0,0,0,17,776,0
14617,5,3,0,0,0,0,0,0,0,0,0,0
14618,0,0,0,0,0,0,0,0,0,3,93,9
14619,1,0,0,71,3,417,0,0,0,0,34,0
14620,2,68,1,0,0,0,13,0,0,0,0,0
14621,0,0,0,0,0,0,0,0,0,8,521,1
14622,0,26,0,0,4,0,470,324,2,0,0,0
14623,0,0,0,0,1,2,0,0,0,0,0,0
14624,0,0,0,0,0,0,1,1,1,0,0,0
14625,0,0,0,0,0,0,0,0,0,1,844,0
14626,0,0,0,0,0,15,0,0,0,0,0,0
14627,0,0,0,2,0,1,0,0,0,0,0,0
14628,0,0,0,3,4,162,0,0,0,0,0,0
14629,0,0,0,0,52,7,0,0,0,0,0,0
14630,0,0,0,0,0,0,0,0,0,2,2,0
14631,20,87,16,0,0,0,0,0,0,0,0,0
14632,0,0,0,0,0,0,96,2,1,0,0,0
14633,0,0,0,0,0,1,0,0,0,0,0,0
14634,4,457,0,0,0,0,2,0,0,0,0,0
14635,0,3,0,0,0,0,278,16,1,0,0,0
14636,0,0,0,0,0,0,0,0,0,1,33,0
14637,2,0,0,168,26,78,0,0,0,0,0,0
14638,0,0,0,0,0,0,146,180,0,0,0,0
14639,0,0,0,0,0,0,0,0,0,0,14,0
14640,2,22,3,0,0,0,0,0,0,0,0,0
14641,0,0,0,0,0,0,0,0,0,5,380,0
14642,0,0,0,1,2,2,0,0,0,0,0,0
14643,0,0,0,0,0,159,0,0,0,0,1,0
14644,1,46,0,0,0,0,0,0,0,0,0,0
14645,0,0,0,0,0,0,0,0,0,0,173,3
14646,0,0,0,222,88,64,0,0,0,0,0,0
14647,0,2,0,0,0,0,0,0,0,0,0,0
14648,0,27,0,0,0,0,0,0,0,0,0,0
14649,0,0,0,0,0,5,0,0,0,14,3336,0
14650,1,12,3,0,0,0,0,0,0,0,0,0
14651,2,45,1,0,0,0,0,0,0,0,0,0
14652,0,0,0,4,19,195,0,0,0,0,0,0
14653,0,0,0,0,2,0,176,447,3,0,0,0
14654,0,0,0,0,2,37,0,0,0,0,0,0
14655,0,0,0,16,5,167,0,0,0,0,1,0
14656,0,0,0,0,1,0,21,172,3,0,0,0
14657,0,0,0,0,1,5,0,0,0,52,1542,8
14658,1,0,0,104,43,70,0,0,0,0,0,0
14659,0,0,0,2,0,6,0,0,0,0,0,0
14660,0,0,0,4,4,4,0,0,0,0,0,0
14661,0,0,0,2,0,155,0,0,0,0,0,0
14662,0,0,0,0,0,0,0,0,0,0,2,1
14663,0,0,0,0,0,0,0,0,0,0,0,0
14664,0,14,0,0,0,0,0,0,0,0,0,0
14665,0,6,0,0,0,0,0,0,0,0,0,0
14666,0,0,0,0,0,0,0,0,0,2,77,0
14667,0,0,0,8,23,31,0,0,0,0,0,0
14668,0,0,0,0,5,0,78,12,0,0,0,0
14669,0,0,0,0,0,4,0,0,0,0,0,0
14670,0,0,0,0,0,0,0,0,0,492,814,0
14671,0,4,5,0,0,0,0,0,0,0,0,0
14672,0,276,1,0,0,0,0,0,0,0,0,0
14673,1,405,1,0,0,0,1,0,0,0,0,0
14674,0,0,1,0,0,0,0,0,0,47,543,4
14675,0,0,0,0,0,0,0,0,0,0,6,0
14676,0,0,0,11,1,1496,0,0,0,182,316680,110
14677,0,0,0,0,0,0,30,8,0,0,0,0
14678,0,0,0,0,0,0,0,3,3,0,0,0
14679,0,0,0,1,1,68,0,0,0,0,0,0
14680,4,6,0,0,0,0,0,0,0,0,0,0
14681,2,50,26,0,0,0,0,0,0,0,0,0
14682,0,0,0,1,0,131,0,0,0,0,1,0
14683,0,0,0,0,2,0,0,0,0,0,0,0
14684,0,0,0,1,1,1,0,0,0,0,0,0
14685,0,0,0,0,0,35,0,0,0,0,0,0
14686,0,1,2,0,0,0,0,0,0,0,0,0
14687,0,2,0,0,0,0,0,0,0,0,0,0
14688,0,0,0,0,0,5,0,0,0,2,1255,0
14689,0,21,0,0,0,0,0,0,0,0,0,0
14690,1,33,1,0,0,0,0,0,0,0,0,0
14691,4,257,6,0,0,0,7,0,0,0,0,0
14692,0,0,0,0,0,0,112,29,2,0,0,0
14693,3,46,10,0,0,0,0,0,0,0,0,0
14694,0,0,0,0,0,0,0,0,0,68,432,2
14695,0,0,0,1,0,0,0,0,0,0,0,0
14696,0,0,0,1,0,0,0,0,0,0,0,0
14697,0,0,0,0,0,6,0,0,0,1,2000,0
14698,0,0,0,0,0,6,0,0,0,0,0,0
14699,3,0,2,0,0,0,0,0,0,0,0,0
14700,0,0,0,0,0,278,0,0,0,0,1,0
14701,0,0,0,0,0,0,42,72,0,0,0,0
14702,0,9,11,0,0,0,0,0,0,0,0,0
14703,0,0,0,0,0,0,0,0,0,140,659,0
14704,0,0,0,0,1,6,0,0,0,0,0,0
14705,0,0,0,1,0,4,0,0,0,0,0,0
14706,0,0,0,0,0,64,0,0,0,0,0,0
14707,0,0,0,0,0,0,9,67,3,0,0,0
14708,0,0,0,0,0,6,0,0,0,0,3112,2
14709,0,0,0,7,2,168,0,0,0,0,0,0
14710,0,0,0,0,0,0,157,82,0,0,0,0
14711,0,0,0,1,0,23,0,0,0,0,0,0
14712,0,0,0,0,101,0,145,2098,10,0,0,0
14713,0,0,0,0,93,1,0,1,0,0,0,0
14714,0,0,0,0,0,0,0,0,0,4,18,0
14715,0,0,0,2,10,173,0,0,0,0,0,0
14716,1,0,0,0,0,0,0,0,0,0,0,0
14717,1,94,0,0,0,0,0,0,0,0,0,0
14718,0,1,0,0,0,0,334,37,2,0,0,0
14719,0,0,0,0,0,0,21,0,0,0,0,0
14720,0,0,0,0,0,0,1,4,0,0,0,0
14721,0,0,0,0,1,318,0,0,0,0,0,0
14722,0,0,0,2,0,5,0,0,0,0,0,0
14723,0,0,0,2,0,3,0,0,0,0,0,0
14724,0,0,0,0,0,43,0,0,0,0,10614,0
14725,0,0,0,1,0,36,0,0,0,0,0,0
14726,0,0,0,0,0,2,0,0,0,0,0,0
14727,0,0,0,0,0,75,0,0,0,0,0,0
14728,0,0,0,0,0,0,0,0,0,0,0,0
14729,5,146,3,0,0,0,11,0,0,0,0,0
14730,0,0,0,0,0,0,170,11,1,0,0,0
14731,0,0,0,0,0,0,3,1,1,0,0,0
14732,1,7,10,0,0,0,0,0,0,0,0,0
14733,2,168,1,0,0,0,0,0,0,0,0,0
14734,0,0,0,0,0,0,1,1,0,0,0,0
14735,0,0,0,0,0,0,4,3,0,0,0,0
14736,5,50,16,0,0,0,0,0,0,0,0,0
14737,21,38,6,0,0,0,0,0,0,0,0,0
14738,0,0,0,0,0,0,32,4,0,0,0,0
14739,0,0,0,0,0,75,0,0,0,0,0,0
14740,0,0,0,7,86,88,0,0,0,0,0,0
14741,0,0,0,0,0,1,0,0,0,215,465,4
14742,0,0,0,7,7,2114,0,0,0,0,0,0
14743,0,0,0,0,0,0,297,28,2,0,0,0
14744,0,0,0,0,0,8,0,0,0,0,0,0
14745,1,0,0,38,11,203,0,0,0,0,0,0
14746,0,0,0,0,0,0,58,2,1,0,0,0
14747,5,120,55,0,0,0,0,0,0,0,0,0
14748,4,427,25,0,0,0,1,0,0,0,0,0
14749,0,0,0,4,2,413,0,0,0,0,0,0
14750,0,0,0,0,0,2,0,0,0,0,0,0
14751,3,50,0,0,0,0,2,0,0,0,0,0
14752,1,2,1,0,0,0,0,0,0,0,0,0
14753,1,61,0,0,0,0,0,0,0,0,0,0
14754,1,38,1,0,0,0,0,0,0,0,0,0
14755,0,0,0,0,0,1,0,0,0,3,292,0
14756,2,1,1,0,0,0,0,0,0,0,0,0
14757,0,0,0,0,0,1,0,0,0,4,394,0
14758,0,0,0,0,3,1,0,0,0,0,0,0
14759,0,0,0,1,0,2,0,0,0,0,0,0
14760,0,0,0,0,0,0,0,0,0,3,279,0
14761,0,0,0,1,0,4,0,0,0,0,0,0
14762,0,0,0,4,0,2,0,0,0,0,0,0
14763,0,0,0,0,0,0,0,0,0,0,269,0
14764,0,0,0,0,0,6,0,0,0,0,0,0
14765,0,0,0,4,0,2,0,0,0,0,0,0
14766,0,0,0,1,1,103,0,0,0,0,0,0
14767,0,0,0,0,2,0,130,221,2,0,0,0
14768,0,0,0,0,0,3,0,0,0,0,657,0
14769,0,0,0,32,40,487,0,0,0,0,0,0
14770,0,0,0,0,0,0,0,0,0,18,5,6
14771,2,153,0,0,0,0,1,0,0,0,0,0
14772,0,0,0,0,0,0,247,191,5,0,0,0
14773,0,0,0,0,0,0,215,48,2,0,0,0
14774,1,192,7,0,0,0,0,0,0,0,0,0
14775,0,0,0,4,0,481,0,0,0,0,2,0
14776,0,0,0,0,0,0,22,124,1,0,0,0
14777,0,0,0,0,0,0,1,10,0,0,0,0
14778,0,0,0,2,2,1025,0,0,0,0,0,0
14779,0,15,0,0,0,0,0,0,0,0,0,0
14780,1,24,0,0,0,0,0,0,0,0,0,0
14781,0,0,0,2,1,360,0,0,0,0,0,0
14782,0,0,0,0,0,0,1,3,3,0,0,0
14783,0,0,0,0,0,0,0,0,0,0,9,0
14784,1,0,0,53,3,78,0,0,0,0,0,0
14785,0,1,0,0,19,0,129,217,1,0,0,0
14786,0,0,0,0,0,239,0,0,0,5,2024,4
14787,0,0,0,51,0,330,0,0,0,0,6,0
14788,0,118,0,0,0,0,0,0,0,0,0,0
14789,0,0,0,1,0,20,0,0,0,0,0,0
14790,0,0,0,0,0,9,0,0,0,14,3346,1
14791,118,15,4,0,0,0,0,0,0,0,0,0
14792,0,0,0,0,0,0,51,298,0,0,0,0
14793,0,0,0,0,0,0,0,0,0,89,810,1
14794,0,0,0,0,0,0,0,2,1,0,0,0
14795,1,0,0,0,0,0,0,0,0,0,0,0
14796,0,0,0,0,0,134,0,0,0,0,5,0
14797,0,0,0,0,0,0,0,0,0,0,0,0
14798,1,4,0,0,0,0,0,0,0,0,0,0
14799,0,0,0,0,1,174,0,0,0,0,0,0
14800,0,0,0,0,0,0,1,2,2,0,0,0
14801,0,30,986,0,0,0,0,0,0,1,0,0
14802,0,0,1,0,0,1,0,0,0,79,199,0
14803,0,0,0,0,2,2,0,0,0,0,0,0
14804,1,0,0,0,0,0,0,0,0,0,0,0
14805,0,0,0,0,0,284,0,0,0,0,35225,0
14806,0,0,0,0,0,1,0,0,0,0,0,0
14807,0,0,0,0,0,0,0,0,0,0,0,0
14808,0,0,0,0,0,483,0,0,0,0,0,0
14809,0,0,0,0,0,0,0,0,0,6,218,0
14810,0,0,0,0,0,0,40,1,1,0,0,0
14811,0,0,0,0,4,37,0,0,0,0,0,0
14812,0,0,0,0,0,0,0,0,0,0,0,0
14813,2,16,1,0,0,0,11,0,0,0,0,0
14814,0,0,0,0,0,250,0,0,0,0,1,0
14815,15,1,0,8,0,0,0,0,0,0,0,0
14816,0,2,0,0,0,0,0,0,0,0,0,0
14817,0,0,0,1,1,199,0,0,0,0,0,0
14818,0,0,0,0,0,1,0,0,0,6,374,0
14819,0,0,0,3,0,0,0,0,0,0,0,0
14820,0,127,0,0,0,0,12,0,0,0,0,0
14821,0,0,0,0,0,2,0,0,0,39,1028,2
14822,0,0,0,0,0,0,0,0,0,6,3,2
14823,28,15,7,0,0,0,0,0,0,0,0,0
14824,1,4,0,0,0,0,0,0,0,0,0,0
14825,0,0,0,0,0,0,0,0,0,0,5,0
14826,12,37,3,0,0,0,0,0,0,0,0,0
14827,0,112,12,0,0,0,0,0,0,0,0,0
14828,0,0,0,0,2,23,0,0,0,0,0,0
14829,0,0,0,0,6,0,110,4387,104,0,0,0
14830,0,0,0,7,0,1,0,0,0,0,0,0
14831,0,0,0,0,0,0,34,281,1,0,0,0
14832,0,0,0,0,0,68,0,0,0,0,0,0
14833,0,0,0,0,0,0,3,3,1,0,0,0
14834,0,0,0,0,0,0,0,0,0,0,0,0
14835,0,0,0,0,0,278,0,0,0,0,0,0
14836,1,1296,1,0,0,0,1,0,0,0,0,0
14837,0,0,0,0,6,140,0,0,0,0,0,0
14838,0,0,0,0,0,1,0,0,0,14,769,0
14839,0,2,1,0,0,0,0,0,0,0,0,0
14840,0,0,0,0,0,0,6,2,0,0,0,0
14841,5,60,15,0,0,0,0,0,0,0,0,0
14842,0,0,0,0,0,0,0,0,0,0,3,0
14843,0,0,0,0,0,0,0,0,0,0,0,0
14844,0,76,1,0,0,0,0,0,0,0,0,0
14845,0,0,0,0,0,0,0,0,0,41,61,2
14846,0,0,0,24,0,1,0,0,0,0,0,0
14847,0,65,1,0,0,0,0,0,0,0,0,0
14848,0,0,0,0,0,1,0,0,0,4,402,7
14849,0,0,0,0,0,1,0,0,0,0,0,0
14850,5,35,10,0,0,0,0,0,0,0,0,0
14851,0,0,0,0,0,0,0,0,0,0,0,0
14852,0,0,0,0,0,0,0,0,0,0,0,0
14853,0,0,0,2,10,231,0,0,0,0,1,0
14854,0,3,0,0,2,0,1057,428,3,0,0,0
14855,0,0,0,0,0,60,0,0,0,0,0,0
14856,11,241,2,0,0,0,0,0,0,0,0,0
14857,0,0,0,0,1,0,223,1834,2,0,0,0
14858,1,0,0,15,4,36,0,0,0,0,0,0
14859,0,0,0,9,10,161,0,0,0,0,0,0
14860,0,0,0,0,0,0,1,0,1,0,0,0
14861,0,7,9,0,0,0,0,0,0,0,0,0
14862,3,27,1,0,0,0,0,0,0,0,0,0
14863,0,0,0,0,0,0,43,10,1,0,0,0
14864,0,0,0,0,3,16,0,0,0,0,0,0
14865,0,0,0,2,1,47,0,0,0,0,1,0
14866,0,0,0,0,0,0,32,4,10,0,0,0
14867,0,0,0,0,5,27,0,0,0,0,0,0
14868,0,0,0,7,4,30,0,0,0,0,0,0
14869,0,0,0,0,0,0,33,2,0,0,0,0
14870,0,70,14,0,0,0,0,0,0,0,0,0
14871,0,0,0,0,0,86,0,0,0,0,0,0
14872,0,12,0,0,0,0,0,0,0,0,0,0
14873,4,67,0,0,0,0,0,0,0,0,0,0
14874,0,0,0,0,15,0,100,2598,24,0,0,0
14875,0,0,0,2,10,40,0,0,0,0,0,0
14876,0,57,0,0,0,0,3,0,0,0,0,0
14877,0,0,0,0,0,5,0,0,0,0,2764,0
14878,0,0,0,3,3,12,0,0,0,0,0,0
14879,0,0,0,1,1,1,0,0,0,0,0,0
14880,0,0,0,2,0,26,0,0,0,0,0,0
14881,0,0,0,0,0,0,27,22,0,0,0,0
14882,3,116,1692,0,0,0,1,0,0,118,0,0
14883,0,0,0,0,5,308,0,0,0,0,0,0
14884,0,0,0,1,0,4,0,0,0,0,0,0
14885,0,1,0,0,0,0,136,13,0,0,0,0
14886,0,0,0,0,1,37,0,0,0,0,0,0
14887,0,0,0,1,0,0,0,0,0,0,0,0
14888,1,2,0,0,0,0,0,0,0,0,0,0
14889,0,0,0,0,0,6,0,0,0,0,1080,0
14890,0,0,0,0,0,0,95,25,2,0,0,0
14891,3,19,11,0,0,0,0,0,0,0,0,0
14892,0,0,0,21,6,149,0,0,0,0,0,0
14893,0,0,0,0,0,0,1,3,1,0,0,0
14894,0,0,0,0,0,0,0,3,0,0,0,0
14895,0,0,0,92,3,243,0,0,0,0,6,0
14896,0,0,0,0,1,0,3,10,0,0,0,0
14897,0,0,0,0,0,0,0,0,0,0,0,0
14898,0,0,1,0,0,10,0,0,0,64,1417,7
14899,0,0,0,1,0,2,0,0,0,0,0,0
14900,0,0,0,0,0,0,0,1,1,0,0,0
14901,0,0,0,0,0,23,0,0,0,0,0,0
14902,9,435,10,0,0,0,18,0,0,0,0,0
14903,0,0,0,1,19,36,0,0,0,0,0,0
14904,0,0,0,2,0,47,0,0,0,0,0,0
14905,1,2,1,0,0,0,0,0,0,0,0,0
14906,0,61,24,0,0,0,1,0,0,0,0,0
14907,0,0,0,8,3,188,0,0,0,0,5,0
14908,0,0,0,0,0,0,2,9,3,0,0,0
14909,0,0,0,0,0,0,0,0,0,0,6,6
14910,0,0,0,9,2,238,0,0,0,0,3,0
14911,4,17,2,0,0,0,1,0,0,0,0,0
14912,11,225,51,1,0,0,8,0,0,0,0,0
14913,0,0,0,0,0,11,0,0,0,73,1318,0
14914,0,0,0,0,0,0,0,0,0,2,0,0
14915,28,5,0,0,0,0,0,0,0,0,0,0
14916,46,117,39,4,0,0,2,0,0,0,0,0
14917,0,0,0,0,0,0,27,2,2,0,0,0
14918,0,0,0,0,0,1,0,0,0,0,0,0
14919,0,0,0,0,0,4,0,0,0,8,1842,5
14920,0,57,2,0,0,0,0,0,0,0,0,0
14921,0,0,0,0,1,214,0,0,0,0,0,0
14922,0,0,0,0,0,4,0,0,0,13,548,0
14923,0,2,0,0,0,0,517,1,2,0,0,0
14924,0,0,0,0,0,3,0,0,0,0,0,0
14925,0,0,0,1,0,196,0,0,0,50,18500,6
14926,4,0,1,0,0,0,0,0,0,0,0,0
14927,0,45,3,0,0,0,0,0,0,0,0,0
14928,0,0,0,0,0,3,0,0,0,6,559,6
14929,5,0,0,0,0,0,0,0,0,0,0,0
14930,1,16,0,0,0,0,0,0,0,0,0,0
14931,0,0,0,0,0,4,0,0,0,29,2125,0
14932,0,0,0,0,0,2,0,0,0,9,964,1
14933,0,0,0,16,0,3,0,0,0,0,0,0
14934,8,39,19,0,0,0,0,0,0,0,0,0
14935,0,2,0,0,0,0,39,15,1,0,0,0
14936,0,5,1,0,0,0,0,0,0,0,0,0
14937,0,0,0,0,0,2,0,0,0,41,2391,0
14938,0,0,0,0,0,0,0,0,0,0,0,0
14939,0,17,0,0,0,0,0,0,0,0,0,0
14940,0,622,0,0,0,0,1,0,0,0,0,0
14941,0,0,0,1,4,1,0,0,0,0,0,0
14942,0,0,0,0,0,0,0,0,0,0,3,0
14943,27,57,10,0,0,0,0,0,0,0,0,0
14944,0,0,0,0,0,0,0,26,9,0,0,0
14945,0,0,0,0,0,0,0,0,0,0,6,0
14946,0,0,0,7,4,42,0,0,0,0,0,0
14947,0,0,0,0,0,0,30,0,0,0,0,0
14948,0,0,0,0,0,0,0,8,0,0,0,0
14949,0,0,0,1,12,191,0,0,0,0,1,0
14950,0,0,0,0,1,3,0,0,0,0,0,0
14951,0,0,0,1,0,2,0,0,0,0,0,0
14952,0,0,0,0,0,116,0,0,0,0,0,0
14953,0,0,0,0,0,0,0,0,0,0,7,1
14954,0,0,0,0,0,0,0,0,0,0,1,0
14955,31,312,20,0,0,0,0,0,0,0,0,0
14956,0,0,0,1,0,41,0,0,0,0,0,0
14957,0,0,0,0,0,1,0,0,0,0,0,0
14958,0,0,0,7,0,55,0,0,0,0,0,0
14959,2,0,0,0,0,0,0,0,0,0,0,0
14960,526,1,1,4,0,0,0,0,0,0,0,0
14961,0,0,0,1,0,491,0,0,0,0,3,0
14962,1,0,0,0,0,0,0,0,0,0,0,0
14963,0,54,0,0,0,0,3,0,0,0,0,0
14964,2,122,0,0,0,0,0,0,0,0,0,0
14965,0,0,0,0,0,2,0,0,0,0,0,0
14966,0,0,0,0,0,0,0,6,0,0,0,0
14967,0,0,0,0,0,0,0,102,2,0,0,0
14968,0,0,0,0,0,0,0,3,0,0,0,0
14969,0,0,0,0,0,0,1,2,0,0,0,0
14970,0,0,0,0,0,38,0,0,0,0,0,0
14971,0,1,0,0,0,0,0,0,0,0,0,0
14972,4,22,1,0,0,0,0,0,0,0,0,0
14973,0,0,0,0,0,0,64,3,0,0,0,0
14974,0,0,0,0,0,0,1,37,1,0,0,0
14975,0,0,0,0,0,0,0,0,0,1,5,0
14976,0,0,0,6,7,583,0,0,0,0,4,0
14977,0,6,3,0,0,0,0,0,0,0,0,0
14978,0,0,0,0,0,0,1,3,2,0,0,0
14979,0,87,0,0,0,0,0,0,0,0,0,0
14980,0,0,0,0,0,0,0,0,0,41,596,3
14981,0,0,0,0,1,3,0,0,0,0,0,0
14982,0,0,0,0,1,84,0,0,0,0,0,0
14983,0,0,0,0,0,3,0,0,0,0,0,0
14984,2,28,0,0,0,0,0,0,0,0,0,0
14985,0,0,0,0,0,68,0,0,0,0,0,0
14986,0,0,0,0,0,0,0,0,0,0,0,0
14987,0,0,0,0,0,0,0,0,0,0,0,0
14988,0,0,0,0,0,472,0,0,0,0,2,0
14989,0,0,0,0,0,0,7,2,2,0,0,0
14990,0,103,8,0,0,0,0,0,0,0,0,0
14991,0,0,0,11,33,266,0,0,0,0,0,0
14992,0,0,0,1,7,2,0,0,0,0,0,0
14993,0,0,0,0,0,0,0,0,0,0,4,0
14994,24,66,17,0,0,0,0,0,0,0,0,0
14995,0,29,25,0,0,0,0,0,0,0,0,0
14996,0,0,0,5,0,33,0,0,0,0,0,0
14997,0,0,0,0,0,0,13,49,5,0,0,0
14998,110,141,25,0,0,0,1,0,0,0,0,0
14999,0,0,0,0,0,0,527,46,4,0,0,0
15000,0,0,0,3,4,79,0,0,0,0,0,0
15001,0,0,0,0,0,47,0,0,0,0,0,0
15002,15,1635,16,0,0,0,16,0,0,0,0,0
15003,0,0,0,0,0,154,0,0,0,0,0,0
15004,0,0,0,0,0,0,11,6,52,0,0,0
15005,5,172,12,0,0,0,0,0,0,0,0,0
15006,0,0,0,0,0,0,95,557,1,0,0,0
15007,0,9,0,0,0,0,679,21,0,0,0,0
15008,1,94,17,0,0,0,0,0,0,0,0,0
15009,0,0,0,0,0,1051,0,0,0,0,9,0
15010,0,0,0,0,0,0,0,0,0,20,2,0
15011,5,0,0,0,0,0,0,0,0,0,0,0
15012,1,1977,1,0,0,0,18,0,0,0,0,0
15013,0,0,0,0,0,0,131,2,1,0,0,0
15014,1,3,0,0,0,0,0,0,0,0,0,0
15015,0,0,0,5,4,281,0,0,0,0,0,0
15016,0,0,0,0,1,0,28,811,1,0,0,0
15017,0,0,0,0,0,0,0,0,0,52,1248,0
15018,17,144,12,0,0,0,0,0,0,0,0,0
15019,0,0,0,0,0,0,0,0,0,52,154,5
15020,0,0,0,0,0,4,0,0,0,0,0,0
15021,0,0,0,35,11,458,0,0,0,0,2,0
15022,0,0,0,1,0,4,0,0,0,0,0,0
15023,1,0,0,8,1,3,0,0,0,0,0,0
15024,0,0,0,0,0,3,0,0,0,1,1933,0
15025,0,0,0,0,1,0,572,335,0,0,0,0
15026,0,0,0,0,0,117,0,0,0,2,7020,0
15027,78,259,18,0,0,0,0,0,0,0,0,0
15028,0,0,0,0,0,84,0,0,0,0,0,0
15029,23,43,1,0,0,0,0,0,0,0,0,0
15030,0,0,0,40,1,363,0,0,0,0,0,0
15031,0,7,0,0,0,0,0,0,0,0,0,0
15032,0,0,0,0,0,0,0,0,0,0,6,0
15033,14,36,4,0,0,0,0,0,0,0,0,0
15034,1,1,2,0,0,0,0,0,0,0,0,0
15035,0,2,0,0,0,0,0,0,0,0,0,0
15036,0,119,0,0,0,0,0,0,0,0,0,0
15037,0,0,0,0,0,1,0,0,0,3,394,0
15038,0,0,0,0,0,0,252,27,0,0,0,0
15039,0,0,0,2,1,119,0,0,0,0,0,0
15040,0,0,0,0,0,0,0,0,0,0,0,0
15041,1,7,0,0,0,0,0,0,0,0,0,0
15042,0,0,0,0,0,302,0,0,0,0,0,0
15043,0,0,0,0,0,0,62,0,0,0,0,0
15044,0,0,0,0,0,0,0,0,0,0,0,0
15045,0,0,0,0,0,0,0,0,0,109,1341,0
15046,13,280,15,0,0,0,0,0,0,0,0,0
15047,0,0,0,2,20,372,0,0,0,0,0,0
15048,0,0,0,0,0,0,0,0,0,17,457,2
15049,0,0,0,0,0,3,0,0,0,13,228,62
15050,0,0,0,0,0,0,0,0,0,0,1,0
15051,0,0,0,8,2,149,0,0,0,0,0,0
15052,1,1,1,0,0,0,0,0,0,0,0,0
15053,0,0,0,0,0,0,0,0,0,0,3,0
15054,0,0,0,0,4,101,0,0,0,0,0,0
15055,1,8,0,0,0,0,0,0,0,0,0,0
15056,0,0,0,0,0,159,0,0,0,0,0,0
15057,1,3,1,0,0,0,0,0,0,0,0,0
15058,0,0,0,0,0,0,0,0,0,0,0,0
15059,0,0,0,0,0,0,0,0,0,0,5,1
15060,1,0,0,24,78,86,0,0,0,0,0,0
15061,0,0,0,0,0,0,0,0,0,5,3,0
15062,0,0,0,0,0,0,0,0,0,0,0,0
15063,1,92,0,0,0,0,0,0,0,0,0,0
15064,11,0,15,0,0,0,0,0,0,1,0,0
15065,0,0,0,0,0,0,0,0,0,0,0,0
15066,0,0,0,0,0,0,1,5,0,0,0,0
15067,0,0,11,0,0,0,0,0,0,0,0,0
15068,0,0,0,0,0,0,0,0,0,0,0,0
15069,0,0,0,0,0,234,0,0,0,0,0,0
15070,0,0,0,0,0,0,0,0,0,4,5,3
15071,0,0,0,4,0,1,0,0,0,0,0,0
15072,0,0,0,0,1,19,0,0,0,0,0,0
15073,0,0,0,0,0,0,0,0,0,0,0,0
15074,0,2,0,0,0,0,0,0,0,0,0,0
15075,0,0,0,0,0,0,48,36,1,0,0,0
15076,0,0,0,0,0,22,0,0,0,0,0,0
15077,10,28,0,0,0,0,0,0,0,0,0,0
15078,0,0,0,1,0,150,0,0,0,0,0,0
15079,0,0,0,0,0,0,6,8,1,0,0,0
15080,0,0,0,0,0,0,0,0,0,1,84,1
15081,0,0,0,0,0,1,0,0,0,73,242,2
15082,0,126,9,0,0,0,5,0,0,0,0,0
15083,0,0,0,1,0,0,0,0,0,0,0,0
15084,0,0,0,14,1,24,0,0,0,0,0,0
15085,0,94,0,0,0,0,7,0,0,0,0,0
15086,0,0,0,0,0,0,34,1,0,0,0,0
15087,0,0,0,0,0,64,0,0,0,0,0,0
15088,0,8,0,0,0,0,20,19,3,0,0,0
15089,0,0,0,0,0,0,0,0,0,8,42,1
15090,63,69,5,0,0,0,0,0,0,0,0,0
15091,0,0,0,0,0,0,0,0,0,0,0,0
15092,0,4,0,0,0,0,0,0,0,0,0,0
15093,0,0,0,0,0,0,82,2,1,0,0,0
15094,0,7,0,0,0,0,0,0,0,0,0,0
15095,1,2,4,0,0,0,0,0,0,0,0,0
15096,0,0,0,2,0,59344,0,0,0,0,1203,0
15097,0,1,0,0,0,0,0,0,0,0,0,0
15098,0,0,0,0,0,0,1,1,0,0,0,0
15099,1,137,0,0,0,0,4,0,0,0,0,0
15100,0,0,0,0,0,0,141,189,3,0,0,0
15101,0,0,0,0,0,1,0,0,0,0,332,0
15102,0,0,0,41,72,147,0,0,0,0,1,0
15103,0,0,0,0,0,0,0,0,0,0,5,1
15104,0,0,0,0,0,0,0,2,0,0,0,0
15105,0,0,1,0,0,1,0,0,0,87,186,1
15106,0,0,0,0,0,0,0,0,0,0,0,0
15107,0,0,0,0,0,0,0,0,0,0,6,0
15108,0,0,0,0,0,1,0,0,0,118,888,3
15109,0,0,0,0,0,0,185,13,0,0,0,0
15110,0,0,0,0,0,0,0,0,0,0,0,0
15111,189,200,15,0,0,0,0,0,0,0,0,0
15112,0,0,0,0,0,0,1,42,1,0,0,0
15113,0,0,0,0,0,1,0,0,0,0,7,1
15114,0,0,0,80,10,975,0,0,0,0,4,0
15115,0,0,0,0,0,0,2,3,0,0,0,0
15116,0,0,0,0,0,0,0,0,1,0,0,0
15117,0,0,0,9,2,79,0,0,0,0,0,0
15118,0,0,0,0,0,0,1,3,0,0,0,0
15119,0,0,0,1,0,2,0,0,0,0,0,0
15120,0,0,0,0,0,0,0,0,0,20,543,0
15121,0,0,0,1,2,2,0,0,0,0,0,0
15122,0,0,0,0,0,0,0,0,0,0,0,0
15123,0,0,0,10,0,231,0,0,0,0,0,0
15124,1,310,13,0,0,0,3,0,0,0,0,0
15125,0,0,0,0,0,3,0,0,0,0,0,0
15126,0,0,0,0,0,0,0,0,0,20,221,0
15127,0,0,0,5,3,1,0,0,0,0,0,0
15128,0,0,0,0,0,0,2,14,1,0,0,0
15129,0,0,0,0,0,82,0,0,0,0,0,0
15130,0,1,0,0,0,0,0,0,0,0,0,0
15131,0,0,0,0,0,0,0,2,1,0,0,0
15132,0,0,0,0,0,93,0,0,0,0,0,0
15133,0,0,0,0,0,0,0,0,0,0,0,0
15134,0,0,0,0,0,2,0,0,0,2,14,0
15135,0,0,0,5,0,240,0,0,0,0,0,0
15136,1,7,2,0,0,0,0,0,0,0,0,0
15137,0,0,0,0,0,1,0,0,0,0,0,0
15138,0,0,0,0,3,0,50,184,5,0,0,0
15139,2,5,0,0,0,0,0,0,0,0,0,0
15140,0,0,0,0,0,0,0,0,0,0,10,0
15141,0,0,0,0,0,16,0,0,0,20,3682,14
15142,1,0,0,0,0,0,0,0,0,0,0,0
15143,0,3,4,0,0,0,0,0,0,0,0,0
15144,0,0,0,0,0,1009,0,0,0,0,2,0
15145,0,2,2,0,0,0,0,0,0,0,0,0
15146,0,0,0,0,0,0,1,4,0,0,0,0
15147,0,60,0,0,0,0,0,0,0,0,0,0
15148,0,0,0,0,0,0,0,0,0,1,1,0
15149,10,2,0,0,0,0,0,0,0,0,0,0
15150,0,0,0,0,0,0,59,49,3,0,0,0
15151,0,0,0,0,5,0,0,0,0,0,0,0
15152,0,0,0,0,0,0,0,0,0,0,0,0
15153,0,0,0,0,0,65,0,0,0,0,0,0
15154,0,0,0,0,0,0,0,0,0,0,240,1
15155,0,0,0,0,0,0,0,0,0,0,0,0
15156,0,0,0,1,1,411,0,0,0,0,4,0
15157,0,0,0,0,0,0,0,0,0,102,1,0
15158,0,2,0,0,0,0,0,0,0,0,0,0
15159,0,25,0,0,0,0,0,0,0,0,0,0
15160,1,0,13,0,0,0,0,0,0,0,0,0
15161,0,11,0,0,0,0,0,0,0,0,0,0
15162,4,118,3,0,0,0,0,0,0,0,0,0
15163,0,0,0,5,0,130,0,0,0,0,0,0
15164,0,0,0,0,0,1,0,0,0,0,0,0
15165,0,400,0,0,0,0,0,0,0,0,0,0
15166,0,0,0,0,0,54,0,0,0,0,1,0
15167,0,0,0,1,1,2,0,0,0,0,0,0
15168,0,1,0,0,0,0,234,2,0,0,0,0
15169,0,3,0,0,0,0,0,0,0,0,0,0
15170,1,5,0,0,0,0,0,0,0,0,0,0
15171,2,224,0,0,0,0,0,0,0,0,0,0
15172,0,0,0,7,48,4,0,0,0,0,0,0
15173,0,0,0,0,0,0,0,0,0,4,15,0
15174,51,104,5,0,0,0,0,0,0,0,0,0
15175,1,73,9,0,0,0,0,0,0,0,0,0
15176,0,0,0,1,0,12,0,0,0,0,0,0
15177,0,60,5,0,0,0,0,0,0,0,0,0
15178,0,0,0,0,1,0,2,34,0,0,0,0
15179,0,0,0,0,0,0,0,0,0,0,3,0
15180,0,0,0,0,0,0,0,0,0,32,439,12
15181,0,25,0,0,12,0,630,426,0,0,0,0
15182,0,0,0,0,0,1,0,0,0,2,247,1
15183,0,0,0,0,0,1,0,0,0,167,212,0
15184,0,5,0,0,0,0,0,0,0,0,0,0
15185,0,0,0,0,0,3,0,0,0,20,182,0
15186,0,0,0,3,5,42,0,0,0,0,1,0
15187,1,388,3,0,0,0,51,0,0,0,0,0
15188,0,1,0,0,0,0,41,7,5,0,0,0
15189,1,132,11,0,0,0,7,0,0,0,0,0
15190,0,1,0,0,0,0,78,2,1,0,0,0
15191,0,0,0,0,0,0,28,8,0,0,0,0
15192,29,4474,46,0,0,0,2,1,0,0,0,0
15193,0,0,0,0,0,0,173,268,0,0,0,0
15194,0,0,0,0,0,9,0,0,0,3,1571,2
15195,0,0,0,6,1,289,0,0,0,0,0,0
15196,0,84,1,0,0,0,0,0,0,0,0,0
15197,0,0,0,0,0,0,0,0,0,1,159,1
15198,0,0,0,10,4,65,0,0,0,0,0,0
15199,0,0,0,0,0,0,70,214,1,0,0,0
15200,0,0,0,0,0,1,0,0,0,0,0,0
15201,49,142,5,0,0,0,0,0,0,0,0,0
15202,0,0,0,0,1,0,7,628,3,0,0,0
15203,0,0,0,1,0,6,0,0,0,0,0,0
15204,11,151,0,0,0,0,1,0,0,0,0,0
15205,2,29,2,0,0,0,0,0,0,0,0,0
15206,0,0,0,0,0,1,0,0,0,0,0,0
15207,0,0,0,124,1,84,0,0,0,0,0,0
15208,0,0,0,0,3,0,1,4,0,0,0,0
15209,0,0,0,0,0,0,0,2,2,0,0,0
15210,26,52,45,0,0,0,0,0,0,0,0,0
15211,0,45,0,0,0,0,0,0,0,0,0,0
15212,0,0,0,0,0,0,0,0,0,1,584,0
15213,110,180,11,0,0,0,0,0,0,0,0,0
15214,1,37,0,0,0,0,0,0,0,0,0,0
15215,0,0,0,0,0,0,5,0,2,0,0,0
15216,0,0,0,0,0,0,0,0,0,5,1081,0
15217,0,1,0,0,0,0,0,0,0,0,0,0
15218,3,5,0,0,0,0,0,0,0,0,0,0
15219,1,297,0,0,0,0,1,0,0,0,0,0
15220,0,0,0,0,3,13,0,0,0,0,0,0
15221,0,0,0,0,113,0,0,18,0,0,0,0
15222,0,0,0,0,0,5,0,0,0,5,1671,1
15223,0,0,0,0,0,6,0,0,0,0,0,0
15224,1,11,0,0,0,0,0,0,0,0,0,0
15225,0,0,0,1,0,394,0,0,0,0,1,0
15226,0,0,0,0,0,0,103,51,0,0,0,0
15227,0,0,0,0,0,0,17,4,0,0,0,0
15228,0,0,0,14,0,37,0,0,0,0,0,0
15229,0,1,0,0,1,0,147,13,0,0,0,0
15230,0,0,0,0,0,0,3,5,1,0,0,0
15231,0,0,0,0,3,93,0,0,0,0,1,0
15232,0,0,0,0,2,1,0,0,0,0,0,0
15233,0,0,0,0,0,0,1,6,0,0,0,0
15234,0,0,0,0,0,0,0,8,2,0,0,0
15235,0,0,0,0,0,2,0,0,0,19,122,0
15236,2,1,0,0,0,0,0,0,0,0,0,0
15237,0,0,0,0,0,69,0,0,0,64,12358,2
15238,6,51,24,0,0,0,6,0,0,0,0,0
15239,1,33,3,0,0,0,0,0,0,0,0,0
15240,0,0,0,3,0,860,0,0,0,38,287365,0
15241,5,14,3,0,0,0,1,0,0,0,0,0
15242,0,0,0,12,0,13,0,0,0,0,0,0
15243,0,0,0,1,20,0,189,4224,12,0,0,0
15244,0,0,0,2,1,20,0,0,0,0,0,0
15245,0,0,0,0,0,0,0,0,0,0,0,0
15246,4,56,0,0,0,0,1,0,0,0,0,0
15247,0,33,52,0,0,0,0,0,0,0,0,0
15248,0,72,4,0,0,0,0,0,0,0,0,0
15249,4,62,5,0,0,0,0,0,0,0,0,0
15250,0,104,1,0,0,0,0,0,0,0,0,0
15251,0,0,0,0,0,2,0,0,0,49,1107,24
15252,0,0,0,7,7,256,0,0,0,0,3,0
15253,0,16,0,0,0,0,1360,106,18,0,0,0
15254,0,0,0,0,575,95,0,0,0,0,0,0
15255,0,0,0,0,7,82,0,0,0,0,0,0
15256,0,0,0,0,0,15,0,0,0,0,0,0
15257,7,561,0,0,0,0,0,0,0,0,0,0
15258,0,0,0,0,0,409,0,0,0,0,0,0
15259,7,93,2,0,0,0,0,0,0,0,0,0
15260,0,0,0,0,0,0,181,482,1,0,0,0
15261,1,0,0,126,3,125,0,0,0,0,1,0
15262,0,0,0,0,0,0,48,48,1,0,0,0
15263,0,132,10,0,0,0,0,0,0,0,0,0
15264,0,0,0,2,0,8902,0,0,0,0,8,0
15265,0,1,0,0,0,0,222,5,2,0,0,0
15266,0,0,0,0,0,2,0,0,0,0,0,0
15267,144,195,4,0,0,0,0,0,0,0,0,0
15268,0,0,0,0,0,0,28,0,5,0,0,0
15269,13,75,132,0,0,0,1,0,0,25,0,0
15270,3,38,25,0,0,0,0,0,0,0,0,0
15271,1,25,9,0,0,0,0,0,0,0,0,0
15272,1,57,1,0,0,0,0,0,0,0,0,0
15273,0,0,0,0,0,2,0,0,0,21,1811,2
15274,0,0,0,0,0,0,0,0,0,1,135,0
15275,0,0,0,0,0,0,0,0,0,2,0,0
15276,452,0,0,1847,43,163,0,0,0,0,0,0
15277,0,0,0,0,0,64,0,0,0,7,14145,9
15278,2,216,1,0,0,0,1,0,0,0,0,0
15279,0,0,0,0,1,1394,0,0,0,138,315541,1
15280,0,0,0,0,0,5,0,0,0,129,1151,5
15281,0,0,0,0,0,2,0,0,0,0,0,0
15282,0,0,0,2,1,55,0,0,0,0,0,0
15283,1,96,0,0,0,0,0,0,0,0,0,0
15284,0,0,0,1,1,17,0,0,0,0,0,0
15285,0,0,0,0,0,0,33,895,15,0,0,0
15286,0,0,0,0,0,0,3,1,0,0,0,0
15287,0,0,0,0,0,0,1,3,0,0,0,0
15288,0,0,0,4,0,38,0,0,0,0,0,0
15289,0,0,0,0,1,0,0,0,0,0,0,0
15290,0,0,0,0,0,0,0,1,0,0,0,0
15291,0,0,0,0,0,0,0,1,0,0,0,0
15292,0,0,0,0,0,0,1,3,1,0,0,0
15293,0,0,0,0,0,0,0,0,0,0,0,0
15294,0,0,0,0,0,179,0,0,0,0,0,0
15295,0,0,0,0,0,1,0,0,0,0,0,0
15296,4,5,0,0,0,0,0,0,0,0,0,0
15297,0,0,0,0,0,563,0,0,0,0,1,0
15298,0,0,0,0,0,0,0,0,0,1,5,1
15299,0,0,0,0,0,0,0,0,0,1,2,0
15300,0,0,0,16,0,38,0,0,0,0,0,0
15301,0,1,0,0,0,0,0,0,0,0,0,0
15302,1,1,2,0,0,0,0,0,0,0,0,0
15303,1,75,0,0,0,0,0,0,0,0,0,0
15304,0,0,0,1,0,1,0,0,0,0,0,0
15305,0,0,0,0,0,0,0,1,0,0,0,0
15306,0,0,0,1,0,104,0,0,0,0,0,0
15307,0,0,0,0,0,0,0,2,0,0,0,0
15308,0,0,0,0,0,0,0,0,0,0,0,0
15309,0,0,0,0,0,178,0,0,0,0,0,0
15310,0,0,1,0,0,0,0,0,0,0,0,0
15311,0,0,0,0,0,0,0,0,0,0,0,0
15312,0,106,0,0,0,0,0,0,0,0,0,0
15313,0,0,0,0,0,0,140,40,0,0,0,0
15314,0,0,0,0,0,0,0,0,0,1,29,0
15315,0,0,0,0,0,0,0,0,0,431,1383,3
15316,0,3,45,0,0,0,0,0,0,0,0,0
15317,0,0,0,0,2,1,0,0,0,0,0,0
15318,0,0,0,0,1,0,5,98,1,0,0,0
15319,0,0,0,0,0,0,0,0,0,1,26,0
15320,0,0,0,0,0,0,0,0,0,1,6,0
15321,0,0,0,5,5,581,0,0,0,0,0,0
15322,1,1,1,0,0,0,0,0,0,0,0,0
15323,1,2,0,0,0,0,0,0,0,0,0,0
15324,0,0,0,0,0,61,0,0,0,0,6688,0
15325,2,46,8,0,0,0,0,0,0,0,0,0
15326,0,0,0,0,1,162,0,0,0,0,2,0
15327,0,0,0,0,29,0,32,2365,1,0,0,0
15328,0,0,0,0,0,0,0,0,0,261,451,1
15329,0,0,0,4,0,2,0,0,0,0,0,0
15330,0,0,0,9,1,28,0,0,0,0,0,0
15331,0,0,0,0,0,0,0,0,0,0,0,0
15332,0,0,0,0,0,0,0,1,1,0,0,0
15333,0,260,1,0,0,0,0,0,0,0,0,0
15334,0,129,27,0,0,0,0,0,0,0,0,0
15335,0,0,0,0,0,34,0,0,0,0,0,0
15336,0,0,0,0,1,104,0,0,0,0,0,0
15337,0,129,1,0,0,0,0,0,0,0,0,0
15338,0,0,0,1,0,570,0,0,0,0,1,0
15339,0,0,0,0,0,0,22,29,0,0,0,0
15340,0,0,0,0,0,0,9,2,0,0,0,0
15341,0,0,0,0,0,0,0,0,0,5,23,0
15342,0,0,1,0,0,17,0,0,0,189,1534,4
15343,0,0,0,1,1,1,0,0,0,0,0,0
15344,0,0,0,0,0,0,0,0,0,0,2,0
15345,7,16,12,0,0,0,0,0,0,0,0,0
15346,0,0,0,0,0,48,0,0,0,211,3392,4
15347,0,0,0,2,3,0,0,0,0,0,0,0
15348,0,0,0,44,2,72,0,0,0,0,3,0
15349,0,0,0,0,0,0,277,21,3,0,0,0
15350,0,0,0,0,2,42,0,0,0,0,0,0
15351,1,0,0,17,70,176,0,0,0,0,0,0
15352,0,0,0,0,0,6,0,0,0,0,2290,0
15353,0,0,0,0,0,1,0,0,0,0,0,0
15354,0,0,0,181,32,105,0,0,0,0,0,0
15355,0,0,0,0,0,0,8,67,0,0,0,0
15356,0,0,0,0,0,0,0,0,0,0,212,2
15357,0,0,0,14,36,95,0,0,0,0,0,0
15358,0,0,0,0,0,0,0,0,0,4,19,1
15359,0,0,0,0,0,0,27,2,0,0,0,0
15360,0,0,0,0,0,1,0,0,0,11,578,0
15361,0,2,3,0,0,0,0,0,0,0,0,0
15362,0,28,1,0,0,0,0,0,0,0,0,0
15363,0,92,5,0,0,0,0,0,0,0,0,0
15364,0,0,0,0,0,0,0,0,0,0,3,0
15365,0,0,0,0,0,0,0,0,0,0,0,0
15366,0,0,0,0,2,619,0,0,0,0,2,0
15367,1,64,0,0,0,0,1,0,0,0,0,0
15368,0,0,0,0,0,6,0,0,0,17,1073,0
15369,11,36,2,0,0,0,0,0,0,0,0,0
15370,0,25,1,0,0,0,0,0,0,0,0,0
15371,0,0,0,0,0,0,0,0,0,16,1680,0
15372,0,0,0,0,6,0,460,2878,179,0,0,1
15373,0,0,0,0,1,1,0,0,0,0,0,0
15374,0,0,0,0,0,0,0,1,0,0,0,0
15375,0,0,0,0,0,38,0,0,0,0,0,0
15376,0,0,0,1,0,0,0,0,0,0,0,0
15377,0,0,0,0,0,0,0,1,1,0,0,0
15378,0,0,0,0,0,73,0,0,0,0,0,0
15379,4,168,1,0,0,0,0,0,0,0,0,0
15380,0,0,0,0,7,0,77,2482,5,0,0,0
15381,0,0,0,0,0,1,0,0,0,20,375,0
15382,0,0,0,1,44,21,0,0,0,0,0,0
15383,0,0,0,0,5,28,0,0,0,0,0,0
15384,0,1,0,0,1,0,320,179,0,0,0,0
15385,0,0,0,2,70,92,0,0,0,0,0,0
15386,0,0,0,0,0,2,0,0,0,0,178,0
15387,15,30,10,0,0,0,0,0,0,0,0,0
15388,0,0,0,0,0,0,0,0,0,19,41,0
15389,0,1,0,0,0,0,0,0,0,0,0,0
15390,0,0,0,0,0,1,0,0,0,33,126,1
15391,0,0,0,0,0,0,0,0,0,5,251,0
15392,0,0,0,0,0,0,5,31,0,0,0,0
15393,0,0,0,1,3,183,0,0,0,0,1,0
15394,0,0,0,1,0,32,0,0,0,0,0,0
15395,0,0,0,1,0,0,0,0,0,0,0,0
15396,0,0,0,0,0,1,0,0,0,6,407,0
15397,0,0,0,0,0,32,0,0,0,0,0,0
15398,15,0,1,0,0,0,0,0,0,0,0,0
15399,0,0,0,0,0,609,0,0,0,0,2,0
15400,0,0,1,0,0,0,0,0,0,0,0,0
15401,0,0,0,0,0,0,5,3,5,0,0,0
15402,0,197,0,0,0,0,29,0,0,0,0,0
15403,0,0,0,4,1,155,0,0,0,0,0,0
15404,0,0,0,0,0,0,0,0,0,0,0,0
15405,2,59,1,0,0,0,0,0,0,0,0,0
15406,0,0,0,0,4,0,53,2937,0,0,0,0
15407,0,0,0,0,0,2,0,0,0,1,1104,1
15408,0,0,0,1,1,67,0,0,0,0,1,0
15409,1,1,0,0,0,0,0,0,0,0,0,0
15410,0,0,3,0,0,0,0,0,0,0,0,0
15411,0,0,0,0,0,160,0,0,0,0,0,0
15412,0,0,0,0,0,0,0,1,1,0,0,0
15413,0,2,0,0,0,0,0,0,0,0,0,0
15414,0,0,0,0,0,0,53,9,1,0,0,0
15415,0,0,0,6,0,0,0,0,0,0,0,0
15416,0,0,0,0,0,0,0,1,0,0,0,0
15417,0,0,0,0,0,77,0,0,0,0,0,0
15418,0,0,0,0,0,0,1,156,0,0,0,0
15419,0,0,0,0,0,0,0,0,0,7,19,1
15420,0,0,0,37,63,111,0,0,0,0,0,0
15421,0,0,0,0,0,0,0,0,0,1,2,0
15422,0,0,1,0,0,0,0,0,0,0,0,0
15423,0,98,0,0,0,0,0,0,0,0,0,0
15424,0,0,0,0,0,0,0,5,0,0,0,0
15425,0,0,0,0,0,2,0,0,0,0,0,0
15426,3,985,3,0,0,0,3,0,0,0,0,0
15427,0,0,0,0,0,168,0,0,0,0,2,0
15428,0,0,0,1,1,0,0,0,0,0,0,0
15429,0,2,0,0,0,0,87,0,4,0,0,0
15430,2,4,0,0,0,0,0,0,0,0,0,0
15431,0,0,0,0,0,0,4,1,1,0,0,0
15432,0,0,0,0,0,167,0,0,0,0,1,0
15433,0,0,0,0,0,0,0,1,0,0,0,0
15434,0,0,0,0,0,0,0,0,0,0,0,0
15435,0,0,0,0,0,0,0,0,0,0,0,0
15436,13,744,11,0,0,0,53,0,0,0,0,0
15437,0,0,0,1,0,211,0,0,0,0,1,0
15438,0,0,0,0,1,0,173,1037,42,0,0,0
15439,0,11,0,0,0,0,900,0,3,0,0,0
15440,0,0,0,1,1,19,0,0,0,0,0,0
15441,0,0,0,0,0,1,0,0,0,2,347,0
15442,21,1,6,0,0,0,0,0,0,0,0,0
15443,0,0,0,0,1,2,0,0,0,0,0,0
15444,0,0,0,0,2,0,50,592,18,0,0,0
15445,0,0,0,2,1,1,0,0,0,0,0,0
15446,0,0,0,0,0,0,1,2,2,0,0,0
15447,0,0,0,1,0,60,0,0,0,0,0,0
15448,0,0,0,0,0,0,47,181,2,0,0,0
15449,0,0,0,0,0,0,1,33,6,0,0,0
15450,0,0,0,0,0,4,0,0,0,15,1447,2
15451,195,9313,2,0,0,0,1452390,49,1,0,0,0
15452,0,0,0,0,2,0,103,870,29,0,0,0
15453,0,0,0,0,0,199,0,0,0,0,0,0
15454,0,0,0,1,12,3,0,0,0,0,0,0
15455,0,0,0,0,0,0,0,0,0,0,31,0
15456,14,89,158,0,0,0,0,0,0,2,1,0
15457,0,0,0,0,0,3,0,0,0,35,371,0
15458,0,0,0,0,0,5,0,0,0,0,0,0
15459,3,103,0,0,0,0,1,0,0,0,0,0
15460,0,0,0,0,1,17,0,0,0,0,0,0
15461,8,1,0,0,0,0,0,0,0,0,0,0
15462,0,0,0,0,0,109,0,0,0,0,0,0
15463,0,0,0,0,0,0,207,193,3,0,0,0
15464,0,0,0,0,0,5,0,0,0,0,0,0
15465,0,0,0,4,2,58,0,0,0,0,0,0
15466,1,0,2,0,0,0,0,0,0,0,0,0
15467,0,1,0,0,0,0,0,0,0,0,0,0
15468,0,60,0,0,0,0,0,0,0,0,0,0
15469,0,0,0,0,0,0,0,0,0,0,17,1
15470,0,0,0,0,0,0,0,0,0,0,22,0
15471,41,67,13,0,0,0,0,0,0,0,0,0
15472,0,0,0,0,0,0,0,5,4,0,0,0
15473,0,0,0,0,0,0,1,2,0,0,0,0
15474,0,0,0,0,1,102,0,0,0,0,1,0
15475,0,0,0,0,0,0,1,0,0,0,0,0
15476,0,0,0,0,0,0,0,2,2,0,0,0
15477,453,149,66,0,0,0,2,0,0,0,0,0
15478,0,0,1,0,0,0,0,0,0,0,0,0
15479,0,0,0,0,0,2,0,0,0,0,15,0
15480,0,0,1,0,0,3,0,0,0,185,2583,2
15481,0,0,0,0,0,5,0,0,0,0,0,0
15482,0,0,0,0,0,0,0,0,0,1,0,0
15483,48,289,22,0,0,0,0,1,0,0,0,0
15484,0,0,0,0,0,1,0,0,0,0,0,0
15485,0,0,0,0,0,0,0,0,0,1,9,1
15486,88,196,6,0,0,0,2,0,0,0,0,0
15487,0,0,0,0,0,0,3,8,0,0,0,0
15488,0,0,0,0,0,0,0,7,2,0,0,0
15489,21,687,20,0,0,0,14,0,0,0,0,0
15490,0,0,0,0,0,0,2,4,3,0,0,0
15491,0,0,0,0,0,0,0,0,0,0,0,0
15492,0,0,0,0,1,182,0,0,0,0,5,0
15493,0,0,0,0,0,0,2,60,8,0,0,0
15494,0,0,0,0,0,0,0,0,0,0,3,26
15495,0,0,0,0,0,0,0,0,0,31,286,5
15496,0,2,1,0,0,0,0,0,0,0,0,0
15497,0,0,0,0,0,0,0,0,0,0,0,0
15498,23,47,7,0,0,0,0,0,0,0,0,0
15499,1,0,0,0,0,0,0,0,0,0,0,0
15500,0,0,0,0,0,0,0,0,0,0,0,1
15501,0,0,0,18,5,118,0,0,0,0,1,0
15502,0,0,0,0,0,0,2,7,4,0,0,0
15503,0,0,0,0,0,0,0,0,0,1,1,2
15504,0,0,0,8,7,18,0,0,0,0,0,0
15505,0,0,0,0,0,3,0,0,0,0,0,0
15506,0,0,0,0,0,0,0,0,0,0,0,0
15507,0,0,0,0,0,79,0,0,0,0,0,0
15508,0,0,0,0,0,0,1,8,8,0,0,0
15509,0,0,0,0,0,0,0,0,0,0,4,4
15510,0,0,0,4,5,517,0,0,0,0,2,0
15511,0,0,0,0,0,0,0,0,0,0,0,0
15512,0,1,0,0,0,0,0,0,0,0,0,0
15513,0,0,0,0,0,23,0,0,0,0,1,0
15514,0,7,0,0,0,0,0,0,0,0,0,0
15515,0,0,0,0,0,0,1,0,0,0,0,0
15516,0,0,0,0,1,37,0,0,0,0,0,0
15517,0,1,0,0,0,0,89,3,0,0,0,0
15518,0,0,0,0,6,18,0,0,0,0,0,0
15519,0,0,0,3,3,98,0,0,0,0,1,0
15520,0,0,0,0,0,0,0,0,0,0,0,0
15521,0,0,0,0,0,0,0,0,0,0,0,0
15522,0,0,0,0,0,113,0,0,0,0,0,0
15523,0,3,0,0,0,0,0,0,0,0,0,0
15524,0,0,0,0,0,0,0,0,0,0,0,0
15525,0,0,0,0,0,4,0,0,0,0,184,0
15526,1,59,1,0,0,0,0,0,0,0,0,0
15527,0,0,0,1,0,20,0,0,0,0,0,0
15528,0,0,0,5,3,75,0,0,0,0,0,0
15529,0,0,0,4,1,5,0,0,0,0,0,0
15530,0,0,0,0,1,0,47,1076,6,0,0,0
15531,0,0,0,0,0,112,0,0,0,0,1,0
15532,0,0,0,0,0,0,0,0,0,3,2,0
15533,0,0,0,0,0,0,0,0,0,0,0,0
15534,2,95,0,0,0,0,4,0,0,0,0,0
15535,0,0,0,0,7,0,81,874,4,0,0,0
15536,0,0,0,0,0,0,0,0,0,0,17,3
15537,0,0,0,31,29,175,0,0,0,0,0,0
15538,0,0,0,0,0,0,313,3,7,0,0,0
15539,0,0,0,0,0,520,0,0,0,0,0,0
15540,0,0,1,0,0,24,0,0,0,142,4747,3
15541,2,23,0,0,0,0,0,0,0,0,0,0
15542,0,0,0,0,0,0,0,0,0,1,30,1
15543,0,7,0,0,32,0,494,2790,3,0,0,0
15544,0,0,0,0,6,0,5,345,0,0,0,0
15545,0,0,0,0,0,0,0,0,0,1,2,0
15546,0,0,2,0,0,18,0,0,0,81,706,0
15547,0,3,0,0,0,0,0,0,0,0,0,0
15548,0,44,2,0,0,0,1,0,0,0,0,0
15549,0,0,0,0,3,128,0,0,0,0,1,0
15550,0,0,0,0,0,0,153,8,4,0,0,0
15551,0,0,0,1,1,92,0,0,0,0,0,0
15552,4,0,0,73,0,28,0,0,0,0,0,0
15553,0,148,0,0,0,0,0,0,0,0,0,0
15554,36,52,3,0,0,0,0,0,0,0,0,0
15555,0,0,0,1,3,129,0,0,0,0,2,0
15556,0,0,0,0,0,0,80,100,1,0,0,0
15557,0,0,0,0,0,6,0,0,0,0,80,0
15558,1,28,4,0,0,0,0,0,0,0,0,0
15559,0,0,0,0,0,0,0,0,0,50,41,1
15560,0,0,0,0,0,3,0,0,0,0,0,0
15561,0,0,0,2,4,51,0,0,0,0,0,0
15562,0,0,0,1,1,33,0,0,0,0,0,0
15563,0,0,0,0,0,22,0,0,0,0,0,0
15564,2,190,0,0,0,0,0,0,0,0,0,0
15565,0,0,0,0,37,2,0,0,0,0,0,0
15566,0,0,0,0,0,0,0,0,0,1,9,1
15567,0,0,0,1,2,120,0,0,0,0,0,0
15568,1,17,1,0,0,0,0,0,0,0,0,0
15569,0,0,0,0,2,0,0,0,0,69,5548,3
15570,0,0,0,14,2,94,0,0,0,0,0,0
15571,0,1,0,0,0,0,76,35,0,0,0,0
15572,1,102,8,0,0,0,0,0,0,0,0,0
15573,0,0,0,0,1,402,0,0,0,0,2,0
15574,0,0,0,0,0,0,1,6,0,0,0,0
15575,0,0,0,0,0,0,2,74,4,0,0,0
15576,0,0,0,0,0,319,0,0,0,0,1,0
15577,0,2,0,0,0,0,0,0,0,0,0,0
15578,0,1,1,0,0,0,0,0,0,0,0,0
15579,0,0,0,0,0,5,0,0,0,26,3770,0
15580,0,11,1,0,0,0,0,0,0,0,0,0
15581,0,29,0,0,0,0,0,0,0,0,0,0
15582,8,76,8,0,0,0,0,0,0,0,0,0
15583,1,121,23,0,0,0,1,0,0,0,0,0
15584,0,0,0,7,7,59,0,0,0,0,0,0
15585,0,0,0,46,23,113,0,0,0,0,0,0
15586,0,1,0,0,0,0,116,35,2,0,0,0
15587,0,0,0,0,0,2,0,0,0,6,165,0
15588,0,0,0,0,0,4,0,0,0,268,773,3
15589,0,1,0,0,0,0,419,72,0,0,0,0
15590,4,34,52,0,0,0,0,0,0,0,0,0
15591,0,0,0,1,2,388,0,0,0,0,0,0
15592,1,5,5,0,0,0,0,0,0,0,0,0
15593,9,85,12,0,0,0,0,0,0,0,0,0
15594,0,0,0,0,3,0,57,1034,26,0,0,0
15595,0,0,0,0,0,53,0,0,0,0,0,0
15596,275,2642,2,5,0,0,0,0,0,0,0,0
15597,0,0,0,0,0,1543,0,0,0,0,1,0
15598,0,22,0,0,1,0,3923,505,2,0,0,0
15599,0,0,0,0,32,164,0,0,0,0,1,0
15600,0,0,0,0,0,5,0,0,0,37,576,1
15601,0,0,0,0,0,1,0,0,0,16,271,33
15602,0,0,0,0,0,0,198,34,2,0,0,0
15603,0,0,0,0,0,1,0,0,0,3,751,1
15604,19,122,7,0,0,0,4,0,0,0,0,0
15605,1,33,39,0,0,0,0,0,0,0,0,0
15606,0,0,0,1,35,173,0,1,0,0,1,0
15607,0,0,0,1,1,15,0,0,0,0,0,0
15608,0,0,0,0,0,5,0,0,0,0,0,0
15609,5,109,3,0,0,0,1,0,0,0,0,0
15610,0,0,0,0,0,0,0,0,0,3,1,1
15611,65,4,1,0,0,0,0,0,0,0,0,0
15612,0,48,3,0,0,0,0,0,0,0,0,0
15613,0,0,0,0,0,1,0,0,0,9,571,0
15614,0,48,0,0,0,0,1,0,0,0,0,0
15615,0,0,0,0,0,1,0,0,0,3,479,0
15616,0,14,20,0,0,0,1,0,0,0,0,0
15617,0,1,0,0,0,0,95,5,1,0,0,0
15618,0,378,16,0,0,0,2,0,0,0,0,0
15619,0,0,0,0,0,0,0,0,0,30,6,2
15620,0,0,0,0,0,2,0,0,0,0,0,0
15621,0,0,0,38,9,39,0,0,0,0,0,0
15622,0,0,0,0,0,0,0,0,0,0,0,0
15623,1,0,0,0,0,0,0,0,0,0,0,0
15624,0,0,0,0,0,264,0,0,0,0,1,0
15625,0,0,0,0,0,0,5,3,0,0,0,0
15626,10,131,145,0,0,0,0,0,0,0,0,0
15627,0,5,0,0,1,0,54,351,2,0,0,0
15628,0,0,0,4,1,6227,0,0,0,0,34,0
15629,0,0,0,0,3,0,155,884,1,0,0,0
15630,0,0,0,0,3,41,0,0,0,0,0,0
15631,0,0,0,0,0,0,0,0,0,27,17,2
15632,0,0,0,2,1,2,0,0,0,0,0,0
15633,0,0,0,0,0,2,0,0,0,42,193,0
15634,0,0,0,0,0,0,0,0,0,0,0,0
15635,2,0,0,0,0,0,0,0,0,0,0,0
15636,0,0,0,0,0,115,0,0,0,0,0,0
15637,0,0,14,0,0,0,0,0,0,0,0,0
15638,0,0,0,0,0,0,9,4,1,0,0,0
15639,0,45,0,0,0,0,0,0,0,0,0,0
15640,33,139,4,0,0,0,0,0,0,0,0,0
15641,2,186,36,0,0,0,1,0,0,0,0,0
15642,0,0,0,1,1,514,0,0,0,0,1,0
15643,0,36,0,0,0,0,0,0,0,0,0,0
15644,0,0,0,0,0,0,2,11,1,0,0,0
15645,5,68,13,0,0,0,1,0,0,0,0,0
15646,0,1,0,0,0,0,154,75,0,0,0,0
15647,1,204,58,0,0,0,0,0,0,0,0,0
15648,0,0,0,6,16,80,0,0,0,0,0,0
15649,0,1,0,0,0,0,221,68,0,0,0,0
15650,0,0,0,0,3,110,0,0,0,0,0,0
15651,0,0,0,12,3,87,0,0,0,0,0,0
15652,0,0,0,0,8,0,57,1698,4,0,0,0
15653,1,34,11,0,0,0,0,0,0,0,0,0
15654,0,0,0,0,0,19,0,0,0,22,7197,1
15655,1,49,9,0,0,0,0,0,0,0,0,0
15656,0,0,0,0,0,5,0,0,0,8,3301,2
15657,6,220,9,0,0,0,0,0,0,0,0,0
15658,0,0,0,0,0,0,153,47,1,0,0,0
15659,0,69,44,0,0,0,0,0,0,0,0,0
15660,0,0,0,0,0,1,0,0,0,48,505,0
15661,0,0,0,3,25,68,0,0,0,0,1,0
15662,0,0,0,0,3,10,0,0,0,0,0,0
15663,0,0,0,38,9,69,0,0,0,0,0,0
15664,0,0,0,0,0,0,30,181,1,0,0,0
15665,0,0,0,1,8,66,0,0,0,0,0,0
15666,0,0,0,0,0,0,43,91,4,0,0,0
15667,15,108,882,0,0,0,0,0,0,5,0,0
15668,122,169,105,0,0,0,0,0,0,0,0,0
15669,0,0,0,28,4,247,0,0,0,0,0,0
15670,0,0,0,0,0,0,11,1,5,0,0,0
15671,15,93,28,0,0,0,0,0,0,0,0,0
15672,0,0,0,0,20,0,158,3017,29,0,0,0
15673,0,0,0,1,21,22,0,0,0,0,0,0
15674,0,0,0,0,0,0,0,0,0,0,0,0
15675,0,0,0,2,3,30,0,0,0,0,0,0
15676,0,0,0,2,1,96,0,0,0,0,0,0
15677,0,1349,0,0,0,0,1,0,0,0,0,0
15678,0,0,0,0,0,0,0,0,0,0,196,0
15679,0,0,0,0,0,0,113,33,0,0,0,0
15680,0,0,0,0,0,0,0,0,0,2,48,0
15681,11,115,4,0,0,0,0,0,0,0,0,0
15682,0,0,0,2,0,73,0,0,0,0,0,0
15683,68,1,0,0,0,0,0,0,0,0,0,0
15684,0,0,0,0,0,336,0,0,0,0,0,0
15685,0,0,0,79,0,33,0,0,0,0,0,0
15686,0,0,0,0,0,0,0,0,0,0,0,0
15687,0,0,0,0,0,0,129,1,0,0,0,0
15688,0,0,0,0,0,0,0,0,0,77,151,0
15689,0,1,0,0,0,0,262,47,0,0,0,0
15690,0,0,0,2,0,43,0,0,0,0,0,0
15691,0,0,0,0,0,0,0,0,0,0,0,0
15692,0,46,0,0,0,0,0,0,0,0,0,0
15693,0,36,0,0,0,0,0,0,0,0,0,0
15694,0,0,0,0,0,0,0,0,0,5,3,0
15695,1,0,0,0,0,0,0,0,0,0,0,0
15696,0,0,0,0,13,303,0,0,0,0,0,0
15697,0,0,0,0,0,2,0,0,0,0,0,0
15698,0,0,0,1,0,2,0,0,0,0,0,0
15699,0,0,0,0,0,1,0,0,0,1,487,0
15700,0,0,0,1,23,4,0,0,0,0,0,0
15701,0,0,0,0,0,0,0,0,0,0,20,0
15702,27,83,492,0,0,0,0,0,0,0,0,0
15703,6,0,32,0,0,0,0,0,0,0,0,0
15704,0,0,0,0,0,1,0,0,0,0,0,0
15705,0,0,0,0,0,0,9,123,0,0,0,0
15706,1,68,36,0,0,0,0,0,0,0,0,0
15707,0,0,0,0,0,14,0,0,0,0,0,0
15708,0,0,0,0,15,0,27,1434,34,0,0,0
15709,1,53,1,0,0,0,0,0,0,0,0,0
15710,0,0,0,0,0,28,0,0,0,0,0,0
15711,3,15,6,0,0,0,0,0,0,0,0,0
15712,0,0,0,0,0,0,0,0,0,35,23,8
15713,0,0,0,0,0,3,0,0,0,0,0,0
15714,0,0,0,0,0,84,0,0,0,53,2955,4
15715,0,0,0,1,0,1,0,0,0,0,0,0
15716,0,0,0,0,0,0,0,0,0,0,3,0
15717,0,0,0,101,8,75,0,0,0,0,0,0
15718,0,0,0,0,0,0,0,1,0,0,0,0
15719,1,0,0,0,0,0,0,0,0,0,0,0
15720,0,0,0,0,0,164,0,0,0,1,42109,1
15721,0,0,0,0,0,0,0,1,1,0,0,0
15722,0,0,0,0,0,0,0,0,0,0,0,0
15723,0,0,0,0,0,174,0,0,0,0,0,0
15724,0,0,0,0,0,0,16,7,0,0,0,0
15725,0,0,0,0,0,0,0,0,0,0,1,0
15726,0,0,0,131,8,133,0,0,0,0,0,0
15727,0,0,0,0,0,0,77,66,131,0,0,0
15728,0,0,0,0,0,21,0,0,0,0,0,0
15729,0,0,0,10,4,51,0,0,0,0,0,0
15730,0,0,0,0,0,0,0,6,0,0,0,0
15731,0,0,0,0,2,2,0,0,0,0,0,0
15732,0,0,0,0,1,0,195,642,0,0,0,0
15733,0,0,0,0,6,1,0,0,0,0,0,0
15734,0,0,0,0,0,0,2,12,3,0,0,0
15735,0,0,0,0,0,269,0,0,0,0,1,0
15736,0,0,0,2,42,4,0,0,0,0,0,0
15737,0,0,0,2,5,19,0,0,0,0,1,0
15738,0,0,0,0,0,37,0,0,0,1,9496,0
15739,1,26,1,0,0,0,0,0,0,0,0,0
15740,0,3,0,0,0,0,0,0,0,0,0,0
15741,0,0,0,0,0,1419,0,0,0,0,0,0
15742,12,61,1,0,0,0,0,0,0,0,0,0
15743,0,0,0,0,0,0,158,46,1,0,0,0
15744,0,0,0,0,0,0,0,0,0,8,170,5
15745,1,27,0,0,0,0,0,0,0,0,0,0
15746,0,0,0,0,0,0,0,0,0,69,131,4
15747,0,0,0,6,11,43,0,0,0,0,0,0
15748,0,0,0,0,0,23,0,0,0,0,0,0
15749,0,14,0,0,0,0,0,0,0,0,0,0
15750,0,0,0,0,0,856,0,0,0,0,1,0
15751,0,0,0,0,0,0,17,35,0,0,0,0
15752,0,0,0,0,0,0,0,0,0,7,274,0
15753,12,899,23,0,0,0,2,0,0,0,0,0
15754,0,0,0,4,51,14,0,0,0,0,0,0
15755,0,0,0,0,0,0,0,0,0,77,1610,1
15756,0,0,0,8,90,184,0,0,0,0,0,0
15757,0,0,0,0,0,0,0,0,0,66,0,1
15758,38,118,1,0,0,0,0,0,0,0,0,0
15759,5,44,25,0,0,0,0,0,0,0,0,0
15760,0,0,0,0,1,0,255,801,1,0,0,0
15761,0,0,0,0,0,0,6,3,2,0,0,0
15762,0,0,0,1,22,67,0,0,0,0,0,0
15763,0,0,0,0,0,7,0,0,0,55,3314,15
15764,0,0,0,132,2,2,0,0,0,0,0,0
15765,21,107,7,0,0,0,0,0,0,0,0,0
15766,0,0,0,0,126,1,2,14006,3,0,0,0
15767,0,0,0,1,0,4,0,0,0,0,0,0
15768,0,1,0,0,0,0,408,427,1,0,0,0
15769,0,0,0,0,0,0,1,31,0,0,0,0
15770,0,0,0,0,0,0,0,0,0,0,1,0
15771,0,0,0,6,4,57,0,0,0,0,0,0
15772,6,84,0,0,0,0,0,0,0,0,0,0
15773,0,0,0,0,0,0,272,22,1,0,0,0
15774,0,0,0,0,0,0,0,0,0,1,598,0
15775,23,396,10,0,0,0,0,0,0,0,0,0
15776,0,0,0,0,1,28,0,0,0,0,0,0
15777,0,91,11,0,0,0,0,0,0,0,0,0
15778,0,18,0,0,0,0,0,0,0,0,0,0
15779,1,764,98,0,0,0,0,0,0,1,0,0
15780,0,0,0,0,0,0,149,166,1,0,0,0
15781,0,6,3,0,0,0,0,0,0,0,0,0
15782,0,66,2,0,0,0,0,0,0,0,0,0
15783,0,0,0,0,0,0,0,0,0,6,280,19
15784,0,0,0,0,69,20,0,1,0,0,0,0
15785,0,0,0,0,2,2,0,0,0,0,0,0
15786,0,0,0,0,0,642,0,0,0,0,0,0
15787,0,1,0,0,0,0,0,0,0,0,0,0
15788,0,8,0,0,0,0,0,0,0,0,0,0
15789,0,0,0,0,0,0,70,89,1,0,0,0
15790,0,0,0,2,5,2,0,0,0,0,0,0
15791,0,0,0,0,0,0,0,0,0,0,5,0
15792,53,255,38,0,0,0,1,0,0,0,0,0
15793,0,0,0,0,0,0,10,1,0,0,0,0
15794,0,0,0,0,0,19,0,0,0,0,0,0
15795,0,0,0,4,4,24,0,0,0,0,0,0
15796,0,0,0,0,0,0,0,0,0,76,3,1
15797,0,0,0,0,1,3,0,0,0,0,0,0
15798,0,0,0,0,1,32,0,0,0,0,0,0
15799,0,0,0,0,0,0,0,0,0,0,0,0
15800,2,0,1,0,0,0,0,0,0,0,0,0
15801,0,0,0,0,0,96,0,0,0,0,0,0
15802,0,0,0,0,0,0,0,0,0,0,0,0
15803,0,1,0,0,0,0,0,0,0,0,0,0
15804,0,0,0,0,0,276,0,0,0,0,0,0
15805,0,0,0,0,0,0,0,0,0,0,1,0
15806,2,0,0,0,0,0,0,0,0,0,0,0
15807,0,57,0,0,0,0,0,0,0,0,0,0
15808,0,0,0,0,0,0,0,0,0,0,0,0
15809,0,0,0,0,0,0,0,0,0,0,0,0
15810,0,0,0,0,0,30,0,0,0,0,11123,0
15811,0,0,0,0,0,0,0,0,0,0,0,0
15812,1,49,4,0,0,0,0,0,0,0,0,0
15813,0,0,0,0,0,182,0,0,0,0,0,0
15814,0,0,0,0,0,0,46,10,4,0,0,0
15815,0,0,0,1,1,12,0,0,0,0,0,0
15816,0,0,0,1,4,42,0,0,0,0,0,0
15817,0,0,0,0,0,2,0,0,0,0,0,0
15818,0,0,0,4,7,0,0,0,0,0,0,0
15819,0,0,0,1,0,74,0,0,0,0,0,0
15820,0,30,0,0,0,0,0,0,0,0,0,0
15821,0,0,0,0,0,9,0,0,0,0,0,0
15822,0,0,0,0,0,0,12,30,1,0,0,0
15823,0,0,0,1,6,7,0,0,0,0,0,0
15824,0,0,0,0,0,5,0,0,0,9,844,17
15825,0,0,0,40,26,104,0,0,0,0,0,0
15826,0,0,0,0,0,0,40,1,1,0,0,0
15827,10,49,22,0,0,0,0,0,0,0,0,0
15828,4,75,42,0,0,0,0,0,0,0,0,0
15829,0,0,0,0,0,0,100,45,0,0,0,0
15830,0,0,1,0,0,1,0,0,0,74,191,0
15831,218,29,6,0,0,0,0,0,0,0,0,0
15832,0,0,0,0,0,0,0,0,0,0,0,0
15833,0,1,3,0,0,0,0,0,0,0,0,0
15834,0,303,0,0,0,0,0,0,0,0,0,0
15835,0,0,0,2,1,2,0,0,0,0,0,0
15836,0,0,0,0,0,0,6,46,0,0,0,0
15837,0,0,0,0,0,77,0,0,0,0,0,0
15838,0,0,0,0,0,3,0,0,0,0,0,0
15839,0,0,0,0,0,0,0,4,0,0,0,0
15840,0,0,0,0,0,0,0,5,4,0,0,0
15841,6,95,0,0,0,0,0,0,0,0,0,0
15842,0,0,0,0,0,1,0,0,0,41,580,14
15843,1,0,0,99,36,259,0,0,0,0,0,0
15844,0,0,0,0,0,0,14,0,0,0,0,0
15845,2,9,6,0,0,0,0,0,0,0,0,0
15846,0,1,0,0,1,0,136,93,13,0,0,0
15847,14,222,21,0,0,0,2,0,0,0,0,0
15848,0,0,15,0,0,74,0,0,0,230,3412,4
15849,0,0,0,37,63,2424,0,1,0,0,14,0
15850,0,0,0,0,1,0,103,257,4,0,0,0
15851,1,131,22,0,0,0,1,0,0,0,0,0
15852,0,0,0,0,0,2,0,0,0,51,403,1
15853,0,0,0,0,0,0,0,0,0,90,140,2
15854,0,0,0,11,87,44,0,2,0,0,0,0
15855,0,0,0,6,0,147,0,0,0,0,0,0
15856,2,56,1,0,0,0,1,0,0,0,0,0
15857,0,0,2,0,0,29,0,0,3,122,3212,85
15858,0,0,0,10,2,107,0,0,0,0,0,0
15859,0,24,1,0,0,0,0,0,0,0,0,0
15860,1,66,17,0,0,0,0,0,0,0,0,0
15861,4,119,65,0,0,0,0,0,0,0,0,0
15862,0,0,0,0,0,0,0,2,18,0,0,0
15863,0,0,0,0,0,0,0,7,1,0,0,0
15864,1,31,1,0,0,0,0,0,0,0,0,0
15865,0,0,0,0,0,1,0,0,0,0,14,0
15866,0,0,0,0,0,0,0,0,0,1,1,2
15867,0,0,0,21,55,126,0,0,0,0,1,0
15868,0,0,0,0,0,3,0,0,0,5,119,12
15869,9,35,1,0,0,0,0,0,0,0,0,0
15870,0,0,0,4,5,450,0,0,0,0,1,0
15871,0,0,0,0,0,0,3,1,1,0,0,0
15872,0,3,0,0,0,0,0,0,0,0,0,0
15873,3,216,12,0,0,0,2,0,0,0,0,0
15874,0,0,0,1,0,1,0,0,0,0,0,0
15875,0,0,0,0,0,1,0,0,0,0,0,0
15876,0,0,0,0,0,49,0,0,0,0,0,0
15877,0,0,0,0,2,2,0,0,0,0,0,0
15878,0,0,0,0,0,0,2,3,1,0,0,0
15879,0,0,0,0,0,28,0,0,0,0,718,0
15880,0,0,0,0,4,2,0,0,0,0,0,0
15881,0,0,0,0,0,0,0,0,0,0,7,0
15882,0,0,0,8,4712,113,0,58,6,0,0,0
15883,0,0,0,0,0,0,0,0,0,6,1,0
15884,4,7,0,0,0,0,0,0,0,0,0,0
15885,0,121,2,0,0,0,0,0,0,0,0,0
15886,0,0,0,0,0,0,0,0,0,1,141,0
15887,11,12,7,0,0,0,0,0,0,0,0,0
15888,0,0,0,1,4,867,0,0,0,0,0,0
15889,4,0,0,0,0,0,0,0,0,0,0,0
15890,0,0,0,0,0,0,0,0,0,3,22,0
15891,11,189,5,0,0,0,0,0,0,0,0,0
15892,9,329,55,0,0,0,2,0,0,1,0,0
15893,0,0,0,1,2,125,0,0,0,0,0,0
15894,0,0,0,0,0,0,38,664,3,0,0,0
15895,0,0,0,0,0,1,0,0,0,50,670,8
15896,0,0,0,0,0,1,0,0,0,0,0,0
15897,2,14,8,0,0,0,0,0,0,0,0,0
15898,0,0,0,0,0,0,93,78,0,0,0,0
15899,0,0,0,0,0,64,0,0,0,0,0,0
15900,0,0,0,7,0,60,0,0,0,0,7,0
15901,0,9,2,0,0,0,0,0,0,0,0,0
15902,1,92,8,0,0,0,0,0,0,0,0,0
15903,1,159,1,0,0,0,7,0,0,0,0,0
15904,0,0,0,0,0,0,0,0,0,14,9,188
15905,1117,195,0,1,0,0,1,0,3,0,0,0
15906,0,0,0,0,21,0,222,9617,86,0,0,0
15907,0,0,0,0,1439,0,302,3978,0,0,0,0
15908,0,0,0,0,2,1,220,589,1,0,0,0
15909,0,0,0,0,1,227,0,0,0,0,0,0
15910,0,0,0,0,10,4,55,2082,6,0,0,0
15911,4,500,55,0,0,0,0,0,0,0,0,0
15912,0,0,0,25,9,152,0,0,0,0,3,0
15913,0,0,0,0,0,0,26,90,3,0,0,0
15914,3,131,21,0,0,0,0,0,0,0,0,0
15915,0,0,0,0,52,181,0,1,0,0,3,0
15916,0,0,0,0,2,26,0,0,0,0,0,0
15917,13,26,0,0,0,0,0,0,0,0,0,0
15918,0,0,0,0,0,146,0,0,0,0,0,0
15919,0,0,0,0,0,0,226,192,1,0,0,0
15920,0,0,0,0,0,80,0,0,0,0,0,0
15921,0,1,0,0,1,0,285,1031,21,0,0,0
15922,0,0,0,0,0,0,0,0,0,0,0,0
15923,1,31,0,0,0,0,0,0,0,0,0,0
15924,0,0,0,0,0,9,0,0,0,0,2305,1
15925,1,0,0,0,0,4,0,0,0,25,3128,26
15926,0,0,0,6,0,2,0,0,0,0,0,0
15927,0,0,0,11,82,97,0,0,0,0,0,0
15928,0,0,0,0,0,1,0,0,0,3,987,1
15929,0,0,0,0,0,0,0,0,0,3,8,0
15930,0,0,0,14,11,531,0,0,0,0,2,0
15931,0,0,0,2,1,578,0,0,0,0,0,0
15932,0,13,1,0,0,0,0,0,0,0,0,0
15933,0,0,0,0,0,2,0,0,0,0,2211,0
15934,0,0,0,0,0,0,0,0,0,1,15,3
15935,0,0,0,0,0,0,0,0,0,0,26,0
15936,84,224,18,0,0,0,0,0,0,0,0,0
15937,0,0,0,0,0,0,99,9,12,0,0,0
15938,0,2,9,0,0,0,0,0,0,0,0,0
15939,0,0,0,3,7,1331,0,0,0,0,4,0
15940,0,0,0,0,1,8,0,0,0,4,127,1
15941,0,0,0,0,0,0,0,0,0,0,31,0
15942,316,674,36,0,0,0,0,0,0,0,0,0
15943,0,0,0,2,13,29,0,0,0,0,1,0
15944,0,0,0,0,0,0,0,0,0,1,18,0
15945,28,113,1,0,0,0,0,0,0,0,0,0
15946,0,1,19,0,0,0,0,0,0,0,0,0
15947,0,0,0,0,0,0,4,3,0,0,0,0
15948,0,63,0,0,0,0,0,0,0,0,0,0
15949,1,149,32,0,0,0,1,0,0,0,0,0
15950,0,0,0,0,2,50,0,0,0,0,0,0
15951,0,0,0,0,0,1,0,0,0,85,1636,0
15952,4,6,368,0,0,2,0,0,0,58598,3118,3
15953,0,0,0,1,0,0,0,0,0,0,0,0
15954,9,50,6,0,0,0,0,0,0,0,0,0
15955,0,0,0,0,0,0,0,2,1,0,0,0
15956,0,0,0,0,0,0,0,1,2,0,0,0
15957,0,0,0,0,1,0,628,1285,10,0,0,0
15958,0,0,0,0,0,0,15,130,2,0,0,0
15959,0,0,0,0,0,0,0,0,0,1,3,1
15960,0,0,0,0,0,23,0,0,0,107,6394,16
15961,0,1,0,0,0,0,186,2,0,0,0,0
15962,0,0,0,0,0,0,1,1,5,0,0,0
15963,0,0,0,0,0,10,0,0,0,13,986,0
15964,0,0,0,0,0,0,0,0,0,0,0,0
15965,0,0,0,0,0,0,0,9,0,0,0,0
15966,0,0,0,0,1,106,0,0,0,0,7,0
15967,0,0,0,0,0,3,0,0,0,0,0,0
15968,0,0,0,1,0,1,0,0,0,0,0,0
15969,0,0,0,0,0,298,0,0,0,0,0,0
15970,0,0,0,0,0,0,14,85,1,0,0,0
15971,0,0,0,1,0,5,0,0,0,0,0,0
15972,11,1110,2,1,0,0,8,0,0,0,0,0
15973,0,0,0,0,0,0,38,11,0,0,0,0
15974,0,0,3,0,0,0,0,0,0,0,0,0
15975,0,0,0,10,2,790,0,0,0,0,0,0
15976,0,0,0,0,0,0,33,27,6,0,0,0
15977,0,104,35,0,0,0,2,0,0,0,0,0
15978,0,0,0,0,2,530,0,0,0,0,0,0
15979,1,439,0,0,0,0,0,0,0,0,0,0
15980,0,0,0,0,0,4,0,0,0,0,0,0
15981,0,0,0,0,0,6,0,0,0,24,2427,0
15982,0,31,0,0,1,0,856,762,2,0,0,0
15983,0,0,0,2,0,9,0,0,0,0,0,0
15984,228,173,2,2,0,0,0,0,0,0,0,0
15985,0,1,0,0,0,0,0,0,0,0,0,0
15986,0,2,0,0,0,0,0,0,0,0,0,0
15987,1,38,0,0,0,0,0,0,0,0,0,0
15988,0,45,0,0,0,0,0,0,0,0,0,0
15989,0,0,0,0,0,0,0,0,0,2,35,0
15990,0,78,1,0,0,0,0,0,0,0,0,0
15991,0,0,0,0,0,0,1,1,1,0,0,0
15992,1,0,2,0,0,0,0,0,0,0,0,0
15993,0,0,0,1,0,147,0,0,0,0,0,0
15994,0,0,0,0,0,0,25,5,1,0,0,0
15995,0,0,0,0,0,0,0,2,0,0,0,0
15996,0,0,0,4,1,188,0,0,0,0,0,0
15997,0,1,0,0,0,0,0,0,0,0,0,0
15998,0,0,0,0,0,0,0,0,0,1,0,0
15999,2,80,1,0,0,0,0,0,0,0,0,0
16000,0,0,0,0,0,0,0,0,0,2,5,0
16001,0,0,0,0,0,1,0,0,0,0,0,0
16002,0,0,0,12,0,29,0,0,0,0,0,0
16003,1,56,0,0,0,0,0,0,0,0,0,0
16004,0,0,0,0,0,3,0,0,0,0,0,0
16005,0,0,0,0,0,0,6,91,2,0,0,0
16006,0,519,74,0,0,0,2,0,0,1,0,0
16007,0,0,0,0,0,46,0,0,0,0,0,0
16008,0,0,0,21,28,51,0,0,0,0,0,0
16009,0,0,0,0,0,0,1,2,1,0,0,0
16010,0,0,0,0,0,0,0,0,0,0,0,0
16011,1,267,0,0,0,0,0,0,0,0,0,0
16012,0,0,0,0,0,0,0,0,0,29,2,0
16013,0,0,0,0,0,0,0,1,0,0,0,0
16014,0,5,0,0,1,0,388,192,6,0,0,0
16015,0,0,0,0,0,1,0,0,0,0,0,0
16016,0,0,0,3,0,1,0,0,0,0,0,0
16017,0,0,0,0,0,8,0,0,0,1,870,0
16018,0,0,0,0,0,0,1,1,1,0,0,0
16019,0,0,0,0,1,0,0,0,0,0,0,0
16020,0,0,0,0,1,0,204,105,2,0,0,0
16021,0,0,0,0,2,2,0,0,0,0,0,0
16022,0,0,0,0,0,0,0,0,0,0,7,0
16023,0,0,0,46,9,84,0,0,0,0,0,0
16024,0,0,0,0,3,49,0,0,0,0,0,0
16025,0,0,0,0,0,1,0,0,0,0,0,0
16026,0,685,0,0,0,0,3,0,0,0,0,0
16027,0,0,0,0,0,0,18,12,0,0,0,0
16028,0,0,0,0,0,0,0,0,0,0,5,4
16029,0,0,0,0,0,135,0,0,0,0,0,0
16030,38,85,2,0,0,0,0,0,0,0,0,0
16031,0,0,0,0,5,5,0,0,0,0,0,0
16032,6,11,52,0,0,0,0,0,0,0,0,0
16033,0,0,0,0,0,0,6,5,0,0,0,0
16034,0,2,2,0,0,0,0,0,0,0,0,0
16035,0,0,0,0,1,163,0,0,0,0,1,0
16036,0,0,0,0,0,0,0,5,0,0,0,0
16037,0,0,0,0,0,0,0,0,0,0,4,0
16038,0,0,0,11,36,143,0,0,0,0,0,0
16039,0,0,0,0,0,4,0,0,0,0,0,0
16040,0,0,1,0,0,0,0,0,0,0,0,0
16041,0,0,0,0,0,0,0,0,0,0,432,0
16042,0,0,0,0,0,0,0,0,0,4,9,0
16043,0,0,0,0,0,0,0,0,0,1,3,0
16044,836,118,21,3,0,0,0,0,0,0,0,0
16045,0,0,0,0,0,0,0,0,0,0,576,0
16046,0,0,0,1,1,1,0,0,0,0,0,0
16047,0,0,0,3,2,85,0,0,0,0,0,0
16048,0,44,0,0,0,0,0,0,0,0,0,0
16049,0,0,0,0,0,40,0,0,0,0,3689,0
16050,0,0,0,1,11,97,0,0,0,0,0,0
16051,1,2,0,0,0,0,0,0,0,0,0,0
16052,0,30,1,0,0,0,1,0,0,0,0,0
16053,1,69,2,0,0,0,0,0,0,0,0,0
16054,0,0,0,0,0,2248,0,0,0,33,3198,0
16055,0,0,0,0,0,0,0,0,0,0,0,0
16056,1,0,0,0,4,3003,0,0,0,4,14,0
16057,0,0,0,0,0,1,0,0,0,7,208,3
16058,0,0,0,0,0,2,0,0,0,99,133,0
16059,0,0,0,6,1,115,0,0,0,0,0,0
16060,4,8,9,0,0,0,0,0,0,0,0,0
16061,1,292,47,0,0,0,0,0,0,0,0,0
16062,0,0,0,3,74,253,0,0,0,0,0,0
16063,0,0,0,0,0,0,0,0,0,92,6,15
16064,20,5857,1,0,0,0,4,0,0,0,0,0
16065,0,0,0,0,1,0,301,228,2,0,0,0
16066,0,0,0,0,0,0,16,1,0,0,0,0
16067,7,15,31,0,0,0,0,0,0,0,0,0
16068,0,0,0,0,0,0,61,489,9,0,0,0
16069,0,0,0,0,0,16,0,0,0,0,0,0
16070,5,442,0,0,0,0,1,0,0,0,0,0
16071,0,0,0,1,1,90,0,0,0,0,0,0
16072,0,0,0,0,0,0,38,129,2,0,0,0
16073,0,0,0,0,0,3,0,0,0,1,1065,1
16074,0,0,0,17,1,127,0,0,0,0,35,0
16075,0,10,0,0,3,0,9624,3950,2,0,0,0
16076,6,548,26,0,0,0,0,0,0,0,0,0
16077,0,0,0,1,0,272,0,0,0,0,0,0
16078,0,0,0,0,0,0,110,1,6,0,0,0
16079,0,0,0,0,0,0,0,0,0,0,0,0
16080,0,0,0,0,0,0,0,0,0,129,349,11
16081,0,0,0,0,0,2,0,0,0,0,0,0
16082,0,0,0,1,0,0,0,0,0,0,0,0
16083,0,0,0,0,0,286,0,0,0,0,0,0
16084,0,0,0,0,0,0,0,0,0,5,245,0
16085,1,143,0,0,0,0,0,0,0,0,0,0
16086,0,0,0,5,8,139,0,0,0,0,0,0
16087,0,0,0,0,4,23,0,0,0,0,0,0
16088,0,0,0,0,0,2,0,0,0,0,0,0
16089,0,0,0,0,0,0,177,21,0,0,0,0
16090,0,0,0,0,0,4,0,0,0,0,0,0
16091,1,68,0,0,0,0,0,0,0,0,0,0
16092,0,0,0,0,0,20,0,0,0,0,5622,0
16093,0,0,0,14,163,37,0,0,0,0,0,0
16094,0,0,0,0,0,5,0,0,0,0,0,0
16095,0,328,1,0,0,0,2,0,0,0,0,0
16096,0,0,0,0,0,0,0,0,0,0,1,0
16097,0,3,0,0,0,0,0,0,0,0,0,0
16098,2,163,1,0,0,0,0,0,0,0,0,0
16099,0,0,0,0,0,1,0,0,0,0,0,0
16100,0,0,0,0,0,0,0,0,0,0,0,0
16101,0,0,0,0,0,0,0,0,0,0,326,0
16102,3,43,0,0,0,0,0,0,0,0,0,0
16103,0,0,0,2,0,7,0,0,0,0,0,0
16104,0,0,1,0,0,0,0,0,0,0,0,0
16105,0,3,16,0,0,0,0,0,0,0,0,0
16106,0,0,0,0,0,0,33,2,1,0,0,0
16107,0,20,0,0,0,0,0,0,0,0,0,0
16108,0,1,4,0,0,0,0,0,0,0,0,0
16109,0,38,0,0,0,0,0,0,0,0,0,0
16110,0,0,0,0,0,0,132,65,1,0,0,0
16111,0,0,0,0,0,23,0,0,0,38,5476,0
16112,0,0,0,0,0,2,0,0,0,0,0,0
16113,1,32,4,0,0,0,0,0,0,0,0,0
16114,0,0,0,0,0,1,0,0,0,7,266,1
16115,0,9,0,0,0,0,0,0,0,0,0,0
16116,0,0,0,2,2,93,0,0,0,0,0,0
16117,0,0,0,0,1,0,23,1281,8,0,0,0
16118,6,9,8,0,0,0,0,0,0,0,0,0
16119,0,0,0,7,0,91,0,0,0,0,0,0
16120,0,0,0,0,0,0,28,0,0,0,0,0
16121,9,5,14,0,0,0,0,0,0,0,0,0
16122,0,0,0,0,0,0,275,66,2,0,0,0
16123,0,0,0,0,0,50,0,0,0,0,0,0
16124,0,0,0,0,0,1,0,0,0,0,0,0
16125,4,238,0,0,0,0,0,0,0,0,0,0
16126,0,15,0,0,0,0,0,0,0,0,0,0
16127,0,0,0,0,0,0,0,0,0,8,120,0
16128,13,207,5,0,0,0,0,0,0,0,0,0
16129,0,0,0,0,0,0,0,0,0,0,0,0
16130,0,0,0,0,0,0,15,0,0,0,0,0
16131,0,163,1,0,0,0,0,0,0,0,0,0
16132,0,0,0,0,0,0,0,0,0,0,1,0
16133,1,7,0,0,0,0,0,0,0,0,0,0
16134,0,0,0,0,0,1,0,0,0,1,209,0
16135,6,262,23,0,0,0,0,0,0,0,0,0
16136,0,0,0,0,0,3,0,0,0,0,0,0
16137,0,0,0,0,0,0,232,239,1,0,0,0
16138,0,0,0,0,0,130,0,0,0,0,0,0
16139,0,0,0,0,0,1,0,0,0,0,0,0
16140,1,214,0,0,0,0,0,0,0,0,0,0
16141,0,0,0,0,0,0,7,44,1,0,0,0
16142,0,8,0,0,0,0,0,0,0,0,0,0
16143,0,0,0,0,0,0,0,0,0,4,120,0
16144,1,39,8,0,0,0,0,0,0,0,0,0
16145,0,0,0,0,3,36,0,0,0,0,0,0
16146,0,0,0,0,0,0,34,31,0,0,0,0
16147,0,0,0,0,0,2,0,0,0,0,0,0
16148,0,11,0,0,0,0,0,0,0,0,0,0
16149,0,0,0,0,0,84,0,0,0,0,0,0
16150,0,0,0,0,7,1,0,0,0,0,0,0
16151,0,0,0,0,0,0,0,0,0,1,0,0
16152,0,0,0,13,3,29,0,0,0,0,0,0
16153,0,0,0,0,0,0,183,2,0,0,0,0
16154,0,0,0,0,0,30,0,0,0,0,0,0
16155,0,0,0,4,8,170,0,0,0,0,0,0
16156,1,54,1,0,0,0,0,0,0,0,0,0
16157,0,0,0,1,0,2,0,0,0,0,0,0
16158,0,0,0,0,0,0,3,190,1,0,0,0
16159,0,0,0,0,0,0,0,0,0,0,3,0
16160,0,0,0,1,0,0,0,0,0,0,0,0
16161,0,0,0,1,1,65,0,0,0,0,0,0
16162,0,59,0,0,0,0,1,0,0,0,0,0
16163,0,0,0,0,0,2,0,0,0,23,1076,24
16164,0,0,0,17,2,77,0,0,0,0,0,0
16165,0,6,3,0,0,0,0,0,0,0,0,0
16166,3,96,17,0,0,0,0,0,0,0,0,0
16167,0,0,0,0,1,88,0,0,0,0,0,0
16168,0,0,0,0,0,0,19,21,1,0,0,0
16169,4,134,48,0,0,0,5,0,0,0,0,0
16170,0,0,0,1,1,1581,0,0,0,0,3,0
16171,5,37,0,0,0,0,0,0,0,0,0,0
16172,0,79,11,0,0,0,0,0,0,0,0,0
16173,0,0,0,0,0,14,0,0,0,100,4023,3
16174,0,12,1,0,0,0,0,0,0,0,0,0
16175,0,0,0,0,0,0,0,0,0,56,337,1
16176,0,0,0,4,30,314623,0,0,0,20,740,0
16177,0,0,0,8,14,2,0,0,0,0,0,0
16178,0,0,0,0,0,2,0,0,0,1,1514,1
16179,580,137,3,0,0,0,1,0,0,0,0,0
16180,0,2,16,0,0,0,0,0,0,0,0,0
16181,0,0,0,0,0,0,87,22,0,0,0,0
16182,0,0,0,0,0,0,104,26,0,0,0,0
16183,0,0,0,0,0,2,0,0,0,0,0,0
16184,0,26,0,0,0,0,0,0,0,0,0,0
16185,0,0,0,0,0,198,0,0,0,0,0,0
16186,0,0,0,0,0,2,0,0,0,0,0,0
16187,0,0,0,0,0,0,1,46,0,0,0,0
16188,0,0,0,0,0,0,0,148,3,0,0,0
16189,0,0,0,0,0,0,12,0,1,0,0,0
16190,3,0,6,0,0,0,0,0,0,0,0,0
16191,0,27,0,0,0,0,0,0,0,0,0,0
16192,0,0,0,0,0,36,0,0,0,77,1808,0
16193,0,0,0,0,0,8,0,0,0,255,599,1
16194,0,0,0,45,13,214,0,0,0,0,5,0
16195,0,0,0,0,0,0,4,0,0,0,0,0
16196,1,13,4,0,0,0,1,0,0,0,0,0
16197,0,0,0,0,7,0,53,555,0,0,0,0
16198,0,0,0,0,1,2,0,0,0,0,0,0
16199,0,0,0,0,0,2,0,0,0,0,0,0
16200,0,0,0,0,0,40,0,0,0,0,1,0
16201,0,0,0,0,0,0,0,0,0,0,0,0
16202,7,1,0,0,0,0,0,0,0,0,0,0
16203,0,0,0,0,1,577,0,0,0,0,10,0
16204,0,0,0,0,0,0,20,2,6,0,0,0
16205,5,8,7,0,0,0,0,0,0,0,0,0
16206,0,0,0,4,4,0,199,1002,17,0,0,0
16207,0,0,0,0,0,0,250,342,1,0,0,0
16208,0,0,0,0,0,1,0,0,0,10,769,1
16209,0,0,0,8,2,333,0,0,0,0,2,0
16210,68,6,26,17,1,0,0,0,0,0,0,0
16211,0,0,0,1,16,10,0,0,0,0,0,0
16212,0,0,0,0,0,0,3,10,0,0,0,0
16213,0,0,0,2,0,111,0,0,0,0,1,0
16214,0,0,0,0,0,0,0,0,0,0,0,0
16215,0,0,0,0,0,3,0,0,0,0,552,0
16216,2,173,2,0,0,0,0,0,0,0,0,0
16217,0,0,0,0,0,0,0,0,0,5,206,1
16218,0,47,8,0,0,0,0,0,0,0,0,0
16219,0,0,0,0,0,0,0,0,0,9,126,1
16220,0,0,0,0,0,0,0,0,0,52,24,0
16221,0,6,0,0,0,0,667,211,15,0,0,0
16222,0,0,0,0,0,0,0,0,0,14,214,0
16223,616,14,6,1,0,0,0,0,0,0,0,0
16224,0,0,0,4,1,618,0,0,0,0,1,0
16225,0,128,0,0,0,0,0,0,0,0,0,0
16226,0,0,0,0,0,2,0,0,0,1,115,0
16227,4,103,61,0,0,0,0,0,0,0,0,0
16228,0,0,0,0,0,0,89,12,1,0,0,0
16229,0,0,0,1,0,7,0,0,0,0,0,0
16230,0,0,0,0,0,0,0,0,0,77,186,0
16231,0,0,0,1,0,110,0,0,0,0,0,0
16232,0,0,0,1,0,0,0,0,0,0,0,0
16233,1,71,0,0,0,0,0,0,0,0,0,0
16234,0,0,0,0,0,0,0,0,0,0,4,0
16235,0,2,0,0,0,0,0,0,0,0,0,0
16236,0,0,0,0,3,0,187,300,0,0,0,0
16237,0,0,0,0,0,0,1,23,0,0,0,0
16238,0,0,0,0,0,0,0,0,0,1,1,6
16239,0,0,0,44,5,1119,0,0,0,0,11,0
16240,0,0,0,0,0,0,9,1,0,0,0,0
16241,0,0,0,0,1,1,0,0,0,0,0,0
16242,2,0,0,341,4613,152,0,22,0,0,0,0
16243,0,0,0,0,0,0,1,14,0,0,0,0
16244,0,0,0,0,0,0,0,0,1,0,0,0
16245,0,0,0,0,0,0,348,405,1,0,0,0
16246,0,0,0,0,0,0,5,136,2,0,0,0
16247,0,0,0,0,0,0,0,0,0,0,732,1
16248,0,0,0,99,9,100,0,0,0,0,1,0
16249,0,0,0,0,0,0,0,0,0,0,0,0
16250,0,0,0,0,0,0,0,0,0,0,0,0
16251,0,0,0,0,0,86,0,0,0,0,1,0
16252,0,0,0,0,0,0,4,9,0,0,0,0
16253,0,0,0,0,0,1,0,0,0,0,0,0
16254,0,0,0,2,22,45,0,0,0,0,0,0
16255,0,0,0,0,0,0,0,0,0,4,4,0
16256,0,0,0,0,0,2,0,0,0,0,0,0
16257,0,0,0,1,3,43,0,0,0,0,2,0
16258,0,0,0,0,0,0,0,0,0,0,0,0
16259,0,0,0,0,0,0,1,0,1,0,0,0
16260,0,0,0,0,0,31,0,0,0,0,6575,0
16261,21,4,23,0,0,0,0,0,0,0,0,0
16262,0,61,49,0,0,0,0,0,0,0,0,0
16263,0,0,0,2,11,218,0,0,0,0,1,0
16264,0,0,0,0,18,3,0,0,0,0,0,0
16265,0,0,0,0,0,0,0,0,0,0,2,0
16266,12,149,3,0,0,0,0,0,0,0,0,0
16267,0,0,0,0,0,0,0,0,0,0,0,0
16268,0,12,0,0,0,0,0,0,0,0,0,0
16269,0,2,0,0,0,0,633,9,0,0,0,0
16270,8,0,0,0,0,0,0,0,0,0,0,0
16271,0,0,0,0,0,0,0,0,0,0,0,0
16272,0,0,0,36,57,138,0,0,0,0,0,0
16273,0,0,0,9,2,0,0,0,0,0,0,0
16274,0,0,0,0,0,0,0,0,0,0,167,0
16275,7,277,232,0,0,0,1,0,0,4,0,0
16276,0,0,0,0,0,64,0,0,0,0,0,0
16277,0,0,0,0,0,1,0,0,0,0,0,0
16278,0,54,0,0,0,0,0,0,0,0,0,0
16279,1,0,23,0,0,0,0,0,0,0,0,0
16280,0,0,0,0,0,0,35,1,1,0,0,0
16281,1,163,0,0,0,0,0,0,0,0,0,0
16282,0,0,0,0,0,1,0,0,0,0,0,0
16283,0,0,0,0,0,0,1,0,2,0,0,0
16284,0,0,0,0,0,38,0,0,0,0,0,0
16285,0,0,0,0,0,0,12,10,0,0,0,0
16286,0,0,0,0,0,0,0,0,0,0,0,0
16287,0,0,0,7,1,46,0,0,0,0,0,0
16288,0,0,0,0,0,0,152,66,2,0,0,0
16289,0,0,0,0,0,5,0,0,0,3,4012,0
16290,0,0,0,0,0,0,0,0,0,0,0,0
16291,0,0,0,1,1,1,0,0,0,0,0,0
16292,0,0,0,0,0,0,2,1,0,0,0,0
16293,0,0,0,0,0,35,0,0,0,1,8808,0
16294,0,1,1,0,0,0,0,0,0,0,0,0
16295,0,0,0,0,0,4,0,0,0,0,0,0
16296,7,15,1,0,0,0,0,0,0,0,0,0
16297,0,0,0,0,0,0,0,0,0,0,6,0
16298,0,0,0,0,0,0,1,6,1,0,0,0
16299,0,0,0,0,0,28,0,0,0,0,0,0
16300,0,0,2,0,0,0,0,0,0,0,0,0
16301,0,0,0,0,0,0,157,4,2,0,0,0
16302,0,65,1,0,0,0,0,0,0,0,0,0
16303,0,0,0,0,0,0,0,0,0,0,7,0
16304,0,0,0,0,0,0,0,0,0,0,2,0
16305,59,124,8,0,0,0,0,0,0,0,0,0
16306,0,0,0,0,0,50,0,0,0,0,0,0
16307,0,0,0,12,13,31,0,0,0,0,0,0
16308,0,0,0,0,0,33,0,0,0,9,5266,1
16309,0,0,0,5,0,50,0,0,0,0,0,0
16310,0,0,0,0,0,0,0,0,0,0,0,0
16311,4,833,1,0,0,0,6,0,0,0,0,0
16312,0,0,0,1,0,1,0,0,0,0,0,0
16313,0,0,0,0,0,0,0,4,0,0,0,0
16314,0,0,0,0,0,71,0,0,0,0,0,0
16315,0,0,0,3,1,2,0,0,0,0,0,0
16316,0,0,0,0,0,0,1,2,3,0,0,0
16317,0,0,0,0,0,482,0,0,0,0,2,0
16318,0,3,0,0,0,0,0,0,0,0,0,0
16319,0,11,15,0,0,0,0,0,0,0,0,0
16320,5,269,0,0,0,0,1,0,0,0,0,0
16321,0,0,0,5,0,0,0,0,0,0,0,0
16322,0,0,0,0,0,0,5,3,1,0,0,0
16323,0,0,0,0,0,7,0,0,0,1,3656,0
16324,0,0,0,2,0,1,0,0,0,0,0,0
16325,0,0,0,0,0,0,1,8,1,0,0,0
16326,0,0,0,0,0,84,0,0,0,0,0,0
16327,0,0,0,1,0,27,0,0,0,0,0,0
16328,2,8,0,0,0,0,0,0,0,0,0,0
16329,0,0,0,0,0,14,0,0,0,0,3553,0
16330,0,0,0,0,0,0,17,4,0,0,0,0
16331,0,8,1,0,0,0,0,0,0,0,0,0
16332,0,0,0,0,0,1,0,0,0,10,991,2
16333,0,0,0,0,0,0,0,0,0,0,7,0
16334,0,0,0,0,0,0,0,0,0,0,0,0
16335,0,0,0,1,0,411,0,0,0,0,3,0
16336,0,0,0,0,0,0,76,2,2,0,0,0
16337,0,0,0,0,0,21,0,0,0,0,0,0
16338,0,0,0,0,0,12,0,0,0,4,4047,5
16339,2,159,1,0,0,0,0,0,0,0,0,0
16340,0,0,0,0,0,82,0,0,0,0,0,0
16341,11,55,22,0,0,0,0,0,0,0,0,0
16342,0,0,0,15,26,79,0,0,0,0,0,0
16343,0,0,0,0,0,1,0,0,0,0,130,3
16344,9,127,3,0,0,0,1,0,0,0,0,0
16345,1,0,0,0,0,0,0,0,0,0,0,0
16346,0,0,0,0,0,0,0,0,0,0,2,0
16347,3,117,6,0,0,0,0,0,0,0,0,0
16348,0,0,0,3,11,167,0,0,0,0,1,0
16349,0,0,0,0,0,1,0,0,0,0,316,0
16350,0,22,26,0,0,0,0,0,0,0,0,0
16351,0,0,0,0,0,0,0,0,0,0,4,0
16352,0,0,2,0,0,0,0,0,0,0,0,0
16353,0,0,0,0,0,217,0,0,0,0,0,0
16354,0,2,0,0,0,0,0,0,0,0,0,0
16355,1,9,4,0,0,0,0,0,0,0,0,0
16356,1,233,11,0,0,0,0,0,0,0,0,0
16357,0,0,0,0,2,666,0,0,0,0,473,0
16358,0,0,0,0,1,5,0,0,0,0,0,0
16359,10,98,36,0,0,0,0,0,0,0,0,0
16360,0,0,0,0,0,0,18,2,1,0,0,0
16361,0,0,0,0,0,15,0,0,0,0,0,0
16362,0,0,3,0,0,4,0,0,0,56,2449,14
16363,0,0,0,2,7,46,0,0,0,0,0,0
16364,0,0,0,0,0,3,0,0,0,0,0,0
16365,0,0,0,8,21,0,146,947,11,0,0,0
16366,0,0,0,1,4,1,0,0,0,0,0,0
16367,0,0,0,0,0,0,0,0,0,2,3,0
16368,0,0,0,0,1,23,0,0,0,0,0,0
16369,0,0,0,0,0,0,19,2,0,0,0,0
16370,0,0,0,0,1,10,0,0,0,0,0,0
16371,0,0,0,1,0,354,0,0,0,0,3,0
16372,3,9,0,0,0,0,0,0,0,0,0,0
16373,1,128,65,0,0,0,1,0,0,0,0,0
16374,0,0,0,0,1,679,0,0,0,0,3,0
16375,0,0,0,0,0,2251,0,0,0,28,2657,10
16376,0,0,0,0,0,2,0,0,0,1,1268,0
16377,0,9,0,0,12,0,2896,2029,9,0,0,0
16378,0,0,0,1,0,8,0,0,0,0,0,0
16379,0,0,0,0,0,0,0,0,0,0,0,0
16380,0,0,0,0,0,93,0,0,0,0,0,0
16381,0,1,0,0,0,0,230,18,1,0,0,0
16382,0,0,0,0,0,19,0,0,0,0,0,0
16383,0,0,0,1,9,53,0,0,0,0,0,0
16384,0,0,0,0,1,0,0,0,0,0,0,0
16385,0,0,0,0,0,0,0,1,0,0,0,0
16386,0,0,0,0,0,1,0,0,0,1,1191,0
16387,18,5,7,0,0,0,0,0,0,0,0,0
16388,0,8,48,0,0,0,0,0,0,0,0,0
16389,0,0,0,12,0,294,0,0,0,0,0,0
16390,0,0,0,0,0,0,17,63,0,0,0,0
16391,0,0,0,0,0,1,0,0,0,50,1009,1
16392,0,0,0,77,58,257,0,0,0,0,0,0
16393,0,0,0,0,0,22,0,0,0,34,2646,6
16394,0,0,0,0,0,53,0,0,0,50,10834,0
16395,85,314,16,0,0,0,3,0,0,0,0,0
16396,0,0,0,0,0,0,340,254,0,0,0,0
16397,0,0,0,0,0,0,14,78,0,0,0,0
16398,0,0,0,0,10,253,0,0,0,0,2,0
16399,0,0,0,0,0,1,0,0,0,0,0,0
16400,0,0,0,0,0,0,1,1,2,0,0,0
16401,0,0,0,0,0,63,0,0,0,0,0,0
16402,0,0,0,0,0,0,1,80,6,0,0,0
16403,0,115,18,0,0,0,0,0,0,0,0,0
16404,0,0,0,0,2,408,0,0,0,0,2,0
16405,0,0,0,0,0,0,144,25,2,0,0,0
16406,0,0,0,0,37,33,0,0,0,0,0,0
16407,0,0,0,0,0,0,0,0,0,10,217,2
16408,0,36,0,0,0,0,0,0,0,0,0,0
16409,0,0,0,0,0,0,0,0,0,1,156,0
16410,92,94,8,1,0,0,0,0,0,0,0,0
16411,0,0,0,0,0,0,25,61,3,0,0,0
16412,9,1,2,1,0,0,0,0,0,0,0,0
16413,0,0,0,3,0,186,0,0,0,0,0,0
16414,0,0,0,0,0,0,0,21,0,0,0,0
16415,0,0,0,0,1,19,0,0,0,0,0,0
16416,0,0,0,0,1,0,105,309,42,0,0,0
16417,0,44,0,0,0,0,0,0,0,0,0,0
16418,0,0,0,0,0,0,0,0,0,31,20,1
16419,0,0,0,13,198,309,0,0,0,0,5,0
16420,0,0,0,0,0,0,0,0,0,16,1,0
16421,12,32,0,0,0,0,1,0,0,0,0,0
16422,0,98,4,0,0,0,0,0,0,0,0,0
16423,0,0,0,0,0,0,0,0,0,18,1,0
16424,0,0,0,1,0,4,0,0,0,0,0,0
16425,6,0,0,1045,337,55,0,9,0,0,0,0
16426,0,0,0,2,0,40,0,0,0,0,0,0
16427,0,14,2,0,0,0,0,0,0,0,0,0
16428,0,0,0,0,0,47,0,0,0,0,3672,0
16429,0,0,0,2,8,111,0,0,0,0,1,0
16430,0,0,0,0,0,0,0,0,0,0,0,0
16431,0,530,1,0,0,0,9,0,0,0,0,0
16432,0,0,0,0,0,0,0,1,0,0,0,0
16433,0,0,0,0,0,0,0,1,0,0,0,0
16434,12,84,58,0,0,0,5,0,0,0,0,0
16435,0,0,0,0,0,0,55,22,0,0,0,0
16436,0,0,0,0,0,0,2,7,0,0,0,0
16437,0,0,0,0,0,16,0,0,0,0,0,0
16438,0,42,1,0,0,0,0,0,0,0,0,0
16439,0,0,0,4,0,33,0,0,0,0,1,0
16440,0,0,0,0,0,0,1,38,0,0,0,0
16441,5,37,2,0,0,0,0,0,0,0,0,0
16442,0,1,0,0,0,0,54,2,6,0,0,0
16443,0,0,0,0,0,2,0,0,0,0,1337,0
16444,0,0,0,1,0,35,0,0,0,0,0,0
16445,8,0,0,0,0,0,0,0,0,0,0,0
16446,0,0,0,0,0,101,0,0,0,0,0,0
16447,0,0,0,2,3,21,0,2,0,0,0,0
16448,4,55,1,0,0,0,0,0,0,0,0,0
16449,0,0,0,0,0,91,0,0,0,0,0,0
16450,0,0,0,0,0,0,0,0,0,0,0,0
16451,0,0,0,0,0,0,1,0,0,0,0,0
16452,0,0,0,0,0,100,0,0,0,0,0,0
16453,0,20,1,0,0,0,0,0,0,0,0,0
16454,45,25,11,0,0,0,0,0,0,0,0,0
16455,2,189,122,0,0,0,0,0,0,0,0,0
16456,0,0,0,11,78,852,0,0,0,1,3,0
16457,0,0,0,0,0,3,0,0,0,0,1971,0
16458,1,60,25,0,0,0,0,0,0,0,0,0
16459,0,0,0,0,0,0,0,0,0,0,1,1
16460,0,1,0,0,0,0,0,0,0,0,0,0
16461,0,0,0,1,0,697,0,0,0,0,0,0
16462,0,0,0,0,0,0,0,0,0,0,0,0
16463,0,44,1,0,0,0,0,0,0,0,0,0
16464,0,27,1,0,0,0,0,0,0,0,0,0
16465,0,0,0,0,0,3,0,0,0,78,353,3
16466,0,0,0,312,0,10656,0,0,0,10,1452905,1
16467,0,196,1,0,0,0,1,0,0,0,0,0
16468,0,0,0,0,0,29,0,0,0,29,5377,0
16469,0,0,0,0,0,0,0,0,0,8,309,0
16470,0,0,0,0,0,1,0,0,0,13,440,0
16471,0,2849,8,0,0,0,0,0,0,0,0,0
16472,0,0,0,0,0,5,0,0,0,0,0,0
16473,0,0,0,6,0,257,0,0,0,0,2,0
16474,1,2033,0,0,0,0,5,0,0,0,0,0
16475,0,0,0,0,0,0,55,5,2,0,0,0
16476,0,0,0,1,0,70,0,0,0,0,0,0
16477,0,0,0,2,0,18,0,0,0,0,0,0
16478,0,0,0,0,0,0,0,0,0,0,0,0
16479,0,0,0,2,2,259,0,0,0,0,1,0
16480,0,0,0,0,0,0,0,0,0,17,122,0
16481,0,0,0,0,0,0,0,0,0,1,11,0
16482,69,408,25,0,0,0,0,0,0,0,0,0
16483,0,0,0,2,0,121,0,0,0,0,0,0
16484,0,0,0,0,9,2,0,0,0,0,0,0
16485,0,0,0,0,0,0,229,18,0,0,0,0
16486,0,0,0,0,0,1,0,0,0,0,0,0
16487,0,0,0,0,0,0,5,67,3,0,0,0
16488,0,0,0,0,1,54,0,0,0,0,0,0
16489,0,0,0,0,0,0,30,17,1,0,0,0
16490,0,0,0,0,0,0,0,0,0,0,61,1
16491,0,0,0,3,0,50,0,0,0,0,0,0
16492,0,1,0,0,0,0,0,0,0,0,0,0
16493,0,90,16,0,0,0,1,0,0,0,0,0
16494,0,0,0,0,0,257,0,0,0,0,1,0
16495,0,0,0,0,0,0,3,0,0,0,0,0
16496,0,0,0,0,0,0,96,10,0,0,0,0
16497,1,106,10,0,0,0,0,0,0,0,0,0
16498,0,0,0,0,0,0,0,0,0,3,15,0
16499,35,20,0,0,0,0,0,0,0,0,0,0
16500,5,65,21112,0,0,0,0,0,0,244,26,0
16501,0,0,0,0,0,0,123,2,0,0,0,0
16502,0,0,0,0,0,1,0,0,0,0,0,0
16503,0,0,0,8,11,350,0,0,0,0,1,0
16504,0,0,0,0,0,0,0,0,0,0,0,0
16505,0,0,0,0,0,0,0,0,0,0,0,0
16506,0,0,0,1,1,206,0,0,0,0,0,0
16507,0,0,0,0,0,0,1,4,0,0,0,0
16508,0,0,0,0,0,0,0,34,0,0,0,0
16509,0,0,0,0,5,233,0,0,0,0,0,0
16510,0,0,0,20,0,37,0,0,0,0,0,0
16511,0,0,0,2,0,3,0,0,0,0,0,0
16512,8,2537,0,0,0,0,16,0,0,0,0,0
16513,0,0,0,0,0,5,0,0,0,0,0,0
16514,1,28,1,0,0,0,0,0,0,0,0,0
16515,0,0,0,2,0,119,0,0,0,0,1,0
16516,0,0,0,0,0,0,0,0,0,0,0,0
16517,1,17,1,0,0,0,5,0,0,0,0,0
16518,0,28,4,0,0,0,0,0,0,0,0,0
16519,5,0,1,0,0,0,0,0,0,0,0,0
16520,1,12,3,0,0,0,0,0,0,0,0,0
16521,0,0,0,7,4,365,0,0,0,0,0,0
16522,1,131,0,0,0,0,0,0,0,0,0,0
16523,0,0,0,0,0,1,0,0,0,7,642,0
16524,1,108,2,0,0,0,0,0,0,0,0,0
16525,0,0,0,6,0,1,0,0,0,0,0,0
16526,0,0,0,0,0,0,1,5,1,0,0,0
16527,0,0,0,0,0,65,0,0,0,0,0,0
16528,0,0,0,0,2,0,261,924,0,0,0,0
16529,0,0,0,0,1,35,0,0,0,0,0,0
16530,0,0,0,19,7,233,0,0,0,0,0,0
16531,0,0,0,0,0,0,1,0,0,0,0,0
16532,0,0,0,0,0,0,0,1,0,0,0,0
16533,0,0,0,2,0,42,0,0,0,0,0,0
16534,7,707,1,0,0,0,2,0,0,0,0,0
16535,0,0,0,0,0,0,42,5,7,0,0,0
16536,0,0,0,0,0,3,0,0,0,0,734,0
16537,0,0,0,0,1,0,94,106,5,0,0,0
16538,44,393,26,0,0,0,1,0,0,0,0,0
16539,0,0,0,1,0,395,0,0,0,0,1,0
16540,4,38,0,0,0,0,0,0,0,0,0,0
16541,3,1062,176,0,0,0,3,0,0,1,0,0
16542,0,0,0,2,2,249,0,0,0,0,0,0
16543,0,1,0,0,0,0,128,102,0,0,0,0
16544,0,0,0,0,6,9,0,0,0,0,0,0
16545,0,0,0,1,0,55,0,0,0,0,0,0
16546,0,21,0,0,0,0,0,0,0,0,0,0
16547,0,0,0,0,0,0,0,0,0,11,158,0
16548,0,0,0,66,16,460,0,0,0,0,0,0
16549,0,0,0,0,44,0,62,779,0,0,0,0
16550,1,80,23,0,0,0,0,0,0,0,0,0
16551,0,0,0,0,0,0,0,0,0,15,371,3
16552,0,0,0,0,0,5,0,0,0,0,0,0
16553,0,0,0,0,0,1,0,0,0,0,0,0
16554,0,0,0,0,0,70,0,0,0,0,0,0
16555,76,1,0,2,0,0,0,0,0,0,0,0
16556,0,1,0,0,0,0,0,0,0,0,0,0
16557,0,0,0,0,0,140,0,0,0,0,0,0
16558,0,0,0,0,0,0,47,192,3,0,0,0
16559,0,0,0,0,0,0,0,0,0,8,180,0
16560,54,200,3,0,0,0,3,0,0,0,0,0
16561,7,26,4,0,0,0,0,0,0,0,0,0
16562,0,0,0,0,0,1,0,0,0,0,0,0
16563,0,0,0,106,1,343,0,0,0,0,1,0
16564,0,0,0,0,0,0,52,275,1,0,0,0
16565,0,0,0,0,0,0,0,0,0,0,6,1
16566,36,150,17,0,0,0,0,0,0,0,0,0
16567,1,7,0,0,0,0,0,0,0,0,0,0
16568,0,0,0,0,0,0,0,0,0,0,161,0
16569,3,699,6,0,0,0,3,0,0,0,0,0
16570,0,0,0,9,0,3,0,0,0,0,0,0
16571,0,0,0,0,0,0,1,12,6,0,0,0
16572,0,0,0,0,0,100,0,0,0,0,0,0
16573,0,0,0,0,0,0,5,23,1,0,0,0
16574,0,2,2,0,0,0,0,0,0,0,0,0
16575,0,0,0,0,0,23,0,0,0,8,4567,0
16576,0,0,0,0,1,0,0,0,0,0,0,0
16577,0,0,0,0,0,0,2,2,1,0,0,0
16578,0,0,0,0,0,0,2,5,1,0,0,0
16579,1,58,0,0,0,0,0,0,0,0,0,0
16580,0,0,0,0,0,0,0,0,0,29,549,1
16581,51,56,0,0,0,0,0,0,0,0,0,0
16582,9,12,9,0,0,0,0,0,0,0,0,0
16583,2,245,63,0,0,0,0,0,0,0,0,0
16584,0,0,0,9,1,78,0,0,0,0,0,0
16585,0,1,0,0,0,0,477,12,7,0,0,0
16586,0,0,0,0,0,0,0,0,0,2,94,1
16587,0,0,0,22,2,74,0,0,0,0,0,0
16588,0,0,0,0,2,0,112,231,0,0,0,0
16589,0,0,0,0,0,0,4,20,1,0,0,0
16590,0,0,0,0,0,119,0,0,0,0,0,0
16591,0,0,0,0,0,0,4,26,1,0,0,0
16592,0,29,4,0,0,0,0,0,0,0,0,0
16593,0,0,0,0,1,250,0,0,0,0,0,0
16594,0,0,0,0,0,2,0,0,0,0,0,0
16595,1,0,0,0,0,0,0,0,0,0,0,0
16596,0,0,0,0,0,2,0,0,0,0,2391,0
16597,2,27,0,0,0,0,0,0,0,0,0,0
16598,0,0,0,0,0,0,0,0,0,0,0,0
16599,0,0,0,2,1,124,0,0,0,0,0,0
16600,0,0,0,1,0,17,0,0,0,0,0,0
16601,0,0,0,1,0,7,0,0,0,0,0,0
16602,2,537,0,0,0,0,2,0,0,0,0,0
16603,0,0,0,0,0,0,4,27,5,0,0,0
16604,0,0,0,0,0,0,0,0,0,0,18,0
16605,0,0,0,111,11,99,0,0,0,0,0,0
16606,0,15,0,0,0,0,0,0,0,0,0,0
16607,6,94,6,0,0,0,0,0,0,0,0,0
16608,0,0,0,0,0,8,0,0,0,0,935,0
16609,0,801,0,0,0,0,2,0,0,0,0,0
16610,0,0,0,0,0,1,0,0,0,57,106,0
16611,0,0,1,0,0,2,0,0,0,264,547,0
16612,0,0,0,4,1,10,0,0,0,0,0,0
16613,0,0,0,0,0,0,3,0,1,0,0,0
16614,0,0,0,0,0,131,0,0,0,0,1,0
16615,1,22,1,0,0,0,0,0,0,0,0,0
16616,0,0,0,0,0,5,0,0,0,817,2762,3
16617,0,0,0,45,3,97,0,0,0,0,0,0
16618,0,0,0,0,0,0,3,1,1,0,0,0
16619,0,4,6,0,0,0,0,0,0,0,0,0
16620,0,88,1,0,0,0,0,0,0,0,0,0
16621,0,10,27,0,0,0,0,0,0,0,0,0
16622,2,13,0,0,0,0,1867,2,2,0,0,0
16623,0,41,3,0,0,0,5,0,0,0,0,0
16624,0,0,0,0,0,0,0,0,0,39,10,0
16625,0,0,0,0,0,0,0,0,0,0,0,0
16626,0,0,0,0,0,2,0,0,0,8,510,0
16627,0,0,0,0,0,0,0,0,0,0,0,0
16628,0,17,2,0,0,0,0,0,0,0,0,0
16629,0,2,0,0,0,0,87,6,0,0,0,0
16630,0,0,0,0,0,0,0,0,0,9,1,0
16631,0,0,0,0,0,13,0,0,0,0,0,0
16632,0,0,0,4,17,180,0,0,0,0,0,0
16633,0,0,0,0,0,1,0,0,0,0,0,0
16634,0,0,0,0,0,2,0,0,0,0,0,0
16635,0,0,0,0,0,137,0,0,0,0,0,0
16636,0,0,0,0,0,0,0,88,0,0,0,0
16637,0,0,0,0,0,0,0,0,0,0,4,2
16638,40,396,11,0,0,0,3,0,0,0,0,0
16639,0,0,0,0,0,0,0,152,0,0,0,0
16640,0,0,0,0,0,0,0,0,0,2,16,0
16641,76,117,14,0,0,0,0,0,0,0,0,0
16642,0,0,0,0,0,0,2,1,0,0,0,0
16643,0,0,0,0,0,0,0,0,0,0,0,0
16644,1,2450,0,0,0,0,13,0,0,0,0,0
16645,1,2,0,0,0,0,0,0,0,0,0,0
16646,0,0,0,0,0,0,0,0,0,1,73,0
16647,0,2,0,0,1,0,575,5409,74,0,0,0
16648,0,0,0,0,0,0,0,0,0,10,2,26
16649,0,0,0,0,2,1,0,0,0,0,0,0
16650,0,0,0,0,0,0,0,0,0,62,344,2
16651,0,0,0,0,0,0,0,0,0,0,0,0
16652,0,15,0,0,0,0,0,0,0,0,0,0
16653,0,145,0,0,0,0,0,0,0,0,0,0
16654,0,0,0,0,0,0,9,174,0,0,0,0
16655,0,0,0,0,0,0,0,0,0,0,32,0
16656,0,0,0,4,2,267,0,0,0,0,1,0
16657,1,1,0,0,0,0,0,0,0,0,0,0
16658,0,0,0,0,0,2,0,0,0,88,480,10
16659,0,0,0,62,10,132,0,0,0,0,0,0
16660,0,0,0,0,0,0,1,1,0,0,0,0
16661,1,0,1,0,0,0,0,0,0,0,0,0
16662,0,0,0,0,0,0,400,2,1,0,0,0
16663,0,0,0,0,0,0,2,0,0,0,0,0
16664,0,1,0,0,0,0,0,0,0,0,0,0
16665,0,0,0,0,0,0,179,3,3,0,0,0
16666,0,2,0,0,0,0,0,0,0,0,0,0
16667,0,0,0,0,0,0,0,0,0,1,211,0
16668,7,321,8,0,0,0,0,0,0,0,0,0
16669,0,0,0,2,5,21,0,0,0,0,0,0
16670,0,0,0,0,0,4,0,0,0,0,0,0
16671,0,0,0,1,0,158,0,0,0,0,1,0
16672,0,0,38,0,0,0,0,0,0,0,0,0
16673,0,3,0,0,0,0,0,0,0,0,0,0
16674,1,69,0,0,0,0,0,0,0,0,0,0
16675,0,0,0,0,0,0,0,0,0,33,353,0
16676,0,0,0,0,3,2,0,0,0,0,0,0
16677,0,0,0,0,0,0,140,88,1,0,0,0
16678,0,0,0,2,1,1,0,0,0,0,0,0
16679,0,0,0,0,0,0,0,0,0,3,16,0
16680,0,0,0,5,30,66,0,0,0,0,2,0
16681,0,0,0,0,0,14,0,0,0,0,0,0
16682,11,28,0,0,0,0,0,0,0,0,0,0
16683,0,0,0,0,0,507,0,0,0,0,0,0
16684,0,0,0,0,0,0,37,0,2,0,0,0
16685,0,0,0,0,0,0,0,1,0,0,0,0
16686,0,0,0,0,0,25,0,0,0,0,0,0
16687,2,1265,9,0,0,0,1,0,0,0,0,0
16688,0,0,0,1,164,15,0,0,0,0,0,0
16689,0,0,0,71,0,64,0,0,0,0,0,0
16690,0,0,0,0,0,0,2,50,2,0,0,0
16691,0,0,0,0,0,0,0,0,0,0,17,2
16692,0,0,0,4,4,1191,0,0,0,0,2,0
16693,0,40,1,0,0,0,0,0,0,0,0,0
16694,0,0,0,0,0,18,0,0,0,34,1669,2
16695,0,0,0,12,53,79,0,0,0,0,0,0
16696,0,0,0,0,16,0,41,456,1,0,0,0
16697,0,0,0,0,0,85,0,0,0,0,0,0
16698,0,92,1,0,0,0,1,0,0,0,0,0
16699,0,0,0,0,0,0,0,0,0,112,584,14
16700,0,1,0,0,0,0,290,178,1,0,0,0
16701,0,0,0,0,3,125,0,0,0,0,0,0
16702,0,0,0,0,0,0,1,1,0,0,0,0
16703,1,4,0,0,0,0,0,0,0,0,0,0
16704,33,125,65,6,0,0,0,0,0,0,0,0
16705,0,0,0,0,108,0,152,499,1,0,0,0
16706,0,0,0,0,1,13,0,0,0,0,0,0
16707,0,1,0,0,1,0,45,122,40,0,0,0
16708,0,0,0,0,0,6,0,0,0,28,861,42
16709,0,0,0,1,0,4,0,0,0,0,0,0
16710,0,1,0,0,0,0,378,128,0,0,0,0
16711,0,0,0,1,34,1,0,1,0,0,0,0
16712,0,0,0,0,0,0,0,0,0,3,20,0
16713,0,0,0,141,8,31,0,0,0,0,0,0
16714,0,0,0,0,0,0,0,1,0,0,0,0
16715,0,3,1,0,0,0,0,0,0,0,0,0
16716,0,0,0,0,0,2,0,0,1,15,685,580
16717,0,2,8,0,0,0,0,0,0,0,0,0
16718,0,0,0,0,0,0,141,1,0,0,0,0
16719,0,107,2,0,0,0,1,0,0,0,0,0
16720,0,0,0,0,0,0,58,2,2,0,0,0
16721,0,1,9,0,0,0,0,0,0,0,0,0
16722,2,187,42,0,0,0,0,0,0,0,0,0
16723,0,0,0,0,0,111,0,0,0,0,0,0
16724,0,0,0,0,0,8,0,0,0,0,0,0
16725,5,203,0,0,0,0,0,0,0,0,0,0
16726,0,0,0,0,0,687,0,0,0,5,73167,71
16727,1,11,0,0,0,0,0,0,0,0,0,0
16728,0,0,0,5,5,340,0,0,0,0,1,0
16729,0,0,0,0,0,0,0,0,0,45,33,2
16730,0,0,0,0,0,2,0,0,0,0,0,0
16731,0,0,0,9,60,273,0,0,0,0,0,0
16732,0,0,0,1,22,0,0,0,0,0,0,0
16733,0,0,0,0,0,11,0,0,0,1,3084,1
16734,40,447,10,0,0,0,23,0,0,0,0,0
16735,0,0,0,0,1,2,0,0,0,0,0,0
16736,0,0,0,0,0,0,0,2,0,0,0,0
16737,0,0,0,0,0,0,0,1,1,0,0,0
16738,0,0,0,0,0,0,0,2,9,0,0,0
16739,1,2,46,0,0,0,0,0,0,0,0,0
16740,95,166,23,0,0,0,1,0,0,0,0,0
16741,0,0,0,0,7,0,474,2829,11,0,0,2
16742,0,0,0,2,994,19,0,2,0,0,0,0
16743,0,0,0,47,1,527,0,0,0,0,4,0
16744,0,0,0,0,0,0,4250,74,0,0,0,0
16745,0,0,0,0,0,0,114,26,3,0,0,0
16746,0,0,0,1,0,339,0,0,0,0,0,0
16747,0,1,0,0,0,0,0,0,0,0,0,0
16748,1,1094,1,0,0,0,1,0,0,0,0,0
16749,0,134,2,0,0,0,0,0,0,0,0,0
16750,0,0,0,0,0,14,0,0,0,18,2924,2
16751,0,0,2,0,0,0,0,0,0,468,57,3
16752,0,0,0,4,5,120,0,0,0,0,0,0
16753,1,0,2,0,0,0,0,0,0,0,0,0
16754,0,0,0,0,0,0,29,4,2,0,0,0
16755,0,88,0,0,0,0,0,0,0,0,0,0
16756,0,0,0,0,0,0,0,0,0,1,230,0
16757,0,0,0,0,0,0,0,0,0,1,9,0
16758,3,36,0,0,0,0,1,0,0,0,0,0
16759,0,0,0,0,0,0,0,0,0,3,93,1
16760,0,0,0,0,0,0,0,0,0,1,7,0
16761,10,102,21,0,0,0,0,0,0,1,0,0
16762,0,0,0,0,0,9,0,0,2,0,1275,10
16763,0,0,0,1,0,0,0,0,0,0,0,0
16764,0,0,0,7,0,345,0,0,0,0,2,0
16765,0,0,0,0,0,0,0,0,0,0,0,0
16766,0,24,1,0,0,0,0,0,0,0,0,0
16767,0,0,0,0,0,7,0,0,0,0,1279,1
16768,0,0,0,0,0,3,0,0,0,70,12,0
16769,0,0,0,0,0,0,1,1,1,0,0,0
16770,7,71,44,0,0,0,0,0,0,0,1,0
16771,0,1,0,0,0,0,0,0,0,0,0,0
16772,0,0,0,0,0,0,0,0,0,0,0,0
16773,0,0,0,0,0,288,0,0,0,0,4,0
16774,0,0,0,0,0,1,0,0,0,0,0,0
16775,0,137,0,0,0,0,0,0,0,0,0,0
16776,0,0,0,0,0,118,0,0,0,0,0,0
16777,0,0,0,0,0,0,1,47,0,0,0,0
16778,0,0,0,0,5,1,0,0,0,0,0,0
16779,0,0,0,0,0,1,0,0,0,32,144,0
16780,0,0,0,0,0,3,0,0,0,0,0,0
16781,0,0,0,0,0,0,0,0,0,0,0,0
16782,0,0,0,2,0,79,0,0,0,0,0,0
16783,0,2,0,0,0,0,0,0,0,0,0,0
16784,0,0,0,0,0,0,0,0,0,0,0,0
16785,0,0,0,60,20,135,0,0,0,0,0,0
16786,0,0,0,0,0,0,4,17,0,0,0,0
16787,0,0,0,0,0,0,1,10,28,0,0,1
16788,0,0,0,0,4,54,0,0,0,0,0,0
16789,0,0,0,0,0,1,0,0,0,0,0,0
16790,13,16,0,0,0,0,0,0,0,0,0,0
16791,0,0,0,0,0,287,0,0,0,0,1,0
16792,0,0,0,0,0,0,0,0,0,1,71,0
16793,0,0,0,0,0,0,114,4,0,0,0,0
16794,0,0,0,1,3,298,0,0,0,0,3,0
16795,0,0,0,0,2,0,44,2067,22,0,0,0
16796,0,0,0,0,0,40,0,0,0,0,0,0
16797,5,1371,35,0,0,0,2,0,0,0,0,0
16798,1,68,1,0,0,0,0,0,0,0,0,0
16799,0,0,0,0,0,0,0,0,0,33,2,0
16800,0,0,0,4,1,982,0,0,0,0,1,0
16801,0,0,0,0,0,0,0,0,0,0,0,0
16802,0,29,0,0,0,0,0,0,0,0,0,0
16803,0,31,0,0,0,0,0,0,0,0,0,0
16804,0,6,0,0,0,0,0,0,0,0,0,0
16805,0,1,2,0,0,0,0,0,0,0,0,0
16806,0,0,0,0,0,0,0,0,0,0,285,0
16807,1,1,2,0,0,0,0,0,0,0,0,0
16808,0,0,0,0,0,0,50,0,1,0,0,0
16809,0,0,0,0,0,115,0,0,0,0,1,0
16810,0,1,0,0,0,0,0,0,0,0,0,0
16811,0,7,0,0,0,0,0,0,0,0,0,0
16812,0,34,0,0,0,0,0,0,0,0,0,0
16813,0,1,0,0,0,0,126,449,1,0,0,0
16814,0,0,0,0,0,131,0,0,0,0,0,0
16815,1,51,5,0,0,0,0,0,0,0,0,0
16816,0,0,0,0,0,0,0,0,0,19,0,0
16817,0,0,0,0,0,0,0,0,0,0,0,0
16818,4,54,18,0,0,0,1,0,0,0,0,0
16819,4,88,6,0,0,0,0,0,0,0,0,0
16820,0,0,0,0,1,281,0,0,0,0,2,0
16821,10,21,1,0,0,0,1,0,0,0,0,0
16822,0,0,0,0,0,0,0,0,0,0,0,0
16823,0,0,0,0,0,0,0,1,3,0,0,0
16824,133,181,19,0,0,0,0,0,0,0,0,0
16825,0,0,0,0,0,0,0,0,0,0,0,0
16826,0,1,0,0,0,0,0,0,0,0,0,0
16827,0,3,0,0,0,0,538,15,0,0,0,0
16828,0,0,0,0,0,16,0,0,0,0,0,0
16829,1,131,0,0,0,0,1,0,0,0,0,0
16830,0,0,0,0,0,0,0,0,0,0,550,0
16831,1,18,0,0,0,0,0,0,0,0,0,0
16832,0,0,1,0,0,0,0,0,0,36,8,0
16833,0,0,0,0,0,0,0,0,0,53,204,0
16834,0,0,0,4,0,23,0,0,0,0,0,0
16835,0,0,0,0,0,0,0,0,0,0,0,0
16836,0,0,0,0,1,63,0,0,0,0,0,0
16837,0,0,0,0,0,0,5,1,6,0,0,0
16838,0,43,10,0,0,0,0,0,0,1,0,0
16839,4,75,9,0,0,0,0,0,0,0,0,0
16840,0,0,106,0,0,0,0,0,0,1,0,0
16841,0,10,0,0,0,0,0,0,0,0,0,0
16842,2,69,1,0,0,0,0,0,0,0,0,0
16843,0,0,0,0,1,0,155,185,0,0,0,0
16844,0,0,0,0,0,0,9,12,0,0,0,0
16845,0,0,0,4,8,339,0,0,0,0,0,0
16846,0,0,0,0,0,0,6,731,0,0,0,0
16847,0,12,0,0,0,0,0,0,0,0,0,0
16848,0,0,0,0,0,2,0,0,0,18,230,0
16849,0,0,0,1,0,0,0,0,0,0,0,0
16850,0,6,0,0,0,0,0,0,0,0,0,0
16851,0,0,0,0,0,189,0,0,0,0,1,0
16852,0,0,0,0,1,0,169,1624,3,0,0,0
16853,0,0,0,0,2,0,123,1303,6,0,0,0
16854,6,0,0,551,5,59,0,0,0,0,0,0
16855,0,0,0,0,0,0,9,100,4,0,0,0
16856,0,140,7,0,0,0,0,0,0,0,0,0
16857,0,0,0,32,7,1099,0,0,0,0,9,0
16858,0,1,0,0,0,0,183,34,2,0,0,0
16859,0,0,0,0,0,1,0,0,0,3,749,0
16860,0,0,0,12,5,94,0,0,0,0,0,0
16861,0,2,0,0,0,0,212,176,0,0,0,0
16862,0,0,0,0,0,19,0,0,0,0,0,0
16863,0,0,0,5,7,259,0,0,0,0,0,0
16864,0,2,0,0,0,0,411,82,12,0,0,0
16865,0,0,0,0,1,2,0,0,0,0,0,0
16866,0,0,0,14,18,68,0,0,0,0,0,0
16867,0,0,0,0,0,22,0,0,0,0,0,0
16868,1,35,0,0,0,0,0,0,0,0,0,0
16869,0,0,0,0,0,2,0,0,0,0,3014,0
16870,0,0,3,0,0,0,0,0,0,264,0,0
16871,0,0,0,0,0,0,49,9,0,0,0,0
16872,30,116,36,0,0,0,0,0,0,0,0,0
16873,0,0,0,0,0,0,23,15,0,0,0,0
16874,0,0,0,0,0,0,2,2,0,0,0,0
16875,0,0,0,1,0,54,0,0,0,0,0,0
16876,1,68,0,0,0,0,0,0,0,0,0,0
16877,0,0,0,0,0,4,0,0,0,12,2777,2
16878,72,63,0,1,0,0,0,0,0,0,0,0
16879,0,48,95,0,0,0,0,0,0,1,0,0
16880,0,0,0,0,0,0,0,0,0,2,23,0
16881,3,172,0,0,0,0,0,0,0,0,0,0
16882,0,19,25,0,0,0,0,0,0,0,0,0
16883,0,0,1,0,0,0,0,0,0,53,59,2
16884,0,0,0,32,63,16,0,0,0,0,0,0
16885,0,0,0,42,0,98,0,0,0,0,0,0
16886,1,11,1,0,0,0,0,0,0,0,0,0
16887,0,0,0,0,0,0,0,0,0,0,0,0
16888,0,0,0,0,0,0,0,0,0,0,0,0
16889,0,10575,0,0,0,0,77,0,0,0,0,0
16890,1,296,0,0,0,0,0,0,0,0,0,0
16891,0,0,0,1,23,112,0,0,0,0,0,0
16892,0,0,0,1,0,8,0,0,0,0,0,0
16893,1,33,0,0,0,0,0,0,0,0,0,0
16894,1,3,5,0,0,0,0,0,0,0,0,0
16895,1,288,7,0,0,0,1,0,0,0,0,0
16896,0,0,0,1,1,1602,0,0,0,0,0,0
16897,0,2,0,0,1,0,604,177,10,0,0,0
16898,0,0,0,0,8,28,0,0,0,0,0,0
16899,0,0,0,16,12,65,0,0,0,0,0,0
16900,0,2,0,0,1,0,444,119,3,0,0,0
16901,0,0,0,0,0,0,98,1,0,0,0,0
16902,0,0,0,1,0,142,0,0,0,0,3,0
16903,0,0,0,0,0,0,1,1,0,0,0,0
16904,3,1,0,0,0,0,0,0,0,0,0,0
16905,0,0,0,0,0,167,0,0,0,0,0,0
16906,0,0,0,2,1,59,0,0,0,0,0,0
16907,3,221,0,0,0,0,0,0,0,0,0,0
16908,0,0,0,0,0,151,0,0,0,0,0,0
16909,0,0,0,0,0,76,0,0,0,0,0,0
16910,0,0,0,0,10,2,0,0,0,0,0,0
16911,0,0,0,6,1,67,0,0,0,0,0,0
16912,0,0,0,0,6,0,91,2212,4,0,0,0
16913,0,0,0,1,0,8,0,0,0,0,0,0
16914,0,1,0,0,24,0,82,3859,1,0,0,0
16915,0,0,0,0,0,28,0,0,0,5,7317,0
16916,0,0,0,0,0,2,0,0,0,0,0,0
16917,0,0,0,0,4,0,171,1776,27,0,0,0
16918,0,16,0,0,0,0,0,0,0,0,0,0
16919,0,0,0,0,0,0,0,0,0,0,1,0
16920,5,184,16,0,0,0,0,0,0,0,0,0
16921,0,0,0,0,0,1,0,0,0,0,0,0
16922,0,0,0,0,0,0,0,0,0,0,8,0
16923,6,58,10,0,0,0,1,0,0,0,0,0
16924,0,0,0,0,0,0,0,0,0,0,2,0
16925,3,20,0,0,0,0,0,0,0,0,0,0
16926,0,0,0,0,0,487,0,0,0,0,0,0
16927,0,91,0,0,0,0,0,0,0,0,0,0
16928,0,0,0,0,0,1,0,0,0,0,125,0
16929,25,567,39,0,0,0,0,0,0,0,0,0
16930,0,0,0,0,0,0,126,0,1,0,0,0
16931,0,0,0,2,0,1,0,0,0,0,0,0
16932,16,173,1,0,0,0,1,0,0,0,0,0
16933,3,49,2,0,0,0,0,0,0,0,0,0
16934,0,0,0,1,1,8,0,0,0,0,0,0
16935,0,0,0,0,5,0,83,2935,5,0,0,0
16936,0,0,0,0,0,0,0,0,0,1,75,1
16937,0,0,0,0,0,0,0,0,0,4,31,1
16938,63,263,15,0,0,0,0,0,0,0,0,0
16939,0,0,0,1,1,725,0,0,0,0,2,0
16940,0,0,0,0,0,0,0,0,0,0,0,0
16941,0,78,0,0,0,0,0,0,0,0,0,0
16942,2,30,4,0,0,0,0,0,0,0,0,0
16943,0,0,0,0,0,0,29,1025,6,0,0,0
16944,0,0,0,1,2,71,0,0,0,0,0,0
16945,0,0,0,0,0,0,66,242,0,0,0,0
16946,0,0,0,0,0,0,0,0,0,0,158,0
16947,62,93,8,1,0,0,0,0,0,0,0,0
16948,0,0,0,0,0,1,0,0,0,10,501,0
16949,0,0,0,0,0,0,0,0,0,7,48,0
16950,0,0,0,44,11,244,0,0,0,0,1,0
16951,2,8,0,0,0,0,0,0,0,0,0,0
16952,0,0,0,0,0,2,0,0,0,0,1439,0
16953,1,30,16,0,0,0,0,0,0,0,0,0
16954,0,0,0,0,0,10,0,0,0,12,2768,2
16955,0,0,0,0,0,2,0,0,0,0,0,0
16956,3,140,3,0,0,0,0,0,0,0,0,0
16957,0,0,0,0,0,0,74,510,5,0,0,0
16958,0,0,0,81,1,41,0,0,0,0,0,0
16959,0,0,0,0,0,0,118,101,9,0,0,0
16960,0,0,0,0,0,0,0,0,0,43,49,0
16961,0,0,0,0,0,0,0,0,0,4,90,0
16962,5,220,16,0,0,0,0,0,0,0,0,0
16963,0,0,0,0,0,0,0,0,0,1,2,1
16964,0,0,0,0,0,0,0,0,0,0,0,0
16965,1,213,0,0,0,0,0,0,0,0,0,0
16966,0,0,0,0,0,0,23,5,5,0,0,0
16967,8,59,18,0,0,0,0,0,0,0,0,0
16968,0,1,0,0,3,0,758,725,3,0,0,0
16969,0,0,0,0,0,0,0,0,0,4,67,1
16970,2,61,0,0,0,0,0,0,0,0,0,0
16971,0,0,1,0,0,0,0,0,0,141,231,3
16972,0,0,0,3,0,31,0,0,0,0,0,0
16973,2,10,1,0,0,0,0,0,0,0,0,0
16974,0,0,0,0,0,60,0,0,0,0,0,0
16975,0,0,0,0,3,0,93,911,0,0,0,0
16976,0,0,0,1,3,58,0,0,0,0,0,0
16977,0,0,0,0,4,50,0,0,0,0,0,0
16978,0,38,3,0,0,0,0,0,0,0,0,0
16979,0,0,0,0,0,0,139,79,6,0,0,0
16980,1,128,73,0,0,0,0,0,0,0,0,0
16981,0,71,7,0,0,0,0,0,0,0,0,0
16982,0,0,0,0,1,14,0,0,0,0,0,0
16983,0,0,0,21,9,88,0,0,0,0,0,0
16984,1,40,0,0,0,0,0,0,0,0,0,0
16985,0,0,1,0,0,0,0,0,0,109,1624,1
16986,0,0,0,36,9,11292,0,0,0,0,92,0
16987,0,0,0,0,0,0,13,7,3,0,0,0
16988,0,0,0,0,0,0,10,7,2,0,1,0
16989,0,0,0,0,0,0,0,0,0,27,600,0
16990,0,0,0,9,27,105,0,0,0,0,0,0
16991,0,0,0,0,0,2,0,0,0,0,0,0
16992,0,309,0,0,0,0,0,0,0,0,0,0
16993,0,0,0,13,0,1473,0,0,0,0,4,0
16994,0,9,0,0,0,0,0,0,0,0,0,0
16995,0,0,0,0,0,0,0,0,0,0,805,0
16996,0,0,0,0,0,0,0,0,0,51,72,0
16997,0,0,0,0,0,0,0,0,0,11,341,0
16998,18,774,21,0,0,0,1,0,0,0,0,0
16999,5,29,0,0,0,0,0,0,0,0,0,0
17000,0,0,0,0,0,1,0,0,0,1,378,1
17001,2,58,8,0,0,0,0,0,0,0,0,0
17002,0,0,0,0,0,1,0,0,0,11,1079,2
17003,0,0,0,0,1,4,0,0,0,0,0,0
17004,0,0,0,0,0,15,0,0,0,48,5265,0
17005,14,2,51,0,0,0,0,0,0,2,0,0
17006,1,17,3,0,0,0,0,0,0,0,0,0
17007,0,0,0,0,0,747,0,0,0,0,1,0
17008,5,248,1,0,0,0,1,0,0,0,0,0
17009,0,0,0,2,37,213,0,0,0,0,0,0
17010,0,0,0,0,0,15,0,0,0,92,5438,12
17011,0,0,0,21,48,27,0,0,0,0,0,0
17012,0,0,0,0,0,34,0,0,0,0,4935,0
17013,36,165,19,0,0,0,0,0,0,0,0,0
17014,0,1,0,1,182,0,84,29622,53,0,0,0
17015,2,62,9,0,0,0,0,0,0,0,0,0
17016,0,0,0,13,10,304,0,0,0,0,1,0
17017,0,0,0,0,0,0,13,0,5,0,0,0
17018,15,143,35,0,0,0,0,0,0,0,0,0
17019,0,1,0,0,98,2,505,17138,138,0,0,0
17020,0,0,0,0,10,18,0,0,0,0,0,0
17021,0,0,0,2,5,13,0,0,0,0,0,0
17022,0,0,0,1,0,49,0,0,0,0,0,0
17023,0,0,0,13,1121,67,0,0,0,0,2,0
17024,0,0,0,0,0,0,0,0,0,3,242,1
17025,0,0,0,0,10,107,0,0,0,0,3,0
17026,7,49,0,0,0,0,0,0,0,0,0,0
17027,0,0,0,0,0,0,321,104,0,0,0,0
17028,0,0,0,0,0,1,0,0,0,3,367,0
17029,211,18,2,3,0,0,0,0,0,0,0,0
17030,1,115,14,0,0,0,0,0,0,0,0,0
17031,0,0,0,6,4,100,0,0,0,0,0,0
17032,0,0,0,0,0,0,94,81,0,0,0,0
17033,0,0,0,4,1,28,0,0,0,0,0,0
17034,0,0,0,142,5,225,0,0,0,0,0,0
17035,0,0,0,0,0,0,51,159,1,0,0,0
17036,0,0,0,0,0,0,0,0,0,0,359,0
17037,86,37,18,1,0,0,0,0,0,0,0,0
17038,0,68,23,0,0,0,0,0,0,1,0,0
17039,3,183,38,0,0,0,2,0,0,0,0,0
17040,0,0,0,28,19,211453,0,0,0,10,1989,0
17041,0,0,0,0,0,16,0,0,0,0,0,0
17042,2,806,1,0,0,0,0,0,0,0,0,0
17043,0,0,0,0,1,244,0,0,0,0,0,0
17044,0,0,0,0,0,0,0,0,0,0,2,0
17045,17,1,2,0,0,0,0,0,0,0,0,0
17046,3,47,0,0,0,0,0,0,0,0,0,0
17047,0,29,19,0,0,0,0,0,0,0,0,0
17048,1,64,8,0,0,0,0,0,0,0,0,0
17049,0,0,0,0,0,0,68,137,6,0,0,0
17050,0,0,0,0,0,0,233,31,2,0,0,0
17051,0,0,0,0,0,857,0,0,0,0,2,0
17052,0,0,0,60,6,38,0,0,0,0,0,0
17053,0,0,0,0,0,0,4,2,0,0,0,0
17054,0,0,0,0,0,0,0,2,0,0,0,0
17055,0,0,0,0,0,26,0,0,0,0,0,0
17056,3,343,3,0,0,0,2,0,0,0,0,0
17057,0,0,0,3,8,67,0,0,0,0,0,0
17058,0,0,0,0,9,0,92,2450,15,0,0,0
17059,0,0,0,0,0,0,0,0,0,12,0,0
17060,136,49,0,1,0,0,0,0,0,0,0,0
17061,0,89,3,0,0,0,0,0,0,0,0,0
17062,0,1,6,0,0,0,0,0,0,0,0,0
17063,3,177,1,0,0,0,0,0,0,0,0,0
17064,0,0,0,0,0,0,126,489,30,0,0,0
17065,0,0,0,10,2,122,0,0,0,0,1,0
17066,34,140,0,0,0,0,0,0,0,0,0,0
17067,0,0,0,0,0,204,0,0,0,0,1,0
17068,0,0,0,8,30,0,0,0,0,0,0,0
17069,0,0,0,0,0,0,0,0,0,7,55,0
17070,0,0,0,23,14,341,0,0,0,0,2,0
17071,2,20,0,0,0,0,0,0,0,0,0,0
17072,0,0,0,0,0,0,0,0,0,0,33,0
17073,0,34,4,0,0,0,1,0,0,0,0,0
17074,0,0,0,0,0,7,0,0,0,42,180,0
17075,0,0,0,4,0,1,0,0,0,0,0,0
17076,0,0,0,0,0,3,0,0,0,40,149,3
17077,0,0,0,0,0,0,0,0,0,6,2,4
17078,3,111,0,0,0,0,0,0,0,0,0,0
17079,0,52,0,0,0,0,1037,55,0,0,0,0
17080,0,0,0,0,0,0,0,0,0,0,0,0
17081,0,0,0,0,0,0,0,6,0,0,0,0
17082,4,518,3,0,0,0,44,1,0,0,0,0
17083,0,0,0,0,0,0,0,0,0,1,12,4
17084,0,0,0,0,0,0,0,0,0,0,5,0
17085,4,87,6,0,0,0,0,0,0,0,0,0
17086,0,0,0,0,0,0,0,0,0,1,1,0
17087,0,0,0,0,0,0,0,0,0,1,0,0
17088,0,0,0,89,23,44,0,0,0,0,0,0
17089,0,0,0,0,0,0,1,1,0,0,0,0
17090,0,0,0,0,0,0,0,0,0,0,0,0
17091,0,0,0,3,0,67,0,0,0,0,0,0
17092,0,0,1,0,0,0,0,0,0,0,0,0
17093,0,0,0,0,0,0,0,0,0,0,3,1
17094,0,0,0,11,48,70,0,0,0,0,0,0
17095,0,0,0,0,0,0,0,0,0,0,0,0
17096,0,0,0,0,0,0,0,21,0,0,0,0
17097,0,0,0,1,0,94,0,0,0,0,0,0
17098,0,0,0,0,0,0,0,0,0,0,0,0
17099,1,0,0,0,0,0,0,0,0,0,0,0
17100,0,1,0,0,0,0,59,0,1,0,0,0
17101,0,0,0,0,0,0,0,0,0,0,0,0
17102,0,0,0,0,0,0,0,0,1,0,0,0
17103,0,0,0,0,1,109,0,0,0,0,0,0
17104,0,0,0,0,0,41,0,0,0,1,6830,1
17105,8,19,0,0,0,0,0,0,0,0,0,0
17106,0,0,0,1,2,141,0,0,0,0,2,0
17107,0,0,0,5,4,3,0,0,0,0,0,0
17108,0,0,0,17,28,1,0,0,0,0,0,0
17109,0,0,0,2,1,43,0,0,0,0,0,0
17110,0,0,0,0,0,0,30,256,1,0,0,0
17111,0,0,0,0,0,0,0,0,0,0,34,0
17112,0,0,0,6,0,106,0,0,0,0,0,0
17113,1,124,0,0,0,0,1,0,0,0,0,0
17114,0,0,0,1,6,43,0,0,0,0,0,0
17115,0,0,0,86,4,374,0,0,0,0,1,0
17116,0,0,0,0,0,0,67,8,0,0,0,0
17117,0,0,0,0,0,0,6,1,0,0,0,0
17118,0,0,0,0,0,1,0,0,0,32,748,0
17119,0,0,8,0,0,21,0,0,0,1261,1184,1
17120,0,0,0,3,0,1,0,0,0,0,0,0
17121,123,72,6,3,0,0,0,0,0,0,0,0
17122,0,0,0,0,252,0,182,48075,9,0,0,0
17123,0,0,0,0,0,0,0,0,0,0,148,9
17124,0,0,0,4,78,278,0,0,0,0,0,0
17125,0,0,0,0,0,1,0,0,0,121,1761,240
17126,0,0,0,421,11,189,0,0,0,0,0,0
17127,0,0,0,0,0,6,0,0,0,60,1104,10
17128,0,0,0,0,0,15,0,0,0,0,0,0
17129,0,3,0,0,0,0,0,0,0,0,0,0
17130,0,0,0,0,0,0,0,0,0,0,259,0
17131,0,0,0,0,2,6,0,0,0,0,0,0
17132,0,8,0,0,0,0,0,0,0,0,0,0
17133,0,0,0,0,0,1,0,0,0,0,268,0
17134,0,0,0,0,0,0,0,0,0,24,377,0
17135,0,0,0,0,0,55,0,0,0,73,4101,4
17136,0,0,0,43,20,235,0,0,0,0,0,0
17137,0,0,0,51,2,112,0,0,0,0,0,0
17138,0,0,0,0,0,0,0,0,0,6,173,0
17139,1,0,0,189,17,115,0,0,0,0,0,0
17140,0,0,0,0,0,0,18,314,2,0,0,0
17141,0,0,0,0,0,0,0,0,0,27,53,6
17142,0,0,0,143,63,419,0,0,0,0,1,0
17143,0,0,0,0,0,0,0,0,0,3,41,0
17144,0,1,0,0,0,0,166,40,0,0,0,0
17145,0,0,0,0,0,2,0,0,0,3,217,2
17146,55,84,6,0,0,0,0,0,0,0,0,0
17147,0,0,0,0,0,32,0,0,0,0,0,0
17148,19,310,2,0,0,0,4,0,0,0,0,0
17149,0,0,0,0,0,0,44,55,0,0,0,0
17150,0,0,0,0,1,164,0,0,0,0,0,0
17151,0,0,0,0,0,0,274,34,0,0,0,0
17152,0,0,0,0,0,18,0,0,0,0,0,0
17153,19,160,0,0,0,0,1,0,0,0,0,0
17154,0,0,0,1,0,794,0,0,0,0,0,0
17155,0,39,0,0,0,0,0,0,0,0,0,0
17156,0,0,0,0,0,0,0,0,0,0,611,0
17157,5,69,3,0,0,0,0,0,0,0,0,0
17158,0,0,0,0,0,0,4,12,0,0,0,0
17159,0,0,0,0,0,0,0,0,0,0,2,0
17160,0,0,0,8,32,44,0,0,0,0,0,0
17161,0,0,0,1,1,1,0,0,0,0,0,0
17162,0,0,0,0,0,0,0,2,1,0,0,0
17163,0,0,0,0,0,0,0,0,0,0,238,0
17164,0,0,0,0,25,0,0,0,0,0,0,0
17165,0,0,0,0,0,0,0,0,0,0,2,0
17166,0,0,0,121,43,278,0,0,0,0,0,0
17167,0,0,0,0,0,0,0,0,0,0,11,0
17168,0,0,0,0,0,0,0,0,0,0,0,0
17169,0,0,0,0,0,375,0,0,0,0,1,0
17170,0,0,0,0,0,0,15,4,1,0,0,0
17171,0,0,0,0,0,0,0,0,0,0,1,0
17172,0,0,0,0,0,2,0,0,0,351,1838,2
17173,0,0,0,0,0,0,0,2,1,0,0,0
17174,0,0,0,0,0,0,0,0,0,43,0,0
17175,0,0,0,60,9,139,0,0,0,0,0,0
17176,0,0,0,0,0,0,4,0,40,0,0,0
17177,0,0,0,0,0,0,0,0,0,0,0,0
17178,0,0,0,0,0,0,0,0,0,0,0,0
17179,0,0,0,0,0,0,0,0,0,0,0,0
17180,0,0,0,0,0,0,0,0,0,0,0,0
17181,0,0,0,0,0,1343,0,0,0,0,3,0
17182,0,0,0,0,0,0,0,0,0,0,0,0
17183,0,0,0,0,0,0,0,0,0,1,0,0
17184,34,40,131,0,0,0,0,0,0,2,0,0
17185,0,0,1,0,0,0,0,0,0,44,46,0
17186,0,0,0,0,0,0,0,0,0,0,0,0
17187,3,439,1,0,0,0,1,0,0,0,0,0
17188,0,0,0,0,1,0,0,0,0,0,0,0
17189,0,0,0,0,0,0,0,0,0,0,0,0
17190,0,0,0,0,0,122,0,0,0,0,0,0
17191,0,0,0,0,0,0,15,0,0,0,0,0
17192,12,106,65,0,0,0,0,0,0,0,0,0
17193,0,4,0,0,4,0,131,3818,9,0,0,0
17194,0,0,0,0,0,0,0,0,0,0,0,0
17195,0,6,0,0,0,0,0,0,0,0,0,0
17196,0,0,0,0,0,0,99,0,0,0,0,0
17197,0,0,0,0,1,0,15,124,0,0,0,0
17198,0,0,0,0,0,0,0,0,0,0,0,0
17199,30,104,15,0,0,0,0,0,0,0,0,0
17200,0,0,0,5,56,69,0,0,0,0,1,0
17201,0,0,0,0,0,44,0,0,0,0,2,0
17202,0,86,0,0,0,0,0,0,0,0,0,0
17203,1,24,11,0,0,0,0,0,0,0,0,0
17204,2,103,10,0,0,0,0,0,0,0,0,0
17205,4,178,17,0,0,0,0,0,0,0,0,0
17206,0,0,0,2,1,206,0,0,0,0,1,0
17207,14,479,7,0,0,0,1,0,0,0,0,0
17208,0,0,0,0,0,237,0,0,0,0,3,0
17209,0,0,0,2,16,8,0,0,0,0,0,0
17210,0,0,0,0,0,1,0,0,0,0,0,0
17211,0,0,0,0,0,0,56,434,3,0,0,0
17212,0,0,0,0,0,0,0,0,0,13,13,0
17213,0,0,1,0,0,0,0,0,0,135,391,0
17214,0,0,0,1,23,1753,0,0,0,0,9,0
17215,5,60,3,0,0,0,0,0,0,0,0,0
17216,0,0,0,0,0,3,0,0,0,0,0,0
17217,47,20,1,0,0,0,0,0,0,0,0,0
17218,0,0,0,0,0,0,80,29,0,0,0,0
17219,3,54,78,0,0,0,0,0,0,0,0,0
17220,0,0,0,2,0,282,0,0,0,0,1,0
17221,0,1,1,0,0,0,0,0,0,0,0,0
17222,2,149,3,0,0,0,0,0,0,0,0,0
17223,1,85,1,0,0,0,0,0,0,0,0,0
17224,0,0,0,2,0,0,0,0,0,0,0,0
17225,0,0,0,0,0,0,0,0,0,0,0,0
17226,0,0,0,0,0,15,0,0,0,0,0,0
17227,1,1,1,0,0,0,0,0,0,0,0,0
17228,0,0,0,0,0,0,1,1,1,0,0,0
17229,0,0,0,0,0,24,0,0,0,0,0,0
17230,0,0,1,0,0,0,0,0,0,0,0,0
17231,0,0,0,0,0,0,0,0,0,0,0,0
17232,0,46,0,0,0,0,0,0,0,0,0,0
17233,1,200,35,0,0,0,0,0,0,0,0,0
17234,0,0,0,1,1,3,0,0,0,0,0,0
17235,0,0,0,11,0,148,0,0,0,0,0,0
17236,0,136034,0,0,0,0,706,1,0,0,0,0
17237,0,0,0,0,0,14,0,0,0,0,0,0
17238,1,4,0,0,0,0,0,0,0,0,0,0
17239,0,0,0,0,0,0,0,0,0,0,3,0
17240,0,0,0,0,0,0,0,0,0,0,0,0
17241,0,0,0,116,7,136,0,0,0,0,0,0
17242,0,0,0,0,0,0,324,22,0,0,0,0
17243,0,0,0,0,0,0,0,0,0,0,212,0
17244,0,224,5,0,0,0,1,0,0,0,0,0
17245,0,0,0,0,0,1,0,0,0,5,95,0
17246,0,0,0,0,0,0,15,21,0,0,0,0
17247,0,0,0,10,67,993,0,0,0,0,1,0
17248,0,0,0,0,0,0,41,28,1,0,0,0
17249,0,0,0,0,0,1,0,0,0,0,452,0
17250,0,0,0,7,84,196,0,0,0,0,0,0
17251,0,0,0,0,0,0,0,0,0,2,45,0
17252,0,0,0,0,0,0,132,71,0,0,0,0
17253,0,0,0,2,4,92,0,0,0,0,0,0
17254,0,0,0,0,0,0,65,21,1,0,0,0
17255,0,0,0,0,0,8,0,0,0,0,0,0
17256,30,171,8,0,0,0,0,0,0,0,0,0
17257,0,0,0,0,0,0,4,0,6,0,0,0
17258,4,5,68,0,0,0,0,0,0,0,0,0
17259,0,0,0,0,359,0,9,25932,14,0,0,0
17260,0,0,0,1,1,0,0,0,0,0,0,0
17261,0,0,0,0,0,0,33,23,0,0,0,0
17262,0,0,0,0,0,94,0,0,0,0,0,0
17263,0,0,0,0,0,0,0,0,0,0,0,0
17264,0,0,0,0,0,0,0,0,0,0,0,0
17265,0,0,0,0,0,24,0,0,0,0,0,0
17266,0,0,0,0,0,0,70,59,2,0,0,0
17267,5,428,14,0,0,0,0,0,0,0,0,0
17268,0,0,0,13,0,308,0,0,0,0,0,0
17269,0,2,5,0,0,0,0,0,0,0,0,0
17270,0,20,0,0,0,0,0,0,0,0,0,0
17271,0,91,0,0,0,0,0,0,0,0,0,0
17272,0,0,0,0,0,0,0,0,0,0,0,0
17273,0,0,0,0,0,1,0,0,0,0,0,0
17274,0,0,0,0,0,6,0,0,0,2,589,0
17275,0,2,3,0,0,0,0,0,0,0,0,0
17276,0,56,2,0,0,0,1,2,0,0,0,0
17277,7,63,18,0,0,0,0,0,0,0,0,0
17278,0,0,0,0,5,0,10,3500,33,0,0,0
17279,0,0,0,0,0,85,0,0,0,0,0,0
17280,0,0,0,0,1,0,41,2747,13,0,0,0
17281,0,0,0,0,0,0,0,0,0,0,0,0
17282,1,0,0,0,0,0,0,0,0,0,0,0
17283,0,0,0,0,0,126,0,0,0,0,0,0
17284,0,0,0,0,56,0,0,0,0,0,0,0
17285,0,0,0,0,0,14,0,0,0,0,2464,0
17286,92,56,2,0,0,0,1,0,0,0,0,0
17287,2,33,10,0,0,0,0,0,0,0,0,0
17288,0,0,0,0,0,7,0,0,0,5,2892,0
17289,1,59,2,0,0,0,0,0,0,0,0,0
17290,0,0,0,0,1,609,0,0,0,0,0,0
17291,0,0,0,0,0,3,0,0,0,0,0,0
17292,0,87,0,0,0,0,0,0,0,0,0,0
17293,0,0,0,0,0,0,4,1,0,0,0,0
17294,0,11,0,0,0,0,0,0,0,0,0,0
17295,0,33,1,0,0,0,0,0,0,0,0,0
17296,0,0,0,0,0,0,0,0,0,10,0,0
17297,2,54,1,0,0,0,0,0,0,0,0,0
17298,0,0,0,0,1,0,37,322,2,0,0,0
17299,0,0,0,0,0,21,0,0,0,0,0,0
17300,6,125,0,0,0,0,0,0,0,0,0,0
17301,0,0,0,0,0,164,0,0,0,0,0,0
17302,0,0,0,0,2,0,47,852,3,0,0,0
17303,0,0,0,1,1,39,0,0,0,0,0,0
17304,0,0,0,0,0,78,0,0,1,199,4792,167
17305,0,0,0,0,0,29,0,0,0,0,0,0
17306,0,0,0,0,0,4,0,0,0,0,0,0
17307,0,0,0,4,1,28,0,0,0,0,0,0
17308,0,0,0,8,0,0,0,0,0,0,0,0
17309,0,0,0,0,0,0,0,1,0,0,0,0
17310,0,0,0,0,0,322,0,0,0,0,0,0
17311,1,0,0,0,0,0,0,0,0,0,0,0
17312,0,0,0,0,0,0,0,0,0,0,1,1
17313,0,0,0,2,0,66,0,0,0,0,0,0
17314,0,0,0,0,0,0,28,13,0,0,0,0
17315,0,0,0,1,0,14,0,0,0,0,0,0
17316,5,114,5,0,0,0,0,0,0,0,0,0
17317,1,0,4,0,0,0,0,0,0,0,0,0
17318,1,0,0,0,0,0,0,0,0,0,0,0
17319,0,0,0,0,0,129,0,0,0,0,1,0
17320,0,0,0,0,0,0,67,429,0,0,0,0
17321,0,0,0,0,0,0,0,0,0,1,32,0
17322,28,132,10,0,0,0,0,0,0,0,0,0
17323,0,0,0,4,0,133,0,0,0,0,0,0
17324,0,0,0,0,0,3,0,0,0,0,0,0
17325,0,0,0,0,0,0,168,189,1,0,0,0
17326,0,0,0,0,0,1,0,0,0,0,280,1
17327,0,0,0,0,0,0,0,0,0,86,104,0
17328,0,0,0,54,18,350,0,0,0,0,0,0
17329,0,0,0,0,0,0,0,1,2,0,0,0
17330,1,6,1,0,0,0,0,0,0,0,0,0
17331,0,1,0,0,38,0,165,12240,124,0,0,1
17332,0,62,0,0,0,0,0,0,0,0,0,0
17333,0,0,0,0,0,0,0,0,0,0,278,0
17334,4,1,0,0,24,0,455,1461,18,0,0,0
17335,1,59,9,0,0,0,0,0,0,0,0,0
17336,0,0,0,0,0,17,0,0,0,3,2462,0
17337,4,3633,24,0,0,0,3,0,0,0,0,0
17338,0,0,0,0,7,0,451,1406,1,0,0,0
17339,0,0,0,0,0,20,0,0,0,2,4213,0
17340,48,78,4,0,0,0,0,0,0,0,0,0
17341,0,0,0,0,0,0,21,22,4,0,0,0
17342,0,119,35,0,0,0,0,0,0,0,0,0
17343,0,0,0,0,70,261,0,0,0,0,2,0
17344,5,1966,25,0,0,0,0,0,0,0,0,0
17345,0,0,0,1,0,12,0,0,0,0,0,0
17346,6,126,2,0,0,0,0,0,0,0,0,0
17347,0,0,0,0,0,0,35,359,1,0,0,0
17348,0,0,0,0,7,24,0,0,0,0,0,0
17349,0,0,0,7,33,20,0,0,0,0,0,0
17350,0,1,0,0,0,0,95,5,0,0,0,0
17351,0,0,0,0,0,18,0,0,0,0,0,0
17352,0,0,0,0,0,0,0,0,0,13,882,23
17353,0,0,0,1,16,164,0,0,0,0,0,0
17354,0,0,0,2,8,28,0,0,0,0,0,0
17355,0,0,0,24,1,43,0,0,0,0,0,0
17356,0,0,0,0,0,0,0,0,0,0,0,0
17357,1,2,0,0,0,0,0,0,0,0,0,0
17358,0,0,0,0,0,184,0,0,0,0,0,0
17359,0,0,0,0,0,0,2,0,0,0,0,0
17360,0,1,0,0,0,0,0,0,0,0,0,0
17361,0,60,0,0,0,0,0,0,0,0,0,0
17362,0,60,3,0,0,0,0,0,0,0,0,0
17363,0,0,0,0,2,390,0,0,0,0,0,0
17364,0,0,0,14,3,114,0,0,0,0,0,0
17365,0,0,0,0,0,0,0,0,0,0,0,0
17366,0,0,0,0,0,0,0,0,0,0,2,0
17367,92,127,1,1,0,0,0,0,0,0,0,0
17368,1,3,0,0,0,0,0,0,0,0,0,0
17369,0,0,0,0,1,1,0,0,0,0,0,0
17370,0,0,0,0,0,0,28,39,1,0,0,0
17371,0,0,0,0,1,0,87,503,0,0,0,0
17372,0,0,0,0,0,3,0,0,0,0,401,0
17373,0,0,0,0,0,18,0,0,0,69,2604,5
17374,1,1,0,0,0,0,0,0,0,0,0,0
17375,0,0,0,0,0,2,0,0,0,0,234,0
17376,9,63,9,0,0,0,0,0,0,0,0,0
17377,0,0,2,0,0,0,0,0,0,0,0,0
17378,1,0,0,0,0,0,0,0,0,0,0,0
17379,0,0,0,0,0,201,0,0,0,0,8,0
17380,0,0,0,0,0,5,0,0,0,0,0,0
17381,0,1,1,0,0,0,0,0,0,0,0,0
17382,0,0,0,0,0,171,0,0,0,0,0,0
17383,0,0,0,0,0,0,0,0,0,0,0,0
17384,2,0,0,0,0,0,0,0,0,0,0,0
17385,0,0,0,0,16,124,0,0,0,0,0,0
17386,0,0,0,1,0,7,0,0,0,0,0,0
17387,0,0,0,1,0,1,0,0,0,0,0,0
17388,0,0,0,0,0,0,31,9,0,0,0,0
17389,1,1,0,0,0,0,0,0,0,0,0,0
17390,0,0,0,0,0,0,0,0,0,0,0,0
17391,0,0,0,1,0,353,0,0,0,0,1,0
17392,0,0,0,0,0,0,13,10,7,0,0,0
17393,0,0,0,0,1,10,0,0,0,0,0,0
17394,2,0,0,89,5,71,0,0,0,0,0,0
17395,0,0,0,0,0,0,55,14,0,0,0,0
17396,0,0,0,0,0,13,0,0,0,0,0,0
17397,0,0,0,0,0,1,0,0,0,13,409,3
17398,4,0,8,0,0,0,0,0,0,0,0,0
17399,3,111,35,0,0,0,0,0,0,0,0,0
17400,0,0,0,0,0,357,0,0,0,0,2,0
17401,0,0,0,0,0,0,73,34,1,0,0,0
17402,0,0,0,0,0,1,0,0,0,27,313,0
17403,0,0,0,0,0,59,0,0,0,22,3865,6
17404,0,1,20,0,0,0,0,0,0,0,0,0
17405,0,0,0,0,0,0,14,1,0,0,0,0
17406,0,3072,0,0,0,0,8,0,0,0,0,0
17407,0,0,0,4,39,1365,0,0,0,0,4,0
17408,0,0,0,0,0,57,0,0,0,0,0,0
17409,0,199,0,0,0,0,0,0,0,0,0,0
17410,0,0,0,0,0,142,0,0,0,27,4621,18
17411,0,0,0,0,2,0,141,240,1,0,0,0
17412,0,0,0,45,4,85,0,0,0,0,1,0
17413,0,0,0,0,0,0,6,25,0,0,0,0
17414,0,0,0,0,0,0,0,0,0,0,26,2
17415,0,0,0,2,1,383,0,0,0,0,0,0
17416,0,0,0,0,0,0,0,0,0,0,0,0
17417,1,28,0,0,0,0,0,0,0,0,0,0
17418,0,0,0,0,0,0,233,34,0,0,0,0
17419,0,0,0,0,0,0,0,0,0,1,11,0
17420,0,21,0,0,0,0,0,0,0,0,0,0
17421,0,0,0,0,0,0,0,0,0,3,202,0
17422,0,0,0,0,0,27,0,0,0,0,0,0
17423,8,58,3,0,0,0,0,0,0,0,0,0
17424,0,0,0,0,0,272,0,0,0,0,0,0
17425,0,0,0,0,0,0,24,21,1,0,0,0
17426,0,0,0,0,0,96,0,0,0,0,0,0
17427,0,0,0,0,74,0,143,15110,12,0,0,0
17428,0,0,0,0,1,17,0,0,0,0,0,0
17429,1,104,0,0,0,0,2,0,0,0,0,0
17430,0,0,0,0,0,1,0,0,0,0,674,0
17431,0,485,3,0,0,0,3,0,0,0,0,0
17432,0,0,0,0,0,3,0,0,0,0,0,0
17433,0,0,0,48,0,101,0,0,0,0,0,0
17434,0,0,0,0,0,0,0,0,0,0,0,0
17435,0,0,0,0,0,0,0,0,0,0,0,0
17436,0,0,0,0,0,16,0,0,0,70,1002,0
17437,0,0,0,0,0,0,0,0,0,0,0,0
17438,0,0,0,0,0,0,0,0,0,0,0,0
17439,0,0,0,0,0,15,0,0,0,1,1326,0
17440,0,0,0,0,0,5,0,0,0,2,491,4
17441,0,0,0,0,0,0,0,0,0,0,85,0
17442,0,0,0,104,44,836,0,0,0,0,4,0
17443,0,0,0,0,1,0,21,396,0,0,0,0
17444,0,0,1,0,0,0,0,0,0,42,245,1
17445,0,0,0,3,34,696,0,0,0,0,2,0
17446,0,0,0,0,0,0,0,0,0,1,2,1
17447,0,1,1,0,0,0,0,0,0,0,0,0
17448,0,192,0,0,0,0,0,0,0,0,0,0
17449,0,0,0,2,0,256,0,0,0,0,0,0
17450,0,0,0,0,0,1,0,0,0,0,0,0
17451,1,41,0,0,0,0,0,0,0,0,0,0
17452,0,0,0,0,0,0,0,0,0,0,4,0
17453,0,0,0,0,0,0,0,0,0,7,4,0
17454,0,0,0,108,24,266,0,0,0,0,5,0
17455,0,0,0,0,0,0,1,7,1,0,0,0
17456,0,0,0,0,0,0,0,0,0,0,37,1
17457,5,159,4,0,0,0,2,0,0,0,0,0
17458,0,0,0,0,0,0,0,0,0,12,3,0
17459,0,0,0,0,0,0,0,0,0,0,4,0
17460,21,527,8,0,0,0,5,1,0,0,0,0
17461,0,0,0,0,0,0,0,0,0,1,46,0
17462,0,0,0,0,0,0,19,1,3,0,0,0
17463,0,0,0,0,0,8,0,0,0,37,660,1
17464,0,3,0,0,0,0,0,0,0,0,0,0
17465,0,0,0,0,0,0,0,0,0,0,26,0
17466,3,219,16,0,0,0,0,0,0,0,0,0
17467,0,0,0,1,0,85,0,0,0,0,0,0
17468,0,0,0,0,1,0,0,0,0,0,0,0
17469,0,0,0,0,0,0,121,6,1,0,0,0
17470,0,0,0,0,0,2,0,0,0,11,936,0
17471,0,0,0,2,0,1,0,0,0,0,0,0
17472,11,37,0,0,0,0,0,0,0,0,0,0
17473,0,49,0,0,0,0,1,0,0,0,0,0
17474,0,0,0,0,0,1,0,0,0,27,2595,0
17475,0,0,0,173,73,159,0,0,0,0,0,0
17476,0,2,0,0,0,0,0,0,0,0,0,0
17477,2,174,5,0,0,0,1,0,0,0,0,0
17478,0,1,0,0,0,0,769,82,2,0,0,0
17479,0,2,0,0,0,0,597,47,2,0,0,0
17480,0,0,0,0,0,0,10,4,0,0,0,0
17481,0,0,0,0,0,0,0,0,0,21,178,0
17482,27,45,11,0,0,0,0,0,0,0,0,0
17483,0,0,0,0,0,2,0,0,0,1,820,0
17484,1,113,7,0,0,0,2,0,0,0,0,0
17485,0,0,0,0,0,1,0,0,0,2,579,1
17486,0,0,0,1,0,0,0,0,0,0,0,0
17487,16,352,2,0,0,0,0,0,0,0,0,0
17488,0,1,0,0,0,0,611,1,0,0,0,0
17489,0,5,10,0,0,0,0,0,0,0,0,0
17490,0,66,1,0,0,0,0,0,0,0,0,0
17491,0,0,0,0,0,26,0,0,0,1,4784,2
17492,0,0,0,0,0,0,0,0,0,3,4,0
17493,46,184,6,0,0,0,0,0,0,0,0,0
17494,0,0,0,0,0,0,17,1,5,0,0,0
17495,8,8,9,0,0,0,0,0,0,0,0,0
17496,1,7105,16,0,0,0,61,1,0,0,0,0
17497,0,0,0,1,0,642,0,0,0,0,0,0
17498,5,4,0,0,0,0,0,0,0,0,0,0
17499,0,0,0,0,0,175,0,0,0,0,0,0
17500,0,0,0,1,2,1,0,0,0,0,0,0
17501,0,0,0,0,1,4,0,0,0,0,0,0
17502,0,0,0,0,0,13,0,0,0,2,3280,0
17503,0,1,0,0,0,0,0,0,0,0,0,0
17504,1,0,0,0,0,0,0,0,0,0,0,0
17505,0,0,0,0,0,332,0,0,0,0,0,0
17506,0,0,0,8,26,1,0,0,0,0,0,0
17507,0,0,0,0,0,0,0,0,0,0,3,0
17508,109,135,32,0,0,0,0,0,0,0,0,0
17509,0,0,0,0,0,0,8,12,0,0,0,0
17510,0,0,0,1,1,31,0,0,0,0,0,0
17511,0,0,0,0,0,0,186,75,14,0,0,0
17512,0,0,0,0,1,0,0,0,0,0,0,0
17513,0,0,0,0,0,0,0,0,143,0,0,0
17514,0,0,0,0,1,38,0,0,0,0,0,0
17515,1,8,4,0,0,0,0,0,0,0,0,0
17516,0,0,0,0,0,0,52,12,2,0,0,0
17517,1,57,0,0,0,0,0,0,0,0,0,0
17518,0,0,0,0,0,4,0,0,0,30,1902,2
17519,0,0,0,1,0,1,0,0,0,0,0,0
17520,0,0,0,2,0,51,0,0,0,0,0,0
17521,0,104,0,0,0,0,0,0,0,0,0,0
17522,0,0,0,0,0,4,0,0,0,0,0,0
17523,0,0,0,0,3,0,29,1474,18,0,0,0
17524,0,13,33,0,0,0,0,0,0,0,0,0
17525,1,12,9,0,0,0,0,0,0,0,0,0
17526,4,56,2,0,0,0,0,0,0,0,0,0
17527,0,32,1,0,0,0,0,0,0,0,0,0
17528,0,0,0,0,0,5,0,0,0,76,1170,4
17529,0,0,0,1,1,55,0,0,0,0,0,0
17530,10,20,1,0,0,0,0,0,0,0,0,0
17531,0,0,0,0,0,38,0,0,0,0,0,0
17532,4,18,2,0,0,0,0,0,0,0,0,0
17533,0,0,0,0,0,0,64,102,3,0,0,0
17534,0,0,0,0,0,0,7,3,6,0,0,0
17535,0,0,0,0,0,127,0,0,0,0,0,0
17536,0,0,0,0,0,0,0,0,0,1,22,1
17537,0,0,0,0,0,0,0,0,0,1,8,0
17538,133,130,13,0,0,0,0,0,0,0,0,0
17539,0,0,0,0,0,0,47,17,6,0,0,0
17540,1,0,2,0,0,0,0,0,0,0,0,0
17541,0,0,0,0,0,0,0,0,0,1,205,0
17542,6,26,4,0,0,0,0,0,0,0,0,0
17543,0,0,0,2,2,53,0,0,0,0,0,0
17544,0,0,0,0,0,0,62,54,4,0,0,0
17545,0,0,0,0,2,12,0,0,0,0,0,0
17546,0,0,0,2,0,4,0,0,0,0,0,0
17547,0,0,0,0,0,0,0,0,0,2,143,0
17548,0,0,0,0,0,0,0,0,0,127,17,1
17549,0,0,0,0,2,1,0,0,0,0,0,0
17550,0,0,0,1,0,90,0,0,0,95,15523,10
17551,0,15,0,0,0,0,2213,1,1,0,0,0
17552,0,0,0,0,0,0,34,34,0,0,0,0
17553,7,187,80,0,0,0,12,0,0,0,0,0
17554,12,27,2,0,0,0,0,0,0,0,0,0
17555,0,0,0,0,0,0,0,0,0,16,359,1
17556,0,0,0,18,27,356,0,0,0,0,3,0
17557,0,0,0,18,3,0,0,0,0,0,0,0
17558,0,0,0,0,0,0,0,2,0,0,0,0
17559,0,0,0,0,1,106,0,0,0,0,1,0
17560,0,0,0,0,0,0,0,0,0,67,11,0
17561,0,4,0,0,0,0,853,34,0,0,0,0
17562,0,0,0,0,7,0,235,2020,65,0,0,0
17563,0,0,0,0,0,0,0,0,0,1,5,1
17564,0,0,0,0,0,0,0,4,1,0,0,0
17565,0,0,0,0,22,1373,0,0,0,0,2,0
17566,0,0,0,90,3,1,0,0,0,0,0,0
17567,0,0,0,0,0,0,0,0,0,0,0,0
17568,0,0,0,0,1,104,0,0,0,0,0,0
17569,0,0,0,0,0,0,0,0,0,1,187,0
17570,0,0,0,0,0,0,0,0,0,1,0,0
17571,0,0,0,57,494,74,0,1,0,0,0,0
17572,0,0,0,0,1,0,54,1184,3,0,0,0
17573,0,0,0,0,0,0,0,0,0,3,1415,8
17574,0,0,0,264,13,1550,0,0,0,0,3,0
17575,0,0,0,0,0,0,2,0,4,0,0,0
17576,0,0,1,0,0,0,0,0,0,0,0,0
17577,0,77,2,0,0,0,0,0,0,0,0,0
17578,1,4,0,0,0,0,0,0,0,0,0,0
17579,0,0,0,0,0,0,0,0,0,0,0,0
17580,0,0,0,11,0,38,0,0,0,0,0,0
17581,0,0,0,0,0,0,19,1,0,0,0,0
17582,0,0,0,0,1,0,0,0,0,0,0,0
17583,0,0,0,28,133,54,0,0,0,0,0,0
17584,0,0,0,0,0,0,63,120,5,0,0,0
17585,5,89,16,0,0,0,0,0,0,0,0,0
17586,0,0,0,0,0,6,0,0,0,21,1079,31
17587,0,0,1,0,0,0,0,0,0,0,0,0
17588,0,0,0,0,0,0,0,0,0,0,2,0
17589,0,0,0,42,3,72,0,0,0,0,1,0
17590,0,0,0,0,1,0,16,255,1,0,0,0
17591,0,0,0,1,0,0,0,0,0,0,0,0
17592,0,1,0,0,0,0,372,254,3,0,0,0
17593,0,64,0,0,0,0,0,0,0,0,0,0
17594,0,0,0,0,0,0,11,2,1,0,0,0
17595,0,0,0,0,0,23,0,0,0,0,0,0
17596,0,0,0,0,0,0,88,10,0,0,0,0
17597,0,0,0,0,0,1,0,0,0,21,685,2
17598,0,0,0,2,24,46,0,0,0,0,0,0
17599,0,0,0,85,1,14,0,0,0,0,0,0
17600,0,0,0,0,1,4,0,0,0,0,0,0
17601,0,1,0,0,0,0,170,50,0,0,0,0
17602,0,0,0,0,0,0,101,1,0,0,0,0
17603,0,0,0,0,3,55,0,0,0,0,0,0
17604,0,0,0,2,13,46,0,0,0,0,0,0
17605,0,0,0,0,0,0,0,0,0,0,0,0
17606,0,0,0,0,0,0,0,0,0,0,0,0
17607,0,0,0,0,0,89,0,0,0,0,0,0
17608,0,1,0,0,0,0,37,89,1,0,0,0
17609,1,53,9,0,0,0,1,0,0,0,0,0
17610,0,0,0,0,0,213,0,0,0,0,1,0
17611,4,100,2,0,0,0,0,0,0,0,0,0
17612,1,68,13,0,0,0,0,0,0,0,0,0
17613,0,0,0,3,8,160,0,0,0,0,0,0
17614,0,39,1,0,0,0,0,0,0,0,0,0
17615,1,76284,2,0,0,0,388,2,0,0,0,0
17616,0,0,0,0,0,0,115,33,4,0,0,0
17617,0,0,0,0,0,0,0,0,0,3,1,0
17618,0,0,0,0,0,1,0,0,0,0,0,0
17619,0,0,0,5,2,205,0,0,0,0,0,0
17620,0,9,1,0,0,0,0,0,0,0,0,0
17621,2,69,1,0,0,0,0,0,0,0,0,0
17622,2,415,144,0,0,0,0,0,0,0,0,0
17623,0,0,0,0,1,0,134,121,0,0,0,0
17624,0,0,0,0,0,0,0,0,0,1,0,0
17625,0,16,13,0,0,0,0,0,0,0,0,0
17626,0,0,0,0,0,19,0,0,0,108,690,0
17627,1,74,0,0,0,0,0,0,0,0,0,0
17628,0,0,0,4,1,191,0,0,0,0,0,0
17629,1,13,0,0,0,0,0,0,0,0,0,0
17630,0,19,0,0,0,0,0,0,0,0,0,0
17631,4,86,566,0,0,0,0,0,0,0,0,0
17632,0,0,0,0,0,0,141,456,10,0,0,0
17633,0,64,28,0,0,0,0,0,0,0,0,0
17634,0,0,3,0,0,5,0,0,0,803,736,1
17635,0,29,29,0,0,0,0,0,0,0,0,0
17636,17,229,3,0,0,0,0,0,0,0,0,0
17637,0,1762,26,0,0,0,29,0,0,0,0,0
17638,0,0,0,27,4,2,0,0,0,0,0,0
17639,0,0,0,0,0,0,0,0,0,0,935,0
17640,2,112,30,0,0,0,0,0,0,0,0,0
17641,0,2,0,0,2,0,400,134,1,0,0,0
17642,0,0,0,0,0,1,0,0,0,36,357,1
17643,0,0,0,5,28,116,0,0,0,0,0,0
17644,0,0,0,0,0,0,0,0,0,10,2,17
17645,57,43,0,0,0,0,0,0,0,0,0,0
17646,3,277,7,0,0,0,0,0,0,0,0,0
17647,0,0,0,2,2,0,0,0,0,0,0,0
17648,0,0,0,0,0,0,1,0,0,0,0,0
17649,0,0,0,0,0,0,0,0,0,0,823,0
17650,0,0,0,1,0,9,0,0,0,0,0,0
17651,0,0,0,11,0,0,0,0,0,0,0,0
17652,0,0,0,1,0,242,0,0,0,0,0,0
17653,1,1,0,0,0,0,0,0,0,0,0,0
17654,0,32,1,0,0,0,0,0,0,0,0,0
17655,0,33,0,0,0,0,0,0,0,0,0,0
17656,2,43,2,0,0,0,1,0,0,0,0,0
17657,0,0,0,0,0,7,0,0,0,0,0,0
17658,0,1,0,0,8,0,166,3905,4,0,0,0
17659,0,0,0,0,52,91,0,0,0,0,0,0
17660,0,0,0,2,30,10,0,0,0,0,0,0
17661,0,0,0,2,3,31,0,0,0,0,0,0
17662,0,0,0,0,1,9,0,0,0,0,0,0
17663,0,118,0,0,0,0,0,0,0,0,0,0
17664,0,0,0,1,1,125,0,0,0,0,0,0
17665,0,1,0,0,0,0,0,0,0,0,0,0
17666,0,286,1,0,0,0,18,0,0,0,0,0
17667,0,1,0,0,0,0,769,23,0,0,0,0
17668,0,0,0,0,0,0,1,4,0,0,0,0
17669,0,0,0,0,0,0,0,2,2,0,0,0
17670,0,0,0,0,0,31,0,0,0,0,1,0
17671,0,0,0,0,0,0,298,29,1,0,0,0
17672,0,0,0,0,1,64,0,0,0,0,0,0
17673,0,0,0,13,15,132,0,0,0,0,1,0
17674,3,874,1,0,0,0,0,0,0,0,0,0
17675,0,0,0,2,0,9,0,0,0,0,0,0
17676,0,0,0,0,0,199,0,0,0,22,6886,13
17677,1,16,0,0,0,0,0,0,0,0,0,0
17678,0,0,0,0,0,9,0,0,0,2,3436,0
17679,0,1,0,0,4,0,259,2125,2,0,0,0
17680,0,0,0,0,0,0,0,0,0,13,4,0
17681,1,15,13,0,0,0,0,0,0,0,0,0
17682,0,0,0,13,0,186,0,0,0,0,2,0
17683,0,0,0,0,0,0,0,23,0,0,0,0
17684,0,0,1,0,0,0,0,0,0,0,0,0
17685,0,0,0,1,1,173,0,0,0,0,1,0
17686,0,0,0,0,0,0,173,501,1,0,0,0
17687,0,0,0,1,0,48,0,0,0,0,0,0
17688,0,0,0,3,10,389,0,0,0,0,3,0
17689,0,0,0,1,53,7,0,0,0,0,0,0
17690,0,0,0,0,0,2,0,0,0,1,644,0
17691,2,635,6,0,0,0,4,0,0,0,0,0
17692,0,0,0,1,0,1,0,0,0,0,0,0
17693,0,0,0,0,0,0,0,0,0,0,1,1
17694,0,0,0,12,646,892,0,1,0,0,9,0
17695,0,0,0,0,0,0,2,38,0,0,0,0
17696,0,0,0,0,0,0,0,0,0,0,0,0
17697,117,75,18,0,0,0,0,0,1,0,0,0
17698,4,4,16,0,0,0,0,0,0,0,0,0
17699,0,0,0,2,11,2,0,0,0,0,0,0
17700,0,0,0,4,0,311,0,0,0,0,9,0
17701,1,2,0,0,0,0,0,0,0,0,0,0
17702,0,3,0,0,0,0,0,0,0,0,0,0
17703,0,0,0,0,0,2,0,0,0,0,596,0
17704,1,2,5,0,0,0,0,0,0,0,0,0
17705,0,0,0,0,0,0,6,3,0,0,0,0
17706,0,0,0,0,0,0,307,21,1,0,0,0
17707,0,0,0,0,0,13,0,0,0,28,1460,2
17708,0,0,0,0,0,0,0,0,0,11,8,0
17709,20,584,47,0,0,0,1,0,0,0,0,0
17710,0,0,0,0,0,0,0,0,0,0,0,0
17711,0,1,0,0,0,0,0,0,0,0,0,0
17712,40,32,12,0,0,0,0,0,0,0,0,0
17713,6,209,61,0,0,0,1,0,0,0,0,0
17714,0,0,0,0,0,2,0,0,0,0,0,0
17715,50,18,5,0,0,0,0,0,0,0,0,0
17716,0,0,0,0,0,0,1,3,0,0,0,0
17717,0,0,0,0,0,0,0,1,0,0,0,0
17718,0,0,0,0,0,3,0,0,0,35,401,1
17719,0,0,0,0,0,0,15,5,0,0,0,0
17720,0,0,0,0,0,12,0,0,0,0,0,0
17721,0,0,0,0,11,1,271,4587,42,0,0,0
17722,0,0,0,0,0,0,75,282,1,0,0,0
17723,0,0,0,0,0,4,0,0,0,0,0,0
17724,16,117,1,0,0,0,0,0,0,0,0,0
17725,0,1,20,0,0,0,0,0,0,0,0,0
17726,0,0,0,0,0,0,0,0,0,0,0,0
17727,0,67,0,0,0,0,0,0,0,0,0,0
17728,0,0,0,0,0,0,2,1,1,0,0,0
17729,2,4,15,0,0,0,0,0,0,0,0,0
17730,0,120,0,0,0,0,0,0,0,0,0,0
17731,0,0,0,7,4,37,0,0,0,0,0,0
17732,0,0,0,1,2,0,0,0,0,0,0,0
17733,0,0,0,0,0,3,0,0,0,2,2770,0
17734,0,0,1,0,0,1,0,0,0,212,403,21
17735,0,0,0,3,1,29,0,0,0,0,0,0
17736,0,0,0,37,6,201,0,0,0,0,0,0
17737,0,118,4,0,0,0,0,0,0,0,0,0
17738,0,0,0,0,0,9,0,0,0,31,760,1
17739,4,89,12,0,0,0,1,0,0,0,0,0
17740,0,0,0,0,0,1,0,0,0,2,114,3
17741,0,4,0,0,0,0,360,11,0,0,0,0
17742,0,0,0,2,1,182,0,0,0,0,0,0
17743,199,87,3,12,0,0,3,0,0,0,0,0
17744,1,87,4,0,0,0,0,0,0,0,0,0
17745,0,0,5,0,0,52,0,0,0,154,2440,43
17746,0,0,0,0,0,39,0,0,0,190,4010,3
17747,0,0,1,0,0,32,0,0,0,278,4185,4
17748,4,0,0,675,33,287,0,0,0,0,2,0
17749,0,0,0,0,1,0,64,476,17,0,0,0
17750,0,0,0,0,0,15,0,0,0,13,1615,1
17751,0,0,0,185,446,94,0,6,0,0,0,0
17752,0,0,0,0,0,0,0,0,0,0,0,0
17753,0,0,0,0,0,0,2,11,0,0,0,0
17754,0,0,0,0,0,0,1,7,0,0,0,0
17755,0,26,56,0,0,0,0,0,0,1,0,0
17756,0,0,0,0,0,0,383,5,1,0,0,0
17757,4,64,13,0,0,0,0,0,0,0,0,0
17758,0,19,11,0,0,0,0,0,0,0,0,0
17759,1,147,7,0,0,0,1,0,0,0,0,0
17760,3,72,33,0,0,0,0,0,0,0,0,0
17761,0,0,0,0,2,0,30,144,11,0,0,0
17762,0,1,0,0,0,14,0,0,0,9,5136,11
17763,0,0,0,15,160,4059,0,0,0,0,4,0
17764,0,0,0,0,0,0,6,8,0,0,0,0
17765,0,0,0,0,0,4,0,0,0,0,0,0
17766,0,0,0,0,0,61,0,0,0,52,4792,8
17767,0,0,0,2,7,9,0,0,0,0,0,0
17768,0,0,0,0,1,2,0,0,0,0,0,0
17769,0,0,0,0,0,108,0,0,0,0,0,0
17770,0,36,0,0,0,0,0,0,0,0,0,0
17771,0,0,0,0,1,7,0,0,0,0,0,0
17772,0,0,0,7,1,137,0,0,0,0,0,0
17773,0,0,0,7,0,2,0,0,0,0,0,0
17774,0,0,0,0,0,0,0,0,0,0,5,0
17775,6,112,6,0,0,0,0,0,0,0,0,0
17776,0,0,0,0,0,0,0,0,0,0,2,0
17777,0,0,0,0,0,0,0,0,0,1,4,0
17778,0,0,0,15,9,33,0,0,0,0,0,0
17779,0,0,0,0,0,0,0,0,0,0,0,0
17780,0,1,0,0,0,0,0,0,0,0,0,0
17781,0,0,0,0,0,554,0,0,0,0,2,0
17782,0,0,0,0,0,0,0,0,0,0,0,0
17783,6,0,1,0,0,0,0,0,0,0,0,0
17784,0,0,0,0,3,333,0,0,0,0,0,0
17785,0,0,0,0,0,1,0,0,0,0,0,0
17786,0,0,0,0,0,0,0,0,0,0,3,0
17787,14,111,4,0,0,0,0,0,0,0,0,0
17788,0,0,0,0,0,0,0,0,0,0,1,1
17789,0,0,0,0,0,0,0,0,0,0,0,0
17790,0,0,0,0,35,0,116,2843,81,0,0,1
17791,0,1,1,0,0,0,0,0,0,0,0,0
17792,0,10,1,0,0,0,0,0,0,0,0,0
17793,0,0,0,0,1,271,0,0,0,0,2,0
17794,0,0,0,0,0,0,114,213,0,0,0,0
17795,0,0,0,0,0,5,0,0,1,1,986,1056
17796,0,0,0,5,29,139,0,0,0,0,1,0
17797,0,0,0,0,0,0,80,6,0,0,0,0
17798,0,0,0,0,1,36,0,0,0,0,0,0
17799,28,1766,1,1,0,0,149,0,0,0,0,0
17800,0,0,0,0,0,0,12,15,3,0,0,0
17801,0,0,0,0,0,0,0,0,0,0,30,0
17802,0,0,1,0,0,2,0,0,0,192,484,0
17803,0,0,0,4,768,1,0,7,0,0,0,0
17804,0,0,0,0,0,0,0,0,0,0,59,0
17805,71,339,89,0,0,0,0,0,0,1,0,0
17806,0,2,0,0,0,0,0,0,0,0,0,0
17807,0,18,0,0,0,0,0,0,0,0,0,0
17808,0,0,0,0,1,0,223,520,36,0,0,1
17809,2,44,29,0,0,0,0,0,0,0,0,0
17810,0,0,0,1,0,1,0,0,0,0,0,0
17811,0,0,0,4,1,74,0,0,0,0,1,0
17812,0,0,0,0,7,27,0,0,0,0,0,0
17813,0,0,0,1,2,3,0,0,0,0,0,0
17814,0,1,0,0,1,0,155,183,0,0,0,0
17815,0,1,0,0,0,0,385,1,1,0,0,0
17816,0,0,0,0,0,0,3,82,2,0,0,0
17817,1,55,917,0,0,0,0,0,0,2,0,0
17818,0,0,0,0,0,0,0,0,0,50,870,1
17819,0,0,0,0,0,2,0,0,0,0,0,0
17820,1,282,0,0,0,0,1,0,0,0,0,0
17821,0,0,0,0,0,0,0,0,0,11,182,4
17822,0,0,0,0,0,13,0,0,0,14,3318,2
17823,17,193,2,0,0,0,0,0,0,0,0,0
17824,0,5,0,0,0,0,0,0,0,0,0,0
17825,0,0,0,0,0,1,0,0,0,11,964,0
17826,0,0,0,10,69,291,0,0,0,0,1,0
17827,0,0,0,0,0,0,0,0,0,119,3,0
17828,4,15,1,0,0,0,0,0,0,0,0,0
17829,6,88,0,0,0,0,2,0,0,0,0,0
17830,0,1,0,0,0,0,0,0,0,0,0,0
17831,0,0,0,0,0,0,0,0,0,0,2,1
17832,0,0,0,9,6,58,0,0,0,0,0,0
17833,0,0,0,0,0,0,0,0,0,0,0,0
17834,0,0,0,0,1,4,0,0,0,0,0,0
17835,0,0,0,29,8,140,0,0,0,0,2,0
17836,0,0,0,0,0,0,1,3,1,0,0,0
17837,1,0,0,0,0,0,0,0,0,0,0,0
17838,0,0,0,0,1,264,0,0,0,0,0,0
17839,0,0,0,0,2,1,0,0,0,0,0,0
17840,0,0,0,0,0,0,0,0,0,0,7,0
17841,25,278,52,0,0,0,0,0,0,0,0,0
17842,0,0,0,0,2,1,0,0,0,0,0,0
17843,0,0,0,0,0,0,0,0,0,0,7,0
17844,54,237,33,0,0,0,1,0,0,0,0,0
17845,0,0,0,0,0,1,0,0,0,0,3,0
17846,0,0,1,0,0,0,0,0,0,0,0,0
17847,0,1,0,0,0,0,371,1,0,0,0,0
17848,0,0,0,0,0,0,1,5,0,0,0,0
17849,0,0,0,0,0,0,0,3,0,0,0,0
17850,0,0,0,0,0,15,0,0,0,71,3721,27
17851,0,0,0,2,2,2,0,0,0,0,0,0
17852,0,0,0,0,0,0,0,0,0,0,11,0
17853,1334,207,77,18,0,0,1,0,0,0,0,0
17854,0,0,0,0,0,0,2,2,0,0,0,0
17855,0,1,0,0,0,0,0,0,0,0,0,0
17856,0,136,0,0,0,0,0,0,0,0,0,0
17857,0,0,0,5,0,4,0,0,0,0,0,0
17858,0,1662,0,0,0,0,6,0,0,0,0,0
17859,0,0,0,0,0,207,0,0,0,0,0,0
17860,0,0,0,0,0,0,113,40,1,0,0,0
17861,0,333,49,0,0,0,0,0,0,0,0,0
17862,0,0,0,0,0,1,0,0,0,26,361,4
17863,0,0,0,3,0,260,0,0,0,0,0,0
17864,1,24,1,0,0,0,0,0,0,0,0,0
17865,0,0,0,1,0,1476,0,0,0,0,4,0
17866,0,0,0,0,0,0,94,0,2,0,0,0
17867,0,0,0,1,1,9,0,0,0,0,0,0
17868,0,0,0,0,0,0,0,0,0,2,59,3
17869,1,257,0,0,0,0,2,0,0,0,0,0
17870,0,0,0,0,0,12,0,0,0,0,0,0
17871,3,32,2,0,0,0,0,0,0,0,0,0
17872,0,0,0,1,7,53,0,0,0,0,1,0
17873,0,0,0,53,0,1,0,0,0,0,0,0
17874,0,0,0,0,0,0,0,0,0,3,237,1
17875,0,76,0,0,0,0,0,0,0,0,0,0
17876,0,0,0,0,0,0,0,0,0,2,67,0
17877,0,0,0,5,9,223,0,0,0,0,26,0
17878,0,0,0,0,0,0,0,0,0,1,3,0
17879,2,0,1,0,0,0,0,0,0,0,0,0
17880,2,101,5,0,0,0,0,0,0,0,0,0
17881,1,22,0,0,0,0,0,0,0,0,0,0
17882,0,0,0,0,0,0,0,0,0,0,5,0
17883,0,0,0,0,0,0,0,0,0,27,746,1
17884,2,26,0,0,0,0,0,0,0,0,0,0
17885,0,0,0,0,0,0,0,0,0,0,4,0
17886,0,0,0,57,18,99,0,0,0,0,0,0
17887,0,0,0,0,0,0,10,1,1,0,0,0
17888,0,12,7,0,0,0,0,0,0,0,0,0
17889,7,40,9,0,0,0,1,0,0,0,0,0
17890,0,5,0,0,0,0,0,0,0,0,0,0
17891,0,0,0,0,0,0,0,0,0,1,3,1
17892,21,174,76,0,0,0,0,0,0,0,0,0
17893,0,0,0,0,0,0,106,546,2,0,0,0
17894,0,0,0,0,0,0,0,0,0,0,208,1
17895,0,0,0,45,45,369,0,0,0,0,1,0
17896,0,0,0,0,0,0,0,0,0,0,4,2
17897,0,0,0,0,0,0,0,0,0,0,0,0
17898,0,0,0,0,0,0,0,0,0,0,257,1
17899,0,0,0,0,1,1,0,0,0,0,0,0
17900,0,0,0,0,0,0,0,0,0,0,6,0
17901,0,0,0,12,33,358,0,0,0,0,1,0
17902,0,0,0,0,2,2,0,0,0,0,0,0
17903,0,0,0,0,0,0,1,1,0,0,0,0
17904,0,0,0,0,0,21,0,0,0,0,0,0
17905,0,2,0,0,0,0,0,0,0,0,0,0
17906,1,59,1,0,0,0,1,0,0,0,0,0
17907,0,0,0,0,0,215,0,0,0,0,0,0
17908,0,1,0,0,2,0,147,83,2,0,0,0
17909,0,0,0,0,6,4,0,0,0,0,0,0
17910,2,102,3,0,0,0,0,0,0,0,0,0
17911,0,0,1,0,0,0,0,0,0,0,0,0
17912,1,1,0,0,0,0,0,0,0,0,0,0
17913,0,0,0,0,0,0,0,0,0,1,850,0
17914,0,1,25,0,0,0,0,0,0,1,0,0
17915,0,0,0,0,0,0,0,4,0,0,0,0
17916,0,572,0,0,0,0,2,0,0,0,0,0
17917,0,0,0,0,0,1,0,0,0,0,0,0
17918,0,0,0,0,0,0,0,0,0,0,0,0
17919,0,0,0,0,0,76,0,0,0,0,0,0
17920,1,1,0,0,0,0,0,0,0,0,0,0
17921,1,0,0,0,0,0,0,0,0,0,0,0
17922,0,0,0,0,0,114,0,0,0,0,0,0
17923,0,0,0,0,0,0,1,31,0,0,0,0
17924,0,0,0,0,1,0,0,0,0,0,0,0
17925,4,0,0,331,0,34,0,0,0,0,0,0
17926,0,0,0,0,1,0,0,5,2,0,0,0
17927,0,0,0,0,0,0,0,0,0,0,5,0
17928,0,0,0,15,1,255,0,0,0,0,0,0
17929,0,123,0,0,0,0,0,0,0,0,0,0
17930,0,0,0,0,1,7,0,0,0,0,0,0
17931,0,0,0,8,2,110,0,0,0,0,0,0
17932,0,0,0,0,0,0,0,0,0,0,0,0
17933,0,0,0,0,0,0,0,0,0,0,0,1
17934,0,0,18,0,0,0,0,0,0,381,1320,0
17935,0,1,12,0,0,0,0,0,0,0,0,0
17936,0,0,0,0,0,0,0,3,0,0,0,0
17937,1,151,0,0,0,0,1,0,0,0,0,0
17938,0,1,0,0,0,0,109,26,0,0,0,0
17939,0,0,0,0,0,1,0,0,0,1,393,1
17940,57,384,3,14,0,0,0,0,0,0,0,0
17941,1,14,6,0,0,0,0,0,0,0,0,0
17942,1,21,2,0,0,0,0,0,0,0,0,0
17943,0,102,0,0,0,0,1,0,0,0,0,0
17944,0,0,0,0,2,0,122,1192,6,0,0,0
17945,0,0,0,1,0,15,0,0,0,0,0,0
17946,13,140,0,0,0,0,0,0,0,0,0,0
17947,0,0,0,0,0,0,1,0,1,0,0,0
17948,0,0,0,0,0,0,0,1,1,0,0,0
17949,0,0,0,0,0,0,0,0,0,3,329,0
17950,16,6,16,1,0,0,0,0,0,0,0,0
17951,0,0,0,0,0,15,0,0,0,0,0,0
17952,3,1,0,0,0,0,0,0,0,0,0,0
17953,0,0,0,0,0,0,0,0,0,3,21,0
17954,0,0,0,0,0,4,0,0,0,0,0,0
17955,0,0,0,1,6,44,0,0,0,0,0,0
17956,0,0,0,5,3,12,0,0,0,0,0,0
17957,0,0,0,0,0,0,1,13,0,0,0,0
17958,0,0,0,0,0,0,0,0,0,0,196,0
17959,8,203,2,0,0,0,1,0,0,0,0,0
17960,0,0,0,0,0,17,0,0,0,0,0,0
17961,0,188,0,0,0,0,0,0,0,0,0,0
17962,0,89,10,0,0,0,0,0,0,0,0,0
17963,0,0,0,0,0,272,0,0,0,0,0,0
17964,0,0,0,0,11,0,159,4190,19,0,0,0
17965,0,0,0,0,7,2,0,0,0,0,0,0
17966,0,0,0,0,0,0,0,0,0,1,18,0
17967,0,0,0,8,4,115,0,0,0,0,3,0
17968,0,0,0,0,0,0,4,9,0,0,0,0
17969,6,149,44,0,0,0,3,0,0,0,0,0
17970,0,0,0,13,1,253,0,0,0,0,15,0
17971,0,50,2,0,0,0,0,0,0,0,0,0
17972,0,0,0,0,0,0,118,64,10,0,0,0
17973,8,152,24,0,0,0,1,0,0,0,0,0
17974,0,0,0,0,1,0,24,74,1,0,0,0
17975,0,9,0,0,0,0,0,0,0,0,0,0
17976,0,0,1,0,0,3,0,0,0,108,805,0
17977,0,0,0,0,0,81,0,0,0,60,4981,20
17978,0,0,0,0,0,12,0,0,0,0,0,0
17979,0,0,0,1,30,153,0,1,0,0,5,0
17980,0,0,0,4,0,174,0,0,0,0,1,0
17981,1,2,4,0,0,0,0,0,0,0,0,0
17982,0,0,0,0,0,105,0,0,0,0,0,0
17983,0,2,0,0,0,0,30,19,1,0,0,0
17984,0,589,12,0,0,0,157,0,0,0,0,0
17985,0,0,0,0,0,2,0,0,0,25,793,0
17986,0,99,3,0,0,0,0,0,0,0,0,0
17987,3,26,3,0,0,0,0,0,0,0,0,0
17988,0,1,0,0,16,0,76,266,0,0,0,0
17989,0,0,0,0,1,7,0,0,0,0,0,0
17990,0,0,0,0,0,0,0,0,0,0,0,0
17991,0,4,0,0,0,0,266,3,2,0,0,0
17992,0,0,0,0,0,0,0,0,0,6,5,0
17993,94,275,0,0,0,0,2,0,0,0,0,0
17994,0,87,46,0,0,0,0,0,0,0,0,0
17995,0,0,0,0,2,122,0,0,0,0,0,0
17996,0,0,0,0,1,0,0,0,0,0,0,0
17997,0,0,0,0,0,213,0,0,0,0,0,0
17998,1,136,0,0,0,0,0,0,0,0,0,0
17999,0,0,0,0,0,34,0,0,0,18,3725,2
18000,4,54,4,0,0,0,0,0,0,0,0,0
18001,11,23,25,0,0,0,0,0,0,0,0,0
18002,0,0,0,0,0,0,62,76,260,0,0,0
18003,0,0,0,0,39,50,0,0,0,0,0,0
18004,0,0,0,0,0,0,0,0,0,7,80,0
18005,0,0,0,0,6,2,0,0,0,0,0,0
18006,0,0,0,9,4,104,0,0,0,0,0,0
18007,0,0,0,0,0,0,103,0,0,0,0,0
18008,2,234,26,0,0,0,2,0,0,0,0,0
18009,18,48,9,0,0,0,0,0,0,0,0,0
18010,1,254,3,0,0,0,0,0,0,0,0,0
18011,0,0,0,0,0,3,0,0,0,0,0,0
18012,0,0,0,92,1,309,0,0,0,0,0,0
18013,0,0,0,0,0,0,0,0,0,0,5,0
18014,0,0,0,0,0,0,0,0,0,2,9,0
18015,5,217,19,0,0,0,5,0,0,0,0,0
18016,0,0,0,0,0,0,0,0,0,2,18,0
18017,0,0,0,0,0,0,7,14,2,0,0,0
18018,0,0,0,1,5,3335,0,0,0,0,8,0
18019,6,27,40,0,0,0,0,0,0,0,0,0
18020,0,3,0,0,0,0,661,8,2,0,0,0
18021,0,0,0,0,0,0,429,281,1,0,0,0
18022,4,6,44,0,0,0,0,0,0,0,0,0
18023,1,98,11,0,0,0,0,0,0,0,0,0
18024,0,0,0,13,85,129,0,0,0,0,0,0
18025,0,1,0,0,0,0,112,32,0,0,0,0
18026,0,0,0,0,2,42,0,0,0,0,0,0
18027,0,0,0,0,2,0,52,572,3,0,0,0
18028,0,2,0,0,37,2,238,5372,0,0,0,0
18029,0,0,0,0,0,10,0,0,0,2,3917,0
18030,38,39,8,0,0,0,0,0,0,0,0,0
18031,0,20,1,0,0,0,0,0,0,0,0,0
18032,0,0,0,0,0,42,0,0,0,168,4607,3
18033,0,0,0,8,112,213,0,0,0,0,2,0
18034,0,0,0,0,1,27,0,0,0,0,0,0
18035,0,0,0,0,0,1,0,0,0,0,0,0
18036,0,36,0,0,0,0,0,0,0,0,0,0
18037,0,0,0,0,0,0,0,0,0,0,3,1
18038,3,1,0,0,0,0,0,0,0,0,0,0
18039,15,136,15,0,0,0,1,0,0,0,0,0
18040,0,0,0,0,8,0,39,1653,0,0,0,0
18041,0,0,0,0,0,0,0,0,0,0,26,39
18042,1,0,0,147,51,303,0,0,0,0,4,0
18043,0,0,0,0,0,0,4,3,29,0,0,0
18044,37,20,10,0,0,0,0,0,0,0,0,0
18045,4,21,11,0,0,0,0,0,0,0,0,0
18046,0,1,17,0,0,0,0,0,0,1,0,0
18047,0,68,9,0,0,0,0,0,0,0,0,0
18048,0,0,0,0,0,814,0,0,0,0,3,0
18049,0,3,0,0,0,0,105,33,32,0,0,0
18050,0,0,0,0,0,30,0,0,0,0,0,0
18051,15,128,10,0,0,0,0,0,0,0,0,0
18052,0,39,0,0,0,0,0,0,0,0,0,0
18053,0,0,0,0,0,2,0,0,0,1,372,0
18054,6,84,4,0,0,0,3,0,0,0,0,0
18055,0,0,0,0,0,0,161,0,3,0,0,0
18056,0,0,0,0,0,0,6,14,0,0,0,0
18057,1,55,244,0,0,0,0,0,0,8,0,0
18058,0,0,0,0,0,0,0,0,0,20,23,1
18059,0,0,0,0,0,0,0,0,0,0,0,0
18060,0,0,1,0,0,25,0,0,0,128,6076,13
18061,0,0,0,0,0,3,0,0,0,0,0,0
18062,0,0,0,1,0,2,0,0,0,0,0,0
18063,0,0,0,3,0,36,0,0,0,0,0,0
18064,1,0,0,0,0,0,0,0,0,0,0,0
18065,0,8,0,0,0,0,0,0,0,0,0,0
18066,0,97,0,0,0,0,0,0,0,0,0,0
18067,0,0,0,0,0,0,2,28,3,0,0,0
18068,1,0,0,0,0,0,0,0,0,0,0,0
18069,0,0,0,0,1,143,0,0,0,0,0,0
18070,0,0,0,3,0,14,0,0,0,0,0,0
18071,0,0,0,0,0,0,0,1,1,0,0,0
18072,0,0,0,0,4,125,0,0,0,0,1,0
18073,0,5,1,0,0,0,0,0,0,0,0,0
18074,0,0,0,0,0,0,4,0,2,0,0,0
18075,0,0,0,0,4,21,0,0,0,0,0,0
18076,1,0,1,0,0,0,0,0,0,0,0,0
18077,4,255,10,0,0,0,1,0,0,0,0,0
18078,0,0,0,0,0,0,97,238,6,0,0,0
18079,0,4,0,0,61,0,238,7009,1,0,0,0
18080,0,0,0,0,0,41,0,0,0,0,0,0
18081,27,188,1,0,0,0,0,0,0,0,0,0
18082,0,86,40,0,0,0,0,0,0,0,0,0
18083,0,0,0,9,10,1333,0,0,0,0,6,0
18084,0,0,0,0,0,0,0,0,0,8,530,1
18085,1,50,2,0,0,0,0,0,0,0,0,0
18086,0,0,0,0,0,32,0,0,0,112,14763,6
18087,0,0,0,47,405,227,0,0,0,0,2,0
18088,0,0,0,0,0,0,66,133,7,0,0,0
18089,0,0,0,0,0,0,6,7,4,0,0,0
18090,0,1,0,0,1,0,434,467,0,0,0,0
18091,0,0,0,0,1,76,0,0,0,0,0,0
18092,0,0,0,0,0,0,0,0,0,0,0,0
18093,5,451,10,0,0,0,1,0,0,0,0,0
18094,0,0,0,0,0,0,0,0,0,1,2,0
18095,0,1,2,0,0,0,0,0,0,0,0,0
18096,0,0,0,0,0,321,0,0,0,0,1,0
18097,0,0,0,0,0,0,0,0,0,1,3,0
18098,0,0,0,0,0,0,0,0,0,1,4,0
18099,0,0,0,16,32,294,0,0,0,0,0,0
18100,2,55,1,0,0,0,0,0,0,0,0,0
18101,0,0,0,0,0,0,0,0,0,0,7,0
18102,5,296,12,0,0,0,0,0,0,0,0,0
18103,0,0,0,0,0,0,0,0,0,0,3,0
18104,56,2,0,1,0,0,0,0,0,0,0,0
18105,0,2,0,0,0,0,415,1398,115,0,0,0
18106,0,0,0,0,1,0,2,840,4,0,0,0
18107,0,0,0,0,0,0,0,0,0,1,6,0
18108,749,114,14,100,0,0,2,0,0,0,0,0
18109,0,0,0,0,0,3,0,0,0,36,109,1
18110,0,0,0,0,0,0,0,0,0,7,102,0
18111,1,0,0,109,1,178,0,0,0,0,0,0
18112,0,1,0,0,0,0,0,0,0,0,0,0
18113,0,0,0,0,0,0,0,0,0,0,9,0
18114,15,90,2,0,0,0,2,0,0,0,0,0
18115,0,0,0,0,0,63,0,0,0,86,12273,2
18116,0,38,0,0,0,0,0,0,0,0,0,0
18117,0,0,0,0,0,1,0,0,0,49,478,1
18118,0,0,1,0,0,0,0,0,0,137,128,0
18119,1,0,0,103,27,6,0,0,0,0,0,0
18120,0,0,0,0,0,34,0,0,0,2,422,0
18121,28,237,40,0,0,0,0,0,0,0,0,0
18122,0,0,0,0,0,0,17,376,0,0,0,0
18123,0,0,0,3,2,102,0,0,0,0,0,0
18124,0,0,0,0,0,0,1,5,1,0,0,0
18125,0,0,0,0,0,11,0,0,0,0,0,0
18126,0,0,0,87,6,2280,0,0,0,0,2,0
18127,0,0,0,0,0,0,15,16,0,0,0,0
18128,0,35,6,0,0,0,1,0,0,0,0,0
18129,0,0,0,0,0,35,0,0,0,19,4026,2
18130,5,96,0,0,0,0,0,0,0,0,0,0
18131,0,0,0,0,0,42,0,0,0,35,8289,2
18132,0,0,0,25,1,556,0,0,0,0,5,0
18133,1,9,0,0,0,0,0,0,0,0,0,0
18134,1,55,6,0,0,0,0,0,0,0,0,0
18135,1,179,4,0,0,0,1,0,0,0,0,0
18136,0,0,0,0,2,17,0,0,0,0,0,0
18137,0,0,0,14,63,1,0,1,0,0,0,0
18138,0,0,0,0,0,4,0,0,0,11,1044,0
18139,2,7,1,0,0,0,0,0,0,0,0,0
18140,4,43,1,0,0,0,0,0,0,0,0,0
18141,3,90,0,0,0,0,0,0,0,0,0,0
18142,2,18,1,0,0,0,0,0,0,0,0,0
18143,0,0,0,0,0,0,0,0,0,30,63,2
18144,0,0,0,32,14,222,0,0,0,0,1,0
18145,0,0,0,0,0,0,13,1,0,0,0,0
18146,18,53,138,0,0,0,0,0,0,0,0,0
18147,18,56,18,0,0,0,0,0,0,0,0,0
18148,0,0,0,0,1,0,173,362,3,0,0,0
18149,0,0,0,0,0,0,10,227,0,0,0,0
18150,0,0,0,2,1,189,0,0,0,0,0,0
18151,0,0,0,1,0,111,0,0,0,0,0,0
18152,0,0,0,0,0,1,0,0,0,0,0,0
18153,6,346,5,0,0,0,1,0,0,0,0,0
18154,0,0,0,4,0,0,0,0,0,0,0,0
18155,0,0,0,0,0,0,16,163,0,0,0,0
18156,0,0,0,2,1,70,0,0,0,0,0,0
18157,0,0,0,0,0,0,11,76,0,0,0,0
18158,0,0,0,0,2,21,0,0,0,0,0,0
18159,0,0,0,58,29,92,0,1,0,0,1,0
18160,0,0,0,0,0,0,44,21,1,0,0,0
18161,1,10,13,0,0,0,0,0,0,0,0,0
18162,0,0,0,0,0,0,0,0,0,5,652,0
18163,9,227458,23,0,0,0,309,9,0,0,0,0
18164,0,0,0,1,0,209,0,0,0,0,0,0
18165,1,29,5,0,0,0,0,0,0,0,0,0
18166,0,0,0,0,0,2,0,0,0,4,1060,9
18167,0,0,1,0,0,38,0,0,0,232,3640,7
18168,1,0,0,33,12,185,0,0,0,0,0,0
18169,0,3,0,0,2,0,1410,531,6,0,0,0
18170,0,0,0,0,0,0,42,129,3,0,0,0
18171,0,0,0,0,0,25,0,0,0,10,3935,2
18172,31,118,3,0,0,0,0,0,0,0,0,0
18173,0,0,0,3,2,119,0,0,0,0,0,0
18174,2,48,0,0,0,0,0,0,0,0,0,0
18175,0,0,0,0,0,4,0,0,0,9,1372,0
18176,0,0,0,0,1,74,0,0,0,47,20294,0
18177,0,0,0,3,0,219,0,0,0,0,0,0
18178,1,7,1,0,0,0,0,0,0,0,0,0
18179,1,63,1,0,0,0,0,0,0,0,0,0
18180,0,1,0,0,1,0,467,149,0,0,0,0
18181,0,0,0,0,0,0,232,35,0,0,0,0
18182,3,41,2,0,0,0,0,0,0,0,0,0
18183,0,0,0,0,0,1,0,0,0,8,600,3
18184,13,161,14,0,0,0,0,0,0,0,0,0
18185,0,0,0,0,1,173,0,0,0,0,0,0
18186,0,0,0,0,9,0,103,1721,18,0,0,0
18187,9,35,1,0,0,0,0,0,0,0,0,0
18188,0,0,0,0,0,0,0,0,0,157,92,0
18189,0,0,0,0,0,5,0,0,0,68,1137,1
18190,0,0,0,0,0,0,0,0,0,0,0,0
18191,10,3,0,0,0,0,0,0,0,0,0,0
18192,0,0,0,1,0,81,0,0,0,0,0,0
18193,1,2,1,0,0,0,0,0,0,0,0,0
18194,0,0,0,0,0,0,75,6,7,0,0,0
18195,0,85,9,0,0,0,0,0,0,0,0,0
18196,1,0,15,0,0,0,0,0,0,0,0,0
18197,0,0,0,0,0,0,789,4,0,0,0,0
18198,0,29,0,0,0,0,0,0,0,0,0,0
18199,0,0,4,0,0,0,0,0,0,82,6,2
18200,0,0,0,0,0,0,0,0,0,0,0,0
18201,0,0,0,0,0,0,0,0,0,5,90,0
18202,11,150,0,0,0,0,0,0,0,0,0,0
18203,0,0,0,0,0,58,0,0,0,0,0,0
18204,0,0,0,0,0,0,0,0,0,133,94,1
18205,0,0,0,1,2,1,0,0,0,0,0,0
18206,0,0,0,0,0,0,0,0,0,0,9,0
18207,0,0,0,0,0,56,0,0,0,0,0,0
18208,4,88,3,0,0,0,0,0,0,0,0,0
18209,0,0,0,1,0,60,0,0,0,0,0,0
18210,0,0,0,0,306,0,44,1061,1,0,0,0
18211,4,21,8,0,0,0,0,0,0,0,0,0
18212,0,0,0,1,0,1,0,0,0,0,0,0
18213,0,1,0,0,1,0,295,416,5,0,0,0
18214,0,9,0,0,0,0,353,39,0,0,0,0
18215,0,0,0,0,0,0,3,4,1,0,0,0
18216,0,0,0,0,2,52,0,0,0,0,0,0
18217,0,0,0,1,1,19,0,0,0,0,0,0
18218,0,0,0,0,0,6,0,0,0,0,0,0
18219,0,0,0,0,0,6,0,0,0,0,0,0
18220,2,1,1,0,0,0,0,0,0,0,0,0
18221,2,55,3,0,0,0,1,0,0,0,0,0
18222,1,135,0,0,0,0,0,0,0,0,0,0
18223,6,71,32,0,0,0,0,0,0,0,0,0
18224,0,0,0,0,0,147,0,0,0,0,0,0
18225,0,0,0,0,1,0,45,1212,32,0,0,0
18226,3,17,41,0,0,0,0,0,0,0,0,0
18227,14,293,10,0,0,0,6,0,0,0,0,0
18228,0,0,0,8,3,106,0,0,0,0,0,0
18229,0,0,0,1,0,19,0,0,0,0,0,0
18230,2,54,0,0,0,0,0,0,0,0,0,0
18231,0,0,0,0,0,1143,0,0,0,0,0,0
18232,0,0,0,0,0,0,0,0,0,4,9,2
18233,15,48,1,1,0,0,2,0,0,0,0,0
18234,8,17,22,0,0,0,0,0,0,0,0,0
18235,0,0,0,0,0,0,20,1,0,0,0,0
18236,0,0,0,0,0,0,0,0,0,0,0,0
18237,0,0,0,6,0,119,0,0,0,0,0,0
18238,3,26,0,0,0,0,0,0,0,0,0,0
18239,1,105,15,0,0,0,0,0,0,0,0,0
18240,0,0,0,6,16,414,0,0,0,0,25,0
18241,0,0,0,0,0,0,329,11,0,0,0,0
18242,0,0,0,0,1,0,43,30,1,0,0,0
18243,0,0,0,0,9,40,0,0,0,0,0,0
18244,0,0,0,0,3,17,0,0,0,0,0,0
18245,0,2,2,0,0,0,0,0,0,0,0,0
18246,0,0,0,0,0,3,0,0,0,0,750,0
18247,0,0,0,0,0,0,0,0,0,11,399,3
18248,0,0,0,0,0,8,0,0,0,45,773,2
18249,0,0,0,29,18,65,0,0,0,0,0,0
18250,2,41,0,0,0,0,2,0,0,0,0,0
18251,0,129,13,0,0,0,1,0,0,0,0,0
18252,0,0,0,0,0,32,0,0,0,2,3773,3
18253,8,44,1,0,0,0,0,0,0,0,0,0
18254,0,0,0,0,0,66,0,0,0,0,0,0
18255,0,4,0,2,219,0,1247,14844,34,0,0,0
18256,0,0,0,1,0,8,0,0,0,0,0,0
18257,0,0,0,1,0,3,0,0,0,0,0,0
18258,0,0,0,1,0,188,0,0,0,0,3,0
18259,7,537,1,0,0,0,2,0,0,0,0,0
18260,0,0,0,6,24,371,0,0,0,0,3,0
18261,0,0,13,0,0,11,0,0,0,201,872,1
18262,32,102,3,1,0,1,1,0,0,0,0,0
18263,0,0,0,0,0,1,0,0,0,30,162,3
18264,0,0,1,0,0,24,0,0,0,147,7067,6
18265,0,0,0,0,0,0,0,0,0,71,284,3
18266,0,0,0,0,0,0,81,103,1,0,0,0
18267,0,0,0,0,0,2,0,0,0,66,1214,6
18268,0,0,0,0,0,0,9,4,2,0,0,0
18269,3,23,121,0,0,0,0,0,0,0,0,0
18270,37,105,121,0,0,0,0,0,0,1,0,0
18271,0,0,0,0,0,0,63,1,1,0,0,0
18272,1,32,8,0,0,0,0,0,0,0,0,0
18273,9,396,49,0,0,0,0,0,0,0,0,0
18274,0,0,0,0,0,0,32,53,1,0,0,0
18275,0,0,0,0,0,0,0,0,0,0,15,21
18276,0,0,0,2,0,133,0,0,0,0,0,0
18277,3,175,1,0,0,0,0,0,0,0,0,0
18278,0,0,0,1,0,122,0,0,0,0,0,0
18279,2,41,5,0,0,0,0,0,0,0,0,0
18280,0,45,16,0,0,0,0,0,0,0,0,0
18281,0,2,0,0,0,0,132,48,1,0,0,0
18282,0,47,15,0,0,0,0,0,0,0,0,0
18283,0,0,0,0,0,6,0,0,0,5,238,2
18284,1,256,0,0,0,0,0,0,0,0,0,0
18285,0,0,0,3,46,116,0,0,0,0,1,0
18286,0,0,0,0,0,0,89,31,1,0,0,0
18287,0,0,0,0,0,62,0,0,0,0,0,0
18288,0,66,4,0,0,0,0,0,0,0,0,0
18289,0,0,0,0,0,0,0,0,0,1,8,0
18290,0,0,0,0,0,0,1,2,4,0,0,0
18291,0,0,0,5,14,176,0,0,0,0,0,0
18292,0,0,0,0,2,0,9,2905,1,0,0,0
18293,0,0,0,0,0,0,0,0,0,1,5,0
18294,32,314,14,0,0,0,0,0,0,0,0,0
18295,0,0,0,0,0,0,0,0,0,0,0,0
18296,0,0,0,0,0,0,0,0,0,0,0,0
18297,0,0,0,0,0,0,0,3,2,0,0,0
18298,5,290,43,0,0,0,0,0,0,0,0,0
18299,0,0,0,0,0,47,0,0,0,0,0,0
18300,0,0,0,73,199,444,0,0,0,0,0,0
18301,0,0,0,0,0,0,10,1,0,0,0,0
18302,0,0,0,0,0,0,1,2,1,0,0,0
18303,0,0,0,0,0,1,0,0,0,97,587,0
18304,0,0,0,2,4,37,0,0,0,0,0,0
18305,0,0,0,1,25,13,0,0,0,0,0,0
18306,0,0,0,0,0,0,0,0,0,29,513,0
18307,0,0,0,0,0,0,0,5,0,0,0,0
18308,0,0,0,0,0,0,0,0,0,0,0,0
18309,0,0,0,0,0,462,0,0,0,0,0,0
18310,0,0,0,0,0,0,69,13,35,0,0,0
18311,0,0,0,0,5,94,0,0,0,0,0,0
18312,0,0,1,0,0,1,0,0,0,376,1963,2
18313,0,0,0,0,0,0,0,0,0,0,0,0
18314,1,4,0,0,0,0,0,0,0,0,0,0
18315,0,8,0,0,0,0,1277,2,1,0,0,0
18316,0,0,0,0,0,0,0,4,0,0,0,0
18317,0,0,0,0,0,0,2,0,3,0,0,0
18318,0,0,0,0,11,0,210,3419,56,0,0,0
18319,0,0,0,5,0,0,0,0,0,0,0,0
18320,0,0,0,0,0,0,1,11,0,0,0,0
18321,0,0,0,0,0,221,0,0,0,0,1,0
18322,0,0,0,0,0,0,0,0,0,3,754,0
18323,13,17,0,0,0,0,0,0,0,0,0,0
18324,0,0,0,6,8,149,0,0,0,0,0,0
18325,0,0,0,0,0,0,20,32,3,0,0,0
18326,0,0,0,0,0,7,0,0,0,0,1587,0
18327,0,0,0,10,2,321,0,0,0,0,0,0
18328,0,16,0,0,0,0,0,0,0,0,0,0
18329,0,0,0,0,0,0,0,0,0,80,897,1
18330,0,0,0,8,5,37,0,0,0,0,0,0
18331,0,17,2,0,0,0,0,0,0,0,0,0
18332,0,0,0,0,0,0,54,60,15,0,0,0
18333,8,108,8,0,0,0,0,0,0,0,0,0
18334,0,0,0,0,0,0,4,1,0,0,0,0
18335,3,43,11,0,0,0,0,0,0,0,0,0
18336,12,194,9,0,0,0,1,0,0,0,0,0
18337,0,0,0,0,6,0,19,2541,1,0,0,0
18338,0,0,0,0,0,0,0,0,0,10,40,11
18339,0,0,0,32,6,57,0,0,0,0,0,0
18340,0,0,0,0,0,0,422,30,0,0,0,0
18341,0,0,0,0,3,16,0,0,0,0,1,0
18342,0,0,0,10,4,109,0,0,0,0,13,0
18343,0,0,0,0,0,0,1,3,0,0,0,0
18344,0,0,0,0,0,0,1,1,0,0,0,0
18345,0,0,0,0,0,152,0,0,0,0,0,0
18346,2,14,0,0,0,0,0,0,0,0,0,0
18347,0,0,0,0,0,0,0,0,0,1,15,2
18348,0,0,0,0,0,27,0,0,0,71,6473,6
18349,0,0,6,0,0,0,0,0,0,0,0,0
18350,3,12,1,0,0,0,0,0,0,0,0,0
18351,0,0,0,1,0,282,0,0,0,0,0,0
18352,0,0,0,3,5,34,0,0,0,0,0,0
18353,0,0,0,0,0,3,0,0,0,0,0,0
18354,0,27,2,0,0,0,0,0,0,0,0,0
18355,0,0,0,0,0,0,0,0,0,0,5,0
18356,0,0,0,0,0,0,0,0,0,0,4,1
18357,0,0,0,4,22,81,0,0,0,0,0,0
18358,0,0,0,5,0,142,0,0,0,0,0,0
18359,0,0,0,0,0,8,0,0,0,0,0,0
18360,1,18372,0,0,0,0,113,2,0,0,0,0
18361,0,0,0,0,0,0,0,0,0,0,2,4
18362,0,0,0,0,0,0,0,0,0,0,0,0
18363,0,1,0,0,0,0,306,0,0,0,0,0
18364,0,0,0,0,0,0,0,0,3,27,198,4
18365,0,0,0,2,0,0,0,0,0,0,0,0
18366,18,1654,1,0,0,0,3,0,0,0,0,0
18367,0,0,0,0,0,0,3,0,0,0,0,0
18368,0,0,0,0,0,0,0,11,0,0,0,0
18369,0,0,0,6,317,56,0,0,0,0,0,0
18370,0,0,0,1,0,9,0,0,0,0,0,0
18371,0,0,0,2,0,3,0,0,0,0,0,0
18372,0,0,0,3,2,59,0,0,0,0,0,0
18373,0,0,0,1,9,3,0,0,0,0,0,0
18374,0,0,2,0,0,0,0,0,0,102,15,1
18375,0,0,0,15,2,168,0,0,0,0,0,0
18376,2,27,4,0,0,0,0,0,0,0,0,0
18377,0,0,0,0,0,4,0,0,0,2,4440,15
18378,10,130,9,0,0,0,0,0,0,0,0,0
18379,0,33,0,0,2,0,103,547,0,0,0,0
18380,0,0,0,0,0,0,11,57,0,0,0,0
18381,0,0,0,0,4,39,0,0,0,0,0,0
18382,0,1,0,0,2,0,410,227,0,0,0,0
18383,0,0,0,0,5,52,0,0,0,0,0,0
18384,0,0,0,6,2,175,0,0,0,0,7,0
18385,1,28,0,0,0,0,0,0,0,0,0,0
18386,0,24,0,0,0,0,0,0,0,0,0,0
18387,0,0,0,0,0,3,0,0,0,2,308,0
18388,0,0,1,0,0,2,0,0,0,254,272,0
18389,0,0,0,2,1,3,0,0,0,0,0,0
18390,14,248,1,0,0,0,1,0,0,0,0,0
18391,0,0,0,0,4,0,96,73,3,0,0,0
18392,0,0,0,0,3,15,0,0,0,0,0,0
18393,0,0,0,21,8,186,0,0,0,0,0,0
18394,0,0,0,0,5,0,49,1053,9,0,0,0
18395,0,0,0,0,0,12,0,0,0,0,8296,3
18396,0,0,0,9,6,249,0,0,0,0,1,0
18397,0,0,0,0,1,0,597,642,9,0,0,0
18398,0,0,0,0,0,167,0,0,0,0,0,0
18399,3,933,2,0,0,0,4,0,0,0,0,0
18400,0,0,0,0,0,0,0,0,0,2,257,3
18401,0,0,0,0,0,0,0,0,0,1,405,0
18402,0,0,0,52,5,681,0,0,0,0,1,0
18403,2,152,0,0,0,0,0,0,0,0,0,0
18404,0,0,0,0,0,0,0,0,0,0,41,0
18405,36,62,10,0,0,0,0,0,0,0,0,0
18406,0,0,0,0,0,0,1,2,27,0,0,1
18407,0,0,0,0,0,0,1,1,2,0,0,0
18408,0,0,0,0,0,95,0,0,0,0,0,0
18409,0,0,0,0,0,9,0,0,0,0,0,0
18410,3,279,2,0,0,0,2,0,0,0,0,0
18411,0,0,0,0,0,178,0,0,0,0,0,0
18412,0,2,0,0,4,0,1176,2160,8,0,0,0
18413,0,0,0,0,0,2,0,0,0,0,0,0
18414,0,0,0,18,32,62,0,0,0,0,0,0
18415,0,0,0,0,0,0,1,6,1,0,0,0
18416,1,0,0,0,0,0,0,0,0,0,0,0
18417,0,0,0,0,1,1987,0,0,0,0,19,0
18418,5,1,0,0,0,0,0,0,0,0,0,0
18419,0,0,1,0,0,1,0,0,0,28,6,0
18420,0,26,0,0,0,0,0,0,0,0,0,0
18421,0,0,0,0,0,0,0,0,0,2,196,0
18422,0,0,0,0,0,0,0,0,0,35,7,0
18423,0,0,0,7,115,109,0,0,0,0,0,0
18424,49,56723,3,0,0,0,274,8,0,0,0,0
18425,1,71,42,0,0,0,0,0,0,0,0,0
18426,0,0,0,1,0,396,0,0,0,0,3,0
18427,94,11,0,0,0,0,0,0,0,0,0,0
18428,1,61,164,0,0,0,0,0,0,0,0,0
18429,0,0,0,5,4,729,0,0,0,0,2,0
18430,0,1,0,0,0,0,0,0,0,0,0,0
18431,0,0,0,0,0,0,0,0,0,0,474,0
18432,5,170,7,0,0,0,0,0,0,0,0,0
18433,0,0,0,0,0,0,176,50,6,0,0,0
18434,2,53,18,0,0,0,0,0,0,0,0,0
18435,0,0,0,14,112,302,0,2,0,0,2,0
18436,0,0,0,4,12,34,0,0,0,0,0,0
18437,0,0,0,1,14,6,0,0,0,0,0,0
18438,0,0,0,11,11,97,0,0,0,0,0,0
18439,0,0,0,46,130,3,0,1,0,0,0,0
18440,0,0,0,0,0,0,0,0,0,24,216,0
18441,0,0,0,0,0,5,0,0,0,102,2444,0
18442,0,31,30,0,0,0,0,0,0,0,0,0
18443,0,0,0,0,0,0,140,54,0,0,0,0
18444,38,167,17,0,0,0,2,0,0,0,0,0
18445,0,0,0,0,0,0,405,128,3,0,0,0
18446,0,0,0,0,0,4,0,0,0,0,0,0
18447,0,0,0,5,7,111,0,0,0,0,0,0
18448,50,164,1,0,0,0,0,0,0,0,0,0
18449,0,0,0,0,10,0,39,2841,2,0,0,0
18450,0,0,0,3,2,87,0,0,0,0,0,0
18451,0,0,0,0,0,0,9,9,1,0,0,0
18452,0,0,0,0,0,2,0,0,0,1,1117,1
18453,0,0,0,38,0,279,0,0,0,1,0,0
18454,1,2,3,0,0,0,0,0,0,0,0,0
18455,3,35,0,0,0,0,0,0,0,0,0,0
18456,16,107,1,0,0,0,0,0,0,0,0,0
18457,0,0,0,0,0,9,0,0,0,326,3283,10
18458,0,0,0,0,0,0,0,0,0,10,234,2
18459,26,48,1,0,0,0,0,0,0,0,0,0
18460,0,0,0,0,0,0,0,0,0,0,10,2
18461,0,0,0,0,0,0,0,0,0,0,7,0
18462,0,0,0,0,3,0,692,362,1,0,0,0
18463,0,0,0,0,0,4,0,0,0,515,937,1
18464,0,0,2,0,0,0,0,0,0,1150,146,0
18465,0,0,0,28,24,390,0,0,0,0,3,0
18466,0,0,0,0,0,0,118,0,0,0,0,0
18467,0,0,0,0,0,0,49,9,0,0,0,0
18468,44,4169,190,0,0,0,33,0,0,0,0,0
18469,0,0,0,0,0,0,85,99,1,0,0,0
18470,5,267,17,0,0,0,0,0,0,0,0,0
18471,0,0,0,67,183,2770,0,0,0,0,9,0
18472,0,0,0,0,0,0,0,0,0,30,1,1
18473,38,33,4,0,0,0,0,0,0,0,0,0
18474,13,357,40,0,0,0,8,2,1,0,0,0
18475,0,0,0,1,0,16,0,0,0,0,0,0
18476,0,0,0,4,0,1,0,0,0,0,0,0
18477,0,0,0,0,0,181,0,0,0,0,5,0
18478,1,18,2,0,0,0,0,0,0,0,0,0
18479,33,84,14,0,0,0,0,0,0,0,0,0
18480,1,77,5,0,0,0,0,0,0,0,0,0
18481,0,0,0,0,0,0,0,0,0,16,163,1
18482,3,0,0,0,0,0,0,0,0,0,0,0
18483,0,0,0,0,0,0,0,0,0,9,1445,1
18484,0,0,0,0,0,0,0,0,0,25,10,0
18485,0,0,0,0,1,2,0,0,0,0,0,0
18486,0,0,0,0,0,35,0,0,0,13,12757,8
18487,26,147,6,0,0,0,0,0,0,0,0,0
18488,0,0,0,0,1,986,0,0,0,0,0,0
18489,0,28,2,0,0,0,0,0,0,0,0,0
18490,0,0,0,0,0,0,0,0,0,52,318,0
18491,0,0,1,0,0,4,0,0,0,98,257,0
18492,69,54,7,0,0,0,0,0,0,0,0,0
18493,0,0,1,0,0,0,0,0,0,50,142,0
18494,0,0,0,1,0,4,0,0,0,0,0,0
18495,0,0,0,6,12,57,0,0,0,0,0,0
18496,0,65,2,0,0,0,0,0,0,0,0,0
18497,0,0,0,1,2,10,0,0,0,0,0,0
18498,0,0,0,0,8,0,87,1443,6,0,0,0
18499,0,0,0,1,1,439,0,0,0,0,0,0
18500,1,57,1,0,0,0,0,0,0,0,0,0
18501,0,0,0,0,0,2,0,0,0,0,2212,0
18502,1,0,2,0,0,0,0,0,0,0,0,0
18503,1,81,2,0,0,0,0,0,0,0,0,0
18504,7,71,10,0,0,0,0,0,0,0,0,0
18505,0,0,0,0,0,0,2,2,0,0,0,0
18506,0,0,0,0,3,0,0,27,1,0,0,0
18507,3,126,32,0,0,0,0,0,0,0,0,0
18508,0,0,0,0,0,9,0,0,0,140,4819,53
18509,0,0,0,83,28,16,0,0,0,0,0,0
18510,0,0,0,2,12,319,0,0,0,0,1,0
18511,0,0,0,0,0,9,0,0,0,71,1073,2
18512,0,0,0,0,0,0,0,0,0,93,238,0
18513,0,0,0,73,45,93,0,0,0,0,0,0
18514,0,0,0,0,0,4,0,0,0,0,0,0
18515,0,0,0,0,0,0,2,3,1,0,0,0
18516,0,0,0,0,0,0,5,25,3,0,0,0
18517,11,9,62,0,0,0,0,0,0,0,0,0
18518,2,324,50,0,0,0,0,0,0,0,0,0
18519,0,0,0,1,3,211,0,0,0,0,1,0
18520,0,0,0,0,0,0,89,179,2,0,0,0
18521,0,0,0,0,0,6,0,0,0,0,0,0
18522,8,118,0,0,0,0,0,0,0,0,0,0
18523,0,0,0,0,2,0,23,370,0,0,0,0
18524,0,0,0,1,3,28,0,0,0,0,1,0
18525,0,0,0,0,2,0,135,1568,13,0,0,0
18526,0,0,0,0,0,2,0,0,0,3,1808,0
18527,0,0,0,0,0,0,49,20,3,0,0,0
18528,0,0,0,0,0,40,0,0,0,0,0,0
18529,8,328,11,0,0,0,0,0,0,0,0,0
18530,0,0,0,0,0,65,0,0,0,0,0,0
18531,14,49,2,0,0,0,0,0,0,0,0,0
18532,2,0,1,0,0,0,0,0,0,0,0,0
18533,2,205,7,0,0,0,3,0,0,0,0,0
18534,0,0,0,0,0,0,203,92,0,0,0,0
18535,1,414,104,0,0,0,0,0,0,0,0,0
18536,0,0,0,0,4,59,0,0,0,0,0,0
18537,0,0,0,170,8,101,0,0,0,0,1,0
18538,0,1,0,0,15,0,165,3131,8,0,0,0
18539,0,0,0,0,0,28,0,0,0,0,0,0
18540,0,75,11,0,0,0,0,0,0,0,0,0
18541,0,0,0,0,0,0,0,0,0,2,4,1
18542,2,9,0,0,0,0,0,0,0,0,0,0
18543,2,83,0,0,0,0,0,0,0,0,0,0
18544,0,49,1,0,0,0,0,0,0,0,0,0
18545,0,0,0,0,2,1394,0,0,0,0,0,0
18546,0,0,0,0,5,0,58,1102,2,0,0,0
18547,0,0,0,1,6,46,0,0,0,0,0,0
18548,0,0,0,0,0,1,0,0,0,0,0,0
18549,0,45,8,0,0,0,0,0,0,0,0,0
18550,3,1114,0,0,0,0,0,0,0,0,0,0
18551,0,0,0,0,0,0,1,3,2,0,0,0
18552,0,0,0,0,2,42,0,0,0,0,0,0
18553,0,0,0,0,0,0,1,2,1,0,0,0
18554,0,11,0,0,0,0,0,0,0,0,0,0
18555,0,0,0,0,0,27,0,0,0,3,10834,0
18556,4,48,0,0,0,0,0,0,0,0,0,0
18557,0,0,0,0,0,1,0,0,0,37,223,1
18558,0,21,7,0,0,0,0,0,0,0,0,0
18559,0,0,0,0,0,0,0,0,0,4,326,0
18560,0,0,0,2,2,0,0,0,0,0,0,0
18561,0,0,0,5,25,485,0,1,0,0,1,0
18562,0,82,1,0,0,0,2,0,0,0,0,0
18563,0,73,1,0,0,0,1,0,0,0,0,0
18564,2,30,6,0,0,0,0,0,0,0,0,0
18565,7,99,7,0,0,0,2,0,0,0,0,0
18566,1,103,41,0,0,0,0,0,0,1,2,0
18567,0,0,0,4,2,409,0,0,0,0,2,0
18568,0,0,0,0,0,7,0,0,0,39,4052,8
18569,0,0,0,1,2,6,0,0,0,0,0,0
18570,0,0,0,0,0,6,0,0,0,51,4300,18
18571,0,0,0,21,35,7,0,0,0,0,0,0
18572,0,0,0,0,0,0,0,0,0,2,28,3
18573,0,0,0,71,0,52,0,0,0,0,0,0
18574,0,0,0,0,0,0,80,9,0,0,0,0
18575,0,46,5,0,0,0,0,0,0,0,0,0
18576,0,0,0,0,0,0,0,0,0,20,1049,4
18577,0,26,15,0,0,0,0,0,0,0,0,0
18578,0,0,0,0,0,0,117,80,4,0,0,0
18579,2,50,15,0,0,0,1,0,0,0,0,0
18580,0,0,0,0,0,0,213,5,2,0,0,0
18581,0,0,0,0,1,44,0,0,0,0,0,0
18582,0,0,0,0,0,2,0,0,0,51,1062,0
18583,0,3,0,0,5,0,1660,1422,25,0,0,0
18584,0,0,0,0,0,67,0,0,0,0,0,0
18585,35,2652,6153,0,0,0,52,0,0,0,0,0
18586,0,0,0,1,38,108,0,0,0,0,0,0
18587,0,0,0,0,0,2,0,0,0,0,0,0
18588,0,0,0,7,4,72,0,0,0,0,0,0
18589,0,0,0,0,31,0,149,372,0,0,0,0
18590,0,0,0,0,0,20,0,0,0,0,0,0
18591,0,0,0,0,0,0,0,0,231,45,293,5739
18592,0,0,0,0,11,25,0,0,0,0,0,0
18593,0,0,0,0,0,49,0,0,0,0,0,0
18594,6,373,0,0,0,0,2,0,0,0,0,0
18595,0,0,0,0,2,1,0,0,0,0,0,0
18596,0,0,0,0,0,0,4,42,1,0,0,0
18597,0,0,0,0,0,0,0,7,1,0,0,0
18598,0,0,0,0,0,0,33,213,1,0,0,0
18599,0,0,0,0,0,1,0,0,0,1,115,6
18600,197,328,5,2,0,0,1,0,0,0,0,0
18601,0,0,0,0,0,1,0,0,0,1,349,2
18602,1,12,1,0,0,0,0,0,0,0,0,0
18603,0,0,0,26,18,335,0,0,0,0,4,0
18604,0,0,0,0,1,0,21,83,1,0,0,0
18605,0,0,0,0,0,0,0,12,0,0,0,0
18606,0,0,0,0,0,4,0,0,0,5,470,4
18607,0,0,0,0,87,11,0,11,0,0,0,0
18608,0,0,0,1,0,1,0,0,0,0,0,0
18609,0,0,0,6,0,50,0,0,0,0,0,0
18610,0,0,0,0,0,0,0,0,1,0,0,0
18611,0,4,0,0,0,0,0,0,0,0,0,0
18612,0,0,0,0,0,0,110,51,0,0,0,0
18613,0,0,0,1,3,11,0,0,0,0,0,0
18614,0,0,0,0,0,2,0,0,0,0,0,0
18615,0,0,0,0,0,0,96,30,5,0,0,0
18616,0,68,0,0,0,0,0,0,0,0,0,0
18617,0,0,0,0,0,0,0,0,0,1,3,0
18618,3,287,13,0,0,0,0,0,0,0,0,0
18619,0,0,0,1,38,3,0,0,0,0,0,0
18620,0,0,0,0,0,0,0,0,0,2,4,13
18621,0,0,0,0,3,43,0,0,0,0,0,0
18622,1,7,3,0,0,0,0,0,0,0,0,0
18623,0,0,0,17,0,449,0,0,0,0,1,0
18624,0,0,0,0,0,0,7,122,1,0,0,0
18625,0,0,3,0,0,0,0,0,0,0,0,0
18626,4,250,8,0,0,0,0,0,0,0,0,0
18627,0,0,0,0,0,0,33,50,0,0,0,0
18628,0,0,0,1,0,1,0,0,0,0,0,0
18629,1,53,2,0,0,0,0,0,0,0,0,0
18630,0,0,0,1,0,4594,0,0,0,0,18,0
18631,0,0,0,0,1,8,0,0,0,0,0,0
18632,0,0,0,7,111,0,0,0,0,0,0,0
18633,0,0,0,4,0,24,0,0,0,0,0,0
18634,0,0,0,0,19,0,81,494,10,0,0,0
18635,0,0,0,0,4,58,0,0,0,0,0,0
18636,0,2,0,0,1,0,471,569,1,0,0,0
18637,13,0,0,1,0,0,0,0,0,0,0,0
18638,0,109,1,0,0,0,1,0,0,0,0,0
18639,0,45,0,0,0,0,2,0,0,0,0,0
18640,2,55,209,0,0,0,0,0,0,8,0,0
18641,0,0,0,1,0,65,0,0,0,0,0,0
18642,16,112,1,0,0,0,1,0,0,0,0,0
18643,0,0,0,0,0,0,1,3,1,0,0,0
18644,0,0,0,0,0,0,0,2,1,0,0,0
18645,0,180,1,0,0,0,0,0,0,0,0,0
18646,0,0,0,0,0,1,0,0,0,45,1316,2
18647,1,0,0,0,2,16,0,0,0,170,5581,2
18648,0,0,0,102,144,138,0,0,0,0,0,0
18649,0,0,0,0,0,0,47,2,23,0,0,0
18650,24,59,48,0,0,0,0,0,0,1,0,0
18651,0,1,0,0,5,0,426,2816,117,0,0,2
18652,0,0,0,0,0,92,0,0,0,9,3083,0
18653,0,0,0,0,0,0,244,264,1,0,0,0
18654,0,0,0,0,0,10,0,0,0,58,927,4
18655,12,9,1,0,0,0,0,0,0,0,0,0
18656,0,0,0,0,2,1,0,0,0,18,125,1
18657,0,0,9,0,1,1545,0,0,0,297,17846,4
18658,0,0,0,5,1,2,0,0,0,0,0,0
18659,0,0,0,0,0,0,0,3,1,0,0,0
18660,0,0,0,0,0,156,0,0,0,0,1,0
18661,0,0,0,112,0,1,0,0,0,0,0,0
18662,0,0,0,0,0,0,0,7,169,0,0,0
18663,0,0,0,0,0,67,0,0,0,0,0,0
18664,0,0,0,0,0,9,0,0,0,7,369,3
18665,0,0,0,0,0,2,0,0,0,0,0,0
18666,2,81,3,0,0,0,0,0,0,0,0,0
18667,0,0,0,0,1,0,0,0,0,0,0,0
18668,0,0,0,0,0,0,1,5,1,0,0,0
18669,0,0,0,0,0,205,0,0,0,0,0,0
18670,0,0,0,0,2,0,70,131,11,0,0,0
18671,27,181,137,0,0,0,3,0,0,1,0,0
18672,0,0,0,1,5,257,0,0,0,0,1,0
18673,5,47,3,0,0,0,1,0,0,0,0,0
18674,0,2,0,0,0,0,427,43,2,0,0,0
18675,0,2664,20,0,0,0,3,0,0,0,0,0
18676,0,0,0,0,0,1,0,0,0,46,198,0
18677,0,0,0,0,0,0,127,364,3,0,0,0
18678,0,0,0,13,15,71,0,0,0,0,0,0
18679,0,0,0,0,0,0,65,46,3,0,0,0
18680,0,0,0,0,0,1,0,0,0,0,175,10
18681,0,0,0,0,0,1,0,0,0,20,1121,0
18682,4,91,2,0,0,0,0,0,0,0,0,0
18683,0,0,0,0,0,1,0,0,0,0,524,0
18684,8,129,7,0,0,0,1,0,0,0,0,0
18685,0,0,0,154,1,11,0,0,0,0,0,0
18686,0,0,0,0,0,0,0,241,3,0,0,0
18687,0,0,0,0,0,30,0,0,0,0,14390,0
18688,0,0,0,27,19,65,0,0,0,0,0,0
18689,0,0,0,23,49,43,0,3,0,0,0,0
18690,0,0,0,4,9,83,0,0,0,0,0,0
18691,0,0,0,5,81,1,0,0,0,0,0,0
18692,0,0,0,0,0,0,0,0,0,7,68,3
18693,0,0,0,0,0,20,0,0,0,81,1911,1
18694,4,64,20,0,0,0,0,0,0,0,0,0
18695,0,0,0,0,0,1,0,0,0,373,615,2
18696,0,0,0,167,33,157,0,0,0,0,0,0
18697,0,0,0,0,0,0,177,44,1,0,0,0
18698,0,0,0,0,0,19,0,0,0,6,3107,3
18699,0,0,0,11,325,458,0,0,0,0,0,0
18700,0,0,0,10,23,32,0,0,0,0,0,0
18701,0,0,0,0,0,1,0,0,0,0,48,0
18702,205,165,33,0,0,0,0,0,0,0,0,0
18703,0,1,0,0,1,0,77,401,0,0,0,0
18704,10,33,30,0,0,0,0,1,0,0,0,0
18705,0,0,0,0,0,2,0,0,0,13,815,2
18706,1,45,0,0,0,0,0,0,0,0,0,0
18707,0,0,0,0,0,0,0,0,0,113,10,0
18708,0,0,0,13,21,51,0,0,0,0,0,0
18709,0,0,0,10,0,44,0,0,0,0,0,0
18710,2,232,3,0,0,0,3,0,0,0,0,0
18711,0,0,0,0,0,351,0,0,0,0,0,0
18712,0,0,0,0,0,0,42,37,1,0,0,0
18713,0,0,0,0,0,17,0,0,0,1,1266,0
18714,0,0,0,0,0,4,0,0,0,113,592,0
18715,0,0,0,0,0,0,0,0,0,0,0,0
18716,0,0,0,0,0,0,0,0,0,0,0,0
18717,0,0,0,0,1,71,0,0,0,0,0,0
18718,0,0,0,0,4,2,0,0,0,0,0,0
18719,0,0,0,0,0,0,0,14,0,0,0,0
18720,0,0,0,0,0,0,2,0,1,0,0,0
18721,0,0,0,0,0,0,0,0,0,6,36,1
18722,14,97,5,0,0,0,1,0,0,0,0,0
18723,0,0,0,3,5,441,0,0,0,0,0,0
18724,0,0,0,0,0,0,0,0,0,0,0,0
18725,1,1,0,0,0,0,0,0,0,0,0,0
18726,0,0,0,0,0,62,0,0,0,0,0,0
18727,0,0,0,7,1,19,0,0,0,0,0,0
18728,0,0,0,0,0,0,0,0,0,1,5,0
18729,0,0,0,0,0,39,0,0,0,0,0,0
18730,7,87,1,0,0,0,0,0,0,0,0,0
18731,0,0,0,5,4,64,0,0,0,0,1,0
18732,0,0,0,26,5,178,0,0,0,0,0,0
18733,0,0,0,0,0,0,21,1,2,0,0,0
18734,0,0,0,0,0,0,33,26,0,0,0,0
18735,0,201,24,0,0,0,0,0,0,0,0,0
18736,0,0,0,1,0,400,0,0,0,0,0,0
18737,0,0,0,5,1,12,0,0,0,0,0,0
18738,0,0,0,4,3,71,0,0,0,0,0,0
18739,0,0,0,0,0,0,22,122,21,0,0,1
18740,0,262,10,0,0,0,1,0,0,0,0,0
18741,0,0,0,0,18,122,0,0,0,0,0,0
18742,0,0,0,8,0,95,0,0,0,0,0,0
18743,3,55,0,0,0,0,0,0,0,0,0,0
18744,0,0,0,0,0,294,0,0,0,0,48982,1
18745,0,1,0,0,0,0,121,292,32,0,0,0
18746,0,0,0,0,0,37,0,0,0,0,0,0
18747,0,0,0,0,0,121,0,0,0,101,4805,47
18748,0,0,0,0,0,28,0,0,0,0,0,0
18749,0,22,0,0,0,0,0,0,0,0,0,0
18750,0,0,0,0,0,940,0,0,0,0,0,0
18751,0,52,0,0,0,0,1,0,0,0,0,0
18752,0,25,0,0,0,0,0,0,0,0,0,0
18753,0,0,0,0,0,271,0,0,0,0,1,0
18754,0,0,0,0,0,0,0,0,0,3,123,1
18755,0,0,0,0,0,0,0,0,0,0,97,0
18756,0,0,0,0,6,0,528,2868,25,0,0,0
18757,0,0,0,0,3,106,0,0,0,0,1,0
18758,0,0,0,0,5,45,0,0,0,0,0,0
18759,0,0,0,1,0,62,0,0,0,0,0,0
18760,5,235,1,0,0,0,4,0,0,0,0,0
18761,0,0,0,0,0,86,0,0,0,0,0,0
18762,0,0,0,0,1,0,54,252,0,0,0,0
18763,4,147,13,0,0,0,0,0,0,0,0,0
18764,0,0,0,0,8,30,0,0,0,0,0,0
18765,1,0,0,83,2,26,0,0,0,0,0,0
18766,0,0,0,0,0,0,1,0,0,0,0,0
18767,0,0,0,0,0,0,0,0,0,0,0,0
18768,0,0,0,0,0,97,0,0,0,0,0,0
18769,0,0,0,0,0,0,84,7,0,0,0,0
18770,0,0,0,0,0,8,0,0,0,0,0,0
18771,0,0,0,8,10,103,0,0,0,0,0,0
18772,0,0,0,0,0,0,0,0,0,1,0,0
18773,4,6,0,0,0,0,0,0,0,0,0,0
18774,0,87,1,0,0,0,1,0,0,0,0,0
18775,0,0,0,0,0,0,0,0,0,3,1,1
18776,0,1,0,0,0,0,0,0,0,0,0,0
18777,3,234,3,0,0,0,1,0,0,0,0,0
18778,0,0,0,2,0,3,0,0,0,0,0,0
18779,0,0,0,0,0,0,2,6,0,0,0,0
18780,0,0,0,0,0,0,0,91,1,0,0,0
18781,0,0,0,0,0,0,141,215,0,0,0,0
18782,0,0,0,0,0,0,67,658,0,0,0,0
18783,0,0,0,0,4,51,0,0,0,0,0,0
18784,0,0,0,4,7,34,0,0,0,0,0,0
18785,0,0,0,3,5,17,0,0,0,0,0,0
18786,0,0,0,2,1,43,0,0,0,0,0,0
18787,1,44,0,0,0,0,0,0,0,0,0,0
18788,0,0,0,0,0,123,0,0,0,60,4221,0
18789,20,65,9,0,0,0,0,0,0,0,0,0
18790,0,0,0,0,0,0,102,18,0,0,0,0
18791,0,0,0,0,0,0,5,2,2,0,0,0
18792,0,0,0,3,1,118,0,0,0,0,0,0
18793,1,22,0,0,0,0,0,0,0,0,0,0
18794,0,43,3,0,0,0,0,0,0,0,0,0
18795,0,0,0,0,0,0,0,0,0,60,843,2
18796,0,0,0,0,0,1,0,0,0,2,678,0
18797,0,0,0,0,0,1,0,0,0,0,0,0
18798,8,152,23,0,0,0,4,0,0,0,0,0
18799,0,0,0,0,0,0,0,0,0,44,3,0
18800,26,13,2,0,0,0,0,0,0,0,0,0
18801,3,45,4,0,0,0,0,0,0,0,0,0
18802,40,89,21,0,0,0,0,0,0,0,0,0
18803,0,0,0,0,232,0,228,2541,1,0,0,0
18804,0,0,0,0,0,8,0,0,0,23,3647,0
18805,1,3,1,0,0,0,0,0,0,0,0,0
18806,0,30,0,0,0,0,0,0,0,0,0,0
18807,0,0,0,0,0,0,0,0,0,11,329,0
18808,0,0,0,0,0,0,0,0,0,0,2,0
18809,0,0,0,0,0,0,0,0,0,0,0,0
18810,0,0,0,0,1,194,0,0,0,0,0,0
18811,0,0,0,0,0,0,60,60,1,0,0,0
18812,0,204,590,0,0,0,2,0,0,2,0,0
18813,0,0,0,1,11,512,0,0,0,0,1,0
18814,0,0,0,0,0,11,0,0,0,33,2449,9
18815,0,0,0,3,2,88,0,0,0,0,0,0
18816,0,2,0,0,3,0,1342,2101,156,0,0,0
18817,0,0,0,45,1,130,0,0,0,0,1,0
18818,6,297,7,0,0,0,0,0,0,0,0,0
18819,0,0,0,0,0,104,0,0,0,0,0,0
18820,0,0,0,0,0,1,0,0,0,0,0,0
18821,0,0,0,0,0,0,2,4,1,0,0,0
18822,0,0,0,0,0,109,0,0,0,0,1,0
18823,0,0,0,0,0,0,0,0,0,0,3,3
18824,49,55,0,0,0,0,0,0,0,0,0,0
18825,2,81,59,0,0,0,0,0,0,0,0,0
18826,0,0,0,1,0,0,345,458,2,0,0,0
18827,0,0,0,0,5,45,0,0,0,0,0,0
18828,0,0,0,0,0,7,0,0,0,24,3256,6
18829,0,0,0,0,0,0,0,0,0,3,2,0
18830,1,0,0,0,0,0,0,0,0,0,0,0
18831,0,0,0,0,0,368,0,0,0,0,1,0
18832,0,1,0,0,0,0,186,81,1,0,0,0
18833,0,0,0,0,0,0,37,208,0,0,0,0
18834,0,0,0,1,0,59,0,0,0,0,0,0
18835,8,74,3,0,0,0,0,0,0,0,0,0
18836,1,147,24,0,0,0,0,0,0,0,0,0
18837,0,0,0,2,9,702,0,0,0,0,5,0
18838,0,0,0,0,1,0,5,43,1,0,0,0
18839,0,0,0,0,0,0,0,0,0,2,163,0
18840,2,126,5,0,0,0,1,0,0,0,0,0
18841,0,0,0,0,0,0,0,0,0,1,4,0
18842,0,1,1,0,0,0,0,0,0,0,0,0
18843,0,0,0,0,1,145,0,0,0,0,0,0
18844,0,1,0,0,0,0,289,15,2,0,0,0
18845,0,0,0,0,0,2,0,0,0,0,0,0
18846,224,156,5,0,0,0,0,0,0,0,0,0
18847,0,0,0,0,0,0,2,5,0,0,0,0
18848,0,0,0,0,0,0,0,0,0,0,6,0
18849,0,0,0,2,0,246,0,0,0,0,1,0
18850,0,14,0,0,0,0,0,0,0,0,0,0
18851,0,1,0,0,0,0,35,2,0,0,0,0
18852,0,0,0,2,0,275,0,0,0,0,0,0
18853,0,0,0,5,0,1,0,0,0,0,0,0
18854,0,0,0,0,0,0,90,83,1,0,0,0
18855,0,0,0,0,2,123,0,0,0,0,0,0
18856,0,0,0,0,0,0,0,1,0,0,0,0
18857,0,2,0,0,0,0,0,0,0,0,0,0
18858,0,0,0,0,0,187,0,0,0,0,0,0
18859,0,0,0,0,3,0,0,2275,4,0,0,0
18860,0,0,0,0,0,0,0,0,0,2,8,1
18861,37,189,19,0,0,0,0,0,0,1,0,0
18862,6,68,58,0,0,0,0,0,0,0,0,0
18863,0,0,0,2,4,300,0,0,0,0,2,0
18864,0,0,0,0,0,0,0,0,0,10,206,0
18865,1,2,7,0,0,0,0,0,0,0,0,0
18866,0,0,0,0,1,8,0,0,0,0,0,0
18867,0,0,0,0,0,0,13,14,0,0,0,0
18868,3,19,0,0,0,0,1,0,0,0,0,0
18869,0,0,0,0,0,0,0,0,0,13,2,1
18870,0,0,0,9,6,129,0,0,0,0,1,0
18871,0,1,1,0,0,0,0,0,0,0,0,0
18872,0,0,0,0,0,0,29,3,0,0,0,0
18873,0,0,0,0,0,0,289,15,0,0,0,0
18874,0,0,0,0,1,2,0,0,0,0,1,0
18875,0,0,0,0,0,0,3,1,1,0,0,0
18876,0,0,0,0,0,4730,0,0,0,0,12,0
18877,0,0,0,0,0,530,0,0,0,52,27633,1
18878,0,0,0,0,2,1,0,0,0,0,0,0
18879,15,100,1,0,0,0,0,0,0,0,0,0
18880,0,0,0,0,0,0,64,509,0,0,0,0
18881,0,0,0,0,0,0,0,0,0,2,260,17
18882,0,0,0,5,4,418,0,0,0,0,2,0
18883,0,0,0,0,0,0,207,3,1,0,0,0
18884,0,0,0,0,1,9,0,0,0,0,0,0
18885,0,0,0,0,0,1,0,0,0,89,515,0
18886,0,0,0,0,0,79,0,0,0,95,339,0
18887,0,172,0,0,0,0,0,0,0,0,0,0
18888,0,0,0,0,0,7,0,0,0,71,1228,5
18889,0,0,0,0,0,0,51,2,5,0,0,0
18890,6,19,13,0,0,0,0,0,0,0,0,0
18891,0,0,0,0,5,0,73,2947,0,0,0,0
18892,0,0,0,2,5,0,0,0,0,0,0,0
18893,0,0,0,0,0,0,2,14,3,0,0,0
18894,0,0,0,0,0,10,0,0,0,0,578,0
18895,0,0,0,0,0,10,0,0,0,0,0,0
18896,0,0,0,0,0,0,0,0,0,0,0,0
18897,0,0,0,0,5,112,0,0,0,0,0,0
18898,0,3,0,0,1,0,98,698,8,0,0,0
18899,0,0,0,0,6,24,0,0,0,0,0,0
18900,0,0,0,1,1,106,0,0,0,0,0,0
18901,0,13,0,0,0,0,0,0,0,0,0,0
18902,5,127,16,0,0,0,2,0,0,0,0,0
18903,0,2,0,0,0,0,339,35,0,0,0,0
18904,0,0,0,0,0,0,0,0,0,19,340,1
18905,0,84,0,0,1,0,6838,56,3,0,0,0
18906,0,0,0,4,3,113,0,0,0,0,3,0
18907,0,9,0,0,10,0,266,1353,4,0,0,0
18908,0,0,0,0,0,3,0,0,0,0,0,0
18909,0,0,0,20,2,129,0,0,0,0,0,0
18910,0,1,0,0,0,0,81,286,3,0,0,0
18911,1,11,3,0,0,0,0,0,0,0,0,0
18912,0,0,2,0,0,2,0,0,0,72,390,0
18913,0,0,0,0,1,2,0,0,0,0,0,0
18914,0,0,0,0,0,0,2,1,0,0,0,0
18915,0,0,0,0,0,0,0,3,0,0,0,0
18916,2,34,3,0,0,0,0,0,0,0,0,0
18917,0,0,0,0,0,0,0,0,0,42,296,1
18918,0,0,0,1,1,54,0,0,0,0,0,0
18919,17,157,1,0,0,0,0,0,0,0,0,0
18920,0,0,0,0,6,93,0,0,0,0,0,0
18921,0,0,0,6,6,113,0,0,0,0,0,0
18922,0,0,0,0,0,0,41,1,3,0,0,0
18923,2,21,6,0,0,0,0,0,0,0,0,0
18924,6,292,16,0,0,0,0,0,0,0,0,0
18925,0,0,0,0,0,7,0,0,0,0,0,0
18926,1,1,0,0,0,0,0,0,0,0,0,0
18927,0,0,0,0,0,1286,0,0,0,0,0,0
18928,0,0,0,0,0,4,0,0,0,17,1746,3
18929,0,0,0,0,0,0,0,0,0,22,285,0
18930,0,0,0,2,2,99,0,0,0,0,0,0
18931,14,287,36,0,0,0,0,1,0,1,0,0
18932,0,0,0,1,1,241,0,0,0,0,1,0
18933,10,26,16,0,0,0,0,0,0,0,0,0
18934,0,57,0,0,0,0,0,0,0,0,0,0
18935,0,0,0,0,2,2,0,0,0,0,0,0
18936,0,0,0,9,3,283,0,0,0,0,0,0
18937,0,0,0,0,2,0,116,1286,0,0,0,0
18938,0,0,0,0,0,0,49,14,0,0,0,0
18939,0,0,0,3,3,578,0,0,0,0,1,0
18940,0,0,0,0,0,0,33,23,0,0,0,0
18941,9,119,53,0,0,0,1,0,0,0,0,0
18942,0,0,0,12,32,451,0,0,0,0,0,0
18943,0,0,0,0,0,0,1,1,3,0,0,0
18944,0,9,0,0,0,0,0,0,0,0,0,0
18945,1,113,0,0,0,0,0,0,0,0,0,0
18946,0,0,0,0,0,1,0,0,0,53,592,2
18947,0,0,0,1,1,45,0,0,0,0,0,0
18948,0,0,0,0,5,0,26,3054,16,0,0,0
18949,0,388,36,0,0,0,0,0,0,0,0,0
18950,3,385,71,0,0,0,0,0,0,0,0,0
18951,0,0,0,0,0,0,47,522,12,0,0,0
18952,1,110,19,0,0,0,1,0,0,0,0,0
18953,0,0,0,0,0,21,0,0,0,0,0,0
18954,1,0,0,124,0,32,0,0,0,0,0,0
18955,0,2,0,0,0,0,0,0,0,0,0,0
18956,0,85,0,0,0,0,0,0,0,0,0,0
18957,0,0,0,1,1,138,0,0,0,0,0,0
18958,0,0,0,0,1,0,103,62,3,0,0,0
18959,0,0,0,0,0,1,0,0,0,16,300,0
18960,0,7,0,0,0,0,888,119,3,0,0,0
18961,0,0,0,0,0,0,23,70,1,0,0,0
18962,0,0,0,0,0,0,0,0,0,2,184,0
18963,0,0,0,4,908,417,0,3,0,0,3,0
18964,0,0,0,0,1,2,0,0,0,0,0,0
18965,0,0,0,0,0,0,0,1,0,0,0,0
18966,0,0,0,0,0,14,0,0,0,0,0,0
18967,1,2,6,0,0,0,0,0,0,0,0,0
18968,0,0,0,0,0,0,5,1,1,0,0,0
18969,0,196,0,0,0,0,3,0,0,0,0,0
18970,0,12,5,0,0,0,0,0,0,0,0,0
18971,23,48,6,0,0,0,0,0,0,0,0,0
18972,0,0,0,0,1,0,142,838,21,0,0,0
18973,0,1,0,0,0,0,171,289,3,0,0,0
18974,0,0,0,0,117,125,0,0,0,0,1,0
18975,0,0,0,5,14,230,0,0,0,0,2,0
18976,0,0,0,0,0,0,0,0,0,0,2,4
18977,2,1,0,0,0,0,0,0,0,0,0,0
18978,1,124,1,0,0,0,0,0,0,0,0,0
18979,0,0,0,0,0,13,0,0,0,18,1023,0
18980,0,6,8,0,0,0,0,0,0,0,0,0
18981,0,0,0,0,0,6,0,0,0,11,3736,8
18982,42,39,6,1,0,0,0,0,0,0,0,0
18983,0,0,0,13,3,40,0,0,0,0,0,0
18984,0,0,0,0,0,0,58,955,10,0,0,0
18985,0,2,0,0,1,0,364,522,3,0,0,0
18986,0,0,0,0,0,141,0,0,0,0,0,0
18987,0,0,0,83,5,57,0,0,0,0,0,0
18988,0,0,0,0,0,0,159,1,0,0,0,0
18989,0,0,0,0,0,8,0,0,0,0,0,0
18990,0,0,0,12,0,118,0,0,0,0,0,0
18991,3,23,0,0,0,0,0,0,0,0,0,0
18992,0,160,3,0,0,0,0,0,0,0,0,0
18993,3,47,3,0,0,0,0,0,0,0,0,0
18994,0,0,0,0,0,0,64,85,1,0,0,0
18995,0,0,0,0,0,0,0,0,0,0,107,0
18996,0,0,0,26,6,69,0,0,0,0,0,0
18997,0,0,0,0,0,0,148,433,0,0,0,0
18998,0,0,0,0,0,2,0,0,0,0,861,0
18999,21,173,295,0,0,0,0,0,0,2,6,0
19000,0,0,0,2,11,928,0,0,0,0,4,0
19001,0,0,0,0,0,1,0,0,0,0,0,0
19002,2,613,2,0,0,0,6,0,0,0,0,0
19003,0,0,0,7,69,58,0,0,0,0,0,0
19004,0,0,0,3,0,23,0,0,0,0,0,0
19005,5,108,1,0,0,0,1,0,0,0,0,0
19006,0,0,0,0,171,0,90,22926,0,0,0,0
19007,0,0,0,0,0,2,0,0,0,1,515,2
19008,51,35,228,0,0,0,0,0,0,0,0,0
19009,0,3,0,0,3,0,2742,2598,4,0,0,0
19010,0,96,5,0,0,0,0,0,0,0,0,0
19011,0,0,0,0,0,12,0,0,0,486,3475,0
19012,1,1,3,0,0,0,0,0,0,0,0,0
19013,1,47,0,0,0,0,0,0,0,0,0,0
19014,16,430,2,0,0,0,3,0,0,0,0,0
19015,0,0,0,26,3,113,0,0,0,0,2,0
19016,0,0,0,20,2,33,0,0,0,0,0,0
19017,0,0,0,1,0,69,0,0,0,13,6240,0
19018,0,0,0,0,0,4,0,0,0,53,1631,2
19019,0,0,0,0,0,10,0,0,0,131,1205,0
19020,386,132,14,1,0,0,0,0,0,0,0,0
19021,0,0,0,0,0,0,346,131,1,0,0,0
19022,0,0,0,0,0,36,0,0,0,0,0,0
19023,0,0,0,2,40,126,0,2,0,0,0,0
19024,0,0,1,0,0,0,0,0,0,76,21,11
19025,0,0,0,0,0,1,0,0,0,0,0,0
19026,0,0,0,21,76,139,0,0,0,0,0,0
19027,0,0,0,0,0,1,0,0,0,9,186,0
19028,0,16,0,0,0,0,0,0,0,0,0,0
19029,0,0,0,0,0,12,0,0,0,1,2271,0
19030,0,0,0,0,0,0,1,4,2,0,0,0
19031,1,1,0,0,0,0,0,0,0,0,0,0
19032,0,0,0,0,0,31,0,0,0,2,3300,0
19033,20,158,4,0,0,0,0,0,0,0,0,0
19034,0,0,0,0,0,0,0,0,0,0,0,0
19035,0,0,0,35,1,4007,0,0,0,2,3936,0
19036,0,0,0,0,0,0,1,0,4,0,0,0
19037,0,0,0,0,0,0,1,4,0,0,0,0
19038,0,0,0,0,0,132,0,0,0,0,0,0
19039,0,4,0,0,0,0,0,0,0,0,0,0
19040,0,9,0,0,0,0,0,0,0,0,0,0
19041,0,0,0,0,0,0,0,0,0,1,478,1
19042,0,0,0,0,0,0,0,0,0,2,6,0
19043,0,0,0,0,0,0,0,0,0,3,3,0
19044,0,0,0,5,7,136,0,0,0,0,0,0
19045,1,1,0,0,0,0,0,0,0,0,0,0
19046,3,41,0,0,0,0,0,0,0,0,0,0
19047,2,89,7,0,0,0,0,0,0,0,0,0
19048,0,0,0,0,0,0,3,32,3,0,0,0
19049,0,0,0,0,0,0,0,0,0,0,18,7
19050,0,0,0,3,1,362,0,0,0,0,2,0
19051,0,124,75,0,0,0,0,0,0,0,0,0
19052,0,0,0,1,0,53,0,0,0,0,0,0
19053,0,0,0,3,4,353,0,0,0,0,0,0
19054,0,10,4,0,0,0,0,0,0,0,0,0
19055,7,294,7,0,0,0,0,0,0,0,0,0
19056,0,1,0,0,0,0,51,114,0,0,0,0
19057,0,0,0,5,0,2,0,0,0,0,0,0
19058,0,0,0,0,0,0,2,4,2,0,0,0
19059,0,0,0,0,0,169,0,0,0,0,0,0
19060,0,0,0,0,0,0,64,136,0,0,0,0
19061,0,0,0,0,0,86,0,0,0,0,0,0
19062,62,109,0,0,0,0,1,0,0,0,0,0
19063,0,0,0,0,0,1,0,0,0,23,255,3
19064,0,0,0,0,0,0,0,0,0,34,22,0
19065,0,0,0,14,73,204,0,0,0,0,0,0
19066,0,0,0,0,0,0,0,0,0,37,0,3
19067,74,34,0,0,0,0,1,0,0,0,0,0
19068,6,122,17,0,0,0,0,0,0,0,0,0
19069,0,0,0,0,0,0,46,406,0,0,0,0
19070,0,0,0,0,0,2,0,0,0,3,524,0
19071,0,0,0,37,16,177,0,0,0,0,0,0
19072,0,0,0,0,7,0,77,1816,1,0,0,0
19073,2,431,35,0,0,0,0,0,0,0,0,0
19074,0,0,0,1,6,208,0,0,0,0,0,0
19075,0,0,0,0,0,0,150,10,0,0,0,0
19076,0,0,0,0,0,24,0,0,0,0,0,0
19077,41,99,34,0,0,0,0,0,0,0,0,0
19078,0,0,0,0,0,0,94,2,3,0,0,0
19079,14,3938,52,0,0,0,4,0,0,4,0,0
19080,5,135,86,0,0,0,0,0,0,0,0,0
19081,0,0,0,1,0,0,0,0,0,0,0,0
19082,0,0,0,0,0,0,2,2,1,0,0,0
19083,0,0,0,0,0,0,1,15,0,0,0,0
19084,0,26,51,0,0,0,1,0,0,0,0,0
19085,11,283,11,0,0,0,0,0,0,0,0,0
19086,0,1,0,0,71,0,271,3974,61,0,0,0
19087,0,0,0,0,0,12,0,0,0,0,0,0
19088,0,0,0,2,5,15,0,0,0,0,2,0
19089,0,0,0,0,0,1,0,0,0,0,455,1
19090,0,0,0,0,0,3,0,0,0,0,0,0
19091,0,18,8,0,0,0,4,0,0,0,0,0
19092,0,0,0,0,0,318,0,0,0,0,2,0
19093,0,0,0,0,0,0,0,5,3,0,0,0
19094,0,0,0,0,0,0,0,0,0,0,0,0
19095,0,0,0,3,0,319,0,0,0,0,0,0
19096,0,0,0,0,0,0,223,332,2,0,0,0
19097,0,0,2,0,0,0,0,0,0,20,798,2
19098,7,70,4,0,0,0,0,0,0,0,0,0
19099,0,0,0,0,0,0,0,0,0,9,2,11
19100,4,95,0,0,0,0,0,0,0,0,0,0
19101,0,1,0,0,1,0,190,1286,122,0,0,0
19102,0,0,0,0,0,0,0,0,0,4,676,3
19103,0,0,0,0,0,0,0,0,0,1,80,1
19104,0,0,0,3,23,55,0,0,0,0,0,0
19105,0,0,0,7,0,23,0,0,0,0,0,0
19106,0,0,0,0,1,0,121,40,1,0,0,0
19107,0,0,0,0,1,59,0,0,0,0,0,0
19108,18,92,2,0,0,0,5,0,0,0,0,0
19109,0,0,0,0,0,0,112,622,5,0,0,0
19110,0,0,0,1,2,48,0,0,0,0,0,0
19111,0,0,0,0,0,0,52,56,4,0,0,0
19112,0,74,21,0,0,0,0,0,0,0,0,0
19113,0,0,0,0,0,2,0,0,0,58,559,2
19114,0,3,1,0,0,0,0,0,0,0,0,0
19115,0,85,5,0,0,0,0,0,0,0,0,0
19116,2,619,16,0,0,0,4,0,0,0,0,0
19117,0,0,0,0,0,0,95,1116,2,0,0,0
19118,0,0,0,0,0,3,0,0,0,6,2173,2
19119,0,0,0,2,14,118,0,0,0,0,0,0
19120,0,0,0,0,0,18,0,0,0,0,0,0
19121,4,193,2,0,0,0,0,0,0,0,0,0
19122,0,0,0,0,0,129,0,0,0,0,0,0
19123,0,3,0,0,0,0,0,0,0,0,0,0
19124,3,13,3,0,0,0,0,0,0,0,0,0
19125,1,54,13,0,0,0,0,0,0,0,0,0
19126,0,247,1,0,0,0,0,0,0,0,0,0
19127,0,0,0,0,0,28,0,0,0,0,0,0
19128,1,7,1,0,0,0,0,0,0,0,0,0
19129,0,0,0,0,0,0,76,0,0,0,0,0
19130,2,14,28,0,0,0,0,0,0,0,0,0
19131,1,251,19,0,0,0,0,0,0,0,0,0
19132,0,1,0,0,0,0,125,0,1,0,0,0
19133,1,15,24,0,0,0,0,0,0,0,0,0
19134,19,138,13,0,0,0,1,0,0,0,0,0
19135,0,0,0,3,3,258,0,0,0,0,0,0
19136,0,0,0,4,3,10,0,0,0,0,0,0
19137,128,364,7,0,0,0,2,4,0,0,0,0
19138,0,0,0,4,11,60,0,0,0,0,0,0
19139,0,0,0,6,6,80,0,0,0,0,0,0
19140,0,0,0,0,0,0,0,0,0,28,246,2
19141,0,0,0,0,0,0,0,0,0,0,0,0
19142,6,0,1,0,0,0,0,0,0,0,0,0
19143,0,0,0,0,1,97,0,0,0,0,1,0
19144,0,0,0,25,44,1,0,11,0,0,0,0
19145,0,0,0,0,0,0,0,0,0,2,945,5
19146,0,0,0,4,9,168,0,0,0,0,0,0
19147,0,0,0,1,0,23,0,0,0,0,2,0
19148,3,58,0,0,0,0,1,0,0,0,0,0
19149,0,0,0,0,0,182,0,0,0,0,0,0
19150,0,1,0,0,0,0,285,18,7,0,0,0
19151,0,0,0,0,0,2,0,0,0,10,1698,1
19152,0,0,0,0,0,3,0,0,0,148,866,0
19153,6,81,1,0,0,0,2,0,0,0,0,0
19154,0,0,0,0,0,6,0,0,0,16,992,1
19155,0,32,16,0,0,0,0,0,0,0,0,0
19156,0,0,0,0,0,0,0,0,0,28,710,3
19157,1,3,0,0,0,0,0,0,0,0,0,0
19158,0,0,0,3,14,528,0,0,0,0,1,0
19159,0,0,0,1,46,22,0,0,0,0,0,0
19160,0,0,0,0,0,92,0,0,0,17,14135,1
19161,0,0,0,14,17,213,0,0,0,0,2,0
19162,0,1,0,0,0,0,2642,429,11,0,0,0
19163,0,71,12,0,0,0,0,0,0,0,0,0
19164,0,0,0,0,0,30,0,0,0,164,6429,0
19165,1,51,1,0,0,0,0,0,0,0,0,0
19166,1,50,5,0,0,0,0,0,0,0,0,0
19167,3,2217,26,0,0,0,50,9,1,0,0,0
19168,0,0,0,0,1,75,0,0,0,0,1,0
19169,0,0,0,20,4,5,0,0,0,0,0,0
19170,0,0,0,0,0,38,0,0,0,9,5711,1
19171,14,82,15,0,0,0,0,0,0,0,0,0
19172,0,0,0,0,0,0,0,0,0,33,846,1
19173,3,38,2,0,0,0,0,0,0,0,0,0
19174,0,1,0,0,0,0,220,218,1,0,0,0
19175,7,319,249,0,0,0,0,0,0,2,0,0
19176,0,0,0,7,15,223,0,0,0,0,3,0
19177,0,0,0,0,0,0,5,15,2,0,0,0
19178,0,0,0,0,0,0,2,3,2,0,0,0
19179,0,0,0,2,5,117,0,0,0,0,1,0
19180,0,0,0,0,20,0,284,2018,2,0,0,0
19181,0,0,0,1,0,8,0,0,0,0,0,0
19182,23,801,14,0,0,0,3,0,0,0,0,0
19183,0,0,0,3,4,8,0,0,0,0,0,0
19184,0,0,0,0,0,0,0,28,4,0,0,0
19185,0,0,0,0,0,22,0,0,0,3,5015,0
19186,0,0,0,0,0,19,0,0,0,102,3974,0
19187,0,0,0,2,0,4,0,0,0,0,0,0
19188,9,144,5,0,0,0,0,0,0,0,0,0
19189,0,0,0,0,2,11,0,0,0,0,0,0
19190,0,0,0,0,0,2,0,0,0,0,0,0
19191,0,0,0,0,2,28,0,0,0,0,0,0
19192,0,0,0,0,0,1,0,0,0,0,0,0
19193,0,0,0,0,0,0,0,2,0,0,0,0
19194,0,0,0,0,0,0,0,1,0,0,0,0
19195,0,1,0,0,0,0,0,0,0,0,0,0
19196,0,2,0,0,0,0,0,0,0,0,0,0
19197,0,0,0,0,0,61,0,0,0,0,0,0
19198,0,0,0,6,0,0,0,0,0,0,0,0
19199,0,0,0,0,0,0,0,3,0,0,0,0
19200,0,0,0,0,0,0,0,0,0,0,325,0
19201,8,18,5,0,0,0,0,0,0,0,0,0
19202,0,15,2,0,0,0,0,0,0,0,0,0
19203,0,0,0,1,0,141,0,0,0,0,0,0
19204,0,0,0,0,0,0,96,7,0,0,0,0
19205,0,0,0,0,0,44,0,0,0,0,0,0
19206,0,0,0,0,0,2,0,0,0,16,585,0
19207,0,0,0,0,0,0,60,9,2,0,0,0
19208,0,57,4,0,0,0,0,0,0,0,0,0
19209,0,0,0,10,104,167,0,0,0,0,0,0
19210,1,106,0,0,0,0,0,0,0,0,0,0
19211,0,0,0,0,1,0,40,9,0,0,0,0
19212,1,311,2,0,0,0,0,0,0,0,0,0
19213,0,0,0,0,1,1,0,0,0,0,0,0
19214,1,98,0,0,0,0,0,0,0,0,0,0
19215,0,0,0,0,0,477,0,0,0,0,2,0
19216,0,0,0,0,0,0,0,0,0,0,42,1
19217,0,0,0,0,0,0,0,0,0,94,93,0
19218,0,0,0,10,0,26,0,0,0,0,0,0
19219,0,0,0,0,1,0,267,463,0,0,0,0
19220,0,0,0,4,4,4595,0,0,0,0,1341840,0
19221,0,0,0,2,3,78,0,0,0,0,0,0
19222,0,0,0,0,0,0,0,0,0,0,0,0
19223,1,3,2,0,0,0,0,0,0,0,0,0
19224,0,0,0,1,8,560,0,0,0,0,0,0
19225,0,0,0,0,69,1,0,1,0,0,0,0
19226,0,0,0,0,0,0,0,0,0,0,1,0
19227,0,0,0,0,0,0,0,0,0,3,229,1
19228,1,89,16,0,0,0,0,0,0,0,0,0
19229,0,0,0,0,0,2,0,0,0,0,0,0
19230,0,0,0,14,3,140,0,0,0,0,0,0
19231,0,0,0,0,0,0,42,4,0,0,0,0
19232,0,0,0,0,0,41,0,0,0,0,0,0
19233,0,0,0,0,2,41,0,0,0,0,0,0
19234,0,0,0,2,0,0,0,0,0,0,0,0
19235,0,0,0,0,0,0,0,6,0,0,0,0
19236,0,0,0,0,0,31,0,0,0,0,0,0
19237,1,7,2,0,0,0,0,0,0,0,0,0
19238,0,0,0,0,0,0,12,3,0,0,0,0
19239,1,317,1,0,0,0,0,0,0,0,0,0
19240,0,0,0,1,0,4,0,0,0,0,0,0
19241,0,0,0,0,0,0,0,0,0,0,0,0
19242,0,0,0,0,0,195,0,0,0,0,4,0
19243,0,0,0,0,0,0,3,3,0,0,0,0
19244,0,1,0,0,0,0,0,0,0,0,0,0
19245,0,0,0,0,0,7,0,0,0,0,2791,0
19246,0,10,5,0,0,0,0,0,0,0,0,0
19247,0,0,0,0,0,0,0,0,0,17,11,2
19248,0,0,0,0,1,89,0,0,0,0,0,0
19249,1,1,11,0,0,0,0,0,0,0,0,0
19250,0,1,0,0,0,0,60,1,2,0,0,0
19251,0,109,0,0,0,0,0,0,0,0,0,0
19252,0,0,0,0,0,0,13,110,3,0,0,0
19253,0,0,0,0,0,10,0,0,0,0,0,0
19254,0,0,0,0,0,0,94,375,6,0,0,0
19255,0,0,0,0,0,5,0,0,0,52,937,0
19256,0,0,0,1,0,1,0,0,0,0,0,0
19257,29,293,36,0,0,0,7,0,0,1,0,0
19258,0,0,0,3,6,2,0,0,0,0,0,0
19259,0,0,0,0,0,0,0,0,0,0,26,1
19260,0,0,0,11,1,174,0,0,0,0,2,0
19261,0,19,1,0,0,0,0,0,0,0,0,0
19262,1,28,11,0,0,0,0,0,0,0,0,0
19263,0,0,0,0,0,12,0,0,0,26,2858,0
19264,0,0,0,0,0,10,0,0,0,4,1740,0
19265,4,0,0,30,1,1,0,0,0,0,0,0
19266,0,0,0,1,1,236,0,0,0,0,1,0
19267,0,1,0,0,0,0,0,0,0,0,0,0
19268,0,37,0,0,0,0,0,0,0,0,0,0
19269,0,0,0,0,0,151,0,0,0,4,8034,1
19270,0,0,0,3,42,38,0,0,0,0,0,0
19271,0,0,0,0,0,1,0,0,0,0,0,0
19272,0,0,0,0,0,0,55,42,4,0,0,0
19273,0,0,2,0,0,14,0,0,0,210,1746,4
19274,0,0,13,0,0,2,0,0,0,2180,148,16
19275,5,0,0,171,11,97,0,0,0,0,2,0
19276,0,2,0,0,0,0,70,7,0,0,0,0
19277,0,0,0,0,0,0,1,1,1,0,0,0
19278,0,0,0,0,4,274,0,0,0,0,11,0
19279,0,0,0,6,0,0,0,0,0,0,0,0
19280,0,0,0,0,0,0,3,14,2,0,0,0
19281,0,0,0,0,1,68,0,0,0,0,7,0
19282,0,0,0,0,0,0,14,17,2,0,0,0
19283,1,60,7,0,0,0,2,0,0,0,0,0
19284,0,0,0,1,4,119,0,0,0,0,1,0
19285,0,0,0,0,0,0,36,3,1,0,0,0
19286,0,0,0,0,0,0,0,0,0,0,0,0
19287,0,0,0,11,8,85,0,0,0,0,0,0
19288,0,0,0,0,0,0,10,10,0,0,0,0
19289,0,0,0,0,0,0,1,2,1,0,0,0
19290,0,0,0,0,0,32,0,0,0,5,629,0
19291,88,151,3,2,0,0,4,0,0,0,0,0
19292,0,0,0,0,22,0,2,830,1,0,0,0
19293,0,0,0,0,0,130,0,0,0,0,1,0
19294,0,0,0,3,38,22,0,0,0,0,0,0
19295,0,0,0,0,22,1,0,0,0,0,0,0
19296,0,2,0,0,0,0,502,3,0,0,0,0
19297,0,0,0,2,4,1,0,0,0,0,0,0
19298,0,0,0,0,0,0,0,0,0,0,0,0
19299,0,0,0,0,0,0,0,0,0,0,0,0
19300,0,0,0,0,1,0,17,111,3,0,0,0
19301,0,0,0,1,10,25,0,5,0,0,0,0
19302,30,54,5,0,0,0,0,0,0,0,0,0
19303,0,3,0,0,0,0,0,0,0,0,0,0
19304,5,18,0,0,0,0,0,0,0,0,0,0
19305,0,0,0,1,0,481,0,0,0,0,7,0
19306,1,1,0,0,0,0,0,0,0,0,0,0
19307,1,54,7,0,0,0,1,0,0,0,0,0
19308,2,119,3,0,0,0,0,0,0,0,0,0
19309,0,0,0,0,0,0,0,0,0,2,5,25
19310,0,13,0,0,0,0,0,0,0,0,0,0
19311,0,0,0,0,0,283,0,0,0,0,9,0
19312,0,0,0,0,0,0,4,12,0,0,0,0
19313,0,0,0,0,0,1,0,0,0,1,61,1
19314,15,129,164,0,0,0,4,0,0,3,0,0
19315,0,0,0,0,0,2,0,0,0,0,0,0
19316,0,0,0,0,0,1,0,0,0,0,0,0
19317,0,0,0,0,0,2,0,0,0,1,159,3
19318,0,0,0,0,0,0,0,0,0,2,97,1
19319,20,0,1,0,0,0,0,0,0,0,0,0
19320,0,0,0,0,0,32,0,0,0,1,992,1
19321,0,17,1,0,0,0,1,0,0,0,0,0
19322,0,0,0,0,0,0,0,0,0,0,0,0
19323,0,87,1,0,0,0,1,0,0,0,0,0
19324,0,0,0,0,0,1,0,0,0,44,208,1
19325,0,0,0,0,0,0,0,0,0,9,44,0
19326,131,245,7,5,0,0,2,0,0,0,0,0
19327,0,6,0,0,11,0,77,155,1,0,0,0
19328,0,0,0,0,0,13,0,0,0,1,485,0
19329,0,0,0,7,8,107,0,0,0,0,0,0
19330,0,0,0,2,13,62,0,1,0,0,0,0
19331,0,0,0,0,0,1,0,0,0,0,0,0
19332,0,0,0,6,0,22,0,0,0,0,0,0
19333,0,0,0,0,0,0,19,22,1,0,0,0
19334,2,63,13,0,0,0,0,0,0,0,0,0
19335,0,0,0,11,4,263,0,0,0,0,3,0
19336,0,3,4,0,0,0,0,0,0,0,0,0
19337,1,18,1,0,0,0,0,0,0,0,0,0
19338,0,215,2,0,0,0,3,0,0,0,0,0
19339,6,137,4,0,0,0,2,0,0,0,0,0
19340,0,0,0,0,2,0,154,139,4,0,0,0
19341,0,0,0,1,4,40,0,0,0,0,1,0
19342,0,0,0,0,0,0,17,27,1,0,0,0
19343,0,0,0,0,0,2,0,0,0,8,539,1
19344,0,0,0,4,29,144,0,0,0,0,7,0
19345,0,0,0,8,2,34,0,0,0,0,0,0
19346,0,0,0,0,0,1,0,0,0,0,0,0
19347,0,0,0,2,0,22,0,0,0,0,0,0
19348,0,5,0,0,1,0,263,175,0,0,0,0
19349,0,0,0,0,2,66,0,0,0,0,0,0
19350,0,0,0,1,0,95,0,0,0,0,0,0
19351,1,9,1,0,0,0,0,0,0,0,0,0
19352,4,55,6,0,0,0,0,0,0,5,0,0
19353,0,0,0,0,5,73,0,0,0,0,0,0
19354,0,0,0,0,0,89,0,0,0,0,2,0
19355,0,0,0,0,1,3,0,0,0,0,0,0
19356,1,50,0,0,0,0,0,0,0,0,0,0
19357,0,4,12,0,0,0,0,0,0,0,0,0
19358,0,19,1,0,0,0,1,0,0,0,0,0
19359,1,34,17,0,0,0,0,0,0,1,0,0
19360,0,0,0,0,0,0,0,0,0,0,1,0
19361,9,55,3,0,0,0,0,0,0,0,0,0
19362,3,123,4,0,0,0,2,0,0,0,0,0
19363,0,0,0,1,14,838,0,0,0,0,344,0
19364,0,0,0,1,0,211,0,0,0,0,6,0
19365,0,24,0,0,0,0,0,0,0,0,0,0
19366,0,0,0,0,0,11,0,0,0,27,1074,2
19367,0,0,1,0,0,0,0,0,0,11,237,18
19368,22,235,14,0,0,0,9,0,0,0,0,0
19369,0,0,0,42,0,5,0,0,0,0,0,0
19370,0,0,0,2,1,2,0,0,0,0,0,0
19371,0,0,0,1,0,106,0,0,0,0,3,0
19372,0,0,0,0,1,10,0,0,0,0,0,0
19373,0,0,0,0,6,0,0,0,0,0,0,0
19374,0,0,0,0,0,24,0,0,0,10,3076,0
19375,0,0,0,0,0,2,0,0,0,0,0,0
19376,0,2,1,0,0,0,0,0,0,0,0,0
19377,0,0,0,0,0,151,0,0,0,0,1,0
19378,0,0,0,2,0,201,0,0,0,0,6,0
19379,0,7,0,0,0,0,0,0,0,0,0,0
19380,0,0,0,0,0,19,0,0,0,1,800,0
19381,0,0,0,0,22,5,0,0,0,0,0,0
19382,0,0,0,0,0,0,0,0,0,0,1,1
19383,0,0,0,30,2,352,0,0,0,0,1,0
19384,0,2,0,0,6,0,107,27,3,0,0,0
19385,13,98,11,1,0,0,0,0,0,0,0,0
19386,0,0,0,0,0,5,0,0,0,6,594,0
19387,18,66,202,0,0,0,1,0,0,3,0,0
19388,0,9,0,0,1,0,277,172,3,0,0,0
19389,0,0,0,1,629,78,0,15,0,0,0,0
19390,0,0,0,0,0,189,0,0,0,11,18031,0
19391,0,0,0,0,0,2,0,0,0,8,404,1
19392,17,115,16,1,0,0,9,0,0,0,0,0
19393,0,0,0,0,1,1,0,0,0,0,0,0
19394,0,0,0,0,0,0,1,2,2,0,0,0
19395,0,0,0,0,0,178,0,0,0,0,4,0
19396,0,0,0,0,0,0,2,5,4,0,0,0
19397,12,2,29,0,0,0,0,0,0,0,0,0
19398,0,1,0,0,15,0,58,1208,14,0,0,0
19399,0,0,0,2,1,0,0,0,0,0,0,0
19400,0,0,0,0,0,0,0,0,0,1,3,0
19401,0,0,0,8,45,103,0,2,0,0,0,0
19402,0,0,0,0,0,23,0,0,0,4,2378,0
19403,17,161,3,0,0,0,1,0,0,0,0,0
19404,0,0,0,73,0,373,0,0,0,0,12,0
19405,0,0,0,0,0,0,0,3,1,0,0,0
19406,0,0,0,0,0,0,8,1,0,0,0,0
19407,0,105,49,0,0,0,1,0,0,2,0,0
19408,0,3,11,0,0,0,0,0,0,0,0,0
19409,1,102,1,0,0,0,1,0,0,0,0,0
19410,4,150,8,0,0,0,4,0,0,0,0,0
19411,0,0,0,0,0,0,0,0,0,0,1,0
19412,1,0,0,0,0,0,0,0,0,0,0,0
19413,0,97,0,0,0,0,0,0,0,0,0,0
19414,0,1,0,0,0,0,66,129,2,0,0,0
19415,0,0,0,0,0,2,0,0,0,0,0,0
19416,65,352,3,0,0,0,8,0,0,0,0,0
19417,0,0,0,0,0,0,0,90,3,0,0,0
19418,0,0,0,1,0,1,0,0,0,0,0,0
19419,0,5,0,0,3,0,1234,127,4,0,0,0
19420,0,0,0,2,20,9,0,0,0,0,0,0
19421,0,0,0,0,0,0,0,0,0,0,143,0
19422,19,365,11,1,0,0,15,0,0,0,0,0
19423,0,0,0,0,0,0,0,2,1,0,0,0
19424,1,0,2,0,0,0,0,0,0,0,0,0
19425,0,0,0,0,19,132,0,0,0,0,0,0
19426,3,68,0,0,0,0,0,0,0,0,0,0
19427,0,0,0,0,1,2,0,0,0,0,0,0
19428,19,0,1,1,0,0,0,0,0,0,0,0
19429,0,0,0,0,0,0,49,74,0,0,0,0
19430,0,0,12,0,0,0,0,0,0,0,0,0
19431,0,0,0,0,5,84,0,0,0,0,0,0
19432,0,0,0,0,0,1,0,0,0,0,0,0
19433,3,1,0,0,0,0,0,0,0,0,0,0
19434,0,0,0,0,0,113,0,0,0,0,1,0
19435,0,0,0,0,0,0,5,10,0,0,0,0
19436,0,0,0,1,0,1,0,0,0,0,0,0
19437,0,51,1,0,0,0,0,0,0,0,0,0
19438,0,0,0,0,0,0,0,0,0,1,3,0
19439,0,0,0,0,0,0,0,0,0,4,1,0
19440,11,64,9,0,0,0,2,0,0,0,0,0
19441,0,0,0,0,0,2,0,0,0,1,226,0
19442,0,0,0,3,1,0,0,0,0,0,0,0
19443,9,91,1,0,0,0,0,0,0,0,0,0
19444,1,1,3,0,0,0,0,0,0,0,0,0
19445,1,139,0,0,0,0,2,0,0,0,0,0
19446,0,1,0,0,0,0,124,3,2,0,0,1
19447,0,0,0,1,6,3,0,0,0,0,0,0
19448,0,0,0,0,0,0,0,0,0,0,4,0
19449,0,0,0,74,13,68,0,0,0,0,0,0
19450,0,0,0,0,0,0,50,9,1,0,0,0
19451,0,0,0,0,0,0,0,0,0,6,57,0
19452,176,0,0,1145,9,202,0,0,0,0,1,0
19453,0,20,1,0,0,0,0,0,0,0,0,0
19454,0,0,1,0,0,5,0,0,0,7,260,1
19455,0,7,0,0,1,0,124,204,0,0,0,0
19456,0,0,0,0,2,4,0,0,0,0,0,0
19457,0,0,0,0,0,0,0,2,1,0,0,0
19458,0,0,0,0,0,58,0,0,0,0,2,0
19459,4,286,18,0,0,0,0,0,0,0,0,0
19460,0,0,0,3,1,0,0,0,0,0,0,0
19461,27,1,3,0,0,0,0,0,0,0,0,0
19462,0,37,0,0,0,0,1,0,0,0,0,0
19463,0,0,0,0,0,0,0,0,0,1,2,0
19464,1,103,8,0,0,0,1,0,0,0,0,0
19465,0,0,0,0,0,1,0,0,0,2,8,0
19466,0,0,0,0,0,0,4,1,3,0,0,0
19467,0,0,0,2,23,263,0,0,0,0,7,0
19468,0,0,0,3,0,0,0,0,0,0,0,0
19469,0,0,0,0,0,0,2,0,1,0,0,0
19470,0,0,0,0,0,4,0,0,0,0,101,0
19471,0,1,0,0,0,0,0,0,0,0,0,0
19472,0,0,0,0,0,0,0,0,0,0,0,0
19473,0,0,0,0,1,365,0,0,0,0,5,0
19474,0,0,0,1,0,33,0,0,0,0,1,0
19475,0,0,0,0,0,0,0,0,0,0,0,0
19476,4,1545,0,0,0,0,30,0,0,0,0,0
19477,0,0,0,0,0,0,0,9,1,0,0,0
19478,0,0,0,0,0,0,0,3,2,0,0,0
19479,0,0,0,12,1,86,0,0,0,0,3,0
19480,0,0,0,0,6,0,97,879,1,0,0,0
19481,0,0,0,0,5,0,1,94,0,0,0,0
19482,0,0,0,0,1,59,0,0,0,0,0,0
19483,0,0,0,0,0,0,1,2,1,0,0,0
19484,0,0,0,0,0,0,0,0,0,0,0,0
19485,0,0,0,3,6,77,0,0,0,0,0,0
19486,0,0,0,0,0,0,6,3,0,0,0,0
19487,0,0,0,0,5,5,0,0,0,0,0,0
19488,0,0,0,0,0,49,0,0,0,83,2312,13
19489,0,0,0,0,0,1,0,0,0,0,0,0
19490,0,0,0,0,0,0,3,4,0,0,0,0
19491,0,0,0,0,1,25,0,0,0,0,0,0
19492,0,11,3,0,0,0,0,0,0,0,0,0
19493,0,0,0,0,0,0,30,26,2,0,0,0
19494,0,96,7,0,0,0,23,0,0,0,0,0
19495,0,0,0,0,0,9,0,0,0,0,816,0
19496,2,73,0,0,0,0,1,0,0,0,0,0
19497,0,0,0,1,4,188,0,0,0,0,1,0
19498,0,0,0,0,0,0,0,0,0,1,1,0
19499,0,0,0,0,0,0,0,0,0,0,0,0
19500,0,0,0,0,0,288,0,0,0,0,0,0
19501,0,0,0,0,0,0,2,1,4,0,0,0
19502,0,0,0,0,0,0,0,0,0,22,19,1
19503,0,0,0,10,0,70,0,0,0,0,1,0
19504,7,25,1,1,0,0,1,0,0,0,0,0
19505,1,349,7,0,0,0,10,0,0,0,0,0
19506,0,0,0,7,0,95,0,0,0,0,4,0
19507,0,0,0,0,0,0,5,1,1,0,0,0
19508,0,85,9,0,0,0,8,0,0,0,0,0
19509,0,9,0,0,22,0,795,761,2,0,0,0
19510,0,0,0,0,4,43,0,4,0,0,2,0
19511,0,12,0,0,0,0,5,0,0,0,0,0
19512,0,0,0,0,0,28,0,0,0,0,2052,0
19513,0,0,7,0,0,0,0,0,0,0,0,0
19514,0,0,0,0,0,0,3,2,0,0,0,0
19515,6,1621,0,2,0,0,28,0,0,0,0,0
19516,0,0,0,1,5,336,0,0,0,0,5,0
19517,0,0,0,0,10,38,0,0,0,0,1,0
19518,0,2,0,0,14,0,186,1672,78,0,0,0
19519,0,0,0,1,0,1353,0,0,0,0,39,0
19520,4,41,1,0,0,0,0,0,0,0,0,0
19521,0,0,0,0,0,786,0,0,0,0,7,0
19522,0,0,1,0,0,0,0,0,0,43,2,6
19523,0,0,0,0,0,1,0,0,0,0,0,0
19524,0,0,1,1,0,482,0,0,0,66,39441,13
19525,0,2,0,0,4,0,389,1271,11,0,0,0
19526,0,192,29,0,0,0,0,0,0,0,0,0
19527,1,0,0,44,12,105,0,0,0,0,1,0
19528,0,0,0,0,0,0,5,55,0,0,0,0
19529,0,0,0,0,0,2,0,0,0,4,39,0
19530,1,0,0,12,23,519,0,0,0,0,6,0
19531,0,0,0,0,1,14,0,0,0,0,0,0
19532,0,115,0,0,0,0,0,0,0,0,0,0
19533,0,0,0,0,0,216,0,0,0,0,0,0
19534,2,0,2,0,0,0,0,0,0,0,0,0
19535,0,1,0,0,0,0,0,0,0,0,0,0
19536,0,0,0,0,0,2,0,0,0,0,219,0
19537,21,66,4,0,0,0,3,0,0,0,0,0
19538,0,0,0,11,30,221,0,0,0,0,15,0
19539,0,0,0,0,0,0,13,64,1,0,0,0
19540,14,237,63,0,0,0,10,0,0,0,0,0
19541,0,0,0,1,0,733,0,0,0,0,18,0
19542,0,1,0,0,62,0,147,5291,39,0,0,0
19543,2,177,40,0,0,0,1,0,0,0,0,0
19544,0,0,0,1,5,77,0,0,0,0,1,0
19545,0,0,1,0,0,6,0,0,0,74,392,4
19546,0,0,0,17,43,3,0,0,0,0,0,0
19547,0,0,0,0,0,3,0,0,0,1,311,0
19548,0,0,0,0,0,0,0,0,0,0,0,0
19549,0,0,0,0,153,0,19,3005,1,0,0,0
19550,0,0,0,0,0,1,0,0,0,19,172,6
19551,2,0,0,36,3,116,0,0,0,0,0,0
19552,0,0,0,0,0,0,1,3,0,0,0,0
19553,0,0,0,0,0,0,3,2,2,0,0,0
19554,0,0,1,0,0,40,0,0,3,76,1888,21
19555,0,0,0,0,0,3,0,0,0,0,0,0
19556,0,0,0,2,0,1,0,0,0,0,0,0
19557,0,0,0,0,2,51,0,0,0,0,1,0
19558,0,65,0,0,0,0,1,0,0,0,0,0
19559,0,3,0,0,2,0,47,54,2,0,0,0
19560,0,0,0,0,0,121,0,0,0,14,1389,1
19561,0,0,0,0,3,12,0,0,0,0,0,0
19562,0,0,0,1,0,4,0,0,0,0,0,0
19563,0,2747,0,0,5,0,5877,1051,2,0,0,0
19564,0,0,0,0,0,7,0,0,0,0,0,0
19565,0,0,0,0,0,0,1,6,1,0,0,0
19566,0,0,0,0,0,0,0,6,0,0,0,0
19567,0,2,0,0,1,0,117,70,0,0,0,0
19568,0,0,0,0,2,15,0,0,0,0,0,0
19569,0,0,0,3,4,69,0,0,0,0,0,0
19570,0,0,0,0,0,7,0,0,0,0,0,0
19571,5,1,1,0,0,0,0,0,0,0,0,0
19572,0,0,0,0,0,33,0,0,0,0,3390,3
19573,2,2,2,0,0,0,0,0,0,0,0,0
19574,0,35,2,0,0,0,0,0,0,0,0,0
19575,3,69,2,0,0,0,0,0,0,0,0,0
19576,0,0,0,0,0,0,0,0,0,5,1,0
19577,1,14,32,0,0,0,0,0,0,0,0,0
19578,1,275,7,0,0,0,3,2,0,0,0,0
19579,0,0,0,1,0,23,0,0,0,0,0,0
19580,0,0,0,0,0,0,0,0,0,0,0,0
19581,0,0,0,3,2,75,0,0,0,0,0,0
19582,0,0,0,0,0,0,48,13,4,0,0,0
19583,0,84,7,0,0,0,0,0,0,0,0,0
19584,0,0,0,2,0,607,0,0,0,0,0,0
19585,0,27,0,0,0,0,0,0,0,0,0,0
19586,0,0,0,0,0,10,0,0,0,80,2469,3
19587,0,0,0,3,9,54,0,0,0,0,0,0
19588,0,0,0,0,2,3,0,0,0,0,0,0
19589,16,11,0,0,0,0,0,0,0,0,0,0
19590,0,0,0,1,0,1038,0,0,0,0,2,0
19591,1,2,0,0,0,0,0,0,0,0,0,0
19592,0,3,0,0,0,0,0,0,0,0,0,0
19593,0,0,0,0,0,3,0,0,0,2,2010,0
19594,0,0,0,0,0,0,0,0,0,58,18,29
19595,0,0,0,68,2,6,0,0,0,0,0,0
19596,0,0,1,0,0,0,0,0,0,86,988,71
19597,0,0,0,0,0,0,0,0,0,0,0,0
19598,0,0,0,0,0,0,0,3,0,0,0,0
19599,0,0,0,0,0,0,0,12,1,0,0,0
19600,0,9,14,0,0,0,0,0,0,0,0,0
19601,0,46,3,0,0,0,0,0,0,0,0,0
19602,0,0,2,0,0,91,0,0,0,77,4140,0
19603,0,33,0,0,0,0,0,0,0,0,0,0
19604,0,0,0,0,0,0,0,0,0,5,18,9
19605,2,0,0,429,109,38,0,0,0,0,0,0
19606,0,0,0,0,0,1,0,0,0,0,0,0
19607,0,0,0,0,1,0,0,0,0,0,0,0
19608,0,0,0,1,0,39,0,0,0,0,0,0
19609,1,29,0,0,0,0,0,0,0,0,0,0
19610,0,0,0,0,0,13,0,0,0,1,1309,0
19611,17,102,1,0,0,0,0,0,0,0,0,0
19612,0,1,55,0,0,0,0,0,0,0,0,0
19613,0,0,0,0,0,0,314,17,2,0,0,0
19614,0,97,1,0,0,0,0,0,0,0,0,0
19615,0,0,0,0,0,0,0,0,0,0,6,0
19616,0,0,0,0,1,2,0,0,0,0,0,0
19617,0,0,0,9,40,95,0,0,0,0,0,0
19618,0,0,0,0,0,0,0,0,0,0,1,0
19619,1,1,0,0,0,0,0,0,0,0,0,0
19620,0,0,0,0,0,0,38,3,0,0,0,0
19621,6,294,0,0,0,0,2,0,0,0,0,0
19622,0,0,0,0,0,0,2,4,0,0,0,0
19623,0,0,0,0,1,31,0,0,0,0,0,0
19624,0,0,0,19,2,36,0,0,0,0,0,0
19625,0,0,0,0,0,0,0,0,0,0,0,0
19626,0,88,0,0,0,0,0,0,0,0,0,0
19627,0,0,0,0,0,0,27,1,3,0,0,0
19628,1,14,11,0,0,0,0,0,0,0,0,0
19629,7,82,1,0,0,0,1,0,0,0,0,0
19630,1,5,1,0,0,0,0,0,0,0,0,0
19631,4,102,11,0,0,0,0,0,0,0,0,0
19632,0,0,0,12,3,291,0,0,0,0,0,0
19633,0,0,0,0,0,0,42,67,1,0,0,0
19634,0,0,0,0,1,3,0,0,0,0,0,0
19635,0,0,0,0,0,0,50,119,3,0,0,0
19636,0,0,0,0,0,0,103,14,0,0,0,0
19637,0,0,0,0,0,1,0,0,0,1,334,0
19638,0,0,0,1,189,66,0,0,0,0,0,0
19639,0,0,0,0,0,23,0,0,0,0,0,0
19640,0,0,0,1,7,21,0,0,0,0,0,0
19641,0,0,0,5,0,73,0,0,0,0,0,0
19642,1,1,1,0,0,0,0,0,0,0,0,0
19643,0,36,0,0,0,0,0,0,0,0,0,0
19644,0,0,0,0,0,128,0,0,0,0,0,0
19645,0,0,0,0,0,0,59,1389,3,0,0,0
19646,0,0,0,0,0,9,0,0,0,0,0,0
19647,0,0,0,9,1,57,0,0,0,0,0,0
19648,0,0,0,0,1,0,97,1293,2,0,0,0
19649,0,0,0,4,0,15,0,0,0,0,0,0
19650,30,370,3,0,0,0,0,0,0,0,0,0
19651,3,37,3,0,0,0,0,0,0,0,0,0
19652,0,100,24,0,0,0,1,0,0,0,0,0
19653,0,0,0,2,1,215,0,0,0,0,0,0
19654,2,151,10,0,0,0,0,0,0,0,0,0
19655,6,1017,23,0,0,0,3,0,0,0,0,0
19656,0,0,0,1,43,0,299,2680,20,0,0,0
19657,0,0,0,0,0,0,188,3,3,0,0,0
19658,0,0,0,0,0,0,55,37,0,0,0,0
19659,1,104,10,0,0,0,2,0,0,0,0,0
19660,0,0,0,0,0,1,0,0,0,13,283,2
19661,0,34,1,0,0,0,0,0,0,0,0,0
19662,0,0,0,0,0,8,0,0,0,71,1957,1
19663,0,0,0,4,7,8,0,0,0,0,0,0
19664,0,0,0,5,12,7,0,0,0,0,0,0
19665,0,0,0,2,0,19,0,0,0,0,0,0
19666,0,0,0,0,0,0,79,256,2,0,0,0
19667,4,203,52,0,0,0,3,0,0,0,0,0
19668,0,0,0,70,6,160,0,0,0,0,2,0
19669,0,6,0,0,0,0,1629,1,1,0,0,0
19670,0,5,0,0,0,0,1274,24,1,0,0,0
19671,236,54,17,0,0,0,0,0,0,0,0,0
19672,0,0,0,0,0,0,0,0,0,116,1,79
19673,31,183,1,0,0,0,0,0,0,0,0,0
19674,0,182,6,0,0,0,3,0,0,0,0,0
19675,0,0,0,0,0,0,0,0,0,20,1,25
19676,3,178,2,0,0,0,1,0,0,0,0,0
19677,0,0,0,0,21,0,220,4088,22,0,0,0
19678,0,0,0,0,0,0,24,21,2,0,0,0
19679,0,0,0,0,0,0,25,45,0,0,0,0
19680,0,0,0,23,2095,112,0,24,0,0,0,0
19681,0,0,0,0,0,0,51,1,10,0,0,0
19682,15,69,57,0,0,0,0,0,0,0,0,0
19683,21,444,176,0,0,0,1,2,0,1,0,0
19684,0,1,0,0,24,0,736,4234,8,0,0,0
19685,0,0,0,1,0,84,0,0,0,0,1,0
19686,7,121,4,0,0,0,0,0,0,0,0,0
19687,0,0,1,0,0,0,0,0,0,207,534,0
19688,0,0,0,0,0,0,0,0,0,22,260,0
19689,36,176,74,0,0,0,0,0,0,0,0,0
19690,0,0,0,0,1,0,281,219,11,0,0,0
19691,0,0,0,1,0,17,0,0,0,0,0,0
19692,0,0,0,18,8,24,0,0,0,0,0,0
19693,0,0,0,4,11,5,0,0,0,0,0,0
19694,0,0,0,0,0,3,0,0,0,5,356,1
19695,0,0,0,0,1,48,0,0,0,0,0,0
19696,1,239,5,0,0,0,0,0,0,0,0,0
19697,0,0,0,0,4,108,0,0,0,0,0,0
19698,0,0,0,0,0,1,0,0,0,1,332,0
19699,1,86,3,0,0,0,0,0,0,0,0,0
19700,0,0,0,0,11,32,0,0,0,0,0,0
19701,0,0,0,0,0,30,0,0,0,0,0,0
19702,2,29,1,0,0,0,2,0,0,0,0,0
19703,7,78,3,0,0,0,0,0,0,0,0,0
19704,0,0,0,2,0,337,0,0,0,0,3,0
19705,1,25,0,0,0,0,1,0,0,0,0,0
19706,0,57,5,0,0,0,0,0,0,0,0,0
19707,0,0,0,0,0,0,0,0,0,14,110,0
19708,2,33,0,0,0,0,0,0,0,0,0,0
19709,0,0,0,0,0,1,0,0,0,103,130,0
19710,0,0,0,4,11,173,0,0,0,0,1,0
19711,0,0,0,0,0,0,96,46,1,0,0,0
19712,0,0,0,0,2,8,0,0,0,0,0,0
19713,0,0,0,2,6,36,0,0,0,0,0,0
19714,0,0,0,1,0,50,0,0,0,0,0,0
19715,4,29,0,0,0,0,0,0,0,0,0,0
19716,0,0,0,0,0,0,0,0,0,1,215,1
19717,3,50,0,0,0,0,0,0,0,0,0,0
19718,0,0,0,0,0,13,0,0,0,2,5596,6
19719,17,66,5,0,0,0,0,0,0,0,0,0
19720,0,60,13,0,0,0,0,0,0,0,0,0
19721,9,25,10,0,0,0,0,0,0,0,0,0
19722,9,103,10,0,0,0,0,0,0,0,0,0
19723,0,0,0,0,38,0,88,1153,0,0,0,0
19724,0,0,0,1,7,31,0,0,0,0,0,0
19725,1,0,0,919,38,53,0,0,0,0,0,0
19726,0,0,0,0,0,0,35,73,3,0,0,0
19727,1,256,80,0,0,0,3,0,0,0,0,0
19728,0,0,0,18,8,177,0,0,0,0,2,0
19729,0,0,0,0,0,0,171,304,0,0,0,0
19730,0,2,0,0,0,0,102,22,0,0,0,0
19731,0,0,0,0,1,53,0,0,0,0,0,0
19732,0,2,0,0,2,0,143,581,0,0,0,0
19733,0,0,0,1,5,89,0,0,0,0,0,0
19734,0,0,0,27,18,88,0,0,0,0,0,0
19735,0,0,0,0,10,0,29,4052,26,0,0,0
19736,11,313,22,0,0,0,1,0,0,0,0,0
19737,0,0,0,5,4,315,0,0,0,0,1,0
19738,0,0,0,0,0,0,296,96,5,0,0,0
19739,0,0,0,0,0,20,0,0,0,0,0,0
19740,17,174,2,0,0,0,0,0,0,0,0,0
19741,0,0,0,0,0,0,132,0,6,0,0,0
19742,16,86,61,0,0,0,0,0,0,0,0,0
19743,5,643,23,0,0,0,3,0,0,0,0,0
19744,0,0,0,2,35,216,0,0,0,0,0,0
19745,0,0,0,0,0,1,0,0,0,0,0,0
19746,0,2,0,0,0,0,302,11,0,0,0,0
19747,0,0,0,0,0,2,0,0,0,0,0,0
19748,0,0,0,2,6,0,0,0,0,0,0,0
19749,0,0,0,0,0,52,0,0,0,0,0,0
19750,0,0,0,0,0,0,42,2,15,0,0,0
19751,125,134,44,31,0,0,1,0,0,2,3,0
19752,0,231,23,0,0,0,0,0,0,0,0,0
19753,11,1,0,0,0,0,0,0,0,0,0,0
19754,1,27,11,0,0,0,0,0,0,0,0,0
19755,0,0,0,0,0,251,0,0,0,0,2,0
19756,0,9,0,0,0,0,0,0,0,0,0,0
19757,0,18,38,0,0,0,0,0,0,0,0,0
19758,8,43,13,0,0,0,1,0,0,0,0,0
19759,0,4,0,0,0,0,0,0,0,0,0,0
19760,0,0,0,0,0,0,0,0,0,0,11,0
19761,9,48,0,0,0,0,0,0,0,0,0,0
19762,0,23,7,0,0,0,0,0,0,0,0,0
19763,0,0,0,0,0,5,0,0,0,5,2141,0
19764,57,157,5,0,0,0,0,2,0,0,0,0
19765,0,0,0,11,0,75,0,0,0,0,1,0
19766,0,0,0,1,0,9,0,0,0,0,0,0
19767,3,60,0,0,0,0,0,0,0,0,0,0
19768,0,0,0,0,0,3,0,0,0,0,113,1
19769,0,0,0,0,0,0,0,0,0,0,4,0
19770,0,0,0,0,4,205,0,0,0,0,3,0
19771,0,0,0,0,0,0,83,3,0,0,0,0
19772,0,0,0,0,1,144,0,0,0,0,0,0
19773,0,0,0,9,0,17,0,0,0,0,0,0
19774,0,1,0,0,0,0,0,0,0,0,0,0
19775,0,43,2,0,0,0,0,0,0,0,0,0
19776,0,0,0,0,0,437,0,0,0,0,0,0
19777,0,0,0,0,0,0,42,3,0,0,0,0
19778,0,0,0,0,1,3,0,0,0,0,0,0
19779,11,395,0,0,0,0,1,0,0,0,0,0
19780,0,0,0,0,0,0,58,286,0,0,0,0
19781,0,0,0,0,0,0,0,0,0,0,147,1
19782,41,102,4,0,0,0,0,0,0,0,0,0
19783,0,0,0,0,0,11,0,0,0,0,0,0
19784,0,0,0,0,1,0,0,0,0,0,0,0
19785,0,0,0,1,2,228,0,0,0,0,0,0
19786,0,0,0,0,0,0,0,4,0,0,0,0
19787,2,1,0,0,0,0,0,0,0,0,0,0
19788,0,0,0,0,1,0,187,520,2,0,0,0
19789,0,0,0,0,0,1,0,0,0,31,9,34
19790,0,0,0,2,0,6,0,0,0,0,0,0
19791,0,0,0,11,35,147,0,0,0,0,0,0
19792,0,0,0,0,1,0,0,0,0,0,0,0
19793,3,0,0,0,0,0,5,7,0,0,0,0
19794,0,0,0,0,0,0,0,14,1,0,0,0
19795,0,0,0,0,0,0,4,41,0,0,0,0
19796,0,0,0,0,0,0,0,0,0,0,7,7
19797,0,0,0,29,24,115,0,0,0,0,0,0
19798,0,0,4,0,0,0,0,0,0,0,0,0
19799,0,353,0,0,0,0,4,0,0,0,0,0
19800,0,0,0,0,0,0,184,811,6,0,0,0
19801,0,0,0,0,0,0,0,0,0,3,27,0
19802,0,0,0,0,0,0,10,3,2,0,0,0
19803,0,0,0,0,0,9,0,0,0,40,510,4
19804,2,47,5,0,0,0,0,0,0,0,0,0
19805,0,27,32,0,0,0,0,0,0,0,0,0
19806,0,0,0,0,0,6,0,0,0,4,3324,0
19807,4,108,3,0,0,0,0,0,0,0,0,0
19808,0,0,0,1,2,56,0,0,0,0,0,0
19809,0,0,0,8,0,96,0,0,0,0,0,0
19810,1,222,56,0,0,0,0,0,0,0,0,0
19811,1,49,6,0,0,0,0,0,0,0,0,0
19812,5,41,5,0,0,0,0,0,0,0,0,0
19813,0,0,0,0,0,16,0,0,0,26,3014,0
19814,0,0,0,0,0,0,0,0,0,1,200,0
19815,494,139,37,1,0,0,0,0,0,0,0,0
19816,0,0,0,1,23,0,233,3854,27,0,0,0
19817,0,0,0,3,0,103,0,0,0,0,0,0
19818,0,132,1,0,0,0,0,0,0,0,0,0
19819,0,0,0,0,0,0,0,0,0,2,216,0
19820,0,0,0,0,0,0,0,0,0,2,3,0
19821,90,425,18,0,0,0,1,0,0,0,0,0
19822,0,0,0,0,0,0,0,1,2,0,0,0
19823,0,2,1,0,0,0,0,0,0,0,0,0
19824,0,1,0,0,0,0,262,188,4,0,0,0
19825,0,0,0,0,0,0,129,278,1,0,0,0
19826,0,0,0,0,0,29,0,0,0,0,0,0
19827,0,1,0,0,2,0,66,481,10,0,0,0
19828,1,3,0,0,0,0,0,0,0,0,0,0
19829,0,52,2,0,0,0,1,0,0,0,0,0
19830,1,29,1,0,0,0,0,0,0,0,0,0
19831,3,135,12,0,0,0,0,0,0,0,0,0
19832,0,0,0,1,0,1,0,0,0,0,0,0
19833,1,84,10,0,0,0,0,0,0,0,0,0
19834,0,0,0,0,0,1,0,0,0,42,76,2
19835,0,0,0,2,0,0,0,0,0,0,0,0
19836,0,0,0,0,0,3,0,0,0,9,617,2
19837,16,60,13,0,0,0,1,0,0,0,0,0
19838,2,30,127,0,0,0,0,0,0,4,0,0
19839,0,0,0,0,1,17473,0,0,0,0,283,0
19840,0,0,0,0,0,0,0,0,0,0,0,0
19841,0,160,0,0,0,0,1,0,0,0,0,0
19842,0,0,0,1,0,267,0,0,0,0,0,0
19843,0,0,0,0,0,46,0,0,0,0,0,0
19844,0,0,0,0,12,6,0,0,0,0,0,0
19845,0,1,0,0,0,0,169,18,1,0,0,0
19846,0,5,0,0,0,0,1376,84,0,0,0,0
19847,0,0,0,0,0,0,60,24,0,0,0,0
19848,0,0,0,0,2,115,0,0,0,0,0,0
19849,0,0,0,0,0,0,40,2,0,0,0,0
19850,0,0,0,0,2,15,0,0,0,0,0,0
19851,0,0,0,0,4,0,158,165,23,0,0,0
19852,0,0,0,0,0,0,7,6,2,0,0,0
19853,0,3,0,0,0,0,0,0,0,0,0,0
19854,0,0,0,0,0,24,0,0,0,1,5707,0
19855,0,160,14,0,0,0,1,0,0,0,0,0
19856,0,0,0,1,0,5,0,0,0,0,0,0
19857,0,0,0,27,20,48,0,0,0,0,0,0
19858,0,0,0,0,0,0,42,84,4,0,0,0
19859,0,0,0,0,0,143,0,0,0,1,12738,2
19860,0,0,0,13,13,102,0,0,0,0,0,0
19861,0,0,0,0,0,0,113,73,1,0,0,0
19862,0,0,0,0,0,53,0,0,0,26,6285,1
19863,0,0,0,3,0,45,0,0,0,0,0,0
19864,2,30,2,0,0,0,0,0,0,0,0,0
19865,5,193,11,0,0,0,0,0,0,0,0,0
19866,0,0,0,11,0,526,0,0,0,0,18,0
19867,12,141,1,0,0,0,0,0,0,0,0,0
19868,0,0,0,0,0,0,0,0,0,103,688,8
19869,0,0,0,11,19,40,0,0,0,0,0,0
19870,0,0,0,0,0,0,57,188,55,0,0,0
19871,0,0,0,0,0,1,0,0,0,0,0,0
19872,0,0,0,0,15,0,197,4407,54,0,1,0
19873,10,528,31,0,0,0,5,0,0,0,0,0
19874,0,0,0,0,0,3,0,0,0,0,0,0
19875,0,0,3,0,0,2,0,0,0,363,1590,3
19876,0,0,0,1,1,1,0,0,0,0,0,0
19877,0,0,0,0,0,0,0,2,0,0,0,0
19878,0,0,0,0,0,0,0,1,0,0,0,0
19879,0,0,0,0,0,0,215,11,3,0,0,0
19880,0,0,0,0,0,0,0,0,0,0,0,0
19881,0,0,0,0,0,20,0,0,0,29,2462,0
19882,0,0,0,5,0,444,0,0,0,0,4,0
19883,0,27,1,0,0,0,0,0,0,0,0,0
19884,0,0,0,0,0,5,0,0,0,0,3124,0
19885,1,63,5,0,0,0,0,0,0,0,0,0
19886,4,117,3,0,0,0,1,0,0,0,0,0
19887,11,177,17,0,0,0,2,0,0,0,0,0
19888,0,49,32,0,0,0,0,0,0,0,0,0
19889,0,0,0,0,1,0,86,49,3,0,0,0
19890,22,289,40,0,0,0,0,0,0,0,0,0
19891,0,0,0,0,6,0,118,2614,13,0,0,0
19892,33,447,63,0,0,0,0,0,0,1,0,0
19893,0,0,0,49,12,964,0,0,0,0,1,0
19894,0,2,0,0,1,0,361,97,0,0,0,0
19895,0,0,0,0,0,0,0,0,0,1,1659,2
19896,0,0,0,73,56,779,0,0,0,0,4,0
19897,0,0,0,0,0,0,0,0,0,2,35,1
19898,0,0,0,0,0,0,0,0,0,0,2,0
19899,48,353,25,0,0,0,0,0,0,0,0,0
19900,0,0,0,0,0,0,189,189,0,0,0,0
19901,0,0,0,0,0,0,0,0,0,1,337,2
19902,1,93,1,0,0,0,0,0,0,0,0,0
19903,0,0,0,0,0,0,0,0,0,2,193,2
19904,4,24,0,0,0,0,0,0,0,0,0,0
19905,0,0,0,2,2,656,0,0,0,0,0,0
19906,0,286,0,0,0,0,2,0,0,0,0,0
19907,0,0,0,0,0,12,0,0,0,0,0,0
19908,5,430,5,0,0,0,3,0,0,0,0,0
19909,0,0,0,1,624,8,0,0,0,0,0,0
19910,0,0,0,0,0,1,0,0,0,15,407,3
19911,0,0,0,24,2,294,0,0,0,0,0,0
19912,9,0,0,0,0,0,0,0,0,0,0,0
19913,0,0,0,0,0,0,0,0,0,2,2,0
19914,0,0,0,6,3,115,0,0,0,0,2,0
19915,0,31,0,0,0,0,1,0,0,0,0,0
19916,0,0,0,2,0,2,0,0,0,0,0,0
19917,0,0,0,36,0,49,0,0,0,0,1,0
19918,0,1,0,0,0,0,109,44,1,0,0,0
19919,0,0,0,0,0,0,54,0,0,0,0,0
19920,0,0,0,0,3,104,0,0,0,0,1,0
19921,0,2,0,0,0,0,183,4,9,0,0,0
19922,0,0,0,0,0,128,0,0,0,0,2,0
19923,0,0,0,0,7,35,0,0,0,0,0,0
19924,1,0,0,7,0,0,0,0,0,0,0,0
19925,0,0,0,0,0,0,30,32,1,0,0,0
19926,0,0,0,0,1,115,0,0,0,0,2,0
19927,0,0,0,1,13,62,0,0,0,0,2,0
19928,0,0,0,0,0,2,0,0,0,9,121,0
19929,0,0,0,1,0,49,0,0,0,0,0,0
19930,0,7,2,0,0,0,0,0,0,0,0,0
19931,0,0,0,2,6,0,0,0,0,0,0,0
19932,0,0,0,0,0,0,1,14,1,0,0,0
19933,3,0,0,0,0,0,0,0,0,0,0,0
19934,0,0,0,0,0,1,0,0,0,1,186,1
19935,0,0,0,182,14,198,0,0,0,0,2,0
19936,0,0,0,0,0,0,19,7,2,0,0,0
19937,3,2,0,0,0,0,0,0,0,0,0,0
19938,0,0,0,0,0,1,0,0,0,1,383,1
19939,9,159,9,0,0,0,2,0,0,0,0,0
19940,0,0,0,20,1,38,0,0,0,0,0,0
19941,3,94,31,0,0,0,0,0,0,0,0,0
19942,0,1,0,0,0,0,57,19,0,0,0,0
19943,0,0,0,0,0,0,0,0,0,2,15,0
19944,0,0,0,0,0,46,0,0,0,57,521,0
19945,0,29,15,0,0,0,0,0,0,0,0,0
19946,13,47,17,0,0,0,0,0,0,0,0,0
19947,0,0,0,0,8,0,234,1439,105,0,0,0
19948,0,29,24,0,0,0,0,0,0,0,0,0
19949,3,56,2,0,0,0,0,0,0,0,0,0
19950,1,50,3,0,0,0,1,0,0,0,0,0
19951,0,0,0,0,0,29,0,0,0,127,1264,9
19952,0,0,0,0,0,0,0,0,0,1,52,1
19953,61,34,3,2,0,0,0,0,0,0,0,0
19954,17,15,1,0,0,0,0,0,0,0,0,0
19955,0,0,0,0,0,902,0,0,0,89,4252,1
19956,0,0,0,148,6,183,0,0,0,0,1,0
19957,0,0,0,0,0,0,47,2,263,0,0,0
19958,17,91,39,1,0,0,0,0,0,0,0,0
19959,22,44,37,0,0,0,0,0,0,0,0,0
19960,0,3495,4,0,0,0,17,0,0,0,0,0
19961,0,0,5,0,0,5,0,0,0,162,2246,1
19962,0,2,0,0,13,0,605,2235,88,0,0,5
19963,4,198,228,0,0,0,1,0,0,4,0,0
19964,0,0,0,8,38,170,0,0,0,0,0,0
19965,1,0,0,10,18,36,0,0,0,0,0,0
19966,0,0,0,1,0,3,0,0,0,0,0,0
19967,0,0,0,0,84,0,7,149,0,0,0,0
19968,0,0,0,1,0,49,0,0,0,0,0,0
19969,0,37,0,0,0,0,1468,121,2,0,0,0
19970,0,0,0,0,0,0,0,0,0,6,472,0
19971,0,80,0,0,0,0,0,0,0,0,0,0
19972,0,0,0,0,0,2,0,0,0,150,714,12
19973,0,0,0,0,0,1,0,0,0,70,208,0
19974,4,3096,135,0,0,0,38,1,0,0,0,0
19975,0,0,0,0,0,0,0,0,0,92,42,1
19976,0,0,0,0,1,1,0,0,0,0,0,0
19977,0,0,0,0,0,23,0,0,0,219,297,0
19978,1,30,0,0,0,0,0,0,0,0,0,0
19979,0,0,6,0,0,0,0,0,0,949,70,1
19980,0,0,0,21,16,88,0,0,0,0,0,0
19981,0,0,0,0,0,0,163,19,2,0,0,0
19982,0,0,0,0,0,15,0,0,0,0,0,0
19983,0,0,0,0,0,203,0,1,0,27,11423,3
19984,0,0,0,1,1,129,0,0,0,0,1,0
19985,0,0,0,0,1,11,0,0,0,0,0,0
19986,0,0,0,5,10,167,0,0,0,0,1,0
19987,0,0,0,1,1,11,0,0,0,0,0,0
19988,0,0,0,0,2,3,0,0,0,0,0,0
19989,0,0,0,9,3,558,0,0,0,0,0,0
19990,0,0,0,0,0,0,2,3,2,0,0,0
19991,0,1,1,0,0,0,0,0,0,0,0,0
19992,0,0,0,0,0,211,0,0,0,0,0,0
19993,0,0,0,0,0,0,79,1,0,0,0,0
19994,0,0,0,0,0,0,5,1,0,0,0,0
19995,0,0,0,0,0,72,0,0,0,0,0,0
19996,1,2,9,0,0,0,0,0,0,0,0,0
19997,0,0,0,0,0,0,24,2,3,0,0,0
19998,0,214,1,0,0,0,2,0,0,0,0,0
19999,0,0,0,0,8,0,106,4123,4,0,0,0
20000,0,0,0,0,1,38,0,0,0,0,0,0
20001,0,0,0,84,16,46,0,0,0,0,0,0
20002,0,0,0,0,3,0,60,1253,3,0,0,0
20003,0,652,98,0,0,0,6,0,0,0,0,0
20004,0,0,0,33,65,383,0,0,0,0,2,0
20005,0,1,0,0,0,0,134,50,2,0,0,0
20006,0,0,0,0,7,0,167,1350,8,0,0,0
20007,0,0,0,2,3,154,0,0,0,0,2,0
20008,0,0,0,0,0,0,0,0,0,6,0,2
20009,124,6,0,1,0,0,0,0,0,0,0,0
20010,22,210,70,0,0,0,1,0,0,0,0,0
20011,0,0,0,0,0,0,78,158,2,0,0,0
20012,0,0,0,1,1,45,0,0,0,0,1,0
20013,43,157,15,1,0,0,0,0,0,0,0,0
20014,0,1,0,0,2,0,286,2096,5,0,0,0
20015,1,44,78,0,0,0,0,0,0,0,0,0
20016,0,0,0,0,0,11,0,0,0,16,2623,6
20017,0,0,0,1,14,21,0,0,0,0,0,0
20018,0,0,0,0,0,42,0,0,0,0,0,0
20019,0,465,2,0,0,0,1,0,0,0,0,0
20020,0,0,0,1,0,0,0,0,0,0,0,0
20021,0,0,0,0,0,0,0,0,0,0,0,0
20022,0,0,0,1,2,28,0,0,0,0,0,0
20023,0,78,7,0,0,0,0,0,0,0,0,0
20024,0,0,0,0,0,0,64,12,3,0,0,0
20025,3,66,7,0,0,0,0,0,0,0,0,0
20026,0,1,0,0,0,0,0,0,0,0,0,0
20027,1,8,1,0,0,0,0,0,0,0,0,0
20028,0,0,0,7,4,676,0,0,0,0,3,0
20029,0,0,0,0,0,0,486,16,1,0,0,0
20030,0,0,0,0,0,0,0,0,0,2,196,0
20031,0,0,0,0,0,6,0,0,0,39,1357,0
20032,0,0,0,0,0,2,0,0,0,12,304,2
20033,0,4,0,0,0,0,311,141,1,0,0,0
20034,0,0,0,2,0,134,0,0,0,0,0,0
20035,7,5,1,0,0,0,0,0,0,0,0,0
20036,0,128,15,0,0,0,0,0,0,0,0,0
20037,0,0,0,2,3,372,0,0,0,0,9,0
20038,0,0,0,0,0,0,26,136,3,0,0,0
20039,0,0,0,0,0,0,0,0,1,0,0,0
20040,0,0,0,2,3,39,0,0,0,0,0,0
20041,0,0,0,0,1,0,168,52,13,0,0,0
20042,0,0,0,0,0,1,0,0,0,0,0,0
20043,0,0,0,0,2,91,0,0,0,0,1,0
20044,0,0,0,0,0,0,0,0,0,4,24,0
20045,0,0,0,0,1,3,0,0,0,0,0,0
20046,0,0,0,0,1,48,0,0,0,0,0,0
20047,1,174,2,0,0,0,0,0,0,0,0,0
20048,0,0,0,0,0,1,0,0,0,0,0,0
20049,0,0,0,7,0,422,0,0,0,0,6,0
20050,2,87,1,0,0,0,0,0,0,0,0,0
20051,0,0,0,0,0,0,0,0,0,2,95,0
20052,24,278,4,0,0,0,1,0,0,0,0,0
20053,0,0,0,0,0,0,15,1,3,0,0,0
20054,3,27,16,0,0,0,0,0,0,0,0,0
20055,16,4000,36,0,0,0,199,4,0,0,0,0
20056,0,0,0,0,0,0,0,0,0,0,0,0
20057,0,0,0,0,3,0,136,282,1,0,0,0
20058,0,0,0,0,1,35,0,0,0,0,0,0
20059,40,274,4,0,0,0,0,0,0,0,0,0
20060,0,0,0,0,8,0,20,2549,5,0,0,0
20061,0,0,0,2,8,50,0,0,0,0,0,0
20062,0,0,0,0,0,0,395,506,2,0,0,0
20063,0,0,0,0,1,34,0,0,0,0,0,0
20064,0,0,0,2,0,204,0,0,0,0,0,0
20065,5,51,1,0,0,0,0,0,0,0,0,0
20066,1,30,3,0,0,0,0,0,0,0,0,0
20067,979,53,30,1,0,0,1,0,0,1,0,0
20068,0,0,0,0,0,0,66,763,6,0,0,0
20069,0,1,0,0,1,0,73,298,4,0,0,0
20070,0,0,0,1,12,142,0,0,0,0,0,0
20071,0,0,0,1,3,17,0,0,0,0,0,0
20072,0,0,0,0,1,11,0,0,0,0,0,0
20073,1,89,4,0,0,0,0,0,0,0,0,0
20074,0,0,0,0,0,0,0,0,0,21,0,3
20075,18,36,0,0,0,0,0,0,0,0,0,0
20076,2,20,0,0,0,0,0,0,0,0,0,0
20077,0,0,0,0,0,0,0,0,0,39,176,4
20078,0,0,0,0,0,17,0,0,0,71,1638,0
20079,15,158,3,0,0,0,0,0,0,0,0,0
20080,0,0,0,8,43,4,0,0,0,0,0,0
20081,0,0,0,0,0,1,0,0,0,30,323,0
20082,0,0,0,6,5,190,0,0,0,0,1,0
20083,0,3,0,0,0,0,419,19,2,0,0,0
20084,0,0,0,3,1,44,0,0,0,0,0,0
20085,68,1090,3,0,0,0,12,1,0,0,0,0
20086,0,0,0,0,0,0,0,9,0,0,0,0
20087,0,0,0,0,0,0,1,5,5,0,0,0
20088,0,0,0,5,5,117,0,0,0,0,0,0
20089,0,0,0,0,0,0,0,0,0,0,5,0
20090,0,0,0,0,0,0,0,0,0,1,4,0
20091,0,0,0,0,0,4,0,0,0,36,752,0
20092,1,153,17,0,0,0,0,0,0,0,0,0
20093,1,166,15,0,0,0,1,0,0,0,0,0
20094,1,189,13,0,0,0,1,0,0,0,0,0
20095,0,0,0,0,0,0,0,0,0,2,3,0
20096,9,0,0,0,0,0,0,0,0,0,0,0
20097,45,84,43,0,0,0,1,0,0,0,0,0
20098,0,0,0,0,1,0,0,532,3,0,0,0
20099,0,0,0,0,0,0,0,0,0,1,541,3
20100,0,0,0,2,1,131,0,0,0,0,1,0
20101,11,9,19,0,0,0,0,0,0,0,0,0
20102,0,0,0,0,28,0,39,5156,8,0,0,0
20103,0,0,0,1,1,31,0,0,0,0,0,0
20104,0,0,0,0,0,22,0,0,0,46,3864,34
20105,0,0,0,5,14,1,0,0,0,0,0,0
20106,0,0,0,5,1,22,0,0,0,0,0,0
20107,4,78,0,0,0,0,2,0,0,0,0,0
20108,4,47,11,0,0,0,0,0,0,0,0,0
20109,0,0,0,21,15,205,0,0,0,0,1,0
20110,0,0,0,0,0,0,4,3,1,0,0,0
20111,0,0,0,0,0,0,5,2,0,0,0,0
20112,17,156,58,0,0,0,9,0,0,0,0,0
20113,0,2,0,0,1,0,161,388,1,0,0,0
20114,0,0,0,0,19,37,0,0,0,0,0,0
20115,0,0,0,0,0,0,0,0,0,5,463,0
20116,11,114,33,0,0,0,0,0,0,0,0,0
20117,0,0,0,0,0,5,0,0,0,1,370,1
20118,9,349,5,0,0,0,2,0,0,0,0,0
20119,0,0,0,2,12,39,0,0,0,0,0,0
20120,0,0,0,1,0,79,0,0,0,0,0,0
20121,3,47,1,0,0,0,0,0,0,0,0,0
20122,4,117,33,0,0,0,0,0,0,0,0,0
20123,0,0,0,0,0,0,0,0,0,0,0,0
20124,1,0,0,258,6,118,0,0,0,0,0,0
20125,0,1,0,0,0,0,340,3,6,0,0,0
20126,0,0,0,0,0,0,74,33,16,0,0,0
20127,5,127,166,0,0,0,0,0,0,0,0,0
20128,0,0,0,0,0,0,23,3,3,0,0,0
20129,1,104,51,0,0,0,0,0,0,0,0,0
20130,16,117,21,0,0,0,0,0,0,0,0,0
20131,0,0,0,0,13,1,268,2630,1,0,0,0
20132,0,0,0,0,0,13,0,0,0,26,5141,1
20133,0,0,1,0,0,12,0,0,0,32,2721,2
20134,0,1,0,0,7,0,624,2299,10,0,0,0
20135,0,0,0,1,0,22,0,0,0,0,0,0
20136,12,22,1,0,0,0,0,0,0,0,0,0
20137,0,16,16,0,0,0,0,0,0,1,0,0
20138,109,23,11,0,0,0,0,0,0,0,0,0
20139,12,82,0,0,0,0,1,0,0,0,0,0
20140,1,13,0,0,0,0,0,0,0,0,0,0
20141,0,0,0,0,0,0,0,0,0,0,18,1
20142,2,217,31,0,0,0,3,0,0,1,0,0
20143,0,0,0,0,0,0,0,0,3,2,1,35
20144,13,44,1,0,0,0,1,0,0,0,0,0
20145,0,0,0,0,0,0,70,126,3,0,0,0
20146,0,0,0,4,0,26,0,0,0,0,0,0
20147,0,0,0,3,1,19,0,0,0,0,0,0
20148,0,0,0,0,0,74,0,0,0,11,7689,13
20149,32,10,4,0,0,0,0,0,0,0,0,0
20150,1,29,17,0,0,0,0,0,0,0,0,0
20151,0,0,0,4,6,86,0,0,0,0,0,0
20152,0,0,0,0,8,2,0,0,0,0,0,0
20153,9,1,0,0,0,0,0,0,0,0,0,0
20154,0,0,0,0,0,212,0,0,0,0,0,0
20155,0,0,0,0,0,18,0,0,0,0,0,0
20156,2,44,0,0,0,0,0,0,0,0,0,0
20157,0,0,0,0,0,185,0,0,0,0,0,0
20158,0,0,0,0,0,0,0,0,0,0,0,0
20159,2,20,23,0,0,0,0,0,0,0,0,0
20160,0,0,0,0,1,0,43,124,0,0,0,0
20161,1,1,0,0,0,0,0,0,0,0,0,0
20162,0,115,3,0,0,0,0,0,0,0,0,0
20163,0,1330,1,0,0,0,16,0,0,0,0,0
20164,0,0,0,0,0,0,48,117,0,0,0,0
20165,0,0,0,0,2,24,0,0,0,0,0,0
20166,0,0,0,7,4,1191,0,0,0,0,16,0
20167,0,0,0,0,1,0,46,104,6,0,0,0
20168,2,133,24,0,0,0,0,0,0,0,0,0
20169,0,0,0,3,5,87,0,0,0,0,0,0
20170,0,0,0,0,0,0,149,14,0,0,0,0
20171,0,0,0,0,0,0,5,3,13,0,0,0
20172,0,0,0,0,16,33,0,0,0,0,0,0
20173,0,1,0,0,0,0,197,101,2,0,0,0
20174,0,0,0,0,0,31,0,0,0,0,0,0
20175,0,0,0,36,2,145,0,0,0,0,0,0
20176,0,0,0,0,7,0,123,515,7,0,0,0
20177,0,0,0,8,11,60,0,0,0,0,0,0
20178,0,0,0,0,0,48,0,0,0,275,7047,6
20179,0,0,0,0,0,0,0,0,0,16,6,5
20180,37,76,0,0,0,0,0,0,0,0,0,0
20181,5,74,17,0,0,0,1,0,0,0,0,0
20182,0,0,0,0,0,0,0,0,0,4,0,0
20183,13,26,2,0,0,0,0,0,0,0,0,0
20184,1,33,9,0,0,0,6,0,0,0,0,0
20185,0,0,0,0,0,141,0,0,0,0,1,0
20186,0,0,0,0,0,8,0,0,0,0,0,0
20187,1,64,0,0,0,0,1,0,0,0,0,0
20188,0,0,1,0,0,1,0,0,0,21,155,0
20189,0,0,0,0,0,0,0,0,0,13,47,0
20190,0,0,0,8,11,582,0,0,0,0,3,0
20191,0,0,0,0,0,0,3,1,6,0,0,0
20192,0,2,5,0,0,0,0,0,0,0,0,0
20193,1,37,25,0,0,0,0,0,0,0,0,0
20194,0,3,0,0,0,0,0,0,0,0,0,0
20195,0,0,0,0,0,0,0,0,0,1,1,3
20196,0,0,0,5,19,47,0,0,0,0,0,0
20197,0,0,0,10,0,76,0,0,0,0,4,0
20198,16,21,1,0,0,0,0,0,0,0,0,0
20199,0,0,0,0,0,128,0,0,0,0,8882,0
20200,0,0,0,0,0,7,0,0,0,0,0,0
20201,0,0,0,23,0,2,0,0,0,0,0,0
20202,0,0,0,2,0,73,0,0,0,0,0,0
20203,0,0,0,0,0,0,0,0,0,0,0,0
20204,0,0,0,0,0,0,0,0,0,0,10,1
20205,0,0,0,2,41,43,0,0,0,0,0,0
20206,0,0,0,0,0,0,0,0,0,2,2,18
20207,52,23,1,0,0,0,0,0,0,0,0,0
20208,0,0,0,0,0,0,89,1531,2,0,0,0
20209,1,12,0,0,0,0,0,0,0,0,0,0
20210,0,0,0,0,0,0,1,0,1,0,0,0
20211,0,0,0,0,0,23,0,0,0,0,0,0
20212,0,7,3,0,0,0,0,0,0,0,0,0
20213,0,0,0,0,0,0,1,0,0,0,0,0
20214,0,42,0,0,0,0,0,0,0,0,0,0
20215,2,1358,14,0,0,0,10,0,0,0,0,0
20216,1,177,66,0,0,0,1,0,0,0,0,0
20217,0,0,0,5,15,88,0,0,0,0,0,0
20218,0,0,0,0,4,123,0,0,0,0,0,0
20219,0,0,0,0,0,41,0,0,0,0,0,0
20220,1,40,0,0,0,0,0,0,0,0,0,0
20221,0,0,0,0,0,0,0,0,0,116,0,1
20222,13,23,1,0,0,0,0,0,0,0,0,0
20223,14,104,17,0,0,0,0,0,0,0,0,0
20224,0,1,0,0,0,0,51,1,5,0,0,0
20225,1,32,8,0,0,0,0,0,0,1,0,0
20226,7,71,22,0,0,0,0,0,0,0,0,0
20227,0,0,0,1,4,72,0,0,0,0,2,0
20228,0,0,0,0,2,0,0,0,0,0,0,0
20229,0,0,0,1,0,67,0,0,0,0,0,0
20230,1,39,0,0,0,0,0,0,0,0,0,0
20231,3,44,3,0,0,0,1,0,0,0,0,0
20232,1,57,2,0,0,0,0,0,0,0,0,0
20233,0,0,0,0,0,23,0,0,0,37,5892,0
20234,0,0,0,0,0,12,0,0,0,106,1402,0
20235,0,0,0,0,0,3,0,0,0,43,1948,14
20236,73,98,60,0,0,0,0,0,0,0,0,0
20237,0,3,0,0,1,0,132,387,4,0,0,0
20238,0,2,0,0,3,0,203,1304,1,0,0,0
20239,8,279,11,0,0,0,1,0,0,0,0,0
20240,0,2,0,0,0,0,81,16,1,0,0,0
20241,0,0,0,0,4,60,0,0,0,0,0,0
20242,0,0,0,0,0,0,0,0,0,169,1,2
20243,21,255,29,0,0,0,2,0,0,0,0,0
20244,2,40,3,0,0,0,0,0,0,0,0,0
20245,2,153,71,0,0,0,0,0,0,0,0,0
20246,0,0,0,11,7,237,0,0,0,0,1,0
20247,0,0,0,0,13,0,67,1379,8,0,0,0
20248,0,0,0,0,0,0,8,1,1,0,0,0
20249,1,3,0,0,0,0,0,0,0,0,0,0
20250,0,148,2,0,0,0,0,0,0,0,0,0
20251,30,169,43,0,0,0,0,0,0,0,0,0
20252,0,0,0,3,45,27,0,0,0,0,0,0
20253,0,0,0,55,0,55,0,0,0,0,0,0
20254,0,0,0,0,0,0,23,9,1,0,0,0
20255,3,369,17,0,0,0,8,0,0,1,0,0
20256,0,0,0,26,117,289,0,2,0,0,2,0
20257,0,0,0,0,6,8,0,0,0,0,0,0
20258,0,0,0,0,0,5,0,0,0,0,0,0
20259,0,0,0,0,0,1,0,0,0,7,369,3
20260,0,0,0,1,1,32,0,0,0,0,0,0
20261,0,0,0,0,0,48,0,0,0,0,0,0
20262,0,46881,4,0,0,0,622,0,0,0,0,0
20263,0,1,0,0,0,0,70,0,3,0,0,0
20264,97,28,29,1,0,0,0,0,0,0,0,0
20265,69,338,33,0,0,0,0,0,0,0,0,0
20266,0,0,0,8,16,125,0,0,0,0,0,0
20267,0,0,0,0,0,95,0,0,0,0,3,0
20268,1,32675,3,0,0,0,309,9,0,0,0,0
20269,0,0,0,0,8,0,43,1392,2,0,0,0
20270,0,0,0,0,0,4,0,0,0,42,1119,2
20271,0,0,0,14,7,106,0,0,0,0,0,0
20272,8,175,4,0,0,0,1,0,0,0,0,0
20273,0,0,0,10,7,174,0,0,0,0,1,0
20274,0,0,0,0,2,0,76,1964,12,0,0,0
20275,0,2,0,2,14,0,151,4157,17,0,0,0
20276,3,183,78,0,0,0,1,0,0,0,0,0
20277,0,0,0,8,4,210,0,0,0,0,1,0
20278,0,0,0,0,0,0,13,1,5,0,0,0
20279,7,141,106,0,0,0,8,0,0,1,0,0
20280,3,182,174,0,0,0,1,0,0,0,0,0
20281,0,0,0,1,2,43,0,0,0,0,0,0
20282,0,0,0,2,3,1,0,0,0,0,0,0
20283,0,0,0,0,0,6,0,0,0,5,1243,7
20284,391,340,10,5,0,0,2,0,0,2,0,0
20285,2,0,0,72,24,418,0,0,0,0,5,0
20286,0,0,0,53,17,135,0,0,0,0,0,0
20287,0,1,0,0,0,0,158,4,1,0,0,0
20288,11,457,251,0,0,0,0,0,0,2,0,0
20289,1,107,22,0,0,0,0,0,0,0,0,0
20290,0,0,0,0,0,0,0,0,0,69,73,0
20291,0,0,0,0,0,0,18,3,0,0,0,0
20292,0,1,0,0,0,0,1315,66,1,0,0,0
20293,0,0,0,0,0,64,0,0,0,0,3,0
20294,34,454,3,0,0,0,3,0,0,0,0,0
20295,0,0,0,1,0,178,0,0,0,0,2,0
20296,0,9,0,0,0,0,0,0,0,0,0,0
20297,2,53,24,1,0,0,0,0,0,0,0,0
20298,0,316,22,0,0,0,1,0,0,0,0,0
20299,0,0,0,0,1,83,0,0,0,0,0,0
20300,0,0,0,0,0,1,0,0,0,0,0,0
20301,0,54,1,0,0,0,1,0,0,1,0,0
20302,0,0,0,0,0,0,377,3,4,0,0,0
20303,4,31,36,0,0,0,0,0,0,0,0,0
20304,1,181,64,0,0,0,3,0,0,0,0,0
20305,0,0,0,0,0,0,112,299,1,0,0,0
20306,0,0,0,0,0,0,53,52,0,0,0,0
20307,0,0,0,0,0,0,0,0,0,20,167,0
20308,1,0,0,6,0,44,0,0,0,0,0,0
20309,3,250,20,1,0,0,3,0,0,0,0,0
20310,1,0,0,1,0,1163,0,0,0,0,1,0
20311,0,0,0,0,1,0,8,11,6,0,0,0
20312,0,0,0,0,0,0,0,0,0,0,428,0
20313,0,0,0,0,0,3,0,0,0,120,339,1
20314,0,0,0,0,0,5,0,0,0,0,0,0
20315,0,0,0,6,0,3,0,0,0,0,0,0
20316,0,0,0,0,0,2,0,0,0,5,341,0
20317,0,0,0,0,0,0,135,1,73,0,0,0
20318,19,214,36,1,0,0,1,0,0,0,0,0
20319,1,20,10,0,0,0,0,0,0,0,0,0
20320,0,0,0,0,0,26,0,0,0,1,3769,0
20321,5,59,4,0,0,0,0,0,0,0,0,0
20322,0,0,0,0,0,210,0,0,0,0,0,0
20323,0,126,2,0,0,0,0,0,0,0,0,0
20324,0,0,0,0,0,103,0,0,0,0,2,0
20325,0,0,0,0,0,1,0,0,0,7,217,0
20326,0,9,0,0,0,0,1319,40,1,0,0,0
20327,0,0,0,0,0,36,0,0,0,0,0,0
20328,0,0,0,0,7,18,0,0,0,0,0,0
20329,0,0,0,5,0,11,0,0,0,0,0,0
20330,11,77,0,0,0,0,1,0,0,0,0,0
20331,0,0,0,0,0,275,0,0,0,0,4,0
20332,0,0,0,0,0,0,42,0,1,0,0,0
20333,0,1,0,0,0,0,60,3,3,0,0,0
20334,4,189,40,0,0,0,0,0,0,0,0,0
20335,0,0,0,0,0,0,29,0,2,0,0,0
20336,0,29,1,0,0,0,0,0,0,0,0,0
20337,0,0,0,1,1,102,0,0,0,0,0,0
20338,0,0,0,0,0,8,0,0,0,0,0,0
20339,0,0,0,0,1,7,0,0,0,0,0,0
20340,0,0,0,0,0,13,0,0,0,0,0,0
20341,14,59,0,0,0,0,0,0,0,0,0,0
20342,0,3,0,0,2,0,265,350,2,0,0,0
20343,0,0,0,4,18,132,0,0,0,0,4,0
20344,0,0,0,0,0,0,0,0,0,0,56,0
20345,3,168,3,0,0,0,2,0,0,0,0,0
20346,0,0,0,4,0,171,0,0,0,0,2,0
20347,5,202,20,0,0,0,1,0,0,0,0,0
20348,0,2,0,0,0,0,254,90,2,0,0,0
20349,0,0,0,52,457,56,0,5,0,0,0,0
20350,0,0,0,0,0,0,0,0,0,2,0,2
20351,2,226,1,0,0,0,0,0,0,0,0,0
20352,0,2,0,0,5,0,750,380,9,0,0,0
20353,0,0,0,0,10,59,0,0,0,0,0,0
20354,0,0,0,0,0,45,0,0,0,0,0,0
20355,3,502,0,0,0,0,1,0,0,0,0,0
20356,0,0,0,0,32,0,143,1209,1,0,0,0
20357,0,0,0,0,1,0,5,127,1,0,0,0
20358,0,0,0,9,15,294,0,0,0,0,5,0
20359,0,0,0,0,0,0,2,3,0,0,0,0
20360,0,0,0,0,0,0,2,2,0,0,0,0
20361,0,0,0,0,2,163,0,0,0,0,0,0
20362,0,0,0,1,0,23,0,0,0,0,0,0
20363,0,0,0,0,0,1,0,0,0,0,0,0
20364,0,130,0,0,0,0,0,0,0,0,0,0
20365,0,0,0,0,0,0,0,0,0,0,8,0
20366,0,33,0,0,0,0,0,0,0,0,0,0
20367,0,0,0,0,0,554,0,0,0,0,0,0
20368,0,0,0,0,0,6,0,0,0,79,432,0
20369,0,0,0,1,0,8,0,0,0,0,0,0
20370,0,54,3,0,0,0,1,0,0,0,0,0
20371,0,0,0,0,0,0,0,0,0,131,160,1
20372,0,0,0,20,1,4,0,0,0,0,0,0
20373,0,1,0,0,0,0,142,79,4,0,0,0
20374,4,557,755,0,0,0,2,0,0,0,0,0
20375,0,0,0,20,81,370,0,0,0,0,1,0
20376,1,0,0,296,3,434,0,0,0,0,3,0
20377,0,0,0,0,0,0,134,0,0,0,0,0
20378,0,0,0,0,0,0,7,73,0,0,0,0
20379,0,131,52,0,0,0,0,0,0,0,0,0
20380,0,0,1,0,0,1,0,0,0,75,499,6
20381,0,0,0,1,1,1,0,0,0,0,0,0
20382,13,168,1,0,0,0,1,0,0,0,0,0
20383,0,2,0,0,0,0,623,163,0,0,0,0
20384,0,0,0,0,0,44,0,0,0,3,4151,1
20385,0,0,0,14,2,176,0,0,0,0,0,0
20386,2,10,0,0,0,0,0,0,0,0,0,0
20387,1,83,2,0,0,0,0,0,0,0,0,0
20388,0,36,54,0,0,0,0,0,0,0,0,0
20389,0,0,0,0,0,9,0,0,0,61,1949,40
20390,0,1,0,0,19,0,51,240,2,0,0,0
20391,0,0,0,1,112,100,0,3,0,0,0,0
20392,0,0,0,7,4,24,0,0,0,0,0,0
20393,0,0,0,2,3,28,0,0,0,0,0,0
20394,0,0,0,1,0,229,0,0,0,0,0,0
20395,0,73,1,0,0,0,0,0,0,0,0,0
20396,2,8393,4,0,0,0,102,0,0,0,0,0
20397,0,3,0,0,0,0,823,347,0,0,0,0
20398,0,1,0,0,0,0,1131,0,1,0,0,0
20399,2,67,159,0,0,0,0,0,0,0,0,0
20400,1,256,76,0,0,0,0,0,0,2,0,0
20401,0,0,0,89,600,315,0,0,0,0,0,0
20402,0,0,0,0,0,10,0,0,0,1,2624,0
20403,1,80,1,0,0,0,0,0,0,0,0,0
20404,0,0,0,0,0,56,0,0,0,154,6442,4
20405,0,0,1,0,0,8,0,0,0,385,1389,0
20406,0,0,0,9,17,75,0,0,0,0,5,0
20407,0,0,0,12,44,212,0,0,0,0,1,1
20408,0,0,0,6,59,28,0,0,0,0,0,0
20409,0,0,0,239,8,507,0,0,0,0,0,0
20410,0,0,0,0,0,0,121,0,3,0,0,0
20411,294,27,52,1,0,0,0,0,0,0,0,0
20412,7,220,32,0,0,0,0,0,0,0,0,0
20413,0,0,0,33,5,53,0,0,0,0,0,0
20414,0,0,0,0,0,20,0,0,0,0,0,0
20415,133,63,0,1,0,0,0,0,0,0,0,0
20416,0,0,0,0,0,0,34,3,34,0,0,0
20417,3,159,8,0,0,0,2,0,0,0,0,0
20418,135,6212,12,0,0,0,0,0,0,0,0,0
20419,0,0,0,0,0,0,160,108,1,0,0,0
20420,38,263,16,0,0,0,1,0,0,0,0,0
20421,0,0,0,20,148,214,0,1,0,0,0,0
20422,0,0,0,5,0,34,0,0,0,0,0,0
20423,0,0,0,0,1,2,0,0,0,0,0,0
20424,0,0,0,2,2,79,0,0,0,0,0,0
20425,4,303,6,0,0,0,0,0,0,0,0,0
20426,0,0,0,6,11,253,0,0,0,0,3,0
20427,0,0,0,27,28,55,0,0,0,0,0,0
20428,0,0,0,0,0,1,0,0,0,36,723,0
20429,0,0,0,0,0,7,0,0,0,33,2093,4
20430,0,0,0,4,3,119,0,0,0,0,0,0
20431,6,169,1,0,0,0,1,0,0,0,0,0
20432,0,0,0,72,2,151,0,0,0,0,1,0
20433,0,1,0,0,2,0,529,746,10,0,0,0
20434,0,1,0,0,6,0,363,230,2,0,0,0
20435,1,4,8,0,0,0,0,0,0,0,0,0
20436,0,0,0,0,0,22,0,0,0,12,3203,6
20437,10,1095,0,0,0,0,10,0,0,0,0,0
20438,0,0,0,0,1,0,90,1151,5,0,0,0
20439,0,0,0,0,0,81,0,0,0,0,0,0
20440,2,6,0,0,0,0,0,0,0,0,0,0
20441,0,0,0,0,0,0,0,0,0,0,31,0
20442,5,45,2,0,0,0,0,0,0,0,0,0
20443,0,1,0,0,3,0,212,104,13,0,0,0
20444,0,0,0,0,0,8,0,0,0,0,0,0
20445,0,0,0,15,0,151,0,0,0,0,1,0
20446,0,48,2,0,0,0,0,0,0,0,0,0
20447,2,147,8,0,0,0,0,0,0,0,0,0
20448,1,36,6,0,0,0,0,0,0,0,0,0
20449,7,18,0,0,0,0,0,0,0,0,0,0
20450,1,84,62,0,0,0,0,0,0,0,0,0
20451,0,0,2,0,0,54,0,0,0,20,13691,0
20452,0,0,0,3,0,230,0,0,0,0,0,0
20453,1,82,0,0,0,0,0,0,0,0,0,0
20454,0,0,0,0,0,223,0,0,0,0,0,0
20455,0,0,0,7,30,44,0,0,0,0,0,0
20456,0,0,0,19,24,34,0,3,0,0,0,0
20457,0,0,0,0,0,1,0,0,0,33,363,1
20458,23,302,7,0,0,0,4,0,0,0,0,0
20459,0,0,0,0,0,69,0,0,0,0,1,0
20460,2,22,22,0,0,0,0,0,0,0,0,0
20461,1,226,1,0,0,0,2,0,0,0,0,0
20462,0,0,0,0,0,0,0,0,0,11,153,0
20463,7,229,73,0,0,0,0,0,0,0,0,0
20464,0,0,0,0,3,0,287,716,5,0,0,0
20465,0,0,0,0,0,0,0,0,0,0,0,0
20466,0,0,0,63,13,489,0,0,0,0,0,0
20467,0,0,0,0,0,0,132,32,1,0,0,0
20468,0,0,0,0,0,0,0,0,0,465,383,1
20469,0,2,0,0,0,0,409,15,2,0,0,0
20470,0,0,8,0,0,0,0,0,0,664,4,0
20471,13,50,2,0,0,0,0,0,0,0,0,0
20472,99,53,46,7,0,0,0,0,0,0,0,0
20473,6,230,18,0,0,0,1,0,0,0,0,0
20474,0,0,0,0,0,0,0,0,0,67,443,1
20475,0,145,1,0,0,0,0,0,0,0,0,0
20476,0,35,0,0,0,0,366,179,2,0,0,0
20477,0,0,0,0,6,0,122,915,1,0,0,0
20478,0,0,0,0,0,251,0,0,0,0,13,0
20479,0,0,0,12,19,64,0,0,0,0,0,0
20480,0,0,0,0,0,14,0,0,0,2,2962,2
20481,4,803,11,0,0,0,18,0,0,0,0,0
20482,0,0,0,0,59,95,0,0,0,0,0,0
20483,0,0,0,0,0,83,0,0,0,25,1650,1
20484,0,0,0,7,41,109,0,1,0,0,0,0
20485,0,29,1,0,0,0,0,0,0,0,0,0
20486,3,115,19,0,0,0,0,0,0,0,0,0
20487,0,0,0,0,2,0,78,659,10,0,0,0
20488,0,0,0,2,8,2,0,0,0,0,0,0
20489,0,1,0,0,24,0,154,960,10,0,0,1
20490,0,0,0,0,9,50,0,0,0,0,0,0
20491,0,0,0,0,5,0,29,477,4,0,0,0
20492,0,0,0,0,2,74,0,0,0,0,1,0
20493,0,1,0,0,4,0,179,154,6,0,0,0
20494,0,0,0,1,1,0,0,0,0,0,0,0
20495,0,0,0,0,0,0,0,6,3,0,0,0
20496,0,0,0,0,0,92,0,0,0,0,0,0
20497,0,0,0,6,210,3,0,0,0,0,0,0
20498,0,0,0,0,0,0,0,0,0,2,15,0
20499,0,0,0,3,2,25,0,0,0,0,0,0
20500,0,0,0,0,0,0,677,2,1,0,0,0
20501,0,0,0,0,7,1414,0,0,0,0,13,0
20502,0,0,0,4,0,95,0,0,0,0,0,0
20503,0,237,1,0,0,0,1,0,0,0,0,0
20504,0,0,0,0,30,84,0,0,0,0,0,0
20505,0,0,0,22,7,760,0,0,0,0,7,0
20506,0,0,0,0,0,0,0,0,0,0,0,0
20507,1,0,0,0,0,0,0,0,0,0,0,0
20508,0,0,0,0,0,101,0,0,0,0,0,0
20509,0,0,0,3,18,31,0,0,0,0,0,0
20510,0,0,0,0,0,2,0,0,0,0,0,0
20511,0,316,0,0,0,0,1,0,0,0,0,0
20512,0,0,0,3,186,163,0,2,0,0,0,0
20513,0,0,0,0,8,75,0,0,0,0,1,0
20514,0,39,0,0,0,0,2,0,0,0,0,0
20515,0,0,0,0,0,0,0,0,1,40,12,187
20516,0,0,0,0,0,1,0,0,0,0,0,0
20517,0,0,0,14,8,58,0,0,0,0,0,0
20518,0,0,0,0,0,0,24,111,12,0,0,0
20519,7,213,15,0,0,0,0,0,0,0,0,0
20520,0,0,0,5,2,546,0,0,0,0,1,0
20521,0,0,0,0,0,0,26,1,1,0,0,0
20522,1,71,25,0,0,0,0,0,0,0,0,0
20523,0,0,0,4,4,401,0,0,0,0,3,0
20524,0,0,0,0,2,11,0,0,0,0,0,0
20525,0,0,0,0,5,9,0,0,0,0,0,0
20526,0,0,0,2,18,83,0,1,0,0,0,0
20527,0,0,0,0,1,0,223,491,18,0,0,0
20528,0,0,0,0,9,13,0,0,0,0,0,0
20529,2,0,0,188,30,63,0,1,0,0,0,0
20530,0,0,0,0,0,0,85,0,45,0,0,0
20531,14,101,26,0,0,0,0,0,0,0,0,0
20532,32,6263,21,0,0,0,60,1,0,0,0,0
20533,1,2540,11,0,0,0,30,0,0,0,0,0
20534,0,0,0,1,0,63,0,0,0,0,0,0
20535,2,347,2,0,0,0,0,0,0,0,0,0
20536,1,188,3,0,0,0,0,0,0,0,0,0
20537,0,0,0,1,0,90,0,0,0,0,0,0
20538,2,23,0,0,0,0,0,0,0,0,0,0
20539,0,14,38,0,0,0,3,0,0,0,0,0
20540,6,101,6,0,0,0,0,0,0,0,0,0
20541,5,162,1,0,0,0,0,0,0,0,0,0
20542,0,0,0,11,15,3,0,0,0,0,0,0
20543,0,0,0,0,0,0,0,0,0,9,242,0
20544,0,0,0,0,0,2,0,0,0,146,2186,2
20545,0,0,0,0,0,0,0,0,0,48,1,19
20546,27,41,2,0,0,0,0,0,0,0,0,0
20547,69,51,266,0,0,0,0,0,0,0,1,0
20548,0,0,0,0,1,0,102,64,2,0,0,0
20549,3,114,19,0,0,0,0,0,0,0,0,0
20550,0,0,0,10,74,148,0,0,0,0,0,0
20551,0,0,0,9,0,15,0,0,0,0,0,0
20552,0,0,0,0,2,1,0,0,0,0,0,0
20553,3,513,0,0,0,0,6,0,0,0,0,0
20554,0,0,0,0,17,2,0,0,0,0,0,0
20555,0,0,0,0,0,1,0,0,0,47,2063,7
20556,0,0,0,21,1,21,0,0,0,0,0,0
20557,0,0,0,0,0,0,67,77,2,0,0,0
20558,0,0,0,0,3,28,0,0,0,0,0,0
20559,11,221,4,0,0,0,0,0,0,0,0,0
20560,0,0,0,0,0,0,212,256,1,0,0,0
20561,0,0,0,1,4,70,0,0,0,0,0,0
20562,0,0,0,24,13,55,0,0,0,0,0,0
20563,0,0,0,2,2,3,0,0,0,0,0,0
20564,0,0,0,0,0,0,0,0,0,1,4,0
20565,0,0,0,1,1,144,0,0,0,0,1,0
20566,0,45,0,0,0,0,0,0,0,0,0,0
20567,5,2148,31,0,0,0,6,0,0,0,0,0
20568,0,2,0,0,0,0,418,507,267,0,0,0
20569,0,0,0,0,0,0,311,743,4,0,0,0
20570,0,0,0,0,2,23,0,0,0,0,0,0
20571,0,0,0,13,0,49,0,0,0,0,0,0
20572,0,0,0,0,0,0,203,128,0,0,0,0
20573,14,0,0,51,4,53,0,0,0,0,0,0
20574,0,0,0,0,0,5,0,0,0,108,294,2
20575,4,11,6,0,0,0,0,0,0,0,0,0
20576,2,3,4,0,0,0,0,0,0,0,0,0
20577,9,123,35,0,0,0,4,0,0,0,0,0
20578,1,51,0,0,23,0,1689,4340,11,0,0,0
20579,0,0,0,10,0,16,0,0,0,0,0,0
20580,0,0,0,0,4,0,773,1551,73,0,0,0
20581,2,8,2,0,0,0,0,0,0,0,0,0
20582,0,0,0,0,0,0,0,0,0,13,100,0
20583,0,0,0,0,3,122,0,0,0,0,0,0
20584,2,68,1,0,0,0,0,0,0,0,0,0
20585,0,0,0,0,0,28,0,0,0,0,0,0
20586,0,0,0,17,0,11,0,0,0,0,0,0
20587,0,0,0,0,0,0,0,3,1,0,0,0
20588,1,0,0,0,0,0,0,0,0,0,0,0
20589,0,0,0,0,0,0,0,0,0,0,226,0
20590,0,0,0,0,0,9,0,0,0,0,0,0
20591,5,1,0,0,0,0,0,0,0,0,0,0
20592,0,0,0,1,0,1942,0,0,0,0,7,0
20593,0,36,0,0,0,0,1,0,0,0,0,0
20594,0,0,0,0,0,0,0,0,0,7,1955,1
20595,16,97,12,0,0,0,0,0,0,0,0,0
20596,0,0,0,0,0,0,1,1,0,0,0,0
20597,0,2,0,0,0,0,0,0,0,0,0,0
20598,1,1026,4,0,0,0,1,0,0,0,0,0
20599,0,98,450,0,0,0,0,0,0,0,0,0
20600,0,0,0,13,37,183,0,0,0,0,3,0
20601,0,0,0,20,19,56,0,0,0,0,0,0
20602,0,0,0,0,29,9,0,0,0,0,1,0
20603,0,0,0,0,0,2,0,0,0,0,932,0
20604,10,374,15,0,0,0,0,0,0,0,0,0
20605,0,0,0,0,23,74,0,0,0,0,0,0
20606,0,0,0,0,9,2,0,0,0,0,0,0
20607,0,0,0,2,0,31,0,0,0,0,0,0
20608,21,129,2,0,0,0,0,0,0,0,0,0
20609,0,0,0,42,2,788,0,0,0,0,1,0
20610,0,0,0,0,0,0,54,115,3,0,0,0
20611,0,0,0,0,0,7,0,0,0,22,1664,3
20612,0,0,0,2,0,6,0,0,0,0,0,0
20613,0,0,0,3,12,42,0,0,0,0,0,0
20614,0,0,0,11,1,20,0,0,0,0,0,0
20615,0,0,0,0,0,0,1,27,1,0,0,0
20616,0,0,0,0,0,0,0,913,3,0,0,0
20617,0,0,0,0,5,2,0,0,0,0,0,0
20618,0,0,0,0,0,0,51,2,1,0,0,0
20619,0,0,0,0,0,55,0,0,0,0,0,0
20620,0,79,0,0,0,0,0,0,0,0,0,0
20621,2,290,78,0,0,0,0,0,0,0,0,0
20622,398,92,26,0,0,0,0,0,0,0,0,0
20623,0,0,0,0,2,1,162,1332,3,0,0,0
20624,384,51,12,0,0,0,0,0,0,0,0,0
20625,0,0,0,6,2,572,0,0,0,0,1,0
20626,0,0,0,0,2,0,86,302,11,0,0,0
20627,0,0,0,0,0,0,57,76,1,0,0,0
20628,0,0,0,0,0,13,0,0,0,13,2595,11
20629,0,0,0,0,0,4,0,0,1,23,2426,190
20630,11,235,2,0,0,0,2,0,0,0,0,0
20631,0,0,0,6,4,253,0,0,0,0,2,0
20632,0,0,0,0,0,0,133,61,5,0,0,0
20633,0,0,0,1,0,27,0,0,0,0,0,0
20634,25,161,46,0,0,0,0,0,0,0,0,0
20635,0,0,0,0,0,0,131,0,267,0,0,0
20636,1,21,35,0,0,0,0,0,0,0,0,0
20637,35,50,17,3,0,0,0,0,0,0,0,0
20638,0,232,0,0,0,0,0,0,0,0,0,0
20639,0,0,0,0,0,0,0,0,0,1,46,0
20640,5,123,14,0,0,0,0,0,0,0,0,0
20641,0,0,0,2,7,34,0,0,0,0,0,0
20642,0,0,0,0,1,0,0,0,0,0,0,0
20643,0,0,0,1,1,11,0,0,0,0,0,0
20644,0,0,0,6,0,153,0,0,0,0,0,0
20645,1,38,2,0,0,0,0,0,0,0,0,0
20646,0,0,0,0,0,0,0,0,0,1,751,1
20647,0,0,0,0,0,0,0,0,0,28,248,0
20648,0,0,0,0,0,0,0,0,0,4,2,0
20649,187,65,5,0,0,0,0,0,0,0,0,0
20650,0,11,31,0,0,0,0,0,0,0,0,0
20651,0,28,12,0,0,0,1,0,0,0,0,0
20652,0,130,16,0,0,0,0,0,0,0,0,0
20653,0,0,0,0,0,77,0,0,0,0,0,0
20654,0,0,0,0,0,1,0,0,0,0,0,0
20655,1,33,1,0,0,0,0,0,0,0,0,0
20656,0,0,0,0,0,0,0,0,0,2,2,0
20657,0,1,0,0,0,0,0,0,0,0,0,0
20658,0,185,3,0,0,0,2,0,0,0,0,0
20659,0,0,0,0,44,2,0,0,0,0,0,0
20660,0,0,0,0,0,0,0,0,0,2,7,1
20661,0,0,0,3,2,2481,0,0,0,1,25,0
20662,17,29,0,0,0,0,0,0,0,0,0,0
20663,0,0,0,0,0,0,1755,303,15,0,0,0
20664,0,0,0,0,17,97,0,0,0,0,0,0
20665,0,0,0,0,0,0,0,0,0,8,2,0
20666,66,50,21,0,0,0,0,0,0,0,0,0
20667,1,77,16,0,0,0,0,0,0,0,0,0
20668,0,9,0,0,0,0,299,41,0,0,0,0
20669,0,0,0,0,0,0,0,0,0,42,141,0
20670,0,5,0,0,0,0,1117,55,9,0,0,0
20671,0,0,0,0,0,1,0,0,0,0,0,0
20672,0,0,0,0,0,0,0,0,0,0,0,0
20673,0,0,0,0,0,0,1,9,0,0,0,0
20674,0,0,1,0,0,0,0,0,0,92,0,0
20675,274,47,1,0,0,0,0,0,0,0,0,0
20676,0,262,2,0,0,0,5,0,0,0,0,0
20677,0,0,0,0,0,0,0,0,0,15,352,1
20678,0,0,0,0,0,0,0,0,0,8,6,0
20679,0,0,0,1,40,0,1323,5964,38,0,0,0
20680,0,0,0,0,0,0,4,2,1,0,0,0
20681,0,0,0,0,0,0,2,2,1,0,0,0
20682,0,0,0,4,0,370,0,0,0,0,2,0
20683,0,1,0,0,0,0,466,374,2,0,0,0
20684,0,0,0,3,0,75,0,0,0,0,1,0
20685,0,0,0,16,0,391,0,0,0,0,0,0
20686,0,0,0,0,1,0,309,22,1,0,0,0
20687,0,0,0,0,0,1,0,0,0,2,158,0
20688,0,0,0,2,10,324,0,0,0,0,0,0
20689,3,0,1,0,0,0,0,0,0,0,0,0
20690,0,0,0,0,0,0,0,0,0,0,0,0
20691,0,1,0,0,0,0,290,51,2,0,0,0
20692,0,0,0,0,0,2,0,0,0,14,426,0
20693,0,0,0,0,0,0,0,0,0,14,7,0
20694,0,0,0,9,0,303,0,0,0,0,0,0
20695,4,30,1,0,0,0,0,0,0,0,0,0
20696,1,134,14,0,0,0,2,0,0,0,0,0
20697,0,0,0,0,3,127,0,0,0,0,0,0
20698,0,0,0,0,0,1,0,0,0,27,666,0
20699,0,0,0,51,0,14,0,0,0,0,0,0
20700,0,0,0,0,4,85,0,0,0,0,5,0
20701,0,0,0,0,0,64,0,0,0,0,0,0
20702,0,3,0,0,0,0,0,0,0,0,0,0
20703,0,0,0,0,0,34,0,0,0,3,4715,0
20704,0,0,2,0,0,0,0,0,0,0,0,0
20705,0,6,0,0,0,0,0,0,0,0,0,0
20706,0,56,0,0,0,0,0,0,0,0,0,0
20707,7,77,35,0,0,0,0,0,0,2,0,0
20708,0,0,0,4,7,73,0,0,0,0,0,0
20709,0,3,0,0,5,0,152,1187,3,0,0,0
20710,0,0,0,0,0,0,0,0,0,21,3,0
20711,81,0,1,0,0,0,0,0,0,0,0,0
20712,1,219,0,0,0,0,0,0,0,0,0,0
20713,0,30,188,0,0,0,0,0,0,2,0,0
20714,0,0,0,0,0,0,31,79,2,0,0,0
20715,2,122,21,0,0,0,5,0,0,0,0,0
20716,10,32,61,0,0,0,0,0,0,0,0,0
20717,0,0,0,0,0,51,0,0,0,0,0,0
20718,0,0,0,0,47,0,70,6698,4,0,0,0
20719,0,0,0,0,0,4,0,0,0,10,2687,2
20720,0,0,0,0,1,2,0,0,0,0,0,0
20721,0,206,2,0,0,0,0,0,0,0,0,0
20722,0,0,0,1,4,66,0,1,0,0,0,0
20723,0,0,0,0,0,7,0,0,0,0,0,0
20724,63,2122,0,0,0,0,12,0,0,0,0,0
20725,0,0,0,0,0,0,16,46,2,0,0,0
20726,1,683,63,0,0,0,0,0,0,0,0,0
20727,4,55,15,0,0,0,0,0,0,0,0,0
20728,0,26,5,0,0,0,0,0,0,0,0,0
20729,7,50,7,0,0,0,0,0,0,0,0,0
20730,0,0,0,0,2,0,144,669,45,0,0,0
20731,0,0,0,4,1,0,0,0,0,0,0,0
20732,0,0,0,0,0,0,0,1,1,0,0,0
20733,0,0,0,0,1,234,0,0,0,0,0,0
20734,0,0,0,0,1,0,52,196,55,0,0,0
20735,0,110,15,0,0,0,0,0,0,0,0,0
20736,0,0,0,0,0,0,0,0,0,32,393,0
20737,0,0,0,0,0,0,0,0,0,106,52,0
20738,0,0,0,0,2,1,0,0,0,0,0,0
20739,0,0,0,14,17,174,0,0,0,0,0,0
20740,0,0,2,0,0,0,0,0,0,602,1,0
20741,78,95,17,0,0,0,0,0,0,0,0,0
20742,10,26,352,0,0,0,0,0,0,1,1,0
20743,1,0,16,0,0,0,0,0,0,0,0,0
20744,19,13,2,0,0,0,0,0,0,0,0,0
20745,0,0,0,0,7,97,0,0,0,0,0,0
20746,0,0,0,1,0,1,0,0,0,0,0,0
20747,0,1,0,0,0,0,0,0,0,0,0,0
20748,0,0,0,0,0,2521,0,0,0,0,2252,0
20749,0,0,0,0,0,0,39,20,0,0,0,0
20750,0,0,0,0,0,0,23,6,3,0,0,0
20751,0,0,0,64,2,27,0,0,0,0,0,0
20752,0,0,0,0,0,0,54,230,0,0,0,0
20753,12,1559,22,0,0,0,0,0,0,0,0,0
20754,0,0,0,10,12,604,0,0,0,0,0,0
20755,9,272,199,0,0,0,1,0,0,2,2,0
20756,0,1,0,0,1,0,122,867,2,0,0,0
20757,0,0,0,14,11,159,0,0,0,0,0,0
20758,0,0,0,0,1,0,26,250,2,0,0,0
20759,0,0,0,0,0,48,0,0,0,5,4202,0
20760,39,56,6,0,0,0,0,0,0,0,0,0
20761,0,34,39,0,0,0,0,0,0,0,0,0
20762,0,0,0,0,0,38,0,0,0,5,6404,10
20763,654,244,15,5,0,0,0,0,0,0,0,0
20764,0,0,0,0,11,85,0,0,0,0,0,0
20765,0,0,0,0,0,3,0,0,0,0,0,0
20766,6,267,1,0,0,0,0,0,0,0,0,0
20767,0,0,0,0,0,3,0,0,0,12,986,4
20768,0,0,0,0,0,0,0,0,0,10,46,0
20769,0,0,0,1,74,65,0,0,0,0,0,0
20770,2,7,2,0,0,0,0,0,0,0,0,0
20771,0,1233,6,0,0,0,8,0,0,0,0,0
20772,133,247,32,0,0,0,0,0,0,0,0,0
20773,0,0,0,0,1,0,93,110,0,0,0,0
20774,0,0,0,0,0,0,57,4,5,0,0,0
20775,0,0,1,0,0,11,0,0,0,14,571,0
20776,171,145,130,0,0,0,0,0,0,1,0,0
20777,0,0,0,2,0,189,0,0,0,0,0,0
20778,4,7,0,0,0,0,0,0,0,0,0,0
20779,1,4,23,0,0,0,0,0,0,4,0,0
20780,0,0,0,1,0,2,0,0,0,0,0,0
20781,0,0,0,0,0,0,10,44,3,0,0,0
20782,36,17,3,0,0,0,0,0,0,0,0,0
20783,0,0,0,2,1,10,0,0,0,0,0,0
20784,0,0,0,0,0,0,51,18,0,0,0,0
20785,1,3,0,0,0,0,0,0,0,0,0,0
20786,11,3,5,0,0,0,0,0,0,0,0,0
20787,0,0,0,0,0,241,0,0,0,0,1,0
20788,0,0,0,0,0,0,87,0,0,0,0,0
20789,0,0,0,0,0,3,0,0,0,0,0,0
20790,0,0,0,0,0,1,0,0,0,13,331,0
20791,0,0,0,0,0,0,9,23,1,0,0,0
20792,0,0,0,0,0,0,0,0,0,4,4,0
20793,88,29,14,0,0,0,0,0,0,0,0,0
20794,0,0,0,0,0,0,0,0,0,0,0,0
20795,0,0,1,0,0,0,0,0,0,0,0,0
20796,0,133,0,0,0,0,0,0,0,0,0,0
20797,0,0,0,6,0,0,0,0,0,0,0,0
20798,0,2,0,0,0,0,0,0,0,0,0,0
20799,0,0,0,0,0,924,0,0,0,0,18,0
20800,0,69,0,0,0,0,1,0,0,0,0,0
20801,0,0,0,0,0,0,0,0,0,2,742,0
20802,0,0,0,6,25,266,0,0,0,0,3,0
20803,0,0,0,0,0,0,0,0,0,0,4,0
20804,0,0,0,0,0,0,0,0,0,0,0,0
20805,0,29,0,0,0,0,0,0,0,0,0,0
20806,0,0,0,0,0,7,0,0,0,14,762,0
20807,0,0,0,0,0,2,0,0,0,0,0,0
20808,0,5,0,0,0,0,203,63,1,0,0,0
20809,0,0,0,0,0,1,0,0,0,0,0,0
20810,0,0,0,0,0,0,3,21,0,0,0,0
20811,0,0,0,0,0,120,0,0,0,0,0,0
20812,0,0,0,0,0,0,0,0,0,0,7,1
20813,1,0,0,0,0,0,0,0,0,0,0,0
20814,1,516,3,0,0,0,4,0,0,0,0,0
20815,0,0,0,0,0,22,0,0,0,0,0,0
20816,3,0,0,0,0,0,0,0,0,0,0,0
20817,0,0,0,0,0,63,0,0,0,0,0,0
20818,0,0,0,0,0,25,0,0,0,0,0,0
20819,0,0,0,1,0,1,0,0,0,0,0,0
20820,6,71,0,0,0,0,0,0,0,0,0,0
20821,1,9,2,0,0,0,0,0,0,0,0,0
20822,0,65,1,0,0,0,0,0,0,0,0,0
20823,0,0,0,0,0,10,0,0,0,15,4065,0
20824,0,67,0,0,0,0,0,0,0,0,0,0
20825,0,0,0,0,0,1,0,0,0,2,1529,7
20826,23,126,14,1,0,0,0,0,0,0,0,0
20827,0,0,0,1,10,96,0,0,0,0,0,0
20828,0,0,0,0,0,9,0,0,0,0,0,0
20829,0,40,0,0,0,0,0,0,0,0,0,0
20830,2,11,0,0,0,0,0,0,0,0,0,0
20831,0,0,0,0,0,1,0,0,0,8,88,0
20832,15,258,398,0,0,0,1,0,0,0,0,0
20833,0,0,0,1,13,77,0,0,0,0,1,0
20834,0,0,0,0,1,1,0,0,0,0,0,0
20835,0,144,0,0,0,0,0,0,0,0,0,0
20836,0,0,0,0,0,0,6,35,0,0,0,0
20837,0,0,0,0,0,0,0,0,0,0,8,1
20838,0,0,0,23,13,527,0,0,0,0,1,0
20839,1,1,0,0,0,0,276,1,0,0,0,0
20840,0,0,0,0,0,49,0,0,0,0,0,0
20841,2,97,0,0,0,0,0,0,0,0,0,0
20842,0,0,0,0,0,0,0,0,0,0,2,0
20843,0,0,0,0,0,0,0,0,0,1,0,0
20844,0,0,0,0,0,59,0,0,0,88,5698,1
20845,0,0,0,0,0,6,0,0,0,0,0,0
20846,12,74,2,0,0,0,1,0,0,0,0,0
20847,0,0,0,0,0,127,0,0,0,0,0,0
20848,1,7,2,0,0,0,0,0,0,0,0,0
20849,0,22,61,0,0,0,0,0,0,2,0,0
20850,0,0,0,1,0,230,0,0,0,0,0,0
20851,1,1,0,0,0,0,0,0,0,0,0,0
20852,0,0,0,0,3,7,0,0,0,0,0,0
20853,0,0,0,0,0,0,2,238,24,0,0,0
20854,0,2,28,0,0,0,0,0,0,0,0,0
20855,0,0,0,0,0,0,12,5,0,0,0,0
20856,1,46,0,0,0,0,0,0,0,0,0,0
20857,0,0,0,0,0,0,10,4,2,0,0,0
20858,0,0,0,0,0,16,0,0,0,0,0,0
20859,0,0,0,2,5,106,0,0,0,0,1,0
20860,10,656,3,0,0,0,20,0,0,0,0,0
20861,0,0,0,0,0,1,0,0,0,0,0,0
20862,6,31,1,0,0,0,1,0,0,0,0,0
20863,0,0,0,0,0,0,0,0,0,0,13,0
20864,1,1,0,0,0,0,0,0,0,0,0,0
20865,0,0,0,1,0,162,0,0,0,0,1,0
20866,0,0,0,0,0,17,0,0,0,0,0,0
20867,0,0,0,0,1,3,0,0,0,0,0,0
20868,0,0,0,10,1,29,0,0,0,0,0,0
20869,0,0,0,0,0,0,0,5,2,0,0,0
20870,0,0,0,0,0,0,0,0,0,0,0,0
20871,0,0,0,5,4,42,0,0,0,0,0,0
20872,0,0,0,0,0,0,1,2,0,0,0,0
20873,0,0,0,0,0,0,0,0,0,1,0,2
20874,0,0,0,168,8,174,0,0,0,0,1,0
20875,0,0,0,0,0,0,7,5,0,0,0,0
20876,0,0,0,0,0,0,4,10,10,0,0,0
20877,0,0,0,1,0,256,0,0,0,0,0,0
20878,0,0,0,1,0,4,0,0,0,0,0,0
20879,0,0,0,0,0,0,0,0,0,1,6,2
20880,29,0,0,367,15,133,0,0,0,0,1,0
20881,0,0,0,0,0,0,32,7,2,0,0,0
20882,3,37,8,0,0,0,0,0,0,0,0,0
20883,0,0,0,1,0,482,0,0,0,0,5,0
20884,0,0,3,0,0,0,0,0,0,0,0,0
20885,0,82,1,0,0,0,0,0,0,0,0,0
20886,0,344,3,0,0,0,1,0,0,0,0,0
20887,0,1,0,0,0,0,230,1,3,0,0,0
20888,0,0,0,0,0,0,59,2,0,0,0,0
20889,4,206,13,0,0,0,0,0,0,0,0,0
20890,0,0,0,0,0,0,137,6,5,0,0,0
20891,5,0,0,45,19,2,0,0,0,0,0,0
20892,0,0,0,35,6,54,0,0,0,0,0,0
20893,0,0,0,0,0,0,1,129,3,0,0,0
20894,0,0,0,0,0,0,0,0,0,0,2,0
20895,12,46,2,0,0,0,0,0,0,0,0,0
20896,0,0,0,0,0,0,1,0,0,2,5,11
20897,0,0,0,0,0,0,0,0,0,2,8,1
20898,77,158,16,1,0,0,0,0,0,0,0,0
20899,0,0,0,0,0,0,1,3,2,0,0,0
20900,0,0,0,0,0,0,2,2,1,0,0,0
20901,0,0,0,2,0,22,0,0,0,0,0,0
20902,3,2,0,0,0,0,0,0,0,0,0,0
20903,0,0,0,0,0,0,0,0,0,0,0,0
20904,34,122,27,0,0,0,0,0,0,0,0,0
20905,0,1,0,0,0,0,106,36,0,0,0,0
20906,0,0,0,0,0,0,0,0,0,5,0,0
20907,0,0,0,115,4,239,0,0,0,0,3,0
20908,0,0,0,0,0,0,7,2,1,0,0,0
20909,0,0,0,0,2,2,0,0,0,0,0,0
20910,0,0,0,2,8,70,0,0,0,0,0,0
20911,0,0,0,1,0,1205,0,0,0,0,14,0
20912,0,0,0,0,1,1,0,0,0,0,0,0
20913,1,33,0,0,0,0,0,0,0,0,0,0
20914,0,0,39,0,0,0,0,0,0,0,0,0
20915,0,0,0,0,0,0,196,1,0,0,0,0
20916,0,88,0,0,0,0,0,0,0,0,0,0
20917,0,0,0,0,0,0,0,0,0,1,1,3
20918,1,7,0,0,0,0,0,0,0,0,0,0
20919,0,0,0,0,0,0,292,89,0,0,0,0
20920,0,0,0,0,0,1,0,0,0,0,0,0
20921,0,0,0,0,0,0,2,0,0,0,0,0
20922,0,0,0,0,0,0,1,7,1,0,0,0
20923,0,0,0,0,2,38,0,0,0,0,0,0
20924,0,0,0,0,1,3,0,0,0,0,0,0
20925,0,0,0,0,0,0,151,51,2,0,0,0
20926,0,0,0,0,0,0,0,0,0,3,2,0
20927,0,0,0,0,0,0,0,0,0,5,0,0
20928,0,0,0,51,18,97,0,0,0,0,0,0
20929,15,47,3,0,0,0,0,0,0,0,0,0
20930,0,0,0,0,0,15,0,0,0,8,3801,1
20931,0,0,0,0,1,0,426,1493,3,0,0,0
20932,0,0,0,0,0,0,385,293,1,0,0,0
20933,0,0,0,0,0,0,80,4,1,0,0,0
20934,0,0,0,0,0,447,0,0,0,0,2,0
20935,4,1010,0,0,0,0,1,0,0,0,0,0
20936,0,0,0,0,0,1,0,0,0,0,598,0
20937,0,0,0,0,58,0,364,16021,1,0,0,0
20938,0,0,1,0,0,0,0,0,0,84,88,0
20939,0,0,0,22,3,9,0,0,0,0,0,0
20940,0,0,0,0,1,0,68,291,2,0,0,0
20941,0,0,0,0,0,0,0,0,0,16,192,0
20942,0,0,0,0,0,1,0,0,0,0,0,0
20943,0,0,0,15,7,185,0,0,0,0,0,0
20944,0,0,0,0,0,0,146,277,71,0,0,0
20945,0,0,0,1,1,29,0,0,0,0,0,0
20946,0,0,0,0,0,9,0,0,0,80,2180,3
20947,0,0,0,0,0,0,2,0,0,0,0,0
20948,0,0,0,0,0,0,0,0,0,0,0,0
20949,0,0,0,0,0,124,0,0,0,0,0,0
20950,0,0,0,52,4,1,0,0,0,0,0,0
20951,0,0,0,0,0,1,0,0,0,0,716,0
20952,56,242,27,3,1,0,1,0,0,1,0,0
20953,0,0,0,0,0,0,10,22,1,0,0,0
20954,0,1,0,0,0,0,0,0,0,0,0,0
20955,0,0,0,0,0,321,0,0,0,0,0,0
20956,0,0,0,0,0,0,0,0,0,90,745,2
20957,0,0,0,3,3,1,0,0,0,0,0,0
20958,0,0,0,14,0,25,0,0,0,0,0,0
20959,24,29,1,0,0,0,0,0,0,0,0,0
20960,2,28,19,0,0,0,0,0,0,2,0,0
20961,0,0,0,7,11,316,0,0,0,0,0,0
20962,0,36,0,0,0,0,2568,243,1,0,0,0
20963,0,131,30,0,0,0,4,0,0,0,0,0
20964,0,0,0,0,0,0,0,0,0,45,382,1
20965,0,0,0,0,3,9,0,0,0,0,0,0
20966,0,0,0,1,7,0,0,0,0,0,0,0
20967,0,0,0,0,1,117,0,0,0,0,0,0
20968,0,11,0,0,0,0,2533,7,4,0,0,0
20969,0,0,0,0,1,89,0,0,0,0,0,0
20970,0,0,0,0,0,0,0,0,1,36,360,27
20971,0,0,0,0,0,0,0,0,0,0,0,0
20972,0,0,0,0,0,0,0,0,0,0,2,0
20973,1,0,0,82,2,107,0,0,0,0,0,0
20974,0,0,0,0,0,0,402,2,1,0,0,0
20975,2,1,5,0,0,0,0,0,0,0,0,0
20976,0,0,0,3,2,202,0,0,0,0,3,0
20977,0,0,0,0,0,0,1,44,3,0,0,0
20978,0,0,0,0,0,0,0,0,0,1,2,0
20979,43,221,2,0,0,0,0,0,0,0,0,0
20980,0,1,0,0,0,0,312,49,0,0,0,0
20981,0,25,11,0,0,0,0,0,0,0,0,0
20982,0,0,0,0,13,694,0,0,0,0,2,0
20983,0,0,0,1,10,1,0,0,0,0,0,0
20984,0,0,0,0,0,0,0,0,0,0,19,1
20985,7,238,3,0,0,0,0,0,0,0,0,0
20986,0,2,0,0,0,0,0,0,0,0,0,0
20987,0,0,0,0,0,1,0,0,0,5,897,4
20988,0,0,0,2,23,39,0,0,0,0,0,0
20989,0,0,0,2,6,46,0,0,0,0,0,0
20990,0,0,0,1,0,0,0,0,0,0,0,0
20991,0,0,0,0,1,0,71,1545,85,0,0,0
20992,8,217,20,0,0,0,2,0,0,0,0,0
20993,0,0,0,0,2,50,0,0,0,0,0,0
20994,0,0,0,25,5,80,0,0,0,0,0,0
20995,0,0,0,0,5,0,97,1380,1,0,0,0
20996,0,0,0,0,0,0,4,115,3,0,0,0
20997,0,0,0,3,1,221,0,0,0,0,1,0
20998,0,1,0,0,0,0,55,6,10,0,0,0
20999,0,63,2,0,0,0,0,0,0,0,0,0
21000,0,0,0,0,9,84,0,0,0,0,0,0
21001,0,0,0,3,0,2,0,0,0,0,0,0
21002,0,0,0,0,0,0,3,21,1,0,0,0
21003,0,0,0,0,3,114,0,0,0,0,0,0
21004,0,1,0,0,20,0,83,1630,8,0,0,0
21005,0,0,0,1,0,3,0,0,0,3,1492,27
21006,25,211,7,0,0,0,0,0,0,0,0,0
21007,0,13,0,0,0,0,0,0,0,0,0,0
21008,0,0,0,0,0,1,0,0,10,23,1522,23
21009,0,0,0,3,8,51,0,0,0,0,0,0
21010,0,0,0,0,7,0,131,581,2,0,0,0
21011,0,0,0,1,0,7,0,0,0,0,0,0
21012,1,127,6,0,0,0,0,0,0,0,0,0
21013,0,0,0,0,0,0,0,0,0,18,64,0
21014,4,97,0,0,0,0,0,0,0,0,0,0
21015,0,0,0,14,1,411,0,0,0,0,0,0
21016,0,15,0,0,0,0,0,0,0,0,0,0
21017,0,0,0,0,0,17,0,0,0,4,1094,0
21018,7,134,3,0,0,0,1,0,0,0,0,0
21019,0,0,0,0,0,0,58,86,0,0,0,0
21020,0,0,0,0,0,0,0,0,0,67,71,0
21021,0,0,0,2,0,114,0,0,0,0,0,0
21022,16,84,1,0,0,0,0,0,0,0,0,0
21023,1,87,21,0,0,0,0,0,0,0,0,0
21024,0,0,0,6,0,351,0,0,0,0,1,0
21025,0,19,0,0,0,0,1,0,0,0,0,0
21026,1,92,2,0,0,0,0,0,0,0,0,0
21027,22,152,3,0,0,0,0,0,0,0,0,0
21028,0,0,0,1,0,3,0,0,0,0,0,0
21029,0,0,0,0,34,0,0,96,1,0,0,0
21030,0,0,0,0,0,0,0,12,0,0,0,0
21031,0,0,0,0,0,0,0,15,1,0,0,0
21032,0,0,0,0,0,0,0,0,0,0,0,0
21033,0,0,0,0,0,295,0,0,0,0,0,0
21034,0,0,0,0,0,11,0,0,0,69,3846,12
21035,0,0,0,0,0,2,0,0,0,0,0,0
21036,0,0,0,0,0,0,0,0,0,31,473,2
21037,16,310,4,1,0,0,0,0,0,0,0,0
21038,0,0,0,0,0,1,0,0,0,0,0,0
21039,0,0,0,1,5,52,0,0,0,0,1,0
21040,15,416,1,0,0,0,3,0,0,0,0,0
21041,0,0,0,0,1,1,0,0,0,0,0,0
21042,0,0,0,1,36,53,0,0,0,0,0,0
21043,58,52,0,1,0,0,0,0,0,0,0,0
21044,0,0,0,0,0,0,0,10,27,0,0,0
21045,0,0,0,0,0,630,0,0,0,0,2,0
21046,0,0,0,0,0,0,0,24,1,0,0,0
21047,0,0,0,0,0,0,0,0,0,0,0,0
21048,0,0,0,0,6,221,0,0,0,0,0,0
21049,12,0,1,0,0,0,0,0,0,0,0,0
21050,0,0,0,0,1,0,0,0,0,0,0,0
21051,0,0,0,0,0,0,23,25,1,0,0,0
21052,0,0,0,1,0,1,0,0,0,0,0,0
21053,0,1,0,0,0,0,0,0,0,0,0,0
21054,0,0,0,0,0,1,0,0,0,1,708,0
21055,0,13,0,0,0,0,1577,5,2,0,0,0
21056,0,3,1,0,0,0,0,0,0,0,0,0
21057,0,0,0,0,0,114,0,0,0,15,9854,0
21058,0,0,0,0,0,16,0,0,0,2,5867,1
21059,0,0,0,0,0,0,0,0,0,19,233,8
21060,0,0,0,6,1,33,0,0,0,0,0,0
21061,0,2,1,0,0,0,0,0,0,0,0,0
21062,0,103,2,0,0,0,0,0,0,0,0,0
21063,0,1,0,0,0,0,97,81,1,0,0,0
21064,0,5,2,0,0,0,0,0,0,0,0,0
21065,0,0,1,0,0,0,0,0,0,43,86,10
21066,0,0,0,46,20,48,0,0,0,0,0,0
21067,0,0,0,0,0,0,0,0,0,0,0,0
21068,0,1,3,0,0,0,0,0,0,0,0,0
21069,1,110,0,0,0,0,0,0,0,0,0,0
21070,0,20,17,0,0,0,0,0,0,0,0,0
21071,13,130,24,0,0,0,0,0,0,0,0,0
21072,0,0,0,10,1,67,0,0,0,0,0,0
21073,0,0,0,0,28,0,140,173,0,0,0,0
21074,0,0,0,0,3,68,0,0,0,0,1,0
21075,2,0,0,62,4,160,0,0,0,0,0,0
21076,6,61,1,0,0,0,0,0,0,0,0,0
21077,0,0,0,0,23,37,0,0,0,154,5496,29
21078,23,127,21,0,0,0,6,0,0,0,0,0
21079,1,12,43,0,0,0,0,0,0,13,0,0
21080,0,450,39,0,0,0,2,0,0,0,0,0
21081,20,109,17,0,0,0,0,0,0,0,0,0
21082,0,0,0,0,0,0,29,1,262,0,0,5
21083,44,8,27,0,0,0,0,0,0,1,0,0
21084,28,19,30,0,0,0,0,0,0,0,0,0
21085,0,0,209,0,0,0,0,0,0,7,0,0
21086,0,1,0,0,0,0,0,0,0,0,0,0
21087,0,0,0,1,1,1921,0,0,0,0,66,0
21088,0,0,0,0,3,0,31,693,0,0,0,0
21089,2,28,17,0,0,0,0,0,0,0,0,0
21090,0,0,0,0,0,1,0,0,0,40,201,1
21091,0,0,0,7,6,61,0,0,0,0,0,0
21092,0,0,0,0,0,0,0,0,0,2,0,1
21093,0,0,0,3,0,286,0,0,0,0,2,0
21094,0,0,0,0,0,0,0,0,0,0,0,0
21095,0,3,0,0,0,0,0,0,0,0,0,0
21096,0,415,0,0,0,0,1,0,0,0,0,0
21097,0,0,0,0,0,0,4,2,25,0,0,1
21098,8,30,31,0,0,0,0,0,0,1,0,0
21099,0,0,0,0,2,0,66,548,5,0,1,0
21100,0,2,0,0,0,0,82,27,0,0,0,0
21101,0,0,0,0,2,0,21,71,0,0,0,0
21102,0,0,0,0,1,28,0,0,0,0,0,0
21103,0,0,0,2,17,56,0,0,0,0,0,0
21104,0,0,0,0,0,0,0,0,0,0,0,0
21105,0,0,0,2,0,34,0,0,0,0,0,0
21106,0,0,0,0,0,2,0,0,0,0,0,0
21107,0,0,0,1,0,1,0,0,0,0,0,0
21108,0,0,0,0,0,2,0,0,0,1,1111,0
21109,2,96,11,0,0,0,0,0,0,0,0,0
21110,0,0,0,0,0,17,0,0,0,24,3677,1
21111,0,0,0,25,51,140,0,0,0,0,0,0
21112,0,0,0,0,0,22,0,0,0,0,0,0
21113,0,14,0,0,0,0,0,0,0,0,0,0
21114,0,0,0,0,0,0,0,0,0,0,350,0
21115,1,99,9,0,0,0,0,0,0,0,0,0
21116,0,0,0,1,0,27,0,0,0,0,0,0
21117,0,0,0,9,249,39,0,1,0,0,0,0
21118,0,0,0,18,8,43,0,0,0,0,0,0
21119,0,0,0,0,1,0,32,376,3,0,0,0
21120,0,0,0,0,1,92,0,0,0,0,0,0
21121,0,0,0,0,0,0,55,8,0,0,0,0
21122,0,0,0,0,0,0,9,35,2,0,0,0
21123,0,0,0,0,17,0,150,5806,32,0,0,0
21124,0,0,0,0,5,38,0,0,0,0,0,0
21125,1,0,0,9,1,3,0,0,0,0,0,0
21126,0,0,0,0,1,152,0,0,0,0,0,0
21127,5,590,5,0,0,0,2,0,0,0,0,0
21128,0,0,0,0,0,245,0,0,0,0,0,0
21129,0,21,4,0,0,0,0,0,0,0,0,0
21130,0,0,0,0,0,0,0,0,0,15,1,4
21131,2,44,1,0,0,0,0,0,0,0,0,0
21132,0,61,8,0,0,0,0,0,0,0,0,0
21133,0,0,0,0,0,0,0,0,0,96,0,3
21134,8,31,0,0,0,0,2,0,0,0,0,0
21135,0,95,4,0,0,0,0,0,0,0,0,0
21136,0,40,4,0,0,0,0,0,0,0,0,0
21137,0,46496,1,0,0,0,620,0,0,0,0,0
21138,0,4,0,0,0,0,190,9,0,0,0,0
21139,0,0,0,0,0,2,0,0,0,23,886,0
21140,0,0,0,0,0,0,0,0,0,0,0,0
21141,5,648,9,0,0,0,1,0,0,0,0,0
21142,0,0,0,0,0,0,114,290,1,0,0,0
21143,0,0,0,0,0,0,0,0,0,0,120,0
21144,0,0,0,9,36,174,0,0,0,0,0,0
21145,0,0,0,0,1,12,0,0,0,40,1466,6
21146,0,0,0,23,45,43,0,0,0,0,0,0
21147,1,0,0,193,16,126,0,0,0,0,0,0
21148,0,0,0,0,0,0,0,0,0,0,0,0
21149,0,0,0,0,0,0,0,0,0,0,0,0
21150,27,170,31,0,0,0,4,0,0,1,0,0
21151,0,0,0,0,0,0,0,0,0,0,0,0
21152,0,0,0,0,0,0,0,2,1,0,0,0
21153,0,0,0,0,0,149,0,0,0,0,1,0
21154,0,0,0,6,106,1,0,10,0,0,0,0
21155,0,0,0,0,0,0,0,0,0,0,0,0
21156,0,0,13,0,0,142,0,0,0,93,1098,0
21157,0,29,0,0,0,0,847,48,1,0,0,0
21158,0,0,0,0,6,303,0,0,0,0,7,0
21159,0,55,0,0,10,0,731,257,0,0,0,0
21160,0,0,0,0,0,0,40,66,0,0,0,0
21161,0,0,0,0,0,88,0,0,0,1,1643,1
21162,0,0,0,2,2,151,0,0,0,0,2,0
21163,65,299,120,0,0,0,4,0,0,2,0,0
21164,0,0,0,0,1,41,0,0,0,0,0,0
21165,0,55,0,0,0,0,0,0,0,0,0,0
21166,5,3,1,4,0,0,0,0,0,0,0,0
21167,0,4,0,0,0,0,0,0,0,0,0,0
21168,0,0,0,0,0,0,69,3,1,0,0,0
21169,1,135,4,0,0,0,0,0,0,0,0,0
21170,0,0,0,12,1,28,0,0,0,0,0,0
21171,4,58,2,0,0,0,0,0,0,0,0,0
21172,0,0,0,0,0,0,0,0,0,0,0,0
21173,0,0,0,0,0,0,0,0,0,0,2,0
21174,5,94,2,0,0,0,0,0,0,0,0,0
21175,0,0,0,0,0,0,0,1,1,0,0,0
21176,0,1,3,0,0,0,0,0,0,0,0,0
21177,2,46,0,0,0,0,0,0,0,0,0,0
21178,0,0,0,0,0,10,0,0,0,11,938,1
21179,1,221,0,0,0,0,2,0,0,0,0,0
21180,0,0,0,1,20,127,0,0,0,0,0,0
21181,0,0,0,1,0,2,0,0,0,0,0,0
21182,0,0,0,0,0,0,0,0,0,2,0,0
21183,0,0,0,1,52,164,0,0,0,0,1,0
21184,0,0,0,0,0,3,0,0,0,0,0,0
21185,0,0,0,0,0,0,0,2,2,0,0,0
21186,0,0,0,0,0,0,1,1,2,0,0,0
21187,0,0,5,0,0,0,0,0,0,0,0,0
21188,0,247,5,0,0,0,0,0,0,0,0,0
21189,0,0,0,0,1,273,0,0,0,0,3,0
21190,0,0,0,0,2,0,47,76,0,0,0,0
21191,0,0,0,0,0,9,0,0,0,17,807,2
21192,0,0,0,10,75,213,0,0,0,0,2,0
21193,0,0,0,0,2,0,94,892,4,0,0,0
21194,4,6921,42,0,0,0,46,1,1,0,0,0
21195,0,0,0,0,19,220,0,0,0,0,5,0
21196,0,0,0,0,0,0,0,0,0,77,0,6
21197,0,0,0,0,0,2,0,0,0,0,0,0
21198,0,0,0,1,0,57,0,0,0,0,0,0
21199,0,0,0,0,0,0,0,0,0,0,0,0
21200,1,0,0,0,0,0,0,0,0,0,0,0
21201,0,0,0,0,0,140,0,0,0,0,0,0
21202,0,53,0,0,0,0,2,0,0,0,0,0
21203,5,831,5,0,0,0,9,0,0,0,0,0
21204,0,1,0,0,33,0,220,2023,11,0,0,0
21205,0,0,2,0,0,0,0,0,0,765,268,2
21206,0,0,0,9,20,3,0,0,0,0,0,0
21207,0,0,0,0,0,3,0,0,0,8,673,0
21208,10,8,12,0,0,0,0,0,0,0,0,0
21209,0,0,0,0,0,0,0,0,0,0,0,0
21210,0,0,0,0,5,0,66,141,1,0,0,0
21211,0,0,0,0,0,0,0,2,0,0,0,0
21212,0,0,0,0,0,0,0,0,0,0,0,0
21213,3,57,28,0,0,0,1,0,0,1,0,0
21214,0,0,2,0,0,4,0,0,1,27,608,15
21215,2,236,2,0,0,0,1,0,0,0,0,0
21216,0,0,0,0,0,4,0,0,0,289,677,1
21217,0,0,0,0,0,0,0,0,0,0,0,0
21218,0,0,0,9,6,1,0,0,0,0,0,0
21219,0,0,0,0,0,3,0,0,0,0,1092,0
21220,0,1,0,0,29,0,202,3062,0,0,0,0
21221,0,0,0,0,1,0,0,0,0,5,282,2
21222,1595,330,14,51,0,0,1,0,0,0,0,0
21223,0,0,0,4,1,13,0,0,0,0,0,0
21224,0,0,0,0,0,0,0,3,2,0,0,0
21225,0,0,0,0,0,0,0,62,5,0,0,0
21226,0,0,0,0,0,1,0,0,0,0,0,0
21227,0,0,0,0,0,0,1,1,0,0,0,0
21228,0,0,0,0,0,0,0,5,1,0,0,0
21229,1,8,0,0,0,0,0,0,0,0,0,0
21230,0,0,0,0,0,0,0,0,0,0,3,1
21231,17,257,16,0,0,0,7,0,0,0,0,0
21232,0,0,0,0,0,0,145,149,1,0,0,0
21233,0,0,0,0,0,0,0,0,0,1,544,0
21234,0,0,2,0,0,56,0,0,0,135,5161,4
21235,0,0,0,0,1,51,0,0,0,0,0,0
21236,0,0,0,4,0,2,0,0,0,0,0,0
21237,0,0,0,3,9,34,0,0,0,0,0,0
21238,0,7,0,0,0,0,348,5,0,0,0,0
21239,0,0,0,0,0,19,0,0,0,0,0,0
21240,0,0,0,2,0,193,0,0,0,0,4,0
21241,1,38,0,0,0,0,0,0,0,0,0,0
21242,0,0,0,0,0,0,0,0,0,4,345,2
21243,0,0,0,5,3,74,0,0,0,0,0,0
21244,1,3,0,0,0,0,0,0,0,0,0,0
21245,0,70,20,0,0,0,0,0,0,0,0,0
21246,0,0,0,2,0,76,0,0,0,0,0,0
21247,0,0,0,0,0,0,5,5,2,0,0,0
21248,0,0,0,0,1,216,0,0,0,0,1,0
21249,0,0,0,0,0,0,40,307,15,0,0,0
21250,0,1,5,0,0,0,0,0,0,0,0,0
21251,0,1,2,0,0,0,0,0,0,0,0,0
21252,0,0,0,0,0,110,0,0,0,0,0,0
21253,0,0,0,0,0,0,16,10,0,0,0,0
21254,0,0,0,0,0,7,0,0,0,0,92,0
21255,0,2,0,0,17,2,732,4471,50919,1,9,197
21256,0,0,0,3,0,0,0,0,0,0,0,0
21257,0,0,0,0,0,0,0,0,0,0,4,0
21258,7,291,117,0,0,0,0,0,0,0,0,0
21259,0,0,0,0,0,0,0,0,0,0,0,0
21260,0,0,0,0,0,0,0,0,0,0,8,0
21261,7,2247,75,0,0,0,28,0,0,0,0,0
21262,0,0,0,0,5,3,0,0,0,0,0,0
21263,0,0,0,0,0,0,0,0,0,0,2,0
21264,0,0,0,19,90,162,0,2,0,0,0,0
21265,0,0,0,0,0,0,0,1,0,0,0,0
21266,1,2,0,0,0,0,0,0,0,0,0,0
21267,0,78,0,0,0,0,0,0,0,0,0,0
21268,0,0,0,0,1,0,16,143,0,0,0,0
21269,0,0,0,0,0,0,0,0,0,2,0,0
21270,26,254,48,0,0,0,3,0,0,0,0,0
21271,0,0,0,1,1,0,0,0,0,0,0,0
21272,0,0,0,4,0,1,0,0,0,0,0,0
21273,0,0,0,0,0,47,0,0,0,0,0,0
21274,0,0,0,1,0,17,0,0,0,0,0,0
21275,0,0,0,0,0,0,0,0,0,0,0,0
21276,0,41,0,0,0,0,0,0,0,0,0,0
21277,0,65,6,0,0,0,1,0,0,0,0,0
21278,0,0,0,0,0,27,0,0,0,0,0,0
21279,0,0,0,178,4,55,0,0,0,0,0,0
21280,0,0,0,0,0,0,0,0,0,0,0,0
21281,0,0,0,0,0,0,0,1,130,0,0,1
21282,1,448,31,0,0,0,0,0,0,0,0,0
21283,0,0,0,10,0,4,0,0,0,0,0,0
21284,0,0,0,0,0,0,1,2,1,0,0,0
21285,0,0,0,0,0,28,0,0,0,0,0,0
21286,1,2,0,0,0,0,0,0,0,0,0,0
21287,0,38,1,0,0,0,0,0,0,0,0,0
21288,0,0,0,3,0,40,0,0,0,0,0,0
21289,0,0,0,5,0,80,0,0,0,0,0,0
21290,0,16,0,0,0,0,0,0,0,0,0,0
21291,0,0,0,0,0,543,0,0,0,0,4,0
21292,0,0,1,0,0,1,0,0,0,56,334,0
21293,0,0,0,13,8,0,0,0,0,0,0,0
21294,1,0,0,566,11,36,0,0,0,0,0,0
21295,0,18,0,0,1,0,944,200,2,0,0,0
21296,0,1,0,0,0,0,711,21,0,0,0,0
21297,0,0,0,0,0,1,0,0,0,72,171,1
21298,0,14,16,0,0,0,0,0,0,0,0,0
21299,1,76,15,0,0,0,1,0,0,0,0,0
21300,1,89,3,0,0,0,1,0,0,0,0,0
21301,0,0,9,0,0,3,0,0,0,1478,688,2
21302,0,0,0,0,0,42,0,0,0,217,7125,0
21303,1,109,7,0,0,0,0,0,0,0,0,0
21304,3,0,30,1050,0,1438,0,0,0,15583,59107,22
21305,0,32,0,0,0,0,15376,246,1,0,0,0
21306,0,0,0,0,0,117,0,0,0,31,11247,3
21307,0,0,0,0,0,0,77,1,22,0,0,0
21308,32,45,60,0,0,0,0,0,0,1,0,0
21309,1,92,5,0,0,0,1,0,0,0,0,0
21310,0,0,0,0,0,0,0,0,0,176,4,14
21311,7,78,9,0,0,0,1,0,0,0,0,0
21312,14,82,17,0,0,0,1,0,0,0,0,0
21313,10,102,27,0,0,0,0,0,0,0,0,0
21314,0,0,0,2,0,0,0,0,0,0,0,0
21315,34,46,2,1,0,0,0,0,0,0,0,0
21316,0,0,0,0,0,0,169,71,5,0,0,0
21317,1,9,11,0,0,0,0,0,0,0,0,0
21318,0,0,0,6,35,171,0,0,0,0,1,0
21319,0,0,0,0,0,0,1,1,0,0,0,0
21320,0,0,0,0,0,0,0,0,2,0,0,0
21321,0,0,0,1,1,122,0,0,0,0,1,0
21322,0,0,0,4,1,52,0,0,0,0,0,0
21323,4,474,0,0,0,0,1,0,0,0,0,0
21324,0,0,0,0,0,124,0,0,0,0,2,0
21325,0,0,0,0,0,0,68,14,1,0,0,0
21326,0,0,0,0,11,101,0,0,0,0,0,0
21327,0,0,0,0,0,1,0,0,0,5,140,0
21328,1,5,0,0,0,0,0,0,0,0,0,0
21329,0,0,0,1,1,6,0,0,0,0,0,0
21330,0,0,0,0,0,0,0,13,0,0,0,0
21331,0,0,0,0,0,0,0,0,0,0,4,0
21332,0,1,0,0,0,0,0,0,0,0,0,0
21333,0,0,0,1,1,133,0,0,0,0,0,0
21334,0,0,0,0,4,0,0,687,4,0,0,0
21335,0,0,0,0,0,0,0,0,0,4,8,1
21336,19,55,673,0,0,0,0,0,0,5,0,0
21337,0,0,0,0,0,0,0,0,0,0,0,0
21338,0,4,0,0,0,0,0,0,0,0,0,0
21339,0,0,0,0,10,52,0,0,0,0,0,0
21340,0,0,0,0,0,2,0,0,0,0,0,0
21341,1,0,0,0,0,0,0,0,0,0,0,0
21342,0,0,0,0,0,8,0,0,0,0,3134,0
21343,5,117,23,0,0,0,0,0,0,0,1,0
21344,0,0,0,0,0,18,0,0,0,0,0,0
21345,30,20,11,0,0,0,0,0,0,0,0,0
21346,0,0,0,0,1,29,0,0,0,0,0,0
21347,0,0,0,7,1,0,0,0,0,0,0,0
21348,0,0,0,0,2,32,0,0,0,0,0,0
21349,0,0,0,0,3,0,0,0,0,0,0,0
21350,0,0,0,0,0,0,0,1,0,0,0,0
21351,0,0,0,0,0,0,1,1,0,0,0,0
21352,0,3,48,0,0,0,0,0,0,1,0,0
21353,0,0,0,0,0,0,1,2,0,0,0,0
21354,0,4,0,0,0,0,448,1,0,0,0,0
21355,0,0,0,0,0,0,0,0,0,0,0,0
21356,30,124,65,0,0,0,1,0,0,0,0,0
21357,0,0,0,0,6,978,0,0,0,0,12,0
21358,0,110,0,0,0,0,1,0,0,0,0,0
21359,0,0,0,0,0,2,0,0,0,2,257,0
21360,9,33,0,0,0,0,0,0,0,0,0,0
21361,3,22,3,0,0,0,1,0,0,0,0,0
21362,6,111,28,0,0,0,0,0,0,0,0,0
21363,0,0,0,1,7,581,0,0,0,0,3,0
21364,0,0,0,0,0,46,0,0,0,34,5408,17
21365,0,0,0,0,0,7,0,0,0,115,1677,1
21366,64,680,30,0,0,0,7,0,0,0,0,0
21367,81,145,28,0,0,0,0,0,0,2,0,0
21368,0,0,0,10,17,113,0,0,0,0,2,0
21369,14,0,0,433,11,809,0,0,0,0,20,0
21370,0,0,0,0,0,1,0,0,13,5,82,845
21371,15,155,25,1,0,0,0,0,0,0,0,0
21372,0,0,0,0,927,0,185,33823,11,0,0,0
21373,0,0,0,2,6,34,0,0,0,0,1,0
21374,0,0,0,0,39,5,0,0,0,0,0,0
21375,0,7,0,0,0,0,369,35,0,0,0,0
21376,0,0,0,1,75,1,0,1,0,0,0,0
21377,0,0,0,0,0,0,0,0,0,16,8,0
21378,0,0,0,8,23,130,0,0,0,0,1,0
21379,1,0,0,25,9,52,0,0,0,0,0,0
21380,0,0,0,0,0,3,0,0,0,2,442,0
21381,0,0,1,0,0,3,0,0,0,143,362,0
21382,0,0,0,0,0,46,0,0,0,0,37,0
21383,0,9,0,0,0,0,0,0,0,0,0,0
21384,0,0,0,0,0,144,0,0,0,0,0,0
21385,0,0,0,0,1,1,0,0,0,0,0,0
21386,0,0,0,0,0,0,0,0,0,1,9,0
21387,0,0,0,2,29,70,0,0,0,0,0,0
21388,0,0,0,3,2,26,0,0,0,0,0,0
21389,0,0,0,0,0,2,0,0,0,0,0,0
21390,1,1371,6,0,0,0,8,3,0,0,0,0
21391,0,0,0,1,2,8,0,0,0,0,0,0
21392,0,0,0,1,2,3,0,0,0,0,0,0
21393,0,0,0,1,0,56,0,0,0,0,0,0
21394,0,0,0,0,0,0,2,15,2,0,0,0
21395,0,8,0,0,0,0,0,0,0,0,0,0
21396,0,0,0,0,0,21,0,0,0,3,309,0
21397,2,76,11,0,0,0,0,0,0,0,0,0
21398,0,0,0,0,0,15,0,0,0,0,0,0
21399,0,0,0,0,2,0,26,253,2,0,0,0
21400,15,64,6,0,0,0,0,0,0,0,0,0
21401,0,0,0,0,0,0,23,386,1,0,0,0
21402,0,0,0,0,1,81,0,0,0,0,0,0
21403,1,10,2,0,0,0,0,0,0,0,0,0
21404,3,70,5,0,0,0,0,0,0,0,0,0
21405,372,4449,11,1,0,0,61,0,0,0,0,0
21406,0,0,0,1,0,34,0,0,0,0,1,0
21407,0,0,0,1,0,2,0,0,0,0,0,0
21408,0,0,0,2,1,698,0,0,0,0,8,0
21409,0,0,0,0,0,1,0,0,0,27,290,1
21410,0,0,0,0,0,0,0,0,0,10,183,0
21411,0,0,0,0,0,7,0,0,0,25,764,0
21412,0,0,0,0,0,0,0,0,0,211,2,1
21413,0,0,0,0,0,3,0,0,0,0,0,0
21414,0,0,0,6,1,29,0,0,0,0,0,0
21415,1,1,0,0,0,0,0,0,0,0,0,0
21416,0,70,0,0,0,0,1,0,0,0,0,0
21417,2,93,3,0,0,0,0,0,0,0,0,0
21418,0,0,0,0,0,267,0,0,0,0,8,0
21419,0,0,0,0,0,3,0,0,0,0,0,0
21420,1,19,1,0,0,0,0,0,0,0,0,0
21421,1,5,9,0,0,0,0,0,0,0,0,0
21422,0,1,0,0,0,0,145,17,5,0,0,0
21423,0,0,0,0,0,0,193,97,0,0,0,0
21424,0,0,0,0,0,0,19,1,0,0,0,0
21425,0,0,0,0,0,0,0,0,0,0,0,0
21426,0,0,0,0,1,80,0,0,0,0,0,0
21427,8,139,0,0,0,0,0,0,0,0,0,0
21428,0,0,0,0,0,0,0,0,0,1,33,18
21429,2,0,0,724,1,62,0,0,0,0,1,0
21430,0,0,0,0,0,0,6,26,0,0,0,0
21431,0,0,0,0,0,5,0,0,0,1,777,8
21432,0,0,0,5,5,119,0,0,0,0,0,0
21433,0,11,0,0,0,0,587,6,10,0,0,0
21434,0,0,0,0,1,9,0,0,0,0,0,0
21435,0,0,0,1,0,87,0,0,0,0,1,0
21436,2,66,0,0,0,0,0,0,0,0,0,0
21437,0,0,0,0,0,1,0,0,0,0,0,0
21438,0,0,0,0,0,0,22,65,0,0,0,0
21439,0,0,0,0,17,19,0,3,0,0,0,0
21440,0,0,0,0,0,7,0,0,0,23,1253,0
21441,0,0,0,6,251,82,0,0,0,0,0,0
21442,0,0,0,0,4,51,0,0,0,0,0,0
21443,0,0,0,8,0,9,0,0,0,0,0,0
21444,34,140,1,0,0,0,11,0,0,0,0,0
21445,0,1,0,0,0,0,0,0,0,0,0,0
21446,0,25,233,0,0,0,0,0,0,2,0,0
21447,10,69,7,0,0,0,2,0,0,0,0,0
21448,0,1,0,0,0,0,88,0,2,0,0,0
21449,3,292,31,0,0,0,8,0,0,0,0,0
21450,9,75,135,0,0,0,0,0,0,0,0,0
21451,0,0,0,0,0,0,237,205,1,0,0,0
21452,0,0,0,0,3,0,68,463,6,0,0,0
21453,0,0,0,1,16,33,0,1,0,0,0,0
21454,0,0,0,0,0,0,0,0,0,14,2,1
21455,16,24,13,0,0,0,0,0,0,0,0,0
21456,4,17,14,0,0,0,0,0,0,0,0,0
21457,56,138,24,4,0,0,0,0,0,0,0,0
21458,0,0,0,0,43,126,0,0,0,0,0,0
21459,0,0,0,0,0,1,0,0,0,6,291,10
21460,0,7,1,0,0,0,0,0,0,0,0,0
21461,0,33,15,0,0,0,1,0,0,0,0,0
21462,1,0,0,261,4,309,0,0,0,0,3,0
21463,0,0,0,0,0,0,22,8,2,0,0,0
21464,3,124,21,0,0,0,2,0,0,0,0,0
21465,0,0,0,0,2177,262,0,22,0,0,0,0
21466,46,144,1,0,0,0,0,0,0,0,0,0
21467,0,0,0,1,1,88,0,0,0,0,1,0
21468,0,0,0,0,19,0,78,3547,2,0,0,0
21469,2,73,3,0,0,0,0,0,0,0,0,0
21470,0,0,0,1,2,17,0,0,0,0,0,0
21471,0,0,0,3,2,316,0,0,0,0,2,0
21472,0,0,0,7,0,14,0,0,0,0,0,0
21473,0,0,0,0,0,44,0,0,0,0,0,0
21474,3,241,12,0,0,0,0,0,0,0,0,0
21475,0,0,0,0,26,17,0,0,0,0,0,0
21476,0,0,0,0,0,0,0,0,0,12,27,2
21477,1,0,0,17,16,132,0,0,0,0,0,0
21478,0,0,0,0,0,0,0,0,0,46,13,3
21479,0,0,0,0,0,2,0,0,0,0,0,0
21480,0,0,0,5,7,55,0,0,0,0,0,0
21481,0,0,0,0,0,0,0,0,0,9,18,0
21482,0,0,0,0,0,5,0,0,0,0,0,0
21483,0,0,0,1,0,30,0,0,0,0,0,0
21484,11,60,1,0,0,0,0,0,0,0,0,0
21485,0,0,0,0,1,0,60,1257,2,0,0,0
21486,0,0,0,0,1,113,0,0,0,0,0,0
21487,0,4,9,0,0,0,0,0,0,0,0,0
21488,3,52,20,0,0,0,0,0,0,0,0,0
21489,24,581,65,0,0,0,21,0,0,0,0,0
21490,0,0,0,0,0,0,2,2,0,0,0,0
21491,0,0,0,0,0,0,0,7,1,0,0,0
21492,0,0,0,0,0,54,0,0,0,0,0,0
21493,0,38,3,0,0,0,0,0,0,0,0,0
21494,0,0,0,0,0,0,65,20,2,0,0,0
21495,0,105,4,0,0,0,0,0,0,0,0,0
21496,0,0,0,0,0,0,0,0,0,17,10,0
21497,0,0,0,0,0,2,0,0,0,0,0,0
21498,0,0,0,1,50,63,0,1,0,0,0,0
21499,8,295,1,0,0,0,1,0,0,0,0,0
21500,0,0,0,1,0,83,0,0,0,0,0,0
21501,2,11,1,0,0,0,0,0,0,0,0,0
21502,0,27,42,0,0,0,0,0,0,0,0,0
21503,0,0,0,0,1,0,0,0,0,0,0,0
21504,0,0,0,14,0,24,0,0,0,0,0,0
21505,0,1,2,0,0,0,0,0,0,0,0,0
21506,0,0,0,0,0,0,1,3,0,0,0,0
21507,0,88,0,0,0,0,0,0,0,0,0,0
21508,0,95,0,0,0,0,943,0,0,0,0,0
21509,0,356,33,0,0,0,4,0,0,0,0,0
21510,5,20,3,0,0,0,0,0,0,0,0,0
21511,0,20,3,0,0,0,0,0,0,0,0,0
21512,0,126,149,0,0,0,1,0,0,4,0,0
21513,0,0,0,0,0,6,0,0,0,1,513,0
21514,4,13,1,0,0,0,0,0,0,0,0,0
21515,0,23,5,0,0,0,0,0,0,1,0,0
21516,0,0,0,0,0,88,0,0,0,1,1883,0
21517,1,12,108,0,0,0,0,0,0,1,0,0
21518,0,0,0,0,40,0,183,935,15,0,0,0
21519,28,83,28,0,0,0,0,0,0,0,0,0
21520,0,6,0,0,3,0,60,1089,130,0,0,1
21521,0,0,0,0,1,15,0,0,0,0,0,0
21522,0,0,0,3,1,26,0,0,0,0,0,0
21523,0,1,0,0,2,0,186,382,0,0,0,0
21524,0,0,0,0,1,126,0,0,0,0,1,0
21525,0,0,0,1,109,66,0,0,0,0,0,0
21526,2,398,34,0,0,0,0,0,0,5,0,0
21527,0,0,0,0,10,91,0,0,0,0,0,0
21528,0,0,0,0,1,121,0,0,0,0,2,0
21529,0,0,0,4,9,26,0,0,0,0,0,0
21530,0,0,0,0,0,0,0,0,12,9,24,1809
21531,0,0,0,0,1,47,0,0,0,0,0,0
21532,108,228,1,1,0,0,2,0,0,0,0,0
21533,0,0,0,0,0,0,1,1,1,0,0,0
21534,11,0,0,1750,0,63,0,0,0,0,0,0
21535,0,1,0,0,12,0,103,1761,4,0,0,0
21536,5,102,1796,0,0,0,1,0,0,12,0,0
21537,1,0,0,105,0,116,0,0,0,0,16,0
21538,0,2,0,0,15,0,564,1644,52,0,0,0
21539,0,0,0,6,2,125,0,0,0,0,1,0
21540,0,0,0,7,10,48,0,0,0,0,0,0
21541,0,0,0,0,0,0,0,0,1,12,44,105
21542,0,0,0,1,0,1,0,0,0,0,0,0
21543,0,0,0,23,2,25,0,0,0,0,0,0
21544,0,0,0,0,0,0,66,32,114,0,0,1
21545,0,0,0,0,0,16,0,0,0,0,0,0
21546,1,0,0,64,58,42,0,0,0,0,0,0
21547,1,4,1,0,0,0,0,0,0,0,0,0
21548,3,20,5,0,0,0,0,0,0,0,0,0
21549,0,0,0,0,0,3,0,0,0,0,1000,0
21550,0,0,0,0,0,0,0,0,0,0,0,0
21551,0,0,0,0,0,0,0,0,0,0,0,0
21552,0,0,0,0,0,6,0,0,0,85,828,0
21553,0,0,0,0,0,3,0,0,0,0,0,0
21554,0,14,1,0,0,0,1,0,0,0,0,0
21555,0,67,0,0,0,0,0,0,0,0,0,0
21556,2,266,2,0,0,0,15,0,0,0,0,0
21557,0,0,0,0,0,0,0,0,0,4,104,0
21558,0,0,0,0,0,0,0,4,0,0,0,0
21559,0,0,0,0,0,0,0,0,0,0,0,0
21560,1,1,0,0,0,0,0,0,0,0,0,0
21561,0,0,0,0,0,0,0,0,0,2,20,0
21562,38,74,20,0,0,0,1,0,0,0,0,0
21563,0,1,0,0,0,0,0,0,0,0,0,0
21564,0,0,0,0,0,1,0,0,0,0,0,0
21565,0,0,0,0,0,0,2,1,2,0,0,0
21566,0,0,0,0,6,39,0,0,0,0,0,0
21567,0,0,0,2,2,142,0,0,0,0,2,0
21568,2,0,0,247,13,0,0,0,0,0,0,0
21569,0,1,0,0,0,0,220,65,0,0,0,0
21570,0,0,0,0,671,52,0,10,0,0,0,0
21571,0,0,0,17,73,30,0,2,0,0,0,0
21572,0,0,0,31,3,17,0,0,0,0,0,0
21573,0,0,0,8,5,7,0,0,0,0,0,0
21574,0,0,0,5,4,55,0,0,0,0,0,0
21575,0,0,0,0,0,0,0,0,0,0,0,0
21576,0,0,0,0,3,6,0,0,0,0,0,0
21577,0,0,0,11,12,82,0,0,0,0,0,0
21578,0,0,0,0,7,7,269,2723,101,0,0,0
21579,0,0,0,0,4,507,0,0,0,0,1,0
21580,0,0,0,18,6,123,0,0,0,0,1,0
21581,0,0,0,35,1,37,0,0,0,0,0,0
21582,0,0,0,0,0,9,0,0,0,0,0,0
21583,25,293,11,0,0,0,0,0,0,0,0,0
21584,0,0,0,10,141,67,0,2,0,0,0,0
21585,0,0,0,0,12,6,0,0,0,0,0,0
21586,0,0,0,0,1,0,78,792,100,0,0,0
21587,0,0,0,0,0,0,0,0,0,64,545,0
21588,0,0,0,0,0,83,0,0,0,22,933,14
21589,4,210,27,0,0,0,2,0,0,0,0,0
21590,0,0,0,0,0,3,0,0,0,50,901,47
21591,0,0,0,6,0,2,0,0,0,0,0,0
21592,14,183,3,0,0,0,0,0,0,0,0,0
21593,0,1,0,0,0,0,313,119,17,0,0,0
21594,0,0,0,0,2,40,0,0,0,0,0,0
21595,0,0,0,0,0,17,0,0,0,83,6131,82
21596,0,0,0,1,13,53,0,0,0,0,1,0
21597,0,0,1,0,0,105,0,0,0,66,5092,128
21598,0,0,0,3,5,111,0,0,0,0,0,0
21599,43,87,0,0,0,0,0,0,0,0,0,0
21600,0,0,0,0,246,0,84,29027,2378,0,0,2
21601,0,0,0,1,1,81,0,0,0,0,0,0
21602,0,0,0,0,0,0,0,0,0,11,1,6
21603,104,322,1,0,0,0,4,0,0,0,0,0
21604,0,0,0,0,288,0,50,2261,183,0,0,2
21605,0,0,0,0,10,20,0,0,0,0,0,0
21606,0,0,0,0,0,0,22,312,13,0,0,0
21607,0,0,0,1,0,89,0,0,0,0,0,0
21608,0,0,0,0,5,0,164,2402,98,0,0,0
21609,0,0,0,0,7,146,0,0,0,0,1,0
21610,0,0,0,16,23,180,0,0,0,0,1,0
21611,14,48,1,0,0,0,0,0,0,0,0,0
21612,5,110,5,0,0,0,0,0,0,0,0,0
21613,0,0,0,86,75,161,0,0,0,0,0,0
21614,0,0,0,0,0,446,0,0,0,94,57953,59
21615,0,0,0,21,1775,163,0,16,1,0,0,0
21616,0,0,0,19,5,138,0,0,0,0,0,0
21617,13,145,7,0,0,0,0,0,0,0,0,0
21618,0,0,0,0,1,37,114,556,13097,112,1038,1450268
21619,41,46,42,0,0,0,0,0,0,0,0,0
21620,5,167,87,0,0,0,0,0,0,0,0,0
21621,0,1,248,0,0,76,0,0,0,19474,3902,10
21622,0,0,1,0,0,161,0,0,0,603,15591,60
21623,16,161,49,0,0,0,0,0,0,0,0,0
21624,0,1,0,0,8,0,416,2028,2065,0,568,7
21625,50,699,76,0,0,0,4,1,0,0,0,0
21626,27,49,22,0,0,0,0,0,0,0,0,0
21627,0,0,0,0,0,12,0,0,0,138,4794,3
21628,1,0,0,31,37,212,0,0,0,0,0,0
21629,0,0,0,0,0,0,0,0,0,15,4,18
21630,86,180,272,0,0,0,0,0,0,0,0,0
21631,382,77,47,2,0,0,0,0,0,0,0,0
21632,0,0,0,21,17,265,0,0,0,0,0,0
21633,0,0,0,0,0,479,0,0,0,0,2,0
21634,15,65,60,0,0,0,0,0,0,0,0,0
21635,0,0,1,0,0,6,0,0,0,761,1283,9
21636,0,0,1,0,0,3,0,0,0,100,706,9
21637,0,0,0,0,0,93,0,0,0,49,4316,9
21638,0,0,0,0,0,158,0,0,0,29,25038,0
21639,0,0,1,0,0,18,0,0,0,233,2400,40
21640,0,0,0,16,7,159,0,0,0,0,0,0
21641,0,0,0,0,49,0,179,4473,26,0,0,0
21642,0,0,0,0,0,10,0,0,0,26,1823,20
21643,51,316,74,0,0,0,2,0,0,0,0,0
21644,0,0,0,23,10,557,0,0,0,0,1,0
21645,39,8,3,0,0,0,0,0,0,0,0,0
21646,0,0,0,0,0,21,0,0,0,0,2956,0
21647,78,4974,0,0,0,0,15,8,0,0,0,0
21648,0,0,0,0,0,22,0,0,0,1,3810,25
21649,0,0,0,29,4,751,0,0,0,0,3,0
21650,25,9,495,0,0,0,0,0,0,1,0,0
21651,72,76,12,0,0,0,2,0,0,0,0,0
21652,0,0,0,111,21,398,0,0,0,0,0,0
21653,0,0,0,2,5,2,0,0,0,0,0,0
21654,0,0,0,0,0,0,0,0,0,0,92,1
21655,0,0,0,19,8,83,0,0,0,0,2,0
21656,0,0,0,1,9,247,0,0,0,0,0,1
21657,0,0,0,77,5,36,0,0,0,0,0,0
21658,0,0,0,0,0,31,0,0,0,41,4684,25
21659,45,33,1,0,0,0,0,0,0,0,0,0
21660,0,0,0,0,0,8,0,0,0,40,1560,6
21661,20,81,4,0,0,0,0,0,0,0,0,0
21662,0,0,0,0,0,0,0,0,0,4,30,0
21663,0,0,0,0,0,0,22,89,371,0,0,39
21664,40,0,0,367,43,123,0,0,0,0,0,0
21665,0,0,0,0,0,0,29,65,337,0,0,47
21666,0,0,0,0,1,0,1,306,6,0,0,0
21667,0,0,0,0,3,18,0,0,0,0,0,0
21668,0,0,0,0,14,0,149,9236,6,0,0,0
21669,0,0,0,0,1,30,0,0,0,0,0,0
21670,0,0,0,0,19,29,0,0,0,0,0,0
21671,0,0,0,0,0,4,0,0,0,0,0,0
21672,3,3,0,0,0,0,0,0,0,0,0,0
21673,0,0,0,1,0,987,0,0,0,0,7,0
21674,0,0,0,1,0,6,0,0,0,0,0,0
21675,7,1,0,0,0,0,0,0,0,0,0,0
21676,0,0,0,0,0,6,0,0,0,1,792,0
21677,0,0,0,0,0,0,0,0,0,6,27,0
21678,0,0,0,0,0,0,0,0,0,6,7,0
21679,1,0,0,117,29,199,0,0,0,0,1,0
21680,0,0,0,0,0,0,4,5,1,0,0,0
21681,2,2,0,0,0,0,0,0,0,0,0,0
21682,0,0,0,0,0,9,0,0,0,2,1808,0
21683,2,16,18,0,0,0,0,0,0,0,0,0
21684,11,35,1,0,0,0,0,0,0,0,0,0
21685,46,128,21,0,0,0,0,0,0,0,0,0
21686,0,0,0,0,0,0,42,19,3,0,0,0
21687,0,0,0,0,2,3,0,0,0,0,0,0
21688,0,0,0,4,13,56,0,0,0,0,0,0
21689,0,0,0,0,0,1,0,0,0,0,0,0
21690,0,0,0,5,0,3,0,0,0,0,0,0
21691,0,0,0,0,0,9,0,0,0,2,3051,0
21692,0,3,7,0,0,0,0,0,0,0,0,0
21693,0,0,0,0,0,0,10,4,0,0,0,0
21694,1,165,0,0,0,0,0,0,0,0,0,0
21695,0,0,0,4,17,29,0,0,0,0,0,0
21696,0,0,0,0,0,1,0,0,0,17,133,0
21697,0,0,0,0,0,2,0,0,0,168,462,9
21698,0,0,0,2,41,128,0,0,0,0,0,0
21699,0,0,0,0,0,0,0,0,0,0,164,0
21700,30,127,12,0,0,0,0,0,0,0,0,0
21701,0,0,0,0,0,0,80,230,11,0,0,0
21702,0,0,0,1,2,20,0,0,0,0,0,0
21703,0,0,0,1,88,73,0,1,0,0,0,0
21704,0,0,0,3,0,74,0,0,0,0,0,0
21705,0,0,0,0,0,6,0,0,0,0,0,0
21706,3,50,2,0,0,0,0,0,0,0,0,0
21707,0,0,0,0,0,80,0,0,0,32,3976,1
21708,62,6,1,0,0,0,0,0,0,0,0,0
21709,0,0,0,1,7,245,0,0,0,0,1,0
21710,0,0,0,10,39,65,0,2,0,0,0,0
21711,0,0,0,0,0,2,0,0,0,0,310,0
21712,53,54,3,0,0,0,0,0,0,0,0,0
21713,10,22,0,0,0,0,0,0,0,0,0,0
21714,0,0,0,0,0,4,0,0,0,10,3235,3
21715,0,0,0,138,318,199,0,3,0,0,0,0
21716,0,0,3,0,0,0,0,0,0,92,3,33
21717,140,2326,5,0,0,0,98,0,0,0,0,0
21718,0,1,0,0,6,0,438,928,15,0,0,0
21719,0,0,0,0,0,0,229,5,1,0,0,0
21720,0,15,8,0,0,0,0,0,0,0,0,0
21721,0,0,0,0,0,673,0,0,0,69,6364,8
21722,0,0,0,1,7,382,0,0,0,0,19,0
21723,0,0,0,0,6,16,0,0,0,0,0,0
21724,0,5,0,0,42,0,765,3596,779,0,0,80
21725,0,0,0,2,0,6,0,0,0,0,0,0
21726,0,0,0,7,1,4,0,0,0,0,0,0
21727,0,0,0,0,0,239,0,0,0,4,4496,3
21728,0,0,0,0,3,322,0,0,0,0,5,0
21729,0,0,0,0,2,6,0,0,0,0,0,0
21730,2,81,3,0,0,0,1,0,0,0,0,0
21731,0,0,0,0,0,0,0,0,0,10,34,2
21732,0,0,0,0,0,0,0,0,0,2,20,0
21733,0,0,0,16,11,89,0,0,0,0,0,0
21734,0,0,0,2,26,16,0,0,0,0,0,0
21735,0,0,0,4,2,15,0,0,0,0,0,0
21736,0,0,0,0,0,68,0,0,0,4,3722,8
21737,0,0,0,1,3,127,0,0,0,0,0,0
21738,1,0,0,19,5,282,0,0,0,0,2,0
21739,0,0,0,7,15,189,0,0,0,0,2,0
21740,0,0,0,24,20,8,0,0,0,0,0,0
21741,0,0,0,0,0,0,0,0,0,3,34,24
21742,0,0,0,0,0,85,0,0,0,178,4886,27
21743,8,28,5,0,0,0,0,0,0,0,0,0
21744,10,20,5,0,0,0,0,0,0,0,0,0
21745,0,0,0,6,19,145,0,1,0,0,0,0
21746,0,2,0,0,0,0,243,41,304,0,0,1
21747,0,0,0,0,10,12,0,0,0,0,0,0
21748,0,0,0,8,2,220,0,0,0,0,1,0
21749,4,31,0,0,0,0,0,0,0,0,0,0
21750,0,0,0,0,0,0,0,0,0,34,66,5
21751,0,0,0,13,25,104,0,0,0,0,1,0
21752,11,0,0,408,13,132,0,0,0,0,0,0
21753,0,0,0,0,2,0,9,225,1,0,0,0
21754,0,0,0,0,1,0,0,183,1,0,0,0
21755,0,0,0,2,2,45,0,0,0,0,1,0
21756,0,0,0,6,10,23,0,0,0,0,0,0
21757,0,0,0,0,0,9,0,0,0,16,1057,2
21758,0,0,0,0,0,7,0,0,0,46,640,0
21759,13,267,43,0,0,0,15,0,0,1,0,0
21760,0,0,0,24,5,200,0,0,0,0,3,0
21761,0,0,0,0,141,0,51,2400,12,0,0,0
21762,0,0,79,0,2,1633,0,0,0,190,235705,10
21763,0,0,0,17,1,463,0,0,0,0,9,0
21764,113,179,4,0,0,0,10,0,0,0,0,0
21765,21,0,0,40,14,688,0,0,0,0,12,0
21766,31,63,22281,0,0,0,2,0,0,857,11,0
21767,0,0,0,1,20,175,0,0,0,122,6874,17
21768,95,134,1326,26,0,0,1,0,0,609,0,1
21769,0,0,0,22,163,186,0,61,0,0,1,0
21770,0,871,1,0,171,0,28599,4799,390,0,0,1
21771,0,0,0,11,186,106,0,9,0,0,0,0
21772,0,0,1,0,0,48,0,0,0,107,2837,7
21773,0,0,0,34,46,220,0,0,0,0,1,0
21774,0,0,0,0,0,67,0,0,0,88,1124,7
21775,1,0,0,197,41,364,0,0,0,0,5,0
21776,0,6,0,0,0,0,611,185,21,0,0,0
21777,0,9,0,0,2,0,945,733,5,0,0,0
21778,0,2,0,0,1,0,335,100,7,0,0,0
21779,3,83,2,0,0,0,1,0,0,0,0,0
21780,0,0,0,0,0,3,0,0,0,43,287,4
21781,0,0,0,0,0,1,0,0,22,20,387,173
21782,162,49,11,2,0,0,0,0,0,0,0,0
21783,7,22,38,0,0,0,0,0,0,13,0,0
21784,0,0,0,42,4,149,0,0,0,0,1,0
21785,0,1,0,0,1,0,178,86,411,0,0,3
21786,1,1,0,0,24,0,299,4936,417,0,0,0
21787,0,0,0,0,0,208,0,0,0,0,2,0
21788,7,132,0,0,0,0,1,0,0,0,0,0
21789,0,0,0,0,0,18,0,0,1,217,3075,84
21790,0,0,0,7,3,115,0,0,0,0,0,0
21791,2,21,4,0,0,0,0,0,0,0,0,0
21792,18,47,7022,0,0,0,0,0,0,236,1,0
21793,0,33,0,0,0,0,942,298,112,0,0,0
21794,14,63,15,0,0,0,0,0,0,0,0,0
21795,0,0,0,0,3,0,246,527,7,0,0,0
21796,0,1,0,0,0,0,120,491,13,0,0,0
21797,0,0,0,2,4,265,0,0,0,0,1,0
21798,0,0,0,3,6,26,0,0,0,0,0,0
21799,0,0,0,14,2,68,0,0,0,0,0,0
21800,0,1,0,0,100,0,238,8399,142,0,0,1
21801,57,7523,5434,2,0,0,159,0,0,73,2,1
21802,0,0,0,14,15,1821,0,0,0,0,19,0
21803,37,9,2,0,0,0,0,0,0,0,0,0
21804,1,40,3,0,0,0,3,0,0,0,0,0
21805,0,0,0,0,0,4,0,0,0,23,284,0
21806,0,0,2,0,0,1,0,0,0,434,152,1
21807,0,1,3,0,0,0,0,0,0,98,155,17
21808,0,0,0,36,15,213,0,0,0,0,3,0
21809,0,5,0,0,6,0,553,740,156,0,0,4
21810,0,0,0,1,1,45,0,0,0,0,0,0
21811,0,0,42,0,0,43,0,0,6,2988,4779,252
21812,0,0,52,0,0,10,0,0,0,400,2748,9
21813,0,0,0,8,1,9,0,0,0,0,0,0
21814,1,46,4,0,0,0,1,0,0,0,0,0
21815,0,0,0,0,0,4,0,0,0,22,429,3
21816,0,0,0,0,0,0,0,0,0,10,86,5
21817,64,330,6,1,0,0,0,0,0,0,0,0
21818,0,0,0,6,5,65,0,0,0,0,0,0
21819,0,0,0,3,2,45,0,0,0,0,0,0
21820,0,0,1,6,44,283,19,0,0,0,0,0
21821,31,193,2,0,0,0,5,0,0,0,0,0
21822,72,34,18,2,0,0,0,0,0,0,0,0
21823,0,0,0,50,2,302,0,0,0,0,0,0
21824,0,0,0,0,1,0,51,209,302,0,0,3
21825,8,101,36,0,0,0,0,0,0,0,0,0
21826,0,0,0,18,19,316,0,0,0,0,4,19
21827,0,0,7,0,0,0,16,4,0,0,0,0
21828,0,0,0,4,0,0,7,13,4,0,0,0
21829,0,0,0,5,2,71,0,0,0,0,0,0
21830,0,4,0,0,1,0,241,767,64,0,0,0
21831,0,0,0,5,8,26,0,0,0,0,0,0
21832,0,1,0,15,9,50,0,0,0,0,0,0
21833,1,0,4,8,2,10,0,0,0,0,0,0
21834,11,6,2,0,0,0,0,0,0,0,0,0
21835,0,0,0,3,8,2698,0,1,0,0,11,0
21836,0,0,0,92,5,13,0,0,0,0,0,0
21837,0,0,0,4,7,19,0,0,0,0,1,0
21838,0,0,0,11,0,67,0,0,0,0,0,0
21839,0,0,0,0,0,0,7,378,3,0,0,0
21840,0,0,0,0,0,0,0,0,0,4,21,3
21841,0,0,0,6,44,247,0,0,0,0,23,0
21842,0,0,0,18,53,12,0,1,0,0,0,0
21843,0,0,0,0,0,19,0,0,0,14,1759,2
21844,0,0,1,0,0,18,0,0,0,56,457,3
21845,38,249,18,0,0,0,16,1,0,0,0,0
21846,0,0,0,0,2,951,0,0,0,197,810491,61
21847,0,0,0,31,23,131,0,0,0,0,3,0
21848,0,0,0,0,0,0,15,12,286,0,0,6
21849,641,185,70,3,0,0,1,0,0,0,0,0
21850,0,3,0,0,0,0,268,691,7,0,0,0
21851,0,4735,42,0,0,0,156,0,0,0,0,0
21852,6,135,26,0,0,0,0,0,0,0,0,0
21853,0,1,0,0,4,0,124,1437,2,0,0,0
21854,0,0,0,3,17,97,0,0,0,0,1,0
21855,0,0,0,0,1,45,0,0,0,14,12208,0
21856,0,0,0,0,2,61,0,0,0,0,0,0
21857,32,65,1,0,0,0,3,0,0,0,0,0
21858,4,40,4,0,0,0,0,0,0,0,0,0
21859,0,0,0,0,0,15,0,0,0,21,3455,1
21860,48,94,8,0,0,0,3,0,0,0,0,0
21861,0,0,0,5,1,294,0,0,0,0,2,0
21862,22,203,3,0,0,0,2,0,0,0,0,0
21863,10,168,13,0,0,0,3,0,0,0,0,0
21864,0,0,0,1,3,1118,0,0,0,0,3,0
21865,20,33,2,0,0,0,0,0,0,0,0,0
21866,2,108,18,0,0,0,2,0,0,0,0,0
21867,0,0,0,0,2,0,56,525,12,0,0,0
21868,240,59,37,2,0,0,0,0,0,0,0,0
21869,0,0,0,0,0,0,10,17,1,0,0,0
21870,0,0,0,0,0,0,3,5,2,0,0,0
21871,0,0,1,0,0,3,0,0,0,22,187,1
21872,0,0,0,0,1,5,0,0,0,0,0,0
21873,0,0,0,0,0,0,0,29,1,0,0,0
21874,0,0,0,0,0,0,2,16,1,0,0,0
21875,10,465,25,0,0,0,9,0,0,0,0,0
21876,0,0,0,0,0,43,0,0,0,0,0,0
21877,0,0,0,2,0,14,0,0,0,0,0,0
21878,0,0,0,1,2,7,0,0,0,0,0,0
21879,0,0,0,2,0,3,0,0,0,0,0,0
21880,0,0,0,2,0,71,0,0,0,0,1,0
21881,0,0,0,0,0,0,2,6,2,0,0,0
21882,0,0,0,0,0,0,4,6,3,0,0,0
21883,0,0,0,1,0,353,0,0,0,0,1,0
21884,6,12,1,0,0,0,0,0,0,0,0,0
21885,0,0,0,0,0,0,0,0,0,18,47,122
21886,0,0,0,8,6,549,0,0,0,0,2,0
21887,7,408,0,0,0,0,0,0,0,0,0,0
21888,0,0,0,0,0,0,0,0,0,16,31,29
21889,0,0,0,2,2,160,0,0,0,0,0,0
21890,0,0,0,1,366,185,0,0,0,0,1,0
21891,0,0,0,0,0,4,0,0,0,0,0,0
21892,49,462,1,0,0,0,6,0,0,0,0,0
21893,0,6,0,0,0,0,806,4,57,0,0,0
21894,5,16,5,0,0,0,0,0,0,0,0,0
21895,0,0,0,1,17,1189,0,0,0,0,32,0
21896,0,0,0,26,99,110,0,0,0,0,0,0
21897,0,0,0,0,0,984,0,0,0,0,43620,4
21898,0,4,0,0,19,0,480,1042,21,0,0,0
21899,0,11,12,0,0,0,0,0,0,0,0,0
21900,10,78,24,0,0,0,0,0,0,0,0,0
21901,0,2,0,0,0,0,384,32,9,0,0,0
21902,3,33,0,0,0,0,0,0,0,0,0,0
21903,0,0,0,0,0,0,0,0,0,0,5,1
21904,0,0,0,0,0,10,0,0,0,39,516,4
21905,0,0,0,0,0,0,0,0,0,1,1,2
21906,11,7,2,0,0,0,0,0,0,0,0,0
21907,0,0,0,0,0,0,146,20,0,0,0,0
21908,0,0,0,0,1,9,0,0,0,0,3,0
21909,0,0,0,0,0,0,0,0,0,4,1,2
21910,0,0,2,0,0,168,0,0,0,119,4260,3
21911,0,0,0,0,0,5,0,0,0,45,582,1
21912,0,0,0,0,0,3,0,0,0,0,0,0
21913,103,144,1,2,0,0,2,0,0,0,0,0
21914,0,0,5,0,0,3,0,0,0,126,771,9
21915,0,0,0,1,1,8,0,0,0,0,0,0
21916,0,0,0,2,4,50,0,0,0,0,1,0
21917,2,103,0,0,0,0,2,0,0,0,0,0
21918,0,0,0,0,3,3,0,0,0,0,0,0
21919,0,0,0,4,3,98,0,0,0,0,2,0
21920,0,2,0,0,16,0,98,417,70,0,0,1
21921,0,0,0,0,0,42,0,0,0,0,0,0
21922,0,0,0,1,1,19,0,0,0,0,1,0
21923,3,38,2,0,0,0,0,0,0,0,0,0
21924,12,93,3,0,0,0,3,0,0,0,0,0
21925,0,0,0,8,0,344,0,0,0,0,13,0
21926,3,50,1,0,0,0,0,0,0,0,0,0
21927,1,29,2,0,0,0,0,0,0,0,0,0
21928,0,0,0,0,0,14,0,0,0,5,803,2
21929,0,4,0,0,6,0,51,173,4,0,0,0
21930,0,0,0,0,0,1,0,0,0,6,92,0
21931,0,0,0,3,4,187,0,0,0,0,2,0
21932,4,14,2,0,0,0,0,0,0,0,0,0
21933,0,0,0,0,0,0,0,0,0,34,232,73
21934,0,0,0,5,0,86,0,0,0,0,0,0
21935,1,16,19,0,0,0,0,0,0,0,0,0
21936,1,84,23,0,0,0,0,0,0,0,0,0
21937,0,0,0,3,3,133,0,0,0,0,2,0
21938,0,0,0,0,0,0,23,56,1,0,0,0
21939,0,0,0,0,7,198,0,0,0,0,0,0
21940,0,0,0,6,5,50,0,0,0,0,1,0
21941,0,0,0,0,1,0,68,455,3,0,0,0
21942,0,0,0,0,0,10,0,0,0,0,0,0
21943,0,0,0,1,0,10,0,0,0,0,0,0
21944,9,430,0,0,0,0,1,0,0,0,0,0
21945,0,0,0,0,0,8,0,0,0,0,0,0
21946,0,0,0,1,0,78,0,0,0,0,1,0
21947,2,4,1,0,0,0,0,0,0,0,0,0
21948,1,9,1,0,0,0,0,0,0,0,0,0
21949,3,67,6,0,0,0,1,0,0,0,0,0
21950,0,0,0,0,0,0,49,183,113,0,0,0
21951,0,0,0,0,2,10,0,0,0,0,0,0
21952,0,0,0,0,0,46,0,0,0,14,2987,55
21953,0,0,0,5,1,2,0,0,0,0,0,0
21954,0,0,0,0,0,0,4,7,6,0,0,0
21955,0,0,0,1,1,69,0,0,0,0,1,0
21956,0,0,0,0,0,0,13,0,155,0,0,0
21957,7,19,149,0,0,0,0,0,0,1,0,0
21958,260,79,62,2,0,0,0,0,0,2,0,0
21959,0,0,0,4,1,14,0,0,0,0,0,0
21960,0,0,0,2,0,12,0,0,0,0,0,0
21961,0,0,0,2,4,126,0,0,0,0,1,0
21962,0,0,0,0,0,0,0,0,0,11,17,35
21963,103,79,1,1,0,0,2,0,0,0,0,0
21964,21,135,140,0,0,0,4,0,0,0,0,0
21965,0,0,0,12,13,96,0,0,0,0,2,0
21966,0,0,0,2,2,5,0,0,0,0,0,0
21967,0,0,0,1,0,46,0,0,0,0,0,0
21968,0,0,0,0,0,0,0,0,0,0,0,0
21969,0,0,0,0,3,0,5,177,9,0,0,0
21970,0,0,0,1,1,71,0,0,0,0,1,0
21971,8,60,1,0,0,0,0,0,0,0,0,0
21972,8,157,32,0,0,0,3,0,0,0,0,0
21973,0,0,0,23,10,2106,0,0,0,0,175,0
21974,0,5,0,0,572,2,140,23563,16329,0,2,255
21975,157,231,283,38,0,0,4,0,0,3,0,0
21976,0,0,0,1,11,453,0,0,0,0,17,0
21977,0,0,0,0,0,0,0,0,0,4,75,1
21978,0,0,0,0,0,0,0,0,0,5,37,6
21979,375,462,18,1,0,0,27,0,0,0,0,0
21980,1,0,0,69,15,90,0,0,0,0,0,0
21981,0,0,0,7,1,24,0,0,0,0,0,0
21982,0,0,0,2,17,112,0,0,0,0,1,0
21983,0,0,0,0,165,35,0,1,0,0,0,0
21984,0,0,0,1,9,10,0,0,0,0,0,0
21985,0,1,0,0,165,0,101,1205,6,0,0,0
21986,0,4,0,0,7,0,496,216,13,0,0,0
21987,0,0,0,0,0,0,0,0,0,0,0,0
21988,0,0,0,7,21,110,0,7,0,0,1,0
21989,0,4,0,0,24,0,156,1095,11,0,0,0
21990,0,0,0,3,26,76,0,7,0,0,7,0
21991,16,0,0,16,166,20,0,8,0,0,0,0
21992,0,0,0,68,1791,84,0,421,0,0,2,0
21993,3945,14,6710,67,1,0,0,0,0,3959,54,0
21994,0,0,0,3,9,1895,0,0,0,0,372,0
21995,356,3,0,4023,155,61221,0,0,0,1,589,2
21996,29,3,127,24,0,0,0,0,0,112,0,0
21997,0,0,0,0,0,28,0,0,0,7,2385,0
21998,0,0,56,0,0,10,0,0,0,109,1916,13
21999,90,204,26,1,0,0,4,0,0,0,0,0
22000,0,0,0,0,0,60,0,0,0,563,6402,42
22001,1,112,9,0,0,0,0,0,0,0,0,0
22002,54,80,7,0,0,0,0,0,0,0,0,0
22003,85,40,25,0,0,0,0,0,0,0,0,0
22004,183,42,32,0,0,0,0,0,0,0,0,0
22005,2,605,1156,0,0,0,2,0,0,1,0,0
22006,0,0,0,0,0,3,0,0,0,54,1119,25
22007,28,24,6,0,0,0,0,0,0,0,0,0
22008,15,26,18,0,0,0,0,0,0,1,0,0
22009,0,0,0,0,0,3,0,0,0,21,593,9
22010,0,45,5,0,0,0,0,0,0,0,0,0
22011,77,97,731,0,0,0,0,0,0,11,0,0
22012,152,265,23,0,0,0,0,0,0,0,0,0
22013,3,155,10,0,0,0,2,0,0,0,0,0
22014,0,0,0,0,0,0,121,778,198,0,0,3
22015,0,0,0,4,7,59,0,0,0,0,0,0
22016,20,0,0,2490,53,1372,0,0,0,0,35,0
22017,0,2,0,0,67,0,14,3825,77,0,0,0
22018,0,0,0,0,634,1,12,28574,2,0,0,0
22019,13,376,19,0,0,0,6,0,0,0,0,0
22020,0,0,0,30,11,1344,0,0,0,0,24,0
22021,0,6,0,0,43,0,730,4435,88,0,0,0
22022,0,115,0,0,0,0,845,2,152,0,0,0
22023,8,283,327,0,0,0,1,0,0,6,1,0
22024,10,60,14,0,0,0,2,0,0,0,0,0
22025,5,358,857,0,0,0,0,0,0,18,0,0
22026,0,1,0,0,3,0,94,284,74,0,0,1
22027,0,0,0,6,88,42,0,0,0,0,1,0
22028,0,0,0,0,0,0,14,1,75,0,0,0
22029,37,120,47,0,0,0,0,0,0,0,0,0
22030,0,0,0,0,0,0,250,135,3,0,0,0
22031,0,0,0,91,4,32,0,0,0,0,0,0
22032,0,0,0,5,448,7540,0,16,0,0,102,0
22033,0,0,4,0,0,1,0,0,0,1182,1276,4
22034,2,3884,42,0,0,0,0,0,0,0,0,0
22035,0,70,0,0,8,0,103,142,4,0,0,0
22036,212,138,2039,108,0,0,1,0,0,194,0,0
22037,0,0,0,0,0,0,65,22,10,0,0,0
22038,0,0,0,2,3,46,0,0,0,0,0,0
22039,1,0,0,17,30,50,0,0,0,0,0,0
22040,22,0,0,23,1,14,0,0,0,0,0,0
22041,22,9,0,0,0,0,0,0,0,0,0,0
22042,0,0,0,1,0,404,0,0,0,0,4,0
22043,0,0,0,8,44,16,0,0,0,0,1,0
22044,0,0,0,0,0,1,0,0,0,110,87,1
22045,1,0,0,72,1,82,0,0,0,0,0,0
22046,4,21,1,0,0,0,0,0,0,0,0,0
22047,0,0,0,0,0,0,78,448,15,0,0,0
22048,0,0,0,6,12,48,0,1,0,0,0,0
22049,0,0,0,0,0,0,25,92,1,0,0,0
22050,0,0,0,0,0,1,0,0,0,29,396,3
22051,0,0,0,0,3,0,51,1801,9072,0,1,110
22052,68,13,107,0,0,0,0,0,0,0,1,0
22053,27,145,509,0,0,0,0,0,0,2,0,0
22054,0,0,0,1,7,617,0,0,0,0,17,0
22055,9,11,3,0,0,0,0,0,0,0,0,0
22056,4,5,1,0,0,0,0,0,0,0,0,0
22057,0,0,0,0,0,225,0,0,0,0,2,0
22058,0,0,0,2,0,1,0,0,0,0,0,0
22059,0,0,0,0,0,0,0,70,20,0,0,0
22060,0,0,0,0,0,0,0,0,0,0,85,0
22061,42,3,0,0,0,0,0,0,0,0,0,0
22062,0,0,0,0,0,0,0,0,0,3,22,31
22063,0,0,0,1,147,49,0,1,0,0,0,0
22064,0,0,0,0,2,154,0,0,0,0,1,0
22065,0,0,0,0,0,15,0,0,0,0,0,0
22066,0,0,0,4,0,48,0,0,0,0,2,0
22067,0,0,0,0,0,0,14,1,7,0,0,0
22068,2,5,5,0,0,0,0,0,0,0,0,0
22069,25,93,17,0,0,0,1,0,0,0,0,0
22070,0,0,0,3,0,172,0,0,0,0,0,0
22071,11,1,2,0,0,0,0,0,0,0,0,0
22072,0,0,0,0,0,586,0,0,0,0,3,0
22073,0,195,0,0,0,0,446,180,25,0,0,0
22074,0,0,0,1,0,45,0,0,0,0,0,0
22075,0,0,0,0,0,3,0,0,0,331,489,0
22076,0,0,0,16,289,3,0,2,0,0,0,0
22077,0,0,2,0,0,0,0,0,0,79,138,1
22078,0,0,0,18,104,252,0,0,0,0,1,0
22079,0,0,3,0,0,0,0,0,0,1257,6,64
22080,38,363,9,0,0,0,14,0,0,0,0,0
22081,0,4,0,0,28,0,276,2219,37,0,0,0
22082,0,0,0,0,0,14,0,0,0,27,3033,8
22083,0,0,0,0,0,1,0,0,0,42,175,10
22084,0,0,0,2,12,221,0,0,0,0,6,0
22085,0,0,0,11,5,237,0,0,0,0,4,0
22086,0,0,0,2,5,62,0,0,0,0,3,0
22087,0,0,0,3,18,75,0,1,0,0,0,0
22088,0,0,0,0,0,29,0,0,0,53,3723,11
22089,0,0,0,25,2,41,0,0,0,0,0,0
22090,0,0,0,1,1,71,0,0,0,0,0,0
22091,68,304,0,0,0,0,2,0,0,0,0,0
22092,0,0,0,63,24,274,0,0,0,0,2,0
22093,0,17,0,0,10,0,2910,1598,1131,0,0,5
22094,0,13,0,0,0,0,1616,265,2734,1,0,33
22095,15,249,0,0,0,0,1,0,0,0,0,0
22096,0,0,1,0,0,0,0,0,0,43,156,0
22097,0,0,0,0,0,0,0,0,0,148,492,1
22098,0,0,0,6,47,263,0,0,0,0,0,0
22099,0,0,0,24,1,148,0,0,0,0,0,0
22100,0,0,0,0,0,0,622,0,673,0,0,2
22101,2460,261,39,13,0,0,6,0,0,0,0,0
22102,89,153,22,0,0,0,0,0,0,0,0,0
22103,0,0,0,0,0,0,293,21,998,0,0,11
22104,0,5,0,0,47,0,824,8789,798,0,0,5
22105,72,75,52,0,0,0,0,0,0,1,0,0
22106,0,43,20,0,0,0,0,0,0,0,0,0
22107,33,128,141,0,0,0,1,0,0,1,0,0
22108,17,135,57,0,0,0,1,0,0,0,0,0
22109,0,0,0,0,0,0,0,0,0,49,66,20
22110,48,303,65,0,0,0,0,0,0,8,0,0
22111,0,1,0,0,2,0,270,496,2,0,0,0
22112,0,0,0,0,0,0,267,7,3,0,0,0
22113,0,0,0,0,2,0,89,288,2,0,0,0
22114,0,0,0,0,0,116,0,0,0,0,1,0
22115,30,1010,3,0,0,0,4,0,0,0,0,0
22116,19,251,45,0,0,0,0,0,0,0,0,0
22117,0,0,0,9,8,115,0,0,0,0,0,0
22118,0,0,0,4,10,42,0,0,0,0,0,0
22119,0,0,0,1,2,250,0,0,0,0,5,0
22120,0,0,0,0,0,3,0,0,0,105,2692,7
22121,0,34,19,0,0,0,0,0,0,0,0,0
22122,35,17,7,0,0,0,0,0,0,0,0,0
22123,11,36,10,0,0,0,0,0,0,0,0,0
22124,30,20,8,0,0,0,0,0,0,0,0,0
22125,1,271,13,0,0,0,0,0,0,0,0,0
22126,0,0,0,6,28,196,0,0,0,0,4,0
22127,0,0,0,0,0,10,0,0,0,20,1531,0
22128,0,0,0,1,1,3,0,0,0,0,0,0
22129,0,0,0,9,14,20,0,0,0,0,0,0
22130,30,60,3,0,0,0,0,0,0,0,0,0
22131,0,0,0,0,2,0,289,264,5,0,0,0
22132,0,0,0,1,707,0,536,19555,4,0,0,0
22133,0,0,0,0,0,0,2,0,0,0,0,0
22134,0,1,0,0,0,0,0,0,0,0,0,0
22135,1,123,1,0,0,0,0,0,0,0,0,0
22136,0,0,0,5,1,45,0,0,0,0,0,0
22137,0,0,0,2,1,2,0,0,0,0,0,0
22138,0,0,0,4,2,62,0,0,0,0,0,0
22139,0,0,0,0,6,0,12,608,180,0,0,0
22140,0,0,0,0,1,6,0,0,0,0,0,0
22141,0,0,0,0,1,0,231,66,0,0,0,0
22142,0,0,0,0,1,5,0,0,0,0,0,0
22143,0,0,0,0,0,3,0,0,0,0,0,0
22144,0,0,0,0,0,47,0,0,0,0,0,0
22145,1,0,0,0,0,0,0,0,0,0,0,0
22146,2,2,2,0,0,0,0,0,0,0,0,0
22147,0,1,0,0,0,0,108,16,1,0,0,0
22148,6,4,6,0,0,0,0,0,0,0,0,0
22149,8,8,5,0,0,0,0,0,0,0,0,0
22150,0,0,0,2,5,125,0,0,0,0,4,0
22151,5,356,1,0,0,0,0,0,0,0,0,0
22152,0,0,0,10,24,52,0,0,0,0,0,0
22153,0,0,0,6,0,97,0,0,0,0,2,0
22154,0,0,0,0,2,0,4,196,81,0,0,0
22155,3,594,27,0,0,0,1,0,0,0,0,0
22156,0,0,0,7,0,280,0,0,0,0,2,0
22157,0,0,0,0,0,0,33,29,14,0,0,0
22158,0,0,0,0,0,0,19,54,11,0,0,0
22159,0,0,0,1,0,122,0,0,0,0,0,0
22160,0,0,0,0,0,74,0,0,0,0,0,0
22161,3,67,3,0,0,0,0,0,0,0,0,0
22162,0,0,0,1,0,2580,0,0,0,0,22,0
22163,0,0,0,2,1,82,0,0,0,0,0,0
22164,0,0,0,0,0,6,0,0,0,0,0,0
22165,0,0,0,0,0,59,0,0,0,0,0,0
22166,1,4,2,0,0,0,0,0,0,0,0,0
22167,2,19,39,0,0,0,0,0,0,1,0,0
22168,9,65,8,0,0,0,0,0,0,0,0,0
22169,91,67,93,0,0,0,0,0,0,0,0,0
22170,0,0,0,3,0,19,0,0,0,0,0,0
22171,41,90,5,0,0,0,0,0,0,0,0,0
22172,0,0,0,1,0,71,0,0,0,0,0,0
22173,70,7,0,0,0,0,0,0,0,0,0,0
22174,0,0,0,0,0,122,0,0,0,0,0,0
22175,0,0,0,6,6,5,0,0,0,0,0,0
22176,0,0,0,0,0,2,0,0,0,6,77,0
22177,0,0,0,0,20,46,0,0,0,0,0,0
22178,0,10,1,0,0,0,0,0,0,0,0,0
22179,4,32,3,0,0,0,0,0,0,0,0,0
22180,0,1,0,0,0,0,189,8,0,0,0,0
22181,0,0,0,0,0,0,0,0,0,26,121,2
22182,8,57,3,0,0,0,0,0,0,0,0,0
22183,0,0,0,0,0,1,0,0,0,60,66,4
22184,34,112,0,0,0,0,0,0,0,0,0,0
22185,0,0,0,0,0,2,0,0,0,25,799,1
22186,0,0,0,0,3,0,365,187,5,0,0,0
22187,0,0,0,0,0,0,0,0,0,13,90,1
22188,0,0,1,0,0,3,0,0,0,71,402,13
22189,0,0,0,2,1,45,0,0,0,0,0,0
22190,41,155,3,0,0,0,1,0,0,0,0,0
22191,3,0,0,12,9,260,0,0,0,0,0,0
22192,0,0,0,3,1,58,0,0,0,0,1,0
22193,60,57,6,1,0,0,0,0,0,0,0,0
22194,94,84,21,6,0,0,0,0,0,0,0,0
22195,0,0,0,39,57,460,0,1,0,0,1,0
22196,0,0,0,9,18,34,0,0,0,0,0,0
22197,0,0,0,2,0,105,0,0,0,0,0,0
22198,3,62,0,0,0,0,0,0,0,0,0,0
22199,0,4,0,0,5,0,400,1263,31,0,0,0
22200,0,0,0,13,407,341,0,33,0,0,3,0
22201,0,0,0,0,11,0,57,1693,11,0,0,0
22202,0,0,0,0,0,7,0,0,0,45,341,2
22203,0,34,0,0,17,0,3344,2109,19,0,0,0
22204,0,0,0,10,8,386,0,0,0,0,1,0
22205,0,0,0,0,14,0,60,3526,2434,0,1,9
22206,61,6139,50,0,0,0,206,0,0,0,0,0
22207,0,0,0,24,380,418,0,1,0,0,3,0
22208,0,0,0,0,0,68,0,0,0,27,2509,1
22209,0,0,0,3,0,43,0,0,0,0,0,0
22210,0,0,0,0,0,0,0,0,0,65,379,2
22211,0,0,0,0,0,48,0,0,0,9,416,1
22212,0,0,0,0,0,0,0,0,0,34,25,0
22213,0,0,0,24,97,389,0,1,0,0,1,0
22214,0,0,2,0,0,0,0,0,2,100,7,141
22215,174,111,23,2,0,0,0,0,0,0,0,0
22216,0,1,0,0,7,0,146,436,4,0,0,0
22217,0,2,0,0,0,0,546,55,0,0,0,0
22218,0,1,0,0,1,0,201,62,0,0,0,0
22219,0,0,0,1,9,126,0,0,0,0,3,0
22220,0,0,0,107,10,118,0,0,0,0,1,0
22221,0,0,0,2,3,3,0,1,0,0,0,0
22222,0,0,0,2,9,206,0,0,0,0,0,0
22223,0,0,0,4,99,5,0,0,0,0,0,0
22224,0,0,0,0,0,39,0,0,0,0,5732,15
22225,0,2,0,0,38,0,716,5422,338,0,0,0
22226,0,0,0,0,18,0,96,2231,61,0,0,0
22227,0,0,0,3,0,29517,0,0,0,3,219788,0
22228,0,0,0,30,18,123,0,0,0,0,1,0
22229,0,0,0,3,0,85,0,0,0,0,0,0
22230,0,0,0,3,0,2,0,0,0,0,0,0
22231,1,78,0,0,0,0,0,0,0,0,0,0
22232,0,0,0,0,0,0,16,0,412,0,0,0
22233,24,17,7,0,0,0,0,0,0,0,0,0
22234,2,207,1,0,0,0,0,0,0,0,0,0
22235,0,0,0,0,0,0,0,0,0,2,3,1
22236,0,0,0,0,0,0,0,0,0,1,12,0
22237,117,110,10,0,0,0,0,0,0,0,0,0
22238,0,0,0,1,70,95,0,5,0,0,0,0
22239,0,0,0,0,2,38,0,0,0,0,0,0
22240,0,1,0,0,0,0,108,67,0,0,0,0
22241,0,0,0,0,1,0,338,455,0,0,0,0
22242,0,0,0,1,1,53,0,0,0,0,0,0
22243,19,384,9,0,0,0,0,0,0,0,0,0
22244,0,0,0,0,0,0,24,294,553,0,0,1
22245,13,100,19,0,0,0,1,0,0,0,0,0
22246,0,0,0,4,35,254,0,0,0,0,2,0
22247,0,0,0,2,5,57,0,0,0,0,0,0
22248,0,0,0,0,0,8,0,0,0,0,0,0
22249,0,0,0,0,0,0,106,373,8,0,0,0
22250,0,0,0,0,0,0,0,0,0,7,20,0
22251,0,0,0,0,0,0,0,0,0,3,40,2
22252,149,63,27,0,0,0,0,0,0,0,0,0
22253,9,39,4,0,0,0,0,0,0,0,0,0
22254,0,0,0,0,0,49,0,0,0,0,0,0
22255,8237,45,3,65,0,0,0,0,0,0,0,0
22256,0,0,0,0,0,0,24,267,2,0,0,0
22257,0,0,0,0,3,0,4,117,17,0,0,0
22258,0,0,0,0,0,40,0,0,0,0,0,0
22259,0,515,1,0,0,0,2,0,0,0,0,0
22260,0,0,0,0,2,12,0,0,0,0,0,0
22261,0,0,0,2,1,317,0,0,0,0,1,0
22262,29,4,0,0,0,0,0,0,0,0,0,0
22263,0,2,0,0,0,0,0,0,0,0,0,0
22264,0,0,0,0,0,51,0,0,0,36,4119,1
22265,4,57,0,0,0,0,0,0,0,0,0,0
22266,0,0,0,2,0,49,0,0,0,0,0,0
22267,0,0,8,0,0,1,0,0,0,20,180,0
22268,35,1,0,0,0,0,0,0,0,0,0,0
22269,0,0,0,0,0,0,0,0,0,2,0,4
22270,0,0,0,62,7,110,0,0,0,0,0,0
22271,0,17,6,0,0,0,0,0,0,0,0,0
22272,0,1,0,0,1,0,238,120,1,0,0,0
22273,0,6,0,0,3,0,347,196,1,0,0,0
22274,0,0,0,0,6,5,0,0,0,0,0,0
22275,0,0,0,0,0,1,0,0,0,0,0,0
22276,0,0,0,12,0,82,0,0,0,0,1,0
22277,0,0,0,0,0,0,0,0,1,23,1,24
22278,57,140,0,0,0,0,2,0,0,0,0,0
22279,4,75,12,0,0,0,2,0,0,0,0,0
22280,20,23,2,0,0,0,0,0,0,0,0,0
22281,0,0,0,0,0,5,0,0,0,18,1633,7
22282,0,0,0,23,143,312,0,6,0,0,43,0
22283,0,0,0,4,9,256,0,0,0,0,4,0
22284,0,0,0,0,0,9,0,0,0,0,0,0
22285,7,115,0,0,0,0,2,0,0,0,0,0
22286,0,0,0,0,0,4,0,0,0,56,505,3
22287,18,0,0,110,12,41,0,0,0,0,3,0
22288,32,0,0,59,14,133,0,0,0,0,0,0
22289,0,42,0,0,3,0,154,1179,25,0,0,0
22290,0,0,0,0,0,8,0,0,0,7,504,12
22291,0,0,0,5,15,210,0,0,0,0,14,0
22292,0,0,0,4,14,189,0,0,0,0,0,0
22293,0,0,0,0,0,350,0,0,0,0,0,0
22294,19,116,13,0,0,0,0,0,0,0,0,0
22295,0,0,0,0,0,3,0,0,0,30,1876,35
22296,1,202,25,0,0,0,0,0,0,0,0,0
22297,0,0,0,0,0,400,0,0,0,0,3,0
22298,0,138,3,0,0,0,2,0,0,0,0,0
22299,0,2,0,0,1,0,229,407,157,0,0,0
22300,35,59,54,0,0,0,0,0,0,0,0,0
22301,12,98,21,0,0,0,0,0,0,0,0,0
22302,0,0,1,0,0,0,261,130,11,0,0,0
22303,0,0,0,2,35,47,0,0,0,0,0,0
22304,0,0,0,3,1,1447,0,0,0,0,5,0
22305,9,98,75,0,0,0,0,0,0,1,0,0
22306,0,0,0,0,0,144,0,0,0,0,0,0
22307,0,0,0,0,55,94,0,1,0,0,0,0
22308,0,0,0,0,6,179,0,0,0,0,1,0
22309,0,1,0,0,0,0,134,218,0,0,0,0
22310,279,67,16,2,0,0,0,0,0,0,0,0
22311,5,0,0,0,0,37,0,0,0,471,5572,11
22312,1,0,0,42,19,220,0,0,0,0,1,0
22313,0,0,0,0,0,8,0,0,0,119,525,1
22314,0,0,1,0,0,54,0,0,0,541,9492,6
22315,0,0,0,16,8,193,0,0,0,0,0,0
22316,0,0,0,0,0,0,216,2,11,0,0,0
22317,0,1,0,0,3,0,294,568,4,0,0,0
22318,1,0,0,6,0,79,0,0,0,0,1,0
22319,0,1,0,0,0,0,159,228,4,0,0,0
22320,88,23471,572,0,0,0,239,3,0,2,0,0
22321,0,0,0,0,19,464,0,0,0,0,0,0
22322,0,0,0,9,4,41,0,0,0,0,0,0
22323,0,0,1,0,0,26,0,0,0,160,3433,2
22324,1,0,0,16,84,369,0,2,0,0,2,0
22325,0,0,0,18,8,61,0,0,0,0,0,0
22326,0,0,0,0,0,42,0,0,0,61,4291,1
22327,0,0,0,107,18,81,0,0,0,0,1,0
22328,0,0,0,12,143,128,0,45,0,0,5,0
22329,0,0,0,0,0,164,0,0,0,0,2546,0
22330,99,124,165,1,0,0,6,0,0,14,0,0
22331,0,24,0,0,0,0,937,79,28,0,0,1
22332,0,14,0,0,14,0,426,348,0,0,0,0
22333,0,0,0,1,5,300,0,0,0,0,8,0
22334,0,0,0,102,11,1400,0,0,0,0,68,0
22335,0,0,0,0,0,0,0,0,0,0,0,0
22336,0,0,0,0,0,0,1,260,21,0,0,0
22337,107,134,55,0,0,0,4,0,0,2,0,0
22338,0,0,0,0,0,12,0,0,2,76,602,21
22339,40,78,8,0,0,0,0,0,0,0,0,0
22340,0,5,0,0,1,0,343,234,18,0,0,0
22341,0,0,0,0,0,1,0,0,0,101,223,5
22342,1,0,0,1039,5,142,0,0,0,0,1,0
22343,0,0,0,0,0,0,239,238,288,0,0,2
22344,0,4,0,0,3,0,188,1267,91,0,0,0
22345,0,0,0,4,3,101,0,0,0,0,1,0
22346,0,1,0,0,189,0,105,6626,106,0,0,0
22347,0,0,0,0,0,1,0,0,3,61,492,49
22348,0,0,0,68,89,144,0,0,0,0,3,0
22349,0,4,0,0,5,0,256,487,6,0,0,0
22350,0,0,0,0,0,6,0,0,0,7,537,3
22351,40,223,124,0,0,0,2,0,0,5,0,0
22352,0,0,0,0,1,0,44,179,1,0,0,0
22353,0,0,0,0,0,7,0,0,0,13,355,1
22354,0,0,0,2,7,211,0,0,0,0,1,0
22355,0,0,0,1,0,9,0,0,0,0,0,0
22356,6,260,7,0,0,0,2,0,0,0,0,0
22357,0,0,0,0,0,1142,0,0,0,0,27,0
22358,0,0,0,1,0,28,0,0,0,0,0,0
22359,9,126,4,0,0,0,1,0,0,0,0,0
22360,0,0,0,1,2,134,0,0,0,0,0,0
22361,0,0,0,0,4,0,12,317,34,0,0,0
22362,0,0,0,0,1,4,0,0,0,0,0,0
22363,0,1,0,0,6,0,105,927,5,0,0,0
22364,0,0,0,0,0,0,85,1,0,0,0,0
22365,0,0,0,0,1,0,2,5,1,0,0,0
22366,0,0,0,0,0,26,0,0,0,0,0,0
22367,0,0,0,4,0,106,0,0,0,0,0,0
22368,9,20,0,0,0,0,0,0,0,0,0,0
22369,0,0,0,0,0,186,0,0,0,0,0,0
22370,0,0,0,0,0,0,0,0,0,21,8,3
22371,0,0,0,0,0,2,0,0,0,0,0,0
22372,0,0,0,21,46,123,0,0,0,0,0,0
22373,0,0,0,0,0,0,0,0,0,52,3,39
22374,40,34,0,0,0,0,0,0,0,0,0,0
22375,1,64,1,0,0,0,0,0,0,0,0,0
22376,0,0,0,0,0,1,0,0,0,58,376,1
22377,0,0,1,0,0,19,0,0,0,134,2669,3
22378,0,0,0,12,1,50,0,0,0,0,0,0
22379,0,6,5,0,0,0,0,0,0,0,0,0
22380,0,1,0,0,0,0,75,126,63,0,0,0
22381,1,0,0,0,1,0,626,848,30,0,0,0
22382,1,9,0,0,0,0,0,0,0,0,0,0
22383,0,0,0,0,0,12,0,0,1,31,713,9
22384,21,0,0,893,10,143,0,0,0,0,0,0
22385,0,0,0,0,1,35,0,0,0,0,1,0
22386,0,0,0,0,5,1,0,0,0,0,0,0
22387,0,0,0,2,5,50,0,0,0,0,0,0
22388,0,0,0,0,0,51,0,0,0,20,5531,5
22389,0,0,0,0,0,4,0,0,0,0,0,0
22390,30,183,5,0,0,0,7,0,0,0,0,0
22391,0,0,0,1,0,200,0,0,0,0,0,0
22392,0,0,0,2,0,2,0,0,0,0,0,0
22393,8,40,2,0,0,0,0,0,0,0,0,0
22394,0,51,8,0,0,0,0,0,0,0,0,0
22395,3,55,1,0,0,0,1,0,0,0,0,0
22396,13,160,32,0,0,0,1,0,0,0,0,0
22397,0,0,0,6,0,5,0,0,0,0,0,0
22398,62,1,0,0,0,0,0,0,0,0,0,0
22399,0,0,0,0,0,208,0,0,0,0,1,0
22400,7,68,1,0,0,0,0,0,0,0,0,0
22401,1,39,3,0,0,0,0,0,0,0,0,0
22402,0,0,0,0,0,324,0,0,0,0,1,0
22403,0,1,0,0,0,0,70,2,1527,0,1,21
22404,38,56,34,0,0,0,0,0,0,0,0,0
22405,8,38,8,0,0,0,2,0,0,0,0,0
22406,9,10,9,0,0,0,0,0,0,2,0,0
22407,16,61,10,0,0,0,0,0,0,0,0,0
22408,0,0,0,60,38,264,0,0,0,0,3,0
22409,0,0,0,0,0,0,1,1,0,0,0,0
22410,0,0,0,0,0,0,2,3,7,0,0,0
22411,19,224,66,0,0,0,0,0,0,0,0,0
22412,4,13,4,0,0,0,0,0,0,0,0,0
22413,0,0,0,0,0,4,0,0,0,18,446,0
22414,0,0,0,0,0,0,0,0,0,11,567,2
22415,0,33,7,0,0,0,1,0,0,0,0,0
22416,0,0,0,0,2,5,0,0,0,0,0,0
22417,0,0,0,191,0,62,0,0,0,0,0,0
22418,2,15,0,0,0,0,0,0,0,0,0,0
22419,0,0,0,0,0,0,0,0,0,3,370,2
22420,109,95,2,0,0,0,1,0,0,0,0,0
22421,0,0,0,0,0,0,126,16,213,0,0,2
22422,12,92,13,0,0,0,1,0,0,0,0,0
22423,1,0,0,12,9,168,0,0,0,0,1,0
22424,0,0,0,0,0,0,8,218,2,0,0,0
22425,0,0,0,0,0,1,0,0,0,0,265,3
22426,0,0,0,1,2,119,0,0,0,0,1,0
22427,0,1039,0,0,1,0,19751,564,87,0,0,0
22428,0,0,0,0,2,15,0,0,0,0,0,0
22429,35,188,4,0,0,0,1,0,0,0,0,0
22430,0,0,0,0,0,0,0,4,3,0,0,0
22431,2,1,0,0,0,0,0,0,0,0,0,0
22432,0,0,0,0,0,33,0,0,0,1,3721,12
22433,0,0,0,7,0,1,0,0,0,0,0,0
22434,0,0,0,0,0,0,1,1,1,0,0,0
22435,0,0,0,1,0,319,0,0,0,0,5,0
22436,0,0,0,0,4,0,61,330,1,0,0,0
22437,0,0,0,0,0,0,0,0,0,1,1,29
22438,10,351,6,0,0,0,6,0,0,0,0,0
22439,0,0,0,0,0,2,0,0,0,7,135,3
22440,0,0,0,6,1,4,0,0,0,0,0,0
22441,2,0,0,56,10,200,0,0,0,0,3,0
22442,0,0,0,0,0,0,22,4,0,0,0,0
22443,1,26,2,0,0,0,0,0,0,0,0,0
22444,0,0,0,0,0,47,0,0,0,5,6029,1
22445,0,0,0,0,0,0,0,0,0,0,7,0
22446,0,0,0,0,0,0,0,0,0,1,6,0
22447,5,0,0,111,148,314,0,0,0,0,8,0
22448,0,0,0,0,0,0,0,0,0,20,5,2
22449,0,0,0,1,0,2,0,0,0,0,0,0
22450,0,0,3,0,0,44,0,0,0,212,6771,104
22451,0,0,0,0,5,3,0,0,0,0,0,0
22452,0,0,0,0,0,0,0,0,0,0,52,0
22453,290,87,24,8,0,0,0,0,0,0,0,0
22454,0,0,0,0,0,0,5,4,6,0,0,0
22455,2,2,1,0,0,0,0,0,0,0,0,0
22456,0,288,0,0,0,0,3,0,0,0,0,0
22457,0,121,1,0,0,0,0,0,0,0,0,0
22458,0,0,0,0,0,34,0,0,0,2,3517,1
22459,160,111,21,1,0,0,1,0,0,0,0,0
22460,0,1,6,0,0,0,0,0,0,0,0,0
22461,10,32,0,0,0,0,0,0,0,0,0,0
22462,0,1,0,0,0,0,67,1,0,0,0,0
22463,0,0,0,1,0,1,0,0,0,0,0,0
22464,0,0,0,0,0,0,1,2,0,0,0,0
22465,0,0,0,0,0,395,0,0,0,0,1,0
22466,2,0,0,0,0,0,0,0,0,0,0,0
22467,0,0,0,0,0,0,0,0,0,2,8,0
22468,0,4,0,0,52,0,447,4616,215,0,0,0
22469,0,0,0,0,0,69,0,0,0,0,1,0
22470,0,0,0,0,0,1,0,0,0,0,0,0
22471,0,1,0,0,0,0,153,228,57,0,0,0
22472,0,4,5,0,0,0,0,0,0,0,0,0
22473,0,37,4,0,0,0,0,0,0,0,0,0
22474,7,256,12,0,0,0,1,0,0,0,0,0
22475,0,0,0,2,26,1,0,0,0,0,0,0
22476,0,0,0,0,0,0,0,0,0,2,3,0
22477,0,0,1,0,0,5,0,0,0,68,765,4
22478,0,0,0,3,10,272,0,0,0,0,4,0
22479,0,0,0,1,2,6,0,0,0,0,0,0
22480,0,0,0,4,0,54,0,0,0,56,4480,71
22481,12,67,1,0,0,0,0,0,0,0,0,0
22482,0,0,0,0,0,21,0,0,0,26,1889,21
22483,0,0,0,13,3,246,0,0,0,0,1,0
22484,0,0,0,0,192,0,393,2194,368,0,6,4
22485,0,0,0,1,2,3,0,0,0,0,0,0
22486,315,134,18,8,0,1,1,0,0,0,0,0
22487,0,0,0,0,0,0,112,0,1330,0,0,7
22488,11,50,44,0,0,0,0,0,0,0,0,0
22489,5,37,11,0,0,0,0,0,0,0,0,0
22490,1,2,0,0,0,0,0,0,0,0,0,0
22491,0,60,1,0,0,0,0,0,0,0,0,0
22492,2,209,0,0,0,0,4,0,0,0,0,0
22493,0,0,0,0,0,0,1,1,0,0,0,0
22494,0,0,0,0,0,0,1,2,0,0,0,0
22495,77,61,14,0,0,0,0,0,0,0,0,0
22496,3,134,15,0,0,0,0,0,0,0,0,0
22497,0,0,0,0,0,4,0,0,0,0,0,0
22498,0,0,0,1,0,109,0,0,0,68,8270,3
22499,0,0,0,0,0,4,0,0,0,0,0,0
22500,7,0,0,1,0,0,0,0,0,0,0,0
22501,0,0,0,1,0,598,0,0,0,0,7,0
22502,0,0,1,0,0,0,0,0,0,433,0,6
22503,12,20,0,0,0,0,0,0,0,0,0,0
22504,9,41,8,0,0,0,0,0,0,0,0,0
22505,2,2,1,0,0,0,0,0,0,0,0,0
22506,0,0,0,0,0,0,0,0,0,4,45,2
22507,0,0,0,25,2,76,0,0,0,0,1,0
22508,0,0,0,4,15,1,0,1,0,0,0,0
22509,0,0,0,0,0,0,0,0,0,4,11,1
22510,0,0,0,3,1,1560,0,0,0,0,104,0
22511,5,4,0,0,0,0,1,0,0,0,0,0
22512,1,142,1,0,0,0,0,0,0,0,0,0
22513,0,0,0,0,0,1,0,0,0,0,176,0
22514,0,0,0,1,0,6,0,0,0,0,0,0
22515,0,0,0,5,5,24,0,0,0,0,0,0
22516,0,0,0,0,0,0,0,0,0,0,0,0
22517,0,0,0,0,0,0,0,0,0,0,0,0
22518,0,0,0,0,0,0,1,2,4,0,0,1
22519,0,48,1,0,0,0,1,0,0,0,0,0
22520,0,0,0,0,1,0,59,263,19,0,0,0
22521,0,0,0,0,0,0,0,0,0,0,0,0
22522,0,0,0,0,0,14,0,0,0,53,1021,12
22523,0,0,0,0,0,0,0,0,0,31,2,18
22524,326,36,10,3,0,0,0,0,0,0,0,0
22525,3,1835,1,0,0,0,167,2,0,0,0,0
22526,0,0,0,0,0,0,0,0,0,3,194,9
22527,0,0,0,0,0,0,0,0,0,2,12,3
22528,46,65,29,0,0,0,0,0,0,0,0,0
22529,10,49,2,0,0,0,1,0,0,0,0,0
22530,0,0,60,0,0,150,0,0,0,579,2559,32
22531,63,117,11,6,0,0,0,0,0,0,0,0
22532,0,1,0,0,0,0,58,1,174,0,0,1
22533,18,16,20,3,0,0,0,0,0,0,0,0
22534,2,316,49,0,0,0,33,0,0,4,0,0
22535,0,0,0,0,14,3,0,0,0,0,0,0
22536,0,0,0,0,0,0,0,0,0,76,64,0
22537,0,0,0,1,18,383,0,2,0,0,132,0
22538,0,47,0,0,0,0,0,0,0,0,0,0
22539,0,0,0,0,0,2,0,0,0,0,0,0
22540,0,0,0,8,0,25,0,0,0,0,0,0
22541,0,40,0,0,0,0,1000,7,3,0,0,0
22542,0,0,0,0,0,3,0,0,0,0,0,0
22543,0,0,0,1,0,231,0,0,0,0,0,0
22544,0,1,0,0,0,0,0,0,0,0,0,0
22545,0,0,0,0,0,0,0,1,0,0,0,0
22546,0,228,0,0,0,0,0,0,0,0,0,0
22547,0,0,0,0,3,18,0,0,0,0,0,0
22548,0,0,0,1,0,1,0,0,0,0,0,0
22549,0,0,0,0,3,116,0,0,0,0,0,0
22550,0,0,0,0,0,2,0,0,0,17,1003,12
22551,0,0,0,0,0,0,0,0,0,4,227,1
22552,0,0,0,1,3,248,0,0,0,0,2,0
22553,5,2,16,0,0,0,0,0,0,0,0,0
22554,4,137,13,0,0,0,0,0,0,0,0,0
22555,0,0,0,3,0,261,0,0,0,0,0,0
22556,1,8,0,0,0,0,0,0,0,0,0,0
22557,0,0,0,0,1,4,0,0,0,0,0,0
22558,0,0,0,23,0,143,0,0,0,0,2,0
22559,5,10,0,0,0,0,0,0,0,0,0,0
22560,0,0,0,0,0,0,0,0,0,17,93,1
22561,87,112,1,0,0,0,0,0,0,0,0,0
22562,20,2,0,0,0,0,0,0,0,0,0,0
22563,0,14,3,0,0,0,0,0,0,0,0,0
22564,0,0,0,0,0,0,0,0,0,18,278,0
22565,0,0,0,1,20,36,0,0,0,0,0,0
22566,0,0,0,0,0,17,0,0,0,0,0,0
22567,0,0,0,0,0,0,169,175,11,0,0,0
22568,0,0,0,1,0,0,0,0,0,0,0,0
22569,0,0,0,0,0,0,0,1,1,0,0,0
22570,0,0,0,0,0,2,0,0,0,1,599,0
22571,0,0,0,0,0,5,0,0,0,64,131,0
22572,0,1,0,0,0,0,0,0,0,28,134,11
22573,0,0,0,8,14,130,0,0,0,0,1,0
22574,0,0,0,4,1,79,0,0,0,0,0,0
22575,0,0,0,4,0,1,0,0,0,0,0,0
22576,1,0,0,422,1,220,0,0,0,0,0,0
22577,0,0,0,0,0,0,200,38,2,0,0,0
22578,0,259,0,0,0,0,227413,37,1,0,0,0
22579,0,0,0,1,0,170,0,0,0,0,0,0
22580,0,1,0,0,0,0,140,1,17,0,0,0
22581,76,26,75,0,0,0,0,0,0,0,0,0
22582,17,71,70,0,0,0,0,0,0,0,0,0
22583,0,0,0,0,0,0,103,5,1,0,0,0
22584,0,0,0,0,3,2,0,0,0,0,0,0
22585,0,0,0,0,3,281,0,0,0,0,0,0
22586,0,0,0,3,2,36,0,0,0,0,0,0
22587,0,0,0,0,0,1,0,0,0,0,0,0
22588,0,0,0,2,1,235,0,0,0,0,1,0
22589,1,5,0,0,0,0,0,0,0,0,0,0
22590,1,0,0,0,0,0,0,0,0,0,0,0
22591,0,0,0,0,0,8,0,0,0,3,3423,0
22592,0,0,0,0,0,0,167,846,5,0,0,0
22593,0,0,0,0,0,0,0,0,0,20,76,15
22594,0,0,0,0,0,0,0,0,0,383,497,29
22595,240,0,0,1,0,0,0,0,0,0,0,0
22596,0,0,0,0,0,0,0,0,0,0,8,0
22597,0,0,0,0,0,21,0,0,0,95,5383,5
22598,2,169,9,0,0,0,0,0,0,0,0,0
22599,0,60,0,0,4,0,61724,606,151,0,0,0
22600,88,161,881,0,0,0,0,0,0,15,0,0
22601,0,0,0,1,3,4,0,0,0,0,0,0
22602,0,0,0,1,2,3,0,0,0,0,2,0
22603,0,0,0,0,1,40,0,0,0,0,0,0
22604,0,0,0,0,8,0,137,1038,7,0,0,0
22605,0,0,0,0,0,0,0,0,0,37,60,3
22606,77,106,15,0,0,0,0,0,0,0,0,0
22607,0,0,0,0,21,147,0,1,0,0,0,0
22608,0,0,0,0,0,0,0,0,0,1,7,0
22609,0,0,0,28,16,116,0,0,0,0,0,0
22610,0,0,0,0,0,0,20,2,0,0,0,0
22611,0,0,0,0,1,9,0,0,0,0,0,0
22612,0,0,0,3,5,49,0,0,0,0,0,0
22613,0,0,0,1,0,15,0,0,0,0,0,0
22614,29,2,0,0,0,0,0,0,0,0,0,0
22615,0,0,0,0,0,266,0,0,0,0,0,0
22616,0,0,0,0,0,0,27,592,1,0,0,0
22617,0,0,0,0,0,0,0,0,0,14,239,6
22618,0,0,0,49,12,97,0,0,0,0,0,0
22619,0,0,0,1,0,1,0,0,0,0,0,0
22620,0,0,0,0,0,0,1,14,4,0,0,0
22621,0,0,0,0,0,0,2,4,9,0,0,0
22622,14,269,67,0,0,0,1,0,0,0,0,0
22623,0,126,530,0,0,0,0,0,0,2,0,0
22624,0,0,1,0,0,69,0,0,0,840,11484,9
22625,0,2,20,0,0,0,0,0,0,0,0,0
22626,0,0,0,0,0,0,2,0,0,0,0,0
22627,0,1,0,0,0,0,458,9,2,0,0,0
22628,1,74,68,0,0,0,0,0,0,0,0,0
22629,18,988,19,0,0,0,3,0,1,0,0,0
22630,0,3,0,0,1,0,413,127,7,0,0,0
22631,1,2,24,0,0,0,0,0,0,0,0,0
22632,0,1,0,0,0,0,154,21,8,0,0,0
22633,1,87,0,0,0,0,0,0,0,0,0,0
22634,3,79,8,0,0,0,0,0,0,0,0,0
22635,0,0,0,0,0,3,0,0,0,0,0,0
22636,0,0,0,0,0,2,0,0,0,15,501,0
22637,2,81,77,0,0,0,0,0,0,0,0,0
22638,0,0,0,0,1,0,220,35,4,0,0,0
22639,0,0,0,0,0,214,1,0,8,79,1951,14
22640,9,11,0,0,0,0,0,0,0,0,0,0
22641,0,10,1,0,0,0,0,0,0,0,0,0
22642,0,0,0,0,0,1,0,0,0,18,443,1
22643,0,0,0,6,0,2,0,0,0,0,0,0
22644,0,0,0,0,0,0,1,3,10,0,0,0
22645,0,0,0,8,0,118,0,0,0,0,1,0
22646,0,0,0,0,0,0,30,295,54,0,0,0
22647,0,0,0,1,0,5,0,0,0,0,0,0
22648,0,0,0,59,6,74,0,0,0,0,0,0
22649,0,0,0,0,0,0,7,13,1,0,0,0
22650,0,0,0,0,0,0,0,0,0,0,92,0
22651,0,0,0,0,0,0,0,0,0,0,0,0
22652,0,0,0,0,0,0,14,3,0,0,0,0
22653,1,3,1,0,0,0,0,0,0,0,0,0
22654,0,0,0,0,1,98,0,0,0,0,0,0
22655,0,0,0,0,0,1,0,0,0,0,0,0
22656,0,4,0,0,0,0,0,0,0,0,0,0
22657,0,0,0,0,0,319,0,0,0,0,3,0
22658,0,0,0,1,4,3,0,0,0,0,0,0
22659,0,0,0,0,0,0,0,0,0,5,16,0
22660,0,0,0,84,3,265,0,0,0,0,0,0
22661,0,0,0,0,0,0,0,0,0,0,0,0
22662,0,0,0,1,3,115,0,0,0,0,1,0
22663,0,0,0,0,0,6,0,0,0,10,500,0
22664,0,0,0,0,0,1,0,0,0,118,264,0
22665,0,0,0,0,0,2,0,0,0,0,0,0
22666,6,147,3,0,0,0,0,0,0,0,0,0
22667,0,0,0,0,0,34,0,0,0,0,0,0
22668,16,19,2,0,0,0,0,0,0,0,0,0
22669,0,0,0,0,0,670,0,0,0,0,3,0
22670,5,23,32,0,0,0,0,0,0,0,0,0
22671,3,391,4,0,0,0,2,0,0,0,0,0
22672,0,0,0,33,50,352,0,0,0,0,0,0
22673,0,0,0,49,26,227041,0,0,0,16,612,0
22674,0,0,0,1,0,219,0,0,0,3,227055,0
22675,0,0,0,0,0,12,0,0,0,136,1435,15
22676,0,0,0,0,0,0,27,30,48,0,0,0
22677,0,0,0,0,0,0,0,0,0,5,247,2
22678,77,106,13,0,0,0,0,0,0,0,0,0
22679,0,0,0,4,28,227224,0,0,0,0,118,0
22680,0,0,0,0,0,0,0,0,0,1,429,0
22681,92,530,35,0,0,0,0,1,0,0,0,0
22682,0,0,0,9,3,66,0,0,0,0,0,0
22683,0,0,0,3,0,13,0,0,0,0,0,0
22684,0,0,0,4,9,79,0,0,0,0,0,0
22685,0,0,0,9,18,31,0,0,0,0,0,0
22686,0,0,0,3,0,552,0,0,0,41,227196,0
22687,0,0,0,0,0,6,0,0,0,92,1653,42
22688,30,144,1,0,0,0,0,0,0,0,0,0
22689,0,0,0,0,0,2,0,0,0,40,932,27
22690,0,0,0,8,11,287,0,0,0,0,1,0
22691,0,0,0,0,0,71,0,0,0,0,0,0
22692,0,0,0,0,0,1,0,0,0,0,0,0
22693,0,0,0,3,0,343,0,0,0,0,3,0
22694,0,2,0,0,0,0,0,0,0,0,0,0
22695,50,30,1,0,0,0,0,0,0,0,0,0
22696,0,0,0,0,0,0,19,116,2,0,0,0
22697,0,0,0,0,0,0,0,0,0,0,0,0
22698,0,0,0,0,0,0,0,5,1,0,0,0
22699,0,0,0,0,0,70,0,0,0,0,0,0
22700,0,0,0,0,1,6,0,0,0,0,0,0
22701,40,1,0,0,0,0,0,0,0,0,0,0
22702,0,0,0,0,0,166,0,0,0,0,0,0
22703,0,0,0,0,0,0,38,1,1,0,0,0
22704,0,0,0,0,0,0,4,1,0,0,0,0
22705,16,169,25,0,0,0,1,0,0,0,0,0
22706,0,0,0,0,0,0,4,782,46,0,0,0
22707,0,0,0,2,0,5,0,0,0,0,0,0
22708,0,0,0,0,4,0,191,2207,201,0,0,0
22709,0,0,0,0,0,0,0,0,0,0,0,0
22710,0,0,0,0,0,0,0,0,0,2,13,0
22711,0,0,0,16,55,283,0,0,0,0,3,0
22712,0,0,1,0,0,0,0,0,0,9,543,20
22713,0,0,0,0,0,2,0,0,0,40,1516,12
22714,0,0,0,5,10,188,0,0,0,0,1,0
22715,1,14,2,0,0,0,0,0,0,0,0,0
22716,0,0,0,0,0,4,0,0,0,310,1120,4
22717,0,0,0,17,185,327,0,2,0,0,0,0
22718,0,0,0,0,0,0,0,0,0,0,0,0
22719,0,3,0,0,0,0,0,0,0,0,0,0
22720,0,82,0,0,0,0,0,0,0,0,0,0
22721,0,0,0,0,0,67,0,0,0,0,0,0
22722,0,0,0,0,0,1,0,0,0,0,0,0
22723,1,4,0,0,0,0,0,0,0,0,0,0
22724,0,1,0,0,0,0,0,0,0,0,0,0
22725,2,8,0,0,0,0,0,0,0,0,0,0
22726,0,0,0,0,2,160,0,0,0,0,0,0
22727,0,0,0,0,0,0,16,8,4,0,0,0
22728,2,47,18,0,0,0,0,0,0,0,0,0
22729,0,0,0,0,17,497,0,0,0,0,4,0
22730,0,0,0,0,0,0,0,0,0,6,71,0
22731,0,0,0,0,0,0,0,0,0,0,0,0
22732,0,0,0,0,0,0,0,0,0,64,62,5
22733,0,0,0,0,0,0,0,0,0,0,0,0
22734,0,0,0,0,0,0,0,0,0,0,0,0
22735,0,0,0,0,0,3,0,0,0,1,326,0
22736,0,0,0,0,3,7,0,0,0,0,0,0
22737,0,0,0,2,0,7,0,0,0,0,0,0
22738,0,0,0,0,0,262,0,0,0,0,1,0
22739,1,7,2,0,0,0,0,0,0,0,0,0
22740,0,0,0,0,0,0,0,0,0,1,41,5
22741,0,0,0,1,0,3193,0,0,0,0,21,0
22742,30,15,8,0,0,0,0,0,0,0,0,0
22743,14,144,14,0,0,0,0,0,0,0,0,0
22744,0,0,0,0,0,301,0,0,0,0,0,0
22745,0,0,0,0,0,0,10,26,11,0,0,0
22746,0,0,0,0,0,18,0,0,0,0,0,0
22747,0,0,1,0,0,6,0,0,0,410,2132,20
22748,0,0,0,2,0,19,0,0,0,0,0,0
22749,24,2,1,0,0,0,0,0,0,0,0,0
22750,0,0,0,0,0,186,0,0,0,0,0,0
22751,0,0,0,0,0,0,7,27,1,0,0,0
22752,0,0,0,0,0,0,0,0,0,0,80,0
22753,1004,178,5,5,0,0,0,0,0,0,0,0
22754,0,0,0,0,0,0,1,0,0,0,0,0
22755,0,1,0,0,0,0,0,0,0,0,0,0
22756,0,0,0,0,1,119,0,0,0,0,0,0
22757,0,0,0,0,5,2,0,0,0,0,0,0
22758,0,0,0,0,0,0,0,0,0,1,3,0
22759,42,182,7,0,0,0,0,0,0,0,0,0
22760,0,0,0,0,0,5,0,0,0,0,0,0
22761,0,0,0,0,0,0,0,0,0,0,0,0
22762,0,0,0,0,0,138,0,0,0,0,0,0
22763,0,0,0,0,0,0,124,282,30,0,0,0
22764,0,0,0,0,0,4,0,0,0,0,0,0
22765,11,120,1,0,0,0,0,0,0,0,0,0
22766,4,70,14,0,0,0,0,0,0,0,0,0
22767,0,0,0,0,0,8,0,0,0,0,0,0
22768,0,0,0,1,0,44,0,0,0,0,0,0
22769,1,4,3,0,0,0,0,0,0,0,0,0
22770,0,0,0,0,0,0,97,25,24,0,0,0
22771,7,84,9,0,0,0,0,0,0,0,0,0
22772,0,0,0,0,0,0,11,51,12,0,0,0
22773,0,0,0,0,0,0,0,11,9,0,0,0
22774,0,0,0,1,0,40,0,0,0,0,0,0
22775,0,67,0,0,0,0,301,122,12,0,0,0
22776,8,68,7,0,0,0,0,0,0,0,0,0
22777,0,0,0,9,3,362,0,0,0,0,3,0
22778,0,0,0,0,0,0,1,2,171,0,0,0
22779,2,4,4,0,0,0,0,0,0,0,0,0
22780,17,49,32,0,0,0,0,0,0,0,0,0
22781,0,0,0,0,0,0,164,6,4,0,0,0
22782,0,0,0,0,0,10,0,0,0,0,0,0
22783,0,0,0,0,0,9,0,0,0,42,1968,0
22784,1,142,226,0,0,0,0,0,0,0,0,0
22785,0,0,0,0,2,0,130,503,19,0,0,0
22786,51,714,114,0,0,0,5,0,0,1,0,0
22787,0,0,0,0,0,0,0,0,0,10,2,9
22788,6,2,0,0,0,0,0,0,0,0,0,0
22789,3,73,2,0,0,0,0,0,0,0,0,0
22790,0,114,9,0,0,0,0,0,0,0,0,0
22791,0,0,0,0,1,4,0,0,0,0,0,0
22792,0,0,0,0,0,190,0,0,0,82,15918,0
22793,0,0,0,0,2,0,46,630,2,0,0,0
22794,0,0,0,0,0,0,0,0,0,8,124,2
22795,0,0,0,22,54,782,0,0,0,0,2,0
22796,0,0,0,0,0,0,0,0,0,1,5,0
22797,0,0,0,0,0,0,0,0,0,7,39,0
22798,137,298,53,0,0,0,0,0,0,2,0,0
22799,0,1,0,0,0,0,84,62,19,0,0,0
22800,0,0,0,0,0,0,24,67,23,0,0,0
22801,0,0,0,0,195,4,219,26439,90,0,0,0
22802,0,0,0,0,0,0,0,0,0,0,0,0
22803,74,840,1,0,0,0,6,0,2,0,0,0
22804,24,93,415,0,0,0,0,0,0,0,0,0
22805,5,79,8,0,0,0,0,0,0,0,0,0
22806,0,0,0,0,0,0,0,0,0,211,21,17
22807,0,0,0,25,5,203,0,0,0,0,0,0
22808,0,0,0,0,0,0,0,1,0,0,0,0
22809,0,0,0,0,0,0,4,1,0,0,0,0
22810,24,183,40,0,0,0,1,0,0,0,0,0
22811,0,24,1,0,0,0,0,0,0,0,0,0
22812,19,142,19524,0,0,0,0,0,0,19280,5,0
22813,0,1,0,0,1791,5,120,235793,10,0,0,0
22814,0,49,0,0,0,0,0,0,0,0,0,0
22815,0,0,0,0,1,5,0,0,0,0,0,0
22816,0,0,0,17,0,416,0,0,0,0,3,0
22817,0,0,0,0,330,0,34,1115,0,0,0,0
22818,0,0,0,0,0,0,0,0,0,0,28,0
22819,0,0,0,21,10,312,0,0,0,0,3,0
22820,0,0,0,0,0,0,33,18,2,0,0,0
22821,4,14,20,0,0,0,0,0,0,0,0,0
22822,0,0,0,1,2,77,0,0,0,0,0,0
22823,0,0,0,1,0,4,0,0,0,0,0,0
22824,33,6,0,0,0,0,0,0,0,0,0,0
22825,0,0,0,0,0,725,0,0,0,0,0,0
22826,0,0,0,0,0,0,0,0,0,0,0,0
22827,0,1,0,0,0,0,0,0,0,0,0,0
22828,0,0,0,0,0,58,0,0,0,0,0,0
22829,0,0,0,1,0,2,0,0,0,0,0,0
22830,1,1,0,0,0,0,0,0,0,0,0,0
22831,0,0,0,0,0,107,0,0,0,0,0,0
22832,0,0,0,0,0,0,0,0,0,0,0,0
22833,1,8,0,0,0,0,0,0,0,0,0,0
22834,6,662,2,0,0,0,4,0,0,0,0,0
22835,0,0,0,0,7,171,0,0,0,0,0,0
22836,0,0,0,0,0,0,0,0,0,0,0,0
22837,1,61,0,0,0,0,0,0,0,0,0,0
22838,0,0,0,0,0,0,0,0,0,1,123,2
22839,0,0,0,0,0,0,0,0,0,0,3,0
22840,52,209,15,0,0,0,0,0,0,0,0,0
22841,0,4,0,0,0,0,999,209,139,0,0,0
22842,628,323,184,0,0,0,1,0,0,0,0,0
22843,0,0,0,0,22,189,0,0,0,0,0,0
22844,0,0,0,0,0,0,0,38,10,0,0,0
22845,12,75,8,0,0,0,0,0,0,0,0,0
22846,0,0,0,53,162,415,0,0,0,0,0,0
22847,0,0,0,1,0,4,0,0,0,0,0,0
22848,0,0,0,0,0,3,0,0,0,0,0,0
22849,0,0,0,1,0,179,0,0,0,0,0,0
22850,1,11,0,0,0,0,0,0,0,0,0,0
22851,0,0,0,0,0,0,0,0,0,0,219,0
22852,42,138,3,0,0,0,0,0,0,0,0,0
22853,0,0,0,0,0,0,4,0,0,0,0,0
22854,0,0,0,0,0,0,0,0,0,0,0,0
22855,0,0,1,0,0,0,0,0,0,86,369,1
22856,0,0,0,0,0,0,0,0,0,0,0,0
22857,0,0,0,0,0,0,1,3,0,0,0,0
22858,0,0,0,0,0,8,0,0,0,0,5258,1
22859,0,0,0,0,0,0,260,2,3,0,0,0
22860,0,0,0,0,0,3,0,0,0,0,0,0
22861,0,0,0,0,2,142,0,0,0,0,1,0
22862,9,358,12,0,0,0,1,0,0,0,0,0
22863,0,0,0,0,0,44,0,0,0,0,0,0
22864,17,35,0,0,0,0,0,0,0,0,0,0
22865,0,0,0,0,0,0,29,207,0,0,0,0
22866,0,0,0,0,0,0,0,0,0,2,5,0
22867,0,0,0,19,72,48,0,0,0,0,0,0
22868,0,0,0,0,0,2,0,0,0,0,0,0
22869,0,0,0,0,0,0,1,28,0,0,0,0
22870,0,0,0,0,0,0,1,6,0,0,0,0
22871,0,1,0,0,0,0,0,0,0,0,0,0
22872,2,12,0,0,0,0,0,0,0,0,0,0
22873,0,0,0,0,0,99,0,0,0,0,1,0
22874,0,0,0,2,13,2,0,0,0,0,0,0
22875,0,0,0,0,0,0,0,0,0,0,6,0
22876,0,0,0,1,2,320,0,0,0,0,0,0
22877,4,2,1,0,0,0,0,0,0,0,0,0
22878,3,5,0,0,0,0,0,0,0,0,0,0
22879,0,0,106,0,0,0,0,0,2,5617,1108,159
22880,134,16,1,1,0,0,0,0,0,0,0,0
22881,19,178,52,0,0,0,0,0,0,0,0,0
22882,264,0,0,1631,227828,349,0,703,0,0,21,0
22883,0,0,2,0,0,0,0,0,0,49,99,2
22884,0,0,0,1,102,14,0,11,0,0,0,0
22885,3,0,0,67,3,125,0,0,0,0,4,0
22886,0,0,0,0,0,0,0,7,2,0,0,0
22887,8,1,0,0,0,0,0,0,0,0,0,0
22888,0,0,0,1,2,250,0,0,0,0,7,0
22889,0,0,0,3,22,1,0,1,0,0,0,0
22890,0,0,0,0,0,0,0,0,4,1,20,8
22891,0,0,0,1,5,170,0,0,0,0,3,0
22892,1,10,0,0,0,0,0,0,0,0,0,0
22893,76,581,56,0,0,0,32,0,0,0,0,0
22894,0,4,0,0,3,0,396,540,18,0,0,0
22895,0,0,0,0,0,0,123,125,3,0,0,0
22896,0,0,0,0,7,109,0,0,0,0,0,0
22897,0,0,0,47,13,146,0,0,0,0,0,0
22898,1,166,0,0,0,0,227108,3,80,0,0,0
22899,0,0,0,0,135,0,60,5377,74,0,0,0
22900,0,0,0,4,0,62,0,0,0,0,0,0
22901,0,0,0,0,0,0,24,7,1,0,0,0
22902,0,0,0,0,0,0,12,56,1,0,0,0
22903,0,0,0,1,2,17,0,0,0,0,0,0
22904,25,30,1,0,0,0,0,0,0,0,0,0
22905,5,48,22,0,0,0,0,0,0,0,0,0
22906,4,0,0,9,4,72,0,0,0,0,0,0
22907,2,0,0,83,16,126,0,0,0,0,4,0
22908,3,1,208,0,0,0,0,0,0,0,0,0
22909,0,0,0,1,0,431,0,0,0,0,0,0
22910,2,62,0,0,0,0,0,0,0,0,0,0
22911,6,8,2,0,0,0,0,0,0,0,0,0
22912,0,0,0,6,391,366,0,12,0,0,2,0
22913,0,0,0,0,0,36,0,0,0,0,0,0
22914,0,1,0,0,0,0,0,0,0,0,0,0
22915,0,0,0,0,0,1,0,0,0,0,175,0
22916,0,0,1,0,0,0,0,0,0,414,223,1
22917,4,3,0,1773,1489990,1,248,10734,0,0,0,0
22918,0,0,0,0,11,0,185,1208,3,0,0,0
22919,0,0,0,0,1,22,0,0,0,0,0,0
22920,129,6,4,1,0,0,0,0,0,0,0,0
22921,0,0,0,0,0,170,0,0,0,0,0,0
22922,1,0,4,0,0,0,0,0,0,0,0,0
22923,0,0,0,0,0,0,1,6,0,0,0,0
22924,0,201,1,0,0,0,0,0,0,0,0,0
22925,0,0,0,1,3,48,0,0,0,0,0,0
22926,0,0,0,0,9,48,0,0,0,0,0,0
22927,0,1,0,0,3,0,186,1052,23,0,0,0
22928,0,0,0,0,23,260,0,0,0,0,0,0
22929,0,0,0,2,2,2,0,0,0,0,0,0
22930,0,0,0,7,1,42,0,0,0,0,0,0
22931,0,3,5,0,0,0,0,0,0,0,0,0
22932,0,0,0,0,0,0,6,10,1,0,0,0
22933,0,0,0,0,0,0,145,32,0,0,0,0
22934,2,12,14,0,0,0,0,0,0,0,0,0
22935,5,96,14,0,0,0,1,0,0,0,0,0
22936,0,33,0,0,0,0,5440,150,3,0,0,0
22937,0,0,0,0,18,21,0,0,0,0,0,0
22938,0,0,1,0,0,6,0,0,0,95,1464,0
22939,0,0,0,0,0,209,0,0,0,0,0,0
22940,86,64,5,0,0,0,0,0,0,0,0,0
22941,64,580,29,0,0,0,0,0,0,0,0,0
22942,0,0,0,8,38,121,0,0,0,0,0,0
22943,0,0,0,0,0,0,0,0,0,24,4,1
22944,0,0,0,0,0,0,0,0,0,0,0,0
22945,0,0,0,0,0,72,0,0,0,49,2888,34
22946,0,12,14,0,0,0,0,0,0,0,0,0
22947,16,14,7,0,0,0,0,0,0,0,0,0
22948,0,46,1,0,0,0,0,0,0,0,0,0
22949,0,0,0,0,0,2,0,0,0,11,606,1
22950,0,0,0,0,0,0,0,0,0,6,11,7
22951,0,0,0,4,7,101,0,0,0,0,0,0
22952,0,0,0,0,0,132,0,0,0,0,2,0
22953,0,0,0,7,0,36,0,0,0,0,0,0
22954,0,0,0,4,0,81,0,0,0,0,0,0
22955,0,0,0,0,0,0,1,0,0,0,0,0
22956,0,47,18,0,0,0,0,0,0,0,0,0
22957,0,0,0,0,0,0,28,80,11,0,0,1
22958,0,0,239,0,0,0,0,0,0,5,0,0
22959,0,0,0,0,0,0,10,49,1,0,0,0
22960,4,161,2,0,0,0,0,0,0,0,0,0
22961,0,0,0,0,0,0,0,0,0,0,0,0
22962,1,0,0,0,0,0,0,0,0,0,0,0
22963,0,0,0,0,0,223,0,0,0,0,0,0
22964,9,108,4,0,0,0,0,0,0,0,0,0
22965,0,0,0,0,1,50,0,0,0,0,0,0
22966,0,0,0,0,10,54,0,0,0,0,1,0
22967,0,0,0,1,38,1,0,0,0,0,0,0
22968,0,0,0,0,0,0,0,0,0,1,15,0
22969,147,71,27,0,0,0,0,0,0,0,0,0
22970,2,20,2,0,0,0,0,0,0,0,0,0
22971,0,0,4,0,0,1,0,0,0,460,511,3
22972,0,0,0,152,57,370,0,0,0,0,5,0
22973,0,0,0,0,0,0,10,2,351,0,0,0
22974,22,33,24,0,0,0,0,0,0,0,0,0
22975,39,126,10,0,0,0,0,0,0,0,0,0
22976,13,59,16,0,0,0,0,0,0,0,0,0
22977,0,0,0,1,1,50,0,0,0,0,0,0
22978,0,0,0,0,0,2,0,0,0,38,623,1
22979,0,0,0,1,0,24,0,0,0,0,0,0
22980,16,2,0,0,0,0,0,0,0,0,0,0
22981,0,0,0,0,1,1403,0,0,0,0,11,0
22982,0,0,0,0,0,0,0,0,0,19,3,16
22983,1,26,2,0,0,0,0,0,0,0,0,0
22984,0,2,0,0,0,0,265,160,34,0,0,0
22985,0,0,0,0,1,0,59,208,4,0,0,0
22986,0,0,0,0,0,1,0,0,0,0,439,0
22987,0,0,3,0,0,37,0,0,0,172,3770,10
22988,0,3,0,0,0,0,809,2,1,0,0,0
22989,0,0,0,0,0,0,44,17,22,0,0,0
22990,0,0,0,2,1,39,0,0,0,0,0,0
22991,1,575,1,0,0,0,1,0,0,0,0,0
22992,2,720,0,21,19,0,251007,3027,56,0,0,0
22993,0,0,1,0,0,70,0,0,0,328,8171,33
22994,1,10,12,0,0,0,0,0,0,0,0,0
22995,20,110,8492,0,0,0,1,0,10,1684831,335,321
22996,3,27,10,0,0,0,0,0,0,0,0,0
22997,0,0,0,0,0,6,0,0,0,18,2280,16
22998,0,0,0,0,0,0,0,0,1,58,578,214
22999,0,0,0,6,84,90,0,3,0,0,1,0
23000,0,0,0,4,0,0,0,0,0,0,0,0
23001,0,0,0,0,0,0,1,1,0,0,0,0
23002,0,0,0,0,0,58,0,0,0,0,20,0
23003,15,48,5,0,0,0,1,0,0,0,0,0
23004,20,60,9,0,0,0,0,0,0,0,0,0
23005,0,0,0,40,24,514,0,0,0,0,3,0
23006,0,0,0,0,0,0,120,4,38,0,0,0
23007,0,0,0,0,0,0,57,96,2,0,0,0
23008,0,0,0,11,2,68,0,0,0,0,1,0
23009,0,0,0,0,0,0,275,1338,88,0,0,0
23010,0,0,0,0,12,175,0,0,0,0,0,0
23011,0,0,0,13,1,287,0,0,0,0,0,0
23012,0,1161,7,0,0,0,50700,7,4440,1,0,23
23013,134,135,227757,1,0,0,0,0,0,411,78,1
23014,74,177,91,0,0,0,3,0,0,0,0,0
23015,0,0,0,0,0,0,89,4,45,0,0,0
23016,0,0,0,0,0,0,18,113,69,0,0,0
23017,0,0,0,0,32,411,0,1,0,0,0,0
23018,0,0,0,9,15,24,0,0,0,0,0,0
23019,0,0,0,3,0,41,0,0,0,0,0,0
23020,0,0,0,0,2,237,0,0,0,0,1,0
23021,0,2,2,0,0,0,0,0,0,0,0,0
23022,0,3,2,0,0,0,0,0,0,0,0,0
23023,0,0,0,0,2,254,0,0,0,0,0,0
23024,0,0,0,1,0,2,0,0,0,0,0,0
23025,0,0,0,0,0,0,3,3,0,0,0,0
23026,0,0,0,0,0,198,0,0,0,0,0,0
23027,0,0,0,0,0,35,0,0,0,0,0,0
23028,2,1,1,0,0,0,0,0,0,0,0,0
23029,0,0,0,0,0,20,0,0,0,0,4982,0
23030,0,0,0,17,105,679,0,0,0,0,3,0
23031,0,0,0,40,0,3644,0,0,0,0,22,0
23032,0,0,0,38,66,568,0,0,0,0,3,0
23033,0,0,0,0,0,0,0,0,0,0,149,0
23034,0,0,0,0,0,0,0,0,0,1,5,0
23035,0,0,0,3,13,163,0,0,0,0,1,0
23036,0,0,0,2,1,214,0,0,0,0,2,0
23037,0,0,0,0,0,2,0,0,0,0,0,0
23038,1,45,3,0,0,0,0,0,0,0,0,0
23039,0,0,0,0,0,0,0,0,0,82,1,336
23040,115,227144,18,0,0,0,312,49,0,0,0,0
23041,20,67,69,1,0,0,0,0,0,0,0,0
23042,0,0,0,49,36,7021,0,0,0,0,63,1
23043,0,0,0,0,0,1,0,0,0,1,976,4
23044,60,134,58,0,0,0,0,0,0,0,0,0
23045,0,0,0,0,0,11,0,0,0,0,0,0
23046,3,2,0,0,0,0,0,0,0,0,0,0
23047,0,0,0,0,0,446,0,0,0,0,4,0
23048,0,226502,0,0,0,0,226984,7,5,0,0,0
23049,0,0,0,0,0,0,15,36,0,0,0,0
23050,0,0,0,0,2,83,0,0,0,0,1,0
23051,0,0,0,0,0,1,0,0,0,0,0,0
23052,0,0,0,1,1,0,0,0,0,0,0,0
23053,0,0,0,0,0,4,0,0,0,0,1045,0
23054,0,0,0,0,0,0,0,0,0,14,0,0
23055,2,227108,0,0,0,0,181,1,0,0,0,0
23056,2,61,3,0,0,0,1,0,0,0,0,0
23057,0,0,0,0,0,0,0,0,0,32,134,2
23058,0,0,0,0,0,0,0,0,3,55,139,195
23059,0,0,3,0,0,3,0,0,0,165,1163,6
23060,42,16,2,0,0,0,0,0,0,0,0,0
23061,0,0,0,0,0,0,0,0,0,4,8,14
23062,0,0,0,14,1,117,0,0,0,0,0,0
23063,573843,2,16,319114,3,4,0,0,0,0,0,0
23064,79,139,1904,1,0,0,0,0,0,8,2,0
23065,0,0,0,4,3,386,0,0,0,0,2,0
23066,0,0,0,0,0,0,9,10,2,0,0,0
23067,0,0,0,0,0,0,14,5,4,0,0,0
23068,0,0,0,2,7,88,0,0,0,0,1,0
23069,0,1,0,0,1,0,293,317,7,0,0,0
23070,0,0,0,4,18,51,0,0,0,0,0,0
23071,0,0,0,31,6,111,0,0,0,0,1,0
23072,0,0,0,0,0,0,128,11,3,0,0,0
23073,0,0,0,0,0,0,111,32,7,0,0,0
23074,0,0,0,7,9,48,0,0,0,0,0,0
23075,0,0,0,1,1,227070,0,0,0,0,960,0
23076,6,1,2,0,0,0,0,0,0,0,0,0
23077,0,0,0,0,0,10,0,0,0,1,517,0
23078,0,0,0,0,0,0,0,0,0,4,0,1
23079,1,3,2,0,0,0,0,0,0,0,0,0
23080,1,44,3,0,0,0,0,0,0,0,0,0
23081,0,0,0,0,0,0,0,0,0,1,102,11
23082,0,0,0,0,0,0,0,0,0,1,4,0
23083,102,86,29,0,0,0,1,0,0,0,0,0
23084,0,0,0,5,1,386,0,0,0,0,1,0
23085,2,40,0,0,0,0,0,0,0,0,0,0
23086,0,0,0,0,0,15,0,0,0,1,5245,0
23087,0,0,6,0,0,0,0,0,0,0,0,0
23088,0,0,0,0,0,0,3,2,1,0,0,0
23089,0,74,0,0,0,0,1,0,0,0,0,0
23090,0,0,0,0,0,0,36,36,3,0,0,0
23091,0,0,0,1,1,5,0,0,0,0,0,0
23092,35,82,1,0,0,0,0,0,0,0,0,0
23093,0,0,0,0,0,0,35,19,7,0,0,0
23094,0,0,0,0,0,1,0,0,0,0,0,0
23095,14,51,12,0,0,0,1,0,0,0,0,0
23096,0,0,0,0,0,0,38,4,0,0,0,0
23097,0,0,0,1,0,5,0,0,0,0,0,0
23098,9,72,7,1,0,0,0,0,0,0,0,0
23099,0,0,0,0,0,0,0,0,0,13,146,10
23100,0,0,0,0,0,8,0,0,0,0,0,0
23101,0,0,0,3,5,219,0,0,0,0,3,0
23102,0,0,0,58,9,1,0,0,0,0,0,0
23103,0,0,0,0,0,2,0,0,0,39,584,0
23104,0,0,0,5,11,301,0,0,0,0,2,0
23105,0,0,0,1,0,13,0,0,0,0,0,0
23106,0,0,0,2,1,6,0,0,0,0,0,0
23107,0,0,0,3,1,81,0,0,0,0,0,0
23108,0,0,0,0,0,0,14,3,529,0,0,0
23109,5,12,5,0,0,0,0,0,0,0,0,0
23110,3,87,1,0,0,0,0,0,0,0,0,0
23111,0,0,0,0,0,0,0,0,0,51,224,64
23112,0,0,0,5,1,5,0,0,0,0,0,0
23113,0,0,0,2,243,99,0,0,0,0,0,0
23114,0,0,0,0,0,5,0,0,0,92,1874,14
23115,0,0,0,3,0,15,0,0,0,0,0,0
23116,104,102,6,6,0,0,1,0,0,0,0,0
23117,0,0,0,0,0,0,0,0,0,5,67,4
23118,96,8,6,0,0,0,0,0,0,0,0,0
23119,1,0,0,13,3,413,0,0,0,0,2,0
23120,0,0,0,0,23,0,21,3827,14,0,0,1
23121,0,0,0,0,0,0,0,0,0,8,153,6
23122,19,153,128,1,0,0,1,0,0,3,0,0
23123,0,0,0,0,0,0,0,0,0,22,155,0
23124,0,0,0,0,0,0,0,0,5,13,85,60
23125,387,189,15,116,0,0,0,0,0,0,0,0
23126,0,0,0,0,59,0,18,2694,460,0,0,0
23127,0,0,0,0,0,81,0,0,0,14,3326,2
23128,103,53,7,3,0,0,0,0,0,0,0,0
23129,1,59,2,0,0,0,0,0,0,0,0,0
23130,0,0,0,0,0,1,0,0,0,33,63,5
23131,0,0,0,6,15,130,0,0,0,0,2,0
23132,0,0,0,0,0,0,8,6,1,0,0,0
23133,0,0,0,0,4,3,0,0,0,0,0,0
23134,4,0,0,16,61,39,0,5,0,0,0,0
23135,0,0,0,0,0,1,0,0,0,0,0,0
23136,0,0,0,0,0,0,0,7,0,0,0,0
23137,0,0,0,0,3,126,0,0,0,0,2,0
23138,0,0,0,0,0,0,2,0,0,0,0,0
23139,0,0,0,0,0,0,1,0,0,0,0,0
23140,0,55,3,0,0,0,0,0,0,1,0,0
23141,0,0,0,0,0,0,0,0,0,5,17,0
23142,0,0,0,0,0,0,0,0,0,0,3,0
23143,0,0,0,5,0,64,0,0,0,0,0,0
23144,0,10,4,0,0,0,0,0,0,0,0,0
23145,16,19,5,0,0,0,0,0,0,0,0,0
23146,2,65,1,0,0,0,0,0,0,0,0,0
23147,0,29,25,0,0,0,0,0,0,0,0,0
23148,14,121,23,0,0,0,1,0,0,0,0,0
23149,0,0,0,0,0,0,69,155,4,0,0,0
23150,0,0,0,3,0,4,0,0,0,0,0,0
23151,0,0,0,0,0,0,0,0,0,1,5,2
23152,0,0,0,10,2,127,0,0,0,0,0,0
23153,3,0,0,0,0,0,0,0,0,0,0,0
23154,0,0,0,0,0,0,0,0,0,4,1,0
23155,0,0,0,11,0,5083,0,0,0,0,13,0
23156,22,11,6,0,0,0,0,0,0,0,0,0
23157,30,320,2,0,0,0,0,0,0,0,0,0
23158,0,0,0,5,13,552,0,0,0,0,0,0
23159,0,0,0,1,11,151,0,0,0,0,1,0
23160,0,0,0,0,1,0,0,0,0,0,0,0
23161,0,0,0,0,0,0,44,10,3,0,0,0
23162,0,0,0,0,0,0,81,74,35,0,0,0
23163,0,0,0,0,0,27,0,0,0,0,0,0
23164,1,0,0,41,0,88,0,0,0,0,0,0
23165,2,2,1,0,0,0,0,0,0,0,0,0
23166,2,13,14,0,0,0,0,0,0,0,0,0
23167,0,886,0,0,0,0,4,0,0,0,0,0
23168,11,12,5,0,0,0,0,0,0,0,0,0
23169,0,16,1,0,0,0,0,0,0,0,0,0
23170,0,0,0,0,0,2,0,0,0,36,550,0
23171,0,4,1,0,0,0,0,0,0,0,0,0
23172,4,18,12,0,0,0,0,0,0,0,0,0
23173,0,86,10,0,0,0,0,0,0,0,0,0
23174,0,0,0,0,0,2,0,0,0,0,0,0
23175,0,0,0,0,0,0,1,2,0,0,0,0
23176,0,0,0,0,0,64,0,0,0,0,0,0
23177,0,0,0,0,0,0,95,1,8,0,0,0
23178,0,0,0,0,0,0,0,0,0,0,0,0
23179,0,0,2,0,0,0,0,0,0,93,252,3
23180,253,38,4,0,0,0,0,0,0,0,0,0
23181,7,113,14,0,0,0,0,0,0,0,0,0
23182,0,0,0,9,23,211,0,0,0,0,0,0
23183,0,0,0,1,0,1,0,0,0,0,0,0
23184,0,0,0,3,0,0,0,0,0,0,0,0
23185,0,0,0,0,0,1,0,0,0,2,1606,1
23186,0,10,1,0,0,0,0,0,0,0,0,0
23187,0,5,0,0,0,0,0,0,0,0,0,0
23188,0,0,0,0,0,4,0,0,0,1,748,0
23189,0,0,0,3,11,9,0,0,0,0,0,0
23190,0,0,0,0,0,2,0,0,0,0,0,0
23191,0,0,0,0,0,11,0,0,0,3,6755,7
23192,3,3,0,0,0,0,0,0,0,0,0,0
23193,3,7,0,0,0,0,0,0,0,0,0,0
23194,0,0,0,1,0,350,0,0,0,0,0,0
23195,0,0,0,0,0,0,4,4,0,0,0,0
23196,0,0,0,0,0,0,0,0,1,0,0,0
23197,0,0,0,0,2,38,0,0,0,0,0,0
23198,0,0,0,1,35,353,0,0,0,0,4,0
23199,0,0,0,0,0,0,0,0,0,0,0,0
23200,15,69,2,0,0,0,0,0,0,0,0,0
23201,3,61,0,0,0,0,4,0,0,0,0,0
23202,0,0,145,0,0,42,0,0,0,227195,3897,4
23203,19,243,2,0,0,0,4,0,0,0,0,0
23204,0,0,0,0,0,0,6,0,0,0,0,0
23205,0,0,0,0,0,0,2,4,0,0,0,0
23206,0,0,0,0,0,0,0,0,0,7,87,2
23207,123,87,0,0,0,0,0,0,0,0,0,0
23208,0,0,0,0,0,0,0,0,0,5,316,1
23209,30,222,33,0,0,0,0,0,0,0,0,0
23210,0,0,0,0,0,0,0,3,0,0,0,0
23211,0,0,0,0,0,0,1,1,1,0,0,0
23212,0,0,0,0,1,26,0,0,0,0,0,0
23213,0,0,0,0,0,0,138,271,2,0,0,0
23214,0,0,0,0,0,3,0,0,0,0,0,0
23215,0,0,0,13,21,29,0,0,0,0,0,0
23216,0,0,1,0,0,1,0,0,0,302,133,11
23217,0,0,0,0,0,1,0,0,0,0,0,0
23218,0,0,0,7,0,119,0,0,0,0,2,0
23219,1,23,0,0,0,0,0,0,0,0,0,0
23220,0,0,0,0,0,1,0,0,0,17,656,14
23221,0,0,0,48,13,171,0,0,0,0,0,0
23222,0,0,0,0,0,0,34,0,541,0,0,2
23223,24,1704,57,0,0,0,1,0,0,1,0,0
23224,0,1,0,0,0,0,174,261,4,0,0,0
23225,0,0,0,4,0,3,0,0,0,0,0,0
23226,0,0,0,0,0,0,0,0,0,4,2,0
23227,0,0,0,8,49,328,0,0,0,0,1,0
23228,7,27,1,0,0,0,0,0,0,0,0,0
23229,32,135,10,0,0,0,1,0,0,0,0,0
23230,0,0,1,0,0,6,0,0,0,555,1272,1
23231,0,0,3,0,0,0,0,0,0,0,0,0
23232,5,4,0,0,0,0,0,0,0,0,0,0
23233,1,90,3,0,0,0,0,0,0,0,0,0
23234,1,52,19,0,0,0,0,0,0,0,0,0
23235,91,130,4,0,0,0,0,0,0,0,0,0
23236,0,0,0,0,5,0,185,1864,6,0,0,0
23237,0,0,0,0,0,1,0,0,0,0,0,0
23238,0,0,0,0,0,0,0,0,0,0,0,0
23239,0,0,0,0,0,255,0,0,0,0,1,0
23240,0,0,0,0,0,0,0,0,0,6,283,0
23241,0,0,0,29,1,1,0,0,0,0,0,0
23242,0,0,0,0,0,0,150,57,2,0,0,0
23243,0,0,0,0,0,0,0,0,0,43,295,47
23244,0,0,0,0,0,0,0,0,0,206,69,2
23245,0,0,0,4,23,128,0,0,0,0,0,0
23246,0,0,0,0,1,1,0,0,0,0,0,0
23247,0,0,0,0,0,3,0,0,0,0,0,0
23248,0,0,0,0,0,264,0,0,0,0,5584,0
23249,0,0,0,0,0,0,0,0,0,0,2,0
23250,1,0,0,0,0,0,0,0,0,0,0,0
23251,0,43,3,0,0,0,0,0,0,0,0,0
23252,0,0,0,0,0,0,0,0,0,1,6,10
23253,51,0,1,0,0,0,0,0,0,0,0,0
23254,13,52,4,0,0,0,0,0,0,0,0,0
23255,0,0,0,6,24,314,0,0,0,0,0,0
23256,0,0,0,8,0,11,0,0,0,0,0,0
23257,0,0,0,68,2,195,0,0,0,0,1,0
23258,0,0,0,0,0,0,120,3,0,0,0,0
23259,0,0,0,0,0,0,0,0,1,0,0,0
23260,0,0,1,0,0,1,0,0,0,49,112,0
23261,1,3,64,0,0,0,0,0,0,0,0,0
23262,0,0,0,0,0,0,54,64,0,0,0,0
23263,6,72,10,0,0,0,0,0,0,0,0,0
23264,0,0,0,0,0,0,79,3,1,0,0,0
23265,0,31,1,0,0,0,0,0,0,0,0,0
23266,0,0,0,0,0,0,0,0,0,0,276,0
23267,140,151,21,0,0,0,0,0,0,0,0,0
23268,0,0,0,1,21,17,0,0,0,0,0,0
23269,0,0,0,22,1,172,0,0,0,0,0,0
23270,0,0,0,0,2,0,73,1050,1,0,0,0
23271,5,11,1032,0,0,0,0,0,0,314494,436,34
23272,0,0,0,13,15,158,0,0,0,0,0,0
23273,0,0,0,0,0,0,2,20,2,0,0,0
23274,1,19,1,0,0,0,0,0,0,0,0,0
23275,0,0,0,0,0,0,0,0,0,19,660,11
23276,2,42,0,0,0,0,0,0,0,0,0,0
23277,0,0,0,1,0,21,0,0,0,93,7812,77
23278,0,0,0,11,2,1115,0,0,0,0,2,0
23279,1,8,4,0,0,0,0,0,0,0,0,0
23280,0,0,0,0,0,14,0,0,0,2,1818,0
23281,0,0,0,36,2,72,0,0,0,0,0,0
23282,0,0,0,0,0,0,274,2453,69,0,0,0
23283,40,9,0,0,0,0,0,0,0,0,0,0
23284,0,0,0,4,1,58853,0,0,0,0,430,0
23285,0,0,0,0,0,0,12,654,0,0,0,0
23286,0,0,0,0,0,0,0,0,0,0,17,18
23287,0,0,0,97,12,1841,0,0,0,0,14,0
23288,0,0,0,0,0,0,147,11,9,0,0,0
23289,0,0,0,0,0,8,0,0,0,0,0,0
23290,0,0,0,0,0,0,0,0,0,24,242,5
23291,0,0,0,0,0,0,0,0,0,3,52,0
23292,0,0,0,0,0,0,0,27,0,0,0,0
23293,0,0,0,16,2,239,0,0,0,0,0,0
23294,0,0,0,0,0,0,0,1,4,0,0,0
23295,0,1,0,0,0,0,0,0,0,0,0,0
23296,0,0,0,0,0,1162,0,0,0,0,2,0
23297,0,0,0,0,0,0,0,0,0,1,54,3
23298,0,0,0,0,0,0,0,0,0,0,7,2
23299,27,149,8,0,0,0,0,0,0,0,0,0
23300,0,0,0,0,0,0,0,0,0,24,3,14
23301,41,29,0,0,0,0,0,0,0,0,0,0
23302,0,0,0,0,0,0,93,181,5,0,0,0
23303,33,0,0,0,0,0,0,0,0,0,0,0
23304,0,0,0,0,0,0,0,0,0,1,4,0
23305,1,39,8,0,0,0,0,0,0,0,0,0
23306,0,0,0,0,0,0,0,0,0,0,99,0
23307,0,0,0,6,9,0,0,0,0,0,0,0
23308,0,0,0,123,2,163,0,0,0,0,0,0
23309,0,0,0,0,0,0,69,1,674,0,0,3
23310,3,12,75,0,0,0,0,0,0,1,0,0
23311,0,0,0,0,12,0,222,3674,1876,0,1,6
23312,1,311,6,0,0,0,1,0,0,0,0,0
23313,0,0,0,0,0,8,0,0,0,0,0,0
23314,0,0,0,13,0,79,0,0,0,0,0,0
23315,0,0,0,0,0,0,0,0,0,15,473,1
23316,0,0,0,0,0,1,0,0,0,0,0,0
23317,1,0,0,82,8,331,0,0,0,0,0,0
23318,0,0,0,0,0,0,61,3,4,0,0,0
23319,1,9,6,0,0,0,0,0,0,0,0,0
23320,0,0,0,0,0,1,0,0,0,10,660,2
23321,0,42,4,0,0,0,0,0,0,0,0,0
23322,0,0,0,0,0,1,0,0,0,0,0,0
23323,2,0,0,12,0,2188,0,0,0,0,9,0
23324,110,116,0,0,0,0,0,0,0,0,0,0
23325,0,0,0,0,0,0,0,0,0,35,242,21
23326,15,14,0,0,0,0,0,0,0,0,0,0
23327,0,0,0,0,0,0,0,0,0,1,60,0
23328,0,0,0,0,0,0,0,0,0,12,5,3
23329,22,310,11,0,0,0,6,0,0,0,0,0
23330,0,0,0,0,0,1,0,0,0,0,0,0
23331,0,0,0,0,0,0,0,5,2,0,0,0
23332,0,0,0,0,0,236,0,0,0,0,1,0
23333,0,0,0,3,20,16,0,3,0,0,2,0
23334,0,0,0,0,0,0,0,0,0,2,123,0
23335,0,0,0,24,16,272,0,0,0,0,0,0
23336,0,0,0,2,3,21,0,0,0,0,0,0
23337,0,0,0,1,1,56,0,0,0,0,0,0
23338,0,0,0,1,0,61,0,0,0,0,0,0
23339,0,0,0,0,0,0,8,13,1,0,0,0
23340,0,0,0,0,0,0,0,20,0,0,0,0
23341,0,0,0,3,0,113,0,0,0,0,2,0
23342,0,0,0,0,0,0,51,6,0,0,0,0
23343,0,0,0,0,0,0,11,16,0,0,0,0
23344,0,0,0,2,0,44,0,0,0,0,0,0
23345,0,0,0,0,0,0,281,2,0,0,0,0
23346,0,0,0,0,0,4,0,0,0,0,0,0
23347,0,0,0,0,0,1,0,0,0,11,369,2
23348,17,1,3,0,0,0,0,0,0,0,0,0
23349,0,0,0,0,0,0,24,104,13,0,0,0
23350,0,0,0,3,0,33,0,0,0,0,0,0
23351,0,0,0,0,0,0,40,2,0,0,0,0
23352,0,0,0,0,0,3,0,0,0,0,0,0
23353,0,0,0,23,5,222,0,0,0,0,0,0
23354,0,118,0,0,0,0,0,0,0,0,0,0
23355,0,0,0,0,0,1,0,0,0,0,0,0
23356,35,1,1,0,0,0,0,0,0,0,0,0
23357,2,0,0,0,0,0,0,0,0,0,0,0
23358,0,0,0,0,0,0,0,0,0,0,13,0
23359,8,43,0,0,0,0,0,0,0,0,0,0
23360,0,0,0,0,0,0,0,0,0,2,6,2
23361,0,0,0,0,0,0,0,0,0,0,18,0
23362,1062,184,10,3,0,0,1,0,0,0,0,0
23363,0,0,0,0,0,0,0,0,0,0,0,0
23364,0,0,0,0,0,0,0,3,0,0,0,0
23365,27,85,22,0,0,0,0,0,0,0,0,0
23366,6,2,0,0,0,0,0,0,0,0,0,0
23367,0,0,0,0,0,0,0,0,0,0,3,0
23368,1588,115,6,0,0,0,0,0,0,0,0,0
23369,4,11,14,0,0,0,0,0,0,0,0,0
23370,17,56,13,0,0,0,0,0,0,0,0,0
23371,0,0,0,20,2,1252,0,0,0,0,3,0
23372,7,120,0,0,0,0,1,0,0,0,0,0
23373,0,0,0,0,0,0,0,0,0,68,860,0
23374,0,0,0,13,26,73,0,0,0,0,0,0
23375,0,0,0,2,5,2,0,0,0,0,0,0
23376,0,0,0,0,0,0,0,0,0,3,7,3
23377,0,0,0,14,1,161,0,0,0,0,0,0
23378,20,54,18,0,0,0,0,0,0,0,0,0
23379,0,42,2,0,0,0,0,0,0,0,0,0
23380,0,0,0,0,0,1,0,0,0,50,1859,1
23381,0,0,0,0,0,0,0,0,0,97,1,5
23382,82,115,0,0,0,0,0,0,0,0,0,0
23383,0,0,0,0,1,0,164,246,22,0,0,0
23384,0,0,0,0,0,0,273,41,0,0,0,0
23385,0,0,0,0,0,1,0,0,0,0,0,0
23386,0,0,0,78,4,123,0,0,0,0,0,0
23387,0,0,0,0,0,0,0,11,0,0,0,0
23388,0,0,0,0,0,0,0,0,0,0,5,0
23389,0,0,0,14,21,242,0,0,0,0,1,0
23390,0,0,0,0,0,0,32,2,0,0,0,0
23391,0,0,0,0,0,2,0,0,0,0,0,0
23392,0,0,0,0,9,38,0,0,0,0,0,0
23393,0,0,0,0,0,0,0,0,0,3,38,0
23394,0,0,0,0,0,5,0,0,0,0,0,0
23395,0,0,0,27,5,143,0,0,0,0,0,0
23396,0,0,0,0,0,1,0,0,0,0,0,0
23397,36,0,0,0,0,0,0,0,0,0,0,0
23398,0,0,0,0,0,727,0,0,0,0,0,0
23399,0,0,0,0,0,0,0,0,0,33,10,132
23400,19,35,0,0,0,0,0,0,0,0,0,0
23401,0,0,0,0,19,0,3216,11152,104,0,0,0
23402,0,0,0,0,0,0,157,3,0,0,0,0
23403,0,2357133,2,0,0,0,3004,7,10,0,0,0
23404,0,0,0,1,1,65,0,0,0,0,0,0
23405,0,1,0,0,0,0,325,257,93,0,0,1
23406,0,0,0,0,0,86,0,0,0,0,39,0
23407,0,0,0,55,2,263,0,0,0,0,2,0
23408,2,26,1,0,0,0,0,0,0,0,0,0
23409,0,306,1,0,0,0,1,0,0,0,0,0
23410,0,0,0,0,0,2,0,0,0,84,639,4
23411,0,0,0,0,0,3,0,0,0,0,0,0
23412,0,0,0,0,0,0,1,3,2,0,0,0
23413,0,0,0,0,0,1,0,0,0,1,350,0
23414,49,111,2,0,0,0,1,0,0,0,0,0
23415,0,0,0,0,0,0,0,0,0,10,707,15
23416,2210,404,14,3,0,0,0,0,0,0,0,0
23417,0,0,0,0,0,0,80,1,208,0,0,0
23418,18,7,9,0,0,0,0,0,0,0,0,0
23419,34,159,66,0,0,0,0,0,0,0,0,0
23420,0,0,0,0,0,0,22,29,9,0,0,0
23421,0,0,0,0,0,3,0,0,0,0,0,0
23422,0,0,0,0,0,6,0,0,0,108,1940,5
23423,0,0,0,0,0,0,0,0,0,9,575,33
23424,0,0,0,0,0,0,0,0,0,18,94,9
23425,0,0,0,13,15,233,0,0,0,0,0,0
23426,0,1,0,0,6,0,575,3544,119,0,0,0
23427,0,0,0,0,53,309,0,0,0,0,0,0
23428,2,0,0,88,6,143,0,0,0,0,0,0
23429,0,0,0,0,25,0,49,1009,0,0,0,0
23430,0,0,0,0,0,0,0,0,0,2,1274,2
23431,0,0,0,1,4,518,0,0,0,0,1,0
23432,5,47,12,0,0,0,0,0,0,0,0,0
23433,0,0,0,0,0,6,0,0,0,0,0,0
23434,0,0,0,10,35,108,0,0,0,0,0,0
23435,0,0,0,0,0,0,0,0,0,8,199,1
23436,11,133,1,0,0,0,0,0,0,0,0,0
23437,0,0,0,28,7,169,0,0,0,0,0,0
23438,0,0,0,0,1,0,76,854,0,0,0,0
23439,0,0,0,0,0,0,0,0,0,3,370,2
23440,72,163,4,0,0,0,0,0,0,0,0,0
23441,0,0,0,0,0,0,175,129,121,0,0,0
23442,0,240,51,0,0,0,0,0,0,0,0,0
23443,0,0,0,1,182,790,0,0,0,0,2,0
23444,0,0,2,0,0,0,0,0,0,353,4,166
23445,92,323,3,0,0,0,0,0,0,0,0,0
23446,0,34,8,0,0,0,0,0,0,0,0,0
23447,0,0,0,0,0,0,0,0,0,34,24,8
23448,0,0,0,0,0,0,0,0,0,0,0,0
23449,0,0,0,20,5,171,0,0,0,0,0,0
23450,18,35,5,0,0,0,0,0,0,0,0,0
23451,0,0,0,0,0,0,0,0,0,13,33,7
23452,1,0,0,25,78,244,0,0,0,0,3,0
23453,0,0,0,0,0,8,0,0,0,8,750,0
23454,0,0,1,0,0,0,0,0,0,50,64,5
23455,0,0,0,45,0,313,0,0,0,0,0,0
23456,13,51,1,0,0,0,2,0,0,0,0,0
23457,0,0,3,0,0,0,0,0,1,277,121,43
23458,0,0,0,21,46,34,0,0,0,0,0,0
23459,0,0,0,0,0,2,0,0,0,0,0,0
23460,0,0,0,0,0,0,1,1,0,0,0,0
23461,0,0,0,0,0,0,1,0,0,0,0,0
23462,0,0,0,0,0,0,0,0,0,0,2,0
23463,0,0,0,0,0,0,40,27,0,0,0,0
23464,0,0,0,0,1,50,0,0,0,0,0,0
23465,0,0,0,0,0,0,125,64,1,0,0,0
23466,0,0,0,0,2,16,0,0,0,0,0,0
23467,0,0,0,3,3,29,0,0,0,0,0,0
23468,0,0,0,0,0,3,0,0,0,0,0,0
23469,5,1,0,0,0,0,0,0,0,0,0,0
23470,0,0,0,1,0,187,0,0,0,0,0,0
23471,0,0,0,6,18,1,0,0,0,0,0,0
23472,0,0,0,0,0,0,0,0,0,2,36,30
23473,0,0,0,13,2,119,0,0,0,0,1,0
23474,15,57,0,0,0,0,0,0,0,0,0,0
23475,0,0,0,0,0,2,0,0,0,130,318,23
23476,225,258,62,0,0,0,1,0,0,0,0,0
23477,0,1,0,0,0,0,139,24,9,0,0,0
23478,0,0,0,0,0,0,10,65,17,0,0,0
23479,0,0,0,1,0,229,0,0,0,0,0,0
23480,0,0,0,8,18,69,0,0,0,0,0,0
23481,0,0,0,0,0,70,0,0,0,47,4318,15
23482,0,0,0,3,0,273,0,0,0,0,0,0
23483,13,21,14,0,0,0,0,0,0,0,0,0
23484,5,104,16,0,0,0,0,0,0,0,0,0
23485,0,0,0,21,6,430,0,0,0,0,0,0
23486,0,1,0,0,0,0,91,113,11,0,0,0
23487,0,0,0,1,200,43,0,0,0,0,0,0
23488,0,0,0,5,18,78,0,0,0,0,0,0
23489,0,0,0,2,0,335,0,0,0,0,0,0
23490,0,0,0,0,1,0,0,0,0,0,0,0
23491,0,0,0,3,24,102,0,0,0,0,0,0
23492,0,0,0,0,0,0,0,0,0,1,4,3
23493,11,1,0,0,0,0,0,0,0,0,0,0
23494,0,18,0,0,0,0,0,0,0,0,0,0
23495,0,1,1,0,0,0,0,0,0,0,0,0
23496,0,0,0,0,0,0,0,0,0,0,10,0
23497,6,206,0,0,0,0,1,0,0,0,0,0
23498,0,0,0,0,0,0,0,0,0,7,6,3
23499,0,0,0,0,0,0,298,273,9,0,0,0
23500,0,0,0,1,26,64,0,0,0,0,0,0
23501,0,0,0,0,1,0,36,1367,12,0,0,0
23502,0,0,0,0,0,2,0,0,0,1,160,1
23503,121,123,67,2,0,0,3,0,0,0,0,0
23504,0,0,0,0,0,0,0,1,0,0,0,0
23505,0,0,0,0,0,0,0,0,2,0,0,0
23506,0,0,0,0,0,221,0,0,0,30,2453,3
23507,0,0,0,0,81,0,0,0,0,0,0,0
23508,0,0,0,0,0,0,0,0,0,0,0,0
23509,0,0,0,0,0,199,0,0,0,0,0,0
23510,0,0,0,4,0,114,0,0,0,0,0,0
23511,0,0,0,0,1,0,0,0,0,0,0,0
23512,0,692,0,0,0,0,20,0,0,0,0,0
23513,1,125,1,0,0,0,0,0,0,0,0,0
23514,0,0,0,0,0,8,0,0,0,0,0,0
23515,11,1,1,0,0,0,0,0,0,0,0,0
23516,0,0,0,0,0,0,2,3,0,0,0,0
23517,0,0,0,0,0,0,0,1,96,0,0,0
23518,0,0,0,0,0,0,276,548,0,0,0,0
23519,0,0,0,0,0,0,4,49,0,0,0,0
23520,0,0,0,0,0,17,0,0,0,1,2565,0
23521,0,0,0,3,5,146,0,0,0,0,2,0
23522,0,1,0,0,0,0,381,0,621,0,0,10
23523,472,8,59,0,0,0,0,0,0,0,0,0
23524,6,164,89,0,0,0,2,0,0,0,0,0
23525,0,0,0,0,0,345,0,0,0,3,250809,0
23526,19,117,27,0,0,0,0,0,0,0,0,0
23527,0,0,0,1,3,680,0,0,0,0,1,0
23528,0,0,0,0,0,0,49,4,1,0,0,0
23529,0,0,0,0,0,16,0,0,0,0,0,0
23530,0,0,0,0,0,3,0,0,0,13,3377,1
23531,30,49,5,0,0,0,0,0,0,0,0,0
23532,3,86,4,0,0,0,0,0,0,0,0,0
23533,0,0,0,0,0,14,0,0,0,7,3608,30
23534,98,70,42,0,0,0,0,0,0,0,0,0
23535,4,29,16,0,0,0,0,0,0,0,0,0
23536,0,0,0,0,0,0,0,0,0,343,593,4
23537,0,0,0,37,11,13,0,0,0,0,0,0
23538,0,0,0,0,0,0,0,0,0,0,120,0
23539,306,262,39,0,0,0,1,0,0,0,0,0
23540,0,0,0,0,0,120,0,0,0,0,0,0
23541,340,5,0,6,0,0,0,0,0,0,0,0
23542,0,0,0,0,0,460,0,0,0,0,0,0
23543,0,1,0,0,0,0,9,1,6,0,0,0
23544,22,12,13,0,0,0,0,0,0,0,0,0
23545,0,0,0,0,18,0,72,3351,1,0,0,0
23546,0,0,0,1,1,0,0,0,0,0,0,0
23547,0,0,0,0,0,0,0,3,0,0,0,0
23548,0,0,0,0,0,154,0,0,0,0,0,0
23549,0,0,0,0,0,0,1,0,0,0,0,0
23550,0,1,0,0,0,0,0,0,0,0,0,0
23551,0,0,0,0,0,1,0,0,0,0,911,0
23552,5,7,0,0,0,0,0,0,0,0,0,0
23553,0,0,0,15,0,1,0,0,0,0,0,0
23554,2,2,0,0,0,0,0,0,0,0,0,0
23555,0,0,0,0,0,0,0,0,0,1,12,1
23556,0,0,0,0,0,0,0,0,0,2,2,0
23557,0,0,0,0,0,50,0,0,0,19,13237,51
23558,0,87,6,0,0,0,0,0,0,0,0,0
23559,0,3,0,30,10,2,0,2,0,0,0,0
23560,0,0,0,67,0,779,0,0,0,0,5,0
23561,0,0,0,0,0,0,15,7,0,0,0,0
23562,0,0,0,0,0,0,0,3,0,0,0,0
23563,0,0,0,14,9,110,0,0,0,0,0,0
23564,0,0,0,0,0,0,4,86,0,0,0,0
23565,0,0,0,0,0,0,0,0,0,1,32,60
23566,251,115,19,0,0,0,0,0,0,0,0,0
23567,0,0,0,0,0,0,2,2,0,0,0,0
23568,0,0,0,0,0,0,0,6,5,0,0,0
23569,0,0,0,0,17,607,0,0,0,0,0,0
23570,18,508,1,0,0,0,1,0,0,0,0,0
23571,0,0,0,1,0,19,0,0,0,0,0,0
23572,70,79,3,0,0,0,0,0,0,0,0,0
23573,0,0,0,0,0,0,0,0,0,0,0,0
23574,0,0,0,0,0,0,2,1,0,0,0,0
23575,0,0,0,0,0,114,0,0,0,0,1485,0
23576,0,0,0,0,0,0,28,24,1,0,0,0
23577,0,0,0,0,0,0,0,0,0,2,711,0
23578,0,0,0,9,2,79,0,0,0,0,0,0
23579,2,40,10,0,0,0,0,0,0,0,0,0
23580,0,0,0,0,0,0,0,40,805,0,0,6
23581,0,0,0,1,4,83,0,0,0,0,0,0
23582,0,0,0,0,0,16,0,0,0,0,0,0
23583,172,1,1,1,0,0,0,0,0,0,0,0
23584,0,0,0,3,0,330,0,0,0,0,0,0
23585,0,0,0,0,0,0,0,0,0,170,4,9
23586,39,1258,13,0,0,0,55,0,0,0,0,0
23587,0,2,0,0,130,0,525,2684,6885,0,1,12
23588,47,56,40,0,0,0,0,0,0,0,0,0
23589,0,0,0,0,0,2,0,0,0,47,1687,17
23590,0,0,0,36,102,456,0,0,0,1,0,0
23591,0,0,0,0,0,0,0,0,0,28,21,12
23592,84,313,2438,0,0,0,0,0,0,116,0,0
23593,0,0,0,0,98,3,179,12643,11036,0,11,72
23594,8,48,36,0,0,0,0,0,0,0,0,0
23595,0,0,0,0,0,4,0,0,0,49,2245,16
23596,0,0,0,3,4,147,0,0,0,0,0,0
23597,147,25,9,0,0,0,0,0,0,0,0,0
23598,156,194,53,1,0,0,0,0,0,0,0,0
23599,15,0,0,556,228611,271,4,192,1,0,0,0
23600,6,0,0,637,20,178,0,0,0,0,0,0
23601,0,0,0,0,0,232,0,0,0,98,2640,3
23602,0,0,0,30,42,353,0,0,0,0,2,0
23603,0,0,0,0,0,0,0,0,0,5,155,1
23604,4,583,1708,0,0,0,791,209,2607,568725,415,1451612
23605,0,0,0,30,40,437,0,0,0,0,0,0
23606,0,0,0,0,0,0,0,0,0,40,88,0
23607,0,0,0,0,0,0,24,101,5,0,0,0
23608,0,0,0,0,9,0,315,3293,165,0,0,0
23609,0,0,7,0,0,0,0,0,0,270,581,0
23610,0,0,0,0,0,0,358,564,17,0,0,0
23611,0,99,0,0,5,0,1370,2376,60,0,0,0
23612,0,0,0,0,0,0,255,417,33,0,0,0
23613,0,0,0,0,0,5,0,0,0,8,1829,1
23614,112,68,8,0,0,0,0,0,0,0,0,0
23615,0,0,0,0,0,0,0,0,0,3,4,0
23616,0,0,0,0,0,0,14,8,0,0,0,0
23617,0,0,0,1,1,17,0,0,0,0,0,0
23618,0,29,1,0,0,0,0,0,0,0,0,0
23619,0,0,0,0,0,0,14,8,0,0,0,0
23620,0,0,0,2,2,113,0,0,0,0,2,0
23621,0,4,0,0,0,0,424,297,2,0,0,0
23622,0,0,0,0,1,31,0,0,0,0,0,0
23623,25,636,0,0,0,0,11,2,0,0,0,0
23624,0,0,0,0,3,0,262,404,20,0,0,0
23625,0,0,0,0,0,146,0,0,0,35,9151,25
23626,0,0,0,6,1,59,0,0,0,0,1,0
23627,0,80,57,0,0,0,0,0,0,0,0,0
23628,0,0,0,0,2,0,169,1148,33,0,0,0
23629,0,0,0,4,52,103,0,0,0,0,0,0
23630,0,0,0,0,0,0,0,0,0,19,1,3
23631,61,181,8,0,0,0,3,0,0,0,0,0
23632,32,117,68,0,0,0,0,0,0,0,0,0
23633,0,0,0,9,49,192,0,0,0,0,2,0
23634,0,0,0,0,0,12,0,0,0,35,874,1
23635,0,0,0,0,0,57,0,0,0,43,5139,85
23636,19,19,9,0,0,0,0,0,0,0,0,0
23637,0,0,0,0,1,0,0,0,0,0,0,0
23638,0,0,0,0,0,879,0,0,0,60,7144,11
23639,22,49,3,0,0,0,0,0,0,0,0,0
23640,0,0,0,0,1,3,0,0,0,0,0,0
23641,0,0,0,89,3,31,0,0,0,0,0,0
23642,0,0,0,0,1,0,46,64,1,0,0,0
23643,0,0,0,0,0,2,0,0,0,1,1001,1
23644,0,0,0,0,0,0,0,0,0,106,1051,1
23645,0,0,0,0,0,0,0,0,0,0,0,0
23646,0,0,0,0,0,0,0,0,0,0,0,0
23647,0,0,0,0,0,1,0,0,0,1,608,0
23648,2,19,3,0,0,0,0,0,0,0,0,0
23649,0,0,0,0,0,0,0,0,0,6,38,1
23650,0,0,0,6,0,52,0,0,0,0,0,0
23651,164,2,0,0,0,0,0,0,0,0,0,0
23652,0,0,0,0,0,5,0,0,0,0,0,0
23653,0,0,0,0,0,0,24,117,3,0,0,0
23654,0,0,0,0,72,3,0,0,0,0,0,0
23655,0,0,0,0,0,6,0,0,0,0,1275,0
23656,2,483,8,0,0,0,3,1,0,0,0,0
23657,0,0,1,0,0,0,0,0,0,95,23,4
23658,0,0,0,2,0,2,0,0,0,0,0,0
23659,0,0,0,38,18,278,0,0,0,0,2,0
23660,0,0,0,0,0,0,1,4,2,0,0,0
23661,0,0,0,0,0,0,1,6,3,0,0,0
23662,0,0,0,1,1,44,0,0,0,0,0,0
23663,0,0,0,0,2,0,129,488,27,0,0,0
23664,0,0,0,0,0,6754,0,0,0,11,36224,11
23665,85,88,8,0,0,0,2,0,0,0,0,0
23666,0,1,0,0,0,0,295,2,175,0,0,1
23667,149,7,8,0,0,0,0,0,0,0,0,0
23668,74,208,9,0,0,0,0,0,0,0,0,0
23669,53,49,17,0,0,0,0,0,0,0,0,0
23670,9,114,48,0,0,0,2,0,0,0,0,0
23671,0,0,0,12,6,452,0,0,0,0,2,0
23672,0,0,0,11,34,107,0,0,0,0,0,0
23673,0,0,0,0,0,97,0,0,0,0,2847,0
23674,86,137,10,0,0,0,0,0,0,0,0,0
23675,0,0,0,0,0,0,123,268,139,0,0,1
23676,0,0,0,1,0,10,0,0,0,0,0,0
23677,0,0,0,11,2,569,0,0,0,0,12,0
23678,0,0,0,0,0,0,4,303,131,0,0,0
23679,0,0,0,0,0,4,0,0,0,0,1095,12
23680,0,0,0,13,64,279,0,0,0,0,0,0
23681,0,0,0,0,0,4,0,0,0,0,0,0
23682,3,0,1,0,0,0,0,0,0,0,0,0
23683,0,0,0,0,0,47,0,0,0,0,10653,0
23684,0,0,0,23,11,2,0,0,0,0,0,0
23685,3,0,0,0,0,0,0,0,0,10,227,11
23686,0,0,0,1,0,38,0,0,0,0,0,0
23687,22,8,1,0,0,0,0,0,0,0,0,0
23688,5,89,47,0,0,0,0,0,0,0,0,0
23689,0,0,0,1,21,669,0,0,0,0,3,0
23690,4,207,7,0,0,0,0,0,0,0,0,0
23691,21,31,18,0,0,0,0,0,0,0,0,0
23692,0,0,0,0,0,0,0,0,0,20,263,0
23693,0,0,0,3,16,2,0,0,0,0,0,0
23694,0,0,0,0,0,0,0,0,0,1,65,1
23695,0,0,0,148,0,427,0,0,0,0,4,0
23696,6,204,2,0,0,0,0,0,0,0,0,0
23697,0,0,0,0,1,18,0,0,0,0,0,0
23698,0,0,0,89,1,24,0,0,0,0,0,0
23699,0,0,0,0,1,0,7,77,0,0,0,0
23700,0,0,0,0,0,0,0,0,0,17,15,8
23701,0,0,0,0,0,0,0,0,0,41,238,3
23702,41,85,8,0,0,0,0,0,0,0,0,0
23703,0,0,0,1,0,1,0,0,0,0,0,0
23704,5,10,0,0,0,0,0,0,0,0,0,0
23705,0,0,0,0,0,0,0,0,0,5,57,0
23706,0,0,0,0,0,0,0,0,0,1,5,0
23707,0,0,6,0,0,8,0,0,0,87,2294,14
23708,23,110,0,0,0,0,0,0,0,0,0,0
23709,0,0,0,0,0,1275,0,0,0,9,318712,5
23710,22,63,15,0,0,0,0,0,0,0,0,0
23711,6,15,7,0,0,0,0,0,0,0,0,0
23712,2,183,26,0,0,0,1,0,0,0,0,0
23713,0,0,0,10,5,123,0,0,0,0,1,0
23714,0,0,0,1,0,1,0,0,0,0,0,0
23715,0,0,0,0,1,1,0,0,0,0,0,0
23716,0,0,0,0,0,194,0,0,0,0,2,0
23717,8,14,0,0,0,0,0,2,0,0,0,0
23718,0,0,1,0,0,31,0,0,0,53,3265,47
23719,0,0,0,2,0,50,0,0,0,0,0,0
23720,0,83,9,0,0,0,0,0,0,0,0,0
23721,0,0,0,2,1,2,0,0,0,0,0,0
23722,0,0,0,6,0,16,0,0,0,0,0,0
23723,18,57,0,0,0,0,0,0,0,0,0,0
23724,0,0,0,0,0,0,0,40,0,0,0,0
23725,0,0,0,56,2,340,0,0,0,0,1,0
23726,0,2,0,0,0,0,201,5,2,0,0,0
23727,0,0,0,1,7,20,0,0,0,0,0,0
23728,0,0,0,20,1,709,0,0,0,0,0,0
23729,2,22,2,0,0,0,0,0,0,0,0,0
23730,0,0,0,0,0,0,0,0,0,14,538,0
23731,0,0,0,0,0,1786,0,0,0,31,8254,0
23732,61,199,0,0,0,0,1,0,0,0,0,0
23733,0,0,0,0,0,1,0,0,0,2,111,0
23734,122,754,4,1,0,0,0,0,0,0,0,0
23735,0,0,0,0,0,0,2,0,7,0,0,0
23736,1,1,0,0,0,0,0,0,0,0,0,0
23737,14,29,9,0,0,0,0,0,0,0,0,0
23738,1,79,1,0,0,0,0,0,0,0,0,0
23739,0,0,0,0,0,69,0,0,0,0,0,0
23740,0,0,0,1,1,96,0,0,0,0,0,0
23741,0,0,0,0,0,2,0,0,0,15,371,0
23742,0,0,0,7,1,3,0,0,0,0,0,0
23743,5,14,1,0,0,0,0,0,0,0,0,0
23744,0,0,0,0,0,0,0,0,0,7,56,0
23745,0,0,0,0,0,0,0,0,0,1,62,0
23746,118,297,21,0,0,0,2,0,0,0,0,0
23747,0,0,0,0,0,0,10,16,1,0,0,0
23748,0,0,0,3,0,4,0,0,0,0,0,0
23749,0,155,0,0,0,0,556,90,0,0,0,0
23750,0,0,0,1,31,6,0,0,0,0,0,0
23751,0,0,0,0,0,0,0,0,0,1,53,1
23752,0,0,0,44,1,36,0,0,0,0,0,0
23753,23,10,2,0,0,0,0,0,0,0,0,0
23754,0,0,0,0,0,16,0,0,0,0,0,0
23755,0,0,0,0,0,0,22,749,168,0,0,0
23756,720,10714,2,4,0,0,119,13,0,0,0,0
23757,0,0,0,0,0,0,0,0,0,1,901,21
23758,0,0,1,0,0,49,0,0,0,159,12435,17
23759,0,1,0,0,0,0,0,0,0,0,0,0
23760,0,6,0,0,0,0,0,0,0,0,0,0
23761,0,0,0,0,0,0,149,0,0,0,0,0
23762,2,17,0,0,0,0,0,0,0,0,0,0
23763,0,0,0,0,0,0,0,0,0,0,37,0
23764,145,82,28,1,0,0,0,0,0,0,0,0
23765,0,0,0,1,1978,1,0,31,0,0,0,0
23766,0,0,0,0,0,4,0,0,0,0,354,0
23767,132,82,20,0,0,0,0,0,0,0,0,0
23768,0,1,0,0,0,0,237,6,0,0,0,0
23769,0,0,0,0,1,0,0,0,0,0,0,0
23770,8,143,0,0,0,0,0,0,0,0,0,0
23771,0,0,0,0,0,0,1,36,0,0,0,0
23772,7,6,0,0,0,0,0,0,0,0,0,0
23773,0,0,0,0,17,77,0,0,0,0,0,0
23774,0,0,0,0,1,0,0,0,0,0,0,0
23775,0,0,0,0,0,0,0,10,0,0,0,0
23776,0,0,0,0,0,272,0,0,0,0,2,0
23777,2,74,0,0,0,0,0,0,0,0,0,0
23778,0,0,0,0,0,3,0,0,0,0,1012,2
23779,231,101,17,0,0,0,0,0,0,0,0,0
23780,26,678,8,0,0,0,1,0,0,0,0,0
23781,0,0,0,5,1,142,0,0,0,0,0,0
23782,0,0,0,0,2,0,66,395,14,0,0,0
23783,0,0,0,1,0,0,0,0,0,0,0,0
23784,2,0,1,0,0,0,0,0,0,0,0,0
23785,0,0,0,0,0,1,0,0,0,1,306,0
23786,4,42,0,0,0,0,0,0,0,0,0,0
23787,0,0,0,0,1,5,0,0,0,0,0,0
23788,0,0,0,2,0,88,0,0,0,0,0,0
23789,0,2,0,16,10,2,2,0,0,0,0,0
23790,0,0,0,0,0,0,0,3,1,0,0,0
23791,0,0,0,0,0,94,0,0,0,0,0,0
23792,0,0,0,0,0,0,115,8,0,0,0,0
23793,0,0,0,0,0,0,54,1,2,0,0,0
23794,0,0,0,50,1,170,0,0,0,0,1,0
23795,0,0,0,0,0,0,0,6,3,0,0,0
23796,4,283,19,0,0,0,1,0,0,0,0,0
23797,0,0,0,6,12,2121,0,0,0,0,18,0
23798,0,0,0,4,2,2,0,0,0,0,0,0
23799,0,0,0,0,0,0,0,0,0,0,2,0
23800,86,91,7,0,0,0,1,0,1,0,0,0
23801,1,46,5,0,0,0,0,0,0,0,0,0
23802,0,0,15,0,0,1,0,0,0,225,1582,13
23803,4,0,0,150,10,49,0,0,0,0,0,0
23804,0,0,0,0,0,0,2,3,152,0,0,0
23805,14,3,5,0,0,0,0,0,0,0,0,0
23806,0,162,7,0,0,0,1,0,0,0,0,0
23807,0,0,0,0,0,0,0,0,0,0,0,0
23808,0,0,0,0,0,0,1,1,0,0,0,0
23809,0,0,0,0,0,0,0,0,0,0,244,0
23810,1,79,8,0,0,0,0,0,0,0,0,0
23811,0,0,0,0,0,0,51,25,4,0,0,0
23812,0,0,0,0,0,0,0,0,0,4,121,0
23813,29,129,7,0,0,0,0,0,0,0,0,0
23814,49,69,101,0,0,0,0,0,0,0,0,0
23815,0,0,0,1,46,389,0,0,0,0,0,0
23816,0,0,0,0,0,0,0,0,0,21,137,27
23817,0,0,0,0,0,19,0,0,0,0,0,0
23818,0,0,0,16,11,367,0,0,0,0,1,0
23819,0,0,0,0,2,107,0,0,0,0,0,0
23820,0,0,0,0,0,0,0,0,0,0,0,0
23821,0,0,0,0,0,0,339,4,0,0,0,0
23822,0,0,0,0,4,119,0,0,0,0,0,0
23823,0,0,0,0,3,14,0,0,0,0,0,0
23824,0,0,0,0,7,0,99,326,5,0,0,0
23825,0,0,0,0,0,0,0,0,0,0,1,0
23826,6,0,0,0,0,0,0,0,0,0,0,0
23827,1,46,1,0,0,0,0,0,0,0,0,0
23828,0,0,0,1,0,2,0,0,0,0,0,0
23829,2,1,0,0,0,0,0,0,0,0,0,0
23830,0,0,0,0,0,75,0,0,0,0,0,0
23831,0,0,0,0,0,0,3,2,0,0,0,0
23832,0,0,0,0,0,0,13,1,3,0,0,0
23833,0,0,0,0,0,23,0,0,0,2,760,0
23834,1,62,0,0,0,0,1,0,0,0,0,0
23835,0,0,0,0,0,0,0,39,6,0,0,0
23836,0,0,0,0,0,84,0,0,0,0,1,0
23837,0,0,0,0,0,4,0,0,0,0,0,0
23838,0,0,0,0,0,16,0,0,0,0,0,0
23839,0,0,0,1,0,35,0,0,0,0,0,0
23840,0,0,0,0,0,1,0,0,0,0,0,0
23841,0,0,0,0,0,0,0,2,0,0,0,0
23842,0,0,0,0,0,609,0,0,0,0,4,0
23843,6,117,2,0,0,0,0,0,0,0,0,0
23844,0,0,0,0,0,0,0,0,5,6,179,109
23845,192,32,1,0,0,0,0,0,0,0,0,0
23846,0,0,0,0,0,0,0,0,0,1,0,4
23847,12,1,1,0,0,0,0,0,0,0,0,0
23848,15,548,0,1,0,0,1,0,0,0,0,0
23849,0,0,0,2,4,457,0,0,0,0,2,0
23850,0,0,0,0,0,20,0,0,0,0,0,0
23851,13,118,1,0,0,0,0,0,0,0,0,0
23852,11,3,4,0,0,0,0,0,0,0,0,0
23853,0,6,1,0,0,0,0,0,0,0,0,0
23854,1,1,129,0,0,10,0,0,0,227211,2720,3
23855,0,0,0,0,0,13,0,0,0,37,588,16
23856,0,0,0,0,1,0,431,635,0,0,0,0
23857,0,0,0,3,11,138,0,0,0,0,1,0
23858,0,0,0,0,0,0,1,2,1,0,0,0
23859,0,0,0,0,0,2,0,0,0,1,13,1
23860,0,0,0,2,7,84,0,0,0,0,0,0
23861,0,0,0,1,0,63,0,0,0,0,0,0
23862,0,0,0,0,0,3,0,0,0,0,0,0
23863,0,40,0,0,0,0,0,0,0,0,0,0
23864,1,33,1,0,0,0,1,0,0,0,0,0
23865,0,0,0,0,0,2,0,0,0,59,117,20
23866,0,0,0,37,54,209,0,0,0,0,2,0
23867,0,0,1,0,0,0,155,3,21,0,0,0
23868,0,0,0,0,66,0,53,4554,189,0,0,1
23869,29,53,62,1,0,0,0,0,0,0,0,0
23870,0,119,3,0,0,0,0,0,0,0,0,0
23871,0,0,0,1,0,6,0,0,0,0,0,0
23872,100,10,1,0,0,0,0,0,0,0,0,0
23873,0,0,0,0,9,0,5,1486,0,0,0,0
23874,0,0,0,0,0,0,0,0,0,25,63,5
23875,0,0,0,2,49,79,0,0,0,0,0,0
23876,0,10,0,0,0,0,1444,25,0,0,0,0
23877,0,0,0,10,12,56,0,0,0,0,0,0
23878,2,0,0,68,7,171,0,0,0,0,1,0
23879,0,0,0,0,0,0,0,0,3,0,0,0
23880,1,3,1,0,0,0,0,0,0,0,0,0
23881,0,36,30,0,0,0,0,0,0,0,0,0
23882,0,0,0,0,0,0,0,0,0,0,2,1
23883,0,2,0,0,0,0,0,0,0,0,0,0
23884,1,134,0,0,0,0,1,0,0,0,0,0
23885,0,4,0,0,0,0,11,0,0,0,0,0
23886,0,2,0,0,0,0,0,0,0,0,0,0
23887,0,0,0,0,0,4,0,0,0,2,754,0
23888,0,6,1,0,0,0,0,0,0,0,0,0
23889,1,16,7,0,0,0,0,0,0,0,0,0
23890,0,32,0,0,0,0,0,0,0,0,0,0
23891,0,0,2,0,0,0,0,0,0,0,0,0
23892,0,53,0,0,0,0,1,0,0,0,0,0
23893,0,0,0,0,0,1,0,0,0,0,1085,0
23894,21,53,0,0,0,0,0,0,0,0,0,0
23895,0,0,0,0,0,0,0,0,0,21,548,6
23896,0,0,0,0,0,13,0,0,0,56,3298,23
23897,0,0,2,0,0,0,0,0,1,198,2,292
23898,57,180,0,0,0,0,0,0,0,0,0,0
23899,9,51,71,0,0,0,0,0,0,0,0,0
23900,0,0,0,0,0,0,36,5,1274,0,0,5
23901,20,82,172,0,0,0,0,0,0,1,0,0
23902,124,80,252,0,0,0,0,0,0,0,18,0
23903,0,0,0,0,0,0,3,5,1,0,0,0
23904,0,0,0,1,7,5,0,0,0,0,0,0
23905,0,0,0,8,4,113,0,0,0,0,0,0
23906,0,0,0,0,0,4,0,0,0,0,0,0
23907,0,0,0,5,1,3,0,0,0,0,0,0
23908,0,0,0,0,0,723,0,0,0,0,0,0
23909,0,0,0,0,0,0,70,303,0,0,0,0
23910,0,0,0,0,0,0,0,0,0,28,291,12
23911,30,143,12,0,0,0,0,0,0,0,0,0
23912,0,0,0,0,0,0,0,0,0,6,1,1
23913,109,13,5,0,0,0,0,0,0,0,0,0
23914,13,68,18,0,0,0,0,0,0,0,0,0
23915,0,0,0,0,0,0,186,16,5,0,0,0
23916,0,0,0,2,7,322,0,0,0,0,0,0
23917,0,0,0,0,0,1,0,0,0,36,363,0
23918,0,38,12,0,0,0,0,0,0,0,0,0
23919,10,61,10,0,0,0,1,0,0,0,0,0
23920,28,175,13,0,0,0,1,0,0,0,0,0
23921,0,0,2,0,0,0,0,0,0,283,1,0
23922,42,32,0,0,0,0,0,0,0,0,0,0
23923,40,64,20,0,0,0,0,0,0,0,0,0
23924,2,139,104,0,0,0,0,0,0,0,0,0
23925,0,0,0,2,0,12,0,0,0,0,0,0
23926,0,0,0,2,11,189,0,0,0,0,1,0
23927,0,0,0,4,1,14,0,0,0,0,0,0
23928,0,2,0,0,0,0,0,0,0,0,0,0
23929,0,0,0,0,0,22,0,0,0,3,3565,0
23930,0,13,2,0,0,0,0,0,0,0,0,0
23931,14,31,23,0,0,0,0,0,0,0,0,0
23932,57,60,18,0,0,0,0,0,0,0,0,0
23933,2,50,44,0,0,0,1,0,0,0,0,0
23934,0,0,0,0,0,41,0,0,0,68,2268,1
23935,318,82,29,1,0,0,1,0,0,0,0,0
23936,0,0,2,0,0,0,0,0,0,106,108,3
23937,0,0,1,0,0,0,0,0,0,22,161,10
23938,5,52,1,0,0,0,0,0,0,0,0,0
23939,0,0,0,0,0,2,0,0,0,118,433,1
23940,0,0,0,0,0,0,0,0,0,27,259,13
23941,356,31,9,4,0,0,0,0,0,0,0,0
23942,14,92,128,0,0,0,0,0,0,1,0,0
23943,7,0,0,121,3,70,0,0,0,0,0,0
23944,0,0,0,0,0,126,0,0,0,0,0,0
23945,3,18,7,0,0,0,0,0,0,0,0,0
23946,27,113,6,0,0,0,0,0,0,0,0,0
23947,107,158,9,1,0,0,0,0,0,0,0,0
23948,0,4,0,0,518,2,132,229004,2040,0,40,24
23949,11,103,3,0,0,0,8,0,0,0,0,0
23950,0,0,0,8,4,325,0,0,0,0,3,0
23951,0,0,0,3,39,31,0,0,0,0,0,0
23952,0,0,0,2,11,11,0,0,0,0,0,0
23953,0,0,0,3,4,34,0,0,0,0,0,0
23954,0,1,0,0,0,0,101,15,1,0,0,0
23955,0,0,0,0,0,0,25,28,11,0,0,0
23956,0,0,0,1,4,73,0,0,0,0,0,0
23957,0,0,0,0,0,0,29,10,0,0,0,0
23958,0,0,0,0,0,0,33,59,1,0,0,0
23959,0,0,0,1,17,48,0,0,0,0,0,0
23960,0,0,0,0,2,0,0,0,0,0,0,0
23961,0,0,0,0,0,1,0,0,0,0,0,0
23962,0,0,0,0,0,249,0,0,0,0,9,0
23963,2,74,1,0,0,0,1,0,0,0,0,0
23964,2,2,0,0,0,0,0,0,0,0,0,0
23965,0,0,0,2,2,266,0,0,0,0,0,0
23966,0,0,0,1,0,10,0,0,0,0,0,0
23967,0,0,0,0,0,0,0,0,0,0,0,0
23968,0,0,0,1,4,32,0,0,0,0,0,0
23969,0,0,0,6,7,3,0,0,0,0,0,0
23970,0,0,0,0,0,0,0,0,0,0,46,1
23971,13,112,20,0,0,0,0,0,0,0,0,0
23972,0,0,0,0,0,0,0,0,0,31,0,1
23973,12,76,28,0,0,0,0,0,0,0,0,0
23974,37,34,8,1,0,0,0,0,0,0,0,0
23975,10,71,52,0,0,0,0,0,0,0,0,0
23976,0,0,0,3,0,1,0,0,0,0,0,0
23977,5,224,4,0,0,0,1,0,0,0,0,0
23978,0,0,0,0,16,444,0,0,0,0,0,0
23979,0,0,0,11,0,18,0,0,0,0,0,0
23980,8,44,0,0,0,0,0,0,0,0,0,0
23981,0,0,0,0,0,1,0,0,0,48,337,0
23982,0,0,0,0,0,0,0,0,0,39,159,1
23983,34,162,53,0,0,0,2,0,0,0,0,0
23984,0,0,0,0,0,0,146,41,79,0,0,0
23985,12,78,29,0,0,0,0,0,0,0,0,0
23986,0,0,0,4,81,1157,0,1,0,0,2,0
23987,0,0,0,0,2,78,0,0,0,81,9476,5
23988,0,0,0,0,0,1,0,0,0,140,722,23
23989,159,551,39,0,0,0,1,0,0,0,0,0
23990,0,0,0,5,39,7,0,0,0,0,0,0
23991,0,0,0,0,0,0,0,0,0,2,360,0
23992,122,43,22,1,0,0,0,1,0,0,0,0
23993,0,8,10,0,0,0,0,0,0,0,0,0
23994,54,31,10,0,0,0,0,0,0,0,0,0
23995,7,114,16,0,0,0,0,0,0,0,0,0
23996,0,0,0,0,0,5,0,0,0,128,2991,16
23997,0,0,0,0,0,15,0,0,0,32,3163,100
23998,259,128,7,3,0,0,1,0,0,0,0,0
23999,3,90,53,0,0,0,0,0,0,0,0,0
24000,0,5,0,0,1,0,246,1417,22,0,0,0
24001,0,0,0,0,0,2,0,0,0,6,603,1
24002,0,28,6,0,0,0,0,0,0,0,0,0
24003,45,108,35,0,0,0,0,0,0,0,0,0
24004,0,2,0,0,0,0,378,17,0,0,0,0
24005,3,0,137,0,0,0,0,0,0,1,0,0
24006,0,0,0,0,0,0,85,15,3,0,0,0
24007,0,3,0,0,0,0,635,21,2,0,0,0
24008,0,0,0,0,0,3,0,0,0,0,0,0
24009,0,0,0,0,0,0,0,0,0,0,0,0
24010,60,736,8,0,0,0,2,0,0,0,0,0
24011,0,0,0,1,3,56,0,0,0,0,0,0
24012,0,0,0,2,0,9,0,0,0,0,0,0
24013,0,0,0,2,0,154,0,0,0,0,0,0
24014,2,848,1,0,0,0,0,0,0,0,0,0
24015,0,0,0,1,0,5,0,0,0,0,0,0
24016,1,0,0,4,3,99,0,0,0,0,0,0
24017,0,0,0,0,0,0,0,1,2,0,0,0
24018,0,1,0,0,0,0,0,0,0,0,0,0
24019,0,222,0,0,0,0,0,0,0,0,0,0
24020,0,0,0,0,0,0,60,13,25,0,0,0
24021,2,19,2,0,0,0,0,0,0,0,0,0
24022,0,0,0,3,22,552,0,0,0,0,0,0
24023,0,0,0,0,0,27,0,0,0,89,7874,150
24024,0,0,0,0,0,4,0,0,0,0,0,0
24025,5,37,2,0,0,0,0,0,0,0,0,0
24026,0,0,0,0,0,6,0,0,0,63,1070,10
24027,0,0,0,0,0,5,0,0,0,0,0,0
24028,0,0,0,16,2,97,0,0,0,0,0,0
24029,0,0,0,0,0,2,0,0,0,0,0,0
24030,0,0,0,0,0,5,0,0,0,0,0,0
24031,0,0,0,0,0,6,0,0,0,2,621,1
24032,46,74,5,0,0,0,0,0,0,0,0,0
24033,4,36,1,0,0,0,0,0,0,0,0,0
24034,0,0,0,0,0,15,0,0,0,2,3694,2
24035,0,10,1,0,0,0,0,0,0,0,0,0
24036,2,49,1,0,0,0,0,0,0,0,0,0
24037,0,131,0,0,0,0,1,0,0,0,0,0
24038,0,1,0,0,4,0,37,343,23,0,0,0
24039,0,0,0,1,0,3,0,0,0,0,0,0
24040,0,0,0,0,3,0,53,1069,3,0,0,0
24041,25,38,0,0,0,0,0,0,0,0,0,0
24042,0,0,0,0,0,3,0,0,0,4,584,0
24043,46,76,45,0,0,0,1,0,0,6,0,0
24044,0,0,0,0,0,0,0,0,0,24,41,3
24045,0,0,0,0,0,0,0,0,0,0,0,0
24046,0,0,0,80,3,176,0,0,0,0,0,0
24047,0,2,0,0,0,0,515,117,0,0,0,0
24048,0,0,0,0,0,0,0,0,0,0,122,1
24049,90,128,16,0,0,0,0,0,0,0,0,0
24050,0,0,0,0,0,0,26,216,19,0,0,0
24051,5,69,5,0,0,0,0,0,0,0,0,0
24052,0,0,0,7,5,147,0,0,0,0,0,0
24053,0,0,0,0,7,0,41,659,0,0,0,0
24054,0,0,0,0,0,0,0,0,0,9,1505,2
24055,0,0,0,34,11,248,0,0,0,0,2,0
24056,0,0,0,0,0,0,50,8,8,0,0,0
24057,0,0,0,0,0,0,30,15,0,0,0,0
24058,0,0,0,0,0,0,0,0,0,107,187,22
24059,0,0,0,3,7,11,0,1,0,0,0,0
24060,0,0,0,3,0,14,0,0,0,0,0,0
24061,0,0,0,0,0,0,0,0,0,0,137,3
24062,61,1566,5,1,0,0,5,0,0,0,0,0
24063,0,0,0,7,38,632,0,0,0,0,2,0
24064,0,0,0,0,0,2,0,0,0,25,613,7
24065,0,24,3,0,0,0,0,0,0,0,0,0
24066,66,135,11,0,0,0,0,0,0,0,0,0
24067,21,36,3,0,0,0,0,0,0,0,0,0
24068,0,0,9,0,0,0,0,0,1,177,3,186
24069,367,167,10,2,0,0,3,0,0,0,0,0
24070,128,283,33,0,0,0,0,0,0,1,0,0
24071,0,0,0,0,1,235,0,0,0,0,0,0
24072,10,0,0,0,0,0,0,0,0,0,0,0
24073,0,0,0,0,0,254,0,0,0,0,0,0
24074,0,4,0,0,0,0,345,10,7,0,0,0
24075,0,0,0,0,0,0,64,40,1,0,0,0
24076,0,0,0,4,3,6333,0,0,0,0,121,0
24077,0,0,0,0,1,0,148,312,3,0,0,0
24078,144,38,31,0,0,0,0,0,0,0,0,0
24079,0,0,0,4,44,964,0,0,0,1,5,0
24080,0,0,0,0,2,2,0,0,0,0,0,0
24081,0,0,0,0,0,0,0,4,0,0,0,0
24082,0,0,0,0,0,1,0,0,0,1,1251,0
24083,0,0,0,0,0,2,0,0,0,66,108,0
24084,0,0,0,2,40,1,0,0,0,0,0,0
24085,0,0,0,51,18,863,0,0,0,0,0,0
24086,0,3,0,0,0,0,517,20,1,0,0,0
24087,0,0,0,0,2,0,133,168,1,0,0,0
24088,0,0,0,6,0,1382,0,0,0,0,14,0
24089,0,1,0,0,0,0,187,16,1,0,0,0
24090,7,120,35,0,0,0,0,0,0,1,0,0
24091,0,0,0,0,59,550,0,0,0,0,1,0
24092,5,192,1,0,0,0,1,0,0,0,0,0
24093,0,0,0,0,69,37,0,0,0,0,0,0
24094,0,0,0,70,11,23,0,0,0,0,0,0
24095,0,0,0,0,56,0,69,6015,7,0,0,0
24096,0,0,15,0,0,2,0,0,0,50,882,19
24097,0,0,0,41,7,353,0,0,0,0,8,0
24098,0,0,0,0,3,0,65,886,4,0,0,0
24099,0,0,0,0,0,4,0,0,0,5,1723,57
24100,0,0,0,30,4,65,0,0,0,0,0,0
24101,0,2,1,0,0,0,0,0,0,0,0,0
24102,0,0,0,0,0,0,197,51,150,0,0,0
24103,5,71,3,0,0,0,0,0,0,0,0,0
24104,0,0,0,0,0,0,1,3,0,0,0,0
24105,0,0,0,0,0,0,0,0,0,0,0,0
24106,0,0,0,0,0,6,0,0,0,12,1842,1
24107,0,0,0,0,0,0,0,0,0,47,163,2
24108,0,0,0,0,0,2,0,0,0,0,0,0
24109,0,0,0,0,0,2,0,0,0,62,1046,8
24110,41,136,11852,0,0,0,0,0,0,25,0,0
24111,0,0,0,3,6,61,0,0,0,0,0,0
24112,0,0,0,0,3,67,0,0,0,0,0,0
24113,0,0,0,0,0,2,0,0,0,0,0,0
24114,0,0,0,0,0,0,0,1,0,0,0,0
24115,0,0,0,0,1,200,0,0,0,0,0,0
24116,0,0,0,0,9,0,41,463,1,0,0,0
24117,0,0,0,0,0,0,0,0,0,8,203,5
24118,112,56,13,0,0,0,0,0,0,0,0,0
24119,0,0,0,0,0,0,0,0,0,39,0,0
24120,18,32,1,0,0,0,0,0,0,0,0,0
24121,22,51,2,0,0,0,0,0,0,0,0,0
24122,1,20,3,0,0,0,0,0,0,0,0,0
24123,3,87,11,0,0,0,2,0,0,0,0,0
24124,11,1,0,6,7,0,1648,2652,13,0,0,0
24125,0,0,0,0,1,55,0,0,0,0,0,0
24126,0,0,0,0,0,314,0,0,0,0,1,0
24127,0,0,0,7,0,144,0,0,0,0,0,0
24128,2,9,1,0,0,0,0,0,0,0,0,0
24129,4,313,3,0,0,0,2,0,0,0,0,0
24130,0,4,226803,2,0,151,0,0,0,227125,30852,12
24131,0,0,0,0,0,0,15,11,2,0,0,0
24132,0,0,0,0,0,0,3,10,2,0,0,0
24133,0,0,0,0,0,4,0,0,0,39,839,1
24134,0,0,0,0,0,0,0,0,0,70,192,24
24135,0,0,0,17,0,2,0,0,0,0,0,0
24136,0,0,0,12,1,333,0,0,0,0,0,0
24137,4,57,0,0,0,0,0,0,0,0,0,0
24138,0,1,114,0,0,2,0,0,0,10040,5448,26
24139,0,0,0,32,147,168,0,0,0,0,0,0
24140,0,0,0,0,0,0,206,78,139,0,0,1
24141,0,0,0,1,2,27,0,0,0,0,0,0
24142,0,0,0,17,27,121,0,0,0,0,0,0
24143,0,0,0,0,8,103,0,0,0,0,0,0
24144,0,0,0,0,0,12,0,0,0,0,0,0
24145,0,0,0,0,0,0,238,4,2,0,0,0
24146,0,0,0,0,0,0,0,0,0,3,114,22
24147,0,0,0,0,0,0,0,0,0,6,7,0
24148,15,52,3,0,0,0,3,0,0,0,0,0
24149,0,0,0,0,0,0,0,0,0,4,56,0
24150,0,0,0,0,0,0,0,0,0,1,9,0
24151,0,0,0,6,72,56,0,0,0,0,0,0
24152,0,0,0,1,5,60,0,0,0,0,0,0
24153,0,0,0,0,1,4,0,0,0,0,0,0
24154,0,0,0,0,0,0,146,27,2,0,0,0
24155,0,0,0,0,0,0,0,0,0,4,55,0
24156,0,0,0,0,0,7,0,0,0,0,0,0
24157,0,0,1,0,0,6,0,0,0,22,319,0
24158,13,0,1,0,0,0,0,0,0,0,0,0
24159,0,0,0,0,0,0,0,0,0,2,5,1
24160,133,72,8,0,0,0,0,0,0,0,0,0
24161,0,1,0,0,0,0,59,85,0,0,0,0
24162,8,110,26,0,0,0,0,0,0,0,0,0
24163,0,0,0,18,7,338,0,0,0,0,2,0
24164,0,0,0,0,0,0,17,1,0,0,0,0
24165,10,12,6,0,0,0,0,0,0,0,0,0
24166,13,94,16,0,0,0,0,0,0,0,0,0
24167,4,1,2,0,0,0,0,0,0,0,0,0
24168,0,0,0,0,3,1,0,0,0,0,0,0
24169,0,0,0,0,0,0,2,111,21,0,0,0
24170,2,616,3,0,0,0,3,0,0,0,0,0
24171,0,0,0,0,15,49,0,0,0,0,0,0
24172,0,0,0,116,1,270,0,0,0,0,1,0
24173,0,0,0,0,0,0,12,801,2,0,0,0
24174,0,0,0,0,0,0,0,0,0,1,558,8
24175,0,0,0,24,32,383,0,0,0,0,0,0
24176,0,0,0,0,0,0,0,0,0,3,1,1
24177,40,1,0,0,0,0,0,0,0,0,0,0
24178,0,168,4,0,0,0,0,0,0,0,0,0
24179,0,0,0,0,0,11,0,0,0,0,0,0
24180,1,0,0,0,0,0,0,0,0,0,0,0
24181,0,0,0,0,0,3,0,0,0,0,1126,0
24182,4,9,0,0,0,0,0,0,0,0,0,0
24183,0,0,0,0,0,0,0,0,0,23,145,1
24184,0,0,0,55,72,187,0,0,0,0,0,0
24185,0,0,0,3,25,2,0,0,0,0,0,0
24186,0,0,0,0,0,0,0,0,0,1,29,0
24187,1,0,0,65,8,86,0,0,0,0,0,0
24188,0,0,0,0,0,0,16,56,0,0,0,0
24189,0,0,0,0,0,0,0,0,0,0,9,0
24190,157,469,35,0,0,0,0,0,0,0,0,0
24191,0,0,0,0,0,0,0,0,0,29,111,1
24192,0,0,0,0,2,2,0,0,0,0,0,0
24193,0,3,0,0,5,0,311,1307,217,0,0,0
24194,0,0,0,1,3,354,0,0,0,0,1,0
24195,0,0,0,0,0,8,0,0,0,0,0,0
24196,1,154,0,0,0,0,0,0,0,0,0,0
24197,0,0,0,0,19,0,337,4660,4,0,0,0
24198,0,0,0,0,0,6,0,0,0,0,978,14
24199,0,4,0,0,4,0,1434,978,23,0,0,0
24200,0,0,0,0,0,0,3,3,0,0,0,0
24201,0,0,0,0,0,0,0,1,1,0,0,0
24202,0,0,0,31,0,301,0,0,0,0,1,0
24203,2,10,0,0,0,0,0,0,0,0,0,0
24204,0,0,0,0,0,0,0,0,0,0,21,0
24205,271,46,0,0,0,0,0,0,0,0,0,0
24206,4,95,1,0,0,0,7,0,0,0,0,0
24207,0,0,0,0,1,16,0,0,0,0,0,0
24208,0,0,0,0,1,770,0,0,0,13,133173,0
24209,15,17,0,0,0,0,0,0,0,0,0,0
24210,0,0,0,0,0,0,0,0,0,2,399,28
24211,0,0,0,8,118,95,0,0,0,0,0,0
24212,0,0,0,4,71,2,0,0,0,0,0,0
24213,0,0,0,0,0,0,0,0,0,6,558,33
24214,0,0,0,75,30,186,0,0,0,0,9,0
24215,0,0,0,0,0,0,12,17,1,0,0,0
24216,0,0,0,0,0,0,9,8,1,0,0,0
24217,0,0,0,1,2,109,0,0,0,0,1,0
24218,0,0,0,1,1,0,0,0,0,0,0,0
24219,0,0,0,0,0,0,50,141,1,0,0,0
24220,0,0,0,0,0,0,0,68,1,0,0,0
24221,1,36,0,0,0,0,0,0,0,0,0,0
24222,0,0,0,0,0,0,0,0,0,1,4,1
24223,0,0,0,0,0,2,0,0,0,460,588,4
24224,0,0,0,1,8,2050,0,0,0,0,28,0
24225,0,0,0,1,0,5,0,0,0,0,0,0
24226,0,0,0,30,2,79,0,0,0,0,1,0
24227,0,0,0,0,0,0,9,10,0,0,0,0
24228,0,0,0,0,0,0,0,10,0,0,0,0
24229,0,0,0,4,1,63,0,0,0,0,0,0
24230,0,0,0,0,0,0,56,33,1,0,0,0
24231,0,0,0,0,0,0,0,0,0,0,147,1
24232,114,379,51,0,0,0,0,0,0,0,0,0
24233,0,0,0,0,0,0,9,2,0,0,0,0
24234,0,0,0,0,0,0,153,4,0,0,0,0
24235,0,0,0,3,2,81,0,0,0,0,0,0
24236,0,0,0,0,2,0,6,637,1,0,0,0
24237,0,0,0,0,0,0,0,0,0,0,1010,0
24238,0,0,0,45,7,100,0,0,0,0,0,0
24239,0,0,0,0,2,0,6,148,4,0,0,0
24240,0,0,0,0,0,0,0,0,0,1,261,3
24241,120,246,30,0,0,0,1,0,0,0,0,0
24242,0,0,0,0,1,171,0,0,0,0,0,0
24243,0,0,0,0,0,12,0,0,0,0,0,0
24244,3,154,0,0,0,0,0,0,0,0,0,0
24245,0,0,0,0,0,0,0,0,0,3,2,3
24246,3,0,0,0,0,0,0,0,0,0,0,0
24247,16,72,1,0,0,0,0,0,0,0,0,0
24248,12,26,9,0,0,0,0,0,0,0,0,0
24249,0,0,0,0,0,88,0,0,0,0,0,0
24250,1,11,0,0,0,0,0,0,0,0,0,0
24251,0,0,0,0,0,0,0,0,0,0,1,0
24252,0,0,0,0,0,0,0,0,0,0,1,0
24253,995,126,8,2,0,0,0,0,0,0,0,0
24254,0,0,0,0,0,2,0,0,0,0,0,0
24255,0,0,0,0,0,0,0,0,0,0,0,0
24256,0,0,0,0,0,108,0,0,0,0,0,0
24257,0,0,0,0,24,0,9,1787,2,0,0,0
24258,0,0,0,0,0,0,0,0,0,0,21,1
24259,0,0,0,7,1,323,0,0,0,0,30,0
24260,14,0,2,0,0,0,0,0,0,0,0,0
24261,0,0,0,4,0,2,0,0,0,0,0,0
24262,0,0,0,0,0,0,12,125,2,0,0,0
24263,0,0,0,0,0,0,0,0,0,0,1,0
24264,0,0,0,0,0,0,0,0,0,0,0,0
24265,0,16,0,0,0,0,0,0,0,0,0,0
24266,3,9,5,0,0,0,0,0,0,0,0,0
24267,0,0,0,0,0,2,0,0,0,0,0,0
24268,0,0,0,0,0,0,14,52,0,0,0,0
24269,0,0,0,0,0,0,1,133,1,0,0,0
24270,0,0,0,0,0,0,0,0,0,1,4,0
24271,0,0,0,2,2,203,0,0,0,0,2,0
24272,0,0,0,1,0,31,0,0,0,0,0,0
24273,17,0,4,0,0,0,0,0,0,0,0,0
24274,0,0,0,0,0,194,0,0,0,0,0,0
24275,0,1,24,0,0,0,0,0,0,1,0,0
24276,0,0,0,0,0,0,1,0,0,0,0,0
24277,0,0,0,0,0,0,76,2,1,0,0,0
24278,0,0,0,1,2,1,0,0,0,0,0,0
24279,0,0,0,1,0,0,0,0,0,0,0,0
24280,0,0,0,1,0,300,0,0,0,0,0,0
24281,1,0,0,0,0,0,0,0,0,0,0,0
24282,0,25,20,0,0,0,0,0,0,0,0,0
24283,0,0,0,0,0,307,0,0,0,0,4,0
24284,0,0,0,0,0,0,6,9,1,0,0,0
24285,0,0,0,0,0,0,0,3,0,0,0,0
24286,0,0,0,0,1,95,0,0,0,0,0,0
24287,1,529,0,0,0,0,1,0,0,0,0,0
24288,0,0,0,0,0,1,0,0,0,0,0,0
24289,0,0,0,43,2,515,0,0,0,0,1,0
24290,0,0,0,0,0,0,1,0,1,0,0,0
24291,0,0,0,0,0,0,2,1,5,0,0,0
24292,58,169,22,0,0,0,0,0,0,0,0,0
24293,0,0,0,0,0,0,151,5,2,0,0,0
24294,0,0,0,0,0,3,0,0,0,0,0,0
24295,0,0,0,5,1,102,0,0,0,0,0,0
24296,2,31,0,0,0,0,0,0,0,0,0,0
24297,0,0,0,0,0,0,0,0,0,6,74,1
24298,66,96,5,0,0,0,0,0,0,0,0,0
24299,0,0,0,0,0,0,0,0,0,2,5,6
24300,9,3,1,0,0,0,0,0,0,0,0,0
24301,0,0,1,0,0,0,99,208,29,0,0,0
24302,11,12,4,0,0,0,0,0,0,0,0,0
24303,4,29,1,0,0,0,0,0,0,0,0,0
24304,0,0,0,0,0,191,0,0,0,0,0,0
24305,0,0,0,0,0,0,135,21,5,0,0,0
24306,0,0,0,0,0,2,0,0,0,0,0,0
24307,0,0,0,1,187,30,0,0,0,0,0,0
24308,0,0,0,0,0,0,0,0,0,1,3,1
24309,0,0,0,0,0,0,0,0,0,0,0,0
24310,0,0,0,0,0,1,0,0,0,44,186,4
24311,0,0,0,0,0,8,0,0,0,0,0,0
24312,10,1,0,0,0,0,0,0,0,0,0,0
24313,0,0,0,0,0,216,0,0,0,0,0,0
24314,0,2,0,0,0,0,8,0,8,0,0,0
24315,9,10,12,0,0,0,0,0,0,0,0,0
24316,0,0,0,0,0,0,331,49,4,0,0,0
24317,1,1,3,0,0,0,0,0,0,0,0,0
24318,2,1,0,0,0,0,0,0,0,0,0,0
24319,0,0,0,0,0,3,0,0,0,0,1016,0
24320,0,0,0,0,0,0,0,0,0,0,5,1
24321,0,1,1,0,0,0,0,0,0,0,0,0
24322,2,11,2,0,0,0,0,0,0,0,0,0
24323,1,4,6,0,0,0,0,0,0,0,0,0
24324,3,17,0,0,0,0,0,0,0,0,0,0
24325,3,134,9,0,0,0,1,0,0,0,0,0
24326,0,0,0,48,1,80,0,0,0,0,0,0
24327,0,0,0,0,0,29,0,0,0,0,0,0
24328,0,0,0,0,0,0,49,723,217,0,0,0
24329,2,15,14,0,0,0,0,0,0,0,0,0
24330,0,0,0,0,0,0,0,0,0,0,0,0
24331,0,0,0,373,3,103,0,0,0,0,0,0
24332,0,0,0,0,0,0,25,595,1,0,0,0
24333,0,0,0,0,0,0,0,0,0,1,176,2
24334,0,0,0,0,0,69,0,0,5,46,11347,305
24335,30,22,5,0,0,0,0,0,0,0,0,0
24336,8,30,1,0,0,0,0,0,0,0,0,0
24337,0,0,0,0,0,2,0,0,0,8,3105,0
24338,0,0,0,0,0,0,0,0,0,7,5,10
24339,23,6,0,0,0,0,0,0,0,0,0,0
24340,7,58,26,0,0,0,0,0,0,0,0,0
24341,0,0,0,0,1,4,0,0,0,0,0,0
24342,0,0,0,1,0,2,0,0,0,0,0,0
24343,0,0,0,0,0,36,0,0,0,0,0,0
24344,1,3,0,0,0,0,0,0,0,0,0,0
24345,1,0,1,0,0,0,0,0,0,0,0,0
24346,0,0,0,0,0,126,0,0,0,0,0,0
24347,8,43,2,0,0,0,0,0,0,0,0,0
24348,0,0,0,0,1,0,57,888,1505,0,0,5
24349,0,0,0,12,9,20375,0,0,0,0,270,0
24350,0,0,0,0,0,0,1,4,2,0,0,0
24351,0,0,0,0,0,0,0,0,0,2,98,3
24352,0,0,0,4,12,232,0,1,0,0,2,0
24353,2,127,3,0,0,0,0,0,0,0,0,0
24354,0,0,0,0,1,2,0,0,0,0,0,0
24355,0,0,0,52,8,94,0,0,0,0,0,0
24356,0,0,0,0,0,0,101,102,40,0,0,0
24357,0,0,0,0,1,0,69,229,4,0,0,0
24358,0,0,2,0,0,0,0,0,0,1159,174,0
24359,0,7,12,0,0,0,0,0,0,0,0,0
24360,8,25,1,0,0,0,0,0,0,0,0,0
24361,2,126,2,0,0,0,1,0,0,0,0,0
24362,2,90,24,0,0,0,1,0,0,0,0,0
24363,0,0,0,1,1,7,0,0,0,0,0,0
24364,0,0,0,55,37,667,0,0,0,0,1,0
24365,0,0,0,0,0,0,0,0,0,5,5,7
24366,10,15,0,0,0,0,0,0,0,0,0,0
24367,2,197,1,0,0,0,0,0,0,0,0,0
24368,0,7,0,0,10,0,748,3261,1088,0,0,3
24369,71,213,18,4,0,0,0,1,0,0,0,0
24370,0,0,0,0,0,13,0,0,0,63,3683,37
24371,0,0,0,81,104,0,0,0,0,0,0,0
24372,0,0,0,0,0,1,0,0,0,2,183,0
24373,29,419,35,0,0,0,5,0,0,0,0,0
24374,0,0,0,0,0,9,0,0,0,91,2918,5
24375,0,0,0,1,0,12,0,0,0,0,0,0
24376,0,0,0,6,9,339,0,0,0,0,4,0
24377,0,0,0,2,7,3,0,0,0,0,0,0
24378,0,0,0,0,0,84,0,0,0,101,6510,5
24379,0,0,0,32,38,105,0,0,0,0,0,0
24380,0,0,0,6,66,0,0,0,0,0,0,0
24381,0,0,0,0,0,1,0,0,0,35,1764,7
24382,0,0,3,0,0,48,0,0,0,586,5003,66
24383,76,110,0,0,0,0,0,0,0,0,0,0
24384,0,0,0,0,0,0,0,0,0,4,109,2
24385,371,140,10,1,0,0,0,0,0,0,0,0
24386,0,0,0,0,3,0,84,906,0,0,0,0
24387,0,0,0,0,0,0,0,0,0,1,163,0
24388,102,83,38,0,0,0,0,0,0,0,0,0
24389,0,0,0,0,0,0,0,0,0,0,0,0
24390,0,0,0,0,0,0,0,0,0,0,0,0
24391,0,0,0,54,22,31,0,0,0,0,0,0
24392,0,0,0,0,1,0,3,21,0,0,0,0
24393,0,0,0,0,0,0,0,0,0,0,12,0
24394,18,156,5,0,0,0,0,0,0,0,0,0
24395,0,0,0,0,0,0,0,0,0,16,73,0
24396,0,0,0,0,0,0,0,0,0,0,0,0
24397,1,0,0,325,20,78,0,0,0,0,0,0
24398,0,2,0,0,0,0,558,0,16,0,0,0
24399,0,0,0,0,2,0,63,380,42,0,0,0
24400,154,98,18,2,0,0,1,0,0,0,0,0
24401,0,6,3,0,0,0,0,0,0,0,0,0
24402,23,63,154,0,0,0,0,0,0,0,0,0
24403,2,26,5,0,0,0,0,0,0,0,0,0
24404,0,0,0,0,0,0,0,0,0,60,3,1
24405,0,0,0,0,0,2,0,0,0,0,0,0
24406,0,0,0,30,99,220,0,0,0,0,9,0
24407,0,0,0,0,0,0,0,0,0,11,1,25
24408,12,14,0,0,0,0,0,0,0,0,0,0
24409,1,46,0,0,0,0,0,0,0,0,0,0
24410,0,0,0,0,0,0,0,0,0,0,0,0
24411,11,44,14,0,0,0,0,0,0,0,0,0
24412,0,0,0,0,3,336,0,0,0,0,0,0
24413,0,0,0,0,0,0,2,14,0,0,0,0
24414,0,0,0,1,1,1,0,0,0,0,0,0
24415,0,3,0,0,15,0,401,1147,8,0,0,0
24416,0,0,0,0,0,0,60,42,1,0,0,0
24417,0,0,0,2,0,12,0,0,0,0,0,0
24418,0,0,34,0,0,1,0,0,0,113,1483,4
24419,1,0,0,0,0,0,0,0,0,0,0,0
24420,0,0,0,0,0,0,0,0,0,0,0,0
24421,0,0,0,0,0,0,0,0,0,1,441,1
24422,0,0,0,0,0,0,0,0,0,73,9,0
24423,70,15,1,0,0,0,0,0,0,0,0,0
24424,227710,94,4,166,1,2,0,0,0,0,0,0
24425,0,0,21,0,0,0,0,0,0,0,0,0
24426,3,1,3,0,0,0,0,0,0,0,0,0
24427,0,0,0,0,1,236,0,0,0,0,5,0
24428,0,0,0,0,0,0,0,14,1,0,0,0
24429,0,0,0,0,0,0,0,0,0,0,3,0
24430,88,106,8,0,0,0,1,0,0,0,0,0
24431,0,0,0,0,0,0,0,0,0,4,0,8
24432,558,6586,0,0,0,0,154,1,0,0,0,0
24433,10,64,13,0,0,0,0,0,0,0,0,0
24434,0,0,0,0,0,0,1,104,0,0,0,0
24435,0,0,0,0,0,0,0,0,0,0,9,0
24436,0,0,0,1,34,48,0,0,0,0,0,0
24437,0,0,0,0,2,103,0,0,0,0,0,0
24438,0,0,0,0,0,1,0,0,0,0,0,0
24439,4,46,0,0,0,0,0,0,0,0,0,0
24440,3,6,2,0,0,0,0,0,0,0,0,0
24441,0,12,1,0,0,0,0,0,0,0,0,0
24442,0,0,0,0,0,13,0,0,0,51,4213,7
24443,23,69,2,0,0,0,0,0,0,0,0,0
24444,0,0,0,0,0,0,0,0,0,0,537,0
24445,0,0,0,0,2,0,196,472,36,0,0,0
24446,0,0,0,0,0,0,0,0,0,0,1,0
24447,0,0,0,0,0,0,0,0,0,0,0,0
24448,0,0,0,9,0,393,0,0,0,0,1,0
24449,0,0,0,0,0,0,36,12,1,0,0,0
24450,0,0,0,0,1,10,0,0,0,0,0,0
24451,0,0,0,7,1,87,0,0,0,0,0,0
24452,1,4,0,0,0,0,0,0,0,0,0,0
24453,7,50,1,0,0,0,0,0,0,0,0,0
24454,3,18,4,0,0,0,0,0,0,0,0,0
24455,0,0,0,0,0,0,0,0,0,1,5,1
24456,0,0,0,0,0,0,0,0,0,0,0,0
24457,0,24,0,0,0,0,0,0,0,0,0,0
24458,0,0,0,0,0,0,0,0,0,3,3,0
24459,0,0,0,0,0,1,0,0,0,0,0,0
24460,0,0,0,2,2,310,0,0,0,0,0,0
24461,1,32,3,0,0,0,0,0,0,0,0,0
24462,0,0,0,0,0,0,14,14,41,0,0,0
24463,0,0,0,0,0,5,0,0,0,10,247,1
24464,0,0,0,0,1,1,0,0,0,0,0,0
24465,0,0,0,0,0,0,0,0,0,2,20,0
24466,0,0,0,0,0,2,0,0,0,28,395,11
24467,0,0,1,0,0,0,0,0,0,0,0,0
24468,2,45,9,0,0,0,0,0,0,0,0,0
24469,112,1,0,227796,21,312,0,0,0,0,1,0
24470,0,0,0,0,0,0,0,0,0,0,0,0
24471,0,0,0,1,0,1,0,0,0,0,0,0
24472,0,0,0,0,0,77,0,0,0,0,0,0
24473,0,0,0,0,0,0,0,4,1,0,0,0
24474,0,0,0,0,0,0,1,6,0,0,0,0
24475,0,0,0,9,75,53,0,0,0,0,1,0
24476,0,0,0,0,0,0,1,4,0,0,0,0
24477,0,0,0,0,0,0,0,0,0,2,3,0
24478,75,63,7,1,0,0,1,0,0,0,0,0
24479,4,0,0,0,0,0,0,0,0,0,0,0
24480,0,0,0,0,1,2,0,0,0,0,0,0
24481,0,0,0,1,1,119,0,0,0,0,0,0
24482,0,0,0,0,0,1,0,0,0,0,0,0
24483,0,0,0,0,0,0,0,0,0,0,4,0
24484,74,172,6,1,0,0,2,0,0,0,0,0
24485,0,1,0,0,0,0,0,0,0,0,0,0
24486,0,3,0,0,0,0,20,4,0,0,0,0
24487,0,0,0,0,0,31,0,0,0,0,0,0
24488,0,0,0,0,0,0,23,81,1,0,0,0
24489,0,0,0,0,4,15,0,0,0,0,0,0
24490,0,0,0,0,34,35,0,0,0,0,0,0
24491,0,0,0,0,1,209,0,0,0,0,0,0
24492,0,0,0,0,0,0,0,0,0,0,0,0
24493,3,45,0,0,0,0,0,0,0,0,0,0
24494,7,4,8,0,0,0,0,0,0,0,0,0
24495,1,677,3,0,0,0,0,0,0,0,0,0
24496,0,0,0,0,0,197,0,0,0,0,0,0
24497,0,0,0,0,0,0,2,75,30,0,0,0
24498,21,0,0,0,0,0,0,0,0,0,0,0
24499,0,0,0,396,7,1274,0,0,0,0,6,0
24500,0,3,0,0,0,0,0,0,0,0,0,0
24501,0,0,0,0,0,1,0,0,0,0,0,0
24502,0,0,0,0,0,0,0,0,0,171,595,0
24503,0,0,0,0,0,180,0,0,0,49,227117,0
24504,0,0,0,1,0,9,0,0,0,0,0,0
24505,0,0,0,15,12,82,0,0,0,0,1,0
24506,0,0,0,2,314833,2,1,1183,3,0,0,0
24507,0,0,0,0,0,0,0,0,0,0,141,0
24508,11,304,4,0,0,0,2,0,0,0,0,0
24509,0,0,0,0,0,1,0,0,0,0,5,0
24510,0,0,0,0,0,0,1,1,0,0,0,0
24511,0,0,0,1,15,255,0,0,0,0,0,0
24512,0,0,0,0,0,0,0,0,0,0,4,0
24513,0,0,0,0,2,2,0,0,0,0,0,0
24514,0,0,0,330,6,66,0,0,0,0,0,0
24515,0,0,0,0,0,0,19,1,1,0,0,0
24516,4,6,0,0,0,0,0,0,0,0,0,0
24517,0,0,0,0,0,2,0,0,0,4,515,0
24518,0,5,11,0,0,0,0,0,0,0,0,0
24519,3,41,4,0,0,0,0,0,0,0,0,0
24520,8,50,46,0,0,0,0,0,0,0,0,0
24521,0,0,0,0,0,0,9,62,9,0,0,0
24522,0,0,0,0,0,2,0,0,0,0,0,0
24523,0,0,0,23,18,97,0,0,0,0,0,0
24524,0,0,0,0,0,0,0,0,0,0,0,0
24525,2,2,3,0,0,0,0,0,0,0,0,0
24526,0,1,0,0,0,0,299,5,0,0,0,0
24527,0,0,0,0,0,0,1,9,0,0,0,0
24528,0,0,0,0,0,0,0,0,0,1,1,3
24529,0,0,0,7,11,116,0,0,0,0,0,0
24530,0,0,0,0,0,0,0,0,10,0,0,0
24531,0,3,11,0,0,0,0,0,0,0,0,0
24532,36,88,38,0,0,0,0,0,0,0,0,0
24533,0,0,0,0,0,0,1,8,2,0,0,0
24534,0,0,0,0,6,0,0,0,0,0,0,0
24535,0,0,0,1,3,0,97,1343,5,0,0,0
24536,0,0,0,0,0,0,0,0,0,0,4,0
24537,0,0,0,0,0,0,0,0,0,0,0,0
24538,1,146,2,0,0,0,2,0,0,0,0,0
24539,1,18,1,0,0,0,0,0,0,0,0,0
24540,0,0,0,1,0,1,0,0,0,0,0,0
24541,0,0,0,64,1,131,0,0,0,0,0,0
24542,0,0,0,0,0,0,3,2,0,0,0,0
24543,0,0,0,0,0,0,0,0,0,0,0,0
24544,0,0,0,0,0,161,0,0,0,0,0,0
24545,1,1,15,0,0,0,0,0,0,0,0,0
24546,0,0,0,0,0,0,1,3,1,0,0,0
24547,0,0,0,0,0,0,500,0,0,0,0,0
24548,0,0,0,0,0,22,0,0,0,0,0,0
24549,0,0,0,0,0,5,0,0,0,0,0,0
24550,0,0,0,0,0,0,143,0,0,0,0,0
24551,0,14,0,0,0,0,0,0,0,0,0,0
24552,0,0,0,0,0,0,0,0,0,0,0,0
24553,0,0,0,0,0,2,0,0,0,14,359,0
24554,3,9,0,0,0,0,0,0,0,0,0,0
24555,0,0,0,0,0,0,0,0,0,0,115,0
24556,35,86,17,0,0,0,0,0,0,0,0,0
24557,0,0,0,0,0,0,0,14,2,0,0,0
24558,0,0,0,0,0,0,0,3,3,0,0,0
24559,0,0,0,0,0,1,0,0,0,16,224,0
24560,0,1,85,0,0,0,0,0,0,0,0,0
24561,0,0,0,0,0,0,1,2,0,0,0,0
24562,1,20,0,0,0,0,0,0,0,0,0,0
24563,0,0,0,0,0,0,0,0,0,3,16,0
24564,0,0,0,0,0,2,0,0,0,0,0,0
24565,0,0,0,11,11,395,0,0,0,0,3,0
24566,0,0,0,0,0,0,0,0,0,3,5,7
24567,6,0,0,0,0,0,0,0,0,0,0,0
24568,8,84,6,0,0,0,0,0,0,0,0,0
24569,1,2,0,0,0,0,0,0,0,0,0,0
24570,0,0,0,0,0,0,0,7,0,0,0,0
24571,0,0,0,0,1,45,0,0,0,0,0,0
24572,0,0,0,0,0,68,0,0,0,0,0,0
24573,0,0,0,0,0,1,0,0,0,0,0,0
24574,0,0,0,0,0,0,163,12,2,0,0,0
24575,0,0,0,0,0,0,0,0,0,1,1,0
24576,12,1,0,0,0,0,0,0,0,0,0,0
24577,0,0,0,0,1,0,339,119,39,0,0,0
24578,9,46,0,0,0,0,0,0,0,0,0,0
24579,0,0,0,0,0,0,0,0,0,1,596,2
24580,28,341,17,0,0,0,2,0,0,0,0,0
24581,0,0,0,20,0,19,0,0,0,0,0,0
24582,3,2,18,0,0,0,0,0,0,0,0,0
24583,0,0,0,0,0,3399,0,0,0,0,16,0
24584,0,0,0,0,0,0,3,3,0,0,0,0
24585,0,0,0,0,0,33,0,0,0,0,0,0
24586,0,0,0,0,0,0,155,630,11,0,0,0
24587,9,33,0,0,0,0,0,0,0,0,0,0
24588,0,0,0,0,0,0,0,0,0,28,487,23
24589,0,0,0,85,17,305,0,0,0,0,1,0
24590,0,0,0,0,0,0,0,0,0,1,1,13
24591,45,4,0,0,0,0,0,0,0,0,0,0
24592,0,40,1,0,0,0,0,0,0,0,0,0
24593,0,0,0,0,0,0,0,0,0,0,4,0
24594,25,11,0,1,0,0,0,0,0,0,0,0
24595,14,304,13,0,0,0,1,0,0,0,0,0
24596,0,0,0,0,1,226,0,0,0,0,0,0
24597,0,0,0,0,0,17,0,0,0,0,0,0
24598,21,89,0,0,0,0,1,0,0,0,0,0
24599,0,2,27,0,0,0,0,0,0,0,0,0
24600,0,0,0,0,0,2,0,0,0,0,0,0
24601,0,0,0,15,0,124,0,0,0,0,3,0
24602,0,3,9,0,0,0,0,0,0,0,0,0
24603,0,1,0,0,0,0,132,23,107,0,0,0
24604,20,181,9,0,0,0,0,0,0,0,0,0
24605,0,0,0,0,0,0,3,46,0,0,0,0
24606,0,0,0,0,0,0,0,0,0,0,8,5
24607,0,0,0,8,1,61,0,0,0,0,1,0
24608,0,0,0,0,2,0,101,120,0,0,0,0
24609,0,0,0,0,0,0,0,0,0,2,246,0
24610,49,104,15,0,0,0,1,0,0,0,0,0
24611,0,0,0,0,0,0,1,1,0,0,0,0
24612,1,8,2,0,0,0,0,0,0,0,0,0
24613,11,63,3,0,0,0,0,0,0,0,0,0
24614,1,210,4,0,0,0,0,0,0,0,0,0
24615,0,0,0,0,0,6,0,0,0,0,0,0
24616,0,0,0,0,0,0,0,0,0,13,1422,14
24617,0,1,21,0,0,0,0,0,0,0,0,0
24618,0,0,0,0,0,0,0,4,5,0,0,0
24619,0,79,5,0,0,0,0,0,0,0,0,0
24620,0,0,0,0,22,0,77,4626,3,0,0,0
24621,0,0,0,0,0,0,0,0,0,21,1296,43
24622,0,0,0,0,0,0,0,0,0,0,0,0
24623,0,0,0,2,4,9,0,0,0,0,0,0
24624,0,0,0,0,0,1,0,0,0,11,172,1
24625,0,0,0,15,53,67,0,0,0,0,0,0
24626,0,0,0,0,0,0,1,150,0,0,0,0
24627,0,0,0,0,0,0,0,0,0,2,4,0
24628,0,0,0,6,2,194,0,0,0,0,2,0
24629,16,25,3,0,0,0,0,0,0,0,0,0
24630,10,108,20,0,0,0,0,0,0,0,0,0
24631,0,0,0,0,9,277,0,0,0,0,0,0
24632,0,0,0,0,0,0,0,0,0,46,177,5
24633,0,0,0,10,21,2,0,0,0,0,0,0
24634,0,0,0,29,3,75,0,0,0,0,2,0
24635,0,0,0,0,0,0,0,3,0,0,0,0
24636,0,0,0,0,0,0,0,0,2,0,1,168
24637,1,0,0,53,15,87,0,0,0,0,0,0
24638,0,0,0,0,0,0,9,333,1,0,0,0
24639,0,0,0,0,0,0,0,0,0,0,10,2
24640,0,0,0,12,3,115,0,0,0,0,0,0
24641,6,35,0,0,0,0,0,0,0,0,0,0
24642,0,0,0,0,0,513,0,0,1,29,23446,182
24643,0,0,0,11,1,41,0,0,0,0,0,0
24644,0,0,0,0,0,0,0,0,0,0,0,0
24645,1,4,0,0,0,0,0,0,0,0,0,0
24646,0,29,0,0,0,0,0,0,0,0,0,0
24647,0,19,0,0,0,0,0,0,0,0,0,0
24648,0,0,0,0,1,4,0,0,0,0,0,0
24649,0,0,0,0,0,0,3,40,1,0,0,0
24650,0,0,0,1,39,3,0,0,0,0,0,0
24651,0,0,0,0,0,0,0,0,0,2,57,0
24652,96,187,17,0,0,0,1,0,0,0,0,0
24653,0,0,0,0,0,0,0,0,3,0,0,0
24654,4,3,0,0,0,0,0,0,0,0,0,0
24655,0,0,0,0,0,0,45,16,0,0,0,0
24656,0,0,0,3,0,2,0,0,0,0,0,0
24657,0,0,0,0,0,0,2,2,0,0,0,0
24658,0,0,0,0,0,86,0,0,0,0,0,0
24659,0,0,0,0,0,0,7,9,1,0,0,0
24660,0,0,0,1,5,257,0,0,0,0,0,0
24661,2,96,7,0,0,0,0,0,0,0,0,0
24662,0,0,0,0,0,0,0,0,0,37,11,0
24663,0,0,0,0,5,0,0,0,0,0,0,0
24664,0,0,0,15,2,42,0,0,0,0,0,0
24665,0,0,0,0,0,0,1,0,1,0,0,0
24666,0,0,0,0,0,0,1,87,1,0,0,0
24667,1,82,23,0,0,0,2,0,0,0,0,0
24668,0,0,0,0,0,0,0,0,0,1,1,0
24669,1,0,0,0,0,0,0,0,0,0,0,0
24670,1,105,5,0,0,0,0,0,0,0,0,0
24671,0,0,0,1,1,0,0,0,0,0,0,0
24672,0,0,0,0,0,0,0,0,0,1,8,0
24673,41,1229,3,0,0,0,2,0,0,0,0,0
24674,0,5,5,0,0,0,0,0,0,0,0,0
24675,28,117,66,0,0,0,0,0,0,1,0,0
24676,4,37,55,0,0,0,0,0,0,0,0,0
24677,1,6,53,0,0,0,0,0,0,0,0,0
24678,0,0,0,0,0,0,4,3,2,0,0,0
24679,4,187,1,0,0,0,2,0,0,0,0,0
24680,0,0,0,0,4,0,30,277,1,0,0,0
24681,0,0,0,0,2,54,0,0,0,0,0,0
24682,0,0,0,50,7,132,0,0,0,0,0,0
24683,0,0,0,0,0,0,50,3,0,0,0,0
24684,0,45,2,0,0,0,0,0,0,0,0,0
24685,0,0,0,1,8,406,0,0,0,0,2,0
24686,0,0,0,3,2,62,0,0,0,0,0,0
24687,0,0,0,1,0,4,0,0,0,0,0,0
24688,0,0,0,1,1,282,0,0,0,0,0,0
24689,0,0,0,1,0,1,0,0,0,0,0,0
24690,0,0,0,0,0,0,0,4,1,0,0,0
24691,0,0,0,0,1,117,0,0,0,0,0,0
24692,0,0,0,0,0,0,0,1,1,0,0,0
24693,0,0,0,0,0,0,4,2,4,0,0,0
24694,225,130,50,0,0,0,0,0,0,0,0,0
24695,0,19,28,0,0,0,0,0,0,0,0,0
24696,38,231,23,0,0,0,2,3,0,0,0,0
24697,0,6,0,0,1,0,1034,259,1,0,0,0
24698,0,0,0,0,0,0,18,6,0,0,0,0
24699,0,0,0,0,0,0,42,0,1,0,0,0
24700,0,0,0,0,0,12,0,0,0,31,1960,4
24701,0,0,0,0,1,225,0,0,0,0,5,0
24702,22,24,0,0,0,0,0,0,0,0,0,0
24703,0,0,0,0,0,430,0,0,0,0,1,0
24704,0,0,0,0,0,0,0,0,0,0,11,0
24705,0,0,0,0,0,0,0,0,0,0,0,0
24706,0,0,0,0,0,487,0,0,0,0,11,0
24707,0,0,32,0,0,0,0,0,0,808,21,14
24708,0,0,0,1,0,1,0,0,0,0,0,0
24709,0,0,0,3,1,139,0,0,0,0,0,0
24710,24,46,4,0,0,0,0,0,0,0,0,0
24711,0,0,0,0,0,34,0,0,0,0,0,0
24712,0,0,0,0,2,0,104,281,21,0,0,0
24713,0,0,0,0,0,1,0,0,0,0,0,0
24714,0,0,0,0,0,0,0,0,0,0,1,0
24715,0,0,1,0,0,12,0,0,1,209,837,8
24716,0,0,0,21,7,135,0,0,0,0,4,0
24717,231,0,0,235,1,1,0,0,0,0,0,0
24718,0,0,0,0,0,3,0,0,0,53,575,0
24719,0,0,0,0,0,0,0,0,0,2,4,1
24720,0,0,0,0,0,0,0,0,0,0,4,0
24721,2,0,0,67,26,403,0,0,0,0,0,0
24722,0,0,0,0,0,0,0,0,0,1,2,0
24723,13,1,0,0,0,0,0,0,0,0,0,0
24724,0,1,0,0,0,0,295,2,1,0,0,0
24725,0,0,0,2,20,4,0,0,0,0,0,0
24726,0,0,0,0,0,0,0,0,0,0,68,0
24727,321,141,14,1,0,0,1,0,0,0,0,0
24728,0,0,0,0,0,0,3,2,1,0,0,0
24729,0,0,0,0,0,0,0,0,0,2,83,0
24730,11,180,8,0,0,0,0,0,0,0,0,0
24731,0,0,0,0,0,0,0,0,0,1,2,0
24732,0,0,0,0,0,0,0,0,0,0,10,1
24733,0,0,0,21,49,588,0,0,0,0,21,0
24734,0,0,4,0,0,0,0,0,0,24,629,0
24735,9,55,0,0,0,0,0,0,0,0,0,0
24736,0,0,0,5,2,228,0,0,0,0,0,0
24737,0,0,0,0,0,0,1,1,1,0,0,0
24738,0,0,0,0,0,0,0,1,0,0,0,0
24739,0,0,0,3,5,72,0,0,0,0,0,0
24740,0,0,0,0,0,0,76,57,2,0,0,0
24741,0,0,0,0,0,19,0,0,0,0,0,0
24742,143,225,16,0,0,0,1,0,0,0,0,0
24743,0,0,0,0,0,0,42,32,0,0,0,0
24744,0,0,0,0,0,14,0,0,0,0,0,0
24745,0,0,0,0,0,150,0,0,0,47,3546,9
24746,0,0,0,0,1,86,0,0,0,0,0,0
24747,0,0,0,4,0,2,0,0,0,0,0,0
24748,0,0,0,0,0,12,0,0,0,15,3273,4
24749,0,0,0,5,17,86,0,0,0,0,0,0
24750,0,0,0,0,0,1,0,0,0,0,0,0
24751,0,1,0,0,1,0,218,1548,23,0,0,0
24752,0,0,0,0,0,0,0,0,0,0,0,0
24753,0,0,0,0,0,0,0,0,0,0,0,0
24754,0,0,0,0,0,214,0,0,0,0,1,0
24755,0,0,0,0,0,0,38,295,7,0,0,0
24756,0,0,0,0,0,90,0,0,0,0,1,0
24757,0,0,0,0,1,0,73,2045,30,0,0,0
24758,12,17,0,0,0,0,0,0,0,0,0,0
24759,0,0,1,0,0,0,0,0,0,113,17,8
24760,0,0,0,4,187,261,0,0,0,0,0,0
24761,0,0,0,0,0,4,0,0,0,0,0,0
24762,29,5,2,0,0,0,0,0,0,0,0,0
24763,0,0,0,0,0,697,0,0,0,0,2,0
24764,0,2,0,0,1,0,197,434,17,0,0,0
24765,0,0,0,0,2,28,0,0,0,0,0,0
24766,0,0,0,0,0,0,0,0,0,12,562,2
24767,0,0,0,0,0,0,0,0,0,63,370,2
24768,0,0,0,0,0,0,0,0,0,27,9,0
24769,0,0,0,16,8,599,0,0,0,0,4,0
24770,0,0,0,0,6,0,116,1532,2,0,0,0
24771,0,0,0,0,0,30,0,0,0,17,1258,7
24772,13,169,10,0,0,0,6,0,0,3,0,0
24773,0,0,1,0,0,0,0,0,0,80,7,13
24774,342,72,5,7,0,0,0,0,0,0,0,0
24775,814,2203,27,71,0,0,5,0,0,0,0,0
24776,0,0,0,0,0,0,98,0,67,0,0,0
24777,10,8,22,0,0,0,0,0,0,0,0,0
24778,19,79,28,0,0,0,0,0,0,0,0,0
24779,0,167,16,0,0,0,1,0,0,0,0,0
24780,435,97,1008,1,0,0,0,0,0,36,0,0
24781,0,9,0,0,4,0,426,2184,2348,0,0,5
24782,45,154,29,0,0,0,0,0,0,0,0,0
24783,16,7735,4,0,0,0,66,0,0,0,0,0
24784,0,0,0,0,0,3,0,0,0,43,670,9
24785,0,0,0,0,10,61,0,0,0,0,0,0
24786,0,0,0,11,6,4,0,0,0,0,0,0
24787,0,0,0,0,0,3,0,0,0,18,514,1
24788,183,25,3,1,0,0,0,0,0,0,0,0
24789,0,0,0,0,0,0,0,0,0,5,375,2
24790,47,796,67,0,0,0,1,2,1,1,0,0
24791,2,27,0,0,0,0,0,0,0,0,0,0
24792,0,0,0,0,0,0,0,0,0,2,104,20
24793,0,0,0,57,8,146,0,0,0,0,0,0
24794,0,1,0,0,25,0,467,10749,3,0,0,0
24795,0,0,0,0,0,1,0,0,0,4,558,1
24796,0,0,0,22,115,475,0,0,0,0,2,0
24797,0,0,0,0,0,0,0,0,0,162,685,4
24798,0,0,0,0,0,0,0,0,0,2,21,0
24799,2,0,0,102,23,180,0,0,0,0,0,0
24800,0,0,0,0,0,0,1,93,3,0,0,0
24801,0,0,0,0,0,0,0,0,0,2,6,2
24802,0,0,0,0,0,0,0,0,0,186,368,2
24803,38,136,19,0,0,0,0,0,0,0,0,0
24804,0,0,0,1,0,8,0,0,0,0,0,0
24805,0,0,0,21,10,58,0,0,0,0,0,0
24806,0,0,0,1,1,0,0,0,0,0,0,0
24807,0,0,0,0,0,0,0,2,0,0,0,0
24808,0,0,0,0,0,68,0,0,0,0,0,0
24809,0,0,0,0,0,2,0,0,0,18,1265,1
24810,3,22,0,0,0,0,0,0,0,0,0,0
24811,1,0,0,34,3,381,0,0,0,0,1,0
24812,0,0,0,0,4,0,45,1120,113,0,0,0
24813,64,262,24,0,0,0,3,1,0,0,0,0
24814,0,0,0,68,377,436,0,0,0,0,0,0
24815,0,3,0,0,0,0,346,12,40,0,0,0
24816,0,0,0,0,0,0,301,182,339,0,0,0
24817,18,89,43,0,0,0,0,0,0,0,0,0
24818,1,24,10,0,0,0,0,0,0,0,0,0
24819,37,60,12,0,0,0,0,0,0,0,0,0
24820,13,67,37,0,0,0,0,0,0,0,0,0
24821,0,0,0,0,3,0,27,2269,5,0,0,0
24822,0,0,0,0,0,0,0,0,0,0,83,62
24823,57,37,4,0,0,0,0,0,0,0,0,0
24824,0,0,0,0,0,0,0,0,0,3,126,0
24825,0,42,0,0,0,0,0,0,0,0,0,0
24826,0,0,0,0,0,2,0,0,0,8,235,0
24827,0,0,0,0,2,15,0,0,0,0,0,0
24828,0,0,0,39,0,0,0,0,0,0,0,0
24829,0,0,0,0,0,158,0,0,0,0,0,0
24830,0,0,0,0,0,0,0,0,0,8,49,2
24831,0,0,0,0,0,0,0,0,0,1,17,0
24832,2,0,0,62,22,283,0,0,0,0,0,0
24833,0,0,0,0,0,0,0,0,0,29,153,3
24834,0,2,0,0,2,0,964,444,1,0,0,0
24835,0,0,0,4,9,778,0,0,0,0,17,0
24836,0,1,0,0,0,0,90,0,124,0,0,0
24837,17,46,33,0,0,0,0,0,0,0,0,0
24838,13,134,36,0,0,0,0,0,0,0,0,0
24839,0,0,0,0,0,0,15,6,0,0,0,0
24840,0,0,0,0,0,0,2,0,0,0,0,0
24841,0,0,0,8,3,88,0,0,0,0,0,0
24842,0,1,0,0,0,0,232,65,2,0,0,0
24843,0,0,0,0,2,52,0,0,0,0,3,0
24844,0,0,0,0,0,28,0,0,0,81,1208,1
24845,0,0,0,0,0,45,0,0,0,0,0,0
24846,0,0,0,22,0,2,0,0,0,0,0,0
24847,0,0,0,15,5,55,0,0,0,0,0,0
24848,0,6,0,0,0,0,250,14,4,0,0,0
24849,0,0,0,0,0,31,0,0,0,0,0,0
24850,0,0,0,6,19,76,0,0,0,0,0,0
24851,0,0,0,15,18,0,0,0,0,0,0,0
24852,0,0,0,0,0,0,0,0,0,0,54,0
24853,21,45,1,0,0,0,0,0,0,0,0,0
24854,1,9,0,0,0,0,0,0,0,0,0,0
24855,3,14,8,0,0,0,0,0,0,0,0,0
24856,0,0,0,1,1,250,0,0,0,0,0,0
24857,0,2,0,0,0,0,175,8,1,0,0,0
24858,0,0,0,0,0,0,313,71,2,0,0,0
24859,0,0,0,0,0,1,0,0,0,4,147,1
24860,14,17,3,0,0,0,0,0,0,0,0,0
24861,0,0,0,0,0,0,0,0,0,29,139,1
24862,15,225,10,0,0,0,1,0,0,0,0,0
24863,0,0,0,0,0,12,0,5,2,53,4822,281
24864,9,47,0,0,0,0,0,0,0,0,0,0
24865,0,0,0,0,0,0,0,0,0,216,3178,45
24866,0,0,0,0,1,2,0,0,0,0,0,0
24867,0,0,0,0,1,0,1,252,25,0,0,0
24868,0,0,0,0,3,0,0,84,6,0,0,0
24869,0,0,0,0,6,83,0,0,0,0,3,0
24870,0,0,0,4,5,72,0,0,0,0,0,0
24871,0,0,0,102,2,44,0,0,0,0,0,0
24872,0,0,0,0,121,0,280,24054,306,0,0,0
24873,0,0,0,0,0,28,0,0,0,0,0,0
24874,7,646,84,0,0,0,11,0,0,0,0,0
24875,2,1,0,0,0,0,0,0,0,0,0,0
24876,0,0,0,0,0,0,0,0,0,3,2,0
24877,9,98,1,0,0,0,0,0,0,0,0,0
24878,0,0,0,0,0,0,0,0,0,1,1,4
24879,8,4,0,0,0,0,0,0,0,0,0,0
24880,6,49,1,0,0,0,0,0,0,0,0,0
24881,6,16,33,0,0,0,0,0,0,0,0,0
24882,0,1,0,0,0,0,121,30,8,0,0,0
24883,0,0,0,0,0,0,1171,228,3,0,0,0
24884,3,0,47,0,0,0,0,0,0,0,0,0
24885,7,69,17,0,0,0,0,0,0,0,0,0
24886,0,0,0,1,3,56,0,0,0,0,0,0
24887,1,0,0,43,1,56,0,0,0,0,0,0
24888,0,0,0,1,0,1,0,0,0,0,0,0
24889,0,0,0,0,0,38,0,0,0,0,0,0
24890,0,0,0,0,0,63,0,0,0,0,0,0
24891,11,3,0,0,0,0,0,0,0,0,0,0
24892,0,0,0,0,1,793,0,0,0,0,8,0
24893,0,28,0,0,0,0,1673,6,485,0,0,0
24894,27,35,31,0,0,0,0,0,0,0,0,0
24895,7,44,9,0,0,0,1,0,0,0,0,0
24896,0,0,0,0,0,0,0,0,0,15,195,4
24897,0,0,0,0,0,1,0,0,0,99,200,6
24898,22,119,5,0,0,0,0,0,0,0,0,0
24899,0,0,2,0,0,0,0,0,0,209,3,19
24900,161,83,1,0,0,0,0,0,0,0,0,0
24901,27,246,13,0,0,0,1,0,0,0,0,0
24902,43,398,60,0,0,0,1,0,0,0,0,0
24903,0,0,0,2,19,1431,0,0,0,0,0,0
24904,0,0,0,0,0,69,0,0,0,31,7046,5
24905,3,383,14,0,0,0,0,0,0,0,0,0
24906,0,0,0,1,1,92,0,0,0,0,0,0
24907,0,0,0,20,0,137,0,0,0,0,0,0
24908,2,19,0,0,0,0,0,0,0,0,0,0
24909,0,0,4,0,0,0,0,0,0,370,86,39
24910,0,0,0,12,3,4210,0,0,0,0,41,0
24911,4,12,0,0,0,0,0,0,0,0,0,0
24912,0,0,0,0,0,8,0,0,0,9,4309,9
24913,352,104,3,1,0,0,0,0,0,0,0,0
24914,0,0,0,0,9,0,1,688,315060,2,739,1599
24915,4,30,43,0,0,0,0,0,0,0,0,0
24916,0,0,0,0,0,1,0,0,0,17,432,7
24917,6,11,0,0,0,0,0,0,0,0,0,0
24918,29,36,15,0,0,0,0,0,0,0,0,0
24919,0,0,0,1,0,20,0,0,0,5,2845,3
24920,84,31,0,0,0,0,0,0,0,0,0,0
24921,0,0,0,0,0,2,0,0,0,0,515,0
24922,177,197,13,0,0,0,0,0,0,0,0,0
24923,0,0,0,2,6,123,0,0,0,0,0,0
24924,0,0,0,0,1,0,0,0,0,0,0,0
24925,0,0,0,10,0,209,0,0,0,0,1,0
24926,0,12,0,0,5,0,198,2470,10,0,0,0
24927,0,0,0,0,1,39,0,0,0,0,0,0
24928,0,0,0,0,59,0,68,23295,29,0,0,0
24929,0,0,0,2,20,2,0,0,0,0,0,0
24930,0,0,0,0,0,0,0,0,0,2,9,0
24931,0,0,0,59,6,63,0,0,0,0,0,0
24932,0,0,0,0,0,0,147,181,3,0,0,0
24933,0,0,0,0,0,0,0,0,0,0,0,0
24934,0,0,0,0,0,208,0,0,0,0,0,0
24935,30,84,18,0,0,0,0,0,0,0,0,0
24936,0,23,9,0,0,0,0,0,0,0,0,0
24937,0,0,0,0,0,0,0,0,0,52,252,3
24938,0,0,0,0,1,0,0,0,0,0,0,0
24939,0,0,0,0,0,0,0,1,1,0,0,0
24940,0,0,0,0,1,77,0,0,0,0,0,0
24941,0,0,0,0,0,0,22,89,6,0,0,0
24942,13,1635,32,0,0,0,1,0,0,0,0,0
24943,0,0,0,63,7,116,0,0,0,0,0,0
24944,0,1,0,0,0,0,225,73,15,0,0,3
24945,0,0,0,0,0,12,0,0,0,0,0,0
24946,0,0,0,6,6,55,0,0,0,0,5,0
24947,0,0,0,0,0,0,373,159,2,0,0,0
24948,0,0,0,0,1,14,0,0,0,0,0,0
24949,6,121,6,0,0,0,0,0,0,0,0,0
24950,30,110,62,0,0,0,0,0,0,0,0,0
24951,0,0,0,0,0,76,0,0,0,0,0,0
24952,78,210,3,2,0,0,0,0,0,0,0,0
24953,0,0,0,0,0,0,3,5,21,0,0,0
24954,0,0,0,0,0,0,15,5,194,0,0,0
24955,62,67,11,0,0,0,0,0,0,0,0,0
24956,9,886,7,0,0,0,0,0,0,0,0,0
24957,0,0,0,0,3,18,0,0,0,0,0,0
24958,0,0,0,1,1,361,0,0,0,0,2,0
24959,0,1,0,0,0,0,1281,461,82,0,0,1
24960,0,0,0,1,0,153,0,0,0,0,0,0
24961,0,0,1,0,0,0,0,0,0,60,259,1
24962,78,12,4,0,0,0,0,0,0,0,0,0
24963,1,25,2,0,0,0,0,0,0,0,0,0
24964,0,0,0,0,0,0,0,0,0,4,241,0
24965,21,20,91,0,0,0,0,0,0,0,0,0
24966,10,11,5,0,0,0,0,0,0,0,0,0
24967,0,0,0,0,0,1,0,0,0,6,429,7
24968,16,16,2,0,0,0,0,0,0,0,0,0
24969,0,0,0,0,0,0,0,0,0,145,160,4
24970,31,23,9,0,0,0,0,0,0,0,0,0
24971,0,0,0,0,0,0,80,16,0,0,0,0
24972,0,0,0,1,1,2,0,0,0,0,0,0
24973,0,0,0,4,5,68,0,0,0,0,0,0
24974,0,0,0,1,1,6,0,0,0,0,0,0
24975,4,6,0,0,0,0,0,0,0,0,0,0
24976,0,0,0,0,0,326,0,0,0,0,0,0
24977,0,1,0,0,0,0,300,396,557,0,2,2
24978,9,21,14,0,0,0,0,0,0,0,0,0
24979,0,0,0,2,9,754,0,0,0,0,0,0
24980,0,0,0,0,0,0,0,0,0,0,85,0
24981,0,0,0,0,0,0,0,0,0,1,10,0
24982,0,0,0,29,238,558,0,1,0,0,10,0
24983,0,0,0,5,2,36,0,0,0,0,0,0
24984,0,0,0,0,810,11,0,4,0,0,0,0
24985,0,0,0,0,10,0,115,7022,0,0,0,0
24986,0,0,0,0,0,0,0,0,0,1,1,0
24987,52,8,0,0,0,0,0,0,0,0,0,0
24988,2,49,1,0,0,0,0,0,0,0,0,0
24989,0,0,0,0,0,0,0,0,0,11,96,0
24990,0,0,0,0,0,0,0,0,0,4,294,2
24991,0,0,0,59,30,75,0,0,0,0,0,0
24992,0,0,0,0,0,0,16,0,300,0,0,1
24993,87,10,38,0,0,0,0,0,0,0,0,0
24994,16,68,28,0,0,0,0,0,0,0,0,0
24995,0,0,0,1,2,150,0,0,0,0,1,0
24996,0,0,0,0,0,3,0,0,0,0,0,0
24997,7,308,2,0,0,0,6,0,0,0,0,0
24998,0,0,0,0,0,0,42,403,274,0,0,0
24999,11,24,27,0,0,0,0,0,0,1,0,0
25000,0,0,1,0,0,632,0,0,0,72,230770,9
25001,0,0,0,0,20,1,0,0,0,0,0,0
25002,0,0,0,0,0,0,0,0,0,1,425,0
25003,189,15822,15,0,0,3,39,16,3,0,0,0
25004,0,0,0,0,1,3,0,0,0,0,0,0
25005,0,0,0,3,0,2,0,0,0,0,0,0
25006,0,0,0,0,0,16,0,0,0,0,4458,2
25007,1,4,10,0,0,0,0,0,0,0,0,0
25008,41,314,0,0,0,0,1,0,0,0,0,0
25009,0,3,0,0,0,0,605,49,11,0,0,0
25010,0,0,0,0,0,0,117,6,75,0,0,0
25011,15,43,19,0,0,0,0,0,0,0,0,0
25012,0,0,0,0,292,0,360,1994,156,0,0,0
25013,0,0,0,0,0,0,1,3,8,0,0,0
25014,3,3,5,0,0,0,0,0,0,0,0,0
25015,0,1,0,0,5,0,47,283,3,0,0,0
25016,0,0,0,0,1,145,0,0,0,0,0,0
25017,0,0,0,0,0,0,0,0,0,0,0,0
25018,19,295,2,0,0,0,0,0,0,0,0,0
25019,0,0,0,0,3,0,61,1966,62,0,0,0
25020,19,141,76,0,0,0,0,0,0,0,0,0
25021,0,0,0,6,0,239,0,0,0,0,0,0
25022,1,34,0,0,0,0,0,0,0,0,0,0
25023,66,18,63,0,0,0,0,0,0,2,0,0
25024,10,92,5,0,0,0,0,0,0,0,0,0
25025,0,0,0,1,0,105,0,0,0,0,0,0
25026,174,0,0,0,0,0,0,0,0,0,0,0
25027,0,0,0,1,0,155,0,0,0,0,2,0
25028,0,0,0,0,0,53,0,0,0,0,0,0
25029,0,0,0,0,0,1,0,0,0,0,0,0
25030,0,0,0,3,0,36,0,0,0,0,0,0
25031,0,33,2,0,0,0,0,0,0,0,0,0
25032,58,60,15,0,0,0,0,0,0,0,0,0
25033,0,0,0,0,0,0,85,296,25,0,0,0
25034,5,84,11,0,0,0,0,0,0,0,0,0
25035,6,38,12,0,0,0,0,0,0,0,0,0
25036,0,0,0,0,3,409,0,0,0,0,15,0
25037,0,0,0,0,0,0,0,0,0,6,180,0
25038,43,416,2,0,0,0,0,0,0,0,0,0
25039,0,0,0,6,0,809,0,0,0,0,1,0
25040,2,30,1,0,0,0,0,0,0,0,0,0
25041,0,0,0,0,0,0,0,0,0,5,55,7
25042,37,106,8,0,0,0,1,1,0,0,0,0
25043,0,0,0,1,6,17,0,0,0,0,0,0
25044,0,0,0,0,0,0,0,0,0,0,23,0
25045,4,106,0,0,0,0,0,0,0,0,0,0
25046,0,0,0,0,0,20,0,0,0,41,5710,82
25047,0,0,0,0,0,3,0,0,1,92,3111,226
25048,80,124,17,0,0,0,0,0,0,0,0,0
25049,0,0,0,0,10,0,249,3240,209,0,0,0
25050,50,203,85,0,0,0,1,0,0,0,0,0
25051,0,0,0,3,14,228,0,0,0,0,1,0
25052,0,0,0,0,0,0,155,99,5,0,0,0
25053,0,0,0,0,1,16,0,0,0,0,0,0
25054,0,0,0,48,8,201,0,0,0,0,0,0
25055,0,0,0,0,1,0,53,267,9,0,0,0
25056,9,184,22,0,0,0,2,0,0,0,0,0
25057,0,0,0,2,16,88,0,0,0,0,0,0
25058,0,0,0,0,2,18,0,0,0,0,0,0
25059,0,0,0,0,0,3,0,0,0,0,0,0
25060,15,53,0,0,0,0,0,0,0,0,0,0
25061,0,1,0,0,0,0,245,35,132,0,0,1
25062,0,1,0,0,47,0,242,4112,502,0,1,6
25063,0,0,0,2,1,46,0,0,0,0,0,0
25064,0,0,0,0,0,0,46,112,81,0,0,0
25065,12,452,15,0,0,0,7,0,0,0,0,0
25066,0,0,0,0,0,3,0,0,0,14,962,10
25067,91,293,20,0,0,0,4,0,0,0,0,0
25068,0,0,0,0,1,26,0,0,0,0,0,0
25069,0,0,1,0,0,2,0,0,0,112,791,1
25070,0,0,0,7,18,14,0,0,0,0,0,0
25071,0,0,0,0,0,0,0,0,0,33,124,0
25072,0,0,0,8,229,1500,0,1,0,0,37,0
25073,0,1,0,0,0,0,232,11,9,0,0,0
25074,0,0,0,0,2,0,56,370,42,0,0,0
25075,0,0,0,0,0,0,0,0,0,5,873,0
25076,18,114,2,0,0,0,0,0,0,0,0,0
25077,0,0,0,1,1,6,0,0,0,0,0,0
25078,0,0,0,2,0,201,0,0,0,0,0,0
25079,10,16,7,0,0,0,0,0,0,0,0,0
25080,2,46,6,0,0,0,0,0,0,0,0,0
25081,0,0,0,22,5,537,0,0,0,0,5,0
25082,0,0,0,0,0,0,21,99,2,0,0,0
25083,0,0,0,0,0,2,0,0,0,0,485,2
25084,0,0,0,6,55,251,0,0,0,0,5,0
25085,0,0,0,9,13,4,0,0,0,0,0,0
25086,0,0,0,0,0,0,0,0,0,0,34,1
25087,21,138,93,0,0,0,0,0,0,0,0,0
25088,0,0,0,0,542,0,29,24492,5,0,0,0
25089,0,0,0,0,0,4,0,0,0,0,0,0
25090,0,0,0,2,2,29,0,0,0,0,0,0
25091,0,10,0,0,0,0,1479,392,66,0,0,0
25092,0,0,0,1,2,16,0,1,0,0,0,0
25093,132,76,7,0,0,0,0,0,0,0,0,0
25094,7,23,40,0,0,0,0,0,0,0,0,0
25095,4,11,4,0,0,0,0,0,0,0,0,0
25096,0,0,0,0,0,9,0,0,0,5,6255,8
25097,3,600,7,0,0,0,0,0,0,0,0,0
25098,0,0,0,1,0,6,0,0,0,0,0,0
25099,0,0,0,4,0,129,0,0,0,0,0,0
25100,0,0,1,0,0,0,0,0,0,395,3,18
25101,21,80,0,0,0,0,0,0,0,0,0,0
25102,22,51,10,0,0,0,0,0,0,0,0,0
25103,0,64,93,0,0,0,0,0,0,0,0,0
25104,172,169,108,0,0,0,0,0,0,0,0,0
25105,194,610,72,1,0,0,4,0,0,0,0,0
25106,0,0,0,0,0,0,10,0,137,0,0,0
25107,0,1,2,0,0,0,0,0,0,0,0,0
25108,30,77,120,0,0,0,0,0,0,1,0,0
25109,2,148,30,0,0,0,0,0,0,0,0,0
25110,0,0,0,0,1,0,0,0,0,0,0,0
25111,0,0,0,155,4,155,0,0,0,0,1,0
25112,0,0,0,0,5,0,126,447,30,0,0,0
25113,4,63,2,0,0,0,0,0,0,0,0,0
25114,0,0,0,0,0,0,0,0,0,64,454,0
25115,0,0,0,0,0,0,0,0,0,51,124,0
25116,0,0,0,0,0,0,365,64,3,0,0,0
25117,0,0,0,0,0,2,0,0,0,11,456,3
25118,0,0,0,0,0,0,0,0,0,52,5,0
25119,0,0,0,0,0,2,0,0,0,0,0,0
25120,0,0,0,0,0,0,0,0,0,20,81,0
25121,358,63,163,0,0,0,0,0,0,1,0,0
25122,23,258,69,0,0,0,0,0,0,0,0,0
25123,0,0,0,12,9,3207,0,0,0,0,8,0
25124,0,0,0,0,0,0,35,2,11,0,0,0
25125,81,10,37,0,0,0,0,0,0,0,0,0
25126,0,0,0,0,3,0,453,344,0,0,0,0
25127,0,0,0,0,0,0,72,60,0,0,0,0
25128,0,0,0,0,0,52,0,0,0,0,0,0
25129,0,0,0,61,18,72,0,0,0,0,0,0
25130,0,0,0,0,0,0,18,91,1,0,0,0
25131,0,0,0,0,0,0,0,0,0,1,30,1
25132,0,0,0,0,0,8,0,0,1,10,570,101
25133,0,28,84,0,0,0,0,0,0,1,0,0
25134,16,39,19,0,0,0,0,0,0,0,0,0
25135,0,0,0,0,110,1,100,21325,80,0,0,0
25136,18,64,39,0,0,0,0,0,0,0,0,0
25137,12,92,50,0,0,0,8,0,0,0,0,0
25138,0,0,0,2,4,159,0,0,0,0,0,0
25139,0,0,1,0,0,587,0,0,0,5,1,0
25140,0,0,0,0,0,1,0,0,0,0,0,0
25141,4,33,2,0,0,0,0,0,0,0,0,0
25142,9,0,5,0,0,0,0,0,0,0,0,0
25143,1,35,12,0,0,0,0,0,0,0,0,0
25144,0,0,0,0,8,319,0,0,0,0,0,0
25145,0,0,0,0,0,0,80,1,206,0,0,0
25146,16,85,45,0,0,0,0,0,0,1,0,0
25147,3,202,97,0,0,0,0,0,0,0,0,0
25148,0,0,0,2,5,2,0,0,0,0,0,0
25149,0,0,0,0,0,0,0,0,0,15,32,0
25150,0,0,0,3,355,143,1,17,0,0,0,0
25151,0,0,0,0,0,0,0,0,0,23,82,0
25152,0,0,0,1,4,0,0,0,0,0,0,0
25153,0,0,0,0,0,0,0,0,0,41,238,5
25154,9,123,13,0,0,0,0,0,0,0,0,0
25155,0,0,0,0,1,9,0,0,0,0,0,0
25156,0,0,0,0,0,7,0,0,0,23,1064,0
25157,0,0,0,0,0,0,304,281,91,0,0,0
25158,15,185,7,0,0,0,10,0,0,0,0,0
25159,0,0,0,0,16,1346,0,0,0,0,4,0
25160,0,0,0,0,0,0,0,0,0,44,446,19
25161,0,0,0,0,3,4,0,0,0,0,0,0
25162,0,0,1,0,0,2,0,0,0,1090,876,0
25163,0,0,1,0,0,0,0,0,0,1174,0,3
25164,135,104,1,0,0,0,1,0,0,0,0,0
25165,84,113,147,0,0,0,0,0,0,0,0,0
25166,0,0,0,0,0,0,118,9,2435,0,0,9
25167,30,58,16,0,0,0,0,0,0,0,0,0
25168,1,418,32,0,0,0,1,0,0,0,0,0
25169,0,0,0,0,0,0,0,0,0,37,730,3
25170,0,0,0,0,1,3,0,0,0,0,0,0
25171,0,0,0,20,7,1282,0,0,0,0,2,0
25172,0,0,0,0,0,0,11,0,1,0,0,0
25173,0,0,0,0,0,0,35,9,3,0,0,0
25174,9,123,61,0,0,0,2,0,0,0,0,0
25175,1,26,14,0,0,0,0,0,0,0,0,0
25176,9,99,24,1,0,0,0,0,0,0,0,0
25177,0,0,0,0,0,0,76,566,7,0,0,0
25178,0,0,0,0,0,19,0,0,0,0,0,0
25179,33,2,2,0,0,0,0,0,0,0,0,0
25180,0,0,0,0,1,395,0,0,0,0,2,0
25181,0,0,0,0,0,0,4,0,4,0,0,0
25182,13,29,8,0,0,0,0,0,0,0,0,0
25183,0,3,0,0,3,0,170,1772,21,0,0,0
25184,0,0,0,0,0,0,0,0,2,24,11,174
25185,19,27,0,0,0,0,0,0,0,0,0,0
25186,0,0,0,0,2,0,144,1488,11,0,0,0
25187,0,0,0,0,0,68,0,0,0,0,0,0
25188,10,3,0,0,0,0,0,0,0,0,0,0
25189,0,0,0,0,0,118,0,0,0,0,3,0
25190,13,285,1,0,0,0,0,0,0,0,0,0
25191,0,0,0,0,0,102,0,0,0,0,0,0
25192,13,8,0,0,0,0,0,0,0,0,0,0
25193,0,0,5,0,0,0,0,0,0,0,0,0
25194,0,8,1,0,0,0,0,0,0,0,0,0
25195,2,266,2,0,0,0,1,0,0,0,0,0
25196,0,0,0,1,0,4,0,0,0,0,0,0
25197,0,0,0,0,0,0,1,6,1,0,0,0
25198,0,0,0,0,0,0,0,5,0,0,0,0
25199,0,0,0,0,0,0,0,0,0,1,20,1
25200,0,0,0,0,0,0,0,0,0,5,2,1
25201,29,211,15,0,0,0,0,0,0,0,0,0
25202,0,0,0,0,0,0,0,0,0,0,0,0
25203,0,0,0,0,0,0,5,37,3,0,0,0
25204,0,0,0,0,0,0,0,30,7,0,0,0
25205,0,0,0,0,1,74,0,0,0,0,0,0
25206,8,0,0,0,0,0,0,0,0,0,0,0
25207,0,0,0,0,0,620,0,0,0,0,6761,0
25208,11,251,2,0,0,0,1,0,0,0,0,0
25209,0,0,0,4,45,228,0,0,0,0,5,0
25210,0,0,0,10,10,51,0,0,0,0,0,0
25211,0,0,0,0,0,1,0,0,0,0,0,0
25212,0,0,0,0,0,0,0,53,0,0,0,0
25213,0,0,0,0,0,0,1,1,0,0,0,0
25214,0,0,0,0,0,4,0,0,0,9,434,2
25215,0,0,0,0,0,6,0,0,0,0,0,0
25216,55,849,6,0,0,0,1,0,0,0,0,0
25217,0,0,0,0,6,0,135,3485,4,0,0,0
25218,0,0,0,0,960,0,5,4711,34,0,0,0
25219,0,0,0,0,22,139,0,0,0,0,0,0
25220,0,0,0,8,5,36,0,0,0,0,0,0
25221,0,0,0,1,1,0,0,0,0,0,0,0
25222,0,0,0,0,0,64,0,0,0,0,0,0
25223,26,367,2,0,0,0,2,0,0,0,0,0
25224,0,0,0,0,0,109,0,0,0,0,0,0
25225,37,26,1,0,0,0,0,0,0,0,0,0
25226,0,0,0,0,0,0,106,67,2,0,0,0
25227,0,0,0,0,0,0,0,0,0,1,47,1
25228,0,0,0,161,273,113,0,0,0,0,0,0
25229,0,0,0,0,0,0,142,39,0,0,0,0
25230,0,0,0,0,0,0,2,37,0,0,0,0
25231,0,0,0,0,0,0,0,0,0,38,339,3
25232,0,0,0,44,7,120,0,0,0,0,1,0
25233,0,0,0,0,0,121,0,0,0,0,0,0
25234,0,5,0,0,0,0,671,167,31,0,0,0
25235,71,345,12,0,0,0,0,0,0,0,0,0
25236,0,0,0,1,47,73,0,0,0,0,0,0
25237,0,0,0,43,274,100,0,2,0,0,0,0
25238,0,0,0,0,0,0,18,21,0,0,0,0
25239,0,0,0,0,0,0,0,0,0,0,83,4
25240,0,0,0,0,0,2,0,0,0,11,378,7
25241,40,168,3,0,0,0,1,0,0,0,0,0
25242,0,0,0,0,0,30,0,0,0,0,0,0
25243,6,139,7,0,0,0,0,0,0,0,0,0
25244,0,0,0,0,23,1,208,5482,451,0,0,0
25245,0,0,0,0,0,182,0,0,0,0,0,0
25246,42,81,5,0,0,0,0,0,0,0,0,0
25247,33,158,29,0,0,0,5,0,0,0,0,0
25248,0,0,0,3,0,408,0,0,0,0,1,0
25249,0,0,0,0,9,0,199,2788,97,0,0,0
25250,0,0,0,0,3,0,170,594,9,0,0,0
25251,0,0,0,1,1,45,0,0,0,0,0,0
25252,0,0,0,0,7,0,76,1844,46,0,0,0
25253,25,512,3,0,0,0,1,0,0,0,0,0
25254,0,0,0,0,0,0,0,0,0,0,205,0
25255,49,96,24,0,0,0,0,0,0,0,0,0
25256,47,111,17,0,0,0,0,0,0,0,0,0
25257,0,0,0,1,33,67,0,0,0,0,0,0
25258,0,0,0,0,0,88,0,0,0,0,0,0
25259,39,103,0,0,0,0,0,0,0,0,0,0
25260,0,0,0,1,0,262,0,0,0,0,6,0
25261,0,0,0,0,1,0,44,257,6,0,0,0
25262,0,0,0,0,0,0,0,0,0,47,134,0
25263,0,0,0,0,0,10,0,0,0,0,0,0
25264,0,0,0,5,33,131,0,0,0,0,0,0
25265,0,0,0,11,0,2,0,0,0,0,0,0
25266,0,0,0,0,4,0,1,2283,0,0,0,0
25267,0,0,0,0,0,0,0,0,0,0,747,0
25268,1,0,0,78,1,2,0,0,0,0,0,0
25269,0,1,0,0,23,0,45,902,362,0,0,0
25270,0,0,0,0,0,169,0,0,0,0,0,0
25271,95,474,3,0,0,0,1,0,0,0,0,0
25272,0,0,0,2,0,236,0,0,0,0,0,0
25273,0,0,0,0,12,0,63,4049,1088,0,2,11
25274,2,24,0,0,0,0,0,0,0,0,0,0
25275,0,0,0,0,0,1,0,0,0,87,462,6
25276,0,0,12,0,0,7,0,0,0,1991,3339,27
25277,5,48,4,0,0,0,0,0,0,0,0,0
25278,0,0,0,0,0,0,38,37,109,0,0,0
25279,0,0,0,1,3,984,0,0,0,0,6,0
25280,0,0,0,16,31,2,0,0,0,0,0,0
25281,0,0,0,0,2,0,27,77,0,0,0,0
25282,0,0,0,0,0,1,0,0,0,1,371,1
25283,0,0,0,6,5,7,0,0,0,0,0,0
25284,0,0,0,0,1,0,24,138,1,0,0,0
25285,0,0,0,0,0,73,0,0,0,0,7,0
25286,5,94,1,0,0,0,0,0,0,0,0,0
25287,0,1,0,0,1,0,75,470,53,0,0,0
25288,1,0,0,8,1,67,0,0,0,0,0,0
25289,0,0,0,55,12,25,0,0,0,0,0,0
25290,0,0,0,0,8,0,35,1417,39,0,0,0
25291,0,0,0,0,5,86,0,0,0,0,8,0
25292,0,0,0,0,0,0,0,0,1,56,211,34
25293,0,0,0,4,2,31,0,0,0,0,0,0
25294,0,0,0,0,0,0,0,0,0,92,342,2
25295,1,9,2,0,0,0,0,0,0,0,0,0
25296,18,130,21,0,0,0,2,0,0,1,0,0
25297,0,30,0,0,0,0,823,242,3,0,0,0
25298,0,0,0,0,0,0,155,115,2,0,0,0
25299,0,0,0,0,0,0,77,77,0,0,0,0
25300,0,0,0,0,0,5,0,0,0,21,519,2
25301,0,0,0,24,7,20,0,0,0,0,0,0
25302,0,0,0,0,1,0,248,2035,185,0,0,0
25303,0,0,0,0,9,131,0,0,0,0,0,0
25304,0,0,0,10,6,63,0,0,0,0,0,0
25305,0,0,0,0,2,0,123,949,46,0,0,0
25306,0,0,0,0,5,375,0,0,0,0,0,0
25307,0,0,0,6,17,45,0,0,0,0,0,0
25308,0,0,0,0,0,0,0,0,0,22,62,9
25309,0,0,0,2,7,27,0,0,0,0,0,0
25310,0,0,0,9,5,12,0,0,0,0,0,0
25311,0,0,0,0,0,0,129,1412,3,0,0,0
25312,0,0,0,0,25,102,0,0,0,0,0,0
25313,0,1,0,0,0,0,181,7,21,0,0,0
25314,0,0,0,0,4,0,127,804,219,0,0,0
25315,6,518,14,0,0,0,3,0,0,0,0,0
25316,0,0,0,8,30,682,0,0,0,0,5,0
25317,0,0,0,0,0,4,0,0,0,65,2058,98
25318,0,0,1,0,0,0,0,0,0,146,386,8
25319,0,0,0,6,12,2,0,0,0,0,0,0
25320,0,0,0,0,0,0,41,569,0,0,0,0
25321,0,0,0,0,0,0,0,0,0,0,594,0
25322,0,0,0,4,0,2,0,0,0,0,0,0
25323,0,0,0,0,32,0,24,322,2,0,0,0
25324,0,0,0,0,0,2,0,0,0,6,360,6
25325,0,11,3,0,0,0,0,0,0,0,0,0
25326,4,100,22,0,0,0,0,0,0,0,0,0
25327,27,206,27,0,0,0,1,0,0,0,0,0
25328,0,0,0,1,0,0,0,0,0,0,0,0
25329,0,0,0,1,0,3,0,0,0,0,0,0
25330,0,0,0,6,0,41,0,0,0,0,0,0
25331,0,0,0,0,0,0,0,5,3,0,0,0
25332,3,1,0,0,0,0,0,0,0,0,0,0
25333,0,0,0,21,35,793,0,0,0,0,12,0
25334,0,0,0,0,0,0,12,1,48,0,0,0
25335,42,8,16,0,0,0,0,0,0,0,0,0
25336,56,234,131,0,0,0,0,0,0,12,0,0
25337,0,0,0,0,67,0,21,2890,126,1,0,108
25338,23,1,2,0,0,0,0,0,0,0,0,0
25339,0,0,1,0,0,368,0,0,0,40,59860,3
25340,0,19,0,0,2,0,1100,1203,79,0,0,0
25341,3,80,54,0,0,0,2,0,0,0,0,0
25342,0,0,0,0,0,2,0,0,0,88,128,2
25343,0,0,0,3,14,121,0,0,0,0,0,0
25344,0,0,0,0,0,0,0,0,0,66,192,1
25345,0,0,0,395,10,1420,0,0,0,0,12,0
25346,0,0,0,0,0,0,40,9,2,0,0,0
25347,61,75,120,0,0,0,0,0,0,0,0,0
25348,0,1,0,0,0,0,258,214,1,0,0,0
25349,0,0,0,0,0,3,0,0,0,95,443,5
25350,0,0,0,0,0,120,0,0,7,144,3646,462
25351,65,102,118,0,0,0,0,0,0,1,0,0
25352,0,3,0,0,368,0,370,28402,12262,0,7,12
25353,0,0,0,6,6,159,0,0,0,0,0,0
25354,0,2,0,0,11,0,113,3291,57,0,0,0
25355,0,0,0,1,0,46,0,0,0,42,2551,9
25356,0,0,0,7,24,171,0,0,0,0,1,0
25357,0,0,0,0,0,0,0,0,0,42,77,0
25358,2,30,76,0,0,0,0,0,0,32,0,0
25359,2,596,16,0,0,0,1,0,0,0,0,0
25360,11,32,34,0,0,0,0,0,0,0,0,0
25361,0,2,0,0,0,0,293,15,1,0,0,0
25362,0,0,0,0,0,0,191,207,4,0,0,0
25363,16,52,21,0,0,0,1,0,0,0,0,0
25364,0,0,0,0,0,0,135,22,4,0,0,0
25365,0,0,0,1,17,46,0,0,0,0,0,0
25366,0,0,0,0,0,4,0,0,0,88,154,19
25367,3,4,0,0,0,0,0,0,0,0,0,0
25368,0,0,1,0,0,0,0,0,0,0,0,0
25369,1,204,0,0,0,0,2,0,0,0,0,0
25370,0,0,0,14,5,192,0,0,0,0,0,0
25371,0,0,0,0,0,12,0,0,0,0,0,0
25372,2,73,0,0,0,0,18,0,0,0,0,0
25373,0,0,0,0,0,0,0,0,0,6,48,3
25374,2,2,0,0,0,0,0,0,0,0,0,0
25375,0,0,0,0,0,86,0,0,0,0,0,0
25376,0,0,0,0,1,49,0,0,0,0,0,0
25377,0,2,0,0,0,0,0,0,0,0,0,0
25378,0,0,0,0,0,1,0,0,0,5,769,0
25379,27,30,1,0,0,0,0,0,0,0,0,0
25380,0,0,0,0,0,2,0,0,0,1,305,0
25381,0,0,0,0,0,0,0,0,0,0,0,0
25382,0,0,0,0,0,0,0,0,0,0,0,0
25383,0,796,0,0,0,0,15,0,0,0,0,0
25384,0,111,0,0,0,0,0,0,0,0,0,0
25385,9,106,3,0,0,0,0,0,0,0,0,0
25386,0,0,0,0,0,1,0,0,0,14,955,0
25387,0,0,0,0,0,0,10,1,3,0,0,0
25388,2,24,2,0,0,0,0,0,0,0,0,0
25389,0,75,1,0,0,0,0,0,0,0,0,0
25390,0,0,0,0,0,2,0,0,0,4,21,0
25391,0,0,0,4,5,33,0,0,0,0,0,0
25392,0,0,0,0,1,208,0,0,0,0,0,0
25393,6,58,1,0,0,0,0,0,0,0,0,0
25394,0,0,0,16,8,66,0,0,0,0,2,0
25395,0,0,0,0,0,0,24,178,20,0,0,0
25396,0,9,0,0,0,0,150,330,23,0,0,0
25397,6,75,23,0,0,0,0,0,0,0,0,0
25398,0,0,0,10,1,261,0,0,0,0,0,0
25399,0,0,0,1,4,53,0,0,0,0,0,0
25400,0,0,0,0,0,9,0,0,0,0,0,0
25401,0,0,0,0,1,0,52,342,0,0,0,0
25402,0,0,0,0,0,22,0,0,0,0,0,0
25403,0,0,0,0,0,9,0,0,0,0,0,0
25404,0,0,0,0,0,24,0,0,0,0,0,0
25405,11,80,1,0,0,0,0,0,0,0,0,0
25406,0,0,0,6,2,176,0,0,0,0,0,0
25407,0,0,0,0,0,0,55,466,12,0,0,0
25408,7,42,33,0,0,0,0,0,0,0,0,0
25409,0,0,0,0,0,0,97,142,74,0,0,0
25410,19,83,12,0,0,0,0,0,0,0,0,0
25411,59,169,27,0,0,0,0,0,0,0,0,0
25412,0,0,0,1,2,81,0,0,0,0,0,0
25413,0,0,0,0,0,79,0,0,0,46,15470,10
25414,0,0,0,4,3,67,0,0,0,0,0,0
25415,0,0,0,1,5,15,0,0,0,0,0,0
25416,0,0,0,0,0,1,0,0,0,7,3218,2
25417,41,56,11,0,0,0,0,0,0,0,0,0
25418,0,0,1,0,0,0,0,0,0,489,191,17
25419,56,70,8,0,0,0,12,0,0,0,0,0
25420,12,36,550,0,0,0,0,0,0,5,0,0
25421,0,0,0,2,24,100,0,0,0,0,0,0
25422,0,0,0,357,16,319,0,0,0,0,1,0
25423,0,0,0,0,0,0,107,34,301,0,0,0
25424,0,0,0,0,0,0,130,140,113,0,0,0
25425,26,61,30,0,0,0,0,0,0,0,0,0
25426,3,70,9,0,0,0,0,0,0,0,0,0
25427,0,0,0,0,0,8,0,0,0,29,1502,12
25428,0,0,0,3,7,63,0,0,0,0,0,0
25429,0,0,0,0,9,0,203,3391,386,0,0,1
25430,0,0,0,2,8,167,0,0,0,0,0,0
25431,55,99,8,0,0,0,0,1,0,0,0,0
25432,2,31,39,0,0,0,4,0,0,0,0,0
25433,0,0,0,0,0,22,0,0,0,40,1669,2
25434,0,0,0,9,22,42,0,0,0,0,0,0
25435,0,0,0,11,15,6871,0,0,0,0,7,0
25436,0,0,0,2,7,72,0,0,0,0,0,0
25437,0,2,0,0,93,0,56,15904,399,0,0,0
25438,3,154,17,0,0,0,0,0,0,0,0,0
25439,19,84,11900,0,0,0,0,0,0,33,4,1
25440,0,0,0,0,45,0,102,2889,76,0,0,0
25441,0,0,0,0,0,0,0,0,1,20,25,61
25442,142,105,30,0,0,0,2,0,0,0,0,0
25443,17,144,122,0,0,0,0,0,0,0,0,0
25444,0,0,0,0,1,0,236,525,54,0,0,0
25445,0,1,0,0,6,0,685,3409,539,0,0,0
25446,0,0,0,6,0,141,0,0,0,0,0,0
25447,0,0,0,0,0,0,157,19,89,0,0,0
25448,129,832,84,2,0,0,8,1,0,0,0,0
25449,114,59,42,10,0,0,0,0,0,0,0,0
25450,458,270,26,0,0,0,0,0,0,0,0,0
25451,0,0,0,3,38,406,0,0,0,0,2,0
25452,0,0,1,0,0,147,0,0,2,340,6679,674
25453,5,279,2,0,0,0,2,0,0,0,0,0
25454,44,63,19,0,0,0,0,0,0,0,0,0
25455,0,0,0,0,6,0,246,2659,335,0,0,1
25456,0,0,0,0,4,0,263,1593,80,0,0,0
25457,25,238,18,0,0,0,1,0,0,0,0,0
25458,0,0,0,19,7,502,0,0,0,0,2,0
25459,0,0,0,0,18,0,105,3306,37,0,0,0
25460,0,0,0,0,0,65,0,0,2,34,4382,1196
25461,0,0,0,140,8,1001,0,0,0,0,3,0
25462,21,40,4,0,0,0,0,0,0,0,0,0
25463,0,0,0,0,0,21,0,0,0,230,4246,31
25464,0,0,0,10,142,192,0,1,0,0,0,0
25465,0,0,0,0,0,14,0,0,0,51,1696,4
25466,0,0,2,0,0,9,0,0,0,262,2718,5
25467,0,0,0,10,17,672,0,0,0,0,10,0
25468,0,0,0,8,57,171,0,0,0,0,1,0
25469,0,0,0,1,1,2647,0,0,0,0,1451844,0
25470,124,93,78,0,0,0,0,0,0,0,0,0
25471,0,0,0,0,50,1,80,10011,752,0,0,9
25472,216,310,84,0,0,0,1,1,0,0,0,0
25473,0,0,0,13,29,1249,0,0,0,0,9,0
25474,0,0,0,24,9,163,0,0,0,0,0,0
25475,0,0,0,10,75,106,0,3,0,0,0,0
25476,2,0,0,85,17,69,0,0,0,0,0,0
25477,0,0,0,0,2,0,285,706,70,0,0,2
25478,0,0,0,4,28,354,0,0,0,0,0,0
25479,0,0,0,34,64,87,0,0,0,0,1,0
25480,0,0,0,0,0,0,0,0,0,31,368,1
25481,0,2,0,0,0,0,603,1241,16,0,0,0
25482,0,0,0,0,0,12,0,0,0,39,1466,5
25483,0,5,0,0,1,0,1413,577,118,0,0,0
25484,0,0,0,0,0,0,0,0,0,46,320,4
25485,0,0,0,125,12,407,0,0,0,0,2,0
25486,11,104,2,0,0,0,0,0,0,0,0,0
25487,0,0,1,0,0,0,0,0,0,210,1578,64
25488,1,0,0,88,7,91,0,0,0,0,0,0
25489,0,2,0,0,10,0,213,10390,14,0,0,0
25490,0,0,0,0,0,1,0,0,0,151,220,0
25491,420,137,20,0,0,0,0,0,0,0,0,0
25492,9,308,13,0,0,0,2,0,0,0,0,0
25493,0,0,0,0,0,0,0,0,0,34,893,1
25494,0,0,0,0,11,0,594,4174,84,0,0,0
25495,54,436,54,0,0,0,0,0,0,0,0,0
25496,0,0,0,29,2,1717,0,0,0,0,4,0
25497,15,89,2,0,0,0,0,0,0,0,0,0
25498,0,0,0,0,0,0,0,0,0,21,114,5
25499,0,0,0,0,0,0,0,0,0,30,275,3
25500,0,0,0,0,54,0,822,3975,178,0,0,1
25501,84,598,28,0,0,0,0,0,0,0,0,0
25502,0,0,0,79,3,863,0,0,0,0,2,0
25503,159,146,2,0,0,0,3,0,0,0,0,0
25504,0,0,1,0,0,0,0,0,0,55,49,183
25505,1172,2654,158,11,0,0,26,0,0,0,0,0
25506,51,194,20,0,0,0,2,0,0,0,0,0
25507,0,0,0,0,0,0,749,310,2,0,0,0
25508,0,0,0,0,0,0,0,0,0,61,70,19
25509,0,0,0,0,0,2,0,0,0,205,1553,10
25510,0,0,0,47,70,430,0,0,0,0,1,0
25511,0,0,0,0,0,10,0,0,0,4,3696,2
25512,32,90,10,0,0,0,0,0,0,0,0,0
25513,0,0,1,0,0,11,0,0,0,385,5996,227
25514,0,0,0,100,596,372,0,4,0,0,0,0
25515,0,0,0,0,0,0,0,0,0,29,1082,1
25516,0,0,1,0,0,18,0,0,0,52,1137,12
25517,0,0,1,0,9,7457,0,0,0,390,33835,32
25518,1,0,0,30,156,4362,0,0,0,1,8,1
25519,0,0,0,15,117,775,0,0,0,0,1,0
25520,0,0,0,20,36,367,0,0,0,0,0,0
25521,0,0,0,0,0,35,0,0,1,143,12127,70
25522,0,11,0,0,0,0,1286,26,211,0,0,0
25523,0,7,0,0,1,0,468,797,7,0,0,0
25524,84,405,123,0,0,0,0,0,0,0,0,0
25525,2,0,0,41,30,381,0,0,0,0,0,0
25526,0,0,0,0,6,0,4,2970,5,0,0,0
25527,0,0,0,0,0,0,6,464,3,0,0,0
25528,0,0,4,0,0,234,0,0,0,103,1366,16
25529,0,0,0,29,1,20,0,0,0,0,0,0
25530,0,0,0,8,1,109,0,0,0,0,0,0
25531,27,1241,4,0,0,0,3,0,0,0,0,0
25532,0,0,0,6,22,268,0,0,0,0,0,0
25533,0,0,0,38,3,129,0,0,0,0,0,0
25534,0,0,0,0,1,0,135,1557,16,0,0,0
25535,0,0,0,0,29,54,0,0,0,0,0,0
25536,0,0,0,116,9,280,0,0,0,0,0,0
25537,0,1,0,0,0,0,294,779,4,0,0,0
25538,0,0,0,0,50,0,156,8071,10,0,0,0
25539,0,0,0,0,0,0,0,0,0,27,388,2
25540,0,4,0,0,0,0,2362,351,2,0,0,0
25541,0,0,0,0,15,226,0,0,0,0,5,0
25542,0,0,0,74,6,93,0,0,0,0,0,0
25543,0,0,0,0,0,0,110,256,1,0,0,0
25544,0,0,0,0,0,0,0,0,0,166,236,0
25545,18,43,10,0,0,0,0,0,0,0,0,0
25546,0,0,0,0,0,18,0,0,0,151,2652,71
25547,0,0,0,5,1,147,0,0,0,0,0,0
25548,0,0,0,267,107,108,0,0,0,0,0,0
25549,0,0,1,0,0,25,0,0,0,118,6269,43
25550,0,0,0,22,6,10,0,0,0,0,0,0
25551,0,0,0,422,5,133,0,0,0,0,0,0
25552,0,13,0,0,19,0,199,6270,31,0,0,0
25553,0,0,0,0,0,8,0,0,0,15,6974,16
25554,0,0,0,11,10,262,0,0,0,2,1,0
25555,0,0,0,0,9,0,243,2837,159,0,0,1
25556,0,0,0,2,850,277,0,0,0,0,1,0
25557,0,0,0,41,11,416,0,0,0,0,1,0
25558,0,0,0,11,26,119,0,0,0,0,3,0
25559,0,0,0,1,4,159,0,0,0,0,0,0
25560,0,0,0,36,17,108,0,0,0,0,0,0
25561,0,0,0,0,0,0,0,0,0,48,250,49
25562,282,1268,0,0,0,0,9,0,0,0,0,0
25563,0,1,0,33,1551,40,331,182844,744,0,0,14
25564,57,223,76,0,0,0,0,0,0,0,0,0
25565,0,15,0,0,0,0,1175,461,4,0,0,0
25566,0,0,0,0,0,0,0,0,0,70,581,0
25567,0,4,0,0,0,0,1546,808,1,0,0,0
25568,0,0,0,0,0,1,0,0,0,14,793,8
25569,1,0,0,194,19,73,0,0,0,0,0,0
25570,2,0,0,194,29,348,0,0,0,0,2,0
25571,0,0,0,0,0,7,0,0,0,326,2410,11
25572,0,0,1,0,0,6,0,0,0,358,2811,4
25573,7,363,483,0,0,0,0,0,0,0,3,0
25574,528,183,93,0,0,0,0,0,0,0,0,0
25575,79,128,72,1,0,0,0,0,0,0,0,0
25576,87,191,12,0,0,0,1,0,0,0,0,0
25577,0,0,0,5,52,1716,0,0,0,0,5,0
25578,0,0,0,0,0,7,0,0,0,11,3060,14
25579,65,106,11,0,0,0,0,0,0,0,0,0
25580,0,0,0,8,1,1939,0,0,0,0,3,0
25581,24,151,1,0,0,0,0,0,0,0,0,0
25582,79,103,1,0,0,0,0,0,0,0,0,0
25583,0,0,0,0,0,4,0,0,0,65,2459,7
25584,2,0,0,0,0,133,0,0,0,188,230826,34
25585,0,0,0,1,0,3,0,4,0,152,1510,160
25586,0,0,0,25,27,480,0,0,0,0,1,0
25587,0,0,2,2,0,22,0,0,0,1254,5478,24
25588,4,56,44,0,0,0,0,0,0,0,0,0
25589,237,85,17,2,0,0,0,0,0,0,0,0
25590,346,57,71,0,0,0,0,0,0,0,0,0
25591,2,167,30,0,0,0,1,0,0,0,0,0
25592,73,361,17,0,0,0,1,0,0,0,0,0
25593,0,7,0,1,26,0,706,2384,698,0,0,7
25594,3,49,38,0,0,0,0,0,0,0,0,0
25595,0,0,0,0,107,1,149,7256,947,0,0,0
25596,605,412,34,0,0,0,0,0,0,0,0,0
25597,0,0,0,17,9,178,0,0,0,0,0,0
25598,0,0,0,0,1,0,2,1633,93,0,0,0
25599,0,0,0,0,21,1,8,5338,93,0,0,48
25600,0,0,0,0,0,0,0,0,0,27,30,3
25601,232,63,477,0,0,1,0,0,0,1,0,0
25602,3,99,14,0,0,0,1,0,0,0,0,0
25603,0,0,0,0,0,27,0,0,1,205,4491,64
25604,0,0,0,15,6,45,0,0,0,0,0,0
25605,43,53,4,0,0,0,0,0,0,0,0,0
25606,0,2,0,0,22,0,1008,2468,152,0,0,0
25607,0,0,0,0,0,3,0,0,0,2,239,2
25608,9,43,3,0,0,0,0,0,0,0,0,0
25609,1,0,4,0,0,6,0,0,0,664,734,30
25610,0,0,0,2,1,48,0,0,0,0,0,0
25611,0,0,0,0,0,6,0,0,0,282,1569,16
25612,0,0,0,19,100,72,0,1,0,0,0,0
25613,0,0,0,0,0,28,0,0,0,48,5737,32
25614,0,0,0,0,0,892,0,0,0,66,69644,57
25615,6,179,48,0,0,0,1,0,0,0,0,0
25616,35,207,48,0,0,0,0,0,0,3,0,0
25617,0,24,0,0,17,0,2246,2934,5,0,0,0
25618,0,11,0,0,0,0,570,10,0,0,0,0
25619,0,0,0,0,0,0,4,18,2,0,0,0
25620,0,0,0,0,6,167,0,0,0,0,0,0
25621,0,34,0,0,40,0,922,3989,36,0,0,0
25622,0,0,0,0,2,645,0,0,0,0,0,0
25623,0,0,0,17,24,533,0,0,0,0,0,0
25624,0,0,0,0,0,54,0,0,0,16,8550,55
25625,34,80,3,0,0,0,0,0,0,0,0,0
25626,0,0,0,0,0,12,0,0,0,123,5797,28
25627,0,0,0,47,38,293,0,2,0,0,0,0
25628,0,0,0,6,1,193,0,0,0,0,1,0
25629,0,0,0,5,3,138,0,0,0,0,2,0
25630,0,0,0,0,0,0,130,148,221,0,0,1
25631,0,0,0,0,13,301,0,0,0,0,1,0
25632,0,0,0,1,29,35,0,1,0,0,0,0
25633,0,0,0,18,50,31,0,1,0,0,0,0
25634,0,0,0,0,1,0,114,1000,11,0,0,0
25635,0,0,0,0,0,0,0,0,0,0,589,30
25636,107,103,1,0,0,0,0,0,0,0,0,0
25637,2,34,11,0,0,0,0,0,0,0,0,0
25638,0,0,0,0,0,5,0,0,0,45,1524,5
25639,0,0,0,13,99,39,0,0,0,0,0,0
25640,0,0,0,0,19,56,0,0,0,0,0,0
25641,0,2,0,0,33,0,69,3309,21,0,0,0
25642,0,0,0,0,0,2,0,0,0,40,1047,34
25643,0,0,0,11,1,23,0,0,0,0,0,0
25644,0,4,0,0,11,0,449,3003,93,0,0,0
25645,0,0,0,0,169,120,0,0,0,0,1,0
25646,0,0,0,0,7,44,0,0,0,0,0,0
25647,0,4,0,0,77,0,320,6511,105,0,0,0
25648,0,0,0,0,8,59,0,0,0,0,0,0
25649,0,0,0,0,3,41,0,0,0,0,0,0
25650,0,25,0,0,24,0,453,2002,27,0,0,0
25651,0,0,0,3,2,136,0,0,0,0,0,0
25652,0,0,0,2,5,38,0,0,0,0,0,0
25653,0,0,0,12,2,59,0,0,0,0,3,0
25654,0,1,0,0,88,0,196,2539,230,0,0,0
25655,0,0,0,8,6,190,0,0,0,0,3,0
25656,10,246,1,0,0,0,1,0,0,0,0,0
25657,8,68,48,0,0,0,7,0,0,0,0,27
25658,0,0,0,0,0,80,0,0,0,1,4956,1
25659,25,137,17,0,0,0,6,0,0,1,0,0
25660,0,2,0,0,57,0,117,4059,246,0,0,1
25661,0,0,0,1,10,64,0,0,0,0,0,0
25662,0,0,0,35,17,81,0,0,0,0,0,0
25663,0,0,0,6,1,371,0,0,0,0,2,0
25664,4,39,6,0,0,0,1,0,0,0,0,0
25665,0,0,0,0,0,36,0,0,0,0,3344,0
25666,0,0,0,20,55,317,0,0,0,0,4,0
25667,0,0,0,0,0,28,0,0,0,1,3547,1
25668,50,56,196,0,0,0,0,0,0,0,0,0
25669,0,0,0,0,0,11,0,0,0,39,3203,13
25670,15,31,1,0,0,0,0,0,0,0,0,0
25671,0,0,0,0,0,0,0,0,0,54,713,4
25672,0,0,0,0,0,12,0,3,2,300,2124,318
25673,0,0,0,87,47,760,0,0,0,0,1,0
25674,0,0,0,33,41,943,0,0,0,0,1,0
25675,0,0,0,14,41,114,0,0,0,0,0,0
25676,0,0,0,0,263,3123,0,26,0,0,15,0
25677,0,0,0,0,17,0,310,2820,13,0,0,0
25678,0,0,2,0,0,2,0,0,0,733,820,2
25679,0,0,0,19,31,624,0,0,0,0,4,0
25680,0,0,0,0,0,4,0,0,0,92,1261,6
25681,0,2,0,0,0,0,1143,395,73,0,0,0
25682,0,0,0,0,199,479,0,0,0,0,2,0
25683,0,0,0,93,20,96,0,0,0,0,0,0
25684,0,3,0,0,0,0,176,250,4,0,0,0
25685,0,0,0,0,0,7,0,0,0,84,603,27
25686,1,0,0,144,71,207,0,0,0,0,0,0
25687,0,4,0,0,243,0,1709,2761,191,0,0,0
25688,0,0,0,0,0,27,0,0,0,177,3689,33
25689,0,0,0,114,39,1038,0,0,0,0,5,0
25690,0,6,0,0,43,0,793,9958,59,0,6,0
25691,0,2,0,0,4,1,545,1494,3,0,0,0
25692,0,0,0,0,0,0,0,0,0,7,685,1
25693,0,0,6,0,0,3,0,0,0,2514,1520,2
25694,0,0,0,6,32,422,0,0,0,0,0,0
25695,0,0,0,68,10,358,0,0,0,0,3,0
25696,0,0,0,0,0,0,118,30,268,0,0,1
25697,912,182,217,6,0,0,0,0,0,1,0,0
25698,63,99,65,0,0,0,1,0,0,0,0,0
25699,2,8,1,0,8,1,2509,1372,85,0,0,0
25700,0,0,0,0,0,1,0,0,0,68,418,1
25701,0,0,0,0,0,0,0,0,0,62,445,3
25702,0,0,0,0,0,167,0,0,1,79,21421,72
25703,0,0,0,0,0,84,0,0,0,129,8612,37
25704,0,0,0,4,396,147,0,1,0,0,0,0
25705,0,0,0,5,15,323,1,0,0,0,1,0
25706,0,0,0,15,16,326,0,0,0,0,0,0
25707,0,0,0,4,37,138,0,0,0,0,0,0
25708,0,0,0,0,0,24,0,0,0,350,6176,179
25709,0,0,0,37,124,118,0,0,0,0,0,0
25710,0,0,0,0,0,10026,0,0,0,77,17149,93
25711,0,0,0,111,12,1747,0,0,0,0,3,0
25712,54,238,329,0,0,0,0,0,0,0,0,0
25713,0,0,0,1,0,559,0,0,0,0,1,0
25714,0,0,1,0,0,34,0,0,0,132,5934,31
25715,0,0,0,0,8,60,0,0,0,0,0,0
25716,0,0,0,5,4,126,0,0,0,0,0,0
25717,0,0,0,4,0,171,0,0,0,0,2,0
25718,178,710,1,3,0,0,4,0,0,0,0,0
25719,0,0,0,0,0,234,0,0,0,0,0,0
25720,0,43,0,0,49,0,3730,7150,9,0,0,0
25721,0,0,0,0,0,6,0,0,0,21,2843,14
25722,0,0,0,2,33,87,0,0,0,0,0,0
25723,0,0,0,17,8,1423,0,1,0,0,65,0
25724,0,0,0,0,1,91,0,0,0,0,0,0
25725,21,74,4,0,0,0,0,0,0,0,0,0
25726,0,0,0,0,22,0,109,5112,101,0,0,0
25727,0,0,0,1,32,425,0,0,0,0,4,0
25728,0,0,1,0,0,15,0,1,0,58,3085,70
25729,0,0,0,0,1,712,0,0,0,0,10,0
25730,0,13,1,0,0,0,0,0,0,0,0,0
25731,0,0,0,0,0,22,0,0,0,1,5293,0
25732,0,0,0,9,111,105,0,0,0,0,0,0
25733,0,0,0,6,26,99,0,1,0,0,0,0
25734,0,0,0,0,0,3,0,0,0,13,220,9
25735,0,0,0,3,13,23,0,0,0,0,0,0
25736,0,0,0,1,8,112,0,0,0,0,0,0
25737,0,0,0,0,0,0,107,99,2,0,0,0
25738,0,0,0,0,0,0,0,0,0,4,6,3
25739,91,22,22,0,0,0,0,0,0,0,0,0
25740,0,0,0,0,3,0,46,814,0,0,0,0
25741,36,29,1,0,0,0,0,0,0,0,0,0
25742,0,0,0,0,11,0,16,355,2,0,0,0
25743,0,0,0,1,0,18,0,0,0,0,0,0
25744,34,727,9,0,0,0,2,0,0,0,0,0
25745,0,0,0,1,0,507,0,0,0,0,2,0
25746,7,133,6,0,0,0,3,0,0,0,0,0
25747,364,55,62,0,0,0,0,0,0,2,4,0
25748,3,42,3,0,0,0,0,0,0,0,0,0
25749,0,0,0,0,0,2,0,0,0,9,178,2
25750,0,0,0,3,76,21,0,0,0,0,0,0
25751,0,0,0,0,103,25,0,0,0,0,0,0
25752,0,0,0,24,0,46,0,0,0,0,0,0
25753,0,0,0,0,2,0,71,152,0,0,0,0
25754,0,0,0,1,0,57,0,0,0,0,0,0
25755,7,343,3,0,0,0,1,0,0,0,0,0
25756,2,162,42,0,0,0,0,0,0,0,0,0
25757,0,0,0,0,1,0,24,1529,3,0,0,0
25758,31,23,14,0,0,0,0,0,0,0,0,0
25759,467,41,24,29,0,0,0,0,0,0,0,0
25760,0,0,0,0,0,431,0,0,0,0,8,0
25761,22,75,1,0,0,0,0,0,0,0,0,0
25762,27,74,20,0,0,0,0,0,0,0,0,0
25763,0,0,0,1,0,248,0,0,0,0,1,0
25764,9,20,2,0,0,0,0,0,0,0,0,0
25765,6,86,11,0,0,0,1,0,0,0,0,0
25766,0,0,0,23,3,382,0,0,0,0,0,0
25767,0,0,0,0,3,0,19,1866,78,0,0,1
25768,3,40,547,0,0,0,0,0,0,6,0,0
25769,0,0,0,0,4,0,119,912,10,0,0,0
25770,0,1,0,0,5,0,131,699,20,0,0,0
25771,0,0,0,0,0,1,0,0,0,251,1246,7
25772,0,0,0,0,0,4,0,0,0,0,0,0
25773,0,0,0,26,11,81,0,0,0,0,0,0
25774,0,0,0,18,9,193,0,0,0,0,1,0
25775,0,0,0,0,9,0,4,5086,9,0,0,0
25776,0,0,0,0,12,0,5,948,4,0,0,0
25777,0,0,0,0,2,5,0,0,0,125,1806,0
25778,0,0,0,1,2,1,0,0,0,0,0,0
25779,0,0,0,36,14,174,0,0,0,0,1,0
25780,1,0,0,105,10,1,0,0,0,0,0,0
25781,0,0,0,0,0,0,2,33,8,0,0,0
25782,0,0,0,0,0,10,0,0,0,0,2862,1
25783,0,0,0,132,15,360,0,0,0,0,1,0
25784,0,0,0,0,9,1,1,2504,479,0,0,0
25785,0,0,0,0,64,0,8,15064,1962,0,0,2
25786,3,21,91,0,0,0,0,0,0,0,0,0
25787,34,104,24,0,0,0,2,0,0,0,0,0
25788,16,389,9,0,0,0,1,0,0,0,0,0
25789,0,0,0,50,1,3,0,0,0,0,0,0
25790,0,0,0,0,0,0,3,31,15,0,0,0
25791,0,0,0,0,0,5,0,0,0,5,1501,0
25792,0,0,0,0,0,66,0,0,0,212,1855,16
25793,0,82,0,0,4,0,1709,1560,11,0,0,0
25794,0,0,0,8,60,104,0,1,0,0,0,0
25795,0,0,0,7,5,3,0,0,0,0,0,0
25796,0,0,0,0,0,0,0,0,0,1,5,3
25797,0,0,0,0,0,6,0,0,0,79,1380,10
25798,6,203,58,0,0,0,0,0,0,0,0,0
25799,85,39,24,0,0,0,0,0,0,0,0,0
25800,122,59,11,0,0,0,0,0,0,0,0,0
25801,82,35,8,0,0,0,0,0,0,0,0,0
25802,2,38,9,0,0,0,0,0,0,0,0,0
25803,0,0,0,0,0,2,0,0,0,95,650,0
25804,0,0,0,0,0,0,0,0,0,4,9,4
25805,0,0,0,0,0,0,0,0,0,1,9,0
25806,211,6012,26,0,0,0,47,4,0,0,0,0
25807,0,0,0,6,9,168,0,0,0,0,0,0
25808,0,0,0,1,0,3,0,0,0,0,0,0
25809,1,73,29,0,0,0,1,0,0,0,0,0
25810,0,0,1,0,0,5,0,0,0,103,2952,7
25811,0,0,0,0,5,4,0,0,0,0,0,0
25812,0,0,0,1,4,551,0,0,0,0,4,0
25813,0,0,0,3,0,19,0,0,0,0,0,0
25814,5,110,1,0,0,0,0,0,0,0,0,0
25815,0,0,0,1,1,184,0,0,0,0,0,0
25816,0,0,0,0,0,0,89,47,578,0,0,3
25817,5,1498,55,0,0,0,9,0,0,1,0,0
25818,0,0,0,27,27,293,0,0,0,0,1,0
25819,0,0,0,0,10,0,163,677,0,0,0,0
25820,0,0,0,0,0,0,0,0,0,31,338,0
25821,0,0,0,0,0,2,0,0,0,84,839,9
25822,139,64,63,1,0,0,0,0,0,0,0,0
25823,0,80,12,0,0,0,0,0,0,0,0,0
25824,0,0,0,0,0,7,0,0,0,309,717,14
25825,0,0,0,1,0,375,0,0,0,0,0,0
25826,204,81,5,0,0,0,0,0,0,0,0,0
25827,0,0,0,1,1,470,0,0,0,0,1,0
25828,0,0,0,4,0,7,0,0,0,0,0,0
25829,0,0,0,4,3,3,0,0,0,0,0,0
25830,0,0,0,2,2,77,0,0,0,0,0,0
25831,0,0,2,0,0,22,0,0,0,449,1637,115
25832,0,0,0,0,0,3,0,0,0,0,0,0
25833,0,0,0,6,1,54,0,0,0,0,0,0
25834,0,0,0,32,1,8,0,0,0,0,0,0
25835,0,0,0,0,0,0,25,72,2,0,0,0
25836,0,0,0,0,0,7,0,0,0,0,1569,3
25837,0,0,0,23,70,63,0,0,0,0,0,0
25838,0,0,0,0,1,0,2,180,1,0,0,0
25839,0,0,0,0,8,0,1,1033,0,0,0,0
25840,0,0,0,0,0,3,0,0,0,3,164,1
25841,143,219,8,0,0,0,0,0,0,0,0,0
25842,0,0,0,3,0,179,0,0,0,0,0,0
25843,3,116,46,0,0,0,0,0,0,0,0,0
25844,0,0,0,0,0,105,0,0,0,26,15433,78
25845,0,0,0,3,2,30,0,0,0,0,0,0
25846,20,54,17,0,0,0,0,0,0,0,0,0
25847,32,106,48,0,0,0,0,0,0,0,0,0
25848,0,0,0,1,34,96,0,0,0,0,5,0
25849,0,0,0,17,64,63,0,0,0,0,0,0
25850,0,2,0,0,0,0,213,206,2,0,0,0
25851,0,0,0,0,13,93,0,0,0,0,0,0
25852,0,0,0,48,6,66,0,0,0,0,0,0
25853,39,105,2,1,0,0,0,0,0,0,0,0
25854,0,0,0,0,0,2,0,0,0,0,900,0
25855,0,1,0,0,149,1,279,19886,2067,0,0,24
25856,28,221,60,0,0,0,0,0,0,0,0,0
25857,0,0,0,0,0,2,0,0,0,36,140,3
25858,0,0,0,12,0,157,0,0,0,0,2,0
25859,24,375,2,0,0,0,0,0,0,0,0,0
25860,0,0,0,0,1,281,0,0,0,0,0,0
25861,0,0,0,1,0,1,0,0,0,0,0,0
25862,0,0,0,0,0,0,0,2,10,0,0,0
25863,0,0,0,0,0,211,0,0,0,0,0,0
25864,29,240,2,0,0,0,2,0,0,0,0,0
25865,0,0,0,0,0,196,0,0,0,0,1,0
25866,12,60,8,0,0,0,0,0,0,0,0,0
25867,0,0,0,0,0,1,0,0,0,0,666,0
25868,0,0,0,0,0,0,0,0,0,0,57,1
25869,1,0,0,195,12,89,0,0,0,0,3,0
25870,0,0,0,0,0,180,0,0,0,0,4,0
25871,1,22,0,0,0,0,2,0,0,0,0,0
25872,0,0,0,0,0,388,0,0,0,2,6160,0
25873,90,11,1,0,0,0,0,0,0,0,0,0
25874,6,24,17,0,0,0,0,0,0,0,0,0
25875,0,0,0,12,0,187,0,0,0,0,0,0
25876,2,330,7,0,0,0,1,0,0,0,0,0
25877,0,0,0,0,0,0,40,67,24,0,0,0
25878,0,0,0,2,2,792,0,0,0,0,1,0
25879,0,1,0,0,0,0,767,598,32,0,0,0
25880,0,0,0,0,3,110,0,0,0,0,0,0
25881,906,58,3,1,0,0,0,0,0,0,0,0
25882,2,31,4,0,0,0,0,0,0,0,0,0
25883,0,0,0,0,0,0,0,0,0,23,8,6
25884,0,0,0,5,41,43,0,0,0,0,0,0
25885,0,0,0,5,37,75,0,0,0,0,0,0
25886,0,0,0,0,0,13,0,0,0,24,3938,13
25887,0,0,0,2,10,53,0,0,0,0,0,0
25888,0,0,0,15,5,89,0,0,0,0,0,0
25889,0,0,0,0,0,36,0,0,0,3,5400,0
25890,23,50,12,0,0,0,0,0,0,0,0,0
25891,3,58,20,0,0,0,0,0,0,0,0,0
25892,0,0,0,1,2,2,0,0,0,0,0,0
25893,0,0,0,26,6,39,0,0,0,0,0,0
25894,0,0,0,0,0,0,132,9,2,0,0,0
25895,0,0,0,0,0,59,0,0,0,0,0,0
25896,0,0,0,0,0,0,0,0,0,5,96,0
25897,43,437,15,0,0,0,2,0,0,0,0,0
25898,0,0,0,2,1,2,0,0,0,0,0,0
25899,0,0,0,44,1,377,0,0,0,0,0,0
25900,4,30,0,0,0,0,0,0,0,0,0,0
25901,0,0,0,0,0,2,0,0,0,15,115,18
25902,0,0,0,49,42,88,0,0,0,0,0,0
25903,0,0,0,31,413,27,0,4,0,0,0,0
25904,0,0,0,0,0,141,0,0,0,0,15479,1
25905,73,107,12,0,0,0,1,0,0,0,0,0
25906,0,1,0,0,58,0,172,8042,2841,1,11,143
25907,0,4,0,0,506,2,343,60191,4,0,0,0
25908,0,0,0,18,15,668,0,0,0,0,8,0
25909,0,4,0,0,0,0,354,122,41,0,0,0
25910,283,1775,106,9,0,0,14,0,0,0,0,0
25911,0,0,0,28,9,155,0,0,0,0,0,0
25912,0,4,0,0,29,0,552,1789,1,0,0,0
25913,0,58,0,0,44,0,2471,1726,15,0,0,0
25914,0,0,0,0,0,0,0,0,0,8,128,1
25915,30,123,7,0,0,0,0,0,0,0,0,0
25916,0,0,2,0,0,33,0,0,1,207,8301,103
25917,29,80,9,0,0,0,0,0,0,0,0,0
25918,1,34,19,0,0,0,0,0,0,0,0,0
25919,0,0,0,0,0,3,0,0,0,25,2840,10
25920,51,36,16,1,0,0,0,0,0,0,0,0
25921,10,46,22,0,0,0,0,0,0,0,0,0
25922,0,0,0,0,0,0,202,590,135,0,0,0
25923,0,0,0,4,4,31,0,0,0,0,0,0
25924,0,0,0,0,0,0,0,0,0,3,94,3
25925,0,0,0,0,0,1,0,0,0,19,316,2
25926,0,0,0,2,1,84,0,0,0,0,0,0
25927,30,650,2,0,0,0,1,0,0,0,0,0
25928,0,0,0,10,11,367,0,0,0,0,0,0
25929,0,0,0,8,32,7,0,0,0,0,0,0
25930,0,0,0,6,29,2740,0,0,0,0,24,0
25931,0,0,0,0,0,3,0,0,0,168,1071,2
25932,1,0,0,22,18,114,0,0,0,0,1,0
25933,0,0,0,0,0,0,116,13,161,0,0,0
25934,2110,849,58,14,0,0,3,0,0,0,0,0
25935,1,25,15,0,0,0,0,0,0,0,0,0
25936,0,0,0,0,0,0,0,0,0,8,830,2
25937,124,265,10,0,0,0,0,0,0,0,0,0
25938,0,0,0,14,6,301,0,0,0,0,1,0
25939,0,2,0,0,0,0,748,99,5,0,0,0
25940,7,102,7,0,0,0,0,0,0,0,0,0
25941,0,0,1,0,0,13,0,0,0,107,198,1
25942,0,0,0,82,1,472,0,0,0,0,2,0
25943,2,144,2,0,0,0,2,0,0,0,0,0
25944,0,0,0,0,0,2,0,0,0,2,222,0
25945,0,0,0,0,0,0,0,0,0,29,2,8
25946,31,87,49,0,0,0,0,0,0,0,0,0
25947,0,1,0,0,36,4,118,3761,3503,0,1,8
25948,105,279,47,0,0,0,1,0,0,1,0,0
25949,0,0,0,1,23,156,0,0,0,0,0,0
25950,0,0,0,9,1,43,0,0,0,0,0,0
25951,0,1,0,0,0,0,145,131,11,0,0,0
25952,0,0,0,0,0,0,67,8,0,0,0,0
25953,0,0,0,0,1,132,0,0,0,0,0,0
25954,0,0,0,0,10,0,93,2198,2,0,0,0
25955,0,0,0,0,2,0,63,142,0,0,0,0
25956,0,0,0,0,0,150,0,0,0,0,0,0
25957,0,0,0,2,1,73,0,0,0,0,0,0
25958,73,877,15,0,0,0,2,0,0,0,0,0
25959,0,0,0,1,0,4135,0,0,0,0,10,0
25960,1,33,1,0,0,0,0,0,0,0,0,0
25961,0,0,0,0,0,0,0,0,0,41,314,5
25962,1,0,0,14,6,113,0,0,0,0,2,0
25963,0,0,0,0,0,0,47,50,438,0,0,2
25964,337,103,43,3,0,0,0,0,0,0,0,0
25965,12,75,14,0,0,0,0,0,0,0,0,0
25966,1,98,54,0,0,0,0,0,0,0,0,0
25967,3,48,7,0,0,0,0,0,0,0,0,0
25968,34,6729,40,0,0,0,82,4,0,0,0,0
25969,0,0,0,75,422,689,0,11,0,0,8,0
25970,0,0,0,1,6,0,3,484,12,0,0,0
25971,0,1,0,0,1,0,188,468,65,0,0,0
25972,0,1,0,0,0,0,164,5,7,0,0,0
25973,65,139,17,1,0,0,1,0,0,0,0,0
25974,30,331,70,0,0,0,8,0,0,0,0,0
25975,0,0,0,1,10,274,0,0,0,0,4,0
25976,0,0,2,0,0,4,0,0,1,359,392,110
25977,0,0,0,5,21,153,0,1,0,0,3,0
25978,0,0,0,0,0,0,171,8,1,0,0,0
25979,0,0,0,0,897,0,125,1371,2,0,0,0
25980,46,145,188,0,0,0,3,0,0,3,0,0
25981,0,0,0,0,0,0,83,491,2,0,0,0
25982,0,0,0,3,0,79,0,0,0,0,1,0
25983,548,842,16,22,0,0,8,0,0,0,0,0
25984,3,51,54,0,0,0,1,0,0,0,0,0
25985,87,45,15,0,0,0,4,0,0,0,0,0
25986,81,75,84,1,0,0,0,0,0,0,0,0
25987,0,0,0,0,1,0,15,263,16,0,0,0
25988,0,18,4,0,0,0,0,0,0,0,0,0
25989,0,0,1,0,0,6,0,0,0,20,448,0
25990,0,0,0,3,2,100,0,0,0,0,0,0
25991,0,0,0,0,3,0,189,159,8,0,0,0
25992,0,0,0,0,2,143,0,0,0,0,0,0
25993,0,0,0,0,1,0,62,123,39,0,0,1
25994,0,0,0,0,0,126,0,0,0,0,0,0
25995,1,0,0,46,0,43,0,0,0,0,0,0
25996,0,7,0,2,146,3,647,14930,62,0,0,0
25997,0,0,0,1,1,235,0,0,0,0,0,0
25998,30,842,10,1,0,0,0,0,0,0,0,0
25999,0,0,0,5,6,190,0,0,0,0,1,0
26000,0,0,0,0,1,3,0,0,0,0,0,0
26001,0,24,0,0,0,0,0,0,0,0,0,0
26002,0,0,0,0,0,0,0,0,0,115,84,4
26003,224,53,0,1,0,0,0,0,0,0,0,0
26004,0,0,0,0,0,2,0,0,0,14,345,1
26005,28,106,0,0,0,0,66,0,0,0,0,0
26006,0,253,0,0,0,0,666,5,178,0,0,0
26007,0,0,0,0,3,111,0,0,0,0,0,0
26008,0,0,0,17,1,148,0,0,0,0,0,0
26009,1,77,2,0,0,0,1,0,0,0,0,0
26010,0,0,0,0,0,0,0,0,0,1,1379,0
26011,0,0,0,4,8,239,0,0,0,0,1,0
26012,0,0,0,9,13,163,0,0,0,0,0,0
26013,0,0,0,0,0,8,0,0,0,50,3194,21
26014,5,416,2,0,0,0,1,0,0,0,0,0
26015,0,0,0,0,0,1,0,0,0,234,101,3
26016,0,0,0,6,36,210,0,0,0,0,0,0
26017,0,0,0,7,41,16,0,0,0,0,1,0
26018,0,0,0,0,0,0,0,0,0,2,119,0
26019,84,222,35,0,0,0,1,0,0,0,0,0
26020,0,0,0,0,3,0,242,1035,7,0,0,0
26021,13,109,9691,0,0,0,0,0,0,94,4,0
26022,0,0,0,0,0,6,0,0,0,118,4192,22
26023,0,0,0,12,1,134,0,0,0,0,0,0
26024,97,117,83,0,0,0,0,0,0,1,0,0
26025,0,0,0,0,0,398,0,0,0,0,0,0
26026,0,0,0,0,0,0,0,0,0,0,0,0
26027,3,1,0,0,0,0,0,0,0,0,0,0
26028,0,0,0,0,0,7,0,0,0,1,2771,0
26029,0,0,2,0,0,0,0,0,0,1537,40,6
26030,145,40,3,1,0,0,0,0,0,0,0,0
26031,0,0,0,0,1,0,179,662,0,0,0,0
26032,0,0,0,0,0,0,0,0,0,45,82,0
26033,0,0,0,1,4,6,0,0,0,0,0,0
26034,0,0,0,0,0,0,330,143,1,0,0,0
26035,0,0,0,2,44,142,0,0,0,0,0,0
26036,0,114,5,0,0,0,0,0,0,0,0,0
26037,0,0,0,0,0,0,0,0,0,0,59,0
26038,0,0,0,53,26,175,0,0,0,0,0,0
26039,0,0,0,0,0,9,0,0,0,0,284,1
26040,61,67,19,0,0,0,0,0,0,0,0,0
26041,34,14,29,0,0,0,0,0,0,0,0,0
26042,0,0,0,0,0,14,0,0,0,124,2440,45
26043,0,0,0,21,34,333,0,0,0,0,1,0
26044,0,0,0,0,0,0,0,0,0,20,26,45
26045,116,141,9,0,0,0,2,0,0,0,0,0
26046,28,65,85,0,0,0,0,0,0,0,0,0
26047,0,0,0,1,59,159,0,0,0,0,0,0
26048,0,0,0,0,2,82,0,0,0,0,0,0
26049,0,0,0,0,4,0,147,1556,2,0,0,0
26050,125,158,76,0,0,0,0,0,0,3,0,0
26051,0,0,0,0,1,0,81,344,0,0,0,0
26052,0,0,0,0,12,342,0,0,0,0,0,0
26053,1,498,3,0,0,0,0,0,0,0,0,0
26054,0,0,9,0,0,0,0,0,0,5281,284,1
26055,35,56,25,0,0,0,0,0,0,0,0,0
26056,0,0,0,0,14,0,127,999,9,0,0,0
26057,2,363,91,0,0,0,3,0,0,0,0,0
26058,0,0,0,0,0,34,0,0,0,40,4646,5
26059,46,129,32,0,0,0,1,0,0,0,0,0
26060,0,0,0,0,0,121,0,0,1,388,18222,237
26061,1,0,0,93,5,183,0,0,0,0,0,0
26062,0,0,0,0,187,0,177,14213,380,0,0,0
26063,0,1,0,0,1,0,126,1195,83,0,0,0
26064,0,0,0,0,0,121,0,0,0,0,0,0
26065,0,6,0,0,44,0,298,4336,52,0,0,0
26066,0,0,0,8,64,588,0,0,0,0,3,0
26067,0,0,0,10,1,121,0,0,0,0,0,0
26068,0,0,0,0,0,0,267,5,20,0,0,0
26069,43,1357,42,0,0,0,3,0,0,0,0,0
26070,2,89,9,0,0,0,0,0,0,0,0,0
26071,0,0,0,0,0,0,0,0,0,1,106,0
26072,24,244,2,0,0,0,1,0,0,0,0,0
26073,0,0,0,5,5,18,0,0,0,0,0,0
26074,0,0,0,0,0,0,9,12,0,0,0,0
26075,0,0,0,11,25,147,0,0,0,0,0,0
26076,4,0,0,978,6,497,0,0,0,0,0,0
26077,302,102,1,0,0,0,0,0,0,0,0,0
26078,0,0,0,0,0,113,0,0,0,48,2776,41
26079,0,0,0,0,0,6,0,0,0,302,1569,20
26080,0,0,0,90,13,139,0,0,0,0,1,0
26081,0,0,0,4,33,4,0,0,0,0,0,0
26082,0,0,0,0,0,0,0,0,0,8,603,24
26083,0,0,0,3,11,78,0,0,0,0,0,0
26084,0,0,0,2,24,100,0,0,0,0,0,0
26085,0,0,0,0,0,0,0,0,0,6,266,3
26086,110,452,7,0,0,0,1,0,0,0,0,0
26087,0,0,0,0,0,151,0,0,0,0,0,0
26088,0,0,0,0,0,0,0,0,0,44,259,42
26089,0,0,0,1,0,10,0,0,0,0,0,0
26090,0,17,0,0,0,0,0,0,0,0,0,0
26091,0,0,0,0,0,0,0,0,0,1,170,0
26092,63,34,2,2,0,0,0,0,0,0,0,0
26093,42,28,31,0,0,0,0,0,0,0,0,0
26094,0,0,0,37,3,225,0,0,0,0,1,0
26095,1,40,21,0,0,0,0,0,0,0,0,0
26096,48,142,4335,0,0,0,1,0,0,16,18,0
26097,46,80,61,0,0,0,0,0,0,1,0,0
26098,45,358,31,0,0,0,2,0,0,0,0,0
26099,0,0,0,2,11,741,0,0,0,0,2,0
26100,0,0,0,6,3,189,0,0,0,0,1,0
26101,0,2,0,0,0,0,189,438,27,0,0,0
26102,0,0,0,1,12,178,0,0,0,0,1,0
26103,0,0,0,17,4,365,0,0,0,0,0,0
26104,0,0,0,0,28,0,59,4277,10,0,0,0
26105,21,123,20,0,0,0,0,0,0,0,0,0
26106,0,0,0,32,26,282,0,1,0,0,0,0
26107,0,17,0,0,0,1,189,53,100233,3,20,1011
26108,85,221,43,0,0,0,1,0,0,3,0,0
26109,0,33,0,0,7,0,5898,2170,43,0,0,0
26110,0,0,0,0,0,206,0,0,0,51,8295,0
26111,0,0,1,0,0,14,0,0,0,511,5129,28
26112,0,0,0,18,8,384,0,0,0,0,2,0
26113,0,0,0,0,8,0,96,333,55,0,0,0
26114,86,75,22,1,0,0,0,0,0,0,0,0
26115,56,147,510,0,0,0,4,0,0,10,0,0
26116,0,0,0,0,5,0,47,206,55,0,0,0
26117,22,149,13,0,0,0,0,0,0,0,0,0
26118,3,553,8,0,0,0,0,0,0,0,0,0
26119,0,0,0,0,0,0,0,0,0,0,71,1
26120,13,114,0,0,0,0,0,0,0,0,0,0
26121,0,0,0,1,2,38,0,0,0,0,0,0
26122,0,0,0,0,1,0,355,259,0,0,0,0
26123,0,0,0,2,18,52,0,0,0,0,0,0
26124,0,0,0,0,0,2,0,0,0,272,703,1
26125,0,0,4,0,0,1,0,0,0,266,104,0
26126,79,42,13,0,0,0,0,0,0,0,0,0
26127,48,32,184,0,0,0,0,0,0,0,0,0
26128,22,342,30,0,0,0,1,1,0,0,0,0
26129,0,0,0,3,14,44,0,0,0,0,0,0
26130,0,0,0,15,19,152,0,0,0,0,0,0
26131,0,0,0,0,0,0,0,0,0,9,433,10
26132,5,50,4,0,0,0,0,0,0,0,0,0
26133,0,0,0,0,0,0,0,0,0,21,265,0
26134,3,50,0,0,0,0,0,0,0,0,0,0
26135,0,0,0,0,0,0,0,0,0,1,96,1
26136,3,8,0,0,0,0,0,0,0,0,0,0
26137,1,2,1,0,0,0,0,0,0,0,0,0
26138,0,0,0,1,0,71,0,0,0,0,0,0
26139,0,0,0,0,0,0,0,0,0,6,646,0
26140,0,0,0,0,0,0,14,14,2,0,0,0
26141,2,36,1,0,0,0,0,0,0,0,0,0
26142,0,0,0,0,0,2,0,0,0,2,118,0
26143,0,0,0,0,0,0,211,226,0,0,0,0
26144,0,2,0,0,7,0,496,2935,0,0,0,0
26145,0,0,0,0,4,66,0,0,0,0,0,0
26146,0,0,0,6,35,121,0,0,0,0,0,0
26147,0,0,0,0,0,2,0,0,0,23,289,4
26148,88,1785,32,0,0,0,7,0,0,0,0,0
26149,0,0,0,9,47,19941,0,0,0,1,204,0
26150,0,0,0,0,0,1,0,0,0,26,207,7
26151,0,0,1,0,0,16,0,0,0,792,6002,33
26152,0,1,0,0,21,0,723,1874,107,0,0,0
26153,0,0,0,0,55,0,90,1751,27,0,0,0
26154,7,111,64,1,0,0,0,0,0,0,0,0
26155,0,0,0,0,6,0,62,927,37,0,0,0
26156,0,0,0,1,4,653,0,0,0,0,4,0
26157,0,0,0,3,1,38,0,1,0,0,0,0
26158,0,7,0,0,14,0,942,1542,7,0,0,0
26159,0,0,0,2,74,116,0,2,0,0,0,0
26160,0,0,0,6,0,261,0,0,0,0,0,0
26161,436,517,38,4,0,97,0,0,0,1,0,0
26162,39,153,29,0,0,0,0,0,0,0,0,0
26163,0,0,0,4,297,1207,0,0,0,0,6,0
26164,0,0,0,0,0,1,0,0,1,30,233,3
26165,0,0,0,0,0,1,0,0,1,19,403,70
26166,178,69,2,0,0,0,1,0,0,0,0,0
26167,0,0,0,0,17,0,107,2558,130,0,0,0
26168,0,0,0,11,0,147,0,0,0,0,5,0
26169,11,83,13,0,0,0,0,0,0,1,0,0
26170,108,275,35,0,0,0,0,0,0,0,0,0
26171,14,0,0,778,6,1118,0,0,0,2,22,0
26172,0,3,0,0,2,0,855,1581,6,0,0,0
26173,0,0,0,0,2,0,173,487,13,0,0,0
26174,80,180,38,0,0,0,1,0,0,0,0,0
26175,1,77,0,0,0,0,0,0,0,0,0,0
26176,0,0,0,0,0,1,0,0,0,62,1220,0
26177,0,0,0,0,0,11,0,0,0,22,824,31
26178,245,84,18,0,0,0,0,0,0,0,0,0
26179,19,83,73,0,0,0,0,0,0,0,0,0
26180,0,0,0,62,312,94,0,1,0,0,2,0
26181,0,0,0,1,21,188,0,0,0,0,1,0
26182,0,0,0,89,5,368,0,0,0,0,3,0
26183,52,84,3,0,0,0,0,0,0,0,0,0
26184,0,0,0,189,8,154,0,0,0,0,0,0
26185,0,0,0,0,0,0,190,231,9,0,0,0
26186,36,106,33,0,0,0,0,0,0,0,0,0
26187,0,0,0,19,16,811,0,0,0,0,3,0
26188,0,1,0,0,0,0,1158,137,105,0,0,0
26189,29,92,20,0,0,0,0,0,0,0,0,0
26190,2,61,1,0,0,0,1,0,0,0,0,0
26191,0,0,0,0,0,0,0,0,0,16,715,4
26192,0,0,0,0,0,1,0,0,0,51,764,0
26193,0,0,0,0,0,0,18,39,0,0,0,0
26194,1,28,6,0,0,0,0,0,0,0,0,0
26195,0,0,0,0,0,10,0,0,0,27,2220,3
26196,0,0,0,0,0,0,103,292,40,0,0,0
26197,991,5,8,1,0,0,0,0,0,0,0,0
26198,0,0,0,0,0,18,0,0,0,29,1760,1
26199,0,0,0,0,4,0,217,1143,64,0,0,0
26200,15,0,3,0,0,0,0,0,0,0,0,0
26201,0,0,0,0,0,4,0,0,0,89,1517,2
26202,0,0,0,6,4,111,0,0,0,0,1,0
26203,11,82,7,0,0,0,1,0,0,0,0,0
26204,0,0,0,0,0,2,0,0,0,22,556,36
26205,0,0,0,5,2,18,0,0,0,0,0,0
26206,9,279,1,0,0,0,1,0,0,0,0,0
26207,0,0,0,0,1,0,7,163,25,0,0,1
26208,0,0,0,0,0,10,0,0,0,16,2306,5
26209,0,0,0,0,10,0,495,1103,271,0,0,0
26210,0,0,0,12,8,8,0,0,0,0,0,0
26211,0,0,0,0,21,0,69,1737,40,0,0,0
26212,0,0,0,0,0,4,0,0,0,0,253,0
26213,0,0,0,0,0,0,0,0,0,3,84,1
26214,0,0,0,28,33,166,0,0,0,0,1,0
26215,0,0,0,1,2,22,0,0,0,0,0,0
26216,0,0,0,16,11,78,0,0,0,0,0,0
26217,0,3,0,0,8,0,172,2309,86,0,0,1
26218,0,0,0,0,2,1,0,0,0,0,0,0
26219,1,37,0,0,0,0,0,0,0,0,0,0
26220,0,1,0,0,0,0,0,0,0,0,0,0
26221,0,0,0,0,0,0,28,11,1,0,0,0
26222,0,0,0,0,0,20,0,0,0,2,1935,0
26223,9,33,1,0,0,0,0,0,0,0,0,0
26224,0,0,0,0,0,0,0,0,0,23,345,0
26225,55,33,24,0,0,0,0,0,0,0,0,0
26226,27,30,34,0,0,0,0,0,0,0,0,0
26227,0,0,0,0,7,0,273,2311,1,0,0,0
26228,0,0,0,0,0,5,0,0,0,113,2104,7
26229,0,0,0,2,3,15,0,0,0,0,0,0
26230,0,0,0,0,3,0,208,848,53,0,0,0
26231,37,29,59,0,0,0,0,0,0,0,0,0
26232,1,0,0,82,38,220,0,0,0,0,0,0
26233,0,0,0,0,0,0,44,415,0,0,0,0
26234,28,196,91,0,0,0,1,0,0,0,0,0
26235,0,1,0,0,0,0,179,147,0,0,0,0
26236,0,0,0,147,9,38,0,0,0,0,0,0
26237,0,38,0,0,0,0,0,0,0,0,0,0
26238,0,0,0,0,0,0,0,0,0,0,3,0
26239,0,0,0,0,0,0,0,2,1,0,0,0
26240,2,0,0,0,0,0,0,0,0,0,0,0
26241,0,4,0,0,0,0,0,0,0,0,0,0
26242,0,0,0,0,0,0,0,0,0,1,8,0
26243,0,0,0,1,0,37,0,0,0,0,0,0
26244,0,0,0,1,0,9,0,0,0,0,0,0
26245,0,1,0,0,0,0,0,0,0,0,0,0
26246,0,0,0,0,0,0,0,0,0,0,0,0
26247,0,0,0,0,0,0,0,0,0,0,0,0
26248,0,0,0,0,0,14,0,0,0,0,0,0
26249,1,1,0,0,0,0,0,0,0,0,0,0
26250,0,0,0,0,0,0,0,0,0,1,87,0
26251,0,0,0,5,3,69,0,0,0,0,0,0
26252,0,0,0,0,0,0,0,0,0,0,105,0
26253,82,32,27,0,0,0,0,0,0,0,0,0
26254,0,0,0,1,0,87,0,0,0,0,2,0
26255,0,0,0,1,0,2,0,0,0,0,0,0
26256,0,0,1,0,0,33,0,0,0,24,5536,8
26257,0,1,0,0,0,0,536,38,43,0,0,0
26258,0,0,0,0,1,15,0,0,0,0,0,0
26259,0,0,0,25,9,40,0,0,0,0,0,0
26260,0,0,0,12,7,20,0,0,0,0,0,0
26261,0,0,0,0,0,0,0,0,0,2,26,0
26262,0,33,0,0,2,0,1366,896,64,0,0,0
26263,0,0,0,0,0,0,108,2,4,0,0,0
26264,5,2,0,0,0,0,0,0,0,0,0,0
26265,6,141,22,0,0,0,0,0,0,0,0,0
26266,0,0,0,0,0,0,21,0,4,0,0,0
26267,4,56,7,0,0,0,0,0,0,0,0,0
26268,0,0,0,0,1,0,176,284,56,0,0,0
26269,16,42,1,0,0,0,0,0,0,0,0,0
26270,0,0,0,0,0,546,0,0,0,2,230020,12
26271,108,107,37,0,0,0,0,0,0,0,0,0
26272,0,0,0,0,0,0,54,111,11,0,0,0
26273,0,0,0,0,0,0,1,19,4,0,0,0
26274,0,0,0,0,1,29,0,0,0,0,0,0
26275,3,52,0,0,0,0,0,0,0,0,0,0
26276,0,0,0,0,0,0,0,0,0,1,47,1
26277,0,0,0,0,0,0,265,70,4,0,0,0
26278,0,0,0,1,1,72,0,0,0,0,0,0
26279,0,0,0,0,0,1,0,0,0,0,0,0
26280,10,238,4,0,0,0,1,0,0,0,0,0
26281,12,55,17,0,0,0,0,0,0,0,0,0
26282,0,0,0,0,0,0,0,0,0,0,0,0
26283,4,22,8,0,0,0,0,1,0,0,0,0
26284,0,0,0,0,0,0,55,34,24,0,0,0
26285,0,0,0,7,0,44,0,0,0,0,0,0
26286,0,0,0,29,0,147,0,0,0,0,1,0
26287,0,11,2,0,0,0,0,0,0,0,0,0
26288,7,3,0,0,0,0,0,0,0,0,0,0
26289,0,0,0,0,0,207,0,0,0,0,0,0
26290,13,107,0,0,0,0,0,0,0,0,0,0
26291,0,0,0,0,0,0,123,58,11,0,0,0
26292,0,0,0,0,0,0,0,0,0,0,208,0
26293,0,0,0,0,0,0,5,8,1,0,0,0
26294,0,0,0,0,0,12,0,0,0,0,0,0
26295,106,36,2,0,0,0,0,0,0,0,0,0
26296,0,0,0,0,0,0,0,0,0,52,99,2
26297,0,0,0,0,0,3,0,0,0,0,0,0
26298,0,0,0,1,5,36,0,0,0,0,0,0
26299,0,0,0,0,0,0,0,0,0,28,168,128
26300,0,0,0,0,1,11,0,0,0,0,0,0
26301,0,0,0,27,16,144,0,0,0,0,0,0
26302,0,0,0,35,3,96,0,0,0,0,0,0
26303,0,0,0,0,0,17,0,0,0,0,0,0
26304,0,0,0,0,4,67,0,0,0,0,0,0
26305,0,0,0,0,0,116,0,0,6,228,3410,1248
26306,0,0,0,0,0,13,0,0,0,0,0,0
26307,5,0,0,424,29,61,0,0,0,0,0,0
26308,0,0,0,0,0,0,15,69,2,0,0,0
26309,0,0,0,0,0,0,0,0,0,0,119,4
26310,0,0,0,55,1,104,0,0,0,0,1,0
26311,0,0,0,8,2,38,0,0,0,0,0,0
26312,0,0,0,0,22,4,0,1,0,0,0,0
26313,0,0,0,0,0,168,0,0,0,64,3292,4
26314,0,1,0,0,3,0,619,344,89,0,0,0
26315,0,0,0,0,4,91,0,0,0,0,0,0
26316,0,0,0,0,0,0,10,71,1,0,0,0
26317,0,0,0,0,0,0,3,7,0,0,0,0
26318,0,0,0,0,0,26,0,0,0,0,0,0
26319,79,1942,2,0,0,0,66,0,0,0,0,0
26320,0,0,0,4,6,140,0,0,0,0,9,0
26321,0,0,0,0,3,18,0,0,0,0,0,0
26322,0,0,0,0,0,1,0,0,0,228,389,0
26323,0,0,0,0,0,49,0,0,0,0,0,0
26324,0,0,0,0,0,16,0,0,0,0,0,0
26325,0,1,0,0,0,0,871,71,2,0,0,0
26326,0,0,0,0,0,0,0,0,0,11,437,0
26327,0,0,0,0,0,5,0,0,0,0,0,0
26328,19,70,8,0,0,0,0,0,0,0,0,0
26329,0,0,0,0,0,0,5,16,0,0,0,0
26330,0,0,0,0,0,9,0,0,0,0,0,0
26331,0,0,0,2,1,600,0,0,0,0,0,0
26332,10,216,2,1,0,0,2,0,0,0,0,0
26333,0,0,0,0,0,0,0,0,0,2,422,3
26334,16,45,54,0,0,0,0,0,0,0,0,0
26335,0,0,0,0,0,1,0,0,0,8,351,3
26336,0,0,0,1,0,1,0,0,0,0,0,0
26337,0,17,1,0,0,0,0,0,0,0,0,0
26338,0,0,0,0,0,0,4,4,6,0,0,0
26339,0,0,0,0,0,0,0,0,0,1,18,2
26340,0,0,0,0,0,13,0,0,0,5,1841,2
26341,12,3,0,0,0,0,0,0,0,0,0,0
26342,0,0,0,0,1,162,0,0,0,0,8,0
26343,0,0,0,0,0,0,0,0,0,1,4,0
26344,0,0,0,0,0,0,0,0,0,0,14,0
26345,0,0,0,0,1,4,0,0,0,0,0,0
26346,0,0,0,0,0,1,0,0,0,0,0,0
26347,1,7,0,0,0,0,0,0,0,0,0,0
26348,0,0,0,0,0,0,0,0,0,2,1,0
26349,0,0,0,3,0,5,0,0,0,0,0,0
26350,0,0,0,0,0,0,25,10,1,0,0,0
26351,0,0,0,0,0,0,0,0,0,0,105,0
26352,0,0,0,0,0,0,27,37,3,0,0,0
26353,0,0,0,0,0,0,0,0,0,1,186,0
26354,0,0,0,11,2,2,0,0,0,0,0,0
26355,0,0,0,2,12,4,0,0,0,0,0,0
26356,0,0,0,0,0,0,0,0,0,5,2,1
26357,0,0,0,0,0,0,5,2,1,0,0,0
26358,3,1282,3,0,0,0,1,0,0,0,0,0
26359,0,0,0,1,2,7,0,0,0,0,0,0
26360,0,0,0,0,0,2,0,0,0,0,0,0
26361,0,0,0,0,0,0,1,1,1,0,0,0
26362,0,0,0,1,0,1,0,0,0,0,0,0
26363,0,0,0,0,0,0,0,40,1,0,0,0
26364,0,0,0,0,0,2,0,0,0,0,0,0
26365,0,0,0,0,2,0,41,308,1,0,0,0
26366,0,0,0,0,0,0,0,0,0,2,785,1
26367,0,0,0,0,3,0,38,338,54,0,0,0
26368,0,0,0,0,0,15,0,0,0,0,0,0
26369,4,17,3,0,0,0,0,0,0,0,0,0
26370,0,0,0,0,0,0,0,0,0,0,235,0
26371,0,0,0,2,0,5,0,0,0,0,0,0
26372,0,0,0,0,0,0,3,356,2,0,0,0
26373,0,0,0,0,0,0,0,0,0,0,57,1
26374,0,0,0,8,5,5,0,0,0,0,0,0
26375,0,0,0,0,0,0,20,117,2,0,0,0
26376,0,0,0,0,0,0,0,0,0,1,177,0
26377,10,15,0,0,0,0,0,0,0,0,0,0
26378,3,4,3,0,0,0,0,0,0,0,0,0
26379,0,0,0,4,0,12,0,0,0,0,0,0
26380,3,204,0,0,0,0,4,0,0,0,0,0
26381,0,0,0,0,0,2,0,0,0,0,0,0
26382,0,0,0,0,0,5,0,0,0,0,0,0
26383,0,0,0,0,0,0,3,51,17,0,0,0
26384,0,0,0,0,0,0,0,0,0,0,0,0
26385,0,0,0,20,0,55,0,0,0,0,0,0
26386,1,4,0,0,0,0,0,0,0,0,0,0
26387,0,19,0,0,0,0,0,0,0,0,0,0
26388,0,0,0,0,0,0,0,0,0,4,312,0
26389,0,0,0,0,4,0,73,1079,3,0,0,0
26390,0,0,0,6,2,20,0,0,0,0,0,0
26391,0,0,0,0,1,0,23,222,4,0,0,0
26392,32,68,0,0,0,0,0,0,0,0,0,0
26393,0,0,0,0,0,0,0,89,2,0,0,0
26394,0,0,0,0,0,21,0,0,0,0,0,0
26395,0,0,0,0,0,0,0,0,0,84,141,0
26396,0,0,0,0,1,1,0,0,0,0,0,0
26397,0,0,0,4,0,76,0,0,0,0,0,0
26398,0,1,0,0,2,0,171,439,13,0,0,0
26399,0,0,0,0,0,3,0,0,0,0,0,0
26400,155,33,1,0,0,0,0,0,0,0,0,0
26401,0,0,4,0,0,0,0,0,0,0,0,0
26402,3,291,0,0,0,0,8,0,0,0,0,0
26403,0,13,0,0,0,0,0,0,0,0,0,0
26404,0,0,0,0,0,0,0,0,0,2,16,0
26405,0,0,0,0,0,0,0,0,0,1,20,1
26406,0,0,0,10,21,85,0,0,0,0,0,0
26407,0,0,0,0,3,4,0,0,0,0,0,0
26408,0,0,0,0,0,3,0,0,0,37,1795,73
26409,0,0,0,3,35,272,0,0,0,0,0,0
26410,0,0,0,5,1,58,0,0,0,0,0,0
26411,0,0,0,1,2,11,0,0,0,0,0,0
26412,0,0,0,0,1,131,0,0,0,0,1,0
26413,0,0,0,1,0,1,0,0,0,0,0,0
26414,11,0,0,0,0,0,0,0,0,0,0,0
26415,0,0,0,0,0,0,0,0,0,0,261,0
26416,0,0,0,0,10,1,180,2503,266,0,0,1
26417,0,0,0,0,0,4,0,0,0,0,0,0
26418,0,0,0,6,7,107,0,0,0,0,0,0
26419,0,0,0,0,0,4,0,0,0,0,0,0
26420,0,9,0,0,0,0,0,0,0,0,0,0
26421,0,0,0,0,0,0,0,0,0,0,299,0
26422,0,0,0,9,39,3,0,0,0,0,0,0
26423,0,0,0,0,0,0,0,0,0,21,9,0
26424,0,0,0,7,26,2614,0,0,0,0,2,0
26425,0,0,0,0,0,0,0,0,0,3,57,0
26426,0,0,0,0,0,0,239,174,0,0,0,0
26427,0,0,0,148,8,74,0,0,0,0,0,0
26428,0,0,0,0,21,0,132,5697,38,0,0,0
26429,0,0,0,0,0,6,0,0,0,0,0,0
26430,0,0,0,0,0,125,0,0,0,0,0,0
26431,6,2,1,0,0,0,0,0,0,0,0,0
26432,3,26,0,0,0,0,0,0,0,0,0,0
26433,0,67,0,0,0,0,0,0,0,0,0,0
26434,7,5,2,0,0,0,0,0,0,0,0,0
26435,1,143,17,0,0,0,0,0,0,0,0,0
26436,0,0,0,6,9,185,0,0,0,0,1,0
26437,0,0,0,0,0,0,0,0,0,20,188,0
26438,0,0,0,5,6,11,0,0,0,0,0,0
26439,0,0,0,0,28,0,77,2462,29,0,0,0
26440,90,16,4,0,0,0,0,0,0,0,0,0
26441,15,79,34,0,0,0,0,0,0,0,1,0
26442,0,0,0,53,75,176,0,0,0,0,2,0
26443,0,0,0,2,9,93,0,0,0,0,0,0
26444,0,0,0,0,0,0,0,0,0,9,230,10
26445,0,0,0,5,14,130,0,0,0,0,0,0
26446,0,0,0,5,33,142,0,0,0,0,1,0
26447,0,0,0,1,0,7,0,0,0,96,2461,57
26448,0,0,0,1,20,460,0,0,0,0,1,0
26449,1,183,5,0,0,0,0,0,0,0,0,0
26450,0,0,0,0,1,0,54,361,17,0,0,0
26451,14,97,165,0,0,0,0,0,0,0,0,0
26452,0,1,0,0,0,0,315,173,12,0,0,0
26453,0,0,0,0,6,34,0,0,0,0,0,0
26454,0,0,0,1,6,49,0,0,0,0,0,0
26455,0,0,0,0,0,3,0,0,0,74,2067,7
26456,0,0,0,0,0,51,0,0,0,185,6529,173
26457,0,0,0,116,7,30,0,0,0,0,0,0
26458,0,0,0,0,0,0,116,400,17,0,0,0
26459,33,691,68,0,0,0,6,0,0,0,0,0
26460,0,0,0,0,30,76,0,0,0,0,0,0
26461,0,0,0,0,0,7,0,0,0,52,3042,120
26462,0,0,0,51,4,62,0,0,0,0,0,0
26463,0,0,0,2,172,48,0,3,0,0,0,0
26464,0,0,0,0,0,27,0,0,0,60,4153,28
26465,0,0,0,11,3,67,0,0,0,0,0,0
26466,0,0,0,0,0,0,141,223,15,0,0,0
26467,0,0,0,0,0,0,86,31,952,0,0,0
26468,0,0,0,1,1,32,0,0,0,0,0,0
26469,0,0,0,0,0,48,0,0,0,26,693,18
26470,0,0,0,0,0,2,0,0,0,0,0,0
26471,0,14,0,0,0,0,0,0,0,0,0,0
26472,0,32,0,0,0,0,5,0,0,0,0,0
26473,1,15,0,0,0,0,0,0,0,0,0,0
26474,0,0,1,0,0,0,0,0,0,49,5,0
26475,0,0,0,0,0,0,2,2,2,0,0,0
26476,0,0,1,0,0,0,0,0,0,0,0,0
26477,0,3,1,0,0,0,0,0,0,0,0,0
26478,0,0,0,0,0,0,0,0,0,0,5,0
26479,0,0,0,1,1,23,0,0,0,0,0,0
26480,12,11,0,0,0,0,0,0,0,0,0,0
26481,6,2,3,0,0,0,0,0,0,0,0,0
26482,0,72,0,0,0,0,1,0,0,0,0,0
26483,0,0,0,1,0,75,0,0,0,0,0,0
26484,34,5,1,0,0,0,0,0,0,0,0,0
26485,0,0,0,2,10,221,0,0,0,0,1,0
26486,0,0,0,145,0,94,0,0,0,0,0,0
26487,33,94,22,0,0,0,0,0,0,0,0,0
26488,0,0,0,2,79,382,0,0,0,0,0,0
26489,135,2,12,0,0,0,0,0,0,0,0,0
26490,0,0,0,5,12,121,0,0,0,0,1,0
26491,0,0,0,0,0,607,0,0,0,0,3,0
26492,4743,56,1,3932,0,0,0,0,1,0,0,0
26493,1,0,0,0,0,0,49,46,20,0,0,0
26494,0,0,0,26,199,31,0,0,0,0,0,0
26495,0,0,0,15,6,75,0,0,0,0,0,0
26496,0,0,0,3,41,57,0,0,0,0,0,0
26497,0,0,0,0,4,1026,0,0,0,0,5,0
26498,0,0,0,0,12,22,0,0,0,0,0,0
26499,0,0,0,0,0,2,0,0,0,1,698,23
26500,0,0,0,0,0,52,0,0,0,0,0,0
26501,0,0,0,0,0,0,203,451,77,0,0,0
26502,0,0,0,14,0,22,0,0,0,0,0,0
26503,0,0,0,0,5,16,0,0,0,0,0,0
26504,0,0,0,96,7,359,0,0,0,0,2,0
26505,0,0,0,0,0,0,11,97,22,0,0,0
26506,0,0,0,0,0,0,116,331,1,0,0,0
26507,56,88,26,0,0,0,1,0,0,0,0,0
26508,3,30,2,0,0,0,0,0,0,0,0,0
26509,0,0,0,0,0,0,0,0,0,61,421,24
26510,0,0,0,7,18,53,0,0,0,0,0,0
26511,0,0,0,0,9,35,0,0,0,0,0,0
26512,0,0,0,0,0,57,0,0,0,0,0,0
26513,22,120,0,1,0,0,0,0,0,0,0,0
26514,33,75,9,0,0,0,0,0,0,0,0,0
26515,0,0,0,1,6,282,0,0,0,0,1,0
26516,0,0,0,0,9,49,0,0,0,0,0,0
26517,0,0,0,0,2,34,0,0,0,0,0,0
26518,0,0,0,2,2,17,0,0,0,0,0,0
26519,118,226,1,0,0,0,0,0,0,0,0,0
26520,0,0,0,0,4,0,249,1245,205,0,0,2
26521,0,0,0,0,0,0,0,0,0,13,298,1
26522,0,0,0,0,0,0,0,0,0,28,961,6
26523,2,4,4,0,0,0,0,0,0,0,0,0
26524,0,0,0,1,0,4,0,0,0,0,0,0
26525,0,0,0,0,0,0,0,1,0,0,0,0
26526,0,6,0,0,107,0,507,7804,80,0,0,0
26527,0,0,0,0,0,18,0,0,0,14,3780,3
26528,1507,568,44,10,0,0,2,0,0,0,0,0
26529,0,0,0,0,1,0,105,448,262,0,0,2
26530,40,227512,22,0,0,0,226776,11,0,0,0,0
26531,0,0,0,4,17,469,0,0,0,0,0,0
26532,0,0,0,5,64,33,0,0,0,0,0,0
26533,0,0,0,0,0,0,0,0,0,23,805,1
26534,0,0,2,0,0,6,0,0,0,62,1561,19
26535,42,17,3,0,0,0,0,0,0,0,0,0
26536,1,39,4,0,0,0,0,0,0,0,0,0
26537,0,0,0,0,0,11,0,0,0,6,1697,0
26538,0,1,0,0,0,0,218,86,0,0,0,0
26539,0,0,0,0,0,0,439,343,0,0,0,0
26540,0,0,0,0,0,117,0,0,0,0,0,0
26541,2,30,1,0,0,0,0,0,0,0,0,0
26542,0,0,0,0,0,1,0,0,0,37,793,6
26543,0,0,0,12,0,232,0,0,0,0,1,0
26544,16,196,4,0,0,0,0,0,0,0,0,0
26545,0,0,0,1,6,69,0,0,0,0,0,0
26546,0,0,0,23,1,701,0,0,0,0,1,0
26547,10,5,3,0,0,0,0,0,0,0,0,0
26548,0,0,0,0,0,0,0,0,0,19,15,0
26549,0,0,0,0,0,0,0,0,0,0,0,0
26550,0,0,0,0,0,0,331,54,0,0,0,0
26551,0,0,0,0,4,503,0,0,0,0,0,0
26552,0,0,0,63,9,244,0,0,0,0,0,0
26553,0,0,0,0,0,0,37,0,10,0,0,0
26554,34,63,38,0,0,0,0,0,0,0,0,0
26555,26,83,47,2,0,0,0,0,0,0,0,0
26556,0,0,0,0,0,0,7,1,10,0,0,0
26557,6,18,9,0,0,0,0,0,0,0,0,0
26558,0,0,0,0,0,0,367,232,0,0,0,0
26559,0,0,0,0,0,0,0,0,0,12,67,0
26560,0,0,0,0,0,3,0,0,0,0,0,0
26561,0,0,0,18,0,253,0,0,0,0,0,0
26562,7,63,7,0,0,0,0,0,0,0,0,0
26563,13,41,1,0,0,0,0,0,0,0,0,0
26564,4,117,1,0,0,0,0,0,0,0,0,0
26565,1,56,104,0,0,0,0,0,0,0,0,0
26566,12,191,8,0,0,0,1,0,0,0,0,0
26567,0,1,0,0,4,0,317,1422,3,0,0,0
26568,0,0,0,0,0,0,0,0,0,64,48,0
26569,0,0,0,1,1,0,0,0,0,0,0,0
26570,0,0,0,0,0,40,0,0,0,30,1106,10
26571,0,0,2,0,0,2,0,0,0,469,1293,10
26572,0,0,0,1,0,2,0,0,0,0,0,0
26573,0,0,0,24,19,279,0,0,0,0,0,0
26574,0,0,0,0,0,0,2,2,13,0,0,0
26575,2,2,3,0,0,0,0,0,0,0,0,0
26576,4,59,5,0,0,0,0,0,0,0,0,0
26577,0,0,0,0,0,0,0,1,987,16,4,227031
26578,0,104,1,0,0,0,0,0,0,0,0,0
26579,80,206,47,4,0,0,1,0,0,0,0,0
26580,0,0,0,0,0,0,0,0,0,0,0,0
26581,0,0,0,0,0,0,1,2,1,0,0,0
26582,0,0,0,0,0,0,0,11,1,0,0,0
26583,0,5,2,0,0,0,0,0,0,0,0,0
26584,0,0,1,0,0,0,0,0,0,0,0,0
26585,0,0,0,0,0,17,0,0,0,0,188,0
26586,0,0,0,0,0,2,0,0,0,37,1196,2
26587,0,0,0,0,0,2,0,0,0,0,0,0
26588,29,41,14,0,0,0,0,0,0,0,0,0
26589,0,5,0,0,2,0,192,1733,420,0,0,1
26590,0,0,0,0,1,76,0,0,0,0,0,0
26591,104,106,0,0,0,0,1,0,0,0,0,0
26592,41,111,12,2,0,0,0,0,0,0,0,0
26593,0,0,0,0,1,89,0,0,0,0,5,0
26594,73,16,1,0,0,0,0,0,0,0,0,0
26595,0,0,0,0,0,0,46,18,0,0,0,0
26596,0,0,0,0,0,0,0,11,8,0,0,0
26597,0,0,0,0,1,124,0,0,0,0,0,0
26598,0,0,0,4,7,56,0,0,0,0,0,0
26599,0,0,0,4,18,30,0,0,0,2,0,0
26600,0,0,0,0,0,1,0,0,0,36,402,2
26601,0,0,0,0,0,2,0,0,0,40,569,17
26602,0,0,0,0,0,3,0,0,0,0,0,0
26603,20,74,1,0,0,0,0,0,0,0,0,0
26604,0,0,0,0,3,3445,0,0,0,0,24,0
26605,0,0,0,1,2,6,0,0,0,0,0,0
26606,0,0,0,0,0,27,0,0,0,29,6414,4
26607,0,0,0,0,0,29,0,0,0,31,2708,11
26608,0,0,0,0,0,4,0,0,0,0,0,0
26609,0,0,0,7,1,1045,0,0,0,0,4,0
26610,8,23,0,0,0,0,0,0,0,0,0,0
26611,0,0,0,0,0,45,0,0,0,3,8338,0
26612,373,133,21,0,0,0,0,0,0,0,0,0
26613,0,0,0,1,5,2,0,0,0,0,0,0
26614,0,0,0,0,0,0,0,28,1,0,0,0
26615,0,0,0,0,0,0,0,184,1,0,0,0
26616,1,1,1,0,0,0,0,0,0,0,0,0
26617,0,0,0,0,0,0,0,0,0,0,0,0
26618,0,0,0,8,0,185,0,0,0,0,1,0
26619,1,0,0,108,3,2,0,0,0,0,0,0
26620,0,0,0,0,0,0,6,722,351,0,0,0
26621,0,0,0,0,0,277,0,0,0,0,0,0
26622,0,0,0,0,0,5,0,0,0,21,1287,3
26623,0,0,0,9,0,1,0,0,0,0,0,0
26624,0,0,0,2,27,59,0,0,0,0,0,0
26625,0,0,0,0,0,8,0,0,0,0,3754,0
26626,0,0,0,1,1,1,0,0,0,0,0,0
26627,1,26,1,0,0,0,0,0,0,0,0,0
26628,0,0,0,0,0,0,0,0,0,1,0,0
26629,0,6,1,0,0,0,0,0,0,0,0,0
26630,0,58,0,0,0,0,0,0,0,0,0,0
26631,0,0,0,2,0,1,0,0,0,0,0,0
26632,0,0,0,1,0,2,0,0,0,0,0,0
26633,0,0,0,0,0,146,0,0,0,0,0,0
26634,0,0,0,0,0,0,0,369,0,0,0,0
26635,0,0,0,0,0,0,0,0,0,1,2,0
26636,0,0,0,0,0,0,0,0,0,80,245,2
26637,0,0,0,0,1,1,0,0,0,0,0,0
26638,5,2,0,0,0,0,0,0,0,0,0,0
26639,0,0,0,0,0,139,0,0,0,0,0,0
26640,0,0,0,0,2,0,1,701,17,0,0,0
26641,0,0,0,0,0,0,0,0,0,0,45,0
26642,0,0,0,0,0,1,0,0,0,28,296,0
26643,0,2,0,0,0,0,0,0,0,0,0,0
26644,0,52,7,0,0,0,0,0,0,0,0,0
26645,0,0,0,0,0,15,0,0,0,0,8235,1
26646,3,0,8,0,0,0,0,0,0,0,0,0
26647,0,0,0,0,0,0,67,4,1,0,0,0
26648,0,0,0,0,0,0,57,9,1,0,0,0
26649,0,0,1,0,0,0,0,0,0,0,0,0
26650,3,150,0,0,0,0,0,0,0,0,0,0
26651,0,0,0,0,2,146,0,0,0,0,0,0
26652,1,4,11,0,0,0,0,0,0,0,0,0
26653,0,1,0,0,0,0,421,48,0,0,0,0
26654,0,4,0,0,1,0,105,138,2,0,0,0
26655,0,0,0,0,8,69,0,0,0,0,0,0
26656,0,0,0,1,0,0,0,0,0,0,0,0
26657,0,0,0,1,1,18,0,0,0,0,0,0
26658,0,0,0,1,0,20,0,0,0,0,0,0
26659,0,0,0,0,0,1,0,0,0,0,0,0
26660,0,3,0,0,6,0,88,1055,3,0,0,0
26661,0,0,0,1,0,6,0,0,0,0,0,0
26662,3,3,1,0,0,0,0,0,0,0,0,0
26663,0,0,0,0,0,252,0,0,0,0,0,0
26664,3,810,35,0,0,0,7,0,0,2,0,0
26665,0,0,0,2,0,150,0,0,0,0,2,0
26666,5,15,1,0,0,0,0,0,0,0,0,0
26667,9,84,5,0,0,0,0,0,0,0,0,0
26668,0,0,0,0,2,113,0,0,0,0,0,0
26669,0,0,0,3,1,105,0,0,0,0,1,0
26670,0,0,1,0,0,0,0,0,0,0,0,0
26671,0,0,0,0,0,0,0,0,0,0,0,0
26672,0,0,0,0,0,0,63,0,1,0,0,0
26673,0,0,0,2,3,35,0,0,0,0,0,0
26674,0,0,0,1,0,1,0,0,0,0,0,0
26675,4,60,0,0,0,0,0,0,0,0,0,0
26676,27,112,10,0,0,0,0,0,0,0,0,0
26677,0,0,0,0,3,1116,0,0,0,0,12,0
26678,8,0,0,14,3,145,0,0,0,0,0,0
26679,0,0,0,0,3,68,0,0,0,0,0,0
26680,0,0,0,3,0,90,0,0,0,0,0,0
26681,0,0,0,0,0,588,0,0,0,12,48456,0
26682,0,0,0,0,0,0,0,0,0,1,3,0
26683,0,0,0,0,0,1,0,0,0,0,0,0
26684,0,0,0,0,0,1,0,0,0,66,191,460
26685,0,0,0,0,2,1,0,0,0,0,0,0
26686,0,0,0,0,0,0,0,45,0,0,0,0
26687,0,0,0,0,0,0,0,42,1,0,0,0
26688,0,0,0,0,0,0,0,0,0,7,446,0
26689,0,0,0,2,0,2,0,0,0,0,0,0
26690,0,0,0,0,3,0,164,2193,36,0,0,0
26691,0,0,0,0,1,558,0,0,0,0,7,0
26692,0,0,0,0,0,85,0,0,0,0,0,0
26693,3,508,0,0,0,0,0,0,0,0,0,0
26694,0,0,0,0,0,0,0,0,0,0,0,0
26695,0,0,0,0,0,0,0,3,0,0,0,0
26696,0,0,0,0,0,0,0,0,0,0,0,0
26697,0,0,0,0,0,0,0,0,0,0,3,0
26698,0,0,0,0,0,0,0,0,0,0,2,0
26699,91,59,7,0,0,0,0,0,0,0,0,0
26700,0,0,0,0,0,0,107,293,0,0,0,0
26701,0,0,0,0,2,14,0,0,0,0,0,0
26702,6,307,13,0,0,0,0,2,0,0,0,0
26703,0,2,0,0,0,0,0,0,0,0,0,0
26704,0,0,0,0,0,0,0,0,0,1,5,2
26705,0,0,0,9,31,35,0,0,0,0,0,0
26706,0,0,0,3,2,125,0,0,0,0,0,0
26707,0,0,0,0,0,2,0,0,0,0,0,0
26708,2,80,0,0,0,0,0,0,0,0,0,0
26709,0,503,0,0,0,0,227203,643,0,0,0,0
26710,0,0,0,0,0,0,0,0,0,7,356,1
26711,0,0,0,75,25,146,0,0,0,2,0,0
26712,0,0,0,9,1,1,0,0,0,0,0,0
26713,0,0,0,0,0,0,9,377,123,0,0,0
26714,0,0,0,0,4,110,0,0,0,0,0,0
26715,0,0,0,1,5,5,0,0,0,0,0,0
26716,0,0,0,2,0,2,0,0,0,0,0,0
26717,0,0,0,0,1,65,0,0,0,0,0,0
26718,0,0,0,0,0,0,51,679,76,0,0,0
26719,0,0,0,0,5,87,0,0,0,0,0,0
26720,0,1,0,0,5,0,1909,1044,10,0,0,0
26721,0,0,0,0,0,0,0,0,0,18,161,1
26722,0,0,0,9,2,2,0,0,0,0,0,0
26723,0,0,0,29,7,85,0,0,0,0,0,0
26724,0,0,0,0,0,0,8,261,1,0,0,0
26725,0,0,0,0,0,0,0,0,0,4,8,6
26726,0,0,0,9,4,81,0,0,0,0,0,0
26727,0,0,0,0,1,0,71,2041,2,0,0,0
26728,0,0,0,0,0,0,0,0,0,2,580,31
26729,0,0,0,0,3,794,0,0,0,0,6,0
26730,0,0,0,0,7,0,370,2166,5637,0,1,72
26731,0,0,0,0,0,106,0,0,0,0,0,0
26732,0,0,0,0,4,703,0,0,0,0,2,0
26733,0,0,0,1,1,29,0,0,0,0,0,0
26734,4,45,1,0,0,0,0,1,0,0,0,0
26735,0,0,0,1,0,405,0,0,0,0,19985,0
26736,0,3,3,0,0,0,0,0,0,0,0,0
26737,0,0,0,0,0,0,41,11,23,0,0,0
26738,0,30,0,0,0,0,0,0,0,0,0,0
26739,22,68,225,0,0,0,0,0,0,2,0,0
26740,0,0,0,2,1,3,0,0,0,0,0,0
26741,63,103,6,0,0,0,0,0,0,0,0,0
26742,5,50,1,0,0,0,0,0,0,0,0,0
26743,0,65,148,0,0,0,0,0,0,1,0,0
26744,0,0,0,1,2,288,0,0,0,0,0,0
26745,0,0,0,24,3,18,0,0,0,0,0,0
26746,0,0,0,0,1,0,0,574,30,0,0,0
26747,0,0,0,0,0,0,2,4,3,0,0,0
26748,8,1064,27,0,0,0,7,0,0,0,0,0
26749,0,0,0,0,11,453,0,0,0,0,0,0
26750,0,0,0,0,1,6,0,0,0,565,1507,7
26751,43,36,1,0,0,0,0,0,0,0,0,0
26752,0,0,0,0,0,0,0,0,0,15,178,2
26753,0,0,1,0,0,5,0,0,0,269,1331,3
26754,0,0,0,0,8,0,200,426,2,0,0,0
26755,0,0,0,0,0,0,10,30,2,0,0,0
26756,0,0,0,10,0,152,0,0,0,0,0,0
26757,0,0,0,0,0,0,0,2,1,0,0,0
26758,0,0,0,0,0,0,1,109,2,0,0,0
26759,55,6624,173,0,0,0,26,1,0,32,0,0
26760,102,318,24,1,0,0,0,0,0,0,0,0
26761,0,0,0,0,11,79,0,0,0,0,0,0
26762,0,0,0,21,25,99,0,0,0,0,0,0
26763,0,0,0,0,7,0,4,3417,2,0,0,0
26764,0,0,0,0,0,0,0,0,0,0,2,1
26765,0,0,0,27,12,524,0,0,0,0,2,0
26766,15,254,2267,0,0,0,1,0,0,16,0,1
26767,1,0,0,0,853,1457669,0,303,0,12,2576,0
26768,0,0,0,0,0,10,0,0,0,128,1635,1
26769,0,0,0,0,0,0,255,214,1,0,0,0
26770,0,0,0,0,0,0,0,0,0,0,66,0
26771,240,67,7,1,0,0,6,0,0,0,0,0
26772,137,109,19,0,0,0,0,0,0,0,0,0
26773,0,0,0,0,0,242,0,0,0,0,0,0
26774,0,0,0,0,0,0,65,341,4,0,0,0
26775,0,0,0,0,0,0,57,1327,2,0,0,0
26776,0,0,0,0,0,0,0,0,0,5,885,5
26777,0,0,0,4,18,230,0,0,0,0,0,0
26778,0,0,0,59,7,1,0,0,0,0,0,0
26779,0,0,0,0,1,0,5,706,27,0,0,0
26780,0,0,0,0,18,72,0,0,0,0,0,0
26781,0,0,0,0,0,3,0,0,0,35,721,6
26782,0,0,0,0,0,1,0,0,0,0,0,0
26783,0,0,0,16,0,85,0,0,0,0,0,0
26784,0,0,0,0,1,0,62,156,8,0,0,0
26785,0,0,0,0,0,0,0,0,0,0,0,0
26786,31,6644,2,0,0,0,27,2,0,0,0,0
26787,0,9,0,0,0,0,1724,123,2,0,0,0
26788,0,0,0,0,0,0,13,0,3,0,0,0
26789,0,0,0,0,0,0,0,0,0,86,281,0
26790,0,0,0,3,15,162,0,0,0,0,0,0
26791,0,0,0,0,0,32,0,0,0,0,0,0
26792,0,0,0,0,0,0,69,138,5,0,0,0
26793,25,65,120,0,0,0,0,0,0,0,0,0
26794,0,0,0,0,0,48,0,0,0,0,0,0
26795,0,0,0,0,0,0,8,55,1,0,0,0
26796,0,0,0,0,0,0,0,0,0,0,0,0
26797,0,0,0,0,0,0,0,2,1,0,0,0
26798,0,0,0,0,0,0,0,3,0,0,0,0
26799,0,0,0,0,0,0,0,0,0,33,243,0
26800,0,0,0,0,0,4,0,0,0,0,0,0
26801,0,0,1,0,3,72,1,1617,162,46,10547,47054
26802,59,1476,6,0,0,0,2,0,0,0,0,0
26803,0,0,0,0,0,0,24,176,164,0,0,0
26804,0,0,0,0,0,0,0,0,0,4,282,0
26805,0,0,0,0,0,2,0,0,0,0,0,0
26806,0,1,0,0,0,0,0,0,0,0,0,0
26807,0,0,0,0,0,2,0,0,0,0,261,0
26808,0,0,0,0,0,2,0,0,0,0,0,0
26809,0,0,0,3,0,1,0,0,0,0,0,0
26810,0,0,0,0,0,0,0,0,0,0,292,1
26811,81,156,1,0,0,0,0,0,0,0,0,0
26812,0,0,0,0,8,76,0,0,0,0,0,0
26813,0,0,0,50,11,76,0,0,0,0,0,0
26814,0,0,0,0,1,0,177,817,3,0,0,0
26815,0,0,0,0,0,0,0,0,0,8,170,3
26816,0,0,0,21,20,89,0,0,0,0,0,0
26817,0,0,0,3,3,0,0,0,0,0,0,0
26818,0,0,0,0,0,0,0,0,0,3,4,2
26819,1,0,0,40,29,412,0,0,0,0,1,0
26820,0,0,0,5,3,139,0,0,0,0,0,0
26821,0,0,0,1,43,40,0,0,0,0,0,0
26822,0,0,0,0,0,12,0,0,0,69,5274,22
26823,0,1,22,0,0,0,0,0,0,0,0,0
26824,0,0,0,0,0,0,236,0,1,0,0,0
26825,0,26,0,0,0,0,0,0,0,0,0,0
26826,0,0,0,0,0,0,0,0,0,0,381,0
26827,0,0,0,0,0,0,0,0,0,0,0,0
26828,1,2,0,0,27,1,813,7279,100,0,0,0
26829,0,0,0,0,0,30,0,0,0,0,0,0
26830,0,0,0,5,4,3,0,0,0,0,0,0
26831,0,0,0,17,2,45,0,0,0,0,0,0
26832,0,0,0,0,0,0,8,22,0,0,0,0
26833,0,0,0,0,0,4,0,0,0,0,878,1
26834,0,44,0,0,6,0,351,2478,14,0,0,0
26835,0,0,0,0,0,0,0,0,0,0,14,3
26836,0,0,0,0,0,0,2,4,0,0,0,0
26837,0,0,0,2,0,143,0,0,0,0,5,0
26838,0,0,0,0,0,0,0,0,0,0,0,0
26839,0,0,0,0,0,0,0,0,0,0,8,0
26840,0,1,0,0,11,0,252,1814,7,0,0,0
26841,0,0,0,0,0,0,0,0,0,9,13,0
26842,0,6,0,0,0,0,685,97,0,0,0,0
26843,0,0,0,1,3,102,0,0,0,0,0,0
26844,0,0,0,1,2,0,0,0,0,0,0,0
26845,0,0,0,0,0,0,0,0,0,0,1,0
26846,0,0,0,0,0,3,0,0,0,8,321,1
26847,227,196,14,19,0,0,1,0,0,0,0,0
26848,0,0,0,0,0,121,0,0,0,0,0,0
26849,0,0,0,0,13,0,101,1160,101,0,0,0
26850,0,0,0,0,1,3,0,0,0,0,0,0
26851,0,0,0,0,0,0,1,1,0,0,0,0
26852,0,0,0,0,0,0,0,1,0,0,0,0
26853,0,0,0,0,1,0,0,0,0,0,0,0
26854,0,0,0,0,0,0,0,0,0,1,0,0
26855,60,269,15,0,0,0,6,0,0,0,0,0
26856,0,0,0,0,0,8,0,0,0,0,0,0
26857,0,0,0,6,0,2,0,0,0,0,0,0
26858,0,0,0,0,0,16,0,0,0,31,4742,6
26859,0,0,0,0,0,0,0,0,0,0,0,0
26860,0,2,1,0,0,0,0,0,0,0,0,0
26861,0,0,0,2,1,2575,0,0,0,0,26,0
26862,0,0,0,0,0,0,0,0,0,1,30,0
26863,0,0,0,0,0,0,0,0,0,0,13,0
26864,3371,155,15,51,0,0,0,0,0,0,0,0
26865,0,0,0,0,0,0,3,2,0,0,0,0
26866,0,1,0,0,0,0,0,0,0,0,0,0
26867,4,182,3,0,0,0,1,0,0,0,0,0
26868,1,2,0,0,0,0,0,0,0,0,0,0
26869,0,0,0,0,0,0,0,0,0,0,8,9
26870,0,0,0,9,10,522,0,0,0,0,0,0
26871,3,21,3,0,0,0,0,0,0,0,0,0
26872,0,14,2,0,0,0,0,0,0,0,0,0
26873,0,0,0,0,0,33,0,0,0,24,6199,23
26874,1,32,2,0,0,0,0,0,0,0,0,0
26875,0,0,0,0,0,10,0,0,0,0,0,0
26876,0,0,0,19,0,10519,0,0,0,0,196,0
26877,0,0,0,0,0,0,0,0,0,2,4,4
26878,0,0,0,0,0,0,0,0,0,0,0,0
26879,0,0,0,113,29,377,0,0,0,0,1,0
26880,0,0,0,0,0,0,0,0,0,55,2,0
26881,0,0,0,0,0,0,0,0,0,0,0,0
26882,0,0,0,0,0,28,0,0,1,47,4839,217
26883,0,0,0,0,0,0,0,0,0,0,0,0
26884,2,22,2,0,0,0,0,0,0,0,0,0
26885,0,0,0,0,0,16,0,0,0,3,6476,1
26886,0,0,0,0,0,0,10,22,0,0,0,0
26887,0,0,0,0,1,12,0,0,0,0,0,0
26888,0,0,0,0,0,0,86,130,0,0,0,0
26889,0,0,0,0,0,0,0,0,0,15,149,0
26890,0,0,0,0,0,0,0,0,0,12,35,1
26891,164,547,62,0,0,0,0,0,0,0,0,0
26892,0,0,1,0,0,1,0,0,0,128,366,27
26893,0,0,0,0,1,2,0,0,0,0,0,0
26894,0,0,8,0,0,268,0,0,0,203,6776,76
26895,0,0,2,0,0,118,0,0,0,145,4126,17
26896,68,176,2,0,0,0,1,0,0,0,0,0
26897,0,0,0,19,18,316,0,0,0,0,6,0
26898,0,1,0,0,0,0,58,41,1,0,0,0
26899,0,0,0,0,0,0,102,1,0,0,0,0
26900,0,0,0,0,0,3,0,0,0,4,214,24
26901,15,35,0,0,0,0,0,0,0,0,0,0
26902,0,0,0,0,0,0,0,0,0,58,88,2
26903,0,0,0,27,1,180,0,0,0,0,2,0
26904,3,100,5,0,0,0,0,0,0,0,0,0
26905,0,0,0,1,6,97,0,0,0,0,1,0
26906,0,0,0,3,4,50,0,0,0,0,0,0
26907,0,0,0,0,0,31,0,0,0,59,4145,45
26908,0,0,0,37,2,14,0,0,0,0,0,0
26909,0,2,0,0,0,0,1118,294,177,0,0,0
26910,1,13,1,0,0,0,0,0,0,0,0,0
26911,0,0,0,0,0,0,0,0,0,1,26,1
26912,0,0,0,0,0,9,0,0,0,33,1823,11
26913,0,0,32,0,0,0,0,0,0,1,0,0
26914,0,0,0,0,0,0,17,132,8,0,0,0
26915,1,195,1,0,0,0,0,0,0,0,0,0
26916,0,0,1,0,0,0,0,0,0,5,88,0
26917,0,0,0,0,0,0,0,0,0,0,6,0
26918,0,1,0,1,3,0,262,2956,10,0,0,0
26919,0,0,0,0,0,0,0,0,0,17,1,29
26920,0,0,0,0,0,2,0,0,0,0,0,0
26921,0,0,0,16,20,119,0,0,0,0,0,0
26922,0,0,2,0,0,0,0,0,0,21,904,0
26923,0,0,0,0,0,1,0,0,0,0,0,0
26924,52,259,0,0,0,0,0,0,0,0,0,0
26925,0,0,0,0,0,0,1,0,1,0,0,0
26926,18,16,11,0,0,0,0,0,0,0,0,0
26927,23,3375,8,0,0,0,12,2,0,0,0,0
26928,15,105,1,0,0,0,1,0,0,0,0,0
26929,0,1,0,0,0,0,680,16,1,0,0,0
26930,0,0,0,5,0,108,0,0,0,0,0,0
26931,0,0,0,0,0,0,0,2,4,0,0,0
26932,0,0,0,0,0,0,0,0,0,0,0,0
26933,0,60,0,0,0,0,0,0,0,0,0,0
26934,0,0,0,0,0,0,0,0,0,52,12,2
26935,0,0,0,0,0,33,0,0,0,0,0,0
26936,0,0,0,0,0,19,0,0,0,192,3668,10
26937,0,1,0,0,0,0,151,10,0,0,0,0
26938,0,0,0,2,1,3,0,0,0,0,0,0
26939,20,51,0,0,0,0,1,0,0,0,0,0
26940,2,70,11,0,0,0,0,0,0,0,0,0
26941,0,0,0,0,0,0,0,0,0,0,0,0
26942,0,0,1,0,0,0,0,0,0,127,901,3
26943,0,0,0,0,0,0,0,1,1,0,0,0
26944,0,0,0,0,0,0,1,0,0,0,0,0
26945,48,194,79,0,0,0,1,0,0,0,0,0
26946,0,0,0,0,0,0,1,45,1,0,0,0
26947,0,0,0,0,0,3,0,0,0,0,540,3
26948,0,0,0,7,3,85,0,0,0,0,0,0
26949,0,0,0,0,0,0,5,76,4,0,0,0
26950,0,0,0,1,0,0,0,0,0,0,0,0
26951,0,0,0,0,13,0,124,5385,1563,0,0,4
26952,2,147,7,0,0,0,0,0,0,0,0,0
26953,0,0,0,0,0,37,0,0,0,0,0,0
26954,0,0,0,0,0,0,0,0,0,27,424,0
26955,0,0,0,0,0,1,0,0,0,1,83,3
26956,0,0,0,1,0,0,0,0,0,0,0,0
26957,0,0,0,30,32,292,0,0,0,0,1,0
26958,0,0,0,0,0,0,0,0,0,2,50,0
26959,0,2,0,0,0,0,583,53,2,0,0,0
26960,0,0,0,2,10,366,0,0,0,0,5,0
26961,0,0,0,0,0,0,17,0,1,0,0,0
26962,0,0,0,0,0,0,9,1,0,0,0,0
26963,5,255,19,0,0,0,4,0,0,0,0,0
26964,0,0,0,0,0,12,0,0,0,16,398,2
26965,10,111,0,0,0,0,0,0,0,0,0,0
26966,0,0,0,8,32,406,0,0,0,0,10,0
26967,0,0,0,0,0,0,0,0,0,5,14,0
26968,0,0,0,4,0,1,0,0,0,0,0,0
26969,0,0,0,7,35,31,0,3,0,0,0,0
26970,0,0,0,0,0,0,0,0,0,0,0,0
26971,0,0,0,0,0,0,1,3,0,0,0,0
26972,0,0,0,0,8,4221,0,0,0,0,37,1
26973,0,209,0,0,0,0,1,0,0,0,0,0
26974,0,0,0,1,0,2,0,0,0,0,0,0
26975,5,0,0,220,2,64,0,0,0,0,1,0
26976,0,0,0,0,0,0,2,46,2,0,0,0
26977,0,0,0,0,0,0,0,0,0,0,4,1
26978,3,0,0,70,14,198,0,0,0,0,0,0
26979,0,0,0,0,0,0,0,0,0,0,0,0
26980,0,0,0,0,0,0,0,3,3,0,0,0
26981,3,88,14,0,0,0,0,0,0,0,0,0
26982,0,0,0,0,0,0,0,0,0,2,29,0
26983,0,1,0,0,0,0,0,0,0,0,0,0
26984,0,0,0,0,0,2,0,0,0,15,361,1
26985,0,0,1,0,0,5,0,0,0,129,1407,3
26986,23,184,12,0,0,0,0,0,0,0,0,0
26987,0,0,0,2,4,475,0,0,0,0,1,0
26988,0,0,0,0,0,1,0,0,0,27,242,1
26989,0,0,0,0,0,3,0,0,0,0,0,0
26990,11,198,1,0,0,0,0,0,0,0,0,0
26991,0,0,0,0,0,0,0,1,1,0,0,0
26992,0,0,0,0,0,0,0,2,0,0,0,0
26993,6,87,25,0,0,0,0,0,0,0,0,0
26994,0,0,0,0,0,0,0,0,0,22,294,0
26995,0,0,0,0,1,0,141,410,5,0,0,0
26996,0,0,0,0,0,4,0,0,0,75,796,2
26997,0,0,0,4,1,1,0,0,0,0,0,0
26998,0,0,0,0,0,0,7,28,6,0,0,0
26999,0,0,0,0,0,204,0,0,0,0,1,0
27000,0,0,0,0,0,0,9,157,6,0,0,0
27001,2,16,12,0,0,0,0,0,0,0,0,0
27002,0,0,0,0,0,36,0,0,0,10,3161,14
27003,18,165,46,0,0,0,0,0,0,3,0,0
27004,0,0,0,0,0,12,0,0,0,0,0,0
27005,0,0,0,0,0,514,0,0,0,35,22150,14
27006,0,8,10,0,0,0,0,0,0,0,0,0
27007,15,27,10,1,0,0,0,0,0,0,0,0
27008,0,0,0,0,3,0,278,509,137,0,0,0
27009,0,0,0,0,0,0,76,7,5,0,0,0
27010,1,12,0,0,0,0,0,0,0,0,0,0
27011,0,0,0,0,0,1,0,0,0,18,378,1
27012,0,0,0,0,0,5,0,0,0,33,845,0
27013,0,0,0,0,1,2,0,0,0,0,0,0
27014,0,14,0,0,64,0,261,10334,28,0,0,0
27015,0,0,0,0,0,0,0,0,0,0,2,1
27016,0,0,0,0,0,0,0,0,0,1,9,0
27017,3,0,0,497,4,244,0,0,0,0,1,0
27018,1,1,0,0,0,0,0,0,0,0,0,0
27019,14,66,7,0,0,0,0,0,0,0,0,0
27020,27,48,9,0,0,0,0,0,0,0,0,0
27021,0,0,0,0,0,0,3,1,406,0,0,2
27022,7,10,1,0,0,0,0,0,0,0,0,0
27023,39,358,102,0,0,0,0,0,0,0,0,0
27024,21,116,80,0,0,0,0,0,0,0,0,0
27025,0,0,0,0,0,4,0,0,0,0,0,0
27026,0,0,0,0,0,2,0,0,0,48,202,1
27027,14,10,0,0,0,0,0,0,0,0,0,0
27028,0,0,0,0,0,0,0,0,0,3,15,2
27029,0,0,0,13,6,28,0,0,0,0,0,0
27030,0,0,0,0,0,0,51,6,18,0,0,0
27031,0,0,0,4,0,2,0,0,0,0,0,0
27032,0,0,0,44,4,68,0,0,0,0,0,0
27033,0,0,0,0,0,0,2,14,0,0,0,0
27034,0,0,0,0,0,0,0,0,0,1,1,0
27035,0,0,0,2,5,262,0,0,0,0,1,0
27036,1,4,0,0,0,0,0,0,0,0,0,0
27037,0,0,0,0,0,0,0,0,0,1,1,19
27038,286,182,0,0,0,0,1,0,0,0,0,0
27039,0,0,0,294,13,28,0,0,0,0,0,0
27040,0,0,0,0,0,0,0,0,0,365,4,0
27041,31,38,0,0,0,0,0,0,0,0,0,0
27042,0,0,0,0,0,0,0,0,0,38,1,1
27043,0,0,0,0,0,0,84,76,1,0,0,0
27044,19,14,12,0,0,0,0,0,0,0,0,0
27045,2,5,0,0,0,0,0,0,0,0,0,0
27046,0,0,0,0,0,21,0,0,0,38,1054,4
27047,0,8,0,0,0,0,1062,896,11,0,0,0
27048,0,0,0,0,0,0,0,0,0,0,7,0
27049,0,0,0,0,0,2,0,0,0,0,0,0
27050,0,0,0,0,10,134,0,0,0,0,2,0
27051,0,0,0,0,5,0,0,0,0,0,0,0
27052,0,0,0,0,0,0,0,0,0,0,1,2
27053,0,0,0,16,4,67,0,0,0,0,0,0
27054,0,0,0,2,0,1,0,0,0,0,0,0
27055,4,0,1,0,0,0,0,0,0,0,0,0
27056,0,0,0,2,0,244,0,0,0,0,0,0
27057,0,0,0,1,0,3,0,0,0,0,0,0
27058,0,0,0,0,0,0,0,0,0,0,0,0
27059,0,0,0,0,0,39,0,0,0,1,4781,0
27060,0,0,0,0,0,0,0,0,0,0,0,0
27061,0,452,0,0,0,0,1,0,0,0,0,0
27062,3,125,0,0,0,0,0,0,0,0,0,0
27063,0,0,0,0,0,116,0,0,0,0,0,0
27064,0,0,0,0,1,1,0,0,0,0,0,0
27065,0,1,0,0,0,0,354,26,1,0,0,0
27066,0,0,0,0,0,0,2,0,0,0,0,0
27067,0,0,0,0,0,0,1,6,0,0,0,0
27068,35,167,22,0,0,0,0,0,0,0,0,0
27069,0,0,0,0,0,0,0,3,1,0,0,0
27070,0,0,0,0,0,0,0,0,0,0,3,0
27071,0,0,0,45,50,1134,0,0,0,0,2,0
27072,0,0,0,0,10,0,0,0,0,0,0,0
27073,0,0,0,0,0,0,0,0,0,0,35,0
27074,0,0,0,1,17,1,414,2529,6,0,0,0
27075,0,0,0,0,0,0,0,0,0,3,3,0
27076,7,26,0,0,0,0,0,0,0,0,0,0
27077,0,0,0,0,1,0,111,925,13,0,0,0
27078,0,0,0,0,0,0,0,0,0,7,198,2
27079,0,0,0,0,0,0,39,11,3,0,0,0
27080,0,0,0,3,1,96,0,0,0,0,0,0
27081,0,0,0,0,0,0,18,9,0,0,0,0
27082,0,0,0,2,0,3,0,0,0,0,0,0
27083,6,217,3,0,0,0,0,0,0,0,0,0
27084,0,0,0,0,0,0,96,303,1,0,0,0
27085,0,0,0,0,0,2,0,0,0,0,26,1
27086,85,532,8,0,0,0,5,0,0,0,0,0
27087,0,0,0,0,0,0,25,64,12,0,0,2
27088,0,0,0,0,0,0,14,32,1,0,0,0
27089,0,0,0,11,3,96,0,0,0,0,2,0
27090,0,0,0,0,0,0,21,2,2,0,0,0
27091,0,3,7,0,0,0,0,0,0,0,0,0
27092,0,0,0,0,0,6,0,0,0,124,2040,6
27093,0,0,0,0,1,3,0,0,0,0,0,0
27094,0,0,0,0,0,0,0,0,0,0,8,0
27095,158,68,13,1,0,0,1,0,0,0,0,0
27096,0,0,0,0,0,0,0,5,0,0,0,0
27097,0,0,0,0,0,0,0,9,0,0,0,0
27098,0,0,0,0,13,19,0,0,0,0,0,0
27099,0,0,0,0,0,5,0,0,0,0,0,0
27100,0,0,0,1,1,1,0,0,0,0,0,0
27101,0,0,0,0,2,47,0,0,0,0,0,0
27102,0,0,0,0,0,0,3,47,1,0,0,0
27103,0,0,0,0,0,0,0,0,0,1,39,8
27104,0,0,0,2,25,198,0,0,0,0,1,0
27105,0,0,0,0,0,0,0,1,1,0,0,0
27106,0,0,0,0,0,0,0,0,0,2,5,0
27107,96,442,9,0,0,0,2,0,0,0,0,0
27108,0,0,0,0,0,1,0,0,0,0,0,0
27109,0,1,0,0,0,0,0,0,0,0,0,0
27110,0,0,0,0,0,2,0,0,0,0,859,0
27111,7,0,0,0,0,0,0,0,0,0,0,0
27112,0,160,0,0,0,0,9223,35,53,0,0,0
27113,0,0,0,1,2,176,0,0,0,0,1,0
27114,0,0,0,0,0,0,0,0,0,3,10,0
27115,0,0,0,0,0,0,3,4,1,0,0,0
27116,0,0,0,0,0,1,0,0,0,23,191,3
27117,0,0,0,2,0,17,0,0,0,0,0,0
27118,8,7,1,0,0,0,0,0,0,0,0,0
27119,0,0,0,0,0,0,0,0,0,0,411,0
27120,1,0,11,0,0,0,0,0,0,0,0,0
27121,0,0,0,0,0,0,13,8,0,0,0,0
27122,0,1,0,0,0,0,127,6,0,0,0,0
27123,0,472,3,0,0,0,2,0,0,0,0,0
27124,0,0,0,0,1,42,0,0,0,0,0,0
27125,0,0,0,65,1,168,0,0,0,0,0,0
27126,0,0,0,0,0,0,0,0,0,0,0,0
27127,0,0,0,0,0,0,2,5,0,0,0,0
27128,0,0,0,0,0,12,0,0,0,49,2249,1
27129,1,0,0,0,0,0,0,0,0,0,0,0
27130,0,1,1,0,0,0,0,0,0,0,0,0
27131,0,0,0,0,0,17,0,0,0,1,4017,1
27132,0,0,0,0,0,67,0,0,0,0,0,0
27133,19,2,0,0,0,0,0,0,0,0,0,0
27134,0,0,0,2,0,523,0,0,0,0,26,0
27135,0,1,0,0,0,0,0,0,0,0,0,0
27136,0,31,0,0,0,0,0,0,0,0,0,0
27137,0,155,0,0,0,0,0,0,0,0,0,0
27138,0,0,0,0,1,249,0,0,0,0,1,0
27139,0,0,0,2,0,3,0,0,0,0,0,0
27140,1,94,1,0,0,0,0,0,0,0,0,0
27141,15,19,7,0,0,0,0,0,0,0,0,0
27142,19,89,2,0,0,0,0,0,0,0,0,0
27143,0,0,0,0,0,61,0,0,0,74,8615,0
27144,21,20,5,0,0,0,0,0,0,0,0,0
27145,0,0,0,0,0,2,0,0,0,22,1207,25
27146,102,92,15,0,0,0,0,0,0,0,0,0
27147,0,2,0,0,19,2,193,2753,261,0,0,1
27148,11,81,3,0,0,0,1,0,0,0,0,0
27149,0,0,2,0,0,0,0,0,0,36,153,0
27150,0,0,0,0,0,0,0,0,0,10,42,1
27151,2,44,10,0,0,0,0,0,0,0,0,0
27152,0,0,0,2,5,236,0,0,0,0,17,0
27153,0,0,0,2,23,17,0,0,0,0,0,0
27154,0,0,0,0,0,0,0,0,0,9,29,3
27155,0,0,0,0,0,7,0,0,0,26,626,0
27156,83,847,11,2,0,0,4,0,0,0,0,0
27157,0,4,0,0,1,0,138,244,8,0,0,0
27158,0,0,0,0,5,47,0,0,0,0,1,0
27159,3,34,0,0,0,0,2,0,0,0,0,0
27160,0,0,0,0,0,0,22,21,2,0,0,0
27161,0,0,0,0,0,12,0,0,0,0,182,0
27162,22,37,4,0,0,0,0,0,0,0,0,0
27163,0,0,0,0,14,0,27,640,35,0,0,0
27164,0,0,0,0,19,51,0,2,0,0,0,0
27165,0,0,0,0,0,0,43,91,10,0,0,0
27166,0,17,4,0,0,0,2,0,0,0,0,0
27167,0,0,0,0,0,8,0,0,0,3,833,0
27168,3,14,0,0,0,0,0,0,0,0,0,0
27169,5,21,2,0,0,0,0,0,0,0,0,0
27170,0,0,0,0,0,14,0,0,0,0,0,0
27171,55,72,0,0,0,0,0,0,0,0,0,0
27172,0,0,0,56,0,0,0,0,0,0,0,0
27173,0,0,0,0,0,1,0,0,0,0,0,0
27174,0,0,0,0,0,0,1,7,0,0,0,0
27175,0,0,0,0,0,0,0,0,0,4,7,0
27176,0,0,0,14,10,26,0,0,0,0,0,0
27177,0,0,0,0,0,13,0,0,0,0,0,0
27178,0,0,0,0,0,0,0,0,0,0,0,0
27179,0,0,0,0,0,0,31,3,0,0,0,0
27180,0,0,0,0,0,0,0,0,0,0,0,0
27181,0,0,0,0,0,0,0,0,0,0,0,0
27182,0,0,0,3,40,71,0,0,0,0,0,0
27183,0,0,0,0,0,0,17,62,1,0,0,0
27184,0,0,0,5,0,1,0,0,0,0,0,0
27185,0,3,6,0,0,0,0,0,0,0,0,0
27186,0,0,0,0,0,0,0,0,0,0,6,22
27187,2,1,0,0,0,0,0,0,0,0,0,0
27188,0,0,0,0,0,0,0,22,1,0,0,0
27189,0,0,0,0,0,0,0,0,0,0,0,0
27190,5,1,0,0,0,0,0,0,0,0,0,0
27191,0,19,0,0,0,0,0,0,0,0,0,0
27192,0,0,0,0,0,0,2,10,8,0,0,0
27193,0,0,0,4,4,470,0,0,0,0,12,0
27194,0,0,0,0,0,0,0,43,18,0,0,0
27195,6,7,4,0,0,0,0,0,0,0,0,0
27196,0,0,0,0,0,0,0,0,0,16,196,0
27197,134,42,1,0,0,0,0,0,0,0,0,0
27198,60,188,1,0,0,0,0,10,0,0,0,0
27199,0,0,0,0,0,0,0,0,0,2,252,18
27200,16,15,2,1,0,0,0,0,0,0,0,0
27201,0,0,0,0,0,0,35,151,4,0,0,0
27202,147,41,6,1,0,0,0,0,0,0,0,0
27203,0,0,0,5,2,59,0,0,0,0,0,0
27204,0,0,0,0,17,0,28,583,48,0,0,0
27205,5,0,0,7,4,78,0,0,0,0,0,0
27206,0,0,0,14,9,269,0,0,0,0,5,0
27207,0,0,0,3,14,131,0,5,0,0,1,0
27208,0,0,0,0,0,1,0,0,1,2,574,43
27209,149,271,4,0,0,0,2,0,0,0,0,0
27210,0,0,0,6,30,448,0,0,0,0,0,0
27211,0,0,0,0,0,0,0,0,0,37,83,10
27212,1,0,0,104,34,125,0,0,0,0,0,0
27213,0,0,1,0,0,32,0,0,0,38,4985,12
27214,0,2,0,0,1,0,252,432,7,0,0,0
27215,0,0,0,17,6,20,0,0,0,0,0,0
27216,0,0,0,101,9,28,0,0,0,0,0,0
27217,0,0,0,0,1,0,129,402,9,0,0,0
27218,0,154,7,0,0,0,5,0,0,0,0,0
27219,0,0,2,0,0,0,0,0,0,421,568,20
27220,0,0,0,45,56,709,0,0,0,0,8,0
27221,1,0,0,172,18,35,0,0,0,0,0,0
27222,0,0,0,1,26,298,0,0,0,0,1,0
27223,0,0,0,0,0,0,0,0,4,16,392,185
27224,10,169,23,0,0,0,0,0,0,0,0,0
27225,0,0,0,0,0,0,75,161,14,0,0,0
27226,0,0,0,0,0,0,19,375,13,0,0,0
27227,0,0,0,1,1,39,0,0,0,0,0,0
27228,10,0,0,49,4,101,0,0,0,0,0,0
27229,5,20,0,0,0,0,0,0,0,0,0,0
27230,0,0,41,0,0,3,0,0,0,765,443,5
27231,0,0,0,21,2,446,0,0,0,0,0,0
27232,13,23,1,0,0,0,0,0,0,0,0,0
27233,0,0,0,15,5,107,0,0,0,0,0,0
27234,308,23,1,1,0,0,0,0,0,0,0,0
27235,0,0,0,0,0,0,51,15,2,0,0,0
27236,0,0,0,0,0,2,0,0,0,4,287,1
27237,28,511,10,0,0,0,2,0,0,0,0,0
27238,0,0,0,0,0,0,28,36,0,0,0,0
27239,19,36,43,0,0,0,0,0,0,0,0,0
27240,0,0,0,0,0,0,87,525,7,0,0,0
27241,13,575,1,0,0,0,0,0,0,0,0,0
27242,0,0,0,1,8,441,0,0,0,0,4,0
27243,33,94,14,0,0,0,0,0,0,0,0,0
27244,0,0,0,11,38,127,0,0,0,0,0,0
27245,0,0,0,7,0,45,0,0,0,0,0,0
27246,2,34,65,0,0,0,0,0,0,0,0,0
27247,0,0,1,0,0,9,0,0,0,54,3195,4
27248,0,0,0,3,0,35,0,0,0,0,0,0
27249,4,17,2,0,0,0,0,0,0,0,0,0
27250,18,54,158,0,0,0,2,0,0,0,0,0
27251,0,0,48,51,4,30,0,0,0,0,0,0
27252,0,0,0,5,0,41,0,0,0,0,0,0
27253,66,393,1,0,0,0,0,0,0,0,0,0
27254,0,0,0,4,35,35,0,0,0,0,0,0
27255,0,0,0,5,1,50,0,0,0,0,0,0
27256,5,261,6,0,0,0,0,0,0,0,0,0
27257,0,0,0,26,3,94,0,0,0,0,1,0
27258,0,1,0,0,0,0,75,266,3,0,0,0
27259,11,14,227304,0,0,0,0,0,0,110,7,0
27260,0,4,0,0,0,0,338,106,1,0,0,0
27261,0,0,0,0,10,0,195,2109,17,0,0,0
27262,1,1854,70,0,0,0,10,2,0,0,0,0
27263,0,0,0,0,0,3,0,0,0,41,2395,30
27264,0,0,0,12,45,269,0,0,0,0,0,0
27265,0,0,0,0,3,65,0,0,0,0,0,0
27266,0,0,0,24,3,90,0,0,0,0,0,0
27267,0,0,0,13,1,315,0,0,0,0,1,0
27268,1,16,12,0,0,0,0,0,0,0,0,0
27269,11,19,23,0,0,0,0,0,0,0,0,0
27270,5,32,27,0,0,0,0,0,0,0,0,0
27271,0,6,0,0,2,0,326,1264,22,0,0,0
27272,0,0,0,1,3,94,0,0,0,0,0,0
27273,0,0,0,13,4,200,0,0,0,0,4,0
27274,0,0,0,4,18,60,0,0,0,0,0,0
27275,0,0,0,0,0,0,0,0,0,15,88,3
27276,0,0,0,0,0,1,0,0,1,68,213,216
27277,12,491,13,0,0,0,1,0,0,0,0,0
27278,0,0,0,9,15,121,0,0,0,0,0,0
27279,0,0,0,6,47,119,0,0,0,0,0,0
27280,0,0,0,48,14,178,0,0,0,0,1,0
27281,0,0,0,0,5,0,48,2745,9,0,0,0
27282,0,0,0,0,0,0,35,98,2,0,0,0
27283,15,81,92,0,0,0,0,0,0,0,0,0
27284,2,6,0,0,0,0,0,0,0,0,0,0
27285,0,0,0,16,5,239,0,0,0,0,2,0
27286,0,0,0,0,0,0,0,0,0,31,335,2
27287,0,0,0,0,20,49,0,0,0,0,0,0
27288,0,0,0,7,1,48,0,0,0,0,0,0
27289,0,0,0,0,0,0,206,93,55,0,0,0
27290,8,19,27,0,0,0,0,0,0,0,0,0
27291,0,0,0,0,4,55501,0,0,0,0,732,1
27292,0,0,0,10,2,502,0,0,0,0,1,0
27293,150,50,3,1,0,0,0,0,0,0,0,0
27294,0,0,0,0,0,30,0,0,0,20,5019,17
27295,64,240,24,0,0,0,1,0,0,0,0,0
27296,0,0,0,3,9,278,0,0,0,0,0,0
27297,0,0,0,0,0,444,0,0,0,60,6398,5
27298,164,143,30,0,0,0,0,0,0,0,0,0
27299,0,0,0,4,0,1854,0,0,0,0,10,0
27300,66,79,13,0,0,0,0,1,0,0,0,0
27301,7,46,1,0,0,0,0,0,0,0,0,0
27302,7,117,2,0,0,0,0,0,0,0,0,0
27303,0,0,0,0,0,0,0,0,0,49,157,2
27304,0,0,0,0,0,0,0,0,0,39,111,1
27305,0,0,0,1,58,137,0,0,0,0,0,0
27306,0,0,0,0,0,0,0,0,0,1,45,0
27307,25,149,10,0,0,0,0,0,0,0,0,0
27308,0,0,0,1,0,113,0,0,0,0,0,0
27309,23,14,2,0,0,0,0,0,0,0,0,0
27310,6,224,7,0,0,0,1,0,0,0,0,0
27311,0,0,0,1,4,121,0,0,0,0,0,0
27312,0,0,0,5,0,75,0,0,0,0,0,0
27313,13,23,1,0,0,0,0,0,0,0,0,0
27314,46,27,0,0,0,0,0,0,0,0,0,0
27315,53,13,7,0,0,0,0,0,0,0,0,0
27316,13,45,10,0,0,0,1,0,0,0,0,0
27317,13,109,110,0,0,0,5,0,0,0,0,0
27318,0,0,0,10,24,324,0,0,0,0,1,0
27319,0,0,0,155,11,1115,0,0,0,0,18,0
27320,0,0,0,1,2,62,0,0,0,0,0,0
27321,62,407,4,0,0,0,1,0,0,0,0,0
27322,0,0,0,1,48,659,0,0,0,0,6,0
27323,0,0,0,0,0,0,0,0,0,7,626,17
27324,0,0,0,2,7,88,0,0,0,0,0,0
27325,10,35,0,0,0,0,0,0,0,0,0,0
27326,35,75,36,0,0,0,0,0,0,0,0,0
27327,0,0,0,0,9,0,118,942,100,0,0,1
27328,0,0,0,0,22,138,0,0,0,0,1,0
27329,0,0,0,0,0,0,0,0,0,36,19,1
27330,61,64,19,0,0,0,0,0,0,0,0,0
27331,0,0,0,0,0,0,0,0,0,54,155,3
27332,0,0,0,3,0,177,0,0,0,0,0,0
27333,1,13,2,0,0,0,0,0,0,0,0,0
27334,0,62,6,0,0,0,1,0,0,0,0,0
27335,0,0,0,0,0,0,0,0,0,117,354,3
27336,0,0,0,48,90,79,0,0,0,0,1,0
27337,0,0,0,0,0,0,16,35,0,0,0,0
27338,10601,66,121,51,0,0,0,0,0,0,0,0
27339,0,0,0,0,0,0,18,68,1,0,0,0
27340,29,193,14,0,0,0,1,0,0,0,0,0
27341,9,76,41,0,0,0,0,0,0,0,0,0
27342,0,0,0,12,1,268,0,0,0,0,1,0
27343,5,84,3,0,0,0,1,0,0,0,0,0
27344,16,27,8,0,0,0,0,0,0,0,0,0
27345,21180,112,24,116,0,0,0,0,0,0,0,0
27346,0,0,0,15,2,1665,0,0,0,0,1,0
27347,56,225,1,0,0,0,0,0,0,0,0,0
27348,0,0,0,17,15,208,0,0,0,0,0,0
27349,35,0,0,54,12,90,0,0,0,0,0,0
27350,0,0,1,0,0,1,0,0,0,87,193,0
27351,0,0,0,12,15,415,0,0,0,0,0,0
27352,0,0,0,0,0,0,0,0,0,0,47,8
27353,360,53,11,0,0,0,0,0,0,0,0,0
27354,12,385,38,0,0,0,0,0,0,0,0,0
27355,1,0,0,61,192,106,0,0,0,0,0,0
27356,0,0,0,1,1,36,0,0,0,0,0,0
27357,1,66,0,0,0,0,0,0,0,0,0,0
27358,0,0,0,0,0,0,29,691,42,0,0,0
27359,195,180,23,2,0,0,0,0,0,0,0,0
27360,0,0,0,4,19,538,0,0,0,0,1,0
27361,0,0,0,0,9,0,23,514,3,0,0,0
27362,12,27,39,0,0,0,0,0,0,0,0,0
27363,10,77,43,0,0,0,0,0,0,0,0,0
27364,0,0,0,0,0,0,26,527,284,0,0,2
27365,82,33,43,0,0,0,0,0,0,0,0,0
27366,0,0,0,0,4,0,118,605,908,0,0,21
27367,0,0,0,0,0,0,0,0,0,4,88,5
27368,109,1030,15,0,0,0,6,0,0,2,0,0
27369,1,59,4,0,0,0,0,0,0,0,0,0
27370,0,0,0,0,0,5,0,0,0,13,728,0
27371,0,0,0,0,0,57,0,0,0,34,3586,12
27372,162,49,13,1,0,0,0,0,0,0,0,0
27373,90,82,1693,0,0,0,0,0,0,101,0,0
27374,0,0,0,9,7,145,0,0,0,0,0,0
27375,0,0,0,0,0,0,115,139,3,0,0,0
27376,0,0,0,0,16,0,35,1211,7,0,0,0
27377,135,82,43,0,0,0,1,0,0,0,0,0
27378,0,0,0,0,4,0,117,519,40,0,0,0
27379,22,159,15,0,0,0,0,0,0,0,0,0
27380,0,0,0,50,7,92,0,0,0,0,0,0
27381,0,0,0,26,27,1343,0,0,0,0,14,0
27382,0,2,52,0,15,0,264,2061,3968,0,2,24
27383,3740,1296,14,26,2,0,12,3,0,0,0,0
27384,0,0,0,10,14,14045,0,0,0,0,218,0
27385,3,0,0,16,5,15,0,0,0,0,0,0
27386,35,124,12,4,0,0,3,0,0,0,0,0
27387,17,65,7,0,0,0,1,0,0,0,0,0
27388,219,520,37,8,0,0,39,1,0,0,0,0
27389,0,0,0,0,0,162,0,0,1,117,14824,473
27390,0,0,0,0,39,0,670,4848,1000,0,1,2
27391,133,316,87,0,0,0,0,0,0,0,0,0
27392,7,117,21,0,0,0,0,0,0,0,0,0
27393,0,0,0,0,0,27,0,0,0,20,8213,2
27394,11,47,7,0,0,0,1,0,0,0,0,0
27395,0,0,0,30,4,43,0,0,0,0,0,0
27396,0,0,0,0,0,0,20,173,26,0,0,0
27397,32,812,160,0,0,0,3,0,0,4,0,0
27398,55,522,181,0,0,0,1,1,0,0,0,0
27399,22,248,26,0,0,0,1,0,0,1,0,0
27400,171,342,19,1,0,0,2,0,0,0,0,0
27401,0,0,0,4,47,566,0,0,0,0,0,0
27402,0,0,0,7,97,339,0,0,0,0,1,0
27403,147,433,80,0,0,0,0,0,0,0,0,0
27404,0,0,0,143,18,550,0,0,0,0,14,0
27405,0,0,0,24,53,145,0,0,0,0,0,0
27406,0,0,1,0,0,11,0,0,0,290,1231,103
27407,0,0,0,16,52,1808,0,0,0,0,5,0
27408,0,0,0,137,19,173,0,0,0,0,0,0
27409,1,0,0,34,23,2083,0,0,0,0,0,0
27410,0,0,0,21,41,70,0,0,0,0,0,0
27411,0,0,0,0,0,0,0,0,0,41,98,1
27412,0,0,0,8,24,40,0,0,0,0,0,0
27413,0,0,0,43,15,133,0,0,0,0,0,0
27414,0,0,0,0,0,0,150,52,2,0,0,0
27415,0,9,0,0,0,0,1384,171,2,0,0,0
27416,0,0,0,0,0,3,0,0,0,19,1455,2
27417,12,68,14,0,0,0,0,0,0,0,0,0
27418,0,0,0,0,0,7,0,0,0,268,450,4
27419,0,0,0,21,97,251,0,0,0,0,0,0
27420,0,4,0,0,0,0,932,43,9,0,0,0
27421,42,868,351,0,0,0,0,0,0,0,0,0
27422,0,0,0,11,1,313,0,0,0,0,0,0
27423,56,90,6,0,0,0,0,0,0,0,0,0
27424,71,181,16,0,0,0,1,0,0,0,0,0
27425,0,0,0,0,0,10,0,0,0,171,2358,21
27426,18,409,12,0,0,0,1,0,0,0,0,0
27427,0,0,0,0,0,0,0,0,0,69,451,17
27428,0,0,0,32,36,175,0,0,0,0,0,0
27429,0,0,0,0,0,0,0,0,0,17,348,1
27430,0,9,0,0,9,0,2301,97,0,0,0,0
27431,0,0,0,0,0,1,0,0,0,19,373,4
27432,0,0,0,45,3,448,0,0,0,0,6,0
27433,3,22,13,0,0,0,0,0,0,0,0,0
27434,0,0,0,0,0,32,0,0,0,170,8121,33
27435,0,0,0,4,32,88,0,0,0,0,0,0
27436,0,0,0,33,5,48,0,0,0,0,0,0
27437,0,0,0,0,0,0,32,106,8,0,0,0
27438,0,0,0,16,1,310,0,0,0,0,4,0
27439,0,0,0,0,0,0,34,133,1,0,0,0
27440,23,717,67,0,0,0,1,0,0,0,0,0
27441,0,0,0,0,1,0,175,365,17,0,0,0
27442,0,0,0,0,0,3,0,0,0,34,1601,7
27443,0,0,0,4,40,166,0,0,0,0,0,0
27444,0,0,0,0,2,443,0,0,0,0,0,0
27445,0,0,0,4,0,25,0,0,0,0,0,0
27446,15,88,0,0,0,0,0,0,0,0,0,0
27447,0,0,0,0,6,702,0,0,0,0,2,0
27448,0,0,0,0,0,0,0,0,0,7,23,0
27449,22,18,1,0,0,0,0,0,0,0,0,0
27450,0,0,0,0,0,2,0,0,0,69,174,2
27451,0,0,0,168,5,199,0,0,0,0,1,0
27452,44,100,5,0,0,0,0,0,0,0,0,0
27453,0,0,0,0,0,1,0,0,0,8,174,2
27454,0,0,0,0,0,0,0,0,0,20,118,1
27455,58,686,0,0,0,0,1,0,0,0,0,0
27456,14,443,144,0,0,0,1,0,0,0,0,0
27457,0,0,0,0,0,0,25,50,0,0,0,0
27458,23,29,9,0,0,0,0,0,0,0,0,0
27459,0,0,0,0,23,0,297,1657,5,0,0,0
27460,0,0,0,11,14,61,0,0,0,0,0,0
27461,0,0,0,0,6,0,110,1758,16,0,0,0
27462,0,0,0,7,1,4608,0,0,0,0,27,0
27463,0,1,0,0,32,0,265,5290,229,0,0,3
27464,0,0,0,3,14,82,0,0,0,0,0,0
27465,0,0,0,203,7,61,0,0,0,0,1,0
27466,26,91,3,0,0,0,0,0,0,0,0,0
27467,0,0,0,0,3,0,339,898,338,0,0,1
27468,33,500,68,0,0,0,0,0,0,0,0,0
27469,0,0,0,0,0,0,309,56,10,0,0,0
27470,0,0,0,0,1,0,145,48,3,0,0,0
27471,2,0,0,94,2,124,0,0,0,0,0,0
27472,40,132,9,0,0,0,1,0,0,0,0,0
27473,0,0,0,0,0,0,0,0,0,109,146,20
27474,72,221,9,0,0,0,1,0,0,0,0,0
27475,15,56,32,0,0,0,0,0,0,0,0,0
27476,0,0,0,0,0,64,0,0,2,20,6134,122
27477,99,99,8,0,0,0,1,0,0,0,0,0
27478,0,0,0,0,7,0,138,1427,22,0,0,0
27479,0,0,0,101,6,124,0,0,0,0,0,0
27480,3,45,29,1,0,0,0,0,0,0,0,0
27481,0,0,0,0,0,4,0,0,0,44,320,5
27482,0,0,0,80,94,54,0,2,0,0,0,0
27483,0,0,0,63,55,674,0,14,0,0,3,0
27484,0,0,0,6,4,2836,0,0,0,0,7,0
27485,0,0,0,6,9,34,0,0,0,0,0,0
27486,4,170,11,0,0,0,17,0,0,0,0,0
27487,10,115,108,0,0,0,0,0,0,0,0,0
27488,22,248,15,0,0,0,7,0,0,0,0,0
27489,365,1111,581,0,0,0,16,0,0,0,0,0
27490,0,1,0,0,0,0,165,183,122,0,0,0
27491,20,30,28,0,0,0,0,0,0,0,0,0
27492,7,198,12,0,0,0,0,0,0,0,0,0
27493,0,0,0,0,0,15,0,0,0,30,4868,4
27494,0,0,0,0,0,6,0,0,0,197,4038,69
27495,0,0,0,21,57,376,0,0,0,0,1,0
27496,0,0,0,72,4,60,0,0,0,0,0,0
27497,0,0,0,0,0,0,80,239,5,0,0,0
27498,0,0,16,0,0,0,0,0,0,301,1390,4
27499,0,0,0,29,55,522,0,0,0,0,1,0
27500,0,0,7,0,0,1,0,0,0,68,691,8
27501,0,0,0,71,33,690,0,0,0,1,3,0
27502,0,0,0,39,67,144,0,0,0,0,1,0
27503,0,0,0,0,0,4,0,0,0,137,1830,70
27504,0,0,0,219,13,402,0,0,0,0,12,0
27505,0,0,0,0,4,0,285,2295,927,0,2,10
27506,0,0,0,0,19,0,547,4183,528,0,0,7
27507,54,226,100457,1,0,0,1,0,0,1542,68,1
27508,78,89,35,2,0,0,12,0,0,0,0,0
27509,0,0,1,0,0,10,0,0,0,132,4274,48
27510,212,165,122,0,0,0,0,0,0,40,0,0
27511,0,0,0,44,18,589,0,0,0,0,5,0
27512,64,62,10,0,0,0,0,0,0,0,0,0
27513,0,0,0,0,0,119,0,0,0,111,10070,31
27514,0,3,0,0,37,0,131,1101,55,0,0,0
27515,77,69,55,0,0,0,4,0,0,1,0,0
27516,0,333,0,0,42,0,9098,2680,9,0,0,0
27517,2,35,0,0,3,0,711,246,0,0,0,0
27518,0,43,0,0,3,0,1092,124,15,0,0,0
27519,0,0,0,0,0,33,0,0,0,35,777,18
27520,316,73,22,12,0,0,1,0,0,1,0,0
27521,95,146,76,0,0,0,6,0,0,3,0,0
27522,0,0,0,33,116,211,0,4,0,0,3,0
27523,11,0,0,113,128,130,0,5,0,0,3,0
27524,3,0,0,0,0,16,0,0,0,80,621,29
27525,122,271,37,5,0,0,9,0,0,0,0,0
27526,0,0,0,0,1,128,0,0,0,73,7196,26
27527,1,0,4,5,0,3140,0,0,2,111,41023,64
27528,153,61,33,1,0,0,1,0,0,0,0,0
27529,0,0,0,114,35,988,0,1,0,0,11,0
27530,0,2,0,47,36,25,0,0,0,0,0,0
27531,6,0,0,63,44,143,0,0,0,0,1,0
27532,0,0,2,0,2,13,0,0,0,800,2861,38
27533,143,238,35,0,0,0,0,0,0,2,0,0
27534,0,0,0,22,33,1163,0,0,0,0,8,0
27535,0,0,0,0,0,9,0,0,3,96,896,170
27536,0,0,1,0,0,11,2,0,0,130,1696,16
27537,0,0,0,16,133,215,0,1,0,0,7,0
27538,0,0,0,0,0,20,0,0,0,224,1740,11
27539,0,0,1,27,6,5307,0,0,0,0,260,0
27540,61,115,10,0,0,0,0,0,0,0,1,0
27541,0,2,0,0,6,0,164,1613,20,0,0,0
27542,1,0,7,0,0,2,0,0,0,139,694,29
27543,0,0,0,17,59,117,1,0,0,0,3,1
27544,0,0,0,0,1,0,55,182,297,0,0,4
27545,45,258,48,1,0,0,1,0,0,0,0,0
27546,0,0,0,4,7,515,0,0,0,0,1,0
27547,18,95,237,0,0,0,0,0,0,0,0,0
27548,273,39,14,0,0,0,1,0,0,0,0,0
27549,0,0,1,1,0,48,0,0,3,342,3882,27
27550,186,498,14,4,0,0,26,0,0,0,0,0
27551,1012,78,18,208,0,0,0,0,0,0,0,0
27552,109,1132,555,1,0,0,73,0,0,0,1,0
27553,455,0,0,950,49,217,0,0,0,0,1,0
27554,0,0,0,26,293,104,0,9,0,0,17,0
27555,19,0,0,291,40,397,0,0,0,0,5,0
27556,1,8,1,2,20,0,481,2737,66,0,0,0
27557,0,0,0,0,0,0,0,0,1,36,302,3
27558,53,49,18,2,0,0,0,0,0,0,0,0
27559,0,0,6,1,0,7,0,0,1,104,579,35
27560,1,0,0,66,24,111,0,5,0,0,0,16
27561,0,0,16,0,20,0,182,2709,216,0,0,0
27562,21,72,59,2,0,0,0,0,0,0,0,0
27563,0,0,1,0,0,7,0,0,0,56,179,5
27564,0,0,1,10,131,31,0,45,0,0,0,0
27565,1,0,0,43,3,33,0,0,0,0,0,0
27566,0,0,0,0,110,0,46,5409,9,0,0,2
27567,0,0,0,0,0,2,0,0,0,20,190,1
27568,1,0,0,18,27,156,0,0,0,0,61,0
27569,6,0,0,125,5,97,0,0,0,0,0,0
27570,0,0,0,9,107,43,0,60,0,0,2,0
27571,63,31,13,1,0,0,0,0,0,0,0,0
27572,0,2,0,0,9,0,231,309,41,1,0,3
27573,0,0,2,0,0,19,0,0,0,32,837,0
27574,35,22,3,0,0,0,0,0,0,0,0,0
27575,0,0,1,0,0,35,0,0,0,243,2697,29
27576,0,0,0,20,45,1251,0,0,0,0,21,0
27577,0,0,1,1,0,145,0,0,0,90,12231,151
27578,302,599,6,2,0,0,1,0,0,0,0,0
27579,285,393,443,0,0,0,1,0,0,2,0,0
27580,0,0,0,46,76,656,0,0,0,0,3,0
27581,0,0,0,12,19,54,0,0,0,0,0,0
27582,3,0,0,64,9,61,0,0,0,0,1,0
27583,0,0,0,0,9,0,79,1304,6,0,0,0
27584,0,0,1,0,0,9,0,0,0,124,292,4
27585,0,0,0,59,126,91,0,3,0,0,0,0
27586,0,0,0,13,13,51,0,0,0,0,0,0
27587,0,0,0,24,10,26,0,0,0,0,1,0
27588,4,0,0,196,10,98,0,0,0,0,0,0
27589,0,1,0,0,8,0,249,549,8,0,0,0
27590,0,0,1,0,0,20,0,0,0,43,1079,9
27591,0,0,0,7,20,299,0,0,0,9,2,0
27592,0,0,0,33,15,81,0,0,0,0,0,0
27593,0,3,0,0,2,0,195,234,11,0,0,0
27594,0,0,0,16,17,154,0,0,0,0,3,0
27595,0,0,0,0,0,3,0,0,0,10,463,1
27596,0,0,0,0,0,2,0,0,0,217,464,41
27597,1,0,0,269,60,431,0,0,0,0,3,0
27598,0,0,0,0,9,0,162,876,115,6,0,0
27599,13,376,19,0,0,0,3,0,0,0,0,0
27600,0,0,2,0,0,47,0,0,0,366,4601,9
27601,0,1,0,0,10,0,330,1038,2,0,0,0
27602,0,1,0,0,0,0,166,192,3,0,0,0
27603,0,0,0,0,0,15,0,0,0,18,2866,0
27604,0,1493,1,0,2,0,33298,926,16,0,0,0
27605,0,0,0,10,2,127,0,0,0,0,3,0
27606,262,161,19,3,0,0,0,0,0,0,0,0
27607,75,83,57,13,0,0,0,0,0,0,0,0
27608,74,56,31,0,0,0,0,0,0,0,0,0
27609,31,68,235,0,0,0,0,0,0,5,0,0
27610,0,0,0,1,0,29,0,0,0,24,11771,17
27611,37,27,6,0,0,0,0,0,0,2,0,0
27612,0,0,0,0,0,21,0,0,0,22,1193,12
27613,0,2,0,0,0,0,371,375,19,0,0,0
27614,0,0,0,8,44,91,0,0,0,0,0,0
27615,0,0,0,0,0,20,0,0,1,22,1399,13
27616,2,0,0,11,62,686,0,0,0,0,402,0
27617,352,447,19,4,0,1,0,0,0,0,0,0
27618,0,0,0,42,84,685,0,1,0,0,7,0
27619,0,0,0,0,0,3,0,0,0,17,1165,22
27620,164,89,8,0,0,0,0,0,0,0,0,0
27621,0,7,0,0,76,0,787,1523,255,0,0,2
27622,5,0,0,53,18,100,0,0,0,0,1,0
27623,5,0,0,613,36,685,0,0,0,0,9,0
27624,415,89,34,6,0,0,0,0,0,2,0,0
27625,0,0,0,1,0,20,0,0,0,71,3302,31
27626,0,2,0,0,1,0,363,527,250,0,0,0
27627,11,0,0,64,14,306,0,0,0,0,2,0
27628,0,0,0,0,36,0,111,2463,10,0,0,0
27629,0,2,89,0,0,9,0,0,6,5369,549,46
27630,0,0,7,0,0,21,0,0,0,502,3639,37
27631,62,190,18,1,0,0,2,0,0,0,0,0
27632,0,19,0,0,30,0,732,3862,1310,0,0,2
27633,64,331,25,4,0,0,1,0,0,0,0,0
27634,0,0,0,6,48,688,0,0,0,0,4,0
27635,0,0,0,0,0,17,0,0,0,18,2449,26
27636,86,210,8,0,0,0,0,0,0,0,0,0
27637,0,0,0,0,8,0,458,1014,58,0,0,0
27638,0,0,0,9,0,1450232,0,0,0,79,28576,26
27639,0,0,0,14,24,211,0,0,0,0,2,0
27640,0,1,0,45,105,163,0,0,0,0,0,0
27641,0,0,0,0,0,25,0,0,0,26,5038,32
27642,39,93,4,0,0,0,0,0,0,0,0,0
27643,0,0,0,0,0,17,0,0,0,133,4492,7
27644,0,0,1,0,0,10,0,0,0,241,3105,80
27645,0,0,0,43,3,1887,0,0,0,0,30,0
27646,258,38,46,2,0,0,0,0,0,1,0,0
27647,48,141,26,1,0,0,2,0,0,1,0,0
27648,5,125,52,0,0,0,0,0,0,0,0,0
27649,0,0,0,0,1,58,0,0,0,67,4915,61
27650,0,0,0,120,12,63,0,0,0,0,1,0
27651,0,0,0,0,3,0,289,982,209,0,0,1
27652,0,0,0,26,42,100,0,0,0,0,3,0
27653,0,0,0,30,116,65,0,0,0,0,0,0
27654,0,0,0,0,1,44,0,0,0,21,5572,20
27655,48,606,32,0,0,0,5,0,0,0,0,0
27656,1,0,0,120,66,1381,0,0,0,0,10,0
27657,0,0,0,0,0,8,0,0,0,11,1862,8
27658,0,0,0,0,0,0,0,0,0,0,0,0
27659,0,0,0,0,47,1,71,2880,205,0,1,1
27660,0,0,0,0,0,0,0,0,0,0,0,0
27661,0,0,0,0,0,46,0,0,0,24,2488,16
27662,93,165,19,2,0,0,1,0,0,0,0,0
27663,25,380,23,0,0,0,6,0,0,0,0,0
27664,0,1,0,0,1,1,56,420,6,0,0,0
27665,8,47,10,0,0,0,0,0,0,0,0,0
27666,0,2,0,0,4,0,277,519,11,0,0,0
27667,0,6,0,0,0,0,155,341,9,0,0,0
27668,48,992,18,0,0,0,326,0,0,0,0,0
27669,9,217,81,0,0,0,3,0,0,0,0,0
27670,0,3,0,0,62,0,1283,2768,74,0,0,0
27671,0,0,0,9,10,148,0,0,0,0,1,0
27672,0,0,0,148,972,373,0,77,0,0,8,0
27673,1,0,7,0,0,32,0,0,1,1813,1712,72
27674,2129,285,42,25,0,0,2,0,0,0,0,0
27675,965,87,714,22,0,0,0,0,0,1,3,0
27676,0,2,0,0,11,0,213,1915,450,0,0,6
27677,21,63,30,0,0,0,0,0,0,0,0,0
27678,1,97,17,0,0,0,1,0,0,0,0,0
27679,0,0,9,0,0,6,0,0,0,234,1352,5
27680,1,0,0,133,22,381,0,0,0,0,5,0
27681,0,0,0,1,23,105,0,0,0,0,0,0
27682,0,0,0,19,94,520,0,1,0,0,2,0
27683,12,399,13,0,0,0,10,0,0,0,0,0
27684,0,0,0,0,0,18,0,0,0,98,2237,18
27685,0,0,0,40,448,407,0,6,0,0,0,0
27686,0,0,2,0,0,0,0,0,0,113,1295,37
27687,0,0,0,16,76,1054,0,6,0,0,14,0
27688,0,0,1,0,0,53,0,0,0,45,3652,5
27689,0,0,4,0,0,25,0,0,0,234,4488,16
27690,182,85,25,0,0,0,3,0,0,0,0,0
27691,83,104,42,0,0,0,0,0,0,0,0,0
27692,0,0,0,20,22,171,0,0,0,0,0,0
27693,0,0,0,12,29,182,0,0,0,0,0,0
27694,1,0,0,63,31,206,0,0,0,0,0,0
27695,0,0,0,15,126,70,0,0,0,0,0,0
27696,0,0,0,23,291,51,0,3,0,0,0,0
27697,0,0,0,0,0,10,0,0,0,50,585,18
27698,0,0,0,14,18,283,0,0,0,0,0,0
27699,0,0,0,4,1,116,0,0,0,0,0,0
27700,70,149,13,1,0,0,0,0,0,1,0,0
27701,0,0,0,15,32,123,0,0,0,0,1,0
27702,0,0,0,14,16,110,0,0,0,0,0,0
27703,0,1,0,0,9,0,279,1378,68,0,0,10
27704,0,0,0,8,10,169,0,0,0,0,1,0
27705,0,0,0,50,8,196,0,0,0,0,5,0
27706,0,0,0,0,10,0,127,1525,2,0,0,0
27707,0,0,0,0,0,36,0,0,0,98,4306,15
27708,0,9,0,0,0,0,981,251,16,0,0,0
27709,0,0,0,0,3,0,322,573,0,0,0,0
27710,0,0,0,0,0,3,0,0,0,13,112,0
27711,387,58,19,22,0,0,2,0,0,0,0,0
27712,49,77,20,0,0,0,2,0,0,0,0,0
27713,0,0,0,3,2,235,0,0,0,0,20,0
27714,19,81,1,0,0,0,2,0,0,0,0,0
27715,0,0,0,0,0,0,38,166,7,0,0,0
27716,0,0,0,6,0,31,0,0,0,0,0,0
27717,0,7,0,0,1,0,88,150,1,0,0,0
27718,0,0,0,65,3,51,0,0,0,0,1,0
27719,0,0,0,15,36,37,0,1,0,0,0,0
27720,0,0,0,3,10,83,0,0,0,0,3,0
27721,23,757,13,0,0,0,25,1,0,0,0,0
27722,0,0,0,9,16,2050,0,0,0,0,18,0
27723,45,40,11,0,0,0,0,0,0,0,0,0
27724,16,43,6,1,0,0,0,0,0,0,0,0
27725,0,0,0,0,0,4,0,0,0,27,419,5
27726,5,63,4,0,0,0,0,0,0,0,0,0
27727,0,0,8,0,0,2,0,0,0,378,128,3
27728,0,0,0,7,19,69,0,0,0,0,1,0
27729,0,0,0,4,8,34,0,0,0,0,0,0
27730,0,0,0,29,4,75,0,0,0,0,0,0
27731,0,0,0,0,3,0,146,157,3,0,0,0
27732,0,0,4,0,0,36,0,0,0,160,862,1
27733,3,0,0,67,13,94,0,0,0,0,0,0
27734,0,0,0,25,63,107,0,1,0,0,0,0
27735,0,0,0,0,0,9,0,0,0,303,791,31
27736,87,73,6,2,0,0,1,0,0,0,0,0
27737,0,0,0,0,0,20,0,0,0,23,3170,14
27738,93,26,5,0,0,0,0,0,0,0,0,0
27739,0,0,0,0,0,926,0,0,1,94,30216,27
27740,0,0,0,38,57,118,0,1,0,0,0,0
27741,0,0,0,2,0,23,0,0,0,139,4967,27
27742,163,70,47,3,0,0,0,0,0,0,0,0
27743,357,32,18,2,0,0,0,0,0,0,0,0
27744,40,69,13,0,0,0,0,0,0,0,0,0
27745,362,6391,37,0,0,0,75,1,0,0,0,0
27746,0,1,0,0,0,0,90,563,35,0,0,0
27747,33,29,421,0,0,0,0,0,0,28,0,0
27748,9,36,4,0,0,0,0,0,0,0,0,0
27749,41,83,165,0,0,0,1,0,0,7,0,0
27750,0,1,0,0,14,0,82,1070,13,0,0,0
27751,20,498,26,0,0,0,5,0,0,0,0,0
27752,0,0,0,13,11,29206,0,0,0,4,1451877,27
27753,64,1146,32,0,0,0,5,0,0,1,0,0
27754,0,0,0,0,24,0,120,2659,303,0,0,1
27755,497,159,89,2,0,0,1,0,0,1,0,0
27756,26,234,28,0,0,0,2,0,0,0,0,0
27757,0,0,0,7,17,107,0,0,0,0,0,0
27758,0,4,0,0,2,0,768,874,60,0,0,0
27759,60,142,24,0,0,0,0,0,0,0,0,0
27760,0,0,0,0,0,0,0,0,0,0,0,0
27761,0,0,0,0,0,0,0,0,0,0,0,0
27762,0,1,0,1,5,0,163,1763,166,0,1,1
27763,20,48,38,0,0,0,0,0,0,0,0,0
27764,0,30,3,0,0,0,0,0,0,0,0,0
27765,0,0,1,0,0,5,0,0,0,116,1174,2
27766,0,0,0,1,8,74,0,0,0,0,0,0
27767,0,0,0,2,148,33,0,0,0,0,0,0
27768,0,0,0,14,52,22,0,1,0,0,0,0
27769,0,0,6,0,0,33,0,0,0,48,5931,20
27770,195,301,14,0,0,0,0,0,0,0,0,0
27771,0,0,0,2,7,88,0,0,0,0,3,0
27772,0,0,0,1,1,39,0,0,0,0,1,0
27773,6,24,3,0,0,0,0,0,0,1,0,0
27774,9,46,15,0,0,0,0,0,0,2,0,0
27775,0,0,0,28,26,55,0,0,0,0,0,0
27776,1,0,0,19,18,235,0,0,0,0,1,0
27777,0,0,0,0,3,0,33,101,8,0,0,0
27778,4,129,79,0,0,0,2,0,0,1,0,0
27779,0,0,0,0,0,0,0,0,0,17,278,0
27780,0,0,0,3,4,25,0,0,0,0,0,0
27781,0,0,0,2,1,191,0,0,0,0,4,0
27782,0,0,0,0,0,1,0,0,0,5,138,7
27783,2,0,0,7,4,95,0,0,0,0,0,0
27784,0,0,0,0,0,0,0,0,0,0,0,0
27785,2,0,0,7,9,235,0,0,0,0,0,0
27786,0,0,0,2,11,33,0,2,0,0,0,0
27787,0,0,0,1,0,63,0,0,0,0,3,0
27788,0,1,0,0,8,0,62,512,2,0,0,0
27789,0,0,0,1,11,12,0,3,0,0,0,0
27790,0,8,0,0,1,0,160,606,4,0,0,0
27791,0,0,0,0,0,6,0,0,0,4,365,2
27792,0,0,0,9,19,380,0,1,0,0,19,0
27793,0,0,0,2,0,69,0,0,0,0,1,0
27794,0,0,0,15,4,336,0,0,0,0,23,0
27795,0,0,0,13,2,93,0,0,0,0,3,0
27796,0,0,0,1,5,503,0,0,0,0,15,0
27797,38,487,42,8,0,0,13,0,0,2,0,0
27798,0,1,0,0,104,0,134,2623,11,0,0,0
27799,0,0,0,0,0,1,0,0,0,21,158,2
27800,0,0,208,0,0,2,0,0,2,4404,578,494
27801,0,0,0,7,44,135,0,0,0,0,2,0
27802,0,0,0,4,46,248,0,3,0,0,18,0
27803,0,0,0,2,24,28,0,0,0,0,0,0
27804,0,0,0,0,0,60,0,0,0,53,2280,10
27805,3,0,0,21,1,47,0,0,0,0,1,0
27806,0,4,0,0,3,0,80,445,0,0,0,0
27807,0,0,0,0,0,259,0,0,0,17,228274,56
27808,0,0,0,118,1,65,0,0,0,0,0,0
27809,435,57,6,1,0,0,2,0,0,0,0,0
27810,0,0,0,12,35,1120,0,0,0,0,10,0
27811,0,0,0,2,63,95,0,1,0,0,0,0
27812,0,0,8,0,0,2,0,0,0,36,338,0
27813,0,0,0,0,0,2,0,0,0,55,343,1
27814,0,0,0,0,4,22,0,0,0,0,0,0
27815,0,0,0,161,3,143,0,0,0,0,1,0
27816,0,0,0,0,0,0,470,220,1,0,0,0
27817,0,0,0,0,100,31,0,0,0,0,0,0
27818,0,0,0,1,7,92,0,0,0,0,0,0
27819,0,0,0,1,13,30,0,0,0,0,0,0
27820,0,0,0,0,1,32,0,0,0,0,0,0
27821,34,139,8,0,0,0,46,0,0,0,0,0
27822,8,114,20,0,0,0,0,0,0,0,0,0
27823,0,0,0,5,3,97,0,0,0,0,1,0
27824,1,0,0,25,5,65,0,0,0,0,0,0
27825,44,162,121,0,0,0,3,0,0,0,0,0
27826,0,0,0,39,3,99,0,0,0,0,1,0
27827,0,0,0,0,1,0,69,795,10,0,0,0
27828,0,0,0,0,0,3,0,0,0,64,767,12
27829,0,0,0,3,27,39,0,0,0,0,0,0
27830,0,0,0,8,1,23,0,0,0,0,0,0
27831,30,358,7,0,0,0,2,0,0,0,0,0
27832,0,0,0,12,9,185,0,0,0,0,0,0
27833,0,0,0,23,8,149,0,0,0,0,1,0
27834,46,105,15,1,0,0,0,0,0,0,0,0
27835,0,0,0,11,20,262,0,0,0,0,0,0
27836,0,0,0,0,0,1,0,0,0,194,114,2
27837,0,0,0,15,47,171,0,0,0,0,0,0
27838,0,0,0,6,5,22,0,0,0,0,0,0
27839,0,0,0,17,5,53,0,0,0,0,0,0
27840,0,0,0,39,4,35,0,0,0,0,0,0
27841,0,0,0,0,0,0,57,395,55,0,0,0
27842,0,0,0,0,0,0,169,463,7,0,0,0
27843,0,0,0,2,2,65,0,0,0,0,0,0
27844,0,0,0,5,16,215,0,0,0,0,2,0
27845,0,0,0,0,0,0,0,0,0,87,184,9
27846,0,0,0,12,39,99,0,0,0,0,0,0
27847,0,0,1,0,0,15,0,0,0,102,3460,87
27848,11,74,46,0,0,0,0,0,0,0,0,0
27849,0,0,0,1,0,13,0,0,0,83,2757,38
27850,0,0,0,12,13,50,0,0,0,0,0,0
27851,1,0,0,98,4,188,0,0,0,0,0,0
27852,0,0,0,0,23,0,82,731,13,0,0,0
27853,1504,456,41,8,0,0,9,0,0,0,0,0
27854,7,45,4,0,0,0,0,0,0,0,0,0
27855,0,0,1,0,0,0,0,0,0,526,112,5
27856,0,0,0,19,157,33,0,1,0,0,0,0
27857,0,0,0,0,0,0,83,90,3,0,0,0
27858,0,0,0,0,0,0,0,0,0,18,102,2
27859,135,45,5,0,0,0,0,0,0,0,0,0
27860,0,159,6,0,0,0,0,0,0,0,0,0
27861,0,0,0,0,0,0,63,142,0,0,0,0
27862,15,783,19,0,0,0,0,0,0,0,0,0
27863,0,0,0,3,52,506,0,0,0,0,0,0
27864,0,0,0,0,0,0,0,0,0,118,109,2
27865,693,156,10,0,0,0,0,0,0,0,0,0
27866,0,0,0,665,0,203,0,0,0,0,10,0
27867,11,96,6,0,0,0,0,0,0,0,0,0
27868,37,158,3,0,0,0,0,0,0,0,0,0
27869,0,0,0,4,178,668,0,2,0,0,68,0
27870,0,0,0,0,21,0,60,3681,221,0,0,0
27871,82,116,9,1,0,0,1,0,0,0,0,0
27872,62,52,28,0,0,0,0,0,0,0,0,0
27873,8,52,199,0,0,0,0,0,0,3,0,0
27874,0,0,0,20,35,4781,0,0,0,29,1343166,47
27875,0,0,0,14,19,1187,0,0,0,0,8,0
27876,0,0,1,135,89,44,0,0,0,0,0,0
27877,0,0,0,0,8,0,142,1888,108,0,0,0
27878,1,0,0,11,45,552,0,0,0,0,7,1
27879,0,0,0,0,0,14,0,0,0,85,2849,17
27880,295,355,120,27,11,2,2,0,1,0,0,0
27881,0,0,0,0,1,30,0,0,0,921,6487,4
27882,0,0,0,0,64,4,740,1153,1562,0,4,33
27883,0,0,0,1,2,34,0,0,0,72,3279,6
27884,0,0,0,0,0,0,0,0,0,43,325,1
27885,0,0,0,5,1,37,0,0,0,0,1,0
27886,45,43,0,1,0,0,1,0,0,0,0,0
27887,96,44,6,2,0,0,3,0,0,0,0,0
27888,67,11,59,4,0,0,0,0,0,0,39,0
27889,0,0,0,0,0,25,0,0,0,30,2051,20
27890,0,2,0,0,208,1,269,20454,40,0,0,0
27891,60,5,16,0,0,0,0,0,0,0,0,0
27892,1,686,24,0,0,0,12,0,0,0,0,0
27893,0,0,0,0,0,2,0,0,0,67,1181,0
27894,81,220,1,0,0,0,0,0,0,0,0,0
27895,0,0,0,4,3,42,0,0,0,0,0,0
27896,0,0,0,0,1,0,11,101,8,0,0,0
27897,73,24,42,0,0,0,0,0,0,3,0,0
27898,5,30,85,0,0,0,1,0,0,1,0,0
27899,18,102,7,0,0,0,2,0,0,0,0,0
27900,0,0,0,23,3,1600,0,0,0,0,1,0
27901,6,0,0,294,79,259,0,1,0,0,0,0
27902,0,0,0,6,16,71,0,0,0,0,0,0
27903,0,0,0,0,0,3,0,0,0,27,1406,5
27904,0,0,0,3,6014,1372,0,421,0,0,8,0
27905,0,0,0,34,8,250,0,0,0,0,63,0
27906,0,0,0,0,5,0,362,768,16,0,0,0
27907,0,0,0,2,81,1760,0,0,0,0,0,0
27908,0,0,0,7,3,12,0,0,0,0,0,0
27909,0,0,0,6,69,45,0,59,0,0,0,0
27910,0,0,0,104,5,60,0,0,0,0,0,0
27911,0,0,0,0,0,5,0,0,0,133,645,41
27912,0,0,0,13,25,181,0,0,0,0,0,0
27913,0,0,0,49,2,136,0,0,0,0,0,0
27914,65,432,15,0,0,0,0,0,0,0,0,0
27915,0,16,0,0,8,0,2167,756,30,0,0,0
27916,0,0,0,0,8,0,773,2106,52,0,0,0
27917,51,270,10,4,0,0,2,0,0,0,0,0
27918,169,127,21,4,0,0,0,0,0,0,0,0
27919,0,0,0,38,80,735,0,0,0,0,3,0
27920,0,0,0,0,0,50,0,0,0,61,5251,12
27921,39,677,6,0,0,0,10,1,1,0,0,0
27922,1,0,0,42,93,1093,0,0,0,0,1,0
27923,0,0,0,0,0,15,0,0,1,33,2574,25
27924,16,92,5,0,0,0,1,0,0,0,0,0
27925,1,0,42,1,0,1812,0,0,0,4238,31052,12
27926,10,84,2,0,0,0,1,0,0,0,0,0
27927,7,67,36,0,0,0,3,0,0,0,0,0
27928,0,0,3,0,0,0,0,0,0,174,106,0
27929,12,0,0,297,18,171,0,0,0,0,0,0
27930,0,0,0,0,0,0,216,32,3,0,0,0
27931,0,0,0,2,7,60,0,0,0,0,0,0
27932,7,315,13,0,0,0,1,0,0,1,0,0
27933,0,2,0,0,2,0,543,562,1,0,0,0
27934,0,0,0,0,0,0,0,0,0,26,79,0
27935,0,0,0,75,4,105,0,0,0,0,0,0
27936,0,2,0,0,0,0,464,36,12,0,0,0
27937,0,0,0,0,0,0,0,0,0,39,121,4
27938,59,162,8,0,0,0,0,0,0,0,0,0
27939,0,0,0,4,23,635,0,0,0,0,2,0
27940,0,0,0,1,14,383,0,0,0,0,0,0
27941,0,0,0,6,41,186,0,0,0,0,0,0
27942,0,0,0,0,0,4,0,0,1,12,1805,46
27943,38,66,1,0,0,0,0,0,0,0,0,0
27944,0,0,0,0,0,132,0,0,0,32,35393,57
27945,0,0,0,0,0,3,0,0,0,181,3556,53
27946,42,77,2,0,0,0,1,0,0,0,0,0
27947,177,76,35,1,0,0,0,0,0,0,0,0
27948,0,0,0,0,6,0,83,1855,294,0,0,0
27949,6,30,33,0,0,0,0,0,0,0,0,0
27950,25,250,65,0,0,0,1,0,0,0,0,0
27951,0,0,0,3,0,221,0,0,0,0,1,0
27952,0,0,0,0,0,0,219,78,0,0,0,0
27953,0,0,0,1,3,54,0,0,0,0,0,0
27954,6,88,1,0,0,0,0,0,0,0,0,0
27955,0,0,0,0,5,0,512,1109,5,0,0,0
27956,8,0,0,145,73,65,0,0,0,0,0,0
27957,0,0,0,9,9,134,0,0,0,0,0,0
27958,0,0,0,3,0,36,0,0,0,0,0,0
27959,0,109,1,0,0,0,0,0,0,0,0,0
27960,0,0,0,0,0,1,0,0,0,30,503,4
27961,32,94,6,0,0,0,0,0,0,0,0,0
27962,0,0,0,0,1,0,84,162,23,0,0,2
27963,0,0,0,0,9,83,0,0,0,0,0,0
27964,0,0,0,0,0,697,0,0,0,1,63820,0
27965,40,98,7,0,0,0,0,0,0,0,0,0
27966,0,0,0,3,2,42,0,0,0,0,0,0
27967,2,107,0,0,2,0,15297,1319,115,0,0,0
27968,0,0,0,13,1,38,0,0,0,0,0,0
27969,0,230,3,0,0,0,0,3,0,0,0,0
27970,0,0,1,0,0,1,0,0,0,64,1294,27
27971,0,0,0,14,4,91,0,0,0,0,0,0
27972,0,0,0,1,1,927,0,0,0,246,316306,3
27973,73,75,4,0,0,0,0,0,0,0,0,0
27974,5,46,1,0,0,0,0,0,0,0,0,0
27975,0,0,0,0,0,1,0,0,0,66,98,108
27976,65,69,2,0,0,0,0,0,0,0,0,0
27977,0,0,0,5,31,503,0,0,0,0,1,0
27978,0,0,0,0,0,0,0,0,0,12,164,1
27979,278,68,7,1,0,0,3,0,0,0,0,0
27980,0,17,24,0,0,0,0,0,0,0,0,0
27981,0,0,1,0,0,0,0,0,0,145,445,2
27982,0,0,1,0,0,15,0,0,0,315,1961,61
27983,64,362,41,0,0,0,0,0,0,0,0,0
27984,0,0,0,24,3,779,0,0,0,0,0,0
27985,21343,130,4,164,0,0,0,0,0,0,0,0
27986,0,0,0,16,20,265,0,0,0,0,1,0
27987,0,0,0,0,5,0,319,3258,963,0,0,27
27988,0,0,0,1,2,330,0,0,0,0,0,0
27989,24,184,3,0,0,0,2,0,0,0,0,0
27990,0,0,0,0,1,0,86,1499,9,0,0,0
27991,0,0,0,0,6,18,0,0,0,0,0,0
27992,0,0,0,11,6,56,0,0,0,0,0,0
27993,0,0,0,0,1,0,77,148,4,0,0,0
27994,84,285,65,0,0,0,0,0,0,1,0,0
27995,1,0,0,134,13,682,0,0,0,0,0,0
27996,0,0,0,0,10,1,188,2479,25,0,0,0
27997,16,93,8,0,0,0,0,0,0,0,0,0
27998,0,0,0,0,0,4,0,0,0,19,1663,0
27999,0,0,0,0,0,130,0,0,0,74,15674,3
28000,0,0,1,1,0,15,0,0,0,117,2123,7
28001,0,4,0,1,101,0,1002,11905,316,0,0,0
28002,0,0,0,2,5,228,0,0,0,0,0,0
28003,0,0,0,0,3,0,71,1649,327,0,0,0
28004,0,0,0,5,12,53,0,0,0,0,0,0
28005,0,0,0,0,0,41,0,0,0,48,6253,4
28006,0,0,0,0,0,3,0,0,0,50,1949,22
28007,0,0,0,4,8,42810,0,0,0,8,555,0
28008,69,229,9,0,0,0,1,0,0,0,0,0
28009,0,0,0,8,38,900,0,0,0,0,6,0
28010,0,0,0,47,59,707,0,0,0,0,5,0
28011,0,0,0,0,0,1,0,0,0,76,1060,182
28012,14,52,5,0,0,0,0,0,0,0,0,0
28013,0,0,0,0,0,4,0,0,0,33,146,2
28014,0,0,0,3,267,24,0,0,0,0,0,0
28015,0,0,0,10,115,324,0,1,0,0,0,0
28016,0,0,0,0,0,1,0,0,0,23,167,1
28017,0,0,0,2,2,68,0,0,0,0,0,0
28018,28,111,15,0,0,0,0,0,0,0,0,0
28019,0,0,0,29,38,410,0,0,0,0,1,0
28020,2,0,0,13,95,49,0,3,0,0,0,0
28021,0,0,0,0,0,2,0,0,0,12,193,3
28022,0,0,0,5,1,81,0,0,0,0,0,0
28023,13,18,3,0,0,0,0,0,0,0,0,0
28024,5,73,6,0,0,0,1,0,0,0,0,0
28025,22,99,139,0,0,0,0,0,0,0,0,0
28026,0,0,0,47,11,640,0,0,0,0,3,0
28027,0,7,0,0,37,0,287,3642,791,0,0,1
28028,0,1,0,3,10,0,247,4096,203,0,0,1
28029,0,0,0,2,8,127,0,0,0,0,0,0
28030,15,462,1,0,0,0,1,0,0,0,0,0
28031,0,0,0,6,8,314,0,0,0,0,0,0
28032,34,855,5,0,0,0,0,0,0,0,0,0
28033,0,0,0,124,20,184,0,0,0,0,0,0
28034,0,0,0,3,1,84,0,0,0,0,0,0
28035,5,96,10,0,0,0,1,0,0,0,0,0
28036,0,0,0,0,1,0,26,73,0,0,0,0
28037,11,61,31,0,0,0,0,0,0,0,0,0
28038,0,0,0,0,0,0,79,175,7,0,0,0
28039,0,0,0,0,7,33,0,0,0,0,0,0
28040,281,164,8,0,0,0,0,0,0,0,0,0
28041,0,1,0,0,1,0,186,573,0,0,0,0
28042,0,1,0,0,0,0,299,164,2,0,0,0
28043,8,66,15,0,0,0,0,0,0,0,0,0
28044,0,0,0,0,68,0,361,7863,0,0,0,0
28045,0,0,0,0,0,9,0,0,0,83,4682,8
28046,0,0,0,4,1,217,0,0,0,0,0,0
28047,32,33,4,0,0,0,0,0,0,0,0,0
28048,53,136,0,50,1370,9,1960,318088,88,0,0,0
28049,83,40,14,1,0,0,0,0,0,0,0,0
28050,47,40,6,0,0,0,0,0,0,0,0,0
28051,27,75,16,0,0,0,0,0,0,0,0,0
28052,27,188,71,0,0,0,1,0,0,0,0,0
28053,3,0,0,75,76,786,0,0,0,0,4,0
28054,0,0,0,0,0,19,0,0,3,13,4458,196
28055,20,48,86,0,0,0,0,0,0,0,0,0
28056,0,18,0,0,0,0,549,43,7,0,0,0
28057,0,0,0,0,0,1,0,0,0,40,2067,12
28058,2,22,25,0,0,0,0,0,0,0,0,0
28059,0,0,0,0,0,2,0,0,0,26,301,0
28060,0,0,0,0,0,0,0,0,0,107,261,1
28061,0,0,0,7,10,49,0,0,0,0,10,0
28062,0,0,0,29,81,50,0,0,0,0,0,0
28063,0,0,0,5,1,188,0,0,0,0,5,0
28064,29,72,9,0,0,0,0,0,0,0,0,0
28065,95,270,48,0,0,0,0,0,0,1,0,0
28066,0,0,0,6,15,138,0,0,0,0,0,0
28067,0,0,0,42,9,76,0,0,0,0,0,0
28068,0,0,0,0,8,0,179,852,60,0,0,0
28069,19,107,33,0,0,0,0,0,0,0,0,0
28070,279,100,149,1,0,0,1,0,0,0,0,0
28071,0,0,0,43,21,366,0,0,0,0,0,0
28072,1,0,0,125,14,41,0,0,0,0,0,0
28073,0,1,0,0,199,7,402,55363,3,0,0,0
28074,0,0,0,0,4,65,0,0,0,0,0,0
28075,0,0,0,0,68,0,192,12911,20,0,0,0
28076,0,0,0,0,0,0,0,0,0,39,439,0
28077,0,2,0,0,128,0,691,8924,1481,1,0,4
28078,0,0,0,0,5,568,0,0,0,0,3,0
28079,0,0,0,0,9,0,229,4342,2,0,0,0
28080,0,2,0,0,2,0,513,790,1,0,0,0
28081,22,877,121,0,0,0,2,0,0,0,0,0
28082,0,0,0,153,6,256,0,0,0,0,4,0
28083,0,0,0,0,234,0,56,2662,19,0,0,0
28084,251,127,223,2,0,0,0,0,0,0,0,0
28085,0,0,0,0,5,0,75,1603,16,0,0,0
28086,0,5,0,1,232,0,302,14780,10,0,0,0
28087,0,0,0,0,0,172,0,0,0,116,14115,210
28088,1,0,0,217,8,193,0,0,0,0,0,0
28089,0,2,0,0,1,0,373,974,41,0,0,0
28090,0,2,0,0,8,0,357,874,17,0,0,0
28091,0,0,0,19,1,164,0,0,0,0,0,0
28092,0,0,0,27,42,54,0,0,0,0,0,0
28093,0,0,0,0,0,530,0,0,0,95,18848,44
28094,0,0,0,18,4,335,0,0,0,0,1,0
28095,129632,340,15,12588,1,18,12,0,0,0,0,0
28096,361,50,15,6,0,0,0,0,0,0,0,0
28097,75,177,686,1,0,0,3,0,0,43,0,0
28098,0,0,0,10,84,1081,0,3,0,0,21,0
28099,0,0,0,0,0,11,0,0,0,22,889,2
28100,23,132,2,1,0,0,1,0,0,0,0,0
28101,0,0,5,0,0,0,0,0,0,603,155,2
28102,0,0,0,0,0,3,0,0,0,52,696,1
28103,0,0,0,0,0,1,0,0,0,45,248,3
28104,180,142,42,0,0,0,1,0,0,0,0,0
28105,0,0,0,12,20,329,0,0,0,0,1,0
28106,0,0,0,18,42,134,0,0,0,0,0,0
28107,0,0,0,0,0,2,0,0,0,16,216,9
28108,351,133,39,5,0,0,0,0,0,0,0,0
28109,0,0,0,0,48,0,132,6499,136,0,0,0
28110,0,0,0,13,14,438,0,0,0,0,0,0
28111,12,314766,3,0,1,0,1453,41,1,0,0,0
28112,0,0,0,0,0,0,0,0,0,6,360,2
28113,47,199,35,0,0,0,0,0,0,0,0,0
28114,0,0,0,1,19,790,0,0,0,0,0,0
28115,0,0,0,0,0,5,0,0,0,30,889,5
28116,0,0,0,0,2,0,334,462,13,0,0,0
28117,45,319,111,0,0,0,5,0,0,0,0,0
28118,0,0,0,8,3,614,0,0,0,0,3,0
28119,27,267,3,0,0,0,0,0,0,0,0,0
28120,0,0,0,8,77,317,0,0,0,0,1,0
28121,0,0,0,0,0,4,0,0,0,45,593,4
28122,0,0,0,0,3,0,327,936,0,0,0,0
28123,0,0,0,0,0,0,59,89,0,0,0,0
28124,0,0,0,0,2,49,0,0,0,0,0,0
28125,0,36,0,0,0,0,0,0,0,0,0,0
28126,3,24,2,0,0,0,0,0,0,0,0,0
28127,0,0,0,1,2,33,0,0,0,0,0,0
28128,0,0,0,1,0,38,0,0,0,0,0,0
28129,16,241,2,0,0,0,1,0,0,0,0,0
28130,0,0,0,2,36,339,0,0,0,0,0,0
28131,39,380,0,0,0,0,0,0,0,0,0,0
28132,0,0,0,0,0,0,0,0,0,381,567,1
28133,1202,26,7,11,0,0,0,0,0,0,0,0
28134,0,0,0,0,0,0,223,246,20,0,0,0
28135,0,0,0,15,8,72,0,0,0,0,0,0
28136,0,0,0,11,15,112,0,0,0,0,1,0
28137,0,0,0,20,26,541,0,0,0,0,4,0
28138,0,0,0,0,0,0,0,0,0,10,77,0
28139,0,0,1,0,0,3,0,0,0,89,704,10
28140,0,0,0,21,92,106,0,0,0,0,0,0
28141,0,2,0,0,5,0,343,985,15,0,0,0
28142,0,0,0,3,50,247,0,0,0,0,0,0
28143,0,0,0,2,13,84,0,0,0,0,1,0
28144,0,0,0,6,0,4199,0,0,0,0,18,0
28145,3,283,2,0,0,0,1,0,0,0,0,0
28146,0,0,0,9,0,7,0,0,0,13,2250,5
28147,0,0,0,9,0,1,0,0,0,31,385,6
28148,0,0,0,6,16,32,0,0,0,0,0,0
28149,0,0,0,3,4,221,0,0,0,0,0,0
28150,0,0,0,2,1,136,0,0,0,0,0,0
28151,0,0,0,8,3,110,0,0,0,0,0,0
28152,15,24,0,9,0,0,0,0,0,0,0,0
28153,0,0,5,9,0,47,0,0,0,83,3281,23
28154,57,91,9,0,0,0,0,0,0,0,0,0
28155,124,64,19,0,0,0,0,0,0,0,0,0
28156,0,0,0,7,9,4964,0,0,0,8,34,0
28157,0,0,0,0,0,125,0,0,0,0,0,0
28158,20,24,0,0,0,0,0,0,0,0,0,0
28159,9,245,9,0,0,0,4,0,0,0,0,0
28160,0,0,0,3,270,183,0,2,0,0,0,0
28161,0,0,0,9,3,23,0,0,0,0,0,0
28162,0,38,0,4,2,0,197,380,29,0,0,0
28163,0,0,0,0,0,5,0,0,0,41,808,1
28164,0,0,5,0,0,4,0,0,0,245,523,8
28165,56,649,9,0,0,0,4,0,0,0,0,0
28166,0,1,0,0,0,0,369,68,34,0,0,0
28167,0,312,0,0,0,0,20078,96,0,0,0,0
28168,35,55,65,0,0,0,0,0,0,0,0,0
28169,4,2055,1,0,0,0,11,0,0,0,0,0
28170,0,0,0,0,0,1,0,0,0,82,1102,1
28171,0,0,0,0,0,1,0,0,0,115,693,2
28172,0,0,0,11,2,76,0,0,0,0,0,0
28173,91,30,5,0,0,0,0,0,0,0,0,0
28174,30,46,3,0,0,0,0,0,0,0,0,0
28175,15,181,26,0,0,0,0,0,0,0,0,0
28176,0,0,0,1,112,152,0,1,0,0,0,0
28177,0,0,0,210,7,214,0,0,0,0,0,0
28178,0,0,0,0,4,0,55,1113,225,0,0,0
28179,0,0,0,0,1,0,38,250,26,0,0,0
28180,0,0,0,0,0,0,35,173,6,0,0,0
28181,0,0,0,0,0,49,0,0,0,0,0,0
28182,26,776,1,0,0,0,2,0,0,0,0,0
28183,0,0,0,0,1,0,44,322,0,0,0,0
28184,0,0,0,0,0,0,0,0,0,0,0,0
28185,0,0,0,0,0,0,0,0,0,26,54,0
28186,0,0,0,4,9,14,0,0,0,0,0,0
28187,0,0,0,4,0,48,0,0,0,0,11,0
28188,0,3,0,0,0,0,213,196,9,0,0,0
28189,0,0,0,3,3,47,0,0,0,0,0,0
28190,27,95,2,0,0,0,0,0,0,0,0,0
28191,0,0,0,0,41,1,21,8972,3,0,0,0
28192,0,0,0,1,2,65,0,0,0,0,0,0
28193,0,0,0,0,3,0,40,163,1,0,0,0
28194,0,0,0,0,0,5,0,0,0,5,374,1
28195,0,1,1,0,4,0,740,995,18,0,0,0
28196,0,0,0,2,15,214,0,0,0,0,2,0
28197,0,0,0,20,13,530,0,0,0,0,0,0
28198,0,1,0,0,17,0,189,4335,259,0,0,0
28199,0,0,0,1,1,869,0,0,0,0,0,0
28200,0,0,0,8,18,119,0,0,0,0,0,0
28201,0,0,1,0,0,6,0,0,0,454,983,12
28202,0,15,0,0,0,0,1775,219,8,0,0,0
28203,0,0,0,0,4,86,0,0,0,0,0,0
28204,0,0,0,12,15,57,0,0,0,0,0,0
28205,0,0,0,0,0,0,0,0,0,11,34,1
28206,10,0,0,27,0,25,0,0,0,0,0,0
28207,61,184,1,1,0,0,1,0,0,0,0,0
28208,0,0,0,23,13,565,0,0,0,0,3,0
28209,0,1,0,0,50,0,56,10855,934,0,0,3
28210,209,48,18,0,0,0,0,0,0,0,0,0
28211,14,102,46,0,0,0,0,0,0,0,0,0
28212,0,9,0,0,0,0,71,74,1,0,0,0
28213,2,20,2,0,0,0,0,0,0,0,0,0
28214,0,0,0,0,0,0,0,0,0,126,368,1
28215,9,0,0,10,53,101,0,0,0,0,1,0
28216,9,0,0,10,1,96,0,0,0,0,0,0
28217,9,0,0,11,7,22,0,0,0,0,0,0
28218,0,0,0,6,5,192,0,0,0,0,6,0
28219,0,0,0,1,0,41,0,0,0,0,0,0
28220,19,241,1,0,0,0,0,0,0,0,0,0
28221,0,1,0,0,4,0,190,1112,468,0,0,0
28222,17,36,16,0,0,0,0,0,0,0,0,0
28223,0,0,2,0,0,0,16,136,56,0,0,0
28224,0,0,0,14,4,77,0,0,0,0,1,0
28225,109,346,6,1,0,0,1,0,0,0,0,0
28226,0,0,0,8,11,506,0,0,0,0,0,0
28227,0,0,0,0,0,5,0,0,0,73,481,1
28228,17,282,5,0,0,0,0,0,0,0,0,0
28229,0,0,0,5,5,188,0,0,0,0,0,0
28230,0,0,0,0,0,0,6,132,7,0,0,0
28231,30,30,8,0,0,0,0,0,0,0,0,0
28232,0,0,0,0,0,1,0,0,0,4,581,0
28233,0,0,0,0,11,0,470,404,27,0,0,0
28234,0,0,0,1,6,38,0,0,0,0,0,0
28235,0,0,0,6,29,163,0,1,0,0,0,0
28236,0,0,4,0,0,161,0,0,0,262,10213,5
28237,0,3,0,0,2,0,626,579,262,0,0,4
28238,1,0,0,36,1,90,0,0,0,0,0,0
28239,0,0,0,0,0,0,19,276,35,0,0,0
28240,0,0,0,4,2,140,0,0,0,0,1,0
28241,0,0,0,26,14,20,0,0,0,0,0,0
28242,0,0,0,0,1,0,99,156,1894,0,0,1627
28243,0,0,0,26,43,288,0,0,0,0,5,0
28244,0,0,0,38,58,49,0,0,0,0,0,0
28245,9,0,0,89,13915,818,0,6867,5,0,2,0
28246,0,0,0,0,16,117,0,0,0,0,0,0
28247,102,180,1,0,0,0,0,0,0,0,0,0
28248,0,28,0,0,0,0,5877,142,12,0,0,0
28249,3798,34,27,16,0,0,1,0,0,0,0,0
28250,0,0,0,6,129,44,0,0,0,0,0,0
28251,0,0,1,48,1717,9018,0,6,13,0,362,76
28252,0,0,0,28,25,125,0,1,0,0,0,0
28253,0,0,0,0,0,0,0,0,0,0,0,0
28254,197,48,13481,1,0,4,0,0,0,261,17,17
28255,0,0,13,47,10,324,0,0,0,0,4,0
28256,13,0,4,0,0,118,0,0,0,126,1743,18
28257,0,0,0,11,1,484,0,0,0,0,58,0
28258,52,65,17,0,0,0,0,0,0,0,0,0
28259,14,31,2,0,0,0,0,0,0,0,0,0
28260,0,5,4,0,0,0,0,0,0,0,0,0
28261,0,0,0,0,0,0,0,0,0,2,13,0
28262,0,1,0,0,0,0,124,6,0,0,0,0
28263,0,1,0,0,0,0,0,0,0,0,0,0
28264,1,3,1,0,0,0,0,0,0,0,0,0
28265,0,0,0,0,0,0,0,0,0,2,14,0
28266,60,54,22,1,0,0,0,0,0,0,0,0
28267,11,4,36,0,0,0,0,0,0,0,0,0
28268,1,24,12,0,0,0,0,0,0,0,0,0
28269,0,0,0,0,0,0,0,0,0,199,545,1
28270,0,0,0,25,0,98,0,0,0,0,1,0
28271,231391,1725,111,236,3,4,10,0,0,0,0,1
28272,35424,472,21,335,0,0,1,0,0,1,0,0
28273,588,37,13,85,0,0,0,0,0,0,0,0
28274,20,322,2,9,0,0,85,0,0,0,0,0
28275,0,0,0,0,12,0,0,9,0,0,0,0
28276,0,0,0,0,0,0,0,2,251,0,0,4
28277,0,0,0,0,3,202,0,0,0,0,3,0
28278,1,0,8,0,0,0,0,0,0,972,280,0
28279,0,0,0,9,3,49,0,0,0,0,0,0
28280,0,2,0,37,2,0,82,1220,314553,243,196,1983
28281,314351,237,20,2064,0,14,1,0,0,0,9,0
28282,2034,4,1,314548,1,323,0,0,0,0,0,0
28283,2,21,5,0,0,0,0,0,0,0,0,0
28284,4,23,1,0,0,0,0,0,0,0,0,0
28285,0,0,0,4,0,46,0,0,0,0,0,0
28286,0,0,0,0,0,0,37,2,5,0,0,0
28287,0,0,0,0,0,0,699,325,10,0,0,0
28288,1,22,3,0,0,0,0,0,0,0,0,0
28289,0,0,0,0,0,2,0,0,0,1144,529,0
28290,6,0,0,0,0,39,0,0,0,231,3067,1
28291,0,0,0,0,1,45,0,0,0,173,5355,1
28292,0,0,3,0,0,0,0,0,0,1385,0,3
28293,68,133,21,0,0,0,2,0,0,0,0,0
28294,168,64,71,0,0,0,0,0,0,0,0,0
28295,188,1524,246,3,0,0,3,0,0,1,0,0
28296,106,466,31,2,0,0,16,0,0,0,0,0
28297,0,0,0,68,11,994,0,0,0,0,7,0
28298,0,0,0,0,0,0,0,0,0,20,51,22
28299,58473,70,18,1746,0,0,0,0,0,0,0,0
28300,0,3,0,0,54,4,400,6107,526,0,0,0
28301,0,0,0,0,0,0,0,0,0,161,1,29
28302,0,0,0,0,0,0,284,79,343,0,1,1
28303,33,57,18,0,0,0,1,0,0,0,0,0
28304,55,50,76,0,0,0,0,0,0,0,0,0
28305,190,385,19,1,0,0,2,0,0,0,0,0
28306,0,0,0,7,14,237,0,0,0,0,0,0
28307,0,2,0,0,4,0,469,2727,16,0,0,0
28308,0,0,0,0,0,1,0,18,38,21,1186,2325
28309,38,221,5,0,0,0,3,0,0,0,0,0
28310,0,0,4,0,0,33,0,0,0,1741,3027,5
28311,0,0,0,0,1,530,0,0,0,106,239015,111
28312,0,0,0,0,0,15,0,0,0,554,4769,44
28313,0,0,0,0,0,10,0,0,0,69,3716,24
28314,0,6,0,0,0,0,600,983,54,0,0,0
28315,0,0,0,0,0,2,0,0,0,26,1594,5
28316,57,37,10,0,0,0,0,0,0,0,0,0
28317,0,0,0,0,3,87,0,0,0,0,1,0
28318,0,0,0,2,0,57,0,0,0,0,0,0
28319,25,495,1,0,0,0,2,0,0,0,0,0
28320,0,0,0,0,0,2,0,0,0,24,1076,4
28321,0,7,0,0,8,0,777,2078,7,0,0,0
28322,0,0,0,1,6,21,0,0,0,0,0,0
28323,0,0,0,6,3,15,0,0,0,0,0,0
28324,0,0,0,4,0,37,0,0,0,0,0,0
28325,0,1,0,0,0,0,528,1089,3,0,0,0
28326,0,0,0,0,452,0,33,22905,13,0,0,0
28327,0,0,0,2,0,17,0,0,0,0,0,0
28328,0,1,0,0,0,0,380,5,5,0,0,0
28329,0,4,0,0,0,0,319,74,15,0,0,0
28330,2,1959,2,0,0,0,46,0,0,0,0,0
28331,0,0,0,0,0,0,0,0,0,18,476,0
28332,0,0,0,0,0,5,0,0,0,150,1102,0
28333,0,0,1,0,0,5,0,0,0,185,2194,16
28334,0,0,0,87,21,631,0,1,0,0,4,0
28335,0,0,0,0,0,0,0,0,0,1,75,0
28336,368,456,6,0,0,0,2,0,0,0,0,0
28337,0,3,0,0,0,0,191,567,58,0,0,0
28338,43,377,180,0,0,0,1,0,0,1,0,0
28339,0,0,0,0,2,25,0,0,0,0,0,0
28340,0,0,0,25,10,956,0,0,0,0,0,0
28341,0,0,0,0,0,53,0,0,0,0,977,0
28342,154,45,0,0,0,0,0,0,0,0,0,0
28343,8,324,2,0,0,0,0,0,0,0,0,0
28344,0,0,0,0,0,201,0,0,0,284,2934,3
28345,0,0,0,3,0,4,0,0,0,0,0,0
28346,0,1,0,0,24,0,357,1041,89,0,0,2
28347,0,1,0,0,0,0,259,231,0,0,0,0
28348,0,0,0,0,0,28,0,0,0,0,1116,0
28349,153,82,29,0,0,0,0,0,0,0,0,0
28350,0,0,0,0,0,0,224,657,41,0,0,1
28351,0,0,0,0,0,14,0,0,0,0,0,0
28352,46,66,3,0,0,0,0,0,0,0,0,0
28353,2,26,0,0,0,0,0,0,0,0,0,0
28354,0,0,0,0,0,2,0,0,0,77,464,0
28355,0,0,0,0,0,0,0,0,0,25,0,7
28356,4,204,5,0,0,0,0,0,0,0,0,0
28357,0,5,0,0,1,0,235,761,121,0,0,0
28358,212,173,41,1,0,0,0,0,0,0,0,0
28359,47,179,22,0,0,0,0,0,0,0,0,0
28360,0,0,0,31,4,380,0,0,0,0,0,0
28361,0,4,0,0,0,0,494,7,331,0,0,1
28362,0,0,0,0,0,0,103,116,317,0,1,0
28363,67,90,133,0,0,0,0,0,0,0,0,0
28364,0,0,0,0,0,0,8,2,98,0,0,0
28365,7,186,99,0,0,0,3,0,0,0,0,0
28366,3,723,50,0,0,0,3,0,0,0,0,0
28367,0,0,0,0,0,2,0,0,0,32,1334,1
28368,0,3,0,0,0,0,1105,108,2,0,0,0
28369,0,0,0,0,0,1,0,0,0,4,327,1
28370,181,195,5,0,0,0,0,0,0,0,0,0
28371,0,2,0,0,8,0,111,1602,22,0,0,0
28372,0,0,0,4,16,374,0,0,0,0,1,0
28373,0,0,0,0,5,0,94,1752,4,0,0,0
28374,0,3,0,0,0,0,995,222,4,0,0,0
28375,0,1,0,0,10,0,366,352,2,0,0,0
28376,0,2,0,0,11,0,1161,967,8,0,0,0
28377,0,0,0,1,0,5,0,0,0,36,1349,5
28378,0,13,0,0,61,2,2278,12048,1377,0,0,0
28379,0,0,0,0,0,0,0,0,0,24,1,1
28380,0,0,0,0,0,0,338,100,10,0,0,0
28381,94,551,571,0,0,0,0,0,0,3,0,0
28382,0,0,0,48,35,1261,0,0,0,0,4,0
28383,0,0,0,0,0,0,0,0,0,1,126,0
28384,590,220,6,0,0,0,0,0,0,0,0,0
28385,0,37,111,0,0,0,6,0,0,0,0,0
28386,98,682,5,1,0,0,0,3,0,0,0,0
28387,25,84,118,0,0,0,2,0,0,13,0,0
28388,0,0,0,0,0,0,0,0,0,48,2,17
28389,404,23,4,0,0,0,0,0,0,0,0,0
28390,15,355,8,0,0,0,0,0,0,0,0,0
28391,0,0,0,0,0,4,0,0,0,39,868,7
28392,0,4,0,0,1,0,478,726,19,0,0,0
28393,0,0,0,7,37,245,0,0,0,0,0,0
28394,0,0,0,0,0,0,1,0,2,113,179,100
28395,0,0,0,0,0,0,671,554,26,0,0,0
28396,0,226,0,0,6,0,9642,2807,25,0,0,0
28397,0,0,0,0,0,0,0,0,0,4,2,0
28398,0,0,0,0,0,0,0,0,0,1,2,1
28399,0,0,0,0,0,11,0,0,0,217,1484,15
28400,0,0,0,0,0,0,0,0,1,28,0,9
28401,17,115,1,0,0,0,1,0,0,0,0,0
28402,20,224,13,0,0,0,5,0,0,0,0,0
28403,0,0,0,0,0,0,36,388,2,0,0,0
28404,0,0,0,0,0,0,3,265,34,0,0,0
28405,0,0,0,1,3,174,0,0,0,0,4,0
28406,0,0,0,5,9,286,0,0,0,0,1,0
28407,0,0,0,0,0,9,0,0,0,0,0,0
28408,1,5,0,0,0,0,0,0,0,0,0,0
28409,0,0,0,0,0,33,0,0,0,0,2038,5
28410,0,0,0,0,0,0,0,0,0,2,149,0
28411,0,0,0,0,0,0,0,0,0,4,422,2
28412,54,15,13,1,0,0,0,0,0,0,0,0
28413,22,21,4,0,0,0,1,0,0,0,0,0
28414,0,0,0,0,1,24,0,0,0,0,0,0
28415,89,13,7,1,0,0,0,0,0,0,0,0
28416,73,66,8,0,0,0,2,0,0,0,0,0
28417,0,0,0,1,4,171,0,0,0,0,0,0
28418,0,90,0,0,0,0,0,0,0,0,0,0
28419,0,0,0,0,0,0,0,0,0,87,729,4
28420,0,0,0,7,0,9,0,0,0,0,0,0
28421,0,0,0,0,0,0,58,117,2,0,0,0
28422,0,0,0,0,0,0,0,0,0,0,322,0
28423,0,0,0,0,0,0,538,125,26,0,0,0
28424,0,0,0,0,0,3,0,0,0,0,0,0
28425,0,0,0,0,0,0,0,0,0,0,1,0
28426,0,0,0,28,7,80,0,0,0,0,0,0
28427,0,0,0,0,0,1,0,0,0,0,0,0
28428,0,0,0,0,0,0,0,18,0,0,0,0
28429,0,0,0,0,0,0,1,6,0,0,0,0
28430,0,0,0,0,0,0,0,0,0,0,0,0
28431,8,0,0,356,0,0,0,0,0,0,0,0
28432,0,0,0,0,0,154,0,0,0,0,26210,0
28433,36,9,0,0,0,0,0,0,0,0,0,0
28434,0,0,0,0,0,0,0,0,0,1,0,9
28435,0,0,0,0,0,6,0,0,0,114,1477,14
28436,0,0,0,0,2,0,6,1612,46,0,0,0
28437,0,0,0,0,0,0,0,0,0,0,2,0
28438,0,0,0,1,2,1346,0,0,0,0,16,0
28439,0,0,0,0,0,1,0,0,0,16,408,3
28440,0,0,0,0,1,1,0,0,0,0,0,0
28441,0,0,0,0,0,1,0,0,0,4,247,1
28442,3,1,1,0,0,0,0,0,0,0,0,0
28443,0,0,0,0,0,0,0,0,0,0,2,1
28444,0,0,0,7,5,16,0,0,0,0,0,0
28445,0,0,0,0,0,0,0,0,0,1,1,8
28446,0,0,1,0,0,0,0,0,0,0,0,0
28447,1,138,0,0,0,0,3,0,0,0,0,0
28448,0,0,0,0,0,1,0,0,0,0,31,0
28449,1,1,0,0,0,0,0,0,0,0,0,0
28450,0,0,0,0,1,14,0,0,0,0,0,0
28451,0,0,0,0,0,0,99,104,72,0,0,0
28452,0,0,0,0,0,0,5,15,3,0,0,0
28453,0,0,0,0,0,21,0,0,0,11,2184,7
28454,0,1,6,0,0,0,0,0,0,0,0,0
28455,1,36,8,0,0,0,0,0,0,0,0,0
28456,0,3,0,0,0,0,271,121,2,0,0,0
28457,0,0,0,0,0,0,32,0,2,0,0,0
28458,14,4,2,0,0,0,0,0,0,0,0,0
28459,12,113,7,0,0,0,9,0,0,0,0,0
28460,0,40,0,0,1,0,6010,390,63,0,0,0
28461,1,1449587,0,0,0,0,12705,1116,10,0,0,0
28462,0,0,0,0,0,2,0,0,0,22,448,0
28463,0,0,0,0,0,0,0,0,0,9,9,0
28464,0,0,0,0,1,7,0,0,0,0,0,0
28465,0,0,0,12,0,139,0,0,0,0,1,0
28466,2,24,7,0,0,0,0,0,0,0,0,0
28467,46,148,15,0,0,0,2,0,0,0,0,0
28468,33,278,104,0,0,0,3,0,0,0,1,0
28469,0,0,0,0,1,6,0,0,0,0,0,0
28470,0,0,0,0,0,3,0,0,0,0,0,0
28471,0,0,0,0,0,1,0,0,0,0,460,1
28472,0,0,0,1,0,531,0,0,0,103,64421,12
28473,0,0,0,0,0,7,0,0,0,324,1179,70
28474,1,0,0,179,37,560,0,0,0,0,1,0
28475,0,0,0,0,0,0,0,0,0,86,2,13
28476,0,0,0,0,3,1,65,128,57,0,0,0
28477,29,372,121,0,0,0,2,0,0,0,0,0
28478,0,0,0,0,0,0,4,10,0,0,0,0
28479,0,0,0,0,0,0,15,3,9,0,0,0
28480,85,92,16,0,0,0,0,0,0,0,0,0
28481,0,0,0,0,0,0,0,0,0,38,2,22
28482,8,253,6,0,0,0,1,0,0,0,0,0
28483,831,193,27,0,0,0,0,0,0,0,0,0
28484,0,0,0,0,0,0,2,0,0,0,0,0
28485,0,0,0,0,0,0,0,2,0,0,0,0
28486,0,0,0,0,0,0,0,0,0,95,366,2
28487,0,12,0,0,0,0,2407,2,237,0,0,0
28488,0,0,0,0,0,2,0,0,0,0,0,0
28489,0,0,0,21,3,26,0,0,0,0,0,0
28490,0,0,0,0,0,0,0,0,0,0,2,0
28491,0,0,0,0,0,0,0,0,0,0,0,0
28492,388,153,2,0,0,0,1,2,0,0,0,0
28493,2,109,77,0,0,0,0,0,0,0,0,0
28494,0,0,0,0,0,59,0,0,0,0,0,0
28495,0,0,0,1,1,31,0,0,0,0,0,0
28496,0,2,0,0,0,0,0,0,0,0,0,0
28497,0,2,1,0,0,0,0,0,0,0,0,0
28498,0,0,0,0,0,7,0,0,0,3,1959,0
28499,5,23,0,0,0,0,0,0,0,0,0,0
28500,0,0,0,0,0,0,0,0,0,3,97,0
28501,0,0,0,0,0,0,0,0,0,3,29,0
28502,2,6,1,0,0,0,0,0,0,0,0,0
28503,2,20,19,0,0,0,0,0,0,0,0,0
28504,0,0,0,0,0,12,0,0,0,0,0,0
28505,6,93,0,0,0,0,0,0,0,0,0,0
28506,0,0,0,0,0,0,20,17,5,0,0,0
28507,0,0,0,0,0,11,0,0,0,0,1890,1
28508,51,54,3,0,0,0,0,0,0,0,0,0
28509,0,1,0,0,0,0,401,212,28,0,0,0
28510,0,0,0,1,0,39,0,0,0,0,0,0
28511,0,0,0,0,0,17,0,0,0,46,827,443
28512,0,0,7,0,0,0,0,3,181,398,224,19594
28513,56,136,17,0,0,0,0,0,0,0,0,0
28514,0,0,0,0,0,0,49,404,389,0,0,0
28515,53,78,29,0,0,0,0,0,0,0,0,0
28516,0,0,0,1,1,507,0,0,0,0,1,0
28517,0,0,0,0,0,0,1,11,1,0,0,0
28518,0,0,0,0,0,0,0,0,0,0,0,0
28519,0,0,0,0,0,0,0,0,0,5,302,2
28520,0,0,0,0,0,0,0,0,0,136,1,5
28521,1,62,0,0,0,0,0,0,0,0,0,0
28522,6,808,23,0,0,0,2,6,0,0,0,0
28523,0,201,0,0,0,0,1,0,0,0,0,0
28524,0,0,0,0,0,4,0,0,0,0,0,0
28525,0,0,0,3,1,11,0,0,0,0,0,0
28526,0,0,0,0,0,0,2,1,0,0,0,0
28527,0,0,0,0,0,0,0,0,0,0,0,0
28528,0,0,0,0,0,6,0,0,0,10,1173,0
28529,0,0,0,0,1,2,0,0,0,0,0,0
28530,0,1,0,0,0,0,0,0,0,0,0,0
28531,0,0,0,0,0,18,0,0,0,0,4416,0
28532,0,0,0,0,0,1,0,0,0,0,0,0
28533,4,0,0,0,0,0,0,0,0,0,0,0
28534,0,0,0,0,0,1,0,0,0,0,289,0
28535,0,0,0,0,0,0,0,0,0,86,0,0
28536,0,0,0,0,0,0,16,12,0,0,0,0
28537,6,56,26,0,0,0,0,0,0,1,0,0
28538,0,3,38,0,0,0,0,0,0,0,0,0
28539,0,0,0,0,0,1,44,166,222,0,0,4
28540,13,74,165,0,0,0,0,0,0,0,0,0
28541,0,0,0,0,21,0,329,4237,3,0,0,0
28542,0,0,0,0,0,0,0,0,0,1,338,1
28543,0,0,0,2,0,40,0,0,0,0,0,0
28544,14,130,0,0,0,0,2,0,0,0,0,0
28545,0,0,0,0,0,0,0,0,0,9,16,1
28546,0,0,0,0,0,0,0,0,0,3,56,0
28547,0,0,5,0,0,0,0,0,0,0,0,0
28548,0,0,0,0,0,0,28,6,2,0,0,0
28549,0,7,1,0,0,0,0,0,0,0,0,0
28550,0,0,0,0,0,0,0,0,0,226,3,1
28551,0,0,0,0,0,0,8,75,12,0,0,0
28552,6,4,3,0,0,0,0,0,0,0,0,0
28553,5,202,11,0,0,0,0,0,0,0,0,0
28554,0,0,0,1,1,8,0,0,0,0,0,0
28555,0,0,0,0,12,14,0,0,0,0,0,0
28556,0,0,0,0,0,0,0,0,0,3,209,1
28557,0,0,0,0,0,0,113,95,27,0,0,0
28558,0,0,0,0,3,16,0,0,0,0,0,0
28559,0,6,0,0,1,0,305,985,2,0,0,0
28560,0,0,0,0,0,0,65,180,4,0,0,0
28561,0,0,0,1,5,10,0,0,0,0,0,0
28562,0,1,0,0,0,0,837,66,0,0,0,0
28563,0,0,0,0,0,0,9,77,0,0,0,0
28564,0,0,0,1,0,4,0,0,0,0,0,0
28565,0,0,0,0,0,0,65,34,2,0,0,0
28566,0,74,3,0,0,0,0,0,0,0,0,0
28567,0,0,0,0,0,0,0,0,0,4,458,4
28568,0,1,0,0,0,0,120,60,1,0,0,0
28569,0,0,0,0,0,0,9,6,3,0,0,0
28570,0,0,0,23,0,30,0,0,0,0,0,0
28571,0,7,4,0,0,0,0,0,0,0,0,0
28572,2,38,8,0,0,0,0,0,0,0,0,0
28573,11,62,8,0,0,0,0,0,0,0,0,0
28574,30,74,6,0,0,0,0,0,0,0,0,0
28575,0,0,0,0,1,27,0,0,0,0,0,0
28576,0,0,0,0,0,0,134,183,181,0,0,0
28577,0,1,2,0,0,0,0,0,0,0,0,0
28578,7,103,3,0,0,0,0,0,0,0,0,0
28579,3,63,0,0,0,0,0,0,0,0,0,0
28580,0,2,0,0,7,0,324,1436,85,0,0,0
28581,32,186,28,0,0,0,0,0,0,0,0,0
28582,0,0,0,23,10,439,0,0,0,0,0,0
28583,0,0,0,0,0,0,0,0,0,58,5,1
28584,0,0,0,0,0,0,0,0,0,0,0,0
28585,0,0,0,0,0,12,0,0,0,14,211,9
28586,8,100,2,0,0,0,1,0,0,0,0,0
28587,0,0,0,0,0,0,77,6,0,0,0,0
28588,0,0,0,0,0,106,0,0,0,0,0,0
28589,0,0,0,0,0,0,0,0,0,0,71,0
28590,0,0,0,0,0,0,0,0,0,0,6,0
28591,141,133,6,1,0,0,0,0,0,0,0,0
28592,0,1,95,0,0,0,0,0,0,1,0,0
28593,0,0,0,0,0,0,6,1,0,0,0,0
28594,0,394,0,0,0,0,0,0,0,0,0,0
28595,0,0,0,0,1,1,0,0,0,0,0,0
28596,0,0,0,0,0,0,0,1,0,0,0,0
28597,0,0,0,0,0,0,0,1,0,0,0,0
28598,0,0,0,0,0,7,0,0,0,0,0,0
28599,76,0,0,0,0,0,0,0,0,0,0,0
28600,0,0,0,0,0,639,0,0,0,0,2,0
28601,0,0,0,0,0,1,0,0,0,0,0,0
28602,0,0,0,1,0,0,0,0,0,0,0,0
28603,0,0,0,0,0,197,0,0,0,0,9687,0
28604,0,0,0,0,0,1,0,0,0,0,0,0
28605,5,0,0,0,0,0,0,0,0,0,0,0
28606,0,0,0,0,0,7,0,0,0,0,3378,0
28607,0,0,0,0,0,1,0,0,0,0,0,0
28608,0,0,0,0,0,0,0,0,0,0,0,0
28609,0,0,0,0,0,0,0,0,0,0,425,0
28610,0,0,0,0,0,0,0,0,0,98,365,2
28611,0,0,0,3,1,0,0,0,0,0,0,0
28612,21,115,6,0,0,0,1,0,0,0,0,0
28613,0,0,0,0,0,0,0,1,0,0,0,0
28614,0,0,0,0,0,0,0,0,2,0,0,0
28615,15,107,313,0,0,0,0,0,0,0,0,0
28616,1,0,0,0,0,0,0,0,0,0,0,0
28617,0,0,0,0,0,0,0,0,0,0,0,0
28618,8,0,0,653,23,357,0,0,0,0,0,0
28619,0,0,0,0,0,0,2,2,0,0,0,0
28620,0,0,0,0,0,0,0,2,0,0,0,0
28621,0,0,0,0,1,0,780,354,2,0,0,0
28622,0,0,0,0,0,0,0,0,0,0,8,1
28623,0,0,0,0,0,0,0,0,0,0,7,0
28624,494,354,10,3,0,0,0,0,0,0,0,0
28625,0,0,0,0,0,0,1,2,68,0,0,1
28626,8,10,12,0,0,0,0,0,0,0,0,0
28627,22,78,12,1,0,0,0,0,0,0,0,0
28628,0,0,0,0,24,0,35,5127,645,0,9,30
28629,0,0,0,0,0,0,0,0,0,31,106,7
28630,0,0,0,30,23,165,0,0,0,0,0,0
28631,0,1,0,0,0,0,226,0,16,0,0,0
28632,0,0,0,0,3,0,198,584,244,0,0,1
28633,0,110,15,0,0,0,0,0,0,0,0,0
28634,0,0,0,0,0,0,0,0,0,85,16,1
28635,0,0,0,0,9,4,0,0,0,0,0,0
28636,0,0,0,4,43,64,0,0,0,0,0,0
28637,0,0,0,0,0,1,0,0,0,14,354,10
28638,0,0,0,0,0,13,0,0,0,273,1117,2
28639,0,0,0,0,0,0,0,0,0,103,222,2
28640,0,0,0,0,1,4,0,0,0,0,0,0
28641,15,0,0,0,0,0,0,0,0,0,0,0
28642,0,0,0,0,0,1234,0,0,0,0,4,0
28643,0,0,0,0,0,0,136,3,0,0,0,0
28644,0,0,0,0,0,0,75,0,0,0,0,0
28645,0,0,0,6,0,54,0,0,0,0,1,0
28646,0,0,0,0,0,0,94,121,0,0,0,0
28647,0,0,0,0,0,0,0,0,0,13,496,3
28648,0,0,0,6,2,101,0,0,0,0,0,0
28649,15,18,0,0,0,0,0,0,0,0,0,0
28650,10,132,30,0,0,0,0,0,0,0,0,0
28651,0,0,0,0,0,54,0,0,0,78,6537,7
28652,0,34,19,0,0,0,0,0,0,0,0,0
28653,29,119,7,0,0,0,0,0,0,0,0,0
28654,10,138,9,0,0,0,0,0,0,0,0,0
28655,0,0,0,0,2,0,191,679,222,0,0,2
28656,1,25,5,0,0,0,0,0,0,0,0,0
28657,0,0,0,0,0,112,0,0,0,64,12036,42
28658,0,0,0,0,0,0,149,15,0,0,0,0
28659,0,0,0,0,0,0,127,3,1,0,0,0
28660,0,0,0,0,0,0,0,0,0,11,220,2
28661,0,215,20,0,0,0,1,0,0,0,0,0
28662,0,0,0,0,0,117,0,0,0,0,0,0
28663,0,0,0,0,0,1,0,0,0,4,104,2
28664,78,218,6,0,0,0,0,0,0,0,0,0
28665,0,0,0,4,0,123,0,0,0,0,0,0
28666,183,362,2,0,0,0,0,0,0,0,0,0
28667,0,0,0,0,0,0,0,0,0,0,0,0
28668,0,0,0,0,0,0,1,2,0,0,0,0
28669,0,0,0,0,0,0,1,1,1,0,0,0
28670,0,0,0,0,0,0,1,1,0,0,0,0
28671,0,0,0,0,1,35,0,0,0,0,0,0
28672,0,0,0,84,0,35,0,0,0,0,0,0
28673,0,0,0,0,0,0,78,110,1,0,0,0
28674,0,0,0,0,0,0,0,0,0,8,1265,20
28675,75,77,4,0,0,0,0,0,0,0,0,0
28676,2,131,0,0,0,0,1,0,0,0,0,0
28677,0,0,0,0,0,46,0,0,0,239,10455,1
28678,0,0,0,105,9,113,0,0,0,0,0,0
28679,0,0,0,0,0,0,15,0,130,0,0,0
28680,12,78,189,0,0,0,0,0,0,86,0,0
28681,0,1,0,0,7,0,316,1970,5,0,0,0
28682,0,4,0,0,0,0,265,3,8,0,0,0
28683,0,0,0,0,0,0,54,135,6,0,0,0
28684,260,245,30,1,0,0,0,0,0,1,0,0
28685,0,0,0,0,2,0,0,581,0,0,0,0
28686,0,0,0,0,0,0,0,0,0,0,4,0
28687,0,0,3,0,0,2,0,0,0,215,1246,1
28688,0,0,0,6,25,499,0,0,0,0,3,0
28689,0,0,0,0,8,44,0,0,0,0,0,0
28690,0,0,0,0,24,0,162,4913,308,0,0,1
28691,25,22,25,0,0,0,0,0,0,0,0,0
28692,10,136,184,0,0,0,1,0,0,1,0,0
28693,0,0,0,4,1,1107,0,0,0,0,9,0
28694,6,64,0,0,0,0,0,0,0,0,0,0
28695,0,0,0,0,0,7,0,0,0,8,1853,22
28696,34,70,469,0,0,0,0,0,0,0,0,0
28697,0,0,0,0,0,3,0,0,0,77,2997,6
28698,0,0,0,0,0,0,0,0,0,100,241,18
28699,668,2057,69,0,0,0,18,2,0,0,0,0
28700,1,1,0,0,0,0,0,0,0,0,0,0
28701,1,0,0,0,0,0,0,0,0,0,0,0
28702,0,142,0,0,0,0,0,0,0,0,0,0
28703,0,1,0,0,1,0,338,1585,1614,0,2,4
28704,202,338,33,1,0,0,0,0,0,0,0,0
28705,0,0,0,14,19,958,0,0,0,0,7,0
28706,0,0,0,0,0,2,0,0,0,47,3051,0
28707,24,50,0,0,0,0,0,0,0,0,0,0
28708,0,0,0,0,0,75,0,0,0,93,12059,16
28709,5,14,0,0,0,0,0,0,0,0,0,0
28710,0,0,0,0,0,1,0,0,0,0,0,0
28711,0,0,0,111,0,98,0,0,0,0,0,0
28712,0,0,0,0,0,0,522,11,1,0,0,0
28713,0,0,0,0,0,0,82,5,10,0,0,0
28714,0,0,0,0,0,1,0,0,0,14,211,0
28715,145,156,0,0,0,0,0,0,0,0,0,0
28716,0,0,0,0,0,0,0,0,0,17,177,0
28717,0,0,0,0,0,2,0,0,0,70,819,11
28718,0,0,0,0,0,0,0,0,0,0,1,1
28719,0,0,0,0,0,0,1,4,1,0,0,0
28720,0,0,0,0,0,2,0,0,0,19,1732,9
28721,9,7,42,0,0,0,0,0,0,0,0,0
28722,12,92,16,0,0,0,0,0,0,0,0,0
28723,0,0,0,0,4,710,0,0,0,0,2,0
28724,0,0,0,0,0,227,0,0,0,24,2651,9
28725,0,0,0,0,0,5,0,0,0,76,3616,6
28726,1,0,0,209,9,101,0,0,0,0,0,0
28727,0,0,0,0,26,0,241,5168,21,0,9,0
28728,0,0,0,0,0,0,0,0,0,40,1366,18
28729,0,0,0,7,656,319,0,3,0,0,0,0
28730,2,8,1,0,0,0,5,0,0,0,0,0
28731,2,5,1,0,0,0,0,0,0,0,0,0
28732,0,0,0,0,0,0,0,0,0,2,1168,1
28733,15,119,2,0,0,0,0,0,0,0,0,0
28734,57,50,12,0,0,0,0,0,0,0,0,0
28735,0,0,0,2,1,987,0,0,0,0,3,0
28736,0,0,0,0,0,0,69,460,4,0,0,0
28737,0,0,0,0,0,15,0,0,0,28,1279,3
28738,0,0,0,149,6,150,0,0,0,0,3,0
28739,0,0,0,0,12,0,6,2685,4,0,0,0
28740,0,0,0,0,0,0,0,0,1,1,65,110
28741,266,122,60,0,0,0,0,0,0,0,0,0
28742,0,177,24,0,0,0,1,0,0,0,0,0
28743,0,0,0,0,2,220,0,0,0,0,1,0
28744,0,0,0,0,0,24,0,0,0,78,4283,2
28745,0,0,0,0,0,0,23,98,18,0,0,0
28746,0,0,0,0,1,10,0,0,0,0,0,0
28747,0,0,0,0,3,0,185,1090,80,0,0,0
28748,0,0,0,0,0,9,0,0,0,34,1703,71
28749,0,0,0,0,0,6,0,0,0,0,0,0
28750,22,54,18,0,0,0,0,0,0,0,0,0
28751,0,0,0,0,0,0,0,0,0,12,0,1
28752,26,24,1,0,0,0,0,0,0,0,0,0
28753,1,57,7,0,0,0,0,0,0,0,0,0
28754,0,0,0,0,0,1,0,0,0,118,1347,15
28755,0,0,0,8,1,4,0,0,0,0,0,0
28756,0,0,0,29,20,126,0,0,0,0,0,0
28757,0,0,0,0,0,1,0,0,0,15,357,8
28758,0,0,1,0,0,0,0,0,0,162,291,4
28759,0,0,0,155,98,1583,0,0,0,0,55,0
28760,0,0,0,0,0,0,0,0,1,119,1,75
28761,359,50,20,6,0,0,1,0,0,0,0,0
28762,45,122,105,0,0,0,1,0,0,0,0,0
28763,0,0,0,0,0,0,150,0,27,0,0,0
28764,0,1,0,0,0,0,116,327,16,0,0,0
28765,23,110,30,0,0,0,1,0,0,0,0,0
28766,3,472,1,0,0,0,3,0,0,0,0,0
28767,0,0,0,1,0,15,0,0,0,5,678,1
28768,165,211,14,0,0,0,2,0,0,0,0,0
28769,12,35,116,0,0,0,0,0,0,11,0,0
28770,0,0,0,0,0,38,0,0,0,10,1091,3
28771,158,127,3,2,0,0,3,0,0,0,0,0
28772,0,0,0,2,9,124,0,0,0,0,0,0
28773,0,0,0,0,6,24,0,0,0,0,0,0
28774,0,1,0,0,0,0,140,479,10,0,0,0
28775,0,0,0,0,0,13,0,0,0,43,1876,26
28776,0,0,3,0,0,0,0,0,0,336,95,7
28777,89,373,201,0,0,0,1,0,0,0,0,0
28778,1,0,2,0,0,0,0,0,0,0,0,0
28779,3,149,7,0,0,0,0,0,0,0,0,0
28780,1,117,6,0,0,0,0,0,0,0,0,0
28781,0,1,0,0,0,0,70,13,4,0,0,0
28782,0,0,0,0,0,0,7,5,6,0,0,0
28783,0,0,0,0,0,0,0,0,0,10,201,1
28784,0,0,0,31,8,39,0,0,0,0,0,0
28785,0,0,0,12,5,2,0,0,0,0,0,0
28786,0,0,0,0,0,0,0,0,0,11,112,0
28787,0,0,0,0,0,12,0,0,0,0,0,0
28788,3,1,0,0,0,0,0,0,0,0,0,0
28789,0,0,0,0,0,5,0,0,0,2,1311,0
28790,0,0,0,0,0,0,77,145,2,0,0,0
28791,0,0,0,0,0,1,0,0,0,1,1554,0
28792,1797,207,22,6,0,0,0,0,0,0,0,0
28793,0,0,0,0,0,0,0,2,4,0,0,0
28794,1,1,0,0,0,0,0,0,0,0,0,0
28795,0,872,0,0,0,0,0,0,0,0,0,0
28796,0,0,0,0,0,0,6,0,1,0,0,0
28797,0,0,0,0,0,0,0,2,0,0,0,0
28798,0,1,0,0,0,0,575,1357,1,0,0,0
28799,1,5,3,0,0,0,0,0,0,0,0,0
28800,0,0,0,0,0,0,6,6,1,0,0,0
28801,0,0,0,0,0,5,0,0,0,2,1120,0
28802,0,49,10,0,0,0,0,0,0,0,0,0
28803,0,3,0,0,0,0,66,28,0,0,0,0
28804,1,1431,6,0,0,0,7,0,0,0,0,0
28805,0,0,0,0,0,0,286,71,0,0,0,0
28806,0,0,0,0,0,0,353,283,7,0,0,0
28807,0,0,1,0,0,0,0,0,0,232,1430,2
28808,0,6,0,0,72,0,2050,274,9,0,0,0
28809,0,0,0,0,31,0,211,374,4,0,0,0
28810,0,0,0,0,0,0,0,0,0,27,376,5
28811,34,50,4,0,0,0,0,0,0,0,0,0
28812,0,0,0,0,3,0,74,769,201,0,0,0
28813,0,0,0,1,5,267,0,0,0,0,1,0
28814,0,0,0,0,0,0,0,0,0,30,16,40
28815,308,47,5,0,0,0,0,0,0,0,0,0
28816,36,238,39,0,0,0,1,0,0,2,0,0
28817,0,0,0,0,1,0,173,3293,60,0,0,0
28818,0,0,1,0,0,1,0,0,0,42,145,1
28819,0,0,0,0,0,1,0,0,0,226,199,8
28820,1,0,0,1274,128,92,0,0,0,0,0,0
28821,0,0,9,0,0,0,0,0,0,2566,42,3
28822,0,0,0,54,33,108,0,0,0,0,0,0
28823,0,0,0,1,3,28,0,0,0,0,0,0
28824,0,0,0,0,0,0,0,0,0,12,27,3
28825,0,0,0,9,79,120,0,0,0,0,0,0
28826,0,0,0,0,0,0,0,0,0,12,586,9
28827,0,0,0,0,1,0,91,116,130,0,0,0
28828,0,0,0,0,21,145,0,0,0,0,0,0
28829,0,0,0,8,14,84,0,0,0,0,0,0
28830,0,0,2,0,0,14,0,0,0,546,333,0
28831,0,0,6,0,0,4,0,0,0,266,642,4
28832,0,0,0,26,35,127,0,0,0,0,0,0
28833,0,0,0,0,0,31,0,0,0,0,3541,0
28834,73,199,6,0,0,0,4,0,0,0,0,0
28835,0,0,0,1,5,69,0,0,0,0,1,0
28836,0,0,0,0,0,3,0,0,0,1,507,0
28837,13,69,5,0,0,0,9,0,0,0,0,0
28838,0,0,0,0,0,1,0,0,0,43,135,1
28839,0,3,0,0,0,0,236,184,2,0,0,0
28840,0,0,0,1,1,44,0,0,0,0,0,0
28841,16,146,25,0,0,0,0,0,0,0,0,0
28842,0,0,0,0,11,0,277,2070,3,0,0,0
28843,0,0,0,2,417,97,0,1,0,0,2,0
28844,0,0,0,0,0,0,0,0,0,43,131,0
28845,0,6,0,0,2,0,563,258,8,0,0,0
28846,0,0,1,0,0,53,0,0,0,94,2647,10
28847,100,91,5,0,0,0,0,0,0,0,0,0
28848,4,43,6,0,0,0,0,0,0,0,0,0
28849,0,0,0,0,0,52,0,0,0,29,3762,65
28850,84,98,7,0,0,0,0,0,0,0,0,0
28851,0,0,0,0,16,0,297,4329,844,0,0,3
28852,0,0,0,0,86,125,0,0,0,0,0,0
28853,0,0,0,8,503,172,0,8,0,0,0,0
28854,0,0,0,0,0,199,0,0,0,0,34329,0
28855,176,311,17,0,0,0,1,0,0,0,0,0
28856,1,65,457,0,0,0,0,0,0,0,0,0
28857,0,14,0,0,9,0,777,2850,358,0,0,0
28858,76,281,92,0,0,0,0,0,0,0,0,0
28859,38,43,81,0,0,0,0,0,0,0,0,0
28860,192,364,25,0,0,0,3,0,0,0,0,0
28861,0,0,0,1,36,125,0,0,0,0,1,0
28862,4,0,0,242,14,240,0,0,0,0,2,0
28863,0,0,0,0,0,7,0,0,0,0,1857,0
28864,87,65,6,0,0,0,0,0,0,0,0,0
28865,0,30,8,0,0,0,0,0,0,0,0,0
28866,0,0,0,0,0,0,0,0,0,91,739,6
28867,0,0,0,89,78,230,0,1,0,0,0,0
28868,0,0,0,0,0,32,0,0,0,136,3343,2
28869,0,0,1,1,5,6876,0,0,0,185,80677,2
28870,291,345,37,0,0,0,1,0,0,0,0,0
28871,0,1,0,0,3,0,329,1465,1,0,0,0
28872,0,0,0,0,0,0,384,96,1,0,0,0
28873,0,0,0,0,0,0,0,0,0,291,324,10
28874,84,325,75,0,0,0,0,0,0,0,0,0
28875,0,0,0,0,1,0,238,117,0,0,0,0
28876,0,0,0,0,0,0,0,0,0,1,599,0
28877,27285,169,28,463,0,3,0,0,0,0,0,0
28878,0,14,0,0,10,0,1125,7851,26384,5,29,501
28879,2,0,0,139,6564,208,2,80,0,0,2,0
28880,32,7009,6,1,0,0,4637,0,0,0,0,0
28881,76,2376,9,574,9267,443,630197,1450706,7,0,1,3
28882,5,2855,4,0,2,0,630264,804,119,0,0,3
28883,0,0,0,0,0,0,664,0,629983,11,9,2737
28884,0,0,0,0,5,2,214,1127,26498,0,0,382
28885,18,204,45,0,0,0,1,0,0,0,0,0
28886,25,38,24,0,0,0,0,0,0,0,0,0
28887,0,0,1,0,1,629,0,0,0,215,56488,74
28888,0,0,0,15,21,888,0,0,0,0,15,1
28889,0,0,0,40,44,599,0,0,0,0,0,0
28890,0,0,0,0,0,14,0,0,0,45,2567,33
28891,0,0,0,29,290,289,0,1,0,0,0,0
28892,0,0,3,0,0,6,0,0,0,348,4919,7
28893,0,0,0,0,0,8,0,0,0,82,2284,46
28894,0,0,0,44,21,88,0,0,0,0,0,0
28895,0,0,0,0,336,0,128,19784,144,0,0,0
28896,0,0,1,0,0,6,0,0,39,80,1167,251
28897,0,0,0,2,3,254,0,0,0,0,0,0
28898,4,123,16,1,0,0,4,0,0,0,0,0
28899,0,0,0,0,38,0,528,2827,360,0,0,1
28900,88,219,43,0,0,0,1,0,0,0,0,0
28901,133,162,28,0,0,0,0,1,0,1,0,0
28902,0,0,0,66,12,321,0,0,0,0,1,0
28903,0,4,0,16,10,0,219,2588,79,0,0,2
28904,0,5,0,0,8,0,514,1280,10,0,0,0
28905,0,0,0,0,0,21,0,0,0,44,2425,4
28906,0,0,0,123,12,144,0,0,0,0,1,0
28907,0,0,0,0,2,0,228,674,14,0,0,0
28908,0,1,0,0,18,0,192,1819,4,0,0,0
28909,0,0,0,0,0,83,0,0,0,11,5637,0
28910,1851,59,10,15,0,0,0,0,0,0,0,0
28911,75,107,27,5,0,0,0,0,0,0,0,0
28912,0,0,0,11,2,264,0,0,0,0,0,0
28913,0,1,0,3,5,0,344,1813,54,0,0,3
28914,0,0,0,0,0,0,111,76,39,0,0,0
28915,0,0,2,0,0,185,0,0,0,46,2201,3
28916,0,0,0,31,12545,11,311,1342112,1,0,0,0
28917,0,183,0,0,28,0,407,394,590,0,0,1
28918,0,0,0,3,2,579,0,0,0,0,4,0
28919,0,0,0,0,0,0,18,29,23,0,0,0
28920,4,16,1,0,0,0,0,0,0,0,0,0
28921,0,0,0,763,5,497,0,0,0,0,2,0
28922,0,0,0,0,10,0,105,1542,89,0,0,0
28923,0,0,0,0,0,3,0,0,0,11,335,37
28924,0,0,0,50,33,385,0,1,0,0,2,0
28925,0,1,0,0,7,0,308,1481,16,0,0,0
28926,0,0,0,0,0,0,0,0,0,9,107,20
28927,0,0,0,12,28,129,0,0,0,0,1,0
28928,0,0,0,0,0,2,0,0,0,498,748,51
28929,0,0,0,0,0,3,0,0,0,0,0,0
28930,0,0,0,100,13,118,0,0,0,0,0,0
28931,0,0,0,0,0,0,111,298,2,0,0,0
28932,0,0,0,1,1,216,0,0,0,1,47316,17
28933,0,0,0,6,47,249,0,0,0,0,0,0
28934,0,0,0,4,21,212,0,0,0,0,1,0
28935,0,0,0,0,5,13,0,0,0,0,0,0
28936,0,0,0,0,20,0,173,603,5,0,0,0
28937,0,0,0,0,0,7,0,0,0,47,449,20
28938,0,0,0,5,1,3,0,0,0,0,0,0
28939,0,0,0,0,2,0,202,623,2,0,0,0
28940,0,0,1,0,0,0,0,0,0,85,310,1
28941,0,0,0,0,1,1,0,0,0,0,0,0
28942,0,1,0,0,0,0,104,119,11,0,0,0
28943,0,0,0,0,0,0,0,0,0,15,177,1
28944,0,0,0,1,0,1,0,0,0,0,0,0
28945,0,0,0,25,0,116,0,0,0,0,0,0
28946,0,0,0,0,0,0,15,24,12,0,0,0
28947,0,13,8,0,0,0,0,0,0,0,0,0
28948,0,0,0,0,0,30,0,0,0,15,5690,5
28949,2,1,10,0,0,0,0,0,0,0,0,0
28950,0,1,0,0,0,0,153,35,2,0,0,0
28951,1,509,2,0,0,0,1,0,0,0,0,0
28952,0,0,0,50,25,95,0,4,0,0,0,0
28953,0,0,0,0,1,1,0,0,0,0,0,0
28954,0,1,0,0,0,0,131,81,1,0,0,0
28955,8,5,25,0,0,0,0,0,0,0,0,0
28956,0,59,10,0,0,0,0,0,0,1,0,0
28957,0,0,3,0,0,13,0,0,0,465,3453,1
28958,0,0,0,0,0,0,0,0,0,57,3,8
28959,21,201,1,0,0,0,6,0,0,0,0,0
28960,0,0,0,0,22,0,65,3590,61,0,0,0
28961,0,0,0,0,0,32,0,0,0,126,4325,3
28962,0,0,0,0,0,1,0,0,0,0,0,0
28963,0,0,0,47,11,284,0,0,0,0,0,0
28964,0,0,0,0,0,0,4,53,2,0,0,0
28965,1,22,6,0,0,0,0,0,0,0,0,0
28966,0,0,0,0,0,0,358,360,4,0,0,0
28967,63,4274,16,0,0,0,11,0,0,0,0,0
28968,0,1,0,0,1,0,177,84,16,0,1,0
28969,0,0,0,0,0,3,0,0,0,165,845,1
28970,0,3,2,0,0,0,0,0,0,0,0,0
28971,14,25,6,0,0,0,1,0,0,0,0,0
28972,28,85,27,0,0,0,0,0,0,0,0,0
28973,49,291,35,0,0,0,3,0,0,1,0,0
28974,0,0,0,11,24,95,0,0,0,0,0,0
28975,1,20645,0,4,607,1,30048,16530,11133,1,53,197
28976,0,0,0,7,45,128,0,0,0,0,0,0
28977,0,0,1,3,6,1254,0,0,0,42,315840,2
28978,0,0,0,104,90,259,0,1,0,0,0,0
28979,0,1,0,0,0,0,291,326,3,0,0,0
28980,0,3,0,0,3,0,286,1114,42,0,0,0
28981,0,0,0,0,0,121,0,0,0,0,0,0
28982,0,6,2,0,0,0,0,0,0,0,0,0
28983,34,246,3,0,0,0,1,0,0,0,0,0
28984,31,73,15,0,0,0,0,0,0,0,0,0
28985,0,0,0,0,0,0,0,0,0,0,0,0
28986,0,0,0,0,1,0,142,306,4,0,0,0
28987,0,0,2,0,0,1,0,0,0,27,210,0
28988,0,0,0,0,0,0,0,0,0,71,0,2
28989,67,38,11,1,0,0,0,0,0,0,0,0
28990,395,33,12,3,0,0,0,0,0,0,0,0
28991,0,0,0,0,0,2,0,0,0,44,4,31
28992,38,96,3,2,0,0,9,0,0,0,0,0
28993,20,177,12,0,0,0,0,0,0,0,0,0
28994,0,0,3,0,0,0,0,0,0,127,4,10
28995,217,51,11,15,0,0,4,0,0,0,0,0
28996,37,95,10,2,0,0,3,0,0,0,0,0
28997,0,0,1,0,0,0,0,0,0,48,2,10
28998,137,162,25,2,0,0,18,0,0,0,0,0
28999,72,163,30,2,0,0,2,0,0,1,0,0
29000,0,8,0,0,140,0,483,3589,7,0,0,0
29001,0,0,0,0,5,0,85,250,0,0,0,0
29002,0,0,9,0,0,3,0,0,0,833,199,1
29003,0,0,3,0,0,0,0,0,0,124,0,6
29004,197,53,12,6,0,0,0,0,0,1,0,0
29005,143,51,107,8,0,0,1,0,0,0,0,0
29006,4,44,158,0,0,0,0,0,0,1,0,0
29007,0,0,0,0,0,1,0,0,0,35,385,2
29008,0,0,0,30,10,89,0,0,0,0,0,0
29009,0,0,0,0,0,0,274,22,1,0,0,0
29010,0,0,0,1,13,37,0,0,0,0,2,0
29011,0,0,0,0,0,0,0,0,0,163,370,1
29012,19,44,3,0,0,0,0,0,0,0,0,0
29013,0,0,0,0,0,5,0,0,188,30,1177,292
29014,0,0,0,63,0,204,0,0,0,0,2,0
29015,1,1,3,0,0,0,0,0,0,0,0,0
29016,18,58,3,0,0,0,0,0,0,0,0,0
29017,0,12,0,0,0,0,499,291,113,0,0,0
29018,0,1,11,0,0,0,0,0,0,0,0,0
29019,7,37,2,0,0,0,1,0,0,0,0,0
29020,4,165,5,0,0,0,0,0,0,0,0,0
29021,0,0,0,29,78,69,0,0,0,0,0,0
29022,0,0,0,0,0,0,0,0,0,48,244,3
29023,0,0,0,82,10,243,0,0,0,0,1,0
29024,0,0,0,0,1,0,46,1331,4,0,0,0
29025,0,0,0,0,0,2,0,0,0,7,1567,8
29026,0,0,0,21,4,1667,0,0,0,0,5,0
29027,0,0,0,0,2,0,151,1697,2,0,0,0
29028,0,0,0,0,0,1,0,0,0,10,1243,11
29029,4,0,0,204,9,216,0,0,0,0,0,0
29030,0,0,0,0,0,0,34,13,4,0,0,0
29031,44,53,39,0,0,0,0,0,0,0,0,0
29032,0,0,0,0,2,0,339,385,10,0,0,0
29033,0,0,0,0,0,0,145,381,14,0,0,0
29034,0,0,0,0,0,0,0,0,0,11,296,0
29035,0,0,0,8,20,152,0,0,0,0,0,0
29036,0,0,0,5,17,20,0,0,0,0,0,0
29037,0,0,0,0,0,0,0,0,0,0,0,0
29038,0,0,0,1,4,143,0,0,0,0,0,0
29039,0,0,0,0,0,0,0,0,0,0,0,0
29040,40,407,12,0,0,0,1,0,0,0,0,0
29041,0,0,0,0,0,0,200,271,155,0,0,0
29042,0,0,2,0,0,0,0,0,0,0,0,0
29043,0,114,0,0,0,0,0,0,0,0,0,0
29044,0,8,0,0,0,0,1581,1,0,0,0,0
29045,0,0,0,0,0,0,0,0,0,11,104,1
29046,0,0,0,0,0,1,0,0,0,58,304,0
29047,0,0,0,26,39,174,0,0,0,0,0,0
29048,0,0,0,0,0,0,0,0,0,26,48,0
29049,0,0,0,0,0,0,34,23,0,0,0,0
29050,1,678,7,0,11,0,90785,435,2,0,0,0
29051,0,0,0,0,0,0,0,0,0,1,0,1
29052,250,2,6,5,0,0,0,0,0,0,0,0
29053,53,70,43,2,0,0,0,0,0,0,0,0
29054,0,0,0,0,0,0,0,0,0,0,0,0
29055,0,4,0,0,0,0,0,0,0,0,0,0
29056,0,201,0,0,0,0,1,0,0,0,0,0
29057,0,0,0,0,0,0,0,0,0,0,6,0
29058,0,0,0,0,0,0,0,0,0,0,0,0
29059,0,0,0,3,1,85,0,0,0,0,0,0
29060,19,15,0,0,0,0,0,0,0,0,0,0
29061,0,0,1,0,0,1,0,0,0,71,105,7
29062,0,0,0,107,10,121,0,0,0,0,0,0
29063,0,0,0,0,0,0,4,54,0,0,0,0
29064,0,0,0,0,0,0,0,0,0,0,8,0
29065,0,0,0,0,0,1,0,0,0,32,264,1
29066,40,17,0,0,0,0,0,0,0,0,0,0
29067,0,0,0,0,0,5,0,0,0,28,1269,46
29068,0,0,0,0,340,144,0,2,0,0,0,0
29069,0,0,0,0,0,0,0,0,0,0,0,0
29070,22,65,1,0,0,0,0,0,0,0,0,0
29071,3,286,6,0,0,0,1,0,0,0,0,0
29072,0,0,0,0,3,0,134,650,1,0,0,0
29073,0,0,0,0,0,0,0,0,0,3,534,3
29074,135,354,7,0,0,0,2,0,0,0,0,0
29075,0,0,0,2,0,40,0,0,0,0,0,0
29076,7,5,0,0,0,0,0,0,0,0,0,0
29077,0,0,0,0,0,27,0,0,0,1,3807,0
29078,9,8,2,0,0,0,0,0,0,0,0,0
29079,3,64,87,0,0,0,0,0,0,0,0,0
29080,0,0,0,1,1,150,0,0,0,0,0,0
29081,0,2,0,0,232,1,347,6608,222,0,0,0
29082,0,0,0,0,0,0,0,0,0,0,0,0
29083,64,60,9,0,0,0,0,0,0,0,0,0
29084,8,55,0,0,0,0,1,0,0,0,0,0
29085,0,0,0,0,0,9,0,0,0,0,2887,0
29086,220,101,3,0,0,0,0,0,0,0,0,0
29087,0,0,0,0,0,0,0,0,0,5,4,3
29088,178,14,0,0,0,0,0,0,0,0,0,0
29089,28,91,6,0,0,0,0,0,0,0,0,0
29090,0,0,0,0,2,0,7,1437,0,0,0,0
29091,0,0,0,0,0,0,0,0,0,0,26,0
29092,0,0,0,10,62,160,0,0,0,0,0,0
29093,0,0,0,0,0,2,0,0,0,0,0,0
29094,0,0,0,9,0,0,0,0,0,0,0,0
29095,0,0,0,0,0,82,0,0,0,1,14777,0
29096,0,0,0,0,0,0,13,20,0,0,0,0
29097,0,0,0,0,0,0,3,3,1,0,0,0
29098,0,0,0,0,0,1,0,0,0,42,677,0
29099,0,30,29,0,0,0,1,0,0,0,0,0
29100,0,0,0,0,0,0,114,77,2,0,0,0
29101,1,99,10,0,0,0,0,0,0,0,0,0
29102,0,0,0,0,0,0,0,0,0,0,2,0
29103,0,0,0,0,0,0,0,0,0,0,0,0
29104,0,0,0,1,2,156,0,0,0,0,0,0
29105,0,0,0,0,0,0,0,1,0,0,0,0
29106,0,0,0,0,0,0,0,0,0,0,0,0
29107,0,0,0,12,2,184,0,0,0,0,1,0
29108,0,0,0,0,0,2,0,0,0,116,1839,2
29109,0,0,2,0,0,3,0,0,0,2277,479,5
29110,475,286,13,0,0,0,2,0,0,0,0,0
29111,0,0,0,0,0,0,2,2,12,0,0,0
29112,31,15,6,0,0,0,0,0,0,0,0,0
29113,13,388,13,0,0,0,4,0,0,0,0,0
29114,0,0,0,0,0,0,0,0,0,162,0,7
29115,276,21,2,0,0,0,0,0,0,0,0,0
29116,75,43,33,0,0,0,0,0,0,0,0,0
29117,211,27,1,0,0,0,0,0,0,0,0,0
29118,0,0,0,0,0,1,0,0,0,36,653,1
29119,0,0,0,0,0,9,0,0,0,164,3568,76
29120,0,0,0,0,0,0,0,0,0,17,1,7
29121,86,83,0,0,0,0,0,0,0,0,0,0
29122,18,71,21,0,0,0,0,0,0,0,0,0
29123,0,0,0,0,0,0,2,5,0,0,0,0
29124,0,0,0,0,0,0,1,0,4,0,0,0
29125,19,162,14,0,0,0,0,0,0,0,0,0
29126,0,0,1,0,0,0,0,0,0,0,0,0
29127,1,5,1,0,0,0,0,0,0,0,0,0
29128,0,0,0,0,1,202,0,0,0,0,0,0
29129,0,0,0,0,0,13,0,0,0,0,0,0
29130,0,0,0,0,0,23,0,0,0,0,0,0
29131,0,0,0,0,1,762,0,0,0,0,3,0
29132,0,0,0,0,0,0,0,1,28,0,0,0
29133,0,0,0,0,0,0,1,0,0,0,0,0
29134,0,1,0,0,0,0,758,247,5,0,0,0
29135,0,3,0,0,0,0,815,0,0,0,0,0
29136,0,1,0,0,0,0,0,0,0,0,0,0
29137,0,0,0,0,0,2,0,0,0,1,1122,0
29138,0,0,0,0,0,0,0,0,0,28,0,5
29139,372,52,24,0,0,0,0,0,0,0,0,0
29140,0,2,0,0,2,0,741,2364,338,0,0,1
29141,0,0,0,0,1,0,12,5,56,0,0,0
29142,29,14,15,0,0,0,0,0,0,0,0,0
29143,2,112,26,0,0,0,0,0,0,0,0,0
29144,0,0,0,0,0,4,0,0,0,5,4154,1
29145,0,0,0,3,0,0,0,0,0,0,0,0
29146,213,53,6,0,0,0,0,0,0,0,0,0
29147,0,128,44,0,0,0,0,0,0,0,0,0
29148,0,0,0,21,4,957,0,0,0,0,13,0
29149,0,0,0,0,0,3,0,0,0,20,3020,4
29150,0,11,7,0,0,0,0,0,0,0,0,0
29151,0,1,0,0,0,0,57,39,11,0,0,0
29152,7,51,10,0,0,0,0,0,0,0,0,0
29153,0,0,0,0,0,0,0,0,0,186,0,0
29154,95,120,1,0,0,0,0,0,0,0,0,0
29155,62,123,15,0,0,0,0,0,0,0,0,0
29156,0,0,0,0,0,0,0,0,0,0,0,0
29157,0,0,0,0,0,0,0,1,0,0,0,0
29158,11,39,39,0,0,0,0,0,0,0,0,0
29159,1,21,0,0,0,0,0,0,0,0,0,0
29160,0,0,0,0,0,6,0,0,0,8,1502,16
29161,0,0,0,0,7,65,0,0,0,0,0,0
29162,0,0,0,0,0,0,57,552,95,0,0,0
29163,2,149,31,0,0,0,0,0,0,1,0,0
29164,0,0,0,6,12,1165,0,0,0,0,3,0
29165,0,0,0,0,0,106,0,0,0,0,0,0
29166,8,2,0,0,0,0,0,0,0,0,0,0
29167,0,0,0,0,0,19,0,0,0,0,6942,0
29168,0,3,11,0,0,0,0,0,0,0,0,0
29169,19,67,8,0,0,0,0,0,0,0,0,0
29170,10,109,8,0,0,0,0,0,0,0,0,0
29171,0,0,0,0,0,86,0,0,0,15,4882,10
29172,43,468,9,0,0,0,0,0,0,0,0,0
29173,0,0,0,15,40,193,0,0,0,0,0,0
29174,0,0,0,0,0,1,0,0,0,0,0,0
29175,0,0,0,0,0,0,0,2,0,0,0,0
29176,0,0,0,0,0,0,0,1,1,0,0,0
29177,0,0,0,0,0,0,0,0,0,0,237,3
29178,0,0,0,0,0,0,0,0,0,4,1,2
29179,0,5,0,0,29,0,576,8383,101,0,0,3
29180,0,0,0,0,0,0,0,0,0,2,1,1
29181,94,18,1,0,0,0,0,0,0,0,0,0
29182,5,35,0,0,0,0,0,0,0,0,0,0
29183,2,168,17,0,0,0,0,0,0,0,0,0
29184,0,0,0,0,0,0,0,0,0,0,0,0
29185,0,0,0,428,1,101,0,0,0,0,0,0
29186,0,0,0,0,0,0,2,46,0,0,0,0
29187,0,0,0,0,0,0,0,0,0,0,13,0
29188,468,91,37,1,0,0,1,0,0,0,0,0
29189,0,0,0,0,0,0,0,0,0,17,1,2
29190,185,14,0,0,0,0,0,0,0,0,0,0
29191,45,72,40,0,0,0,0,0,0,0,0,0
29192,0,0,0,13,10,272,0,0,0,0,0,0
29193,0,0,0,11,9,0,0,0,0,0,0,0
29194,0,0,0,104,6,2614,0,0,0,0,140,0
29195,0,0,0,0,2,0,1,1447,0,0,0,0
29196,0,0,0,0,0,0,0,0,0,0,6,6
29197,0,0,0,0,0,113,0,0,0,134,8719,2
29198,0,0,0,0,0,0,0,0,0,1,2,1
29199,0,0,0,0,0,0,0,0,0,0,62,0
29200,0,0,0,0,0,21,0,0,0,64,5708,57
29201,101,141,0,0,0,0,0,0,0,0,0,0
29202,0,0,0,0,0,0,154,82,50,0,0,0
29203,0,0,0,0,0,7,0,0,0,1,1354,0
29204,0,0,0,0,2,0,192,190,18,0,0,0
29205,0,0,0,0,0,0,0,0,0,0,157,2
29206,0,0,0,78,50,155,0,0,0,0,0,0
29207,0,0,0,0,5,1,0,0,0,0,0,0
29208,0,0,0,0,0,0,0,0,0,0,6,0
29209,181,259,43,0,0,0,1,2,0,0,0,0
29210,0,0,0,0,0,0,0,270,0,0,0,0
29211,0,0,0,0,0,0,0,0,0,0,4,2
29212,0,4,0,0,5,0,1242,822,64,0,0,0
29213,0,0,0,0,0,1,0,0,0,0,0,0
29214,0,0,0,0,0,1,0,0,0,0,0,0
29215,0,0,0,0,0,1,0,0,0,0,566,0
29216,0,0,0,0,0,0,0,0,0,0,0,0
29217,0,0,0,3,0,0,0,0,0,0,0,0
29218,0,0,0,0,0,11,0,0,0,0,3786,0
29219,0,0,0,0,0,0,0,0,0,0,0,0
29220,0,0,0,0,0,0,7,3,2,0,0,0
29221,91,267,42,0,0,0,0,0,0,0,0,0
29222,41,103,22,0,0,0,0,0,0,0,0,0
29223,0,0,0,0,1,114,0,0,0,0,0,0
29224,0,0,0,0,0,0,127,271,4,0,0,0
29225,0,0,0,0,19,0,0,0,0,0,0,0
29226,0,0,0,0,0,0,0,0,0,1,2,0
29227,0,2,0,0,443,0,875,6275,17,0,0,0
29228,0,0,0,0,0,0,0,0,0,1,49,0
29229,0,2,0,0,0,0,863,9,0,0,0,0
29230,0,0,0,0,0,10,0,0,0,6,1265,3
29231,89,148,8,0,0,0,0,0,0,0,0,0
29232,0,0,0,0,0,4,0,0,0,0,0,0
29233,1,0,0,89,7,279,0,0,0,0,1,0
29234,0,1,0,0,0,0,210,118,6,0,0,0
29235,0,0,0,0,0,0,203,190,2,0,0,0
29236,0,0,0,0,1,3,0,0,0,15,1332,1
29237,78,519,9,0,0,0,1,0,0,0,0,0
29238,0,0,0,14,0,146,0,0,0,0,0,0
29239,0,0,0,0,1,0,311,535,55,0,1,0
29240,0,0,0,0,0,0,55,1,16,0,0,0
29241,6,17,21,0,0,0,0,0,0,0,0,0
29242,68,121,5,0,0,0,0,0,0,0,0,0
29243,0,1,0,0,0,0,142,48,4,0,0,0
29244,0,0,0,0,8,256,0,0,0,0,1,0
29245,0,0,0,0,0,0,0,0,0,21,224,2
29246,9,55,0,0,0,0,0,0,0,0,0,0
29247,0,0,2,0,0,4,0,0,0,37,1611,9
29248,22,79,6,0,0,0,0,0,0,0,0,0
29249,0,0,0,0,0,16,0,0,0,34,2890,1
29250,0,0,0,0,0,0,0,0,0,172,1515,64
29251,0,0,0,22,36,231,0,0,0,0,0,0
29252,0,0,0,5,37,9,0,0,0,0,0,0
29253,0,0,0,0,0,88,0,0,0,0,25671,13
29254,0,10,0,0,26,0,1562,9216,58,0,0,0
29255,0,0,0,0,0,0,28,3,3,0,0,0
29256,0,0,0,0,0,0,27,47,5,0,0,0
29257,116,102,301,0,0,0,1,0,0,0,0,0
29258,7,54,2,0,0,0,0,0,0,0,0,0
29259,0,0,0,0,0,0,0,0,0,3,98,1
29260,0,9,0,0,23,0,1685,3760,225,0,0,0
29261,0,0,0,0,0,18,0,0,0,0,0,0
29262,0,0,0,0,2,0,0,1255,0,0,0,0
29263,0,0,0,0,0,0,0,65,1,0,0,0
29264,0,0,0,0,0,64,0,0,0,0,0,0
29265,0,0,0,0,0,2,0,0,0,0,0,0
29266,0,13,0,0,1,0,3014,758,196,0,0,0
29267,15,35,2,0,0,0,0,0,0,0,0,0
29268,0,0,0,0,0,0,0,0,0,16,225,52
29269,0,0,1,0,0,1,0,0,0,1343,841,6
29270,0,0,0,0,0,17,0,0,0,0,0,0
29271,11,0,0,0,0,0,0,0,0,0,0,0
29272,0,0,0,0,0,35,0,0,0,0,9176,0
29273,49,182,0,0,0,0,0,0,0,0,0,0
29274,0,0,0,0,0,13,0,0,0,37,2840,84
29275,12,48,10,0,0,0,0,0,0,0,0,0
29276,0,0,0,0,0,0,1,1,0,0,0,0
29277,0,0,0,0,0,0,0,1,0,0,0,0
29278,0,0,0,2,28,38,0,0,0,0,0,0
29279,0,1,0,0,11,0,72,273,1,0,0,0
29280,0,0,0,0,0,0,0,0,0,16,702,0
29281,0,0,0,0,0,0,0,0,0,19,989,50
29282,203,210,15,0,0,0,1,0,0,0,0,0
29283,0,0,0,0,0,28,0,0,0,0,0,0
29284,0,0,0,0,0,8,0,0,0,172,3672,17
29285,0,1,0,0,0,0,0,0,0,0,0,0
29286,3,22,1,0,0,0,1,0,0,0,0,0
29287,3,119,1,0,0,0,0,0,0,0,0,0
29288,0,0,0,5,11,2363,0,0,0,0,12,0
29289,0,0,0,0,9,1,0,0,0,0,0,0
29290,0,0,0,0,1,0,267,206,3,0,0,0
29291,0,0,0,0,0,0,278,71,4,0,0,0
29292,11,74,21,0,0,0,0,0,0,0,0,0
29293,0,0,0,24,1,90,0,0,0,0,0,0
29294,0,0,0,0,0,0,36,102,89,0,0,6
29295,17,15,11,0,0,0,0,0,0,0,0,0
29296,0,0,0,0,0,18,0,0,0,24,6383,26
29297,1,4,4,0,0,0,0,0,0,0,0,0
29298,14,37,5,0,0,0,0,0,0,0,0,0
29299,55,219,72,0,0,0,1,0,0,0,0,0
29300,0,2,0,0,0,0,93,279,820,0,0,12
29301,23,780,12,0,0,0,1,0,0,0,0,0
29302,0,0,0,0,8,604,0,0,0,0,3,0
29303,0,0,0,0,0,2,0,0,0,60,659,2
29304,0,0,0,0,0,1,0,0,0,41,250,0
29305,260,71,9,0,0,0,0,0,0,0,0,0
29306,25,4,23,0,0,0,0,0,0,0,0,0
29307,18,1003,91,0,0,0,1,3,0,0,0,0
29308,0,0,0,10,4,155,0,0,0,0,0,0
29309,0,0,0,0,0,14,0,0,0,0,0,0
29310,0,0,0,0,0,8,0,0,0,0,0,0
29311,0,0,0,0,0,60,0,0,0,4,8753,15
29312,0,6,2,0,0,0,0,0,0,0,0,0
29313,1,70,0,0,0,0,1,0,0,0,0,0
29314,13,59,17,0,0,0,0,0,0,0,0,0
29315,0,0,0,0,1,0,80,768,895,0,0,1
29316,11,101,5,0,0,0,0,0,0,0,0,0
29317,0,0,0,0,8,832,0,0,0,0,7,0
29318,0,0,0,0,0,0,0,0,0,14,0,11
29319,69,23,0,0,0,0,0,0,0,0,0,0
29320,14,42,57,0,0,0,0,0,0,1,0,0
29321,0,0,0,0,7,0,69,732,63,0,0,1
29322,0,0,0,2,9,30,0,0,0,0,0,0
29323,0,0,0,0,0,0,0,0,0,3,160,1
29324,25,207,19,0,0,0,0,0,0,0,0,0
29325,0,0,0,4,7,53,0,0,0,0,0,0
29326,0,0,0,9,12,80,0,0,0,0,0,0
29327,0,0,0,1,3,31,0,0,0,0,0,0
29328,0,0,0,0,0,5,0,0,0,0,0,0
29329,0,0,0,0,0,0,146,260,0,0,0,0
29330,0,0,0,0,0,3,0,0,0,43,163,2
29331,0,0,0,0,0,1,0,0,0,0,0,0
29332,0,0,0,0,16,0,76,3361,32,0,0,0
29333,10,30,48,0,0,0,0,0,0,0,0,0
29334,0,137,211,0,0,0,0,0,0,9,0,0
29335,0,0,0,0,0,361,0,0,0,0,0,0
29336,0,14,0,0,0,0,0,0,0,0,0,0
29337,72,24,3,0,0,0,0,0,0,0,0,0
29338,0,0,0,0,0,0,69,214,3,0,0,0
29339,0,0,0,0,0,0,0,0,0,2,0,0
29340,0,0,0,0,0,0,0,0,0,0,0,0
29341,0,0,0,0,0,401,0,0,0,0,0,0
29342,0,340,1,0,0,0,2,0,0,0,0,0
29343,0,0,0,0,0,7,0,0,0,0,0,0
29344,0,0,0,29,0,122,0,0,0,0,0,0
29345,0,0,0,0,0,0,233,1,1,0,0,0
29346,0,1,1,0,0,0,0,0,0,0,0,0
29347,0,0,0,0,0,2,0,0,0,16,1442,1
29348,0,0,0,0,4,0,230,2348,1,0,0,0
29349,0,0,0,0,0,0,0,0,0,1,84,10
29350,245,107,17,0,0,0,0,0,0,0,0,0
29351,0,0,0,0,0,63,0,0,0,0,0,0
29352,3,0,1,0,0,0,0,0,0,0,0,0
29353,0,0,4,0,0,18,0,0,0,40,4712,0
29354,3,8,2,0,0,0,0,0,0,0,0,0
29355,14,279,13,0,0,0,2,0,0,0,0,0
29356,31,37,7,0,0,0,0,0,0,0,0,0
29357,46,381,5,0,0,0,2,0,0,0,0,0
29358,0,0,2,0,0,273,0,0,0,403,7436,10
29359,85,82,16,2,0,0,0,0,0,0,0,0
29360,0,0,0,16,15,124,0,0,0,0,1,0
29361,0,0,0,10,4,36,0,0,0,0,0,0
29362,0,0,0,0,0,4337,0,0,0,30,30136,1
29363,0,0,0,0,0,63,0,0,0,37,1345,6
29364,0,0,1,0,0,164,0,0,0,64,2141,4
29365,27,64,5,0,0,0,1,0,0,0,0,0
29366,0,0,1,0,0,1008,0,0,0,80,5605,11
29367,0,0,0,1,0,250,0,0,7,124,6457,83
29368,231,130,15,1,0,0,0,1,0,0,0,0
29369,329,160,178,12,0,0,9,0,0,3,0,0
29370,0,0,0,0,0,560,0,0,0,15,7444,32
29371,39,808,12,0,0,0,23,0,0,0,0,0
29372,0,0,0,0,0,0,12,3,62,0,0,0
29373,16,56,14,0,0,0,0,0,0,0,0,0
29374,0,4,0,0,3,0,983,465,9,0,0,0
29375,0,0,4,0,0,2,0,0,0,225,480,1
29376,0,0,0,0,0,12,0,0,1,117,589,56
29377,62,0,46,2494,10,200,0,0,0,0,0,0
29378,0,45,21,0,0,0,0,0,0,0,0,0
29379,112,562,31,6,0,0,6,0,0,0,0,0
29380,295,200,38,2,0,0,1,0,0,0,0,0
29381,0,100,38,0,0,0,0,0,0,0,0,0
29382,47,93,42,0,0,0,0,0,0,0,0,0
29383,0,2,0,0,5,0,346,2193,112,0,0,0
29384,0,0,0,0,24,0,183,2082,0,0,0,0
29385,18,50,8,0,0,0,0,0,0,0,0,0
29386,0,0,0,3,0,16,0,0,0,474,2858,7
29387,0,45,3,0,0,0,0,0,0,0,0,0
29388,10,24,37,0,0,0,0,0,0,0,0,0
29389,73,103,23,0,0,0,0,0,0,0,0,0
29390,0,61,39,0,0,0,1,0,1,0,0,0
29391,47,217,32,0,0,0,0,0,0,0,0,0
29392,0,3,0,0,46,0,148,7021,311,0,0,1
29393,0,197,27,0,0,0,0,0,0,0,0,0
29394,125,75,25,3,0,0,4,0,0,0,0,0
29395,0,0,0,0,0,0,203,820,946,0,0,5
29396,0,30,35,0,0,0,0,0,0,1,0,0
29397,43,117,265,0,0,0,1,0,0,2,0,0
29398,0,0,0,0,10,0,195,421,3,0,0,0
29399,1,157,0,0,0,0,10446,319,2,0,0,0
29400,0,0,0,0,0,5,0,0,0,14,1000,3
29401,2,0,0,158,4,573,0,0,0,0,1,0
29402,0,0,0,1,17916,43,20,1467453,11,0,0,0
29403,55,357,44,0,0,0,2,0,0,0,0,0
29404,0,0,0,5,1,241,0,0,0,0,0,0
29405,0,0,0,0,0,0,16,0,2347,0,0,17
29406,246,50,55,0,0,0,0,0,0,0,0,0
29407,84,122,13,4,0,0,0,0,0,0,0,0
29408,7,206,26,0,0,0,0,0,0,0,0,0
29409,0,0,0,0,0,61,0,0,0,251,5723,89
29410,0,0,0,14,380,288,0,0,0,0,0,0
29411,0,0,0,0,1,1,0,0,0,4,229,65
29412,643,58,8,3,0,0,0,0,0,0,0,0
29413,31,162,29,0,0,0,3,0,0,0,0,0
29414,0,0,0,0,0,0,579,506,1,0,0,0
29415,0,0,0,0,0,0,0,0,0,41,259,2
29416,0,0,0,0,0,10,0,0,0,96,486,2
29417,0,0,0,2,24,80,0,0,0,0,0,0
29418,0,0,0,0,0,199,0,0,0,0,0,0
29419,5,56,2,0,0,0,0,0,0,0,0,0
29420,0,0,0,0,0,17,0,0,2,49,3570,793
29421,0,0,0,0,0,20,0,0,0,101,4431,6
29422,1,37,0,0,35,0,2959,7381,133,0,0,1
29423,0,0,0,0,0,0,0,0,0,3,0,1
29424,118,21,38,0,0,0,0,0,0,1,0,0
29425,0,0,0,0,0,0,0,0,0,0,0,0
29426,0,37,149,0,0,0,0,0,0,0,0,0
29427,0,38,0,0,2,0,3879,793,44,0,0,0
29428,11,98,17,0,0,0,0,0,0,0,0,0
29429,0,0,0,0,0,0,0,0,0,3,10,36
29430,47,4,4,0,0,0,0,0,0,0,0,0
29431,0,1,0,0,2,0,429,519,25,0,0,0
29432,0,13,12,0,0,0,0,0,0,0,0,0
29433,69,1053,13,0,0,0,3,0,0,0,0,0
29434,5,1,0,1,2,0,188,280,17,0,0,5
29435,1,14,22,0,0,0,0,0,0,0,0,0
29436,13,54,12,0,0,0,0,0,0,0,0,0
29437,2,139,10,0,0,0,0,0,0,0,0,0
29438,0,0,0,0,0,0,0,0,0,8,3,10
29439,2722,20,7,18,0,0,1,0,0,0,0,0
29440,0,26,0,0,9,0,1890,2812,94,0,0,0
29441,0,0,0,0,0,0,0,0,0,54,3,36
29442,171,12,13,9,0,0,0,0,0,0,0,0
29443,81,59,29,0,0,0,0,0,0,0,0,0
29444,7,77,5,0,0,0,0,0,0,0,0,0
29445,0,0,0,0,1,33,0,0,0,40,7047,5
29446,0,0,0,36,16,104,0,0,0,0,1,0
29447,0,0,0,0,0,0,50,492,21,0,0,0
29448,0,0,0,3,0,15,0,0,0,0,0,0
29449,0,0,0,0,56,0,62,5839,273,0,0,0
29450,6,10,4,0,0,0,0,0,0,0,0,0
29451,0,0,0,0,0,7,0,0,0,6,906,1
29452,0,0,0,6,19,105,0,0,0,0,1,0
29453,0,0,0,0,0,0,0,0,0,9,28,1
29454,0,0,0,0,0,1,0,0,0,0,0,0
29455,0,0,0,18,27,110,0,0,0,0,1,0
29456,0,0,0,0,0,0,0,0,0,8,264,3
29457,0,0,0,6,2,11,0,0,0,0,0,0
29458,0,0,0,1,23,122,0,0,0,0,0,0
29459,0,0,0,0,0,0,0,0,0,4,122,1
29460,0,0,0,0,0,0,0,0,0,10,1,6
29461,0,0,0,77,49,259,0,0,0,0,7,0
29462,0,0,0,0,1,0,15,233,10,0,0,0
29463,0,0,0,0,0,0,0,0,0,14,120,7
29464,0,0,0,22,5,381,0,0,0,0,2,0
29465,0,0,0,0,5,0,66,748,13,0,0,0
29466,0,0,0,0,0,33,0,0,0,3,6158,4
29467,132,98,98,1,0,0,0,0,0,0,0,0
29468,0,1,0,0,1,0,376,805,430,0,1,4
29469,40,11,49,0,0,0,0,0,0,0,0,0
29470,0,0,0,8,16,198,0,0,0,0,0,0
29471,0,0,0,10,11,184,0,0,0,0,1,0
29472,0,0,0,0,1,4,0,0,0,0,0,0
29473,0,0,0,0,0,0,699,44,42,0,0,0
29474,0,0,0,0,10,0,138,2788,74,0,0,0
29475,10,29,95,0,0,0,0,0,0,0,0,0
29476,0,0,0,6,2,94,0,0,0,0,0,0
29477,0,0,0,0,14,0,45,2672,309,0,0,0
29478,101,143,59,7,0,0,0,0,0,0,0,0
29479,0,0,0,10,72,400,0,0,0,0,0,0
29480,0,0,0,0,23,1,0,1,0,0,0,0
29481,0,0,0,0,0,0,0,0,0,0,0,0
29482,0,0,0,0,0,2,0,0,0,0,672,0
29483,0,0,0,2,64,0,0,1,0,0,0,0
29484,0,0,0,0,0,0,0,0,0,1,3,0
29485,0,0,0,0,0,1,0,0,0,6,680,4
29486,26,2,5,0,0,0,0,0,0,0,0,0
29487,30,127,5,0,0,0,0,0,0,0,0,0
29488,6,412,4,0,0,0,2,0,0,0,0,0
29489,0,0,0,0,0,0,0,0,0,29,1,3
29490,26,27,0,0,0,0,0,0,0,0,0,0
29491,3,161,11,0,0,0,0,0,0,0,0,0
29492,0,0,0,0,0,74,0,0,0,0,0,0
29493,0,0,0,0,0,2,0,0,0,0,0,0
29494,0,2,0,0,0,0,175,4,1,0,0,0
29495,0,0,0,0,0,0,0,0,0,2,2,0
29496,23,61,0,0,0,0,0,0,0,0,0,0
29497,2,105,0,0,0,0,0,0,0,0,0,0
29498,0,0,0,0,0,0,0,0,0,95,3,49
29499,428,524,0,5,0,0,2,2,0,0,0,0
29500,95,815,90,0,0,0,2,0,0,40,0,0
29501,0,0,0,2,379,0,0,0,0,0,0,0
29502,0,0,0,0,0,0,0,0,0,0,61,0
29503,0,0,1,0,0,2,0,0,0,18,668,92
29504,52,0,18,0,0,0,0,0,0,1,0,0
29505,0,0,0,0,0,1,0,0,0,0,0,0
29506,0,0,0,0,0,0,10,403,1,0,0,0
29507,12,75,173,0,0,0,0,0,0,4,0,0
29508,0,0,0,0,4,0,355,619,6,0,0,0
29509,0,0,0,0,0,1505,0,0,0,21,93065,13
29510,26,158,368,0,0,0,0,0,0,79,0,0
29511,0,0,0,0,14,0,109,3210,59,0,0,0
29512,0,0,0,32,1078,116,0,2,0,0,0,0
29513,0,0,0,0,19,0,153,2011,9,0,0,0
29514,0,0,0,0,0,3,0,0,0,17,597,5
29515,1,0,0,145,17,228,0,0,0,0,2,0
29516,0,1,0,0,0,0,113,1,39,0,0,0
29517,10,254,18,0,0,0,4,0,0,0,0,0
29518,0,0,0,0,0,18,0,0,5,56,2582,49
29519,0,0,0,26,46,42,0,1,0,0,0,0
29520,0,0,0,0,0,1,0,0,0,1,1379,5
29521,558,378,15,9,0,0,3,0,0,2,0,0
29522,8,44,3,0,0,0,0,0,0,0,0,0
29523,0,0,0,0,0,2,0,0,0,24,1552,4
29524,1,0,0,85,113,3757,0,0,0,0,18,0
29525,0,0,0,0,0,0,0,0,0,13,115,17
29526,299,141,31,0,0,0,0,0,0,0,0,0
29527,0,2,0,0,33,0,314,4794,53,0,0,0
29528,0,1,0,0,1,0,119,352,6,0,0,0
29529,0,0,0,0,0,0,0,0,0,1,21,0
29530,0,0,1,0,0,16,0,0,0,291,1769,12
29531,0,0,0,0,0,0,0,0,0,0,0,0
29532,0,54,0,0,0,0,0,0,0,0,0,0
29533,1,103,0,0,0,0,2,0,0,0,0,0
29534,8,83,15,0,0,0,0,0,0,0,0,0
29535,0,0,2,0,0,17,0,0,1,324,3247,57
29536,0,0,0,27,22,110,0,0,0,0,0,0
29537,0,0,0,0,0,3,0,0,0,10,1877,2
29538,269,122,46,0,0,0,0,0,0,0,0,0
29539,0,0,0,19,36,1058,0,3,0,0,7,0
29540,0,9,0,0,3,0,1453,506,11,0,0,0
29541,0,0,0,0,0,62,0,0,0,41,5546,15
29542,232,204,23,1,0,0,0,0,0,0,0,0
29543,0,2,0,0,223,1,275,11455,1432,0,1,5
29544,69,54,16,0,0,0,0,0,0,0,0,0
29545,0,0,0,0,0,10,0,0,0,410,2965,2
29546,0,0,1,0,0,11,0,0,0,320,2594,32
29547,31,194,16,0,0,0,56,0,0,0,0,0
29548,0,0,0,0,0,1,0,0,0,10,532,5
29549,30,155,11,0,0,0,0,0,0,0,0,0
29550,0,0,0,0,0,12,0,0,0,10,716,5
29551,79,88,58,0,0,0,0,0,0,1,0,0
29552,11,306,19,0,0,0,2,0,0,0,0,0
29553,0,0,0,0,0,0,0,0,0,0,0,0
29554,0,0,0,0,288,0,288,14831,50,0,0,2
29555,0,0,0,0,0,121,0,0,0,28,7882,3
29556,77,160,12,0,0,0,0,0,0,0,0,0
29557,0,0,0,0,45,1,51,7504,52,0,0,0
29558,170,319,130,0,0,0,3,24,0,1,0,0
29559,0,0,0,49,2,141,0,0,0,0,0,0
29560,0,0,0,0,0,0,271,383,3,0,0,0
29561,0,0,0,0,0,0,5,3,0,0,0,0
29562,0,2,0,0,2,0,143,53,3,0,0,0
29563,0,0,0,0,0,0,0,0,0,4,121,0
29564,0,0,0,3,1,376,0,0,0,0,0,0
29565,1,481,11,0,0,0,1,0,0,0,0,0
29566,2,0,0,30,12,517,0,0,0,0,0,0
29567,3,2510,82,0,0,0,8,0,0,0,0,0
29568,0,0,0,2,1,380,0,0,0,0,0,0
29569,8,62,0,0,0,0,0,0,0,0,0,0
29570,17,57,35,0,0,0,0,0,0,0,0,0
29571,60,68,2,0,0,0,0,0,0,0,0,0
29572,0,0,0,0,0,7,0,0,0,23,708,3
29573,0,0,0,0,0,0,259,111,5,0,0,0
29574,0,0,0,0,7,47,0,0,0,0,1,0
29575,0,0,0,82,23,57,0,0,0,0,0,0
29576,0,0,0,9,15,31,0,0,0,0,0,0
29577,0,0,0,5,23,40,0,0,0,0,0,0
29578,0,0,1,0,0,0,0,0,0,104,407,1
29579,0,3,0,0,26,0,205,1296,6,0,0,0
29580,0,0,0,0,0,18,0,0,0,95,4379,11
29581,0,0,0,4,10,209,0,1,0,0,81,0
29582,0,0,0,9,15,213,0,0,0,0,3,0
29583,0,0,0,2,12,193,0,0,0,0,0,0
29584,0,0,0,3,28,114,0,1,0,0,0,0
29585,0,0,0,0,0,10,0,0,0,30,4771,18
29586,0,0,0,0,0,21,0,0,1,18,2810,16
29587,0,3,0,0,0,0,1287,295,4,0,0,0
29588,0,0,0,0,4,134,0,0,0,0,0,0
29589,1,0,0,73,2,324,0,0,0,0,0,0
29590,0,0,0,69,1,26,0,0,0,0,0,0
29591,1,155,1,0,0,0,0,0,0,0,0,0
29592,0,0,0,0,0,6,0,0,0,12,1243,1
29593,0,0,0,0,122,0,142,9639,5,0,0,0
29594,0,0,0,0,0,0,0,0,0,0,0,0
29595,0,0,0,1,7,174,0,0,0,0,0,0
29596,20,377,5,0,0,0,0,0,0,0,0,0
29597,0,0,0,0,0,123,0,0,0,0,0,0
29598,18,158,1,0,0,0,1,0,0,0,0,0
29599,0,0,0,0,1,104,0,0,0,0,0,0
29600,10,290,1,0,0,0,2,0,0,0,0,0
29601,0,0,0,0,1,0,0,13,0,0,0,0
29602,0,0,0,1,0,42,0,0,0,0,0,0
29603,0,0,0,0,0,0,0,0,0,0,11,0
29604,0,0,0,0,2,5461,0,0,0,0,2,0
29605,3,4,0,0,0,0,0,0,0,0,0,0
29606,0,0,0,0,0,8,0,0,0,4,346,1
29607,0,0,0,1,1,114,0,0,0,0,0,0
29608,0,0,0,0,0,0,0,0,0,2,118,0
29609,0,0,0,1,1,92,0,0,0,0,1,0
29610,0,0,0,0,0,21,0,0,0,0,0,0
29611,0,0,0,0,0,0,36,44,0,0,0,0
29612,0,0,0,0,1,58,0,0,0,0,0,0
29613,0,0,0,0,0,0,15,39,4,0,0,0
29614,0,0,0,0,0,214,0,0,0,4,12420,4
29615,63,61,12,0,0,0,0,0,0,0,0,0
29616,0,0,0,0,0,0,41,719,336,0,0,0
29617,22,266,100,0,0,0,0,0,0,0,0,0
29618,21,182,9,0,0,0,1,0,0,0,0,0
29619,0,0,0,114,1,40,0,0,0,0,0,0
29620,0,0,0,0,0,0,7,370,160,0,0,0
29621,94,140,13,2,0,0,0,0,0,0,0,0
29622,53,363,44,0,0,0,0,0,0,0,0,0
29623,0,0,0,24,18,345,0,0,0,0,0,0
29624,0,0,0,22,3,2567,0,0,0,0,21,0
29625,0,0,0,0,0,71,0,0,0,2,3139,0
29626,0,0,0,0,19,58,0,0,0,0,0,0
29627,0,0,0,0,0,14,0,0,0,46,3929,76
29628,0,4,0,0,12,0,895,2070,230,0,6,1
29629,0,0,0,0,1,46,0,0,0,0,0,0
29630,27,339,2,0,0,0,2,0,0,0,0,0
29631,2,104,9,0,0,0,2,0,0,0,0,0
29632,0,0,0,0,0,33,0,0,0,72,59431,1
29633,0,0,0,2,11,158,0,0,0,0,0,0
29634,6,58,0,0,0,0,0,0,0,0,0,0
29635,0,0,0,0,0,3,0,0,0,15,2108,9
29636,54,88,1,0,0,0,0,0,0,0,0,0
29637,0,0,0,32,5,424,0,0,0,0,1,0
29638,14,44,4,0,0,0,0,0,0,0,0,0
29639,0,0,0,0,2,0,29,518,59,0,0,0
29640,0,0,0,0,0,8,0,0,0,5,2991,8
29641,35,77,1,0,0,0,2,0,0,0,0,0
29642,0,0,0,0,0,13,0,0,0,0,4997,4
29643,109,84,7,0,0,0,0,0,0,0,0,0
29644,21,121,55,0,0,0,0,0,0,0,0,0
29645,0,0,0,0,260,1,206,50071,215,0,0,0
29646,0,0,0,0,2,48,0,0,0,0,0,0
29647,17,226,1,0,0,0,1,0,0,0,0,0
29648,0,0,0,0,73,0,109,6619,137,0,0,0
29649,34,230,14,0,0,0,0,0,0,0,0,0
29650,0,0,0,0,2,131,0,0,0,0,0,0
29651,0,2,0,0,1,0,238,141,8,0,0,0
29652,0,0,0,0,0,20,0,0,0,0,0,0
29653,16,100,2,0,0,0,0,0,0,0,0,0
29654,0,0,0,0,0,0,195,243,6,0,0,0
29655,1,0,0,22,6,271,0,0,0,0,2,0
29656,0,0,0,4,16,84,0,0,0,0,0,0
29657,173,300,6,0,0,0,0,0,0,0,0,0
29658,20,18,39,0,0,0,1,0,0,0,0,0
29659,0,0,0,0,0,22,0,0,0,125,2199,32
29660,8,0,0,400,11,71,0,0,0,0,0,0
29661,0,0,0,9,14,238,0,0,0,0,1,0
29662,0,0,0,7,2,73,0,0,0,0,1,0
29663,55,57,3,0,0,0,1,0,0,0,0,0
29664,14,108,9,0,0,0,3,0,0,0,0,0
29665,0,0,0,6,48,259,0,0,0,0,4,0
29666,0,0,0,0,0,35,0,0,0,143,5718,9
29667,0,0,0,11,90,161,0,0,0,0,1,0
29668,0,0,0,0,0,5,0,0,0,5,1061,2
29669,21,261,4,0,0,0,3,0,0,0,0,0
29670,0,0,0,0,0,23,0,0,0,4,3717,1
29671,40,149,9,0,0,0,2,0,0,0,0,0
29672,0,0,0,2,3,145,0,0,0,0,3,0
29673,42,63,1,2,0,0,1,0,0,0,0,0
29674,0,0,0,0,1,0,236,200,7,0,0,0
29675,0,0,0,0,0,10,0,0,0,21,1555,4
29676,101,60,4,3,0,0,0,0,0,0,0,0
29677,13,64,26,0,0,0,0,0,0,0,0,0
29678,0,0,0,13,9,223,0,0,0,0,2,0
29679,0,0,0,0,0,31,0,0,0,36,4161,9
29680,0,0,0,6,33,264,0,8,0,0,2,0
29681,0,0,0,15,51,148,0,1,0,0,1,0
29682,0,0,0,19,0,118,0,0,0,0,2,0
29683,172,29,1,0,0,0,0,0,0,0,0,0
29684,51,134,19,2,0,0,0,0,0,0,0,0
29685,0,0,0,53,554,781,0,14,0,0,3,0
29686,0,0,0,0,0,43,0,0,6,31,4822,636
29687,43,257,54,0,0,0,2,0,0,0,0,0
29688,0,0,0,0,59,0,72,5105,1145,0,3,8
29689,0,0,0,2,4,59,0,0,0,0,0,0
29690,0,2,0,0,40,0,265,4924,250,0,2,9
29691,0,0,0,8,6,84,0,0,0,0,0,0
29692,0,0,0,0,18,0,184,2498,180,0,0,2
29693,0,0,0,2,4,172,0,0,0,0,1,0
29694,67,198,9,7,0,0,1,0,0,0,0,0
29695,7,28,4,0,0,0,0,0,0,0,0,0
29696,0,0,0,0,0,7,0,0,0,48,2120,4
29697,39,151,7,0,0,0,2,0,0,0,0,0
29698,0,0,0,19,126,242,0,0,0,0,0,0
29699,0,0,0,29,0,37,0,0,0,0,0,0
29700,42,124544,9,0,0,0,3595,18,1,0,0,0
29701,0,1,0,0,14,0,385,1325,7,0,0,0
29702,0,25,0,0,1,0,1688,542,0,0,0,0
29703,0,0,0,0,9,0,115,833,2,0,0,0
29704,21,54,8,0,0,0,0,0,0,0,0,0
29705,0,0,0,0,7,0,20,2224,50,0,0,0
29706,0,65,0,0,417,0,926,10603,584,0,0,6
29707,2,133,56,0,0,0,5,0,0,0,0,0
29708,0,0,0,3,0,73,0,0,0,110,3977,32
29709,1,0,0,26,36,91,0,0,0,0,0,0
29710,2,0,0,239,79,3244,0,0,0,0,36,0
29711,0,19,0,0,27,0,843,4429,271,0,0,5
29712,79,177,142,1,0,0,0,0,0,2,0,0
29713,31,70,18,0,0,0,1,0,0,0,0,0
29714,76,9,83,2,0,0,0,0,0,0,0,0
29715,0,0,0,0,22,0,236,2111,55,0,0,0
29716,42,149,67,0,0,0,0,0,0,0,0,0
29717,0,4,0,0,4,0,1621,353,9,0,0,0
29718,0,0,1,0,0,3,0,0,0,481,826,2
29719,0,0,2,0,0,37,0,0,0,339,3566,15
29720,76,84,5,0,0,0,1,0,0,0,0,0
29721,0,0,1,0,0,29,0,0,0,76,2328,15
29722,0,0,1,0,0,22,0,0,0,72,2525,17
29723,194,92,389,2,0,0,0,0,0,0,0,0
29724,0,0,0,1,0,5,0,0,0,119,1630,7
29725,213,273,26,1,0,0,3,0,0,0,0,0
29726,0,0,0,43,25,465,0,0,0,0,0,0
29727,0,0,0,13,27,154,0,0,0,0,2,0
29728,1,0,0,540,336,184,0,32,0,0,2,0
29729,2,0,0,87,107,227,0,1,0,0,2,0
29730,0,0,0,0,0,10,0,0,1,179,1401,262
29731,113,228,11,3,0,0,0,0,0,0,0,0
29732,0,0,0,0,0,8,0,0,0,95,846,56
29733,0,0,1,0,0,84,0,0,1,487,7917,24
29734,1,6,0,0,83,0,1492,5014,7027,0,63,118
29735,211,677,1059,1,0,0,7,0,0,155,0,0
29736,0,25,0,1,51,0,1081,4557,8246,0,12,17
29737,0,10,0,0,71,0,1136,6113,271,0,0,0
29738,0,0,384,0,0,169,0,0,0,10569,11314,67
29739,0,0,2,0,0,13,0,0,0,227,1784,38
29740,189,311,30,0,0,0,2,0,0,0,0,0
29741,2,0,1,0,0,40,0,0,4,491,1506,53
29742,0,68,0,94,15140,189,1619,1452233,134,0,0,1
29743,3,0,0,0,0,10,0,0,0,244,3621,19
29744,0,18,0,0,5,0,3334,1514,35,0,0,1
29745,0,4,0,0,7,0,401,1808,83,0,0,0
29746,78,94,182,0,0,0,1,0,0,0,0,0
29747,0,16,0,0,77,0,813,8632,144,0,0,6
29748,2,0,0,36,45,1143,0,10,0,0,17,0
29749,46,118,5,0,0,0,0,0,0,0,0,0
29750,0,0,2,0,0,239,0,0,2,85,12677,208
29751,0,3,0,0,42,3,887,5507,2530,0,1,21
29752,200,550,20,0,0,0,3,0,0,0,0,0
29753,0,0,0,18,271,942,0,1,0,0,3,0
29754,0,0,0,0,0,70,0,0,0,127,3713,113
29755,0,0,0,0,4,0,226,1182,237,0,0,1
29756,101,349,111,8,0,0,2,0,0,0,0,0
29757,0,0,0,0,11,0,180,951,6,0,0,0
29758,4,0,0,35,27,44,0,1,0,0,0,0
29759,0,0,0,0,5,0,319,1176,18,0,0,0
29760,0,0,0,169,103,978,0,0,0,0,4,0
29761,36,161,29,1,0,0,5,0,0,0,0,0
29762,0,0,1,0,0,22,0,0,0,48,2306,74
29763,56,274,20,0,0,0,2,0,0,0,0,0
29764,2,231,0,0,28,0,10706,2195,80,0,0,3
29765,1,0,0,65,26,201,0,0,0,0,2,0
29766,0,0,0,0,8,0,449,828,70,0,0,2
29767,91,238,211,1,0,0,0,0,0,1,0,0
29768,14,148,22,0,0,0,8,0,0,0,0,0
29769,0,0,7,0,0,155,0,0,0,1222,7327,13
29770,718,204,359,28,0,53,2,0,0,6,2,0
29771,915,2472,306,6,2,692,7,1,0,31,143,5
29772,0,0,1,76,45,1568,0,0,0,2,151,2
29773,66,1,115,0,34,2,273,2198,1057,333,16,9
29774,0,0,7,0,0,89,0,0,3,215,10875,278
29775,3,6,6,389,97,1300,6,3,50,73,5,232
29776,214,1119,559,5,0,0,34,0,474,25,2,65
29777,0,11,2,0,23,0,731,2412,376,37,3,12
29778,3,25,7,0,5,0,801,1561,129,1,0,1
29779,0,2,0,0,360,0,378,10737,243,1,0,7
29780,81,1229,94,0,0,0,57,8,21,1,0,0
29781,0,3,0,0,93,0,510,6353,475,4,0,5
29782,184,1312,791,3,0,0,29,4,14,19,0,0
29783,0,0,0,0,0,0,0,0,0,0,0,0
29784,0,0,0,0,0,26,0,0,0,65,2362,22
29785,1,0,0,653,29,263,0,0,0,0,0,0
29786,0,8,7,0,0,0,864,115,189,3,0,0
29787,0,0,0,0,0,1,0,0,0,29,69,9
29788,0,0,0,0,0,3,0,0,0,16,121,6
29789,0,0,0,180,24,956,0,0,0,64,3,3
29790,29,111,162,0,0,0,0,0,0,0,0,0
29791,0,0,0,38,775,922,0,1,111,1,3,1
29792,28,233,31,0,0,0,1,0,0,0,0,0
29793,5,0,0,443,31,1125,0,0,0,0,5,0
29794,0,0,0,0,0,0,45,48,64,0,0,0
29795,1,4,1,0,0,0,819,26,18,0,0,0
29796,9,22,784,0,0,0,0,0,0,2,0,0
29797,17,921,41,0,0,0,1,0,2,0,0,0
29798,0,10,3,0,2,0,921,171,41,0,0,0
29799,10,214,940,0,0,0,2,0,0,8,0,2
29800,0,15,0,0,2,0,640,180,109,1,0,0
29801,0,0,0,0,0,4,0,0,0,47,352,3
29802,0,0,0,0,0,3,0,0,0,21,412,0
29803,0,0,2,0,0,3,0,0,0,330,417,9
29804,0,0,0,0,0,0,0,0,0,0,0,0
29805,0,0,0,0,0,0,0,0,0,0,0,0
29806,0,0,0,0,0,0,0,0,0,0,0,0
29807,0,0,0,0,0,0,0,0,0,0,0,0
29808,0,0,0,0,0,0,0,0,0,0,0,0
29809,0,0,0,0,0,0,0,0,0,0,0,0
29810,0,0,0,0,0,0,0,0,0,0,0,0
29811,0,0,0,0,0,0,0,0,0,0,0,0
29812,0,0,0,0,0,0,0,0,0,0,0,0
29813,0,0,0,0,0,0,0,0,0,0,0,0
29814,0,0,0,0,0,0,0,0,0,0,0,0
29815,0,0,0,0,0,0,0,0,0,0,0,0
29816,0,0,0,0,0,0,0,0,0,0,0,0
29817,0,0,0,0,0,0,0,0,0,0,0,0
29818,0,0,0,0,0,0,0,0,0,0,0,0
29819,0,0,0,0,0,0,0,0,0,0,0,0
29820,0,0,0,0,0,0,0,0,0,0,0,0
29821,0,0,0,0,0,0,0,0,0,0,0,0
29822,0,0,0,0,0,0,0,0,0,0,0,0
29823,0,0,0,0,0,0,0,0,0,0,0,0
29824,0,0,0,0,0,0,0,0,0,0,0,0
29825,0,0,0,0,0,0,0,0,0,0,0,0
29826,0,0,0,0,0,0,0,0,0,0,0,0
29827,0,0,0,0,0,0,0,0,0,0,0,0
29828,0,0,0,0,0,0,0,0,0,0,0,0
29829,0,0,0,0,0,0,0,0,0,0,0,0
29830,0,0,0,0,0,0,0,0,0,0,0,0
29831,0,0,0,0,0,0,0,0,0,0,0,0
29832,0,0,0,0,0,0,0,0,0,0,0,0
29833,0,0,0,0,0,0,0,0,0,0,0,0
29834,0,0,0,0,0,0,0,0,0,0,0,0
29835,0,0,0,0,0,0,0,0,0,0,0,0
29836,0,0,0,0,0,0,0,0,0,0,0,0
29837,0,0,0,0,0,0,0,0,0,0,0,0
29838,0,0,0,0,0,0,0,0,0,0,0,0
29839,0,0,0,0,0,0,0,0,0,0,0,0
29840,0,0,0,0,0,0,0,0,0,0,0,0
29841,0,0,0,0,0,0,0,0,0,0,0,0
29842,0,0,0,0,0,0,0,0,0,0,0,0
29843,0,0,0,0,0,0,0,0,0,0,0,0
29844,0,0,0,0,0,0,0,0,0,0,0,0
29845,0,0,0,0,0,0,0,0,0,0,0,0
29846,0,0,0,0,0,0,0,0,0,0,0,0
29847,0,0,0,0,0,0,0,0,0,0,0,0
29848,0,0,0,0,0,0,0,0,0,0,0,0
29849,0,0,0,0,0,0,0,0,0,0,0,0
29850,0,0,0,0,0,0,0,0,0,0,0,0
29851,0,0,0,0,0,0,0,0,0,0,0,0
29852,0,0,0,0,0,0,0,0,0,0,0,0
29853,0,0,0,0,0,0,0,0,0,0,0,0
29854,0,0,0,0,0,0,0,0,0,0,0,0
29855,0,0,0,0,0,0,0,0,0,0,0,0
29856,0,0,0,0,0,0,0,0,0,0,0,0
29857,0,0,0,0,0,0,0,0,0,0,0,0
29858,0,0,0,0,0,0,0,0,0,0,0,0
29859,0,0,0,0,0,0,0,0,0,0,0,0
29860,0,0,0,0,0,0,0,0,0,0,0,0
29861,0,0,0,0,0,0,0,0,0,0,0,0
29862,0,0,0,0,0,0,0,0,0,0,0,0
29863,0,0,0,0,0,0,0,0,0,0,0,0
29864,0,0,0,0,0,0,0,0,0,0,0,0
29865,0,0,0,0,0,0,0,0,0,0,0,0
29866,0,0,0,0,0,0,0,0,0,0,0,0
29867,0,0,0,0,0,0,0,0,0,0,0,0
29868,0,0,0,0,0,0,0,0,0,0,0,0
29869,0,0,0,0,0,0,0,0,0,0,0,0
29870,0,0,0,0,0,0,0,0,0,0,0,0
29871,0,0,0,0,0,0,0,0,0,0,0,0
29872,0,0,0,0,0,0,0,0,0,0,0,0
29873,0,0,0,0,0,0,0,0,0,0,0,0
29874,0,0,0,0,0,0,0,0,0,0,0,0
29875,0,0,0,0,0,0,0,0,0,0,0,0
29876,0,0,0,0,0,0,0,0,0,0,0,0
29877,0,0,0,0,0,0,0,0,0,0,0,0
29878,0,0,0,0,0,0,0,0,0,0,0,0
29879,0,0,0,0,0,0,0,0,0,0,0,0
29880,0,0,0,0,0,0,0,0,0,0,0,0
29881,0,0,0,0,0,0,0,0,0,0,0,0
29882,0,0,0,0,0,0,0,0,0,0,0,0
29883,0,0,0,0,0,0,0,0,0,0,0,0
29884,0,0,0,0,0,0,0,0,0,0,0,0
29885,0,0,0,0,0,0,0,0,0,0,0,0
29886,0,0,0,0,0,0,0,0,0,0,0,0
29887,0,0,0,0,0,0,0,0,0,0,0,0
29888,0,0,0,0,0,0,0,0,0,0,0,0
29889,0,0,0,0,0,0,0,0,0,0,0,0
29890,0,0,0,0,0,0,0,0,0,0,0,0
29891,0,0,0,0,0,0,0,0,0,0,0,0
29892,0,0,0,0,0,0,0,0,0,0,0,0
29893,0,0,0,0,0,0,0,0,0,0,0,0
29894,0,0,0,0,0,0,0,0,0,0,0,0
29895,0,0,0,0,0,0,0,0,0,0,0,0
29896,0,0,0,0,0,0,0,0,0,0,0,0
29897,0,0,0,0,0,0,0,0,0,0,0,0
29898,0,0,0,0,0,0,0,0,0,0,0,0
29899,0,0,0,0,0,0,0,0,0,0,0,0
29900,0,0,0,0,0,0,0,0,0,0,0,0
29901,0,0,0,0,0,0,0,0,0,0,0,0
29902,0,0,0,0,0,0,0,0,0,0,0,0
29903,0,0,0,0,0,0,0,0,0,0,0,0
